image,width_multiple,min_size,dice,cldice,betti0_err,betti1_err
test_071.png,0.0,0,0.75334,0.94333,5,18
test_071.png,0.21,8,0.75337,0.94357,2,18
test_071.png,0.52,19,0.7535,0.94406,0,18
test_071.png,1.04,37,0.7535,0.94406,0,18
test_071.png,2.08,75,0.7535,0.94406,0,18
test_071.png,5.21,188,0.7535,0.94406,0,18
test_071.png,10.42,375,0.7535,0.94406,0,18
test_072.png,0.0,0,0.87861,0.94929,15,17
test_072.png,0.21,8,0.87872,0.95026,7,17
test_072.png,0.52,19,0.87882,0.95064,5,17
test_072.png,1.04,37,0.87882,0.95064,5,17
test_072.png,2.08,75,0.87968,0.95297,1,17
test_072.png,5.21,188,0.88016,0.9539,0,17
test_072.png,10.42,375,0.88016,0.9539,0,17
test_073.png,0.0,0,0.90849,0.97133,3,27
test_073.png,0.21,8,0.9085,0.9714,0,27
test_073.png,0.52,19,0.90855,0.97154,1,27
test_073.png,1.04,37,0.90855,0.97154,1,27
test_073.png,2.08,75,0.90855,0.97154,1,27
test_073.png,5.21,188,0.90855,0.97154,1,27
test_073.png,10.42,375,0.90855,0.97154,1,27
test_074.png,0.0,0,0.96823,0.99624,0,2
test_074.png,0.21,8,0.96823,0.99624,0,2
test_074.png,0.52,19,0.96823,0.99624,0,2
test_074.png,1.04,37,0.96823,0.99624,0,2
test_074.png,2.08,75,0.96823,0.99624,0,2
test_074.png,5.21,188,0.96823,0.99624,0,2
test_074.png,10.42,375,0.96823,0.99624,0,2
test_075.png,0.0,0,0.88628,0.9872,3,2
test_075.png,0.21,8,0.88629,0.98725,2,2
test_075.png,0.52,19,0.88642,0.98796,0,2
test_075.png,1.04,37,0.88642,0.98796,0,2
test_075.png,2.08,75,0.88642,0.98796,0,2
test_075.png,5.21,188,0.88642,0.98796,0,2
test_075.png,10.42,375,0.88642,0.98796,0,2
test_076.png,0.0,0,0.92234,0.99648,1,0
test_076.png,0.21,8,0.92235,0.9965,0,0
test_076.png,0.52,19,0.92235,0.9965,0,0
test_076.png,1.04,37,0.92235,0.9965,0,0
test_076.png,2.08,75,0.92235,0.9965,0,0
test_076.png,5.21,188,0.92235,0.9965,0,0
test_076.png,10.42,375,0.92235,0.9965,0,0
test_077.png,0.0,0,0.89977,0.99866,0,1
test_077.png,0.21,8,0.89977,0.99866,0,1
test_077.png,0.52,19,0.89977,0.99866,0,1
test_077.png,1.04,37,0.89977,0.99866,0,1
test_077.png,2.08,75,0.89977,0.99866,0,1
test_077.png,5.21,188,0.89977,0.99866,0,1
test_077.png,10.42,375,0.89977,0.99866,0,1
test_078.png,0.0,0,0.72613,0.94805,5,4
test_078.png,0.21,8,0.72615,0.94818,2,4
test_078.png,0.52,19,0.7262,0.94835,1,4
test_078.png,1.04,37,0.72633,0.94897,0,4
test_078.png,2.08,75,0.72633,0.94897,0,4
test_078.png,5.21,188,0.72633,0.94897,0,4
test_078.png,10.42,375,0.72633,0.94897,0,4
test_079.png,0.0,0,0.90169,0.98212,3,343
test_079.png,0.21,8,0.9017,0.9823,2,343
test_079.png,0.52,19,0.9017,0.9823,2,343
test_079.png,1.04,37,0.90183,0.98265,1,343
test_079.png,2.08,75,0.9022,0.98475,0,343
test_079.png,5.21,188,0.9022,0.98475,0,343
test_079.png,10.42,375,0.9022,0.98475,0,343
test_080.png,0.0,0,0.81655,0.98642,7,1
test_080.png,0.21,8,0.81661,0.98677,4,1
test_080.png,0.52,19,0.8167,0.98694,3,1
test_080.png,1.04,37,0.81686,0.98721,2,1
test_080.png,2.08,75,0.8172,0.98765,1,1
test_080.png,5.21,188,0.8172,0.98765,1,1
test_080.png,10.42,375,0.81869,0.9891,0,1
test_081.png,0.0,0,0.78317,0.96165,2,6
test_081.png,0.21,8,0.78317,0.96165,2,6
test_081.png,0.52,19,0.78322,0.9618,1,6
test_081.png,1.04,37,0.78332,0.9623,0,6
test_081.png,2.08,75,0.78332,0.9623,0,6
test_081.png,5.21,188,0.78332,0.9623,0,6
test_081.png,10.42,375,0.78332,0.9623,0,6
test_082.png,0.0,0,0.77509,0.94826,8,18
test_082.png,0.21,8,0.7751,0.94838,0,18
test_082.png,0.52,19,0.7751,0.94838,0,18
test_082.png,1.04,37,0.7751,0.94838,0,18
test_082.png,2.08,75,0.7751,0.94838,0,18
test_082.png,5.21,188,0.7751,0.94838,0,18
test_082.png,10.42,375,0.7751,0.94838,0,18
test_083.png,0.0,0,0.89077,0.989,1,29
test_083.png,0.21,8,0.89076,0.98889,0,29
test_083.png,0.52,19,0.89076,0.98889,0,29
test_083.png,1.04,37,0.89076,0.98889,0,29
test_083.png,2.08,75,0.89076,0.98889,0,29
test_083.png,5.21,188,0.89076,0.98889,0,29
test_083.png,10.42,375,0.89076,0.98889,0,29
test_084.png,0.0,0,0.95624,0.99658,2,0
test_084.png,0.21,8,0.95625,0.99663,1,0
test_084.png,0.52,19,0.95625,0.99663,1,0
test_084.png,1.04,37,0.95641,0.99783,0,0
test_084.png,2.08,75,0.95641,0.99783,0,0
test_084.png,5.21,188,0.95641,0.99783,0,0
test_084.png,10.42,375,0.95641,0.99783,0,0
test_085.png,0.0,0,0.88615,0.996,2,3
test_085.png,0.21,8,0.88619,0.99635,0,3
test_085.png,0.52,19,0.88619,0.99635,0,3
test_085.png,1.04,37,0.88619,0.99635,0,3
test_085.png,2.08,75,0.88619,0.99635,0,3
test_085.png,5.21,188,0.88619,0.99635,0,3
test_085.png,10.42,375,0.88619,0.99635,0,3
test_086.png,0.0,0,0.8787,0.97849,0,10
test_086.png,0.21,8,0.8787,0.97849,0,10
test_086.png,0.52,19,0.8787,0.97849,0,10
test_086.png,1.04,37,0.8787,0.97849,0,10
test_086.png,2.08,75,0.8787,0.97849,0,10
test_086.png,5.21,188,0.8787,0.97849,0,10
test_086.png,10.42,375,0.8787,0.97849,0,10
test_087.png,0.0,0,0.778,0.94283,11,18
test_087.png,0.21,8,0.77807,0.94335,4,18
test_087.png,0.52,19,0.7781,0.94348,3,18
test_087.png,1.04,37,0.7782,0.94361,2,18
test_087.png,2.08,75,0.77853,0.94405,0,18
test_087.png,5.21,188,0.77853,0.94405,0,18
test_087.png,10.42,375,0.77853,0.94405,0,18
test_088.png,0.0,0,0.86132,0.98377,5,225
test_088.png,0.21,8,0.86139,0.98464,2,225
test_088.png,0.52,19,0.86145,0.98536,1,225
test_088.png,1.04,37,0.86145,0.98536,1,225
test_088.png,2.08,75,0.86178,0.98696,0,225
test_088.png,5.21,188,0.86178,0.98696,0,225
test_088.png,10.42,375,0.86178,0.98696,0,225
test_089.png,0.0,0,0.80955,0.98489,2,3
test_089.png,0.21,8,0.80958,0.98516,1,3
test_089.png,0.52,19,0.80969,0.98564,0,3
test_089.png,1.04,37,0.80969,0.98564,0,3
test_089.png,2.08,75,0.80969,0.98564,0,3
test_089.png,5.21,188,0.80969,0.98564,0,3
test_089.png,10.42,375,0.80789,0.97921,1,3
test_090.png,0.0,0,0.78817,0.95962,4,1
test_090.png,0.21,8,0.78822,0.96006,1,1
test_090.png,0.52,19,0.78822,0.96006,1,1
test_090.png,1.04,37,0.78834,0.96016,0,1
test_090.png,2.08,75,0.78834,0.96016,0,1
test_090.png,5.21,188,0.78834,0.96016,0,1
test_090.png,10.42,375,0.78834,0.96016,0,1
test_091.png,0.0,0,0.82878,0.9612,13,22
test_091.png,0.21,8,0.82887,0.96189,7,22
test_091.png,0.52,19,0.82896,0.96241,5,22
test_091.png,1.04,37,0.82939,0.96341,1,22
test_091.png,2.08,75,0.82939,0.96341,1,22
test_091.png,5.21,188,0.82976,0.96431,0,22
test_091.png,10.42,375,0.82976,0.96431,0,22
test_092.png,0.0,0,0.90962,0.99341,0,19
test_092.png,0.21,8,0.90962,0.99341,0,19
test_092.png,0.52,19,0.90962,0.99341,0,19
test_092.png,1.04,37,0.90962,0.99341,0,19
test_092.png,2.08,75,0.90962,0.99341,0,19
test_092.png,5.21,188,0.90962,0.99341,0,19
test_092.png,10.42,375,0.90962,0.99341,0,19
test_093.png,0.0,0,0.95018,0.9823,5,11
test_093.png,0.21,8,0.95029,0.98303,0,11
test_093.png,0.52,19,0.95029,0.98303,0,11
test_093.png,1.04,37,0.95029,0.98303,0,11
test_093.png,2.08,75,0.95029,0.98303,0,11
test_093.png,5.21,188,0.95029,0.98303,0,11
test_093.png,10.42,375,0.95029,0.98303,0,11
test_094.png,0.0,0,0.89514,0.99724,1,2
test_094.png,0.21,8,0.89515,0.99736,0,2
test_094.png,0.52,19,0.89515,0.99736,0,2
test_094.png,1.04,37,0.89515,0.99736,0,2
test_094.png,2.08,75,0.89515,0.99736,0,2
test_094.png,5.21,188,0.89515,0.99736,0,2
test_094.png,10.42,375,0.89515,0.99736,0,2
test_095.png,0.0,0,0.94361,0.9974,0,2
test_095.png,0.21,8,0.94361,0.9974,0,2
test_095.png,0.52,19,0.94361,0.9974,0,2
test_095.png,1.04,37,0.94361,0.9974,0,2
test_095.png,2.08,75,0.94361,0.9974,0,2
test_095.png,5.21,188,0.94361,0.9974,0,2
test_095.png,10.42,375,0.94361,0.9974,0,2
test_096.png,0.0,0,0.8939,0.99522,2,1
test_096.png,0.21,8,0.8939,0.99522,2,1
test_096.png,0.52,19,0.89398,0.99541,1,1
test_096.png,1.04,37,0.89414,0.99636,0,1
test_096.png,2.08,75,0.89414,0.99636,0,1
test_096.png,5.21,188,0.89414,0.99636,0,1
test_096.png,10.42,375,0.89414,0.99636,0,1
test_097.png,0.0,0,0.82919,0.96355,3,8
test_097.png,0.21,8,0.82917,0.96339,2,8
test_097.png,0.52,19,0.82917,0.96339,2,8
test_097.png,1.04,37,0.82928,0.96365,1,8
test_097.png,2.08,75,0.82947,0.9638,0,8
test_097.png,5.21,188,0.82947,0.9638,0,8
test_097.png,10.42,375,0.82947,0.9638,0,8
test_098.png,0.0,0,0.87939,0.95405,15,23
test_098.png,0.21,8,0.87948,0.95487,9,23
test_098.png,0.52,19,0.87952,0.95514,8,23
test_098.png,1.04,37,0.88001,0.95645,4,23
test_098.png,2.08,75,0.8807,0.95931,1,23
test_098.png,5.21,188,0.88113,0.96058,0,23
test_098.png,10.42,375,0.88113,0.96058,0,23
test_099.png,0.0,0,0.78374,0.98861,2,0
test_099.png,0.21,8,0.78375,0.98868,0,0
test_099.png,0.52,19,0.78375,0.98868,0,0
test_099.png,1.04,37,0.78375,0.98868,0,0
test_099.png,2.08,75,0.78375,0.98868,0,0
test_099.png,5.21,188,0.78375,0.98868,0,0
test_099.png,10.42,375,0.78375,0.98868,0,0
test_100.png,0.0,0,0.93797,0.99625,1,3
test_100.png,0.21,8,0.93797,0.99625,1,3
test_100.png,0.52,19,0.93801,0.99634,0,3
test_100.png,1.04,37,0.93801,0.99634,0,3
test_100.png,2.08,75,0.93801,0.99634,0,3
test_100.png,5.21,188,0.93801,0.99634,0,3
test_100.png,10.42,375,0.93801,0.99634,0,3
test_101.png,0.0,0,0.91707,0.99493,2,3
test_101.png,0.21,8,0.91711,0.99513,0,3
test_101.png,0.52,19,0.91711,0.99513,0,3
test_101.png,1.04,37,0.91711,0.99513,0,3
test_101.png,2.08,75,0.91711,0.99513,0,3
test_101.png,5.21,188,0.91711,0.99513,0,3
test_101.png,10.42,375,0.91711,0.99513,0,3
test_102.png,0.0,0,0.83385,0.95834,5,10
test_102.png,0.21,8,0.83392,0.95902,1,10
test_102.png,0.52,19,0.83396,0.95921,0,10
test_102.png,1.04,37,0.83396,0.95921,0,10
test_102.png,2.08,75,0.83396,0.95921,0,10
test_102.png,5.21,188,0.83396,0.95921,0,10
test_102.png,10.42,375,0.83396,0.95921,0,10
test_103.png,0.0,0,0.78717,0.97828,2,2
test_103.png,0.21,8,0.78718,0.97842,1,2
test_103.png,0.52,19,0.78718,0.97842,1,2
test_103.png,1.04,37,0.78718,0.97842,1,2
test_103.png,2.08,75,0.78718,0.97842,1,2
test_103.png,5.21,188,0.78765,0.97989,0,2
test_103.png,10.42,375,0.78765,0.97989,0,2
test_104.png,0.0,0,0.80428,0.96489,2,5
test_104.png,0.21,8,0.80429,0.96494,1,5
test_104.png,0.52,19,0.80429,0.96494,1,5
test_104.png,1.04,37,0.80429,0.96494,1,5
test_104.png,2.08,75,0.80429,0.96494,1,5
test_104.png,5.21,188,0.80448,0.96526,0,5
test_104.png,10.42,375,0.80448,0.96526,0,5
test_105.png,0.0,0,0.94637,0.99996,0,0
test_105.png,0.21,8,0.94637,0.99996,0,0
test_105.png,0.52,19,0.94637,0.99996,0,0
test_105.png,1.04,37,0.94637,0.99996,0,0
test_105.png,2.08,75,0.94637,0.99996,0,0
test_105.png,5.21,188,0.94637,0.99996,0,0
test_105.png,10.42,375,0.94637,0.99996,0,0
test_106.png,0.0,0,0.91753,0.99382,0,1
test_106.png,0.21,8,0.91753,0.99382,0,1
test_106.png,0.52,19,0.91753,0.99382,0,1
test_106.png,1.04,37,0.91753,0.99382,0,1
test_106.png,2.08,75,0.91753,0.99382,0,1
test_106.png,5.21,188,0.91753,0.99382,0,1
test_106.png,10.42,375,0.91753,0.99382,0,1
test_107.png,0.0,0,0.77526,0.98956,1,2
test_107.png,0.21,8,0.77526,0.98956,1,2
test_107.png,0.52,19,0.77531,0.98982,0,2
test_107.png,1.04,37,0.77531,0.98982,0,2
test_107.png,2.08,75,0.77531,0.98982,0,2
test_107.png,5.21,188,0.77531,0.98982,0,2
test_107.png,10.42,375,0.77531,0.98982,0,2
test_108.png,0.0,0,0.8592,0.98857,6,2
test_108.png,0.21,8,0.85926,0.98895,3,2
test_108.png,0.52,19,0.85939,0.98915,1,2
test_108.png,1.04,37,0.85939,0.98915,1,2
test_108.png,2.08,75,0.85968,0.98978,0,2
test_108.png,5.21,188,0.85968,0.98978,0,2
test_108.png,10.42,375,0.85968,0.98978,0,2
test_109.png,0.0,0,0.79104,0.9751,5,3
test_109.png,0.21,8,0.7911,0.97549,2,3
test_109.png,0.52,19,0.79115,0.97565,1,3
test_109.png,1.04,37,0.79115,0.97565,1,3
test_109.png,2.08,75,0.79115,0.97565,1,3
test_109.png,5.21,188,0.79153,0.97718,0,3
test_109.png,10.42,375,0.79153,0.97718,0,3
test_110.png,0.0,0,0.85687,0.99464,2,2
test_110.png,0.21,8,0.8569,0.99472,1,2
test_110.png,0.52,19,0.8569,0.99472,1,2
test_110.png,1.04,37,0.85703,0.99538,0,2
test_110.png,2.08,75,0.85703,0.99538,0,2
test_110.png,5.21,188,0.85703,0.99538,0,2
test_110.png,10.42,375,0.85703,0.99538,0,2
test_111.png,0.0,0,0.9112,0.9943,7,1
test_111.png,0.21,8,0.91129,0.99471,0,1
test_111.png,0.52,19,0.91129,0.99471,0,1
test_111.png,1.04,37,0.91129,0.99471,0,1
test_111.png,2.08,75,0.91081,0.99408,2,1
test_111.png,5.21,188,0.91081,0.99408,2,1
test_111.png,10.42,375,0.91081,0.99408,2,1
test_112.png,0.0,0,0.8588,0.99628,0,1
test_112.png,0.21,8,0.8588,0.99628,0,1
test_112.png,0.52,19,0.8588,0.99628,0,1
test_112.png,1.04,37,0.8588,0.99628,0,1
test_112.png,2.08,75,0.8588,0.99628,0,1
test_112.png,5.21,188,0.8588,0.99628,0,1
test_112.png,10.42,375,0.8588,0.99628,0,1
test_113.png,0.0,0,0.81889,0.98554,8,1
test_113.png,0.21,8,0.81892,0.98571,6,1
test_113.png,0.52,19,0.81908,0.9863,4,1
test_113.png,1.04,37,0.81941,0.98689,2,1
test_113.png,2.08,75,0.82006,0.98836,0,1
test_113.png,5.21,188,0.82006,0.98836,0,1
test_113.png,10.42,375,0.82006,0.98836,0,1
test_114.png,0.0,0,0.79128,0.95576,8,12
test_114.png,0.21,8,0.7913,0.95601,5,12
test_114.png,0.52,19,0.79125,0.95588,2,12
test_114.png,1.04,37,0.79125,0.95588,2,12
test_114.png,2.08,75,0.79169,0.95664,0,12
test_114.png,5.21,188,0.79169,0.95664,0,12
test_114.png,10.42,375,0.79169,0.95664,0,12
test_115.png,0.0,0,0.93999,0.99129,2,4
test_115.png,0.21,8,0.94001,0.99141,0,4
test_115.png,0.52,19,0.94001,0.99141,0,4
test_115.png,1.04,37,0.94001,0.99141,0,4
test_115.png,2.08,75,0.94001,0.99141,0,4
test_115.png,5.21,188,0.94001,0.99141,0,4
test_115.png,10.42,375,0.94001,0.99141,0,4
test_116.png,0.0,0,0.91197,0.99564,1,1
test_116.png,0.21,8,0.91197,0.99564,1,1
test_116.png,0.52,19,0.91197,0.99564,1,1
test_116.png,1.04,37,0.91197,0.99564,1,1
test_116.png,2.08,75,0.91197,0.99564,1,1
test_116.png,5.21,188,0.91197,0.99564,1,1
test_116.png,10.42,375,0.91197,0.99564,1,1
test_117.png,0.0,0,0.96146,0.99857,0,1
test_117.png,0.21,8,0.96146,0.99857,0,1
test_117.png,0.52,19,0.96146,0.99857,0,1
test_117.png,1.04,37,0.96146,0.99857,0,1
test_117.png,2.08,75,0.96139,0.99836,1,1
test_117.png,5.21,188,0.96139,0.99836,1,1
test_117.png,10.42,375,0.96139,0.99836,1,1
test_118.png,0.0,0,0.94821,0.99867,1,0
test_118.png,0.21,8,0.94821,0.99867,1,0
test_118.png,0.52,19,0.94826,0.99908,0,0
test_118.png,1.04,37,0.94826,0.99908,0,0
test_118.png,2.08,75,0.94826,0.99908,0,0
test_118.png,5.21,188,0.94826,0.99908,0,0
test_118.png,10.42,375,0.94826,0.99908,0,0
test_119.png,0.0,0,0.96041,0.99399,2,0
test_119.png,0.21,8,0.96042,0.99406,1,0
test_119.png,0.52,19,0.96051,0.99471,0,0
test_119.png,1.04,37,0.96051,0.99471,0,0
test_119.png,2.08,75,0.96051,0.99471,0,0
test_119.png,5.21,188,0.96051,0.99471,0,0
test_119.png,10.42,375,0.96051,0.99471,0,0
test_120.png,0.0,0,0.86727,0.99834,0,3
test_120.png,0.21,8,0.86727,0.99834,0,3
test_120.png,0.52,19,0.86727,0.99834,0,3
test_120.png,1.04,37,0.86727,0.99834,0,3
test_120.png,2.08,75,0.86727,0.99834,0,3
test_120.png,5.21,188,0.86727,0.99834,0,3
test_120.png,10.42,375,0.86727,0.99834,0,3
test_121.png,0.0,0,0.75203,0.85681,45,17
test_121.png,0.21,8,0.75223,0.85851,27,17
test_121.png,0.52,19,0.75258,0.86002,20,17
test_121.png,1.04,37,0.7532,0.86148,14,17
test_121.png,2.08,75,0.75393,0.86316,10,17
test_121.png,5.21,188,0.75624,0.86613,2,17
test_121.png,10.42,375,0.75734,0.86761,1,17
test_122.png,0.0,0,0.77967,0.87212,21,24
test_122.png,0.21,8,0.77982,0.87337,4,24
test_122.png,0.52,19,0.77982,0.87337,4,24
test_122.png,1.04,37,0.77967,0.87347,1,24
test_122.png,2.08,75,0.77967,0.87347,1,24
test_122.png,5.21,188,0.77911,0.87042,1,24
test_122.png,10.42,375,0.77911,0.87042,1,24
test_123.png,0.0,0,0.80941,0.92437,37,43
test_123.png,0.21,8,0.80971,0.9259,12,43
test_123.png,0.52,19,0.81003,0.92697,3,43
test_123.png,1.04,37,0.81033,0.92753,0,43
test_123.png,2.08,75,0.81013,0.92711,1,43
test_123.png,5.21,188,0.80982,0.92688,2,43
test_123.png,10.42,375,0.80982,0.92688,2,43
test_124.png,0.0,0,0.2653,0.3054,67,150
test_124.png,0.21,8,0.26539,0.30614,30,150
test_124.png,0.52,19,0.26507,0.3055,23,150
test_124.png,1.04,37,0.26484,0.3044,20,150
test_124.png,2.08,75,0.26517,0.30548,17,150
test_124.png,5.21,188,0.2645,0.30491,15,150
test_124.png,10.42,375,0.26559,0.30827,11,150
test_125.png,0.0,0,0.79172,0.89271,25,1
test_125.png,0.21,8,0.79165,0.89314,11,1
test_125.png,0.52,19,0.7917,0.89331,10,1
test_125.png,1.04,37,0.7916,0.89325,8,1
test_125.png,2.08,75,0.79121,0.89329,5,1
test_125.png,5.21,188,0.79059,0.89324,3,1
test_125.png,10.42,375,0.78744,0.88773,1,1
test_126.png,0.0,0,0.93529,0.99213,0,17
test_126.png,0.21,8,0.93529,0.99213,0,17
test_126.png,0.52,19,0.93529,0.99213,0,17
test_126.png,1.04,37,0.93529,0.99213,0,17
test_126.png,2.08,75,0.93529,0.99213,0,17
test_126.png,5.21,188,0.93529,0.99213,0,17
test_126.png,10.42,375,0.93529,0.99213,0,17
test_127.png,0.0,0,0.86457,0.97866,6,4
test_127.png,0.21,8,0.86456,0.97866,3,4
test_127.png,0.52,19,0.86457,0.97862,2,4
test_127.png,1.04,37,0.86449,0.97846,1,4
test_127.png,2.08,75,0.86449,0.97846,1,4
test_127.png,5.21,188,0.8642,0.97796,0,4
test_127.png,10.42,375,0.8642,0.97796,0,4
test_128.png,0.0,0,0.91766,0.99087,0,1
test_128.png,0.21,8,0.91766,0.99087,0,1
test_128.png,0.52,19,0.91766,0.99087,0,1
test_128.png,1.04,37,0.91766,0.99087,0,1
test_128.png,2.08,75,0.91766,0.99087,0,1
test_128.png,5.21,188,0.91766,0.99087,0,1
test_128.png,10.42,375,0.91766,0.99087,0,1
test_129.png,0.0,0,0.92056,0.98626,1,6
test_129.png,0.21,8,0.92057,0.98641,0,6
test_129.png,0.52,19,0.92057,0.98641,0,6
test_129.png,1.04,37,0.92057,0.98641,0,6
test_129.png,2.08,75,0.92057,0.98641,0,6
test_129.png,5.21,188,0.92024,0.98614,1,6
test_129.png,10.42,375,0.92024,0.98614,1,6
test_130.png,0.0,0,0.68545,0.7305,58,55
test_130.png,0.21,8,0.68572,0.73289,37,55
test_130.png,0.52,19,0.68616,0.73495,29,55
test_130.png,1.04,37,0.68729,0.73795,20,55
test_130.png,2.08,75,0.68818,0.73992,17,55
test_130.png,5.21,188,0.6936,0.75066,7,55
test_130.png,10.42,375,0.69828,0.75644,2,55
test_131.png,0.0,0,0.83313,0.93719,21,44
test_131.png,0.21,8,0.83303,0.93777,5,44
test_131.png,0.52,19,0.83308,0.938,4,44
test_131.png,1.04,37,0.83323,0.93842,3,44
test_131.png,2.08,75,0.83344,0.93932,2,44
test_131.png,5.21,188,0.83344,0.93932,2,44
test_131.png,10.42,375,0.83205,0.93755,1,44
test_132.png,0.0,0,0.91905,0.99431,0,3
test_132.png,0.21,8,0.91905,0.99431,0,3
test_132.png,0.52,19,0.91905,0.99431,0,3
test_132.png,1.04,37,0.91905,0.99431,0,3
test_132.png,2.08,75,0.91905,0.99431,0,3
test_132.png,5.21,188,0.91905,0.99431,0,3
test_132.png,10.42,375,0.91808,0.99201,1,3
test_133.png,0.0,0,0.60674,0.70906,29,53
test_133.png,0.21,8,0.60683,0.71,10,53
test_133.png,0.52,19,0.60694,0.71046,3,53
test_133.png,1.04,37,0.60701,0.711,2,53
test_133.png,2.08,75,0.60701,0.711,2,53
test_133.png,5.21,188,0.60702,0.7116,1,53
test_133.png,10.42,375,0.60781,0.71164,1,53
test_134.png,0.0,0,0.81935,0.90911,36,2
test_134.png,0.21,8,0.81947,0.91025,27,2
test_134.png,0.52,19,0.82013,0.91276,16,2
test_134.png,1.04,37,0.82073,0.91569,9,2
test_134.png,2.08,75,0.82209,0.91779,4,2
test_134.png,5.21,188,0.82305,0.91967,2,2
test_134.png,10.42,375,0.82404,0.92128,1,2
test_135.png,0.0,0,0.86635,0.94337,11,11
test_135.png,0.21,8,0.86645,0.94457,6,11
test_135.png,0.52,19,0.86645,0.94457,6,11
test_135.png,1.04,37,0.86688,0.94689,3,11
test_135.png,2.08,75,0.86745,0.94784,1,11
test_135.png,5.21,188,0.86745,0.94784,1,11
test_135.png,10.42,375,0.86772,0.94614,0,11
test_136.png,0.0,0,0.4017,0.47915,80,51
test_136.png,0.21,8,0.40179,0.48075,34,51
test_136.png,0.52,19,0.40165,0.48094,25,51
test_136.png,1.04,37,0.40171,0.48194,20,51
test_136.png,2.08,75,0.40261,0.48419,14,51
test_136.png,5.21,188,0.4042,0.48728,9,51
test_136.png,10.42,375,0.40494,0.48894,8,51
test_137.png,0.0,0,0.70917,0.9172,13,50
test_137.png,0.21,8,0.70923,0.91776,1,50
test_137.png,0.52,19,0.70929,0.91798,1,50
test_137.png,1.04,37,0.7092,0.91762,2,50
test_137.png,2.08,75,0.7092,0.91762,2,50
test_137.png,5.21,188,0.7092,0.91762,2,50
test_137.png,10.42,375,0.7092,0.91762,2,50
test_138.png,0.0,0,0.9026,0.9881,1,136
test_138.png,0.21,8,0.9026,0.9881,1,136
test_138.png,0.52,19,0.90265,0.98818,0,136
test_138.png,1.04,37,0.90265,0.98818,0,136
test_138.png,2.08,75,0.90265,0.98818,0,136
test_138.png,5.21,188,0.90251,0.98737,1,136
test_138.png,10.42,375,0.90251,0.98737,1,136
test_139.png,0.0,0,0.52518,0.50063,82,35
test_139.png,0.21,8,0.52527,0.50229,55,35
test_139.png,0.52,19,0.52576,0.50434,44,35
test_139.png,1.04,37,0.52646,0.50596,38,35
test_139.png,2.08,75,0.52806,0.50969,26,35
test_139.png,5.21,188,0.53208,0.51653,17,35
test_139.png,10.42,375,0.53714,0.52299,11,35
test_140.png,0.0,0,0.85116,0.9189,23,44
test_140.png,0.21,8,0.85115,0.91963,10,44
test_140.png,0.52,19,0.85114,0.91995,6,44
test_140.png,1.04,37,0.85123,0.91999,4,44
test_140.png,2.08,75,0.85189,0.92211,2,44
test_140.png,5.21,188,0.85217,0.92235,1,44
test_140.png,10.42,375,0.85217,0.92235,1,44
test_141.png,0.0,0,0.89167,0.9831,4,196
test_141.png,0.21,8,0.89174,0.98387,1,196
test_141.png,0.52,19,0.89174,0.98387,1,196
test_141.png,1.04,37,0.89174,0.98387,1,196
test_141.png,2.08,75,0.89213,0.98551,0,196
test_141.png,5.21,188,0.89213,0.98551,0,196
test_141.png,10.42,375,0.89213,0.98551,0,196
test_142.png,0.0,0,0.69202,0.77329,46,30
test_142.png,0.21,8,0.69225,0.77561,27,30
test_142.png,0.52,19,0.69261,0.7771,21,30
test_142.png,1.04,37,0.69333,0.7791,15,30
test_142.png,2.08,75,0.6942,0.78158,11,30
test_142.png,5.21,188,0.69707,0.78687,4,30
test_142.png,10.42,375,0.6992,0.79255,2,29
test_143.png,0.0,0,0.88454,0.97816,7,2
test_143.png,0.21,8,0.88455,0.97833,6,2
test_143.png,0.52,19,0.88453,0.97849,4,2
test_143.png,1.04,37,0.88453,0.97849,4,2
test_143.png,2.08,75,0.88479,0.97883,3,2
test_143.png,5.21,188,0.88414,0.97718,2,2
test_143.png,10.42,375,0.88283,0.97562,1,2
test_144.png,0.0,0,0.63798,0.65193,67,71
test_144.png,0.21,8,0.63807,0.65264,53,71
test_144.png,0.52,19,0.638,0.65242,41,71
test_144.png,1.04,37,0.63917,0.65484,31,71
test_144.png,2.08,75,0.64098,0.6578,23,71
test_144.png,5.21,188,0.64797,0.66891,9,71
test_144.png,10.42,375,0.65216,0.67363,5,71
test_145.png,0.0,0,0.76952,0.8352,44,47
test_145.png,0.21,8,0.76963,0.83625,33,47
test_145.png,0.52,19,0.77003,0.83765,26,47
test_145.png,1.04,37,0.77056,0.83894,22,47
test_145.png,2.08,75,0.77341,0.84473,10,46
test_145.png,5.21,188,0.77775,0.85,3,46
test_145.png,10.42,375,0.78057,0.85466,0,46
test_146.png,0.0,0,0.81648,0.92583,4,46
test_146.png,0.21,8,0.81657,0.92642,0,46
test_146.png,0.52,19,0.81657,0.92642,0,46
test_146.png,1.04,37,0.81657,0.92642,0,46
test_146.png,2.08,75,0.81657,0.92642,0,46
test_146.png,5.21,188,0.81657,0.92642,0,46
test_146.png,10.42,375,0.81657,0.92642,0,46
test_147.png,0.0,0,0.35175,0.3433,93,46
test_147.png,0.21,8,0.35185,0.34422,63,46
test_147.png,0.52,19,0.35212,0.34537,47,46
test_147.png,1.04,37,0.35233,0.34592,39,46
test_147.png,2.08,75,0.35193,0.34824,26,46
test_147.png,5.21,188,0.35609,0.35716,15,46
test_147.png,10.42,375,0.35677,0.35793,14,46
test_148.png,0.0,0,0.82124,0.98326,1,5
test_148.png,0.21,8,0.82124,0.98326,1,5
test_148.png,0.52,19,0.82124,0.98326,1,5
test_148.png,1.04,37,0.82124,0.98326,1,5
test_148.png,2.08,75,0.82124,0.98326,1,5
test_148.png,5.21,188,0.82124,0.98326,1,5
test_148.png,10.42,375,0.8198,0.98119,0,5
test_149.png,0.0,0,0.87643,0.93196,21,35
test_149.png,0.21,8,0.87641,0.93195,19,35
test_149.png,0.52,19,0.87607,0.93193,15,35
test_149.png,1.04,37,0.8757,0.93114,13,35
test_149.png,2.08,75,0.87376,0.92852,8,35
test_149.png,5.21,188,0.87277,0.92703,7,35
test_149.png,10.42,375,0.8697,0.92362,5,35
test_150.png,0.0,0,0.73225,0.81358,39,13
test_150.png,0.21,8,0.73232,0.81499,29,13
test_150.png,0.52,19,0.73291,0.81727,23,13
test_150.png,1.04,37,0.73371,0.82044,18,13
test_150.png,2.08,75,0.7359,0.82661,11,12
test_150.png,5.21,188,0.7397,0.83094,5,12
test_150.png,10.42,375,0.74143,0.83239,4,12
test_151.png,0.0,0,0.69032,0.7881,34,27
test_151.png,0.21,8,0.69047,0.78954,21,27
test_151.png,0.52,19,0.69066,0.79059,15,27
test_151.png,1.04,37,0.69097,0.79151,12,27
test_151.png,2.08,75,0.69146,0.79275,10,27
test_151.png,5.21,188,0.69357,0.79766,5,27
test_151.png,10.42,375,0.69606,0.80119,3,27
test_152.png,0.0,0,0.88379,0.99027,1,5
test_152.png,0.21,8,0.88378,0.99027,0,5
test_152.png,0.52,19,0.88378,0.99027,0,5
test_152.png,1.04,37,0.88378,0.99027,0,5
test_152.png,2.08,75,0.88378,0.99027,0,5
test_152.png,5.21,188,0.88378,0.99027,0,5
test_152.png,10.42,375,0.8825,0.98875,1,5
test_153.png,0.0,0,0.65014,0.71993,51,43
test_153.png,0.21,8,0.65034,0.72227,27,43
test_153.png,0.52,19,0.65067,0.72389,19,43
test_153.png,1.04,37,0.65126,0.7263,14,43
test_153.png,2.08,75,0.65197,0.72942,11,43
test_153.png,5.21,188,0.65528,0.73655,4,43
test_153.png,10.42,375,0.65931,0.74492,0,42
test_154.png,0.0,0,0.79311,0.88846,27,4
test_154.png,0.21,8,0.79321,0.88952,18,4
test_154.png,0.52,19,0.79373,0.89111,10,4
test_154.png,1.04,37,0.79427,0.893,5,4
test_154.png,2.08,75,0.79482,0.89414,3,4
test_154.png,5.21,188,0.79652,0.89775,0,4
test_154.png,10.42,375,0.79652,0.89775,0,4
test_155.png,0.0,0,0.28042,0.29966,110,107
test_155.png,0.21,8,0.28055,0.30082,45,107
test_155.png,0.52,19,0.28042,0.30056,35,107
test_155.png,1.04,37,0.28009,0.29913,28,106
test_155.png,2.08,75,0.27997,0.29985,24,106
test_155.png,5.21,188,0.27639,0.29717,16,106
test_155.png,10.42,375,0.27651,0.29873,12,105
test_156.png,0.0,0,0.87119,0.9523,2,18
test_156.png,0.21,8,0.87121,0.95272,0,18
test_156.png,0.52,19,0.87121,0.95272,0,18
test_156.png,1.04,37,0.87096,0.9516,1,18
test_156.png,2.08,75,0.87096,0.9516,1,18
test_156.png,5.21,188,0.87096,0.9516,1,18
test_156.png,10.42,375,0.86934,0.94907,2,18
test_157.png,0.0,0,0.79202,0.78239,77,35
test_157.png,0.21,8,0.7924,0.78566,54,35
test_157.png,0.52,19,0.79291,0.78835,45,35
test_157.png,1.04,37,0.79381,0.79151,39,34
test_157.png,2.08,75,0.79722,0.79924,28,34
test_157.png,5.21,188,0.80703,0.82289,14,33
test_157.png,10.42,375,0.82176,0.84992,4,33
test_158.png,0.0,0,0.90193,0.97671,7,205
test_158.png,0.21,8,0.90203,0.97763,3,205
test_158.png,0.52,19,0.9021,0.97794,2,205
test_158.png,1.04,37,0.9021,0.97794,2,205
test_158.png,2.08,75,0.9021,0.97794,2,205
test_158.png,5.21,188,0.90345,0.9796,0,205
test_158.png,10.42,375,0.90345,0.9796,0,205
test_159.png,0.0,0,0.8462,0.90162,19,31
test_159.png,0.21,8,0.84616,0.90209,13,31
test_159.png,0.52,19,0.84607,0.90208,12,31
test_159.png,1.04,37,0.84588,0.90207,11,31
test_159.png,2.08,75,0.8455,0.90205,10,31
test_159.png,5.21,188,0.84323,0.89953,7,31
test_159.png,10.42,375,0.84134,0.89857,6,31
test_160.png,0.0,0,0.85445,0.94509,20,60
test_160.png,0.21,8,0.85451,0.946,7,60
test_160.png,0.52,19,0.85429,0.94597,5,60
test_160.png,1.04,37,0.85416,0.94596,4,60
test_160.png,2.08,75,0.85326,0.94592,1,60
test_160.png,5.21,188,0.85377,0.94698,0,60
test_160.png,10.42,375,0.85377,0.94698,0,60
test_161.png,0.0,0,0.56948,0.68301,17,44
test_161.png,0.21,8,0.56953,0.68347,9,44
test_161.png,0.52,19,0.56966,0.68425,6,44
test_161.png,1.04,37,0.56973,0.68445,5,44
test_161.png,2.08,75,0.57016,0.68584,2,44
test_161.png,5.21,188,0.57016,0.68584,2,44
test_161.png,10.42,375,0.57077,0.68789,0,44
test_162.png,0.0,0,0.76162,0.85029,41,11
test_162.png,0.21,8,0.76176,0.85191,20,11
test_162.png,0.52,19,0.76194,0.85268,16,11
test_162.png,1.04,37,0.76247,0.85408,11,11
test_162.png,2.08,75,0.76309,0.85547,8,11
test_162.png,5.21,188,0.76435,0.85762,3,11
test_162.png,10.42,375,0.76244,0.85374,1,11
test_163.png,0.0,0,0.83291,0.91384,16,31
test_163.png,0.21,8,0.83296,0.91433,10,31
test_163.png,0.52,19,0.83324,0.91551,5,31
test_163.png,1.04,37,0.83324,0.91551,5,31
test_163.png,2.08,75,0.83295,0.91504,4,31
test_163.png,5.21,188,0.83267,0.91332,3,31
test_163.png,10.42,375,0.83108,0.9103,1,31
test_164.png,0.0,0,0.77383,0.98934,1,1
test_164.png,0.21,8,0.77383,0.98939,0,1
test_164.png,0.52,19,0.77383,0.98939,0,1
test_164.png,1.04,37,0.77383,0.98939,0,1
test_164.png,2.08,75,0.77383,0.98939,0,1
test_164.png,5.21,188,0.77383,0.98939,0,1
test_164.png,10.42,375,0.77383,0.98939,0,1
test_165.png,0.0,0,0.75978,0.97241,9,10
test_165.png,0.21,8,0.75984,0.97283,2,10
test_165.png,0.52,19,0.7599,0.97304,1,10
test_165.png,1.04,37,0.7599,0.97304,1,10
test_165.png,2.08,75,0.76004,0.97325,0,10
test_165.png,5.21,188,0.76004,0.97325,0,10
test_165.png,10.42,375,0.76004,0.97325,0,10
test_166.png,0.0,0,0.89501,0.98994,0,2
test_166.png,0.21,8,0.89501,0.98994,0,2
test_166.png,0.52,19,0.89501,0.98994,0,2
test_166.png,1.04,37,0.89501,0.98994,0,2
test_166.png,2.08,75,0.89501,0.98994,0,2
test_166.png,5.21,188,0.89501,0.98994,0,2
test_166.png,10.42,375,0.89501,0.98994,0,2
test_167.png,0.0,0,0.81964,0.97253,1,1
test_167.png,0.21,8,0.81966,0.97264,0,1
test_167.png,0.52,19,0.81966,0.97264,0,1
test_167.png,1.04,37,0.81966,0.97264,0,1
test_167.png,2.08,75,0.81966,0.97264,0,1
test_167.png,5.21,188,0.81966,0.97264,0,1
test_167.png,10.42,375,0.81966,0.97264,0,1
test_168.png,0.0,0,0.80285,0.86485,36,37
test_168.png,0.21,8,0.80296,0.8661,28,37
test_168.png,0.52,19,0.80348,0.86894,21,37
test_168.png,1.04,37,0.8047,0.87233,13,37
test_168.png,2.08,75,0.80658,0.87743,7,37
test_168.png,5.21,188,0.80792,0.87992,5,37
test_168.png,10.42,375,0.81235,0.88677,2,37
test_169.png,0.0,0,0.7626,0.85486,27,39
test_169.png,0.21,8,0.76268,0.85552,18,39
test_169.png,0.52,19,0.76281,0.85599,15,39
test_169.png,1.04,37,0.7632,0.85742,12,39
test_169.png,2.08,75,0.76497,0.8616,5,39
test_169.png,5.21,188,0.76852,0.86762,1,39
test_169.png,10.42,375,0.76852,0.86762,1,39
test_170.png,0.0,0,0.85048,0.92004,23,27
test_170.png,0.21,8,0.85062,0.9209,10,27
test_170.png,0.52,19,0.85094,0.92248,4,27
test_170.png,1.04,37,0.85105,0.923,2,27
test_170.png,2.08,75,0.85105,0.923,2,27
test_170.png,5.21,188,0.85105,0.923,2,27
test_170.png,10.42,375,0.84813,0.91754,0,27
test_171.png,0.0,0,0.63976,0.68123,41,108
test_171.png,0.21,8,0.63971,0.68227,15,108
test_171.png,0.52,19,0.64,0.68354,10,108
test_171.png,1.04,37,0.63978,0.684,6,108
test_171.png,2.08,75,0.63978,0.684,6,108
test_171.png,5.21,188,0.63886,0.68297,3,108
test_171.png,10.42,375,0.63877,0.68369,1,108
test_172.png,0.0,0,0.64621,0.65271,63,69
test_172.png,0.21,8,0.64633,0.65433,27,69
test_172.png,0.52,19,0.64641,0.65463,23,69
test_172.png,1.04,37,0.64656,0.65605,14,69
test_172.png,2.08,75,0.64564,0.65675,6,69
test_172.png,5.21,188,0.64483,0.65606,5,69
test_172.png,10.42,375,0.64415,0.65797,3,68
test_173.png,0.0,0,0.87601,0.9425,6,28
test_173.png,0.21,8,0.87596,0.94247,2,28
test_173.png,0.52,19,0.87601,0.94263,1,28
test_173.png,1.04,37,0.87601,0.94263,1,28
test_173.png,2.08,75,0.87635,0.94425,0,27
test_173.png,5.21,188,0.87635,0.94425,0,27
test_173.png,10.42,375,0.87635,0.94425,0,27
test_174.png,0.0,0,0.41438,0.4211,102,75
test_174.png,0.21,8,0.41387,0.4199,55,75
test_174.png,0.52,19,0.41371,0.4203,44,75
test_174.png,1.04,37,0.41261,0.41853,37,75
test_174.png,2.08,75,0.41051,0.41627,25,75
test_174.png,5.21,188,0.40881,0.41656,14,75
test_174.png,10.42,375,0.40769,0.41517,8,75
test_175.png,0.0,0,0.70586,0.86736,48,10
test_175.png,0.21,8,0.70607,0.8687,33,10
test_175.png,0.52,19,0.70655,0.87042,24,10
test_175.png,1.04,37,0.70721,0.87233,18,10
test_175.png,2.08,75,0.71038,0.87751,5,9
test_175.png,5.21,188,0.7121,0.88014,1,7
test_175.png,10.42,375,0.71331,0.88123,0,7
test_176.png,0.0,0,0.70378,0.86701,50,13
test_176.png,0.21,8,0.70407,0.86909,29,13
test_176.png,0.52,19,0.7045,0.87074,23,13
test_176.png,1.04,37,0.70543,0.87309,16,13
test_176.png,2.08,75,0.70769,0.87946,6,12
test_176.png,5.21,188,0.71058,0.88398,0,12
test_176.png,10.42,375,0.71058,0.88398,0,12
test_177.png,0.0,0,0.56556,0.80681,49,23
test_177.png,0.21,8,0.56575,0.80831,30,23
test_177.png,0.52,19,0.56619,0.81054,18,23
test_177.png,1.04,37,0.56672,0.81165,12,23
test_177.png,2.08,75,0.56773,0.81457,4,23
test_177.png,5.21,188,0.56887,0.81597,0,23
test_177.png,10.42,375,0.56887,0.81597,0,23
test_178.png,0.0,0,0.76891,0.84939,42,33
test_178.png,0.21,8,0.76915,0.85208,15,33
test_178.png,0.52,19,0.76929,0.85316,10,33
test_178.png,1.04,37,0.76922,0.85209,6,33
test_178.png,2.08,75,0.77019,0.85498,3,33
test_178.png,5.21,188,0.77019,0.85498,3,33
test_178.png,10.42,375,0.76627,0.85191,1,33
test_179.png,0.0,0,0.58235,0.88975,41,33
test_179.png,0.21,8,0.5826,0.89177,8,33
test_179.png,0.52,19,0.58277,0.89225,4,33
test_179.png,1.04,37,0.58291,0.89286,2,33
test_179.png,2.08,75,0.58306,0.89304,1,33
test_179.png,5.21,188,0.58357,0.89359,0,33
test_179.png,10.42,375,0.58357,0.89359,0,33
test_180.png,0.0,0,0.53269,0.7617,58,117
test_180.png,0.21,8,0.53293,0.76374,15,117
test_180.png,0.52,19,0.53323,0.76493,7,117
test_180.png,1.04,37,0.53341,0.76552,4,117
test_180.png,2.08,75,0.53391,0.76687,1,117
test_180.png,5.21,188,0.5342,0.76715,0,117
test_180.png,10.42,375,0.5342,0.76715,0,117
test_181.png,0.0,0,0.58124,0.83178,32,39
test_181.png,0.21,8,0.58132,0.83263,20,39
test_181.png,0.52,19,0.58149,0.8334,16,39
test_181.png,1.04,37,0.58205,0.83502,10,39
test_181.png,2.08,75,0.58274,0.836,7,39
test_181.png,5.21,188,0.58525,0.84022,1,38
test_181.png,10.42,375,0.58525,0.84022,1,38
test_182.png,0.0,0,0.74769,0.92538,17,6
test_182.png,0.21,8,0.74775,0.92587,7,6
test_182.png,0.52,19,0.74793,0.92638,4,6
test_182.png,1.04,37,0.74804,0.92689,3,6
test_182.png,2.08,75,0.74837,0.92803,0,6
test_182.png,5.21,188,0.74837,0.92803,0,6
test_182.png,10.42,375,0.74837,0.92803,0,6
test_183.png,0.0,0,0.62561,0.62844,66,54
test_183.png,0.21,8,0.62549,0.62885,38,54
test_183.png,0.52,19,0.62533,0.62929,30,54
test_183.png,1.04,37,0.62538,0.62932,26,54
test_183.png,2.08,75,0.62643,0.63177,21,54
test_183.png,5.21,188,0.62865,0.63914,11,50
test_183.png,10.42,375,0.62824,0.64088,9,50
test_184.png,0.0,0,0.63177,0.75967,40,67
test_184.png,0.21,8,0.63195,0.76079,10,67
test_184.png,0.52,19,0.63197,0.76104,5,67
test_184.png,1.04,37,0.63205,0.76137,2,67
test_184.png,2.08,75,0.63225,0.7616,1,67
test_184.png,5.21,188,0.63168,0.76061,0,67
test_184.png,10.42,375,0.63168,0.76061,0,67
test_185.png,0.0,0,0.86967,0.95513,9,13
test_185.png,0.21,8,0.86958,0.95515,2,13
test_185.png,0.52,19,0.86958,0.95515,2,13
test_185.png,1.04,37,0.8697,0.9561,1,13
test_185.png,2.08,75,0.8697,0.9561,1,13
test_185.png,5.21,188,0.86931,0.95646,0,13
test_185.png,10.42,375,0.86931,0.95646,0,13
test_186.png,0.0,0,0.58708,0.61628,34,88
test_186.png,0.21,8,0.58716,0.61715,17,88
test_186.png,0.52,19,0.58731,0.61764,14,88
test_186.png,1.04,37,0.58753,0.61887,9,88
test_186.png,2.08,75,0.58801,0.62043,6,88
test_186.png,5.21,188,0.58739,0.61931,4,88
test_186.png,10.42,375,0.58674,0.61931,3,88
test_187.png,0.0,0,0.64056,0.68204,51,89
test_187.png,0.21,8,0.64067,0.68332,18,89
test_187.png,0.52,19,0.64064,0.68379,15,89
test_187.png,1.04,37,0.64117,0.68552,10,89
test_187.png,2.08,75,0.64075,0.68551,7,89
test_187.png,5.21,188,0.64027,0.68437,4,89
test_187.png,10.42,375,0.6435,0.69049,1,89
test_188.png,0.0,0,0.50366,0.57642,86,9
test_188.png,0.21,8,0.50386,0.57825,62,9
test_188.png,0.52,19,0.50422,0.58031,49,9
test_188.png,1.04,37,0.50509,0.58388,36,8
test_188.png,2.08,75,0.50594,0.58743,29,8
test_188.png,5.21,188,0.50932,0.59516,15,8
test_188.png,10.42,375,0.51188,0.59944,10,7
test_189.png,0.0,0,0.57125,0.80891,34,44
test_189.png,0.21,8,0.57138,0.80979,20,44
test_189.png,0.52,19,0.57143,0.81046,15,44
test_189.png,1.04,37,0.57207,0.81318,7,44
test_189.png,2.08,75,0.57252,0.81407,4,44
test_189.png,5.21,188,0.57402,0.81812,0,44
test_189.png,10.42,375,0.57402,0.81812,0,44
test_190.png,0.0,0,0.75288,0.81025,36,35
test_190.png,0.21,8,0.75294,0.81133,19,35
test_190.png,0.52,19,0.75303,0.8116,17,35
test_190.png,1.04,37,0.75313,0.81209,13,35
test_190.png,2.08,75,0.75254,0.8124,8,35
test_190.png,5.21,188,0.75199,0.81443,4,35
test_190.png,10.42,375,0.75199,0.81443,4,35
test_191.png,0.0,0,0.57746,0.83074,58,56
test_191.png,0.21,8,0.57768,0.83254,32,56
test_191.png,0.52,19,0.57806,0.83461,20,56
test_191.png,1.04,37,0.57846,0.83568,15,56
test_191.png,2.08,75,0.57979,0.83882,6,56
test_191.png,5.21,188,0.58198,0.84273,1,55
test_191.png,10.42,375,0.58286,0.84362,0,55
test_192.png,0.0,0,0.56582,0.74066,56,79
test_192.png,0.21,8,0.56603,0.74247,24,79
test_192.png,0.52,19,0.56629,0.74356,18,79
test_192.png,1.04,37,0.56673,0.74453,13,79
test_192.png,2.08,75,0.56782,0.7474,6,79
test_192.png,5.21,188,0.56973,0.75099,1,79
test_192.png,10.42,375,0.57046,0.75199,0,79
test_193.png,0.0,0,0.62537,0.66232,76,66
test_193.png,0.21,8,0.62562,0.66471,47,66
test_193.png,0.52,19,0.62625,0.6679,33,66
test_193.png,1.04,37,0.62668,0.66915,28,66
test_193.png,2.08,75,0.62868,0.67456,18,66
test_193.png,5.21,188,0.63174,0.67989,11,66
test_193.png,10.42,375,0.63995,0.69291,3,66
test_194.png,0.0,0,0.83489,0.96992,8,3
test_194.png,0.21,8,0.83486,0.97002,6,3
test_194.png,0.52,19,0.83506,0.97076,3,3
test_194.png,1.04,37,0.83499,0.96989,1,3
test_194.png,2.08,75,0.83499,0.96989,1,3
test_194.png,5.21,188,0.83566,0.97121,0,3
test_194.png,10.42,375,0.83566,0.97121,0,3
test_195.png,0.0,0,0.68275,0.6944,57,50
test_195.png,0.21,8,0.68256,0.69481,34,50
test_195.png,0.52,19,0.68255,0.69525,28,50
test_195.png,1.04,37,0.68169,0.69493,18,50
test_195.png,2.08,75,0.68235,0.69632,15,50
test_195.png,5.21,188,0.6824,0.69673,13,50
test_195.png,10.42,375,0.68109,0.69748,9,49
test_196.png,0.0,0,0.85837,0.94138,24,9
test_196.png,0.21,8,0.85827,0.94184,13,9
test_196.png,0.52,19,0.85814,0.94196,11,9
test_196.png,1.04,37,0.85759,0.94111,8,9
test_196.png,2.08,75,0.85834,0.946,3,9
test_196.png,5.21,188,0.85603,0.94327,1,9
test_196.png,10.42,375,0.85603,0.94327,1,9
test_197.png,0.0,0,0.71051,0.72649,35,70
test_197.png,0.21,8,0.71048,0.72722,17,70
test_197.png,0.52,19,0.71073,0.72839,11,70
test_197.png,1.04,37,0.71089,0.72918,10,70
test_197.png,2.08,75,0.71069,0.72926,8,70
test_197.png,5.21,188,0.71199,0.73341,5,70
test_197.png,10.42,375,0.70946,0.73225,3,70
test_198.png,0.0,0,0.49056,0.5081,70,80
test_198.png,0.21,8,0.49042,0.50833,29,80
test_198.png,0.52,19,0.49057,0.50906,25,80
test_198.png,1.04,37,0.49042,0.50952,19,80
test_198.png,2.08,75,0.49053,0.51134,13,80
test_198.png,5.21,188,0.49178,0.51446,10,80
test_198.png,10.42,375,0.49229,0.51579,8,80
test_199.png,0.0,0,0.88119,0.94167,10,13
test_199.png,0.21,8,0.88116,0.94171,6,13
test_199.png,0.52,19,0.88138,0.94303,3,13
test_199.png,1.04,37,0.88138,0.94303,3,13
test_199.png,2.08,75,0.88165,0.94392,2,13
test_199.png,5.21,188,0.88077,0.94316,1,13
test_199.png,10.42,375,0.87846,0.94145,0,13
test_200.png,0.0,0,0.438,0.51029,95,17
test_200.png,0.21,8,0.43823,0.51255,69,17
test_200.png,0.52,19,0.43833,0.51365,57,17
test_200.png,1.04,37,0.4389,0.51526,51,17
test_200.png,2.08,75,0.44166,0.52183,32,17
test_200.png,5.21,188,0.44511,0.5272,16,16
test_200.png,10.42,375,0.44782,0.53106,10,16
test_201.png,0.0,0,0.5692,0.74011,41,70
test_201.png,0.21,8,0.56936,0.74145,19,70
test_201.png,0.52,19,0.5696,0.74293,12,70
test_201.png,1.04,37,0.57038,0.74515,4,70
test_201.png,2.08,75,0.57045,0.74569,1,70
test_201.png,5.21,188,0.5707,0.74641,0,70
test_201.png,10.42,375,0.5707,0.74641,0,70
test_202.png,0.0,0,0.70064,0.76856,68,44
test_202.png,0.21,8,0.70065,0.77059,27,44
test_202.png,0.52,19,0.701,0.77205,19,44
test_202.png,1.04,37,0.70135,0.77307,16,44
test_202.png,2.08,75,0.70199,0.77787,7,44
test_202.png,5.21,188,0.70289,0.78174,3,44
test_202.png,10.42,375,0.70289,0.78174,3,44
test_203.png,0.0,0,0.61776,0.88178,87,45
test_203.png,0.21,8,0.61816,0.88497,43,45
test_203.png,0.52,19,0.61876,0.88827,28,45
test_203.png,1.04,37,0.61953,0.89073,19,44
test_203.png,2.08,75,0.62196,0.8972,5,43
test_203.png,5.21,188,0.62315,0.89944,1,43
test_203.png,10.42,375,0.62414,0.901,0,43
test_204.png,0.0,0,0.61678,0.86731,52,48
test_204.png,0.21,8,0.617,0.86922,25,48
test_204.png,0.52,19,0.61746,0.87159,15,48
test_204.png,1.04,37,0.61791,0.87317,10,48
test_204.png,2.08,75,0.61979,0.87787,1,48
test_204.png,5.21,188,0.62024,0.87896,0,48
test_204.png,10.42,375,0.62024,0.87896,0,48
test_205.png,0.0,0,0.83362,0.93218,28,9
test_205.png,0.21,8,0.83355,0.93276,13,9
test_205.png,0.52,19,0.83348,0.93271,9,9
test_205.png,1.04,37,0.83379,0.93403,4,8
test_205.png,2.08,75,0.83379,0.93403,4,8
test_205.png,5.21,188,0.83334,0.93386,3,8
test_205.png,10.42,375,0.8326,0.93395,2,8
test_206.png,0.0,0,0.72727,0.85939,107,17
test_206.png,0.21,8,0.72763,0.86183,66,17
test_206.png,0.52,19,0.72839,0.86446,52,17
test_206.png,1.04,37,0.73003,0.86888,38,17
test_206.png,2.08,75,0.73441,0.87793,18,17
test_206.png,5.21,188,0.74257,0.89174,1,16
test_206.png,10.42,375,0.74347,0.8932,0,16
test_207.png,0.0,0,0.62662,0.65346,49,87
test_207.png,0.21,8,0.62663,0.65415,16,87
test_207.png,0.52,19,0.6268,0.65477,12,87
test_207.png,1.04,37,0.62685,0.65479,8,87
test_207.png,2.08,75,0.62685,0.65479,8,87
test_207.png,5.21,188,0.62592,0.65385,6,87
test_207.png,10.42,375,0.62518,0.65385,5,86
test_208.png,0.0,0,0.74737,0.81091,43,29
test_208.png,0.21,8,0.74757,0.81265,26,29
test_208.png,0.52,19,0.74796,0.81396,18,29
test_208.png,1.04,37,0.74817,0.81503,13,29
test_208.png,2.08,75,0.75009,0.82083,6,28
test_208.png,5.21,188,0.75077,0.82281,5,27
test_208.png,10.42,375,0.75379,0.82822,3,27
test_209.png,0.0,0,0.64083,0.62338,85,68
test_209.png,0.21,8,0.6409,0.62398,62,68
test_209.png,0.52,19,0.6416,0.62645,43,68
test_209.png,1.04,37,0.64181,0.62758,34,68
test_209.png,2.08,75,0.64439,0.6321,18,68
test_209.png,5.21,188,0.64735,0.6356,10,68
test_209.png,10.42,375,0.65438,0.64513,1,66
test_210.png,0.0,0,0.6436,0.83632,32,36
test_210.png,0.21,8,0.64371,0.83735,19,36
test_210.png,0.52,19,0.64386,0.83791,16,36
test_210.png,1.04,37,0.64482,0.84082,7,36
test_210.png,2.08,75,0.64521,0.84194,5,36
test_210.png,5.21,188,0.6468,0.84498,1,36
test_210.png,10.42,375,0.64806,0.84555,0,36
test_211.png,0.0,0,0.90375,0.98036,11,10
test_211.png,0.21,8,0.90377,0.9808,7,10
test_211.png,0.52,19,0.90391,0.98193,5,10
test_211.png,1.04,37,0.90397,0.98355,2,10
test_211.png,2.08,75,0.90397,0.98355,2,10
test_211.png,5.21,188,0.90303,0.98248,1,10
test_211.png,10.42,375,0.90303,0.98248,1,10
test_212.png,0.0,0,0.56021,0.77279,54,77
test_212.png,0.21,8,0.56048,0.77487,27,77
test_212.png,0.52,19,0.56071,0.77601,20,77
test_212.png,1.04,37,0.56129,0.77786,12,77
test_212.png,2.08,75,0.56197,0.7795,8,77
test_212.png,5.21,188,0.56381,0.78227,2,77
test_212.png,10.42,375,0.56543,0.78499,0,76
test_213.png,0.0,0,0.71413,0.76573,48,39
test_213.png,0.21,8,0.71427,0.76772,16,39
test_213.png,0.52,19,0.71437,0.7689,12,39
test_213.png,1.04,37,0.7149,0.77054,8,39
test_213.png,2.08,75,0.71507,0.77246,4,39
test_213.png,5.21,188,0.71543,0.77492,2,39
test_213.png,10.42,375,0.71453,0.77464,1,39
test_214.png,0.0,0,0.62446,0.84351,59,59
test_214.png,0.21,8,0.6247,0.84542,35,59
test_214.png,0.52,19,0.62522,0.84766,24,59
test_214.png,1.04,37,0.62604,0.85008,16,59
test_214.png,2.08,75,0.62768,0.85393,8,59
test_214.png,5.21,188,0.62976,0.85773,2,59
test_214.png,10.42,375,0.63094,0.8593,0,59
test_215.png,0.0,0,0.59851,0.81622,52,83
test_215.png,0.21,8,0.59874,0.8179,22,83
test_215.png,0.52,19,0.59893,0.81836,18,83
test_215.png,1.04,37,0.59949,0.8203,11,83
test_215.png,2.08,75,0.60048,0.82232,6,83
test_215.png,5.21,188,0.60203,0.82491,1,81
test_215.png,10.42,375,0.60287,0.82575,0,81
test_216.png,0.0,0,0.61057,0.67175,53,73
test_216.png,0.21,8,0.61063,0.67241,33,73
test_216.png,0.52,19,0.61095,0.67401,25,73
test_216.png,1.04,37,0.61153,0.67533,15,73
test_216.png,2.08,75,0.61214,0.67693,10,73
test_216.png,5.21,188,0.6155,0.68229,2,73
test_216.png,10.42,375,0.6155,0.68229,2,73
test_217.png,0.0,0,0.71407,0.89749,65,30
test_217.png,0.21,8,0.71441,0.89975,32,30
test_217.png,0.52,19,0.71516,0.90275,17,30
test_217.png,1.04,37,0.71553,0.9033,14,30
test_217.png,2.08,75,0.71788,0.9075,4,30
test_217.png,5.21,188,0.71943,0.91055,1,29
test_217.png,10.42,375,0.72058,0.91184,0,29
test_218.png,0.0,0,0.71589,0.72706,54,47
test_218.png,0.21,8,0.71594,0.72816,30,47
test_218.png,0.52,19,0.7162,0.72992,22,47
test_218.png,1.04,37,0.71674,0.73157,17,47
test_218.png,2.08,75,0.71672,0.73305,11,46
test_218.png,5.21,188,0.71835,0.73895,6,46
test_218.png,10.42,375,0.71835,0.73895,6,46
test_219.png,0.0,0,0.56788,0.54237,77,29
test_219.png,0.21,8,0.56792,0.54305,54,29
test_219.png,0.52,19,0.56864,0.54569,38,29
test_219.png,1.04,37,0.56896,0.54741,28,29
test_219.png,2.08,75,0.56946,0.55037,21,29
test_219.png,5.21,188,0.57273,0.55635,13,29
test_219.png,10.42,375,0.57565,0.56248,8,28
test_220.png,0.0,0,0.52421,0.46337,95,76
test_220.png,0.21,8,0.52433,0.46407,58,76
test_220.png,0.52,19,0.52472,0.46514,47,76
test_220.png,1.04,37,0.5257,0.46703,35,76
test_220.png,2.08,75,0.52781,0.47001,22,76
test_220.png,5.21,188,0.53189,0.47415,8,75
test_220.png,10.42,375,0.5335,0.4757,6,75
test_221.png,0.0,0,0.45379,0.46783,147,37
test_221.png,0.21,8,0.45275,0.46628,84,37
test_221.png,0.52,19,0.45227,0.46638,66,37
test_221.png,1.04,37,0.45135,0.46623,53,37
test_221.png,2.08,75,0.44988,0.46622,44,37
test_221.png,5.21,188,0.44276,0.46291,31,33
test_221.png,10.42,375,0.4346,0.46139,17,31
test_222.png,0.0,0,0.49349,0.49816,52,62
test_222.png,0.21,8,0.49351,0.49829,31,62
test_222.png,0.52,19,0.49414,0.50048,20,62
test_222.png,1.04,37,0.49467,0.50189,16,62
test_222.png,2.08,75,0.49504,0.50345,13,62
test_222.png,5.21,188,0.49608,0.50482,11,62
test_222.png,10.42,375,0.50183,0.51137,7,62
test_223.png,0.0,0,0.77844,0.7694,40,80
test_223.png,0.21,8,0.77856,0.77026,34,80
test_223.png,0.52,19,0.77888,0.77224,30,80
test_223.png,1.04,37,0.78,0.77702,20,80
test_223.png,2.08,75,0.78007,0.78057,14,80
test_223.png,5.21,188,0.78176,0.78678,9,80
test_223.png,10.42,375,0.78219,0.79306,6,80
test_224.png,0.0,0,0.77381,0.78014,48,39
test_224.png,0.21,8,0.77403,0.78225,37,39
test_224.png,0.52,19,0.77459,0.78701,27,39
test_224.png,1.04,37,0.7763,0.79241,19,39
test_224.png,2.08,75,0.77772,0.79813,15,39
test_224.png,5.21,188,0.77827,0.80859,7,39
test_224.png,10.42,375,0.78559,0.82699,3,39
test_225.png,0.0,0,0.17068,0.09908,84,39
test_225.png,0.21,8,0.17072,0.09917,50,39
test_225.png,0.52,19,0.17064,0.09903,42,39
test_225.png,1.04,37,0.17074,0.09914,39,39
test_225.png,2.08,75,0.17071,0.09899,30,39
test_225.png,5.21,188,0.16694,0.09189,17,39
test_225.png,10.42,375,0.16793,0.09246,14,39
test_226.png,0.0,0,0.30479,0.24952,96,20
test_226.png,0.21,8,0.30474,0.24933,73,20
test_226.png,0.52,19,0.30456,0.24891,63,20
test_226.png,1.04,37,0.3044,0.24919,54,20
test_226.png,2.08,75,0.30506,0.24972,48,20
test_226.png,5.21,188,0.30587,0.25132,33,20
test_226.png,10.42,375,0.30053,0.24954,28,20
test_227.png,0.0,0,0.72647,0.80091,2,28
test_227.png,0.21,8,0.72647,0.80091,2,28
test_227.png,0.52,19,0.72647,0.80091,2,28
test_227.png,1.04,37,0.72648,0.80148,1,28
test_227.png,2.08,75,0.72648,0.80148,1,28
test_227.png,5.21,188,0.72648,0.80148,1,28
test_227.png,10.42,375,0.72606,0.80333,0,28
test_228.png,0.0,0,0.7701,0.81698,21,42
test_228.png,0.21,8,0.77019,0.81772,15,42
test_228.png,0.52,19,0.77043,0.8197,12,42
test_228.png,1.04,37,0.77058,0.82065,11,42
test_228.png,2.08,75,0.77082,0.82185,10,42
test_228.png,5.21,188,0.77329,0.82594,7,42
test_228.png,10.42,375,0.77981,0.8389,3,38
test_229.png,0.0,0,0.81728,0.88703,17,3
test_229.png,0.21,8,0.81733,0.88748,14,3
test_229.png,0.52,19,0.81769,0.88902,11,3
test_229.png,1.04,37,0.8184,0.89238,6,4
test_229.png,2.08,75,0.81965,0.90043,3,4
test_229.png,5.21,188,0.81965,0.90043,3,4
test_229.png,10.42,375,0.81965,0.90043,3,4
test_230.png,0.0,0,0.17342,0.14968,123,36
test_230.png,0.21,8,0.17312,0.14876,94,36
test_230.png,0.52,19,0.17277,0.14856,82,36
test_230.png,1.04,37,0.17292,0.14898,70,36
test_230.png,2.08,75,0.1702,0.14608,52,36
test_230.png,5.21,188,0.16646,0.14151,35,35
test_230.png,10.42,375,0.15773,0.13271,24,35
test_231.png,0.0,0,0.75088,0.79463,5,43
test_231.png,0.21,8,0.75093,0.79504,2,43
test_231.png,0.52,19,0.75093,0.79504,2,43
test_231.png,1.04,37,0.75093,0.79504,2,43
test_231.png,2.08,75,0.75093,0.79504,2,43
test_231.png,5.21,188,0.75206,0.7967,0,43
test_231.png,10.42,375,0.75206,0.7967,0,43
test_232.png,0.0,0,0.55473,0.58783,25,71
test_232.png,0.21,8,0.55457,0.58775,11,71
test_232.png,0.52,19,0.55418,0.58652,8,71
test_232.png,1.04,37,0.55383,0.58583,7,71
test_232.png,2.08,75,0.55235,0.58386,4,71
test_232.png,5.21,188,0.5511,0.58188,3,71
test_232.png,10.42,375,0.5511,0.58188,3,71
test_233.png,0.0,0,0.79825,0.76346,21,56
test_233.png,0.21,8,0.79828,0.76367,20,56
test_233.png,0.52,19,0.79845,0.76415,18,56
test_233.png,1.04,37,0.79845,0.76415,18,56
test_233.png,2.08,75,0.79947,0.76633,15,56
test_233.png,5.21,188,0.80168,0.77269,11,56
test_233.png,10.42,375,0.80929,0.7852,7,55
test_234.png,0.0,0,0.66369,0.60562,44,21
test_234.png,0.21,8,0.66367,0.60594,35,21
test_234.png,0.52,19,0.66403,0.60802,28,21
test_234.png,1.04,37,0.66427,0.61096,19,21
test_234.png,2.08,75,0.66617,0.61479,14,21
test_234.png,5.21,188,0.66717,0.62076,7,21
test_234.png,10.42,375,0.67176,0.62653,4,21
test_235.png,0.0,0,0.64381,0.86642,4,2
test_235.png,0.21,8,0.64385,0.86679,1,2
test_235.png,0.52,19,0.64385,0.86679,1,2
test_235.png,1.04,37,0.64398,0.86729,0,2
test_235.png,2.08,75,0.64398,0.86729,0,2
test_235.png,5.21,188,0.64398,0.86729,0,2
test_235.png,10.42,375,0.64398,0.86729,0,2
test_236.png,0.0,0,0.51295,0.46991,63,39
test_236.png,0.21,8,0.51285,0.47049,43,39
test_236.png,0.52,19,0.5116,0.4681,34,38
test_236.png,1.04,37,0.51002,0.46715,29,38
test_236.png,2.08,75,0.50899,0.46659,24,38
test_236.png,5.21,188,0.50542,0.45699,18,38
test_236.png,10.42,375,0.51082,0.46243,13,38
test_237.png,0.0,0,0.81954,0.90711,8,93
test_237.png,0.21,8,0.81957,0.90727,5,93
test_237.png,0.52,19,0.81969,0.90855,3,93
test_237.png,1.04,37,0.81978,0.90896,2,93
test_237.png,2.08,75,0.81994,0.90966,1,93
test_237.png,5.21,188,0.82059,0.91088,0,93
test_237.png,10.42,375,0.82059,0.91088,0,93
test_238.png,0.0,0,0.72158,0.77038,42,22
test_238.png,0.21,8,0.72161,0.77089,30,22
test_238.png,0.52,19,0.72224,0.77319,24,22
test_238.png,1.04,37,0.72219,0.77308,19,22
test_238.png,2.08,75,0.72309,0.77399,14,22
test_238.png,5.21,188,0.72836,0.78773,8,22
test_238.png,10.42,375,0.7428,0.80733,2,21
test_239.png,0.0,0,0.29041,0.30746,83,59
test_239.png,0.21,8,0.29031,0.30754,53,59
test_239.png,0.52,19,0.29042,0.30834,37,59
test_239.png,1.04,37,0.28958,0.30678,35,59
test_239.png,2.08,75,0.28691,0.30333,28,59
test_239.png,5.21,188,0.28497,0.30322,17,59
test_239.png,10.42,375,0.28871,0.30817,11,57
test_240.png,0.0,0,0.43955,0.34853,113,27
test_240.png,0.21,8,0.43948,0.34837,78,27
test_240.png,0.52,19,0.43929,0.34797,70,27
test_240.png,1.04,37,0.43937,0.34664,60,27
test_240.png,2.08,75,0.43996,0.34591,43,27
test_240.png,5.21,188,0.44397,0.35011,26,27
test_240.png,10.42,375,0.45041,0.35495,19,27
test_241.png,0.0,0,0.61958,0.64995,49,54
test_241.png,0.21,8,0.61977,0.65179,30,54
test_241.png,0.52,19,0.61961,0.65166,26,54
test_241.png,1.04,37,0.62008,0.65332,22,54
test_241.png,2.08,75,0.62078,0.65587,19,54
test_241.png,5.21,188,0.62483,0.66527,11,54
test_241.png,10.42,375,0.62909,0.67241,7,54
test_242.png,0.0,0,0.66111,0.68932,85,78
test_242.png,0.21,8,0.66111,0.69033,51,78
test_242.png,0.52,19,0.66073,0.68985,40,78
test_242.png,1.04,37,0.66065,0.69161,27,78
test_242.png,2.08,75,0.66008,0.69106,22,78
test_242.png,5.21,188,0.65888,0.69116,15,76
test_242.png,10.42,375,0.65462,0.68503,7,76
test_243.png,0.0,0,0.88169,0.98264,4,6
test_243.png,0.21,8,0.8817,0.98275,2,6
test_243.png,0.52,19,0.8817,0.98275,2,6
test_243.png,1.04,37,0.88148,0.98273,1,6
test_243.png,2.08,75,0.88183,0.98348,0,6
test_243.png,5.21,188,0.88183,0.98348,0,6
test_243.png,10.42,375,0.88183,0.98348,0,6
test_244.png,0.0,0,0.59159,0.54588,93,29
test_244.png,0.21,8,0.59176,0.54835,63,29
test_244.png,0.52,19,0.59204,0.54995,55,29
test_244.png,1.04,37,0.59185,0.55172,48,29
test_244.png,2.08,75,0.59225,0.55359,41,29
test_244.png,5.21,188,0.59864,0.56654,25,29
test_244.png,10.42,375,0.59739,0.56989,16,29
test_245.png,0.0,0,0.74478,0.74354,58,31
test_245.png,0.21,8,0.74471,0.74463,37,31
test_245.png,0.52,19,0.74476,0.7456,30,31
test_245.png,1.04,37,0.74517,0.74884,23,31
test_245.png,2.08,75,0.74496,0.75124,16,31
test_245.png,5.21,188,0.74746,0.75575,12,31
test_245.png,10.42,375,0.75166,0.76895,8,31
test_246.png,0.0,0,0.12898,0.06496,100,66
test_246.png,0.21,8,0.12892,0.06486,61,66
test_246.png,0.52,19,0.1291,0.06517,44,66
test_246.png,1.04,37,0.12927,0.0654,37,66
test_246.png,2.08,75,0.12938,0.06475,26,66
test_246.png,5.21,188,0.13033,0.06541,16,66
test_246.png,10.42,375,0.13159,0.06627,11,66
test_247.png,0.0,0,0.75705,0.76595,38,10
test_247.png,0.21,8,0.75702,0.76702,27,10
test_247.png,0.52,19,0.75703,0.76798,23,10
test_247.png,1.04,37,0.75651,0.76708,20,10
test_247.png,2.08,75,0.75669,0.76954,15,10
test_247.png,5.21,188,0.75557,0.77089,12,10
test_247.png,10.42,375,0.75885,0.77775,10,10
test_248.png,0.0,0,0.89911,0.98026,3,55
test_248.png,0.21,8,0.89914,0.98103,0,55
test_248.png,0.52,19,0.89914,0.98103,0,55
test_248.png,1.04,37,0.89914,0.98103,0,55
test_248.png,2.08,75,0.89914,0.98103,0,55
test_248.png,5.21,188,0.89914,0.98103,0,55
test_248.png,10.42,375,0.89914,0.98103,0,55
test_249.png,0.0,0,0.86716,0.89876,30,21
test_249.png,0.21,8,0.86726,0.90014,19,21
test_249.png,0.52,19,0.86739,0.90122,15,21
test_249.png,1.04,37,0.86739,0.90122,15,21
test_249.png,2.08,75,0.86912,0.90608,10,21
test_249.png,5.21,188,0.87212,0.91385,6,21
test_249.png,10.42,375,0.8766,0.92089,3,21
test_250.png,0.0,0,0.85368,0.87242,19,61
test_250.png,0.21,8,0.85379,0.87373,13,61
test_250.png,0.52,19,0.85389,0.87439,12,61
test_250.png,1.04,37,0.8545,0.87848,8,61
test_250.png,2.08,75,0.85487,0.87981,7,61
test_250.png,5.21,188,0.85576,0.88249,6,61
test_250.png,10.42,375,0.8609,0.89223,3,61
test_251.png,0.0,0,0.34062,0.3934,58,38
test_251.png,0.21,8,0.3407,0.39425,32,38
test_251.png,0.52,19,0.34079,0.39469,25,38
test_251.png,1.04,37,0.34115,0.39544,19,38
test_251.png,2.08,75,0.34182,0.39668,13,38
test_251.png,5.21,188,0.34289,0.39822,10,38
test_251.png,10.42,375,0.34285,0.40145,4,37
test_252.png,0.0,0,0.40575,0.51009,37,41
test_252.png,0.21,8,0.40579,0.51053,25,41
test_252.png,0.52,19,0.40586,0.5113,20,41
test_252.png,1.04,37,0.40596,0.51199,17,41
test_252.png,2.08,75,0.4068,0.51421,12,41
test_252.png,5.21,188,0.40418,0.51054,8,41
test_252.png,10.42,375,0.40243,0.50767,7,41
test_253.png,0.0,0,0.82892,0.8962,22,38
test_253.png,0.21,8,0.82897,0.89692,12,38
test_253.png,0.52,19,0.82909,0.89768,10,38
test_253.png,1.04,37,0.82933,0.89838,8,37
test_253.png,2.08,75,0.82955,0.89908,7,37
test_253.png,5.21,188,0.83199,0.90763,2,37
test_253.png,10.42,375,0.83368,0.90971,1,37
test_254.png,0.0,0,0.74489,0.76366,29,61
test_254.png,0.21,8,0.74498,0.7647,16,61
test_254.png,0.52,19,0.74504,0.7651,15,61
test_254.png,1.04,37,0.74526,0.76571,13,61
test_254.png,2.08,75,0.74579,0.76698,11,61
test_254.png,5.21,188,0.74868,0.77323,6,61
test_254.png,10.42,375,0.75309,0.78096,3,61
test_255.png,0.0,0,0.20942,0.18834,113,29
test_255.png,0.21,8,0.209,0.18761,77,29
test_255.png,0.52,19,0.20863,0.18709,65,29
test_255.png,1.04,37,0.20821,0.18721,54,29
test_255.png,2.08,75,0.20686,0.1852,44,29
test_255.png,5.21,188,0.20087,0.18119,31,29
test_255.png,10.42,375,0.19328,0.16812,23,29
test_256.png,0.0,0,0.66823,0.60401,43,45
test_256.png,0.21,8,0.66802,0.60401,26,45
test_256.png,0.52,19,0.66796,0.6032,19,45
test_256.png,1.04,37,0.66749,0.60426,13,45
test_256.png,2.08,75,0.66708,0.60422,12,45
test_256.png,5.21,188,0.66588,0.60434,9,45
test_256.png,10.42,375,0.66362,0.6015,8,44
test_257.png,0.0,0,0.70037,0.72482,42,66
test_257.png,0.21,8,0.70062,0.7271,24,66
test_257.png,0.52,19,0.70085,0.72811,20,66
test_257.png,1.04,37,0.70124,0.72925,17,66
test_257.png,2.08,75,0.70235,0.73257,11,66
test_257.png,5.21,188,0.70248,0.73302,8,66
test_257.png,10.42,375,0.7071,0.73855,5,66
test_258.png,0.0,0,0.67646,0.72238,40,17
test_258.png,0.21,8,0.67665,0.72342,24,17
test_258.png,0.52,19,0.67677,0.72404,18,17
test_258.png,1.04,37,0.67671,0.72402,16,17
test_258.png,2.08,75,0.67728,0.72576,14,17
test_258.png,5.21,188,0.67993,0.72946,8,17
test_258.png,10.42,375,0.68402,0.73506,5,17
test_259.png,0.0,0,0.31472,0.32867,83,65
test_259.png,0.21,8,0.31478,0.32964,43,65
test_259.png,0.52,19,0.31481,0.33059,33,65
test_259.png,1.04,37,0.3143,0.32952,26,65
test_259.png,2.08,75,0.31516,0.33215,19,63
test_259.png,5.21,188,0.31579,0.33295,14,61
test_259.png,10.42,375,0.31708,0.33559,10,61
test_260.png,0.0,0,0.23171,0.21914,125,41
test_260.png,0.21,8,0.23136,0.21814,92,41
test_260.png,0.52,19,0.23141,0.21861,79,41
test_260.png,1.04,37,0.23109,0.21895,69,41
test_260.png,2.08,75,0.23011,0.21859,61,41
test_260.png,5.21,188,0.21897,0.20176,35,41
test_260.png,10.42,375,0.21072,0.19391,30,41
test_261.png,0.0,0,0.84677,0.95638,7,33
test_261.png,0.21,8,0.84683,0.95677,5,33
test_261.png,0.52,19,0.84701,0.95736,1,33
test_261.png,1.04,37,0.84701,0.95736,1,33
test_261.png,2.08,75,0.84724,0.95795,0,33
test_261.png,5.21,188,0.84724,0.95795,0,33
test_261.png,10.42,375,0.84724,0.95795,0,33
test_262.png,0.0,0,0.68033,0.7151,81,118
test_262.png,0.21,8,0.68026,0.71628,51,118
test_262.png,0.52,19,0.68023,0.71717,41,118
test_262.png,1.04,37,0.6797,0.71683,36,118
test_262.png,2.08,75,0.67856,0.71656,25,118
test_262.png,5.21,188,0.67806,0.71744,15,118
test_262.png,10.42,375,0.6728,0.71551,6,118
test_263.png,0.0,0,0.77782,0.91563,13,47
test_263.png,0.21,8,0.7779,0.9164,5,47
test_263.png,0.52,19,0.77802,0.91696,3,47
test_263.png,1.04,37,0.77802,0.91696,3,47
test_263.png,2.08,75,0.77852,0.91855,1,47
test_263.png,5.21,188,0.77911,0.91968,0,47
test_263.png,10.42,375,0.77911,0.91968,0,47
test_264.png,0.0,0,0.37519,0.42311,86,60
test_264.png,0.21,8,0.3754,0.42457,60,60
test_264.png,0.52,19,0.37535,0.42449,54,60
test_264.png,1.04,37,0.37602,0.42646,40,60
test_264.png,2.08,75,0.37447,0.42367,28,60
test_264.png,5.21,188,0.37215,0.4207,22,60
test_264.png,10.42,375,0.37054,0.42081,15,60
test_265.png,0.0,0,0.29182,0.34637,81,57
test_265.png,0.21,8,0.29175,0.34637,53,57
test_265.png,0.52,19,0.29202,0.34754,43,57
test_265.png,1.04,37,0.29201,0.34742,37,57
test_265.png,2.08,75,0.29217,0.34792,31,57
test_265.png,5.21,188,0.29245,0.34937,20,57
test_265.png,10.42,375,0.29349,0.35079,18,57
test_266.png,0.0,0,0.41403,0.548,49,5
test_266.png,0.21,8,0.41413,0.54915,33,5
test_266.png,0.52,19,0.41404,0.5491,29,5
test_266.png,1.04,37,0.41414,0.54949,27,5
test_266.png,2.08,75,0.4147,0.55102,21,4
test_266.png,5.21,188,0.41636,0.55377,15,4
test_266.png,10.42,375,0.41568,0.55198,9,4
test_267.png,0.0,0,0.72439,0.73027,30,1
test_267.png,0.21,8,0.72438,0.73085,25,1
test_267.png,0.52,19,0.72436,0.73073,23,1
test_267.png,1.04,37,0.72465,0.73188,19,1
test_267.png,2.08,75,0.72723,0.73842,14,1
test_267.png,5.21,188,0.73126,0.74957,7,1
test_267.png,10.42,375,0.73126,0.74957,7,1
test_268.png,0.0,0,0.8378,0.87119,25,17
test_268.png,0.21,8,0.83786,0.87278,15,17
test_268.png,0.52,19,0.83798,0.87425,12,17
test_268.png,1.04,37,0.83802,0.87606,9,17
test_268.png,2.08,75,0.83842,0.877,6,17
test_268.png,5.21,188,0.83842,0.877,6,17
test_268.png,10.42,375,0.84064,0.88766,3,16
test_269.png,0.0,0,0.83807,0.85107,21,99
test_269.png,0.21,8,0.83818,0.85211,17,99
test_269.png,0.52,19,0.83838,0.85296,15,99
test_269.png,1.04,37,0.83886,0.85486,12,99
test_269.png,2.08,75,0.83993,0.85744,9,99
test_269.png,5.21,188,0.8407,0.85965,8,98
test_269.png,10.42,375,0.84563,0.86585,5,98
test_270.png,0.0,0,0.34879,0.40742,75,67
test_270.png,0.21,8,0.34897,0.40872,49,67
test_270.png,0.52,19,0.34913,0.40904,36,67
test_270.png,1.04,37,0.34958,0.41088,24,67
test_270.png,2.08,75,0.35035,0.4121,16,67
test_270.png,5.21,188,0.35072,0.41318,7,67
test_270.png,10.42,375,0.35017,0.41269,5,67
test_271.png,0.0,0,0.62567,0.73052,25,12
test_271.png,0.21,8,0.6258,0.73203,18,12
test_271.png,0.52,19,0.62601,0.73323,15,12
test_271.png,1.04,37,0.62621,0.73399,14,12
test_271.png,2.08,75,0.62698,0.73528,12,12
test_271.png,5.21,188,0.62832,0.73749,10,12
test_271.png,10.42,375,0.6326,0.75111,8,12
test_272.png,0.0,0,0.63529,0.72019,27,7
test_272.png,0.21,8,0.63535,0.72156,19,7
test_272.png,0.52,19,0.63565,0.72308,16,7
test_272.png,1.04,37,0.63609,0.72501,13,7
test_272.png,2.08,75,0.63674,0.72663,11,7
test_272.png,5.21,188,0.64084,0.73336,7,7
test_272.png,10.42,375,0.63517,0.72417,5,7
test_273.png,0.0,0,0.36266,0.30205,71,50
test_273.png,0.21,8,0.36275,0.30257,44,50
test_273.png,0.52,19,0.36291,0.30288,34,50
test_273.png,1.04,37,0.36325,0.3036,30,50
test_273.png,2.08,75,0.36403,0.30455,26,50
test_273.png,5.21,188,0.36626,0.30644,20,50
test_273.png,10.42,375,0.37103,0.31143,13,50
test_274.png,0.0,0,0.71012,0.72319,28,26
test_274.png,0.21,8,0.71031,0.72532,14,26
test_274.png,0.52,19,0.71065,0.72755,10,26
test_274.png,1.04,37,0.7112,0.72954,7,26
test_274.png,2.08,75,0.71193,0.73254,5,26
test_274.png,5.21,188,0.71313,0.73625,3,25
test_274.png,10.42,375,0.71463,0.7382,2,25
test_275.png,0.0,0,0.74929,0.92818,13,20
test_275.png,0.21,8,0.74935,0.92849,9,20
test_275.png,0.52,19,0.74956,0.92958,5,20
test_275.png,1.04,37,0.74995,0.93052,2,20
test_275.png,2.08,75,0.74995,0.93052,2,20
test_275.png,5.21,188,0.75041,0.93149,1,20
test_275.png,10.42,375,0.75041,0.93149,1,20
test_276.png,0.0,0,0.45501,0.43629,82,38
test_276.png,0.21,8,0.45506,0.43698,48,38
test_276.png,0.52,19,0.45535,0.43853,36,38
test_276.png,1.04,37,0.45568,0.43988,28,38
test_276.png,2.08,75,0.45671,0.44219,23,38
test_276.png,5.21,188,0.46022,0.44745,16,38
test_276.png,10.42,375,0.46413,0.45291,10,38
test_277.png,0.0,0,0.16666,0.14931,76,31
test_277.png,0.21,8,0.16664,0.14916,55,31
test_277.png,0.52,19,0.16674,0.14946,49,31
test_277.png,1.04,37,0.16713,0.15019,41,30
test_277.png,2.08,75,0.16796,0.15141,33,30
test_277.png,5.21,188,0.16919,0.15255,28,30
test_277.png,10.42,375,0.17533,0.15881,16,30
test_278.png,0.0,0,0.70842,0.79418,10,196
test_278.png,0.21,8,0.70844,0.79446,5,196
test_278.png,0.52,19,0.70858,0.79502,2,196
test_278.png,1.04,37,0.70858,0.79502,2,196
test_278.png,2.08,75,0.70871,0.79547,1,196
test_278.png,5.21,188,0.70871,0.79547,1,196
test_278.png,10.42,375,0.70871,0.79547,1,196
test_279.png,0.0,0,0.5048,0.52823,56,111
test_279.png,0.21,8,0.50493,0.52978,30,111
test_279.png,0.52,19,0.50498,0.53063,24,111
test_279.png,1.04,37,0.50488,0.53076,21,111
test_279.png,2.08,75,0.50488,0.53076,21,111
test_279.png,5.21,188,0.50577,0.53445,17,111
test_279.png,10.42,375,0.49859,0.51692,14,111
test_280.png,0.0,0,0.70546,0.64234,55,77
test_280.png,0.21,8,0.7057,0.64441,30,77
test_280.png,0.52,19,0.70587,0.64572,27,77
test_280.png,1.04,37,0.7064,0.64849,23,77
test_280.png,2.08,75,0.70762,0.65486,18,77
test_280.png,5.21,188,0.71287,0.68724,9,77
test_280.png,10.42,375,0.72201,0.74802,1,77
test_281.png,0.0,0,0.51405,0.52753,75,68
test_281.png,0.21,8,0.51435,0.52948,44,68
test_281.png,0.52,19,0.5149,0.53107,34,68
test_281.png,1.04,37,0.51548,0.53226,29,68
test_281.png,2.08,75,0.51635,0.53284,19,68
test_281.png,5.21,188,0.51946,0.53697,14,68
test_281.png,10.42,375,0.5267,0.54758,8,65
test_282.png,0.0,0,0.56234,0.85778,6,57
test_282.png,0.21,8,0.56238,0.85826,2,57
test_282.png,0.52,19,0.56238,0.85826,2,57
test_282.png,1.04,37,0.56238,0.85826,2,57
test_282.png,2.08,75,0.56238,0.85826,2,57
test_282.png,5.21,188,0.56238,0.85826,2,57
test_282.png,10.42,375,0.56238,0.85826,2,57
test_283.png,0.0,0,0.79122,0.82951,22,107
test_283.png,0.21,8,0.79123,0.83017,5,107
test_283.png,0.52,19,0.79128,0.83058,4,107
test_283.png,1.04,37,0.79128,0.83058,4,107
test_283.png,2.08,75,0.79128,0.83058,4,107
test_283.png,5.21,188,0.79298,0.83585,1,107
test_283.png,10.42,375,0.79423,0.83822,0,106
test_284.png,0.0,0,0.38214,0.46474,15,39
test_284.png,0.21,8,0.38222,0.46602,9,39
test_284.png,0.52,19,0.38222,0.46602,9,39
test_284.png,1.04,37,0.38247,0.46837,7,39
test_284.png,2.08,75,0.38322,0.47316,4,39
test_284.png,5.21,188,0.38516,0.48395,2,39
test_284.png,10.42,375,0.38516,0.48395,2,39
test_285.png,0.0,0,0.21917,0.09163,55,78
test_285.png,0.21,8,0.21887,0.09158,31,78
test_285.png,0.52,19,0.21878,0.09036,23,78
test_285.png,1.04,37,0.21785,0.08567,19,78
test_285.png,2.08,75,0.21795,0.08574,18,78
test_285.png,5.21,188,0.21483,0.07196,15,78
test_285.png,10.42,375,0.21555,0.07211,13,78
test_286.png,0.0,0,0.568,0.61301,42,49
test_286.png,0.21,8,0.56822,0.61521,24,49
test_286.png,0.52,19,0.56844,0.61608,21,49
test_286.png,1.04,37,0.56889,0.61943,18,49
test_286.png,2.08,75,0.5707,0.62624,12,49
test_286.png,5.21,188,0.57392,0.63353,9,49
test_286.png,10.42,375,0.57595,0.63656,8,49
test_287.png,0.0,0,0.65912,0.92311,15,24
test_287.png,0.21,8,0.65914,0.92324,13,24
test_287.png,0.52,19,0.65938,0.92419,9,24
test_287.png,1.04,37,0.65938,0.92419,9,24
test_287.png,2.08,75,0.65989,0.92624,7,24
test_287.png,5.21,188,0.66228,0.93077,3,24
test_287.png,10.42,375,0.66316,0.93298,2,23
test_288.png,0.0,0,0.31766,0.31263,73,56
test_288.png,0.21,8,0.3177,0.31311,51,56
test_288.png,0.52,19,0.3174,0.31212,43,56
test_288.png,1.04,37,0.31673,0.31255,36,56
test_288.png,2.08,75,0.31525,0.31178,27,56
test_288.png,5.21,188,0.31655,0.3178,17,56
test_288.png,10.42,375,0.30592,0.30582,7,54
test_289.png,0.0,0,0.33372,0.34087,32,58
test_289.png,0.21,8,0.33377,0.34125,13,58
test_289.png,0.52,19,0.33383,0.34158,11,58
test_289.png,1.04,37,0.33392,0.342,10,58
test_289.png,2.08,75,0.33471,0.3443,6,58
test_289.png,5.21,188,0.33537,0.34566,4,58
test_289.png,10.42,375,0.33638,0.34716,3,58
test_290.png,0.0,0,0.00719,0.00531,68,25
test_290.png,0.21,8,0.00704,0.00504,42,25
test_290.png,0.52,19,0.00705,0.00505,37,25
test_290.png,1.04,37,0.00615,0.00429,31,25
test_290.png,2.08,75,0.00529,0.00391,25,25
test_290.png,5.21,188,0.00534,0.00396,19,24
test_290.png,10.42,375,0.00544,0.00403,13,21
test_291.png,0.0,0,0.45914,0.48267,36,5
test_291.png,0.21,8,0.45938,0.4849,27,5
test_291.png,0.52,19,0.45981,0.48852,22,5
test_291.png,1.04,37,0.46093,0.49387,17,5
test_291.png,2.08,75,0.46293,0.50589,12,5
test_291.png,5.21,188,0.47133,0.52687,4,4
test_291.png,10.42,375,0.47133,0.52687,4,4
test_292.png,0.0,0,0.55993,0.68712,13,22
test_292.png,0.21,8,0.55997,0.68751,7,22
test_292.png,0.52,19,0.56006,0.68776,5,22
test_292.png,1.04,37,0.56024,0.68845,3,22
test_292.png,2.08,75,0.55965,0.68793,2,22
test_292.png,5.21,188,0.55934,0.68847,1,22
test_292.png,10.42,375,0.55934,0.68847,1,22
test_293.png,0.0,0,0.77326,0.87366,11,19
test_293.png,0.21,8,0.77327,0.8739,8,19
test_293.png,0.52,19,0.77327,0.8739,8,19
test_293.png,1.04,37,0.77355,0.87511,6,19
test_293.png,2.08,75,0.77355,0.87511,6,19
test_293.png,5.21,188,0.77606,0.88149,2,19
test_293.png,10.42,375,0.77721,0.88405,1,19
test_294.png,0.0,0,0.81086,0.96039,1,40
test_294.png,0.21,8,0.81093,0.96074,4,40
test_294.png,0.52,19,0.81105,0.96101,6,40
test_294.png,1.04,37,0.81116,0.96124,7,40
test_294.png,2.08,75,0.81116,0.96124,7,40
test_294.png,5.21,188,0.81116,0.96124,7,40
test_294.png,10.42,375,0.81116,0.96124,7,40
test_295.png,0.0,0,0.68156,0.66962,11,40
test_295.png,0.21,8,0.68157,0.67004,9,40
test_295.png,0.52,19,0.6817,0.67048,7,40
test_295.png,1.04,37,0.6821,0.67256,4,40
test_295.png,2.08,75,0.68168,0.67199,3,40
test_295.png,5.21,188,0.68275,0.67394,1,40
test_295.png,10.42,375,0.68275,0.67394,1,40
test_296.png,0.0,0,0.33451,0.33383,106,58
test_296.png,0.21,8,0.33464,0.33494,74,58
test_296.png,0.52,19,0.33469,0.33516,65,58
test_296.png,1.04,37,0.33533,0.33687,52,58
test_296.png,2.08,75,0.33451,0.33749,41,58
test_296.png,5.21,188,0.33666,0.34132,21,57
test_296.png,10.42,375,0.33401,0.33783,13,57
test_297.png,0.0,0,0.63582,0.79534,26,33
test_297.png,0.21,8,0.63582,0.79534,26,33
test_297.png,0.52,19,0.63604,0.79633,23,33
test_297.png,1.04,37,0.63642,0.79806,20,33
test_297.png,2.08,75,0.63642,0.79806,20,33
test_297.png,5.21,188,0.63927,0.80419,15,33
test_297.png,10.42,375,0.64192,0.80853,13,33
test_298.png,0.0,0,0.2895,0.28525,42,115
test_298.png,0.21,8,0.28956,0.28568,30,115
test_298.png,0.52,19,0.28975,0.28644,23,115
test_298.png,1.04,37,0.29003,0.28744,19,115
test_298.png,2.08,75,0.29089,0.2897,12,115
test_298.png,5.21,188,0.29224,0.29269,6,115
test_298.png,10.42,375,0.29311,0.29416,5,115
test_299.png,0.0,0,0.63321,0.70893,14,57
test_299.png,0.21,8,0.63333,0.71,4,57
test_299.png,0.52,19,0.6335,0.71166,0,57
test_299.png,1.04,37,0.63374,0.71322,2,57
test_299.png,2.08,75,0.63405,0.71451,3,57
test_299.png,5.21,188,0.63405,0.71451,3,57
test_299.png,10.42,375,0.63505,0.71592,4,57
test_300.png,0.0,0,0.53437,0.48609,40,67
test_300.png,0.21,8,0.53461,0.48809,21,67
test_300.png,0.52,19,0.53484,0.48942,17,67
test_300.png,1.04,37,0.5354,0.49256,12,67
test_300.png,2.08,75,0.53604,0.4942,9,67
test_300.png,5.21,188,0.53785,0.49864,5,67
test_300.png,10.42,375,0.53886,0.50051,4,67
test_301.png,0.0,0,0.60784,0.6929,11,69
test_301.png,0.21,8,0.60787,0.69352,2,69
test_301.png,0.52,19,0.60787,0.69352,2,69
test_301.png,1.04,37,0.60787,0.69352,2,69
test_301.png,2.08,75,0.60803,0.69416,1,69
test_301.png,5.21,188,0.60803,0.69416,1,69
test_301.png,10.42,375,0.60803,0.69416,1,69
test_302.png,0.0,0,0.68012,0.65295,34,36
test_302.png,0.21,8,0.68043,0.65592,19,36
test_302.png,0.52,19,0.68106,0.65899,12,36
test_302.png,1.04,37,0.68117,0.65974,11,36
test_302.png,2.08,75,0.68235,0.66353,7,35
test_302.png,5.21,188,0.68334,0.66693,5,35
test_302.png,10.42,375,0.68891,0.6755,2,35
test_303.png,0.0,0,0.61803,0.50832,109,38
test_303.png,0.21,8,0.61928,0.51795,52,38
test_303.png,0.52,19,0.62014,0.52366,42,38
test_303.png,1.04,37,0.624,0.54541,23,37
test_303.png,2.08,75,0.62713,0.56453,15,37
test_303.png,5.21,188,0.62979,0.57453,11,37
test_303.png,10.42,375,0.63727,0.6062,7,37
test_304.png,0.0,0,0.57708,0.75098,8,49
test_304.png,0.21,8,0.57711,0.75162,2,49
test_304.png,0.52,19,0.57715,0.75219,1,49
test_304.png,1.04,37,0.57715,0.75219,1,49
test_304.png,2.08,75,0.57731,0.75291,0,49
test_304.png,5.21,188,0.57731,0.75291,0,49
test_304.png,10.42,375,0.57731,0.75291,0,49
test_305.png,0.0,0,0.37412,0.34123,52,65
test_305.png,0.21,8,0.37421,0.34167,38,65
test_305.png,0.52,19,0.37424,0.34179,32,65
test_305.png,1.04,37,0.37417,0.34155,22,64
test_305.png,2.08,75,0.37511,0.34309,15,64
test_305.png,5.21,188,0.37589,0.34366,13,64
test_305.png,10.42,375,0.38183,0.35008,5,64
test_306.png,0.0,0,0.79076,0.84097,52,11
test_306.png,0.21,8,0.79103,0.84307,44,11
test_306.png,0.52,19,0.79172,0.84642,38,11
test_306.png,1.04,37,0.79307,0.85168,33,11
test_306.png,2.08,75,0.79817,0.86499,23,11
test_306.png,5.21,188,0.8173,0.90159,8,11
test_306.png,10.42,375,0.83279,0.92611,3,11
test_307.png,0.0,0,0.57917,0.67648,28,62
test_307.png,0.21,8,0.57933,0.67857,5,62
test_307.png,0.52,19,0.57933,0.67857,5,62
test_307.png,1.04,37,0.57941,0.67904,4,62
test_307.png,2.08,75,0.57964,0.67982,3,62
test_307.png,5.21,188,0.58033,0.68193,1,62
test_307.png,10.42,375,0.58033,0.68193,1,62
test_308.png,0.0,0,0.56855,0.59493,136,11
test_308.png,0.21,8,0.56949,0.60104,93,11
test_308.png,0.52,19,0.57076,0.60498,77,11
test_308.png,1.04,37,0.57326,0.61101,64,11
test_308.png,2.08,75,0.57935,0.62199,49,11
test_308.png,5.21,188,0.59701,0.65156,29,11
test_308.png,10.42,375,0.62913,0.70094,13,11
test_309.png,0.0,0,0.78498,0.85063,20,19
test_309.png,0.21,8,0.78506,0.85146,15,19
test_309.png,0.52,19,0.78522,0.85246,13,19
test_309.png,1.04,37,0.78572,0.85383,10,19
test_309.png,2.08,75,0.78683,0.85853,6,19
test_309.png,5.21,188,0.78841,0.86165,4,19
test_309.png,10.42,375,0.79275,0.87008,1,18
test_310.png,0.0,0,0.80532,0.90162,21,8
test_310.png,0.21,8,0.80532,0.90179,16,8
test_310.png,0.52,19,0.80559,0.90346,11,8
test_310.png,1.04,37,0.80577,0.90399,10,8
test_310.png,2.08,75,0.80644,0.90605,7,8
test_310.png,5.21,188,0.80771,0.90765,5,8
test_310.png,10.42,375,0.80991,0.9106,3,8
test_311.png,0.0,0,0.74817,0.78266,20,100
test_311.png,0.21,8,0.74829,0.78412,7,100
test_311.png,0.52,19,0.7484,0.78532,5,100
test_311.png,1.04,37,0.7484,0.78532,5,100
test_311.png,2.08,75,0.74861,0.78665,4,100
test_311.png,5.21,188,0.74932,0.78968,3,100
test_311.png,10.42,375,0.75157,0.80055,1,98
test_312.png,0.0,0,0.7071,0.83917,10,23
test_312.png,0.21,8,0.70728,0.84016,2,23
test_312.png,0.52,19,0.70728,0.84016,2,23
test_312.png,1.04,37,0.70728,0.84016,2,23
test_312.png,2.08,75,0.70757,0.84069,1,23
test_312.png,5.21,188,0.70842,0.84213,1,23
test_312.png,10.42,375,0.70973,0.84394,2,23
test_313.png,0.0,0,0.23462,0.31921,26,46
test_313.png,0.21,8,0.23468,0.32003,12,46
test_313.png,0.52,19,0.2347,0.32083,6,46
test_313.png,1.04,37,0.23486,0.32266,2,46
test_313.png,2.08,75,0.23506,0.32319,0,46
test_313.png,5.21,188,0.23506,0.32319,0,46
test_313.png,10.42,375,0.23506,0.32319,0,46
test_314.png,0.0,0,0.68913,0.7112,40,14
test_314.png,0.21,8,0.6894,0.71396,19,14
test_314.png,0.52,19,0.68993,0.7181,13,14
test_314.png,1.04,37,0.69029,0.72013,11,14
test_314.png,2.08,75,0.69029,0.72013,11,14
test_314.png,5.21,188,0.69523,0.74002,6,14
test_314.png,10.42,375,0.69871,0.75181,4,10
test_315.png,0.0,0,0.79698,0.92112,10,70
test_315.png,0.21,8,0.79699,0.92124,8,70
test_315.png,0.52,19,0.79712,0.9217,6,70
test_315.png,1.04,37,0.79723,0.92187,5,70
test_315.png,2.08,75,0.79742,0.92282,4,70
test_315.png,5.21,188,0.79898,0.92588,1,70
test_315.png,10.42,375,0.79996,0.92748,0,70
test_316.png,0.0,0,0.21901,0.25307,35,69
test_316.png,0.21,8,0.219,0.2534,18,69
test_316.png,0.52,19,0.21887,0.2531,16,69
test_316.png,1.04,37,0.2188,0.25329,11,69
test_316.png,2.08,75,0.2188,0.25329,11,69
test_316.png,5.21,188,0.21899,0.25403,6,69
test_316.png,10.42,375,0.21978,0.25564,5,69
test_317.png,0.0,0,0.48354,0.4671,52,53
test_317.png,0.21,8,0.48352,0.46734,41,53
test_317.png,0.52,19,0.48372,0.46856,34,53
test_317.png,1.04,37,0.48474,0.47263,24,53
test_317.png,2.08,75,0.48537,0.47365,21,53
test_317.png,5.21,188,0.48785,0.47724,16,53
test_317.png,10.42,375,0.49014,0.48101,11,53
test_318.png,0.0,0,0.81587,0.86411,8,38
test_318.png,0.21,8,0.81588,0.86424,6,38
test_318.png,0.52,19,0.81599,0.86482,4,38
test_318.png,1.04,37,0.81615,0.86514,3,38
test_318.png,2.08,75,0.8165,0.86553,2,38
test_318.png,5.21,188,0.8165,0.86553,2,38
test_318.png,10.42,375,0.8165,0.86553,2,38
test_319.png,0.0,0,0.60699,0.63411,34,17
test_319.png,0.21,8,0.60674,0.63408,22,17
test_319.png,0.52,19,0.60676,0.63435,20,17
test_319.png,1.04,37,0.60649,0.63459,18,17
test_319.png,2.08,75,0.60668,0.63658,15,17
test_319.png,5.21,188,0.60292,0.63552,8,17
test_319.png,10.42,375,0.60406,0.63939,7,17
test_320.png,0.0,0,0.50391,0.56694,65,104
test_320.png,0.21,8,0.50411,0.56908,30,104
test_320.png,0.52,19,0.50436,0.56975,20,104
test_320.png,1.04,37,0.5047,0.57063,16,104
test_320.png,2.08,75,0.50541,0.57217,11,104
test_320.png,5.21,188,0.50875,0.57826,2,104
test_320.png,10.42,375,0.50968,0.5801,0,104
test_321.png,0.0,0,0.42067,0.44856,48,60
test_321.png,0.21,8,0.42061,0.44888,32,60
test_321.png,0.52,19,0.42018,0.4476,28,60
test_321.png,1.04,37,0.42034,0.44884,21,60
test_321.png,2.08,75,0.42111,0.44965,13,60
test_321.png,5.21,188,0.42407,0.45439,7,58
test_321.png,10.42,375,0.42173,0.45129,4,58
test_322.png,0.0,0,0.69022,0.69174,69,45
test_322.png,0.21,8,0.69045,0.69352,45,45
test_322.png,0.52,19,0.69039,0.69441,37,45
test_322.png,1.04,37,0.69037,0.69562,30,44
test_322.png,2.08,75,0.69058,0.69846,20,44
test_322.png,5.21,188,0.69251,0.70237,12,44
test_322.png,10.42,375,0.69529,0.7063,9,44
test_323.png,0.0,0,0.51229,0.55999,81,42
test_323.png,0.21,8,0.5124,0.56167,60,42
test_323.png,0.52,19,0.51268,0.56328,54,42
test_323.png,1.04,37,0.5138,0.56841,44,42
test_323.png,2.08,75,0.51706,0.57833,29,42
test_323.png,5.21,188,0.52392,0.59227,17,41
test_323.png,10.42,375,0.53496,0.61265,8,41
test_324.png,0.0,0,0.8886,0.95685,14,105
test_324.png,0.21,8,0.8885,0.95678,5,105
test_324.png,0.52,19,0.88845,0.95677,4,105
test_324.png,1.04,37,0.88832,0.95675,3,105
test_324.png,2.08,75,0.88775,0.9567,1,105
test_324.png,5.21,188,0.88825,0.95759,0,105
test_324.png,10.42,375,0.88825,0.95759,0,105
test_325.png,0.0,0,0.90742,0.98329,2,12
test_325.png,0.21,8,0.90741,0.98329,1,12
test_325.png,0.52,19,0.90741,0.98329,1,12
test_325.png,1.04,37,0.90741,0.98329,1,12
test_325.png,2.08,75,0.90741,0.98329,1,12
test_325.png,5.21,188,0.90686,0.98288,0,12
test_325.png,10.42,375,0.90686,0.98288,0,12
test_326.png,0.0,0,0.90388,0.98273,1,2
test_326.png,0.21,8,0.90388,0.98273,1,2
test_326.png,0.52,19,0.90388,0.98273,1,2
test_326.png,1.04,37,0.90402,0.98465,0,2
test_326.png,2.08,75,0.90402,0.98465,0,2
test_326.png,5.21,188,0.90402,0.98465,0,2
test_326.png,10.42,375,0.90399,0.98219,1,2
test_327.png,0.0,0,0.76002,0.87647,21,3
test_327.png,0.21,8,0.75999,0.87672,13,3
test_327.png,0.52,19,0.75974,0.87671,11,3
test_327.png,1.04,37,0.75882,0.87608,8,3
test_327.png,2.08,75,0.7581,0.87437,6,3
test_327.png,5.21,188,0.75747,0.87478,3,3
test_327.png,10.42,375,0.7569,0.8743,2,5
test_328.png,0.0,0,0.86142,0.9511,20,24
test_328.png,0.21,8,0.86122,0.95079,9,24
test_328.png,0.52,19,0.86096,0.95048,6,24
test_328.png,1.04,37,0.8608,0.95038,5,24
test_328.png,2.08,75,0.8608,0.95038,5,24
test_328.png,5.21,188,0.85892,0.94737,3,24
test_328.png,10.42,375,0.85663,0.94398,2,24
test_329.png,0.0,0,0.84708,0.97211,0,2
test_329.png,0.21,8,0.84708,0.97211,0,2
test_329.png,0.52,19,0.84708,0.97211,0,2
test_329.png,1.04,37,0.84708,0.97211,0,2
test_329.png,2.08,75,0.84708,0.97211,0,2
test_329.png,5.21,188,0.84708,0.97211,0,2
test_329.png,10.42,375,0.84708,0.97211,0,2
test_330.png,0.0,0,0.92673,0.99409,2,3
test_330.png,0.21,8,0.92673,0.99409,1,3
test_330.png,0.52,19,0.92673,0.99409,1,3
test_330.png,1.04,37,0.92652,0.99409,0,3
test_330.png,2.08,75,0.92652,0.99409,0,3
test_330.png,5.21,188,0.92652,0.99409,0,3
test_330.png,10.42,375,0.92652,0.99409,0,3
test_331.png,0.0,0,0.66278,0.61041,33,50
test_331.png,0.21,8,0.66277,0.61079,25,50
test_331.png,0.52,19,0.66259,0.61043,20,50
test_331.png,1.04,37,0.66293,0.61129,17,50
test_331.png,2.08,75,0.66309,0.61327,11,50
test_331.png,5.21,188,0.66487,0.61782,4,50
test_331.png,10.42,375,0.6674,0.62063,2,50
test_332.png,0.0,0,0.92605,0.97624,0,11
test_332.png,0.21,8,0.92605,0.97624,0,11
test_332.png,0.52,19,0.92605,0.97624,0,11
test_332.png,1.04,37,0.92605,0.97624,0,11
test_332.png,2.08,75,0.92605,0.97624,0,11
test_332.png,5.21,188,0.92605,0.97624,0,11
test_332.png,10.42,375,0.92605,0.97624,0,11
test_333.png,0.0,0,0.84987,0.9557,8,4
test_333.png,0.21,8,0.84989,0.95594,4,4
test_333.png,0.52,19,0.84989,0.95616,1,4
test_333.png,1.04,37,0.84989,0.95616,1,4
test_333.png,2.08,75,0.85018,0.95664,0,4
test_333.png,5.21,188,0.84943,0.95549,1,4
test_333.png,10.42,375,0.84943,0.95549,1,4
test_334.png,0.0,0,0.88225,0.98606,3,12
test_334.png,0.21,8,0.88227,0.98624,1,12
test_334.png,0.52,19,0.88227,0.98624,1,12
test_334.png,1.04,37,0.88227,0.98624,1,12
test_334.png,2.08,75,0.88255,0.9866,0,12
test_334.png,5.21,188,0.88255,0.9866,0,12
test_334.png,10.42,375,0.88197,0.98522,1,12
test_335.png,0.0,0,0.90654,0.96921,3,172
test_335.png,0.21,8,0.90653,0.96921,2,172
test_335.png,0.52,19,0.90649,0.96924,0,172
test_335.png,1.04,37,0.90649,0.96924,0,172
test_335.png,2.08,75,0.90649,0.96924,0,172
test_335.png,5.21,188,0.90649,0.96924,0,172
test_335.png,10.42,375,0.90649,0.96924,0,172
test_336.png,0.0,0,0.73406,0.75161,59,33
test_336.png,0.21,8,0.73399,0.75211,42,33
test_336.png,0.52,19,0.73364,0.75202,36,33
test_336.png,1.04,37,0.73391,0.75397,32,33
test_336.png,2.08,75,0.73391,0.75493,25,33
test_336.png,5.21,188,0.73162,0.75576,14,32
test_336.png,10.42,375,0.72899,0.75638,11,32
test_337.png,0.0,0,0.60033,0.56427,75,39
test_337.png,0.21,8,0.60049,0.56544,52,39
test_337.png,0.52,19,0.60074,0.56649,46,39
test_337.png,1.04,37,0.60172,0.57036,35,39
test_337.png,2.08,75,0.60275,0.57393,26,39
test_337.png,5.21,188,0.60615,0.57959,19,39
test_337.png,10.42,375,0.61182,0.58767,13,39
test_338.png,0.0,0,0.8972,0.93372,13,37
test_338.png,0.21,8,0.89711,0.93365,8,37
test_338.png,0.52,19,0.89715,0.93415,5,37
test_338.png,1.04,37,0.89718,0.93461,4,37
test_338.png,2.08,75,0.89734,0.93731,2,37
test_338.png,5.21,188,0.89795,0.93912,1,37
test_338.png,10.42,375,0.89642,0.93546,0,37
test_339.png,0.0,0,0.90613,0.99322,1,9
test_339.png,0.21,8,0.90615,0.99338,0,9
test_339.png,0.52,19,0.90615,0.99338,0,9
test_339.png,1.04,37,0.90615,0.99338,0,9
test_339.png,2.08,75,0.90615,0.99338,0,9
test_339.png,5.21,188,0.90615,0.99338,0,9
test_339.png,10.42,375,0.90615,0.99338,0,9
test_340.png,0.0,0,0.9172,0.99962,0,1
test_340.png,0.21,8,0.9172,0.99962,0,1
test_340.png,0.52,19,0.9172,0.99962,0,1
test_340.png,1.04,37,0.9172,0.99962,0,1
test_340.png,2.08,75,0.9172,0.99962,0,1
test_340.png,5.21,188,0.9172,0.99962,0,1
test_340.png,10.42,375,0.9172,0.99962,0,1
test_341.png,0.0,0,0.31038,0.31642,139,117
test_341.png,0.21,8,0.31057,0.3187,58,117
test_341.png,0.52,19,0.31091,0.32036,48,117
test_341.png,1.04,37,0.31115,0.32108,37,117
test_341.png,2.08,75,0.31005,0.31701,30,117
test_341.png,5.21,188,0.31006,0.31724,25,116
test_341.png,10.42,375,0.31829,0.33188,15,115
test_342.png,0.0,0,0.44794,0.50725,42,46
test_342.png,0.21,8,0.44776,0.50733,23,46
test_342.png,0.52,19,0.44736,0.50703,19,46
test_342.png,1.04,37,0.44593,0.50528,12,46
test_342.png,2.08,75,0.44546,0.50543,9,46
test_342.png,5.21,188,0.44573,0.50669,8,46
test_342.png,10.42,375,0.44573,0.50669,8,46
test_343.png,0.0,0,0.87278,0.97423,6,19
test_343.png,0.21,8,0.87274,0.97433,1,19
test_343.png,0.52,19,0.87274,0.97433,1,19
test_343.png,1.04,37,0.87288,0.97473,0,19
test_343.png,2.08,75,0.87288,0.97473,0,19
test_343.png,5.21,188,0.87288,0.97473,0,19
test_343.png,10.42,375,0.87288,0.97473,0,19
test_344.png,0.0,0,0.53747,0.47177,77,15
test_344.png,0.21,8,0.53739,0.47196,49,15
test_344.png,0.52,19,0.53746,0.47236,44,15
test_344.png,1.04,37,0.53764,0.47295,39,15
test_344.png,2.08,75,0.53615,0.47123,31,15
test_344.png,5.21,188,0.53512,0.4739,20,15
test_344.png,10.42,375,0.52902,0.46816,9,15
test_345.png,0.0,0,0.76955,0.78851,22,6
test_345.png,0.21,8,0.76946,0.7887,14,6
test_345.png,0.52,19,0.76921,0.78894,10,6
test_345.png,1.04,37,0.76921,0.78988,7,6
test_345.png,2.08,75,0.7687,0.79133,4,6
test_345.png,5.21,188,0.76922,0.79683,1,6
test_345.png,10.42,375,0.76922,0.79683,1,6
test_346.png,0.0,0,0.89317,0.96952,13,0
test_346.png,0.21,8,0.89316,0.96968,8,0
test_346.png,0.52,19,0.89325,0.9702,6,0
test_346.png,1.04,37,0.89343,0.97089,2,0
test_346.png,2.08,75,0.89343,0.97089,2,0
test_346.png,5.21,188,0.89343,0.97089,2,0
test_346.png,10.42,375,0.89343,0.97089,2,0
test_347.png,0.0,0,0.6992,0.85496,27,32
test_347.png,0.21,8,0.69923,0.85557,18,32
test_347.png,0.52,19,0.69927,0.85586,17,32
test_347.png,1.04,37,0.69933,0.85601,14,32
test_347.png,2.08,75,0.69958,0.8562,13,32
test_347.png,5.21,188,0.7,0.85773,12,32
test_347.png,10.42,375,0.7,0.85773,12,32
test_348.png,0.0,0,0.73334,0.89255,21,9
test_348.png,0.21,8,0.73333,0.89311,12,9
test_348.png,0.52,19,0.73345,0.89416,9,9
test_348.png,1.04,37,0.73407,0.89555,3,9
test_348.png,2.08,75,0.73444,0.89617,2,9
test_348.png,5.21,188,0.73444,0.89617,2,9
test_348.png,10.42,375,0.73477,0.89653,1,9
test_349.png,0.0,0,0.91532,0.96221,9,18
test_349.png,0.21,8,0.91533,0.96237,6,18
test_349.png,0.52,19,0.91545,0.96318,2,18
test_349.png,1.04,37,0.91545,0.96318,2,18
test_349.png,2.08,75,0.91545,0.96318,2,18
test_349.png,5.21,188,0.9165,0.96537,0,18
test_349.png,10.42,375,0.9165,0.96537,0,18
test_350.png,0.0,0,0.80232,0.96371,17,4
test_350.png,0.21,8,0.80243,0.96467,9,4
test_350.png,0.52,19,0.80258,0.96505,6,4
test_350.png,1.04,37,0.80288,0.96601,4,4
test_350.png,2.08,75,0.80376,0.96819,1,4
test_350.png,5.21,188,0.80478,0.97045,0,3
test_350.png,10.42,375,0.80478,0.97045,0,3
test_351.png,0.0,0,0.90536,0.96663,6,13
test_351.png,0.21,8,0.9054,0.96698,3,13
test_351.png,0.52,19,0.90553,0.96727,1,13
test_351.png,1.04,37,0.90567,0.96738,0,13
test_351.png,2.08,75,0.90567,0.96738,0,13
test_351.png,5.21,188,0.90612,0.96784,1,13
test_351.png,10.42,375,0.90612,0.96784,1,13
test_352.png,0.0,0,0.91084,0.97823,7,104
test_352.png,0.21,8,0.91076,0.97814,2,104
test_352.png,0.52,19,0.91076,0.97814,2,104
test_352.png,1.04,37,0.91076,0.97814,2,104
test_352.png,2.08,75,0.91076,0.97814,2,104
test_352.png,5.21,188,0.91083,0.97806,0,104
test_352.png,10.42,375,0.91083,0.97806,0,104
test_353.png,0.0,0,0.89872,0.98904,3,9
test_353.png,0.21,8,0.89875,0.98929,1,9
test_353.png,0.52,19,0.89875,0.98929,1,9
test_353.png,1.04,37,0.89875,0.98929,1,9
test_353.png,2.08,75,0.89902,0.98998,0,9
test_353.png,5.21,188,0.89902,0.98998,0,9
test_353.png,10.42,375,0.89902,0.98998,0,9
test_354.png,0.0,0,0.8858,0.9879,3,0
test_354.png,0.21,8,0.88585,0.98841,1,0
test_354.png,0.52,19,0.88585,0.98841,1,0
test_354.png,1.04,37,0.88603,0.98982,0,0
test_354.png,2.08,75,0.88603,0.98982,0,0
test_354.png,5.21,188,0.88603,0.98982,0,0
test_354.png,10.42,375,0.88603,0.98982,0,0
test_355.png,0.0,0,0.91817,0.97756,2,0
test_355.png,0.21,8,0.91818,0.97765,1,0
test_355.png,0.52,19,0.91818,0.97765,1,0
test_355.png,1.04,37,0.91818,0.97765,1,0
test_355.png,2.08,75,0.91847,0.98156,0,0
test_355.png,5.21,188,0.91847,0.98156,0,0
test_355.png,10.42,375,0.91847,0.98156,0,0
test_356.png,0.0,0,0.88658,0.97802,5,36
test_356.png,0.21,8,0.88663,0.97857,3,36
test_356.png,0.52,19,0.88663,0.97857,3,36
test_356.png,1.04,37,0.88678,0.97863,2,36
test_356.png,2.08,75,0.88678,0.97863,2,36
test_356.png,5.21,188,0.88678,0.97863,2,36
test_356.png,10.42,375,0.88647,0.97932,1,36
test_357.png,0.0,0,0.92391,0.9959,0,13
test_357.png,0.21,8,0.92391,0.9959,0,13
test_357.png,0.52,19,0.92391,0.9959,0,13
test_357.png,1.04,37,0.92391,0.9959,0,13
test_357.png,2.08,75,0.92391,0.9959,0,13
test_357.png,5.21,188,0.92391,0.9959,0,13
test_357.png,10.42,375,0.92391,0.9959,0,13
test_358.png,0.0,0,0.92559,0.99937,0,0
test_358.png,0.21,8,0.92559,0.99937,0,0
test_358.png,0.52,19,0.92559,0.99937,0,0
test_358.png,1.04,37,0.92559,0.99937,0,0
test_358.png,2.08,75,0.92559,0.99937,0,0
test_358.png,5.21,188,0.92559,0.99937,0,0
test_358.png,10.42,375,0.92559,0.99937,0,0
test_359.png,0.0,0,0.23922,0.28202,69,119
test_359.png,0.21,8,0.23913,0.28155,27,119
test_359.png,0.52,19,0.23883,0.28041,20,119
test_359.png,1.04,37,0.23862,0.28015,12,119
test_359.png,2.08,75,0.23824,0.27841,6,119
test_359.png,5.21,188,0.23859,0.27964,4,119
test_359.png,10.42,375,0.23966,0.28197,1,119
test_360.png,0.0,0,0.75913,0.78244,48,19
test_360.png,0.21,8,0.75928,0.78413,34,19
test_360.png,0.52,19,0.75966,0.7866,27,19
test_360.png,1.04,37,0.76035,0.7898,21,19
test_360.png,2.08,75,0.76087,0.79084,19,19
test_360.png,5.21,188,0.76307,0.79709,14,19
test_360.png,10.42,375,0.76635,0.80315,11,19
test_361.png,0.0,0,0.89678,0.95128,22,17
test_361.png,0.21,8,0.89682,0.95211,15,17
test_361.png,0.52,19,0.89714,0.95422,11,17
test_361.png,1.04,37,0.89731,0.95562,8,17
test_361.png,2.08,75,0.89817,0.95801,5,17
test_361.png,5.21,188,0.89966,0.96042,3,17
test_361.png,10.42,375,0.90113,0.9637,2,17
test_362.png,0.0,0,0.73569,0.84319,47,20
test_362.png,0.21,8,0.73577,0.84461,25,20
test_362.png,0.52,19,0.73588,0.84555,20,20
test_362.png,1.04,37,0.73535,0.84561,15,20
test_362.png,2.08,75,0.73633,0.84868,11,20
test_362.png,5.21,188,0.73909,0.85281,6,20
test_362.png,10.42,375,0.73909,0.85281,6,20
test_363.png,0.0,0,0.75505,0.80843,28,0
test_363.png,0.21,8,0.75464,0.80784,14,0
test_363.png,0.52,19,0.7543,0.80867,9,0
test_363.png,1.04,37,0.75338,0.80896,4,0
test_363.png,2.08,75,0.75298,0.80938,3,0
test_363.png,5.21,188,0.75239,0.80917,2,0
test_363.png,10.42,375,0.75049,0.80755,1,0
test_364.png,0.0,0,0.78938,0.83857,36,23
test_364.png,0.21,8,0.78945,0.83954,25,23
test_364.png,0.52,19,0.7897,0.84165,19,23
test_364.png,1.04,37,0.79006,0.84301,17,23
test_364.png,2.08,75,0.79096,0.84596,14,23
test_364.png,5.21,188,0.7925,0.85031,10,23
test_364.png,10.42,375,0.79201,0.85141,9,23
test_365.png,0.0,0,0.91286,0.96297,15,136
test_365.png,0.21,8,0.91296,0.96392,7,136
test_365.png,0.52,19,0.91308,0.96452,5,136
test_365.png,1.04,37,0.91342,0.96542,3,136
test_365.png,2.08,75,0.91342,0.96542,3,136
test_365.png,5.21,188,0.91391,0.96632,2,136
test_365.png,10.42,375,0.91527,0.96874,1,136
test_366.png,0.0,0,0.88527,0.96911,8,1
test_366.png,0.21,8,0.88526,0.96933,5,1
test_366.png,0.52,19,0.88519,0.96956,2,1
test_366.png,1.04,37,0.88551,0.97025,0,1
test_366.png,2.08,75,0.88551,0.97025,0,1
test_366.png,5.21,188,0.88551,0.97025,0,1
test_366.png,10.42,375,0.88551,0.97025,0,1
test_367.png,0.0,0,0.62791,0.81159,54,35
test_367.png,0.21,8,0.62813,0.81319,32,35
test_367.png,0.52,19,0.62815,0.81395,21,35
test_367.png,1.04,37,0.62885,0.81606,11,35
test_367.png,2.08,75,0.6305,0.81878,4,35
test_367.png,5.21,188,0.63133,0.81992,2,35
test_367.png,10.42,375,0.63174,0.81992,1,34
test_368.png,0.0,0,0.8624,0.93222,14,23
test_368.png,0.21,8,0.86234,0.93221,9,23
test_368.png,0.52,19,0.86238,0.9326,8,23
test_368.png,1.04,37,0.86249,0.93293,7,23
test_368.png,2.08,75,0.86278,0.93371,6,23
test_368.png,5.21,188,0.86339,0.93997,1,23
test_368.png,10.42,375,0.86339,0.93997,1,23
test_369.png,0.0,0,0.25779,0.23057,74,9
test_369.png,0.21,8,0.2575,0.23066,64,9
test_369.png,0.52,19,0.25669,0.23026,55,9
test_369.png,1.04,37,0.25412,0.23028,45,9
test_369.png,2.08,75,0.25193,0.23081,37,9
test_369.png,5.21,188,0.2377,0.21869,23,10
test_369.png,10.42,375,0.20439,0.18635,14,10
test_370.png,0.0,0,0.72632,0.77569,44,23
test_370.png,0.21,8,0.72633,0.77631,32,23
test_370.png,0.52,19,0.72632,0.77644,29,23
test_370.png,1.04,37,0.72638,0.77731,19,23
test_370.png,2.08,75,0.72684,0.77935,13,23
test_370.png,5.21,188,0.72587,0.7803,11,23
test_370.png,10.42,375,0.7234,0.77787,10,23
test_371.png,0.0,0,0.71828,0.70302,52,38
test_371.png,0.21,8,0.71815,0.70322,36,38
test_371.png,0.52,19,0.71764,0.70344,29,38
test_371.png,1.04,37,0.71773,0.70491,23,38
test_371.png,2.08,75,0.71608,0.70512,14,38
test_371.png,5.21,188,0.71763,0.70833,10,38
test_371.png,10.42,375,0.71931,0.71126,9,38
test_372.png,0.0,0,0.76618,0.77343,51,76
test_372.png,0.21,8,0.76621,0.77439,35,76
test_372.png,0.52,19,0.76655,0.77568,26,76
test_372.png,1.04,37,0.76706,0.77716,22,76
test_372.png,2.08,75,0.76674,0.77674,16,76
test_372.png,5.21,188,0.7698,0.7827,7,76
test_372.png,10.42,375,0.77431,0.78958,2,76
test_373.png,0.0,0,0.78106,0.89251,14,36
test_373.png,0.21,8,0.78114,0.89308,8,36
test_373.png,0.52,19,0.78129,0.89395,3,36
test_373.png,1.04,37,0.78146,0.89434,1,36
test_373.png,2.08,75,0.78146,0.89434,1,36
test_373.png,5.21,188,0.78146,0.89434,1,36
test_373.png,10.42,375,0.78283,0.89665,0,36
test_374.png,0.0,0,0.60763,0.6037,90,27
test_374.png,0.21,8,0.60765,0.60478,61,27
test_374.png,0.52,19,0.60684,0.60184,49,27
test_374.png,1.04,37,0.60606,0.60083,37,27
test_374.png,2.08,75,0.60625,0.60253,28,27
test_374.png,5.21,188,0.60501,0.60686,14,26
test_374.png,10.42,375,0.60167,0.60431,8,26
test_375.png,0.0,0,0.74587,0.86271,11,24
test_375.png,0.21,8,0.74592,0.86299,5,24
test_375.png,0.52,19,0.74592,0.86299,5,24
test_375.png,1.04,37,0.74607,0.86311,4,24
test_375.png,2.08,75,0.74607,0.86311,4,24
test_375.png,5.21,188,0.74706,0.8641,2,24
test_375.png,10.42,375,0.74794,0.86502,1,24
test_376.png,0.0,0,0.65783,0.66131,50,88
test_376.png,0.21,8,0.65784,0.66165,32,88
test_376.png,0.52,19,0.6581,0.66279,24,88
test_376.png,1.04,37,0.65824,0.66384,19,88
test_376.png,2.08,75,0.65801,0.66415,16,88
test_376.png,5.21,188,0.65747,0.66082,6,88
test_376.png,10.42,375,0.66001,0.6649,3,88
test_377.png,0.0,0,0.72487,0.72868,14,75
test_377.png,0.21,8,0.72491,0.72912,11,75
test_377.png,0.52,19,0.72501,0.7294,9,75
test_377.png,1.04,37,0.72535,0.73056,6,75
test_377.png,2.08,75,0.72597,0.73134,4,75
test_377.png,5.21,188,0.7282,0.73586,0,74
test_377.png,10.42,375,0.72973,0.73897,1,74
test_378.png,0.0,0,0.76023,0.72332,37,86
test_378.png,0.21,8,0.76031,0.72413,21,86
test_378.png,0.52,19,0.76032,0.72416,19,86
test_378.png,1.04,37,0.76051,0.72491,17,86
test_378.png,2.08,75,0.76086,0.72603,13,86
test_378.png,5.21,188,0.76344,0.73045,8,85
test_378.png,10.42,375,0.76753,0.73714,4,85
test_379.png,0.0,0,0.57352,0.57859,86,75
test_379.png,0.21,8,0.57357,0.57959,54,75
test_379.png,0.52,19,0.57328,0.57948,43,75
test_379.png,1.04,37,0.57247,0.57767,33,75
test_379.png,2.08,75,0.5746,0.5828,21,74
test_379.png,5.21,188,0.57686,0.59054,7,74
test_379.png,10.42,375,0.57815,0.59458,0,73
test_380.png,0.0,0,0.72124,0.71901,35,96
test_380.png,0.21,8,0.72138,0.72017,18,96
test_380.png,0.52,19,0.72139,0.72058,11,96
test_380.png,1.04,37,0.72165,0.72116,8,96
test_380.png,2.08,75,0.7219,0.72173,7,96
test_380.png,5.21,188,0.72322,0.72431,3,96
test_380.png,10.42,375,0.72327,0.72503,0,96
test_381.png,0.0,0,0.62937,0.6193,47,89
test_381.png,0.21,8,0.62931,0.61919,26,89
test_381.png,0.52,19,0.62938,0.61938,20,89
test_381.png,1.04,37,0.62899,0.61873,16,89
test_381.png,2.08,75,0.62859,0.61781,14,88
test_381.png,5.21,188,0.62748,0.6173,9,88
test_381.png,10.42,375,0.62564,0.61579,6,88
test_382.png,0.0,0,0.41894,0.4828,66,72
test_382.png,0.21,8,0.41915,0.48448,35,72
test_382.png,0.52,19,0.41941,0.48585,27,72
test_382.png,1.04,37,0.41988,0.4873,21,72
test_382.png,2.08,75,0.42184,0.49226,9,72
test_382.png,5.21,188,0.42358,0.49448,4,72
test_382.png,10.42,375,0.42485,0.49742,2,72
test_383.png,0.0,0,0.55078,0.56972,47,81
test_383.png,0.21,8,0.55091,0.57093,27,81
test_383.png,0.52,19,0.55088,0.57133,19,81
test_383.png,1.04,37,0.55088,0.57133,19,81
test_383.png,2.08,75,0.55128,0.57237,16,81
test_383.png,5.21,188,0.55176,0.57229,9,81
test_383.png,10.42,375,0.55087,0.57075,7,81
test_384.png,0.0,0,0.63462,0.5809,44,38
test_384.png,0.21,8,0.63452,0.58109,31,38
test_384.png,0.52,19,0.63454,0.58194,23,38
test_384.png,1.04,37,0.63426,0.58124,15,38
test_384.png,2.08,75,0.63377,0.58142,13,38
test_384.png,5.21,188,0.63352,0.58241,11,38
test_384.png,10.42,375,0.62933,0.58235,7,38
test_385.png,0.0,0,0.78035,0.79098,19,132
test_385.png,0.21,8,0.78034,0.79121,12,132
test_385.png,0.52,19,0.78047,0.79201,9,132
test_385.png,1.04,37,0.78056,0.79233,8,132
test_385.png,2.08,75,0.78056,0.79233,8,132
test_385.png,5.21,188,0.78128,0.79359,4,132
test_385.png,10.42,375,0.78109,0.79412,2,132
test_386.png,0.0,0,0.55756,0.58912,48,80
test_386.png,0.21,8,0.5576,0.59019,26,80
test_386.png,0.52,19,0.55749,0.59038,17,80
test_386.png,1.04,37,0.55774,0.59206,12,80
test_386.png,2.08,75,0.55809,0.593,10,80
test_386.png,5.21,188,0.55869,0.59467,7,80
test_386.png,10.42,375,0.56159,0.59971,4,80
test_387.png,0.0,0,0.72213,0.6206,30,59
test_387.png,0.21,8,0.7221,0.62096,22,59
test_387.png,0.52,19,0.72243,0.62181,17,59
test_387.png,1.04,37,0.72215,0.62219,13,59
test_387.png,2.08,75,0.72266,0.62313,11,59
test_387.png,5.21,188,0.72367,0.62485,8,59
test_387.png,10.42,375,0.7219,0.62445,4,59
test_388.png,0.0,0,0.78633,0.86715,9,58
test_388.png,0.21,8,0.78638,0.86782,5,58
test_388.png,0.52,19,0.78646,0.86805,4,58
test_388.png,1.04,37,0.78671,0.87002,2,58
test_388.png,2.08,75,0.78671,0.87002,2,58
test_388.png,5.21,188,0.78809,0.87329,0,58
test_388.png,10.42,375,0.78809,0.87329,0,58
test_389.png,0.0,0,0.56549,0.6091,72,36
test_389.png,0.21,8,0.56566,0.61105,40,36
test_389.png,0.52,19,0.56597,0.61228,34,36
test_389.png,1.04,37,0.56691,0.61492,26,36
test_389.png,2.08,75,0.56829,0.61825,18,36
test_389.png,5.21,188,0.57201,0.62331,10,36
test_389.png,10.42,375,0.57309,0.62445,7,36
test_390.png,0.0,0,0.73297,0.70668,45,97
test_390.png,0.21,8,0.73291,0.70688,23,97
test_390.png,0.52,19,0.73311,0.70765,17,97
test_390.png,1.04,37,0.73333,0.70815,15,97
test_390.png,2.08,75,0.73406,0.70945,11,97
test_390.png,5.21,188,0.73553,0.71295,3,97
test_390.png,10.42,375,0.73681,0.7129,0,97
test_391.png,0.0,0,0.81274,0.92372,10,32
test_391.png,0.21,8,0.81277,0.9242,4,32
test_391.png,0.52,19,0.81282,0.92447,3,32
test_391.png,1.04,37,0.81282,0.92447,3,32
test_391.png,2.08,75,0.81302,0.92475,2,32
test_391.png,5.21,188,0.81379,0.92656,1,32
test_391.png,10.42,375,0.81379,0.92656,1,32
test_392.png,0.0,0,0.65615,0.67119,51,116
test_392.png,0.21,8,0.65617,0.67166,31,116
test_392.png,0.52,19,0.65606,0.67183,25,116
test_392.png,1.04,37,0.6563,0.67248,21,116
test_392.png,2.08,75,0.65595,0.67274,14,116
test_392.png,5.21,188,0.65547,0.67226,10,116
test_392.png,10.42,375,0.65265,0.66432,6,116
test_393.png,0.0,0,0.56359,0.52763,25,55
test_393.png,0.21,8,0.5636,0.52775,12,55
test_393.png,0.52,19,0.5636,0.52775,12,55
test_393.png,1.04,37,0.56409,0.52893,8,55
test_393.png,2.08,75,0.56497,0.52995,5,55
test_393.png,5.21,188,0.56497,0.52995,5,55
test_393.png,10.42,375,0.56707,0.53204,3,55
test_394.png,0.0,0,0.80778,0.8641,27,19
test_394.png,0.21,8,0.80797,0.8658,19,19
test_394.png,0.52,19,0.80853,0.86828,12,19
test_394.png,1.04,37,0.80892,0.87042,8,19
test_394.png,2.08,75,0.80968,0.87179,6,19
test_394.png,5.21,188,0.8116,0.87587,3,19
test_394.png,10.42,375,0.81361,0.8806,2,19
test_395.png,0.0,0,0.53326,0.38056,93,30
test_395.png,0.21,8,0.53311,0.38077,66,30
test_395.png,0.52,19,0.53279,0.38043,55,30
test_395.png,1.04,37,0.53298,0.38124,48,30
test_395.png,2.08,75,0.53244,0.38182,40,30
test_395.png,5.21,188,0.53368,0.38472,26,30
test_395.png,10.42,375,0.52553,0.36914,18,30
test_396.png,0.0,0,0.82486,0.87948,10,1
test_396.png,0.21,8,0.82476,0.87935,3,1
test_396.png,0.52,19,0.82476,0.87935,3,1
test_396.png,1.04,37,0.82476,0.87935,3,1
test_396.png,2.08,75,0.82401,0.87873,1,1
test_396.png,5.21,188,0.82401,0.87873,1,1
test_396.png,10.42,375,0.82401,0.87873,1,1
test_397.png,0.0,0,0.6463,0.65615,38,22
test_397.png,0.21,8,0.64634,0.65713,22,22
test_397.png,0.52,19,0.64631,0.65721,20,22
test_397.png,1.04,37,0.64616,0.65709,15,22
test_397.png,2.08,75,0.64631,0.65768,12,22
test_397.png,5.21,188,0.64323,0.65485,9,22
test_397.png,10.42,375,0.64122,0.65255,8,22
test_398.png,0.0,0,0.60647,0.51589,62,26
test_398.png,0.21,8,0.60647,0.51598,44,26
test_398.png,0.52,19,0.60609,0.51602,34,26
test_398.png,1.04,37,0.60599,0.5161,32,26
test_398.png,2.08,75,0.60638,0.5166,30,26
test_398.png,5.21,188,0.60617,0.51456,24,26
test_398.png,10.42,375,0.60546,0.49291,13,26
test_399.png,0.0,0,0.68066,0.68281,27,36
test_399.png,0.21,8,0.68066,0.68281,20,36
test_399.png,0.52,19,0.68063,0.68324,15,36
test_399.png,1.04,37,0.68063,0.68324,15,36
test_399.png,2.08,75,0.68087,0.6838,12,36
test_399.png,5.21,188,0.68288,0.68894,6,36
test_399.png,10.42,375,0.68668,0.69479,3,36
test_400.png,0.0,0,0.84966,0.93313,3,40
test_400.png,0.21,8,0.84966,0.93313,3,40
test_400.png,0.52,19,0.84974,0.93331,2,40
test_400.png,1.04,37,0.84974,0.93331,2,40
test_400.png,2.08,75,0.84998,0.93636,1,40
test_400.png,5.21,188,0.85048,0.93726,0,40
test_400.png,10.42,375,0.85048,0.93726,0,40
test_401.png,0.0,0,0.61213,0.5239,68,36
test_401.png,0.21,8,0.61196,0.52426,42,36
test_401.png,0.52,19,0.61197,0.5245,36,36
test_401.png,1.04,37,0.61173,0.52455,32,36
test_401.png,2.08,75,0.61192,0.52378,28,36
test_401.png,5.21,188,0.6095,0.51977,19,36
test_401.png,10.42,375,0.60947,0.52071,13,36
test_402.png,0.0,0,0.47933,0.34007,23,57
test_402.png,0.21,8,0.47929,0.34012,15,57
test_402.png,0.52,19,0.47949,0.34052,10,57
test_402.png,1.04,37,0.4796,0.34058,9,57
test_402.png,2.08,75,0.47991,0.34113,7,57
test_402.png,5.21,188,0.48071,0.3423,5,57
test_402.png,10.42,375,0.48071,0.3423,5,57
test_403.png,0.0,0,0.82785,0.83382,14,45
test_403.png,0.21,8,0.82787,0.8346,8,45
test_403.png,0.52,19,0.82793,0.83501,7,45
test_403.png,1.04,37,0.82793,0.83501,7,45
test_403.png,2.08,75,0.82792,0.83528,6,45
test_403.png,5.21,188,0.8308,0.84098,2,45
test_403.png,10.42,375,0.83405,0.84515,0,45
test_404.png,0.0,0,0.71928,0.73951,45,74
test_404.png,0.21,8,0.71926,0.73999,31,74
test_404.png,0.52,19,0.71935,0.74081,25,74
test_404.png,1.04,37,0.71994,0.74268,18,74
test_404.png,2.08,75,0.72073,0.74437,14,74
test_404.png,5.21,188,0.72274,0.74949,8,73
test_404.png,10.42,375,0.72517,0.75331,6,73
test_405.png,0.0,0,0.75521,0.77233,36,35
test_405.png,0.21,8,0.75519,0.7727,23,35
test_405.png,0.52,19,0.75526,0.77293,22,35
test_405.png,1.04,37,0.75557,0.77395,20,35
test_405.png,2.08,75,0.75651,0.77727,16,35
test_405.png,5.21,188,0.76136,0.78649,8,35
test_405.png,10.42,375,0.76244,0.78776,5,35
test_406.png,0.0,0,0.42725,0.4167,107,32
test_406.png,0.21,8,0.42738,0.41743,80,32
test_406.png,0.52,19,0.42784,0.41865,69,32
test_406.png,1.04,37,0.42875,0.42133,51,32
test_406.png,2.08,75,0.42898,0.42264,41,32
test_406.png,5.21,188,0.42949,0.42285,24,32
test_406.png,10.42,375,0.42629,0.42156,16,30
test_407.png,0.0,0,0.74304,0.76252,56,44
test_407.png,0.21,8,0.74311,0.76392,34,44
test_407.png,0.52,19,0.74337,0.76489,27,44
test_407.png,1.04,37,0.744,0.76615,22,44
test_407.png,2.08,75,0.74442,0.769,15,44
test_407.png,5.21,188,0.74436,0.77119,9,44
test_407.png,10.42,375,0.74926,0.779,1,44
test_408.png,0.0,0,0.38477,0.37685,37,142
test_408.png,0.21,8,0.38482,0.37747,19,142
test_408.png,0.52,19,0.38493,0.37807,15,142
test_408.png,1.04,37,0.38521,0.37881,10,142
test_408.png,2.08,75,0.38575,0.38019,7,142
test_408.png,5.21,188,0.38648,0.38194,5,142
test_408.png,10.42,375,0.38851,0.38568,2,142
test_409.png,0.0,0,0.74511,0.79971,42,34
test_409.png,0.21,8,0.7453,0.80196,21,34
test_409.png,0.52,19,0.7455,0.80317,14,34
test_409.png,1.04,37,0.7455,0.80304,11,34
test_409.png,2.08,75,0.74623,0.80543,8,34
test_409.png,5.21,188,0.74556,0.80577,5,34
test_409.png,10.42,375,0.74587,0.80561,3,33
test_410.png,0.0,0,0.63126,0.64498,52,36
test_410.png,0.21,8,0.63133,0.64611,37,36
test_410.png,0.52,19,0.63139,0.6464,28,36
test_410.png,1.04,37,0.63202,0.64775,22,36
test_410.png,2.08,75,0.63275,0.64933,19,36
test_410.png,5.21,188,0.63454,0.65325,14,34
test_410.png,10.42,375,0.63765,0.65763,11,34
test_411.png,0.0,0,0.81413,0.81064,20,132
test_411.png,0.21,8,0.81407,0.81073,6,132
test_411.png,0.52,19,0.814,0.81071,5,132
test_411.png,1.04,37,0.81404,0.8109,3,132
test_411.png,2.08,75,0.81404,0.8109,3,132
test_411.png,5.21,188,0.81354,0.81081,2,132
test_411.png,10.42,375,0.81354,0.81081,2,132
test_412.png,0.0,0,0.73769,0.74586,5,38
test_412.png,0.21,8,0.73772,0.74629,3,38
test_412.png,0.52,19,0.73781,0.74655,2,38
test_412.png,1.04,37,0.73781,0.74655,2,38
test_412.png,2.08,75,0.73821,0.74749,1,38
test_412.png,5.21,188,0.73821,0.74749,1,38
test_412.png,10.42,375,0.73821,0.74749,1,38
test_413.png,0.0,0,0.69737,0.72787,38,71
test_413.png,0.21,8,0.69744,0.72886,28,71
test_413.png,0.52,19,0.69764,0.73006,22,71
test_413.png,1.04,37,0.69758,0.72992,17,71
test_413.png,2.08,75,0.69783,0.73238,13,71
test_413.png,5.21,188,0.70142,0.73799,6,71
test_413.png,10.42,375,0.70323,0.74094,4,71
test_414.png,0.0,0,0.69766,0.74762,24,69
test_414.png,0.21,8,0.69759,0.74788,14,69
test_414.png,0.52,19,0.69742,0.74788,11,69
test_414.png,1.04,37,0.69752,0.7483,10,69
test_414.png,2.08,75,0.69768,0.75004,7,69
test_414.png,5.21,188,0.69878,0.75137,5,69
test_414.png,10.42,375,0.69906,0.75487,2,69
test_415.png,0.0,0,0.75615,0.7901,34,51
test_415.png,0.21,8,0.75614,0.79042,26,51
test_415.png,0.52,19,0.75603,0.79103,19,51
test_415.png,1.04,37,0.75535,0.78989,13,51
test_415.png,2.08,75,0.75526,0.79009,12,51
test_415.png,5.21,188,0.75399,0.78913,9,51
test_415.png,10.42,375,0.75336,0.78838,6,51
test_416.png,0.0,0,0.76544,0.76986,58,68
test_416.png,0.21,8,0.7656,0.77106,41,68
test_416.png,0.52,19,0.76584,0.77198,34,68
test_416.png,1.04,37,0.76602,0.77294,30,68
test_416.png,2.08,75,0.7675,0.7765,20,68
test_416.png,5.21,188,0.7732,0.78446,9,68
test_416.png,10.42,375,0.77723,0.78811,6,68
test_417.png,0.0,0,0.76991,0.90063,21,19
test_417.png,0.21,8,0.77006,0.90158,11,19
test_417.png,0.52,19,0.77015,0.90186,9,19
test_417.png,1.04,37,0.77066,0.90341,5,19
test_417.png,2.08,75,0.77104,0.90427,3,19
test_417.png,5.21,188,0.77242,0.90688,1,19
test_417.png,10.42,375,0.77242,0.90688,1,19
test_418.png,0.0,0,0.48629,0.44327,18,101
test_418.png,0.21,8,0.48621,0.44318,8,101
test_418.png,0.52,19,0.48589,0.4428,5,101
test_418.png,1.04,37,0.48562,0.44264,4,101
test_418.png,2.08,75,0.48514,0.44136,2,101
test_418.png,5.21,188,0.48569,0.44172,1,101
test_418.png,10.42,375,0.48569,0.44172,1,101
test_419.png,0.0,0,0.59281,0.60909,83,46
test_419.png,0.21,8,0.59268,0.6092,55,46
test_419.png,0.52,19,0.59283,0.61037,43,46
test_419.png,1.04,37,0.59281,0.61133,37,46
test_419.png,2.08,75,0.59264,0.61252,28,46
test_419.png,5.21,188,0.5926,0.61335,17,46
test_419.png,10.42,375,0.58809,0.6108,9,46
test_420.png,0.0,0,0.89551,0.94542,17,35
test_420.png,0.21,8,0.89572,0.94738,8,35
test_420.png,0.52,19,0.8958,0.94846,4,35
test_420.png,1.04,37,0.89591,0.94935,3,35
test_420.png,2.08,75,0.89615,0.95085,2,35
test_420.png,5.21,188,0.89661,0.9521,1,35
test_420.png,10.42,375,0.8985,0.95469,0,35
