image,width_multiple,min_size,dice,cldice,betti0_err,betti1_err
test_071.png,0.0,0,0.65226,0.95404,10,10
test_071.png,0.21,8,0.65219,0.95388,4,10
test_071.png,0.52,19,0.65205,0.9537,2,10
test_071.png,1.04,37,0.65205,0.9537,2,10
test_071.png,2.08,75,0.65123,0.95291,1,10
test_071.png,5.21,188,0.65123,0.95291,1,10
test_071.png,10.42,375,0.65123,0.95291,1,10
test_072.png,0.0,0,0.46226,0.90183,30,19
test_072.png,0.21,8,0.46214,0.90255,14,19
test_072.png,0.52,19,0.46193,0.90297,10,19
test_072.png,1.04,37,0.46156,0.9031,8,19
test_072.png,2.08,75,0.46156,0.9031,8,19
test_072.png,5.21,188,0.45618,0.89865,2,19
test_072.png,10.42,375,0.45198,0.89414,1,19
test_073.png,0.0,0,0.82017,0.98659,7,7
test_073.png,0.21,8,0.82016,0.98664,2,7
test_073.png,0.52,19,0.82023,0.98676,1,7
test_073.png,1.04,37,0.82049,0.98724,1,7
test_073.png,2.08,75,0.82049,0.98724,1,7
test_073.png,5.21,188,0.82049,0.98724,1,7
test_073.png,10.42,375,0.82049,0.98724,1,7
test_074.png,0.0,0,0.64715,0.99151,4,1
test_074.png,0.21,8,0.64716,0.99162,1,1
test_074.png,0.52,19,0.64712,0.99154,0,1
test_074.png,1.04,37,0.64712,0.99154,0,1
test_074.png,2.08,75,0.64712,0.99154,0,1
test_074.png,5.21,188,0.64712,0.99154,0,1
test_074.png,10.42,375,0.64712,0.99154,0,1
test_075.png,0.0,0,0.58902,0.99004,2,4
test_075.png,0.21,8,0.58902,0.99004,2,4
test_075.png,0.52,19,0.58912,0.99032,1,4
test_075.png,1.04,37,0.58924,0.99092,0,4
test_075.png,2.08,75,0.58924,0.99092,0,4
test_075.png,5.21,188,0.58924,0.99092,0,4
test_075.png,10.42,375,0.58924,0.99092,0,4
test_076.png,0.0,0,0.87463,0.99604,1,1
test_076.png,0.21,8,0.87463,0.99604,1,1
test_076.png,0.52,19,0.8747,0.99634,0,1
test_076.png,1.04,37,0.8747,0.99634,0,1
test_076.png,2.08,75,0.8747,0.99634,0,1
test_076.png,5.21,188,0.8747,0.99634,0,1
test_076.png,10.42,375,0.8747,0.99634,0,1
test_077.png,0.0,0,0.65705,0.99468,0,1
test_077.png,0.21,8,0.65705,0.99468,0,1
test_077.png,0.52,19,0.65705,0.99468,0,1
test_077.png,1.04,37,0.65705,0.99468,0,1
test_077.png,2.08,75,0.65705,0.99468,0,1
test_077.png,5.21,188,0.65705,0.99468,0,1
test_077.png,10.42,375,0.65705,0.99468,0,1
test_078.png,0.0,0,0.77398,0.96576,2,1
test_078.png,0.21,8,0.77405,0.96609,0,1
test_078.png,0.52,19,0.77405,0.96609,0,1
test_078.png,1.04,37,0.77405,0.96609,0,1
test_078.png,2.08,75,0.77405,0.96609,0,1
test_078.png,5.21,188,0.77405,0.96609,0,1
test_078.png,10.42,375,0.77405,0.96609,0,1
test_079.png,0.0,0,0.41106,0.95315,3,2
test_079.png,0.21,8,0.411,0.95315,2,2
test_079.png,0.52,19,0.411,0.95315,2,2
test_079.png,1.04,37,0.411,0.95315,2,2
test_079.png,2.08,75,0.411,0.95315,2,2
test_079.png,5.21,188,0.40762,0.94872,1,2
test_079.png,10.42,375,0.40762,0.94872,1,2
test_080.png,0.0,0,0.76961,0.98705,1,4
test_080.png,0.21,8,0.76964,0.9871,0,4
test_080.png,0.52,19,0.76964,0.9871,0,4
test_080.png,1.04,37,0.76964,0.9871,0,4
test_080.png,2.08,75,0.76964,0.9871,0,4
test_080.png,5.21,188,0.76964,0.9871,0,4
test_080.png,10.42,375,0.76964,0.9871,0,4
test_081.png,0.0,0,0.63432,0.94788,16,21
test_081.png,0.21,8,0.63428,0.9481,11,21
test_081.png,0.52,19,0.63405,0.94801,7,21
test_081.png,1.04,37,0.63447,0.94916,4,21
test_081.png,2.08,75,0.63315,0.94803,2,21
test_081.png,5.21,188,0.63181,0.94662,1,21
test_081.png,10.42,375,0.63181,0.94662,1,21
test_082.png,0.0,0,0.83605,0.96348,26,47
test_082.png,0.21,8,0.83592,0.96346,9,47
test_082.png,0.52,19,0.83596,0.96367,1,47
test_082.png,1.04,37,0.83596,0.96367,1,47
test_082.png,2.08,75,0.83588,0.96336,0,47
test_082.png,5.21,188,0.83588,0.96336,0,47
test_082.png,10.42,375,0.83588,0.96336,0,47
test_083.png,0.0,0,0.48114,0.95612,9,17
test_083.png,0.21,8,0.48103,0.95612,5,17
test_083.png,0.52,19,0.48103,0.95612,5,17
test_083.png,1.04,37,0.4801,0.95446,2,17
test_083.png,2.08,75,0.4794,0.95372,1,17
test_083.png,5.21,188,0.478,0.9515,0,17
test_083.png,10.42,375,0.478,0.9515,0,17
test_084.png,0.0,0,0.56177,0.99539,0,1
test_084.png,0.21,8,0.56177,0.99539,0,1
test_084.png,0.52,19,0.56177,0.99539,0,1
test_084.png,1.04,37,0.56177,0.99539,0,1
test_084.png,2.08,75,0.56177,0.99539,0,1
test_084.png,5.21,188,0.56177,0.99539,0,1
test_084.png,10.42,375,0.56177,0.99539,0,1
test_085.png,0.0,0,0.61761,0.99556,0,0
test_085.png,0.21,8,0.61761,0.99556,0,0
test_085.png,0.52,19,0.61761,0.99556,0,0
test_085.png,1.04,37,0.61761,0.99556,0,0
test_085.png,2.08,75,0.61761,0.99556,0,0
test_085.png,5.21,188,0.61761,0.99556,0,0
test_085.png,10.42,375,0.61761,0.99556,0,0
test_086.png,0.0,0,0.60109,0.98922,2,2
test_086.png,0.21,8,0.6011,0.98927,1,2
test_086.png,0.52,19,0.60098,0.98942,0,2
test_086.png,1.04,37,0.60098,0.98942,0,2
test_086.png,2.08,75,0.60098,0.98942,0,2
test_086.png,5.21,188,0.60098,0.98942,0,2
test_086.png,10.42,375,0.60098,0.98942,0,2
test_087.png,0.0,0,0.64598,0.93031,22,5
test_087.png,0.21,8,0.64608,0.93122,10,5
test_087.png,0.52,19,0.64603,0.93129,7,5
test_087.png,1.04,37,0.64616,0.932,3,5
test_087.png,2.08,75,0.64577,0.93143,1,5
test_087.png,5.21,188,0.64577,0.93143,1,5
test_087.png,10.42,375,0.64577,0.93143,1,5
test_088.png,0.0,0,0.48913,0.97677,1,2
test_088.png,0.21,8,0.48913,0.97677,1,2
test_088.png,0.52,19,0.48913,0.97677,1,2
test_088.png,1.04,37,0.48913,0.97677,1,2
test_088.png,2.08,75,0.48913,0.97677,1,2
test_088.png,5.21,188,0.48629,0.97326,0,2
test_088.png,10.42,375,0.48629,0.97326,0,2
test_089.png,0.0,0,0.61358,0.91764,3,10
test_089.png,0.21,8,0.61324,0.91763,0,10
test_089.png,0.52,19,0.61324,0.91763,0,10
test_089.png,1.04,37,0.61331,0.91787,1,10
test_089.png,2.08,75,0.61331,0.91787,1,10
test_089.png,5.21,188,0.61331,0.91787,1,10
test_089.png,10.42,375,0.61331,0.91787,1,10
test_090.png,0.0,0,0.62393,0.92232,19,22
test_090.png,0.21,8,0.62385,0.92265,11,22
test_090.png,0.52,19,0.62398,0.92315,8,22
test_090.png,1.04,37,0.6244,0.92438,6,22
test_090.png,2.08,75,0.62352,0.92407,3,22
test_090.png,5.21,188,0.62118,0.92203,2,22
test_090.png,10.42,375,0.61738,0.9173,1,22
test_091.png,0.0,0,0.53199,0.89645,19,18
test_091.png,0.21,8,0.5319,0.89702,5,18
test_091.png,0.52,19,0.5316,0.89737,2,18
test_091.png,1.04,37,0.5316,0.89737,2,18
test_091.png,2.08,75,0.53096,0.89627,1,18
test_091.png,5.21,188,0.53096,0.89627,1,18
test_091.png,10.42,375,0.53096,0.89627,1,18
test_092.png,0.0,0,0.47646,0.95059,2,5
test_092.png,0.21,8,0.47643,0.95059,0,5
test_092.png,0.52,19,0.47643,0.95059,0,5
test_092.png,1.04,37,0.47643,0.95059,0,5
test_092.png,2.08,75,0.47643,0.95059,0,5
test_092.png,5.21,188,0.47643,0.95059,0,5
test_092.png,10.42,375,0.47643,0.95059,0,5
test_093.png,0.0,0,0.59763,0.9845,4,2
test_093.png,0.21,8,0.59763,0.9845,4,2
test_093.png,0.52,19,0.59772,0.98491,2,2
test_093.png,1.04,37,0.59751,0.98491,1,2
test_093.png,2.08,75,0.59772,0.98557,0,2
test_093.png,5.21,188,0.59772,0.98557,0,2
test_093.png,10.42,375,0.59772,0.98557,0,2
test_094.png,0.0,0,0.56707,0.98316,0,1
test_094.png,0.21,8,0.56707,0.98316,0,1
test_094.png,0.52,19,0.56707,0.98316,0,1
test_094.png,1.04,37,0.56707,0.98316,0,1
test_094.png,2.08,75,0.56707,0.98316,0,1
test_094.png,5.21,188,0.56707,0.98316,0,1
test_094.png,10.42,375,0.56707,0.98316,0,1
test_095.png,0.0,0,0.84717,0.99489,7,4
test_095.png,0.21,8,0.84717,0.99492,2,4
test_095.png,0.52,19,0.84722,0.99504,1,4
test_095.png,1.04,37,0.84722,0.99504,1,4
test_095.png,2.08,75,0.84694,0.99452,0,4
test_095.png,5.21,188,0.84694,0.99452,0,4
test_095.png,10.42,375,0.84694,0.99452,0,4
test_096.png,0.0,0,0.80752,0.99615,1,0
test_096.png,0.21,8,0.80755,0.9963,0,0
test_096.png,0.52,19,0.80755,0.9963,0,0
test_096.png,1.04,37,0.80755,0.9963,0,0
test_096.png,2.08,75,0.80755,0.9963,0,0
test_096.png,5.21,188,0.80755,0.9963,0,0
test_096.png,10.42,375,0.80755,0.9963,0,0
test_097.png,0.0,0,0.58003,0.95953,7,9
test_097.png,0.21,8,0.58001,0.95963,4,9
test_097.png,0.52,19,0.58004,0.96003,1,9
test_097.png,1.04,37,0.58004,0.96003,1,9
test_097.png,2.08,75,0.57918,0.95851,0,9
test_097.png,5.21,188,0.57918,0.95851,0,9
test_097.png,10.42,375,0.57918,0.95851,0,9
test_098.png,0.0,0,0.47631,0.92327,22,19
test_098.png,0.21,8,0.47629,0.9239,8,19
test_098.png,0.52,19,0.47632,0.92406,7,19
test_098.png,1.04,37,0.47641,0.92448,6,19
test_098.png,2.08,75,0.47573,0.92434,5,19
test_098.png,5.21,188,0.47412,0.92317,2,19
test_098.png,10.42,375,0.47412,0.92317,2,19
test_099.png,0.0,0,0.77202,0.98037,2,5
test_099.png,0.21,8,0.77202,0.98037,2,5
test_099.png,0.52,19,0.77189,0.97994,1,5
test_099.png,1.04,37,0.77189,0.97994,1,5
test_099.png,2.08,75,0.77189,0.97994,1,5
test_099.png,5.21,188,0.77092,0.97747,0,5
test_099.png,10.42,375,0.77092,0.97747,0,5
test_100.png,0.0,0,0.56865,0.99041,0,2
test_100.png,0.21,8,0.56865,0.99041,0,2
test_100.png,0.52,19,0.56865,0.99041,0,2
test_100.png,1.04,37,0.56865,0.99041,0,2
test_100.png,2.08,75,0.56865,0.99041,0,2
test_100.png,5.21,188,0.56865,0.99041,0,2
test_100.png,10.42,375,0.56865,0.99041,0,2
test_101.png,0.0,0,0.86502,0.99607,1,0
test_101.png,0.21,8,0.86498,0.99595,0,0
test_101.png,0.52,19,0.86498,0.99595,0,0
test_101.png,1.04,37,0.86498,0.99595,0,0
test_101.png,2.08,75,0.86498,0.99595,0,0
test_101.png,5.21,188,0.86498,0.99595,0,0
test_101.png,10.42,375,0.86498,0.99595,0,0
test_102.png,0.0,0,0.61331,0.94824,11,15
test_102.png,0.21,8,0.61323,0.94842,6,15
test_102.png,0.52,19,0.61322,0.94873,4,15
test_102.png,1.04,37,0.61287,0.94852,3,15
test_102.png,2.08,75,0.6125,0.94698,2,15
test_102.png,5.21,188,0.61037,0.94507,0,15
test_102.png,10.42,375,0.61037,0.94507,0,15
test_103.png,0.0,0,0.57582,0.86083,17,17
test_103.png,0.21,8,0.57571,0.86105,12,17
test_103.png,0.52,19,0.57579,0.86141,11,17
test_103.png,1.04,37,0.57543,0.86186,9,17
test_103.png,2.08,75,0.57406,0.86138,6,17
test_103.png,5.21,188,0.57175,0.8605,4,17
test_103.png,10.42,375,0.56469,0.85334,2,17
test_104.png,0.0,0,0.59077,0.93352,16,17
test_104.png,0.21,8,0.59066,0.93363,7,17
test_104.png,0.52,19,0.5907,0.93383,6,17
test_104.png,1.04,37,0.59119,0.93523,3,17
test_104.png,2.08,75,0.59089,0.935,1,17
test_104.png,5.21,188,0.59089,0.935,1,17
test_104.png,10.42,375,0.59089,0.935,1,17
test_105.png,0.0,0,0.5923,0.9966,0,1
test_105.png,0.21,8,0.5923,0.9966,0,1
test_105.png,0.52,19,0.5923,0.9966,0,1
test_105.png,1.04,37,0.5923,0.9966,0,1
test_105.png,2.08,75,0.5923,0.9966,0,1
test_105.png,5.21,188,0.5923,0.9966,0,1
test_105.png,10.42,375,0.5923,0.9966,0,1
test_106.png,0.0,0,0.64257,0.9872,5,8
test_106.png,0.21,8,0.64253,0.98716,2,8
test_106.png,0.52,19,0.64245,0.98682,1,8
test_106.png,1.04,37,0.64245,0.98682,1,8
test_106.png,2.08,75,0.64245,0.98682,1,8
test_106.png,5.21,188,0.64245,0.98682,1,8
test_106.png,10.42,375,0.64245,0.98682,1,8
test_107.png,0.0,0,0.87101,0.99175,0,1
test_107.png,0.21,8,0.87101,0.99175,0,1
test_107.png,0.52,19,0.87101,0.99175,0,1
test_107.png,1.04,37,0.87101,0.99175,0,1
test_107.png,2.08,75,0.87101,0.99175,0,1
test_107.png,5.21,188,0.87101,0.99175,0,1
test_107.png,10.42,375,0.87101,0.99175,0,1
test_108.png,0.0,0,0.79271,0.9946,2,0
test_108.png,0.21,8,0.79266,0.99443,0,0
test_108.png,0.52,19,0.79266,0.99443,0,0
test_108.png,1.04,37,0.79266,0.99443,0,0
test_108.png,2.08,75,0.79266,0.99443,0,0
test_108.png,5.21,188,0.79266,0.99443,0,0
test_108.png,10.42,375,0.79266,0.99443,0,0
test_109.png,0.0,0,0.61508,0.95616,11,16
test_109.png,0.21,8,0.61511,0.9564,7,16
test_109.png,0.52,19,0.61466,0.95635,2,16
test_109.png,1.04,37,0.61421,0.95574,1,16
test_109.png,2.08,75,0.61446,0.95647,0,16
test_109.png,5.21,188,0.61446,0.95647,0,16
test_109.png,10.42,375,0.61446,0.95647,0,16
test_110.png,0.0,0,0.78474,0.99386,1,1
test_110.png,0.21,8,0.78474,0.99386,1,1
test_110.png,0.52,19,0.78474,0.99386,1,1
test_110.png,1.04,37,0.78474,0.99386,1,1
test_110.png,2.08,75,0.78474,0.99386,1,1
test_110.png,5.21,188,0.78378,0.99302,0,1
test_110.png,10.42,375,0.78378,0.99302,0,1
test_111.png,0.0,0,0.83229,0.99425,0,1
test_111.png,0.21,8,0.83229,0.99425,0,1
test_111.png,0.52,19,0.83216,0.99424,1,1
test_111.png,1.04,37,0.83186,0.99371,2,1
test_111.png,2.08,75,0.83186,0.99371,2,1
test_111.png,5.21,188,0.83186,0.99371,2,1
test_111.png,10.42,375,0.83186,0.99371,2,1
test_112.png,0.0,0,0.86483,0.99586,0,1
test_112.png,0.21,8,0.86483,0.99586,0,1
test_112.png,0.52,19,0.86483,0.99586,0,1
test_112.png,1.04,37,0.86483,0.99586,0,1
test_112.png,2.08,75,0.86483,0.99586,0,1
test_112.png,5.21,188,0.86483,0.99586,0,1
test_112.png,10.42,375,0.86483,0.99586,0,1
test_113.png,0.0,0,0.81477,0.99284,2,1
test_113.png,0.21,8,0.81477,0.99284,0,1
test_113.png,0.52,19,0.81477,0.99284,0,1
test_113.png,1.04,37,0.81477,0.99284,0,1
test_113.png,2.08,75,0.81477,0.99284,0,1
test_113.png,5.21,188,0.81477,0.99284,0,1
test_113.png,10.42,375,0.81477,0.99284,0,1
test_114.png,0.0,0,0.59377,0.91909,16,16
test_114.png,0.21,8,0.59361,0.91908,4,16
test_114.png,0.52,19,0.59367,0.91936,3,16
test_114.png,1.04,37,0.59367,0.91936,3,16
test_114.png,2.08,75,0.59292,0.91899,2,16
test_114.png,5.21,188,0.59138,0.9177,1,16
test_114.png,10.42,375,0.59138,0.9177,1,16
test_115.png,0.0,0,0.62563,0.98629,2,4
test_115.png,0.21,8,0.62559,0.98629,1,4
test_115.png,0.52,19,0.6254,0.98629,0,4
test_115.png,1.04,37,0.6254,0.98629,0,4
test_115.png,2.08,75,0.6254,0.98629,0,4
test_115.png,5.21,188,0.6254,0.98629,0,4
test_115.png,10.42,375,0.6254,0.98629,0,4
test_116.png,0.0,0,0.62009,0.99483,1,0
test_116.png,0.21,8,0.62009,0.99483,1,0
test_116.png,0.52,19,0.61984,0.99483,1,0
test_116.png,1.04,37,0.61984,0.99483,1,0
test_116.png,2.08,75,0.61984,0.99483,1,0
test_116.png,5.21,188,0.61984,0.99483,1,0
test_116.png,10.42,375,0.61984,0.99483,1,0
test_117.png,0.0,0,0.82826,0.9983,0,0
test_117.png,0.21,8,0.82826,0.9983,0,0
test_117.png,0.52,19,0.82826,0.9983,0,0
test_117.png,1.04,37,0.82826,0.9983,0,0
test_117.png,2.08,75,0.82804,0.99796,1,0
test_117.png,5.21,188,0.82804,0.99796,1,0
test_117.png,10.42,375,0.82804,0.99796,1,0
test_118.png,0.0,0,0.59783,0.98908,1,2
test_118.png,0.21,8,0.59783,0.98908,1,2
test_118.png,0.52,19,0.59773,0.98908,0,2
test_118.png,1.04,37,0.59773,0.98908,0,2
test_118.png,2.08,75,0.59773,0.98908,0,2
test_118.png,5.21,188,0.59773,0.98908,0,2
test_118.png,10.42,375,0.59773,0.98908,0,2
test_119.png,0.0,0,0.65626,0.99205,2,3
test_119.png,0.21,8,0.65626,0.99205,2,3
test_119.png,0.52,19,0.65626,0.99205,2,3
test_119.png,1.04,37,0.65571,0.99178,0,3
test_119.png,2.08,75,0.65571,0.99178,0,3
test_119.png,5.21,188,0.65571,0.99178,0,3
test_119.png,10.42,375,0.65571,0.99178,0,3
test_120.png,0.0,0,0.87749,0.99695,0,3
test_120.png,0.21,8,0.87749,0.99695,0,3
test_120.png,0.52,19,0.87749,0.99695,0,3
test_120.png,1.04,37,0.87749,0.99695,0,3
test_120.png,2.08,75,0.87749,0.99695,0,3
test_120.png,5.21,188,0.87749,0.99695,0,3
test_120.png,10.42,375,0.87749,0.99695,0,3
test_121.png,0.0,0,0.23882,0.42599,344,36
test_121.png,0.21,8,0.23582,0.42317,223,36
test_121.png,0.52,19,0.22755,0.41368,164,36
test_121.png,1.04,37,0.21445,0.40454,108,37
test_121.png,2.08,75,0.16353,0.33267,51,37
test_121.png,5.21,188,0.04473,0.09545,6,38
test_121.png,10.42,375,0.0,0.0,1,38
test_122.png,0.0,0,0.58676,0.81315,105,35
test_122.png,0.21,8,0.58628,0.81333,74,35
test_122.png,0.52,19,0.58493,0.81265,58,35
test_122.png,1.04,37,0.58264,0.8112,48,35
test_122.png,2.08,75,0.58112,0.81095,39,35
test_122.png,5.21,188,0.57482,0.80207,32,35
test_122.png,10.42,375,0.55231,0.77219,23,35
test_123.png,0.0,0,0.22381,0.34073,270,176
test_123.png,0.21,8,0.22068,0.336,198,176
test_123.png,0.52,19,0.21724,0.33113,179,176
test_123.png,1.04,37,0.19128,0.29029,128,176
test_123.png,2.08,75,0.08981,0.13265,33,176
test_123.png,5.21,188,0.01934,0.02755,0,176
test_123.png,10.42,375,0.00963,0.01439,2,176
test_124.png,0.0,0,0.29788,0.43997,199,6
test_124.png,0.21,8,0.29792,0.44247,149,6
test_124.png,0.52,19,0.29636,0.44332,128,6
test_124.png,1.04,37,0.29347,0.44438,102,6
test_124.png,2.08,75,0.28265,0.44461,62,6
test_124.png,5.21,188,0.23034,0.3896,22,6
test_124.png,10.42,375,0.13048,0.23318,5,6
test_125.png,0.0,0,0.15471,0.33239,122,39
test_125.png,0.21,8,0.15296,0.32882,92,39
test_125.png,0.52,19,0.14827,0.32176,75,39
test_125.png,1.04,37,0.1377,0.30295,56,39
test_125.png,2.08,75,0.1027,0.24419,21,39
test_125.png,5.21,188,0.06046,0.14198,5,39
test_125.png,10.42,375,0.01372,0.02669,2,39
test_126.png,0.0,0,0.31292,0.88508,21,8
test_126.png,0.21,8,0.31276,0.88495,18,8
test_126.png,0.52,19,0.31276,0.88495,18,8
test_126.png,1.04,37,0.31224,0.8835,17,8
test_126.png,2.08,75,0.30988,0.88008,14,8
test_126.png,5.21,188,0.3017,0.86792,10,8
test_126.png,10.42,375,0.27909,0.82806,5,8
test_127.png,0.0,0,0.63201,0.82682,201,130
test_127.png,0.21,8,0.62928,0.82257,114,130
test_127.png,0.52,19,0.62689,0.81914,97,130
test_127.png,1.04,37,0.62204,0.81391,82,130
test_127.png,2.08,75,0.61168,0.80166,66,130
test_127.png,5.21,188,0.54581,0.72157,20,130
test_127.png,10.42,375,0.51374,0.68308,9,130
test_128.png,0.0,0,0.23332,0.64023,89,9
test_128.png,0.21,8,0.23252,0.63934,70,9
test_128.png,0.52,19,0.22919,0.6331,57,9
test_128.png,1.04,37,0.22436,0.62262,48,9
test_128.png,2.08,75,0.20898,0.59798,33,9
test_128.png,5.21,188,0.17759,0.53348,19,9
test_128.png,10.42,375,0.11687,0.37125,7,9
test_129.png,0.0,0,0.2401,0.45724,157,77
test_129.png,0.21,8,0.2382,0.45444,113,77
test_129.png,0.52,19,0.23055,0.44082,78,77
test_129.png,1.04,37,0.22023,0.42768,56,77
test_129.png,2.08,75,0.19088,0.37878,26,77
test_129.png,5.21,188,0.15888,0.33384,11,77
test_129.png,10.42,375,0.1142,0.25408,2,77
test_130.png,0.0,0,0.25167,0.63385,101,4
test_130.png,0.21,8,0.25102,0.63467,80,4
test_130.png,0.52,19,0.24888,0.63334,66,4
test_130.png,1.04,37,0.24306,0.62839,51,4
test_130.png,2.08,75,0.22788,0.61382,37,4
test_130.png,5.21,188,0.15489,0.48999,12,5
test_130.png,10.42,375,0.09692,0.31605,5,5
test_131.png,0.0,0,0.24735,0.56742,145,35
test_131.png,0.21,8,0.24522,0.56505,113,35
test_131.png,0.52,19,0.2404,0.5604,93,35
test_131.png,1.04,37,0.23115,0.5512,74,35
test_131.png,2.08,75,0.2077,0.50933,50,35
test_131.png,5.21,188,0.13206,0.35082,20,35
test_131.png,10.42,375,0.0,0.0,1,35
test_132.png,0.0,0,0.22975,0.63712,112,8
test_132.png,0.21,8,0.22805,0.63442,86,8
test_132.png,0.52,19,0.22576,0.63268,76,8
test_132.png,1.04,37,0.21385,0.60824,54,8
test_132.png,2.08,75,0.18934,0.57139,31,8
test_132.png,5.21,188,0.15223,0.48272,17,8
test_132.png,10.42,375,0.05553,0.18154,1,8
test_133.png,0.0,0,0.40216,0.48098,282,40
test_133.png,0.21,8,0.39998,0.48062,189,40
test_133.png,0.52,19,0.39803,0.48065,155,41
test_133.png,1.04,37,0.39241,0.47508,119,41
test_133.png,2.08,75,0.36644,0.44337,71,41
test_133.png,5.21,188,0.27048,0.34412,17,41
test_133.png,10.42,375,0.19027,0.24033,4,41
test_134.png,0.0,0,0.45782,0.82096,80,50
test_134.png,0.21,8,0.45753,0.82214,52,50
test_134.png,0.52,19,0.45643,0.82154,40,50
test_134.png,1.04,37,0.45459,0.81974,29,50
test_134.png,2.08,75,0.44901,0.8123,20,50
test_134.png,5.21,188,0.42542,0.77721,8,50
test_134.png,10.42,375,0.42542,0.77721,8,50
test_135.png,0.0,0,0.33216,0.58768,154,13
test_135.png,0.21,8,0.33022,0.58662,113,13
test_135.png,0.52,19,0.32486,0.58465,88,13
test_135.png,1.04,37,0.31788,0.57677,73,13
test_135.png,2.08,75,0.30231,0.56622,58,13
test_135.png,5.21,188,0.21518,0.44288,22,13
test_135.png,10.42,375,0.1409,0.30031,9,13
test_136.png,0.0,0,0.32953,0.44993,193,9
test_136.png,0.21,8,0.32858,0.45141,129,9
test_136.png,0.52,19,0.32774,0.45472,103,9
test_136.png,1.04,37,0.32386,0.45406,80,9
test_136.png,2.08,75,0.31464,0.45018,50,9
test_136.png,5.21,188,0.29052,0.43997,23,9
test_136.png,10.42,375,0.24795,0.37943,15,9
test_137.png,0.0,0,0.18373,0.32484,115,79
test_137.png,0.21,8,0.18347,0.32417,110,79
test_137.png,0.52,19,0.18245,0.32276,106,79
test_137.png,1.04,37,0.17901,0.31691,101,79
test_137.png,2.08,75,0.09398,0.16744,40,79
test_137.png,5.21,188,0.0,0.0,3,79
test_137.png,10.42,375,0.0,0.0,3,79
test_138.png,0.0,0,0.43138,0.96179,4,3
test_138.png,0.21,8,0.43135,0.9617,3,3
test_138.png,0.52,19,0.43135,0.9617,3,3
test_138.png,1.04,37,0.43135,0.9617,3,3
test_138.png,2.08,75,0.43059,0.96169,2,3
test_138.png,5.21,188,0.42816,0.95807,1,3
test_138.png,10.42,375,0.41761,0.94455,1,3
test_139.png,0.0,0,0.14889,0.34333,140,1
test_139.png,0.21,8,0.14689,0.34288,89,1
test_139.png,0.52,19,0.1426,0.34095,68,1
test_139.png,1.04,37,0.13652,0.33537,48,1
test_139.png,2.08,75,0.10967,0.31432,18,1
test_139.png,5.21,188,0.08267,0.27978,4,1
test_139.png,10.42,375,0.03986,0.16979,1,1
test_140.png,0.0,0,0.20465,0.60595,106,7
test_140.png,0.21,8,0.20276,0.60446,76,7
test_140.png,0.52,19,0.19652,0.59684,56,7
test_140.png,1.04,37,0.18775,0.58421,41,7
test_140.png,2.08,75,0.16353,0.53399,23,7
test_140.png,5.21,188,0.14283,0.51268,15,7
test_140.png,10.42,375,0.06157,0.23143,3,7
test_141.png,0.0,0,0.41096,0.93842,3,1
test_141.png,0.21,8,0.41097,0.93862,2,1
test_141.png,0.52,19,0.41097,0.93862,2,1
test_141.png,1.04,37,0.41097,0.93862,2,1
test_141.png,2.08,75,0.40954,0.93862,1,1
test_141.png,5.21,188,0.40724,0.93447,0,1
test_141.png,10.42,375,0.40724,0.93447,0,1
test_142.png,0.0,0,0.4573,0.81581,94,8
test_142.png,0.21,8,0.45705,0.81787,65,8
test_142.png,0.52,19,0.45641,0.81829,55,8
test_142.png,1.04,37,0.45625,0.82356,40,8
test_142.png,2.08,75,0.45853,0.83966,25,8
test_142.png,5.21,188,0.44665,0.84204,9,8
test_142.png,10.42,375,0.43095,0.82936,4,8
test_143.png,0.0,0,0.10282,0.32471,73,7
test_143.png,0.21,8,0.10196,0.32443,58,7
test_143.png,0.52,19,0.0974,0.31645,43,7
test_143.png,1.04,37,0.09173,0.30306,33,7
test_143.png,2.08,75,0.07368,0.26356,18,7
test_143.png,5.21,188,0.02691,0.09973,2,7
test_143.png,10.42,375,0.0,0.0,3,7
test_144.png,0.0,0,0.22817,0.49748,190,4
test_144.png,0.21,8,0.22627,0.4995,126,4
test_144.png,0.52,19,0.22309,0.50512,88,4
test_144.png,1.04,37,0.2173,0.50867,62,5
test_144.png,2.08,75,0.19873,0.51032,36,5
test_144.png,5.21,188,0.14212,0.41893,13,5
test_144.png,10.42,375,0.10114,0.29899,6,5
test_145.png,0.0,0,0.26285,0.6025,184,11
test_145.png,0.21,8,0.26023,0.60258,110,11
test_145.png,0.52,19,0.2573,0.60444,83,11
test_145.png,1.04,37,0.24958,0.59502,63,11
test_145.png,2.08,75,0.2336,0.57853,41,11
test_145.png,5.21,188,0.17801,0.48537,16,11
test_145.png,10.42,375,0.11474,0.34343,6,11
test_146.png,0.0,0,0.55435,0.8281,121,39
test_146.png,0.21,8,0.55333,0.82727,93,39
test_146.png,0.52,19,0.55259,0.82731,84,39
test_146.png,1.04,37,0.55225,0.82705,83,39
test_146.png,2.08,75,0.54683,0.82109,74,39
test_146.png,5.21,188,0.52686,0.79575,55,39
test_146.png,10.42,375,0.44938,0.69227,34,39
test_147.png,0.0,0,0.15338,0.23513,176,6
test_147.png,0.21,8,0.15171,0.23221,134,6
test_147.png,0.52,19,0.14701,0.22524,110,6
test_147.png,1.04,37,0.13151,0.20358,79,6
test_147.png,2.08,75,0.1097,0.16844,49,6
test_147.png,5.21,188,0.04666,0.05558,15,6
test_147.png,10.42,375,0.01426,0.02175,2,6
test_148.png,0.0,0,0.52737,0.95439,6,6
test_148.png,0.21,8,0.52734,0.9542,5,6
test_148.png,0.52,19,0.52699,0.95381,4,6
test_148.png,1.04,37,0.52608,0.95352,2,6
test_148.png,2.08,75,0.52608,0.95352,2,6
test_148.png,5.21,188,0.52164,0.94805,0,6
test_148.png,10.42,375,0.52164,0.94805,0,6
test_149.png,0.0,0,0.12367,0.43449,52,3
test_149.png,0.21,8,0.12262,0.43307,39,3
test_149.png,0.52,19,0.12082,0.42852,32,3
test_149.png,1.04,37,0.11469,0.41936,21,3
test_149.png,2.08,75,0.10606,0.40479,13,3
test_149.png,5.21,188,0.09781,0.38605,10,3
test_149.png,10.42,375,0.03506,0.12318,1,3
test_150.png,0.0,0,0.239,0.54998,100,5
test_150.png,0.21,8,0.23673,0.54793,75,5
test_150.png,0.52,19,0.23234,0.54339,59,5
test_150.png,1.04,37,0.22212,0.53186,42,5
test_150.png,2.08,75,0.19767,0.50525,24,5
test_150.png,5.21,188,0.14425,0.41491,8,5
test_150.png,10.42,375,0.1007,0.29573,4,5
test_151.png,0.0,0,0.44671,0.74408,129,15
test_151.png,0.21,8,0.44582,0.74468,95,15
test_151.png,0.52,19,0.44392,0.74389,79,15
test_151.png,1.04,37,0.44017,0.74299,64,15
test_151.png,2.08,75,0.43128,0.73415,48,15
test_151.png,5.21,188,0.39989,0.70229,25,15
test_151.png,10.42,375,0.33744,0.62399,12,15
test_152.png,0.0,0,0.20026,0.4735,111,23
test_152.png,0.21,8,0.1988,0.4721,83,23
test_152.png,0.52,19,0.1949,0.4703,67,23
test_152.png,1.04,37,0.18821,0.46129,54,23
test_152.png,2.08,75,0.16767,0.42972,36,23
test_152.png,5.21,188,0.09529,0.24974,10,23
test_152.png,10.42,375,0.0421,0.11361,1,23
test_153.png,0.0,0,0.50083,0.78514,91,10
test_153.png,0.21,8,0.50088,0.7875,60,10
test_153.png,0.52,19,0.50095,0.78861,52,10
test_153.png,1.04,37,0.50043,0.7894,44,10
test_153.png,2.08,75,0.49964,0.7978,29,10
test_153.png,5.21,188,0.48893,0.79379,16,11
test_153.png,10.42,375,0.48137,0.78737,13,11
test_154.png,0.0,0,0.42247,0.7308,132,43
test_154.png,0.21,8,0.4219,0.73133,97,43
test_154.png,0.52,19,0.42073,0.73145,79,43
test_154.png,1.04,37,0.41571,0.72788,56,43
test_154.png,2.08,75,0.40386,0.71656,39,43
test_154.png,5.21,188,0.36138,0.66127,16,43
test_154.png,10.42,375,0.33373,0.62935,11,43
test_155.png,0.0,0,0.29306,0.39791,180,5
test_155.png,0.21,8,0.29199,0.39727,130,5
test_155.png,0.52,19,0.29148,0.39726,114,5
test_155.png,1.04,37,0.28859,0.39536,96,5
test_155.png,2.08,75,0.28069,0.38973,69,5
test_155.png,5.21,188,0.25033,0.35378,29,5
test_155.png,10.42,375,0.18354,0.27288,13,5
test_156.png,0.0,0,0.1783,0.48089,78,10
test_156.png,0.21,8,0.1767,0.47862,50,10
test_156.png,0.52,19,0.17465,0.47634,43,10
test_156.png,1.04,37,0.167,0.46309,31,10
test_156.png,2.08,75,0.15348,0.44204,20,10
test_156.png,5.21,188,0.13087,0.39049,13,10
test_156.png,10.42,375,0.01081,0.03459,3,10
test_157.png,0.0,0,0.36501,0.781,69,3
test_157.png,0.21,8,0.3645,0.78112,47,3
test_157.png,0.52,19,0.36393,0.78375,37,3
test_157.png,1.04,37,0.36372,0.78974,28,3
test_157.png,2.08,75,0.36183,0.79087,25,3
test_157.png,5.21,188,0.35169,0.79242,15,3
test_157.png,10.42,375,0.32519,0.75742,8,3
test_158.png,0.0,0,0.37989,0.90461,14,1
test_158.png,0.21,8,0.37958,0.90438,8,1
test_158.png,0.52,19,0.37958,0.90438,8,1
test_158.png,1.04,37,0.37958,0.90438,8,1
test_158.png,2.08,75,0.37958,0.90438,8,1
test_158.png,5.21,188,0.37354,0.90126,6,1
test_158.png,10.42,375,0.36656,0.88922,5,1
test_159.png,0.0,0,0.15004,0.4898,99,6
test_159.png,0.21,8,0.14774,0.48561,66,6
test_159.png,0.52,19,0.14267,0.47745,49,6
test_159.png,1.04,37,0.1324,0.45462,32,6
test_159.png,2.08,75,0.11737,0.42689,18,6
test_159.png,5.21,188,0.09828,0.37598,11,6
test_159.png,10.42,375,0.02508,0.10907,0,6
test_160.png,0.0,0,0.18261,0.44496,156,37
test_160.png,0.21,8,0.18048,0.44276,110,37
test_160.png,0.52,19,0.17492,0.43609,84,37
test_160.png,1.04,37,0.1627,0.41863,59,37
test_160.png,2.08,75,0.1387,0.37035,34,37
test_160.png,5.21,188,0.08566,0.24094,12,37
test_160.png,10.42,375,0.0225,0.05933,1,38
test_161.png,0.0,0,0.45459,0.58252,219,30
test_161.png,0.21,8,0.45379,0.58459,129,30
test_161.png,0.52,19,0.45241,0.58368,107,30
test_161.png,1.04,37,0.4478,0.58232,78,30
test_161.png,2.08,75,0.43417,0.56363,49,30
test_161.png,5.21,188,0.39718,0.52692,23,30
test_161.png,10.42,375,0.33953,0.45926,10,30
test_162.png,0.0,0,0.33572,0.54163,146,47
test_162.png,0.21,8,0.33413,0.53961,104,47
test_162.png,0.52,19,0.32987,0.53454,77,47
test_162.png,1.04,37,0.32268,0.5257,59,47
test_162.png,2.08,75,0.30439,0.49848,39,47
test_162.png,5.21,188,0.24356,0.41367,12,47
test_162.png,10.42,375,0.2237,0.38783,8,47
test_163.png,0.0,0,0.55238,0.85152,90,29
test_163.png,0.21,8,0.55207,0.85186,71,29
test_163.png,0.52,19,0.5513,0.85157,61,29
test_163.png,1.04,37,0.54944,0.85089,48,29
test_163.png,2.08,75,0.5457,0.84671,40,29
test_163.png,5.21,188,0.53087,0.82646,28,29
test_163.png,10.42,375,0.5,0.78444,17,29
test_164.png,0.0,0,0.6921,0.95989,35,24
test_164.png,0.21,8,0.69147,0.95917,16,24
test_164.png,0.52,19,0.69083,0.95806,11,24
test_164.png,1.04,37,0.68986,0.95664,8,24
test_164.png,2.08,75,0.68921,0.95583,7,24
test_164.png,5.21,188,0.68211,0.94661,3,24
test_164.png,10.42,375,0.67451,0.93795,1,24
test_165.png,0.0,0,0.34711,0.56176,175,70
test_165.png,0.21,8,0.34437,0.55728,127,70
test_165.png,0.52,19,0.34102,0.55148,112,70
test_165.png,1.04,37,0.33601,0.5454,101,70
test_165.png,2.08,75,0.31723,0.51764,84,70
test_165.png,5.21,188,0.13937,0.23544,17,70
test_165.png,10.42,375,0.04787,0.08284,2,70
test_166.png,0.0,0,0.52239,0.92695,24,22
test_166.png,0.21,8,0.52213,0.9267,17,22
test_166.png,0.52,19,0.5218,0.92668,15,22
test_166.png,1.04,37,0.52064,0.92573,12,22
test_166.png,2.08,75,0.51432,0.91659,5,22
test_166.png,5.21,188,0.50607,0.90782,1,22
test_166.png,10.42,375,0.50156,0.90177,0,22
test_167.png,0.0,0,0.21592,0.38946,135,64
test_167.png,0.21,8,0.21357,0.38632,96,64
test_167.png,0.52,19,0.20825,0.3801,75,64
test_167.png,1.04,37,0.19818,0.36408,54,64
test_167.png,2.08,75,0.16565,0.30187,26,64
test_167.png,5.21,188,0.11534,0.2086,7,64
test_167.png,10.42,375,0.09043,0.164,3,64
test_168.png,0.0,0,0.27222,0.68483,108,7
test_168.png,0.21,8,0.27081,0.68459,74,7
test_168.png,0.52,19,0.26754,0.68221,57,7
test_168.png,1.04,37,0.2627,0.67923,48,7
test_168.png,2.08,75,0.24341,0.65235,33,7
test_168.png,5.21,188,0.19182,0.56195,13,7
test_168.png,10.42,375,0.14776,0.46521,7,7
test_169.png,0.0,0,0.24941,0.57729,193,10
test_169.png,0.21,8,0.24669,0.57436,134,10
test_169.png,0.52,19,0.24229,0.56696,107,10
test_169.png,1.04,37,0.23178,0.55179,78,10
test_169.png,2.08,75,0.1974,0.50918,44,10
test_169.png,5.21,188,0.12181,0.35751,15,10
test_169.png,10.42,375,0.0,0.0,2,10
test_170.png,0.0,0,0.54999,0.85581,109,32
test_170.png,0.21,8,0.54964,0.85642,80,32
test_170.png,0.52,19,0.54878,0.85695,66,32
test_170.png,1.04,37,0.54774,0.85558,60,32
test_170.png,2.08,75,0.54356,0.85275,50,32
test_170.png,5.21,188,0.52746,0.83241,34,32
test_170.png,10.42,375,0.49323,0.79179,20,34
test_171.png,0.0,0,0.07247,0.11131,217,13
test_171.png,0.21,8,0.07094,0.10985,148,13
test_171.png,0.52,19,0.06403,0.09994,109,13
test_171.png,1.04,37,0.05509,0.09089,78,13
test_171.png,2.08,75,0.03506,0.06335,48,14
test_171.png,5.21,188,0.00751,0.0096,9,14
test_171.png,10.42,375,0.0,0.0,1,14
test_172.png,0.0,0,0.06406,0.1111,239,12
test_172.png,0.21,8,0.06152,0.10603,147,12
test_172.png,0.52,19,0.05775,0.10194,112,12
test_172.png,1.04,37,0.05002,0.08862,84,12
test_172.png,2.08,75,0.02556,0.04359,38,14
test_172.png,5.21,188,0.00777,0.01842,7,14
test_172.png,10.42,375,0.0,0.0,1,14
test_173.png,0.0,0,0.23628,0.4984,142,11
test_173.png,0.21,8,0.23384,0.49518,103,11
test_173.png,0.52,19,0.22923,0.48797,83,11
test_173.png,1.04,37,0.21929,0.4651,67,11
test_173.png,2.08,75,0.18818,0.4177,41,11
test_173.png,5.21,188,0.09702,0.20179,10,11
test_173.png,10.42,375,0.02851,0.05351,1,12
test_174.png,0.0,0,0.0545,0.08447,255,13
test_174.png,0.21,8,0.05247,0.08041,169,13
test_174.png,0.52,19,0.04956,0.07777,125,13
test_174.png,1.04,37,0.03788,0.05853,78,13
test_174.png,2.08,75,0.0241,0.04227,27,14
test_174.png,5.21,188,0.0,0.0,1,14
test_174.png,10.42,375,0.0,0.0,1,14
test_175.png,0.0,0,0.57872,0.6262,29,41
test_175.png,0.21,8,0.57852,0.62611,16,41
test_175.png,0.52,19,0.57794,0.62529,12,41
test_175.png,1.04,37,0.57698,0.62365,8,41
test_175.png,2.08,75,0.57608,0.62319,4,41
test_175.png,5.21,188,0.57714,0.62512,2,41
test_175.png,10.42,375,0.57365,0.62187,1,41
test_176.png,0.0,0,0.63602,0.76519,48,28
test_176.png,0.21,8,0.63611,0.76581,26,28
test_176.png,0.52,19,0.6362,0.76617,15,28
test_176.png,1.04,37,0.63601,0.76642,11,28
test_176.png,2.08,75,0.6365,0.76687,6,28
test_176.png,5.21,188,0.63925,0.772,0,28
test_176.png,10.42,375,0.63925,0.772,0,28
test_177.png,0.0,0,0.58943,0.72398,178,72
test_177.png,0.21,8,0.58828,0.72384,132,72
test_177.png,0.52,19,0.58552,0.72157,103,72
test_177.png,1.04,37,0.58252,0.71977,78,72
test_177.png,2.08,75,0.58017,0.72049,57,72
test_177.png,5.21,188,0.53493,0.6651,31,72
test_177.png,10.42,375,0.47427,0.59662,16,72
test_178.png,0.0,0,0.21583,0.43724,179,11
test_178.png,0.21,8,0.2138,0.43534,114,11
test_178.png,0.52,19,0.20961,0.43298,86,11
test_178.png,1.04,37,0.19803,0.42058,57,11
test_178.png,2.08,75,0.17989,0.38715,38,11
test_178.png,5.21,188,0.08858,0.20108,9,13
test_178.png,10.42,375,0.0129,0.03021,0,13
test_179.png,0.0,0,0.63427,0.73674,128,85
test_179.png,0.21,8,0.63376,0.73643,80,85
test_179.png,0.52,19,0.6332,0.73628,64,85
test_179.png,1.04,37,0.6327,0.73591,56,85
test_179.png,2.08,75,0.62841,0.73232,41,85
test_179.png,5.21,188,0.62248,0.72521,24,85
test_179.png,10.42,375,0.59839,0.7002,17,86
test_180.png,0.0,0,0.62622,0.73138,126,95
test_180.png,0.21,8,0.62612,0.73203,90,95
test_180.png,0.52,19,0.62556,0.73271,73,95
test_180.png,1.04,37,0.62202,0.72957,59,95
test_180.png,2.08,75,0.61294,0.71996,44,95
test_180.png,5.21,188,0.59621,0.70048,24,95
test_180.png,10.42,375,0.57627,0.67755,16,95
test_181.png,0.0,0,0.51476,0.63794,188,64
test_181.png,0.21,8,0.51452,0.63867,141,64
test_181.png,0.52,19,0.51256,0.63779,109,64
test_181.png,1.04,37,0.50985,0.63644,85,64
test_181.png,2.08,75,0.50583,0.63504,66,64
test_181.png,5.21,188,0.46301,0.58976,41,64
test_181.png,10.42,375,0.36597,0.4804,20,64
test_182.png,0.0,0,0.35042,0.53221,245,42
test_182.png,0.21,8,0.34725,0.53022,158,42
test_182.png,0.52,19,0.34336,0.52514,132,42
test_182.png,1.04,37,0.33483,0.51335,109,42
test_182.png,2.08,75,0.2996,0.46268,66,42
test_182.png,5.21,188,0.18443,0.3054,21,43
test_182.png,10.42,375,0.0641,0.11365,4,44
test_183.png,0.0,0,0.07171,0.12058,219,7
test_183.png,0.21,8,0.06933,0.1192,128,7
test_183.png,0.52,19,0.0671,0.11571,100,7
test_183.png,1.04,37,0.05772,0.10176,64,7
test_183.png,2.08,75,0.04759,0.09077,33,7
test_183.png,5.21,188,0.00584,0.00743,4,7
test_183.png,10.42,375,0.0,0.0,1,7
test_184.png,0.0,0,0.7045,0.79962,87,235
test_184.png,0.21,8,0.70465,0.80035,44,235
test_184.png,0.52,19,0.70504,0.80104,28,235
test_184.png,1.04,37,0.70516,0.80141,21,235
test_184.png,2.08,75,0.70377,0.79989,12,235
test_184.png,5.21,188,0.69696,0.7936,4,235
test_184.png,10.42,375,0.6947,0.79103,3,235
test_185.png,0.0,0,0.23898,0.49878,132,5
test_185.png,0.21,8,0.23699,0.49836,91,5
test_185.png,0.52,19,0.23234,0.49246,72,5
test_185.png,1.04,37,0.22206,0.47955,56,5
test_185.png,2.08,75,0.20212,0.44148,41,5
test_185.png,5.21,188,0.09985,0.25698,12,5
test_185.png,10.42,375,0.01418,0.04609,0,7
test_186.png,0.0,0,0.07381,0.10596,270,14
test_186.png,0.21,8,0.07165,0.10399,164,14
test_186.png,0.52,19,0.06821,0.09904,125,14
test_186.png,1.04,37,0.06257,0.09132,91,14
test_186.png,2.08,75,0.04108,0.06503,37,14
test_186.png,5.21,188,0.00749,0.00261,4,14
test_186.png,10.42,375,0.0,0.0,1,14
test_187.png,0.0,0,0.09876,0.16123,255,16
test_187.png,0.21,8,0.09624,0.15862,153,16
test_187.png,0.52,19,0.09168,0.15202,114,16
test_187.png,1.04,37,0.08597,0.14401,81,16
test_187.png,2.08,75,0.06625,0.11297,34,16
test_187.png,5.21,188,0.02424,0.04048,3,16
test_187.png,10.42,375,0.0,0.0,2,16
test_188.png,0.0,0,0.26111,0.31557,185,20
test_188.png,0.21,8,0.2601,0.31565,126,20
test_188.png,0.52,19,0.25682,0.31588,94,20
test_188.png,1.04,37,0.25477,0.31346,77,20
test_188.png,2.08,75,0.24731,0.30396,55,21
test_188.png,5.21,188,0.18974,0.25585,19,22
test_188.png,10.42,375,0.13837,0.21539,8,23
test_189.png,0.0,0,0.62424,0.77772,139,67
test_189.png,0.21,8,0.62379,0.77834,99,67
test_189.png,0.52,19,0.62276,0.77747,80,67
test_189.png,1.04,37,0.62033,0.77549,61,67
test_189.png,2.08,75,0.61321,0.76959,44,68
test_189.png,5.21,188,0.59716,0.754,32,68
test_189.png,10.42,375,0.54526,0.69117,19,68
test_190.png,0.0,0,0.12255,0.25254,182,14
test_190.png,0.21,8,0.11975,0.25028,104,14
test_190.png,0.52,19,0.11827,0.25112,85,14
test_190.png,1.04,37,0.10639,0.23444,57,15
test_190.png,2.08,75,0.08554,0.20214,30,15
test_190.png,5.21,188,0.03201,0.08367,9,15
test_190.png,10.42,375,0.0,0.0,1,15
test_191.png,0.0,0,0.61048,0.75589,97,54
test_191.png,0.21,8,0.6104,0.75657,65,54
test_191.png,0.52,19,0.61023,0.75745,51,54
test_191.png,1.04,37,0.61102,0.75955,39,54
test_191.png,2.08,75,0.60936,0.76039,20,54
test_191.png,5.21,188,0.60522,0.75816,11,54
test_191.png,10.42,375,0.59432,0.74548,7,54
test_192.png,0.0,0,0.41674,0.49574,237,58
test_192.png,0.21,8,0.4163,0.49581,176,58
test_192.png,0.52,19,0.41505,0.49567,135,58
test_192.png,1.04,37,0.41262,0.49576,107,58
test_192.png,2.08,75,0.39987,0.48527,75,58
test_192.png,5.21,188,0.36037,0.44468,47,58
test_192.png,10.42,375,0.21746,0.27838,14,59
test_193.png,0.0,0,0.3772,0.63965,185,18
test_193.png,0.21,8,0.37635,0.64035,131,18
test_193.png,0.52,19,0.37436,0.6423,101,18
test_193.png,1.04,37,0.37191,0.64484,79,18
test_193.png,2.08,75,0.36387,0.64382,53,18
test_193.png,5.21,188,0.34055,0.64646,24,18
test_193.png,10.42,375,0.28451,0.55565,13,18
test_194.png,0.0,0,0.40791,0.67522,177,38
test_194.png,0.21,8,0.40646,0.67365,141,38
test_194.png,0.52,19,0.40377,0.67197,123,39
test_194.png,1.04,37,0.39563,0.66106,104,39
test_194.png,2.08,75,0.35475,0.60487,65,39
test_194.png,5.21,188,0.27103,0.48199,32,39
test_194.png,10.42,375,0.13572,0.26979,9,39
test_195.png,0.0,0,0.08798,0.1533,189,10
test_195.png,0.21,8,0.08571,0.15155,119,10
test_195.png,0.52,19,0.082,0.14868,82,10
test_195.png,1.04,37,0.07601,0.13985,62,10
test_195.png,2.08,75,0.05886,0.11938,34,10
test_195.png,5.21,188,0.00859,0.02403,6,12
test_195.png,10.42,375,0.0,0.0,1,12
test_196.png,0.0,0,0.19041,0.45262,158,14
test_196.png,0.21,8,0.18783,0.44926,94,14
test_196.png,0.52,19,0.18361,0.44436,70,14
test_196.png,1.04,37,0.17639,0.42857,53,14
test_196.png,2.08,75,0.15285,0.38607,34,14
test_196.png,5.21,188,0.07918,0.21056,8,14
test_196.png,10.42,375,0.01667,0.04387,0,14
test_197.png,0.0,0,0.13324,0.26288,218,12
test_197.png,0.21,8,0.13045,0.25821,127,12
test_197.png,0.52,19,0.12631,0.2512,93,12
test_197.png,1.04,37,0.11267,0.22993,59,12
test_197.png,2.08,75,0.0901,0.18631,32,12
test_197.png,5.21,188,0.04071,0.10102,6,12
test_197.png,10.42,375,0.01439,0.03878,0,12
test_198.png,0.0,0,0.06359,0.09618,238,12
test_198.png,0.21,8,0.06189,0.09288,152,12
test_198.png,0.52,19,0.0569,0.0873,109,12
test_198.png,1.04,37,0.04809,0.07035,67,12
test_198.png,2.08,75,0.02993,0.03898,29,12
test_198.png,5.21,188,0.00134,0.0,1,12
test_198.png,10.42,375,0.0,0.0,1,12
test_199.png,0.0,0,0.20107,0.42365,190,13
test_199.png,0.21,8,0.19851,0.41879,130,13
test_199.png,0.52,19,0.19432,0.41289,103,13
test_199.png,1.04,37,0.18227,0.39945,73,13
test_199.png,2.08,75,0.15797,0.35765,43,13
test_199.png,5.21,188,0.07845,0.19313,10,14
test_199.png,10.42,375,0.0147,0.04278,0,14
test_200.png,0.0,0,0.23292,0.28027,170,18
test_200.png,0.21,8,0.23223,0.28091,120,18
test_200.png,0.52,19,0.2294,0.27687,89,18
test_200.png,1.04,37,0.22202,0.26995,62,18
test_200.png,2.08,75,0.20549,0.25599,37,18
test_200.png,5.21,188,0.18798,0.23381,18,18
test_200.png,10.42,375,0.0922,0.10246,3,19
test_201.png,0.0,0,0.4713,0.60274,228,38
test_201.png,0.21,8,0.47107,0.60437,164,38
test_201.png,0.52,19,0.46986,0.60462,136,39
test_201.png,1.04,37,0.46679,0.60028,115,39
test_201.png,2.08,75,0.459,0.59744,72,39
test_201.png,5.21,188,0.41583,0.55122,36,39
test_201.png,10.42,375,0.30597,0.42535,13,41
test_202.png,0.0,0,0.18896,0.39552,144,11
test_202.png,0.21,8,0.18641,0.39271,85,11
test_202.png,0.52,19,0.18401,0.39042,70,11
test_202.png,1.04,37,0.17613,0.38091,49,12
test_202.png,2.08,75,0.15488,0.34078,31,12
test_202.png,5.21,188,0.0937,0.21891,9,12
test_202.png,10.42,375,0.02714,0.06811,1,12
test_203.png,0.0,0,0.66412,0.84528,96,69
test_203.png,0.21,8,0.66346,0.84557,54,69
test_203.png,0.52,19,0.66286,0.84509,41,69
test_203.png,1.04,37,0.66169,0.8442,35,69
test_203.png,2.08,75,0.66046,0.84445,22,69
test_203.png,5.21,188,0.65521,0.83846,15,69
test_203.png,10.42,375,0.63729,0.81834,9,69
test_204.png,0.0,0,0.61132,0.7641,120,68
test_204.png,0.21,8,0.61117,0.7647,81,68
test_204.png,0.52,19,0.61035,0.76506,58,68
test_204.png,1.04,37,0.61015,0.76626,43,68
test_204.png,2.08,75,0.60641,0.76289,32,68
test_204.png,5.21,188,0.59773,0.75553,22,68
test_204.png,10.42,375,0.57977,0.73467,16,68
test_205.png,0.0,0,0.26145,0.50104,171,23
test_205.png,0.21,8,0.25894,0.49709,113,23
test_205.png,0.52,19,0.2547,0.49017,92,23
test_205.png,1.04,37,0.24746,0.47872,80,23
test_205.png,2.08,75,0.21229,0.42517,48,23
test_205.png,5.21,188,0.09163,0.20149,9,24
test_205.png,10.42,375,0.03568,0.0758,1,25
test_206.png,0.0,0,0.54788,0.74131,165,52
test_206.png,0.21,8,0.54671,0.73993,128,52
test_206.png,0.52,19,0.54326,0.73651,107,52
test_206.png,1.04,37,0.53313,0.72316,78,52
test_206.png,2.08,75,0.52206,0.71003,63,52
test_206.png,5.21,188,0.48768,0.6742,44,52
test_206.png,10.42,375,0.40232,0.57027,23,52
test_207.png,0.0,0,0.05485,0.07756,225,15
test_207.png,0.21,8,0.0535,0.07541,148,15
test_207.png,0.52,19,0.05169,0.07207,119,15
test_207.png,1.04,37,0.04324,0.06021,88,15
test_207.png,2.08,75,0.01752,0.02167,51,15
test_207.png,5.21,188,0.00053,0.0,15,15
test_207.png,10.42,375,0.0,0.0,3,15
test_208.png,0.0,0,0.35149,0.4542,160,6
test_208.png,0.21,8,0.34984,0.45203,107,6
test_208.png,0.52,19,0.34901,0.45261,90,6
test_208.png,1.04,37,0.34609,0.44929,71,6
test_208.png,2.08,75,0.33183,0.44773,38,6
test_208.png,5.21,188,0.30668,0.40313,21,6
test_208.png,10.42,375,0.23647,0.32228,9,7
test_209.png,0.0,0,0.23848,0.16581,220,10
test_209.png,0.21,8,0.23693,0.163,145,10
test_209.png,0.52,19,0.23485,0.15979,108,10
test_209.png,1.04,37,0.22793,0.1458,78,10
test_209.png,2.08,75,0.21512,0.12552,50,10
test_209.png,5.21,188,0.19321,0.08951,26,10
test_209.png,10.42,375,0.13686,0.06697,9,10
test_210.png,0.0,0,0.53349,0.75315,141,36
test_210.png,0.21,8,0.53312,0.75543,93,36
test_210.png,0.52,19,0.53328,0.75871,77,36
test_210.png,1.04,37,0.5322,0.76128,58,36
test_210.png,2.08,75,0.52698,0.76015,38,36
test_210.png,5.21,188,0.50329,0.73452,22,36
test_210.png,10.42,375,0.48293,0.71158,17,36
test_211.png,0.0,0,0.22933,0.55904,147,13
test_211.png,0.21,8,0.22776,0.5568,103,13
test_211.png,0.52,19,0.22463,0.55175,84,13
test_211.png,1.04,37,0.21924,0.54217,73,13
test_211.png,2.08,75,0.19291,0.49231,46,13
test_211.png,5.21,188,0.11492,0.32478,13,14
test_211.png,10.42,375,0.06421,0.18713,4,14
test_212.png,0.0,0,0.49678,0.57887,194,71
test_212.png,0.21,8,0.49641,0.5786,136,71
test_212.png,0.52,19,0.49714,0.58086,106,71
test_212.png,1.04,37,0.49593,0.58056,82,71
test_212.png,2.08,75,0.49514,0.58115,68,71
test_212.png,5.21,188,0.45153,0.53108,39,71
test_212.png,10.42,375,0.386,0.456,21,71
test_213.png,0.0,0,0.13326,0.304,168,12
test_213.png,0.21,8,0.13021,0.29969,93,12
test_213.png,0.52,19,0.12454,0.29196,63,12
test_213.png,1.04,37,0.11533,0.27514,43,12
test_213.png,2.08,75,0.09032,0.21962,24,12
test_213.png,5.21,188,0.02661,0.07911,2,12
test_213.png,10.42,375,0.0,0.0,1,12
test_214.png,0.0,0,0.60528,0.75925,130,68
test_214.png,0.21,8,0.60462,0.75918,83,68
test_214.png,0.52,19,0.6049,0.76115,63,68
test_214.png,1.04,37,0.60377,0.76189,42,68
test_214.png,2.08,75,0.6014,0.76157,28,68
test_214.png,5.21,188,0.59269,0.75408,15,68
test_214.png,10.42,375,0.5821,0.74307,11,68
test_215.png,0.0,0,0.55319,0.67058,130,81
test_215.png,0.21,8,0.55262,0.67113,86,81
test_215.png,0.52,19,0.55197,0.67115,73,81
test_215.png,1.04,37,0.55057,0.67103,56,81
test_215.png,2.08,75,0.54575,0.66674,45,81
test_215.png,5.21,188,0.53178,0.6526,26,81
test_215.png,10.42,375,0.49878,0.61866,13,81
test_216.png,0.0,0,0.31757,0.46132,228,25
test_216.png,0.21,8,0.31528,0.46019,150,25
test_216.png,0.52,19,0.31314,0.46198,108,25
test_216.png,1.04,37,0.30513,0.45321,81,26
test_216.png,2.08,75,0.28984,0.43498,57,26
test_216.png,5.21,188,0.24228,0.39327,24,27
test_216.png,10.42,375,0.15967,0.28293,6,27
test_217.png,0.0,0,0.59671,0.77062,149,62
test_217.png,0.21,8,0.59518,0.7695,103,63
test_217.png,0.52,19,0.59286,0.76712,85,63
test_217.png,1.04,37,0.5882,0.76175,70,63
test_217.png,2.08,75,0.57521,0.74602,52,63
test_217.png,5.21,188,0.53751,0.70368,27,63
test_217.png,10.42,375,0.49779,0.66059,16,63
test_218.png,0.0,0,0.07602,0.12978,193,9
test_218.png,0.21,8,0.07428,0.12739,130,9
test_218.png,0.52,19,0.07209,0.12196,103,9
test_218.png,1.04,37,0.06626,0.11558,72,9
test_218.png,2.08,75,0.05013,0.08195,39,9
test_218.png,5.21,188,0.004,0.0,5,10
test_218.png,10.42,375,0.0008,0.0,0,10
test_219.png,0.0,0,0.19274,0.1939,182,5
test_219.png,0.21,8,0.19013,0.18814,122,5
test_219.png,0.52,19,0.18692,0.18126,100,5
test_219.png,1.04,37,0.18093,0.17372,80,5
test_219.png,2.08,75,0.1612,0.13749,44,5
test_219.png,5.21,188,0.1237,0.12424,16,5
test_219.png,10.42,375,0.07713,0.06156,4,5
test_220.png,0.0,0,0.17649,0.06636,182,8
test_220.png,0.21,8,0.17514,0.06427,119,8
test_220.png,0.52,19,0.17322,0.06112,91,8
test_220.png,1.04,37,0.16959,0.05652,68,8
test_220.png,2.08,75,0.16477,0.05049,46,8
test_220.png,5.21,188,0.14106,0.04436,25,8
test_220.png,10.42,375,0.09081,0.00433,8,8
test_221.png,0.0,0,0.14672,0.31551,180,50
test_221.png,0.21,8,0.14473,0.31248,115,50
test_221.png,0.52,19,0.14197,0.30854,89,50
test_221.png,1.04,37,0.13604,0.29865,70,50
test_221.png,2.08,75,0.11195,0.25643,39,50
test_221.png,5.21,188,0.065,0.15762,11,50
test_221.png,10.42,375,0.03146,0.08429,3,50
test_222.png,0.0,0,0.19882,0.34973,111,1
test_222.png,0.21,8,0.19802,0.34943,69,1
test_222.png,0.52,19,0.19568,0.34803,52,1
test_222.png,1.04,37,0.18678,0.34662,37,1
test_222.png,2.08,75,0.18024,0.34566,23,1
test_222.png,5.21,188,0.14018,0.29256,9,1
test_222.png,10.42,375,0.06965,0.18648,2,1
test_223.png,0.0,0,0.23562,0.66366,54,5
test_223.png,0.21,8,0.23491,0.66368,37,5
test_223.png,0.52,19,0.23386,0.66396,31,5
test_223.png,1.04,37,0.23108,0.66287,25,5
test_223.png,2.08,75,0.22178,0.657,18,5
test_223.png,5.21,188,0.20345,0.63017,10,5
test_223.png,10.42,375,0.1858,0.58493,7,5
test_224.png,0.0,0,0.25198,0.57445,54,1
test_224.png,0.21,8,0.25091,0.57402,37,1
test_224.png,0.52,19,0.24987,0.57396,32,1
test_224.png,1.04,37,0.24511,0.57474,24,1
test_224.png,2.08,75,0.23446,0.56757,16,1
test_224.png,5.21,188,0.20971,0.53487,8,1
test_224.png,10.42,375,0.17392,0.47805,4,1
test_225.png,0.0,0,0.0052,0.00262,140,1
test_225.png,0.21,8,0.00515,0.00262,84,1
test_225.png,0.52,19,0.00489,0.00262,67,1
test_225.png,1.04,37,0.00376,0.00253,45,1
test_225.png,2.08,75,0.00245,0.0024,30,1
test_225.png,5.21,188,0.00231,0.00248,16,1
test_225.png,10.42,375,0.0004,0.0,5,1
test_226.png,0.0,0,0.06757,0.04468,129,4
test_226.png,0.21,8,0.06586,0.04303,83,4
test_226.png,0.52,19,0.06349,0.0381,55,4
test_226.png,1.04,37,0.0584,0.03816,35,4
test_226.png,2.08,75,0.04825,0.03261,16,4
test_226.png,5.21,188,0.02977,0.03038,4,4
test_226.png,10.42,375,0.01736,0.00179,1,4
test_227.png,0.0,0,0.33863,0.71439,62,1
test_227.png,0.21,8,0.33797,0.71709,37,1
test_227.png,0.52,19,0.33575,0.71468,29,1
test_227.png,1.04,37,0.33509,0.71588,26,1
test_227.png,2.08,75,0.32656,0.70828,18,1
test_227.png,5.21,188,0.31019,0.6916,10,1
test_227.png,10.42,375,0.26021,0.61937,4,1
test_228.png,0.0,0,0.35928,0.68448,72,6
test_228.png,0.21,8,0.35912,0.6872,48,6
test_228.png,0.52,19,0.35796,0.6884,37,6
test_228.png,1.04,37,0.35571,0.69076,26,6
test_228.png,2.08,75,0.35451,0.70207,13,6
test_228.png,5.21,188,0.3377,0.6895,7,6
test_228.png,10.42,375,0.32272,0.66692,5,7
test_229.png,0.0,0,0.45286,0.84562,25,9
test_229.png,0.21,8,0.45257,0.84545,20,9
test_229.png,0.52,19,0.45145,0.84507,16,9
test_229.png,1.04,37,0.45074,0.8436,15,9
test_229.png,2.08,75,0.44922,0.84095,14,9
test_229.png,5.21,188,0.44284,0.83424,12,9
test_229.png,10.42,375,0.40798,0.78526,7,9
test_230.png,0.0,0,0.01126,0.00534,106,6
test_230.png,0.21,8,0.01106,0.00534,78,6
test_230.png,0.52,19,0.01047,0.00533,61,6
test_230.png,1.04,37,0.01004,0.00247,42,6
test_230.png,2.08,75,0.00419,0.0005,20,6
test_230.png,5.21,188,0.0,0.0,3,6
test_230.png,10.42,375,0.0,0.0,1,6
test_231.png,0.0,0,0.27405,0.65902,107,4
test_231.png,0.21,8,0.27208,0.65513,66,4
test_231.png,0.52,19,0.26921,0.64984,55,4
test_231.png,1.04,37,0.2638,0.64467,43,4
test_231.png,2.08,75,0.24694,0.62072,26,4
test_231.png,5.21,188,0.21824,0.58412,12,4
test_231.png,10.42,375,0.15443,0.44644,4,4
test_232.png,0.0,0,0.24928,0.52781,87,3
test_232.png,0.21,8,0.2486,0.52822,66,3
test_232.png,0.52,19,0.24729,0.52806,53,3
test_232.png,1.04,37,0.24573,0.52943,43,3
test_232.png,2.08,75,0.24013,0.52987,31,3
test_232.png,5.21,188,0.20226,0.47746,13,3
test_232.png,10.42,375,0.16636,0.4279,5,3
test_233.png,0.0,0,0.12841,0.26565,96,1
test_233.png,0.21,8,0.12622,0.26392,60,1
test_233.png,0.52,19,0.12249,0.26333,48,1
test_233.png,1.04,37,0.11008,0.25495,31,1
test_233.png,2.08,75,0.0955,0.24057,17,1
test_233.png,5.21,188,0.04397,0.09893,4,1
test_233.png,10.42,375,0.0259,0.05298,1,1
test_234.png,0.0,0,0.11193,0.21261,92,1
test_234.png,0.21,8,0.10854,0.21163,47,1
test_234.png,0.52,19,0.10557,0.21211,34,1
test_234.png,1.04,37,0.0996,0.21241,25,1
test_234.png,2.08,75,0.08775,0.20579,16,1
test_234.png,5.21,188,0.05744,0.18459,6,1
test_234.png,10.42,375,0.01361,0.07466,0,1
test_235.png,0.0,0,0.61835,0.83515,49,21
test_235.png,0.21,8,0.61765,0.83505,33,21
test_235.png,0.52,19,0.6158,0.83426,22,21
test_235.png,1.04,37,0.61317,0.83393,15,22
test_235.png,2.08,75,0.6116,0.83293,12,22
test_235.png,5.21,188,0.60397,0.82491,9,22
test_235.png,10.42,375,0.59879,0.81951,8,22
test_236.png,0.0,0,0.09784,0.01981,86,0
test_236.png,0.21,8,0.09626,0.01736,54,0
test_236.png,0.52,19,0.09396,0.01736,45,0
test_236.png,1.04,37,0.08952,0.01737,32,0
test_236.png,2.08,75,0.07544,0.00624,18,0
test_236.png,5.21,188,0.02062,0.0,2,0
test_236.png,10.42,375,0.0,0.0,1,0
test_237.png,0.0,0,0.40366,0.83673,52,18
test_237.png,0.21,8,0.4031,0.83714,35,18
test_237.png,0.52,19,0.40248,0.83707,28,18
test_237.png,1.04,37,0.40086,0.8389,20,18
test_237.png,2.08,75,0.39603,0.83589,12,18
test_237.png,5.21,188,0.39009,0.83232,5,18
test_237.png,10.42,375,0.39009,0.83232,5,18
test_238.png,0.0,0,0.30778,0.44094,78,2
test_238.png,0.21,8,0.30703,0.44124,48,2
test_238.png,0.52,19,0.30603,0.44076,39,2
test_238.png,1.04,37,0.30584,0.44234,34,2
test_238.png,2.08,75,0.29473,0.42893,26,2
test_238.png,5.21,188,0.25735,0.39395,13,3
test_238.png,10.42,375,0.18524,0.33798,6,3
test_239.png,0.0,0,0.11181,0.19344,148,7
test_239.png,0.21,8,0.10964,0.19186,90,7
test_239.png,0.52,19,0.10829,0.19156,73,7
test_239.png,1.04,37,0.09582,0.1715,53,7
test_239.png,2.08,75,0.07676,0.1504,28,7
test_239.png,5.21,188,0.06004,0.12528,9,8
test_239.png,10.42,375,0.0,0.0,1,8
test_240.png,0.0,0,0.11615,0.11514,132,3
test_240.png,0.21,8,0.11496,0.11346,89,3
test_240.png,0.52,19,0.11319,0.11362,70,3
test_240.png,1.04,37,0.11002,0.10857,49,3
test_240.png,2.08,75,0.09922,0.10869,33,3
test_240.png,5.21,188,0.05059,0.10372,7,3
test_240.png,10.42,375,0.02571,0.06846,1,3
test_241.png,0.0,0,0.2461,0.51299,133,6
test_241.png,0.21,8,0.24518,0.51435,87,6
test_241.png,0.52,19,0.24338,0.5142,66,6
test_241.png,1.04,37,0.2363,0.49787,48,6
test_241.png,2.08,75,0.21992,0.4787,31,6
test_241.png,5.21,188,0.19186,0.4596,13,6
test_241.png,10.42,375,0.11887,0.3237,4,6
test_242.png,0.0,0,0.27635,0.57275,144,52
test_242.png,0.21,8,0.2752,0.57148,94,52
test_242.png,0.52,19,0.27205,0.56633,74,52
test_242.png,1.04,37,0.26581,0.55562,57,52
test_242.png,2.08,75,0.25268,0.53689,34,52
test_242.png,5.21,188,0.2145,0.46854,14,52
test_242.png,10.42,375,0.17539,0.4086,5,52
test_243.png,0.0,0,0.53601,0.96964,2,1
test_243.png,0.21,8,0.53601,0.96964,2,1
test_243.png,0.52,19,0.53601,0.96964,2,1
test_243.png,1.04,37,0.53615,0.97031,1,1
test_243.png,2.08,75,0.53637,0.97099,0,1
test_243.png,5.21,188,0.53637,0.97099,0,1
test_243.png,10.42,375,0.53637,0.97099,0,1
test_244.png,0.0,0,0.14092,0.40078,48,2
test_244.png,0.21,8,0.1402,0.39924,39,2
test_244.png,0.52,19,0.13876,0.3986,29,2
test_244.png,1.04,37,0.13356,0.39651,23,2
test_244.png,2.08,75,0.1259,0.38224,15,2
test_244.png,5.21,188,0.10099,0.33351,6,2
test_244.png,10.42,375,0.06131,0.19943,2,2
test_245.png,0.0,0,0.14253,0.36143,101,2
test_245.png,0.21,8,0.14023,0.35748,67,2
test_245.png,0.52,19,0.137,0.35387,55,2
test_245.png,1.04,37,0.1299,0.34882,44,2
test_245.png,2.08,75,0.10215,0.31924,23,2
test_245.png,5.21,188,0.04179,0.16849,4,2
test_245.png,10.42,375,0.0,0.0,1,3
test_246.png,0.0,0,0.00471,0.0,184,2
test_246.png,0.21,8,0.00472,0.0,118,2
test_246.png,0.52,19,0.00441,0.0,94,2
test_246.png,1.04,37,0.00447,0.0,64,2
test_246.png,2.08,75,0.00458,0.0,39,2
test_246.png,5.21,188,0.00114,0.0,10,2
test_246.png,10.42,375,0.0,0.0,3,2
test_247.png,0.0,0,0.15767,0.36127,83,3
test_247.png,0.21,8,0.1551,0.35793,52,3
test_247.png,0.52,19,0.1526,0.35074,44,3
test_247.png,1.04,37,0.14304,0.34403,31,3
test_247.png,2.08,75,0.1247,0.32096,21,3
test_247.png,5.21,188,0.06609,0.21108,4,3
test_247.png,10.42,375,0.03482,0.13341,1,3
test_248.png,0.0,0,0.34012,0.67347,80,13
test_248.png,0.21,8,0.33924,0.67338,58,13
test_248.png,0.52,19,0.33787,0.67338,52,13
test_248.png,1.04,37,0.33312,0.67232,41,13
test_248.png,2.08,75,0.31962,0.67109,26,13
test_248.png,5.21,188,0.29068,0.65575,11,13
test_248.png,10.42,375,0.25665,0.6056,4,13
test_249.png,0.0,0,0.30988,0.67524,98,4
test_249.png,0.21,8,0.30793,0.67518,65,4
test_249.png,0.52,19,0.30557,0.6736,56,4
test_249.png,1.04,37,0.30101,0.67046,48,4
test_249.png,2.08,75,0.28749,0.66619,36,4
test_249.png,5.21,188,0.23981,0.62983,21,4
test_249.png,10.42,375,0.13209,0.40902,7,4
test_250.png,0.0,0,0.26051,0.58174,117,1
test_250.png,0.21,8,0.2579,0.58006,77,1
test_250.png,0.52,19,0.25385,0.57567,53,1
test_250.png,1.04,37,0.24646,0.56621,40,1
test_250.png,2.08,75,0.23535,0.55895,31,1
test_250.png,5.21,188,0.18778,0.53705,14,1
test_250.png,10.42,375,0.09201,0.27883,4,2
test_251.png,0.0,0,0.19949,0.25127,172,31
test_251.png,0.21,8,0.19828,0.24983,125,31
test_251.png,0.52,19,0.19356,0.24353,100,31
test_251.png,1.04,37,0.18721,0.23743,75,31
test_251.png,2.08,75,0.16394,0.20628,51,31
test_251.png,5.21,188,0.11607,0.16363,15,32
test_251.png,10.42,375,0.03606,0.05474,1,32
test_252.png,0.0,0,0.18175,0.25521,154,31
test_252.png,0.21,8,0.18048,0.25392,122,31
test_252.png,0.52,19,0.17799,0.25241,98,32
test_252.png,1.04,37,0.16982,0.24293,71,32
test_252.png,2.08,75,0.13167,0.19631,39,32
test_252.png,5.21,188,0.0434,0.06866,6,32
test_252.png,10.42,375,0.02312,0.03734,1,32
test_253.png,0.0,0,0.41545,0.63417,37,15
test_253.png,0.21,8,0.4152,0.63409,23,15
test_253.png,0.52,19,0.41469,0.63465,17,15
test_253.png,1.04,37,0.41385,0.63507,13,15
test_253.png,2.08,75,0.41273,0.63673,8,15
test_253.png,5.21,188,0.40711,0.62232,4,15
test_253.png,10.42,375,0.40711,0.62232,4,15
test_254.png,0.0,0,0.30605,0.69604,106,3
test_254.png,0.21,8,0.30451,0.69495,72,3
test_254.png,0.52,19,0.30087,0.69536,54,3
test_254.png,1.04,37,0.29765,0.6936,42,3
test_254.png,2.08,75,0.28249,0.67869,26,3
test_254.png,5.21,188,0.24903,0.63214,13,4
test_254.png,10.42,375,0.21051,0.55836,6,4
test_255.png,0.0,0,0.01666,0.01661,120,4
test_255.png,0.21,8,0.01599,0.01607,74,4
test_255.png,0.52,19,0.01407,0.01195,51,4
test_255.png,1.04,37,0.01348,0.01199,35,4
test_255.png,2.08,75,0.00437,0.0,11,4
test_255.png,5.21,188,0.0,0.0,1,4
test_255.png,10.42,375,0.0,0.0,1,4
test_256.png,0.0,0,0.09077,0.03505,104,1
test_256.png,0.21,8,0.08923,0.03506,66,1
test_256.png,0.52,19,0.08351,0.03153,45,1
test_256.png,1.04,37,0.07448,0.02798,30,1
test_256.png,2.08,75,0.05003,0.01093,12,1
test_256.png,5.21,188,0.01401,0.00366,0,1
test_256.png,10.42,375,0.0,0.0,2,1
test_257.png,0.0,0,0.36573,0.77541,104,10
test_257.png,0.21,8,0.3649,0.77735,70,10
test_257.png,0.52,19,0.36318,0.77821,52,10
test_257.png,1.04,37,0.35862,0.78205,33,10
test_257.png,2.08,75,0.35248,0.78686,21,10
test_257.png,5.21,188,0.32595,0.7626,9,10
test_257.png,10.42,375,0.28962,0.71052,4,10
test_258.png,0.0,0,0.3154,0.65294,88,8
test_258.png,0.21,8,0.31457,0.65305,66,8
test_258.png,0.52,19,0.31301,0.65421,56,8
test_258.png,1.04,37,0.3083,0.65238,39,8
test_258.png,2.08,75,0.29706,0.64675,25,8
test_258.png,5.21,188,0.2714,0.62926,9,8
test_258.png,10.42,375,0.25839,0.61704,5,8
test_259.png,0.0,0,0.21996,0.36716,167,8
test_259.png,0.21,8,0.21842,0.36703,110,8
test_259.png,0.52,19,0.21803,0.36985,88,8
test_259.png,1.04,37,0.212,0.36546,71,8
test_259.png,2.08,75,0.19821,0.35533,41,8
test_259.png,5.21,188,0.17091,0.32706,16,9
test_259.png,10.42,375,0.08736,0.17782,2,9
test_260.png,0.0,0,0.03306,0.02106,119,3
test_260.png,0.21,8,0.03237,0.02107,78,3
test_260.png,0.52,19,0.03128,0.02109,57,4
test_260.png,1.04,37,0.02721,0.01661,33,4
test_260.png,2.08,75,0.02191,0.01661,18,4
test_260.png,5.21,188,0.00729,0.01333,3,4
test_260.png,10.42,375,0.00186,0.00203,0,4
test_261.png,0.0,0,0.455,0.88786,27,15
test_261.png,0.21,8,0.45461,0.88744,14,15
test_261.png,0.52,19,0.45429,0.88795,7,15
test_261.png,1.04,37,0.45325,0.88699,3,15
test_261.png,2.08,75,0.4525,0.88644,2,15
test_261.png,5.21,188,0.44854,0.88287,0,15
test_261.png,10.42,375,0.44854,0.88287,0,15
test_262.png,0.0,0,0.27041,0.63639,113,45
test_262.png,0.21,8,0.2689,0.63403,78,45
test_262.png,0.52,19,0.26626,0.63157,61,45
test_262.png,1.04,37,0.26235,0.62387,51,45
test_262.png,2.08,75,0.24165,0.58775,26,45
test_262.png,5.21,188,0.20334,0.51711,7,45
test_262.png,10.42,375,0.19095,0.49189,4,45
test_263.png,0.0,0,0.57104,0.93458,29,15
test_263.png,0.21,8,0.57116,0.93534,18,15
test_263.png,0.52,19,0.57118,0.93589,14,15
test_263.png,1.04,37,0.57118,0.93589,14,15
test_263.png,2.08,75,0.57222,0.93996,8,15
test_263.png,5.21,188,0.57085,0.93965,5,15
test_263.png,10.42,375,0.56225,0.92872,3,15
test_264.png,0.0,0,0.11407,0.15158,150,18
test_264.png,0.21,8,0.11172,0.14896,105,18
test_264.png,0.52,19,0.10764,0.1438,84,19
test_264.png,1.04,37,0.09725,0.12921,61,19
test_264.png,2.08,75,0.06511,0.08574,32,19
test_264.png,5.21,188,0.01178,0.01699,2,19
test_264.png,10.42,375,0.0,0.0,1,19
test_265.png,0.0,0,0.1495,0.22159,132,3
test_265.png,0.21,8,0.14873,0.22121,97,3
test_265.png,0.52,19,0.14776,0.22322,71,3
test_265.png,1.04,37,0.14607,0.2251,57,3
test_265.png,2.08,75,0.14093,0.225,34,3
test_265.png,5.21,188,0.07914,0.16987,11,3
test_265.png,10.42,375,0.02579,0.05583,2,3
test_266.png,0.0,0,0.31829,0.42962,152,32
test_266.png,0.21,8,0.31643,0.42833,108,32
test_266.png,0.52,19,0.3135,0.42587,86,32
test_266.png,1.04,37,0.31075,0.42519,63,32
test_266.png,2.08,75,0.27765,0.38193,29,32
test_266.png,5.21,188,0.21072,0.2914,10,32
test_266.png,10.42,375,0.12907,0.18644,3,32
test_267.png,0.0,0,0.21287,0.54291,53,1
test_267.png,0.21,8,0.2114,0.54257,40,1
test_267.png,0.52,19,0.21021,0.54289,35,1
test_267.png,1.04,37,0.20735,0.54228,30,1
test_267.png,2.08,75,0.19497,0.53358,19,1
test_267.png,5.21,188,0.14446,0.44312,8,1
test_267.png,10.42,375,0.07157,0.23314,2,2
test_268.png,0.0,0,0.14962,0.18289,126,2
test_268.png,0.21,8,0.1449,0.17698,73,2
test_268.png,0.52,19,0.13649,0.1638,51,2
test_268.png,1.04,37,0.1258,0.15484,37,2
test_268.png,2.08,75,0.09762,0.1101,21,2
test_268.png,5.21,188,0.02436,0.04199,1,2
test_268.png,10.42,375,0.01477,0.0,0,2
test_269.png,0.0,0,0.28423,0.70709,113,5
test_269.png,0.21,8,0.28218,0.70654,76,5
test_269.png,0.52,19,0.27811,0.70762,56,5
test_269.png,1.04,37,0.2711,0.70418,43,5
test_269.png,2.08,75,0.25836,0.7045,33,5
test_269.png,5.21,188,0.22385,0.67249,18,5
test_269.png,10.42,375,0.15246,0.53984,8,5
test_270.png,0.0,0,0.22094,0.29674,187,34
test_270.png,0.21,8,0.2192,0.29496,124,34
test_270.png,0.52,19,0.21553,0.29074,89,34
test_270.png,1.04,37,0.20899,0.28328,68,34
test_270.png,2.08,75,0.19269,0.26344,38,34
test_270.png,5.21,188,0.12758,0.17988,13,34
test_270.png,10.42,375,0.06529,0.09362,2,34
test_271.png,0.0,0,0.52732,0.85125,63,4
test_271.png,0.21,8,0.52758,0.855,40,4
test_271.png,0.52,19,0.52878,0.86043,32,4
test_271.png,1.04,37,0.52962,0.86934,22,4
test_271.png,2.08,75,0.53202,0.88413,13,4
test_271.png,5.21,188,0.5258,0.89199,5,4
test_271.png,10.42,375,0.50966,0.87454,3,4
test_272.png,0.0,0,0.37862,0.67406,64,5
test_272.png,0.21,8,0.37732,0.67293,48,5
test_272.png,0.52,19,0.37637,0.67423,40,5
test_272.png,1.04,37,0.374,0.67326,33,5
test_272.png,2.08,75,0.36029,0.66122,25,5
test_272.png,5.21,188,0.32163,0.61117,12,5
test_272.png,10.42,375,0.26691,0.52645,6,5
test_273.png,0.0,0,0.0968,0.01993,120,1
test_273.png,0.21,8,0.09503,0.01992,83,1
test_273.png,0.52,19,0.08867,0.01987,57,1
test_273.png,1.04,37,0.08441,0.01987,38,1
test_273.png,2.08,75,0.05809,0.01585,19,0
test_273.png,5.21,188,0.0369,0.01309,8,0
test_273.png,10.42,375,0.02903,0.01297,3,0
test_274.png,0.0,0,0.34356,0.61227,132,0
test_274.png,0.21,8,0.34154,0.61227,84,0
test_274.png,0.52,19,0.33592,0.61086,58,0
test_274.png,1.04,37,0.32962,0.61312,38,0
test_274.png,2.08,75,0.32133,0.61367,18,0
test_274.png,5.21,188,0.29072,0.58269,9,0
test_274.png,10.42,375,0.24175,0.51674,3,0
test_275.png,0.0,0,0.79736,0.95257,42,6
test_275.png,0.21,8,0.79758,0.95319,27,6
test_275.png,0.52,19,0.798,0.9543,22,6
test_275.png,1.04,37,0.79946,0.95685,15,6
test_275.png,2.08,75,0.80084,0.96064,8,6
test_275.png,5.21,188,0.8042,0.9655,5,6
test_275.png,10.42,375,0.80929,0.97149,2,6
test_276.png,0.0,0,0.22904,0.35944,149,4
test_276.png,0.21,8,0.22742,0.35785,93,4
test_276.png,0.52,19,0.22594,0.35772,75,4
test_276.png,1.04,37,0.21996,0.35184,57,4
test_276.png,2.08,75,0.20674,0.33959,38,4
test_276.png,5.21,188,0.16937,0.29951,16,4
test_276.png,10.42,375,0.10498,0.24621,5,4
test_277.png,0.0,0,0.09067,0.09159,166,1
test_277.png,0.21,8,0.09013,0.09189,111,1
test_277.png,0.52,19,0.08807,0.09262,71,1
test_277.png,1.04,37,0.09004,0.09524,50,0
test_277.png,2.08,75,0.08691,0.09723,28,0
test_277.png,5.21,188,0.04612,0.01046,10,0
test_277.png,10.42,375,0.0503,0.01066,3,0
test_278.png,0.0,0,0.3695,0.762,97,12
test_278.png,0.21,8,0.3689,0.76232,69,12
test_278.png,0.52,19,0.36691,0.76477,49,12
test_278.png,1.04,37,0.36249,0.76629,34,13
test_278.png,2.08,75,0.35895,0.76812,23,13
test_278.png,5.21,188,0.34321,0.75597,6,13
test_278.png,10.42,375,0.32799,0.73399,3,13
test_279.png,0.0,0,0.31809,0.59547,135,1
test_279.png,0.21,8,0.31784,0.60071,74,1
test_279.png,0.52,19,0.31446,0.59858,59,1
test_279.png,1.04,37,0.31297,0.60076,49,1
test_279.png,2.08,75,0.3042,0.60095,35,1
test_279.png,5.21,188,0.26205,0.57668,12,1
test_279.png,10.42,375,0.24823,0.57645,7,1
test_280.png,0.0,0,0.40915,0.75623,78,2
test_280.png,0.21,8,0.40946,0.75968,47,2
test_280.png,0.52,19,0.40995,0.76204,41,2
test_280.png,1.04,37,0.40902,0.7637,35,2
test_280.png,2.08,75,0.40853,0.77007,28,2
test_280.png,5.21,188,0.41602,0.80409,18,2
test_280.png,10.42,375,0.43585,0.89433,7,0
test_281.png,0.0,0,0.15609,0.26525,199,5
test_281.png,0.21,8,0.15436,0.26254,119,5
test_281.png,0.52,19,0.14994,0.25613,89,5
test_281.png,1.04,37,0.14011,0.2553,61,5
test_281.png,2.08,75,0.11592,0.21906,31,5
test_281.png,5.21,188,0.05888,0.14655,7,5
test_281.png,10.42,375,0.0,0.0,0,5
test_282.png,0.0,0,0.76607,0.9129,29,7
test_282.png,0.21,8,0.76648,0.91448,12,7
test_282.png,0.52,19,0.76677,0.91575,10,7
test_282.png,1.04,37,0.76708,0.91641,9,7
test_282.png,2.08,75,0.7701,0.92131,5,7
test_282.png,5.21,188,0.77337,0.92688,3,7
test_282.png,10.42,375,0.77617,0.93165,2,7
test_283.png,0.0,0,0.47881,0.92045,19,3
test_283.png,0.21,8,0.47885,0.92097,13,3
test_283.png,0.52,19,0.47885,0.92097,13,3
test_283.png,1.04,37,0.4793,0.92305,10,3
test_283.png,2.08,75,0.47947,0.92594,6,3
test_283.png,5.21,188,0.47911,0.92757,3,3
test_283.png,10.42,375,0.47911,0.92757,3,3
test_284.png,0.0,0,0.3003,0.55309,50,1
test_284.png,0.21,8,0.30012,0.5571,32,1
test_284.png,0.52,19,0.29918,0.5559,30,1
test_284.png,1.04,37,0.3,0.56444,25,1
test_284.png,2.08,75,0.30472,0.58931,19,1
test_284.png,5.21,188,0.33357,0.71749,6,0
test_284.png,10.42,375,0.34502,0.77673,3,0
test_285.png,0.0,0,0.02938,0.00289,129,0
test_285.png,0.21,8,0.02875,0.00289,72,0
test_285.png,0.52,19,0.02584,0.00289,57,0
test_285.png,1.04,37,0.02354,0.00289,41,0
test_285.png,2.08,75,0.00983,0.0,22,0
test_285.png,5.21,188,0.0,0.0,4,0
test_285.png,10.42,375,0.0,0.0,1,0
test_286.png,0.0,0,0.28519,0.47993,103,0
test_286.png,0.21,8,0.28267,0.47604,73,0
test_286.png,0.52,19,0.27802,0.47325,61,0
test_286.png,1.04,37,0.26812,0.47004,46,0
test_286.png,2.08,75,0.2533,0.46531,33,0
test_286.png,5.21,188,0.19751,0.41376,13,0
test_286.png,10.42,375,0.15229,0.37996,4,0
test_287.png,0.0,0,0.76954,0.95351,28,3
test_287.png,0.21,8,0.76979,0.95443,15,3
test_287.png,0.52,19,0.77037,0.9561,10,3
test_287.png,1.04,37,0.77082,0.95698,8,3
test_287.png,2.08,75,0.77249,0.96034,5,3
test_287.png,5.21,188,0.7741,0.96283,3,3
test_287.png,10.42,375,0.77633,0.96732,2,3
test_288.png,0.0,0,0.12594,0.11778,136,0
test_288.png,0.21,8,0.12371,0.11518,84,0
test_288.png,0.52,19,0.11646,0.10187,66,0
test_288.png,1.04,37,0.10999,0.09231,47,0
test_288.png,2.08,75,0.10299,0.09269,30,0
test_288.png,5.21,188,0.0482,0.0307,7,0
test_288.png,10.42,375,0.02229,0.02536,2,0
test_289.png,0.0,0,0.19735,0.31557,172,3
test_289.png,0.21,8,0.19581,0.31509,101,3
test_289.png,0.52,19,0.19494,0.31856,77,3
test_289.png,1.04,37,0.19028,0.31907,59,3
test_289.png,2.08,75,0.18881,0.32905,39,3
test_289.png,5.21,188,0.16049,0.31109,17,3
test_289.png,10.42,375,0.11001,0.29636,3,0
test_290.png,0.0,0,0.0,0.0,30,7
test_290.png,0.21,8,0.0,0.0,16,7
test_290.png,0.52,19,0.0,0.0,11,7
test_290.png,1.04,37,0.0,0.0,10,7
test_290.png,2.08,75,0.0,0.0,5,7
test_290.png,5.21,188,0.0,0.0,1,7
test_290.png,10.42,375,0.0,0.0,1,7
test_291.png,0.0,0,0.43934,0.64905,44,3
test_291.png,0.21,8,0.43983,0.65264,32,3
test_291.png,0.52,19,0.4402,0.65739,26,3
test_291.png,1.04,37,0.44374,0.67319,15,3
test_291.png,2.08,75,0.44829,0.68711,11,3
test_291.png,5.21,188,0.46152,0.72955,3,3
test_291.png,10.42,375,0.46703,0.74467,2,3
test_292.png,0.0,0,0.38179,0.58817,87,18
test_292.png,0.21,8,0.38087,0.58772,56,18
test_292.png,0.52,19,0.37953,0.58703,48,18
test_292.png,1.04,37,0.37625,0.58394,37,18
test_292.png,2.08,75,0.36955,0.57491,29,18
test_292.png,5.21,188,0.34311,0.53872,19,18
test_292.png,10.42,375,0.312,0.50429,12,18
test_293.png,0.0,0,0.4283,0.83039,75,8
test_293.png,0.21,8,0.42819,0.83292,43,8
test_293.png,0.52,19,0.42795,0.83439,35,8
test_293.png,1.04,37,0.42757,0.83906,27,8
test_293.png,2.08,75,0.42504,0.83997,22,8
test_293.png,5.21,188,0.40113,0.82403,10,8
test_293.png,10.42,375,0.38899,0.82275,5,8
test_294.png,0.0,0,0.86575,0.97523,22,2
test_294.png,0.21,8,0.86606,0.9761,7,2
test_294.png,0.52,19,0.86633,0.97672,4,2
test_294.png,1.04,37,0.86674,0.97752,2,2
test_294.png,2.08,75,0.86595,0.97637,2,2
test_294.png,5.21,188,0.86517,0.97634,7,2
test_294.png,10.42,375,0.86724,0.97887,8,2
test_295.png,0.0,0,0.22143,0.24291,141,1
test_295.png,0.21,8,0.21921,0.24093,90,1
test_295.png,0.52,19,0.21704,0.24018,74,1
test_295.png,1.04,37,0.20785,0.24019,54,1
test_295.png,2.08,75,0.19192,0.24155,33,1
test_295.png,5.21,188,0.14307,0.22375,13,1
test_295.png,10.42,375,0.07734,0.16034,3,1
test_296.png,0.0,0,0.07539,0.11511,138,11
test_296.png,0.21,8,0.07388,0.11148,91,11
test_296.png,0.52,19,0.0701,0.10874,64,11
test_296.png,1.04,37,0.06124,0.09169,43,11
test_296.png,2.08,75,0.04846,0.06042,27,11
test_296.png,5.21,188,0.00869,0.00167,2,11
test_296.png,10.42,375,0.0,0.0,0,11
test_297.png,0.0,0,0.63547,0.92052,56,10
test_297.png,0.21,8,0.63607,0.92366,29,10
test_297.png,0.52,19,0.6369,0.92689,21,10
test_297.png,1.04,37,0.63894,0.9324,14,10
test_297.png,2.08,75,0.64104,0.94001,8,10
test_297.png,5.21,188,0.64729,0.95297,3,10
test_297.png,10.42,375,0.65229,0.96379,1,10
test_298.png,0.0,0,0.29079,0.48293,143,1
test_298.png,0.21,8,0.29023,0.4875,93,1
test_298.png,0.52,19,0.29015,0.49642,64,1
test_298.png,1.04,37,0.28883,0.50627,48,1
test_298.png,2.08,75,0.28592,0.52774,28,1
test_298.png,5.21,188,0.26466,0.52744,12,0
test_298.png,10.42,375,0.22197,0.49598,4,0
test_299.png,0.0,0,0.41987,0.6904,69,8
test_299.png,0.21,8,0.41959,0.69137,45,8
test_299.png,0.52,19,0.41978,0.69332,38,8
test_299.png,1.04,37,0.42093,0.69916,27,8
test_299.png,2.08,75,0.42229,0.70706,18,8
test_299.png,5.21,188,0.41096,0.70652,7,8
test_299.png,10.42,375,0.41332,0.72314,2,8
test_300.png,0.0,0,0.33282,0.49341,163,3
test_300.png,0.21,8,0.33162,0.49426,105,3
test_300.png,0.52,19,0.32969,0.49473,85,3
test_300.png,1.04,37,0.32798,0.4996,69,3
test_300.png,2.08,75,0.32181,0.50639,49,3
test_300.png,5.21,188,0.28664,0.51084,20,3
test_300.png,10.42,375,0.22664,0.45269,8,3
test_301.png,0.0,0,0.45046,0.7807,112,2
test_301.png,0.21,8,0.45098,0.78565,66,2
test_301.png,0.52,19,0.45181,0.79275,53,2
test_301.png,1.04,37,0.4525,0.79853,44,2
test_301.png,2.08,75,0.45893,0.82568,26,2
test_301.png,5.21,188,0.46431,0.86426,11,3
test_301.png,10.42,375,0.43297,0.8348,2,3
test_302.png,0.0,0,0.25309,0.35574,110,1
test_302.png,0.21,8,0.24952,0.34926,64,1
test_302.png,0.52,19,0.24338,0.33703,47,1
test_302.png,1.04,37,0.23671,0.32912,35,1
test_302.png,2.08,75,0.2142,0.29959,21,1
test_302.png,5.21,188,0.16026,0.20046,8,1
test_302.png,10.42,375,0.09899,0.18277,1,1
test_303.png,0.0,0,0.38754,0.57912,115,0
test_303.png,0.21,8,0.38765,0.58304,66,0
test_303.png,0.52,19,0.38834,0.58675,55,0
test_303.png,1.04,37,0.3843,0.58921,44,0
test_303.png,2.08,75,0.38387,0.60869,29,1
test_303.png,5.21,188,0.37833,0.63565,17,1
test_303.png,10.42,375,0.40169,0.76206,3,2
test_304.png,0.0,0,0.45583,0.88584,39,5
test_304.png,0.21,8,0.45511,0.88653,22,5
test_304.png,0.52,19,0.45507,0.88751,19,5
test_304.png,1.04,37,0.45384,0.89088,13,5
test_304.png,2.08,75,0.45603,0.90052,8,5
test_304.png,5.21,188,0.44515,0.89222,3,5
test_304.png,10.42,375,0.43184,0.87714,1,5
test_305.png,0.0,0,0.10246,0.07108,193,2
test_305.png,0.21,8,0.09926,0.06894,108,2
test_305.png,0.52,19,0.09675,0.06698,87,2
test_305.png,1.04,37,0.09148,0.06722,61,2
test_305.png,2.08,75,0.07493,0.05754,34,2
test_305.png,5.21,188,0.03104,0.04377,9,2
test_305.png,10.42,375,0.01108,0.0,1,2
test_306.png,0.0,0,0.46731,0.84489,47,0
test_306.png,0.21,8,0.46747,0.84782,28,0
test_306.png,0.52,19,0.46562,0.84884,18,0
test_306.png,1.04,37,0.46632,0.85539,11,0
test_306.png,2.08,75,0.45886,0.85483,5,0
test_306.png,5.21,188,0.45662,0.85039,3,0
test_306.png,10.42,375,0.45662,0.85039,3,0
test_307.png,0.0,0,0.49375,0.91536,25,1
test_307.png,0.21,8,0.49365,0.91689,14,1
test_307.png,0.52,19,0.49316,0.9175,11,1
test_307.png,1.04,37,0.49384,0.923,4,2
test_307.png,2.08,75,0.49276,0.92706,1,2
test_307.png,5.21,188,0.49389,0.93062,0,2
test_307.png,10.42,375,0.49389,0.93062,0,2
test_308.png,0.0,0,0.48313,0.80321,65,3
test_308.png,0.21,8,0.48323,0.80585,42,3
test_308.png,0.52,19,0.48432,0.81056,35,3
test_308.png,1.04,37,0.48843,0.82688,24,3
test_308.png,2.08,75,0.49471,0.85309,12,3
test_308.png,5.21,188,0.49384,0.86594,5,3
test_308.png,10.42,375,0.47072,0.85059,1,3
test_309.png,0.0,0,0.42042,0.82462,76,9
test_309.png,0.21,8,0.41999,0.82658,51,9
test_309.png,0.52,19,0.41861,0.82703,44,9
test_309.png,1.04,37,0.41622,0.82671,34,9
test_309.png,2.08,75,0.41123,0.82167,27,9
test_309.png,5.21,188,0.38728,0.79479,16,9
test_309.png,10.42,375,0.34043,0.73747,8,9
test_310.png,0.0,0,0.48052,0.86228,65,14
test_310.png,0.21,8,0.48008,0.86322,35,14
test_310.png,0.52,19,0.47834,0.86311,26,14
test_310.png,1.04,37,0.47734,0.86194,22,14
test_310.png,2.08,75,0.47314,0.86179,12,14
test_310.png,5.21,188,0.45388,0.84573,3,14
test_310.png,10.42,375,0.44593,0.83549,1,14
test_311.png,0.0,0,0.44393,0.84527,53,4
test_311.png,0.21,8,0.44367,0.84644,37,4
test_311.png,0.52,19,0.44296,0.84869,28,4
test_311.png,1.04,37,0.43899,0.85048,16,4
test_311.png,2.08,75,0.43282,0.84962,9,4
test_311.png,5.21,188,0.42576,0.85889,3,4
test_311.png,10.42,375,0.42692,0.86505,2,4
test_312.png,0.0,0,0.52728,0.85688,32,12
test_312.png,0.21,8,0.52693,0.85814,17,12
test_312.png,0.52,19,0.52677,0.85875,12,12
test_312.png,1.04,37,0.52573,0.85873,7,12
test_312.png,2.08,75,0.52331,0.85877,2,12
test_312.png,5.21,188,0.52012,0.85631,0,12
test_312.png,10.42,375,0.52019,0.86629,4,13
test_313.png,0.0,0,0.13397,0.17594,69,12
test_313.png,0.21,8,0.13315,0.17367,51,12
test_313.png,0.52,19,0.13128,0.1704,43,12
test_313.png,1.04,37,0.13021,0.1688,36,12
test_313.png,2.08,75,0.12248,0.15816,32,12
test_313.png,5.21,188,0.09069,0.11674,24,12
test_313.png,10.42,375,0.07031,0.08701,22,12
test_314.png,0.0,0,0.46956,0.82732,57,5
test_314.png,0.21,8,0.46931,0.83062,35,5
test_314.png,0.52,19,0.46758,0.8312,28,5
test_314.png,1.04,37,0.4677,0.8412,20,5
test_314.png,2.08,75,0.46738,0.85199,14,5
test_314.png,5.21,188,0.47,0.87841,8,5
test_314.png,10.42,375,0.45299,0.87117,5,5
test_315.png,0.0,0,0.63262,0.94616,29,1
test_315.png,0.21,8,0.6328,0.94739,16,1
test_315.png,0.52,19,0.63305,0.94854,13,1
test_315.png,1.04,37,0.63329,0.94916,11,1
test_315.png,2.08,75,0.63481,0.95366,6,1
test_315.png,5.21,188,0.63768,0.96116,3,0
test_315.png,10.42,375,0.63945,0.9655,2,0
test_316.png,0.0,0,0.10987,0.13434,96,0
test_316.png,0.21,8,0.10799,0.13062,44,0
test_316.png,0.52,19,0.10527,0.12829,33,0
test_316.png,1.04,37,0.09577,0.11342,22,0
test_316.png,2.08,75,0.07851,0.0905,14,0
test_316.png,5.21,188,0.04006,0.07166,6,0
test_316.png,10.42,375,0.04132,0.07603,3,0
test_317.png,0.0,0,0.10154,0.07615,151,3
test_317.png,0.21,8,0.09846,0.07219,90,3
test_317.png,0.52,19,0.09311,0.07017,63,3
test_317.png,1.04,37,0.08387,0.05763,47,3
test_317.png,2.08,75,0.06002,0.02732,26,3
test_317.png,5.21,188,0.02767,0.0227,8,3
test_317.png,10.42,375,0.0,0.0,2,3
test_318.png,0.0,0,0.46583,0.93062,51,3
test_318.png,0.21,8,0.46643,0.9367,8,3
test_318.png,0.52,19,0.46613,0.93666,7,3
test_318.png,1.04,37,0.46618,0.93789,5,3
test_318.png,2.08,75,0.46699,0.94299,2,3
test_318.png,5.21,188,0.46761,0.94648,1,3
test_318.png,10.42,375,0.46761,0.94648,1,3
test_319.png,0.0,0,0.2627,0.58139,79,5
test_319.png,0.21,8,0.26199,0.58269,54,5
test_319.png,0.52,19,0.26043,0.58209,46,5
test_319.png,1.04,37,0.25689,0.57891,40,5
test_319.png,2.08,75,0.244,0.56846,25,5
test_319.png,5.21,188,0.20038,0.50089,11,5
test_319.png,10.42,375,0.17159,0.46172,5,5
test_320.png,0.0,0,0.25839,0.27418,314,27
test_320.png,0.21,8,0.25736,0.27367,208,27
test_320.png,0.52,19,0.25383,0.26832,159,27
test_320.png,1.04,37,0.24599,0.25713,119,28
test_320.png,2.08,75,0.22194,0.23758,72,28
test_320.png,5.21,188,0.1616,0.17562,25,28
test_320.png,10.42,375,0.10696,0.11594,8,30
test_321.png,0.0,0,0.18201,0.26959,74,2
test_321.png,0.21,8,0.18019,0.26684,47,2
test_321.png,0.52,19,0.17847,0.26354,37,2
test_321.png,1.04,37,0.17524,0.25925,31,2
test_321.png,2.08,75,0.16693,0.24944,23,2
test_321.png,5.21,188,0.13961,0.24375,14,2
test_321.png,10.42,375,0.03813,0.07615,4,2
test_322.png,0.0,0,0.13058,0.1867,161,11
test_322.png,0.21,8,0.12749,0.18262,105,11
test_322.png,0.52,19,0.12234,0.17775,85,11
test_322.png,1.04,37,0.10778,0.16604,55,11
test_322.png,2.08,75,0.08913,0.14366,32,11
test_322.png,5.21,188,0.0288,0.06302,4,11
test_322.png,10.42,375,0.00955,0.03096,0,11
test_323.png,0.0,0,0.18812,0.35492,112,1
test_323.png,0.21,8,0.18816,0.35889,58,1
test_323.png,0.52,19,0.18594,0.36009,44,1
test_323.png,1.04,37,0.18361,0.36131,34,1
test_323.png,2.08,75,0.17443,0.3559,22,1
test_323.png,5.21,188,0.1508,0.30604,13,1
test_323.png,10.42,375,0.07587,0.1617,3,1
test_324.png,0.0,0,0.41003,0.86756,72,23
test_324.png,0.21,8,0.40943,0.8665,56,23
test_324.png,0.52,19,0.40784,0.86472,47,23
test_324.png,1.04,37,0.40599,0.86344,41,23
test_324.png,2.08,75,0.39925,0.85251,33,23
test_324.png,5.21,188,0.38103,0.82441,23,23
test_324.png,10.42,375,0.36073,0.7963,18,23
test_325.png,0.0,0,0.4862,0.93409,10,13
test_325.png,0.21,8,0.48599,0.93379,6,13
test_325.png,0.52,19,0.48567,0.93397,3,13
test_325.png,1.04,37,0.48523,0.93308,2,13
test_325.png,2.08,75,0.48523,0.93308,2,13
test_325.png,5.21,188,0.48378,0.93205,1,13
test_325.png,10.42,375,0.48378,0.93205,1,13
test_326.png,0.0,0,0.45382,0.96514,4,9
test_326.png,0.21,8,0.45382,0.96534,2,9
test_326.png,0.52,19,0.45382,0.96534,2,9
test_326.png,1.04,37,0.45382,0.96534,2,9
test_326.png,2.08,75,0.45054,0.96064,1,9
test_326.png,5.21,188,0.45054,0.96064,1,9
test_326.png,10.42,375,0.45054,0.96064,1,9
test_327.png,0.0,0,0.50066,0.83321,2,9
test_327.png,0.21,8,0.50064,0.83321,1,9
test_327.png,0.52,19,0.50064,0.83321,1,9
test_327.png,1.04,37,0.50064,0.83321,1,9
test_327.png,2.08,75,0.49955,0.83125,0,9
test_327.png,5.21,188,0.49955,0.83125,0,9
test_327.png,10.42,375,0.49955,0.83125,0,9
test_328.png,0.0,0,0.433,0.74272,31,48
test_328.png,0.21,8,0.43248,0.74184,18,48
test_328.png,0.52,19,0.43198,0.74104,15,48
test_328.png,1.04,37,0.43091,0.73907,12,48
test_328.png,2.08,75,0.42706,0.73341,7,48
test_328.png,5.21,188,0.41898,0.7218,2,48
test_328.png,10.42,375,0.41898,0.7218,2,48
test_329.png,0.0,0,0.55157,0.97866,0,3
test_329.png,0.21,8,0.55157,0.97866,0,3
test_329.png,0.52,19,0.55157,0.97866,0,3
test_329.png,1.04,37,0.55157,0.97866,0,3
test_329.png,2.08,75,0.55157,0.97866,0,3
test_329.png,5.21,188,0.55157,0.97866,0,3
test_329.png,10.42,375,0.55157,0.97866,0,3
test_330.png,0.0,0,0.42907,0.88365,52,24
test_330.png,0.21,8,0.42847,0.88291,37,24
test_330.png,0.52,19,0.42761,0.88144,32,24
test_330.png,1.04,37,0.42399,0.8747,23,24
test_330.png,2.08,75,0.42017,0.86841,18,24
test_330.png,5.21,188,0.40101,0.83712,7,24
test_330.png,10.42,375,0.38995,0.82098,4,24
test_331.png,0.0,0,0.21958,0.24626,123,2
test_331.png,0.21,8,0.21768,0.24534,84,2
test_331.png,0.52,19,0.21377,0.2414,67,2
test_331.png,1.04,37,0.20573,0.23135,52,2
test_331.png,2.08,75,0.18735,0.20632,35,2
test_331.png,5.21,188,0.13457,0.17778,15,2
test_331.png,10.42,375,0.0568,0.11016,2,2
test_332.png,0.0,0,0.43727,0.91669,21,8
test_332.png,0.21,8,0.43695,0.91668,14,8
test_332.png,0.52,19,0.43571,0.91718,8,8
test_332.png,1.04,37,0.43509,0.91812,6,8
test_332.png,2.08,75,0.43369,0.91656,5,8
test_332.png,5.21,188,0.42908,0.9107,3,8
test_332.png,10.42,375,0.4192,0.899,1,8
test_333.png,0.0,0,0.51688,0.86073,79,43
test_333.png,0.21,8,0.51583,0.85995,56,43
test_333.png,0.52,19,0.51385,0.85754,43,43
test_333.png,1.04,37,0.51129,0.85641,33,43
test_333.png,2.08,75,0.5051,0.84914,24,43
test_333.png,5.21,188,0.48244,0.81953,11,43
test_333.png,10.42,375,0.46475,0.79593,6,43
test_334.png,0.0,0,0.50555,0.93722,9,9
test_334.png,0.21,8,0.50535,0.93686,5,9
test_334.png,0.52,19,0.50535,0.93686,5,9
test_334.png,1.04,37,0.50427,0.93616,2,9
test_334.png,2.08,75,0.50289,0.93552,0,9
test_334.png,5.21,188,0.50289,0.93552,0,9
test_334.png,10.42,375,0.50289,0.93552,0,9
test_335.png,0.0,0,0.40685,0.89762,36,18
test_335.png,0.21,8,0.40625,0.89712,25,18
test_335.png,0.52,19,0.40578,0.89737,21,18
test_335.png,1.04,37,0.40413,0.89648,17,18
test_335.png,2.08,75,0.3981,0.89229,10,18
test_335.png,5.21,188,0.39475,0.88634,8,18
test_335.png,10.42,375,0.38741,0.87437,6,18
test_336.png,0.0,0,0.13605,0.20259,121,6
test_336.png,0.21,8,0.13422,0.20022,84,6
test_336.png,0.52,19,0.12854,0.19467,60,6
test_336.png,1.04,37,0.1195,0.18522,40,6
test_336.png,2.08,75,0.10304,0.15958,25,7
test_336.png,5.21,188,0.05851,0.10719,7,7
test_336.png,10.42,375,0.01543,0.04338,0,7
test_337.png,0.0,0,0.26557,0.08958,125,6
test_337.png,0.21,8,0.26544,0.08967,77,6
test_337.png,0.52,19,0.26376,0.08975,55,6
test_337.png,1.04,37,0.2619,0.08982,44,6
test_337.png,2.08,75,0.25355,0.08169,31,6
test_337.png,5.21,188,0.22231,0.03643,11,7
test_337.png,10.42,375,0.21667,0.03501,7,7
test_338.png,0.0,0,0.37534,0.72437,43,12
test_338.png,0.21,8,0.37489,0.72437,32,12
test_338.png,0.52,19,0.3737,0.72291,25,12
test_338.png,1.04,37,0.37173,0.721,21,12
test_338.png,2.08,75,0.36707,0.71964,16,12
test_338.png,5.21,188,0.35072,0.69986,8,12
test_338.png,10.42,375,0.33734,0.67541,5,12
test_339.png,0.0,0,0.61226,0.97857,0,8
test_339.png,0.21,8,0.61226,0.97857,0,8
test_339.png,0.52,19,0.61226,0.97857,0,8
test_339.png,1.04,37,0.61226,0.97857,0,8
test_339.png,2.08,75,0.61226,0.97857,0,8
test_339.png,5.21,188,0.61226,0.97857,0,8
test_339.png,10.42,375,0.61226,0.97857,0,8
test_340.png,0.0,0,0.44397,0.97007,4,4
test_340.png,0.21,8,0.44366,0.97007,0,4
test_340.png,0.52,19,0.44366,0.97007,0,4
test_340.png,1.04,37,0.44366,0.97007,0,4
test_340.png,2.08,75,0.44366,0.97007,0,4
test_340.png,5.21,188,0.44366,0.97007,0,4
test_340.png,10.42,375,0.44366,0.97007,0,4
test_341.png,0.0,0,0.08933,0.14954,76,1
test_341.png,0.21,8,0.08913,0.1498,46,1
test_341.png,0.52,19,0.08876,0.14985,42,1
test_341.png,1.04,37,0.0881,0.14845,36,1
test_341.png,2.08,75,0.08405,0.1454,28,1
test_341.png,5.21,188,0.02957,0.07258,8,1
test_341.png,10.42,375,0.0,0.0,1,1
test_342.png,0.0,0,0.1605,0.40214,77,4
test_342.png,0.21,8,0.15833,0.40146,48,4
test_342.png,0.52,19,0.15464,0.40112,36,4
test_342.png,1.04,37,0.14704,0.39768,24,4
test_342.png,2.08,75,0.13913,0.38937,18,4
test_342.png,5.21,188,0.11638,0.36786,10,4
test_342.png,10.42,375,0.05271,0.1969,2,4
test_343.png,0.0,0,0.50498,0.90252,45,26
test_343.png,0.21,8,0.50465,0.9027,30,26
test_343.png,0.52,19,0.50407,0.90242,25,26
test_343.png,1.04,37,0.5037,0.90267,22,26
test_343.png,2.08,75,0.5009,0.90123,16,26
test_343.png,5.21,188,0.48895,0.88857,9,26
test_343.png,10.42,375,0.47124,0.86616,4,26
test_344.png,0.0,0,0.17617,0.10678,75,7
test_344.png,0.21,8,0.17505,0.10406,47,7
test_344.png,0.52,19,0.17438,0.09802,39,7
test_344.png,1.04,37,0.17198,0.09809,31,7
test_344.png,2.08,75,0.16802,0.08969,23,7
test_344.png,5.21,188,0.15164,0.07393,12,7
test_344.png,10.42,375,0.1009,0.02614,5,7
test_345.png,0.0,0,0.34826,0.60805,35,13
test_345.png,0.21,8,0.34751,0.60681,22,13
test_345.png,0.52,19,0.34724,0.60685,20,13
test_345.png,1.04,37,0.34414,0.60021,14,13
test_345.png,2.08,75,0.3432,0.60092,12,13
test_345.png,5.21,188,0.33434,0.59025,6,13
test_345.png,10.42,375,0.32781,0.58248,5,13
test_346.png,0.0,0,0.44914,0.84793,51,34
test_346.png,0.21,8,0.44866,0.84704,35,34
test_346.png,0.52,19,0.44756,0.84698,28,34
test_346.png,1.04,37,0.44519,0.84375,20,34
test_346.png,2.08,75,0.44037,0.8355,13,34
test_346.png,5.21,188,0.42817,0.81856,5,34
test_346.png,10.42,375,0.42817,0.81856,5,34
test_347.png,0.0,0,0.17907,0.24195,113,55
test_347.png,0.21,8,0.17741,0.24002,85,55
test_347.png,0.52,19,0.17354,0.23392,71,55
test_347.png,1.04,37,0.16475,0.22075,56,55
test_347.png,2.08,75,0.13163,0.17554,28,55
test_347.png,5.21,188,0.06924,0.07412,8,55
test_347.png,10.42,375,0.02419,0.03869,1,55
test_348.png,0.0,0,0.55709,0.86195,17,13
test_348.png,0.21,8,0.55677,0.86182,12,13
test_348.png,0.52,19,0.55677,0.86182,12,13
test_348.png,1.04,37,0.55649,0.86113,10,13
test_348.png,2.08,75,0.55174,0.85488,7,13
test_348.png,5.21,188,0.54458,0.84395,5,13
test_348.png,10.42,375,0.53192,0.82809,3,13
test_349.png,0.0,0,0.44788,0.91427,47,24
test_349.png,0.21,8,0.44738,0.91372,31,24
test_349.png,0.52,19,0.44641,0.91328,25,24
test_349.png,1.04,37,0.44516,0.91275,20,24
test_349.png,2.08,75,0.44254,0.90918,16,24
test_349.png,5.21,188,0.42982,0.8912,9,24
test_349.png,10.42,375,0.4201,0.87892,6,24
test_350.png,0.0,0,0.58926,0.92212,19,12
test_350.png,0.21,8,0.58925,0.92246,12,12
test_350.png,0.52,19,0.58932,0.92287,11,12
test_350.png,1.04,37,0.59029,0.92769,6,12
test_350.png,2.08,75,0.59158,0.93095,3,12
test_350.png,5.21,188,0.58797,0.92779,1,12
test_350.png,10.42,375,0.58797,0.92779,1,12
test_351.png,0.0,0,0.4434,0.88762,36,26
test_351.png,0.21,8,0.44323,0.88752,29,26
test_351.png,0.52,19,0.44279,0.88733,24,26
test_351.png,1.04,37,0.44274,0.88798,21,26
test_351.png,2.08,75,0.44057,0.88731,15,26
test_351.png,5.21,188,0.42787,0.87301,8,26
test_351.png,10.42,375,0.4126,0.85308,4,26
test_352.png,0.0,0,0.41696,0.91409,40,18
test_352.png,0.21,8,0.41678,0.914,32,18
test_352.png,0.52,19,0.41626,0.914,29,18
test_352.png,1.04,37,0.41573,0.91308,28,18
test_352.png,2.08,75,0.40937,0.90775,20,18
test_352.png,5.21,188,0.39148,0.88117,11,18
test_352.png,10.42,375,0.36898,0.8432,6,18
test_353.png,0.0,0,0.49679,0.93579,18,14
test_353.png,0.21,8,0.49661,0.93572,14,14
test_353.png,0.52,19,0.49642,0.93572,13,14
test_353.png,1.04,37,0.49614,0.93572,12,14
test_353.png,2.08,75,0.49451,0.93446,10,14
test_353.png,5.21,188,0.4899,0.92798,7,14
test_353.png,10.42,375,0.47566,0.90975,4,14
test_354.png,0.0,0,0.533,0.94411,8,8
test_354.png,0.21,8,0.53291,0.94403,5,8
test_354.png,0.52,19,0.53291,0.94403,5,8
test_354.png,1.04,37,0.53291,0.94403,5,8
test_354.png,2.08,75,0.52966,0.94042,2,8
test_354.png,5.21,188,0.52776,0.93957,1,8
test_354.png,10.42,375,0.52401,0.93687,0,8
test_355.png,0.0,0,0.45904,0.95236,2,1
test_355.png,0.21,8,0.459,0.95236,0,1
test_355.png,0.52,19,0.459,0.95236,0,1
test_355.png,1.04,37,0.459,0.95236,0,1
test_355.png,2.08,75,0.459,0.95236,0,1
test_355.png,5.21,188,0.459,0.95236,0,1
test_355.png,10.42,375,0.459,0.95236,0,1
test_356.png,0.0,0,0.46226,0.88638,49,23
test_356.png,0.21,8,0.46158,0.88605,35,23
test_356.png,0.52,19,0.45999,0.88533,26,23
test_356.png,1.04,37,0.45792,0.88419,20,23
test_356.png,2.08,75,0.45573,0.8829,17,23
test_356.png,5.21,188,0.44905,0.8748,13,23
test_356.png,10.42,375,0.43052,0.84987,8,23
test_357.png,0.0,0,0.41502,0.96516,7,1
test_357.png,0.21,8,0.41499,0.96516,6,1
test_357.png,0.52,19,0.4146,0.96484,4,1
test_357.png,1.04,37,0.41421,0.96484,3,1
test_357.png,2.08,75,0.41421,0.96484,3,1
test_357.png,5.21,188,0.41168,0.96271,2,1
test_357.png,10.42,375,0.4054,0.95637,1,2
test_358.png,0.0,0,0.46204,0.93858,5,3
test_358.png,0.21,8,0.46203,0.93866,3,3
test_358.png,0.52,19,0.46203,0.93866,3,3
test_358.png,1.04,37,0.46139,0.93866,2,3
test_358.png,2.08,75,0.46139,0.93866,2,3
test_358.png,5.21,188,0.45836,0.93412,1,3
test_358.png,10.42,375,0.45836,0.93412,1,3
test_359.png,0.0,0,0.05872,0.03331,79,1
test_359.png,0.21,8,0.0581,0.03252,55,1
test_359.png,0.52,19,0.05778,0.03259,44,1
test_359.png,1.04,37,0.05508,0.03263,32,1
test_359.png,2.08,75,0.04357,0.02211,19,1
test_359.png,5.21,188,0.00401,0.00257,3,1
test_359.png,10.42,375,0.00362,0.00259,1,1
test_360.png,0.0,0,0.32846,0.41652,62,13
test_360.png,0.21,8,0.32809,0.41647,49,13
test_360.png,0.52,19,0.32638,0.41666,37,13
test_360.png,1.04,37,0.32338,0.41597,31,13
test_360.png,2.08,75,0.31342,0.40633,19,14
test_360.png,5.21,188,0.28796,0.3922,6,14
test_360.png,10.42,375,0.27567,0.38666,3,14
test_361.png,0.0,0,0.35582,0.79591,71,9
test_361.png,0.21,8,0.3549,0.79561,48,9
test_361.png,0.52,19,0.35225,0.79259,35,9
test_361.png,1.04,37,0.34992,0.79035,31,9
test_361.png,2.08,75,0.34448,0.78738,26,9
test_361.png,5.21,188,0.31642,0.75159,15,9
test_361.png,10.42,375,0.29104,0.70574,9,10
test_362.png,0.0,0,0.43719,0.69396,82,54
test_362.png,0.21,8,0.43675,0.69367,67,54
test_362.png,0.52,19,0.43592,0.69371,60,54
test_362.png,1.04,37,0.43317,0.68985,54,54
test_362.png,2.08,75,0.42295,0.67567,45,54
test_362.png,5.21,188,0.36455,0.59792,22,54
test_362.png,10.42,375,0.3007,0.51103,11,54
test_363.png,0.0,0,0.36027,0.73268,16,10
test_363.png,0.21,8,0.36008,0.73268,12,10
test_363.png,0.52,19,0.35979,0.73194,11,10
test_363.png,1.04,37,0.35734,0.72759,7,10
test_363.png,2.08,75,0.35734,0.72759,7,10
test_363.png,5.21,188,0.34851,0.71284,4,10
test_363.png,10.42,375,0.33935,0.70035,2,10
test_364.png,0.0,0,0.28288,0.61058,93,9
test_364.png,0.21,8,0.28148,0.60884,70,9
test_364.png,0.52,19,0.27918,0.60971,55,9
test_364.png,1.04,37,0.27392,0.60737,46,9
test_364.png,2.08,75,0.26121,0.58395,37,9
test_364.png,5.21,188,0.18874,0.45688,14,9
test_364.png,10.42,375,0.11028,0.30743,4,9
test_365.png,0.0,0,0.42437,0.9452,14,15
test_365.png,0.21,8,0.42406,0.94511,9,15
test_365.png,0.52,19,0.42409,0.94525,8,15
test_365.png,1.04,37,0.42327,0.94475,6,15
test_365.png,2.08,75,0.42253,0.94341,5,15
test_365.png,5.21,188,0.41513,0.93387,1,15
test_365.png,10.42,375,0.41162,0.92856,0,15
test_366.png,0.0,0,0.53668,0.88914,50,39
test_366.png,0.21,8,0.53603,0.88854,34,39
test_366.png,0.52,19,0.53518,0.88771,29,39
test_366.png,1.04,37,0.53374,0.88574,25,39
test_366.png,2.08,75,0.53072,0.8822,20,39
test_366.png,5.21,188,0.51854,0.86684,12,39
test_366.png,10.42,375,0.49939,0.84285,6,39
test_367.png,0.0,0,0.45914,0.64747,117,25
test_367.png,0.21,8,0.45798,0.64729,73,25
test_367.png,0.52,19,0.4559,0.64471,59,25
test_367.png,1.04,37,0.45154,0.63988,50,25
test_367.png,2.08,75,0.44469,0.63432,38,25
test_367.png,5.21,188,0.40759,0.58672,21,25
test_367.png,10.42,375,0.34915,0.51069,12,25
test_368.png,0.0,0,0.36284,0.77188,70,17
test_368.png,0.21,8,0.36236,0.77205,52,17
test_368.png,0.52,19,0.3605,0.77074,43,17
test_368.png,1.04,37,0.35909,0.76811,40,17
test_368.png,2.08,75,0.3504,0.75555,30,17
test_368.png,5.21,188,0.32161,0.71022,16,17
test_368.png,10.42,375,0.28785,0.65871,9,17
test_369.png,0.0,0,0.00351,0.0,27,14
test_369.png,0.21,8,0.00325,0.0,12,14
test_369.png,0.52,19,0.00296,0.0,8,14
test_369.png,1.04,37,0.0022,0.0,1,14
test_369.png,2.08,75,0.00058,0.0,0,14
test_369.png,5.21,188,0.0,0.0,1,14
test_369.png,10.42,375,0.0,0.0,1,14
test_370.png,0.0,0,0.12415,0.13259,135,6
test_370.png,0.21,8,0.12195,0.13036,88,6
test_370.png,0.52,19,0.11864,0.12723,67,6
test_370.png,1.04,37,0.11082,0.1168,50,6
test_370.png,2.08,75,0.08576,0.07445,26,6
test_370.png,5.21,188,0.04169,0.01455,3,8
test_370.png,10.42,375,0.03017,0.00308,1,8
test_371.png,0.0,0,0.10574,0.15939,69,1
test_371.png,0.21,8,0.10467,0.15789,52,1
test_371.png,0.52,19,0.10026,0.15548,40,1
test_371.png,1.04,37,0.09255,0.15178,27,1
test_371.png,2.08,75,0.07721,0.13906,18,1
test_371.png,5.21,188,0.03004,0.0807,3,1
test_371.png,10.42,375,0.0,0.0,2,1
test_372.png,0.0,0,0.16452,0.25532,187,10
test_372.png,0.21,8,0.16202,0.25439,125,10
test_372.png,0.52,19,0.15694,0.25019,98,10
test_372.png,1.04,37,0.14695,0.24491,69,10
test_372.png,2.08,75,0.12325,0.22579,40,10
test_372.png,5.21,188,0.05227,0.11931,6,10
test_372.png,10.42,375,0.03001,0.07204,2,10
test_373.png,0.0,0,0.49103,0.79525,106,46
test_373.png,0.21,8,0.49029,0.79517,72,46
test_373.png,0.52,19,0.48821,0.7944,54,46
test_373.png,1.04,37,0.48653,0.79387,44,46
test_373.png,2.08,75,0.48357,0.79262,33,47
test_373.png,5.21,188,0.45767,0.76551,14,47
test_373.png,10.42,375,0.42242,0.72626,5,47
test_374.png,0.0,0,0.11182,0.16584,155,1
test_374.png,0.21,8,0.10873,0.16505,90,1
test_374.png,0.52,19,0.10288,0.16297,59,1
test_374.png,1.04,37,0.08993,0.14716,36,1
test_374.png,2.08,75,0.071,0.12302,19,1
test_374.png,5.21,188,0.03815,0.0944,5,1
test_374.png,10.42,375,0.0,0.0,1,1
test_375.png,0.0,0,0.68747,0.90463,80,33
test_375.png,0.21,8,0.68781,0.90624,49,33
test_375.png,0.52,19,0.68835,0.90818,32,33
test_375.png,1.04,37,0.68835,0.90936,19,33
test_375.png,2.08,75,0.6878,0.91061,6,33
test_375.png,5.21,188,0.68878,0.91373,2,33
test_375.png,10.42,375,0.69012,0.91608,1,33
test_376.png,0.0,0,0.08306,0.07171,201,5
test_376.png,0.21,8,0.08029,0.0699,118,5
test_376.png,0.52,19,0.07472,0.06533,85,5
test_376.png,1.04,37,0.06239,0.06113,53,5
test_376.png,2.08,75,0.04791,0.05066,28,5
test_376.png,5.21,188,0.00908,0.0,1,5
test_376.png,10.42,375,0.0,0.0,2,5
test_377.png,0.0,0,0.21435,0.31613,153,1
test_377.png,0.21,8,0.21214,0.31452,108,1
test_377.png,0.52,19,0.20933,0.31311,88,1
test_377.png,1.04,37,0.19882,0.30532,65,1
test_377.png,2.08,75,0.16286,0.29148,32,1
test_377.png,5.21,188,0.08087,0.25023,7,1
test_377.png,10.42,375,0.0277,0.13647,0,1
test_378.png,0.0,0,0.12014,0.17238,186,3
test_378.png,0.21,8,0.11763,0.17151,118,3
test_378.png,0.52,19,0.11129,0.16963,87,3
test_378.png,1.04,37,0.10006,0.15879,61,3
test_378.png,2.08,75,0.07841,0.12454,33,3
test_378.png,5.21,188,0.03036,0.08074,6,3
test_378.png,10.42,375,0.00917,0.01321,0,3
test_379.png,0.0,0,0.19892,0.36847,185,9
test_379.png,0.21,8,0.19673,0.36638,122,9
test_379.png,0.52,19,0.19181,0.36441,86,9
test_379.png,1.04,37,0.17454,0.34146,48,9
test_379.png,2.08,75,0.15947,0.33227,30,9
test_379.png,5.21,188,0.12992,0.28757,15,10
test_379.png,10.42,375,0.0773,0.18242,3,10
test_380.png,0.0,0,0.1876,0.32708,197,7
test_380.png,0.21,8,0.18528,0.32536,142,7
test_380.png,0.52,19,0.17846,0.31756,103,7
test_380.png,1.04,37,0.16754,0.30815,76,7
test_380.png,2.08,75,0.13402,0.2853,38,7
test_380.png,5.21,188,0.08457,0.1948,12,8
test_380.png,10.42,375,0.03288,0.07984,1,8
test_381.png,0.0,0,0.14188,0.29345,166,8
test_381.png,0.21,8,0.13953,0.29229,107,8
test_381.png,0.52,19,0.13634,0.29042,82,8
test_381.png,1.04,37,0.12565,0.28025,57,8
test_381.png,2.08,75,0.11217,0.27681,38,8
test_381.png,5.21,188,0.08023,0.22928,14,8
test_381.png,10.42,375,0.01023,0.00644,0,8
test_382.png,0.0,0,0.17233,0.12328,208,17
test_382.png,0.21,8,0.17187,0.12289,134,17
test_382.png,0.52,19,0.17106,0.12329,99,17
test_382.png,1.04,37,0.17002,0.11938,80,17
test_382.png,2.08,75,0.16925,0.11578,56,17
test_382.png,5.21,188,0.14907,0.0938,29,17
test_382.png,10.42,375,0.12705,0.07824,15,17
test_383.png,0.0,0,0.20159,0.3137,212,19
test_383.png,0.21,8,0.19973,0.3128,143,19
test_383.png,0.52,19,0.19567,0.30823,106,19
test_383.png,1.04,37,0.18766,0.297,77,19
test_383.png,2.08,75,0.16961,0.27816,40,19
test_383.png,5.21,188,0.11689,0.21776,10,19
test_383.png,10.42,375,0.0815,0.17566,3,19
test_384.png,0.0,0,0.12535,0.20858,136,7
test_384.png,0.21,8,0.12336,0.20756,87,7
test_384.png,0.52,19,0.11919,0.20405,68,7
test_384.png,1.04,37,0.10927,0.20184,49,7
test_384.png,2.08,75,0.09216,0.18611,30,7
test_384.png,5.21,188,0.05708,0.13167,11,8
test_384.png,10.42,375,0.01712,0.07938,0,8
test_385.png,0.0,0,0.18654,0.4562,160,9
test_385.png,0.21,8,0.18455,0.45425,109,9
test_385.png,0.52,19,0.17947,0.45268,74,9
test_385.png,1.04,37,0.17505,0.4514,62,9
test_385.png,2.08,75,0.16258,0.44974,40,9
test_385.png,5.21,188,0.12268,0.4124,18,9
test_385.png,10.42,375,0.04733,0.17405,3,10
test_386.png,0.0,0,0.1732,0.24566,160,6
test_386.png,0.21,8,0.17125,0.24448,118,6
test_386.png,0.52,19,0.1686,0.24351,97,6
test_386.png,1.04,37,0.15868,0.2388,70,7
test_386.png,2.08,75,0.13292,0.19713,43,7
test_386.png,5.21,188,0.08094,0.14857,11,7
test_386.png,10.42,375,0.03079,0.04792,2,7
test_387.png,0.0,0,0.15252,0.13061,125,2
test_387.png,0.21,8,0.1505,0.13064,86,2
test_387.png,0.52,19,0.14356,0.13064,59,2
test_387.png,1.04,37,0.13544,0.12895,46,2
test_387.png,2.08,75,0.11306,0.12621,25,2
test_387.png,5.21,188,0.05681,0.05881,5,2
test_387.png,10.42,375,0.02738,0.0367,0,2
test_388.png,0.0,0,0.3556,0.65923,45,6
test_388.png,0.21,8,0.35527,0.6588,31,6
test_388.png,0.52,19,0.3534,0.65919,23,6
test_388.png,1.04,37,0.3533,0.6605,20,6
test_388.png,2.08,75,0.34741,0.6578,12,6
test_388.png,5.21,188,0.34314,0.65559,9,6
test_388.png,10.42,375,0.33126,0.62992,6,6
test_389.png,0.0,0,0.19634,0.30663,156,14
test_389.png,0.21,8,0.1947,0.30642,105,14
test_389.png,0.52,19,0.19069,0.30162,80,14
test_389.png,1.04,37,0.17818,0.28459,54,14
test_389.png,2.08,75,0.16244,0.26632,27,14
test_389.png,5.21,188,0.11653,0.19938,10,14
test_389.png,10.42,375,0.04604,0.09436,1,14
test_390.png,0.0,0,0.11476,0.15863,195,6
test_390.png,0.21,8,0.11197,0.15751,127,6
test_390.png,0.52,19,0.10423,0.15203,88,6
test_390.png,1.04,37,0.09038,0.14373,56,6
test_390.png,2.08,75,0.07089,0.11745,27,6
test_390.png,5.21,188,0.02275,0.05248,3,6
test_390.png,10.42,375,0.01161,0.02504,1,6
test_391.png,0.0,0,0.50216,0.84803,72,41
test_391.png,0.21,8,0.50159,0.84831,45,41
test_391.png,0.52,19,0.50055,0.8482,35,41
test_391.png,1.04,37,0.49885,0.84688,25,41
test_391.png,2.08,75,0.49468,0.84321,15,41
test_391.png,5.21,188,0.4812,0.83063,5,41
test_391.png,10.42,375,0.4773,0.82567,4,41
test_392.png,0.0,0,0.10391,0.07806,210,7
test_392.png,0.21,8,0.1016,0.07577,134,7
test_392.png,0.52,19,0.0939,0.06493,89,7
test_392.png,1.04,37,0.08315,0.05742,57,7
test_392.png,2.08,75,0.07026,0.0468,28,7
test_392.png,5.21,188,0.04172,0.0222,9,7
test_392.png,10.42,375,0.02981,0.01884,4,7
test_393.png,0.0,0,0.14822,0.24499,127,2
test_393.png,0.21,8,0.14688,0.24324,86,2
test_393.png,0.52,19,0.14334,0.24047,65,2
test_393.png,1.04,37,0.13634,0.23458,54,2
test_393.png,2.08,75,0.1169,0.19927,34,2
test_393.png,5.21,188,0.05965,0.10744,12,2
test_393.png,10.42,375,0.04038,0.05764,5,2
test_394.png,0.0,0,0.40919,0.80654,53,7
test_394.png,0.21,8,0.40904,0.80729,39,7
test_394.png,0.52,19,0.40796,0.80847,32,7
test_394.png,1.04,37,0.4072,0.81073,25,7
test_394.png,2.08,75,0.40526,0.81631,18,7
test_394.png,5.21,188,0.39848,0.81387,11,7
test_394.png,10.42,375,0.37169,0.78073,7,7
test_395.png,0.0,0,0.08443,0.09335,156,1
test_395.png,0.21,8,0.08129,0.09099,95,1
test_395.png,0.52,19,0.07623,0.0857,70,1
test_395.png,1.04,37,0.06474,0.07564,45,1
test_395.png,2.08,75,0.04497,0.06233,22,1
test_395.png,5.21,188,0.0142,0.04553,4,1
test_395.png,10.42,375,0.00406,0.0,0,1
test_396.png,0.0,0,0.46814,0.84231,31,26
test_396.png,0.21,8,0.46762,0.84125,18,26
test_396.png,0.52,19,0.46727,0.84129,15,26
test_396.png,1.04,37,0.46683,0.84094,13,26
test_396.png,2.08,75,0.46314,0.83797,7,26
test_396.png,5.21,188,0.45969,0.83304,5,26
test_396.png,10.42,375,0.45969,0.83304,5,26
test_397.png,0.0,0,0.14718,0.30568,155,11
test_397.png,0.21,8,0.14414,0.30149,96,11
test_397.png,0.52,19,0.14069,0.29587,77,11
test_397.png,1.04,37,0.1294,0.28037,52,11
test_397.png,2.08,75,0.10984,0.25465,29,11
test_397.png,5.21,188,0.0609,0.15285,7,11
test_397.png,10.42,375,0.02546,0.04275,1,12
test_398.png,0.0,0,0.11097,0.17686,179,4
test_398.png,0.21,8,0.10849,0.17279,114,4
test_398.png,0.52,19,0.10333,0.15784,76,4
test_398.png,1.04,37,0.09313,0.14419,50,4
test_398.png,2.08,75,0.07584,0.12496,28,4
test_398.png,5.21,188,0.02124,0.09753,3,4
test_398.png,10.42,375,0.00708,0.0,0,4
test_399.png,0.0,0,0.21149,0.40407,129,6
test_399.png,0.21,8,0.20948,0.40343,81,6
test_399.png,0.52,19,0.2049,0.4012,62,6
test_399.png,1.04,37,0.1982,0.39791,49,6
test_399.png,2.08,75,0.18084,0.39112,34,6
test_399.png,5.21,188,0.13641,0.3422,14,6
test_399.png,10.42,375,0.08027,0.24777,3,7
test_400.png,0.0,0,0.35771,0.89027,38,8
test_400.png,0.21,8,0.35743,0.89132,25,8
test_400.png,0.52,19,0.35655,0.89121,20,8
test_400.png,1.04,37,0.35455,0.8918,15,8
test_400.png,2.08,75,0.35274,0.89558,10,8
test_400.png,5.21,188,0.34712,0.89174,7,8
test_400.png,10.42,375,0.34353,0.8975,4,9
test_401.png,0.0,0,0.09044,0.0938,131,1
test_401.png,0.21,8,0.08797,0.08973,83,1
test_401.png,0.52,19,0.08546,0.08923,68,1
test_401.png,1.04,37,0.07787,0.08773,46,2
test_401.png,2.08,75,0.05906,0.06284,24,2
test_401.png,5.21,188,0.027,0.0124,6,2
test_401.png,10.42,375,0.00363,0.0017,0,2
test_402.png,0.0,0,0.0907,0.03726,89,1
test_402.png,0.21,8,0.08881,0.0364,55,1
test_402.png,0.52,19,0.08565,0.03055,40,1
test_402.png,1.04,37,0.08046,0.0305,32,1
test_402.png,2.08,75,0.06857,0.0304,20,1
test_402.png,5.21,188,0.04969,0.01764,11,1
test_402.png,10.42,375,0.02492,0.00889,3,1
test_403.png,0.0,0,0.32747,0.6791,122,5
test_403.png,0.21,8,0.32626,0.67905,92,5
test_403.png,0.52,19,0.32304,0.67968,73,5
test_403.png,1.04,37,0.31787,0.67847,58,5
test_403.png,2.08,75,0.30508,0.67254,37,5
test_403.png,5.21,188,0.27541,0.65072,17,5
test_403.png,10.42,375,0.24326,0.59158,11,5
test_404.png,0.0,0,0.17604,0.24962,216,7
test_404.png,0.21,8,0.17311,0.24876,149,7
test_404.png,0.52,19,0.16537,0.23405,109,7
test_404.png,1.04,37,0.14793,0.21451,76,7
test_404.png,2.08,75,0.1211,0.17278,43,7
test_404.png,5.21,188,0.0482,0.05278,8,8
test_404.png,10.42,375,0.0,0.0,1,8
test_405.png,0.0,0,0.22163,0.35174,164,12
test_405.png,0.21,8,0.21931,0.34882,114,12
test_405.png,0.52,19,0.21374,0.3452,85,12
test_405.png,1.04,37,0.20695,0.34249,70,12
test_405.png,2.08,75,0.18904,0.32953,47,12
test_405.png,5.21,188,0.10847,0.18583,13,12
test_405.png,10.42,375,0.03778,0.07917,2,12
test_406.png,0.0,0,0.05133,0.01233,134,2
test_406.png,0.21,8,0.05,0.01059,91,2
test_406.png,0.52,19,0.04741,0.00943,71,2
test_406.png,1.04,37,0.03582,0.00238,40,3
test_406.png,2.08,75,0.02248,0.00238,16,3
test_406.png,5.21,188,0.0094,0.0,0,3
test_406.png,10.42,375,0.0,0.0,1,3
test_407.png,0.0,0,0.16153,0.17518,196,12
test_407.png,0.21,8,0.15786,0.17362,131,12
test_407.png,0.52,19,0.15052,0.16945,85,12
test_407.png,1.04,37,0.13998,0.1521,66,12
test_407.png,2.08,75,0.11888,0.13504,36,12
test_407.png,5.21,188,0.05021,0.08872,8,12
test_407.png,10.42,375,0.011,0.02443,0,12
test_408.png,0.0,0,0.06186,0.09686,201,1
test_408.png,0.21,8,0.05913,0.09429,116,1
test_408.png,0.52,19,0.05601,0.08902,84,1
test_408.png,1.04,37,0.05333,0.0901,57,1
test_408.png,2.08,75,0.03099,0.06076,23,1
test_408.png,5.21,188,0.00852,0.00456,6,1
test_408.png,10.42,375,0.00443,0.0,0,1
test_409.png,0.0,0,0.23331,0.52522,144,13
test_409.png,0.21,8,0.23099,0.5237,96,13
test_409.png,0.52,19,0.22656,0.51829,74,13
test_409.png,1.04,37,0.22126,0.51363,59,13
test_409.png,2.08,75,0.2042,0.49673,39,13
test_409.png,5.21,188,0.13215,0.35321,13,13
test_409.png,10.42,375,0.06777,0.21183,3,13
test_410.png,0.0,0,0.27136,0.52953,151,5
test_410.png,0.21,8,0.27035,0.53163,84,5
test_410.png,0.52,19,0.26863,0.53426,65,5
test_410.png,1.04,37,0.26493,0.52734,53,5
test_410.png,2.08,75,0.24989,0.52365,31,6
test_410.png,5.21,188,0.2241,0.48448,15,6
test_410.png,10.42,375,0.18073,0.41383,7,6
test_411.png,0.0,0,0.14223,0.28488,164,10
test_411.png,0.21,8,0.13968,0.283,106,10
test_411.png,0.52,19,0.13192,0.27657,69,10
test_411.png,1.04,37,0.12491,0.2738,52,10
test_411.png,2.08,75,0.10875,0.26405,31,10
test_411.png,5.21,188,0.07676,0.22754,16,10
test_411.png,10.42,375,0.00814,0.02087,0,10
test_412.png,0.0,0,0.28643,0.59521,83,3
test_412.png,0.21,8,0.28567,0.59645,53,3
test_412.png,0.52,19,0.28398,0.59491,44,3
test_412.png,1.04,37,0.27989,0.59358,38,3
test_412.png,2.08,75,0.26778,0.59224,27,3
test_412.png,5.21,188,0.23052,0.56552,13,3
test_412.png,10.42,375,0.18393,0.53803,4,3
test_413.png,0.0,0,0.17757,0.1796,157,5
test_413.png,0.21,8,0.1748,0.17971,104,5
test_413.png,0.52,19,0.16785,0.17783,72,5
test_413.png,1.04,37,0.15923,0.16876,52,5
test_413.png,2.08,75,0.13663,0.16124,31,5
test_413.png,5.21,188,0.08138,0.09237,10,5
test_413.png,10.42,375,0.01195,0.00163,0,5
test_414.png,0.0,0,0.3551,0.66079,43,6
test_414.png,0.21,8,0.35469,0.6611,26,6
test_414.png,0.52,19,0.35503,0.66283,20,6
test_414.png,1.04,37,0.35571,0.66572,14,6
test_414.png,2.08,75,0.35465,0.66583,9,6
test_414.png,5.21,188,0.35212,0.66831,5,6
test_414.png,10.42,375,0.34421,0.65378,4,6
test_415.png,0.0,0,0.24997,0.61365,112,8
test_415.png,0.21,8,0.24811,0.61131,71,8
test_415.png,0.52,19,0.24672,0.6089,64,8
test_415.png,1.04,37,0.24107,0.60122,52,8
test_415.png,2.08,75,0.21838,0.56967,30,9
test_415.png,5.21,188,0.17347,0.48022,13,9
test_415.png,10.42,375,0.1402,0.41773,7,9
test_416.png,0.0,0,0.15769,0.19498,191,10
test_416.png,0.21,8,0.15435,0.19334,121,10
test_416.png,0.52,19,0.14728,0.19347,88,10
test_416.png,1.04,37,0.13812,0.18751,64,10
test_416.png,2.08,75,0.11335,0.1636,34,10
test_416.png,5.21,188,0.03995,0.07727,6,11
test_416.png,10.42,375,0.0089,0.02997,0,11
test_417.png,0.0,0,0.69195,0.88067,20,60
test_417.png,0.21,8,0.69192,0.88099,13,60
test_417.png,0.52,19,0.69181,0.88095,11,60
test_417.png,1.04,37,0.69181,0.88095,11,60
test_417.png,2.08,75,0.69277,0.88251,9,60
test_417.png,5.21,188,0.68953,0.87958,6,60
test_417.png,10.42,375,0.68252,0.87159,4,60
test_418.png,0.0,0,0.17891,0.05743,162,0
test_418.png,0.21,8,0.17781,0.05579,104,0
test_418.png,0.52,19,0.17351,0.05492,79,0
test_418.png,1.04,37,0.17055,0.05491,67,0
test_418.png,2.08,75,0.15304,0.04983,43,0
test_418.png,5.21,188,0.1139,0.04698,23,1
test_418.png,10.42,375,0.04925,0.01995,8,1
test_419.png,0.0,0,0.1489,0.24356,233,11
test_419.png,0.21,8,0.14699,0.24287,159,11
test_419.png,0.52,19,0.14109,0.24009,117,11
test_419.png,1.04,37,0.12702,0.22656,79,11
test_419.png,2.08,75,0.08699,0.19014,23,11
test_419.png,5.21,188,0.06898,0.14708,8,11
test_419.png,10.42,375,0.02868,0.06055,1,11
test_420.png,0.0,0,0.50106,0.92002,25,13
test_420.png,0.21,8,0.50086,0.92077,15,13
test_420.png,0.52,19,0.50032,0.92072,12,13
test_420.png,1.04,37,0.49887,0.92025,6,13
test_420.png,2.08,75,0.49945,0.9231,4,13
test_420.png,5.21,188,0.49263,0.916,1,13
test_420.png,10.42,375,0.48778,0.9124,0,13
