image,width_multiple,min_size,dice,cldice,betti0_err,betti1_err
test_071.png,0.0,0,0.74624,0.92481,21,24
test_071.png,0.21,8,0.74634,0.92593,5,24
test_071.png,0.52,19,0.74648,0.92677,2,24
test_071.png,1.04,37,0.74656,0.92687,1,24
test_071.png,2.08,75,0.74674,0.92753,0,24
test_071.png,5.21,188,0.74674,0.92753,0,24
test_071.png,10.42,375,0.74674,0.92753,0,24
test_072.png,0.0,0,0.87609,0.93032,48,27
test_072.png,0.21,8,0.87634,0.93249,19,27
test_072.png,0.52,19,0.8768,0.93471,10,27
test_072.png,1.04,37,0.87696,0.93556,7,26
test_072.png,2.08,75,0.87746,0.93709,5,26
test_072.png,5.21,188,0.87964,0.94321,1,25
test_072.png,10.42,375,0.88069,0.94565,0,25
test_073.png,0.0,0,0.90607,0.96435,18,58
test_073.png,0.21,8,0.90623,0.96499,2,58
test_073.png,0.52,19,0.90633,0.96527,0,58
test_073.png,1.04,37,0.90646,0.96536,1,58
test_073.png,2.08,75,0.90646,0.96536,1,58
test_073.png,5.21,188,0.90646,0.96536,1,58
test_073.png,10.42,375,0.90646,0.96536,1,58
test_074.png,0.0,0,0.9682,0.99577,2,5
test_074.png,0.21,8,0.96822,0.99592,0,5
test_074.png,0.52,19,0.96822,0.99592,0,5
test_074.png,1.04,37,0.96822,0.99592,0,5
test_074.png,2.08,75,0.96822,0.99592,0,5
test_074.png,5.21,188,0.96822,0.99592,0,5
test_074.png,10.42,375,0.96822,0.99592,0,5
test_075.png,0.0,0,0.8858,0.98305,12,7
test_075.png,0.21,8,0.88595,0.98423,5,7
test_075.png,0.52,19,0.88601,0.98455,4,7
test_075.png,1.04,37,0.88651,0.98698,0,7
test_075.png,2.08,75,0.88651,0.98698,0,7
test_075.png,5.21,188,0.88651,0.98698,0,7
test_075.png,10.42,375,0.88651,0.98698,0,7
test_076.png,0.0,0,0.92276,0.99642,4,1
test_076.png,0.21,8,0.9228,0.99659,0,1
test_076.png,0.52,19,0.9228,0.99659,0,1
test_076.png,1.04,37,0.9228,0.99659,0,1
test_076.png,2.08,75,0.9228,0.99659,0,1
test_076.png,5.21,188,0.9228,0.99659,0,1
test_076.png,10.42,375,0.9228,0.99659,0,1
test_077.png,0.0,0,0.90188,0.9947,4,9
test_077.png,0.21,8,0.90191,0.99492,0,9
test_077.png,0.52,19,0.90191,0.99492,0,9
test_077.png,1.04,37,0.90191,0.99492,0,9
test_077.png,2.08,75,0.90191,0.99492,0,9
test_077.png,5.21,188,0.90191,0.99492,0,9
test_077.png,10.42,375,0.90191,0.99492,0,9
test_078.png,0.0,0,0.71482,0.92379,22,25
test_078.png,0.21,8,0.71502,0.92523,4,25
test_078.png,0.52,19,0.71524,0.92595,0,25
test_078.png,1.04,37,0.71524,0.92595,0,25
test_078.png,2.08,75,0.71524,0.92595,0,25
test_078.png,5.21,188,0.71524,0.92595,0,25
test_078.png,10.42,375,0.71524,0.92595,0,25
test_079.png,0.0,0,0.91628,0.98509,10,2
test_079.png,0.21,8,0.91638,0.98623,4,2
test_079.png,0.52,19,0.91661,0.98779,1,2
test_079.png,1.04,37,0.91661,0.98779,1,2
test_079.png,2.08,75,0.91695,0.98998,0,2
test_079.png,5.21,188,0.91695,0.98998,0,2
test_079.png,10.42,375,0.91695,0.98998,0,2
test_080.png,0.0,0,0.82766,0.97968,21,8
test_080.png,0.21,8,0.82782,0.98059,9,8
test_080.png,0.52,19,0.82813,0.98188,4,8
test_080.png,1.04,37,0.82854,0.98283,1,8
test_080.png,2.08,75,0.82883,0.98335,0,8
test_080.png,5.21,188,0.82883,0.98335,0,8
test_080.png,10.42,375,0.82883,0.98335,0,8
test_081.png,0.0,0,0.77555,0.94364,10,18
test_081.png,0.21,8,0.7756,0.94407,4,18
test_081.png,0.52,19,0.77574,0.94473,1,18
test_081.png,1.04,37,0.77588,0.94511,0,18
test_081.png,2.08,75,0.77588,0.94511,0,18
test_081.png,5.21,188,0.77588,0.94511,0,18
test_081.png,10.42,375,0.77588,0.94511,0,18
test_082.png,0.0,0,0.77429,0.93987,45,12
test_082.png,0.21,8,0.77442,0.94096,6,12
test_082.png,0.52,19,0.77443,0.94112,4,12
test_082.png,1.04,37,0.77446,0.94138,0,12
test_082.png,2.08,75,0.77446,0.94138,0,12
test_082.png,5.21,188,0.77446,0.94138,0,12
test_082.png,10.42,375,0.77446,0.94138,0,12
test_083.png,0.0,0,0.89833,0.98398,3,10
test_083.png,0.21,8,0.89832,0.98414,0,10
test_083.png,0.52,19,0.89832,0.98414,0,10
test_083.png,1.04,37,0.89832,0.98414,0,10
test_083.png,2.08,75,0.89832,0.98414,0,10
test_083.png,5.21,188,0.89832,0.98414,0,10
test_083.png,10.42,375,0.89832,0.98414,0,10
test_084.png,0.0,0,0.96021,0.99658,2,0
test_084.png,0.21,8,0.96022,0.99673,0,0
test_084.png,0.52,19,0.96022,0.99673,0,0
test_084.png,1.04,37,0.96022,0.99673,0,0
test_084.png,2.08,75,0.96022,0.99673,0,0
test_084.png,5.21,188,0.96022,0.99673,0,0
test_084.png,10.42,375,0.96022,0.99673,0,0
test_085.png,0.0,0,0.88568,0.99133,4,3
test_085.png,0.21,8,0.88574,0.99197,0,3
test_085.png,0.52,19,0.88574,0.99197,0,3
test_085.png,1.04,37,0.88574,0.99197,0,3
test_085.png,2.08,75,0.88574,0.99197,0,3
test_085.png,5.21,188,0.88574,0.99197,0,3
test_085.png,10.42,375,0.88574,0.99197,0,3
test_086.png,0.0,0,0.87677,0.9694,8,11
test_086.png,0.21,8,0.87678,0.96959,4,11
test_086.png,0.52,19,0.87699,0.97065,0,11
test_086.png,1.04,37,0.87699,0.97065,0,11
test_086.png,2.08,75,0.87699,0.97065,0,11
test_086.png,5.21,188,0.87699,0.97065,0,11
test_086.png,10.42,375,0.87699,0.97065,0,11
test_087.png,0.0,0,0.76584,0.90417,63,54
test_087.png,0.21,8,0.76633,0.90791,17,54
test_087.png,0.52,19,0.76677,0.9097,8,54
test_087.png,1.04,37,0.76722,0.91108,4,53
test_087.png,2.08,75,0.76757,0.91194,2,53
test_087.png,5.21,188,0.7683,0.91292,0,53
test_087.png,10.42,375,0.7683,0.91292,0,53
test_088.png,0.0,0,0.88111,0.98534,10,4
test_088.png,0.21,8,0.88123,0.9869,3,4
test_088.png,0.52,19,0.88147,0.98899,0,4
test_088.png,1.04,37,0.88147,0.98899,0,4
test_088.png,2.08,75,0.88147,0.98899,0,4
test_088.png,5.21,188,0.88147,0.98899,0,4
test_088.png,10.42,375,0.88147,0.98899,0,4
test_089.png,0.0,0,0.81466,0.98137,6,6
test_089.png,0.21,8,0.8147,0.98191,1,6
test_089.png,0.52,19,0.81478,0.98205,0,6
test_089.png,1.04,37,0.81478,0.98205,0,6
test_089.png,2.08,75,0.81478,0.98205,0,6
test_089.png,5.21,188,0.81478,0.98205,0,6
test_089.png,10.42,375,0.81299,0.97533,1,6
test_090.png,0.0,0,0.78253,0.94043,16,7
test_090.png,0.21,8,0.7827,0.94185,2,7
test_090.png,0.52,19,0.78267,0.94164,1,7
test_090.png,1.04,37,0.78278,0.94178,0,7
test_090.png,2.08,75,0.78278,0.94178,0,7
test_090.png,5.21,188,0.78278,0.94178,0,7
test_090.png,10.42,375,0.78278,0.94178,0,7
test_091.png,0.0,0,0.82704,0.9408,31,27
test_091.png,0.21,8,0.82727,0.94327,4,27
test_091.png,0.52,19,0.82737,0.94362,2,27
test_091.png,1.04,37,0.82745,0.94382,1,27
test_091.png,2.08,75,0.82764,0.94447,0,27
test_091.png,5.21,188,0.82764,0.94447,0,27
test_091.png,10.42,375,0.82764,0.94447,0,27
test_092.png,0.0,0,0.9167,0.99435,3,2
test_092.png,0.21,8,0.91674,0.99478,1,2
test_092.png,0.52,19,0.91682,0.99565,0,2
test_092.png,1.04,37,0.91682,0.99565,0,2
test_092.png,2.08,75,0.91682,0.99565,0,2
test_092.png,5.21,188,0.91682,0.99565,0,2
test_092.png,10.42,375,0.91682,0.99565,0,2
test_093.png,0.0,0,0.95171,0.98177,7,12
test_093.png,0.21,8,0.95177,0.98226,3,12
test_093.png,0.52,19,0.95192,0.98295,0,12
test_093.png,1.04,37,0.95192,0.98295,0,12
test_093.png,2.08,75,0.95192,0.98295,0,12
test_093.png,5.21,188,0.95192,0.98295,0,12
test_093.png,10.42,375,0.95192,0.98295,0,12
test_094.png,0.0,0,0.89643,0.99275,2,4
test_094.png,0.21,8,0.89643,0.99275,2,4
test_094.png,0.52,19,0.89648,0.99292,1,4
test_094.png,1.04,37,0.89648,0.99292,1,4
test_094.png,2.08,75,0.89674,0.99381,0,4
test_094.png,5.21,188,0.89674,0.99381,0,4
test_094.png,10.42,375,0.89674,0.99381,0,4
test_095.png,0.0,0,0.94773,0.99753,0,2
test_095.png,0.21,8,0.94773,0.99753,0,2
test_095.png,0.52,19,0.94773,0.99753,0,2
test_095.png,1.04,37,0.94773,0.99753,0,2
test_095.png,2.08,75,0.94773,0.99753,0,2
test_095.png,5.21,188,0.94773,0.99753,0,2
test_095.png,10.42,375,0.94773,0.99753,0,2
test_096.png,0.0,0,0.89691,0.99261,8,2
test_096.png,0.21,8,0.89698,0.99298,3,2
test_096.png,0.52,19,0.89698,0.99298,3,2
test_096.png,1.04,37,0.89736,0.99412,1,2
test_096.png,2.08,75,0.89763,0.99462,0,2
test_096.png,5.21,188,0.89763,0.99462,0,2
test_096.png,10.42,375,0.89763,0.99462,0,2
test_097.png,0.0,0,0.82603,0.94303,19,26
test_097.png,0.21,8,0.82617,0.94422,5,26
test_097.png,0.52,19,0.82635,0.94522,1,26
test_097.png,1.04,37,0.82644,0.94556,0,26
test_097.png,2.08,75,0.82644,0.94556,0,26
test_097.png,5.21,188,0.82644,0.94556,0,26
test_097.png,10.42,375,0.82644,0.94556,0,26
test_098.png,0.0,0,0.87942,0.93185,25,29
test_098.png,0.21,8,0.87954,0.93312,10,29
test_098.png,0.52,19,0.87986,0.9345,4,29
test_098.png,1.04,37,0.88023,0.93619,1,29
test_098.png,2.08,75,0.88041,0.93742,0,29
test_098.png,5.21,188,0.88041,0.93742,0,29
test_098.png,10.42,375,0.88041,0.93742,0,29
test_099.png,0.0,0,0.79501,0.98415,10,10
test_099.png,0.21,8,0.79515,0.98513,0,10
test_099.png,0.52,19,0.79515,0.98513,0,10
test_099.png,1.04,37,0.79515,0.98513,0,10
test_099.png,2.08,75,0.79515,0.98513,0,10
test_099.png,5.21,188,0.79515,0.98513,0,10
test_099.png,10.42,375,0.79515,0.98513,0,10
test_100.png,0.0,0,0.94201,0.99575,3,3
test_100.png,0.21,8,0.94202,0.99584,2,3
test_100.png,0.52,19,0.94214,0.99617,0,3
test_100.png,1.04,37,0.94214,0.99617,0,3
test_100.png,2.08,75,0.94214,0.99617,0,3
test_100.png,5.21,188,0.94214,0.99617,0,3
test_100.png,10.42,375,0.94214,0.99617,0,3
test_101.png,0.0,0,0.9195,0.99476,2,4
test_101.png,0.21,8,0.91952,0.99483,0,4
test_101.png,0.52,19,0.91952,0.99483,0,4
test_101.png,1.04,37,0.91952,0.99483,0,4
test_101.png,2.08,75,0.91952,0.99483,0,4
test_101.png,5.21,188,0.91952,0.99483,0,4
test_101.png,10.42,375,0.91952,0.99483,0,4
test_102.png,0.0,0,0.82748,0.94013,33,17
test_102.png,0.21,8,0.82782,0.94298,6,17
test_102.png,0.52,19,0.82803,0.94377,2,17
test_102.png,1.04,37,0.82803,0.94377,2,17
test_102.png,2.08,75,0.82828,0.94547,0,17
test_102.png,5.21,188,0.82828,0.94547,0,17
test_102.png,10.42,375,0.82828,0.94547,0,17
test_103.png,0.0,0,0.79831,0.97564,1,4
test_103.png,0.21,8,0.79831,0.97571,0,4
test_103.png,0.52,19,0.79831,0.97571,0,4
test_103.png,1.04,37,0.79831,0.97571,0,4
test_103.png,2.08,75,0.79831,0.97571,0,4
test_103.png,5.21,188,0.79831,0.97571,0,4
test_103.png,10.42,375,0.79831,0.97571,0,4
test_104.png,0.0,0,0.80152,0.94058,32,14
test_104.png,0.21,8,0.80167,0.94234,8,14
test_104.png,0.52,19,0.80192,0.94336,2,14
test_104.png,1.04,37,0.80219,0.94435,0,14
test_104.png,2.08,75,0.80219,0.94435,0,14
test_104.png,5.21,188,0.80219,0.94435,0,14
test_104.png,10.42,375,0.80219,0.94435,0,14
test_105.png,0.0,0,0.95211,0.99991,0,0
test_105.png,0.21,8,0.95211,0.99991,0,0
test_105.png,0.52,19,0.95211,0.99991,0,0
test_105.png,1.04,37,0.95211,0.99991,0,0
test_105.png,2.08,75,0.95211,0.99991,0,0
test_105.png,5.21,188,0.95211,0.99991,0,0
test_105.png,10.42,375,0.95211,0.99991,0,0
test_106.png,0.0,0,0.91537,0.989,3,7
test_106.png,0.21,8,0.91538,0.98912,1,7
test_106.png,0.52,19,0.91538,0.98912,1,7
test_106.png,1.04,37,0.91538,0.98912,1,7
test_106.png,2.08,75,0.91538,0.98912,1,7
test_106.png,5.21,188,0.91538,0.98912,1,7
test_106.png,10.42,375,0.91538,0.98912,1,7
test_107.png,0.0,0,0.77216,0.98786,1,2
test_107.png,0.21,8,0.77216,0.98786,1,2
test_107.png,0.52,19,0.77216,0.98786,1,2
test_107.png,1.04,37,0.7723,0.9885,0,2
test_107.png,2.08,75,0.7723,0.9885,0,2
test_107.png,5.21,188,0.7723,0.9885,0,2
test_107.png,10.42,375,0.7723,0.9885,0,2
test_108.png,0.0,0,0.86651,0.98734,17,1
test_108.png,0.21,8,0.86675,0.98842,2,1
test_108.png,0.52,19,0.8668,0.98858,1,1
test_108.png,1.04,37,0.86699,0.98892,0,1
test_108.png,2.08,75,0.86699,0.98892,0,1
test_108.png,5.21,188,0.86699,0.98892,0,1
test_108.png,10.42,375,0.86699,0.98892,0,1
test_109.png,0.0,0,0.78495,0.95163,17,11
test_109.png,0.21,8,0.7851,0.95288,0,11
test_109.png,0.52,19,0.7851,0.95288,0,11
test_109.png,1.04,37,0.7851,0.95288,0,11
test_109.png,2.08,75,0.7851,0.95288,0,11
test_109.png,5.21,188,0.7851,0.95288,0,11
test_109.png,10.42,375,0.7851,0.95288,0,11
test_110.png,0.0,0,0.87361,0.9889,15,3
test_110.png,0.21,8,0.87374,0.98951,5,3
test_110.png,0.52,19,0.87383,0.9898,4,3
test_110.png,1.04,37,0.87399,0.99049,3,3
test_110.png,2.08,75,0.87428,0.99089,2,3
test_110.png,5.21,188,0.87423,0.99105,0,3
test_110.png,10.42,375,0.87423,0.99105,0,3
test_111.png,0.0,0,0.91313,0.99245,9,5
test_111.png,0.21,8,0.91335,0.99326,0,5
test_111.png,0.52,19,0.91335,0.99326,0,5
test_111.png,1.04,37,0.91335,0.99326,0,5
test_111.png,2.08,75,0.91287,0.99264,2,5
test_111.png,5.21,188,0.91287,0.99264,2,5
test_111.png,10.42,375,0.91287,0.99264,2,5
test_112.png,0.0,0,0.86095,0.99503,2,3
test_112.png,0.21,8,0.86097,0.99514,0,3
test_112.png,0.52,19,0.86097,0.99514,0,3
test_112.png,1.04,37,0.86097,0.99514,0,3
test_112.png,2.08,75,0.86097,0.99514,0,3
test_112.png,5.21,188,0.86097,0.99514,0,3
test_112.png,10.42,375,0.86097,0.99514,0,3
test_113.png,0.0,0,0.82808,0.97854,17,7
test_113.png,0.21,8,0.82829,0.9794,4,7
test_113.png,0.52,19,0.82838,0.97953,3,7
test_113.png,1.04,37,0.82868,0.98014,1,7
test_113.png,2.08,75,0.82868,0.98014,1,7
test_113.png,5.21,188,0.82923,0.98101,0,7
test_113.png,10.42,375,0.82923,0.98101,0,7
test_114.png,0.0,0,0.78991,0.93671,29,25
test_114.png,0.21,8,0.79013,0.93874,6,25
test_114.png,0.52,19,0.79025,0.93961,3,25
test_114.png,1.04,37,0.79046,0.94033,1,25
test_114.png,2.08,75,0.79067,0.94111,0,24
test_114.png,5.21,188,0.79067,0.94111,0,24
test_114.png,10.42,375,0.79067,0.94111,0,24
test_115.png,0.0,0,0.94019,0.98771,4,5
test_115.png,0.21,8,0.94022,0.98795,1,5
test_115.png,0.52,19,0.94026,0.98803,0,5
test_115.png,1.04,37,0.94026,0.98803,0,5
test_115.png,2.08,75,0.94026,0.98803,0,5
test_115.png,5.21,188,0.94026,0.98803,0,5
test_115.png,10.42,375,0.94026,0.98803,0,5
test_116.png,0.0,0,0.91213,0.99373,4,3
test_116.png,0.21,8,0.91216,0.99406,1,3
test_116.png,0.52,19,0.91216,0.99406,1,3
test_116.png,1.04,37,0.91216,0.99406,1,3
test_116.png,2.08,75,0.91216,0.99406,1,3
test_116.png,5.21,188,0.91216,0.99406,1,3
test_116.png,10.42,375,0.91216,0.99406,1,3
test_117.png,0.0,0,0.96172,0.99844,0,0
test_117.png,0.21,8,0.96172,0.99844,0,0
test_117.png,0.52,19,0.96172,0.99844,0,0
test_117.png,1.04,37,0.96172,0.99844,0,0
test_117.png,2.08,75,0.96166,0.9982,1,0
test_117.png,5.21,188,0.96166,0.9982,1,0
test_117.png,10.42,375,0.96166,0.9982,1,0
test_118.png,0.0,0,0.94932,0.9979,1,2
test_118.png,0.21,8,0.94936,0.99821,0,2
test_118.png,0.52,19,0.94936,0.99821,0,2
test_118.png,1.04,37,0.94936,0.99821,0,2
test_118.png,2.08,75,0.94936,0.99821,0,2
test_118.png,5.21,188,0.94936,0.99821,0,2
test_118.png,10.42,375,0.94936,0.99821,0,2
test_119.png,0.0,0,0.963,0.99517,3,1
test_119.png,0.21,8,0.96306,0.99559,0,1
test_119.png,0.52,19,0.96306,0.99559,0,1
test_119.png,1.04,37,0.96306,0.99559,0,1
test_119.png,2.08,75,0.96306,0.99559,0,1
test_119.png,5.21,188,0.96306,0.99559,0,1
test_119.png,10.42,375,0.96306,0.99559,0,1
test_120.png,0.0,0,0.86463,0.99815,0,3
test_120.png,0.21,8,0.86463,0.99815,0,3
test_120.png,0.52,19,0.86463,0.99815,0,3
test_120.png,1.04,37,0.86463,0.99815,0,3
test_120.png,2.08,75,0.86463,0.99815,0,3
test_120.png,5.21,188,0.86463,0.99815,0,3
test_120.png,10.42,375,0.86463,0.99815,0,3
test_121.png,0.0,0,0.73863,0.77839,103,82
test_121.png,0.21,8,0.73934,0.78404,22,82
test_121.png,0.52,19,0.73981,0.78591,12,82
test_121.png,1.04,37,0.74016,0.78695,8,82
test_121.png,2.08,75,0.74114,0.78981,3,81
test_121.png,5.21,188,0.74177,0.79108,2,81
test_121.png,10.42,375,0.74282,0.79303,1,81
test_122.png,0.0,0,0.7653,0.84772,53,57
test_122.png,0.21,8,0.76547,0.84921,17,57
test_122.png,0.52,19,0.76562,0.85024,8,57
test_122.png,1.04,37,0.76617,0.85232,4,56
test_122.png,2.08,75,0.76635,0.85235,2,56
test_122.png,5.21,188,0.76625,0.85042,0,55
test_122.png,10.42,375,0.76625,0.85042,0,55
test_123.png,0.0,0,0.81874,0.89711,141,117
test_123.png,0.21,8,0.81943,0.90124,20,117
test_123.png,0.52,19,0.81973,0.90238,3,115
test_123.png,1.04,37,0.8197,0.90242,1,115
test_123.png,2.08,75,0.81969,0.9023,1,115
test_123.png,5.21,188,0.81916,0.9018,2,115
test_123.png,10.42,375,0.81916,0.9018,2,115
test_124.png,0.0,0,0.28181,0.3089,162,74
test_124.png,0.21,8,0.28213,0.31171,53,74
test_124.png,0.52,19,0.28251,0.31406,32,74
test_124.png,1.04,37,0.28272,0.31536,22,74
test_124.png,2.08,75,0.28305,0.31638,18,74
test_124.png,5.21,188,0.28338,0.31774,10,72
test_124.png,10.42,375,0.28384,0.31829,9,72
test_125.png,0.0,0,0.74612,0.86291,69,1
test_125.png,0.21,8,0.74524,0.86271,28,1
test_125.png,0.52,19,0.74482,0.8621,25,1
test_125.png,1.04,37,0.74399,0.86168,22,2
test_125.png,2.08,75,0.74215,0.85974,18,2
test_125.png,5.21,188,0.73887,0.85419,13,3
test_125.png,10.42,375,0.72933,0.84167,8,3
test_126.png,0.0,0,0.93475,0.99204,4,13
test_126.png,0.21,8,0.93474,0.99223,0,13
test_126.png,0.52,19,0.93474,0.99223,0,13
test_126.png,1.04,37,0.93474,0.99223,0,13
test_126.png,2.08,75,0.93474,0.99223,0,13
test_126.png,5.21,188,0.93474,0.99223,0,13
test_126.png,10.42,375,0.93474,0.99223,0,13
test_127.png,0.0,0,0.83315,0.93448,60,55
test_127.png,0.21,8,0.83344,0.93632,14,55
test_127.png,0.52,19,0.83373,0.93706,6,55
test_127.png,1.04,37,0.83327,0.93653,1,55
test_127.png,2.08,75,0.83327,0.93653,1,55
test_127.png,5.21,188,0.8329,0.9362,0,55
test_127.png,10.42,375,0.8329,0.9362,0,55
test_128.png,0.0,0,0.90638,0.97683,11,20
test_128.png,0.21,8,0.90632,0.97713,1,20
test_128.png,0.52,19,0.90632,0.97713,1,20
test_128.png,1.04,37,0.90632,0.97713,1,20
test_128.png,2.08,75,0.90632,0.97713,1,20
test_128.png,5.21,188,0.90632,0.97713,1,20
test_128.png,10.42,375,0.90632,0.97713,1,20
test_129.png,0.0,0,0.91301,0.97317,18,6
test_129.png,0.21,8,0.913,0.97368,4,6
test_129.png,0.52,19,0.913,0.97368,4,6
test_129.png,1.04,37,0.913,0.97368,4,6
test_129.png,2.08,75,0.913,0.97368,4,6
test_129.png,5.21,188,0.91188,0.97247,2,6
test_129.png,10.42,375,0.91076,0.97018,1,6
test_130.png,0.0,0,0.71441,0.75368,138,118
test_130.png,0.21,8,0.71489,0.75945,44,118
test_130.png,0.52,19,0.71527,0.76144,34,118
test_130.png,1.04,37,0.7151,0.76152,23,118
test_130.png,2.08,75,0.7173,0.76833,14,118
test_130.png,5.21,188,0.71932,0.77343,8,118
test_130.png,10.42,375,0.72336,0.77931,5,118
test_131.png,0.0,0,0.67536,0.79999,108,40
test_131.png,0.21,8,0.67451,0.79957,52,40
test_131.png,0.52,19,0.67346,0.79876,42,39
test_131.png,1.04,37,0.67234,0.79856,37,38
test_131.png,2.08,75,0.66842,0.79478,29,37
test_131.png,5.21,188,0.66368,0.79119,25,35
test_131.png,10.42,375,0.65249,0.78254,19,35
test_132.png,0.0,0,0.9033,0.98113,12,27
test_132.png,0.21,8,0.90325,0.98182,0,27
test_132.png,0.52,19,0.90325,0.98182,0,27
test_132.png,1.04,37,0.90325,0.98182,0,27
test_132.png,2.08,75,0.90325,0.98182,0,27
test_132.png,5.21,188,0.90325,0.98182,0,27
test_132.png,10.42,375,0.90204,0.97948,1,27
test_133.png,0.0,0,0.58294,0.67864,90,162
test_133.png,0.21,8,0.58335,0.68232,17,162
test_133.png,0.52,19,0.5836,0.68359,6,162
test_133.png,1.04,37,0.58405,0.68505,0,160
test_133.png,2.08,75,0.58405,0.68505,0,160
test_133.png,5.21,188,0.58405,0.68505,0,160
test_133.png,10.42,375,0.58405,0.68505,0,160
test_134.png,0.0,0,0.82576,0.87077,82,26
test_134.png,0.21,8,0.82626,0.87505,32,26
test_134.png,0.52,19,0.82676,0.87705,21,26
test_134.png,1.04,37,0.82824,0.88226,10,25
test_134.png,2.08,75,0.8288,0.88385,7,24
test_134.png,5.21,188,0.83169,0.89166,1,21
test_134.png,10.42,375,0.83169,0.89166,1,21
test_135.png,0.0,0,0.87169,0.93637,21,19
test_135.png,0.21,8,0.87182,0.93844,4,19
test_135.png,0.52,19,0.87188,0.93867,3,19
test_135.png,1.04,37,0.87206,0.93946,2,19
test_135.png,2.08,75,0.87228,0.94,1,19
test_135.png,5.21,188,0.87316,0.94118,0,19
test_135.png,10.42,375,0.87316,0.94118,0,19
test_136.png,0.0,0,0.39254,0.39915,109,60
test_136.png,0.21,8,0.3926,0.40024,42,60
test_136.png,0.52,19,0.39267,0.40057,30,60
test_136.png,1.04,37,0.39297,0.40229,21,60
test_136.png,2.08,75,0.39348,0.4029,13,60
test_136.png,5.21,188,0.39357,0.4042,10,59
test_136.png,10.42,375,0.39475,0.40671,8,59
test_137.png,0.0,0,0.7863,0.90577,84,92
test_137.png,0.21,8,0.78689,0.90976,14,92
test_137.png,0.52,19,0.78727,0.91083,6,92
test_137.png,1.04,37,0.78732,0.91097,1,92
test_137.png,2.08,75,0.78748,0.91128,0,92
test_137.png,5.21,188,0.78609,0.90922,2,92
test_137.png,10.42,375,0.78609,0.90922,2,92
test_138.png,0.0,0,0.89755,0.98393,3,11
test_138.png,0.21,8,0.89759,0.9841,1,11
test_138.png,0.52,19,0.89759,0.9841,1,11
test_138.png,1.04,37,0.89759,0.9841,1,11
test_138.png,2.08,75,0.89803,0.98657,0,8
test_138.png,5.21,188,0.89794,0.98605,1,8
test_138.png,10.42,375,0.89794,0.98605,1,8
test_139.png,0.0,0,0.52639,0.45863,193,101
test_139.png,0.21,8,0.52657,0.46096,79,101
test_139.png,0.52,19,0.52722,0.46379,50,99
test_139.png,1.04,37,0.52707,0.46445,40,99
test_139.png,2.08,75,0.52908,0.46892,32,97
test_139.png,5.21,188,0.53206,0.4753,21,93
test_139.png,10.42,375,0.53702,0.48268,15,87
test_140.png,0.0,0,0.71878,0.81199,104,37
test_140.png,0.21,8,0.71787,0.81259,55,37
test_140.png,0.52,19,0.71698,0.81121,46,37
test_140.png,1.04,37,0.71546,0.81055,36,37
test_140.png,2.08,75,0.7143,0.81083,32,37
test_140.png,5.21,188,0.70891,0.80754,24,36
test_140.png,10.42,375,0.69724,0.79985,20,35
test_141.png,0.0,0,0.89585,0.98391,8,6
test_141.png,0.21,8,0.89591,0.98441,2,6
test_141.png,0.52,19,0.89588,0.98451,1,6
test_141.png,1.04,37,0.89609,0.98564,0,6
test_141.png,2.08,75,0.89609,0.98564,0,6
test_141.png,5.21,188,0.89609,0.98564,0,6
test_141.png,10.42,375,0.89609,0.98564,0,6
test_142.png,0.0,0,0.72289,0.76876,149,51
test_142.png,0.21,8,0.72399,0.77755,56,51
test_142.png,0.52,19,0.72474,0.78126,39,51
test_142.png,1.04,37,0.72608,0.78671,27,51
test_142.png,2.08,75,0.7286,0.79375,17,50
test_142.png,5.21,188,0.73425,0.8057,6,49
test_142.png,10.42,375,0.73999,0.81492,0,46
test_143.png,0.0,0,0.88059,0.9498,45,52
test_143.png,0.21,8,0.88047,0.95047,12,52
test_143.png,0.52,19,0.88034,0.95045,10,52
test_143.png,1.04,37,0.88022,0.95131,7,52
test_143.png,2.08,75,0.87989,0.95097,6,51
test_143.png,5.21,188,0.87866,0.94838,4,50
test_143.png,10.42,375,0.87497,0.94396,2,49
test_144.png,0.0,0,0.69287,0.68332,143,140
test_144.png,0.21,8,0.69355,0.6889,51,140
test_144.png,0.52,19,0.69442,0.69255,28,140
test_144.png,1.04,37,0.69585,0.69653,18,140
test_144.png,2.08,75,0.6977,0.70112,10,140
test_144.png,5.21,188,0.70012,0.70592,6,136
test_144.png,10.42,375,0.70398,0.71409,3,130
test_145.png,0.0,0,0.78988,0.81677,78,78
test_145.png,0.21,8,0.79038,0.82169,23,78
test_145.png,0.52,19,0.79083,0.82398,15,78
test_145.png,1.04,37,0.79148,0.82741,10,77
test_145.png,2.08,75,0.79288,0.83177,5,75
test_145.png,5.21,188,0.79438,0.83575,2,73
test_145.png,10.42,375,0.79545,0.83758,1,73
test_146.png,0.0,0,0.80862,0.90344,42,59
test_146.png,0.21,8,0.80878,0.90528,7,59
test_146.png,0.52,19,0.8089,0.90595,4,59
test_146.png,1.04,37,0.8089,0.90595,4,59
test_146.png,2.08,75,0.80926,0.90672,2,59
test_146.png,5.21,188,0.80926,0.90672,2,59
test_146.png,10.42,375,0.80746,0.90287,0,59
test_147.png,0.0,0,0.26868,0.25634,94,34
test_147.png,0.21,8,0.26782,0.25419,41,34
test_147.png,0.52,19,0.26726,0.25384,32,34
test_147.png,1.04,37,0.26746,0.25477,29,34
test_147.png,2.08,75,0.26797,0.25585,26,34
test_147.png,5.21,188,0.2666,0.25582,21,34
test_147.png,10.42,375,0.26718,0.25831,19,33
test_148.png,0.0,0,0.81882,0.97602,8,2
test_148.png,0.21,8,0.81891,0.97705,1,2
test_148.png,0.52,19,0.81891,0.97705,1,2
test_148.png,1.04,37,0.81891,0.97705,1,2
test_148.png,2.08,75,0.81891,0.97705,1,2
test_148.png,5.21,188,0.81863,0.97674,0,2
test_148.png,10.42,375,0.81727,0.97489,1,2
test_149.png,0.0,0,0.81026,0.89508,48,39
test_149.png,0.21,8,0.80985,0.89529,21,39
test_149.png,0.52,19,0.80967,0.89503,17,39
test_149.png,1.04,37,0.80958,0.89457,16,39
test_149.png,2.08,75,0.8092,0.89374,15,39
test_149.png,5.21,188,0.80878,0.89567,13,38
test_149.png,10.42,375,0.80121,0.88776,10,35
test_150.png,0.0,0,0.7208,0.78474,87,37
test_150.png,0.21,8,0.72103,0.78852,42,37
test_150.png,0.52,19,0.72172,0.79252,28,37
test_150.png,1.04,37,0.72273,0.79646,22,37
test_150.png,2.08,75,0.72259,0.79938,17,36
test_150.png,5.21,188,0.72492,0.80338,12,35
test_150.png,10.42,375,0.72629,0.80626,11,34
test_151.png,0.0,0,0.69216,0.7596,108,91
test_151.png,0.21,8,0.69265,0.76392,42,91
test_151.png,0.52,19,0.69374,0.76909,22,91
test_151.png,1.04,37,0.69499,0.77443,12,90
test_151.png,2.08,75,0.69622,0.77749,7,89
test_151.png,5.21,188,0.69872,0.78444,2,88
test_151.png,10.42,375,0.69872,0.78444,2,88
test_152.png,0.0,0,0.86192,0.92868,39,78
test_152.png,0.21,8,0.86185,0.9301,6,78
test_152.png,0.52,19,0.86173,0.9301,4,78
test_152.png,1.04,37,0.86183,0.93045,3,78
test_152.png,2.08,75,0.86183,0.93045,3,78
test_152.png,5.21,188,0.86183,0.93045,3,78
test_152.png,10.42,375,0.85895,0.92742,1,78
test_153.png,0.0,0,0.6765,0.72623,109,67
test_153.png,0.21,8,0.67722,0.73245,39,67
test_153.png,0.52,19,0.67827,0.73852,20,67
test_153.png,1.04,37,0.67894,0.7414,14,67
test_153.png,2.08,75,0.67985,0.74417,8,67
test_153.png,5.21,188,0.68304,0.75301,2,66
test_153.png,10.42,375,0.68577,0.76044,0,64
test_154.png,0.0,0,0.78409,0.84045,69,32
test_154.png,0.21,8,0.7845,0.84445,17,32
test_154.png,0.52,19,0.78461,0.84488,12,32
test_154.png,1.04,37,0.78547,0.84809,5,31
test_154.png,2.08,75,0.78574,0.84895,2,31
test_154.png,5.21,188,0.78656,0.85221,1,30
test_154.png,10.42,375,0.78751,0.85371,0,30
test_155.png,0.0,0,0.31341,0.29609,125,68
test_155.png,0.21,8,0.31348,0.29721,51,68
test_155.png,0.52,19,0.31361,0.2981,34,68
test_155.png,1.04,37,0.31342,0.29873,28,68
test_155.png,2.08,75,0.31482,0.30296,20,63
test_155.png,5.21,188,0.31581,0.30416,14,63
test_155.png,10.42,375,0.31581,0.30416,14,63
test_156.png,0.0,0,0.86977,0.94496,21,36
test_156.png,0.21,8,0.86972,0.94518,9,36
test_156.png,0.52,19,0.86934,0.94464,6,36
test_156.png,1.04,37,0.86898,0.94439,4,36
test_156.png,2.08,75,0.86852,0.94418,3,36
test_156.png,5.21,188,0.86852,0.94418,3,36
test_156.png,10.42,375,0.86602,0.93939,1,36
test_157.png,0.0,0,0.82331,0.7659,148,41
test_157.png,0.21,8,0.82452,0.77685,54,41
test_157.png,0.52,19,0.8251,0.78008,44,41
test_157.png,1.04,37,0.82666,0.7859,34,41
test_157.png,2.08,75,0.83035,0.7996,22,41
test_157.png,5.21,188,0.83805,0.82379,10,37
test_157.png,10.42,375,0.85037,0.84867,3,36
test_158.png,0.0,0,0.89953,0.97309,10,5
test_158.png,0.21,8,0.89954,0.97374,4,5
test_158.png,0.52,19,0.89954,0.97374,4,5
test_158.png,1.04,37,0.8999,0.97452,2,5
test_158.png,2.08,75,0.8999,0.97452,2,5
test_158.png,5.21,188,0.90133,0.97777,0,5
test_158.png,10.42,375,0.90133,0.97777,0,5
test_159.png,0.0,0,0.76207,0.81336,89,40
test_159.png,0.21,8,0.76146,0.81455,37,40
test_159.png,0.52,19,0.76121,0.81512,30,40
test_159.png,1.04,37,0.76064,0.81508,28,40
test_159.png,2.08,75,0.75823,0.81437,23,39
test_159.png,5.21,188,0.74839,0.81043,12,39
test_159.png,10.42,375,0.74437,0.79889,10,39
test_160.png,0.0,0,0.74534,0.85441,73,34
test_160.png,0.21,8,0.7446,0.85361,24,34
test_160.png,0.52,19,0.74427,0.85436,18,34
test_160.png,1.04,37,0.74339,0.85294,13,34
test_160.png,2.08,75,0.7424,0.85248,10,33
test_160.png,5.21,188,0.73867,0.85309,6,33
test_160.png,10.42,375,0.73857,0.85384,4,32
test_161.png,0.0,0,0.56704,0.68689,99,101
test_161.png,0.21,8,0.56746,0.69067,28,101
test_161.png,0.52,19,0.56833,0.69493,6,101
test_161.png,1.04,37,0.56863,0.69615,3,101
test_161.png,2.08,75,0.56918,0.69801,0,101
test_161.png,5.21,188,0.56918,0.69801,0,101
test_161.png,10.42,375,0.5681,0.69605,1,101
test_162.png,0.0,0,0.7618,0.82066,88,36
test_162.png,0.21,8,0.76222,0.82501,31,36
test_162.png,0.52,19,0.76231,0.82582,24,35
test_162.png,1.04,37,0.76296,0.82858,18,34
test_162.png,2.08,75,0.76342,0.83037,16,34
test_162.png,5.21,188,0.76513,0.83428,9,32
test_162.png,10.42,375,0.76448,0.83332,6,31
test_163.png,0.0,0,0.82847,0.90035,41,49
test_163.png,0.21,8,0.82866,0.90213,9,49
test_163.png,0.52,19,0.82881,0.90269,6,49
test_163.png,1.04,37,0.82899,0.90322,4,49
test_163.png,2.08,75,0.82899,0.90322,4,49
test_163.png,5.21,188,0.8279,0.89927,2,49
test_163.png,10.42,375,0.82658,0.89641,1,49
test_164.png,0.0,0,0.76156,0.98006,8,5
test_164.png,0.21,8,0.76161,0.98053,0,5
test_164.png,0.52,19,0.76161,0.98053,0,5
test_164.png,1.04,37,0.76161,0.98053,0,5
test_164.png,2.08,75,0.76161,0.98053,0,5
test_164.png,5.21,188,0.76161,0.98053,0,5
test_164.png,10.42,375,0.76161,0.98053,0,5
test_165.png,0.0,0,0.76676,0.95301,20,20
test_165.png,0.21,8,0.76686,0.95391,4,20
test_165.png,0.52,19,0.76693,0.95428,2,20
test_165.png,1.04,37,0.76711,0.95449,0,20
test_165.png,2.08,75,0.76711,0.95449,0,20
test_165.png,5.21,188,0.76711,0.95449,0,20
test_165.png,10.42,375,0.76711,0.95449,0,20
test_166.png,0.0,0,0.89767,0.98316,8,4
test_166.png,0.21,8,0.89767,0.98359,2,4
test_166.png,0.52,19,0.89764,0.98403,0,4
test_166.png,1.04,37,0.89764,0.98403,0,4
test_166.png,2.08,75,0.89764,0.98403,0,4
test_166.png,5.21,188,0.89764,0.98403,0,4
test_166.png,10.42,375,0.89764,0.98403,0,4
test_167.png,0.0,0,0.81208,0.92031,43,42
test_167.png,0.21,8,0.81213,0.922,5,42
test_167.png,0.52,19,0.81218,0.92223,4,42
test_167.png,1.04,37,0.81227,0.92268,3,42
test_167.png,2.08,75,0.81227,0.92268,3,42
test_167.png,5.21,188,0.81251,0.92266,2,42
test_167.png,10.42,375,0.81198,0.92196,1,42
test_168.png,0.0,0,0.79657,0.81796,90,65
test_168.png,0.21,8,0.79715,0.82426,24,65
test_168.png,0.52,19,0.79753,0.82567,18,65
test_168.png,1.04,37,0.79845,0.82886,13,64
test_168.png,2.08,75,0.80004,0.8354,7,64
test_168.png,5.21,188,0.80101,0.83685,5,64
test_168.png,10.42,375,0.80242,0.83933,4,63
test_169.png,0.0,0,0.7838,0.81495,56,61
test_169.png,0.21,8,0.78411,0.81894,10,61
test_169.png,0.52,19,0.78435,0.8202,6,61
test_169.png,1.04,37,0.78446,0.82051,5,61
test_169.png,2.08,75,0.78567,0.82411,0,61
test_169.png,5.21,188,0.78603,0.82532,1,61
test_169.png,10.42,375,0.78603,0.82532,1,61
test_170.png,0.0,0,0.83202,0.89487,55,66
test_170.png,0.21,8,0.83225,0.89717,11,66
test_170.png,0.52,19,0.8323,0.89739,10,66
test_170.png,1.04,37,0.8326,0.89881,5,66
test_170.png,2.08,75,0.83328,0.90068,2,66
test_170.png,5.21,188,0.83328,0.90068,2,66
test_170.png,10.42,375,0.83091,0.89702,0,66
test_171.png,0.0,0,0.55417,0.55536,127,77
test_171.png,0.21,8,0.55362,0.55531,46,77
test_171.png,0.52,19,0.55297,0.55378,32,77
test_171.png,1.04,37,0.55159,0.55122,22,77
test_171.png,2.08,75,0.55243,0.55359,19,77
test_171.png,5.21,188,0.54984,0.55247,11,74
test_171.png,10.42,375,0.54819,0.55551,6,74
test_172.png,0.0,0,0.62472,0.62298,149,94
test_172.png,0.21,8,0.62375,0.62134,53,94
test_172.png,0.52,19,0.62297,0.62104,35,94
test_172.png,1.04,37,0.62282,0.62156,31,94
test_172.png,2.08,75,0.62201,0.62146,25,94
test_172.png,5.21,188,0.62177,0.6252,18,94
test_172.png,10.42,375,0.62064,0.62886,11,92
test_173.png,0.0,0,0.88264,0.95895,17,29
test_173.png,0.21,8,0.8826,0.95959,3,29
test_173.png,0.52,19,0.8826,0.95959,3,29
test_173.png,1.04,37,0.8826,0.95959,3,29
test_173.png,2.08,75,0.88226,0.95955,2,29
test_173.png,5.21,188,0.88097,0.95903,1,28
test_173.png,10.42,375,0.88097,0.95903,1,28
test_174.png,0.0,0,0.4485,0.44263,221,73
test_174.png,0.21,8,0.44744,0.44152,104,73
test_174.png,0.52,19,0.44609,0.44136,75,73
test_174.png,1.04,37,0.44652,0.44222,71,73
test_174.png,2.08,75,0.4444,0.44108,60,71
test_174.png,5.21,188,0.44517,0.4462,43,67
test_174.png,10.42,375,0.43243,0.43546,28,53
test_175.png,0.0,0,0.71304,0.88243,55,17
test_175.png,0.21,8,0.71347,0.88556,14,17
test_175.png,0.52,19,0.714,0.88772,5,17
test_175.png,1.04,37,0.7141,0.88806,4,17
test_175.png,2.08,75,0.71471,0.88942,2,17
test_175.png,5.21,188,0.71577,0.89263,0,16
test_175.png,10.42,375,0.71577,0.89263,0,16
test_176.png,0.0,0,0.7094,0.88047,63,26
test_176.png,0.21,8,0.70972,0.88268,25,26
test_176.png,0.52,19,0.71041,0.8852,12,26
test_176.png,1.04,37,0.71078,0.88646,9,26
test_176.png,2.08,75,0.71123,0.88773,7,26
test_176.png,5.21,188,0.71561,0.89805,0,26
test_176.png,10.42,375,0.71561,0.89805,0,26
test_177.png,0.0,0,0.57868,0.81545,41,60
test_177.png,0.21,8,0.57878,0.81673,14,60
test_177.png,0.52,19,0.57893,0.81756,8,60
test_177.png,1.04,37,0.57912,0.8181,6,60
test_177.png,2.08,75,0.57934,0.81907,1,60
test_177.png,5.21,188,0.57969,0.81968,0,60
test_177.png,10.42,375,0.57969,0.81968,0,60
test_178.png,0.0,0,0.73176,0.76788,97,101
test_178.png,0.21,8,0.73145,0.76949,24,101
test_178.png,0.52,19,0.73152,0.77035,13,101
test_178.png,1.04,37,0.73079,0.76984,6,101
test_178.png,2.08,75,0.73072,0.77057,5,101
test_178.png,5.21,188,0.73014,0.76908,4,100
test_178.png,10.42,375,0.73014,0.76908,4,100
test_179.png,0.0,0,0.59084,0.86909,60,27
test_179.png,0.21,8,0.59117,0.87155,20,27
test_179.png,0.52,19,0.59148,0.87261,12,27
test_179.png,1.04,37,0.59184,0.87342,8,27
test_179.png,2.08,75,0.59286,0.87622,3,26
test_179.png,5.21,188,0.59394,0.8784,0,25
test_179.png,10.42,375,0.59394,0.8784,0,25
test_180.png,0.0,0,0.56467,0.78355,74,69
test_180.png,0.21,8,0.56503,0.78667,15,69
test_180.png,0.52,19,0.56535,0.78814,8,68
test_180.png,1.04,37,0.56597,0.79017,1,68
test_180.png,2.08,75,0.56609,0.79049,0,68
test_180.png,5.21,188,0.56609,0.79049,0,68
test_180.png,10.42,375,0.56609,0.79049,0,68
test_181.png,0.0,0,0.60913,0.8494,53,44
test_181.png,0.21,8,0.60944,0.85187,17,44
test_181.png,0.52,19,0.60972,0.85303,9,44
test_181.png,1.04,37,0.60991,0.85384,7,44
test_181.png,2.08,75,0.61088,0.85736,1,44
test_181.png,5.21,188,0.61088,0.85736,1,44
test_181.png,10.42,375,0.61088,0.85736,1,44
test_182.png,0.0,0,0.69947,0.86657,20,30
test_182.png,0.21,8,0.6993,0.86677,5,30
test_182.png,0.52,19,0.69935,0.86734,2,30
test_182.png,1.04,37,0.69935,0.86734,2,30
test_182.png,2.08,75,0.69954,0.86828,1,30
test_182.png,5.21,188,0.69836,0.86555,0,30
test_182.png,10.42,375,0.69836,0.86555,0,30
test_183.png,0.0,0,0.6031,0.60809,114,98
test_183.png,0.21,8,0.60213,0.60768,37,98
test_183.png,0.52,19,0.60136,0.60698,28,98
test_183.png,1.04,37,0.60174,0.6083,23,98
test_183.png,2.08,75,0.60151,0.60788,20,98
test_183.png,5.21,188,0.60041,0.61045,14,98
test_183.png,10.42,375,0.60028,0.6135,10,98
test_184.png,0.0,0,0.58,0.67099,132,150
test_184.png,0.21,8,0.58028,0.6731,29,150
test_184.png,0.52,19,0.58072,0.67471,11,150
test_184.png,1.04,37,0.58091,0.67524,5,150
test_184.png,2.08,75,0.58124,0.67596,1,150
test_184.png,5.21,188,0.58118,0.67602,0,150
test_184.png,10.42,375,0.58118,0.67602,0,150
test_185.png,0.0,0,0.88113,0.95065,17,29
test_185.png,0.21,8,0.88102,0.95097,5,29
test_185.png,0.52,19,0.88096,0.95095,4,29
test_185.png,1.04,37,0.88114,0.95218,3,29
test_185.png,2.08,75,0.88114,0.95218,3,29
test_185.png,5.21,188,0.87939,0.95135,1,26
test_185.png,10.42,375,0.87939,0.95135,1,26
test_186.png,0.0,0,0.63225,0.65426,123,125
test_186.png,0.21,8,0.6318,0.65374,34,125
test_186.png,0.52,19,0.63184,0.65437,23,125
test_186.png,1.04,37,0.6303,0.65103,14,125
test_186.png,2.08,75,0.62975,0.6502,11,125
test_186.png,5.21,188,0.62944,0.6517,8,124
test_186.png,10.42,375,0.62457,0.64696,4,120
test_187.png,0.0,0,0.70348,0.74196,96,92
test_187.png,0.21,8,0.70335,0.74297,35,92
test_187.png,0.52,19,0.70315,0.74346,22,91
test_187.png,1.04,37,0.70369,0.74596,11,91
test_187.png,2.08,75,0.70451,0.74961,5,91
test_187.png,5.21,188,0.70416,0.75073,2,91
test_187.png,10.42,375,0.70416,0.75073,2,91
test_188.png,0.0,0,0.5099,0.5889,168,92
test_188.png,0.21,8,0.51018,0.59287,66,92
test_188.png,0.52,19,0.51052,0.59495,51,91
test_188.png,1.04,37,0.51057,0.59724,37,90
test_188.png,2.08,75,0.51142,0.60077,26,90
test_188.png,5.21,188,0.51014,0.59956,20,90
test_188.png,10.42,375,0.51025,0.60081,15,86
test_189.png,0.0,0,0.58573,0.81385,67,71
test_189.png,0.21,8,0.58606,0.81645,21,71
test_189.png,0.52,19,0.58646,0.81858,11,71
test_189.png,1.04,37,0.58728,0.8216,2,71
test_189.png,2.08,75,0.58765,0.82234,0,71
test_189.png,5.21,188,0.58765,0.82234,0,71
test_189.png,10.42,375,0.58765,0.82234,0,71
test_190.png,0.0,0,0.63873,0.6596,116,70
test_190.png,0.21,8,0.63761,0.65871,36,70
test_190.png,0.52,19,0.63718,0.65912,27,70
test_190.png,1.04,37,0.636,0.65922,20,70
test_190.png,2.08,75,0.63557,0.66024,16,70
test_190.png,5.21,188,0.63068,0.65754,10,68
test_190.png,10.42,375,0.62972,0.66053,7,68
test_191.png,0.0,0,0.58832,0.8237,58,45
test_191.png,0.21,8,0.58866,0.82709,13,45
test_191.png,0.52,19,0.58907,0.82923,5,45
test_191.png,1.04,37,0.58929,0.83009,3,45
test_191.png,2.08,75,0.58966,0.83109,1,45
test_191.png,5.21,188,0.58981,0.83131,0,45
test_191.png,10.42,375,0.58981,0.83131,0,45
test_192.png,0.0,0,0.59675,0.78155,69,95
test_192.png,0.21,8,0.59697,0.78413,19,95
test_192.png,0.52,19,0.59736,0.78571,10,95
test_192.png,1.04,37,0.59763,0.78626,7,95
test_192.png,2.08,75,0.59855,0.78944,1,95
test_192.png,5.21,188,0.5989,0.79051,0,95
test_192.png,10.42,375,0.5989,0.79051,0,95
test_193.png,0.0,0,0.65071,0.65867,122,81
test_193.png,0.21,8,0.65157,0.66529,39,81
test_193.png,0.52,19,0.6519,0.66744,25,81
test_193.png,1.04,37,0.65252,0.66954,19,81
test_193.png,2.08,75,0.6539,0.67358,13,81
test_193.png,5.21,188,0.65788,0.68391,0,78
test_193.png,10.42,375,0.65788,0.68391,0,78
test_194.png,0.0,0,0.76069,0.9213,17,25
test_194.png,0.21,8,0.76064,0.92107,5,25
test_194.png,0.52,19,0.7609,0.92181,1,25
test_194.png,1.04,37,0.76102,0.92215,0,25
test_194.png,2.08,75,0.76102,0.92215,0,25
test_194.png,5.21,188,0.76102,0.92215,0,25
test_194.png,10.42,375,0.76102,0.92215,0,25
test_195.png,0.0,0,0.68849,0.7069,123,109
test_195.png,0.21,8,0.68802,0.70771,38,109
test_195.png,0.52,19,0.68762,0.70825,26,109
test_195.png,1.04,37,0.68763,0.70897,23,109
test_195.png,2.08,75,0.68514,0.70763,16,109
test_195.png,5.21,188,0.68217,0.70628,11,109
test_195.png,10.42,375,0.68237,0.70888,10,109
test_196.png,0.0,0,0.83479,0.92225,25,45
test_196.png,0.21,8,0.83472,0.923,7,45
test_196.png,0.52,19,0.83459,0.92296,6,45
test_196.png,1.04,37,0.83443,0.92294,5,45
test_196.png,2.08,75,0.83394,0.92378,2,45
test_196.png,5.21,188,0.83394,0.92378,2,45
test_196.png,10.42,375,0.83152,0.92261,1,44
test_197.png,0.0,0,0.70173,0.72259,80,86
test_197.png,0.21,8,0.70127,0.72294,26,86
test_197.png,0.52,19,0.70095,0.72347,16,86
test_197.png,1.04,37,0.70066,0.72387,11,85
test_197.png,2.08,75,0.70018,0.72439,7,85
test_197.png,5.21,188,0.69978,0.72568,3,85
test_197.png,10.42,375,0.69802,0.72523,1,84
test_198.png,0.0,0,0.52852,0.52355,183,100
test_198.png,0.21,8,0.5278,0.52327,73,100
test_198.png,0.52,19,0.52742,0.52287,52,99
test_198.png,1.04,37,0.52638,0.52142,40,97
test_198.png,2.08,75,0.52634,0.52362,31,97
test_198.png,5.21,188,0.52872,0.53121,22,93
test_198.png,10.42,375,0.52307,0.53224,13,88
test_199.png,0.0,0,0.8603,0.92428,10,49
test_199.png,0.21,8,0.86013,0.92425,2,49
test_199.png,0.52,19,0.86013,0.92425,2,49
test_199.png,1.04,37,0.86013,0.92425,2,49
test_199.png,2.08,75,0.86013,0.92425,2,49
test_199.png,5.21,188,0.86013,0.92425,2,49
test_199.png,10.42,375,0.85626,0.91924,0,49
test_200.png,0.0,0,0.46554,0.54422,165,70
test_200.png,0.21,8,0.46602,0.54924,63,70
test_200.png,0.52,19,0.46611,0.55108,43,70
test_200.png,1.04,37,0.46691,0.5541,36,70
test_200.png,2.08,75,0.46796,0.55803,23,69
test_200.png,5.21,188,0.47026,0.56363,18,68
test_200.png,10.42,375,0.46994,0.56237,16,68
test_201.png,0.0,0,0.59047,0.7683,61,81
test_201.png,0.21,8,0.59074,0.77141,16,81
test_201.png,0.52,19,0.59107,0.7735,7,81
test_201.png,1.04,37,0.59141,0.77435,3,81
test_201.png,2.08,75,0.59191,0.77626,0,81
test_201.png,5.21,188,0.59191,0.77626,0,81
test_201.png,10.42,375,0.59191,0.77626,0,81
test_202.png,0.0,0,0.6837,0.70159,112,72
test_202.png,0.21,8,0.683,0.70183,46,72
test_202.png,0.52,19,0.68291,0.70237,36,72
test_202.png,1.04,37,0.68277,0.70442,24,71
test_202.png,2.08,75,0.68046,0.70183,19,70
test_202.png,5.21,188,0.67869,0.70124,16,70
test_202.png,10.42,375,0.6773,0.70524,12,70
test_203.png,0.0,0,0.63029,0.88321,52,26
test_203.png,0.21,8,0.63061,0.88618,12,26
test_203.png,0.52,19,0.63085,0.88704,7,26
test_203.png,1.04,37,0.63121,0.88794,3,26
test_203.png,2.08,75,0.63182,0.88913,0,26
test_203.png,5.21,188,0.63182,0.88913,0,26
test_203.png,10.42,375,0.63182,0.88913,0,26
test_204.png,0.0,0,0.62941,0.86589,58,32
test_204.png,0.21,8,0.62976,0.86873,16,32
test_204.png,0.52,19,0.62986,0.86918,9,32
test_204.png,1.04,37,0.63026,0.87016,5,32
test_204.png,2.08,75,0.63112,0.87261,1,32
test_204.png,5.21,188,0.63143,0.87332,0,32
test_204.png,10.42,375,0.63143,0.87332,0,32
test_205.png,0.0,0,0.78398,0.90581,26,29
test_205.png,0.21,8,0.78378,0.9056,8,29
test_205.png,0.52,19,0.78387,0.90604,7,29
test_205.png,1.04,37,0.78371,0.90576,6,29
test_205.png,2.08,75,0.78328,0.90522,5,29
test_205.png,5.21,188,0.78097,0.90293,3,27
test_205.png,10.42,375,0.77957,0.90116,2,27
test_206.png,0.0,0,0.78044,0.94279,39,27
test_206.png,0.21,8,0.78078,0.9447,11,27
test_206.png,0.52,19,0.78114,0.9455,6,27
test_206.png,1.04,37,0.78138,0.94627,3,27
test_206.png,2.08,75,0.78157,0.9468,0,27
test_206.png,5.21,188,0.78157,0.9468,0,27
test_206.png,10.42,375,0.78157,0.9468,0,27
test_207.png,0.0,0,0.57981,0.58623,118,118
test_207.png,0.21,8,0.57913,0.58492,34,118
test_207.png,0.52,19,0.57897,0.58584,19,118
test_207.png,1.04,37,0.57913,0.58619,16,118
test_207.png,2.08,75,0.57695,0.58371,7,118
test_207.png,5.21,188,0.57724,0.58475,5,118
test_207.png,10.42,375,0.57303,0.58007,3,115
test_208.png,0.0,0,0.77048,0.82976,57,54
test_208.png,0.21,8,0.77054,0.83208,18,54
test_208.png,0.52,19,0.77109,0.83566,9,54
test_208.png,1.04,37,0.77097,0.83623,5,54
test_208.png,2.08,75,0.772,0.83913,2,54
test_208.png,5.21,188,0.77362,0.84179,0,54
test_208.png,10.42,375,0.77362,0.84179,0,54
test_209.png,0.0,0,0.63708,0.59421,215,190
test_209.png,0.21,8,0.63756,0.59801,60,190
test_209.png,0.52,19,0.63792,0.59921,38,190
test_209.png,1.04,37,0.63885,0.60155,28,189
test_209.png,2.08,75,0.64079,0.60458,15,185
test_209.png,5.21,188,0.64602,0.61247,3,180
test_209.png,10.42,375,0.6474,0.61436,1,178
test_210.png,0.0,0,0.67199,0.86044,49,42
test_210.png,0.21,8,0.67222,0.86301,14,42
test_210.png,0.52,19,0.67244,0.86415,7,42
test_210.png,1.04,37,0.6729,0.86534,3,42
test_210.png,2.08,75,0.67306,0.86606,2,42
test_210.png,5.21,188,0.67352,0.86736,1,42
test_210.png,10.42,375,0.67352,0.86736,1,42
test_211.png,0.0,0,0.87229,0.94793,29,26
test_211.png,0.21,8,0.87213,0.94822,11,26
test_211.png,0.52,19,0.87202,0.94841,8,26
test_211.png,1.04,37,0.87224,0.95046,6,26
test_211.png,2.08,75,0.87224,0.95046,6,26
test_211.png,5.21,188,0.87224,0.95046,6,26
test_211.png,10.42,375,0.87085,0.94859,5,26
test_212.png,0.0,0,0.59313,0.80204,61,68
test_212.png,0.21,8,0.5934,0.80421,22,68
test_212.png,0.52,19,0.59378,0.80651,11,68
test_212.png,1.04,37,0.59461,0.80859,2,68
test_212.png,2.08,75,0.59475,0.80892,1,68
test_212.png,5.21,188,0.5951,0.8094,0,68
test_212.png,10.42,375,0.5951,0.8094,0,68
test_213.png,0.0,0,0.62915,0.64213,113,74
test_213.png,0.21,8,0.62847,0.64252,37,74
test_213.png,0.52,19,0.62817,0.64283,31,74
test_213.png,1.04,37,0.62817,0.64368,26,74
test_213.png,2.08,75,0.62887,0.64684,19,73
test_213.png,5.21,188,0.62638,0.64783,12,73
test_213.png,10.42,375,0.62277,0.64342,11,73
test_214.png,0.0,0,0.62829,0.82483,67,52
test_214.png,0.21,8,0.62859,0.82764,18,52
test_214.png,0.52,19,0.62891,0.82919,10,52
test_214.png,1.04,37,0.6295,0.83174,4,51
test_214.png,2.08,75,0.62973,0.83248,3,51
test_214.png,5.21,188,0.63082,0.8352,0,51
test_214.png,10.42,375,0.63082,0.8352,0,51
test_215.png,0.0,0,0.63505,0.83689,97,76
test_215.png,0.21,8,0.63563,0.84111,26,76
test_215.png,0.52,19,0.63607,0.84302,15,76
test_215.png,1.04,37,0.63664,0.84484,8,74
test_215.png,2.08,75,0.6374,0.84676,3,74
test_215.png,5.21,188,0.63862,0.84924,0,74
test_215.png,10.42,375,0.63862,0.84924,0,74
test_216.png,0.0,0,0.64446,0.69002,105,90
test_216.png,0.21,8,0.64494,0.69426,34,90
test_216.png,0.52,19,0.64526,0.69595,17,89
test_216.png,1.04,37,0.64601,0.69835,6,89
test_216.png,2.08,75,0.64621,0.69909,5,89
test_216.png,5.21,188,0.64725,0.70084,3,88
test_216.png,10.42,375,0.64427,0.69803,2,88
test_217.png,0.0,0,0.7479,0.9678,36,6
test_217.png,0.21,8,0.74815,0.96939,14,6
test_217.png,0.52,19,0.74875,0.97135,4,6
test_217.png,1.04,37,0.74901,0.97188,2,6
test_217.png,2.08,75,0.74927,0.97234,1,6
test_217.png,5.21,188,0.74971,0.97311,0,6
test_217.png,10.42,375,0.74971,0.97311,0,6
test_218.png,0.0,0,0.68355,0.70621,107,102
test_218.png,0.21,8,0.68246,0.70463,38,102
test_218.png,0.52,19,0.68181,0.70513,23,102
test_218.png,1.04,37,0.68231,0.70761,16,102
test_218.png,2.08,75,0.68216,0.70941,11,102
test_218.png,5.21,188,0.68183,0.71065,7,99
test_218.png,10.42,375,0.68072,0.71309,4,96
test_219.png,0.0,0,0.55354,0.4948,126,57
test_219.png,0.21,8,0.55327,0.49541,45,57
test_219.png,0.52,19,0.55301,0.49613,33,57
test_219.png,1.04,37,0.55367,0.49799,26,57
test_219.png,2.08,75,0.55482,0.49992,18,56
test_219.png,5.21,188,0.55612,0.50433,12,55
test_219.png,10.42,375,0.56196,0.51105,7,55
test_220.png,0.0,0,0.52965,0.45304,257,246
test_220.png,0.21,8,0.53041,0.45687,55,246
test_220.png,0.52,19,0.53038,0.45711,38,246
test_220.png,1.04,37,0.53078,0.4581,28,246
test_220.png,2.08,75,0.53178,0.45968,22,246
test_220.png,5.21,188,0.53431,0.45919,11,244
test_220.png,10.42,375,0.53558,0.46089,7,241
test_221.png,0.0,0,0.50816,0.54377,236,22
test_221.png,0.21,8,0.50708,0.54436,103,22
test_221.png,0.52,19,0.50668,0.54509,75,22
test_221.png,1.04,37,0.50619,0.5458,60,21
test_221.png,2.08,75,0.50427,0.54603,46,20
test_221.png,5.21,188,0.49952,0.54326,32,17
test_221.png,10.42,375,0.48475,0.53067,20,15
test_222.png,0.0,0,0.51857,0.49826,104,73
test_222.png,0.21,8,0.51864,0.50031,43,73
test_222.png,0.52,19,0.51942,0.50281,32,73
test_222.png,1.04,37,0.51904,0.50312,26,73
test_222.png,2.08,75,0.51968,0.50464,24,73
test_222.png,5.21,188,0.52299,0.51028,18,72
test_222.png,10.42,375,0.52956,0.52089,14,70
test_223.png,0.0,0,0.7906,0.77855,41,13
test_223.png,0.21,8,0.79076,0.78146,23,13
test_223.png,0.52,19,0.79077,0.78211,19,13
test_223.png,1.04,37,0.7907,0.78477,12,13
test_223.png,2.08,75,0.79216,0.78999,8,13
test_223.png,5.21,188,0.79141,0.79181,6,13
test_223.png,10.42,375,0.79278,0.79883,5,13
test_224.png,0.0,0,0.79711,0.81574,59,18
test_224.png,0.21,8,0.79734,0.81965,30,18
test_224.png,0.52,19,0.79806,0.82407,21,18
test_224.png,1.04,37,0.79866,0.82777,17,18
test_224.png,2.08,75,0.79898,0.82975,14,18
test_224.png,5.21,188,0.80207,0.8421,6,18
test_224.png,10.42,375,0.80041,0.8426,3,18
test_225.png,0.0,0,0.23267,0.18936,193,141
test_225.png,0.21,8,0.23278,0.19052,59,141
test_225.png,0.52,19,0.23283,0.18995,49,141
test_225.png,1.04,37,0.23313,0.1906,41,141
test_225.png,2.08,75,0.23369,0.19181,28,141
test_225.png,5.21,188,0.23506,0.19398,18,139
test_225.png,10.42,375,0.23648,0.19583,14,137
test_226.png,0.0,0,0.2848,0.23436,121,65
test_226.png,0.21,8,0.28449,0.23455,59,65
test_226.png,0.52,19,0.28413,0.23469,44,65
test_226.png,1.04,37,0.28388,0.235,37,65
test_226.png,2.08,75,0.28353,0.23546,31,65
test_226.png,5.21,188,0.28346,0.23662,25,63
test_226.png,10.42,375,0.27591,0.22552,18,60
test_227.png,0.0,0,0.72672,0.79956,17,28
test_227.png,0.21,8,0.72662,0.79974,6,28
test_227.png,0.52,19,0.72662,0.79974,6,28
test_227.png,1.04,37,0.72679,0.80022,5,28
test_227.png,2.08,75,0.72602,0.79883,4,28
test_227.png,5.21,188,0.7248,0.79929,2,27
test_227.png,10.42,375,0.7248,0.79929,2,27
test_228.png,0.0,0,0.75367,0.7741,37,9
test_228.png,0.21,8,0.75377,0.77559,19,9
test_228.png,0.52,19,0.75395,0.77693,14,9
test_228.png,1.04,37,0.75433,0.77835,12,9
test_228.png,2.08,75,0.75489,0.77985,10,9
test_228.png,5.21,188,0.75522,0.78041,8,9
test_228.png,10.42,375,0.75705,0.78467,5,9
test_229.png,0.0,0,0.81375,0.87651,40,5
test_229.png,0.21,8,0.81383,0.8787,20,5
test_229.png,0.52,19,0.81402,0.88018,16,5
test_229.png,1.04,37,0.81489,0.88519,12,5
test_229.png,2.08,75,0.81648,0.89479,8,5
test_229.png,5.21,188,0.81928,0.90719,4,4
test_229.png,10.42,375,0.82114,0.91463,3,2
test_230.png,0.0,0,0.15206,0.12401,186,61
test_230.png,0.21,8,0.15174,0.12397,85,61
test_230.png,0.52,19,0.15084,0.12284,64,61
test_230.png,1.04,37,0.1502,0.12252,57,61
test_230.png,2.08,75,0.14837,0.11996,48,61
test_230.png,5.21,188,0.14608,0.12037,32,56
test_230.png,10.42,375,0.13325,0.10878,20,51
test_231.png,0.0,0,0.74463,0.78806,16,74
test_231.png,0.21,8,0.7447,0.78879,1,74
test_231.png,0.52,19,0.74462,0.78869,0,74
test_231.png,1.04,37,0.74462,0.78869,0,74
test_231.png,2.08,75,0.74462,0.78869,0,74
test_231.png,5.21,188,0.74462,0.78869,0,74
test_231.png,10.42,375,0.74462,0.78869,0,74
test_232.png,0.0,0,0.5536,0.59297,56,44
test_232.png,0.21,8,0.553,0.59177,19,44
test_232.png,0.52,19,0.55245,0.59054,14,44
test_232.png,1.04,37,0.55217,0.59028,12,44
test_232.png,2.08,75,0.55011,0.58719,8,44
test_232.png,5.21,188,0.55036,0.58795,6,44
test_232.png,10.42,375,0.54866,0.5772,4,44
test_233.png,0.0,0,0.79747,0.75255,80,62
test_233.png,0.21,8,0.79772,0.75663,24,62
test_233.png,0.52,19,0.79793,0.75795,21,62
test_233.png,1.04,37,0.7982,0.75993,17,61
test_233.png,2.08,75,0.79865,0.76134,16,61
test_233.png,5.21,188,0.7984,0.7658,12,60
test_233.png,10.42,375,0.80149,0.77213,10,58
test_234.png,0.0,0,0.65121,0.59843,90,42
test_234.png,0.21,8,0.65101,0.59991,38,42
test_234.png,0.52,19,0.65114,0.60145,25,42
test_234.png,1.04,37,0.65251,0.6054,16,42
test_234.png,2.08,75,0.65223,0.60584,14,42
test_234.png,5.21,188,0.65171,0.61032,8,42
test_234.png,10.42,375,0.65408,0.61427,7,42
test_235.png,0.0,0,0.63896,0.84554,24,1
test_235.png,0.21,8,0.63919,0.84783,4,1
test_235.png,0.52,19,0.63936,0.84922,1,1
test_235.png,1.04,37,0.63955,0.85025,0,1
test_235.png,2.08,75,0.63955,0.85025,0,1
test_235.png,5.21,188,0.63955,0.85025,0,1
test_235.png,10.42,375,0.63955,0.85025,0,1
test_236.png,0.0,0,0.52246,0.52162,98,93
test_236.png,0.21,8,0.52166,0.52116,39,93
test_236.png,0.52,19,0.52032,0.51874,25,93
test_236.png,1.04,37,0.52021,0.51919,18,93
test_236.png,2.08,75,0.51877,0.51962,12,93
test_236.png,5.21,188,0.51765,0.51927,11,93
test_236.png,10.42,375,0.50936,0.51859,7,92
test_237.png,0.0,0,0.82312,0.87572,40,68
test_237.png,0.21,8,0.82336,0.87863,7,68
test_237.png,0.52,19,0.82345,0.87935,2,68
test_237.png,1.04,37,0.82345,0.87935,2,68
test_237.png,2.08,75,0.8237,0.87993,1,68
test_237.png,5.21,188,0.82434,0.88267,0,68
test_237.png,10.42,375,0.82434,0.88267,0,68
test_238.png,0.0,0,0.70767,0.7396,61,32
test_238.png,0.21,8,0.7075,0.74148,25,32
test_238.png,0.52,19,0.70804,0.74393,17,32
test_238.png,1.04,37,0.70841,0.74511,15,32
test_238.png,2.08,75,0.7089,0.74849,9,31
test_238.png,5.21,188,0.70973,0.75266,7,30
test_238.png,10.42,375,0.71763,0.76436,4,29
test_239.png,0.0,0,0.28882,0.29753,144,148
test_239.png,0.21,8,0.28843,0.297,45,148
test_239.png,0.52,19,0.2884,0.297,33,148
test_239.png,1.04,37,0.28841,0.29695,26,148
test_239.png,2.08,75,0.28894,0.2982,22,148
test_239.png,5.21,188,0.28905,0.301,13,146
test_239.png,10.42,375,0.29137,0.30643,8,143
test_240.png,0.0,0,0.43454,0.35019,172,96
test_240.png,0.21,8,0.4342,0.34987,66,96
test_240.png,0.52,19,0.43427,0.34996,47,96
test_240.png,1.04,37,0.4344,0.35079,37,96
test_240.png,2.08,75,0.4349,0.35241,29,94
test_240.png,5.21,188,0.4353,0.35422,22,92
test_240.png,10.42,375,0.43023,0.34992,13,91
test_241.png,0.0,0,0.61907,0.63916,87,65
test_241.png,0.21,8,0.61904,0.64081,33,65
test_241.png,0.52,19,0.61918,0.64149,27,65
test_241.png,1.04,37,0.61963,0.64304,23,65
test_241.png,2.08,75,0.62088,0.64649,18,64
test_241.png,5.21,188,0.62212,0.64684,13,63
test_241.png,10.42,375,0.61673,0.6456,7,50
test_242.png,0.0,0,0.71206,0.75922,132,37
test_242.png,0.21,8,0.71197,0.76125,53,37
test_242.png,0.52,19,0.71185,0.76175,40,37
test_242.png,1.04,37,0.71167,0.7619,36,37
test_242.png,2.08,75,0.71185,0.76434,25,37
test_242.png,5.21,188,0.7104,0.76387,17,36
test_242.png,10.42,375,0.70706,0.7621,10,34
test_243.png,0.0,0,0.88528,0.98131,7,8
test_243.png,0.21,8,0.88532,0.98171,3,8
test_243.png,0.52,19,0.88539,0.98193,2,8
test_243.png,1.04,37,0.88553,0.98245,1,8
test_243.png,2.08,75,0.88553,0.98245,1,8
test_243.png,5.21,188,0.88599,0.98406,0,8
test_243.png,10.42,375,0.88599,0.98406,0,8
test_244.png,0.0,0,0.59141,0.54314,101,31
test_244.png,0.21,8,0.59156,0.54639,46,31
test_244.png,0.52,19,0.59148,0.54659,43,31
test_244.png,1.04,37,0.59142,0.5481,36,31
test_244.png,2.08,75,0.59282,0.55324,26,31
test_244.png,5.21,188,0.59351,0.55768,19,29
test_244.png,10.42,375,0.5961,0.56481,13,28
test_245.png,0.0,0,0.70131,0.6905,71,25
test_245.png,0.21,8,0.70127,0.69248,37,25
test_245.png,0.52,19,0.70081,0.6921,31,25
test_245.png,1.04,37,0.70045,0.69415,27,25
test_245.png,2.08,75,0.69891,0.69531,21,25
test_245.png,5.21,188,0.70083,0.70245,15,24
test_245.png,10.42,375,0.70316,0.70795,13,24
test_246.png,0.0,0,0.15232,0.11134,218,217
test_246.png,0.21,8,0.15232,0.11117,64,217
test_246.png,0.52,19,0.15242,0.11134,36,217
test_246.png,1.04,37,0.15254,0.11163,31,217
test_246.png,2.08,75,0.15312,0.11293,19,216
test_246.png,5.21,188,0.15357,0.11352,15,213
test_246.png,10.42,375,0.1534,0.11319,9,207
test_247.png,0.0,0,0.71156,0.71883,52,18
test_247.png,0.21,8,0.71139,0.72062,27,18
test_247.png,0.52,19,0.71187,0.72387,19,18
test_247.png,1.04,37,0.71209,0.72464,18,18
test_247.png,2.08,75,0.71149,0.72377,16,17
test_247.png,5.21,188,0.71216,0.72576,15,16
test_247.png,10.42,375,0.7142,0.7325,13,16
test_248.png,0.0,0,0.90714,0.9721,16,29
test_248.png,0.21,8,0.90723,0.9733,4,29
test_248.png,0.52,19,0.90716,0.97416,1,29
test_248.png,1.04,37,0.90716,0.97416,1,29
test_248.png,2.08,75,0.9069,0.97413,0,29
test_248.png,5.21,188,0.9069,0.97413,0,29
test_248.png,10.42,375,0.9069,0.97413,0,29
test_249.png,0.0,0,0.87264,0.89226,35,30
test_249.png,0.21,8,0.87285,0.89473,13,30
test_249.png,0.52,19,0.87283,0.89433,9,30
test_249.png,1.04,37,0.87298,0.89499,8,30
test_249.png,2.08,75,0.8742,0.8989,5,30
test_249.png,5.21,188,0.87558,0.90313,3,30
test_249.png,10.42,375,0.87671,0.90409,1,30
test_250.png,0.0,0,0.88007,0.88976,27,31
test_250.png,0.21,8,0.88033,0.89331,11,31
test_250.png,0.52,19,0.88059,0.89523,8,31
test_250.png,1.04,37,0.88114,0.89764,5,31
test_250.png,2.08,75,0.88143,0.89849,4,31
test_250.png,5.21,188,0.88231,0.90031,3,30
test_250.png,10.42,375,0.88455,0.90904,2,29
test_251.png,0.0,0,0.36398,0.41767,164,93
test_251.png,0.21,8,0.36423,0.4205,41,93
test_251.png,0.52,19,0.36456,0.4217,26,93
test_251.png,1.04,37,0.36444,0.42198,18,93
test_251.png,2.08,75,0.3644,0.42208,14,93
test_251.png,5.21,188,0.36583,0.42467,10,93
test_251.png,10.42,375,0.3643,0.42401,5,93
test_252.png,0.0,0,0.375,0.46063,107,39
test_252.png,0.21,8,0.37461,0.46143,44,39
test_252.png,0.52,19,0.3742,0.46106,37,39
test_252.png,1.04,37,0.37327,0.45923,32,39
test_252.png,2.08,75,0.37218,0.45895,23,39
test_252.png,5.21,188,0.36857,0.4533,18,39
test_252.png,10.42,375,0.36755,0.4509,14,39
test_253.png,0.0,0,0.83221,0.88475,37,40
test_253.png,0.21,8,0.8325,0.8875,9,40
test_253.png,0.52,19,0.83269,0.88914,6,39
test_253.png,1.04,37,0.83295,0.89103,4,38
test_253.png,2.08,75,0.83295,0.89103,4,38
test_253.png,5.21,188,0.83441,0.89433,2,38
test_253.png,10.42,375,0.83749,0.89933,0,38
test_254.png,0.0,0,0.75085,0.74395,60,84
test_254.png,0.21,8,0.75099,0.74625,22,84
test_254.png,0.52,19,0.7513,0.74773,16,84
test_254.png,1.04,37,0.75163,0.74892,13,84
test_254.png,2.08,75,0.75228,0.75198,10,83
test_254.png,5.21,188,0.75354,0.75519,5,81
test_254.png,10.42,375,0.75828,0.76397,2,78
test_255.png,0.0,0,0.16351,0.14565,217,75
test_255.png,0.21,8,0.16243,0.14366,104,75
test_255.png,0.52,19,0.1616,0.14261,82,75
test_255.png,1.04,37,0.16117,0.14191,71,75
test_255.png,2.08,75,0.15838,0.14087,58,74
test_255.png,5.21,188,0.15139,0.13758,34,71
test_255.png,10.42,375,0.13885,0.13192,24,69
test_256.png,0.0,0,0.67142,0.65692,67,65
test_256.png,0.21,8,0.67063,0.65638,27,65
test_256.png,0.52,19,0.6703,0.65623,24,65
test_256.png,1.04,37,0.66949,0.65325,16,65
test_256.png,2.08,75,0.66919,0.65373,14,65
test_256.png,5.21,188,0.66691,0.65452,10,64
test_256.png,10.42,375,0.65972,0.63873,6,62
test_257.png,0.0,0,0.71188,0.70106,89,88
test_257.png,0.21,8,0.71229,0.70489,27,88
test_257.png,0.52,19,0.71273,0.70677,20,88
test_257.png,1.04,37,0.71296,0.70752,16,88
test_257.png,2.08,75,0.71373,0.71023,11,88
test_257.png,5.21,188,0.71396,0.71109,8,87
test_257.png,10.42,375,0.72007,0.72254,4,80
test_258.png,0.0,0,0.66941,0.68667,88,40
test_258.png,0.21,8,0.6695,0.68907,31,40
test_258.png,0.52,19,0.66975,0.69041,24,40
test_258.png,1.04,37,0.66997,0.69141,19,38
test_258.png,2.08,75,0.67038,0.69269,17,38
test_258.png,5.21,188,0.67146,0.69529,13,38
test_258.png,10.42,375,0.6756,0.70195,10,38
test_259.png,0.0,0,0.35815,0.35926,133,103
test_259.png,0.21,8,0.35783,0.35922,54,103
test_259.png,0.52,19,0.35745,0.35867,41,103
test_259.png,1.04,37,0.35775,0.3588,26,103
test_259.png,2.08,75,0.35661,0.35661,18,103
test_259.png,5.21,188,0.35624,0.3557,15,101
test_259.png,10.42,375,0.35931,0.35968,11,100
test_260.png,0.0,0,0.21044,0.20647,227,129
test_260.png,0.21,8,0.20973,0.20537,84,129
test_260.png,0.52,19,0.20911,0.20277,65,129
test_260.png,1.04,37,0.20875,0.19927,54,129
test_260.png,2.08,75,0.20734,0.19546,44,128
test_260.png,5.21,188,0.20529,0.19738,27,123
test_260.png,10.42,375,0.20015,0.19375,20,115
test_261.png,0.0,0,0.84941,0.92828,28,24
test_261.png,0.21,8,0.84957,0.93035,6,24
test_261.png,0.52,19,0.84963,0.9306,5,24
test_261.png,1.04,37,0.8499,0.93183,3,24
test_261.png,2.08,75,0.85008,0.93233,2,24
test_261.png,5.21,188,0.85054,0.93443,1,24
test_261.png,10.42,375,0.84915,0.93367,0,24
test_262.png,0.0,0,0.68626,0.72599,103,17
test_262.png,0.21,8,0.68589,0.72721,49,17
test_262.png,0.52,19,0.68565,0.72788,39,17
test_262.png,1.04,37,0.68561,0.72879,35,17
test_262.png,2.08,75,0.68517,0.73122,29,17
test_262.png,5.21,188,0.67777,0.72624,16,12
test_262.png,10.42,375,0.67099,0.71896,12,11
test_263.png,0.0,0,0.80352,0.92035,18,43
test_263.png,0.21,8,0.80368,0.92167,5,43
test_263.png,0.52,19,0.80376,0.92213,3,43
test_263.png,1.04,37,0.80377,0.92233,1,43
test_263.png,2.08,75,0.80405,0.92309,0,43
test_263.png,5.21,188,0.80405,0.92309,0,43
test_263.png,10.42,375,0.80405,0.92309,0,43
test_264.png,0.0,0,0.33954,0.37956,191,46
test_264.png,0.21,8,0.33885,0.37861,86,46
test_264.png,0.52,19,0.3369,0.3765,59,46
test_264.png,1.04,37,0.33462,0.36975,42,45
test_264.png,2.08,75,0.33298,0.36763,38,44
test_264.png,5.21,188,0.33049,0.36547,28,42
test_264.png,10.42,375,0.33163,0.37083,22,40
test_265.png,0.0,0,0.30989,0.33638,144,90
test_265.png,0.21,8,0.31027,0.33932,58,90
test_265.png,0.52,19,0.31038,0.34089,40,89
test_265.png,1.04,37,0.31045,0.34138,35,89
test_265.png,2.08,75,0.31056,0.34252,24,89
test_265.png,5.21,188,0.31281,0.34663,17,88
test_265.png,10.42,375,0.31107,0.34432,12,88
test_266.png,0.0,0,0.44715,0.54446,134,46
test_266.png,0.21,8,0.44689,0.54569,48,46
test_266.png,0.52,19,0.4471,0.54769,32,46
test_266.png,1.04,37,0.44697,0.54782,27,46
test_266.png,2.08,75,0.44742,0.54927,19,45
test_266.png,5.21,188,0.44711,0.54862,11,45
test_266.png,10.42,375,0.44127,0.54074,4,42
test_267.png,0.0,0,0.71397,0.71048,54,14
test_267.png,0.21,8,0.71409,0.71323,22,14
test_267.png,0.52,19,0.71419,0.71485,19,13
test_267.png,1.04,37,0.71561,0.72211,13,13
test_267.png,2.08,75,0.71663,0.72685,11,13
test_267.png,5.21,188,0.71852,0.73367,9,13
test_267.png,10.42,375,0.71801,0.74534,6,11
test_268.png,0.0,0,0.82771,0.85602,50,42
test_268.png,0.21,8,0.82757,0.85774,23,42
test_268.png,0.52,19,0.8278,0.85983,16,42
test_268.png,1.04,37,0.82779,0.86258,11,41
test_268.png,2.08,75,0.82898,0.86695,8,41
test_268.png,5.21,188,0.83123,0.87374,5,41
test_268.png,10.42,375,0.83123,0.87374,5,41
test_269.png,0.0,0,0.86002,0.84108,29,40
test_269.png,0.21,8,0.86013,0.84305,13,40
test_269.png,0.52,19,0.86038,0.84517,10,40
test_269.png,1.04,37,0.8603,0.845,9,40
test_269.png,2.08,75,0.86079,0.84682,8,40
test_269.png,5.21,188,0.86312,0.85172,6,40
test_269.png,10.42,375,0.86598,0.85772,4,40
test_270.png,0.0,0,0.3544,0.39378,169,107
test_270.png,0.21,8,0.35433,0.39485,65,107
test_270.png,0.52,19,0.35452,0.39504,45,107
test_270.png,1.04,37,0.35437,0.39571,33,105
test_270.png,2.08,75,0.35421,0.396,21,104
test_270.png,5.21,188,0.35533,0.39901,16,103
test_270.png,10.42,375,0.35501,0.40089,10,98
test_271.png,0.0,0,0.65845,0.75964,52,27
test_271.png,0.21,8,0.6589,0.76333,24,27
test_271.png,0.52,19,0.65946,0.76682,17,27
test_271.png,1.04,37,0.65946,0.76682,17,27
test_271.png,2.08,75,0.66061,0.77113,14,26
test_271.png,5.21,188,0.66383,0.78111,9,26
test_271.png,10.42,375,0.66622,0.78797,8,26
test_272.png,0.0,0,0.62443,0.67287,68,22
test_272.png,0.21,8,0.62417,0.67386,33,22
test_272.png,0.52,19,0.62449,0.67695,27,22
test_272.png,1.04,37,0.62483,0.67955,20,22
test_272.png,2.08,75,0.6252,0.68062,16,20
test_272.png,5.21,188,0.62438,0.68255,12,20
test_272.png,10.42,375,0.61204,0.67224,7,18
test_273.png,0.0,0,0.35447,0.26136,131,121
test_273.png,0.21,8,0.3546,0.26219,43,121
test_273.png,0.52,19,0.35489,0.26279,36,121
test_273.png,1.04,37,0.35561,0.26397,28,120
test_273.png,2.08,75,0.35602,0.26487,25,119
test_273.png,5.21,188,0.35747,0.26653,21,116
test_273.png,10.42,375,0.35823,0.26645,17,110
test_274.png,0.0,0,0.70726,0.69383,42,60
test_274.png,0.21,8,0.70749,0.69643,14,60
test_274.png,0.52,19,0.70767,0.69715,9,60
test_274.png,1.04,37,0.70856,0.69954,4,59
test_274.png,2.08,75,0.70856,0.69954,4,59
test_274.png,5.21,188,0.70856,0.69954,4,59
test_274.png,10.42,375,0.71228,0.70617,2,59
test_275.png,0.0,0,0.75359,0.91941,15,41
test_275.png,0.21,8,0.75362,0.91981,3,41
test_275.png,0.52,19,0.75373,0.92043,1,41
test_275.png,1.04,37,0.75373,0.92043,1,41
test_275.png,2.08,75,0.75373,0.92043,1,41
test_275.png,5.21,188,0.75449,0.92233,0,41
test_275.png,10.42,375,0.75449,0.92233,0,41
test_276.png,0.0,0,0.44769,0.43268,158,70
test_276.png,0.21,8,0.44817,0.43648,59,70
test_276.png,0.52,19,0.44826,0.43732,43,70
test_276.png,1.04,37,0.44894,0.4391,36,70
test_276.png,2.08,75,0.45021,0.44322,26,69
test_276.png,5.21,188,0.45284,0.44714,17,68
test_276.png,10.42,375,0.45383,0.45327,11,63
test_277.png,0.0,0,0.12825,0.11356,181,125
test_277.png,0.21,8,0.12795,0.11323,67,125
test_277.png,0.52,19,0.12734,0.11146,47,125
test_277.png,1.04,37,0.12713,0.11141,40,125
test_277.png,2.08,75,0.12767,0.11235,32,125
test_277.png,5.21,188,0.12969,0.11497,22,122
test_277.png,10.42,375,0.1242,0.1078,16,117
test_278.png,0.0,0,0.68557,0.7398,61,55
test_278.png,0.21,8,0.68572,0.74223,15,55
test_278.png,0.52,19,0.68581,0.74273,8,55
test_278.png,1.04,37,0.68581,0.74318,6,55
test_278.png,2.08,75,0.68626,0.74532,3,54
test_278.png,5.21,188,0.68654,0.74658,2,54
test_278.png,10.42,375,0.68654,0.74658,2,54
test_279.png,0.0,0,0.50504,0.56379,99,58
test_279.png,0.21,8,0.50522,0.56651,44,58
test_279.png,0.52,19,0.50528,0.5683,33,58
test_279.png,1.04,37,0.50552,0.56955,31,58
test_279.png,2.08,75,0.50532,0.5715,22,58
test_279.png,5.21,188,0.50714,0.57892,15,57
test_279.png,10.42,375,0.50185,0.57034,9,54
test_280.png,0.0,0,0.71267,0.66626,118,37
test_280.png,0.21,8,0.7135,0.67354,47,37
test_280.png,0.52,19,0.71443,0.68186,31,37
test_280.png,1.04,37,0.71605,0.69278,18,36
test_280.png,2.08,75,0.71772,0.70389,12,36
test_280.png,5.21,188,0.72284,0.7386,4,36
test_280.png,10.42,375,0.72522,0.75069,2,36
test_281.png,0.0,0,0.48591,0.46958,163,127
test_281.png,0.21,8,0.48629,0.47186,53,127
test_281.png,0.52,19,0.48629,0.47317,38,127
test_281.png,1.04,37,0.48718,0.47604,25,127
test_281.png,2.08,75,0.48856,0.47973,18,127
test_281.png,5.21,188,0.49582,0.49303,5,122
test_281.png,10.42,375,0.49797,0.49554,3,122
test_282.png,0.0,0,0.56659,0.84918,19,56
test_282.png,0.21,8,0.56675,0.85061,1,56
test_282.png,0.52,19,0.56679,0.8508,2,56
test_282.png,1.04,37,0.56679,0.8508,2,56
test_282.png,2.08,75,0.56679,0.8508,2,56
test_282.png,5.21,188,0.56679,0.8508,2,56
test_282.png,10.42,375,0.56679,0.8508,2,56
test_283.png,0.0,0,0.81689,0.83897,32,38
test_283.png,0.21,8,0.81719,0.84161,5,38
test_283.png,0.52,19,0.81736,0.84273,3,38
test_283.png,1.04,37,0.81746,0.84342,2,38
test_283.png,2.08,75,0.81746,0.84342,2,38
test_283.png,5.21,188,0.81822,0.84551,1,38
test_283.png,10.42,375,0.81943,0.84837,0,38
test_284.png,0.0,0,0.38698,0.42082,35,33
test_284.png,0.21,8,0.3873,0.42482,13,33
test_284.png,0.52,19,0.38753,0.42605,10,33
test_284.png,1.04,37,0.3881,0.43007,6,33
test_284.png,2.08,75,0.38868,0.43499,4,32
test_284.png,5.21,188,0.38868,0.43499,4,32
test_284.png,10.42,375,0.394,0.46366,1,30
test_285.png,0.0,0,0.22189,0.13759,145,60
test_285.png,0.21,8,0.22102,0.1369,53,60
test_285.png,0.52,19,0.21997,0.12995,36,60
test_285.png,1.04,37,0.21721,0.12464,29,60
test_285.png,2.08,75,0.21698,0.12494,23,60
test_285.png,5.21,188,0.21139,0.12442,16,58
test_285.png,10.42,375,0.20754,0.12453,13,58
test_286.png,0.0,0,0.54379,0.57771,79,51
test_286.png,0.21,8,0.54435,0.58366,21,51
test_286.png,0.52,19,0.54439,0.58379,20,51
test_286.png,1.04,37,0.54502,0.58771,16,50
test_286.png,2.08,75,0.54628,0.59249,12,50
test_286.png,5.21,188,0.54832,0.6011,8,50
test_286.png,10.42,375,0.55632,0.61903,3,47
test_287.png,0.0,0,0.67755,0.92212,17,42
test_287.png,0.21,8,0.6776,0.92251,12,42
test_287.png,0.52,19,0.67772,0.92307,10,42
test_287.png,1.04,37,0.67799,0.92411,8,42
test_287.png,2.08,75,0.6785,0.92623,6,42
test_287.png,5.21,188,0.68068,0.93063,1,41
test_287.png,10.42,375,0.68068,0.93063,1,41
test_288.png,0.0,0,0.32483,0.35006,118,53
test_288.png,0.21,8,0.32472,0.35092,51,53
test_288.png,0.52,19,0.32439,0.35159,38,53
test_288.png,1.04,37,0.32432,0.35305,27,53
test_288.png,2.08,75,0.32299,0.35354,21,53
test_288.png,5.21,188,0.32436,0.35697,15,53
test_288.png,10.42,375,0.31557,0.35059,9,52
test_289.png,0.0,0,0.30309,0.35458,53,103
test_289.png,0.21,8,0.30315,0.35596,17,103
test_289.png,0.52,19,0.30335,0.35721,11,103
test_289.png,1.04,37,0.30341,0.35751,10,103
test_289.png,2.08,75,0.30424,0.36077,5,100
test_289.png,5.21,188,0.30424,0.36077,5,100
test_289.png,10.42,375,0.30381,0.35892,3,100
test_290.png,0.0,0,0.00451,0.00349,111,36
test_290.png,0.21,8,0.00449,0.00349,47,36
test_290.png,0.52,19,0.00384,0.00313,37,36
test_290.png,1.04,37,0.00364,0.00315,28,36
test_290.png,2.08,75,0.00254,0.0028,17,31
test_290.png,5.21,188,0.00082,0.0,6,27
test_290.png,10.42,375,0.00082,0.0,5,27
test_291.png,0.0,0,0.49005,0.51606,38,15
test_291.png,0.21,8,0.49061,0.52065,17,15
test_291.png,0.52,19,0.4914,0.52694,10,15
test_291.png,1.04,37,0.49161,0.52816,9,15
test_291.png,2.08,75,0.49309,0.53578,6,14
test_291.png,5.21,188,0.4954,0.54105,4,14
test_291.png,10.42,375,0.4954,0.54105,4,14
test_292.png,0.0,0,0.56089,0.66689,48,29
test_292.png,0.21,8,0.561,0.66861,13,29
test_292.png,0.52,19,0.56107,0.67038,5,29
test_292.png,1.04,37,0.56119,0.67156,4,29
test_292.png,2.08,75,0.56147,0.67223,3,29
test_292.png,5.21,188,0.56185,0.67464,1,28
test_292.png,10.42,375,0.56185,0.67464,1,28
test_293.png,0.0,0,0.78061,0.87312,48,28
test_293.png,0.21,8,0.78108,0.87833,11,28
test_293.png,0.52,19,0.78122,0.87971,6,28
test_293.png,1.04,37,0.78194,0.88312,2,28
test_293.png,2.08,75,0.78194,0.88312,2,28
test_293.png,5.21,188,0.78243,0.88448,1,28
test_293.png,10.42,375,0.7839,0.88874,0,28
test_294.png,0.0,0,0.8039,0.95895,8,38
test_294.png,0.21,8,0.804,0.95947,2,38
test_294.png,0.52,19,0.80414,0.96012,4,38
test_294.png,1.04,37,0.80438,0.96124,6,38
test_294.png,2.08,75,0.80438,0.96124,6,38
test_294.png,5.21,188,0.80493,0.96141,7,38
test_294.png,10.42,375,0.80634,0.96211,8,38
test_295.png,0.0,0,0.61222,0.58223,35,86
test_295.png,0.21,8,0.61195,0.58175,11,86
test_295.png,0.52,19,0.6121,0.58271,8,86
test_295.png,1.04,37,0.61246,0.5843,5,86
test_295.png,2.08,75,0.61266,0.58466,4,86
test_295.png,5.21,188,0.61188,0.584,3,86
test_295.png,10.42,375,0.61188,0.584,3,86
test_296.png,0.0,0,0.33303,0.32258,249,152
test_296.png,0.21,8,0.33246,0.32222,80,152
test_296.png,0.52,19,0.33174,0.32162,63,151
test_296.png,1.04,37,0.33209,0.3226,50,148
test_296.png,2.08,75,0.33382,0.32658,37,148
test_296.png,5.21,188,0.33169,0.32608,28,146
test_296.png,10.42,375,0.33188,0.32641,22,142
test_297.png,0.0,0,0.62008,0.76757,45,45
test_297.png,0.21,8,0.62033,0.76966,17,45
test_297.png,0.52,19,0.62057,0.77078,12,45
test_297.png,1.04,37,0.62081,0.7719,10,45
test_297.png,2.08,75,0.62081,0.7719,10,45
test_297.png,5.21,188,0.62155,0.7739,9,45
test_297.png,10.42,375,0.623,0.77759,8,45
test_298.png,0.0,0,0.2895,0.25793,95,137
test_298.png,0.21,8,0.2898,0.25992,35,137
test_298.png,0.52,19,0.29009,0.26129,25,137
test_298.png,1.04,37,0.29062,0.26268,17,137
test_298.png,2.08,75,0.29138,0.26503,11,137
test_298.png,5.21,188,0.29255,0.26749,7,136
test_298.png,10.42,375,0.29255,0.26749,7,136
test_299.png,0.0,0,0.63794,0.68846,42,55
test_299.png,0.21,8,0.63819,0.6912,14,55
test_299.png,0.52,19,0.6385,0.69457,6,55
test_299.png,1.04,37,0.63878,0.69644,4,55
test_299.png,2.08,75,0.63961,0.70004,1,55
test_299.png,5.21,188,0.64017,0.70172,0,55
test_299.png,10.42,375,0.64227,0.70704,2,54
test_300.png,0.0,0,0.54009,0.46242,89,107
test_300.png,0.21,8,0.54062,0.46694,20,107
test_300.png,0.52,19,0.54097,0.46869,14,107
test_300.png,1.04,37,0.54132,0.4696,11,107
test_300.png,2.08,75,0.54191,0.47135,7,107
test_300.png,5.21,188,0.54191,0.47135,7,107
test_300.png,10.42,375,0.54299,0.47456,6,107
test_301.png,0.0,0,0.58521,0.72388,7,71
test_301.png,0.21,8,0.58523,0.72416,1,71
test_301.png,0.52,19,0.58523,0.72416,1,71
test_301.png,1.04,37,0.58501,0.72367,0,71
test_301.png,2.08,75,0.58501,0.72367,0,71
test_301.png,5.21,188,0.58501,0.72367,0,71
test_301.png,10.42,375,0.58501,0.72367,0,71
test_302.png,0.0,0,0.67506,0.64198,42,64
test_302.png,0.21,8,0.67525,0.64367,17,64
test_302.png,0.52,19,0.67578,0.6466,11,64
test_302.png,1.04,37,0.67632,0.64913,8,64
test_302.png,2.08,75,0.677,0.65134,6,64
test_302.png,5.21,188,0.67821,0.65357,4,64
test_302.png,10.42,375,0.67949,0.65504,3,64
test_303.png,0.0,0,0.5703,0.47471,167,23
test_303.png,0.21,8,0.57188,0.4877,66,23
test_303.png,0.52,19,0.57455,0.5082,34,23
test_303.png,1.04,37,0.57657,0.52187,22,23
test_303.png,2.08,75,0.57893,0.53746,15,23
test_303.png,5.21,188,0.58282,0.55542,10,22
test_303.png,10.42,375,0.58841,0.58146,7,22
test_304.png,0.0,0,0.5781,0.70999,17,49
test_304.png,0.21,8,0.57811,0.71083,3,49
test_304.png,0.52,19,0.57814,0.71123,2,49
test_304.png,1.04,37,0.57828,0.71195,1,49
test_304.png,2.08,75,0.57828,0.71195,1,49
test_304.png,5.21,188,0.57865,0.7138,0,48
test_304.png,10.42,375,0.57865,0.7138,0,48
test_305.png,0.0,0,0.40781,0.39434,127,135
test_305.png,0.21,8,0.40769,0.39465,51,135
test_305.png,0.52,19,0.40805,0.39622,37,135
test_305.png,1.04,37,0.40788,0.39659,27,135
test_305.png,2.08,75,0.40957,0.40024,15,135
test_305.png,5.21,188,0.41173,0.40326,10,135
test_305.png,10.42,375,0.41763,0.41157,4,134
test_306.png,0.0,0,0.82074,0.82536,81,14
test_306.png,0.21,8,0.82185,0.83527,38,14
test_306.png,0.52,19,0.82357,0.84431,24,13
test_306.png,1.04,37,0.82583,0.85544,16,13
test_306.png,2.08,75,0.8286,0.86621,11,13
test_306.png,5.21,188,0.83518,0.88303,6,13
test_306.png,10.42,375,0.8534,0.92296,0,9
test_307.png,0.0,0,0.6332,0.58975,189,166
test_307.png,0.21,8,0.63459,0.60108,26,166
test_307.png,0.52,19,0.63501,0.6035,17,164
test_307.png,1.04,37,0.63518,0.60432,15,164
test_307.png,2.08,75,0.6358,0.60635,12,164
test_307.png,5.21,188,0.63923,0.6186,4,154
test_307.png,10.42,375,0.64051,0.62042,3,153
test_308.png,0.0,0,0.64781,0.62459,137,41
test_308.png,0.21,8,0.64927,0.63373,67,41
test_308.png,0.52,19,0.65146,0.63983,49,41
test_308.png,1.04,37,0.65425,0.64892,37,40
test_308.png,2.08,75,0.65647,0.65466,32,40
test_308.png,5.21,188,0.67657,0.69288,16,35
test_308.png,10.42,375,0.68644,0.7108,12,30
test_309.png,0.0,0,0.80162,0.81606,38,61
test_309.png,0.21,8,0.80193,0.81927,13,61
test_309.png,0.52,19,0.80214,0.82034,10,61
test_309.png,1.04,37,0.80277,0.8229,7,61
test_309.png,2.08,75,0.80352,0.82452,5,60
test_309.png,5.21,188,0.80576,0.83025,2,60
test_309.png,10.42,375,0.80533,0.83113,0,57
test_310.png,0.0,0,0.80218,0.88202,42,25
test_310.png,0.21,8,0.80251,0.8855,12,25
test_310.png,0.52,19,0.80281,0.88686,8,25
test_310.png,1.04,37,0.80324,0.88828,5,25
test_310.png,2.08,75,0.80345,0.8889,4,25
test_310.png,5.21,188,0.80412,0.89174,3,23
test_310.png,10.42,375,0.80569,0.89359,2,23
test_311.png,0.0,0,0.7511,0.82866,14,16
test_311.png,0.21,8,0.75123,0.83028,3,16
test_311.png,0.52,19,0.75126,0.83058,2,16
test_311.png,1.04,37,0.75126,0.83058,2,16
test_311.png,2.08,75,0.75126,0.83058,2,16
test_311.png,5.21,188,0.75164,0.83282,1,16
test_311.png,10.42,375,0.75164,0.83282,1,16
test_312.png,0.0,0,0.73428,0.85008,42,19
test_312.png,0.21,8,0.7347,0.85384,12,19
test_312.png,0.52,19,0.73495,0.85479,8,19
test_312.png,1.04,37,0.73495,0.85479,8,19
test_312.png,2.08,75,0.73559,0.8569,6,19
test_312.png,5.21,188,0.73625,0.85954,2,18
test_312.png,10.42,375,0.73829,0.86251,1,18
test_313.png,0.0,0,0.22757,0.30566,59,34
test_313.png,0.21,8,0.22741,0.3059,15,34
test_313.png,0.52,19,0.22739,0.30592,8,34
test_313.png,1.04,37,0.22709,0.30534,5,34
test_313.png,2.08,75,0.22709,0.30534,5,34
test_313.png,5.21,188,0.22709,0.30534,5,34
test_313.png,10.42,375,0.22461,0.30089,4,34
test_314.png,0.0,0,0.69568,0.69491,75,18
test_314.png,0.21,8,0.69649,0.70286,26,18
test_314.png,0.52,19,0.69704,0.70683,20,18
test_314.png,1.04,37,0.69764,0.70944,17,18
test_314.png,2.08,75,0.69933,0.71749,13,17
test_314.png,5.21,188,0.7034,0.72945,9,17
test_314.png,10.42,375,0.70739,0.73586,7,16
test_315.png,0.0,0,0.8004,0.92141,12,38
test_315.png,0.21,8,0.80044,0.92182,4,38
test_315.png,0.52,19,0.80053,0.92249,2,38
test_315.png,1.04,37,0.8007,0.92286,1,38
test_315.png,2.08,75,0.80101,0.9239,0,38
test_315.png,5.21,188,0.80101,0.9239,0,38
test_315.png,10.42,375,0.80101,0.9239,0,38
test_316.png,0.0,0,0.19745,0.23255,115,157
test_316.png,0.21,8,0.19748,0.23372,29,157
test_316.png,0.52,19,0.19691,0.23217,21,157
test_316.png,1.04,37,0.19684,0.23236,13,157
test_316.png,2.08,75,0.19697,0.23386,8,157
test_316.png,5.21,188,0.19615,0.23335,5,156
test_316.png,10.42,375,0.19615,0.23335,5,156
test_317.png,0.0,0,0.43435,0.41979,151,91
test_317.png,0.21,8,0.43349,0.41893,56,91
test_317.png,0.52,19,0.43252,0.41746,45,91
test_317.png,1.04,37,0.43262,0.41851,36,90
test_317.png,2.08,75,0.43272,0.4211,29,90
test_317.png,5.21,188,0.43145,0.42335,21,86
test_317.png,10.42,375,0.42827,0.42048,16,84
test_318.png,0.0,0,0.8129,0.84562,15,46
test_318.png,0.21,8,0.81304,0.84698,4,46
test_318.png,0.52,19,0.81308,0.8471,3,46
test_318.png,1.04,37,0.81308,0.8471,3,46
test_318.png,2.08,75,0.81308,0.8471,3,46
test_318.png,5.21,188,0.81361,0.84872,2,44
test_318.png,10.42,375,0.81361,0.84872,2,44
test_319.png,0.0,0,0.5697,0.60251,69,42
test_319.png,0.21,8,0.56897,0.60202,28,42
test_319.png,0.52,19,0.56887,0.60261,20,42
test_319.png,1.04,37,0.56838,0.60233,17,42
test_319.png,2.08,75,0.5668,0.59975,15,42
test_319.png,5.21,188,0.56502,0.60112,11,41
test_319.png,10.42,375,0.56182,0.59878,8,39
test_320.png,0.0,0,0.49241,0.51566,170,150
test_320.png,0.21,8,0.49276,0.51855,48,150
test_320.png,0.52,19,0.49313,0.51994,27,150
test_320.png,1.04,37,0.49327,0.52024,20,150
test_320.png,2.08,75,0.49421,0.52302,13,149
test_320.png,5.21,188,0.4966,0.52827,6,146
test_320.png,10.42,375,0.49858,0.53134,4,144
test_321.png,0.0,0,0.44678,0.45692,102,49
test_321.png,0.21,8,0.44664,0.45888,42,49
test_321.png,0.52,19,0.44689,0.46105,30,49
test_321.png,1.04,37,0.44669,0.46071,24,49
test_321.png,2.08,75,0.44623,0.46151,20,49
test_321.png,5.21,188,0.44678,0.46632,13,44
test_321.png,10.42,375,0.44674,0.46922,9,41
test_322.png,0.0,0,0.70233,0.68855,125,67
test_322.png,0.21,8,0.70228,0.69097,49,67
test_322.png,0.52,19,0.70261,0.6928,35,67
test_322.png,1.04,37,0.70311,0.694,31,67
test_322.png,2.08,75,0.70341,0.69591,25,67
test_322.png,5.21,188,0.70365,0.70071,16,66
test_322.png,10.42,375,0.6995,0.68961,11,65
test_323.png,0.0,0,0.54314,0.5259,179,137
test_323.png,0.21,8,0.54379,0.53203,63,137
test_323.png,0.52,19,0.5447,0.53592,38,136
test_323.png,1.04,37,0.5454,0.53856,30,136
test_323.png,2.08,75,0.54669,0.54148,24,136
test_323.png,5.21,188,0.55391,0.55633,14,129
test_323.png,10.42,375,0.55491,0.55976,10,125
test_324.png,0.0,0,0.88816,0.95246,20,41
test_324.png,0.21,8,0.88807,0.95271,5,41
test_324.png,0.52,19,0.88812,0.95338,2,41
test_324.png,1.04,37,0.88812,0.95338,2,41
test_324.png,2.08,75,0.88822,0.95563,1,41
test_324.png,5.21,188,0.88771,0.95522,0,41
test_324.png,10.42,375,0.88771,0.95522,0,41
test_325.png,0.0,0,0.90803,0.98087,16,4
test_325.png,0.21,8,0.90805,0.98133,5,4
test_325.png,0.52,19,0.90822,0.98255,1,4
test_325.png,1.04,37,0.90822,0.98255,1,4
test_325.png,2.08,75,0.90845,0.98372,0,4
test_325.png,5.21,188,0.90845,0.98372,0,4
test_325.png,10.42,375,0.90845,0.98372,0,4
test_326.png,0.0,0,0.90599,0.97413,11,16
test_326.png,0.21,8,0.90605,0.97484,3,16
test_326.png,0.52,19,0.90615,0.97584,1,16
test_326.png,1.04,37,0.90635,0.97698,0,16
test_326.png,2.08,75,0.9066,0.97849,1,16
test_326.png,5.21,188,0.9066,0.97849,1,16
test_326.png,10.42,375,0.9066,0.97849,1,16
test_327.png,0.0,0,0.73926,0.83659,40,3
test_327.png,0.21,8,0.73923,0.83707,21,3
test_327.png,0.52,19,0.73924,0.83754,14,3
test_327.png,1.04,37,0.73938,0.83852,13,3
test_327.png,2.08,75,0.73858,0.83816,11,3
test_327.png,5.21,188,0.73599,0.83964,3,5
test_327.png,10.42,375,0.73745,0.84322,2,5
test_328.png,0.0,0,0.86929,0.95083,50,16
test_328.png,0.21,8,0.86885,0.95038,18,16
test_328.png,0.52,19,0.86856,0.95033,11,16
test_328.png,1.04,37,0.86845,0.95018,10,16
test_328.png,2.08,75,0.86697,0.94745,6,17
test_328.png,5.21,188,0.86478,0.94429,4,17
test_328.png,10.42,375,0.86156,0.94035,2,18
test_329.png,0.0,0,0.85634,0.96988,11,8
test_329.png,0.21,8,0.85641,0.97063,0,8
test_329.png,0.52,19,0.85641,0.97063,0,8
test_329.png,1.04,37,0.85641,0.97063,0,8
test_329.png,2.08,75,0.85641,0.97063,0,8
test_329.png,5.21,188,0.85641,0.97063,0,8
test_329.png,10.42,375,0.85641,0.97063,0,8
test_330.png,0.0,0,0.92096,0.9936,2,17
test_330.png,0.21,8,0.92097,0.99377,0,17
test_330.png,0.52,19,0.92097,0.99377,0,17
test_330.png,1.04,37,0.92097,0.99377,0,17
test_330.png,2.08,75,0.92097,0.99377,0,17
test_330.png,5.21,188,0.92097,0.99377,0,17
test_330.png,10.42,375,0.92097,0.99377,0,17
test_331.png,0.0,0,0.6653,0.62833,52,84
test_331.png,0.21,8,0.66499,0.62762,18,84
test_331.png,0.52,19,0.6652,0.62822,15,84
test_331.png,1.04,37,0.66611,0.63057,8,83
test_331.png,2.08,75,0.66693,0.63291,3,82
test_331.png,5.21,188,0.66693,0.63291,3,82
test_331.png,10.42,375,0.66532,0.63228,2,82
test_332.png,0.0,0,0.92713,0.97588,2,1
test_332.png,0.21,8,0.92716,0.97626,0,1
test_332.png,0.52,19,0.92716,0.97626,0,1
test_332.png,1.04,37,0.92716,0.97626,0,1
test_332.png,2.08,75,0.92716,0.97626,0,1
test_332.png,5.21,188,0.92716,0.97626,0,1
test_332.png,10.42,375,0.92716,0.97626,0,1
test_333.png,0.0,0,0.85788,0.94813,33,2
test_333.png,0.21,8,0.85797,0.9492,9,2
test_333.png,0.52,19,0.85795,0.94943,3,2
test_333.png,1.04,37,0.85783,0.94941,2,2
test_333.png,2.08,75,0.85783,0.94941,2,2
test_333.png,5.21,188,0.85708,0.94861,1,2
test_333.png,10.42,375,0.85708,0.94861,1,2
test_334.png,0.0,0,0.88601,0.97911,11,4
test_334.png,0.21,8,0.8861,0.98007,1,4
test_334.png,0.52,19,0.8861,0.98007,1,4
test_334.png,1.04,37,0.8861,0.98007,1,4
test_334.png,2.08,75,0.8861,0.98007,1,4
test_334.png,5.21,188,0.8861,0.98007,1,4
test_334.png,10.42,375,0.88379,0.9756,1,4
test_335.png,0.0,0,0.91651,0.96489,14,20
test_335.png,0.21,8,0.91648,0.96495,2,20
test_335.png,0.52,19,0.91653,0.9653,1,20
test_335.png,1.04,37,0.91653,0.9653,1,20
test_335.png,2.08,75,0.91653,0.9653,1,20
test_335.png,5.21,188,0.91527,0.96476,0,19
test_335.png,10.42,375,0.91527,0.96476,0,19
test_336.png,0.0,0,0.65894,0.66703,136,90
test_336.png,0.21,8,0.65821,0.66671,69,90
test_336.png,0.52,19,0.65764,0.66629,50,90
test_336.png,1.04,37,0.65691,0.66731,32,90
test_336.png,2.08,75,0.65632,0.6681,27,89
test_336.png,5.21,188,0.65098,0.66078,18,86
test_336.png,10.42,375,0.64208,0.65603,12,85
test_337.png,0.0,0,0.61643,0.55349,97,67
test_337.png,0.21,8,0.61679,0.55638,41,67
test_337.png,0.52,19,0.61705,0.55768,32,67
test_337.png,1.04,37,0.61795,0.56048,22,67
test_337.png,2.08,75,0.61905,0.56316,17,67
test_337.png,5.21,188,0.621,0.56911,9,65
test_337.png,10.42,375,0.62661,0.57695,5,65
test_338.png,0.0,0,0.89625,0.91375,32,26
test_338.png,0.21,8,0.89632,0.91555,7,26
test_338.png,0.52,19,0.89611,0.91522,5,26
test_338.png,1.04,37,0.89629,0.91688,2,26
test_338.png,2.08,75,0.89652,0.91838,1,26
test_338.png,5.21,188,0.89595,0.91639,0,26
test_338.png,10.42,375,0.89595,0.91639,0,26
test_339.png,0.0,0,0.9094,0.99585,3,5
test_339.png,0.21,8,0.90942,0.99611,0,5
test_339.png,0.52,19,0.90942,0.99611,0,5
test_339.png,1.04,37,0.90942,0.99611,0,5
test_339.png,2.08,75,0.90942,0.99611,0,5
test_339.png,5.21,188,0.90942,0.99611,0,5
test_339.png,10.42,375,0.90942,0.99611,0,5
test_340.png,0.0,0,0.91395,0.99914,1,0
test_340.png,0.21,8,0.91397,0.99943,0,0
test_340.png,0.52,19,0.91397,0.99943,0,0
test_340.png,1.04,37,0.91397,0.99943,0,0
test_340.png,2.08,75,0.91397,0.99943,0,0
test_340.png,5.21,188,0.91397,0.99943,0,0
test_340.png,10.42,375,0.91397,0.99943,0,0
test_341.png,0.0,0,0.34796,0.31808,288,202
test_341.png,0.21,8,0.3488,0.32285,75,202
test_341.png,0.52,19,0.34945,0.325,51,202
test_341.png,1.04,37,0.34875,0.32379,39,200
test_341.png,2.08,75,0.34855,0.32329,32,199
test_341.png,5.21,188,0.34514,0.31903,23,194
test_341.png,10.42,375,0.34775,0.3239,13,182
test_342.png,0.0,0,0.60081,0.53993,273,86
test_342.png,0.21,8,0.60286,0.54974,57,86
test_342.png,0.52,19,0.60285,0.55134,41,86
test_342.png,1.04,37,0.60212,0.55236,31,86
test_342.png,2.08,75,0.60217,0.55515,25,84
test_342.png,5.21,188,0.60356,0.56084,20,82
test_342.png,10.42,375,0.60394,0.56485,14,74
test_343.png,0.0,0,0.87972,0.97256,20,17
test_343.png,0.21,8,0.87981,0.97369,3,17
test_343.png,0.52,19,0.87993,0.97429,1,17
test_343.png,1.04,37,0.87993,0.97429,1,17
test_343.png,2.08,75,0.87956,0.97426,0,17
test_343.png,5.21,188,0.87956,0.97426,0,17
test_343.png,10.42,375,0.87956,0.97426,0,17
test_344.png,0.0,0,0.56549,0.50842,118,41
test_344.png,0.21,8,0.5652,0.50831,53,41
test_344.png,0.52,19,0.56483,0.50897,37,41
test_344.png,1.04,37,0.56397,0.50928,30,41
test_344.png,2.08,75,0.56535,0.51289,23,40
test_344.png,5.21,188,0.56054,0.51092,14,39
test_344.png,10.42,375,0.56116,0.51908,7,35
test_345.png,0.0,0,0.76246,0.77944,37,10
test_345.png,0.21,8,0.7624,0.78116,14,10
test_345.png,0.52,19,0.76224,0.78155,11,10
test_345.png,1.04,37,0.76166,0.78089,8,10
test_345.png,2.08,75,0.763,0.78652,3,10
test_345.png,5.21,188,0.76395,0.78998,1,10
test_345.png,10.42,375,0.76401,0.79244,0,9
test_346.png,0.0,0,0.89655,0.96533,28,3
test_346.png,0.21,8,0.89651,0.96611,9,3
test_346.png,0.52,19,0.89669,0.96646,6,3
test_346.png,1.04,37,0.89655,0.96623,5,3
test_346.png,2.08,75,0.89616,0.96599,2,3
test_346.png,5.21,188,0.89616,0.96599,2,3
test_346.png,10.42,375,0.89464,0.96369,1,3
test_347.png,0.0,0,0.66213,0.79275,68,18
test_347.png,0.21,8,0.66217,0.79406,38,18
test_347.png,0.52,19,0.66199,0.79515,26,18
test_347.png,1.04,37,0.66179,0.7951,24,18
test_347.png,2.08,75,0.66211,0.79632,23,18
test_347.png,5.21,188,0.65814,0.7909,18,19
test_347.png,10.42,375,0.65837,0.79275,17,19
test_348.png,0.0,0,0.72849,0.87705,21,25
test_348.png,0.21,8,0.72837,0.87764,6,25
test_348.png,0.52,19,0.72863,0.87916,3,25
test_348.png,1.04,37,0.7289,0.87982,2,25
test_348.png,2.08,75,0.7289,0.87982,2,25
test_348.png,5.21,188,0.7289,0.87982,2,25
test_348.png,10.42,375,0.72926,0.88301,1,22
test_349.png,0.0,0,0.91084,0.95422,20,16
test_349.png,0.21,8,0.91092,0.95548,4,16
test_349.png,0.52,19,0.91104,0.95601,2,16
test_349.png,1.04,37,0.91113,0.95628,1,16
test_349.png,2.08,75,0.91113,0.95628,1,16
test_349.png,5.21,188,0.91113,0.95628,1,16
test_349.png,10.42,375,0.91113,0.95628,1,16
test_350.png,0.0,0,0.81241,0.96614,11,9
test_350.png,0.21,8,0.81248,0.96664,5,9
test_350.png,0.52,19,0.81272,0.96766,2,9
test_350.png,1.04,37,0.81272,0.96766,2,9
test_350.png,2.08,75,0.81272,0.96766,2,9
test_350.png,5.21,188,0.81429,0.97047,0,9
test_350.png,10.42,375,0.81429,0.97047,0,9
test_351.png,0.0,0,0.89808,0.95344,27,20
test_351.png,0.21,8,0.89822,0.95477,7,20
test_351.png,0.52,19,0.89845,0.95634,1,20
test_351.png,1.04,37,0.89845,0.95634,1,20
test_351.png,2.08,75,0.89845,0.95634,1,20
test_351.png,5.21,188,0.89845,0.95634,1,20
test_351.png,10.42,375,0.89845,0.95634,1,20
test_352.png,0.0,0,0.91254,0.96854,11,21
test_352.png,0.21,8,0.91252,0.9685,5,21
test_352.png,0.52,19,0.91239,0.96831,3,21
test_352.png,1.04,37,0.91227,0.96815,2,21
test_352.png,2.08,75,0.91303,0.97107,0,21
test_352.png,5.21,188,0.91303,0.97107,0,21
test_352.png,10.42,375,0.91303,0.97107,0,21
test_353.png,0.0,0,0.90066,0.98687,10,6
test_353.png,0.21,8,0.9007,0.98754,2,6
test_353.png,0.52,19,0.9007,0.98754,2,6
test_353.png,1.04,37,0.90099,0.98823,0,6
test_353.png,2.08,75,0.90099,0.98823,0,6
test_353.png,5.21,188,0.90099,0.98823,0,6
test_353.png,10.42,375,0.90099,0.98823,0,6
test_354.png,0.0,0,0.89056,0.98598,5,6
test_354.png,0.21,8,0.89061,0.98657,2,6
test_354.png,0.52,19,0.89078,0.98795,0,6
test_354.png,1.04,37,0.89078,0.98795,0,6
test_354.png,2.08,75,0.89078,0.98795,0,6
test_354.png,5.21,188,0.89078,0.98795,0,6
test_354.png,10.42,375,0.89078,0.98795,0,6
test_355.png,0.0,0,0.91497,0.97555,5,2
test_355.png,0.21,8,0.91506,0.9768,1,2
test_355.png,0.52,19,0.91506,0.9768,1,2
test_355.png,1.04,37,0.91525,0.97923,0,2
test_355.png,2.08,75,0.91525,0.97923,0,2
test_355.png,5.21,188,0.91525,0.97923,0,2
test_355.png,10.42,375,0.91525,0.97923,0,2
test_356.png,0.0,0,0.88585,0.97318,13,10
test_356.png,0.21,8,0.88587,0.97407,4,10
test_356.png,0.52,19,0.88586,0.97411,2,10
test_356.png,1.04,37,0.88586,0.97411,2,10
test_356.png,2.08,75,0.88586,0.97411,2,10
test_356.png,5.21,188,0.88545,0.97407,1,10
test_356.png,10.42,375,0.88545,0.97407,1,10
test_357.png,0.0,0,0.92822,0.99707,1,2
test_357.png,0.21,8,0.92825,0.99746,0,2
test_357.png,0.52,19,0.92825,0.99746,0,2
test_357.png,1.04,37,0.92825,0.99746,0,2
test_357.png,2.08,75,0.92825,0.99746,0,2
test_357.png,5.21,188,0.92825,0.99746,0,2
test_357.png,10.42,375,0.92825,0.99746,0,2
test_358.png,0.0,0,0.92365,0.99858,0,2
test_358.png,0.21,8,0.92365,0.99858,0,2
test_358.png,0.52,19,0.92365,0.99858,0,2
test_358.png,1.04,37,0.92365,0.99858,0,2
test_358.png,2.08,75,0.92365,0.99858,0,2
test_358.png,5.21,188,0.92365,0.99858,0,2
test_358.png,10.42,375,0.92365,0.99858,0,2
test_359.png,0.0,0,0.25898,0.22504,260,326
test_359.png,0.21,8,0.25932,0.22666,62,326
test_359.png,0.52,19,0.25902,0.22624,32,326
test_359.png,1.04,37,0.25902,0.22642,24,326
test_359.png,2.08,75,0.25845,0.22525,15,325
test_359.png,5.21,188,0.25976,0.22714,8,323
test_359.png,10.42,375,0.26076,0.22908,6,320
test_360.png,0.0,0,0.78334,0.80023,86,36
test_360.png,0.21,8,0.78377,0.80506,35,36
test_360.png,0.52,19,0.7842,0.80897,21,36
test_360.png,1.04,37,0.78396,0.80876,20,36
test_360.png,2.08,75,0.78576,0.81582,12,35
test_360.png,5.21,188,0.78885,0.82332,7,34
test_360.png,10.42,375,0.79028,0.8269,6,34
test_361.png,0.0,0,0.90334,0.95038,28,19
test_361.png,0.21,8,0.90348,0.95247,8,19
test_361.png,0.52,19,0.90363,0.95465,6,19
test_361.png,1.04,37,0.90384,0.95643,4,19
test_361.png,2.08,75,0.90394,0.95661,2,19
test_361.png,5.21,188,0.90394,0.95661,2,19
test_361.png,10.42,375,0.90521,0.96029,1,19
test_362.png,0.0,0,0.7379,0.82136,77,5
test_362.png,0.21,8,0.73811,0.82379,32,5
test_362.png,0.52,19,0.73818,0.82462,22,5
test_362.png,1.04,37,0.73847,0.82581,15,5
test_362.png,2.08,75,0.73936,0.82707,10,5
test_362.png,5.21,188,0.73959,0.82739,7,5
test_362.png,10.42,375,0.73959,0.82739,7,5
test_363.png,0.0,0,0.74144,0.79028,32,5
test_363.png,0.21,8,0.74116,0.78963,16,5
test_363.png,0.52,19,0.74096,0.78944,13,5
test_363.png,1.04,37,0.74096,0.78944,13,5
test_363.png,2.08,75,0.73959,0.78877,9,5
test_363.png,5.21,188,0.73824,0.78304,7,5
test_363.png,10.42,375,0.7391,0.79328,2,2
test_364.png,0.0,0,0.7944,0.85258,52,25
test_364.png,0.21,8,0.79419,0.85356,24,25
test_364.png,0.52,19,0.79405,0.85298,21,25
test_364.png,1.04,37,0.79352,0.85234,17,25
test_364.png,2.08,75,0.79288,0.8538,14,25
test_364.png,5.21,188,0.79181,0.85396,9,24
test_364.png,10.42,375,0.79269,0.85591,8,24
test_365.png,0.0,0,0.92322,0.97276,12,24
test_365.png,0.21,8,0.92324,0.97341,2,24
test_365.png,0.52,19,0.92324,0.97341,2,24
test_365.png,1.04,37,0.92343,0.97407,1,24
test_365.png,2.08,75,0.92343,0.97407,1,24
test_365.png,5.21,188,0.92343,0.97407,1,24
test_365.png,10.42,375,0.92343,0.97407,1,24
test_366.png,0.0,0,0.89669,0.98045,13,19
test_366.png,0.21,8,0.89675,0.981,2,19
test_366.png,0.52,19,0.89668,0.98094,1,19
test_366.png,1.04,37,0.89668,0.98094,1,19
test_366.png,2.08,75,0.89637,0.9805,0,18
test_366.png,5.21,188,0.89637,0.9805,0,18
test_366.png,10.42,375,0.89637,0.9805,0,18
test_367.png,0.0,0,0.63446,0.79639,78,35
test_367.png,0.21,8,0.63477,0.79931,29,35
test_367.png,0.52,19,0.63524,0.80244,15,34
test_367.png,1.04,37,0.63549,0.80323,13,34
test_367.png,2.08,75,0.63625,0.80658,9,33
test_367.png,5.21,188,0.63708,0.80794,8,33
test_367.png,10.42,375,0.63502,0.80922,4,33
test_368.png,0.0,0,0.85503,0.91832,48,26
test_368.png,0.21,8,0.85471,0.91864,16,26
test_368.png,0.52,19,0.85444,0.9198,8,26
test_368.png,1.04,37,0.85405,0.91973,6,26
test_368.png,2.08,75,0.85397,0.92027,5,26
test_368.png,5.21,188,0.8549,0.92558,3,25
test_368.png,10.42,375,0.8549,0.92558,3,25
test_369.png,0.0,0,0.11885,0.10412,76,5
test_369.png,0.21,8,0.11844,0.10387,46,5
test_369.png,0.52,19,0.11732,0.10261,38,5
test_369.png,1.04,37,0.11566,0.10109,31,5
test_369.png,2.08,75,0.11034,0.09825,25,5
test_369.png,5.21,188,0.09537,0.08219,13,5
test_369.png,10.42,375,0.06034,0.05208,4,6
test_370.png,0.0,0,0.66841,0.70704,117,85
test_370.png,0.21,8,0.66784,0.70796,45,85
test_370.png,0.52,19,0.66796,0.7091,34,85
test_370.png,1.04,37,0.66826,0.71156,24,85
test_370.png,2.08,75,0.66829,0.71201,17,83
test_370.png,5.21,188,0.66589,0.71306,12,82
test_370.png,10.42,375,0.66105,0.713,9,81
test_371.png,0.0,0,0.68687,0.68654,55,56
test_371.png,0.21,8,0.68674,0.68814,20,56
test_371.png,0.52,19,0.68683,0.68877,16,56
test_371.png,1.04,37,0.68718,0.68981,14,56
test_371.png,2.08,75,0.68718,0.68981,14,56
test_371.png,5.21,188,0.69213,0.70019,9,56
test_371.png,10.42,375,0.69027,0.70024,8,56
test_372.png,0.0,0,0.76979,0.77103,115,124
test_372.png,0.21,8,0.76977,0.77355,31,124
test_372.png,0.52,19,0.77011,0.77513,20,124
test_372.png,1.04,37,0.77063,0.77662,13,124
test_372.png,2.08,75,0.7717,0.77977,8,122
test_372.png,5.21,188,0.77296,0.78189,5,122
test_372.png,10.42,375,0.77296,0.78189,5,122
test_373.png,0.0,0,0.78954,0.8791,47,49
test_373.png,0.21,8,0.7898,0.88107,11,49
test_373.png,0.52,19,0.79004,0.88196,5,49
test_373.png,1.04,37,0.79011,0.88217,4,49
test_373.png,2.08,75,0.79028,0.88298,3,48
test_373.png,5.21,188,0.78906,0.88218,1,48
test_373.png,10.42,375,0.78724,0.87945,0,48
test_374.png,0.0,0,0.51754,0.49462,188,46
test_374.png,0.21,8,0.51696,0.49521,97,46
test_374.png,0.52,19,0.51616,0.49489,70,46
test_374.png,1.04,37,0.51658,0.49663,59,46
test_374.png,2.08,75,0.51636,0.49816,46,46
test_374.png,5.21,188,0.50742,0.48808,28,44
test_374.png,10.42,375,0.49553,0.46051,17,42
test_375.png,0.0,0,0.75632,0.84131,71,55
test_375.png,0.21,8,0.75671,0.84365,16,55
test_375.png,0.52,19,0.75712,0.84452,9,55
test_375.png,1.04,37,0.75724,0.84482,6,54
test_375.png,2.08,75,0.75754,0.84557,4,54
test_375.png,5.21,188,0.7585,0.84697,2,53
test_375.png,10.42,375,0.75739,0.84576,1,53
test_376.png,0.0,0,0.65439,0.64498,151,184
test_376.png,0.21,8,0.65439,0.64688,49,184
test_376.png,0.52,19,0.65366,0.6457,26,184
test_376.png,1.04,37,0.65369,0.64665,18,184
test_376.png,2.08,75,0.65436,0.64798,14,184
test_376.png,5.21,188,0.65276,0.64232,7,183
test_376.png,10.42,375,0.65158,0.63575,6,183
test_377.png,0.0,0,0.7059,0.72028,36,113
test_377.png,0.21,8,0.70612,0.72235,10,113
test_377.png,0.52,19,0.70636,0.72329,6,113
test_377.png,1.04,37,0.70607,0.72194,5,113
test_377.png,2.08,75,0.70656,0.72369,3,113
test_377.png,5.21,188,0.70769,0.72739,0,113
test_377.png,10.42,375,0.70769,0.72739,0,113
test_378.png,0.0,0,0.78631,0.75378,107,140
test_378.png,0.21,8,0.78632,0.75598,40,140
test_378.png,0.52,19,0.78645,0.75731,25,140
test_378.png,1.04,37,0.78666,0.75866,19,140
test_378.png,2.08,75,0.78732,0.7605,16,138
test_378.png,5.21,188,0.79107,0.76794,9,138
test_378.png,10.42,375,0.79261,0.77158,6,138
test_379.png,0.0,0,0.57778,0.58168,150,119
test_379.png,0.21,8,0.57774,0.58246,66,119
test_379.png,0.52,19,0.57839,0.58493,47,119
test_379.png,1.04,37,0.57783,0.5836,33,118
test_379.png,2.08,75,0.57897,0.58652,22,118
test_379.png,5.21,188,0.57814,0.58354,13,116
test_379.png,10.42,375,0.5743,0.58414,5,113
test_380.png,0.0,0,0.71711,0.71319,100,136
test_380.png,0.21,8,0.71679,0.7137,20,136
test_380.png,0.52,19,0.71683,0.71406,13,136
test_380.png,1.04,37,0.71696,0.71497,5,135
test_380.png,2.08,75,0.71713,0.7156,4,135
test_380.png,5.21,188,0.71737,0.71748,1,135
test_380.png,10.42,375,0.71812,0.71879,0,135
test_381.png,0.0,0,0.55562,0.53664,144,97
test_381.png,0.21,8,0.55478,0.53589,65,97
test_381.png,0.52,19,0.5539,0.53558,43,97
test_381.png,1.04,37,0.55327,0.53472,36,97
test_381.png,2.08,75,0.55247,0.53481,26,96
test_381.png,5.21,188,0.54979,0.53328,20,92
test_381.png,10.42,375,0.54675,0.53279,17,92
test_382.png,0.0,0,0.41644,0.45277,149,104
test_382.png,0.21,8,0.41702,0.45773,30,104
test_382.png,0.52,19,0.41741,0.45944,19,104
test_382.png,1.04,37,0.41789,0.46133,13,104
test_382.png,2.08,75,0.41849,0.46329,9,103
test_382.png,5.21,188,0.41979,0.46662,5,102
test_382.png,10.42,375,0.42137,0.4697,3,99
test_383.png,0.0,0,0.57626,0.57317,120,132
test_383.png,0.21,8,0.57647,0.57582,43,132
test_383.png,0.52,19,0.57667,0.57713,25,132
test_383.png,1.04,37,0.57663,0.57711,19,132
test_383.png,2.08,75,0.57729,0.57879,15,132
test_383.png,5.21,188,0.57814,0.58037,13,132
test_383.png,10.42,375,0.57299,0.56981,5,129
test_384.png,0.0,0,0.54733,0.48416,110,44
test_384.png,0.21,8,0.54657,0.48334,54,44
test_384.png,0.52,19,0.54616,0.48395,42,44
test_384.png,1.04,37,0.5452,0.48457,32,44
test_384.png,2.08,75,0.54449,0.48515,28,43
test_384.png,5.21,188,0.54323,0.48573,24,42
test_384.png,10.42,375,0.53072,0.48235,15,40
test_385.png,0.0,0,0.76951,0.76856,48,84
test_385.png,0.21,8,0.76954,0.76898,16,84
test_385.png,0.52,19,0.76969,0.76978,12,84
test_385.png,1.04,37,0.76953,0.76999,9,83
test_385.png,2.08,75,0.77011,0.77127,6,83
test_385.png,5.21,188,0.77145,0.77466,3,82
test_385.png,10.42,375,0.77004,0.77335,2,82
test_386.png,0.0,0,0.52306,0.54112,99,135
test_386.png,0.21,8,0.52262,0.54104,23,135
test_386.png,0.52,19,0.52247,0.54126,18,135
test_386.png,1.04,37,0.52184,0.54044,15,135
test_386.png,2.08,75,0.52221,0.54115,13,135
test_386.png,5.21,188,0.51992,0.53471,5,135
test_386.png,10.42,375,0.51782,0.53165,4,134
test_387.png,0.0,0,0.73072,0.64402,54,71
test_387.png,0.21,8,0.73085,0.64581,16,71
test_387.png,0.52,19,0.73081,0.64641,12,71
test_387.png,1.04,37,0.73067,0.64686,10,71
test_387.png,2.08,75,0.73105,0.64824,8,71
test_387.png,5.21,188,0.72982,0.64755,7,71
test_387.png,10.42,375,0.72749,0.64374,3,70
test_388.png,0.0,0,0.80644,0.87668,22,37
test_388.png,0.21,8,0.8064,0.87767,5,37
test_388.png,0.52,19,0.80641,0.87843,2,37
test_388.png,1.04,37,0.80656,0.87865,1,37
test_388.png,2.08,75,0.80681,0.8796,0,37
test_388.png,5.21,188,0.80681,0.8796,0,37
test_388.png,10.42,375,0.80681,0.8796,0,37
test_389.png,0.0,0,0.5951,0.61833,131,50
test_389.png,0.21,8,0.59536,0.62169,54,50
test_389.png,0.52,19,0.59581,0.62352,44,50
test_389.png,1.04,37,0.59748,0.62937,29,50
test_389.png,2.08,75,0.59767,0.6307,22,50
test_389.png,5.21,188,0.59789,0.63185,19,50
test_389.png,10.42,375,0.60603,0.64401,14,47
test_390.png,0.0,0,0.73205,0.71618,106,199
test_390.png,0.21,8,0.7317,0.71688,36,199
test_390.png,0.52,19,0.73164,0.71788,24,199
test_390.png,1.04,37,0.73217,0.71966,14,199
test_390.png,2.08,75,0.73227,0.72062,7,199
test_390.png,5.21,188,0.73474,0.72373,2,199
test_390.png,10.42,375,0.73577,0.72479,1,199
test_391.png,0.0,0,0.80654,0.89607,34,55
test_391.png,0.21,8,0.80665,0.89721,11,55
test_391.png,0.52,19,0.80692,0.89838,5,55
test_391.png,1.04,37,0.80692,0.89838,5,55
test_391.png,2.08,75,0.80735,0.89959,3,55
test_391.png,5.21,188,0.80807,0.90154,1,55
test_391.png,10.42,375,0.80739,0.901,0,54
test_392.png,0.0,0,0.65507,0.66708,144,255
test_392.png,0.21,8,0.65482,0.66771,39,255
test_392.png,0.52,19,0.65435,0.66769,26,254
test_392.png,1.04,37,0.65376,0.66788,18,254
test_392.png,2.08,75,0.65444,0.66946,12,253
test_392.png,5.21,188,0.65314,0.66851,8,252
test_392.png,10.42,375,0.65153,0.66311,5,252
test_393.png,0.0,0,0.52947,0.49161,86,80
test_393.png,0.21,8,0.52932,0.49218,22,80
test_393.png,0.52,19,0.52925,0.49242,15,80
test_393.png,1.04,37,0.52964,0.49345,11,80
test_393.png,2.08,75,0.53025,0.49466,8,80
test_393.png,5.21,188,0.53106,0.4962,6,78
test_393.png,10.42,375,0.53106,0.4962,6,78
test_394.png,0.0,0,0.82502,0.84613,34,33
test_394.png,0.21,8,0.82521,0.84834,15,33
test_394.png,0.52,19,0.82597,0.85235,6,30
test_394.png,1.04,37,0.82613,0.85299,5,30
test_394.png,2.08,75,0.82704,0.85648,3,30
test_394.png,5.21,188,0.82819,0.85909,1,30
test_394.png,10.42,375,0.82819,0.85909,1,30
test_395.png,0.0,0,0.50756,0.42476,165,84
test_395.png,0.21,8,0.50695,0.42543,86,84
test_395.png,0.52,19,0.50633,0.42539,63,84
test_395.png,1.04,37,0.50585,0.42402,48,84
test_395.png,2.08,75,0.50511,0.42362,42,84
test_395.png,5.21,188,0.50011,0.41534,33,84
test_395.png,10.42,375,0.49324,0.41291,22,81
test_396.png,0.0,0,0.82035,0.86503,24,7
test_396.png,0.21,8,0.82,0.86482,3,7
test_396.png,0.52,19,0.82,0.86482,3,7
test_396.png,1.04,37,0.82,0.86482,3,7
test_396.png,2.08,75,0.82,0.86482,3,7
test_396.png,5.21,188,0.82,0.86482,3,7
test_396.png,10.42,375,0.82,0.86482,3,7
test_397.png,0.0,0,0.61851,0.63527,136,81
test_397.png,0.21,8,0.6184,0.63744,52,81
test_397.png,0.52,19,0.61864,0.63939,37,81
test_397.png,1.04,37,0.61823,0.64001,30,81
test_397.png,2.08,75,0.6181,0.64054,26,81
test_397.png,5.21,188,0.61629,0.64039,20,80
test_397.png,10.42,375,0.61083,0.63198,15,73
test_398.png,0.0,0,0.57731,0.47232,177,65
test_398.png,0.21,8,0.57713,0.47305,65,65
test_398.png,0.52,19,0.57678,0.47345,48,65
test_398.png,1.04,37,0.57638,0.47271,37,65
test_398.png,2.08,75,0.57717,0.47404,30,65
test_398.png,5.21,188,0.57961,0.47503,18,64
test_398.png,10.42,375,0.57784,0.44988,12,61
test_399.png,0.0,0,0.71708,0.69246,94,62
test_399.png,0.21,8,0.71754,0.6971,38,62
test_399.png,0.52,19,0.71822,0.70062,22,62
test_399.png,1.04,37,0.71841,0.70168,18,62
test_399.png,2.08,75,0.71947,0.70519,14,62
test_399.png,5.21,188,0.72203,0.71313,10,60
test_399.png,10.42,375,0.72781,0.7272,6,58
test_400.png,0.0,0,0.85679,0.90562,12,27
test_400.png,0.21,8,0.8569,0.90697,2,27
test_400.png,0.52,19,0.8569,0.90697,2,27
test_400.png,1.04,37,0.85704,0.90763,1,27
test_400.png,2.08,75,0.85727,0.91052,0,27
test_400.png,5.21,188,0.85727,0.91052,0,27
test_400.png,10.42,375,0.85727,0.91052,0,27
test_401.png,0.0,0,0.52642,0.43588,130,51
test_401.png,0.21,8,0.52623,0.4368,59,51
test_401.png,0.52,19,0.52609,0.43732,48,49
test_401.png,1.04,37,0.52566,0.43766,42,49
test_401.png,2.08,75,0.52456,0.43644,36,48
test_401.png,5.21,188,0.52351,0.43582,25,45
test_401.png,10.42,375,0.51706,0.4342,17,44
test_402.png,0.0,0,0.47794,0.34429,65,51
test_402.png,0.21,8,0.47765,0.34319,25,51
test_402.png,0.52,19,0.47761,0.34324,20,51
test_402.png,1.04,37,0.47755,0.34436,13,50
test_402.png,2.08,75,0.47728,0.34462,11,50
test_402.png,5.21,188,0.47886,0.34628,7,50
test_402.png,10.42,375,0.47934,0.34714,6,50
test_403.png,0.0,0,0.83839,0.83456,24,77
test_403.png,0.21,8,0.8384,0.83527,10,77
test_403.png,0.52,19,0.83863,0.83633,5,76
test_403.png,1.04,37,0.83863,0.83633,5,76
test_403.png,2.08,75,0.83957,0.83857,2,76
test_403.png,5.21,188,0.84066,0.84164,0,75
test_403.png,10.42,375,0.84066,0.84164,0,75
test_404.png,0.0,0,0.71088,0.73323,112,106
test_404.png,0.21,8,0.71076,0.73458,40,106
test_404.png,0.52,19,0.7109,0.73615,27,106
test_404.png,1.04,37,0.71075,0.73713,19,105
test_404.png,2.08,75,0.71166,0.73974,15,105
test_404.png,5.21,188,0.71188,0.74,10,105
test_404.png,10.42,375,0.71252,0.74244,6,103
test_405.png,0.0,0,0.75532,0.76105,87,72
test_405.png,0.21,8,0.75553,0.76399,29,72
test_405.png,0.52,19,0.75556,0.76487,20,71
test_405.png,1.04,37,0.75623,0.76758,14,71
test_405.png,2.08,75,0.7572,0.77135,8,70
test_405.png,5.21,188,0.75895,0.77601,4,70
test_405.png,10.42,375,0.76027,0.7782,3,70
test_406.png,0.0,0,0.42544,0.41229,197,121
test_406.png,0.21,8,0.4253,0.41375,79,121
test_406.png,0.52,19,0.42548,0.4138,61,121
test_406.png,1.04,37,0.42444,0.4133,52,119
test_406.png,2.08,75,0.42491,0.41641,37,118
test_406.png,5.21,188,0.42562,0.4185,29,117
test_406.png,10.42,375,0.42552,0.42526,16,113
test_407.png,0.0,0,0.72481,0.73096,148,163
test_407.png,0.21,8,0.7246,0.73409,36,163
test_407.png,0.52,19,0.72466,0.73529,24,163
test_407.png,1.04,37,0.72481,0.73664,17,163
test_407.png,2.08,75,0.7251,0.73818,13,161
test_407.png,5.21,188,0.72513,0.74084,6,157
test_407.png,10.42,375,0.72778,0.74698,3,154
test_408.png,0.0,0,0.40352,0.37517,119,200
test_408.png,0.21,8,0.4038,0.37753,29,200
test_408.png,0.52,19,0.40406,0.37869,21,200
test_408.png,1.04,37,0.40456,0.38015,15,198
test_408.png,2.08,75,0.40428,0.37891,10,198
test_408.png,5.21,188,0.40489,0.38039,8,198
test_408.png,10.42,375,0.40835,0.38693,3,196
test_409.png,0.0,0,0.72949,0.77204,83,61
test_409.png,0.21,8,0.72935,0.77316,31,61
test_409.png,0.52,19,0.72935,0.77455,20,61
test_409.png,1.04,37,0.72922,0.77447,18,61
test_409.png,2.08,75,0.73025,0.77773,14,60
test_409.png,5.21,188,0.7302,0.77925,10,60
test_409.png,10.42,375,0.73174,0.77583,5,57
test_410.png,0.0,0,0.65286,0.65308,125,66
test_410.png,0.21,8,0.6534,0.65827,45,66
test_410.png,0.52,19,0.65348,0.65957,33,66
test_410.png,1.04,37,0.6538,0.66132,26,66
test_410.png,2.08,75,0.65489,0.66528,18,63
test_410.png,5.21,188,0.65799,0.67312,11,59
test_410.png,10.42,375,0.65997,0.6753,8,56
test_411.png,0.0,0,0.77354,0.7431,67,107
test_411.png,0.21,8,0.77291,0.74276,14,107
test_411.png,0.52,19,0.77277,0.74286,10,107
test_411.png,1.04,37,0.77266,0.74284,7,107
test_411.png,2.08,75,0.77208,0.74328,3,107
test_411.png,5.21,188,0.77208,0.74328,3,107
test_411.png,10.42,375,0.7733,0.74496,1,107
test_412.png,0.0,0,0.73135,0.75809,29,49
test_412.png,0.21,8,0.73112,0.75793,8,49
test_412.png,0.52,19,0.73101,0.75768,6,49
test_412.png,1.04,37,0.73101,0.75768,6,49
test_412.png,2.08,75,0.73118,0.7588,3,49
test_412.png,5.21,188,0.73118,0.7588,3,49
test_412.png,10.42,375,0.73118,0.7588,3,49
test_413.png,0.0,0,0.73541,0.73786,81,136
test_413.png,0.21,8,0.73565,0.74091,27,136
test_413.png,0.52,19,0.73611,0.74331,18,136
test_413.png,1.04,37,0.73667,0.74518,12,136
test_413.png,2.08,75,0.73754,0.74875,8,136
test_413.png,5.21,188,0.74004,0.75452,4,136
test_413.png,10.42,375,0.73996,0.75614,3,136
test_414.png,0.0,0,0.71203,0.75033,56,51
test_414.png,0.21,8,0.71249,0.75467,19,51
test_414.png,0.52,19,0.71299,0.75773,10,51
test_414.png,1.04,37,0.71328,0.7593,7,51
test_414.png,2.08,75,0.71303,0.75925,5,51
test_414.png,5.21,188,0.71343,0.76191,1,51
test_414.png,10.42,375,0.71343,0.76191,1,51
test_415.png,0.0,0,0.76436,0.76533,72,47
test_415.png,0.21,8,0.76421,0.76653,27,47
test_415.png,0.52,19,0.76404,0.76688,21,47
test_415.png,1.04,37,0.76364,0.76651,18,47
test_415.png,2.08,75,0.76354,0.76785,15,46
test_415.png,5.21,188,0.76275,0.76863,12,45
test_415.png,10.42,375,0.75862,0.76445,9,44
test_416.png,0.0,0,0.75106,0.74588,185,101
test_416.png,0.21,8,0.75094,0.74753,58,101
test_416.png,0.52,19,0.75153,0.74998,44,101
test_416.png,1.04,37,0.7517,0.75148,36,100
test_416.png,2.08,75,0.75337,0.75606,23,98
test_416.png,5.21,188,0.75524,0.75968,16,98
test_416.png,10.42,375,0.752,0.73498,10,98
test_417.png,0.0,0,0.78216,0.88515,33,8
test_417.png,0.21,8,0.78234,0.88644,11,8
test_417.png,0.52,19,0.78271,0.88752,5,8
test_417.png,1.04,37,0.78298,0.88833,3,8
test_417.png,2.08,75,0.78358,0.88984,1,8
test_417.png,5.21,188,0.78412,0.89105,0,8
test_417.png,10.42,375,0.78412,0.89105,0,8
test_418.png,0.0,0,0.50918,0.52053,53,125
test_418.png,0.21,8,0.50885,0.51907,17,125
test_418.png,0.52,19,0.50872,0.51916,13,125
test_418.png,1.04,37,0.50748,0.51625,7,125
test_418.png,2.08,75,0.50582,0.51235,4,125
test_418.png,5.21,188,0.50578,0.5137,1,125
test_418.png,10.42,375,0.50358,0.51232,0,125
test_419.png,0.0,0,0.58089,0.59133,234,157
test_419.png,0.21,8,0.58049,0.59282,75,157
test_419.png,0.52,19,0.58076,0.59414,53,157
test_419.png,1.04,37,0.58049,0.59413,37,156
test_419.png,2.08,75,0.58029,0.59576,26,156
test_419.png,5.21,188,0.58054,0.5971,15,152
test_419.png,10.42,375,0.57779,0.59475,10,149
test_420.png,0.0,0,0.89833,0.95284,14,23
test_420.png,0.21,8,0.89837,0.95364,2,23
test_420.png,0.52,19,0.89842,0.95425,1,23
test_420.png,1.04,37,0.89842,0.95425,1,23
test_420.png,2.08,75,0.89842,0.95425,1,23
test_420.png,5.21,188,0.89924,0.95569,0,23
test_420.png,10.42,375,0.89924,0.95569,0,23
