image,width_multiple,min_size,dice,cldice,betti0_err,betti1_err
test_071.png,0.0,0,0.82128,0.97964,12,3
test_071.png,0.21,8,0.82133,0.98028,3,3
test_071.png,0.52,19,0.82133,0.98028,3,3
test_071.png,1.04,37,0.82141,0.98088,1,3
test_071.png,2.08,75,0.82173,0.98173,0,3
test_071.png,5.21,188,0.82173,0.98173,0,3
test_071.png,10.42,375,0.82173,0.98173,0,3
test_072.png,0.0,0,0.90858,0.96759,26,5
test_072.png,0.21,8,0.90871,0.96924,10,5
test_072.png,0.52,19,0.909,0.97075,5,5
test_072.png,1.04,37,0.90892,0.97088,3,5
test_072.png,2.08,75,0.90922,0.9715,2,5
test_072.png,5.21,188,0.91002,0.97296,1,5
test_072.png,10.42,375,0.90871,0.97119,0,5
test_073.png,0.0,0,0.93874,0.99088,1,7
test_073.png,0.21,8,0.93874,0.99088,1,7
test_073.png,0.52,19,0.93874,0.99088,1,7
test_073.png,1.04,37,0.93874,0.99088,1,7
test_073.png,2.08,75,0.93874,0.99088,1,7
test_073.png,5.21,188,0.93874,0.99088,1,7
test_073.png,10.42,375,0.93874,0.99088,1,7
test_074.png,0.0,0,0.97213,0.99618,6,3
test_074.png,0.21,8,0.97219,0.99659,0,3
test_074.png,0.52,19,0.97219,0.99659,0,3
test_074.png,1.04,37,0.97219,0.99659,0,3
test_074.png,2.08,75,0.97219,0.99659,0,3
test_074.png,5.21,188,0.97219,0.99659,0,3
test_074.png,10.42,375,0.97219,0.99659,0,3
test_075.png,0.0,0,0.92414,0.99384,6,0
test_075.png,0.21,8,0.92421,0.99406,3,0
test_075.png,0.52,19,0.92432,0.99505,1,0
test_075.png,1.04,37,0.92444,0.99572,0,0
test_075.png,2.08,75,0.92444,0.99572,0,0
test_075.png,5.21,188,0.92444,0.99572,0,0
test_075.png,10.42,375,0.92444,0.99572,0,0
test_076.png,0.0,0,0.88515,0.9977,0,0
test_076.png,0.21,8,0.88515,0.9977,0,0
test_076.png,0.52,19,0.88515,0.9977,0,0
test_076.png,1.04,37,0.88515,0.9977,0,0
test_076.png,2.08,75,0.88515,0.9977,0,0
test_076.png,5.21,188,0.88515,0.9977,0,0
test_076.png,10.42,375,0.88515,0.9977,0,0
test_077.png,0.0,0,0.91768,0.99996,0,0
test_077.png,0.21,8,0.91768,0.99996,0,0
test_077.png,0.52,19,0.91768,0.99996,0,0
test_077.png,1.04,37,0.91768,0.99996,0,0
test_077.png,2.08,75,0.91768,0.99996,0,0
test_077.png,5.21,188,0.91768,0.99996,0,0
test_077.png,10.42,375,0.91768,0.99996,0,0
test_078.png,0.0,0,0.84045,0.97905,7,1
test_078.png,0.21,8,0.84053,0.97943,2,1
test_078.png,0.52,19,0.84061,0.97948,1,1
test_078.png,1.04,37,0.84083,0.98033,0,1
test_078.png,2.08,75,0.84083,0.98033,0,1
test_078.png,5.21,188,0.84083,0.98033,0,1
test_078.png,10.42,375,0.84083,0.98033,0,1
test_079.png,0.0,0,0.93016,0.99106,4,3
test_079.png,0.21,8,0.93018,0.99137,1,3
test_079.png,0.52,19,0.93026,0.99252,0,3
test_079.png,1.04,37,0.93026,0.99252,0,3
test_079.png,2.08,75,0.93026,0.99252,0,3
test_079.png,5.21,188,0.93026,0.99252,0,3
test_079.png,10.42,375,0.93026,0.99252,0,3
test_080.png,0.0,0,0.86131,0.99603,1,0
test_080.png,0.21,8,0.86131,0.99603,1,0
test_080.png,0.52,19,0.86131,0.99603,1,0
test_080.png,1.04,37,0.86131,0.99603,1,0
test_080.png,2.08,75,0.86131,0.99603,1,0
test_080.png,5.21,188,0.86188,0.9967,0,1
test_080.png,10.42,375,0.86188,0.9967,0,1
test_081.png,0.0,0,0.84457,0.98492,13,2
test_081.png,0.21,8,0.84465,0.98556,4,2
test_081.png,0.52,19,0.84474,0.98586,1,2
test_081.png,1.04,37,0.84492,0.98611,0,2
test_081.png,2.08,75,0.84492,0.98611,0,2
test_081.png,5.21,188,0.84492,0.98611,0,2
test_081.png,10.42,375,0.84492,0.98611,0,2
test_082.png,0.0,0,0.82833,0.9717,27,41
test_082.png,0.21,8,0.82838,0.97202,4,41
test_082.png,0.52,19,0.82824,0.97174,2,41
test_082.png,1.04,37,0.82836,0.97208,1,41
test_082.png,2.08,75,0.82811,0.97161,0,41
test_082.png,5.21,188,0.82811,0.97161,0,41
test_082.png,10.42,375,0.82811,0.97161,0,41
test_083.png,0.0,0,0.93802,0.98585,11,2
test_083.png,0.21,8,0.93801,0.98601,7,2
test_083.png,0.52,19,0.93791,0.98601,6,2
test_083.png,1.04,37,0.93768,0.986,4,2
test_083.png,2.08,75,0.93763,0.98676,2,2
test_083.png,5.21,188,0.93768,0.98745,0,2
test_083.png,10.42,375,0.93768,0.98745,0,2
test_084.png,0.0,0,0.96488,0.99812,3,2
test_084.png,0.21,8,0.96488,0.99822,1,2
test_084.png,0.52,19,0.96483,0.99807,0,2
test_084.png,1.04,37,0.96483,0.99807,0,2
test_084.png,2.08,75,0.96483,0.99807,0,2
test_084.png,5.21,188,0.96483,0.99807,0,2
test_084.png,10.42,375,0.96483,0.99807,0,2
test_085.png,0.0,0,0.92484,0.997,1,1
test_085.png,0.21,8,0.92484,0.997,1,1
test_085.png,0.52,19,0.9249,0.9973,0,1
test_085.png,1.04,37,0.9249,0.9973,0,1
test_085.png,2.08,75,0.9249,0.9973,0,1
test_085.png,5.21,188,0.9249,0.9973,0,1
test_085.png,10.42,375,0.9249,0.9973,0,1
test_086.png,0.0,0,0.91764,0.98491,1,6
test_086.png,0.21,8,0.91765,0.98496,0,6
test_086.png,0.52,19,0.91765,0.98496,0,6
test_086.png,1.04,37,0.91765,0.98496,0,6
test_086.png,2.08,75,0.91765,0.98496,0,6
test_086.png,5.21,188,0.91765,0.98496,0,6
test_086.png,10.42,375,0.91765,0.98496,0,6
test_087.png,0.0,0,0.84889,0.97746,18,5
test_087.png,0.21,8,0.84901,0.9784,7,5
test_087.png,0.52,19,0.8491,0.97875,5,5
test_087.png,1.04,37,0.84934,0.97938,3,5
test_087.png,2.08,75,0.85003,0.98032,0,5
test_087.png,5.21,188,0.85003,0.98032,0,5
test_087.png,10.42,375,0.85003,0.98032,0,5
test_088.png,0.0,0,0.91525,0.98908,6,3
test_088.png,0.21,8,0.91538,0.99065,1,3
test_088.png,0.52,19,0.91538,0.99065,1,3
test_088.png,1.04,37,0.91555,0.99118,0,3
test_088.png,2.08,75,0.91555,0.99118,0,3
test_088.png,5.21,188,0.91555,0.99118,0,3
test_088.png,10.42,375,0.91555,0.99118,0,3
test_089.png,0.0,0,0.86277,0.99101,6,6
test_089.png,0.21,8,0.8628,0.99155,0,6
test_089.png,0.52,19,0.8628,0.99155,0,6
test_089.png,1.04,37,0.8628,0.99155,0,6
test_089.png,2.08,75,0.8628,0.99155,0,6
test_089.png,5.21,188,0.8628,0.99155,0,6
test_089.png,10.42,375,0.8604,0.98459,1,6
test_090.png,0.0,0,0.83756,0.97509,20,5
test_090.png,0.21,8,0.83759,0.97576,8,5
test_090.png,0.52,19,0.83782,0.97634,3,5
test_090.png,1.04,37,0.83736,0.97552,0,6
test_090.png,2.08,75,0.83736,0.97552,0,6
test_090.png,5.21,188,0.83736,0.97552,0,6
test_090.png,10.42,375,0.83736,0.97552,0,6
test_091.png,0.0,0,0.88414,0.98582,9,6
test_091.png,0.21,8,0.88416,0.98608,0,6
test_091.png,0.52,19,0.88416,0.98608,0,6
test_091.png,1.04,37,0.88416,0.98608,0,6
test_091.png,2.08,75,0.88416,0.98608,0,6
test_091.png,5.21,188,0.88416,0.98608,0,6
test_091.png,10.42,375,0.88416,0.98608,0,6
test_092.png,0.0,0,0.95036,0.99723,4,0
test_092.png,0.21,8,0.9504,0.99766,2,0
test_092.png,0.52,19,0.95046,0.99842,1,0
test_092.png,1.04,37,0.95062,0.99891,0,0
test_092.png,2.08,75,0.95062,0.99891,0,0
test_092.png,5.21,188,0.95062,0.99891,0,0
test_092.png,10.42,375,0.95062,0.99891,0,0
test_093.png,0.0,0,0.96175,0.98546,5,8
test_093.png,0.21,8,0.9618,0.98591,1,8
test_093.png,0.52,19,0.9618,0.98591,1,8
test_093.png,1.04,37,0.9619,0.9864,0,8
test_093.png,2.08,75,0.9619,0.9864,0,8
test_093.png,5.21,188,0.9619,0.9864,0,8
test_093.png,10.42,375,0.9619,0.9864,0,8
test_094.png,0.0,0,0.93521,0.99915,0,0
test_094.png,0.21,8,0.93521,0.99915,0,0
test_094.png,0.52,19,0.93521,0.99915,0,0
test_094.png,1.04,37,0.93521,0.99915,0,0
test_094.png,2.08,75,0.93521,0.99915,0,0
test_094.png,5.21,188,0.93521,0.99915,0,0
test_094.png,10.42,375,0.93521,0.99915,0,0
test_095.png,0.0,0,0.93448,0.99721,0,2
test_095.png,0.21,8,0.93448,0.99721,0,2
test_095.png,0.52,19,0.93448,0.99721,0,2
test_095.png,1.04,37,0.93448,0.99721,0,2
test_095.png,2.08,75,0.93448,0.99721,0,2
test_095.png,5.21,188,0.93448,0.99721,0,2
test_095.png,10.42,375,0.93448,0.99721,0,2
test_096.png,0.0,0,0.903,0.99724,1,0
test_096.png,0.21,8,0.903,0.99724,1,0
test_096.png,0.52,19,0.903,0.99724,1,0
test_096.png,1.04,37,0.90317,0.99824,0,0
test_096.png,2.08,75,0.90317,0.99824,0,0
test_096.png,5.21,188,0.90317,0.99824,0,0
test_096.png,10.42,375,0.90317,0.99824,0,0
test_097.png,0.0,0,0.89335,0.99195,5,0
test_097.png,0.21,8,0.89337,0.99216,2,0
test_097.png,0.52,19,0.89347,0.99248,0,0
test_097.png,1.04,37,0.89347,0.99248,0,0
test_097.png,2.08,75,0.89347,0.99248,0,0
test_097.png,5.21,188,0.89347,0.99248,0,0
test_097.png,10.42,375,0.89347,0.99248,0,0
test_098.png,0.0,0,0.91306,0.972,14,14
test_098.png,0.21,8,0.91314,0.97298,3,14
test_098.png,0.52,19,0.91327,0.97348,1,14
test_098.png,1.04,37,0.91327,0.97348,1,14
test_098.png,2.08,75,0.91355,0.97542,0,14
test_098.png,5.21,188,0.91355,0.97542,0,14
test_098.png,10.42,375,0.91355,0.97542,0,14
test_099.png,0.0,0,0.91206,0.994,4,3
test_099.png,0.21,8,0.91212,0.99429,2,3
test_099.png,0.52,19,0.91234,0.99522,0,3
test_099.png,1.04,37,0.91234,0.99522,0,3
test_099.png,2.08,75,0.91234,0.99522,0,3
test_099.png,5.21,188,0.91234,0.99522,0,3
test_099.png,10.42,375,0.91234,0.99522,0,3
test_100.png,0.0,0,0.95764,0.9965,0,1
test_100.png,0.21,8,0.95764,0.9965,0,1
test_100.png,0.52,19,0.95764,0.9965,0,1
test_100.png,1.04,37,0.95764,0.9965,0,1
test_100.png,2.08,75,0.95764,0.9965,0,1
test_100.png,5.21,188,0.95764,0.9965,0,1
test_100.png,10.42,375,0.95764,0.9965,0,1
test_101.png,0.0,0,0.9234,0.99773,1,2
test_101.png,0.21,8,0.92341,0.99778,0,2
test_101.png,0.52,19,0.92341,0.99778,0,2
test_101.png,1.04,37,0.92341,0.99778,0,2
test_101.png,2.08,75,0.92341,0.99778,0,2
test_101.png,5.21,188,0.92341,0.99778,0,2
test_101.png,10.42,375,0.92341,0.99778,0,2
test_102.png,0.0,0,0.88708,0.98439,12,2
test_102.png,0.21,8,0.88716,0.98505,4,2
test_102.png,0.52,19,0.88716,0.98505,4,2
test_102.png,1.04,37,0.8876,0.9866,1,2
test_102.png,2.08,75,0.8876,0.9866,1,2
test_102.png,5.21,188,0.8876,0.9866,1,2
test_102.png,10.42,375,0.88741,0.98629,0,1
test_103.png,0.0,0,0.8736,0.98146,16,1
test_103.png,0.21,8,0.8738,0.98343,4,1
test_103.png,0.52,19,0.87387,0.98408,3,1
test_103.png,1.04,37,0.87409,0.98474,2,1
test_103.png,2.08,75,0.87449,0.98651,1,1
test_103.png,5.21,188,0.87536,0.9879,0,1
test_103.png,10.42,375,0.87536,0.9879,0,1
test_104.png,0.0,0,0.86261,0.97863,14,11
test_104.png,0.21,8,0.86271,0.97964,1,11
test_104.png,0.52,19,0.86271,0.97964,1,11
test_104.png,1.04,37,0.86271,0.97964,1,11
test_104.png,2.08,75,0.86245,0.97936,0,11
test_104.png,5.21,188,0.86245,0.97936,0,11
test_104.png,10.42,375,0.86245,0.97936,0,11
test_105.png,0.0,0,0.96598,0.99996,0,0
test_105.png,0.21,8,0.96598,0.99996,0,0
test_105.png,0.52,19,0.96598,0.99996,0,0
test_105.png,1.04,37,0.96598,0.99996,0,0
test_105.png,2.08,75,0.96598,0.99996,0,0
test_105.png,5.21,188,0.96598,0.99996,0,0
test_105.png,10.42,375,0.96598,0.99996,0,0
test_106.png,0.0,0,0.91371,0.99319,4,7
test_106.png,0.21,8,0.91369,0.99319,2,7
test_106.png,0.52,19,0.91363,0.99306,1,7
test_106.png,1.04,37,0.91363,0.99306,1,7
test_106.png,2.08,75,0.91363,0.99306,1,7
test_106.png,5.21,188,0.91363,0.99306,1,7
test_106.png,10.42,375,0.91363,0.99306,1,7
test_107.png,0.0,0,0.79039,0.99028,1,2
test_107.png,0.21,8,0.79039,0.99028,1,2
test_107.png,0.52,19,0.79051,0.99079,0,2
test_107.png,1.04,37,0.79051,0.99079,0,2
test_107.png,2.08,75,0.79051,0.99079,0,2
test_107.png,5.21,188,0.79051,0.99079,0,2
test_107.png,10.42,375,0.79051,0.99079,0,2
test_108.png,0.0,0,0.8841,0.99507,3,0
test_108.png,0.21,8,0.88413,0.99524,0,0
test_108.png,0.52,19,0.88413,0.99524,0,0
test_108.png,1.04,37,0.88413,0.99524,0,0
test_108.png,2.08,75,0.88413,0.99524,0,0
test_108.png,5.21,188,0.88413,0.99524,0,0
test_108.png,10.42,375,0.88413,0.99524,0,0
test_109.png,0.0,0,0.84093,0.9868,6,2
test_109.png,0.21,8,0.84093,0.98718,1,2
test_109.png,0.52,19,0.84093,0.98718,1,2
test_109.png,1.04,37,0.84093,0.98718,1,2
test_109.png,2.08,75,0.84118,0.98855,0,2
test_109.png,5.21,188,0.84118,0.98855,0,2
test_109.png,10.42,375,0.84118,0.98855,0,2
test_110.png,0.0,0,0.88986,0.99711,3,0
test_110.png,0.21,8,0.88987,0.99719,2,0
test_110.png,0.52,19,0.88999,0.99781,1,0
test_110.png,1.04,37,0.88999,0.99781,1,0
test_110.png,2.08,75,0.88999,0.99781,1,0
test_110.png,5.21,188,0.8892,0.99702,0,0
test_110.png,10.42,375,0.8892,0.99702,0,0
test_111.png,0.0,0,0.90893,0.99661,2,1
test_111.png,0.21,8,0.90894,0.99669,0,1
test_111.png,0.52,19,0.90894,0.99669,0,1
test_111.png,1.04,37,0.90894,0.99669,0,1
test_111.png,2.08,75,0.90845,0.99607,2,1
test_111.png,5.21,188,0.90845,0.99607,2,1
test_111.png,10.42,375,0.90845,0.99607,2,1
test_112.png,0.0,0,0.86619,0.99612,0,1
test_112.png,0.21,8,0.86619,0.99612,0,1
test_112.png,0.52,19,0.86619,0.99612,0,1
test_112.png,1.04,37,0.86619,0.99612,0,1
test_112.png,2.08,75,0.86619,0.99612,0,1
test_112.png,5.21,188,0.86619,0.99612,0,1
test_112.png,10.42,375,0.86619,0.99612,0,1
test_113.png,0.0,0,0.85418,0.99528,2,0
test_113.png,0.21,8,0.85418,0.99533,1,0
test_113.png,0.52,19,0.85425,0.99575,0,0
test_113.png,1.04,37,0.85425,0.99575,0,0
test_113.png,2.08,75,0.85425,0.99575,0,0
test_113.png,5.21,188,0.85425,0.99575,0,0
test_113.png,10.42,375,0.85425,0.99575,0,0
test_114.png,0.0,0,0.84869,0.97442,22,3
test_114.png,0.21,8,0.84889,0.97619,6,3
test_114.png,0.52,19,0.84914,0.97782,2,3
test_114.png,1.04,37,0.84914,0.97782,2,3
test_114.png,2.08,75,0.84898,0.97814,0,3
test_114.png,5.21,188,0.84898,0.97814,0,3
test_114.png,10.42,375,0.84898,0.97814,0,3
test_115.png,0.0,0,0.94983,0.99068,6,3
test_115.png,0.21,8,0.94989,0.99112,2,3
test_115.png,0.52,19,0.94994,0.99148,1,3
test_115.png,1.04,37,0.94994,0.99148,1,3
test_115.png,2.08,75,0.95013,0.99248,0,3
test_115.png,5.21,188,0.95013,0.99248,0,3
test_115.png,10.42,375,0.95013,0.99248,0,3
test_116.png,0.0,0,0.93943,0.99766,1,0
test_116.png,0.21,8,0.93945,0.99781,0,0
test_116.png,0.52,19,0.93945,0.99781,0,0
test_116.png,1.04,37,0.93945,0.99781,0,0
test_116.png,2.08,75,0.93945,0.99781,0,0
test_116.png,5.21,188,0.93899,0.99712,1,0
test_116.png,10.42,375,0.93899,0.99712,1,0
test_117.png,0.0,0,0.94863,0.99873,0,1
test_117.png,0.21,8,0.94863,0.99873,0,1
test_117.png,0.52,19,0.94863,0.99873,0,1
test_117.png,1.04,37,0.94863,0.99873,0,1
test_117.png,2.08,75,0.94854,0.99841,1,1
test_117.png,5.21,188,0.94854,0.99841,1,1
test_117.png,10.42,375,0.94854,0.99841,1,1
test_118.png,0.0,0,0.94891,0.99852,2,0
test_118.png,0.21,8,0.94893,0.99872,0,0
test_118.png,0.52,19,0.94893,0.99872,0,0
test_118.png,1.04,37,0.94893,0.99872,0,0
test_118.png,2.08,75,0.94893,0.99872,0,0
test_118.png,5.21,188,0.94893,0.99872,0,0
test_118.png,10.42,375,0.94893,0.99872,0,0
test_119.png,0.0,0,0.96739,0.99589,4,1
test_119.png,0.21,8,0.96747,0.99627,1,1
test_119.png,0.52,19,0.96754,0.99646,0,1
test_119.png,1.04,37,0.96754,0.99646,0,1
test_119.png,2.08,75,0.96754,0.99646,0,1
test_119.png,5.21,188,0.96754,0.99646,0,1
test_119.png,10.42,375,0.96754,0.99646,0,1
test_120.png,0.0,0,0.9494,0.9988,0,3
test_120.png,0.21,8,0.9494,0.9988,0,3
test_120.png,0.52,19,0.9494,0.9988,0,3
test_120.png,1.04,37,0.9494,0.9988,0,3
test_120.png,2.08,75,0.9494,0.9988,0,3
test_120.png,5.21,188,0.9494,0.9988,0,3
test_120.png,10.42,375,0.9494,0.9988,0,3
test_121.png,0.0,0,0.7924,0.80195,100,56
test_121.png,0.21,8,0.793,0.80678,35,56
test_121.png,0.52,19,0.7935,0.80837,20,56
test_121.png,1.04,37,0.79454,0.81052,7,56
test_121.png,2.08,75,0.79456,0.81052,5,55
test_121.png,5.21,188,0.79517,0.81177,2,54
test_121.png,10.42,375,0.79614,0.81293,1,54
test_122.png,0.0,0,0.77826,0.86694,64,19
test_122.png,0.21,8,0.77835,0.86806,37,19
test_122.png,0.52,19,0.77854,0.86882,21,19
test_122.png,1.04,37,0.77874,0.86934,14,19
test_122.png,2.08,75,0.77853,0.86989,10,19
test_122.png,5.21,188,0.77786,0.86773,5,19
test_122.png,10.42,375,0.77786,0.86773,5,19
test_123.png,0.0,0,0.71225,0.74686,543,62
test_123.png,0.21,8,0.71287,0.75242,242,62
test_123.png,0.52,19,0.71288,0.75417,170,62
test_123.png,1.04,37,0.70877,0.74971,126,64
test_123.png,2.08,75,0.70502,0.74597,98,64
test_123.png,5.21,188,0.68509,0.72399,75,72
test_123.png,10.42,375,0.60917,0.64602,35,85
test_124.png,0.0,0,0.39126,0.4742,245,27
test_124.png,0.21,8,0.3921,0.48067,128,27
test_124.png,0.52,19,0.39232,0.48543,95,27
test_124.png,1.04,37,0.39305,0.4903,76,27
test_124.png,2.08,75,0.39517,0.49719,58,25
test_124.png,5.21,188,0.39997,0.5125,36,23
test_124.png,10.42,375,0.40641,0.52739,20,21
test_125.png,0.0,0,0.51854,0.61003,158,14
test_125.png,0.21,8,0.51733,0.61034,90,14
test_125.png,0.52,19,0.51569,0.60785,75,14
test_125.png,1.04,37,0.51138,0.60228,59,14
test_125.png,2.08,75,0.50862,0.59542,51,14
test_125.png,5.21,188,0.48993,0.57197,35,18
test_125.png,10.42,375,0.4337,0.52018,18,25
test_126.png,0.0,0,0.89979,0.98455,8,16
test_126.png,0.21,8,0.89984,0.98536,1,16
test_126.png,0.52,19,0.89978,0.98504,0,16
test_126.png,1.04,37,0.89978,0.98504,0,16
test_126.png,2.08,75,0.89978,0.98504,0,16
test_126.png,5.21,188,0.89978,0.98504,0,16
test_126.png,10.42,375,0.89978,0.98504,0,16
test_127.png,0.0,0,0.90837,0.97396,48,33
test_127.png,0.21,8,0.90845,0.97484,14,33
test_127.png,0.52,19,0.90831,0.97474,10,33
test_127.png,1.04,37,0.90821,0.97457,9,33
test_127.png,2.08,75,0.9082,0.97473,7,33
test_127.png,5.21,188,0.90807,0.97473,4,34
test_127.png,10.42,375,0.90644,0.9729,3,34
test_128.png,0.0,0,0.88996,0.98572,25,4
test_128.png,0.21,8,0.89016,0.9883,3,4
test_128.png,0.52,19,0.89027,0.98884,1,4
test_128.png,1.04,37,0.89027,0.98884,1,4
test_128.png,2.08,75,0.89027,0.98884,1,4
test_128.png,5.21,188,0.89027,0.98884,1,4
test_128.png,10.42,375,0.88866,0.98736,0,4
test_129.png,0.0,0,0.87912,0.92277,75,32
test_129.png,0.21,8,0.87904,0.92398,27,32
test_129.png,0.52,19,0.87857,0.92401,16,33
test_129.png,1.04,37,0.87829,0.92383,14,33
test_129.png,2.08,75,0.87794,0.92345,11,33
test_129.png,5.21,188,0.87519,0.91971,7,33
test_129.png,10.42,375,0.87368,0.91746,6,34
test_130.png,0.0,0,0.71899,0.76094,156,55
test_130.png,0.21,8,0.71925,0.76647,71,55
test_130.png,0.52,19,0.71889,0.76938,49,55
test_130.png,1.04,37,0.71965,0.77397,34,55
test_130.png,2.08,75,0.72014,0.7759,30,54
test_130.png,5.21,188,0.71895,0.77715,16,54
test_130.png,10.42,375,0.70518,0.76853,12,53
test_131.png,0.0,0,0.76482,0.86349,84,23
test_131.png,0.21,8,0.76433,0.86461,33,23
test_131.png,0.52,19,0.76365,0.86414,22,23
test_131.png,1.04,37,0.76345,0.86376,21,23
test_131.png,2.08,75,0.76234,0.86301,16,23
test_131.png,5.21,188,0.75598,0.85396,8,21
test_131.png,10.42,375,0.75534,0.85118,7,21
test_132.png,0.0,0,0.90733,0.97719,18,26
test_132.png,0.21,8,0.90742,0.97912,1,26
test_132.png,0.52,19,0.90731,0.97911,0,26
test_132.png,1.04,37,0.90731,0.97911,0,26
test_132.png,2.08,75,0.90731,0.97911,0,26
test_132.png,5.21,188,0.90731,0.97911,0,26
test_132.png,10.42,375,0.90598,0.97658,1,26
test_133.png,0.0,0,0.72762,0.701,178,28
test_133.png,0.21,8,0.72815,0.70365,93,28
test_133.png,0.52,19,0.72868,0.70469,67,28
test_133.png,1.04,37,0.7305,0.70874,46,28
test_133.png,2.08,75,0.73074,0.70975,38,25
test_133.png,5.21,188,0.72883,0.70372,29,21
test_133.png,10.42,375,0.72553,0.70014,21,19
test_134.png,0.0,0,0.89288,0.91163,39,27
test_134.png,0.21,8,0.89305,0.91384,12,27
test_134.png,0.52,19,0.8929,0.91347,7,27
test_134.png,1.04,37,0.89273,0.91298,6,27
test_134.png,2.08,75,0.89291,0.9131,3,27
test_134.png,5.21,188,0.89425,0.91592,0,27
test_134.png,10.42,375,0.89425,0.91592,0,27
test_135.png,0.0,0,0.84995,0.89914,47,31
test_135.png,0.21,8,0.85008,0.90126,16,31
test_135.png,0.52,19,0.85001,0.90119,12,31
test_135.png,1.04,37,0.85029,0.90197,10,30
test_135.png,2.08,75,0.85022,0.90332,7,30
test_135.png,5.21,188,0.85111,0.90595,5,30
test_135.png,10.42,375,0.84948,0.90301,4,30
test_136.png,0.0,0,0.4623,0.54111,142,12
test_136.png,0.21,8,0.4629,0.54622,68,12
test_136.png,0.52,19,0.46359,0.55129,41,12
test_136.png,1.04,37,0.46312,0.55304,26,11
test_136.png,2.08,75,0.46396,0.55612,19,11
test_136.png,5.21,188,0.46416,0.56022,14,10
test_136.png,10.42,375,0.46121,0.55614,13,10
test_137.png,0.0,0,0.66947,0.71027,222,10
test_137.png,0.21,8,0.66989,0.71428,83,10
test_137.png,0.52,19,0.67028,0.71604,65,10
test_137.png,1.04,37,0.67017,0.71601,57,9
test_137.png,2.08,75,0.66866,0.71468,45,8
test_137.png,5.21,188,0.66288,0.70821,34,7
test_137.png,10.42,375,0.648,0.69298,19,5
test_138.png,0.0,0,0.93546,0.9897,2,3
test_138.png,0.21,8,0.93549,0.99005,0,3
test_138.png,0.52,19,0.93549,0.99005,0,3
test_138.png,1.04,37,0.93549,0.99005,0,3
test_138.png,2.08,75,0.93549,0.99005,0,3
test_138.png,5.21,188,0.93534,0.98955,1,3
test_138.png,10.42,375,0.93534,0.98955,1,3
test_139.png,0.0,0,0.52409,0.49622,208,58
test_139.png,0.21,8,0.52375,0.49856,121,58
test_139.png,0.52,19,0.5244,0.50194,88,58
test_139.png,1.04,37,0.52637,0.50799,63,57
test_139.png,2.08,75,0.52331,0.50925,42,56
test_139.png,5.21,188,0.51831,0.51182,28,51
test_139.png,10.42,375,0.51656,0.51041,16,47
test_140.png,0.0,0,0.81239,0.89748,62,29
test_140.png,0.21,8,0.81219,0.89943,22,29
test_140.png,0.52,19,0.81176,0.90004,17,29
test_140.png,1.04,37,0.81138,0.89973,15,29
test_140.png,2.08,75,0.81064,0.89866,13,29
test_140.png,5.21,188,0.8096,0.89506,11,29
test_140.png,10.42,375,0.8087,0.89773,9,29
test_141.png,0.0,0,0.92,0.98602,2,4
test_141.png,0.21,8,0.92003,0.98634,0,4
test_141.png,0.52,19,0.92003,0.98634,0,4
test_141.png,1.04,37,0.92003,0.98634,0,4
test_141.png,2.08,75,0.92003,0.98634,0,4
test_141.png,5.21,188,0.92003,0.98634,0,4
test_141.png,10.42,375,0.92003,0.98634,0,4
test_142.png,0.0,0,0.8136,0.83092,111,50
test_142.png,0.21,8,0.81419,0.83573,49,50
test_142.png,0.52,19,0.81493,0.83888,38,50
test_142.png,1.04,37,0.81631,0.84323,28,50
test_142.png,2.08,75,0.81838,0.84902,16,49
test_142.png,5.21,188,0.82201,0.85814,6,48
test_142.png,10.42,375,0.82401,0.86308,5,48
test_143.png,0.0,0,0.85983,0.94049,54,44
test_143.png,0.21,8,0.86029,0.94489,12,44
test_143.png,0.52,19,0.86056,0.94635,8,44
test_143.png,1.04,37,0.86103,0.94759,5,44
test_143.png,2.08,75,0.86103,0.94759,5,44
test_143.png,5.21,188,0.86001,0.94589,4,44
test_143.png,10.42,375,0.86001,0.94589,4,44
test_144.png,0.0,0,0.59195,0.54807,197,54
test_144.png,0.21,8,0.59224,0.55056,105,54
test_144.png,0.52,19,0.59266,0.55073,86,54
test_144.png,1.04,37,0.59465,0.55553,69,54
test_144.png,2.08,75,0.59524,0.55935,51,53
test_144.png,5.21,188,0.59777,0.5702,26,44
test_144.png,10.42,375,0.59331,0.56071,17,40
test_145.png,0.0,0,0.77546,0.78404,139,78
test_145.png,0.21,8,0.77557,0.78707,61,78
test_145.png,0.52,19,0.7761,0.79009,46,78
test_145.png,1.04,37,0.77744,0.7947,31,78
test_145.png,2.08,75,0.77563,0.79209,22,78
test_145.png,5.21,188,0.77643,0.79458,12,77
test_145.png,10.42,375,0.77653,0.79723,7,75
test_146.png,0.0,0,0.77799,0.88026,103,8
test_146.png,0.21,8,0.7779,0.88119,60,8
test_146.png,0.52,19,0.77776,0.88232,49,8
test_146.png,1.04,37,0.77804,0.88385,41,8
test_146.png,2.08,75,0.77745,0.88348,36,8
test_146.png,5.21,188,0.77129,0.8755,28,8
test_146.png,10.42,375,0.76862,0.87122,25,8
test_147.png,0.0,0,0.47201,0.51462,144,15
test_147.png,0.21,8,0.47198,0.5177,76,15
test_147.png,0.52,19,0.4721,0.52085,60,15
test_147.png,1.04,37,0.47134,0.52249,46,15
test_147.png,2.08,75,0.47228,0.52868,36,15
test_147.png,5.21,188,0.47523,0.5412,26,14
test_147.png,10.42,375,0.47659,0.55048,19,14
test_148.png,0.0,0,0.86991,0.98231,7,5
test_148.png,0.21,8,0.87003,0.98316,1,5
test_148.png,0.52,19,0.87003,0.98316,1,5
test_148.png,1.04,37,0.87003,0.98316,1,5
test_148.png,2.08,75,0.87003,0.98316,1,5
test_148.png,5.21,188,0.86913,0.98088,0,5
test_148.png,10.42,375,0.86753,0.97869,1,5
test_149.png,0.0,0,0.68956,0.77772,131,30
test_149.png,0.21,8,0.68841,0.77734,71,30
test_149.png,0.52,19,0.68668,0.77636,53,29
test_149.png,1.04,37,0.68525,0.77633,48,29
test_149.png,2.08,75,0.68217,0.77544,41,27
test_149.png,5.21,188,0.67381,0.76898,33,23
test_149.png,10.42,375,0.63724,0.73418,20,16
test_150.png,0.0,0,0.76338,0.78534,106,26
test_150.png,0.21,8,0.7635,0.78794,55,26
test_150.png,0.52,19,0.76449,0.79146,39,26
test_150.png,1.04,37,0.76672,0.79796,27,25
test_150.png,2.08,75,0.76745,0.79973,25,25
test_150.png,5.21,188,0.76401,0.79752,17,24
test_150.png,10.42,375,0.76165,0.78991,13,24
test_151.png,0.0,0,0.80952,0.83098,144,54
test_151.png,0.21,8,0.8106,0.83821,64,54
test_151.png,0.52,19,0.81198,0.84366,39,53
test_151.png,1.04,37,0.81351,0.84824,26,53
test_151.png,2.08,75,0.8153,0.85275,12,52
test_151.png,5.21,188,0.81743,0.85586,4,51
test_151.png,10.42,375,0.81953,0.85807,2,51
test_152.png,0.0,0,0.88884,0.95001,55,25
test_152.png,0.21,8,0.88924,0.95418,6,25
test_152.png,0.52,19,0.88925,0.95478,3,25
test_152.png,1.04,37,0.88925,0.95478,3,25
test_152.png,2.08,75,0.88898,0.95497,2,25
test_152.png,5.21,188,0.88862,0.95457,1,25
test_152.png,10.42,375,0.88732,0.95293,0,25
test_153.png,0.0,0,0.78283,0.79597,95,55
test_153.png,0.21,8,0.78346,0.80046,45,55
test_153.png,0.52,19,0.78356,0.80234,36,55
test_153.png,1.04,37,0.78443,0.80555,29,55
test_153.png,2.08,75,0.787,0.81138,20,55
test_153.png,5.21,188,0.79378,0.82462,7,53
test_153.png,10.42,375,0.79313,0.82317,4,51
test_154.png,0.0,0,0.85645,0.88277,58,4
test_154.png,0.21,8,0.8568,0.88551,25,4
test_154.png,0.52,19,0.85751,0.88752,14,4
test_154.png,1.04,37,0.85865,0.89047,6,4
test_154.png,2.08,75,0.85962,0.89184,3,4
test_154.png,5.21,188,0.85962,0.89184,3,4
test_154.png,10.42,375,0.85962,0.89184,3,4
test_155.png,0.0,0,0.38595,0.44941,199,19
test_155.png,0.21,8,0.38647,0.45308,113,19
test_155.png,0.52,19,0.38645,0.4565,84,19
test_155.png,1.04,37,0.38664,0.4578,75,19
test_155.png,2.08,75,0.3901,0.47037,50,18
test_155.png,5.21,188,0.39563,0.48687,32,17
test_155.png,10.42,375,0.4038,0.50967,20,17
test_156.png,0.0,0,0.75784,0.80591,75,25
test_156.png,0.21,8,0.75722,0.80615,33,25
test_156.png,0.52,19,0.75708,0.80677,28,25
test_156.png,1.04,37,0.75633,0.80771,23,25
test_156.png,2.08,75,0.75535,0.80835,20,25
test_156.png,5.21,188,0.749,0.80069,15,24
test_156.png,10.42,375,0.73873,0.78856,10,23
test_157.png,0.0,0,0.86142,0.84334,123,43
test_157.png,0.21,8,0.8623,0.8514,65,43
test_157.png,0.52,19,0.86401,0.85936,41,43
test_157.png,1.04,37,0.86758,0.87221,23,43
test_157.png,2.08,75,0.86958,0.87782,18,41
test_157.png,5.21,188,0.88138,0.90387,5,39
test_157.png,10.42,375,0.88772,0.91942,2,39
test_158.png,0.0,0,0.92841,0.98646,2,6
test_158.png,0.21,8,0.92839,0.98668,0,6
test_158.png,0.52,19,0.92839,0.98668,0,6
test_158.png,1.04,37,0.92839,0.98668,0,6
test_158.png,2.08,75,0.92839,0.98668,0,6
test_158.png,5.21,188,0.92839,0.98668,0,6
test_158.png,10.42,375,0.92839,0.98668,0,6
test_159.png,0.0,0,0.65553,0.76581,104,40
test_159.png,0.21,8,0.65439,0.76701,48,40
test_159.png,0.52,19,0.65366,0.76665,42,40
test_159.png,1.04,37,0.6526,0.76674,39,40
test_159.png,2.08,75,0.64835,0.76332,32,40
test_159.png,5.21,188,0.64184,0.75963,27,39
test_159.png,10.42,375,0.62383,0.73293,20,36
test_160.png,0.0,0,0.68835,0.77339,122,22
test_160.png,0.21,8,0.68698,0.77326,50,22
test_160.png,0.52,19,0.68586,0.77243,35,22
test_160.png,1.04,37,0.68482,0.77048,28,21
test_160.png,2.08,75,0.68386,0.7706,24,21
test_160.png,5.21,188,0.67922,0.76608,19,21
test_160.png,10.42,375,0.66931,0.7529,14,14
test_161.png,0.0,0,0.70598,0.72733,172,37
test_161.png,0.21,8,0.70645,0.73074,83,37
test_161.png,0.52,19,0.7065,0.73145,65,37
test_161.png,1.04,37,0.70761,0.73435,49,37
test_161.png,2.08,75,0.7083,0.73498,33,33
test_161.png,5.21,188,0.71205,0.73614,17,28
test_161.png,10.42,375,0.70122,0.72687,9,25
test_162.png,0.0,0,0.78351,0.80767,109,1
test_162.png,0.21,8,0.78357,0.81089,42,1
test_162.png,0.52,19,0.7837,0.81189,31,1
test_162.png,1.04,37,0.78331,0.81169,22,1
test_162.png,2.08,75,0.78378,0.81297,20,1
test_162.png,5.21,188,0.78042,0.8075,9,0
test_162.png,10.42,375,0.77927,0.80612,7,0
test_163.png,0.0,0,0.85109,0.91901,57,17
test_163.png,0.21,8,0.85128,0.92128,20,17
test_163.png,0.52,19,0.85149,0.92321,11,17
test_163.png,1.04,37,0.85122,0.92328,8,17
test_163.png,2.08,75,0.85076,0.92275,7,17
test_163.png,5.21,188,0.84925,0.9177,3,17
test_163.png,10.42,375,0.8449,0.91139,0,17
test_164.png,0.0,0,0.9036,0.99394,1,3
test_164.png,0.21,8,0.90362,0.99403,0,3
test_164.png,0.52,19,0.90362,0.99403,0,3
test_164.png,1.04,37,0.90362,0.99403,0,3
test_164.png,2.08,75,0.90362,0.99403,0,3
test_164.png,5.21,188,0.90362,0.99403,0,3
test_164.png,10.42,375,0.9029,0.99206,1,3
test_165.png,0.0,0,0.83804,0.92791,46,4
test_165.png,0.21,8,0.83831,0.92999,12,4
test_165.png,0.52,19,0.83836,0.93074,8,4
test_165.png,1.04,37,0.83793,0.92985,5,4
test_165.png,2.08,75,0.83793,0.92985,5,4
test_165.png,5.21,188,0.83717,0.92891,3,4
test_165.png,10.42,375,0.83583,0.92696,1,4
test_166.png,0.0,0,0.92125,0.98801,4,3
test_166.png,0.21,8,0.92123,0.98814,0,3
test_166.png,0.52,19,0.92123,0.98814,0,3
test_166.png,1.04,37,0.92123,0.98814,0,3
test_166.png,2.08,75,0.92123,0.98814,0,3
test_166.png,5.21,188,0.92123,0.98814,0,3
test_166.png,10.42,375,0.92123,0.98814,0,3
test_167.png,0.0,0,0.81686,0.86787,105,10
test_167.png,0.21,8,0.81716,0.87093,36,10
test_167.png,0.52,19,0.81736,0.87185,28,10
test_167.png,1.04,37,0.81714,0.87138,26,10
test_167.png,2.08,75,0.81713,0.87171,24,10
test_167.png,5.21,188,0.81164,0.86334,15,9
test_167.png,10.42,375,0.8062,0.8523,8,8
test_168.png,0.0,0,0.78992,0.8228,111,53
test_168.png,0.21,8,0.78967,0.82521,53,53
test_168.png,0.52,19,0.78981,0.82842,37,53
test_168.png,1.04,37,0.79036,0.83122,30,52
test_168.png,2.08,75,0.79091,0.83616,22,51
test_168.png,5.21,188,0.78635,0.83475,13,50
test_168.png,10.42,375,0.78322,0.83394,11,48
test_169.png,0.0,0,0.78448,0.78951,130,87
test_169.png,0.21,8,0.78506,0.79483,44,87
test_169.png,0.52,19,0.7855,0.79737,32,87
test_169.png,1.04,37,0.78634,0.80025,22,87
test_169.png,2.08,75,0.78636,0.79986,14,87
test_169.png,5.21,188,0.78418,0.79662,7,87
test_169.png,10.42,375,0.78531,0.79784,6,87
test_170.png,0.0,0,0.86018,0.92019,71,8
test_170.png,0.21,8,0.86029,0.92219,24,8
test_170.png,0.52,19,0.86083,0.92471,14,8
test_170.png,1.04,37,0.86139,0.92708,10,8
test_170.png,2.08,75,0.86202,0.92891,6,7
test_170.png,5.21,188,0.86192,0.92934,4,6
test_170.png,10.42,375,0.85843,0.92374,2,6
test_171.png,0.0,0,0.57763,0.60526,214,36
test_171.png,0.21,8,0.57713,0.60697,116,36
test_171.png,0.52,19,0.57695,0.6078,91,36
test_171.png,1.04,37,0.57816,0.61225,76,36
test_171.png,2.08,75,0.57858,0.61592,62,36
test_171.png,5.21,188,0.58435,0.63688,39,35
test_171.png,10.42,375,0.55669,0.60942,23,29
test_172.png,0.0,0,0.6088,0.63148,214,50
test_172.png,0.21,8,0.60917,0.63695,105,50
test_172.png,0.52,19,0.6091,0.63986,83,50
test_172.png,1.04,37,0.60861,0.64151,68,49
test_172.png,2.08,75,0.60931,0.64625,59,49
test_172.png,5.21,188,0.60409,0.65167,37,47
test_172.png,10.42,375,0.5852,0.64108,25,45
test_173.png,0.0,0,0.89325,0.98544,12,7
test_173.png,0.21,8,0.89321,0.98614,5,7
test_173.png,0.52,19,0.89306,0.98595,4,7
test_173.png,1.04,37,0.89322,0.98612,3,7
test_173.png,2.08,75,0.89322,0.98612,3,7
test_173.png,5.21,188,0.89191,0.98648,0,7
test_173.png,10.42,375,0.89191,0.98648,0,7
test_174.png,0.0,0,0.40715,0.42443,368,39
test_174.png,0.21,8,0.40634,0.42626,198,39
test_174.png,0.52,19,0.40512,0.42563,148,39
test_174.png,1.04,37,0.40378,0.42596,116,38
test_174.png,2.08,75,0.40213,0.42728,84,37
test_174.png,5.21,188,0.39427,0.42724,58,36
test_174.png,10.42,375,0.36096,0.39458,30,27
test_175.png,0.0,0,0.70226,0.81329,21,6
test_175.png,0.21,8,0.70218,0.81329,7,6
test_175.png,0.52,19,0.70234,0.81381,5,6
test_175.png,1.04,37,0.70259,0.81427,1,6
test_175.png,2.08,75,0.703,0.81526,0,6
test_175.png,5.21,188,0.703,0.81526,0,6
test_175.png,10.42,375,0.703,0.81526,0,6
test_176.png,0.0,0,0.7675,0.86001,19,9
test_176.png,0.21,8,0.76739,0.85993,12,9
test_176.png,0.52,19,0.7674,0.86014,8,9
test_176.png,1.04,37,0.76772,0.86103,6,9
test_176.png,2.08,75,0.76907,0.86491,2,9
test_176.png,5.21,188,0.77037,0.86807,0,9
test_176.png,10.42,375,0.77037,0.86807,0,9
test_177.png,0.0,0,0.71594,0.88355,66,42
test_177.png,0.21,8,0.71603,0.88511,29,42
test_177.png,0.52,19,0.71646,0.88683,18,42
test_177.png,1.04,37,0.7173,0.88875,12,42
test_177.png,2.08,75,0.71874,0.89122,7,42
test_177.png,5.21,188,0.71874,0.89122,7,42
test_177.png,10.42,375,0.71817,0.88895,6,42
test_178.png,0.0,0,0.78534,0.85401,120,27
test_178.png,0.21,8,0.78537,0.85807,62,27
test_178.png,0.52,19,0.78529,0.86062,48,27
test_178.png,1.04,37,0.78545,0.86325,41,27
test_178.png,2.08,75,0.78668,0.87319,26,27
test_178.png,5.21,188,0.78834,0.87791,19,25
test_178.png,10.42,375,0.78668,0.87332,14,24
test_179.png,0.0,0,0.71125,0.8738,42,37
test_179.png,0.21,8,0.71129,0.87448,22,37
test_179.png,0.52,19,0.71131,0.87471,15,37
test_179.png,1.04,37,0.71151,0.87567,9,37
test_179.png,2.08,75,0.71253,0.87734,4,37
test_179.png,5.21,188,0.71304,0.8786,2,38
test_179.png,10.42,375,0.71304,0.8786,2,38
test_180.png,0.0,0,0.68008,0.87036,39,41
test_180.png,0.21,8,0.68017,0.87142,17,41
test_180.png,0.52,19,0.67988,0.87152,7,41
test_180.png,1.04,37,0.67981,0.87222,1,41
test_180.png,2.08,75,0.67981,0.87222,1,41
test_180.png,5.21,188,0.67885,0.87148,0,41
test_180.png,10.42,375,0.67885,0.87148,0,41
test_181.png,0.0,0,0.74268,0.89103,65,27
test_181.png,0.21,8,0.74283,0.8931,23,27
test_181.png,0.52,19,0.74316,0.89399,18,27
test_181.png,1.04,37,0.74297,0.89436,11,27
test_181.png,2.08,75,0.74237,0.89428,6,27
test_181.png,5.21,188,0.74562,0.90072,2,27
test_181.png,10.42,375,0.74232,0.89661,0,27
test_182.png,0.0,0,0.83818,0.94163,22,1
test_182.png,0.21,8,0.83812,0.94205,9,1
test_182.png,0.52,19,0.83817,0.94229,8,1
test_182.png,1.04,37,0.83867,0.94404,5,1
test_182.png,2.08,75,0.83849,0.94467,3,1
test_182.png,5.21,188,0.83827,0.94433,1,1
test_182.png,10.42,375,0.83827,0.94433,1,1
test_183.png,0.0,0,0.59641,0.64472,178,30
test_183.png,0.21,8,0.59594,0.64696,99,30
test_183.png,0.52,19,0.59603,0.65134,71,29
test_183.png,1.04,37,0.59518,0.65514,55,29
test_183.png,2.08,75,0.59429,0.65777,39,28
test_183.png,5.21,188,0.59161,0.66171,30,28
test_183.png,10.42,375,0.57748,0.65596,20,25
test_184.png,0.0,0,0.70709,0.81264,194,211
test_184.png,0.21,8,0.70741,0.81558,66,211
test_184.png,0.52,19,0.70762,0.81605,39,212
test_184.png,1.04,37,0.70783,0.81667,28,213
test_184.png,2.08,75,0.7083,0.81674,16,214
test_184.png,5.21,188,0.70741,0.81493,9,214
test_184.png,10.42,375,0.70625,0.81475,6,218
test_185.png,0.0,0,0.89976,0.9818,7,11
test_185.png,0.21,8,0.89968,0.98129,2,11
test_185.png,0.52,19,0.89984,0.98257,0,11
test_185.png,1.04,37,0.89984,0.98257,0,11
test_185.png,2.08,75,0.89984,0.98257,0,11
test_185.png,5.21,188,0.89984,0.98257,0,11
test_185.png,10.42,375,0.89984,0.98257,0,11
test_186.png,0.0,0,0.53861,0.57203,261,39
test_186.png,0.21,8,0.53865,0.57541,144,39
test_186.png,0.52,19,0.53779,0.57608,113,39
test_186.png,1.04,37,0.53866,0.58009,96,38
test_186.png,2.08,75,0.5383,0.58544,78,37
test_186.png,5.21,188,0.53049,0.58722,47,35
test_186.png,10.42,375,0.50791,0.56284,32,31
test_187.png,0.0,0,0.66703,0.72277,193,22
test_187.png,0.21,8,0.66738,0.72788,95,22
test_187.png,0.52,19,0.66773,0.73109,72,22
test_187.png,1.04,37,0.66672,0.73188,57,20
test_187.png,2.08,75,0.66814,0.73867,46,20
test_187.png,5.21,188,0.66855,0.74842,30,19
test_187.png,10.42,375,0.65088,0.73461,19,16
test_188.png,0.0,0,0.542,0.61503,187,44
test_188.png,0.21,8,0.54252,0.61933,103,44
test_188.png,0.52,19,0.54326,0.6233,78,44
test_188.png,1.04,37,0.54384,0.62533,63,43
test_188.png,2.08,75,0.54381,0.62679,47,43
test_188.png,5.21,188,0.54616,0.63162,29,40
test_188.png,10.42,375,0.54559,0.63732,20,37
test_189.png,0.0,0,0.727,0.90105,39,27
test_189.png,0.21,8,0.72714,0.90227,18,27
test_189.png,0.52,19,0.72743,0.9035,11,27
test_189.png,1.04,37,0.72785,0.90482,5,27
test_189.png,2.08,75,0.72809,0.90602,4,27
test_189.png,5.21,188,0.72809,0.90602,4,27
test_189.png,10.42,375,0.72809,0.90602,4,27
test_190.png,0.0,0,0.70055,0.74284,140,20
test_190.png,0.21,8,0.70014,0.74436,72,20
test_190.png,0.52,19,0.70053,0.7473,59,20
test_190.png,1.04,37,0.70021,0.74802,54,20
test_190.png,2.08,75,0.70228,0.75421,45,20
test_190.png,5.21,188,0.69819,0.76402,27,19
test_190.png,10.42,375,0.69251,0.76833,19,18
test_191.png,0.0,0,0.74606,0.90307,41,13
test_191.png,0.21,8,0.74606,0.90458,12,13
test_191.png,0.52,19,0.74581,0.90443,8,13
test_191.png,1.04,37,0.74557,0.90414,7,13
test_191.png,2.08,75,0.74696,0.9074,3,13
test_191.png,5.21,188,0.74854,0.90827,0,13
test_191.png,10.42,375,0.74854,0.90827,0,13
test_192.png,0.0,0,0.71894,0.85406,85,30
test_192.png,0.21,8,0.71934,0.85688,44,30
test_192.png,0.52,19,0.71993,0.86007,22,31
test_192.png,1.04,37,0.72063,0.86391,10,31
test_192.png,2.08,75,0.72102,0.86539,5,31
test_192.png,5.21,188,0.7221,0.86732,3,31
test_192.png,10.42,375,0.7221,0.86732,3,31
test_193.png,0.0,0,0.75389,0.78074,162,54
test_193.png,0.21,8,0.7549,0.78729,66,54
test_193.png,0.52,19,0.75662,0.79399,41,54
test_193.png,1.04,37,0.75827,0.79866,26,53
test_193.png,2.08,75,0.76249,0.80788,12,52
test_193.png,5.21,188,0.76824,0.82108,3,51
test_193.png,10.42,375,0.77151,0.82461,1,51
test_194.png,0.0,0,0.89058,0.95169,28,7
test_194.png,0.21,8,0.89061,0.95267,10,7
test_194.png,0.52,19,0.89035,0.95254,6,7
test_194.png,1.04,37,0.89085,0.95489,3,7
test_194.png,2.08,75,0.89085,0.95489,3,7
test_194.png,5.21,188,0.89085,0.95489,3,7
test_194.png,10.42,375,0.89085,0.95489,3,7
test_195.png,0.0,0,0.65189,0.71812,195,47
test_195.png,0.21,8,0.65182,0.72375,94,47
test_195.png,0.52,19,0.6516,0.72713,71,47
test_195.png,1.04,37,0.6516,0.72873,61,47
test_195.png,2.08,75,0.65145,0.73209,52,47
test_195.png,5.21,188,0.6421,0.72951,33,43
test_195.png,10.42,375,0.61843,0.7044,25,40
test_196.png,0.0,0,0.88056,0.94826,42,1
test_196.png,0.21,8,0.88049,0.94965,16,1
test_196.png,0.52,19,0.88034,0.95093,11,1
test_196.png,1.04,37,0.8808,0.9554,6,1
test_196.png,2.08,75,0.88109,0.95697,5,1
test_196.png,5.21,188,0.88109,0.95697,5,1
test_196.png,10.42,375,0.88109,0.95697,5,1
test_197.png,0.0,0,0.75327,0.78874,118,54
test_197.png,0.21,8,0.75307,0.79118,56,54
test_197.png,0.52,19,0.753,0.79324,42,54
test_197.png,1.04,37,0.7534,0.79566,34,53
test_197.png,2.08,75,0.75561,0.80349,24,52
test_197.png,5.21,188,0.75729,0.80869,18,51
test_197.png,10.42,375,0.74907,0.80346,12,49
test_198.png,0.0,0,0.464,0.48416,299,27
test_198.png,0.21,8,0.46341,0.4864,140,27
test_198.png,0.52,19,0.46329,0.48882,111,27
test_198.png,1.04,37,0.46273,0.49058,94,27
test_198.png,2.08,75,0.46269,0.49508,73,26
test_198.png,5.21,188,0.45001,0.48819,44,23
test_198.png,10.42,375,0.44102,0.4868,29,22
test_199.png,0.0,0,0.85756,0.93958,38,3
test_199.png,0.21,8,0.85733,0.9397,18,3
test_199.png,0.52,19,0.85732,0.94084,14,3
test_199.png,1.04,37,0.85831,0.94593,8,3
test_199.png,2.08,75,0.85856,0.94653,7,3
test_199.png,5.21,188,0.85904,0.94978,6,3
test_199.png,10.42,375,0.85381,0.94396,4,3
test_200.png,0.0,0,0.49844,0.5876,204,18
test_200.png,0.21,8,0.49836,0.59111,101,18
test_200.png,0.52,19,0.49799,0.59402,78,18
test_200.png,1.04,37,0.49773,0.59547,61,18
test_200.png,2.08,75,0.49812,0.59929,46,17
test_200.png,5.21,188,0.49534,0.59771,35,16
test_200.png,10.42,375,0.48331,0.58527,23,12
test_201.png,0.0,0,0.69902,0.78172,129,8
test_201.png,0.21,8,0.69933,0.78471,75,8
test_201.png,0.52,19,0.70035,0.7888,47,8
test_201.png,1.04,37,0.70112,0.79157,34,8
test_201.png,2.08,75,0.70008,0.79154,24,8
test_201.png,5.21,188,0.70258,0.79992,10,8
test_201.png,10.42,375,0.70143,0.79827,8,8
test_202.png,0.0,0,0.73923,0.79713,152,33
test_202.png,0.21,8,0.73945,0.80111,78,33
test_202.png,0.52,19,0.74003,0.80572,55,33
test_202.png,1.04,37,0.74057,0.80966,40,33
test_202.png,2.08,75,0.74041,0.81288,30,33
test_202.png,5.21,188,0.74242,0.82048,22,33
test_202.png,10.42,375,0.73949,0.82447,15,30
test_203.png,0.0,0,0.76126,0.93397,16,15
test_203.png,0.21,8,0.76132,0.93433,7,15
test_203.png,0.52,19,0.76144,0.93474,3,15
test_203.png,1.04,37,0.7617,0.93532,1,15
test_203.png,2.08,75,0.7617,0.93532,1,15
test_203.png,5.21,188,0.7617,0.93532,1,15
test_203.png,10.42,375,0.7617,0.93532,1,15
test_204.png,0.0,0,0.75161,0.91686,30,31
test_204.png,0.21,8,0.75178,0.91804,10,31
test_204.png,0.52,19,0.75179,0.91809,7,31
test_204.png,1.04,37,0.75229,0.91972,3,31
test_204.png,2.08,75,0.75149,0.91867,1,31
test_204.png,5.21,188,0.752,0.91993,0,31
test_204.png,10.42,375,0.752,0.91993,0,31
test_205.png,0.0,0,0.88483,0.95627,21,1
test_205.png,0.21,8,0.88472,0.95674,9,1
test_205.png,0.52,19,0.88488,0.95755,6,1
test_205.png,1.04,37,0.88488,0.95755,6,1
test_205.png,2.08,75,0.88488,0.95755,6,1
test_205.png,5.21,188,0.88122,0.95345,3,1
test_205.png,10.42,375,0.87946,0.95165,2,1
test_206.png,0.0,0,0.84248,0.9442,39,32
test_206.png,0.21,8,0.84231,0.94442,18,32
test_206.png,0.52,19,0.84211,0.94431,12,32
test_206.png,1.04,37,0.84211,0.94431,12,32
test_206.png,2.08,75,0.84182,0.94436,8,32
test_206.png,5.21,188,0.84142,0.94362,7,32
test_206.png,10.42,375,0.8376,0.93911,5,32
test_207.png,0.0,0,0.49933,0.52138,269,39
test_207.png,0.21,8,0.49844,0.52283,145,39
test_207.png,0.52,19,0.49738,0.5239,112,39
test_207.png,1.04,37,0.49602,0.52384,98,38
test_207.png,2.08,75,0.49534,0.52409,77,38
test_207.png,5.21,188,0.48926,0.52698,55,38
test_207.png,10.42,375,0.46328,0.51278,32,33
test_208.png,0.0,0,0.75423,0.78572,102,56
test_208.png,0.21,8,0.75436,0.78921,36,56
test_208.png,0.52,19,0.75427,0.79013,27,56
test_208.png,1.04,37,0.75543,0.79259,21,56
test_208.png,2.08,75,0.75564,0.79103,15,56
test_208.png,5.21,188,0.75615,0.79497,10,56
test_208.png,10.42,375,0.75785,0.8007,6,54
test_209.png,0.0,0,0.51437,0.43202,268,45
test_209.png,0.21,8,0.513,0.4316,156,45
test_209.png,0.52,19,0.51081,0.43221,122,45
test_209.png,1.04,37,0.50648,0.43189,95,45
test_209.png,2.08,75,0.49959,0.43166,65,43
test_209.png,5.21,188,0.48584,0.43161,41,40
test_209.png,10.42,375,0.44944,0.41542,23,36
test_210.png,0.0,0,0.76477,0.87753,83,0
test_210.png,0.21,8,0.76483,0.88044,34,0
test_210.png,0.52,19,0.76543,0.88401,18,0
test_210.png,1.04,37,0.76622,0.88629,13,1
test_210.png,2.08,75,0.7674,0.88914,8,1
test_210.png,5.21,188,0.76848,0.89129,4,1
test_210.png,10.42,375,0.77032,0.89306,3,1
test_211.png,0.0,0,0.86425,0.97891,28,1
test_211.png,0.21,8,0.86421,0.98006,12,1
test_211.png,0.52,19,0.86406,0.97987,8,1
test_211.png,1.04,37,0.86423,0.98135,6,1
test_211.png,2.08,75,0.86375,0.98137,4,1
test_211.png,5.21,188,0.86375,0.98137,4,1
test_211.png,10.42,375,0.86375,0.98137,4,1
test_212.png,0.0,0,0.73528,0.86421,56,30
test_212.png,0.21,8,0.73541,0.86592,29,30
test_212.png,0.52,19,0.73592,0.86795,19,30
test_212.png,1.04,37,0.73657,0.86961,14,30
test_212.png,2.08,75,0.73918,0.87512,5,30
test_212.png,5.21,188,0.7414,0.87925,1,31
test_212.png,10.42,375,0.74265,0.88201,0,31
test_213.png,0.0,0,0.69872,0.7527,153,19
test_213.png,0.21,8,0.69874,0.75648,81,19
test_213.png,0.52,19,0.69813,0.75718,65,19
test_213.png,1.04,37,0.69837,0.75947,54,19
test_213.png,2.08,75,0.69904,0.76047,44,19
test_213.png,5.21,188,0.6993,0.76736,27,17
test_213.png,10.42,375,0.69501,0.76728,21,16
test_214.png,0.0,0,0.76594,0.89732,51,33
test_214.png,0.21,8,0.76586,0.89855,16,33
test_214.png,0.52,19,0.76592,0.89982,9,33
test_214.png,1.04,37,0.76567,0.89996,6,33
test_214.png,2.08,75,0.76604,0.90079,5,33
test_214.png,5.21,188,0.76575,0.90108,1,33
test_214.png,10.42,375,0.76639,0.90139,0,33
test_215.png,0.0,0,0.74026,0.89913,47,7
test_215.png,0.21,8,0.74046,0.90043,22,7
test_215.png,0.52,19,0.74093,0.90147,15,7
test_215.png,1.04,37,0.74143,0.90324,9,7
test_215.png,2.08,75,0.74203,0.90448,7,7
test_215.png,5.21,188,0.74336,0.9066,3,7
test_215.png,10.42,375,0.7431,0.90638,2,7
test_216.png,0.0,0,0.69233,0.7406,177,33
test_216.png,0.21,8,0.69282,0.74445,93,33
test_216.png,0.52,19,0.69345,0.74703,69,33
test_216.png,1.04,37,0.69545,0.7536,41,31
test_216.png,2.08,75,0.69781,0.76063,28,30
test_216.png,5.21,188,0.6997,0.76628,18,27
test_216.png,10.42,375,0.68905,0.7521,9,24
test_217.png,0.0,0,0.84781,0.96324,35,8
test_217.png,0.21,8,0.84775,0.9642,9,8
test_217.png,0.52,19,0.84765,0.96449,4,8
test_217.png,1.04,37,0.8479,0.96497,2,8
test_217.png,2.08,75,0.8474,0.96445,1,8
test_217.png,5.21,188,0.8474,0.96445,1,8
test_217.png,10.42,375,0.84719,0.96366,0,10
test_218.png,0.0,0,0.64058,0.68733,187,43
test_218.png,0.21,8,0.6395,0.68847,96,43
test_218.png,0.52,19,0.63843,0.68957,69,43
test_218.png,1.04,37,0.63858,0.69169,62,42
test_218.png,2.08,75,0.63849,0.69945,44,42
test_218.png,5.21,188,0.62876,0.69425,32,40
test_218.png,10.42,375,0.60602,0.67579,22,36
test_219.png,0.0,0,0.6065,0.58931,156,41
test_219.png,0.21,8,0.60568,0.59031,58,41
test_219.png,0.52,19,0.60491,0.59124,42,41
test_219.png,1.04,37,0.60527,0.59219,33,41
test_219.png,2.08,75,0.60649,0.59511,21,40
test_219.png,5.21,188,0.606,0.60048,11,39
test_219.png,10.42,375,0.60806,0.60425,8,39
test_220.png,0.0,0,0.43508,0.27558,262,46
test_220.png,0.21,8,0.43373,0.27387,153,46
test_220.png,0.52,19,0.43119,0.27011,110,46
test_220.png,1.04,37,0.42815,0.26574,85,45
test_220.png,2.08,75,0.42601,0.26155,65,44
test_220.png,5.21,188,0.41831,0.25596,39,37
test_220.png,10.42,375,0.3869,0.21872,18,33
test_221.png,0.0,0,0.5714,0.6138,272,11
test_221.png,0.21,8,0.57105,0.61605,148,11
test_221.png,0.52,19,0.57072,0.61726,116,11
test_221.png,1.04,37,0.57018,0.61893,88,11
test_221.png,2.08,75,0.56708,0.62125,57,14
test_221.png,5.21,188,0.56603,0.62773,32,18
test_221.png,10.42,375,0.54884,0.61094,21,22
test_222.png,0.0,0,0.45228,0.42854,157,46
test_222.png,0.21,8,0.45261,0.43162,81,46
test_222.png,0.52,19,0.4531,0.43312,65,46
test_222.png,1.04,37,0.45213,0.43209,53,45
test_222.png,2.08,75,0.45149,0.4337,40,45
test_222.png,5.21,188,0.45747,0.44202,29,44
test_222.png,10.42,375,0.46013,0.44283,19,39
test_223.png,0.0,0,0.78732,0.79054,72,22
test_223.png,0.21,8,0.7873,0.79373,36,22
test_223.png,0.52,19,0.78765,0.79715,26,22
test_223.png,1.04,37,0.78885,0.80433,17,22
test_223.png,2.08,75,0.78841,0.80626,13,22
test_223.png,5.21,188,0.7867,0.8075,8,21
test_223.png,10.42,375,0.78839,0.81079,7,21
test_224.png,0.0,0,0.77582,0.76529,78,15
test_224.png,0.21,8,0.77604,0.76994,34,15
test_224.png,0.52,19,0.77655,0.77359,28,15
test_224.png,1.04,37,0.77643,0.77532,23,15
test_224.png,2.08,75,0.77874,0.78326,17,13
test_224.png,5.21,188,0.77847,0.79793,9,12
test_224.png,10.42,375,0.78141,0.80724,7,11
test_225.png,0.0,0,0.05581,0.00805,290,30
test_225.png,0.21,8,0.05545,0.00805,155,30
test_225.png,0.52,19,0.05461,0.00803,117,29
test_225.png,1.04,37,0.0527,0.008,94,28
test_225.png,2.08,75,0.04712,0.00727,67,28
test_225.png,5.21,188,0.0482,0.00733,39,23
test_225.png,10.42,375,0.03534,0.00709,24,18
test_226.png,0.0,0,0.23347,0.18577,202,25
test_226.png,0.21,8,0.2325,0.18413,115,25
test_226.png,0.52,19,0.23179,0.18367,87,25
test_226.png,1.04,37,0.22983,0.18373,71,24
test_226.png,2.08,75,0.22892,0.18373,58,23
test_226.png,5.21,188,0.21599,0.17221,35,21
test_226.png,10.42,375,0.18902,0.15111,17,9
test_227.png,0.0,0,0.73673,0.77977,31,33
test_227.png,0.21,8,0.7365,0.78024,13,33
test_227.png,0.52,19,0.73638,0.78055,10,33
test_227.png,1.04,37,0.73691,0.78232,6,33
test_227.png,2.08,75,0.73691,0.78232,6,33
test_227.png,5.21,188,0.73749,0.78624,3,33
test_227.png,10.42,375,0.73395,0.78078,2,33
test_228.png,0.0,0,0.82432,0.8385,73,12
test_228.png,0.21,8,0.82495,0.84412,26,12
test_228.png,0.52,19,0.82544,0.84642,19,12
test_228.png,1.04,37,0.82584,0.84809,15,12
test_228.png,2.08,75,0.82757,0.85206,9,12
test_228.png,5.21,188,0.8298,0.85688,7,12
test_228.png,10.42,375,0.83684,0.86881,3,12
test_229.png,0.0,0,0.87573,0.91247,24,1
test_229.png,0.21,8,0.87596,0.91419,12,1
test_229.png,0.52,19,0.87625,0.91626,10,1
test_229.png,1.04,37,0.87695,0.92072,7,1
test_229.png,2.08,75,0.87804,0.92907,5,1
test_229.png,5.21,188,0.88044,0.9352,3,1
test_229.png,10.42,375,0.88552,0.94822,1,2
test_230.png,0.0,0,0.07755,0.04259,230,22
test_230.png,0.21,8,0.07664,0.03915,125,22
test_230.png,0.52,19,0.07462,0.03586,95,22
test_230.png,1.04,37,0.07272,0.03182,77,21
test_230.png,2.08,75,0.0716,0.0318,70,19
test_230.png,5.21,188,0.05697,0.02518,46,14
test_230.png,10.42,375,0.03018,0.00802,23,11
test_231.png,0.0,0,0.78032,0.80512,63,24
test_231.png,0.21,8,0.78051,0.80807,31,24
test_231.png,0.52,19,0.78064,0.8096,26,24
test_231.png,1.04,37,0.78166,0.81336,21,24
test_231.png,2.08,75,0.78245,0.81544,19,24
test_231.png,5.21,188,0.78371,0.8184,15,24
test_231.png,10.42,375,0.7932,0.83507,10,22
test_232.png,0.0,0,0.5164,0.57435,83,33
test_232.png,0.21,8,0.51559,0.57286,41,33
test_232.png,0.52,19,0.51509,0.57164,33,33
test_232.png,1.04,37,0.51371,0.56905,27,33
test_232.png,2.08,75,0.51304,0.56859,23,33
test_232.png,5.21,188,0.50698,0.56104,14,33
test_232.png,10.42,375,0.50465,0.55179,13,33
test_233.png,0.0,0,0.67528,0.58444,105,39
test_233.png,0.21,8,0.67498,0.58549,55,39
test_233.png,0.52,19,0.67304,0.5848,35,39
test_233.png,1.04,37,0.67261,0.58416,30,39
test_233.png,2.08,75,0.67197,0.58609,19,38
test_233.png,5.21,188,0.67068,0.58706,15,36
test_233.png,10.42,375,0.67055,0.59373,11,36
test_234.png,0.0,0,0.60466,0.52232,73,24
test_234.png,0.21,8,0.6045,0.52292,41,24
test_234.png,0.52,19,0.60437,0.52439,31,24
test_234.png,1.04,37,0.60458,0.52343,23,24
test_234.png,2.08,75,0.60511,0.52429,21,24
test_234.png,5.21,188,0.60018,0.52692,12,23
test_234.png,10.42,375,0.5935,0.53162,5,21
test_235.png,0.0,0,0.71562,0.88591,45,1
test_235.png,0.21,8,0.71604,0.88875,14,1
test_235.png,0.52,19,0.71603,0.88913,7,1
test_235.png,1.04,37,0.71643,0.89023,5,1
test_235.png,2.08,75,0.71741,0.89252,3,1
test_235.png,5.21,188,0.7189,0.89575,1,2
test_235.png,10.42,375,0.7189,0.89575,1,2
test_236.png,0.0,0,0.4114,0.27686,137,20
test_236.png,0.21,8,0.4095,0.27466,73,20
test_236.png,0.52,19,0.40823,0.27569,53,20
test_236.png,1.04,37,0.40757,0.27667,41,20
test_236.png,2.08,75,0.4068,0.27779,33,19
test_236.png,5.21,188,0.39611,0.25991,18,16
test_236.png,10.42,375,0.37954,0.26206,11,13
test_237.png,0.0,0,0.89431,0.92913,51,40
test_237.png,0.21,8,0.89455,0.93162,24,40
test_237.png,0.52,19,0.89503,0.93405,14,39
test_237.png,1.04,37,0.89568,0.93665,8,39
test_237.png,2.08,75,0.89664,0.94008,4,38
test_237.png,5.21,188,0.89815,0.94402,1,38
test_237.png,10.42,375,0.89909,0.94536,0,38
test_238.png,0.0,0,0.72517,0.78146,59,29
test_238.png,0.21,8,0.72526,0.78432,30,29
test_238.png,0.52,19,0.72595,0.78674,23,29
test_238.png,1.04,37,0.72673,0.79029,19,29
test_238.png,2.08,75,0.72782,0.79548,11,27
test_238.png,5.21,188,0.73193,0.80491,6,27
test_238.png,10.42,375,0.73897,0.81484,3,27
test_239.png,0.0,0,0.34221,0.36232,204,36
test_239.png,0.21,8,0.34193,0.36433,108,36
test_239.png,0.52,19,0.34062,0.36438,80,36
test_239.png,1.04,37,0.33806,0.35924,63,33
test_239.png,2.08,75,0.33407,0.35542,51,32
test_239.png,5.21,188,0.328,0.34898,35,30
test_239.png,10.42,375,0.33073,0.35762,19,23
test_240.png,0.0,0,0.36029,0.27798,236,34
test_240.png,0.21,8,0.35916,0.27857,118,34
test_240.png,0.52,19,0.35879,0.2799,85,34
test_240.png,1.04,37,0.3593,0.2814,72,33
test_240.png,2.08,75,0.35912,0.28298,62,32
test_240.png,5.21,188,0.34708,0.27644,38,29
test_240.png,10.42,375,0.34704,0.27832,23,24
test_241.png,0.0,0,0.6644,0.64296,175,24
test_241.png,0.21,8,0.66465,0.64684,97,24
test_241.png,0.52,19,0.66564,0.65082,75,24
test_241.png,1.04,37,0.66508,0.65314,55,23
test_241.png,2.08,75,0.66714,0.65845,45,23
test_241.png,5.21,188,0.6739,0.67693,24,19
test_241.png,10.42,375,0.68211,0.69292,17,17
test_242.png,0.0,0,0.72617,0.76788,155,1
test_242.png,0.21,8,0.72617,0.77066,75,1
test_242.png,0.52,19,0.7258,0.77064,59,1
test_242.png,1.04,37,0.72531,0.77163,41,0
test_242.png,2.08,75,0.72586,0.77422,33,1
test_242.png,5.21,188,0.72484,0.77677,16,6
test_242.png,10.42,375,0.71053,0.75898,8,8
test_243.png,0.0,0,0.90694,0.99038,7,1
test_243.png,0.21,8,0.90704,0.99114,0,1
test_243.png,0.52,19,0.90704,0.99114,0,1
test_243.png,1.04,37,0.90704,0.99114,0,1
test_243.png,2.08,75,0.90704,0.99114,0,1
test_243.png,5.21,188,0.90704,0.99114,0,1
test_243.png,10.42,375,0.90704,0.99114,0,1
test_244.png,0.0,0,0.57631,0.56628,137,32
test_244.png,0.21,8,0.57641,0.57111,75,32
test_244.png,0.52,19,0.57503,0.57075,56,32
test_244.png,1.04,37,0.57491,0.576,41,31
test_244.png,2.08,75,0.57435,0.57571,31,31
test_244.png,5.21,188,0.57518,0.58277,20,30
test_244.png,10.42,375,0.55189,0.55924,11,24
test_245.png,0.0,0,0.57969,0.53654,111,30
test_245.png,0.21,8,0.57911,0.53759,58,30
test_245.png,0.52,19,0.5781,0.53835,41,29
test_245.png,1.04,37,0.57785,0.53879,39,29
test_245.png,2.08,75,0.57472,0.53845,27,29
test_245.png,5.21,188,0.56942,0.53859,15,25
test_245.png,10.42,375,0.55746,0.52031,8,24
test_246.png,0.0,0,0.01848,0.01114,331,35
test_246.png,0.21,8,0.01756,0.00973,155,35
test_246.png,0.52,19,0.01707,0.00946,121,33
test_246.png,1.04,37,0.01662,0.00917,97,32
test_246.png,2.08,75,0.01533,0.0073,73,26
test_246.png,5.21,188,0.01327,0.00645,42,22
test_246.png,10.42,375,0.01242,0.00676,20,16
test_247.png,0.0,0,0.52103,0.54593,109,16
test_247.png,0.21,8,0.51965,0.5444,63,16
test_247.png,0.52,19,0.51831,0.54092,51,16
test_247.png,1.04,37,0.51585,0.53898,44,15
test_247.png,2.08,75,0.51242,0.54595,31,15
test_247.png,5.21,188,0.49071,0.52194,20,11
test_247.png,10.42,375,0.45111,0.50067,13,11
test_248.png,0.0,0,0.936,0.97719,14,19
test_248.png,0.21,8,0.93601,0.97864,1,19
test_248.png,0.52,19,0.93601,0.97864,1,19
test_248.png,1.04,37,0.93601,0.97864,1,19
test_248.png,2.08,75,0.93601,0.97864,1,19
test_248.png,5.21,188,0.93663,0.98019,0,19
test_248.png,10.42,375,0.93663,0.98019,0,19
test_249.png,0.0,0,0.88931,0.89678,42,49
test_249.png,0.21,8,0.88954,0.8981,20,49
test_249.png,0.52,19,0.89011,0.90086,12,49
test_249.png,1.04,37,0.89075,0.90349,7,49
test_249.png,2.08,75,0.89075,0.90349,7,49
test_249.png,5.21,188,0.89447,0.90993,2,49
test_249.png,10.42,375,0.89447,0.90993,2,49
test_250.png,0.0,0,0.77042,0.77289,80,48
test_250.png,0.21,8,0.77064,0.77663,34,48
test_250.png,0.52,19,0.77071,0.77775,25,48
test_250.png,1.04,37,0.77118,0.77898,23,48
test_250.png,2.08,75,0.77094,0.78235,17,48
test_250.png,5.21,188,0.77399,0.79029,13,47
test_250.png,10.42,375,0.77383,0.79448,9,43
test_251.png,0.0,0,0.3348,0.36532,213,10
test_251.png,0.21,8,0.33417,0.36546,116,10
test_251.png,0.52,19,0.33348,0.36551,91,9
test_251.png,1.04,37,0.33231,0.36538,69,9
test_251.png,2.08,75,0.33095,0.36391,55,8
test_251.png,5.21,188,0.32302,0.35468,29,3
test_251.png,10.42,375,0.32044,0.34731,18,1
test_252.png,0.0,0,0.48865,0.54541,177,16
test_252.png,0.21,8,0.4891,0.54872,87,16
test_252.png,0.52,19,0.48948,0.55052,66,16
test_252.png,1.04,37,0.49055,0.5532,54,16
test_252.png,2.08,75,0.48833,0.54983,41,14
test_252.png,5.21,188,0.4859,0.549,29,12
test_252.png,10.42,375,0.48715,0.552,21,10
test_253.png,0.0,0,0.81889,0.91272,64,25
test_253.png,0.21,8,0.81905,0.91553,22,25
test_253.png,0.52,19,0.81897,0.9169,17,25
test_253.png,1.04,37,0.81851,0.91724,10,24
test_253.png,2.08,75,0.81934,0.91944,8,24
test_253.png,5.21,188,0.82293,0.92604,4,24
test_253.png,10.42,375,0.82092,0.92457,2,23
test_254.png,0.0,0,0.81455,0.79986,94,41
test_254.png,0.21,8,0.81477,0.80291,49,41
test_254.png,0.52,19,0.81524,0.80673,34,41
test_254.png,1.04,37,0.81569,0.80931,29,40
test_254.png,2.08,75,0.81653,0.81474,19,38
test_254.png,5.21,188,0.82515,0.8399,9,36
test_254.png,10.42,375,0.8326,0.85587,5,35
test_255.png,0.0,0,0.09986,0.0912,241,14
test_255.png,0.21,8,0.09885,0.09092,132,14
test_255.png,0.52,19,0.0977,0.08886,100,14
test_255.png,1.04,37,0.09556,0.08847,79,14
test_255.png,2.08,75,0.09176,0.08155,60,13
test_255.png,5.21,188,0.07713,0.07015,34,12
test_255.png,10.42,375,0.06023,0.06683,20,10
test_256.png,0.0,0,0.46042,0.2162,149,36
test_256.png,0.21,8,0.45883,0.21368,68,36
test_256.png,0.52,19,0.45579,0.20794,52,35
test_256.png,1.04,37,0.45329,0.20663,41,35
test_256.png,2.08,75,0.45048,0.20686,34,32
test_256.png,5.21,188,0.43124,0.20135,22,29
test_256.png,10.42,375,0.39504,0.16745,11,23
test_257.png,0.0,0,0.80242,0.79566,105,32
test_257.png,0.21,8,0.8026,0.79895,53,32
test_257.png,0.52,19,0.80332,0.80252,41,32
test_257.png,1.04,37,0.80392,0.80599,34,32
test_257.png,2.08,75,0.80675,0.81278,26,30
test_257.png,5.21,188,0.81174,0.82375,16,29
test_257.png,10.42,375,0.82373,0.85054,5,22
test_258.png,0.0,0,0.72207,0.73788,126,13
test_258.png,0.21,8,0.72242,0.74197,74,13
test_258.png,0.52,19,0.72323,0.7452,61,13
test_258.png,1.04,37,0.72442,0.74937,46,13
test_258.png,2.08,75,0.72837,0.75975,33,12
test_258.png,5.21,188,0.73018,0.7756,19,8
test_258.png,10.42,375,0.72488,0.77228,16,8
test_259.png,0.0,0,0.42378,0.44354,227,43
test_259.png,0.21,8,0.42432,0.44762,116,43
test_259.png,0.52,19,0.42389,0.44796,97,42
test_259.png,1.04,37,0.4232,0.44822,74,42
test_259.png,2.08,75,0.42487,0.45304,54,41
test_259.png,5.21,188,0.41513,0.44296,38,38
test_259.png,10.42,375,0.41428,0.44566,26,38
test_260.png,0.0,0,0.14036,0.11585,246,34
test_260.png,0.21,8,0.13927,0.11576,120,34
test_260.png,0.52,19,0.13797,0.1132,91,33
test_260.png,1.04,37,0.13622,0.11084,77,32
test_260.png,2.08,75,0.13491,0.10878,59,32
test_260.png,5.21,188,0.12288,0.10152,39,27
test_260.png,10.42,375,0.0999,0.09108,23,17
test_261.png,0.0,0,0.91428,0.97005,32,8
test_261.png,0.21,8,0.91432,0.9708,15,8
test_261.png,0.52,19,0.91443,0.97106,10,8
test_261.png,1.04,37,0.91485,0.97295,5,8
test_261.png,2.08,75,0.91512,0.97472,2,8
test_261.png,5.21,188,0.91512,0.97472,2,8
test_261.png,10.42,375,0.91573,0.97686,1,8
test_262.png,0.0,0,0.73858,0.79453,142,12
test_262.png,0.21,8,0.73805,0.79653,64,12
test_262.png,0.52,19,0.73792,0.79756,47,12
test_262.png,1.04,37,0.73808,0.80006,36,12
test_262.png,2.08,75,0.73814,0.8031,28,11
test_262.png,5.21,188,0.7338,0.80212,16,8
test_262.png,10.42,375,0.72422,0.78967,10,4
test_263.png,0.0,0,0.88807,0.95441,34,7
test_263.png,0.21,8,0.88833,0.95642,15,7
test_263.png,0.52,19,0.88854,0.95784,9,7
test_263.png,1.04,37,0.88873,0.95829,8,7
test_263.png,2.08,75,0.89002,0.96145,4,7
test_263.png,5.21,188,0.89185,0.96474,2,7
test_263.png,10.42,375,0.89352,0.96744,1,7
test_264.png,0.0,0,0.40868,0.45434,192,34
test_264.png,0.21,8,0.40786,0.45403,98,34
test_264.png,0.52,19,0.40718,0.45415,80,34
test_264.png,1.04,37,0.4042,0.44957,65,34
test_264.png,2.08,75,0.4056,0.45353,54,34
test_264.png,5.21,188,0.3992,0.44748,38,33
test_264.png,10.42,375,0.38743,0.43743,24,31
test_265.png,0.0,0,0.32477,0.37834,211,33
test_265.png,0.21,8,0.32446,0.38029,119,33
test_265.png,0.52,19,0.32516,0.38458,85,33
test_265.png,1.04,37,0.32678,0.38895,66,31
test_265.png,2.08,75,0.32439,0.38998,49,30
test_265.png,5.21,188,0.32387,0.3904,38,30
test_265.png,10.42,375,0.32695,0.39716,24,25
test_266.png,0.0,0,0.50519,0.57313,195,11
test_266.png,0.21,8,0.50471,0.57531,107,11
test_266.png,0.52,19,0.50549,0.57816,82,11
test_266.png,1.04,37,0.50603,0.58144,65,11
test_266.png,2.08,75,0.50445,0.58075,56,11
test_266.png,5.21,188,0.50433,0.58184,31,6
test_266.png,10.42,375,0.49372,0.56901,22,4
test_267.png,0.0,0,0.60835,0.6431,75,14
test_267.png,0.21,8,0.60749,0.64358,42,14
test_267.png,0.52,19,0.60761,0.64899,28,13
test_267.png,1.04,37,0.60639,0.64932,23,13
test_267.png,2.08,75,0.60768,0.65434,20,13
test_267.png,5.21,188,0.59531,0.65025,13,12
test_267.png,10.42,375,0.58742,0.64806,10,12
test_268.png,0.0,0,0.56841,0.52405,99,34
test_268.png,0.21,8,0.56656,0.52372,52,34
test_268.png,0.52,19,0.56364,0.52042,39,34
test_268.png,1.04,37,0.56203,0.52099,29,34
test_268.png,2.08,75,0.55823,0.51801,23,34
test_268.png,5.21,188,0.55481,0.52233,15,33
test_268.png,10.42,375,0.5557,0.52881,11,32
test_269.png,0.0,0,0.82945,0.82884,51,43
test_269.png,0.21,8,0.82968,0.83246,23,43
test_269.png,0.52,19,0.82982,0.83368,18,43
test_269.png,1.04,37,0.82953,0.83208,17,43
test_269.png,2.08,75,0.82988,0.83259,16,43
test_269.png,5.21,188,0.83447,0.84476,7,42
test_269.png,10.42,375,0.84031,0.85346,4,41
test_270.png,0.0,0,0.37323,0.4096,241,1
test_270.png,0.21,8,0.37323,0.41181,123,1
test_270.png,0.52,19,0.37361,0.41384,93,1
test_270.png,1.04,37,0.37235,0.41333,72,1
test_270.png,2.08,75,0.36978,0.41045,58,0
test_270.png,5.21,188,0.36011,0.39005,39,4
test_270.png,10.42,375,0.34439,0.37554,25,6
test_271.png,0.0,0,0.69327,0.71723,51,25
test_271.png,0.21,8,0.6935,0.71917,34,25
test_271.png,0.52,19,0.69409,0.72244,28,25
test_271.png,1.04,37,0.69602,0.73086,18,24
test_271.png,2.08,75,0.69765,0.73584,14,24
test_271.png,5.21,188,0.70288,0.74756,9,21
test_271.png,10.42,375,0.71188,0.76622,5,21
test_272.png,0.0,0,0.70606,0.75499,60,27
test_272.png,0.21,8,0.70614,0.75715,35,27
test_272.png,0.52,19,0.70653,0.75897,26,27
test_272.png,1.04,37,0.70574,0.75815,21,27
test_272.png,2.08,75,0.70618,0.75937,20,27
test_272.png,5.21,188,0.71483,0.77793,11,27
test_272.png,10.42,375,0.70627,0.76727,9,26
test_273.png,0.0,0,0.28736,0.15249,195,34
test_273.png,0.21,8,0.28744,0.15097,104,34
test_273.png,0.52,19,0.28752,0.15127,80,33
test_273.png,1.04,37,0.28559,0.15097,65,33
test_273.png,2.08,75,0.28381,0.15126,47,33
test_273.png,5.21,188,0.28306,0.15322,28,27
test_273.png,10.42,375,0.27046,0.1409,17,23
test_274.png,0.0,0,0.69288,0.66201,70,71
test_274.png,0.21,8,0.69322,0.6657,31,71
test_274.png,0.52,19,0.69391,0.66897,22,71
test_274.png,1.04,37,0.69448,0.6714,19,71
test_274.png,2.08,75,0.69557,0.67611,13,71
test_274.png,5.21,188,0.69731,0.68105,9,69
test_274.png,10.42,375,0.70132,0.68882,7,68
test_275.png,0.0,0,0.80496,0.9415,27,9
test_275.png,0.21,8,0.80522,0.94273,15,9
test_275.png,0.52,19,0.80551,0.94376,8,9
test_275.png,1.04,37,0.80569,0.94422,7,9
test_275.png,2.08,75,0.80658,0.94599,4,9
test_275.png,5.21,188,0.80701,0.94654,3,9
test_275.png,10.42,375,0.80889,0.94766,2,9
test_276.png,0.0,0,0.5687,0.53271,191,46
test_276.png,0.21,8,0.56961,0.53839,81,46
test_276.png,0.52,19,0.56957,0.54102,52,45
test_276.png,1.04,37,0.57087,0.54577,44,44
test_276.png,2.08,75,0.57333,0.55164,33,43
test_276.png,5.21,188,0.57162,0.55229,22,42
test_276.png,10.42,375,0.5746,0.55736,16,41
test_277.png,0.0,0,0.14694,0.08733,245,40
test_277.png,0.21,8,0.1476,0.08871,136,40
test_277.png,0.52,19,0.14861,0.08957,94,40
test_277.png,1.04,37,0.15006,0.09068,75,40
test_277.png,2.08,75,0.14845,0.09007,55,39
test_277.png,5.21,188,0.14503,0.08364,29,36
test_277.png,10.42,375,0.15123,0.08679,22,30
test_278.png,0.0,0,0.86492,0.83728,80,31
test_278.png,0.21,8,0.86534,0.84199,36,31
test_278.png,0.52,19,0.86568,0.84384,28,31
test_278.png,1.04,37,0.8666,0.84675,21,31
test_278.png,2.08,75,0.86955,0.85553,10,31
test_278.png,5.21,188,0.87021,0.85708,9,31
test_278.png,10.42,375,0.87564,0.86902,5,30
test_279.png,0.0,0,0.65079,0.60677,142,23
test_279.png,0.21,8,0.65163,0.61353,66,23
test_279.png,0.52,19,0.65285,0.61962,46,23
test_279.png,1.04,37,0.65336,0.62252,37,23
test_279.png,2.08,75,0.65431,0.62766,28,22
test_279.png,5.21,188,0.65474,0.6342,21,22
test_279.png,10.42,375,0.66216,0.65098,16,18
test_280.png,0.0,0,0.80671,0.65257,160,44
test_280.png,0.21,8,0.80793,0.66048,75,44
test_280.png,0.52,19,0.81018,0.67034,49,44
test_280.png,1.04,37,0.81099,0.67458,44,44
test_280.png,2.08,75,0.81448,0.69131,33,43
test_280.png,5.21,188,0.83411,0.77971,8,43
test_280.png,10.42,375,0.83841,0.80215,5,43
test_281.png,0.0,0,0.52834,0.50175,230,69
test_281.png,0.21,8,0.52893,0.506,113,69
test_281.png,0.52,19,0.52972,0.50823,81,69
test_281.png,1.04,37,0.53347,0.51625,53,69
test_281.png,2.08,75,0.53587,0.52002,40,69
test_281.png,5.21,188,0.54164,0.52627,23,68
test_281.png,10.42,375,0.5548,0.5425,14,64
test_282.png,0.0,0,0.77455,0.85969,28,23
test_282.png,0.21,8,0.77479,0.86073,13,23
test_282.png,0.52,19,0.77521,0.86237,9,22
test_282.png,1.04,37,0.7758,0.86367,6,22
test_282.png,2.08,75,0.77648,0.86513,4,22
test_282.png,5.21,188,0.77776,0.86615,3,22
test_282.png,10.42,375,0.77953,0.86874,2,21
test_283.png,0.0,0,0.91374,0.89608,41,7
test_283.png,0.21,8,0.91403,0.89842,21,7
test_283.png,0.52,19,0.91429,0.90005,17,7
test_283.png,1.04,37,0.91495,0.90329,12,7
test_283.png,2.08,75,0.91605,0.90722,9,7
test_283.png,5.21,188,0.91875,0.91588,5,7
test_283.png,10.42,375,0.92172,0.92132,3,7
test_284.png,0.0,0,0.58917,0.45901,71,37
test_284.png,0.21,8,0.5902,0.46446,37,37
test_284.png,0.52,19,0.59101,0.46645,30,37
test_284.png,1.04,37,0.59246,0.46998,26,37
test_284.png,2.08,75,0.59775,0.4809,18,36
test_284.png,5.21,188,0.60797,0.49932,12,36
test_284.png,10.42,375,0.62607,0.53148,7,35
test_285.png,0.0,0,0.18413,0.02616,171,24
test_285.png,0.21,8,0.18303,0.02616,88,24
test_285.png,0.52,19,0.18289,0.02617,74,24
test_285.png,1.04,37,0.18056,0.02526,63,23
test_285.png,2.08,75,0.1764,0.02254,51,23
test_285.png,5.21,188,0.16279,0.01797,34,20
test_285.png,10.42,375,0.12774,0.01701,21,16
test_286.png,0.0,0,0.61391,0.55102,107,52
test_286.png,0.21,8,0.61475,0.55562,47,52
test_286.png,0.52,19,0.61573,0.55812,39,52
test_286.png,1.04,37,0.61754,0.56205,31,52
test_286.png,2.08,75,0.62005,0.57011,23,52
test_286.png,5.21,188,0.62267,0.57782,18,51
test_286.png,10.42,375,0.6412,0.61168,10,49
test_287.png,0.0,0,0.83507,0.91548,65,31
test_287.png,0.21,8,0.83567,0.91838,29,31
test_287.png,0.52,19,0.83615,0.92009,23,31
test_287.png,1.04,37,0.83753,0.92284,16,31
test_287.png,2.08,75,0.83929,0.92661,12,31
test_287.png,5.21,188,0.84422,0.93468,6,30
test_287.png,10.42,375,0.85101,0.94339,3,29
test_288.png,0.0,0,0.31463,0.26293,198,30
test_288.png,0.21,8,0.31435,0.26354,111,30
test_288.png,0.52,19,0.31455,0.26489,85,30
test_288.png,1.04,37,0.31354,0.26702,66,30
test_288.png,2.08,75,0.31362,0.26444,53,29
test_288.png,5.21,188,0.30965,0.26312,29,26
test_288.png,10.42,375,0.28656,0.25911,15,19
test_289.png,0.0,0,0.35952,0.2926,135,54
test_289.png,0.21,8,0.36015,0.29588,71,54
test_289.png,0.52,19,0.36111,0.29856,51,54
test_289.png,1.04,37,0.36166,0.29915,37,54
test_289.png,2.08,75,0.36394,0.30527,29,53
test_289.png,5.21,188,0.36813,0.31202,22,52
test_289.png,10.42,375,0.37516,0.32052,16,52
test_290.png,0.0,0,0.02274,0.02691,164,10
test_290.png,0.21,8,0.02247,0.02662,76,10
test_290.png,0.52,19,0.02002,0.02368,51,10
test_290.png,1.04,37,0.01936,0.02209,41,10
test_290.png,2.08,75,0.01626,0.01503,23,8
test_290.png,5.21,188,0.01127,0.01398,9,2
test_290.png,10.42,375,0.0,0.0,3,6
test_291.png,0.0,0,0.46699,0.44752,52,16
test_291.png,0.21,8,0.46754,0.45142,24,16
test_291.png,0.52,19,0.46802,0.45374,19,16
test_291.png,1.04,37,0.46854,0.45525,16,16
test_291.png,2.08,75,0.47085,0.46161,11,15
test_291.png,5.21,188,0.475,0.4709,7,13
test_291.png,10.42,375,0.48153,0.48533,4,13
test_292.png,0.0,0,0.58826,0.69328,32,10
test_292.png,0.21,8,0.5883,0.69451,11,10
test_292.png,0.52,19,0.58832,0.69469,8,10
test_292.png,1.04,37,0.58796,0.69447,6,10
test_292.png,2.08,75,0.58753,0.6947,4,10
test_292.png,5.21,188,0.58807,0.69567,3,10
test_292.png,10.42,375,0.58807,0.69567,3,10
test_293.png,0.0,0,0.819,0.83763,80,28
test_293.png,0.21,8,0.81967,0.84309,35,28
test_293.png,0.52,19,0.82053,0.84668,25,28
test_293.png,1.04,37,0.82114,0.84832,21,28
test_293.png,2.08,75,0.8235,0.85757,14,28
test_293.png,5.21,188,0.83161,0.87691,6,27
test_293.png,10.42,375,0.83522,0.88334,4,27
test_294.png,0.0,0,0.89277,0.96383,32,15
test_294.png,0.21,8,0.893,0.96462,11,15
test_294.png,0.52,19,0.89312,0.96515,5,15
test_294.png,1.04,37,0.89264,0.96483,1,15
test_294.png,2.08,75,0.89369,0.96608,4,15
test_294.png,5.21,188,0.89369,0.96608,4,15
test_294.png,10.42,375,0.89369,0.96608,4,15
test_295.png,0.0,0,0.68417,0.61517,73,52
test_295.png,0.21,8,0.68406,0.61595,32,52
test_295.png,0.52,19,0.68436,0.61769,22,52
test_295.png,1.04,37,0.68514,0.6199,17,52
test_295.png,2.08,75,0.685,0.6204,15,52
test_295.png,5.21,188,0.68962,0.62848,10,52
test_295.png,10.42,375,0.68845,0.63131,5,52
test_296.png,0.0,0,0.25385,0.28006,244,20
test_296.png,0.21,8,0.25277,0.28045,133,20
test_296.png,0.52,19,0.24999,0.27783,94,20
test_296.png,1.04,37,0.24924,0.2796,75,20
test_296.png,2.08,75,0.2472,0.28118,53,14
test_296.png,5.21,188,0.2347,0.27254,35,13
test_296.png,10.42,375,0.22774,0.26209,23,10
test_297.png,0.0,0,0.78092,0.81801,97,22
test_297.png,0.21,8,0.78168,0.82226,51,22
test_297.png,0.52,19,0.78226,0.82392,42,22
test_297.png,1.04,37,0.78398,0.82913,34,21
test_297.png,2.08,75,0.78708,0.83673,26,20
test_297.png,5.21,188,0.7966,0.85241,16,17
test_297.png,10.42,375,0.81346,0.87354,9,16
test_298.png,0.0,0,0.4875,0.3624,170,49
test_298.png,0.21,8,0.48931,0.37049,79,49
test_298.png,0.52,19,0.49097,0.37451,59,49
test_298.png,1.04,37,0.49401,0.38064,44,48
test_298.png,2.08,75,0.49805,0.38973,32,47
test_298.png,5.21,188,0.50581,0.4006,24,45
test_298.png,10.42,375,0.52165,0.42029,17,41
test_299.png,0.0,0,0.70397,0.67622,49,23
test_299.png,0.21,8,0.70416,0.67767,29,23
test_299.png,0.52,19,0.70467,0.67971,20,23
test_299.png,1.04,37,0.70512,0.68102,17,23
test_299.png,2.08,75,0.70744,0.68818,9,22
test_299.png,5.21,188,0.71008,0.69252,3,22
test_299.png,10.42,375,0.71325,0.69904,1,22
test_300.png,0.0,0,0.64592,0.52103,113,51
test_300.png,0.21,8,0.64658,0.52578,59,51
test_300.png,0.52,19,0.64758,0.53142,47,51
test_300.png,1.04,37,0.64875,0.53583,40,51
test_300.png,2.08,75,0.65143,0.54307,32,50
test_300.png,5.21,188,0.66055,0.56274,18,49
test_300.png,10.42,375,0.67193,0.58795,10,47
test_301.png,0.0,0,0.77162,0.72327,116,35
test_301.png,0.21,8,0.77243,0.72867,57,35
test_301.png,0.52,19,0.77312,0.73218,49,34
test_301.png,1.04,37,0.7746,0.7371,39,34
test_301.png,2.08,75,0.77686,0.74254,32,33
test_301.png,5.21,188,0.7875,0.76919,20,23
test_301.png,10.42,375,0.80989,0.81484,8,21
test_302.png,0.0,0,0.78756,0.70631,87,41
test_302.png,0.21,8,0.78836,0.71129,40,41
test_302.png,0.52,19,0.78962,0.71683,29,41
test_302.png,1.04,37,0.79155,0.72535,22,41
test_302.png,2.08,75,0.79448,0.73408,15,41
test_302.png,5.21,188,0.80298,0.75404,8,41
test_302.png,10.42,375,0.8084,0.76713,6,40
test_303.png,0.0,0,0.6274,0.40519,172,39
test_303.png,0.21,8,0.62931,0.41276,76,39
test_303.png,0.52,19,0.63058,0.41602,61,39
test_303.png,1.04,37,0.63329,0.42369,48,39
test_303.png,2.08,75,0.63985,0.44041,33,39
test_303.png,5.21,188,0.6493,0.46983,22,38
test_303.png,10.42,375,0.67933,0.56021,8,35
test_304.png,0.0,0,0.80374,0.83889,50,50
test_304.png,0.21,8,0.80405,0.84222,20,50
test_304.png,0.52,19,0.8046,0.84454,14,50
test_304.png,1.04,37,0.80548,0.84791,10,49
test_304.png,2.08,75,0.8064,0.85082,7,49
test_304.png,5.21,188,0.81001,0.85251,2,49
test_304.png,10.42,375,0.81225,0.85541,1,49
test_305.png,0.0,0,0.26154,0.23051,265,61
test_305.png,0.21,8,0.26049,0.22964,138,61
test_305.png,0.52,19,0.25897,0.22586,111,61
test_305.png,1.04,37,0.25441,0.22245,91,61
test_305.png,2.08,75,0.25437,0.22441,73,58
test_305.png,5.21,188,0.23876,0.21721,39,53
test_305.png,10.42,375,0.20954,0.19896,23,46
test_306.png,0.0,0,0.91091,0.90993,58,8
test_306.png,0.21,8,0.91178,0.91852,25,8
test_306.png,0.52,19,0.91341,0.92507,15,8
test_306.png,1.04,37,0.91472,0.92904,11,8
test_306.png,2.08,75,0.91768,0.93815,7,8
test_306.png,5.21,188,0.92728,0.96148,1,6
test_306.png,10.42,375,0.93015,0.96882,0,5
test_307.png,0.0,0,0.85208,0.90916,18,15
test_307.png,0.21,8,0.8524,0.91272,5,15
test_307.png,0.52,19,0.85247,0.91327,4,15
test_307.png,1.04,37,0.85264,0.91428,3,15
test_307.png,2.08,75,0.85317,0.9163,2,15
test_307.png,5.21,188,0.85585,0.92141,0,15
test_307.png,10.42,375,0.85585,0.92141,0,15
test_308.png,0.0,0,0.67964,0.66579,163,18
test_308.png,0.21,8,0.68118,0.67694,85,18
test_308.png,0.52,19,0.6852,0.69077,58,17
test_308.png,1.04,37,0.68953,0.70296,39,17
test_308.png,2.08,75,0.69359,0.71267,27,16
test_308.png,5.21,188,0.70527,0.73491,16,12
test_308.png,10.42,375,0.71443,0.74809,10,10
test_309.png,0.0,0,0.82622,0.82339,94,55
test_309.png,0.21,8,0.82674,0.82841,43,55
test_309.png,0.52,19,0.82765,0.83299,34,55
test_309.png,1.04,37,0.82912,0.83765,25,55
test_309.png,2.08,75,0.83147,0.84467,18,55
test_309.png,5.21,188,0.8316,0.84832,11,52
test_309.png,10.42,375,0.83972,0.8633,7,52
test_310.png,0.0,0,0.85436,0.87741,70,19
test_310.png,0.21,8,0.85447,0.87975,34,19
test_310.png,0.52,19,0.8549,0.8826,25,19
test_310.png,1.04,37,0.85601,0.88689,19,19
test_310.png,2.08,75,0.85624,0.88805,16,19
test_310.png,5.21,188,0.85768,0.89093,10,17
test_310.png,10.42,375,0.85837,0.8983,6,16
test_311.png,0.0,0,0.84288,0.8177,15,16
test_311.png,0.21,8,0.84299,0.81889,9,16
test_311.png,0.52,19,0.84312,0.81956,7,16
test_311.png,1.04,37,0.84331,0.82001,6,16
test_311.png,2.08,75,0.84331,0.82001,6,16
test_311.png,5.21,188,0.84456,0.82505,4,16
test_311.png,10.42,375,0.84628,0.82854,3,15
test_312.png,0.0,0,0.81881,0.87444,58,14
test_312.png,0.21,8,0.81934,0.87845,20,14
test_312.png,0.52,19,0.81943,0.87873,17,14
test_312.png,1.04,37,0.81975,0.87988,14,14
test_312.png,2.08,75,0.82015,0.88196,9,13
test_312.png,5.21,188,0.82505,0.89137,2,13
test_312.png,10.42,375,0.82354,0.89233,1,12
test_313.png,0.0,0,0.29992,0.3094,107,32
test_313.png,0.21,8,0.29986,0.31052,39,32
test_313.png,0.52,19,0.30017,0.31376,20,32
test_313.png,1.04,37,0.30081,0.31818,10,32
test_313.png,2.08,75,0.30131,0.3218,6,32
test_313.png,5.21,188,0.30063,0.322,1,32
test_313.png,10.42,375,0.30115,0.32394,0,32
test_314.png,0.0,0,0.6959,0.67766,59,20
test_314.png,0.21,8,0.69662,0.6835,19,20
test_314.png,0.52,19,0.69697,0.68518,14,20
test_314.png,1.04,37,0.69754,0.68891,11,20
test_314.png,2.08,75,0.6991,0.69372,8,20
test_314.png,5.21,188,0.6991,0.69372,8,20
test_314.png,10.42,375,0.70112,0.69878,7,20
test_315.png,0.0,0,0.92538,0.93873,64,14
test_315.png,0.21,8,0.92596,0.94232,20,14
test_315.png,0.52,19,0.9263,0.9434,15,14
test_315.png,1.04,37,0.92691,0.94497,12,14
test_315.png,2.08,75,0.92839,0.94874,8,14
test_315.png,5.21,188,0.93118,0.95551,3,11
test_315.png,10.42,375,0.93395,0.96045,1,10
test_316.png,0.0,0,0.1985,0.22029,141,64
test_316.png,0.21,8,0.19814,0.22122,54,64
test_316.png,0.52,19,0.1982,0.2224,39,64
test_316.png,1.04,37,0.19641,0.21835,30,64
test_316.png,2.08,75,0.19387,0.21544,27,64
test_316.png,5.21,188,0.18219,0.19948,18,62
test_316.png,10.42,375,0.16484,0.18236,13,60
test_317.png,0.0,0,0.308,0.26868,288,57
test_317.png,0.21,8,0.30663,0.26803,131,57
test_317.png,0.52,19,0.30504,0.26627,105,56
test_317.png,1.04,37,0.30322,0.26166,71,54
test_317.png,2.08,75,0.3028,0.26418,52,54
test_317.png,5.21,188,0.29516,0.26058,34,54
test_317.png,10.42,375,0.27448,0.23746,24,51
test_318.png,0.0,0,0.89711,0.87391,36,19
test_318.png,0.21,8,0.89734,0.87563,18,19
test_318.png,0.52,19,0.89755,0.87662,15,19
test_318.png,1.04,37,0.89806,0.87935,12,19
test_318.png,2.08,75,0.90124,0.8931,2,18
test_318.png,5.21,188,0.90124,0.8931,2,18
test_318.png,10.42,375,0.90124,0.8931,2,18
test_319.png,0.0,0,0.5876,0.60208,164,18
test_319.png,0.21,8,0.58792,0.60741,74,18
test_319.png,0.52,19,0.58643,0.60613,58,18
test_319.png,1.04,37,0.58546,0.60469,48,18
test_319.png,2.08,75,0.58343,0.60319,40,18
test_319.png,5.21,188,0.57928,0.60147,29,15
test_319.png,10.42,375,0.56917,0.59555,21,13
test_320.png,0.0,0,0.49756,0.53392,257,45
test_320.png,0.21,8,0.49713,0.5357,144,45
test_320.png,0.52,19,0.49724,0.53747,111,45
test_320.png,1.04,37,0.49639,0.54002,86,44
test_320.png,2.08,75,0.49467,0.5401,66,44
test_320.png,5.21,188,0.49523,0.54489,41,42
test_320.png,10.42,375,0.47861,0.52991,29,41
test_321.png,0.0,0,0.35816,0.42757,132,17
test_321.png,0.21,8,0.3562,0.42436,69,17
test_321.png,0.52,19,0.35416,0.42134,53,17
test_321.png,1.04,37,0.34825,0.41349,42,15
test_321.png,2.08,75,0.35015,0.41832,36,15
test_321.png,5.21,188,0.34665,0.41887,25,15
test_321.png,10.42,375,0.32397,0.40505,16,13
test_322.png,0.0,0,0.50608,0.49787,203,38
test_322.png,0.21,8,0.50395,0.49666,99,38
test_322.png,0.52,19,0.50269,0.49556,81,38
test_322.png,1.04,37,0.50026,0.4929,66,38
test_322.png,2.08,75,0.4977,0.49418,54,36
test_322.png,5.21,188,0.4803,0.47845,39,36
test_322.png,10.42,375,0.44399,0.44836,26,32
test_323.png,0.0,0,0.17084,0.18576,196,10
test_323.png,0.21,8,0.16795,0.1825,106,10
test_323.png,0.52,19,0.16636,0.17953,85,10
test_323.png,1.04,37,0.16316,0.17617,67,8
test_323.png,2.08,75,0.15712,0.17661,42,5
test_323.png,5.21,188,0.15271,0.18586,21,5
test_323.png,10.42,375,0.15875,0.21599,5,4
test_324.png,0.0,0,0.89359,0.94343,49,7
test_324.png,0.21,8,0.89387,0.94594,27,7
test_324.png,0.52,19,0.89434,0.9498,13,7
test_324.png,1.04,37,0.8951,0.95295,8,7
test_324.png,2.08,75,0.89604,0.95776,5,7
test_324.png,5.21,188,0.89796,0.96263,2,7
test_324.png,10.42,375,0.8994,0.96505,1,7
test_325.png,0.0,0,0.90901,0.98591,9,5
test_325.png,0.21,8,0.90906,0.98652,3,5
test_325.png,0.52,19,0.90895,0.98658,1,5
test_325.png,1.04,37,0.90895,0.98658,1,5
test_325.png,2.08,75,0.90923,0.9872,0,5
test_325.png,5.21,188,0.90923,0.9872,0,5
test_325.png,10.42,375,0.90923,0.9872,0,5
test_326.png,0.0,0,0.92955,0.98225,16,14
test_326.png,0.21,8,0.9295,0.98259,4,14
test_326.png,0.52,19,0.92951,0.98301,2,14
test_326.png,1.04,37,0.92951,0.98301,2,14
test_326.png,2.08,75,0.92995,0.9842,1,14
test_326.png,5.21,188,0.92937,0.97954,0,14
test_326.png,10.42,375,0.92937,0.97954,0,14
test_327.png,0.0,0,0.78528,0.8727,12,5
test_327.png,0.21,8,0.78515,0.87266,7,5
test_327.png,0.52,19,0.7851,0.87343,5,5
test_327.png,1.04,37,0.78511,0.87428,4,5
test_327.png,2.08,75,0.78492,0.87427,3,5
test_327.png,5.21,188,0.7837,0.87544,1,5
test_327.png,10.42,375,0.7837,0.87544,1,5
test_328.png,0.0,0,0.88505,0.95992,26,24
test_328.png,0.21,8,0.88481,0.95981,11,24
test_328.png,0.52,19,0.88465,0.95978,8,24
test_328.png,1.04,37,0.88439,0.95948,7,24
test_328.png,2.08,75,0.88373,0.95829,5,24
test_328.png,5.21,188,0.88302,0.9572,4,24
test_328.png,10.42,375,0.8814,0.9551,3,24
test_329.png,0.0,0,0.9371,0.97937,5,5
test_329.png,0.21,8,0.93716,0.97983,2,5
test_329.png,0.52,19,0.93722,0.98035,1,5
test_329.png,1.04,37,0.93736,0.98163,0,5
test_329.png,2.08,75,0.93736,0.98163,0,5
test_329.png,5.21,188,0.93736,0.98163,0,5
test_329.png,10.42,375,0.93736,0.98163,0,5
test_330.png,0.0,0,0.91757,0.99295,2,6
test_330.png,0.21,8,0.91757,0.99295,1,6
test_330.png,0.52,19,0.91757,0.99295,1,6
test_330.png,1.04,37,0.91757,0.99295,1,6
test_330.png,2.08,75,0.91729,0.99247,0,6
test_330.png,5.21,188,0.91729,0.99247,0,6
test_330.png,10.42,375,0.91729,0.99247,0,6
test_331.png,0.0,0,0.66584,0.57877,103,58
test_331.png,0.21,8,0.6656,0.57823,49,58
test_331.png,0.52,19,0.66595,0.57835,33,58
test_331.png,1.04,37,0.66673,0.57986,28,58
test_331.png,2.08,75,0.66608,0.58187,20,58
test_331.png,5.21,188,0.66134,0.58286,9,58
test_331.png,10.42,375,0.66469,0.58649,7,58
test_332.png,0.0,0,0.95291,0.98226,0,4
test_332.png,0.21,8,0.95291,0.98226,0,4
test_332.png,0.52,19,0.95291,0.98226,0,4
test_332.png,1.04,37,0.95291,0.98226,0,4
test_332.png,2.08,75,0.95291,0.98226,0,4
test_332.png,5.21,188,0.95291,0.98226,0,4
test_332.png,10.42,375,0.95291,0.98226,0,4
test_333.png,0.0,0,0.89232,0.95701,33,7
test_333.png,0.21,8,0.89217,0.95824,8,7
test_333.png,0.52,19,0.89207,0.95842,5,7
test_333.png,1.04,37,0.89207,0.95842,5,7
test_333.png,2.08,75,0.89235,0.95934,2,7
test_333.png,5.21,188,0.89078,0.95667,1,7
test_333.png,10.42,375,0.89078,0.95667,1,7
test_334.png,0.0,0,0.9203,0.99045,8,3
test_334.png,0.21,8,0.92036,0.99094,2,3
test_334.png,0.52,19,0.9203,0.99075,1,3
test_334.png,1.04,37,0.9203,0.99075,1,3
test_334.png,2.08,75,0.9203,0.99075,1,3
test_334.png,5.21,188,0.91932,0.9879,0,3
test_334.png,10.42,375,0.91932,0.9879,0,3
test_335.png,0.0,0,0.89214,0.92574,69,23
test_335.png,0.21,8,0.89202,0.92739,35,23
test_335.png,0.52,19,0.89237,0.9306,23,23
test_335.png,1.04,37,0.89254,0.93274,17,23
test_335.png,2.08,75,0.89422,0.94029,11,22
test_335.png,5.21,188,0.89621,0.94834,5,22
test_335.png,10.42,375,0.89723,0.95361,2,22
test_336.png,0.0,0,0.5247,0.5125,174,48
test_336.png,0.21,8,0.52319,0.51271,84,48
test_336.png,0.52,19,0.5214,0.51024,68,48
test_336.png,1.04,37,0.51902,0.50918,57,48
test_336.png,2.08,75,0.51455,0.5088,47,46
test_336.png,5.21,188,0.49816,0.49392,32,41
test_336.png,10.42,375,0.4623,0.45359,17,31
test_337.png,0.0,0,0.53499,0.35457,205,36
test_337.png,0.21,8,0.53381,0.35342,104,36
test_337.png,0.52,19,0.53353,0.35019,79,36
test_337.png,1.04,37,0.53055,0.34644,59,35
test_337.png,2.08,75,0.52377,0.34591,39,35
test_337.png,5.21,188,0.51365,0.34412,19,33
test_337.png,10.42,375,0.50671,0.34085,13,32
test_338.png,0.0,0,0.8926,0.9446,22,32
test_338.png,0.21,8,0.89254,0.94558,7,32
test_338.png,0.52,19,0.89266,0.94679,5,32
test_338.png,1.04,37,0.89222,0.94673,3,32
test_338.png,2.08,75,0.89222,0.94673,3,32
test_338.png,5.21,188,0.89207,0.94744,2,32
test_338.png,10.42,375,0.89032,0.94155,1,32
test_339.png,0.0,0,0.92792,0.99789,6,2
test_339.png,0.21,8,0.92798,0.99836,1,2
test_339.png,0.52,19,0.92804,0.99889,0,2
test_339.png,1.04,37,0.92804,0.99889,0,2
test_339.png,2.08,75,0.92804,0.99889,0,2
test_339.png,5.21,188,0.92804,0.99889,0,2
test_339.png,10.42,375,0.92804,0.99889,0,2
test_340.png,0.0,0,0.94953,0.99904,0,1
test_340.png,0.21,8,0.94953,0.99904,0,1
test_340.png,0.52,19,0.94953,0.99904,0,1
test_340.png,1.04,37,0.94953,0.99904,0,1
test_340.png,2.08,75,0.94953,0.99904,0,1
test_340.png,5.21,188,0.94953,0.99904,0,1
test_340.png,10.42,375,0.94953,0.99904,0,1
test_341.png,0.0,0,0.20638,0.26751,166,11
test_341.png,0.21,8,0.20519,0.26599,88,11
test_341.png,0.52,19,0.20538,0.26692,74,11
test_341.png,1.04,37,0.20472,0.26708,62,11
test_341.png,2.08,75,0.20427,0.26846,55,11
test_341.png,5.21,188,0.19119,0.24693,33,10
test_341.png,10.42,375,0.16047,0.19573,14,1
test_342.png,0.0,0,0.6316,0.56341,94,22
test_342.png,0.21,8,0.63137,0.56415,45,22
test_342.png,0.52,19,0.63116,0.56558,31,22
test_342.png,1.04,37,0.63081,0.5658,26,21
test_342.png,2.08,75,0.63299,0.57251,19,21
test_342.png,5.21,188,0.63488,0.57973,13,20
test_342.png,10.42,375,0.63528,0.58689,6,20
test_343.png,0.0,0,0.90488,0.97633,12,11
test_343.png,0.21,8,0.90486,0.97665,5,11
test_343.png,0.52,19,0.90476,0.97664,4,11
test_343.png,1.04,37,0.90488,0.97753,3,10
test_343.png,2.08,75,0.90488,0.97753,3,10
test_343.png,5.21,188,0.90541,0.97836,2,10
test_343.png,10.42,375,0.90382,0.9782,1,10
test_344.png,0.0,0,0.43233,0.30987,170,15
test_344.png,0.21,8,0.43118,0.3103,104,15
test_344.png,0.52,19,0.42941,0.30966,79,15
test_344.png,1.04,37,0.42692,0.30869,68,15
test_344.png,2.08,75,0.42232,0.30581,52,15
test_344.png,5.21,188,0.4008,0.28908,22,6
test_344.png,10.42,375,0.3755,0.26466,15,6
test_345.png,0.0,0,0.80676,0.84314,38,33
test_345.png,0.21,8,0.80666,0.84395,11,33
test_345.png,0.52,19,0.80658,0.8442,9,33
test_345.png,1.04,37,0.80606,0.8437,6,33
test_345.png,2.08,75,0.80642,0.84576,3,33
test_345.png,5.21,188,0.80326,0.84131,0,32
test_345.png,10.42,375,0.80326,0.84131,0,32
test_346.png,0.0,0,0.90329,0.96305,35,6
test_346.png,0.21,8,0.90321,0.96353,16,6
test_346.png,0.52,19,0.90318,0.96411,10,6
test_346.png,1.04,37,0.90292,0.96414,5,6
test_346.png,2.08,75,0.90269,0.9638,4,6
test_346.png,5.21,188,0.90088,0.961,2,5
test_346.png,10.42,375,0.90088,0.961,2,5
test_347.png,0.0,0,0.73009,0.86466,66,34
test_347.png,0.21,8,0.72992,0.86527,38,34
test_347.png,0.52,19,0.72959,0.86534,30,34
test_347.png,1.04,37,0.72929,0.86473,28,34
test_347.png,2.08,75,0.72967,0.8672,23,34
test_347.png,5.21,188,0.72918,0.86628,22,34
test_347.png,10.42,375,0.71401,0.84667,14,35
test_348.png,0.0,0,0.81328,0.91987,27,4
test_348.png,0.21,8,0.81325,0.91994,18,4
test_348.png,0.52,19,0.813,0.91965,13,4
test_348.png,1.04,37,0.8132,0.92046,12,4
test_348.png,2.08,75,0.81395,0.92273,10,4
test_348.png,5.21,188,0.81858,0.93364,3,2
test_348.png,10.42,375,0.81858,0.93364,3,2
test_349.png,0.0,0,0.92785,0.98047,20,2
test_349.png,0.21,8,0.92805,0.98184,5,2
test_349.png,0.52,19,0.92798,0.98201,2,2
test_349.png,1.04,37,0.92811,0.98241,1,2
test_349.png,2.08,75,0.92787,0.98199,0,2
test_349.png,5.21,188,0.92787,0.98199,0,2
test_349.png,10.42,375,0.92787,0.98199,0,2
test_350.png,0.0,0,0.86671,0.98135,31,1
test_350.png,0.21,8,0.86705,0.98421,6,1
test_350.png,0.52,19,0.86702,0.9842,5,1
test_350.png,1.04,37,0.86738,0.98517,3,1
test_350.png,2.08,75,0.86819,0.98684,1,1
test_350.png,5.21,188,0.86819,0.98684,1,1
test_350.png,10.42,375,0.86622,0.98507,0,1
test_351.png,0.0,0,0.91339,0.96077,27,11
test_351.png,0.21,8,0.91355,0.96209,11,11
test_351.png,0.52,19,0.91391,0.96446,4,11
test_351.png,1.04,37,0.91418,0.96616,2,11
test_351.png,2.08,75,0.91418,0.96616,2,11
test_351.png,5.21,188,0.91418,0.96616,2,11
test_351.png,10.42,375,0.91418,0.96616,2,11
test_352.png,0.0,0,0.90351,0.9588,52,23
test_352.png,0.21,8,0.90373,0.962,25,23
test_352.png,0.52,19,0.90404,0.96455,17,23
test_352.png,1.04,37,0.90456,0.9683,9,23
test_352.png,2.08,75,0.90473,0.96943,6,23
test_352.png,5.21,188,0.90578,0.97469,1,21
test_352.png,10.42,375,0.90372,0.97299,0,21
test_353.png,0.0,0,0.90733,0.9875,8,6
test_353.png,0.21,8,0.90726,0.98762,1,6
test_353.png,0.52,19,0.90726,0.98762,1,6
test_353.png,1.04,37,0.90726,0.98762,1,6
test_353.png,2.08,75,0.90726,0.98762,1,6
test_353.png,5.21,188,0.90609,0.98642,0,6
test_353.png,10.42,375,0.90609,0.98642,0,6
test_354.png,0.0,0,0.90276,0.99196,7,5
test_354.png,0.21,8,0.90277,0.99217,1,5
test_354.png,0.52,19,0.90286,0.99253,0,5
test_354.png,1.04,37,0.90286,0.99253,0,5
test_354.png,2.08,75,0.90286,0.99253,0,5
test_354.png,5.21,188,0.90286,0.99253,0,5
test_354.png,10.42,375,0.90286,0.99253,0,5
test_355.png,0.0,0,0.94192,0.98445,1,0
test_355.png,0.21,8,0.94193,0.98454,0,0
test_355.png,0.52,19,0.94193,0.98454,0,0
test_355.png,1.04,37,0.94193,0.98454,0,0
test_355.png,2.08,75,0.94193,0.98454,0,0
test_355.png,5.21,188,0.94193,0.98454,0,0
test_355.png,10.42,375,0.94193,0.98454,0,0
test_356.png,0.0,0,0.92334,0.9736,9,13
test_356.png,0.21,8,0.92336,0.97384,6,13
test_356.png,0.52,19,0.92341,0.97408,5,13
test_356.png,1.04,37,0.92357,0.97487,4,13
test_356.png,2.08,75,0.92401,0.97676,2,13
test_356.png,5.21,188,0.92401,0.97676,2,13
test_356.png,10.42,375,0.92514,0.97969,1,13
test_357.png,0.0,0,0.94852,0.99805,0,2
test_357.png,0.21,8,0.94852,0.99805,0,2
test_357.png,0.52,19,0.94852,0.99805,0,2
test_357.png,1.04,37,0.94852,0.99805,0,2
test_357.png,2.08,75,0.94852,0.99805,0,2
test_357.png,5.21,188,0.94852,0.99805,0,2
test_357.png,10.42,375,0.94852,0.99805,0,2
test_358.png,0.0,0,0.94998,0.99937,0,0
test_358.png,0.21,8,0.94998,0.99937,0,0
test_358.png,0.52,19,0.94998,0.99937,0,0
test_358.png,1.04,37,0.94998,0.99937,0,0
test_358.png,2.08,75,0.94998,0.99937,0,0
test_358.png,5.21,188,0.94998,0.99937,0,0
test_358.png,10.42,375,0.94998,0.99937,0,0
test_359.png,0.0,0,0.09315,0.10112,197,30
test_359.png,0.21,8,0.09182,0.09975,117,30
test_359.png,0.52,19,0.09125,0.09921,94,30
test_359.png,1.04,37,0.08696,0.09491,67,28
test_359.png,2.08,75,0.08618,0.09463,52,25
test_359.png,5.21,188,0.07984,0.09059,26,23
test_359.png,10.42,375,0.06365,0.06778,16,17
test_360.png,0.0,0,0.79267,0.8348,70,35
test_360.png,0.21,8,0.79249,0.83626,31,35
test_360.png,0.52,19,0.79277,0.83871,22,35
test_360.png,1.04,37,0.7933,0.84128,19,35
test_360.png,2.08,75,0.79385,0.8428,17,35
test_360.png,5.21,188,0.79731,0.85666,9,34
test_360.png,10.42,375,0.79601,0.85598,8,33
test_361.png,0.0,0,0.90261,0.93583,40,17
test_361.png,0.21,8,0.90259,0.93737,17,17
test_361.png,0.52,19,0.9026,0.93842,12,17
test_361.png,1.04,37,0.90276,0.94004,8,17
test_361.png,2.08,75,0.90271,0.94063,6,17
test_361.png,5.21,188,0.90282,0.94201,4,17
test_361.png,10.42,375,0.89987,0.93738,2,17
test_362.png,0.0,0,0.80926,0.87459,64,27
test_362.png,0.21,8,0.8092,0.87586,33,27
test_362.png,0.52,19,0.80922,0.87657,23,27
test_362.png,1.04,37,0.8093,0.87693,18,27
test_362.png,2.08,75,0.80936,0.87719,15,28
test_362.png,5.21,188,0.80978,0.87858,11,28
test_362.png,10.42,375,0.80254,0.87049,8,28
test_363.png,0.0,0,0.80938,0.86101,25,0
test_363.png,0.21,8,0.8092,0.86119,12,0
test_363.png,0.52,19,0.80907,0.86118,11,0
test_363.png,1.04,37,0.80797,0.85983,7,0
test_363.png,2.08,75,0.8067,0.85728,5,0
test_363.png,5.21,188,0.80191,0.8336,0,0
test_363.png,10.42,375,0.80191,0.8336,0,0
test_364.png,0.0,0,0.76213,0.8377,101,13
test_364.png,0.21,8,0.76221,0.84239,49,13
test_364.png,0.52,19,0.76252,0.84486,39,13
test_364.png,1.04,37,0.7623,0.84484,30,13
test_364.png,2.08,75,0.76284,0.84698,27,13
test_364.png,5.21,188,0.75702,0.84957,13,12
test_364.png,10.42,375,0.75351,0.84835,9,10
test_365.png,0.0,0,0.90323,0.95714,44,12
test_365.png,0.21,8,0.90357,0.96003,26,12
test_365.png,0.52,19,0.90413,0.96301,18,12
test_365.png,1.04,37,0.90476,0.96594,11,12
test_365.png,2.08,75,0.90667,0.97124,5,12
test_365.png,5.21,188,0.90891,0.97654,2,11
test_365.png,10.42,375,0.91267,0.98244,0,10
test_366.png,0.0,0,0.92125,0.98489,11,3
test_366.png,0.21,8,0.92132,0.98565,4,3
test_366.png,0.52,19,0.9214,0.98589,3,3
test_366.png,1.04,37,0.92125,0.98588,2,3
test_366.png,2.08,75,0.92085,0.98568,0,3
test_366.png,5.21,188,0.92085,0.98568,0,3
test_366.png,10.42,375,0.92085,0.98568,0,3
test_367.png,0.0,0,0.7815,0.89815,63,6
test_367.png,0.21,8,0.78194,0.90227,21,6
test_367.png,0.52,19,0.78203,0.90361,12,6
test_367.png,1.04,37,0.78144,0.90316,10,6
test_367.png,2.08,75,0.78165,0.90346,8,7
test_367.png,5.21,188,0.78239,0.90435,6,7
test_367.png,10.42,375,0.7799,0.89832,3,7
test_368.png,0.0,0,0.83224,0.9135,68,14
test_368.png,0.21,8,0.83228,0.91617,31,14
test_368.png,0.52,19,0.83221,0.91713,24,14
test_368.png,1.04,37,0.83175,0.91717,18,14
test_368.png,2.08,75,0.83191,0.91964,12,14
test_368.png,5.21,188,0.83008,0.91672,10,13
test_368.png,10.42,375,0.82896,0.91583,8,13
test_369.png,0.0,0,0.15749,0.16006,144,2
test_369.png,0.21,8,0.15593,0.15916,71,2
test_369.png,0.52,19,0.15355,0.15612,52,2
test_369.png,1.04,37,0.14941,0.15127,41,2
test_369.png,2.08,75,0.13446,0.13697,20,1
test_369.png,5.21,188,0.11885,0.11808,12,4
test_369.png,10.42,375,0.09565,0.07962,6,6
test_370.png,0.0,0,0.48526,0.48614,192,53
test_370.png,0.21,8,0.48339,0.4848,91,53
test_370.png,0.52,19,0.48085,0.48361,68,53
test_370.png,1.04,37,0.47798,0.48114,51,53
test_370.png,2.08,75,0.47572,0.47703,44,51
test_370.png,5.21,188,0.4642,0.47105,29,48
test_370.png,10.42,375,0.45691,0.46506,23,48
test_371.png,0.0,0,0.53254,0.38749,68,13
test_371.png,0.21,8,0.53209,0.38783,37,13
test_371.png,0.52,19,0.53195,0.38829,31,13
test_371.png,1.04,37,0.53129,0.38885,26,13
test_371.png,2.08,75,0.52838,0.38714,21,13
test_371.png,5.21,188,0.52575,0.38737,18,13
test_371.png,10.42,375,0.52011,0.38899,15,12
test_372.png,0.0,0,0.50242,0.50485,266,58
test_372.png,0.21,8,0.50117,0.50498,137,58
test_372.png,0.52,19,0.49935,0.50307,108,57
test_372.png,1.04,37,0.49718,0.50238,89,57
test_372.png,2.08,75,0.49284,0.50497,67,55
test_372.png,5.21,188,0.47513,0.50071,46,51
test_372.png,10.42,375,0.45105,0.46504,35,45
test_373.png,0.0,0,0.80863,0.85146,119,7
test_373.png,0.21,8,0.80865,0.85348,50,7
test_373.png,0.52,19,0.80886,0.8552,35,7
test_373.png,1.04,37,0.8096,0.85781,27,7
test_373.png,2.08,75,0.8093,0.85698,19,8
test_373.png,5.21,188,0.81025,0.85884,15,8
test_373.png,10.42,375,0.80755,0.85871,8,9
test_374.png,0.0,0,0.48533,0.45242,230,38
test_374.png,0.21,8,0.48443,0.45381,132,38
test_374.png,0.52,19,0.48313,0.45427,109,38
test_374.png,1.04,37,0.47883,0.45374,82,38
test_374.png,2.08,75,0.4747,0.45108,56,38
test_374.png,5.21,188,0.47053,0.46177,31,33
test_374.png,10.42,375,0.44526,0.40563,21,29
test_375.png,0.0,0,0.84331,0.86977,149,4
test_375.png,0.21,8,0.84425,0.87323,76,4
test_375.png,0.52,19,0.8456,0.87675,56,4
test_375.png,1.04,37,0.84739,0.88065,42,4
test_375.png,2.08,75,0.84805,0.88185,36,5
test_375.png,5.21,188,0.85877,0.89575,14,6
test_375.png,10.42,375,0.86458,0.90073,6,6
test_376.png,0.0,0,0.37843,0.33861,304,43
test_376.png,0.21,8,0.37618,0.33828,167,43
test_376.png,0.52,19,0.374,0.33593,133,43
test_376.png,1.04,37,0.3706,0.33229,108,41
test_376.png,2.08,75,0.36284,0.32405,82,38
test_376.png,5.21,188,0.33097,0.30236,50,31
test_376.png,10.42,375,0.2859,0.2606,29,24
test_377.png,0.0,0,0.67031,0.59077,132,63
test_377.png,0.21,8,0.67035,0.5924,63,63
test_377.png,0.52,19,0.6709,0.59376,53,63
test_377.png,1.04,37,0.67166,0.59266,42,63
test_377.png,2.08,75,0.6733,0.59638,33,63
test_377.png,5.21,188,0.67247,0.59785,29,62
test_377.png,10.42,375,0.66858,0.5929,26,62
test_378.png,0.0,0,0.5445,0.44751,205,54
test_378.png,0.21,8,0.54361,0.4459,107,54
test_378.png,0.52,19,0.54296,0.44673,84,54
test_378.png,1.04,37,0.54183,0.44703,68,53
test_378.png,2.08,75,0.54025,0.44503,60,52
test_378.png,5.21,188,0.53127,0.43948,42,44
test_378.png,10.42,375,0.51785,0.42034,32,40
test_379.png,0.0,0,0.56496,0.55419,277,54
test_379.png,0.21,8,0.56516,0.55828,131,54
test_379.png,0.52,19,0.56476,0.55968,92,54
test_379.png,1.04,37,0.56504,0.56148,82,54
test_379.png,2.08,75,0.56441,0.56275,61,52
test_379.png,5.21,188,0.56233,0.56415,34,52
test_379.png,10.42,375,0.55328,0.5607,24,47
test_380.png,0.0,0,0.65282,0.58388,197,65
test_380.png,0.21,8,0.65207,0.58477,99,65
test_380.png,0.52,19,0.65093,0.58416,80,64
test_380.png,1.04,37,0.6497,0.58499,65,63
test_380.png,2.08,75,0.64886,0.58577,51,63
test_380.png,5.21,188,0.6443,0.58213,28,57
test_380.png,10.42,375,0.64382,0.58622,17,54
test_381.png,0.0,0,0.64137,0.59226,169,66
test_381.png,0.21,8,0.64069,0.59246,77,66
test_381.png,0.52,19,0.63991,0.59203,59,66
test_381.png,1.04,37,0.63902,0.58982,50,65
test_381.png,2.08,75,0.63841,0.59099,39,64
test_381.png,5.21,188,0.63829,0.5933,31,63
test_381.png,10.42,375,0.63432,0.59202,20,60
test_382.png,0.0,0,0.41662,0.3848,225,66
test_382.png,0.21,8,0.4171,0.38789,106,66
test_382.png,0.52,19,0.4179,0.39026,75,66
test_382.png,1.04,37,0.41888,0.39255,58,66
test_382.png,2.08,75,0.42153,0.39765,42,66
test_382.png,5.21,188,0.42615,0.40401,21,64
test_382.png,10.42,375,0.42949,0.40714,16,63
test_383.png,0.0,0,0.52519,0.51094,277,79
test_383.png,0.21,8,0.52561,0.51492,137,79
test_383.png,0.52,19,0.52518,0.51507,106,78
test_383.png,1.04,37,0.52563,0.5163,80,78
test_383.png,2.08,75,0.5279,0.52219,57,74
test_383.png,5.21,188,0.52404,0.51988,41,73
test_383.png,10.42,375,0.51438,0.51397,23,65
test_384.png,0.0,0,0.58096,0.47637,157,50
test_384.png,0.21,8,0.58022,0.47416,73,50
test_384.png,0.52,19,0.57991,0.47497,56,50
test_384.png,1.04,37,0.57857,0.47548,46,50
test_384.png,2.08,75,0.57524,0.47284,32,50
test_384.png,5.21,188,0.56871,0.47154,23,50
test_384.png,10.42,375,0.5649,0.47224,20,50
test_385.png,0.0,0,0.79188,0.74774,126,65
test_385.png,0.21,8,0.79184,0.74983,60,65
test_385.png,0.52,19,0.79181,0.75053,46,65
test_385.png,1.04,37,0.79216,0.75167,35,65
test_385.png,2.08,75,0.79281,0.75426,32,64
test_385.png,5.21,188,0.79513,0.75836,24,64
test_385.png,10.42,375,0.79331,0.75796,19,64
test_386.png,0.0,0,0.60214,0.60453,191,44
test_386.png,0.21,8,0.60221,0.60784,99,44
test_386.png,0.52,19,0.60186,0.60913,74,44
test_386.png,1.04,37,0.60285,0.61242,57,43
test_386.png,2.08,75,0.60385,0.61686,44,42
test_386.png,5.21,188,0.60925,0.62963,28,40
test_386.png,10.42,375,0.61441,0.63798,20,39
test_387.png,0.0,0,0.63264,0.44925,96,48
test_387.png,0.21,8,0.63208,0.449,51,48
test_387.png,0.52,19,0.63169,0.44865,39,48
test_387.png,1.04,37,0.63248,0.45013,30,48
test_387.png,2.08,75,0.63247,0.45142,23,48
test_387.png,5.21,188,0.6301,0.4487,15,48
test_387.png,10.42,375,0.62852,0.45121,9,47
test_388.png,0.0,0,0.85741,0.87684,20,55
test_388.png,0.21,8,0.85749,0.87763,10,55
test_388.png,0.52,19,0.85762,0.8787,6,55
test_388.png,1.04,37,0.85762,0.8787,6,55
test_388.png,2.08,75,0.85776,0.88032,3,55
test_388.png,5.21,188,0.85898,0.885,1,55
test_388.png,10.42,375,0.85898,0.885,1,55
test_389.png,0.0,0,0.64387,0.66365,217,34
test_389.png,0.21,8,0.64442,0.66931,109,34
test_389.png,0.52,19,0.64564,0.67546,77,34
test_389.png,1.04,37,0.64678,0.68057,52,33
test_389.png,2.08,75,0.65193,0.69396,35,32
test_389.png,5.21,188,0.65268,0.69884,23,31
test_389.png,10.42,375,0.65405,0.7083,13,25
test_390.png,0.0,0,0.44495,0.41134,299,52
test_390.png,0.21,8,0.44251,0.41033,162,52
test_390.png,0.52,19,0.44021,0.40791,127,52
test_390.png,1.04,37,0.43691,0.40535,100,51
test_390.png,2.08,75,0.42785,0.39473,76,48
test_390.png,5.21,188,0.39331,0.37816,43,37
test_390.png,10.42,375,0.34843,0.33858,23,30
test_391.png,0.0,0,0.85483,0.89595,74,7
test_391.png,0.21,8,0.855,0.89823,23,7
test_391.png,0.52,19,0.85514,0.89858,20,7
test_391.png,1.04,37,0.85518,0.89899,14,7
test_391.png,2.08,75,0.85552,0.90001,13,7
test_391.png,5.21,188,0.85734,0.90322,8,5
test_391.png,10.42,375,0.85361,0.90021,4,4
test_392.png,0.0,0,0.40805,0.33986,337,48
test_392.png,0.21,8,0.40535,0.33754,164,48
test_392.png,0.52,19,0.40188,0.33526,115,48
test_392.png,1.04,37,0.39835,0.33334,95,48
test_392.png,2.08,75,0.39119,0.32974,76,47
test_392.png,5.21,188,0.37675,0.3259,49,40
test_392.png,10.42,375,0.34649,0.29151,29,30
test_393.png,0.0,0,0.48078,0.41631,121,33
test_393.png,0.21,8,0.48075,0.41749,57,33
test_393.png,0.52,19,0.47943,0.41455,42,33
test_393.png,1.04,37,0.47882,0.41457,36,33
test_393.png,2.08,75,0.47791,0.41338,29,32
test_393.png,5.21,188,0.47919,0.41637,21,31
test_393.png,10.42,375,0.4894,0.42925,14,31
test_394.png,0.0,0,0.85533,0.86949,74,31
test_394.png,0.21,8,0.85567,0.87393,31,31
test_394.png,0.52,19,0.85581,0.87518,27,31
test_394.png,1.04,37,0.85717,0.88014,20,31
test_394.png,2.08,75,0.85787,0.88128,18,31
test_394.png,5.21,188,0.86362,0.89617,6,30
test_394.png,10.42,375,0.86466,0.89811,3,29
test_395.png,0.0,0,0.44925,0.28994,177,18
test_395.png,0.21,8,0.44849,0.28946,103,18
test_395.png,0.52,19,0.44753,0.28888,80,18
test_395.png,1.04,37,0.44704,0.28848,71,18
test_395.png,2.08,75,0.44706,0.28646,53,18
test_395.png,5.21,188,0.43499,0.26736,33,18
test_395.png,10.42,375,0.42902,0.25953,24,15
test_396.png,0.0,0,0.85402,0.88674,82,4
test_396.png,0.21,8,0.85452,0.89068,20,4
test_396.png,0.52,19,0.85441,0.89077,16,4
test_396.png,1.04,37,0.85428,0.89101,12,4
test_396.png,2.08,75,0.85444,0.89201,10,4
test_396.png,5.21,188,0.85538,0.89465,7,4
test_396.png,10.42,375,0.85509,0.89478,2,5
test_397.png,0.0,0,0.60186,0.61048,210,40
test_397.png,0.21,8,0.60142,0.61233,109,40
test_397.png,0.52,19,0.60071,0.61331,83,40
test_397.png,1.04,37,0.59882,0.61486,62,37
test_397.png,2.08,75,0.59949,0.61844,49,35
test_397.png,5.21,188,0.59066,0.6129,34,28
test_397.png,10.42,375,0.57337,0.59804,21,26
test_398.png,0.0,0,0.56721,0.42624,183,45
test_398.png,0.21,8,0.56663,0.42688,98,45
test_398.png,0.52,19,0.56623,0.42691,77,45
test_398.png,1.04,37,0.56611,0.42795,59,42
test_398.png,2.08,75,0.56657,0.42489,43,42
test_398.png,5.21,188,0.56881,0.41636,33,41
test_398.png,10.42,375,0.54137,0.37778,19,40
test_399.png,0.0,0,0.66176,0.61819,163,84
test_399.png,0.21,8,0.66162,0.61957,89,84
test_399.png,0.52,19,0.66176,0.62126,69,83
test_399.png,1.04,37,0.66293,0.62581,54,83
test_399.png,2.08,75,0.66361,0.62814,47,82
test_399.png,5.21,188,0.6713,0.64231,33,77
test_399.png,10.42,375,0.67416,0.65763,21,70
test_400.png,0.0,0,0.92197,0.91368,22,20
test_400.png,0.21,8,0.92206,0.91568,6,20
test_400.png,0.52,19,0.92206,0.91568,6,20
test_400.png,1.04,37,0.92224,0.91643,5,20
test_400.png,2.08,75,0.9225,0.91922,4,20
test_400.png,5.21,188,0.9238,0.92378,2,20
test_400.png,10.42,375,0.92582,0.92799,1,20
test_401.png,0.0,0,0.52212,0.38003,162,38
test_401.png,0.21,8,0.52126,0.38013,81,38
test_401.png,0.52,19,0.51992,0.37689,63,38
test_401.png,1.04,37,0.5194,0.37593,58,37
test_401.png,2.08,75,0.51648,0.37521,47,37
test_401.png,5.21,188,0.51018,0.35194,28,30
test_401.png,10.42,375,0.50028,0.3318,20,29
test_402.png,0.0,0,0.34927,0.17646,88,32
test_402.png,0.21,8,0.3489,0.17642,53,32
test_402.png,0.52,19,0.34757,0.17623,44,32
test_402.png,1.04,37,0.34717,0.17343,37,32
test_402.png,2.08,75,0.34544,0.17069,29,32
test_402.png,5.21,188,0.33571,0.15483,20,31
test_402.png,10.42,375,0.32321,0.14219,15,24
test_403.png,0.0,0,0.83315,0.81421,73,48
test_403.png,0.21,8,0.83312,0.81631,36,48
test_403.png,0.52,19,0.83302,0.81648,27,48
test_403.png,1.04,37,0.83301,0.81768,22,48
test_403.png,2.08,75,0.83255,0.81777,17,47
test_403.png,5.21,188,0.83416,0.82203,12,46
test_403.png,10.42,375,0.83787,0.83224,7,44
test_404.png,0.0,0,0.59681,0.58799,197,68
test_404.png,0.21,8,0.59592,0.58795,98,68
test_404.png,0.52,19,0.59558,0.58895,71,68
test_404.png,1.04,37,0.5955,0.58939,59,68
test_404.png,2.08,75,0.59373,0.58903,45,68
test_404.png,5.21,188,0.59214,0.5901,32,67
test_404.png,10.42,375,0.58928,0.58947,27,64
test_405.png,0.0,0,0.60212,0.58823,210,60
test_405.png,0.21,8,0.6012,0.58961,105,60
test_405.png,0.52,19,0.59953,0.58772,84,60
test_405.png,1.04,37,0.59644,0.58683,63,60
test_405.png,2.08,75,0.59372,0.58664,47,58
test_405.png,5.21,188,0.58945,0.58828,36,56
test_405.png,10.42,375,0.56643,0.56677,25,51
test_406.png,0.0,0,0.282,0.27575,225,18
test_406.png,0.21,8,0.28119,0.27644,117,18
test_406.png,0.52,19,0.28002,0.27521,88,18
test_406.png,1.04,37,0.27934,0.2768,71,18
test_406.png,2.08,75,0.27531,0.2699,52,16
test_406.png,5.21,188,0.25994,0.23976,30,9
test_406.png,10.42,375,0.23534,0.22742,19,5
test_407.png,0.0,0,0.59896,0.59487,281,76
test_407.png,0.21,8,0.59769,0.59634,125,76
test_407.png,0.52,19,0.59671,0.59579,90,75
test_407.png,1.04,37,0.59591,0.59674,69,75
test_407.png,2.08,75,0.59309,0.59445,48,73
test_407.png,5.21,188,0.59067,0.59508,38,71
test_407.png,10.42,375,0.57803,0.58449,29,67
test_408.png,0.0,0,0.13521,0.11655,294,51
test_408.png,0.21,8,0.13382,0.11379,157,51
test_408.png,0.52,19,0.13215,0.11123,133,51
test_408.png,1.04,37,0.12712,0.10634,111,49
test_408.png,2.08,75,0.12227,0.10406,85,48
test_408.png,5.21,188,0.11843,0.10277,59,46
test_408.png,10.42,375,0.11711,0.10516,33,38
test_409.png,0.0,0,0.72705,0.75291,137,73
test_409.png,0.21,8,0.72678,0.75449,57,73
test_409.png,0.52,19,0.72652,0.75524,41,73
test_409.png,1.04,37,0.7267,0.75631,38,73
test_409.png,2.08,75,0.72654,0.75768,32,73
test_409.png,5.21,188,0.72773,0.76477,20,71
test_409.png,10.42,375,0.72947,0.76953,14,70
test_410.png,0.0,0,0.64021,0.64134,166,38
test_410.png,0.21,8,0.6402,0.64414,79,38
test_410.png,0.52,19,0.63976,0.64487,54,38
test_410.png,1.04,37,0.63979,0.64618,36,38
test_410.png,2.08,75,0.64218,0.65199,26,38
test_410.png,5.21,188,0.64167,0.65257,22,38
test_410.png,10.42,375,0.64169,0.65604,18,37
test_411.png,0.0,0,0.83404,0.76637,62,70
test_411.png,0.21,8,0.83388,0.76728,20,70
test_411.png,0.52,19,0.83394,0.76814,14,70
test_411.png,1.04,37,0.83403,0.76826,13,70
test_411.png,2.08,75,0.83406,0.76892,10,70
test_411.png,5.21,188,0.83392,0.77075,5,69
test_411.png,10.42,375,0.83522,0.77245,4,69
test_412.png,0.0,0,0.73741,0.7186,94,52
test_412.png,0.21,8,0.73726,0.72135,38,52
test_412.png,0.52,19,0.73713,0.72247,26,52
test_412.png,1.04,37,0.73693,0.72302,22,52
test_412.png,2.08,75,0.73691,0.72706,16,52
test_412.png,5.21,188,0.7406,0.7386,9,50
test_412.png,10.42,375,0.74488,0.74467,7,49
test_413.png,0.0,0,0.61883,0.5734,213,58
test_413.png,0.21,8,0.61819,0.57574,96,58
test_413.png,0.52,19,0.61719,0.57418,75,58
test_413.png,1.04,37,0.61597,0.57634,56,58
test_413.png,2.08,75,0.6153,0.57831,43,58
test_413.png,5.21,188,0.61318,0.57246,24,54
test_413.png,10.42,375,0.60547,0.57129,19,53
test_414.png,0.0,0,0.78244,0.75674,74,65
test_414.png,0.21,8,0.78276,0.75887,37,65
test_414.png,0.52,19,0.78308,0.76194,26,65
test_414.png,1.04,37,0.78421,0.76602,17,65
test_414.png,2.08,75,0.7849,0.76838,11,65
test_414.png,5.21,188,0.78517,0.77102,7,65
test_414.png,10.42,375,0.78782,0.77564,5,64
test_415.png,0.0,0,0.75483,0.76839,111,61
test_415.png,0.21,8,0.75443,0.76986,58,61
test_415.png,0.52,19,0.75384,0.77071,41,61
test_415.png,1.04,37,0.75417,0.77419,31,60
test_415.png,2.08,75,0.75297,0.77357,26,60
test_415.png,5.21,188,0.75101,0.77206,17,58
test_415.png,10.42,375,0.74515,0.76945,12,55
test_416.png,0.0,0,0.61628,0.63283,213,42
test_416.png,0.21,8,0.61526,0.63347,100,42
test_416.png,0.52,19,0.61422,0.63475,76,41
test_416.png,1.04,37,0.61267,0.63344,66,41
test_416.png,2.08,75,0.61138,0.6324,55,41
test_416.png,5.21,188,0.60528,0.62681,41,35
test_416.png,10.42,375,0.5766,0.58959,24,28
test_417.png,0.0,0,0.86564,0.9037,32,45
test_417.png,0.21,8,0.86569,0.90395,18,45
test_417.png,0.52,19,0.86574,0.90467,11,45
test_417.png,1.04,37,0.86599,0.90545,10,45
test_417.png,2.08,75,0.86662,0.90721,7,45
test_417.png,5.21,188,0.86754,0.90833,5,45
test_417.png,10.42,375,0.8648,0.90534,4,45
test_418.png,0.0,0,0.3518,0.18593,121,38
test_418.png,0.21,8,0.3505,0.18393,48,38
test_418.png,0.52,19,0.34926,0.18364,35,38
test_418.png,1.04,37,0.34753,0.18244,25,37
test_418.png,2.08,75,0.34551,0.17536,22,37
test_418.png,5.21,188,0.3473,0.17623,16,37
test_418.png,10.42,375,0.34157,0.17583,13,37
test_419.png,0.0,0,0.51357,0.50652,296,62
test_419.png,0.21,8,0.51239,0.50707,137,62
test_419.png,0.52,19,0.51099,0.50685,102,62
test_419.png,1.04,37,0.50876,0.50495,88,61
test_419.png,2.08,75,0.50408,0.50357,66,59
test_419.png,5.21,188,0.49411,0.49749,37,53
test_419.png,10.42,375,0.47694,0.48519,24,47
test_420.png,0.0,0,0.9329,0.96028,20,11
test_420.png,0.21,8,0.93304,0.96158,3,11
test_420.png,0.52,19,0.93304,0.96158,3,11
test_420.png,1.04,37,0.93325,0.96249,2,11
test_420.png,2.08,75,0.93394,0.9648,0,11
test_420.png,5.21,188,0.93394,0.9648,0,11
test_420.png,10.42,375,0.93394,0.9648,0,11
