image,width_multiple,min_size,dice,cldice,betti0_err,betti1_err
test_071.png,0.0,0,0.63542,0.93214,9,20
test_071.png,0.21,8,0.63528,0.93217,4,20
test_071.png,0.52,19,0.63517,0.93226,2,20
test_071.png,1.04,37,0.63517,0.93226,2,20
test_071.png,2.08,75,0.63517,0.93226,2,20
test_071.png,5.21,188,0.63222,0.92818,0,20
test_071.png,10.42,375,0.63222,0.92818,0,20
test_072.png,0.0,0,0.44483,0.87688,22,20
test_072.png,0.21,8,0.44467,0.87687,16,20
test_072.png,0.52,19,0.44441,0.87661,12,20
test_072.png,1.04,37,0.44417,0.87638,11,20
test_072.png,2.08,75,0.44232,0.87498,7,20
test_072.png,5.21,188,0.43856,0.87495,3,20
test_072.png,10.42,375,0.4349,0.87156,2,20
test_073.png,0.0,0,0.82187,0.98604,2,1
test_073.png,0.21,8,0.82186,0.98606,1,1
test_073.png,0.52,19,0.82186,0.98606,1,1
test_073.png,1.04,37,0.82186,0.98606,1,1
test_073.png,2.08,75,0.82186,0.98606,1,1
test_073.png,5.21,188,0.82186,0.98606,1,1
test_073.png,10.42,375,0.82186,0.98606,1,1
test_074.png,0.0,0,0.64547,0.99124,1,3
test_074.png,0.21,8,0.64547,0.99127,0,3
test_074.png,0.52,19,0.64547,0.99127,0,3
test_074.png,1.04,37,0.64547,0.99127,0,3
test_074.png,2.08,75,0.64547,0.99127,0,3
test_074.png,5.21,188,0.64547,0.99127,0,3
test_074.png,10.42,375,0.64547,0.99127,0,3
test_075.png,0.0,0,0.58246,0.98451,3,5
test_075.png,0.21,8,0.58245,0.98462,0,5
test_075.png,0.52,19,0.58245,0.98462,0,5
test_075.png,1.04,37,0.58245,0.98462,0,5
test_075.png,2.08,75,0.58245,0.98462,0,5
test_075.png,5.21,188,0.58245,0.98462,0,5
test_075.png,10.42,375,0.58245,0.98462,0,5
test_076.png,0.0,0,0.88106,0.99624,5,0
test_076.png,0.21,8,0.88113,0.99644,1,0
test_076.png,0.52,19,0.88113,0.99644,1,0
test_076.png,1.04,37,0.88124,0.99683,0,0
test_076.png,2.08,75,0.88124,0.99683,0,0
test_076.png,5.21,188,0.88124,0.99683,0,0
test_076.png,10.42,375,0.88124,0.99683,0,0
test_077.png,0.0,0,0.65571,0.99247,0,2
test_077.png,0.21,8,0.65571,0.99247,0,2
test_077.png,0.52,19,0.65571,0.99247,0,2
test_077.png,1.04,37,0.65571,0.99247,0,2
test_077.png,2.08,75,0.65571,0.99247,0,2
test_077.png,5.21,188,0.65571,0.99247,0,2
test_077.png,10.42,375,0.65571,0.99247,0,2
test_078.png,0.0,0,0.78078,0.97368,3,3
test_078.png,0.21,8,0.78087,0.9741,0,3
test_078.png,0.52,19,0.78087,0.9741,0,3
test_078.png,1.04,37,0.78087,0.9741,0,3
test_078.png,2.08,75,0.78087,0.9741,0,3
test_078.png,5.21,188,0.78087,0.9741,0,3
test_078.png,10.42,375,0.78087,0.9741,0,3
test_079.png,0.0,0,0.40471,0.96391,5,1
test_079.png,0.21,8,0.40479,0.96473,2,1
test_079.png,0.52,19,0.40483,0.96493,1,1
test_079.png,1.04,37,0.40483,0.96493,1,1
test_079.png,2.08,75,0.40483,0.96493,1,1
test_079.png,5.21,188,0.40298,0.96283,0,1
test_079.png,10.42,375,0.40298,0.96283,0,1
test_080.png,0.0,0,0.76741,0.98487,1,6
test_080.png,0.21,8,0.76741,0.98487,1,6
test_080.png,0.52,19,0.76754,0.985,0,6
test_080.png,1.04,37,0.76754,0.985,0,6
test_080.png,2.08,75,0.76754,0.985,0,6
test_080.png,5.21,188,0.76754,0.985,0,6
test_080.png,10.42,375,0.76754,0.985,0,6
test_081.png,0.0,0,0.61815,0.93,22,23
test_081.png,0.21,8,0.61809,0.93029,7,23
test_081.png,0.52,19,0.61774,0.9297,3,23
test_081.png,1.04,37,0.61786,0.93003,2,23
test_081.png,2.08,75,0.61786,0.93003,2,23
test_081.png,5.21,188,0.61593,0.9276,1,23
test_081.png,10.42,375,0.61593,0.9276,1,23
test_082.png,0.0,0,0.82458,0.95956,22,59
test_082.png,0.21,8,0.82463,0.95998,5,59
test_082.png,0.52,19,0.82452,0.95985,4,59
test_082.png,1.04,37,0.82441,0.95945,1,59
test_082.png,2.08,75,0.82417,0.95899,0,59
test_082.png,5.21,188,0.82417,0.95899,0,59
test_082.png,10.42,375,0.82417,0.95899,0,59
test_083.png,0.0,0,0.47929,0.95319,7,19
test_083.png,0.21,8,0.47912,0.95288,5,19
test_083.png,0.52,19,0.47912,0.95288,5,19
test_083.png,1.04,37,0.47839,0.95232,2,19
test_083.png,2.08,75,0.47723,0.95164,0,19
test_083.png,5.21,188,0.47723,0.95164,0,19
test_083.png,10.42,375,0.47723,0.95164,0,19
test_084.png,0.0,0,0.56316,0.99295,1,1
test_084.png,0.21,8,0.56314,0.99295,0,1
test_084.png,0.52,19,0.56314,0.99295,0,1
test_084.png,1.04,37,0.56314,0.99295,0,1
test_084.png,2.08,75,0.56314,0.99295,0,1
test_084.png,5.21,188,0.56314,0.99295,0,1
test_084.png,10.42,375,0.56314,0.99295,0,1
test_085.png,0.0,0,0.61414,0.99535,0,0
test_085.png,0.21,8,0.61414,0.99535,0,0
test_085.png,0.52,19,0.61414,0.99535,0,0
test_085.png,1.04,37,0.61414,0.99535,0,0
test_085.png,2.08,75,0.61414,0.99535,0,0
test_085.png,5.21,188,0.61414,0.99535,0,0
test_085.png,10.42,375,0.61414,0.99535,0,0
test_086.png,0.0,0,0.59307,0.9906,5,2
test_086.png,0.21,8,0.5931,0.99075,3,2
test_086.png,0.52,19,0.5931,0.99075,3,2
test_086.png,1.04,37,0.59324,0.99121,2,2
test_086.png,2.08,75,0.59324,0.99121,2,2
test_086.png,5.21,188,0.5901,0.98766,0,2
test_086.png,10.42,375,0.5901,0.98766,0,2
test_087.png,0.0,0,0.63167,0.92397,19,16
test_087.png,0.21,8,0.63184,0.92478,8,16
test_087.png,0.52,19,0.632,0.92531,5,16
test_087.png,1.04,37,0.632,0.92531,5,16
test_087.png,2.08,75,0.63013,0.92367,2,16
test_087.png,5.21,188,0.62913,0.92231,1,16
test_087.png,10.42,375,0.62913,0.92231,1,16
test_088.png,0.0,0,0.48053,0.97224,2,2
test_088.png,0.21,8,0.48057,0.9725,1,2
test_088.png,0.52,19,0.48057,0.9725,1,2
test_088.png,1.04,37,0.47985,0.97165,0,2
test_088.png,2.08,75,0.47985,0.97165,0,2
test_088.png,5.21,188,0.47985,0.97165,0,2
test_088.png,10.42,375,0.47985,0.97165,0,2
test_089.png,0.0,0,0.61154,0.91669,1,5
test_089.png,0.21,8,0.61154,0.91669,1,5
test_089.png,0.52,19,0.61154,0.91669,1,5
test_089.png,1.04,37,0.61154,0.91669,1,5
test_089.png,2.08,75,0.61154,0.91669,1,5
test_089.png,5.21,188,0.61154,0.91669,1,5
test_089.png,10.42,375,0.61154,0.91669,1,5
test_090.png,0.0,0,0.61118,0.90373,22,28
test_090.png,0.21,8,0.61097,0.90357,16,28
test_090.png,0.52,19,0.61057,0.90298,12,28
test_090.png,1.04,37,0.60971,0.90261,8,28
test_090.png,2.08,75,0.60849,0.9021,6,28
test_090.png,5.21,188,0.6072,0.90172,5,28
test_090.png,10.42,375,0.60461,0.89904,4,28
test_091.png,0.0,0,0.51342,0.85903,13,20
test_091.png,0.21,8,0.51325,0.85892,3,20
test_091.png,0.52,19,0.51325,0.85892,3,20
test_091.png,1.04,37,0.51219,0.85736,0,20
test_091.png,2.08,75,0.51219,0.85736,0,20
test_091.png,5.21,188,0.51219,0.85736,0,20
test_091.png,10.42,375,0.51219,0.85736,0,20
test_092.png,0.0,0,0.47299,0.94496,3,7
test_092.png,0.21,8,0.47296,0.94496,0,7
test_092.png,0.52,19,0.47296,0.94496,0,7
test_092.png,1.04,37,0.47296,0.94496,0,7
test_092.png,2.08,75,0.47296,0.94496,0,7
test_092.png,5.21,188,0.47296,0.94496,0,7
test_092.png,10.42,375,0.47296,0.94496,0,7
test_093.png,0.0,0,0.59611,0.98177,5,1
test_093.png,0.21,8,0.59608,0.98173,3,1
test_093.png,0.52,19,0.59596,0.98151,2,1
test_093.png,1.04,37,0.59582,0.98192,0,1
test_093.png,2.08,75,0.59582,0.98192,0,1
test_093.png,5.21,188,0.59582,0.98192,0,1
test_093.png,10.42,375,0.59582,0.98192,0,1
test_094.png,0.0,0,0.56188,0.98301,3,0
test_094.png,0.21,8,0.56193,0.98311,0,0
test_094.png,0.52,19,0.56193,0.98311,0,0
test_094.png,1.04,37,0.56193,0.98311,0,0
test_094.png,2.08,75,0.56193,0.98311,0,0
test_094.png,5.21,188,0.56193,0.98311,0,0
test_094.png,10.42,375,0.56193,0.98311,0,0
test_095.png,0.0,0,0.85006,0.99587,3,0
test_095.png,0.21,8,0.85004,0.99592,0,0
test_095.png,0.52,19,0.85004,0.99592,0,0
test_095.png,1.04,37,0.85004,0.99592,0,0
test_095.png,2.08,75,0.85004,0.99592,0,0
test_095.png,5.21,188,0.85004,0.99592,0,0
test_095.png,10.42,375,0.85004,0.99592,0,0
test_096.png,0.0,0,0.80817,0.99711,2,1
test_096.png,0.21,8,0.80814,0.997,0,1
test_096.png,0.52,19,0.80814,0.997,0,1
test_096.png,1.04,37,0.80814,0.997,0,1
test_096.png,2.08,75,0.80814,0.997,0,1
test_096.png,5.21,188,0.80814,0.997,0,1
test_096.png,10.42,375,0.80814,0.997,0,1
test_097.png,0.0,0,0.56288,0.93751,13,16
test_097.png,0.21,8,0.56287,0.93779,5,16
test_097.png,0.52,19,0.56273,0.93808,3,16
test_097.png,1.04,37,0.56202,0.93741,1,16
test_097.png,2.08,75,0.56202,0.93741,1,16
test_097.png,5.21,188,0.56099,0.93601,0,16
test_097.png,10.42,375,0.56099,0.93601,0,16
test_098.png,0.0,0,0.45572,0.88568,21,21
test_098.png,0.21,8,0.45565,0.8855,15,21
test_098.png,0.52,19,0.45529,0.88582,11,21
test_098.png,1.04,37,0.45504,0.88537,10,21
test_098.png,2.08,75,0.45335,0.8841,5,21
test_098.png,5.21,188,0.44821,0.87948,2,21
test_098.png,10.42,375,0.44821,0.87948,2,21
test_099.png,0.0,0,0.77306,0.97719,1,4
test_099.png,0.21,8,0.77308,0.9773,0,4
test_099.png,0.52,19,0.77308,0.9773,0,4
test_099.png,1.04,37,0.77308,0.9773,0,4
test_099.png,2.08,75,0.77308,0.9773,0,4
test_099.png,5.21,188,0.77308,0.9773,0,4
test_099.png,10.42,375,0.77308,0.9773,0,4
test_100.png,0.0,0,0.5667,0.9906,1,2
test_100.png,0.21,8,0.56667,0.99046,0,2
test_100.png,0.52,19,0.56667,0.99046,0,2
test_100.png,1.04,37,0.56667,0.99046,0,2
test_100.png,2.08,75,0.56667,0.99046,0,2
test_100.png,5.21,188,0.56667,0.99046,0,2
test_100.png,10.42,375,0.56667,0.99046,0,2
test_101.png,0.0,0,0.86675,0.99558,1,1
test_101.png,0.21,8,0.86676,0.99561,0,1
test_101.png,0.52,19,0.86676,0.99561,0,1
test_101.png,1.04,37,0.86676,0.99561,0,1
test_101.png,2.08,75,0.86676,0.99561,0,1
test_101.png,5.21,188,0.86676,0.99561,0,1
test_101.png,10.42,375,0.86676,0.99561,0,1
test_102.png,0.0,0,0.6003,0.93626,14,21
test_102.png,0.21,8,0.60025,0.93631,7,21
test_102.png,0.52,19,0.5998,0.9362,4,21
test_102.png,1.04,37,0.59973,0.93584,1,21
test_102.png,2.08,75,0.59973,0.93584,1,21
test_102.png,5.21,188,0.59912,0.93591,0,21
test_102.png,10.42,375,0.59912,0.93591,0,21
test_103.png,0.0,0,0.57787,0.84943,11,10
test_103.png,0.21,8,0.57778,0.84971,4,10
test_103.png,0.52,19,0.57778,0.84971,4,10
test_103.png,1.04,37,0.57803,0.85062,2,10
test_103.png,2.08,75,0.57712,0.84954,1,10
test_103.png,5.21,188,0.57551,0.84692,0,10
test_103.png,10.42,375,0.57551,0.84692,0,10
test_104.png,0.0,0,0.57335,0.90374,15,21
test_104.png,0.21,8,0.5731,0.90385,7,21
test_104.png,0.52,19,0.57288,0.90379,6,21
test_104.png,1.04,37,0.57261,0.90334,5,21
test_104.png,2.08,75,0.57261,0.90334,5,21
test_104.png,5.21,188,0.5704,0.90095,4,21
test_104.png,10.42,375,0.5677,0.89745,3,21
test_105.png,0.0,0,0.59886,0.99704,0,1
test_105.png,0.21,8,0.59886,0.99704,0,1
test_105.png,0.52,19,0.59886,0.99704,0,1
test_105.png,1.04,37,0.59886,0.99704,0,1
test_105.png,2.08,75,0.59886,0.99704,0,1
test_105.png,5.21,188,0.59886,0.99704,0,1
test_105.png,10.42,375,0.59886,0.99704,0,1
test_106.png,0.0,0,0.64179,0.98762,5,10
test_106.png,0.21,8,0.6417,0.98758,3,10
test_106.png,0.52,19,0.6417,0.98758,3,10
test_106.png,1.04,37,0.64112,0.98707,1,10
test_106.png,2.08,75,0.64112,0.98707,1,10
test_106.png,5.21,188,0.64112,0.98707,1,10
test_106.png,10.42,375,0.64112,0.98707,1,10
test_107.png,0.0,0,0.86191,0.98988,2,1
test_107.png,0.21,8,0.86192,0.98993,0,1
test_107.png,0.52,19,0.86192,0.98993,0,1
test_107.png,1.04,37,0.86192,0.98993,0,1
test_107.png,2.08,75,0.86192,0.98993,0,1
test_107.png,5.21,188,0.86192,0.98993,0,1
test_107.png,10.42,375,0.86192,0.98993,0,1
test_108.png,0.0,0,0.79183,0.99328,2,1
test_108.png,0.21,8,0.79174,0.99298,0,1
test_108.png,0.52,19,0.79174,0.99298,0,1
test_108.png,1.04,37,0.79174,0.99298,0,1
test_108.png,2.08,75,0.79174,0.99298,0,1
test_108.png,5.21,188,0.79174,0.99298,0,1
test_108.png,10.42,375,0.79174,0.99298,0,1
test_109.png,0.0,0,0.59964,0.94863,8,19
test_109.png,0.21,8,0.59967,0.94879,6,19
test_109.png,0.52,19,0.59967,0.94879,6,19
test_109.png,1.04,37,0.59896,0.94774,4,19
test_109.png,2.08,75,0.59734,0.94589,2,19
test_109.png,5.21,188,0.59577,0.94446,1,19
test_109.png,10.42,375,0.59577,0.94446,1,19
test_110.png,0.0,0,0.78324,0.99147,4,1
test_110.png,0.21,8,0.78321,0.99139,3,1
test_110.png,0.52,19,0.78308,0.99093,2,1
test_110.png,1.04,37,0.78332,0.99134,1,1
test_110.png,2.08,75,0.78254,0.9905,0,1
test_110.png,5.21,188,0.78254,0.9905,0,1
test_110.png,10.42,375,0.78254,0.9905,0,1
test_111.png,0.0,0,0.82848,0.99304,0,0
test_111.png,0.21,8,0.82848,0.99304,0,0
test_111.png,0.52,19,0.82837,0.99304,1,0
test_111.png,1.04,37,0.82837,0.99304,1,0
test_111.png,2.08,75,0.82797,0.9925,2,0
test_111.png,5.21,188,0.82797,0.9925,2,0
test_111.png,10.42,375,0.82797,0.9925,2,0
test_112.png,0.0,0,0.86094,0.99364,1,1
test_112.png,0.21,8,0.86094,0.99364,1,1
test_112.png,0.52,19,0.86094,0.99364,1,1
test_112.png,1.04,37,0.86094,0.99364,1,1
test_112.png,2.08,75,0.86017,0.9918,0,1
test_112.png,5.21,188,0.86017,0.9918,0,1
test_112.png,10.42,375,0.86017,0.9918,0,1
test_113.png,0.0,0,0.81256,0.98949,1,1
test_113.png,0.21,8,0.81256,0.98949,1,1
test_113.png,0.52,19,0.81256,0.98949,1,1
test_113.png,1.04,37,0.81275,0.98987,0,1
test_113.png,2.08,75,0.81275,0.98987,0,1
test_113.png,5.21,188,0.81275,0.98987,0,1
test_113.png,10.42,375,0.81275,0.98987,0,1
test_114.png,0.0,0,0.57475,0.90705,20,24
test_114.png,0.21,8,0.57443,0.90702,12,24
test_114.png,0.52,19,0.57446,0.90734,10,24
test_114.png,1.04,37,0.57339,0.90634,7,24
test_114.png,2.08,75,0.57205,0.90539,5,24
test_114.png,5.21,188,0.56748,0.90047,2,24
test_114.png,10.42,375,0.56148,0.89302,0,24
test_115.png,0.0,0,0.62782,0.98508,3,3
test_115.png,0.21,8,0.6277,0.98508,0,3
test_115.png,0.52,19,0.6277,0.98508,0,3
test_115.png,1.04,37,0.6277,0.98508,0,3
test_115.png,2.08,75,0.6277,0.98508,0,3
test_115.png,5.21,188,0.6277,0.98508,0,3
test_115.png,10.42,375,0.6277,0.98508,0,3
test_116.png,0.0,0,0.61435,0.99483,0,0
test_116.png,0.21,8,0.61435,0.99483,0,0
test_116.png,0.52,19,0.61423,0.99483,1,0
test_116.png,1.04,37,0.61423,0.99483,1,0
test_116.png,2.08,75,0.61423,0.99483,1,0
test_116.png,5.21,188,0.61423,0.99483,1,0
test_116.png,10.42,375,0.61423,0.99483,1,0
test_117.png,0.0,0,0.83028,0.99859,0,0
test_117.png,0.21,8,0.83028,0.99859,0,0
test_117.png,0.52,19,0.83028,0.99859,0,0
test_117.png,1.04,37,0.83028,0.99859,0,0
test_117.png,2.08,75,0.83012,0.9983,1,0
test_117.png,5.21,188,0.83012,0.9983,1,0
test_117.png,10.42,375,0.83012,0.9983,1,0
test_118.png,0.0,0,0.59763,0.98976,0,2
test_118.png,0.21,8,0.59763,0.98976,0,2
test_118.png,0.52,19,0.59763,0.98976,0,2
test_118.png,1.04,37,0.59763,0.98976,0,2
test_118.png,2.08,75,0.59763,0.98976,0,2
test_118.png,5.21,188,0.59763,0.98976,0,2
test_118.png,10.42,375,0.59763,0.98976,0,2
test_119.png,0.0,0,0.65718,0.99112,1,3
test_119.png,0.21,8,0.65718,0.99112,1,3
test_119.png,0.52,19,0.65718,0.99112,1,3
test_119.png,1.04,37,0.65688,0.99112,0,3
test_119.png,2.08,75,0.65688,0.99112,0,3
test_119.png,5.21,188,0.65688,0.99112,0,3
test_119.png,10.42,375,0.65688,0.99112,0,3
test_120.png,0.0,0,0.87575,0.99782,1,2
test_120.png,0.21,8,0.87578,0.99794,0,2
test_120.png,0.52,19,0.87578,0.99794,0,2
test_120.png,1.04,37,0.87578,0.99794,0,2
test_120.png,2.08,75,0.87578,0.99794,0,2
test_120.png,5.21,188,0.87578,0.99794,0,2
test_120.png,10.42,375,0.87578,0.99794,0,2
test_121.png,0.0,0,0.15241,0.20449,425,37
test_121.png,0.21,8,0.14576,0.20176,253,37
test_121.png,0.52,19,0.12517,0.19269,139,37
test_121.png,1.04,37,0.0966,0.17488,73,37
test_121.png,2.08,75,0.05131,0.11217,17,37
test_121.png,5.21,188,0.01051,0.02641,1,37
test_121.png,10.42,375,0.0,0.0,1,38
test_122.png,0.0,0,0.58303,0.82096,92,36
test_122.png,0.21,8,0.58258,0.82111,71,36
test_122.png,0.52,19,0.58184,0.82059,61,36
test_122.png,1.04,37,0.58113,0.82067,55,36
test_122.png,2.08,75,0.58101,0.82322,47,36
test_122.png,5.21,188,0.57027,0.80718,37,36
test_122.png,10.42,375,0.53693,0.76931,27,36
test_123.png,0.0,0,0.32594,0.44584,448,175
test_123.png,0.21,8,0.32195,0.44422,305,175
test_123.png,0.52,19,0.31479,0.43856,245,175
test_123.png,1.04,37,0.29807,0.41905,197,175
test_123.png,2.08,75,0.17326,0.24405,73,176
test_123.png,5.21,188,0.02349,0.03361,2,176
test_123.png,10.42,375,0.0,0.0,3,176
test_124.png,0.0,0,0.03594,0.04438,225,4
test_124.png,0.21,8,0.03537,0.04362,149,4
test_124.png,0.52,19,0.03301,0.04229,118,4
test_124.png,1.04,37,0.03146,0.04121,84,5
test_124.png,2.08,75,0.02029,0.02833,49,5
test_124.png,5.21,188,0.00428,0.00814,19,5
test_124.png,10.42,375,0.0,0.0,7,5
test_125.png,0.0,0,0.09841,0.21112,86,38
test_125.png,0.21,8,0.09719,0.2103,65,38
test_125.png,0.52,19,0.09263,0.20213,48,38
test_125.png,1.04,37,0.08401,0.1875,34,39
test_125.png,2.08,75,0.05819,0.13711,11,39
test_125.png,5.21,188,0.0343,0.08667,2,39
test_125.png,10.42,375,0.0,0.0,3,39
test_126.png,0.0,0,0.28301,0.83952,77,8
test_126.png,0.21,8,0.28217,0.83849,60,8
test_126.png,0.52,19,0.28008,0.83749,51,8
test_126.png,1.04,37,0.27816,0.83401,46,8
test_126.png,2.08,75,0.2681,0.81656,35,8
test_126.png,5.21,188,0.22777,0.72535,16,8
test_126.png,10.42,375,0.18299,0.61447,7,8
test_127.png,0.0,0,0.64578,0.84351,282,137
test_127.png,0.21,8,0.64308,0.84092,189,137
test_127.png,0.52,19,0.63929,0.8371,157,137
test_127.png,1.04,37,0.63153,0.82898,129,138
test_127.png,2.08,75,0.60772,0.802,89,139
test_127.png,5.21,188,0.52905,0.71139,39,140
test_127.png,10.42,375,0.43067,0.59301,12,141
test_128.png,0.0,0,0.18925,0.56128,161,9
test_128.png,0.21,8,0.18708,0.55606,115,9
test_128.png,0.52,19,0.18022,0.5462,87,9
test_128.png,1.04,37,0.16298,0.50707,54,9
test_128.png,2.08,75,0.14644,0.47669,36,9
test_128.png,5.21,188,0.09381,0.33376,15,9
test_128.png,10.42,375,0.0,0.0,1,9
test_129.png,0.0,0,0.26175,0.52252,196,77
test_129.png,0.21,8,0.25884,0.51868,116,77
test_129.png,0.52,19,0.25262,0.50794,87,77
test_129.png,1.04,37,0.24189,0.48869,65,77
test_129.png,2.08,75,0.21916,0.45116,41,77
test_129.png,5.21,188,0.153,0.33773,10,77
test_129.png,10.42,375,0.12089,0.27297,3,77
test_130.png,0.0,0,0.2125,0.57179,111,5
test_130.png,0.21,8,0.2114,0.57231,78,5
test_130.png,0.52,19,0.20972,0.5705,66,5
test_130.png,1.04,37,0.20188,0.55987,47,5
test_130.png,2.08,75,0.18413,0.53865,29,5
test_130.png,5.21,188,0.15117,0.48101,15,5
test_130.png,10.42,375,0.0616,0.21164,3,5
test_131.png,0.0,0,0.24931,0.58179,139,35
test_131.png,0.21,8,0.24703,0.57767,99,35
test_131.png,0.52,19,0.24131,0.57052,75,35
test_131.png,1.04,37,0.22902,0.54678,52,35
test_131.png,2.08,75,0.20655,0.50343,31,35
test_131.png,5.21,188,0.16142,0.40675,14,35
test_131.png,10.42,375,0.09403,0.23966,2,35
test_132.png,0.0,0,0.16167,0.4982,136,8
test_132.png,0.21,8,0.15866,0.49286,95,8
test_132.png,0.52,19,0.15067,0.47886,66,8
test_132.png,1.04,37,0.14258,0.46169,52,8
test_132.png,2.08,75,0.11053,0.39201,23,8
test_132.png,5.21,188,0.06884,0.26456,7,8
test_132.png,10.42,375,0.0,0.0,4,8
test_133.png,0.0,0,0.39675,0.47098,281,41
test_133.png,0.21,8,0.39494,0.47074,178,41
test_133.png,0.52,19,0.39078,0.46865,136,41
test_133.png,1.04,37,0.38102,0.45901,96,41
test_133.png,2.08,75,0.35787,0.4321,67,41
test_133.png,5.21,188,0.27665,0.34426,19,41
test_133.png,10.42,375,0.21191,0.26581,6,41
test_134.png,0.0,0,0.43039,0.81056,101,51
test_134.png,0.21,8,0.42942,0.81059,65,51
test_134.png,0.52,19,0.42845,0.81053,51,51
test_134.png,1.04,37,0.42658,0.80736,41,51
test_134.png,2.08,75,0.41696,0.7944,27,51
test_134.png,5.21,188,0.3857,0.74573,11,51
test_134.png,10.42,375,0.38188,0.74051,10,51
test_135.png,0.0,0,0.28204,0.57574,162,11
test_135.png,0.21,8,0.27978,0.57628,102,11
test_135.png,0.52,19,0.27758,0.57331,90,11
test_135.png,1.04,37,0.27209,0.56809,77,11
test_135.png,2.08,75,0.24925,0.54213,53,11
test_135.png,5.21,188,0.15963,0.35844,16,11
test_135.png,10.42,375,0.09579,0.23185,5,13
test_136.png,0.0,0,0.13003,0.15767,234,9
test_136.png,0.21,8,0.1284,0.15611,172,9
test_136.png,0.52,19,0.12502,0.15314,137,9
test_136.png,1.04,37,0.12186,0.14922,109,9
test_136.png,2.08,75,0.10914,0.14356,66,9
test_136.png,5.21,188,0.07075,0.1026,23,10
test_136.png,10.42,375,0.01534,0.02426,8,11
test_137.png,0.0,0,0.16947,0.29944,116,79
test_137.png,0.21,8,0.16933,0.29943,108,79
test_137.png,0.52,19,0.1685,0.29888,105,79
test_137.png,1.04,37,0.16706,0.2968,102,79
test_137.png,2.08,75,0.05097,0.08898,20,79
test_137.png,5.21,188,0.0,0.0,3,79
test_137.png,10.42,375,0.0,0.0,3,79
test_138.png,0.0,0,0.42226,0.9307,5,10
test_138.png,0.21,8,0.42227,0.93086,4,10
test_138.png,0.52,19,0.42205,0.93086,3,10
test_138.png,1.04,37,0.42205,0.93086,3,10
test_138.png,2.08,75,0.42205,0.93086,3,10
test_138.png,5.21,188,0.42205,0.93086,3,10
test_138.png,10.42,375,0.41481,0.91873,1,10
test_139.png,0.0,0,0.11348,0.28791,149,1
test_139.png,0.21,8,0.11092,0.28592,87,1
test_139.png,0.52,19,0.10519,0.28448,56,1
test_139.png,1.04,37,0.10012,0.28474,33,1
test_139.png,2.08,75,0.08254,0.25829,13,1
test_139.png,5.21,188,0.06649,0.25013,2,1
test_139.png,10.42,375,0.05485,0.22056,0,1
test_140.png,0.0,0,0.18878,0.56438,99,7
test_140.png,0.21,8,0.18674,0.56073,70,7
test_140.png,0.52,19,0.18045,0.55349,51,7
test_140.png,1.04,37,0.17242,0.54549,37,7
test_140.png,2.08,75,0.15119,0.49925,20,7
test_140.png,5.21,188,0.13732,0.48154,15,7
test_140.png,10.42,375,0.03872,0.15878,2,7
test_141.png,0.0,0,0.39865,0.93143,7,5
test_141.png,0.21,8,0.39863,0.93143,6,5
test_141.png,0.52,19,0.39863,0.93143,6,5
test_141.png,1.04,37,0.39837,0.93138,4,5
test_141.png,2.08,75,0.39624,0.92973,2,5
test_141.png,5.21,188,0.39327,0.92512,1,5
test_141.png,10.42,375,0.38882,0.9204,0,5
test_142.png,0.0,0,0.42943,0.79538,102,7
test_142.png,0.21,8,0.42929,0.79856,70,7
test_142.png,0.52,19,0.42979,0.80178,56,7
test_142.png,1.04,37,0.42808,0.80726,39,8
test_142.png,2.08,75,0.42225,0.80396,31,8
test_142.png,5.21,188,0.40003,0.78659,16,8
test_142.png,10.42,375,0.38005,0.76304,10,8
test_143.png,0.0,0,0.09501,0.2907,79,7
test_143.png,0.21,8,0.09366,0.28935,62,7
test_143.png,0.52,19,0.08741,0.28226,39,7
test_143.png,1.04,37,0.07901,0.2664,23,7
test_143.png,2.08,75,0.06892,0.23903,15,7
test_143.png,5.21,188,0.03232,0.10788,3,7
test_143.png,10.42,375,0.0,0.0,3,7
test_144.png,0.0,0,0.16642,0.43101,188,6
test_144.png,0.21,8,0.16514,0.43366,113,6
test_144.png,0.52,19,0.16052,0.42894,83,6
test_144.png,1.04,37,0.15157,0.42207,60,6
test_144.png,2.08,75,0.13358,0.39972,30,6
test_144.png,5.21,188,0.09422,0.3216,11,6
test_144.png,10.42,375,0.02779,0.09147,2,6
test_145.png,0.0,0,0.19887,0.34366,317,10
test_145.png,0.21,8,0.19363,0.34138,193,10
test_145.png,0.52,19,0.17907,0.33109,125,10
test_145.png,1.04,37,0.15577,0.30683,76,10
test_145.png,2.08,75,0.11932,0.26637,32,11
test_145.png,5.21,188,0.06864,0.16466,10,11
test_145.png,10.42,375,0.0116,0.03201,0,11
test_146.png,0.0,0,0.54473,0.81438,120,41
test_146.png,0.21,8,0.54408,0.81388,89,41
test_146.png,0.52,19,0.5429,0.81237,81,41
test_146.png,1.04,37,0.54026,0.8106,73,41
test_146.png,2.08,75,0.53559,0.80679,63,41
test_146.png,5.21,188,0.51065,0.77448,44,41
test_146.png,10.42,375,0.46229,0.7086,28,41
test_147.png,0.0,0,0.02103,0.01914,106,5
test_147.png,0.21,8,0.02001,0.01857,77,5
test_147.png,0.52,19,0.01945,0.01749,67,5
test_147.png,1.04,37,0.01323,0.00924,50,5
test_147.png,2.08,75,0.00647,0.00111,37,5
test_147.png,5.21,188,0.00052,0.0,27,5
test_147.png,10.42,375,0.00056,0.0,13,6
test_148.png,0.0,0,0.45708,0.88357,54,11
test_148.png,0.21,8,0.45669,0.88324,46,11
test_148.png,0.52,19,0.45589,0.88213,43,11
test_148.png,1.04,37,0.45262,0.87745,37,11
test_148.png,2.08,75,0.44065,0.8626,26,11
test_148.png,5.21,188,0.41402,0.82876,17,11
test_148.png,10.42,375,0.35059,0.73633,7,11
test_149.png,0.0,0,0.14822,0.48981,82,3
test_149.png,0.21,8,0.14649,0.48478,56,3
test_149.png,0.52,19,0.14341,0.48132,44,3
test_149.png,1.04,37,0.13829,0.46913,34,3
test_149.png,2.08,75,0.11435,0.41734,13,3
test_149.png,5.21,188,0.10458,0.38785,10,3
test_149.png,10.42,375,0.05731,0.20046,3,3
test_150.png,0.0,0,0.1906,0.46645,118,6
test_150.png,0.21,8,0.18765,0.46344,67,6
test_150.png,0.52,19,0.18373,0.45922,54,6
test_150.png,1.04,37,0.17598,0.4484,37,6
test_150.png,2.08,75,0.14606,0.40605,16,6
test_150.png,5.21,188,0.11452,0.34037,6,6
test_150.png,10.42,375,0.04687,0.1303,0,6
test_151.png,0.0,0,0.45023,0.73531,144,14
test_151.png,0.21,8,0.44944,0.73609,98,14
test_151.png,0.52,19,0.44869,0.73827,77,14
test_151.png,1.04,37,0.44418,0.73555,60,14
test_151.png,2.08,75,0.43425,0.72613,39,14
test_151.png,5.21,188,0.40934,0.70115,25,14
test_151.png,10.42,375,0.33437,0.60251,11,14
test_152.png,0.0,0,0.17495,0.43945,152,23
test_152.png,0.21,8,0.17209,0.43655,100,23
test_152.png,0.52,19,0.16416,0.42617,68,23
test_152.png,1.04,37,0.1535,0.4085,50,23
test_152.png,2.08,75,0.13641,0.3782,35,23
test_152.png,5.21,188,0.05828,0.17088,8,23
test_152.png,10.42,375,0.0,0.0,2,23
test_153.png,0.0,0,0.46506,0.74952,134,12
test_153.png,0.21,8,0.46429,0.7508,91,12
test_153.png,0.52,19,0.46428,0.75394,71,12
test_153.png,1.04,37,0.46017,0.75138,56,12
test_153.png,2.08,75,0.45382,0.75242,38,12
test_153.png,5.21,188,0.4183,0.71084,19,12
test_153.png,10.42,375,0.36526,0.63741,10,12
test_154.png,0.0,0,0.34243,0.55978,257,42
test_154.png,0.21,8,0.33929,0.55865,183,42
test_154.png,0.52,19,0.33405,0.55425,148,42
test_154.png,1.04,37,0.31406,0.54262,97,42
test_154.png,2.08,75,0.27057,0.47619,49,42
test_154.png,5.21,188,0.18951,0.36172,13,43
test_154.png,10.42,375,0.14845,0.29582,6,43
test_155.png,0.0,0,0.05214,0.05849,205,5
test_155.png,0.21,8,0.05095,0.0565,124,5
test_155.png,0.52,19,0.05016,0.05522,102,5
test_155.png,1.04,37,0.045,0.04807,82,5
test_155.png,2.08,75,0.0358,0.03722,57,5
test_155.png,5.21,188,0.01191,0.01652,26,5
test_155.png,10.42,375,0.0005,0.00119,10,5
test_156.png,0.0,0,0.1665,0.47379,86,10
test_156.png,0.21,8,0.16419,0.47103,60,10
test_156.png,0.52,19,0.16108,0.46279,49,10
test_156.png,1.04,37,0.15498,0.45211,39,10
test_156.png,2.08,75,0.1338,0.41581,21,10
test_156.png,5.21,188,0.10488,0.34042,10,10
test_156.png,10.42,375,0.01142,0.04436,3,10
test_157.png,0.0,0,0.32956,0.74918,107,3
test_157.png,0.21,8,0.329,0.75137,75,3
test_157.png,0.52,19,0.32817,0.75549,58,3
test_157.png,1.04,37,0.32607,0.7619,46,3
test_157.png,2.08,75,0.32093,0.76774,32,3
test_157.png,5.21,188,0.30215,0.75783,21,3
test_157.png,10.42,375,0.22915,0.61677,10,3
test_158.png,0.0,0,0.37656,0.93403,9,1
test_158.png,0.21,8,0.37647,0.93403,7,1
test_158.png,0.52,19,0.37621,0.93305,6,1
test_158.png,1.04,37,0.37621,0.93305,6,1
test_158.png,2.08,75,0.37621,0.93305,6,1
test_158.png,5.21,188,0.37131,0.92385,4,1
test_158.png,10.42,375,0.35072,0.8915,1,1
test_159.png,0.0,0,0.12274,0.42559,92,6
test_159.png,0.21,8,0.12049,0.41841,55,6
test_159.png,0.52,19,0.11602,0.40585,39,6
test_159.png,1.04,37,0.10619,0.3839,23,6
test_159.png,2.08,75,0.09718,0.36764,15,6
test_159.png,5.21,188,0.07774,0.31276,8,6
test_159.png,10.42,375,0.01003,0.04209,1,6
test_160.png,0.0,0,0.2272,0.47245,123,38
test_160.png,0.21,8,0.22567,0.47049,90,38
test_160.png,0.52,19,0.22234,0.46741,73,38
test_160.png,1.04,37,0.2176,0.46028,64,38
test_160.png,2.08,75,0.1993,0.43248,42,38
test_160.png,5.21,188,0.13967,0.32659,17,38
test_160.png,10.42,375,0.07029,0.16221,4,38
test_161.png,0.0,0,0.4348,0.55575,261,29
test_161.png,0.21,8,0.43303,0.55559,171,29
test_161.png,0.52,19,0.42855,0.55195,132,30
test_161.png,1.04,37,0.42289,0.54742,104,30
test_161.png,2.08,75,0.40849,0.52937,66,30
test_161.png,5.21,188,0.32901,0.43585,29,30
test_161.png,10.42,375,0.21887,0.30804,9,30
test_162.png,0.0,0,0.22931,0.363,199,46
test_162.png,0.21,8,0.22696,0.36,144,46
test_162.png,0.52,19,0.22013,0.35101,107,46
test_162.png,1.04,37,0.20909,0.3353,82,46
test_162.png,2.08,75,0.16907,0.27428,40,46
test_162.png,5.21,188,0.08768,0.1465,8,46
test_162.png,10.42,375,0.04918,0.08595,1,46
test_163.png,0.0,0,0.52739,0.83302,126,30
test_163.png,0.21,8,0.52717,0.83369,100,30
test_163.png,0.52,19,0.52628,0.83359,92,30
test_163.png,1.04,37,0.52532,0.83414,80,30
test_163.png,2.08,75,0.52148,0.83008,71,30
test_163.png,5.21,188,0.49118,0.78779,50,30
test_163.png,10.42,375,0.41453,0.6864,28,30
test_164.png,0.0,0,0.63792,0.92329,55,34
test_164.png,0.21,8,0.63725,0.92253,33,34
test_164.png,0.52,19,0.6361,0.92095,27,34
test_164.png,1.04,37,0.63379,0.91809,20,34
test_164.png,2.08,75,0.63223,0.91596,18,34
test_164.png,5.21,188,0.62422,0.90617,14,34
test_164.png,10.42,375,0.59779,0.87326,6,34
test_165.png,0.0,0,0.28849,0.49081,171,70
test_165.png,0.21,8,0.28612,0.48798,126,70
test_165.png,0.52,19,0.28287,0.48342,114,70
test_165.png,1.04,37,0.27561,0.47463,102,70
test_165.png,2.08,75,0.25606,0.44368,85,70
test_165.png,5.21,188,0.04272,0.08045,5,70
test_165.png,10.42,375,0.01119,0.02239,0,70
test_166.png,0.0,0,0.51273,0.91388,26,24
test_166.png,0.21,8,0.51255,0.91343,21,24
test_166.png,0.52,19,0.51123,0.91116,14,24
test_166.png,1.04,37,0.50945,0.90896,9,24
test_166.png,2.08,75,0.50575,0.90492,5,24
test_166.png,5.21,188,0.49864,0.89581,2,24
test_166.png,10.42,375,0.49544,0.89222,1,24
test_167.png,0.0,0,0.21715,0.36664,196,64
test_167.png,0.21,8,0.21314,0.36206,122,64
test_167.png,0.52,19,0.20554,0.35273,90,64
test_167.png,1.04,37,0.19521,0.33747,68,64
test_167.png,2.08,75,0.15422,0.27212,35,64
test_167.png,5.21,188,0.08343,0.155,8,64
test_167.png,10.42,375,0.03577,0.0715,1,64
test_168.png,0.0,0,0.21892,0.58602,125,7
test_168.png,0.21,8,0.21662,0.58545,80,7
test_168.png,0.52,19,0.21327,0.58153,63,7
test_168.png,1.04,37,0.20697,0.57259,49,7
test_168.png,2.08,75,0.18059,0.52699,27,7
test_168.png,5.21,188,0.13107,0.40852,10,7
test_168.png,10.42,375,0.07434,0.2428,4,7
test_169.png,0.0,0,0.18428,0.28535,375,10
test_169.png,0.21,8,0.17602,0.2837,232,10
test_169.png,0.52,19,0.15764,0.27802,140,10
test_169.png,1.04,37,0.12169,0.27006,65,10
test_169.png,2.08,75,0.08253,0.24209,17,10
test_169.png,5.21,188,0.04902,0.16567,6,10
test_169.png,10.42,375,0.0,0.0,2,10
test_170.png,0.0,0,0.54348,0.86049,89,33
test_170.png,0.21,8,0.54283,0.86012,64,33
test_170.png,0.52,19,0.54272,0.86074,58,33
test_170.png,1.04,37,0.54164,0.86062,49,33
test_170.png,2.08,75,0.53867,0.86079,40,33
test_170.png,5.21,188,0.52403,0.84663,28,33
test_170.png,10.42,375,0.50088,0.81414,20,34
test_171.png,0.0,0,0.05783,0.08142,181,13
test_171.png,0.21,8,0.05522,0.07833,123,13
test_171.png,0.52,19,0.05175,0.07399,92,13
test_171.png,1.04,37,0.04262,0.06244,69,13
test_171.png,2.08,75,0.03457,0.04934,48,13
test_171.png,5.21,188,0.0072,0.00914,23,14
test_171.png,10.42,375,0.00413,0.00387,14,14
test_172.png,0.0,0,0.07866,0.13735,203,14
test_172.png,0.21,8,0.07667,0.13443,142,14
test_172.png,0.52,19,0.07234,0.12981,118,14
test_172.png,1.04,37,0.06487,0.11705,89,14
test_172.png,2.08,75,0.05267,0.09704,58,14
test_172.png,5.21,188,0.01966,0.04093,22,14
test_172.png,10.42,375,0.00537,0.01283,7,14
test_173.png,0.0,0,0.3178,0.63216,160,11
test_173.png,0.21,8,0.31712,0.63279,123,11
test_173.png,0.52,19,0.31474,0.63113,105,11
test_173.png,1.04,37,0.30997,0.62695,87,11
test_173.png,2.08,75,0.30044,0.62162,62,11
test_173.png,5.21,188,0.25039,0.56119,28,11
test_173.png,10.42,375,0.18003,0.47168,9,12
test_174.png,0.0,0,0.02129,0.02827,221,14
test_174.png,0.21,8,0.02006,0.02642,146,14
test_174.png,0.52,19,0.01715,0.02403,115,14
test_174.png,1.04,37,0.01274,0.01747,89,14
test_174.png,2.08,75,0.00724,0.00751,57,14
test_174.png,5.21,188,0.0,0.0,16,14
test_174.png,10.42,375,0.0,0.0,4,14
test_175.png,0.0,0,0.51592,0.53792,74,45
test_175.png,0.21,8,0.51583,0.53834,51,45
test_175.png,0.52,19,0.51543,0.5388,39,45
test_175.png,1.04,37,0.51535,0.53906,33,46
test_175.png,2.08,75,0.51427,0.53739,21,46
test_175.png,5.21,188,0.50572,0.52597,12,46
test_175.png,10.42,375,0.49483,0.51347,9,46
test_176.png,0.0,0,0.61389,0.7371,52,31
test_176.png,0.21,8,0.6141,0.73821,29,31
test_176.png,0.52,19,0.61385,0.73812,21,31
test_176.png,1.04,37,0.61343,0.73695,17,31
test_176.png,2.08,75,0.6145,0.73985,8,31
test_176.png,5.21,188,0.61383,0.73977,1,31
test_176.png,10.42,375,0.61383,0.73977,1,31
test_177.png,0.0,0,0.53639,0.67024,233,76
test_177.png,0.21,8,0.53545,0.67135,159,76
test_177.png,0.52,19,0.53538,0.67327,131,77
test_177.png,1.04,37,0.53586,0.67617,113,77
test_177.png,2.08,75,0.52338,0.666,81,77
test_177.png,5.21,188,0.43887,0.56878,33,78
test_177.png,10.42,375,0.36494,0.47847,15,78
test_178.png,0.0,0,0.10479,0.18219,214,13
test_178.png,0.21,8,0.10279,0.17788,150,13
test_178.png,0.52,19,0.09707,0.1666,117,13
test_178.png,1.04,37,0.0902,0.15622,94,13
test_178.png,2.08,75,0.07093,0.12345,56,13
test_178.png,5.21,188,0.0125,0.01925,22,13
test_178.png,10.42,375,0.00366,0.00554,11,13
test_179.png,0.0,0,0.62082,0.73191,122,73
test_179.png,0.21,8,0.61944,0.73074,80,73
test_179.png,0.52,19,0.61866,0.72984,67,74
test_179.png,1.04,37,0.61628,0.72804,51,74
test_179.png,2.08,75,0.61533,0.72737,31,74
test_179.png,5.21,188,0.60103,0.70984,18,74
test_179.png,10.42,375,0.57239,0.68016,7,74
test_180.png,0.0,0,0.59885,0.71269,155,100
test_180.png,0.21,8,0.59821,0.71225,110,100
test_180.png,0.52,19,0.59734,0.71198,88,100
test_180.png,1.04,37,0.59564,0.71215,65,100
test_180.png,2.08,75,0.59192,0.70903,48,100
test_180.png,5.21,188,0.56652,0.68234,30,100
test_180.png,10.42,375,0.50978,0.61767,14,100
test_181.png,0.0,0,0.51776,0.64856,237,61
test_181.png,0.21,8,0.5162,0.64796,169,61
test_181.png,0.52,19,0.51501,0.64765,142,61
test_181.png,1.04,37,0.51233,0.64641,115,61
test_181.png,2.08,75,0.50235,0.64018,78,63
test_181.png,5.21,188,0.4417,0.57377,35,63
test_181.png,10.42,375,0.35987,0.47261,19,64
test_182.png,0.0,0,0.14747,0.19197,271,42
test_182.png,0.21,8,0.14499,0.18888,194,42
test_182.png,0.52,19,0.13957,0.18182,162,42
test_182.png,1.04,37,0.13323,0.17467,142,42
test_182.png,2.08,75,0.0913,0.12172,92,42
test_182.png,5.21,188,0.02924,0.04271,41,44
test_182.png,10.42,375,0.00356,0.00425,1,44
test_183.png,0.0,0,0.02914,0.0411,159,7
test_183.png,0.21,8,0.02715,0.03892,107,7
test_183.png,0.52,19,0.02447,0.03629,84,7
test_183.png,1.04,37,0.02002,0.03235,64,7
test_183.png,2.08,75,0.01174,0.02087,42,7
test_183.png,5.21,188,0.00025,0.0,20,7
test_183.png,10.42,375,0.0,0.0,11,7
test_184.png,0.0,0,0.72566,0.83042,88,250
test_184.png,0.21,8,0.72564,0.83092,48,250
test_184.png,0.52,19,0.72532,0.83061,30,250
test_184.png,1.04,37,0.72503,0.83005,26,250
test_184.png,2.08,75,0.72467,0.82959,22,250
test_184.png,5.21,188,0.71541,0.81861,8,251
test_184.png,10.42,375,0.70889,0.81153,3,251
test_185.png,0.0,0,0.29526,0.58999,155,6
test_185.png,0.21,8,0.29432,0.59023,119,6
test_185.png,0.52,19,0.29165,0.58661,102,6
test_185.png,1.04,37,0.29005,0.58852,89,6
test_185.png,2.08,75,0.28081,0.58125,72,7
test_185.png,5.21,188,0.22595,0.51933,29,7
test_185.png,10.42,375,0.12636,0.34422,8,7
test_186.png,0.0,0,0.03595,0.05369,229,13
test_186.png,0.21,8,0.03367,0.0516,151,13
test_186.png,0.52,19,0.0268,0.04302,115,13
test_186.png,1.04,37,0.0199,0.03182,92,13
test_186.png,2.08,75,0.00864,0.01343,47,13
test_186.png,5.21,188,0.00206,0.00095,18,14
test_186.png,10.42,375,0.00122,0.0,7,14
test_187.png,0.0,0,0.072,0.10096,205,16
test_187.png,0.21,8,0.07047,0.09868,148,16
test_187.png,0.52,19,0.06728,0.09543,124,16
test_187.png,1.04,37,0.06321,0.09091,101,16
test_187.png,2.08,75,0.04978,0.06936,57,16
test_187.png,5.21,188,0.00803,0.00992,14,16
test_187.png,10.42,375,0.0,0.0,2,16
test_188.png,0.0,0,0.18453,0.18133,216,22
test_188.png,0.21,8,0.18348,0.1811,144,22
test_188.png,0.52,19,0.1814,0.18129,122,22
test_188.png,1.04,37,0.17908,0.1802,96,22
test_188.png,2.08,75,0.14818,0.15966,51,22
test_188.png,5.21,188,0.0908,0.09746,16,23
test_188.png,10.42,375,0.05619,0.05976,4,23
test_189.png,0.0,0,0.54541,0.69785,184,67
test_189.png,0.21,8,0.54481,0.69836,134,67
test_189.png,0.52,19,0.54376,0.69928,113,67
test_189.png,1.04,37,0.54054,0.698,93,67
test_189.png,2.08,75,0.53325,0.69324,67,67
test_189.png,5.21,188,0.50113,0.65706,42,67
test_189.png,10.42,375,0.37931,0.51415,15,67
test_190.png,0.0,0,0.10443,0.20059,187,15
test_190.png,0.21,8,0.10251,0.19749,127,15
test_190.png,0.52,19,0.09905,0.19172,101,15
test_190.png,1.04,37,0.09157,0.17838,78,15
test_190.png,2.08,75,0.06774,0.13528,46,15
test_190.png,5.21,188,0.03482,0.07454,25,15
test_190.png,10.42,375,0.02231,0.05327,11,15
test_191.png,0.0,0,0.58557,0.73925,136,57
test_191.png,0.21,8,0.58528,0.74039,90,57
test_191.png,0.52,19,0.58405,0.73946,77,57
test_191.png,1.04,37,0.58232,0.73829,61,57
test_191.png,2.08,75,0.58213,0.74009,43,57
test_191.png,5.21,188,0.55686,0.71424,26,57
test_191.png,10.42,375,0.51643,0.66713,14,57
test_192.png,0.0,0,0.41886,0.5428,289,58
test_192.png,0.21,8,0.41684,0.54093,198,58
test_192.png,0.52,19,0.41405,0.53868,157,58
test_192.png,1.04,37,0.40693,0.53227,121,58
test_192.png,2.08,75,0.38225,0.50557,67,58
test_192.png,5.21,188,0.3089,0.40827,29,58
test_192.png,10.42,375,0.19354,0.26961,8,58
test_193.png,0.0,0,0.29696,0.51002,202,18
test_193.png,0.21,8,0.29554,0.51169,130,18
test_193.png,0.52,19,0.29367,0.51346,108,18
test_193.png,1.04,37,0.289,0.51722,78,18
test_193.png,2.08,75,0.28486,0.52872,50,18
test_193.png,5.21,188,0.23595,0.46116,22,18
test_193.png,10.42,375,0.12226,0.25772,4,18
test_194.png,0.0,0,0.31984,0.49091,310,37
test_194.png,0.21,8,0.31853,0.49334,198,37
test_194.png,0.52,19,0.31573,0.49358,163,37
test_194.png,1.04,37,0.31384,0.49672,131,38
test_194.png,2.08,75,0.28869,0.46382,82,38
test_194.png,5.21,188,0.18631,0.3281,22,38
test_194.png,10.42,375,0.11089,0.20234,8,39
test_195.png,0.0,0,0.07479,0.12923,188,12
test_195.png,0.21,8,0.07318,0.12704,131,12
test_195.png,0.52,19,0.06933,0.11968,111,12
test_195.png,1.04,37,0.05724,0.10142,81,12
test_195.png,2.08,75,0.0365,0.06748,47,12
test_195.png,5.21,188,0.00972,0.01685,15,12
test_195.png,10.42,375,9e-05,0.0,4,12
test_196.png,0.0,0,0.22115,0.44113,206,12
test_196.png,0.21,8,0.21868,0.43613,136,12
test_196.png,0.52,19,0.21455,0.42748,114,12
test_196.png,1.04,37,0.20591,0.415,84,12
test_196.png,2.08,75,0.18725,0.37577,60,12
test_196.png,5.21,188,0.136,0.28744,31,12
test_196.png,10.42,375,0.06969,0.16607,7,14
test_197.png,0.0,0,0.1374,0.2676,239,8
test_197.png,0.21,8,0.1348,0.26183,167,8
test_197.png,0.52,19,0.13156,0.25741,123,8
test_197.png,1.04,37,0.12237,0.2402,97,9
test_197.png,2.08,75,0.10193,0.21341,59,9
test_197.png,5.21,188,0.03591,0.08213,16,9
test_197.png,10.42,375,0.00304,0.00454,5,9
test_198.png,0.0,0,0.03177,0.04984,206,12
test_198.png,0.21,8,0.03037,0.0481,139,12
test_198.png,0.52,19,0.02704,0.04319,109,12
test_198.png,1.04,37,0.02153,0.03413,91,12
test_198.png,2.08,75,0.01583,0.02583,52,12
test_198.png,5.21,188,0.0027,0.00297,20,12
test_198.png,10.42,375,0.0024,0.00311,6,12
test_199.png,0.0,0,0.25404,0.47571,237,13
test_199.png,0.21,8,0.25204,0.47345,172,13
test_199.png,0.52,19,0.24785,0.46634,146,13
test_199.png,1.04,37,0.24328,0.4559,134,13
test_199.png,2.08,75,0.21572,0.41304,96,13
test_199.png,5.21,188,0.11119,0.23781,29,13
test_199.png,10.42,375,0.03106,0.07882,3,13
test_200.png,0.0,0,0.13395,0.13557,195,19
test_200.png,0.21,8,0.13327,0.13506,135,19
test_200.png,0.52,19,0.12964,0.12906,105,19
test_200.png,1.04,37,0.12309,0.12358,73,19
test_200.png,2.08,75,0.10493,0.10833,43,19
test_200.png,5.21,188,0.05206,0.05708,8,19
test_200.png,10.42,375,0.01091,0.00628,0,19
test_201.png,0.0,0,0.44758,0.60118,288,43
test_201.png,0.21,8,0.44576,0.60127,179,43
test_201.png,0.52,19,0.44545,0.60264,148,43
test_201.png,1.04,37,0.44178,0.60101,112,43
test_201.png,2.08,75,0.42133,0.58145,63,43
test_201.png,5.21,188,0.35532,0.49781,27,44
test_201.png,10.42,375,0.28579,0.40432,12,44
test_202.png,0.0,0,0.06938,0.12482,174,13
test_202.png,0.21,8,0.06744,0.12069,126,13
test_202.png,0.52,19,0.06319,0.11383,102,13
test_202.png,1.04,37,0.0564,0.1002,81,13
test_202.png,2.08,75,0.0386,0.07755,47,13
test_202.png,5.21,188,0.01607,0.03695,25,13
test_202.png,10.42,375,0.0,0.0,12,13
test_203.png,0.0,0,0.54701,0.70311,181,81
test_203.png,0.21,8,0.54607,0.70329,123,81
test_203.png,0.52,19,0.54508,0.70294,105,81
test_203.png,1.04,37,0.54277,0.70238,81,81
test_203.png,2.08,75,0.53392,0.69566,57,81
test_203.png,5.21,188,0.50767,0.66821,34,81
test_203.png,10.42,375,0.44933,0.59961,17,81
test_204.png,0.0,0,0.57392,0.73791,132,74
test_204.png,0.21,8,0.57321,0.73792,95,74
test_204.png,0.52,19,0.57304,0.73922,83,75
test_204.png,1.04,37,0.57042,0.73793,69,75
test_204.png,2.08,75,0.56529,0.73429,51,75
test_204.png,5.21,188,0.54528,0.7166,31,75
test_204.png,10.42,375,0.51774,0.68746,21,75
test_205.png,0.0,0,0.25035,0.42974,287,26
test_205.png,0.21,8,0.24816,0.42942,183,26
test_205.png,0.52,19,0.24299,0.4225,137,26
test_205.png,1.04,37,0.2372,0.41946,106,26
test_205.png,2.08,75,0.19489,0.3545,56,26
test_205.png,5.21,188,0.10664,0.21458,13,26
test_205.png,10.42,375,0.04966,0.10327,2,26
test_206.png,0.0,0,0.22269,0.30339,445,53
test_206.png,0.21,8,0.21865,0.29899,284,53
test_206.png,0.52,19,0.21107,0.29119,207,53
test_206.png,1.04,37,0.19428,0.27231,145,53
test_206.png,2.08,75,0.15398,0.22466,68,53
test_206.png,5.21,188,0.04894,0.07475,10,53
test_206.png,10.42,375,0.01184,0.01888,0,53
test_207.png,0.0,0,0.06551,0.09802,209,15
test_207.png,0.21,8,0.06398,0.09568,147,15
test_207.png,0.52,19,0.06084,0.09142,118,15
test_207.png,1.04,37,0.05596,0.08538,93,15
test_207.png,2.08,75,0.03655,0.06044,55,15
test_207.png,5.21,188,0.01025,0.01938,27,15
test_207.png,10.42,375,0.0,0.0,11,15
test_208.png,0.0,0,0.33641,0.32336,142,8
test_208.png,0.21,8,0.33508,0.3228,98,8
test_208.png,0.52,19,0.33376,0.3235,79,8
test_208.png,1.04,37,0.32461,0.31441,55,8
test_208.png,2.08,75,0.3145,0.30787,36,8
test_208.png,5.21,188,0.26538,0.24545,15,8
test_208.png,10.42,375,0.22774,0.20245,9,8
test_209.png,0.0,0,0.16099,0.08872,228,8
test_209.png,0.21,8,0.15902,0.0858,147,8
test_209.png,0.52,19,0.15693,0.08221,119,8
test_209.png,1.04,37,0.15092,0.07667,80,8
test_209.png,2.08,75,0.13664,0.05448,51,9
test_209.png,5.21,188,0.082,0.01151,17,9
test_209.png,10.42,375,0.04343,0.00309,3,10
test_210.png,0.0,0,0.52049,0.75757,193,39
test_210.png,0.21,8,0.51925,0.75862,125,39
test_210.png,0.52,19,0.51808,0.76174,91,39
test_210.png,1.04,37,0.51655,0.76524,66,39
test_210.png,2.08,75,0.509,0.76545,44,39
test_210.png,5.21,188,0.48149,0.73431,25,39
test_210.png,10.42,375,0.43436,0.67403,16,39
test_211.png,0.0,0,0.28947,0.61859,194,15
test_211.png,0.21,8,0.28813,0.61787,131,15
test_211.png,0.52,19,0.28549,0.614,110,15
test_211.png,1.04,37,0.28002,0.60731,89,15
test_211.png,2.08,75,0.26601,0.58703,61,15
test_211.png,5.21,188,0.22299,0.54152,23,15
test_211.png,10.42,375,0.16898,0.45401,8,15
test_212.png,0.0,0,0.4828,0.59639,248,72
test_212.png,0.21,8,0.48168,0.59519,167,72
test_212.png,0.52,19,0.48075,0.59524,139,72
test_212.png,1.04,37,0.48025,0.59655,106,72
test_212.png,2.08,75,0.47631,0.59378,72,72
test_212.png,5.21,188,0.41955,0.52746,28,73
test_212.png,10.42,375,0.35905,0.45643,14,73
test_213.png,0.0,0,0.08023,0.15814,184,11
test_213.png,0.21,8,0.07811,0.15225,121,11
test_213.png,0.52,19,0.07425,0.14662,102,12
test_213.png,1.04,37,0.06624,0.13332,85,12
test_213.png,2.08,75,0.02998,0.06138,48,12
test_213.png,5.21,188,0.00024,0.0,20,12
test_213.png,10.42,375,0.0,0.0,5,12
test_214.png,0.0,0,0.56072,0.72879,147,69
test_214.png,0.21,8,0.56015,0.72847,109,69
test_214.png,0.52,19,0.55861,0.72825,88,69
test_214.png,1.04,37,0.55474,0.72607,70,69
test_214.png,2.08,75,0.54875,0.72139,48,69
test_214.png,5.21,188,0.5229,0.69261,23,69
test_214.png,10.42,375,0.48831,0.65121,15,69
test_215.png,0.0,0,0.53645,0.68066,233,83
test_215.png,0.21,8,0.5354,0.68139,154,83
test_215.png,0.52,19,0.53435,0.68137,130,83
test_215.png,1.04,37,0.53227,0.68092,104,83
test_215.png,2.08,75,0.51953,0.6711,63,84
test_215.png,5.21,188,0.46617,0.61031,28,84
test_215.png,10.42,375,0.40747,0.53878,13,84
test_216.png,0.0,0,0.29709,0.43494,229,25
test_216.png,0.21,8,0.29623,0.43353,161,25
test_216.png,0.52,19,0.29165,0.43311,122,25
test_216.png,1.04,37,0.28545,0.4293,89,26
test_216.png,2.08,75,0.26794,0.41314,49,26
test_216.png,5.21,188,0.20797,0.33234,15,26
test_216.png,10.42,375,0.17867,0.29265,7,26
test_217.png,0.0,0,0.34186,0.42803,429,63
test_217.png,0.21,8,0.338,0.42728,277,63
test_217.png,0.52,19,0.33194,0.42192,219,63
test_217.png,1.04,37,0.31745,0.40651,172,63
test_217.png,2.08,75,0.26781,0.35307,89,63
test_217.png,5.21,188,0.14321,0.20046,19,63
test_217.png,10.42,375,0.05967,0.0926,4,63
test_218.png,0.0,0,0.07598,0.11686,227,7
test_218.png,0.21,8,0.07302,0.11275,144,7
test_218.png,0.52,19,0.06912,0.10696,114,7
test_218.png,1.04,37,0.05752,0.09141,80,7
test_218.png,2.08,75,0.03692,0.05692,40,7
test_218.png,5.21,188,0.0012,0.0,15,10
test_218.png,10.42,375,0.0012,0.0,8,10
test_219.png,0.0,0,0.17812,0.11891,164,5
test_219.png,0.21,8,0.17691,0.11856,117,5
test_219.png,0.52,19,0.17357,0.11143,85,5
test_219.png,1.04,37,0.16843,0.1067,65,5
test_219.png,2.08,75,0.15824,0.09998,41,5
test_219.png,5.21,188,0.12784,0.08056,14,5
test_219.png,10.42,375,0.10016,0.08106,6,5
test_220.png,0.0,0,0.1294,0.03749,217,3
test_220.png,0.21,8,0.12782,0.03676,139,3
test_220.png,0.52,19,0.1252,0.03385,107,3
test_220.png,1.04,37,0.12094,0.0287,79,4
test_220.png,2.08,75,0.11474,0.02874,57,4
test_220.png,5.21,188,0.06946,0.02646,23,5
test_220.png,10.42,375,0.02351,0.0,3,7
test_221.png,0.0,0,0.17863,0.38157,225,49
test_221.png,0.21,8,0.17687,0.37906,156,49
test_221.png,0.52,19,0.17176,0.37374,113,49
test_221.png,1.04,37,0.16559,0.36716,87,49
test_221.png,2.08,75,0.14373,0.33491,45,49
test_221.png,5.21,188,0.08896,0.23498,12,49
test_221.png,10.42,375,0.05833,0.16669,3,49
test_222.png,0.0,0,0.18513,0.28559,130,1
test_222.png,0.21,8,0.18327,0.2851,88,1
test_222.png,0.52,19,0.18188,0.2879,61,1
test_222.png,1.04,37,0.17796,0.2835,47,1
test_222.png,2.08,75,0.16772,0.27247,30,1
test_222.png,5.21,188,0.12429,0.22211,12,1
test_222.png,10.42,375,0.06121,0.08747,1,1
test_223.png,0.0,0,0.24083,0.70986,47,5
test_223.png,0.21,8,0.24003,0.71077,34,5
test_223.png,0.52,19,0.23881,0.71012,30,5
test_223.png,1.04,37,0.23543,0.70882,24,5
test_223.png,2.08,75,0.22637,0.70739,13,5
test_223.png,5.21,188,0.21205,0.68609,8,5
test_223.png,10.42,375,0.19169,0.63208,5,5
test_224.png,0.0,0,0.24382,0.66455,57,2
test_224.png,0.21,8,0.24287,0.66402,39,2
test_224.png,0.52,19,0.24118,0.66532,31,2
test_224.png,1.04,37,0.23551,0.66452,21,2
test_224.png,2.08,75,0.22191,0.65376,13,2
test_224.png,5.21,188,0.2165,0.65081,10,2
test_224.png,10.42,375,0.17221,0.55622,4,2
test_225.png,0.0,0,0.00605,0.00387,185,0
test_225.png,0.21,8,0.00579,0.00387,112,0
test_225.png,0.52,19,0.00463,0.00377,85,0
test_225.png,1.04,37,0.00385,0.00257,58,0
test_225.png,2.08,75,0.00227,0.00242,31,0
test_225.png,5.21,188,0.00212,0.00255,10,1
test_225.png,10.42,375,0.00028,0.0,4,1
test_226.png,0.0,0,0.06948,0.06173,125,4
test_226.png,0.21,8,0.06844,0.05909,79,4
test_226.png,0.52,19,0.06547,0.05918,53,4
test_226.png,1.04,37,0.06123,0.05829,34,4
test_226.png,2.08,75,0.04852,0.0551,15,4
test_226.png,5.21,188,0.02025,0.00298,3,4
test_226.png,10.42,375,0.00512,0.0,0,4
test_227.png,0.0,0,0.338,0.71897,45,0
test_227.png,0.21,8,0.33701,0.71813,30,0
test_227.png,0.52,19,0.33619,0.71976,23,0
test_227.png,1.04,37,0.33226,0.71897,15,0
test_227.png,2.08,75,0.32417,0.70964,10,0
test_227.png,5.21,188,0.32479,0.71319,9,0
test_227.png,10.42,375,0.31815,0.71723,6,0
test_228.png,0.0,0,0.34302,0.71724,62,6
test_228.png,0.21,8,0.34272,0.71909,37,6
test_228.png,0.52,19,0.3422,0.7202,31,6
test_228.png,1.04,37,0.34034,0.7244,21,6
test_228.png,2.08,75,0.34005,0.73095,15,6
test_228.png,5.21,188,0.33743,0.73767,8,6
test_228.png,10.42,375,0.32178,0.71383,5,6
test_229.png,0.0,0,0.46123,0.86155,31,9
test_229.png,0.21,8,0.46086,0.86127,23,9
test_229.png,0.52,19,0.46056,0.86224,20,9
test_229.png,1.04,37,0.46075,0.86365,19,9
test_229.png,2.08,75,0.45386,0.85579,12,9
test_229.png,5.21,188,0.43409,0.82839,7,9
test_229.png,10.42,375,0.41298,0.79762,4,9
test_230.png,0.0,0,0.01207,0.00294,140,6
test_230.png,0.21,8,0.01179,0.00294,90,6
test_230.png,0.52,19,0.01154,0.00294,69,6
test_230.png,1.04,37,0.00944,0.00197,47,6
test_230.png,2.08,75,0.00771,0.00197,32,6
test_230.png,5.21,188,0.0,0.0,2,6
test_230.png,10.42,375,0.0,0.0,1,6
test_231.png,0.0,0,0.32206,0.67489,97,2
test_231.png,0.21,8,0.3212,0.67611,70,2
test_231.png,0.52,19,0.31978,0.67502,59,2
test_231.png,1.04,37,0.31311,0.67594,44,2
test_231.png,2.08,75,0.29908,0.66158,29,2
test_231.png,5.21,188,0.2679,0.63233,14,3
test_231.png,10.42,375,0.21834,0.57298,6,3
test_232.png,0.0,0,0.26268,0.55087,82,4
test_232.png,0.21,8,0.26143,0.5508,50,4
test_232.png,0.52,19,0.26102,0.5536,36,4
test_232.png,1.04,37,0.2612,0.55478,34,4
test_232.png,2.08,75,0.25908,0.55987,25,4
test_232.png,5.21,188,0.24649,0.55191,17,4
test_232.png,10.42,375,0.19763,0.49438,3,4
test_233.png,0.0,0,0.1386,0.39961,120,1
test_233.png,0.21,8,0.13524,0.3992,73,1
test_233.png,0.52,19,0.12908,0.39204,48,1
test_233.png,1.04,37,0.11795,0.37807,31,1
test_233.png,2.08,75,0.09926,0.37029,16,1
test_233.png,5.21,188,0.05754,0.25364,6,1
test_233.png,10.42,375,0.01385,0.05491,0,1
test_234.png,0.0,0,0.12959,0.2948,83,1
test_234.png,0.21,8,0.12769,0.29414,60,1
test_234.png,0.52,19,0.12434,0.28754,46,1
test_234.png,1.04,37,0.11564,0.2876,33,1
test_234.png,2.08,75,0.10382,0.27486,21,1
test_234.png,5.21,188,0.05116,0.19237,4,1
test_234.png,10.42,375,0.01584,0.10839,0,1
test_235.png,0.0,0,0.61134,0.82741,43,23
test_235.png,0.21,8,0.61126,0.82788,30,23
test_235.png,0.52,19,0.61066,0.82792,23,23
test_235.png,1.04,37,0.61105,0.83078,17,23
test_235.png,2.08,75,0.61182,0.83337,13,23
test_235.png,5.21,188,0.60504,0.82806,9,23
test_235.png,10.42,375,0.58541,0.80859,6,23
test_236.png,0.0,0,0.06678,0.04484,119,0
test_236.png,0.21,8,0.06391,0.04251,65,0
test_236.png,0.52,19,0.05954,0.03899,46,0
test_236.png,1.04,37,0.04872,0.03543,27,0
test_236.png,2.08,75,0.02522,0.00995,8,0
test_236.png,5.21,188,0.0,0.0,1,0
test_236.png,10.42,375,0.0,0.0,1,0
test_237.png,0.0,0,0.37558,0.81183,86,20
test_237.png,0.21,8,0.37527,0.81323,59,20
test_237.png,0.52,19,0.37398,0.81295,47,20
test_237.png,1.04,37,0.37124,0.81143,38,20
test_237.png,2.08,75,0.36559,0.81515,22,20
test_237.png,5.21,188,0.34995,0.80402,10,20
test_237.png,10.42,375,0.34995,0.80402,10,20
test_238.png,0.0,0,0.27589,0.39129,107,3
test_238.png,0.21,8,0.27318,0.38785,66,3
test_238.png,0.52,19,0.27136,0.38833,58,3
test_238.png,1.04,37,0.26022,0.3817,41,3
test_238.png,2.08,75,0.25118,0.36815,27,3
test_238.png,5.21,188,0.18835,0.29281,12,3
test_238.png,10.42,375,0.08447,0.17973,2,3
test_239.png,0.0,0,0.10345,0.1676,171,8
test_239.png,0.21,8,0.10148,0.16498,114,8
test_239.png,0.52,19,0.09597,0.15863,93,8
test_239.png,1.04,37,0.09352,0.15945,64,8
test_239.png,2.08,75,0.06473,0.11853,26,8
test_239.png,5.21,188,0.03957,0.07623,4,8
test_239.png,10.42,375,0.02664,0.04443,1,8
test_240.png,0.0,0,0.09312,0.12037,157,3
test_240.png,0.21,8,0.09109,0.11936,92,3
test_240.png,0.52,19,0.08757,0.11309,60,3
test_240.png,1.04,37,0.08331,0.11181,38,3
test_240.png,2.08,75,0.06877,0.09119,20,3
test_240.png,5.21,188,0.03894,0.04254,7,3
test_240.png,10.42,375,0.00444,0.0,0,3
test_241.png,0.0,0,0.24391,0.56118,105,5
test_241.png,0.21,8,0.24231,0.56063,70,5
test_241.png,0.52,19,0.24,0.56221,52,5
test_241.png,1.04,37,0.23751,0.56354,38,6
test_241.png,2.08,75,0.23495,0.57145,25,6
test_241.png,5.21,188,0.22154,0.57062,14,6
test_241.png,10.42,375,0.18174,0.5048,8,6
test_242.png,0.0,0,0.30023,0.61349,159,51
test_242.png,0.21,8,0.29947,0.61343,112,51
test_242.png,0.52,19,0.29791,0.6131,88,51
test_242.png,1.04,37,0.29312,0.60811,63,51
test_242.png,2.08,75,0.2783,0.58809,39,51
test_242.png,5.21,188,0.23241,0.51615,11,51
test_242.png,10.42,375,0.21414,0.48565,7,51
test_243.png,0.0,0,0.53191,0.974,4,2
test_243.png,0.21,8,0.53187,0.97412,2,2
test_243.png,0.52,19,0.53195,0.97457,1,2
test_243.png,1.04,37,0.53212,0.97526,0,2
test_243.png,2.08,75,0.53212,0.97526,0,2
test_243.png,5.21,188,0.53212,0.97526,0,2
test_243.png,10.42,375,0.53212,0.97526,0,2
test_244.png,0.0,0,0.13905,0.37465,52,2
test_244.png,0.21,8,0.13776,0.3733,36,2
test_244.png,0.52,19,0.13633,0.37507,28,2
test_244.png,1.04,37,0.13373,0.37238,24,2
test_244.png,2.08,75,0.12513,0.35478,18,2
test_244.png,5.21,188,0.09564,0.29552,7,2
test_244.png,10.42,375,0.04138,0.15715,1,2
test_245.png,0.0,0,0.1499,0.4331,97,3
test_245.png,0.21,8,0.14736,0.43066,57,3
test_245.png,0.52,19,0.144,0.42945,41,3
test_245.png,1.04,37,0.13874,0.42686,32,3
test_245.png,2.08,75,0.1265,0.42194,22,3
test_245.png,5.21,188,0.08932,0.34455,9,3
test_245.png,10.42,375,0.04924,0.18826,3,3
test_246.png,0.0,0,0.00207,0.0,202,2
test_246.png,0.21,8,0.00198,0.0,119,2
test_246.png,0.52,19,0.00193,0.0,86,2
test_246.png,1.04,37,0.00195,0.0,58,2
test_246.png,2.08,75,0.0001,0.0,29,2
test_246.png,5.21,188,7e-05,0.0,15,2
test_246.png,10.42,375,7e-05,0.0,7,2
test_247.png,0.0,0,0.15559,0.38908,83,3
test_247.png,0.21,8,0.15357,0.38665,55,3
test_247.png,0.52,19,0.14991,0.38516,42,3
test_247.png,1.04,37,0.14751,0.38237,36,3
test_247.png,2.08,75,0.12576,0.34568,23,3
test_247.png,5.21,188,0.06907,0.24493,5,3
test_247.png,10.42,375,0.01578,0.03748,0,3
test_248.png,0.0,0,0.33089,0.75639,54,9
test_248.png,0.21,8,0.32997,0.75537,31,9
test_248.png,0.52,19,0.3282,0.75415,22,9
test_248.png,1.04,37,0.32677,0.75415,19,9
test_248.png,2.08,75,0.31981,0.7519,11,9
test_248.png,5.21,188,0.31059,0.74863,7,9
test_248.png,10.42,375,0.29546,0.72359,3,9
test_249.png,0.0,0,0.31175,0.80991,69,4
test_249.png,0.21,8,0.31099,0.80978,54,4
test_249.png,0.52,19,0.30826,0.81204,40,4
test_249.png,1.04,37,0.30553,0.81081,36,4
test_249.png,2.08,75,0.29993,0.80915,32,4
test_249.png,5.21,188,0.26346,0.75784,18,4
test_249.png,10.42,375,0.18981,0.58905,8,4
test_250.png,0.0,0,0.25109,0.66979,86,2
test_250.png,0.21,8,0.24989,0.66996,64,2
test_250.png,0.52,19,0.24982,0.6715,59,2
test_250.png,1.04,37,0.2443,0.67313,47,2
test_250.png,2.08,75,0.22241,0.64993,30,2
test_250.png,5.21,188,0.17814,0.58859,14,2
test_250.png,10.42,375,0.07709,0.31426,3,2
test_251.png,0.0,0,0.15608,0.20831,210,30
test_251.png,0.21,8,0.15438,0.2057,133,30
test_251.png,0.52,19,0.15108,0.20108,105,30
test_251.png,1.04,37,0.14282,0.18742,81,30
test_251.png,2.08,75,0.11456,0.15261,43,30
test_251.png,5.21,188,0.06846,0.08998,9,31
test_251.png,10.42,375,0.02809,0.03671,2,31
test_252.png,0.0,0,0.18787,0.25467,189,32
test_252.png,0.21,8,0.1872,0.25473,141,32
test_252.png,0.52,19,0.18246,0.2488,106,32
test_252.png,1.04,37,0.17036,0.23421,71,32
test_252.png,2.08,75,0.13606,0.1929,40,32
test_252.png,5.21,188,0.05931,0.0806,5,32
test_252.png,10.42,375,0.02534,0.03603,0,32
test_253.png,0.0,0,0.40225,0.62361,32,14
test_253.png,0.21,8,0.40224,0.62407,22,14
test_253.png,0.52,19,0.40146,0.62213,17,14
test_253.png,1.04,37,0.39994,0.62185,13,14
test_253.png,2.08,75,0.39929,0.62015,11,14
test_253.png,5.21,188,0.39149,0.60419,5,14
test_253.png,10.42,375,0.38122,0.58508,3,14
test_254.png,0.0,0,0.29267,0.76071,86,4
test_254.png,0.21,8,0.2917,0.76045,64,4
test_254.png,0.52,19,0.28983,0.76221,46,4
test_254.png,1.04,37,0.28596,0.7668,31,5
test_254.png,2.08,75,0.28048,0.75846,23,5
test_254.png,5.21,188,0.25091,0.70914,13,5
test_254.png,10.42,375,0.21819,0.65394,7,5
test_255.png,0.0,0,0.01686,0.01038,128,4
test_255.png,0.21,8,0.01572,0.00931,80,4
test_255.png,0.52,19,0.01491,0.00879,57,4
test_255.png,1.04,37,0.01093,0.00875,32,4
test_255.png,2.08,75,0.00625,0.00224,12,4
test_255.png,5.21,188,0.00319,0.0,3,4
test_255.png,10.42,375,0.0,0.0,0,4
test_256.png,0.0,0,0.06642,0.04724,132,0
test_256.png,0.21,8,0.06356,0.03943,71,0
test_256.png,0.52,19,0.05674,0.02619,40,1
test_256.png,1.04,37,0.04526,0.01994,20,1
test_256.png,2.08,75,0.03088,0.00912,8,1
test_256.png,5.21,188,0.00688,0.00366,1,1
test_256.png,10.42,375,0.0,0.0,2,1
test_257.png,0.0,0,0.35775,0.76898,90,9
test_257.png,0.21,8,0.35728,0.77118,60,9
test_257.png,0.52,19,0.35562,0.77537,41,9
test_257.png,1.04,37,0.35311,0.77837,30,9
test_257.png,2.08,75,0.35133,0.79003,18,9
test_257.png,5.21,188,0.32788,0.78317,6,9
test_257.png,10.42,375,0.32269,0.77302,5,9
test_258.png,0.0,0,0.3235,0.67977,87,7
test_258.png,0.21,8,0.3229,0.68121,60,7
test_258.png,0.52,19,0.32252,0.68406,46,7
test_258.png,1.04,37,0.32103,0.68779,37,7
test_258.png,2.08,75,0.31607,0.69149,24,7
test_258.png,5.21,188,0.29003,0.6663,12,7
test_258.png,10.42,375,0.27807,0.65315,7,7
test_259.png,0.0,0,0.1488,0.24072,182,9
test_259.png,0.21,8,0.14786,0.24066,124,9
test_259.png,0.52,19,0.14571,0.23989,100,9
test_259.png,1.04,37,0.13437,0.22198,72,9
test_259.png,2.08,75,0.12078,0.20411,39,9
test_259.png,5.21,188,0.07021,0.14033,12,9
test_259.png,10.42,375,0.03282,0.07438,0,9
test_260.png,0.0,0,0.02833,0.00874,135,4
test_260.png,0.21,8,0.02742,0.00741,83,4
test_260.png,0.52,19,0.02611,0.00742,57,4
test_260.png,1.04,37,0.02261,0.00609,32,4
test_260.png,2.08,75,0.01475,0.00407,11,4
test_260.png,5.21,188,0.00165,0.00204,0,4
test_260.png,10.42,375,0.0,0.0,1,4
test_261.png,0.0,0,0.43664,0.87535,25,16
test_261.png,0.21,8,0.43648,0.87541,20,16
test_261.png,0.52,19,0.43578,0.87576,14,16
test_261.png,1.04,37,0.43518,0.87511,10,16
test_261.png,2.08,75,0.43234,0.87272,5,16
test_261.png,5.21,188,0.428,0.86747,3,16
test_261.png,10.42,375,0.42237,0.86073,2,16
test_262.png,0.0,0,0.2884,0.67616,108,40
test_262.png,0.21,8,0.28689,0.6748,68,40
test_262.png,0.52,19,0.28538,0.67308,54,40
test_262.png,1.04,37,0.28217,0.66748,42,40
test_262.png,2.08,75,0.27148,0.65542,25,40
test_262.png,5.21,188,0.24138,0.59718,9,40
test_262.png,10.42,375,0.21358,0.54522,2,40
test_263.png,0.0,0,0.57061,0.94233,12,15
test_263.png,0.21,8,0.57063,0.94265,7,15
test_263.png,0.52,19,0.57053,0.9428,5,15
test_263.png,1.04,37,0.57023,0.94256,3,15
test_263.png,2.08,75,0.57051,0.94359,2,15
test_263.png,5.21,188,0.56574,0.93847,0,15
test_263.png,10.42,375,0.56574,0.93847,0,15
test_264.png,0.0,0,0.13503,0.17738,191,19
test_264.png,0.21,8,0.13387,0.17612,140,19
test_264.png,0.52,19,0.13024,0.17181,110,19
test_264.png,1.04,37,0.12039,0.16686,76,19
test_264.png,2.08,75,0.08067,0.11953,38,19
test_264.png,5.21,188,0.0316,0.05779,6,19
test_264.png,10.42,375,0.0,0.0,1,19
test_265.png,0.0,0,0.16144,0.22786,166,3
test_265.png,0.21,8,0.15971,0.2264,113,3
test_265.png,0.52,19,0.15741,0.22419,94,3
test_265.png,1.04,37,0.14925,0.22423,63,3
test_265.png,2.08,75,0.1301,0.20787,37,3
test_265.png,5.21,188,0.08028,0.13069,7,3
test_265.png,10.42,375,0.05861,0.09288,1,3
test_266.png,0.0,0,0.30388,0.406,190,32
test_266.png,0.21,8,0.30242,0.40471,124,32
test_266.png,0.52,19,0.29869,0.40116,100,32
test_266.png,1.04,37,0.28832,0.3912,68,32
test_266.png,2.08,75,0.25551,0.35146,30,32
test_266.png,5.21,188,0.20026,0.27829,10,32
test_266.png,10.42,375,0.1087,0.15662,2,32
test_267.png,0.0,0,0.17828,0.50887,68,2
test_267.png,0.21,8,0.17449,0.50278,35,2
test_267.png,0.52,19,0.17298,0.50272,29,2
test_267.png,1.04,37,0.16681,0.49642,22,2
test_267.png,2.08,75,0.15379,0.47674,14,2
test_267.png,5.21,188,0.10895,0.37123,6,2
test_267.png,10.42,375,0.06922,0.2433,2,2
test_268.png,0.0,0,0.14562,0.24273,106,2
test_268.png,0.21,8,0.14295,0.24026,67,2
test_268.png,0.52,19,0.13618,0.23265,48,2
test_268.png,1.04,37,0.12429,0.21427,34,2
test_268.png,2.08,75,0.10261,0.17335,22,2
test_268.png,5.21,188,0.03609,0.09289,3,2
test_268.png,10.42,375,0.0,0.0,1,2
test_269.png,0.0,0,0.26267,0.72819,83,5
test_269.png,0.21,8,0.2614,0.72862,56,5
test_269.png,0.52,19,0.25947,0.73207,44,5
test_269.png,1.04,37,0.25514,0.73127,36,5
test_269.png,2.08,75,0.24995,0.73267,27,5
test_269.png,5.21,188,0.22639,0.7135,15,5
test_269.png,10.42,375,0.17909,0.61507,7,5
test_270.png,0.0,0,0.20559,0.27532,236,34
test_270.png,0.21,8,0.20395,0.27392,149,34
test_270.png,0.52,19,0.19782,0.26759,107,34
test_270.png,1.04,37,0.19277,0.26375,84,34
test_270.png,2.08,75,0.17423,0.24476,46,34
test_270.png,5.21,188,0.10916,0.16098,9,34
test_270.png,10.42,375,0.06448,0.09746,3,34
test_271.png,0.0,0,0.4922,0.79301,86,4
test_271.png,0.21,8,0.49186,0.79541,63,4
test_271.png,0.52,19,0.49104,0.79579,55,4
test_271.png,1.04,37,0.49285,0.80503,45,4
test_271.png,2.08,75,0.49147,0.81769,27,4
test_271.png,5.21,188,0.48115,0.82713,14,4
test_271.png,10.42,375,0.45116,0.80964,6,4
test_272.png,0.0,0,0.36545,0.66958,59,4
test_272.png,0.21,8,0.36446,0.66906,46,4
test_272.png,0.52,19,0.36467,0.6723,39,4
test_272.png,1.04,37,0.36129,0.67044,29,4
test_272.png,2.08,75,0.34607,0.65347,19,4
test_272.png,5.21,188,0.31356,0.62037,11,4
test_272.png,10.42,375,0.29792,0.61209,6,4
test_273.png,0.0,0,0.11197,0.07422,95,1
test_273.png,0.21,8,0.11136,0.07422,73,1
test_273.png,0.52,19,0.11043,0.07435,51,1
test_273.png,1.04,37,0.09752,0.06097,30,1
test_273.png,2.08,75,0.09196,0.0608,21,1
test_273.png,5.21,188,0.04779,0.01448,8,0
test_273.png,10.42,375,0.03888,0.01438,4,0
test_274.png,0.0,0,0.36126,0.67953,82,4
test_274.png,0.21,8,0.36126,0.68176,59,4
test_274.png,0.52,19,0.36023,0.68256,50,4
test_274.png,1.04,37,0.3589,0.68664,38,4
test_274.png,2.08,75,0.35983,0.70423,19,3
test_274.png,5.21,188,0.35264,0.71694,7,3
test_274.png,10.42,375,0.3391,0.70608,4,2
test_275.png,0.0,0,0.79704,0.95047,28,7
test_275.png,0.21,8,0.7971,0.95072,21,7
test_275.png,0.52,19,0.79684,0.95026,19,7
test_275.png,1.04,37,0.79762,0.95171,15,7
test_275.png,2.08,75,0.79803,0.95222,14,7
test_275.png,5.21,188,0.80308,0.96062,5,7
test_275.png,10.42,375,0.80625,0.96468,3,7
test_276.png,0.0,0,0.19349,0.27,219,6
test_276.png,0.21,8,0.19219,0.27011,125,6
test_276.png,0.52,19,0.19025,0.2691,105,6
test_276.png,1.04,37,0.17736,0.26138,71,6
test_276.png,2.08,75,0.16626,0.26453,43,6
test_276.png,5.21,188,0.13163,0.25138,18,6
test_276.png,10.42,375,0.0171,0.04961,2,6
test_277.png,0.0,0,0.13934,0.06643,155,0
test_277.png,0.21,8,0.13838,0.06658,97,0
test_277.png,0.52,19,0.13709,0.06687,68,0
test_277.png,1.04,37,0.13671,0.05454,42,0
test_277.png,2.08,75,0.1284,0.04348,20,0
test_277.png,5.21,188,0.10701,0.0,8,0
test_277.png,10.42,375,0.03595,0.0,1,0
test_278.png,0.0,0,0.36064,0.76418,84,16
test_278.png,0.21,8,0.36044,0.76592,57,16
test_278.png,0.52,19,0.36034,0.76941,42,16
test_278.png,1.04,37,0.3601,0.77515,27,16
test_278.png,2.08,75,0.35833,0.78536,12,16
test_278.png,5.21,188,0.35861,0.79942,5,16
test_278.png,10.42,375,0.35401,0.79654,3,16
test_279.png,0.0,0,0.29318,0.56859,116,1
test_279.png,0.21,8,0.29279,0.57041,83,1
test_279.png,0.52,19,0.29085,0.57199,66,1
test_279.png,1.04,37,0.28684,0.57011,52,0
test_279.png,2.08,75,0.27632,0.56977,35,1
test_279.png,5.21,188,0.27232,0.59815,20,1
test_279.png,10.42,375,0.25804,0.61468,9,1
test_280.png,0.0,0,0.37818,0.69515,81,1
test_280.png,0.21,8,0.3781,0.69696,53,1
test_280.png,0.52,19,0.37848,0.70132,42,1
test_280.png,1.04,37,0.37704,0.70465,34,1
test_280.png,2.08,75,0.37684,0.714,26,1
test_280.png,5.21,188,0.37473,0.71544,22,1
test_280.png,10.42,375,0.37817,0.74758,15,1
test_281.png,0.0,0,0.16976,0.197,211,5
test_281.png,0.21,8,0.16813,0.19659,128,5
test_281.png,0.52,19,0.16258,0.19065,101,5
test_281.png,1.04,37,0.15688,0.1826,82,5
test_281.png,2.08,75,0.13641,0.16655,50,5
test_281.png,5.21,188,0.05136,0.09758,14,5
test_281.png,10.42,375,0.0,0.0,3,5
test_282.png,0.0,0,0.75185,0.88595,31,9
test_282.png,0.21,8,0.75202,0.88672,21,9
test_282.png,0.52,19,0.75279,0.88821,15,9
test_282.png,1.04,37,0.75378,0.89044,11,9
test_282.png,2.08,75,0.75614,0.89409,7,9
test_282.png,5.21,188,0.75768,0.89723,5,9
test_282.png,10.42,375,0.76468,0.90856,3,9
test_283.png,0.0,0,0.47611,0.92089,33,2
test_283.png,0.21,8,0.47621,0.92206,23,2
test_283.png,0.52,19,0.47645,0.92428,18,2
test_283.png,1.04,37,0.47734,0.92981,11,2
test_283.png,2.08,75,0.47878,0.94074,3,2
test_283.png,5.21,188,0.47985,0.94573,1,2
test_283.png,10.42,375,0.47985,0.94573,1,2
test_284.png,0.0,0,0.27895,0.56781,55,0
test_284.png,0.21,8,0.27904,0.57355,38,0
test_284.png,0.52,19,0.27904,0.57978,31,0
test_284.png,1.04,37,0.28171,0.59653,23,0
test_284.png,2.08,75,0.28702,0.6269,16,0
test_284.png,5.21,188,0.30776,0.73028,6,0
test_284.png,10.42,375,0.29892,0.76936,2,0
test_285.png,0.0,0,0.03125,0.01031,119,0
test_285.png,0.21,8,0.03052,0.01031,72,0
test_285.png,0.52,19,0.02948,0.0103,62,0
test_285.png,1.04,37,0.02706,0.01027,49,0
test_285.png,2.08,75,0.01862,0.00474,34,0
test_285.png,5.21,188,9e-05,0.0,10,0
test_285.png,10.42,375,0.0,0.0,1,0
test_286.png,0.0,0,0.26461,0.50752,145,1
test_286.png,0.21,8,0.26237,0.50883,87,1
test_286.png,0.52,19,0.26065,0.51201,73,1
test_286.png,1.04,37,0.25302,0.51414,51,1
test_286.png,2.08,75,0.23728,0.50947,37,1
test_286.png,5.21,188,0.20281,0.53004,12,1
test_286.png,10.42,375,0.12057,0.37062,2,1
test_287.png,0.0,0,0.76743,0.94407,29,4
test_287.png,0.21,8,0.76746,0.94446,20,4
test_287.png,0.52,19,0.76781,0.94527,16,4
test_287.png,1.04,37,0.76974,0.94928,8,4
test_287.png,2.08,75,0.77166,0.95259,4,4
test_287.png,5.21,188,0.77488,0.95918,1,4
test_287.png,10.42,375,0.77488,0.95918,1,4
test_288.png,0.0,0,0.16035,0.10887,135,2
test_288.png,0.21,8,0.15873,0.10807,94,2
test_288.png,0.52,19,0.15239,0.09868,65,2
test_288.png,1.04,37,0.14403,0.09544,48,2
test_288.png,2.08,75,0.12481,0.08871,30,2
test_288.png,5.21,188,0.10431,0.06529,15,1
test_288.png,10.42,375,0.07513,0.04023,7,1
test_289.png,0.0,0,0.22942,0.38785,130,1
test_289.png,0.21,8,0.22889,0.39003,83,1
test_289.png,0.52,19,0.22615,0.38691,71,1
test_289.png,1.04,37,0.22613,0.39445,53,1
test_289.png,2.08,75,0.22207,0.39774,40,0
test_289.png,5.21,188,0.21757,0.44206,16,0
test_289.png,10.42,375,0.1805,0.46871,3,0
test_290.png,0.0,0,0.0,0.0,27,7
test_290.png,0.21,8,0.0,0.0,18,7
test_290.png,0.52,19,0.0,0.0,15,7
test_290.png,1.04,37,0.0,0.0,11,7
test_290.png,2.08,75,0.0,0.0,8,7
test_290.png,5.21,188,0.0,0.0,5,7
test_290.png,10.42,375,0.0,0.0,2,7
test_291.png,0.0,0,0.38915,0.55837,61,1
test_291.png,0.21,8,0.38984,0.56263,44,1
test_291.png,0.52,19,0.39132,0.56889,37,1
test_291.png,1.04,37,0.39177,0.57277,31,1
test_291.png,2.08,75,0.39292,0.58246,24,1
test_291.png,5.21,188,0.41525,0.65807,9,1
test_291.png,10.42,375,0.40327,0.69667,2,1
test_292.png,0.0,0,0.37831,0.56983,98,18
test_292.png,0.21,8,0.37747,0.56956,75,18
test_292.png,0.52,19,0.3767,0.56946,66,18
test_292.png,1.04,37,0.3735,0.56847,51,18
test_292.png,2.08,75,0.36583,0.56177,43,18
test_292.png,5.21,188,0.33911,0.53206,29,18
test_292.png,10.42,375,0.28771,0.46542,17,18
test_293.png,0.0,0,0.42473,0.81011,94,7
test_293.png,0.21,8,0.42426,0.81279,51,7
test_293.png,0.52,19,0.42319,0.81532,37,7
test_293.png,1.04,37,0.4215,0.81576,32,7
test_293.png,2.08,75,0.41859,0.81552,26,7
test_293.png,5.21,188,0.39925,0.80166,15,7
test_293.png,10.42,375,0.36078,0.75169,7,7
test_294.png,0.0,0,0.86354,0.97376,18,1
test_294.png,0.21,8,0.86359,0.97413,5,1
test_294.png,0.52,19,0.86366,0.97442,4,1
test_294.png,1.04,37,0.86351,0.97431,0,1
test_294.png,2.08,75,0.86369,0.97443,2,1
test_294.png,5.21,188,0.86351,0.9746,5,1
test_294.png,10.42,375,0.86806,0.97929,7,1
test_295.png,0.0,0,0.21345,0.2605,166,1
test_295.png,0.21,8,0.21023,0.26001,103,1
test_295.png,0.52,19,0.20503,0.25985,82,1
test_295.png,1.04,37,0.19325,0.26046,55,1
test_295.png,2.08,75,0.17145,0.26032,33,1
test_295.png,5.21,188,0.12095,0.24879,11,1
test_295.png,10.42,375,0.08531,0.2472,3,1
test_296.png,0.0,0,0.07226,0.10598,136,11
test_296.png,0.21,8,0.07062,0.10423,91,11
test_296.png,0.52,19,0.06761,0.10205,70,11
test_296.png,1.04,37,0.06042,0.09275,50,11
test_296.png,2.08,75,0.03859,0.06075,25,11
test_296.png,5.21,188,0.02455,0.03914,5,11
test_296.png,10.42,375,0.0,0.0,1,11
test_297.png,0.0,0,0.61561,0.88431,64,7
test_297.png,0.21,8,0.61601,0.88633,42,7
test_297.png,0.52,19,0.61664,0.88956,32,7
test_297.png,1.04,37,0.61943,0.89779,20,7
test_297.png,2.08,75,0.62299,0.90775,13,7
test_297.png,5.21,188,0.63714,0.93881,1,7
test_297.png,10.42,375,0.63714,0.93881,1,7
test_298.png,0.0,0,0.29396,0.49129,151,1
test_298.png,0.21,8,0.29529,0.50203,97,1
test_298.png,0.52,19,0.29618,0.50946,75,1
test_298.png,1.04,37,0.29701,0.52302,52,1
test_298.png,2.08,75,0.30827,0.56523,31,1
test_298.png,5.21,188,0.32171,0.65266,12,0
test_298.png,10.42,375,0.34513,0.77493,5,0
test_299.png,0.0,0,0.41507,0.69146,60,2
test_299.png,0.21,8,0.41531,0.69345,41,2
test_299.png,0.52,19,0.4155,0.69472,35,2
test_299.png,1.04,37,0.41653,0.69896,28,2
test_299.png,2.08,75,0.41757,0.70348,16,2
test_299.png,5.21,188,0.41196,0.70593,6,2
test_299.png,10.42,375,0.41676,0.72249,3,2
test_300.png,0.0,0,0.31435,0.51069,176,1
test_300.png,0.21,8,0.3129,0.51365,108,1
test_300.png,0.52,19,0.31068,0.51502,83,1
test_300.png,1.04,37,0.30636,0.5203,58,1
test_300.png,2.08,75,0.29926,0.52168,38,1
test_300.png,5.21,188,0.27429,0.52667,18,1
test_300.png,10.42,375,0.2865,0.60559,5,1
test_301.png,0.0,0,0.46533,0.81799,96,5
test_301.png,0.21,8,0.4659,0.824,43,5
test_301.png,0.52,19,0.46582,0.82887,32,5
test_301.png,1.04,37,0.46718,0.83433,25,5
test_301.png,2.08,75,0.4665,0.84345,19,5
test_301.png,5.21,188,0.457,0.83741,11,5
test_301.png,10.42,375,0.42121,0.7952,3,5
test_302.png,0.0,0,0.23085,0.44162,125,0
test_302.png,0.21,8,0.22849,0.43822,85,0
test_302.png,0.52,19,0.22245,0.4335,67,0
test_302.png,1.04,37,0.20968,0.41413,41,0
test_302.png,2.08,75,0.19607,0.39592,31,0
test_302.png,5.21,188,0.11353,0.2345,9,0
test_302.png,10.42,375,0.09503,0.17545,2,0
test_303.png,0.0,0,0.32778,0.51224,150,1
test_303.png,0.21,8,0.32862,0.51897,85,1
test_303.png,0.52,19,0.32763,0.52305,64,1
test_303.png,1.04,37,0.32838,0.52823,56,1
test_303.png,2.08,75,0.33524,0.55604,36,1
test_303.png,5.21,188,0.33913,0.59352,21,1
test_303.png,10.42,375,0.37942,0.75633,6,1
test_304.png,0.0,0,0.44734,0.84756,44,4
test_304.png,0.21,8,0.44707,0.84995,23,4
test_304.png,0.52,19,0.44716,0.85311,16,4
test_304.png,1.04,37,0.44552,0.85291,14,4
test_304.png,2.08,75,0.44477,0.86164,5,4
test_304.png,5.21,188,0.44588,0.86882,3,4
test_304.png,10.42,375,0.44244,0.87801,1,4
test_305.png,0.0,0,0.08755,0.05942,211,1
test_305.png,0.21,8,0.08517,0.05733,133,1
test_305.png,0.52,19,0.08135,0.05337,97,1
test_305.png,1.04,37,0.07127,0.04492,64,1
test_305.png,2.08,75,0.06201,0.04297,33,2
test_305.png,5.21,188,0.03525,0.02744,12,2
test_305.png,10.42,375,0.0,0.0,2,2
test_306.png,0.0,0,0.43939,0.86999,48,3
test_306.png,0.21,8,0.43922,0.87332,32,3
test_306.png,0.52,19,0.43829,0.87605,25,3
test_306.png,1.04,37,0.43426,0.87834,16,3
test_306.png,2.08,75,0.42538,0.88224,4,3
test_306.png,5.21,188,0.42149,0.87732,3,3
test_306.png,10.42,375,0.42149,0.87732,3,3
test_307.png,0.0,0,0.47935,0.89915,25,1
test_307.png,0.21,8,0.47926,0.90092,13,1
test_307.png,0.52,19,0.47903,0.90142,10,1
test_307.png,1.04,37,0.47829,0.90424,6,1
test_307.png,2.08,75,0.47899,0.90811,4,1
test_307.png,5.21,188,0.47976,0.91117,3,1
test_307.png,10.42,375,0.47175,0.90466,2,1
test_308.png,0.0,0,0.45806,0.78044,99,4
test_308.png,0.21,8,0.4594,0.79121,52,4
test_308.png,0.52,19,0.46073,0.80185,35,4
test_308.png,1.04,37,0.46331,0.81342,26,4
test_308.png,2.08,75,0.46446,0.83861,11,4
test_308.png,5.21,188,0.44447,0.82675,1,4
test_308.png,10.42,375,0.43104,0.807,0,4
test_309.png,0.0,0,0.37003,0.73627,129,10
test_309.png,0.21,8,0.36868,0.73696,88,10
test_309.png,0.52,19,0.36675,0.73896,69,10
test_309.png,1.04,37,0.36206,0.73772,57,10
test_309.png,2.08,75,0.35472,0.73562,44,10
test_309.png,5.21,188,0.312,0.6969,20,10
test_309.png,10.42,375,0.26292,0.60374,13,10
test_310.png,0.0,0,0.4567,0.83777,65,20
test_310.png,0.21,8,0.45588,0.83827,35,20
test_310.png,0.52,19,0.45531,0.83876,28,20
test_310.png,1.04,37,0.45282,0.84025,14,20
test_310.png,2.08,75,0.44703,0.83472,8,20
test_310.png,5.21,188,0.44025,0.8316,2,20
test_310.png,10.42,375,0.43246,0.82106,0,20
test_311.png,0.0,0,0.41814,0.82936,57,2
test_311.png,0.21,8,0.41787,0.83065,36,2
test_311.png,0.52,19,0.41759,0.83383,27,2
test_311.png,1.04,37,0.41493,0.83547,20,2
test_311.png,2.08,75,0.41258,0.83698,14,2
test_311.png,5.21,188,0.40864,0.84413,9,2
test_311.png,10.42,375,0.39894,0.86415,1,2
test_312.png,0.0,0,0.50297,0.82864,40,12
test_312.png,0.21,8,0.50261,0.82887,26,12
test_312.png,0.52,19,0.50214,0.82932,20,12
test_312.png,1.04,37,0.5012,0.8281,16,12
test_312.png,2.08,75,0.49607,0.82672,8,12
test_312.png,5.21,188,0.48689,0.81728,3,12
test_312.png,10.42,375,0.47313,0.79875,1,12
test_313.png,0.0,0,0.16467,0.22654,94,12
test_313.png,0.21,8,0.16434,0.22554,73,12
test_313.png,0.52,19,0.16141,0.22033,64,12
test_313.png,1.04,37,0.15719,0.2132,58,12
test_313.png,2.08,75,0.13777,0.18689,43,12
test_313.png,5.21,188,0.11493,0.15939,31,12
test_313.png,10.42,375,0.07603,0.10755,21,12
test_314.png,0.0,0,0.42928,0.8038,79,5
test_314.png,0.21,8,0.42936,0.81184,43,5
test_314.png,0.52,19,0.42934,0.81683,35,5
test_314.png,1.04,37,0.42983,0.82882,26,5
test_314.png,2.08,75,0.43165,0.85531,14,5
test_314.png,5.21,188,0.41396,0.86567,2,5
test_314.png,10.42,375,0.41662,0.87901,1,5
test_315.png,0.0,0,0.62868,0.94047,21,0
test_315.png,0.21,8,0.62883,0.94117,11,0
test_315.png,0.52,19,0.62905,0.94192,8,0
test_315.png,1.04,37,0.62851,0.9411,6,0
test_315.png,2.08,75,0.62962,0.94418,2,1
test_315.png,5.21,188,0.62962,0.94418,2,1
test_315.png,10.42,375,0.62962,0.94418,2,1
test_316.png,0.0,0,0.07547,0.08763,144,0
test_316.png,0.21,8,0.07321,0.086,67,0
test_316.png,0.52,19,0.06916,0.07772,49,0
test_316.png,1.04,37,0.05875,0.06869,32,0
test_316.png,2.08,75,0.03238,0.0263,17,0
test_316.png,5.21,188,0.0093,0.0,7,0
test_316.png,10.42,375,0.0,0.0,0,0
test_317.png,0.0,0,0.08863,0.07042,175,2
test_317.png,0.21,8,0.08553,0.06828,94,2
test_317.png,0.52,19,0.07929,0.06432,70,2
test_317.png,1.04,37,0.07301,0.06218,53,2
test_317.png,2.08,75,0.04792,0.04628,25,2
test_317.png,5.21,188,0.02647,0.00899,9,3
test_317.png,10.42,375,0.0,0.0,2,3
test_318.png,0.0,0,0.45314,0.88504,36,2
test_318.png,0.21,8,0.45322,0.88694,17,2
test_318.png,0.52,19,0.45315,0.88766,14,2
test_318.png,1.04,37,0.45368,0.89229,9,2
test_318.png,2.08,75,0.45416,0.89563,5,2
test_318.png,5.21,188,0.45549,0.90337,3,2
test_318.png,10.42,375,0.4572,0.91109,2,2
test_319.png,0.0,0,0.28748,0.57837,99,4
test_319.png,0.21,8,0.28629,0.57751,71,4
test_319.png,0.52,19,0.28424,0.57606,59,4
test_319.png,1.04,37,0.27716,0.5716,42,4
test_319.png,2.08,75,0.26588,0.56619,28,4
test_319.png,5.21,188,0.21113,0.47417,11,5
test_319.png,10.42,375,0.18288,0.41942,7,5
test_320.png,0.0,0,0.16233,0.14192,292,31
test_320.png,0.21,8,0.15933,0.1397,182,31
test_320.png,0.52,19,0.15152,0.13196,134,31
test_320.png,1.04,37,0.13853,0.12796,95,31
test_320.png,2.08,75,0.11265,0.10061,56,31
test_320.png,5.21,188,0.03548,0.02816,6,31
test_320.png,10.42,375,0.0,0.0,1,31
test_321.png,0.0,0,0.17863,0.24004,92,1
test_321.png,0.21,8,0.17743,0.24023,58,1
test_321.png,0.52,19,0.17191,0.23562,45,1
test_321.png,1.04,37,0.16648,0.23348,37,1
test_321.png,2.08,75,0.15584,0.23056,29,1
test_321.png,5.21,188,0.10894,0.18802,14,1
test_321.png,10.42,375,0.01032,0.02881,2,2
test_322.png,0.0,0,0.10384,0.14513,170,9
test_322.png,0.21,8,0.10019,0.14297,104,9
test_322.png,0.52,19,0.09387,0.13764,76,9
test_322.png,1.04,37,0.08341,0.12109,49,9
test_322.png,2.08,75,0.06329,0.10841,25,9
test_322.png,5.21,188,0.02454,0.06694,3,9
test_322.png,10.42,375,0.00989,0.02642,0,10
test_323.png,0.0,0,0.10484,0.19356,105,1
test_323.png,0.21,8,0.10256,0.19416,54,1
test_323.png,0.52,19,0.10095,0.19502,39,1
test_323.png,1.04,37,0.10012,0.19584,30,1
test_323.png,2.08,75,0.08407,0.17358,14,1
test_323.png,5.21,188,0.04252,0.11742,2,1
test_323.png,10.42,375,0.01802,0.06371,0,1
test_324.png,0.0,0,0.40807,0.84914,76,24
test_324.png,0.21,8,0.40709,0.84786,53,24
test_324.png,0.52,19,0.40561,0.84648,45,24
test_324.png,1.04,37,0.4015,0.84148,35,24
test_324.png,2.08,75,0.39425,0.83023,28,24
test_324.png,5.21,188,0.37463,0.80627,19,24
test_324.png,10.42,375,0.3431,0.75656,12,24
test_325.png,0.0,0,0.48913,0.94803,9,10
test_325.png,0.21,8,0.48909,0.94814,5,10
test_325.png,0.52,19,0.48897,0.94814,3,10
test_325.png,1.04,37,0.48897,0.94814,3,10
test_325.png,2.08,75,0.48826,0.9472,2,10
test_325.png,5.21,188,0.48643,0.94504,1,10
test_325.png,10.42,375,0.48209,0.94237,0,10
test_326.png,0.0,0,0.43443,0.93626,23,11
test_326.png,0.21,8,0.43429,0.93623,15,11
test_326.png,0.52,19,0.43429,0.93623,15,11
test_326.png,1.04,37,0.43402,0.93623,14,11
test_326.png,2.08,75,0.43266,0.93467,11,11
test_326.png,5.21,188,0.4198,0.9186,4,11
test_326.png,10.42,375,0.41242,0.9102,2,11
test_327.png,0.0,0,0.49663,0.83906,3,7
test_327.png,0.21,8,0.49663,0.83906,3,7
test_327.png,0.52,19,0.49638,0.83906,2,7
test_327.png,1.04,37,0.49585,0.83906,1,7
test_327.png,2.08,75,0.49585,0.83906,1,7
test_327.png,5.21,188,0.49335,0.83906,0,7
test_327.png,10.42,375,0.49335,0.83906,0,7
test_328.png,0.0,0,0.52004,0.867,47,41
test_328.png,0.21,8,0.51951,0.86623,33,41
test_328.png,0.52,19,0.51917,0.86576,30,41
test_328.png,1.04,37,0.51523,0.86059,20,41
test_328.png,2.08,75,0.51278,0.85729,17,41
test_328.png,5.21,188,0.49917,0.83887,9,41
test_328.png,10.42,375,0.47483,0.80549,3,41
test_329.png,0.0,0,0.54981,0.96735,2,5
test_329.png,0.21,8,0.54984,0.96764,1,5
test_329.png,0.52,19,0.54984,0.96764,1,5
test_329.png,1.04,37,0.54984,0.96764,1,5
test_329.png,2.08,75,0.54984,0.96764,1,5
test_329.png,5.21,188,0.54722,0.96551,0,5
test_329.png,10.42,375,0.54722,0.96551,0,5
test_330.png,0.0,0,0.4834,0.96548,22,18
test_330.png,0.21,8,0.48312,0.96479,15,18
test_330.png,0.52,19,0.48278,0.96434,13,18
test_330.png,1.04,37,0.48249,0.9639,12,18
test_330.png,2.08,75,0.48032,0.96086,8,19
test_330.png,5.21,188,0.47796,0.95671,6,19
test_330.png,10.42,375,0.46296,0.935,2,19
test_331.png,0.0,0,0.21656,0.29877,151,2
test_331.png,0.21,8,0.21435,0.29839,106,2
test_331.png,0.52,19,0.20979,0.29824,89,2
test_331.png,1.04,37,0.20174,0.29903,67,2
test_331.png,2.08,75,0.18407,0.27517,46,2
test_331.png,5.21,188,0.09731,0.23576,10,2
test_331.png,10.42,375,0.03134,0.11792,1,2
test_332.png,0.0,0,0.42832,0.89818,15,8
test_332.png,0.21,8,0.42809,0.89818,12,8
test_332.png,0.52,19,0.42741,0.89818,9,8
test_332.png,1.04,37,0.42693,0.89818,8,8
test_332.png,2.08,75,0.42553,0.89795,7,8
test_332.png,5.21,188,0.41805,0.89188,3,8
test_332.png,10.42,375,0.40345,0.86973,1,8
test_333.png,0.0,0,0.54075,0.89457,51,33
test_333.png,0.21,8,0.54028,0.89422,36,33
test_333.png,0.52,19,0.53933,0.89464,24,33
test_333.png,1.04,37,0.53731,0.89287,18,33
test_333.png,2.08,75,0.53442,0.89009,14,33
test_333.png,5.21,188,0.52603,0.88389,5,33
test_333.png,10.42,375,0.51575,0.86948,2,33
test_334.png,0.0,0,0.49611,0.92242,13,9
test_334.png,0.21,8,0.49594,0.92251,7,9
test_334.png,0.52,19,0.4958,0.92222,6,9
test_334.png,1.04,37,0.49451,0.9212,2,9
test_334.png,2.08,75,0.4927,0.9188,0,9
test_334.png,5.21,188,0.49207,0.91947,1,9
test_334.png,10.42,375,0.49207,0.91947,1,9
test_335.png,0.0,0,0.39977,0.88408,38,15
test_335.png,0.21,8,0.39917,0.88381,24,15
test_335.png,0.52,19,0.39773,0.88269,17,15
test_335.png,1.04,37,0.39603,0.88238,13,15
test_335.png,2.08,75,0.39079,0.8753,7,15
test_335.png,5.21,188,0.38611,0.86928,4,15
test_335.png,10.42,375,0.37867,0.85789,2,15
test_336.png,0.0,0,0.11932,0.17662,120,6
test_336.png,0.21,8,0.11717,0.17514,86,6
test_336.png,0.52,19,0.11099,0.16902,62,6
test_336.png,1.04,37,0.10098,0.16389,44,6
test_336.png,2.08,75,0.08167,0.14117,22,7
test_336.png,5.21,188,0.02473,0.05174,1,7
test_336.png,10.42,375,0.02473,0.05174,1,7
test_337.png,0.0,0,0.26267,0.0657,104,7
test_337.png,0.21,8,0.26226,0.06572,64,7
test_337.png,0.52,19,0.26212,0.06575,55,7
test_337.png,1.04,37,0.26241,0.06208,44,7
test_337.png,2.08,75,0.26142,0.06217,33,7
test_337.png,5.21,188,0.25506,0.04571,16,7
test_337.png,10.42,375,0.23375,0.04189,9,7
test_338.png,0.0,0,0.34368,0.68373,71,13
test_338.png,0.21,8,0.34248,0.68194,45,13
test_338.png,0.52,19,0.34043,0.68034,35,13
test_338.png,1.04,37,0.33796,0.6754,29,13
test_338.png,2.08,75,0.32793,0.65916,18,13
test_338.png,5.21,188,0.30403,0.63837,6,13
test_338.png,10.42,375,0.29061,0.6212,3,13
test_339.png,0.0,0,0.61652,0.98491,0,2
test_339.png,0.21,8,0.61652,0.98491,0,2
test_339.png,0.52,19,0.61652,0.98491,0,2
test_339.png,1.04,37,0.61652,0.98491,0,2
test_339.png,2.08,75,0.61652,0.98491,0,2
test_339.png,5.21,188,0.61652,0.98491,0,2
test_339.png,10.42,375,0.61652,0.98491,0,2
test_340.png,0.0,0,0.43739,0.96315,3,5
test_340.png,0.21,8,0.43739,0.96315,3,5
test_340.png,0.52,19,0.43739,0.96315,3,5
test_340.png,1.04,37,0.43679,0.96315,2,5
test_340.png,2.08,75,0.43595,0.96315,1,5
test_340.png,5.21,188,0.43385,0.96079,0,5
test_340.png,10.42,375,0.43385,0.96079,0,5
test_341.png,0.0,0,0.07315,0.09673,118,0
test_341.png,0.21,8,0.07022,0.09662,64,0
test_341.png,0.52,19,0.06728,0.09085,53,0
test_341.png,1.04,37,0.05763,0.0803,37,0
test_341.png,2.08,75,0.04587,0.06407,18,1
test_341.png,5.21,188,0.023,0.04027,1,1
test_341.png,10.42,375,0.0,0.0,1,1
test_342.png,0.0,0,0.15576,0.40681,73,4
test_342.png,0.21,8,0.15381,0.40683,49,4
test_342.png,0.52,19,0.15024,0.40207,37,4
test_342.png,1.04,37,0.14507,0.3945,30,4
test_342.png,2.08,75,0.13085,0.39079,18,4
test_342.png,5.21,188,0.10709,0.3675,9,4
test_342.png,10.42,375,0.06405,0.21675,3,4
test_343.png,0.0,0,0.5188,0.92371,23,19
test_343.png,0.21,8,0.51867,0.92397,18,19
test_343.png,0.52,19,0.5181,0.92409,12,19
test_343.png,1.04,37,0.51772,0.92409,11,19
test_343.png,2.08,75,0.51612,0.92345,8,19
test_343.png,5.21,188,0.50929,0.91514,4,19
test_343.png,10.42,375,0.50419,0.91086,3,19
test_344.png,0.0,0,0.16785,0.11531,105,7
test_344.png,0.21,8,0.16738,0.11452,77,7
test_344.png,0.52,19,0.16527,0.10881,58,7
test_344.png,1.04,37,0.15997,0.10392,40,7
test_344.png,2.08,75,0.15574,0.10422,29,7
test_344.png,5.21,188,0.1152,0.03325,12,7
test_344.png,10.42,375,0.08135,0.02201,4,7
test_345.png,0.0,0,0.32969,0.57368,50,13
test_345.png,0.21,8,0.32879,0.57346,30,13
test_345.png,0.52,19,0.32774,0.57298,25,13
test_345.png,1.04,37,0.32308,0.57035,15,13
test_345.png,2.08,75,0.3187,0.56874,10,13
test_345.png,5.21,188,0.31115,0.56358,6,13
test_345.png,10.42,375,0.29854,0.54779,3,13
test_346.png,0.0,0,0.47753,0.87359,32,26
test_346.png,0.21,8,0.47719,0.8734,23,26
test_346.png,0.52,19,0.47683,0.87284,21,26
test_346.png,1.04,37,0.476,0.87272,17,26
test_346.png,2.08,75,0.47262,0.86812,12,26
test_346.png,5.21,188,0.46958,0.86538,9,26
test_346.png,10.42,375,0.45419,0.84743,4,26
test_347.png,0.0,0,0.32809,0.47012,129,55
test_347.png,0.21,8,0.32659,0.46892,89,55
test_347.png,0.52,19,0.32426,0.46452,79,55
test_347.png,1.04,37,0.31898,0.46212,64,55
test_347.png,2.08,75,0.30123,0.43381,46,55
test_347.png,5.21,188,0.23796,0.3272,20,55
test_347.png,10.42,375,0.15029,0.21501,5,55
test_348.png,0.0,0,0.56374,0.86583,24,13
test_348.png,0.21,8,0.56375,0.86661,14,13
test_348.png,0.52,19,0.56413,0.86907,11,13
test_348.png,1.04,37,0.56358,0.86907,10,13
test_348.png,2.08,75,0.56104,0.86566,8,13
test_348.png,5.21,188,0.55765,0.86085,5,13
test_348.png,10.42,375,0.53923,0.83986,2,13
test_349.png,0.0,0,0.4591,0.93477,27,18
test_349.png,0.21,8,0.45871,0.93434,13,18
test_349.png,0.52,19,0.45858,0.93434,12,18
test_349.png,1.04,37,0.45768,0.93376,9,18
test_349.png,2.08,75,0.45496,0.92904,5,18
test_349.png,5.21,188,0.45203,0.92799,3,18
test_349.png,10.42,375,0.44428,0.91849,1,18
test_350.png,0.0,0,0.58299,0.91687,19,19
test_350.png,0.21,8,0.58306,0.9182,8,19
test_350.png,0.52,19,0.58281,0.91847,4,19
test_350.png,1.04,37,0.58298,0.9194,3,19
test_350.png,2.08,75,0.58328,0.92016,2,19
test_350.png,5.21,188,0.58197,0.91914,1,19
test_350.png,10.42,375,0.58197,0.91914,1,19
test_351.png,0.0,0,0.4401,0.88962,42,24
test_351.png,0.21,8,0.43988,0.88988,30,24
test_351.png,0.52,19,0.4396,0.8904,25,24
test_351.png,1.04,37,0.43923,0.89134,20,24
test_351.png,2.08,75,0.43642,0.88943,15,24
test_351.png,5.21,188,0.42913,0.88229,10,24
test_351.png,10.42,375,0.41135,0.85664,5,24
test_352.png,0.0,0,0.40212,0.884,52,14
test_352.png,0.21,8,0.40134,0.88297,34,14
test_352.png,0.52,19,0.3993,0.88201,24,14
test_352.png,1.04,37,0.39614,0.879,17,14
test_352.png,2.08,75,0.39427,0.87715,15,14
test_352.png,5.21,188,0.38389,0.86312,9,14
test_352.png,10.42,375,0.36848,0.8388,6,15
test_353.png,0.0,0,0.5015,0.93706,13,15
test_353.png,0.21,8,0.50138,0.93729,8,15
test_353.png,0.52,19,0.50092,0.93723,5,15
test_353.png,1.04,37,0.50092,0.93723,5,15
test_353.png,2.08,75,0.50092,0.93723,5,15
test_353.png,5.21,188,0.50092,0.93723,5,15
test_353.png,10.42,375,0.49584,0.93197,4,15
test_354.png,0.0,0,0.53437,0.96221,7,6
test_354.png,0.21,8,0.53426,0.96197,4,6
test_354.png,0.52,19,0.53426,0.96197,4,6
test_354.png,1.04,37,0.53426,0.96197,4,6
test_354.png,2.08,75,0.53426,0.96197,4,6
test_354.png,5.21,188,0.52541,0.95472,0,6
test_354.png,10.42,375,0.52541,0.95472,0,6
test_355.png,0.0,0,0.45408,0.94533,4,2
test_355.png,0.21,8,0.45399,0.94533,3,2
test_355.png,0.52,19,0.45358,0.94461,1,2
test_355.png,1.04,37,0.45372,0.94548,0,2
test_355.png,2.08,75,0.45372,0.94548,0,2
test_355.png,5.21,188,0.45372,0.94548,0,2
test_355.png,10.42,375,0.45372,0.94548,0,2
test_356.png,0.0,0,0.47097,0.9156,19,19
test_356.png,0.21,8,0.47059,0.91556,11,19
test_356.png,0.52,19,0.46977,0.91502,6,19
test_356.png,1.04,37,0.46977,0.91502,6,19
test_356.png,2.08,75,0.46745,0.9128,3,19
test_356.png,5.21,188,0.46745,0.9128,3,19
test_356.png,10.42,375,0.46464,0.90872,2,19
test_357.png,0.0,0,0.41239,0.94555,3,3
test_357.png,0.21,8,0.41232,0.94555,2,3
test_357.png,0.52,19,0.41196,0.94555,0,3
test_357.png,1.04,37,0.41196,0.94555,0,3
test_357.png,2.08,75,0.41196,0.94555,0,3
test_357.png,5.21,188,0.41196,0.94555,0,3
test_357.png,10.42,375,0.41196,0.94555,0,3
test_358.png,0.0,0,0.46383,0.95195,1,3
test_358.png,0.21,8,0.4638,0.95195,0,3
test_358.png,0.52,19,0.4638,0.95195,0,3
test_358.png,1.04,37,0.4638,0.95195,0,3
test_358.png,2.08,75,0.4638,0.95195,0,3
test_358.png,5.21,188,0.4638,0.95195,0,3
test_358.png,10.42,375,0.4638,0.95195,0,3
test_359.png,0.0,0,0.06396,0.0799,104,1
test_359.png,0.21,8,0.06219,0.07911,67,1
test_359.png,0.52,19,0.05916,0.0783,52,1
test_359.png,1.04,37,0.05613,0.07868,39,1
test_359.png,2.08,75,0.04701,0.05196,25,1
test_359.png,5.21,188,0.00774,0.00176,2,1
test_359.png,10.42,375,0.0,0.0,1,1
test_360.png,0.0,0,0.3282,0.49999,46,11
test_360.png,0.21,8,0.32768,0.5001,35,11
test_360.png,0.52,19,0.32661,0.49769,29,11
test_360.png,1.04,37,0.32672,0.4984,27,11
test_360.png,2.08,75,0.31763,0.48762,16,11
test_360.png,5.21,188,0.29907,0.46706,8,11
test_360.png,10.42,375,0.2839,0.4472,5,13
test_361.png,0.0,0,0.34813,0.78885,47,8
test_361.png,0.21,8,0.34764,0.78841,35,8
test_361.png,0.52,19,0.34699,0.7888,30,8
test_361.png,1.04,37,0.34359,0.78657,22,8
test_361.png,2.08,75,0.33733,0.78171,15,8
test_361.png,5.21,188,0.31676,0.74681,5,8
test_361.png,10.42,375,0.31316,0.73863,4,8
test_362.png,0.0,0,0.47978,0.73156,91,51
test_362.png,0.21,8,0.47926,0.73152,68,51
test_362.png,0.52,19,0.47764,0.73072,56,51
test_362.png,1.04,37,0.4765,0.7298,51,51
test_362.png,2.08,75,0.46849,0.72179,43,51
test_362.png,5.21,188,0.408,0.64265,19,51
test_362.png,10.42,375,0.34526,0.56317,8,51
test_363.png,0.0,0,0.36405,0.74793,14,9
test_363.png,0.21,8,0.36386,0.74744,9,9
test_363.png,0.52,19,0.36369,0.74696,8,9
test_363.png,1.04,37,0.36232,0.74381,5,9
test_363.png,2.08,75,0.36129,0.74235,4,9
test_363.png,5.21,188,0.35779,0.73598,2,9
test_363.png,10.42,375,0.34736,0.7194,0,9
test_364.png,0.0,0,0.28058,0.60406,109,9
test_364.png,0.21,8,0.27929,0.60345,77,9
test_364.png,0.52,19,0.27544,0.60281,57,9
test_364.png,1.04,37,0.27295,0.60273,49,9
test_364.png,2.08,75,0.25545,0.59047,34,9
test_364.png,5.21,188,0.20808,0.50662,18,9
test_364.png,10.42,375,0.09371,0.25675,3,9
test_365.png,0.0,0,0.41611,0.93112,42,18
test_365.png,0.21,8,0.4154,0.93052,26,18
test_365.png,0.52,19,0.414,0.93062,15,18
test_365.png,1.04,37,0.41297,0.93115,11,18
test_365.png,2.08,75,0.4109,0.92961,9,18
test_365.png,5.21,188,0.39851,0.91126,3,18
test_365.png,10.42,375,0.3946,0.90608,2,18
test_366.png,0.0,0,0.59281,0.95807,14,24
test_366.png,0.21,8,0.59247,0.95765,5,24
test_366.png,0.52,19,0.59218,0.95718,3,24
test_366.png,1.04,37,0.59183,0.95691,2,24
test_366.png,2.08,75,0.59115,0.95602,1,24
test_366.png,5.21,188,0.59115,0.95602,1,24
test_366.png,10.42,375,0.58751,0.95218,0,24
test_367.png,0.0,0,0.49002,0.67891,142,23
test_367.png,0.21,8,0.48946,0.6799,103,23
test_367.png,0.52,19,0.48792,0.67817,86,23
test_367.png,1.04,37,0.48247,0.67614,68,23
test_367.png,2.08,75,0.47593,0.67359,49,23
test_367.png,5.21,188,0.4306,0.62447,27,23
test_367.png,10.42,375,0.37388,0.54804,18,23
test_368.png,0.0,0,0.37036,0.78261,55,15
test_368.png,0.21,8,0.36995,0.78254,37,15
test_368.png,0.52,19,0.36907,0.78265,31,15
test_368.png,1.04,37,0.36824,0.78188,28,15
test_368.png,2.08,75,0.36332,0.77483,23,15
test_368.png,5.21,188,0.33813,0.73303,11,15
test_368.png,10.42,375,0.3189,0.71012,7,15
test_369.png,0.0,0,0.01574,0.01497,36,14
test_369.png,0.21,8,0.01539,0.01419,27,14
test_369.png,0.52,19,0.01439,0.01421,16,14
test_369.png,1.04,37,0.01325,0.01149,10,14
test_369.png,2.08,75,0.00583,0.00517,2,14
test_369.png,5.21,188,0.0,0.0,1,14
test_369.png,10.42,375,0.0,0.0,1,14
test_370.png,0.0,0,0.10556,0.12563,166,8
test_370.png,0.21,8,0.10365,0.12493,103,8
test_370.png,0.52,19,0.09892,0.12438,65,8
test_370.png,1.04,37,0.08678,0.11487,37,8
test_370.png,2.08,75,0.07449,0.10517,19,8
test_370.png,5.21,188,0.03625,0.03783,4,8
test_370.png,10.42,375,0.0,0.0,1,8
test_371.png,0.0,0,0.08292,0.10259,75,1
test_371.png,0.21,8,0.08133,0.10176,50,1
test_371.png,0.52,19,0.07813,0.10089,39,1
test_371.png,1.04,37,0.07054,0.09921,27,1
test_371.png,2.08,75,0.05979,0.09753,18,1
test_371.png,5.21,188,0.00928,0.04022,0,1
test_371.png,10.42,375,0.0,0.0,3,1
test_372.png,0.0,0,0.13467,0.25049,193,10
test_372.png,0.21,8,0.13193,0.24854,114,10
test_372.png,0.52,19,0.12695,0.24363,82,10
test_372.png,1.04,37,0.11721,0.22669,58,10
test_372.png,2.08,75,0.09993,0.20437,35,10
test_372.png,5.21,188,0.04779,0.10405,8,10
test_372.png,10.42,375,0.00954,0.03073,0,10
test_373.png,0.0,0,0.48088,0.77459,148,52
test_373.png,0.21,8,0.48052,0.77573,102,52
test_373.png,0.52,19,0.47746,0.77412,77,52
test_373.png,1.04,37,0.47347,0.77111,59,52
test_373.png,2.08,75,0.46498,0.76365,34,52
test_373.png,5.21,188,0.44,0.7391,15,52
test_373.png,10.42,375,0.4081,0.70965,6,52
test_374.png,0.0,0,0.09795,0.20641,115,1
test_374.png,0.21,8,0.09532,0.20464,69,1
test_374.png,0.52,19,0.09219,0.20393,55,1
test_374.png,1.04,37,0.08304,0.1876,37,1
test_374.png,2.08,75,0.0642,0.1633,16,1
test_374.png,5.21,188,0.03007,0.10692,3,1
test_374.png,10.42,375,0.0,0.0,1,1
test_375.png,0.0,0,0.69197,0.9014,106,32
test_375.png,0.21,8,0.69222,0.90333,60,32
test_375.png,0.52,19,0.69273,0.90495,40,32
test_375.png,1.04,37,0.69424,0.90906,20,33
test_375.png,2.08,75,0.69483,0.91279,6,33
test_375.png,5.21,188,0.69375,0.9132,1,33
test_375.png,10.42,375,0.69375,0.9132,1,33
test_376.png,0.0,0,0.0755,0.09751,199,5
test_376.png,0.21,8,0.07359,0.09716,128,5
test_376.png,0.52,19,0.0684,0.09706,93,5
test_376.png,1.04,37,0.0534,0.08519,51,5
test_376.png,2.08,75,0.03618,0.06554,21,5
test_376.png,5.21,188,0.006,0.0,1,5
test_376.png,10.42,375,0.0,0.0,2,5
test_377.png,0.0,0,0.17196,0.32688,164,0
test_377.png,0.21,8,0.16865,0.32717,103,0
test_377.png,0.52,19,0.16414,0.32601,82,1
test_377.png,1.04,37,0.15208,0.32256,58,1
test_377.png,2.08,75,0.13067,0.29814,36,1
test_377.png,5.21,188,0.07049,0.24439,6,1
test_377.png,10.42,375,0.03038,0.11031,0,1
test_378.png,0.0,0,0.07764,0.14505,156,3
test_378.png,0.21,8,0.07466,0.14307,92,3
test_378.png,0.52,19,0.06993,0.13982,60,3
test_378.png,1.04,37,0.06293,0.13362,41,3
test_378.png,2.08,75,0.04095,0.09681,17,3
test_378.png,5.21,188,0.02227,0.08311,5,3
test_378.png,10.42,375,0.0,0.0,1,3
test_379.png,0.0,0,0.20552,0.36469,206,8
test_379.png,0.21,8,0.20311,0.36084,137,8
test_379.png,0.52,19,0.19895,0.35832,107,8
test_379.png,1.04,37,0.19062,0.35388,83,8
test_379.png,2.08,75,0.15874,0.32161,39,8
test_379.png,5.21,188,0.12201,0.2833,17,8
test_379.png,10.42,375,0.03685,0.07737,2,10
test_380.png,0.0,0,0.15874,0.35833,212,8
test_380.png,0.21,8,0.15617,0.35723,136,8
test_380.png,0.52,19,0.15004,0.3532,96,8
test_380.png,1.04,37,0.14243,0.3461,71,8
test_380.png,2.08,75,0.12198,0.32127,36,8
test_380.png,5.21,188,0.07363,0.26201,11,8
test_380.png,10.42,375,0.0088,0.04051,1,8
test_381.png,0.0,0,0.18164,0.43923,160,7
test_381.png,0.21,8,0.17987,0.43843,107,7
test_381.png,0.52,19,0.17594,0.43502,83,7
test_381.png,1.04,37,0.16845,0.43016,60,7
test_381.png,2.08,75,0.15763,0.42513,43,8
test_381.png,5.21,188,0.12056,0.37226,20,8
test_381.png,10.42,375,0.0573,0.19059,5,8
test_382.png,0.0,0,0.11656,0.0721,227,16
test_382.png,0.21,8,0.11589,0.07197,155,16
test_382.png,0.52,19,0.11498,0.07118,111,16
test_382.png,1.04,37,0.11259,0.06939,89,16
test_382.png,2.08,75,0.10296,0.05762,54,16
test_382.png,5.21,188,0.07558,0.03592,23,17
test_382.png,10.42,375,0.05815,0.03127,7,17
test_383.png,0.0,0,0.19974,0.313,235,17
test_383.png,0.21,8,0.19796,0.31159,162,17
test_383.png,0.52,19,0.19259,0.30764,115,18
test_383.png,1.04,37,0.18626,0.30483,82,19
test_383.png,2.08,75,0.1686,0.28739,44,19
test_383.png,5.21,188,0.10829,0.19858,9,19
test_383.png,10.42,375,0.08437,0.17242,3,19
test_384.png,0.0,0,0.14699,0.27812,152,7
test_384.png,0.21,8,0.14483,0.27794,98,7
test_384.png,0.52,19,0.14064,0.27447,78,7
test_384.png,1.04,37,0.13144,0.26974,58,7
test_384.png,2.08,75,0.11316,0.26179,35,7
test_384.png,5.21,188,0.06312,0.1572,13,8
test_384.png,10.42,375,0.00903,0.04666,0,8
test_385.png,0.0,0,0.20459,0.58436,129,9
test_385.png,0.21,8,0.20303,0.58495,84,9
test_385.png,0.52,19,0.20055,0.58516,64,9
test_385.png,1.04,37,0.19727,0.58587,53,9
test_385.png,2.08,75,0.18626,0.5824,35,9
test_385.png,5.21,188,0.16241,0.55404,20,10
test_385.png,10.42,375,0.10284,0.3846,7,10
test_386.png,0.0,0,0.23024,0.34211,205,7
test_386.png,0.21,8,0.22873,0.34269,137,7
test_386.png,0.52,19,0.22336,0.34108,102,7
test_386.png,1.04,37,0.21681,0.3382,84,7
test_386.png,2.08,75,0.19655,0.32118,56,7
test_386.png,5.21,188,0.1213,0.22185,14,7
test_386.png,10.42,375,0.0252,0.02264,1,7
test_387.png,0.0,0,0.12483,0.17215,114,2
test_387.png,0.21,8,0.12153,0.16789,65,2
test_387.png,0.52,19,0.11737,0.16414,47,2
test_387.png,1.04,37,0.11016,0.16336,31,2
test_387.png,2.08,75,0.10025,0.16336,23,2
test_387.png,5.21,188,0.04914,0.11939,4,2
test_387.png,10.42,375,0.0147,0.04351,1,2
test_388.png,0.0,0,0.35647,0.71225,58,6
test_388.png,0.21,8,0.35556,0.71234,31,6
test_388.png,0.52,19,0.35527,0.71251,29,6
test_388.png,1.04,37,0.35208,0.70959,22,6
test_388.png,2.08,75,0.34892,0.70604,19,6
test_388.png,5.21,188,0.34016,0.69198,12,6
test_388.png,10.42,375,0.32504,0.68253,7,6
test_389.png,0.0,0,0.18647,0.29416,196,13
test_389.png,0.21,8,0.18473,0.29287,133,13
test_389.png,0.52,19,0.18037,0.28546,98,13
test_389.png,1.04,37,0.17238,0.28435,66,13
test_389.png,2.08,75,0.14877,0.25278,38,14
test_389.png,5.21,188,0.09017,0.16627,10,14
test_389.png,10.42,375,0.01935,0.04771,0,14
test_390.png,0.0,0,0.09905,0.16056,188,6
test_390.png,0.21,8,0.09628,0.16017,119,6
test_390.png,0.52,19,0.09104,0.15266,87,6
test_390.png,1.04,37,0.07973,0.14883,59,6
test_390.png,2.08,75,0.05349,0.10612,20,6
test_390.png,5.21,188,0.02783,0.05798,5,6
test_390.png,10.42,375,0.0,0.0,1,6
test_391.png,0.0,0,0.50438,0.84145,72,40
test_391.png,0.21,8,0.50407,0.84193,48,40
test_391.png,0.52,19,0.50298,0.84189,35,40
test_391.png,1.04,37,0.50177,0.84094,27,40
test_391.png,2.08,75,0.49983,0.83973,21,40
test_391.png,5.21,188,0.4873,0.8317,8,40
test_391.png,10.42,375,0.46996,0.81261,3,40
test_392.png,0.0,0,0.09612,0.10557,205,7
test_392.png,0.21,8,0.09314,0.1037,125,7
test_392.png,0.52,19,0.08834,0.09782,93,7
test_392.png,1.04,37,0.07615,0.0898,56,7
test_392.png,2.08,75,0.06639,0.07664,32,7
test_392.png,5.21,188,0.04128,0.04895,13,7
test_392.png,10.42,375,0.01663,0.02465,3,7
test_393.png,0.0,0,0.17477,0.34328,103,2
test_393.png,0.21,8,0.17414,0.34311,76,2
test_393.png,0.52,19,0.17016,0.33885,55,2
test_393.png,1.04,37,0.16519,0.33647,45,2
test_393.png,2.08,75,0.15178,0.3013,31,2
test_393.png,5.21,188,0.12827,0.25959,18,2
test_393.png,10.42,375,0.08534,0.20265,9,2
test_394.png,0.0,0,0.3952,0.82,59,6
test_394.png,0.21,8,0.39475,0.82215,33,6
test_394.png,0.52,19,0.39441,0.82522,22,6
test_394.png,1.04,37,0.39446,0.82947,16,6
test_394.png,2.08,75,0.39527,0.83337,13,6
test_394.png,5.21,188,0.38026,0.81718,6,6
test_394.png,10.42,375,0.37556,0.81713,5,6
test_395.png,0.0,0,0.09801,0.09228,173,1
test_395.png,0.21,8,0.09494,0.09052,104,1
test_395.png,0.52,19,0.08995,0.08878,73,1
test_395.png,1.04,37,0.08128,0.08698,49,1
test_395.png,2.08,75,0.06083,0.07509,25,1
test_395.png,5.21,188,0.03222,0.05994,9,1
test_395.png,10.42,375,0.0,0.0,1,1
test_396.png,0.0,0,0.5045,0.89015,34,24
test_396.png,0.21,8,0.50437,0.89068,21,24
test_396.png,0.52,19,0.50371,0.89057,16,24
test_396.png,1.04,37,0.50278,0.89049,12,24
test_396.png,2.08,75,0.50248,0.8914,9,24
test_396.png,5.21,188,0.49962,0.88941,7,24
test_396.png,10.42,375,0.49422,0.88376,5,24
test_397.png,0.0,0,0.191,0.38228,151,12
test_397.png,0.21,8,0.18943,0.38145,101,12
test_397.png,0.52,19,0.18603,0.38184,80,12
test_397.png,1.04,37,0.17916,0.37028,62,12
test_397.png,2.08,75,0.15301,0.34233,33,12
test_397.png,5.21,188,0.10417,0.24727,13,12
test_397.png,10.42,375,0.03403,0.11171,2,12
test_398.png,0.0,0,0.12724,0.18152,199,4
test_398.png,0.21,8,0.124,0.17575,118,4
test_398.png,0.52,19,0.1181,0.17076,84,4
test_398.png,1.04,37,0.10832,0.16577,61,4
test_398.png,2.08,75,0.08737,0.14917,30,4
test_398.png,5.21,188,0.04261,0.12028,8,4
test_398.png,10.42,375,0.0,0.0,1,4
test_399.png,0.0,0,0.22525,0.41335,129,7
test_399.png,0.21,8,0.2235,0.41219,91,7
test_399.png,0.52,19,0.22078,0.40695,75,7
test_399.png,1.04,37,0.21575,0.40614,61,7
test_399.png,2.08,75,0.19115,0.37025,37,7
test_399.png,5.21,188,0.1362,0.32174,14,7
test_399.png,10.42,375,0.07568,0.22419,4,7
test_400.png,0.0,0,0.34489,0.879,33,8
test_400.png,0.21,8,0.3445,0.88043,18,8
test_400.png,0.52,19,0.34387,0.88057,13,8
test_400.png,1.04,37,0.34343,0.8806,11,8
test_400.png,2.08,75,0.3416,0.88265,7,8
test_400.png,5.21,188,0.33881,0.88506,4,8
test_400.png,10.42,375,0.33303,0.88128,2,8
test_401.png,0.0,0,0.11647,0.11235,184,3
test_401.png,0.21,8,0.1138,0.11038,120,3
test_401.png,0.52,19,0.106,0.10535,80,3
test_401.png,1.04,37,0.09687,0.09888,52,3
test_401.png,2.08,75,0.07769,0.07647,27,3
test_401.png,5.21,188,0.04245,0.03831,7,3
test_401.png,10.42,375,0.01798,0.00566,1,3
test_402.png,0.0,0,0.08327,0.03224,95,1
test_402.png,0.21,8,0.08177,0.03139,59,1
test_402.png,0.52,19,0.07838,0.02885,44,1
test_402.png,1.04,37,0.07106,0.02626,29,1
test_402.png,2.08,75,0.06251,0.0262,18,1
test_402.png,5.21,188,0.03608,0.01745,8,1
test_402.png,10.42,375,0.03282,0.01498,4,1
test_403.png,0.0,0,0.29061,0.60539,112,7
test_403.png,0.21,8,0.28906,0.60545,79,7
test_403.png,0.52,19,0.2864,0.60304,61,7
test_403.png,1.04,37,0.28376,0.60371,49,7
test_403.png,2.08,75,0.27244,0.59672,33,7
test_403.png,5.21,188,0.24836,0.59012,17,7
test_403.png,10.42,375,0.19118,0.47349,7,7
test_404.png,0.0,0,0.14683,0.23363,228,8
test_404.png,0.21,8,0.14338,0.2321,145,8
test_404.png,0.52,19,0.13499,0.22716,98,8
test_404.png,1.04,37,0.12446,0.21912,66,8
test_404.png,2.08,75,0.09452,0.19857,32,8
test_404.png,5.21,188,0.03736,0.10491,7,8
test_404.png,10.42,375,0.0,0.0,1,8
test_405.png,0.0,0,0.20539,0.32914,166,10
test_405.png,0.21,8,0.203,0.32801,112,10
test_405.png,0.52,19,0.19947,0.32426,89,10
test_405.png,1.04,37,0.19079,0.32146,68,11
test_405.png,2.08,75,0.16771,0.27836,44,11
test_405.png,5.21,188,0.08537,0.17844,10,12
test_405.png,10.42,375,0.03801,0.07692,2,12
test_406.png,0.0,0,0.06472,0.0306,145,2
test_406.png,0.21,8,0.06275,0.0306,88,2
test_406.png,0.52,19,0.05734,0.02946,57,2
test_406.png,1.04,37,0.04976,0.02324,42,3
test_406.png,2.08,75,0.03636,0.01699,17,3
test_406.png,5.21,188,0.0104,0.0,3,3
test_406.png,10.42,375,0.0,0.0,1,3
test_407.png,0.0,0,0.1402,0.18031,235,12
test_407.png,0.21,8,0.13634,0.17317,140,12
test_407.png,0.52,19,0.12954,0.16914,99,12
test_407.png,1.04,37,0.11211,0.14614,59,12
test_407.png,2.08,75,0.07986,0.11426,28,12
test_407.png,5.21,188,0.03499,0.0596,5,12
test_407.png,10.42,375,0.0,0.0,1,12
test_408.png,0.0,0,0.04102,0.06332,208,1
test_408.png,0.21,8,0.03949,0.06245,121,1
test_408.png,0.52,19,0.03781,0.05471,85,1
test_408.png,1.04,37,0.03397,0.05161,61,1
test_408.png,2.08,75,0.02412,0.04261,28,1
test_408.png,5.21,188,0.00234,0.00093,6,1
test_408.png,10.42,375,0.0,0.0,1,1
test_409.png,0.0,0,0.28499,0.56725,133,11
test_409.png,0.21,8,0.28384,0.56722,94,11
test_409.png,0.52,19,0.2807,0.56693,72,11
test_409.png,1.04,37,0.2755,0.56101,59,11
test_409.png,2.08,75,0.26592,0.5562,42,11
test_409.png,5.21,188,0.21263,0.47965,21,11
test_409.png,10.42,375,0.13225,0.34709,7,11
test_410.png,0.0,0,0.25915,0.46293,177,6
test_410.png,0.21,8,0.25645,0.46257,108,6
test_410.png,0.52,19,0.25459,0.46172,91,6
test_410.png,1.04,37,0.24455,0.45608,64,6
test_410.png,2.08,75,0.23403,0.45146,44,6
test_410.png,5.21,188,0.18925,0.40314,18,6
test_410.png,10.42,375,0.13767,0.3179,6,6
test_411.png,0.0,0,0.20486,0.65211,130,7
test_411.png,0.21,8,0.20261,0.65179,80,7
test_411.png,0.52,19,0.19758,0.64783,53,7
test_411.png,1.04,37,0.19352,0.64395,41,7
test_411.png,2.08,75,0.18591,0.63743,31,7
test_411.png,5.21,188,0.16147,0.58814,20,8
test_411.png,10.42,375,0.09206,0.36342,4,9
test_412.png,0.0,0,0.27968,0.56384,90,3
test_412.png,0.21,8,0.27819,0.56299,57,3
test_412.png,0.52,19,0.27633,0.56235,50,3
test_412.png,1.04,37,0.27175,0.55887,39,3
test_412.png,2.08,75,0.26386,0.55254,33,3
test_412.png,5.21,188,0.23449,0.53867,19,3
test_412.png,10.42,375,0.16945,0.46811,7,3
test_413.png,0.0,0,0.14338,0.18067,144,4
test_413.png,0.21,8,0.14124,0.17877,94,4
test_413.png,0.52,19,0.13567,0.17123,68,4
test_413.png,1.04,37,0.13078,0.16102,48,4
test_413.png,2.08,75,0.11233,0.15538,27,4
test_413.png,5.21,188,0.05778,0.08987,6,4
test_413.png,10.42,375,0.01203,0.00109,0,5
test_414.png,0.0,0,0.32421,0.59027,84,9
test_414.png,0.21,8,0.32335,0.59053,54,9
test_414.png,0.52,19,0.32321,0.59429,39,9
test_414.png,1.04,37,0.32211,0.59785,28,9
test_414.png,2.08,75,0.31787,0.59776,15,9
test_414.png,5.21,188,0.31202,0.59335,10,9
test_414.png,10.42,375,0.29442,0.55526,7,9
test_415.png,0.0,0,0.27035,0.62999,102,7
test_415.png,0.21,8,0.269,0.62934,73,7
test_415.png,0.52,19,0.26596,0.6268,59,7
test_415.png,1.04,37,0.26105,0.62406,47,7
test_415.png,2.08,75,0.25119,0.61882,36,9
test_415.png,5.21,188,0.20663,0.56722,15,10
test_415.png,10.42,375,0.16524,0.49568,6,10
test_416.png,0.0,0,0.14263,0.19645,190,10
test_416.png,0.21,8,0.14005,0.19419,134,10
test_416.png,0.52,19,0.13342,0.19126,91,10
test_416.png,1.04,37,0.12346,0.17296,63,10
test_416.png,2.08,75,0.09174,0.13687,29,10
test_416.png,5.21,188,0.0359,0.05578,5,11
test_416.png,10.42,375,0.0,0.0,1,11
test_417.png,0.0,0,0.69788,0.88341,38,63
test_417.png,0.21,8,0.69734,0.8828,21,63
test_417.png,0.52,19,0.69711,0.8834,17,63
test_417.png,1.04,37,0.69725,0.88422,12,63
test_417.png,2.08,75,0.69707,0.88416,10,63
test_417.png,5.21,188,0.69259,0.87917,8,63
test_417.png,10.42,375,0.67799,0.86332,4,63
test_418.png,0.0,0,0.15046,0.04192,130,1
test_418.png,0.21,8,0.14908,0.04191,92,1
test_418.png,0.52,19,0.14818,0.03851,85,1
test_418.png,1.04,37,0.14556,0.03854,67,1
test_418.png,2.08,75,0.1247,0.03501,42,1
test_418.png,5.21,188,0.08917,0.03045,27,1
test_418.png,10.42,375,0.04426,0.02078,9,1
test_419.png,0.0,0,0.13256,0.24007,220,12
test_419.png,0.21,8,0.12992,0.23786,142,12
test_419.png,0.52,19,0.125,0.2331,104,12
test_419.png,1.04,37,0.11448,0.214,75,12
test_419.png,2.08,75,0.09109,0.19589,36,12
test_419.png,5.21,188,0.03494,0.0663,5,12
test_419.png,10.42,375,0.00924,0.0287,1,12
test_420.png,0.0,0,0.49251,0.92464,18,10
test_420.png,0.21,8,0.49226,0.92433,14,10
test_420.png,0.52,19,0.49198,0.92476,11,10
test_420.png,1.04,37,0.49124,0.92585,6,10
test_420.png,2.08,75,0.48889,0.92193,3,10
test_420.png,5.21,188,0.48662,0.9218,2,10
test_420.png,10.42,375,0.4842,0.92028,1,10
