image,width_multiple,min_size,dice,cldice,betti0_err,betti1_err
test_071.png,0.0,0,0.81685,0.974,12,1
test_071.png,0.21,8,0.81691,0.97473,4,1
test_071.png,0.52,19,0.81696,0.97498,3,1
test_071.png,1.04,37,0.81701,0.9758,0,0
test_071.png,2.08,75,0.81701,0.9758,0,0
test_071.png,5.21,188,0.81701,0.9758,0,0
test_071.png,10.42,375,0.81701,0.9758,0,0
test_072.png,0.0,0,0.90811,0.96554,22,1
test_072.png,0.21,8,0.90822,0.96654,9,1
test_072.png,0.52,19,0.90818,0.96687,7,1
test_072.png,1.04,37,0.90845,0.96833,5,1
test_072.png,2.08,75,0.90924,0.97109,2,1
test_072.png,5.21,188,0.90979,0.97234,1,1
test_072.png,10.42,375,0.90879,0.97096,0,1
test_073.png,0.0,0,0.93628,0.98981,8,1
test_073.png,0.21,8,0.93628,0.9899,1,1
test_073.png,0.52,19,0.93622,0.98983,0,1
test_073.png,1.04,37,0.93609,0.98961,1,1
test_073.png,2.08,75,0.93609,0.98961,1,1
test_073.png,5.21,188,0.93609,0.98961,1,1
test_073.png,10.42,375,0.93609,0.98961,1,1
test_074.png,0.0,0,0.97192,0.99648,1,5
test_074.png,0.21,8,0.97193,0.99652,0,5
test_074.png,0.52,19,0.97193,0.99652,0,5
test_074.png,1.04,37,0.97193,0.99652,0,5
test_074.png,2.08,75,0.97193,0.99652,0,5
test_074.png,5.21,188,0.97193,0.99652,0,5
test_074.png,10.42,375,0.97193,0.99652,0,5
test_075.png,0.0,0,0.92034,0.9956,0,2
test_075.png,0.21,8,0.92034,0.9956,0,2
test_075.png,0.52,19,0.92034,0.9956,0,2
test_075.png,1.04,37,0.92034,0.9956,0,2
test_075.png,2.08,75,0.92034,0.9956,0,2
test_075.png,5.21,188,0.92034,0.9956,0,2
test_075.png,10.42,375,0.92034,0.9956,0,2
test_076.png,0.0,0,0.88564,0.99772,0,0
test_076.png,0.21,8,0.88564,0.99772,0,0
test_076.png,0.52,19,0.88564,0.99772,0,0
test_076.png,1.04,37,0.88564,0.99772,0,0
test_076.png,2.08,75,0.88564,0.99772,0,0
test_076.png,5.21,188,0.88564,0.99772,0,0
test_076.png,10.42,375,0.88564,0.99772,0,0
test_077.png,0.0,0,0.91698,0.99991,0,0
test_077.png,0.21,8,0.91698,0.99991,0,0
test_077.png,0.52,19,0.91698,0.99991,0,0
test_077.png,1.04,37,0.91698,0.99991,0,0
test_077.png,2.08,75,0.91698,0.99991,0,0
test_077.png,5.21,188,0.91698,0.99991,0,0
test_077.png,10.42,375,0.91698,0.99991,0,0
test_078.png,0.0,0,0.83242,0.97675,2,0
test_078.png,0.21,8,0.83243,0.97679,1,0
test_078.png,0.52,19,0.8325,0.97726,0,0
test_078.png,1.04,37,0.8325,0.97726,0,0
test_078.png,2.08,75,0.8325,0.97726,0,0
test_078.png,5.21,188,0.8325,0.97726,0,0
test_078.png,10.42,375,0.8325,0.97726,0,0
test_079.png,0.0,0,0.93185,0.99408,7,0
test_079.png,0.21,8,0.93189,0.99473,2,0
test_079.png,0.52,19,0.93206,0.99666,0,0
test_079.png,1.04,37,0.93206,0.99666,0,0
test_079.png,2.08,75,0.93206,0.99666,0,0
test_079.png,5.21,188,0.93206,0.99666,0,0
test_079.png,10.42,375,0.93206,0.99666,0,0
test_080.png,0.0,0,0.85801,0.9967,4,1
test_080.png,0.21,8,0.85808,0.99705,0,1
test_080.png,0.52,19,0.85808,0.99705,0,1
test_080.png,1.04,37,0.85808,0.99705,0,1
test_080.png,2.08,75,0.85808,0.99705,0,1
test_080.png,5.21,188,0.85808,0.99705,0,1
test_080.png,10.42,375,0.85808,0.99705,0,1
test_081.png,0.0,0,0.84171,0.98536,13,1
test_081.png,0.21,8,0.84172,0.98571,6,1
test_081.png,0.52,19,0.84167,0.98585,4,1
test_081.png,1.04,37,0.84192,0.98646,2,1
test_081.png,2.08,75,0.84238,0.98777,0,2
test_081.png,5.21,188,0.84238,0.98777,0,2
test_081.png,10.42,375,0.84238,0.98777,0,2
test_082.png,0.0,0,0.82326,0.96908,22,47
test_082.png,0.21,8,0.82308,0.96913,7,47
test_082.png,0.52,19,0.82297,0.96897,5,47
test_082.png,1.04,37,0.82305,0.96922,1,47
test_082.png,2.08,75,0.82279,0.96879,0,47
test_082.png,5.21,188,0.82279,0.96879,0,47
test_082.png,10.42,375,0.82279,0.96879,0,47
test_083.png,0.0,0,0.94236,0.99123,11,5
test_083.png,0.21,8,0.94231,0.99122,3,5
test_083.png,0.52,19,0.94219,0.99122,1,5
test_083.png,1.04,37,0.94219,0.99122,1,5
test_083.png,2.08,75,0.94219,0.99122,1,5
test_083.png,5.21,188,0.94262,0.9921,0,5
test_083.png,10.42,375,0.94262,0.9921,0,5
test_084.png,0.0,0,0.96505,0.99807,0,1
test_084.png,0.21,8,0.96505,0.99807,0,1
test_084.png,0.52,19,0.96505,0.99807,0,1
test_084.png,1.04,37,0.96505,0.99807,0,1
test_084.png,2.08,75,0.96505,0.99807,0,1
test_084.png,5.21,188,0.96505,0.99807,0,1
test_084.png,10.42,375,0.96505,0.99807,0,1
test_085.png,0.0,0,0.91916,0.9976,0,0
test_085.png,0.21,8,0.91916,0.9976,0,0
test_085.png,0.52,19,0.91916,0.9976,0,0
test_085.png,1.04,37,0.91916,0.9976,0,0
test_085.png,2.08,75,0.91916,0.9976,0,0
test_085.png,5.21,188,0.91916,0.9976,0,0
test_085.png,10.42,375,0.91916,0.9976,0,0
test_086.png,0.0,0,0.91619,0.98498,1,5
test_086.png,0.21,8,0.91619,0.98498,1,5
test_086.png,0.52,19,0.91619,0.98498,1,5
test_086.png,1.04,37,0.91619,0.98498,1,5
test_086.png,2.08,75,0.91619,0.98498,1,5
test_086.png,5.21,188,0.91619,0.98498,1,5
test_086.png,10.42,375,0.91471,0.98331,0,5
test_087.png,0.0,0,0.84693,0.98108,11,5
test_087.png,0.21,8,0.847,0.98157,3,5
test_087.png,0.52,19,0.84701,0.98156,1,5
test_087.png,1.04,37,0.8471,0.98179,0,5
test_087.png,2.08,75,0.8471,0.98179,0,5
test_087.png,5.21,188,0.8471,0.98179,0,5
test_087.png,10.42,375,0.8471,0.98179,0,5
test_088.png,0.0,0,0.91616,0.99135,7,1
test_088.png,0.21,8,0.91634,0.99345,0,1
test_088.png,0.52,19,0.91634,0.99345,0,1
test_088.png,1.04,37,0.91634,0.99345,0,1
test_088.png,2.08,75,0.91634,0.99345,0,1
test_088.png,5.21,188,0.91634,0.99345,0,1
test_088.png,10.42,375,0.91634,0.99345,0,1
test_089.png,0.0,0,0.87354,0.99101,3,1
test_089.png,0.21,8,0.87357,0.99128,2,1
test_089.png,0.52,19,0.87377,0.99258,0,1
test_089.png,1.04,37,0.87377,0.99258,0,1
test_089.png,2.08,75,0.87377,0.99258,0,1
test_089.png,5.21,188,0.87377,0.99258,0,1
test_089.png,10.42,375,0.87152,0.98616,1,1
test_090.png,0.0,0,0.83702,0.97461,10,5
test_090.png,0.21,8,0.83705,0.97495,3,5
test_090.png,0.52,19,0.83711,0.97489,1,5
test_090.png,1.04,37,0.83711,0.97489,1,5
test_090.png,2.08,75,0.83711,0.97489,1,5
test_090.png,5.21,188,0.83711,0.97489,1,5
test_090.png,10.42,375,0.83711,0.97489,1,5
test_091.png,0.0,0,0.89009,0.98975,8,1
test_091.png,0.21,8,0.89015,0.9907,1,1
test_091.png,0.52,19,0.89021,0.99131,0,1
test_091.png,1.04,37,0.89021,0.99131,0,1
test_091.png,2.08,75,0.89021,0.99131,0,1
test_091.png,5.21,188,0.89021,0.99131,0,1
test_091.png,10.42,375,0.89021,0.99131,0,1
test_092.png,0.0,0,0.95198,0.9975,3,1
test_092.png,0.21,8,0.95204,0.9982,0,1
test_092.png,0.52,19,0.95204,0.9982,0,1
test_092.png,1.04,37,0.95204,0.9982,0,1
test_092.png,2.08,75,0.95204,0.9982,0,1
test_092.png,5.21,188,0.95204,0.9982,0,1
test_092.png,10.42,375,0.95204,0.9982,0,1
test_093.png,0.0,0,0.96059,0.98384,6,12
test_093.png,0.21,8,0.96068,0.98458,0,12
test_093.png,0.52,19,0.96068,0.98458,0,12
test_093.png,1.04,37,0.96068,0.98458,0,12
test_093.png,2.08,75,0.96068,0.98458,0,12
test_093.png,5.21,188,0.96068,0.98458,0,12
test_093.png,10.42,375,0.96068,0.98458,0,12
test_094.png,0.0,0,0.92916,0.99882,0,0
test_094.png,0.21,8,0.92916,0.99882,0,0
test_094.png,0.52,19,0.92916,0.99882,0,0
test_094.png,1.04,37,0.92916,0.99882,0,0
test_094.png,2.08,75,0.92916,0.99882,0,0
test_094.png,5.21,188,0.92916,0.99882,0,0
test_094.png,10.42,375,0.92916,0.99882,0,0
test_095.png,0.0,0,0.93532,0.99716,0,2
test_095.png,0.21,8,0.93532,0.99716,0,2
test_095.png,0.52,19,0.93532,0.99716,0,2
test_095.png,1.04,37,0.93532,0.99716,0,2
test_095.png,2.08,75,0.93532,0.99716,0,2
test_095.png,5.21,188,0.93532,0.99716,0,2
test_095.png,10.42,375,0.93532,0.99716,0,2
test_096.png,0.0,0,0.90204,0.99728,1,0
test_096.png,0.21,8,0.90204,0.99728,1,0
test_096.png,0.52,19,0.90204,0.99728,1,0
test_096.png,1.04,37,0.90221,0.99828,0,0
test_096.png,2.08,75,0.90221,0.99828,0,0
test_096.png,5.21,188,0.90221,0.99828,0,0
test_096.png,10.42,375,0.90221,0.99828,0,0
test_097.png,0.0,0,0.89272,0.99157,7,4
test_097.png,0.21,8,0.89272,0.99188,1,4
test_097.png,0.52,19,0.89272,0.99188,1,4
test_097.png,1.04,37,0.89282,0.99231,0,4
test_097.png,2.08,75,0.89282,0.99231,0,4
test_097.png,5.21,188,0.89282,0.99231,0,4
test_097.png,10.42,375,0.89282,0.99231,0,4
test_098.png,0.0,0,0.91574,0.98026,10,3
test_098.png,0.21,8,0.91584,0.98118,3,3
test_098.png,0.52,19,0.91586,0.98186,1,3
test_098.png,1.04,37,0.91597,0.98278,0,3
test_098.png,2.08,75,0.91597,0.98278,0,3
test_098.png,5.21,188,0.91597,0.98278,0,3
test_098.png,10.42,375,0.91597,0.98278,0,3
test_099.png,0.0,0,0.91534,0.9947,4,2
test_099.png,0.21,8,0.91534,0.99478,1,2
test_099.png,0.52,19,0.91546,0.99544,0,2
test_099.png,1.04,37,0.91546,0.99544,0,2
test_099.png,2.08,75,0.91546,0.99544,0,2
test_099.png,5.21,188,0.91546,0.99544,0,2
test_099.png,10.42,375,0.91546,0.99544,0,2
test_100.png,0.0,0,0.9585,0.99711,0,0
test_100.png,0.21,8,0.9585,0.99711,0,0
test_100.png,0.52,19,0.9585,0.99711,0,0
test_100.png,1.04,37,0.9585,0.99711,0,0
test_100.png,2.08,75,0.9585,0.99711,0,0
test_100.png,5.21,188,0.9585,0.99711,0,0
test_100.png,10.42,375,0.9585,0.99711,0,0
test_101.png,0.0,0,0.92003,0.99742,1,4
test_101.png,0.21,8,0.92003,0.99744,0,4
test_101.png,0.52,19,0.92003,0.99744,0,4
test_101.png,1.04,37,0.92003,0.99744,0,4
test_101.png,2.08,75,0.92003,0.99744,0,4
test_101.png,5.21,188,0.92003,0.99744,0,4
test_101.png,10.42,375,0.92003,0.99744,0,4
test_102.png,0.0,0,0.8887,0.98729,17,0
test_102.png,0.21,8,0.88883,0.98832,6,0
test_102.png,0.52,19,0.88891,0.98906,2,0
test_102.png,1.04,37,0.88891,0.98906,2,0
test_102.png,2.08,75,0.88916,0.98968,1,0
test_102.png,5.21,188,0.88916,0.98968,1,0
test_102.png,10.42,375,0.88952,0.98961,0,0
test_103.png,0.0,0,0.88474,0.98443,4,4
test_103.png,0.21,8,0.88479,0.98486,0,4
test_103.png,0.52,19,0.88479,0.98486,0,4
test_103.png,1.04,37,0.88479,0.98486,0,4
test_103.png,2.08,75,0.88479,0.98486,0,4
test_103.png,5.21,188,0.88479,0.98486,0,4
test_103.png,10.42,375,0.88479,0.98486,0,4
test_104.png,0.0,0,0.8649,0.98898,9,2
test_104.png,0.21,8,0.86493,0.98929,5,2
test_104.png,0.52,19,0.86504,0.9895,2,2
test_104.png,1.04,37,0.86487,0.98913,0,2
test_104.png,2.08,75,0.86487,0.98913,0,2
test_104.png,5.21,188,0.86487,0.98913,0,2
test_104.png,10.42,375,0.86487,0.98913,0,2
test_105.png,0.0,0,0.96758,0.99991,0,1
test_105.png,0.21,8,0.96758,0.99991,0,1
test_105.png,0.52,19,0.96758,0.99991,0,1
test_105.png,1.04,37,0.96758,0.99991,0,1
test_105.png,2.08,75,0.96758,0.99991,0,1
test_105.png,5.21,188,0.96758,0.99991,0,1
test_105.png,10.42,375,0.96758,0.99991,0,1
test_106.png,0.0,0,0.91007,0.99382,3,8
test_106.png,0.21,8,0.91003,0.9937,2,8
test_106.png,0.52,19,0.91003,0.9937,2,8
test_106.png,1.04,37,0.90987,0.99353,1,8
test_106.png,2.08,75,0.90987,0.99353,1,8
test_106.png,5.21,188,0.90987,0.99353,1,8
test_106.png,10.42,375,0.90987,0.99353,1,8
test_107.png,0.0,0,0.79073,0.99033,3,2
test_107.png,0.21,8,0.79077,0.99053,0,2
test_107.png,0.52,19,0.79077,0.99053,0,2
test_107.png,1.04,37,0.79077,0.99053,0,2
test_107.png,2.08,75,0.79077,0.99053,0,2
test_107.png,5.21,188,0.79077,0.99053,0,2
test_107.png,10.42,375,0.79077,0.99053,0,2
test_108.png,0.0,0,0.88356,0.9952,1,0
test_108.png,0.21,8,0.88358,0.99524,0,0
test_108.png,0.52,19,0.88358,0.99524,0,0
test_108.png,1.04,37,0.88358,0.99524,0,0
test_108.png,2.08,75,0.88358,0.99524,0,0
test_108.png,5.21,188,0.88358,0.99524,0,0
test_108.png,10.42,375,0.88358,0.99524,0,0
test_109.png,0.0,0,0.84165,0.98903,6,1
test_109.png,0.21,8,0.84162,0.98897,4,1
test_109.png,0.52,19,0.84164,0.98908,3,1
test_109.png,1.04,37,0.84169,0.98973,1,1
test_109.png,2.08,75,0.84188,0.99023,0,1
test_109.png,5.21,188,0.84188,0.99023,0,1
test_109.png,10.42,375,0.84188,0.99023,0,1
test_110.png,0.0,0,0.88807,0.99628,2,1
test_110.png,0.21,8,0.88807,0.99628,2,1
test_110.png,0.52,19,0.88817,0.99682,1,1
test_110.png,1.04,37,0.88817,0.99682,1,1
test_110.png,2.08,75,0.88775,0.99649,0,1
test_110.png,5.21,188,0.88775,0.99649,0,1
test_110.png,10.42,375,0.88775,0.99649,0,1
test_111.png,0.0,0,0.91019,0.99652,2,0
test_111.png,0.21,8,0.91021,0.99661,0,0
test_111.png,0.52,19,0.91021,0.99661,0,0
test_111.png,1.04,37,0.91021,0.99661,0,0
test_111.png,2.08,75,0.9097,0.99599,2,0
test_111.png,5.21,188,0.9097,0.99599,2,0
test_111.png,10.42,375,0.9097,0.99599,2,0
test_112.png,0.0,0,0.86255,0.99608,1,1
test_112.png,0.21,8,0.86258,0.99615,0,1
test_112.png,0.52,19,0.86258,0.99615,0,1
test_112.png,1.04,37,0.86258,0.99615,0,1
test_112.png,2.08,75,0.86258,0.99615,0,1
test_112.png,5.21,188,0.86258,0.99615,0,1
test_112.png,10.42,375,0.86258,0.99615,0,1
test_113.png,0.0,0,0.85336,0.99681,1,0
test_113.png,0.21,8,0.85337,0.9969,0,0
test_113.png,0.52,19,0.85337,0.9969,0,0
test_113.png,1.04,37,0.85337,0.9969,0,0
test_113.png,2.08,75,0.85337,0.9969,0,0
test_113.png,5.21,188,0.85337,0.9969,0,0
test_113.png,10.42,375,0.85337,0.9969,0,0
test_114.png,0.0,0,0.85083,0.9844,10,9
test_114.png,0.21,8,0.85091,0.98512,2,9
test_114.png,0.52,19,0.85095,0.98538,1,9
test_114.png,1.04,37,0.85079,0.98532,0,9
test_114.png,2.08,75,0.85079,0.98532,0,9
test_114.png,5.21,188,0.85079,0.98532,0,9
test_114.png,10.42,375,0.85079,0.98532,0,9
test_115.png,0.0,0,0.95026,0.99029,5,2
test_115.png,0.21,8,0.95028,0.99049,1,2
test_115.png,0.52,19,0.95028,0.99049,1,2
test_115.png,1.04,37,0.95028,0.99049,1,2
test_115.png,2.08,75,0.95052,0.99153,0,2
test_115.png,5.21,188,0.95052,0.99153,0,2
test_115.png,10.42,375,0.95052,0.99153,0,2
test_116.png,0.0,0,0.9383,0.99757,0,0
test_116.png,0.21,8,0.9383,0.99757,0,0
test_116.png,0.52,19,0.9383,0.99757,0,0
test_116.png,1.04,37,0.9383,0.99757,0,0
test_116.png,2.08,75,0.9383,0.99757,0,0
test_116.png,5.21,188,0.93785,0.99693,1,0
test_116.png,10.42,375,0.93785,0.99693,1,0
test_117.png,0.0,0,0.94532,0.99873,0,1
test_117.png,0.21,8,0.94532,0.99873,0,1
test_117.png,0.52,19,0.94532,0.99873,0,1
test_117.png,1.04,37,0.94532,0.99873,0,1
test_117.png,2.08,75,0.94524,0.99844,1,1
test_117.png,5.21,188,0.94524,0.99844,1,1
test_117.png,10.42,375,0.94524,0.99844,1,1
test_118.png,0.0,0,0.94892,0.99898,1,0
test_118.png,0.21,8,0.94893,0.99903,0,0
test_118.png,0.52,19,0.94893,0.99903,0,0
test_118.png,1.04,37,0.94893,0.99903,0,0
test_118.png,2.08,75,0.94893,0.99903,0,0
test_118.png,5.21,188,0.94893,0.99903,0,0
test_118.png,10.42,375,0.94893,0.99903,0,0
test_119.png,0.0,0,0.96727,0.9963,2,1
test_119.png,0.21,8,0.96728,0.99638,0,1
test_119.png,0.52,19,0.96728,0.99638,0,1
test_119.png,1.04,37,0.96728,0.99638,0,1
test_119.png,2.08,75,0.96728,0.99638,0,1
test_119.png,5.21,188,0.96728,0.99638,0,1
test_119.png,10.42,375,0.96728,0.99638,0,1
test_120.png,0.0,0,0.94839,0.9988,0,2
test_120.png,0.21,8,0.94839,0.9988,0,2
test_120.png,0.52,19,0.94839,0.9988,0,2
test_120.png,1.04,37,0.94839,0.9988,0,2
test_120.png,2.08,75,0.94839,0.9988,0,2
test_120.png,5.21,188,0.94839,0.9988,0,2
test_120.png,10.42,375,0.94839,0.9988,0,2
test_121.png,0.0,0,0.72543,0.73869,101,98
test_121.png,0.21,8,0.72547,0.74041,38,98
test_121.png,0.52,19,0.72541,0.74038,27,98
test_121.png,1.04,37,0.72503,0.74026,23,97
test_121.png,2.08,75,0.72554,0.74187,18,96
test_121.png,5.21,188,0.72523,0.74073,14,96
test_121.png,10.42,375,0.72343,0.73408,9,96
test_122.png,0.0,0,0.79401,0.87963,54,17
test_122.png,0.21,8,0.79401,0.88066,22,17
test_122.png,0.52,19,0.79397,0.88041,16,17
test_122.png,1.04,37,0.7939,0.88012,9,17
test_122.png,2.08,75,0.79287,0.87801,3,17
test_122.png,5.21,188,0.79271,0.87679,1,17
test_122.png,10.42,375,0.79271,0.87679,1,17
test_123.png,0.0,0,0.57587,0.59359,466,116
test_123.png,0.21,8,0.57496,0.59675,244,116
test_123.png,0.52,19,0.57355,0.59592,202,116
test_123.png,1.04,37,0.57075,0.59312,179,116
test_123.png,2.08,75,0.56176,0.58286,159,118
test_123.png,5.21,188,0.43552,0.44705,77,127
test_123.png,10.42,375,0.28029,0.28858,22,147
test_124.png,0.0,0,0.36307,0.46546,210,54
test_124.png,0.21,8,0.36281,0.46731,101,54
test_124.png,0.52,19,0.36312,0.47036,73,54
test_124.png,1.04,37,0.36392,0.47349,64,54
test_124.png,2.08,75,0.36392,0.47679,50,54
test_124.png,5.21,188,0.36815,0.48691,39,49
test_124.png,10.42,375,0.35862,0.47384,31,46
test_125.png,0.0,0,0.54751,0.59359,194,13
test_125.png,0.21,8,0.54595,0.59375,83,13
test_125.png,0.52,19,0.54479,0.59322,64,13
test_125.png,1.04,37,0.54329,0.5903,53,13
test_125.png,2.08,75,0.53842,0.58233,39,15
test_125.png,5.21,188,0.52157,0.55474,25,15
test_125.png,10.42,375,0.47896,0.48146,8,18
test_126.png,0.0,0,0.8887,0.98708,15,17
test_126.png,0.21,8,0.88862,0.98773,4,17
test_126.png,0.52,19,0.88849,0.98772,3,17
test_126.png,1.04,37,0.88862,0.9881,2,17
test_126.png,2.08,75,0.8882,0.98788,1,17
test_126.png,5.21,188,0.8882,0.98788,1,17
test_126.png,10.42,375,0.8882,0.98788,1,17
test_127.png,0.0,0,0.85551,0.91067,163,74
test_127.png,0.21,8,0.85589,0.91356,66,74
test_127.png,0.52,19,0.85564,0.91398,48,74
test_127.png,1.04,37,0.85578,0.91432,41,75
test_127.png,2.08,75,0.85464,0.91304,37,75
test_127.png,5.21,188,0.84458,0.90036,24,75
test_127.png,10.42,375,0.81042,0.86541,5,87
test_128.png,0.0,0,0.87502,0.98481,16,14
test_128.png,0.21,8,0.87492,0.98497,5,14
test_128.png,0.52,19,0.87492,0.98497,5,14
test_128.png,1.04,37,0.87492,0.98497,5,14
test_128.png,2.08,75,0.87492,0.98497,5,14
test_128.png,5.21,188,0.87182,0.98097,2,14
test_128.png,10.42,375,0.87182,0.98097,2,14
test_129.png,0.0,0,0.8783,0.93842,55,21
test_129.png,0.21,8,0.87822,0.93857,31,21
test_129.png,0.52,19,0.87793,0.93826,25,21
test_129.png,1.04,37,0.87693,0.93712,19,21
test_129.png,2.08,75,0.87584,0.93493,14,22
test_129.png,5.21,188,0.87147,0.92941,9,24
test_129.png,10.42,375,0.86458,0.92146,5,25
test_130.png,0.0,0,0.77386,0.81559,112,67
test_130.png,0.21,8,0.77385,0.81922,49,67
test_130.png,0.52,19,0.7747,0.82243,35,67
test_130.png,1.04,37,0.77395,0.82122,26,67
test_130.png,2.08,75,0.77424,0.82459,21,66
test_130.png,5.21,188,0.77565,0.82944,12,65
test_130.png,10.42,375,0.767,0.82343,9,62
test_131.png,0.0,0,0.77339,0.84429,89,21
test_131.png,0.21,8,0.77296,0.84537,37,21
test_131.png,0.52,19,0.77195,0.84484,23,21
test_131.png,1.04,37,0.77106,0.84326,19,21
test_131.png,2.08,75,0.77105,0.84312,18,21
test_131.png,5.21,188,0.7671,0.83659,13,18
test_131.png,10.42,375,0.7646,0.83098,12,18
test_132.png,0.0,0,0.87282,0.9698,20,23
test_132.png,0.21,8,0.87258,0.96947,8,23
test_132.png,0.52,19,0.87245,0.96925,6,23
test_132.png,1.04,37,0.87219,0.96924,5,23
test_132.png,2.08,75,0.87219,0.96924,5,23
test_132.png,5.21,188,0.8688,0.9626,2,23
test_132.png,10.42,375,0.8688,0.9626,2,23
test_133.png,0.0,0,0.75928,0.76108,138,10
test_133.png,0.21,8,0.75941,0.76305,64,10
test_133.png,0.52,19,0.75928,0.76254,46,10
test_133.png,1.04,37,0.75918,0.76154,39,10
test_133.png,2.08,75,0.7603,0.76316,35,11
test_133.png,5.21,188,0.76236,0.7626,20,12
test_133.png,10.42,375,0.7599,0.76085,19,12
test_134.png,0.0,0,0.89836,0.92231,46,30
test_134.png,0.21,8,0.89825,0.92284,15,30
test_134.png,0.52,19,0.89833,0.924,10,30
test_134.png,1.04,37,0.89895,0.92568,6,30
test_134.png,2.08,75,0.89865,0.92505,2,30
test_134.png,5.21,188,0.89895,0.92584,1,30
test_134.png,10.42,375,0.89895,0.92584,1,30
test_135.png,0.0,0,0.85517,0.91906,30,19
test_135.png,0.21,8,0.85505,0.91908,14,19
test_135.png,0.52,19,0.85501,0.91883,12,19
test_135.png,1.04,37,0.85487,0.91881,11,19
test_135.png,2.08,75,0.8548,0.91931,9,19
test_135.png,5.21,188,0.85505,0.92045,8,19
test_135.png,10.42,375,0.84421,0.9053,3,19
test_136.png,0.0,0,0.44938,0.50254,146,34
test_136.png,0.21,8,0.44972,0.50563,68,34
test_136.png,0.52,19,0.45054,0.51026,43,34
test_136.png,1.04,37,0.45113,0.51275,35,33
test_136.png,2.08,75,0.45115,0.51417,30,33
test_136.png,5.21,188,0.45375,0.52015,25,32
test_136.png,10.42,375,0.45159,0.52073,20,32
test_137.png,0.0,0,0.6965,0.73441,349,3
test_137.png,0.21,8,0.69507,0.73696,177,3
test_137.png,0.52,19,0.69269,0.73498,141,3
test_137.png,1.04,37,0.68892,0.73123,125,5
test_137.png,2.08,75,0.67902,0.72017,102,7
test_137.png,5.21,188,0.65309,0.69154,78,16
test_137.png,10.42,375,0.51988,0.54878,34,33
test_138.png,0.0,0,0.94044,0.99137,1,0
test_138.png,0.21,8,0.94045,0.99155,0,0
test_138.png,0.52,19,0.94045,0.99155,0,0
test_138.png,1.04,37,0.94045,0.99155,0,0
test_138.png,2.08,75,0.94045,0.99155,0,0
test_138.png,5.21,188,0.94027,0.99063,1,0
test_138.png,10.42,375,0.94027,0.99063,1,0
test_139.png,0.0,0,0.58751,0.58355,140,40
test_139.png,0.21,8,0.58754,0.58632,84,40
test_139.png,0.52,19,0.58831,0.59094,61,40
test_139.png,1.04,37,0.58899,0.59354,51,40
test_139.png,2.08,75,0.58766,0.59401,36,37
test_139.png,5.21,188,0.5953,0.61043,23,37
test_139.png,10.42,375,0.60737,0.62959,9,33
test_140.png,0.0,0,0.8322,0.90053,42,42
test_140.png,0.21,8,0.83186,0.90064,21,42
test_140.png,0.52,19,0.83183,0.90089,18,42
test_140.png,1.04,37,0.83149,0.90007,16,42
test_140.png,2.08,75,0.8293,0.89971,10,41
test_140.png,5.21,188,0.82941,0.90024,8,41
test_140.png,10.42,375,0.82941,0.90024,8,41
test_141.png,0.0,0,0.92349,0.98649,6,2
test_141.png,0.21,8,0.92349,0.9868,2,2
test_141.png,0.52,19,0.92356,0.98733,1,2
test_141.png,1.04,37,0.92336,0.98731,0,2
test_141.png,2.08,75,0.92336,0.98731,0,2
test_141.png,5.21,188,0.92336,0.98731,0,2
test_141.png,10.42,375,0.92336,0.98731,0,2
test_142.png,0.0,0,0.8393,0.88443,81,19
test_142.png,0.21,8,0.83979,0.88856,46,19
test_142.png,0.52,19,0.84089,0.89392,33,19
test_142.png,1.04,37,0.84208,0.89817,23,18
test_142.png,2.08,75,0.84426,0.90437,17,18
test_142.png,5.21,188,0.84884,0.91323,9,18
test_142.png,10.42,375,0.85532,0.92626,3,16
test_143.png,0.0,0,0.68335,0.82097,133,51
test_143.png,0.21,8,0.68179,0.81957,72,51
test_143.png,0.52,19,0.68092,0.81895,62,51
test_143.png,1.04,37,0.67921,0.81608,56,51
test_143.png,2.08,75,0.67588,0.81192,48,50
test_143.png,5.21,188,0.65466,0.78599,32,43
test_143.png,10.42,375,0.62766,0.757,23,36
test_144.png,0.0,0,0.73894,0.7425,153,53
test_144.png,0.21,8,0.73888,0.74562,84,53
test_144.png,0.52,19,0.73942,0.75034,58,53
test_144.png,1.04,37,0.74214,0.75907,43,52
test_144.png,2.08,75,0.74428,0.76632,31,51
test_144.png,5.21,188,0.74915,0.78211,16,45
test_144.png,10.42,375,0.75885,0.80006,8,45
test_145.png,0.0,0,0.80441,0.81592,113,66
test_145.png,0.21,8,0.80494,0.82207,42,66
test_145.png,0.52,19,0.8051,0.82264,35,66
test_145.png,1.04,37,0.80602,0.82518,29,66
test_145.png,2.08,75,0.80881,0.83226,15,65
test_145.png,5.21,188,0.81309,0.84378,6,63
test_145.png,10.42,375,0.81362,0.84487,3,61
test_146.png,0.0,0,0.81302,0.90478,70,8
test_146.png,0.21,8,0.81295,0.90546,37,8
test_146.png,0.52,19,0.8128,0.90505,32,8
test_146.png,1.04,37,0.81244,0.90489,26,8
test_146.png,2.08,75,0.81166,0.90366,21,8
test_146.png,5.21,188,0.80305,0.89,7,8
test_146.png,10.42,375,0.80305,0.89,7,8
test_147.png,0.0,0,0.41625,0.47319,135,45
test_147.png,0.21,8,0.41622,0.47458,80,45
test_147.png,0.52,19,0.41602,0.47587,65,45
test_147.png,1.04,37,0.41515,0.47614,57,45
test_147.png,2.08,75,0.41482,0.48086,44,45
test_147.png,5.21,188,0.40587,0.47097,35,39
test_147.png,10.42,375,0.41009,0.48028,29,37
test_148.png,0.0,0,0.87186,0.97845,9,8
test_148.png,0.21,8,0.87189,0.97911,1,8
test_148.png,0.52,19,0.87189,0.97911,1,8
test_148.png,1.04,37,0.87189,0.97911,1,8
test_148.png,2.08,75,0.87189,0.97911,1,8
test_148.png,5.21,188,0.8714,0.97765,0,8
test_148.png,10.42,375,0.86946,0.9748,1,8
test_149.png,0.0,0,0.76214,0.83757,92,29
test_149.png,0.21,8,0.76132,0.83761,45,29
test_149.png,0.52,19,0.76017,0.83711,35,29
test_149.png,1.04,37,0.75855,0.83674,28,29
test_149.png,2.08,75,0.75698,0.83347,25,28
test_149.png,5.21,188,0.75533,0.83095,23,27
test_149.png,10.42,375,0.7422,0.81997,17,27
test_150.png,0.0,0,0.76998,0.82043,100,21
test_150.png,0.21,8,0.7692,0.82179,42,21
test_150.png,0.52,19,0.76881,0.82194,32,21
test_150.png,1.04,37,0.76886,0.82254,30,21
test_150.png,2.08,75,0.7679,0.81957,27,21
test_150.png,5.21,188,0.76237,0.80864,23,20
test_150.png,10.42,375,0.7473,0.7995,18,18
test_151.png,0.0,0,0.82672,0.88672,71,32
test_151.png,0.21,8,0.82718,0.89119,27,32
test_151.png,0.52,19,0.82754,0.89297,21,32
test_151.png,1.04,37,0.82768,0.89307,17,32
test_151.png,2.08,75,0.82856,0.89548,14,32
test_151.png,5.21,188,0.83088,0.89922,6,31
test_151.png,10.42,375,0.83292,0.9015,5,31
test_152.png,0.0,0,0.84771,0.93907,39,25
test_152.png,0.21,8,0.84747,0.93912,24,25
test_152.png,0.52,19,0.84713,0.93894,20,25
test_152.png,1.04,37,0.84696,0.93852,19,25
test_152.png,2.08,75,0.84649,0.93791,18,25
test_152.png,5.21,188,0.84362,0.93509,15,23
test_152.png,10.42,375,0.83266,0.92358,10,21
test_153.png,0.0,0,0.81861,0.88086,74,13
test_153.png,0.21,8,0.81905,0.88485,36,13
test_153.png,0.52,19,0.81973,0.88874,24,13
test_153.png,1.04,37,0.82134,0.89525,13,13
test_153.png,2.08,75,0.82175,0.89636,10,13
test_153.png,5.21,188,0.82589,0.90491,0,10
test_153.png,10.42,375,0.82589,0.90491,0,10
test_154.png,0.0,0,0.85623,0.88444,63,18
test_154.png,0.21,8,0.8566,0.88767,24,18
test_154.png,0.52,19,0.85704,0.8895,16,18
test_154.png,1.04,37,0.85755,0.89062,11,18
test_154.png,2.08,75,0.85948,0.89539,5,21
test_154.png,5.21,188,0.85986,0.89519,3,21
test_154.png,10.42,375,0.85986,0.89519,3,21
test_155.png,0.0,0,0.34051,0.39256,174,48
test_155.png,0.21,8,0.34091,0.39645,84,48
test_155.png,0.52,19,0.34112,0.39774,66,48
test_155.png,1.04,37,0.34181,0.40026,52,48
test_155.png,2.08,75,0.34266,0.4033,41,47
test_155.png,5.21,188,0.34166,0.40492,34,47
test_155.png,10.42,375,0.33975,0.4022,27,47
test_156.png,0.0,0,0.76796,0.81963,79,22
test_156.png,0.21,8,0.76746,0.82062,32,22
test_156.png,0.52,19,0.76705,0.82125,23,22
test_156.png,1.04,37,0.76685,0.82145,21,22
test_156.png,2.08,75,0.76711,0.82393,18,22
test_156.png,5.21,188,0.76233,0.81994,12,21
test_156.png,10.42,375,0.75833,0.8149,10,21
test_157.png,0.0,0,0.88946,0.89682,77,33
test_157.png,0.21,8,0.89015,0.90341,36,33
test_157.png,0.52,19,0.89133,0.90955,22,32
test_157.png,1.04,37,0.8923,0.9127,17,32
test_157.png,2.08,75,0.89549,0.92166,9,32
test_157.png,5.21,188,0.89957,0.93279,4,32
test_157.png,10.42,375,0.90773,0.95446,0,28
test_158.png,0.0,0,0.93494,0.98791,8,2
test_158.png,0.21,8,0.93502,0.98908,3,2
test_158.png,0.52,19,0.93508,0.98955,2,2
test_158.png,1.04,37,0.93533,0.99048,1,2
test_158.png,2.08,75,0.93533,0.99048,1,2
test_158.png,5.21,188,0.93594,0.99201,0,2
test_158.png,10.42,375,0.93594,0.99201,0,2
test_159.png,0.0,0,0.63287,0.70914,95,22
test_159.png,0.21,8,0.63147,0.70909,50,22
test_159.png,0.52,19,0.63017,0.70712,37,22
test_159.png,1.04,37,0.62858,0.70774,31,21
test_159.png,2.08,75,0.62525,0.70792,26,21
test_159.png,5.21,188,0.61825,0.70579,20,20
test_159.png,10.42,375,0.59626,0.67908,14,19
test_160.png,0.0,0,0.74697,0.7855,68,8
test_160.png,0.21,8,0.74645,0.7849,29,8
test_160.png,0.52,19,0.74538,0.78325,16,8
test_160.png,1.04,37,0.74492,0.78321,12,8
test_160.png,2.08,75,0.74291,0.77952,5,8
test_160.png,5.21,188,0.74202,0.78002,2,8
test_160.png,10.42,375,0.74,0.77447,0,8
test_161.png,0.0,0,0.74382,0.79026,94,2
test_161.png,0.21,8,0.74443,0.79334,51,2
test_161.png,0.52,19,0.74466,0.79476,40,2
test_161.png,1.04,37,0.74412,0.79391,29,2
test_161.png,2.08,75,0.74296,0.79197,23,2
test_161.png,5.21,188,0.7439,0.79412,14,0
test_161.png,10.42,375,0.74302,0.79262,10,0
test_162.png,0.0,0,0.66357,0.66624,163,6
test_162.png,0.21,8,0.66256,0.66641,82,6
test_162.png,0.52,19,0.66156,0.66528,65,5
test_162.png,1.04,37,0.66053,0.66645,55,5
test_162.png,2.08,75,0.65157,0.65319,34,1
test_162.png,5.21,188,0.63909,0.6367,23,7
test_162.png,10.42,375,0.61849,0.61122,11,14
test_163.png,0.0,0,0.85802,0.91661,45,25
test_163.png,0.21,8,0.85804,0.91729,20,25
test_163.png,0.52,19,0.85795,0.91719,16,25
test_163.png,1.04,37,0.85845,0.91844,10,25
test_163.png,2.08,75,0.85825,0.91807,6,25
test_163.png,5.21,188,0.85763,0.9174,5,25
test_163.png,10.42,375,0.85415,0.9126,3,25
test_164.png,0.0,0,0.90249,0.98896,10,1
test_164.png,0.21,8,0.9025,0.98919,4,1
test_164.png,0.52,19,0.9025,0.98919,4,1
test_164.png,1.04,37,0.9025,0.98919,4,1
test_164.png,2.08,75,0.90225,0.98862,3,1
test_164.png,5.21,188,0.90079,0.98637,1,0
test_164.png,10.42,375,0.90079,0.98637,1,0
test_165.png,0.0,0,0.78344,0.8551,141,39
test_165.png,0.21,8,0.7823,0.85455,80,39
test_165.png,0.52,19,0.78093,0.85374,65,39
test_165.png,1.04,37,0.77887,0.85072,56,40
test_165.png,2.08,75,0.77445,0.84445,46,41
test_165.png,5.21,188,0.76869,0.83815,40,41
test_165.png,10.42,375,0.71317,0.77693,21,44
test_166.png,0.0,0,0.91617,0.9807,6,6
test_166.png,0.21,8,0.91617,0.98101,2,6
test_166.png,0.52,19,0.9161,0.98094,1,6
test_166.png,1.04,37,0.9161,0.98094,1,6
test_166.png,2.08,75,0.9158,0.98048,0,6
test_166.png,5.21,188,0.9158,0.98048,0,6
test_166.png,10.42,375,0.9158,0.98048,0,6
test_167.png,0.0,0,0.83916,0.91449,73,23
test_167.png,0.21,8,0.83868,0.91472,45,23
test_167.png,0.52,19,0.8384,0.9143,40,23
test_167.png,1.04,37,0.83801,0.91345,38,23
test_167.png,2.08,75,0.83658,0.91007,34,23
test_167.png,5.21,188,0.8248,0.89549,22,23
test_167.png,10.42,375,0.81366,0.87723,16,24
test_168.png,0.0,0,0.83935,0.88666,66,39
test_168.png,0.21,8,0.83938,0.89097,18,39
test_168.png,0.52,19,0.83923,0.89137,14,39
test_168.png,1.04,37,0.83961,0.89343,10,39
test_168.png,2.08,75,0.84135,0.89854,6,38
test_168.png,5.21,188,0.84135,0.89854,6,38
test_168.png,10.42,375,0.84298,0.90359,3,38
test_169.png,0.0,0,0.76179,0.7611,105,98
test_169.png,0.21,8,0.76228,0.76575,40,98
test_169.png,0.52,19,0.76275,0.7682,30,98
test_169.png,1.04,37,0.76328,0.76994,22,98
test_169.png,2.08,75,0.76495,0.77401,16,98
test_169.png,5.21,188,0.76683,0.77587,8,98
test_169.png,10.42,375,0.76334,0.7672,6,98
test_170.png,0.0,0,0.87098,0.92699,49,16
test_170.png,0.21,8,0.87116,0.92866,18,16
test_170.png,0.52,19,0.87145,0.93045,12,16
test_170.png,1.04,37,0.87167,0.93136,10,16
test_170.png,2.08,75,0.87206,0.93266,7,16
test_170.png,5.21,188,0.87144,0.93118,4,16
test_170.png,10.42,375,0.87032,0.92893,3,16
test_171.png,0.0,0,0.39318,0.43375,317,26
test_171.png,0.21,8,0.39134,0.43292,174,26
test_171.png,0.52,19,0.38943,0.43206,140,26
test_171.png,1.04,37,0.38636,0.43004,116,25
test_171.png,2.08,75,0.37757,0.42043,87,25
test_171.png,5.21,188,0.35902,0.40375,52,20
test_171.png,10.42,375,0.31284,0.36445,24,9
test_172.png,0.0,0,0.39995,0.44507,340,8
test_172.png,0.21,8,0.3977,0.44414,180,8
test_172.png,0.52,19,0.39412,0.44256,127,8
test_172.png,1.04,37,0.391,0.44221,100,8
test_172.png,2.08,75,0.3885,0.44578,73,6
test_172.png,5.21,188,0.35901,0.41754,44,0
test_172.png,10.42,375,0.3216,0.3951,22,5
test_173.png,0.0,0,0.86615,0.97043,30,9
test_173.png,0.21,8,0.86585,0.97105,8,9
test_173.png,0.52,19,0.86577,0.97105,7,9
test_173.png,1.04,37,0.86521,0.97045,5,9
test_173.png,2.08,75,0.86462,0.97015,4,9
test_173.png,5.21,188,0.86308,0.96905,3,9
test_173.png,10.42,375,0.85998,0.96534,2,9
test_174.png,0.0,0,0.34781,0.3951,444,81
test_174.png,0.21,8,0.34638,0.39552,231,81
test_174.png,0.52,19,0.34506,0.39685,173,81
test_174.png,1.04,37,0.34159,0.39298,139,80
test_174.png,2.08,75,0.33934,0.39516,100,79
test_174.png,5.21,188,0.32253,0.38001,54,69
test_174.png,10.42,375,0.30572,0.36364,30,57
test_175.png,0.0,0,0.70638,0.82744,10,7
test_175.png,0.21,8,0.70628,0.82718,4,7
test_175.png,0.52,19,0.70637,0.82754,2,7
test_175.png,1.04,37,0.70637,0.82754,2,7
test_175.png,2.08,75,0.70637,0.82754,2,7
test_175.png,5.21,188,0.70706,0.82917,1,7
test_175.png,10.42,375,0.70706,0.82917,1,7
test_176.png,0.0,0,0.7648,0.86177,27,4
test_176.png,0.21,8,0.76481,0.86219,15,4
test_176.png,0.52,19,0.76499,0.86329,13,4
test_176.png,1.04,37,0.7655,0.86468,10,4
test_176.png,2.08,75,0.76736,0.87006,2,4
test_176.png,5.21,188,0.76884,0.87364,0,4
test_176.png,10.42,375,0.76884,0.87364,0,4
test_177.png,0.0,0,0.71366,0.88423,57,29
test_177.png,0.21,8,0.71382,0.88685,14,29
test_177.png,0.52,19,0.71406,0.88783,6,29
test_177.png,1.04,37,0.71406,0.88783,6,29
test_177.png,2.08,75,0.71487,0.88933,3,29
test_177.png,5.21,188,0.71491,0.88979,2,29
test_177.png,10.42,375,0.71397,0.88758,1,29
test_178.png,0.0,0,0.63987,0.68523,291,71
test_178.png,0.21,8,0.63892,0.6888,135,71
test_178.png,0.52,19,0.63858,0.69129,103,71
test_178.png,1.04,37,0.63642,0.69002,82,71
test_178.png,2.08,75,0.63347,0.69185,58,69
test_178.png,5.21,188,0.62369,0.68686,39,65
test_178.png,10.42,375,0.60448,0.66528,27,61
test_179.png,0.0,0,0.7234,0.91708,26,13
test_179.png,0.21,8,0.72344,0.91765,10,13
test_179.png,0.52,19,0.72331,0.91782,7,13
test_179.png,1.04,37,0.72323,0.91771,5,13
test_179.png,2.08,75,0.72253,0.9169,3,13
test_179.png,5.21,188,0.7253,0.92027,0,13
test_179.png,10.42,375,0.7253,0.92027,0,13
test_180.png,0.0,0,0.69632,0.89995,27,4
test_180.png,0.21,8,0.69644,0.90087,7,4
test_180.png,0.52,19,0.69667,0.90168,2,4
test_180.png,1.04,37,0.69654,0.90163,1,4
test_180.png,2.08,75,0.69677,0.90245,0,4
test_180.png,5.21,188,0.69677,0.90245,0,4
test_180.png,10.42,375,0.69677,0.90245,0,4
test_181.png,0.0,0,0.72286,0.87895,65,12
test_181.png,0.21,8,0.72324,0.88138,32,12
test_181.png,0.52,19,0.72422,0.8851,14,12
test_181.png,1.04,37,0.72401,0.88469,10,12
test_181.png,2.08,75,0.7247,0.88556,7,12
test_181.png,5.21,188,0.72545,0.88703,4,12
test_181.png,10.42,375,0.72657,0.8873,2,12
test_182.png,0.0,0,0.73821,0.78636,101,6
test_182.png,0.21,8,0.7379,0.78768,42,6
test_182.png,0.52,19,0.73773,0.78877,29,6
test_182.png,1.04,37,0.73832,0.7914,25,6
test_182.png,2.08,75,0.73833,0.7931,19,6
test_182.png,5.21,188,0.73469,0.78963,15,6
test_182.png,10.42,375,0.72377,0.78113,7,9
test_183.png,0.0,0,0.40462,0.43654,299,24
test_183.png,0.21,8,0.40168,0.43516,156,24
test_183.png,0.52,19,0.39835,0.43234,117,23
test_183.png,1.04,37,0.39621,0.4326,93,23
test_183.png,2.08,75,0.38939,0.42849,67,22
test_183.png,5.21,188,0.36849,0.41177,37,18
test_183.png,10.42,375,0.31271,0.35413,20,15
test_184.png,0.0,0,0.67909,0.7829,182,244
test_184.png,0.21,8,0.67935,0.78434,87,244
test_184.png,0.52,19,0.67863,0.78383,58,244
test_184.png,1.04,37,0.67841,0.7835,44,244
test_184.png,2.08,75,0.67686,0.78138,31,244
test_184.png,5.21,188,0.66759,0.77001,17,246
test_184.png,10.42,375,0.65543,0.75527,7,248
test_185.png,0.0,0,0.85838,0.95991,25,17
test_185.png,0.21,8,0.85802,0.96015,10,17
test_185.png,0.52,19,0.85802,0.96015,10,17
test_185.png,1.04,37,0.85777,0.96004,9,17
test_185.png,2.08,75,0.85777,0.96004,9,17
test_185.png,5.21,188,0.85608,0.95866,8,17
test_185.png,10.42,375,0.85608,0.95866,8,17
test_186.png,0.0,0,0.43138,0.4797,429,49
test_186.png,0.21,8,0.42944,0.47983,224,49
test_186.png,0.52,19,0.42736,0.48197,164,49
test_186.png,1.04,37,0.42497,0.48126,131,47
test_186.png,2.08,75,0.42369,0.48793,97,46
test_186.png,5.21,188,0.40926,0.47671,67,43
test_186.png,10.42,375,0.34979,0.4127,26,19
test_187.png,0.0,0,0.50339,0.55843,356,54
test_187.png,0.21,8,0.50205,0.55947,180,54
test_187.png,0.52,19,0.50033,0.56305,121,54
test_187.png,1.04,37,0.49929,0.56351,99,53
test_187.png,2.08,75,0.4994,0.56827,75,51
test_187.png,5.21,188,0.49167,0.56538,47,46
test_187.png,10.42,375,0.48161,0.55603,32,44
test_188.png,0.0,0,0.49708,0.54049,252,42
test_188.png,0.21,8,0.49753,0.545,123,42
test_188.png,0.52,19,0.49749,0.54679,104,42
test_188.png,1.04,37,0.49783,0.5498,85,42
test_188.png,2.08,75,0.5003,0.55741,60,42
test_188.png,5.21,188,0.50138,0.5612,39,38
test_188.png,10.42,375,0.49931,0.56724,27,27
test_189.png,0.0,0,0.72733,0.91028,34,14
test_189.png,0.21,8,0.72751,0.91155,12,14
test_189.png,0.52,19,0.72741,0.91123,7,14
test_189.png,1.04,37,0.7278,0.91272,4,14
test_189.png,2.08,75,0.72804,0.91306,3,14
test_189.png,5.21,188,0.72852,0.91404,2,14
test_189.png,10.42,375,0.72852,0.91404,2,14
test_190.png,0.0,0,0.51066,0.53049,257,39
test_190.png,0.21,8,0.5087,0.53044,118,39
test_190.png,0.52,19,0.5076,0.53162,89,39
test_190.png,1.04,37,0.50581,0.53188,72,39
test_190.png,2.08,75,0.5054,0.53458,61,39
test_190.png,5.21,188,0.49566,0.53086,42,38
test_190.png,10.42,375,0.46352,0.49509,27,32
test_191.png,0.0,0,0.73058,0.88981,41,4
test_191.png,0.21,8,0.7309,0.89202,13,4
test_191.png,0.52,19,0.73117,0.89329,10,4
test_191.png,1.04,37,0.73149,0.89436,6,4
test_191.png,2.08,75,0.7322,0.89537,4,4
test_191.png,5.21,188,0.73352,0.89722,1,4
test_191.png,10.42,375,0.73505,0.89818,0,4
test_192.png,0.0,0,0.68417,0.82791,81,19
test_192.png,0.21,8,0.68434,0.83086,26,19
test_192.png,0.52,19,0.68484,0.83257,14,19
test_192.png,1.04,37,0.68505,0.83368,10,19
test_192.png,2.08,75,0.68586,0.83589,7,21
test_192.png,5.21,188,0.68742,0.83887,4,21
test_192.png,10.42,375,0.68538,0.83737,3,21
test_193.png,0.0,0,0.75655,0.77518,149,48
test_193.png,0.21,8,0.75736,0.78118,76,48
test_193.png,0.52,19,0.75894,0.78745,53,48
test_193.png,1.04,37,0.76091,0.79416,40,48
test_193.png,2.08,75,0.76537,0.80551,25,45
test_193.png,5.21,188,0.77847,0.83184,6,43
test_193.png,10.42,375,0.78142,0.83579,4,43
test_194.png,0.0,0,0.78213,0.82063,128,10
test_194.png,0.21,8,0.78227,0.82415,47,10
test_194.png,0.52,19,0.78193,0.82581,32,10
test_194.png,1.04,37,0.7814,0.82631,27,9
test_194.png,2.08,75,0.78158,0.82868,22,9
test_194.png,5.21,188,0.7793,0.82852,17,9
test_194.png,10.42,375,0.76412,0.81317,11,8
test_195.png,0.0,0,0.4252,0.47643,318,23
test_195.png,0.21,8,0.42293,0.4774,163,23
test_195.png,0.52,19,0.41967,0.47743,114,23
test_195.png,1.04,37,0.41559,0.47473,92,23
test_195.png,2.08,75,0.41338,0.47491,75,21
test_195.png,5.21,188,0.39114,0.45697,46,14
test_195.png,10.42,375,0.35742,0.42569,25,8
test_196.png,0.0,0,0.81981,0.90677,79,18
test_196.png,0.21,8,0.81977,0.90961,41,18
test_196.png,0.52,19,0.81954,0.9116,31,18
test_196.png,1.04,37,0.81933,0.91483,22,18
test_196.png,2.08,75,0.81926,0.91479,20,18
test_196.png,5.21,188,0.81747,0.91534,15,18
test_196.png,10.42,375,0.80882,0.90588,12,17
test_197.png,0.0,0,0.62157,0.67831,223,30
test_197.png,0.21,8,0.62015,0.68087,115,30
test_197.png,0.52,19,0.61905,0.68679,78,30
test_197.png,1.04,37,0.61718,0.68938,60,29
test_197.png,2.08,75,0.61604,0.69304,46,29
test_197.png,5.21,188,0.60835,0.69161,31,27
test_197.png,10.42,375,0.58884,0.67575,21,24
test_198.png,0.0,0,0.43442,0.48194,447,59
test_198.png,0.21,8,0.43327,0.48447,231,59
test_198.png,0.52,19,0.43048,0.48349,168,59
test_198.png,1.04,37,0.42907,0.48228,130,59
test_198.png,2.08,75,0.42215,0.48275,80,57
test_198.png,5.21,188,0.41793,0.48527,59,53
test_198.png,10.42,375,0.3835,0.44254,29,40
test_199.png,0.0,0,0.69976,0.76974,189,32
test_199.png,0.21,8,0.69887,0.77026,105,32
test_199.png,0.52,19,0.69875,0.7726,82,31
test_199.png,1.04,37,0.69872,0.77679,70,31
test_199.png,2.08,75,0.69739,0.78184,53,29
test_199.png,5.21,188,0.68876,0.77855,41,25
test_199.png,10.42,375,0.6764,0.77337,28,25
test_200.png,0.0,0,0.44366,0.48764,209,34
test_200.png,0.21,8,0.44361,0.49193,98,34
test_200.png,0.52,19,0.44368,0.49484,67,33
test_200.png,1.04,37,0.44387,0.49656,54,33
test_200.png,2.08,75,0.4447,0.50108,43,32
test_200.png,5.21,188,0.4416,0.49588,29,29
test_200.png,10.42,375,0.43274,0.48509,25,29
test_201.png,0.0,0,0.68586,0.77503,153,3
test_201.png,0.21,8,0.68623,0.77925,76,3
test_201.png,0.52,19,0.68663,0.78307,50,3
test_201.png,1.04,37,0.68758,0.78566,40,4
test_201.png,2.08,75,0.68873,0.7891,25,4
test_201.png,5.21,188,0.69038,0.79165,16,8
test_201.png,10.42,375,0.68923,0.79059,11,11
test_202.png,0.0,0,0.6263,0.66654,259,47
test_202.png,0.21,8,0.62624,0.67213,129,47
test_202.png,0.52,19,0.62717,0.67915,94,47
test_202.png,1.04,37,0.62814,0.68399,78,46
test_202.png,2.08,75,0.62821,0.6884,55,42
test_202.png,5.21,188,0.61879,0.67816,41,40
test_202.png,10.42,375,0.61942,0.68004,30,36
test_203.png,0.0,0,0.76558,0.94887,20,4
test_203.png,0.21,8,0.76576,0.95013,3,4
test_203.png,0.52,19,0.76603,0.95131,0,4
test_203.png,1.04,37,0.76603,0.95131,0,4
test_203.png,2.08,75,0.76603,0.95131,0,4
test_203.png,5.21,188,0.76603,0.95131,0,4
test_203.png,10.42,375,0.76603,0.95131,0,4
test_204.png,0.0,0,0.7417,0.91181,27,1
test_204.png,0.21,8,0.74177,0.91286,5,1
test_204.png,0.52,19,0.74177,0.91286,5,1
test_204.png,1.04,37,0.74215,0.9138,2,1
test_204.png,2.08,75,0.74206,0.91403,0,1
test_204.png,5.21,188,0.74206,0.91403,0,1
test_204.png,10.42,375,0.74206,0.91403,0,1
test_205.png,0.0,0,0.74216,0.7999,160,9
test_205.png,0.21,8,0.74158,0.80173,75,9
test_205.png,0.52,19,0.74134,0.80324,63,9
test_205.png,1.04,37,0.74106,0.80605,51,7
test_205.png,2.08,75,0.73848,0.80295,47,7
test_205.png,5.21,188,0.72764,0.79717,34,2
test_205.png,10.42,375,0.69443,0.7627,23,1
test_206.png,0.0,0,0.8436,0.94733,39,8
test_206.png,0.21,8,0.84365,0.94835,11,8
test_206.png,0.52,19,0.84365,0.94846,9,8
test_206.png,1.04,37,0.84328,0.94817,7,8
test_206.png,2.08,75,0.84364,0.94878,6,8
test_206.png,5.21,188,0.842,0.9472,3,9
test_206.png,10.42,375,0.842,0.9472,3,9
test_207.png,0.0,0,0.29239,0.33462,333,22
test_207.png,0.21,8,0.29054,0.33311,170,22
test_207.png,0.52,19,0.28792,0.33153,132,22
test_207.png,1.04,37,0.2834,0.32346,110,22
test_207.png,2.08,75,0.27401,0.30997,87,20
test_207.png,5.21,188,0.26387,0.30125,59,16
test_207.png,10.42,375,0.19239,0.21924,30,7
test_208.png,0.0,0,0.76164,0.79937,99,54
test_208.png,0.21,8,0.7616,0.80196,41,54
test_208.png,0.52,19,0.76242,0.80591,26,54
test_208.png,1.04,37,0.76183,0.80558,22,54
test_208.png,2.08,75,0.76243,0.80764,17,54
test_208.png,5.21,188,0.76093,0.80617,7,52
test_208.png,10.42,375,0.76093,0.80617,7,52
test_209.png,0.0,0,0.54379,0.46411,173,35
test_209.png,0.21,8,0.54314,0.46379,107,35
test_209.png,0.52,19,0.54238,0.46335,89,34
test_209.png,1.04,37,0.54047,0.46337,78,34
test_209.png,2.08,75,0.53538,0.46474,59,31
test_209.png,5.21,188,0.53242,0.46695,28,30
test_209.png,10.42,375,0.51112,0.45767,18,27
test_210.png,0.0,0,0.76699,0.87017,86,13
test_210.png,0.21,8,0.76747,0.87428,34,13
test_210.png,0.52,19,0.76813,0.87787,18,13
test_210.png,1.04,37,0.76917,0.88101,10,13
test_210.png,2.08,75,0.77001,0.88273,8,12
test_210.png,5.21,188,0.77204,0.88537,5,11
test_210.png,10.42,375,0.77295,0.88697,4,10
test_211.png,0.0,0,0.80011,0.91549,77,30
test_211.png,0.21,8,0.79955,0.91574,37,30
test_211.png,0.52,19,0.7995,0.91735,30,30
test_211.png,1.04,37,0.79914,0.91908,24,30
test_211.png,2.08,75,0.79851,0.9206,18,30
test_211.png,5.21,188,0.79553,0.91826,14,30
test_211.png,10.42,375,0.7953,0.92224,12,25
test_212.png,0.0,0,0.71018,0.84686,63,8
test_212.png,0.21,8,0.71062,0.84975,16,8
test_212.png,0.52,19,0.7111,0.85191,7,8
test_212.png,1.04,37,0.71156,0.85304,4,8
test_212.png,2.08,75,0.71186,0.8543,1,8
test_212.png,5.21,188,0.71186,0.8543,1,8
test_212.png,10.42,375,0.71313,0.85627,0,8
test_213.png,0.0,0,0.47406,0.51607,276,47
test_213.png,0.21,8,0.47247,0.5158,142,47
test_213.png,0.52,19,0.47174,0.51736,112,46
test_213.png,1.04,37,0.46774,0.51444,84,45
test_213.png,2.08,75,0.46104,0.50307,67,43
test_213.png,5.21,188,0.44498,0.48176,39,36
test_213.png,10.42,375,0.42289,0.45991,28,30
test_214.png,0.0,0,0.75946,0.89703,53,2
test_214.png,0.21,8,0.75961,0.89856,15,2
test_214.png,0.52,19,0.7598,0.89908,12,2
test_214.png,1.04,37,0.75986,0.89977,9,2
test_214.png,2.08,75,0.76013,0.90053,6,2
test_214.png,5.21,188,0.762,0.90067,2,2
test_214.png,10.42,375,0.76149,0.90012,1,2
test_215.png,0.0,0,0.72884,0.89187,54,16
test_215.png,0.21,8,0.72933,0.89464,17,16
test_215.png,0.52,19,0.72984,0.89638,6,16
test_215.png,1.04,37,0.72999,0.89691,5,16
test_215.png,2.08,75,0.73025,0.89755,4,16
test_215.png,5.21,188,0.73095,0.89841,3,16
test_215.png,10.42,375,0.73223,0.89973,2,16
test_216.png,0.0,0,0.69015,0.72371,211,46
test_216.png,0.21,8,0.69073,0.72982,86,46
test_216.png,0.52,19,0.69178,0.73577,55,46
test_216.png,1.04,37,0.69249,0.73922,38,46
test_216.png,2.08,75,0.695,0.74562,28,44
test_216.png,5.21,188,0.69737,0.7529,11,44
test_216.png,10.42,375,0.69981,0.75922,7,39
test_217.png,0.0,0,0.86296,0.96794,12,2
test_217.png,0.21,8,0.86306,0.96842,4,2
test_217.png,0.52,19,0.86306,0.96842,4,2
test_217.png,1.04,37,0.86336,0.96923,2,2
test_217.png,2.08,75,0.86336,0.96923,2,2
test_217.png,5.21,188,0.86336,0.96923,2,2
test_217.png,10.42,375,0.86313,0.96807,1,3
test_218.png,0.0,0,0.39125,0.4428,333,25
test_218.png,0.21,8,0.38846,0.4415,164,25
test_218.png,0.52,19,0.38548,0.43797,125,25
test_218.png,1.04,37,0.38178,0.43619,103,24
test_218.png,2.08,75,0.36582,0.41973,74,19
test_218.png,5.21,188,0.36035,0.42224,48,12
test_218.png,10.42,375,0.29379,0.35649,21,5
test_219.png,0.0,0,0.58363,0.54147,160,52
test_219.png,0.21,8,0.58311,0.54257,73,52
test_219.png,0.52,19,0.5822,0.54122,48,51
test_219.png,1.04,37,0.5814,0.54105,41,51
test_219.png,2.08,75,0.5802,0.54347,30,49
test_219.png,5.21,188,0.5805,0.54913,17,47
test_219.png,10.42,375,0.58298,0.55229,14,47
test_220.png,0.0,0,0.45306,0.29644,250,30
test_220.png,0.21,8,0.45216,0.29588,128,30
test_220.png,0.52,19,0.45082,0.29468,97,30
test_220.png,1.04,37,0.4464,0.29304,75,30
test_220.png,2.08,75,0.44203,0.29153,58,29
test_220.png,5.21,188,0.43317,0.26961,33,26
test_220.png,10.42,375,0.41866,0.25774,18,23
test_221.png,0.0,0,0.47648,0.53898,226,21
test_221.png,0.21,8,0.47509,0.53721,131,21
test_221.png,0.52,19,0.47333,0.53609,105,22
test_221.png,1.04,37,0.47298,0.53732,87,24
test_221.png,2.08,75,0.468,0.53245,68,25
test_221.png,5.21,188,0.45587,0.52269,42,29
test_221.png,10.42,375,0.4179,0.48675,24,32
test_222.png,0.0,0,0.45188,0.44271,174,45
test_222.png,0.21,8,0.45155,0.44434,93,45
test_222.png,0.52,19,0.4527,0.44933,69,45
test_222.png,1.04,37,0.45425,0.45408,52,44
test_222.png,2.08,75,0.45139,0.45121,43,44
test_222.png,5.21,188,0.45909,0.46451,32,41
test_222.png,10.42,375,0.45914,0.45806,17,34
test_223.png,0.0,0,0.80008,0.80117,45,4
test_223.png,0.21,8,0.80025,0.80362,30,4
test_223.png,0.52,19,0.80041,0.80625,21,4
test_223.png,1.04,37,0.80101,0.8103,18,4
test_223.png,2.08,75,0.80139,0.8139,14,4
test_223.png,5.21,188,0.8007,0.82103,9,4
test_223.png,10.42,375,0.80256,0.83751,5,4
test_224.png,0.0,0,0.78692,0.79537,51,11
test_224.png,0.21,8,0.78694,0.79819,28,11
test_224.png,0.52,19,0.78697,0.80099,21,11
test_224.png,1.04,37,0.78733,0.80331,19,11
test_224.png,2.08,75,0.78718,0.8097,12,11
test_224.png,5.21,188,0.78912,0.82235,5,11
test_224.png,10.42,375,0.78912,0.82235,5,11
test_225.png,0.0,0,0.04047,0.01023,201,31
test_225.png,0.21,8,0.04015,0.00906,114,31
test_225.png,0.52,19,0.0397,0.00904,93,31
test_225.png,1.04,37,0.03988,0.00906,78,30
test_225.png,2.08,75,0.03805,0.00903,59,28
test_225.png,5.21,188,0.03413,0.00649,42,25
test_225.png,10.42,375,0.03152,0.00645,24,16
test_226.png,0.0,0,0.23506,0.18585,183,14
test_226.png,0.21,8,0.23456,0.18594,102,14
test_226.png,0.52,19,0.23382,0.18464,78,14
test_226.png,1.04,37,0.23304,0.18487,68,14
test_226.png,2.08,75,0.23115,0.17984,53,14
test_226.png,5.21,188,0.22552,0.18227,36,12
test_226.png,10.42,375,0.20156,0.16006,22,7
test_227.png,0.0,0,0.71965,0.7834,26,25
test_227.png,0.21,8,0.71958,0.78382,10,25
test_227.png,0.52,19,0.7195,0.78459,8,25
test_227.png,1.04,37,0.7195,0.78459,8,25
test_227.png,2.08,75,0.71954,0.78703,5,25
test_227.png,5.21,188,0.71596,0.7867,1,22
test_227.png,10.42,375,0.71596,0.7867,1,22
test_228.png,0.0,0,0.81897,0.82356,57,17
test_228.png,0.21,8,0.81918,0.82654,28,17
test_228.png,0.52,19,0.81953,0.8287,22,17
test_228.png,1.04,37,0.82058,0.83247,17,17
test_228.png,2.08,75,0.82205,0.83658,11,16
test_228.png,5.21,188,0.82435,0.84116,8,15
test_228.png,10.42,375,0.83007,0.8494,5,15
test_229.png,0.0,0,0.89615,0.94216,22,4
test_229.png,0.21,8,0.89634,0.94434,10,4
test_229.png,0.52,19,0.89676,0.94646,6,4
test_229.png,1.04,37,0.89773,0.95276,3,4
test_229.png,2.08,75,0.89848,0.95588,2,4
test_229.png,5.21,188,0.90132,0.96417,0,4
test_229.png,10.42,375,0.90132,0.96417,0,4
test_230.png,0.0,0,0.05362,0.02684,232,17
test_230.png,0.21,8,0.05318,0.02684,128,17
test_230.png,0.52,19,0.05157,0.0267,107,17
test_230.png,1.04,37,0.04878,0.02637,90,17
test_230.png,2.08,75,0.04084,0.02062,64,16
test_230.png,5.21,188,0.03289,0.01739,31,11
test_230.png,10.42,375,0.01917,0.00991,16,6
test_231.png,0.0,0,0.72652,0.75952,65,53
test_231.png,0.21,8,0.7264,0.76058,30,53
test_231.png,0.52,19,0.7264,0.76058,30,53
test_231.png,1.04,37,0.72679,0.76243,25,53
test_231.png,2.08,75,0.72674,0.76428,19,53
test_231.png,5.21,188,0.72905,0.7691,16,51
test_231.png,10.42,375,0.72017,0.75857,10,47
test_232.png,0.0,0,0.48841,0.5422,79,15
test_232.png,0.21,8,0.48808,0.54172,44,15
test_232.png,0.52,19,0.48667,0.53902,32,15
test_232.png,1.04,37,0.48682,0.53955,31,15
test_232.png,2.08,75,0.48526,0.53579,24,14
test_232.png,5.21,188,0.47954,0.52668,17,12
test_232.png,10.42,375,0.47671,0.52499,14,12
test_233.png,0.0,0,0.70863,0.60222,89,34
test_233.png,0.21,8,0.7082,0.60289,45,34
test_233.png,0.52,19,0.70758,0.6034,33,34
test_233.png,1.04,37,0.70796,0.60503,28,32
test_233.png,2.08,75,0.70847,0.60731,24,32
test_233.png,5.21,188,0.7071,0.60823,20,31
test_233.png,10.42,375,0.69165,0.60883,12,29
test_234.png,0.0,0,0.63915,0.53391,58,34
test_234.png,0.21,8,0.63905,0.5347,32,34
test_234.png,0.52,19,0.63836,0.53503,21,34
test_234.png,1.04,37,0.63885,0.53577,18,34
test_234.png,2.08,75,0.64048,0.53844,14,34
test_234.png,5.21,188,0.63985,0.54018,11,34
test_234.png,10.42,375,0.63433,0.54166,8,34
test_235.png,0.0,0,0.72155,0.8868,29,5
test_235.png,0.21,8,0.72171,0.88796,13,5
test_235.png,0.52,19,0.722,0.88893,8,5
test_235.png,1.04,37,0.72267,0.89115,5,5
test_235.png,2.08,75,0.72315,0.89186,4,5
test_235.png,5.21,188,0.72513,0.89584,1,5
test_235.png,10.42,375,0.72513,0.89584,1,5
test_236.png,0.0,0,0.40347,0.23827,133,30
test_236.png,0.21,8,0.40257,0.23786,80,30
test_236.png,0.52,19,0.40113,0.2382,58,30
test_236.png,1.04,37,0.39982,0.23895,42,30
test_236.png,2.08,75,0.39542,0.2388,35,30
test_236.png,5.21,188,0.387,0.233,24,23
test_236.png,10.42,375,0.33813,0.23093,12,16
test_237.png,0.0,0,0.89255,0.92137,35,28
test_237.png,0.21,8,0.89262,0.92253,16,28
test_237.png,0.52,19,0.89282,0.92389,12,28
test_237.png,1.04,37,0.89303,0.925,9,28
test_237.png,2.08,75,0.89376,0.92872,6,26
test_237.png,5.21,188,0.89672,0.93589,2,26
test_237.png,10.42,375,0.8977,0.9381,1,25
test_238.png,0.0,0,0.67747,0.7141,85,16
test_238.png,0.21,8,0.67742,0.71721,47,16
test_238.png,0.52,19,0.67753,0.7209,32,16
test_238.png,1.04,37,0.67802,0.72306,27,16
test_238.png,2.08,75,0.68005,0.72873,22,16
test_238.png,5.21,188,0.6903,0.7517,12,13
test_238.png,10.42,375,0.69323,0.75803,10,13
test_239.png,0.0,0,0.22596,0.24958,255,23
test_239.png,0.21,8,0.22535,0.25041,138,23
test_239.png,0.52,19,0.22439,0.25067,96,22
test_239.png,1.04,37,0.21843,0.24616,69,22
test_239.png,2.08,75,0.21475,0.24339,54,22
test_239.png,5.21,188,0.20252,0.22813,35,17
test_239.png,10.42,375,0.19021,0.21385,25,16
test_240.png,0.0,0,0.35569,0.29425,208,33
test_240.png,0.21,8,0.35465,0.29136,99,33
test_240.png,0.52,19,0.35493,0.29218,86,33
test_240.png,1.04,37,0.3523,0.29005,67,32
test_240.png,2.08,75,0.34815,0.28985,55,32
test_240.png,5.21,188,0.33591,0.27831,35,30
test_240.png,10.42,375,0.33179,0.28256,24,27
test_241.png,0.0,0,0.6693,0.6731,120,19
test_241.png,0.21,8,0.66953,0.67581,70,19
test_241.png,0.52,19,0.66978,0.67708,60,19
test_241.png,1.04,37,0.67151,0.68155,47,19
test_241.png,2.08,75,0.67254,0.68614,39,17
test_241.png,5.21,188,0.67537,0.69739,22,16
test_241.png,10.42,375,0.6812,0.71171,14,15
test_242.png,0.0,0,0.68793,0.73958,158,6
test_242.png,0.21,8,0.68714,0.73978,91,6
test_242.png,0.52,19,0.68631,0.74028,69,6
test_242.png,1.04,37,0.68562,0.74074,54,7
test_242.png,2.08,75,0.68258,0.74047,36,9
test_242.png,5.21,188,0.675,0.73156,22,10
test_242.png,10.42,375,0.66944,0.72596,18,10
test_243.png,0.0,0,0.90683,0.9899,1,4
test_243.png,0.21,8,0.90684,0.99002,0,4
test_243.png,0.52,19,0.90684,0.99002,0,4
test_243.png,1.04,37,0.90684,0.99002,0,4
test_243.png,2.08,75,0.90684,0.99002,0,4
test_243.png,5.21,188,0.90684,0.99002,0,4
test_243.png,10.42,375,0.90684,0.99002,0,4
test_244.png,0.0,0,0.58198,0.56778,93,25
test_244.png,0.21,8,0.58183,0.56898,55,25
test_244.png,0.52,19,0.58134,0.57153,43,25
test_244.png,1.04,37,0.5812,0.57394,35,24
test_244.png,2.08,75,0.57977,0.57498,27,24
test_244.png,5.21,188,0.57136,0.56742,21,24
test_244.png,10.42,375,0.5601,0.55186,14,22
test_245.png,0.0,0,0.62462,0.62303,91,52
test_245.png,0.21,8,0.62372,0.62217,47,52
test_245.png,0.52,19,0.62273,0.62108,41,52
test_245.png,1.04,37,0.62202,0.62071,32,52
test_245.png,2.08,75,0.61939,0.62073,27,51
test_245.png,5.21,188,0.61494,0.62005,18,49
test_245.png,10.42,375,0.60418,0.60713,12,49
test_246.png,0.0,0,0.0172,0.00574,223,28
test_246.png,0.21,8,0.01718,0.00574,139,28
test_246.png,0.52,19,0.01704,0.00569,107,28
test_246.png,1.04,37,0.01627,0.00461,83,28
test_246.png,2.08,75,0.01368,0.0,65,26
test_246.png,5.21,188,0.01438,0.0,30,23
test_246.png,10.42,375,0.01488,0.0,19,18
test_247.png,0.0,0,0.54352,0.57896,97,25
test_247.png,0.21,8,0.54234,0.57866,55,25
test_247.png,0.52,19,0.54114,0.57938,43,25
test_247.png,1.04,37,0.53967,0.58075,37,24
test_247.png,2.08,75,0.53405,0.58042,31,23
test_247.png,5.21,188,0.52568,0.58121,23,23
test_247.png,10.42,375,0.47552,0.55858,11,17
test_248.png,0.0,0,0.94227,0.98392,5,13
test_248.png,0.21,8,0.94234,0.98463,0,13
test_248.png,0.52,19,0.94234,0.98463,0,13
test_248.png,1.04,37,0.94234,0.98463,0,13
test_248.png,2.08,75,0.94234,0.98463,0,13
test_248.png,5.21,188,0.94234,0.98463,0,13
test_248.png,10.42,375,0.94234,0.98463,0,13
test_249.png,0.0,0,0.90114,0.90983,34,35
test_249.png,0.21,8,0.90111,0.91148,10,35
test_249.png,0.52,19,0.90106,0.9121,8,35
test_249.png,1.04,37,0.90091,0.9128,6,35
test_249.png,2.08,75,0.90202,0.91572,1,35
test_249.png,5.21,188,0.9033,0.9191,0,34
test_249.png,10.42,375,0.9033,0.9191,0,34
test_250.png,0.0,0,0.83267,0.83875,35,55
test_250.png,0.21,8,0.83263,0.84003,13,55
test_250.png,0.52,19,0.83288,0.84117,9,55
test_250.png,1.04,37,0.83328,0.84178,5,55
test_250.png,2.08,75,0.83369,0.84322,4,55
test_250.png,5.21,188,0.83369,0.84322,4,55
test_250.png,10.42,375,0.83857,0.85137,2,55
test_251.png,0.0,0,0.32018,0.34588,207,1
test_251.png,0.21,8,0.31987,0.34749,113,1
test_251.png,0.52,19,0.31875,0.34692,85,1
test_251.png,1.04,37,0.31864,0.34815,70,2
test_251.png,2.08,75,0.31851,0.34873,63,2
test_251.png,5.21,188,0.31045,0.34364,42,5
test_251.png,10.42,375,0.29502,0.32595,24,9
test_252.png,0.0,0,0.4311,0.49689,168,1
test_252.png,0.21,8,0.43098,0.49921,95,1
test_252.png,0.52,19,0.43186,0.50292,70,1
test_252.png,1.04,37,0.43276,0.50473,59,1
test_252.png,2.08,75,0.43412,0.5082,52,1
test_252.png,5.21,188,0.42143,0.49065,29,2
test_252.png,10.42,375,0.40665,0.47273,21,2
test_253.png,0.0,0,0.85022,0.93194,40,8
test_253.png,0.21,8,0.85037,0.93404,17,8
test_253.png,0.52,19,0.85058,0.93623,12,8
test_253.png,1.04,37,0.8503,0.93617,10,8
test_253.png,2.08,75,0.85122,0.93912,7,8
test_253.png,5.21,188,0.85342,0.94405,3,8
test_253.png,10.42,375,0.85609,0.9491,1,8
test_254.png,0.0,0,0.82623,0.83676,91,43
test_254.png,0.21,8,0.82654,0.84094,43,43
test_254.png,0.52,19,0.82687,0.84353,32,43
test_254.png,1.04,37,0.82799,0.84867,26,42
test_254.png,2.08,75,0.8296,0.8544,20,42
test_254.png,5.21,188,0.83178,0.8613,10,41
test_254.png,10.42,375,0.83544,0.86822,6,40
test_255.png,0.0,0,0.06302,0.03429,198,6
test_255.png,0.21,8,0.06225,0.03427,118,6
test_255.png,0.52,19,0.06005,0.03055,89,6
test_255.png,1.04,37,0.05874,0.02873,70,6
test_255.png,2.08,75,0.05469,0.02818,50,6
test_255.png,5.21,188,0.04303,0.01348,25,6
test_255.png,10.42,375,0.0223,0.00809,15,5
test_256.png,0.0,0,0.47279,0.20857,120,25
test_256.png,0.21,8,0.4713,0.20801,62,25
test_256.png,0.52,19,0.46938,0.20806,52,25
test_256.png,1.04,37,0.46546,0.20308,39,24
test_256.png,2.08,75,0.45773,0.19501,29,24
test_256.png,5.21,188,0.44637,0.17261,22,23
test_256.png,10.42,375,0.4201,0.15908,15,21
test_257.png,0.0,0,0.79995,0.78608,118,22
test_257.png,0.21,8,0.80039,0.79083,54,22
test_257.png,0.52,19,0.80164,0.79612,38,22
test_257.png,1.04,37,0.80326,0.8039,28,21
test_257.png,2.08,75,0.80444,0.80739,23,21
test_257.png,5.21,188,0.81055,0.82329,11,17
test_257.png,10.42,375,0.82016,0.83762,6,16
test_258.png,0.0,0,0.67419,0.69624,130,11
test_258.png,0.21,8,0.67398,0.69944,66,11
test_258.png,0.52,19,0.67472,0.70307,53,11
test_258.png,1.04,37,0.67538,0.7066,46,10
test_258.png,2.08,75,0.67622,0.71146,38,10
test_258.png,5.21,188,0.67957,0.7239,26,6
test_258.png,10.42,375,0.68767,0.73708,21,6
test_259.png,0.0,0,0.42004,0.44136,214,39
test_259.png,0.21,8,0.42024,0.44406,106,39
test_259.png,0.52,19,0.42043,0.44592,85,39
test_259.png,1.04,37,0.4204,0.44747,73,38
test_259.png,2.08,75,0.41969,0.44873,60,38
test_259.png,5.21,188,0.41264,0.44163,37,36
test_259.png,10.42,375,0.41718,0.44971,27,33
test_260.png,0.0,0,0.13597,0.10925,255,27
test_260.png,0.21,8,0.13525,0.1095,130,27
test_260.png,0.52,19,0.135,0.10883,108,27
test_260.png,1.04,37,0.13229,0.10842,91,25
test_260.png,2.08,75,0.13122,0.10747,71,21
test_260.png,5.21,188,0.12017,0.10267,45,18
test_260.png,10.42,375,0.10111,0.09517,24,11
test_261.png,0.0,0,0.91468,0.97492,12,16
test_261.png,0.21,8,0.91476,0.97558,4,16
test_261.png,0.52,19,0.91476,0.97558,4,16
test_261.png,1.04,37,0.91476,0.97558,4,16
test_261.png,2.08,75,0.91514,0.97646,3,16
test_261.png,5.21,188,0.91572,0.97832,1,16
test_261.png,10.42,375,0.9171,0.98062,0,15
test_262.png,0.0,0,0.68621,0.75274,112,20
test_262.png,0.21,8,0.68591,0.75336,65,20
test_262.png,0.52,19,0.6854,0.75391,51,20
test_262.png,1.04,37,0.68425,0.75325,42,20
test_262.png,2.08,75,0.6817,0.75229,34,20
test_262.png,5.21,188,0.67565,0.74722,21,20
test_262.png,10.42,375,0.66746,0.74009,16,20
test_263.png,0.0,0,0.89291,0.95841,21,7
test_263.png,0.21,8,0.8931,0.95979,7,7
test_263.png,0.52,19,0.89324,0.96013,5,7
test_263.png,1.04,37,0.89359,0.96107,3,7
test_263.png,2.08,75,0.89425,0.96331,1,7
test_263.png,5.21,188,0.89425,0.96331,1,7
test_263.png,10.42,375,0.89556,0.96701,0,5
test_264.png,0.0,0,0.30594,0.3574,204,11
test_264.png,0.21,8,0.30445,0.35599,112,11
test_264.png,0.52,19,0.30221,0.35379,85,11
test_264.png,1.04,37,0.29798,0.3479,68,10
test_264.png,2.08,75,0.29175,0.34063,55,10
test_264.png,5.21,188,0.26579,0.30875,37,8
test_264.png,10.42,375,0.21891,0.25036,23,6
test_265.png,0.0,0,0.29962,0.34405,163,28
test_265.png,0.21,8,0.29957,0.34618,97,28
test_265.png,0.52,19,0.29912,0.34826,71,28
test_265.png,1.04,37,0.29883,0.34791,68,28
test_265.png,2.08,75,0.29624,0.34513,57,28
test_265.png,5.21,188,0.28935,0.34429,33,22
test_265.png,10.42,375,0.28784,0.34845,23,19
test_266.png,0.0,0,0.45194,0.50823,185,0
test_266.png,0.21,8,0.45211,0.51115,105,0
test_266.png,0.52,19,0.45173,0.51218,88,0
test_266.png,1.04,37,0.45108,0.5124,76,0
test_266.png,2.08,75,0.44439,0.5052,59,2
test_266.png,5.21,188,0.43459,0.49285,37,3
test_266.png,10.42,375,0.42175,0.47354,18,6
test_267.png,0.0,0,0.60568,0.63377,56,6
test_267.png,0.21,8,0.60533,0.63521,32,6
test_267.png,0.52,19,0.60521,0.63713,25,6
test_267.png,1.04,37,0.60535,0.6404,20,6
test_267.png,2.08,75,0.60536,0.64358,17,6
test_267.png,5.21,188,0.60645,0.64694,14,6
test_267.png,10.42,375,0.58934,0.64156,9,6
test_268.png,0.0,0,0.65447,0.61669,76,31
test_268.png,0.21,8,0.65361,0.61698,32,31
test_268.png,0.52,19,0.65332,0.61738,29,31
test_268.png,1.04,37,0.65332,0.61738,29,31
test_268.png,2.08,75,0.64636,0.61668,22,31
test_268.png,5.21,188,0.64019,0.61631,13,29
test_268.png,10.42,375,0.63548,0.61482,10,26
test_269.png,0.0,0,0.84954,0.84399,41,39
test_269.png,0.21,8,0.84953,0.84524,20,39
test_269.png,0.52,19,0.84957,0.84627,13,38
test_269.png,1.04,37,0.84926,0.84666,10,38
test_269.png,2.08,75,0.84904,0.84656,9,38
test_269.png,5.21,188,0.85052,0.85117,7,38
test_269.png,10.42,375,0.85409,0.85885,5,36
test_270.png,0.0,0,0.32693,0.36017,233,5
test_270.png,0.21,8,0.32671,0.36103,129,5
test_270.png,0.52,19,0.32523,0.35927,96,5
test_270.png,1.04,37,0.32339,0.35744,81,5
test_270.png,2.08,75,0.32389,0.35901,61,4
test_270.png,5.21,188,0.31528,0.34554,37,2
test_270.png,10.42,375,0.30352,0.33233,23,2
test_271.png,0.0,0,0.73363,0.75089,58,18
test_271.png,0.21,8,0.7341,0.75463,30,18
test_271.png,0.52,19,0.73494,0.75943,22,17
test_271.png,1.04,37,0.73602,0.76373,16,17
test_271.png,2.08,75,0.73798,0.76792,11,16
test_271.png,5.21,188,0.7416,0.77479,8,16
test_271.png,10.42,375,0.74779,0.79043,5,16
test_272.png,0.0,0,0.70656,0.74469,44,11
test_272.png,0.21,8,0.70649,0.74552,27,11
test_272.png,0.52,19,0.70659,0.74732,18,11
test_272.png,1.04,37,0.70638,0.7474,16,11
test_272.png,2.08,75,0.70516,0.74653,13,11
test_272.png,5.21,188,0.70331,0.74338,10,11
test_272.png,10.42,375,0.70195,0.74426,7,11
test_273.png,0.0,0,0.32558,0.16195,117,25
test_273.png,0.21,8,0.32549,0.15931,64,25
test_273.png,0.52,19,0.32502,0.15773,59,25
test_273.png,1.04,37,0.32532,0.15813,49,25
test_273.png,2.08,75,0.32513,0.15231,42,25
test_273.png,5.21,188,0.3228,0.15056,21,19
test_273.png,10.42,375,0.30338,0.14723,18,19
test_274.png,0.0,0,0.76032,0.70889,91,33
test_274.png,0.21,8,0.76129,0.71748,29,33
test_274.png,0.52,19,0.76192,0.72144,22,33
test_274.png,1.04,37,0.7624,0.72479,20,33
test_274.png,2.08,75,0.7628,0.72569,19,32
test_274.png,5.21,188,0.76761,0.73902,14,32
test_274.png,10.42,375,0.77905,0.76471,8,28
test_275.png,0.0,0,0.81319,0.93994,27,18
test_275.png,0.21,8,0.81341,0.94086,14,18
test_275.png,0.52,19,0.81369,0.9416,10,18
test_275.png,1.04,37,0.81398,0.94244,8,18
test_275.png,2.08,75,0.81507,0.94476,5,18
test_275.png,5.21,188,0.81617,0.94734,3,18
test_275.png,10.42,375,0.81617,0.94734,3,18
test_276.png,0.0,0,0.53274,0.52065,172,44
test_276.png,0.21,8,0.53257,0.52336,68,44
test_276.png,0.52,19,0.53142,0.52223,55,44
test_276.png,1.04,37,0.53099,0.52295,44,44
test_276.png,2.08,75,0.5308,0.52376,34,41
test_276.png,5.21,188,0.52903,0.52832,23,41
test_276.png,10.42,375,0.52788,0.52775,18,40
test_277.png,0.0,0,0.17217,0.11887,203,43
test_277.png,0.21,8,0.17199,0.11843,116,43
test_277.png,0.52,19,0.17271,0.11939,95,43
test_277.png,1.04,37,0.17368,0.12029,80,42
test_277.png,2.08,75,0.1731,0.12044,64,40
test_277.png,5.21,188,0.17531,0.12314,40,35
test_277.png,10.42,375,0.15359,0.11601,20,31
test_278.png,0.0,0,0.8774,0.85265,58,22
test_278.png,0.21,8,0.87755,0.85482,31,22
test_278.png,0.52,19,0.87805,0.85736,21,22
test_278.png,1.04,37,0.87817,0.85809,20,22
test_278.png,2.08,75,0.87979,0.86267,12,22
test_278.png,5.21,188,0.88275,0.87465,6,21
test_278.png,10.42,375,0.88547,0.88195,4,20
test_279.png,0.0,0,0.63249,0.58993,136,37
test_279.png,0.21,8,0.63257,0.59344,55,37
test_279.png,0.52,19,0.6326,0.59592,42,37
test_279.png,1.04,37,0.63184,0.59542,35,37
test_279.png,2.08,75,0.63265,0.59951,27,35
test_279.png,5.21,188,0.62817,0.59445,21,33
test_279.png,10.42,375,0.63629,0.611,17,31
test_280.png,0.0,0,0.83036,0.68381,106,9
test_280.png,0.21,8,0.83131,0.6904,52,9
test_280.png,0.52,19,0.83185,0.69334,46,9
test_280.png,1.04,37,0.83332,0.69951,37,9
test_280.png,2.08,75,0.83695,0.71404,27,9
test_280.png,5.21,188,0.84612,0.74431,16,8
test_280.png,10.42,375,0.87069,0.8525,3,7
test_281.png,0.0,0,0.50542,0.45853,214,92
test_281.png,0.21,8,0.50628,0.46324,82,92
test_281.png,0.52,19,0.50728,0.46631,59,92
test_281.png,1.04,37,0.50727,0.46692,52,92
test_281.png,2.08,75,0.50897,0.47059,41,92
test_281.png,5.21,188,0.51435,0.48174,25,90
test_281.png,10.42,375,0.5217,0.49141,19,83
test_282.png,0.0,0,0.75338,0.85368,30,31
test_282.png,0.21,8,0.75362,0.85505,8,31
test_282.png,0.52,19,0.7539,0.85576,5,31
test_282.png,1.04,37,0.7539,0.85576,5,31
test_282.png,2.08,75,0.75435,0.85648,3,31
test_282.png,5.21,188,0.75435,0.85648,3,31
test_282.png,10.42,375,0.75894,0.86919,1,30
test_283.png,0.0,0,0.8997,0.88075,27,7
test_283.png,0.21,8,0.89984,0.88187,16,7
test_283.png,0.52,19,0.90016,0.88357,12,7
test_283.png,1.04,37,0.90049,0.88452,10,7
test_283.png,2.08,75,0.90117,0.88659,8,7
test_283.png,5.21,188,0.90264,0.8913,6,7
test_283.png,10.42,375,0.9054,0.89704,4,6
test_284.png,0.0,0,0.60136,0.48635,48,13
test_284.png,0.21,8,0.60209,0.49084,26,13
test_284.png,0.52,19,0.60243,0.49235,24,13
test_284.png,1.04,37,0.60283,0.49375,23,13
test_284.png,2.08,75,0.60636,0.50256,18,13
test_284.png,5.21,188,0.61676,0.53097,12,10
test_284.png,10.42,375,0.62048,0.53527,11,10
test_285.png,0.0,0,0.11675,0.01139,128,25
test_285.png,0.21,8,0.11525,0.01045,73,25
test_285.png,0.52,19,0.114,0.01045,58,25
test_285.png,1.04,37,0.11332,0.00858,49,25
test_285.png,2.08,75,0.10809,0.00097,44,25
test_285.png,5.21,188,0.09874,0.00097,33,23
test_285.png,10.42,375,0.05736,0.0,17,18
test_286.png,0.0,0,0.68629,0.64977,59,59
test_286.png,0.21,8,0.68655,0.6519,25,59
test_286.png,0.52,19,0.68671,0.65264,19,59
test_286.png,1.04,37,0.68703,0.6533,18,59
test_286.png,2.08,75,0.68911,0.6571,14,58
test_286.png,5.21,188,0.6928,0.66555,9,57
test_286.png,10.42,375,0.70419,0.68079,5,57
test_287.png,0.0,0,0.83883,0.93084,38,24
test_287.png,0.21,8,0.83935,0.93304,13,24
test_287.png,0.52,19,0.83955,0.93392,10,24
test_287.png,1.04,37,0.84041,0.93605,6,24
test_287.png,2.08,75,0.84087,0.93747,5,24
test_287.png,5.21,188,0.84144,0.93903,4,24
test_287.png,10.42,375,0.84487,0.94288,2,24
test_288.png,0.0,0,0.30317,0.26944,157,18
test_288.png,0.21,8,0.30346,0.2716,75,18
test_288.png,0.52,19,0.30381,0.27308,60,18
test_288.png,1.04,37,0.30227,0.27315,50,18
test_288.png,2.08,75,0.29593,0.27182,35,18
test_288.png,5.21,188,0.294,0.27072,22,17
test_288.png,10.42,375,0.28128,0.26919,14,17
test_289.png,0.0,0,0.41154,0.34597,135,44
test_289.png,0.21,8,0.41197,0.3484,74,44
test_289.png,0.52,19,0.41156,0.34693,60,44
test_289.png,1.04,37,0.41262,0.34956,53,44
test_289.png,2.08,75,0.41474,0.35304,38,42
test_289.png,5.21,188,0.42505,0.36908,25,40
test_289.png,10.42,375,0.44161,0.39125,16,35
test_290.png,0.0,0,0.01435,0.00313,72,3
test_290.png,0.21,8,0.01416,0.00313,39,3
test_290.png,0.52,19,0.01219,0.00054,30,3
test_290.png,1.04,37,0.01088,0.00053,22,3
test_290.png,2.08,75,0.00924,0.00053,14,3
test_290.png,5.21,188,0.00499,0.0004,5,5
test_290.png,10.42,375,0.00218,0.0,4,5
test_291.png,0.0,0,0.53811,0.47316,42,15
test_291.png,0.21,8,0.53853,0.4755,21,15
test_291.png,0.52,19,0.53935,0.47887,15,15
test_291.png,1.04,37,0.54134,0.4842,8,14
test_291.png,2.08,75,0.54253,0.48823,6,13
test_291.png,5.21,188,0.54253,0.48823,6,13
test_291.png,10.42,375,0.54253,0.48823,6,13
test_292.png,0.0,0,0.55698,0.66967,37,1
test_292.png,0.21,8,0.55669,0.66902,19,1
test_292.png,0.52,19,0.55641,0.66863,17,1
test_292.png,1.04,37,0.55564,0.66771,13,1
test_292.png,2.08,75,0.55379,0.66525,10,1
test_292.png,5.21,188,0.55306,0.66528,8,1
test_292.png,10.42,375,0.54843,0.66007,6,1
test_293.png,0.0,0,0.8164,0.84857,103,22
test_293.png,0.21,8,0.81704,0.85493,46,22
test_293.png,0.52,19,0.81815,0.85987,27,22
test_293.png,1.04,37,0.81996,0.867,16,22
test_293.png,2.08,75,0.82121,0.86943,13,21
test_293.png,5.21,188,0.82386,0.87584,10,21
test_293.png,10.42,375,0.83689,0.90143,3,19
test_294.png,0.0,0,0.89217,0.96415,21,9
test_294.png,0.21,8,0.89246,0.96512,2,9
test_294.png,0.52,19,0.8926,0.9656,0,9
test_294.png,1.04,37,0.8926,0.9656,0,9
test_294.png,2.08,75,0.89285,0.96627,1,9
test_294.png,5.21,188,0.89295,0.96629,3,9
test_294.png,10.42,375,0.89463,0.96796,4,9
test_295.png,0.0,0,0.7013,0.65698,40,49
test_295.png,0.21,8,0.70123,0.65771,18,49
test_295.png,0.52,19,0.70138,0.65857,16,49
test_295.png,1.04,37,0.70011,0.65659,11,49
test_295.png,2.08,75,0.6996,0.65592,10,49
test_295.png,5.21,188,0.70268,0.66158,6,49
test_295.png,10.42,375,0.70268,0.66158,6,49
test_296.png,0.0,0,0.22383,0.24207,182,18
test_296.png,0.21,8,0.22278,0.24007,110,18
test_296.png,0.52,19,0.22124,0.23967,90,17
test_296.png,1.04,37,0.22058,0.23999,72,16
test_296.png,2.08,75,0.21988,0.24209,55,16
test_296.png,5.21,188,0.20783,0.22804,40,14
test_296.png,10.42,375,0.17244,0.19318,23,12
test_297.png,0.0,0,0.81272,0.8538,77,20
test_297.png,0.21,8,0.81347,0.85772,38,20
test_297.png,0.52,19,0.81451,0.8616,26,20
test_297.png,1.04,37,0.81586,0.86508,20,19
test_297.png,2.08,75,0.81707,0.86699,17,19
test_297.png,5.21,188,0.82035,0.87245,14,19
test_297.png,10.42,375,0.84088,0.89656,4,17
test_298.png,0.0,0,0.53478,0.41151,183,34
test_298.png,0.21,8,0.53626,0.42049,95,34
test_298.png,0.52,19,0.53873,0.42753,69,34
test_298.png,1.04,37,0.54165,0.43421,56,34
test_298.png,2.08,75,0.54728,0.44523,43,34
test_298.png,5.21,188,0.5682,0.47907,22,29
test_298.png,10.42,375,0.58308,0.49872,16,28
test_299.png,0.0,0,0.71987,0.68748,51,40
test_299.png,0.21,8,0.72019,0.69016,23,40
test_299.png,0.52,19,0.72023,0.69026,22,40
test_299.png,1.04,37,0.72126,0.69428,15,40
test_299.png,2.08,75,0.72238,0.69757,11,40
test_299.png,5.21,188,0.72521,0.70342,4,39
test_299.png,10.42,375,0.72521,0.70342,4,39
test_300.png,0.0,0,0.67435,0.54116,93,61
test_300.png,0.21,8,0.67503,0.54509,47,61
test_300.png,0.52,19,0.6757,0.5481,35,61
test_300.png,1.04,37,0.67666,0.55112,30,61
test_300.png,2.08,75,0.67925,0.55663,23,61
test_300.png,5.21,188,0.68685,0.56871,14,61
test_300.png,10.42,375,0.69667,0.58431,9,60
test_301.png,0.0,0,0.79087,0.76588,78,22
test_301.png,0.21,8,0.79159,0.77127,35,22
test_301.png,0.52,19,0.79203,0.77361,30,22
test_301.png,1.04,37,0.79293,0.77765,25,22
test_301.png,2.08,75,0.79569,0.78528,18,22
test_301.png,5.21,188,0.80611,0.81113,7,22
test_301.png,10.42,375,0.81047,0.82131,4,21
test_302.png,0.0,0,0.77743,0.70043,82,40
test_302.png,0.21,8,0.77793,0.70514,38,40
test_302.png,0.52,19,0.77871,0.70808,30,40
test_302.png,1.04,37,0.78092,0.71545,21,39
test_302.png,2.08,75,0.78197,0.72036,14,39
test_302.png,5.21,188,0.79057,0.73816,7,38
test_302.png,10.42,375,0.79684,0.74997,5,38
test_303.png,0.0,0,0.71173,0.50499,132,19
test_303.png,0.21,8,0.71309,0.51123,83,19
test_303.png,0.52,19,0.71524,0.52001,60,19
test_303.png,1.04,37,0.71881,0.53184,44,19
test_303.png,2.08,75,0.73225,0.57992,22,18
test_303.png,5.21,188,0.74865,0.659,9,17
test_303.png,10.42,375,0.75191,0.66824,8,17
test_304.png,0.0,0,0.82849,0.87414,51,16
test_304.png,0.21,8,0.82885,0.87727,24,16
test_304.png,0.52,19,0.82942,0.87936,20,16
test_304.png,1.04,37,0.83055,0.88292,15,16
test_304.png,2.08,75,0.83209,0.88698,11,15
test_304.png,5.21,188,0.8374,0.89455,3,15
test_304.png,10.42,375,0.84032,0.89956,2,15
test_305.png,0.0,0,0.2586,0.22435,222,50
test_305.png,0.21,8,0.25794,0.22474,111,50
test_305.png,0.52,19,0.25727,0.22503,91,50
test_305.png,1.04,37,0.25558,0.2245,71,49
test_305.png,2.08,75,0.25446,0.22345,54,49
test_305.png,5.21,188,0.24154,0.21121,29,46
test_305.png,10.42,375,0.23125,0.20948,16,44
test_306.png,0.0,0,0.93343,0.94482,40,3
test_306.png,0.21,8,0.93417,0.95158,18,3
test_306.png,0.52,19,0.93474,0.95616,13,3
test_306.png,1.04,37,0.93613,0.96259,9,3
test_306.png,2.08,75,0.94179,0.98089,2,1
test_306.png,5.21,188,0.94601,0.9899,0,1
test_306.png,10.42,375,0.94601,0.9899,0,1
test_307.png,0.0,0,0.86101,0.9253,11,12
test_307.png,0.21,8,0.86115,0.92661,5,12
test_307.png,0.52,19,0.86115,0.92661,5,12
test_307.png,1.04,37,0.86143,0.92811,4,12
test_307.png,2.08,75,0.86143,0.92811,4,12
test_307.png,5.21,188,0.86527,0.93657,1,12
test_307.png,10.42,375,0.86723,0.94178,0,12
test_308.png,0.0,0,0.74868,0.74497,95,16
test_308.png,0.21,8,0.74942,0.75039,66,16
test_308.png,0.52,19,0.75217,0.76089,47,16
test_308.png,1.04,37,0.75498,0.76982,32,16
test_308.png,2.08,75,0.76239,0.78544,18,16
test_308.png,5.21,188,0.77033,0.80083,14,14
test_308.png,10.42,375,0.79087,0.82742,9,12
test_309.png,0.0,0,0.87309,0.87406,79,18
test_309.png,0.21,8,0.87356,0.87876,37,18
test_309.png,0.52,19,0.87435,0.88291,27,18
test_309.png,1.04,37,0.87523,0.8876,20,18
test_309.png,2.08,75,0.87699,0.89618,13,17
test_309.png,5.21,188,0.88017,0.9042,10,17
test_309.png,10.42,375,0.88473,0.91811,6,15
test_310.png,0.0,0,0.87323,0.905,44,0
test_310.png,0.21,8,0.87331,0.90666,16,0
test_310.png,0.52,19,0.87341,0.90757,13,0
test_310.png,1.04,37,0.87313,0.90748,11,0
test_310.png,2.08,75,0.8736,0.909,10,0
test_310.png,5.21,188,0.87479,0.91185,5,1
test_310.png,10.42,375,0.87625,0.91453,4,1
test_311.png,0.0,0,0.89081,0.85964,41,14
test_311.png,0.21,8,0.89125,0.86397,14,14
test_311.png,0.52,19,0.89151,0.86647,9,14
test_311.png,1.04,37,0.89231,0.87036,5,14
test_311.png,2.08,75,0.89278,0.87178,4,14
test_311.png,5.21,188,0.89371,0.87488,3,14
test_311.png,10.42,375,0.89523,0.87945,2,14
test_312.png,0.0,0,0.81905,0.88321,18,16
test_312.png,0.21,8,0.81917,0.88435,6,16
test_312.png,0.52,19,0.81943,0.88567,3,16
test_312.png,1.04,37,0.8194,0.88654,1,16
test_312.png,2.08,75,0.8194,0.88654,1,16
test_312.png,5.21,188,0.82007,0.88886,1,16
test_312.png,10.42,375,0.82007,0.88886,1,16
test_313.png,0.0,0,0.28182,0.27728,73,51
test_313.png,0.21,8,0.28198,0.27844,24,51
test_313.png,0.52,19,0.2822,0.27975,14,51
test_313.png,1.04,37,0.28251,0.28121,9,51
test_313.png,2.08,75,0.28269,0.28175,7,51
test_313.png,5.21,188,0.28259,0.28291,2,51
test_313.png,10.42,375,0.28259,0.28291,2,51
test_314.png,0.0,0,0.75124,0.72945,36,5
test_314.png,0.21,8,0.75169,0.73313,22,5
test_314.png,0.52,19,0.75211,0.73514,19,5
test_314.png,1.04,37,0.7523,0.73625,18,5
test_314.png,2.08,75,0.75372,0.74011,15,5
test_314.png,5.21,188,0.75858,0.75088,10,5
test_314.png,10.42,375,0.76948,0.77685,6,5
test_315.png,0.0,0,0.89206,0.91245,23,46
test_315.png,0.21,8,0.89224,0.91347,6,46
test_315.png,0.52,19,0.89237,0.91441,4,46
test_315.png,1.04,37,0.89237,0.91441,4,46
test_315.png,2.08,75,0.89263,0.91527,3,46
test_315.png,5.21,188,0.89344,0.91695,2,46
test_315.png,10.42,375,0.89344,0.91695,2,46
test_316.png,0.0,0,0.18125,0.22384,142,54
test_316.png,0.21,8,0.18025,0.22238,55,54
test_316.png,0.52,19,0.17739,0.21414,43,54
test_316.png,1.04,37,0.17665,0.21451,32,53
test_316.png,2.08,75,0.17601,0.21338,27,53
test_316.png,5.21,188,0.16099,0.19235,17,51
test_316.png,10.42,375,0.12571,0.13789,10,45
test_317.png,0.0,0,0.21057,0.17891,260,35
test_317.png,0.21,8,0.209,0.17718,135,35
test_317.png,0.52,19,0.205,0.16977,111,35
test_317.png,1.04,37,0.20037,0.16912,89,35
test_317.png,2.08,75,0.18947,0.1623,62,34
test_317.png,5.21,188,0.16326,0.14488,32,31
test_317.png,10.42,375,0.09629,0.07693,14,25
test_318.png,0.0,0,0.90065,0.87021,29,15
test_318.png,0.21,8,0.90093,0.8726,12,15
test_318.png,0.52,19,0.90135,0.87513,8,15
test_318.png,1.04,37,0.90163,0.87673,6,15
test_318.png,2.08,75,0.90211,0.87854,5,15
test_318.png,5.21,188,0.90308,0.88321,4,13
test_318.png,10.42,375,0.90752,0.89478,2,6
test_319.png,0.0,0,0.56319,0.58191,83,24
test_319.png,0.21,8,0.56236,0.581,49,24
test_319.png,0.52,19,0.56143,0.5805,38,24
test_319.png,1.04,37,0.56154,0.58172,36,24
test_319.png,2.08,75,0.55884,0.57878,31,24
test_319.png,5.21,188,0.55814,0.5808,26,23
test_319.png,10.42,375,0.54757,0.57041,20,22
test_320.png,0.0,0,0.56603,0.59753,246,35
test_320.png,0.21,8,0.56652,0.60199,123,35
test_320.png,0.52,19,0.56566,0.60207,87,35
test_320.png,1.04,37,0.56695,0.6065,65,33
test_320.png,2.08,75,0.5648,0.60499,54,33
test_320.png,5.21,188,0.55879,0.60119,33,31
test_320.png,10.42,375,0.55313,0.60019,21,26
test_321.png,0.0,0,0.3268,0.37582,94,8
test_321.png,0.21,8,0.32524,0.3732,58,8
test_321.png,0.52,19,0.3222,0.36941,44,8
test_321.png,1.04,37,0.32023,0.36947,36,8
test_321.png,2.08,75,0.31649,0.36938,26,8
test_321.png,5.21,188,0.31592,0.37338,21,7
test_321.png,10.42,375,0.30481,0.37292,10,7
test_322.png,0.0,0,0.51066,0.50754,156,38
test_322.png,0.21,8,0.50911,0.50742,86,38
test_322.png,0.52,19,0.50746,0.50707,70,37
test_322.png,1.04,37,0.50633,0.50883,59,37
test_322.png,2.08,75,0.50284,0.50756,48,37
test_322.png,5.21,188,0.49233,0.50098,35,34
test_322.png,10.42,375,0.46068,0.47416,25,32
test_323.png,0.0,0,0.33157,0.34908,172,38
test_323.png,0.21,8,0.32982,0.34835,91,38
test_323.png,0.52,19,0.32885,0.34835,74,37
test_323.png,1.04,37,0.32747,0.34868,57,36
test_323.png,2.08,75,0.32261,0.34437,45,36
test_323.png,5.21,188,0.3266,0.35768,24,30
test_323.png,10.42,375,0.30338,0.33318,12,22
test_324.png,0.0,0,0.89813,0.96532,24,5
test_324.png,0.21,8,0.8981,0.96581,10,5
test_324.png,0.52,19,0.89819,0.96624,9,5
test_324.png,1.04,37,0.89836,0.9674,6,5
test_324.png,2.08,75,0.89809,0.96688,5,5
test_324.png,5.21,188,0.89861,0.96973,2,5
test_324.png,10.42,375,0.89861,0.96973,2,5
test_325.png,0.0,0,0.89655,0.98457,12,8
test_325.png,0.21,8,0.89661,0.98512,5,8
test_325.png,0.52,19,0.89678,0.98637,3,8
test_325.png,1.04,37,0.89712,0.9878,1,8
test_325.png,2.08,75,0.89712,0.9878,1,8
test_325.png,5.21,188,0.8962,0.98746,0,8
test_325.png,10.42,375,0.8962,0.98746,0,8
test_326.png,0.0,0,0.94346,0.99578,5,9
test_326.png,0.21,8,0.94352,0.99653,1,9
test_326.png,0.52,19,0.94352,0.99653,1,9
test_326.png,1.04,37,0.94352,0.99653,1,9
test_326.png,2.08,75,0.94383,0.99772,0,9
test_326.png,5.21,188,0.94315,0.99292,1,9
test_326.png,10.42,375,0.94315,0.99292,1,9
test_327.png,0.0,0,0.77624,0.87082,6,9
test_327.png,0.21,8,0.77613,0.87064,2,9
test_327.png,0.52,19,0.77613,0.87064,2,9
test_327.png,1.04,37,0.77613,0.87064,2,9
test_327.png,2.08,75,0.77613,0.87064,2,9
test_327.png,5.21,188,0.77403,0.86958,0,9
test_327.png,10.42,375,0.77403,0.86958,0,9
test_328.png,0.0,0,0.87102,0.94635,35,31
test_328.png,0.21,8,0.8708,0.94624,19,31
test_328.png,0.52,19,0.87042,0.94548,15,31
test_328.png,1.04,37,0.86983,0.94401,12,31
test_328.png,2.08,75,0.86818,0.94156,8,31
test_328.png,5.21,188,0.86604,0.93842,5,31
test_328.png,10.42,375,0.86599,0.94132,4,32
test_329.png,0.0,0,0.9348,0.98334,4,1
test_329.png,0.21,8,0.93478,0.98333,3,1
test_329.png,0.52,19,0.93488,0.98479,0,1
test_329.png,1.04,37,0.93488,0.98479,0,1
test_329.png,2.08,75,0.93488,0.98479,0,1
test_329.png,5.21,188,0.93488,0.98479,0,1
test_329.png,10.42,375,0.93488,0.98479,0,1
test_330.png,0.0,0,0.91332,0.99669,1,2
test_330.png,0.21,8,0.91331,0.99663,0,2
test_330.png,0.52,19,0.91331,0.99663,0,2
test_330.png,1.04,37,0.91331,0.99663,0,2
test_330.png,2.08,75,0.91331,0.99663,0,2
test_330.png,5.21,188,0.91331,0.99663,0,2
test_330.png,10.42,375,0.91331,0.99663,0,2
test_331.png,0.0,0,0.70349,0.65195,76,45
test_331.png,0.21,8,0.70325,0.65214,45,45
test_331.png,0.52,19,0.70315,0.65302,37,45
test_331.png,1.04,37,0.70389,0.65578,30,44
test_331.png,2.08,75,0.70442,0.65382,20,44
test_331.png,5.21,188,0.69925,0.65047,12,44
test_331.png,10.42,375,0.70176,0.65765,8,42
test_332.png,0.0,0,0.95676,0.97963,1,0
test_332.png,0.21,8,0.95679,0.97992,0,0
test_332.png,0.52,19,0.95679,0.97992,0,0
test_332.png,1.04,37,0.95679,0.97992,0,0
test_332.png,2.08,75,0.95679,0.97992,0,0
test_332.png,5.21,188,0.95679,0.97992,0,0
test_332.png,10.42,375,0.95679,0.97992,0,0
test_333.png,0.0,0,0.89229,0.96159,18,12
test_333.png,0.21,8,0.89214,0.96164,3,12
test_333.png,0.52,19,0.89219,0.96184,2,12
test_333.png,1.04,37,0.892,0.96163,1,12
test_333.png,2.08,75,0.892,0.96163,1,12
test_333.png,5.21,188,0.892,0.96163,1,12
test_333.png,10.42,375,0.89126,0.96111,0,13
test_334.png,0.0,0,0.92764,0.99083,3,1
test_334.png,0.21,8,0.92766,0.99114,1,1
test_334.png,0.52,19,0.92756,0.99107,0,1
test_334.png,1.04,37,0.92756,0.99107,0,1
test_334.png,2.08,75,0.92756,0.99107,0,1
test_334.png,5.21,188,0.92756,0.99107,0,1
test_334.png,10.42,375,0.92664,0.98866,1,1
test_335.png,0.0,0,0.9256,0.96784,26,11
test_335.png,0.21,8,0.92551,0.96861,10,11
test_335.png,0.52,19,0.92554,0.96989,7,11
test_335.png,1.04,37,0.92567,0.9709,4,11
test_335.png,2.08,75,0.9259,0.97178,3,11
test_335.png,5.21,188,0.92591,0.97336,1,10
test_335.png,10.42,375,0.92591,0.97336,1,10
test_336.png,0.0,0,0.47339,0.47335,173,28
test_336.png,0.21,8,0.47123,0.47363,86,28
test_336.png,0.52,19,0.47008,0.47419,73,28
test_336.png,1.04,37,0.46558,0.4703,56,28
test_336.png,2.08,75,0.45887,0.46399,44,27
test_336.png,5.21,188,0.44147,0.44226,32,26
test_336.png,10.42,375,0.40048,0.416,21,21
test_337.png,0.0,0,0.60787,0.4791,157,25
test_337.png,0.21,8,0.60677,0.47896,76,25
test_337.png,0.52,19,0.60639,0.47694,50,25
test_337.png,1.04,37,0.60606,0.47963,30,24
test_337.png,2.08,75,0.60221,0.47972,15,23
test_337.png,5.21,188,0.59984,0.48401,6,21
test_337.png,10.42,375,0.6019,0.48498,5,21
test_338.png,0.0,0,0.89154,0.95882,25,24
test_338.png,0.21,8,0.8917,0.96103,7,24
test_338.png,0.52,19,0.89166,0.96134,5,24
test_338.png,1.04,37,0.8913,0.96103,3,24
test_338.png,2.08,75,0.8913,0.96103,3,24
test_338.png,5.21,188,0.89073,0.95992,2,24
test_338.png,10.42,375,0.88746,0.95252,0,24
test_339.png,0.0,0,0.92869,0.99725,2,2
test_339.png,0.21,8,0.92869,0.99736,0,2
test_339.png,0.52,19,0.92869,0.99736,0,2
test_339.png,1.04,37,0.92869,0.99736,0,2
test_339.png,2.08,75,0.92869,0.99736,0,2
test_339.png,5.21,188,0.92869,0.99736,0,2
test_339.png,10.42,375,0.92869,0.99736,0,2
test_340.png,0.0,0,0.9524,0.99952,1,0
test_340.png,0.21,8,0.95241,0.99962,0,0
test_340.png,0.52,19,0.95241,0.99962,0,0
test_340.png,1.04,37,0.95241,0.99962,0,0
test_340.png,2.08,75,0.95241,0.99962,0,0
test_340.png,5.21,188,0.95241,0.99962,0,0
test_340.png,10.42,375,0.95241,0.99962,0,0
test_341.png,0.0,0,0.13312,0.14716,119,8
test_341.png,0.21,8,0.13197,0.14487,69,8
test_341.png,0.52,19,0.1296,0.14226,60,8
test_341.png,1.04,37,0.12894,0.14258,55,8
test_341.png,2.08,75,0.12362,0.1387,39,7
test_341.png,5.21,188,0.0948,0.10443,21,5
test_341.png,10.42,375,0.08963,0.10537,8,3
test_342.png,0.0,0,0.63179,0.61053,47,17
test_342.png,0.21,8,0.63151,0.61116,25,17
test_342.png,0.52,19,0.63127,0.61305,17,17
test_342.png,1.04,37,0.62977,0.60969,13,17
test_342.png,2.08,75,0.62925,0.61018,12,17
test_342.png,5.21,188,0.62255,0.60639,7,17
test_342.png,10.42,375,0.62255,0.60639,7,17
test_343.png,0.0,0,0.88953,0.96981,29,3
test_343.png,0.21,8,0.88942,0.97001,14,3
test_343.png,0.52,19,0.88956,0.97067,10,3
test_343.png,1.04,37,0.88991,0.97197,8,3
test_343.png,2.08,75,0.88951,0.97198,5,4
test_343.png,5.21,188,0.8909,0.97635,1,4
test_343.png,10.42,375,0.8909,0.97635,1,4
test_344.png,0.0,0,0.46704,0.37155,102,18
test_344.png,0.21,8,0.46648,0.3723,57,18
test_344.png,0.52,19,0.46648,0.37319,46,18
test_344.png,1.04,37,0.46619,0.37432,36,18
test_344.png,2.08,75,0.46239,0.37341,27,18
test_344.png,5.21,188,0.44937,0.36457,14,16
test_344.png,10.42,375,0.43301,0.34204,9,13
test_345.png,0.0,0,0.79824,0.83906,25,19
test_345.png,0.21,8,0.79819,0.83956,13,19
test_345.png,0.52,19,0.79816,0.84016,10,19
test_345.png,1.04,37,0.79755,0.84035,5,18
test_345.png,2.08,75,0.79652,0.84062,2,18
test_345.png,5.21,188,0.79652,0.84062,2,18
test_345.png,10.42,375,0.79557,0.83915,0,18
test_346.png,0.0,0,0.90113,0.95651,33,9
test_346.png,0.21,8,0.90115,0.95746,17,9
test_346.png,0.52,19,0.90094,0.95767,12,9
test_346.png,1.04,37,0.90094,0.95767,12,9
test_346.png,2.08,75,0.90117,0.96054,9,9
test_346.png,5.21,188,0.89973,0.9587,7,7
test_346.png,10.42,375,0.89629,0.95399,5,7
test_347.png,0.0,0,0.72403,0.84546,61,45
test_347.png,0.21,8,0.72361,0.84528,38,45
test_347.png,0.52,19,0.72354,0.84601,32,45
test_347.png,1.04,37,0.72324,0.8459,29,45
test_347.png,2.08,75,0.72258,0.84588,25,45
test_347.png,5.21,188,0.72202,0.84508,24,45
test_347.png,10.42,375,0.71567,0.83781,20,45
test_348.png,0.0,0,0.82916,0.94002,21,6
test_348.png,0.21,8,0.82938,0.94153,9,6
test_348.png,0.52,19,0.82926,0.94153,8,6
test_348.png,1.04,37,0.82926,0.94153,8,6
test_348.png,2.08,75,0.82775,0.93977,6,6
test_348.png,5.21,188,0.82979,0.94295,4,6
test_348.png,10.42,375,0.82774,0.93757,3,6
test_349.png,0.0,0,0.91723,0.97776,9,2
test_349.png,0.21,8,0.91721,0.97792,1,2
test_349.png,0.52,19,0.91716,0.97792,0,2
test_349.png,1.04,37,0.91716,0.97792,0,2
test_349.png,2.08,75,0.91716,0.97792,0,2
test_349.png,5.21,188,0.91716,0.97792,0,2
test_349.png,10.42,375,0.91716,0.97792,0,2
test_350.png,0.0,0,0.87837,0.98639,10,3
test_350.png,0.21,8,0.87847,0.98743,2,3
test_350.png,0.52,19,0.87847,0.98743,2,3
test_350.png,1.04,37,0.87894,0.98886,0,3
test_350.png,2.08,75,0.87894,0.98886,0,3
test_350.png,5.21,188,0.87894,0.98886,0,3
test_350.png,10.42,375,0.87894,0.98886,0,3
test_351.png,0.0,0,0.90471,0.96277,24,3
test_351.png,0.21,8,0.90464,0.96298,6,3
test_351.png,0.52,19,0.90463,0.96344,4,3
test_351.png,1.04,37,0.90475,0.9639,3,3
test_351.png,2.08,75,0.90501,0.96443,2,3
test_351.png,5.21,188,0.90541,0.9649,1,3
test_351.png,10.42,375,0.90541,0.9649,1,3
test_352.png,0.0,0,0.90822,0.97327,14,13
test_352.png,0.21,8,0.90822,0.97408,3,13
test_352.png,0.52,19,0.90814,0.97407,2,13
test_352.png,1.04,37,0.90814,0.97407,2,13
test_352.png,2.08,75,0.90868,0.97569,0,13
test_352.png,5.21,188,0.90868,0.97569,0,13
test_352.png,10.42,375,0.90868,0.97569,0,13
test_353.png,0.0,0,0.9085,0.9887,5,2
test_353.png,0.21,8,0.9085,0.98889,2,2
test_353.png,0.52,19,0.90855,0.98908,1,2
test_353.png,1.04,37,0.90855,0.98908,1,2
test_353.png,2.08,75,0.90816,0.98874,0,2
test_353.png,5.21,188,0.90816,0.98874,0,2
test_353.png,10.42,375,0.90816,0.98874,0,2
test_354.png,0.0,0,0.90265,0.99282,3,2
test_354.png,0.21,8,0.90268,0.99297,2,2
test_354.png,0.52,19,0.90282,0.99363,0,2
test_354.png,1.04,37,0.90282,0.99363,0,2
test_354.png,2.08,75,0.90282,0.99363,0,2
test_354.png,5.21,188,0.90282,0.99363,0,2
test_354.png,10.42,375,0.90282,0.99363,0,2
test_355.png,0.0,0,0.94827,0.98442,0,0
test_355.png,0.21,8,0.94827,0.98442,0,0
test_355.png,0.52,19,0.94827,0.98442,0,0
test_355.png,1.04,37,0.94827,0.98442,0,0
test_355.png,2.08,75,0.94827,0.98442,0,0
test_355.png,5.21,188,0.94827,0.98442,0,0
test_355.png,10.42,375,0.94827,0.98442,0,0
test_356.png,0.0,0,0.92386,0.97388,16,5
test_356.png,0.21,8,0.92385,0.97405,7,5
test_356.png,0.52,19,0.92381,0.97421,4,5
test_356.png,1.04,37,0.92362,0.97367,3,5
test_356.png,2.08,75,0.92331,0.97331,2,5
test_356.png,5.21,188,0.92331,0.97331,2,5
test_356.png,10.42,375,0.922,0.97166,1,5
test_357.png,0.0,0,0.94342,0.99833,1,2
test_357.png,0.21,8,0.94343,0.99853,0,2
test_357.png,0.52,19,0.94343,0.99853,0,2
test_357.png,1.04,37,0.94343,0.99853,0,2
test_357.png,2.08,75,0.94343,0.99853,0,2
test_357.png,5.21,188,0.94343,0.99853,0,2
test_357.png,10.42,375,0.94343,0.99853,0,2
test_358.png,0.0,0,0.95338,0.99982,0,0
test_358.png,0.21,8,0.95338,0.99982,0,0
test_358.png,0.52,19,0.95338,0.99982,0,0
test_358.png,1.04,37,0.95338,0.99982,0,0
test_358.png,2.08,75,0.95338,0.99982,0,0
test_358.png,5.21,188,0.95338,0.99982,0,0
test_358.png,10.42,375,0.95338,0.99982,0,0
test_359.png,0.0,0,0.17796,0.16839,141,16
test_359.png,0.21,8,0.17757,0.16859,89,16
test_359.png,0.52,19,0.17649,0.16914,66,15
test_359.png,1.04,37,0.17584,0.1687,53,13
test_359.png,2.08,75,0.17408,0.16714,47,13
test_359.png,5.21,188,0.16452,0.16347,33,10
test_359.png,10.42,375,0.14138,0.15431,17,6
test_360.png,0.0,0,0.7935,0.87233,32,6
test_360.png,0.21,8,0.79337,0.87206,19,6
test_360.png,0.52,19,0.79365,0.87397,13,6
test_360.png,1.04,37,0.79347,0.87471,11,6
test_360.png,2.08,75,0.79349,0.87701,9,6
test_360.png,5.21,188,0.79445,0.87912,8,6
test_360.png,10.42,375,0.79176,0.87385,7,6
test_361.png,0.0,0,0.91346,0.96046,19,29
test_361.png,0.21,8,0.91334,0.96024,9,29
test_361.png,0.52,19,0.91334,0.96088,7,29
test_361.png,1.04,37,0.91322,0.96119,5,29
test_361.png,2.08,75,0.91322,0.96119,5,29
test_361.png,5.21,188,0.91107,0.95972,2,28
test_361.png,10.42,375,0.91107,0.95972,2,28
test_362.png,0.0,0,0.78632,0.84582,60,36
test_362.png,0.21,8,0.78603,0.84564,37,36
test_362.png,0.52,19,0.78575,0.84559,33,36
test_362.png,1.04,37,0.78561,0.84579,30,36
test_362.png,2.08,75,0.78454,0.84543,25,38
test_362.png,5.21,188,0.78253,0.84349,21,38
test_362.png,10.42,375,0.7729,0.83321,17,38
test_363.png,0.0,0,0.79497,0.84851,13,4
test_363.png,0.21,8,0.79485,0.84873,3,4
test_363.png,0.52,19,0.79485,0.84873,3,4
test_363.png,1.04,37,0.79507,0.85105,2,4
test_363.png,2.08,75,0.79507,0.85105,2,4
test_363.png,5.21,188,0.7943,0.84347,1,4
test_363.png,10.42,375,0.7943,0.84347,1,4
test_364.png,0.0,0,0.75535,0.84236,66,6
test_364.png,0.21,8,0.75525,0.84506,33,6
test_364.png,0.52,19,0.75527,0.8453,31,6
test_364.png,1.04,37,0.75546,0.84788,25,6
test_364.png,2.08,75,0.75442,0.84761,22,6
test_364.png,5.21,188,0.75526,0.8564,17,6
test_364.png,10.42,375,0.73952,0.83899,11,6
test_365.png,0.0,0,0.9196,0.98393,15,4
test_365.png,0.21,8,0.91966,0.98469,7,4
test_365.png,0.52,19,0.91964,0.98525,5,4
test_365.png,1.04,37,0.92021,0.98722,1,4
test_365.png,2.08,75,0.92021,0.98722,1,4
test_365.png,5.21,188,0.92084,0.98814,0,4
test_365.png,10.42,375,0.92084,0.98814,0,4
test_366.png,0.0,0,0.90832,0.97459,10,17
test_366.png,0.21,8,0.90821,0.97444,3,17
test_366.png,0.52,19,0.90803,0.97429,1,17
test_366.png,1.04,37,0.90803,0.97429,1,17
test_366.png,2.08,75,0.90803,0.97429,1,17
test_366.png,5.21,188,0.90743,0.97337,0,17
test_366.png,10.42,375,0.90743,0.97337,0,17
test_367.png,0.0,0,0.78618,0.9091,35,5
test_367.png,0.21,8,0.78646,0.91082,21,5
test_367.png,0.52,19,0.7865,0.91097,18,5
test_367.png,1.04,37,0.78655,0.91137,15,5
test_367.png,2.08,75,0.78884,0.91715,8,5
test_367.png,5.21,188,0.78845,0.91777,3,6
test_367.png,10.42,375,0.78845,0.91777,3,6
test_368.png,0.0,0,0.85617,0.93415,48,11
test_368.png,0.21,8,0.85598,0.93524,20,11
test_368.png,0.52,19,0.85582,0.935,14,11
test_368.png,1.04,37,0.856,0.93868,9,11
test_368.png,2.08,75,0.85645,0.94098,5,11
test_368.png,5.21,188,0.85645,0.94098,5,11
test_368.png,10.42,375,0.85645,0.94098,5,11
test_369.png,0.0,0,0.06681,0.0754,66,11
test_369.png,0.21,8,0.06608,0.07477,41,11
test_369.png,0.52,19,0.06382,0.07475,30,11
test_369.png,1.04,37,0.06171,0.06981,21,11
test_369.png,2.08,75,0.05575,0.06973,13,11
test_369.png,5.21,188,0.03372,0.03407,4,14
test_369.png,10.42,375,0.02149,0.01699,1,14
test_370.png,0.0,0,0.35462,0.32945,197,21
test_370.png,0.21,8,0.35299,0.32898,115,21
test_370.png,0.52,19,0.35034,0.32959,85,21
test_370.png,1.04,37,0.34589,0.32899,69,21
test_370.png,2.08,75,0.33386,0.31814,51,19
test_370.png,5.21,188,0.30724,0.29199,28,13
test_370.png,10.42,375,0.26957,0.25296,16,5
test_371.png,0.0,0,0.52885,0.43619,88,20
test_371.png,0.21,8,0.52782,0.4338,41,20
test_371.png,0.52,19,0.52707,0.43223,32,20
test_371.png,1.04,37,0.52572,0.43259,26,20
test_371.png,2.08,75,0.52223,0.42461,21,20
test_371.png,5.21,188,0.51879,0.42051,19,20
test_371.png,10.42,375,0.50059,0.41995,14,20
test_372.png,0.0,0,0.57049,0.57848,215,37
test_372.png,0.21,8,0.56891,0.57708,106,37
test_372.png,0.52,19,0.56812,0.57728,89,37
test_372.png,1.04,37,0.56654,0.5791,69,37
test_372.png,2.08,75,0.56584,0.58202,53,36
test_372.png,5.21,188,0.55275,0.56899,36,32
test_372.png,10.42,375,0.52513,0.53938,24,22
test_373.png,0.0,0,0.80796,0.85502,85,3
test_373.png,0.21,8,0.80804,0.85607,37,3
test_373.png,0.52,19,0.80805,0.8563,31,3
test_373.png,1.04,37,0.80808,0.85666,28,3
test_373.png,2.08,75,0.80736,0.85527,20,3
test_373.png,5.21,188,0.80547,0.85289,14,3
test_373.png,10.42,375,0.80387,0.85244,8,6
test_374.png,0.0,0,0.45639,0.42559,176,13
test_374.png,0.21,8,0.45512,0.42559,103,13
test_374.png,0.52,19,0.45253,0.42528,78,13
test_374.png,1.04,37,0.45078,0.42507,66,12
test_374.png,2.08,75,0.44115,0.41873,44,12
test_374.png,5.21,188,0.41993,0.40053,26,10
test_374.png,10.42,375,0.39483,0.35901,16,5
test_375.png,0.0,0,0.85851,0.88514,110,5
test_375.png,0.21,8,0.85909,0.88766,54,5
test_375.png,0.52,19,0.85974,0.889,43,5
test_375.png,1.04,37,0.85988,0.88995,37,5
test_375.png,2.08,75,0.86198,0.89374,30,5
test_375.png,5.21,188,0.86784,0.90035,16,9
test_375.png,10.42,375,0.87792,0.91229,5,14
test_376.png,0.0,0,0.38731,0.35219,244,61
test_376.png,0.21,8,0.38588,0.35111,132,61
test_376.png,0.52,19,0.38302,0.34601,97,61
test_376.png,1.04,37,0.38083,0.34334,82,60
test_376.png,2.08,75,0.37542,0.33869,65,60
test_376.png,5.21,188,0.34779,0.31526,39,52
test_376.png,10.42,375,0.30504,0.25983,21,34
test_377.png,0.0,0,0.69538,0.64454,122,47
test_377.png,0.21,8,0.69548,0.64667,62,47
test_377.png,0.52,19,0.69474,0.64602,46,47
test_377.png,1.04,37,0.6947,0.64593,40,47
test_377.png,2.08,75,0.69631,0.64838,35,47
test_377.png,5.21,188,0.69662,0.65014,25,47
test_377.png,10.42,375,0.69784,0.65513,20,46
test_378.png,0.0,0,0.59071,0.51488,152,69
test_378.png,0.21,8,0.58982,0.51464,77,69
test_378.png,0.52,19,0.58904,0.51514,62,69
test_378.png,1.04,37,0.58906,0.51618,52,69
test_378.png,2.08,75,0.58775,0.51612,48,69
test_378.png,5.21,188,0.57397,0.51423,29,63
test_378.png,10.42,375,0.56293,0.5055,21,60
test_379.png,0.0,0,0.5579,0.55167,232,42
test_379.png,0.21,8,0.55742,0.55331,123,42
test_379.png,0.52,19,0.55722,0.55464,102,42
test_379.png,1.04,37,0.55563,0.55221,82,42
test_379.png,2.08,75,0.55264,0.54982,62,40
test_379.png,5.21,188,0.55406,0.55225,41,39
test_379.png,10.42,375,0.52929,0.54084,17,30
test_380.png,0.0,0,0.71411,0.66647,161,69
test_380.png,0.21,8,0.71355,0.66697,85,69
test_380.png,0.52,19,0.71294,0.66732,69,69
test_380.png,1.04,37,0.71219,0.66922,53,69
test_380.png,2.08,75,0.71185,0.6724,42,68
test_380.png,5.21,188,0.70356,0.66077,21,64
test_380.png,10.42,375,0.69927,0.65504,12,60
test_381.png,0.0,0,0.68877,0.66555,153,82
test_381.png,0.21,8,0.68791,0.66529,72,82
test_381.png,0.52,19,0.68795,0.66617,60,82
test_381.png,1.04,37,0.68752,0.66722,53,82
test_381.png,2.08,75,0.687,0.66834,44,81
test_381.png,5.21,188,0.68465,0.66979,29,77
test_381.png,10.42,375,0.67745,0.67625,15,70
test_382.png,0.0,0,0.45105,0.44622,230,49
test_382.png,0.21,8,0.45194,0.4514,103,49
test_382.png,0.52,19,0.4531,0.45489,73,48
test_382.png,1.04,37,0.45493,0.45953,56,48
test_382.png,2.08,75,0.45746,0.46522,39,44
test_382.png,5.21,188,0.45981,0.47033,26,42
test_382.png,10.42,375,0.45389,0.46222,22,39
test_383.png,0.0,0,0.54812,0.53029,259,39
test_383.png,0.21,8,0.54815,0.53325,149,39
test_383.png,0.52,19,0.54836,0.53586,117,39
test_383.png,1.04,37,0.54916,0.53882,91,39
test_383.png,2.08,75,0.55131,0.54274,73,39
test_383.png,5.21,188,0.55169,0.54745,49,34
test_383.png,10.42,375,0.51639,0.51003,26,30
test_384.png,0.0,0,0.61602,0.52543,118,50
test_384.png,0.21,8,0.61521,0.52562,65,50
test_384.png,0.52,19,0.6145,0.52622,51,50
test_384.png,1.04,37,0.61257,0.52493,42,50
test_384.png,2.08,75,0.61251,0.52698,33,50
test_384.png,5.21,188,0.60831,0.52774,22,48
test_384.png,10.42,375,0.59294,0.52175,16,46
test_385.png,0.0,0,0.81502,0.77833,88,63
test_385.png,0.21,8,0.81511,0.78064,48,63
test_385.png,0.52,19,0.81519,0.78192,40,63
test_385.png,1.04,37,0.81463,0.78133,36,63
test_385.png,2.08,75,0.81459,0.78284,31,63
test_385.png,5.21,188,0.81749,0.78962,24,60
test_385.png,10.42,375,0.81331,0.79061,17,59
test_386.png,0.0,0,0.54433,0.55418,199,44
test_386.png,0.21,8,0.5437,0.55534,108,44
test_386.png,0.52,19,0.54331,0.55735,88,43
test_386.png,1.04,37,0.54183,0.5564,73,43
test_386.png,2.08,75,0.54392,0.56067,62,43
test_386.png,5.21,188,0.54172,0.56171,45,38
test_386.png,10.42,375,0.52711,0.55601,31,32
test_387.png,0.0,0,0.70186,0.5592,66,32
test_387.png,0.21,8,0.70164,0.55702,33,32
test_387.png,0.52,19,0.70094,0.55626,21,32
test_387.png,1.04,37,0.70062,0.55403,17,32
test_387.png,2.08,75,0.70108,0.55159,10,32
test_387.png,5.21,188,0.7019,0.55273,9,32
test_387.png,10.42,375,0.69538,0.54427,5,31
test_388.png,0.0,0,0.86384,0.90025,26,41
test_388.png,0.21,8,0.86382,0.90093,10,41
test_388.png,0.52,19,0.8638,0.90087,7,41
test_388.png,1.04,37,0.86401,0.90174,6,41
test_388.png,2.08,75,0.86448,0.90297,5,41
test_388.png,5.21,188,0.86461,0.90499,4,41
test_388.png,10.42,375,0.86461,0.90499,4,41
test_389.png,0.0,0,0.6062,0.63072,182,12
test_389.png,0.21,8,0.6067,0.6365,88,12
test_389.png,0.52,19,0.60715,0.63935,72,12
test_389.png,1.04,37,0.60703,0.64322,56,12
test_389.png,2.08,75,0.60951,0.64983,39,12
test_389.png,5.21,188,0.60839,0.65672,24,11
test_389.png,10.42,375,0.60378,0.65366,16,7
test_390.png,0.0,0,0.47701,0.4579,270,59
test_390.png,0.21,8,0.47455,0.45411,137,59
test_390.png,0.52,19,0.47292,0.45491,107,59
test_390.png,1.04,37,0.46988,0.45119,88,57
test_390.png,2.08,75,0.46161,0.44974,67,55
test_390.png,5.21,188,0.43211,0.42107,40,50
test_390.png,10.42,375,0.39492,0.38922,26,45
test_391.png,0.0,0,0.86053,0.90404,73,9
test_391.png,0.21,8,0.86053,0.90569,33,9
test_391.png,0.52,19,0.8605,0.90601,28,9
test_391.png,1.04,37,0.86083,0.9086,20,9
test_391.png,2.08,75,0.86108,0.91025,13,9
test_391.png,5.21,188,0.85924,0.9086,7,9
test_391.png,10.42,375,0.85836,0.90925,4,10
test_392.png,0.0,0,0.40379,0.34975,270,40
test_392.png,0.21,8,0.40159,0.34776,139,40
test_392.png,0.52,19,0.39836,0.34371,105,40
test_392.png,1.04,37,0.39654,0.34328,95,39
test_392.png,2.08,75,0.38451,0.32866,72,36
test_392.png,5.21,188,0.36561,0.29653,54,32
test_392.png,10.42,375,0.32961,0.27266,32,24
test_393.png,0.0,0,0.52483,0.46381,80,30
test_393.png,0.21,8,0.52453,0.46348,39,30
test_393.png,0.52,19,0.52404,0.4616,29,30
test_393.png,1.04,37,0.52411,0.46207,26,30
test_393.png,2.08,75,0.52381,0.46214,24,30
test_393.png,5.21,188,0.52433,0.46664,15,30
test_393.png,10.42,375,0.52676,0.47097,12,29
test_394.png,0.0,0,0.8702,0.89716,50,7
test_394.png,0.21,8,0.87055,0.90056,26,7
test_394.png,0.52,19,0.87074,0.90307,18,7
test_394.png,1.04,37,0.87111,0.9046,16,7
test_394.png,2.08,75,0.87289,0.9097,12,7
test_394.png,5.21,188,0.87569,0.91699,7,6
test_394.png,10.42,375,0.87585,0.91923,3,5
test_395.png,0.0,0,0.48525,0.31263,151,25
test_395.png,0.21,8,0.48411,0.31303,76,25
test_395.png,0.52,19,0.4825,0.31204,55,24
test_395.png,1.04,37,0.48215,0.31227,48,24
test_395.png,2.08,75,0.47935,0.31064,39,24
test_395.png,5.21,188,0.47234,0.3087,32,24
test_395.png,10.42,375,0.46271,0.28778,25,24
test_396.png,0.0,0,0.87013,0.89713,19,0
test_396.png,0.21,8,0.87013,0.89746,8,0
test_396.png,0.52,19,0.87023,0.8981,5,0
test_396.png,1.04,37,0.87035,0.89849,4,0
test_396.png,2.08,75,0.87008,0.89817,3,0
test_396.png,5.21,188,0.86998,0.89837,2,0
test_396.png,10.42,375,0.86971,0.89836,1,1
test_397.png,0.0,0,0.57449,0.59141,175,40
test_397.png,0.21,8,0.57343,0.59134,101,40
test_397.png,0.52,19,0.57214,0.59121,85,40
test_397.png,1.04,37,0.57092,0.59119,68,40
test_397.png,2.08,75,0.56393,0.5859,49,36
test_397.png,5.21,188,0.5535,0.57158,33,33
test_397.png,10.42,375,0.55038,0.57561,25,32
test_398.png,0.0,0,0.65705,0.49008,145,66
test_398.png,0.21,8,0.65626,0.48904,78,66
test_398.png,0.52,19,0.65641,0.49014,66,66
test_398.png,1.04,37,0.65553,0.47912,48,66
test_398.png,2.08,75,0.65551,0.47784,40,64
test_398.png,5.21,188,0.65718,0.45948,29,64
test_398.png,10.42,375,0.64726,0.45406,20,59
test_399.png,0.0,0,0.69331,0.66673,91,36
test_399.png,0.21,8,0.69326,0.66804,54,36
test_399.png,0.52,19,0.6939,0.67152,41,36
test_399.png,1.04,37,0.69457,0.67519,31,36
test_399.png,2.08,75,0.69631,0.68003,24,36
test_399.png,5.21,188,0.69408,0.68018,20,36
test_399.png,10.42,375,0.68448,0.67453,11,33
test_400.png,0.0,0,0.92226,0.91736,12,3
test_400.png,0.21,8,0.92228,0.91779,8,3
test_400.png,0.52,19,0.92244,0.91868,6,3
test_400.png,1.04,37,0.92259,0.91931,5,3
test_400.png,2.08,75,0.92309,0.92309,3,3
test_400.png,5.21,188,0.92422,0.92828,1,3
test_400.png,10.42,375,0.92422,0.92828,1,3
test_401.png,0.0,0,0.55791,0.40516,158,42
test_401.png,0.21,8,0.55708,0.40547,88,42
test_401.png,0.52,19,0.5565,0.40578,73,42
test_401.png,1.04,37,0.55375,0.40595,58,41
test_401.png,2.08,75,0.55091,0.39931,47,40
test_401.png,5.21,188,0.5479,0.39499,40,39
test_401.png,10.42,375,0.52089,0.34065,24,36
test_402.png,0.0,0,0.37909,0.19192,83,25
test_402.png,0.21,8,0.37845,0.19184,45,25
test_402.png,0.52,19,0.37856,0.1921,36,25
test_402.png,1.04,37,0.37696,0.18375,28,25
test_402.png,2.08,75,0.37713,0.18384,27,25
test_402.png,5.21,188,0.37297,0.1843,19,23
test_402.png,10.42,375,0.35829,0.1722,15,21
test_403.png,0.0,0,0.85892,0.84389,54,29
test_403.png,0.21,8,0.85911,0.84564,31,29
test_403.png,0.52,19,0.85902,0.8459,28,29
test_403.png,1.04,37,0.85928,0.84894,20,29
test_403.png,2.08,75,0.85973,0.85088,17,29
test_403.png,5.21,188,0.86317,0.85953,11,29
test_403.png,10.42,375,0.86582,0.86585,9,29
test_404.png,0.0,0,0.5924,0.60384,190,47
test_404.png,0.21,8,0.5916,0.60519,98,47
test_404.png,0.52,19,0.59104,0.6056,76,47
test_404.png,1.04,37,0.59083,0.60576,63,46
test_404.png,2.08,75,0.5905,0.6071,54,45
test_404.png,5.21,188,0.5803,0.60144,41,42
test_404.png,10.42,375,0.55994,0.57712,25,33
test_405.png,0.0,0,0.66662,0.67017,148,43
test_405.png,0.21,8,0.66591,0.67123,77,43
test_405.png,0.52,19,0.66551,0.67277,64,43
test_405.png,1.04,37,0.66394,0.67127,52,43
test_405.png,2.08,75,0.66234,0.66918,41,43
test_405.png,5.21,188,0.66431,0.6722,34,41
test_405.png,10.42,375,0.65393,0.668,27,37
test_406.png,0.0,0,0.21315,0.22012,176,2
test_406.png,0.21,8,0.2121,0.22,101,2
test_406.png,0.52,19,0.21165,0.22073,83,2
test_406.png,1.04,37,0.20892,0.21729,73,2
test_406.png,2.08,75,0.2084,0.21954,57,2
test_406.png,5.21,188,0.18548,0.19824,35,1
test_406.png,10.42,375,0.11935,0.0846,17,0
test_407.png,0.0,0,0.47257,0.46727,266,18
test_407.png,0.21,8,0.47016,0.46572,141,18
test_407.png,0.52,19,0.46955,0.46651,115,18
test_407.png,1.04,37,0.46484,0.46451,94,17
test_407.png,2.08,75,0.4544,0.457,68,15
test_407.png,5.21,188,0.4383,0.44398,43,14
test_407.png,10.42,375,0.38145,0.40797,20,11
test_408.png,0.0,0,0.25056,0.22341,276,34
test_408.png,0.21,8,0.25014,0.22223,168,34
test_408.png,0.52,19,0.25012,0.22263,138,34
test_408.png,1.04,37,0.25014,0.22207,107,33
test_408.png,2.08,75,0.24829,0.22,88,32
test_408.png,5.21,188,0.24137,0.21922,50,30
test_408.png,10.42,375,0.2345,0.2161,24,30
test_409.png,0.0,0,0.74626,0.76495,95,56
test_409.png,0.21,8,0.74601,0.76527,52,56
test_409.png,0.52,19,0.74611,0.76776,40,56
test_409.png,1.04,37,0.74579,0.7672,35,55
test_409.png,2.08,75,0.74524,0.76823,25,53
test_409.png,5.21,188,0.74371,0.7692,17,50
test_409.png,10.42,375,0.74223,0.76707,14,50
test_410.png,0.0,0,0.66897,0.66966,112,26
test_410.png,0.21,8,0.66888,0.67186,64,26
test_410.png,0.52,19,0.66917,0.67428,47,26
test_410.png,1.04,37,0.6706,0.67988,34,26
test_410.png,2.08,75,0.67155,0.68155,26,25
test_410.png,5.21,188,0.6763,0.68988,19,24
test_410.png,10.42,375,0.68292,0.70073,13,23
test_411.png,0.0,0,0.85969,0.81517,33,78
test_411.png,0.21,8,0.85952,0.81485,14,78
test_411.png,0.52,19,0.8595,0.81442,12,78
test_411.png,1.04,37,0.85943,0.81453,11,78
test_411.png,2.08,75,0.85891,0.81447,9,78
test_411.png,5.21,188,0.85834,0.81433,6,78
test_411.png,10.42,375,0.8585,0.81614,4,78
test_412.png,0.0,0,0.7562,0.76033,36,43
test_412.png,0.21,8,0.75624,0.76235,11,43
test_412.png,0.52,19,0.75634,0.76287,10,43
test_412.png,1.04,37,0.756,0.7627,9,43
test_412.png,2.08,75,0.75706,0.76564,7,43
test_412.png,5.21,188,0.75551,0.76596,5,43
test_412.png,10.42,375,0.75671,0.76883,4,43
test_413.png,0.0,0,0.65457,0.63578,145,60
test_413.png,0.21,8,0.65375,0.63722,71,60
test_413.png,0.52,19,0.65259,0.63805,54,60
test_413.png,1.04,37,0.65288,0.63991,44,60
test_413.png,2.08,75,0.65221,0.64385,34,59
test_413.png,5.21,188,0.65185,0.63534,27,58
test_413.png,10.42,375,0.65167,0.63929,21,57
test_414.png,0.0,0,0.79224,0.78829,60,30
test_414.png,0.21,8,0.7924,0.79116,23,30
test_414.png,0.52,19,0.79238,0.79208,19,30
test_414.png,1.04,37,0.79321,0.79471,14,30
test_414.png,2.08,75,0.79319,0.79722,9,30
test_414.png,5.21,188,0.79577,0.80429,5,28
test_414.png,10.42,375,0.79726,0.80887,4,28
test_415.png,0.0,0,0.75081,0.75589,80,42
test_415.png,0.21,8,0.75055,0.7566,39,42
test_415.png,0.52,19,0.75018,0.75685,33,42
test_415.png,1.04,37,0.74983,0.75806,27,41
test_415.png,2.08,75,0.75005,0.76111,23,41
test_415.png,5.21,188,0.74973,0.76448,16,39
test_415.png,10.42,375,0.74139,0.75247,12,37
test_416.png,0.0,0,0.60043,0.59426,196,43
test_416.png,0.21,8,0.59982,0.59428,111,43
test_416.png,0.52,19,0.59877,0.59484,93,43
test_416.png,1.04,37,0.59706,0.5949,77,39
test_416.png,2.08,75,0.59102,0.58451,58,37
test_416.png,5.21,188,0.57542,0.55173,36,34
test_416.png,10.42,375,0.54782,0.50914,21,28
test_417.png,0.0,0,0.87018,0.90827,27,46
test_417.png,0.21,8,0.87023,0.90858,14,46
test_417.png,0.52,19,0.87019,0.90847,13,46
test_417.png,1.04,37,0.87023,0.90884,11,46
test_417.png,2.08,75,0.87122,0.91051,7,47
test_417.png,5.21,188,0.87336,0.9145,4,47
test_417.png,10.42,375,0.87336,0.9145,4,47
test_418.png,0.0,0,0.36095,0.19316,81,22
test_418.png,0.21,8,0.36018,0.18959,45,22
test_418.png,0.52,19,0.35929,0.1895,30,22
test_418.png,1.04,37,0.35855,0.18927,28,22
test_418.png,2.08,75,0.35649,0.18848,24,22
test_418.png,5.21,188,0.35311,0.18857,19,21
test_418.png,10.42,375,0.34063,0.17296,15,19
test_419.png,0.0,0,0.44336,0.45532,278,31
test_419.png,0.21,8,0.44198,0.45429,152,31
test_419.png,0.52,19,0.44048,0.45573,118,30
test_419.png,1.04,37,0.43696,0.45101,96,29
test_419.png,2.08,75,0.43118,0.44785,73,25
test_419.png,5.21,188,0.40956,0.43769,38,17
test_419.png,10.42,375,0.37744,0.40965,26,15
test_420.png,0.0,0,0.93195,0.95381,20,12
test_420.png,0.21,8,0.93191,0.95424,6,12
test_420.png,0.52,19,0.93205,0.95513,4,12
test_420.png,1.04,37,0.93207,0.95529,3,12
test_420.png,2.08,75,0.9324,0.95618,2,12
test_420.png,5.21,188,0.93248,0.95745,0,12
test_420.png,10.42,375,0.93248,0.95745,0,12
