image,width_multiple,min_size,dice,cldice,betti0_err,betti1_err
test_071.png,0.0,0,0.82416,0.98071,6,6
test_071.png,0.21,8,0.82417,0.9809,2,6
test_071.png,0.52,19,0.82421,0.981,1,6
test_071.png,1.04,37,0.82433,0.98145,0,6
test_071.png,2.08,75,0.82433,0.98145,0,6
test_071.png,5.21,188,0.82433,0.98145,0,6
test_071.png,10.42,375,0.82433,0.98145,0,6
test_072.png,0.0,0,0.90519,0.96066,37,17
test_072.png,0.21,8,0.90528,0.96194,11,17
test_072.png,0.52,19,0.9056,0.96329,6,17
test_072.png,1.04,37,0.9056,0.96329,6,17
test_072.png,2.08,75,0.90603,0.96476,4,17
test_072.png,5.21,188,0.90764,0.96889,1,16
test_072.png,10.42,375,0.90666,0.96811,0,16
test_073.png,0.0,0,0.93717,0.99034,3,3
test_073.png,0.21,8,0.93723,0.99053,1,3
test_073.png,0.52,19,0.93723,0.99053,1,3
test_073.png,1.04,37,0.93723,0.99053,1,3
test_073.png,2.08,75,0.93723,0.99053,1,3
test_073.png,5.21,188,0.93723,0.99053,1,3
test_073.png,10.42,375,0.93723,0.99053,1,3
test_074.png,0.0,0,0.97133,0.99666,3,3
test_074.png,0.21,8,0.97135,0.99677,0,3
test_074.png,0.52,19,0.97135,0.99677,0,3
test_074.png,1.04,37,0.97135,0.99677,0,3
test_074.png,2.08,75,0.97135,0.99677,0,3
test_074.png,5.21,188,0.97135,0.99677,0,3
test_074.png,10.42,375,0.97135,0.99677,0,3
test_075.png,0.0,0,0.91885,0.9945,3,1
test_075.png,0.21,8,0.91889,0.99489,1,1
test_075.png,0.52,19,0.91894,0.99505,0,1
test_075.png,1.04,37,0.91894,0.99505,0,1
test_075.png,2.08,75,0.91894,0.99505,0,1
test_075.png,5.21,188,0.91894,0.99505,0,1
test_075.png,10.42,375,0.91894,0.99505,0,1
test_076.png,0.0,0,0.88552,0.99779,2,1
test_076.png,0.21,8,0.88555,0.99787,0,1
test_076.png,0.52,19,0.88555,0.99787,0,1
test_076.png,1.04,37,0.88555,0.99787,0,1
test_076.png,2.08,75,0.88555,0.99787,0,1
test_076.png,5.21,188,0.88555,0.99787,0,1
test_076.png,10.42,375,0.88555,0.99787,0,1
test_077.png,0.0,0,0.91637,0.99991,0,0
test_077.png,0.21,8,0.91637,0.99991,0,0
test_077.png,0.52,19,0.91637,0.99991,0,0
test_077.png,1.04,37,0.91637,0.99991,0,0
test_077.png,2.08,75,0.91637,0.99991,0,0
test_077.png,5.21,188,0.91637,0.99991,0,0
test_077.png,10.42,375,0.91637,0.99991,0,0
test_078.png,0.0,0,0.84725,0.98343,2,0
test_078.png,0.21,8,0.84727,0.98352,1,0
test_078.png,0.52,19,0.84737,0.98369,0,0
test_078.png,1.04,37,0.84737,0.98369,0,0
test_078.png,2.08,75,0.84737,0.98369,0,0
test_078.png,5.21,188,0.84737,0.98369,0,0
test_078.png,10.42,375,0.84737,0.98369,0,0
test_079.png,0.0,0,0.92904,0.99179,8,6
test_079.png,0.21,8,0.92912,0.99326,1,6
test_079.png,0.52,19,0.92922,0.99347,0,6
test_079.png,1.04,37,0.92922,0.99347,0,6
test_079.png,2.08,75,0.92922,0.99347,0,6
test_079.png,5.21,188,0.92922,0.99347,0,6
test_079.png,10.42,375,0.92922,0.99347,0,6
test_080.png,0.0,0,0.86285,0.99714,2,1
test_080.png,0.21,8,0.86285,0.99719,1,1
test_080.png,0.52,19,0.86296,0.99737,0,1
test_080.png,1.04,37,0.86296,0.99737,0,1
test_080.png,2.08,75,0.86296,0.99737,0,1
test_080.png,5.21,188,0.86296,0.99737,0,1
test_080.png,10.42,375,0.86296,0.99737,0,1
test_081.png,0.0,0,0.84463,0.98709,3,2
test_081.png,0.21,8,0.84464,0.98714,2,2
test_081.png,0.52,19,0.84474,0.98735,0,2
test_081.png,1.04,37,0.84474,0.98735,0,2
test_081.png,2.08,75,0.84474,0.98735,0,2
test_081.png,5.21,188,0.84474,0.98735,0,2
test_081.png,10.42,375,0.84474,0.98735,0,2
test_082.png,0.0,0,0.82855,0.97197,27,32
test_082.png,0.21,8,0.82854,0.97227,6,32
test_082.png,0.52,19,0.82847,0.97224,3,32
test_082.png,1.04,37,0.82837,0.97196,2,32
test_082.png,2.08,75,0.82893,0.97284,0,33
test_082.png,5.21,188,0.82893,0.97284,0,33
test_082.png,10.42,375,0.82893,0.97284,0,33
test_083.png,0.0,0,0.938,0.98383,15,8
test_083.png,0.21,8,0.93791,0.98397,4,8
test_083.png,0.52,19,0.93796,0.98424,3,8
test_083.png,1.04,37,0.93829,0.98547,1,8
test_083.png,2.08,75,0.9385,0.98627,0,7
test_083.png,5.21,188,0.9385,0.98627,0,7
test_083.png,10.42,375,0.9385,0.98627,0,7
test_084.png,0.0,0,0.96512,0.99797,1,1
test_084.png,0.21,8,0.96513,0.99802,0,1
test_084.png,0.52,19,0.96513,0.99802,0,1
test_084.png,1.04,37,0.96513,0.99802,0,1
test_084.png,2.08,75,0.96513,0.99802,0,1
test_084.png,5.21,188,0.96513,0.99802,0,1
test_084.png,10.42,375,0.96513,0.99802,0,1
test_085.png,0.0,0,0.91601,0.99804,0,0
test_085.png,0.21,8,0.91601,0.99804,0,0
test_085.png,0.52,19,0.91601,0.99804,0,0
test_085.png,1.04,37,0.91601,0.99804,0,0
test_085.png,2.08,75,0.91601,0.99804,0,0
test_085.png,5.21,188,0.91601,0.99804,0,0
test_085.png,10.42,375,0.91601,0.99804,0,0
test_086.png,0.0,0,0.90993,0.9835,4,9
test_086.png,0.21,8,0.90998,0.9839,0,9
test_086.png,0.52,19,0.90998,0.9839,0,9
test_086.png,1.04,37,0.90998,0.9839,0,9
test_086.png,2.08,75,0.90998,0.9839,0,9
test_086.png,5.21,188,0.90998,0.9839,0,9
test_086.png,10.42,375,0.90998,0.9839,0,9
test_087.png,0.0,0,0.84243,0.96739,26,12
test_087.png,0.21,8,0.84261,0.96873,6,12
test_087.png,0.52,19,0.84292,0.96934,1,12
test_087.png,1.04,37,0.84309,0.96995,0,12
test_087.png,2.08,75,0.84309,0.96995,0,12
test_087.png,5.21,188,0.84309,0.96995,0,12
test_087.png,10.42,375,0.84309,0.96995,0,12
test_088.png,0.0,0,0.91233,0.99192,4,2
test_088.png,0.21,8,0.91237,0.99245,2,2
test_088.png,0.52,19,0.91246,0.99351,1,2
test_088.png,1.04,37,0.91266,0.99519,0,2
test_088.png,2.08,75,0.91266,0.99519,0,2
test_088.png,5.21,188,0.91266,0.99519,0,2
test_088.png,10.42,375,0.91266,0.99519,0,2
test_089.png,0.0,0,0.86849,0.99323,5,5
test_089.png,0.21,8,0.86849,0.99343,1,5
test_089.png,0.52,19,0.86857,0.99411,0,5
test_089.png,1.04,37,0.86857,0.99411,0,5
test_089.png,2.08,75,0.86857,0.99411,0,5
test_089.png,5.21,188,0.86857,0.99411,0,5
test_089.png,10.42,375,0.86608,0.98724,1,5
test_090.png,0.0,0,0.83801,0.97201,12,8
test_090.png,0.21,8,0.83807,0.97278,2,8
test_090.png,0.52,19,0.83813,0.97296,0,8
test_090.png,1.04,37,0.83813,0.97296,0,8
test_090.png,2.08,75,0.83813,0.97296,0,8
test_090.png,5.21,188,0.83813,0.97296,0,8
test_090.png,10.42,375,0.83813,0.97296,0,8
test_091.png,0.0,0,0.88323,0.98492,6,5
test_091.png,0.21,8,0.88324,0.98524,0,5
test_091.png,0.52,19,0.88324,0.98524,0,5
test_091.png,1.04,37,0.88324,0.98524,0,5
test_091.png,2.08,75,0.88324,0.98524,0,5
test_091.png,5.21,188,0.88324,0.98524,0,5
test_091.png,10.42,375,0.88324,0.98524,0,5
test_092.png,0.0,0,0.9502,0.99799,3,0
test_092.png,0.21,8,0.95028,0.99891,0,0
test_092.png,0.52,19,0.95028,0.99891,0,0
test_092.png,1.04,37,0.95028,0.99891,0,0
test_092.png,2.08,75,0.95028,0.99891,0,0
test_092.png,5.21,188,0.95028,0.99891,0,0
test_092.png,10.42,375,0.95028,0.99891,0,0
test_093.png,0.0,0,0.9614,0.98586,5,8
test_093.png,0.21,8,0.96146,0.98631,0,8
test_093.png,0.52,19,0.96146,0.98631,0,8
test_093.png,1.04,37,0.96146,0.98631,0,8
test_093.png,2.08,75,0.96146,0.98631,0,8
test_093.png,5.21,188,0.96146,0.98631,0,8
test_093.png,10.42,375,0.96146,0.98631,0,8
test_094.png,0.0,0,0.92551,0.9982,2,1
test_094.png,0.21,8,0.92554,0.99842,0,1
test_094.png,0.52,19,0.92554,0.99842,0,1
test_094.png,1.04,37,0.92554,0.99842,0,1
test_094.png,2.08,75,0.92554,0.99842,0,1
test_094.png,5.21,188,0.92554,0.99842,0,1
test_094.png,10.42,375,0.92554,0.99842,0,1
test_095.png,0.0,0,0.93121,0.99711,0,2
test_095.png,0.21,8,0.93121,0.99711,0,2
test_095.png,0.52,19,0.93121,0.99711,0,2
test_095.png,1.04,37,0.93121,0.99711,0,2
test_095.png,2.08,75,0.93121,0.99711,0,2
test_095.png,5.21,188,0.93121,0.99711,0,2
test_095.png,10.42,375,0.93121,0.99711,0,2
test_096.png,0.0,0,0.90542,0.99747,1,0
test_096.png,0.21,8,0.90542,0.99747,1,0
test_096.png,0.52,19,0.90542,0.99747,1,0
test_096.png,1.04,37,0.90559,0.99843,0,0
test_096.png,2.08,75,0.90559,0.99843,0,0
test_096.png,5.21,188,0.90559,0.99843,0,0
test_096.png,10.42,375,0.90559,0.99843,0,0
test_097.png,0.0,0,0.88992,0.98793,11,1
test_097.png,0.21,8,0.89003,0.98857,3,1
test_097.png,0.52,19,0.89009,0.98878,2,1
test_097.png,1.04,37,0.89019,0.98941,1,1
test_097.png,2.08,75,0.89041,0.98973,0,1
test_097.png,5.21,188,0.89041,0.98973,0,1
test_097.png,10.42,375,0.89041,0.98973,0,1
test_098.png,0.0,0,0.91267,0.97059,24,13
test_098.png,0.21,8,0.91284,0.97211,8,13
test_098.png,0.52,19,0.91293,0.97291,5,13
test_098.png,1.04,37,0.91347,0.97621,1,13
test_098.png,2.08,75,0.91367,0.97659,0,13
test_098.png,5.21,188,0.91367,0.97659,0,13
test_098.png,10.42,375,0.91367,0.97659,0,13
test_099.png,0.0,0,0.91078,0.99437,4,2
test_099.png,0.21,8,0.91086,0.9947,1,2
test_099.png,0.52,19,0.91097,0.99533,0,2
test_099.png,1.04,37,0.91097,0.99533,0,2
test_099.png,2.08,75,0.91097,0.99533,0,2
test_099.png,5.21,188,0.91097,0.99533,0,2
test_099.png,10.42,375,0.91097,0.99533,0,2
test_100.png,0.0,0,0.95817,0.99659,1,2
test_100.png,0.21,8,0.95817,0.99664,0,2
test_100.png,0.52,19,0.95817,0.99664,0,2
test_100.png,1.04,37,0.95817,0.99664,0,2
test_100.png,2.08,75,0.95817,0.99664,0,2
test_100.png,5.21,188,0.95817,0.99664,0,2
test_100.png,10.42,375,0.95817,0.99664,0,2
test_101.png,0.0,0,0.92284,0.99812,1,2
test_101.png,0.21,8,0.92286,0.99819,0,2
test_101.png,0.52,19,0.92286,0.99819,0,2
test_101.png,1.04,37,0.92286,0.99819,0,2
test_101.png,2.08,75,0.92286,0.99819,0,2
test_101.png,5.21,188,0.92286,0.99819,0,2
test_101.png,10.42,375,0.92286,0.99819,0,2
test_102.png,0.0,0,0.8875,0.98349,18,3
test_102.png,0.21,8,0.88757,0.9841,9,3
test_102.png,0.52,19,0.88789,0.98606,3,3
test_102.png,1.04,37,0.88805,0.98638,2,3
test_102.png,2.08,75,0.88805,0.98638,2,3
test_102.png,5.21,188,0.88741,0.98542,1,3
test_102.png,10.42,375,0.88751,0.98572,0,3
test_103.png,0.0,0,0.87477,0.97824,13,7
test_103.png,0.21,8,0.8749,0.97947,5,7
test_103.png,0.52,19,0.87526,0.98027,2,7
test_103.png,1.04,37,0.87526,0.98027,2,7
test_103.png,2.08,75,0.87526,0.98027,2,7
test_103.png,5.21,188,0.8765,0.98281,1,7
test_103.png,10.42,375,0.87848,0.98654,0,5
test_104.png,0.0,0,0.86123,0.97952,16,11
test_104.png,0.21,8,0.8613,0.98023,3,11
test_104.png,0.52,19,0.86131,0.98043,1,11
test_104.png,1.04,37,0.86131,0.98043,1,11
test_104.png,2.08,75,0.86131,0.98043,1,11
test_104.png,5.21,188,0.86131,0.98043,1,11
test_104.png,10.42,375,0.86131,0.98043,1,11
test_105.png,0.0,0,0.96592,0.99996,0,0
test_105.png,0.21,8,0.96592,0.99996,0,0
test_105.png,0.52,19,0.96592,0.99996,0,0
test_105.png,1.04,37,0.96592,0.99996,0,0
test_105.png,2.08,75,0.96592,0.99996,0,0
test_105.png,5.21,188,0.96592,0.99996,0,0
test_105.png,10.42,375,0.96592,0.99996,0,0
test_106.png,0.0,0,0.91317,0.99479,4,4
test_106.png,0.21,8,0.91308,0.9947,1,5
test_106.png,0.52,19,0.91308,0.9947,1,5
test_106.png,1.04,37,0.91308,0.9947,1,5
test_106.png,2.08,75,0.91308,0.9947,1,5
test_106.png,5.21,188,0.91308,0.9947,1,5
test_106.png,10.42,375,0.91308,0.9947,1,5
test_107.png,0.0,0,0.7955,0.99128,2,1
test_107.png,0.21,8,0.79554,0.99147,1,1
test_107.png,0.52,19,0.79562,0.99181,0,1
test_107.png,1.04,37,0.79562,0.99181,0,1
test_107.png,2.08,75,0.79562,0.99181,0,1
test_107.png,5.21,188,0.79562,0.99181,0,1
test_107.png,10.42,375,0.79562,0.99181,0,1
test_108.png,0.0,0,0.88929,0.99562,1,0
test_108.png,0.21,8,0.88929,0.99562,1,0
test_108.png,0.52,19,0.88929,0.99562,1,0
test_108.png,1.04,37,0.88951,0.99692,0,0
test_108.png,2.08,75,0.88951,0.99692,0,0
test_108.png,5.21,188,0.88951,0.99692,0,0
test_108.png,10.42,375,0.88951,0.99692,0,0
test_109.png,0.0,0,0.83926,0.98448,12,4
test_109.png,0.21,8,0.83929,0.98522,1,4
test_109.png,0.52,19,0.83929,0.98522,1,4
test_109.png,1.04,37,0.83929,0.98522,1,4
test_109.png,2.08,75,0.83958,0.9868,0,4
test_109.png,5.21,188,0.83958,0.9868,0,4
test_109.png,10.42,375,0.83958,0.9868,0,4
test_110.png,0.0,0,0.88961,0.99719,4,1
test_110.png,0.21,8,0.88965,0.99735,2,1
test_110.png,0.52,19,0.88976,0.99789,1,1
test_110.png,1.04,37,0.88976,0.99789,1,1
test_110.png,2.08,75,0.88976,0.99789,1,1
test_110.png,5.21,188,0.88916,0.99731,0,1
test_110.png,10.42,375,0.88916,0.99731,0,1
test_111.png,0.0,0,0.9078,0.99567,4,1
test_111.png,0.21,8,0.90783,0.99582,1,1
test_111.png,0.52,19,0.90783,0.99582,1,1
test_111.png,1.04,37,0.90797,0.99608,0,1
test_111.png,2.08,75,0.90747,0.99546,2,1
test_111.png,5.21,188,0.90747,0.99546,2,1
test_111.png,10.42,375,0.90747,0.99546,2,1
test_112.png,0.0,0,0.86941,0.99643,2,1
test_112.png,0.21,8,0.86944,0.99657,0,1
test_112.png,0.52,19,0.86944,0.99657,0,1
test_112.png,1.04,37,0.86944,0.99657,0,1
test_112.png,2.08,75,0.86944,0.99657,0,1
test_112.png,5.21,188,0.86944,0.99657,0,1
test_112.png,10.42,375,0.86944,0.99657,0,1
test_113.png,0.0,0,0.86063,0.99571,1,0
test_113.png,0.21,8,0.86067,0.99596,0,0
test_113.png,0.52,19,0.86067,0.99596,0,0
test_113.png,1.04,37,0.86067,0.99596,0,0
test_113.png,2.08,75,0.86067,0.99596,0,0
test_113.png,5.21,188,0.86067,0.99596,0,0
test_113.png,10.42,375,0.86067,0.99596,0,0
test_114.png,0.0,0,0.84663,0.97367,14,12
test_114.png,0.21,8,0.84667,0.97436,2,12
test_114.png,0.52,19,0.84672,0.97456,1,12
test_114.png,1.04,37,0.84672,0.97456,1,12
test_114.png,2.08,75,0.84672,0.97456,1,12
test_114.png,5.21,188,0.84672,0.97456,1,12
test_114.png,10.42,375,0.84672,0.97456,1,12
test_115.png,0.0,0,0.94938,0.99082,7,5
test_115.png,0.21,8,0.94943,0.99122,3,5
test_115.png,0.52,19,0.94956,0.99218,1,5
test_115.png,1.04,37,0.94967,0.99307,0,5
test_115.png,2.08,75,0.94967,0.99307,0,5
test_115.png,5.21,188,0.94967,0.99307,0,5
test_115.png,10.42,375,0.94967,0.99307,0,5
test_116.png,0.0,0,0.93982,0.99771,2,0
test_116.png,0.21,8,0.93983,0.99776,1,0
test_116.png,0.52,19,0.9399,0.99828,0,0
test_116.png,1.04,37,0.9399,0.99828,0,0
test_116.png,2.08,75,0.9399,0.99828,0,0
test_116.png,5.21,188,0.93935,0.99693,1,0
test_116.png,10.42,375,0.93935,0.99693,1,0
test_117.png,0.0,0,0.94531,0.99881,0,1
test_117.png,0.21,8,0.94531,0.99881,0,1
test_117.png,0.52,19,0.94531,0.99881,0,1
test_117.png,1.04,37,0.94531,0.99881,0,1
test_117.png,2.08,75,0.94523,0.99852,1,1
test_117.png,5.21,188,0.94523,0.99852,1,1
test_117.png,10.42,375,0.94523,0.99852,1,1
test_118.png,0.0,0,0.94796,0.99913,1,0
test_118.png,0.21,8,0.94797,0.99918,0,0
test_118.png,0.52,19,0.94797,0.99918,0,0
test_118.png,1.04,37,0.94797,0.99918,0,0
test_118.png,2.08,75,0.94797,0.99918,0,0
test_118.png,5.21,188,0.94797,0.99918,0,0
test_118.png,10.42,375,0.94797,0.99918,0,0
test_119.png,0.0,0,0.96696,0.99573,1,1
test_119.png,0.21,8,0.96696,0.99573,1,1
test_119.png,0.52,19,0.96702,0.99607,0,1
test_119.png,1.04,37,0.96702,0.99607,0,1
test_119.png,2.08,75,0.96702,0.99607,0,1
test_119.png,5.21,188,0.96702,0.99607,0,1
test_119.png,10.42,375,0.96702,0.99607,0,1
test_120.png,0.0,0,0.94762,0.99882,0,3
test_120.png,0.21,8,0.94762,0.99882,0,3
test_120.png,0.52,19,0.94762,0.99882,0,3
test_120.png,1.04,37,0.94762,0.99882,0,3
test_120.png,2.08,75,0.94762,0.99882,0,3
test_120.png,5.21,188,0.94762,0.99882,0,3
test_120.png,10.42,375,0.94762,0.99882,0,3
test_121.png,0.0,0,0.75354,0.74149,138,93
test_121.png,0.21,8,0.75443,0.74745,29,93
test_121.png,0.52,19,0.75521,0.7503,9,93
test_121.png,1.04,37,0.75563,0.75161,5,91
test_121.png,2.08,75,0.75561,0.75141,3,91
test_121.png,5.21,188,0.75494,0.75077,0,91
test_121.png,10.42,375,0.75494,0.75077,0,91
test_122.png,0.0,0,0.77967,0.87872,74,23
test_122.png,0.21,8,0.77975,0.88068,27,23
test_122.png,0.52,19,0.77984,0.88148,21,23
test_122.png,1.04,37,0.77994,0.88183,17,23
test_122.png,2.08,75,0.78018,0.88242,10,21
test_122.png,5.21,188,0.77987,0.88087,7,21
test_122.png,10.42,375,0.77752,0.87809,6,21
test_123.png,0.0,0,0.80772,0.8547,292,54
test_123.png,0.21,8,0.80793,0.859,90,54
test_123.png,0.52,19,0.80761,0.85929,53,54
test_123.png,1.04,37,0.80516,0.85669,37,54
test_123.png,2.08,75,0.80153,0.85308,26,55
test_123.png,5.21,188,0.80075,0.85226,23,55
test_123.png,10.42,375,0.77672,0.82672,9,57
test_124.png,0.0,0,0.42736,0.48127,213,45
test_124.png,0.21,8,0.42775,0.48615,102,45
test_124.png,0.52,19,0.42885,0.49288,74,45
test_124.png,1.04,37,0.42984,0.49834,56,44
test_124.png,2.08,75,0.43085,0.50237,49,44
test_124.png,5.21,188,0.43925,0.52207,33,42
test_124.png,10.42,375,0.44575,0.54076,21,30
test_125.png,0.0,0,0.47324,0.58696,193,8
test_125.png,0.21,8,0.471,0.58633,87,8
test_125.png,0.52,19,0.46994,0.58436,77,7
test_125.png,1.04,37,0.46569,0.57874,63,5
test_125.png,2.08,75,0.45946,0.5679,48,3
test_125.png,5.21,188,0.4408,0.54408,33,2
test_125.png,10.42,375,0.41394,0.49892,22,10
test_126.png,0.0,0,0.89927,0.98547,11,15
test_126.png,0.21,8,0.8992,0.98565,1,15
test_126.png,0.52,19,0.8992,0.98565,1,15
test_126.png,1.04,37,0.89928,0.98619,0,15
test_126.png,2.08,75,0.89928,0.98619,0,15
test_126.png,5.21,188,0.89928,0.98619,0,15
test_126.png,10.42,375,0.89928,0.98619,0,15
test_127.png,0.0,0,0.92095,0.98437,25,24
test_127.png,0.21,8,0.92094,0.98457,9,24
test_127.png,0.52,19,0.92096,0.98481,7,24
test_127.png,1.04,37,0.92066,0.98433,3,24
test_127.png,2.08,75,0.9205,0.98404,2,24
test_127.png,5.21,188,0.92025,0.98356,1,24
test_127.png,10.42,375,0.92025,0.98356,1,24
test_128.png,0.0,0,0.8902,0.97986,9,17
test_128.png,0.21,8,0.89024,0.9807,1,17
test_128.png,0.52,19,0.89024,0.9807,1,17
test_128.png,1.04,37,0.89024,0.9807,1,17
test_128.png,2.08,75,0.88978,0.9799,0,16
test_128.png,5.21,188,0.88978,0.9799,0,16
test_128.png,10.42,375,0.88978,0.9799,0,16
test_129.png,0.0,0,0.91325,0.96409,36,1
test_129.png,0.21,8,0.91317,0.96472,12,1
test_129.png,0.52,19,0.91305,0.96441,10,1
test_129.png,1.04,37,0.91287,0.96429,8,1
test_129.png,2.08,75,0.91252,0.96341,5,1
test_129.png,5.21,188,0.91134,0.96181,3,4
test_129.png,10.42,375,0.90894,0.95851,1,5
test_130.png,0.0,0,0.66063,0.69584,275,83
test_130.png,0.21,8,0.6601,0.70052,109,83
test_130.png,0.52,19,0.65917,0.70191,79,82
test_130.png,1.04,37,0.65989,0.70648,60,81
test_130.png,2.08,75,0.66119,0.71054,43,80
test_130.png,5.21,188,0.66446,0.71956,24,74
test_130.png,10.42,375,0.65418,0.71552,16,70
test_131.png,0.0,0,0.81104,0.8914,86,57
test_131.png,0.21,8,0.81037,0.89121,22,57
test_131.png,0.52,19,0.81003,0.89097,16,57
test_131.png,1.04,37,0.80922,0.89012,11,57
test_131.png,2.08,75,0.80807,0.88984,6,57
test_131.png,5.21,188,0.80642,0.88706,3,57
test_131.png,10.42,375,0.8042,0.88571,2,57
test_132.png,0.0,0,0.88533,0.96321,19,21
test_132.png,0.21,8,0.88519,0.96343,4,21
test_132.png,0.52,19,0.88519,0.96343,4,21
test_132.png,1.04,37,0.88507,0.9636,3,21
test_132.png,2.08,75,0.88507,0.9636,3,21
test_132.png,5.21,188,0.88381,0.96095,2,21
test_132.png,10.42,375,0.88206,0.95783,1,20
test_133.png,0.0,0,0.7443,0.71863,204,1
test_133.png,0.21,8,0.74538,0.72437,83,1
test_133.png,0.52,19,0.74651,0.72747,60,1
test_133.png,1.04,37,0.74808,0.73066,45,1
test_133.png,2.08,75,0.74973,0.73335,36,1
test_133.png,5.21,188,0.75002,0.7337,27,1
test_133.png,10.42,375,0.74514,0.72759,22,1
test_134.png,0.0,0,0.89333,0.91183,50,21
test_134.png,0.21,8,0.89335,0.9132,19,21
test_134.png,0.52,19,0.89359,0.91438,12,21
test_134.png,1.04,37,0.8941,0.91579,8,21
test_134.png,2.08,75,0.89392,0.91443,3,21
test_134.png,5.21,188,0.89586,0.91809,0,21
test_134.png,10.42,375,0.89586,0.91809,0,21
test_135.png,0.0,0,0.86734,0.91239,39,42
test_135.png,0.21,8,0.86737,0.91416,11,42
test_135.png,0.52,19,0.86729,0.91444,8,42
test_135.png,1.04,37,0.86767,0.91595,5,42
test_135.png,2.08,75,0.86767,0.91595,5,42
test_135.png,5.21,188,0.86941,0.92029,2,42
test_135.png,10.42,375,0.86941,0.92029,2,42
test_136.png,0.0,0,0.46469,0.51888,108,36
test_136.png,0.21,8,0.46479,0.52131,48,36
test_136.png,0.52,19,0.46509,0.52335,36,36
test_136.png,1.04,37,0.46617,0.5289,24,35
test_136.png,2.08,75,0.46622,0.5299,16,33
test_136.png,5.21,188,0.46596,0.52954,13,30
test_136.png,10.42,375,0.46698,0.53204,11,29
test_137.png,0.0,0,0.80748,0.87615,150,25
test_137.png,0.21,8,0.80709,0.87732,54,25
test_137.png,0.52,19,0.8065,0.87726,42,25
test_137.png,1.04,37,0.80541,0.87608,34,25
test_137.png,2.08,75,0.80305,0.87289,24,22
test_137.png,5.21,188,0.79859,0.86793,16,19
test_137.png,10.42,375,0.79398,0.86273,14,18
test_138.png,0.0,0,0.93286,0.99196,1,1
test_138.png,0.21,8,0.9329,0.99205,0,1
test_138.png,0.52,19,0.9329,0.99205,0,1
test_138.png,1.04,37,0.9329,0.99205,0,1
test_138.png,2.08,75,0.9329,0.99205,0,1
test_138.png,5.21,188,0.93273,0.9912,1,1
test_138.png,10.42,375,0.93273,0.9912,1,1
test_139.png,0.0,0,0.52253,0.49102,290,94
test_139.png,0.21,8,0.52311,0.49602,126,94
test_139.png,0.52,19,0.5239,0.49872,87,92
test_139.png,1.04,37,0.52504,0.5004,69,91
test_139.png,2.08,75,0.52697,0.50544,45,89
test_139.png,5.21,188,0.53275,0.51348,25,83
test_139.png,10.42,375,0.53446,0.51496,15,73
test_140.png,0.0,0,0.87675,0.93503,30,59
test_140.png,0.21,8,0.87669,0.93577,10,59
test_140.png,0.52,19,0.87673,0.93631,6,59
test_140.png,1.04,37,0.87673,0.93631,6,59
test_140.png,2.08,75,0.87732,0.93889,4,59
test_140.png,5.21,188,0.87793,0.94115,3,58
test_140.png,10.42,375,0.87793,0.94115,3,58
test_141.png,0.0,0,0.91114,0.97801,12,16
test_141.png,0.21,8,0.91114,0.97887,4,16
test_141.png,0.52,19,0.91109,0.97863,3,15
test_141.png,1.04,37,0.91083,0.97837,0,15
test_141.png,2.08,75,0.91083,0.97837,0,15
test_141.png,5.21,188,0.91083,0.97837,0,15
test_141.png,10.42,375,0.91083,0.97837,0,15
test_142.png,0.0,0,0.79607,0.80347,139,59
test_142.png,0.21,8,0.797,0.81097,51,59
test_142.png,0.52,19,0.79809,0.81529,36,59
test_142.png,1.04,37,0.79915,0.81821,29,58
test_142.png,2.08,75,0.80256,0.82666,19,58
test_142.png,5.21,188,0.80409,0.83143,12,56
test_142.png,10.42,375,0.81101,0.84307,6,53
test_143.png,0.0,0,0.81398,0.92389,72,24
test_143.png,0.21,8,0.8137,0.92463,40,24
test_143.png,0.52,19,0.81316,0.92509,31,24
test_143.png,1.04,37,0.81328,0.92618,27,24
test_143.png,2.08,75,0.81128,0.92314,23,24
test_143.png,5.21,188,0.80388,0.91442,16,24
test_143.png,10.42,375,0.79533,0.90367,13,24
test_144.png,0.0,0,0.58267,0.5698,210,73
test_144.png,0.21,8,0.58325,0.57341,80,73
test_144.png,0.52,19,0.58382,0.5758,60,73
test_144.png,1.04,37,0.58434,0.5785,49,71
test_144.png,2.08,75,0.58414,0.57918,38,68
test_144.png,5.21,188,0.58184,0.57727,25,68
test_144.png,10.42,375,0.58832,0.58753,17,67
test_145.png,0.0,0,0.83438,0.83137,112,70
test_145.png,0.21,8,0.83494,0.83616,47,70
test_145.png,0.52,19,0.83576,0.84061,32,70
test_145.png,1.04,37,0.8372,0.84559,18,70
test_145.png,2.08,75,0.83755,0.8486,10,70
test_145.png,5.21,188,0.84036,0.85488,5,70
test_145.png,10.42,375,0.83956,0.85762,2,70
test_146.png,0.0,0,0.76824,0.86845,119,11
test_146.png,0.21,8,0.76807,0.86921,64,11
test_146.png,0.52,19,0.76842,0.87074,50,11
test_146.png,1.04,37,0.76858,0.87169,45,11
test_146.png,2.08,75,0.76808,0.87123,42,11
test_146.png,5.21,188,0.76182,0.8622,29,11
test_146.png,10.42,375,0.75253,0.84883,22,10
test_147.png,0.0,0,0.48358,0.54362,127,36
test_147.png,0.21,8,0.48317,0.54449,70,36
test_147.png,0.52,19,0.48276,0.54641,49,36
test_147.png,1.04,37,0.48362,0.55297,39,35
test_147.png,2.08,75,0.48295,0.55651,30,33
test_147.png,5.21,188,0.48234,0.55817,27,33
test_147.png,10.42,375,0.48276,0.56856,21,27
test_148.png,0.0,0,0.85717,0.97232,12,6
test_148.png,0.21,8,0.85728,0.97339,3,6
test_148.png,0.52,19,0.85721,0.97371,1,6
test_148.png,1.04,37,0.85721,0.97371,1,6
test_148.png,2.08,75,0.85721,0.97371,1,6
test_148.png,5.21,188,0.85689,0.97332,0,6
test_148.png,10.42,375,0.85537,0.97203,1,6
test_149.png,0.0,0,0.61353,0.7276,204,44
test_149.png,0.21,8,0.61056,0.72779,75,44
test_149.png,0.52,19,0.60867,0.72678,59,44
test_149.png,1.04,37,0.60691,0.72405,52,44
test_149.png,2.08,75,0.60209,0.72096,41,42
test_149.png,5.21,188,0.58368,0.70467,29,37
test_149.png,10.42,375,0.54555,0.66783,18,33
test_150.png,0.0,0,0.79675,0.82353,118,49
test_150.png,0.21,8,0.79746,0.82922,48,49
test_150.png,0.52,19,0.79806,0.83175,29,48
test_150.png,1.04,37,0.79926,0.83524,20,47
test_150.png,2.08,75,0.79903,0.83499,18,47
test_150.png,5.21,188,0.80034,0.8371,11,46
test_150.png,10.42,375,0.79827,0.83487,8,45
test_151.png,0.0,0,0.81687,0.86035,122,44
test_151.png,0.21,8,0.8175,0.86548,57,44
test_151.png,0.52,19,0.81901,0.87192,35,44
test_151.png,1.04,37,0.82117,0.87881,22,44
test_151.png,2.08,75,0.82349,0.88482,10,44
test_151.png,5.21,188,0.82608,0.89036,5,43
test_151.png,10.42,375,0.82277,0.8863,3,42
test_152.png,0.0,0,0.88641,0.95746,27,21
test_152.png,0.21,8,0.88632,0.95759,13,21
test_152.png,0.52,19,0.88613,0.95755,11,21
test_152.png,1.04,37,0.88571,0.95718,8,21
test_152.png,2.08,75,0.8852,0.9563,7,21
test_152.png,5.21,188,0.88325,0.9537,4,21
test_152.png,10.42,375,0.87995,0.95073,2,21
test_153.png,0.0,0,0.7769,0.79174,133,42
test_153.png,0.21,8,0.77776,0.79773,49,42
test_153.png,0.52,19,0.77911,0.80325,29,42
test_153.png,1.04,37,0.78084,0.80938,16,42
test_153.png,2.08,75,0.78255,0.81437,8,42
test_153.png,5.21,188,0.78605,0.82212,3,42
test_153.png,10.42,375,0.78942,0.82698,1,42
test_154.png,0.0,0,0.8491,0.89298,66,2
test_154.png,0.21,8,0.84961,0.89736,12,2
test_154.png,0.52,19,0.84987,0.89831,7,2
test_154.png,1.04,37,0.85021,0.89972,4,1
test_154.png,2.08,75,0.85079,0.90164,2,1
test_154.png,5.21,188,0.85079,0.90164,2,1
test_154.png,10.42,375,0.85079,0.90164,2,1
test_155.png,0.0,0,0.40414,0.44387,141,32
test_155.png,0.21,8,0.40476,0.44857,65,32
test_155.png,0.52,19,0.40492,0.45047,57,32
test_155.png,1.04,37,0.40582,0.45394,49,32
test_155.png,2.08,75,0.40804,0.46166,37,31
test_155.png,5.21,188,0.41018,0.47114,25,27
test_155.png,10.42,375,0.41326,0.479,21,25
test_156.png,0.0,0,0.69037,0.75567,139,34
test_156.png,0.21,8,0.6886,0.75646,51,34
test_156.png,0.52,19,0.6878,0.75737,37,34
test_156.png,1.04,37,0.68731,0.75911,30,34
test_156.png,2.08,75,0.68544,0.7591,25,33
test_156.png,5.21,188,0.68084,0.75618,20,31
test_156.png,10.42,375,0.67192,0.74285,16,27
test_157.png,0.0,0,0.86593,0.82127,154,56
test_157.png,0.21,8,0.86689,0.83025,60,56
test_157.png,0.52,19,0.86782,0.83476,49,55
test_157.png,1.04,37,0.87046,0.84192,36,55
test_157.png,2.08,75,0.87473,0.85454,25,55
test_157.png,5.21,188,0.88761,0.89393,9,51
test_157.png,10.42,375,0.89431,0.9092,5,50
test_158.png,0.0,0,0.92073,0.97438,7,5
test_158.png,0.21,8,0.9208,0.97504,3,5
test_158.png,0.52,19,0.92088,0.97582,2,5
test_158.png,1.04,37,0.92088,0.977,0,5
test_158.png,2.08,75,0.92088,0.977,0,5
test_158.png,5.21,188,0.92088,0.977,0,5
test_158.png,10.42,375,0.92088,0.977,0,5
test_159.png,0.0,0,0.60505,0.71267,149,58
test_159.png,0.21,8,0.60343,0.71245,68,58
test_159.png,0.52,19,0.60126,0.71172,46,58
test_159.png,1.04,37,0.59871,0.71052,35,58
test_159.png,2.08,75,0.59344,0.70739,27,55
test_159.png,5.21,188,0.58583,0.69962,22,50
test_159.png,10.42,375,0.56696,0.67087,15,44
test_160.png,0.0,0,0.65219,0.74013,150,49
test_160.png,0.21,8,0.6507,0.73986,60,49
test_160.png,0.52,19,0.6493,0.7403,40,49
test_160.png,1.04,37,0.64787,0.73906,34,49
test_160.png,2.08,75,0.64483,0.73631,25,48
test_160.png,5.21,188,0.64237,0.73343,19,48
test_160.png,10.42,375,0.63349,0.72084,14,46
test_161.png,0.0,0,0.71786,0.74159,155,16
test_161.png,0.21,8,0.71867,0.746,70,16
test_161.png,0.52,19,0.7194,0.74879,51,16
test_161.png,1.04,37,0.71858,0.74926,36,15
test_161.png,2.08,75,0.72095,0.75338,25,13
test_161.png,5.21,188,0.72268,0.75489,16,13
test_161.png,10.42,375,0.72258,0.75515,10,13
test_162.png,0.0,0,0.74257,0.76915,95,19
test_162.png,0.21,8,0.74269,0.77155,33,19
test_162.png,0.52,19,0.74279,0.77221,23,19
test_162.png,1.04,37,0.74265,0.77176,18,17
test_162.png,2.08,75,0.74283,0.77301,14,17
test_162.png,5.21,188,0.74168,0.77349,8,13
test_162.png,10.42,375,0.74013,0.77099,4,13
test_163.png,0.0,0,0.85573,0.92317,36,30
test_163.png,0.21,8,0.85587,0.92433,14,30
test_163.png,0.52,19,0.85605,0.92499,9,30
test_163.png,1.04,37,0.85619,0.92561,6,30
test_163.png,2.08,75,0.8564,0.92625,4,29
test_163.png,5.21,188,0.8564,0.92625,4,29
test_163.png,10.42,375,0.85301,0.92161,2,29
test_164.png,0.0,0,0.91636,0.99669,2,1
test_164.png,0.21,8,0.91637,0.99678,0,1
test_164.png,0.52,19,0.91637,0.99678,0,1
test_164.png,1.04,37,0.91637,0.99678,0,1
test_164.png,2.08,75,0.91637,0.99678,0,1
test_164.png,5.21,188,0.91637,0.99678,0,1
test_164.png,10.42,375,0.91576,0.99486,1,1
test_165.png,0.0,0,0.89898,0.98538,14,9
test_165.png,0.21,8,0.89897,0.98563,5,9
test_165.png,0.52,19,0.89897,0.98563,5,9
test_165.png,1.04,37,0.8986,0.98509,3,9
test_165.png,2.08,75,0.89793,0.98424,1,9
test_165.png,5.21,188,0.89686,0.98317,0,9
test_165.png,10.42,375,0.89686,0.98317,0,9
test_166.png,0.0,0,0.91471,0.97872,16,3
test_166.png,0.21,8,0.91484,0.98007,3,3
test_166.png,0.52,19,0.9149,0.98018,1,3
test_166.png,1.04,37,0.91502,0.98062,0,3
test_166.png,2.08,75,0.91502,0.98062,0,3
test_166.png,5.21,188,0.91502,0.98062,0,3
test_166.png,10.42,375,0.91502,0.98062,0,3
test_167.png,0.0,0,0.84197,0.9139,79,20
test_167.png,0.21,8,0.84165,0.91479,37,20
test_167.png,0.52,19,0.841,0.91409,27,20
test_167.png,1.04,37,0.84136,0.91464,23,20
test_167.png,2.08,75,0.84043,0.91357,21,21
test_167.png,5.21,188,0.83606,0.90501,15,21
test_167.png,10.42,375,0.82301,0.88423,7,22
test_168.png,0.0,0,0.81544,0.8419,84,43
test_168.png,0.21,8,0.81556,0.84645,29,43
test_168.png,0.52,19,0.81581,0.84886,21,43
test_168.png,1.04,37,0.81683,0.85164,16,43
test_168.png,2.08,75,0.81863,0.85715,10,42
test_168.png,5.21,188,0.81919,0.86103,5,42
test_168.png,10.42,375,0.81919,0.86103,5,42
test_169.png,0.0,0,0.79321,0.79615,108,68
test_169.png,0.21,8,0.79409,0.80408,23,68
test_169.png,0.52,19,0.79456,0.80664,11,68
test_169.png,1.04,37,0.79473,0.8074,10,68
test_169.png,2.08,75,0.79559,0.81012,6,68
test_169.png,5.21,188,0.79546,0.80929,4,68
test_169.png,10.42,375,0.79568,0.80904,1,68
test_170.png,0.0,0,0.86257,0.92076,57,46
test_170.png,0.21,8,0.8627,0.92225,22,46
test_170.png,0.52,19,0.86312,0.92425,15,46
test_170.png,1.04,37,0.86339,0.92566,11,46
test_170.png,2.08,75,0.86379,0.92763,7,45
test_170.png,5.21,188,0.86338,0.92687,4,45
test_170.png,10.42,375,0.86182,0.92386,3,45
test_171.png,0.0,0,0.54049,0.53678,327,36
test_171.png,0.21,8,0.53976,0.53964,157,36
test_171.png,0.52,19,0.54013,0.54289,118,36
test_171.png,1.04,37,0.54137,0.55208,88,36
test_171.png,2.08,75,0.54118,0.55825,63,34
test_171.png,5.21,188,0.53181,0.55323,42,29
test_171.png,10.42,375,0.52159,0.5596,27,21
test_172.png,0.0,0,0.61106,0.63952,266,44
test_172.png,0.21,8,0.61013,0.6422,121,44
test_172.png,0.52,19,0.61051,0.64846,82,44
test_172.png,1.04,37,0.61197,0.65781,61,43
test_172.png,2.08,75,0.61151,0.66322,43,43
test_172.png,5.21,188,0.61078,0.66881,34,42
test_172.png,10.42,375,0.60068,0.66125,28,40
test_173.png,0.0,0,0.889,0.9849,18,17
test_173.png,0.21,8,0.88894,0.98524,5,17
test_173.png,0.52,19,0.88871,0.9853,1,17
test_173.png,1.04,37,0.88871,0.9853,1,17
test_173.png,2.08,75,0.88871,0.9853,1,17
test_173.png,5.21,188,0.8874,0.98415,0,17
test_173.png,10.42,375,0.8874,0.98415,0,17
test_174.png,0.0,0,0.51832,0.5174,358,86
test_174.png,0.21,8,0.51824,0.51983,172,86
test_174.png,0.52,19,0.51946,0.52482,133,86
test_174.png,1.04,37,0.52149,0.52989,98,83
test_174.png,2.08,75,0.52602,0.54106,76,79
test_174.png,5.21,188,0.52428,0.54956,45,76
test_174.png,10.42,375,0.52428,0.55413,32,62
test_175.png,0.0,0,0.71404,0.82555,17,13
test_175.png,0.21,8,0.71392,0.82561,6,13
test_175.png,0.52,19,0.71407,0.82657,1,13
test_175.png,1.04,37,0.71407,0.82657,1,13
test_175.png,2.08,75,0.71407,0.82657,1,13
test_175.png,5.21,188,0.71454,0.8278,0,13
test_175.png,10.42,375,0.71454,0.8278,0,13
test_176.png,0.0,0,0.76812,0.85531,28,7
test_176.png,0.21,8,0.76809,0.85562,15,7
test_176.png,0.52,19,0.7681,0.85604,9,7
test_176.png,1.04,37,0.76831,0.8564,8,7
test_176.png,2.08,75,0.76932,0.85925,5,7
test_176.png,5.21,188,0.77302,0.86809,0,7
test_176.png,10.42,375,0.77302,0.86809,0,7
test_177.png,0.0,0,0.70774,0.88793,62,34
test_177.png,0.21,8,0.708,0.89094,18,34
test_177.png,0.52,19,0.70834,0.89275,10,34
test_177.png,1.04,37,0.70864,0.89367,6,34
test_177.png,2.08,75,0.70864,0.89367,6,34
test_177.png,5.21,188,0.70864,0.89367,6,34
test_177.png,10.42,375,0.70774,0.89221,4,34
test_178.png,0.0,0,0.76446,0.81574,162,46
test_178.png,0.21,8,0.76445,0.82044,68,46
test_178.png,0.52,19,0.76458,0.82507,47,45
test_178.png,1.04,37,0.76467,0.83059,37,45
test_178.png,2.08,75,0.76394,0.83261,32,42
test_178.png,5.21,188,0.76425,0.83572,25,41
test_178.png,10.42,375,0.7486,0.82016,18,39
test_179.png,0.0,0,0.72713,0.91181,48,28
test_179.png,0.21,8,0.72709,0.91256,19,28
test_179.png,0.52,19,0.72722,0.91336,12,28
test_179.png,1.04,37,0.72695,0.91298,11,28
test_179.png,2.08,75,0.72629,0.9127,8,28
test_179.png,5.21,188,0.72307,0.91092,1,31
test_179.png,10.42,375,0.72307,0.91092,1,31
test_180.png,0.0,0,0.68956,0.89423,24,35
test_180.png,0.21,8,0.68963,0.89496,9,35
test_180.png,0.52,19,0.68966,0.89516,5,35
test_180.png,1.04,37,0.68971,0.89539,3,35
test_180.png,2.08,75,0.68947,0.89564,1,35
test_180.png,5.21,188,0.68947,0.89564,1,35
test_180.png,10.42,375,0.68947,0.89564,1,35
test_181.png,0.0,0,0.72597,0.88744,56,0
test_181.png,0.21,8,0.7262,0.88983,18,0
test_181.png,0.52,19,0.72655,0.89109,9,0
test_181.png,1.04,37,0.72659,0.89138,6,0
test_181.png,2.08,75,0.72733,0.89402,1,0
test_181.png,5.21,188,0.72638,0.89194,0,1
test_181.png,10.42,375,0.72638,0.89194,0,1
test_182.png,0.0,0,0.78769,0.8645,82,11
test_182.png,0.21,8,0.78761,0.86613,40,11
test_182.png,0.52,19,0.7874,0.86768,29,11
test_182.png,1.04,37,0.78649,0.86747,22,11
test_182.png,2.08,75,0.78821,0.87441,15,11
test_182.png,5.21,188,0.7843,0.87011,10,11
test_182.png,10.42,375,0.77995,0.86546,8,11
test_183.png,0.0,0,0.67965,0.73788,210,50
test_183.png,0.21,8,0.67913,0.74367,87,50
test_183.png,0.52,19,0.67925,0.74779,70,50
test_183.png,1.04,37,0.6803,0.75521,55,49
test_183.png,2.08,75,0.68279,0.76617,40,48
test_183.png,5.21,188,0.67785,0.77222,26,42
test_183.png,10.42,375,0.66829,0.75884,20,37
test_184.png,0.0,0,0.74137,0.8474,136,233
test_184.png,0.21,8,0.74162,0.84875,48,233
test_184.png,0.52,19,0.7424,0.85029,22,233
test_184.png,1.04,37,0.74257,0.85037,14,233
test_184.png,2.08,75,0.7412,0.84827,9,233
test_184.png,5.21,188,0.73958,0.84676,4,234
test_184.png,10.42,375,0.73693,0.84275,2,234
test_185.png,0.0,0,0.8929,0.9776,19,12
test_185.png,0.21,8,0.89283,0.97831,6,12
test_185.png,0.52,19,0.89272,0.9783,5,12
test_185.png,1.04,37,0.89222,0.97564,3,12
test_185.png,2.08,75,0.89222,0.97564,3,12
test_185.png,5.21,188,0.89123,0.97523,2,12
test_185.png,10.42,375,0.89123,0.97523,2,12
test_186.png,0.0,0,0.58411,0.58664,292,97
test_186.png,0.21,8,0.5836,0.58839,135,97
test_186.png,0.52,19,0.58473,0.59379,94,97
test_186.png,1.04,37,0.58587,0.59805,79,97
test_186.png,2.08,75,0.58701,0.60517,62,94
test_186.png,5.21,188,0.58818,0.61925,41,89
test_186.png,10.42,375,0.57991,0.61368,30,80
test_187.png,0.0,0,0.62919,0.65344,279,62
test_187.png,0.21,8,0.62878,0.65731,117,62
test_187.png,0.52,19,0.62877,0.66172,82,62
test_187.png,1.04,37,0.62951,0.66592,59,61
test_187.png,2.08,75,0.63021,0.67242,43,61
test_187.png,5.21,188,0.62943,0.67583,31,60
test_187.png,10.42,375,0.60818,0.65591,22,53
test_188.png,0.0,0,0.52296,0.58162,228,36
test_188.png,0.21,8,0.52314,0.58555,126,36
test_188.png,0.52,19,0.52346,0.58897,94,36
test_188.png,1.04,37,0.52475,0.59306,80,36
test_188.png,2.08,75,0.52782,0.60345,57,30
test_188.png,5.21,188,0.52579,0.6006,41,27
test_188.png,10.42,375,0.52541,0.60318,25,18
test_189.png,0.0,0,0.72376,0.91068,44,24
test_189.png,0.21,8,0.724,0.91249,17,24
test_189.png,0.52,19,0.72436,0.91449,6,24
test_189.png,1.04,37,0.72452,0.91506,3,24
test_189.png,2.08,75,0.72474,0.91601,2,24
test_189.png,5.21,188,0.72474,0.91601,2,24
test_189.png,10.42,375,0.72474,0.91601,2,24
test_190.png,0.0,0,0.69244,0.70651,176,50
test_190.png,0.21,8,0.69206,0.70859,82,50
test_190.png,0.52,19,0.69202,0.71127,61,50
test_190.png,1.04,37,0.69196,0.71405,53,50
test_190.png,2.08,75,0.69182,0.71914,43,50
test_190.png,5.21,188,0.68822,0.71962,33,48
test_190.png,10.42,375,0.68009,0.71601,27,45
test_191.png,0.0,0,0.72144,0.89397,50,8
test_191.png,0.21,8,0.72166,0.89605,14,8
test_191.png,0.52,19,0.72194,0.89687,9,8
test_191.png,1.04,37,0.72185,0.89672,7,8
test_191.png,2.08,75,0.72185,0.89672,7,8
test_191.png,5.21,188,0.72243,0.89899,2,9
test_191.png,10.42,375,0.72369,0.90115,1,12
test_192.png,0.0,0,0.71372,0.87878,67,10
test_192.png,0.21,8,0.71405,0.88198,19,10
test_192.png,0.52,19,0.71449,0.88384,11,10
test_192.png,1.04,37,0.71509,0.88575,6,10
test_192.png,2.08,75,0.715,0.88666,3,10
test_192.png,5.21,188,0.71443,0.88603,2,10
test_192.png,10.42,375,0.71443,0.88603,2,10
test_193.png,0.0,0,0.78146,0.8005,180,75
test_193.png,0.21,8,0.78269,0.8092,73,75
test_193.png,0.52,19,0.7846,0.81629,43,75
test_193.png,1.04,37,0.78699,0.8237,26,73
test_193.png,2.08,75,0.78969,0.83083,17,71
test_193.png,5.21,188,0.7974,0.84681,5,68
test_193.png,10.42,375,0.80459,0.85887,0,67
test_194.png,0.0,0,0.82404,0.9012,56,14
test_194.png,0.21,8,0.82406,0.90232,29,14
test_194.png,0.52,19,0.82414,0.90436,21,14
test_194.png,1.04,37,0.82359,0.90366,17,14
test_194.png,2.08,75,0.82317,0.90315,16,14
test_194.png,5.21,188,0.81941,0.89735,13,14
test_194.png,10.42,375,0.81085,0.88843,9,16
test_195.png,0.0,0,0.69481,0.75321,227,42
test_195.png,0.21,8,0.69443,0.75742,102,42
test_195.png,0.52,19,0.6945,0.76083,78,42
test_195.png,1.04,37,0.69538,0.76612,62,42
test_195.png,2.08,75,0.69298,0.77147,45,38
test_195.png,5.21,188,0.68344,0.76755,28,34
test_195.png,10.42,375,0.6815,0.76865,23,33
test_196.png,0.0,0,0.86468,0.93314,47,9
test_196.png,0.21,8,0.86458,0.93435,20,9
test_196.png,0.52,19,0.86463,0.93693,12,9
test_196.png,1.04,37,0.86452,0.93797,10,9
test_196.png,2.08,75,0.86418,0.93795,9,9
test_196.png,5.21,188,0.86401,0.93878,7,8
test_196.png,10.42,375,0.85942,0.93475,5,7
test_197.png,0.0,0,0.76588,0.82386,122,47
test_197.png,0.21,8,0.76556,0.82634,58,47
test_197.png,0.52,19,0.76609,0.83088,43,47
test_197.png,1.04,37,0.76635,0.83259,38,47
test_197.png,2.08,75,0.76565,0.83533,31,47
test_197.png,5.21,188,0.76375,0.84202,21,44
test_197.png,10.42,375,0.7579,0.8351,19,43
test_198.png,0.0,0,0.53862,0.53609,364,87
test_198.png,0.21,8,0.5386,0.54042,182,87
test_198.png,0.52,19,0.53919,0.54495,137,87
test_198.png,1.04,37,0.53924,0.5523,103,87
test_198.png,2.08,75,0.53636,0.55697,72,83
test_198.png,5.21,188,0.53323,0.56543,42,74
test_198.png,10.42,375,0.52838,0.56229,26,64
test_199.png,0.0,0,0.85746,0.93243,71,24
test_199.png,0.21,8,0.85766,0.93618,27,24
test_199.png,0.52,19,0.8577,0.93877,20,24
test_199.png,1.04,37,0.85786,0.94098,17,24
test_199.png,2.08,75,0.85871,0.94609,14,24
test_199.png,5.21,188,0.85466,0.94292,10,24
test_199.png,10.42,375,0.85286,0.94132,9,24
test_200.png,0.0,0,0.47806,0.55594,199,25
test_200.png,0.21,8,0.47806,0.55946,105,25
test_200.png,0.52,19,0.47805,0.56191,79,25
test_200.png,1.04,37,0.47878,0.56368,67,24
test_200.png,2.08,75,0.47925,0.56725,48,19
test_200.png,5.21,188,0.47933,0.57101,34,16
test_200.png,10.42,375,0.46588,0.56109,26,9
test_201.png,0.0,0,0.70573,0.80318,157,3
test_201.png,0.21,8,0.70659,0.80897,76,3
test_201.png,0.52,19,0.70702,0.81167,56,3
test_201.png,1.04,37,0.70829,0.81606,40,3
test_201.png,2.08,75,0.71018,0.82094,24,1
test_201.png,5.21,188,0.70721,0.81963,14,1
test_201.png,10.42,375,0.70466,0.81782,12,4
test_202.png,0.0,0,0.71761,0.76025,164,37
test_202.png,0.21,8,0.71746,0.76343,83,37
test_202.png,0.52,19,0.71859,0.77156,56,37
test_202.png,1.04,37,0.71821,0.77479,44,36
test_202.png,2.08,75,0.71874,0.77883,34,35
test_202.png,5.21,188,0.71967,0.78458,25,35
test_202.png,10.42,375,0.71872,0.7858,24,34
test_203.png,0.0,0,0.7541,0.95445,11,7
test_203.png,0.21,8,0.75422,0.95521,2,7
test_203.png,0.52,19,0.75427,0.95538,1,7
test_203.png,1.04,37,0.75442,0.95589,0,7
test_203.png,2.08,75,0.75442,0.95589,0,7
test_203.png,5.21,188,0.75442,0.95589,0,7
test_203.png,10.42,375,0.75442,0.95589,0,7
test_204.png,0.0,0,0.7428,0.93183,19,18
test_204.png,0.21,8,0.74261,0.93189,8,18
test_204.png,0.52,19,0.74274,0.93262,6,18
test_204.png,1.04,37,0.74303,0.93403,1,18
test_204.png,2.08,75,0.74271,0.93368,0,19
test_204.png,5.21,188,0.74271,0.93368,0,19
test_204.png,10.42,375,0.74271,0.93368,0,19
test_205.png,0.0,0,0.7759,0.8116,145,3
test_205.png,0.21,8,0.77552,0.81534,61,3
test_205.png,0.52,19,0.77554,0.81795,49,3
test_205.png,1.04,37,0.77497,0.82048,39,3
test_205.png,2.08,75,0.77429,0.82132,36,2
test_205.png,5.21,188,0.76512,0.81131,28,1
test_205.png,10.42,375,0.74476,0.78771,19,0
test_206.png,0.0,0,0.85547,0.95374,24,35
test_206.png,0.21,8,0.85537,0.95397,10,35
test_206.png,0.52,19,0.85543,0.95435,9,35
test_206.png,1.04,37,0.85543,0.95435,9,35
test_206.png,2.08,75,0.85543,0.95435,9,35
test_206.png,5.21,188,0.85543,0.95435,9,35
test_206.png,10.42,375,0.85378,0.95247,8,35
test_207.png,0.0,0,0.49454,0.49635,290,37
test_207.png,0.21,8,0.49336,0.49712,146,37
test_207.png,0.52,19,0.49328,0.49871,111,37
test_207.png,1.04,37,0.49277,0.49972,86,37
test_207.png,2.08,75,0.49466,0.50691,67,37
test_207.png,5.21,188,0.49564,0.51942,47,36
test_207.png,10.42,375,0.48637,0.51941,29,32
test_208.png,0.0,0,0.74323,0.76872,92,64
test_208.png,0.21,8,0.74319,0.76968,44,64
test_208.png,0.52,19,0.74331,0.77044,38,64
test_208.png,1.04,37,0.74432,0.77347,28,64
test_208.png,2.08,75,0.74596,0.77867,18,63
test_208.png,5.21,188,0.74874,0.78918,10,61
test_208.png,10.42,375,0.75056,0.79301,7,59
test_209.png,0.0,0,0.53138,0.51059,251,56
test_209.png,0.21,8,0.52971,0.51076,119,56
test_209.png,0.52,19,0.52818,0.511,96,56
test_209.png,1.04,37,0.52483,0.50776,77,56
test_209.png,2.08,75,0.51975,0.50546,60,53
test_209.png,5.21,188,0.51149,0.50636,38,52
test_209.png,10.42,375,0.50088,0.50178,23,46
test_210.png,0.0,0,0.76686,0.87695,81,7
test_210.png,0.21,8,0.76732,0.88039,30,7
test_210.png,0.52,19,0.76735,0.88185,22,7
test_210.png,1.04,37,0.76809,0.88505,13,7
test_210.png,2.08,75,0.76831,0.88613,8,7
test_210.png,5.21,188,0.77143,0.89313,3,6
test_210.png,10.42,375,0.77143,0.89313,3,6
test_211.png,0.0,0,0.82505,0.93583,52,11
test_211.png,0.21,8,0.82486,0.93718,21,11
test_211.png,0.52,19,0.82492,0.93909,17,11
test_211.png,1.04,37,0.82461,0.94054,12,10
test_211.png,2.08,75,0.82426,0.94053,11,10
test_211.png,5.21,188,0.82114,0.93712,9,9
test_211.png,10.42,375,0.81406,0.92879,6,9
test_212.png,0.0,0,0.73455,0.89739,33,10
test_212.png,0.21,8,0.73476,0.89922,12,10
test_212.png,0.52,19,0.73501,0.89985,7,10
test_212.png,1.04,37,0.73529,0.90057,5,10
test_212.png,2.08,75,0.73636,0.90327,1,10
test_212.png,5.21,188,0.73683,0.90457,0,10
test_212.png,10.42,375,0.73683,0.90457,0,10
test_213.png,0.0,0,0.6949,0.72267,192,40
test_213.png,0.21,8,0.69469,0.72785,93,40
test_213.png,0.52,19,0.69408,0.72979,74,40
test_213.png,1.04,37,0.69498,0.7388,54,39
test_213.png,2.08,75,0.69435,0.74509,42,39
test_213.png,5.21,188,0.68797,0.73913,24,36
test_213.png,10.42,375,0.67117,0.71796,18,32
test_214.png,0.0,0,0.75996,0.90135,54,15
test_214.png,0.21,8,0.76027,0.9034,24,15
test_214.png,0.52,19,0.76048,0.9044,21,15
test_214.png,1.04,37,0.76091,0.90608,16,15
test_214.png,2.08,75,0.76204,0.9088,9,15
test_214.png,5.21,188,0.76036,0.90615,3,15
test_214.png,10.42,375,0.75693,0.90079,0,18
test_215.png,0.0,0,0.74139,0.91199,67,2
test_215.png,0.21,8,0.74183,0.91517,18,2
test_215.png,0.52,19,0.74213,0.9167,8,2
test_215.png,1.04,37,0.74255,0.91781,5,3
test_215.png,2.08,75,0.74318,0.91904,3,3
test_215.png,5.21,188,0.74443,0.92098,1,3
test_215.png,10.42,375,0.74443,0.92098,1,3
test_216.png,0.0,0,0.69007,0.73101,194,63
test_216.png,0.21,8,0.69051,0.73559,81,63
test_216.png,0.52,19,0.69083,0.7377,51,63
test_216.png,1.04,37,0.69309,0.74476,33,62
test_216.png,2.08,75,0.69388,0.74773,27,61
test_216.png,5.21,188,0.69731,0.75468,16,60
test_216.png,10.42,375,0.69797,0.75839,9,57
test_217.png,0.0,0,0.86902,0.98147,11,5
test_217.png,0.21,8,0.86894,0.98159,2,5
test_217.png,0.52,19,0.86894,0.98159,2,5
test_217.png,1.04,37,0.86894,0.98159,2,5
test_217.png,2.08,75,0.86873,0.98147,0,5
test_217.png,5.21,188,0.86873,0.98147,0,5
test_217.png,10.42,375,0.86873,0.98147,0,5
test_218.png,0.0,0,0.66715,0.72678,246,91
test_218.png,0.21,8,0.66616,0.73051,115,91
test_218.png,0.52,19,0.66506,0.73276,82,91
test_218.png,1.04,37,0.66474,0.73629,60,90
test_218.png,2.08,75,0.66438,0.74012,46,90
test_218.png,5.21,188,0.65771,0.74044,33,85
test_218.png,10.42,375,0.6381,0.72052,26,76
test_219.png,0.0,0,0.64621,0.6081,173,71
test_219.png,0.21,8,0.64532,0.60905,75,71
test_219.png,0.52,19,0.64454,0.61026,55,71
test_219.png,1.04,37,0.64291,0.61176,40,70
test_219.png,2.08,75,0.64231,0.61254,31,70
test_219.png,5.21,188,0.6424,0.61719,17,66
test_219.png,10.42,375,0.64614,0.62607,11,66
test_220.png,0.0,0,0.41894,0.33564,303,47
test_220.png,0.21,8,0.41713,0.33168,152,47
test_220.png,0.52,19,0.4146,0.32968,111,46
test_220.png,1.04,37,0.4129,0.32989,89,44
test_220.png,2.08,75,0.41039,0.33106,65,42
test_220.png,5.21,188,0.39002,0.31729,40,41
test_220.png,10.42,375,0.35866,0.29368,20,31
test_221.png,0.0,0,0.52167,0.56211,285,23
test_221.png,0.21,8,0.52057,0.56447,133,23
test_221.png,0.52,19,0.51912,0.56452,105,23
test_221.png,1.04,37,0.51804,0.56629,79,23
test_221.png,2.08,75,0.51482,0.56807,53,19
test_221.png,5.21,188,0.50033,0.55199,32,14
test_221.png,10.42,375,0.4722,0.52333,14,4
test_222.png,0.0,0,0.4213,0.40779,212,68
test_222.png,0.21,8,0.4211,0.40977,94,68
test_222.png,0.52,19,0.42209,0.41327,69,68
test_222.png,1.04,37,0.42261,0.415,59,68
test_222.png,2.08,75,0.42383,0.41777,48,66
test_222.png,5.21,188,0.42805,0.42746,30,61
test_222.png,10.42,375,0.42885,0.42782,19,57
test_223.png,0.0,0,0.79493,0.80245,101,40
test_223.png,0.21,8,0.79471,0.8068,40,40
test_223.png,0.52,19,0.79504,0.80837,35,40
test_223.png,1.04,37,0.7955,0.81518,21,38
test_223.png,2.08,75,0.79728,0.82518,14,36
test_223.png,5.21,188,0.79464,0.82931,8,34
test_223.png,10.42,375,0.79262,0.82518,7,34
test_224.png,0.0,0,0.77482,0.79208,75,32
test_224.png,0.21,8,0.77435,0.79343,34,32
test_224.png,0.52,19,0.77459,0.79673,26,32
test_224.png,1.04,37,0.77513,0.80003,20,32
test_224.png,2.08,75,0.77529,0.80647,14,30
test_224.png,5.21,188,0.7774,0.81656,9,27
test_224.png,10.42,375,0.78011,0.82621,5,26
test_225.png,0.0,0,0.04738,0.01921,255,59
test_225.png,0.21,8,0.04668,0.01906,123,59
test_225.png,0.52,19,0.04608,0.01897,94,59
test_225.png,1.04,37,0.04492,0.01884,77,58
test_225.png,2.08,75,0.04438,0.01888,56,58
test_225.png,5.21,188,0.04046,0.01866,38,47
test_225.png,10.42,375,0.0357,0.01511,26,44
test_226.png,0.0,0,0.25716,0.20564,235,40
test_226.png,0.21,8,0.25633,0.20548,123,40
test_226.png,0.52,19,0.25526,0.20375,97,40
test_226.png,1.04,37,0.25386,0.20283,78,39
test_226.png,2.08,75,0.25047,0.2019,66,37
test_226.png,5.21,188,0.23254,0.19566,43,32
test_226.png,10.42,375,0.22039,0.19972,26,29
test_227.png,0.0,0,0.73449,0.78714,32,53
test_227.png,0.21,8,0.73447,0.78829,12,53
test_227.png,0.52,19,0.73427,0.78839,9,53
test_227.png,1.04,37,0.73489,0.79035,6,53
test_227.png,2.08,75,0.73429,0.79165,3,52
test_227.png,5.21,188,0.73562,0.79845,1,50
test_227.png,10.42,375,0.73562,0.79845,1,50
test_228.png,0.0,0,0.7821,0.7642,99,16
test_228.png,0.21,8,0.78305,0.77167,36,16
test_228.png,0.52,19,0.78377,0.77541,24,16
test_228.png,1.04,37,0.78531,0.78173,16,16
test_228.png,2.08,75,0.78704,0.78845,10,16
test_228.png,5.21,188,0.78913,0.79532,7,15
test_228.png,10.42,375,0.79836,0.81666,2,12
test_229.png,0.0,0,0.89011,0.94919,18,1
test_229.png,0.21,8,0.89027,0.9512,5,1
test_229.png,0.52,19,0.89013,0.95095,4,1
test_229.png,1.04,37,0.89013,0.95095,4,1
test_229.png,2.08,75,0.89013,0.95095,4,1
test_229.png,5.21,188,0.89257,0.96082,1,1
test_229.png,10.42,375,0.89482,0.96359,0,1
test_230.png,0.0,0,0.08759,0.03428,245,27
test_230.png,0.21,8,0.08648,0.03423,128,27
test_230.png,0.52,19,0.08488,0.02957,98,26
test_230.png,1.04,37,0.08377,0.02611,89,25
test_230.png,2.08,75,0.07646,0.02251,69,24
test_230.png,5.21,188,0.06829,0.02076,40,21
test_230.png,10.42,375,0.04106,0.00781,18,14
test_231.png,0.0,0,0.76181,0.76902,75,47
test_231.png,0.21,8,0.76225,0.7733,27,47
test_231.png,0.52,19,0.76256,0.77534,21,47
test_231.png,1.04,37,0.76245,0.7773,15,47
test_231.png,2.08,75,0.76323,0.78082,11,47
test_231.png,5.21,188,0.76436,0.78318,10,47
test_231.png,10.42,375,0.76851,0.78817,8,46
test_232.png,0.0,0,0.54848,0.5855,114,70
test_232.png,0.21,8,0.5477,0.58421,48,70
test_232.png,0.52,19,0.54691,0.58312,34,70
test_232.png,1.04,37,0.54695,0.58518,23,70
test_232.png,2.08,75,0.54332,0.58088,18,70
test_232.png,5.21,188,0.54195,0.57848,17,70
test_232.png,10.42,375,0.53489,0.5712,14,69
test_233.png,0.0,0,0.65871,0.57103,138,60
test_233.png,0.21,8,0.6576,0.57074,59,60
test_233.png,0.52,19,0.65741,0.56924,48,59
test_233.png,1.04,37,0.65705,0.57171,33,59
test_233.png,2.08,75,0.65482,0.57229,26,56
test_233.png,5.21,188,0.6528,0.57694,14,55
test_233.png,10.42,375,0.647,0.57802,9,53
test_234.png,0.0,0,0.6259,0.51367,109,42
test_234.png,0.21,8,0.62519,0.51485,44,42
test_234.png,0.52,19,0.62413,0.5143,27,41
test_234.png,1.04,37,0.62461,0.5162,20,41
test_234.png,2.08,75,0.62449,0.51695,17,40
test_234.png,5.21,188,0.62382,0.51892,12,39
test_234.png,10.42,375,0.61749,0.52167,6,38
test_235.png,0.0,0,0.71836,0.88212,32,10
test_235.png,0.21,8,0.71836,0.8833,10,10
test_235.png,0.52,19,0.7186,0.88377,8,10
test_235.png,1.04,37,0.71855,0.88383,5,10
test_235.png,2.08,75,0.71944,0.88592,3,10
test_235.png,5.21,188,0.72128,0.88886,1,8
test_235.png,10.42,375,0.72128,0.88886,1,8
test_236.png,0.0,0,0.42458,0.3039,175,52
test_236.png,0.21,8,0.42345,0.30175,88,52
test_236.png,0.52,19,0.42305,0.29721,55,52
test_236.png,1.04,37,0.42216,0.29254,47,52
test_236.png,2.08,75,0.42095,0.29377,37,50
test_236.png,5.21,188,0.41829,0.29708,25,49
test_236.png,10.42,375,0.40467,0.27558,17,41
test_237.png,0.0,0,0.87656,0.89432,49,59
test_237.png,0.21,8,0.87678,0.89657,20,59
test_237.png,0.52,19,0.87716,0.89876,12,59
test_237.png,1.04,37,0.87763,0.90198,8,58
test_237.png,2.08,75,0.87784,0.90431,5,57
test_237.png,5.21,188,0.87929,0.90725,3,57
test_237.png,10.42,375,0.88256,0.9145,0,57
test_238.png,0.0,0,0.708,0.71976,99,28
test_238.png,0.21,8,0.70858,0.72501,42,28
test_238.png,0.52,19,0.70945,0.72785,31,28
test_238.png,1.04,37,0.70966,0.7287,25,27
test_238.png,2.08,75,0.71329,0.73912,15,27
test_238.png,5.21,188,0.71994,0.7509,9,27
test_238.png,10.42,375,0.73021,0.76471,5,24
test_239.png,0.0,0,0.30918,0.34357,198,31
test_239.png,0.21,8,0.30796,0.34309,103,31
test_239.png,0.52,19,0.30551,0.33832,79,30
test_239.png,1.04,37,0.30408,0.33766,67,30
test_239.png,2.08,75,0.30056,0.33449,52,29
test_239.png,5.21,188,0.29287,0.32691,38,26
test_239.png,10.42,375,0.27199,0.3094,22,20
test_240.png,0.0,0,0.38614,0.30837,271,52
test_240.png,0.21,8,0.38567,0.31018,122,52
test_240.png,0.52,19,0.38423,0.31034,89,52
test_240.png,1.04,37,0.38288,0.30936,74,52
test_240.png,2.08,75,0.38324,0.31157,59,51
test_240.png,5.21,188,0.37534,0.31321,37,46
test_240.png,10.42,375,0.36015,0.30417,23,41
test_241.png,0.0,0,0.65795,0.64189,222,53
test_241.png,0.21,8,0.65812,0.64716,83,53
test_241.png,0.52,19,0.65837,0.64927,65,53
test_241.png,1.04,37,0.65864,0.64947,52,52
test_241.png,2.08,75,0.65919,0.65196,41,52
test_241.png,5.21,188,0.65755,0.65409,24,49
test_241.png,10.42,375,0.6633,0.6667,13,44
test_242.png,0.0,0,0.71129,0.74017,200,11
test_242.png,0.21,8,0.71092,0.74269,83,11
test_242.png,0.52,19,0.71048,0.74462,58,11
test_242.png,1.04,37,0.71027,0.74575,49,10
test_242.png,2.08,75,0.71093,0.75138,34,10
test_242.png,5.21,188,0.70936,0.75574,20,7
test_242.png,10.42,375,0.69738,0.73961,14,5
test_243.png,0.0,0,0.90674,0.98732,3,3
test_243.png,0.21,8,0.90677,0.98744,2,3
test_243.png,0.52,19,0.90682,0.98773,1,3
test_243.png,1.04,37,0.90695,0.9882,0,3
test_243.png,2.08,75,0.90695,0.9882,0,3
test_243.png,5.21,188,0.90695,0.9882,0,3
test_243.png,10.42,375,0.90695,0.9882,0,3
test_244.png,0.0,0,0.5958,0.57723,118,29
test_244.png,0.21,8,0.59498,0.57775,62,29
test_244.png,0.52,19,0.59397,0.57559,49,29
test_244.png,1.04,37,0.59423,0.57688,39,29
test_244.png,2.08,75,0.59441,0.57934,29,29
test_244.png,5.21,188,0.59163,0.58022,19,29
test_244.png,10.42,375,0.58811,0.57675,14,29
test_245.png,0.0,0,0.57826,0.56895,147,79
test_245.png,0.21,8,0.57723,0.57008,66,79
test_245.png,0.52,19,0.5768,0.57168,53,79
test_245.png,1.04,37,0.5754,0.57165,43,79
test_245.png,2.08,75,0.57557,0.57064,37,79
test_245.png,5.21,188,0.56416,0.56473,20,72
test_245.png,10.42,375,0.55463,0.53335,12,67
test_246.png,0.0,0,0.01027,0.0007,383,52
test_246.png,0.21,8,0.00983,0.0007,183,52
test_246.png,0.52,19,0.00947,0.0007,140,51
test_246.png,1.04,37,0.00954,0.0007,115,51
test_246.png,2.08,75,0.00691,0.00067,80,48
test_246.png,5.21,188,0.00717,0.00068,53,43
test_246.png,10.42,375,0.0067,0.00068,30,38
test_247.png,0.0,0,0.54592,0.5487,134,28
test_247.png,0.21,8,0.54415,0.54676,66,28
test_247.png,0.52,19,0.54229,0.54674,51,28
test_247.png,1.04,37,0.54211,0.54971,42,28
test_247.png,2.08,75,0.53816,0.54951,34,26
test_247.png,5.21,188,0.5192,0.54251,22,24
test_247.png,10.42,375,0.48816,0.53166,15,20
test_248.png,0.0,0,0.91713,0.93913,29,54
test_248.png,0.21,8,0.91719,0.94094,7,54
test_248.png,0.52,19,0.91749,0.94274,3,54
test_248.png,1.04,37,0.91767,0.94427,2,54
test_248.png,2.08,75,0.91801,0.94595,1,53
test_248.png,5.21,188,0.91896,0.94939,0,53
test_248.png,10.42,375,0.91896,0.94939,0,53
test_249.png,0.0,0,0.87771,0.89027,57,65
test_249.png,0.21,8,0.87785,0.89287,21,65
test_249.png,0.52,19,0.87805,0.89424,14,65
test_249.png,1.04,37,0.87919,0.89814,9,65
test_249.png,2.08,75,0.88069,0.90434,4,63
test_249.png,5.21,188,0.88076,0.90568,2,63
test_249.png,10.42,375,0.88559,0.91287,0,60
test_250.png,0.0,0,0.78625,0.78387,68,59
test_250.png,0.21,8,0.78627,0.78511,31,59
test_250.png,0.52,19,0.78597,0.78648,19,59
test_250.png,1.04,37,0.78619,0.78778,15,59
test_250.png,2.08,75,0.78658,0.78985,13,59
test_250.png,5.21,188,0.78521,0.79132,10,58
test_250.png,10.42,375,0.79232,0.80202,7,57
test_251.png,0.0,0,0.3395,0.37271,202,12
test_251.png,0.21,8,0.33932,0.37311,111,12
test_251.png,0.52,19,0.33966,0.37453,93,11
test_251.png,1.04,37,0.33856,0.37458,78,8
test_251.png,2.08,75,0.33296,0.36816,57,7
test_251.png,5.21,188,0.33346,0.36723,35,2
test_251.png,10.42,375,0.33815,0.37333,18,6
test_252.png,0.0,0,0.48044,0.53813,191,36
test_252.png,0.21,8,0.48087,0.5416,93,36
test_252.png,0.52,19,0.48147,0.5442,73,36
test_252.png,1.04,37,0.48163,0.54671,56,34
test_252.png,2.08,75,0.4799,0.54607,45,33
test_252.png,5.21,188,0.47514,0.54126,28,32
test_252.png,10.42,375,0.47237,0.53989,21,28
test_253.png,0.0,0,0.84251,0.92153,58,13
test_253.png,0.21,8,0.84269,0.92486,19,13
test_253.png,0.52,19,0.84319,0.92872,10,13
test_253.png,1.04,37,0.84355,0.93114,6,12
test_253.png,2.08,75,0.84395,0.93235,5,12
test_253.png,5.21,188,0.84578,0.9358,2,12
test_253.png,10.42,375,0.8472,0.93893,1,10
test_254.png,0.0,0,0.80163,0.79767,109,49
test_254.png,0.21,8,0.8019,0.80164,56,49
test_254.png,0.52,19,0.80306,0.80701,41,49
test_254.png,1.04,37,0.80435,0.8127,31,49
test_254.png,2.08,75,0.80605,0.81874,26,48
test_254.png,5.21,188,0.81746,0.84744,10,47
test_254.png,10.42,375,0.82465,0.85831,6,46
test_255.png,0.0,0,0.13616,0.12133,283,47
test_255.png,0.21,8,0.13422,0.11674,139,47
test_255.png,0.52,19,0.13183,0.11325,114,46
test_255.png,1.04,37,0.12747,0.11299,85,45
test_255.png,2.08,75,0.12237,0.10891,65,44
test_255.png,5.21,188,0.09616,0.0887,37,33
test_255.png,10.42,375,0.07152,0.07088,18,25
test_256.png,0.0,0,0.50435,0.29369,140,33
test_256.png,0.21,8,0.50273,0.28899,65,33
test_256.png,0.52,19,0.50151,0.28796,50,33
test_256.png,1.04,37,0.49946,0.28624,41,33
test_256.png,2.08,75,0.49659,0.28462,32,33
test_256.png,5.21,188,0.48375,0.25755,20,33
test_256.png,10.42,375,0.47521,0.25306,15,32
test_257.png,0.0,0,0.77983,0.76922,146,42
test_257.png,0.21,8,0.7804,0.77478,63,42
test_257.png,0.52,19,0.78129,0.77963,43,42
test_257.png,1.04,37,0.78185,0.78278,33,42
test_257.png,2.08,75,0.78412,0.78879,27,42
test_257.png,5.21,188,0.79368,0.80911,15,42
test_257.png,10.42,375,0.80021,0.82062,9,42
test_258.png,0.0,0,0.71336,0.73418,123,22
test_258.png,0.21,8,0.71346,0.73781,57,22
test_258.png,0.52,19,0.71407,0.74131,44,22
test_258.png,1.04,37,0.71466,0.74417,34,21
test_258.png,2.08,75,0.71513,0.74561,32,21
test_258.png,5.21,188,0.71526,0.74841,21,18
test_258.png,10.42,375,0.72009,0.75547,16,16
test_259.png,0.0,0,0.40139,0.41326,221,35
test_259.png,0.21,8,0.40149,0.41622,115,35
test_259.png,0.52,19,0.40069,0.41589,85,35
test_259.png,1.04,37,0.40197,0.41938,69,35
test_259.png,2.08,75,0.39972,0.41883,55,35
test_259.png,5.21,188,0.39977,0.42207,34,30
test_259.png,10.42,375,0.386,0.41031,27,30
test_260.png,0.0,0,0.17799,0.13191,300,55
test_260.png,0.21,8,0.17698,0.12957,141,55
test_260.png,0.52,19,0.17564,0.1247,113,54
test_260.png,1.04,37,0.17502,0.12489,96,53
test_260.png,2.08,75,0.17277,0.12497,83,52
test_260.png,5.21,188,0.16123,0.11915,43,41
test_260.png,10.42,375,0.13547,0.08769,24,34
test_261.png,0.0,0,0.90972,0.96966,28,7
test_261.png,0.21,8,0.90995,0.97187,8,7
test_261.png,0.52,19,0.91004,0.97248,7,7
test_261.png,1.04,37,0.9103,0.97335,5,7
test_261.png,2.08,75,0.91108,0.97586,2,7
test_261.png,5.21,188,0.91157,0.97851,1,7
test_261.png,10.42,375,0.91157,0.97851,1,7
test_262.png,0.0,0,0.71056,0.74582,213,39
test_262.png,0.21,8,0.71003,0.74905,78,39
test_262.png,0.52,19,0.70958,0.75118,51,38
test_262.png,1.04,37,0.70816,0.7508,35,37
test_262.png,2.08,75,0.70759,0.75271,25,37
test_262.png,5.21,188,0.70383,0.75057,17,35
test_262.png,10.42,375,0.69118,0.74012,8,31
test_263.png,0.0,0,0.87913,0.94443,55,17
test_263.png,0.21,8,0.87973,0.94865,11,17
test_263.png,0.52,19,0.88027,0.9509,4,17
test_263.png,1.04,37,0.88074,0.95284,1,17
test_263.png,2.08,75,0.88074,0.95284,1,17
test_263.png,5.21,188,0.88123,0.95418,0,17
test_263.png,10.42,375,0.88123,0.95418,0,17
test_264.png,0.0,0,0.39105,0.42704,203,52
test_264.png,0.21,8,0.39019,0.42613,96,52
test_264.png,0.52,19,0.38974,0.42668,78,52
test_264.png,1.04,37,0.38767,0.4246,65,52
test_264.png,2.08,75,0.38684,0.42399,51,51
test_264.png,5.21,188,0.37026,0.4089,34,48
test_264.png,10.42,375,0.36401,0.40827,21,43
test_265.png,0.0,0,0.3264,0.36338,231,71
test_265.png,0.21,8,0.32599,0.36422,120,71
test_265.png,0.52,19,0.32677,0.3673,94,71
test_265.png,1.04,37,0.32615,0.36743,74,70
test_265.png,2.08,75,0.32655,0.36885,62,69
test_265.png,5.21,188,0.31787,0.36889,34,60
test_265.png,10.42,375,0.32359,0.38696,22,50
test_266.png,0.0,0,0.49226,0.56142,205,21
test_266.png,0.21,8,0.49261,0.56466,104,21
test_266.png,0.52,19,0.49165,0.56463,82,21
test_266.png,1.04,37,0.49308,0.56859,68,19
test_266.png,2.08,75,0.4926,0.56914,55,18
test_266.png,5.21,188,0.48135,0.55694,33,10
test_266.png,10.42,375,0.48556,0.55963,25,7
test_267.png,0.0,0,0.60125,0.6078,86,26
test_267.png,0.21,8,0.5997,0.60612,42,26
test_267.png,0.52,19,0.59772,0.60471,31,26
test_267.png,1.04,37,0.59933,0.61043,25,26
test_267.png,2.08,75,0.59762,0.6126,18,25
test_267.png,5.21,188,0.59224,0.61384,14,23
test_267.png,10.42,375,0.58381,0.60516,10,21
test_268.png,0.0,0,0.619,0.57485,112,46
test_268.png,0.21,8,0.61683,0.57395,47,46
test_268.png,0.52,19,0.61693,0.5756,39,46
test_268.png,1.04,37,0.61492,0.57431,30,45
test_268.png,2.08,75,0.6092,0.56518,23,45
test_268.png,5.21,188,0.60635,0.57318,13,40
test_268.png,10.42,375,0.60147,0.57402,10,40
test_269.png,0.0,0,0.82033,0.8064,61,55
test_269.png,0.21,8,0.82089,0.81066,23,55
test_269.png,0.52,19,0.82134,0.8128,16,55
test_269.png,1.04,37,0.82107,0.81267,15,55
test_269.png,2.08,75,0.8218,0.81622,11,54
test_269.png,5.21,188,0.82409,0.82209,8,54
test_269.png,10.42,375,0.82561,0.82617,6,54
test_270.png,0.0,0,0.38912,0.44294,253,20
test_270.png,0.21,8,0.38905,0.44456,116,20
test_270.png,0.52,19,0.38887,0.44456,90,18
test_270.png,1.04,37,0.38801,0.44337,77,17
test_270.png,2.08,75,0.38546,0.44232,57,15
test_270.png,5.21,188,0.37231,0.42215,39,9
test_270.png,10.42,375,0.37684,0.43248,28,7
test_271.png,0.0,0,0.6683,0.70406,63,38
test_271.png,0.21,8,0.66905,0.70958,24,38
test_271.png,0.52,19,0.66981,0.71285,16,38
test_271.png,1.04,37,0.67031,0.71463,13,38
test_271.png,2.08,75,0.67148,0.71821,10,38
test_271.png,5.21,188,0.67276,0.72086,8,38
test_271.png,10.42,375,0.67611,0.72891,6,38
test_272.png,0.0,0,0.65884,0.69035,89,29
test_272.png,0.21,8,0.65901,0.69418,39,29
test_272.png,0.52,19,0.65885,0.69771,27,29
test_272.png,1.04,37,0.65999,0.70044,21,29
test_272.png,2.08,75,0.65892,0.69929,18,29
test_272.png,5.21,188,0.65756,0.6968,17,28
test_272.png,10.42,375,0.65923,0.7007,13,27
test_273.png,0.0,0,0.29344,0.16872,243,72
test_273.png,0.21,8,0.29358,0.16845,105,72
test_273.png,0.52,19,0.29365,0.16662,76,72
test_273.png,1.04,37,0.29483,0.16771,59,71
test_273.png,2.08,75,0.29307,0.16718,48,70
test_273.png,5.21,188,0.29272,0.16769,30,62
test_273.png,10.42,375,0.29345,0.17052,18,53
test_274.png,0.0,0,0.73107,0.68638,110,56
test_274.png,0.21,8,0.73148,0.69125,45,56
test_274.png,0.52,19,0.73232,0.69541,32,56
test_274.png,1.04,37,0.73376,0.70148,25,55
test_274.png,2.08,75,0.73643,0.70931,18,55
test_274.png,5.21,188,0.74179,0.72096,12,55
test_274.png,10.42,375,0.74341,0.72334,11,55
test_275.png,0.0,0,0.80662,0.93087,47,22
test_275.png,0.21,8,0.80696,0.93246,17,22
test_275.png,0.52,19,0.80709,0.93288,15,22
test_275.png,1.04,37,0.80772,0.93466,10,22
test_275.png,2.08,75,0.80806,0.93512,9,22
test_275.png,5.21,188,0.81091,0.94078,5,22
test_275.png,10.42,375,0.81222,0.94281,4,22
test_276.png,0.0,0,0.54699,0.54284,225,116
test_276.png,0.21,8,0.54756,0.54775,85,116
test_276.png,0.52,19,0.54887,0.55257,51,116
test_276.png,1.04,37,0.54901,0.55543,38,116
test_276.png,2.08,75,0.55067,0.56057,28,115
test_276.png,5.21,188,0.55178,0.56502,19,113
test_276.png,10.42,375,0.55393,0.57383,10,110
test_277.png,0.0,0,0.11052,0.08246,295,81
test_277.png,0.21,8,0.10974,0.08029,129,81
test_277.png,0.52,19,0.11024,0.08071,94,80
test_277.png,1.04,37,0.11014,0.08061,72,80
test_277.png,2.08,75,0.10815,0.0793,48,78
test_277.png,5.21,188,0.10846,0.07931,37,76
test_277.png,10.42,375,0.11126,0.08259,22,72
test_278.png,0.0,0,0.80283,0.74208,141,61
test_278.png,0.21,8,0.80305,0.74542,63,61
test_278.png,0.52,19,0.80383,0.74941,44,61
test_278.png,1.04,37,0.80551,0.7549,28,60
test_278.png,2.08,75,0.80675,0.75899,19,58
test_278.png,5.21,188,0.80924,0.76923,10,57
test_278.png,10.42,375,0.81386,0.78212,6,56
test_279.png,0.0,0,0.61764,0.55291,164,55
test_279.png,0.21,8,0.61837,0.55861,74,55
test_279.png,0.52,19,0.61815,0.55965,54,55
test_279.png,1.04,37,0.61916,0.5649,46,55
test_279.png,2.08,75,0.62272,0.57788,36,54
test_279.png,5.21,188,0.62477,0.58286,26,52
test_279.png,10.42,375,0.64146,0.61636,18,48
test_280.png,0.0,0,0.78124,0.68312,97,16
test_280.png,0.21,8,0.78202,0.68961,48,16
test_280.png,0.52,19,0.78266,0.69453,39,16
test_280.png,1.04,37,0.78435,0.70601,29,16
test_280.png,2.08,75,0.78903,0.73164,16,16
test_280.png,5.21,188,0.7966,0.77817,6,16
test_280.png,10.42,375,0.79925,0.7978,4,16
test_281.png,0.0,0,0.44331,0.40622,217,155
test_281.png,0.21,8,0.44389,0.41006,62,155
test_281.png,0.52,19,0.44432,0.41134,46,154
test_281.png,1.04,37,0.44516,0.41338,37,154
test_281.png,2.08,75,0.44725,0.41799,26,153
test_281.png,5.21,188,0.45011,0.42093,16,153
test_281.png,10.42,375,0.45187,0.42369,13,151
test_282.png,0.0,0,0.75387,0.84469,39,34
test_282.png,0.21,8,0.7542,0.84645,13,34
test_282.png,0.52,19,0.75443,0.84691,11,34
test_282.png,1.04,37,0.75501,0.84843,7,34
test_282.png,2.08,75,0.75532,0.84904,6,34
test_282.png,5.21,188,0.75674,0.85175,4,33
test_282.png,10.42,375,0.76016,0.85618,2,30
test_283.png,0.0,0,0.89041,0.86595,64,22
test_283.png,0.21,8,0.8908,0.86919,27,22
test_283.png,0.52,19,0.89109,0.87139,21,22
test_283.png,1.04,37,0.89227,0.87597,12,22
test_283.png,2.08,75,0.89286,0.87763,10,21
test_283.png,5.21,188,0.89406,0.88,8,21
test_283.png,10.42,375,0.89701,0.88717,6,21
test_284.png,0.0,0,0.55229,0.42219,81,61
test_284.png,0.21,8,0.55343,0.42754,36,61
test_284.png,0.52,19,0.55463,0.43114,27,61
test_284.png,1.04,37,0.55602,0.43386,23,61
test_284.png,2.08,75,0.5585,0.43956,19,61
test_284.png,5.21,188,0.57034,0.4612,11,60
test_284.png,10.42,375,0.57709,0.47344,9,58
test_285.png,0.0,0,0.23021,0.08245,236,61
test_285.png,0.21,8,0.22929,0.08021,96,61
test_285.png,0.52,19,0.22815,0.07556,79,61
test_285.png,1.04,37,0.22554,0.0716,67,61
test_285.png,2.08,75,0.22001,0.0715,54,60
test_285.png,5.21,188,0.20701,0.07134,38,58
test_285.png,10.42,375,0.17383,0.07081,23,55
test_286.png,0.0,0,0.59424,0.54159,130,79
test_286.png,0.21,8,0.59581,0.54901,34,79
test_286.png,0.52,19,0.59585,0.54882,29,79
test_286.png,1.04,37,0.59688,0.55218,25,79
test_286.png,2.08,75,0.59902,0.55625,20,79
test_286.png,5.21,188,0.60662,0.56924,13,78
test_286.png,10.42,375,0.6158,0.58812,9,78
test_287.png,0.0,0,0.84309,0.93256,32,28
test_287.png,0.21,8,0.84347,0.9346,11,28
test_287.png,0.52,19,0.84358,0.93477,10,28
test_287.png,1.04,37,0.84444,0.93651,6,28
test_287.png,2.08,75,0.84482,0.93717,5,27
test_287.png,5.21,188,0.84636,0.93927,3,27
test_287.png,10.42,375,0.85246,0.94826,0,27
test_288.png,0.0,0,0.25907,0.21747,178,41
test_288.png,0.21,8,0.25868,0.21786,99,41
test_288.png,0.52,19,0.25831,0.21863,80,41
test_288.png,1.04,37,0.25721,0.21843,65,39
test_288.png,2.08,75,0.25333,0.21812,47,36
test_288.png,5.21,188,0.24159,0.21589,25,31
test_288.png,10.42,375,0.21999,0.19444,18,27
test_289.png,0.0,0,0.33196,0.2727,131,80
test_289.png,0.21,8,0.33201,0.27284,36,80
test_289.png,0.52,19,0.33207,0.27303,28,80
test_289.png,1.04,37,0.33232,0.27322,20,80
test_289.png,2.08,75,0.33304,0.27434,17,80
test_289.png,5.21,188,0.33341,0.27535,16,79
test_289.png,10.42,375,0.33693,0.2796,13,74
test_290.png,0.0,0,0.00815,0.00208,151,134
test_290.png,0.21,8,0.007,0.00207,50,134
test_290.png,0.52,19,0.00563,0.00204,32,134
test_290.png,1.04,37,0.00316,0.0,23,134
test_290.png,2.08,75,0.0,0.0,15,133
test_290.png,5.21,188,0.0,0.0,12,132
test_290.png,10.42,375,0.0,0.0,9,129
test_291.png,0.0,0,0.48729,0.45341,85,20
test_291.png,0.21,8,0.48808,0.45908,36,20
test_291.png,0.52,19,0.48911,0.46373,27,20
test_291.png,1.04,37,0.4901,0.46735,23,20
test_291.png,2.08,75,0.49537,0.4875,13,20
test_291.png,5.21,188,0.50174,0.50165,8,18
test_291.png,10.42,375,0.51261,0.52165,4,18
test_292.png,0.0,0,0.60034,0.68255,72,7
test_292.png,0.21,8,0.60053,0.68558,25,7
test_292.png,0.52,19,0.601,0.6904,15,7
test_292.png,1.04,37,0.60151,0.69374,11,7
test_292.png,2.08,75,0.60172,0.69549,9,7
test_292.png,5.21,188,0.60438,0.70452,4,6
test_292.png,10.42,375,0.60613,0.71071,3,6
test_293.png,0.0,0,0.78561,0.78898,111,65
test_293.png,0.21,8,0.78651,0.79639,33,65
test_293.png,0.52,19,0.78714,0.79861,25,65
test_293.png,1.04,37,0.78791,0.80128,20,64
test_293.png,2.08,75,0.79055,0.80875,13,63
test_293.png,5.21,188,0.79343,0.81688,6,63
test_293.png,10.42,375,0.79883,0.82903,3,58
test_294.png,0.0,0,0.89471,0.96294,23,10
test_294.png,0.21,8,0.89488,0.96345,7,10
test_294.png,0.52,19,0.89539,0.96477,1,10
test_294.png,1.04,37,0.89518,0.96458,0,10
test_294.png,2.08,75,0.8955,0.96508,1,10
test_294.png,5.21,188,0.89669,0.96734,6,9
test_294.png,10.42,375,0.89669,0.96734,6,9
test_295.png,0.0,0,0.68498,0.59724,75,74
test_295.png,0.21,8,0.68482,0.59818,26,74
test_295.png,0.52,19,0.68493,0.59855,22,74
test_295.png,1.04,37,0.6852,0.59954,18,74
test_295.png,2.08,75,0.68386,0.59811,11,74
test_295.png,5.21,188,0.68232,0.59652,9,74
test_295.png,10.42,375,0.68144,0.59759,7,74
test_296.png,0.0,0,0.27105,0.28435,253,34
test_296.png,0.21,8,0.2699,0.28344,123,34
test_296.png,0.52,19,0.26804,0.28178,93,33
test_296.png,1.04,37,0.26534,0.27932,78,33
test_296.png,2.08,75,0.26312,0.27529,62,30
test_296.png,5.21,188,0.25119,0.2697,43,21
test_296.png,10.42,375,0.24362,0.2715,22,17
test_297.png,0.0,0,0.72275,0.77051,79,45
test_297.png,0.21,8,0.72337,0.77376,40,45
test_297.png,0.52,19,0.72405,0.77657,31,45
test_297.png,1.04,37,0.72521,0.78015,25,45
test_297.png,2.08,75,0.72672,0.7833,21,45
test_297.png,5.21,188,0.7314,0.79031,14,45
test_297.png,10.42,375,0.73917,0.79906,10,45
test_298.png,0.0,0,0.45832,0.34587,222,73
test_298.png,0.21,8,0.46022,0.35394,95,73
test_298.png,0.52,19,0.46131,0.35667,80,73
test_298.png,1.04,37,0.46406,0.36273,60,73
test_298.png,2.08,75,0.46872,0.37169,46,73
test_298.png,5.21,188,0.48403,0.39478,27,67
test_298.png,10.42,375,0.49351,0.40928,22,65
test_299.png,0.0,0,0.67342,0.65241,85,86
test_299.png,0.21,8,0.67353,0.65396,30,86
test_299.png,0.52,19,0.67362,0.65443,24,86
test_299.png,1.04,37,0.67379,0.65515,20,86
test_299.png,2.08,75,0.67564,0.66204,13,86
test_299.png,5.21,188,0.67742,0.66465,6,84
test_299.png,10.42,375,0.67742,0.66465,6,84
test_300.png,0.0,0,0.64202,0.53741,135,55
test_300.png,0.21,8,0.64278,0.54159,70,55
test_300.png,0.52,19,0.64394,0.54653,54,55
test_300.png,1.04,37,0.6451,0.5517,47,55
test_300.png,2.08,75,0.64854,0.56266,31,53
test_300.png,5.21,188,0.6595,0.58719,19,50
test_300.png,10.42,375,0.67502,0.62775,9,48
test_301.png,0.0,0,0.73058,0.6968,45,40
test_301.png,0.21,8,0.7308,0.69828,27,40
test_301.png,0.52,19,0.73087,0.69893,23,40
test_301.png,1.04,37,0.73102,0.69974,22,40
test_301.png,2.08,75,0.73124,0.7002,21,40
test_301.png,5.21,188,0.73423,0.70728,17,39
test_301.png,10.42,375,0.74002,0.71806,14,38
test_302.png,0.0,0,0.63309,0.56891,128,79
test_302.png,0.21,8,0.63367,0.57349,40,79
test_302.png,0.52,19,0.63465,0.57682,26,79
test_302.png,1.04,37,0.63497,0.57791,21,79
test_302.png,2.08,75,0.6362,0.58077,15,78
test_302.png,5.21,188,0.63898,0.58845,8,78
test_302.png,10.42,375,0.64236,0.594,6,78
test_303.png,0.0,0,0.63426,0.43157,166,61
test_303.png,0.21,8,0.63614,0.43974,73,61
test_303.png,0.52,19,0.63816,0.44851,54,61
test_303.png,1.04,37,0.64168,0.46303,37,61
test_303.png,2.08,75,0.6481,0.48728,23,61
test_303.png,5.21,188,0.66043,0.54238,11,61
test_303.png,10.42,375,0.66688,0.56474,8,61
test_304.png,0.0,0,0.78093,0.74072,139,71
test_304.png,0.21,8,0.78265,0.75153,35,71
test_304.png,0.52,19,0.78368,0.75524,23,71
test_304.png,1.04,37,0.78445,0.75884,17,70
test_304.png,2.08,75,0.78559,0.76143,14,70
test_304.png,5.21,188,0.79024,0.76978,8,66
test_304.png,10.42,375,0.79362,0.78361,5,64
test_305.png,0.0,0,0.28269,0.27787,238,73
test_305.png,0.21,8,0.28188,0.27683,111,73
test_305.png,0.52,19,0.27949,0.27479,81,73
test_305.png,1.04,37,0.27713,0.27319,66,73
test_305.png,2.08,75,0.27796,0.27534,55,73
test_305.png,5.21,188,0.27512,0.27017,33,71
test_305.png,10.42,375,0.26955,0.27182,16,68
test_306.png,0.0,0,0.86001,0.82202,120,19
test_306.png,0.21,8,0.8616,0.8338,49,19
test_306.png,0.52,19,0.86426,0.84434,30,19
test_306.png,1.04,37,0.86775,0.8562,19,17
test_306.png,2.08,75,0.86958,0.86073,16,17
test_306.png,5.21,188,0.88081,0.88179,8,15
test_306.png,10.42,375,0.89889,0.91671,2,13
test_307.png,0.0,0,0.82203,0.86128,13,26
test_307.png,0.21,8,0.82216,0.86267,4,26
test_307.png,0.52,19,0.82216,0.86322,2,26
test_307.png,1.04,37,0.82216,0.86322,2,26
test_307.png,2.08,75,0.82216,0.86322,2,26
test_307.png,5.21,188,0.82216,0.86322,2,26
test_307.png,10.42,375,0.82462,0.86776,1,26
test_308.png,0.0,0,0.62028,0.58256,282,40
test_308.png,0.21,8,0.62205,0.59381,143,40
test_308.png,0.52,19,0.62554,0.60343,102,40
test_308.png,1.04,37,0.6322,0.62146,72,39
test_308.png,2.08,75,0.64601,0.6494,45,39
test_308.png,5.21,188,0.66768,0.68097,24,38
test_308.png,10.42,375,0.7195,0.76167,8,28
test_309.png,0.0,0,0.84215,0.84886,78,57
test_309.png,0.21,8,0.84222,0.85098,35,57
test_309.png,0.52,19,0.8427,0.8546,26,57
test_309.png,1.04,37,0.84267,0.85631,21,54
test_309.png,2.08,75,0.84243,0.86034,13,53
test_309.png,5.21,188,0.84506,0.86726,8,53
test_309.png,10.42,375,0.84911,0.8781,4,46
test_310.png,0.0,0,0.86166,0.89307,57,46
test_310.png,0.21,8,0.86186,0.89557,20,46
test_310.png,0.52,19,0.86179,0.89575,16,46
test_310.png,1.04,37,0.86218,0.89677,14,46
test_310.png,2.08,75,0.86316,0.89823,9,46
test_310.png,5.21,188,0.86448,0.90043,6,46
test_310.png,10.42,375,0.85779,0.89185,2,45
test_311.png,0.0,0,0.88289,0.85348,39,45
test_311.png,0.21,8,0.8832,0.85633,14,45
test_311.png,0.52,19,0.88382,0.86106,7,45
test_311.png,1.04,37,0.88399,0.86167,6,45
test_311.png,2.08,75,0.88493,0.86553,4,45
test_311.png,5.21,188,0.88649,0.87059,2,44
test_311.png,10.42,375,0.88649,0.87059,2,44
test_312.png,0.0,0,0.80394,0.86791,40,20
test_312.png,0.21,8,0.80398,0.86893,19,20
test_312.png,0.52,19,0.8047,0.87154,10,20
test_312.png,1.04,37,0.80506,0.87307,8,20
test_312.png,2.08,75,0.80489,0.87318,7,20
test_312.png,5.21,188,0.80604,0.87802,4,20
test_312.png,10.42,375,0.81054,0.88738,1,20
test_313.png,0.0,0,0.2724,0.27183,137,46
test_313.png,0.21,8,0.2725,0.27346,41,46
test_313.png,0.52,19,0.27272,0.27573,26,46
test_313.png,1.04,37,0.27301,0.27694,21,46
test_313.png,2.08,75,0.273,0.2776,17,46
test_313.png,5.21,188,0.27523,0.28575,5,45
test_313.png,10.42,375,0.27649,0.28913,3,44
test_314.png,0.0,0,0.69422,0.62221,132,59
test_314.png,0.21,8,0.69551,0.63231,39,59
test_314.png,0.52,19,0.69654,0.63803,27,59
test_314.png,1.04,37,0.69734,0.64138,23,59
test_314.png,2.08,75,0.70093,0.6534,15,58
test_314.png,5.21,188,0.70785,0.67653,9,53
test_314.png,10.42,375,0.71238,0.68827,7,53
test_315.png,0.0,0,0.88124,0.90227,52,25
test_315.png,0.21,8,0.88193,0.90542,13,25
test_315.png,0.52,19,0.88207,0.90647,11,25
test_315.png,1.04,37,0.88242,0.90771,8,25
test_315.png,2.08,75,0.883,0.91034,6,23
test_315.png,5.21,188,0.88575,0.91694,2,22
test_315.png,10.42,375,0.88575,0.91694,2,22
test_316.png,0.0,0,0.17134,0.21793,173,82
test_316.png,0.21,8,0.17114,0.2188,49,82
test_316.png,0.52,19,0.17066,0.21903,31,82
test_316.png,1.04,37,0.17029,0.21927,26,81
test_316.png,2.08,75,0.16954,0.21946,19,80
test_316.png,5.21,188,0.17161,0.22538,13,80
test_316.png,10.42,375,0.15837,0.20805,10,76
test_317.png,0.0,0,0.28047,0.24667,297,84
test_317.png,0.21,8,0.27835,0.24401,125,84
test_317.png,0.52,19,0.2766,0.24084,96,84
test_317.png,1.04,37,0.27354,0.24047,76,82
test_317.png,2.08,75,0.27367,0.24033,60,81
test_317.png,5.21,188,0.26019,0.22934,40,78
test_317.png,10.42,375,0.21898,0.19298,24,71
test_318.png,0.0,0,0.89696,0.86979,64,17
test_318.png,0.21,8,0.89778,0.8751,18,17
test_318.png,0.52,19,0.89818,0.87719,13,17
test_318.png,1.04,37,0.89891,0.88139,9,17
test_318.png,2.08,75,0.90008,0.88537,6,16
test_318.png,5.21,188,0.90114,0.89087,4,16
test_318.png,10.42,375,0.90441,0.90124,2,16
test_319.png,0.0,0,0.60278,0.62199,115,49
test_319.png,0.21,8,0.6025,0.62328,54,49
test_319.png,0.52,19,0.6026,0.62482,46,49
test_319.png,1.04,37,0.60293,0.62855,37,49
test_319.png,2.08,75,0.60216,0.62958,31,48
test_319.png,5.21,188,0.59515,0.62121,21,46
test_319.png,10.42,375,0.58645,0.60941,16,46
test_320.png,0.0,0,0.56508,0.60543,231,75
test_320.png,0.21,8,0.56567,0.60933,118,75
test_320.png,0.52,19,0.56603,0.61184,85,75
test_320.png,1.04,37,0.56775,0.61623,72,74
test_320.png,2.08,75,0.56986,0.62057,51,74
test_320.png,5.21,188,0.5762,0.63379,25,70
test_320.png,10.42,375,0.57527,0.63455,20,64
test_321.png,0.0,0,0.3188,0.38433,131,20
test_321.png,0.21,8,0.31747,0.38482,57,20
test_321.png,0.52,19,0.31563,0.38185,40,20
test_321.png,1.04,37,0.31379,0.38027,34,20
test_321.png,2.08,75,0.30873,0.38155,24,19
test_321.png,5.21,188,0.29629,0.37422,16,17
test_321.png,10.42,375,0.286,0.37897,9,16
test_322.png,0.0,0,0.51723,0.49006,224,55
test_322.png,0.21,8,0.51486,0.48735,106,55
test_322.png,0.52,19,0.51294,0.48453,81,55
test_322.png,1.04,37,0.51164,0.4851,64,55
test_322.png,2.08,75,0.50652,0.48459,51,54
test_322.png,5.21,188,0.49152,0.47464,34,46
test_322.png,10.42,375,0.4581,0.44888,22,42
test_323.png,0.0,0,0.19054,0.20819,212,23
test_323.png,0.21,8,0.18826,0.20663,105,23
test_323.png,0.52,19,0.18666,0.2057,80,22
test_323.png,1.04,37,0.18651,0.20689,68,22
test_323.png,2.08,75,0.17723,0.19688,48,22
test_323.png,5.21,188,0.16972,0.19676,21,18
test_323.png,10.42,375,0.1614,0.2036,7,17
test_324.png,0.0,0,0.87787,0.91977,108,37
test_324.png,0.21,8,0.87788,0.92355,35,37
test_324.png,0.52,19,0.87837,0.9283,20,37
test_324.png,1.04,37,0.87898,0.93056,16,37
test_324.png,2.08,75,0.88002,0.93807,6,37
test_324.png,5.21,188,0.88138,0.94274,4,37
test_324.png,10.42,375,0.88043,0.94376,2,36
test_325.png,0.0,0,0.9039,0.97712,18,13
test_325.png,0.21,8,0.90385,0.97759,6,13
test_325.png,0.52,19,0.90397,0.97849,4,13
test_325.png,1.04,37,0.90405,0.97935,1,11
test_325.png,2.08,75,0.90405,0.97935,1,11
test_325.png,5.21,188,0.90328,0.97934,0,11
test_325.png,10.42,375,0.90328,0.97934,0,11
test_326.png,0.0,0,0.9304,0.97708,11,22
test_326.png,0.21,8,0.93042,0.97763,4,22
test_326.png,0.52,19,0.93034,0.97762,3,22
test_326.png,1.04,37,0.93013,0.97761,2,22
test_326.png,2.08,75,0.93013,0.97761,2,22
test_326.png,5.21,188,0.93023,0.97559,0,22
test_326.png,10.42,375,0.92814,0.9735,1,21
test_327.png,0.0,0,0.7672,0.8529,10,10
test_327.png,0.21,8,0.76707,0.85293,2,10
test_327.png,0.52,19,0.76719,0.85379,1,10
test_327.png,1.04,37,0.76719,0.85379,1,10
test_327.png,2.08,75,0.76719,0.85379,1,10
test_327.png,5.21,188,0.76644,0.85376,0,10
test_327.png,10.42,375,0.76644,0.85376,0,10
test_328.png,0.0,0,0.87947,0.95912,33,19
test_328.png,0.21,8,0.87922,0.95906,15,19
test_328.png,0.52,19,0.87891,0.95836,11,19
test_328.png,1.04,37,0.87873,0.95806,10,19
test_328.png,2.08,75,0.87763,0.95657,7,19
test_328.png,5.21,188,0.87634,0.95598,5,19
test_328.png,10.42,375,0.87103,0.94878,2,20
test_329.png,0.0,0,0.93262,0.98087,10,0
test_329.png,0.21,8,0.93279,0.98239,2,0
test_329.png,0.52,19,0.933,0.98391,0,0
test_329.png,1.04,37,0.933,0.98391,0,0
test_329.png,2.08,75,0.933,0.98391,0,0
test_329.png,5.21,188,0.933,0.98391,0,0
test_329.png,10.42,375,0.933,0.98391,0,0
test_330.png,0.0,0,0.91605,0.99616,1,2
test_330.png,0.21,8,0.91605,0.99616,1,2
test_330.png,0.52,19,0.91605,0.99616,1,2
test_330.png,1.04,37,0.91591,0.99593,0,2
test_330.png,2.08,75,0.91591,0.99593,0,2
test_330.png,5.21,188,0.91591,0.99593,0,2
test_330.png,10.42,375,0.91591,0.99593,0,2
test_331.png,0.0,0,0.67825,0.61559,112,71
test_331.png,0.21,8,0.67799,0.61705,45,71
test_331.png,0.52,19,0.67879,0.61917,31,71
test_331.png,1.04,37,0.67822,0.61712,28,71
test_331.png,2.08,75,0.6793,0.61618,20,71
test_331.png,5.21,188,0.679,0.6172,12,71
test_331.png,10.42,375,0.67726,0.62136,7,71
test_332.png,0.0,0,0.94756,0.98119,0,8
test_332.png,0.21,8,0.94756,0.98119,0,8
test_332.png,0.52,19,0.94756,0.98119,0,8
test_332.png,1.04,37,0.94756,0.98119,0,8
test_332.png,2.08,75,0.94756,0.98119,0,8
test_332.png,5.21,188,0.94756,0.98119,0,8
test_332.png,10.42,375,0.94756,0.98119,0,8
test_333.png,0.0,0,0.89034,0.95891,33,8
test_333.png,0.21,8,0.89021,0.95939,8,8
test_333.png,0.52,19,0.89013,0.95947,6,8
test_333.png,1.04,37,0.89013,0.95947,6,8
test_333.png,2.08,75,0.88969,0.95865,4,8
test_333.png,5.21,188,0.8877,0.95599,1,6
test_333.png,10.42,375,0.8862,0.9547,0,6
test_334.png,0.0,0,0.91462,0.9791,12,13
test_334.png,0.21,8,0.91469,0.98002,1,13
test_334.png,0.52,19,0.91474,0.98037,0,13
test_334.png,1.04,37,0.91474,0.98037,0,13
test_334.png,2.08,75,0.91474,0.98037,0,13
test_334.png,5.21,188,0.91374,0.97747,1,13
test_334.png,10.42,375,0.91374,0.97747,1,13
test_335.png,0.0,0,0.88805,0.90462,93,81
test_335.png,0.21,8,0.88836,0.90796,38,81
test_335.png,0.52,19,0.88886,0.91091,25,81
test_335.png,1.04,37,0.8903,0.91664,15,81
test_335.png,2.08,75,0.89047,0.91863,8,81
test_335.png,5.21,188,0.89315,0.92676,2,80
test_335.png,10.42,375,0.89431,0.92942,1,80
test_336.png,0.0,0,0.55551,0.54069,218,63
test_336.png,0.21,8,0.5534,0.53802,88,63
test_336.png,0.52,19,0.55107,0.53689,66,63
test_336.png,1.04,37,0.54934,0.53337,57,63
test_336.png,2.08,75,0.54726,0.53282,49,62
test_336.png,5.21,188,0.53094,0.51633,36,56
test_336.png,10.42,375,0.50873,0.48607,22,49
test_337.png,0.0,0,0.4811,0.36101,251,53
test_337.png,0.21,8,0.47904,0.35566,122,53
test_337.png,0.52,19,0.47753,0.35665,84,52
test_337.png,1.04,37,0.47345,0.35194,60,52
test_337.png,2.08,75,0.46977,0.3468,42,50
test_337.png,5.21,188,0.45805,0.34143,22,45
test_337.png,10.42,375,0.43929,0.34165,15,39
test_338.png,0.0,0,0.87121,0.91693,48,27
test_338.png,0.21,8,0.87124,0.91886,18,27
test_338.png,0.52,19,0.87136,0.91989,13,27
test_338.png,1.04,37,0.87139,0.92236,8,27
test_338.png,2.08,75,0.87201,0.92407,6,27
test_338.png,5.21,188,0.87107,0.9289,2,27
test_338.png,10.42,375,0.86914,0.92257,1,27
test_339.png,0.0,0,0.92856,0.99736,1,2
test_339.png,0.21,8,0.9286,0.99768,0,2
test_339.png,0.52,19,0.9286,0.99768,0,2
test_339.png,1.04,37,0.9286,0.99768,0,2
test_339.png,2.08,75,0.9286,0.99768,0,2
test_339.png,5.21,188,0.9286,0.99768,0,2
test_339.png,10.42,375,0.9286,0.99768,0,2
test_340.png,0.0,0,0.94424,0.99896,3,6
test_340.png,0.21,8,0.94422,0.99896,2,6
test_340.png,0.52,19,0.9442,0.99934,0,5
test_340.png,1.04,37,0.9442,0.99934,0,5
test_340.png,2.08,75,0.9442,0.99934,0,5
test_340.png,5.21,188,0.9442,0.99934,0,5
test_340.png,10.42,375,0.9442,0.99934,0,5
test_341.png,0.0,0,0.18158,0.19328,179,15
test_341.png,0.21,8,0.17991,0.19159,91,15
test_341.png,0.52,19,0.17851,0.19103,75,15
test_341.png,1.04,37,0.1782,0.19214,66,14
test_341.png,2.08,75,0.17139,0.18874,45,13
test_341.png,5.21,188,0.14679,0.16724,24,11
test_341.png,10.42,375,0.11659,0.1425,12,9
test_342.png,0.0,0,0.64144,0.60699,56,47
test_342.png,0.21,8,0.64097,0.60795,22,47
test_342.png,0.52,19,0.64056,0.60851,15,47
test_342.png,1.04,37,0.64057,0.61014,11,47
test_342.png,2.08,75,0.63993,0.60918,9,47
test_342.png,5.21,188,0.63366,0.60919,6,46
test_342.png,10.42,375,0.6251,0.60539,3,45
test_343.png,0.0,0,0.88127,0.94713,60,29
test_343.png,0.21,8,0.88135,0.94975,13,29
test_343.png,0.52,19,0.88127,0.95063,8,29
test_343.png,1.04,37,0.8816,0.95162,6,29
test_343.png,2.08,75,0.88207,0.95246,3,29
test_343.png,5.21,188,0.88036,0.95064,1,28
test_343.png,10.42,375,0.88036,0.95064,1,28
test_344.png,0.0,0,0.40025,0.36572,196,27
test_344.png,0.21,8,0.39856,0.36581,98,27
test_344.png,0.52,19,0.39611,0.36287,72,27
test_344.png,1.04,37,0.39275,0.35891,58,25
test_344.png,2.08,75,0.38549,0.35942,39,24
test_344.png,5.21,188,0.35965,0.3386,20,20
test_344.png,10.42,375,0.31885,0.3022,10,12
test_345.png,0.0,0,0.79265,0.8242,56,20
test_345.png,0.21,8,0.79246,0.82529,22,20
test_345.png,0.52,19,0.79212,0.82658,13,20
test_345.png,1.04,37,0.79212,0.82658,13,20
test_345.png,2.08,75,0.79165,0.82706,10,20
test_345.png,5.21,188,0.78941,0.83056,3,20
test_345.png,10.42,375,0.78968,0.83242,1,19
test_346.png,0.0,0,0.88462,0.94061,62,22
test_346.png,0.21,8,0.88451,0.9419,23,22
test_346.png,0.52,19,0.88463,0.94392,14,22
test_346.png,1.04,37,0.88428,0.94489,9,22
test_346.png,2.08,75,0.88316,0.94302,6,22
test_346.png,5.21,188,0.88316,0.94302,6,22
test_346.png,10.42,375,0.88316,0.94302,6,22
test_347.png,0.0,0,0.72185,0.84337,87,13
test_347.png,0.21,8,0.72143,0.84389,39,13
test_347.png,0.52,19,0.72119,0.84408,30,13
test_347.png,1.04,37,0.72082,0.84447,25,13
test_347.png,2.08,75,0.72051,0.845,21,13
test_347.png,5.21,188,0.72,0.84522,19,13
test_347.png,10.42,375,0.71364,0.83663,15,13
test_348.png,0.0,0,0.80852,0.91299,29,8
test_348.png,0.21,8,0.80868,0.91451,10,8
test_348.png,0.52,19,0.8089,0.91538,8,8
test_348.png,1.04,37,0.8089,0.91538,8,8
test_348.png,2.08,75,0.8081,0.91501,5,8
test_348.png,5.21,188,0.8099,0.91887,2,8
test_348.png,10.42,375,0.81248,0.92303,1,6
test_349.png,0.0,0,0.92368,0.97606,13,9
test_349.png,0.21,8,0.92365,0.97643,2,9
test_349.png,0.52,19,0.92343,0.976,0,9
test_349.png,1.04,37,0.92343,0.976,0,9
test_349.png,2.08,75,0.92343,0.976,0,9
test_349.png,5.21,188,0.92343,0.976,0,9
test_349.png,10.42,375,0.92343,0.976,0,9
test_350.png,0.0,0,0.86664,0.98313,13,7
test_350.png,0.21,8,0.86674,0.98358,7,7
test_350.png,0.52,19,0.86673,0.98382,4,7
test_350.png,1.04,37,0.86673,0.98382,4,7
test_350.png,2.08,75,0.86755,0.98505,2,7
test_350.png,5.21,188,0.86755,0.98505,2,7
test_350.png,10.42,375,0.86575,0.98313,1,7
test_351.png,0.0,0,0.89133,0.9358,35,10
test_351.png,0.21,8,0.89131,0.93705,10,10
test_351.png,0.52,19,0.89133,0.9375,8,10
test_351.png,1.04,37,0.89171,0.93906,5,10
test_351.png,2.08,75,0.89197,0.94005,4,10
test_351.png,5.21,188,0.89244,0.94131,3,10
test_351.png,10.42,375,0.89244,0.94131,3,10
test_352.png,0.0,0,0.87889,0.90131,95,70
test_352.png,0.21,8,0.8795,0.90622,39,70
test_352.png,0.52,19,0.87994,0.90953,28,70
test_352.png,1.04,37,0.88118,0.91641,19,70
test_352.png,2.08,75,0.88329,0.92738,10,67
test_352.png,5.21,188,0.88478,0.93427,4,66
test_352.png,10.42,375,0.8863,0.93683,3,66
test_353.png,0.0,0,0.89815,0.9735,10,28
test_353.png,0.21,8,0.8982,0.9741,3,28
test_353.png,0.52,19,0.89809,0.9741,2,28
test_353.png,1.04,37,0.89806,0.97455,0,28
test_353.png,2.08,75,0.89806,0.97455,0,28
test_353.png,5.21,188,0.89806,0.97455,0,28
test_353.png,10.42,375,0.89806,0.97455,0,28
test_354.png,0.0,0,0.90086,0.99073,4,5
test_354.png,0.21,8,0.90086,0.99073,4,5
test_354.png,0.52,19,0.90103,0.99131,2,5
test_354.png,1.04,37,0.90103,0.99131,2,5
test_354.png,2.08,75,0.90103,0.99131,2,5
test_354.png,5.21,188,0.9016,0.99283,1,5
test_354.png,10.42,375,0.89917,0.99138,0,4
test_355.png,0.0,0,0.93849,0.9851,0,1
test_355.png,0.21,8,0.93849,0.9851,0,1
test_355.png,0.52,19,0.93849,0.9851,0,1
test_355.png,1.04,37,0.93849,0.9851,0,1
test_355.png,2.08,75,0.93849,0.9851,0,1
test_355.png,5.21,188,0.93849,0.9851,0,1
test_355.png,10.42,375,0.93849,0.9851,0,1
test_356.png,0.0,0,0.91391,0.96437,27,47
test_356.png,0.21,8,0.91382,0.96456,8,47
test_356.png,0.52,19,0.91384,0.96522,6,47
test_356.png,1.04,37,0.9142,0.96667,3,47
test_356.png,2.08,75,0.91381,0.96642,2,46
test_356.png,5.21,188,0.91381,0.96642,2,46
test_356.png,10.42,375,0.91381,0.96642,2,46
test_357.png,0.0,0,0.94561,0.99881,0,0
test_357.png,0.21,8,0.94561,0.99881,0,0
test_357.png,0.52,19,0.94561,0.99881,0,0
test_357.png,1.04,37,0.94561,0.99881,0,0
test_357.png,2.08,75,0.94561,0.99881,0,0
test_357.png,5.21,188,0.94561,0.99881,0,0
test_357.png,10.42,375,0.94561,0.99881,0,0
test_358.png,0.0,0,0.94543,0.99946,0,0
test_358.png,0.21,8,0.94543,0.99946,0,0
test_358.png,0.52,19,0.94543,0.99946,0,0
test_358.png,1.04,37,0.94543,0.99946,0,0
test_358.png,2.08,75,0.94543,0.99946,0,0
test_358.png,5.21,188,0.94543,0.99946,0,0
test_358.png,10.42,375,0.94543,0.99946,0,0
test_359.png,0.0,0,0.18868,0.17434,170,30
test_359.png,0.21,8,0.18848,0.17442,88,30
test_359.png,0.52,19,0.18867,0.17521,74,30
test_359.png,1.04,37,0.18762,0.17525,62,29
test_359.png,2.08,75,0.18478,0.17557,47,26
test_359.png,5.21,188,0.17487,0.16948,27,24
test_359.png,10.42,375,0.16656,0.17215,16,22
test_360.png,0.0,0,0.80037,0.85209,46,27
test_360.png,0.21,8,0.80014,0.85299,20,27
test_360.png,0.52,19,0.80044,0.85711,11,27
test_360.png,1.04,37,0.80044,0.85711,11,27
test_360.png,2.08,75,0.80085,0.86006,9,27
test_360.png,5.21,188,0.7994,0.85939,6,27
test_360.png,10.42,375,0.7994,0.85939,6,27
test_361.png,0.0,0,0.91534,0.94889,41,41
test_361.png,0.21,8,0.91517,0.94963,12,41
test_361.png,0.52,19,0.91482,0.94928,8,41
test_361.png,1.04,37,0.91476,0.95038,5,41
test_361.png,2.08,75,0.91385,0.94948,3,41
test_361.png,5.21,188,0.91444,0.95098,2,41
test_361.png,10.42,375,0.91444,0.95098,2,41
test_362.png,0.0,0,0.7865,0.84413,96,23
test_362.png,0.21,8,0.78584,0.84483,40,23
test_362.png,0.52,19,0.78531,0.84427,31,23
test_362.png,1.04,37,0.78509,0.84397,29,23
test_362.png,2.08,75,0.78283,0.8423,23,23
test_362.png,5.21,188,0.78343,0.84401,21,24
test_362.png,10.42,375,0.77052,0.83078,16,28
test_363.png,0.0,0,0.7848,0.82589,39,10
test_363.png,0.21,8,0.7845,0.82658,18,10
test_363.png,0.52,19,0.7839,0.82638,14,10
test_363.png,1.04,37,0.78307,0.82591,11,10
test_363.png,2.08,75,0.78049,0.82417,6,10
test_363.png,5.21,188,0.77922,0.81973,4,10
test_363.png,10.42,375,0.77651,0.81079,2,10
test_364.png,0.0,0,0.73398,0.7945,94,31
test_364.png,0.21,8,0.73348,0.79689,45,31
test_364.png,0.52,19,0.73419,0.80144,38,31
test_364.png,1.04,37,0.73397,0.8023,34,31
test_364.png,2.08,75,0.73455,0.80739,24,31
test_364.png,5.21,188,0.73121,0.80627,19,31
test_364.png,10.42,375,0.72541,0.80165,14,31
test_365.png,0.0,0,0.89818,0.93168,64,65
test_365.png,0.21,8,0.89846,0.93432,22,65
test_365.png,0.52,19,0.89871,0.93653,15,65
test_365.png,1.04,37,0.89961,0.9404,9,65
test_365.png,2.08,75,0.90069,0.9438,5,63
test_365.png,5.21,188,0.90144,0.9477,1,62
test_365.png,10.42,375,0.90144,0.9477,1,62
test_366.png,0.0,0,0.91828,0.98421,5,7
test_366.png,0.21,8,0.91823,0.98406,1,7
test_366.png,0.52,19,0.91823,0.98406,1,7
test_366.png,1.04,37,0.91823,0.98406,1,7
test_366.png,2.08,75,0.91823,0.98406,1,7
test_366.png,5.21,188,0.9177,0.98371,0,7
test_366.png,10.42,375,0.9177,0.98371,0,7
test_367.png,0.0,0,0.75435,0.85332,97,6
test_367.png,0.21,8,0.75504,0.85755,44,6
test_367.png,0.52,19,0.75588,0.86053,30,6
test_367.png,1.04,37,0.75589,0.86177,25,5
test_367.png,2.08,75,0.7582,0.86677,15,5
test_367.png,5.21,188,0.76271,0.87874,5,1
test_367.png,10.42,375,0.76135,0.87846,4,1
test_368.png,0.0,0,0.82029,0.89438,82,43
test_368.png,0.21,8,0.81964,0.89547,32,43
test_368.png,0.52,19,0.8193,0.89636,23,43
test_368.png,1.04,37,0.81925,0.89676,21,43
test_368.png,2.08,75,0.81872,0.89951,16,42
test_368.png,5.21,188,0.81325,0.89711,8,38
test_368.png,10.42,375,0.80783,0.89152,4,33
test_369.png,0.0,0,0.14299,0.13623,125,13
test_369.png,0.21,8,0.14127,0.13488,72,13
test_369.png,0.52,19,0.13817,0.13279,56,13
test_369.png,1.04,37,0.13417,0.12807,45,11
test_369.png,2.08,75,0.13063,0.12299,33,10
test_369.png,5.21,188,0.10118,0.09706,14,2
test_369.png,10.42,375,0.0702,0.06423,7,2
test_370.png,0.0,0,0.52928,0.53804,266,77
test_370.png,0.21,8,0.52663,0.53702,123,77
test_370.png,0.52,19,0.5235,0.53572,93,76
test_370.png,1.04,37,0.52056,0.53433,77,75
test_370.png,2.08,75,0.51242,0.52715,57,73
test_370.png,5.21,188,0.50247,0.51963,38,69
test_370.png,10.42,375,0.46259,0.47671,25,59
test_371.png,0.0,0,0.52534,0.3872,81,35
test_371.png,0.21,8,0.52461,0.38607,38,35
test_371.png,0.52,19,0.52413,0.38676,25,35
test_371.png,1.04,37,0.52253,0.38659,22,35
test_371.png,2.08,75,0.52218,0.38746,17,34
test_371.png,5.21,188,0.52098,0.38788,15,34
test_371.png,10.42,375,0.51487,0.38469,10,33
test_372.png,0.0,0,0.53876,0.51315,286,68
test_372.png,0.21,8,0.53699,0.51415,129,68
test_372.png,0.52,19,0.53625,0.51523,100,68
test_372.png,1.04,37,0.53429,0.51607,78,68
test_372.png,2.08,75,0.53286,0.51775,62,65
test_372.png,5.21,188,0.52521,0.51516,43,60
test_372.png,10.42,375,0.48246,0.46239,27,52
test_373.png,0.0,0,0.80291,0.84467,109,21
test_373.png,0.21,8,0.803,0.84678,48,21
test_373.png,0.52,19,0.80326,0.84863,31,21
test_373.png,1.04,37,0.80286,0.84842,26,21
test_373.png,2.08,75,0.80273,0.84958,21,21
test_373.png,5.21,188,0.8011,0.84773,14,21
test_373.png,10.42,375,0.79572,0.84289,9,20
test_374.png,0.0,0,0.52565,0.48596,235,67
test_374.png,0.21,8,0.52461,0.48769,126,67
test_374.png,0.52,19,0.52313,0.48649,97,66
test_374.png,1.04,37,0.52214,0.48395,74,66
test_374.png,2.08,75,0.51566,0.47933,47,64
test_374.png,5.21,188,0.50883,0.47591,26,61
test_374.png,10.42,375,0.50484,0.45082,20,61
test_375.png,0.0,0,0.8243,0.85381,140,10
test_375.png,0.21,8,0.82496,0.857,70,10
test_375.png,0.52,19,0.82576,0.8593,50,10
test_375.png,1.04,37,0.8272,0.86203,40,10
test_375.png,2.08,75,0.83002,0.86597,31,9
test_375.png,5.21,188,0.83879,0.8756,16,8
test_375.png,10.42,375,0.84466,0.88208,10,6
test_376.png,0.0,0,0.43628,0.38075,328,106
test_376.png,0.21,8,0.43374,0.37823,144,106
test_376.png,0.52,19,0.43241,0.37657,115,106
test_376.png,1.04,37,0.43064,0.37436,95,106
test_376.png,2.08,75,0.42681,0.37454,73,106
test_376.png,5.21,188,0.41492,0.35006,55,101
test_376.png,10.42,375,0.36434,0.32022,28,83
test_377.png,0.0,0,0.69103,0.62495,160,62
test_377.png,0.21,8,0.69094,0.62676,69,62
test_377.png,0.52,19,0.69089,0.62913,46,62
test_377.png,1.04,37,0.69177,0.63219,36,61
test_377.png,2.08,75,0.6943,0.63594,26,60
test_377.png,5.21,188,0.69309,0.6364,18,58
test_377.png,10.42,375,0.69039,0.63593,15,58
test_378.png,0.0,0,0.5709,0.47993,224,82
test_378.png,0.21,8,0.56955,0.47907,99,82
test_378.png,0.52,19,0.56799,0.47843,71,80
test_378.png,1.04,37,0.56766,0.47945,55,80
test_378.png,2.08,75,0.56661,0.4759,45,80
test_378.png,5.21,188,0.55655,0.4672,29,79
test_378.png,10.42,375,0.54655,0.46069,19,77
test_379.png,0.0,0,0.53778,0.52242,251,84
test_379.png,0.21,8,0.53782,0.52449,116,84
test_379.png,0.52,19,0.53676,0.52356,96,84
test_379.png,1.04,37,0.53535,0.52209,71,82
test_379.png,2.08,75,0.53494,0.52522,52,80
test_379.png,5.21,188,0.5315,0.52288,30,76
test_379.png,10.42,375,0.52839,0.52506,21,70
test_380.png,0.0,0,0.67299,0.59403,193,90
test_380.png,0.21,8,0.6726,0.59526,84,90
test_380.png,0.52,19,0.67276,0.59641,69,89
test_380.png,1.04,37,0.67313,0.59844,53,88
test_380.png,2.08,75,0.67247,0.59914,41,87
test_380.png,5.21,188,0.67371,0.60487,23,84
test_380.png,10.42,375,0.67359,0.59889,13,82
test_381.png,0.0,0,0.62611,0.60562,188,121
test_381.png,0.21,8,0.6253,0.60412,80,121
test_381.png,0.52,19,0.62475,0.60497,58,121
test_381.png,1.04,37,0.62392,0.60475,46,121
test_381.png,2.08,75,0.62409,0.60654,36,120
test_381.png,5.21,188,0.62425,0.61141,26,118
test_381.png,10.42,375,0.61759,0.61089,17,115
test_382.png,0.0,0,0.39504,0.36615,285,69
test_382.png,0.21,8,0.39518,0.36881,122,69
test_382.png,0.52,19,0.39601,0.37144,88,69
test_382.png,1.04,37,0.39702,0.37449,69,69
test_382.png,2.08,75,0.40084,0.38164,49,67
test_382.png,5.21,188,0.40404,0.38524,31,66
test_382.png,10.42,375,0.41079,0.39432,19,57
test_383.png,0.0,0,0.51525,0.49511,310,77
test_383.png,0.21,8,0.5154,0.49867,142,77
test_383.png,0.52,19,0.51581,0.50123,105,77
test_383.png,1.04,37,0.51709,0.50431,90,75
test_383.png,2.08,75,0.51858,0.50854,74,75
test_383.png,5.21,188,0.51905,0.51076,49,71
test_383.png,10.42,375,0.50571,0.49599,36,67
test_384.png,0.0,0,0.57963,0.52957,137,65
test_384.png,0.21,8,0.57884,0.52863,66,65
test_384.png,0.52,19,0.57869,0.52901,51,65
test_384.png,1.04,37,0.57718,0.52721,42,65
test_384.png,2.08,75,0.57706,0.52706,29,63
test_384.png,5.21,188,0.57406,0.52774,25,62
test_384.png,10.42,375,0.55685,0.52875,14,60
test_385.png,0.0,0,0.78113,0.73716,124,104
test_385.png,0.21,8,0.78076,0.73703,55,104
test_385.png,0.52,19,0.78043,0.73732,45,104
test_385.png,1.04,37,0.78057,0.73746,36,103
test_385.png,2.08,75,0.78123,0.74045,26,102
test_385.png,5.21,188,0.78497,0.74864,16,100
test_385.png,10.42,375,0.78503,0.74926,12,97
test_386.png,0.0,0,0.62842,0.60148,183,70
test_386.png,0.21,8,0.62893,0.60635,89,70
test_386.png,0.52,19,0.63004,0.61096,62,69
test_386.png,1.04,37,0.63009,0.61259,51,69
test_386.png,2.08,75,0.63017,0.61397,38,67
test_386.png,5.21,188,0.63743,0.63059,25,66
test_386.png,10.42,375,0.63917,0.62733,18,65
test_387.png,0.0,0,0.73202,0.61218,76,77
test_387.png,0.21,8,0.73198,0.61394,28,77
test_387.png,0.52,19,0.73196,0.61482,22,77
test_387.png,1.04,37,0.73302,0.61752,15,77
test_387.png,2.08,75,0.73394,0.61854,8,74
test_387.png,5.21,188,0.73441,0.62071,5,74
test_387.png,10.42,375,0.73441,0.62071,5,74
test_388.png,0.0,0,0.81908,0.84025,65,47
test_388.png,0.21,8,0.81914,0.84273,23,47
test_388.png,0.52,19,0.81865,0.8435,15,47
test_388.png,1.04,37,0.81859,0.84466,9,47
test_388.png,2.08,75,0.81956,0.84745,6,47
test_388.png,5.21,188,0.81685,0.84541,4,46
test_388.png,10.42,375,0.8186,0.84919,3,45
test_389.png,0.0,0,0.66936,0.68258,186,40
test_389.png,0.21,8,0.66994,0.68824,85,40
test_389.png,0.52,19,0.67123,0.69326,63,40
test_389.png,1.04,37,0.67344,0.69875,48,40
test_389.png,2.08,75,0.67634,0.70566,36,40
test_389.png,5.21,188,0.67965,0.71584,24,37
test_389.png,10.42,375,0.68693,0.73056,11,33
test_390.png,0.0,0,0.50136,0.43473,303,79
test_390.png,0.21,8,0.4997,0.43449,136,79
test_390.png,0.52,19,0.49812,0.43394,102,79
test_390.png,1.04,37,0.49537,0.4302,88,78
test_390.png,2.08,75,0.49224,0.42745,73,74
test_390.png,5.21,188,0.47033,0.40765,46,67
test_390.png,10.42,375,0.43431,0.38433,24,60
test_391.png,0.0,0,0.84305,0.88158,83,30
test_391.png,0.21,8,0.84308,0.88327,33,30
test_391.png,0.52,19,0.84329,0.88415,27,30
test_391.png,1.04,37,0.8434,0.88444,26,30
test_391.png,2.08,75,0.84426,0.88655,23,29
test_391.png,5.21,188,0.8417,0.88788,11,27
test_391.png,10.42,375,0.83708,0.88251,5,24
test_392.png,0.0,0,0.48649,0.44315,319,110
test_392.png,0.21,8,0.4855,0.44324,144,110
test_392.png,0.52,19,0.48408,0.44077,115,110
test_392.png,1.04,37,0.48196,0.43776,90,108
test_392.png,2.08,75,0.47749,0.42969,65,104
test_392.png,5.21,188,0.46451,0.42153,46,99
test_392.png,10.42,375,0.44707,0.40098,32,88
test_393.png,0.0,0,0.44802,0.39964,166,59
test_393.png,0.21,8,0.44672,0.39866,60,59
test_393.png,0.52,19,0.44579,0.39565,39,59
test_393.png,1.04,37,0.44554,0.39401,28,56
test_393.png,2.08,75,0.44495,0.3952,23,56
test_393.png,5.21,188,0.44668,0.39767,14,53
test_393.png,10.42,375,0.44387,0.39143,9,51
test_394.png,0.0,0,0.8448,0.85699,73,36
test_394.png,0.21,8,0.84532,0.86178,25,36
test_394.png,0.52,19,0.84621,0.86616,14,36
test_394.png,1.04,37,0.84642,0.86647,13,36
test_394.png,2.08,75,0.84723,0.87127,9,34
test_394.png,5.21,188,0.84843,0.87459,8,34
test_394.png,10.42,375,0.84741,0.875,5,34
test_395.png,0.0,0,0.47174,0.36196,204,42
test_395.png,0.21,8,0.4704,0.36162,102,42
test_395.png,0.52,19,0.46815,0.35812,70,42
test_395.png,1.04,37,0.46785,0.3596,53,42
test_395.png,2.08,75,0.46717,0.35848,41,42
test_395.png,5.21,188,0.46291,0.36171,25,38
test_395.png,10.42,375,0.45356,0.35842,18,38
test_396.png,0.0,0,0.86871,0.90989,23,4
test_396.png,0.21,8,0.86878,0.91087,5,4
test_396.png,0.52,19,0.86897,0.91126,3,4
test_396.png,1.04,37,0.86897,0.91126,3,4
test_396.png,2.08,75,0.8688,0.91113,2,4
test_396.png,5.21,188,0.8688,0.91113,2,4
test_396.png,10.42,375,0.8688,0.91113,2,4
test_397.png,0.0,0,0.60005,0.58495,214,53
test_397.png,0.21,8,0.5992,0.58639,110,53
test_397.png,0.52,19,0.59858,0.58793,84,53
test_397.png,1.04,37,0.59739,0.58688,65,53
test_397.png,2.08,75,0.59631,0.58968,48,52
test_397.png,5.21,188,0.58992,0.58303,30,46
test_397.png,10.42,375,0.564,0.56301,16,42
test_398.png,0.0,0,0.59162,0.48457,219,92
test_398.png,0.21,8,0.5908,0.48367,94,92
test_398.png,0.52,19,0.5901,0.48199,72,92
test_398.png,1.04,37,0.59039,0.48325,61,92
test_398.png,2.08,75,0.5898,0.4796,43,88
test_398.png,5.21,188,0.58851,0.47862,32,86
test_398.png,10.42,375,0.57133,0.47411,22,79
test_399.png,0.0,0,0.67253,0.64061,133,75
test_399.png,0.21,8,0.67265,0.64339,58,75
test_399.png,0.52,19,0.67341,0.64585,47,75
test_399.png,1.04,37,0.67386,0.64727,41,75
test_399.png,2.08,75,0.67669,0.65348,31,74
test_399.png,5.21,188,0.67926,0.66259,18,70
test_399.png,10.42,375,0.68211,0.66723,14,67
test_400.png,0.0,0,0.90838,0.84519,73,32
test_400.png,0.21,8,0.90835,0.84696,28,32
test_400.png,0.52,19,0.90827,0.84735,24,32
test_400.png,1.04,37,0.90968,0.85458,15,31
test_400.png,2.08,75,0.91108,0.86227,10,30
test_400.png,5.21,188,0.91528,0.88464,3,30
test_400.png,10.42,375,0.91777,0.891,1,30
test_401.png,0.0,0,0.51179,0.38521,215,73
test_401.png,0.21,8,0.51013,0.38451,97,73
test_401.png,0.52,19,0.50902,0.38267,73,73
test_401.png,1.04,37,0.50838,0.38312,63,73
test_401.png,2.08,75,0.50478,0.38066,48,73
test_401.png,5.21,188,0.50051,0.36773,37,72
test_401.png,10.42,375,0.48888,0.36654,23,63
test_402.png,0.0,0,0.35569,0.1758,104,38
test_402.png,0.21,8,0.35439,0.17198,40,38
test_402.png,0.52,19,0.3541,0.17195,37,38
test_402.png,1.04,37,0.352,0.17177,30,38
test_402.png,2.08,75,0.35043,0.16624,26,37
test_402.png,5.21,188,0.35102,0.16644,24,37
test_402.png,10.42,375,0.33979,0.15384,19,35
test_403.png,0.0,0,0.8218,0.79857,98,71
test_403.png,0.21,8,0.82162,0.79995,40,71
test_403.png,0.52,19,0.8217,0.80112,30,71
test_403.png,1.04,37,0.82182,0.80153,27,71
test_403.png,2.08,75,0.82202,0.80341,21,70
test_403.png,5.21,188,0.82652,0.81662,7,68
test_403.png,10.42,375,0.83008,0.82306,5,66
test_404.png,0.0,0,0.61621,0.6134,182,102
test_404.png,0.21,8,0.61479,0.61082,71,102
test_404.png,0.52,19,0.61419,0.61096,52,101
test_404.png,1.04,37,0.61364,0.6114,39,101
test_404.png,2.08,75,0.61441,0.6148,24,99
test_404.png,5.21,188,0.61654,0.61669,14,98
test_404.png,10.42,375,0.6154,0.61272,11,98
test_405.png,0.0,0,0.63023,0.58386,200,84
test_405.png,0.21,8,0.62908,0.58381,96,84
test_405.png,0.52,19,0.62813,0.58467,76,84
test_405.png,1.04,37,0.62706,0.58319,63,84
test_405.png,2.08,75,0.62532,0.5827,50,81
test_405.png,5.21,188,0.62574,0.58384,37,80
test_405.png,10.42,375,0.62323,0.58216,32,79
test_406.png,0.0,0,0.31962,0.30815,265,43
test_406.png,0.21,8,0.31819,0.30815,135,43
test_406.png,0.52,19,0.3168,0.30568,96,42
test_406.png,1.04,37,0.31529,0.30682,72,41
test_406.png,2.08,75,0.31285,0.30553,54,39
test_406.png,5.21,188,0.29898,0.27267,30,36
test_406.png,10.42,375,0.27612,0.26044,22,36
test_407.png,0.0,0,0.58941,0.57733,292,103
test_407.png,0.21,8,0.58791,0.57779,136,103
test_407.png,0.52,19,0.5857,0.57717,100,103
test_407.png,1.04,37,0.58236,0.57495,81,103
test_407.png,2.08,75,0.57992,0.57709,62,103
test_407.png,5.21,188,0.56783,0.55966,39,99
test_407.png,10.42,375,0.55763,0.55594,29,96
test_408.png,0.0,0,0.12925,0.11004,321,77
test_408.png,0.21,8,0.12793,0.10886,160,77
test_408.png,0.52,19,0.12564,0.10447,123,76
test_408.png,1.04,37,0.12099,0.10157,103,76
test_408.png,2.08,75,0.1132,0.09661,76,71
test_408.png,5.21,188,0.09954,0.08698,43,65
test_408.png,10.42,375,0.08252,0.08027,28,56
test_409.png,0.0,0,0.72019,0.72881,145,108
test_409.png,0.21,8,0.72011,0.73142,52,108
test_409.png,0.52,19,0.72007,0.73333,36,108
test_409.png,1.04,37,0.7201,0.73388,27,108
test_409.png,2.08,75,0.72006,0.73597,20,107
test_409.png,5.21,188,0.72387,0.74084,9,104
test_409.png,10.42,375,0.72093,0.73574,7,104
test_410.png,0.0,0,0.62681,0.61888,171,116
test_410.png,0.21,8,0.62685,0.6219,50,116
test_410.png,0.52,19,0.62749,0.62373,37,116
test_410.png,1.04,37,0.62804,0.6262,28,115
test_410.png,2.08,75,0.63016,0.63107,20,113
test_410.png,5.21,188,0.63436,0.6396,8,112
test_410.png,10.42,375,0.63613,0.64138,7,112
test_411.png,0.0,0,0.77601,0.74273,136,131
test_411.png,0.21,8,0.77501,0.74155,53,131
test_411.png,0.52,19,0.77367,0.73927,29,131
test_411.png,1.04,37,0.77279,0.74004,19,131
test_411.png,2.08,75,0.77269,0.7404,16,131
test_411.png,5.21,188,0.77075,0.7422,10,130
test_411.png,10.42,375,0.76835,0.74282,7,130
test_412.png,0.0,0,0.70132,0.69055,68,59
test_412.png,0.21,8,0.70122,0.69232,26,59
test_412.png,0.52,19,0.70086,0.69254,22,59
test_412.png,1.04,37,0.70114,0.69407,18,59
test_412.png,2.08,75,0.70067,0.69462,13,59
test_412.png,5.21,188,0.70206,0.70101,8,57
test_412.png,10.42,375,0.70388,0.7062,5,56
test_413.png,0.0,0,0.62237,0.57814,225,89
test_413.png,0.21,8,0.62174,0.57788,104,89
test_413.png,0.52,19,0.62166,0.58022,78,89
test_413.png,1.04,37,0.62217,0.58226,66,89
test_413.png,2.08,75,0.62237,0.58518,47,88
test_413.png,5.21,188,0.62614,0.58707,26,82
test_413.png,10.42,375,0.61347,0.58215,19,75
test_414.png,0.0,0,0.77333,0.74341,94,62
test_414.png,0.21,8,0.77388,0.74834,39,62
test_414.png,0.52,19,0.77466,0.7533,27,62
test_414.png,1.04,37,0.77586,0.75975,17,62
test_414.png,2.08,75,0.77657,0.76364,11,62
test_414.png,5.21,188,0.77903,0.77185,4,61
test_414.png,10.42,375,0.7813,0.77618,3,59
test_415.png,0.0,0,0.75509,0.76293,128,59
test_415.png,0.21,8,0.75457,0.7651,56,59
test_415.png,0.52,19,0.7543,0.76689,41,58
test_415.png,1.04,37,0.75374,0.76777,29,58
test_415.png,2.08,75,0.7526,0.7685,25,58
test_415.png,5.21,188,0.75654,0.77817,13,55
test_415.png,10.42,375,0.7542,0.77463,12,55
test_416.png,0.0,0,0.65141,0.6532,258,67
test_416.png,0.21,8,0.6509,0.65461,128,67
test_416.png,0.52,19,0.64951,0.65561,91,67
test_416.png,1.04,37,0.64846,0.65609,75,67
test_416.png,2.08,75,0.64715,0.65493,52,64
test_416.png,5.21,188,0.64866,0.66115,34,62
test_416.png,10.42,375,0.63882,0.63871,18,56
test_417.png,0.0,0,0.8652,0.90115,33,45
test_417.png,0.21,8,0.86516,0.90166,15,45
test_417.png,0.52,19,0.86534,0.90232,10,46
test_417.png,1.04,37,0.86534,0.90232,10,46
test_417.png,2.08,75,0.86512,0.90225,7,46
test_417.png,5.21,188,0.86683,0.90383,3,46
test_417.png,10.42,375,0.86683,0.90383,3,46
test_418.png,0.0,0,0.34871,0.21914,111,35
test_418.png,0.21,8,0.34797,0.21594,56,35
test_418.png,0.52,19,0.3465,0.20894,40,35
test_418.png,1.04,37,0.34524,0.20892,30,35
test_418.png,2.08,75,0.34352,0.19973,23,35
test_418.png,5.21,188,0.33835,0.19929,17,31
test_418.png,10.42,375,0.33033,0.19698,12,29
test_419.png,0.0,0,0.50989,0.49293,332,65
test_419.png,0.21,8,0.50858,0.49337,158,65
test_419.png,0.52,19,0.50773,0.49346,116,65
test_419.png,1.04,37,0.50515,0.48953,81,65
test_419.png,2.08,75,0.50316,0.49137,66,61
test_419.png,5.21,188,0.49702,0.48418,43,56
test_419.png,10.42,375,0.47622,0.46669,25,50
test_420.png,0.0,0,0.92764,0.95867,14,16
test_420.png,0.21,8,0.92779,0.96011,2,16
test_420.png,0.52,19,0.92773,0.96009,1,16
test_420.png,1.04,37,0.92773,0.96009,1,16
test_420.png,2.08,75,0.92815,0.961,0,16
test_420.png,5.21,188,0.92815,0.961,0,16
test_420.png,10.42,375,0.92815,0.961,0,16
