image,width_multiple,min_size,dice,cldice,betti0_err,betti1_err
test_071.png,0.0,0,0.65716,0.94278,13,16
test_071.png,0.21,8,0.65708,0.94291,9,16
test_071.png,0.52,19,0.65694,0.94265,7,16
test_071.png,1.04,37,0.6573,0.94355,5,16
test_071.png,2.08,75,0.6565,0.94235,4,16
test_071.png,5.21,188,0.65461,0.93994,3,16
test_071.png,10.42,375,0.65461,0.93994,3,16
test_072.png,0.0,0,0.46269,0.89234,41,23
test_072.png,0.21,8,0.46261,0.89268,30,23
test_072.png,0.52,19,0.46206,0.89271,24,23
test_072.png,1.04,37,0.46125,0.89239,20,23
test_072.png,2.08,75,0.46076,0.89378,14,23
test_072.png,5.21,188,0.45191,0.88362,7,23
test_072.png,10.42,375,0.44045,0.87016,4,23
test_073.png,0.0,0,0.82683,0.98857,3,4
test_073.png,0.21,8,0.82683,0.98859,1,4
test_073.png,0.52,19,0.82678,0.98859,0,4
test_073.png,1.04,37,0.82663,0.98834,1,4
test_073.png,2.08,75,0.82663,0.98834,1,4
test_073.png,5.21,188,0.82663,0.98834,1,4
test_073.png,10.42,375,0.82663,0.98834,1,4
test_074.png,0.0,0,0.65059,0.98812,0,2
test_074.png,0.21,8,0.65059,0.98812,0,2
test_074.png,0.52,19,0.65059,0.98812,0,2
test_074.png,1.04,37,0.65059,0.98812,0,2
test_074.png,2.08,75,0.65059,0.98812,0,2
test_074.png,5.21,188,0.65059,0.98812,0,2
test_074.png,10.42,375,0.65059,0.98812,0,2
test_075.png,0.0,0,0.59097,0.98762,1,5
test_075.png,0.21,8,0.59097,0.98762,1,5
test_075.png,0.52,19,0.59103,0.98795,0,5
test_075.png,1.04,37,0.59103,0.98795,0,5
test_075.png,2.08,75,0.59103,0.98795,0,5
test_075.png,5.21,188,0.59103,0.98795,0,5
test_075.png,10.42,375,0.59103,0.98795,0,5
test_076.png,0.0,0,0.88735,0.99724,4,0
test_076.png,0.21,8,0.88736,0.99728,2,0
test_076.png,0.52,19,0.88742,0.99735,1,0
test_076.png,1.04,37,0.88753,0.9977,0,0
test_076.png,2.08,75,0.88753,0.9977,0,0
test_076.png,5.21,188,0.88753,0.9977,0,0
test_076.png,10.42,375,0.88753,0.9977,0,0
test_077.png,0.0,0,0.66443,0.99332,0,1
test_077.png,0.21,8,0.66443,0.99332,0,1
test_077.png,0.52,19,0.66443,0.99332,0,1
test_077.png,1.04,37,0.66443,0.99332,0,1
test_077.png,2.08,75,0.66443,0.99332,0,1
test_077.png,5.21,188,0.66443,0.99332,0,1
test_077.png,10.42,375,0.66443,0.99332,0,1
test_078.png,0.0,0,0.78025,0.96829,0,3
test_078.png,0.21,8,0.78025,0.96829,0,3
test_078.png,0.52,19,0.78025,0.96829,0,3
test_078.png,1.04,37,0.78025,0.96829,0,3
test_078.png,2.08,75,0.78025,0.96829,0,3
test_078.png,5.21,188,0.78025,0.96829,0,3
test_078.png,10.42,375,0.78025,0.96829,0,3
test_079.png,0.0,0,0.41997,0.96947,1,1
test_079.png,0.21,8,0.41997,0.96947,1,1
test_079.png,0.52,19,0.41997,0.96947,1,1
test_079.png,1.04,37,0.41997,0.96947,1,1
test_079.png,2.08,75,0.41997,0.96947,1,1
test_079.png,5.21,188,0.41779,0.9675,0,1
test_079.png,10.42,375,0.41779,0.9675,0,1
test_080.png,0.0,0,0.77874,0.98738,1,4
test_080.png,0.21,8,0.77874,0.98738,1,4
test_080.png,0.52,19,0.77874,0.98738,1,4
test_080.png,1.04,37,0.77901,0.98782,0,4
test_080.png,2.08,75,0.77901,0.98782,0,4
test_080.png,5.21,188,0.77901,0.98782,0,4
test_080.png,10.42,375,0.77901,0.98782,0,4
test_081.png,0.0,0,0.63992,0.94191,8,22
test_081.png,0.21,8,0.63991,0.94203,5,22
test_081.png,0.52,19,0.63994,0.94236,4,22
test_081.png,1.04,37,0.63952,0.9418,3,22
test_081.png,2.08,75,0.63896,0.94106,2,22
test_081.png,5.21,188,0.6378,0.93981,1,22
test_081.png,10.42,375,0.6378,0.93981,1,22
test_082.png,0.0,0,0.83198,0.9635,9,60
test_082.png,0.21,8,0.83201,0.96362,6,60
test_082.png,0.52,19,0.83193,0.96366,3,60
test_082.png,1.04,37,0.83152,0.96291,0,60
test_082.png,2.08,75,0.83152,0.96291,0,60
test_082.png,5.21,188,0.83152,0.96291,0,60
test_082.png,10.42,375,0.83152,0.96291,0,60
test_083.png,0.0,0,0.48917,0.96126,2,20
test_083.png,0.21,8,0.48914,0.96126,1,20
test_083.png,0.52,19,0.48918,0.96142,0,20
test_083.png,1.04,37,0.48918,0.96142,0,20
test_083.png,2.08,75,0.48918,0.96142,0,20
test_083.png,5.21,188,0.48918,0.96142,0,20
test_083.png,10.42,375,0.48918,0.96142,0,20
test_084.png,0.0,0,0.57009,0.99559,0,1
test_084.png,0.21,8,0.57009,0.99559,0,1
test_084.png,0.52,19,0.57009,0.99559,0,1
test_084.png,1.04,37,0.57009,0.99559,0,1
test_084.png,2.08,75,0.57009,0.99559,0,1
test_084.png,5.21,188,0.57009,0.99559,0,1
test_084.png,10.42,375,0.57009,0.99559,0,1
test_085.png,0.0,0,0.6226,0.99632,0,0
test_085.png,0.21,8,0.6226,0.99632,0,0
test_085.png,0.52,19,0.6226,0.99632,0,0
test_085.png,1.04,37,0.6226,0.99632,0,0
test_085.png,2.08,75,0.6226,0.99632,0,0
test_085.png,5.21,188,0.6226,0.99632,0,0
test_085.png,10.42,375,0.6226,0.99632,0,0
test_086.png,0.0,0,0.60644,0.99157,1,0
test_086.png,0.21,8,0.60644,0.99157,1,0
test_086.png,0.52,19,0.60644,0.99157,1,0
test_086.png,1.04,37,0.60657,0.99198,0,0
test_086.png,2.08,75,0.60657,0.99198,0,0
test_086.png,5.21,188,0.60657,0.99198,0,0
test_086.png,10.42,375,0.60657,0.99198,0,0
test_087.png,0.0,0,0.65357,0.94331,10,15
test_087.png,0.21,8,0.65349,0.94343,5,15
test_087.png,0.52,19,0.65333,0.94337,4,15
test_087.png,1.04,37,0.65308,0.9432,2,15
test_087.png,2.08,75,0.65308,0.9432,2,15
test_087.png,5.21,188,0.6522,0.94231,1,15
test_087.png,10.42,375,0.6522,0.94231,1,15
test_088.png,0.0,0,0.49543,0.97959,0,1
test_088.png,0.21,8,0.49543,0.97959,0,1
test_088.png,0.52,19,0.49543,0.97959,0,1
test_088.png,1.04,37,0.49543,0.97959,0,1
test_088.png,2.08,75,0.49543,0.97959,0,1
test_088.png,5.21,188,0.49543,0.97959,0,1
test_088.png,10.42,375,0.49543,0.97959,0,1
test_089.png,0.0,0,0.63227,0.92687,1,5
test_089.png,0.21,8,0.63219,0.92687,0,5
test_089.png,0.52,19,0.63219,0.92687,0,5
test_089.png,1.04,37,0.63181,0.92646,1,5
test_089.png,2.08,75,0.63181,0.92646,1,5
test_089.png,5.21,188,0.63181,0.92646,1,5
test_089.png,10.42,375,0.63181,0.92646,1,5
test_090.png,0.0,0,0.63215,0.91564,19,25
test_090.png,0.21,8,0.63219,0.91594,13,25
test_090.png,0.52,19,0.63215,0.91622,10,25
test_090.png,1.04,37,0.63223,0.91648,9,25
test_090.png,2.08,75,0.63133,0.91733,6,25
test_090.png,5.21,188,0.62697,0.91462,4,25
test_090.png,10.42,375,0.61992,0.90747,2,25
test_091.png,0.0,0,0.53693,0.86647,7,21
test_091.png,0.21,8,0.53676,0.86619,4,21
test_091.png,0.52,19,0.53649,0.8659,2,21
test_091.png,1.04,37,0.53649,0.8659,2,21
test_091.png,2.08,75,0.53598,0.8659,1,21
test_091.png,5.21,188,0.53598,0.8659,1,21
test_091.png,10.42,375,0.53598,0.8659,1,21
test_092.png,0.0,0,0.48526,0.94667,0,6
test_092.png,0.21,8,0.48526,0.94667,0,6
test_092.png,0.52,19,0.48526,0.94667,0,6
test_092.png,1.04,37,0.48526,0.94667,0,6
test_092.png,2.08,75,0.48526,0.94667,0,6
test_092.png,5.21,188,0.48526,0.94667,0,6
test_092.png,10.42,375,0.48526,0.94667,0,6
test_093.png,0.0,0,0.60448,0.98316,5,1
test_093.png,0.21,8,0.60448,0.9832,4,1
test_093.png,0.52,19,0.60455,0.98353,3,1
test_093.png,1.04,37,0.60417,0.98306,2,1
test_093.png,2.08,75,0.6046,0.98422,0,1
test_093.png,5.21,188,0.6046,0.98422,0,1
test_093.png,10.42,375,0.6046,0.98422,0,1
test_094.png,0.0,0,0.57306,0.98664,1,0
test_094.png,0.21,8,0.57303,0.98652,0,0
test_094.png,0.52,19,0.57303,0.98652,0,0
test_094.png,1.04,37,0.57303,0.98652,0,0
test_094.png,2.08,75,0.57303,0.98652,0,0
test_094.png,5.21,188,0.57303,0.98652,0,0
test_094.png,10.42,375,0.57303,0.98652,0,0
test_095.png,0.0,0,0.85774,0.99599,1,1
test_095.png,0.21,8,0.85775,0.99604,0,1
test_095.png,0.52,19,0.85775,0.99604,0,1
test_095.png,1.04,37,0.85775,0.99604,0,1
test_095.png,2.08,75,0.85775,0.99604,0,1
test_095.png,5.21,188,0.85775,0.99604,0,1
test_095.png,10.42,375,0.85775,0.99604,0,1
test_096.png,0.0,0,0.81322,0.99758,0,0
test_096.png,0.21,8,0.81322,0.99758,0,0
test_096.png,0.52,19,0.81322,0.99758,0,0
test_096.png,1.04,37,0.81322,0.99758,0,0
test_096.png,2.08,75,0.81322,0.99758,0,0
test_096.png,5.21,188,0.81322,0.99758,0,0
test_096.png,10.42,375,0.81322,0.99758,0,0
test_097.png,0.0,0,0.58132,0.94663,10,15
test_097.png,0.21,8,0.58134,0.94672,7,15
test_097.png,0.52,19,0.58099,0.94635,4,15
test_097.png,1.04,37,0.58078,0.94651,2,15
test_097.png,2.08,75,0.57954,0.94543,0,15
test_097.png,5.21,188,0.57954,0.94543,0,15
test_097.png,10.42,375,0.57954,0.94543,0,15
test_098.png,0.0,0,0.47938,0.90325,9,19
test_098.png,0.21,8,0.47939,0.90351,4,19
test_098.png,0.52,19,0.47928,0.9035,3,19
test_098.png,1.04,37,0.47928,0.9035,3,19
test_098.png,2.08,75,0.47849,0.90206,2,19
test_098.png,5.21,188,0.47923,0.90463,1,19
test_098.png,10.42,375,0.47923,0.90463,1,19
test_099.png,0.0,0,0.77788,0.97855,1,4
test_099.png,0.21,8,0.77783,0.97851,0,4
test_099.png,0.52,19,0.77783,0.97851,0,4
test_099.png,1.04,37,0.77783,0.97851,0,4
test_099.png,2.08,75,0.77783,0.97851,0,4
test_099.png,5.21,188,0.77783,0.97851,0,4
test_099.png,10.42,375,0.77783,0.97851,0,4
test_100.png,0.0,0,0.57888,0.99263,0,2
test_100.png,0.21,8,0.57888,0.99263,0,2
test_100.png,0.52,19,0.57888,0.99263,0,2
test_100.png,1.04,37,0.57888,0.99263,0,2
test_100.png,2.08,75,0.57888,0.99263,0,2
test_100.png,5.21,188,0.57888,0.99263,0,2
test_100.png,10.42,375,0.57888,0.99263,0,2
test_101.png,0.0,0,0.87032,0.99649,1,2
test_101.png,0.21,8,0.87034,0.99656,0,2
test_101.png,0.52,19,0.87034,0.99656,0,2
test_101.png,1.04,37,0.87034,0.99656,0,2
test_101.png,2.08,75,0.87034,0.99656,0,2
test_101.png,5.21,188,0.87034,0.99656,0,2
test_101.png,10.42,375,0.87034,0.99656,0,2
test_102.png,0.0,0,0.61427,0.94286,9,15
test_102.png,0.21,8,0.61429,0.94304,7,15
test_102.png,0.52,19,0.61449,0.94387,3,15
test_102.png,1.04,37,0.61423,0.94269,2,15
test_102.png,2.08,75,0.61366,0.9421,1,15
test_102.png,5.21,188,0.61272,0.94097,0,15
test_102.png,10.42,375,0.61272,0.94097,0,15
test_103.png,0.0,0,0.60356,0.87394,7,11
test_103.png,0.21,8,0.60356,0.87394,7,11
test_103.png,0.52,19,0.60338,0.87417,5,11
test_103.png,1.04,37,0.60354,0.87491,3,11
test_103.png,2.08,75,0.60411,0.87672,2,11
test_103.png,5.21,188,0.60411,0.87672,2,11
test_103.png,10.42,375,0.59911,0.8721,1,11
test_104.png,0.0,0,0.59562,0.918,8,23
test_104.png,0.21,8,0.59566,0.91814,5,23
test_104.png,0.52,19,0.5956,0.91825,3,23
test_104.png,1.04,37,0.59528,0.91825,2,23
test_104.png,2.08,75,0.59528,0.91825,2,23
test_104.png,5.21,188,0.59357,0.91634,1,23
test_104.png,10.42,375,0.59357,0.91634,1,23
test_105.png,0.0,0,0.60238,0.99787,0,0
test_105.png,0.21,8,0.60238,0.99787,0,0
test_105.png,0.52,19,0.60238,0.99787,0,0
test_105.png,1.04,37,0.60238,0.99787,0,0
test_105.png,2.08,75,0.60238,0.99787,0,0
test_105.png,5.21,188,0.60238,0.99787,0,0
test_105.png,10.42,375,0.60238,0.99787,0,0
test_106.png,0.0,0,0.65009,0.9851,12,10
test_106.png,0.21,8,0.64999,0.98502,7,10
test_106.png,0.52,19,0.64945,0.98441,2,10
test_106.png,1.04,37,0.64916,0.98403,1,10
test_106.png,2.08,75,0.64916,0.98403,1,10
test_106.png,5.21,188,0.64916,0.98403,1,10
test_106.png,10.42,375,0.64916,0.98403,1,10
test_107.png,0.0,0,0.86351,0.99056,0,1
test_107.png,0.21,8,0.86351,0.99056,0,1
test_107.png,0.52,19,0.86351,0.99056,0,1
test_107.png,1.04,37,0.86351,0.99056,0,1
test_107.png,2.08,75,0.86351,0.99056,0,1
test_107.png,5.21,188,0.86351,0.99056,0,1
test_107.png,10.42,375,0.86351,0.99056,0,1
test_108.png,0.0,0,0.79869,0.99443,0,0
test_108.png,0.21,8,0.79869,0.99443,0,0
test_108.png,0.52,19,0.79869,0.99443,0,0
test_108.png,1.04,37,0.79869,0.99443,0,0
test_108.png,2.08,75,0.79869,0.99443,0,0
test_108.png,5.21,188,0.79869,0.99443,0,0
test_108.png,10.42,375,0.79869,0.99443,0,0
test_109.png,0.0,0,0.62049,0.96088,9,20
test_109.png,0.21,8,0.6203,0.96045,3,20
test_109.png,0.52,19,0.62035,0.96066,2,20
test_109.png,1.04,37,0.62015,0.96066,1,20
test_109.png,2.08,75,0.62015,0.96066,1,20
test_109.png,5.21,188,0.61903,0.95891,0,20
test_109.png,10.42,375,0.61903,0.95891,0,20
test_110.png,0.0,0,0.79161,0.99507,1,2
test_110.png,0.21,8,0.79158,0.99494,0,2
test_110.png,0.52,19,0.79158,0.99494,0,2
test_110.png,1.04,37,0.79158,0.99494,0,2
test_110.png,2.08,75,0.79158,0.99494,0,2
test_110.png,5.21,188,0.79158,0.99494,0,2
test_110.png,10.42,375,0.79158,0.99494,0,2
test_111.png,0.0,0,0.83416,0.99415,0,0
test_111.png,0.21,8,0.83414,0.99415,1,0
test_111.png,0.52,19,0.83414,0.99415,1,0
test_111.png,1.04,37,0.83389,0.99364,2,0
test_111.png,2.08,75,0.83389,0.99364,2,0
test_111.png,5.21,188,0.83389,0.99364,2,0
test_111.png,10.42,375,0.83389,0.99364,2,0
test_112.png,0.0,0,0.86888,0.99508,3,1
test_112.png,0.21,8,0.86875,0.99466,1,1
test_112.png,0.52,19,0.86875,0.99466,1,1
test_112.png,1.04,37,0.86875,0.99466,1,1
test_112.png,2.08,75,0.8681,0.99335,0,1
test_112.png,5.21,188,0.8681,0.99335,0,1
test_112.png,10.42,375,0.8681,0.99335,0,1
test_113.png,0.0,0,0.82045,0.99004,0,0
test_113.png,0.21,8,0.82045,0.99004,0,0
test_113.png,0.52,19,0.82045,0.99004,0,0
test_113.png,1.04,37,0.82045,0.99004,0,0
test_113.png,2.08,75,0.82045,0.99004,0,0
test_113.png,5.21,188,0.82045,0.99004,0,0
test_113.png,10.42,375,0.82045,0.99004,0,0
test_114.png,0.0,0,0.59868,0.91383,13,18
test_114.png,0.21,8,0.59855,0.91406,5,18
test_114.png,0.52,19,0.59859,0.91411,4,18
test_114.png,1.04,37,0.5987,0.91434,3,18
test_114.png,2.08,75,0.59794,0.91378,2,18
test_114.png,5.21,188,0.59518,0.91081,0,18
test_114.png,10.42,375,0.59518,0.91081,0,18
test_115.png,0.0,0,0.63338,0.98587,0,3
test_115.png,0.21,8,0.63338,0.98587,0,3
test_115.png,0.52,19,0.63338,0.98587,0,3
test_115.png,1.04,37,0.63338,0.98587,0,3
test_115.png,2.08,75,0.63338,0.98587,0,3
test_115.png,5.21,188,0.63338,0.98587,0,3
test_115.png,10.42,375,0.63338,0.98587,0,3
test_116.png,0.0,0,0.6249,0.99513,1,0
test_116.png,0.21,8,0.6249,0.99513,1,0
test_116.png,0.52,19,0.6249,0.99513,1,0
test_116.png,1.04,37,0.6249,0.99513,1,0
test_116.png,2.08,75,0.6249,0.99513,1,0
test_116.png,5.21,188,0.6249,0.99513,1,0
test_116.png,10.42,375,0.6249,0.99513,1,0
test_117.png,0.0,0,0.83494,0.99812,0,0
test_117.png,0.21,8,0.83494,0.99812,0,0
test_117.png,0.52,19,0.83494,0.99812,0,0
test_117.png,1.04,37,0.83494,0.99812,0,0
test_117.png,2.08,75,0.83475,0.99788,1,0
test_117.png,5.21,188,0.83475,0.99788,1,0
test_117.png,10.42,375,0.83475,0.99788,1,0
test_118.png,0.0,0,0.60489,0.99247,3,2
test_118.png,0.21,8,0.60484,0.99247,1,2
test_118.png,0.52,19,0.60484,0.99247,1,2
test_118.png,1.04,37,0.6046,0.99148,0,2
test_118.png,2.08,75,0.6046,0.99148,0,2
test_118.png,5.21,188,0.6046,0.99148,0,2
test_118.png,10.42,375,0.6046,0.99148,0,2
test_119.png,0.0,0,0.6633,0.9919,0,2
test_119.png,0.21,8,0.6633,0.9919,0,2
test_119.png,0.52,19,0.6633,0.9919,0,2
test_119.png,1.04,37,0.6633,0.9919,0,2
test_119.png,2.08,75,0.6633,0.9919,0,2
test_119.png,5.21,188,0.6633,0.9919,0,2
test_119.png,10.42,375,0.6633,0.9919,0,2
test_120.png,0.0,0,0.88157,0.99806,0,2
test_120.png,0.21,8,0.88157,0.99806,0,2
test_120.png,0.52,19,0.88157,0.99806,0,2
test_120.png,1.04,37,0.88157,0.99806,0,2
test_120.png,2.08,75,0.88157,0.99806,0,2
test_120.png,5.21,188,0.88157,0.99806,0,2
test_120.png,10.42,375,0.88157,0.99806,0,2
test_121.png,0.0,0,0.07437,0.1489,110,38
test_121.png,0.21,8,0.07285,0.147,74,38
test_121.png,0.52,19,0.06806,0.14175,52,38
test_121.png,1.04,37,0.05448,0.12248,25,38
test_121.png,2.08,75,0.04417,0.10299,15,38
test_121.png,5.21,188,0.00515,0.01098,0,38
test_121.png,10.42,375,0.0,0.0,1,38
test_122.png,0.0,0,0.58229,0.81298,88,37
test_122.png,0.21,8,0.582,0.81292,74,37
test_122.png,0.52,19,0.58203,0.81361,68,37
test_122.png,1.04,37,0.58136,0.81402,60,37
test_122.png,2.08,75,0.57961,0.81327,52,37
test_122.png,5.21,188,0.56437,0.79785,34,37
test_122.png,10.42,375,0.54403,0.77222,27,37
test_123.png,0.0,0,0.26809,0.37018,546,176
test_123.png,0.21,8,0.26525,0.36809,382,176
test_123.png,0.52,19,0.26294,0.36597,303,176
test_123.png,1.04,37,0.25598,0.35998,218,176
test_123.png,2.08,75,0.19601,0.27964,94,176
test_123.png,5.21,188,0.03057,0.04332,2,176
test_123.png,10.42,375,0.01039,0.01427,2,176
test_124.png,0.0,0,0.13988,0.21321,217,6
test_124.png,0.21,8,0.13933,0.21425,143,6
test_124.png,0.52,19,0.13984,0.21641,122,6
test_124.png,1.04,37,0.13574,0.21464,93,6
test_124.png,2.08,75,0.13023,0.21202,56,6
test_124.png,5.21,188,0.09095,0.15769,15,6
test_124.png,10.42,375,0.05753,0.10814,4,6
test_125.png,0.0,0,0.08838,0.19602,55,39
test_125.png,0.21,8,0.08743,0.19309,37,39
test_125.png,0.52,19,0.08555,0.19021,30,39
test_125.png,1.04,37,0.07975,0.18169,20,39
test_125.png,2.08,75,0.07018,0.16634,11,39
test_125.png,5.21,188,0.04507,0.10783,3,39
test_125.png,10.42,375,0.0,0.0,3,39
test_126.png,0.0,0,0.32306,0.87729,29,9
test_126.png,0.21,8,0.32299,0.87729,27,9
test_126.png,0.52,19,0.32282,0.87729,26,9
test_126.png,1.04,37,0.32179,0.87729,24,9
test_126.png,2.08,75,0.32179,0.87729,24,9
test_126.png,5.21,188,0.31018,0.85769,19,9
test_126.png,10.42,375,0.26472,0.76635,9,9
test_127.png,0.0,0,0.69818,0.87719,162,116
test_127.png,0.21,8,0.69703,0.87679,105,116
test_127.png,0.52,19,0.69559,0.87554,80,116
test_127.png,1.04,37,0.69461,0.8749,68,116
test_127.png,2.08,75,0.68738,0.86708,52,116
test_127.png,5.21,188,0.65241,0.82726,25,116
test_127.png,10.42,375,0.62312,0.79325,13,116
test_128.png,0.0,0,0.2321,0.59002,137,7
test_128.png,0.21,8,0.23057,0.58849,103,7
test_128.png,0.52,19,0.2269,0.586,85,7
test_128.png,1.04,37,0.21428,0.57088,61,7
test_128.png,2.08,75,0.19272,0.53842,39,7
test_128.png,5.21,188,0.14322,0.42941,18,9
test_128.png,10.42,375,0.05834,0.1846,4,9
test_129.png,0.0,0,0.24429,0.45705,207,76
test_129.png,0.21,8,0.24097,0.45473,150,76
test_129.png,0.52,19,0.23265,0.44609,107,76
test_129.png,1.04,37,0.21577,0.4287,71,76
test_129.png,2.08,75,0.18463,0.3843,38,76
test_129.png,5.21,188,0.11457,0.25518,7,76
test_129.png,10.42,375,0.07273,0.16667,0,76
test_130.png,0.0,0,0.18323,0.51872,89,5
test_130.png,0.21,8,0.1814,0.51992,58,5
test_130.png,0.52,19,0.17757,0.51391,45,5
test_130.png,1.04,37,0.1747,0.51442,35,5
test_130.png,2.08,75,0.16344,0.49842,21,5
test_130.png,5.21,188,0.14298,0.45539,14,5
test_130.png,10.42,375,0.05513,0.18645,3,5
test_131.png,0.0,0,0.22648,0.52851,142,35
test_131.png,0.21,8,0.22405,0.52531,107,35
test_131.png,0.52,19,0.21839,0.51679,84,35
test_131.png,1.04,37,0.20929,0.50329,65,35
test_131.png,2.08,75,0.1836,0.45412,41,35
test_131.png,5.21,188,0.09223,0.23048,8,35
test_131.png,10.42,375,0.054,0.12255,2,35
test_132.png,0.0,0,0.23459,0.60877,134,8
test_132.png,0.21,8,0.23291,0.60715,104,8
test_132.png,0.52,19,0.22754,0.59867,83,8
test_132.png,1.04,37,0.21978,0.59099,68,8
test_132.png,2.08,75,0.18797,0.53032,39,8
test_132.png,5.21,188,0.12988,0.40318,14,8
test_132.png,10.42,375,0.02459,0.05479,2,8
test_133.png,0.0,0,0.45774,0.54689,196,40
test_133.png,0.21,8,0.45665,0.54658,143,40
test_133.png,0.52,19,0.45549,0.5466,116,40
test_133.png,1.04,37,0.45163,0.54168,95,40
test_133.png,2.08,75,0.43535,0.52214,70,40
test_133.png,5.21,188,0.34888,0.4288,25,40
test_133.png,10.42,375,0.27118,0.34169,7,40
test_134.png,0.0,0,0.43756,0.79067,74,51
test_134.png,0.21,8,0.43691,0.79017,56,51
test_134.png,0.52,19,0.43599,0.78939,44,51
test_134.png,1.04,37,0.43359,0.78694,36,51
test_134.png,2.08,75,0.42795,0.77862,23,51
test_134.png,5.21,188,0.40995,0.74938,14,51
test_134.png,10.42,375,0.40011,0.73819,12,51
test_135.png,0.0,0,0.31241,0.66127,133,13
test_135.png,0.21,8,0.31032,0.65975,99,13
test_135.png,0.52,19,0.30753,0.6559,84,13
test_135.png,1.04,37,0.30394,0.65018,73,13
test_135.png,2.08,75,0.28557,0.62838,53,13
test_135.png,5.21,188,0.20187,0.47442,20,13
test_135.png,10.42,375,0.12416,0.30959,8,13
test_136.png,0.0,0,0.19284,0.26595,187,10
test_136.png,0.21,8,0.19236,0.26712,131,10
test_136.png,0.52,19,0.18964,0.26432,108,10
test_136.png,1.04,37,0.18813,0.26513,90,10
test_136.png,2.08,75,0.17973,0.25764,65,10
test_136.png,5.21,188,0.1305,0.20664,27,10
test_136.png,10.42,375,0.07014,0.12484,5,11
test_137.png,0.0,0,0.19249,0.32656,185,79
test_137.png,0.21,8,0.19235,0.3281,140,79
test_137.png,0.52,19,0.19241,0.32899,123,79
test_137.png,1.04,37,0.18832,0.3237,106,79
test_137.png,2.08,75,0.11908,0.20254,50,79
test_137.png,5.21,188,0.0,0.0,3,79
test_137.png,10.42,375,0.0,0.0,3,79
test_138.png,0.0,0,0.42967,0.94509,19,8
test_138.png,0.21,8,0.42939,0.94458,15,8
test_138.png,0.52,19,0.42886,0.94302,13,8
test_138.png,1.04,37,0.42799,0.94252,11,8
test_138.png,2.08,75,0.42799,0.94252,11,8
test_138.png,5.21,188,0.42154,0.93179,8,8
test_138.png,10.42,375,0.40061,0.90209,3,8
test_139.png,0.0,0,0.10849,0.29458,102,1
test_139.png,0.21,8,0.1072,0.29546,75,1
test_139.png,0.52,19,0.10477,0.29598,50,1
test_139.png,1.04,37,0.09747,0.29333,30,1
test_139.png,2.08,75,0.08232,0.28303,13,1
test_139.png,5.21,188,0.05379,0.24061,1,1
test_139.png,10.42,375,0.03925,0.17705,1,1
test_140.png,0.0,0,0.21244,0.60768,110,7
test_140.png,0.21,8,0.21044,0.60378,80,7
test_140.png,0.52,19,0.20488,0.59468,61,7
test_140.png,1.04,37,0.19577,0.57815,46,7
test_140.png,2.08,75,0.1754,0.54919,29,7
test_140.png,5.21,188,0.14292,0.49755,16,7
test_140.png,10.42,375,0.0544,0.20517,3,7
test_141.png,0.0,0,0.40894,0.93661,12,4
test_141.png,0.21,8,0.40894,0.93661,12,4
test_141.png,0.52,19,0.40894,0.93661,12,4
test_141.png,1.04,37,0.40894,0.93661,12,4
test_141.png,2.08,75,0.40533,0.93321,9,4
test_141.png,5.21,188,0.39111,0.91151,4,4
test_141.png,10.42,375,0.38104,0.89898,2,4
test_142.png,0.0,0,0.4688,0.83394,81,7
test_142.png,0.21,8,0.46874,0.8359,59,7
test_142.png,0.52,19,0.46896,0.83989,45,7
test_142.png,1.04,37,0.46749,0.83998,35,7
test_142.png,2.08,75,0.46003,0.84084,20,7
test_142.png,5.21,188,0.44285,0.82857,6,7
test_142.png,10.42,375,0.42912,0.81339,3,7
test_143.png,0.0,0,0.11999,0.32344,108,7
test_143.png,0.21,8,0.1167,0.32064,60,7
test_143.png,0.52,19,0.11279,0.31697,45,7
test_143.png,1.04,37,0.10427,0.30577,30,7
test_143.png,2.08,75,0.08951,0.27712,17,7
test_143.png,5.21,188,0.06188,0.19584,9,7
test_143.png,10.42,375,0.0,0.0,3,7
test_144.png,0.0,0,0.20081,0.45401,173,6
test_144.png,0.21,8,0.19897,0.45174,123,6
test_144.png,0.52,19,0.19432,0.45217,87,6
test_144.png,1.04,37,0.1876,0.45957,51,6
test_144.png,2.08,75,0.17424,0.45845,30,6
test_144.png,5.21,188,0.15052,0.43995,14,6
test_144.png,10.42,375,0.10506,0.33307,6,6
test_145.png,0.0,0,0.12157,0.31273,119,11
test_145.png,0.21,8,0.11989,0.31162,85,11
test_145.png,0.52,19,0.11481,0.30311,62,11
test_145.png,1.04,37,0.10604,0.29287,40,11
test_145.png,2.08,75,0.08594,0.25214,25,11
test_145.png,5.21,188,0.01012,0.038,1,11
test_145.png,10.42,375,0.0,0.0,1,11
test_146.png,0.0,0,0.55283,0.81686,110,40
test_146.png,0.21,8,0.55238,0.81677,92,40
test_146.png,0.52,19,0.55181,0.81694,87,40
test_146.png,1.04,37,0.54957,0.81558,73,40
test_146.png,2.08,75,0.54528,0.81003,65,40
test_146.png,5.21,188,0.52859,0.78929,51,40
test_146.png,10.42,375,0.48098,0.72699,36,40
test_147.png,0.0,0,0.07439,0.08516,133,6
test_147.png,0.21,8,0.07386,0.08479,95,6
test_147.png,0.52,19,0.07355,0.08506,77,6
test_147.png,1.04,37,0.06823,0.0788,58,6
test_147.png,2.08,75,0.04576,0.04813,26,6
test_147.png,5.21,188,0.01728,0.02923,6,6
test_147.png,10.42,375,0.00051,0.00143,1,6
test_148.png,0.0,0,0.45723,0.87271,54,12
test_148.png,0.21,8,0.45679,0.87215,47,12
test_148.png,0.52,19,0.4552,0.87068,42,12
test_148.png,1.04,37,0.45342,0.86875,39,12
test_148.png,2.08,75,0.44645,0.85832,33,12
test_148.png,5.21,188,0.41581,0.81582,21,12
test_148.png,10.42,375,0.35501,0.72335,11,12
test_149.png,0.0,0,0.1158,0.42164,45,3
test_149.png,0.21,8,0.1154,0.42106,37,3
test_149.png,0.52,19,0.11281,0.41586,29,3
test_149.png,1.04,37,0.10909,0.40878,22,3
test_149.png,2.08,75,0.10024,0.39264,13,3
test_149.png,5.21,188,0.09211,0.36994,10,3
test_149.png,10.42,375,0.0228,0.07432,0,3
test_150.png,0.0,0,0.2109,0.47515,93,6
test_150.png,0.21,8,0.2084,0.4725,69,6
test_150.png,0.52,19,0.19819,0.46164,41,6
test_150.png,1.04,37,0.19341,0.45538,34,6
test_150.png,2.08,75,0.17166,0.43244,17,6
test_150.png,5.21,188,0.14997,0.39654,9,6
test_150.png,10.42,375,0.05693,0.143,1,6
test_151.png,0.0,0,0.45597,0.72848,142,14
test_151.png,0.21,8,0.4549,0.72858,103,14
test_151.png,0.52,19,0.4528,0.72871,77,14
test_151.png,1.04,37,0.44994,0.72936,65,14
test_151.png,2.08,75,0.44046,0.72247,45,14
test_151.png,5.21,188,0.41448,0.69259,27,14
test_151.png,10.42,375,0.33428,0.57853,12,14
test_152.png,0.0,0,0.21531,0.46911,151,23
test_152.png,0.21,8,0.21183,0.46808,98,23
test_152.png,0.52,19,0.2067,0.46565,78,23
test_152.png,1.04,37,0.19545,0.45676,58,23
test_152.png,2.08,75,0.176,0.43191,40,23
test_152.png,5.21,188,0.0844,0.21477,10,23
test_152.png,10.42,375,0.02252,0.05577,0,23
test_153.png,0.0,0,0.50496,0.78839,81,10
test_153.png,0.21,8,0.5046,0.78977,63,10
test_153.png,0.52,19,0.50396,0.7909,52,10
test_153.png,1.04,37,0.49947,0.78912,36,10
test_153.png,2.08,75,0.4972,0.79012,27,10
test_153.png,5.21,188,0.48575,0.78441,17,10
test_153.png,10.42,375,0.46538,0.76548,11,10
test_154.png,0.0,0,0.31257,0.55462,160,42
test_154.png,0.21,8,0.31036,0.55158,119,42
test_154.png,0.52,19,0.30599,0.54554,92,42
test_154.png,1.04,37,0.2967,0.53629,66,42
test_154.png,2.08,75,0.27789,0.51218,45,42
test_154.png,5.21,188,0.21071,0.41552,14,43
test_154.png,10.42,375,0.17032,0.34711,7,43
test_155.png,0.0,0,0.06997,0.10134,213,6
test_155.png,0.21,8,0.06859,0.09899,154,6
test_155.png,0.52,19,0.06624,0.09619,125,6
test_155.png,1.04,37,0.0627,0.09409,97,6
test_155.png,2.08,75,0.04858,0.07552,52,6
test_155.png,5.21,188,0.02828,0.05038,12,6
test_155.png,10.42,375,6e-05,0.0,0,6
test_156.png,0.0,0,0.15336,0.43839,49,10
test_156.png,0.21,8,0.15272,0.43767,40,10
test_156.png,0.52,19,0.15138,0.436,35,10
test_156.png,1.04,37,0.145,0.42422,24,10
test_156.png,2.08,75,0.13576,0.40726,16,10
test_156.png,5.21,188,0.12245,0.37438,12,10
test_156.png,10.42,375,0.02375,0.06508,2,10
test_157.png,0.0,0,0.36784,0.76452,87,3
test_157.png,0.21,8,0.36782,0.76709,67,3
test_157.png,0.52,19,0.36637,0.76841,55,3
test_157.png,1.04,37,0.36753,0.77765,41,3
test_157.png,2.08,75,0.36713,0.78735,30,3
test_157.png,5.21,188,0.35067,0.77478,20,3
test_157.png,10.42,375,0.31051,0.71001,13,3
test_158.png,0.0,0,0.38299,0.93017,14,2
test_158.png,0.21,8,0.38289,0.93039,12,2
test_158.png,0.52,19,0.3825,0.92967,9,2
test_158.png,1.04,37,0.38203,0.92883,8,2
test_158.png,2.08,75,0.38203,0.92883,8,2
test_158.png,5.21,188,0.37987,0.92485,7,2
test_158.png,10.42,375,0.35563,0.88922,3,2
test_159.png,0.0,0,0.10828,0.40851,31,6
test_159.png,0.21,8,0.10778,0.40718,25,6
test_159.png,0.52,19,0.10599,0.40452,20,6
test_159.png,1.04,37,0.10249,0.39478,15,6
test_159.png,2.08,75,0.09988,0.38629,13,6
test_159.png,5.21,188,0.08082,0.32793,8,6
test_159.png,10.42,375,0.01024,0.0431,1,6
test_160.png,0.0,0,0.14702,0.3748,97,37
test_160.png,0.21,8,0.14526,0.37172,73,37
test_160.png,0.52,19,0.13989,0.36664,52,37
test_160.png,1.04,37,0.13519,0.35811,42,37
test_160.png,2.08,75,0.11366,0.31094,22,37
test_160.png,5.21,188,0.08904,0.25368,12,37
test_160.png,10.42,375,0.02848,0.07355,1,38
test_161.png,0.0,0,0.50125,0.62634,190,29
test_161.png,0.21,8,0.50062,0.62645,140,29
test_161.png,0.52,19,0.49991,0.62844,111,30
test_161.png,1.04,37,0.49731,0.62755,88,30
test_161.png,2.08,75,0.48173,0.61325,52,30
test_161.png,5.21,188,0.42527,0.54982,23,30
test_161.png,10.42,375,0.34897,0.46179,6,30
test_162.png,0.0,0,0.30016,0.43087,138,47
test_162.png,0.21,8,0.2991,0.42932,109,47
test_162.png,0.52,19,0.29487,0.42145,89,47
test_162.png,1.04,37,0.28502,0.40729,69,47
test_162.png,2.08,75,0.25741,0.37455,38,47
test_162.png,5.21,188,0.20229,0.29825,14,47
test_162.png,10.42,375,0.15114,0.23376,5,47
test_163.png,0.0,0,0.54311,0.83848,105,30
test_163.png,0.21,8,0.54269,0.83831,87,30
test_163.png,0.52,19,0.54199,0.83919,72,30
test_163.png,1.04,37,0.54104,0.83991,65,30
test_163.png,2.08,75,0.53528,0.83194,53,30
test_163.png,5.21,188,0.51403,0.80126,37,30
test_163.png,10.42,375,0.48811,0.76966,27,30
test_164.png,0.0,0,0.69385,0.95846,23,22
test_164.png,0.21,8,0.69361,0.958,15,22
test_164.png,0.52,19,0.69318,0.95739,13,22
test_164.png,1.04,37,0.69184,0.95531,8,22
test_164.png,2.08,75,0.69129,0.9547,7,22
test_164.png,5.21,188,0.69009,0.95333,6,22
test_164.png,10.42,375,0.67375,0.93366,1,22
test_165.png,0.0,0,0.41283,0.63037,140,70
test_165.png,0.21,8,0.41186,0.6293,121,70
test_165.png,0.52,19,0.40935,0.62541,109,70
test_165.png,1.04,37,0.4063,0.62201,100,70
test_165.png,2.08,75,0.39169,0.60246,84,70
test_165.png,5.21,188,0.27468,0.43304,35,70
test_165.png,10.42,375,0.12944,0.21323,7,70
test_166.png,0.0,0,0.52998,0.92506,14,26
test_166.png,0.21,8,0.52987,0.92506,12,26
test_166.png,0.52,19,0.52966,0.92499,11,26
test_166.png,1.04,37,0.52887,0.92373,9,26
test_166.png,2.08,75,0.52585,0.92039,5,26
test_166.png,5.21,188,0.5198,0.91313,2,26
test_166.png,10.42,375,0.51067,0.90316,0,26
test_167.png,0.0,0,0.22083,0.34652,228,64
test_167.png,0.21,8,0.21849,0.34653,154,64
test_167.png,0.52,19,0.21025,0.3384,108,64
test_167.png,1.04,37,0.19775,0.32796,71,64
test_167.png,2.08,75,0.16559,0.28417,39,64
test_167.png,5.21,188,0.08849,0.14676,10,64
test_167.png,10.42,375,0.03393,0.05892,1,64
test_168.png,0.0,0,0.22528,0.57035,99,7
test_168.png,0.21,8,0.22412,0.56856,77,7
test_168.png,0.52,19,0.2195,0.56746,57,7
test_168.png,1.04,37,0.20913,0.55624,40,7
test_168.png,2.08,75,0.19112,0.53235,25,7
test_168.png,5.21,188,0.1537,0.4805,11,7
test_168.png,10.42,375,0.10481,0.33998,5,7
test_169.png,0.0,0,0.08463,0.23271,83,10
test_169.png,0.21,8,0.08289,0.22992,58,10
test_169.png,0.52,19,0.07794,0.22395,37,10
test_169.png,1.04,37,0.07131,0.21541,21,10
test_169.png,2.08,75,0.06323,0.19988,13,10
test_169.png,5.21,188,0.03018,0.0978,3,10
test_169.png,10.42,375,0.0,0.0,2,10
test_170.png,0.0,0,0.54704,0.84832,90,33
test_170.png,0.21,8,0.54667,0.84785,77,33
test_170.png,0.52,19,0.546,0.84825,66,33
test_170.png,1.04,37,0.54561,0.84738,64,33
test_170.png,2.08,75,0.543,0.84616,52,33
test_170.png,5.21,188,0.52901,0.83329,36,33
test_170.png,10.42,375,0.49425,0.79492,23,33
test_171.png,0.0,0,0.16957,0.33212,200,14
test_171.png,0.21,8,0.16725,0.3282,137,14
test_171.png,0.52,19,0.16393,0.3258,107,14
test_171.png,1.04,37,0.16005,0.32359,88,14
test_171.png,2.08,75,0.13907,0.28869,55,14
test_171.png,5.21,188,0.03158,0.07208,4,14
test_171.png,10.42,375,0.0,0.0,1,14
test_172.png,0.0,0,0.16831,0.38307,235,14
test_172.png,0.21,8,0.16621,0.38043,167,14
test_172.png,0.52,19,0.16134,0.37321,138,14
test_172.png,1.04,37,0.15055,0.35639,100,14
test_172.png,2.08,75,0.11722,0.29822,43,14
test_172.png,5.21,188,0.06375,0.18371,11,14
test_172.png,10.42,375,0.0,0.0,1,14
test_173.png,0.0,0,0.37644,0.80993,75,11
test_173.png,0.21,8,0.37561,0.80847,57,11
test_173.png,0.52,19,0.37462,0.80743,51,11
test_173.png,1.04,37,0.37103,0.80178,45,12
test_173.png,2.08,75,0.36173,0.79184,37,12
test_173.png,5.21,188,0.32801,0.7446,23,12
test_173.png,10.42,375,0.24923,0.6032,9,12
test_174.png,0.0,0,0.09751,0.19042,322,14
test_174.png,0.21,8,0.09605,0.18968,213,14
test_174.png,0.52,19,0.09215,0.18292,160,14
test_174.png,1.04,37,0.08189,0.16878,110,14
test_174.png,2.08,75,0.05739,0.124,45,14
test_174.png,5.21,188,0.00594,0.01031,3,14
test_174.png,10.42,375,0.0,0.0,1,14
test_175.png,0.0,0,0.53421,0.5219,41,47
test_175.png,0.21,8,0.53408,0.52195,31,47
test_175.png,0.52,19,0.53423,0.52239,22,47
test_175.png,1.04,37,0.53363,0.52084,17,47
test_175.png,2.08,75,0.53332,0.51938,11,47
test_175.png,5.21,188,0.53159,0.51822,8,47
test_175.png,10.42,375,0.52479,0.51391,6,47
test_176.png,0.0,0,0.6175,0.72365,30,32
test_176.png,0.21,8,0.61732,0.72337,22,32
test_176.png,0.52,19,0.61721,0.7231,20,32
test_176.png,1.04,37,0.61677,0.72289,14,32
test_176.png,2.08,75,0.61486,0.72026,9,32
test_176.png,5.21,188,0.62059,0.72851,1,32
test_176.png,10.42,375,0.61739,0.72463,0,32
test_177.png,0.0,0,0.63071,0.78238,122,74
test_177.png,0.21,8,0.62991,0.78272,87,74
test_177.png,0.52,19,0.62901,0.78225,71,74
test_177.png,1.04,37,0.62844,0.78266,56,74
test_177.png,2.08,75,0.62075,0.77471,42,74
test_177.png,5.21,188,0.60141,0.75068,30,74
test_177.png,10.42,375,0.55798,0.70109,19,74
test_178.png,0.0,0,0.29983,0.58887,155,13
test_178.png,0.21,8,0.29904,0.58885,108,13
test_178.png,0.52,19,0.2955,0.58742,87,13
test_178.png,1.04,37,0.28785,0.58727,63,13
test_178.png,2.08,75,0.27109,0.55968,44,13
test_178.png,5.21,188,0.20164,0.43223,20,13
test_178.png,10.42,375,0.11049,0.25379,7,13
test_179.png,0.0,0,0.69534,0.82049,69,70
test_179.png,0.21,8,0.69511,0.82039,54,70
test_179.png,0.52,19,0.69471,0.82045,46,70
test_179.png,1.04,37,0.6944,0.82019,41,70
test_179.png,2.08,75,0.69163,0.81791,24,70
test_179.png,5.21,188,0.68156,0.80618,9,70
test_179.png,10.42,375,0.67629,0.80176,6,70
test_180.png,0.0,0,0.68662,0.81591,84,94
test_180.png,0.21,8,0.68626,0.81627,54,94
test_180.png,0.52,19,0.68534,0.81564,43,94
test_180.png,1.04,37,0.68469,0.81441,36,94
test_180.png,2.08,75,0.67955,0.80898,24,94
test_180.png,5.21,188,0.67413,0.80245,19,94
test_180.png,10.42,375,0.66678,0.79585,16,94
test_181.png,0.0,0,0.64814,0.81152,116,57
test_181.png,0.21,8,0.64783,0.81181,83,57
test_181.png,0.52,19,0.6472,0.81189,68,57
test_181.png,1.04,37,0.64439,0.81112,49,57
test_181.png,2.08,75,0.63964,0.80687,33,57
test_181.png,5.21,188,0.6136,0.77887,19,57
test_181.png,10.42,375,0.5932,0.75407,14,57
test_182.png,0.0,0,0.319,0.47728,150,44
test_182.png,0.21,8,0.31721,0.47407,119,44
test_182.png,0.52,19,0.31472,0.47024,108,44
test_182.png,1.04,37,0.3059,0.45846,90,44
test_182.png,2.08,75,0.2697,0.41057,61,44
test_182.png,5.21,188,0.10361,0.16893,13,44
test_182.png,10.42,375,0.0,0.0,1,44
test_183.png,0.0,0,0.13873,0.31143,218,4
test_183.png,0.21,8,0.13602,0.30746,154,4
test_183.png,0.52,19,0.1317,0.30422,123,4
test_183.png,1.04,37,0.11747,0.27444,87,6
test_183.png,2.08,75,0.08425,0.2153,46,6
test_183.png,5.21,188,0.0169,0.04545,5,7
test_183.png,10.42,375,0.0,0.0,1,7
test_184.png,0.0,0,0.68768,0.77073,112,280
test_184.png,0.21,8,0.68739,0.77077,68,280
test_184.png,0.52,19,0.68658,0.76958,47,280
test_184.png,1.04,37,0.68555,0.7689,40,280
test_184.png,2.08,75,0.68248,0.76535,25,280
test_184.png,5.21,188,0.67208,0.75364,12,280
test_184.png,10.42,375,0.67057,0.75212,10,280
test_185.png,0.0,0,0.38629,0.80307,59,7
test_185.png,0.21,8,0.38567,0.80225,48,7
test_185.png,0.52,19,0.38513,0.80268,43,7
test_185.png,1.04,37,0.38402,0.80239,41,7
test_185.png,2.08,75,0.37549,0.79159,34,7
test_185.png,5.21,188,0.34281,0.74388,22,7
test_185.png,10.42,375,0.26937,0.61637,10,7
test_186.png,0.0,0,0.14033,0.29869,232,13
test_186.png,0.21,8,0.13864,0.29726,168,13
test_186.png,0.52,19,0.13274,0.28745,131,13
test_186.png,1.04,37,0.12445,0.27228,97,13
test_186.png,2.08,75,0.09839,0.22757,52,14
test_186.png,5.21,188,0.02684,0.06356,8,14
test_186.png,10.42,375,0.0,0.0,1,14
test_187.png,0.0,0,0.14975,0.27479,234,16
test_187.png,0.21,8,0.14617,0.27224,143,16
test_187.png,0.52,19,0.14062,0.26478,102,16
test_187.png,1.04,37,0.1302,0.24861,68,16
test_187.png,2.08,75,0.10345,0.20941,34,16
test_187.png,5.21,188,0.03907,0.09703,5,16
test_187.png,10.42,375,0.0,0.0,2,16
test_188.png,0.0,0,0.24163,0.27685,165,22
test_188.png,0.21,8,0.2402,0.27519,130,22
test_188.png,0.52,19,0.23783,0.27363,100,22
test_188.png,1.04,37,0.23363,0.26742,78,22
test_188.png,2.08,75,0.2187,0.25947,54,22
test_188.png,5.21,188,0.17494,0.23356,20,22
test_188.png,10.42,375,0.09895,0.14822,5,22
test_189.png,0.0,0,0.65334,0.82376,75,66
test_189.png,0.21,8,0.65295,0.82342,58,66
test_189.png,0.52,19,0.65238,0.82346,48,66
test_189.png,1.04,37,0.651,0.82337,40,66
test_189.png,2.08,75,0.64444,0.81555,29,66
test_189.png,5.21,188,0.63448,0.80404,23,66
test_189.png,10.42,375,0.60761,0.7731,15,66
test_190.png,0.0,0,0.23001,0.509,138,15
test_190.png,0.21,8,0.22834,0.50728,106,15
test_190.png,0.52,19,0.2256,0.50401,83,15
test_190.png,1.04,37,0.21869,0.49048,65,15
test_190.png,2.08,75,0.20223,0.46974,50,15
test_190.png,5.21,188,0.10803,0.27885,14,15
test_190.png,10.42,375,0.02624,0.0807,1,15
test_191.png,0.0,0,0.6817,0.85767,48,41
test_191.png,0.21,8,0.6817,0.85836,32,41
test_191.png,0.52,19,0.68179,0.85876,29,41
test_191.png,1.04,37,0.681,0.85819,18,41
test_191.png,2.08,75,0.68167,0.86032,11,41
test_191.png,5.21,188,0.67234,0.85097,4,41
test_191.png,10.42,375,0.67203,0.85334,1,41
test_192.png,0.0,0,0.59553,0.76888,122,59
test_192.png,0.21,8,0.59518,0.76947,88,59
test_192.png,0.52,19,0.59523,0.77105,70,59
test_192.png,1.04,37,0.59368,0.77315,52,59
test_192.png,2.08,75,0.58561,0.76436,36,59
test_192.png,5.21,188,0.56238,0.73724,23,59
test_192.png,10.42,375,0.53445,0.70506,16,59
test_193.png,0.0,0,0.40097,0.57863,146,17
test_193.png,0.21,8,0.39949,0.57663,110,17
test_193.png,0.52,19,0.39695,0.57581,89,17
test_193.png,1.04,37,0.39361,0.57602,71,17
test_193.png,2.08,75,0.37826,0.57113,45,17
test_193.png,5.21,188,0.35163,0.54295,20,17
test_193.png,10.42,375,0.32559,0.50886,14,17
test_194.png,0.0,0,0.42029,0.71255,147,39
test_194.png,0.21,8,0.41876,0.70951,119,39
test_194.png,0.52,19,0.41676,0.70642,110,39
test_194.png,1.04,37,0.41116,0.69682,98,39
test_194.png,2.08,75,0.38685,0.65807,74,39
test_194.png,5.21,188,0.30157,0.53612,37,39
test_194.png,10.42,375,0.11104,0.21184,8,39
test_195.png,0.0,0,0.19725,0.45133,199,12
test_195.png,0.21,8,0.19597,0.45267,148,12
test_195.png,0.52,19,0.19089,0.44803,115,12
test_195.png,1.04,37,0.18058,0.43112,83,12
test_195.png,2.08,75,0.16123,0.40527,53,12
test_195.png,5.21,188,0.06604,0.17941,9,12
test_195.png,10.42,375,0.02703,0.06732,1,12
test_196.png,0.0,0,0.36825,0.80684,81,13
test_196.png,0.21,8,0.36785,0.80629,68,13
test_196.png,0.52,19,0.36448,0.80037,54,13
test_196.png,1.04,37,0.36375,0.80142,50,13
test_196.png,2.08,75,0.3577,0.79062,42,13
test_196.png,5.21,188,0.31941,0.74884,24,13
test_196.png,10.42,375,0.22978,0.57889,10,13
test_197.png,0.0,0,0.27132,0.58568,175,11
test_197.png,0.21,8,0.26962,0.58519,128,11
test_197.png,0.52,19,0.26768,0.58425,113,11
test_197.png,1.04,37,0.26523,0.58722,94,11
test_197.png,2.08,75,0.23651,0.56163,47,11
test_197.png,5.21,188,0.18865,0.48535,20,11
test_197.png,10.42,375,0.09738,0.27602,5,11
test_198.png,0.0,0,0.10801,0.22664,254,11
test_198.png,0.21,8,0.10517,0.21948,164,11
test_198.png,0.52,19,0.10098,0.21296,126,11
test_198.png,1.04,37,0.09002,0.19201,87,11
test_198.png,2.08,75,0.06335,0.14622,44,12
test_198.png,5.21,188,0.01669,0.03831,6,12
test_198.png,10.42,375,0.0,0.0,1,12
test_199.png,0.0,0,0.3502,0.76867,104,14
test_199.png,0.21,8,0.34897,0.76679,79,14
test_199.png,0.52,19,0.34725,0.76644,67,14
test_199.png,1.04,37,0.34455,0.76321,58,14
test_199.png,2.08,75,0.33079,0.73912,45,14
test_199.png,5.21,188,0.28644,0.67306,26,14
test_199.png,10.42,375,0.20034,0.48895,12,14
test_200.png,0.0,0,0.21058,0.23511,157,19
test_200.png,0.21,8,0.20933,0.23442,125,19
test_200.png,0.52,19,0.20454,0.22867,96,19
test_200.png,1.04,37,0.1968,0.21809,72,19
test_200.png,2.08,75,0.18157,0.20231,49,19
test_200.png,5.21,188,0.12944,0.14637,11,19
test_200.png,10.42,375,0.06754,0.06268,3,19
test_201.png,0.0,0,0.51244,0.68568,193,43
test_201.png,0.21,8,0.51234,0.68718,154,43
test_201.png,0.52,19,0.51208,0.68919,129,43
test_201.png,1.04,37,0.50904,0.68757,98,43
test_201.png,2.08,75,0.49415,0.67175,60,43
test_201.png,5.21,188,0.44776,0.61626,27,43
test_201.png,10.42,375,0.38029,0.53652,14,44
test_202.png,0.0,0,0.26737,0.55474,153,13
test_202.png,0.21,8,0.26536,0.55187,105,13
test_202.png,0.52,19,0.2645,0.5538,86,13
test_202.png,1.04,37,0.25756,0.55053,66,13
test_202.png,2.08,75,0.24282,0.53983,43,13
test_202.png,5.21,188,0.17093,0.40706,15,13
test_202.png,10.42,375,0.06285,0.15717,3,13
test_203.png,0.0,0,0.6815,0.85377,54,65
test_203.png,0.21,8,0.68103,0.85346,35,65
test_203.png,0.52,19,0.68096,0.85384,28,65
test_203.png,1.04,37,0.68091,0.85442,25,65
test_203.png,2.08,75,0.68011,0.8538,20,65
test_203.png,5.21,188,0.67175,0.84275,12,65
test_203.png,10.42,375,0.6638,0.83245,8,65
test_204.png,0.0,0,0.68195,0.85568,35,64
test_204.png,0.21,8,0.68196,0.85589,28,64
test_204.png,0.52,19,0.68194,0.85599,24,64
test_204.png,1.04,37,0.68164,0.85554,22,64
test_204.png,2.08,75,0.678,0.85367,15,64
test_204.png,5.21,188,0.66642,0.8401,7,64
test_204.png,10.42,375,0.65691,0.83128,2,64
test_205.png,0.0,0,0.39683,0.71099,131,26
test_205.png,0.21,8,0.39518,0.70848,102,26
test_205.png,0.52,19,0.39275,0.7042,93,26
test_205.png,1.04,37,0.38889,0.6978,86,26
test_205.png,2.08,75,0.3647,0.66694,64,26
test_205.png,5.21,188,0.2548,0.49246,25,26
test_205.png,10.42,375,0.13797,0.28248,6,26
test_206.png,0.0,0,0.46616,0.65699,208,53
test_206.png,0.21,8,0.46437,0.6548,163,53
test_206.png,0.52,19,0.46056,0.65108,141,53
test_206.png,1.04,37,0.44955,0.6376,117,53
test_206.png,2.08,75,0.42367,0.60617,88,53
test_206.png,5.21,188,0.30435,0.44849,36,53
test_206.png,10.42,375,0.15327,0.23487,10,53
test_207.png,0.0,0,0.15818,0.31871,237,13
test_207.png,0.21,8,0.15582,0.31629,152,13
test_207.png,0.52,19,0.15173,0.31129,115,13
test_207.png,1.04,37,0.14724,0.3056,88,13
test_207.png,2.08,75,0.13108,0.2908,53,15
test_207.png,5.21,188,0.03588,0.09414,9,15
test_207.png,10.42,375,0.0,0.0,0,15
test_208.png,0.0,0,0.33105,0.34983,113,8
test_208.png,0.21,8,0.32943,0.34758,88,8
test_208.png,0.52,19,0.32686,0.34477,70,8
test_208.png,1.04,37,0.31857,0.33886,50,8
test_208.png,2.08,75,0.31293,0.33807,34,8
test_208.png,5.21,188,0.27012,0.27031,16,8
test_208.png,10.42,375,0.24749,0.25343,12,8
test_209.png,0.0,0,0.20725,0.11083,190,8
test_209.png,0.21,8,0.2061,0.11059,136,8
test_209.png,0.52,19,0.20467,0.10943,110,8
test_209.png,1.04,37,0.20006,0.10069,87,8
test_209.png,2.08,75,0.19077,0.09296,59,8
test_209.png,5.21,188,0.15071,0.04802,26,8
test_209.png,10.42,375,0.07679,0.01573,7,9
test_210.png,0.0,0,0.57695,0.8186,98,38
test_210.png,0.21,8,0.57712,0.82041,75,38
test_210.png,0.52,19,0.57805,0.82329,58,38
test_210.png,1.04,37,0.57564,0.82379,44,38
test_210.png,2.08,75,0.57529,0.82638,36,38
test_210.png,5.21,188,0.55121,0.80149,19,38
test_210.png,10.42,375,0.54144,0.79035,16,38
test_211.png,0.0,0,0.32206,0.74923,108,15
test_211.png,0.21,8,0.32103,0.74644,84,15
test_211.png,0.52,19,0.31837,0.74127,70,15
test_211.png,1.04,37,0.31426,0.73308,59,15
test_211.png,2.08,75,0.30337,0.72137,46,15
test_211.png,5.21,188,0.25035,0.62604,22,15
test_211.png,10.42,375,0.19873,0.51763,14,15
test_212.png,0.0,0,0.64788,0.80387,81,63
test_212.png,0.21,8,0.648,0.80481,61,63
test_212.png,0.52,19,0.64759,0.80473,47,63
test_212.png,1.04,37,0.64825,0.80606,35,63
test_212.png,2.08,75,0.64852,0.80742,22,63
test_212.png,5.21,188,0.64258,0.79903,18,63
test_212.png,10.42,375,0.6257,0.77942,13,63
test_213.png,0.0,0,0.21446,0.49739,131,12
test_213.png,0.21,8,0.21292,0.49466,102,12
test_213.png,0.52,19,0.20945,0.49057,78,12
test_213.png,1.04,37,0.201,0.4754,60,12
test_213.png,2.08,75,0.18157,0.44688,35,12
test_213.png,5.21,188,0.10837,0.2957,11,12
test_213.png,10.42,375,0.02923,0.08852,1,12
test_214.png,0.0,0,0.65529,0.83922,82,61
test_214.png,0.21,8,0.65516,0.83961,55,61
test_214.png,0.52,19,0.65488,0.84025,51,61
test_214.png,1.04,37,0.65235,0.83915,36,61
test_214.png,2.08,75,0.64849,0.83576,23,61
test_214.png,5.21,188,0.64266,0.82843,11,61
test_214.png,10.42,375,0.63954,0.82516,10,61
test_215.png,0.0,0,0.67593,0.85046,56,60
test_215.png,0.21,8,0.67561,0.85045,36,60
test_215.png,0.52,19,0.67522,0.85053,29,60
test_215.png,1.04,37,0.67361,0.84773,22,60
test_215.png,2.08,75,0.67278,0.84897,17,60
test_215.png,5.21,188,0.66422,0.84063,10,60
test_215.png,10.42,375,0.65459,0.83068,6,60
test_216.png,0.0,0,0.3366,0.49257,199,26
test_216.png,0.21,8,0.33525,0.49209,147,26
test_216.png,0.52,19,0.33177,0.4887,119,26
test_216.png,1.04,37,0.325,0.48406,90,26
test_216.png,2.08,75,0.30929,0.46625,62,26
test_216.png,5.21,188,0.23532,0.3792,22,26
test_216.png,10.42,375,0.14787,0.28055,6,26
test_217.png,0.0,0,0.48497,0.64235,196,63
test_217.png,0.21,8,0.4835,0.6412,161,63
test_217.png,0.52,19,0.48118,0.63891,140,63
test_217.png,1.04,37,0.47302,0.62872,121,63
test_217.png,2.08,75,0.43911,0.59066,84,63
test_217.png,5.21,188,0.31925,0.44441,31,63
test_217.png,10.42,375,0.21147,0.30564,13,63
test_218.png,0.0,0,0.20322,0.47556,184,10
test_218.png,0.21,8,0.20121,0.47241,136,10
test_218.png,0.52,19,0.19696,0.46739,110,10
test_218.png,1.04,37,0.19059,0.4622,84,10
test_218.png,2.08,75,0.16961,0.42816,52,10
test_218.png,5.21,188,0.09094,0.24388,13,10
test_218.png,10.42,375,0.00077,0.0,0,10
test_219.png,0.0,0,0.1777,0.11262,139,4
test_219.png,0.21,8,0.17626,0.11188,100,4
test_219.png,0.52,19,0.17382,0.11116,84,4
test_219.png,1.04,37,0.16685,0.09818,65,4
test_219.png,2.08,75,0.15364,0.08188,44,4
test_219.png,5.21,188,0.11418,0.05847,13,4
test_219.png,10.42,375,0.04848,0.05164,3,4
test_220.png,0.0,0,0.17273,0.0763,179,8
test_220.png,0.21,8,0.17125,0.07529,122,8
test_220.png,0.52,19,0.16896,0.07321,104,8
test_220.png,1.04,37,0.1638,0.06973,84,8
test_220.png,2.08,75,0.15299,0.06177,54,8
test_220.png,5.21,188,0.11463,0.05111,23,8
test_220.png,10.42,375,0.07032,0.04642,8,8
test_221.png,0.0,0,0.15639,0.35573,137,50
test_221.png,0.21,8,0.15529,0.35344,112,50
test_221.png,0.52,19,0.15392,0.3519,98,50
test_221.png,1.04,37,0.14932,0.34336,80,50
test_221.png,2.08,75,0.11921,0.28082,37,50
test_221.png,5.21,188,0.06753,0.17662,11,50
test_221.png,10.42,375,0.0143,0.04425,0,50
test_222.png,0.0,0,0.15881,0.29634,84,1
test_222.png,0.21,8,0.15775,0.29637,68,1
test_222.png,0.52,19,0.15371,0.28968,53,1
test_222.png,1.04,37,0.1446,0.28247,36,1
test_222.png,2.08,75,0.13092,0.27531,25,1
test_222.png,5.21,188,0.08598,0.21182,8,1
test_222.png,10.42,375,0.00789,0.00266,0,1
test_223.png,0.0,0,0.23585,0.69261,46,5
test_223.png,0.21,8,0.23518,0.69255,36,5
test_223.png,0.52,19,0.2336,0.69254,30,5
test_223.png,1.04,37,0.23016,0.69004,25,5
test_223.png,2.08,75,0.22409,0.68835,20,5
test_223.png,5.21,188,0.20383,0.657,12,5
test_223.png,10.42,375,0.17072,0.57759,7,5
test_224.png,0.0,0,0.25089,0.62241,44,1
test_224.png,0.21,8,0.25016,0.62264,36,1
test_224.png,0.52,19,0.2476,0.61874,29,1
test_224.png,1.04,37,0.24724,0.6203,26,1
test_224.png,2.08,75,0.23945,0.61111,21,1
test_224.png,5.21,188,0.21575,0.5997,13,1
test_224.png,10.42,375,0.14964,0.46025,5,1
test_225.png,0.0,0,0.00849,0.0007,126,2
test_225.png,0.21,8,0.00828,0.0007,96,2
test_225.png,0.52,19,0.0071,0.0007,75,2
test_225.png,1.04,37,0.00716,0.0007,54,2
test_225.png,2.08,75,0.00522,0.0007,37,2
test_225.png,5.21,188,0.00132,0.00068,12,2
test_225.png,10.42,375,0.00137,0.00069,4,2
test_226.png,0.0,0,0.0658,0.04468,94,4
test_226.png,0.21,8,0.06559,0.04471,71,4
test_226.png,0.52,19,0.06406,0.042,51,4
test_226.png,1.04,37,0.06113,0.04208,36,4
test_226.png,2.08,75,0.05276,0.0372,17,4
test_226.png,5.21,188,0.02793,0.02526,3,4
test_226.png,10.42,375,0.01724,0.00239,1,4
test_227.png,0.0,0,0.31818,0.69595,51,2
test_227.png,0.21,8,0.31727,0.69514,40,2
test_227.png,0.52,19,0.31591,0.69443,34,2
test_227.png,1.04,37,0.31136,0.691,26,2
test_227.png,2.08,75,0.30511,0.68171,20,2
test_227.png,5.21,188,0.2936,0.67718,12,2
test_227.png,10.42,375,0.26117,0.63574,6,2
test_228.png,0.0,0,0.35377,0.72891,52,7
test_228.png,0.21,8,0.35303,0.72836,36,7
test_228.png,0.52,19,0.35224,0.72792,31,7
test_228.png,1.04,37,0.34967,0.73137,19,7
test_228.png,2.08,75,0.35069,0.7369,15,7
test_228.png,5.21,188,0.33262,0.73353,7,7
test_228.png,10.42,375,0.31582,0.70863,5,7
test_229.png,0.0,0,0.47551,0.86793,21,9
test_229.png,0.21,8,0.47546,0.86792,20,9
test_229.png,0.52,19,0.47524,0.8675,19,9
test_229.png,1.04,37,0.47423,0.86739,15,9
test_229.png,2.08,75,0.47423,0.86739,15,9
test_229.png,5.21,188,0.45757,0.8455,10,9
test_229.png,10.42,375,0.41485,0.78628,4,9
test_230.png,0.0,0,0.00951,0.00439,82,6
test_230.png,0.21,8,0.00913,0.00439,62,6
test_230.png,0.52,19,0.00852,0.00437,47,6
test_230.png,1.04,37,0.00808,0.00437,39,6
test_230.png,2.08,75,0.00357,0.0005,22,6
test_230.png,5.21,188,0.0,0.0,4,6
test_230.png,10.42,375,0.0,0.0,1,6
test_231.png,0.0,0,0.29252,0.66328,101,4
test_231.png,0.21,8,0.29154,0.66244,73,4
test_231.png,0.52,19,0.28912,0.65982,61,4
test_231.png,1.04,37,0.2857,0.65907,44,4
test_231.png,2.08,75,0.27583,0.64742,31,4
test_231.png,5.21,188,0.23159,0.57739,14,4
test_231.png,10.42,375,0.14416,0.4055,2,4
test_232.png,0.0,0,0.24864,0.53318,81,4
test_232.png,0.21,8,0.24822,0.53302,64,4
test_232.png,0.52,19,0.2456,0.53234,50,4
test_232.png,1.04,37,0.24357,0.53672,38,4
test_232.png,2.08,75,0.23768,0.53719,26,4
test_232.png,5.21,188,0.21222,0.50242,13,4
test_232.png,10.42,375,0.16936,0.4227,4,4
test_233.png,0.0,0,0.10458,0.23045,79,1
test_233.png,0.21,8,0.10318,0.23008,56,1
test_233.png,0.52,19,0.09887,0.22855,42,1
test_233.png,1.04,37,0.09214,0.22712,32,1
test_233.png,2.08,75,0.06873,0.20452,14,1
test_233.png,5.21,188,0.03229,0.09709,3,1
test_233.png,10.42,375,0.0131,0.05556,0,1
test_234.png,0.0,0,0.11154,0.21849,80,1
test_234.png,0.21,8,0.11045,0.21883,57,1
test_234.png,0.52,19,0.10519,0.2182,40,1
test_234.png,1.04,37,0.10042,0.21446,29,1
test_234.png,2.08,75,0.08381,0.19266,15,1
test_234.png,5.21,188,0.05005,0.17661,4,1
test_234.png,10.42,375,0.02859,0.09128,1,1
test_235.png,0.0,0,0.60579,0.79893,53,23
test_235.png,0.21,8,0.60553,0.79876,37,23
test_235.png,0.52,19,0.60478,0.79905,31,23
test_235.png,1.04,37,0.60281,0.79706,27,23
test_235.png,2.08,75,0.60189,0.79839,22,23
test_235.png,5.21,188,0.58474,0.78384,13,23
test_235.png,10.42,375,0.55437,0.74916,8,23
test_236.png,0.0,0,0.09262,0.03318,76,0
test_236.png,0.21,8,0.09104,0.03318,53,0
test_236.png,0.52,19,0.08607,0.02956,35,0
test_236.png,1.04,37,0.08092,0.02715,24,0
test_236.png,2.08,75,0.06843,0.02717,12,0
test_236.png,5.21,188,0.03935,0.02353,3,0
test_236.png,10.42,375,0.0136,0.02353,0,0
test_237.png,0.0,0,0.37934,0.79821,87,22
test_237.png,0.21,8,0.37889,0.79907,66,22
test_237.png,0.52,19,0.37762,0.79995,49,22
test_237.png,1.04,37,0.37514,0.8003,34,22
test_237.png,2.08,75,0.37033,0.80006,23,22
test_237.png,5.21,188,0.35773,0.78956,12,22
test_237.png,10.42,375,0.34812,0.78075,9,22
test_238.png,0.0,0,0.29163,0.43726,76,3
test_238.png,0.21,8,0.2905,0.43668,60,3
test_238.png,0.52,19,0.28519,0.42966,45,3
test_238.png,1.04,37,0.2822,0.42746,36,3
test_238.png,2.08,75,0.26802,0.41,26,3
test_238.png,5.21,188,0.22954,0.34507,15,3
test_238.png,10.42,375,0.13479,0.27469,5,3
test_239.png,0.0,0,0.08763,0.15016,121,8
test_239.png,0.21,8,0.0859,0.1464,77,8
test_239.png,0.52,19,0.08511,0.14416,65,8
test_239.png,1.04,37,0.0782,0.13384,49,8
test_239.png,2.08,75,0.06422,0.10996,31,8
test_239.png,5.21,188,0.02516,0.03939,7,8
test_239.png,10.42,375,0.02626,0.04213,1,8
test_240.png,0.0,0,0.12105,0.12406,125,3
test_240.png,0.21,8,0.1199,0.12416,96,3
test_240.png,0.52,19,0.1174,0.12256,74,3
test_240.png,1.04,37,0.11243,0.12273,57,3
test_240.png,2.08,75,0.09525,0.10787,31,3
test_240.png,5.21,188,0.03152,0.10307,6,3
test_240.png,10.42,375,0.00589,0.0,0,3
test_241.png,0.0,0,0.23665,0.5022,95,6
test_241.png,0.21,8,0.23609,0.50337,73,6
test_241.png,0.52,19,0.23406,0.50448,60,6
test_241.png,1.04,37,0.22844,0.50136,44,6
test_241.png,2.08,75,0.21599,0.49991,29,6
test_241.png,5.21,188,0.18118,0.44103,13,6
test_241.png,10.42,375,0.13834,0.35649,6,6
test_242.png,0.0,0,0.27434,0.57862,121,51
test_242.png,0.21,8,0.27353,0.57697,97,51
test_242.png,0.52,19,0.27121,0.57264,74,51
test_242.png,1.04,37,0.26604,0.56513,56,51
test_242.png,2.08,75,0.25262,0.54044,35,51
test_242.png,5.21,188,0.21515,0.48063,15,51
test_242.png,10.42,375,0.17621,0.4143,5,51
test_243.png,0.0,0,0.53545,0.94473,2,2
test_243.png,0.21,8,0.53545,0.94473,2,2
test_243.png,0.52,19,0.53553,0.94505,1,2
test_243.png,1.04,37,0.53553,0.94505,1,2
test_243.png,2.08,75,0.53587,0.94612,0,2
test_243.png,5.21,188,0.53587,0.94612,0,2
test_243.png,10.42,375,0.53587,0.94612,0,2
test_244.png,0.0,0,0.13721,0.40015,47,2
test_244.png,0.21,8,0.137,0.40028,41,2
test_244.png,0.52,19,0.13518,0.39965,34,2
test_244.png,1.04,37,0.13354,0.399,27,2
test_244.png,2.08,75,0.12337,0.37271,19,2
test_244.png,5.21,188,0.08019,0.2747,5,2
test_244.png,10.42,375,0.03895,0.14694,1,2
test_245.png,0.0,0,0.12626,0.33702,78,3
test_245.png,0.21,8,0.12512,0.3365,63,3
test_245.png,0.52,19,0.12296,0.3329,53,3
test_245.png,1.04,37,0.11478,0.32873,38,3
test_245.png,2.08,75,0.09571,0.29991,21,3
test_245.png,5.21,188,0.05179,0.21153,6,3
test_245.png,10.42,375,0.0,0.0,1,3
test_246.png,0.0,0,0.00485,0.0,214,2
test_246.png,0.21,8,0.00483,0.0,150,2
test_246.png,0.52,19,0.00487,0.0,116,2
test_246.png,1.04,37,0.00493,0.0,85,2
test_246.png,2.08,75,0.00141,0.0,44,2
test_246.png,5.21,188,0.00149,0.0,14,2
test_246.png,10.42,375,0.00112,0.0,5,2
test_247.png,0.0,0,0.18687,0.43462,58,3
test_247.png,0.21,8,0.18615,0.43447,44,3
test_247.png,0.52,19,0.18228,0.43429,31,3
test_247.png,1.04,37,0.17768,0.43523,24,3
test_247.png,2.08,75,0.17207,0.42677,20,3
test_247.png,5.21,188,0.12922,0.33709,9,3
test_247.png,10.42,375,0.06191,0.19767,2,3
test_248.png,0.0,0,0.34478,0.7956,74,13
test_248.png,0.21,8,0.34393,0.79443,55,13
test_248.png,0.52,19,0.34276,0.79368,49,13
test_248.png,1.04,37,0.33964,0.79369,42,13
test_248.png,2.08,75,0.33175,0.78917,32,13
test_248.png,5.21,188,0.28839,0.74044,10,13
test_248.png,10.42,375,0.26959,0.70594,6,13
test_249.png,0.0,0,0.30345,0.7504,76,4
test_249.png,0.21,8,0.30236,0.75162,58,4
test_249.png,0.52,19,0.30133,0.75226,54,4
test_249.png,1.04,37,0.29717,0.75245,44,4
test_249.png,2.08,75,0.27555,0.73012,29,4
test_249.png,5.21,188,0.23537,0.68462,17,4
test_249.png,10.42,375,0.16752,0.5152,8,4
test_250.png,0.0,0,0.22035,0.58263,83,1
test_250.png,0.21,8,0.21893,0.5813,56,1
test_250.png,0.52,19,0.21604,0.57855,43,1
test_250.png,1.04,37,0.21058,0.57936,33,1
test_250.png,2.08,75,0.19896,0.56316,25,1
test_250.png,5.21,188,0.14651,0.47508,10,1
test_250.png,10.42,375,0.0825,0.3014,3,2
test_251.png,0.0,0,0.19889,0.23928,167,32
test_251.png,0.21,8,0.19724,0.23725,125,32
test_251.png,0.52,19,0.19432,0.23525,110,32
test_251.png,1.04,37,0.18684,0.22844,89,32
test_251.png,2.08,75,0.16414,0.19863,59,32
test_251.png,5.21,188,0.09526,0.12486,17,32
test_251.png,10.42,375,0.02343,0.03436,2,32
test_252.png,0.0,0,0.25813,0.35541,136,32
test_252.png,0.21,8,0.25788,0.35607,111,32
test_252.png,0.52,19,0.2532,0.35201,84,32
test_252.png,1.04,37,0.24794,0.34378,69,32
test_252.png,2.08,75,0.21198,0.29964,35,32
test_252.png,5.21,188,0.15837,0.22845,13,32
test_252.png,10.42,375,0.07556,0.1167,1,32
test_253.png,0.0,0,0.42721,0.69661,26,12
test_253.png,0.21,8,0.42715,0.69695,18,12
test_253.png,0.52,19,0.42669,0.69633,14,12
test_253.png,1.04,37,0.4271,0.69756,11,12
test_253.png,2.08,75,0.42757,0.69893,9,12
test_253.png,5.21,188,0.42273,0.69027,5,12
test_253.png,10.42,375,0.41525,0.68092,3,12
test_254.png,0.0,0,0.28517,0.69446,86,4
test_254.png,0.21,8,0.28448,0.69506,64,4
test_254.png,0.52,19,0.28329,0.69569,52,4
test_254.png,1.04,37,0.27865,0.6943,40,4
test_254.png,2.08,75,0.26932,0.68766,27,4
test_254.png,5.21,188,0.23366,0.63689,13,4
test_254.png,10.42,375,0.20013,0.57282,8,5
test_255.png,0.0,0,0.01783,0.01309,88,3
test_255.png,0.21,8,0.01743,0.01308,67,3
test_255.png,0.52,19,0.01549,0.01306,46,3
test_255.png,1.04,37,0.01244,0.01299,30,3
test_255.png,2.08,75,0.00311,0.0,13,3
test_255.png,5.21,188,3e-05,0.0,3,4
test_255.png,10.42,375,0.0,0.0,0,4
test_256.png,0.0,0,0.07308,0.03322,86,1
test_256.png,0.21,8,0.07177,0.03234,62,1
test_256.png,0.52,19,0.06909,0.03058,51,1
test_256.png,1.04,37,0.05984,0.0217,35,1
test_256.png,2.08,75,0.03209,0.00366,12,1
test_256.png,5.21,188,0.00557,0.00366,1,1
test_256.png,10.42,375,0.0,0.0,2,1
test_257.png,0.0,0,0.36571,0.76944,103,9
test_257.png,0.21,8,0.36549,0.77177,70,9
test_257.png,0.52,19,0.36434,0.77538,54,9
test_257.png,1.04,37,0.36169,0.78064,38,9
test_257.png,2.08,75,0.3521,0.78026,19,9
test_257.png,5.21,188,0.33822,0.77097,9,9
test_257.png,10.42,375,0.33188,0.76201,8,9
test_258.png,0.0,0,0.33693,0.68682,89,8
test_258.png,0.21,8,0.33621,0.68776,60,8
test_258.png,0.52,19,0.33526,0.68684,54,8
test_258.png,1.04,37,0.3338,0.68926,40,8
test_258.png,2.08,75,0.3291,0.69099,28,8
test_258.png,5.21,188,0.27999,0.63206,8,8
test_258.png,10.42,375,0.26579,0.61442,4,8
test_259.png,0.0,0,0.1566,0.28198,135,9
test_259.png,0.21,8,0.15571,0.28198,101,9
test_259.png,0.52,19,0.15299,0.28055,78,9
test_259.png,1.04,37,0.14569,0.27103,62,9
test_259.png,2.08,75,0.12507,0.23796,38,9
test_259.png,5.21,188,0.06663,0.14285,8,9
test_259.png,10.42,375,0.02481,0.05852,0,9
test_260.png,0.0,0,0.03799,0.0288,112,4
test_260.png,0.21,8,0.0373,0.02755,81,4
test_260.png,0.52,19,0.03481,0.02625,62,4
test_260.png,1.04,37,0.03304,0.02632,43,4
test_260.png,2.08,75,0.01887,0.02179,17,4
test_260.png,5.21,188,0.00191,0.00204,0,4
test_260.png,10.42,375,0.0,0.0,1,4
test_261.png,0.0,0,0.45207,0.88926,21,19
test_261.png,0.21,8,0.45202,0.88954,14,19
test_261.png,0.52,19,0.45164,0.88953,12,19
test_261.png,1.04,37,0.45053,0.89037,7,19
test_261.png,2.08,75,0.44987,0.89101,4,19
test_261.png,5.21,188,0.44678,0.88939,1,19
test_261.png,10.42,375,0.44678,0.88939,1,19
test_262.png,0.0,0,0.26304,0.62419,100,46
test_262.png,0.21,8,0.26215,0.62162,75,46
test_262.png,0.52,19,0.25943,0.61872,61,46
test_262.png,1.04,37,0.25541,0.61029,49,46
test_262.png,2.08,75,0.24152,0.58373,32,46
test_262.png,5.21,188,0.20801,0.51878,14,46
test_262.png,10.42,375,0.17644,0.45486,7,46
test_263.png,0.0,0,0.57625,0.92443,26,15
test_263.png,0.21,8,0.57625,0.92472,17,15
test_263.png,0.52,19,0.57634,0.92511,12,15
test_263.png,1.04,37,0.57661,0.9258,10,15
test_263.png,2.08,75,0.57571,0.92603,6,15
test_263.png,5.21,188,0.57617,0.92704,5,15
test_263.png,10.42,375,0.56042,0.90812,1,15
test_264.png,0.0,0,0.16457,0.22366,165,18
test_264.png,0.21,8,0.163,0.22163,114,18
test_264.png,0.52,19,0.15903,0.21965,90,18
test_264.png,1.04,37,0.15002,0.20716,68,19
test_264.png,2.08,75,0.11878,0.16534,34,19
test_264.png,5.21,188,0.03901,0.04744,4,19
test_264.png,10.42,375,0.01785,0.03191,0,19
test_265.png,0.0,0,0.16173,0.21314,123,3
test_265.png,0.21,8,0.16118,0.21191,94,3
test_265.png,0.52,19,0.15909,0.21221,78,3
test_265.png,1.04,37,0.15623,0.21345,59,3
test_265.png,2.08,75,0.14614,0.21287,35,3
test_265.png,5.21,188,0.10658,0.17259,10,3
test_265.png,10.42,375,0.0693,0.1163,2,3
test_266.png,0.0,0,0.3325,0.4481,136,32
test_266.png,0.21,8,0.33115,0.44885,95,32
test_266.png,0.52,19,0.32768,0.44467,74,32
test_266.png,1.04,37,0.32519,0.4439,60,32
test_266.png,2.08,75,0.30885,0.42563,38,32
test_266.png,5.21,188,0.2355,0.32495,13,32
test_266.png,10.42,375,0.13973,0.19361,3,32
test_267.png,0.0,0,0.20395,0.54502,47,2
test_267.png,0.21,8,0.20352,0.54586,37,2
test_267.png,0.52,19,0.20073,0.54434,27,2
test_267.png,1.04,37,0.19925,0.54311,25,2
test_267.png,2.08,75,0.18891,0.53501,19,2
test_267.png,5.21,188,0.15292,0.47039,9,2
test_267.png,10.42,375,0.0748,0.25886,2,2
test_268.png,0.0,0,0.17006,0.37994,91,2
test_268.png,0.21,8,0.16759,0.37855,60,2
test_268.png,0.52,19,0.16231,0.37511,45,2
test_268.png,1.04,37,0.15216,0.36251,34,2
test_268.png,2.08,75,0.1321,0.35005,22,2
test_268.png,5.21,188,0.06384,0.23823,5,2
test_268.png,10.42,375,0.0162,0.06404,0,2
test_269.png,0.0,0,0.26397,0.71968,74,5
test_269.png,0.21,8,0.26331,0.72055,58,5
test_269.png,0.52,19,0.26088,0.72015,49,5
test_269.png,1.04,37,0.25476,0.71753,38,5
test_269.png,2.08,75,0.24156,0.71384,26,5
test_269.png,5.21,188,0.22038,0.67812,16,5
test_269.png,10.42,375,0.15319,0.51461,6,5
test_270.png,0.0,0,0.26664,0.36021,169,34
test_270.png,0.21,8,0.26567,0.36011,121,34
test_270.png,0.52,19,0.26294,0.3586,97,34
test_270.png,1.04,37,0.25877,0.35247,82,34
test_270.png,2.08,75,0.23594,0.32802,48,34
test_270.png,5.21,188,0.17509,0.25382,10,34
test_270.png,10.42,375,0.11711,0.1739,3,34
test_271.png,0.0,0,0.53304,0.84138,62,1
test_271.png,0.21,8,0.53284,0.84456,48,1
test_271.png,0.52,19,0.53324,0.84885,37,1
test_271.png,1.04,37,0.53421,0.85361,30,1
test_271.png,2.08,75,0.5357,0.86797,16,1
test_271.png,5.21,188,0.53922,0.88256,10,1
test_271.png,10.42,375,0.54542,0.89903,8,1
test_272.png,0.0,0,0.34316,0.64097,49,4
test_272.png,0.21,8,0.34304,0.64159,41,4
test_272.png,0.52,19,0.3419,0.63959,37,4
test_272.png,1.04,37,0.33892,0.63631,32,4
test_272.png,2.08,75,0.33375,0.63602,24,4
test_272.png,5.21,188,0.30905,0.6032,14,4
test_272.png,10.42,375,0.23377,0.47629,8,4
test_273.png,0.0,0,0.09092,0.01992,116,0
test_273.png,0.21,8,0.08748,0.01989,75,0
test_273.png,0.52,19,0.08425,0.01988,49,0
test_273.png,1.04,37,0.0772,0.0173,29,0
test_273.png,2.08,75,0.0637,0.01722,16,0
test_273.png,5.21,188,0.05595,0.01724,5,0
test_273.png,10.42,375,0.04266,0.01326,3,0
test_274.png,0.0,0,0.3287,0.66725,94,2
test_274.png,0.21,8,0.32715,0.66619,64,2
test_274.png,0.52,19,0.32534,0.66671,53,2
test_274.png,1.04,37,0.31918,0.66901,30,1
test_274.png,2.08,75,0.31925,0.68117,21,1
test_274.png,5.21,188,0.28909,0.6525,6,1
test_274.png,10.42,375,0.27443,0.63123,4,1
test_275.png,0.0,0,0.79814,0.956,31,8
test_275.png,0.21,8,0.7983,0.95648,23,8
test_275.png,0.52,19,0.79861,0.95741,20,8
test_275.png,1.04,37,0.79969,0.95963,14,8
test_275.png,2.08,75,0.80172,0.96222,9,8
test_275.png,5.21,188,0.80728,0.96988,3,8
test_275.png,10.42,375,0.81087,0.97365,1,8
test_276.png,0.0,0,0.20271,0.34209,150,6
test_276.png,0.21,8,0.20219,0.34249,110,6
test_276.png,0.52,19,0.1989,0.34121,89,6
test_276.png,1.04,37,0.19423,0.33862,67,6
test_276.png,2.08,75,0.17356,0.31414,37,6
test_276.png,5.21,188,0.11574,0.25757,15,6
test_276.png,10.42,375,0.03985,0.11156,2,6
test_277.png,0.0,0,0.07567,0.07157,109,0
test_277.png,0.21,8,0.07573,0.07212,73,0
test_277.png,0.52,19,0.07525,0.0724,57,0
test_277.png,1.04,37,0.07644,0.07364,44,0
test_277.png,2.08,75,0.05811,0.07143,24,0
test_277.png,5.21,188,0.02824,0.0,7,0
test_277.png,10.42,375,0.01848,0.0,2,0
test_278.png,0.0,0,0.35758,0.74047,99,19
test_278.png,0.21,8,0.35726,0.74264,73,19
test_278.png,0.52,19,0.35671,0.74494,56,19
test_278.png,1.04,37,0.35672,0.7523,41,19
test_278.png,2.08,75,0.3563,0.76482,23,19
test_278.png,5.21,188,0.34703,0.75383,16,19
test_278.png,10.42,375,0.33894,0.76552,6,19
test_279.png,0.0,0,0.29205,0.58032,78,0
test_279.png,0.21,8,0.2921,0.58294,58,0
test_279.png,0.52,19,0.29193,0.58572,50,0
test_279.png,1.04,37,0.29198,0.5916,41,1
test_279.png,2.08,75,0.28827,0.59277,31,1
test_279.png,5.21,188,0.26795,0.60868,12,1
test_279.png,10.42,375,0.26948,0.6491,5,1
test_280.png,0.0,0,0.42835,0.83277,76,0
test_280.png,0.21,8,0.42865,0.8377,40,0
test_280.png,0.52,19,0.42869,0.84321,27,0
test_280.png,1.04,37,0.42951,0.84756,22,0
test_280.png,2.08,75,0.43133,0.85829,16,0
test_280.png,5.21,188,0.43458,0.87762,11,0
test_280.png,10.42,375,0.43057,0.90273,4,0
test_281.png,0.0,0,0.15197,0.23699,140,5
test_281.png,0.21,8,0.15058,0.2368,99,5
test_281.png,0.52,19,0.14347,0.22717,78,5
test_281.png,1.04,37,0.13114,0.21421,56,5
test_281.png,2.08,75,0.11366,0.19398,36,5
test_281.png,5.21,188,0.05659,0.15718,11,5
test_281.png,10.42,375,0.0,0.0,2,5
test_282.png,0.0,0,0.75316,0.87937,30,9
test_282.png,0.21,8,0.75333,0.88003,26,9
test_282.png,0.52,19,0.75384,0.88157,22,9
test_282.png,1.04,37,0.75495,0.88387,18,9
test_282.png,2.08,75,0.75816,0.8889,12,9
test_282.png,5.21,188,0.76368,0.89791,9,9
test_282.png,10.42,375,0.78669,0.93239,2,9
test_283.png,0.0,0,0.48505,0.92816,26,4
test_283.png,0.21,8,0.48497,0.9284,22,4
test_283.png,0.52,19,0.48451,0.92863,18,4
test_283.png,1.04,37,0.48486,0.93223,12,4
test_283.png,2.08,75,0.48409,0.93327,8,4
test_283.png,5.21,188,0.48367,0.94421,1,4
test_283.png,10.42,375,0.48367,0.94421,1,4
test_284.png,0.0,0,0.2811,0.54131,50,0
test_284.png,0.21,8,0.28088,0.54291,34,0
test_284.png,0.52,19,0.28057,0.5451,30,0
test_284.png,1.04,37,0.2798,0.54938,24,0
test_284.png,2.08,75,0.28162,0.55771,21,0
test_284.png,5.21,188,0.28435,0.61735,11,0
test_284.png,10.42,375,0.2883,0.68449,5,0
test_285.png,0.0,0,0.04328,0.01328,138,0
test_285.png,0.21,8,0.0422,0.01328,90,0
test_285.png,0.52,19,0.04047,0.01328,68,0
test_285.png,1.04,37,0.03133,0.00859,49,0
test_285.png,2.08,75,0.01899,0.00289,22,0
test_285.png,5.21,188,6e-05,0.0,1,0
test_285.png,10.42,375,0.0,0.0,1,0
test_286.png,0.0,0,0.28321,0.49735,105,1
test_286.png,0.21,8,0.2822,0.49795,81,1
test_286.png,0.52,19,0.27862,0.49392,70,1
test_286.png,1.04,37,0.26983,0.49491,49,1
test_286.png,2.08,75,0.24782,0.48312,31,1
test_286.png,5.21,188,0.19414,0.45117,9,1
test_286.png,10.42,375,0.13815,0.37511,3,1
test_287.png,0.0,0,0.76695,0.93863,27,4
test_287.png,0.21,8,0.76722,0.93957,18,4
test_287.png,0.52,19,0.76761,0.94061,15,4
test_287.png,1.04,37,0.76818,0.94256,11,4
test_287.png,2.08,75,0.76987,0.94674,5,4
test_287.png,5.21,188,0.77495,0.95454,1,4
test_287.png,10.42,375,0.77689,0.95739,0,4
test_288.png,0.0,0,0.13543,0.07261,103,1
test_288.png,0.21,8,0.1342,0.07249,82,1
test_288.png,0.52,19,0.13238,0.06944,68,1
test_288.png,1.04,37,0.12801,0.06943,49,1
test_288.png,2.08,75,0.11854,0.05758,27,1
test_288.png,5.21,188,0.06881,0.02026,7,1
test_288.png,10.42,375,0.04985,0.0127,4,0
test_289.png,0.0,0,0.20688,0.33893,110,2
test_289.png,0.21,8,0.2065,0.33982,86,2
test_289.png,0.52,19,0.20333,0.33986,68,2
test_289.png,1.04,37,0.2058,0.35017,49,2
test_289.png,2.08,75,0.21047,0.3753,28,2
test_289.png,5.21,188,0.21893,0.42228,11,2
test_289.png,10.42,375,0.13856,0.31612,2,1
test_290.png,0.0,0,0.0,0.0,41,7
test_290.png,0.21,8,0.0,0.0,23,7
test_290.png,0.52,19,0.0,0.0,11,7
test_290.png,1.04,37,0.0,0.0,7,7
test_290.png,2.08,75,0.0,0.0,3,7
test_290.png,5.21,188,0.0,0.0,1,7
test_290.png,10.42,375,0.0,0.0,0,7
test_291.png,0.0,0,0.42087,0.62126,40,0
test_291.png,0.21,8,0.42093,0.6217,37,0
test_291.png,0.52,19,0.42231,0.62712,31,0
test_291.png,1.04,37,0.42711,0.6432,22,0
test_291.png,2.08,75,0.42995,0.65801,14,0
test_291.png,5.21,188,0.44593,0.69984,7,0
test_291.png,10.42,375,0.44667,0.71598,3,1
test_292.png,0.0,0,0.39426,0.55441,78,16
test_292.png,0.21,8,0.39398,0.55468,65,16
test_292.png,0.52,19,0.39256,0.55293,56,16
test_292.png,1.04,37,0.38984,0.55105,52,16
test_292.png,2.08,75,0.38191,0.54565,43,16
test_292.png,5.21,188,0.34293,0.49429,26,16
test_292.png,10.42,375,0.26408,0.39081,13,16
test_293.png,0.0,0,0.44518,0.84135,44,7
test_293.png,0.21,8,0.44497,0.84134,38,7
test_293.png,0.52,19,0.44395,0.84031,34,7
test_293.png,1.04,37,0.44471,0.8469,26,7
test_293.png,2.08,75,0.44019,0.84083,21,7
test_293.png,5.21,188,0.40875,0.80925,8,7
test_293.png,10.42,375,0.38934,0.78194,5,7
test_294.png,0.0,0,0.8656,0.97138,8,1
test_294.png,0.21,8,0.86564,0.97153,3,1
test_294.png,0.52,19,0.86573,0.97176,0,1
test_294.png,1.04,37,0.86573,0.97176,0,1
test_294.png,2.08,75,0.86654,0.97271,2,1
test_294.png,5.21,188,0.86773,0.97451,5,1
test_294.png,10.42,375,0.87152,0.97846,7,1
test_295.png,0.0,0,0.1528,0.21602,128,0
test_295.png,0.21,8,0.15079,0.21533,95,0
test_295.png,0.52,19,0.14769,0.21461,76,0
test_295.png,1.04,37,0.13945,0.21056,60,0
test_295.png,2.08,75,0.12092,0.19881,36,0
test_295.png,5.21,188,0.06794,0.16014,12,1
test_295.png,10.42,375,0.03918,0.09975,3,1
test_296.png,0.0,0,0.0584,0.09588,128,11
test_296.png,0.21,8,0.05676,0.09284,84,11
test_296.png,0.52,19,0.05289,0.0838,65,11
test_296.png,1.04,37,0.04986,0.07676,44,11
test_296.png,2.08,75,0.03058,0.0609,21,11
test_296.png,5.21,188,0.01648,0.03903,8,11
test_296.png,10.42,375,0.0,0.0,0,11
test_297.png,0.0,0,0.63712,0.90841,43,6
test_297.png,0.21,8,0.63734,0.90956,34,6
test_297.png,0.52,19,0.63724,0.90981,29,6
test_297.png,1.04,37,0.63897,0.91464,23,6
test_297.png,2.08,75,0.64293,0.92495,13,6
test_297.png,5.21,188,0.65559,0.9519,3,6
test_297.png,10.42,375,0.66398,0.96953,0,6
test_298.png,0.0,0,0.26874,0.49113,104,1
test_298.png,0.21,8,0.2688,0.4948,77,1
test_298.png,0.52,19,0.26894,0.50193,60,1
test_298.png,1.04,37,0.27169,0.51733,44,1
test_298.png,2.08,75,0.27284,0.54073,30,1
test_298.png,5.21,188,0.27074,0.58973,9,1
test_298.png,10.42,375,0.16696,0.41071,3,0
test_299.png,0.0,0,0.42557,0.69277,59,5
test_299.png,0.21,8,0.42526,0.69258,41,5
test_299.png,0.52,19,0.42441,0.69182,33,5
test_299.png,1.04,37,0.4244,0.69337,30,5
test_299.png,2.08,75,0.42626,0.70148,21,5
test_299.png,5.21,188,0.41192,0.69353,7,5
test_299.png,10.42,375,0.41155,0.70046,3,6
test_300.png,0.0,0,0.31825,0.50397,124,2
test_300.png,0.21,8,0.31779,0.50523,90,2
test_300.png,0.52,19,0.31635,0.50659,74,2
test_300.png,1.04,37,0.31378,0.50753,59,2
test_300.png,2.08,75,0.30907,0.5196,38,2
test_300.png,5.21,188,0.29819,0.52637,21,2
test_300.png,10.42,375,0.27154,0.53442,7,2
test_301.png,0.0,0,0.46424,0.81623,59,5
test_301.png,0.21,8,0.46451,0.81887,44,5
test_301.png,0.52,19,0.4649,0.82405,35,5
test_301.png,1.04,37,0.46639,0.83289,27,5
test_301.png,2.08,75,0.46298,0.83693,18,5
test_301.png,5.21,188,0.46052,0.84323,12,5
test_301.png,10.42,375,0.43456,0.82247,3,5
test_302.png,0.0,0,0.22752,0.34602,102,0
test_302.png,0.21,8,0.2253,0.34616,68,0
test_302.png,0.52,19,0.22159,0.33961,57,0
test_302.png,1.04,37,0.21237,0.31202,42,0
test_302.png,2.08,75,0.19096,0.30658,22,0
test_302.png,5.21,188,0.12856,0.1831,4,0
test_302.png,10.42,375,0.10437,0.16627,1,0
test_303.png,0.0,0,0.38117,0.61969,97,2
test_303.png,0.21,8,0.38199,0.62589,60,2
test_303.png,0.52,19,0.38337,0.63102,50,2
test_303.png,1.04,37,0.38463,0.6409,40,2
test_303.png,2.08,75,0.38855,0.6688,23,2
test_303.png,5.21,188,0.39982,0.71018,15,2
test_303.png,10.42,375,0.4404,0.86954,2,2
test_304.png,0.0,0,0.44487,0.78219,68,5
test_304.png,0.21,8,0.44488,0.78572,45,5
test_304.png,0.52,19,0.44467,0.79074,32,5
test_304.png,1.04,37,0.44427,0.79342,25,5
test_304.png,2.08,75,0.44371,0.80457,15,5
test_304.png,5.21,188,0.44825,0.83266,4,5
test_304.png,10.42,375,0.45002,0.83974,3,5
test_305.png,0.0,0,0.09989,0.05387,145,2
test_305.png,0.21,8,0.09856,0.05242,110,2
test_305.png,0.52,19,0.09424,0.05018,85,2
test_305.png,1.04,37,0.0874,0.04797,61,2
test_305.png,2.08,75,0.07813,0.04606,37,2
test_305.png,5.21,188,0.03556,0.03065,10,2
test_305.png,10.42,375,0.0308,0.03155,3,2
test_306.png,0.0,0,0.46913,0.89944,20,1
test_306.png,0.21,8,0.46936,0.90163,15,1
test_306.png,0.52,19,0.46971,0.90324,12,1
test_306.png,1.04,37,0.47085,0.90871,8,1
test_306.png,2.08,75,0.46749,0.90752,6,1
test_306.png,5.21,188,0.45199,0.88836,3,1
test_306.png,10.42,375,0.4404,0.87635,2,1
test_307.png,0.0,0,0.49728,0.9144,15,1
test_307.png,0.21,8,0.49722,0.915,9,1
test_307.png,0.52,19,0.49711,0.91589,7,1
test_307.png,1.04,37,0.49747,0.9172,5,1
test_307.png,2.08,75,0.49782,0.91879,4,1
test_307.png,5.21,188,0.49908,0.92397,3,1
test_307.png,10.42,375,0.50395,0.94067,1,1
test_308.png,0.0,0,0.46811,0.77252,87,4
test_308.png,0.21,8,0.46825,0.77745,59,4
test_308.png,0.52,19,0.47024,0.78467,45,4
test_308.png,1.04,37,0.47576,0.80458,30,4
test_308.png,2.08,75,0.48814,0.84311,15,4
test_308.png,5.21,188,0.48736,0.86308,4,4
test_308.png,10.42,375,0.45388,0.82337,0,4
test_309.png,0.0,0,0.4312,0.85957,58,10
test_309.png,0.21,8,0.431,0.86039,48,10
test_309.png,0.52,19,0.42989,0.86139,37,10
test_309.png,1.04,37,0.4285,0.86193,31,10
test_309.png,2.08,75,0.42491,0.86489,22,10
test_309.png,5.21,188,0.40757,0.85295,11,10
test_309.png,10.42,375,0.38368,0.8266,6,10
test_310.png,0.0,0,0.4825,0.84913,46,16
test_310.png,0.21,8,0.48222,0.84966,34,16
test_310.png,0.52,19,0.48102,0.84971,24,16
test_310.png,1.04,37,0.47837,0.85065,14,16
test_310.png,2.08,75,0.47612,0.85084,10,16
test_310.png,5.21,188,0.463,0.83664,3,16
test_310.png,10.42,375,0.45408,0.82957,0,16
test_311.png,0.0,0,0.43537,0.88174,36,5
test_311.png,0.21,8,0.43542,0.88343,21,5
test_311.png,0.52,19,0.43491,0.88427,15,5
test_311.png,1.04,37,0.43397,0.88475,12,5
test_311.png,2.08,75,0.4335,0.88613,10,5
test_311.png,5.21,188,0.42724,0.88456,6,5
test_311.png,10.42,375,0.41982,0.89108,2,5
test_312.png,0.0,0,0.53911,0.86712,27,10
test_312.png,0.21,8,0.53889,0.86764,19,10
test_312.png,0.52,19,0.53824,0.86674,17,10
test_312.png,1.04,37,0.53647,0.86619,11,10
test_312.png,2.08,75,0.52925,0.85937,3,10
test_312.png,5.21,188,0.51534,0.84369,1,10
test_312.png,10.42,375,0.50397,0.82878,3,10
test_313.png,0.0,0,0.1842,0.22885,80,12
test_313.png,0.21,8,0.18401,0.22866,69,12
test_313.png,0.52,19,0.18171,0.22596,60,12
test_313.png,1.04,37,0.17842,0.22208,52,12
test_313.png,2.08,75,0.17558,0.21923,47,12
test_313.png,5.21,188,0.15462,0.19536,36,12
test_313.png,10.42,375,0.13021,0.1651,27,12
test_314.png,0.0,0,0.42907,0.78523,60,5
test_314.png,0.21,8,0.42906,0.78707,49,5
test_314.png,0.52,19,0.4288,0.79344,41,5
test_314.png,1.04,37,0.4272,0.80168,30,5
test_314.png,2.08,75,0.42876,0.82607,16,5
test_314.png,5.21,188,0.42373,0.83637,10,5
test_314.png,10.42,375,0.40667,0.82282,7,5
test_315.png,0.0,0,0.63311,0.94227,22,0
test_315.png,0.21,8,0.63317,0.94271,16,0
test_315.png,0.52,19,0.63332,0.94332,14,0
test_315.png,1.04,37,0.63408,0.94592,9,0
test_315.png,2.08,75,0.63507,0.94884,6,0
test_315.png,5.21,188,0.63758,0.95518,2,0
test_315.png,10.42,375,0.63927,0.95911,1,0
test_316.png,0.0,0,0.06508,0.07481,96,0
test_316.png,0.21,8,0.06284,0.07164,61,0
test_316.png,0.52,19,0.05803,0.06798,48,0
test_316.png,1.04,37,0.0527,0.06615,36,0
test_316.png,2.08,75,0.02008,0.01655,17,0
test_316.png,5.21,188,0.0,0.0,9,0
test_316.png,10.42,375,0.0,0.0,4,0
test_317.png,0.0,0,0.11483,0.09107,139,3
test_317.png,0.21,8,0.11295,0.09047,97,3
test_317.png,0.52,19,0.10889,0.08738,74,3
test_317.png,1.04,37,0.09985,0.08286,50,3
test_317.png,2.08,75,0.0744,0.05155,27,3
test_317.png,5.21,188,0.02921,0.02277,6,3
test_317.png,10.42,375,0.0,0.0,0,3
test_318.png,0.0,0,0.46472,0.90646,34,7
test_318.png,0.21,8,0.46469,0.90743,22,7
test_318.png,0.52,19,0.46514,0.9107,15,7
test_318.png,1.04,37,0.4654,0.91249,13,7
test_318.png,2.08,75,0.4672,0.92192,6,7
test_318.png,5.21,188,0.47054,0.93814,1,7
test_318.png,10.42,375,0.47054,0.93814,1,7
test_319.png,0.0,0,0.26113,0.58971,68,5
test_319.png,0.21,8,0.26025,0.58812,58,5
test_319.png,0.52,19,0.25855,0.58535,48,5
test_319.png,1.04,37,0.24944,0.5674,36,5
test_319.png,2.08,75,0.23789,0.55581,27,5
test_319.png,5.21,188,0.19153,0.49155,8,5
test_319.png,10.42,375,0.13961,0.36945,3,5
test_320.png,0.0,0,0.27829,0.29467,216,31
test_320.png,0.21,8,0.27681,0.29274,166,31
test_320.png,0.52,19,0.27302,0.28822,130,31
test_320.png,1.04,37,0.26818,0.28215,103,31
test_320.png,2.08,75,0.24404,0.25833,63,31
test_320.png,5.21,188,0.17134,0.17471,21,31
test_320.png,10.42,375,0.08038,0.09385,4,31
test_321.png,0.0,0,0.10491,0.16226,62,2
test_321.png,0.21,8,0.10425,0.16211,45,2
test_321.png,0.52,19,0.10186,0.16134,38,2
test_321.png,1.04,37,0.09839,0.15839,31,2
test_321.png,2.08,75,0.08081,0.1292,21,2
test_321.png,5.21,188,0.02122,0.03427,5,2
test_321.png,10.42,375,0.00701,0.01846,3,2
test_322.png,0.0,0,0.12459,0.18807,146,11
test_322.png,0.21,8,0.12184,0.18702,104,11
test_322.png,0.52,19,0.11787,0.18447,78,11
test_322.png,1.04,37,0.1081,0.17146,56,11
test_322.png,2.08,75,0.0812,0.13299,28,11
test_322.png,5.21,188,0.02761,0.07327,3,11
test_322.png,10.42,375,0.00997,0.02517,0,11
test_323.png,0.0,0,0.09816,0.19525,83,1
test_323.png,0.21,8,0.09768,0.19592,58,1
test_323.png,0.52,19,0.09505,0.18998,48,1
test_323.png,1.04,37,0.08976,0.18581,38,1
test_323.png,2.08,75,0.08156,0.17799,21,1
test_323.png,5.21,188,0.06498,0.15455,10,1
test_323.png,10.42,375,0.02099,0.05815,2,1
test_324.png,0.0,0,0.39562,0.85175,77,24
test_324.png,0.21,8,0.39493,0.85102,57,24
test_324.png,0.52,19,0.39447,0.85164,53,24
test_324.png,1.04,37,0.39057,0.84724,44,24
test_324.png,2.08,75,0.38115,0.83277,31,24
test_324.png,5.21,188,0.35997,0.80199,19,24
test_324.png,10.42,375,0.32681,0.74256,12,24
test_325.png,0.0,0,0.49642,0.95584,9,14
test_325.png,0.21,8,0.49625,0.95556,4,14
test_325.png,0.52,19,0.49586,0.95485,2,14
test_325.png,1.04,37,0.49559,0.95478,1,14
test_325.png,2.08,75,0.49559,0.95478,1,14
test_325.png,5.21,188,0.49339,0.95251,0,14
test_325.png,10.42,375,0.49339,0.95251,0,14
test_326.png,0.0,0,0.46714,0.96927,6,4
test_326.png,0.21,8,0.46696,0.96878,2,4
test_326.png,0.52,19,0.46696,0.96878,2,4
test_326.png,1.04,37,0.46641,0.96731,1,4
test_326.png,2.08,75,0.46641,0.96731,1,4
test_326.png,5.21,188,0.46445,0.96518,0,4
test_326.png,10.42,375,0.46445,0.96518,0,4
test_327.png,0.0,0,0.49319,0.84156,3,13
test_327.png,0.21,8,0.49309,0.84119,1,13
test_327.png,0.52,19,0.49309,0.84119,1,13
test_327.png,1.04,37,0.49309,0.84119,1,13
test_327.png,2.08,75,0.49234,0.83999,0,13
test_327.png,5.21,188,0.49234,0.83999,0,13
test_327.png,10.42,375,0.49234,0.83999,0,13
test_328.png,0.0,0,0.47274,0.78918,36,48
test_328.png,0.21,8,0.47263,0.78904,33,48
test_328.png,0.52,19,0.47134,0.78695,27,48
test_328.png,1.04,37,0.46932,0.78445,22,48
test_328.png,2.08,75,0.4647,0.7779,15,48
test_328.png,5.21,188,0.44702,0.75252,5,48
test_328.png,10.42,375,0.44002,0.74308,3,48
test_329.png,0.0,0,0.56061,0.97435,0,3
test_329.png,0.21,8,0.56061,0.97435,0,3
test_329.png,0.52,19,0.56061,0.97435,0,3
test_329.png,1.04,37,0.56061,0.97435,0,3
test_329.png,2.08,75,0.56061,0.97435,0,3
test_329.png,5.21,188,0.56061,0.97435,0,3
test_329.png,10.42,375,0.56061,0.97435,0,3
test_330.png,0.0,0,0.46066,0.92032,34,23
test_330.png,0.21,8,0.46025,0.91957,26,23
test_330.png,0.52,19,0.4601,0.91929,25,23
test_330.png,1.04,37,0.45883,0.91743,21,23
test_330.png,2.08,75,0.45611,0.91293,17,23
test_330.png,5.21,188,0.44519,0.8982,10,23
test_330.png,10.42,375,0.42776,0.87299,6,23
test_331.png,0.0,0,0.17036,0.18884,94,1
test_331.png,0.21,8,0.16835,0.18538,67,1
test_331.png,0.52,19,0.16606,0.18307,58,1
test_331.png,1.04,37,0.16026,0.17518,48,1
test_331.png,2.08,75,0.13811,0.15914,29,1
test_331.png,5.21,188,0.08973,0.15406,12,1
test_331.png,10.42,375,0.01667,0.10788,1,2
test_332.png,0.0,0,0.44605,0.93006,4,5
test_332.png,0.21,8,0.44591,0.93006,2,5
test_332.png,0.52,19,0.44591,0.93006,2,5
test_332.png,1.04,37,0.44591,0.93006,2,5
test_332.png,2.08,75,0.44591,0.93006,2,5
test_332.png,5.21,188,0.44437,0.92919,1,5
test_332.png,10.42,375,0.44437,0.92919,1,5
test_333.png,0.0,0,0.533,0.88526,52,35
test_333.png,0.21,8,0.53293,0.88512,48,35
test_333.png,0.52,19,0.53276,0.88496,46,35
test_333.png,1.04,37,0.53027,0.8828,36,35
test_333.png,2.08,75,0.52612,0.87834,27,35
test_333.png,5.21,188,0.49824,0.84339,12,35
test_333.png,10.42,375,0.48526,0.82665,8,35
test_334.png,0.0,0,0.50764,0.93233,11,11
test_334.png,0.21,8,0.50756,0.93226,8,11
test_334.png,0.52,19,0.50723,0.93232,6,11
test_334.png,1.04,37,0.50618,0.93125,3,11
test_334.png,2.08,75,0.50618,0.93125,3,11
test_334.png,5.21,188,0.49952,0.92325,1,11
test_334.png,10.42,375,0.49952,0.92325,1,11
test_335.png,0.0,0,0.38194,0.88391,39,18
test_335.png,0.21,8,0.38145,0.8834,32,18
test_335.png,0.52,19,0.38073,0.8834,28,18
test_335.png,1.04,37,0.37897,0.88136,24,18
test_335.png,2.08,75,0.37798,0.88034,23,18
test_335.png,5.21,188,0.36084,0.85479,15,18
test_335.png,10.42,375,0.32518,0.79721,7,18
test_336.png,0.0,0,0.12669,0.18194,93,6
test_336.png,0.21,8,0.12528,0.18086,71,6
test_336.png,0.52,19,0.12022,0.17396,55,6
test_336.png,1.04,37,0.11596,0.17049,46,6
test_336.png,2.08,75,0.08986,0.13938,25,6
test_336.png,5.21,188,0.03684,0.07439,5,6
test_336.png,10.42,375,0.0,0.0,1,7
test_337.png,0.0,0,0.26473,0.10359,83,8
test_337.png,0.21,8,0.26441,0.10318,62,8
test_337.png,0.52,19,0.2638,0.10192,48,8
test_337.png,1.04,37,0.26169,0.09702,39,8
test_337.png,2.08,75,0.25396,0.08859,22,8
test_337.png,5.21,188,0.24079,0.07717,12,8
test_337.png,10.42,375,0.23642,0.05405,8,8
test_338.png,0.0,0,0.37,0.69168,46,12
test_338.png,0.21,8,0.36965,0.69168,39,12
test_338.png,0.52,19,0.36773,0.68811,30,12
test_338.png,1.04,37,0.36668,0.68625,28,12
test_338.png,2.08,75,0.35546,0.67628,16,12
test_338.png,5.21,188,0.33411,0.65526,5,12
test_338.png,10.42,375,0.3204,0.63528,2,12
test_339.png,0.0,0,0.62184,0.98448,0,3
test_339.png,0.21,8,0.62184,0.98448,0,3
test_339.png,0.52,19,0.62184,0.98448,0,3
test_339.png,1.04,37,0.62184,0.98448,0,3
test_339.png,2.08,75,0.62184,0.98448,0,3
test_339.png,5.21,188,0.62184,0.98448,0,3
test_339.png,10.42,375,0.62184,0.98448,0,3
test_340.png,0.0,0,0.4524,0.98048,0,2
test_340.png,0.21,8,0.4524,0.98048,0,2
test_340.png,0.52,19,0.4524,0.98048,0,2
test_340.png,1.04,37,0.4524,0.98048,0,2
test_340.png,2.08,75,0.4524,0.98048,0,2
test_340.png,5.21,188,0.4524,0.98048,0,2
test_340.png,10.42,375,0.4524,0.98048,0,2
test_341.png,0.0,0,0.04852,0.10727,61,1
test_341.png,0.21,8,0.04818,0.10742,49,1
test_341.png,0.52,19,0.04743,0.10646,44,1
test_341.png,1.04,37,0.04626,0.10211,38,1
test_341.png,2.08,75,0.02669,0.06549,21,1
test_341.png,5.21,188,0.01247,0.04657,5,1
test_341.png,10.42,375,0.0,0.0,0,1
test_342.png,0.0,0,0.15249,0.37957,58,4
test_342.png,0.21,8,0.15134,0.37921,40,4
test_342.png,0.52,19,0.14867,0.37815,32,4
test_342.png,1.04,37,0.14526,0.37745,27,4
test_342.png,2.08,75,0.13052,0.37107,16,4
test_342.png,5.21,188,0.10738,0.3538,8,4
test_342.png,10.42,375,0.06826,0.2457,3,4
test_343.png,0.0,0,0.51155,0.91607,27,25
test_343.png,0.21,8,0.51144,0.91618,23,25
test_343.png,0.52,19,0.51044,0.91575,18,25
test_343.png,1.04,37,0.5088,0.91404,13,25
test_343.png,2.08,75,0.50647,0.91248,10,25
test_343.png,5.21,188,0.50126,0.9099,7,25
test_343.png,10.42,375,0.48668,0.8905,3,25
test_344.png,0.0,0,0.17431,0.10399,63,7
test_344.png,0.21,8,0.17371,0.10403,48,7
test_344.png,0.52,19,0.17292,0.09889,40,7
test_344.png,1.04,37,0.17048,0.09322,32,7
test_344.png,2.08,75,0.1583,0.07095,19,7
test_344.png,5.21,188,0.13527,0.06707,9,7
test_344.png,10.42,375,0.10248,0.05413,5,7
test_345.png,0.0,0,0.34792,0.57944,32,12
test_345.png,0.21,8,0.34729,0.57915,23,12
test_345.png,0.52,19,0.34629,0.57867,19,12
test_345.png,1.04,37,0.3448,0.57672,14,12
test_345.png,2.08,75,0.34076,0.57339,8,12
test_345.png,5.21,188,0.32932,0.56347,2,12
test_345.png,10.42,375,0.32932,0.56347,2,12
test_346.png,0.0,0,0.43761,0.85904,60,42
test_346.png,0.21,8,0.43732,0.85889,51,42
test_346.png,0.52,19,0.43656,0.85761,47,42
test_346.png,1.04,37,0.43499,0.85534,42,42
test_346.png,2.08,75,0.42694,0.8436,31,42
test_346.png,5.21,188,0.40843,0.8191,19,42
test_346.png,10.42,375,0.38216,0.77575,12,42
test_347.png,0.0,0,0.2697,0.35735,101,55
test_347.png,0.21,8,0.26865,0.35458,84,55
test_347.png,0.52,19,0.26652,0.35284,75,55
test_347.png,1.04,37,0.26121,0.34713,63,55
test_347.png,2.08,75,0.23991,0.32059,43,55
test_347.png,5.21,188,0.17916,0.22034,17,55
test_347.png,10.42,375,0.09279,0.1156,5,55
test_348.png,0.0,0,0.5548,0.85097,18,13
test_348.png,0.21,8,0.55467,0.85062,17,13
test_348.png,0.52,19,0.55442,0.85083,13,13
test_348.png,1.04,37,0.55363,0.84956,12,13
test_348.png,2.08,75,0.55087,0.84755,10,13
test_348.png,5.21,188,0.54863,0.84401,9,13
test_348.png,10.42,375,0.53138,0.82117,5,13
test_349.png,0.0,0,0.45389,0.93249,31,21
test_349.png,0.21,8,0.45356,0.9316,22,21
test_349.png,0.52,19,0.45341,0.93133,21,21
test_349.png,1.04,37,0.45251,0.9305,18,21
test_349.png,2.08,75,0.44849,0.92497,12,21
test_349.png,5.21,188,0.43647,0.91075,4,21
test_349.png,10.42,375,0.43334,0.90575,3,21
test_350.png,0.0,0,0.61216,0.94371,8,12
test_350.png,0.21,8,0.61213,0.94388,4,12
test_350.png,0.52,19,0.61213,0.94388,4,12
test_350.png,1.04,37,0.61218,0.94418,3,12
test_350.png,2.08,75,0.61101,0.94284,2,12
test_350.png,5.21,188,0.61101,0.94284,2,12
test_350.png,10.42,375,0.61101,0.94284,2,12
test_351.png,0.0,0,0.4473,0.91279,31,26
test_351.png,0.21,8,0.44716,0.91292,23,26
test_351.png,0.52,19,0.44674,0.91285,18,26
test_351.png,1.04,37,0.44604,0.91346,12,26
test_351.png,2.08,75,0.44574,0.91416,10,26
test_351.png,5.21,188,0.44351,0.91032,9,26
test_351.png,10.42,375,0.43284,0.89841,6,26
test_352.png,0.0,0,0.3916,0.88496,59,18
test_352.png,0.21,8,0.39133,0.88429,49,18
test_352.png,0.52,19,0.38993,0.88245,42,18
test_352.png,1.04,37,0.38797,0.88061,37,18
test_352.png,2.08,75,0.38285,0.8728,31,18
test_352.png,5.21,188,0.36189,0.83719,20,18
test_352.png,10.42,375,0.32265,0.77929,11,18
test_353.png,0.0,0,0.50791,0.95135,22,14
test_353.png,0.21,8,0.50784,0.95128,18,14
test_353.png,0.52,19,0.50733,0.95085,15,14
test_353.png,1.04,37,0.50733,0.95085,15,14
test_353.png,2.08,75,0.5067,0.95034,14,14
test_353.png,5.21,188,0.5021,0.94731,11,14
test_353.png,10.42,375,0.47848,0.91443,6,14
test_354.png,0.0,0,0.54731,0.9631,4,7
test_354.png,0.21,8,0.54731,0.9631,4,7
test_354.png,0.52,19,0.54712,0.9627,3,7
test_354.png,1.04,37,0.54654,0.9627,2,7
test_354.png,2.08,75,0.54545,0.9614,1,7
test_354.png,5.21,188,0.54375,0.95921,0,7
test_354.png,10.42,375,0.54375,0.95921,0,7
test_355.png,0.0,0,0.46443,0.95504,2,4
test_355.png,0.21,8,0.46441,0.95504,1,4
test_355.png,0.52,19,0.46441,0.95504,1,4
test_355.png,1.04,37,0.46441,0.95504,1,4
test_355.png,2.08,75,0.46461,0.9562,0,4
test_355.png,5.21,188,0.46461,0.9562,0,4
test_355.png,10.42,375,0.46461,0.9562,0,4
test_356.png,0.0,0,0.45579,0.91251,33,22
test_356.png,0.21,8,0.45546,0.91205,25,22
test_356.png,0.52,19,0.45472,0.91097,21,22
test_356.png,1.04,37,0.45441,0.91012,20,22
test_356.png,2.08,75,0.45194,0.90656,17,22
test_356.png,5.21,188,0.43863,0.88781,10,22
test_356.png,10.42,375,0.42597,0.86882,7,22
test_357.png,0.0,0,0.42287,0.97953,0,4
test_357.png,0.21,8,0.42287,0.97953,0,4
test_357.png,0.52,19,0.42287,0.97953,0,4
test_357.png,1.04,37,0.42287,0.97953,0,4
test_357.png,2.08,75,0.42287,0.97953,0,4
test_357.png,5.21,188,0.42287,0.97953,0,4
test_357.png,10.42,375,0.42287,0.97953,0,4
test_358.png,0.0,0,0.47274,0.94356,7,3
test_358.png,0.21,8,0.47259,0.94356,5,3
test_358.png,0.52,19,0.47228,0.94316,4,3
test_358.png,1.04,37,0.47167,0.94206,3,3
test_358.png,2.08,75,0.47167,0.94206,3,3
test_358.png,5.21,188,0.47167,0.94206,3,3
test_358.png,10.42,375,0.46537,0.93916,2,3
test_359.png,0.0,0,0.07691,0.10835,78,1
test_359.png,0.21,8,0.076,0.10831,63,1
test_359.png,0.52,19,0.07487,0.10863,52,1
test_359.png,1.04,37,0.07247,0.1071,42,1
test_359.png,2.08,75,0.05011,0.09096,19,1
test_359.png,5.21,188,0.02517,0.02329,2,1
test_359.png,10.42,375,0.02374,0.021,0,1
test_360.png,0.0,0,0.35833,0.56429,40,10
test_360.png,0.21,8,0.35808,0.56443,31,10
test_360.png,0.52,19,0.3564,0.56427,22,10
test_360.png,1.04,37,0.35456,0.5647,17,10
test_360.png,2.08,75,0.34914,0.5595,11,10
test_360.png,5.21,188,0.33911,0.55266,6,10
test_360.png,10.42,375,0.32507,0.53419,3,10
test_361.png,0.0,0,0.34801,0.78589,62,9
test_361.png,0.21,8,0.34732,0.78511,47,9
test_361.png,0.52,19,0.34586,0.78397,38,9
test_361.png,1.04,37,0.34351,0.78254,33,9
test_361.png,2.08,75,0.33809,0.77612,27,9
test_361.png,5.21,188,0.31457,0.74686,16,9
test_361.png,10.42,375,0.27257,0.68576,8,9
test_362.png,0.0,0,0.43957,0.68345,83,52
test_362.png,0.21,8,0.43909,0.68259,73,52
test_362.png,0.52,19,0.43776,0.6825,63,52
test_362.png,1.04,37,0.43443,0.68124,54,53
test_362.png,2.08,75,0.42858,0.67336,48,53
test_362.png,5.21,188,0.36436,0.58881,23,53
test_362.png,10.42,375,0.28135,0.47147,10,53
test_363.png,0.0,0,0.36172,0.74284,21,10
test_363.png,0.21,8,0.36124,0.74174,13,10
test_363.png,0.52,19,0.36065,0.74064,11,10
test_363.png,1.04,37,0.35725,0.735,6,10
test_363.png,2.08,75,0.3537,0.72731,3,10
test_363.png,5.21,188,0.35132,0.72343,2,10
test_363.png,10.42,375,0.33949,0.70432,0,10
test_364.png,0.0,0,0.27431,0.62774,77,9
test_364.png,0.21,8,0.27368,0.6273,67,9
test_364.png,0.52,19,0.27122,0.62582,57,9
test_364.png,1.04,37,0.26441,0.62029,45,9
test_364.png,2.08,75,0.24251,0.58999,29,9
test_364.png,5.21,188,0.19597,0.50235,14,9
test_364.png,10.42,375,0.11571,0.3309,3,9
test_365.png,0.0,0,0.41674,0.93512,28,18
test_365.png,0.21,8,0.4166,0.93484,23,18
test_365.png,0.52,19,0.41623,0.93445,20,18
test_365.png,1.04,37,0.415,0.93373,16,18
test_365.png,2.08,75,0.41192,0.92902,12,18
test_365.png,5.21,188,0.40014,0.91729,6,18
test_365.png,10.42,375,0.3914,0.90304,4,18
test_366.png,0.0,0,0.56185,0.91348,26,37
test_366.png,0.21,8,0.56182,0.91348,25,37
test_366.png,0.52,19,0.56132,0.91269,22,37
test_366.png,1.04,37,0.56084,0.91195,21,37
test_366.png,2.08,75,0.55473,0.90368,13,37
test_366.png,5.21,188,0.545,0.89157,7,37
test_366.png,10.42,375,0.53639,0.88275,5,37
test_367.png,0.0,0,0.50052,0.69198,107,25
test_367.png,0.21,8,0.49915,0.69175,82,25
test_367.png,0.52,19,0.49841,0.69121,72,25
test_367.png,1.04,37,0.49473,0.68818,59,25
test_367.png,2.08,75,0.48276,0.67815,47,25
test_367.png,5.21,188,0.43699,0.61984,27,25
test_367.png,10.42,375,0.35357,0.51504,12,25
test_368.png,0.0,0,0.33614,0.7569,67,17
test_368.png,0.21,8,0.33559,0.75612,57,17
test_368.png,0.52,19,0.33371,0.75283,48,17
test_368.png,1.04,37,0.33189,0.75046,43,17
test_368.png,2.08,75,0.32035,0.73791,30,17
test_368.png,5.21,188,0.29163,0.69134,16,17
test_368.png,10.42,375,0.26212,0.63476,10,17
test_369.png,0.0,0,0.00636,0.00676,12,14
test_369.png,0.21,8,0.00622,0.00636,8,14
test_369.png,0.52,19,0.006,0.00636,5,14
test_369.png,1.04,37,0.00307,0.00398,1,14
test_369.png,2.08,75,0.0,0.0,1,14
test_369.png,5.21,188,0.0,0.0,1,14
test_369.png,10.42,375,0.0,0.0,1,14
test_370.png,0.0,0,0.11322,0.13618,104,8
test_370.png,0.21,8,0.11159,0.13526,74,8
test_370.png,0.52,19,0.10642,0.13174,52,8
test_370.png,1.04,37,0.10316,0.12794,43,8
test_370.png,2.08,75,0.08607,0.11212,26,8
test_370.png,5.21,188,0.03164,0.03336,4,8
test_370.png,10.42,375,0.0,0.0,1,8
test_371.png,0.0,0,0.07835,0.1002,62,1
test_371.png,0.21,8,0.07642,0.09852,44,1
test_371.png,0.52,19,0.07458,0.09856,38,1
test_371.png,1.04,37,0.06691,0.09272,27,1
test_371.png,2.08,75,0.04093,0.08917,9,1
test_371.png,5.21,188,0.01006,0.04625,1,1
test_371.png,10.42,375,0.0,0.0,3,1
test_372.png,0.0,0,0.15747,0.27686,167,10
test_372.png,0.21,8,0.15593,0.27575,126,10
test_372.png,0.52,19,0.15111,0.27493,98,10
test_372.png,1.04,37,0.13802,0.26953,65,10
test_372.png,2.08,75,0.12007,0.24726,40,10
test_372.png,5.21,188,0.05719,0.1296,9,10
test_372.png,10.42,375,0.00781,0.00328,0,10
test_373.png,0.0,0,0.49026,0.79329,92,53
test_373.png,0.21,8,0.48966,0.79291,64,53
test_373.png,0.52,19,0.48851,0.79236,54,53
test_373.png,1.04,37,0.48759,0.79343,45,53
test_373.png,2.08,75,0.48562,0.79652,30,53
test_373.png,5.21,188,0.46708,0.7781,15,53
test_373.png,10.42,375,0.43831,0.74456,7,53
test_374.png,0.0,0,0.05713,0.1304,82,1
test_374.png,0.21,8,0.0554,0.12771,57,1
test_374.png,0.52,19,0.05058,0.12364,37,1
test_374.png,1.04,37,0.04502,0.11254,23,1
test_374.png,2.08,75,0.02849,0.08594,8,1
test_374.png,5.21,188,0.0,0.0,1,1
test_374.png,10.42,375,0.0,0.0,1,1
test_375.png,0.0,0,0.69604,0.90285,68,35
test_375.png,0.21,8,0.69631,0.90412,46,35
test_375.png,0.52,19,0.69677,0.90564,33,35
test_375.png,1.04,37,0.69697,0.90639,22,35
test_375.png,2.08,75,0.69804,0.91121,9,35
test_375.png,5.21,188,0.69757,0.91379,2,35
test_375.png,10.42,375,0.69757,0.91379,2,35
test_376.png,0.0,0,0.07999,0.09487,164,5
test_376.png,0.21,8,0.07816,0.09357,118,5
test_376.png,0.52,19,0.0713,0.09136,73,5
test_376.png,1.04,37,0.06345,0.0803,54,5
test_376.png,2.08,75,0.04654,0.06345,27,5
test_376.png,5.21,188,0.00963,0.01916,3,5
test_376.png,10.42,375,0.0,0.0,2,5
test_377.png,0.0,0,0.19609,0.30654,138,1
test_377.png,0.21,8,0.19504,0.30435,109,1
test_377.png,0.52,19,0.19057,0.30196,89,1
test_377.png,1.04,37,0.17743,0.29406,56,1
test_377.png,2.08,75,0.15829,0.28285,39,1
test_377.png,5.21,188,0.10568,0.25276,11,1
test_377.png,10.42,375,0.04351,0.18324,1,1
test_378.png,0.0,0,0.08632,0.10868,126,3
test_378.png,0.21,8,0.0846,0.10869,82,3
test_378.png,0.52,19,0.0821,0.10875,63,3
test_378.png,1.04,37,0.07463,0.10586,42,3
test_378.png,2.08,75,0.05569,0.10011,21,3
test_378.png,5.21,188,0.0209,0.06063,3,3
test_378.png,10.42,375,0.0107,0.03018,0,3
test_379.png,0.0,0,0.18773,0.34376,157,10
test_379.png,0.21,8,0.18677,0.34211,123,10
test_379.png,0.52,19,0.18159,0.34008,96,10
test_379.png,1.04,37,0.17643,0.33804,69,10
test_379.png,2.08,75,0.15071,0.30492,35,10
test_379.png,5.21,188,0.10622,0.25313,14,10
test_379.png,10.42,375,0.02011,0.05582,1,10
test_380.png,0.0,0,0.1754,0.36192,178,8
test_380.png,0.21,8,0.17338,0.35901,130,8
test_380.png,0.52,19,0.16786,0.35296,97,8
test_380.png,1.04,37,0.15622,0.34659,66,8
test_380.png,2.08,75,0.13773,0.32058,42,8
test_380.png,5.21,188,0.08085,0.24465,12,8
test_380.png,10.42,375,0.01044,0.02659,1,8
test_381.png,0.0,0,0.12092,0.29209,129,8
test_381.png,0.21,8,0.11952,0.29145,98,8
test_381.png,0.52,19,0.11676,0.28746,81,8
test_381.png,1.04,37,0.10992,0.28148,62,8
test_381.png,2.08,75,0.0929,0.26237,37,8
test_381.png,5.21,188,0.05916,0.19066,12,8
test_381.png,10.42,375,0.01949,0.05322,1,8
test_382.png,0.0,0,0.17802,0.14245,135,17
test_382.png,0.21,8,0.177,0.14036,110,17
test_382.png,0.52,19,0.17524,0.1393,95,17
test_382.png,1.04,37,0.17191,0.13587,75,17
test_382.png,2.08,75,0.15688,0.1191,47,17
test_382.png,5.21,188,0.13165,0.09002,23,17
test_382.png,10.42,375,0.10118,0.07751,10,17
test_383.png,0.0,0,0.18725,0.33674,189,18
test_383.png,0.21,8,0.18585,0.33609,130,18
test_383.png,0.52,19,0.18184,0.33326,96,18
test_383.png,1.04,37,0.1764,0.32941,70,18
test_383.png,2.08,75,0.15702,0.30459,44,18
test_383.png,5.21,188,0.1046,0.23234,10,18
test_383.png,10.42,375,0.07822,0.19405,3,18
test_384.png,0.0,0,0.10553,0.14182,112,7
test_384.png,0.21,8,0.10415,0.14186,83,7
test_384.png,0.52,19,0.10051,0.13623,66,7
test_384.png,1.04,37,0.09243,0.13225,45,7
test_384.png,2.08,75,0.08,0.11657,30,7
test_384.png,5.21,188,0.02693,0.02487,7,8
test_384.png,10.42,375,0.0,0.0,1,8
test_385.png,0.0,0,0.16584,0.48063,126,10
test_385.png,0.21,8,0.1643,0.48008,81,10
test_385.png,0.52,19,0.161,0.479,63,10
test_385.png,1.04,37,0.15673,0.47266,51,10
test_385.png,2.08,75,0.14783,0.46332,38,10
test_385.png,5.21,188,0.10994,0.41638,17,10
test_385.png,10.42,375,0.02865,0.13909,2,10
test_386.png,0.0,0,0.23456,0.35564,149,7
test_386.png,0.21,8,0.23313,0.35316,118,7
test_386.png,0.52,19,0.23115,0.35407,100,7
test_386.png,1.04,37,0.21901,0.33534,69,7
test_386.png,2.08,75,0.20397,0.31769,47,7
test_386.png,5.21,188,0.14946,0.23633,19,7
test_386.png,10.42,375,0.04253,0.07218,2,7
test_387.png,0.0,0,0.13312,0.15508,94,2
test_387.png,0.21,8,0.13146,0.15509,67,2
test_387.png,0.52,19,0.12858,0.15517,55,2
test_387.png,1.04,37,0.11879,0.15517,38,2
test_387.png,2.08,75,0.10089,0.15517,23,2
test_387.png,5.21,188,0.04618,0.11825,4,2
test_387.png,10.42,375,0.02217,0.0969,0,2
test_388.png,0.0,0,0.37105,0.71885,60,7
test_388.png,0.21,8,0.37005,0.71868,42,7
test_388.png,0.52,19,0.36983,0.71911,39,7
test_388.png,1.04,37,0.36737,0.71703,32,7
test_388.png,2.08,75,0.36044,0.71412,21,7
test_388.png,5.21,188,0.34711,0.70203,13,7
test_388.png,10.42,375,0.33055,0.67188,7,7
test_389.png,0.0,0,0.21503,0.30859,147,14
test_389.png,0.21,8,0.21282,0.30666,110,14
test_389.png,0.52,19,0.20719,0.30075,84,14
test_389.png,1.04,37,0.19864,0.29512,55,14
test_389.png,2.08,75,0.1657,0.26201,29,14
test_389.png,5.21,188,0.10353,0.16329,10,14
test_389.png,10.42,375,0.0,0.0,1,14
test_390.png,0.0,0,0.12144,0.18613,171,6
test_390.png,0.21,8,0.11952,0.18518,125,6
test_390.png,0.52,19,0.11594,0.17979,101,6
test_390.png,1.04,37,0.10112,0.16416,67,6
test_390.png,2.08,75,0.07349,0.1443,32,6
test_390.png,5.21,188,0.02319,0.08823,4,6
test_390.png,10.42,375,0.0,0.0,1,6
test_391.png,0.0,0,0.52122,0.86344,56,36
test_391.png,0.21,8,0.52091,0.86363,44,36
test_391.png,0.52,19,0.51983,0.8629,33,36
test_391.png,1.04,37,0.51857,0.8614,27,36
test_391.png,2.08,75,0.51488,0.8589,20,36
test_391.png,5.21,188,0.49894,0.84485,6,36
test_391.png,10.42,375,0.4882,0.83238,3,36
test_392.png,0.0,0,0.11341,0.11339,174,7
test_392.png,0.21,8,0.11114,0.11252,121,7
test_392.png,0.52,19,0.10477,0.1044,88,7
test_392.png,1.04,37,0.09628,0.09526,58,7
test_392.png,2.08,75,0.08492,0.08297,38,7
test_392.png,5.21,188,0.05232,0.04678,14,7
test_392.png,10.42,375,0.02677,0.01166,4,7
test_393.png,0.0,0,0.12881,0.26087,93,2
test_393.png,0.21,8,0.12733,0.25693,76,2
test_393.png,0.52,19,0.12468,0.25053,63,2
test_393.png,1.04,37,0.11309,0.23201,42,2
test_393.png,2.08,75,0.10435,0.22085,31,2
test_393.png,5.21,188,0.0717,0.16847,12,2
test_393.png,10.42,375,0.04474,0.11088,4,2
test_394.png,0.0,0,0.42424,0.82635,54,7
test_394.png,0.21,8,0.42428,0.82781,38,7
test_394.png,0.52,19,0.42406,0.82896,33,7
test_394.png,1.04,37,0.42301,0.83209,25,7
test_394.png,2.08,75,0.41597,0.8285,17,7
test_394.png,5.21,188,0.41034,0.83684,10,7
test_394.png,10.42,375,0.38811,0.81691,5,7
test_395.png,0.0,0,0.06512,0.06668,117,1
test_395.png,0.21,8,0.06296,0.06603,78,1
test_395.png,0.52,19,0.05865,0.063,56,1
test_395.png,1.04,37,0.05215,0.05933,40,1
test_395.png,2.08,75,0.0361,0.05141,20,1
test_395.png,5.21,188,0.00686,0.04634,2,1
test_395.png,10.42,375,0.0,0.0,1,1
test_396.png,0.0,0,0.48598,0.84777,32,27
test_396.png,0.21,8,0.48579,0.84782,27,27
test_396.png,0.52,19,0.48569,0.84785,25,27
test_396.png,1.04,37,0.48497,0.84681,23,27
test_396.png,2.08,75,0.48161,0.84282,19,27
test_396.png,5.21,188,0.46273,0.82778,8,27
test_396.png,10.42,375,0.45258,0.81367,6,27
test_397.png,0.0,0,0.14842,0.29758,141,12
test_397.png,0.21,8,0.14545,0.296,83,12
test_397.png,0.52,19,0.14336,0.29271,65,12
test_397.png,1.04,37,0.1368,0.28813,50,12
test_397.png,2.08,75,0.12635,0.26761,33,12
test_397.png,5.21,188,0.07003,0.15728,10,12
test_397.png,10.42,375,0.0,0.0,1,12
test_398.png,0.0,0,0.09409,0.12754,144,4
test_398.png,0.21,8,0.09277,0.12714,105,4
test_398.png,0.52,19,0.08833,0.12481,79,4
test_398.png,1.04,37,0.07955,0.11442,48,4
test_398.png,2.08,75,0.06067,0.08884,26,4
test_398.png,5.21,188,0.01927,0.05566,3,4
test_398.png,10.42,375,0.00618,0.0,0,4
test_399.png,0.0,0,0.21583,0.39239,112,7
test_399.png,0.21,8,0.21458,0.39154,89,7
test_399.png,0.52,19,0.21219,0.39093,79,7
test_399.png,1.04,37,0.20509,0.38124,64,7
test_399.png,2.08,75,0.18073,0.36903,39,7
test_399.png,5.21,188,0.11398,0.30488,12,7
test_399.png,10.42,375,0.08671,0.2729,5,7
test_400.png,0.0,0,0.35479,0.88917,41,8
test_400.png,0.21,8,0.35456,0.88993,30,8
test_400.png,0.52,19,0.35414,0.89095,24,8
test_400.png,1.04,37,0.35176,0.8864,20,8
test_400.png,2.08,75,0.34904,0.88518,16,8
test_400.png,5.21,188,0.34146,0.87923,10,8
test_400.png,10.42,375,0.33703,0.87718,8,8
test_401.png,0.0,0,0.07931,0.06437,103,3
test_401.png,0.21,8,0.07836,0.06438,79,3
test_401.png,0.52,19,0.07441,0.0628,58,3
test_401.png,1.04,37,0.07063,0.06285,45,3
test_401.png,2.08,75,0.04826,0.04365,20,3
test_401.png,5.21,188,0.02054,0.01016,3,3
test_401.png,10.42,375,0.00682,0.0017,0,3
test_402.png,0.0,0,0.09994,0.04306,86,1
test_402.png,0.21,8,0.09894,0.04303,66,1
test_402.png,0.52,19,0.09646,0.04218,53,1
test_402.png,1.04,37,0.0903,0.04209,40,1
test_402.png,2.08,75,0.07864,0.04193,27,1
test_402.png,5.21,188,0.04569,0.01931,8,1
test_402.png,10.42,375,0.03474,0.01833,5,1
test_403.png,0.0,0,0.32873,0.66905,110,7
test_403.png,0.21,8,0.32744,0.66923,74,7
test_403.png,0.52,19,0.32532,0.66991,56,7
test_403.png,1.04,37,0.32285,0.66987,43,7
test_403.png,2.08,75,0.31494,0.66515,31,7
test_403.png,5.21,188,0.29194,0.65762,17,7
test_403.png,10.42,375,0.2437,0.57817,8,7
test_404.png,0.0,0,0.13149,0.20367,155,8
test_404.png,0.21,8,0.12947,0.20093,114,8
test_404.png,0.52,19,0.12141,0.19506,78,8
test_404.png,1.04,37,0.11557,0.18821,64,8
test_404.png,2.08,75,0.08548,0.15322,31,8
test_404.png,5.21,188,0.03058,0.08856,4,8
test_404.png,10.42,375,0.0,0.0,1,8
test_405.png,0.0,0,0.21677,0.35206,144,10
test_405.png,0.21,8,0.21491,0.34887,109,10
test_405.png,0.52,19,0.20923,0.34335,83,10
test_405.png,1.04,37,0.20148,0.33984,62,10
test_405.png,2.08,75,0.18145,0.31404,41,10
test_405.png,5.21,188,0.10878,0.20282,13,10
test_405.png,10.42,375,0.02657,0.07238,1,10
test_406.png,0.0,0,0.07574,0.01414,114,3
test_406.png,0.21,8,0.07439,0.01414,71,3
test_406.png,0.52,19,0.07352,0.01123,58,3
test_406.png,1.04,37,0.06887,0.00889,42,3
test_406.png,2.08,75,0.04891,0.00888,22,3
test_406.png,5.21,188,0.00113,0.0,1,3
test_406.png,10.42,375,0.0,0.0,1,3
test_407.png,0.0,0,0.17919,0.1909,165,11
test_407.png,0.21,8,0.17698,0.18907,123,11
test_407.png,0.52,19,0.17332,0.18558,98,11
test_407.png,1.04,37,0.16195,0.1757,72,11
test_407.png,2.08,75,0.13862,0.15606,44,11
test_407.png,5.21,188,0.06576,0.101,11,12
test_407.png,10.42,375,0.01265,0.0256,0,12
test_408.png,0.0,0,0.06491,0.08082,175,1
test_408.png,0.21,8,0.06382,0.08043,122,1
test_408.png,0.52,19,0.06223,0.08002,84,1
test_408.png,1.04,37,0.0563,0.07352,59,1
test_408.png,2.08,75,0.05337,0.07193,34,1
test_408.png,5.21,188,0.01758,0.05007,8,1
test_408.png,10.42,375,0.0,0.0,1,1
test_409.png,0.0,0,0.26298,0.49325,136,13
test_409.png,0.21,8,0.26142,0.49076,102,13
test_409.png,0.52,19,0.25834,0.48669,85,13
test_409.png,1.04,37,0.25493,0.48635,72,13
test_409.png,2.08,75,0.23844,0.47256,44,13
test_409.png,5.21,188,0.1782,0.37154,20,13
test_409.png,10.42,375,0.08121,0.20854,4,13
test_410.png,0.0,0,0.27798,0.51451,128,6
test_410.png,0.21,8,0.27772,0.51609,98,6
test_410.png,0.52,19,0.27616,0.51691,85,6
test_410.png,1.04,37,0.26741,0.51456,61,6
test_410.png,2.08,75,0.25369,0.50913,37,6
test_410.png,5.21,188,0.20882,0.4572,13,6
test_410.png,10.42,375,0.17149,0.41688,7,6
test_411.png,0.0,0,0.1388,0.46528,117,10
test_411.png,0.21,8,0.13726,0.46316,84,10
test_411.png,0.52,19,0.13259,0.45823,63,10
test_411.png,1.04,37,0.12684,0.45301,49,10
test_411.png,2.08,75,0.1121,0.42167,33,10
test_411.png,5.21,188,0.08011,0.31798,17,10
test_411.png,10.42,375,0.01232,0.0409,0,10
test_412.png,0.0,0,0.27781,0.65964,51,2
test_412.png,0.21,8,0.27737,0.65932,39,2
test_412.png,0.52,19,0.27575,0.65794,32,2
test_412.png,1.04,37,0.27384,0.65989,26,2
test_412.png,2.08,75,0.26533,0.65718,20,2
test_412.png,5.21,188,0.24121,0.65891,9,2
test_412.png,10.42,375,0.22275,0.63241,5,2
test_413.png,0.0,0,0.15817,0.21801,144,5
test_413.png,0.21,8,0.15617,0.21786,99,5
test_413.png,0.52,19,0.15049,0.21146,72,5
test_413.png,1.04,37,0.13902,0.20296,49,5
test_413.png,2.08,75,0.11881,0.17339,31,5
test_413.png,5.21,188,0.05302,0.04416,7,5
test_413.png,10.42,375,0.0,0.0,1,5
test_414.png,0.0,0,0.34888,0.65918,62,8
test_414.png,0.21,8,0.34861,0.6601,45,8
test_414.png,0.52,19,0.34729,0.65996,30,8
test_414.png,1.04,37,0.3466,0.66325,23,8
test_414.png,2.08,75,0.34675,0.66782,15,8
test_414.png,5.21,188,0.3428,0.66699,10,8
test_414.png,10.42,375,0.32575,0.63538,7,8
test_415.png,0.0,0,0.21734,0.5542,96,10
test_415.png,0.21,8,0.21605,0.55404,69,10
test_415.png,0.52,19,0.21403,0.55101,59,10
test_415.png,1.04,37,0.20822,0.54378,44,10
test_415.png,2.08,75,0.19243,0.51334,30,10
test_415.png,5.21,188,0.15393,0.44682,15,10
test_415.png,10.42,375,0.09725,0.31459,5,10
test_416.png,0.0,0,0.15613,0.21867,165,10
test_416.png,0.21,8,0.15423,0.21659,124,10
test_416.png,0.52,19,0.14857,0.21434,97,10
test_416.png,1.04,37,0.1375,0.20044,65,10
test_416.png,2.08,75,0.11045,0.18178,34,10
test_416.png,5.21,188,0.04805,0.09797,8,10
test_416.png,10.42,375,0.0,0.0,1,11
test_417.png,0.0,0,0.70515,0.8797,34,59
test_417.png,0.21,8,0.70515,0.87984,22,59
test_417.png,0.52,19,0.705,0.87981,17,59
test_417.png,1.04,37,0.70546,0.88064,15,59
test_417.png,2.08,75,0.70559,0.88271,8,59
test_417.png,5.21,188,0.70559,0.88271,8,59
test_417.png,10.42,375,0.68991,0.8656,4,59
test_418.png,0.0,0,0.15914,0.05604,147,1
test_418.png,0.21,8,0.15792,0.05603,107,1
test_418.png,0.52,19,0.15571,0.05601,90,1
test_418.png,1.04,37,0.14829,0.04939,70,1
test_418.png,2.08,75,0.12277,0.04245,42,1
test_418.png,5.21,188,0.09463,0.03476,21,1
test_418.png,10.42,375,0.06444,0.0304,10,1
test_419.png,0.0,0,0.17703,0.29591,213,12
test_419.png,0.21,8,0.17422,0.29257,152,12
test_419.png,0.52,19,0.16996,0.28895,117,12
test_419.png,1.04,37,0.15852,0.2814,79,12
test_419.png,2.08,75,0.13662,0.26486,43,12
test_419.png,5.21,188,0.06811,0.16034,10,12
test_419.png,10.42,375,0.03476,0.07103,3,12
test_420.png,0.0,0,0.50374,0.92596,22,10
test_420.png,0.21,8,0.50368,0.92609,17,10
test_420.png,0.52,19,0.5029,0.92583,12,10
test_420.png,1.04,37,0.50266,0.92626,10,10
test_420.png,2.08,75,0.49914,0.92413,5,10
test_420.png,5.21,188,0.49291,0.92043,1,10
test_420.png,10.42,375,0.48875,0.9199,0,10
