image,width_multiple,min_size,dice,cldice,betti0_err,betti1_err
test_071.png,0.0,0,0.76388,0.94726,3,109
test_071.png,0.21,8,0.76387,0.94729,1,109
test_071.png,0.52,19,0.76392,0.94753,0,109
test_071.png,1.04,37,0.76392,0.94753,0,109
test_071.png,2.08,75,0.76392,0.94753,0,109
test_071.png,5.21,188,0.76392,0.94753,0,109
test_071.png,10.42,375,0.76392,0.94753,0,109
test_072.png,0.0,0,0.88244,0.94611,14,199
test_072.png,0.21,8,0.88254,0.94687,7,199
test_072.png,0.52,19,0.88268,0.94758,4,199
test_072.png,1.04,37,0.8829,0.9486,2,199
test_072.png,2.08,75,0.8829,0.9486,2,199
test_072.png,5.21,188,0.88406,0.95079,0,199
test_072.png,10.42,375,0.88406,0.95079,0,199
test_073.png,0.0,0,0.90865,0.9693,7,39
test_073.png,0.21,8,0.90871,0.96956,2,39
test_073.png,0.52,19,0.90876,0.96965,1,39
test_073.png,1.04,37,0.90876,0.96965,1,39
test_073.png,2.08,75,0.90876,0.96965,1,39
test_073.png,5.21,188,0.90876,0.96965,1,39
test_073.png,10.42,375,0.90876,0.96965,1,39
test_074.png,0.0,0,0.96937,0.99566,2,3
test_074.png,0.21,8,0.96938,0.99573,1,3
test_074.png,0.52,19,0.96943,0.99603,0,3
test_074.png,1.04,37,0.96943,0.99603,0,3
test_074.png,2.08,75,0.96943,0.99603,0,3
test_074.png,5.21,188,0.96943,0.99603,0,3
test_074.png,10.42,375,0.96943,0.99603,0,3
test_075.png,0.0,0,0.89377,0.99109,3,3
test_075.png,0.21,8,0.89378,0.9912,2,3
test_075.png,0.52,19,0.89384,0.99159,1,3
test_075.png,1.04,37,0.89396,0.99219,0,3
test_075.png,2.08,75,0.89396,0.99219,0,3
test_075.png,5.21,188,0.89396,0.99219,0,3
test_075.png,10.42,375,0.89396,0.99219,0,3
test_076.png,0.0,0,0.92843,0.99667,1,1
test_076.png,0.21,8,0.92843,0.99667,1,1
test_076.png,0.52,19,0.92851,0.99699,0,1
test_076.png,1.04,37,0.92851,0.99699,0,1
test_076.png,2.08,75,0.92851,0.99699,0,1
test_076.png,5.21,188,0.92851,0.99699,0,1
test_076.png,10.42,375,0.92851,0.99699,0,1
test_077.png,0.0,0,0.89862,0.99756,1,2
test_077.png,0.21,8,0.89862,0.9976,0,2
test_077.png,0.52,19,0.89862,0.9976,0,2
test_077.png,1.04,37,0.89862,0.9976,0,2
test_077.png,2.08,75,0.89862,0.9976,0,2
test_077.png,5.21,188,0.89862,0.9976,0,2
test_077.png,10.42,375,0.89862,0.9976,0,2
test_078.png,0.0,0,0.73889,0.93906,8,3
test_078.png,0.21,8,0.73895,0.93943,5,3
test_078.png,0.52,19,0.73903,0.93977,3,3
test_078.png,1.04,37,0.73916,0.93993,2,3
test_078.png,2.08,75,0.73981,0.94098,0,3
test_078.png,5.21,188,0.73981,0.94098,0,3
test_078.png,10.42,375,0.73981,0.94098,0,3
test_079.png,0.0,0,0.91869,0.98098,7,269
test_079.png,0.21,8,0.9187,0.98116,5,269
test_079.png,0.52,19,0.91908,0.98267,1,269
test_079.png,1.04,37,0.91922,0.98437,0,269
test_079.png,2.08,75,0.91922,0.98437,0,269
test_079.png,5.21,188,0.91922,0.98437,0,269
test_079.png,10.42,375,0.91922,0.98437,0,269
test_080.png,0.0,0,0.83721,0.98804,5,0
test_080.png,0.21,8,0.83721,0.98804,5,0
test_080.png,0.52,19,0.83744,0.98866,2,0
test_080.png,1.04,37,0.83744,0.98866,2,0
test_080.png,2.08,75,0.83744,0.98866,2,0
test_080.png,5.21,188,0.83843,0.98988,0,0
test_080.png,10.42,375,0.83843,0.98988,0,0
test_081.png,0.0,0,0.79612,0.9609,8,78
test_081.png,0.21,8,0.79613,0.96122,2,78
test_081.png,0.52,19,0.79619,0.96127,1,78
test_081.png,1.04,37,0.79619,0.96127,1,78
test_081.png,2.08,75,0.79652,0.96205,0,78
test_081.png,5.21,188,0.79652,0.96205,0,78
test_081.png,10.42,375,0.79652,0.96205,0,78
test_082.png,0.0,0,0.7793,0.94713,20,27
test_082.png,0.21,8,0.77936,0.9475,6,27
test_082.png,0.52,19,0.77922,0.94728,3,27
test_082.png,1.04,37,0.77921,0.94728,2,27
test_082.png,2.08,75,0.77976,0.94806,0,27
test_082.png,5.21,188,0.77976,0.94806,0,27
test_082.png,10.42,375,0.77976,0.94806,0,27
test_083.png,0.0,0,0.87197,0.97936,6,64
test_083.png,0.21,8,0.87197,0.97956,3,64
test_083.png,0.52,19,0.87197,0.97956,3,64
test_083.png,1.04,37,0.8719,0.97988,1,64
test_083.png,2.08,75,0.87168,0.97941,0,64
test_083.png,5.21,188,0.87168,0.97941,0,64
test_083.png,10.42,375,0.87168,0.97941,0,64
test_084.png,0.0,0,0.96146,0.99645,2,7
test_084.png,0.21,8,0.9615,0.99654,1,7
test_084.png,0.52,19,0.9615,0.99654,1,7
test_084.png,1.04,37,0.96163,0.99755,0,7
test_084.png,2.08,75,0.96163,0.99755,0,7
test_084.png,5.21,188,0.96163,0.99755,0,7
test_084.png,10.42,375,0.96163,0.99755,0,7
test_085.png,0.0,0,0.88193,0.99664,1,1
test_085.png,0.21,8,0.88194,0.99674,0,1
test_085.png,0.52,19,0.88194,0.99674,0,1
test_085.png,1.04,37,0.88194,0.99674,0,1
test_085.png,2.08,75,0.88194,0.99674,0,1
test_085.png,5.21,188,0.88194,0.99674,0,1
test_085.png,10.42,375,0.88194,0.99674,0,1
test_086.png,0.0,0,0.87478,0.97961,1,6
test_086.png,0.21,8,0.87478,0.97961,1,6
test_086.png,0.52,19,0.87486,0.98046,0,6
test_086.png,1.04,37,0.87486,0.98046,0,6
test_086.png,2.08,75,0.87486,0.98046,0,6
test_086.png,5.21,188,0.87486,0.98046,0,6
test_086.png,10.42,375,0.87486,0.98046,0,6
test_087.png,0.0,0,0.79273,0.93879,10,58
test_087.png,0.21,8,0.79279,0.9393,4,58
test_087.png,0.52,19,0.79298,0.94007,1,58
test_087.png,1.04,37,0.79298,0.94007,1,58
test_087.png,2.08,75,0.79314,0.94045,0,58
test_087.png,5.21,188,0.79314,0.94045,0,58
test_087.png,10.42,375,0.79314,0.94045,0,58
test_088.png,0.0,0,0.88807,0.98045,4,186
test_088.png,0.21,8,0.88818,0.98173,1,186
test_088.png,0.52,19,0.88818,0.98173,1,186
test_088.png,1.04,37,0.88818,0.98173,1,186
test_088.png,2.08,75,0.88849,0.98236,0,186
test_088.png,5.21,188,0.88849,0.98236,0,186
test_088.png,10.42,375,0.88849,0.98236,0,186
test_089.png,0.0,0,0.81753,0.98654,5,2
test_089.png,0.21,8,0.81756,0.98681,2,2
test_089.png,0.52,19,0.81756,0.98681,2,2
test_089.png,1.04,37,0.81786,0.98923,0,2
test_089.png,2.08,75,0.81786,0.98923,0,2
test_089.png,5.21,188,0.81786,0.98923,0,2
test_089.png,10.42,375,0.81621,0.98294,1,2
test_090.png,0.0,0,0.80843,0.96153,7,55
test_090.png,0.21,8,0.80846,0.96172,4,55
test_090.png,0.52,19,0.80847,0.96161,2,55
test_090.png,1.04,37,0.8087,0.9621,0,55
test_090.png,2.08,75,0.8087,0.9621,0,55
test_090.png,5.21,188,0.8087,0.9621,0,55
test_090.png,10.42,375,0.8087,0.9621,0,55
test_091.png,0.0,0,0.83422,0.95521,7,145
test_091.png,0.21,8,0.83424,0.95541,4,145
test_091.png,0.52,19,0.83423,0.95554,2,145
test_091.png,1.04,37,0.83423,0.95554,2,145
test_091.png,2.08,75,0.83406,0.95544,1,145
test_091.png,5.21,188,0.83447,0.95614,0,145
test_091.png,10.42,375,0.83447,0.95614,0,145
test_092.png,0.0,0,0.90972,0.99402,0,89
test_092.png,0.21,8,0.90972,0.99402,0,89
test_092.png,0.52,19,0.90972,0.99402,0,89
test_092.png,1.04,37,0.90972,0.99402,0,89
test_092.png,2.08,75,0.90972,0.99402,0,89
test_092.png,5.21,188,0.90972,0.99402,0,89
test_092.png,10.42,375,0.90972,0.99402,0,89
test_093.png,0.0,0,0.95701,0.98359,8,9
test_093.png,0.21,8,0.95708,0.9842,1,9
test_093.png,0.52,19,0.95714,0.98432,0,9
test_093.png,1.04,37,0.95714,0.98432,0,9
test_093.png,2.08,75,0.95714,0.98432,0,9
test_093.png,5.21,188,0.95714,0.98432,0,9
test_093.png,10.42,375,0.95714,0.98432,0,9
test_094.png,0.0,0,0.8941,0.99757,0,0
test_094.png,0.21,8,0.8941,0.99757,0,0
test_094.png,0.52,19,0.8941,0.99757,0,0
test_094.png,1.04,37,0.8941,0.99757,0,0
test_094.png,2.08,75,0.8941,0.99757,0,0
test_094.png,5.21,188,0.8941,0.99757,0,0
test_094.png,10.42,375,0.8941,0.99757,0,0
test_095.png,0.0,0,0.95183,0.99748,1,3
test_095.png,0.21,8,0.95183,0.99748,1,3
test_095.png,0.52,19,0.9519,0.99755,0,3
test_095.png,1.04,37,0.9519,0.99755,0,3
test_095.png,2.08,75,0.9519,0.99755,0,3
test_095.png,5.21,188,0.9519,0.99755,0,3
test_095.png,10.42,375,0.9519,0.99755,0,3
test_096.png,0.0,0,0.88965,0.99308,6,1
test_096.png,0.21,8,0.88971,0.99323,3,1
test_096.png,0.52,19,0.88977,0.99338,2,1
test_096.png,1.04,37,0.89008,0.99456,0,1
test_096.png,2.08,75,0.89008,0.99456,0,1
test_096.png,5.21,188,0.89008,0.99456,0,1
test_096.png,10.42,375,0.89008,0.99456,0,1
test_097.png,0.0,0,0.83621,0.95965,4,100
test_097.png,0.21,8,0.83624,0.9598,2,100
test_097.png,0.52,19,0.8363,0.95995,1,100
test_097.png,1.04,37,0.83639,0.96011,0,100
test_097.png,2.08,75,0.83639,0.96011,0,100
test_097.png,5.21,188,0.83639,0.96011,0,100
test_097.png,10.42,375,0.83639,0.96011,0,100
test_098.png,0.0,0,0.88645,0.95096,12,245
test_098.png,0.21,8,0.88651,0.95161,6,245
test_098.png,0.52,19,0.88662,0.95235,4,245
test_098.png,1.04,37,0.8869,0.95315,1,245
test_098.png,2.08,75,0.88708,0.95445,0,245
test_098.png,5.21,188,0.88708,0.95445,0,245
test_098.png,10.42,375,0.88708,0.95445,0,245
test_099.png,0.0,0,0.79509,0.99042,0,0
test_099.png,0.21,8,0.79509,0.99042,0,0
test_099.png,0.52,19,0.79509,0.99042,0,0
test_099.png,1.04,37,0.79509,0.99042,0,0
test_099.png,2.08,75,0.79509,0.99042,0,0
test_099.png,5.21,188,0.79509,0.99042,0,0
test_099.png,10.42,375,0.79509,0.99042,0,0
test_100.png,0.0,0,0.94745,0.99396,2,9
test_100.png,0.21,8,0.94747,0.99406,1,9
test_100.png,0.52,19,0.94753,0.99415,0,9
test_100.png,1.04,37,0.94753,0.99415,0,9
test_100.png,2.08,75,0.94753,0.99415,0,9
test_100.png,5.21,188,0.94753,0.99415,0,9
test_100.png,10.42,375,0.94753,0.99415,0,9
test_101.png,0.0,0,0.92086,0.99541,2,2
test_101.png,0.21,8,0.92089,0.99553,0,2
test_101.png,0.52,19,0.92089,0.99553,0,2
test_101.png,1.04,37,0.92089,0.99553,0,2
test_101.png,2.08,75,0.92089,0.99553,0,2
test_101.png,5.21,188,0.92089,0.99553,0,2
test_101.png,10.42,375,0.92089,0.99553,0,2
test_102.png,0.0,0,0.84646,0.96385,15,26
test_102.png,0.21,8,0.84654,0.96448,7,26
test_102.png,0.52,19,0.84676,0.96494,3,26
test_102.png,1.04,37,0.84689,0.96522,2,26
test_102.png,2.08,75,0.84739,0.96668,0,26
test_102.png,5.21,188,0.84739,0.96668,0,26
test_102.png,10.42,375,0.84739,0.96668,0,26
test_103.png,0.0,0,0.79923,0.97625,1,3
test_103.png,0.21,8,0.79923,0.97625,1,3
test_103.png,0.52,19,0.79923,0.97625,1,3
test_103.png,1.04,37,0.79923,0.97625,1,3
test_103.png,2.08,75,0.79958,0.97698,0,3
test_103.png,5.21,188,0.79958,0.97698,0,3
test_103.png,10.42,375,0.79958,0.97698,0,3
test_104.png,0.0,0,0.82089,0.96789,6,82
test_104.png,0.21,8,0.82093,0.96814,4,82
test_104.png,0.52,19,0.82113,0.96849,1,82
test_104.png,1.04,37,0.82122,0.96874,0,82
test_104.png,2.08,75,0.82122,0.96874,0,82
test_104.png,5.21,188,0.82122,0.96874,0,82
test_104.png,10.42,375,0.82122,0.96874,0,82
test_105.png,0.0,0,0.95487,0.99991,0,0
test_105.png,0.21,8,0.95487,0.99991,0,0
test_105.png,0.52,19,0.95487,0.99991,0,0
test_105.png,1.04,37,0.95487,0.99991,0,0
test_105.png,2.08,75,0.95487,0.99991,0,0
test_105.png,5.21,188,0.95487,0.99991,0,0
test_105.png,10.42,375,0.95487,0.99991,0,0
test_106.png,0.0,0,0.90807,0.99202,0,4
test_106.png,0.21,8,0.90807,0.99202,0,4
test_106.png,0.52,19,0.90807,0.99202,0,4
test_106.png,1.04,37,0.90807,0.99202,0,4
test_106.png,2.08,75,0.90807,0.99202,0,4
test_106.png,5.21,188,0.90807,0.99202,0,4
test_106.png,10.42,375,0.90807,0.99202,0,4
test_107.png,0.0,0,0.77487,0.98911,2,2
test_107.png,0.21,8,0.77488,0.9892,1,2
test_107.png,0.52,19,0.77499,0.98968,0,2
test_107.png,1.04,37,0.77499,0.98968,0,2
test_107.png,2.08,75,0.77499,0.98968,0,2
test_107.png,5.21,188,0.77499,0.98968,0,2
test_107.png,10.42,375,0.77499,0.98968,0,2
test_108.png,0.0,0,0.8697,0.98834,10,2
test_108.png,0.21,8,0.86993,0.98921,1,2
test_108.png,0.52,19,0.86993,0.98921,1,2
test_108.png,1.04,37,0.86993,0.98921,1,2
test_108.png,2.08,75,0.87028,0.98963,0,2
test_108.png,5.21,188,0.87028,0.98963,0,2
test_108.png,10.42,375,0.87028,0.98963,0,2
test_109.png,0.0,0,0.79727,0.9707,8,115
test_109.png,0.21,8,0.79725,0.97101,3,115
test_109.png,0.52,19,0.7973,0.97117,2,115
test_109.png,1.04,37,0.7973,0.97117,2,115
test_109.png,2.08,75,0.79781,0.97258,0,115
test_109.png,5.21,188,0.79781,0.97258,0,115
test_109.png,10.42,375,0.79781,0.97258,0,115
test_110.png,0.0,0,0.87111,0.99098,8,1
test_110.png,0.21,8,0.87112,0.99107,7,1
test_110.png,0.52,19,0.87126,0.99147,3,1
test_110.png,1.04,37,0.87154,0.99233,1,1
test_110.png,2.08,75,0.87183,0.99274,0,1
test_110.png,5.21,188,0.87183,0.99274,0,1
test_110.png,10.42,375,0.87183,0.99274,0,1
test_111.png,0.0,0,0.91199,0.99239,5,6
test_111.png,0.21,8,0.91207,0.99271,1,6
test_111.png,0.52,19,0.91207,0.99271,1,6
test_111.png,1.04,37,0.91207,0.99271,1,6
test_111.png,2.08,75,0.91201,0.99267,2,6
test_111.png,5.21,188,0.91201,0.99267,2,6
test_111.png,10.42,375,0.91201,0.99267,2,6
test_112.png,0.0,0,0.85522,0.99586,0,1
test_112.png,0.21,8,0.85522,0.99586,0,1
test_112.png,0.52,19,0.85522,0.99586,0,1
test_112.png,1.04,37,0.85522,0.99586,0,1
test_112.png,2.08,75,0.85522,0.99586,0,1
test_112.png,5.21,188,0.85522,0.99586,0,1
test_112.png,10.42,375,0.85522,0.99586,0,1
test_113.png,0.0,0,0.83442,0.98779,7,1
test_113.png,0.21,8,0.83449,0.98817,4,1
test_113.png,0.52,19,0.8349,0.98934,0,1
test_113.png,1.04,37,0.8349,0.98934,0,1
test_113.png,2.08,75,0.8349,0.98934,0,1
test_113.png,5.21,188,0.8349,0.98934,0,1
test_113.png,10.42,375,0.8349,0.98934,0,1
test_114.png,0.0,0,0.80079,0.94455,8,71
test_114.png,0.21,8,0.80085,0.94499,5,71
test_114.png,0.52,19,0.80114,0.94596,0,71
test_114.png,1.04,37,0.80114,0.94596,0,71
test_114.png,2.08,75,0.80114,0.94596,0,71
test_114.png,5.21,188,0.80114,0.94596,0,71
test_114.png,10.42,375,0.80114,0.94596,0,71
test_115.png,0.0,0,0.94252,0.99076,5,2
test_115.png,0.21,8,0.94256,0.99112,3,2
test_115.png,0.52,19,0.94273,0.99177,0,2
test_115.png,1.04,37,0.94273,0.99177,0,2
test_115.png,2.08,75,0.94273,0.99177,0,2
test_115.png,5.21,188,0.94273,0.99177,0,2
test_115.png,10.42,375,0.94273,0.99177,0,2
test_116.png,0.0,0,0.91888,0.99421,0,1
test_116.png,0.21,8,0.91889,0.9943,1,1
test_116.png,0.52,19,0.91889,0.9943,1,1
test_116.png,1.04,37,0.91889,0.9943,1,1
test_116.png,2.08,75,0.91889,0.9943,1,1
test_116.png,5.21,188,0.91889,0.9943,1,1
test_116.png,10.42,375,0.91889,0.9943,1,1
test_117.png,0.0,0,0.96177,0.99786,0,1
test_117.png,0.21,8,0.96177,0.99786,0,1
test_117.png,0.52,19,0.96177,0.99786,0,1
test_117.png,1.04,37,0.96177,0.99786,0,1
test_117.png,2.08,75,0.96173,0.99759,1,1
test_117.png,5.21,188,0.96173,0.99759,1,1
test_117.png,10.42,375,0.96173,0.99759,1,1
test_118.png,0.0,0,0.94554,0.99739,1,1
test_118.png,0.21,8,0.94554,0.99739,1,1
test_118.png,0.52,19,0.94554,0.99739,1,1
test_118.png,1.04,37,0.94572,0.99893,0,1
test_118.png,2.08,75,0.94572,0.99893,0,1
test_118.png,5.21,188,0.94572,0.99893,0,1
test_118.png,10.42,375,0.94572,0.99893,0,1
test_119.png,0.0,0,0.96172,0.99493,1,0
test_119.png,0.21,8,0.96174,0.99508,0,0
test_119.png,0.52,19,0.96174,0.99508,0,0
test_119.png,1.04,37,0.96174,0.99508,0,0
test_119.png,2.08,75,0.96174,0.99508,0,0
test_119.png,5.21,188,0.96174,0.99508,0,0
test_119.png,10.42,375,0.96174,0.99508,0,0
test_120.png,0.0,0,0.87045,0.9983,1,3
test_120.png,0.21,8,0.87047,0.99842,0,3
test_120.png,0.52,19,0.87047,0.99842,0,3
test_120.png,1.04,37,0.87047,0.99842,0,3
test_120.png,2.08,75,0.87047,0.99842,0,3
test_120.png,5.21,188,0.87047,0.99842,0,3
test_120.png,10.42,375,0.87047,0.99842,0,3
test_121.png,0.0,0,0.78264,0.89451,18,1
test_121.png,0.21,8,0.78273,0.89537,9,1
test_121.png,0.52,19,0.78277,0.89567,8,1
test_121.png,1.04,37,0.78292,0.89628,3,1
test_121.png,2.08,75,0.78317,0.89736,2,1
test_121.png,5.21,188,0.78249,0.89647,1,1
test_121.png,10.42,375,0.78249,0.89647,1,1
test_122.png,0.0,0,0.78246,0.86722,37,45
test_122.png,0.21,8,0.78262,0.86841,20,45
test_122.png,0.52,19,0.78292,0.86968,14,45
test_122.png,1.04,37,0.78353,0.87152,7,45
test_122.png,2.08,75,0.78384,0.87168,4,45
test_122.png,5.21,188,0.7838,0.8701,2,45
test_122.png,10.42,375,0.78374,0.8695,0,45
test_123.png,0.0,0,0.9219,0.97462,35,48
test_123.png,0.21,8,0.92214,0.97583,11,48
test_123.png,0.52,19,0.92257,0.97674,4,48
test_123.png,1.04,37,0.92294,0.97721,1,48
test_123.png,2.08,75,0.92297,0.97719,1,46
test_123.png,5.21,188,0.92235,0.97658,2,46
test_123.png,10.42,375,0.92235,0.97658,2,46
test_124.png,0.0,0,0.25957,0.2978,93,27
test_124.png,0.21,8,0.25948,0.29784,62,27
test_124.png,0.52,19,0.25895,0.29651,51,27
test_124.png,1.04,37,0.25894,0.29659,46,27
test_124.png,2.08,75,0.26034,0.29991,35,27
test_124.png,5.21,188,0.26228,0.30491,24,26
test_124.png,10.42,375,0.26317,0.30958,18,26
test_125.png,0.0,0,0.78767,0.9001,12,7
test_125.png,0.21,8,0.78765,0.90026,8,7
test_125.png,0.52,19,0.78772,0.9005,7,7
test_125.png,1.04,37,0.78772,0.9005,7,7
test_125.png,2.08,75,0.78714,0.89931,6,7
test_125.png,5.21,188,0.78533,0.89457,2,7
test_125.png,10.42,375,0.78101,0.88839,1,7
test_126.png,0.0,0,0.9141,0.98139,2,130
test_126.png,0.21,8,0.9141,0.98139,2,130
test_126.png,0.52,19,0.91405,0.98139,1,130
test_126.png,1.04,37,0.91386,0.98139,0,130
test_126.png,2.08,75,0.91386,0.98139,0,130
test_126.png,5.21,188,0.91386,0.98139,0,130
test_126.png,10.42,375,0.91386,0.98139,0,130
test_127.png,0.0,0,0.90634,0.98577,13,22
test_127.png,0.21,8,0.90649,0.9864,4,22
test_127.png,0.52,19,0.9066,0.9867,2,22
test_127.png,1.04,37,0.9067,0.98676,1,22
test_127.png,2.08,75,0.90695,0.98712,0,22
test_127.png,5.21,188,0.90695,0.98712,0,22
test_127.png,10.42,375,0.90695,0.98712,0,22
test_128.png,0.0,0,0.89845,0.98558,5,33
test_128.png,0.21,8,0.89845,0.98575,2,33
test_128.png,0.52,19,0.89851,0.98643,0,33
test_128.png,1.04,37,0.89851,0.98643,0,33
test_128.png,2.08,75,0.89851,0.98643,0,33
test_128.png,5.21,188,0.89851,0.98643,0,33
test_128.png,10.42,375,0.89851,0.98643,0,33
test_129.png,0.0,0,0.91893,0.98479,2,5
test_129.png,0.21,8,0.91893,0.98484,1,5
test_129.png,0.52,19,0.91893,0.98484,1,5
test_129.png,1.04,37,0.91893,0.98484,1,5
test_129.png,2.08,75,0.91873,0.98438,0,5
test_129.png,5.21,188,0.91849,0.98416,1,5
test_129.png,10.42,375,0.91849,0.98416,1,5
test_130.png,0.0,0,0.70957,0.75465,71,70
test_130.png,0.21,8,0.70966,0.75644,44,70
test_130.png,0.52,19,0.70992,0.75781,35,70
test_130.png,1.04,37,0.71101,0.76166,21,70
test_130.png,2.08,75,0.71203,0.7644,15,70
test_130.png,5.21,188,0.71577,0.77121,9,70
test_130.png,10.42,375,0.71898,0.77696,5,69
test_131.png,0.0,0,0.78952,0.91002,29,3
test_131.png,0.21,8,0.78937,0.91037,14,4
test_131.png,0.52,19,0.78908,0.90966,10,4
test_131.png,1.04,37,0.7887,0.90962,8,4
test_131.png,2.08,75,0.78865,0.9104,6,4
test_131.png,5.21,188,0.78846,0.91122,5,4
test_131.png,10.42,375,0.78336,0.90648,2,4
test_132.png,0.0,0,0.89328,0.97261,5,43
test_132.png,0.21,8,0.89325,0.9726,4,43
test_132.png,0.52,19,0.8931,0.97247,2,43
test_132.png,1.04,37,0.89291,0.97246,1,43
test_132.png,2.08,75,0.89257,0.9718,0,43
test_132.png,5.21,188,0.89257,0.9718,0,43
test_132.png,10.42,375,0.89163,0.96956,1,43
test_133.png,0.0,0,0.61472,0.7012,44,95
test_133.png,0.21,8,0.61489,0.70274,19,95
test_133.png,0.52,19,0.61523,0.70417,7,95
test_133.png,1.04,37,0.61534,0.70423,4,95
test_133.png,2.08,75,0.6157,0.70479,2,95
test_133.png,5.21,188,0.6157,0.70479,2,95
test_133.png,10.42,375,0.61608,0.70528,1,95
test_134.png,0.0,0,0.8664,0.93536,18,156
test_134.png,0.21,8,0.8664,0.93571,10,156
test_134.png,0.52,19,0.86638,0.93605,7,156
test_134.png,1.04,37,0.86638,0.93605,7,156
test_134.png,2.08,75,0.86778,0.93838,1,156
test_134.png,5.21,188,0.86799,0.93794,0,156
test_134.png,10.42,375,0.86799,0.93794,0,156
test_135.png,0.0,0,0.87597,0.94393,13,193
test_135.png,0.21,8,0.876,0.94458,5,193
test_135.png,0.52,19,0.87612,0.94503,3,193
test_135.png,1.04,37,0.87634,0.94555,1,193
test_135.png,2.08,75,0.87634,0.94555,1,193
test_135.png,5.21,188,0.87634,0.94555,1,193
test_135.png,10.42,375,0.87634,0.94555,1,193
test_136.png,0.0,0,0.3861,0.4093,47,21
test_136.png,0.21,8,0.38598,0.40919,29,21
test_136.png,0.52,19,0.3861,0.40985,25,21
test_136.png,1.04,37,0.38602,0.41015,21,21
test_136.png,2.08,75,0.38623,0.41066,20,21
test_136.png,5.21,188,0.38732,0.41403,12,21
test_136.png,10.42,375,0.38797,0.41453,9,21
test_137.png,0.0,0,0.83911,0.97275,7,34
test_137.png,0.21,8,0.83916,0.97314,0,34
test_137.png,0.52,19,0.83916,0.97314,0,34
test_137.png,1.04,37,0.83909,0.97282,1,34
test_137.png,2.08,75,0.83909,0.97282,1,34
test_137.png,5.21,188,0.83909,0.97282,1,34
test_137.png,10.42,375,0.838,0.97113,2,34
test_138.png,0.0,0,0.89138,0.97923,3,212
test_138.png,0.21,8,0.89135,0.97922,1,212
test_138.png,0.52,19,0.8914,0.97938,0,212
test_138.png,1.04,37,0.8914,0.97938,0,212
test_138.png,2.08,75,0.8914,0.97938,0,212
test_138.png,5.21,188,0.89124,0.97844,1,212
test_138.png,10.42,375,0.89124,0.97844,1,212
test_139.png,0.0,0,0.545,0.51391,79,38
test_139.png,0.21,8,0.54513,0.51471,61,38
test_139.png,0.52,19,0.54521,0.51575,51,38
test_139.png,1.04,37,0.54625,0.51931,40,38
test_139.png,2.08,75,0.54769,0.52315,34,38
test_139.png,5.21,188,0.55435,0.53771,19,38
test_139.png,10.42,375,0.56679,0.55541,10,35
test_140.png,0.0,0,0.83987,0.91629,31,27
test_140.png,0.21,8,0.83979,0.91662,19,27
test_140.png,0.52,19,0.83981,0.91861,11,27
test_140.png,1.04,37,0.83929,0.9178,8,27
test_140.png,2.08,75,0.83918,0.91877,6,27
test_140.png,5.21,188,0.84024,0.91981,4,27
test_140.png,10.42,375,0.84024,0.91981,4,27
test_141.png,0.0,0,0.88931,0.97541,8,223
test_141.png,0.21,8,0.88938,0.97621,1,223
test_141.png,0.52,19,0.88946,0.97719,0,223
test_141.png,1.04,37,0.88946,0.97719,0,223
test_141.png,2.08,75,0.88946,0.97719,0,223
test_141.png,5.21,188,0.88946,0.97719,0,223
test_141.png,10.42,375,0.88946,0.97719,0,223
test_142.png,0.0,0,0.74373,0.80639,72,88
test_142.png,0.21,8,0.74413,0.80977,41,88
test_142.png,0.52,19,0.74486,0.81321,28,88
test_142.png,1.04,37,0.74566,0.81609,21,88
test_142.png,2.08,75,0.74691,0.82029,16,88
test_142.png,5.21,188,0.75161,0.82737,7,88
test_142.png,10.42,375,0.75906,0.83753,2,88
test_143.png,0.0,0,0.87082,0.97,8,22
test_143.png,0.21,8,0.87081,0.97015,4,22
test_143.png,0.52,19,0.87079,0.97061,2,22
test_143.png,1.04,37,0.87079,0.97061,2,22
test_143.png,2.08,75,0.87079,0.97061,2,22
test_143.png,5.21,188,0.87015,0.96913,1,22
test_143.png,10.42,375,0.87015,0.96913,1,22
test_144.png,0.0,0,0.67857,0.66506,73,103
test_144.png,0.21,8,0.67908,0.6677,35,103
test_144.png,0.52,19,0.67961,0.66873,27,103
test_144.png,1.04,37,0.6803,0.67022,22,103
test_144.png,2.08,75,0.68129,0.6717,16,103
test_144.png,5.21,188,0.68491,0.67608,11,103
test_144.png,10.42,375,0.69021,0.6827,5,103
test_145.png,0.0,0,0.79846,0.85722,32,47
test_145.png,0.21,8,0.79859,0.85814,16,47
test_145.png,0.52,19,0.79869,0.85871,12,47
test_145.png,1.04,37,0.79902,0.86028,9,47
test_145.png,2.08,75,0.79939,0.86088,8,47
test_145.png,5.21,188,0.79899,0.86016,5,47
test_145.png,10.42,375,0.799,0.86054,3,47
test_146.png,0.0,0,0.82475,0.92846,18,46
test_146.png,0.21,8,0.82489,0.9293,8,46
test_146.png,0.52,19,0.82505,0.92986,5,46
test_146.png,1.04,37,0.82532,0.93045,3,46
test_146.png,2.08,75,0.82497,0.93004,2,46
test_146.png,5.21,188,0.82497,0.93004,2,46
test_146.png,10.42,375,0.82294,0.92586,0,46
test_147.png,0.0,0,0.32736,0.32426,70,6
test_147.png,0.21,8,0.32696,0.32199,52,6
test_147.png,0.52,19,0.32673,0.32136,44,6
test_147.png,1.04,37,0.32595,0.31998,37,6
test_147.png,2.08,75,0.32595,0.32146,31,6
test_147.png,5.21,188,0.32669,0.32541,22,6
test_147.png,10.42,375,0.32404,0.32916,18,4
test_148.png,0.0,0,0.80604,0.97464,0,109
test_148.png,0.21,8,0.80604,0.97464,0,109
test_148.png,0.52,19,0.80604,0.97464,0,109
test_148.png,1.04,37,0.80604,0.97464,0,109
test_148.png,2.08,75,0.80604,0.97464,0,109
test_148.png,5.21,188,0.80604,0.97464,0,109
test_148.png,10.42,375,0.80604,0.97464,0,109
test_149.png,0.0,0,0.81029,0.86385,33,33
test_149.png,0.21,8,0.81017,0.86389,23,33
test_149.png,0.52,19,0.81019,0.86445,20,33
test_149.png,1.04,37,0.81036,0.86568,15,33
test_149.png,2.08,75,0.81012,0.86608,13,33
test_149.png,5.21,188,0.80847,0.86309,10,33
test_149.png,10.42,375,0.80837,0.8643,9,33
test_150.png,0.0,0,0.74608,0.82266,45,47
test_150.png,0.21,8,0.74628,0.8246,32,47
test_150.png,0.52,19,0.74703,0.82756,23,47
test_150.png,1.04,37,0.74785,0.82917,19,47
test_150.png,2.08,75,0.75006,0.83536,11,47
test_150.png,5.21,188,0.75072,0.83699,6,47
test_150.png,10.42,375,0.75072,0.83699,6,47
test_151.png,0.0,0,0.71184,0.78555,47,100
test_151.png,0.21,8,0.71193,0.78674,27,100
test_151.png,0.52,19,0.71228,0.78905,20,100
test_151.png,1.04,37,0.71303,0.79127,14,100
test_151.png,2.08,75,0.71423,0.7938,9,100
test_151.png,5.21,188,0.7151,0.79581,7,100
test_151.png,10.42,375,0.71858,0.80104,4,100
test_152.png,0.0,0,0.86403,0.97718,3,8
test_152.png,0.21,8,0.86403,0.97718,3,8
test_152.png,0.52,19,0.86399,0.97718,2,8
test_152.png,1.04,37,0.86386,0.97679,1,8
test_152.png,2.08,75,0.86386,0.97679,1,8
test_152.png,5.21,188,0.86386,0.97679,1,8
test_152.png,10.42,375,0.8625,0.97557,0,8
test_153.png,0.0,0,0.6866,0.76408,29,117
test_153.png,0.21,8,0.68671,0.76504,19,117
test_153.png,0.52,19,0.687,0.766,14,117
test_153.png,1.04,37,0.68767,0.76842,8,117
test_153.png,2.08,75,0.68844,0.77036,5,117
test_153.png,5.21,188,0.68956,0.77292,3,117
test_153.png,10.42,375,0.69201,0.77615,1,117
test_154.png,0.0,0,0.82258,0.92398,15,5
test_154.png,0.21,8,0.82267,0.9246,8,5
test_154.png,0.52,19,0.82268,0.925,4,5
test_154.png,1.04,37,0.82286,0.92551,3,5
test_154.png,2.08,75,0.82286,0.92551,3,5
test_154.png,5.21,188,0.82286,0.92517,1,5
test_154.png,10.42,375,0.82286,0.92517,1,5
test_155.png,0.0,0,0.2871,0.26804,67,13
test_155.png,0.21,8,0.28713,0.26824,55,13
test_155.png,0.52,19,0.28699,0.26794,44,13
test_155.png,1.04,37,0.28727,0.26881,39,13
test_155.png,2.08,75,0.28861,0.27231,30,13
test_155.png,5.21,188,0.28929,0.27294,24,13
test_155.png,10.42,375,0.29237,0.27993,20,11
test_156.png,0.0,0,0.86883,0.94775,10,29
test_156.png,0.21,8,0.86883,0.94823,2,29
test_156.png,0.52,19,0.86889,0.94848,1,29
test_156.png,1.04,37,0.86889,0.94848,1,29
test_156.png,2.08,75,0.86889,0.94848,1,29
test_156.png,5.21,188,0.86889,0.94848,1,29
test_156.png,10.42,375,0.86739,0.94615,0,29
test_157.png,0.0,0,0.83261,0.83387,73,102
test_157.png,0.21,8,0.833,0.83788,50,102
test_157.png,0.52,19,0.83391,0.84222,38,102
test_157.png,1.04,37,0.83516,0.84761,31,102
test_157.png,2.08,75,0.83864,0.85622,21,102
test_157.png,5.21,188,0.8495,0.87406,9,102
test_157.png,10.42,375,0.85777,0.88855,4,102
test_158.png,0.0,0,0.89324,0.95999,15,330
test_158.png,0.21,8,0.89327,0.96034,11,330
test_158.png,0.52,19,0.89357,0.96132,7,330
test_158.png,1.04,37,0.89357,0.96132,7,330
test_158.png,2.08,75,0.89514,0.96356,2,330
test_158.png,5.21,188,0.89664,0.96437,0,330
test_158.png,10.42,375,0.89664,0.96437,0,330
test_159.png,0.0,0,0.83763,0.85556,26,69
test_159.png,0.21,8,0.83755,0.85587,18,69
test_159.png,0.52,19,0.83761,0.85625,15,69
test_159.png,1.04,37,0.83704,0.8564,11,69
test_159.png,2.08,75,0.8362,0.85643,8,69
test_159.png,5.21,188,0.8342,0.85634,5,68
test_159.png,10.42,375,0.8342,0.85634,5,68
test_160.png,0.0,0,0.74215,0.84414,37,4
test_160.png,0.21,8,0.742,0.84414,25,4
test_160.png,0.52,19,0.7418,0.84516,18,4
test_160.png,1.04,37,0.74169,0.84599,13,4
test_160.png,2.08,75,0.74168,0.84683,9,4
test_160.png,5.21,188,0.74157,0.84888,5,4
test_160.png,10.42,375,0.74157,0.85132,2,4
test_161.png,0.0,0,0.58446,0.68111,45,82
test_161.png,0.21,8,0.58469,0.68307,19,82
test_161.png,0.52,19,0.58507,0.68522,11,82
test_161.png,1.04,37,0.58548,0.68645,7,82
test_161.png,2.08,75,0.58615,0.68787,2,82
test_161.png,5.21,188,0.5865,0.68856,1,82
test_161.png,10.42,375,0.58556,0.68532,1,82
test_162.png,0.0,0,0.8167,0.8837,36,43
test_162.png,0.21,8,0.81671,0.88447,17,43
test_162.png,0.52,19,0.81664,0.88467,12,43
test_162.png,1.04,37,0.81679,0.88489,11,43
test_162.png,2.08,75,0.81649,0.88462,9,43
test_162.png,5.21,188,0.81578,0.88225,5,43
test_162.png,10.42,375,0.81684,0.88377,4,43
test_163.png,0.0,0,0.84161,0.92414,16,28
test_163.png,0.21,8,0.84165,0.92473,8,28
test_163.png,0.52,19,0.84192,0.92588,3,28
test_163.png,1.04,37,0.84201,0.92622,2,28
test_163.png,2.08,75,0.8416,0.92548,1,28
test_163.png,5.21,188,0.8416,0.92548,1,28
test_163.png,10.42,375,0.8403,0.92269,0,28
test_164.png,0.0,0,0.75896,0.98687,2,2
test_164.png,0.21,8,0.75897,0.98706,1,2
test_164.png,0.52,19,0.75897,0.98706,1,2
test_164.png,1.04,37,0.75897,0.98706,1,2
test_164.png,2.08,75,0.75914,0.98757,0,2
test_164.png,5.21,188,0.75914,0.98757,0,2
test_164.png,10.42,375,0.75914,0.98757,0,2
test_165.png,0.0,0,0.7931,0.97749,10,18
test_165.png,0.21,8,0.7932,0.97812,2,18
test_165.png,0.52,19,0.79328,0.97834,0,18
test_165.png,1.04,37,0.79328,0.97834,0,18
test_165.png,2.08,75,0.79328,0.97834,0,18
test_165.png,5.21,188,0.79328,0.97834,0,18
test_165.png,10.42,375,0.79328,0.97834,0,18
test_166.png,0.0,0,0.89854,0.98534,2,4
test_166.png,0.21,8,0.89857,0.98541,1,4
test_166.png,0.52,19,0.89857,0.98541,1,4
test_166.png,1.04,37,0.89857,0.98541,1,4
test_166.png,2.08,75,0.89825,0.98456,0,4
test_166.png,5.21,188,0.89825,0.98456,0,4
test_166.png,10.42,375,0.89825,0.98456,0,4
test_167.png,0.0,0,0.81383,0.96353,3,7
test_167.png,0.21,8,0.81384,0.96368,1,7
test_167.png,0.52,19,0.81384,0.96368,1,7
test_167.png,1.04,37,0.81384,0.96368,1,7
test_167.png,2.08,75,0.81348,0.96327,0,7
test_167.png,5.21,188,0.81348,0.96327,0,7
test_167.png,10.42,375,0.81348,0.96327,0,7
test_168.png,0.0,0,0.80921,0.85976,44,72
test_168.png,0.21,8,0.80953,0.86213,25,72
test_168.png,0.52,19,0.80991,0.86386,19,72
test_168.png,1.04,37,0.81025,0.86574,15,72
test_168.png,2.08,75,0.81099,0.8696,10,72
test_168.png,5.21,188,0.815,0.87785,4,72
test_168.png,10.42,375,0.81248,0.87451,2,72
test_169.png,0.0,0,0.76173,0.84115,28,40
test_169.png,0.21,8,0.76177,0.842,20,40
test_169.png,0.52,19,0.76186,0.84304,16,40
test_169.png,1.04,37,0.76202,0.8438,12,40
test_169.png,2.08,75,0.76252,0.84599,5,40
test_169.png,5.21,188,0.76152,0.84354,0,40
test_169.png,10.42,375,0.76232,0.84447,1,40
test_170.png,0.0,0,0.85713,0.92807,34,34
test_170.png,0.21,8,0.85732,0.92962,13,34
test_170.png,0.52,19,0.85741,0.93035,10,34
test_170.png,1.04,37,0.85751,0.93084,9,34
test_170.png,2.08,75,0.85863,0.93396,4,34
test_170.png,5.21,188,0.85828,0.93411,2,34
test_170.png,10.42,375,0.85665,0.93109,1,34
test_171.png,0.0,0,0.66973,0.70012,57,36
test_171.png,0.21,8,0.66969,0.70124,41,36
test_171.png,0.52,19,0.66978,0.70218,34,36
test_171.png,1.04,37,0.66987,0.70346,26,36
test_171.png,2.08,75,0.67004,0.70592,21,36
test_171.png,5.21,188,0.66908,0.70796,14,36
test_171.png,10.42,375,0.66619,0.70768,11,34
test_172.png,0.0,0,0.66897,0.68623,82,31
test_172.png,0.21,8,0.66893,0.68728,53,31
test_172.png,0.52,19,0.66894,0.68805,47,31
test_172.png,1.04,37,0.66969,0.69069,42,31
test_172.png,2.08,75,0.66998,0.69398,31,31
test_172.png,5.21,188,0.66923,0.69868,23,30
test_172.png,10.42,375,0.6573,0.68817,16,29
test_173.png,0.0,0,0.89134,0.97192,12,0
test_173.png,0.21,8,0.89134,0.97217,8,0
test_173.png,0.52,19,0.89143,0.97322,5,0
test_173.png,1.04,37,0.89142,0.974,2,0
test_173.png,2.08,75,0.89142,0.974,2,0
test_173.png,5.21,188,0.89142,0.974,2,0
test_173.png,10.42,375,0.8897,0.97223,1,0
test_174.png,0.0,0,0.33687,0.34546,167,4
test_174.png,0.21,8,0.3365,0.34552,119,4
test_174.png,0.52,19,0.33556,0.3441,100,4
test_174.png,1.04,37,0.33584,0.3457,89,4
test_174.png,2.08,75,0.33242,0.3448,70,4
test_174.png,5.21,188,0.32604,0.34213,50,5
test_174.png,10.42,375,0.30783,0.32615,35,5
test_175.png,0.0,0,0.71596,0.85867,25,6
test_175.png,0.21,8,0.71609,0.85943,16,6
test_175.png,0.52,19,0.71635,0.86051,9,6
test_175.png,1.04,37,0.71679,0.86173,5,6
test_175.png,2.08,75,0.71755,0.86301,2,6
test_175.png,5.21,188,0.71881,0.86621,0,6
test_175.png,10.42,375,0.71881,0.86621,0,6
test_176.png,0.0,0,0.71647,0.86342,37,5
test_176.png,0.21,8,0.71661,0.86439,26,5
test_176.png,0.52,19,0.71735,0.86768,15,5
test_176.png,1.04,37,0.71789,0.86907,9,5
test_176.png,2.08,75,0.71831,0.87005,7,5
test_176.png,5.21,188,0.72286,0.8795,1,5
test_176.png,10.42,375,0.72395,0.88109,0,5
test_177.png,0.0,0,0.56002,0.8023,13,11
test_177.png,0.21,8,0.56004,0.80264,2,11
test_177.png,0.52,19,0.56004,0.80264,2,11
test_177.png,1.04,37,0.5601,0.80286,1,11
test_177.png,2.08,75,0.5601,0.80286,1,11
test_177.png,5.21,188,0.56036,0.80341,0,11
test_177.png,10.42,375,0.56036,0.80341,0,11
test_178.png,0.0,0,0.76976,0.86037,26,10
test_178.png,0.21,8,0.76972,0.86072,20,10
test_178.png,0.52,19,0.76943,0.86062,18,10
test_178.png,1.04,37,0.76965,0.86167,16,10
test_178.png,2.08,75,0.76978,0.8638,13,10
test_178.png,5.21,188,0.767,0.8614,11,10
test_178.png,10.42,375,0.76156,0.8555,8,10
test_179.png,0.0,0,0.58961,0.85065,21,1
test_179.png,0.21,8,0.58963,0.85118,11,1
test_179.png,0.52,19,0.58964,0.85158,6,1
test_179.png,1.04,37,0.59005,0.85272,2,1
test_179.png,2.08,75,0.5903,0.85301,1,1
test_179.png,5.21,188,0.5903,0.85301,1,1
test_179.png,10.42,375,0.5903,0.85301,1,1
test_180.png,0.0,0,0.55372,0.79823,18,3
test_180.png,0.21,8,0.55378,0.79897,7,3
test_180.png,0.52,19,0.55378,0.79897,7,3
test_180.png,1.04,37,0.55405,0.79952,4,3
test_180.png,2.08,75,0.55405,0.79952,4,3
test_180.png,5.21,188,0.55472,0.80081,0,3
test_180.png,10.42,375,0.55472,0.80081,0,3
test_181.png,0.0,0,0.61618,0.86516,27,16
test_181.png,0.21,8,0.61625,0.8658,19,16
test_181.png,0.52,19,0.61657,0.86707,11,16
test_181.png,1.04,37,0.61701,0.8682,7,16
test_181.png,2.08,75,0.61689,0.8674,5,16
test_181.png,5.21,188,0.61681,0.86734,1,16
test_181.png,10.42,375,0.61681,0.86734,1,16
test_182.png,0.0,0,0.76985,0.93356,3,9
test_182.png,0.21,8,0.76984,0.93355,2,9
test_182.png,0.52,19,0.76977,0.93344,1,9
test_182.png,1.04,37,0.76959,0.93336,0,9
test_182.png,2.08,75,0.76959,0.93336,0,9
test_182.png,5.21,188,0.76959,0.93336,0,9
test_182.png,10.42,375,0.76959,0.93336,0,9
test_183.png,0.0,0,0.61144,0.62585,82,18
test_183.png,0.21,8,0.61106,0.62547,56,18
test_183.png,0.52,19,0.61052,0.62575,44,18
test_183.png,1.04,37,0.61057,0.62625,42,18
test_183.png,2.08,75,0.61107,0.63223,29,18
test_183.png,5.21,188,0.60799,0.63388,18,18
test_183.png,10.42,375,0.60308,0.63615,13,17
test_184.png,0.0,0,0.60263,0.72141,88,124
test_184.png,0.21,8,0.60249,0.72193,31,124
test_184.png,0.52,19,0.60235,0.72193,16,124
test_184.png,1.04,37,0.60237,0.7222,8,124
test_184.png,2.08,75,0.60255,0.72243,7,124
test_184.png,5.21,188,0.60071,0.71965,3,124
test_184.png,10.42,375,0.59953,0.71768,2,124
test_185.png,0.0,0,0.89305,0.9666,10,0
test_185.png,0.21,8,0.89293,0.96684,1,0
test_185.png,0.52,19,0.89293,0.96684,1,0
test_185.png,1.04,37,0.89293,0.96684,1,0
test_185.png,2.08,75,0.89293,0.96684,1,0
test_185.png,5.21,188,0.89293,0.96684,1,0
test_185.png,10.42,375,0.89297,0.96525,0,0
test_186.png,0.0,0,0.57155,0.60491,95,38
test_186.png,0.21,8,0.57135,0.6058,64,38
test_186.png,0.52,19,0.57121,0.60652,56,38
test_186.png,1.04,37,0.57082,0.60659,45,37
test_186.png,2.08,75,0.57121,0.61042,34,37
test_186.png,5.21,188,0.57122,0.61384,25,37
test_186.png,10.42,375,0.55939,0.60267,14,37
test_187.png,0.0,0,0.65943,0.71385,75,21
test_187.png,0.21,8,0.65944,0.71538,52,21
test_187.png,0.52,19,0.65938,0.71613,45,21
test_187.png,1.04,37,0.66025,0.71955,37,21
test_187.png,2.08,75,0.65909,0.71965,30,21
test_187.png,5.21,188,0.65953,0.72126,24,21
test_187.png,10.42,375,0.64792,0.71189,17,21
test_188.png,0.0,0,0.50123,0.58516,99,5
test_188.png,0.21,8,0.50145,0.58757,63,5
test_188.png,0.52,19,0.50163,0.58811,48,5
test_188.png,1.04,37,0.5021,0.5894,43,5
test_188.png,2.08,75,0.50244,0.59065,32,5
test_188.png,5.21,188,0.50201,0.59055,23,5
test_188.png,10.42,375,0.50058,0.58775,18,5
test_189.png,0.0,0,0.56833,0.79394,19,34
test_189.png,0.21,8,0.56835,0.79422,12,34
test_189.png,0.52,19,0.56859,0.79549,6,34
test_189.png,1.04,37,0.56886,0.7965,3,34
test_189.png,2.08,75,0.56942,0.79823,0,34
test_189.png,5.21,188,0.56942,0.79823,0,34
test_189.png,10.42,375,0.56942,0.79823,0,34
test_190.png,0.0,0,0.69227,0.74577,51,2
test_190.png,0.21,8,0.69219,0.74647,36,2
test_190.png,0.52,19,0.69213,0.74673,34,2
test_190.png,1.04,37,0.69234,0.74899,28,2
test_190.png,2.08,75,0.69198,0.75126,24,2
test_190.png,5.21,188,0.68856,0.75156,19,2
test_190.png,10.42,375,0.68461,0.75237,14,2
test_191.png,0.0,0,0.59796,0.8487,26,15
test_191.png,0.21,8,0.59805,0.8495,17,15
test_191.png,0.52,19,0.59817,0.85031,11,15
test_191.png,1.04,37,0.59898,0.85352,3,15
test_191.png,2.08,75,0.59939,0.85396,1,15
test_191.png,5.21,188,0.59975,0.85459,0,15
test_191.png,10.42,375,0.59975,0.85459,0,15
test_192.png,0.0,0,0.59197,0.80522,22,33
test_192.png,0.21,8,0.59206,0.80628,10,33
test_192.png,0.52,19,0.59218,0.80726,7,33
test_192.png,1.04,37,0.59261,0.80897,2,33
test_192.png,2.08,75,0.59303,0.80983,0,33
test_192.png,5.21,188,0.59303,0.80983,0,33
test_192.png,10.42,375,0.59303,0.80983,0,33
test_193.png,0.0,0,0.64926,0.66785,54,62
test_193.png,0.21,8,0.64935,0.66863,37,62
test_193.png,0.52,19,0.64974,0.67025,27,62
test_193.png,1.04,37,0.65091,0.67332,16,62
test_193.png,2.08,75,0.65231,0.67656,9,62
test_193.png,5.21,188,0.65643,0.68388,1,62
test_193.png,10.42,375,0.65728,0.68546,0,62
test_194.png,0.0,0,0.84915,0.95594,10,2
test_194.png,0.21,8,0.84909,0.95612,4,2
test_194.png,0.52,19,0.84895,0.95608,3,2
test_194.png,1.04,37,0.84888,0.95617,2,2
test_194.png,2.08,75,0.84861,0.95608,1,2
test_194.png,5.21,188,0.84861,0.95608,1,2
test_194.png,10.42,375,0.84861,0.95608,1,2
test_195.png,0.0,0,0.66573,0.70757,102,14
test_195.png,0.21,8,0.66521,0.70783,66,14
test_195.png,0.52,19,0.66443,0.70777,53,14
test_195.png,1.04,37,0.66414,0.70846,47,14
test_195.png,2.08,75,0.663,0.70933,37,14
test_195.png,5.21,188,0.65822,0.70741,27,14
test_195.png,10.42,375,0.65613,0.70579,23,14
test_196.png,0.0,0,0.84242,0.927,24,4
test_196.png,0.21,8,0.8424,0.92722,19,4
test_196.png,0.52,19,0.8422,0.92734,16,4
test_196.png,1.04,37,0.84203,0.92832,13,4
test_196.png,2.08,75,0.84203,0.92832,13,4
test_196.png,5.21,188,0.84022,0.92731,11,4
test_196.png,10.42,375,0.83419,0.92199,7,4
test_197.png,0.0,0,0.76041,0.79727,53,26
test_197.png,0.21,8,0.76035,0.79831,31,26
test_197.png,0.52,19,0.76054,0.79918,29,26
test_197.png,1.04,37,0.76112,0.80236,24,26
test_197.png,2.08,75,0.76072,0.80289,21,26
test_197.png,5.21,188,0.75985,0.80841,14,26
test_197.png,10.42,375,0.75109,0.79998,10,23
test_198.png,0.0,0,0.44906,0.44631,126,19
test_198.png,0.21,8,0.449,0.44711,92,19
test_198.png,0.52,19,0.44887,0.44933,77,19
test_198.png,1.04,37,0.44945,0.45205,63,19
test_198.png,2.08,75,0.44756,0.45184,50,19
test_198.png,5.21,188,0.4436,0.45283,34,18
test_198.png,10.42,375,0.42017,0.43182,21,17
test_199.png,0.0,0,0.85479,0.93234,14,11
test_199.png,0.21,8,0.85478,0.93262,5,11
test_199.png,0.52,19,0.85478,0.93262,5,11
test_199.png,1.04,37,0.85453,0.93224,4,11
test_199.png,2.08,75,0.85453,0.93224,4,11
test_199.png,5.21,188,0.85051,0.92727,0,11
test_199.png,10.42,375,0.85051,0.92727,0,11
test_200.png,0.0,0,0.44908,0.53782,132,3
test_200.png,0.21,8,0.44943,0.54099,79,3
test_200.png,0.52,19,0.44974,0.54318,63,3
test_200.png,1.04,37,0.45041,0.54605,51,3
test_200.png,2.08,75,0.44935,0.54495,39,3
test_200.png,5.21,188,0.44609,0.54036,28,3
test_200.png,10.42,375,0.43936,0.53339,18,4
test_201.png,0.0,0,0.60137,0.79896,23,40
test_201.png,0.21,8,0.60148,0.79965,12,40
test_201.png,0.52,19,0.60173,0.80066,6,40
test_201.png,1.04,37,0.60185,0.80101,5,40
test_201.png,2.08,75,0.60201,0.80131,4,40
test_201.png,5.21,188,0.60289,0.80267,1,40
test_201.png,10.42,375,0.60289,0.80267,1,40
test_202.png,0.0,0,0.71937,0.79514,48,12
test_202.png,0.21,8,0.71943,0.79658,32,12
test_202.png,0.52,19,0.71967,0.79803,24,12
test_202.png,1.04,37,0.71894,0.79754,19,12
test_202.png,2.08,75,0.71979,0.80145,14,12
test_202.png,5.21,188,0.71873,0.8019,11,12
test_202.png,10.42,375,0.71376,0.79809,9,11
test_203.png,0.0,0,0.63188,0.87568,19,7
test_203.png,0.21,8,0.632,0.87669,8,7
test_203.png,0.52,19,0.63212,0.87717,5,7
test_203.png,1.04,37,0.63221,0.87742,4,7
test_203.png,2.08,75,0.63285,0.87936,1,7
test_203.png,5.21,188,0.6332,0.87997,0,7
test_203.png,10.42,375,0.6332,0.87997,0,7
test_204.png,0.0,0,0.60658,0.82355,26,13
test_204.png,0.21,8,0.60668,0.82434,13,13
test_204.png,0.52,19,0.6067,0.82485,7,13
test_204.png,1.04,37,0.60704,0.82571,4,13
test_204.png,2.08,75,0.60752,0.82735,1,13
test_204.png,5.21,188,0.60781,0.82817,0,12
test_204.png,10.42,375,0.60781,0.82817,0,12
test_205.png,0.0,0,0.86146,0.94943,15,6
test_205.png,0.21,8,0.86147,0.94961,13,6
test_205.png,0.52,19,0.86143,0.9497,9,6
test_205.png,1.04,37,0.86151,0.95092,6,6
test_205.png,2.08,75,0.86096,0.94996,5,6
test_205.png,5.21,188,0.86096,0.94996,5,6
test_205.png,10.42,375,0.85947,0.9504,3,6
test_206.png,0.0,0,0.78983,0.94774,17,18
test_206.png,0.21,8,0.78978,0.94788,7,18
test_206.png,0.52,19,0.78993,0.94843,4,18
test_206.png,1.04,37,0.79004,0.94855,2,18
test_206.png,2.08,75,0.79025,0.94901,1,18
test_206.png,5.21,188,0.79064,0.94956,0,18
test_206.png,10.42,375,0.79064,0.94956,0,18
test_207.png,0.0,0,0.6786,0.72117,69,32
test_207.png,0.21,8,0.67838,0.72175,35,32
test_207.png,0.52,19,0.67842,0.72339,28,32
test_207.png,1.04,37,0.6781,0.72298,24,32
test_207.png,2.08,75,0.67854,0.72504,18,32
test_207.png,5.21,188,0.67859,0.72318,12,32
test_207.png,10.42,375,0.67262,0.71742,6,30
test_208.png,0.0,0,0.74439,0.8011,28,34
test_208.png,0.21,8,0.74441,0.80173,21,34
test_208.png,0.52,19,0.74468,0.80299,15,34
test_208.png,1.04,37,0.74567,0.80607,9,34
test_208.png,2.08,75,0.74621,0.80769,6,34
test_208.png,5.21,188,0.7483,0.81329,2,33
test_208.png,10.42,375,0.74869,0.81579,1,33
test_209.png,0.0,0,0.69574,0.65986,59,64
test_209.png,0.21,8,0.6959,0.6611,35,64
test_209.png,0.52,19,0.69576,0.66181,22,64
test_209.png,1.04,37,0.69586,0.66261,14,64
test_209.png,2.08,75,0.69643,0.66427,9,64
test_209.png,5.21,188,0.69821,0.66648,4,64
test_209.png,10.42,375,0.70138,0.67083,1,62
test_210.png,0.0,0,0.66953,0.85997,24,20
test_210.png,0.21,8,0.66964,0.86093,9,20
test_210.png,0.52,19,0.66961,0.86116,6,20
test_210.png,1.04,37,0.66984,0.8618,4,20
test_210.png,2.08,75,0.66984,0.8618,4,20
test_210.png,5.21,188,0.67015,0.86258,1,20
test_210.png,10.42,375,0.67015,0.86258,1,20
test_211.png,0.0,0,0.86414,0.95912,11,1
test_211.png,0.21,8,0.86414,0.95912,10,1
test_211.png,0.52,19,0.86414,0.95912,10,1
test_211.png,1.04,37,0.86404,0.95919,9,1
test_211.png,2.08,75,0.86404,0.95919,9,1
test_211.png,5.21,188,0.86319,0.95875,8,1
test_211.png,10.42,375,0.86133,0.95732,7,2
test_212.png,0.0,0,0.5868,0.80089,17,33
test_212.png,0.21,8,0.58688,0.8014,9,33
test_212.png,0.52,19,0.58694,0.80175,7,33
test_212.png,1.04,37,0.58714,0.8023,5,33
test_212.png,2.08,75,0.58723,0.80215,3,33
test_212.png,5.21,188,0.58833,0.80596,0,33
test_212.png,10.42,375,0.58833,0.80596,0,33
test_213.png,0.0,0,0.63417,0.68565,40,10
test_213.png,0.21,8,0.63416,0.68611,27,10
test_213.png,0.52,19,0.63406,0.68645,22,10
test_213.png,1.04,37,0.63386,0.687,19,10
test_213.png,2.08,75,0.63307,0.68797,14,10
test_213.png,5.21,188,0.62999,0.68628,10,10
test_213.png,10.42,375,0.6288,0.67976,8,9
test_214.png,0.0,0,0.6309,0.83709,32,12
test_214.png,0.21,8,0.63104,0.83808,19,12
test_214.png,0.52,19,0.63137,0.83977,11,12
test_214.png,1.04,37,0.63208,0.84247,5,12
test_214.png,2.08,75,0.63208,0.84247,5,12
test_214.png,5.21,188,0.63327,0.84446,2,12
test_214.png,10.42,375,0.63413,0.8458,1,12
test_215.png,0.0,0,0.61838,0.84006,32,39
test_215.png,0.21,8,0.61851,0.84115,17,39
test_215.png,0.52,19,0.61881,0.84229,10,39
test_215.png,1.04,37,0.61922,0.84318,5,39
test_215.png,2.08,75,0.61937,0.84358,4,39
test_215.png,5.21,188,0.62066,0.84527,0,39
test_215.png,10.42,375,0.62066,0.84527,0,39
test_216.png,0.0,0,0.64065,0.71739,49,38
test_216.png,0.21,8,0.64068,0.71824,30,38
test_216.png,0.52,19,0.64094,0.71899,22,38
test_216.png,1.04,37,0.64154,0.72048,17,38
test_216.png,2.08,75,0.64251,0.72264,13,38
test_216.png,5.21,188,0.6455,0.72781,7,38
test_216.png,10.42,375,0.64678,0.72972,2,38
test_217.png,0.0,0,0.77534,0.97014,14,8
test_217.png,0.21,8,0.77547,0.97081,6,8
test_217.png,0.52,19,0.77558,0.97098,4,8
test_217.png,1.04,37,0.77576,0.9711,3,8
test_217.png,2.08,75,0.77632,0.97198,1,8
test_217.png,5.21,188,0.77541,0.97042,0,8
test_217.png,10.42,375,0.77541,0.97042,0,8
test_218.png,0.0,0,0.69112,0.72924,71,41
test_218.png,0.21,8,0.6907,0.72934,44,41
test_218.png,0.52,19,0.6903,0.72858,35,41
test_218.png,1.04,37,0.68968,0.73005,24,41
test_218.png,2.08,75,0.6887,0.73056,20,41
test_218.png,5.21,188,0.68568,0.72876,15,40
test_218.png,10.42,375,0.67879,0.72176,12,40
test_219.png,0.0,0,0.53473,0.47724,59,11
test_219.png,0.21,8,0.53478,0.47752,45,11
test_219.png,0.52,19,0.53488,0.47784,38,11
test_219.png,1.04,37,0.53516,0.47952,27,11
test_219.png,2.08,75,0.53593,0.48247,16,11
test_219.png,5.21,188,0.53398,0.48324,11,11
test_219.png,10.42,375,0.53437,0.48599,8,10
test_220.png,0.0,0,0.56592,0.48336,83,52
test_220.png,0.21,8,0.56587,0.48381,48,52
test_220.png,0.52,19,0.56609,0.48433,38,52
test_220.png,1.04,37,0.56629,0.48425,30,52
test_220.png,2.08,75,0.56739,0.48519,21,52
test_220.png,5.21,188,0.5695,0.4874,13,52
test_220.png,10.42,375,0.56994,0.48958,10,52
test_221.png,0.0,0,0.41705,0.44931,195,1
test_221.png,0.21,8,0.41639,0.44962,113,1
test_221.png,0.52,19,0.41551,0.45031,87,1
test_221.png,1.04,37,0.41511,0.45053,74,1
test_221.png,2.08,75,0.41254,0.44937,60,1
test_221.png,5.21,188,0.4086,0.44738,40,1
test_221.png,10.42,375,0.39447,0.43685,23,5
test_222.png,0.0,0,0.44554,0.40353,72,39
test_222.png,0.21,8,0.44577,0.40519,46,39
test_222.png,0.52,19,0.44612,0.40626,37,39
test_222.png,1.04,37,0.4469,0.40836,31,39
test_222.png,2.08,75,0.44822,0.41036,26,39
test_222.png,5.21,188,0.45075,0.41408,22,39
test_222.png,10.42,375,0.45746,0.42227,15,38
test_223.png,0.0,0,0.7775,0.77267,44,82
test_223.png,0.21,8,0.77766,0.77417,33,82
test_223.png,0.52,19,0.77748,0.77582,24,82
test_223.png,1.04,37,0.77797,0.77929,18,82
test_223.png,2.08,75,0.77778,0.78397,12,82
test_223.png,5.21,188,0.78024,0.79251,6,82
test_223.png,10.42,375,0.78024,0.79251,6,82
test_224.png,0.0,0,0.75692,0.74533,42,75
test_224.png,0.21,8,0.75703,0.74699,30,75
test_224.png,0.52,19,0.757,0.74876,24,75
test_224.png,1.04,37,0.75775,0.75134,20,75
test_224.png,2.08,75,0.75852,0.75432,16,75
test_224.png,5.21,188,0.75631,0.75528,12,75
test_224.png,10.42,375,0.76425,0.77128,7,75
test_225.png,0.0,0,0.18905,0.13526,111,65
test_225.png,0.21,8,0.18914,0.13572,62,65
test_225.png,0.52,19,0.18909,0.13598,42,65
test_225.png,1.04,37,0.18923,0.13624,38,65
test_225.png,2.08,75,0.18893,0.13465,28,65
test_225.png,5.21,188,0.19037,0.13619,14,65
test_225.png,10.42,375,0.19203,0.13756,9,65
test_226.png,0.0,0,0.23839,0.17999,104,22
test_226.png,0.21,8,0.23814,0.17962,78,22
test_226.png,0.52,19,0.23782,0.17976,62,22
test_226.png,1.04,37,0.23765,0.18068,47,22
test_226.png,2.08,75,0.23531,0.17885,36,22
test_226.png,5.21,188,0.22705,0.17092,27,22
test_226.png,10.42,375,0.22131,0.17098,19,22
test_227.png,0.0,0,0.70635,0.78499,5,71
test_227.png,0.21,8,0.70623,0.78454,3,71
test_227.png,0.52,19,0.7063,0.78482,2,71
test_227.png,1.04,37,0.7063,0.78482,2,71
test_227.png,2.08,75,0.70553,0.78586,0,71
test_227.png,5.21,188,0.70553,0.78586,0,71
test_227.png,10.42,375,0.70553,0.78586,0,71
test_228.png,0.0,0,0.73587,0.78882,22,61
test_228.png,0.21,8,0.73594,0.78958,15,61
test_228.png,0.52,19,0.7362,0.79069,11,61
test_228.png,1.04,37,0.7364,0.79077,10,61
test_228.png,2.08,75,0.73664,0.79164,9,61
test_228.png,5.21,188,0.73885,0.79677,6,61
test_228.png,10.42,375,0.73719,0.79473,4,61
test_229.png,0.0,0,0.82583,0.88831,14,4
test_229.png,0.21,8,0.82584,0.88877,11,4
test_229.png,0.52,19,0.82577,0.88962,9,4
test_229.png,1.04,37,0.82646,0.89259,6,4
test_229.png,2.08,75,0.82732,0.89616,4,4
test_229.png,5.21,188,0.82886,0.90442,1,4
test_229.png,10.42,375,0.82563,0.90121,0,4
test_230.png,0.0,0,0.15417,0.12667,107,25
test_230.png,0.21,8,0.15411,0.12676,84,25
test_230.png,0.52,19,0.15411,0.127,74,25
test_230.png,1.04,37,0.1541,0.12739,62,25
test_230.png,2.08,75,0.15208,0.12531,52,24
test_230.png,5.21,188,0.14926,0.12281,37,24
test_230.png,10.42,375,0.13905,0.1143,27,23
test_231.png,0.0,0,0.73317,0.76772,16,47
test_231.png,0.21,8,0.73334,0.76925,4,47
test_231.png,0.52,19,0.73329,0.76972,2,47
test_231.png,1.04,37,0.73329,0.76972,2,47
test_231.png,2.08,75,0.73281,0.76944,1,47
test_231.png,5.21,188,0.73281,0.76944,1,47
test_231.png,10.42,375,0.73281,0.76944,1,47
test_232.png,0.0,0,0.53216,0.57417,32,56
test_232.png,0.21,8,0.532,0.57394,20,56
test_232.png,0.52,19,0.53168,0.57278,16,56
test_232.png,1.04,37,0.53045,0.5723,10,56
test_232.png,2.08,75,0.53024,0.5732,7,56
test_232.png,5.21,188,0.5283,0.57197,4,56
test_232.png,10.42,375,0.52518,0.55969,3,56
test_233.png,0.0,0,0.80181,0.75664,46,61
test_233.png,0.21,8,0.80197,0.75829,32,61
test_233.png,0.52,19,0.80236,0.75989,26,61
test_233.png,1.04,37,0.80293,0.76128,21,61
test_233.png,2.08,75,0.80466,0.76545,13,61
test_233.png,5.21,188,0.80526,0.7683,11,61
test_233.png,10.42,375,0.80336,0.76803,10,61
test_234.png,0.0,0,0.6687,0.62142,57,22
test_234.png,0.21,8,0.66866,0.62204,44,22
test_234.png,0.52,19,0.6686,0.62389,29,22
test_234.png,1.04,37,0.66849,0.61988,20,22
test_234.png,2.08,75,0.67007,0.62315,15,22
test_234.png,5.21,188,0.67138,0.62863,9,22
test_234.png,10.42,375,0.66979,0.63167,7,22
test_235.png,0.0,0,0.64114,0.8708,6,6
test_235.png,0.21,8,0.64115,0.87103,2,6
test_235.png,0.52,19,0.64121,0.87147,1,6
test_235.png,1.04,37,0.64121,0.87147,1,6
test_235.png,2.08,75,0.64121,0.87147,1,6
test_235.png,5.21,188,0.64121,0.87147,1,6
test_235.png,10.42,375,0.64255,0.87503,0,6
test_236.png,0.0,0,0.51697,0.5091,70,50
test_236.png,0.21,8,0.51661,0.50854,49,50
test_236.png,0.52,19,0.51569,0.50599,40,50
test_236.png,1.04,37,0.51301,0.50433,26,50
test_236.png,2.08,75,0.51075,0.49678,19,50
test_236.png,5.21,188,0.50987,0.49195,15,50
test_236.png,10.42,375,0.5044,0.48596,11,50
test_237.png,0.0,0,0.80133,0.89164,12,536
test_237.png,0.21,8,0.80137,0.89198,6,536
test_237.png,0.52,19,0.80145,0.89241,4,536
test_237.png,1.04,37,0.80156,0.89343,3,536
test_237.png,2.08,75,0.8017,0.89377,2,536
test_237.png,5.21,188,0.80201,0.89455,1,536
test_237.png,10.42,375,0.80201,0.89455,1,536
test_238.png,0.0,0,0.70865,0.75108,44,13
test_238.png,0.21,8,0.70878,0.75219,33,13
test_238.png,0.52,19,0.70893,0.75414,23,13
test_238.png,1.04,37,0.70961,0.75623,19,13
test_238.png,2.08,75,0.7106,0.76113,13,13
test_238.png,5.21,188,0.71049,0.76759,8,13
test_238.png,10.42,375,0.71021,0.76983,7,13
test_239.png,0.0,0,0.22307,0.24652,75,62
test_239.png,0.21,8,0.22292,0.24649,44,62
test_239.png,0.52,19,0.22257,0.24589,35,62
test_239.png,1.04,37,0.22245,0.24569,28,62
test_239.png,2.08,75,0.22162,0.24471,20,62
test_239.png,5.21,188,0.22232,0.24552,17,62
test_239.png,10.42,375,0.22305,0.24802,11,61
test_240.png,0.0,0,0.40288,0.32658,111,58
test_240.png,0.21,8,0.40293,0.32709,75,58
test_240.png,0.52,19,0.40276,0.32677,56,58
test_240.png,1.04,37,0.40262,0.3274,43,58
test_240.png,2.08,75,0.40108,0.32497,31,58
test_240.png,5.21,188,0.39862,0.32469,22,58
test_240.png,10.42,375,0.39333,0.31909,14,55
test_241.png,0.0,0,0.57544,0.62509,63,35
test_241.png,0.21,8,0.57537,0.62581,42,35
test_241.png,0.52,19,0.57557,0.6265,35,35
test_241.png,1.04,37,0.57584,0.62744,31,35
test_241.png,2.08,75,0.57724,0.63044,25,35
test_241.png,5.21,188,0.57887,0.63311,17,35
test_241.png,10.42,375,0.57432,0.62935,11,35
test_242.png,0.0,0,0.6017,0.63974,132,2
test_242.png,0.21,8,0.6016,0.64092,84,2
test_242.png,0.52,19,0.60174,0.6427,59,2
test_242.png,1.04,37,0.60168,0.64375,48,2
test_242.png,2.08,75,0.60081,0.64414,35,4
test_242.png,5.21,188,0.60189,0.64755,21,4
test_242.png,10.42,375,0.5963,0.64082,12,6
test_243.png,0.0,0,0.8828,0.9852,4,7
test_243.png,0.21,8,0.88283,0.98549,2,7
test_243.png,0.52,19,0.88283,0.98549,2,7
test_243.png,1.04,37,0.88283,0.98549,2,7
test_243.png,2.08,75,0.88312,0.98625,1,7
test_243.png,5.21,188,0.88372,0.9873,0,7
test_243.png,10.42,375,0.88372,0.9873,0,7
test_244.png,0.0,0,0.5892,0.53898,73,70
test_244.png,0.21,8,0.58943,0.54074,53,70
test_244.png,0.52,19,0.58987,0.54264,47,70
test_244.png,1.04,37,0.58966,0.54356,42,70
test_244.png,2.08,75,0.59149,0.54907,31,70
test_244.png,5.21,188,0.59241,0.55469,21,70
test_244.png,10.42,375,0.5994,0.56719,15,70
test_245.png,0.0,0,0.7236,0.71543,53,24
test_245.png,0.21,8,0.72352,0.71688,37,24
test_245.png,0.52,19,0.7235,0.71712,33,24
test_245.png,1.04,37,0.72396,0.71968,26,24
test_245.png,2.08,75,0.72312,0.72071,23,24
test_245.png,5.21,188,0.72649,0.73002,16,23
test_245.png,10.42,375,0.72064,0.72481,12,23
test_246.png,0.0,0,0.14485,0.10269,135,94
test_246.png,0.21,8,0.14497,0.10329,80,94
test_246.png,0.52,19,0.14516,0.10377,54,94
test_246.png,1.04,37,0.14543,0.10442,44,94
test_246.png,2.08,75,0.14551,0.10417,31,93
test_246.png,5.21,188,0.1476,0.10661,15,93
test_246.png,10.42,375,0.14965,0.10926,7,93
test_247.png,0.0,0,0.73812,0.75258,37,22
test_247.png,0.21,8,0.73805,0.75289,28,22
test_247.png,0.52,19,0.7382,0.75526,23,22
test_247.png,1.04,37,0.73815,0.7574,18,22
test_247.png,2.08,75,0.73673,0.75704,16,22
test_247.png,5.21,188,0.73728,0.76538,13,22
test_247.png,10.42,375,0.73891,0.77051,12,22
test_248.png,0.0,0,0.88405,0.93648,2,125
test_248.png,0.21,8,0.88408,0.93675,0,125
test_248.png,0.52,19,0.88408,0.93675,0,125
test_248.png,1.04,37,0.88408,0.93675,0,125
test_248.png,2.08,75,0.88408,0.93675,0,125
test_248.png,5.21,188,0.88408,0.93675,0,125
test_248.png,10.42,375,0.88408,0.93675,0,125
test_249.png,0.0,0,0.86161,0.88097,24,54
test_249.png,0.21,8,0.86181,0.88311,14,54
test_249.png,0.52,19,0.86218,0.88522,9,54
test_249.png,1.04,37,0.86235,0.88663,8,54
test_249.png,2.08,75,0.86265,0.8876,7,54
test_249.png,5.21,188,0.86265,0.8876,7,54
test_249.png,10.42,375,0.86796,0.89375,4,54
test_250.png,0.0,0,0.88567,0.90006,26,61
test_250.png,0.21,8,0.88597,0.90228,15,61
test_250.png,0.52,19,0.88657,0.90427,9,61
test_250.png,1.04,37,0.88695,0.90614,7,61
test_250.png,2.08,75,0.88736,0.90732,6,61
test_250.png,5.21,188,0.88997,0.91448,4,60
test_250.png,10.42,375,0.88997,0.91448,4,60
test_251.png,0.0,0,0.33622,0.36116,69,15
test_251.png,0.21,8,0.33622,0.36135,40,15
test_251.png,0.52,19,0.33601,0.36099,30,15
test_251.png,1.04,37,0.33548,0.36016,24,15
test_251.png,2.08,75,0.3353,0.36009,21,15
test_251.png,5.21,188,0.33674,0.36339,14,15
test_251.png,10.42,375,0.33688,0.36416,10,15
test_252.png,0.0,0,0.42655,0.54431,57,12
test_252.png,0.21,8,0.42664,0.54518,42,12
test_252.png,0.52,19,0.42689,0.5467,32,12
test_252.png,1.04,37,0.42634,0.54624,25,12
test_252.png,2.08,75,0.42717,0.54889,18,12
test_252.png,5.21,188,0.42278,0.54322,12,12
test_252.png,10.42,375,0.41959,0.53922,10,12
test_253.png,0.0,0,0.8277,0.90732,23,70
test_253.png,0.21,8,0.82787,0.90881,12,70
test_253.png,0.52,19,0.82813,0.90997,5,70
test_253.png,1.04,37,0.82827,0.91086,4,70
test_253.png,2.08,75,0.82851,0.91143,3,70
test_253.png,5.21,188,0.82909,0.91539,2,70
test_253.png,10.42,375,0.83159,0.91899,0,70
test_254.png,0.0,0,0.72294,0.72888,37,101
test_254.png,0.21,8,0.72297,0.72946,25,101
test_254.png,0.52,19,0.72337,0.73173,16,101
test_254.png,1.04,37,0.72335,0.73219,14,101
test_254.png,2.08,75,0.72315,0.73193,12,101
test_254.png,5.21,188,0.72703,0.74119,3,101
test_254.png,10.42,375,0.72703,0.74119,3,101
test_255.png,0.0,0,0.13646,0.09607,137,9
test_255.png,0.21,8,0.13611,0.09544,97,9
test_255.png,0.52,19,0.13514,0.0953,75,9
test_255.png,1.04,37,0.134,0.09524,62,9
test_255.png,2.08,75,0.13258,0.09473,50,9
test_255.png,5.21,188,0.13193,0.09261,38,9
test_255.png,10.42,375,0.12197,0.08984,23,8
test_256.png,0.0,0,0.65241,0.60497,61,34
test_256.png,0.21,8,0.65206,0.60358,40,34
test_256.png,0.52,19,0.65068,0.59887,26,34
test_256.png,1.04,37,0.64973,0.59882,22,34
test_256.png,2.08,75,0.64601,0.59825,12,34
test_256.png,5.21,188,0.64686,0.60022,8,34
test_256.png,10.42,375,0.63954,0.58712,4,34
test_257.png,0.0,0,0.68173,0.70828,47,82
test_257.png,0.21,8,0.68178,0.70903,32,82
test_257.png,0.52,19,0.68195,0.71019,20,82
test_257.png,1.04,37,0.6822,0.71128,18,82
test_257.png,2.08,75,0.6834,0.71386,14,82
test_257.png,5.21,188,0.68342,0.7135,11,82
test_257.png,10.42,375,0.68798,0.71898,7,82
test_258.png,0.0,0,0.6581,0.68392,69,16
test_258.png,0.21,8,0.65811,0.68531,44,16
test_258.png,0.52,19,0.65807,0.68579,32,16
test_258.png,1.04,37,0.65866,0.6876,25,16
test_258.png,2.08,75,0.65952,0.69009,19,16
test_258.png,5.21,188,0.66058,0.6942,14,15
test_258.png,10.42,375,0.6667,0.70314,10,15
test_259.png,0.0,0,0.30402,0.32315,79,42
test_259.png,0.21,8,0.30391,0.32302,46,42
test_259.png,0.52,19,0.30381,0.32296,41,42
test_259.png,1.04,37,0.30343,0.32268,34,42
test_259.png,2.08,75,0.3033,0.32216,31,42
test_259.png,5.21,188,0.3043,0.32405,21,42
test_259.png,10.42,375,0.30518,0.32638,17,42
test_260.png,0.0,0,0.18982,0.16777,145,54
test_260.png,0.21,8,0.18928,0.1668,94,54
test_260.png,0.52,19,0.18815,0.16445,73,54
test_260.png,1.04,37,0.18761,0.16459,64,54
test_260.png,2.08,75,0.18728,0.16387,55,54
test_260.png,5.21,188,0.18006,0.1582,41,51
test_260.png,10.42,375,0.17417,0.15268,31,49
test_261.png,0.0,0,0.84392,0.94432,18,338
test_261.png,0.21,8,0.84402,0.9455,5,338
test_261.png,0.52,19,0.84413,0.9459,3,338
test_261.png,1.04,37,0.84413,0.9459,3,338
test_261.png,2.08,75,0.84436,0.94636,2,338
test_261.png,5.21,188,0.84479,0.94901,1,338
test_261.png,10.42,375,0.84632,0.95173,0,338
test_262.png,0.0,0,0.59348,0.63254,115,23
test_262.png,0.21,8,0.5933,0.63377,68,23
test_262.png,0.52,19,0.59321,0.63506,51,22
test_262.png,1.04,37,0.59288,0.63655,38,22
test_262.png,2.08,75,0.59365,0.63923,26,22
test_262.png,5.21,188,0.59355,0.64118,17,20
test_262.png,10.42,375,0.5921,0.64107,12,18
test_263.png,0.0,0,0.80307,0.94042,10,26
test_263.png,0.21,8,0.80317,0.94155,2,26
test_263.png,0.52,19,0.80321,0.94187,1,26
test_263.png,1.04,37,0.80331,0.94214,0,26
test_263.png,2.08,75,0.80331,0.94214,0,26
test_263.png,5.21,188,0.80331,0.94214,0,26
test_263.png,10.42,375,0.80331,0.94214,0,26
test_264.png,0.0,0,0.37309,0.44612,108,19
test_264.png,0.21,8,0.37278,0.44596,73,19
test_264.png,0.52,19,0.3713,0.4421,57,19
test_264.png,1.04,37,0.37047,0.44217,48,19
test_264.png,2.08,75,0.36946,0.43822,40,19
test_264.png,5.21,188,0.35977,0.42888,28,18
test_264.png,10.42,375,0.33938,0.40462,17,18
test_265.png,0.0,0,0.2951,0.33975,97,63
test_265.png,0.21,8,0.29522,0.34141,60,63
test_265.png,0.52,19,0.29518,0.34174,53,63
test_265.png,1.04,37,0.29557,0.3428,47,63
test_265.png,2.08,75,0.29646,0.34476,40,63
test_265.png,5.21,188,0.30019,0.35186,28,63
test_265.png,10.42,375,0.2939,0.34505,21,63
test_266.png,0.0,0,0.44489,0.56488,100,18
test_266.png,0.21,8,0.44487,0.56555,71,18
test_266.png,0.52,19,0.44481,0.56604,59,18
test_266.png,1.04,37,0.44605,0.56897,48,18
test_266.png,2.08,75,0.44559,0.56892,36,18
test_266.png,5.21,188,0.44469,0.56639,22,18
test_266.png,10.42,375,0.44091,0.56019,17,18
test_267.png,0.0,0,0.71526,0.71795,26,24
test_267.png,0.21,8,0.71515,0.71869,20,24
test_267.png,0.52,19,0.71533,0.72019,15,24
test_267.png,1.04,37,0.71585,0.72209,13,24
test_267.png,2.08,75,0.71665,0.72859,11,24
test_267.png,5.21,188,0.71711,0.7348,8,24
test_267.png,10.42,375,0.71201,0.72997,7,24
test_268.png,0.0,0,0.84736,0.88877,20,20
test_268.png,0.21,8,0.84732,0.88897,14,20
test_268.png,0.52,19,0.84717,0.88938,10,20
test_268.png,1.04,37,0.84743,0.89061,9,20
test_268.png,2.08,75,0.84671,0.89052,8,20
test_268.png,5.21,188,0.84861,0.89714,4,20
test_268.png,10.42,375,0.85172,0.90642,3,20
test_269.png,0.0,0,0.86952,0.86593,26,62
test_269.png,0.21,8,0.86967,0.86732,18,62
test_269.png,0.52,19,0.87016,0.8688,13,62
test_269.png,1.04,37,0.87083,0.87099,10,62
test_269.png,2.08,75,0.87222,0.8752,6,62
test_269.png,5.21,188,0.87315,0.87803,5,62
test_269.png,10.42,375,0.87718,0.88416,3,62
test_270.png,0.0,0,0.33633,0.36566,89,39
test_270.png,0.21,8,0.33629,0.36588,52,39
test_270.png,0.52,19,0.33639,0.36662,41,39
test_270.png,1.04,37,0.33637,0.3669,35,39
test_270.png,2.08,75,0.33749,0.369,25,39
test_270.png,5.21,188,0.3376,0.3701,21,39
test_270.png,10.42,375,0.34171,0.37783,13,39
test_271.png,0.0,0,0.63867,0.73716,42,39
test_271.png,0.21,8,0.63895,0.73971,28,39
test_271.png,0.52,19,0.63925,0.74132,24,39
test_271.png,1.04,37,0.63972,0.74353,21,39
test_271.png,2.08,75,0.64056,0.74619,19,39
test_271.png,5.21,188,0.64495,0.75774,14,39
test_271.png,10.42,375,0.6544,0.77942,9,38
test_272.png,0.0,0,0.5875,0.67686,45,14
test_272.png,0.21,8,0.58759,0.67863,25,14
test_272.png,0.52,19,0.5874,0.67943,18,14
test_272.png,1.04,37,0.58754,0.68166,14,14
test_272.png,2.08,75,0.58807,0.68467,11,14
test_272.png,5.21,188,0.58879,0.68789,6,14
test_272.png,10.42,375,0.59032,0.68957,5,14
test_273.png,0.0,0,0.33821,0.2605,77,26
test_273.png,0.21,8,0.33835,0.26115,56,26
test_273.png,0.52,19,0.33846,0.26021,47,26
test_273.png,1.04,37,0.33884,0.26099,38,26
test_273.png,2.08,75,0.34023,0.26254,31,26
test_273.png,5.21,188,0.34138,0.26403,24,25
test_273.png,10.42,375,0.34402,0.26675,15,25
test_274.png,0.0,0,0.6998,0.68713,34,67
test_274.png,0.21,8,0.70011,0.6903,15,67
test_274.png,0.52,19,0.70039,0.69131,11,67
test_274.png,1.04,37,0.70103,0.69284,7,67
test_274.png,2.08,75,0.70216,0.69702,4,67
test_274.png,5.21,188,0.70216,0.69702,4,67
test_274.png,10.42,375,0.70419,0.7005,3,67
test_275.png,0.0,0,0.7588,0.93606,11,18
test_275.png,0.21,8,0.75881,0.93633,6,18
test_275.png,0.52,19,0.75887,0.93667,5,18
test_275.png,1.04,37,0.75914,0.93731,3,18
test_275.png,2.08,75,0.75963,0.93838,1,18
test_275.png,5.21,188,0.7602,0.93958,0,18
test_275.png,10.42,375,0.7602,0.93958,0,18
test_276.png,0.0,0,0.42794,0.40799,93,28
test_276.png,0.21,8,0.42763,0.40749,56,28
test_276.png,0.52,19,0.42766,0.40871,41,28
test_276.png,1.04,37,0.42827,0.41092,35,28
test_276.png,2.08,75,0.42788,0.41227,27,28
test_276.png,5.21,188,0.43114,0.41754,16,28
test_276.png,10.42,375,0.43104,0.42081,10,27
test_277.png,0.0,0,0.20534,0.19087,154,24
test_277.png,0.21,8,0.20528,0.19076,112,24
test_277.png,0.52,19,0.2056,0.19153,88,24
test_277.png,1.04,37,0.20695,0.1938,71,24
test_277.png,2.08,75,0.20932,0.19711,56,24
test_277.png,5.21,188,0.21471,0.2024,34,24
test_277.png,10.42,375,0.23105,0.21999,17,22
test_278.png,0.0,0,0.66555,0.69759,44,288
test_278.png,0.21,8,0.66568,0.69916,11,288
test_278.png,0.52,19,0.66571,0.6992,10,288
test_278.png,1.04,37,0.66578,0.70003,9,288
test_278.png,2.08,75,0.66517,0.69985,6,288
test_278.png,5.21,188,0.66525,0.70052,5,288
test_278.png,10.42,375,0.66565,0.70281,4,288
test_279.png,0.0,0,0.52483,0.52099,69,78
test_279.png,0.21,8,0.52494,0.52237,41,78
test_279.png,0.52,19,0.52532,0.52398,34,78
test_279.png,1.04,37,0.52557,0.52646,28,78
test_279.png,2.08,75,0.52586,0.53033,19,78
test_279.png,5.21,188,0.52635,0.53241,16,78
test_279.png,10.42,375,0.52566,0.52921,13,78
test_280.png,0.0,0,0.71462,0.67303,69,139
test_280.png,0.21,8,0.71513,0.67725,29,139
test_280.png,0.52,19,0.71531,0.67848,26,139
test_280.png,1.04,37,0.71592,0.68204,22,139
test_280.png,2.08,75,0.71747,0.69273,16,139
test_280.png,5.21,188,0.72221,0.71992,9,139
test_280.png,10.42,375,0.73315,0.77644,1,139
test_281.png,0.0,0,0.4493,0.44511,117,74
test_281.png,0.21,8,0.44938,0.44654,72,74
test_281.png,0.52,19,0.44979,0.44763,57,74
test_281.png,1.04,37,0.45007,0.44866,39,74
test_281.png,2.08,75,0.45141,0.45047,26,73
test_281.png,5.21,188,0.45561,0.45706,18,71
test_281.png,10.42,375,0.46289,0.46736,11,70
test_282.png,0.0,0,0.5583,0.84651,4,55
test_282.png,0.21,8,0.55835,0.84703,2,55
test_282.png,0.52,19,0.55835,0.84703,2,55
test_282.png,1.04,37,0.55835,0.84703,2,55
test_282.png,2.08,75,0.55835,0.84703,2,55
test_282.png,5.21,188,0.55835,0.84703,2,55
test_282.png,10.42,375,0.55835,0.84703,2,55
test_283.png,0.0,0,0.81299,0.86627,11,61
test_283.png,0.21,8,0.81303,0.86654,6,61
test_283.png,0.52,19,0.81303,0.86654,6,61
test_283.png,1.04,37,0.81346,0.86867,3,61
test_283.png,2.08,75,0.81346,0.86867,3,61
test_283.png,5.21,188,0.81339,0.8701,1,60
test_283.png,10.42,375,0.81339,0.8701,1,60
test_284.png,0.0,0,0.38284,0.43077,23,80
test_284.png,0.21,8,0.38292,0.43183,14,80
test_284.png,0.52,19,0.38296,0.43198,13,80
test_284.png,1.04,37,0.38352,0.43451,10,80
test_284.png,2.08,75,0.3846,0.43958,6,80
test_284.png,5.21,188,0.3855,0.44109,5,80
test_284.png,10.42,375,0.38724,0.44478,4,80
test_285.png,0.0,0,0.18687,0.08774,93,41
test_285.png,0.21,8,0.18658,0.08644,52,41
test_285.png,0.52,19,0.18583,0.08442,40,41
test_285.png,1.04,37,0.18439,0.08157,34,41
test_285.png,2.08,75,0.18335,0.08139,30,41
test_285.png,5.21,188,0.18027,0.06956,26,41
test_285.png,10.42,375,0.17781,0.06973,20,37
test_286.png,0.0,0,0.55817,0.53404,56,63
test_286.png,0.21,8,0.55858,0.53697,27,63
test_286.png,0.52,19,0.55881,0.53795,24,63
test_286.png,1.04,37,0.55964,0.53981,19,63
test_286.png,2.08,75,0.56091,0.54298,15,63
test_286.png,5.21,188,0.56556,0.55307,9,60
test_286.png,10.42,375,0.56903,0.55845,7,60
test_287.png,0.0,0,0.66022,0.91842,12,41
test_287.png,0.21,8,0.66025,0.91868,7,41
test_287.png,0.52,19,0.66033,0.91945,5,41
test_287.png,1.04,37,0.66048,0.92027,4,41
test_287.png,2.08,75,0.66048,0.92027,4,41
test_287.png,5.21,188,0.66122,0.92126,3,41
test_287.png,10.42,375,0.66122,0.92126,3,41
test_288.png,0.0,0,0.31062,0.31833,63,41
test_288.png,0.21,8,0.31041,0.3179,48,41
test_288.png,0.52,19,0.31009,0.31775,38,41
test_288.png,1.04,37,0.30941,0.31744,33,41
test_288.png,2.08,75,0.30859,0.31792,30,41
test_288.png,5.21,188,0.31093,0.32467,16,41
test_288.png,10.42,375,0.29852,0.31341,12,40
test_289.png,0.0,0,0.32326,0.32156,54,53
test_289.png,0.21,8,0.32348,0.3226,25,53
test_289.png,0.52,19,0.32379,0.32382,18,53
test_289.png,1.04,37,0.32383,0.32365,11,53
test_289.png,2.08,75,0.32458,0.32586,7,53
test_289.png,5.21,188,0.3229,0.32114,4,53
test_289.png,10.42,375,0.32401,0.32271,3,53
test_290.png,0.0,0,0.01356,0.00771,68,0
test_290.png,0.21,8,0.01286,0.00749,42,0
test_290.png,0.52,19,0.01206,0.00643,29,0
test_290.png,1.04,37,0.01076,0.00597,22,0
test_290.png,2.08,75,0.01028,0.00601,16,0
test_290.png,5.21,188,0.00781,0.00284,12,0
test_290.png,10.42,375,0.00408,0.0,4,0
test_291.png,0.0,0,0.51993,0.51111,58,39
test_291.png,0.21,8,0.52066,0.51654,39,39
test_291.png,0.52,19,0.52207,0.52266,28,39
test_291.png,1.04,37,0.52339,0.52941,23,39
test_291.png,2.08,75,0.52571,0.54059,18,39
test_291.png,5.21,188,0.53198,0.55535,13,36
test_291.png,10.42,375,0.54998,0.5913,7,36
test_292.png,0.0,0,0.5455,0.66993,15,4
test_292.png,0.21,8,0.54553,0.67035,7,4
test_292.png,0.52,19,0.54547,0.67031,5,4
test_292.png,1.04,37,0.54521,0.67003,4,4
test_292.png,2.08,75,0.54546,0.67082,3,4
test_292.png,5.21,188,0.54546,0.67082,3,4
test_292.png,10.42,375,0.54546,0.67082,3,4
test_293.png,0.0,0,0.74434,0.81444,27,62
test_293.png,0.21,8,0.74444,0.81566,17,62
test_293.png,0.52,19,0.74474,0.81802,12,62
test_293.png,1.04,37,0.74494,0.81857,11,62
test_293.png,2.08,75,0.74625,0.82102,7,62
test_293.png,5.21,188,0.74811,0.82467,5,62
test_293.png,10.42,375,0.75234,0.83137,2,62
test_294.png,0.0,0,0.81948,0.96313,6,26
test_294.png,0.21,8,0.81955,0.9635,3,26
test_294.png,0.52,19,0.81966,0.9638,5,26
test_294.png,1.04,37,0.81966,0.9638,5,26
test_294.png,2.08,75,0.82001,0.96403,6,26
test_294.png,5.21,188,0.82001,0.96403,6,26
test_294.png,10.42,375,0.82129,0.96463,7,26
test_295.png,0.0,0,0.59858,0.52733,15,53
test_295.png,0.21,8,0.59858,0.5275,10,53
test_295.png,0.52,19,0.59862,0.52841,6,53
test_295.png,1.04,37,0.59872,0.5289,5,53
test_295.png,2.08,75,0.59892,0.52914,4,53
test_295.png,5.21,188,0.598,0.52885,2,53
test_295.png,10.42,375,0.598,0.52885,2,53
test_296.png,0.0,0,0.3779,0.39156,128,6
test_296.png,0.21,8,0.37801,0.39324,76,6
test_296.png,0.52,19,0.37799,0.39431,60,6
test_296.png,1.04,37,0.37822,0.39611,46,6
test_296.png,2.08,75,0.3768,0.39398,41,6
test_296.png,5.21,188,0.36981,0.39096,26,6
test_296.png,10.42,375,0.36782,0.39212,18,5
test_297.png,0.0,0,0.62663,0.80069,25,19
test_297.png,0.21,8,0.62669,0.80132,20,19
test_297.png,0.52,19,0.62679,0.80185,18,19
test_297.png,1.04,37,0.62709,0.80349,16,19
test_297.png,2.08,75,0.62872,0.80911,10,19
test_297.png,5.21,188,0.62982,0.81274,8,19
test_297.png,10.42,375,0.63127,0.81563,7,19
test_298.png,0.0,0,0.29156,0.29726,54,102
test_298.png,0.21,8,0.29153,0.29758,31,102
test_298.png,0.52,19,0.2917,0.29853,25,102
test_298.png,1.04,37,0.29198,0.29946,21,102
test_298.png,2.08,75,0.29261,0.30102,17,102
test_298.png,5.21,188,0.29454,0.30486,10,102
test_298.png,10.42,375,0.29799,0.30942,5,101
test_299.png,0.0,0,0.62828,0.6859,24,57
test_299.png,0.21,8,0.62823,0.68653,8,57
test_299.png,0.52,19,0.62853,0.68845,3,57
test_299.png,1.04,37,0.62874,0.68966,1,57
test_299.png,2.08,75,0.62906,0.69058,1,57
test_299.png,5.21,188,0.62954,0.69224,3,57
test_299.png,10.42,375,0.63103,0.69668,4,57
test_300.png,0.0,0,0.50317,0.50092,30,76
test_300.png,0.21,8,0.50313,0.50092,19,76
test_300.png,0.52,19,0.50335,0.50203,15,76
test_300.png,1.04,37,0.50356,0.50238,13,76
test_300.png,2.08,75,0.50376,0.50287,12,76
test_300.png,5.21,188,0.50503,0.50515,9,76
test_300.png,10.42,375,0.50753,0.51197,6,76
test_301.png,0.0,0,0.57983,0.71338,5,66
test_301.png,0.21,8,0.57984,0.71359,1,66
test_301.png,0.52,19,0.57984,0.71359,1,66
test_301.png,1.04,37,0.57984,0.71359,1,66
test_301.png,2.08,75,0.57984,0.71359,1,66
test_301.png,5.21,188,0.57984,0.71359,1,66
test_301.png,10.42,375,0.57984,0.71359,1,66
test_302.png,0.0,0,0.66737,0.63327,51,74
test_302.png,0.21,8,0.66762,0.63531,22,74
test_302.png,0.52,19,0.66789,0.63624,18,74
test_302.png,1.04,37,0.66898,0.63905,12,74
test_302.png,2.08,75,0.66947,0.63974,11,74
test_302.png,5.21,188,0.67474,0.64865,4,74
test_302.png,10.42,375,0.67676,0.65182,3,73
test_303.png,0.0,0,0.62711,0.54167,154,45
test_303.png,0.21,8,0.62881,0.55601,69,45
test_303.png,0.52,19,0.63119,0.57476,44,45
test_303.png,1.04,37,0.63477,0.59742,26,45
test_303.png,2.08,75,0.64027,0.63325,13,45
test_303.png,5.21,188,0.64649,0.66676,7,45
test_303.png,10.42,375,0.65035,0.68301,5,45
test_304.png,0.0,0,0.62065,0.69529,37,102
test_304.png,0.21,8,0.62094,0.6985,13,102
test_304.png,0.52,19,0.62108,0.69922,10,102
test_304.png,1.04,37,0.6213,0.70006,8,102
test_304.png,2.08,75,0.62147,0.70042,7,102
test_304.png,5.21,188,0.62286,0.70495,4,100
test_304.png,10.42,375,0.62286,0.70495,4,100
test_305.png,0.0,0,0.39045,0.35899,75,84
test_305.png,0.21,8,0.39037,0.35862,45,84
test_305.png,0.52,19,0.39039,0.3587,31,84
test_305.png,1.04,37,0.39076,0.35931,20,84
test_305.png,2.08,75,0.39138,0.36069,16,84
test_305.png,5.21,188,0.39335,0.3641,10,84
test_305.png,10.42,375,0.39616,0.36837,6,84
test_306.png,0.0,0,0.80177,0.85768,63,39
test_306.png,0.21,8,0.80232,0.86235,42,39
test_306.png,0.52,19,0.80388,0.86888,28,39
test_306.png,1.04,37,0.80595,0.87603,20,39
test_306.png,2.08,75,0.80899,0.88758,15,39
test_306.png,5.21,188,0.81546,0.90207,10,39
test_306.png,10.42,375,0.83032,0.9278,4,39
test_307.png,0.0,0,0.74583,0.85108,5,40
test_307.png,0.21,8,0.74585,0.85132,3,40
test_307.png,0.52,19,0.7459,0.85157,2,40
test_307.png,1.04,37,0.74603,0.85222,1,40
test_307.png,2.08,75,0.74603,0.85222,1,40
test_307.png,5.21,188,0.74603,0.85222,1,40
test_307.png,10.42,375,0.74721,0.86391,0,40
test_308.png,0.0,0,0.63037,0.66371,119,9
test_308.png,0.21,8,0.6312,0.66927,84,9
test_308.png,0.52,19,0.63339,0.67597,63,9
test_308.png,1.04,37,0.63641,0.6829,51,9
test_308.png,2.08,75,0.6439,0.6973,35,9
test_308.png,5.21,188,0.65824,0.71872,22,9
test_308.png,10.42,375,0.69307,0.76363,9,9
test_309.png,0.0,0,0.8266,0.84959,18,58
test_309.png,0.21,8,0.82673,0.85061,12,58
test_309.png,0.52,19,0.8271,0.85214,7,58
test_309.png,1.04,37,0.82728,0.85287,6,58
test_309.png,2.08,75,0.8278,0.85515,4,58
test_309.png,5.21,188,0.82924,0.85795,2,58
test_309.png,10.42,375,0.82924,0.85795,2,58
test_310.png,0.0,0,0.81701,0.88932,12,26
test_310.png,0.21,8,0.81703,0.8894,8,26
test_310.png,0.52,19,0.81697,0.88968,5,26
test_310.png,1.04,37,0.81712,0.89024,4,26
test_310.png,2.08,75,0.81712,0.89024,4,26
test_310.png,5.21,188,0.81766,0.89151,3,26
test_310.png,10.42,375,0.81894,0.8931,2,26
test_311.png,0.0,0,0.75809,0.80459,19,125
test_311.png,0.21,8,0.75824,0.80644,4,125
test_311.png,0.52,19,0.75837,0.80831,2,125
test_311.png,1.04,37,0.75852,0.809,1,125
test_311.png,2.08,75,0.75852,0.809,1,125
test_311.png,5.21,188,0.75852,0.809,1,125
test_311.png,10.42,375,0.75852,0.809,1,125
test_312.png,0.0,0,0.72417,0.85709,10,19
test_312.png,0.21,8,0.72426,0.85784,5,19
test_312.png,0.52,19,0.72436,0.85839,3,19
test_312.png,1.04,37,0.72436,0.85839,3,19
test_312.png,2.08,75,0.7247,0.85957,2,19
test_312.png,5.21,188,0.72551,0.86012,1,19
test_312.png,10.42,375,0.72851,0.86402,2,17
test_313.png,0.0,0,0.25392,0.33448,26,38
test_313.png,0.21,8,0.2539,0.33486,9,38
test_313.png,0.52,19,0.25398,0.33561,5,38
test_313.png,1.04,37,0.25375,0.33549,3,38
test_313.png,2.08,75,0.25403,0.33791,0,37
test_313.png,5.21,188,0.25403,0.33791,0,37
test_313.png,10.42,375,0.25403,0.33791,0,37
test_314.png,0.0,0,0.63971,0.6958,26,26
test_314.png,0.21,8,0.63988,0.69772,16,26
test_314.png,0.52,19,0.64036,0.70248,11,26
test_314.png,1.04,37,0.64071,0.70346,9,26
test_314.png,2.08,75,0.64113,0.70471,8,26
test_314.png,5.21,188,0.64222,0.70731,6,26
test_314.png,10.42,375,0.64623,0.71395,4,26
test_315.png,0.0,0,0.80481,0.9348,9,25
test_315.png,0.21,8,0.8049,0.93557,5,25
test_315.png,0.52,19,0.80502,0.93672,3,25
test_315.png,1.04,37,0.80502,0.93672,3,25
test_315.png,2.08,75,0.80588,0.93887,0,25
test_315.png,5.21,188,0.80588,0.93887,0,25
test_315.png,10.42,375,0.80588,0.93887,0,25
test_316.png,0.0,0,0.22428,0.22254,60,67
test_316.png,0.21,8,0.2244,0.22374,27,67
test_316.png,0.52,19,0.2246,0.22447,20,67
test_316.png,1.04,37,0.22491,0.22503,16,67
test_316.png,2.08,75,0.22509,0.22571,15,66
test_316.png,5.21,188,0.2226,0.22289,11,66
test_316.png,10.42,375,0.22472,0.22746,8,65
test_317.png,0.0,0,0.43699,0.38691,73,29
test_317.png,0.21,8,0.43679,0.38654,43,29
test_317.png,0.52,19,0.43702,0.38776,32,29
test_317.png,1.04,37,0.43612,0.38696,27,29
test_317.png,2.08,75,0.43646,0.3895,22,29
test_317.png,5.21,188,0.43865,0.39248,13,28
test_317.png,10.42,375,0.43469,0.39245,6,27
test_318.png,0.0,0,0.81494,0.87437,14,48
test_318.png,0.21,8,0.81506,0.87541,6,48
test_318.png,0.52,19,0.81517,0.8758,4,48
test_318.png,1.04,37,0.81517,0.8758,4,48
test_318.png,2.08,75,0.81579,0.87684,2,48
test_318.png,5.21,188,0.81579,0.87684,2,48
test_318.png,10.42,375,0.81579,0.87684,2,48
test_319.png,0.0,0,0.56604,0.58011,51,22
test_319.png,0.21,8,0.56618,0.58233,32,22
test_319.png,0.52,19,0.56548,0.58183,24,22
test_319.png,1.04,37,0.56516,0.58152,20,22
test_319.png,2.08,75,0.5644,0.5806,17,22
test_319.png,5.21,188,0.56082,0.57778,13,22
test_319.png,10.42,375,0.56006,0.58155,9,21
test_320.png,0.0,0,0.49552,0.52623,55,55
test_320.png,0.21,8,0.49575,0.52771,22,55
test_320.png,0.52,19,0.49585,0.52818,19,55
test_320.png,1.04,37,0.49593,0.52829,14,55
test_320.png,2.08,75,0.49692,0.53079,8,55
test_320.png,5.21,188,0.49875,0.53427,3,55
test_320.png,10.42,375,0.501,0.53764,0,55
test_321.png,0.0,0,0.37241,0.38039,60,23
test_321.png,0.21,8,0.37203,0.37958,37,23
test_321.png,0.52,19,0.37216,0.3809,27,23
test_321.png,1.04,37,0.37262,0.38196,23,23
test_321.png,2.08,75,0.37307,0.38302,21,23
test_321.png,5.21,188,0.37524,0.38633,17,23
test_321.png,10.42,375,0.38259,0.39903,10,23
test_322.png,0.0,0,0.68835,0.67832,84,53
test_322.png,0.21,8,0.68842,0.67983,56,53
test_322.png,0.52,19,0.68829,0.68091,46,53
test_322.png,1.04,37,0.68806,0.68152,37,53
test_322.png,2.08,75,0.68902,0.68337,33,53
test_322.png,5.21,188,0.68487,0.67537,19,53
test_322.png,10.42,375,0.68009,0.66731,12,53
test_323.png,0.0,0,0.58187,0.59371,68,84
test_323.png,0.21,8,0.58218,0.59631,42,84
test_323.png,0.52,19,0.58262,0.59826,37,84
test_323.png,1.04,37,0.58348,0.60139,30,84
test_323.png,2.08,75,0.58515,0.60553,23,84
test_323.png,5.21,188,0.59172,0.61793,13,84
test_323.png,10.42,375,0.60139,0.63754,7,84
test_324.png,0.0,0,0.86847,0.95003,15,8
test_324.png,0.21,8,0.86839,0.95047,4,8
test_324.png,0.52,19,0.86845,0.95084,3,8
test_324.png,1.04,37,0.8686,0.95158,2,8
test_324.png,2.08,75,0.86835,0.95183,0,8
test_324.png,5.21,188,0.86835,0.95183,0,8
test_324.png,10.42,375,0.86835,0.95183,0,8
test_325.png,0.0,0,0.9079,0.9841,7,5
test_325.png,0.21,8,0.90797,0.98459,3,5
test_325.png,0.52,19,0.90805,0.98521,2,5
test_325.png,1.04,37,0.90805,0.98521,2,5
test_325.png,2.08,75,0.90863,0.98671,0,5
test_325.png,5.21,188,0.90863,0.98671,0,5
test_325.png,10.42,375,0.90863,0.98671,0,5
test_326.png,0.0,0,0.90182,0.98572,5,30
test_326.png,0.21,8,0.90182,0.98608,1,30
test_326.png,0.52,19,0.90191,0.98717,0,30
test_326.png,1.04,37,0.90191,0.98717,0,30
test_326.png,2.08,75,0.90191,0.98717,0,30
test_326.png,5.21,188,0.90153,0.98459,1,30
test_326.png,10.42,375,0.90153,0.98459,1,30
test_327.png,0.0,0,0.7576,0.86872,5,6
test_327.png,0.21,8,0.75759,0.86878,3,6
test_327.png,0.52,19,0.75746,0.86826,2,6
test_327.png,1.04,37,0.75746,0.86826,2,6
test_327.png,2.08,75,0.75746,0.86826,2,6
test_327.png,5.21,188,0.75821,0.86971,1,6
test_327.png,10.42,375,0.75561,0.86574,0,6
test_328.png,0.0,0,0.85808,0.94996,25,12
test_328.png,0.21,8,0.85794,0.95006,14,12
test_328.png,0.52,19,0.85757,0.94947,8,12
test_328.png,1.04,37,0.85736,0.94946,7,12
test_328.png,2.08,75,0.85726,0.95,5,12
test_328.png,5.21,188,0.8557,0.94904,2,13
test_328.png,10.42,375,0.85357,0.9465,0,13
test_329.png,0.0,0,0.85032,0.97267,0,6
test_329.png,0.21,8,0.85032,0.97267,0,6
test_329.png,0.52,19,0.85032,0.97267,0,6
test_329.png,1.04,37,0.85032,0.97267,0,6
test_329.png,2.08,75,0.85032,0.97267,0,6
test_329.png,5.21,188,0.85032,0.97267,0,6
test_329.png,10.42,375,0.85032,0.97267,0,6
test_330.png,0.0,0,0.93222,0.99669,3,3
test_330.png,0.21,8,0.93214,0.99664,0,3
test_330.png,0.52,19,0.93214,0.99664,0,3
test_330.png,1.04,37,0.93214,0.99664,0,3
test_330.png,2.08,75,0.93214,0.99664,0,3
test_330.png,5.21,188,0.93214,0.99664,0,3
test_330.png,10.42,375,0.93214,0.99664,0,3
test_331.png,0.0,0,0.61529,0.56818,29,41
test_331.png,0.21,8,0.61522,0.56819,16,41
test_331.png,0.52,19,0.61528,0.56856,14,41
test_331.png,1.04,37,0.61505,0.56907,9,41
test_331.png,2.08,75,0.61522,0.56937,8,41
test_331.png,5.21,188,0.6172,0.57242,4,41
test_331.png,10.42,375,0.61728,0.57391,1,41
test_332.png,0.0,0,0.93355,0.97503,0,61
test_332.png,0.21,8,0.93355,0.97503,0,61
test_332.png,0.52,19,0.93355,0.97503,0,61
test_332.png,1.04,37,0.93355,0.97503,0,61
test_332.png,2.08,75,0.93355,0.97503,0,61
test_332.png,5.21,188,0.93355,0.97503,0,61
test_332.png,10.42,375,0.93355,0.97503,0,61
test_333.png,0.0,0,0.86658,0.96302,13,7
test_333.png,0.21,8,0.86659,0.96331,9,7
test_333.png,0.52,19,0.86673,0.96356,7,7
test_333.png,1.04,37,0.86673,0.96356,7,7
test_333.png,2.08,75,0.86673,0.9642,6,7
test_333.png,5.21,188,0.86455,0.96044,3,7
test_333.png,10.42,375,0.86258,0.95936,1,7
test_334.png,0.0,0,0.88232,0.98984,4,17
test_334.png,0.21,8,0.88232,0.98984,4,17
test_334.png,0.52,19,0.88236,0.99008,3,17
test_334.png,1.04,37,0.88251,0.99027,2,17
test_334.png,2.08,75,0.88251,0.99027,2,17
test_334.png,5.21,188,0.88165,0.98926,1,17
test_334.png,10.42,375,0.87984,0.98534,1,17
test_335.png,0.0,0,0.87486,0.94387,11,47
test_335.png,0.21,8,0.87484,0.94404,5,47
test_335.png,0.52,19,0.87487,0.94499,0,47
test_335.png,1.04,37,0.87487,0.94499,0,47
test_335.png,2.08,75,0.87487,0.94499,0,47
test_335.png,5.21,188,0.87487,0.94499,0,47
test_335.png,10.42,375,0.87487,0.94499,0,47
test_336.png,0.0,0,0.67364,0.68046,74,27
test_336.png,0.21,8,0.67346,0.68016,52,27
test_336.png,0.52,19,0.67319,0.67869,43,27
test_336.png,1.04,37,0.67273,0.67814,41,27
test_336.png,2.08,75,0.67122,0.67604,25,27
test_336.png,5.21,188,0.66569,0.67551,16,27
test_336.png,10.42,375,0.6619,0.66941,14,26
test_337.png,0.0,0,0.64577,0.60684,90,37
test_337.png,0.21,8,0.64612,0.60925,59,37
test_337.png,0.52,19,0.64662,0.61125,51,37
test_337.png,1.04,37,0.64748,0.61421,41,37
test_337.png,2.08,75,0.64974,0.62188,23,37
test_337.png,5.21,188,0.65589,0.63133,10,37
test_337.png,10.42,375,0.66514,0.64238,4,37
test_338.png,0.0,0,0.87835,0.91472,25,53
test_338.png,0.21,8,0.87823,0.91496,13,53
test_338.png,0.52,19,0.87795,0.91427,7,53
test_338.png,1.04,37,0.87799,0.91478,5,53
test_338.png,2.08,75,0.87799,0.91478,5,53
test_338.png,5.21,188,0.87728,0.91583,2,53
test_338.png,10.42,375,0.87472,0.91156,0,53
test_339.png,0.0,0,0.91223,0.99815,5,0
test_339.png,0.21,8,0.91231,0.99863,2,0
test_339.png,0.52,19,0.91231,0.99863,2,0
test_339.png,1.04,37,0.91271,0.99952,0,0
test_339.png,2.08,75,0.91271,0.99952,0,0
test_339.png,5.21,188,0.91271,0.99952,0,0
test_339.png,10.42,375,0.91271,0.99952,0,0
test_340.png,0.0,0,0.91558,0.9921,2,106
test_340.png,0.21,8,0.91562,0.99246,0,106
test_340.png,0.52,19,0.91562,0.99246,0,106
test_340.png,1.04,37,0.91562,0.99246,0,106
test_340.png,2.08,75,0.91562,0.99246,0,106
test_340.png,5.21,188,0.91562,0.99246,0,106
test_340.png,10.42,375,0.91562,0.99246,0,106
test_341.png,0.0,0,0.42595,0.39978,94,38
test_341.png,0.21,8,0.42636,0.40211,55,38
test_341.png,0.52,19,0.42696,0.40422,46,38
test_341.png,1.04,37,0.4274,0.40693,37,38
test_341.png,2.08,75,0.42817,0.40964,30,36
test_341.png,5.21,188,0.43391,0.42152,21,36
test_341.png,10.42,375,0.44134,0.43843,13,36
test_342.png,0.0,0,0.62795,0.55256,58,44
test_342.png,0.21,8,0.62797,0.55419,31,44
test_342.png,0.52,19,0.62781,0.55559,22,44
test_342.png,1.04,37,0.62755,0.55629,18,44
test_342.png,2.08,75,0.62663,0.55932,10,43
test_342.png,5.21,188,0.62866,0.56279,7,43
test_342.png,10.42,375,0.62905,0.56398,6,43
test_343.png,0.0,0,0.88176,0.97649,6,8
test_343.png,0.21,8,0.88174,0.97649,5,8
test_343.png,0.52,19,0.88196,0.97739,1,8
test_343.png,1.04,37,0.88208,0.97745,0,8
test_343.png,2.08,75,0.88208,0.97745,0,8
test_343.png,5.21,188,0.88208,0.97745,0,8
test_343.png,10.42,375,0.88208,0.97745,0,8
test_344.png,0.0,0,0.52747,0.46456,96,13
test_344.png,0.21,8,0.52747,0.46549,72,13
test_344.png,0.52,19,0.52679,0.46541,57,13
test_344.png,1.04,37,0.52695,0.46759,43,13
test_344.png,2.08,75,0.52735,0.46795,29,12
test_344.png,5.21,188,0.51657,0.45884,13,10
test_344.png,10.42,375,0.51903,0.46514,6,10
test_345.png,0.0,0,0.76242,0.77384,19,19
test_345.png,0.21,8,0.76243,0.77417,14,19
test_345.png,0.52,19,0.76235,0.77442,11,19
test_345.png,1.04,37,0.76262,0.77594,9,19
test_345.png,2.08,75,0.76181,0.77623,4,19
test_345.png,5.21,188,0.76259,0.78023,2,19
test_345.png,10.42,375,0.76544,0.78814,0,19
test_346.png,0.0,0,0.89232,0.9675,15,8
test_346.png,0.21,8,0.89231,0.96791,8,8
test_346.png,0.52,19,0.89225,0.9679,7,8
test_346.png,1.04,37,0.89222,0.96809,5,8
test_346.png,2.08,75,0.89196,0.96763,4,8
test_346.png,5.21,188,0.89196,0.96763,4,8
test_346.png,10.42,375,0.88994,0.96465,3,8
test_347.png,0.0,0,0.68888,0.85179,39,31
test_347.png,0.21,8,0.68879,0.85203,25,31
test_347.png,0.52,19,0.68858,0.85223,15,31
test_347.png,1.04,37,0.68838,0.85221,13,31
test_347.png,2.08,75,0.68829,0.85278,11,31
test_347.png,5.21,188,0.68806,0.85282,10,31
test_347.png,10.42,375,0.68806,0.85282,10,31
test_348.png,0.0,0,0.72751,0.90765,15,10
test_348.png,0.21,8,0.72764,0.90835,10,10
test_348.png,0.52,19,0.72784,0.90889,7,10
test_348.png,1.04,37,0.72803,0.90951,6,10
test_348.png,2.08,75,0.72822,0.91078,3,10
test_348.png,5.21,188,0.7279,0.9106,1,10
test_348.png,10.42,375,0.728,0.91165,0,10
test_349.png,0.0,0,0.92354,0.97715,1,11
test_349.png,0.21,8,0.92354,0.97715,1,11
test_349.png,0.52,19,0.92354,0.97715,1,11
test_349.png,1.04,37,0.92354,0.97715,1,11
test_349.png,2.08,75,0.92386,0.97737,0,11
test_349.png,5.21,188,0.92386,0.97737,0,11
test_349.png,10.42,375,0.92386,0.97737,0,11
test_350.png,0.0,0,0.82528,0.97954,5,1
test_350.png,0.21,8,0.82531,0.9798,3,1
test_350.png,0.52,19,0.82544,0.98032,1,1
test_350.png,1.04,37,0.82558,0.98052,0,1
test_350.png,2.08,75,0.82558,0.98052,0,1
test_350.png,5.21,188,0.82558,0.98052,0,1
test_350.png,10.42,375,0.82558,0.98052,0,1
test_351.png,0.0,0,0.90421,0.96337,14,12
test_351.png,0.21,8,0.90428,0.96409,5,12
test_351.png,0.52,19,0.90442,0.96455,3,12
test_351.png,1.04,37,0.90449,0.9651,0,12
test_351.png,2.08,75,0.90449,0.9651,0,12
test_351.png,5.21,188,0.90449,0.9651,0,12
test_351.png,10.42,375,0.90449,0.9651,0,12
test_352.png,0.0,0,0.87565,0.95931,7,25
test_352.png,0.21,8,0.87559,0.95929,5,25
test_352.png,0.52,19,0.87582,0.96084,1,25
test_352.png,1.04,37,0.87582,0.96084,1,25
test_352.png,2.08,75,0.87605,0.96104,0,25
test_352.png,5.21,188,0.87605,0.96104,0,25
test_352.png,10.42,375,0.87605,0.96104,0,25
test_353.png,0.0,0,0.89239,0.98868,1,8
test_353.png,0.21,8,0.89243,0.98881,0,8
test_353.png,0.52,19,0.89243,0.98881,0,8
test_353.png,1.04,37,0.89243,0.98881,0,8
test_353.png,2.08,75,0.89243,0.98881,0,8
test_353.png,5.21,188,0.89243,0.98881,0,8
test_353.png,10.42,375,0.89243,0.98881,0,8
test_354.png,0.0,0,0.88743,0.98997,2,0
test_354.png,0.21,8,0.88746,0.99041,1,0
test_354.png,0.52,19,0.88746,0.99041,1,0
test_354.png,1.04,37,0.88762,0.99167,0,0
test_354.png,2.08,75,0.88762,0.99167,0,0
test_354.png,5.21,188,0.88762,0.99167,0,0
test_354.png,10.42,375,0.88762,0.99167,0,0
test_355.png,0.0,0,0.91639,0.97616,0,58
test_355.png,0.21,8,0.91639,0.97616,0,58
test_355.png,0.52,19,0.91639,0.97616,0,58
test_355.png,1.04,37,0.91639,0.97616,0,58
test_355.png,2.08,75,0.91639,0.97616,0,58
test_355.png,5.21,188,0.91639,0.97616,0,58
test_355.png,10.42,375,0.91639,0.97616,0,58
test_356.png,0.0,0,0.88194,0.9803,8,20
test_356.png,0.21,8,0.88194,0.98067,3,20
test_356.png,0.52,19,0.88194,0.98067,3,20
test_356.png,1.04,37,0.88206,0.98085,2,20
test_356.png,2.08,75,0.8823,0.98129,1,20
test_356.png,5.21,188,0.8823,0.98129,1,20
test_356.png,10.42,375,0.8823,0.98129,1,20
test_357.png,0.0,0,0.92199,0.99413,0,103
test_357.png,0.21,8,0.92199,0.99413,0,103
test_357.png,0.52,19,0.92199,0.99413,0,103
test_357.png,1.04,37,0.92199,0.99413,0,103
test_357.png,2.08,75,0.92199,0.99413,0,103
test_357.png,5.21,188,0.92199,0.99413,0,103
test_357.png,10.42,375,0.92199,0.99413,0,103
test_358.png,0.0,0,0.91861,0.99715,0,21
test_358.png,0.21,8,0.91861,0.99715,0,21
test_358.png,0.52,19,0.91861,0.99715,0,21
test_358.png,1.04,37,0.91861,0.99715,0,21
test_358.png,2.08,75,0.91861,0.99715,0,21
test_358.png,5.21,188,0.91861,0.99715,0,21
test_358.png,10.42,375,0.91861,0.99715,0,21
test_359.png,0.0,0,0.35307,0.36798,70,50
test_359.png,0.21,8,0.35303,0.36862,42,50
test_359.png,0.52,19,0.35309,0.36989,31,50
test_359.png,1.04,37,0.35327,0.37213,24,50
test_359.png,2.08,75,0.353,0.37321,19,50
test_359.png,5.21,188,0.35355,0.37553,13,50
test_359.png,10.42,375,0.35745,0.37964,9,50
test_360.png,0.0,0,0.79228,0.8279,33,59
test_360.png,0.21,8,0.79243,0.82924,23,59
test_360.png,0.52,19,0.79265,0.83026,20,59
test_360.png,1.04,37,0.79331,0.83283,16,59
test_360.png,2.08,75,0.79355,0.8336,15,59
test_360.png,5.21,188,0.79764,0.84492,8,59
test_360.png,10.42,375,0.79905,0.84741,6,59
test_361.png,0.0,0,0.88788,0.94051,20,133
test_361.png,0.21,8,0.88794,0.94167,7,133
test_361.png,0.52,19,0.88799,0.94196,6,133
test_361.png,1.04,37,0.88845,0.94352,1,133
test_361.png,2.08,75,0.88845,0.94352,1,133
test_361.png,5.21,188,0.88803,0.94365,0,133
test_361.png,10.42,375,0.88803,0.94365,0,133
test_362.png,0.0,0,0.7388,0.83926,50,30
test_362.png,0.21,8,0.73886,0.84016,30,30
test_362.png,0.52,19,0.73911,0.84117,25,30
test_362.png,1.04,37,0.73952,0.84208,22,30
test_362.png,2.08,75,0.73896,0.84149,18,30
test_362.png,5.21,188,0.74198,0.84556,13,30
test_362.png,10.42,375,0.73951,0.84288,10,30
test_363.png,0.0,0,0.73897,0.78926,23,4
test_363.png,0.21,8,0.73877,0.78883,14,4
test_363.png,0.52,19,0.73867,0.78961,11,4
test_363.png,1.04,37,0.73885,0.79046,10,4
test_363.png,2.08,75,0.73825,0.79089,7,4
test_363.png,5.21,188,0.73651,0.78758,4,4
test_363.png,10.42,375,0.72867,0.78108,1,5
test_364.png,0.0,0,0.76655,0.82017,51,17
test_364.png,0.21,8,0.76641,0.82118,33,17
test_364.png,0.52,19,0.76669,0.82289,26,17
test_364.png,1.04,37,0.76699,0.82363,24,17
test_364.png,2.08,75,0.76799,0.82624,21,17
test_364.png,5.21,188,0.76821,0.82988,13,17
test_364.png,10.42,375,0.77126,0.83639,7,17
test_365.png,0.0,0,0.893,0.95386,12,42
test_365.png,0.21,8,0.893,0.95386,12,42
test_365.png,0.52,19,0.89306,0.95424,11,42
test_365.png,1.04,37,0.89385,0.95651,5,42
test_365.png,2.08,75,0.89427,0.95784,3,42
test_365.png,5.21,188,0.89508,0.95943,2,42
test_365.png,10.42,375,0.89651,0.96186,1,42
test_366.png,0.0,0,0.8936,0.98471,13,2
test_366.png,0.21,8,0.89364,0.98504,9,2
test_366.png,0.52,19,0.89365,0.98522,4,2
test_366.png,1.04,37,0.89384,0.98564,3,2
test_366.png,2.08,75,0.89386,0.98568,1,2
test_366.png,5.21,188,0.89338,0.98538,0,2
test_366.png,10.42,375,0.89338,0.98538,0,2
test_367.png,0.0,0,0.65803,0.8406,38,3
test_367.png,0.21,8,0.65808,0.84132,24,3
test_367.png,0.52,19,0.65805,0.84201,18,3
test_367.png,1.04,37,0.65891,0.84452,12,3
test_367.png,2.08,75,0.66001,0.84889,6,3
test_367.png,5.21,188,0.66079,0.85,5,3
test_367.png,10.42,375,0.65901,0.84749,4,3
test_368.png,0.0,0,0.82671,0.88876,29,51
test_368.png,0.21,8,0.82668,0.8894,16,51
test_368.png,0.52,19,0.82645,0.8893,12,51
test_368.png,1.04,37,0.82631,0.88921,10,51
test_368.png,2.08,75,0.82612,0.89048,6,51
test_368.png,5.21,188,0.827,0.89606,3,51
test_368.png,10.42,375,0.82499,0.89494,2,51
test_369.png,0.0,0,0.26052,0.26193,91,12
test_369.png,0.21,8,0.25996,0.26188,67,12
test_369.png,0.52,19,0.25806,0.26061,55,12
test_369.png,1.04,37,0.25685,0.26076,49,12
test_369.png,2.08,75,0.254,0.25748,39,12
test_369.png,5.21,188,0.23176,0.2359,23,12
test_369.png,10.42,375,0.19095,0.18902,12,12
test_370.png,0.0,0,0.72947,0.79101,51,21
test_370.png,0.21,8,0.72953,0.79239,34,21
test_370.png,0.52,19,0.72948,0.79355,26,21
test_370.png,1.04,37,0.72968,0.79551,20,21
test_370.png,2.08,75,0.72901,0.79565,15,21
test_370.png,5.21,188,0.72604,0.79586,11,21
test_370.png,10.42,375,0.7203,0.78924,7,21
test_371.png,0.0,0,0.71661,0.73342,33,48
test_371.png,0.21,8,0.71665,0.73444,22,48
test_371.png,0.52,19,0.71689,0.73612,19,48
test_371.png,1.04,37,0.71723,0.73741,17,48
test_371.png,2.08,75,0.71655,0.74176,11,48
test_371.png,5.21,188,0.71532,0.7408,9,48
test_371.png,10.42,375,0.71483,0.74297,7,48
test_372.png,0.0,0,0.77547,0.78438,59,64
test_372.png,0.21,8,0.7756,0.78513,39,64
test_372.png,0.52,19,0.77548,0.78537,30,64
test_372.png,1.04,37,0.77631,0.78754,23,64
test_372.png,2.08,75,0.77764,0.79097,15,64
test_372.png,5.21,188,0.77743,0.79142,11,64
test_372.png,10.42,375,0.77476,0.78505,9,64
test_373.png,0.0,0,0.79596,0.91086,12,31
test_373.png,0.21,8,0.79603,0.91155,5,31
test_373.png,0.52,19,0.79614,0.91204,3,31
test_373.png,1.04,37,0.79626,0.91248,2,31
test_373.png,2.08,75,0.79626,0.91248,2,31
test_373.png,5.21,188,0.79765,0.91523,0,31
test_373.png,10.42,375,0.79765,0.91523,0,31
test_374.png,0.0,0,0.49057,0.44142,136,24
test_374.png,0.21,8,0.49027,0.44129,101,24
test_374.png,0.52,19,0.48982,0.43921,83,24
test_374.png,1.04,37,0.48606,0.43465,65,23
test_374.png,2.08,75,0.48498,0.43429,51,23
test_374.png,5.21,188,0.47749,0.42776,30,23
test_374.png,10.42,375,0.46144,0.40582,16,23
test_375.png,0.0,0,0.76404,0.85576,36,28
test_375.png,0.21,8,0.76429,0.85676,14,28
test_375.png,0.52,19,0.76458,0.85742,9,28
test_375.png,1.04,37,0.76472,0.85751,6,28
test_375.png,2.08,75,0.76449,0.85717,5,28
test_375.png,5.21,188,0.76578,0.85827,3,28
test_375.png,10.42,375,0.76689,0.85872,0,27
test_376.png,0.0,0,0.61473,0.59995,88,59
test_376.png,0.21,8,0.61455,0.60034,60,59
test_376.png,0.52,19,0.61453,0.60122,49,59
test_376.png,1.04,37,0.61368,0.60017,37,58
test_376.png,2.08,75,0.61396,0.60109,29,58
test_376.png,5.21,188,0.61635,0.60639,17,58
test_376.png,10.42,375,0.61431,0.59475,6,58
test_377.png,0.0,0,0.68423,0.66007,25,84
test_377.png,0.21,8,0.68429,0.66052,17,84
test_377.png,0.52,19,0.68439,0.66093,14,84
test_377.png,1.04,37,0.68457,0.66056,9,84
test_377.png,2.08,75,0.68574,0.66224,5,84
test_377.png,5.21,188,0.6867,0.6642,1,84
test_377.png,10.42,375,0.68856,0.66604,1,84
test_378.png,0.0,0,0.78272,0.76765,36,99
test_378.png,0.21,8,0.78269,0.76785,26,99
test_378.png,0.52,19,0.78284,0.76919,16,99
test_378.png,1.04,37,0.78296,0.76955,15,99
test_378.png,2.08,75,0.78305,0.7705,12,99
test_378.png,5.21,188,0.78534,0.7725,8,99
test_378.png,10.42,375,0.78841,0.77662,5,99
test_379.png,0.0,0,0.56308,0.55309,98,90
test_379.png,0.21,8,0.56298,0.55365,54,90
test_379.png,0.52,19,0.56313,0.55421,41,90
test_379.png,1.04,37,0.56361,0.55589,33,90
test_379.png,2.08,75,0.56236,0.55206,23,90
test_379.png,5.21,188,0.56053,0.54884,14,89
test_379.png,10.42,375,0.55513,0.54587,7,89
test_380.png,0.0,0,0.70099,0.66049,59,161
test_380.png,0.21,8,0.70094,0.66061,26,161
test_380.png,0.52,19,0.70086,0.66072,20,161
test_380.png,1.04,37,0.70141,0.66151,13,161
test_380.png,2.08,75,0.70141,0.66242,8,161
test_380.png,5.21,188,0.69911,0.66103,1,161
test_380.png,10.42,375,0.69989,0.66164,0,161
test_381.png,0.0,0,0.60484,0.55451,54,76
test_381.png,0.21,8,0.6047,0.55432,33,76
test_381.png,0.52,19,0.60469,0.55457,27,76
test_381.png,1.04,37,0.60432,0.55421,25,76
test_381.png,2.08,75,0.60482,0.55537,20,76
test_381.png,5.21,188,0.6054,0.55615,16,76
test_381.png,10.42,375,0.60434,0.5572,11,76
test_382.png,0.0,0,0.42189,0.43884,62,42
test_382.png,0.21,8,0.42206,0.43999,32,42
test_382.png,0.52,19,0.4224,0.44144,23,42
test_382.png,1.04,37,0.42293,0.4432,18,42
test_382.png,2.08,75,0.42402,0.44572,12,42
test_382.png,5.21,188,0.42763,0.45349,3,41
test_382.png,10.42,375,0.42845,0.45462,2,41
test_383.png,0.0,0,0.55171,0.57739,42,133
test_383.png,0.21,8,0.55175,0.57798,22,133
test_383.png,0.52,19,0.55185,0.57831,17,133
test_383.png,1.04,37,0.55193,0.57864,16,133
test_383.png,2.08,75,0.55218,0.57916,10,133
test_383.png,5.21,188,0.55297,0.58005,8,133
test_383.png,10.42,375,0.55441,0.58189,6,133
test_384.png,0.0,0,0.52186,0.4265,56,45
test_384.png,0.21,8,0.52164,0.42666,35,45
test_384.png,0.52,19,0.52162,0.42666,34,45
test_384.png,1.04,37,0.52094,0.42528,30,45
test_384.png,2.08,75,0.51983,0.42433,22,45
test_384.png,5.21,188,0.51684,0.42511,17,45
test_384.png,10.42,375,0.51617,0.42623,14,45
test_385.png,0.0,0,0.78504,0.76993,30,173
test_385.png,0.21,8,0.78518,0.77121,17,173
test_385.png,0.52,19,0.78513,0.77137,13,173
test_385.png,1.04,37,0.78523,0.77163,12,173
test_385.png,2.08,75,0.78569,0.77274,10,173
test_385.png,5.21,188,0.78661,0.77363,6,173
test_385.png,10.42,375,0.78329,0.77122,3,173
test_386.png,0.0,0,0.58069,0.60907,38,72
test_386.png,0.21,8,0.58048,0.60857,24,72
test_386.png,0.52,19,0.58059,0.60965,19,72
test_386.png,1.04,37,0.58086,0.61015,16,72
test_386.png,2.08,75,0.58122,0.61111,14,72
test_386.png,5.21,188,0.58165,0.61507,6,72
test_386.png,10.42,375,0.57557,0.60022,3,72
test_387.png,0.0,0,0.69949,0.55904,41,89
test_387.png,0.21,8,0.69955,0.55976,28,89
test_387.png,0.52,19,0.6997,0.56082,20,89
test_387.png,1.04,37,0.70009,0.56166,17,89
test_387.png,2.08,75,0.70135,0.56315,12,89
test_387.png,5.21,188,0.70186,0.56357,6,89
test_387.png,10.42,375,0.70141,0.5618,4,89
test_388.png,0.0,0,0.77429,0.84724,12,70
test_388.png,0.21,8,0.77434,0.84769,9,70
test_388.png,0.52,19,0.77444,0.84821,7,70
test_388.png,1.04,37,0.77457,0.84866,6,70
test_388.png,2.08,75,0.77521,0.85204,3,69
test_388.png,5.21,188,0.77636,0.85653,1,68
test_388.png,10.42,375,0.77636,0.85653,1,68
test_389.png,0.0,0,0.58647,0.62504,74,25
test_389.png,0.21,8,0.58667,0.62643,53,25
test_389.png,0.52,19,0.5868,0.62767,44,25
test_389.png,1.04,37,0.58817,0.63074,34,25
test_389.png,2.08,75,0.58988,0.63469,24,25
test_389.png,5.21,188,0.59153,0.63731,16,25
test_389.png,10.42,375,0.59575,0.64114,13,25
test_390.png,0.0,0,0.72802,0.68958,52,85
test_390.png,0.21,8,0.72803,0.6904,26,85
test_390.png,0.52,19,0.72759,0.69051,18,85
test_390.png,1.04,37,0.72748,0.6909,16,85
test_390.png,2.08,75,0.72671,0.69046,11,85
test_390.png,5.21,188,0.72736,0.69237,4,83
test_390.png,10.42,375,0.72821,0.69399,3,83
test_391.png,0.0,0,0.82162,0.9242,12,25
test_391.png,0.21,8,0.82167,0.92452,7,25
test_391.png,0.52,19,0.82174,0.9247,6,25
test_391.png,1.04,37,0.82174,0.9247,6,25
test_391.png,2.08,75,0.82208,0.92576,4,25
test_391.png,5.21,188,0.82306,0.92821,2,25
test_391.png,10.42,375,0.82314,0.92829,0,25
test_392.png,0.0,0,0.6247,0.62496,72,125
test_392.png,0.21,8,0.62452,0.62464,40,125
test_392.png,0.52,19,0.6244,0.62448,26,125
test_392.png,1.04,37,0.62448,0.62522,21,125
test_392.png,2.08,75,0.62447,0.62524,12,125
test_392.png,5.21,188,0.62236,0.62263,9,125
test_392.png,10.42,375,0.62104,0.6179,7,125
test_393.png,0.0,0,0.55343,0.50121,37,37
test_393.png,0.21,8,0.55351,0.50212,20,37
test_393.png,0.52,19,0.5537,0.50257,14,37
test_393.png,1.04,37,0.55394,0.50307,12,37
test_393.png,2.08,75,0.55545,0.50456,7,37
test_393.png,5.21,188,0.55616,0.50561,4,37
test_393.png,10.42,375,0.55777,0.50725,3,37
test_394.png,0.0,0,0.81257,0.85763,18,60
test_394.png,0.21,8,0.81268,0.85867,7,60
test_394.png,0.52,19,0.8129,0.85938,5,60
test_394.png,1.04,37,0.81328,0.86048,3,60
test_394.png,2.08,75,0.81361,0.86096,2,60
test_394.png,5.21,188,0.81361,0.86096,2,60
test_394.png,10.42,375,0.8176,0.86724,0,60
test_395.png,0.0,0,0.59645,0.53047,76,45
test_395.png,0.21,8,0.59625,0.53015,54,45
test_395.png,0.52,19,0.59619,0.52894,44,45
test_395.png,1.04,37,0.59576,0.52815,32,45
test_395.png,2.08,75,0.59624,0.52962,26,45
test_395.png,5.21,188,0.59459,0.52422,11,45
test_395.png,10.42,375,0.59581,0.52618,8,45
test_396.png,0.0,0,0.80082,0.86504,11,7
test_396.png,0.21,8,0.80073,0.86507,6,7
test_396.png,0.52,19,0.80058,0.86503,3,7
test_396.png,1.04,37,0.80058,0.86503,3,7
test_396.png,2.08,75,0.80005,0.86433,2,7
test_396.png,5.21,188,0.80005,0.86433,2,7
test_396.png,10.42,375,0.80005,0.86433,2,7
test_397.png,0.0,0,0.60166,0.59656,72,31
test_397.png,0.21,8,0.60144,0.59645,51,31
test_397.png,0.52,19,0.60086,0.59586,42,31
test_397.png,1.04,37,0.60057,0.59613,35,31
test_397.png,2.08,75,0.59959,0.59518,33,31
test_397.png,5.21,188,0.59543,0.59379,22,30
test_397.png,10.42,375,0.58068,0.57585,13,25
test_398.png,0.0,0,0.63755,0.54692,85,62
test_398.png,0.21,8,0.63733,0.54728,56,62
test_398.png,0.52,19,0.63744,0.54802,45,62
test_398.png,1.04,37,0.63792,0.54919,33,62
test_398.png,2.08,75,0.63834,0.54866,26,62
test_398.png,5.21,188,0.63829,0.54919,17,61
test_398.png,10.42,375,0.6394,0.54816,8,61
test_399.png,0.0,0,0.68007,0.67993,33,84
test_399.png,0.21,8,0.68006,0.68071,19,84
test_399.png,0.52,19,0.67981,0.68034,11,84
test_399.png,1.04,37,0.67985,0.6808,8,84
test_399.png,2.08,75,0.6801,0.68141,7,84
test_399.png,5.21,188,0.68143,0.68389,4,84
test_399.png,10.42,375,0.68285,0.68804,1,84
test_400.png,0.0,0,0.84631,0.90936,6,134
test_400.png,0.21,8,0.84634,0.90965,2,134
test_400.png,0.52,19,0.84634,0.90965,2,134
test_400.png,1.04,37,0.84634,0.90965,2,134
test_400.png,2.08,75,0.84676,0.91316,0,134
test_400.png,5.21,188,0.84676,0.91316,0,134
test_400.png,10.42,375,0.84676,0.91316,0,134
test_401.png,0.0,0,0.58324,0.49011,66,36
test_401.png,0.21,8,0.58306,0.49058,42,36
test_401.png,0.52,19,0.58281,0.48962,35,36
test_401.png,1.04,37,0.58282,0.49018,29,36
test_401.png,2.08,75,0.5818,0.4883,24,36
test_401.png,5.21,188,0.57976,0.48892,19,36
test_401.png,10.42,375,0.57854,0.48095,18,36
test_402.png,0.0,0,0.39692,0.26096,30,32
test_402.png,0.21,8,0.39672,0.26076,19,32
test_402.png,0.52,19,0.39686,0.26097,14,32
test_402.png,1.04,37,0.39656,0.26091,13,32
test_402.png,2.08,75,0.39669,0.26097,12,32
test_402.png,5.21,188,0.39697,0.26116,11,32
test_402.png,10.42,375,0.38965,0.25987,8,32
test_403.png,0.0,0,0.83176,0.82743,15,77
test_403.png,0.21,8,0.8317,0.82766,8,77
test_403.png,0.52,19,0.83168,0.82777,6,77
test_403.png,1.04,37,0.8318,0.82822,5,77
test_403.png,2.08,75,0.8333,0.83269,0,77
test_403.png,5.21,188,0.8333,0.83269,0,77
test_403.png,10.42,375,0.8333,0.83269,0,77
test_404.png,0.0,0,0.69329,0.71353,53,37
test_404.png,0.21,8,0.69317,0.71386,31,37
test_404.png,0.52,19,0.69296,0.71379,25,37
test_404.png,1.04,37,0.6929,0.71367,19,37
test_404.png,2.08,75,0.69351,0.71452,12,37
test_404.png,5.21,188,0.69383,0.71543,9,37
test_404.png,10.42,375,0.69474,0.71585,6,37
test_405.png,0.0,0,0.7471,0.75813,44,50
test_405.png,0.21,8,0.74706,0.7584,33,50
test_405.png,0.52,19,0.74682,0.75875,25,50
test_405.png,1.04,37,0.74727,0.76069,20,50
test_405.png,2.08,75,0.74824,0.76259,16,50
test_405.png,5.21,188,0.75078,0.7664,9,50
test_405.png,10.42,375,0.75131,0.76799,7,50
test_406.png,0.0,0,0.37922,0.37457,108,10
test_406.png,0.21,8,0.37938,0.37563,78,10
test_406.png,0.52,19,0.3795,0.37619,67,10
test_406.png,1.04,37,0.37891,0.37688,56,10
test_406.png,2.08,75,0.3784,0.3795,40,10
test_406.png,5.21,188,0.38065,0.38328,27,10
test_406.png,10.42,375,0.36886,0.37008,21,10
test_407.png,0.0,0,0.74447,0.76031,53,41
test_407.png,0.21,8,0.7445,0.76173,29,41
test_407.png,0.52,19,0.74425,0.76282,19,41
test_407.png,1.04,37,0.74456,0.76324,14,41
test_407.png,2.08,75,0.74528,0.76528,11,41
test_407.png,5.21,188,0.74641,0.76678,6,41
test_407.png,10.42,375,0.74678,0.76712,4,39
test_408.png,0.0,0,0.36298,0.35855,54,110
test_408.png,0.21,8,0.36311,0.35947,34,110
test_408.png,0.52,19,0.36332,0.36008,27,110
test_408.png,1.04,37,0.3637,0.36113,22,110
test_408.png,2.08,75,0.3641,0.36224,14,110
test_408.png,5.21,188,0.36422,0.3627,9,110
test_408.png,10.42,375,0.36457,0.36322,7,110
test_409.png,0.0,0,0.711,0.74893,43,109
test_409.png,0.21,8,0.71104,0.74959,21,109
test_409.png,0.52,19,0.71111,0.75007,16,109
test_409.png,1.04,37,0.71124,0.75047,15,109
test_409.png,2.08,75,0.71195,0.75332,9,109
test_409.png,5.21,188,0.70965,0.75121,4,108
test_409.png,10.42,375,0.71025,0.75265,2,108
test_410.png,0.0,0,0.6206,0.63885,76,26
test_410.png,0.21,8,0.62079,0.6412,46,26
test_410.png,0.52,19,0.62092,0.64274,36,26
test_410.png,1.04,37,0.62151,0.64506,31,26
test_410.png,2.08,75,0.62258,0.64852,25,26
test_410.png,5.21,188,0.62495,0.65637,19,25
test_410.png,10.42,375,0.62664,0.65886,13,25
test_411.png,0.0,0,0.82274,0.78262,23,67
test_411.png,0.21,8,0.82258,0.78213,13,67
test_411.png,0.52,19,0.82253,0.78255,8,67
test_411.png,1.04,37,0.82255,0.78283,6,67
test_411.png,2.08,75,0.82273,0.7832,5,67
test_411.png,5.21,188,0.82311,0.784,4,67
test_411.png,10.42,375,0.82197,0.78409,3,67
test_412.png,0.0,0,0.70864,0.74484,13,54
test_412.png,0.21,8,0.70872,0.74575,8,54
test_412.png,0.52,19,0.70888,0.74695,5,54
test_412.png,1.04,37,0.7089,0.74724,3,54
test_412.png,2.08,75,0.70926,0.74804,2,54
test_412.png,5.21,188,0.70926,0.74804,2,54
test_412.png,10.42,375,0.70926,0.74804,2,54
test_413.png,0.0,0,0.72375,0.7399,41,79
test_413.png,0.21,8,0.72373,0.74058,26,79
test_413.png,0.52,19,0.72389,0.74106,23,79
test_413.png,1.04,37,0.72434,0.74283,19,79
test_413.png,2.08,75,0.72457,0.7446,13,79
test_413.png,5.21,188,0.73099,0.75671,3,79
test_413.png,10.42,375,0.73257,0.76054,1,79
test_414.png,0.0,0,0.69381,0.75076,27,80
test_414.png,0.21,8,0.69382,0.75176,14,80
test_414.png,0.52,19,0.69398,0.75276,8,80
test_414.png,1.04,37,0.69398,0.75276,8,80
test_414.png,2.08,75,0.69521,0.75674,3,80
test_414.png,5.21,188,0.6956,0.75816,2,80
test_414.png,10.42,375,0.69628,0.76008,1,80
test_415.png,0.0,0,0.67558,0.66991,63,69
test_415.png,0.21,8,0.67542,0.67,38,69
test_415.png,0.52,19,0.6751,0.66999,28,69
test_415.png,1.04,37,0.67458,0.66876,22,69
test_415.png,2.08,75,0.67425,0.66971,16,69
test_415.png,5.21,188,0.67321,0.6693,14,69
test_415.png,10.42,375,0.6744,0.67098,11,69
test_416.png,0.0,0,0.75228,0.75254,74,64
test_416.png,0.21,8,0.75208,0.75211,51,64
test_416.png,0.52,19,0.75221,0.75298,44,64
test_416.png,1.04,37,0.7525,0.75444,34,64
test_416.png,2.08,75,0.75349,0.75638,28,64
test_416.png,5.21,188,0.75787,0.76418,19,64
test_416.png,10.42,375,0.76609,0.77424,12,63
test_417.png,0.0,0,0.79694,0.89982,9,45
test_417.png,0.21,8,0.79698,0.90009,3,45
test_417.png,0.52,19,0.79698,0.90009,3,45
test_417.png,1.04,37,0.79719,0.90131,2,45
test_417.png,2.08,75,0.79762,0.90257,1,45
test_417.png,5.21,188,0.79762,0.90257,1,45
test_417.png,10.42,375,0.79762,0.90257,1,45
test_418.png,0.0,0,0.38476,0.31678,32,75
test_418.png,0.21,8,0.38454,0.31654,12,75
test_418.png,0.52,19,0.38448,0.31656,10,75
test_418.png,1.04,37,0.38409,0.31627,7,75
test_418.png,2.08,75,0.38426,0.31639,6,75
test_418.png,5.21,188,0.38459,0.31729,3,75
test_418.png,10.42,375,0.38153,0.30979,2,75
test_419.png,0.0,0,0.58335,0.59899,158,67
test_419.png,0.21,8,0.58302,0.59946,91,67
test_419.png,0.52,19,0.58248,0.60005,66,67
test_419.png,1.04,37,0.58144,0.60012,51,67
test_419.png,2.08,75,0.58189,0.59992,44,67
test_419.png,5.21,188,0.57938,0.59855,28,67
test_419.png,10.42,375,0.56836,0.58942,20,64
test_420.png,0.0,0,0.90119,0.948,13,27
test_420.png,0.21,8,0.90119,0.94823,8,27
test_420.png,0.52,19,0.90144,0.94965,5,27
test_420.png,1.04,37,0.90143,0.94981,4,27
test_420.png,2.08,75,0.90232,0.95237,1,27
test_420.png,5.21,188,0.90235,0.95297,0,27
test_420.png,10.42,375,0.90235,0.95297,0,27
