image,width_multiple,min_size,dice,cldice,betti0_err,betti1_err
test_071.png,0.0,0,0.75021,0.93153,25,20
test_071.png,0.21,8,0.75039,0.93311,7,20
test_071.png,0.52,19,0.75062,0.93391,3,20
test_071.png,1.04,37,0.75062,0.93391,3,20
test_071.png,2.08,75,0.75128,0.93577,0,19
test_071.png,5.21,188,0.75128,0.93577,0,19
test_071.png,10.42,375,0.75128,0.93577,0,19
test_072.png,0.0,0,0.87945,0.92675,54,41
test_072.png,0.21,8,0.87988,0.93095,11,41
test_072.png,0.52,19,0.88018,0.9326,5,41
test_072.png,1.04,37,0.88027,0.93306,4,41
test_072.png,2.08,75,0.88104,0.93618,1,40
test_072.png,5.21,188,0.88182,0.9376,0,39
test_072.png,10.42,375,0.88182,0.9376,0,39
test_073.png,0.0,0,0.90615,0.96551,17,43
test_073.png,0.21,8,0.90631,0.96616,1,43
test_073.png,0.52,19,0.9064,0.96649,1,43
test_073.png,1.04,37,0.9064,0.96649,1,43
test_073.png,2.08,75,0.9064,0.96649,1,43
test_073.png,5.21,188,0.9064,0.96649,1,43
test_073.png,10.42,375,0.9064,0.96649,1,43
test_074.png,0.0,0,0.9712,0.99603,2,3
test_074.png,0.21,8,0.97121,0.9961,0,3
test_074.png,0.52,19,0.97121,0.9961,0,3
test_074.png,1.04,37,0.97121,0.9961,0,3
test_074.png,2.08,75,0.97121,0.9961,0,3
test_074.png,5.21,188,0.97121,0.9961,0,3
test_074.png,10.42,375,0.97121,0.9961,0,3
test_075.png,0.0,0,0.88664,0.9824,10,4
test_075.png,0.21,8,0.88671,0.98299,1,4
test_075.png,0.52,19,0.88679,0.98336,0,4
test_075.png,1.04,37,0.88679,0.98336,0,4
test_075.png,2.08,75,0.88679,0.98336,0,4
test_075.png,5.21,188,0.88679,0.98336,0,4
test_075.png,10.42,375,0.88679,0.98336,0,4
test_076.png,0.0,0,0.92723,0.99659,1,4
test_076.png,0.21,8,0.92724,0.99663,0,4
test_076.png,0.52,19,0.92724,0.99663,0,4
test_076.png,1.04,37,0.92724,0.99663,0,4
test_076.png,2.08,75,0.92724,0.99663,0,4
test_076.png,5.21,188,0.92724,0.99663,0,4
test_076.png,10.42,375,0.92724,0.99663,0,4
test_077.png,0.0,0,0.91267,0.998,3,1
test_077.png,0.21,8,0.91269,0.99822,0,1
test_077.png,0.52,19,0.91269,0.99822,0,1
test_077.png,1.04,37,0.91269,0.99822,0,1
test_077.png,2.08,75,0.91269,0.99822,0,1
test_077.png,5.21,188,0.91269,0.99822,0,1
test_077.png,10.42,375,0.91269,0.99822,0,1
test_078.png,0.0,0,0.71495,0.9363,26,8
test_078.png,0.21,8,0.7151,0.93758,7,8
test_078.png,0.52,19,0.71531,0.93831,3,8
test_078.png,1.04,37,0.71552,0.93941,1,8
test_078.png,2.08,75,0.71575,0.93995,0,8
test_078.png,5.21,188,0.71575,0.93995,0,8
test_078.png,10.42,375,0.71575,0.93995,0,8
test_079.png,0.0,0,0.91817,0.98795,10,1
test_079.png,0.21,8,0.91824,0.9889,4,1
test_079.png,0.52,19,0.91848,0.99144,1,1
test_079.png,1.04,37,0.91868,0.9925,0,1
test_079.png,2.08,75,0.91868,0.9925,0,1
test_079.png,5.21,188,0.91868,0.9925,0,1
test_079.png,10.42,375,0.91868,0.9925,0,1
test_080.png,0.0,0,0.84183,0.98692,15,0
test_080.png,0.21,8,0.84201,0.98775,4,0
test_080.png,0.52,19,0.84207,0.98792,3,0
test_080.png,1.04,37,0.84223,0.9881,2,0
test_080.png,2.08,75,0.84257,0.98849,1,0
test_080.png,5.21,188,0.84356,0.98946,0,0
test_080.png,10.42,375,0.84356,0.98946,0,0
test_081.png,0.0,0,0.77985,0.94396,25,15
test_081.png,0.21,8,0.78007,0.94565,2,15
test_081.png,0.52,19,0.78018,0.94622,0,15
test_081.png,1.04,37,0.78018,0.94622,0,15
test_081.png,2.08,75,0.78018,0.94622,0,15
test_081.png,5.21,188,0.78018,0.94622,0,15
test_081.png,10.42,375,0.78018,0.94622,0,15
test_082.png,0.0,0,0.76363,0.93298,38,46
test_082.png,0.21,8,0.76385,0.93414,3,46
test_082.png,0.52,19,0.76387,0.93408,0,46
test_082.png,1.04,37,0.76387,0.93408,0,46
test_082.png,2.08,75,0.76387,0.93408,0,46
test_082.png,5.21,188,0.76387,0.93408,0,46
test_082.png,10.42,375,0.76387,0.93408,0,46
test_083.png,0.0,0,0.91643,0.99175,8,6
test_083.png,0.21,8,0.9164,0.99174,4,6
test_083.png,0.52,19,0.91642,0.99229,2,6
test_083.png,1.04,37,0.91652,0.99285,1,6
test_083.png,2.08,75,0.91685,0.99379,0,6
test_083.png,5.21,188,0.91685,0.99379,0,6
test_083.png,10.42,375,0.91685,0.99379,0,6
test_084.png,0.0,0,0.96102,0.99687,1,0
test_084.png,0.21,8,0.96102,0.99687,1,0
test_084.png,0.52,19,0.96102,0.99687,1,0
test_084.png,1.04,37,0.96113,0.99783,0,0
test_084.png,2.08,75,0.96113,0.99783,0,0
test_084.png,5.21,188,0.96113,0.99783,0,0
test_084.png,10.42,375,0.96113,0.99783,0,0
test_085.png,0.0,0,0.89088,0.9925,5,4
test_085.png,0.21,8,0.89098,0.99305,1,4
test_085.png,0.52,19,0.89103,0.99349,0,4
test_085.png,1.04,37,0.89103,0.99349,0,4
test_085.png,2.08,75,0.89103,0.99349,0,4
test_085.png,5.21,188,0.89103,0.99349,0,4
test_085.png,10.42,375,0.89103,0.99349,0,4
test_086.png,0.0,0,0.88696,0.97473,5,8
test_086.png,0.21,8,0.88698,0.97487,2,8
test_086.png,0.52,19,0.88715,0.97527,0,8
test_086.png,1.04,37,0.88715,0.97527,0,8
test_086.png,2.08,75,0.88715,0.97527,0,8
test_086.png,5.21,188,0.88715,0.97527,0,8
test_086.png,10.42,375,0.88715,0.97527,0,8
test_087.png,0.0,0,0.77445,0.91251,30,45
test_087.png,0.21,8,0.77468,0.9143,1,45
test_087.png,0.52,19,0.77472,0.91451,0,45
test_087.png,1.04,37,0.77472,0.91451,0,45
test_087.png,2.08,75,0.77472,0.91451,0,45
test_087.png,5.21,188,0.77472,0.91451,0,45
test_087.png,10.42,375,0.77472,0.91451,0,45
test_088.png,0.0,0,0.88077,0.99008,5,1
test_088.png,0.21,8,0.88085,0.99095,1,1
test_088.png,0.52,19,0.88091,0.99175,0,1
test_088.png,1.04,37,0.88091,0.99175,0,1
test_088.png,2.08,75,0.88091,0.99175,0,1
test_088.png,5.21,188,0.88091,0.99175,0,1
test_088.png,10.42,375,0.88091,0.99175,0,1
test_089.png,0.0,0,0.80397,0.98362,4,9
test_089.png,0.21,8,0.80403,0.98403,1,9
test_089.png,0.52,19,0.80403,0.98403,1,9
test_089.png,1.04,37,0.80417,0.98561,0,9
test_089.png,2.08,75,0.80417,0.98561,0,9
test_089.png,5.21,188,0.80417,0.98561,0,9
test_089.png,10.42,375,0.80252,0.9791,1,8
test_090.png,0.0,0,0.78031,0.93264,33,7
test_090.png,0.21,8,0.78055,0.93481,2,7
test_090.png,0.52,19,0.78059,0.93475,0,7
test_090.png,1.04,37,0.78059,0.93475,0,7
test_090.png,2.08,75,0.78059,0.93475,0,7
test_090.png,5.21,188,0.78059,0.93475,0,7
test_090.png,10.42,375,0.78059,0.93475,0,7
test_091.png,0.0,0,0.82239,0.92772,21,38
test_091.png,0.21,8,0.82251,0.92896,5,38
test_091.png,0.52,19,0.82269,0.92997,1,38
test_091.png,1.04,37,0.82277,0.93025,0,38
test_091.png,2.08,75,0.82277,0.93025,0,38
test_091.png,5.21,188,0.82277,0.93025,0,38
test_091.png,10.42,375,0.82277,0.93025,0,38
test_092.png,0.0,0,0.92717,0.99613,1,0
test_092.png,0.21,8,0.92718,0.9963,0,0
test_092.png,0.52,19,0.92718,0.9963,0,0
test_092.png,1.04,37,0.92718,0.9963,0,0
test_092.png,2.08,75,0.92718,0.9963,0,0
test_092.png,5.21,188,0.92718,0.9963,0,0
test_092.png,10.42,375,0.92718,0.9963,0,0
test_093.png,0.0,0,0.95444,0.98167,7,14
test_093.png,0.21,8,0.95451,0.98219,1,14
test_093.png,0.52,19,0.95456,0.98227,0,14
test_093.png,1.04,37,0.95456,0.98227,0,14
test_093.png,2.08,75,0.95456,0.98227,0,14
test_093.png,5.21,188,0.95456,0.98227,0,14
test_093.png,10.42,375,0.95456,0.98227,0,14
test_094.png,0.0,0,0.9035,0.99383,6,3
test_094.png,0.21,8,0.90356,0.99428,1,3
test_094.png,0.52,19,0.90356,0.99428,1,3
test_094.png,1.04,37,0.90369,0.99455,0,3
test_094.png,2.08,75,0.90369,0.99455,0,3
test_094.png,5.21,188,0.90369,0.99455,0,3
test_094.png,10.42,375,0.90369,0.99455,0,3
test_095.png,0.0,0,0.94862,0.99772,0,2
test_095.png,0.21,8,0.94862,0.99772,0,2
test_095.png,0.52,19,0.94862,0.99772,0,2
test_095.png,1.04,37,0.94862,0.99772,0,2
test_095.png,2.08,75,0.94862,0.99772,0,2
test_095.png,5.21,188,0.94862,0.99772,0,2
test_095.png,10.42,375,0.94862,0.99772,0,2
test_096.png,0.0,0,0.90147,0.99496,7,1
test_096.png,0.21,8,0.90155,0.99534,2,1
test_096.png,0.52,19,0.90167,0.99602,1,1
test_096.png,1.04,37,0.90167,0.99602,1,1
test_096.png,2.08,75,0.90201,0.99633,0,1
test_096.png,5.21,188,0.90201,0.99633,0,1
test_096.png,10.42,375,0.90201,0.99633,0,1
test_097.png,0.0,0,0.8183,0.93792,24,17
test_097.png,0.21,8,0.81848,0.93949,4,17
test_097.png,0.52,19,0.81851,0.93959,3,17
test_097.png,1.04,37,0.8187,0.94043,1,16
test_097.png,2.08,75,0.81898,0.94098,0,16
test_097.png,5.21,188,0.81898,0.94098,0,16
test_097.png,10.42,375,0.81898,0.94098,0,16
test_098.png,0.0,0,0.87501,0.92963,42,36
test_098.png,0.21,8,0.87534,0.93284,11,36
test_098.png,0.52,19,0.87555,0.9339,7,36
test_098.png,1.04,37,0.87604,0.93695,3,34
test_098.png,2.08,75,0.8764,0.93813,1,33
test_098.png,5.21,188,0.87677,0.93869,0,33
test_098.png,10.42,375,0.87677,0.93869,0,33
test_099.png,0.0,0,0.8008,0.98879,3,1
test_099.png,0.21,8,0.80083,0.98901,0,1
test_099.png,0.52,19,0.80083,0.98901,0,1
test_099.png,1.04,37,0.80083,0.98901,0,1
test_099.png,2.08,75,0.80083,0.98901,0,1
test_099.png,5.21,188,0.80083,0.98901,0,1
test_099.png,10.42,375,0.80083,0.98901,0,1
test_100.png,0.0,0,0.94566,0.99312,7,6
test_100.png,0.21,8,0.94573,0.99359,1,6
test_100.png,0.52,19,0.94577,0.99378,0,6
test_100.png,1.04,37,0.94577,0.99378,0,6
test_100.png,2.08,75,0.94577,0.99378,0,6
test_100.png,5.21,188,0.94577,0.99378,0,6
test_100.png,10.42,375,0.94577,0.99378,0,6
test_101.png,0.0,0,0.91807,0.99447,2,3
test_101.png,0.21,8,0.91811,0.99462,0,3
test_101.png,0.52,19,0.91811,0.99462,0,3
test_101.png,1.04,37,0.91811,0.99462,0,3
test_101.png,2.08,75,0.91811,0.99462,0,3
test_101.png,5.21,188,0.91811,0.99462,0,3
test_101.png,10.42,375,0.91811,0.99462,0,3
test_102.png,0.0,0,0.83022,0.9444,23,21
test_102.png,0.21,8,0.83042,0.94586,3,21
test_102.png,0.52,19,0.83055,0.94652,1,21
test_102.png,1.04,37,0.83055,0.94652,1,21
test_102.png,2.08,75,0.83076,0.94755,0,21
test_102.png,5.21,188,0.83076,0.94755,0,21
test_102.png,10.42,375,0.83076,0.94755,0,21
test_103.png,0.0,0,0.78885,0.96169,8,10
test_103.png,0.21,8,0.78894,0.96254,1,10
test_103.png,0.52,19,0.78894,0.96254,1,10
test_103.png,1.04,37,0.78894,0.96254,1,10
test_103.png,2.08,75,0.78894,0.96254,1,10
test_103.png,5.21,188,0.78955,0.96403,0,10
test_103.png,10.42,375,0.78955,0.96403,0,10
test_104.png,0.0,0,0.79573,0.93304,29,30
test_104.png,0.21,8,0.79595,0.93496,8,30
test_104.png,0.52,19,0.79612,0.93588,4,30
test_104.png,1.04,37,0.79615,0.93601,3,30
test_104.png,2.08,75,0.79671,0.93761,1,30
test_104.png,5.21,188,0.79705,0.93767,0,30
test_104.png,10.42,375,0.79705,0.93767,0,30
test_105.png,0.0,0,0.95422,0.99983,0,0
test_105.png,0.21,8,0.95422,0.99983,0,0
test_105.png,0.52,19,0.95422,0.99983,0,0
test_105.png,1.04,37,0.95422,0.99983,0,0
test_105.png,2.08,75,0.95422,0.99983,0,0
test_105.png,5.21,188,0.95422,0.99983,0,0
test_105.png,10.42,375,0.95422,0.99983,0,0
test_106.png,0.0,0,0.92817,0.99326,4,4
test_106.png,0.21,8,0.92821,0.99351,0,4
test_106.png,0.52,19,0.92821,0.99351,0,4
test_106.png,1.04,37,0.92821,0.99351,0,4
test_106.png,2.08,75,0.92821,0.99351,0,4
test_106.png,5.21,188,0.92821,0.99351,0,4
test_106.png,10.42,375,0.92821,0.99351,0,4
test_107.png,0.0,0,0.77601,0.98893,1,2
test_107.png,0.21,8,0.77601,0.98893,1,2
test_107.png,0.52,19,0.77606,0.98919,0,2
test_107.png,1.04,37,0.77606,0.98919,0,2
test_107.png,2.08,75,0.77606,0.98919,0,2
test_107.png,5.21,188,0.77606,0.98919,0,2
test_107.png,10.42,375,0.77606,0.98919,0,2
test_108.png,0.0,0,0.87268,0.98784,6,2
test_108.png,0.21,8,0.87273,0.98809,3,2
test_108.png,0.52,19,0.87273,0.98809,3,2
test_108.png,1.04,37,0.87331,0.99016,0,2
test_108.png,2.08,75,0.87331,0.99016,0,2
test_108.png,5.21,188,0.87331,0.99016,0,2
test_108.png,10.42,375,0.87331,0.99016,0,2
test_109.png,0.0,0,0.78402,0.94383,20,20
test_109.png,0.21,8,0.78418,0.94541,4,20
test_109.png,0.52,19,0.78431,0.94592,1,20
test_109.png,1.04,37,0.78443,0.94643,0,20
test_109.png,2.08,75,0.78443,0.94643,0,20
test_109.png,5.21,188,0.78443,0.94643,0,20
test_109.png,10.42,375,0.78443,0.94643,0,20
test_110.png,0.0,0,0.87856,0.99109,8,7
test_110.png,0.21,8,0.87861,0.99133,4,7
test_110.png,0.52,19,0.87868,0.99142,3,7
test_110.png,1.04,37,0.87918,0.9928,0,7
test_110.png,2.08,75,0.87918,0.9928,0,7
test_110.png,5.21,188,0.87918,0.9928,0,7
test_110.png,10.42,375,0.87918,0.9928,0,7
test_111.png,0.0,0,0.90714,0.9927,9,5
test_111.png,0.21,8,0.90725,0.99308,1,5
test_111.png,0.52,19,0.90725,0.99308,1,5
test_111.png,1.04,37,0.90745,0.99349,0,5
test_111.png,2.08,75,0.90697,0.99286,2,5
test_111.png,5.21,188,0.90697,0.99286,2,5
test_111.png,10.42,375,0.90697,0.99286,2,5
test_112.png,0.0,0,0.8687,0.9965,0,1
test_112.png,0.21,8,0.8687,0.9965,0,1
test_112.png,0.52,19,0.8687,0.9965,0,1
test_112.png,1.04,37,0.8687,0.9965,0,1
test_112.png,2.08,75,0.8687,0.9965,0,1
test_112.png,5.21,188,0.8687,0.9965,0,1
test_112.png,10.42,375,0.8687,0.9965,0,1
test_113.png,0.0,0,0.84,0.98189,11,7
test_113.png,0.21,8,0.84012,0.98247,3,7
test_113.png,0.52,19,0.84025,0.98301,1,7
test_113.png,1.04,37,0.84038,0.98342,0,7
test_113.png,2.08,75,0.84038,0.98342,0,7
test_113.png,5.21,188,0.84038,0.98342,0,7
test_113.png,10.42,375,0.84038,0.98342,0,7
test_114.png,0.0,0,0.77357,0.90784,38,50
test_114.png,0.21,8,0.77376,0.90977,7,50
test_114.png,0.52,19,0.77389,0.91074,2,50
test_114.png,1.04,37,0.77407,0.91167,0,50
test_114.png,2.08,75,0.77407,0.91167,0,50
test_114.png,5.21,188,0.77407,0.91167,0,50
test_114.png,10.42,375,0.77407,0.91167,0,50
test_115.png,0.0,0,0.94629,0.98879,3,5
test_115.png,0.21,8,0.94633,0.98911,1,5
test_115.png,0.52,19,0.94633,0.98911,1,5
test_115.png,1.04,37,0.94647,0.98995,0,5
test_115.png,2.08,75,0.94647,0.98995,0,5
test_115.png,5.21,188,0.94647,0.98995,0,5
test_115.png,10.42,375,0.94647,0.98995,0,5
test_116.png,0.0,0,0.92547,0.9959,3,3
test_116.png,0.21,8,0.92551,0.99628,0,3
test_116.png,0.52,19,0.92551,0.99628,0,3
test_116.png,1.04,37,0.92551,0.99628,0,3
test_116.png,2.08,75,0.92551,0.99628,0,3
test_116.png,5.21,188,0.92508,0.99569,1,3
test_116.png,10.42,375,0.92508,0.99569,1,3
test_117.png,0.0,0,0.96253,0.99844,0,1
test_117.png,0.21,8,0.96253,0.99844,0,1
test_117.png,0.52,19,0.96253,0.99844,0,1
test_117.png,1.04,37,0.96253,0.99844,0,1
test_117.png,2.08,75,0.96246,0.9982,1,1
test_117.png,5.21,188,0.96246,0.9982,1,1
test_117.png,10.42,375,0.96246,0.9982,1,1
test_118.png,0.0,0,0.95159,0.99806,3,2
test_118.png,0.21,8,0.95167,0.99872,0,2
test_118.png,0.52,19,0.95167,0.99872,0,2
test_118.png,1.04,37,0.95167,0.99872,0,2
test_118.png,2.08,75,0.95167,0.99872,0,2
test_118.png,5.21,188,0.95167,0.99872,0,2
test_118.png,10.42,375,0.95167,0.99872,0,2
test_119.png,0.0,0,0.96409,0.99497,5,1
test_119.png,0.21,8,0.96416,0.99547,1,1
test_119.png,0.52,19,0.96425,0.99607,0,1
test_119.png,1.04,37,0.96425,0.99607,0,1
test_119.png,2.08,75,0.96425,0.99607,0,1
test_119.png,5.21,188,0.96425,0.99607,0,1
test_119.png,10.42,375,0.96425,0.99607,0,1
test_120.png,0.0,0,0.87253,0.99817,1,3
test_120.png,0.21,8,0.87254,0.99822,0,3
test_120.png,0.52,19,0.87254,0.99822,0,3
test_120.png,1.04,37,0.87254,0.99822,0,3
test_120.png,2.08,75,0.87254,0.99822,0,3
test_120.png,5.21,188,0.87254,0.99822,0,3
test_120.png,10.42,375,0.87254,0.99822,0,3
test_121.png,0.0,0,0.71712,0.77241,44,75
test_121.png,0.21,8,0.71739,0.775,10,75
test_121.png,0.52,19,0.7175,0.77537,8,75
test_121.png,1.04,37,0.7176,0.77575,7,75
test_121.png,2.08,75,0.71824,0.77764,3,74
test_121.png,5.21,188,0.71931,0.7795,1,74
test_121.png,10.42,375,0.71931,0.7795,1,74
test_122.png,0.0,0,0.78133,0.8644,52,44
test_122.png,0.21,8,0.78184,0.86757,14,44
test_122.png,0.52,19,0.78212,0.86845,5,44
test_122.png,1.04,37,0.78187,0.86705,3,44
test_122.png,2.08,75,0.78215,0.86775,2,44
test_122.png,5.21,188,0.78213,0.86602,1,44
test_122.png,10.42,375,0.78213,0.86602,1,44
test_123.png,0.0,0,0.70909,0.75764,274,129
test_123.png,0.21,8,0.70994,0.7621,86,129
test_123.png,0.52,19,0.71025,0.76365,42,129
test_123.png,1.04,37,0.71118,0.76582,20,129
test_123.png,2.08,75,0.71244,0.76791,6,129
test_123.png,5.21,188,0.71187,0.76745,4,129
test_123.png,10.42,375,0.70477,0.75925,1,129
test_124.png,0.0,0,0.23871,0.3064,135,172
test_124.png,0.21,8,0.23835,0.30527,36,172
test_124.png,0.52,19,0.2381,0.30498,25,172
test_124.png,1.04,37,0.2378,0.30541,16,172
test_124.png,2.08,75,0.23702,0.30292,13,172
test_124.png,5.21,188,0.23573,0.30111,11,171
test_124.png,10.42,375,0.23467,0.29983,9,169
test_125.png,0.0,0,0.75715,0.87423,67,14
test_125.png,0.21,8,0.75688,0.87447,32,14
test_125.png,0.52,19,0.75665,0.87483,29,14
test_125.png,1.04,37,0.75627,0.87497,25,14
test_125.png,2.08,75,0.75402,0.87235,21,13
test_125.png,5.21,188,0.7494,0.86595,15,12
test_125.png,10.42,375,0.73506,0.85012,8,12
test_126.png,0.0,0,0.9279,0.99208,2,5
test_126.png,0.21,8,0.92788,0.99208,0,5
test_126.png,0.52,19,0.92788,0.99208,0,5
test_126.png,1.04,37,0.92788,0.99208,0,5
test_126.png,2.08,75,0.92788,0.99208,0,5
test_126.png,5.21,188,0.92788,0.99208,0,5
test_126.png,10.42,375,0.92788,0.99208,0,5
test_127.png,0.0,0,0.8473,0.94041,80,27
test_127.png,0.21,8,0.84783,0.94318,14,27
test_127.png,0.52,19,0.84812,0.94419,4,27
test_127.png,1.04,37,0.84815,0.9444,2,27
test_127.png,2.08,75,0.84833,0.94468,1,27
test_127.png,5.21,188,0.84874,0.94516,0,27
test_127.png,10.42,375,0.84874,0.94516,0,27
test_128.png,0.0,0,0.90033,0.97754,8,18
test_128.png,0.21,8,0.90032,0.97803,0,18
test_128.png,0.52,19,0.90032,0.97803,0,18
test_128.png,1.04,37,0.90032,0.97803,0,18
test_128.png,2.08,75,0.90032,0.97803,0,18
test_128.png,5.21,188,0.90032,0.97803,0,18
test_128.png,10.42,375,0.90032,0.97803,0,18
test_129.png,0.0,0,0.91092,0.97797,6,0
test_129.png,0.21,8,0.91094,0.97821,2,0
test_129.png,0.52,19,0.91085,0.97806,0,0
test_129.png,1.04,37,0.91085,0.97806,0,0
test_129.png,2.08,75,0.91085,0.97806,0,0
test_129.png,5.21,188,0.91048,0.97754,1,0
test_129.png,10.42,375,0.91048,0.97754,1,0
test_130.png,0.0,0,0.76741,0.77566,124,108
test_130.png,0.21,8,0.76832,0.78397,38,108
test_130.png,0.52,19,0.76908,0.78842,25,108
test_130.png,1.04,37,0.76974,0.79075,20,108
test_130.png,2.08,75,0.77113,0.79394,15,108
test_130.png,5.21,188,0.77754,0.81161,5,103
test_130.png,10.42,375,0.78321,0.82437,1,96
test_131.png,0.0,0,0.85501,0.93033,17,3
test_131.png,0.21,8,0.85511,0.93153,3,3
test_131.png,0.52,19,0.85519,0.93199,2,3
test_131.png,1.04,37,0.85537,0.93253,1,3
test_131.png,2.08,75,0.85558,0.933,0,3
test_131.png,5.21,188,0.85558,0.933,0,3
test_131.png,10.42,375,0.85558,0.933,0,3
test_132.png,0.0,0,0.89831,0.97872,10,21
test_132.png,0.21,8,0.89827,0.97888,3,21
test_132.png,0.52,19,0.89796,0.97853,0,21
test_132.png,1.04,37,0.89796,0.97853,0,21
test_132.png,2.08,75,0.89796,0.97853,0,21
test_132.png,5.21,188,0.89796,0.97853,0,21
test_132.png,10.42,375,0.89691,0.97624,1,21
test_133.png,0.0,0,0.59737,0.71019,99,136
test_133.png,0.21,8,0.59783,0.71399,13,136
test_133.png,0.52,19,0.59793,0.71445,4,136
test_133.png,1.04,37,0.59814,0.7152,1,136
test_133.png,2.08,75,0.59825,0.71542,0,136
test_133.png,5.21,188,0.59825,0.71542,0,136
test_133.png,10.42,375,0.59825,0.71542,0,136
test_134.png,0.0,0,0.83289,0.87348,88,56
test_134.png,0.21,8,0.83341,0.87775,24,56
test_134.png,0.52,19,0.83381,0.87944,15,56
test_134.png,1.04,37,0.83454,0.88206,8,54
test_134.png,2.08,75,0.83558,0.88566,1,53
test_134.png,5.21,188,0.83617,0.88674,0,53
test_134.png,10.42,375,0.83617,0.88674,0,53
test_135.png,0.0,0,0.85792,0.90547,46,44
test_135.png,0.21,8,0.85823,0.90894,11,44
test_135.png,0.52,19,0.85843,0.91035,5,44
test_135.png,1.04,37,0.85872,0.91145,3,44
test_135.png,2.08,75,0.85872,0.91145,3,44
test_135.png,5.21,188,0.8592,0.91346,2,44
test_135.png,10.42,375,0.85788,0.91112,1,43
test_136.png,0.0,0,0.37948,0.42206,119,161
test_136.png,0.21,8,0.37974,0.42432,31,161
test_136.png,0.52,19,0.37992,0.42514,22,161
test_136.png,1.04,37,0.38043,0.42718,15,161
test_136.png,2.08,75,0.38142,0.43002,8,161
test_136.png,5.21,188,0.38196,0.43162,6,161
test_136.png,10.42,375,0.38196,0.43162,6,161
test_137.png,0.0,0,0.64769,0.7121,210,425
test_137.png,0.21,8,0.64862,0.71753,47,425
test_137.png,0.52,19,0.64949,0.72059,14,425
test_137.png,1.04,37,0.64976,0.72137,6,425
test_137.png,2.08,75,0.65033,0.72257,0,425
test_137.png,5.21,188,0.65027,0.72292,1,423
test_137.png,10.42,375,0.64988,0.72212,2,421
test_138.png,0.0,0,0.9004,0.97731,8,5
test_138.png,0.21,8,0.90049,0.97867,0,5
test_138.png,0.52,19,0.90049,0.97867,0,5
test_138.png,1.04,37,0.90049,0.97867,0,5
test_138.png,2.08,75,0.90049,0.97867,0,5
test_138.png,5.21,188,0.90061,0.97993,1,5
test_138.png,10.42,375,0.90061,0.97993,1,5
test_139.png,0.0,0,0.58472,0.54615,166,110
test_139.png,0.21,8,0.58507,0.55067,76,110
test_139.png,0.52,19,0.58541,0.55273,54,109
test_139.png,1.04,37,0.58663,0.55705,42,109
test_139.png,2.08,75,0.58889,0.56159,33,109
test_139.png,5.21,188,0.59432,0.57052,21,105
test_139.png,10.42,375,0.59671,0.57319,13,99
test_140.png,0.0,0,0.88418,0.95342,19,14
test_140.png,0.21,8,0.8842,0.9546,5,14
test_140.png,0.52,19,0.88418,0.95524,3,14
test_140.png,1.04,37,0.88457,0.95756,1,14
test_140.png,2.08,75,0.88457,0.95756,1,14
test_140.png,5.21,188,0.88457,0.95756,1,14
test_140.png,10.42,375,0.88457,0.95756,1,14
test_141.png,0.0,0,0.89628,0.97791,6,1
test_141.png,0.21,8,0.89632,0.97863,1,1
test_141.png,0.52,19,0.89638,0.97895,0,1
test_141.png,1.04,37,0.89638,0.97895,0,1
test_141.png,2.08,75,0.89638,0.97895,0,1
test_141.png,5.21,188,0.89638,0.97895,0,1
test_141.png,10.42,375,0.89638,0.97895,0,1
test_142.png,0.0,0,0.72006,0.74892,127,83
test_142.png,0.21,8,0.72099,0.75638,42,83
test_142.png,0.52,19,0.72195,0.76047,25,83
test_142.png,1.04,37,0.72221,0.76154,23,83
test_142.png,2.08,75,0.72511,0.7696,12,82
test_142.png,5.21,188,0.72721,0.77693,6,82
test_142.png,10.42,375,0.73475,0.78957,0,82
test_143.png,0.0,0,0.85621,0.94296,36,54
test_143.png,0.21,8,0.85623,0.94434,12,54
test_143.png,0.52,19,0.85622,0.94465,10,54
test_143.png,1.04,37,0.85622,0.94465,10,54
test_143.png,2.08,75,0.85622,0.94465,10,54
test_143.png,5.21,188,0.85417,0.94126,7,53
test_143.png,10.42,375,0.85068,0.9378,5,53
test_144.png,0.0,0,0.71811,0.69354,107,129
test_144.png,0.21,8,0.71881,0.69876,39,129
test_144.png,0.52,19,0.71913,0.70004,33,129
test_144.png,1.04,37,0.72007,0.70325,25,129
test_144.png,2.08,75,0.72149,0.70667,20,129
test_144.png,5.21,188,0.72671,0.71662,12,127
test_144.png,10.42,375,0.73841,0.73748,4,123
test_145.png,0.0,0,0.80888,0.83922,86,43
test_145.png,0.21,8,0.80942,0.84447,30,43
test_145.png,0.52,19,0.81007,0.84793,19,43
test_145.png,1.04,37,0.81088,0.85176,13,42
test_145.png,2.08,75,0.81118,0.85288,10,42
test_145.png,5.21,188,0.81575,0.86598,3,40
test_145.png,10.42,375,0.81778,0.87219,1,38
test_146.png,0.0,0,0.82791,0.9244,52,57
test_146.png,0.21,8,0.82804,0.92599,11,57
test_146.png,0.52,19,0.82831,0.92698,4,57
test_146.png,1.04,37,0.82841,0.92712,3,57
test_146.png,2.08,75,0.82841,0.92712,3,57
test_146.png,5.21,188,0.82841,0.92712,3,57
test_146.png,10.42,375,0.82602,0.92261,0,57
test_147.png,0.0,0,0.29667,0.32522,190,86
test_147.png,0.21,8,0.29625,0.32476,69,86
test_147.png,0.52,19,0.29546,0.32343,53,86
test_147.png,1.04,37,0.29486,0.32279,40,84
test_147.png,2.08,75,0.29502,0.32466,31,83
test_147.png,5.21,188,0.29104,0.31897,23,82
test_147.png,10.42,375,0.28575,0.31416,18,81
test_148.png,0.0,0,0.81757,0.97731,3,1
test_148.png,0.21,8,0.81758,0.97739,1,1
test_148.png,0.52,19,0.81758,0.97739,1,1
test_148.png,1.04,37,0.81758,0.97739,1,1
test_148.png,2.08,75,0.81758,0.97739,1,1
test_148.png,5.21,188,0.81758,0.97739,1,1
test_148.png,10.42,375,0.81684,0.97642,0,1
test_149.png,0.0,0,0.81769,0.91345,36,30
test_149.png,0.21,8,0.81749,0.91289,26,30
test_149.png,0.52,19,0.8171,0.91234,23,30
test_149.png,1.04,37,0.81615,0.91096,19,30
test_149.png,2.08,75,0.81523,0.91093,17,30
test_149.png,5.21,188,0.81354,0.90833,15,30
test_149.png,10.42,375,0.80417,0.89824,11,27
test_150.png,0.0,0,0.72989,0.78044,66,49
test_150.png,0.21,8,0.7303,0.785,26,49
test_150.png,0.52,19,0.73089,0.78771,17,49
test_150.png,1.04,37,0.73189,0.79065,11,49
test_150.png,2.08,75,0.73326,0.79555,5,49
test_150.png,5.21,188,0.73534,0.79977,3,48
test_150.png,10.42,375,0.73677,0.80273,2,48
test_151.png,0.0,0,0.69693,0.75752,99,92
test_151.png,0.21,8,0.69757,0.7629,26,92
test_151.png,0.52,19,0.6981,0.76542,15,92
test_151.png,1.04,37,0.6986,0.76731,10,92
test_151.png,2.08,75,0.69897,0.7685,8,91
test_151.png,5.21,188,0.70121,0.77329,4,91
test_151.png,10.42,375,0.7024,0.77629,3,90
test_152.png,0.0,0,0.86095,0.95465,21,32
test_152.png,0.21,8,0.8609,0.95522,6,32
test_152.png,0.52,19,0.86097,0.95598,4,32
test_152.png,1.04,37,0.86104,0.95665,2,32
test_152.png,2.08,75,0.86104,0.95665,2,32
test_152.png,5.21,188,0.86031,0.95572,1,32
test_152.png,10.42,375,0.85915,0.95432,0,32
test_153.png,0.0,0,0.67118,0.74466,110,72
test_153.png,0.21,8,0.67196,0.75159,34,72
test_153.png,0.52,19,0.67267,0.75543,20,72
test_153.png,1.04,37,0.67318,0.75743,15,72
test_153.png,2.08,75,0.67483,0.76316,8,72
test_153.png,5.21,188,0.67705,0.76924,4,68
test_153.png,10.42,375,0.67985,0.77654,1,67
test_154.png,0.0,0,0.78933,0.85501,54,14
test_154.png,0.21,8,0.78962,0.85786,15,14
test_154.png,0.52,19,0.78992,0.85945,8,14
test_154.png,1.04,37,0.79025,0.8604,5,14
test_154.png,2.08,75,0.79108,0.86285,2,14
test_154.png,5.21,188,0.79219,0.86457,0,14
test_154.png,10.42,375,0.79219,0.86457,0,14
test_155.png,0.0,0,0.27166,0.27457,133,133
test_155.png,0.21,8,0.27152,0.27474,30,133
test_155.png,0.52,19,0.27134,0.27468,22,132
test_155.png,1.04,37,0.27088,0.2737,15,132
test_155.png,2.08,75,0.27129,0.27544,9,131
test_155.png,5.21,188,0.27063,0.27448,8,131
test_155.png,10.42,375,0.27112,0.27536,7,131
test_156.png,0.0,0,0.85061,0.93234,23,8
test_156.png,0.21,8,0.85039,0.93202,10,8
test_156.png,0.52,19,0.85031,0.9318,9,8
test_156.png,1.04,37,0.85031,0.9318,9,8
test_156.png,2.08,75,0.85003,0.93228,7,8
test_156.png,5.21,188,0.84761,0.92835,4,8
test_156.png,10.42,375,0.84761,0.92835,4,8
test_157.png,0.0,0,0.81942,0.73676,160,44
test_157.png,0.21,8,0.82066,0.74763,69,44
test_157.png,0.52,19,0.8216,0.75194,55,44
test_157.png,1.04,37,0.82389,0.76057,41,44
test_157.png,2.08,75,0.82851,0.77554,28,40
test_157.png,5.21,188,0.84103,0.80826,11,35
test_157.png,10.42,375,0.85806,0.85458,1,26
test_158.png,0.0,0,0.91403,0.97528,7,4
test_158.png,0.21,8,0.91405,0.97551,5,4
test_158.png,0.52,19,0.91411,0.97574,4,4
test_158.png,1.04,37,0.9143,0.97619,3,4
test_158.png,2.08,75,0.91463,0.97722,2,4
test_158.png,5.21,188,0.9164,0.97894,0,4
test_158.png,10.42,375,0.9164,0.97894,0,4
test_159.png,0.0,0,0.81629,0.87139,58,52
test_159.png,0.21,8,0.8161,0.87224,31,52
test_159.png,0.52,19,0.81587,0.87234,25,52
test_159.png,1.04,37,0.81519,0.87353,19,52
test_159.png,2.08,75,0.81361,0.87446,14,52
test_159.png,5.21,188,0.81257,0.87477,12,52
test_159.png,10.42,375,0.80589,0.87008,9,51
test_160.png,0.0,0,0.8324,0.90916,57,35
test_160.png,0.21,8,0.83211,0.90928,18,35
test_160.png,0.52,19,0.83182,0.90987,10,35
test_160.png,1.04,37,0.83163,0.91026,7,35
test_160.png,2.08,75,0.83096,0.90904,5,35
test_160.png,5.21,188,0.82959,0.9087,2,34
test_160.png,10.42,375,0.83103,0.91059,1,34
test_161.png,0.0,0,0.56767,0.70143,87,128
test_161.png,0.21,8,0.56824,0.7062,17,128
test_161.png,0.52,19,0.56838,0.70714,8,128
test_161.png,1.04,37,0.56866,0.70821,3,127
test_161.png,2.08,75,0.56896,0.70941,1,127
test_161.png,5.21,188,0.56849,0.70958,1,127
test_161.png,10.42,375,0.56849,0.70958,1,127
test_162.png,0.0,0,0.75162,0.78027,96,68
test_162.png,0.21,8,0.75189,0.7837,28,68
test_162.png,0.52,19,0.75195,0.78391,22,68
test_162.png,1.04,37,0.75223,0.78461,20,68
test_162.png,2.08,75,0.75201,0.78465,14,67
test_162.png,5.21,188,0.75021,0.78133,3,61
test_162.png,10.42,375,0.74998,0.78145,1,58
test_163.png,0.0,0,0.85365,0.9227,30,47
test_163.png,0.21,8,0.85387,0.92451,5,47
test_163.png,0.52,19,0.85395,0.92491,3,47
test_163.png,1.04,37,0.85404,0.92539,2,47
test_163.png,2.08,75,0.85424,0.9259,1,47
test_163.png,5.21,188,0.85424,0.9259,1,47
test_163.png,10.42,375,0.85294,0.92314,0,47
test_164.png,0.0,0,0.76962,0.98213,6,1
test_164.png,0.21,8,0.76966,0.9825,1,1
test_164.png,0.52,19,0.76971,0.98264,0,1
test_164.png,1.04,37,0.76971,0.98264,0,1
test_164.png,2.08,75,0.76971,0.98264,0,1
test_164.png,5.21,188,0.76971,0.98264,0,1
test_164.png,10.42,375,0.76971,0.98264,0,1
test_165.png,0.0,0,0.73044,0.8783,108,85
test_165.png,0.21,8,0.73115,0.88373,17,85
test_165.png,0.52,19,0.73168,0.88575,5,85
test_165.png,1.04,37,0.73205,0.88669,1,85
test_165.png,2.08,75,0.73219,0.88707,0,85
test_165.png,5.21,188,0.73219,0.88707,0,85
test_165.png,10.42,375,0.73219,0.88707,0,85
test_166.png,0.0,0,0.90323,0.98266,0,3
test_166.png,0.21,8,0.90323,0.98266,0,3
test_166.png,0.52,19,0.90323,0.98266,0,3
test_166.png,1.04,37,0.90323,0.98266,0,3
test_166.png,2.08,75,0.90323,0.98266,0,3
test_166.png,5.21,188,0.90323,0.98266,0,3
test_166.png,10.42,375,0.90323,0.98266,0,3
test_167.png,0.0,0,0.80824,0.95189,14,16
test_167.png,0.21,8,0.80839,0.95301,1,16
test_167.png,0.52,19,0.80844,0.95317,0,16
test_167.png,1.04,37,0.80844,0.95317,0,16
test_167.png,2.08,75,0.80844,0.95317,0,16
test_167.png,5.21,188,0.80844,0.95317,0,16
test_167.png,10.42,375,0.80844,0.95317,0,16
test_168.png,0.0,0,0.81505,0.83593,58,60
test_168.png,0.21,8,0.81543,0.83955,22,60
test_168.png,0.52,19,0.81602,0.84216,14,60
test_168.png,1.04,37,0.81671,0.84613,10,60
test_168.png,2.08,75,0.81698,0.84719,9,59
test_168.png,5.21,188,0.82151,0.85992,2,57
test_168.png,10.42,375,0.82151,0.85992,2,57
test_169.png,0.0,0,0.74365,0.78025,61,82
test_169.png,0.21,8,0.74399,0.78385,14,82
test_169.png,0.52,19,0.74423,0.78519,9,82
test_169.png,1.04,37,0.74436,0.78639,5,82
test_169.png,2.08,75,0.74464,0.78661,4,82
test_169.png,5.21,188,0.74496,0.78715,3,82
test_169.png,10.42,375,0.74668,0.7914,1,82
test_170.png,0.0,0,0.85268,0.90999,42,59
test_170.png,0.21,8,0.85299,0.91242,11,59
test_170.png,0.52,19,0.85311,0.91299,8,59
test_170.png,1.04,37,0.85324,0.91329,7,59
test_170.png,2.08,75,0.85342,0.91451,4,58
test_170.png,5.21,188,0.85431,0.91671,2,58
test_170.png,10.42,375,0.85291,0.91434,1,58
test_171.png,0.0,0,0.45657,0.42997,174,118
test_171.png,0.21,8,0.45551,0.42784,60,118
test_171.png,0.52,19,0.45518,0.42752,46,118
test_171.png,1.04,37,0.45539,0.42833,41,118
test_171.png,2.08,75,0.4565,0.43398,27,117
test_171.png,5.21,188,0.45687,0.43772,15,116
test_171.png,10.42,375,0.45561,0.43791,13,112
test_172.png,0.0,0,0.5335,0.50398,149,154
test_172.png,0.21,8,0.53274,0.50368,46,154
test_172.png,0.52,19,0.53276,0.50477,30,154
test_172.png,1.04,37,0.53211,0.50378,22,153
test_172.png,2.08,75,0.53181,0.50445,17,153
test_172.png,5.21,188,0.53201,0.5056,13,152
test_172.png,10.42,375,0.53028,0.50462,9,151
test_173.png,0.0,0,0.82642,0.87371,52,88
test_173.png,0.21,8,0.82597,0.87392,10,87
test_173.png,0.52,19,0.82587,0.8736,8,87
test_173.png,1.04,37,0.82581,0.87427,5,86
test_173.png,2.08,75,0.82581,0.87427,5,86
test_173.png,5.21,188,0.82414,0.87395,3,84
test_173.png,10.42,375,0.82414,0.87395,3,84
test_174.png,0.0,0,0.3319,0.35181,289,201
test_174.png,0.21,8,0.3305,0.34986,88,201
test_174.png,0.52,19,0.3297,0.34908,59,200
test_174.png,1.04,37,0.32844,0.34737,48,199
test_174.png,2.08,75,0.32886,0.34866,43,199
test_174.png,5.21,188,0.32553,0.34505,34,194
test_174.png,10.42,375,0.31718,0.33752,20,182
test_175.png,0.0,0,0.67744,0.81623,69,66
test_175.png,0.21,8,0.67783,0.8198,17,66
test_175.png,0.52,19,0.67813,0.82093,7,66
test_175.png,1.04,37,0.67833,0.822,2,66
test_175.png,2.08,75,0.67849,0.82238,1,66
test_175.png,5.21,188,0.67894,0.82321,0,66
test_175.png,10.42,375,0.67894,0.82321,0,66
test_176.png,0.0,0,0.69554,0.83379,64,42
test_176.png,0.21,8,0.69596,0.83659,21,42
test_176.png,0.52,19,0.69637,0.83785,14,42
test_176.png,1.04,37,0.69687,0.83919,10,42
test_176.png,2.08,75,0.69836,0.84249,4,42
test_176.png,5.21,188,0.70033,0.84726,0,42
test_176.png,10.42,375,0.70033,0.84726,0,42
test_177.png,0.0,0,0.53339,0.7328,72,155
test_177.png,0.21,8,0.53361,0.73524,9,155
test_177.png,0.52,19,0.53375,0.73592,4,155
test_177.png,1.04,37,0.53381,0.73613,3,155
test_177.png,2.08,75,0.53401,0.73642,2,155
test_177.png,5.21,188,0.53438,0.7372,0,155
test_177.png,10.42,375,0.53438,0.7372,0,155
test_178.png,0.0,0,0.66133,0.66564,165,177
test_178.png,0.21,8,0.66137,0.66861,39,177
test_178.png,0.52,19,0.66146,0.66984,20,177
test_178.png,1.04,37,0.66124,0.67026,15,177
test_178.png,2.08,75,0.66153,0.67167,10,176
test_178.png,5.21,188,0.66325,0.67534,3,174
test_178.png,10.42,375,0.66242,0.67382,2,174
test_179.png,0.0,0,0.56898,0.82267,81,80
test_179.png,0.21,8,0.56937,0.8263,17,80
test_179.png,0.52,19,0.5699,0.82851,6,79
test_179.png,1.04,37,0.5702,0.82969,2,79
test_179.png,2.08,75,0.57035,0.83008,1,79
test_179.png,5.21,188,0.57063,0.83077,0,79
test_179.png,10.42,375,0.57063,0.83077,0,79
test_180.png,0.0,0,0.54679,0.76592,86,111
test_180.png,0.21,8,0.54726,0.77027,17,111
test_180.png,0.52,19,0.54761,0.7718,9,111
test_180.png,1.04,37,0.54797,0.7733,4,111
test_180.png,2.08,75,0.54836,0.77451,1,111
test_180.png,5.21,188,0.54862,0.77515,0,111
test_180.png,10.42,375,0.54862,0.77515,0,111
test_181.png,0.0,0,0.53851,0.72966,84,111
test_181.png,0.21,8,0.53893,0.73327,30,111
test_181.png,0.52,19,0.53947,0.73581,15,110
test_181.png,1.04,37,0.54016,0.73865,6,110
test_181.png,2.08,75,0.5405,0.73963,4,110
test_181.png,5.21,188,0.53996,0.73924,1,110
test_181.png,10.42,375,0.53996,0.73924,1,110
test_182.png,0.0,0,0.68836,0.77488,76,156
test_182.png,0.21,8,0.68826,0.77604,18,156
test_182.png,0.52,19,0.68825,0.77673,8,156
test_182.png,1.04,37,0.6881,0.77734,3,156
test_182.png,2.08,75,0.68837,0.77858,1,156
test_182.png,5.21,188,0.68837,0.77858,1,156
test_182.png,10.42,375,0.6893,0.78129,0,156
test_183.png,0.0,0,0.5322,0.52351,157,140
test_183.png,0.21,8,0.53101,0.52203,43,140
test_183.png,0.52,19,0.53016,0.52172,28,140
test_183.png,1.04,37,0.5297,0.52165,23,140
test_183.png,2.08,75,0.53091,0.52488,16,140
test_183.png,5.21,188,0.53072,0.52515,11,140
test_183.png,10.42,375,0.53421,0.531,6,138
test_184.png,0.0,0,0.55012,0.628,180,180
test_184.png,0.21,8,0.55067,0.63143,33,180
test_184.png,0.52,19,0.55078,0.63182,20,180
test_184.png,1.04,37,0.55121,0.63272,8,180
test_184.png,2.08,75,0.55173,0.63377,3,180
test_184.png,5.21,188,0.55077,0.63259,1,180
test_184.png,10.42,375,0.55077,0.63259,1,180
test_185.png,0.0,0,0.80188,0.84334,68,91
test_185.png,0.21,8,0.80166,0.84561,8,91
test_185.png,0.52,19,0.80154,0.8457,5,91
test_185.png,1.04,37,0.80169,0.84644,4,91
test_185.png,2.08,75,0.80151,0.8463,3,91
test_185.png,5.21,188,0.80084,0.84746,1,91
test_185.png,10.42,375,0.80084,0.84746,1,91
test_186.png,0.0,0,0.52391,0.53175,187,237
test_186.png,0.21,8,0.5231,0.5315,46,237
test_186.png,0.52,19,0.52325,0.5326,26,237
test_186.png,1.04,37,0.5236,0.53402,19,236
test_186.png,2.08,75,0.52337,0.53412,14,233
test_186.png,5.21,188,0.52457,0.53736,10,233
test_186.png,10.42,375,0.52458,0.53742,7,232
test_187.png,0.0,0,0.56457,0.57594,164,171
test_187.png,0.21,8,0.56366,0.5745,43,171
test_187.png,0.52,19,0.56348,0.5749,32,171
test_187.png,1.04,37,0.56375,0.57695,21,170
test_187.png,2.08,75,0.56423,0.57845,18,170
test_187.png,5.21,188,0.56331,0.58017,10,170
test_187.png,10.42,375,0.56321,0.58184,8,169
test_188.png,0.0,0,0.4955,0.56512,136,90
test_188.png,0.21,8,0.49513,0.56551,55,90
test_188.png,0.52,19,0.4955,0.56696,44,90
test_188.png,1.04,37,0.49593,0.56849,39,90
test_188.png,2.08,75,0.49494,0.56813,25,88
test_188.png,5.21,188,0.49343,0.56635,18,86
test_188.png,10.42,375,0.49467,0.56726,16,86
test_189.png,0.0,0,0.53268,0.72638,78,155
test_189.png,0.21,8,0.53298,0.72925,18,155
test_189.png,0.52,19,0.53332,0.73078,9,155
test_189.png,1.04,37,0.53377,0.73208,3,155
test_189.png,2.08,75,0.53426,0.7339,0,155
test_189.png,5.21,188,0.53426,0.7339,0,155
test_189.png,10.42,375,0.53426,0.7339,0,155
test_190.png,0.0,0,0.58204,0.57004,217,77
test_190.png,0.21,8,0.58056,0.56932,82,77
test_190.png,0.52,19,0.57939,0.56895,56,77
test_190.png,1.04,37,0.57934,0.57252,36,77
test_190.png,2.08,75,0.57674,0.57263,24,77
test_190.png,5.21,188,0.57049,0.56744,15,71
test_190.png,10.42,375,0.56607,0.56403,11,71
test_191.png,0.0,0,0.55219,0.77066,81,99
test_191.png,0.21,8,0.55266,0.77506,19,99
test_191.png,0.52,19,0.55302,0.77648,9,99
test_191.png,1.04,37,0.55325,0.77751,6,99
test_191.png,2.08,75,0.55348,0.7786,3,99
test_191.png,5.21,188,0.55469,0.78085,0,99
test_191.png,10.42,375,0.55469,0.78085,0,99
test_192.png,0.0,0,0.52599,0.65775,79,174
test_192.png,0.21,8,0.52635,0.66113,15,174
test_192.png,0.52,19,0.52654,0.66222,5,174
test_192.png,1.04,37,0.52681,0.66312,1,174
test_192.png,2.08,75,0.52697,0.66372,0,174
test_192.png,5.21,188,0.52697,0.66372,0,174
test_192.png,10.42,375,0.52697,0.66372,0,174
test_193.png,0.0,0,0.63338,0.63865,160,152
test_193.png,0.21,8,0.63413,0.64437,48,152
test_193.png,0.52,19,0.635,0.6484,27,152
test_193.png,1.04,37,0.63592,0.65131,18,151
test_193.png,2.08,75,0.63743,0.65474,11,151
test_193.png,5.21,188,0.63881,0.65844,8,151
test_193.png,10.42,375,0.64561,0.67043,2,147
test_194.png,0.0,0,0.76842,0.85886,47,92
test_194.png,0.21,8,0.76817,0.85973,6,92
test_194.png,0.52,19,0.76821,0.86011,3,92
test_194.png,1.04,37,0.76782,0.8598,1,92
test_194.png,2.08,75,0.76782,0.8598,1,92
test_194.png,5.21,188,0.76782,0.8598,1,92
test_194.png,10.42,375,0.76889,0.8617,0,91
test_195.png,0.0,0,0.62864,0.63919,119,145
test_195.png,0.21,8,0.6282,0.64029,35,145
test_195.png,0.52,19,0.62776,0.64083,19,145
test_195.png,1.04,37,0.62838,0.64253,13,145
test_195.png,2.08,75,0.62838,0.64253,13,145
test_195.png,5.21,188,0.62857,0.64476,11,145
test_195.png,10.42,375,0.62756,0.64292,9,145
test_196.png,0.0,0,0.7501,0.80121,99,84
test_196.png,0.21,8,0.74982,0.80388,35,84
test_196.png,0.52,19,0.74942,0.80397,29,84
test_196.png,1.04,37,0.74915,0.80395,26,84
test_196.png,2.08,75,0.74931,0.80749,21,83
test_196.png,5.21,188,0.74779,0.80546,17,82
test_196.png,10.42,375,0.74052,0.79787,14,80
test_197.png,0.0,0,0.59327,0.58066,124,102
test_197.png,0.21,8,0.59316,0.58192,45,102
test_197.png,0.52,19,0.59336,0.58342,34,102
test_197.png,1.04,37,0.59395,0.5855,23,102
test_197.png,2.08,75,0.59486,0.58793,20,102
test_197.png,5.21,188,0.59649,0.59479,12,100
test_197.png,10.42,375,0.59958,0.60242,8,99
test_198.png,0.0,0,0.38162,0.39342,263,177
test_198.png,0.21,8,0.38013,0.39056,89,177
test_198.png,0.52,19,0.3801,0.39118,61,175
test_198.png,1.04,37,0.3802,0.39141,50,175
test_198.png,2.08,75,0.38036,0.39374,37,175
test_198.png,5.21,188,0.38135,0.39948,22,169
test_198.png,10.42,375,0.37435,0.39446,14,166
test_199.png,0.0,0,0.82997,0.88289,58,81
test_199.png,0.21,8,0.82977,0.8843,10,81
test_199.png,0.52,19,0.82984,0.88534,3,81
test_199.png,1.04,37,0.82977,0.88526,2,81
test_199.png,2.08,75,0.83001,0.88694,1,81
test_199.png,5.21,188,0.83001,0.88694,1,81
test_199.png,10.42,375,0.83001,0.88694,1,81
test_200.png,0.0,0,0.42129,0.4798,183,104
test_200.png,0.21,8,0.42164,0.48395,61,104
test_200.png,0.52,19,0.42176,0.48508,47,103
test_200.png,1.04,37,0.42243,0.4877,33,102
test_200.png,2.08,75,0.42345,0.49276,21,100
test_200.png,5.21,188,0.42375,0.49442,14,100
test_200.png,10.42,375,0.4248,0.49819,11,98
test_201.png,0.0,0,0.54316,0.66846,81,132
test_201.png,0.21,8,0.54351,0.6714,22,132
test_201.png,0.52,19,0.54397,0.67325,9,132
test_201.png,1.04,37,0.5443,0.67446,5,132
test_201.png,2.08,75,0.54492,0.67629,1,132
test_201.png,5.21,188,0.54518,0.67731,0,132
test_201.png,10.42,375,0.54518,0.67731,0,132
test_202.png,0.0,0,0.61728,0.62095,200,215
test_202.png,0.21,8,0.61754,0.6246,54,215
test_202.png,0.52,19,0.61773,0.62705,32,214
test_202.png,1.04,37,0.61747,0.62723,25,214
test_202.png,2.08,75,0.61852,0.63061,17,213
test_202.png,5.21,188,0.62141,0.63637,12,208
test_202.png,10.42,375,0.62492,0.64119,8,204
test_203.png,0.0,0,0.60376,0.83746,89,52
test_203.png,0.21,8,0.60417,0.8412,24,52
test_203.png,0.52,19,0.60479,0.84446,9,52
test_203.png,1.04,37,0.60496,0.84512,7,52
test_203.png,2.08,75,0.60572,0.84764,2,52
test_203.png,5.21,188,0.6063,0.84914,0,52
test_203.png,10.42,375,0.6063,0.84914,0,52
test_204.png,0.0,0,0.59423,0.81549,90,74
test_204.png,0.21,8,0.59465,0.81953,19,74
test_204.png,0.52,19,0.59515,0.82154,6,74
test_204.png,1.04,37,0.59542,0.82271,3,74
test_204.png,2.08,75,0.59577,0.82366,1,74
test_204.png,5.21,188,0.59603,0.82441,0,74
test_204.png,10.42,375,0.59603,0.82441,0,74
test_205.png,0.0,0,0.70321,0.73385,114,132
test_205.png,0.21,8,0.70196,0.7316,29,132
test_205.png,0.52,19,0.70117,0.73133,20,131
test_205.png,1.04,37,0.70143,0.73282,14,131
test_205.png,2.08,75,0.70083,0.73249,12,131
test_205.png,5.21,188,0.69733,0.7312,5,128
test_205.png,10.42,375,0.69698,0.73123,4,126
test_206.png,0.0,0,0.76105,0.88005,66,124
test_206.png,0.21,8,0.76108,0.88119,20,124
test_206.png,0.52,19,0.76166,0.88339,6,124
test_206.png,1.04,37,0.76171,0.88322,3,124
test_206.png,2.08,75,0.76244,0.88473,0,124
test_206.png,5.21,188,0.76244,0.88473,0,124
test_206.png,10.42,375,0.76244,0.88473,0,124
test_207.png,0.0,0,0.52479,0.51195,134,188
test_207.png,0.21,8,0.52414,0.51132,26,188
test_207.png,0.52,19,0.52373,0.51139,15,188
test_207.png,1.04,37,0.52354,0.51123,10,188
test_207.png,2.08,75,0.52339,0.51133,9,188
test_207.png,5.21,188,0.52343,0.51219,6,187
test_207.png,10.42,375,0.52431,0.51564,2,187
test_208.png,0.0,0,0.73017,0.76047,101,77
test_208.png,0.21,8,0.73053,0.76493,38,77
test_208.png,0.52,19,0.73085,0.76735,26,76
test_208.png,1.04,37,0.73181,0.77334,14,76
test_208.png,2.08,75,0.73293,0.77688,10,76
test_208.png,5.21,188,0.73491,0.78166,5,73
test_208.png,10.42,375,0.73761,0.78697,3,71
test_209.png,0.0,0,0.66235,0.62512,164,195
test_209.png,0.21,8,0.66294,0.62877,43,195
test_209.png,0.52,19,0.66352,0.6307,25,193
test_209.png,1.04,37,0.66367,0.63183,17,192
test_209.png,2.08,75,0.66399,0.63307,12,191
test_209.png,5.21,188,0.66786,0.63919,4,189
test_209.png,10.42,375,0.6692,0.64131,3,189
test_210.png,0.0,0,0.60751,0.75053,60,144
test_210.png,0.21,8,0.60765,0.75273,9,144
test_210.png,0.52,19,0.60774,0.75314,6,144
test_210.png,1.04,37,0.60802,0.75384,3,143
test_210.png,2.08,75,0.6084,0.75481,1,143
test_210.png,5.21,188,0.60891,0.75634,0,141
test_210.png,10.42,375,0.60891,0.75634,0,141
test_211.png,0.0,0,0.8096,0.86425,76,75
test_211.png,0.21,8,0.80898,0.86464,27,75
test_211.png,0.52,19,0.80882,0.86497,23,75
test_211.png,1.04,37,0.80862,0.86627,17,75
test_211.png,2.08,75,0.80811,0.86599,16,75
test_211.png,5.21,188,0.80758,0.86749,13,75
test_211.png,10.42,375,0.79638,0.85753,7,72
test_212.png,0.0,0,0.53595,0.71796,82,129
test_212.png,0.21,8,0.53627,0.72095,21,129
test_212.png,0.52,19,0.53669,0.72334,8,129
test_212.png,1.04,37,0.53715,0.72539,1,129
test_212.png,2.08,75,0.53727,0.72568,0,129
test_212.png,5.21,188,0.53727,0.72568,0,129
test_212.png,10.42,375,0.53727,0.72568,0,129
test_213.png,0.0,0,0.60041,0.61435,132,134
test_213.png,0.21,8,0.59981,0.61391,42,134
test_213.png,0.52,19,0.59937,0.61487,24,133
test_213.png,1.04,37,0.59966,0.61659,16,133
test_213.png,2.08,75,0.59945,0.61512,12,133
test_213.png,5.21,188,0.59833,0.61535,7,132
test_213.png,10.42,375,0.59672,0.61409,4,132
test_214.png,0.0,0,0.59068,0.76739,94,96
test_214.png,0.21,8,0.59109,0.7712,24,96
test_214.png,0.52,19,0.59142,0.77327,14,96
test_214.png,1.04,37,0.59203,0.77555,7,95
test_214.png,2.08,75,0.59227,0.77628,5,95
test_214.png,5.21,188,0.59324,0.77907,2,95
test_214.png,10.42,375,0.59511,0.7825,0,94
test_215.png,0.0,0,0.58277,0.76783,90,126
test_215.png,0.21,8,0.58319,0.77106,25,126
test_215.png,0.52,19,0.58368,0.77311,11,126
test_215.png,1.04,37,0.58433,0.77557,2,126
test_215.png,2.08,75,0.58468,0.77645,0,126
test_215.png,5.21,188,0.58468,0.77645,0,126
test_215.png,10.42,375,0.58468,0.77645,0,126
test_216.png,0.0,0,0.60524,0.64145,130,162
test_216.png,0.21,8,0.60575,0.64565,40,162
test_216.png,0.52,19,0.60621,0.64756,23,162
test_216.png,1.04,37,0.60708,0.64943,14,161
test_216.png,2.08,75,0.6075,0.65038,9,161
test_216.png,5.21,188,0.60925,0.6532,5,160
test_216.png,10.42,375,0.61146,0.65581,3,160
test_217.png,0.0,0,0.73827,0.88871,47,93
test_217.png,0.21,8,0.73858,0.89086,8,93
test_217.png,0.52,19,0.73885,0.89218,3,93
test_217.png,1.04,37,0.73909,0.89288,1,92
test_217.png,2.08,75,0.73928,0.89326,0,92
test_217.png,5.21,188,0.73928,0.89326,0,92
test_217.png,10.42,375,0.73928,0.89326,0,92
test_218.png,0.0,0,0.60858,0.60219,161,123
test_218.png,0.21,8,0.60797,0.60295,49,123
test_218.png,0.52,19,0.60793,0.6033,38,123
test_218.png,1.04,37,0.60755,0.60359,27,123
test_218.png,2.08,75,0.60814,0.60595,23,122
test_218.png,5.21,188,0.60682,0.60722,14,119
test_218.png,10.42,375,0.60451,0.6088,11,117
test_219.png,0.0,0,0.51999,0.47158,153,64
test_219.png,0.21,8,0.52004,0.47367,68,64
test_219.png,0.52,19,0.5201,0.47505,49,64
test_219.png,1.04,37,0.52074,0.47758,39,64
test_219.png,2.08,75,0.52186,0.48013,32,60
test_219.png,5.21,188,0.52604,0.4873,23,60
test_219.png,10.42,375,0.53262,0.49609,16,58
test_220.png,0.0,0,0.58335,0.52342,204,184
test_220.png,0.21,8,0.58382,0.52627,71,184
test_220.png,0.52,19,0.58468,0.5288,45,184
test_220.png,1.04,37,0.58541,0.5303,32,182
test_220.png,2.08,75,0.58679,0.53262,24,180
test_220.png,5.21,188,0.59062,0.53112,9,172
test_220.png,10.42,375,0.59126,0.53219,7,172
test_221.png,0.0,0,0.53169,0.56183,220,76
test_221.png,0.21,8,0.531,0.56195,91,76
test_221.png,0.52,19,0.53085,0.56278,66,76
test_221.png,1.04,37,0.53078,0.56364,55,76
test_221.png,2.08,75,0.53144,0.56644,44,75
test_221.png,5.21,188,0.52083,0.55808,29,71
test_221.png,10.42,375,0.5136,0.55175,21,65
test_222.png,0.0,0,0.49448,0.4944,99,79
test_222.png,0.21,8,0.4947,0.49667,48,79
test_222.png,0.52,19,0.49486,0.49836,37,79
test_222.png,1.04,37,0.49477,0.4988,34,79
test_222.png,2.08,75,0.49411,0.49909,24,76
test_222.png,5.21,188,0.50144,0.51356,13,74
test_222.png,10.42,375,0.50033,0.51146,9,73
test_223.png,0.0,0,0.79007,0.75488,89,22
test_223.png,0.21,8,0.79045,0.76021,44,22
test_223.png,0.52,19,0.79087,0.76427,34,22
test_223.png,1.04,37,0.79168,0.77041,24,22
test_223.png,2.08,75,0.79319,0.77823,15,22
test_223.png,5.21,188,0.79582,0.7928,9,21
test_223.png,10.42,375,0.79764,0.80301,6,21
test_224.png,0.0,0,0.80565,0.7971,45,20
test_224.png,0.21,8,0.80576,0.79923,24,20
test_224.png,0.52,19,0.80609,0.80136,20,20
test_224.png,1.04,37,0.80673,0.80351,17,20
test_224.png,2.08,75,0.8081,0.80746,14,19
test_224.png,5.21,188,0.80774,0.81005,12,19
test_224.png,10.42,375,0.817,0.83194,5,17
test_225.png,0.0,0,0.21956,0.17374,201,186
test_225.png,0.21,8,0.21921,0.17317,72,186
test_225.png,0.52,19,0.21938,0.17378,43,184
test_225.png,1.04,37,0.2195,0.17404,35,184
test_225.png,2.08,75,0.21943,0.17419,25,184
test_225.png,5.21,188,0.21854,0.17334,20,183
test_225.png,10.42,375,0.22007,0.17572,15,177
test_226.png,0.0,0,0.29368,0.25332,170,86
test_226.png,0.21,8,0.29256,0.25045,69,86
test_226.png,0.52,19,0.2917,0.24908,52,86
test_226.png,1.04,37,0.29107,0.24929,40,85
test_226.png,2.08,75,0.28873,0.24895,32,83
test_226.png,5.21,188,0.28281,0.24267,22,79
test_226.png,10.42,375,0.27777,0.23802,17,79
test_227.png,0.0,0,0.72972,0.80227,19,27
test_227.png,0.21,8,0.7297,0.80337,4,27
test_227.png,0.52,19,0.72953,0.80316,3,27
test_227.png,1.04,37,0.72966,0.80376,2,27
test_227.png,2.08,75,0.72966,0.80376,2,27
test_227.png,5.21,188,0.72966,0.80376,2,27
test_227.png,10.42,375,0.72742,0.80245,1,27
test_228.png,0.0,0,0.72884,0.76345,42,27
test_228.png,0.21,8,0.72916,0.76673,14,27
test_228.png,0.52,19,0.72932,0.76782,10,27
test_228.png,1.04,37,0.73,0.76997,6,26
test_228.png,2.08,75,0.73037,0.77131,5,26
test_228.png,5.21,188,0.73136,0.77326,4,26
test_228.png,10.42,375,0.73297,0.7753,3,26
test_229.png,0.0,0,0.81305,0.87767,28,2
test_229.png,0.21,8,0.81311,0.87948,15,2
test_229.png,0.52,19,0.8134,0.88095,12,2
test_229.png,1.04,37,0.81436,0.88467,7,2
test_229.png,2.08,75,0.81579,0.89269,4,2
test_229.png,5.21,188,0.81689,0.89497,3,2
test_229.png,10.42,375,0.81935,0.90259,2,2
test_230.png,0.0,0,0.17999,0.16252,175,75
test_230.png,0.21,8,0.17946,0.16114,91,75
test_230.png,0.52,19,0.17879,0.16081,71,75
test_230.png,1.04,37,0.17872,0.16126,59,74
test_230.png,2.08,75,0.17764,0.16114,47,73
test_230.png,5.21,188,0.17522,0.15871,38,69
test_230.png,10.42,375,0.16962,0.15105,27,65
test_231.png,0.0,0,0.7438,0.81428,16,77
test_231.png,0.21,8,0.74368,0.81461,2,77
test_231.png,0.52,19,0.74368,0.81461,2,77
test_231.png,1.04,37,0.74368,0.81461,2,77
test_231.png,2.08,75,0.74368,0.81461,2,77
test_231.png,5.21,188,0.7443,0.81559,1,77
test_231.png,10.42,375,0.74554,0.81809,0,76
test_232.png,0.0,0,0.5509,0.59711,63,57
test_232.png,0.21,8,0.5505,0.59647,22,57
test_232.png,0.52,19,0.5498,0.59496,13,57
test_232.png,1.04,37,0.54905,0.59412,9,57
test_232.png,2.08,75,0.54795,0.59349,6,57
test_232.png,5.21,188,0.54692,0.59087,5,55
test_232.png,10.42,375,0.54386,0.57897,4,55
test_233.png,0.0,0,0.83064,0.79208,61,58
test_233.png,0.21,8,0.83071,0.79431,23,58
test_233.png,0.52,19,0.83097,0.79574,20,58
test_233.png,1.04,37,0.8314,0.79801,18,58
test_233.png,2.08,75,0.83234,0.80068,15,58
test_233.png,5.21,188,0.83705,0.81145,9,55
test_233.png,10.42,375,0.83834,0.81484,8,55
test_234.png,0.0,0,0.70204,0.66042,53,47
test_234.png,0.21,8,0.70204,0.6622,28,47
test_234.png,0.52,19,0.70224,0.66404,18,47
test_234.png,1.04,37,0.70196,0.66378,17,46
test_234.png,2.08,75,0.70259,0.66614,15,46
test_234.png,5.21,188,0.70574,0.67708,7,44
test_234.png,10.42,375,0.70355,0.6809,5,44
test_235.png,0.0,0,0.61041,0.80018,45,25
test_235.png,0.21,8,0.61063,0.80228,13,25
test_235.png,0.52,19,0.61099,0.80382,7,25
test_235.png,1.04,37,0.61142,0.8053,4,25
test_235.png,2.08,75,0.61195,0.80668,2,25
test_235.png,5.21,188,0.61349,0.80906,0,25
test_235.png,10.42,375,0.61349,0.80906,0,25
test_236.png,0.0,0,0.53544,0.51795,87,96
test_236.png,0.21,8,0.53504,0.5183,41,96
test_236.png,0.52,19,0.5345,0.51722,23,96
test_236.png,1.04,37,0.53371,0.51369,20,96
test_236.png,2.08,75,0.53285,0.51307,12,96
test_236.png,5.21,188,0.5341,0.51541,9,96
test_236.png,10.42,375,0.5328,0.51666,7,96
test_237.png,0.0,0,0.82596,0.8858,32,69
test_237.png,0.21,8,0.82607,0.88716,12,69
test_237.png,0.52,19,0.82611,0.88749,11,69
test_237.png,1.04,37,0.82658,0.89023,4,68
test_237.png,2.08,75,0.82712,0.89218,1,68
test_237.png,5.21,188,0.82757,0.89435,0,67
test_237.png,10.42,375,0.82757,0.89435,0,67
test_238.png,0.0,0,0.70883,0.73258,77,45
test_238.png,0.21,8,0.70863,0.73438,29,45
test_238.png,0.52,19,0.70891,0.73491,23,45
test_238.png,1.04,37,0.7092,0.73862,15,45
test_238.png,2.08,75,0.70987,0.74047,12,45
test_238.png,5.21,188,0.71291,0.74965,8,44
test_238.png,10.42,375,0.71465,0.75424,4,40
test_239.png,0.0,0,0.29628,0.35228,99,154
test_239.png,0.21,8,0.29621,0.35249,32,154
test_239.png,0.52,19,0.2959,0.3522,20,154
test_239.png,1.04,37,0.29593,0.35281,14,153
test_239.png,2.08,75,0.29612,0.35372,12,152
test_239.png,5.21,188,0.29704,0.35616,8,152
test_239.png,10.42,375,0.298,0.3606,4,150
test_240.png,0.0,0,0.4271,0.35903,165,109
test_240.png,0.21,8,0.42701,0.36016,61,109
test_240.png,0.52,19,0.42642,0.36019,38,106
test_240.png,1.04,37,0.42616,0.36052,29,105
test_240.png,2.08,75,0.42721,0.36218,22,104
test_240.png,5.21,188,0.42493,0.35833,15,101
test_240.png,10.42,375,0.42394,0.35598,7,97
test_241.png,0.0,0,0.59615,0.60867,103,82
test_241.png,0.21,8,0.59603,0.60974,29,82
test_241.png,0.52,19,0.59574,0.60877,20,82
test_241.png,1.04,37,0.59548,0.60917,16,82
test_241.png,2.08,75,0.59493,0.60753,15,82
test_241.png,5.21,188,0.59531,0.60839,9,79
test_241.png,10.42,375,0.58867,0.60037,5,79
test_242.png,0.0,0,0.72162,0.76387,123,61
test_242.png,0.21,8,0.72146,0.76597,35,61
test_242.png,0.52,19,0.72149,0.76643,29,61
test_242.png,1.04,37,0.72121,0.7668,22,61
test_242.png,2.08,75,0.72085,0.7681,13,60
test_242.png,5.21,188,0.71863,0.7661,7,60
test_242.png,10.42,375,0.71746,0.7652,4,59
test_243.png,0.0,0,0.89115,0.98018,4,8
test_243.png,0.21,8,0.89121,0.98052,1,8
test_243.png,0.52,19,0.89125,0.9807,0,8
test_243.png,1.04,37,0.89125,0.9807,0,8
test_243.png,2.08,75,0.89125,0.9807,0,8
test_243.png,5.21,188,0.89125,0.9807,0,8
test_243.png,10.42,375,0.89125,0.9807,0,8
test_244.png,0.0,0,0.6097,0.56217,106,38
test_244.png,0.21,8,0.60984,0.56472,60,38
test_244.png,0.52,19,0.61022,0.56743,45,38
test_244.png,1.04,37,0.61077,0.5703,39,38
test_244.png,2.08,75,0.61175,0.57336,35,38
test_244.png,5.21,188,0.61304,0.58486,20,35
test_244.png,10.42,375,0.62426,0.6011,14,35
test_245.png,0.0,0,0.75977,0.74701,87,26
test_245.png,0.21,8,0.75967,0.74957,37,26
test_245.png,0.52,19,0.75925,0.74843,26,26
test_245.png,1.04,37,0.75889,0.74876,23,26
test_245.png,2.08,75,0.75867,0.74794,21,26
test_245.png,5.21,188,0.76083,0.75585,16,26
test_245.png,10.42,375,0.76282,0.76382,9,25
test_246.png,0.0,0,0.13072,0.09107,222,260
test_246.png,0.21,8,0.13064,0.09088,46,260
test_246.png,0.52,19,0.13076,0.09118,33,260
test_246.png,1.04,37,0.13095,0.09162,25,259
test_246.png,2.08,75,0.13153,0.09279,11,258
test_246.png,5.21,188,0.13037,0.08951,7,256
test_246.png,10.42,375,0.13053,0.08968,6,255
test_247.png,0.0,0,0.72086,0.73276,56,17
test_247.png,0.21,8,0.72077,0.73462,24,17
test_247.png,0.52,19,0.72052,0.73532,18,17
test_247.png,1.04,37,0.72032,0.73514,17,17
test_247.png,2.08,75,0.72159,0.73861,14,17
test_247.png,5.21,188,0.72267,0.73931,13,17
test_247.png,10.42,375,0.7248,0.74458,12,16
test_248.png,0.0,0,0.91262,0.96534,6,21
test_248.png,0.21,8,0.91267,0.96607,1,21
test_248.png,0.52,19,0.91267,0.96607,1,21
test_248.png,1.04,37,0.91279,0.96681,0,21
test_248.png,2.08,75,0.91279,0.96681,0,21
test_248.png,5.21,188,0.91279,0.96681,0,21
test_248.png,10.42,375,0.91279,0.96681,0,21
test_249.png,0.0,0,0.86038,0.84488,46,46
test_249.png,0.21,8,0.86072,0.84846,19,46
test_249.png,0.52,19,0.86089,0.84943,15,46
test_249.png,1.04,37,0.86176,0.85259,10,45
test_249.png,2.08,75,0.863,0.85656,7,45
test_249.png,5.21,188,0.86541,0.86274,4,43
test_249.png,10.42,375,0.86678,0.8649,3,43
test_250.png,0.0,0,0.86947,0.86525,29,25
test_250.png,0.21,8,0.86971,0.86859,12,25
test_250.png,0.52,19,0.86999,0.87077,9,25
test_250.png,1.04,37,0.87027,0.8718,8,25
test_250.png,2.08,75,0.87136,0.87491,5,25
test_250.png,5.21,188,0.87284,0.87875,3,25
test_250.png,10.42,375,0.87564,0.88297,2,25
test_251.png,0.0,0,0.35476,0.39465,140,188
test_251.png,0.21,8,0.35499,0.39648,47,188
test_251.png,0.52,19,0.35529,0.39786,22,188
test_251.png,1.04,37,0.35551,0.39863,13,187
test_251.png,2.08,75,0.35574,0.3995,11,187
test_251.png,5.21,188,0.35707,0.40208,6,187
test_251.png,10.42,375,0.35588,0.40099,3,185
test_252.png,0.0,0,0.37092,0.45403,107,91
test_252.png,0.21,8,0.37067,0.45436,39,91
test_252.png,0.52,19,0.37084,0.45532,29,91
test_252.png,1.04,37,0.36989,0.45444,21,91
test_252.png,2.08,75,0.36939,0.45449,16,91
test_252.png,5.21,188,0.36869,0.45284,13,90
test_252.png,10.42,375,0.36176,0.4414,7,88
test_253.png,0.0,0,0.8283,0.88691,49,45
test_253.png,0.21,8,0.82859,0.89012,14,45
test_253.png,0.52,19,0.82878,0.89137,10,45
test_253.png,1.04,37,0.82914,0.89399,7,45
test_253.png,2.08,75,0.83003,0.89608,4,45
test_253.png,5.21,188,0.83134,0.89921,2,45
test_253.png,10.42,375,0.83414,0.904,0,45
test_254.png,0.0,0,0.75782,0.72972,68,79
test_254.png,0.21,8,0.75807,0.73234,25,79
test_254.png,0.52,19,0.75859,0.73465,16,78
test_254.png,1.04,37,0.75918,0.73734,12,78
test_254.png,2.08,75,0.75986,0.7395,9,78
test_254.png,5.21,188,0.76319,0.74772,4,77
test_254.png,10.42,375,0.76562,0.75261,2,77
test_255.png,0.0,0,0.16613,0.15008,221,63
test_255.png,0.21,8,0.16532,0.14857,102,63
test_255.png,0.52,19,0.16481,0.14844,83,63
test_255.png,1.04,37,0.16385,0.14779,69,63
test_255.png,2.08,75,0.16193,0.14482,54,62
test_255.png,5.21,188,0.16021,0.14358,36,56
test_255.png,10.42,375,0.15707,0.14225,27,53
test_256.png,0.0,0,0.70149,0.69351,58,94
test_256.png,0.21,8,0.70109,0.69312,23,94
test_256.png,0.52,19,0.70059,0.69129,15,94
test_256.png,1.04,37,0.69953,0.68934,11,94
test_256.png,2.08,75,0.70046,0.69225,4,94
test_256.png,5.21,188,0.69885,0.69272,1,94
test_256.png,10.42,375,0.69885,0.69272,1,94
test_257.png,0.0,0,0.69035,0.68395,84,69
test_257.png,0.21,8,0.69058,0.68779,28,69
test_257.png,0.52,19,0.69095,0.68978,21,69
test_257.png,1.04,37,0.69145,0.69186,14,69
test_257.png,2.08,75,0.69253,0.69467,10,69
test_257.png,5.21,188,0.69431,0.69795,7,69
test_257.png,10.42,375,0.69673,0.70212,5,69
test_258.png,0.0,0,0.67412,0.68878,72,64
test_258.png,0.21,8,0.67417,0.6907,22,64
test_258.png,0.52,19,0.67448,0.69223,14,64
test_258.png,1.04,37,0.67482,0.69324,12,64
test_258.png,2.08,75,0.67545,0.69436,10,64
test_258.png,5.21,188,0.67671,0.69676,6,63
test_258.png,10.42,375,0.6796,0.70198,4,62
test_259.png,0.0,0,0.33779,0.37572,134,181
test_259.png,0.21,8,0.33763,0.37618,42,181
test_259.png,0.52,19,0.33735,0.37614,25,180
test_259.png,1.04,37,0.33719,0.37612,16,180
test_259.png,2.08,75,0.33747,0.37741,10,180
test_259.png,5.21,188,0.33504,0.37478,3,177
test_259.png,10.42,375,0.33472,0.37455,2,177
test_260.png,0.0,0,0.23103,0.22957,177,122
test_260.png,0.21,8,0.23071,0.22975,63,122
test_260.png,0.52,19,0.23088,0.23025,53,122
test_260.png,1.04,37,0.22953,0.22717,40,122
test_260.png,2.08,75,0.22931,0.22744,34,122
test_260.png,5.21,188,0.22891,0.2265,28,119
test_260.png,10.42,375,0.22171,0.22434,18,115
test_261.png,0.0,0,0.84367,0.92824,23,25
test_261.png,0.21,8,0.84383,0.92998,2,25
test_261.png,0.52,19,0.84386,0.9301,1,25
test_261.png,1.04,37,0.84386,0.9301,1,25
test_261.png,2.08,75,0.84405,0.93059,0,25
test_261.png,5.21,188,0.84405,0.93059,0,25
test_261.png,10.42,375,0.84405,0.93059,0,25
test_262.png,0.0,0,0.71867,0.76246,116,53
test_262.png,0.21,8,0.71855,0.76502,36,53
test_262.png,0.52,19,0.71861,0.76599,24,53
test_262.png,1.04,37,0.71835,0.7664,19,53
test_262.png,2.08,75,0.71819,0.7669,17,53
test_262.png,5.21,188,0.71713,0.76735,12,51
test_262.png,10.42,375,0.71154,0.76108,7,46
test_263.png,0.0,0,0.80304,0.92253,14,44
test_263.png,0.21,8,0.80312,0.9234,3,44
test_263.png,0.52,19,0.80312,0.9234,3,44
test_263.png,1.04,37,0.80344,0.92432,1,44
test_263.png,2.08,75,0.80344,0.92432,1,44
test_263.png,5.21,188,0.80401,0.92535,0,43
test_263.png,10.42,375,0.80401,0.92535,0,43
test_264.png,0.0,0,0.35365,0.42061,153,90
test_264.png,0.21,8,0.35341,0.42161,46,90
test_264.png,0.52,19,0.35336,0.42173,37,90
test_264.png,1.04,37,0.35275,0.421,30,89
test_264.png,2.08,75,0.3507,0.41483,22,89
test_264.png,5.21,188,0.34862,0.41219,17,89
test_264.png,10.42,375,0.34237,0.40493,12,88
test_265.png,0.0,0,0.29957,0.33084,160,107
test_265.png,0.21,8,0.2994,0.33136,56,107
test_265.png,0.52,19,0.29929,0.33155,40,107
test_265.png,1.04,37,0.29969,0.33308,31,107
test_265.png,2.08,75,0.30016,0.33451,27,107
test_265.png,5.21,188,0.29939,0.33449,16,100
test_265.png,10.42,375,0.3026,0.33972,11,98
test_266.png,0.0,0,0.42357,0.52549,132,54
test_266.png,0.21,8,0.42366,0.52798,53,54
test_266.png,0.52,19,0.42374,0.52897,37,53
test_266.png,1.04,37,0.4234,0.52884,30,53
test_266.png,2.08,75,0.42454,0.53079,23,52
test_266.png,5.21,188,0.42313,0.52771,19,52
test_266.png,10.42,375,0.41991,0.52185,11,52
test_267.png,0.0,0,0.69968,0.70411,53,11
test_267.png,0.21,8,0.69997,0.7084,20,11
test_267.png,0.52,19,0.69993,0.71013,17,11
test_267.png,1.04,37,0.69969,0.71151,15,11
test_267.png,2.08,75,0.70038,0.71574,13,11
test_267.png,5.21,188,0.70463,0.72686,9,11
test_267.png,10.42,375,0.70266,0.72816,7,11
test_268.png,0.0,0,0.83622,0.86708,54,38
test_268.png,0.21,8,0.83626,0.87094,19,38
test_268.png,0.52,19,0.83606,0.87151,16,38
test_268.png,1.04,37,0.83703,0.87696,10,38
test_268.png,2.08,75,0.83796,0.88002,7,38
test_268.png,5.21,188,0.83685,0.88124,5,38
test_268.png,10.42,375,0.83919,0.88975,4,38
test_269.png,0.0,0,0.8526,0.82149,49,26
test_269.png,0.21,8,0.85286,0.8247,21,26
test_269.png,0.52,19,0.85327,0.82777,16,26
test_269.png,1.04,37,0.85366,0.82932,14,26
test_269.png,2.08,75,0.85366,0.82932,14,26
test_269.png,5.21,188,0.85839,0.84403,8,24
test_269.png,10.42,375,0.86796,0.86841,3,24
test_270.png,0.0,0,0.35707,0.40323,174,106
test_270.png,0.21,8,0.35741,0.40551,60,106
test_270.png,0.52,19,0.35722,0.40567,41,106
test_270.png,1.04,37,0.35754,0.40624,29,105
test_270.png,2.08,75,0.35893,0.40915,20,104
test_270.png,5.21,188,0.35818,0.40754,17,104
test_270.png,10.42,375,0.35772,0.40836,12,100
test_271.png,0.0,0,0.63538,0.70039,47,45
test_271.png,0.21,8,0.63572,0.70363,20,45
test_271.png,0.52,19,0.63622,0.70636,14,45
test_271.png,1.04,37,0.63622,0.70636,14,45
test_271.png,2.08,75,0.63732,0.71067,11,45
test_271.png,5.21,188,0.63943,0.71674,8,44
test_271.png,10.42,375,0.64591,0.73474,5,44
test_272.png,0.0,0,0.63557,0.71144,61,32
test_272.png,0.21,8,0.63575,0.71529,24,32
test_272.png,0.52,19,0.63619,0.71822,18,32
test_272.png,1.04,37,0.636,0.71952,13,32
test_272.png,2.08,75,0.63811,0.72466,8,32
test_272.png,5.21,188,0.63591,0.72275,5,29
test_272.png,10.42,375,0.63591,0.72275,5,29
test_273.png,0.0,0,0.35466,0.29752,132,121
test_273.png,0.21,8,0.35459,0.29798,48,121
test_273.png,0.52,19,0.35483,0.29847,37,121
test_273.png,1.04,37,0.35504,0.29791,30,119
test_273.png,2.08,75,0.35624,0.29936,23,118
test_273.png,5.21,188,0.35852,0.30237,17,112
test_273.png,10.42,375,0.36039,0.30462,13,111
test_274.png,0.0,0,0.7103,0.67127,57,56
test_274.png,0.21,8,0.71067,0.67558,12,56
test_274.png,0.52,19,0.71116,0.67868,5,56
test_274.png,1.04,37,0.71116,0.67868,5,56
test_274.png,2.08,75,0.71164,0.67967,3,56
test_274.png,5.21,188,0.71164,0.67967,3,56
test_274.png,10.42,375,0.7149,0.68582,1,56
test_275.png,0.0,0,0.76364,0.92072,26,53
test_275.png,0.21,8,0.76379,0.92176,5,53
test_275.png,0.52,19,0.7639,0.92196,3,53
test_275.png,1.04,37,0.7639,0.92196,3,53
test_275.png,2.08,75,0.76417,0.92252,2,53
test_275.png,5.21,188,0.76541,0.92489,0,51
test_275.png,10.42,375,0.76541,0.92489,0,51
test_276.png,0.0,0,0.34947,0.40319,141,124
test_276.png,0.21,8,0.34925,0.40378,47,124
test_276.png,0.52,19,0.34977,0.40677,29,123
test_276.png,1.04,37,0.34928,0.40627,22,123
test_276.png,2.08,75,0.34957,0.40733,20,122
test_276.png,5.21,188,0.35118,0.41233,14,122
test_276.png,10.42,375,0.35261,0.41655,9,121
test_277.png,0.0,0,0.13093,0.12106,207,134
test_277.png,0.21,8,0.13065,0.12007,79,134
test_277.png,0.52,19,0.13085,0.1207,56,134
test_277.png,1.04,37,0.12956,0.11757,49,133
test_277.png,2.08,75,0.12888,0.1162,40,131
test_277.png,5.21,188,0.12706,0.11038,25,116
test_277.png,10.42,375,0.12491,0.10885,18,115
test_278.png,0.0,0,0.69189,0.79616,44,84
test_278.png,0.21,8,0.69197,0.79818,11,84
test_278.png,0.52,19,0.69209,0.79867,8,84
test_278.png,1.04,37,0.69248,0.80048,4,84
test_278.png,2.08,75,0.69291,0.80191,2,84
test_278.png,5.21,188,0.69291,0.80191,2,84
test_278.png,10.42,375,0.69291,0.80191,2,84
test_279.png,0.0,0,0.48601,0.56943,84,53
test_279.png,0.21,8,0.48617,0.57243,34,53
test_279.png,0.52,19,0.48623,0.57473,23,53
test_279.png,1.04,37,0.48665,0.57698,19,53
test_279.png,2.08,75,0.48684,0.57809,18,53
test_279.png,5.21,188,0.48637,0.57765,12,50
test_279.png,10.42,375,0.48546,0.57696,8,47
test_280.png,0.0,0,0.6634,0.63431,66,37
test_280.png,0.21,8,0.66367,0.63702,31,37
test_280.png,0.52,19,0.66418,0.64138,21,37
test_280.png,1.04,37,0.6644,0.64217,19,37
test_280.png,2.08,75,0.66495,0.64641,17,37
test_280.png,5.21,188,0.6686,0.66763,10,36
test_280.png,10.42,375,0.67938,0.73716,1,33
test_281.png,0.0,0,0.43523,0.50803,97,146
test_281.png,0.21,8,0.43514,0.50906,51,146
test_281.png,0.52,19,0.43488,0.50909,35,146
test_281.png,1.04,37,0.43547,0.51127,27,145
test_281.png,2.08,75,0.43568,0.51155,25,145
test_281.png,5.21,188,0.4388,0.51856,16,144
test_281.png,10.42,375,0.4475,0.53612,6,137
test_282.png,0.0,0,0.56077,0.83448,24,63
test_282.png,0.21,8,0.56101,0.8366,5,63
test_282.png,0.52,19,0.561,0.8367,3,63
test_282.png,1.04,37,0.56114,0.83725,2,63
test_282.png,2.08,75,0.56139,0.83875,1,63
test_282.png,5.21,188,0.5627,0.84286,1,63
test_282.png,10.42,375,0.56377,0.84512,2,63
test_283.png,0.0,0,0.81324,0.85113,33,46
test_283.png,0.21,8,0.81339,0.85306,10,46
test_283.png,0.52,19,0.81363,0.8542,6,46
test_283.png,1.04,37,0.81391,0.85562,4,46
test_283.png,2.08,75,0.81428,0.85754,3,46
test_283.png,5.21,188,0.81511,0.8593,2,46
test_283.png,10.42,375,0.81655,0.86379,1,45
test_284.png,0.0,0,0.38449,0.4088,23,25
test_284.png,0.21,8,0.38467,0.41098,11,25
test_284.png,0.52,19,0.385,0.41344,6,25
test_284.png,1.04,37,0.385,0.41344,6,25
test_284.png,2.08,75,0.385,0.41344,6,25
test_284.png,5.21,188,0.38648,0.41827,4,25
test_284.png,10.42,375,0.38648,0.41827,4,25
test_285.png,0.0,0,0.13666,0.08445,95,58
test_285.png,0.21,8,0.136,0.08421,38,58
test_285.png,0.52,19,0.13536,0.08405,31,58
test_285.png,1.04,37,0.13476,0.08397,26,58
test_285.png,2.08,75,0.13372,0.0819,21,58
test_285.png,5.21,188,0.13278,0.0767,19,58
test_285.png,10.42,375,0.12541,0.07522,13,55
test_286.png,0.0,0,0.41679,0.57754,42,59
test_286.png,0.21,8,0.41682,0.57924,19,59
test_286.png,0.52,19,0.41701,0.58126,13,59
test_286.png,1.04,37,0.41696,0.58155,10,59
test_286.png,2.08,75,0.41728,0.58331,8,59
test_286.png,5.21,188,0.41805,0.58578,6,59
test_286.png,10.42,375,0.41918,0.58993,5,58
test_287.png,0.0,0,0.6487,0.87068,50,67
test_287.png,0.21,8,0.64902,0.87292,17,67
test_287.png,0.52,19,0.6494,0.87473,10,67
test_287.png,1.04,37,0.64963,0.87543,8,67
test_287.png,2.08,75,0.65009,0.87703,6,67
test_287.png,5.21,188,0.65009,0.87703,6,67
test_287.png,10.42,375,0.65145,0.88062,5,67
test_288.png,0.0,0,0.3127,0.33525,85,79
test_288.png,0.21,8,0.31233,0.33522,37,79
test_288.png,0.52,19,0.31201,0.33476,30,79
test_288.png,1.04,37,0.31245,0.33595,25,79
test_288.png,2.08,75,0.31298,0.33817,18,79
test_288.png,5.21,188,0.31423,0.34329,11,76
test_288.png,10.42,375,0.31711,0.34815,7,76
test_289.png,0.0,0,0.31156,0.28685,82,112
test_289.png,0.21,8,0.31164,0.28829,25,112
test_289.png,0.52,19,0.31195,0.28962,16,112
test_289.png,1.04,37,0.31218,0.29037,13,112
test_289.png,2.08,75,0.31187,0.28863,7,112
test_289.png,5.21,188,0.31366,0.29248,2,112
test_289.png,10.42,375,0.31532,0.29611,0,112
test_290.png,0.0,0,0.05255,0.06554,90,37
test_290.png,0.21,8,0.05227,0.06477,41,37
test_290.png,0.52,19,0.05211,0.06431,30,37
test_290.png,1.04,37,0.0516,0.06224,24,37
test_290.png,2.08,75,0.04976,0.05893,20,36
test_290.png,5.21,188,0.04634,0.05432,13,36
test_290.png,10.42,375,0.01918,0.02288,6,36
test_291.png,0.0,0,0.45537,0.4447,40,28
test_291.png,0.21,8,0.4557,0.44724,20,28
test_291.png,0.52,19,0.45614,0.44877,16,28
test_291.png,1.04,37,0.45737,0.45277,10,28
test_291.png,2.08,75,0.45847,0.45715,7,27
test_291.png,5.21,188,0.4598,0.46084,6,25
test_291.png,10.42,375,0.4598,0.46084,6,25
test_292.png,0.0,0,0.55424,0.67811,41,48
test_292.png,0.21,8,0.55407,0.67825,11,48
test_292.png,0.52,19,0.55438,0.68131,2,48
test_292.png,1.04,37,0.55447,0.68194,1,48
test_292.png,2.08,75,0.55447,0.68194,1,48
test_292.png,5.21,188,0.5539,0.68077,0,47
test_292.png,10.42,375,0.5539,0.68077,0,47
test_293.png,0.0,0,0.72326,0.77813,52,46
test_293.png,0.21,8,0.72361,0.78175,18,46
test_293.png,0.52,19,0.72389,0.78315,13,46
test_293.png,1.04,37,0.72449,0.78499,9,46
test_293.png,2.08,75,0.72435,0.7857,8,46
test_293.png,5.21,188,0.72575,0.7893,5,45
test_293.png,10.42,375,0.72682,0.7917,4,45
test_294.png,0.0,0,0.80989,0.95908,12,36
test_294.png,0.21,8,0.81007,0.96001,2,36
test_294.png,0.52,19,0.81031,0.961,6,36
test_294.png,1.04,37,0.81031,0.961,6,36
test_294.png,2.08,75,0.81031,0.961,6,36
test_294.png,5.21,188,0.81085,0.96238,7,36
test_294.png,10.42,375,0.81237,0.96325,8,36
test_295.png,0.0,0,0.69074,0.70392,49,58
test_295.png,0.21,8,0.69067,0.70479,12,58
test_295.png,0.52,19,0.6907,0.70562,6,58
test_295.png,1.04,37,0.69098,0.70721,4,58
test_295.png,2.08,75,0.69125,0.7082,3,57
test_295.png,5.21,188,0.69177,0.70994,2,57
test_295.png,10.42,375,0.69177,0.70994,2,57
test_296.png,0.0,0,0.32106,0.32825,267,132
test_296.png,0.21,8,0.32125,0.33088,115,132
test_296.png,0.52,19,0.32143,0.33267,77,132
test_296.png,1.04,37,0.32217,0.33479,61,130
test_296.png,2.08,75,0.32239,0.33636,51,129
test_296.png,5.21,188,0.31929,0.33415,35,118
test_296.png,10.42,375,0.32185,0.34123,24,110
test_297.png,0.0,0,0.60559,0.7529,60,61
test_297.png,0.21,8,0.60597,0.75616,21,61
test_297.png,0.52,19,0.60637,0.75803,14,61
test_297.png,1.04,37,0.60658,0.75902,12,61
test_297.png,2.08,75,0.60717,0.76052,9,60
test_297.png,5.21,188,0.60717,0.76052,9,60
test_297.png,10.42,375,0.6088,0.7619,8,60
test_298.png,0.0,0,0.28947,0.24259,120,137
test_298.png,0.21,8,0.28987,0.24522,38,137
test_298.png,0.52,19,0.29017,0.24632,28,137
test_298.png,1.04,37,0.29072,0.2483,19,137
test_298.png,2.08,75,0.29156,0.25056,13,136
test_298.png,5.21,188,0.29263,0.25303,9,135
test_298.png,10.42,375,0.29536,0.2568,5,134
test_299.png,0.0,0,0.62441,0.65086,56,61
test_299.png,0.21,8,0.62482,0.65507,12,61
test_299.png,0.52,19,0.62509,0.65648,6,61
test_299.png,1.04,37,0.62554,0.6586,2,60
test_299.png,2.08,75,0.62604,0.66044,0,60
test_299.png,5.21,188,0.62604,0.66044,0,60
test_299.png,10.42,375,0.6257,0.65752,1,60
test_300.png,0.0,0,0.5096,0.43565,57,129
test_300.png,0.21,8,0.50995,0.43834,20,129
test_300.png,0.52,19,0.51027,0.44016,14,129
test_300.png,1.04,37,0.51052,0.44131,11,129
test_300.png,2.08,75,0.51106,0.44302,7,127
test_300.png,5.21,188,0.51239,0.44566,4,127
test_300.png,10.42,375,0.51239,0.44566,4,127
test_301.png,0.0,0,0.58871,0.68358,10,67
test_301.png,0.21,8,0.58875,0.68412,1,67
test_301.png,0.52,19,0.58875,0.68412,1,67
test_301.png,1.04,37,0.58875,0.68412,1,67
test_301.png,2.08,75,0.58875,0.68412,1,67
test_301.png,5.21,188,0.58875,0.68412,1,67
test_301.png,10.42,375,0.58875,0.68412,1,67
test_302.png,0.0,0,0.53535,0.54568,44,50
test_302.png,0.21,8,0.53559,0.54865,18,50
test_302.png,0.52,19,0.53578,0.5502,14,50
test_302.png,1.04,37,0.53578,0.54992,11,50
test_302.png,2.08,75,0.53671,0.55349,7,49
test_302.png,5.21,188,0.53905,0.56229,2,46
test_302.png,10.42,375,0.53993,0.56634,1,45
test_303.png,0.0,0,0.33764,0.36462,122,77
test_303.png,0.21,8,0.33807,0.37059,40,77
test_303.png,0.52,19,0.33839,0.37397,28,77
test_303.png,1.04,37,0.33924,0.38244,14,77
test_303.png,2.08,75,0.33986,0.38856,9,76
test_303.png,5.21,188,0.34114,0.39923,5,73
test_303.png,10.42,375,0.34114,0.39923,5,73
test_304.png,0.0,0,0.55785,0.75578,18,47
test_304.png,0.21,8,0.55799,0.7579,3,47
test_304.png,0.52,19,0.55802,0.75854,2,47
test_304.png,1.04,37,0.55817,0.76104,0,47
test_304.png,2.08,75,0.55817,0.76104,0,47
test_304.png,5.21,188,0.55817,0.76104,0,47
test_304.png,10.42,375,0.55817,0.76104,0,47
test_305.png,0.0,0,0.40263,0.39522,120,144
test_305.png,0.21,8,0.40295,0.39736,57,144
test_305.png,0.52,19,0.40347,0.39912,44,143
test_305.png,1.04,37,0.40402,0.39992,32,143
test_305.png,2.08,75,0.40409,0.39993,22,142
test_305.png,5.21,188,0.40607,0.40484,13,138
test_305.png,10.42,375,0.41185,0.4135,6,136
test_306.png,0.0,0,0.79539,0.78014,91,26
test_306.png,0.21,8,0.7964,0.78838,47,26
test_306.png,0.52,19,0.79811,0.7969,31,26
test_306.png,1.04,37,0.80044,0.80616,22,25
test_306.png,2.08,75,0.80414,0.81808,14,24
test_306.png,5.21,188,0.81295,0.84065,7,22
test_306.png,10.42,375,0.82125,0.85497,4,20
test_307.png,0.0,0,0.70908,0.81012,18,47
test_307.png,0.21,8,0.70911,0.81108,5,47
test_307.png,0.52,19,0.70923,0.81174,3,47
test_307.png,1.04,37,0.70939,0.81232,2,47
test_307.png,2.08,75,0.70939,0.81232,2,47
test_307.png,5.21,188,0.70984,0.81474,1,46
test_307.png,10.42,375,0.71124,0.81615,0,46
test_308.png,0.0,0,0.60457,0.585,146,54
test_308.png,0.21,8,0.60614,0.59506,62,54
test_308.png,0.52,19,0.60777,0.60158,44,54
test_308.png,1.04,37,0.60959,0.60647,36,54
test_308.png,2.08,75,0.61306,0.61547,29,52
test_308.png,5.21,188,0.62481,0.63609,15,51
test_308.png,10.42,375,0.63517,0.65043,11,47
test_309.png,0.0,0,0.8106,0.83912,47,31
test_309.png,0.21,8,0.81108,0.84322,13,31
test_309.png,0.52,19,0.81163,0.84602,6,30
test_309.png,1.04,37,0.81163,0.84602,6,30
test_309.png,2.08,75,0.81163,0.84602,6,30
test_309.png,5.21,188,0.81239,0.84868,5,29
test_309.png,10.42,375,0.8177,0.86034,2,28
test_310.png,0.0,0,0.80384,0.87906,35,35
test_310.png,0.21,8,0.80415,0.88206,6,35
test_310.png,0.52,19,0.80428,0.88267,4,35
test_310.png,1.04,37,0.80438,0.88303,3,35
test_310.png,2.08,75,0.80438,0.88303,3,35
test_310.png,5.21,188,0.80438,0.88303,3,35
test_310.png,10.42,375,0.80534,0.88357,2,35
test_311.png,0.0,0,0.73505,0.83788,6,17
test_311.png,0.21,8,0.73508,0.83843,3,17
test_311.png,0.52,19,0.73514,0.83905,2,17
test_311.png,1.04,37,0.73514,0.83905,2,17
test_311.png,2.08,75,0.73536,0.84117,1,17
test_311.png,5.21,188,0.73536,0.84117,1,17
test_311.png,10.42,375,0.73536,0.84117,1,17
test_312.png,0.0,0,0.69901,0.82128,17,33
test_312.png,0.21,8,0.69913,0.82244,0,33
test_312.png,0.52,19,0.69918,0.82263,1,33
test_312.png,1.04,37,0.69931,0.82331,2,33
test_312.png,2.08,75,0.69931,0.82331,2,33
test_312.png,5.21,188,0.69931,0.82331,2,33
test_312.png,10.42,375,0.69931,0.82331,2,33
test_313.png,0.0,0,0.21428,0.27305,86,63
test_313.png,0.21,8,0.21394,0.2722,27,63
test_313.png,0.52,19,0.21348,0.27062,14,63
test_313.png,1.04,37,0.2134,0.2712,8,63
test_313.png,2.08,75,0.21244,0.2695,2,63
test_313.png,5.21,188,0.21244,0.2695,2,63
test_313.png,10.42,375,0.21244,0.2695,2,63
test_314.png,0.0,0,0.4067,0.47414,88,85
test_314.png,0.21,8,0.40699,0.4783,24,85
test_314.png,0.52,19,0.40727,0.48022,15,85
test_314.png,1.04,37,0.40737,0.4812,14,85
test_314.png,2.08,75,0.40825,0.48606,8,85
test_314.png,5.21,188,0.40964,0.49218,4,84
test_314.png,10.42,375,0.41031,0.49407,3,84
test_315.png,0.0,0,0.80303,0.93248,7,27
test_315.png,0.21,8,0.80304,0.93261,6,27
test_315.png,0.52,19,0.80315,0.93325,4,27
test_315.png,1.04,37,0.8034,0.93406,2,27
test_315.png,2.08,75,0.80357,0.93449,1,27
test_315.png,5.21,188,0.80431,0.93624,0,27
test_315.png,10.42,375,0.80431,0.93624,0,27
test_316.png,0.0,0,0.17298,0.27058,45,90
test_316.png,0.21,8,0.1729,0.2704,20,90
test_316.png,0.52,19,0.17291,0.27133,12,90
test_316.png,1.04,37,0.17315,0.27338,6,90
test_316.png,2.08,75,0.17271,0.27193,4,90
test_316.png,5.21,188,0.17294,0.27285,3,90
test_316.png,10.42,375,0.1688,0.26586,2,90
test_317.png,0.0,0,0.37196,0.38923,186,141
test_317.png,0.21,8,0.37199,0.39104,61,141
test_317.png,0.52,19,0.37139,0.39015,43,140
test_317.png,1.04,37,0.37223,0.39247,31,140
test_317.png,2.08,75,0.37127,0.39265,22,140
test_317.png,5.21,188,0.37169,0.39378,15,138
test_317.png,10.42,375,0.37439,0.39848,12,130
test_318.png,0.0,0,0.79942,0.85808,14,27
test_318.png,0.21,8,0.79954,0.85929,3,27
test_318.png,0.52,19,0.79954,0.85929,3,27
test_318.png,1.04,37,0.79967,0.85986,2,27
test_318.png,2.08,75,0.79992,0.86082,1,27
test_318.png,5.21,188,0.79992,0.86082,1,27
test_318.png,10.42,375,0.79992,0.86082,1,27
test_319.png,0.0,0,0.55915,0.58989,75,52
test_319.png,0.21,8,0.55879,0.58995,28,52
test_319.png,0.52,19,0.55883,0.59109,21,52
test_319.png,1.04,37,0.55907,0.59245,19,52
test_319.png,2.08,75,0.5586,0.59299,15,51
test_319.png,5.21,188,0.55863,0.59645,10,48
test_319.png,10.42,375,0.55575,0.59219,9,48
test_320.png,0.0,0,0.49154,0.52889,125,174
test_320.png,0.21,8,0.49206,0.53287,27,174
test_320.png,0.52,19,0.49232,0.53398,14,174
test_320.png,1.04,37,0.49255,0.53475,11,173
test_320.png,2.08,75,0.49304,0.5366,8,173
test_320.png,5.21,188,0.49489,0.54075,3,172
test_320.png,10.42,375,0.49695,0.54508,0,171
test_321.png,0.0,0,0.43097,0.44357,85,56
test_321.png,0.21,8,0.43092,0.44455,30,56
test_321.png,0.52,19,0.43126,0.44608,21,56
test_321.png,1.04,37,0.43135,0.44781,15,56
test_321.png,2.08,75,0.42896,0.44502,10,55
test_321.png,5.21,188,0.43173,0.45087,6,55
test_321.png,10.42,375,0.43173,0.45087,6,55
test_322.png,0.0,0,0.71246,0.70487,138,105
test_322.png,0.21,8,0.71276,0.70797,41,105
test_322.png,0.52,19,0.71314,0.7103,26,105
test_322.png,1.04,37,0.71297,0.71063,19,105
test_322.png,2.08,75,0.71278,0.71127,16,105
test_322.png,5.21,188,0.71338,0.71392,10,105
test_322.png,10.42,375,0.71471,0.71597,7,104
test_323.png,0.0,0,0.57694,0.59174,105,97
test_323.png,0.21,8,0.57751,0.59668,45,97
test_323.png,0.52,19,0.5779,0.59935,36,97
test_323.png,1.04,37,0.57921,0.60343,27,96
test_323.png,2.08,75,0.58033,0.60677,20,94
test_323.png,5.21,188,0.58448,0.61633,13,91
test_323.png,10.42,375,0.59221,0.63713,8,81
test_324.png,0.0,0,0.89552,0.97274,16,18
test_324.png,0.21,8,0.89554,0.97372,3,18
test_324.png,0.52,19,0.89574,0.9748,0,18
test_324.png,1.04,37,0.89574,0.9748,0,18
test_324.png,2.08,75,0.89574,0.9748,0,18
test_324.png,5.21,188,0.89574,0.9748,0,18
test_324.png,10.42,375,0.89574,0.9748,0,18
test_325.png,0.0,0,0.90464,0.98188,8,11
test_325.png,0.21,8,0.9047,0.98237,2,11
test_325.png,0.52,19,0.9047,0.98237,2,11
test_325.png,1.04,37,0.90476,0.98279,1,11
test_325.png,2.08,75,0.90502,0.9831,0,11
test_325.png,5.21,188,0.90502,0.9831,0,11
test_325.png,10.42,375,0.90502,0.9831,0,11
test_326.png,0.0,0,0.91564,0.97855,9,15
test_326.png,0.21,8,0.91574,0.97971,0,15
test_326.png,0.52,19,0.91579,0.97999,1,15
test_326.png,1.04,37,0.91579,0.97999,1,15
test_326.png,2.08,75,0.91579,0.97999,1,15
test_326.png,5.21,188,0.91579,0.97999,1,15
test_326.png,10.42,375,0.91579,0.97999,1,15
test_327.png,0.0,0,0.76851,0.86832,15,7
test_327.png,0.21,8,0.76852,0.86875,8,7
test_327.png,0.52,19,0.76824,0.86831,5,7
test_327.png,1.04,37,0.7684,0.86903,4,7
test_327.png,2.08,75,0.7684,0.86903,4,7
test_327.png,5.21,188,0.76723,0.86698,2,7
test_327.png,10.42,375,0.76497,0.86543,0,7
test_328.png,0.0,0,0.88145,0.96702,36,10
test_328.png,0.21,8,0.881,0.96633,11,10
test_328.png,0.52,19,0.88075,0.96574,8,10
test_328.png,1.04,37,0.88032,0.96491,6,10
test_328.png,2.08,75,0.87937,0.96377,3,11
test_328.png,5.21,188,0.87822,0.9618,2,12
test_328.png,10.42,375,0.87694,0.95961,1,12
test_329.png,0.0,0,0.86546,0.96909,0,5
test_329.png,0.21,8,0.86546,0.96909,0,5
test_329.png,0.52,19,0.86546,0.96909,0,5
test_329.png,1.04,37,0.86546,0.96909,0,5
test_329.png,2.08,75,0.86546,0.96909,0,5
test_329.png,5.21,188,0.86546,0.96909,0,5
test_329.png,10.42,375,0.86546,0.96909,0,5
test_330.png,0.0,0,0.93023,0.99504,1,1
test_330.png,0.21,8,0.93021,0.99498,0,1
test_330.png,0.52,19,0.93021,0.99498,0,1
test_330.png,1.04,37,0.93021,0.99498,0,1
test_330.png,2.08,75,0.93021,0.99498,0,1
test_330.png,5.21,188,0.93021,0.99498,0,1
test_330.png,10.42,375,0.93021,0.99498,0,1
test_331.png,0.0,0,0.63626,0.58137,79,94
test_331.png,0.21,8,0.63643,0.58267,19,94
test_331.png,0.52,19,0.63646,0.58306,15,94
test_331.png,1.04,37,0.63654,0.584,11,94
test_331.png,2.08,75,0.63742,0.58683,7,93
test_331.png,5.21,188,0.63893,0.5898,4,93
test_331.png,10.42,375,0.63991,0.59088,3,93
test_332.png,0.0,0,0.92316,0.97257,5,2
test_332.png,0.21,8,0.92323,0.97341,0,2
test_332.png,0.52,19,0.92323,0.97341,0,2
test_332.png,1.04,37,0.92323,0.97341,0,2
test_332.png,2.08,75,0.92323,0.97341,0,2
test_332.png,5.21,188,0.92323,0.97341,0,2
test_332.png,10.42,375,0.92323,0.97341,0,2
test_333.png,0.0,0,0.85193,0.9404,19,20
test_333.png,0.21,8,0.85201,0.94114,5,20
test_333.png,0.52,19,0.85209,0.94138,2,20
test_333.png,1.04,37,0.85209,0.94138,2,20
test_333.png,2.08,75,0.8521,0.94152,0,20
test_333.png,5.21,188,0.8521,0.94152,0,20
test_333.png,10.42,375,0.8521,0.94152,0,20
test_334.png,0.0,0,0.89654,0.98279,7,5
test_334.png,0.21,8,0.89661,0.98327,1,5
test_334.png,0.52,19,0.89661,0.98327,1,5
test_334.png,1.04,37,0.89661,0.98327,1,5
test_334.png,2.08,75,0.89686,0.98412,0,5
test_334.png,5.21,188,0.89686,0.98412,0,5
test_334.png,10.42,375,0.89597,0.98197,1,5
test_335.png,0.0,0,0.92744,0.97265,8,18
test_335.png,0.21,8,0.92753,0.97377,3,18
test_335.png,0.52,19,0.92764,0.97436,1,18
test_335.png,1.04,37,0.92764,0.97436,1,18
test_335.png,2.08,75,0.92795,0.97638,0,18
test_335.png,5.21,188,0.92795,0.97638,0,18
test_335.png,10.42,375,0.92795,0.97638,0,18
test_336.png,0.0,0,0.67507,0.68013,146,89
test_336.png,0.21,8,0.6746,0.68147,56,89
test_336.png,0.52,19,0.67423,0.68129,38,89
test_336.png,1.04,37,0.6738,0.68187,33,88
test_336.png,2.08,75,0.6731,0.68327,24,88
test_336.png,5.21,188,0.67007,0.67785,14,86
test_336.png,10.42,375,0.66843,0.67981,11,85
test_337.png,0.0,0,0.62283,0.58974,105,61
test_337.png,0.21,8,0.62306,0.59214,47,61
test_337.png,0.52,19,0.62339,0.59373,32,61
test_337.png,1.04,37,0.62419,0.59587,26,61
test_337.png,2.08,75,0.62593,0.60075,20,58
test_337.png,5.21,188,0.63141,0.61016,10,58
test_337.png,10.42,375,0.63331,0.61286,7,58
test_338.png,0.0,0,0.90595,0.93342,34,28
test_338.png,0.21,8,0.90601,0.93553,10,28
test_338.png,0.52,19,0.90615,0.9371,4,28
test_338.png,1.04,37,0.90601,0.93707,3,28
test_338.png,2.08,75,0.90604,0.93809,1,28
test_338.png,5.21,188,0.90592,0.93781,0,28
test_338.png,10.42,375,0.90592,0.93781,0,28
test_339.png,0.0,0,0.9179,0.99779,2,5
test_339.png,0.21,8,0.91789,0.99795,0,5
test_339.png,0.52,19,0.91789,0.99795,0,5
test_339.png,1.04,37,0.91789,0.99795,0,5
test_339.png,2.08,75,0.91789,0.99795,0,5
test_339.png,5.21,188,0.91789,0.99795,0,5
test_339.png,10.42,375,0.91789,0.99795,0,5
test_340.png,0.0,0,0.91544,0.99914,1,1
test_340.png,0.21,8,0.91545,0.99924,0,1
test_340.png,0.52,19,0.91545,0.99924,0,1
test_340.png,1.04,37,0.91545,0.99924,0,1
test_340.png,2.08,75,0.91545,0.99924,0,1
test_340.png,5.21,188,0.91545,0.99924,0,1
test_340.png,10.42,375,0.91545,0.99924,0,1
test_341.png,0.0,0,0.44453,0.47585,101,64
test_341.png,0.21,8,0.4451,0.48206,47,64
test_341.png,0.52,19,0.44543,0.48618,31,64
test_341.png,1.04,37,0.44536,0.48839,24,64
test_341.png,2.08,75,0.44538,0.49009,21,62
test_341.png,5.21,188,0.44765,0.49647,15,61
test_341.png,10.42,375,0.45417,0.51021,11,59
test_342.png,0.0,0,0.68303,0.64743,116,44
test_342.png,0.21,8,0.68209,0.64796,52,44
test_342.png,0.52,19,0.68081,0.64663,33,44
test_342.png,1.04,37,0.67948,0.64555,24,44
test_342.png,2.08,75,0.67878,0.64827,17,44
test_342.png,5.21,188,0.67758,0.64855,13,43
test_342.png,10.42,375,0.68384,0.66129,7,42
test_343.png,0.0,0,0.87813,0.97284,21,11
test_343.png,0.21,8,0.87833,0.97462,6,11
test_343.png,0.52,19,0.87833,0.97462,6,11
test_343.png,1.04,37,0.87868,0.97594,2,10
test_343.png,2.08,75,0.87893,0.9765,1,10
test_343.png,5.21,188,0.87928,0.97796,0,10
test_343.png,10.42,375,0.87928,0.97796,0,10
test_344.png,0.0,0,0.54409,0.50509,144,55
test_344.png,0.21,8,0.54329,0.50385,77,55
test_344.png,0.52,19,0.54268,0.50428,57,55
test_344.png,1.04,37,0.54079,0.50322,45,55
test_344.png,2.08,75,0.54248,0.50892,29,54
test_344.png,5.21,188,0.5372,0.50964,19,53
test_344.png,10.42,375,0.53541,0.51,13,52
test_345.png,0.0,0,0.78008,0.81648,40,28
test_345.png,0.21,8,0.78005,0.81789,13,28
test_345.png,0.52,19,0.78,0.81904,8,28
test_345.png,1.04,37,0.78026,0.82024,6,28
test_345.png,2.08,75,0.78079,0.8225,4,28
test_345.png,5.21,188,0.78175,0.82555,2,28
test_345.png,10.42,375,0.78293,0.82831,1,28
test_346.png,0.0,0,0.89344,0.95704,35,13
test_346.png,0.21,8,0.89355,0.95888,10,13
test_346.png,0.52,19,0.89383,0.96183,3,12
test_346.png,1.04,37,0.89383,0.96183,3,12
test_346.png,2.08,75,0.89419,0.96244,1,12
test_346.png,5.21,188,0.89419,0.96244,1,12
test_346.png,10.42,375,0.89419,0.96244,1,12
test_347.png,0.0,0,0.72555,0.88321,53,13
test_347.png,0.21,8,0.72567,0.88522,19,13
test_347.png,0.52,19,0.72593,0.88678,12,13
test_347.png,1.04,37,0.72605,0.88711,11,13
test_347.png,2.08,75,0.72627,0.88763,10,13
test_347.png,5.21,188,0.72681,0.88897,9,13
test_347.png,10.42,375,0.72681,0.88897,9,13
test_348.png,0.0,0,0.71787,0.87752,32,30
test_348.png,0.21,8,0.71796,0.87902,11,30
test_348.png,0.52,19,0.71828,0.88045,6,30
test_348.png,1.04,37,0.71846,0.88123,5,30
test_348.png,2.08,75,0.71885,0.88279,2,30
test_348.png,5.21,188,0.71926,0.88364,0,30
test_348.png,10.42,375,0.71926,0.88364,0,30
test_349.png,0.0,0,0.90005,0.9469,23,13
test_349.png,0.21,8,0.90023,0.94872,4,13
test_349.png,0.52,19,0.90036,0.94919,2,13
test_349.png,1.04,37,0.90036,0.94919,2,13
test_349.png,2.08,75,0.90043,0.94967,0,13
test_349.png,5.21,188,0.90043,0.94967,0,13
test_349.png,10.42,375,0.90043,0.94967,0,13
test_350.png,0.0,0,0.80764,0.96235,23,13
test_350.png,0.21,8,0.8078,0.96404,7,13
test_350.png,0.52,19,0.80819,0.96643,1,13
test_350.png,1.04,37,0.80838,0.96699,0,13
test_350.png,2.08,75,0.80838,0.96699,0,13
test_350.png,5.21,188,0.80838,0.96699,0,13
test_350.png,10.42,375,0.80838,0.96699,0,13
test_351.png,0.0,0,0.88489,0.92497,63,42
test_351.png,0.21,8,0.88527,0.92893,11,42
test_351.png,0.52,19,0.88563,0.93073,5,42
test_351.png,1.04,37,0.88598,0.93176,2,42
test_351.png,2.08,75,0.88656,0.93383,1,42
test_351.png,5.21,188,0.88656,0.93383,1,42
test_351.png,10.42,375,0.88656,0.93383,1,42
test_352.png,0.0,0,0.91677,0.9816,14,12
test_352.png,0.21,8,0.91686,0.98288,2,12
test_352.png,0.52,19,0.91695,0.98381,1,12
test_352.png,1.04,37,0.91695,0.98381,1,12
test_352.png,2.08,75,0.91695,0.98381,1,12
test_352.png,5.21,188,0.91742,0.98532,0,12
test_352.png,10.42,375,0.91742,0.98532,0,12
test_353.png,0.0,0,0.89566,0.98088,10,4
test_353.png,0.21,8,0.89574,0.98168,4,4
test_353.png,0.52,19,0.89574,0.98168,4,4
test_353.png,1.04,37,0.89592,0.98211,3,4
test_353.png,2.08,75,0.89626,0.98304,2,4
test_353.png,5.21,188,0.89676,0.98471,1,4
test_353.png,10.42,375,0.89784,0.98695,0,4
test_354.png,0.0,0,0.88742,0.99014,5,2
test_354.png,0.21,8,0.8874,0.99035,1,2
test_354.png,0.52,19,0.88749,0.99116,0,2
test_354.png,1.04,37,0.88749,0.99116,0,2
test_354.png,2.08,75,0.88749,0.99116,0,2
test_354.png,5.21,188,0.88749,0.99116,0,2
test_354.png,10.42,375,0.88749,0.99116,0,2
test_355.png,0.0,0,0.91645,0.97352,3,5
test_355.png,0.21,8,0.9165,0.97415,1,5
test_355.png,0.52,19,0.91657,0.9746,0,5
test_355.png,1.04,37,0.91657,0.9746,0,5
test_355.png,2.08,75,0.91657,0.9746,0,5
test_355.png,5.21,188,0.91657,0.9746,0,5
test_355.png,10.42,375,0.91657,0.9746,0,5
test_356.png,0.0,0,0.88698,0.96751,19,20
test_356.png,0.21,8,0.88698,0.96814,6,20
test_356.png,0.52,19,0.88709,0.96892,4,20
test_356.png,1.04,37,0.8871,0.96928,3,20
test_356.png,2.08,75,0.88729,0.97048,2,20
test_356.png,5.21,188,0.88729,0.97048,2,20
test_356.png,10.42,375,0.88729,0.97048,2,20
test_357.png,0.0,0,0.93095,0.99822,1,0
test_357.png,0.21,8,0.93096,0.99842,0,0
test_357.png,0.52,19,0.93096,0.99842,0,0
test_357.png,1.04,37,0.93096,0.99842,0,0
test_357.png,2.08,75,0.93096,0.99842,0,0
test_357.png,5.21,188,0.93096,0.99842,0,0
test_357.png,10.42,375,0.93096,0.99842,0,0
test_358.png,0.0,0,0.92441,0.99778,1,4
test_358.png,0.21,8,0.92443,0.99805,0,4
test_358.png,0.52,19,0.92443,0.99805,0,4
test_358.png,1.04,37,0.92443,0.99805,0,4
test_358.png,2.08,75,0.92443,0.99805,0,4
test_358.png,5.21,188,0.92443,0.99805,0,4
test_358.png,10.42,375,0.92443,0.99805,0,4
test_359.png,0.0,0,0.35554,0.37636,86,110
test_359.png,0.21,8,0.35574,0.37829,39,110
test_359.png,0.52,19,0.35609,0.38072,23,110
test_359.png,1.04,37,0.35574,0.38042,17,110
test_359.png,2.08,75,0.35551,0.38054,13,110
test_359.png,5.21,188,0.35522,0.38152,8,108
test_359.png,10.42,375,0.35386,0.38034,6,108
test_360.png,0.0,0,0.78373,0.79779,77,46
test_360.png,0.21,8,0.7842,0.80289,28,46
test_360.png,0.52,19,0.78475,0.80583,19,46
test_360.png,1.04,37,0.7849,0.80772,14,46
test_360.png,2.08,75,0.78575,0.81024,11,46
test_360.png,5.21,188,0.78793,0.81767,6,45
test_360.png,10.42,375,0.789,0.82031,5,44
test_361.png,0.0,0,0.91152,0.94935,21,24
test_361.png,0.21,8,0.91173,0.95149,6,24
test_361.png,0.52,19,0.91184,0.95245,4,24
test_361.png,1.04,37,0.91195,0.95286,3,24
test_361.png,2.08,75,0.9122,0.95398,2,24
test_361.png,5.21,188,0.91311,0.95762,1,23
test_361.png,10.42,375,0.91311,0.95762,1,23
test_362.png,0.0,0,0.7187,0.79691,79,30
test_362.png,0.21,8,0.71878,0.79874,36,30
test_362.png,0.52,19,0.71918,0.80025,23,30
test_362.png,1.04,37,0.71982,0.80311,15,29
test_362.png,2.08,75,0.72008,0.80387,12,29
test_362.png,5.21,188,0.72239,0.80796,8,29
test_362.png,10.42,375,0.71662,0.80036,4,29
test_363.png,0.0,0,0.7686,0.8194,31,4
test_363.png,0.21,8,0.76832,0.81856,15,4
test_363.png,0.52,19,0.76793,0.81742,11,4
test_363.png,1.04,37,0.76704,0.81663,7,4
test_363.png,2.08,75,0.76625,0.81743,4,3
test_363.png,5.21,188,0.76368,0.80526,1,3
test_363.png,10.42,375,0.76368,0.80526,1,3
test_364.png,0.0,0,0.8081,0.85836,57,33
test_364.png,0.21,8,0.80827,0.86129,22,33
test_364.png,0.52,19,0.80887,0.86413,14,33
test_364.png,1.04,37,0.809,0.86456,13,33
test_364.png,2.08,75,0.80959,0.86666,11,33
test_364.png,5.21,188,0.81381,0.87429,6,33
test_364.png,10.42,375,0.81244,0.87276,5,33
test_365.png,0.0,0,0.92271,0.9694,21,5
test_365.png,0.21,8,0.92282,0.97091,8,5
test_365.png,0.52,19,0.92296,0.97171,4,5
test_365.png,1.04,37,0.9232,0.97261,2,5
test_365.png,2.08,75,0.9232,0.97261,2,5
test_365.png,5.21,188,0.92362,0.97364,1,5
test_365.png,10.42,375,0.92362,0.97364,1,5
test_366.png,0.0,0,0.90293,0.98611,18,1
test_366.png,0.21,8,0.90295,0.98714,1,1
test_366.png,0.52,19,0.90295,0.98714,1,1
test_366.png,1.04,37,0.90295,0.98714,1,1
test_366.png,2.08,75,0.9027,0.98689,0,1
test_366.png,5.21,188,0.9027,0.98689,0,1
test_366.png,10.42,375,0.9027,0.98689,0,1
test_367.png,0.0,0,0.63111,0.78775,91,44
test_367.png,0.21,8,0.63139,0.79143,29,44
test_367.png,0.52,19,0.63181,0.79349,20,44
test_367.png,1.04,37,0.63253,0.79569,14,44
test_367.png,2.08,75,0.63378,0.79879,8,44
test_367.png,5.21,188,0.63572,0.80419,3,41
test_367.png,10.42,375,0.63572,0.80419,3,41
test_368.png,0.0,0,0.8807,0.94039,36,26
test_368.png,0.21,8,0.88056,0.94128,13,26
test_368.png,0.52,19,0.8804,0.9415,9,26
test_368.png,1.04,37,0.88053,0.94215,8,26
test_368.png,2.08,75,0.88148,0.9467,3,26
test_368.png,5.21,188,0.88088,0.94663,2,25
test_368.png,10.42,375,0.87972,0.94549,1,25
test_369.png,0.0,0,0.26525,0.25029,103,18
test_369.png,0.21,8,0.26501,0.2511,59,18
test_369.png,0.52,19,0.26427,0.2512,52,18
test_369.png,1.04,37,0.26264,0.24865,45,18
test_369.png,2.08,75,0.25793,0.2463,35,17
test_369.png,5.21,188,0.25127,0.23867,24,15
test_369.png,10.42,375,0.23942,0.23022,20,15
test_370.png,0.0,0,0.70257,0.73844,100,116
test_370.png,0.21,8,0.70243,0.74077,38,116
test_370.png,0.52,19,0.70213,0.74201,24,115
test_370.png,1.04,37,0.70228,0.74256,21,115
test_370.png,2.08,75,0.70267,0.7443,17,113
test_370.png,5.21,188,0.70045,0.74128,15,113
test_370.png,10.42,375,0.69448,0.73418,8,110
test_371.png,0.0,0,0.73042,0.71146,57,37
test_371.png,0.21,8,0.73052,0.71341,27,37
test_371.png,0.52,19,0.72995,0.71411,18,37
test_371.png,1.04,37,0.72994,0.71558,15,37
test_371.png,2.08,75,0.73115,0.71984,12,36
test_371.png,5.21,188,0.73204,0.72418,7,33
test_371.png,10.42,375,0.72951,0.72261,6,31
test_372.png,0.0,0,0.77654,0.76959,112,149
test_372.png,0.21,8,0.77671,0.77259,34,149
test_372.png,0.52,19,0.77681,0.77397,22,149
test_372.png,1.04,37,0.77732,0.7755,15,148
test_372.png,2.08,75,0.77826,0.77709,11,148
test_372.png,5.21,188,0.7799,0.78164,5,146
test_372.png,10.42,375,0.77879,0.7801,3,146
test_373.png,0.0,0,0.78901,0.86473,55,61
test_373.png,0.21,8,0.78927,0.86691,13,61
test_373.png,0.52,19,0.78951,0.86808,8,61
test_373.png,1.04,37,0.7894,0.86812,6,61
test_373.png,2.08,75,0.7898,0.86887,4,61
test_373.png,5.21,188,0.78986,0.87029,0,60
test_373.png,10.42,375,0.78986,0.87029,0,60
test_374.png,0.0,0,0.59673,0.58202,187,109
test_374.png,0.21,8,0.59675,0.58568,81,109
test_374.png,0.52,19,0.59614,0.58596,60,109
test_374.png,1.04,37,0.59702,0.58742,51,109
test_374.png,2.08,75,0.59755,0.58765,39,108
test_374.png,5.21,188,0.60286,0.59584,25,107
test_374.png,10.42,375,0.59812,0.59219,13,103
test_375.png,0.0,0,0.76211,0.83646,72,56
test_375.png,0.21,8,0.76255,0.83847,17,56
test_375.png,0.52,19,0.76279,0.8391,12,55
test_375.png,1.04,37,0.76304,0.83962,8,55
test_375.png,2.08,75,0.76422,0.8415,3,55
test_375.png,5.21,188,0.76459,0.84198,2,55
test_375.png,10.42,375,0.76459,0.84198,2,55
test_376.png,0.0,0,0.64124,0.63035,154,157
test_376.png,0.21,8,0.64111,0.63233,52,157
test_376.png,0.52,19,0.64107,0.6316,36,156
test_376.png,1.04,37,0.64173,0.63441,25,156
test_376.png,2.08,75,0.64187,0.63552,20,156
test_376.png,5.21,188,0.64203,0.63278,11,153
test_376.png,10.42,375,0.64304,0.62938,5,152
test_377.png,0.0,0,0.71901,0.7057,51,109
test_377.png,0.21,8,0.71913,0.70781,12,109
test_377.png,0.52,19,0.71915,0.70822,10,109
test_377.png,1.04,37,0.71915,0.70842,8,109
test_377.png,2.08,75,0.71951,0.70955,6,109
test_377.png,5.21,188,0.72162,0.71483,2,108
test_377.png,10.42,375,0.72421,0.71873,1,108
test_378.png,0.0,0,0.78819,0.75386,101,139
test_378.png,0.21,8,0.78821,0.75535,45,139
test_378.png,0.52,19,0.78863,0.75814,27,139
test_378.png,1.04,37,0.78885,0.75902,21,139
test_378.png,2.08,75,0.78984,0.76252,14,138
test_378.png,5.21,188,0.79251,0.76742,8,136
test_378.png,10.42,375,0.79251,0.76742,8,136
test_379.png,0.0,0,0.56556,0.55455,195,152
test_379.png,0.21,8,0.56564,0.55618,74,152
test_379.png,0.52,19,0.5658,0.55752,46,151
test_379.png,1.04,37,0.56611,0.55921,28,151
test_379.png,2.08,75,0.56683,0.56172,16,151
test_379.png,5.21,188,0.56819,0.56482,7,151
test_379.png,10.42,375,0.57201,0.56958,1,147
test_380.png,0.0,0,0.74302,0.71547,64,163
test_380.png,0.21,8,0.743,0.71621,25,163
test_380.png,0.52,19,0.74307,0.71676,17,162
test_380.png,1.04,37,0.74315,0.71755,12,162
test_380.png,2.08,75,0.74341,0.71844,9,162
test_380.png,5.21,188,0.74513,0.72209,5,161
test_380.png,10.42,375,0.7482,0.72522,2,161
test_381.png,0.0,0,0.67742,0.66221,90,126
test_381.png,0.21,8,0.67729,0.66347,22,126
test_381.png,0.52,19,0.67712,0.66333,12,126
test_381.png,1.04,37,0.67721,0.66394,6,126
test_381.png,2.08,75,0.67721,0.66394,6,126
test_381.png,5.21,188,0.67721,0.66394,6,126
test_381.png,10.42,375,0.67539,0.66321,5,126
test_382.png,0.0,0,0.42028,0.44983,122,139
test_382.png,0.21,8,0.42079,0.45365,34,139
test_382.png,0.52,19,0.42121,0.45543,23,139
test_382.png,1.04,37,0.42179,0.45739,15,139
test_382.png,2.08,75,0.42236,0.45926,12,137
test_382.png,5.21,188,0.42469,0.46475,4,135
test_382.png,10.42,375,0.42597,0.46743,2,135
test_383.png,0.0,0,0.53776,0.51768,133,177
test_383.png,0.21,8,0.53811,0.52044,42,177
test_383.png,0.52,19,0.53841,0.52155,32,177
test_383.png,1.04,37,0.53874,0.52258,24,177
test_383.png,2.08,75,0.53999,0.52561,14,176
test_383.png,5.21,188,0.54054,0.52688,9,175
test_383.png,10.42,375,0.54258,0.52976,6,174
test_384.png,0.0,0,0.62513,0.55398,120,57
test_384.png,0.21,8,0.62465,0.55399,51,57
test_384.png,0.52,19,0.62432,0.55496,35,57
test_384.png,1.04,37,0.62366,0.55508,29,57
test_384.png,2.08,75,0.62304,0.55474,25,57
test_384.png,5.21,188,0.62159,0.55201,20,57
test_384.png,10.42,375,0.61697,0.55024,16,57
test_385.png,0.0,0,0.80351,0.76626,52,100
test_385.png,0.21,8,0.80359,0.76788,13,100
test_385.png,0.52,19,0.80379,0.76886,9,100
test_385.png,1.04,37,0.80412,0.77061,6,99
test_385.png,2.08,75,0.80374,0.77004,5,99
test_385.png,5.21,188,0.80388,0.77094,3,99
test_385.png,10.42,375,0.80388,0.77094,3,99
test_386.png,0.0,0,0.52648,0.54901,98,138
test_386.png,0.21,8,0.52652,0.55053,31,138
test_386.png,0.52,19,0.52679,0.55177,19,138
test_386.png,1.04,37,0.52722,0.55328,14,138
test_386.png,2.08,75,0.52822,0.55627,9,138
test_386.png,5.21,188,0.52847,0.55637,6,135
test_386.png,10.42,375,0.52495,0.54615,3,133
test_387.png,0.0,0,0.72953,0.62336,57,50
test_387.png,0.21,8,0.72965,0.62442,31,50
test_387.png,0.52,19,0.72979,0.62634,20,50
test_387.png,1.04,37,0.7297,0.62499,16,50
test_387.png,2.08,75,0.73009,0.62547,11,50
test_387.png,5.21,188,0.73064,0.62692,5,49
test_387.png,10.42,375,0.72852,0.62385,4,49
test_388.png,0.0,0,0.79987,0.86899,39,42
test_388.png,0.21,8,0.8001,0.87216,9,42
test_388.png,0.52,19,0.80015,0.87258,8,42
test_388.png,1.04,37,0.80043,0.87518,4,42
test_388.png,2.08,75,0.80112,0.87891,2,42
test_388.png,5.21,188,0.80197,0.88211,0,42
test_388.png,10.42,375,0.80197,0.88211,0,42
test_389.png,0.0,0,0.55174,0.56384,194,81
test_389.png,0.21,8,0.55235,0.56891,72,81
test_389.png,0.52,19,0.55268,0.57136,44,81
test_389.png,1.04,37,0.55334,0.57279,35,81
test_389.png,2.08,75,0.55385,0.57465,26,80
test_389.png,5.21,188,0.55857,0.58353,14,79
test_389.png,10.42,375,0.56568,0.59541,8,78
test_390.png,0.0,0,0.7553,0.73734,122,180
test_390.png,0.21,8,0.75522,0.73928,28,180
test_390.png,0.52,19,0.75573,0.74127,15,180
test_390.png,1.04,37,0.75591,0.74215,10,180
test_390.png,2.08,75,0.75613,0.74297,7,178
test_390.png,5.21,188,0.75489,0.74198,4,178
test_390.png,10.42,375,0.75272,0.73876,1,175
test_391.png,0.0,0,0.81359,0.88949,48,43
test_391.png,0.21,8,0.81389,0.89201,11,43
test_391.png,0.52,19,0.81423,0.89333,4,43
test_391.png,1.04,37,0.81446,0.89384,2,43
test_391.png,2.08,75,0.81476,0.89427,1,43
test_391.png,5.21,188,0.81476,0.89427,1,43
test_391.png,10.42,375,0.81476,0.89427,1,43
test_392.png,0.0,0,0.64981,0.64643,131,180
test_392.png,0.21,8,0.64953,0.64687,41,180
test_392.png,0.52,19,0.64929,0.64685,27,180
test_392.png,1.04,37,0.64962,0.64788,21,180
test_392.png,2.08,75,0.64965,0.64778,14,180
test_392.png,5.21,188,0.64781,0.64661,9,180
test_392.png,10.42,375,0.65039,0.65142,6,177
test_393.png,0.0,0,0.56447,0.51247,66,62
test_393.png,0.21,8,0.56466,0.51436,17,62
test_393.png,0.52,19,0.56495,0.51501,10,62
test_393.png,1.04,37,0.5652,0.51587,8,62
test_393.png,2.08,75,0.56493,0.51554,6,62
test_393.png,5.21,188,0.56531,0.51636,5,62
test_393.png,10.42,375,0.56905,0.52256,2,61
test_394.png,0.0,0,0.79481,0.82329,45,31
test_394.png,0.21,8,0.79521,0.82726,8,31
test_394.png,0.52,19,0.79537,0.82841,4,31
test_394.png,1.04,37,0.79537,0.82841,4,31
test_394.png,2.08,75,0.79608,0.83127,2,30
test_394.png,5.21,188,0.79738,0.83538,0,30
test_394.png,10.42,375,0.79738,0.83538,0,30
test_395.png,0.0,0,0.66077,0.59062,131,89
test_395.png,0.21,8,0.66048,0.59003,54,89
test_395.png,0.52,19,0.6604,0.59074,38,89
test_395.png,1.04,37,0.66007,0.59103,29,89
test_395.png,2.08,75,0.66031,0.59263,20,89
test_395.png,5.21,188,0.65691,0.58527,10,89
test_395.png,10.42,375,0.65381,0.5868,5,86
test_396.png,0.0,0,0.79788,0.83928,60,74
test_396.png,0.21,8,0.79792,0.84109,5,74
test_396.png,0.52,19,0.79787,0.84125,3,74
test_396.png,1.04,37,0.79756,0.84099,1,74
test_396.png,2.08,75,0.79715,0.84028,0,74
test_396.png,5.21,188,0.79715,0.84028,0,74
test_396.png,10.42,375,0.79715,0.84028,0,74
test_397.png,0.0,0,0.63327,0.64423,109,96
test_397.png,0.21,8,0.63313,0.64529,36,96
test_397.png,0.52,19,0.63306,0.64612,25,96
test_397.png,1.04,37,0.63273,0.64599,23,95
test_397.png,2.08,75,0.63201,0.6457,17,95
test_397.png,5.21,188,0.62893,0.64212,10,93
test_397.png,10.42,375,0.62481,0.63805,5,93
test_398.png,0.0,0,0.64392,0.5082,150,77
test_398.png,0.21,8,0.64396,0.50831,64,77
test_398.png,0.52,19,0.64424,0.50957,46,77
test_398.png,1.04,37,0.64464,0.5108,37,77
test_398.png,2.08,75,0.64444,0.5115,32,77
test_398.png,5.21,188,0.64541,0.51182,20,77
test_398.png,10.42,375,0.65016,0.4967,10,76
test_399.png,0.0,0,0.67326,0.63231,85,101
test_399.png,0.21,8,0.67337,0.63443,33,101
test_399.png,0.52,19,0.67363,0.63639,21,101
test_399.png,1.04,37,0.67392,0.63744,16,101
test_399.png,2.08,75,0.6742,0.6381,15,101
test_399.png,5.21,188,0.67544,0.64069,10,101
test_399.png,10.42,375,0.67783,0.64419,5,99
test_400.png,0.0,0,0.86411,0.90578,8,24
test_400.png,0.21,8,0.86426,0.907,1,24
test_400.png,0.52,19,0.86426,0.907,1,24
test_400.png,1.04,37,0.86426,0.907,1,24
test_400.png,2.08,75,0.86449,0.90995,0,24
test_400.png,5.21,188,0.86449,0.90995,0,24
test_400.png,10.42,375,0.86449,0.90995,0,24
test_401.png,0.0,0,0.6212,0.49018,114,93
test_401.png,0.21,8,0.62103,0.4905,52,93
test_401.png,0.52,19,0.62062,0.48913,34,93
test_401.png,1.04,37,0.62078,0.48935,32,93
test_401.png,2.08,75,0.62073,0.49028,27,92
test_401.png,5.21,188,0.61805,0.48766,19,90
test_401.png,10.42,375,0.61836,0.4897,15,88
test_402.png,0.0,0,0.46278,0.33313,54,54
test_402.png,0.21,8,0.46251,0.33293,18,54
test_402.png,0.52,19,0.46274,0.33331,13,54
test_402.png,1.04,37,0.46292,0.33354,11,54
test_402.png,2.08,75,0.46243,0.33076,8,54
test_402.png,5.21,188,0.46262,0.32698,3,53
test_402.png,10.42,375,0.46251,0.32772,2,53
test_403.png,0.0,0,0.83558,0.81567,39,60
test_403.png,0.21,8,0.83576,0.81781,11,60
test_403.png,0.52,19,0.836,0.81936,5,60
test_403.png,1.04,37,0.83647,0.82077,2,59
test_403.png,2.08,75,0.83614,0.81859,1,59
test_403.png,5.21,188,0.83686,0.82109,0,59
test_403.png,10.42,375,0.83686,0.82109,0,59
test_404.png,0.0,0,0.73257,0.73977,106,120
test_404.png,0.21,8,0.73281,0.74263,37,120
test_404.png,0.52,19,0.73353,0.74549,23,120
test_404.png,1.04,37,0.73429,0.74811,15,120
test_404.png,2.08,75,0.73413,0.74848,11,120
test_404.png,5.21,188,0.73571,0.75275,5,120
test_404.png,10.42,375,0.74026,0.76005,1,119
test_405.png,0.0,0,0.74906,0.74891,94,89
test_405.png,0.21,8,0.74912,0.75128,26,89
test_405.png,0.52,19,0.7495,0.75251,18,89
test_405.png,1.04,37,0.74985,0.75381,15,88
test_405.png,2.08,75,0.75012,0.75536,12,88
test_405.png,5.21,188,0.75246,0.76078,8,86
test_405.png,10.42,375,0.75361,0.76242,7,86
test_406.png,0.0,0,0.44628,0.4487,182,79
test_406.png,0.21,8,0.44624,0.4516,63,79
test_406.png,0.52,19,0.44611,0.45201,47,79
test_406.png,1.04,37,0.44547,0.45167,41,79
test_406.png,2.08,75,0.44422,0.45222,32,78
test_406.png,5.21,188,0.44819,0.45894,21,78
test_406.png,10.42,375,0.44739,0.46517,13,73
test_407.png,0.0,0,0.75222,0.75109,111,115
test_407.png,0.21,8,0.75213,0.75367,31,115
test_407.png,0.52,19,0.75233,0.75523,19,115
test_407.png,1.04,37,0.75186,0.75493,12,115
test_407.png,2.08,75,0.75191,0.75558,9,114
test_407.png,5.21,188,0.75452,0.76149,4,114
test_407.png,10.42,375,0.75452,0.76149,4,114
test_408.png,0.0,0,0.40192,0.36888,123,229
test_408.png,0.21,8,0.40238,0.37173,37,229
test_408.png,0.52,19,0.4029,0.37371,18,229
test_408.png,1.04,37,0.40331,0.37503,12,229
test_408.png,2.08,75,0.40298,0.37431,7,229
test_408.png,5.21,188,0.40409,0.37715,3,228
test_408.png,10.42,375,0.4047,0.37832,2,225
test_409.png,0.0,0,0.71491,0.74553,80,109
test_409.png,0.21,8,0.71508,0.74854,31,109
test_409.png,0.52,19,0.71556,0.75118,15,109
test_409.png,1.04,37,0.71576,0.75185,12,109
test_409.png,2.08,75,0.71565,0.75156,10,109
test_409.png,5.21,188,0.71867,0.75999,3,109
test_409.png,10.42,375,0.71958,0.76201,2,109
test_410.png,0.0,0,0.65343,0.66441,108,86
test_410.png,0.21,8,0.65393,0.66884,41,86
test_410.png,0.52,19,0.65445,0.67186,25,84
test_410.png,1.04,37,0.65532,0.67495,18,83
test_410.png,2.08,75,0.65602,0.67708,15,83
test_410.png,5.21,188,0.65826,0.68259,10,83
test_410.png,10.42,375,0.66061,0.68534,7,82
test_411.png,0.0,0,0.88073,0.87895,29,61
test_411.png,0.21,8,0.8806,0.8792,9,61
test_411.png,0.52,19,0.88053,0.87904,3,61
test_411.png,1.04,37,0.88041,0.87902,2,61
test_411.png,2.08,75,0.88058,0.87969,1,61
test_411.png,5.21,188,0.88058,0.87969,1,61
test_411.png,10.42,375,0.88058,0.87969,1,61
test_412.png,0.0,0,0.74,0.7189,26,92
test_412.png,0.21,8,0.73993,0.71997,3,92
test_412.png,0.52,19,0.7401,0.72083,1,92
test_412.png,1.04,37,0.7401,0.72083,1,92
test_412.png,2.08,75,0.7401,0.72083,1,92
test_412.png,5.21,188,0.74054,0.72197,0,92
test_412.png,10.42,375,0.74054,0.72197,0,92
test_413.png,0.0,0,0.72442,0.71685,66,108
test_413.png,0.21,8,0.72479,0.72063,15,108
test_413.png,0.52,19,0.72476,0.72072,13,108
test_413.png,1.04,37,0.72507,0.72284,8,108
test_413.png,2.08,75,0.72559,0.72482,6,108
test_413.png,5.21,188,0.7267,0.72738,4,108
test_413.png,10.42,375,0.72871,0.73108,2,108
test_414.png,0.0,0,0.71281,0.74991,59,39
test_414.png,0.21,8,0.71301,0.75291,19,39
test_414.png,0.52,19,0.71342,0.75529,11,39
test_414.png,1.04,37,0.71361,0.75595,7,39
test_414.png,2.08,75,0.71385,0.75625,6,39
test_414.png,5.21,188,0.71606,0.76164,2,39
test_414.png,10.42,375,0.71606,0.76164,2,39
test_415.png,0.0,0,0.77447,0.76478,100,53
test_415.png,0.21,8,0.7743,0.76581,35,53
test_415.png,0.52,19,0.77419,0.76637,27,53
test_415.png,1.04,37,0.77447,0.76823,20,53
test_415.png,2.08,75,0.77535,0.77257,15,53
test_415.png,5.21,188,0.77651,0.77687,10,53
test_415.png,10.42,375,0.77651,0.77687,10,53
test_416.png,0.0,0,0.75855,0.74786,137,157
test_416.png,0.21,8,0.75844,0.74808,61,157
test_416.png,0.52,19,0.75913,0.75052,44,157
test_416.png,1.04,37,0.75944,0.75201,33,156
test_416.png,2.08,75,0.76124,0.75563,24,156
test_416.png,5.21,188,0.76783,0.76716,12,152
test_416.png,10.42,375,0.76711,0.75316,8,150
test_417.png,0.0,0,0.7731,0.88037,48,2
test_417.png,0.21,8,0.77347,0.88257,10,2
test_417.png,0.52,19,0.77387,0.88379,4,2
test_417.png,1.04,37,0.77387,0.88379,4,2
test_417.png,2.08,75,0.7744,0.88593,2,2
test_417.png,5.21,188,0.77499,0.8865,1,2
test_417.png,10.42,375,0.77499,0.8865,1,2
test_418.png,0.0,0,0.46766,0.43977,45,107
test_418.png,0.21,8,0.46725,0.43815,7,107
test_418.png,0.52,19,0.4671,0.43707,5,107
test_418.png,1.04,37,0.46717,0.4375,4,107
test_418.png,2.08,75,0.46648,0.43667,1,106
test_418.png,5.21,188,0.46648,0.43667,1,106
test_418.png,10.42,375,0.46648,0.43667,1,106
test_419.png,0.0,0,0.62216,0.63161,187,195
test_419.png,0.21,8,0.62232,0.63418,63,195
test_419.png,0.52,19,0.62262,0.63579,37,194
test_419.png,1.04,37,0.62332,0.63799,24,193
test_419.png,2.08,75,0.62325,0.63925,14,191
test_419.png,5.21,188,0.62261,0.6403,8,191
test_419.png,10.42,375,0.62391,0.64152,7,190
test_420.png,0.0,0,0.89264,0.93311,17,19
test_420.png,0.21,8,0.89269,0.93373,9,19
test_420.png,0.52,19,0.8928,0.93447,7,19
test_420.png,1.04,37,0.89308,0.9359,5,19
test_420.png,2.08,75,0.89399,0.93878,2,19
test_420.png,5.21,188,0.89461,0.94022,1,19
test_420.png,10.42,375,0.896,0.94266,0,19
