run,config,image,operation,width_fraction,radius_px,dice,cldice,betti0_err,betti1_err,betti1_signed
A_dice_s0,A_dice,01,closing,0.0,0,0.82535,0.86091,16,20,-20
A_dice_s0,A_dice,01,closing,0.25,1,0.82368,0.8573,12,24,-24
A_dice_s0,A_dice,01,closing,0.5,1,0.82368,0.8573,12,24,-24
A_dice_s0,A_dice,01,closing,0.75,2,0.81714,0.84667,9,31,-31
A_dice_s0,A_dice,01,closing,1.0,3,0.8021,0.83068,4,29,-29
A_dice_s0,A_dice,01,closing,1.5,4,0.77859,0.80783,2,32,-32
A_dice_s0,A_dice,01,closing,2.0,6,0.72425,0.76415,2,31,-31
A_dice_s0,A_dice,01,bridge_only,0.0,0,0.82535,0.86091,16,20,-20
A_dice_s0,A_dice,01,bridge_only,0.25,1,0.82531,0.86107,12,20,-20
A_dice_s0,A_dice,01,bridge_only,0.5,1,0.82531,0.86107,12,20,-20
A_dice_s0,A_dice,01,bridge_only,0.75,2,0.8228,0.85877,9,17,-17
A_dice_s0,A_dice,01,bridge_only,1.0,3,0.81387,0.84982,7,13,-13
A_dice_s0,A_dice,01,bridge_only,1.5,4,0.80245,0.84103,5,14,-14
A_dice_s0,A_dice,01,bridge_only,2.0,6,0.77112,0.82063,2,13,-13
A_dice_s0,A_dice,02,closing,0.0,0,0.84859,0.85105,20,19,-19
A_dice_s0,A_dice,02,closing,0.25,1,0.84836,0.84969,17,19,-19
A_dice_s0,A_dice,02,closing,0.5,1,0.84836,0.84969,17,19,-19
A_dice_s0,A_dice,02,closing,0.75,2,0.84387,0.84391,13,19,-19
A_dice_s0,A_dice,02,closing,1.0,3,0.83147,0.83119,10,21,-21
A_dice_s0,A_dice,02,closing,1.5,4,0.81706,0.8194,7,23,-23
A_dice_s0,A_dice,02,closing,2.0,6,0.76346,0.77253,5,26,-26
A_dice_s0,A_dice,02,bridge_only,0.0,0,0.84859,0.85105,20,19,-19
A_dice_s0,A_dice,02,bridge_only,0.25,1,0.8486,0.85107,17,19,-19
A_dice_s0,A_dice,02,bridge_only,0.5,1,0.8486,0.85107,17,19,-19
A_dice_s0,A_dice,02,bridge_only,0.75,2,0.84663,0.8503,14,16,-16
A_dice_s0,A_dice,02,bridge_only,1.0,3,0.84095,0.84532,11,16,-16
A_dice_s0,A_dice,02,bridge_only,1.5,4,0.83377,0.8412,9,15,-15
A_dice_s0,A_dice,02,bridge_only,2.0,6,0.80162,0.81823,7,14,-14
A_dice_s0,A_dice,03,closing,0.0,0,0.78024,0.76883,40,50,-50
A_dice_s0,A_dice,03,closing,0.25,1,0.78183,0.76951,33,49,-49
A_dice_s0,A_dice,03,closing,0.5,1,0.78183,0.76951,33,49,-49
A_dice_s0,A_dice,03,closing,0.75,2,0.78528,0.7711,29,48,-48
A_dice_s0,A_dice,03,closing,1.0,3,0.78506,0.76687,24,50,-50
A_dice_s0,A_dice,03,closing,1.5,4,0.77623,0.7578,17,51,-51
A_dice_s0,A_dice,03,closing,2.0,6,0.74712,0.73297,14,52,-52
A_dice_s0,A_dice,03,bridge_only,0.0,0,0.78024,0.76883,40,50,-50
A_dice_s0,A_dice,03,bridge_only,0.25,1,0.78092,0.76903,34,50,-50
A_dice_s0,A_dice,03,bridge_only,0.5,1,0.78092,0.76903,34,50,-50
A_dice_s0,A_dice,03,bridge_only,0.75,2,0.78143,0.76923,31,49,-49
A_dice_s0,A_dice,03,bridge_only,1.0,3,0.78173,0.76742,26,48,-48
A_dice_s0,A_dice,03,bridge_only,1.5,4,0.77604,0.76217,20,48,-48
A_dice_s0,A_dice,03,bridge_only,2.0,6,0.75833,0.75025,17,45,-45
A_dice_s0,A_dice,04,closing,0.0,0,0.82329,0.7978,19,46,-46
A_dice_s0,A_dice,04,closing,0.25,1,0.82328,0.79839,17,44,-44
A_dice_s0,A_dice,04,closing,0.5,1,0.82328,0.79839,17,44,-44
A_dice_s0,A_dice,04,closing,0.75,2,0.82188,0.79684,12,42,-42
A_dice_s0,A_dice,04,closing,1.0,3,0.8143,0.79029,10,41,-41
A_dice_s0,A_dice,04,closing,1.5,4,0.80637,0.78463,6,40,-40
A_dice_s0,A_dice,04,closing,2.0,6,0.75941,0.75347,5,38,-38
A_dice_s0,A_dice,04,bridge_only,0.0,0,0.82329,0.7978,19,46,-46
A_dice_s0,A_dice,04,bridge_only,0.25,1,0.82336,0.79813,18,43,-43
A_dice_s0,A_dice,04,bridge_only,0.5,1,0.82336,0.79813,18,43,-43
A_dice_s0,A_dice,04,bridge_only,0.75,2,0.82256,0.79765,14,38,-38
A_dice_s0,A_dice,04,bridge_only,1.0,3,0.81743,0.79429,13,39,-39
A_dice_s0,A_dice,04,bridge_only,1.5,4,0.81322,0.79042,10,39,-39
A_dice_s0,A_dice,04,bridge_only,2.0,6,0.77957,0.77021,9,38,-38
A_dice_s0,A_dice,05,closing,0.0,0,0.79894,0.78125,22,35,-35
A_dice_s0,A_dice,05,closing,0.25,1,0.79934,0.78018,20,38,-38
A_dice_s0,A_dice,05,closing,0.5,1,0.79934,0.78018,20,38,-38
A_dice_s0,A_dice,05,closing,0.75,2,0.79861,0.77952,15,42,-42
A_dice_s0,A_dice,05,closing,1.0,3,0.79353,0.77561,15,43,-43
A_dice_s0,A_dice,05,closing,1.5,4,0.78356,0.76869,13,44,-44
A_dice_s0,A_dice,05,closing,2.0,6,0.7468,0.74746,10,45,-45
A_dice_s0,A_dice,05,bridge_only,0.0,0,0.79894,0.78125,22,35,-35
A_dice_s0,A_dice,05,bridge_only,0.25,1,0.79913,0.78081,20,34,-34
A_dice_s0,A_dice,05,bridge_only,0.5,1,0.79913,0.78081,20,34,-34
A_dice_s0,A_dice,05,bridge_only,0.75,2,0.79917,0.78019,15,35,-35
A_dice_s0,A_dice,05,bridge_only,1.0,3,0.79738,0.77826,15,34,-34
A_dice_s0,A_dice,05,bridge_only,1.5,4,0.7919,0.77467,13,34,-34
A_dice_s0,A_dice,05,bridge_only,2.0,6,0.76796,0.75981,11,34,-34
A_dice_s0,A_dice,06,closing,0.0,0,0.79405,0.77029,34,43,-43
A_dice_s0,A_dice,06,closing,0.25,1,0.79486,0.77188,28,45,-45
A_dice_s0,A_dice,06,closing,0.5,1,0.79486,0.77188,28,45,-45
A_dice_s0,A_dice,06,closing,0.75,2,0.79265,0.76964,21,47,-47
A_dice_s0,A_dice,06,closing,1.0,3,0.78585,0.76141,16,42,-42
A_dice_s0,A_dice,06,closing,1.5,4,0.77412,0.75358,13,45,-45
A_dice_s0,A_dice,06,closing,2.0,6,0.73311,0.72284,7,48,-48
A_dice_s0,A_dice,06,bridge_only,0.0,0,0.79405,0.77029,34,43,-43
A_dice_s0,A_dice,06,bridge_only,0.25,1,0.79397,0.77122,29,41,-41
A_dice_s0,A_dice,06,bridge_only,0.5,1,0.79397,0.77122,29,41,-41
A_dice_s0,A_dice,06,bridge_only,0.75,2,0.79255,0.77076,24,40,-40
A_dice_s0,A_dice,06,bridge_only,1.0,3,0.7888,0.76674,19,34,-34
A_dice_s0,A_dice,06,bridge_only,1.5,4,0.78103,0.76318,17,37,-37
A_dice_s0,A_dice,06,bridge_only,2.0,6,0.75251,0.74353,12,37,-37
A_dice_s0,A_dice,07,closing,0.0,0,0.80588,0.79551,27,53,-53
A_dice_s0,A_dice,07,closing,0.25,1,0.80634,0.79634,23,52,-52
A_dice_s0,A_dice,07,closing,0.5,1,0.80634,0.79634,23,52,-52
A_dice_s0,A_dice,07,closing,0.75,2,0.80561,0.79535,23,50,-50
A_dice_s0,A_dice,07,closing,1.0,3,0.79914,0.79058,16,49,-49
A_dice_s0,A_dice,07,closing,1.5,4,0.78808,0.78127,16,50,-50
A_dice_s0,A_dice,07,closing,2.0,6,0.75392,0.74983,11,54,-54
A_dice_s0,A_dice,07,bridge_only,0.0,0,0.80588,0.79551,27,53,-53
A_dice_s0,A_dice,07,bridge_only,0.25,1,0.80638,0.79632,23,52,-52
A_dice_s0,A_dice,07,bridge_only,0.5,1,0.80638,0.79632,23,52,-52
A_dice_s0,A_dice,07,bridge_only,0.75,2,0.8063,0.79708,23,50,-50
A_dice_s0,A_dice,07,bridge_only,1.0,3,0.80359,0.79553,18,49,-49
A_dice_s0,A_dice,07,bridge_only,1.5,4,0.79925,0.79326,18,49,-49
A_dice_s0,A_dice,07,bridge_only,2.0,6,0.78083,0.77935,14,49,-49
A_dice_s0,A_dice,08,closing,0.0,0,0.7869,0.78146,32,48,-48
A_dice_s0,A_dice,08,closing,0.25,1,0.78786,0.78139,29,49,-49
A_dice_s0,A_dice,08,closing,0.5,1,0.78786,0.78139,29,49,-49
A_dice_s0,A_dice,08,closing,0.75,2,0.7885,0.7811,27,51,-51
A_dice_s0,A_dice,08,closing,1.0,3,0.78549,0.77532,25,52,-52
A_dice_s0,A_dice,08,closing,1.5,4,0.77852,0.7674,19,53,-53
A_dice_s0,A_dice,08,closing,2.0,6,0.74231,0.7401,15,49,-49
A_dice_s0,A_dice,08,bridge_only,0.0,0,0.7869,0.78146,32,48,-48
A_dice_s0,A_dice,08,bridge_only,0.25,1,0.78719,0.78171,29,46,-46
A_dice_s0,A_dice,08,bridge_only,0.5,1,0.78719,0.78171,29,46,-46
A_dice_s0,A_dice,08,bridge_only,0.75,2,0.7861,0.78193,27,46,-46
A_dice_s0,A_dice,08,bridge_only,1.0,3,0.78453,0.78035,24,44,-44
A_dice_s0,A_dice,08,bridge_only,1.5,4,0.77893,0.77532,20,44,-44
A_dice_s0,A_dice,08,bridge_only,2.0,6,0.75042,0.75899,16,40,-40
A_dice_s0,A_dice,09,closing,0.0,0,0.79291,0.79496,19,30,-30
A_dice_s0,A_dice,09,closing,0.25,1,0.79395,0.79514,16,32,-32
A_dice_s0,A_dice,09,closing,0.5,1,0.79395,0.79514,16,32,-32
A_dice_s0,A_dice,09,closing,0.75,2,0.79405,0.79437,12,29,-29
A_dice_s0,A_dice,09,closing,1.0,3,0.78751,0.78341,10,31,-31
A_dice_s0,A_dice,09,closing,1.5,4,0.77948,0.77659,10,31,-31
A_dice_s0,A_dice,09,closing,2.0,6,0.74686,0.74832,6,31,-31
A_dice_s0,A_dice,09,bridge_only,0.0,0,0.79291,0.79496,19,30,-30
A_dice_s0,A_dice,09,bridge_only,0.25,1,0.79367,0.79579,17,30,-30
A_dice_s0,A_dice,09,bridge_only,0.5,1,0.79367,0.79579,17,30,-30
A_dice_s0,A_dice,09,bridge_only,0.75,2,0.79394,0.79686,13,28,-28
A_dice_s0,A_dice,09,bridge_only,1.0,3,0.79072,0.79319,11,26,-26
A_dice_s0,A_dice,09,bridge_only,1.5,4,0.78503,0.78979,11,25,-25
A_dice_s0,A_dice,09,bridge_only,2.0,6,0.76547,0.77385,7,25,-25
A_dice_s0,A_dice,10,closing,0.0,0,0.80293,0.78009,24,59,-59
A_dice_s0,A_dice,10,closing,0.25,1,0.8031,0.77877,20,61,-61
A_dice_s0,A_dice,10,closing,0.5,1,0.8031,0.77877,20,61,-61
A_dice_s0,A_dice,10,closing,0.75,2,0.80089,0.77456,14,60,-60
A_dice_s0,A_dice,10,closing,1.0,3,0.78878,0.76127,13,64,-64
A_dice_s0,A_dice,10,closing,1.5,4,0.77292,0.74602,10,66,-66
A_dice_s0,A_dice,10,closing,2.0,6,0.7158,0.70009,12,71,-71
A_dice_s0,A_dice,10,bridge_only,0.0,0,0.80293,0.78009,24,59,-59
A_dice_s0,A_dice,10,bridge_only,0.25,1,0.80309,0.78045,20,59,-59
A_dice_s0,A_dice,10,bridge_only,0.5,1,0.80309,0.78045,20,59,-59
A_dice_s0,A_dice,10,bridge_only,0.75,2,0.80179,0.78014,14,55,-55
A_dice_s0,A_dice,10,bridge_only,1.0,3,0.79584,0.77536,13,56,-56
A_dice_s0,A_dice,10,bridge_only,1.5,4,0.78744,0.76879,11,57,-57
A_dice_s0,A_dice,10,bridge_only,2.0,6,0.7563,0.75174,13,54,-54
A_dice_s0,A_dice,11,closing,0.0,0,0.80822,0.78247,27,62,-62
A_dice_s0,A_dice,11,closing,0.25,1,0.80699,0.78181,22,71,-71
A_dice_s0,A_dice,11,closing,0.5,1,0.80699,0.78181,22,71,-71
A_dice_s0,A_dice,11,closing,0.75,2,0.80188,0.77417,16,79,-79
A_dice_s0,A_dice,11,closing,1.0,3,0.78914,0.76517,10,79,-79
A_dice_s0,A_dice,11,closing,1.5,4,0.77452,0.75362,7,80,-80
A_dice_s0,A_dice,11,closing,2.0,6,0.7276,0.7196,6,78,-78
A_dice_s0,A_dice,11,bridge_only,0.0,0,0.80822,0.78247,27,62,-62
A_dice_s0,A_dice,11,bridge_only,0.25,1,0.80776,0.78268,25,62,-62
A_dice_s0,A_dice,11,bridge_only,0.5,1,0.80776,0.78268,25,62,-62
A_dice_s0,A_dice,11,bridge_only,0.75,2,0.80593,0.78129,19,61,-61
A_dice_s0,A_dice,11,bridge_only,1.0,3,0.79931,0.77764,13,61,-61
A_dice_s0,A_dice,11,bridge_only,1.5,4,0.79069,0.7728,12,60,-60
A_dice_s0,A_dice,11,bridge_only,2.0,6,0.76828,0.75781,10,59,-59
A_dice_s0,A_dice,12,closing,0.0,0,0.82346,0.8433,13,22,-22
A_dice_s0,A_dice,12,closing,0.25,1,0.82428,0.84468,11,29,-29
A_dice_s0,A_dice,12,closing,0.5,1,0.82428,0.84468,11,29,-29
A_dice_s0,A_dice,12,closing,0.75,2,0.82097,0.8406,10,30,-30
A_dice_s0,A_dice,12,closing,1.0,3,0.81091,0.8304,8,30,-30
A_dice_s0,A_dice,12,closing,1.5,4,0.79264,0.81289,8,29,-29
A_dice_s0,A_dice,12,closing,2.0,6,0.7311,0.75882,3,36,-36
A_dice_s0,A_dice,12,bridge_only,0.0,0,0.82346,0.8433,13,22,-22
A_dice_s0,A_dice,12,bridge_only,0.25,1,0.82371,0.84431,11,21,-21
A_dice_s0,A_dice,12,bridge_only,0.5,1,0.82371,0.84431,11,21,-21
A_dice_s0,A_dice,12,bridge_only,0.75,2,0.82251,0.84372,10,17,-17
A_dice_s0,A_dice,12,bridge_only,1.0,3,0.81574,0.83669,9,17,-17
A_dice_s0,A_dice,12,bridge_only,1.5,4,0.80492,0.82625,9,17,-17
A_dice_s0,A_dice,12,bridge_only,2.0,6,0.77822,0.81057,6,19,-19
A_dice_s0,A_dice,13,closing,0.0,0,0.81356,0.79416,26,42,-42
A_dice_s0,A_dice,13,closing,0.25,1,0.81385,0.79474,19,44,-44
A_dice_s0,A_dice,13,closing,0.5,1,0.81385,0.79474,19,44,-44
A_dice_s0,A_dice,13,closing,0.75,2,0.81128,0.79123,11,44,-44
A_dice_s0,A_dice,13,closing,1.0,3,0.80192,0.78052,9,46,-46
A_dice_s0,A_dice,13,closing,1.5,4,0.79047,0.77163,8,46,-46
A_dice_s0,A_dice,13,closing,2.0,6,0.74367,0.73691,6,48,-48
A_dice_s0,A_dice,13,bridge_only,0.0,0,0.81356,0.79416,26,42,-42
A_dice_s0,A_dice,13,bridge_only,0.25,1,0.8139,0.79471,19,41,-41
A_dice_s0,A_dice,13,bridge_only,0.5,1,0.8139,0.79471,19,41,-41
A_dice_s0,A_dice,13,bridge_only,0.75,2,0.81289,0.79371,13,39,-39
A_dice_s0,A_dice,13,bridge_only,1.0,3,0.80871,0.7901,12,39,-39
A_dice_s0,A_dice,13,bridge_only,1.5,4,0.80155,0.78557,11,38,-38
A_dice_s0,A_dice,13,bridge_only,2.0,6,0.76694,0.76509,9,36,-36
A_dice_s0,A_dice,14,closing,0.0,0,0.81403,0.82373,23,21,-21
A_dice_s0,A_dice,14,closing,0.25,1,0.81329,0.82302,18,25,-25
A_dice_s0,A_dice,14,closing,0.5,1,0.81329,0.82302,18,25,-25
A_dice_s0,A_dice,14,closing,0.75,2,0.8082,0.81981,18,20,-20
A_dice_s0,A_dice,14,closing,1.0,3,0.79734,0.80961,17,18,-18
A_dice_s0,A_dice,14,closing,1.5,4,0.78421,0.79676,17,19,-19
A_dice_s0,A_dice,14,closing,2.0,6,0.72856,0.75235,12,14,-14
A_dice_s0,A_dice,14,bridge_only,0.0,0,0.81403,0.82373,23,21,-21
A_dice_s0,A_dice,14,bridge_only,0.25,1,0.81415,0.82413,22,21,-21
A_dice_s0,A_dice,14,bridge_only,0.5,1,0.81415,0.82413,22,21,-21
A_dice_s0,A_dice,14,bridge_only,0.75,2,0.81375,0.82421,22,21,-21
A_dice_s0,A_dice,14,bridge_only,1.0,3,0.81236,0.82312,22,19,-19
A_dice_s0,A_dice,14,bridge_only,1.5,4,0.809,0.82074,22,19,-19
A_dice_s0,A_dice,14,bridge_only,2.0,6,0.78908,0.80691,18,17,-17
A_dice_s0,A_dice,15,closing,0.0,0,0.79046,0.81821,40,23,-23
A_dice_s0,A_dice,15,closing,0.25,1,0.78989,0.81818,34,24,-24
A_dice_s0,A_dice,15,closing,0.5,1,0.78989,0.81818,34,24,-24
A_dice_s0,A_dice,15,closing,0.75,2,0.78455,0.81278,31,20,-20
A_dice_s0,A_dice,15,closing,1.0,3,0.76796,0.7951,29,15,-15
A_dice_s0,A_dice,15,closing,1.5,4,0.74778,0.7739,27,16,-16
A_dice_s0,A_dice,15,closing,2.0,6,0.67037,0.71257,20,16,-16
A_dice_s0,A_dice,15,bridge_only,0.0,0,0.79046,0.81821,40,23,-23
A_dice_s0,A_dice,15,bridge_only,0.25,1,0.78978,0.8184,35,23,-23
A_dice_s0,A_dice,15,bridge_only,0.5,1,0.78978,0.8184,35,23,-23
A_dice_s0,A_dice,15,bridge_only,0.75,2,0.7873,0.81557,33,20,-20
A_dice_s0,A_dice,15,bridge_only,1.0,3,0.77955,0.80767,31,18,-18
A_dice_s0,A_dice,15,bridge_only,1.5,4,0.76631,0.79819,29,15,-15
A_dice_s0,A_dice,15,bridge_only,2.0,6,0.70569,0.76026,24,12,-12
A_dice_s0,A_dice,16,closing,0.0,0,0.83441,0.86667,26,16,-16
A_dice_s0,A_dice,16,closing,0.25,1,0.83378,0.86705,24,15,-15
A_dice_s0,A_dice,16,closing,0.5,1,0.83378,0.86705,24,15,-15
A_dice_s0,A_dice,16,closing,0.75,2,0.82788,0.86251,19,14,-14
A_dice_s0,A_dice,16,closing,1.0,3,0.81328,0.84787,15,20,-20
A_dice_s0,A_dice,16,closing,1.5,4,0.7987,0.83739,13,21,-21
A_dice_s0,A_dice,16,closing,2.0,6,0.7539,0.80304,10,22,-22
A_dice_s0,A_dice,16,bridge_only,0.0,0,0.83441,0.86667,26,16,-16
A_dice_s0,A_dice,16,bridge_only,0.25,1,0.83446,0.86712,24,12,-12
A_dice_s0,A_dice,16,bridge_only,0.5,1,0.83446,0.86712,24,12,-12
A_dice_s0,A_dice,16,bridge_only,0.75,2,0.83247,0.86674,22,12,-12
A_dice_s0,A_dice,16,bridge_only,1.0,3,0.82582,0.85972,19,12,-12
A_dice_s0,A_dice,16,bridge_only,1.5,4,0.81715,0.85425,17,12,-12
A_dice_s0,A_dice,16,bridge_only,2.0,6,0.78709,0.83338,14,10,-10
A_dice_s0,A_dice,17,closing,0.0,0,0.81812,0.83746,24,16,-16
A_dice_s0,A_dice,17,closing,0.25,1,0.81825,0.83823,17,31,-31
A_dice_s0,A_dice,17,closing,0.5,1,0.81825,0.83823,17,31,-31
A_dice_s0,A_dice,17,closing,0.75,2,0.81823,0.83839,16,30,-30
A_dice_s0,A_dice,17,closing,1.0,3,0.80984,0.83337,14,32,-32
A_dice_s0,A_dice,17,closing,1.5,4,0.80043,0.8228,11,34,-34
A_dice_s0,A_dice,17,closing,2.0,6,0.75733,0.79569,7,35,-35
A_dice_s0,A_dice,17,bridge_only,0.0,0,0.81812,0.83746,24,16,-16
A_dice_s0,A_dice,17,bridge_only,0.25,1,0.81778,0.83769,19,15,-15
A_dice_s0,A_dice,17,bridge_only,0.5,1,0.81778,0.83769,19,15,-15
A_dice_s0,A_dice,17,bridge_only,0.75,2,0.81782,0.83787,19,13,-13
A_dice_s0,A_dice,17,bridge_only,1.0,3,0.81338,0.83555,17,12,-12
A_dice_s0,A_dice,17,bridge_only,1.5,4,0.80617,0.8291,14,13,-13
A_dice_s0,A_dice,17,bridge_only,2.0,6,0.78026,0.81592,12,11,-11
A_dice_s0,A_dice,18,closing,0.0,0,0.82042,0.8723,16,5,-5
A_dice_s0,A_dice,18,closing,0.25,1,0.81894,0.86914,12,11,-11
A_dice_s0,A_dice,18,closing,0.5,1,0.81894,0.86914,12,11,-11
A_dice_s0,A_dice,18,closing,0.75,2,0.81285,0.86094,9,19,-19
A_dice_s0,A_dice,18,closing,1.0,3,0.80129,0.84876,8,22,-22
A_dice_s0,A_dice,18,closing,1.5,4,0.78831,0.84064,5,22,-22
A_dice_s0,A_dice,18,closing,2.0,6,0.7443,0.81502,4,19,-19
A_dice_s0,A_dice,18,bridge_only,0.0,0,0.82042,0.8723,16,5,-5
A_dice_s0,A_dice,18,bridge_only,0.25,1,0.82024,0.87242,12,5,-5
A_dice_s0,A_dice,18,bridge_only,0.5,1,0.82024,0.87242,12,5,-5
A_dice_s0,A_dice,18,bridge_only,0.75,2,0.818,0.87126,9,4,-4
A_dice_s0,A_dice,18,bridge_only,1.0,3,0.81315,0.86626,8,3,-3
A_dice_s0,A_dice,18,bridge_only,1.5,4,0.80581,0.86025,5,2,-2
A_dice_s0,A_dice,18,bridge_only,2.0,6,0.77027,0.83797,4,2,2
A_dice_s0,A_dice,19,closing,0.0,0,0.85652,0.88371,24,5,-5
A_dice_s0,A_dice,19,closing,0.25,1,0.85463,0.88258,20,7,-7
A_dice_s0,A_dice,19,closing,0.5,1,0.85463,0.88258,20,7,-7
A_dice_s0,A_dice,19,closing,0.75,2,0.84424,0.8737,14,6,-6
A_dice_s0,A_dice,19,closing,1.0,3,0.82448,0.85945,13,7,-7
A_dice_s0,A_dice,19,closing,1.5,4,0.80448,0.84391,9,10,-10
A_dice_s0,A_dice,19,closing,2.0,6,0.74235,0.80227,6,13,-13
A_dice_s0,A_dice,19,bridge_only,0.0,0,0.85652,0.88371,24,5,-5
A_dice_s0,A_dice,19,bridge_only,0.25,1,0.85569,0.88356,22,2,-2
A_dice_s0,A_dice,19,bridge_only,0.5,1,0.85569,0.88356,22,2,-2
A_dice_s0,A_dice,19,bridge_only,0.75,2,0.84982,0.87833,18,1,1
A_dice_s0,A_dice,19,bridge_only,1.0,3,0.83992,0.87185,17,0,0
A_dice_s0,A_dice,19,bridge_only,1.5,4,0.83114,0.86496,14,3,-3
A_dice_s0,A_dice,19,bridge_only,2.0,6,0.80245,0.84656,12,1,-1
A_dice_s0,A_dice,20,closing,0.0,0,0.80668,0.8428,34,4,-4
A_dice_s0,A_dice,20,closing,0.25,1,0.80494,0.84103,30,14,-14
A_dice_s0,A_dice,20,closing,0.5,1,0.80494,0.84103,30,14,-14
A_dice_s0,A_dice,20,closing,0.75,2,0.7972,0.83237,24,9,-9
A_dice_s0,A_dice,20,closing,1.0,3,0.78117,0.81447,18,13,-13
A_dice_s0,A_dice,20,closing,1.5,4,0.76158,0.80204,15,16,-16
A_dice_s0,A_dice,20,closing,2.0,6,0.70995,0.76268,7,17,-17
A_dice_s0,A_dice,20,bridge_only,0.0,0,0.80668,0.8428,34,4,-4
A_dice_s0,A_dice,20,bridge_only,0.25,1,0.80667,0.84327,30,4,-4
A_dice_s0,A_dice,20,bridge_only,0.5,1,0.80667,0.84327,30,4,-4
A_dice_s0,A_dice,20,bridge_only,0.75,2,0.80191,0.83794,26,1,1
A_dice_s0,A_dice,20,bridge_only,1.0,3,0.79377,0.82925,22,0,0
A_dice_s0,A_dice,20,bridge_only,1.5,4,0.785,0.82957,20,0,0
A_dice_s0,A_dice,20,bridge_only,2.0,6,0.7535,0.81205,15,2,2
B_cldice_s0,B_cldice,01,closing,0.0,0,0.82578,0.86818,10,19,-19
B_cldice_s0,B_cldice,01,closing,0.25,1,0.8231,0.86303,8,24,-24
B_cldice_s0,B_cldice,01,closing,0.5,1,0.8231,0.86303,8,24,-24
B_cldice_s0,B_cldice,01,closing,0.75,2,0.8152,0.85292,6,25,-25
B_cldice_s0,B_cldice,01,closing,1.0,3,0.80037,0.83633,6,26,-26
B_cldice_s0,B_cldice,01,closing,1.5,4,0.77562,0.81337,1,28,-28
B_cldice_s0,B_cldice,01,closing,2.0,6,0.72072,0.76938,4,30,-30
B_cldice_s0,B_cldice,01,bridge_only,0.0,0,0.82578,0.86818,10,19,-19
B_cldice_s0,B_cldice,01,bridge_only,0.25,1,0.8256,0.86794,9,18,-18
B_cldice_s0,B_cldice,01,bridge_only,0.5,1,0.8256,0.86794,9,18,-18
B_cldice_s0,B_cldice,01,bridge_only,0.75,2,0.82265,0.8654,9,12,-12
B_cldice_s0,B_cldice,01,bridge_only,1.0,3,0.81538,0.85672,7,14,-14
B_cldice_s0,B_cldice,01,bridge_only,1.5,4,0.80438,0.84823,6,14,-14
B_cldice_s0,B_cldice,01,bridge_only,2.0,6,0.77539,0.83099,6,15,-15
B_cldice_s0,B_cldice,02,closing,0.0,0,0.84849,0.84988,9,14,-14
B_cldice_s0,B_cldice,02,closing,0.25,1,0.84766,0.84953,9,19,-19
B_cldice_s0,B_cldice,02,closing,0.5,1,0.84766,0.84953,9,19,-19
B_cldice_s0,B_cldice,02,closing,0.75,2,0.84048,0.84238,5,17,-17
B_cldice_s0,B_cldice,02,closing,1.0,3,0.82653,0.82807,3,20,-20
B_cldice_s0,B_cldice,02,closing,1.5,4,0.81068,0.81577,2,21,-21
B_cldice_s0,B_cldice,02,closing,2.0,6,0.75682,0.77075,0,24,-24
B_cldice_s0,B_cldice,02,bridge_only,0.0,0,0.84849,0.84988,9,14,-14
B_cldice_s0,B_cldice,02,bridge_only,0.25,1,0.84818,0.85066,9,11,-11
B_cldice_s0,B_cldice,02,bridge_only,0.5,1,0.84818,0.85066,9,11,-11
B_cldice_s0,B_cldice,02,bridge_only,0.75,2,0.8443,0.84714,6,10,-10
B_cldice_s0,B_cldice,02,bridge_only,1.0,3,0.83828,0.84132,4,12,-12
B_cldice_s0,B_cldice,02,bridge_only,1.5,4,0.82965,0.83588,4,11,-11
B_cldice_s0,B_cldice,02,bridge_only,2.0,6,0.80246,0.81777,2,11,-11
B_cldice_s0,B_cldice,03,closing,0.0,0,0.79554,0.78075,29,47,-47
B_cldice_s0,B_cldice,03,closing,0.25,1,0.79703,0.78087,25,50,-50
B_cldice_s0,B_cldice,03,closing,0.5,1,0.79703,0.78087,25,50,-50
B_cldice_s0,B_cldice,03,closing,0.75,2,0.80005,0.78194,21,53,-53
B_cldice_s0,B_cldice,03,closing,1.0,3,0.7953,0.77429,17,52,-52
B_cldice_s0,B_cldice,03,closing,1.5,4,0.78516,0.76442,15,52,-52
B_cldice_s0,B_cldice,03,closing,2.0,6,0.74978,0.73637,11,58,-58
B_cldice_s0,B_cldice,03,bridge_only,0.0,0,0.79554,0.78075,29,47,-47
B_cldice_s0,B_cldice,03,bridge_only,0.25,1,0.79621,0.78108,27,44,-44
B_cldice_s0,B_cldice,03,bridge_only,0.5,1,0.79621,0.78108,27,44,-44
B_cldice_s0,B_cldice,03,bridge_only,0.75,2,0.7967,0.78125,24,45,-45
B_cldice_s0,B_cldice,03,bridge_only,1.0,3,0.7943,0.77732,20,45,-45
B_cldice_s0,B_cldice,03,bridge_only,1.5,4,0.78841,0.77108,18,44,-44
B_cldice_s0,B_cldice,03,bridge_only,2.0,6,0.76652,0.75939,15,44,-44
B_cldice_s0,B_cldice,04,closing,0.0,0,0.82389,0.79391,11,41,-41
B_cldice_s0,B_cldice,04,closing,0.25,1,0.8234,0.79413,8,46,-46
B_cldice_s0,B_cldice,04,closing,0.5,1,0.8234,0.79413,8,46,-46
B_cldice_s0,B_cldice,04,closing,0.75,2,0.82121,0.7922,8,44,-44
B_cldice_s0,B_cldice,04,closing,1.0,3,0.81344,0.78479,5,42,-42
B_cldice_s0,B_cldice,04,closing,1.5,4,0.80559,0.77992,4,37,-37
B_cldice_s0,B_cldice,04,closing,2.0,6,0.75545,0.74555,3,37,-37
B_cldice_s0,B_cldice,04,bridge_only,0.0,0,0.82389,0.79391,11,41,-41
B_cldice_s0,B_cldice,04,bridge_only,0.25,1,0.82368,0.79416,8,41,-41
B_cldice_s0,B_cldice,04,bridge_only,0.5,1,0.82368,0.79416,8,41,-41
B_cldice_s0,B_cldice,04,bridge_only,0.75,2,0.82252,0.79303,8,39,-39
B_cldice_s0,B_cldice,04,bridge_only,1.0,3,0.81862,0.78932,6,39,-39
B_cldice_s0,B_cldice,04,bridge_only,1.5,4,0.81381,0.78617,5,36,-36
B_cldice_s0,B_cldice,04,bridge_only,2.0,6,0.78106,0.76514,4,36,-36
B_cldice_s0,B_cldice,05,closing,0.0,0,0.81061,0.78667,18,34,-34
B_cldice_s0,B_cldice,05,closing,0.25,1,0.8105,0.78544,16,36,-36
B_cldice_s0,B_cldice,05,closing,0.5,1,0.8105,0.78544,16,36,-36
B_cldice_s0,B_cldice,05,closing,0.75,2,0.80795,0.78375,14,43,-43
B_cldice_s0,B_cldice,05,closing,1.0,3,0.80249,0.7805,12,43,-43
B_cldice_s0,B_cldice,05,closing,1.5,4,0.78981,0.77075,10,46,-46
B_cldice_s0,B_cldice,05,closing,2.0,6,0.7516,0.75221,7,47,-47
B_cldice_s0,B_cldice,05,bridge_only,0.0,0,0.81061,0.78667,18,34,-34
B_cldice_s0,B_cldice,05,bridge_only,0.25,1,0.81045,0.78605,16,31,-31
B_cldice_s0,B_cldice,05,bridge_only,0.5,1,0.81045,0.78605,16,31,-31
B_cldice_s0,B_cldice,05,bridge_only,0.75,2,0.80963,0.78519,15,34,-34
B_cldice_s0,B_cldice,05,bridge_only,1.0,3,0.80648,0.78305,15,33,-33
B_cldice_s0,B_cldice,05,bridge_only,1.5,4,0.79965,0.77771,13,33,-33
B_cldice_s0,B_cldice,05,bridge_only,2.0,6,0.77415,0.76433,10,33,-33
B_cldice_s0,B_cldice,06,closing,0.0,0,0.7993,0.77333,17,43,-43
B_cldice_s0,B_cldice,06,closing,0.25,1,0.79909,0.77386,15,47,-47
B_cldice_s0,B_cldice,06,closing,0.5,1,0.79909,0.77386,15,47,-47
B_cldice_s0,B_cldice,06,closing,0.75,2,0.79553,0.77017,13,43,-43
B_cldice_s0,B_cldice,06,closing,1.0,3,0.78731,0.76059,10,41,-41
B_cldice_s0,B_cldice,06,closing,1.5,4,0.77563,0.75006,8,41,-41
B_cldice_s0,B_cldice,06,closing,2.0,6,0.73393,0.72154,4,50,-50
B_cldice_s0,B_cldice,06,bridge_only,0.0,0,0.7993,0.77333,17,43,-43
B_cldice_s0,B_cldice,06,bridge_only,0.25,1,0.7989,0.7733,16,43,-43
B_cldice_s0,B_cldice,06,bridge_only,0.5,1,0.7989,0.7733,16,43,-43
B_cldice_s0,B_cldice,06,bridge_only,0.75,2,0.79646,0.77081,14,39,-39
B_cldice_s0,B_cldice,06,bridge_only,1.0,3,0.79119,0.76427,11,37,-37
B_cldice_s0,B_cldice,06,bridge_only,1.5,4,0.78381,0.75944,9,37,-37
B_cldice_s0,B_cldice,06,bridge_only,2.0,6,0.75879,0.74316,5,39,-39
B_cldice_s0,B_cldice,07,closing,0.0,0,0.81399,0.79961,15,50,-50
B_cldice_s0,B_cldice,07,closing,0.25,1,0.81416,0.80087,12,51,-51
B_cldice_s0,B_cldice,07,closing,0.5,1,0.81416,0.80087,12,51,-51
B_cldice_s0,B_cldice,07,closing,0.75,2,0.81186,0.7997,11,49,-49
B_cldice_s0,B_cldice,07,closing,1.0,3,0.80374,0.7936,12,48,-48
B_cldice_s0,B_cldice,07,closing,1.5,4,0.79174,0.78286,9,52,-52
B_cldice_s0,B_cldice,07,closing,2.0,6,0.75639,0.75167,10,55,-55
B_cldice_s0,B_cldice,07,bridge_only,0.0,0,0.81399,0.79961,15,50,-50
B_cldice_s0,B_cldice,07,bridge_only,0.25,1,0.81412,0.80037,13,50,-50
B_cldice_s0,B_cldice,07,bridge_only,0.5,1,0.81412,0.80037,13,50,-50
B_cldice_s0,B_cldice,07,bridge_only,0.75,2,0.81328,0.80024,12,46,-46
B_cldice_s0,B_cldice,07,bridge_only,1.0,3,0.81006,0.79813,12,46,-46
B_cldice_s0,B_cldice,07,bridge_only,1.5,4,0.80606,0.79479,12,47,-47
B_cldice_s0,B_cldice,07,bridge_only,2.0,6,0.7867,0.78016,13,47,-47
B_cldice_s0,B_cldice,08,closing,0.0,0,0.7932,0.78195,26,37,-37
B_cldice_s0,B_cldice,08,closing,0.25,1,0.79338,0.77997,22,52,-52
B_cldice_s0,B_cldice,08,closing,0.5,1,0.79338,0.77997,22,52,-52
B_cldice_s0,B_cldice,08,closing,0.75,2,0.79294,0.78029,20,49,-49
B_cldice_s0,B_cldice,08,closing,1.0,3,0.78961,0.77653,18,51,-51
B_cldice_s0,B_cldice,08,closing,1.5,4,0.7808,0.76609,11,52,-52
B_cldice_s0,B_cldice,08,closing,2.0,6,0.74074,0.73732,8,53,-53
B_cldice_s0,B_cldice,08,bridge_only,0.0,0,0.7932,0.78195,26,37,-37
B_cldice_s0,B_cldice,08,bridge_only,0.25,1,0.79331,0.78196,22,37,-37
B_cldice_s0,B_cldice,08,bridge_only,0.5,1,0.79331,0.78196,22,37,-37
B_cldice_s0,B_cldice,08,bridge_only,0.75,2,0.79275,0.78227,20,35,-35
B_cldice_s0,B_cldice,08,bridge_only,1.0,3,0.79109,0.78331,18,34,-34
B_cldice_s0,B_cldice,08,bridge_only,1.5,4,0.78437,0.77596,11,34,-34
B_cldice_s0,B_cldice,08,bridge_only,2.0,6,0.75166,0.75868,8,33,-33
B_cldice_s0,B_cldice,09,closing,0.0,0,0.79756,0.79469,24,28,-28
B_cldice_s0,B_cldice,09,closing,0.25,1,0.7978,0.79418,22,28,-28
B_cldice_s0,B_cldice,09,closing,0.5,1,0.7978,0.79418,22,28,-28
B_cldice_s0,B_cldice,09,closing,0.75,2,0.79613,0.79013,21,28,-28
B_cldice_s0,B_cldice,09,closing,1.0,3,0.78868,0.78228,15,33,-33
B_cldice_s0,B_cldice,09,closing,1.5,4,0.77993,0.77612,8,31,-31
B_cldice_s0,B_cldice,09,closing,2.0,6,0.73857,0.74357,3,33,-33
B_cldice_s0,B_cldice,09,bridge_only,0.0,0,0.79756,0.79469,24,28,-28
B_cldice_s0,B_cldice,09,bridge_only,0.25,1,0.79767,0.79554,22,28,-28
B_cldice_s0,B_cldice,09,bridge_only,0.5,1,0.79767,0.79554,22,28,-28
B_cldice_s0,B_cldice,09,bridge_only,0.75,2,0.79701,0.79521,21,28,-28
B_cldice_s0,B_cldice,09,bridge_only,1.0,3,0.79363,0.79285,15,28,-28
B_cldice_s0,B_cldice,09,bridge_only,1.5,4,0.78812,0.78938,8,26,-26
B_cldice_s0,B_cldice,09,bridge_only,2.0,6,0.76304,0.7738,3,27,-27
B_cldice_s0,B_cldice,10,closing,0.0,0,0.80546,0.78664,19,54,-54
B_cldice_s0,B_cldice,10,closing,0.25,1,0.80518,0.78607,17,60,-60
B_cldice_s0,B_cldice,10,closing,0.5,1,0.80518,0.78607,17,60,-60
B_cldice_s0,B_cldice,10,closing,0.75,2,0.79968,0.77793,14,61,-61
B_cldice_s0,B_cldice,10,closing,1.0,3,0.78747,0.76417,12,64,-64
B_cldice_s0,B_cldice,10,closing,1.5,4,0.77353,0.75165,10,65,-65
B_cldice_s0,B_cldice,10,closing,2.0,6,0.71423,0.70268,7,73,-73
B_cldice_s0,B_cldice,10,bridge_only,0.0,0,0.80546,0.78664,19,54,-54
B_cldice_s0,B_cldice,10,bridge_only,0.25,1,0.80545,0.7871,17,51,-51
B_cldice_s0,B_cldice,10,bridge_only,0.5,1,0.80545,0.7871,17,51,-51
B_cldice_s0,B_cldice,10,bridge_only,0.75,2,0.80334,0.78476,14,50,-50
B_cldice_s0,B_cldice,10,bridge_only,1.0,3,0.79801,0.77845,12,53,-53
B_cldice_s0,B_cldice,10,bridge_only,1.5,4,0.79154,0.77421,10,52,-52
B_cldice_s0,B_cldice,10,bridge_only,2.0,6,0.75871,0.75314,7,51,-51
B_cldice_s0,B_cldice,11,closing,0.0,0,0.80715,0.78591,18,66,-66
B_cldice_s0,B_cldice,11,closing,0.25,1,0.80513,0.7827,16,73,-73
B_cldice_s0,B_cldice,11,closing,0.5,1,0.80513,0.7827,16,73,-73
B_cldice_s0,B_cldice,11,closing,0.75,2,0.79835,0.77551,11,78,-78
B_cldice_s0,B_cldice,11,closing,1.0,3,0.78339,0.76359,8,75,-75
B_cldice_s0,B_cldice,11,closing,1.5,4,0.76921,0.75773,6,77,-77
B_cldice_s0,B_cldice,11,closing,2.0,6,0.721,0.71898,2,80,-80
B_cldice_s0,B_cldice,11,bridge_only,0.0,0,0.80715,0.78591,18,66,-66
B_cldice_s0,B_cldice,11,bridge_only,0.25,1,0.80607,0.78513,16,65,-65
B_cldice_s0,B_cldice,11,bridge_only,0.5,1,0.80607,0.78513,16,65,-65
B_cldice_s0,B_cldice,11,bridge_only,0.75,2,0.80368,0.78417,13,63,-63
B_cldice_s0,B_cldice,11,bridge_only,1.0,3,0.79367,0.77761,10,61,-61
B_cldice_s0,B_cldice,11,bridge_only,1.5,4,0.78659,0.77558,9,63,-63
B_cldice_s0,B_cldice,11,bridge_only,2.0,6,0.76211,0.75993,6,65,-65
B_cldice_s0,B_cldice,12,closing,0.0,0,0.8229,0.83893,20,26,-26
B_cldice_s0,B_cldice,12,closing,0.25,1,0.82324,0.83858,18,29,-29
B_cldice_s0,B_cldice,12,closing,0.5,1,0.82324,0.83858,18,29,-29
B_cldice_s0,B_cldice,12,closing,0.75,2,0.81982,0.83443,15,31,-31
B_cldice_s0,B_cldice,12,closing,1.0,3,0.80897,0.82396,10,27,-27
B_cldice_s0,B_cldice,12,closing,1.5,4,0.79144,0.81178,9,29,-29
B_cldice_s0,B_cldice,12,closing,2.0,6,0.72832,0.75395,5,35,-35
B_cldice_s0,B_cldice,12,bridge_only,0.0,0,0.8229,0.83893,20,26,-26
B_cldice_s0,B_cldice,12,bridge_only,0.25,1,0.82267,0.83844,19,24,-24
B_cldice_s0,B_cldice,12,bridge_only,0.5,1,0.82267,0.83844,19,24,-24
B_cldice_s0,B_cldice,12,bridge_only,0.75,2,0.8211,0.83633,18,24,-24
B_cldice_s0,B_cldice,12,bridge_only,1.0,3,0.81359,0.82899,13,19,-19
B_cldice_s0,B_cldice,12,bridge_only,1.5,4,0.80113,0.81874,12,21,-21
B_cldice_s0,B_cldice,12,bridge_only,2.0,6,0.76753,0.79853,9,22,-22
B_cldice_s0,B_cldice,13,closing,0.0,0,0.81382,0.79574,20,36,-36
B_cldice_s0,B_cldice,13,closing,0.25,1,0.81343,0.79462,17,48,-48
B_cldice_s0,B_cldice,13,closing,0.5,1,0.81343,0.79462,17,48,-48
B_cldice_s0,B_cldice,13,closing,0.75,2,0.80917,0.79038,15,44,-44
B_cldice_s0,B_cldice,13,closing,1.0,3,0.79837,0.77872,11,48,-48
B_cldice_s0,B_cldice,13,closing,1.5,4,0.78567,0.7682,10,47,-47
B_cldice_s0,B_cldice,13,closing,2.0,6,0.73415,0.7319,5,47,-47
B_cldice_s0,B_cldice,13,bridge_only,0.0,0,0.81382,0.79574,20,36,-36
B_cldice_s0,B_cldice,13,bridge_only,0.25,1,0.81393,0.79598,18,35,-35
B_cldice_s0,B_cldice,13,bridge_only,0.5,1,0.81393,0.79598,18,35,-35
B_cldice_s0,B_cldice,13,bridge_only,0.75,2,0.81154,0.79382,16,32,-32
B_cldice_s0,B_cldice,13,bridge_only,1.0,3,0.80621,0.78848,13,35,-35
B_cldice_s0,B_cldice,13,bridge_only,1.5,4,0.79865,0.78199,12,32,-32
B_cldice_s0,B_cldice,13,bridge_only,2.0,6,0.75837,0.76254,7,30,-30
B_cldice_s0,B_cldice,14,closing,0.0,0,0.81362,0.83113,25,18,-18
B_cldice_s0,B_cldice,14,closing,0.25,1,0.81251,0.83041,21,22,-22
B_cldice_s0,B_cldice,14,closing,0.5,1,0.81251,0.83041,21,22,-22
B_cldice_s0,B_cldice,14,closing,0.75,2,0.80667,0.82451,14,22,-22
B_cldice_s0,B_cldice,14,closing,1.0,3,0.79653,0.81519,12,23,-23
B_cldice_s0,B_cldice,14,closing,1.5,4,0.78193,0.80019,12,21,-21
B_cldice_s0,B_cldice,14,closing,2.0,6,0.72547,0.75904,9,14,-14
B_cldice_s0,B_cldice,14,bridge_only,0.0,0,0.81362,0.83113,25,18,-18
B_cldice_s0,B_cldice,14,bridge_only,0.25,1,0.81373,0.83144,22,18,-18
B_cldice_s0,B_cldice,14,bridge_only,0.5,1,0.81373,0.83144,22,18,-18
B_cldice_s0,B_cldice,14,bridge_only,0.75,2,0.81315,0.83154,21,17,-17
B_cldice_s0,B_cldice,14,bridge_only,1.0,3,0.81099,0.82989,21,17,-17
B_cldice_s0,B_cldice,14,bridge_only,1.5,4,0.80778,0.82707,21,17,-17
B_cldice_s0,B_cldice,14,bridge_only,2.0,6,0.78754,0.81444,18,14,-14
B_cldice_s0,B_cldice,15,closing,0.0,0,0.79375,0.8364,31,19,-19
B_cldice_s0,B_cldice,15,closing,0.25,1,0.79237,0.83622,26,22,-22
B_cldice_s0,B_cldice,15,closing,0.5,1,0.79237,0.83622,26,22,-22
B_cldice_s0,B_cldice,15,closing,0.75,2,0.78589,0.83042,21,20,-20
B_cldice_s0,B_cldice,15,closing,1.0,3,0.76919,0.81423,21,15,-15
B_cldice_s0,B_cldice,15,closing,1.5,4,0.74714,0.78845,16,21,-21
B_cldice_s0,B_cldice,15,closing,2.0,6,0.67086,0.72171,12,18,-18
B_cldice_s0,B_cldice,15,bridge_only,0.0,0,0.79375,0.8364,31,19,-19
B_cldice_s0,B_cldice,15,bridge_only,0.25,1,0.79279,0.83652,28,19,-19
B_cldice_s0,B_cldice,15,bridge_only,0.5,1,0.79279,0.83652,28,19,-19
B_cldice_s0,B_cldice,15,bridge_only,0.75,2,0.78913,0.83328,23,17,-17
B_cldice_s0,B_cldice,15,bridge_only,1.0,3,0.78036,0.8261,23,14,-14
B_cldice_s0,B_cldice,15,bridge_only,1.5,4,0.76711,0.81595,18,14,-14
B_cldice_s0,B_cldice,15,bridge_only,2.0,6,0.70835,0.76836,15,9,-9
B_cldice_s0,B_cldice,16,closing,0.0,0,0.83518,0.87262,17,12,-12
B_cldice_s0,B_cldice,16,closing,0.25,1,0.83368,0.87232,14,18,-18
B_cldice_s0,B_cldice,16,closing,0.5,1,0.83368,0.87232,14,18,-18
B_cldice_s0,B_cldice,16,closing,0.75,2,0.8287,0.86789,12,18,-18
B_cldice_s0,B_cldice,16,closing,1.0,3,0.81321,0.8538,12,20,-20
B_cldice_s0,B_cldice,16,closing,1.5,4,0.79899,0.84191,11,21,-21
B_cldice_s0,B_cldice,16,closing,2.0,6,0.75467,0.80851,11,23,-23
B_cldice_s0,B_cldice,16,bridge_only,0.0,0,0.83518,0.87262,17,12,-12
B_cldice_s0,B_cldice,16,bridge_only,0.25,1,0.83493,0.87284,16,11,-11
B_cldice_s0,B_cldice,16,bridge_only,0.5,1,0.83493,0.87284,16,11,-11
B_cldice_s0,B_cldice,16,bridge_only,0.75,2,0.83315,0.87182,15,11,-11
B_cldice_s0,B_cldice,16,bridge_only,1.0,3,0.8262,0.86588,15,10,-10
B_cldice_s0,B_cldice,16,bridge_only,1.5,4,0.81816,0.85954,14,9,-9
B_cldice_s0,B_cldice,16,bridge_only,2.0,6,0.78859,0.83756,14,8,-8
B_cldice_s0,B_cldice,17,closing,0.0,0,0.81327,0.83768,22,17,-17
B_cldice_s0,B_cldice,17,closing,0.25,1,0.81383,0.83754,20,29,-29
B_cldice_s0,B_cldice,17,closing,0.5,1,0.81383,0.83754,20,29,-29
B_cldice_s0,B_cldice,17,closing,0.75,2,0.81357,0.83648,18,32,-32
B_cldice_s0,B_cldice,17,closing,1.0,3,0.8045,0.82627,15,35,-35
B_cldice_s0,B_cldice,17,closing,1.5,4,0.7931,0.81736,14,35,-35
B_cldice_s0,B_cldice,17,closing,2.0,6,0.75118,0.79119,11,33,-33
B_cldice_s0,B_cldice,17,bridge_only,0.0,0,0.81327,0.83768,22,17,-17
B_cldice_s0,B_cldice,17,bridge_only,0.25,1,0.81338,0.83749,20,15,-15
B_cldice_s0,B_cldice,17,bridge_only,0.5,1,0.81338,0.83749,20,15,-15
B_cldice_s0,B_cldice,17,bridge_only,0.75,2,0.81283,0.83755,18,16,-16
B_cldice_s0,B_cldice,17,bridge_only,1.0,3,0.80703,0.83199,16,14,-14
B_cldice_s0,B_cldice,17,bridge_only,1.5,4,0.79978,0.82685,15,12,-12
B_cldice_s0,B_cldice,17,bridge_only,2.0,6,0.76622,0.80858,13,10,-10
B_cldice_s0,B_cldice,18,closing,0.0,0,0.82003,0.87724,12,5,-5
B_cldice_s0,B_cldice,18,closing,0.25,1,0.81806,0.87389,9,8,-8
B_cldice_s0,B_cldice,18,closing,0.5,1,0.81806,0.87389,9,8,-8
B_cldice_s0,B_cldice,18,closing,0.75,2,0.8115,0.86528,6,17,-17
B_cldice_s0,B_cldice,18,closing,1.0,3,0.79895,0.85236,5,21,-21
B_cldice_s0,B_cldice,18,closing,1.5,4,0.78289,0.84523,4,22,-22
B_cldice_s0,B_cldice,18,closing,2.0,6,0.7421,0.81794,4,20,-20
B_cldice_s0,B_cldice,18,bridge_only,0.0,0,0.82003,0.87724,12,5,-5
B_cldice_s0,B_cldice,18,bridge_only,0.25,1,0.81948,0.87711,9,1,-1
B_cldice_s0,B_cldice,18,bridge_only,0.5,1,0.81948,0.87711,9,1,-1
B_cldice_s0,B_cldice,18,bridge_only,0.75,2,0.81636,0.87547,6,0,0
B_cldice_s0,B_cldice,18,bridge_only,1.0,3,0.80981,0.86973,5,1,-1
B_cldice_s0,B_cldice,18,bridge_only,1.5,4,0.80052,0.86306,4,1,-1
B_cldice_s0,B_cldice,18,bridge_only,2.0,6,0.76725,0.8402,4,1,1
B_cldice_s0,B_cldice,19,closing,0.0,0,0.84334,0.87778,19,0,0
B_cldice_s0,B_cldice,19,closing,0.25,1,0.84105,0.87687,16,5,-5
B_cldice_s0,B_cldice,19,closing,0.5,1,0.84105,0.87687,16,5,-5
B_cldice_s0,B_cldice,19,closing,0.75,2,0.83082,0.86712,7,7,-7
B_cldice_s0,B_cldice,19,closing,1.0,3,0.81108,0.85317,5,9,-9
B_cldice_s0,B_cldice,19,closing,1.5,4,0.79126,0.83782,0,9,-9
B_cldice_s0,B_cldice,19,closing,2.0,6,0.72815,0.79228,2,13,-13
B_cldice_s0,B_cldice,19,bridge_only,0.0,0,0.84334,0.87778,19,0,0
B_cldice_s0,B_cldice,19,bridge_only,0.25,1,0.84228,0.87731,16,2,2
B_cldice_s0,B_cldice,19,bridge_only,0.5,1,0.84228,0.87731,16,2,2
B_cldice_s0,B_cldice,19,bridge_only,0.75,2,0.83703,0.87199,10,2,2
B_cldice_s0,B_cldice,19,bridge_only,1.0,3,0.82707,0.8628,8,2,2
B_cldice_s0,B_cldice,19,bridge_only,1.5,4,0.81914,0.8579,4,2,2
B_cldice_s0,B_cldice,19,bridge_only,2.0,6,0.79011,0.83769,2,4,4
B_cldice_s0,B_cldice,20,closing,0.0,0,0.80697,0.85246,15,4,-4
B_cldice_s0,B_cldice,20,closing,0.25,1,0.80483,0.84866,14,12,-12
B_cldice_s0,B_cldice,20,closing,0.5,1,0.80483,0.84866,14,12,-12
B_cldice_s0,B_cldice,20,closing,0.75,2,0.79564,0.83852,13,9,-9
B_cldice_s0,B_cldice,20,closing,1.0,3,0.77955,0.82015,12,9,-9
B_cldice_s0,B_cldice,20,closing,1.5,4,0.75879,0.8019,6,13,-13
B_cldice_s0,B_cldice,20,closing,2.0,6,0.70974,0.76595,2,17,-17
B_cldice_s0,B_cldice,20,bridge_only,0.0,0,0.80697,0.85246,15,4,-4
B_cldice_s0,B_cldice,20,bridge_only,0.25,1,0.80657,0.8517,14,1,-1
B_cldice_s0,B_cldice,20,bridge_only,0.5,1,0.80657,0.8517,14,1,-1
B_cldice_s0,B_cldice,20,bridge_only,0.75,2,0.80235,0.84738,13,1,1
B_cldice_s0,B_cldice,20,bridge_only,1.0,3,0.79585,0.842,11,2,2
B_cldice_s0,B_cldice,20,bridge_only,1.5,4,0.78651,0.83578,7,0,0
B_cldice_s0,B_cldice,20,bridge_only,2.0,6,0.75787,0.81833,3,0,0
C_boundary_s0,C_boundary,01,closing,0.0,0,0.82517,0.8607,8,23,-23
C_boundary_s0,C_boundary,01,closing,0.25,1,0.82298,0.8578,6,28,-28
C_boundary_s0,C_boundary,01,closing,0.5,1,0.82298,0.8578,6,28,-28
C_boundary_s0,C_boundary,01,closing,0.75,2,0.81742,0.85034,2,33,-33
C_boundary_s0,C_boundary,01,closing,1.0,3,0.80081,0.83155,0,28,-28
C_boundary_s0,C_boundary,01,closing,1.5,4,0.77987,0.81243,0,27,-27
C_boundary_s0,C_boundary,01,closing,2.0,6,0.72566,0.77016,3,28,-28
C_boundary_s0,C_boundary,01,bridge_only,0.0,0,0.82517,0.8607,8,23,-23
C_boundary_s0,C_boundary,01,bridge_only,0.25,1,0.82501,0.86083,7,22,-22
C_boundary_s0,C_boundary,01,bridge_only,0.5,1,0.82501,0.86083,7,22,-22
C_boundary_s0,C_boundary,01,bridge_only,0.75,2,0.82309,0.85958,4,18,-18
C_boundary_s0,C_boundary,01,bridge_only,1.0,3,0.81316,0.84934,2,14,-14
C_boundary_s0,C_boundary,01,bridge_only,1.5,4,0.8017,0.84086,3,16,-16
C_boundary_s0,C_boundary,01,bridge_only,2.0,6,0.77107,0.82171,1,12,-12
C_boundary_s0,C_boundary,02,closing,0.0,0,0.85317,0.85153,16,9,-9
C_boundary_s0,C_boundary,02,closing,0.25,1,0.85204,0.84962,10,19,-19
C_boundary_s0,C_boundary,02,closing,0.5,1,0.85204,0.84962,10,19,-19
C_boundary_s0,C_boundary,02,closing,0.75,2,0.84615,0.84345,5,25,-25
C_boundary_s0,C_boundary,02,closing,1.0,3,0.83446,0.83371,5,24,-24
C_boundary_s0,C_boundary,02,closing,1.5,4,0.81541,0.8166,4,26,-26
C_boundary_s0,C_boundary,02,closing,2.0,6,0.76119,0.77337,2,24,-24
C_boundary_s0,C_boundary,02,bridge_only,0.0,0,0.85317,0.85153,16,9,-9
C_boundary_s0,C_boundary,02,bridge_only,0.25,1,0.8527,0.85111,11,7,-7
C_boundary_s0,C_boundary,02,bridge_only,0.5,1,0.8527,0.85111,11,7,-7
C_boundary_s0,C_boundary,02,bridge_only,0.75,2,0.84973,0.84927,6,8,-8
C_boundary_s0,C_boundary,02,bridge_only,1.0,3,0.84487,0.84673,6,6,-6
C_boundary_s0,C_boundary,02,bridge_only,1.5,4,0.83315,0.83719,5,7,-7
C_boundary_s0,C_boundary,02,bridge_only,2.0,6,0.80261,0.81698,3,2,-2
C_boundary_s0,C_boundary,03,closing,0.0,0,0.79432,0.77596,25,41,-41
C_boundary_s0,C_boundary,03,closing,0.25,1,0.79605,0.77648,21,48,-48
C_boundary_s0,C_boundary,03,closing,0.5,1,0.79605,0.77648,21,48,-48
C_boundary_s0,C_boundary,03,closing,0.75,2,0.79762,0.77539,15,54,-54
C_boundary_s0,C_boundary,03,closing,1.0,3,0.79193,0.76949,12,53,-53
C_boundary_s0,C_boundary,03,closing,1.5,4,0.78412,0.75945,10,56,-56
C_boundary_s0,C_boundary,03,closing,2.0,6,0.75565,0.73754,7,57,-57
C_boundary_s0,C_boundary,03,bridge_only,0.0,0,0.79432,0.77596,25,41,-41
C_boundary_s0,C_boundary,03,bridge_only,0.25,1,0.79464,0.776,21,37,-37
C_boundary_s0,C_boundary,03,bridge_only,0.5,1,0.79464,0.776,21,37,-37
C_boundary_s0,C_boundary,03,bridge_only,0.75,2,0.79521,0.77568,16,37,-37
C_boundary_s0,C_boundary,03,bridge_only,1.0,3,0.79126,0.77127,13,37,-37
C_boundary_s0,C_boundary,03,bridge_only,1.5,4,0.78563,0.76532,12,39,-39
C_boundary_s0,C_boundary,03,bridge_only,2.0,6,0.76552,0.75229,10,36,-36
C_boundary_s0,C_boundary,04,closing,0.0,0,0.82776,0.79764,13,45,-45
C_boundary_s0,C_boundary,04,closing,0.25,1,0.82727,0.79751,12,45,-45
C_boundary_s0,C_boundary,04,closing,0.5,1,0.82727,0.79751,12,45,-45
C_boundary_s0,C_boundary,04,closing,0.75,2,0.8253,0.79579,7,45,-45
C_boundary_s0,C_boundary,04,closing,1.0,3,0.81814,0.78902,6,41,-41
C_boundary_s0,C_boundary,04,closing,1.5,4,0.80935,0.78115,6,41,-41
C_boundary_s0,C_boundary,04,closing,2.0,6,0.7641,0.75295,4,41,-41
C_boundary_s0,C_boundary,04,bridge_only,0.0,0,0.82776,0.79764,13,45,-45
C_boundary_s0,C_boundary,04,bridge_only,0.25,1,0.82737,0.79788,12,44,-44
C_boundary_s0,C_boundary,04,bridge_only,0.5,1,0.82737,0.79788,12,44,-44
C_boundary_s0,C_boundary,04,bridge_only,0.75,2,0.82627,0.79637,8,43,-43
C_boundary_s0,C_boundary,04,bridge_only,1.0,3,0.82286,0.7939,7,41,-41
C_boundary_s0,C_boundary,04,bridge_only,1.5,4,0.81744,0.7891,7,40,-40
C_boundary_s0,C_boundary,04,bridge_only,2.0,6,0.78804,0.77312,5,41,-41
C_boundary_s0,C_boundary,05,closing,0.0,0,0.80532,0.77937,22,39,-39
C_boundary_s0,C_boundary,05,closing,0.25,1,0.80571,0.77886,18,39,-39
C_boundary_s0,C_boundary,05,closing,0.5,1,0.80571,0.77886,18,39,-39
C_boundary_s0,C_boundary,05,closing,0.75,2,0.80409,0.77812,14,45,-45
C_boundary_s0,C_boundary,05,closing,1.0,3,0.79968,0.77453,12,46,-46
C_boundary_s0,C_boundary,05,closing,1.5,4,0.78761,0.76655,10,45,-45
C_boundary_s0,C_boundary,05,closing,2.0,6,0.75202,0.74626,9,45,-45
C_boundary_s0,C_boundary,05,bridge_only,0.0,0,0.80532,0.77937,22,39,-39
C_boundary_s0,C_boundary,05,bridge_only,0.25,1,0.80548,0.77964,19,37,-37
C_boundary_s0,C_boundary,05,bridge_only,0.5,1,0.80548,0.77964,19,37,-37
C_boundary_s0,C_boundary,05,bridge_only,0.75,2,0.80487,0.77901,17,39,-39
C_boundary_s0,C_boundary,05,bridge_only,1.0,3,0.80299,0.77713,15,39,-39
C_boundary_s0,C_boundary,05,bridge_only,1.5,4,0.79609,0.77293,14,38,-38
C_boundary_s0,C_boundary,05,bridge_only,2.0,6,0.7736,0.75923,14,38,-38
C_boundary_s0,C_boundary,06,closing,0.0,0,0.79705,0.76788,24,43,-43
C_boundary_s0,C_boundary,06,closing,0.25,1,0.79734,0.76859,22,46,-46
C_boundary_s0,C_boundary,06,closing,0.5,1,0.79734,0.76859,22,46,-46
C_boundary_s0,C_boundary,06,closing,0.75,2,0.79397,0.7661,15,42,-42
C_boundary_s0,C_boundary,06,closing,1.0,3,0.78618,0.75687,14,42,-42
C_boundary_s0,C_boundary,06,closing,1.5,4,0.77495,0.74849,9,42,-42
C_boundary_s0,C_boundary,06,closing,2.0,6,0.73355,0.71957,4,49,-49
C_boundary_s0,C_boundary,06,bridge_only,0.0,0,0.79705,0.76788,24,43,-43
C_boundary_s0,C_boundary,06,bridge_only,0.25,1,0.79707,0.76796,23,42,-42
C_boundary_s0,C_boundary,06,bridge_only,0.5,1,0.79707,0.76796,23,42,-42
C_boundary_s0,C_boundary,06,bridge_only,0.75,2,0.7952,0.76708,17,38,-38
C_boundary_s0,C_boundary,06,bridge_only,1.0,3,0.78984,0.76133,16,38,-38
C_boundary_s0,C_boundary,06,bridge_only,1.5,4,0.78313,0.75806,13,38,-38
C_boundary_s0,C_boundary,06,bridge_only,2.0,6,0.75787,0.74221,9,40,-40
C_boundary_s0,C_boundary,07,closing,0.0,0,0.81016,0.79435,19,52,-52
C_boundary_s0,C_boundary,07,closing,0.25,1,0.81002,0.79477,17,51,-51
C_boundary_s0,C_boundary,07,closing,0.5,1,0.81002,0.79477,17,51,-51
C_boundary_s0,C_boundary,07,closing,0.75,2,0.80775,0.79248,14,49,-49
C_boundary_s0,C_boundary,07,closing,1.0,3,0.80031,0.78712,11,49,-49
C_boundary_s0,C_boundary,07,closing,1.5,4,0.79057,0.77851,11,51,-51
C_boundary_s0,C_boundary,07,closing,2.0,6,0.75498,0.74766,9,56,-56
C_boundary_s0,C_boundary,07,bridge_only,0.0,0,0.81016,0.79435,19,52,-52
C_boundary_s0,C_boundary,07,bridge_only,0.25,1,0.81013,0.79531,18,51,-51
C_boundary_s0,C_boundary,07,bridge_only,0.5,1,0.81013,0.79531,18,51,-51
C_boundary_s0,C_boundary,07,bridge_only,0.75,2,0.8091,0.79488,17,49,-49
C_boundary_s0,C_boundary,07,bridge_only,1.0,3,0.80677,0.79356,15,49,-49
C_boundary_s0,C_boundary,07,bridge_only,1.5,4,0.80343,0.79055,15,50,-50
C_boundary_s0,C_boundary,07,bridge_only,2.0,6,0.78603,0.78111,13,51,-51
C_boundary_s0,C_boundary,08,closing,0.0,0,0.79133,0.77627,16,42,-42
C_boundary_s0,C_boundary,08,closing,0.25,1,0.7918,0.7753,15,53,-53
C_boundary_s0,C_boundary,08,closing,0.5,1,0.7918,0.7753,15,53,-53
C_boundary_s0,C_boundary,08,closing,0.75,2,0.7912,0.77468,14,52,-52
C_boundary_s0,C_boundary,08,closing,1.0,3,0.78813,0.77023,14,53,-53
C_boundary_s0,C_boundary,08,closing,1.5,4,0.78141,0.76283,12,55,-55
C_boundary_s0,C_boundary,08,closing,2.0,6,0.7456,0.73395,9,54,-54
C_boundary_s0,C_boundary,08,bridge_only,0.0,0,0.79133,0.77627,16,42,-42
C_boundary_s0,C_boundary,08,bridge_only,0.25,1,0.79143,0.7763,15,41,-41
C_boundary_s0,C_boundary,08,bridge_only,0.5,1,0.79143,0.7763,15,41,-41
C_boundary_s0,C_boundary,08,bridge_only,0.75,2,0.78998,0.7753,14,38,-38
C_boundary_s0,C_boundary,08,bridge_only,1.0,3,0.78935,0.77506,14,38,-38
C_boundary_s0,C_boundary,08,bridge_only,1.5,4,0.78397,0.76897,12,39,-39
C_boundary_s0,C_boundary,08,bridge_only,2.0,6,0.75503,0.75145,9,37,-37
C_boundary_s0,C_boundary,09,closing,0.0,0,0.78694,0.78765,24,30,-30
C_boundary_s0,C_boundary,09,closing,0.25,1,0.78795,0.78613,22,33,-33
C_boundary_s0,C_boundary,09,closing,0.5,1,0.78795,0.78613,22,33,-33
C_boundary_s0,C_boundary,09,closing,0.75,2,0.787,0.78352,20,28,-28
C_boundary_s0,C_boundary,09,closing,1.0,3,0.78109,0.77772,17,30,-30
C_boundary_s0,C_boundary,09,closing,1.5,4,0.77401,0.77061,15,33,-33
C_boundary_s0,C_boundary,09,closing,2.0,6,0.74055,0.73985,7,30,-30
C_boundary_s0,C_boundary,09,bridge_only,0.0,0,0.78694,0.78765,24,30,-30
C_boundary_s0,C_boundary,09,bridge_only,0.25,1,0.7874,0.78705,22,28,-28
C_boundary_s0,C_boundary,09,bridge_only,0.5,1,0.7874,0.78705,22,28,-28
C_boundary_s0,C_boundary,09,bridge_only,0.75,2,0.78666,0.78573,20,24,-24
C_boundary_s0,C_boundary,09,bridge_only,1.0,3,0.78353,0.78374,17,23,-23
C_boundary_s0,C_boundary,09,bridge_only,1.5,4,0.77895,0.77953,15,25,-25
C_boundary_s0,C_boundary,09,bridge_only,2.0,6,0.75753,0.76054,7,22,-22
C_boundary_s0,C_boundary,10,closing,0.0,0,0.80561,0.78191,14,54,-54
C_boundary_s0,C_boundary,10,closing,0.25,1,0.80542,0.78097,12,60,-60
C_boundary_s0,C_boundary,10,closing,0.5,1,0.80542,0.78097,12,60,-60
C_boundary_s0,C_boundary,10,closing,0.75,2,0.80193,0.77686,9,63,-63
C_boundary_s0,C_boundary,10,closing,1.0,3,0.78795,0.75998,8,66,-66
C_boundary_s0,C_boundary,10,closing,1.5,4,0.77467,0.74888,7,67,-67
C_boundary_s0,C_boundary,10,closing,2.0,6,0.71857,0.70219,4,73,-73
C_boundary_s0,C_boundary,10,bridge_only,0.0,0,0.80561,0.78191,14,54,-54
C_boundary_s0,C_boundary,10,bridge_only,0.25,1,0.80541,0.78188,12,51,-51
C_boundary_s0,C_boundary,10,bridge_only,0.5,1,0.80541,0.78188,12,51,-51
C_boundary_s0,C_boundary,10,bridge_only,0.75,2,0.80399,0.78047,10,51,-51
C_boundary_s0,C_boundary,10,bridge_only,1.0,3,0.79736,0.77321,9,52,-52
C_boundary_s0,C_boundary,10,bridge_only,1.5,4,0.79156,0.76956,8,52,-52
C_boundary_s0,C_boundary,10,bridge_only,2.0,6,0.76179,0.7502,5,50,-50
C_boundary_s0,C_boundary,11,closing,0.0,0,0.81072,0.7806,18,58,-58
C_boundary_s0,C_boundary,11,closing,0.25,1,0.8092,0.7782,15,77,-77
C_boundary_s0,C_boundary,11,closing,0.5,1,0.8092,0.7782,15,77,-77
C_boundary_s0,C_boundary,11,closing,0.75,2,0.80308,0.77254,12,78,-78
C_boundary_s0,C_boundary,11,closing,1.0,3,0.78926,0.76378,7,80,-80
C_boundary_s0,C_boundary,11,closing,1.5,4,0.77605,0.75579,3,81,-81
C_boundary_s0,C_boundary,11,closing,2.0,6,0.73324,0.72588,0,80,-80
C_boundary_s0,C_boundary,11,bridge_only,0.0,0,0.81072,0.7806,18,58,-58
C_boundary_s0,C_boundary,11,bridge_only,0.25,1,0.81002,0.78,15,57,-57
C_boundary_s0,C_boundary,11,bridge_only,0.5,1,0.81002,0.78,15,57,-57
C_boundary_s0,C_boundary,11,bridge_only,0.75,2,0.80767,0.77975,13,56,-56
C_boundary_s0,C_boundary,11,bridge_only,1.0,3,0.80071,0.776,9,55,-55
C_boundary_s0,C_boundary,11,bridge_only,1.5,4,0.79338,0.7735,8,55,-55
C_boundary_s0,C_boundary,11,bridge_only,2.0,6,0.77392,0.76126,7,56,-56
C_boundary_s0,C_boundary,12,closing,0.0,0,0.82234,0.84088,17,25,-25
C_boundary_s0,C_boundary,12,closing,0.25,1,0.8218,0.84076,14,30,-30
C_boundary_s0,C_boundary,12,closing,0.5,1,0.8218,0.84076,14,30,-30
C_boundary_s0,C_boundary,12,closing,0.75,2,0.81867,0.83763,13,30,-30
C_boundary_s0,C_boundary,12,closing,1.0,3,0.80835,0.82603,10,30,-30
C_boundary_s0,C_boundary,12,closing,1.5,4,0.78861,0.80916,8,29,-29
C_boundary_s0,C_boundary,12,closing,2.0,6,0.73541,0.75917,5,34,-34
C_boundary_s0,C_boundary,12,bridge_only,0.0,0,0.82234,0.84088,17,25,-25
C_boundary_s0,C_boundary,12,bridge_only,0.25,1,0.8223,0.84131,17,24,-24
C_boundary_s0,C_boundary,12,bridge_only,0.5,1,0.8223,0.84131,17,24,-24
C_boundary_s0,C_boundary,12,bridge_only,0.75,2,0.82133,0.84031,16,23,-23
C_boundary_s0,C_boundary,12,bridge_only,1.0,3,0.81467,0.83314,13,21,-21
C_boundary_s0,C_boundary,12,bridge_only,1.5,4,0.80241,0.82319,11,21,-21
C_boundary_s0,C_boundary,12,bridge_only,2.0,6,0.78245,0.80846,11,22,-22
C_boundary_s0,C_boundary,13,closing,0.0,0,0.81393,0.79323,18,44,-44
C_boundary_s0,C_boundary,13,closing,0.25,1,0.81354,0.79324,18,46,-46
C_boundary_s0,C_boundary,13,closing,0.5,1,0.81354,0.79324,18,46,-46
C_boundary_s0,C_boundary,13,closing,0.75,2,0.80944,0.78707,12,47,-47
C_boundary_s0,C_boundary,13,closing,1.0,3,0.80037,0.77773,9,47,-47
C_boundary_s0,C_boundary,13,closing,1.5,4,0.78875,0.76974,8,48,-48
C_boundary_s0,C_boundary,13,closing,2.0,6,0.74142,0.73573,5,46,-46
C_boundary_s0,C_boundary,13,bridge_only,0.0,0,0.81393,0.79323,18,44,-44
C_boundary_s0,C_boundary,13,bridge_only,0.25,1,0.8136,0.79292,18,42,-42
C_boundary_s0,C_boundary,13,bridge_only,0.5,1,0.8136,0.79292,18,42,-42
C_boundary_s0,C_boundary,13,bridge_only,0.75,2,0.81145,0.79007,12,41,-41
C_boundary_s0,C_boundary,13,bridge_only,1.0,3,0.80734,0.78653,10,39,-39
C_boundary_s0,C_boundary,13,bridge_only,1.5,4,0.79952,0.78137,9,40,-40
C_boundary_s0,C_boundary,13,bridge_only,2.0,6,0.7612,0.76079,7,35,-35
C_boundary_s0,C_boundary,14,closing,0.0,0,0.8219,0.8375,29,22,-22
C_boundary_s0,C_boundary,14,closing,0.25,1,0.82054,0.83625,26,22,-22
C_boundary_s0,C_boundary,14,closing,0.5,1,0.82054,0.83625,26,22,-22
C_boundary_s0,C_boundary,14,closing,0.75,2,0.81461,0.83275,18,20,-20
C_boundary_s0,C_boundary,14,closing,1.0,3,0.80327,0.82051,18,18,-18
C_boundary_s0,C_boundary,14,closing,1.5,4,0.78708,0.80814,15,19,-19
C_boundary_s0,C_boundary,14,closing,2.0,6,0.73776,0.77149,14,19,-19
C_boundary_s0,C_boundary,14,bridge_only,0.0,0,0.8219,0.8375,29,22,-22
C_boundary_s0,C_boundary,14,bridge_only,0.25,1,0.82194,0.83751,28,22,-22
C_boundary_s0,C_boundary,14,bridge_only,0.5,1,0.82194,0.83751,28,22,-22
C_boundary_s0,C_boundary,14,bridge_only,0.75,2,0.8214,0.83797,25,22,-22
C_boundary_s0,C_boundary,14,bridge_only,1.0,3,0.81934,0.83621,25,19,-19
C_boundary_s0,C_boundary,14,bridge_only,1.5,4,0.8151,0.83286,24,19,-19
C_boundary_s0,C_boundary,14,bridge_only,2.0,6,0.79688,0.82175,24,18,-18
C_boundary_s0,C_boundary,15,closing,0.0,0,0.79954,0.83856,21,17,-17
C_boundary_s0,C_boundary,15,closing,0.25,1,0.79806,0.83933,17,21,-21
C_boundary_s0,C_boundary,15,closing,0.5,1,0.79806,0.83933,17,21,-21
C_boundary_s0,C_boundary,15,closing,0.75,2,0.79269,0.83442,13,20,-20
C_boundary_s0,C_boundary,15,closing,1.0,3,0.77482,0.81361,13,16,-16
C_boundary_s0,C_boundary,15,closing,1.5,4,0.75258,0.79163,10,21,-21
C_boundary_s0,C_boundary,15,closing,2.0,6,0.67683,0.73134,6,18,-18
C_boundary_s0,C_boundary,15,bridge_only,0.0,0,0.79954,0.83856,21,17,-17
C_boundary_s0,C_boundary,15,bridge_only,0.25,1,0.79841,0.83864,17,14,-14
C_boundary_s0,C_boundary,15,bridge_only,0.5,1,0.79841,0.83864,17,14,-14
C_boundary_s0,C_boundary,15,bridge_only,0.75,2,0.7953,0.83533,13,14,-14
C_boundary_s0,C_boundary,15,bridge_only,1.0,3,0.78588,0.82543,13,12,-12
C_boundary_s0,C_boundary,15,bridge_only,1.5,4,0.77066,0.81684,10,11,-11
C_boundary_s0,C_boundary,15,bridge_only,2.0,6,0.70618,0.77528,6,6,-6
C_boundary_s0,C_boundary,16,closing,0.0,0,0.83449,0.87081,22,15,-15
C_boundary_s0,C_boundary,16,closing,0.25,1,0.83318,0.87065,20,18,-18
C_boundary_s0,C_boundary,16,closing,0.5,1,0.83318,0.87065,20,18,-18
C_boundary_s0,C_boundary,16,closing,0.75,2,0.82732,0.86633,16,21,-21
C_boundary_s0,C_boundary,16,closing,1.0,3,0.81365,0.85412,13,21,-21
C_boundary_s0,C_boundary,16,closing,1.5,4,0.80045,0.84419,12,21,-21
C_boundary_s0,C_boundary,16,closing,2.0,6,0.75811,0.81184,9,24,-24
C_boundary_s0,C_boundary,16,bridge_only,0.0,0,0.83449,0.87081,22,15,-15
C_boundary_s0,C_boundary,16,bridge_only,0.25,1,0.83398,0.87126,20,14,-14
C_boundary_s0,C_boundary,16,bridge_only,0.5,1,0.83398,0.87126,20,14,-14
C_boundary_s0,C_boundary,16,bridge_only,0.75,2,0.83198,0.87041,17,14,-14
C_boundary_s0,C_boundary,16,bridge_only,1.0,3,0.82615,0.86626,15,12,-12
C_boundary_s0,C_boundary,16,bridge_only,1.5,4,0.81841,0.86092,14,11,-11
C_boundary_s0,C_boundary,16,bridge_only,2.0,6,0.79079,0.83749,11,11,-11
C_boundary_s0,C_boundary,17,closing,0.0,0,0.8104,0.83202,18,21,-21
C_boundary_s0,C_boundary,17,closing,0.25,1,0.8109,0.83246,14,31,-31
C_boundary_s0,C_boundary,17,closing,0.5,1,0.8109,0.83246,14,31,-31
C_boundary_s0,C_boundary,17,closing,0.75,2,0.8093,0.83296,13,33,-33
C_boundary_s0,C_boundary,17,closing,1.0,3,0.8021,0.82404,12,37,-37
C_boundary_s0,C_boundary,17,closing,1.5,4,0.79109,0.81648,7,35,-35
C_boundary_s0,C_boundary,17,closing,2.0,6,0.7504,0.78976,7,35,-35
C_boundary_s0,C_boundary,17,bridge_only,0.0,0,0.8104,0.83202,18,21,-21
C_boundary_s0,C_boundary,17,bridge_only,0.25,1,0.81056,0.83292,14,20,-20
C_boundary_s0,C_boundary,17,bridge_only,0.5,1,0.81056,0.83292,14,20,-20
C_boundary_s0,C_boundary,17,bridge_only,0.75,2,0.80941,0.83364,13,19,-19
C_boundary_s0,C_boundary,17,bridge_only,1.0,3,0.80573,0.8298,12,19,-19
C_boundary_s0,C_boundary,17,bridge_only,1.5,4,0.7968,0.82447,7,17,-17
C_boundary_s0,C_boundary,17,bridge_only,2.0,6,0.76136,0.80409,7,16,-16
C_boundary_s0,C_boundary,18,closing,0.0,0,0.82013,0.87921,11,1,1
C_boundary_s0,C_boundary,18,closing,0.25,1,0.8181,0.87569,9,11,-11
C_boundary_s0,C_boundary,18,closing,0.5,1,0.8181,0.87569,9,11,-11
C_boundary_s0,C_boundary,18,closing,0.75,2,0.81118,0.86648,7,18,-18
C_boundary_s0,C_boundary,18,closing,1.0,3,0.79942,0.85345,5,23,-23
C_boundary_s0,C_boundary,18,closing,1.5,4,0.7841,0.84573,2,19,-19
C_boundary_s0,C_boundary,18,closing,2.0,6,0.74055,0.81928,1,17,-17
C_boundary_s0,C_boundary,18,bridge_only,0.0,0,0.82013,0.87921,11,1,1
C_boundary_s0,C_boundary,18,bridge_only,0.25,1,0.81984,0.87905,9,2,2
C_boundary_s0,C_boundary,18,bridge_only,0.5,1,0.81984,0.87905,9,2,2
C_boundary_s0,C_boundary,18,bridge_only,0.75,2,0.81682,0.8776,7,3,3
C_boundary_s0,C_boundary,18,bridge_only,1.0,3,0.81175,0.87186,5,2,2
C_boundary_s0,C_boundary,18,bridge_only,1.5,4,0.80206,0.86524,2,6,6
C_boundary_s0,C_boundary,18,bridge_only,2.0,6,0.76646,0.84151,1,9,9
C_boundary_s0,C_boundary,19,closing,0.0,0,0.85127,0.88583,15,6,-6
C_boundary_s0,C_boundary,19,closing,0.25,1,0.84905,0.88451,13,6,-6
C_boundary_s0,C_boundary,19,closing,0.5,1,0.84905,0.88451,13,6,-6
C_boundary_s0,C_boundary,19,closing,0.75,2,0.83927,0.87659,5,8,-8
C_boundary_s0,C_boundary,19,closing,1.0,3,0.82246,0.86569,4,10,-10
C_boundary_s0,C_boundary,19,closing,1.5,4,0.80232,0.8502,4,11,-11
C_boundary_s0,C_boundary,19,closing,2.0,6,0.7424,0.80374,0,14,-14
C_boundary_s0,C_boundary,19,bridge_only,0.0,0,0.85127,0.88583,15,6,-6
C_boundary_s0,C_boundary,19,bridge_only,0.25,1,0.85052,0.88573,14,3,-3
C_boundary_s0,C_boundary,19,bridge_only,0.5,1,0.85052,0.88573,14,3,-3
C_boundary_s0,C_boundary,19,bridge_only,0.75,2,0.84494,0.88094,8,4,-4
C_boundary_s0,C_boundary,19,bridge_only,1.0,3,0.83772,0.87401,7,4,-4
C_boundary_s0,C_boundary,19,bridge_only,1.5,4,0.82881,0.86801,7,5,-5
C_boundary_s0,C_boundary,19,bridge_only,2.0,6,0.79702,0.84636,3,3,-3
C_boundary_s0,C_boundary,20,closing,0.0,0,0.80857,0.84972,25,7,-7
C_boundary_s0,C_boundary,20,closing,0.25,1,0.80679,0.84673,21,13,-13
C_boundary_s0,C_boundary,20,closing,0.5,1,0.80679,0.84673,21,13,-13
C_boundary_s0,C_boundary,20,closing,0.75,2,0.79923,0.83984,12,10,-10
C_boundary_s0,C_boundary,20,closing,1.0,3,0.78163,0.82185,11,13,-13
C_boundary_s0,C_boundary,20,closing,1.5,4,0.76274,0.80945,11,16,-16
C_boundary_s0,C_boundary,20,closing,2.0,6,0.716,0.77567,6,19,-19
C_boundary_s0,C_boundary,20,bridge_only,0.0,0,0.80857,0.84972,25,7,-7
C_boundary_s0,C_boundary,20,bridge_only,0.25,1,0.80815,0.84948,21,6,-6
C_boundary_s0,C_boundary,20,bridge_only,0.5,1,0.80815,0.84948,21,6,-6
C_boundary_s0,C_boundary,20,bridge_only,0.75,2,0.80438,0.84659,13,3,-3
C_boundary_s0,C_boundary,20,bridge_only,1.0,3,0.7976,0.84148,13,2,-2
C_boundary_s0,C_boundary,20,bridge_only,1.5,4,0.78864,0.83912,13,4,-4
C_boundary_s0,C_boundary,20,bridge_only,2.0,6,0.75796,0.82058,8,2,-2
D_blurpool_s0,D_blurpool,01,closing,0.0,0,0.81619,0.85026,17,27,-27
D_blurpool_s0,D_blurpool,01,closing,0.25,1,0.81434,0.84835,14,35,-35
D_blurpool_s0,D_blurpool,01,closing,0.5,1,0.81434,0.84835,14,35,-35
D_blurpool_s0,D_blurpool,01,closing,0.75,2,0.809,0.84068,11,33,-33
D_blurpool_s0,D_blurpool,01,closing,1.0,3,0.79412,0.8236,9,28,-28
D_blurpool_s0,D_blurpool,01,closing,1.5,4,0.76937,0.80287,4,33,-33
D_blurpool_s0,D_blurpool,01,closing,2.0,6,0.71674,0.75733,1,30,-30
D_blurpool_s0,D_blurpool,01,bridge_only,0.0,0,0.81619,0.85026,17,27,-27
D_blurpool_s0,D_blurpool,01,bridge_only,0.25,1,0.81603,0.85094,15,27,-27
D_blurpool_s0,D_blurpool,01,bridge_only,0.5,1,0.81603,0.85094,15,27,-27
D_blurpool_s0,D_blurpool,01,bridge_only,0.75,2,0.81398,0.8489,13,22,-22
D_blurpool_s0,D_blurpool,01,bridge_only,1.0,3,0.80435,0.83937,12,19,-19
D_blurpool_s0,D_blurpool,01,bridge_only,1.5,4,0.79172,0.83188,11,20,-20
D_blurpool_s0,D_blurpool,01,bridge_only,2.0,6,0.75905,0.80802,8,18,-18
D_blurpool_s0,D_blurpool,02,closing,0.0,0,0.84672,0.84723,15,7,-7
D_blurpool_s0,D_blurpool,02,closing,0.25,1,0.84607,0.84504,12,21,-21
D_blurpool_s0,D_blurpool,02,closing,0.5,1,0.84607,0.84504,12,21,-21
D_blurpool_s0,D_blurpool,02,closing,0.75,2,0.84043,0.84068,11,21,-21
D_blurpool_s0,D_blurpool,02,closing,1.0,3,0.82838,0.82802,9,20,-20
D_blurpool_s0,D_blurpool,02,closing,1.5,4,0.81011,0.81309,5,23,-23
D_blurpool_s0,D_blurpool,02,closing,2.0,6,0.76276,0.77266,1,27,-27
D_blurpool_s0,D_blurpool,02,bridge_only,0.0,0,0.84672,0.84723,15,7,-7
D_blurpool_s0,D_blurpool,02,bridge_only,0.25,1,0.84647,0.84703,14,6,-6
D_blurpool_s0,D_blurpool,02,bridge_only,0.5,1,0.84647,0.84703,14,6,-6
D_blurpool_s0,D_blurpool,02,bridge_only,0.75,2,0.84339,0.84563,13,3,-3
D_blurpool_s0,D_blurpool,02,bridge_only,1.0,3,0.83836,0.84108,12,2,-2
D_blurpool_s0,D_blurpool,02,bridge_only,1.5,4,0.82769,0.83402,8,2,-2
D_blurpool_s0,D_blurpool,02,bridge_only,2.0,6,0.79988,0.81616,4,2,-2
D_blurpool_s0,D_blurpool,03,closing,0.0,0,0.78499,0.76785,20,40,-40
D_blurpool_s0,D_blurpool,03,closing,0.25,1,0.78703,0.76889,18,49,-49
D_blurpool_s0,D_blurpool,03,closing,0.5,1,0.78703,0.76889,18,49,-49
D_blurpool_s0,D_blurpool,03,closing,0.75,2,0.78917,0.76851,17,49,-49
D_blurpool_s0,D_blurpool,03,closing,1.0,3,0.7854,0.76412,13,51,-51
D_blurpool_s0,D_blurpool,03,closing,1.5,4,0.77737,0.75378,10,53,-53
D_blurpool_s0,D_blurpool,03,closing,2.0,6,0.74994,0.73279,8,56,-56
D_blurpool_s0,D_blurpool,03,bridge_only,0.0,0,0.78499,0.76785,20,40,-40
D_blurpool_s0,D_blurpool,03,bridge_only,0.25,1,0.78593,0.76848,18,40,-40
D_blurpool_s0,D_blurpool,03,bridge_only,0.5,1,0.78593,0.76848,18,40,-40
D_blurpool_s0,D_blurpool,03,bridge_only,0.75,2,0.78612,0.76856,17,38,-38
D_blurpool_s0,D_blurpool,03,bridge_only,1.0,3,0.78372,0.7648,15,38,-38
D_blurpool_s0,D_blurpool,03,bridge_only,1.5,4,0.77824,0.75911,12,39,-39
D_blurpool_s0,D_blurpool,03,bridge_only,2.0,6,0.76426,0.75078,10,36,-36
D_blurpool_s0,D_blurpool,04,closing,0.0,0,0.81566,0.78765,15,39,-39
D_blurpool_s0,D_blurpool,04,closing,0.25,1,0.81522,0.78776,11,47,-47
D_blurpool_s0,D_blurpool,04,closing,0.5,1,0.81522,0.78776,11,47,-47
D_blurpool_s0,D_blurpool,04,closing,0.75,2,0.81418,0.78771,7,44,-44
D_blurpool_s0,D_blurpool,04,closing,1.0,3,0.80787,0.78238,4,43,-43
D_blurpool_s0,D_blurpool,04,closing,1.5,4,0.79984,0.77649,4,42,-42
D_blurpool_s0,D_blurpool,04,closing,2.0,6,0.76089,0.75191,3,40,-40
D_blurpool_s0,D_blurpool,04,bridge_only,0.0,0,0.81566,0.78765,15,39,-39
D_blurpool_s0,D_blurpool,04,bridge_only,0.25,1,0.81545,0.78756,11,39,-39
D_blurpool_s0,D_blurpool,04,bridge_only,0.5,1,0.81545,0.78756,11,39,-39
D_blurpool_s0,D_blurpool,04,bridge_only,0.75,2,0.81493,0.78783,7,35,-35
D_blurpool_s0,D_blurpool,04,bridge_only,1.0,3,0.8123,0.78616,6,35,-35
D_blurpool_s0,D_blurpool,04,bridge_only,1.5,4,0.80823,0.7826,6,34,-34
D_blurpool_s0,D_blurpool,04,bridge_only,2.0,6,0.78391,0.76959,5,32,-32
D_blurpool_s0,D_blurpool,05,closing,0.0,0,0.79896,0.77085,23,38,-38
D_blurpool_s0,D_blurpool,05,closing,0.25,1,0.79929,0.77101,22,40,-40
D_blurpool_s0,D_blurpool,05,closing,0.5,1,0.79929,0.77101,22,40,-40
D_blurpool_s0,D_blurpool,05,closing,0.75,2,0.79835,0.76961,15,44,-44
D_blurpool_s0,D_blurpool,05,closing,1.0,3,0.79483,0.76694,13,44,-44
D_blurpool_s0,D_blurpool,05,closing,1.5,4,0.78242,0.75834,11,46,-46
D_blurpool_s0,D_blurpool,05,closing,2.0,6,0.74676,0.73597,4,48,-48
D_blurpool_s0,D_blurpool,05,bridge_only,0.0,0,0.79896,0.77085,23,38,-38
D_blurpool_s0,D_blurpool,05,bridge_only,0.25,1,0.7992,0.7713,22,37,-37
D_blurpool_s0,D_blurpool,05,bridge_only,0.5,1,0.7992,0.7713,22,37,-37
D_blurpool_s0,D_blurpool,05,bridge_only,0.75,2,0.79874,0.77063,17,38,-38
D_blurpool_s0,D_blurpool,05,bridge_only,1.0,3,0.79722,0.7691,15,37,-37
D_blurpool_s0,D_blurpool,05,bridge_only,1.5,4,0.79045,0.7642,13,37,-37
D_blurpool_s0,D_blurpool,05,bridge_only,2.0,6,0.76874,0.75351,8,38,-38
D_blurpool_s0,D_blurpool,06,closing,0.0,0,0.79038,0.75906,27,46,-46
D_blurpool_s0,D_blurpool,06,closing,0.25,1,0.79066,0.75966,25,49,-49
D_blurpool_s0,D_blurpool,06,closing,0.5,1,0.79066,0.75966,25,49,-49
D_blurpool_s0,D_blurpool,06,closing,0.75,2,0.78917,0.7576,17,47,-47
D_blurpool_s0,D_blurpool,06,closing,1.0,3,0.78154,0.75017,12,43,-43
D_blurpool_s0,D_blurpool,06,closing,1.5,4,0.77062,0.73938,11,40,-40
D_blurpool_s0,D_blurpool,06,closing,2.0,6,0.72724,0.70922,7,53,-53
D_blurpool_s0,D_blurpool,06,bridge_only,0.0,0,0.79038,0.75906,27,46,-46
D_blurpool_s0,D_blurpool,06,bridge_only,0.25,1,0.79032,0.75954,25,45,-45
D_blurpool_s0,D_blurpool,06,bridge_only,0.5,1,0.79032,0.75954,25,45,-45
D_blurpool_s0,D_blurpool,06,bridge_only,0.75,2,0.78881,0.75816,20,42,-42
D_blurpool_s0,D_blurpool,06,bridge_only,1.0,3,0.78334,0.75394,15,40,-40
D_blurpool_s0,D_blurpool,06,bridge_only,1.5,4,0.77646,0.74798,14,37,-37
D_blurpool_s0,D_blurpool,06,bridge_only,2.0,6,0.75014,0.73618,10,44,-44
D_blurpool_s0,D_blurpool,07,closing,0.0,0,0.8042,0.79368,23,49,-49
D_blurpool_s0,D_blurpool,07,closing,0.25,1,0.80449,0.794,22,56,-56
D_blurpool_s0,D_blurpool,07,closing,0.5,1,0.80449,0.794,22,56,-56
D_blurpool_s0,D_blurpool,07,closing,0.75,2,0.80384,0.79139,19,53,-53
D_blurpool_s0,D_blurpool,07,closing,1.0,3,0.79835,0.78631,16,50,-50
D_blurpool_s0,D_blurpool,07,closing,1.5,4,0.78815,0.778,13,52,-52
D_blurpool_s0,D_blurpool,07,closing,2.0,6,0.75098,0.74664,12,55,-55
D_blurpool_s0,D_blurpool,07,bridge_only,0.0,0,0.8042,0.79368,23,49,-49
D_blurpool_s0,D_blurpool,07,bridge_only,0.25,1,0.80459,0.79426,22,49,-49
D_blurpool_s0,D_blurpool,07,bridge_only,0.5,1,0.80459,0.79426,22,49,-49
D_blurpool_s0,D_blurpool,07,bridge_only,0.75,2,0.80432,0.7939,22,47,-47
D_blurpool_s0,D_blurpool,07,bridge_only,1.0,3,0.80205,0.792,19,45,-45
D_blurpool_s0,D_blurpool,07,bridge_only,1.5,4,0.79789,0.78879,17,46,-46
D_blurpool_s0,D_blurpool,07,bridge_only,2.0,6,0.77713,0.77526,16,44,-44
D_blurpool_s0,D_blurpool,08,closing,0.0,0,0.78374,0.77263,21,42,-42
D_blurpool_s0,D_blurpool,08,closing,0.25,1,0.78452,0.77323,21,49,-49
D_blurpool_s0,D_blurpool,08,closing,0.5,1,0.78452,0.77323,21,49,-49
D_blurpool_s0,D_blurpool,08,closing,0.75,2,0.78432,0.77189,17,51,-51
D_blurpool_s0,D_blurpool,08,closing,1.0,3,0.78129,0.76762,16,53,-53
D_blurpool_s0,D_blurpool,08,closing,1.5,4,0.7748,0.76056,14,52,-52
D_blurpool_s0,D_blurpool,08,closing,2.0,6,0.73619,0.73106,10,52,-52
D_blurpool_s0,D_blurpool,08,bridge_only,0.0,0,0.78374,0.77263,21,42,-42
D_blurpool_s0,D_blurpool,08,bridge_only,0.25,1,0.78406,0.77306,21,39,-39
D_blurpool_s0,D_blurpool,08,bridge_only,0.5,1,0.78406,0.77306,21,39,-39
D_blurpool_s0,D_blurpool,08,bridge_only,0.75,2,0.78368,0.77386,18,38,-38
D_blurpool_s0,D_blurpool,08,bridge_only,1.0,3,0.78158,0.77137,17,38,-38
D_blurpool_s0,D_blurpool,08,bridge_only,1.5,4,0.77682,0.76741,15,36,-36
D_blurpool_s0,D_blurpool,08,bridge_only,2.0,6,0.74629,0.74884,11,36,-36
D_blurpool_s0,D_blurpool,09,closing,0.0,0,0.78048,0.77939,24,30,-30
D_blurpool_s0,D_blurpool,09,closing,0.25,1,0.78118,0.77907,20,35,-35
D_blurpool_s0,D_blurpool,09,closing,0.5,1,0.78118,0.77907,20,35,-35
D_blurpool_s0,D_blurpool,09,closing,0.75,2,0.78,0.77693,16,34,-34
D_blurpool_s0,D_blurpool,09,closing,1.0,3,0.77414,0.76825,13,35,-35
D_blurpool_s0,D_blurpool,09,closing,1.5,4,0.76538,0.76061,8,33,-33
D_blurpool_s0,D_blurpool,09,closing,2.0,6,0.73583,0.73584,6,33,-33
D_blurpool_s0,D_blurpool,09,bridge_only,0.0,0,0.78048,0.77939,24,30,-30
D_blurpool_s0,D_blurpool,09,bridge_only,0.25,1,0.78088,0.78005,20,30,-30
D_blurpool_s0,D_blurpool,09,bridge_only,0.5,1,0.78088,0.78005,20,30,-30
D_blurpool_s0,D_blurpool,09,bridge_only,0.75,2,0.78007,0.7799,16,29,-29
D_blurpool_s0,D_blurpool,09,bridge_only,1.0,3,0.77753,0.77795,13,27,-27
D_blurpool_s0,D_blurpool,09,bridge_only,1.5,4,0.7709,0.77347,8,24,-24
D_blurpool_s0,D_blurpool,09,bridge_only,2.0,6,0.74622,0.75658,6,23,-23
D_blurpool_s0,D_blurpool,10,closing,0.0,0,0.80274,0.77439,25,64,-64
D_blurpool_s0,D_blurpool,10,closing,0.25,1,0.80239,0.7736,21,58,-58
D_blurpool_s0,D_blurpool,10,closing,0.5,1,0.80239,0.7736,21,58,-58
D_blurpool_s0,D_blurpool,10,closing,0.75,2,0.79716,0.76729,15,62,-62
D_blurpool_s0,D_blurpool,10,closing,1.0,3,0.78345,0.75093,11,65,-65
D_blurpool_s0,D_blurpool,10,closing,1.5,4,0.7681,0.73776,7,66,-66
D_blurpool_s0,D_blurpool,10,closing,2.0,6,0.70928,0.69179,7,70,-70
D_blurpool_s0,D_blurpool,10,bridge_only,0.0,0,0.80274,0.77439,25,64,-64
D_blurpool_s0,D_blurpool,10,bridge_only,0.25,1,0.80267,0.77435,21,56,-56
D_blurpool_s0,D_blurpool,10,bridge_only,0.5,1,0.80267,0.77435,21,56,-56
D_blurpool_s0,D_blurpool,10,bridge_only,0.75,2,0.80068,0.77319,17,60,-60
D_blurpool_s0,D_blurpool,10,bridge_only,1.0,3,0.79532,0.76642,13,60,-60
D_blurpool_s0,D_blurpool,10,bridge_only,1.5,4,0.78658,0.76153,10,61,-61
D_blurpool_s0,D_blurpool,10,bridge_only,2.0,6,0.74867,0.74345,10,59,-59
D_blurpool_s0,D_blurpool,11,closing,0.0,0,0.80695,0.77381,22,60,-60
D_blurpool_s0,D_blurpool,11,closing,0.25,1,0.80498,0.77141,16,71,-71
D_blurpool_s0,D_blurpool,11,closing,0.5,1,0.80498,0.77141,16,71,-71
D_blurpool_s0,D_blurpool,11,closing,0.75,2,0.80027,0.76575,12,77,-77
D_blurpool_s0,D_blurpool,11,closing,1.0,3,0.78779,0.75573,5,78,-78
D_blurpool_s0,D_blurpool,11,closing,1.5,4,0.7746,0.7475,4,80,-80
D_blurpool_s0,D_blurpool,11,closing,2.0,6,0.72823,0.7147,4,81,-81
D_blurpool_s0,D_blurpool,11,bridge_only,0.0,0,0.80695,0.77381,22,60,-60
D_blurpool_s0,D_blurpool,11,bridge_only,0.25,1,0.80619,0.77317,19,58,-58
D_blurpool_s0,D_blurpool,11,bridge_only,0.5,1,0.80619,0.77317,19,58,-58
D_blurpool_s0,D_blurpool,11,bridge_only,0.75,2,0.80442,0.77232,18,57,-57
D_blurpool_s0,D_blurpool,11,bridge_only,1.0,3,0.79917,0.76932,14,55,-55
D_blurpool_s0,D_blurpool,11,bridge_only,1.5,4,0.79238,0.76574,13,56,-56
D_blurpool_s0,D_blurpool,11,bridge_only,2.0,6,0.77111,0.75432,15,59,-59
D_blurpool_s0,D_blurpool,12,closing,0.0,0,0.81264,0.8272,24,35,-35
D_blurpool_s0,D_blurpool,12,closing,0.25,1,0.81233,0.82695,23,36,-36
D_blurpool_s0,D_blurpool,12,closing,0.5,1,0.81233,0.82695,23,36,-36
D_blurpool_s0,D_blurpool,12,closing,0.75,2,0.80959,0.82388,16,34,-34
D_blurpool_s0,D_blurpool,12,closing,1.0,3,0.79951,0.81313,14,30,-30
D_blurpool_s0,D_blurpool,12,closing,1.5,4,0.78315,0.79972,14,29,-29
D_blurpool_s0,D_blurpool,12,closing,2.0,6,0.72526,0.74537,9,34,-34
D_blurpool_s0,D_blurpool,12,bridge_only,0.0,0,0.81264,0.8272,24,35,-35
D_blurpool_s0,D_blurpool,12,bridge_only,0.25,1,0.81253,0.82703,23,33,-33
D_blurpool_s0,D_blurpool,12,bridge_only,0.5,1,0.81253,0.82703,23,33,-33
D_blurpool_s0,D_blurpool,12,bridge_only,0.75,2,0.81163,0.82592,20,33,-33
D_blurpool_s0,D_blurpool,12,bridge_only,1.0,3,0.80395,0.81817,18,29,-29
D_blurpool_s0,D_blurpool,12,bridge_only,1.5,4,0.79284,0.80924,17,28,-28
D_blurpool_s0,D_blurpool,12,bridge_only,2.0,6,0.76814,0.79078,16,31,-31
D_blurpool_s0,D_blurpool,13,closing,0.0,0,0.8121,0.79097,22,40,-40
D_blurpool_s0,D_blurpool,13,closing,0.25,1,0.81208,0.79036,17,49,-49
D_blurpool_s0,D_blurpool,13,closing,0.5,1,0.81208,0.79036,17,49,-49
D_blurpool_s0,D_blurpool,13,closing,0.75,2,0.80891,0.78742,10,46,-46
D_blurpool_s0,D_blurpool,13,closing,1.0,3,0.80155,0.77855,8,50,-50
D_blurpool_s0,D_blurpool,13,closing,1.5,4,0.79013,0.77077,5,48,-48
D_blurpool_s0,D_blurpool,13,closing,2.0,6,0.74541,0.73756,1,47,-47
D_blurpool_s0,D_blurpool,13,bridge_only,0.0,0,0.8121,0.79097,22,40,-40
D_blurpool_s0,D_blurpool,13,bridge_only,0.25,1,0.81204,0.79111,17,40,-40
D_blurpool_s0,D_blurpool,13,bridge_only,0.5,1,0.81204,0.79111,17,40,-40
D_blurpool_s0,D_blurpool,13,bridge_only,0.75,2,0.80998,0.78939,11,39,-39
D_blurpool_s0,D_blurpool,13,bridge_only,1.0,3,0.80731,0.78594,10,39,-39
D_blurpool_s0,D_blurpool,13,bridge_only,1.5,4,0.79957,0.7801,7,36,-36
D_blurpool_s0,D_blurpool,13,bridge_only,2.0,6,0.76505,0.76074,3,33,-33
D_blurpool_s0,D_blurpool,14,closing,0.0,0,0.81568,0.82949,23,21,-21
D_blurpool_s0,D_blurpool,14,closing,0.25,1,0.81441,0.82789,20,23,-23
D_blurpool_s0,D_blurpool,14,closing,0.5,1,0.81441,0.82789,20,23,-23
D_blurpool_s0,D_blurpool,14,closing,0.75,2,0.80889,0.82279,16,19,-19
D_blurpool_s0,D_blurpool,14,closing,1.0,3,0.79817,0.81323,15,21,-21
D_blurpool_s0,D_blurpool,14,closing,1.5,4,0.78354,0.80075,13,19,-19
D_blurpool_s0,D_blurpool,14,closing,2.0,6,0.73444,0.76649,11,19,-19
D_blurpool_s0,D_blurpool,14,bridge_only,0.0,0,0.81568,0.82949,23,21,-21
D_blurpool_s0,D_blurpool,14,bridge_only,0.25,1,0.81564,0.82942,23,20,-20
D_blurpool_s0,D_blurpool,14,bridge_only,0.5,1,0.81564,0.82942,23,20,-20
D_blurpool_s0,D_blurpool,14,bridge_only,0.75,2,0.81513,0.82963,21,20,-20
D_blurpool_s0,D_blurpool,14,bridge_only,1.0,3,0.81399,0.8281,20,19,-19
D_blurpool_s0,D_blurpool,14,bridge_only,1.5,4,0.81063,0.82555,19,18,-18
D_blurpool_s0,D_blurpool,14,bridge_only,2.0,6,0.79392,0.81794,18,17,-17
D_blurpool_s0,D_blurpool,15,closing,0.0,0,0.80073,0.82759,27,20,-20
D_blurpool_s0,D_blurpool,15,closing,0.25,1,0.80013,0.82764,25,24,-24
D_blurpool_s0,D_blurpool,15,closing,0.5,1,0.80013,0.82764,25,24,-24
D_blurpool_s0,D_blurpool,15,closing,0.75,2,0.79502,0.823,21,22,-22
D_blurpool_s0,D_blurpool,15,closing,1.0,3,0.77831,0.805,17,19,-19
D_blurpool_s0,D_blurpool,15,closing,1.5,4,0.75819,0.78349,16,24,-24
D_blurpool_s0,D_blurpool,15,closing,2.0,6,0.68583,0.7258,8,16,-16
D_blurpool_s0,D_blurpool,15,bridge_only,0.0,0,0.80073,0.82759,27,20,-20
D_blurpool_s0,D_blurpool,15,bridge_only,0.25,1,0.80028,0.82751,25,19,-19
D_blurpool_s0,D_blurpool,15,bridge_only,0.5,1,0.80028,0.82751,25,19,-19
D_blurpool_s0,D_blurpool,15,bridge_only,0.75,2,0.79749,0.82562,21,18,-18
D_blurpool_s0,D_blurpool,15,bridge_only,1.0,3,0.78892,0.81799,17,16,-16
D_blurpool_s0,D_blurpool,15,bridge_only,1.5,4,0.77746,0.8109,16,15,-15
D_blurpool_s0,D_blurpool,15,bridge_only,2.0,6,0.72057,0.76774,8,5,-5
D_blurpool_s0,D_blurpool,16,closing,0.0,0,0.82875,0.86361,21,12,-12
D_blurpool_s0,D_blurpool,16,closing,0.25,1,0.82765,0.86333,16,20,-20
D_blurpool_s0,D_blurpool,16,closing,0.5,1,0.82765,0.86333,16,20,-20
D_blurpool_s0,D_blurpool,16,closing,0.75,2,0.82232,0.86035,13,21,-21
D_blurpool_s0,D_blurpool,16,closing,1.0,3,0.80705,0.8465,9,23,-23
D_blurpool_s0,D_blurpool,16,closing,1.5,4,0.79564,0.83716,8,24,-24
D_blurpool_s0,D_blurpool,16,closing,2.0,6,0.75585,0.80837,7,25,-25
D_blurpool_s0,D_blurpool,16,bridge_only,0.0,0,0.82875,0.86361,21,12,-12
D_blurpool_s0,D_blurpool,16,bridge_only,0.25,1,0.82851,0.86339,16,11,-11
D_blurpool_s0,D_blurpool,16,bridge_only,0.5,1,0.82851,0.86339,16,11,-11
D_blurpool_s0,D_blurpool,16,bridge_only,0.75,2,0.82609,0.8628,14,11,-11
D_blurpool_s0,D_blurpool,16,bridge_only,1.0,3,0.81937,0.85753,10,10,-10
D_blurpool_s0,D_blurpool,16,bridge_only,1.5,4,0.81229,0.85247,9,10,-10
D_blurpool_s0,D_blurpool,16,bridge_only,2.0,6,0.78619,0.83374,8,8,-8
D_blurpool_s0,D_blurpool,17,closing,0.0,0,0.8006,0.81675,25,25,-25
D_blurpool_s0,D_blurpool,17,closing,0.25,1,0.80134,0.81811,24,36,-36
D_blurpool_s0,D_blurpool,17,closing,0.5,1,0.80134,0.81811,24,36,-36
D_blurpool_s0,D_blurpool,17,closing,0.75,2,0.7999,0.81719,20,35,-35
D_blurpool_s0,D_blurpool,17,closing,1.0,3,0.79375,0.81047,19,37,-37
D_blurpool_s0,D_blurpool,17,closing,1.5,4,0.78259,0.8006,16,37,-37
D_blurpool_s0,D_blurpool,17,closing,2.0,6,0.73958,0.77445,10,36,-36
D_blurpool_s0,D_blurpool,17,bridge_only,0.0,0,0.8006,0.81675,25,25,-25
D_blurpool_s0,D_blurpool,17,bridge_only,0.25,1,0.80076,0.81701,24,25,-25
D_blurpool_s0,D_blurpool,17,bridge_only,0.5,1,0.80076,0.81701,24,25,-25
D_blurpool_s0,D_blurpool,17,bridge_only,0.75,2,0.80004,0.81744,21,24,-24
D_blurpool_s0,D_blurpool,17,bridge_only,1.0,3,0.79456,0.81179,20,24,-24
D_blurpool_s0,D_blurpool,17,bridge_only,1.5,4,0.786,0.80589,17,22,-22
D_blurpool_s0,D_blurpool,17,bridge_only,2.0,6,0.74891,0.78297,13,20,-20
D_blurpool_s0,D_blurpool,18,closing,0.0,0,0.8116,0.85825,9,0,0
D_blurpool_s0,D_blurpool,18,closing,0.25,1,0.80985,0.85585,7,12,-12
D_blurpool_s0,D_blurpool,18,closing,0.5,1,0.80985,0.85585,7,12,-12
D_blurpool_s0,D_blurpool,18,closing,0.75,2,0.80389,0.84821,6,19,-19
D_blurpool_s0,D_blurpool,18,closing,1.0,3,0.79259,0.83657,6,24,-24
D_blurpool_s0,D_blurpool,18,closing,1.5,4,0.77735,0.82854,3,22,-22
D_blurpool_s0,D_blurpool,18,closing,2.0,6,0.73689,0.80265,1,19,-19
D_blurpool_s0,D_blurpool,18,bridge_only,0.0,0,0.8116,0.85825,9,0,0
D_blurpool_s0,D_blurpool,18,bridge_only,0.25,1,0.81139,0.85827,7,1,1
D_blurpool_s0,D_blurpool,18,bridge_only,0.5,1,0.81139,0.85827,7,1,1
D_blurpool_s0,D_blurpool,18,bridge_only,0.75,2,0.80897,0.85617,6,1,1
D_blurpool_s0,D_blurpool,18,bridge_only,1.0,3,0.80413,0.85216,6,2,2
D_blurpool_s0,D_blurpool,18,bridge_only,1.5,4,0.7953,0.84447,3,4,4
D_blurpool_s0,D_blurpool,18,bridge_only,2.0,6,0.76286,0.82126,1,8,8
D_blurpool_s0,D_blurpool,19,closing,0.0,0,0.84755,0.87376,24,5,-5
D_blurpool_s0,D_blurpool,19,closing,0.25,1,0.84564,0.87258,19,9,-9
D_blurpool_s0,D_blurpool,19,closing,0.5,1,0.84564,0.87258,19,9,-9
D_blurpool_s0,D_blurpool,19,closing,0.75,2,0.83766,0.86732,14,10,-10
D_blurpool_s0,D_blurpool,19,closing,1.0,3,0.82139,0.85465,11,11,-11
D_blurpool_s0,D_blurpool,19,closing,1.5,4,0.80171,0.84025,10,8,-8
D_blurpool_s0,D_blurpool,19,closing,2.0,6,0.7403,0.79347,4,13,-13
D_blurpool_s0,D_blurpool,19,bridge_only,0.0,0,0.84755,0.87376,24,5,-5
D_blurpool_s0,D_blurpool,19,bridge_only,0.25,1,0.84705,0.87397,20,5,-5
D_blurpool_s0,D_blurpool,19,bridge_only,0.5,1,0.84705,0.87397,20,5,-5
D_blurpool_s0,D_blurpool,19,bridge_only,0.75,2,0.84342,0.87201,16,4,-4
D_blurpool_s0,D_blurpool,19,bridge_only,1.0,3,0.83677,0.86613,14,2,-2
D_blurpool_s0,D_blurpool,19,bridge_only,1.5,4,0.82758,0.85865,13,1,-1
D_blurpool_s0,D_blurpool,19,bridge_only,2.0,6,0.79838,0.8387,8,1,-1
D_blurpool_s0,D_blurpool,20,closing,0.0,0,0.80539,0.84939,23,4,-4
D_blurpool_s0,D_blurpool,20,closing,0.25,1,0.80321,0.84722,20,5,-5
D_blurpool_s0,D_blurpool,20,closing,0.5,1,0.80321,0.84722,20,5,-5
D_blurpool_s0,D_blurpool,20,closing,0.75,2,0.79607,0.83779,17,8,-8
D_blurpool_s0,D_blurpool,20,closing,1.0,3,0.7806,0.8254,13,12,-12
D_blurpool_s0,D_blurpool,20,closing,1.5,4,0.76161,0.80938,13,16,-16
D_blurpool_s0,D_blurpool,20,closing,2.0,6,0.71587,0.77269,7,17,-17
D_blurpool_s0,D_blurpool,20,bridge_only,0.0,0,0.80539,0.84939,23,4,-4
D_blurpool_s0,D_blurpool,20,bridge_only,0.25,1,0.80518,0.84922,20,0,0
D_blurpool_s0,D_blurpool,20,bridge_only,0.5,1,0.80518,0.84922,20,0,0
D_blurpool_s0,D_blurpool,20,bridge_only,0.75,2,0.80048,0.84342,17,1,1
D_blurpool_s0,D_blurpool,20,bridge_only,1.0,3,0.794,0.83991,14,1,1
D_blurpool_s0,D_blurpool,20,bridge_only,1.5,4,0.78605,0.83708,14,1,-1
D_blurpool_s0,D_blurpool,20,bridge_only,2.0,6,0.75643,0.81614,8,0,0
A_dice_s1,A_dice,01,closing,0.0,0,0.82044,0.86259,14,25,-25
A_dice_s1,A_dice,01,closing,0.25,1,0.8179,0.85757,10,29,-29
A_dice_s1,A_dice,01,closing,0.5,1,0.8179,0.85757,10,29,-29
A_dice_s1,A_dice,01,closing,0.75,2,0.81063,0.84859,6,29,-29
A_dice_s1,A_dice,01,closing,1.0,3,0.79528,0.82951,5,24,-24
A_dice_s1,A_dice,01,closing,1.5,4,0.77126,0.80612,2,30,-30
A_dice_s1,A_dice,01,closing,2.0,6,0.71816,0.76512,2,28,-28
A_dice_s1,A_dice,01,bridge_only,0.0,0,0.82044,0.86259,14,25,-25
A_dice_s1,A_dice,01,bridge_only,0.25,1,0.81995,0.8621,12,21,-21
A_dice_s1,A_dice,01,bridge_only,0.5,1,0.81995,0.8621,12,21,-21
A_dice_s1,A_dice,01,bridge_only,0.75,2,0.8158,0.85871,9,18,-18
A_dice_s1,A_dice,01,bridge_only,1.0,3,0.80659,0.84871,8,14,-14
A_dice_s1,A_dice,01,bridge_only,1.5,4,0.7944,0.84098,6,16,-16
A_dice_s1,A_dice,01,bridge_only,2.0,6,0.76339,0.82344,5,16,-16
A_dice_s1,A_dice,02,closing,0.0,0,0.85222,0.85593,13,10,-10
A_dice_s1,A_dice,02,closing,0.25,1,0.85114,0.85438,11,19,-19
A_dice_s1,A_dice,02,closing,0.5,1,0.85114,0.85438,11,19,-19
A_dice_s1,A_dice,02,closing,0.75,2,0.8442,0.84708,8,20,-20
A_dice_s1,A_dice,02,closing,1.0,3,0.83114,0.8323,7,22,-22
A_dice_s1,A_dice,02,closing,1.5,4,0.81523,0.81749,5,22,-22
A_dice_s1,A_dice,02,closing,2.0,6,0.75963,0.77194,1,24,-24
A_dice_s1,A_dice,02,bridge_only,0.0,0,0.85222,0.85593,13,10,-10
A_dice_s1,A_dice,02,bridge_only,0.25,1,0.85173,0.8558,11,9,-9
A_dice_s1,A_dice,02,bridge_only,0.5,1,0.85173,0.8558,11,9,-9
A_dice_s1,A_dice,02,bridge_only,0.75,2,0.8473,0.85227,9,5,-5
A_dice_s1,A_dice,02,bridge_only,1.0,3,0.84178,0.847,8,5,-5
A_dice_s1,A_dice,02,bridge_only,1.5,4,0.83271,0.8406,7,3,-3
A_dice_s1,A_dice,02,bridge_only,2.0,6,0.80012,0.81557,4,3,-3
A_dice_s1,A_dice,03,closing,0.0,0,0.79176,0.76971,32,42,-42
A_dice_s1,A_dice,03,closing,0.25,1,0.79293,0.76949,26,52,-52
A_dice_s1,A_dice,03,closing,0.5,1,0.79293,0.76949,26,52,-52
A_dice_s1,A_dice,03,closing,0.75,2,0.79389,0.76821,22,51,-51
A_dice_s1,A_dice,03,closing,1.0,3,0.79178,0.76593,18,52,-52
A_dice_s1,A_dice,03,closing,1.5,4,0.78272,0.75564,17,52,-52
A_dice_s1,A_dice,03,closing,2.0,6,0.75058,0.72986,13,54,-54
A_dice_s1,A_dice,03,bridge_only,0.0,0,0.79176,0.76971,32,42,-42
A_dice_s1,A_dice,03,bridge_only,0.25,1,0.79226,0.77016,28,42,-42
A_dice_s1,A_dice,03,bridge_only,0.5,1,0.79226,0.77016,28,42,-42
A_dice_s1,A_dice,03,bridge_only,0.75,2,0.7928,0.76948,25,40,-40
A_dice_s1,A_dice,03,bridge_only,1.0,3,0.79159,0.76819,22,41,-41
A_dice_s1,A_dice,03,bridge_only,1.5,4,0.78547,0.76154,21,40,-40
A_dice_s1,A_dice,03,bridge_only,2.0,6,0.76393,0.74633,18,38,-38
A_dice_s1,A_dice,04,closing,0.0,0,0.82809,0.79734,14,42,-42
A_dice_s1,A_dice,04,closing,0.25,1,0.82779,0.79813,11,46,-46
A_dice_s1,A_dice,04,closing,0.5,1,0.82779,0.79813,11,46,-46
A_dice_s1,A_dice,04,closing,0.75,2,0.82608,0.79699,7,43,-43
A_dice_s1,A_dice,04,closing,1.0,3,0.81942,0.79145,7,41,-41
A_dice_s1,A_dice,04,closing,1.5,4,0.80982,0.78579,7,38,-38
A_dice_s1,A_dice,04,closing,2.0,6,0.76455,0.75403,2,38,-38
A_dice_s1,A_dice,04,bridge_only,0.0,0,0.82809,0.79734,14,42,-42
A_dice_s1,A_dice,04,bridge_only,0.25,1,0.82805,0.79786,11,42,-42
A_dice_s1,A_dice,04,bridge_only,0.5,1,0.82805,0.79786,11,42,-42
A_dice_s1,A_dice,04,bridge_only,0.75,2,0.82716,0.79733,8,38,-38
A_dice_s1,A_dice,04,bridge_only,1.0,3,0.82308,0.79442,8,38,-38
A_dice_s1,A_dice,04,bridge_only,1.5,4,0.81647,0.78994,8,36,-36
A_dice_s1,A_dice,04,bridge_only,2.0,6,0.78718,0.77044,4,36,-36
A_dice_s1,A_dice,05,closing,0.0,0,0.80807,0.78505,21,37,-37
A_dice_s1,A_dice,05,closing,0.25,1,0.80828,0.78429,16,38,-38
A_dice_s1,A_dice,05,closing,0.5,1,0.80828,0.78429,16,38,-38
A_dice_s1,A_dice,05,closing,0.75,2,0.8074,0.7833,12,42,-42
A_dice_s1,A_dice,05,closing,1.0,3,0.80054,0.7789,11,44,-44
A_dice_s1,A_dice,05,closing,1.5,4,0.78725,0.77133,12,45,-45
A_dice_s1,A_dice,05,closing,2.0,6,0.75142,0.75172,8,44,-44
A_dice_s1,A_dice,05,bridge_only,0.0,0,0.80807,0.78505,21,37,-37
A_dice_s1,A_dice,05,bridge_only,0.25,1,0.80806,0.78567,19,35,-35
A_dice_s1,A_dice,05,bridge_only,0.5,1,0.80806,0.78567,19,35,-35
A_dice_s1,A_dice,05,bridge_only,0.75,2,0.80763,0.78493,16,37,-37
A_dice_s1,A_dice,05,bridge_only,1.0,3,0.80436,0.7828,15,36,-36
A_dice_s1,A_dice,05,bridge_only,1.5,4,0.79653,0.77979,15,35,-35
A_dice_s1,A_dice,05,bridge_only,2.0,6,0.7748,0.76525,13,36,-36
A_dice_s1,A_dice,06,closing,0.0,0,0.79663,0.76908,25,44,-44
A_dice_s1,A_dice,06,closing,0.25,1,0.79667,0.7698,19,48,-48
A_dice_s1,A_dice,06,closing,0.5,1,0.79667,0.7698,19,48,-48
A_dice_s1,A_dice,06,closing,0.75,2,0.79348,0.76677,16,43,-43
A_dice_s1,A_dice,06,closing,1.0,3,0.7849,0.75823,12,40,-40
A_dice_s1,A_dice,06,closing,1.5,4,0.77289,0.74833,10,41,-41
A_dice_s1,A_dice,06,closing,2.0,6,0.72621,0.71428,6,47,-47
A_dice_s1,A_dice,06,bridge_only,0.0,0,0.79663,0.76908,25,44,-44
A_dice_s1,A_dice,06,bridge_only,0.25,1,0.79653,0.76943,21,44,-44
A_dice_s1,A_dice,06,bridge_only,0.5,1,0.79653,0.76943,21,44,-44
A_dice_s1,A_dice,06,bridge_only,0.75,2,0.79443,0.76691,19,40,-40
A_dice_s1,A_dice,06,bridge_only,1.0,3,0.78886,0.76184,16,37,-37
A_dice_s1,A_dice,06,bridge_only,1.5,4,0.78178,0.75809,14,37,-37
A_dice_s1,A_dice,06,bridge_only,2.0,6,0.74877,0.73776,10,39,-39
A_dice_s1,A_dice,07,closing,0.0,0,0.81451,0.79799,26,46,-46
A_dice_s1,A_dice,07,closing,0.25,1,0.81497,0.79838,23,52,-52
A_dice_s1,A_dice,07,closing,0.5,1,0.81497,0.79838,23,52,-52
A_dice_s1,A_dice,07,closing,0.75,2,0.81192,0.79725,20,48,-48
A_dice_s1,A_dice,07,closing,1.0,3,0.8039,0.78931,18,47,-47
A_dice_s1,A_dice,07,closing,1.5,4,0.79136,0.78031,13,51,-51
A_dice_s1,A_dice,07,closing,2.0,6,0.75397,0.74981,11,55,-55
A_dice_s1,A_dice,07,bridge_only,0.0,0,0.81451,0.79799,26,46,-46
A_dice_s1,A_dice,07,bridge_only,0.25,1,0.81481,0.79895,24,45,-45
A_dice_s1,A_dice,07,bridge_only,0.5,1,0.81481,0.79895,24,45,-45
A_dice_s1,A_dice,07,bridge_only,0.75,2,0.81349,0.79942,23,44,-44
A_dice_s1,A_dice,07,bridge_only,1.0,3,0.81021,0.79613,21,42,-42
A_dice_s1,A_dice,07,bridge_only,1.5,4,0.80569,0.79421,18,43,-43
A_dice_s1,A_dice,07,bridge_only,2.0,6,0.78573,0.7801,17,44,-44
A_dice_s1,A_dice,08,closing,0.0,0,0.78809,0.77514,28,48,-48
A_dice_s1,A_dice,08,closing,0.25,1,0.78816,0.77417,27,52,-52
A_dice_s1,A_dice,08,closing,0.5,1,0.78816,0.77417,27,52,-52
A_dice_s1,A_dice,08,closing,0.75,2,0.78831,0.77349,26,50,-50
A_dice_s1,A_dice,08,closing,1.0,3,0.78297,0.76811,21,52,-52
A_dice_s1,A_dice,08,closing,1.5,4,0.77625,0.76024,19,52,-52
A_dice_s1,A_dice,08,closing,2.0,6,0.73904,0.73308,17,53,-53
A_dice_s1,A_dice,08,bridge_only,0.0,0,0.78809,0.77514,28,48,-48
A_dice_s1,A_dice,08,bridge_only,0.25,1,0.78803,0.7748,27,48,-48
A_dice_s1,A_dice,08,bridge_only,0.5,1,0.78803,0.7748,27,48,-48
A_dice_s1,A_dice,08,bridge_only,0.75,2,0.78772,0.77497,26,46,-46
A_dice_s1,A_dice,08,bridge_only,1.0,3,0.78388,0.77319,21,44,-44
A_dice_s1,A_dice,08,bridge_only,1.5,4,0.77798,0.76683,19,44,-44
A_dice_s1,A_dice,08,bridge_only,2.0,6,0.74867,0.7513,17,43,-43
A_dice_s1,A_dice,09,closing,0.0,0,0.80009,0.79644,18,33,-33
A_dice_s1,A_dice,09,closing,0.25,1,0.80055,0.79542,16,33,-33
A_dice_s1,A_dice,09,closing,0.5,1,0.80055,0.79542,16,33,-33
A_dice_s1,A_dice,09,closing,0.75,2,0.79789,0.79215,13,34,-34
A_dice_s1,A_dice,09,closing,1.0,3,0.79105,0.78312,11,33,-33
A_dice_s1,A_dice,09,closing,1.5,4,0.78245,0.77395,9,34,-34
A_dice_s1,A_dice,09,closing,2.0,6,0.74499,0.74601,4,31,-31
A_dice_s1,A_dice,09,bridge_only,0.0,0,0.80009,0.79644,18,33,-33
A_dice_s1,A_dice,09,bridge_only,0.25,1,0.80016,0.79621,16,32,-32
A_dice_s1,A_dice,09,bridge_only,0.5,1,0.80016,0.79621,16,32,-32
A_dice_s1,A_dice,09,bridge_only,0.75,2,0.79879,0.79595,13,31,-31
A_dice_s1,A_dice,09,bridge_only,1.0,3,0.79489,0.79112,11,29,-29
A_dice_s1,A_dice,09,bridge_only,1.5,4,0.78917,0.78599,9,29,-29
A_dice_s1,A_dice,09,bridge_only,2.0,6,0.75754,0.7648,4,25,-25
A_dice_s1,A_dice,10,closing,0.0,0,0.80266,0.78324,20,50,-50
A_dice_s1,A_dice,10,closing,0.25,1,0.80271,0.78329,18,54,-54
A_dice_s1,A_dice,10,closing,0.5,1,0.80271,0.78329,18,54,-54
A_dice_s1,A_dice,10,closing,0.75,2,0.79928,0.77635,13,60,-60
A_dice_s1,A_dice,10,closing,1.0,3,0.78483,0.76075,10,62,-62
A_dice_s1,A_dice,10,closing,1.5,4,0.76982,0.74416,8,64,-64
A_dice_s1,A_dice,10,closing,2.0,6,0.71018,0.69456,5,72,-72
A_dice_s1,A_dice,10,bridge_only,0.0,0,0.80266,0.78324,20,50,-50
A_dice_s1,A_dice,10,bridge_only,0.25,1,0.8027,0.78297,19,48,-48
A_dice_s1,A_dice,10,bridge_only,0.5,1,0.8027,0.78297,19,48,-48
A_dice_s1,A_dice,10,bridge_only,0.75,2,0.80268,0.78259,16,49,-49
A_dice_s1,A_dice,10,bridge_only,1.0,3,0.79793,0.77742,13,50,-50
A_dice_s1,A_dice,10,bridge_only,1.5,4,0.79197,0.77098,11,50,-50
A_dice_s1,A_dice,10,bridge_only,2.0,6,0.7615,0.75294,9,49,-49
A_dice_s1,A_dice,11,closing,0.0,0,0.80693,0.78537,20,52,-52
A_dice_s1,A_dice,11,closing,0.25,1,0.80516,0.78133,17,74,-74
A_dice_s1,A_dice,11,closing,0.5,1,0.80516,0.78133,17,74,-74
A_dice_s1,A_dice,11,closing,0.75,2,0.79836,0.77455,9,72,-72
A_dice_s1,A_dice,11,closing,1.0,3,0.78263,0.76388,5,77,-77
A_dice_s1,A_dice,11,closing,1.5,4,0.76777,0.7553,3,75,-75
A_dice_s1,A_dice,11,closing,2.0,6,0.71981,0.71634,2,78,-78
A_dice_s1,A_dice,11,bridge_only,0.0,0,0.80693,0.78537,20,52,-52
A_dice_s1,A_dice,11,bridge_only,0.25,1,0.80642,0.78489,19,51,-51
A_dice_s1,A_dice,11,bridge_only,0.5,1,0.80642,0.78489,19,51,-51
A_dice_s1,A_dice,11,bridge_only,0.75,2,0.80368,0.78358,13,49,-49
A_dice_s1,A_dice,11,bridge_only,1.0,3,0.7966,0.78005,12,49,-49
A_dice_s1,A_dice,11,bridge_only,1.5,4,0.7886,0.77692,10,48,-48
A_dice_s1,A_dice,11,bridge_only,2.0,6,0.76691,0.76179,11,50,-50
A_dice_s1,A_dice,12,closing,0.0,0,0.82045,0.84136,22,30,-30
A_dice_s1,A_dice,12,closing,0.25,1,0.82048,0.84139,19,32,-32
A_dice_s1,A_dice,12,closing,0.5,1,0.82048,0.84139,19,32,-32
A_dice_s1,A_dice,12,closing,0.75,2,0.81665,0.83633,12,32,-32
A_dice_s1,A_dice,12,closing,1.0,3,0.80673,0.82624,12,31,-31
A_dice_s1,A_dice,12,closing,1.5,4,0.78773,0.80794,9,28,-28
A_dice_s1,A_dice,12,closing,2.0,6,0.7261,0.7532,8,35,-35
A_dice_s1,A_dice,12,bridge_only,0.0,0,0.82045,0.84136,22,30,-30
A_dice_s1,A_dice,12,bridge_only,0.25,1,0.82056,0.84162,19,29,-29
A_dice_s1,A_dice,12,bridge_only,0.5,1,0.82056,0.84162,19,29,-29
A_dice_s1,A_dice,12,bridge_only,0.75,2,0.81872,0.83934,15,29,-29
A_dice_s1,A_dice,12,bridge_only,1.0,3,0.81297,0.8333,15,28,-28
A_dice_s1,A_dice,12,bridge_only,1.5,4,0.80056,0.82058,12,26,-26
A_dice_s1,A_dice,12,bridge_only,2.0,6,0.77343,0.80238,12,27,-27
A_dice_s1,A_dice,13,closing,0.0,0,0.81521,0.79564,21,42,-42
A_dice_s1,A_dice,13,closing,0.25,1,0.81529,0.79622,17,44,-44
A_dice_s1,A_dice,13,closing,0.5,1,0.81529,0.79622,17,44,-44
A_dice_s1,A_dice,13,closing,0.75,2,0.81112,0.79129,11,43,-43
A_dice_s1,A_dice,13,closing,1.0,3,0.80067,0.77931,9,47,-47
A_dice_s1,A_dice,13,closing,1.5,4,0.78846,0.76857,6,45,-45
A_dice_s1,A_dice,13,closing,2.0,6,0.73895,0.73193,5,44,-44
A_dice_s1,A_dice,13,bridge_only,0.0,0,0.81521,0.79564,21,42,-42
A_dice_s1,A_dice,13,bridge_only,0.25,1,0.81514,0.79594,18,40,-40
A_dice_s1,A_dice,13,bridge_only,0.5,1,0.81514,0.79594,18,40,-40
A_dice_s1,A_dice,13,bridge_only,0.75,2,0.81307,0.79336,13,37,-37
A_dice_s1,A_dice,13,bridge_only,1.0,3,0.80817,0.78862,11,38,-38
A_dice_s1,A_dice,13,bridge_only,1.5,4,0.80029,0.78214,9,37,-37
A_dice_s1,A_dice,13,bridge_only,2.0,6,0.7615,0.76186,8,34,-34
A_dice_s1,A_dice,14,closing,0.0,0,0.81921,0.82922,24,22,-22
A_dice_s1,A_dice,14,closing,0.25,1,0.8181,0.82793,19,23,-23
A_dice_s1,A_dice,14,closing,0.5,1,0.8181,0.82793,19,23,-23
A_dice_s1,A_dice,14,closing,0.75,2,0.81288,0.82378,16,21,-21
A_dice_s1,A_dice,14,closing,1.0,3,0.80101,0.81381,15,23,-23
A_dice_s1,A_dice,14,closing,1.5,4,0.78704,0.80095,13,23,-23
A_dice_s1,A_dice,14,closing,2.0,6,0.73477,0.76669,10,20,-20
A_dice_s1,A_dice,14,bridge_only,0.0,0,0.81921,0.82922,24,22,-22
A_dice_s1,A_dice,14,bridge_only,0.25,1,0.81911,0.82977,21,21,-21
A_dice_s1,A_dice,14,bridge_only,0.5,1,0.81911,0.82977,21,21,-21
A_dice_s1,A_dice,14,bridge_only,0.75,2,0.81852,0.83,20,20,-20
A_dice_s1,A_dice,14,bridge_only,1.0,3,0.81635,0.82874,19,19,-19
A_dice_s1,A_dice,14,bridge_only,1.5,4,0.8119,0.82587,17,19,-19
A_dice_s1,A_dice,14,bridge_only,2.0,6,0.79328,0.81662,16,20,-20
A_dice_s1,A_dice,15,closing,0.0,0,0.79547,0.83254,27,16,-16
A_dice_s1,A_dice,15,closing,0.25,1,0.79415,0.83176,25,20,-20
A_dice_s1,A_dice,15,closing,0.5,1,0.79415,0.83176,25,20,-20
A_dice_s1,A_dice,15,closing,0.75,2,0.78807,0.82683,21,21,-21
A_dice_s1,A_dice,15,closing,1.0,3,0.77299,0.80955,16,16,-16
A_dice_s1,A_dice,15,closing,1.5,4,0.74779,0.78013,14,19,-19
A_dice_s1,A_dice,15,closing,2.0,6,0.6756,0.72597,12,20,-20
A_dice_s1,A_dice,15,bridge_only,0.0,0,0.79547,0.83254,27,16,-16
A_dice_s1,A_dice,15,bridge_only,0.25,1,0.79496,0.83259,27,16,-16
A_dice_s1,A_dice,15,bridge_only,0.5,1,0.79496,0.83259,27,16,-16
A_dice_s1,A_dice,15,bridge_only,0.75,2,0.79234,0.83093,23,15,-15
A_dice_s1,A_dice,15,bridge_only,1.0,3,0.78573,0.82369,18,13,-13
A_dice_s1,A_dice,15,bridge_only,1.5,4,0.77234,0.81198,17,10,-10
A_dice_s1,A_dice,15,bridge_only,2.0,6,0.71528,0.7731,15,8,-8
A_dice_s1,A_dice,16,closing,0.0,0,0.83979,0.88247,16,16,-16
A_dice_s1,A_dice,16,closing,0.25,1,0.83875,0.88138,13,18,-18
A_dice_s1,A_dice,16,closing,0.5,1,0.83875,0.88138,13,18,-18
A_dice_s1,A_dice,16,closing,0.75,2,0.83225,0.87652,12,17,-17
A_dice_s1,A_dice,16,closing,1.0,3,0.81778,0.8622,9,21,-21
A_dice_s1,A_dice,16,closing,1.5,4,0.80469,0.85135,7,22,-22
A_dice_s1,A_dice,16,closing,2.0,6,0.75922,0.81784,7,24,-24
A_dice_s1,A_dice,16,bridge_only,0.0,0,0.83979,0.88247,16,16,-16
A_dice_s1,A_dice,16,bridge_only,0.25,1,0.83958,0.88248,14,14,-14
A_dice_s1,A_dice,16,bridge_only,0.5,1,0.83958,0.88248,14,14,-14
A_dice_s1,A_dice,16,bridge_only,0.75,2,0.83632,0.8817,13,15,-15
A_dice_s1,A_dice,16,bridge_only,1.0,3,0.82925,0.87507,11,14,-14
A_dice_s1,A_dice,16,bridge_only,1.5,4,0.82167,0.86919,9,14,-14
A_dice_s1,A_dice,16,bridge_only,2.0,6,0.79389,0.85002,10,13,-13
A_dice_s1,A_dice,17,closing,0.0,0,0.81251,0.83544,23,26,-26
A_dice_s1,A_dice,17,closing,0.25,1,0.81273,0.83515,19,27,-27
A_dice_s1,A_dice,17,closing,0.5,1,0.81273,0.83515,19,27,-27
A_dice_s1,A_dice,17,closing,0.75,2,0.80957,0.83149,14,31,-31
A_dice_s1,A_dice,17,closing,1.0,3,0.8013,0.82341,13,35,-35
A_dice_s1,A_dice,17,closing,1.5,4,0.7874,0.81267,9,35,-35
A_dice_s1,A_dice,17,closing,2.0,6,0.74116,0.78122,6,33,-33
A_dice_s1,A_dice,17,bridge_only,0.0,0,0.81251,0.83544,23,26,-26
A_dice_s1,A_dice,17,bridge_only,0.25,1,0.81271,0.83532,19,26,-26
A_dice_s1,A_dice,17,bridge_only,0.5,1,0.81271,0.83532,19,26,-26
A_dice_s1,A_dice,17,bridge_only,0.75,2,0.81115,0.83428,15,26,-26
A_dice_s1,A_dice,17,bridge_only,1.0,3,0.8064,0.83007,14,25,-25
A_dice_s1,A_dice,17,bridge_only,1.5,4,0.79662,0.82359,10,23,-23
A_dice_s1,A_dice,17,bridge_only,2.0,6,0.76491,0.80429,8,19,-19
A_dice_s1,A_dice,18,closing,0.0,0,0.81734,0.87889,10,0,0
A_dice_s1,A_dice,18,closing,0.25,1,0.81531,0.87542,9,14,-14
A_dice_s1,A_dice,18,closing,0.5,1,0.81531,0.87542,9,14,-14
A_dice_s1,A_dice,18,closing,0.75,2,0.80924,0.86723,5,17,-17
A_dice_s1,A_dice,18,closing,1.0,3,0.7949,0.84927,5,21,-21
A_dice_s1,A_dice,18,closing,1.5,4,0.78093,0.84398,4,23,-23
A_dice_s1,A_dice,18,closing,2.0,6,0.73866,0.81751,1,21,-21
A_dice_s1,A_dice,18,bridge_only,0.0,0,0.81734,0.87889,10,0,0
A_dice_s1,A_dice,18,bridge_only,0.25,1,0.81691,0.8784,9,0,0
A_dice_s1,A_dice,18,bridge_only,0.5,1,0.81691,0.8784,9,0,0
A_dice_s1,A_dice,18,bridge_only,0.75,2,0.81439,0.8761,5,1,1
A_dice_s1,A_dice,18,bridge_only,1.0,3,0.80793,0.86915,5,2,2
A_dice_s1,A_dice,18,bridge_only,1.5,4,0.79951,0.86468,4,2,2
A_dice_s1,A_dice,18,bridge_only,2.0,6,0.76646,0.83998,1,4,4
A_dice_s1,A_dice,19,closing,0.0,0,0.846,0.88018,24,7,-7
A_dice_s1,A_dice,19,closing,0.25,1,0.84399,0.87851,20,7,-7
A_dice_s1,A_dice,19,closing,0.5,1,0.84399,0.87851,20,7,-7
A_dice_s1,A_dice,19,closing,0.75,2,0.83338,0.86897,16,8,-8
A_dice_s1,A_dice,19,closing,1.0,3,0.8155,0.85622,17,10,-10
A_dice_s1,A_dice,19,closing,1.5,4,0.79538,0.83852,11,10,-10
A_dice_s1,A_dice,19,closing,2.0,6,0.7353,0.79135,4,12,-12
A_dice_s1,A_dice,19,bridge_only,0.0,0,0.846,0.88018,24,7,-7
A_dice_s1,A_dice,19,bridge_only,0.25,1,0.84524,0.88001,21,5,-5
A_dice_s1,A_dice,19,bridge_only,0.5,1,0.84524,0.88001,21,5,-5
A_dice_s1,A_dice,19,bridge_only,0.75,2,0.83957,0.87397,18,3,-3
A_dice_s1,A_dice,19,bridge_only,1.0,3,0.8315,0.86707,19,4,-4
A_dice_s1,A_dice,19,bridge_only,1.5,4,0.82133,0.8575,14,6,-6
A_dice_s1,A_dice,19,bridge_only,2.0,6,0.79356,0.83743,10,3,-3
A_dice_s1,A_dice,20,closing,0.0,0,0.80336,0.8497,31,11,-11
A_dice_s1,A_dice,20,closing,0.25,1,0.80115,0.84516,28,10,-10
A_dice_s1,A_dice,20,closing,0.5,1,0.80115,0.84516,28,10,-10
A_dice_s1,A_dice,20,closing,0.75,2,0.79423,0.83803,20,7,-7
A_dice_s1,A_dice,20,closing,1.0,3,0.77625,0.82082,13,11,-11
A_dice_s1,A_dice,20,closing,1.5,4,0.75552,0.80448,8,14,-14
A_dice_s1,A_dice,20,closing,2.0,6,0.70434,0.76102,5,19,-19
A_dice_s1,A_dice,20,bridge_only,0.0,0,0.80336,0.8497,31,11,-11
A_dice_s1,A_dice,20,bridge_only,0.25,1,0.80258,0.8484,28,7,-7
A_dice_s1,A_dice,20,bridge_only,0.5,1,0.80258,0.8484,28,7,-7
A_dice_s1,A_dice,20,bridge_only,0.75,2,0.79854,0.845,22,5,-5
A_dice_s1,A_dice,20,bridge_only,1.0,3,0.79036,0.83937,17,5,-5
A_dice_s1,A_dice,20,bridge_only,1.5,4,0.78043,0.83477,12,7,-7
A_dice_s1,A_dice,20,bridge_only,2.0,6,0.74683,0.81211,9,6,-6
B_cldice_s1,B_cldice,01,closing,0.0,0,0.81723,0.86646,4,13,-13
B_cldice_s1,B_cldice,01,closing,0.25,1,0.8139,0.86162,4,20,-20
B_cldice_s1,B_cldice,01,closing,0.5,1,0.8139,0.86162,4,20,-20
B_cldice_s1,B_cldice,01,closing,0.75,2,0.80704,0.85368,3,24,-24
B_cldice_s1,B_cldice,01,closing,1.0,3,0.7892,0.83478,0,26,-26
B_cldice_s1,B_cldice,01,closing,1.5,4,0.76576,0.81162,2,28,-28
B_cldice_s1,B_cldice,01,closing,2.0,6,0.70935,0.76248,5,27,-27
B_cldice_s1,B_cldice,01,bridge_only,0.0,0,0.81723,0.86646,4,13,-13
B_cldice_s1,B_cldice,01,bridge_only,0.25,1,0.81673,0.86655,4,12,-12
B_cldice_s1,B_cldice,01,bridge_only,0.5,1,0.81673,0.86655,4,12,-12
B_cldice_s1,B_cldice,01,bridge_only,0.75,2,0.81381,0.86375,3,9,-9
B_cldice_s1,B_cldice,01,bridge_only,1.0,3,0.80534,0.85492,3,8,-8
B_cldice_s1,B_cldice,01,bridge_only,1.5,4,0.79437,0.84576,1,8,-8
B_cldice_s1,B_cldice,01,bridge_only,2.0,6,0.76378,0.82571,1,7,-7
B_cldice_s1,B_cldice,02,closing,0.0,0,0.84829,0.85491,19,4,-4
B_cldice_s1,B_cldice,02,closing,0.25,1,0.84691,0.85117,16,16,-16
B_cldice_s1,B_cldice,02,closing,0.5,1,0.84691,0.85117,16,16,-16
B_cldice_s1,B_cldice,02,closing,0.75,2,0.84005,0.84394,15,20,-20
B_cldice_s1,B_cldice,02,closing,1.0,3,0.82643,0.82872,11,21,-21
B_cldice_s1,B_cldice,02,closing,1.5,4,0.80831,0.81104,9,21,-21
B_cldice_s1,B_cldice,02,closing,2.0,6,0.75427,0.76643,3,21,-21
B_cldice_s1,B_cldice,02,bridge_only,0.0,0,0.84829,0.85491,19,4,-4
B_cldice_s1,B_cldice,02,bridge_only,0.25,1,0.84776,0.85439,17,3,-3
B_cldice_s1,B_cldice,02,bridge_only,0.5,1,0.84776,0.85439,17,3,-3
B_cldice_s1,B_cldice,02,bridge_only,0.75,2,0.84422,0.85192,16,1,-1
B_cldice_s1,B_cldice,02,bridge_only,1.0,3,0.83853,0.84625,13,2,-2
B_cldice_s1,B_cldice,02,bridge_only,1.5,4,0.82886,0.83827,10,1,-1
B_cldice_s1,B_cldice,02,bridge_only,2.0,6,0.80079,0.82022,6,0,0
B_cldice_s1,B_cldice,03,closing,0.0,0,0.79768,0.79408,28,40,-40
B_cldice_s1,B_cldice,03,closing,0.25,1,0.79874,0.79423,24,49,-49
B_cldice_s1,B_cldice,03,closing,0.5,1,0.79874,0.79423,24,49,-49
B_cldice_s1,B_cldice,03,closing,0.75,2,0.79945,0.7931,18,50,-50
B_cldice_s1,B_cldice,03,closing,1.0,3,0.79296,0.78441,15,46,-46
B_cldice_s1,B_cldice,03,closing,1.5,4,0.78216,0.77403,13,50,-50
B_cldice_s1,B_cldice,03,closing,2.0,6,0.7489,0.74532,10,53,-53
B_cldice_s1,B_cldice,03,bridge_only,0.0,0,0.79768,0.79408,28,40,-40
B_cldice_s1,B_cldice,03,bridge_only,0.25,1,0.79763,0.79396,25,40,-40
B_cldice_s1,B_cldice,03,bridge_only,0.5,1,0.79763,0.79396,25,40,-40
B_cldice_s1,B_cldice,03,bridge_only,0.75,2,0.79679,0.79233,19,39,-39
B_cldice_s1,B_cldice,03,bridge_only,1.0,3,0.7916,0.78706,16,35,-35
B_cldice_s1,B_cldice,03,bridge_only,1.5,4,0.78508,0.78101,15,37,-37
B_cldice_s1,B_cldice,03,bridge_only,2.0,6,0.76373,0.76599,12,35,-35
B_cldice_s1,B_cldice,04,closing,0.0,0,0.82215,0.79748,16,42,-42
B_cldice_s1,B_cldice,04,closing,0.25,1,0.82157,0.79781,14,46,-46
B_cldice_s1,B_cldice,04,closing,0.5,1,0.82157,0.79781,14,46,-46
B_cldice_s1,B_cldice,04,closing,0.75,2,0.81977,0.79625,10,43,-43
B_cldice_s1,B_cldice,04,closing,1.0,3,0.81179,0.79074,10,40,-40
B_cldice_s1,B_cldice,04,closing,1.5,4,0.8031,0.78473,10,38,-38
B_cldice_s1,B_cldice,04,closing,2.0,6,0.75578,0.75044,5,36,-36
B_cldice_s1,B_cldice,04,bridge_only,0.0,0,0.82215,0.79748,16,42,-42
B_cldice_s1,B_cldice,04,bridge_only,0.25,1,0.82184,0.79794,14,41,-41
B_cldice_s1,B_cldice,04,bridge_only,0.5,1,0.82184,0.79794,14,41,-41
B_cldice_s1,B_cldice,04,bridge_only,0.75,2,0.82104,0.79707,10,38,-38
B_cldice_s1,B_cldice,04,bridge_only,1.0,3,0.81629,0.79458,10,35,-35
B_cldice_s1,B_cldice,04,bridge_only,1.5,4,0.81098,0.7896,10,34,-34
B_cldice_s1,B_cldice,04,bridge_only,2.0,6,0.77891,0.76864,6,32,-32
B_cldice_s1,B_cldice,05,closing,0.0,0,0.81294,0.79039,20,34,-34
B_cldice_s1,B_cldice,05,closing,0.25,1,0.8131,0.78958,18,37,-37
B_cldice_s1,B_cldice,05,closing,0.5,1,0.8131,0.78958,18,37,-37
B_cldice_s1,B_cldice,05,closing,0.75,2,0.81016,0.78664,16,41,-41
B_cldice_s1,B_cldice,05,closing,1.0,3,0.80339,0.7819,14,41,-41
B_cldice_s1,B_cldice,05,closing,1.5,4,0.78989,0.77334,13,45,-45
B_cldice_s1,B_cldice,05,closing,2.0,6,0.75003,0.74819,11,47,-47
B_cldice_s1,B_cldice,05,bridge_only,0.0,0,0.81294,0.79039,20,34,-34
B_cldice_s1,B_cldice,05,bridge_only,0.25,1,0.813,0.79035,20,32,-32
B_cldice_s1,B_cldice,05,bridge_only,0.5,1,0.813,0.79035,20,32,-32
B_cldice_s1,B_cldice,05,bridge_only,0.75,2,0.81209,0.78794,19,34,-34
B_cldice_s1,B_cldice,05,bridge_only,1.0,3,0.80871,0.78533,18,33,-33
B_cldice_s1,B_cldice,05,bridge_only,1.5,4,0.80083,0.78044,17,33,-33
B_cldice_s1,B_cldice,05,bridge_only,2.0,6,0.77709,0.76753,15,33,-33
B_cldice_s1,B_cldice,06,closing,0.0,0,0.80439,0.77927,30,44,-44
B_cldice_s1,B_cldice,06,closing,0.25,1,0.80397,0.77887,29,46,-46
B_cldice_s1,B_cldice,06,closing,0.5,1,0.80397,0.77887,29,46,-46
B_cldice_s1,B_cldice,06,closing,0.75,2,0.80043,0.77702,20,41,-41
B_cldice_s1,B_cldice,06,closing,1.0,3,0.79164,0.76598,17,42,-42
B_cldice_s1,B_cldice,06,closing,1.5,4,0.77929,0.75563,15,42,-42
B_cldice_s1,B_cldice,06,closing,2.0,6,0.72619,0.71965,5,46,-46
B_cldice_s1,B_cldice,06,bridge_only,0.0,0,0.80439,0.77927,30,44,-44
B_cldice_s1,B_cldice,06,bridge_only,0.25,1,0.80406,0.77874,29,44,-44
B_cldice_s1,B_cldice,06,bridge_only,0.5,1,0.80406,0.77874,29,44,-44
B_cldice_s1,B_cldice,06,bridge_only,0.75,2,0.80167,0.77811,22,39,-39
B_cldice_s1,B_cldice,06,bridge_only,1.0,3,0.79657,0.77138,19,40,-40
B_cldice_s1,B_cldice,06,bridge_only,1.5,4,0.78974,0.76725,18,38,-38
B_cldice_s1,B_cldice,06,bridge_only,2.0,6,0.75249,0.74758,9,38,-38
B_cldice_s1,B_cldice,07,closing,0.0,0,0.8108,0.79768,25,48,-48
B_cldice_s1,B_cldice,07,closing,0.25,1,0.81023,0.79796,24,51,-51
B_cldice_s1,B_cldice,07,closing,0.5,1,0.81023,0.79796,24,51,-51
B_cldice_s1,B_cldice,07,closing,0.75,2,0.80621,0.79495,23,49,-49
B_cldice_s1,B_cldice,07,closing,1.0,3,0.7972,0.78828,20,51,-51
B_cldice_s1,B_cldice,07,closing,1.5,4,0.78453,0.77564,18,53,-53
B_cldice_s1,B_cldice,07,closing,2.0,6,0.74675,0.74536,18,53,-53
B_cldice_s1,B_cldice,07,bridge_only,0.0,0,0.8108,0.79768,25,48,-48
B_cldice_s1,B_cldice,07,bridge_only,0.25,1,0.81055,0.79802,25,48,-48
B_cldice_s1,B_cldice,07,bridge_only,0.5,1,0.81055,0.79802,25,48,-48
B_cldice_s1,B_cldice,07,bridge_only,0.75,2,0.80886,0.79838,24,46,-46
B_cldice_s1,B_cldice,07,bridge_only,1.0,3,0.80515,0.79603,21,47,-47
B_cldice_s1,B_cldice,07,bridge_only,1.5,4,0.79974,0.79172,20,46,-46
B_cldice_s1,B_cldice,07,bridge_only,2.0,6,0.77986,0.77944,20,45,-45
B_cldice_s1,B_cldice,08,closing,0.0,0,0.79404,0.78276,30,37,-37
B_cldice_s1,B_cldice,08,closing,0.25,1,0.79475,0.78277,25,48,-48
B_cldice_s1,B_cldice,08,closing,0.5,1,0.79475,0.78277,25,48,-48
B_cldice_s1,B_cldice,08,closing,0.75,2,0.79278,0.77933,24,51,-51
B_cldice_s1,B_cldice,08,closing,1.0,3,0.78856,0.77329,21,52,-52
B_cldice_s1,B_cldice,08,closing,1.5,4,0.77971,0.76417,18,52,-52
B_cldice_s1,B_cldice,08,closing,2.0,6,0.73765,0.73299,13,53,-53
B_cldice_s1,B_cldice,08,bridge_only,0.0,0,0.79404,0.78276,30,37,-37
B_cldice_s1,B_cldice,08,bridge_only,0.25,1,0.79415,0.78333,26,37,-37
B_cldice_s1,B_cldice,08,bridge_only,0.5,1,0.79415,0.78333,26,37,-37
B_cldice_s1,B_cldice,08,bridge_only,0.75,2,0.79293,0.78247,25,36,-36
B_cldice_s1,B_cldice,08,bridge_only,1.0,3,0.79122,0.78142,22,35,-35
B_cldice_s1,B_cldice,08,bridge_only,1.5,4,0.78487,0.77507,21,34,-34
B_cldice_s1,B_cldice,08,bridge_only,2.0,6,0.75349,0.7585,17,34,-34
B_cldice_s1,B_cldice,09,closing,0.0,0,0.80025,0.79754,19,28,-28
B_cldice_s1,B_cldice,09,closing,0.25,1,0.80064,0.79634,17,31,-31
B_cldice_s1,B_cldice,09,closing,0.5,1,0.80064,0.79634,17,31,-31
B_cldice_s1,B_cldice,09,closing,0.75,2,0.79703,0.79279,16,26,-26
B_cldice_s1,B_cldice,09,closing,1.0,3,0.7895,0.78231,13,30,-30
B_cldice_s1,B_cldice,09,closing,1.5,4,0.77973,0.7736,9,31,-31
B_cldice_s1,B_cldice,09,closing,2.0,6,0.74092,0.74798,4,31,-31
B_cldice_s1,B_cldice,09,bridge_only,0.0,0,0.80025,0.79754,19,28,-28
B_cldice_s1,B_cldice,09,bridge_only,0.25,1,0.8004,0.79797,17,28,-28
B_cldice_s1,B_cldice,09,bridge_only,0.5,1,0.8004,0.79797,17,28,-28
B_cldice_s1,B_cldice,09,bridge_only,0.75,2,0.79898,0.79795,16,26,-26
B_cldice_s1,B_cldice,09,bridge_only,1.0,3,0.79534,0.79381,13,26,-26
B_cldice_s1,B_cldice,09,bridge_only,1.5,4,0.78932,0.79045,8,25,-25
B_cldice_s1,B_cldice,09,bridge_only,2.0,6,0.76539,0.77741,4,24,-24
B_cldice_s1,B_cldice,10,closing,0.0,0,0.80482,0.79036,27,64,-64
B_cldice_s1,B_cldice,10,closing,0.25,1,0.80446,0.78834,24,61,-61
B_cldice_s1,B_cldice,10,closing,0.5,1,0.80446,0.78834,24,61,-61
B_cldice_s1,B_cldice,10,closing,0.75,2,0.79761,0.77848,18,64,-64
B_cldice_s1,B_cldice,10,closing,1.0,3,0.78528,0.76473,16,63,-63
B_cldice_s1,B_cldice,10,closing,1.5,4,0.76983,0.74978,14,64,-64
B_cldice_s1,B_cldice,10,closing,2.0,6,0.70833,0.70063,9,70,-70
B_cldice_s1,B_cldice,10,bridge_only,0.0,0,0.80482,0.79036,27,64,-64
B_cldice_s1,B_cldice,10,bridge_only,0.25,1,0.80488,0.78957,24,62,-62
B_cldice_s1,B_cldice,10,bridge_only,0.5,1,0.80488,0.78957,24,62,-62
B_cldice_s1,B_cldice,10,bridge_only,0.75,2,0.80153,0.78611,21,62,-62
B_cldice_s1,B_cldice,10,bridge_only,1.0,3,0.79661,0.77974,19,61,-61
B_cldice_s1,B_cldice,10,bridge_only,1.5,4,0.78871,0.77247,17,61,-61
B_cldice_s1,B_cldice,10,bridge_only,2.0,6,0.75083,0.75012,12,60,-60
B_cldice_s1,B_cldice,11,closing,0.0,0,0.80427,0.78931,20,52,-52
B_cldice_s1,B_cldice,11,closing,0.25,1,0.80169,0.78511,18,68,-68
B_cldice_s1,B_cldice,11,closing,0.5,1,0.80169,0.78511,18,68,-68
B_cldice_s1,B_cldice,11,closing,0.75,2,0.79359,0.77813,14,71,-71
B_cldice_s1,B_cldice,11,closing,1.0,3,0.77931,0.76777,11,69,-69
B_cldice_s1,B_cldice,11,closing,1.5,4,0.76555,0.75961,10,72,-72
B_cldice_s1,B_cldice,11,closing,2.0,6,0.71343,0.71842,6,73,-73
B_cldice_s1,B_cldice,11,bridge_only,0.0,0,0.80427,0.78931,20,52,-52
B_cldice_s1,B_cldice,11,bridge_only,0.25,1,0.80344,0.78847,19,52,-52
B_cldice_s1,B_cldice,11,bridge_only,0.5,1,0.80344,0.78847,19,52,-52
B_cldice_s1,B_cldice,11,bridge_only,0.75,2,0.80045,0.78729,15,51,-51
B_cldice_s1,B_cldice,11,bridge_only,1.0,3,0.79411,0.78284,15,47,-47
B_cldice_s1,B_cldice,11,bridge_only,1.5,4,0.78709,0.7802,15,49,-49
B_cldice_s1,B_cldice,11,bridge_only,2.0,6,0.76442,0.76537,15,48,-48
B_cldice_s1,B_cldice,12,closing,0.0,0,0.81908,0.83988,23,25,-25
B_cldice_s1,B_cldice,12,closing,0.25,1,0.81857,0.83882,20,28,-28
B_cldice_s1,B_cldice,12,closing,0.5,1,0.81857,0.83882,20,28,-28
B_cldice_s1,B_cldice,12,closing,0.75,2,0.81447,0.83424,20,30,-30
B_cldice_s1,B_cldice,12,closing,1.0,3,0.80222,0.81913,18,27,-27
B_cldice_s1,B_cldice,12,closing,1.5,4,0.7838,0.80296,17,27,-27
B_cldice_s1,B_cldice,12,closing,2.0,6,0.71877,0.74629,14,34,-34
B_cldice_s1,B_cldice,12,bridge_only,0.0,0,0.81908,0.83988,23,25,-25
B_cldice_s1,B_cldice,12,bridge_only,0.25,1,0.81877,0.84004,22,24,-24
B_cldice_s1,B_cldice,12,bridge_only,0.5,1,0.81877,0.84004,22,24,-24
B_cldice_s1,B_cldice,12,bridge_only,0.75,2,0.81743,0.83808,22,23,-23
B_cldice_s1,B_cldice,12,bridge_only,1.0,3,0.80971,0.83017,20,20,-20
B_cldice_s1,B_cldice,12,bridge_only,1.5,4,0.79926,0.82122,19,22,-22
B_cldice_s1,B_cldice,12,bridge_only,2.0,6,0.77266,0.80662,18,24,-24
B_cldice_s1,B_cldice,13,closing,0.0,0,0.81044,0.79509,21,39,-39
B_cldice_s1,B_cldice,13,closing,0.25,1,0.8105,0.7937,15,42,-42
B_cldice_s1,B_cldice,13,closing,0.5,1,0.8105,0.7937,15,42,-42
B_cldice_s1,B_cldice,13,closing,0.75,2,0.80567,0.78778,14,46,-46
B_cldice_s1,B_cldice,13,closing,1.0,3,0.79399,0.77427,10,48,-48
B_cldice_s1,B_cldice,13,closing,1.5,4,0.78106,0.76443,9,45,-45
B_cldice_s1,B_cldice,13,closing,2.0,6,0.7261,0.72383,8,40,-40
B_cldice_s1,B_cldice,13,bridge_only,0.0,0,0.81044,0.79509,21,39,-39
B_cldice_s1,B_cldice,13,bridge_only,0.25,1,0.81023,0.79444,15,35,-35
B_cldice_s1,B_cldice,13,bridge_only,0.5,1,0.81023,0.79444,15,35,-35
B_cldice_s1,B_cldice,13,bridge_only,0.75,2,0.80768,0.7918,14,36,-36
B_cldice_s1,B_cldice,13,bridge_only,1.0,3,0.80127,0.78548,10,37,-37
B_cldice_s1,B_cldice,13,bridge_only,1.5,4,0.79264,0.77939,9,35,-35
B_cldice_s1,B_cldice,13,bridge_only,2.0,6,0.74845,0.7559,8,27,-27
B_cldice_s1,B_cldice,14,closing,0.0,0,0.81054,0.82885,27,20,-20
B_cldice_s1,B_cldice,14,closing,0.25,1,0.80818,0.82559,21,19,-19
B_cldice_s1,B_cldice,14,closing,0.5,1,0.80818,0.82559,21,19,-19
B_cldice_s1,B_cldice,14,closing,0.75,2,0.80186,0.81936,20,11,-11
B_cldice_s1,B_cldice,14,closing,1.0,3,0.78784,0.80607,19,17,-17
B_cldice_s1,B_cldice,14,closing,1.5,4,0.77364,0.79321,17,18,-18
B_cldice_s1,B_cldice,14,closing,2.0,6,0.71793,0.75323,11,14,-14
B_cldice_s1,B_cldice,14,bridge_only,0.0,0,0.81054,0.82885,27,20,-20
B_cldice_s1,B_cldice,14,bridge_only,0.25,1,0.81011,0.82801,25,18,-18
B_cldice_s1,B_cldice,14,bridge_only,0.5,1,0.81011,0.82801,25,18,-18
B_cldice_s1,B_cldice,14,bridge_only,0.75,2,0.80862,0.82774,24,15,-15
B_cldice_s1,B_cldice,14,bridge_only,1.0,3,0.80527,0.82516,24,16,-16
B_cldice_s1,B_cldice,14,bridge_only,1.5,4,0.80084,0.82282,23,16,-16
B_cldice_s1,B_cldice,14,bridge_only,2.0,6,0.77957,0.80918,20,14,-14
B_cldice_s1,B_cldice,15,closing,0.0,0,0.79203,0.83066,28,20,-20
B_cldice_s1,B_cldice,15,closing,0.25,1,0.79027,0.82894,24,21,-21
B_cldice_s1,B_cldice,15,closing,0.5,1,0.79027,0.82894,24,21,-21
B_cldice_s1,B_cldice,15,closing,0.75,2,0.7834,0.82504,21,22,-22
B_cldice_s1,B_cldice,15,closing,1.0,3,0.76801,0.80862,21,19,-19
B_cldice_s1,B_cldice,15,closing,1.5,4,0.74705,0.78382,18,20,-20
B_cldice_s1,B_cldice,15,closing,2.0,6,0.67063,0.7247,12,20,-20
B_cldice_s1,B_cldice,15,bridge_only,0.0,0,0.79203,0.83066,28,20,-20
B_cldice_s1,B_cldice,15,bridge_only,0.25,1,0.79105,0.83005,24,19,-19
B_cldice_s1,B_cldice,15,bridge_only,0.5,1,0.79105,0.83005,24,19,-19
B_cldice_s1,B_cldice,15,bridge_only,0.75,2,0.78726,0.82935,21,18,-18
B_cldice_s1,B_cldice,15,bridge_only,1.0,3,0.77859,0.82069,21,17,-17
B_cldice_s1,B_cldice,15,bridge_only,1.5,4,0.76584,0.81036,18,14,-14
B_cldice_s1,B_cldice,15,bridge_only,2.0,6,0.706,0.76819,12,12,-12
B_cldice_s1,B_cldice,16,closing,0.0,0,0.83506,0.87563,23,4,-4
B_cldice_s1,B_cldice,16,closing,0.25,1,0.83302,0.87472,17,18,-18
B_cldice_s1,B_cldice,16,closing,0.5,1,0.83302,0.87472,17,18,-18
B_cldice_s1,B_cldice,16,closing,0.75,2,0.82725,0.86973,12,19,-19
B_cldice_s1,B_cldice,16,closing,1.0,3,0.81165,0.85187,13,21,-21
B_cldice_s1,B_cldice,16,closing,1.5,4,0.7965,0.84043,10,21,-21
B_cldice_s1,B_cldice,16,closing,2.0,6,0.74759,0.80188,8,20,-20
B_cldice_s1,B_cldice,16,bridge_only,0.0,0,0.83506,0.87563,23,4,-4
B_cldice_s1,B_cldice,16,bridge_only,0.25,1,0.83436,0.87504,20,4,-4
B_cldice_s1,B_cldice,16,bridge_only,0.5,1,0.83436,0.87504,20,4,-4
B_cldice_s1,B_cldice,16,bridge_only,0.75,2,0.8317,0.87333,15,3,-3
B_cldice_s1,B_cldice,16,bridge_only,1.0,3,0.8242,0.86603,16,2,-2
B_cldice_s1,B_cldice,16,bridge_only,1.5,4,0.81503,0.85969,13,0,0
B_cldice_s1,B_cldice,16,bridge_only,2.0,6,0.78155,0.83548,12,2,2
B_cldice_s1,B_cldice,17,closing,0.0,0,0.8154,0.8418,27,19,-19
B_cldice_s1,B_cldice,17,closing,0.25,1,0.81553,0.84284,26,27,-27
B_cldice_s1,B_cldice,17,closing,0.5,1,0.81553,0.84284,26,27,-27
B_cldice_s1,B_cldice,17,closing,0.75,2,0.81352,0.84266,21,29,-29
B_cldice_s1,B_cldice,17,closing,1.0,3,0.80399,0.83173,18,32,-32
B_cldice_s1,B_cldice,17,closing,1.5,4,0.79192,0.82109,14,35,-35
B_cldice_s1,B_cldice,17,closing,2.0,6,0.7404,0.78264,8,31,-31
B_cldice_s1,B_cldice,17,bridge_only,0.0,0,0.8154,0.8418,27,19,-19
B_cldice_s1,B_cldice,17,bridge_only,0.25,1,0.81548,0.84207,26,19,-19
B_cldice_s1,B_cldice,17,bridge_only,0.5,1,0.81548,0.84207,26,19,-19
B_cldice_s1,B_cldice,17,bridge_only,0.75,2,0.81368,0.84218,22,19,-19
B_cldice_s1,B_cldice,17,bridge_only,1.0,3,0.80824,0.8354,19,16,-16
B_cldice_s1,B_cldice,17,bridge_only,1.5,4,0.80069,0.82946,17,16,-16
B_cldice_s1,B_cldice,17,bridge_only,2.0,6,0.76032,0.80208,14,11,-11
B_cldice_s1,B_cldice,18,closing,0.0,0,0.80983,0.87584,21,2,-2
B_cldice_s1,B_cldice,18,closing,0.25,1,0.80752,0.87168,20,11,-11
B_cldice_s1,B_cldice,18,closing,0.5,1,0.80752,0.87168,20,11,-11
B_cldice_s1,B_cldice,18,closing,0.75,2,0.80075,0.86154,20,19,-19
B_cldice_s1,B_cldice,18,closing,1.0,3,0.78723,0.84703,19,20,-20
B_cldice_s1,B_cldice,18,closing,1.5,4,0.77365,0.83898,11,20,-20
B_cldice_s1,B_cldice,18,closing,2.0,6,0.72842,0.80975,2,18,-18
B_cldice_s1,B_cldice,18,bridge_only,0.0,0,0.80983,0.87584,21,2,-2
B_cldice_s1,B_cldice,18,bridge_only,0.25,1,0.8092,0.87434,20,1,-1
B_cldice_s1,B_cldice,18,bridge_only,0.5,1,0.8092,0.87434,20,1,-1
B_cldice_s1,B_cldice,18,bridge_only,0.75,2,0.80682,0.87279,20,1,-1
B_cldice_s1,B_cldice,18,bridge_only,1.0,3,0.80053,0.86617,19,0,0
B_cldice_s1,B_cldice,18,bridge_only,1.5,4,0.79062,0.85957,12,1,1
B_cldice_s1,B_cldice,18,bridge_only,2.0,6,0.75539,0.83489,4,4,4
B_cldice_s1,B_cldice,19,closing,0.0,0,0.83572,0.88159,22,5,5
B_cldice_s1,B_cldice,19,closing,0.25,1,0.83282,0.88011,20,4,-4
B_cldice_s1,B_cldice,19,closing,0.5,1,0.83282,0.88011,20,4,-4
B_cldice_s1,B_cldice,19,closing,0.75,2,0.82284,0.87179,13,6,-6
B_cldice_s1,B_cldice,19,closing,1.0,3,0.80494,0.85778,9,8,-8
B_cldice_s1,B_cldice,19,closing,1.5,4,0.78428,0.83935,9,7,-7
B_cldice_s1,B_cldice,19,closing,2.0,6,0.72172,0.79333,5,10,-10
B_cldice_s1,B_cldice,19,bridge_only,0.0,0,0.83572,0.88159,22,5,5
B_cldice_s1,B_cldice,19,bridge_only,0.25,1,0.83457,0.88075,20,7,7
B_cldice_s1,B_cldice,19,bridge_only,0.5,1,0.83457,0.88075,20,7,7
B_cldice_s1,B_cldice,19,bridge_only,0.75,2,0.82979,0.87664,16,6,6
B_cldice_s1,B_cldice,19,bridge_only,1.0,3,0.82174,0.86966,12,7,7
B_cldice_s1,B_cldice,19,bridge_only,1.5,4,0.81167,0.86177,11,8,8
B_cldice_s1,B_cldice,19,bridge_only,2.0,6,0.78189,0.83926,9,11,11
B_cldice_s1,B_cldice,20,closing,0.0,0,0.79341,0.84725,30,3,-3
B_cldice_s1,B_cldice,20,closing,0.25,1,0.79061,0.84167,25,10,-10
B_cldice_s1,B_cldice,20,closing,0.5,1,0.79061,0.84167,25,10,-10
B_cldice_s1,B_cldice,20,closing,0.75,2,0.78232,0.83429,21,7,-7
B_cldice_s1,B_cldice,20,closing,1.0,3,0.76398,0.81804,17,9,-9
B_cldice_s1,B_cldice,20,closing,1.5,4,0.74234,0.79872,15,12,-12
B_cldice_s1,B_cldice,20,closing,2.0,6,0.69126,0.75264,11,14,-14
B_cldice_s1,B_cldice,20,bridge_only,0.0,0,0.79341,0.84725,30,3,-3
B_cldice_s1,B_cldice,20,bridge_only,0.25,1,0.79206,0.84503,26,0,0
B_cldice_s1,B_cldice,20,bridge_only,0.5,1,0.79206,0.84503,26,0,0
B_cldice_s1,B_cldice,20,bridge_only,0.75,2,0.78781,0.84164,24,2,2
B_cldice_s1,B_cldice,20,bridge_only,1.0,3,0.77969,0.83708,22,2,2
B_cldice_s1,B_cldice,20,bridge_only,1.5,4,0.76952,0.831,21,0,0
B_cldice_s1,B_cldice,20,bridge_only,2.0,6,0.73607,0.8092,16,3,3
C_boundary_s1,C_boundary,01,closing,0.0,0,0.81765,0.86208,9,19,-19
C_boundary_s1,C_boundary,01,closing,0.25,1,0.81518,0.85793,8,24,-24
C_boundary_s1,C_boundary,01,closing,0.5,1,0.81518,0.85793,8,24,-24
C_boundary_s1,C_boundary,01,closing,0.75,2,0.80821,0.8486,4,25,-25
C_boundary_s1,C_boundary,01,closing,1.0,3,0.79367,0.83158,1,20,-20
C_boundary_s1,C_boundary,01,closing,1.5,4,0.77064,0.80834,1,27,-27
C_boundary_s1,C_boundary,01,closing,2.0,6,0.71643,0.76352,4,27,-27
C_boundary_s1,C_boundary,01,bridge_only,0.0,0,0.81765,0.86208,9,19,-19
C_boundary_s1,C_boundary,01,bridge_only,0.25,1,0.81732,0.86209,9,18,-18
C_boundary_s1,C_boundary,01,bridge_only,0.5,1,0.81732,0.86209,9,18,-18
C_boundary_s1,C_boundary,01,bridge_only,0.75,2,0.8137,0.85795,6,14,-14
C_boundary_s1,C_boundary,01,bridge_only,1.0,3,0.80768,0.85206,5,10,-10
C_boundary_s1,C_boundary,01,bridge_only,1.5,4,0.79589,0.8436,3,12,-12
C_boundary_s1,C_boundary,01,bridge_only,2.0,6,0.76512,0.82334,1,11,-11
C_boundary_s1,C_boundary,02,closing,0.0,0,0.85113,0.85631,19,18,-18
C_boundary_s1,C_boundary,02,closing,0.25,1,0.84931,0.85411,17,21,-21
C_boundary_s1,C_boundary,02,closing,0.5,1,0.84931,0.85411,17,21,-21
C_boundary_s1,C_boundary,02,closing,0.75,2,0.84222,0.84661,11,21,-21
C_boundary_s1,C_boundary,02,closing,1.0,3,0.82938,0.83212,11,20,-20
C_boundary_s1,C_boundary,02,closing,1.5,4,0.812,0.81507,8,21,-21
C_boundary_s1,C_boundary,02,closing,2.0,6,0.75174,0.76631,1,24,-24
C_boundary_s1,C_boundary,02,bridge_only,0.0,0,0.85113,0.85631,19,18,-18
C_boundary_s1,C_boundary,02,bridge_only,0.25,1,0.85046,0.8571,17,18,-18
C_boundary_s1,C_boundary,02,bridge_only,0.5,1,0.85046,0.8571,17,18,-18
C_boundary_s1,C_boundary,02,bridge_only,0.75,2,0.84659,0.85401,12,15,-15
C_boundary_s1,C_boundary,02,bridge_only,1.0,3,0.84069,0.84643,13,13,-13
C_boundary_s1,C_boundary,02,bridge_only,1.5,4,0.83073,0.83821,11,12,-12
C_boundary_s1,C_boundary,02,bridge_only,2.0,6,0.79791,0.81614,4,11,-11
C_boundary_s1,C_boundary,03,closing,0.0,0,0.79899,0.78346,26,46,-46
C_boundary_s1,C_boundary,03,closing,0.25,1,0.79996,0.78259,22,52,-52
C_boundary_s1,C_boundary,03,closing,0.5,1,0.79996,0.78259,22,52,-52
C_boundary_s1,C_boundary,03,closing,0.75,2,0.80002,0.78131,18,52,-52
C_boundary_s1,C_boundary,03,closing,1.0,3,0.79634,0.77515,16,51,-51
C_boundary_s1,C_boundary,03,closing,1.5,4,0.78646,0.76401,11,49,-49
C_boundary_s1,C_boundary,03,closing,2.0,6,0.74998,0.73293,6,55,-55
C_boundary_s1,C_boundary,03,bridge_only,0.0,0,0.79899,0.78346,26,46,-46
C_boundary_s1,C_boundary,03,bridge_only,0.25,1,0.79935,0.78319,24,45,-45
C_boundary_s1,C_boundary,03,bridge_only,0.5,1,0.79935,0.78319,24,45,-45
C_boundary_s1,C_boundary,03,bridge_only,0.75,2,0.79982,0.78321,20,43,-43
C_boundary_s1,C_boundary,03,bridge_only,1.0,3,0.79863,0.78093,18,42,-42
C_boundary_s1,C_boundary,03,bridge_only,1.5,4,0.79236,0.77526,13,39,-39
C_boundary_s1,C_boundary,03,bridge_only,2.0,6,0.76933,0.75956,8,38,-38
C_boundary_s1,C_boundary,04,closing,0.0,0,0.82715,0.79947,17,46,-46
C_boundary_s1,C_boundary,04,closing,0.25,1,0.82663,0.7995,15,46,-46
C_boundary_s1,C_boundary,04,closing,0.5,1,0.82663,0.7995,15,46,-46
C_boundary_s1,C_boundary,04,closing,0.75,2,0.82417,0.79859,12,45,-45
C_boundary_s1,C_boundary,04,closing,1.0,3,0.8185,0.79256,12,44,-44
C_boundary_s1,C_boundary,04,closing,1.5,4,0.81024,0.78611,12,42,-42
C_boundary_s1,C_boundary,04,closing,2.0,6,0.76058,0.75277,5,40,-40
C_boundary_s1,C_boundary,04,bridge_only,0.0,0,0.82715,0.79947,17,46,-46
C_boundary_s1,C_boundary,04,bridge_only,0.25,1,0.82702,0.79986,15,45,-45
C_boundary_s1,C_boundary,04,bridge_only,0.5,1,0.82702,0.79986,15,45,-45
C_boundary_s1,C_boundary,04,bridge_only,0.75,2,0.82546,0.79935,13,44,-44
C_boundary_s1,C_boundary,04,bridge_only,1.0,3,0.82249,0.79676,13,44,-44
C_boundary_s1,C_boundary,04,bridge_only,1.5,4,0.81704,0.79198,13,43,-43
C_boundary_s1,C_boundary,04,bridge_only,2.0,6,0.78213,0.77019,6,41,-41
C_boundary_s1,C_boundary,05,closing,0.0,0,0.8089,0.78284,27,39,-39
C_boundary_s1,C_boundary,05,closing,0.25,1,0.80884,0.78179,24,38,-38
C_boundary_s1,C_boundary,05,closing,0.5,1,0.80884,0.78179,24,38,-38
C_boundary_s1,C_boundary,05,closing,0.75,2,0.80659,0.77862,20,44,-44
C_boundary_s1,C_boundary,05,closing,1.0,3,0.80038,0.77364,19,42,-42
C_boundary_s1,C_boundary,05,closing,1.5,4,0.78699,0.76752,17,42,-42
C_boundary_s1,C_boundary,05,closing,2.0,6,0.74996,0.7425,11,42,-42
C_boundary_s1,C_boundary,05,bridge_only,0.0,0,0.8089,0.78284,27,39,-39
C_boundary_s1,C_boundary,05,bridge_only,0.25,1,0.80897,0.78293,26,33,-33
C_boundary_s1,C_boundary,05,bridge_only,0.5,1,0.80897,0.78293,26,33,-33
C_boundary_s1,C_boundary,05,bridge_only,0.75,2,0.80868,0.78073,22,39,-39
C_boundary_s1,C_boundary,05,bridge_only,1.0,3,0.80658,0.77922,22,39,-39
C_boundary_s1,C_boundary,05,bridge_only,1.5,4,0.8006,0.77636,21,39,-39
C_boundary_s1,C_boundary,05,bridge_only,2.0,6,0.78234,0.76583,18,39,-39
C_boundary_s1,C_boundary,06,closing,0.0,0,0.79757,0.77209,28,43,-43
C_boundary_s1,C_boundary,06,closing,0.25,1,0.79756,0.77219,23,46,-46
C_boundary_s1,C_boundary,06,closing,0.5,1,0.79756,0.77219,23,46,-46
C_boundary_s1,C_boundary,06,closing,0.75,2,0.79461,0.76903,15,45,-45
C_boundary_s1,C_boundary,06,closing,1.0,3,0.78556,0.75753,12,44,-44
C_boundary_s1,C_boundary,06,closing,1.5,4,0.77355,0.74724,8,41,-41
C_boundary_s1,C_boundary,06,closing,2.0,6,0.73015,0.71329,1,49,-49
C_boundary_s1,C_boundary,06,bridge_only,0.0,0,0.79757,0.77209,28,43,-43
C_boundary_s1,C_boundary,06,bridge_only,0.25,1,0.79757,0.77239,25,42,-42
C_boundary_s1,C_boundary,06,bridge_only,0.5,1,0.79757,0.77239,25,42,-42
C_boundary_s1,C_boundary,06,bridge_only,0.75,2,0.7959,0.77058,19,40,-40
C_boundary_s1,C_boundary,06,bridge_only,1.0,3,0.78972,0.76279,16,40,-40
C_boundary_s1,C_boundary,06,bridge_only,1.5,4,0.78183,0.75732,12,36,-36
C_boundary_s1,C_boundary,06,bridge_only,2.0,6,0.75343,0.73773,7,39,-39
C_boundary_s1,C_boundary,07,closing,0.0,0,0.81114,0.79534,28,48,-48
C_boundary_s1,C_boundary,07,closing,0.25,1,0.81091,0.79567,23,50,-50
C_boundary_s1,C_boundary,07,closing,0.5,1,0.81091,0.79567,23,50,-50
C_boundary_s1,C_boundary,07,closing,0.75,2,0.80721,0.79207,20,48,-48
C_boundary_s1,C_boundary,07,closing,1.0,3,0.80021,0.78556,19,48,-48
C_boundary_s1,C_boundary,07,closing,1.5,4,0.78497,0.7745,14,50,-50
C_boundary_s1,C_boundary,07,closing,2.0,6,0.74818,0.7465,11,53,-53
C_boundary_s1,C_boundary,07,bridge_only,0.0,0,0.81114,0.79534,28,48,-48
C_boundary_s1,C_boundary,07,bridge_only,0.25,1,0.81117,0.79599,25,45,-45
C_boundary_s1,C_boundary,07,bridge_only,0.5,1,0.81117,0.79599,25,45,-45
C_boundary_s1,C_boundary,07,bridge_only,0.75,2,0.80981,0.7961,23,44,-44
C_boundary_s1,C_boundary,07,bridge_only,1.0,3,0.80662,0.79314,22,44,-44
C_boundary_s1,C_boundary,07,bridge_only,1.5,4,0.80071,0.79115,20,45,-45
C_boundary_s1,C_boundary,07,bridge_only,2.0,6,0.78023,0.77983,18,45,-45
C_boundary_s1,C_boundary,08,closing,0.0,0,0.7945,0.78264,29,43,-43
C_boundary_s1,C_boundary,08,closing,0.25,1,0.7947,0.78151,21,50,-50
C_boundary_s1,C_boundary,08,closing,0.5,1,0.7947,0.78151,21,50,-50
C_boundary_s1,C_boundary,08,closing,0.75,2,0.79353,0.78139,21,50,-50
C_boundary_s1,C_boundary,08,closing,1.0,3,0.78799,0.77492,19,49,-49
C_boundary_s1,C_boundary,08,closing,1.5,4,0.78083,0.76725,20,48,-48
C_boundary_s1,C_boundary,08,closing,2.0,6,0.74043,0.73403,12,50,-50
C_boundary_s1,C_boundary,08,bridge_only,0.0,0,0.7945,0.78264,29,43,-43
C_boundary_s1,C_boundary,08,bridge_only,0.25,1,0.79455,0.78296,21,42,-42
C_boundary_s1,C_boundary,08,bridge_only,0.5,1,0.79455,0.78296,21,42,-42
C_boundary_s1,C_boundary,08,bridge_only,0.75,2,0.79342,0.78288,21,41,-41
C_boundary_s1,C_boundary,08,bridge_only,1.0,3,0.7893,0.77919,19,38,-38
C_boundary_s1,C_boundary,08,bridge_only,1.5,4,0.78342,0.77335,20,37,-37
C_boundary_s1,C_boundary,08,bridge_only,2.0,6,0.75191,0.75361,12,37,-37
C_boundary_s1,C_boundary,09,closing,0.0,0,0.79762,0.79223,24,28,-28
C_boundary_s1,C_boundary,09,closing,0.25,1,0.79794,0.7912,22,30,-30
C_boundary_s1,C_boundary,09,closing,0.5,1,0.79794,0.7912,22,30,-30
C_boundary_s1,C_boundary,09,closing,0.75,2,0.79566,0.7879,15,30,-30
C_boundary_s1,C_boundary,09,closing,1.0,3,0.78885,0.78001,12,31,-31
C_boundary_s1,C_boundary,09,closing,1.5,4,0.78043,0.77446,7,31,-31
C_boundary_s1,C_boundary,09,closing,2.0,6,0.74244,0.74169,4,33,-33
C_boundary_s1,C_boundary,09,bridge_only,0.0,0,0.79762,0.79223,24,28,-28
C_boundary_s1,C_boundary,09,bridge_only,0.25,1,0.79773,0.79245,23,27,-27
C_boundary_s1,C_boundary,09,bridge_only,0.5,1,0.79773,0.79245,23,27,-27
C_boundary_s1,C_boundary,09,bridge_only,0.75,2,0.79679,0.79201,16,27,-27
C_boundary_s1,C_boundary,09,bridge_only,1.0,3,0.7942,0.7908,13,26,-26
C_boundary_s1,C_boundary,09,bridge_only,1.5,4,0.78897,0.78735,8,26,-26
C_boundary_s1,C_boundary,09,bridge_only,2.0,6,0.76505,0.77181,4,25,-25
C_boundary_s1,C_boundary,10,closing,0.0,0,0.80505,0.7876,27,62,-62
C_boundary_s1,C_boundary,10,closing,0.25,1,0.80452,0.78694,23,58,-58
C_boundary_s1,C_boundary,10,closing,0.5,1,0.80452,0.78694,23,58,-58
C_boundary_s1,C_boundary,10,closing,0.75,2,0.79929,0.78116,18,60,-60
C_boundary_s1,C_boundary,10,closing,1.0,3,0.7856,0.76344,13,61,-61
C_boundary_s1,C_boundary,10,closing,1.5,4,0.7696,0.74769,10,64,-64
C_boundary_s1,C_boundary,10,closing,2.0,6,0.70828,0.70005,11,70,-70
C_boundary_s1,C_boundary,10,bridge_only,0.0,0,0.80505,0.7876,27,62,-62
C_boundary_s1,C_boundary,10,bridge_only,0.25,1,0.80474,0.78732,23,59,-59
C_boundary_s1,C_boundary,10,bridge_only,0.5,1,0.80474,0.78732,23,59,-59
C_boundary_s1,C_boundary,10,bridge_only,0.75,2,0.80189,0.78639,19,57,-57
C_boundary_s1,C_boundary,10,bridge_only,1.0,3,0.79501,0.7777,15,56,-56
C_boundary_s1,C_boundary,10,bridge_only,1.5,4,0.78594,0.77052,12,58,-58
C_boundary_s1,C_boundary,10,bridge_only,2.0,6,0.74401,0.74825,13,57,-57
C_boundary_s1,C_boundary,11,closing,0.0,0,0.80644,0.78788,23,56,-56
C_boundary_s1,C_boundary,11,closing,0.25,1,0.80443,0.78465,17,74,-74
C_boundary_s1,C_boundary,11,closing,0.5,1,0.80443,0.78465,17,74,-74
C_boundary_s1,C_boundary,11,closing,0.75,2,0.79879,0.77817,14,74,-74
C_boundary_s1,C_boundary,11,closing,1.0,3,0.7849,0.76903,10,79,-79
C_boundary_s1,C_boundary,11,closing,1.5,4,0.77106,0.75974,7,76,-76
C_boundary_s1,C_boundary,11,closing,2.0,6,0.72125,0.72178,5,77,-77
C_boundary_s1,C_boundary,11,bridge_only,0.0,0,0.80644,0.78788,23,56,-56
C_boundary_s1,C_boundary,11,bridge_only,0.25,1,0.80595,0.78806,19,55,-55
C_boundary_s1,C_boundary,11,bridge_only,0.5,1,0.80595,0.78806,19,55,-55
C_boundary_s1,C_boundary,11,bridge_only,0.75,2,0.80391,0.78723,18,53,-53
C_boundary_s1,C_boundary,11,bridge_only,1.0,3,0.79842,0.78448,17,52,-52
C_boundary_s1,C_boundary,11,bridge_only,1.5,4,0.78995,0.77908,16,51,-51
C_boundary_s1,C_boundary,11,bridge_only,2.0,6,0.76753,0.76453,15,54,-54
C_boundary_s1,C_boundary,12,closing,0.0,0,0.8221,0.83997,18,30,-30
C_boundary_s1,C_boundary,12,closing,0.25,1,0.82157,0.84041,14,32,-32
C_boundary_s1,C_boundary,12,closing,0.5,1,0.82157,0.84041,14,32,-32
C_boundary_s1,C_boundary,12,closing,0.75,2,0.81775,0.83683,10,29,-29
C_boundary_s1,C_boundary,12,closing,1.0,3,0.80691,0.82301,8,27,-27
C_boundary_s1,C_boundary,12,closing,1.5,4,0.78694,0.80503,9,29,-29
C_boundary_s1,C_boundary,12,closing,2.0,6,0.7197,0.74604,5,36,-36
C_boundary_s1,C_boundary,12,bridge_only,0.0,0,0.8221,0.83997,18,30,-30
C_boundary_s1,C_boundary,12,bridge_only,0.25,1,0.82206,0.84065,16,30,-30
C_boundary_s1,C_boundary,12,bridge_only,0.5,1,0.82206,0.84065,16,30,-30
C_boundary_s1,C_boundary,12,bridge_only,0.75,2,0.82045,0.83931,13,28,-28
C_boundary_s1,C_boundary,12,bridge_only,1.0,3,0.81387,0.83087,12,25,-25
C_boundary_s1,C_boundary,12,bridge_only,1.5,4,0.80261,0.82031,13,26,-26
C_boundary_s1,C_boundary,12,bridge_only,2.0,6,0.77065,0.80253,10,27,-27
C_boundary_s1,C_boundary,13,closing,0.0,0,0.81469,0.79576,26,39,-39
C_boundary_s1,C_boundary,13,closing,0.25,1,0.81441,0.79585,20,43,-43
C_boundary_s1,C_boundary,13,closing,0.5,1,0.81441,0.79585,20,43,-43
C_boundary_s1,C_boundary,13,closing,0.75,2,0.81052,0.78964,14,44,-44
C_boundary_s1,C_boundary,13,closing,1.0,3,0.80022,0.77536,12,45,-45
C_boundary_s1,C_boundary,13,closing,1.5,4,0.78697,0.76658,10,45,-45
C_boundary_s1,C_boundary,13,closing,2.0,6,0.73815,0.72841,4,46,-46
C_boundary_s1,C_boundary,13,bridge_only,0.0,0,0.81469,0.79576,26,39,-39
C_boundary_s1,C_boundary,13,bridge_only,0.25,1,0.81438,0.79534,20,39,-39
C_boundary_s1,C_boundary,13,bridge_only,0.5,1,0.81438,0.79534,20,39,-39
C_boundary_s1,C_boundary,13,bridge_only,0.75,2,0.81157,0.79188,16,37,-37
C_boundary_s1,C_boundary,13,bridge_only,1.0,3,0.80718,0.78545,15,36,-36
C_boundary_s1,C_boundary,13,bridge_only,1.5,4,0.79862,0.78118,13,35,-35
C_boundary_s1,C_boundary,13,bridge_only,2.0,6,0.76113,0.76017,7,33,-33
C_boundary_s1,C_boundary,14,closing,0.0,0,0.81651,0.83134,20,21,-21
C_boundary_s1,C_boundary,14,closing,0.25,1,0.81512,0.82863,18,22,-22
C_boundary_s1,C_boundary,14,closing,0.5,1,0.81512,0.82863,18,22,-22
C_boundary_s1,C_boundary,14,closing,0.75,2,0.80943,0.82488,16,19,-19
C_boundary_s1,C_boundary,14,closing,1.0,3,0.79633,0.81039,14,21,-21
C_boundary_s1,C_boundary,14,closing,1.5,4,0.78386,0.80022,13,19,-19
C_boundary_s1,C_boundary,14,closing,2.0,6,0.732,0.75959,10,18,-18
C_boundary_s1,C_boundary,14,bridge_only,0.0,0,0.81651,0.83134,20,21,-21
C_boundary_s1,C_boundary,14,bridge_only,0.25,1,0.81635,0.83117,18,20,-20
C_boundary_s1,C_boundary,14,bridge_only,0.5,1,0.81635,0.83117,18,20,-20
C_boundary_s1,C_boundary,14,bridge_only,0.75,2,0.81567,0.83152,18,18,-18
C_boundary_s1,C_boundary,14,bridge_only,1.0,3,0.81291,0.82856,17,17,-17
C_boundary_s1,C_boundary,14,bridge_only,1.5,4,0.80993,0.82689,17,16,-16
C_boundary_s1,C_boundary,14,bridge_only,2.0,6,0.7887,0.81421,14,16,-16
C_boundary_s1,C_boundary,15,closing,0.0,0,0.78721,0.82263,42,19,-19
C_boundary_s1,C_boundary,15,closing,0.25,1,0.7857,0.82266,39,21,-21
C_boundary_s1,C_boundary,15,closing,0.5,1,0.7857,0.82266,39,21,-21
C_boundary_s1,C_boundary,15,closing,0.75,2,0.78029,0.81691,32,23,-23
C_boundary_s1,C_boundary,15,closing,1.0,3,0.76605,0.79992,30,19,-19
C_boundary_s1,C_boundary,15,closing,1.5,4,0.7446,0.77646,29,21,-21
C_boundary_s1,C_boundary,15,closing,2.0,6,0.66012,0.70446,18,12,-12
C_boundary_s1,C_boundary,15,bridge_only,0.0,0,0.78721,0.82263,42,19,-19
C_boundary_s1,C_boundary,15,bridge_only,0.25,1,0.78634,0.82299,39,19,-19
C_boundary_s1,C_boundary,15,bridge_only,0.5,1,0.78634,0.82299,39,19,-19
C_boundary_s1,C_boundary,15,bridge_only,0.75,2,0.7836,0.82057,32,18,-18
C_boundary_s1,C_boundary,15,bridge_only,1.0,3,0.77602,0.81158,30,16,-16
C_boundary_s1,C_boundary,15,bridge_only,1.5,4,0.76403,0.80339,29,12,-12
C_boundary_s1,C_boundary,15,bridge_only,2.0,6,0.69336,0.74678,18,1,-1
C_boundary_s1,C_boundary,16,closing,0.0,0,0.83662,0.87922,21,17,-17
C_boundary_s1,C_boundary,16,closing,0.25,1,0.83511,0.87771,18,19,-19
C_boundary_s1,C_boundary,16,closing,0.5,1,0.83511,0.87771,18,19,-19
C_boundary_s1,C_boundary,16,closing,0.75,2,0.82919,0.87182,10,18,-18
C_boundary_s1,C_boundary,16,closing,1.0,3,0.8145,0.85891,10,19,-19
C_boundary_s1,C_boundary,16,closing,1.5,4,0.80057,0.84588,9,20,-20
C_boundary_s1,C_boundary,16,closing,2.0,6,0.75497,0.80991,5,23,-23
C_boundary_s1,C_boundary,16,bridge_only,0.0,0,0.83662,0.87922,21,17,-17
C_boundary_s1,C_boundary,16,bridge_only,0.25,1,0.83615,0.87871,18,17,-17
C_boundary_s1,C_boundary,16,bridge_only,0.5,1,0.83615,0.87871,18,17,-17
C_boundary_s1,C_boundary,16,bridge_only,0.75,2,0.8335,0.87706,12,16,-16
C_boundary_s1,C_boundary,16,bridge_only,1.0,3,0.82658,0.87251,12,13,-13
C_boundary_s1,C_boundary,16,bridge_only,1.5,4,0.81847,0.86586,11,13,-13
C_boundary_s1,C_boundary,16,bridge_only,2.0,6,0.79114,0.84542,7,13,-13
C_boundary_s1,C_boundary,17,closing,0.0,0,0.81321,0.84128,24,21,-21
C_boundary_s1,C_boundary,17,closing,0.25,1,0.81356,0.84174,19,32,-32
C_boundary_s1,C_boundary,17,closing,0.5,1,0.81356,0.84174,19,32,-32
C_boundary_s1,C_boundary,17,closing,0.75,2,0.81137,0.84028,16,32,-32
C_boundary_s1,C_boundary,17,closing,1.0,3,0.80574,0.83448,10,35,-35
C_boundary_s1,C_boundary,17,closing,1.5,4,0.79389,0.8258,9,34,-34
C_boundary_s1,C_boundary,17,closing,2.0,6,0.74951,0.79248,6,34,-34
C_boundary_s1,C_boundary,17,bridge_only,0.0,0,0.81321,0.84128,24,21,-21
C_boundary_s1,C_boundary,17,bridge_only,0.25,1,0.81318,0.84173,20,20,-20
C_boundary_s1,C_boundary,17,bridge_only,0.5,1,0.81318,0.84173,20,20,-20
C_boundary_s1,C_boundary,17,bridge_only,0.75,2,0.8115,0.84099,17,19,-19
C_boundary_s1,C_boundary,17,bridge_only,1.0,3,0.808,0.83631,12,20,-20
C_boundary_s1,C_boundary,17,bridge_only,1.5,4,0.80035,0.83101,11,18,-18
C_boundary_s1,C_boundary,17,bridge_only,2.0,6,0.76297,0.80685,8,15,-15
C_boundary_s1,C_boundary,18,closing,0.0,0,0.81624,0.87623,18,1,1
C_boundary_s1,C_boundary,18,closing,0.25,1,0.81412,0.87406,16,8,-8
C_boundary_s1,C_boundary,18,closing,0.5,1,0.81412,0.87406,16,8,-8
C_boundary_s1,C_boundary,18,closing,0.75,2,0.80789,0.86385,13,22,-22
C_boundary_s1,C_boundary,18,closing,1.0,3,0.79495,0.85083,9,20,-20
C_boundary_s1,C_boundary,18,closing,1.5,4,0.78059,0.84308,6,23,-23
C_boundary_s1,C_boundary,18,closing,2.0,6,0.73743,0.81607,4,22,-22
C_boundary_s1,C_boundary,18,bridge_only,0.0,0,0.81624,0.87623,18,1,1
C_boundary_s1,C_boundary,18,bridge_only,0.25,1,0.81604,0.87594,16,2,2
C_boundary_s1,C_boundary,18,bridge_only,0.5,1,0.81604,0.87594,16,2,2
C_boundary_s1,C_boundary,18,bridge_only,0.75,2,0.81392,0.87373,13,2,2
C_boundary_s1,C_boundary,18,bridge_only,1.0,3,0.80713,0.86746,9,4,4
C_boundary_s1,C_boundary,18,bridge_only,1.5,4,0.79831,0.86097,6,5,5
C_boundary_s1,C_boundary,18,bridge_only,2.0,6,0.76215,0.83686,4,6,6
C_boundary_s1,C_boundary,19,closing,0.0,0,0.83966,0.88388,26,5,-5
C_boundary_s1,C_boundary,19,closing,0.25,1,0.83729,0.88292,22,6,-6
C_boundary_s1,C_boundary,19,closing,0.5,1,0.83729,0.88292,22,6,-6
C_boundary_s1,C_boundary,19,closing,0.75,2,0.82712,0.87546,15,9,-9
C_boundary_s1,C_boundary,19,closing,1.0,3,0.80707,0.85855,12,10,-10
C_boundary_s1,C_boundary,19,closing,1.5,4,0.78567,0.83868,11,12,-12
C_boundary_s1,C_boundary,19,closing,2.0,6,0.72609,0.79208,7,13,-13
C_boundary_s1,C_boundary,19,bridge_only,0.0,0,0.83966,0.88388,26,5,-5
C_boundary_s1,C_boundary,19,bridge_only,0.25,1,0.83862,0.88394,24,2,-2
C_boundary_s1,C_boundary,19,bridge_only,0.5,1,0.83862,0.88394,24,2,-2
C_boundary_s1,C_boundary,19,bridge_only,0.75,2,0.83284,0.87922,17,3,-3
C_boundary_s1,C_boundary,19,bridge_only,1.0,3,0.82391,0.87093,14,3,-3
C_boundary_s1,C_boundary,19,bridge_only,1.5,4,0.81417,0.861,11,4,-4
C_boundary_s1,C_boundary,19,bridge_only,2.0,6,0.78711,0.84166,10,2,-2
C_boundary_s1,C_boundary,20,closing,0.0,0,0.80193,0.85505,24,6,-6
C_boundary_s1,C_boundary,20,closing,0.25,1,0.79985,0.84982,18,12,-12
C_boundary_s1,C_boundary,20,closing,0.5,1,0.79985,0.84982,18,12,-12
C_boundary_s1,C_boundary,20,closing,0.75,2,0.79105,0.84055,15,8,-8
C_boundary_s1,C_boundary,20,closing,1.0,3,0.77507,0.82503,13,8,-8
C_boundary_s1,C_boundary,20,closing,1.5,4,0.75294,0.80718,10,14,-14
C_boundary_s1,C_boundary,20,closing,2.0,6,0.70145,0.76291,5,16,-16
C_boundary_s1,C_boundary,20,bridge_only,0.0,0,0.80193,0.85505,24,6,-6
C_boundary_s1,C_boundary,20,bridge_only,0.25,1,0.80121,0.85338,18,3,-3
C_boundary_s1,C_boundary,20,bridge_only,0.5,1,0.80121,0.85338,18,3,-3
C_boundary_s1,C_boundary,20,bridge_only,0.75,2,0.7973,0.84943,16,2,-2
C_boundary_s1,C_boundary,20,bridge_only,1.0,3,0.7914,0.84652,16,1,1
C_boundary_s1,C_boundary,20,bridge_only,1.5,4,0.78157,0.84288,14,4,-4
C_boundary_s1,C_boundary,20,bridge_only,2.0,6,0.75107,0.82115,9,2,-2
D_blurpool_s1,D_blurpool,01,closing,0.0,0,0.81852,0.85499,9,20,-20
D_blurpool_s1,D_blurpool,01,closing,0.25,1,0.81556,0.84989,8,32,-32
D_blurpool_s1,D_blurpool,01,closing,0.5,1,0.81556,0.84989,8,32,-32
D_blurpool_s1,D_blurpool,01,closing,0.75,2,0.80893,0.84113,5,31,-31
D_blurpool_s1,D_blurpool,01,closing,1.0,3,0.79303,0.82693,1,27,-27
D_blurpool_s1,D_blurpool,01,closing,1.5,4,0.76872,0.80477,3,30,-30
D_blurpool_s1,D_blurpool,01,closing,2.0,6,0.71662,0.76184,6,31,-31
D_blurpool_s1,D_blurpool,01,bridge_only,0.0,0,0.81852,0.85499,9,20,-20
D_blurpool_s1,D_blurpool,01,bridge_only,0.25,1,0.81826,0.855,8,20,-20
D_blurpool_s1,D_blurpool,01,bridge_only,0.5,1,0.81826,0.855,8,20,-20
D_blurpool_s1,D_blurpool,01,bridge_only,0.75,2,0.81501,0.85195,6,15,-15
D_blurpool_s1,D_blurpool,01,bridge_only,1.0,3,0.80629,0.84547,5,14,-14
D_blurpool_s1,D_blurpool,01,bridge_only,1.5,4,0.79573,0.83878,3,11,-11
D_blurpool_s1,D_blurpool,01,bridge_only,2.0,6,0.76411,0.81538,0,10,-10
D_blurpool_s1,D_blurpool,02,closing,0.0,0,0.84679,0.84726,24,14,-14
D_blurpool_s1,D_blurpool,02,closing,0.25,1,0.84561,0.8439,21,22,-22
D_blurpool_s1,D_blurpool,02,closing,0.5,1,0.84561,0.8439,21,22,-22
D_blurpool_s1,D_blurpool,02,closing,0.75,2,0.83839,0.83523,17,19,-19
D_blurpool_s1,D_blurpool,02,closing,1.0,3,0.82605,0.82289,13,20,-20
D_blurpool_s1,D_blurpool,02,closing,1.5,4,0.8077,0.80697,10,21,-21
D_blurpool_s1,D_blurpool,02,closing,2.0,6,0.75256,0.75953,5,21,-21
D_blurpool_s1,D_blurpool,02,bridge_only,0.0,0,0.84679,0.84726,24,14,-14
D_blurpool_s1,D_blurpool,02,bridge_only,0.25,1,0.84614,0.84679,24,13,-13
D_blurpool_s1,D_blurpool,02,bridge_only,0.5,1,0.84614,0.84679,24,13,-13
D_blurpool_s1,D_blurpool,02,bridge_only,0.75,2,0.84156,0.8421,22,11,-11
D_blurpool_s1,D_blurpool,02,bridge_only,1.0,3,0.83657,0.83801,20,12,-12
D_blurpool_s1,D_blurpool,02,bridge_only,1.5,4,0.82682,0.83078,17,11,-11
D_blurpool_s1,D_blurpool,02,bridge_only,2.0,6,0.79879,0.81047,13,10,-10
D_blurpool_s1,D_blurpool,03,closing,0.0,0,0.78171,0.76468,28,36,-36
D_blurpool_s1,D_blurpool,03,closing,0.25,1,0.78369,0.76536,24,48,-48
D_blurpool_s1,D_blurpool,03,closing,0.5,1,0.78369,0.76536,24,48,-48
D_blurpool_s1,D_blurpool,03,closing,0.75,2,0.7865,0.76621,20,57,-57
D_blurpool_s1,D_blurpool,03,closing,1.0,3,0.78327,0.76276,13,56,-56
D_blurpool_s1,D_blurpool,03,closing,1.5,4,0.77668,0.75413,11,52,-52
D_blurpool_s1,D_blurpool,03,closing,2.0,6,0.74766,0.73099,10,53,-53
D_blurpool_s1,D_blurpool,03,bridge_only,0.0,0,0.78171,0.76468,28,36,-36
D_blurpool_s1,D_blurpool,03,bridge_only,0.25,1,0.78223,0.76467,24,35,-35
D_blurpool_s1,D_blurpool,03,bridge_only,0.5,1,0.78223,0.76467,24,35,-35
D_blurpool_s1,D_blurpool,03,bridge_only,0.75,2,0.78335,0.76527,20,35,-35
D_blurpool_s1,D_blurpool,03,bridge_only,1.0,3,0.78183,0.76344,15,35,-35
D_blurpool_s1,D_blurpool,03,bridge_only,1.5,4,0.77692,0.75903,13,32,-32
D_blurpool_s1,D_blurpool,03,bridge_only,2.0,6,0.76091,0.74878,12,29,-29
D_blurpool_s1,D_blurpool,04,closing,0.0,0,0.82463,0.79383,12,43,-43
D_blurpool_s1,D_blurpool,04,closing,0.25,1,0.82436,0.79377,8,47,-47
D_blurpool_s1,D_blurpool,04,closing,0.5,1,0.82436,0.79377,8,47,-47
D_blurpool_s1,D_blurpool,04,closing,0.75,2,0.82236,0.7926,5,43,-43
D_blurpool_s1,D_blurpool,04,closing,1.0,3,0.81552,0.78649,5,41,-41
D_blurpool_s1,D_blurpool,04,closing,1.5,4,0.80635,0.77863,5,41,-41
D_blurpool_s1,D_blurpool,04,closing,2.0,6,0.76073,0.75021,4,41,-41
D_blurpool_s1,D_blurpool,04,bridge_only,0.0,0,0.82463,0.79383,12,43,-43
D_blurpool_s1,D_blurpool,04,bridge_only,0.25,1,0.82447,0.79367,8,43,-43
D_blurpool_s1,D_blurpool,04,bridge_only,0.5,1,0.82447,0.79367,8,43,-43
D_blurpool_s1,D_blurpool,04,bridge_only,0.75,2,0.82328,0.79295,5,39,-39
D_blurpool_s1,D_blurpool,04,bridge_only,1.0,3,0.8193,0.78993,5,39,-39
D_blurpool_s1,D_blurpool,04,bridge_only,1.5,4,0.81371,0.78479,5,38,-38
D_blurpool_s1,D_blurpool,04,bridge_only,2.0,6,0.7836,0.76904,4,36,-36
D_blurpool_s1,D_blurpool,05,closing,0.0,0,0.80337,0.77697,17,40,-40
D_blurpool_s1,D_blurpool,05,closing,0.25,1,0.80415,0.77666,14,36,-36
D_blurpool_s1,D_blurpool,05,closing,0.5,1,0.80415,0.77666,14,36,-36
D_blurpool_s1,D_blurpool,05,closing,0.75,2,0.80151,0.77285,11,43,-43
D_blurpool_s1,D_blurpool,05,closing,1.0,3,0.79498,0.76826,10,47,-47
D_blurpool_s1,D_blurpool,05,closing,1.5,4,0.78248,0.75969,11,45,-45
D_blurpool_s1,D_blurpool,05,closing,2.0,6,0.74542,0.73822,4,45,-45
D_blurpool_s1,D_blurpool,05,bridge_only,0.0,0,0.80337,0.77697,17,40,-40
D_blurpool_s1,D_blurpool,05,bridge_only,0.25,1,0.80372,0.77699,15,37,-37
D_blurpool_s1,D_blurpool,05,bridge_only,0.5,1,0.80372,0.77699,15,37,-37
D_blurpool_s1,D_blurpool,05,bridge_only,0.75,2,0.80292,0.77478,12,39,-39
D_blurpool_s1,D_blurpool,05,bridge_only,1.0,3,0.79966,0.77164,11,39,-39
D_blurpool_s1,D_blurpool,05,bridge_only,1.5,4,0.79217,0.76575,12,38,-38
D_blurpool_s1,D_blurpool,05,bridge_only,2.0,6,0.76896,0.75243,7,37,-37
D_blurpool_s1,D_blurpool,06,closing,0.0,0,0.79949,0.76505,22,45,-45
D_blurpool_s1,D_blurpool,06,closing,0.25,1,0.79982,0.7655,18,49,-49
D_blurpool_s1,D_blurpool,06,closing,0.5,1,0.79982,0.7655,18,49,-49
D_blurpool_s1,D_blurpool,06,closing,0.75,2,0.79646,0.76298,12,46,-46
D_blurpool_s1,D_blurpool,06,closing,1.0,3,0.78873,0.75465,8,48,-48
D_blurpool_s1,D_blurpool,06,closing,1.5,4,0.77824,0.74588,5,48,-48
D_blurpool_s1,D_blurpool,06,closing,2.0,6,0.7367,0.71889,3,50,-50
D_blurpool_s1,D_blurpool,06,bridge_only,0.0,0,0.79949,0.76505,22,45,-45
D_blurpool_s1,D_blurpool,06,bridge_only,0.25,1,0.79944,0.76507,20,43,-43
D_blurpool_s1,D_blurpool,06,bridge_only,0.5,1,0.79944,0.76507,20,43,-43
D_blurpool_s1,D_blurpool,06,bridge_only,0.75,2,0.79727,0.76469,14,39,-39
D_blurpool_s1,D_blurpool,06,bridge_only,1.0,3,0.79183,0.75938,11,41,-41
D_blurpool_s1,D_blurpool,06,bridge_only,1.5,4,0.78559,0.75507,9,39,-39
D_blurpool_s1,D_blurpool,06,bridge_only,2.0,6,0.75615,0.73898,7,42,-42
D_blurpool_s1,D_blurpool,07,closing,0.0,0,0.80816,0.78928,14,48,-48
D_blurpool_s1,D_blurpool,07,closing,0.25,1,0.80852,0.79052,14,54,-54
D_blurpool_s1,D_blurpool,07,closing,0.5,1,0.80852,0.79052,14,54,-54
D_blurpool_s1,D_blurpool,07,closing,0.75,2,0.80684,0.78851,14,51,-51
D_blurpool_s1,D_blurpool,07,closing,1.0,3,0.79957,0.78296,13,50,-50
D_blurpool_s1,D_blurpool,07,closing,1.5,4,0.78812,0.77393,11,52,-52
D_blurpool_s1,D_blurpool,07,closing,2.0,6,0.74986,0.73997,11,55,-55
D_blurpool_s1,D_blurpool,07,bridge_only,0.0,0,0.80816,0.78928,14,48,-48
D_blurpool_s1,D_blurpool,07,bridge_only,0.25,1,0.80843,0.79012,14,47,-47
D_blurpool_s1,D_blurpool,07,bridge_only,0.5,1,0.80843,0.79012,14,47,-47
D_blurpool_s1,D_blurpool,07,bridge_only,0.75,2,0.80813,0.79021,14,47,-47
D_blurpool_s1,D_blurpool,07,bridge_only,1.0,3,0.80478,0.78852,13,46,-46
D_blurpool_s1,D_blurpool,07,bridge_only,1.5,4,0.80044,0.78484,11,46,-46
D_blurpool_s1,D_blurpool,07,bridge_only,2.0,6,0.77885,0.77155,10,45,-45
D_blurpool_s1,D_blurpool,08,closing,0.0,0,0.78487,0.76346,26,40,-40
D_blurpool_s1,D_blurpool,08,closing,0.25,1,0.78478,0.76302,26,53,-53
D_blurpool_s1,D_blurpool,08,closing,0.5,1,0.78478,0.76302,26,53,-53
D_blurpool_s1,D_blurpool,08,closing,0.75,2,0.78438,0.76225,23,54,-54
D_blurpool_s1,D_blurpool,08,closing,1.0,3,0.77949,0.75579,19,53,-53
D_blurpool_s1,D_blurpool,08,closing,1.5,4,0.77203,0.74851,15,54,-54
D_blurpool_s1,D_blurpool,08,closing,2.0,6,0.73539,0.72072,13,54,-54
D_blurpool_s1,D_blurpool,08,bridge_only,0.0,0,0.78487,0.76346,26,40,-40
D_blurpool_s1,D_blurpool,08,bridge_only,0.25,1,0.78506,0.76426,26,39,-39
D_blurpool_s1,D_blurpool,08,bridge_only,0.5,1,0.78506,0.76426,26,39,-39
D_blurpool_s1,D_blurpool,08,bridge_only,0.75,2,0.7849,0.76408,23,37,-37
D_blurpool_s1,D_blurpool,08,bridge_only,1.0,3,0.78144,0.75891,19,36,-36
D_blurpool_s1,D_blurpool,08,bridge_only,1.5,4,0.77636,0.75461,15,36,-36
D_blurpool_s1,D_blurpool,08,bridge_only,2.0,6,0.74655,0.73617,13,36,-36
D_blurpool_s1,D_blurpool,09,closing,0.0,0,0.79042,0.77591,20,31,-31
D_blurpool_s1,D_blurpool,09,closing,0.25,1,0.7916,0.77444,17,33,-33
D_blurpool_s1,D_blurpool,09,closing,0.5,1,0.7916,0.77444,17,33,-33
D_blurpool_s1,D_blurpool,09,closing,0.75,2,0.78968,0.7731,13,33,-33
D_blurpool_s1,D_blurpool,09,closing,1.0,3,0.78307,0.76414,11,34,-34
D_blurpool_s1,D_blurpool,09,closing,1.5,4,0.77481,0.75772,9,36,-36
D_blurpool_s1,D_blurpool,09,closing,2.0,6,0.73773,0.72962,3,32,-32
D_blurpool_s1,D_blurpool,09,bridge_only,0.0,0,0.79042,0.77591,20,31,-31
D_blurpool_s1,D_blurpool,09,bridge_only,0.25,1,0.79053,0.77551,17,30,-30
D_blurpool_s1,D_blurpool,09,bridge_only,0.5,1,0.79053,0.77551,17,30,-30
D_blurpool_s1,D_blurpool,09,bridge_only,0.75,2,0.78998,0.77718,14,29,-29
D_blurpool_s1,D_blurpool,09,bridge_only,1.0,3,0.78718,0.77408,12,27,-27
D_blurpool_s1,D_blurpool,09,bridge_only,1.5,4,0.78184,0.77105,10,28,-28
D_blurpool_s1,D_blurpool,09,bridge_only,2.0,6,0.75604,0.75383,4,25,-25
D_blurpool_s1,D_blurpool,10,closing,0.0,0,0.79879,0.7723,20,53,-53
D_blurpool_s1,D_blurpool,10,closing,0.25,1,0.79891,0.77275,15,60,-60
D_blurpool_s1,D_blurpool,10,closing,0.5,1,0.79891,0.77275,15,60,-60
D_blurpool_s1,D_blurpool,10,closing,0.75,2,0.79618,0.76754,13,60,-60
D_blurpool_s1,D_blurpool,10,closing,1.0,3,0.78224,0.75374,11,64,-64
D_blurpool_s1,D_blurpool,10,closing,1.5,4,0.76872,0.74144,6,65,-65
D_blurpool_s1,D_blurpool,10,closing,2.0,6,0.71378,0.69522,5,69,-69
D_blurpool_s1,D_blurpool,10,bridge_only,0.0,0,0.79879,0.7723,20,53,-53
D_blurpool_s1,D_blurpool,10,bridge_only,0.25,1,0.79911,0.77333,15,52,-52
D_blurpool_s1,D_blurpool,10,bridge_only,0.5,1,0.79911,0.77333,15,52,-52
D_blurpool_s1,D_blurpool,10,bridge_only,0.75,2,0.799,0.77248,13,52,-52
D_blurpool_s1,D_blurpool,10,bridge_only,1.0,3,0.794,0.7677,11,52,-52
D_blurpool_s1,D_blurpool,10,bridge_only,1.5,4,0.78764,0.76235,8,52,-52
D_blurpool_s1,D_blurpool,10,bridge_only,2.0,6,0.75778,0.74157,8,48,-48
D_blurpool_s1,D_blurpool,11,closing,0.0,0,0.80429,0.77024,25,59,-59
D_blurpool_s1,D_blurpool,11,closing,0.25,1,0.80304,0.76958,22,70,-70
D_blurpool_s1,D_blurpool,11,closing,0.5,1,0.80304,0.76958,22,70,-70
D_blurpool_s1,D_blurpool,11,closing,0.75,2,0.79579,0.76336,15,76,-76
D_blurpool_s1,D_blurpool,11,closing,1.0,3,0.78361,0.75125,8,76,-76
D_blurpool_s1,D_blurpool,11,closing,1.5,4,0.76787,0.73921,5,76,-76
D_blurpool_s1,D_blurpool,11,closing,2.0,6,0.72083,0.70913,3,76,-76
D_blurpool_s1,D_blurpool,11,bridge_only,0.0,0,0.80429,0.77024,25,59,-59
D_blurpool_s1,D_blurpool,11,bridge_only,0.25,1,0.80415,0.77039,22,57,-57
D_blurpool_s1,D_blurpool,11,bridge_only,0.5,1,0.80415,0.77039,22,57,-57
D_blurpool_s1,D_blurpool,11,bridge_only,0.75,2,0.80171,0.77079,20,56,-56
D_blurpool_s1,D_blurpool,11,bridge_only,1.0,3,0.7963,0.76621,15,55,-55
D_blurpool_s1,D_blurpool,11,bridge_only,1.5,4,0.78864,0.76104,14,55,-55
D_blurpool_s1,D_blurpool,11,bridge_only,2.0,6,0.76841,0.7507,14,57,-57
D_blurpool_s1,D_blurpool,12,closing,0.0,0,0.81306,0.83193,24,28,-28
D_blurpool_s1,D_blurpool,12,closing,0.25,1,0.81324,0.83209,22,36,-36
D_blurpool_s1,D_blurpool,12,closing,0.5,1,0.81324,0.83209,22,36,-36
D_blurpool_s1,D_blurpool,12,closing,0.75,2,0.8104,0.82928,17,37,-37
D_blurpool_s1,D_blurpool,12,closing,1.0,3,0.79986,0.81834,15,32,-32
D_blurpool_s1,D_blurpool,12,closing,1.5,4,0.7822,0.80244,11,30,-30
D_blurpool_s1,D_blurpool,12,closing,2.0,6,0.72026,0.74576,6,37,-37
D_blurpool_s1,D_blurpool,12,bridge_only,0.0,0,0.81306,0.83193,24,28,-28
D_blurpool_s1,D_blurpool,12,bridge_only,0.25,1,0.81322,0.83245,23,28,-28
D_blurpool_s1,D_blurpool,12,bridge_only,0.5,1,0.81322,0.83245,23,28,-28
D_blurpool_s1,D_blurpool,12,bridge_only,0.75,2,0.81183,0.83131,19,28,-28
D_blurpool_s1,D_blurpool,12,bridge_only,1.0,3,0.80615,0.82504,17,23,-23
D_blurpool_s1,D_blurpool,12,bridge_only,1.5,4,0.79579,0.81656,15,23,-23
D_blurpool_s1,D_blurpool,12,bridge_only,2.0,6,0.76653,0.79625,12,24,-24
D_blurpool_s1,D_blurpool,13,closing,0.0,0,0.812,0.7907,23,43,-43
D_blurpool_s1,D_blurpool,13,closing,0.25,1,0.81177,0.79103,17,43,-43
D_blurpool_s1,D_blurpool,13,closing,0.5,1,0.81177,0.79103,17,43,-43
D_blurpool_s1,D_blurpool,13,closing,0.75,2,0.80801,0.78707,14,42,-42
D_blurpool_s1,D_blurpool,13,closing,1.0,3,0.79764,0.77633,12,44,-44
D_blurpool_s1,D_blurpool,13,closing,1.5,4,0.78354,0.76488,10,45,-45
D_blurpool_s1,D_blurpool,13,closing,2.0,6,0.73343,0.73084,7,47,-47
D_blurpool_s1,D_blurpool,13,bridge_only,0.0,0,0.812,0.7907,23,43,-43
D_blurpool_s1,D_blurpool,13,bridge_only,0.25,1,0.81174,0.7911,18,40,-40
D_blurpool_s1,D_blurpool,13,bridge_only,0.5,1,0.81174,0.7911,18,40,-40
D_blurpool_s1,D_blurpool,13,bridge_only,0.75,2,0.80986,0.78931,15,37,-37
D_blurpool_s1,D_blurpool,13,bridge_only,1.0,3,0.80456,0.78432,13,38,-38
D_blurpool_s1,D_blurpool,13,bridge_only,1.5,4,0.79498,0.77796,11,38,-38
D_blurpool_s1,D_blurpool,13,bridge_only,2.0,6,0.75562,0.75867,8,37,-37
D_blurpool_s1,D_blurpool,14,closing,0.0,0,0.81588,0.82704,23,21,-21
D_blurpool_s1,D_blurpool,14,closing,0.25,1,0.81475,0.82669,17,25,-25
D_blurpool_s1,D_blurpool,14,closing,0.5,1,0.81475,0.82669,17,25,-25
D_blurpool_s1,D_blurpool,14,closing,0.75,2,0.81003,0.82264,15,23,-23
D_blurpool_s1,D_blurpool,14,closing,1.0,3,0.79702,0.81059,14,22,-22
D_blurpool_s1,D_blurpool,14,closing,1.5,4,0.78268,0.7984,13,19,-19
D_blurpool_s1,D_blurpool,14,closing,2.0,6,0.72938,0.75812,10,21,-21
D_blurpool_s1,D_blurpool,14,bridge_only,0.0,0,0.81588,0.82704,23,21,-21
D_blurpool_s1,D_blurpool,14,bridge_only,0.25,1,0.81586,0.82735,21,21,-21
D_blurpool_s1,D_blurpool,14,bridge_only,0.5,1,0.81586,0.82735,21,21,-21
D_blurpool_s1,D_blurpool,14,bridge_only,0.75,2,0.81518,0.82729,20,21,-21
D_blurpool_s1,D_blurpool,14,bridge_only,1.0,3,0.81225,0.82577,19,19,-19
D_blurpool_s1,D_blurpool,14,bridge_only,1.5,4,0.80782,0.82324,19,19,-19
D_blurpool_s1,D_blurpool,14,bridge_only,2.0,6,0.79209,0.81218,19,18,-18
D_blurpool_s1,D_blurpool,15,closing,0.0,0,0.79922,0.82974,21,20,-20
D_blurpool_s1,D_blurpool,15,closing,0.25,1,0.79806,0.83038,20,23,-23
D_blurpool_s1,D_blurpool,15,closing,0.5,1,0.79806,0.83038,20,23,-23
D_blurpool_s1,D_blurpool,15,closing,0.75,2,0.79292,0.82544,18,21,-21
D_blurpool_s1,D_blurpool,15,closing,1.0,3,0.7735,0.80492,11,17,-17
D_blurpool_s1,D_blurpool,15,closing,1.5,4,0.75385,0.78327,9,22,-22
D_blurpool_s1,D_blurpool,15,closing,2.0,6,0.68386,0.72987,9,19,-19
D_blurpool_s1,D_blurpool,15,bridge_only,0.0,0,0.79922,0.82974,21,20,-20
D_blurpool_s1,D_blurpool,15,bridge_only,0.25,1,0.79835,0.8297,20,20,-20
D_blurpool_s1,D_blurpool,15,bridge_only,0.5,1,0.79835,0.8297,20,20,-20
D_blurpool_s1,D_blurpool,15,bridge_only,0.75,2,0.79617,0.82897,18,19,-19
D_blurpool_s1,D_blurpool,15,bridge_only,1.0,3,0.78606,0.81952,11,16,-16
D_blurpool_s1,D_blurpool,15,bridge_only,1.5,4,0.77573,0.8124,9,13,-13
D_blurpool_s1,D_blurpool,15,bridge_only,2.0,6,0.72249,0.77451,9,10,-10
D_blurpool_s1,D_blurpool,16,closing,0.0,0,0.83069,0.87237,20,10,-10
D_blurpool_s1,D_blurpool,16,closing,0.25,1,0.82888,0.87143,16,18,-18
D_blurpool_s1,D_blurpool,16,closing,0.5,1,0.82888,0.87143,16,18,-18
D_blurpool_s1,D_blurpool,16,closing,0.75,2,0.82422,0.86795,14,20,-20
D_blurpool_s1,D_blurpool,16,closing,1.0,3,0.80825,0.85364,12,18,-18
D_blurpool_s1,D_blurpool,16,closing,1.5,4,0.79562,0.84428,10,20,-20
D_blurpool_s1,D_blurpool,16,closing,2.0,6,0.75147,0.80922,3,23,-23
D_blurpool_s1,D_blurpool,16,bridge_only,0.0,0,0.83069,0.87237,20,10,-10
D_blurpool_s1,D_blurpool,16,bridge_only,0.25,1,0.83027,0.8723,17,9,-9
D_blurpool_s1,D_blurpool,16,bridge_only,0.5,1,0.83027,0.8723,17,9,-9
D_blurpool_s1,D_blurpool,16,bridge_only,0.75,2,0.82812,0.87153,15,10,-10
D_blurpool_s1,D_blurpool,16,bridge_only,1.0,3,0.82019,0.86466,13,6,-6
D_blurpool_s1,D_blurpool,16,bridge_only,1.5,4,0.81323,0.86017,12,5,-5
D_blurpool_s1,D_blurpool,16,bridge_only,2.0,6,0.78354,0.8359,6,5,-5
D_blurpool_s1,D_blurpool,17,closing,0.0,0,0.80369,0.82494,25,13,-13
D_blurpool_s1,D_blurpool,17,closing,0.25,1,0.80469,0.82617,23,31,-31
D_blurpool_s1,D_blurpool,17,closing,0.5,1,0.80469,0.82617,23,31,-31
D_blurpool_s1,D_blurpool,17,closing,0.75,2,0.80347,0.8229,16,29,-29
D_blurpool_s1,D_blurpool,17,closing,1.0,3,0.79623,0.816,14,33,-33
D_blurpool_s1,D_blurpool,17,closing,1.5,4,0.7863,0.80922,13,35,-35
D_blurpool_s1,D_blurpool,17,closing,2.0,6,0.73947,0.77983,10,33,-33
D_blurpool_s1,D_blurpool,17,bridge_only,0.0,0,0.80369,0.82494,25,13,-13
D_blurpool_s1,D_blurpool,17,bridge_only,0.25,1,0.80412,0.82635,24,12,-12
D_blurpool_s1,D_blurpool,17,bridge_only,0.5,1,0.80412,0.82635,24,12,-12
D_blurpool_s1,D_blurpool,17,bridge_only,0.75,2,0.80357,0.82483,17,8,-8
D_blurpool_s1,D_blurpool,17,bridge_only,1.0,3,0.79861,0.82025,15,9,-9
D_blurpool_s1,D_blurpool,17,bridge_only,1.5,4,0.78959,0.81445,14,9,-9
D_blurpool_s1,D_blurpool,17,bridge_only,2.0,6,0.74972,0.78745,11,6,-6
D_blurpool_s1,D_blurpool,18,closing,0.0,0,0.81183,0.86891,20,2,-2
D_blurpool_s1,D_blurpool,18,closing,0.25,1,0.80939,0.86411,16,10,-10
D_blurpool_s1,D_blurpool,18,closing,0.5,1,0.80939,0.86411,16,10,-10
D_blurpool_s1,D_blurpool,18,closing,0.75,2,0.80347,0.85632,16,20,-20
D_blurpool_s1,D_blurpool,18,closing,1.0,3,0.79135,0.84345,8,23,-23
D_blurpool_s1,D_blurpool,18,closing,1.5,4,0.77621,0.83481,6,22,-22
D_blurpool_s1,D_blurpool,18,closing,2.0,6,0.73456,0.8079,2,20,-20
D_blurpool_s1,D_blurpool,18,bridge_only,0.0,0,0.81183,0.86891,20,2,-2
D_blurpool_s1,D_blurpool,18,bridge_only,0.25,1,0.81153,0.86896,16,0,0
D_blurpool_s1,D_blurpool,18,bridge_only,0.5,1,0.81153,0.86896,16,0,0
D_blurpool_s1,D_blurpool,18,bridge_only,0.75,2,0.80924,0.8683,16,1,-1
D_blurpool_s1,D_blurpool,18,bridge_only,1.0,3,0.8044,0.86277,8,0,0
D_blurpool_s1,D_blurpool,18,bridge_only,1.5,4,0.79527,0.85594,6,2,2
D_blurpool_s1,D_blurpool,18,bridge_only,2.0,6,0.76061,0.83255,3,3,3
D_blurpool_s1,D_blurpool,19,closing,0.0,0,0.83917,0.88052,17,3,-3
D_blurpool_s1,D_blurpool,19,closing,0.25,1,0.83698,0.87808,13,9,-9
D_blurpool_s1,D_blurpool,19,closing,0.5,1,0.83698,0.87808,13,9,-9
D_blurpool_s1,D_blurpool,19,closing,0.75,2,0.82749,0.87153,10,9,-9
D_blurpool_s1,D_blurpool,19,closing,1.0,3,0.81045,0.85796,9,7,-7
D_blurpool_s1,D_blurpool,19,closing,1.5,4,0.79024,0.83967,7,8,-8
D_blurpool_s1,D_blurpool,19,closing,2.0,6,0.73063,0.80175,3,14,-14
D_blurpool_s1,D_blurpool,19,bridge_only,0.0,0,0.83917,0.88052,17,3,-3
D_blurpool_s1,D_blurpool,19,bridge_only,0.25,1,0.83814,0.87927,14,0,0
D_blurpool_s1,D_blurpool,19,bridge_only,0.5,1,0.83814,0.87927,14,0,0
D_blurpool_s1,D_blurpool,19,bridge_only,0.75,2,0.83253,0.87468,11,0,0
D_blurpool_s1,D_blurpool,19,bridge_only,1.0,3,0.82356,0.86681,10,3,3
D_blurpool_s1,D_blurpool,19,bridge_only,1.5,4,0.81197,0.85678,8,2,2
D_blurpool_s1,D_blurpool,19,bridge_only,2.0,6,0.77711,0.83856,4,2,2
D_blurpool_s1,D_blurpool,20,closing,0.0,0,0.79567,0.84261,31,4,-4
D_blurpool_s1,D_blurpool,20,closing,0.25,1,0.79393,0.84111,27,13,-13
D_blurpool_s1,D_blurpool,20,closing,0.5,1,0.79393,0.84111,27,13,-13
D_blurpool_s1,D_blurpool,20,closing,0.75,2,0.78655,0.83269,21,9,-9
D_blurpool_s1,D_blurpool,20,closing,1.0,3,0.77052,0.81396,16,10,-10
D_blurpool_s1,D_blurpool,20,closing,1.5,4,0.75147,0.79686,12,15,-15
D_blurpool_s1,D_blurpool,20,closing,2.0,6,0.70276,0.76299,9,15,-15
D_blurpool_s1,D_blurpool,20,bridge_only,0.0,0,0.79567,0.84261,31,4,-4
D_blurpool_s1,D_blurpool,20,bridge_only,0.25,1,0.7952,0.84298,28,3,-3
D_blurpool_s1,D_blurpool,20,bridge_only,0.5,1,0.7952,0.84298,28,3,-3
D_blurpool_s1,D_blurpool,20,bridge_only,0.75,2,0.79305,0.84086,23,1,-1
D_blurpool_s1,D_blurpool,20,bridge_only,1.0,3,0.78797,0.83745,21,0,0
D_blurpool_s1,D_blurpool,20,bridge_only,1.5,4,0.78045,0.83409,18,1,-1
D_blurpool_s1,D_blurpool,20,bridge_only,2.0,6,0.74921,0.81462,15,2,2
A_dice_s2,A_dice,01,closing,0.0,0,0.81997,0.84954,23,29,-29
A_dice_s2,A_dice,01,closing,0.25,1,0.81805,0.84594,16,29,-29
A_dice_s2,A_dice,01,closing,0.5,1,0.81805,0.84594,16,29,-29
A_dice_s2,A_dice,01,closing,0.75,2,0.81272,0.83868,14,27,-27
A_dice_s2,A_dice,01,closing,1.0,3,0.79745,0.82281,7,21,-21
A_dice_s2,A_dice,01,closing,1.5,4,0.7756,0.80067,2,24,-24
A_dice_s2,A_dice,01,closing,2.0,6,0.71704,0.74892,3,25,-25
A_dice_s2,A_dice,01,bridge_only,0.0,0,0.81997,0.84954,23,29,-29
A_dice_s2,A_dice,01,bridge_only,0.25,1,0.81977,0.84949,18,29,-29
A_dice_s2,A_dice,01,bridge_only,0.5,1,0.81977,0.84949,18,29,-29
A_dice_s2,A_dice,01,bridge_only,0.75,2,0.81828,0.84875,17,25,-25
A_dice_s2,A_dice,01,bridge_only,1.0,3,0.81131,0.84105,15,18,-18
A_dice_s2,A_dice,01,bridge_only,1.5,4,0.80088,0.83145,11,19,-19
A_dice_s2,A_dice,01,bridge_only,2.0,6,0.76768,0.80921,9,19,-19
A_dice_s2,A_dice,02,closing,0.0,0,0.84565,0.85186,20,4,-4
A_dice_s2,A_dice,02,closing,0.25,1,0.84499,0.84965,17,22,-22
A_dice_s2,A_dice,02,closing,0.5,1,0.84499,0.84965,17,22,-22
A_dice_s2,A_dice,02,closing,0.75,2,0.8385,0.84327,12,20,-20
A_dice_s2,A_dice,02,closing,1.0,3,0.82569,0.82991,9,21,-21
A_dice_s2,A_dice,02,closing,1.5,4,0.8079,0.81311,8,23,-23
A_dice_s2,A_dice,02,closing,2.0,6,0.75217,0.7672,6,25,-25
A_dice_s2,A_dice,02,bridge_only,0.0,0,0.84565,0.85186,20,4,-4
A_dice_s2,A_dice,02,bridge_only,0.25,1,0.84532,0.85207,19,4,-4
A_dice_s2,A_dice,02,bridge_only,0.5,1,0.84532,0.85207,19,4,-4
A_dice_s2,A_dice,02,bridge_only,0.75,2,0.84149,0.84964,14,0,0
A_dice_s2,A_dice,02,bridge_only,1.0,3,0.8351,0.84377,11,1,-1
A_dice_s2,A_dice,02,bridge_only,1.5,4,0.82546,0.83726,10,0,0
A_dice_s2,A_dice,02,bridge_only,2.0,6,0.7922,0.8142,9,1,1
A_dice_s2,A_dice,03,closing,0.0,0,0.78711,0.77941,32,38,-38
A_dice_s2,A_dice,03,closing,0.25,1,0.78939,0.78133,28,50,-50
A_dice_s2,A_dice,03,closing,0.5,1,0.78939,0.78133,28,50,-50
A_dice_s2,A_dice,03,closing,0.75,2,0.79215,0.78174,23,53,-53
A_dice_s2,A_dice,03,closing,1.0,3,0.78914,0.77756,20,51,-51
A_dice_s2,A_dice,03,closing,1.5,4,0.78131,0.7706,12,48,-48
A_dice_s2,A_dice,03,closing,2.0,6,0.7506,0.74222,7,53,-53
A_dice_s2,A_dice,03,bridge_only,0.0,0,0.78711,0.77941,32,38,-38
A_dice_s2,A_dice,03,bridge_only,0.25,1,0.78774,0.78013,29,37,-37
A_dice_s2,A_dice,03,bridge_only,0.5,1,0.78774,0.78013,29,37,-37
A_dice_s2,A_dice,03,bridge_only,0.75,2,0.78969,0.78154,26,36,-36
A_dice_s2,A_dice,03,bridge_only,1.0,3,0.78818,0.77888,25,37,-37
A_dice_s2,A_dice,03,bridge_only,1.5,4,0.78296,0.77348,18,36,-36
A_dice_s2,A_dice,03,bridge_only,2.0,6,0.76482,0.76128,13,34,-34
A_dice_s2,A_dice,04,closing,0.0,0,0.82216,0.79396,14,50,-50
A_dice_s2,A_dice,04,closing,0.25,1,0.82192,0.79403,12,47,-47
A_dice_s2,A_dice,04,closing,0.5,1,0.82192,0.79403,12,47,-47
A_dice_s2,A_dice,04,closing,0.75,2,0.82017,0.79384,10,46,-46
A_dice_s2,A_dice,04,closing,1.0,3,0.81327,0.78536,9,42,-42
A_dice_s2,A_dice,04,closing,1.5,4,0.80493,0.78022,10,39,-39
A_dice_s2,A_dice,04,closing,2.0,6,0.75783,0.74805,7,36,-36
A_dice_s2,A_dice,04,bridge_only,0.0,0,0.82216,0.79396,14,50,-50
A_dice_s2,A_dice,04,bridge_only,0.25,1,0.82201,0.79434,13,47,-47
A_dice_s2,A_dice,04,bridge_only,0.5,1,0.82201,0.79434,13,47,-47
A_dice_s2,A_dice,04,bridge_only,0.75,2,0.82111,0.79466,11,45,-45
A_dice_s2,A_dice,04,bridge_only,1.0,3,0.81676,0.79009,10,44,-44
A_dice_s2,A_dice,04,bridge_only,1.5,4,0.81205,0.7873,11,43,-43
A_dice_s2,A_dice,04,bridge_only,2.0,6,0.77965,0.76833,9,41,-41
A_dice_s2,A_dice,05,closing,0.0,0,0.79957,0.78049,17,38,-38
A_dice_s2,A_dice,05,closing,0.25,1,0.80051,0.78036,13,39,-39
A_dice_s2,A_dice,05,closing,0.5,1,0.80051,0.78036,13,39,-39
A_dice_s2,A_dice,05,closing,0.75,2,0.79792,0.7791,12,42,-42
A_dice_s2,A_dice,05,closing,1.0,3,0.79313,0.7745,8,43,-43
A_dice_s2,A_dice,05,closing,1.5,4,0.7809,0.76745,7,43,-43
A_dice_s2,A_dice,05,closing,2.0,6,0.7454,0.74509,6,44,-44
A_dice_s2,A_dice,05,bridge_only,0.0,0,0.79957,0.78049,17,38,-38
A_dice_s2,A_dice,05,bridge_only,0.25,1,0.79987,0.78038,14,38,-38
A_dice_s2,A_dice,05,bridge_only,0.5,1,0.79987,0.78038,14,38,-38
A_dice_s2,A_dice,05,bridge_only,0.75,2,0.79883,0.77865,14,37,-37
A_dice_s2,A_dice,05,bridge_only,1.0,3,0.79632,0.77579,12,36,-36
A_dice_s2,A_dice,05,bridge_only,1.5,4,0.78949,0.77247,12,36,-36
A_dice_s2,A_dice,05,bridge_only,2.0,6,0.76542,0.75745,12,36,-36
A_dice_s2,A_dice,06,closing,0.0,0,0.7943,0.77166,29,41,-41
A_dice_s2,A_dice,06,closing,0.25,1,0.79452,0.77247,23,48,-48
A_dice_s2,A_dice,06,closing,0.5,1,0.79452,0.77247,23,48,-48
A_dice_s2,A_dice,06,closing,0.75,2,0.79205,0.76963,14,43,-43
A_dice_s2,A_dice,06,closing,1.0,3,0.78238,0.75789,12,45,-45
A_dice_s2,A_dice,06,closing,1.5,4,0.77166,0.74927,11,42,-42
A_dice_s2,A_dice,06,closing,2.0,6,0.72724,0.71964,7,45,-45
A_dice_s2,A_dice,06,bridge_only,0.0,0,0.7943,0.77166,29,41,-41
A_dice_s2,A_dice,06,bridge_only,0.25,1,0.79422,0.77158,24,41,-41
A_dice_s2,A_dice,06,bridge_only,0.5,1,0.79422,0.77158,24,41,-41
A_dice_s2,A_dice,06,bridge_only,0.75,2,0.79231,0.76989,17,35,-35
A_dice_s2,A_dice,06,bridge_only,1.0,3,0.78633,0.76307,16,37,-37
A_dice_s2,A_dice,06,bridge_only,1.5,4,0.77989,0.7591,15,34,-34
A_dice_s2,A_dice,06,bridge_only,2.0,6,0.74976,0.74433,12,35,-35
A_dice_s2,A_dice,07,closing,0.0,0,0.8076,0.80236,20,51,-51
A_dice_s2,A_dice,07,closing,0.25,1,0.80803,0.80297,17,53,-53
A_dice_s2,A_dice,07,closing,0.5,1,0.80803,0.80297,17,53,-53
A_dice_s2,A_dice,07,closing,0.75,2,0.80636,0.80131,13,51,-51
A_dice_s2,A_dice,07,closing,1.0,3,0.79847,0.79443,11,51,-51
A_dice_s2,A_dice,07,closing,1.5,4,0.78821,0.78633,11,53,-53
A_dice_s2,A_dice,07,closing,2.0,6,0.7513,0.75581,9,56,-56
A_dice_s2,A_dice,07,bridge_only,0.0,0,0.8076,0.80236,20,51,-51
A_dice_s2,A_dice,07,bridge_only,0.25,1,0.80785,0.80292,17,51,-51
A_dice_s2,A_dice,07,bridge_only,0.5,1,0.80785,0.80292,17,51,-51
A_dice_s2,A_dice,07,bridge_only,0.75,2,0.80783,0.80294,13,50,-50
A_dice_s2,A_dice,07,bridge_only,1.0,3,0.80451,0.80053,12,49,-49
A_dice_s2,A_dice,07,bridge_only,1.5,4,0.79975,0.79754,12,50,-50
A_dice_s2,A_dice,07,bridge_only,2.0,6,0.77991,0.78644,11,49,-49
A_dice_s2,A_dice,08,closing,0.0,0,0.7858,0.77745,29,31,-31
A_dice_s2,A_dice,08,closing,0.25,1,0.78682,0.77726,23,49,-49
A_dice_s2,A_dice,08,closing,0.5,1,0.78682,0.77726,23,49,-49
A_dice_s2,A_dice,08,closing,0.75,2,0.78617,0.77475,18,52,-52
A_dice_s2,A_dice,08,closing,1.0,3,0.78387,0.77036,17,51,-51
A_dice_s2,A_dice,08,closing,1.5,4,0.7761,0.76186,16,51,-51
A_dice_s2,A_dice,08,closing,2.0,6,0.74013,0.73148,12,48,-48
A_dice_s2,A_dice,08,bridge_only,0.0,0,0.7858,0.77745,29,31,-31
A_dice_s2,A_dice,08,bridge_only,0.25,1,0.7865,0.7787,23,30,-30
A_dice_s2,A_dice,08,bridge_only,0.5,1,0.7865,0.7787,23,30,-30
A_dice_s2,A_dice,08,bridge_only,0.75,2,0.78569,0.77818,19,28,-28
A_dice_s2,A_dice,08,bridge_only,1.0,3,0.78501,0.77653,18,26,-26
A_dice_s2,A_dice,08,bridge_only,1.5,4,0.77891,0.77109,17,25,-25
A_dice_s2,A_dice,08,bridge_only,2.0,6,0.74974,0.75237,13,21,-21
A_dice_s2,A_dice,09,closing,0.0,0,0.7923,0.79577,28,29,-29
A_dice_s2,A_dice,09,closing,0.25,1,0.79326,0.79423,23,32,-32
A_dice_s2,A_dice,09,closing,0.5,1,0.79326,0.79423,23,32,-32
A_dice_s2,A_dice,09,closing,0.75,2,0.79125,0.79172,16,29,-29
A_dice_s2,A_dice,09,closing,1.0,3,0.78505,0.78482,15,28,-28
A_dice_s2,A_dice,09,closing,1.5,4,0.77517,0.77659,10,29,-29
A_dice_s2,A_dice,09,closing,2.0,6,0.73716,0.74369,4,29,-29
A_dice_s2,A_dice,09,bridge_only,0.0,0,0.7923,0.79577,28,29,-29
A_dice_s2,A_dice,09,bridge_only,0.25,1,0.79284,0.79612,23,28,-28
A_dice_s2,A_dice,09,bridge_only,0.5,1,0.79284,0.79612,23,28,-28
A_dice_s2,A_dice,09,bridge_only,0.75,2,0.79218,0.79487,16,28,-28
A_dice_s2,A_dice,09,bridge_only,1.0,3,0.78904,0.7942,15,25,-25
A_dice_s2,A_dice,09,bridge_only,1.5,4,0.78254,0.79013,10,23,-23
A_dice_s2,A_dice,09,bridge_only,2.0,6,0.7581,0.77127,4,21,-21
A_dice_s2,A_dice,10,closing,0.0,0,0.80311,0.78622,26,53,-53
A_dice_s2,A_dice,10,closing,0.25,1,0.80311,0.78598,22,59,-59
A_dice_s2,A_dice,10,closing,0.5,1,0.80311,0.78598,22,59,-59
A_dice_s2,A_dice,10,closing,0.75,2,0.79948,0.78113,20,59,-59
A_dice_s2,A_dice,10,closing,1.0,3,0.78401,0.7636,17,62,-62
A_dice_s2,A_dice,10,closing,1.5,4,0.7702,0.75086,11,64,-64
A_dice_s2,A_dice,10,closing,2.0,6,0.71224,0.69716,7,71,-71
A_dice_s2,A_dice,10,bridge_only,0.0,0,0.80311,0.78622,26,53,-53
A_dice_s2,A_dice,10,bridge_only,0.25,1,0.80329,0.78557,22,51,-51
A_dice_s2,A_dice,10,bridge_only,0.5,1,0.80329,0.78557,22,51,-51
A_dice_s2,A_dice,10,bridge_only,0.75,2,0.8016,0.78422,20,50,-50
A_dice_s2,A_dice,10,bridge_only,1.0,3,0.79578,0.77872,19,50,-50
A_dice_s2,A_dice,10,bridge_only,1.5,4,0.78952,0.77441,13,50,-50
A_dice_s2,A_dice,10,bridge_only,2.0,6,0.75166,0.7498,9,49,-49
A_dice_s2,A_dice,11,closing,0.0,0,0.80969,0.78632,24,55,-55
A_dice_s2,A_dice,11,closing,0.25,1,0.80822,0.78262,18,74,-74
A_dice_s2,A_dice,11,closing,0.5,1,0.80822,0.78262,18,74,-74
A_dice_s2,A_dice,11,closing,0.75,2,0.80284,0.77748,15,79,-79
A_dice_s2,A_dice,11,closing,1.0,3,0.78934,0.76515,8,76,-76
A_dice_s2,A_dice,11,closing,1.5,4,0.77357,0.75601,7,77,-77
A_dice_s2,A_dice,11,closing,2.0,6,0.73029,0.72739,4,77,-77
A_dice_s2,A_dice,11,bridge_only,0.0,0,0.80969,0.78632,24,55,-55
A_dice_s2,A_dice,11,bridge_only,0.25,1,0.80915,0.78565,19,55,-55
A_dice_s2,A_dice,11,bridge_only,0.5,1,0.80915,0.78565,19,55,-55
A_dice_s2,A_dice,11,bridge_only,0.75,2,0.80676,0.78502,16,53,-53
A_dice_s2,A_dice,11,bridge_only,1.0,3,0.79988,0.78051,13,50,-50
A_dice_s2,A_dice,11,bridge_only,1.5,4,0.79024,0.77593,11,50,-50
A_dice_s2,A_dice,11,bridge_only,2.0,6,0.76883,0.76368,10,51,-51
A_dice_s2,A_dice,12,closing,0.0,0,0.81728,0.83824,22,29,-29
A_dice_s2,A_dice,12,closing,0.25,1,0.81715,0.83807,19,30,-30
A_dice_s2,A_dice,12,closing,0.5,1,0.81715,0.83807,19,30,-30
A_dice_s2,A_dice,12,closing,0.75,2,0.813,0.83436,17,34,-34
A_dice_s2,A_dice,12,closing,1.0,3,0.80413,0.82327,15,32,-32
A_dice_s2,A_dice,12,closing,1.5,4,0.78676,0.80864,13,30,-30
A_dice_s2,A_dice,12,closing,2.0,6,0.726,0.75391,10,36,-36
A_dice_s2,A_dice,12,bridge_only,0.0,0,0.81728,0.83824,22,29,-29
A_dice_s2,A_dice,12,bridge_only,0.25,1,0.81702,0.83817,19,28,-28
A_dice_s2,A_dice,12,bridge_only,0.5,1,0.81702,0.83817,19,28,-28
A_dice_s2,A_dice,12,bridge_only,0.75,2,0.8153,0.83667,17,28,-28
A_dice_s2,A_dice,12,bridge_only,1.0,3,0.8093,0.82973,16,27,-27
A_dice_s2,A_dice,12,bridge_only,1.5,4,0.79923,0.82045,14,26,-26
A_dice_s2,A_dice,12,bridge_only,2.0,6,0.77184,0.79963,13,27,-27
A_dice_s2,A_dice,13,closing,0.0,0,0.81206,0.7959,20,41,-41
A_dice_s2,A_dice,13,closing,0.25,1,0.81196,0.79656,15,46,-46
A_dice_s2,A_dice,13,closing,0.5,1,0.81196,0.79656,15,46,-46
A_dice_s2,A_dice,13,closing,0.75,2,0.80813,0.79184,13,46,-46
A_dice_s2,A_dice,13,closing,1.0,3,0.79983,0.78142,13,49,-49
A_dice_s2,A_dice,13,closing,1.5,4,0.78641,0.7705,10,48,-48
A_dice_s2,A_dice,13,closing,2.0,6,0.7382,0.73882,7,45,-45
A_dice_s2,A_dice,13,bridge_only,0.0,0,0.81206,0.7959,20,41,-41
A_dice_s2,A_dice,13,bridge_only,0.25,1,0.81213,0.79595,16,40,-40
A_dice_s2,A_dice,13,bridge_only,0.5,1,0.81213,0.79595,16,40,-40
A_dice_s2,A_dice,13,bridge_only,0.75,2,0.80992,0.79313,14,39,-39
A_dice_s2,A_dice,13,bridge_only,1.0,3,0.80578,0.78906,14,40,-40
A_dice_s2,A_dice,13,bridge_only,1.5,4,0.7966,0.78214,11,38,-38
A_dice_s2,A_dice,13,bridge_only,2.0,6,0.7581,0.76331,9,32,-32
A_dice_s2,A_dice,14,closing,0.0,0,0.81858,0.82842,22,21,-21
A_dice_s2,A_dice,14,closing,0.25,1,0.81733,0.8269,14,21,-21
A_dice_s2,A_dice,14,closing,0.5,1,0.81733,0.8269,14,21,-21
A_dice_s2,A_dice,14,closing,0.75,2,0.81206,0.82129,12,18,-18
A_dice_s2,A_dice,14,closing,1.0,3,0.8005,0.80871,12,18,-18
A_dice_s2,A_dice,14,closing,1.5,4,0.78756,0.79849,9,18,-18
A_dice_s2,A_dice,14,closing,2.0,6,0.73731,0.75922,9,16,-16
A_dice_s2,A_dice,14,bridge_only,0.0,0,0.81858,0.82842,22,21,-21
A_dice_s2,A_dice,14,bridge_only,0.25,1,0.8186,0.82847,21,21,-21
A_dice_s2,A_dice,14,bridge_only,0.5,1,0.8186,0.82847,21,21,-21
A_dice_s2,A_dice,14,bridge_only,0.75,2,0.81837,0.82914,20,20,-20
A_dice_s2,A_dice,14,bridge_only,1.0,3,0.81627,0.82706,20,19,-19
A_dice_s2,A_dice,14,bridge_only,1.5,4,0.81399,0.82577,19,19,-19
A_dice_s2,A_dice,14,bridge_only,2.0,6,0.79641,0.81459,18,18,-18
A_dice_s2,A_dice,15,closing,0.0,0,0.80612,0.84034,26,21,-21
A_dice_s2,A_dice,15,closing,0.25,1,0.80464,0.83917,23,22,-22
A_dice_s2,A_dice,15,closing,0.5,1,0.80464,0.83917,23,22,-22
A_dice_s2,A_dice,15,closing,0.75,2,0.80043,0.83498,22,22,-22
A_dice_s2,A_dice,15,closing,1.0,3,0.78399,0.81743,21,17,-17
A_dice_s2,A_dice,15,closing,1.5,4,0.76251,0.79405,20,23,-23
A_dice_s2,A_dice,15,closing,2.0,6,0.69165,0.73796,15,20,-20
A_dice_s2,A_dice,15,bridge_only,0.0,0,0.80612,0.84034,26,21,-21
A_dice_s2,A_dice,15,bridge_only,0.25,1,0.80537,0.83993,23,21,-21
A_dice_s2,A_dice,15,bridge_only,0.5,1,0.80537,0.83993,23,21,-21
A_dice_s2,A_dice,15,bridge_only,0.75,2,0.80386,0.83787,22,21,-21
A_dice_s2,A_dice,15,bridge_only,1.0,3,0.79585,0.82978,21,18,-18
A_dice_s2,A_dice,15,bridge_only,1.5,4,0.78488,0.82294,20,17,-17
A_dice_s2,A_dice,15,bridge_only,2.0,6,0.72987,0.78116,15,13,-13
A_dice_s2,A_dice,16,closing,0.0,0,0.8345,0.86515,23,15,-15
A_dice_s2,A_dice,16,closing,0.25,1,0.83343,0.86521,19,16,-16
A_dice_s2,A_dice,16,closing,0.5,1,0.83343,0.86521,19,16,-16
A_dice_s2,A_dice,16,closing,0.75,2,0.82731,0.85929,15,17,-17
A_dice_s2,A_dice,16,closing,1.0,3,0.81163,0.84532,14,18,-18
A_dice_s2,A_dice,16,closing,1.5,4,0.79607,0.83289,12,17,-17
A_dice_s2,A_dice,16,closing,2.0,6,0.7515,0.79882,11,19,-19
A_dice_s2,A_dice,16,bridge_only,0.0,0,0.8345,0.86515,23,15,-15
A_dice_s2,A_dice,16,bridge_only,0.25,1,0.83441,0.86536,19,14,-14
A_dice_s2,A_dice,16,bridge_only,0.5,1,0.83441,0.86536,19,14,-14
A_dice_s2,A_dice,16,bridge_only,0.75,2,0.83167,0.86403,15,12,-12
A_dice_s2,A_dice,16,bridge_only,1.0,3,0.82337,0.8587,14,10,-10
A_dice_s2,A_dice,16,bridge_only,1.5,4,0.81343,0.85101,12,8,-8
A_dice_s2,A_dice,16,bridge_only,2.0,6,0.78362,0.83051,11,7,-7
A_dice_s2,A_dice,17,closing,0.0,0,0.81004,0.82924,27,25,-25
A_dice_s2,A_dice,17,closing,0.25,1,0.81075,0.8293,23,33,-33
A_dice_s2,A_dice,17,closing,0.5,1,0.81075,0.8293,23,33,-33
A_dice_s2,A_dice,17,closing,0.75,2,0.80974,0.82907,19,33,-33
A_dice_s2,A_dice,17,closing,1.0,3,0.80255,0.82092,13,34,-34
A_dice_s2,A_dice,17,closing,1.5,4,0.79076,0.81293,12,36,-36
A_dice_s2,A_dice,17,closing,2.0,6,0.74423,0.77893,10,36,-36
A_dice_s2,A_dice,17,bridge_only,0.0,0,0.81004,0.82924,27,25,-25
A_dice_s2,A_dice,17,bridge_only,0.25,1,0.81011,0.82944,23,24,-24
A_dice_s2,A_dice,17,bridge_only,0.5,1,0.81011,0.82944,23,24,-24
A_dice_s2,A_dice,17,bridge_only,0.75,2,0.80925,0.82945,20,22,-22
A_dice_s2,A_dice,17,bridge_only,1.0,3,0.80496,0.8248,16,20,-20
A_dice_s2,A_dice,17,bridge_only,1.5,4,0.79553,0.81875,15,21,-21
A_dice_s2,A_dice,17,bridge_only,2.0,6,0.75616,0.79322,15,20,-20
A_dice_s2,A_dice,18,closing,0.0,0,0.81901,0.86725,20,11,-11
A_dice_s2,A_dice,18,closing,0.25,1,0.81673,0.86322,16,9,-9
A_dice_s2,A_dice,18,closing,0.5,1,0.81673,0.86322,16,9,-9
A_dice_s2,A_dice,18,closing,0.75,2,0.81012,0.85423,14,19,-19
A_dice_s2,A_dice,18,closing,1.0,3,0.79784,0.84392,11,24,-24
A_dice_s2,A_dice,18,closing,1.5,4,0.78393,0.83523,11,22,-22
A_dice_s2,A_dice,18,closing,2.0,6,0.73841,0.80841,1,21,-21
A_dice_s2,A_dice,18,bridge_only,0.0,0,0.81901,0.86725,20,11,-11
A_dice_s2,A_dice,18,bridge_only,0.25,1,0.81832,0.86679,16,10,-10
A_dice_s2,A_dice,18,bridge_only,0.5,1,0.81832,0.86679,16,10,-10
A_dice_s2,A_dice,18,bridge_only,0.75,2,0.8158,0.86411,14,11,-11
A_dice_s2,A_dice,18,bridge_only,1.0,3,0.8108,0.86065,11,11,-11
A_dice_s2,A_dice,18,bridge_only,1.5,4,0.80218,0.85365,11,10,-10
A_dice_s2,A_dice,18,bridge_only,2.0,6,0.76661,0.832,1,8,-8
A_dice_s2,A_dice,19,closing,0.0,0,0.85397,0.87831,23,1,1
A_dice_s2,A_dice,19,closing,0.25,1,0.85106,0.87778,18,7,-7
A_dice_s2,A_dice,19,closing,0.5,1,0.85106,0.87778,18,7,-7
A_dice_s2,A_dice,19,closing,0.75,2,0.84094,0.87012,14,4,-4
A_dice_s2,A_dice,19,closing,1.0,3,0.82215,0.85748,13,8,-8
A_dice_s2,A_dice,19,closing,1.5,4,0.80211,0.84048,7,7,-7
A_dice_s2,A_dice,19,closing,2.0,6,0.73573,0.78777,5,10,-10
A_dice_s2,A_dice,19,bridge_only,0.0,0,0.85397,0.87831,23,1,1
A_dice_s2,A_dice,19,bridge_only,0.25,1,0.85309,0.87777,19,1,1
A_dice_s2,A_dice,19,bridge_only,0.5,1,0.85309,0.87777,19,1,1
A_dice_s2,A_dice,19,bridge_only,0.75,2,0.84779,0.87368,16,4,4
A_dice_s2,A_dice,19,bridge_only,1.0,3,0.83888,0.86697,15,4,4
A_dice_s2,A_dice,19,bridge_only,1.5,4,0.82947,0.85859,10,3,3
A_dice_s2,A_dice,19,bridge_only,2.0,6,0.80118,0.83932,9,6,6
A_dice_s2,A_dice,20,closing,0.0,0,0.81047,0.84628,21,7,-7
A_dice_s2,A_dice,20,closing,0.25,1,0.80857,0.84321,19,9,-9
A_dice_s2,A_dice,20,closing,0.5,1,0.80857,0.84321,19,9,-9
A_dice_s2,A_dice,20,closing,0.75,2,0.80094,0.83581,15,4,-4
A_dice_s2,A_dice,20,closing,1.0,3,0.78327,0.81768,13,9,-9
A_dice_s2,A_dice,20,closing,1.5,4,0.7623,0.80167,9,14,-14
A_dice_s2,A_dice,20,closing,2.0,6,0.71546,0.76176,6,16,-16
A_dice_s2,A_dice,20,bridge_only,0.0,0,0.81047,0.84628,21,7,-7
A_dice_s2,A_dice,20,bridge_only,0.25,1,0.80978,0.84618,19,3,-3
A_dice_s2,A_dice,20,bridge_only,0.5,1,0.80978,0.84618,19,3,-3
A_dice_s2,A_dice,20,bridge_only,0.75,2,0.80642,0.84377,16,0,0
A_dice_s2,A_dice,20,bridge_only,1.0,3,0.79893,0.83755,14,0,0
A_dice_s2,A_dice,20,bridge_only,1.5,4,0.78914,0.83256,10,4,-4
A_dice_s2,A_dice,20,bridge_only,2.0,6,0.76504,0.81777,7,0,0
B_cldice_s2,B_cldice,01,closing,0.0,0,0.82475,0.86175,11,17,-17
B_cldice_s2,B_cldice,01,closing,0.25,1,0.82221,0.85668,11,32,-32
B_cldice_s2,B_cldice,01,closing,0.5,1,0.82221,0.85668,11,32,-32
B_cldice_s2,B_cldice,01,closing,0.75,2,0.81597,0.84962,9,30,-30
B_cldice_s2,B_cldice,01,closing,1.0,3,0.79993,0.83065,2,23,-23
B_cldice_s2,B_cldice,01,closing,1.5,4,0.77786,0.81182,0,27,-27
B_cldice_s2,B_cldice,01,closing,2.0,6,0.72088,0.76364,3,26,-26
B_cldice_s2,B_cldice,01,bridge_only,0.0,0,0.82475,0.86175,11,17,-17
B_cldice_s2,B_cldice,01,bridge_only,0.25,1,0.82434,0.86196,11,17,-17
B_cldice_s2,B_cldice,01,bridge_only,0.5,1,0.82434,0.86196,11,17,-17
B_cldice_s2,B_cldice,01,bridge_only,0.75,2,0.82128,0.85927,9,13,-13
B_cldice_s2,B_cldice,01,bridge_only,1.0,3,0.81218,0.84916,5,9,-9
B_cldice_s2,B_cldice,01,bridge_only,1.5,4,0.801,0.84162,5,9,-9
B_cldice_s2,B_cldice,01,bridge_only,2.0,6,0.76729,0.81957,3,9,-9
B_cldice_s2,B_cldice,02,closing,0.0,0,0.84865,0.85607,19,10,-10
B_cldice_s2,B_cldice,02,closing,0.25,1,0.8476,0.85444,15,19,-19
B_cldice_s2,B_cldice,02,closing,0.5,1,0.8476,0.85444,15,19,-19
B_cldice_s2,B_cldice,02,closing,0.75,2,0.84208,0.84896,9,21,-21
B_cldice_s2,B_cldice,02,closing,1.0,3,0.82901,0.83268,8,23,-23
B_cldice_s2,B_cldice,02,closing,1.5,4,0.81352,0.82143,5,25,-25
B_cldice_s2,B_cldice,02,closing,2.0,6,0.75656,0.77486,1,23,-23
B_cldice_s2,B_cldice,02,bridge_only,0.0,0,0.84865,0.85607,19,10,-10
B_cldice_s2,B_cldice,02,bridge_only,0.25,1,0.84828,0.85573,16,9,-9
B_cldice_s2,B_cldice,02,bridge_only,0.5,1,0.84828,0.85573,16,9,-9
B_cldice_s2,B_cldice,02,bridge_only,0.75,2,0.84514,0.85403,12,7,-7
B_cldice_s2,B_cldice,02,bridge_only,1.0,3,0.83925,0.84736,11,7,-7
B_cldice_s2,B_cldice,02,bridge_only,1.5,4,0.8313,0.84365,8,6,-6
B_cldice_s2,B_cldice,02,bridge_only,2.0,6,0.79868,0.82293,4,3,-3
B_cldice_s2,B_cldice,03,closing,0.0,0,0.79893,0.79079,27,37,-37
B_cldice_s2,B_cldice,03,closing,0.25,1,0.8012,0.79239,25,44,-44
B_cldice_s2,B_cldice,03,closing,0.5,1,0.8012,0.79239,25,44,-44
B_cldice_s2,B_cldice,03,closing,0.75,2,0.80452,0.79318,22,48,-48
B_cldice_s2,B_cldice,03,closing,1.0,3,0.79943,0.78696,18,49,-49
B_cldice_s2,B_cldice,03,closing,1.5,4,0.79028,0.77882,16,52,-52
B_cldice_s2,B_cldice,03,closing,2.0,6,0.75757,0.74742,10,54,-54
B_cldice_s2,B_cldice,03,bridge_only,0.0,0,0.79893,0.79079,27,37,-37
B_cldice_s2,B_cldice,03,bridge_only,0.25,1,0.79974,0.79174,26,35,-35
B_cldice_s2,B_cldice,03,bridge_only,0.5,1,0.79974,0.79174,26,35,-35
B_cldice_s2,B_cldice,03,bridge_only,0.75,2,0.80033,0.7914,24,35,-35
B_cldice_s2,B_cldice,03,bridge_only,1.0,3,0.79681,0.78662,20,35,-35
B_cldice_s2,B_cldice,03,bridge_only,1.5,4,0.79213,0.7822,18,37,-37
B_cldice_s2,B_cldice,03,bridge_only,2.0,6,0.77247,0.76886,14,32,-32
B_cldice_s2,B_cldice,04,closing,0.0,0,0.82137,0.79118,17,44,-44
B_cldice_s2,B_cldice,04,closing,0.25,1,0.82104,0.79118,12,44,-44
B_cldice_s2,B_cldice,04,closing,0.5,1,0.82104,0.79118,12,44,-44
B_cldice_s2,B_cldice,04,closing,0.75,2,0.819,0.78942,6,44,-44
B_cldice_s2,B_cldice,04,closing,1.0,3,0.81348,0.78655,5,41,-41
B_cldice_s2,B_cldice,04,closing,1.5,4,0.80579,0.7819,4,41,-41
B_cldice_s2,B_cldice,04,closing,2.0,6,0.75974,0.74944,3,40,-40
B_cldice_s2,B_cldice,04,bridge_only,0.0,0,0.82137,0.79118,17,44,-44
B_cldice_s2,B_cldice,04,bridge_only,0.25,1,0.82125,0.79157,13,42,-42
B_cldice_s2,B_cldice,04,bridge_only,0.5,1,0.82125,0.79157,13,42,-42
B_cldice_s2,B_cldice,04,bridge_only,0.75,2,0.82002,0.79069,7,41,-41
B_cldice_s2,B_cldice,04,bridge_only,1.0,3,0.81704,0.78998,7,39,-39
B_cldice_s2,B_cldice,04,bridge_only,1.5,4,0.81298,0.78703,6,39,-39
B_cldice_s2,B_cldice,04,bridge_only,2.0,6,0.77727,0.76375,5,38,-38
B_cldice_s2,B_cldice,05,closing,0.0,0,0.80632,0.78711,21,34,-34
B_cldice_s2,B_cldice,05,closing,0.25,1,0.80701,0.78685,18,37,-37
B_cldice_s2,B_cldice,05,closing,0.5,1,0.80701,0.78685,18,37,-37
B_cldice_s2,B_cldice,05,closing,0.75,2,0.8059,0.78545,17,41,-41
B_cldice_s2,B_cldice,05,closing,1.0,3,0.79967,0.7801,13,44,-44
B_cldice_s2,B_cldice,05,closing,1.5,4,0.78828,0.77228,10,44,-44
B_cldice_s2,B_cldice,05,closing,2.0,6,0.74962,0.74703,8,43,-43
B_cldice_s2,B_cldice,05,bridge_only,0.0,0,0.80632,0.78711,21,34,-34
B_cldice_s2,B_cldice,05,bridge_only,0.25,1,0.80638,0.78706,19,32,-32
B_cldice_s2,B_cldice,05,bridge_only,0.5,1,0.80638,0.78706,19,32,-32
B_cldice_s2,B_cldice,05,bridge_only,0.75,2,0.80618,0.78597,18,34,-34
B_cldice_s2,B_cldice,05,bridge_only,1.0,3,0.80292,0.78205,16,33,-33
B_cldice_s2,B_cldice,05,bridge_only,1.5,4,0.79626,0.7776,15,32,-32
B_cldice_s2,B_cldice,05,bridge_only,2.0,6,0.77202,0.76175,15,31,-31
B_cldice_s2,B_cldice,06,closing,0.0,0,0.79426,0.77119,20,47,-47
B_cldice_s2,B_cldice,06,closing,0.25,1,0.79508,0.77149,19,48,-48
B_cldice_s2,B_cldice,06,closing,0.5,1,0.79508,0.77149,19,48,-48
B_cldice_s2,B_cldice,06,closing,0.75,2,0.79231,0.76808,14,45,-45
B_cldice_s2,B_cldice,06,closing,1.0,3,0.78526,0.758,13,46,-46
B_cldice_s2,B_cldice,06,closing,1.5,4,0.77263,0.74966,11,44,-44
B_cldice_s2,B_cldice,06,closing,2.0,6,0.73263,0.72159,5,49,-49
B_cldice_s2,B_cldice,06,bridge_only,0.0,0,0.79426,0.77119,20,47,-47
B_cldice_s2,B_cldice,06,bridge_only,0.25,1,0.79465,0.77145,20,45,-45
B_cldice_s2,B_cldice,06,bridge_only,0.5,1,0.79465,0.77145,20,45,-45
B_cldice_s2,B_cldice,06,bridge_only,0.75,2,0.79284,0.76888,16,43,-43
B_cldice_s2,B_cldice,06,bridge_only,1.0,3,0.78807,0.76227,15,44,-44
B_cldice_s2,B_cldice,06,bridge_only,1.5,4,0.78061,0.75944,13,41,-41
B_cldice_s2,B_cldice,06,bridge_only,2.0,6,0.75503,0.74194,8,44,-44
B_cldice_s2,B_cldice,07,closing,0.0,0,0.80938,0.80135,18,50,-50
B_cldice_s2,B_cldice,07,closing,0.25,1,0.8095,0.80153,16,54,-54
B_cldice_s2,B_cldice,07,closing,0.5,1,0.8095,0.80153,16,54,-54
B_cldice_s2,B_cldice,07,closing,0.75,2,0.80843,0.8014,13,52,-52
B_cldice_s2,B_cldice,07,closing,1.0,3,0.80132,0.79485,12,51,-51
B_cldice_s2,B_cldice,07,closing,1.5,4,0.78988,0.78486,12,54,-54
B_cldice_s2,B_cldice,07,closing,2.0,6,0.75423,0.75501,8,57,-57
B_cldice_s2,B_cldice,07,bridge_only,0.0,0,0.80938,0.80135,18,50,-50
B_cldice_s2,B_cldice,07,bridge_only,0.25,1,0.80972,0.80208,16,49,-49
B_cldice_s2,B_cldice,07,bridge_only,0.5,1,0.80972,0.80208,16,49,-49
B_cldice_s2,B_cldice,07,bridge_only,0.75,2,0.80957,0.80267,13,48,-48
B_cldice_s2,B_cldice,07,bridge_only,1.0,3,0.80611,0.79992,12,47,-47
B_cldice_s2,B_cldice,07,bridge_only,1.5,4,0.80151,0.79603,12,48,-48
B_cldice_s2,B_cldice,07,bridge_only,2.0,6,0.78225,0.7848,8,48,-48
B_cldice_s2,B_cldice,08,closing,0.0,0,0.78764,0.77765,25,37,-37
B_cldice_s2,B_cldice,08,closing,0.25,1,0.78804,0.77789,21,46,-46
B_cldice_s2,B_cldice,08,closing,0.5,1,0.78804,0.77789,21,46,-46
B_cldice_s2,B_cldice,08,closing,0.75,2,0.78731,0.77444,17,51,-51
B_cldice_s2,B_cldice,08,closing,1.0,3,0.78388,0.76786,15,51,-51
B_cldice_s2,B_cldice,08,closing,1.5,4,0.77619,0.76141,11,50,-50
B_cldice_s2,B_cldice,08,closing,2.0,6,0.7358,0.72976,8,49,-49
B_cldice_s2,B_cldice,08,bridge_only,0.0,0,0.78764,0.77765,25,37,-37
B_cldice_s2,B_cldice,08,bridge_only,0.25,1,0.78791,0.77789,21,37,-37
B_cldice_s2,B_cldice,08,bridge_only,0.5,1,0.78791,0.77789,21,37,-37
B_cldice_s2,B_cldice,08,bridge_only,0.75,2,0.7873,0.77791,18,36,-36
B_cldice_s2,B_cldice,08,bridge_only,1.0,3,0.7858,0.77529,17,34,-34
B_cldice_s2,B_cldice,08,bridge_only,1.5,4,0.78011,0.77029,14,32,-32
B_cldice_s2,B_cldice,08,bridge_only,2.0,6,0.74903,0.75363,11,29,-29
B_cldice_s2,B_cldice,09,closing,0.0,0,0.79063,0.79416,25,31,-31
B_cldice_s2,B_cldice,09,closing,0.25,1,0.79176,0.7948,23,33,-33
B_cldice_s2,B_cldice,09,closing,0.5,1,0.79176,0.7948,23,33,-33
B_cldice_s2,B_cldice,09,closing,0.75,2,0.79033,0.79076,20,31,-31
B_cldice_s2,B_cldice,09,closing,1.0,3,0.78424,0.78194,15,30,-30
B_cldice_s2,B_cldice,09,closing,1.5,4,0.77569,0.77594,10,29,-29
B_cldice_s2,B_cldice,09,closing,2.0,6,0.73929,0.74616,6,31,-31
B_cldice_s2,B_cldice,09,bridge_only,0.0,0,0.79063,0.79416,25,31,-31
B_cldice_s2,B_cldice,09,bridge_only,0.25,1,0.79143,0.79519,24,31,-31
B_cldice_s2,B_cldice,09,bridge_only,0.5,1,0.79143,0.79519,24,31,-31
B_cldice_s2,B_cldice,09,bridge_only,0.75,2,0.7909,0.794,21,29,-29
B_cldice_s2,B_cldice,09,bridge_only,1.0,3,0.78719,0.78925,16,26,-26
B_cldice_s2,B_cldice,09,bridge_only,1.5,4,0.78212,0.7867,11,24,-24
B_cldice_s2,B_cldice,09,bridge_only,2.0,6,0.75824,0.76995,8,24,-24
B_cldice_s2,B_cldice,10,closing,0.0,0,0.8017,0.78548,18,61,-61
B_cldice_s2,B_cldice,10,closing,0.25,1,0.80165,0.78475,15,63,-63
B_cldice_s2,B_cldice,10,closing,0.5,1,0.80165,0.78475,15,63,-63
B_cldice_s2,B_cldice,10,closing,0.75,2,0.79742,0.7789,13,62,-62
B_cldice_s2,B_cldice,10,closing,1.0,3,0.78455,0.76512,10,64,-64
B_cldice_s2,B_cldice,10,closing,1.5,4,0.77006,0.75203,8,65,-65
B_cldice_s2,B_cldice,10,closing,2.0,6,0.71327,0.70916,6,72,-72
B_cldice_s2,B_cldice,10,bridge_only,0.0,0,0.8017,0.78548,18,61,-61
B_cldice_s2,B_cldice,10,bridge_only,0.25,1,0.80192,0.78587,16,59,-59
B_cldice_s2,B_cldice,10,bridge_only,0.5,1,0.80192,0.78587,16,59,-59
B_cldice_s2,B_cldice,10,bridge_only,0.75,2,0.79955,0.78267,14,57,-57
B_cldice_s2,B_cldice,10,bridge_only,1.0,3,0.79415,0.77701,11,58,-58
B_cldice_s2,B_cldice,10,bridge_only,1.5,4,0.7857,0.76978,9,58,-58
B_cldice_s2,B_cldice,10,bridge_only,2.0,6,0.75212,0.752,7,58,-58
B_cldice_s2,B_cldice,11,closing,0.0,0,0.80594,0.78179,21,58,-58
B_cldice_s2,B_cldice,11,closing,0.25,1,0.80448,0.77834,19,70,-70
B_cldice_s2,B_cldice,11,closing,0.5,1,0.80448,0.77834,19,70,-70
B_cldice_s2,B_cldice,11,closing,0.75,2,0.79784,0.77257,16,74,-74
B_cldice_s2,B_cldice,11,closing,1.0,3,0.78529,0.76382,12,77,-77
B_cldice_s2,B_cldice,11,closing,1.5,4,0.77119,0.75446,10,77,-77
B_cldice_s2,B_cldice,11,closing,2.0,6,0.72512,0.72118,3,77,-77
B_cldice_s2,B_cldice,11,bridge_only,0.0,0,0.80594,0.78179,21,58,-58
B_cldice_s2,B_cldice,11,bridge_only,0.25,1,0.80505,0.78067,20,56,-56
B_cldice_s2,B_cldice,11,bridge_only,0.5,1,0.80505,0.78067,20,56,-56
B_cldice_s2,B_cldice,11,bridge_only,0.75,2,0.80186,0.77871,17,53,-53
B_cldice_s2,B_cldice,11,bridge_only,1.0,3,0.79508,0.77488,15,53,-53
B_cldice_s2,B_cldice,11,bridge_only,1.5,4,0.7858,0.7697,14,52,-52
B_cldice_s2,B_cldice,11,bridge_only,2.0,6,0.75922,0.75368,9,52,-52
B_cldice_s2,B_cldice,12,closing,0.0,0,0.81889,0.8401,21,32,-32
B_cldice_s2,B_cldice,12,closing,0.25,1,0.81892,0.83982,19,34,-34
B_cldice_s2,B_cldice,12,closing,0.5,1,0.81892,0.83982,19,34,-34
B_cldice_s2,B_cldice,12,closing,0.75,2,0.81599,0.83686,16,35,-35
B_cldice_s2,B_cldice,12,closing,1.0,3,0.80675,0.82594,12,33,-33
B_cldice_s2,B_cldice,12,closing,1.5,4,0.78935,0.80901,10,33,-33
B_cldice_s2,B_cldice,12,closing,2.0,6,0.72668,0.75261,6,33,-33
B_cldice_s2,B_cldice,12,bridge_only,0.0,0,0.81889,0.8401,21,32,-32
B_cldice_s2,B_cldice,12,bridge_only,0.25,1,0.81885,0.84032,19,31,-31
B_cldice_s2,B_cldice,12,bridge_only,0.5,1,0.81885,0.84032,19,31,-31
B_cldice_s2,B_cldice,12,bridge_only,0.75,2,0.81823,0.83982,17,31,-31
B_cldice_s2,B_cldice,12,bridge_only,1.0,3,0.81279,0.83405,14,30,-30
B_cldice_s2,B_cldice,12,bridge_only,1.5,4,0.80023,0.82342,14,30,-30
B_cldice_s2,B_cldice,12,bridge_only,2.0,6,0.772,0.80407,13,28,-28
B_cldice_s2,B_cldice,13,closing,0.0,0,0.81396,0.80093,22,36,-36
B_cldice_s2,B_cldice,13,closing,0.25,1,0.81397,0.80168,17,44,-44
B_cldice_s2,B_cldice,13,closing,0.5,1,0.81397,0.80168,17,44,-44
B_cldice_s2,B_cldice,13,closing,0.75,2,0.81062,0.796,14,45,-45
B_cldice_s2,B_cldice,13,closing,1.0,3,0.80221,0.78733,13,46,-46
B_cldice_s2,B_cldice,13,closing,1.5,4,0.7892,0.77709,11,44,-44
B_cldice_s2,B_cldice,13,closing,2.0,6,0.72977,0.73335,3,47,-47
B_cldice_s2,B_cldice,13,bridge_only,0.0,0,0.81396,0.80093,22,36,-36
B_cldice_s2,B_cldice,13,bridge_only,0.25,1,0.81386,0.80085,17,35,-35
B_cldice_s2,B_cldice,13,bridge_only,0.5,1,0.81386,0.80085,17,35,-35
B_cldice_s2,B_cldice,13,bridge_only,0.75,2,0.81226,0.79835,14,34,-34
B_cldice_s2,B_cldice,13,bridge_only,1.0,3,0.80812,0.7955,14,35,-35
B_cldice_s2,B_cldice,13,bridge_only,1.5,4,0.79939,0.78957,12,33,-33
B_cldice_s2,B_cldice,13,bridge_only,2.0,6,0.75135,0.76296,5,32,-32
B_cldice_s2,B_cldice,14,closing,0.0,0,0.81777,0.83473,23,15,-15
B_cldice_s2,B_cldice,14,closing,0.25,1,0.81651,0.83291,20,17,-17
B_cldice_s2,B_cldice,14,closing,0.5,1,0.81651,0.83291,20,17,-17
B_cldice_s2,B_cldice,14,closing,0.75,2,0.81154,0.82945,18,18,-18
B_cldice_s2,B_cldice,14,closing,1.0,3,0.7999,0.81836,17,20,-20
B_cldice_s2,B_cldice,14,closing,1.5,4,0.78604,0.80712,13,19,-19
B_cldice_s2,B_cldice,14,closing,2.0,6,0.72964,0.75884,7,16,-16
B_cldice_s2,B_cldice,14,bridge_only,0.0,0,0.81777,0.83473,23,15,-15
B_cldice_s2,B_cldice,14,bridge_only,0.25,1,0.81767,0.83523,22,14,-14
B_cldice_s2,B_cldice,14,bridge_only,0.5,1,0.81767,0.83523,22,14,-14
B_cldice_s2,B_cldice,14,bridge_only,0.75,2,0.81702,0.83529,22,13,-13
B_cldice_s2,B_cldice,14,bridge_only,1.0,3,0.81558,0.83352,22,13,-13
B_cldice_s2,B_cldice,14,bridge_only,1.5,4,0.81259,0.83122,21,13,-13
B_cldice_s2,B_cldice,14,bridge_only,2.0,6,0.79369,0.81912,19,12,-12
B_cldice_s2,B_cldice,15,closing,0.0,0,0.7949,0.83676,20,19,-19
B_cldice_s2,B_cldice,15,closing,0.25,1,0.7942,0.83713,19,21,-21
B_cldice_s2,B_cldice,15,closing,0.5,1,0.7942,0.83713,19,21,-21
B_cldice_s2,B_cldice,15,closing,0.75,2,0.7891,0.83112,19,19,-19
B_cldice_s2,B_cldice,15,closing,1.0,3,0.77345,0.81629,18,16,-16
B_cldice_s2,B_cldice,15,closing,1.5,4,0.75502,0.7945,17,20,-20
B_cldice_s2,B_cldice,15,closing,2.0,6,0.6796,0.73212,13,16,-16
B_cldice_s2,B_cldice,15,bridge_only,0.0,0,0.7949,0.83676,20,19,-19
B_cldice_s2,B_cldice,15,bridge_only,0.25,1,0.79436,0.83699,19,18,-18
B_cldice_s2,B_cldice,15,bridge_only,0.5,1,0.79436,0.83699,19,18,-18
B_cldice_s2,B_cldice,15,bridge_only,0.75,2,0.79183,0.83503,19,16,-16
B_cldice_s2,B_cldice,15,bridge_only,1.0,3,0.78413,0.82985,18,14,-14
B_cldice_s2,B_cldice,15,bridge_only,1.5,4,0.77376,0.82133,17,13,-13
B_cldice_s2,B_cldice,15,bridge_only,2.0,6,0.71735,0.77875,14,7,-7
B_cldice_s2,B_cldice,16,closing,0.0,0,0.83528,0.87527,22,16,-16
B_cldice_s2,B_cldice,16,closing,0.25,1,0.8338,0.87401,19,21,-21
B_cldice_s2,B_cldice,16,closing,0.5,1,0.8338,0.87401,19,21,-21
B_cldice_s2,B_cldice,16,closing,0.75,2,0.82841,0.86956,18,18,-18
B_cldice_s2,B_cldice,16,closing,1.0,3,0.8139,0.85598,15,22,-22
B_cldice_s2,B_cldice,16,closing,1.5,4,0.79967,0.84498,11,22,-22
B_cldice_s2,B_cldice,16,closing,2.0,6,0.7513,0.80588,8,24,-24
B_cldice_s2,B_cldice,16,bridge_only,0.0,0,0.83528,0.87527,22,16,-16
B_cldice_s2,B_cldice,16,bridge_only,0.25,1,0.835,0.8752,20,15,-15
B_cldice_s2,B_cldice,16,bridge_only,0.5,1,0.835,0.8752,20,15,-15
B_cldice_s2,B_cldice,16,bridge_only,0.75,2,0.8326,0.8744,19,14,-14
B_cldice_s2,B_cldice,16,bridge_only,1.0,3,0.82611,0.86991,18,12,-12
B_cldice_s2,B_cldice,16,bridge_only,1.5,4,0.81686,0.86333,14,11,-11
B_cldice_s2,B_cldice,16,bridge_only,2.0,6,0.78244,0.8376,12,10,-10
B_cldice_s2,B_cldice,17,closing,0.0,0,0.81019,0.83321,20,15,-15
B_cldice_s2,B_cldice,17,closing,0.25,1,0.81024,0.833,18,32,-32
B_cldice_s2,B_cldice,17,closing,0.5,1,0.81024,0.833,18,32,-32
B_cldice_s2,B_cldice,17,closing,0.75,2,0.80825,0.8312,15,31,-31
B_cldice_s2,B_cldice,17,closing,1.0,3,0.80064,0.82486,14,33,-33
B_cldice_s2,B_cldice,17,closing,1.5,4,0.78755,0.8131,11,34,-34
B_cldice_s2,B_cldice,17,closing,2.0,6,0.74447,0.783,8,34,-34
B_cldice_s2,B_cldice,17,bridge_only,0.0,0,0.81019,0.83321,20,15,-15
B_cldice_s2,B_cldice,17,bridge_only,0.25,1,0.81006,0.8329,18,13,-13
B_cldice_s2,B_cldice,17,bridge_only,0.5,1,0.81006,0.8329,18,13,-13
B_cldice_s2,B_cldice,17,bridge_only,0.75,2,0.80911,0.83222,16,12,-12
B_cldice_s2,B_cldice,17,bridge_only,1.0,3,0.80326,0.82689,15,12,-12
B_cldice_s2,B_cldice,17,bridge_only,1.5,4,0.79401,0.82047,12,11,-11
B_cldice_s2,B_cldice,17,bridge_only,2.0,6,0.75894,0.79922,9,9,-9
B_cldice_s2,B_cldice,18,closing,0.0,0,0.8169,0.87402,17,8,-8
B_cldice_s2,B_cldice,18,closing,0.25,1,0.81422,0.86986,12,10,-10
B_cldice_s2,B_cldice,18,closing,0.5,1,0.81422,0.86986,12,10,-10
B_cldice_s2,B_cldice,18,closing,0.75,2,0.80814,0.86005,11,21,-21
B_cldice_s2,B_cldice,18,closing,1.0,3,0.79692,0.84737,9,24,-24
B_cldice_s2,B_cldice,18,closing,1.5,4,0.7831,0.84031,6,23,-23
B_cldice_s2,B_cldice,18,closing,2.0,6,0.7403,0.81538,3,22,-22
B_cldice_s2,B_cldice,18,bridge_only,0.0,0,0.8169,0.87402,17,8,-8
B_cldice_s2,B_cldice,18,bridge_only,0.25,1,0.81635,0.87297,12,8,-8
B_cldice_s2,B_cldice,18,bridge_only,0.5,1,0.81635,0.87297,12,8,-8
B_cldice_s2,B_cldice,18,bridge_only,0.75,2,0.81428,0.87166,11,8,-8
B_cldice_s2,B_cldice,18,bridge_only,1.0,3,0.80956,0.86512,9,8,-8
B_cldice_s2,B_cldice,18,bridge_only,1.5,4,0.80054,0.86047,6,7,-7
B_cldice_s2,B_cldice,18,bridge_only,2.0,6,0.76638,0.83634,4,5,-5
B_cldice_s2,B_cldice,19,closing,0.0,0,0.85011,0.88018,22,1,1
B_cldice_s2,B_cldice,19,closing,0.25,1,0.84796,0.87909,19,2,-2
B_cldice_s2,B_cldice,19,closing,0.5,1,0.84796,0.87909,19,2,-2
B_cldice_s2,B_cldice,19,closing,0.75,2,0.83753,0.8709,13,6,-6
B_cldice_s2,B_cldice,19,closing,1.0,3,0.81807,0.85619,12,8,-8
B_cldice_s2,B_cldice,19,closing,1.5,4,0.79676,0.83581,8,10,-10
B_cldice_s2,B_cldice,19,closing,2.0,6,0.7383,0.79674,2,12,-12
B_cldice_s2,B_cldice,19,bridge_only,0.0,0,0.85011,0.88018,22,1,1
B_cldice_s2,B_cldice,19,bridge_only,0.25,1,0.84919,0.87973,21,3,3
B_cldice_s2,B_cldice,19,bridge_only,0.5,1,0.84919,0.87973,21,3,3
B_cldice_s2,B_cldice,19,bridge_only,0.75,2,0.84441,0.87655,15,2,2
B_cldice_s2,B_cldice,19,bridge_only,1.0,3,0.83504,0.86854,14,3,3
B_cldice_s2,B_cldice,19,bridge_only,1.5,4,0.82583,0.85908,11,2,2
B_cldice_s2,B_cldice,19,bridge_only,2.0,6,0.79995,0.84216,7,4,4
B_cldice_s2,B_cldice,20,closing,0.0,0,0.80918,0.85248,25,9,-9
B_cldice_s2,B_cldice,20,closing,0.25,1,0.80686,0.84912,23,9,-9
B_cldice_s2,B_cldice,20,closing,0.5,1,0.80686,0.84912,23,9,-9
B_cldice_s2,B_cldice,20,closing,0.75,2,0.79941,0.84157,19,10,-10
B_cldice_s2,B_cldice,20,closing,1.0,3,0.7844,0.82747,16,10,-10
B_cldice_s2,B_cldice,20,closing,1.5,4,0.76329,0.81185,17,14,-14
B_cldice_s2,B_cldice,20,closing,2.0,6,0.71556,0.77463,11,16,-16
B_cldice_s2,B_cldice,20,bridge_only,0.0,0,0.80918,0.85248,25,9,-9
B_cldice_s2,B_cldice,20,bridge_only,0.25,1,0.80843,0.85214,23,5,-5
B_cldice_s2,B_cldice,20,bridge_only,0.5,1,0.80843,0.85214,23,5,-5
B_cldice_s2,B_cldice,20,bridge_only,0.75,2,0.80472,0.84888,20,5,-5
B_cldice_s2,B_cldice,20,bridge_only,1.0,3,0.79868,0.84484,18,3,-3
B_cldice_s2,B_cldice,20,bridge_only,1.5,4,0.78933,0.84025,19,6,-6
B_cldice_s2,B_cldice,20,bridge_only,2.0,6,0.76023,0.82029,13,4,-4
C_boundary_s2,C_boundary,01,closing,0.0,0,0.82701,0.85964,21,20,-20
C_boundary_s2,C_boundary,01,closing,0.25,1,0.82457,0.85513,21,28,-28
C_boundary_s2,C_boundary,01,closing,0.5,1,0.82457,0.85513,21,28,-28
C_boundary_s2,C_boundary,01,closing,0.75,2,0.81963,0.84877,13,29,-29
C_boundary_s2,C_boundary,01,closing,1.0,3,0.80314,0.83419,8,24,-24
C_boundary_s2,C_boundary,01,closing,1.5,4,0.77803,0.81026,3,28,-28
C_boundary_s2,C_boundary,01,closing,2.0,6,0.72099,0.75853,4,27,-27
C_boundary_s2,C_boundary,01,bridge_only,0.0,0,0.82701,0.85964,21,20,-20
C_boundary_s2,C_boundary,01,bridge_only,0.25,1,0.82698,0.86013,21,19,-19
C_boundary_s2,C_boundary,01,bridge_only,0.5,1,0.82698,0.86013,21,19,-19
C_boundary_s2,C_boundary,01,bridge_only,0.75,2,0.82547,0.85901,15,13,-13
C_boundary_s2,C_boundary,01,bridge_only,1.0,3,0.81759,0.85186,12,12,-12
C_boundary_s2,C_boundary,01,bridge_only,1.5,4,0.80525,0.84229,11,12,-12
C_boundary_s2,C_boundary,01,bridge_only,2.0,6,0.77382,0.81983,7,10,-10
C_boundary_s2,C_boundary,02,closing,0.0,0,0.84768,0.8529,19,10,-10
C_boundary_s2,C_boundary,02,closing,0.25,1,0.84692,0.85198,14,19,-19
C_boundary_s2,C_boundary,02,closing,0.5,1,0.84692,0.85198,14,19,-19
C_boundary_s2,C_boundary,02,closing,0.75,2,0.84044,0.84473,10,20,-20
C_boundary_s2,C_boundary,02,closing,1.0,3,0.8279,0.83296,7,23,-23
C_boundary_s2,C_boundary,02,closing,1.5,4,0.80992,0.81493,6,22,-22
C_boundary_s2,C_boundary,02,closing,2.0,6,0.75383,0.7704,1,24,-24
C_boundary_s2,C_boundary,02,bridge_only,0.0,0,0.84768,0.8529,19,10,-10
C_boundary_s2,C_boundary,02,bridge_only,0.25,1,0.84738,0.85323,15,6,-6
C_boundary_s2,C_boundary,02,bridge_only,0.5,1,0.84738,0.85323,15,6,-6
C_boundary_s2,C_boundary,02,bridge_only,0.75,2,0.84325,0.85044,12,5,-5
C_boundary_s2,C_boundary,02,bridge_only,1.0,3,0.83794,0.84588,11,6,-6
C_boundary_s2,C_boundary,02,bridge_only,1.5,4,0.82823,0.83874,11,4,-4
C_boundary_s2,C_boundary,02,bridge_only,2.0,6,0.79434,0.81558,6,3,-3
C_boundary_s2,C_boundary,03,closing,0.0,0,0.78618,0.77971,34,45,-45
C_boundary_s2,C_boundary,03,closing,0.25,1,0.78892,0.78118,29,50,-50
C_boundary_s2,C_boundary,03,closing,0.5,1,0.78892,0.78118,29,50,-50
C_boundary_s2,C_boundary,03,closing,0.75,2,0.79251,0.78174,23,52,-52
C_boundary_s2,C_boundary,03,closing,1.0,3,0.79002,0.7789,15,49,-49
C_boundary_s2,C_boundary,03,closing,1.5,4,0.78051,0.76848,12,48,-48
C_boundary_s2,C_boundary,03,closing,2.0,6,0.75062,0.73986,11,52,-52
C_boundary_s2,C_boundary,03,bridge_only,0.0,0,0.78618,0.77971,34,45,-45
C_boundary_s2,C_boundary,03,bridge_only,0.25,1,0.78757,0.78086,32,39,-39
C_boundary_s2,C_boundary,03,bridge_only,0.5,1,0.78757,0.78086,32,39,-39
C_boundary_s2,C_boundary,03,bridge_only,0.75,2,0.7897,0.78175,28,40,-40
C_boundary_s2,C_boundary,03,bridge_only,1.0,3,0.78763,0.77996,21,37,-37
C_boundary_s2,C_boundary,03,bridge_only,1.5,4,0.78045,0.77379,18,36,-36
C_boundary_s2,C_boundary,03,bridge_only,2.0,6,0.76096,0.75717,17,34,-34
C_boundary_s2,C_boundary,04,closing,0.0,0,0.82632,0.79771,21,44,-44
C_boundary_s2,C_boundary,04,closing,0.25,1,0.82628,0.79798,12,47,-47
C_boundary_s2,C_boundary,04,closing,0.5,1,0.82628,0.79798,12,47,-47
C_boundary_s2,C_boundary,04,closing,0.75,2,0.82524,0.79766,8,43,-43
C_boundary_s2,C_boundary,04,closing,1.0,3,0.81839,0.7912,8,42,-42
C_boundary_s2,C_boundary,04,closing,1.5,4,0.81076,0.78309,8,39,-39
C_boundary_s2,C_boundary,04,closing,2.0,6,0.76383,0.75265,5,39,-39
C_boundary_s2,C_boundary,04,bridge_only,0.0,0,0.82632,0.79771,21,44,-44
C_boundary_s2,C_boundary,04,bridge_only,0.25,1,0.82649,0.79818,13,43,-43
C_boundary_s2,C_boundary,04,bridge_only,0.5,1,0.82649,0.79818,13,43,-43
C_boundary_s2,C_boundary,04,bridge_only,0.75,2,0.82617,0.79883,9,39,-39
C_boundary_s2,C_boundary,04,bridge_only,1.0,3,0.82257,0.79624,9,39,-39
C_boundary_s2,C_boundary,04,bridge_only,1.5,4,0.81752,0.78993,9,36,-36
C_boundary_s2,C_boundary,04,bridge_only,2.0,6,0.78489,0.77279,6,36,-36
C_boundary_s2,C_boundary,05,closing,0.0,0,0.79598,0.77776,24,33,-33
C_boundary_s2,C_boundary,05,closing,0.25,1,0.79628,0.77725,18,43,-43
C_boundary_s2,C_boundary,05,closing,0.5,1,0.79628,0.77725,18,43,-43
C_boundary_s2,C_boundary,05,closing,0.75,2,0.79431,0.77628,16,47,-47
C_boundary_s2,C_boundary,05,closing,1.0,3,0.79201,0.77447,14,46,-46
C_boundary_s2,C_boundary,05,closing,1.5,4,0.78172,0.7674,10,42,-42
C_boundary_s2,C_boundary,05,closing,2.0,6,0.74515,0.74744,8,46,-46
C_boundary_s2,C_boundary,05,bridge_only,0.0,0,0.79598,0.77776,24,33,-33
C_boundary_s2,C_boundary,05,bridge_only,0.25,1,0.79601,0.77741,20,32,-32
C_boundary_s2,C_boundary,05,bridge_only,0.5,1,0.79601,0.77741,20,32,-32
C_boundary_s2,C_boundary,05,bridge_only,0.75,2,0.79605,0.77685,20,32,-32
C_boundary_s2,C_boundary,05,bridge_only,1.0,3,0.79555,0.77518,19,31,-31
C_boundary_s2,C_boundary,05,bridge_only,1.5,4,0.78921,0.76932,15,28,-28
C_boundary_s2,C_boundary,05,bridge_only,2.0,6,0.76441,0.75714,14,29,-29
C_boundary_s2,C_boundary,06,closing,0.0,0,0.78951,0.769,25,47,-47
C_boundary_s2,C_boundary,06,closing,0.25,1,0.79006,0.76926,23,49,-49
C_boundary_s2,C_boundary,06,closing,0.5,1,0.79006,0.76926,23,49,-49
C_boundary_s2,C_boundary,06,closing,0.75,2,0.78725,0.76585,14,45,-45
C_boundary_s2,C_boundary,06,closing,1.0,3,0.78082,0.75846,11,44,-44
C_boundary_s2,C_boundary,06,closing,1.5,4,0.76924,0.74877,9,43,-43
C_boundary_s2,C_boundary,06,closing,2.0,6,0.72628,0.72031,4,48,-48
C_boundary_s2,C_boundary,06,bridge_only,0.0,0,0.78951,0.769,25,47,-47
C_boundary_s2,C_boundary,06,bridge_only,0.25,1,0.78992,0.76958,23,46,-46
C_boundary_s2,C_boundary,06,bridge_only,0.5,1,0.78992,0.76958,23,46,-46
C_boundary_s2,C_boundary,06,bridge_only,0.75,2,0.78788,0.76674,18,42,-42
C_boundary_s2,C_boundary,06,bridge_only,1.0,3,0.78418,0.76254,16,42,-42
C_boundary_s2,C_boundary,06,bridge_only,1.5,4,0.77667,0.75799,14,41,-41
C_boundary_s2,C_boundary,06,bridge_only,2.0,6,0.74829,0.74209,9,42,-42
C_boundary_s2,C_boundary,07,closing,0.0,0,0.80627,0.79456,19,50,-50
C_boundary_s2,C_boundary,07,closing,0.25,1,0.80666,0.79465,18,55,-55
C_boundary_s2,C_boundary,07,closing,0.5,1,0.80666,0.79465,18,55,-55
C_boundary_s2,C_boundary,07,closing,0.75,2,0.80467,0.79362,16,52,-52
C_boundary_s2,C_boundary,07,closing,1.0,3,0.79758,0.78763,13,52,-52
C_boundary_s2,C_boundary,07,closing,1.5,4,0.78584,0.7789,12,54,-54
C_boundary_s2,C_boundary,07,closing,2.0,6,0.75134,0.74952,7,57,-57
C_boundary_s2,C_boundary,07,bridge_only,0.0,0,0.80627,0.79456,19,50,-50
C_boundary_s2,C_boundary,07,bridge_only,0.25,1,0.80659,0.79495,18,50,-50
C_boundary_s2,C_boundary,07,bridge_only,0.5,1,0.80659,0.79495,18,50,-50
C_boundary_s2,C_boundary,07,bridge_only,0.75,2,0.80618,0.79583,16,49,-49
C_boundary_s2,C_boundary,07,bridge_only,1.0,3,0.80283,0.79302,16,49,-49
C_boundary_s2,C_boundary,07,bridge_only,1.5,4,0.79815,0.79044,15,50,-50
C_boundary_s2,C_boundary,07,bridge_only,2.0,6,0.77905,0.77779,10,49,-49
C_boundary_s2,C_boundary,08,closing,0.0,0,0.78249,0.77777,27,47,-47
C_boundary_s2,C_boundary,08,closing,0.25,1,0.7834,0.77703,25,51,-51
C_boundary_s2,C_boundary,08,closing,0.5,1,0.7834,0.77703,25,51,-51
C_boundary_s2,C_boundary,08,closing,0.75,2,0.78186,0.77389,21,57,-57
C_boundary_s2,C_boundary,08,closing,1.0,3,0.77837,0.76964,18,56,-56
C_boundary_s2,C_boundary,08,closing,1.5,4,0.76996,0.75963,15,55,-55
C_boundary_s2,C_boundary,08,closing,2.0,6,0.73478,0.72966,11,52,-52
C_boundary_s2,C_boundary,08,bridge_only,0.0,0,0.78249,0.77777,27,47,-47
C_boundary_s2,C_boundary,08,bridge_only,0.25,1,0.78313,0.77826,25,45,-45
C_boundary_s2,C_boundary,08,bridge_only,0.5,1,0.78313,0.77826,25,45,-45
C_boundary_s2,C_boundary,08,bridge_only,0.75,2,0.78165,0.7772,21,45,-45
C_boundary_s2,C_boundary,08,bridge_only,1.0,3,0.77968,0.77535,18,42,-42
C_boundary_s2,C_boundary,08,bridge_only,1.5,4,0.77243,0.76777,15,41,-41
C_boundary_s2,C_boundary,08,bridge_only,2.0,6,0.7419,0.7453,11,39,-39
C_boundary_s2,C_boundary,09,closing,0.0,0,0.78551,0.7873,30,28,-28
C_boundary_s2,C_boundary,09,closing,0.25,1,0.78592,0.78639,26,32,-32
C_boundary_s2,C_boundary,09,closing,0.5,1,0.78592,0.78639,26,32,-32
C_boundary_s2,C_boundary,09,closing,0.75,2,0.78602,0.78466,18,31,-31
C_boundary_s2,C_boundary,09,closing,1.0,3,0.7801,0.77708,13,31,-31
C_boundary_s2,C_boundary,09,closing,1.5,4,0.77178,0.76683,7,33,-33
C_boundary_s2,C_boundary,09,closing,2.0,6,0.7399,0.74503,3,31,-31
C_boundary_s2,C_boundary,09,bridge_only,0.0,0,0.78551,0.7873,30,28,-28
C_boundary_s2,C_boundary,09,bridge_only,0.25,1,0.78555,0.78754,27,28,-28
C_boundary_s2,C_boundary,09,bridge_only,0.5,1,0.78555,0.78754,27,28,-28
C_boundary_s2,C_boundary,09,bridge_only,0.75,2,0.78599,0.78805,21,27,-27
C_boundary_s2,C_boundary,09,bridge_only,1.0,3,0.7831,0.78566,16,25,-25
C_boundary_s2,C_boundary,09,bridge_only,1.5,4,0.77796,0.78104,10,26,-26
C_boundary_s2,C_boundary,09,bridge_only,2.0,6,0.75882,0.76913,6,24,-24
C_boundary_s2,C_boundary,10,closing,0.0,0,0.79841,0.77755,18,57,-57
C_boundary_s2,C_boundary,10,closing,0.25,1,0.79871,0.77769,17,60,-60
C_boundary_s2,C_boundary,10,closing,0.5,1,0.79871,0.77769,17,60,-60
C_boundary_s2,C_boundary,10,closing,0.75,2,0.79579,0.77198,15,64,-64
C_boundary_s2,C_boundary,10,closing,1.0,3,0.782,0.7578,13,64,-64
C_boundary_s2,C_boundary,10,closing,1.5,4,0.76686,0.74265,9,65,-65
C_boundary_s2,C_boundary,10,closing,2.0,6,0.70848,0.69797,8,73,-73
C_boundary_s2,C_boundary,10,bridge_only,0.0,0,0.79841,0.77755,18,57,-57
C_boundary_s2,C_boundary,10,bridge_only,0.25,1,0.79877,0.77793,17,54,-54
C_boundary_s2,C_boundary,10,bridge_only,0.5,1,0.79877,0.77793,17,54,-54
C_boundary_s2,C_boundary,10,bridge_only,0.75,2,0.7981,0.77667,16,56,-56
C_boundary_s2,C_boundary,10,bridge_only,1.0,3,0.7924,0.77105,14,55,-55
C_boundary_s2,C_boundary,10,bridge_only,1.5,4,0.78459,0.76533,12,54,-54
C_boundary_s2,C_boundary,10,bridge_only,2.0,6,0.74927,0.74848,11,56,-56
C_boundary_s2,C_boundary,11,closing,0.0,0,0.80518,0.78076,30,60,-60
C_boundary_s2,C_boundary,11,closing,0.25,1,0.80378,0.7782,24,74,-74
C_boundary_s2,C_boundary,11,closing,0.5,1,0.80378,0.7782,24,74,-74
C_boundary_s2,C_boundary,11,closing,0.75,2,0.79755,0.77274,15,75,-75
C_boundary_s2,C_boundary,11,closing,1.0,3,0.78354,0.76175,8,74,-74
C_boundary_s2,C_boundary,11,closing,1.5,4,0.77016,0.75255,2,76,-76
C_boundary_s2,C_boundary,11,closing,2.0,6,0.72447,0.72129,1,76,-76
C_boundary_s2,C_boundary,11,bridge_only,0.0,0,0.80518,0.78076,30,60,-60
C_boundary_s2,C_boundary,11,bridge_only,0.25,1,0.80461,0.78023,26,59,-59
C_boundary_s2,C_boundary,11,bridge_only,0.5,1,0.80461,0.78023,26,59,-59
C_boundary_s2,C_boundary,11,bridge_only,0.75,2,0.80195,0.77934,21,58,-58
C_boundary_s2,C_boundary,11,bridge_only,1.0,3,0.79454,0.77357,17,53,-53
C_boundary_s2,C_boundary,11,bridge_only,1.5,4,0.78625,0.76938,13,54,-54
C_boundary_s2,C_boundary,11,bridge_only,2.0,6,0.76264,0.75662,13,55,-55
C_boundary_s2,C_boundary,12,closing,0.0,0,0.81473,0.83149,21,29,-29
C_boundary_s2,C_boundary,12,closing,0.25,1,0.81479,0.83178,19,32,-32
C_boundary_s2,C_boundary,12,closing,0.5,1,0.81479,0.83178,19,32,-32
C_boundary_s2,C_boundary,12,closing,0.75,2,0.81126,0.82937,16,36,-36
C_boundary_s2,C_boundary,12,closing,1.0,3,0.80315,0.81898,13,31,-31
C_boundary_s2,C_boundary,12,closing,1.5,4,0.78434,0.80394,13,29,-29
C_boundary_s2,C_boundary,12,closing,2.0,6,0.72292,0.74821,10,34,-34
C_boundary_s2,C_boundary,12,bridge_only,0.0,0,0.81473,0.83149,21,29,-29
C_boundary_s2,C_boundary,12,bridge_only,0.25,1,0.81491,0.83179,20,27,-27
C_boundary_s2,C_boundary,12,bridge_only,0.5,1,0.81491,0.83179,20,27,-27
C_boundary_s2,C_boundary,12,bridge_only,0.75,2,0.81317,0.83042,17,28,-28
C_boundary_s2,C_boundary,12,bridge_only,1.0,3,0.80775,0.82486,14,23,-23
C_boundary_s2,C_boundary,12,bridge_only,1.5,4,0.79406,0.81459,14,22,-22
C_boundary_s2,C_boundary,12,bridge_only,2.0,6,0.76128,0.79104,11,24,-24
C_boundary_s2,C_boundary,13,closing,0.0,0,0.81239,0.79018,22,42,-42
C_boundary_s2,C_boundary,13,closing,0.25,1,0.81226,0.79068,16,44,-44
C_boundary_s2,C_boundary,13,closing,0.5,1,0.81226,0.79068,16,44,-44
C_boundary_s2,C_boundary,13,closing,0.75,2,0.80797,0.78525,13,46,-46
C_boundary_s2,C_boundary,13,closing,1.0,3,0.79885,0.77621,10,47,-47
C_boundary_s2,C_boundary,13,closing,1.5,4,0.78529,0.76618,10,44,-44
C_boundary_s2,C_boundary,13,closing,2.0,6,0.73508,0.73123,4,42,-42
C_boundary_s2,C_boundary,13,bridge_only,0.0,0,0.81239,0.79018,22,42,-42
C_boundary_s2,C_boundary,13,bridge_only,0.25,1,0.81233,0.79076,16,40,-40
C_boundary_s2,C_boundary,13,bridge_only,0.5,1,0.81233,0.79076,16,40,-40
C_boundary_s2,C_boundary,13,bridge_only,0.75,2,0.80947,0.78756,13,40,-40
C_boundary_s2,C_boundary,13,bridge_only,1.0,3,0.80502,0.78354,11,41,-41
C_boundary_s2,C_boundary,13,bridge_only,1.5,4,0.79537,0.77702,11,37,-37
C_boundary_s2,C_boundary,13,bridge_only,2.0,6,0.75587,0.75761,6,33,-33
C_boundary_s2,C_boundary,14,closing,0.0,0,0.81831,0.82944,24,17,-17
C_boundary_s2,C_boundary,14,closing,0.25,1,0.81722,0.82854,18,22,-22
C_boundary_s2,C_boundary,14,closing,0.5,1,0.81722,0.82854,18,22,-22
C_boundary_s2,C_boundary,14,closing,0.75,2,0.81217,0.82427,14,21,-21
C_boundary_s2,C_boundary,14,closing,1.0,3,0.80156,0.81529,12,22,-22
C_boundary_s2,C_boundary,14,closing,1.5,4,0.78789,0.80185,13,20,-20
C_boundary_s2,C_boundary,14,closing,2.0,6,0.73115,0.75646,6,17,-17
C_boundary_s2,C_boundary,14,bridge_only,0.0,0,0.81831,0.82944,24,17,-17
C_boundary_s2,C_boundary,14,bridge_only,0.25,1,0.8182,0.82921,22,17,-17
C_boundary_s2,C_boundary,14,bridge_only,0.5,1,0.8182,0.82921,22,17,-17
C_boundary_s2,C_boundary,14,bridge_only,0.75,2,0.81766,0.82958,20,16,-16
C_boundary_s2,C_boundary,14,bridge_only,1.0,3,0.81633,0.82858,20,14,-14
C_boundary_s2,C_boundary,14,bridge_only,1.5,4,0.81252,0.82613,22,14,-14
C_boundary_s2,C_boundary,14,bridge_only,2.0,6,0.79433,0.81468,15,12,-12
C_boundary_s2,C_boundary,15,closing,0.0,0,0.80154,0.834,27,22,-22
C_boundary_s2,C_boundary,15,closing,0.25,1,0.80037,0.83412,27,22,-22
C_boundary_s2,C_boundary,15,closing,0.5,1,0.80037,0.83412,27,22,-22
C_boundary_s2,C_boundary,15,closing,0.75,2,0.79522,0.82982,22,20,-20
C_boundary_s2,C_boundary,15,closing,1.0,3,0.77923,0.81256,19,17,-17
C_boundary_s2,C_boundary,15,closing,1.5,4,0.75707,0.78744,17,20,-20
C_boundary_s2,C_boundary,15,closing,2.0,6,0.67855,0.72492,9,16,-16
C_boundary_s2,C_boundary,15,bridge_only,0.0,0,0.80154,0.834,27,22,-22
C_boundary_s2,C_boundary,15,bridge_only,0.25,1,0.80093,0.83454,27,21,-21
C_boundary_s2,C_boundary,15,bridge_only,0.5,1,0.80093,0.83454,27,21,-21
C_boundary_s2,C_boundary,15,bridge_only,0.75,2,0.79793,0.83264,23,19,-19
C_boundary_s2,C_boundary,15,bridge_only,1.0,3,0.78947,0.82363,20,18,-18
C_boundary_s2,C_boundary,15,bridge_only,1.5,4,0.77751,0.81502,18,15,-15
C_boundary_s2,C_boundary,15,bridge_only,2.0,6,0.71632,0.77162,11,8,-8
C_boundary_s2,C_boundary,16,closing,0.0,0,0.83457,0.86766,25,9,-9
C_boundary_s2,C_boundary,16,closing,0.25,1,0.83316,0.86706,22,21,-21
C_boundary_s2,C_boundary,16,closing,0.5,1,0.83316,0.86706,22,21,-21
C_boundary_s2,C_boundary,16,closing,0.75,2,0.82784,0.86176,16,21,-21
C_boundary_s2,C_boundary,16,closing,1.0,3,0.81378,0.85029,12,19,-19
C_boundary_s2,C_boundary,16,closing,1.5,4,0.79829,0.83735,9,21,-21
C_boundary_s2,C_boundary,16,closing,2.0,6,0.75404,0.80315,6,21,-21
C_boundary_s2,C_boundary,16,bridge_only,0.0,0,0.83457,0.86766,25,9,-9
C_boundary_s2,C_boundary,16,bridge_only,0.25,1,0.83411,0.86724,22,8,-8
C_boundary_s2,C_boundary,16,bridge_only,0.5,1,0.83411,0.86724,22,8,-8
C_boundary_s2,C_boundary,16,bridge_only,0.75,2,0.83183,0.86587,16,7,-7
C_boundary_s2,C_boundary,16,bridge_only,1.0,3,0.82489,0.86124,12,5,-5
C_boundary_s2,C_boundary,16,bridge_only,1.5,4,0.81513,0.85363,11,5,-5
C_boundary_s2,C_boundary,16,bridge_only,2.0,6,0.78753,0.83554,8,3,-3
C_boundary_s2,C_boundary,17,closing,0.0,0,0.81087,0.83016,31,19,-19
C_boundary_s2,C_boundary,17,closing,0.25,1,0.81146,0.83037,24,28,-28
C_boundary_s2,C_boundary,17,closing,0.5,1,0.81146,0.83037,24,28,-28
C_boundary_s2,C_boundary,17,closing,0.75,2,0.81087,0.8292,21,29,-29
C_boundary_s2,C_boundary,17,closing,1.0,3,0.8004,0.82093,17,35,-35
C_boundary_s2,C_boundary,17,closing,1.5,4,0.78887,0.8117,15,34,-34
C_boundary_s2,C_boundary,17,closing,2.0,6,0.74595,0.7847,11,37,-37
C_boundary_s2,C_boundary,17,bridge_only,0.0,0,0.81087,0.83016,31,19,-19
C_boundary_s2,C_boundary,17,bridge_only,0.25,1,0.81101,0.83084,25,17,-17
C_boundary_s2,C_boundary,17,bridge_only,0.5,1,0.81101,0.83084,25,17,-17
C_boundary_s2,C_boundary,17,bridge_only,0.75,2,0.81022,0.82965,23,16,-16
C_boundary_s2,C_boundary,17,bridge_only,1.0,3,0.80426,0.82658,19,17,-17
C_boundary_s2,C_boundary,17,bridge_only,1.5,4,0.79623,0.82104,17,14,-14
C_boundary_s2,C_boundary,17,bridge_only,2.0,6,0.76125,0.80128,14,15,-15
C_boundary_s2,C_boundary,18,closing,0.0,0,0.82094,0.87577,15,2,-2
C_boundary_s2,C_boundary,18,closing,0.25,1,0.81913,0.87159,13,4,-4
C_boundary_s2,C_boundary,18,closing,0.5,1,0.81913,0.87159,13,4,-4
C_boundary_s2,C_boundary,18,closing,0.75,2,0.81323,0.86391,12,14,-14
C_boundary_s2,C_boundary,18,closing,1.0,3,0.80109,0.85114,9,20,-20
C_boundary_s2,C_boundary,18,closing,1.5,4,0.78614,0.84381,8,19,-19
C_boundary_s2,C_boundary,18,closing,2.0,6,0.7398,0.81073,3,19,-19
C_boundary_s2,C_boundary,18,bridge_only,0.0,0,0.82094,0.87577,15,2,-2
C_boundary_s2,C_boundary,18,bridge_only,0.25,1,0.82049,0.87492,13,2,-2
C_boundary_s2,C_boundary,18,bridge_only,0.5,1,0.82049,0.87492,13,2,-2
C_boundary_s2,C_boundary,18,bridge_only,0.75,2,0.81797,0.87361,12,1,-1
C_boundary_s2,C_boundary,18,bridge_only,1.0,3,0.81242,0.86964,9,0,0
C_boundary_s2,C_boundary,18,bridge_only,1.5,4,0.80391,0.86309,8,1,1
C_boundary_s2,C_boundary,18,bridge_only,2.0,6,0.7672,0.83451,4,2,2
C_boundary_s2,C_boundary,19,closing,0.0,0,0.85061,0.87585,22,7,-7
C_boundary_s2,C_boundary,19,closing,0.25,1,0.8487,0.87508,21,4,-4
C_boundary_s2,C_boundary,19,closing,0.5,1,0.8487,0.87508,21,4,-4
C_boundary_s2,C_boundary,19,closing,0.75,2,0.83836,0.86718,13,7,-7
C_boundary_s2,C_boundary,19,closing,1.0,3,0.82022,0.8561,11,9,-9
C_boundary_s2,C_boundary,19,closing,1.5,4,0.79911,0.8405,7,10,-10
C_boundary_s2,C_boundary,19,closing,2.0,6,0.73622,0.79456,4,9,-9
C_boundary_s2,C_boundary,19,bridge_only,0.0,0,0.85061,0.87585,22,7,-7
C_boundary_s2,C_boundary,19,bridge_only,0.25,1,0.85006,0.87605,21,6,-6
C_boundary_s2,C_boundary,19,bridge_only,0.5,1,0.85006,0.87605,21,6,-6
C_boundary_s2,C_boundary,19,bridge_only,0.75,2,0.84555,0.87252,17,7,-7
C_boundary_s2,C_boundary,19,bridge_only,1.0,3,0.8376,0.86647,16,6,-6
C_boundary_s2,C_boundary,19,bridge_only,1.5,4,0.82782,0.8591,13,6,-6
C_boundary_s2,C_boundary,19,bridge_only,2.0,6,0.79822,0.83969,10,3,-3
C_boundary_s2,C_boundary,20,closing,0.0,0,0.80768,0.8402,33,3,3
C_boundary_s2,C_boundary,20,closing,0.25,1,0.80554,0.83755,25,4,-4
C_boundary_s2,C_boundary,20,closing,0.5,1,0.80554,0.83755,25,4,-4
C_boundary_s2,C_boundary,20,closing,0.75,2,0.79747,0.82959,22,8,-8
C_boundary_s2,C_boundary,20,closing,1.0,3,0.78025,0.81373,15,13,-13
C_boundary_s2,C_boundary,20,closing,1.5,4,0.76014,0.79907,13,16,-16
C_boundary_s2,C_boundary,20,closing,2.0,6,0.70765,0.75829,10,18,-18
C_boundary_s2,C_boundary,20,bridge_only,0.0,0,0.80768,0.8402,33,3,3
C_boundary_s2,C_boundary,20,bridge_only,0.25,1,0.80709,0.84021,26,8,8
C_boundary_s2,C_boundary,20,bridge_only,0.5,1,0.80709,0.84021,26,8,8
C_boundary_s2,C_boundary,20,bridge_only,0.75,2,0.80458,0.83858,23,8,8
C_boundary_s2,C_boundary,20,bridge_only,1.0,3,0.79721,0.83276,19,7,7
C_boundary_s2,C_boundary,20,bridge_only,1.5,4,0.78714,0.82858,17,5,5
C_boundary_s2,C_boundary,20,bridge_only,2.0,6,0.75955,0.81158,14,9,9
D_blurpool_s2,D_blurpool,01,closing,0.0,0,0.82295,0.85529,16,24,-24
D_blurpool_s2,D_blurpool,01,closing,0.25,1,0.82073,0.85041,14,29,-29
D_blurpool_s2,D_blurpool,01,closing,0.5,1,0.82073,0.85041,14,29,-29
D_blurpool_s2,D_blurpool,01,closing,0.75,2,0.81433,0.84165,11,28,-28
D_blurpool_s2,D_blurpool,01,closing,1.0,3,0.7975,0.82419,10,26,-26
D_blurpool_s2,D_blurpool,01,closing,1.5,4,0.774,0.80492,3,30,-30
D_blurpool_s2,D_blurpool,01,closing,2.0,6,0.71674,0.75392,4,30,-30
D_blurpool_s2,D_blurpool,01,bridge_only,0.0,0,0.82295,0.85529,16,24,-24
D_blurpool_s2,D_blurpool,01,bridge_only,0.25,1,0.82268,0.85579,14,22,-22
D_blurpool_s2,D_blurpool,01,bridge_only,0.5,1,0.82268,0.85579,14,22,-22
D_blurpool_s2,D_blurpool,01,bridge_only,0.75,2,0.81979,0.85295,11,17,-17
D_blurpool_s2,D_blurpool,01,bridge_only,1.0,3,0.80988,0.84387,11,14,-14
D_blurpool_s2,D_blurpool,01,bridge_only,1.5,4,0.79769,0.83632,5,18,-18
D_blurpool_s2,D_blurpool,01,bridge_only,2.0,6,0.76201,0.81161,1,14,-14
D_blurpool_s2,D_blurpool,02,closing,0.0,0,0.84707,0.8501,16,20,-20
D_blurpool_s2,D_blurpool,02,closing,0.25,1,0.84652,0.84915,13,20,-20
D_blurpool_s2,D_blurpool,02,closing,0.5,1,0.84652,0.84915,13,20,-20
D_blurpool_s2,D_blurpool,02,closing,0.75,2,0.83986,0.84116,12,21,-21
D_blurpool_s2,D_blurpool,02,closing,1.0,3,0.82658,0.83025,8,22,-22
D_blurpool_s2,D_blurpool,02,closing,1.5,4,0.81024,0.81637,8,24,-24
D_blurpool_s2,D_blurpool,02,closing,2.0,6,0.75379,0.77279,3,28,-28
D_blurpool_s2,D_blurpool,02,bridge_only,0.0,0,0.84707,0.8501,16,20,-20
D_blurpool_s2,D_blurpool,02,bridge_only,0.25,1,0.84683,0.8502,15,18,-18
D_blurpool_s2,D_blurpool,02,bridge_only,0.5,1,0.84683,0.8502,15,18,-18
D_blurpool_s2,D_blurpool,02,bridge_only,0.75,2,0.84294,0.84743,14,16,-16
D_blurpool_s2,D_blurpool,02,bridge_only,1.0,3,0.83721,0.8443,11,17,-17
D_blurpool_s2,D_blurpool,02,bridge_only,1.5,4,0.82718,0.83734,11,17,-17
D_blurpool_s2,D_blurpool,02,bridge_only,2.0,6,0.79285,0.81517,6,16,-16
D_blurpool_s2,D_blurpool,03,closing,0.0,0,0.78815,0.77583,35,39,-39
D_blurpool_s2,D_blurpool,03,closing,0.25,1,0.79069,0.77713,29,48,-48
D_blurpool_s2,D_blurpool,03,closing,0.5,1,0.79069,0.77713,29,48,-48
D_blurpool_s2,D_blurpool,03,closing,0.75,2,0.79145,0.77484,25,49,-49
D_blurpool_s2,D_blurpool,03,closing,1.0,3,0.78862,0.77142,24,47,-47
D_blurpool_s2,D_blurpool,03,closing,1.5,4,0.77877,0.76068,18,47,-47
D_blurpool_s2,D_blurpool,03,closing,2.0,6,0.75069,0.73563,13,53,-53
D_blurpool_s2,D_blurpool,03,bridge_only,0.0,0,0.78815,0.77583,35,39,-39
D_blurpool_s2,D_blurpool,03,bridge_only,0.25,1,0.78904,0.77625,31,38,-38
D_blurpool_s2,D_blurpool,03,bridge_only,0.5,1,0.78904,0.77625,31,38,-38
D_blurpool_s2,D_blurpool,03,bridge_only,0.75,2,0.78878,0.77567,28,35,-35
D_blurpool_s2,D_blurpool,03,bridge_only,1.0,3,0.7878,0.77462,27,34,-34
D_blurpool_s2,D_blurpool,03,bridge_only,1.5,4,0.78231,0.76853,21,33,-33
D_blurpool_s2,D_blurpool,03,bridge_only,2.0,6,0.76539,0.75641,17,33,-33
D_blurpool_s2,D_blurpool,04,closing,0.0,0,0.81986,0.78717,20,42,-42
D_blurpool_s2,D_blurpool,04,closing,0.25,1,0.81986,0.78725,15,46,-46
D_blurpool_s2,D_blurpool,04,closing,0.5,1,0.81986,0.78725,15,46,-46
D_blurpool_s2,D_blurpool,04,closing,0.75,2,0.81861,0.78568,13,42,-42
D_blurpool_s2,D_blurpool,04,closing,1.0,3,0.81128,0.77883,9,39,-39
D_blurpool_s2,D_blurpool,04,closing,1.5,4,0.8033,0.77387,6,36,-36
D_blurpool_s2,D_blurpool,04,closing,2.0,6,0.76098,0.7475,3,36,-36
D_blurpool_s2,D_blurpool,04,bridge_only,0.0,0,0.81986,0.78717,20,42,-42
D_blurpool_s2,D_blurpool,04,bridge_only,0.25,1,0.81999,0.78742,17,41,-41
D_blurpool_s2,D_blurpool,04,bridge_only,0.5,1,0.81999,0.78742,17,41,-41
D_blurpool_s2,D_blurpool,04,bridge_only,0.75,2,0.81918,0.78684,15,38,-38
D_blurpool_s2,D_blurpool,04,bridge_only,1.0,3,0.81474,0.78336,12,36,-36
D_blurpool_s2,D_blurpool,04,bridge_only,1.5,4,0.81004,0.7801,9,34,-34
D_blurpool_s2,D_blurpool,04,bridge_only,2.0,6,0.77901,0.76324,6,31,-31
D_blurpool_s2,D_blurpool,05,closing,0.0,0,0.79791,0.77121,18,36,-36
D_blurpool_s2,D_blurpool,05,closing,0.25,1,0.79834,0.77082,17,39,-39
D_blurpool_s2,D_blurpool,05,closing,0.5,1,0.79834,0.77082,17,39,-39
D_blurpool_s2,D_blurpool,05,closing,0.75,2,0.79687,0.76999,14,43,-43
D_blurpool_s2,D_blurpool,05,closing,1.0,3,0.79164,0.76766,13,44,-44
D_blurpool_s2,D_blurpool,05,closing,1.5,4,0.77888,0.75909,10,44,-44
D_blurpool_s2,D_blurpool,05,closing,2.0,6,0.74694,0.74121,11,44,-44
D_blurpool_s2,D_blurpool,05,bridge_only,0.0,0,0.79791,0.77121,18,36,-36
D_blurpool_s2,D_blurpool,05,bridge_only,0.25,1,0.7983,0.77168,18,33,-33
D_blurpool_s2,D_blurpool,05,bridge_only,0.5,1,0.7983,0.77168,18,33,-33
D_blurpool_s2,D_blurpool,05,bridge_only,0.75,2,0.79784,0.77121,16,34,-34
D_blurpool_s2,D_blurpool,05,bridge_only,1.0,3,0.79511,0.76981,15,34,-34
D_blurpool_s2,D_blurpool,05,bridge_only,1.5,4,0.78717,0.76505,12,33,-33
D_blurpool_s2,D_blurpool,05,bridge_only,2.0,6,0.7665,0.75401,13,33,-33
D_blurpool_s2,D_blurpool,06,closing,0.0,0,0.78968,0.76484,22,48,-48
D_blurpool_s2,D_blurpool,06,closing,0.25,1,0.79042,0.76623,18,49,-49
D_blurpool_s2,D_blurpool,06,closing,0.5,1,0.79042,0.76623,18,49,-49
D_blurpool_s2,D_blurpool,06,closing,0.75,2,0.78903,0.76402,13,46,-46
D_blurpool_s2,D_blurpool,06,closing,1.0,3,0.78121,0.75536,9,43,-43
D_blurpool_s2,D_blurpool,06,closing,1.5,4,0.77133,0.74817,9,43,-43
D_blurpool_s2,D_blurpool,06,closing,2.0,6,0.72798,0.71973,7,48,-48
D_blurpool_s2,D_blurpool,06,bridge_only,0.0,0,0.78968,0.76484,22,48,-48
D_blurpool_s2,D_blurpool,06,bridge_only,0.25,1,0.79006,0.76575,19,47,-47
D_blurpool_s2,D_blurpool,06,bridge_only,0.5,1,0.79006,0.76575,19,47,-47
D_blurpool_s2,D_blurpool,06,bridge_only,0.75,2,0.78919,0.76442,14,44,-44
D_blurpool_s2,D_blurpool,06,bridge_only,1.0,3,0.78447,0.76052,11,43,-43
D_blurpool_s2,D_blurpool,06,bridge_only,1.5,4,0.77864,0.75752,11,42,-42
D_blurpool_s2,D_blurpool,06,bridge_only,2.0,6,0.75072,0.74209,9,43,-43
D_blurpool_s2,D_blurpool,07,closing,0.0,0,0.80509,0.79229,31,48,-48
D_blurpool_s2,D_blurpool,07,closing,0.25,1,0.80538,0.79224,27,45,-45
D_blurpool_s2,D_blurpool,07,closing,0.5,1,0.80538,0.79224,27,45,-45
D_blurpool_s2,D_blurpool,07,closing,0.75,2,0.8029,0.79109,24,50,-50
D_blurpool_s2,D_blurpool,07,closing,1.0,3,0.79599,0.78536,23,50,-50
D_blurpool_s2,D_blurpool,07,closing,1.5,4,0.78402,0.77564,21,54,-54
D_blurpool_s2,D_blurpool,07,closing,2.0,6,0.74899,0.74719,17,55,-55
D_blurpool_s2,D_blurpool,07,bridge_only,0.0,0,0.80509,0.79229,31,48,-48
D_blurpool_s2,D_blurpool,07,bridge_only,0.25,1,0.80538,0.79261,27,47,-47
D_blurpool_s2,D_blurpool,07,bridge_only,0.5,1,0.80538,0.79261,27,47,-47
D_blurpool_s2,D_blurpool,07,bridge_only,0.75,2,0.80485,0.7941,25,47,-47
D_blurpool_s2,D_blurpool,07,bridge_only,1.0,3,0.80216,0.7925,24,47,-47
D_blurpool_s2,D_blurpool,07,bridge_only,1.5,4,0.79742,0.78971,23,48,-48
D_blurpool_s2,D_blurpool,07,bridge_only,2.0,6,0.77925,0.77976,19,46,-46
D_blurpool_s2,D_blurpool,08,closing,0.0,0,0.78746,0.77395,23,40,-40
D_blurpool_s2,D_blurpool,08,closing,0.25,1,0.78815,0.77497,23,50,-50
D_blurpool_s2,D_blurpool,08,closing,0.5,1,0.78815,0.77497,23,50,-50
D_blurpool_s2,D_blurpool,08,closing,0.75,2,0.78723,0.77218,21,56,-56
D_blurpool_s2,D_blurpool,08,closing,1.0,3,0.78253,0.76641,19,55,-55
D_blurpool_s2,D_blurpool,08,closing,1.5,4,0.77496,0.75966,18,55,-55
D_blurpool_s2,D_blurpool,08,closing,2.0,6,0.73991,0.73352,13,54,-54
D_blurpool_s2,D_blurpool,08,bridge_only,0.0,0,0.78746,0.77395,23,40,-40
D_blurpool_s2,D_blurpool,08,bridge_only,0.25,1,0.78794,0.77506,23,39,-39
D_blurpool_s2,D_blurpool,08,bridge_only,0.5,1,0.78794,0.77506,23,39,-39
D_blurpool_s2,D_blurpool,08,bridge_only,0.75,2,0.78688,0.77491,21,38,-38
D_blurpool_s2,D_blurpool,08,bridge_only,1.0,3,0.78339,0.77062,19,36,-36
D_blurpool_s2,D_blurpool,08,bridge_only,1.5,4,0.77781,0.766,18,34,-34
D_blurpool_s2,D_blurpool,08,bridge_only,2.0,6,0.74683,0.74672,13,34,-34
D_blurpool_s2,D_blurpool,09,closing,0.0,0,0.78135,0.76953,28,31,-31
D_blurpool_s2,D_blurpool,09,closing,0.25,1,0.78197,0.77016,23,29,-29
D_blurpool_s2,D_blurpool,09,closing,0.5,1,0.78197,0.77016,23,29,-29
D_blurpool_s2,D_blurpool,09,closing,0.75,2,0.78009,0.76604,18,28,-28
D_blurpool_s2,D_blurpool,09,closing,1.0,3,0.77475,0.76167,13,30,-30
D_blurpool_s2,D_blurpool,09,closing,1.5,4,0.76513,0.75243,11,31,-31
D_blurpool_s2,D_blurpool,09,closing,2.0,6,0.73071,0.72403,7,32,-32
D_blurpool_s2,D_blurpool,09,bridge_only,0.0,0,0.78135,0.76953,28,31,-31
D_blurpool_s2,D_blurpool,09,bridge_only,0.25,1,0.78165,0.77032,24,30,-30
D_blurpool_s2,D_blurpool,09,bridge_only,0.5,1,0.78165,0.77032,24,30,-30
D_blurpool_s2,D_blurpool,09,bridge_only,0.75,2,0.78137,0.77007,19,29,-29
D_blurpool_s2,D_blurpool,09,bridge_only,1.0,3,0.77909,0.77023,14,28,-28
D_blurpool_s2,D_blurpool,09,bridge_only,1.5,4,0.773,0.76592,12,27,-27
D_blurpool_s2,D_blurpool,09,bridge_only,2.0,6,0.75211,0.75055,8,26,-26
D_blurpool_s2,D_blurpool,10,closing,0.0,0,0.80534,0.78563,12,63,-63
D_blurpool_s2,D_blurpool,10,closing,0.25,1,0.80441,0.785,11,64,-64
D_blurpool_s2,D_blurpool,10,closing,0.5,1,0.80441,0.785,11,64,-64
D_blurpool_s2,D_blurpool,10,closing,0.75,2,0.80007,0.77822,10,59,-59
D_blurpool_s2,D_blurpool,10,closing,1.0,3,0.78455,0.76045,8,63,-63
D_blurpool_s2,D_blurpool,10,closing,1.5,4,0.77007,0.74726,6,66,-66
D_blurpool_s2,D_blurpool,10,closing,2.0,6,0.71089,0.69965,3,72,-72
D_blurpool_s2,D_blurpool,10,bridge_only,0.0,0,0.80534,0.78563,12,63,-63
D_blurpool_s2,D_blurpool,10,bridge_only,0.25,1,0.80488,0.78529,11,61,-61
D_blurpool_s2,D_blurpool,10,bridge_only,0.5,1,0.80488,0.78529,11,61,-61
D_blurpool_s2,D_blurpool,10,bridge_only,0.75,2,0.80274,0.7821,11,59,-59
D_blurpool_s2,D_blurpool,10,bridge_only,1.0,3,0.79676,0.77544,9,59,-59
D_blurpool_s2,D_blurpool,10,bridge_only,1.5,4,0.78992,0.76988,7,60,-60
D_blurpool_s2,D_blurpool,10,bridge_only,2.0,6,0.74961,0.7466,4,60,-60
D_blurpool_s2,D_blurpool,11,closing,0.0,0,0.80565,0.77666,22,62,-62
D_blurpool_s2,D_blurpool,11,closing,0.25,1,0.8041,0.77543,18,73,-73
D_blurpool_s2,D_blurpool,11,closing,0.5,1,0.8041,0.77543,18,73,-73
D_blurpool_s2,D_blurpool,11,closing,0.75,2,0.79764,0.76818,16,75,-75
D_blurpool_s2,D_blurpool,11,closing,1.0,3,0.78342,0.75627,10,75,-75
D_blurpool_s2,D_blurpool,11,closing,1.5,4,0.76953,0.74526,7,77,-77
D_blurpool_s2,D_blurpool,11,closing,2.0,6,0.72357,0.71316,4,78,-78
D_blurpool_s2,D_blurpool,11,bridge_only,0.0,0,0.80565,0.77666,22,62,-62
D_blurpool_s2,D_blurpool,11,bridge_only,0.25,1,0.80505,0.77691,19,61,-61
D_blurpool_s2,D_blurpool,11,bridge_only,0.5,1,0.80505,0.77691,19,61,-61
D_blurpool_s2,D_blurpool,11,bridge_only,0.75,2,0.80208,0.77579,17,58,-58
D_blurpool_s2,D_blurpool,11,bridge_only,1.0,3,0.79561,0.77226,13,56,-56
D_blurpool_s2,D_blurpool,11,bridge_only,1.5,4,0.78746,0.76711,13,58,-58
D_blurpool_s2,D_blurpool,11,bridge_only,2.0,6,0.76425,0.75486,10,60,-60
D_blurpool_s2,D_blurpool,12,closing,0.0,0,0.81687,0.8312,19,24,-24
D_blurpool_s2,D_blurpool,12,closing,0.25,1,0.81756,0.83116,16,30,-30
D_blurpool_s2,D_blurpool,12,closing,0.5,1,0.81756,0.83116,16,30,-30
D_blurpool_s2,D_blurpool,12,closing,0.75,2,0.81462,0.82829,12,25,-25
D_blurpool_s2,D_blurpool,12,closing,1.0,3,0.80338,0.81646,10,28,-28
D_blurpool_s2,D_blurpool,12,closing,1.5,4,0.78488,0.80122,10,33,-33
D_blurpool_s2,D_blurpool,12,closing,2.0,6,0.7228,0.74771,5,36,-36
D_blurpool_s2,D_blurpool,12,bridge_only,0.0,0,0.81687,0.8312,19,24,-24
D_blurpool_s2,D_blurpool,12,bridge_only,0.25,1,0.81717,0.83166,17,23,-23
D_blurpool_s2,D_blurpool,12,bridge_only,0.5,1,0.81717,0.83166,17,23,-23
D_blurpool_s2,D_blurpool,12,bridge_only,0.75,2,0.81637,0.83051,14,19,-19
D_blurpool_s2,D_blurpool,12,bridge_only,1.0,3,0.80921,0.82315,12,18,-18
D_blurpool_s2,D_blurpool,12,bridge_only,1.5,4,0.79787,0.81309,12,22,-22
D_blurpool_s2,D_blurpool,12,bridge_only,2.0,6,0.76824,0.79299,10,20,-20
D_blurpool_s2,D_blurpool,13,closing,0.0,0,0.80822,0.78723,27,45,-45
D_blurpool_s2,D_blurpool,13,closing,0.25,1,0.80849,0.78754,22,44,-44
D_blurpool_s2,D_blurpool,13,closing,0.5,1,0.80849,0.78754,22,44,-44
D_blurpool_s2,D_blurpool,13,closing,0.75,2,0.80554,0.78337,16,47,-47
D_blurpool_s2,D_blurpool,13,closing,1.0,3,0.79603,0.77467,11,48,-48
D_blurpool_s2,D_blurpool,13,closing,1.5,4,0.78472,0.76662,9,44,-44
D_blurpool_s2,D_blurpool,13,closing,2.0,6,0.73475,0.72849,6,46,-46
D_blurpool_s2,D_blurpool,13,bridge_only,0.0,0,0.80822,0.78723,27,45,-45
D_blurpool_s2,D_blurpool,13,bridge_only,0.25,1,0.80835,0.78744,23,41,-41
D_blurpool_s2,D_blurpool,13,bridge_only,0.5,1,0.80835,0.78744,23,41,-41
D_blurpool_s2,D_blurpool,13,bridge_only,0.75,2,0.80691,0.78567,17,42,-42
D_blurpool_s2,D_blurpool,13,bridge_only,1.0,3,0.80208,0.78245,12,42,-42
D_blurpool_s2,D_blurpool,13,bridge_only,1.5,4,0.79427,0.77728,10,38,-38
D_blurpool_s2,D_blurpool,13,bridge_only,2.0,6,0.75457,0.75444,7,37,-37
D_blurpool_s2,D_blurpool,14,closing,0.0,0,0.81642,0.82792,26,21,-21
D_blurpool_s2,D_blurpool,14,closing,0.25,1,0.81516,0.82585,22,21,-21
D_blurpool_s2,D_blurpool,14,closing,0.5,1,0.81516,0.82585,22,21,-21
D_blurpool_s2,D_blurpool,14,closing,0.75,2,0.81022,0.82394,16,17,-17
D_blurpool_s2,D_blurpool,14,closing,1.0,3,0.79875,0.8123,12,19,-19
D_blurpool_s2,D_blurpool,14,closing,1.5,4,0.78277,0.80048,12,18,-18
D_blurpool_s2,D_blurpool,14,closing,2.0,6,0.72714,0.75427,11,18,-18
D_blurpool_s2,D_blurpool,14,bridge_only,0.0,0,0.81642,0.82792,26,21,-21
D_blurpool_s2,D_blurpool,14,bridge_only,0.25,1,0.81635,0.82787,25,21,-21
D_blurpool_s2,D_blurpool,14,bridge_only,0.5,1,0.81635,0.82787,25,21,-21
D_blurpool_s2,D_blurpool,14,bridge_only,0.75,2,0.81616,0.82899,24,20,-20
D_blurpool_s2,D_blurpool,14,bridge_only,1.0,3,0.81455,0.82744,23,19,-19
D_blurpool_s2,D_blurpool,14,bridge_only,1.5,4,0.81029,0.82538,23,19,-19
D_blurpool_s2,D_blurpool,14,bridge_only,2.0,6,0.79374,0.81525,23,20,-20
D_blurpool_s2,D_blurpool,15,closing,0.0,0,0.78126,0.81583,25,20,-20
D_blurpool_s2,D_blurpool,15,closing,0.25,1,0.7796,0.81487,20,17,-17
D_blurpool_s2,D_blurpool,15,closing,0.5,1,0.7796,0.81487,20,17,-17
D_blurpool_s2,D_blurpool,15,closing,0.75,2,0.77349,0.8123,18,20,-20
D_blurpool_s2,D_blurpool,15,closing,1.0,3,0.7577,0.79562,16,13,-13
D_blurpool_s2,D_blurpool,15,closing,1.5,4,0.73344,0.77123,15,19,-19
D_blurpool_s2,D_blurpool,15,closing,2.0,6,0.66555,0.71966,11,18,-18
D_blurpool_s2,D_blurpool,15,bridge_only,0.0,0,0.78126,0.81583,25,20,-20
D_blurpool_s2,D_blurpool,15,bridge_only,0.25,1,0.7803,0.81486,20,16,-16
D_blurpool_s2,D_blurpool,15,bridge_only,0.5,1,0.7803,0.81486,20,16,-16
D_blurpool_s2,D_blurpool,15,bridge_only,0.75,2,0.77706,0.81436,18,18,-18
D_blurpool_s2,D_blurpool,15,bridge_only,1.0,3,0.76807,0.80515,17,14,-14
D_blurpool_s2,D_blurpool,15,bridge_only,1.5,4,0.75335,0.79359,16,14,-14
D_blurpool_s2,D_blurpool,15,bridge_only,2.0,6,0.70023,0.75334,12,12,-12
D_blurpool_s2,D_blurpool,16,closing,0.0,0,0.82817,0.86182,24,11,-11
D_blurpool_s2,D_blurpool,16,closing,0.25,1,0.82759,0.86218,21,22,-22
D_blurpool_s2,D_blurpool,16,closing,0.5,1,0.82759,0.86218,21,22,-22
D_blurpool_s2,D_blurpool,16,closing,0.75,2,0.82216,0.85699,15,17,-17
D_blurpool_s2,D_blurpool,16,closing,1.0,3,0.80894,0.84713,11,18,-18
D_blurpool_s2,D_blurpool,16,closing,1.5,4,0.79421,0.83669,11,21,-21
D_blurpool_s2,D_blurpool,16,closing,2.0,6,0.75186,0.80437,8,22,-22
D_blurpool_s2,D_blurpool,16,bridge_only,0.0,0,0.82817,0.86182,24,11,-11
D_blurpool_s2,D_blurpool,16,bridge_only,0.25,1,0.82823,0.86143,22,10,-10
D_blurpool_s2,D_blurpool,16,bridge_only,0.5,1,0.82823,0.86143,22,10,-10
D_blurpool_s2,D_blurpool,16,bridge_only,0.75,2,0.82621,0.86087,19,6,-6
D_blurpool_s2,D_blurpool,16,bridge_only,1.0,3,0.82008,0.85653,15,5,-5
D_blurpool_s2,D_blurpool,16,bridge_only,1.5,4,0.81094,0.85002,16,6,-6
D_blurpool_s2,D_blurpool,16,bridge_only,2.0,6,0.7845,0.83344,13,5,-5
D_blurpool_s2,D_blurpool,17,closing,0.0,0,0.80492,0.82455,25,14,-14
D_blurpool_s2,D_blurpool,17,closing,0.25,1,0.80555,0.82499,22,28,-28
D_blurpool_s2,D_blurpool,17,closing,0.5,1,0.80555,0.82499,22,28,-28
D_blurpool_s2,D_blurpool,17,closing,0.75,2,0.80468,0.82603,22,27,-27
D_blurpool_s2,D_blurpool,17,closing,1.0,3,0.79865,0.82081,15,33,-33
D_blurpool_s2,D_blurpool,17,closing,1.5,4,0.78831,0.81155,13,32,-32
D_blurpool_s2,D_blurpool,17,closing,2.0,6,0.74247,0.78504,9,34,-34
D_blurpool_s2,D_blurpool,17,bridge_only,0.0,0,0.80492,0.82455,25,14,-14
D_blurpool_s2,D_blurpool,17,bridge_only,0.25,1,0.80517,0.82482,22,13,-13
D_blurpool_s2,D_blurpool,17,bridge_only,0.5,1,0.80517,0.82482,22,13,-13
D_blurpool_s2,D_blurpool,17,bridge_only,0.75,2,0.80417,0.82604,22,11,-11
D_blurpool_s2,D_blurpool,17,bridge_only,1.0,3,0.8007,0.82423,16,13,-13
D_blurpool_s2,D_blurpool,17,bridge_only,1.5,4,0.79529,0.8212,15,10,-10
D_blurpool_s2,D_blurpool,17,bridge_only,2.0,6,0.76577,0.80725,12,8,-8
D_blurpool_s2,D_blurpool,18,closing,0.0,0,0.81286,0.86068,19,10,-10
D_blurpool_s2,D_blurpool,18,closing,0.25,1,0.81139,0.85765,19,9,-9
D_blurpool_s2,D_blurpool,18,closing,0.5,1,0.81139,0.85765,19,9,-9
D_blurpool_s2,D_blurpool,18,closing,0.75,2,0.80578,0.85161,15,21,-21
D_blurpool_s2,D_blurpool,18,closing,1.0,3,0.79338,0.83724,11,25,-25
D_blurpool_s2,D_blurpool,18,closing,1.5,4,0.77834,0.82973,9,22,-22
D_blurpool_s2,D_blurpool,18,closing,2.0,6,0.73342,0.80212,5,19,-19
D_blurpool_s2,D_blurpool,18,bridge_only,0.0,0,0.81286,0.86068,19,10,-10
D_blurpool_s2,D_blurpool,18,bridge_only,0.25,1,0.8125,0.86005,19,8,-8
D_blurpool_s2,D_blurpool,18,bridge_only,0.5,1,0.8125,0.86005,19,8,-8
D_blurpool_s2,D_blurpool,18,bridge_only,0.75,2,0.81006,0.85831,15,10,-10
D_blurpool_s2,D_blurpool,18,bridge_only,1.0,3,0.80491,0.85249,11,10,-10
D_blurpool_s2,D_blurpool,18,bridge_only,1.5,4,0.79515,0.84682,10,8,-8
D_blurpool_s2,D_blurpool,18,bridge_only,2.0,6,0.7595,0.82383,6,4,-4
D_blurpool_s2,D_blurpool,19,closing,0.0,0,0.84655,0.87541,14,5,5
D_blurpool_s2,D_blurpool,19,closing,0.25,1,0.8442,0.87451,13,4,-4
D_blurpool_s2,D_blurpool,19,closing,0.5,1,0.8442,0.87451,13,4,-4
D_blurpool_s2,D_blurpool,19,closing,0.75,2,0.83512,0.86699,8,5,-5
D_blurpool_s2,D_blurpool,19,closing,1.0,3,0.81585,0.85405,6,6,-6
D_blurpool_s2,D_blurpool,19,closing,1.5,4,0.79502,0.83801,3,6,-6
D_blurpool_s2,D_blurpool,19,closing,2.0,6,0.73343,0.79474,2,10,-10
D_blurpool_s2,D_blurpool,19,bridge_only,0.0,0,0.84655,0.87541,14,5,5
D_blurpool_s2,D_blurpool,19,bridge_only,0.25,1,0.84549,0.87558,13,5,5
D_blurpool_s2,D_blurpool,19,bridge_only,0.5,1,0.84549,0.87558,13,5,5
D_blurpool_s2,D_blurpool,19,bridge_only,0.75,2,0.84082,0.87202,9,8,8
D_blurpool_s2,D_blurpool,19,bridge_only,1.0,3,0.83178,0.86518,8,8,8
D_blurpool_s2,D_blurpool,19,bridge_only,1.5,4,0.82214,0.85683,5,7,7
D_blurpool_s2,D_blurpool,19,bridge_only,2.0,6,0.79388,0.8389,4,9,9
D_blurpool_s2,D_blurpool,20,closing,0.0,0,0.8009,0.82838,33,3,3
D_blurpool_s2,D_blurpool,20,closing,0.25,1,0.79877,0.82612,30,7,-7
D_blurpool_s2,D_blurpool,20,closing,0.5,1,0.79877,0.82612,30,7,-7
D_blurpool_s2,D_blurpool,20,closing,0.75,2,0.79067,0.81691,24,10,-10
D_blurpool_s2,D_blurpool,20,closing,1.0,3,0.7747,0.80066,19,11,-11
D_blurpool_s2,D_blurpool,20,closing,1.5,4,0.75606,0.78609,17,14,-14
D_blurpool_s2,D_blurpool,20,closing,2.0,6,0.70462,0.74806,11,16,-16
D_blurpool_s2,D_blurpool,20,bridge_only,0.0,0,0.8009,0.82838,33,3,3
D_blurpool_s2,D_blurpool,20,bridge_only,0.25,1,0.8003,0.82882,31,7,7
D_blurpool_s2,D_blurpool,20,bridge_only,0.5,1,0.8003,0.82882,31,7,7
D_blurpool_s2,D_blurpool,20,bridge_only,0.75,2,0.79678,0.82458,26,6,6
D_blurpool_s2,D_blurpool,20,bridge_only,1.0,3,0.79131,0.82129,23,7,7
D_blurpool_s2,D_blurpool,20,bridge_only,1.5,4,0.78419,0.81832,23,4,4
D_blurpool_s2,D_blurpool,20,bridge_only,2.0,6,0.75609,0.80141,20,6,6
