run,config,image,erl,skel_px,erl_Q1_dimmest,share_Q1_dimmest,erl_Q2,share_Q2,erl_Q3,share_Q3,erl_Q4_clearest,share_Q4_clearest
A_dice_s0,A_dice,01,4136.323,9312,1.81,0.2478,4.183,0.8777,7.199,0.9729,110.978,1.0
A_dice_s0,A_dice,02,4852.987,9289,2.362,0.238,3.906,0.843,10.088,0.9972,106.805,1.0
A_dice_s0,A_dice,03,1054.541,9221,2.278,0.1242,5.307,0.913,8.544,0.9834,39.305,0.9999
A_dice_s0,A_dice,04,2883.488,8926,2.673,0.0815,3.749,0.865,7.685,0.9938,376.645,0.9999
A_dice_s0,A_dice,05,2813.088,9586,1.255,0.0724,3.923,0.9055,7.679,0.9957,47.572,0.9999
A_dice_s0,A_dice,06,1362.522,9989,2.603,0.0805,3.001,0.7936,7.308,0.9982,35.665,1.0
A_dice_s0,A_dice,07,2771.359,8968,1.399,0.077,3.841,0.8308,6.866,0.9878,97.164,0.9967
A_dice_s0,A_dice,08,687.732,8585,1.776,0.0787,4.058,0.8726,8.796,0.9916,38.44,0.9994
A_dice_s0,A_dice,09,1121.734,8726,2.658,0.1607,4.36,0.91,9.11,0.9905,62.833,0.994
A_dice_s0,A_dice,10,2774.784,9137,2.325,0.166,4.431,0.8869,8.412,0.9969,96.476,1.0
A_dice_s0,A_dice,11,3357.584,10456,1.06,0.1028,2.927,0.7996,5.769,0.9694,340.087,0.9982
A_dice_s0,A_dice,12,1459.04,8712,2.774,0.2137,3.772,0.8561,5.767,0.9852,43.521,0.9991
A_dice_s0,A_dice,13,1977.011,10186,1.797,0.1705,4.067,0.8305,6.631,0.9773,105.965,1.0
A_dice_s0,A_dice,14,4180.492,8358,1.762,0.2376,3.904,0.867,6.392,0.9955,68.134,1.0
A_dice_s0,A_dice,15,3567.293,7651,2.705,0.2888,4.235,0.8992,6.213,0.9994,270.675,1.0
A_dice_s0,A_dice,16,4344.119,8812,2.145,0.284,4.781,0.9141,7.781,0.9971,229.871,1.0
A_dice_s0,A_dice,17,2387.113,7984,2.923,0.1857,5.0,0.8995,5.843,0.9924,27.808,0.9983
A_dice_s0,A_dice,18,3650.31,7659,3.148,0.3041,3.761,0.8754,7.469,0.9931,69.69,0.9999
A_dice_s0,A_dice,19,4980.219,8476,4.234,0.3989,4.157,0.9446,7.998,0.9963,33.918,1.0
A_dice_s0,A_dice,20,1086.513,7373,3.113,0.3103,4.433,0.9321,8.605,0.9914,45.792,1.0
A_dice_s1,A_dice,01,4315.004,9312,2.07,0.2833,4.279,0.8979,7.236,0.9781,108.805,0.9804
A_dice_s1,A_dice,02,4864.221,9289,2.166,0.2182,4.008,0.8649,10.089,0.9972,106.805,1.0
A_dice_s1,A_dice,03,1229.317,9221,2.198,0.1198,5.253,0.9036,8.57,0.9863,39.308,1.0
A_dice_s1,A_dice,04,3009.445,8926,3.065,0.0935,3.864,0.8916,7.66,0.9905,376.671,1.0
A_dice_s1,A_dice,05,3036.275,9586,1.37,0.0791,3.906,0.9016,7.689,0.9969,47.572,0.9999
A_dice_s1,A_dice,06,2888.1,9989,2.55,0.0789,3.127,0.827,7.304,0.9977,35.665,1.0
A_dice_s1,A_dice,07,3011.788,8968,1.566,0.0863,3.883,0.8398,6.895,0.9919,97.147,0.9965
A_dice_s1,A_dice,08,850.705,8585,2.078,0.0921,4.169,0.8965,8.803,0.9923,38.443,0.9995
A_dice_s1,A_dice,09,1456.357,8726,3.006,0.1818,4.375,0.913,9.196,0.9999,63.094,0.9981
A_dice_s1,A_dice,10,2740.077,9137,2.169,0.1549,4.455,0.8917,8.418,0.9975,96.476,1.0
A_dice_s1,A_dice,11,3620.607,10456,1.566,0.1517,2.987,0.816,5.82,0.9779,340.694,1.0
A_dice_s1,A_dice,12,1948.307,8712,2.888,0.2225,3.867,0.8777,5.8,0.9909,43.562,1.0
A_dice_s1,A_dice,13,1787.045,10186,1.817,0.1724,4.174,0.8524,6.704,0.988,105.965,1.0
A_dice_s1,A_dice,14,3968.014,8358,1.739,0.2346,3.849,0.8549,6.38,0.9936,68.134,1.0
A_dice_s1,A_dice,15,3900.146,7651,2.432,0.2597,4.313,0.9157,6.213,0.9993,270.675,1.0
A_dice_s1,A_dice,16,2412.165,8812,2.402,0.318,4.805,0.9189,7.782,0.9971,225.446,0.9807
A_dice_s1,A_dice,17,1170.426,7984,2.799,0.1778,4.984,0.8965,5.815,0.9875,27.816,0.9986
A_dice_s1,A_dice,18,3691.938,7659,4.098,0.3959,3.919,0.912,7.509,0.9984,69.695,1.0
A_dice_s1,A_dice,19,4851.607,8476,4.326,0.4076,4.157,0.9446,8.009,0.9976,33.916,0.9999
A_dice_s1,A_dice,20,1092.899,7373,3.271,0.326,4.453,0.9364,8.632,0.9944,45.792,1.0
A_dice_s2,A_dice,01,4486.177,9312,1.886,0.2582,4.226,0.8869,7.221,0.976,108.804,0.9804
A_dice_s2,A_dice,02,4783.286,9289,2.6,0.262,3.976,0.8582,10.085,0.9969,106.805,1.0
A_dice_s2,A_dice,03,652.944,9221,2.35,0.1281,5.158,0.8874,8.553,0.9844,39.307,1.0
A_dice_s2,A_dice,04,3332.741,8926,2.617,0.0798,3.897,0.8992,7.649,0.9891,376.668,1.0
A_dice_s2,A_dice,05,2738.215,9586,1.352,0.0781,3.788,0.8745,7.685,0.9964,47.375,0.9957
A_dice_s2,A_dice,06,2836.975,9989,3.904,0.1207,3.069,0.8117,7.307,0.9981,35.665,1.0
A_dice_s2,A_dice,07,3148.526,8968,1.618,0.0891,3.866,0.8363,6.876,0.9893,97.154,0.9966
A_dice_s2,A_dice,08,582.25,8585,2.093,0.0928,4.09,0.8795,8.788,0.9906,38.435,0.9993
A_dice_s2,A_dice,09,1562.642,8726,3.23,0.1953,4.415,0.9214,9.08,0.9872,63.198,0.9998
A_dice_s2,A_dice,10,2865.766,9137,2.003,0.143,4.409,0.8824,8.405,0.996,95.367,0.9885
A_dice_s2,A_dice,11,3851.965,10456,1.176,0.114,2.906,0.7939,5.798,0.9741,340.041,0.9981
A_dice_s2,A_dice,12,1449.89,8712,2.383,0.1835,3.772,0.8563,5.728,0.9786,43.486,0.9983
A_dice_s2,A_dice,13,3231.791,10186,2.149,0.204,4.191,0.8559,6.706,0.9883,105.965,1.0
A_dice_s2,A_dice,14,4227.005,8358,1.794,0.242,3.749,0.8326,6.364,0.9911,68.134,1.0
A_dice_s2,A_dice,15,3885.232,7651,2.391,0.2552,4.362,0.9262,6.213,0.9994,270.675,1.0
A_dice_s2,A_dice,16,4382.869,8812,2.184,0.289,4.791,0.9161,7.77,0.9956,229.877,1.0
A_dice_s2,A_dice,17,1419.527,7984,2.549,0.1619,5.064,0.9109,5.865,0.9961,27.822,0.9988
A_dice_s2,A_dice,18,3808.982,7659,3.621,0.3498,3.747,0.872,7.463,0.9923,69.692,1.0
A_dice_s2,A_dice,19,5262.774,8476,3.578,0.3372,4.101,0.9317,7.959,0.9914,33.916,0.9999
A_dice_s2,A_dice,20,1138.202,7373,3.439,0.3427,4.375,0.92,8.64,0.9953,45.789,0.9999
A_dice_s3,A_dice,01,4544.596,9312,1.924,0.2634,4.293,0.9008,7.32,0.9893,110.98,1.0
A_dice_s3,A_dice,02,4867.495,9289,2.044,0.2059,4.096,0.884,10.097,0.998,106.805,1.0
A_dice_s3,A_dice,03,654.61,9221,2.29,0.1249,5.289,0.9098,8.561,0.9852,39.308,1.0
A_dice_s3,A_dice,04,3395.694,8926,2.863,0.0873,3.834,0.8847,7.688,0.9942,376.277,0.999
A_dice_s3,A_dice,05,2956.639,9586,1.445,0.0835,3.935,0.9083,7.68,0.9957,47.572,0.9999
A_dice_s3,A_dice,06,2674.078,9989,2.98,0.0921,2.978,0.7875,7.297,0.9966,35.532,0.9963
A_dice_s3,A_dice,07,2812.584,8968,1.344,0.0741,3.767,0.8149,6.881,0.9899,97.147,0.9965
A_dice_s3,A_dice,08,713.2,8585,1.749,0.0775,4.068,0.8748,8.815,0.9937,38.438,0.9993
A_dice_s3,A_dice,09,1213.471,8726,2.737,0.1655,4.373,0.9125,9.093,0.9887,62.788,0.9933
A_dice_s3,A_dice,10,2714.17,9137,2.183,0.1559,4.427,0.886,8.427,0.9986,96.476,1.0
A_dice_s3,A_dice,11,3340.017,10456,1.02,0.0988,3.0,0.8194,5.799,0.9744,340.064,0.9981
A_dice_s3,A_dice,12,2003.163,8712,2.71,0.2088,3.817,0.8663,5.793,0.9897,43.562,1.0
A_dice_s3,A_dice,13,1725.215,10186,1.802,0.1711,4.148,0.847,6.65,0.9801,105.965,1.0
A_dice_s3,A_dice,14,3882.636,8358,1.79,0.2414,3.852,0.8554,6.361,0.9907,68.134,1.0
A_dice_s3,A_dice,15,3355.485,7651,2.498,0.2667,4.407,0.9357,6.188,0.9952,270.094,0.9979
A_dice_s3,A_dice,16,4579.897,8812,2.115,0.2799,4.802,0.9182,7.787,0.9978,229.877,1.0
A_dice_s3,A_dice,17,1381.242,7984,2.795,0.1776,5.126,0.9221,5.849,0.9934,27.85,0.9998
A_dice_s3,A_dice,18,2104.226,7659,3.81,0.368,3.891,0.9056,7.484,0.9951,69.69,0.9999
A_dice_s3,A_dice,19,5292.844,8476,3.952,0.3724,4.073,0.9255,7.993,0.9956,33.916,0.9999
A_dice_s3,A_dice,20,1595.14,7373,3.086,0.3076,4.494,0.945,8.673,0.9991,45.789,0.9999
A_dice_s4,A_dice,01,4434.742,9312,1.72,0.2355,4.217,0.8849,7.24,0.9785,110.664,0.9971
A_dice_s4,A_dice,02,4630.707,9289,1.776,0.1789,3.863,0.8337,10.086,0.9969,103.269,0.9669
A_dice_s4,A_dice,03,1054.221,9221,2.203,0.1201,5.124,0.8814,8.485,0.9765,39.287,0.9995
A_dice_s4,A_dice,04,2597.425,8926,2.095,0.0639,3.76,0.8676,7.69,0.9944,376.505,0.9996
A_dice_s4,A_dice,05,2755.401,9586,1.304,0.0753,3.84,0.8864,7.688,0.9969,47.577,1.0
A_dice_s4,A_dice,06,1231.884,9989,2.857,0.0884,3.054,0.8076,7.276,0.9939,35.528,0.9962
A_dice_s4,A_dice,07,2780.127,8968,1.267,0.0698,3.649,0.7892,6.868,0.988,97.077,0.9958
A_dice_s4,A_dice,08,476.723,8585,1.681,0.0745,3.929,0.8448,8.797,0.9916,38.434,0.9992
A_dice_s4,A_dice,09,1093.988,8726,2.37,0.1433,4.181,0.8726,9.04,0.9829,63.0,0.9966
A_dice_s4,A_dice,10,2918.205,9137,1.786,0.1275,4.374,0.8753,8.402,0.9956,96.476,1.0
A_dice_s4,A_dice,11,3312.809,10456,1.072,0.1038,2.953,0.8068,5.812,0.9765,340.693,1.0
A_dice_s4,A_dice,12,1676.458,8712,2.157,0.1661,3.742,0.8494,5.771,0.9859,43.562,1.0
A_dice_s4,A_dice,13,1442.452,10186,1.674,0.1589,4.068,0.8306,6.692,0.9862,105.965,1.0
A_dice_s4,A_dice,14,4050.522,8358,1.645,0.2219,3.673,0.8158,6.355,0.9897,68.134,1.0
A_dice_s4,A_dice,15,3563.887,7651,2.317,0.2474,4.211,0.894,6.207,0.9984,246.443,0.9105
A_dice_s4,A_dice,16,3818.244,8812,1.951,0.2582,4.678,0.8945,7.779,0.9968,229.877,1.0
A_dice_s4,A_dice,17,1168.253,7984,1.953,0.1241,4.694,0.8444,5.791,0.9835,27.823,0.9988
A_dice_s4,A_dice,18,1757.942,7659,3.119,0.3014,3.732,0.8686,7.465,0.9926,69.69,0.9999
A_dice_s4,A_dice,19,4834.406,8476,3.701,0.3487,4.116,0.9351,7.995,0.9959,33.916,0.9999
A_dice_s4,A_dice,20,1004.919,7373,2.776,0.2766,4.357,0.9162,8.634,0.9947,45.754,0.9992
A_dice_s5,A_dice,01,4556.364,9312,2.087,0.2856,4.248,0.8915,7.338,0.9919,109.112,0.9832
A_dice_s5,A_dice,02,4874.33,9289,2.12,0.2136,3.991,0.8613,10.099,0.9982,106.805,1.0
A_dice_s5,A_dice,03,716.371,9221,2.542,0.1386,5.272,0.9069,8.609,0.9908,39.308,1.0
A_dice_s5,A_dice,04,2836.491,8926,2.673,0.0815,3.804,0.8778,7.695,0.995,376.671,1.0
A_dice_s5,A_dice,05,2277.284,9586,1.392,0.0804,3.919,0.9047,7.67,0.9945,47.111,0.9902
A_dice_s5,A_dice,06,2433.243,9989,2.907,0.0899,3.109,0.8222,7.311,0.9986,35.532,0.9963
A_dice_s5,A_dice,07,2890.778,8968,1.457,0.0803,3.852,0.8331,6.877,0.9893,97.168,0.9967
A_dice_s5,A_dice,08,911.223,8585,1.902,0.0843,4.113,0.8844,8.83,0.9954,38.448,0.9996
A_dice_s5,A_dice,09,1318.258,8726,2.63,0.159,4.316,0.9006,9.195,0.9998,63.212,1.0
A_dice_s5,A_dice,10,2868.867,9137,2.087,0.149,4.507,0.9021,8.409,0.9965,96.105,0.9962
A_dice_s5,A_dice,11,3494.08,10456,1.129,0.1094,3.03,0.8277,5.822,0.9783,340.694,1.0
A_dice_s5,A_dice,12,1745.507,8712,2.755,0.2122,3.828,0.8688,5.751,0.9826,43.531,0.9993
A_dice_s5,A_dice,13,1721.39,10186,1.916,0.1819,4.221,0.862,6.696,0.9869,105.965,1.0
A_dice_s5,A_dice,14,3998.078,8358,1.908,0.2573,3.835,0.8518,6.34,0.9873,68.134,1.0
A_dice_s5,A_dice,15,3203.69,7651,2.194,0.2342,4.224,0.8969,6.201,0.9973,270.675,1.0
A_dice_s5,A_dice,16,4044.17,8812,2.25,0.2978,4.71,0.9006,7.773,0.996,229.877,1.0
A_dice_s5,A_dice,17,2598.011,7984,3.073,0.1952,5.11,0.9193,5.857,0.9947,27.828,0.999
A_dice_s5,A_dice,18,3769.1,7659,4.137,0.3997,3.795,0.8833,7.416,0.9861,69.695,1.0
A_dice_s5,A_dice,19,4975.642,8476,4.018,0.3786,4.153,0.9437,8.018,0.9988,33.916,0.9999
A_dice_s5,A_dice,20,883.818,7373,3.381,0.337,4.465,0.9389,8.673,0.9992,45.792,1.0
A_dice_w32_s0,A_dice_w32,01,4100.775,9312,1.803,0.2468,4.133,0.8672,7.175,0.9698,110.665,0.9971
A_dice_w32_s0,A_dice_w32,02,4535.421,9289,1.577,0.1589,3.826,0.8258,10.069,0.9953,106.79,0.9999
A_dice_w32_s0,A_dice_w32,03,881.916,9221,2.379,0.1297,5.148,0.8857,8.595,0.9891,39.308,1.0
A_dice_w32_s0,A_dice_w32,04,2723.288,8926,2.509,0.0765,3.809,0.8788,7.657,0.9901,376.477,0.9995
A_dice_w32_s0,A_dice_w32,05,2616.134,9586,1.35,0.078,3.844,0.8873,7.694,0.9975,47.577,1.0
A_dice_w32_s0,A_dice_w32,06,2381.821,9989,2.552,0.0789,3.004,0.7944,7.296,0.9965,35.665,1.0
A_dice_w32_s0,A_dice_w32,07,2697.696,8968,1.523,0.0839,3.763,0.8139,6.862,0.9873,97.14,0.9964
A_dice_w32_s0,A_dice_w32,08,587.186,8585,1.841,0.0816,4.075,0.8762,8.814,0.9936,38.442,0.9994
A_dice_w32_s0,A_dice_w32,09,992.123,8726,2.88,0.1741,4.352,0.9081,9.112,0.9907,62.853,0.9943
A_dice_w32_s0,A_dice_w32,10,2497.877,9137,2.05,0.1464,4.464,0.8934,8.399,0.9952,96.105,0.9962
A_dice_w32_s0,A_dice_w32,11,3213.259,10456,1.127,0.1092,2.984,0.815,5.772,0.9699,339.495,0.9965
A_dice_w32_s0,A_dice_w32,12,1443.926,8712,2.376,0.183,3.753,0.8519,5.726,0.9782,43.345,0.995
A_dice_w32_s0,A_dice_w32,13,1531.393,10186,1.759,0.1669,4.116,0.8405,6.675,0.9838,105.944,0.9998
A_dice_w32_s0,A_dice_w32,14,3863.726,8358,1.789,0.2412,3.83,0.8507,6.368,0.9918,68.134,1.0
A_dice_w32_s0,A_dice_w32,15,3201.455,7651,2.158,0.2304,4.351,0.9237,6.207,0.9984,270.675,1.0
A_dice_w32_s0,A_dice_w32,16,2066.671,8812,2.166,0.2867,4.707,0.9,7.754,0.9936,225.452,0.9807
A_dice_w32_s0,A_dice_w32,17,2352.856,7984,2.435,0.1547,5.064,0.9109,5.854,0.9942,27.856,1.0
A_dice_w32_s0,A_dice_w32,18,1839.688,7659,3.032,0.293,3.743,0.8711,7.441,0.9893,69.69,0.9999
A_dice_w32_s0,A_dice_w32,19,5085.214,8476,3.778,0.356,4.073,0.9254,8.0,0.9965,33.916,0.9999
A_dice_w32_s0,A_dice_w32,20,1391.304,7373,2.948,0.2937,4.449,0.9355,8.667,0.9985,45.731,0.9987
A_dice_w32_s1,A_dice_w32,01,4315.505,9312,1.923,0.2632,4.22,0.8855,7.249,0.9798,108.494,0.9776
A_dice_w32_s1,A_dice_w32,02,4628.436,9289,1.833,0.1847,3.85,0.8309,10.083,0.9967,106.652,0.9986
A_dice_w32_s1,A_dice_w32,03,1068.144,9221,2.045,0.1115,5.049,0.8686,8.541,0.983,39.066,0.9939
A_dice_w32_s1,A_dice_w32,04,2427.788,8926,2.492,0.076,3.707,0.8553,7.651,0.9893,376.293,0.999
A_dice_w32_s1,A_dice_w32,05,2635.827,9586,1.133,0.0654,3.758,0.8674,7.667,0.994,47.572,0.9999
A_dice_w32_s1,A_dice_w32,06,2574.019,9989,3.106,0.096,3.015,0.7973,7.298,0.9969,35.532,0.9963
A_dice_w32_s1,A_dice_w32,07,2668.173,8968,1.411,0.0777,3.648,0.7891,6.88,0.9898,97.161,0.9967
A_dice_w32_s1,A_dice_w32,08,512.99,8585,2.307,0.1022,4.04,0.8688,8.81,0.9931,38.439,0.9994
A_dice_w32_s1,A_dice_w32,09,2356.498,8726,2.917,0.1764,4.193,0.8749,9.192,0.9994,63.212,1.0
A_dice_w32_s1,A_dice_w32,10,2648.945,9137,2.098,0.1497,4.31,0.8626,8.394,0.9946,96.105,0.9962
A_dice_w32_s1,A_dice_w32,11,3080.511,10456,1.052,0.102,2.945,0.8044,5.786,0.9721,339.563,0.9967
A_dice_w32_s1,A_dice_w32,12,1691.69,8712,2.696,0.2077,3.679,0.8351,5.765,0.985,43.468,0.9978
A_dice_w32_s1,A_dice_w32,13,1778.133,10186,1.978,0.1878,4.076,0.8324,6.627,0.9768,105.965,1.0
A_dice_w32_s1,A_dice_w32,14,3698.681,8358,1.643,0.2216,3.634,0.8071,6.344,0.988,68.133,1.0
A_dice_w32_s1,A_dice_w32,15,3221.924,7651,2.032,0.217,4.121,0.875,6.191,0.9958,270.675,1.0
A_dice_w32_s1,A_dice_w32,16,3734.616,8812,2.354,0.3115,4.562,0.8724,7.763,0.9946,225.831,0.9824
A_dice_w32_s1,A_dice_w32,17,1665.079,7984,2.643,0.1679,4.911,0.8835,5.842,0.9921,27.805,0.9982
A_dice_w32_s1,A_dice_w32,18,3364.493,7659,3.308,0.3196,3.734,0.8691,7.509,0.9985,69.695,1.0
A_dice_w32_s1,A_dice_w32,19,4147.811,8476,3.999,0.3768,3.987,0.9059,7.987,0.9948,33.918,1.0
A_dice_w32_s1,A_dice_w32,20,1461.545,7373,3.178,0.3167,4.316,0.9077,8.631,0.9944,45.779,0.9997
A_dice_w32_s2,A_dice_w32,01,3984.197,9312,1.602,0.2194,3.987,0.8366,7.185,0.9711,110.978,1.0
A_dice_w32_s2,A_dice_w32,02,2880.794,9289,1.499,0.151,3.817,0.8238,10.086,0.997,99.316,0.9299
A_dice_w32_s2,A_dice_w32,03,793.335,9221,1.801,0.0982,5.089,0.8755,8.534,0.9822,39.307,1.0
A_dice_w32_s2,A_dice_w32,04,2874.208,8926,2.652,0.0809,3.728,0.8602,7.653,0.9896,376.48,0.9995
A_dice_w32_s2,A_dice_w32,05,2658.571,9586,1.269,0.0733,3.86,0.891,7.681,0.9959,47.572,0.9999
A_dice_w32_s2,A_dice_w32,06,2646.059,9989,2.624,0.0811,3.013,0.7969,7.285,0.995,35.532,0.9963
A_dice_w32_s2,A_dice_w32,07,2671.799,8968,1.049,0.0578,3.665,0.7927,6.87,0.9884,97.486,1.0
A_dice_w32_s2,A_dice_w32,08,504.743,8585,1.551,0.0687,3.998,0.8597,8.796,0.9915,38.437,0.9993
A_dice_w32_s2,A_dice_w32,09,1111.333,8726,2.301,0.1391,4.313,0.9002,9.13,0.9926,62.854,0.9943
A_dice_w32_s2,A_dice_w32,10,2739.999,9137,1.95,0.1392,4.308,0.8621,8.34,0.9883,96.476,1.0
A_dice_w32_s2,A_dice_w32,11,3103.304,10456,1.014,0.0983,2.907,0.7941,5.775,0.9702,340.689,1.0
A_dice_w32_s2,A_dice_w32,12,1506.131,8712,2.141,0.1649,3.708,0.8417,5.736,0.9799,43.531,0.9993
A_dice_w32_s2,A_dice_w32,13,1315.614,10186,1.703,0.1617,4.018,0.8204,6.721,0.9906,105.965,1.0
A_dice_w32_s2,A_dice_w32,14,3651.615,8358,1.688,0.2276,3.691,0.8198,6.345,0.9881,68.133,1.0
A_dice_w32_s2,A_dice_w32,15,3365.894,7651,2.312,0.2468,4.179,0.8872,6.208,0.9985,270.675,1.0
A_dice_w32_s2,A_dice_w32,16,4014.757,8812,1.991,0.2636,4.69,0.8968,7.769,0.9954,229.877,1.0
A_dice_w32_s2,A_dice_w32,17,1254.603,7984,2.669,0.1695,4.948,0.89,5.837,0.9913,27.839,0.9994
A_dice_w32_s2,A_dice_w32,18,3491.672,7659,3.438,0.3322,3.64,0.8472,7.51,0.9985,69.695,1.0
A_dice_w32_s2,A_dice_w32,19,5180.61,8476,4.04,0.3807,3.952,0.898,7.992,0.9955,33.916,0.9999
A_dice_w32_s2,A_dice_w32,20,1107.096,7373,3.096,0.3085,4.421,0.9296,8.629,0.994,45.765,0.9994
A_dice_w64_d5_s0,A_dice_w64_d5,01,4367.172,9312,2.046,0.2801,4.273,0.8967,7.199,0.973,110.979,1.0
A_dice_w64_d5_s0,A_dice_w64_d5,02,4493.22,9289,1.832,0.1846,3.919,0.8458,10.056,0.994,106.804,1.0
A_dice_w64_d5_s0,A_dice_w64_d5,03,661.413,9221,2.443,0.1331,5.244,0.9022,8.499,0.9782,39.302,0.9999
A_dice_w64_d5_s0,A_dice_w64_d5,04,2878.99,8926,3.1,0.0945,3.885,0.8963,7.694,0.9949,376.641,0.9999
A_dice_w64_d5_s0,A_dice_w64_d5,05,2950.144,9586,1.422,0.0821,3.959,0.9138,7.683,0.9961,47.577,1.0
A_dice_w64_d5_s0,A_dice_w64_d5,06,2750.751,9989,3.174,0.0982,3.045,0.8054,7.308,0.9982,34.886,0.9781
A_dice_w64_d5_s0,A_dice_w64_d5,07,2637.862,8968,1.439,0.0793,3.864,0.8357,6.901,0.9928,97.138,0.9964
A_dice_w64_d5_s0,A_dice_w64_d5,08,816.193,8585,2.129,0.0943,4.125,0.887,8.809,0.993,38.439,0.9994
A_dice_w64_d5_s0,A_dice_w64_d5,09,1246.256,8726,3.382,0.2045,4.396,0.9174,9.107,0.9902,62.78,0.9932
A_dice_w64_d5_s0,A_dice_w64_d5,10,2717.967,9137,2.024,0.1445,4.507,0.9021,8.36,0.9907,96.071,0.9958
A_dice_w64_d5_s0,A_dice_w64_d5,11,3360.924,10456,1.335,0.1294,3.036,0.8293,5.821,0.978,332.841,0.9769
A_dice_w64_d5_s0,A_dice_w64_d5,12,1432.659,8712,3.042,0.2343,3.772,0.8562,5.737,0.9801,43.562,1.0
A_dice_w64_d5_s0,A_dice_w64_d5,13,1763.606,10186,2.357,0.2238,4.168,0.851,6.678,0.9843,105.92,0.9996
A_dice_w64_d5_s0,A_dice_w64_d5,14,3993.484,8358,1.685,0.2272,3.77,0.8374,6.378,0.9933,68.134,1.0
A_dice_w64_d5_s0,A_dice_w64_d5,15,3781.563,7651,2.103,0.2245,4.29,0.9109,6.192,0.996,270.675,1.0
A_dice_w64_d5_s0,A_dice_w64_d5,16,2128.906,8812,2.194,0.2905,4.753,0.9089,7.754,0.9935,227.655,0.9903
A_dice_w64_d5_s0,A_dice_w64_d5,17,2265.839,7984,2.984,0.1896,4.954,0.8911,5.857,0.9947,27.794,0.9978
A_dice_w64_d5_s0,A_dice_w64_d5,18,1971.328,7659,3.928,0.3795,3.787,0.8814,7.476,0.994,69.69,0.9999
A_dice_w64_d5_s0,A_dice_w64_d5,19,5520.301,8476,3.898,0.3673,4.156,0.9443,7.99,0.9953,33.916,0.9999
A_dice_w64_d5_s0,A_dice_w64_d5,20,1130.066,7373,3.141,0.3131,4.444,0.9344,8.643,0.9957,45.789,0.9999
A_dice_w64_d5_s1,A_dice_w64_d5,01,4674.407,9312,2.109,0.2888,4.333,0.9093,7.234,0.9777,110.979,1.0
A_dice_w64_d5_s1,A_dice_w64_d5,02,4871.47,9289,2.02,0.2035,4.077,0.8799,10.082,0.9966,106.805,1.0
A_dice_w64_d5_s1,A_dice_w64_d5,03,669.351,9221,2.464,0.1343,5.159,0.8875,8.552,0.9843,39.211,0.9975
A_dice_w64_d5_s1,A_dice_w64_d5,04,3015.086,8926,2.586,0.0788,3.916,0.9036,7.698,0.9955,376.653,0.9999
A_dice_w64_d5_s1,A_dice_w64_d5,05,1865.477,9586,1.259,0.0727,3.85,0.8887,7.703,0.9987,47.577,1.0
A_dice_w64_d5_s1,A_dice_w64_d5,06,1484.741,9989,2.905,0.0898,3.075,0.8133,7.305,0.9978,35.665,1.0
A_dice_w64_d5_s1,A_dice_w64_d5,07,2810.78,8968,1.575,0.0868,3.896,0.8428,6.892,0.9915,97.145,0.9965
A_dice_w64_d5_s1,A_dice_w64_d5,08,650.245,8585,1.81,0.0802,4.105,0.8827,8.813,0.9934,38.456,0.9998
A_dice_w64_d5_s1,A_dice_w64_d5,09,1221.37,8726,2.876,0.1739,4.421,0.9226,9.194,0.9997,63.107,0.9983
A_dice_w64_d5_s1,A_dice_w64_d5,10,2949.122,9137,2.297,0.164,4.477,0.8961,8.411,0.9967,96.105,0.9962
A_dice_w64_d5_s1,A_dice_w64_d5,11,3619.346,10456,1.213,0.1175,3.055,0.8345,5.771,0.9696,340.097,0.9982
A_dice_w64_d5_s1,A_dice_w64_d5,12,1998.019,8712,2.581,0.1988,3.81,0.8649,5.806,0.9919,43.562,1.0
A_dice_w64_d5_s1,A_dice_w64_d5,13,1570.633,10186,2.326,0.2208,4.211,0.8599,6.717,0.9899,105.965,1.0
A_dice_w64_d5_s1,A_dice_w64_d5,14,4057.194,8358,1.857,0.2504,3.881,0.862,6.37,0.9921,68.134,1.0
A_dice_w64_d5_s1,A_dice_w64_d5,15,3691.193,7651,2.278,0.2433,4.281,0.9089,6.205,0.9981,270.675,1.0
A_dice_w64_d5_s1,A_dice_w64_d5,16,4182.623,8812,2.193,0.2903,4.742,0.9068,7.763,0.9948,229.877,1.0
A_dice_w64_d5_s1,A_dice_w64_d5,17,1603.786,7984,2.92,0.1855,4.962,0.8927,5.853,0.994,27.852,0.9999
A_dice_w64_d5_s1,A_dice_w64_d5,18,2061.7,7659,4.201,0.4059,3.89,0.9053,7.481,0.9948,69.695,1.0
A_dice_w64_d5_s1,A_dice_w64_d5,19,5205.829,8476,4.02,0.3788,4.121,0.9365,8.021,0.9991,33.889,0.9991
A_dice_w64_d5_s1,A_dice_w64_d5,20,1469.604,7373,2.993,0.2982,4.408,0.9269,8.674,0.9993,45.792,1.0
A_dice_w64_d5_s2,A_dice_w64_d5,01,4936.293,9312,2.077,0.2843,4.264,0.8947,7.32,0.9893,108.796,0.9803
A_dice_w64_d5_s2,A_dice_w64_d5,02,5175.897,9289,2.083,0.2099,3.934,0.8491,10.086,0.9969,106.805,1.0
A_dice_w64_d5_s2,A_dice_w64_d5,03,1096.25,9221,2.503,0.1364,5.229,0.8994,8.476,0.9755,39.307,1.0
A_dice_w64_d5_s2,A_dice_w64_d5,04,2941.195,8926,3.263,0.0995,3.85,0.8883,7.655,0.9898,376.308,0.999
A_dice_w64_d5_s2,A_dice_w64_d5,05,2759.265,9586,1.512,0.0873,3.868,0.8928,7.702,0.9986,47.568,0.9998
A_dice_w64_d5_s2,A_dice_w64_d5,06,2988.341,9989,3.251,0.1005,3.202,0.8469,7.313,0.9989,35.665,1.0
A_dice_w64_d5_s2,A_dice_w64_d5,07,2753.431,8968,1.442,0.0794,3.804,0.8227,6.868,0.988,97.138,0.9964
A_dice_w64_d5_s2,A_dice_w64_d5,08,786.246,8585,2.243,0.0994,4.106,0.883,8.815,0.9936,38.438,0.9993
A_dice_w64_d5_s2,A_dice_w64_d5,09,1250.285,8726,2.954,0.1786,4.399,0.9181,9.154,0.9953,62.819,0.9938
A_dice_w64_d5_s2,A_dice_w64_d5,10,2962.373,9137,2.257,0.1611,4.482,0.897,8.415,0.9972,96.476,1.0
A_dice_w64_d5_s2,A_dice_w64_d5,11,3439.308,10456,1.333,0.1291,2.971,0.8117,5.831,0.9798,338.904,0.9947
A_dice_w64_d5_s2,A_dice_w64_d5,12,1904.437,8712,2.829,0.2179,3.829,0.8691,5.778,0.987,43.562,1.0
A_dice_w64_d5_s2,A_dice_w64_d5,13,1558.115,10186,2.009,0.1907,4.209,0.8595,6.647,0.9796,105.965,1.0
A_dice_w64_d5_s2,A_dice_w64_d5,14,4220.397,8358,1.912,0.2578,3.863,0.8579,6.39,0.9952,68.134,1.0
A_dice_w64_d5_s2,A_dice_w64_d5,15,3689.656,7651,2.64,0.2818,4.312,0.9156,6.181,0.9942,270.675,1.0
A_dice_w64_d5_s2,A_dice_w64_d5,16,4690.071,8812,2.405,0.3183,4.796,0.917,7.766,0.9951,229.877,1.0
A_dice_w64_d5_s2,A_dice_w64_d5,17,1419.399,7984,2.686,0.1706,5.126,0.9222,5.863,0.9957,27.817,0.9986
A_dice_w64_d5_s2,A_dice_w64_d5,18,1861.426,7659,3.393,0.3278,3.921,0.9126,7.49,0.9958,69.695,1.0
A_dice_w64_d5_s2,A_dice_w64_d5,19,5781.217,8476,3.944,0.3716,4.181,0.95,8.0,0.9964,33.883,0.999
A_dice_w64_d5_s2,A_dice_w64_d5,20,1207.47,7373,3.505,0.3493,4.554,0.9577,8.624,0.9935,45.789,0.9999
A_dice_w64_d5_s3,A_dice_w64_d5,01,4706.562,9312,1.941,0.2657,4.255,0.8928,7.321,0.9895,108.753,0.9799
A_dice_w64_d5_s3,A_dice_w64_d5,02,2932.848,9289,1.721,0.1734,3.938,0.8498,10.076,0.996,99.105,0.9279
A_dice_w64_d5_s3,A_dice_w64_d5,03,855.7,9221,1.974,0.1076,5.14,0.8841,8.568,0.9861,39.067,0.9939
A_dice_w64_d5_s3,A_dice_w64_d5,04,2884.148,8926,2.756,0.084,3.822,0.8819,7.669,0.9917,376.505,0.9996
A_dice_w64_d5_s3,A_dice_w64_d5,05,1841.48,9586,1.307,0.0755,3.899,0.9001,7.695,0.9977,47.563,0.9997
A_dice_w64_d5_s3,A_dice_w64_d5,06,2563.416,9989,2.553,0.079,3.021,0.799,7.286,0.9952,35.665,1.0
A_dice_w64_d5_s3,A_dice_w64_d5,07,2345.443,8968,1.348,0.0742,3.795,0.8208,6.856,0.9864,97.166,0.9967
A_dice_w64_d5_s3,A_dice_w64_d5,08,644.332,8585,1.837,0.0814,4.039,0.8685,8.816,0.9938,38.442,0.9994
A_dice_w64_d5_s3,A_dice_w64_d5,09,2347.355,8726,2.9,0.1754,4.342,0.9061,9.195,0.9997,63.212,1.0
A_dice_w64_d5_s3,A_dice_w64_d5,10,2753.974,9137,1.916,0.1368,4.339,0.8683,8.4,0.9955,96.476,1.0
A_dice_w64_d5_s3,A_dice_w64_d5,11,3610.481,10456,1.134,0.1099,3.006,0.8212,5.838,0.981,340.028,0.998
A_dice_w64_d5_s3,A_dice_w64_d5,12,1947.26,8712,2.579,0.1987,3.741,0.8491,5.77,0.9858,43.481,0.9981
A_dice_w64_d5_s3,A_dice_w64_d5,13,1153.952,10186,1.879,0.1784,4.11,0.8392,6.623,0.9762,105.965,1.0
A_dice_w64_d5_s3,A_dice_w64_d5,14,3926.927,8358,1.8,0.2428,3.857,0.8567,6.371,0.9922,68.134,1.0
A_dice_w64_d5_s3,A_dice_w64_d5,15,3746.423,7651,2.329,0.2487,4.313,0.9157,6.207,0.9984,270.675,1.0
A_dice_w64_d5_s3,A_dice_w64_d5,16,3954.698,8812,2.265,0.2998,4.716,0.9018,7.764,0.9949,229.877,1.0
A_dice_w64_d5_s3,A_dice_w64_d5,17,2233.932,7984,2.455,0.156,5.045,0.9075,5.817,0.9878,27.829,0.999
A_dice_w64_d5_s3,A_dice_w64_d5,18,3487.212,7659,3.918,0.3785,3.752,0.8732,7.499,0.9971,69.695,1.0
A_dice_w64_d5_s3,A_dice_w64_d5,19,5275.33,8476,3.436,0.3237,4.038,0.9174,8.014,0.9982,33.916,0.9999
A_dice_w64_d5_s3,A_dice_w64_d5,20,1394.848,7373,3.018,0.3007,4.422,0.9299,8.674,0.9993,45.792,1.0
A_dice_w64_d5_s4,A_dice_w64_d5,01,4237.474,9312,1.533,0.2099,4.05,0.8499,7.296,0.9862,110.981,1.0
A_dice_w64_d5_s4,A_dice_w64_d5,02,4386.174,9289,1.445,0.1456,3.71,0.8008,10.062,0.9946,106.805,1.0
A_dice_w64_d5_s4,A_dice_w64_d5,03,786.375,9221,1.926,0.105,5.134,0.8831,8.56,0.9851,39.068,0.9939
A_dice_w64_d5_s4,A_dice_w64_d5,04,2519.465,8926,1.948,0.0594,3.721,0.8586,7.655,0.9899,375.993,0.9982
A_dice_w64_d5_s4,A_dice_w64_d5,05,1434.855,9586,1.041,0.0601,3.561,0.8221,7.647,0.9915,47.099,0.99
A_dice_w64_d5_s4,A_dice_w64_d5,06,2536.485,9989,1.823,0.0564,2.971,0.7857,7.262,0.9919,35.665,1.0
A_dice_w64_d5_s4,A_dice_w64_d5,07,2691.413,8968,1.092,0.0602,3.645,0.7883,6.871,0.9884,97.145,0.9965
A_dice_w64_d5_s4,A_dice_w64_d5,08,608.662,8585,1.359,0.0602,4.01,0.8622,8.794,0.9914,38.434,0.9992
A_dice_w64_d5_s4,A_dice_w64_d5,09,975.389,8726,2.085,0.126,4.238,0.8844,9.189,0.9991,63.212,1.0
A_dice_w64_d5_s4,A_dice_w64_d5,10,2479.843,9137,1.529,0.1092,4.261,0.8527,8.396,0.9949,96.105,0.9962
A_dice_w64_d5_s4,A_dice_w64_d5,11,3041.481,10456,0.951,0.0921,2.881,0.7871,5.735,0.9635,340.656,0.9999
A_dice_w64_d5_s4,A_dice_w64_d5,12,1605.277,8712,2.0,0.1541,3.578,0.8122,5.776,0.9868,43.562,1.0
A_dice_w64_d5_s4,A_dice_w64_d5,13,1602.978,10186,1.646,0.1563,3.957,0.8081,6.713,0.9894,105.965,1.0
A_dice_w64_d5_s4,A_dice_w64_d5,14,3206.115,8358,1.573,0.2121,3.606,0.8009,6.323,0.9847,68.134,1.0
A_dice_w64_d5_s4,A_dice_w64_d5,15,2942.302,7651,1.944,0.2075,4.176,0.8867,6.199,0.9971,270.673,1.0
A_dice_w64_d5_s4,A_dice_w64_d5,16,2037.351,8812,1.65,0.2184,4.559,0.8718,7.738,0.9915,227.659,0.9903
A_dice_w64_d5_s4,A_dice_w64_d5,17,2662.171,7984,2.333,0.1482,4.954,0.8912,5.808,0.9864,27.856,1.0
A_dice_w64_d5_s4,A_dice_w64_d5,18,1617.504,7659,2.914,0.2815,3.687,0.8581,7.472,0.9935,69.695,1.0
A_dice_w64_d5_s4,A_dice_w64_d5,19,4863.819,8476,2.965,0.2793,3.966,0.9011,7.999,0.9964,33.9,0.9995
A_dice_w64_d5_s4,A_dice_w64_d5,20,1028.374,7373,2.538,0.253,4.351,0.915,8.598,0.9906,45.792,1.0
B_cldice_s0,B_cldice,01,5086.913,9312,1.937,0.2652,4.34,0.9106,7.246,0.9793,86.859,0.7826
B_cldice_s0,B_cldice,02,4813.931,9289,2.137,0.2153,4.062,0.8766,10.096,0.9979,106.805,1.0
B_cldice_s0,B_cldice,03,863.034,9221,2.394,0.1305,5.31,0.9135,8.558,0.985,39.308,1.0
B_cldice_s0,B_cldice,04,3353.035,8926,2.736,0.0834,3.828,0.8832,7.684,0.9936,231.829,0.6155
B_cldice_s0,B_cldice,05,2207.46,9586,1.303,0.0752,3.954,0.9127,7.691,0.9972,47.285,0.9939
B_cldice_s0,B_cldice,06,2862.357,9989,3.323,0.1028,3.159,0.8353,7.31,0.9984,35.665,1.0
B_cldice_s0,B_cldice,07,2655.499,8968,1.671,0.0921,3.899,0.8434,6.876,0.9892,97.168,0.9967
B_cldice_s0,B_cldice,08,506.003,8585,1.904,0.0844,4.117,0.8852,8.813,0.9935,38.441,0.9994
B_cldice_s0,B_cldice,09,1263.227,8726,2.478,0.1498,4.381,0.9144,9.192,0.9994,63.067,0.9977
B_cldice_s0,B_cldice,10,3052.971,9137,2.13,0.1521,4.515,0.9036,8.408,0.9964,96.105,0.9962
B_cldice_s0,B_cldice,11,3609.594,10456,1.172,0.1135,2.983,0.8148,5.845,0.9821,314.872,0.9242
B_cldice_s0,B_cldice,12,1234.104,8712,2.401,0.1849,3.825,0.8682,5.778,0.9872,43.057,0.9884
B_cldice_s0,B_cldice,13,1698.897,10186,1.893,0.1797,4.289,0.8758,6.71,0.9889,105.965,1.0
B_cldice_s0,B_cldice,14,4082.962,8358,1.885,0.2542,3.952,0.8778,6.363,0.991,68.094,0.9994
B_cldice_s0,B_cldice,15,3682.87,7651,2.458,0.2625,4.354,0.9245,6.207,0.9984,188.78,0.6974
B_cldice_s0,B_cldice,16,4536.096,8812,2.163,0.2863,4.825,0.9227,7.785,0.9975,229.877,1.0
B_cldice_s0,B_cldice,17,1321.429,7984,3.121,0.1983,5.18,0.9319,5.806,0.986,27.819,0.9987
B_cldice_s0,B_cldice,18,3849.133,7659,3.716,0.359,3.886,0.9044,7.51,0.9985,69.695,1.0
B_cldice_s0,B_cldice,19,5153.81,8476,4.105,0.3867,4.161,0.9454,8.007,0.9973,33.653,0.9922
B_cldice_s0,B_cldice,20,1254.064,7373,3.333,0.3322,4.526,0.9517,8.635,0.9948,45.789,0.9999
B_cldice_s1,B_cldice,01,5003.714,9312,2.176,0.2979,4.354,0.9136,7.31,0.988,110.981,1.0
B_cldice_s1,B_cldice,02,5156.681,9289,2.184,0.22,4.066,0.8774,10.101,0.9984,106.805,1.0
B_cldice_s1,B_cldice,03,1512.94,9221,2.749,0.1499,5.235,0.9006,8.589,0.9885,39.307,1.0
B_cldice_s1,B_cldice,04,3258.442,8926,3.072,0.0937,3.86,0.8906,7.657,0.9901,376.665,1.0
B_cldice_s1,B_cldice,05,3482.408,9586,1.506,0.087,3.983,0.9193,7.694,0.9976,47.572,0.9999
B_cldice_s1,B_cldice,06,2994.163,9989,3.645,0.1127,3.204,0.8472,7.308,0.9982,35.665,1.0
B_cldice_s1,B_cldice,07,3253.766,8968,1.702,0.0938,3.988,0.8625,6.923,0.996,97.148,0.9965
B_cldice_s1,B_cldice,08,931.06,8585,2.342,0.1038,4.172,0.8971,8.831,0.9955,38.457,0.9998
B_cldice_s1,B_cldice,09,1515.071,8726,3.228,0.1952,4.539,0.9473,9.194,0.9997,62.536,0.9893
B_cldice_s1,B_cldice,10,3066.636,9137,2.337,0.1668,4.583,0.9172,8.418,0.9976,96.476,1.0
B_cldice_s1,B_cldice,11,3800.001,10456,1.655,0.1603,3.128,0.8544,5.829,0.9794,340.694,1.0
B_cldice_s1,B_cldice,12,1971.955,8712,2.755,0.2122,3.908,0.8871,5.806,0.9919,43.562,1.0
B_cldice_s1,B_cldice,13,1575.115,10186,2.097,0.1991,4.286,0.8752,6.711,0.9891,105.965,1.0
B_cldice_s1,B_cldice,14,4674.24,8358,2.243,0.3025,4.007,0.8899,6.405,0.9975,68.134,1.0
B_cldice_s1,B_cldice,15,4155.368,7651,2.736,0.2921,4.363,0.9263,6.209,0.9986,270.675,1.0
B_cldice_s1,B_cldice,16,5038.534,8812,2.401,0.3178,4.906,0.938,7.782,0.9971,229.877,1.0
B_cldice_s1,B_cldice,17,1607.593,7984,3.043,0.1933,5.094,0.9164,5.867,0.9964,27.811,0.9984
B_cldice_s1,B_cldice,18,3802.551,7659,4.246,0.4102,3.88,0.903,7.5,0.9972,69.695,1.0
B_cldice_s1,B_cldice,19,5198.988,8476,4.312,0.4063,4.191,0.9522,8.001,0.9966,33.918,1.0
B_cldice_s1,B_cldice,20,1253.475,7373,3.792,0.3779,4.583,0.9637,8.642,0.9956,45.792,1.0
B_cldice_s2,B_cldice,01,4857.213,9312,1.934,0.2647,4.233,0.8882,7.227,0.9768,110.978,1.0
B_cldice_s2,B_cldice,02,4989.187,9289,1.75,0.1763,3.924,0.8468,10.079,0.9962,106.805,1.0
B_cldice_s2,B_cldice,03,1267.82,9221,2.129,0.1161,5.271,0.9067,8.596,0.9893,39.308,1.0
B_cldice_s2,B_cldice,04,3462.944,8926,2.748,0.0838,3.832,0.8842,7.694,0.9949,376.381,0.9992
B_cldice_s2,B_cldice,05,3058.784,9586,1.451,0.0838,3.948,0.9113,7.701,0.9985,47.577,1.0
B_cldice_s2,B_cldice,06,2606.28,9989,2.536,0.0784,3.011,0.7963,7.301,0.9973,35.665,1.0
B_cldice_s2,B_cldice,07,3146.711,8968,1.433,0.079,3.794,0.8206,6.883,0.9902,97.159,0.9966
B_cldice_s2,B_cldice,08,588.274,8585,2.043,0.0906,4.096,0.8806,8.801,0.992,38.435,0.9993
B_cldice_s2,B_cldice,09,2912.624,8726,2.748,0.1662,4.42,0.9224,9.184,0.9985,63.183,0.9995
B_cldice_s2,B_cldice,10,2932.805,9137,2.201,0.1571,4.404,0.8813,8.398,0.9952,96.105,0.9962
B_cldice_s2,B_cldice,11,3684.303,10456,1.284,0.1244,3.024,0.8262,5.814,0.9769,340.689,1.0
B_cldice_s2,B_cldice,12,1522.788,8712,2.715,0.2091,3.812,0.8654,5.795,0.99,43.552,0.9998
B_cldice_s2,B_cldice,13,1797.933,10186,2.012,0.191,4.227,0.8632,6.63,0.9771,105.965,1.0
B_cldice_s2,B_cldice,14,4207.908,8358,1.813,0.2445,3.812,0.8467,6.372,0.9923,68.134,1.0
B_cldice_s2,B_cldice,15,3954.403,7651,2.585,0.276,4.314,0.9158,6.213,0.9993,270.675,1.0
B_cldice_s2,B_cldice,16,4378.692,8812,2.177,0.2882,4.713,0.9013,7.771,0.9958,229.877,1.0
B_cldice_s2,B_cldice,17,1222.456,7984,2.508,0.1593,4.625,0.832,5.858,0.9949,27.856,1.0
B_cldice_s2,B_cldice,18,1363.278,7659,4.067,0.3929,3.76,0.8751,7.276,0.9674,69.683,0.9998
B_cldice_s2,B_cldice,19,5006.371,8476,4.458,0.4201,4.129,0.9381,7.995,0.9958,33.918,1.0
B_cldice_s2,B_cldice,20,1370.346,7373,3.362,0.3351,4.543,0.9553,8.649,0.9964,45.792,1.0
B_cldice_s3,B_cldice,01,4456.158,9312,1.816,0.2486,4.228,0.8872,7.257,0.9809,109.108,0.9831
B_cldice_s3,B_cldice,02,4905.408,9289,1.904,0.1919,4.014,0.8663,10.089,0.9973,106.652,0.9986
B_cldice_s3,B_cldice,03,679.526,9221,2.161,0.1178,5.226,0.8991,8.586,0.9882,39.308,1.0
B_cldice_s3,B_cldice,04,2786.083,8926,2.529,0.0771,3.729,0.8604,7.667,0.9915,376.665,1.0
B_cldice_s3,B_cldice,05,2007.892,9586,1.255,0.0724,3.91,0.9025,7.695,0.9977,47.568,0.9998
B_cldice_s3,B_cldice,06,2439.436,9989,2.648,0.0819,2.994,0.7918,7.261,0.9918,35.665,1.0
B_cldice_s3,B_cldice,07,2955.235,8968,1.361,0.075,3.821,0.8265,6.88,0.9898,97.169,0.9967
B_cldice_s3,B_cldice,08,613.058,8585,1.899,0.0842,3.993,0.8586,8.815,0.9937,38.457,0.9998
B_cldice_s3,B_cldice,09,1526.347,8726,2.75,0.1663,4.374,0.9129,9.153,0.9952,63.183,0.9995
B_cldice_s3,B_cldice,10,2298.469,9137,1.962,0.1401,4.29,0.8585,8.397,0.9951,96.476,1.0
B_cldice_s3,B_cldice,11,2937.408,10456,1.152,0.1116,2.946,0.8047,5.816,0.9773,339.988,0.9979
B_cldice_s3,B_cldice,12,1276.636,8712,2.556,0.1969,3.663,0.8315,5.757,0.9834,43.315,0.9943
B_cldice_s3,B_cldice,13,1208.324,10186,1.884,0.1788,4.135,0.8444,6.634,0.9778,105.965,1.0
B_cldice_s3,B_cldice,14,4239.684,8358,1.772,0.239,3.805,0.845,6.379,0.9934,68.134,1.0
B_cldice_s3,B_cldice,15,3360.4,7651,2.2,0.2349,4.344,0.9224,6.197,0.9967,270.675,1.0
B_cldice_s3,B_cldice,16,4319.485,8812,2.11,0.2793,4.757,0.9096,7.763,0.9946,229.877,1.0
B_cldice_s3,B_cldice,17,1265.988,7984,2.907,0.1847,4.972,0.8945,5.826,0.9894,27.839,0.9994
B_cldice_s3,B_cldice,18,3793.724,7659,4.018,0.3881,3.768,0.8769,7.497,0.9969,69.694,1.0
B_cldice_s3,B_cldice,19,5070.743,8476,3.668,0.3456,4.034,0.9166,7.991,0.9954,33.916,0.9999
B_cldice_s3,B_cldice,20,790.406,7373,3.976,0.3962,4.433,0.9322,8.607,0.9915,45.792,1.0
B_cldice_s4,B_cldice,01,4599.859,9312,1.681,0.2301,4.214,0.8843,7.193,0.9722,88.508,0.7975
B_cldice_s4,B_cldice,02,4906.262,9289,2.168,0.2185,3.767,0.8131,10.093,0.9977,106.805,1.0
B_cldice_s4,B_cldice,03,1011.576,9221,2.169,0.1182,5.183,0.8916,8.528,0.9814,39.307,1.0
B_cldice_s4,B_cldice,04,2952.037,8926,2.342,0.0714,3.747,0.8645,7.701,0.9958,376.665,1.0
B_cldice_s4,B_cldice,05,3153.042,9586,1.218,0.0703,3.892,0.8984,7.684,0.9963,47.577,1.0
B_cldice_s4,B_cldice,06,2647.775,9989,2.564,0.0793,2.996,0.7923,7.303,0.9975,35.665,1.0
B_cldice_s4,B_cldice,07,2701.967,8968,1.202,0.0662,3.716,0.8038,6.861,0.9871,80.8,0.8288
B_cldice_s4,B_cldice,08,489.078,8585,1.761,0.0781,4.002,0.8606,8.821,0.9944,38.19,0.9929
B_cldice_s4,B_cldice,09,1179.095,8726,2.334,0.1411,4.35,0.9077,9.098,0.9892,62.996,0.9966
B_cldice_s4,B_cldice,10,2899.085,9137,2.099,0.1498,4.381,0.8768,8.402,0.9957,96.476,1.0
B_cldice_s4,B_cldice,11,3536.825,10456,0.886,0.0859,2.812,0.7683,5.755,0.967,340.413,0.9992
B_cldice_s4,B_cldice,12,1628.36,8712,2.385,0.1837,3.815,0.8661,5.759,0.984,43.307,0.9941
B_cldice_s4,B_cldice,13,1330.546,10186,1.738,0.165,4.056,0.8283,6.704,0.9881,105.965,1.0
B_cldice_s4,B_cldice,14,4534.941,8358,1.574,0.2122,3.784,0.8404,6.388,0.9948,68.086,0.9993
B_cldice_s4,B_cldice,15,3560.615,7651,2.397,0.2559,4.276,0.908,6.208,0.9985,270.675,1.0
B_cldice_s4,B_cldice,16,4506.183,8812,2.095,0.2773,4.758,0.9099,7.774,0.9962,229.877,1.0
B_cldice_s4,B_cldice,17,2645.644,7984,2.374,0.1508,4.837,0.8702,5.869,0.9967,27.805,0.9982
B_cldice_s4,B_cldice,18,3525.541,7659,3.784,0.3656,3.81,0.8868,7.455,0.9912,69.695,1.0
B_cldice_s4,B_cldice,19,4674.661,8476,3.912,0.3686,3.979,0.9041,7.986,0.9947,33.916,0.9999
B_cldice_s4,B_cldice,20,1199.084,7373,3.108,0.3097,4.538,0.9542,8.642,0.9956,45.769,0.9995
B_cldice_s5,B_cldice,01,4207.553,9312,1.917,0.2624,4.214,0.8842,7.246,0.9793,109.115,0.9832
B_cldice_s5,B_cldice,02,4570.757,9289,1.732,0.1745,3.79,0.818,10.072,0.9955,106.805,1.0
B_cldice_s5,B_cldice,03,1343.897,9221,2.486,0.1355,5.248,0.9027,8.588,0.9884,39.307,1.0
B_cldice_s5,B_cldice,04,2944.597,8926,2.54,0.0775,3.78,0.8722,7.673,0.9922,376.14,0.9986
B_cldice_s5,B_cldice,05,1756.398,9586,1.397,0.0807,3.838,0.8859,7.691,0.9972,47.577,1.0
B_cldice_s5,B_cldice,06,2566.264,9989,2.492,0.077,3.029,0.8012,7.307,0.9981,35.665,1.0
B_cldice_s5,B_cldice,07,2803.764,8968,1.355,0.0747,3.83,0.8284,6.883,0.9902,97.169,0.9967
B_cldice_s5,B_cldice,08,610.512,8585,2.06,0.0913,4.113,0.8843,8.825,0.9949,38.201,0.9932
B_cldice_s5,B_cldice,09,1184.348,8726,2.39,0.1445,4.296,0.8966,9.184,0.9985,63.212,1.0
B_cldice_s5,B_cldice,10,2440.593,9137,1.995,0.1424,4.358,0.8723,8.4,0.9954,96.105,0.9962
B_cldice_s5,B_cldice,11,3058.321,10456,0.985,0.0954,2.935,0.8019,5.833,0.9801,340.694,1.0
B_cldice_s5,B_cldice,12,1676.612,8712,2.558,0.197,3.801,0.8628,5.73,0.9788,43.105,0.9895
B_cldice_s5,B_cldice,13,1505.428,10186,1.858,0.1763,4.077,0.8326,6.708,0.9887,105.965,1.0
B_cldice_s5,B_cldice,14,3551.977,8358,1.549,0.2089,3.707,0.8233,6.361,0.9907,68.134,1.0
B_cldice_s5,B_cldice,15,3645.15,7651,2.549,0.2721,4.359,0.9255,6.201,0.9974,270.675,1.0
B_cldice_s5,B_cldice,16,3777.779,8812,2.07,0.274,4.605,0.8805,7.727,0.9901,229.877,1.0
B_cldice_s5,B_cldice,17,1160.3,7984,2.692,0.171,5.0,0.8995,5.834,0.9908,27.828,0.999
B_cldice_s5,B_cldice,18,3606.346,7659,3.942,0.3808,3.823,0.8897,7.257,0.9649,69.695,1.0
B_cldice_s5,B_cldice,19,5136.854,8476,4.395,0.4141,4.166,0.9467,8.004,0.9969,33.918,1.0
B_cldice_s5,B_cldice,20,1470.924,7373,3.257,0.3246,4.432,0.932,8.669,0.9987,45.789,0.9999
B_cldice_w32_s0,B_cldice_w32,01,4272.928,9312,1.891,0.2588,4.158,0.8724,7.301,0.9868,110.981,1.0
B_cldice_w32_s0,B_cldice_w32,02,5150.083,9289,2.003,0.2018,3.965,0.8557,10.089,0.9972,106.49,0.9971
B_cldice_w32_s0,B_cldice_w32,03,934.002,9221,2.483,0.1354,5.264,0.9055,8.365,0.9628,39.303,0.9999
B_cldice_w32_s0,B_cldice_w32,04,2981.883,8926,2.993,0.0912,3.82,0.8815,7.656,0.99,376.639,0.9999
B_cldice_w32_s0,B_cldice_w32,05,1454.332,9586,1.289,0.0744,3.925,0.9061,7.696,0.9978,46.69,0.9813
B_cldice_w32_s0,B_cldice_w32,06,1443.295,9989,2.863,0.0885,3.059,0.8091,7.279,0.9943,33.744,0.9461
B_cldice_w32_s0,B_cldice_w32,07,2923.501,8968,1.418,0.0781,3.845,0.8317,6.887,0.9909,97.147,0.9965
B_cldice_w32_s0,B_cldice_w32,08,665.083,8585,2.31,0.1024,3.996,0.8592,8.799,0.9919,38.455,0.9998
B_cldice_w32_s0,B_cldice_w32,09,917.044,8726,3.071,0.1857,4.3,0.8974,8.939,0.9719,62.387,0.9869
B_cldice_w32_s0,B_cldice_w32,10,2822.345,9137,2.301,0.1643,4.41,0.8827,8.419,0.9977,96.476,1.0
B_cldice_w32_s0,B_cldice_w32,11,3345.322,10456,1.28,0.124,2.998,0.8189,5.79,0.9728,340.604,0.9997
B_cldice_w32_s0,B_cldice_w32,12,1491.158,8712,2.573,0.1982,3.766,0.8549,5.758,0.9837,43.166,0.9909
B_cldice_w32_s0,B_cldice_w32,13,1712.733,10186,1.902,0.1805,4.178,0.8532,6.7,0.9874,105.965,1.0
B_cldice_w32_s0,B_cldice_w32,14,4173.034,8358,1.829,0.2467,3.824,0.8493,6.367,0.9916,68.086,0.9993
B_cldice_w32_s0,B_cldice_w32,15,3764.976,7651,2.623,0.28,4.343,0.922,6.206,0.9983,270.675,1.0
B_cldice_w32_s0,B_cldice_w32,16,4168.666,8812,2.452,0.3245,4.758,0.9098,7.758,0.994,229.614,0.9989
B_cldice_w32_s0,B_cldice_w32,17,3043.057,7984,2.887,0.1834,4.99,0.8977,5.861,0.9953,27.811,0.9984
B_cldice_w32_s0,B_cldice_w32,18,1967.012,7659,4.14,0.4,3.737,0.8698,7.478,0.9942,69.69,0.9999
B_cldice_w32_s0,B_cldice_w32,19,5091.34,8476,4.422,0.4166,4.017,0.9128,7.987,0.9948,33.035,0.974
B_cldice_w32_s0,B_cldice_w32,20,1623.083,7373,3.422,0.341,4.464,0.9387,8.67,0.9989,45.733,0.9987
B_cldice_w32_s1,B_cldice_w32,01,4893.166,9312,2.225,0.3046,4.232,0.888,7.364,0.9953,110.981,1.0
B_cldice_w32_s1,B_cldice_w32,02,2425.703,9289,2.159,0.2176,3.934,0.8491,10.097,0.9981,106.805,1.0
B_cldice_w32_s1,B_cldice_w32,03,1474.014,9221,2.508,0.1367,5.167,0.8888,8.474,0.9753,39.308,1.0
B_cldice_w32_s1,B_cldice_w32,04,3278.592,8926,2.824,0.0861,3.912,0.9026,7.67,0.9918,376.007,0.9982
B_cldice_w32_s1,B_cldice_w32,05,2899.766,9586,1.461,0.0843,3.894,0.8989,7.706,0.9992,47.577,1.0
B_cldice_w32_s1,B_cldice_w32,06,2863.877,9989,3.631,0.1123,3.157,0.8349,7.305,0.9978,35.665,1.0
B_cldice_w32_s1,B_cldice_w32,07,1663.393,8968,1.631,0.0898,3.877,0.8385,6.894,0.9918,97.143,0.9965
B_cldice_w32_s1,B_cldice_w32,08,714.706,8585,2.227,0.0987,4.063,0.8737,8.826,0.9949,38.461,0.9999
B_cldice_w32_s1,B_cldice_w32,09,1533.647,8726,3.324,0.201,4.395,0.9172,9.167,0.9967,63.212,1.0
B_cldice_w32_s1,B_cldice_w32,10,3179.152,9137,2.327,0.1661,4.495,0.8996,8.412,0.9969,96.476,1.0
B_cldice_w32_s1,B_cldice_w32,11,4307.11,10456,1.643,0.1592,3.066,0.8377,5.835,0.9803,340.694,1.0
B_cldice_w32_s1,B_cldice_w32,12,1782.049,8712,2.864,0.2206,3.917,0.889,5.779,0.9873,43.02,0.9876
B_cldice_w32_s1,B_cldice_w32,13,1586.813,10186,2.095,0.1989,4.279,0.8738,6.699,0.9873,105.965,1.0
B_cldice_w32_s1,B_cldice_w32,14,4369.336,8358,1.871,0.2523,3.961,0.8798,6.37,0.992,68.134,1.0
B_cldice_w32_s1,B_cldice_w32,15,3956.824,7651,2.839,0.3031,4.388,0.9317,6.198,0.997,270.675,1.0
B_cldice_w32_s1,B_cldice_w32,16,4431.011,8812,2.388,0.3161,4.781,0.9141,7.781,0.997,229.877,1.0
B_cldice_w32_s1,B_cldice_w32,17,1438.881,7984,3.572,0.2269,4.925,0.8859,5.853,0.994,27.793,0.9977
B_cldice_w32_s1,B_cldice_w32,18,1846.237,7659,4.129,0.3989,3.855,0.8971,7.494,0.9964,61.878,0.8878
B_cldice_w32_s1,B_cldice_w32,19,4972.675,8476,4.304,0.4056,4.116,0.9351,8.017,0.9986,33.916,1.0
B_cldice_w32_s1,B_cldice_w32,20,1442.696,7373,3.656,0.3643,4.506,0.9475,8.647,0.9962,45.792,1.0
B_cldice_w32_s2,B_cldice_w32,01,4333.57,9312,1.888,0.2585,4.206,0.8825,7.151,0.9665,110.35,0.9943
B_cldice_w32_s2,B_cldice_w32,02,4844.931,9289,2.03,0.2045,3.941,0.8506,10.081,0.9965,106.276,0.9951
B_cldice_w32_s2,B_cldice_w32,03,1070.851,9221,2.495,0.136,5.082,0.8742,8.453,0.9729,39.306,1.0
B_cldice_w32_s2,B_cldice_w32,04,2523.332,8926,2.943,0.0897,3.751,0.8654,7.648,0.9889,375.926,0.998
B_cldice_w32_s2,B_cldice_w32,05,2816.192,9586,1.567,0.0905,3.92,0.9049,7.665,0.9938,47.572,0.9999
B_cldice_w32_s2,B_cldice_w32,06,2746.818,9989,3.4,0.1052,2.989,0.7906,7.286,0.9952,35.531,0.9962
B_cldice_w32_s2,B_cldice_w32,07,2477.41,8968,1.367,0.0753,3.824,0.827,6.845,0.9848,97.161,0.9967
B_cldice_w32_s2,B_cldice_w32,08,499.97,8585,2.186,0.0969,4.111,0.8839,8.782,0.99,38.435,0.9993
B_cldice_w32_s2,B_cldice_w32,09,1069.748,8726,2.791,0.1688,4.313,0.9002,9.155,0.9954,62.85,0.9943
B_cldice_w32_s2,B_cldice_w32,10,2753.086,9137,2.393,0.1708,4.401,0.8809,8.411,0.9967,95.37,0.9885
B_cldice_w32_s2,B_cldice_w32,11,3134.526,10456,1.081,0.1047,2.921,0.7981,5.767,0.9691,339.426,0.9963
B_cldice_w32_s2,B_cldice_w32,12,1158.929,8712,2.809,0.2164,3.714,0.843,5.74,0.9806,43.468,0.9978
B_cldice_w32_s2,B_cldice_w32,13,1485.029,10186,1.902,0.1805,4.075,0.8321,6.701,0.9876,105.965,1.0
B_cldice_w32_s2,B_cldice_w32,14,3974.293,8358,1.884,0.2541,3.802,0.8445,6.349,0.9888,68.134,1.0
B_cldice_w32_s2,B_cldice_w32,15,4003.11,7651,2.788,0.2977,4.349,0.9234,6.211,0.999,270.675,1.0
B_cldice_w32_s2,B_cldice_w32,16,4299.308,8812,2.405,0.3184,4.7,0.8987,7.771,0.9957,229.877,1.0
B_cldice_w32_s2,B_cldice_w32,17,1034.164,7984,3.189,0.2026,4.693,0.8441,5.79,0.9834,27.803,0.9981
B_cldice_w32_s2,B_cldice_w32,18,1776.678,7659,3.844,0.3713,3.662,0.8522,7.416,0.9861,69.29,0.9942
B_cldice_w32_s2,B_cldice_w32,19,5167.632,8476,4.398,0.4144,4.076,0.9261,7.992,0.9955,33.915,0.9999
B_cldice_w32_s2,B_cldice_w32,20,1194.438,7373,3.401,0.339,4.491,0.9443,8.636,0.9949,45.789,0.9999
B_cldice_w64_d5_s0,B_cldice_w64_d5,01,2480.21,9312,1.954,0.2675,4.062,0.8524,7.253,0.9803,108.487,0.9775
B_cldice_w64_d5_s0,B_cldice_w64_d5,02,2867.474,9289,1.836,0.185,3.778,0.8154,10.012,0.9897,101.797,0.9531
B_cldice_w64_d5_s0,B_cldice_w64_d5,03,558.459,9221,2.404,0.1311,5.134,0.8831,8.594,0.989,38.36,0.9759
B_cldice_w64_d5_s0,B_cldice_w64_d5,04,2734.108,8926,2.58,0.0786,3.777,0.8715,7.662,0.9908,375.928,0.998
B_cldice_w64_d5_s0,B_cldice_w64_d5,05,917.296,9586,1.26,0.0727,3.78,0.8725,7.683,0.9961,46.917,0.9861
B_cldice_w64_d5_s0,B_cldice_w64_d5,06,2403.24,9989,3.035,0.0938,2.902,0.7676,7.298,0.9969,35.665,1.0
B_cldice_w64_d5_s0,B_cldice_w64_d5,07,2726.899,8968,1.314,0.0724,3.757,0.8126,6.875,0.989,97.147,0.9965
B_cldice_w64_d5_s0,B_cldice_w64_d5,08,541.156,8585,1.78,0.0789,4.021,0.8646,8.817,0.9939,38.457,0.9998
B_cldice_w64_d5_s0,B_cldice_w64_d5,09,1219.668,8726,2.848,0.1722,4.298,0.897,9.196,0.9998,63.212,1.0
B_cldice_w64_d5_s0,B_cldice_w64_d5,10,2485.034,9137,2.013,0.1437,4.266,0.8538,8.399,0.9952,96.475,1.0
B_cldice_w64_d5_s0,B_cldice_w64_d5,11,2642.178,10456,0.974,0.0944,2.886,0.7884,5.809,0.9761,334.752,0.9826
B_cldice_w64_d5_s0,B_cldice_w64_d5,12,1699.81,8712,2.852,0.2196,3.627,0.8233,5.783,0.9881,42.573,0.9773
B_cldice_w64_d5_s0,B_cldice_w64_d5,13,1353.091,10186,2.024,0.1922,4.088,0.8348,6.671,0.9832,105.965,1.0
B_cldice_w64_d5_s0,B_cldice_w64_d5,14,3567.298,8358,1.864,0.2514,3.735,0.8295,6.363,0.991,68.134,1.0
B_cldice_w64_d5_s0,B_cldice_w64_d5,15,3263.266,7651,2.255,0.2407,4.144,0.8798,6.164,0.9914,270.675,1.0
B_cldice_w64_d5_s0,B_cldice_w64_d5,16,3798.904,8812,1.923,0.2546,4.565,0.8729,7.761,0.9944,229.877,1.0
B_cldice_w64_d5_s0,B_cldice_w64_d5,17,1945.642,7984,3.097,0.1967,4.931,0.8871,5.811,0.9869,27.836,0.9993
B_cldice_w64_d5_s0,B_cldice_w64_d5,18,1947.001,7659,3.577,0.3456,3.768,0.877,7.486,0.9953,69.695,1.0
B_cldice_w64_d5_s0,B_cldice_w64_d5,19,4266.937,8476,3.553,0.3348,3.983,0.9049,8.008,0.9974,33.733,0.9945
B_cldice_w64_d5_s0,B_cldice_w64_d5,20,788.669,7373,2.915,0.2905,4.318,0.908,8.646,0.996,45.789,0.9999
B_cldice_w64_d5_s1,B_cldice_w64_d5,01,4821.549,9312,2.151,0.2945,4.238,0.8892,7.268,0.9824,108.496,0.9776
B_cldice_w64_d5_s1,B_cldice_w64_d5,02,5034.856,9289,2.515,0.2533,3.95,0.8525,10.088,0.9972,106.793,0.9999
B_cldice_w64_d5_s1,B_cldice_w64_d5,03,1386.02,9221,2.773,0.1511,5.292,0.9104,8.584,0.988,39.307,1.0
B_cldice_w64_d5_s1,B_cldice_w64_d5,04,3489.055,8926,2.894,0.0882,3.8,0.8768,7.673,0.9922,375.997,0.9982
B_cldice_w64_d5_s1,B_cldice_w64_d5,05,2076.424,9586,1.457,0.0842,3.877,0.895,7.703,0.9988,47.577,1.0
B_cldice_w64_d5_s1,B_cldice_w64_d5,06,2996.392,9989,3.628,0.1122,3.148,0.8325,7.304,0.9976,35.665,1.0
B_cldice_w64_d5_s1,B_cldice_w64_d5,07,2913.21,8968,1.704,0.0939,3.907,0.845,6.886,0.9907,97.148,0.9965
B_cldice_w64_d5_s1,B_cldice_w64_d5,08,660.479,8585,2.51,0.1112,4.163,0.8951,8.825,0.9949,38.456,0.9998
B_cldice_w64_d5_s1,B_cldice_w64_d5,09,1491.153,8726,3.486,0.2108,4.354,0.9087,9.196,0.9999,62.899,0.9951
B_cldice_w64_d5_s1,B_cldice_w64_d5,10,2989.905,9137,2.276,0.1625,4.523,0.9053,8.408,0.9964,96.105,0.9962
B_cldice_w64_d5_s1,B_cldice_w64_d5,11,4100.573,10456,1.491,0.1445,3.043,0.8312,5.782,0.9715,340.694,1.0
B_cldice_w64_d5_s1,B_cldice_w64_d5,12,1956.407,8712,2.68,0.2064,3.859,0.8761,5.803,0.9914,43.111,0.9897
B_cldice_w64_d5_s1,B_cldice_w64_d5,13,1545.357,10186,2.18,0.207,4.237,0.8651,6.723,0.9908,105.965,1.0
B_cldice_w64_d5_s1,B_cldice_w64_d5,14,4504.983,8358,2.079,0.2803,3.898,0.8657,6.364,0.991,68.094,0.9994
B_cldice_w64_d5_s1,B_cldice_w64_d5,15,3823.019,7651,2.509,0.2679,4.348,0.9231,6.2,0.9973,270.675,1.0
B_cldice_w64_d5_s1,B_cldice_w64_d5,16,4014.557,8812,2.526,0.3344,4.746,0.9075,7.767,0.9952,229.877,1.0
B_cldice_w64_d5_s1,B_cldice_w64_d5,17,3098.552,7984,3.163,0.201,5.162,0.9286,5.866,0.9963,27.796,0.9979
B_cldice_w64_d5_s1,B_cldice_w64_d5,18,1886.8,7659,3.689,0.3564,3.833,0.892,7.485,0.9953,69.695,1.0
B_cldice_w64_d5_s1,B_cldice_w64_d5,19,5411.753,8476,4.265,0.4019,4.094,0.9303,8.008,0.9975,33.916,1.0
B_cldice_w64_d5_s1,B_cldice_w64_d5,20,1522.583,7373,3.84,0.3827,4.478,0.9416,8.675,0.9994,45.792,1.0
B_cldice_w64_d5_s2,B_cldice_w64_d5,01,4084.703,9312,1.692,0.2317,4.057,0.8514,7.223,0.9762,110.979,1.0
B_cldice_w64_d5_s2,B_cldice_w64_d5,02,5012.327,9289,1.687,0.1699,3.86,0.8331,10.075,0.9958,106.805,1.0
B_cldice_w64_d5_s2,B_cldice_w64_d5,03,956.411,9221,2.228,0.1214,5.139,0.8841,8.434,0.9707,39.303,0.9999
B_cldice_w64_d5_s2,B_cldice_w64_d5,04,2908.616,8926,2.765,0.0843,3.821,0.8817,7.635,0.9872,376.572,0.9997
B_cldice_w64_d5_s2,B_cldice_w64_d5,05,1579.436,9586,1.307,0.0755,3.753,0.8663,7.699,0.9983,47.577,1.0
B_cldice_w64_d5_s2,B_cldice_w64_d5,06,2779.821,9989,3.058,0.0946,3.059,0.8089,7.309,0.9983,35.665,1.0
B_cldice_w64_d5_s2,B_cldice_w64_d5,07,2790.69,8968,1.28,0.0705,3.726,0.8058,6.908,0.9938,97.148,0.9965
B_cldice_w64_d5_s2,B_cldice_w64_d5,08,766.979,8585,2.067,0.0916,3.911,0.841,8.81,0.9931,38.441,0.9994
B_cldice_w64_d5_s2,B_cldice_w64_d5,09,1193.653,8726,2.758,0.1668,4.288,0.8948,9.196,0.9999,63.212,1.0
B_cldice_w64_d5_s2,B_cldice_w64_d5,10,2859.655,9137,2.019,0.1442,4.33,0.8666,8.398,0.9952,96.476,1.0
B_cldice_w64_d5_s2,B_cldice_w64_d5,11,3419.984,10456,1.213,0.1175,2.812,0.7681,5.798,0.9742,340.69,1.0
B_cldice_w64_d5_s2,B_cldice_w64_d5,12,1906.991,8712,2.448,0.1885,3.658,0.8303,5.763,0.9845,43.562,1.0
B_cldice_w64_d5_s2,B_cldice_w64_d5,13,1546.86,10186,2.099,0.1993,4.076,0.8324,6.691,0.9862,105.965,1.0
B_cldice_w64_d5_s2,B_cldice_w64_d5,14,3582.683,8358,1.72,0.2319,3.749,0.8328,6.332,0.9862,68.134,1.0
B_cldice_w64_d5_s2,B_cldice_w64_d5,15,3369.702,7651,2.231,0.2382,4.196,0.8909,6.162,0.9911,270.675,1.0
B_cldice_w64_d5_s2,B_cldice_w64_d5,16,3630.762,8812,1.968,0.2605,4.633,0.8859,7.732,0.9907,229.878,1.0
B_cldice_w64_d5_s2,B_cldice_w64_d5,17,2324.692,7984,2.585,0.1642,4.821,0.8674,5.812,0.987,27.845,0.9996
B_cldice_w64_d5_s2,B_cldice_w64_d5,18,3685.907,7659,3.458,0.3341,3.708,0.8629,7.504,0.9978,63.584,0.9123
B_cldice_w64_d5_s2,B_cldice_w64_d5,19,5033.83,8476,4.083,0.3847,4.0,0.9088,7.984,0.9945,33.916,1.0
B_cldice_w64_d5_s2,B_cldice_w64_d5,20,1290.362,7373,3.253,0.3242,4.319,0.9081,8.632,0.9945,45.792,1.0
B_cldice_w64_d5_s3,B_cldice_w64_d5,01,4536.928,9312,2.179,0.2982,4.198,0.8809,7.264,0.9818,110.925,0.9995
B_cldice_w64_d5_s3,B_cldice_w64_d5,02,5060.946,9289,2.023,0.2038,3.991,0.8614,10.1,0.9983,106.805,1.0
B_cldice_w64_d5_s3,B_cldice_w64_d5,03,1030.453,9221,2.968,0.1618,5.148,0.8855,8.541,0.983,39.067,0.9939
B_cldice_w64_d5_s3,B_cldice_w64_d5,04,2985.703,8926,3.069,0.0936,3.843,0.8868,7.67,0.9918,376.505,0.9996
B_cldice_w64_d5_s3,B_cldice_w64_d5,05,1938.044,9586,1.385,0.0799,3.874,0.8943,7.693,0.9974,47.553,0.9995
B_cldice_w64_d5_s3,B_cldice_w64_d5,06,2934.656,9989,3.471,0.1073,3.063,0.8101,7.292,0.996,35.665,1.0
B_cldice_w64_d5_s3,B_cldice_w64_d5,07,2728.692,8968,1.62,0.0892,3.877,0.8386,6.85,0.9855,97.054,0.9956
B_cldice_w64_d5_s3,B_cldice_w64_d5,08,786.611,8585,2.31,0.1024,4.117,0.8853,8.764,0.9879,38.449,0.9996
B_cldice_w64_d5_s3,B_cldice_w64_d5,09,1418.744,8726,3.057,0.1848,4.355,0.9087,9.197,0.9999,63.212,1.0
B_cldice_w64_d5_s3,B_cldice_w64_d5,10,3117.592,9137,2.126,0.1517,4.472,0.8951,8.401,0.9955,96.476,1.0
B_cldice_w64_d5_s3,B_cldice_w64_d5,11,3137.051,10456,1.24,0.1201,3.004,0.8205,5.794,0.9736,332.285,0.9753
B_cldice_w64_d5_s3,B_cldice_w64_d5,12,1835.232,8712,2.522,0.1942,3.78,0.8581,5.774,0.9864,43.474,0.998
B_cldice_w64_d5_s3,B_cldice_w64_d5,13,1332.731,10186,2.065,0.1961,4.091,0.8354,6.703,0.9879,105.965,1.0
B_cldice_w64_d5_s3,B_cldice_w64_d5,14,4096.199,8358,1.835,0.2475,3.884,0.8626,6.353,0.9895,68.134,1.0
B_cldice_w64_d5_s3,B_cldice_w64_d5,15,3597.531,7651,2.571,0.2745,4.312,0.9155,6.19,0.9957,270.091,0.9978
B_cldice_w64_d5_s3,B_cldice_w64_d5,16,3880.252,8812,2.233,0.2955,4.66,0.8912,7.748,0.9928,229.877,1.0
B_cldice_w64_d5_s3,B_cldice_w64_d5,17,2434.241,7984,3.217,0.2043,4.823,0.8677,5.814,0.9874,27.823,0.9988
B_cldice_w64_d5_s3,B_cldice_w64_d5,18,3615.54,7659,3.881,0.3749,3.868,0.9002,7.509,0.9985,65.479,0.9395
B_cldice_w64_d5_s3,B_cldice_w64_d5,19,4980.33,8476,3.979,0.3749,4.082,0.9276,8.001,0.9966,33.916,0.9999
B_cldice_w64_d5_s3,B_cldice_w64_d5,20,1541.197,7373,3.64,0.3627,4.468,0.9396,8.67,0.9989,45.792,1.0
B_cldice_w64_d5_s4,B_cldice_w64_d5,01,4969.294,9312,1.992,0.2726,4.216,0.8846,7.343,0.9925,110.667,0.9972
B_cldice_w64_d5_s4,B_cldice_w64_d5,02,5284.526,9289,2.314,0.2331,3.85,0.8308,10.097,0.9981,106.76,0.9996
B_cldice_w64_d5_s4,B_cldice_w64_d5,03,1311.352,9221,2.696,0.147,5.41,0.9306,8.605,0.9904,39.308,1.0
B_cldice_w64_d5_s4,B_cldice_w64_d5,04,3192.658,8926,3.151,0.0961,3.774,0.8707,7.695,0.9951,250.064,0.6639
B_cldice_w64_d5_s4,B_cldice_w64_d5,05,2855.01,9586,1.364,0.0788,3.913,0.9032,7.703,0.9988,47.533,0.9991
B_cldice_w64_d5_s4,B_cldice_w64_d5,06,2820.9,9989,3.109,0.0961,3.039,0.8037,7.292,0.996,35.665,1.0
B_cldice_w64_d5_s4,B_cldice_w64_d5,07,2952.546,8968,1.536,0.0846,3.902,0.8441,6.903,0.9932,97.077,0.9958
B_cldice_w64_d5_s4,B_cldice_w64_d5,08,809.459,8585,2.099,0.093,4.129,0.8878,8.809,0.993,35.228,0.9159
B_cldice_w64_d5_s4,B_cldice_w64_d5,09,1498.031,8726,3.23,0.1953,4.339,0.9056,9.19,0.9992,62.774,0.9931
B_cldice_w64_d5_s4,B_cldice_w64_d5,10,3060.317,9137,2.195,0.1567,4.385,0.8775,8.402,0.9957,96.476,1.0
B_cldice_w64_d5_s4,B_cldice_w64_d5,11,3087.938,10456,1.244,0.1206,2.96,0.8087,5.786,0.9721,340.694,1.0
B_cldice_w64_d5_s4,B_cldice_w64_d5,12,1671.831,8712,3.136,0.2415,3.801,0.8628,5.803,0.9914,43.562,1.0
B_cldice_w64_d5_s4,B_cldice_w64_d5,13,1567.927,10186,2.037,0.1933,4.152,0.8479,6.709,0.9889,105.965,1.0
B_cldice_w64_d5_s4,B_cldice_w64_d5,14,3925.254,8358,1.757,0.2369,3.728,0.8281,6.349,0.9888,68.094,0.9994
B_cldice_w64_d5_s4,B_cldice_w64_d5,15,3027.049,7651,2.632,0.281,4.293,0.9115,6.182,0.9944,176.533,0.6522
B_cldice_w64_d5_s4,B_cldice_w64_d5,16,4599.812,8812,2.102,0.2782,4.769,0.9119,7.768,0.9953,229.877,1.0
B_cldice_w64_d5_s4,B_cldice_w64_d5,17,3029.421,7984,3.626,0.2303,5.039,0.9064,5.816,0.9877,27.85,0.9998
B_cldice_w64_d5_s4,B_cldice_w64_d5,18,3734.491,7659,3.363,0.3249,3.861,0.8987,7.51,0.9985,69.695,1.0
B_cldice_w64_d5_s4,B_cldice_w64_d5,19,4596.0,8476,4.15,0.391,4.06,0.9225,7.962,0.9918,33.915,0.9999
B_cldice_w64_d5_s4,B_cldice_w64_d5,20,1760.183,7373,3.429,0.3418,4.467,0.9392,8.649,0.9964,45.789,0.9999
C_boundary_s0,C_boundary,01,4710.439,9312,1.967,0.2693,4.314,0.9052,7.226,0.9767,110.979,1.0
C_boundary_s0,C_boundary,02,3110.239,9289,2.179,0.2195,4.005,0.8644,10.081,0.9965,98.918,0.9262
C_boundary_s0,C_boundary,03,1252.565,9221,2.452,0.1336,5.286,0.9093,8.531,0.9818,39.308,1.0
C_boundary_s0,C_boundary,04,2606.102,8926,3.061,0.0933,3.899,0.8995,7.684,0.9936,225.792,0.5994
C_boundary_s0,C_boundary,05,1767.249,9586,1.297,0.0749,3.866,0.8924,7.698,0.998,47.577,1.0
C_boundary_s0,C_boundary,06,1417.93,9989,2.558,0.0791,3.115,0.8237,7.304,0.9977,35.532,0.9963
C_boundary_s0,C_boundary,07,2798.184,8968,1.538,0.0847,3.856,0.8341,6.857,0.9865,97.055,0.9956
C_boundary_s0,C_boundary,08,938.643,8585,1.915,0.0849,4.123,0.8865,8.819,0.9942,38.457,0.9998
C_boundary_s0,C_boundary,09,1333.602,8726,3.077,0.186,4.437,0.926,9.107,0.9902,62.852,0.9943
C_boundary_s0,C_boundary,10,2840.918,9137,2.197,0.1569,4.34,0.8685,8.417,0.9974,96.105,0.9962
C_boundary_s0,C_boundary,11,3285.573,10456,1.331,0.129,2.973,0.812,5.798,0.9743,340.068,0.9982
C_boundary_s0,C_boundary,12,1793.254,8712,2.756,0.2123,3.762,0.854,5.765,0.985,43.52,0.999
C_boundary_s0,C_boundary,13,1552.915,10186,1.928,0.183,4.211,0.8599,6.683,0.985,105.965,1.0
C_boundary_s0,C_boundary,14,4123.752,8358,1.665,0.2246,3.785,0.8406,6.374,0.9927,68.134,1.0
C_boundary_s0,C_boundary,15,3880.823,7651,2.62,0.2797,4.337,0.9208,6.198,0.997,270.675,1.0
C_boundary_s0,C_boundary,16,4511.712,8812,2.348,0.3108,4.77,0.9121,7.777,0.9965,229.877,1.0
C_boundary_s0,C_boundary,17,2556.682,7984,2.787,0.1771,5.152,0.9268,5.866,0.9962,27.856,1.0
C_boundary_s0,C_boundary,18,4058.917,7659,3.879,0.3747,3.854,0.8969,7.483,0.995,69.69,0.9999
C_boundary_s0,C_boundary,19,5083.374,8476,3.916,0.369,4.151,0.9432,7.993,0.9956,33.9,0.9995
C_boundary_s0,C_boundary,20,1176.093,7373,3.128,0.3117,4.485,0.9431,8.64,0.9953,45.792,1.0
C_boundary_s1,C_boundary,01,4333.818,9312,2.026,0.2774,4.242,0.89,7.251,0.98,110.981,1.0
C_boundary_s1,C_boundary,02,3255.802,9289,2.65,0.267,4.075,0.8794,10.09,0.9973,99.267,0.9294
C_boundary_s1,C_boundary,03,1162.422,9221,2.223,0.1212,5.131,0.8827,8.575,0.9869,39.308,1.0
C_boundary_s1,C_boundary,04,2886.147,8926,2.424,0.0739,3.796,0.8759,7.66,0.9905,376.665,1.0
C_boundary_s1,C_boundary,05,2135.361,9586,1.335,0.0771,3.901,0.9004,7.697,0.998,47.568,0.9998
C_boundary_s1,C_boundary,06,2982.883,9989,3.449,0.1067,3.062,0.8098,7.306,0.9979,35.665,1.0
C_boundary_s1,C_boundary,07,2765.603,8968,1.437,0.0791,3.821,0.8264,6.892,0.9915,97.168,0.9967
C_boundary_s1,C_boundary,08,935.071,8585,2.105,0.0933,4.087,0.8787,8.808,0.9929,38.435,0.9993
C_boundary_s1,C_boundary,09,1451.33,8726,2.737,0.1655,4.412,0.9207,9.148,0.9947,62.903,0.9951
C_boundary_s1,C_boundary,10,3015.633,9137,2.319,0.1656,4.401,0.8807,8.401,0.9955,96.476,1.0
C_boundary_s1,C_boundary,11,3659.105,10456,1.601,0.1552,3.031,0.828,5.801,0.9747,340.694,1.0
C_boundary_s1,C_boundary,12,2095.241,8712,2.721,0.2095,3.895,0.8842,5.801,0.9911,43.562,1.0
C_boundary_s1,C_boundary,13,1820.262,10186,1.909,0.1812,4.145,0.8465,6.735,0.9927,105.965,1.0
C_boundary_s1,C_boundary,14,3894.057,8358,1.78,0.24,3.733,0.8291,6.383,0.994,68.134,1.0
C_boundary_s1,C_boundary,15,3939.303,7651,2.409,0.2572,4.115,0.8738,6.209,0.9986,270.675,1.0
C_boundary_s1,C_boundary,16,4647.006,8812,2.522,0.3338,4.807,0.9192,7.784,0.9974,223.539,0.9724
C_boundary_s1,C_boundary,17,1267.757,7984,3.092,0.1964,5.05,0.9085,5.838,0.9915,27.836,0.9993
C_boundary_s1,C_boundary,18,3792.886,7659,4.235,0.4092,3.783,0.8804,7.501,0.9973,69.695,1.0
C_boundary_s1,C_boundary,19,5280.771,8476,4.654,0.4385,4.104,0.9325,8.008,0.9975,33.916,0.9999
C_boundary_s1,C_boundary,20,1166.18,7373,3.391,0.3379,4.522,0.9509,8.643,0.9957,45.792,1.0
C_boundary_s2,C_boundary,01,4318.742,9312,1.826,0.2499,4.13,0.8667,7.197,0.9728,108.49,0.9775
C_boundary_s2,C_boundary,02,4940.378,9289,2.136,0.2152,3.878,0.8369,10.05,0.9934,106.805,1.0
C_boundary_s2,C_boundary,03,857.188,9221,2.205,0.1202,5.157,0.8871,8.565,0.9858,39.308,1.0
C_boundary_s2,C_boundary,04,2867.645,8926,2.713,0.0827,3.834,0.8847,7.645,0.9885,376.572,0.9997
C_boundary_s2,C_boundary,05,2938.912,9586,1.33,0.0768,3.772,0.8706,7.687,0.9967,47.278,0.9937
C_boundary_s2,C_boundary,06,2638.693,9989,2.539,0.0785,3.089,0.8169,7.299,0.9969,35.532,0.9963
C_boundary_s2,C_boundary,07,3011.838,8968,1.434,0.079,3.885,0.8403,6.882,0.9901,97.161,0.9967
C_boundary_s2,C_boundary,08,519.625,8585,2.122,0.094,4.106,0.8829,8.798,0.9918,38.435,0.9993
C_boundary_s2,C_boundary,09,1123.109,8726,2.539,0.1535,4.337,0.9052,8.98,0.9764,62.872,0.9946
C_boundary_s2,C_boundary,10,2599.686,9137,1.948,0.1391,4.397,0.88,8.371,0.9919,95.37,0.9885
C_boundary_s2,C_boundary,11,3317.049,10456,1.302,0.1262,2.952,0.8064,5.737,0.9639,340.566,0.9996
C_boundary_s2,C_boundary,12,1811.804,8712,2.253,0.1735,3.756,0.8526,5.718,0.9769,43.464,0.9977
C_boundary_s2,C_boundary,13,1993.32,10186,2.04,0.1937,4.131,0.8435,6.672,0.9833,105.965,1.0
C_boundary_s2,C_boundary,14,4023.129,8358,1.649,0.2224,3.741,0.8309,6.351,0.989,68.134,1.0
C_boundary_s2,C_boundary,15,3767.466,7651,2.536,0.2708,4.339,0.9212,6.213,0.9993,270.675,1.0
C_boundary_s2,C_boundary,16,2139.842,8812,2.053,0.2717,4.71,0.9007,7.77,0.9956,226.0,0.9831
C_boundary_s2,C_boundary,17,2245.658,7984,2.311,0.1468,4.893,0.8802,5.854,0.9942,27.856,1.0
C_boundary_s2,C_boundary,18,3305.291,7659,3.223,0.3114,3.74,0.8704,7.503,0.9976,69.69,0.9999
C_boundary_s2,C_boundary,19,4983.364,8476,3.688,0.3475,3.956,0.8989,7.992,0.9955,33.916,0.9999
C_boundary_s2,C_boundary,20,915.03,7373,2.901,0.2891,4.375,0.92,8.644,0.9959,45.78,0.9997
D_blurpool_s0,D_blurpool,01,4204.392,9312,1.786,0.2445,4.148,0.8703,7.234,0.9777,110.98,1.0
D_blurpool_s0,D_blurpool,02,5054.527,9289,1.963,0.1978,4.075,0.8794,10.1,0.9984,106.652,0.9986
D_blurpool_s0,D_blurpool,03,759.645,9221,2.284,0.1245,5.187,0.8923,8.535,0.9823,39.307,1.0
D_blurpool_s0,D_blurpool,04,2841.206,8926,2.439,0.0743,3.822,0.8819,7.668,0.9916,376.03,0.9983
D_blurpool_s0,D_blurpool,05,1850.798,9586,1.348,0.0779,3.893,0.8987,7.679,0.9957,47.568,0.9998
D_blurpool_s0,D_blurpool,06,2968.9,9989,3.297,0.102,3.048,0.8059,7.311,0.9986,35.665,1.0
D_blurpool_s0,D_blurpool,07,2937.877,8968,1.386,0.0764,3.829,0.8281,6.912,0.9944,97.168,0.9967
D_blurpool_s0,D_blurpool,08,792.961,8585,1.862,0.0825,4.066,0.8743,8.828,0.9952,38.456,0.9998
D_blurpool_s0,D_blurpool,09,1199.978,8726,2.694,0.1629,4.356,0.909,9.132,0.9929,62.834,0.994
D_blurpool_s0,D_blurpool,10,2773.251,9137,1.99,0.1421,4.435,0.8876,8.423,0.9981,96.476,1.0
D_blurpool_s0,D_blurpool,11,3231.546,10456,1.039,0.1007,3.032,0.8283,5.775,0.9702,338.208,0.9927
D_blurpool_s0,D_blurpool,12,1912.5,8712,2.611,0.2011,3.714,0.843,5.784,0.9882,43.531,0.9993
D_blurpool_s0,D_blurpool,13,1729.504,10186,1.717,0.163,4.115,0.8404,6.67,0.983,105.965,1.0
D_blurpool_s0,D_blurpool,14,3868.86,8358,1.696,0.2287,3.753,0.8336,6.387,0.9947,68.094,0.9994
D_blurpool_s0,D_blurpool,15,3733.323,7651,2.007,0.2143,4.274,0.9074,6.207,0.9984,270.675,1.0
D_blurpool_s0,D_blurpool,16,4639.831,8812,2.341,0.3098,4.87,0.9313,7.776,0.9964,229.877,1.0
D_blurpool_s0,D_blurpool,17,1336.588,7984,2.823,0.1794,5.117,0.9206,5.834,0.9908,27.85,0.9998
D_blurpool_s0,D_blurpool,18,3483.549,7659,4.157,0.4017,3.802,0.8848,7.488,0.9956,69.69,0.9999
D_blurpool_s0,D_blurpool,19,5279.004,8476,3.94,0.3712,4.162,0.9457,7.981,0.9941,33.917,1.0
D_blurpool_s0,D_blurpool,20,1444.79,7373,3.007,0.2996,4.431,0.9319,8.646,0.996,45.789,0.9999
D_blurpool_s1,D_blurpool,01,4708.062,9312,1.985,0.2718,4.255,0.8929,7.326,0.9901,108.486,0.9775
D_blurpool_s1,D_blurpool,02,5091.673,9289,2.378,0.2396,4.092,0.8832,10.1,0.9983,106.805,1.0
D_blurpool_s1,D_blurpool,03,875.734,9221,2.258,0.1231,5.256,0.9041,8.567,0.986,39.308,1.0
D_blurpool_s1,D_blurpool,04,2898.554,8926,2.84,0.0866,3.822,0.8819,7.674,0.9923,376.665,1.0
D_blurpool_s1,D_blurpool,05,1869.061,9586,1.414,0.0817,3.866,0.8925,7.692,0.9973,47.577,1.0
D_blurpool_s1,D_blurpool,06,2947.37,9989,3.37,0.1042,3.051,0.8069,7.303,0.9975,35.665,1.0
D_blurpool_s1,D_blurpool,07,2902.835,8968,1.529,0.0842,3.833,0.829,6.872,0.9887,97.168,0.9967
D_blurpool_s1,D_blurpool,08,563.822,8585,1.992,0.0883,4.143,0.8909,8.822,0.9944,38.456,0.9998
D_blurpool_s1,D_blurpool,09,1475.612,8726,2.675,0.1617,4.364,0.9108,9.133,0.993,62.42,0.9875
D_blurpool_s1,D_blurpool,10,2888.603,9137,2.405,0.1717,4.467,0.8941,8.417,0.9974,96.476,1.0
D_blurpool_s1,D_blurpool,11,3493.94,10456,1.306,0.1266,2.842,0.7763,5.797,0.974,335.356,0.9843
D_blurpool_s1,D_blurpool,12,2052.123,8712,2.718,0.2094,3.851,0.8742,5.794,0.9899,43.562,1.0
D_blurpool_s1,D_blurpool,13,2104.753,10186,2.071,0.1966,4.172,0.8519,6.675,0.9838,105.958,0.9999
D_blurpool_s1,D_blurpool,14,4214.603,8358,1.863,0.2513,3.897,0.8655,6.383,0.994,67.77,0.9947
D_blurpool_s1,D_blurpool,15,3911.798,7651,2.335,0.2493,4.19,0.8897,6.213,0.9994,270.675,1.0
D_blurpool_s1,D_blurpool,16,4582.591,8812,2.458,0.3253,4.829,0.9235,7.787,0.9978,223.249,0.9712
D_blurpool_s1,D_blurpool,17,1203.208,7984,3.601,0.2287,4.958,0.8919,5.784,0.9823,27.8,0.998
D_blurpool_s1,D_blurpool,18,4019.787,7659,3.844,0.3713,3.893,0.906,7.493,0.9963,69.695,1.0
D_blurpool_s1,D_blurpool,19,5268.651,8476,4.479,0.422,4.134,0.9393,8.003,0.9969,33.916,0.9999
D_blurpool_s1,D_blurpool,20,1066.243,7373,3.396,0.3384,4.414,0.9283,8.64,0.9954,45.791,1.0
D_blurpool_s2,D_blurpool,01,3851.655,9312,1.725,0.2362,4.027,0.845,7.166,0.9686,110.665,0.9971
D_blurpool_s2,D_blurpool,02,2676.269,9289,1.745,0.1758,3.696,0.7978,10.091,0.9974,99.136,0.9282
D_blurpool_s2,D_blurpool,03,490.586,9221,1.845,0.1005,5.026,0.8646,8.588,0.9884,39.308,1.0
D_blurpool_s2,D_blurpool,04,2508.105,8926,2.262,0.069,3.663,0.8452,7.636,0.9874,375.926,0.998
D_blurpool_s2,D_blurpool,05,2300.985,9586,1.138,0.0657,3.724,0.8597,7.677,0.9954,47.577,1.0
D_blurpool_s2,D_blurpool,06,2539.762,9989,3.205,0.0991,2.911,0.7698,7.285,0.9951,35.532,0.9963
D_blurpool_s2,D_blurpool,07,2132.979,8968,1.208,0.0666,3.77,0.8154,6.887,0.9908,97.166,0.9967
D_blurpool_s2,D_blurpool,08,436.638,8585,1.575,0.0698,3.89,0.8364,8.811,0.9932,38.446,0.9995
D_blurpool_s2,D_blurpool,09,991.258,8726,2.234,0.1351,4.198,0.876,9.187,0.9989,63.212,1.0
D_blurpool_s2,D_blurpool,10,2232.388,9137,2.11,0.1506,4.377,0.8759,8.408,0.9964,95.003,0.9847
D_blurpool_s2,D_blurpool,11,3212.773,10456,0.878,0.0851,2.792,0.7627,5.762,0.9682,340.092,0.9982
D_blurpool_s2,D_blurpool,12,1227.864,8712,2.42,0.1864,3.689,0.8373,5.75,0.9824,43.562,1.0
D_blurpool_s2,D_blurpool,13,1340.597,10186,1.623,0.1541,4.02,0.821,6.66,0.9816,105.965,1.0
D_blurpool_s2,D_blurpool,14,3449.167,8358,1.451,0.1957,3.562,0.7911,6.356,0.9899,68.128,0.9999
D_blurpool_s2,D_blurpool,15,3066.346,7651,2.345,0.2504,4.125,0.8758,6.211,0.9991,270.675,1.0
D_blurpool_s2,D_blurpool,16,3838.418,8812,1.825,0.2415,4.605,0.8807,7.756,0.9939,229.877,1.0
D_blurpool_s2,D_blurpool,17,1145.517,7984,2.926,0.1859,4.952,0.8908,5.838,0.9915,27.839,0.9994
D_blurpool_s2,D_blurpool,18,2911.92,7659,3.016,0.2914,3.63,0.8448,7.498,0.9969,69.695,1.0
D_blurpool_s2,D_blurpool,19,4961.686,8476,3.632,0.3423,4.09,0.9293,7.995,0.9958,33.916,1.0
D_blurpool_s2,D_blurpool,20,815.771,7373,2.668,0.2659,4.35,0.9147,8.63,0.9943,45.785,0.9999
F_gated_s0,F_gated,01,4488.415,9312,2.093,0.2866,4.221,0.8858,7.225,0.9765,88.749,0.7997
F_gated_s0,F_gated,02,4987.112,9289,1.851,0.1865,4.031,0.8699,10.099,0.9982,106.796,0.9999
F_gated_s0,F_gated,03,1343.799,9221,1.956,0.1066,5.338,0.9182,8.57,0.9863,39.068,0.9939
F_gated_s0,F_gated,04,3438.785,8926,2.406,0.0734,3.738,0.8624,7.687,0.994,376.665,1.0
F_gated_s0,F_gated,05,3014.306,9586,1.348,0.0778,3.891,0.8981,7.667,0.994,47.572,0.9999
F_gated_s0,F_gated,06,2670.696,9989,2.861,0.0885,3.047,0.8058,7.287,0.9953,35.665,1.0
F_gated_s0,F_gated,07,2911.082,8968,1.551,0.0854,3.836,0.8297,6.9,0.9927,97.147,0.9965
F_gated_s0,F_gated,08,703.944,8585,2.132,0.0945,4.02,0.8643,8.812,0.9933,38.441,0.9994
F_gated_s0,F_gated,09,1288.457,8726,2.376,0.1436,4.3,0.8975,9.195,0.9997,63.212,1.0
F_gated_s0,F_gated,10,2593.718,9137,2.243,0.1601,4.256,0.8518,8.416,0.9973,96.476,1.0
F_gated_s0,F_gated,11,3577.185,10456,1.263,0.1224,2.917,0.7969,5.744,0.9651,334.156,0.9808
F_gated_s0,F_gated,12,1502.621,8712,2.62,0.2018,3.778,0.8576,5.772,0.9861,43.128,0.99
F_gated_s0,F_gated,13,1773.91,10186,1.897,0.18,4.127,0.8427,6.674,0.9837,105.965,1.0
F_gated_s0,F_gated,14,4379.993,8358,1.837,0.2477,3.903,0.8668,6.376,0.9929,68.134,1.0
F_gated_s0,F_gated,15,3591.98,7651,2.477,0.2644,4.238,0.8998,6.187,0.9952,199.522,0.7371
F_gated_s0,F_gated,16,4390.839,8812,2.518,0.3333,4.719,0.9023,7.77,0.9956,229.878,1.0
F_gated_s0,F_gated,17,2600.497,7984,2.697,0.1713,5.007,0.9006,5.871,0.997,27.823,0.9988
F_gated_s0,F_gated,18,3649.783,7659,3.024,0.2922,3.833,0.8921,7.517,0.9994,69.695,1.0
F_gated_s0,F_gated,19,4808.613,8476,3.954,0.3726,4.091,0.9295,7.956,0.991,33.918,1.0
F_gated_s0,F_gated,20,1197.051,7373,3.313,0.3302,4.466,0.9391,8.639,0.9952,45.789,0.9999
F_gated_s1,F_gated,01,4532.338,9312,1.718,0.2352,4.129,0.8664,7.209,0.9743,110.979,1.0
F_gated_s1,F_gated,02,3092.446,9289,2.01,0.2025,3.864,0.8338,10.065,0.9948,99.115,0.928
F_gated_s1,F_gated,03,1235.902,9221,2.447,0.1334,5.126,0.8818,8.563,0.9856,39.307,1.0
F_gated_s1,F_gated,04,3102.804,8926,2.558,0.078,3.735,0.8618,7.67,0.9918,375.028,0.9956
F_gated_s1,F_gated,05,2524.515,9586,1.189,0.0687,3.732,0.8616,7.688,0.9968,47.574,0.9999
F_gated_s1,F_gated,06,2847.549,9989,3.148,0.0974,2.962,0.7834,7.289,0.9956,35.53,0.9962
F_gated_s1,F_gated,07,2926.605,8968,1.392,0.0767,3.649,0.7893,6.866,0.9878,78.519,0.8054
F_gated_s1,F_gated,08,822.965,8585,1.818,0.0806,4.017,0.8637,8.817,0.9939,38.457,0.9998
F_gated_s1,F_gated,09,1130.96,8726,2.946,0.1781,4.298,0.8969,9.12,0.9916,62.829,0.9939
F_gated_s1,F_gated,10,2299.558,9137,2.129,0.152,4.39,0.8787,8.357,0.9903,96.475,1.0
F_gated_s1,F_gated,11,3319.564,10456,1.18,0.1143,2.736,0.7473,5.725,0.9619,338.304,0.993
F_gated_s1,F_gated,12,1779.164,8712,2.605,0.2006,3.735,0.8479,5.742,0.981,43.482,0.9982
F_gated_s1,F_gated,13,1835.998,10186,1.964,0.1864,4.199,0.8575,6.701,0.9876,105.965,1.0
F_gated_s1,F_gated,14,4019.036,8358,1.732,0.2336,3.9,0.8662,6.334,0.9864,68.094,0.9994
F_gated_s1,F_gated,15,3616.455,7651,2.376,0.2537,4.268,0.9061,6.187,0.9952,198.698,0.7341
F_gated_s1,F_gated,16,4350.749,8812,2.23,0.2951,4.779,0.9138,7.762,0.9945,226.545,0.9855
F_gated_s1,F_gated,17,1155.699,7984,2.25,0.1429,4.913,0.8838,5.813,0.9873,24.747,0.8884
F_gated_s1,F_gated,18,3518.445,7659,3.474,0.3356,3.725,0.867,7.501,0.9974,61.031,0.8757
F_gated_s1,F_gated,19,5263.54,8476,3.67,0.3458,4.127,0.9377,8.0,0.9965,33.916,0.9999
F_gated_s1,F_gated,20,1037.455,7373,3.269,0.3258,4.391,0.9234,8.63,0.9941,45.147,0.9859
F_gated_s2,F_gated,01,4394.078,9312,1.614,0.2209,4.136,0.868,7.184,0.971,108.49,0.9775
F_gated_s2,F_gated,02,4796.296,9289,1.721,0.1734,3.923,0.8467,10.072,0.9955,106.79,0.9999
F_gated_s2,F_gated,03,1167.952,9221,2.248,0.1226,5.112,0.8793,8.514,0.9798,39.307,1.0
F_gated_s2,F_gated,04,3403.918,8926,2.423,0.0739,3.726,0.8597,7.67,0.9918,376.505,0.9996
F_gated_s2,F_gated,05,2021.062,9586,1.273,0.0735,3.874,0.8942,7.681,0.9959,47.572,0.9999
F_gated_s2,F_gated,06,2798.389,9989,3.425,0.1059,2.992,0.7914,7.292,0.996,35.532,0.9963
F_gated_s2,F_gated,07,2985.276,8968,1.158,0.0638,3.742,0.8094,6.872,0.9886,97.159,0.9966
F_gated_s2,F_gated,08,449.605,8585,2.051,0.0909,4.095,0.8805,8.82,0.9943,38.457,0.9998
F_gated_s2,F_gated,09,1272.376,8726,2.265,0.1369,4.343,0.9064,9.188,0.9989,63.052,0.9975
F_gated_s2,F_gated,10,2860.741,9137,1.993,0.1423,4.371,0.8747,8.351,0.9896,96.105,0.9962
F_gated_s2,F_gated,11,3326.677,10456,0.908,0.0879,2.883,0.7876,5.808,0.9759,340.689,1.0
F_gated_s2,F_gated,12,1414.241,8712,2.336,0.1799,3.658,0.8302,5.73,0.9788,42.585,0.9776
F_gated_s2,F_gated,13,1443.789,10186,1.716,0.1629,3.977,0.8121,6.675,0.9837,105.965,1.0
F_gated_s2,F_gated,14,2232.446,8358,1.678,0.2263,3.681,0.8175,6.374,0.9927,68.094,0.9994
F_gated_s2,F_gated,15,3628.566,7651,2.145,0.229,4.285,0.9098,6.212,0.9992,270.675,1.0
F_gated_s2,F_gated,16,4181.435,8812,2.032,0.269,4.678,0.8945,7.771,0.9958,229.876,1.0
F_gated_s2,F_gated,17,1087.868,7984,2.619,0.1664,4.565,0.8213,5.836,0.9912,27.823,0.9988
F_gated_s2,F_gated,18,1858.637,7659,3.268,0.3157,3.621,0.8428,7.456,0.9913,69.69,0.9999
F_gated_s2,F_gated,19,5703.169,8476,3.743,0.3527,4.084,0.928,7.987,0.9948,33.916,0.9999
F_gated_s2,F_gated,20,746.249,7373,3.767,0.3754,4.434,0.9323,8.625,0.9936,45.768,0.9995
G_focal_s0,G_focal,01,4387.865,9312,1.827,0.2501,4.153,0.8715,7.148,0.9661,108.178,0.9747
G_focal_s0,G_focal,02,2404.393,9289,1.648,0.166,3.874,0.8361,10.052,0.9936,105.92,0.9917
G_focal_s0,G_focal,03,876.628,9221,2.509,0.1367,5.11,0.8791,8.388,0.9653,39.307,1.0
G_focal_s0,G_focal,04,2049.636,8926,2.514,0.0766,3.677,0.8484,7.609,0.9839,374.576,0.9944
G_focal_s0,G_focal,05,3033.788,9586,1.327,0.0766,3.904,0.9011,7.679,0.9956,47.572,0.9999
G_focal_s0,G_focal,06,1328.507,9989,3.894,0.1204,2.921,0.7725,7.252,0.9906,35.508,0.9956
G_focal_s0,G_focal,07,2847.203,8968,1.355,0.0747,3.796,0.821,6.867,0.9879,97.159,0.9966
G_focal_s0,G_focal,08,521.746,8585,1.978,0.0877,4.048,0.8703,8.797,0.9917,38.437,0.9993
G_focal_s0,G_focal,09,1090.073,8726,2.608,0.1577,4.365,0.9109,8.891,0.9667,62.461,0.9881
G_focal_s0,G_focal,10,2796.317,9137,2.512,0.1793,4.456,0.8919,8.392,0.9945,94.985,0.9845
G_focal_s0,G_focal,11,2957.458,10456,1.053,0.102,2.822,0.7708,5.673,0.9531,340.083,0.9982
G_focal_s0,G_focal,12,1380.923,8712,2.402,0.185,3.69,0.8377,5.715,0.9763,41.117,0.9439
G_focal_s0,G_focal,13,1422.5,10186,1.739,0.1651,4.04,0.825,6.659,0.9815,105.965,1.0
G_focal_s0,G_focal,14,4382.221,8358,1.913,0.258,3.826,0.8498,6.383,0.994,68.134,1.0
G_focal_s0,G_focal,15,3969.617,7651,2.385,0.2547,4.369,0.9276,6.197,0.9967,270.675,1.0
G_focal_s0,G_focal,16,4671.69,8812,2.183,0.2889,4.692,0.8973,7.77,0.9956,229.877,1.0
G_focal_s0,G_focal,17,1481.815,7984,3.092,0.1965,4.752,0.8548,5.817,0.9879,27.791,0.9977
G_focal_s0,G_focal,18,1289.216,7659,3.81,0.3681,3.596,0.8368,7.184,0.9551,68.917,0.9888
G_focal_s0,G_focal,19,5137.105,8476,4.057,0.3823,4.007,0.9104,8.007,0.9974,33.916,0.9999
G_focal_s0,G_focal,20,1121.658,7373,3.245,0.3234,4.48,0.9421,8.617,0.9927,45.776,0.9997
G_focal_s1,G_focal,01,4764.967,9312,2.317,0.3172,4.286,0.8994,7.336,0.9915,93.099,0.8389
G_focal_s1,G_focal,02,5217.364,9289,2.814,0.2835,3.996,0.8623,10.091,0.9974,106.805,1.0
G_focal_s1,G_focal,03,1136.517,9221,2.674,0.1458,5.318,0.9148,8.577,0.9871,39.307,1.0
G_focal_s1,G_focal,04,3538.997,8926,3.43,0.1046,3.817,0.8807,7.67,0.9918,376.512,0.9996
G_focal_s1,G_focal,05,3166.206,9586,1.468,0.0847,3.99,0.921,7.686,0.9965,47.572,0.9999
G_focal_s1,G_focal,06,3263.714,9989,3.872,0.1197,3.114,0.8236,7.304,0.9977,35.665,1.0
G_focal_s1,G_focal,07,3816.948,8968,1.783,0.0983,3.926,0.8491,6.902,0.9929,97.147,0.9965
G_focal_s1,G_focal,08,1013.519,8585,2.524,0.1119,4.272,0.9186,8.831,0.9955,38.457,0.9998
G_focal_s1,G_focal,09,1334.56,8726,3.531,0.2135,4.515,0.9423,9.081,0.9874,62.345,0.9863
G_focal_s1,G_focal,10,3325.007,9137,2.499,0.1784,4.553,0.9111,8.423,0.9981,96.105,0.9962
G_focal_s1,G_focal,11,4184.818,10456,1.429,0.1385,3.07,0.8388,5.802,0.9748,340.097,0.9982
G_focal_s1,G_focal,12,1914.912,8712,2.768,0.2132,3.898,0.8848,5.798,0.9905,43.065,0.9886
G_focal_s1,G_focal,13,1810.784,10186,2.189,0.2078,4.273,0.8726,6.705,0.9882,105.965,1.0
G_focal_s1,G_focal,14,5025.172,8358,1.848,0.2493,4.006,0.8898,6.4,0.9967,68.134,1.0
G_focal_s1,G_focal,15,4246.285,7651,2.344,0.2503,4.354,0.9245,6.191,0.9958,270.675,1.0
G_focal_s1,G_focal,16,5349.181,8812,3.038,0.4021,4.829,0.9235,7.769,0.9954,225.446,0.9807
G_focal_s1,G_focal,17,3287.045,7984,3.509,0.2229,5.15,0.9264,5.86,0.9953,27.833,0.9992
G_focal_s1,G_focal,18,4082.158,7659,4.738,0.4577,3.848,0.8956,7.496,0.9967,69.69,0.9999
G_focal_s1,G_focal,19,5581.087,8476,4.412,0.4157,4.104,0.9324,7.992,0.9955,33.916,0.9999
G_focal_s1,G_focal,20,1377.18,7373,4.02,0.4007,4.631,0.9737,8.633,0.9945,45.792,1.0
G_focal_s2,G_focal,01,4680.688,9312,1.861,0.2548,4.194,0.88,7.186,0.9713,108.478,0.9774
G_focal_s2,G_focal,02,2475.548,9289,1.834,0.1847,3.966,0.856,10.071,0.9955,106.17,0.9941
G_focal_s2,G_focal,03,1358.621,9221,2.792,0.1522,5.277,0.9078,8.582,0.9877,39.307,1.0
G_focal_s2,G_focal,04,3230.452,8926,2.517,0.0767,3.747,0.8645,7.686,0.9939,376.257,0.9989
G_focal_s2,G_focal,05,2192.208,9586,1.528,0.0882,3.946,0.9108,7.687,0.9966,47.572,0.9999
G_focal_s2,G_focal,06,2670.675,9989,2.785,0.0861,3.002,0.7938,7.303,0.9975,35.4,0.9926
G_focal_s2,G_focal,07,3117.2,8968,1.176,0.0648,3.838,0.8301,6.871,0.9885,96.843,0.9934
G_focal_s2,G_focal,08,655.104,8585,2.223,0.0985,4.167,0.8961,8.81,0.9931,38.456,0.9998
G_focal_s2,G_focal,09,1529.447,8726,2.544,0.1538,4.439,0.9263,9.195,0.9997,63.052,0.9975
G_focal_s2,G_focal,10,3123.349,9137,2.446,0.1746,4.486,0.8979,8.409,0.9964,96.476,1.0
G_focal_s2,G_focal,11,3532.007,10456,1.222,0.1184,2.978,0.8137,5.786,0.9721,339.495,0.9965
G_focal_s2,G_focal,12,1454.943,8712,2.799,0.2156,3.74,0.8488,5.744,0.9813,42.623,0.9784
G_focal_s2,G_focal,13,1646.948,10186,1.793,0.1702,4.047,0.8264,6.671,0.9832,105.965,1.0
G_focal_s2,G_focal,14,4535.006,8358,1.778,0.2397,3.82,0.8484,6.385,0.9943,68.134,1.0
G_focal_s2,G_focal,15,4280.582,7651,2.745,0.2931,4.358,0.9253,6.211,0.9991,270.675,1.0
G_focal_s2,G_focal,16,4619.529,8812,2.222,0.294,4.736,0.9057,7.781,0.997,229.877,1.0
G_focal_s2,G_focal,17,1213.859,7984,2.685,0.1706,4.951,0.8906,5.824,0.9891,27.83,0.9991
G_focal_s2,G_focal,18,1284.521,7659,3.915,0.3783,3.666,0.8531,7.316,0.9728,69.666,0.9996
G_focal_s2,G_focal,19,5827.007,8476,4.431,0.4175,4.153,0.9437,7.978,0.9937,33.918,1.0
G_focal_s2,G_focal,20,1358.307,7373,3.335,0.3324,4.518,0.9501,8.666,0.9984,45.792,1.0
G_focal_s3,G_focal,01,5184.4,9312,2.205,0.3018,4.331,0.9088,7.243,0.979,110.98,1.0
G_focal_s3,G_focal,02,5105.096,9289,2.525,0.2544,4.045,0.873,10.081,0.9964,106.805,1.0
G_focal_s3,G_focal,03,802.971,9221,3.267,0.1781,5.302,0.912,8.6,0.9898,39.308,1.0
G_focal_s3,G_focal,04,4103.695,8926,3.11,0.0948,3.861,0.8908,7.701,0.9958,376.247,0.9989
G_focal_s3,G_focal,05,3492.769,9586,1.588,0.0917,3.982,0.9192,7.7,0.9984,47.572,0.9999
G_focal_s3,G_focal,06,1600.536,9989,4.107,0.127,3.125,0.8264,7.296,0.9966,33.163,0.9298
G_focal_s3,G_focal,07,3468.431,8968,1.639,0.0903,3.911,0.8459,6.88,0.9898,97.168,0.9967
G_focal_s3,G_focal,08,782.889,8585,2.214,0.0981,4.196,0.9022,8.823,0.9946,38.458,0.9999
G_focal_s3,G_focal,09,1529.753,8726,3.611,0.2183,4.471,0.933,8.983,0.9767,62.844,0.9942
G_focal_s3,G_focal,10,3491.511,9137,2.511,0.1792,4.424,0.8854,8.425,0.9983,96.476,1.0
G_focal_s3,G_focal,11,4057.327,10456,1.239,0.12,3.051,0.8335,5.809,0.9761,338.9,0.9947
G_focal_s3,G_focal,12,2083.899,8712,3.07,0.2364,3.909,0.8874,5.77,0.9857,43.083,0.989
G_focal_s3,G_focal,13,1678.137,10186,2.044,0.194,4.197,0.857,6.707,0.9885,105.965,1.0
G_focal_s3,G_focal,14,4866.532,8358,2.047,0.2761,4.0,0.8883,6.39,0.9951,68.084,0.9993
G_focal_s3,G_focal,15,4548.34,7651,3.122,0.3333,4.372,0.9283,6.213,0.9994,270.675,1.0
G_focal_s3,G_focal,16,4963.766,8812,2.784,0.3685,4.834,0.9244,7.756,0.9937,224.383,0.9761
G_focal_s3,G_focal,17,3177.939,7984,3.889,0.2471,5.102,0.9179,5.863,0.9956,27.85,0.9998
G_focal_s3,G_focal,18,4262.302,7659,4.139,0.3999,3.909,0.9096,7.321,0.9735,69.69,0.9999
G_focal_s3,G_focal,19,5676.854,8476,4.197,0.3955,4.134,0.9394,7.993,0.9957,33.916,0.9999
G_focal_s3,G_focal,20,1383.839,7373,3.922,0.3908,4.599,0.967,8.645,0.996,45.789,0.9999
G_focal_s4,G_focal,01,5314.778,9312,2.325,0.3183,4.253,0.8925,7.201,0.9733,110.977,1.0
G_focal_s4,G_focal,02,3557.009,9289,2.77,0.2791,4.044,0.8728,10.086,0.997,99.267,0.9294
G_focal_s4,G_focal,03,1538.363,9221,2.509,0.1368,5.286,0.9094,8.537,0.9825,39.308,1.0
G_focal_s4,G_focal,04,4075.785,8926,2.77,0.0845,3.839,0.8857,7.678,0.9928,376.171,0.9987
G_focal_s4,G_focal,05,3420.446,9586,1.432,0.0827,3.96,0.914,7.702,0.9986,47.577,1.0
G_focal_s4,G_focal,06,1629.595,9989,3.713,0.1148,3.055,0.8078,7.292,0.996,33.455,0.938
G_focal_s4,G_focal,07,3626.082,8968,1.817,0.1001,3.866,0.8361,6.875,0.9891,97.161,0.9967
G_focal_s4,G_focal,08,725.532,8585,2.194,0.0972,4.176,0.8979,8.813,0.9934,38.437,0.9993
G_focal_s4,G_focal,09,1488.37,8726,3.597,0.2175,4.472,0.9332,9.14,0.9938,62.865,0.9945
G_focal_s4,G_focal,10,3168.85,9137,2.456,0.1753,4.501,0.9009,8.395,0.9948,96.105,0.9962
G_focal_s4,G_focal,11,4512.424,10456,1.423,0.1379,3.051,0.8334,5.801,0.9747,340.088,0.9982
G_focal_s4,G_focal,12,1591.579,8712,2.897,0.2232,3.836,0.8707,5.69,0.972,43.018,0.9875
G_focal_s4,G_focal,13,5139.22,10186,2.265,0.215,4.211,0.8598,6.717,0.99,105.965,1.0
G_focal_s4,G_focal,14,4930.686,8358,1.834,0.2473,3.864,0.8582,6.389,0.995,68.134,1.0
G_focal_s4,G_focal,15,3705.743,7651,2.453,0.2619,4.31,0.9151,6.213,0.9994,270.675,1.0
G_focal_s4,G_focal,16,6087.958,8812,2.744,0.3632,4.863,0.9299,7.783,0.9972,229.536,0.9985
G_focal_s4,G_focal,17,3024.352,7984,3.812,0.2422,5.048,0.9081,5.853,0.994,27.796,0.9979
G_focal_s4,G_focal,18,2174.036,7659,4.403,0.4253,3.842,0.8943,7.263,0.9657,69.69,0.9999
G_focal_s4,G_focal,19,5266.29,8476,4.345,0.4094,4.054,0.9212,7.99,0.9952,33.916,0.9999
G_focal_s4,G_focal,20,1399.68,7373,4.095,0.4081,4.62,0.9716,8.616,0.9926,45.753,0.9991
G_focal_s5,G_focal,01,5891.942,9312,2.91,0.3983,4.424,0.9283,7.375,0.9968,110.981,1.0
G_focal_s5,G_focal,02,3031.827,9289,3.241,0.3265,4.311,0.9303,10.102,0.9985,106.805,1.0
G_focal_s5,G_focal,03,1753.531,9221,3.521,0.1919,5.458,0.9389,8.639,0.9943,39.307,1.0
G_focal_s5,G_focal,04,3659.724,8926,3.273,0.0998,3.942,0.9096,7.686,0.9938,225.986,0.6
G_focal_s5,G_focal,05,3419.214,9586,1.824,0.1053,3.975,0.9176,7.692,0.9973,47.572,0.9999
G_focal_s5,G_focal,06,3569.813,9989,4.363,0.1349,3.271,0.8651,7.31,0.9985,35.665,1.0
G_focal_s5,G_focal,07,3862.512,8968,1.994,0.1099,3.971,0.859,6.892,0.9915,97.168,0.9967
G_focal_s5,G_focal,08,810.662,8585,3.005,0.1332,4.166,0.8957,8.85,0.9976,38.443,0.9995
G_focal_s5,G_focal,09,1758.944,8726,3.603,0.2178,4.478,0.9345,9.197,0.9999,63.212,1.0
G_focal_s5,G_focal,10,4162.199,9137,3.25,0.232,4.675,0.9356,8.433,0.9994,96.105,0.9962
G_focal_s5,G_focal,11,4288.762,10456,1.907,0.1848,3.16,0.8633,5.863,0.9852,317.749,0.9326
G_focal_s5,G_focal,12,2568.953,8712,3.412,0.2628,4.122,0.9357,5.795,0.9901,43.562,1.0
G_focal_s5,G_focal,13,1954.58,10186,2.345,0.2226,4.311,0.8803,6.699,0.9873,105.965,1.0
G_focal_s5,G_focal,14,5290.647,8358,2.354,0.3174,4.097,0.91,6.401,0.9968,68.134,1.0
G_focal_s5,G_focal,15,4416.136,7651,2.924,0.3122,4.455,0.9458,6.214,0.9995,270.675,1.0
G_focal_s5,G_focal,16,5441.03,8812,3.347,0.443,4.914,0.9396,7.791,0.9983,229.877,1.0
G_focal_s5,G_focal,17,3242.981,7984,3.715,0.236,5.095,0.9166,5.873,0.9974,27.845,0.9996
G_focal_s5,G_focal,18,4756.822,7659,4.634,0.4477,4.001,0.9312,7.445,0.9899,69.695,1.0
G_focal_s5,G_focal,19,5742.078,8476,5.511,0.5193,4.273,0.9709,8.007,0.9973,33.918,1.0
G_focal_s5,G_focal,20,1931.216,7373,4.697,0.4681,4.629,0.9733,8.67,0.9989,45.789,0.9999
H_aug_s0,H_aug,01,5506.295,9312,2.212,0.3028,4.416,0.9266,7.374,0.9967,110.98,1.0
H_aug_s0,H_aug,02,5374.512,9289,2.259,0.2276,4.054,0.875,10.088,0.9972,106.805,1.0
H_aug_s0,H_aug,03,676.168,9221,2.224,0.1212,5.383,0.9259,8.566,0.9859,37.897,0.9641
H_aug_s0,H_aug,04,3012.888,8926,3.063,0.0934,3.959,0.9134,7.72,0.9983,376.309,0.999
H_aug_s0,H_aug,05,2830.711,9586,1.372,0.0792,3.932,0.9076,7.693,0.9974,47.577,1.0
H_aug_s0,H_aug,06,2976.922,9989,3.915,0.1211,3.201,0.8465,7.303,0.9975,35.665,1.0
H_aug_s0,H_aug,07,3254.029,8968,1.638,0.0902,4.033,0.8723,6.916,0.9949,97.169,0.9967
H_aug_s0,H_aug,08,1087.533,8585,2.023,0.0896,4.255,0.915,8.817,0.9939,38.443,0.9995
H_aug_s0,H_aug,09,1576.731,8726,3.533,0.2136,4.537,0.9468,9.197,0.9999,63.212,1.0
H_aug_s0,H_aug,10,3022.805,9137,1.919,0.137,4.466,0.8938,8.427,0.9986,96.105,0.9962
H_aug_s0,H_aug,11,3948.463,10456,1.166,0.113,3.122,0.8528,5.844,0.9818,340.041,0.9981
H_aug_s0,H_aug,12,2114.822,8712,2.94,0.2264,3.925,0.891,5.797,0.9904,43.562,1.0
H_aug_s0,H_aug,13,2100.441,10186,2.052,0.1948,4.384,0.8952,6.737,0.9929,105.676,0.9973
H_aug_s0,H_aug,14,4394.014,8358,1.847,0.2491,4.0,0.8883,6.415,0.9991,68.134,1.0
H_aug_s0,H_aug,15,3532.754,7651,2.224,0.2375,4.28,0.9087,6.21,0.9988,270.675,1.0
H_aug_s0,H_aug,16,4412.822,8812,2.174,0.2877,4.822,0.922,7.777,0.9965,229.877,1.0
H_aug_s0,H_aug,17,2363.275,7984,4.015,0.2551,5.213,0.9377,5.85,0.9936,27.85,0.9998
H_aug_s0,H_aug,18,4049.809,7659,4.246,0.4102,3.938,0.9164,7.498,0.9969,69.695,1.0
H_aug_s0,H_aug,19,4983.188,8476,4.152,0.3912,4.174,0.9484,7.995,0.9959,33.916,0.9999
H_aug_s0,H_aug,20,1583.596,7373,3.167,0.3157,4.474,0.9407,8.671,0.9989,45.789,0.9999
H_aug_s1,H_aug,01,4695.378,9312,2.187,0.2994,4.368,0.9166,7.329,0.9906,110.979,1.0
H_aug_s1,H_aug,02,2566.388,9289,1.795,0.1809,3.948,0.8521,10.092,0.9975,106.805,1.0
H_aug_s1,H_aug,03,555.306,9221,1.972,0.1075,5.279,0.9081,8.538,0.9826,39.307,1.0
H_aug_s1,H_aug,04,3362.96,8926,2.489,0.0759,3.855,0.8895,7.682,0.9934,376.512,0.9996
H_aug_s1,H_aug,05,2726.634,9586,1.277,0.0737,3.914,0.9035,7.684,0.9963,47.572,0.9999
H_aug_s1,H_aug,06,2660.472,9989,2.412,0.0746,3.09,0.8171,7.306,0.9979,35.665,1.0
H_aug_s1,H_aug,07,3176.04,8968,1.363,0.0751,3.915,0.8468,6.893,0.9916,91.73,0.941
H_aug_s1,H_aug,08,982.943,8585,1.628,0.0721,4.24,0.9117,8.806,0.9926,38.456,0.9998
H_aug_s1,H_aug,09,1449.373,8726,3.026,0.183,4.436,0.9257,9.185,0.9987,63.106,0.9983
H_aug_s1,H_aug,10,2859.999,9137,1.807,0.129,4.39,0.8787,8.396,0.9949,96.475,1.0
H_aug_s1,H_aug,11,3675.343,10456,0.962,0.0932,3.008,0.8217,5.798,0.9741,337.556,0.9908
H_aug_s1,H_aug,12,1366.68,8712,2.752,0.2119,3.708,0.8417,5.756,0.9833,43.562,1.0
H_aug_s1,H_aug,13,1927.602,10186,1.904,0.1808,4.207,0.8591,6.739,0.9932,105.965,1.0
H_aug_s1,H_aug,14,4297.83,8358,1.466,0.1978,3.896,0.8653,6.4,0.9967,68.134,1.0
H_aug_s1,H_aug,15,3313.365,7651,1.996,0.2131,4.326,0.9184,6.212,0.9992,270.675,1.0
H_aug_s1,H_aug,16,2263.64,8812,1.876,0.2484,4.781,0.9143,7.783,0.9972,225.46,0.9808
H_aug_s1,H_aug,17,1513.349,7984,3.209,0.2038,5.098,0.9171,5.831,0.9903,27.812,0.9984
H_aug_s1,H_aug,18,3920.42,7659,3.758,0.363,3.925,0.9134,7.474,0.9938,69.695,1.0
H_aug_s1,H_aug,19,5308.746,8476,3.249,0.3061,4.147,0.9423,8.009,0.9976,33.918,1.0
H_aug_s1,H_aug,20,1434.916,7373,3.021,0.301,4.454,0.9367,8.644,0.9958,45.772,0.9996
H_aug_s2,H_aug,01,5417.779,9312,2.229,0.3052,4.395,0.9222,7.362,0.995,110.978,1.0
H_aug_s2,H_aug,02,4718.246,9289,1.986,0.2001,3.914,0.8447,10.091,0.9975,106.805,1.0
H_aug_s2,H_aug,03,712.562,9221,2.388,0.1301,5.348,0.92,8.574,0.9868,39.308,1.0
H_aug_s2,H_aug,04,2864.459,8926,2.587,0.0789,3.985,0.9195,7.711,0.9972,376.665,1.0
H_aug_s2,H_aug,05,2812.618,9586,1.395,0.0806,3.902,0.9007,7.706,0.9991,47.577,1.0
H_aug_s2,H_aug,06,2651.104,9989,2.909,0.0899,3.146,0.8319,7.289,0.9956,35.665,1.0
H_aug_s2,H_aug,07,3470.404,8968,1.457,0.0802,3.983,0.8614,6.913,0.9946,97.168,0.9967
H_aug_s2,H_aug,08,1922.181,8585,1.911,0.0847,4.156,0.8937,8.81,0.9931,38.437,0.9993
H_aug_s2,H_aug,09,3349.515,8726,3.457,0.209,4.533,0.9461,9.197,0.9999,63.165,0.9993
H_aug_s2,H_aug,10,3092.574,9137,2.009,0.1434,4.512,0.9031,8.421,0.9978,96.476,1.0
H_aug_s2,H_aug,11,3804.522,10456,1.266,0.1227,3.081,0.8415,5.822,0.9781,340.69,1.0
H_aug_s2,H_aug,12,1667.733,8712,2.713,0.209,3.868,0.8779,5.785,0.9883,43.562,1.0
H_aug_s2,H_aug,13,4170.472,10186,2.085,0.1979,4.254,0.8688,6.749,0.9946,105.965,1.0
H_aug_s2,H_aug,14,4431.551,8358,1.729,0.2332,3.86,0.8574,6.408,0.998,68.134,1.0
H_aug_s2,H_aug,15,3448.191,7651,2.27,0.2424,4.389,0.932,6.21,0.9989,270.675,1.0
H_aug_s2,H_aug,16,4751.866,8812,2.066,0.2734,4.828,0.9232,7.783,0.9972,229.877,1.0
H_aug_s2,H_aug,17,3032.446,7984,2.749,0.1746,5.214,0.938,5.861,0.9953,27.839,0.9994
H_aug_s2,H_aug,18,4114.051,7659,3.783,0.3655,3.957,0.9209,7.518,0.9996,69.695,1.0
H_aug_s2,H_aug,19,4939.292,8476,3.355,0.3162,4.146,0.942,8.008,0.9975,33.916,0.9999
H_aug_s2,H_aug,20,1473.324,7373,2.951,0.2941,4.471,0.9402,8.672,0.999,45.789,0.9999
H_aug_s3,H_aug,01,5135.368,9312,2.05,0.2806,4.392,0.9215,7.312,0.9882,110.981,1.0
H_aug_s3,H_aug,02,5129.043,9289,1.926,0.1941,3.995,0.8621,10.094,0.9978,106.805,1.0
H_aug_s3,H_aug,03,585.597,9221,2.486,0.1355,5.308,0.913,8.515,0.9799,39.307,1.0
H_aug_s3,H_aug,04,3237.838,8926,2.998,0.0914,3.901,0.9002,7.701,0.9958,376.256,0.9989
H_aug_s3,H_aug,05,2789.324,9586,1.352,0.078,3.845,0.8875,7.695,0.9977,47.572,0.9999
H_aug_s3,H_aug,06,2877.081,9989,2.863,0.0885,3.193,0.8444,7.305,0.9977,35.665,1.0
H_aug_s3,H_aug,07,3000.692,8968,1.547,0.0852,3.983,0.8614,6.915,0.9948,97.148,0.9965
H_aug_s3,H_aug,08,875.798,8585,2.1,0.0931,4.196,0.9023,8.81,0.9931,38.455,0.9998
H_aug_s3,H_aug,09,1386.926,8726,3.276,0.1981,4.457,0.93,9.134,0.9931,63.156,0.9991
H_aug_s3,H_aug,10,2917.8,9137,2.076,0.1482,4.465,0.8936,8.416,0.9973,96.476,1.0
H_aug_s3,H_aug,11,3573.139,10456,1.096,0.1062,3.006,0.8212,5.804,0.9751,340.666,0.9999
H_aug_s3,H_aug,12,1778.976,8712,2.875,0.2215,3.848,0.8734,5.754,0.9829,43.562,1.0
H_aug_s3,H_aug,13,1678.172,10186,1.979,0.1879,4.351,0.8884,6.749,0.9946,105.965,1.0
H_aug_s3,H_aug,14,4651.438,8358,1.925,0.2596,3.953,0.878,6.394,0.9958,68.134,1.0
H_aug_s3,H_aug,15,3551.304,7651,2.334,0.2492,4.428,0.9401,6.209,0.9987,270.675,1.0
H_aug_s3,H_aug,16,4458.759,8812,2.202,0.2914,4.871,0.9313,7.777,0.9965,229.877,1.0
H_aug_s3,H_aug,17,1341.424,7984,3.721,0.2364,5.21,0.9372,5.846,0.9928,27.856,1.0
H_aug_s3,H_aug,18,3944.631,7659,3.764,0.3637,3.953,0.9199,7.512,0.9988,69.695,1.0
H_aug_s3,H_aug,19,5330.045,8476,3.696,0.3483,4.175,0.9487,8.019,0.9989,33.916,0.9999
H_aug_s3,H_aug,20,1475.462,7373,2.984,0.2974,4.454,0.9367,8.668,0.9986,45.792,1.0
H_aug_s4,H_aug,01,4593.22,9312,1.995,0.2731,4.352,0.9131,7.219,0.9757,110.979,1.0
H_aug_s4,H_aug,02,5166.086,9289,2.023,0.2038,4.006,0.8647,10.094,0.9977,106.805,1.0
H_aug_s4,H_aug,03,888.339,9221,2.275,0.124,5.152,0.8862,8.485,0.9765,38.358,0.9758
H_aug_s4,H_aug,04,3209.461,8926,2.721,0.083,3.918,0.9041,7.718,0.9981,376.672,1.0
H_aug_s4,H_aug,05,2581.122,9586,1.422,0.0821,3.923,0.9055,7.698,0.998,47.577,1.0
H_aug_s4,H_aug,06,2859.056,9989,3.502,0.1083,3.146,0.832,7.307,0.998,35.4,0.9926
H_aug_s4,H_aug,07,2987.307,8968,1.577,0.0869,3.864,0.8358,6.918,0.9952,97.148,0.9965
H_aug_s4,H_aug,08,687.407,8585,1.934,0.0857,4.111,0.884,8.813,0.9935,38.456,0.9998
H_aug_s4,H_aug,09,1415.883,8726,3.456,0.209,4.486,0.9362,9.15,0.9949,63.062,0.9976
H_aug_s4,H_aug,10,2920.813,9137,1.928,0.1376,4.549,0.9105,8.427,0.9985,96.105,0.9962
H_aug_s4,H_aug,11,3549.75,10456,1.188,0.1151,3.086,0.8432,5.827,0.979,340.694,1.0
H_aug_s4,H_aug,12,1843.46,8712,2.746,0.2115,3.778,0.8575,5.765,0.9849,43.56,0.9999
H_aug_s4,H_aug,13,2164.356,10186,2.069,0.1964,4.347,0.8876,6.726,0.9913,105.676,0.9973
H_aug_s4,H_aug,14,3845.03,8358,1.709,0.2304,3.957,0.8788,6.404,0.9974,68.134,1.0
H_aug_s4,H_aug,15,3182.549,7651,2.104,0.2247,4.331,0.9195,6.207,0.9984,270.675,1.0
H_aug_s4,H_aug,16,4232.234,8812,2.362,0.3126,4.857,0.9288,7.785,0.9975,229.877,1.0
H_aug_s4,H_aug,17,1440.727,7984,4.05,0.2573,5.152,0.9268,5.852,0.9939,27.856,1.0
H_aug_s4,H_aug,18,3952.928,7659,3.816,0.3687,3.906,0.9091,7.508,0.9983,69.694,1.0
H_aug_s4,H_aug,19,4982.072,8476,4.085,0.3849,4.217,0.9581,7.982,0.9943,33.916,0.9999
H_aug_s4,H_aug,20,1452.383,7373,3.166,0.3155,4.438,0.9332,8.666,0.9984,45.792,1.0
H_aug_s5,H_aug,01,4259.117,9312,1.939,0.2655,4.327,0.908,7.297,0.9863,110.979,1.0
H_aug_s5,H_aug,02,4690.478,9289,1.792,0.1806,3.886,0.8387,10.094,0.9978,106.805,1.0
H_aug_s5,H_aug,03,609.584,9221,2.07,0.1128,5.268,0.9063,8.5,0.9783,39.067,0.9939
H_aug_s5,H_aug,04,2867.207,8926,2.455,0.0748,3.862,0.8911,7.719,0.9982,376.672,1.0
H_aug_s5,H_aug,05,2633.68,9586,1.159,0.0669,3.894,0.8989,7.707,0.9992,47.577,1.0
H_aug_s5,H_aug,06,2698.791,9989,3.217,0.0995,3.079,0.8142,7.294,0.9963,35.665,1.0
H_aug_s5,H_aug,07,2937.164,8968,1.214,0.0669,3.814,0.8248,6.893,0.9917,97.147,0.9965
H_aug_s5,H_aug,08,919.309,8585,1.677,0.0743,4.163,0.8951,8.81,0.9931,38.455,0.9998
H_aug_s5,H_aug,09,1307.704,8726,3.18,0.1923,4.395,0.9172,9.196,0.9999,63.212,1.0
H_aug_s5,H_aug,10,2635.344,9137,1.776,0.1268,4.42,0.8845,8.414,0.997,96.476,1.0
H_aug_s5,H_aug,11,3241.564,10456,0.896,0.0868,2.967,0.8105,5.796,0.9738,340.694,1.0
H_aug_s5,H_aug,12,1602.134,8712,2.278,0.1755,3.766,0.8549,5.727,0.9785,43.562,1.0
H_aug_s5,H_aug,13,1565.997,10186,1.889,0.1793,4.228,0.8633,6.675,0.9839,105.965,1.0
H_aug_s5,H_aug,14,3955.176,8358,1.541,0.2078,3.735,0.8295,6.397,0.9963,68.134,1.0
H_aug_s5,H_aug,15,2666.518,7651,1.915,0.2044,4.068,0.8637,6.195,0.9965,270.675,1.0
H_aug_s5,H_aug,16,3697.401,8812,1.908,0.2525,4.637,0.8867,7.779,0.9967,229.877,1.0
H_aug_s5,H_aug,17,1296.776,7984,3.454,0.2194,5.074,0.9128,5.834,0.9908,27.85,0.9998
H_aug_s5,H_aug,18,3628.85,7659,3.643,0.352,3.868,0.9002,7.509,0.9984,69.695,1.0
H_aug_s5,H_aug,19,5234.645,8476,3.837,0.3615,4.173,0.9482,7.997,0.996,33.916,0.9999
H_aug_s5,H_aug,20,1446.449,7373,2.835,0.2825,4.423,0.9302,8.671,0.999,45.792,1.0
H_aug_w32_s0,H_aug_w32,01,5019.345,9312,2.034,0.2784,4.401,0.9235,7.324,0.9899,110.981,1.0
H_aug_w32_s0,H_aug_w32,02,4958.783,9289,1.55,0.1562,3.952,0.853,10.097,0.998,106.805,1.0
H_aug_w32_s0,H_aug_w32,03,705.533,9221,2.274,0.1239,5.353,0.9209,8.61,0.991,39.307,1.0
H_aug_w32_s0,H_aug_w32,04,2938.222,8926,2.614,0.0797,3.967,0.9153,7.716,0.9978,376.672,1.0
H_aug_w32_s0,H_aug_w32,05,2606.004,9586,1.384,0.0799,3.882,0.896,7.709,0.9995,47.577,1.0
H_aug_w32_s0,H_aug_w32,06,2821.488,9989,2.798,0.0865,3.168,0.8377,7.309,0.9983,35.665,1.0
H_aug_w32_s0,H_aug_w32,07,3211.627,8968,1.378,0.0759,3.856,0.834,6.889,0.9911,97.169,0.9967
H_aug_w32_s0,H_aug_w32,08,1038.39,8585,1.799,0.0797,4.211,0.9054,8.82,0.9942,38.458,0.9999
H_aug_w32_s0,H_aug_w32,09,2847.767,8726,3.295,0.1992,4.497,0.9384,9.136,0.9934,63.212,1.0
H_aug_w32_s0,H_aug_w32,10,2908.581,9137,1.814,0.1295,4.416,0.8838,8.422,0.998,96.476,1.0
H_aug_w32_s0,H_aug_w32,11,3676.891,10456,0.94,0.0911,3.009,0.822,5.832,0.9799,340.533,0.9995
H_aug_w32_s0,H_aug_w32,12,1936.122,8712,2.648,0.204,3.817,0.8663,5.776,0.9868,43.562,1.0
H_aug_w32_s0,H_aug_w32,13,2150.539,10186,2.01,0.1908,4.272,0.8723,6.73,0.9919,105.676,0.9973
H_aug_w32_s0,H_aug_w32,14,3986.795,8358,1.709,0.2305,3.872,0.8599,6.415,0.999,68.134,1.0
H_aug_w32_s0,H_aug_w32,15,3448.888,7651,2.116,0.2259,4.289,0.9106,6.21,0.9988,270.675,1.0
H_aug_w32_s0,H_aug_w32,16,4087.713,8812,1.956,0.2589,4.668,0.8927,7.78,0.9969,229.877,1.0
H_aug_w32_s0,H_aug_w32,17,1449.413,7984,3.138,0.1994,5.181,0.932,5.842,0.9922,27.856,1.0
H_aug_w32_s0,H_aug_w32,18,3894.318,7659,3.553,0.3432,3.869,0.9005,7.51,0.9985,69.695,1.0
H_aug_w32_s0,H_aug_w32,19,5226.103,8476,3.951,0.3723,4.126,0.9375,8.004,0.9969,33.916,0.9999
H_aug_w32_s0,H_aug_w32,20,1416.57,7373,2.931,0.2921,4.433,0.9321,8.674,0.9993,45.792,1.0
H_aug_w32_s1,H_aug_w32,01,5322.794,9312,2.248,0.3077,4.369,0.9168,7.367,0.9957,110.981,1.0
H_aug_w32_s1,H_aug_w32,02,4817.332,9289,2.05,0.2066,4.011,0.8656,10.09,0.9973,106.805,1.0
H_aug_w32_s1,H_aug_w32,03,1064.961,9221,2.457,0.1339,5.382,0.9259,8.537,0.9825,38.128,0.97
H_aug_w32_s1,H_aug_w32,04,2889.917,8926,2.756,0.084,3.92,0.9044,7.717,0.9978,376.672,1.0
H_aug_w32_s1,H_aug_w32,05,2797.209,9586,1.279,0.0738,3.86,0.8911,7.694,0.9976,47.572,0.9999
H_aug_w32_s1,H_aug_w32,06,2876.809,9989,3.347,0.1035,3.148,0.8324,7.305,0.9978,35.665,1.0
H_aug_w32_s1,H_aug_w32,07,3122.008,8968,1.554,0.0856,3.883,0.8399,6.911,0.9943,97.168,0.9967
H_aug_w32_s1,H_aug_w32,08,824.977,8585,1.922,0.0852,4.172,0.897,8.814,0.9935,38.439,0.9994
H_aug_w32_s1,H_aug_w32,09,2949.387,8726,3.652,0.2208,4.52,0.9433,9.134,0.9931,63.183,0.9995
H_aug_w32_s1,H_aug_w32,10,2891.339,9137,2.034,0.1452,4.417,0.8841,8.409,0.9964,96.475,1.0
H_aug_w32_s1,H_aug_w32,11,4061.044,10456,1.319,0.1278,3.134,0.8562,5.829,0.9794,340.661,0.9999
H_aug_w32_s1,H_aug_w32,12,2076.016,8712,3.099,0.2387,3.927,0.8913,5.807,0.992,43.562,1.0
H_aug_w32_s1,H_aug_w32,13,1922.092,10186,2.029,0.1926,4.35,0.8883,6.751,0.995,105.676,0.9973
H_aug_w32_s1,H_aug_w32,14,4540.22,8358,1.799,0.2425,3.929,0.8727,6.408,0.9979,68.134,1.0
H_aug_w32_s1,H_aug_w32,15,3270.801,7651,2.045,0.2184,4.324,0.918,6.203,0.9977,270.675,1.0
H_aug_w32_s1,H_aug_w32,16,4533.449,8812,2.344,0.3102,4.871,0.9313,7.79,0.9981,229.877,1.0
H_aug_w32_s1,H_aug_w32,17,2527.858,7984,3.735,0.2373,5.117,0.9205,5.869,0.9967,27.853,0.9999
H_aug_w32_s1,H_aug_w32,18,3940.113,7659,3.917,0.3784,3.897,0.907,7.509,0.9985,69.695,1.0
H_aug_w32_s1,H_aug_w32,19,5164.017,8476,3.915,0.3688,4.152,0.9434,8.012,0.998,33.918,1.0
H_aug_w32_s1,H_aug_w32,20,1456.271,7373,2.943,0.2933,4.43,0.9316,8.675,0.9994,45.792,1.0
H_aug_w32_s2,H_aug_w32,01,5015.307,9312,2.073,0.2837,4.299,0.9021,7.362,0.995,110.979,1.0
H_aug_w32_s2,H_aug_w32,02,4827.679,9289,2.021,0.2036,3.82,0.8244,10.093,0.9976,106.805,1.0
H_aug_w32_s2,H_aug_w32,03,731.513,9221,2.282,0.1244,5.307,0.9129,8.539,0.9828,39.308,1.0
H_aug_w32_s2,H_aug_w32,04,2929.355,8926,2.924,0.0891,3.915,0.9034,7.704,0.9962,376.667,1.0
H_aug_w32_s2,H_aug_w32,05,2441.145,9586,1.257,0.0726,3.906,0.9016,7.701,0.9985,47.573,0.9999
H_aug_w32_s2,H_aug_w32,06,2660.157,9989,3.266,0.101,3.056,0.8083,7.302,0.9974,35.532,0.9963
H_aug_w32_s2,H_aug_w32,07,3177.883,8968,1.434,0.079,3.902,0.8441,6.911,0.9943,97.169,0.9967
H_aug_w32_s2,H_aug_w32,08,758.027,8585,2.132,0.0945,4.154,0.8931,8.819,0.9942,38.458,0.9999
H_aug_w32_s2,H_aug_w32,09,2906.513,8726,3.57,0.2159,4.515,0.9423,9.197,0.9999,63.212,1.0
H_aug_w32_s2,H_aug_w32,10,2956.489,9137,1.924,0.1374,4.469,0.8943,8.418,0.9975,96.105,0.9962
H_aug_w32_s2,H_aug_w32,11,3676.976,10456,1.199,0.1162,3.093,0.845,5.823,0.9785,340.48,0.9994
H_aug_w32_s2,H_aug_w32,12,2131.569,8712,2.895,0.223,3.877,0.8802,5.806,0.9919,43.562,1.0
H_aug_w32_s2,H_aug_w32,13,1858.739,10186,1.993,0.1892,4.267,0.8713,6.734,0.9925,105.965,1.0
H_aug_w32_s2,H_aug_w32,14,3908.075,8358,1.652,0.2229,3.844,0.8537,6.403,0.9972,68.134,1.0
H_aug_w32_s2,H_aug_w32,15,3378.777,7651,2.211,0.236,4.328,0.9189,6.198,0.9969,270.675,1.0
H_aug_w32_s2,H_aug_w32,16,4163.018,8812,2.167,0.2869,4.831,0.9237,7.779,0.9967,229.877,1.0
H_aug_w32_s2,H_aug_w32,17,1508.528,7984,3.356,0.2132,5.14,0.9247,5.861,0.9954,27.85,0.9998
H_aug_w32_s2,H_aug_w32,18,4097.524,7659,3.675,0.355,3.937,0.9163,7.511,0.9987,69.695,1.0
H_aug_w32_s2,H_aug_w32,19,5434.828,8476,3.476,0.3275,4.223,0.9595,8.006,0.9972,33.916,0.9999
H_aug_w32_s2,H_aug_w32,20,1504.099,7373,2.958,0.2948,4.452,0.9361,8.674,0.9993,45.792,1.0
H_aug_w64_d5_s0,H_aug_w64_d5,01,5233.726,9312,1.925,0.2635,4.298,0.9019,7.353,0.9939,110.979,1.0
H_aug_w64_d5_s0,H_aug_w64_d5,02,4703.248,9289,1.815,0.1828,3.882,0.8379,10.085,0.9969,106.805,1.0
H_aug_w64_d5_s0,H_aug_w64_d5,03,1225.509,9221,2.272,0.1238,5.385,0.9263,8.624,0.9926,39.308,1.0
H_aug_w64_d5_s0,H_aug_w64_d5,04,2886.448,8926,2.764,0.0843,3.899,0.8997,7.701,0.9958,375.427,0.9967
H_aug_w64_d5_s0,H_aug_w64_d5,05,2545.067,9586,1.361,0.0786,3.856,0.89,7.704,0.9989,47.577,1.0
H_aug_w64_d5_s0,H_aug_w64_d5,06,2920.148,9989,3.365,0.1041,3.156,0.8345,7.302,0.9974,35.269,0.9889
H_aug_w64_d5_s0,H_aug_w64_d5,07,3090.225,8968,1.236,0.0681,3.777,0.817,6.887,0.9909,97.169,0.9967
H_aug_w64_d5_s0,H_aug_w64_d5,08,894.658,8585,1.941,0.086,4.19,0.901,8.818,0.994,38.457,0.9998
H_aug_w64_d5_s0,H_aug_w64_d5,09,1541.235,8726,3.56,0.2152,4.441,0.9267,9.194,0.9996,63.212,1.0
H_aug_w64_d5_s0,H_aug_w64_d5,10,2749.531,9137,1.932,0.1379,4.415,0.8835,8.42,0.9977,96.476,1.0
H_aug_w64_d5_s0,H_aug_w64_d5,11,3257.1,10456,1.016,0.0984,2.991,0.817,5.827,0.9791,332.392,0.9756
H_aug_w64_d5_s0,H_aug_w64_d5,12,2020.978,8712,2.891,0.2227,3.81,0.8649,5.81,0.9926,43.073,0.9888
H_aug_w64_d5_s0,H_aug_w64_d5,13,1962.874,10186,2.212,0.2099,4.275,0.8729,6.754,0.9954,105.676,0.9973
H_aug_w64_d5_s0,H_aug_w64_d5,14,4088.538,8358,1.596,0.2152,3.88,0.8618,6.41,0.9982,68.134,1.0
H_aug_w64_d5_s0,H_aug_w64_d5,15,3732.01,7651,2.261,0.2414,4.326,0.9185,6.205,0.9981,270.675,1.0
H_aug_w64_d5_s0,H_aug_w64_d5,16,4306.497,8812,1.967,0.2603,4.755,0.9092,7.789,0.9981,229.877,1.0
H_aug_w64_d5_s0,H_aug_w64_d5,17,2940.998,7984,3.152,0.2002,5.142,0.925,5.869,0.9967,27.85,0.9998
H_aug_w64_d5_s0,H_aug_w64_d5,18,3944.186,7659,3.733,0.3606,3.909,0.9096,7.511,0.9987,69.695,1.0
H_aug_w64_d5_s0,H_aug_w64_d5,19,5521.984,8476,4.434,0.4178,4.196,0.9535,8.005,0.9971,33.916,1.0
H_aug_w64_d5_s0,H_aug_w64_d5,20,1487.473,7373,2.862,0.2852,4.431,0.9319,8.674,0.9993,45.789,0.9999
H_aug_w64_d5_s1,H_aug_w64_d5,01,5156.261,9312,1.917,0.2624,4.272,0.8963,7.366,0.9956,110.923,0.9995
H_aug_w64_d5_s1,H_aug_w64_d5,02,4579.108,9289,1.744,0.1757,3.855,0.8321,10.091,0.9975,106.805,1.0
H_aug_w64_d5_s1,H_aug_w64_d5,03,988.076,9221,2.397,0.1307,5.308,0.913,8.532,0.9819,39.308,1.0
H_aug_w64_d5_s1,H_aug_w64_d5,04,3146.972,8926,2.753,0.0839,3.83,0.8837,7.701,0.9958,376.665,1.0
H_aug_w64_d5_s1,H_aug_w64_d5,05,2234.459,9586,1.147,0.0662,3.794,0.8758,7.707,0.9993,47.577,1.0
H_aug_w64_d5_s1,H_aug_w64_d5,06,2504.469,9989,3.335,0.1031,3.068,0.8114,7.304,0.9977,35.665,1.0
H_aug_w64_d5_s1,H_aug_w64_d5,07,2939.248,8968,1.333,0.0734,3.801,0.822,6.888,0.991,97.169,0.9967
H_aug_w64_d5_s1,H_aug_w64_d5,08,842.573,8585,1.672,0.0741,4.131,0.8882,8.804,0.9924,38.437,0.9993
H_aug_w64_d5_s1,H_aug_w64_d5,09,2871.959,8726,3.363,0.2033,4.433,0.9251,9.196,0.9999,63.212,1.0
H_aug_w64_d5_s1,H_aug_w64_d5,10,3038.778,9137,1.906,0.136,4.43,0.8865,8.421,0.9979,96.476,1.0
H_aug_w64_d5_s1,H_aug_w64_d5,11,3754.416,10456,1.042,0.101,2.999,0.8193,5.815,0.977,340.694,1.0
H_aug_w64_d5_s1,H_aug_w64_d5,12,1830.767,8712,2.843,0.219,3.803,0.8632,5.808,0.9923,43.562,1.0
H_aug_w64_d5_s1,H_aug_w64_d5,13,1956.377,10186,1.797,0.1706,4.193,0.8563,6.749,0.9946,105.676,0.9973
H_aug_w64_d5_s1,H_aug_w64_d5,14,3925.549,8358,1.61,0.2171,3.832,0.8512,6.394,0.9958,68.134,1.0
H_aug_w64_d5_s1,H_aug_w64_d5,15,3074.44,7651,2.123,0.2267,4.235,0.8991,6.21,0.9989,270.675,1.0
H_aug_w64_d5_s1,H_aug_w64_d5,16,4461.276,8812,1.937,0.2563,4.684,0.8957,7.783,0.9973,229.877,1.0
H_aug_w64_d5_s1,H_aug_w64_d5,17,2271.83,7984,3.588,0.228,5.09,0.9157,5.869,0.9967,27.85,0.9998
H_aug_w64_d5_s1,H_aug_w64_d5,18,3911.018,7659,3.517,0.3398,3.854,0.8969,7.508,0.9983,69.695,1.0
H_aug_w64_d5_s1,H_aug_w64_d5,19,5339.517,8476,3.485,0.3284,4.093,0.93,8.009,0.9976,33.916,0.9999
H_aug_w64_d5_s1,H_aug_w64_d5,20,1407.247,7373,2.638,0.2629,4.4,0.9252,8.674,0.9993,45.792,1.0
H_aug_w64_d5_s2,H_aug_w64_d5,01,5109.439,9312,2.156,0.2951,4.333,0.9093,7.362,0.9951,110.979,1.0
H_aug_w64_d5_s2,H_aug_w64_d5,02,5108.613,9289,2.028,0.2043,3.895,0.8405,10.088,0.9971,106.802,1.0
H_aug_w64_d5_s2,H_aug_w64_d5,03,1315.839,9221,2.476,0.135,5.402,0.9293,8.615,0.9915,39.308,1.0
H_aug_w64_d5_s2,H_aug_w64_d5,04,3221.02,8926,3.152,0.0961,3.906,0.9012,7.712,0.9972,376.665,1.0
H_aug_w64_d5_s2,H_aug_w64_d5,05,2690.701,9586,1.395,0.0805,3.887,0.8972,7.704,0.9989,47.577,1.0
H_aug_w64_d5_s2,H_aug_w64_d5,06,2933.947,9989,3.807,0.1177,3.16,0.8357,7.31,0.9985,35.665,1.0
H_aug_w64_d5_s2,H_aug_w64_d5,07,3360.151,8968,1.585,0.0873,3.907,0.8452,6.885,0.9906,94.975,0.9742
H_aug_w64_d5_s2,H_aug_w64_d5,08,1013.048,8585,2.275,0.1008,4.24,0.9118,8.811,0.9932,38.437,0.9993
H_aug_w64_d5_s2,H_aug_w64_d5,09,3337.351,8726,3.612,0.2184,4.522,0.9436,9.197,0.9999,63.212,1.0
H_aug_w64_d5_s2,H_aug_w64_d5,10,3296.958,9137,2.204,0.1574,4.493,0.8992,8.42,0.9977,96.476,1.0
H_aug_w64_d5_s2,H_aug_w64_d5,11,3345.937,10456,1.161,0.1125,3.046,0.8322,5.806,0.9755,340.69,1.0
H_aug_w64_d5_s2,H_aug_w64_d5,12,1975.353,8712,3.23,0.2488,3.895,0.8842,5.826,0.9953,43.562,1.0
H_aug_w64_d5_s2,H_aug_w64_d5,13,2193.761,10186,2.203,0.2092,4.326,0.8833,6.753,0.9953,105.676,0.9973
H_aug_w64_d5_s2,H_aug_w64_d5,14,4234.785,8358,1.884,0.254,3.876,0.8609,6.407,0.9979,68.134,1.0
H_aug_w64_d5_s2,H_aug_w64_d5,15,3289.941,7651,2.156,0.2302,4.291,0.9111,6.19,0.9957,270.675,1.0
H_aug_w64_d5_s2,H_aug_w64_d5,16,4389.712,8812,2.09,0.2767,4.832,0.9239,7.772,0.9959,229.877,1.0
H_aug_w64_d5_s2,H_aug_w64_d5,17,3232.713,7984,4.186,0.266,5.204,0.9362,5.865,0.9961,27.853,0.9999
H_aug_w64_d5_s2,H_aug_w64_d5,18,4159.206,7659,3.801,0.3672,3.933,0.9154,7.519,0.9997,69.695,1.0
H_aug_w64_d5_s2,H_aug_w64_d5,19,5776.878,8476,4.459,0.4202,4.185,0.951,8.02,0.9989,33.916,0.9999
H_aug_w64_d5_s2,H_aug_w64_d5,20,1576.11,7373,3.272,0.3261,4.575,0.9621,8.674,0.9993,45.792,1.0
H_aug_w64_d5_s3,H_aug_w64_d5,01,5078.862,9312,2.257,0.309,4.314,0.9052,7.355,0.9941,110.98,1.0
H_aug_w64_d5_s3,H_aug_w64_d5,02,5027.751,9289,2.136,0.2152,3.917,0.8454,10.1,0.9983,106.805,1.0
H_aug_w64_d5_s3,H_aug_w64_d5,03,1428.208,9221,2.974,0.1621,5.439,0.9357,8.651,0.9956,39.308,1.0
H_aug_w64_d5_s3,H_aug_w64_d5,04,3114.287,8926,3.122,0.0952,3.814,0.8801,7.704,0.9962,376.665,1.0
H_aug_w64_d5_s3,H_aug_w64_d5,05,2318.319,9586,1.313,0.0758,3.841,0.8866,7.704,0.9989,47.577,1.0
H_aug_w64_d5_s3,H_aug_w64_d5,06,2614.513,9989,3.501,0.1083,3.134,0.8288,7.305,0.9978,35.665,1.0
H_aug_w64_d5_s3,H_aug_w64_d5,07,3075.872,8968,1.695,0.0934,3.925,0.8489,6.913,0.9946,97.169,0.9967
H_aug_w64_d5_s3,H_aug_w64_d5,08,1109.291,8585,2.274,0.1008,4.19,0.9009,8.822,0.9944,38.446,0.9995
H_aug_w64_d5_s3,H_aug_w64_d5,09,2871.683,8726,3.791,0.2292,4.508,0.9407,9.197,0.9999,63.212,1.0
H_aug_w64_d5_s3,H_aug_w64_d5,10,3021.839,9137,2.193,0.1566,4.446,0.8898,8.419,0.9977,96.476,1.0
H_aug_w64_d5_s3,H_aug_w64_d5,11,3491.92,10456,1.08,0.1047,3.003,0.8204,5.82,0.9778,340.694,1.0
H_aug_w64_d5_s3,H_aug_w64_d5,12,2102.655,8712,3.23,0.2488,3.75,0.8513,5.821,0.9944,43.562,1.0
H_aug_w64_d5_s3,H_aug_w64_d5,13,2081.589,10186,2.288,0.2172,4.224,0.8626,6.738,0.9931,105.965,1.0
H_aug_w64_d5_s3,H_aug_w64_d5,14,4015.212,8358,1.788,0.2411,3.815,0.8474,6.406,0.9977,68.134,1.0
H_aug_w64_d5_s3,H_aug_w64_d5,15,3384.863,7651,2.305,0.2461,4.216,0.8951,6.197,0.9968,270.675,1.0
H_aug_w64_d5_s3,H_aug_w64_d5,16,4064.599,8812,2.23,0.2951,4.72,0.9026,7.775,0.9962,229.877,1.0
H_aug_w64_d5_s3,H_aug_w64_d5,17,2739.188,7984,4.508,0.2864,5.223,0.9396,5.865,0.9961,27.85,0.9998
H_aug_w64_d5_s3,H_aug_w64_d5,18,3991.73,7659,4.047,0.3909,3.92,0.9124,7.511,0.9987,69.695,1.0
H_aug_w64_d5_s3,H_aug_w64_d5,19,5244.025,8476,4.288,0.404,4.112,0.9343,8.003,0.9968,33.918,1.0
H_aug_w64_d5_s3,H_aug_w64_d5,20,1462.022,7373,2.989,0.2978,4.378,0.9206,8.675,0.9994,45.792,1.0
H_aug_w64_d5_s4,H_aug_w64_d5,01,5005.246,9312,2.064,0.2826,4.281,0.8984,7.361,0.9948,110.981,1.0
H_aug_w64_d5_s4,H_aug_w64_d5,02,5111.189,9289,2.059,0.2075,3.961,0.8549,10.101,0.9985,106.805,1.0
H_aug_w64_d5_s4,H_aug_w64_d5,03,1354.219,9221,2.666,0.1453,5.374,0.9244,8.634,0.9937,39.308,1.0
H_aug_w64_d5_s4,H_aug_w64_d5,04,3329.211,8926,2.942,0.0897,3.924,0.9054,7.706,0.9965,376.672,1.0
H_aug_w64_d5_s4,H_aug_w64_d5,05,2564.943,9586,1.359,0.0784,3.89,0.898,7.706,0.9992,47.577,1.0
H_aug_w64_d5_s4,H_aug_w64_d5,06,3030.07,9989,3.041,0.0941,3.115,0.8238,7.304,0.9977,35.665,1.0
H_aug_w64_d5_s4,H_aug_w64_d5,07,3385.17,8968,1.486,0.0819,3.961,0.8568,6.917,0.9951,97.169,0.9967
H_aug_w64_d5_s4,H_aug_w64_d5,08,1070.254,8585,2.108,0.0934,4.273,0.9187,8.813,0.9935,38.457,0.9998
H_aug_w64_d5_s4,H_aug_w64_d5,09,1692.427,8726,3.478,0.2103,4.522,0.9438,9.197,0.9999,63.212,1.0
H_aug_w64_d5_s4,H_aug_w64_d5,10,2998.384,9137,2.008,0.1433,4.509,0.9025,8.421,0.9978,96.476,1.0
H_aug_w64_d5_s4,H_aug_w64_d5,11,3249.585,10456,1.172,0.1136,3.12,0.8523,5.82,0.9779,337.541,0.9907
H_aug_w64_d5_s4,H_aug_w64_d5,12,2107.877,8712,3.26,0.2511,3.845,0.8728,5.82,0.9942,43.562,1.0
H_aug_w64_d5_s4,H_aug_w64_d5,13,2000.181,10186,2.151,0.2042,4.321,0.8824,6.759,0.9962,105.676,0.9973
H_aug_w64_d5_s4,H_aug_w64_d5,14,4245.07,8358,1.755,0.2367,3.997,0.8878,6.405,0.9975,68.134,1.0
H_aug_w64_d5_s4,H_aug_w64_d5,15,3737.929,7651,2.185,0.2333,4.321,0.9174,6.211,0.999,270.675,1.0
H_aug_w64_d5_s4,H_aug_w64_d5,16,4715.483,8812,2.221,0.294,4.869,0.931,7.79,0.9982,229.877,1.0
H_aug_w64_d5_s4,H_aug_w64_d5,17,2407.494,7984,3.72,0.2363,5.139,0.9244,5.86,0.9952,27.85,0.9998
H_aug_w64_d5_s4,H_aug_w64_d5,18,3989.116,7659,3.826,0.3696,3.945,0.9182,7.506,0.998,69.695,1.0
H_aug_w64_d5_s4,H_aug_w64_d5,19,5576.691,8476,3.965,0.3736,4.188,0.9515,8.02,0.9989,33.916,1.0
H_aug_w64_d5_s4,H_aug_w64_d5,20,1482.641,7373,3.176,0.3165,4.479,0.9419,8.673,0.9992,45.789,0.9999
I_coletra_s0,I_coletra,01,4478.498,9312,1.598,0.2188,4.234,0.8885,7.18,0.9705,110.978,1.0
I_coletra_s0,I_coletra,02,2385.375,9289,1.617,0.1629,3.695,0.7974,10.077,0.9961,106.18,0.9942
I_coletra_s0,I_coletra,03,562.35,9221,1.523,0.083,4.885,0.8404,8.337,0.9595,38.36,0.9759
I_coletra_s0,I_coletra,04,2901.417,8926,2.454,0.0748,3.697,0.853,7.652,0.9895,376.276,0.9989
I_coletra_s0,I_coletra,05,1613.733,9586,0.938,0.0541,3.725,0.8598,7.667,0.9941,47.572,0.9999
I_coletra_s0,I_coletra,06,2543.174,9989,2.732,0.0845,2.978,0.7876,7.293,0.9961,35.532,0.9963
I_coletra_s0,I_coletra,07,1378.395,8968,0.955,0.0526,3.676,0.7952,6.864,0.9876,91.747,0.9411
I_coletra_s0,I_coletra,08,576.014,8585,1.285,0.0569,4.05,0.8709,8.811,0.9932,38.442,0.9994
I_coletra_s0,I_coletra,09,1369.179,8726,2.653,0.1604,4.373,0.9126,9.153,0.9952,63.131,0.9987
I_coletra_s0,I_coletra,10,2507.512,9137,1.638,0.117,4.286,0.8578,8.407,0.9963,95.003,0.9847
I_coletra_s0,I_coletra,11,3171.345,10456,0.801,0.0777,2.864,0.7823,5.748,0.9657,340.48,0.9994
I_coletra_s0,I_coletra,12,1524.46,8712,2.191,0.1687,3.65,0.8285,5.731,0.9791,43.552,0.9998
I_coletra_s0,I_coletra,13,1816.298,10186,1.503,0.1427,4.142,0.8457,6.658,0.9814,105.962,1.0
I_coletra_s0,I_coletra,14,3910.534,8358,1.288,0.1737,3.724,0.8272,6.406,0.9977,68.134,1.0
I_coletra_s0,I_coletra,15,3078.978,7651,1.736,0.1853,4.184,0.8884,6.195,0.9964,270.675,1.0
I_coletra_s0,I_coletra,16,4177.692,8812,1.758,0.2327,4.74,0.9064,7.781,0.997,225.449,0.9807
I_coletra_s0,I_coletra,17,2689.525,7984,2.813,0.1787,5.045,0.9075,5.851,0.9937,27.85,0.9998
I_coletra_s0,I_coletra,18,3953.684,7659,3.297,0.3186,3.699,0.8608,7.49,0.9958,69.695,1.0
I_coletra_s0,I_coletra,19,4733.255,8476,2.935,0.2765,4.117,0.9354,7.987,0.9949,33.916,0.9999
I_coletra_s0,I_coletra,20,1384.068,7373,2.643,0.2634,4.322,0.9088,8.64,0.9954,45.786,0.9999
I_coletra_s1,I_coletra,01,4081.626,9312,1.74,0.2382,4.13,0.8666,7.192,0.9721,110.978,1.0
I_coletra_s1,I_coletra,02,4628.907,9289,1.621,0.1633,3.736,0.8063,10.079,0.9963,106.805,1.0
I_coletra_s1,I_coletra,03,862.609,9221,1.698,0.0926,5.168,0.889,8.447,0.9721,38.83,0.9879
I_coletra_s1,I_coletra,04,2644.714,8926,2.035,0.0621,3.701,0.854,7.658,0.9902,376.665,1.0
I_coletra_s1,I_coletra,05,2220.708,9586,0.913,0.0527,3.691,0.852,7.669,0.9943,47.572,0.9999
I_coletra_s1,I_coletra,06,1227.366,9989,2.778,0.0859,2.87,0.759,7.293,0.9961,34.524,0.968
I_coletra_s1,I_coletra,07,2801.326,8968,1.121,0.0618,3.623,0.7836,6.852,0.9857,97.147,0.9965
I_coletra_s1,I_coletra,08,732.76,8585,1.375,0.0609,3.968,0.8532,8.801,0.9921,38.431,0.9992
I_coletra_s1,I_coletra,09,1404.059,8726,2.735,0.1653,4.408,0.9199,9.195,0.9998,63.212,1.0
I_coletra_s1,I_coletra,10,2388.69,9137,1.671,0.1193,4.313,0.8631,8.407,0.9963,96.087,0.996
I_coletra_s1,I_coletra,11,3166.881,10456,0.811,0.0785,2.788,0.7616,5.82,0.9778,340.093,0.9982
I_coletra_s1,I_coletra,12,1415.997,8712,2.31,0.1779,3.623,0.8225,5.756,0.9834,43.562,1.0
I_coletra_s1,I_coletra,13,1568.776,10186,1.73,0.1643,4.13,0.8433,6.729,0.9917,105.965,1.0
I_coletra_s1,I_coletra,14,4262.192,8358,1.398,0.1885,3.651,0.8109,6.394,0.9958,68.134,1.0
I_coletra_s1,I_coletra,15,3158.031,7651,1.653,0.1764,4.09,0.8684,6.144,0.9883,270.675,1.0
I_coletra_s1,I_coletra,16,4045.392,8812,1.749,0.2315,4.641,0.8875,7.779,0.9968,229.877,1.0
I_coletra_s1,I_coletra,17,1253.934,7984,2.393,0.152,5.015,0.9022,5.833,0.9906,27.85,0.9998
I_coletra_s1,I_coletra,18,3385.971,7659,3.353,0.3239,3.723,0.8664,7.461,0.9921,69.695,1.0
I_coletra_s1,I_coletra,19,4830.333,8476,2.821,0.2658,4.02,0.9135,7.974,0.9932,33.916,0.9999
I_coletra_s1,I_coletra,20,1253.524,7373,2.336,0.2328,4.29,0.9021,8.663,0.998,45.764,0.9994
I_coletra_s2,I_coletra,01,4482.648,9312,1.863,0.255,4.173,0.8756,7.321,0.9895,110.979,1.0
I_coletra_s2,I_coletra,02,5062.791,9289,1.701,0.1713,3.884,0.8383,10.077,0.9961,106.805,1.0
I_coletra_s2,I_coletra,03,807.063,9221,1.659,0.0905,5.096,0.8766,8.424,0.9695,37.669,0.9583
I_coletra_s2,I_coletra,04,2663.855,8926,2.206,0.0672,3.799,0.8765,7.658,0.9903,376.665,1.0
I_coletra_s2,I_coletra,05,2279.461,9586,1.004,0.058,3.757,0.8671,7.661,0.9932,47.577,1.0
I_coletra_s2,I_coletra,06,2517.303,9989,2.678,0.0828,2.963,0.7835,7.293,0.9961,35.665,1.0
I_coletra_s2,I_coletra,07,2792.856,8968,1.296,0.0714,3.737,0.8083,6.881,0.9899,97.143,0.9965
I_coletra_s2,I_coletra,08,854.089,8585,1.472,0.0652,4.09,0.8794,8.805,0.9926,38.437,0.9993
I_coletra_s2,I_coletra,09,2953.124,8726,2.677,0.1619,4.411,0.9206,9.197,0.9999,63.212,1.0
I_coletra_s2,I_coletra,10,2679.45,9137,1.654,0.1181,4.333,0.8673,8.411,0.9967,96.105,0.9962
I_coletra_s2,I_coletra,11,3545.115,10456,0.975,0.0945,2.954,0.807,5.772,0.9699,340.694,1.0
I_coletra_s2,I_coletra,12,1886.832,8712,2.373,0.1828,3.708,0.8418,5.783,0.988,43.562,1.0
I_coletra_s2,I_coletra,13,2030.53,10186,1.684,0.1599,4.191,0.8559,6.749,0.9946,105.965,1.0
I_coletra_s2,I_coletra,14,4157.892,8358,1.378,0.1859,3.712,0.8245,6.389,0.995,68.134,1.0
I_coletra_s2,I_coletra,15,3169.874,7651,1.713,0.1829,4.172,0.8858,6.209,0.9987,270.675,1.0
I_coletra_s2,I_coletra,16,2315.838,8812,1.868,0.2472,4.734,0.9052,7.784,0.9974,226.011,0.9832
I_coletra_s2,I_coletra,17,2612.879,7984,2.814,0.1788,5.033,0.9054,5.857,0.9946,27.85,0.9998
I_coletra_s2,I_coletra,18,3972.133,7659,3.454,0.3337,3.783,0.8803,7.48,0.9946,69.695,1.0
I_coletra_s2,I_coletra,19,4860.83,8476,2.762,0.2602,4.088,0.9288,8.003,0.9968,33.916,0.9999
I_coletra_s2,I_coletra,20,1400.329,7373,2.37,0.2362,4.352,0.9152,8.661,0.9978,45.728,0.9986
I_coletra_s3,I_coletra,01,4728.545,9312,1.758,0.2407,4.152,0.8712,7.222,0.9761,110.979,1.0
I_coletra_s3,I_coletra,02,4638.181,9289,1.637,0.165,3.774,0.8146,10.081,0.9965,106.805,1.0
I_coletra_s3,I_coletra,03,943.37,9221,1.73,0.0943,5.073,0.8728,8.459,0.9735,39.307,1.0
I_coletra_s3,I_coletra,04,2807.384,8926,2.137,0.0651,3.811,0.8794,7.692,0.9947,376.643,0.9999
I_coletra_s3,I_coletra,05,2536.623,9586,0.959,0.0554,3.791,0.8751,7.691,0.9972,47.572,0.9999
I_coletra_s3,I_coletra,06,2640.083,9989,3.151,0.0974,3.031,0.8015,7.298,0.9968,35.665,1.0
I_coletra_s3,I_coletra,07,2926.595,8968,1.06,0.0584,3.709,0.8023,6.869,0.9882,91.763,0.9413
I_coletra_s3,I_coletra,08,829.67,8585,1.611,0.0714,4.059,0.8728,8.809,0.993,38.441,0.9994
I_coletra_s3,I_coletra,09,1394.541,8726,2.472,0.1495,4.447,0.928,9.194,0.9997,63.212,1.0
I_coletra_s3,I_coletra,10,2443.206,9137,1.777,0.1269,4.356,0.8718,8.416,0.9973,96.105,0.9962
I_coletra_s3,I_coletra,11,3451.626,10456,0.976,0.0946,2.948,0.8053,5.759,0.9676,337.317,0.9901
I_coletra_s3,I_coletra,12,1396.66,8712,2.157,0.1661,3.739,0.8487,5.78,0.9874,43.562,1.0
I_coletra_s3,I_coletra,13,1497.777,10186,1.713,0.1626,4.154,0.8482,6.742,0.9936,105.965,1.0
I_coletra_s3,I_coletra,14,3892.968,8358,1.487,0.2005,3.749,0.8326,6.406,0.9977,68.134,1.0
I_coletra_s3,I_coletra,15,3079.801,7651,1.731,0.1849,4.215,0.895,6.194,0.9963,270.675,1.0
I_coletra_s3,I_coletra,16,3962.112,8812,1.862,0.2464,4.647,0.8885,7.782,0.9971,229.877,1.0
I_coletra_s3,I_coletra,17,1263.618,7984,2.818,0.179,5.065,0.9112,5.843,0.9924,27.85,0.9998
I_coletra_s3,I_coletra,18,3748.602,7659,3.504,0.3386,3.798,0.8839,7.467,0.9928,69.695,1.0
I_coletra_s3,I_coletra,19,4851.672,8476,3.1,0.2921,4.162,0.9457,7.993,0.9957,33.916,0.9999
I_coletra_s3,I_coletra,20,1383.522,7373,2.472,0.2463,4.401,0.9254,8.667,0.9984,45.781,0.9998
I_coletra_s4,I_coletra,01,4264.921,9312,1.651,0.226,4.158,0.8725,7.211,0.9746,110.979,1.0
I_coletra_s4,I_coletra,02,4586.936,9289,1.483,0.1494,3.759,0.8112,10.083,0.9967,106.805,1.0
I_coletra_s4,I_coletra,03,858.704,9221,1.542,0.084,4.832,0.8312,8.364,0.9626,39.307,1.0
I_coletra_s4,I_coletra,04,2704.889,8926,2.212,0.0674,3.788,0.8741,7.702,0.996,376.669,1.0
I_coletra_s4,I_coletra,05,2423.987,9586,1.023,0.0591,3.823,0.8826,7.686,0.9965,47.577,1.0
I_coletra_s4,I_coletra,06,2644.439,9989,2.88,0.0891,3.047,0.8058,7.299,0.9969,35.665,1.0
I_coletra_s4,I_coletra,07,2804.179,8968,1.161,0.0639,3.616,0.782,6.877,0.9894,97.168,0.9967
I_coletra_s4,I_coletra,08,903.6,8585,1.38,0.0612,3.996,0.8591,8.805,0.9925,38.439,0.9994
I_coletra_s4,I_coletra,09,1344.423,8726,2.466,0.1491,4.423,0.9231,9.193,0.9996,62.775,0.9931
I_coletra_s4,I_coletra,10,2677.375,9137,1.529,0.1091,4.314,0.8634,8.405,0.996,96.105,0.9962
I_coletra_s4,I_coletra,11,3284.874,10456,0.841,0.0815,2.906,0.7938,5.765,0.9687,340.508,0.9994
I_coletra_s4,I_coletra,12,1424.645,8712,2.135,0.1645,3.734,0.8476,5.753,0.9828,43.562,1.0
I_coletra_s4,I_coletra,13,3584.012,10186,1.601,0.152,4.101,0.8375,6.704,0.988,105.965,1.0
I_coletra_s4,I_coletra,14,3812.855,8358,1.369,0.1846,3.779,0.8393,6.381,0.9937,68.134,1.0
I_coletra_s4,I_coletra,15,3310.715,7651,1.656,0.1768,4.165,0.8843,6.194,0.9963,270.675,1.0
I_coletra_s4,I_coletra,16,3965.649,8812,1.704,0.2255,4.727,0.9039,7.779,0.9968,229.877,1.0
I_coletra_s4,I_coletra,17,1276.136,7984,2.769,0.1759,5.111,0.9194,5.855,0.9943,27.85,0.9998
I_coletra_s4,I_coletra,18,3701.247,7659,3.127,0.3021,3.822,0.8894,7.449,0.9904,68.959,0.9895
I_coletra_s4,I_coletra,19,5007.042,8476,2.521,0.2375,4.108,0.9335,7.972,0.9929,33.916,0.9999
I_coletra_s4,I_coletra,20,1411.347,7373,2.269,0.2261,4.317,0.9079,8.673,0.9991,45.792,1.0
I_coletra_s5,I_coletra,01,4172.332,9312,1.79,0.2451,4.204,0.8821,7.274,0.9831,110.981,1.0
I_coletra_s5,I_coletra,02,4986.238,9289,2.002,0.2017,3.994,0.8619,10.101,0.9984,106.805,1.0
I_coletra_s5,I_coletra,03,976.466,9221,1.888,0.1029,5.057,0.8699,8.506,0.979,39.306,1.0
I_coletra_s5,I_coletra,04,3261.251,8926,2.371,0.0723,3.81,0.8791,7.69,0.9944,376.665,1.0
I_coletra_s5,I_coletra,05,2213.47,9586,0.948,0.0547,3.788,0.8745,7.688,0.9969,47.572,0.9999
I_coletra_s5,I_coletra,06,2801.597,9989,2.65,0.082,3.099,0.8196,7.304,0.9976,35.665,1.0
I_coletra_s5,I_coletra,07,2951.563,8968,1.197,0.066,3.692,0.7984,6.89,0.9912,97.138,0.9964
I_coletra_s5,I_coletra,08,620.897,8585,1.501,0.0665,4.051,0.871,8.814,0.9936,38.457,0.9998
I_coletra_s5,I_coletra,09,1457.962,8726,2.707,0.1637,4.469,0.9327,9.158,0.9957,63.212,1.0
I_coletra_s5,I_coletra,10,2870.951,9137,1.749,0.1249,4.376,0.8757,8.417,0.9974,96.476,1.0
I_coletra_s5,I_coletra,11,3812.932,10456,0.912,0.0883,3.027,0.8268,5.817,0.9774,337.692,0.9912
I_coletra_s5,I_coletra,12,1842.826,8712,2.417,0.1861,3.758,0.8531,5.767,0.9852,43.562,1.0
I_coletra_s5,I_coletra,13,3748.035,10186,1.922,0.1825,4.187,0.8551,6.72,0.9905,105.965,1.0
I_coletra_s5,I_coletra,14,4157.948,8358,1.467,0.1978,3.817,0.8478,6.402,0.9971,68.134,1.0
I_coletra_s5,I_coletra,15,3179.607,7651,1.747,0.1865,4.275,0.9076,6.21,0.9988,270.675,1.0
I_coletra_s5,I_coletra,16,4248.041,8812,1.839,0.2434,4.781,0.9142,7.779,0.9968,229.877,1.0
I_coletra_s5,I_coletra,17,1474.623,7984,2.282,0.145,5.096,0.9168,5.855,0.9943,27.85,0.9998
I_coletra_s5,I_coletra,18,3615.334,7659,3.43,0.3314,3.757,0.8744,7.471,0.9934,69.695,1.0
I_coletra_s5,I_coletra,19,5059.46,8476,2.471,0.2328,4.138,0.9402,8.009,0.9976,33.918,1.0
I_coletra_s5,I_coletra,20,1524.052,7373,2.563,0.2554,4.416,0.9286,8.671,0.9989,45.753,0.9991
J_liot_s0,J_liot,01,2325.034,9312,1.881,0.2574,4.14,0.8688,7.133,0.9641,83.511,0.7525
J_liot_s0,J_liot,02,4491.459,9289,1.514,0.1525,3.758,0.811,10.053,0.9937,106.804,1.0
J_liot_s0,J_liot,03,672.53,9221,2.376,0.1295,5.234,0.9004,8.446,0.972,37.67,0.9583
J_liot_s0,J_liot,04,2994.096,8926,2.145,0.0654,3.772,0.8702,7.64,0.988,375.904,0.998
J_liot_s0,J_liot,05,2715.99,9586,1.141,0.0659,3.826,0.8831,7.643,0.9909,47.106,0.9901
J_liot_s0,J_liot,06,2306.227,9989,2.304,0.0713,3.016,0.7976,7.251,0.9904,34.886,0.9781
J_liot_s0,J_liot,07,3040.496,8968,1.226,0.0676,3.724,0.8054,6.899,0.9926,91.768,0.9413
J_liot_s0,J_liot,08,640.566,8585,1.779,0.0788,4.0,0.8602,8.789,0.9908,37.522,0.9755
J_liot_s0,J_liot,09,1560.107,8726,3.329,0.2013,4.484,0.9357,9.189,0.9991,63.193,0.9997
J_liot_s0,J_liot,10,2180.018,9137,1.585,0.1131,4.319,0.8644,8.254,0.9781,95.699,0.992
J_liot_s0,J_liot,11,1534.423,10456,1.068,0.1035,2.924,0.7988,5.692,0.9564,140.869,0.4135
J_liot_s0,J_liot,12,1672.648,8712,2.649,0.2041,3.821,0.8674,5.725,0.9781,43.562,1.0
J_liot_s0,J_liot,13,2899.893,10186,2.144,0.2035,4.141,0.8456,6.681,0.9846,105.965,1.0
J_liot_s0,J_liot,14,3772.283,8358,1.668,0.2249,3.68,0.8173,6.332,0.9861,67.417,0.9895
J_liot_s0,J_liot,15,3288.083,7651,2.16,0.2306,4.19,0.8895,6.186,0.9951,270.091,0.9978
J_liot_s0,J_liot,16,3802.743,8812,2.097,0.2776,4.618,0.8831,7.766,0.9951,229.317,0.9976
J_liot_s0,J_liot,17,798.649,7984,3.102,0.1971,5.017,0.9025,5.786,0.9827,26.245,0.9422
J_liot_s0,J_liot,18,3980.777,7659,2.928,0.2829,3.871,0.9009,7.509,0.9984,69.649,0.9993
J_liot_s0,J_liot,19,5027.045,8476,3.463,0.3263,4.09,0.9292,7.916,0.9861,33.782,0.996
J_liot_s0,J_liot,20,1105.086,7373,2.731,0.2722,4.332,0.9109,8.615,0.9925,45.718,0.9984
J_liot_s1,J_liot,01,3940.817,9312,1.887,0.2584,4.195,0.8802,7.113,0.9614,110.945,0.9997
J_liot_s1,J_liot,02,4662.875,9289,1.627,0.1639,3.756,0.8105,10.067,0.9951,106.804,1.0
J_liot_s1,J_liot,03,1039.706,9221,2.569,0.14,5.179,0.8909,8.529,0.9816,39.308,1.0
J_liot_s1,J_liot,04,3540.922,8926,2.255,0.0688,3.752,0.8658,7.67,0.9918,375.922,0.998
J_liot_s1,J_liot,05,2621.14,9586,1.075,0.0621,3.851,0.889,7.648,0.9916,47.338,0.995
J_liot_s1,J_liot,06,2218.998,9989,1.993,0.0616,2.847,0.753,7.238,0.9886,34.886,0.9781
J_liot_s1,J_liot,07,3045.76,8968,1.182,0.0651,3.637,0.7866,6.891,0.9914,97.16,0.9967
J_liot_s1,J_liot,08,1965.825,8585,1.794,0.0795,3.938,0.8467,8.806,0.9926,38.439,0.9994
J_liot_s1,J_liot,09,1344.933,8726,2.956,0.1787,4.408,0.9199,9.164,0.9964,63.185,0.9996
J_liot_s1,J_liot,10,2080.631,9137,1.598,0.1141,4.205,0.8416,8.263,0.9792,94.634,0.9809
J_liot_s1,J_liot,11,1648.406,10456,1.034,0.1002,2.934,0.8014,5.749,0.966,194.05,0.5696
J_liot_s1,J_liot,12,1621.809,8712,2.339,0.1801,3.761,0.8538,5.746,0.9816,43.554,0.9998
J_liot_s1,J_liot,13,3133.614,10186,1.972,0.1872,4.151,0.8476,6.678,0.9842,105.965,1.0
J_liot_s1,J_liot,14,4088.015,8358,1.722,0.2322,3.615,0.803,6.382,0.9939,68.133,1.0
J_liot_s1,J_liot,15,3039.073,7651,1.918,0.2048,4.156,0.8824,6.196,0.9966,270.675,1.0
J_liot_s1,J_liot,16,3912.202,8812,2.131,0.2821,4.585,0.8767,7.728,0.9903,228.209,0.9927
J_liot_s1,J_liot,17,1111.349,7984,2.715,0.1724,4.883,0.8784,5.774,0.9806,27.822,0.9988
J_liot_s1,J_liot,18,3970.136,7659,3.094,0.299,3.885,0.9042,7.495,0.9966,68.616,0.9845
J_liot_s1,J_liot,19,5160.745,8476,3.039,0.2863,4.036,0.917,7.911,0.9853,33.78,0.9959
J_liot_s1,J_liot,20,1035.476,7373,2.48,0.2472,4.264,0.8966,8.567,0.9869,45.748,0.999
J_liot_s2,J_liot,01,4872.032,9312,2.079,0.2846,4.248,0.8913,7.259,0.9811,110.338,0.9942
J_liot_s2,J_liot,02,4932.728,9289,1.746,0.1759,3.911,0.8441,10.056,0.994,106.805,1.0
J_liot_s2,J_liot,03,1113.88,9221,2.74,0.1494,5.284,0.909,8.479,0.9758,39.308,1.0
J_liot_s2,J_liot,04,3607.734,8926,2.49,0.0759,3.818,0.8809,7.64,0.988,374.451,0.9941
J_liot_s2,J_liot,05,2795.576,9586,1.268,0.0732,3.938,0.9089,7.647,0.9915,47.571,0.9999
J_liot_s2,J_liot,06,2520.503,9989,2.589,0.08,2.973,0.7861,7.29,0.9957,35.268,0.9889
J_liot_s2,J_liot,07,2872.17,8968,1.213,0.0668,3.798,0.8215,6.892,0.9915,81.047,0.8314
J_liot_s2,J_liot,08,918.755,8585,1.701,0.0754,4.157,0.8939,8.808,0.9928,38.439,0.9994
J_liot_s2,J_liot,09,1737.669,8726,3.496,0.2114,4.535,0.9463,9.137,0.9934,62.758,0.9928
J_liot_s2,J_liot,10,2588.683,9137,1.642,0.1172,4.315,0.8636,8.375,0.9924,96.071,0.9958
J_liot_s2,J_liot,11,1760.688,10456,1.159,0.1123,2.925,0.7989,5.783,0.9717,181.328,0.5322
J_liot_s2,J_liot,12,1823.516,8712,2.73,0.2103,3.911,0.8878,5.751,0.9824,43.552,0.9998
J_liot_s2,J_liot,13,4382.511,10186,2.305,0.2188,4.24,0.8658,6.692,0.9863,105.965,1.0
J_liot_s2,J_liot,14,4362.47,8358,1.556,0.2098,3.757,0.8343,6.387,0.9946,68.09,0.9994
J_liot_s2,J_liot,15,3186.306,7651,1.918,0.2048,4.107,0.872,6.205,0.9981,269.508,0.9957
J_liot_s2,J_liot,16,4413.049,8812,2.24,0.2965,4.727,0.9038,7.763,0.9946,224.895,0.9783
J_liot_s2,J_liot,17,1188.473,7984,3.083,0.1958,5.066,0.9114,5.823,0.9889,24.567,0.882
J_liot_s2,J_liot,18,3892.7,7659,2.964,0.2864,3.902,0.9082,7.509,0.9984,69.65,0.9994
J_liot_s2,J_liot,19,5148.402,8476,3.228,0.3042,4.048,0.9198,7.943,0.9894,33.918,1.0
J_liot_s2,J_liot,20,1525.576,7373,2.881,0.2871,4.398,0.9249,8.639,0.9952,45.744,0.999
K_focal_aug_s0,K_focal_aug,01,6338.04,9312,3.357,0.4596,4.483,0.9407,7.254,0.9804,110.979,1.0
K_focal_aug_s0,K_focal_aug,02,5884.343,9289,3.305,0.333,4.249,0.9171,10.096,0.9979,106.801,1.0
K_focal_aug_s0,K_focal_aug,03,1520.075,9221,2.938,0.1602,5.335,0.9177,8.482,0.9762,39.306,1.0
K_focal_aug_s0,K_focal_aug,04,3626.243,8926,3.427,0.1045,3.94,0.9092,7.693,0.9948,376.671,1.0
K_focal_aug_s0,K_focal_aug,05,3271.736,9586,1.929,0.1114,4.007,0.925,7.683,0.9961,47.572,0.9999
K_focal_aug_s0,K_focal_aug,06,3658.737,9989,4.254,0.1316,3.172,0.839,7.311,0.9987,35.4,0.9926
K_focal_aug_s0,K_focal_aug,07,3797.897,8968,1.794,0.0988,3.894,0.8423,6.884,0.9904,97.166,0.9967
K_focal_aug_s0,K_focal_aug,08,1212.498,8585,2.522,0.1118,4.198,0.9027,8.81,0.9931,38.45,0.9996
K_focal_aug_s0,K_focal_aug,09,3818.107,8726,4.603,0.2783,4.611,0.9623,9.151,0.9949,63.131,0.9987
K_focal_aug_s0,K_focal_aug,10,4342.469,9137,2.838,0.2026,4.583,0.9172,8.411,0.9967,96.476,1.0
K_focal_aug_s0,K_focal_aug,11,4424.994,10456,1.66,0.1609,3.152,0.861,5.803,0.9751,337.711,0.9912
K_focal_aug_s0,K_focal_aug,12,1945.581,8712,3.912,0.3013,3.941,0.8945,5.785,0.9883,43.562,1.0
K_focal_aug_s0,K_focal_aug,13,2508.275,10186,2.477,0.2351,4.331,0.8845,6.746,0.9942,105.965,1.0
K_focal_aug_s0,K_focal_aug,14,5309.844,8358,2.555,0.3446,4.046,0.8987,6.413,0.9988,68.134,1.0
K_focal_aug_s0,K_focal_aug,15,4553.05,7651,2.957,0.3157,4.272,0.9071,6.205,0.9981,270.675,1.0
K_focal_aug_s0,K_focal_aug,16,5850.84,8812,3.188,0.4219,4.901,0.9371,7.783,0.9972,229.877,1.0
K_focal_aug_s0,K_focal_aug,17,3892.011,7984,4.998,0.3175,5.208,0.9369,5.855,0.9943,27.85,0.9998
K_focal_aug_s0,K_focal_aug,18,5109.008,7659,4.64,0.4482,3.895,0.9065,7.478,0.9943,69.695,1.0
K_focal_aug_s0,K_focal_aug,19,5980.648,8476,5.148,0.485,4.197,0.9536,7.996,0.996,33.916,0.9999
K_focal_aug_s0,K_focal_aug,20,1852.903,7373,4.408,0.4393,4.548,0.9564,8.669,0.9987,45.792,1.0
K_focal_aug_s1,K_focal_aug,01,4993.211,9312,2.308,0.316,4.366,0.9162,7.245,0.9792,110.632,0.9969
K_focal_aug_s1,K_focal_aug,02,2786.095,9289,2.388,0.2406,4.06,0.8763,10.1,0.9983,106.805,1.0
K_focal_aug_s1,K_focal_aug,03,887.208,9221,2.447,0.1334,5.362,0.9223,8.578,0.9873,39.308,1.0
K_focal_aug_s1,K_focal_aug,04,2978.856,8926,3.578,0.1091,3.912,0.9025,7.689,0.9942,376.665,1.0
K_focal_aug_s1,K_focal_aug,05,3071.73,9586,1.504,0.0869,4.01,0.9255,7.679,0.9957,47.572,0.9999
K_focal_aug_s1,K_focal_aug,06,3025.204,9989,3.591,0.1111,3.071,0.8121,7.292,0.996,35.665,1.0
K_focal_aug_s1,K_focal_aug,07,3631.917,8968,1.774,0.0977,4.001,0.8655,6.882,0.9901,97.148,0.9965
K_focal_aug_s1,K_focal_aug,08,1023.013,8585,2.179,0.0966,4.238,0.9112,8.815,0.9936,38.456,0.9998
K_focal_aug_s1,K_focal_aug,09,1923.654,8726,4.327,0.2616,4.534,0.9462,9.197,0.9999,63.212,1.0
K_focal_aug_s1,K_focal_aug,10,1404.96,9137,1.951,0.1393,4.507,0.9019,8.409,0.9964,96.458,0.9998
K_focal_aug_s1,K_focal_aug,11,3902.63,10456,1.271,0.1231,3.094,0.8452,5.81,0.9762,340.663,0.9999
K_focal_aug_s1,K_focal_aug,12,1693.539,8712,2.869,0.221,3.821,0.8674,5.718,0.9768,43.562,1.0
K_focal_aug_s1,K_focal_aug,13,2312.175,10186,2.516,0.2389,4.376,0.8935,6.736,0.9928,105.965,1.0
K_focal_aug_s1,K_focal_aug,14,4883.984,8358,1.999,0.2696,3.86,0.8573,6.406,0.9977,68.134,1.0
K_focal_aug_s1,K_focal_aug,15,4103.718,7651,2.299,0.2455,4.308,0.9146,6.207,0.9984,270.675,1.0
K_focal_aug_s1,K_focal_aug,16,5162.733,8812,2.393,0.3167,4.873,0.9319,7.782,0.9971,229.877,1.0
K_focal_aug_s1,K_focal_aug,17,1705.871,7984,4.581,0.291,5.171,0.9302,5.848,0.9931,27.843,0.9995
K_focal_aug_s1,K_focal_aug,18,4307.442,7659,4.068,0.393,3.969,0.9237,7.468,0.993,69.694,1.0
K_focal_aug_s1,K_focal_aug,19,5668.69,8476,3.961,0.3732,4.201,0.9545,7.997,0.9961,33.918,1.0
K_focal_aug_s1,K_focal_aug,20,1376.476,7373,3.458,0.3447,4.53,0.9526,8.653,0.9969,45.789,0.9999
K_focal_aug_s2,K_focal_aug,01,5896.523,9312,3.027,0.4144,4.486,0.9413,7.242,0.9788,110.978,1.0
K_focal_aug_s2,K_focal_aug,02,5550.389,9289,2.516,0.2535,4.093,0.8833,10.091,0.9975,106.805,1.0
K_focal_aug_s2,K_focal_aug,03,820.161,9221,2.207,0.1203,5.387,0.9268,8.549,0.9839,39.307,1.0
K_focal_aug_s2,K_focal_aug,04,3458.129,8926,2.733,0.0833,3.999,0.9227,7.689,0.9943,376.16,0.9986
K_focal_aug_s2,K_focal_aug,05,3438.295,9586,1.605,0.0927,4.019,0.9277,7.69,0.997,47.574,0.9999
K_focal_aug_s2,K_focal_aug,06,3378.46,9989,3.072,0.095,3.175,0.8397,7.299,0.9969,35.532,0.9963
K_focal_aug_s2,K_focal_aug,07,3757.713,8968,1.592,0.0877,3.949,0.8541,6.905,0.9934,97.166,0.9967
K_focal_aug_s2,K_focal_aug,08,771.369,8585,2.013,0.0892,4.258,0.9155,8.812,0.9934,38.457,0.9998
K_focal_aug_s2,K_focal_aug,09,1849.988,8726,3.538,0.2139,4.542,0.9479,9.197,0.9999,63.212,1.0
K_focal_aug_s2,K_focal_aug,10,3805.89,9137,1.954,0.1395,4.566,0.9139,8.41,0.9966,96.476,1.0
K_focal_aug_s2,K_focal_aug,11,4717.479,10456,1.277,0.1237,3.107,0.8488,5.82,0.9779,340.611,0.9997
K_focal_aug_s2,K_focal_aug,12,1777.837,8712,3.081,0.2373,3.945,0.8954,5.789,0.989,43.562,1.0
K_focal_aug_s2,K_focal_aug,13,2369.907,10186,2.284,0.2168,4.38,0.8944,6.749,0.9947,105.965,1.0
K_focal_aug_s2,K_focal_aug,14,5131.323,8358,1.954,0.2636,3.975,0.883,6.409,0.998,68.134,1.0
K_focal_aug_s2,K_focal_aug,15,4306.071,7651,2.513,0.2683,4.451,0.9451,6.212,0.9992,270.675,1.0
K_focal_aug_s2,K_focal_aug,16,5521.686,8812,2.421,0.3205,4.888,0.9346,7.783,0.9972,229.877,1.0
K_focal_aug_s2,K_focal_aug,17,1706.475,7984,3.604,0.2289,5.271,0.9481,5.843,0.9923,27.856,1.0
K_focal_aug_s2,K_focal_aug,18,4865.126,7659,4.102,0.3963,3.947,0.9186,7.477,0.9941,69.695,1.0
K_focal_aug_s2,K_focal_aug,19,5844.394,8476,3.902,0.3677,4.17,0.9476,7.998,0.9962,33.918,1.0
K_focal_aug_s2,K_focal_aug,20,1171.648,7373,3.293,0.3282,4.592,0.9657,8.634,0.9947,45.778,0.9997
K_focal_aug_s3,K_focal_aug,01,6141.552,9312,2.626,0.3596,4.462,0.9363,7.19,0.9718,110.979,1.0
K_focal_aug_s3,K_focal_aug,02,5602.569,9289,2.954,0.2976,4.053,0.8746,10.087,0.997,106.79,0.9999
K_focal_aug_s3,K_focal_aug,03,1248.221,9221,2.464,0.1343,5.215,0.8971,8.559,0.9851,39.308,1.0
K_focal_aug_s3,K_focal_aug,04,3714.555,8926,2.728,0.0832,3.932,0.9073,7.708,0.9968,376.512,0.9996
K_focal_aug_s3,K_focal_aug,05,3466.044,9586,1.593,0.092,4.012,0.9262,7.665,0.9938,47.572,0.9999
K_focal_aug_s3,K_focal_aug,06,3094.557,9989,3.585,0.1109,3.155,0.8344,7.309,0.9983,35.269,0.9889
K_focal_aug_s3,K_focal_aug,07,3776.918,8968,1.704,0.0939,3.944,0.8531,6.884,0.9904,97.164,0.9967
K_focal_aug_s3,K_focal_aug,08,1053.34,8585,2.385,0.1057,4.2,0.9032,8.814,0.9936,38.438,0.9993
K_focal_aug_s3,K_focal_aug,09,1909.78,8726,3.841,0.2322,4.578,0.9553,9.195,0.9997,63.212,1.0
K_focal_aug_s3,K_focal_aug,10,3906.415,9137,2.393,0.1709,4.573,0.9153,8.414,0.9971,94.637,0.9809
K_focal_aug_s3,K_focal_aug,11,4893.351,10456,1.539,0.1491,3.118,0.8517,5.818,0.9775,340.533,0.9995
K_focal_aug_s3,K_focal_aug,12,1865.439,8712,3.13,0.2411,3.913,0.8882,5.769,0.9855,43.554,0.9998
K_focal_aug_s3,K_focal_aug,13,2512.186,10186,2.287,0.2171,4.285,0.8751,6.732,0.9922,105.965,1.0
K_focal_aug_s3,K_focal_aug,14,5021.293,8358,2.212,0.2983,4.037,0.8965,6.4,0.9967,68.134,1.0
K_focal_aug_s3,K_focal_aug,15,4065.482,7651,2.289,0.2444,4.384,0.9308,6.19,0.9957,270.675,1.0
K_focal_aug_s3,K_focal_aug,16,5956.975,8812,3.192,0.4225,4.844,0.9263,7.782,0.9972,229.877,1.0
K_focal_aug_s3,K_focal_aug,17,1812.999,7984,3.979,0.2528,5.249,0.9442,5.844,0.9925,27.856,1.0
K_focal_aug_s3,K_focal_aug,18,5182.436,7659,4.562,0.4407,4.023,0.9364,7.481,0.9946,69.695,1.0
K_focal_aug_s3,K_focal_aug,19,5891.069,8476,3.892,0.3667,4.191,0.9522,7.969,0.9926,33.918,1.0
K_focal_aug_s3,K_focal_aug,20,2151.085,7373,4.49,0.4474,4.617,0.9708,8.668,0.9986,45.789,0.9999
K_focal_aug_s4,K_focal_aug,01,4840.062,9312,2.273,0.3112,4.346,0.9119,7.178,0.9702,108.135,0.9744
K_focal_aug_s4,K_focal_aug,02,2698.945,9289,2.411,0.2429,3.947,0.8518,10.076,0.9959,106.805,1.0
K_focal_aug_s4,K_focal_aug,03,542.777,9221,2.447,0.1334,5.129,0.8823,8.479,0.9758,38.359,0.9759
K_focal_aug_s4,K_focal_aug,04,2891.503,8926,2.967,0.0905,3.917,0.9037,7.658,0.9902,374.627,0.9946
K_focal_aug_s4,K_focal_aug,05,3212.233,9586,1.543,0.0891,3.948,0.9114,7.683,0.9961,47.572,0.9999
K_focal_aug_s4,K_focal_aug,06,2046.468,9989,4.025,0.1245,3.009,0.7958,7.277,0.9939,35.269,0.9889
K_focal_aug_s4,K_focal_aug,07,3470.84,8968,1.339,0.0738,3.85,0.8327,6.869,0.9882,76.517,0.7849
K_focal_aug_s4,K_focal_aug,08,664.012,8585,1.778,0.0788,4.075,0.8763,8.788,0.9906,38.437,0.9993
K_focal_aug_s4,K_focal_aug,09,1659.312,8726,3.57,0.2158,4.452,0.9292,9.133,0.993,63.173,0.9994
K_focal_aug_s4,K_focal_aug,10,3123.355,9137,1.871,0.1335,4.427,0.886,8.401,0.9955,94.637,0.9809
K_focal_aug_s4,K_focal_aug,11,3671.144,10456,1.029,0.0997,2.892,0.7901,5.807,0.9757,338.871,0.9946
K_focal_aug_s4,K_focal_aug,12,1602.709,8712,3.179,0.2449,3.714,0.8431,5.726,0.9783,43.552,0.9998
K_focal_aug_s4,K_focal_aug,13,1668.788,10186,1.859,0.1764,4.128,0.8429,6.65,0.98,105.928,0.9996
K_focal_aug_s4,K_focal_aug,14,4586.778,8358,1.786,0.2409,3.856,0.8565,6.405,0.9975,68.094,0.9994
K_focal_aug_s4,K_focal_aug,15,4246.695,7651,2.411,0.2575,4.234,0.8989,6.2,0.9973,270.675,1.0
K_focal_aug_s4,K_focal_aug,16,4935.11,8812,2.326,0.3079,4.741,0.9066,7.779,0.9967,229.877,1.0
K_focal_aug_s4,K_focal_aug,17,1776.803,7984,3.441,0.2186,5.071,0.9123,5.82,0.9884,27.85,0.9998
K_focal_aug_s4,K_focal_aug,18,4277.603,7659,3.508,0.3389,3.762,0.8756,7.444,0.9897,69.689,0.9999
K_focal_aug_s4,K_focal_aug,19,5172.415,8476,3.63,0.342,4.038,0.9174,7.998,0.9962,33.918,1.0
K_focal_aug_s4,K_focal_aug,20,741.821,7373,3.169,0.3158,4.556,0.958,8.623,0.9934,45.775,0.9996
K_focal_aug_s5,K_focal_aug,01,5605.555,9312,2.56,0.3505,4.436,0.9308,7.165,0.9684,108.807,0.9804
K_focal_aug_s5,K_focal_aug,02,5526.455,9289,2.372,0.239,4.076,0.8797,10.091,0.9975,106.805,1.0
K_focal_aug_s5,K_focal_aug,03,730.581,9221,2.244,0.1223,5.314,0.9142,8.572,0.9865,39.307,1.0
K_focal_aug_s5,K_focal_aug,04,2944.297,8926,2.944,0.0897,3.973,0.9167,7.688,0.9942,376.672,1.0
K_focal_aug_s5,K_focal_aug,05,3134.044,9586,1.403,0.081,3.984,0.9196,7.696,0.9979,47.577,1.0
K_focal_aug_s5,K_focal_aug,06,2261.636,9989,2.897,0.0896,3.13,0.8277,7.296,0.9965,35.532,0.9963
K_focal_aug_s5,K_focal_aug,07,3682.238,8968,1.397,0.077,3.976,0.8599,6.904,0.9932,91.465,0.9382
K_focal_aug_s5,K_focal_aug,08,944.687,8585,2.009,0.089,4.227,0.9088,8.802,0.9922,38.437,0.9993
K_focal_aug_s5,K_focal_aug,09,1797.673,8726,3.44,0.208,4.568,0.9533,9.195,0.9997,63.212,1.0
K_focal_aug_s5,K_focal_aug,10,1624.192,9137,1.936,0.1382,4.494,0.8995,8.401,0.9955,95.735,0.9923
K_focal_aug_s5,K_focal_aug,11,3736.439,10456,1.069,0.1036,2.989,0.8165,5.842,0.9816,340.694,1.0
K_focal_aug_s5,K_focal_aug,12,2017.822,8712,2.779,0.2141,3.812,0.8654,5.737,0.9801,43.552,0.9998
K_focal_aug_s5,K_focal_aug,13,2198.265,10186,2.223,0.2111,4.336,0.8855,6.725,0.9911,105.965,1.0
K_focal_aug_s5,K_focal_aug,14,5091.843,8358,1.811,0.2443,3.955,0.8785,6.402,0.9971,68.134,1.0
K_focal_aug_s5,K_focal_aug,15,4073.089,7651,2.562,0.2736,4.323,0.9179,6.184,0.9946,270.675,1.0
K_focal_aug_s5,K_focal_aug,16,5130.953,8812,2.346,0.3105,4.815,0.9207,7.78,0.9969,229.877,1.0
K_focal_aug_s5,K_focal_aug,17,1660.629,7984,3.597,0.2285,5.252,0.9448,5.832,0.9904,27.85,0.9998
K_focal_aug_s5,K_focal_aug,18,3903.39,7659,4.302,0.4156,3.943,0.9176,7.466,0.9927,69.689,0.9999
K_focal_aug_s5,K_focal_aug,19,4984.977,8476,3.31,0.3119,4.174,0.9483,8.002,0.9967,33.916,1.0
K_focal_aug_s5,K_focal_aug,20,1140.868,7373,3.3,0.3289,4.582,0.9634,8.627,0.9938,45.792,1.0
