run,config,image,min_size,dice,cldice,b0_pred,b0_gt,betti0_err,n,on,off,off_px,median_off
A_dice_s0,A_dice,01,0,0.8247256033493364,0.8590682651952699,96,9,87,96,45,51,303.0,2.0
A_dice_s0,A_dice,01,2,0.8249049890838522,0.8598890619580408,68,9,59,96,45,51,303.0,2.0
A_dice_s0,A_dice,01,5,0.8251023810680005,0.8606463603107601,47,9,38,96,45,51,303.0,2.0
A_dice_s0,A_dice,01,10,0.825128105338263,0.8604256566454359,31,9,22,96,45,51,303.0,2.0
A_dice_s0,A_dice,01,20,0.8254360441489621,0.8611007524753027,21,9,12,96,45,51,303.0,2.0
A_dice_s0,A_dice,01,50,0.8254274727971856,0.8594765523439244,8,9,1,96,45,51,303.0,2.0
A_dice_s0,A_dice,01,100,0.8252503693974717,0.8580704677832249,5,9,4,96,45,51,303.0,2.0
A_dice_s0,A_dice,02,0,0.8466001598531719,0.8452881824220507,99,4,95,99,49,50,251.0,3.0
A_dice_s0,A_dice,02,2,0.8466731811317403,0.8456932834600025,79,4,75,99,49,50,251.0,3.0
A_dice_s0,A_dice,02,5,0.8470431302801245,0.8469673024413646,53,4,49,99,49,50,251.0,3.0
A_dice_s0,A_dice,02,10,0.8481023935380412,0.8498812725965531,36,4,32,99,49,50,251.0,3.0
A_dice_s0,A_dice,02,20,0.8482898343463234,0.8494916280318847,20,4,16,99,49,50,251.0,3.0
A_dice_s0,A_dice,02,50,0.8483020453488198,0.8469687471011619,4,4,0,99,49,50,251.0,3.0
A_dice_s0,A_dice,02,100,0.8485422302374511,0.8458251330589606,3,4,1,99,49,50,251.0,3.0
A_dice_s0,A_dice,03,0,0.7786710844743296,0.764459860771975,106,1,105,106,56,50,416.0,5.0
A_dice_s0,A_dice,03,2,0.7786983786593885,0.7646832099518277,91,1,90,106,56,50,416.0,5.0
A_dice_s0,A_dice,03,5,0.7789251158630783,0.7657009533531574,70,1,69,106,56,50,416.0,5.0
A_dice_s0,A_dice,03,10,0.7796709561817886,0.7673834123331733,54,1,53,106,56,50,416.0,5.0
A_dice_s0,A_dice,03,20,0.7812551150685828,0.7710625053718912,34,1,33,106,56,50,416.0,5.0
A_dice_s0,A_dice,03,50,0.7811025186706189,0.7662010980807139,12,1,11,106,56,50,416.0,5.0
A_dice_s0,A_dice,03,100,0.7786986187385588,0.7587683578062496,7,1,6,106,56,50,416.0,5.0
A_dice_s0,A_dice,04,0,0.8209269901724079,0.7913185568133062,84,1,83,84,41,43,294.0,4.0
A_dice_s0,A_dice,04,2,0.820962035651109,0.7915248402751217,62,1,61,84,41,43,294.0,4.0
A_dice_s0,A_dice,04,5,0.8213464975742616,0.7928823960761359,47,1,46,84,41,43,294.0,4.0
A_dice_s0,A_dice,04,10,0.8215259784535661,0.7936495731172031,34,1,33,84,41,43,294.0,4.0
A_dice_s0,A_dice,04,20,0.8232115065588069,0.7974918125528206,19,1,18,84,41,43,294.0,4.0
A_dice_s0,A_dice,04,50,0.8236469149833824,0.7954805730562609,6,1,5,84,41,43,294.0,4.0
A_dice_s0,A_dice,04,100,0.8222026187881618,0.7898886936509112,2,1,1,84,41,43,294.0,4.0
A_dice_s0,A_dice,05,0,0.7990616854908775,0.7825569531431564,99,2,97,99,56,43,193.0,3.0
A_dice_s0,A_dice,05,2,0.7990752490048497,0.7826107850625064,78,2,76,99,56,43,193.0,3.0
A_dice_s0,A_dice,05,5,0.7993245830867249,0.7835626580835963,49,2,47,99,56,43,193.0,3.0
A_dice_s0,A_dice,05,10,0.7993585050378272,0.7831956033716145,36,2,34,99,56,43,193.0,3.0
A_dice_s0,A_dice,05,20,0.7985649282464123,0.780136466494838,20,2,18,99,56,43,193.0,3.0
A_dice_s0,A_dice,05,50,0.7970409511228533,0.7742092337685414,8,2,6,99,56,43,193.0,3.0
A_dice_s0,A_dice,05,100,0.7971460944692302,0.7720430260744219,4,2,2,99,56,43,193.0,3.0
A_dice_s0,A_dice,06,0,0.7939838392068989,0.7706751318756878,121,4,117,121,84,37,218.0,2.0
A_dice_s0,A_dice,06,2,0.7939278679616926,0.770609758959102,105,4,101,121,84,37,218.0,2.0
A_dice_s0,A_dice,06,5,0.7940455937393671,0.7711341800991901,65,4,61,121,84,37,218.0,2.0
A_dice_s0,A_dice,06,10,0.7944126074498568,0.7715686833750579,43,4,39,121,84,37,218.0,2.0
A_dice_s0,A_dice,06,20,0.7933451884276042,0.7685961287545785,34,4,30,121,84,37,218.0,2.0
A_dice_s0,A_dice,06,50,0.7907234337140879,0.7602153538806424,11,4,7,121,84,37,218.0,2.0
A_dice_s0,A_dice,06,100,0.7876497631652271,0.7519853390639191,5,4,1,121,84,37,218.0,2.0
A_dice_s0,A_dice,07,0,0.8039874118743298,0.7901636494907297,132,2,130,132,56,76,430.0,3.0
A_dice_s0,A_dice,07,2,0.8042285231830015,0.7911596634711288,105,2,103,132,56,76,430.0,3.0
A_dice_s0,A_dice,07,5,0.8051170002819283,0.7944110086724503,69,2,67,132,56,76,430.0,3.0
A_dice_s0,A_dice,07,10,0.8055192396028409,0.7956040434556547,47,2,45,132,56,76,430.0,3.0
A_dice_s0,A_dice,07,20,0.8063169488213454,0.7969853808998968,25,2,23,132,56,76,430.0,3.0
A_dice_s0,A_dice,07,50,0.8055450942414949,0.7907986337045878,8,2,6,132,56,76,430.0,3.0
A_dice_s0,A_dice,07,100,0.802707300300409,0.7807981343328622,1,2,1,132,56,76,430.0,3.0
A_dice_s0,A_dice,08,0,0.7839728403812792,0.7732598208132322,125,3,122,125,58,67,425.0,4.0
A_dice_s0,A_dice,08,2,0.7840253802370066,0.7735367931542155,101,3,98,125,58,67,425.0,4.0
A_dice_s0,A_dice,08,5,0.7849128581045702,0.7765291523922798,67,3,64,125,58,67,425.0,4.0
A_dice_s0,A_dice,08,10,0.785696874238248,0.7782274878764752,46,3,43,125,58,67,425.0,4.0
A_dice_s0,A_dice,08,20,0.7873562136415837,0.7821455479535819,31,3,28,125,58,67,425.0,4.0
A_dice_s0,A_dice,08,50,0.7879605013292822,0.7811894326222668,14,3,11,125,58,67,425.0,4.0
A_dice_s0,A_dice,08,100,0.7859661224802637,0.7726681526624498,7,3,4,125,58,67,425.0,4.0
A_dice_s0,A_dice,09,0,0.7928624356637894,0.7940042912618791,86,3,83,86,54,32,112.0,2.0
A_dice_s0,A_dice,09,2,0.7928195059403362,0.7939120458884766,66,3,63,86,54,32,112.0,2.0
A_dice_s0,A_dice,09,5,0.7929070047340127,0.7945226386399188,42,3,39,86,54,32,112.0,2.0
A_dice_s0,A_dice,09,10,0.7932967629151848,0.7957680866699668,28,3,25,86,54,32,112.0,2.0
A_dice_s0,A_dice,09,20,0.7930964958264446,0.7947614286792208,17,3,14,86,54,32,112.0,2.0
A_dice_s0,A_dice,09,50,0.7909776264591439,0.7892209180309202,9,3,6,86,54,32,112.0,2.0
A_dice_s0,A_dice,09,100,0.787442078834024,0.7822165879599307,4,3,1,86,54,32,112.0,2.0
A_dice_s0,A_dice,10,0,0.8012203970010976,0.7756594627309282,107,3,104,107,46,61,260.0,2.0
A_dice_s0,A_dice,10,2,0.8014070875521143,0.7763570018430365,82,3,79,107,46,61,260.0,2.0
A_dice_s0,A_dice,10,5,0.8023112767940355,0.7791695162365211,53,3,50,107,46,61,260.0,2.0
A_dice_s0,A_dice,10,10,0.8033699469476201,0.7819330592838706,36,3,33,107,46,61,260.0,2.0
A_dice_s0,A_dice,10,20,0.8031708551189071,0.7802936573507642,24,3,21,107,46,61,260.0,2.0
A_dice_s0,A_dice,10,50,0.8025898520084567,0.7764826108334799,11,3,8,107,46,61,260.0,2.0
A_dice_s0,A_dice,10,100,0.8012092864069363,0.7702038350325068,5,3,2,107,46,61,260.0,2.0
A_dice_s0,A_dice,11,0,0.8059646104279473,0.7771523238084066,108,3,105,108,56,52,360.0,4.0
A_dice_s0,A_dice,11,2,0.8060678669658978,0.7775428756197067,88,3,85,108,56,52,360.0,4.0
A_dice_s0,A_dice,11,5,0.8064663254446865,0.7785088965714949,67,3,64,108,56,52,360.0,4.0
A_dice_s0,A_dice,11,10,0.8067465962202804,0.7793141925638143,45,3,42,108,56,52,360.0,4.0
A_dice_s0,A_dice,11,20,0.8082503652859424,0.7825990501570765,29,3,26,108,56,52,360.0,4.0
A_dice_s0,A_dice,11,50,0.808627653175217,0.7784460305477807,6,3,3,108,56,52,360.0,4.0
A_dice_s0,A_dice,11,100,0.8086095566078347,0.7777126184231239,4,3,1,108,56,52,360.0,4.0
A_dice_s0,A_dice,12,0,0.8218094072142084,0.8377246852166323,75,1,74,75,33,42,302.0,3.5
A_dice_s0,A_dice,12,2,0.8218507081248003,0.8379019219079791,60,1,59,75,33,42,302.0,3.5
A_dice_s0,A_dice,12,5,0.8220331456383111,0.8387753131152613,41,1,40,75,33,42,302.0,3.5
A_dice_s0,A_dice,12,10,0.8228172624982196,0.8413339858007297,22,1,21,75,33,42,302.0,3.5
A_dice_s0,A_dice,12,20,0.8234202733078817,0.8432024182719823,13,1,12,75,33,42,302.0,3.5
A_dice_s0,A_dice,12,50,0.8230809156479874,0.8428581309847267,7,1,6,75,33,42,302.0,3.5
A_dice_s0,A_dice,12,100,0.8234723569350145,0.8417320067505734,4,1,3,75,33,42,302.0,3.5
A_dice_s0,A_dice,13,0,0.8126982093090304,0.7931890559250654,123,6,117,123,71,52,352.0,4.0
A_dice_s0,A_dice,13,2,0.8126261817016504,0.7931864381259397,99,6,93,123,71,52,352.0,4.0
A_dice_s0,A_dice,13,5,0.8128990855125943,0.7941969696107606,72,6,66,123,71,52,352.0,4.0
A_dice_s0,A_dice,13,10,0.812962367320682,0.7940013632282786,50,6,44,123,71,52,352.0,4.0
A_dice_s0,A_dice,13,20,0.8142866382098047,0.7952681627082413,25,6,19,123,71,52,352.0,4.0
A_dice_s0,A_dice,13,50,0.8133750081396106,0.7910905734838871,11,6,5,123,71,52,352.0,4.0
A_dice_s0,A_dice,13,100,0.8110533929510784,0.7824686124293873,2,6,4,123,71,52,352.0,4.0
A_dice_s0,A_dice,14,0,0.8113549134622348,0.8163997145081824,89,1,88,89,25,64,608.0,3.0
A_dice_s0,A_dice,14,2,0.8116340981943967,0.8174010724327824,70,1,69,89,25,64,608.0,3.0
A_dice_s0,A_dice,14,5,0.8119820848972783,0.8189689563419531,45,1,44,89,25,64,608.0,3.0
A_dice_s0,A_dice,14,10,0.8127507397389584,0.8208876567712011,35,1,34,89,25,64,608.0,3.0
A_dice_s0,A_dice,14,20,0.8142997560886818,0.8243242503101059,23,1,22,89,25,64,608.0,3.0
A_dice_s0,A_dice,14,50,0.8167675655842964,0.8263639748689368,8,1,7,89,25,64,608.0,3.0
A_dice_s0,A_dice,14,100,0.8149162073175243,0.8185833208032041,2,1,1,89,25,64,608.0,3.0
A_dice_s0,A_dice,15,0,0.7860543155923209,0.8067907795911947,135,2,133,135,29,106,1354.0,4.5
A_dice_s0,A_dice,15,2,0.7864295613812489,0.808199457217544,108,2,106,135,29,106,1354.0,4.5
A_dice_s0,A_dice,15,5,0.7874095796676441,0.8113090600668227,78,2,76,135,29,106,1354.0,4.5
A_dice_s0,A_dice,15,10,0.7886688884532445,0.8138186969333951,58,2,56,135,29,106,1354.0,4.5
A_dice_s0,A_dice,15,20,0.7923269720352865,0.8212253627482948,34,2,32,135,29,106,1354.0,4.5
A_dice_s0,A_dice,15,50,0.7978240435191296,0.8296994763456128,12,2,10,135,29,106,1354.0,4.5
A_dice_s0,A_dice,15,100,0.7984899870801033,0.8264737732040882,4,2,2,135,29,106,1354.0,4.5
A_dice_s0,A_dice,16,0,0.8330607496332766,0.8622039038845041,80,2,78,80,31,49,520.0,6.0
A_dice_s0,A_dice,16,2,0.8330691132323675,0.8624302765134183,65,2,63,80,31,49,520.0,6.0
A_dice_s0,A_dice,16,5,0.8331476793248945,0.8628606782760624,50,2,48,80,31,49,520.0,6.0
A_dice_s0,A_dice,16,10,0.8338375728893772,0.864957975533368,37,2,35,80,31,49,520.0,6.0
A_dice_s0,A_dice,16,20,0.8348648740293649,0.8678646716671701,24,2,22,80,31,49,520.0,6.0
A_dice_s0,A_dice,16,50,0.8352878738593758,0.8706778251110374,4,2,2,80,31,49,520.0,6.0
A_dice_s0,A_dice,16,100,0.8338714109080918,0.8674748491000563,1,2,1,80,31,49,520.0,6.0
A_dice_s0,A_dice,17,0,0.8160422670509125,0.8309330597855763,99,1,98,99,43,56,405.0,4.0
A_dice_s0,A_dice,17,2,0.8161439949734814,0.83137651693411,80,1,79,99,43,56,405.0,4.0
A_dice_s0,A_dice,17,5,0.816656492221174,0.8332004212773901,61,1,60,99,43,56,405.0,4.0
A_dice_s0,A_dice,17,10,0.8170141784820684,0.8341280668442973,46,1,45,99,43,56,405.0,4.0
A_dice_s0,A_dice,17,20,0.8179341741921039,0.8367911049215165,20,1,19,99,43,56,405.0,4.0
A_dice_s0,A_dice,17,50,0.8164108729547461,0.8347888312580555,8,1,7,99,43,56,405.0,4.0
A_dice_s0,A_dice,17,100,0.8137316027130684,0.8294361836520528,4,1,3,99,43,56,405.0,4.0
A_dice_s0,A_dice,18,0,0.8183688941839056,0.865906817052402,70,3,67,70,22,48,366.0,3.5
A_dice_s0,A_dice,18,2,0.81852487135506,0.8665167237890462,57,3,54,70,22,48,366.0,3.5
A_dice_s0,A_dice,18,5,0.818907881898016,0.8680808511789044,40,3,37,70,22,48,366.0,3.5
A_dice_s0,A_dice,18,10,0.8196875622250783,0.8708177030825702,25,3,22,70,22,48,366.0,3.5
A_dice_s0,A_dice,18,20,0.8199147546930262,0.8711118395278119,17,3,14,70,22,48,366.0,3.5
A_dice_s0,A_dice,18,50,0.820502512562814,0.8731363757182004,4,3,1,70,22,48,366.0,3.5
A_dice_s0,A_dice,18,100,0.8194271481942715,0.8702181176718269,2,3,1,70,22,48,366.0,3.5
A_dice_s0,A_dice,19,0,0.8540314709860795,0.8770344139867984,93,5,88,93,31,62,647.0,6.5
A_dice_s0,A_dice,19,2,0.8541773712876375,0.87757405389038,76,5,71,93,31,62,647.0,6.5
A_dice_s0,A_dice,19,5,0.8546062216128203,0.8790925965774733,60,5,55,93,31,62,647.0,6.5
A_dice_s0,A_dice,19,10,0.8553033684716547,0.8809983494162474,46,5,41,93,31,62,647.0,6.5
A_dice_s0,A_dice,19,20,0.8576601431157859,0.8864392840215496,27,5,22,93,31,62,647.0,6.5
A_dice_s0,A_dice,19,50,0.8613541666666666,0.8934209595199407,13,5,8,93,31,62,647.0,6.5
A_dice_s0,A_dice,19,100,0.859348469200203,0.8889921608038035,6,5,1,93,31,62,647.0,6.5
A_dice_s0,A_dice,20,0,0.8036384309266629,0.8337396111753353,110,3,107,110,28,82,957.0,7.5
A_dice_s0,A_dice,20,2,0.8038520596765938,0.8345251640990754,91,3,88,110,28,82,957.0,7.5
A_dice_s0,A_dice,20,5,0.8044868753202877,0.8366672817863074,70,3,67,110,28,82,957.0,7.5
A_dice_s0,A_dice,20,10,0.8058797768426664,0.8410345522504639,47,3,44,110,28,82,957.0,7.5
A_dice_s0,A_dice,20,20,0.806685130360042,0.8428155387044787,35,3,32,110,28,82,957.0,7.5
A_dice_s0,A_dice,20,50,0.8140360405795977,0.8593582020469087,8,3,5,110,28,82,957.0,7.5
A_dice_s0,A_dice,20,100,0.81251095487565,0.8565939285019777,5,3,2,110,28,82,957.0,7.5
B_cldice_s0,B_cldice,01,0,0.8235835289638982,0.862148068457539,60,9,51,60,28,32,203.0,5.0
B_cldice_s0,B_cldice,01,2,0.8236301913131762,0.8623339240395591,54,9,45,60,28,32,203.0,5.0
B_cldice_s0,B_cldice,01,5,0.823865530212847,0.8631106902917006,42,9,33,60,28,32,203.0,5.0
B_cldice_s0,B_cldice,01,10,0.8244769575370539,0.8647710611451033,33,9,24,60,28,32,203.0,5.0
B_cldice_s0,B_cldice,01,20,0.8256497697321243,0.8677504406676225,18,9,9,60,28,32,203.0,5.0
B_cldice_s0,B_cldice,01,50,0.8249779559118237,0.8646880226964319,6,9,3,60,28,32,203.0,5.0
B_cldice_s0,B_cldice,01,100,0.8236770146372848,0.8620092892725146,3,9,6,60,28,32,203.0,5.0
B_cldice_s0,B_cldice,02,0,0.8477015671793678,0.8472415570393338,59,4,55,59,31,28,164.0,3.0
B_cldice_s0,B_cldice,02,2,0.8477587635760916,0.8474704958065621,52,4,48,59,31,28,164.0,3.0
B_cldice_s0,B_cldice,02,5,0.8479902238903679,0.8485287773013166,36,4,32,59,31,28,164.0,3.0
B_cldice_s0,B_cldice,02,10,0.8484283780045715,0.8500191303131337,28,4,24,59,31,28,164.0,3.0
B_cldice_s0,B_cldice,02,20,0.8484875029198785,0.8498773731804777,13,4,9,59,31,28,164.0,3.0
B_cldice_s0,B_cldice,02,50,0.848918123086389,0.8497635549564649,5,4,1,59,31,28,164.0,3.0
B_cldice_s0,B_cldice,02,100,0.8490590983209202,0.8482483599382312,3,4,1,59,31,28,164.0,3.0
B_cldice_s0,B_cldice,03,0,0.7942076084878609,0.7777306046180816,84,1,83,84,47,37,297.0,3.0
B_cldice_s0,B_cldice,03,2,0.7942380929617413,0.7779773717731582,69,1,68,84,47,37,297.0,3.0
B_cldice_s0,B_cldice,03,5,0.794386412566781,0.7785611744121601,49,1,48,84,47,37,297.0,3.0
B_cldice_s0,B_cldice,03,10,0.7946613876560554,0.7791070588034044,38,1,37,84,47,37,297.0,3.0
B_cldice_s0,B_cldice,03,20,0.7950877417702062,0.779382611158312,26,1,25,84,47,37,297.0,3.0
B_cldice_s0,B_cldice,03,50,0.7941166983840273,0.7740810514348754,10,1,9,84,47,37,297.0,3.0
B_cldice_s0,B_cldice,03,100,0.7947338480292564,0.7705548759132645,4,1,3,84,47,37,297.0,3.0
B_cldice_s0,B_cldice,04,0,0.8239554036074574,0.7940911819468375,45,1,44,45,32,13,138.0,4.0
B_cldice_s0,B_cldice,04,2,0.8238979939025417,0.793948106346653,37,1,36,45,32,13,138.0,4.0
B_cldice_s0,B_cldice,04,5,0.8239617044228694,0.7942469707622419,24,1,23,45,32,13,138.0,4.0
B_cldice_s0,B_cldice,04,10,0.8236643668078072,0.793485781053701,16,1,15,45,32,13,138.0,4.0
B_cldice_s0,B_cldice,04,20,0.823886947272451,0.7939087239381706,12,1,11,45,32,13,138.0,4.0
B_cldice_s0,B_cldice,04,50,0.8248480436144456,0.7945668978652366,7,1,6,45,32,13,138.0,4.0
B_cldice_s0,B_cldice,04,100,0.8239759015640157,0.7897072220883798,2,1,1,45,32,13,138.0,4.0
B_cldice_s0,B_cldice,05,0,0.8093108666451295,0.7842976850325661,53,2,51,53,31,22,149.0,5.5
B_cldice_s0,B_cldice,05,2,0.8093319049805302,0.7843719561173429,49,2,47,53,31,22,149.0,5.5
B_cldice_s0,B_cldice,05,5,0.8095213788644445,0.7848637943090992,36,2,34,53,31,22,149.0,5.5
B_cldice_s0,B_cldice,05,10,0.80970625798212,0.7849958902486496,29,2,27,53,31,22,149.0,5.5
B_cldice_s0,B_cldice,05,20,0.8106751357442885,0.7868263834843566,17,2,15,53,31,22,149.0,5.5
B_cldice_s0,B_cldice,05,50,0.8096105592410545,0.7825519836621357,5,2,3,53,31,22,149.0,5.5
B_cldice_s0,B_cldice,05,100,0.8089031412709906,0.7802112579807633,2,2,0,53,31,22,149.0,5.5
B_cldice_s0,B_cldice,06,0,0.7993822497523962,0.773616736815366,77,4,73,77,49,28,137.0,1.5
B_cldice_s0,B_cldice,06,2,0.7995298463605071,0.7741211535115392,61,4,57,77,49,28,137.0,1.5
B_cldice_s0,B_cldice,06,5,0.7994420074286963,0.7741335953237849,42,4,38,77,49,28,137.0,1.5
B_cldice_s0,B_cldice,06,10,0.7991716334983332,0.773104742117429,27,4,23,77,49,28,137.0,1.5
B_cldice_s0,B_cldice,06,20,0.7992987424564243,0.7733271359145618,21,4,17,77,49,28,137.0,1.5
B_cldice_s0,B_cldice,06,50,0.7983641053489003,0.7689374776250427,8,4,4,77,49,28,137.0,1.5
B_cldice_s0,B_cldice,06,100,0.795217302312888,0.7607073156322599,3,4,1,77,49,28,137.0,1.5
B_cldice_s0,B_cldice,07,0,0.8125,0.7962584952774051,75,2,73,75,36,39,205.0,4.0
B_cldice_s0,B_cldice,07,2,0.8125239038976392,0.796425378065317,61,2,59,75,36,39,205.0,4.0
B_cldice_s0,B_cldice,07,5,0.8129589031562098,0.7976987930986787,44,2,42,75,36,39,205.0,4.0
B_cldice_s0,B_cldice,07,10,0.8137916601266154,0.7999615021335832,25,2,23,75,36,39,205.0,4.0
B_cldice_s0,B_cldice,07,20,0.8142679705403845,0.7997456147765957,13,2,11,75,36,39,205.0,4.0
B_cldice_s0,B_cldice,07,50,0.8135205518018018,0.7960575163658717,3,2,1,75,36,39,205.0,4.0
B_cldice_s0,B_cldice,07,100,0.8133711607252991,0.7945912986043815,2,2,0,75,36,39,205.0,4.0
B_cldice_s0,B_cldice,08,0,0.7923017592830646,0.7804912159024946,102,3,99,102,58,44,289.0,3.5
B_cldice_s0,B_cldice,08,2,0.7922982233735693,0.7806418866292977,77,3,74,102,58,44,289.0,3.5
B_cldice_s0,B_cldice,08,5,0.7922314383977341,0.7806020002236539,57,3,54,102,58,44,289.0,3.5
B_cldice_s0,B_cldice,08,10,0.7930202133736249,0.7822946407612695,41,3,38,102,58,44,289.0,3.5
B_cldice_s0,B_cldice,08,20,0.79320029563932,0.7819519482824063,29,3,26,102,58,44,289.0,3.5
B_cldice_s0,B_cldice,08,50,0.7920116357126874,0.7767115376831596,12,3,9,102,58,44,289.0,3.5
B_cldice_s0,B_cldice,08,100,0.7906173766185025,0.7717448356996468,7,3,4,102,58,44,289.0,3.5
B_cldice_s0,B_cldice,09,0,0.7982192936008315,0.7956980649172927,64,3,61,64,45,19,52.0,1.0
B_cldice_s0,B_cldice,09,2,0.7983443838518577,0.7962035433654432,51,3,48,64,45,19,52.0,1.0
B_cldice_s0,B_cldice,09,5,0.7982173708182818,0.7962052030949321,38,3,35,64,45,19,52.0,1.0
B_cldice_s0,B_cldice,09,10,0.7979413035791458,0.7954633334410316,33,3,30,64,45,19,52.0,1.0
B_cldice_s0,B_cldice,09,20,0.7974566428473001,0.794135898324673,25,3,22,64,45,19,52.0,1.0
B_cldice_s0,B_cldice,09,50,0.7940260616037604,0.7871921880805604,14,3,11,64,45,19,52.0,1.0
B_cldice_s0,B_cldice,09,100,0.7924204989240455,0.7820063257649376,10,3,7,64,45,19,52.0,1.0
B_cldice_s0,B_cldice,10,0,0.8044076131499863,0.7845756268709008,78,3,75,78,40,38,210.0,3.0
B_cldice_s0,B_cldice,10,2,0.804562100315193,0.785176835356493,60,3,57,78,40,38,210.0,3.0
B_cldice_s0,B_cldice,10,5,0.8047188388884837,0.7854800282624161,45,3,42,78,40,38,210.0,3.0
B_cldice_s0,B_cldice,10,10,0.8049150097679428,0.7861370681485882,34,3,31,78,40,38,210.0,3.0
B_cldice_s0,B_cldice,10,20,0.8057382605668639,0.7868471837461153,20,3,17,78,40,38,210.0,3.0
B_cldice_s0,B_cldice,10,50,0.8057174474363703,0.7838787585766531,8,3,5,78,40,38,210.0,3.0
B_cldice_s0,B_cldice,10,100,0.8049490808584837,0.7791798018666752,4,3,1,78,40,38,210.0,3.0
B_cldice_s0,B_cldice,11,0,0.8060806345009914,0.7831939581028524,70,3,67,70,35,35,174.0,2.0
B_cldice_s0,B_cldice,11,2,0.8062479338842975,0.7838051962727562,50,3,47,70,35,35,174.0,2.0
B_cldice_s0,B_cldice,11,5,0.8063961371829216,0.7842772766852399,40,3,37,70,35,35,174.0,2.0
B_cldice_s0,B_cldice,11,10,0.8066951425449489,0.7853261503093616,30,3,27,70,35,35,174.0,2.0
B_cldice_s0,B_cldice,11,20,0.8073954823826199,0.7863449526621866,19,3,16,70,35,35,174.0,2.0
B_cldice_s0,B_cldice,11,50,0.8073630279868493,0.7854854380522686,6,3,3,70,35,35,174.0,2.0
B_cldice_s0,B_cldice,11,100,0.8072500878646383,0.7836541144865948,3,3,0,70,35,35,174.0,2.0
B_cldice_s0,B_cldice,12,0,0.8218733080671359,0.8363034957142688,72,1,71,72,37,35,227.0,4.0
B_cldice_s0,B_cldice,12,2,0.8219058433050922,0.8364488365535669,60,1,59,72,37,35,227.0,4.0
B_cldice_s0,B_cldice,12,5,0.822146829421846,0.8373047592516457,40,1,39,72,37,35,227.0,4.0
B_cldice_s0,B_cldice,12,10,0.8223300460684195,0.8375546657174622,27,1,26,72,37,35,227.0,4.0
B_cldice_s0,B_cldice,12,20,0.823409669211196,0.8400466675300906,19,1,18,72,37,35,227.0,4.0
B_cldice_s0,B_cldice,12,50,0.8228543178487561,0.8377205420838886,7,1,6,72,37,35,227.0,4.0
B_cldice_s0,B_cldice,12,100,0.8218257686935304,0.8365064775031036,6,1,5,72,37,35,227.0,4.0
B_cldice_s0,B_cldice,13,0,0.813693011516012,0.7954056176156828,82,6,76,82,48,34,228.0,2.0
B_cldice_s0,B_cldice,13,2,0.8137652460671853,0.7957253681837508,69,6,63,82,48,34,228.0,2.0
B_cldice_s0,B_cldice,13,5,0.8138333991314647,0.7960435968576006,48,6,42,82,48,34,228.0,2.0
B_cldice_s0,B_cldice,13,10,0.8139531208016564,0.7964097212626716,39,6,33,82,48,34,228.0,2.0
B_cldice_s0,B_cldice,13,20,0.8138022898100282,0.7954027008728113,23,6,17,82,48,34,228.0,2.0
B_cldice_s0,B_cldice,13,50,0.8139787696636398,0.7938040175018638,7,6,1,82,48,34,228.0,2.0
B_cldice_s0,B_cldice,13,100,0.8130850139920872,0.7881514837249356,2,6,4,82,48,34,228.0,2.0
B_cldice_s0,B_cldice,14,0,0.8106624158696423,0.8238016512156605,77,1,76,77,25,52,580.0,4.5
B_cldice_s0,B_cldice,14,2,0.8107772975271027,0.8242277573891873,69,1,68,77,25,52,580.0,4.5
B_cldice_s0,B_cldice,14,5,0.8114549162159765,0.8266246723781746,49,1,48,77,25,52,580.0,4.5
B_cldice_s0,B_cldice,14,10,0.812794313638383,0.8296656002087754,30,1,29,77,25,52,580.0,4.5
B_cldice_s0,B_cldice,14,20,0.8136184140310933,0.8311290570611095,26,1,25,77,25,52,580.0,4.5
B_cldice_s0,B_cldice,14,50,0.8147670019543507,0.8309549139030475,11,1,10,77,25,52,580.0,4.5
B_cldice_s0,B_cldice,14,100,0.8135397911415196,0.8284653220837238,8,1,7,77,25,52,580.0,4.5
B_cldice_s0,B_cldice,15,0,0.7895782396088019,0.8265834454298685,91,2,89,91,15,76,1171.0,7.5
B_cldice_s0,B_cldice,15,2,0.7896828429499427,0.8270709617566597,79,2,77,91,15,76,1171.0,7.5
B_cldice_s0,B_cldice,15,5,0.7903321414230262,0.8292166897007703,64,2,62,91,15,76,1171.0,7.5
B_cldice_s0,B_cldice,15,10,0.7917505223008069,0.832568192193073,44,2,42,91,15,76,1171.0,7.5
B_cldice_s0,B_cldice,15,20,0.7958912293549693,0.8399153153362141,25,2,23,91,15,76,1171.0,7.5
B_cldice_s0,B_cldice,15,50,0.8007390120575651,0.8458530895527184,9,2,7,91,15,76,1171.0,7.5
B_cldice_s0,B_cldice,15,100,0.8039724680432645,0.8429161321102105,2,2,0,91,15,76,1171.0,7.5
B_cldice_s0,B_cldice,16,0,0.8335879891051617,0.8660028543710433,72,2,70,72,24,48,400.0,4.0
B_cldice_s0,B_cldice,16,2,0.8337624798578003,0.8666407627524807,57,2,55,72,24,48,400.0,4.0
B_cldice_s0,B_cldice,16,5,0.8340704286236824,0.8681927124969555,40,2,38,72,24,48,400.0,4.0
B_cldice_s0,B_cldice,16,10,0.8344265024138505,0.8701115738253392,28,2,26,72,24,48,400.0,4.0
B_cldice_s0,B_cldice,16,20,0.8350716753166564,0.8725250507379022,17,2,15,72,24,48,400.0,4.0
B_cldice_s0,B_cldice,16,50,0.8349563465413029,0.8735417345607824,4,2,2,72,24,48,400.0,4.0
B_cldice_s0,B_cldice,16,100,0.8346122778675282,0.8722893694406827,2,2,0,72,24,48,400.0,4.0
B_cldice_s0,B_cldice,17,0,0.813072615441109,0.8354458075534235,74,1,73,74,43,31,289.0,5.0
B_cldice_s0,B_cldice,17,2,0.8130382884950876,0.8354755101412235,64,1,63,74,43,31,289.0,5.0
B_cldice_s0,B_cldice,17,5,0.8131500606416995,0.8362249512588389,48,1,47,74,43,31,289.0,5.0
B_cldice_s0,B_cldice,17,10,0.812744014732965,0.8361294781965212,30,1,29,74,43,31,289.0,5.0
B_cldice_s0,B_cldice,17,20,0.8134172681792169,0.8377837145867638,20,1,19,74,43,31,289.0,5.0
B_cldice_s0,B_cldice,17,50,0.8122067475981232,0.8371239713412514,7,1,6,74,43,31,289.0,5.0
B_cldice_s0,B_cldice,17,100,0.8099572034611,0.8315184023842062,4,1,3,74,43,31,289.0,5.0
B_cldice_s0,B_cldice,18,0,0.8180237098033648,0.8698530041024258,62,3,59,62,20,42,376.0,7.0
B_cldice_s0,B_cldice,18,2,0.8180833880615559,0.8701751661838065,53,3,50,62,20,42,376.0,7.0
B_cldice_s0,B_cldice,18,5,0.8182996785479603,0.8710038675942232,42,3,39,62,20,42,376.0,7.0
B_cldice_s0,B_cldice,18,10,0.8198016982038913,0.8759304194258768,24,3,21,62,20,42,376.0,7.0
B_cldice_s0,B_cldice,18,20,0.8202904756806909,0.8780091495783222,14,3,11,62,20,42,376.0,7.0
B_cldice_s0,B_cldice,18,50,0.8197144701915489,0.8780577410749818,5,3,2,62,20,42,376.0,7.0
B_cldice_s0,B_cldice,18,100,0.8185093122951115,0.8748813163920184,2,3,1,62,20,42,376.0,7.0
B_cldice_s0,B_cldice,19,0,0.841403567540407,0.8721390102572729,80,5,75,80,28,52,556.0,4.0
B_cldice_s0,B_cldice,19,2,0.841486296321115,0.8724713267767328,67,5,62,80,28,52,556.0,4.0
B_cldice_s0,B_cldice,19,5,0.8421970649895179,0.8750911600828936,43,5,38,80,28,52,556.0,4.0
B_cldice_s0,B_cldice,19,10,0.8427254872337211,0.8767235996772338,34,5,29,80,28,52,556.0,4.0
B_cldice_s0,B_cldice,19,20,0.8436527560512018,0.8784179879633434,25,5,20,80,28,52,556.0,4.0
B_cldice_s0,B_cldice,19,50,0.8470528369095073,0.8851000367316967,10,5,5,80,28,52,556.0,4.0
B_cldice_s0,B_cldice,19,100,0.8454492634744865,0.8808883338536788,4,5,1,80,28,52,556.0,4.0
B_cldice_s0,B_cldice,20,0,0.8041569745629173,0.8435843096193644,83,3,80,83,22,61,611.0,4.0
B_cldice_s0,B_cldice,20,2,0.8043237562632537,0.8443659516973755,62,3,59,83,22,61,611.0,4.0
B_cldice_s0,B_cldice,20,5,0.8046508133288253,0.8459557364662432,43,3,40,83,22,61,611.0,4.0
B_cldice_s0,B_cldice,20,10,0.805471925334939,0.8485811964745382,30,3,27,83,22,61,611.0,4.0
B_cldice_s0,B_cldice,20,20,0.8069665635142275,0.8524649444980148,18,3,15,83,22,61,611.0,4.0
B_cldice_s0,B_cldice,20,50,0.8097447795823666,0.859068064490478,6,3,3,83,22,61,611.0,4.0
B_cldice_s0,B_cldice,20,100,0.8092858232870441,0.858558965367202,4,3,1,83,22,61,611.0,4.0
C_boundary_s0,C_boundary,01,0,0.8241099071207431,0.8577354838264585,86,9,77,86,50,36,134.0,2.0
C_boundary_s0,C_boundary,01,2,0.8240740740740741,0.8578641854616951,62,9,53,86,50,36,134.0,2.0
C_boundary_s0,C_boundary,01,5,0.8243540051679586,0.8588277756350557,36,9,27,86,50,36,134.0,2.0
C_boundary_s0,C_boundary,01,10,0.8244992968333252,0.8591484491281618,28,9,19,86,50,36,134.0,2.0
C_boundary_s0,C_boundary,01,20,0.8250016209557155,0.8602810536983606,16,9,7,86,50,36,134.0,2.0
C_boundary_s0,C_boundary,01,50,0.8252315003173467,0.8604204757821919,8,9,1,86,50,36,134.0,2.0
C_boundary_s0,C_boundary,01,100,0.8229966979435708,0.8556684817401501,3,9,6,86,50,36,134.0,2.0
C_boundary_s0,C_boundary,02,0,0.8521619485347932,0.8485598227107306,98,4,94,98,45,53,227.0,2.0
C_boundary_s0,C_boundary,02,2,0.8522564207690281,0.849110276117196,74,4,70,98,45,53,227.0,2.0
C_boundary_s0,C_boundary,02,5,0.852799319777755,0.8510120335772546,43,4,39,98,45,53,227.0,2.0
C_boundary_s0,C_boundary,02,10,0.8528543523917226,0.8509511493093903,25,4,21,98,45,53,227.0,2.0
C_boundary_s0,C_boundary,02,20,0.8537715723344466,0.8530879629873155,17,4,13,98,45,53,227.0,2.0
C_boundary_s0,C_boundary,02,50,0.8538627688848123,0.8512320297105241,5,4,1,98,45,53,227.0,2.0
C_boundary_s0,C_boundary,02,100,0.8538627688848123,0.8512320297105241,5,4,1,98,45,53,227.0,2.0
C_boundary_s0,C_boundary,03,0,0.7943403490759754,0.7766689265632817,97,1,96,97,60,37,177.0,3.0
C_boundary_s0,C_boundary,03,2,0.7943640273453798,0.7768268456246731,75,1,74,97,60,37,177.0,3.0
C_boundary_s0,C_boundary,03,5,0.7942872748887496,0.7764831052645685,51,1,50,97,60,37,177.0,3.0
C_boundary_s0,C_boundary,03,10,0.7945143740141004,0.7770225680265643,34,1,33,97,60,37,177.0,3.0
C_boundary_s0,C_boundary,03,20,0.7943861913211808,0.7758746363622776,24,1,23,97,60,37,177.0,3.0
C_boundary_s0,C_boundary,03,50,0.7933331167354365,0.7703935191803222,10,1,9,97,60,37,177.0,3.0
C_boundary_s0,C_boundary,03,100,0.7920840539041342,0.7663943461543229,6,1,5,97,60,37,177.0,3.0
C_boundary_s0,C_boundary,04,0,0.827631690200389,0.7986573610911271,62,1,61,62,41,21,101.0,3.0
C_boundary_s0,C_boundary,04,2,0.8276305329567174,0.7987289539869359,50,1,49,62,41,21,101.0,3.0
C_boundary_s0,C_boundary,04,5,0.8276293964320774,0.7988320177712633,36,1,35,62,41,21,101.0,3.0
C_boundary_s0,C_boundary,04,10,0.8276773909211106,0.7984473815982451,24,1,23,62,41,21,101.0,3.0
C_boundary_s0,C_boundary,04,20,0.8276553446723192,0.7971476001281685,13,1,12,62,41,21,101.0,3.0
C_boundary_s0,C_boundary,04,50,0.8262668399097313,0.7912233845190408,2,1,1,62,41,21,101.0,3.0
C_boundary_s0,C_boundary,04,100,0.8262668399097313,0.7912233845190408,2,1,1,62,41,21,101.0,3.0
C_boundary_s0,C_boundary,05,0,0.805376325485651,0.7792274049479329,82,2,80,82,54,28,138.0,2.5
C_boundary_s0,C_boundary,05,2,0.8053363787375415,0.7791532945884987,65,2,63,82,54,28,138.0,2.5
C_boundary_s0,C_boundary,05,5,0.8053203096586481,0.7791603480224208,47,2,45,82,54,28,138.0,2.5
C_boundary_s0,C_boundary,05,10,0.805247540215524,0.7792915383037863,30,2,28,82,54,28,138.0,2.5
C_boundary_s0,C_boundary,05,20,0.8051563967850806,0.7785271960704161,20,2,18,82,54,28,138.0,2.5
C_boundary_s0,C_boundary,05,50,0.8044209346318223,0.7753381778689347,7,2,5,82,54,28,138.0,2.5
C_boundary_s0,C_boundary,05,100,0.8028944581715496,0.7685222196234115,1,2,1,82,54,28,138.0,2.5
C_boundary_s0,C_boundary,06,0,0.7976894279470804,0.7695710108573183,105,4,101,105,75,30,128.0,3.0
C_boundary_s0,C_boundary,06,2,0.7975803172021146,0.7692027474982921,88,4,84,105,75,30,128.0,3.0
C_boundary_s0,C_boundary,06,5,0.7972991313789359,0.7688693528609356,60,4,56,105,75,30,128.0,3.0
C_boundary_s0,C_boundary,06,10,0.797408515848184,0.7689929634055203,39,4,35,105,75,30,128.0,3.0
C_boundary_s0,C_boundary,06,20,0.7963803995219395,0.7655753539484783,22,4,18,105,75,30,128.0,3.0
C_boundary_s0,C_boundary,06,50,0.794961991866431,0.7600728239454736,11,4,7,105,75,30,128.0,3.0
C_boundary_s0,C_boundary,06,100,0.7913562105627107,0.7506438353639572,4,4,0,105,75,30,128.0,3.0
C_boundary_s0,C_boundary,07,0,0.8096758826331669,0.7932348582434615,82,2,80,82,49,33,161.0,2.0
C_boundary_s0,C_boundary,07,2,0.8097633292741039,0.7936250133693027,66,2,64,82,49,33,161.0,2.0
C_boundary_s0,C_boundary,07,5,0.8098703500900837,0.7944692274213379,48,2,46,82,49,33,161.0,2.0
C_boundary_s0,C_boundary,07,10,0.8101216510544862,0.7946727799633616,27,2,25,82,49,33,161.0,2.0
C_boundary_s0,C_boundary,07,20,0.8101167039125963,0.7941308427927208,20,2,18,82,49,33,161.0,2.0
C_boundary_s0,C_boundary,07,50,0.809700958649306,0.78983482566754,5,2,3,82,49,33,161.0,2.0
C_boundary_s0,C_boundary,07,100,0.8084525754501876,0.7861728489081544,2,2,0,82,49,33,161.0,2.0
C_boundary_s0,C_boundary,08,0,0.7908592459065645,0.7744039945202403,89,3,86,89,50,39,236.0,4.0
C_boundary_s0,C_boundary,08,2,0.79092394673078,0.7747108982156623,72,3,69,89,50,39,236.0,4.0
C_boundary_s0,C_boundary,08,5,0.790796553410844,0.7744775544808722,46,3,43,89,50,39,236.0,4.0
C_boundary_s0,C_boundary,08,10,0.7912071338348132,0.7760076877866876,30,3,27,89,50,39,236.0,4.0
C_boundary_s0,C_boundary,08,20,0.7914995079857694,0.7765523070183945,16,3,13,89,50,39,236.0,4.0
C_boundary_s0,C_boundary,08,50,0.791584384019444,0.7756114713184894,10,3,7,89,50,39,236.0,4.0
C_boundary_s0,C_boundary,08,100,0.7875308571100522,0.7638229432886146,4,3,1,89,50,39,236.0,4.0
C_boundary_s0,C_boundary,09,0,0.7873748789150791,0.7880881846408363,65,3,62,65,47,18,38.0,1.0
C_boundary_s0,C_boundary,09,2,0.7874432219642676,0.7884821520112433,48,3,45,65,47,18,38.0,1.0
C_boundary_s0,C_boundary,09,5,0.7873977582550742,0.7884688827381789,40,3,37,65,47,18,38.0,1.0
C_boundary_s0,C_boundary,09,10,0.7870993832777272,0.7881052798227958,31,3,28,65,47,18,38.0,1.0
C_boundary_s0,C_boundary,09,20,0.7869323935674647,0.7876035053286443,25,3,22,65,47,18,38.0,1.0
C_boundary_s0,C_boundary,09,50,0.7831162999550966,0.7778971020515372,12,3,9,65,47,18,38.0,1.0
C_boundary_s0,C_boundary,09,100,0.7765953058614858,0.7655696379111201,5,3,2,65,47,18,38.0,1.0
C_boundary_s0,C_boundary,10,0,0.8046772373216896,0.779788942407399,80,3,77,80,45,35,105.0,2.0
C_boundary_s0,C_boundary,10,2,0.8048116961228833,0.7802499034277545,66,3,63,80,45,35,105.0,2.0
C_boundary_s0,C_boundary,10,5,0.8053136695445956,0.781788067848962,45,3,42,80,45,35,105.0,2.0
C_boundary_s0,C_boundary,10,10,0.8056808688387636,0.7825738238743699,28,3,25,80,45,35,105.0,2.0
C_boundary_s0,C_boundary,10,20,0.8054526155049442,0.7813721598907222,15,3,12,80,45,35,105.0,2.0
C_boundary_s0,C_boundary,10,50,0.8047980507918658,0.7775447552602469,4,3,1,80,45,35,105.0,2.0
C_boundary_s0,C_boundary,10,100,0.8047819232790331,0.7770914696866182,3,3,0,80,45,35,105.0,2.0
C_boundary_s0,C_boundary,11,0,0.8108044469112131,0.781610609136332,80,3,77,80,53,27,194.0,3.0
C_boundary_s0,C_boundary,11,2,0.8107735271356953,0.7815819249145047,65,3,62,80,53,27,194.0,3.0
C_boundary_s0,C_boundary,11,5,0.8107498274033037,0.7816567832394575,44,3,41,80,53,27,194.0,3.0
C_boundary_s0,C_boundary,11,10,0.8104789055515258,0.7807444055551842,28,3,25,80,53,27,194.0,3.0
C_boundary_s0,C_boundary,11,20,0.8108619611686578,0.7810539493765676,20,3,17,80,53,27,194.0,3.0
C_boundary_s0,C_boundary,11,50,0.8105962521294718,0.7763708588057973,4,3,1,80,53,27,194.0,3.0
C_boundary_s0,C_boundary,11,100,0.8099508934661028,0.7749144067562304,3,3,0,80,53,27,194.0,3.0
C_boundary_s0,C_boundary,12,0,0.8218759981545232,0.8394460177018123,61,1,60,61,30,31,203.0,2.0
C_boundary_s0,C_boundary,12,2,0.8219528213138323,0.8398184058320564,46,1,45,61,30,31,203.0,2.0
C_boundary_s0,C_boundary,12,5,0.8222506393861893,0.8408507621410848,32,1,31,61,30,31,203.0,2.0
C_boundary_s0,C_boundary,12,10,0.8224063144421532,0.8412648313706775,25,1,24,61,30,31,203.0,2.0
C_boundary_s0,C_boundary,12,20,0.8223353869164204,0.8408816565421176,18,1,17,61,30,31,203.0,2.0
C_boundary_s0,C_boundary,12,50,0.8231505501386528,0.8406500225844296,9,1,8,61,30,31,203.0,2.0
C_boundary_s0,C_boundary,12,100,0.8206660666066606,0.8347838653406608,4,1,3,61,30,31,203.0,2.0
C_boundary_s0,C_boundary,13,0,0.813638998003735,0.7927782111638156,79,6,73,79,52,27,174.0,3.0
C_boundary_s0,C_boundary,13,2,0.8136171857386711,0.7928334420491601,61,6,55,79,52,27,174.0,3.0
C_boundary_s0,C_boundary,13,5,0.8136008379663202,0.79303556683906,46,6,40,79,52,27,174.0,3.0
C_boundary_s0,C_boundary,13,10,0.8136938564790914,0.7934699941950585,36,6,30,79,52,27,174.0,3.0
C_boundary_s0,C_boundary,13,20,0.8144168055802813,0.794560748150774,22,6,16,79,52,27,174.0,3.0
C_boundary_s0,C_boundary,13,50,0.8134333224649495,0.789692790681708,6,6,0,79,52,27,174.0,3.0
C_boundary_s0,C_boundary,13,100,0.8121858988000721,0.7852073571625336,2,6,4,79,52,27,174.0,3.0
C_boundary_s0,C_boundary,14,0,0.8198191707791506,0.8321567018650977,94,1,93,94,36,58,528.0,3.0
C_boundary_s0,C_boundary,14,2,0.8199556780714556,0.832689384531051,75,1,74,94,36,58,528.0,3.0
C_boundary_s0,C_boundary,14,5,0.8206386433339347,0.8351275530991981,47,1,46,94,36,58,528.0,3.0
C_boundary_s0,C_boundary,14,10,0.8213427740548742,0.8367121949814235,38,1,37,94,36,58,528.0,3.0
C_boundary_s0,C_boundary,14,20,0.8213120695904313,0.8360147520056354,26,1,25,94,36,58,528.0,3.0
C_boundary_s0,C_boundary,14,50,0.8234798534798535,0.8383666022753744,6,1,5,94,36,58,528.0,3.0
C_boundary_s0,C_boundary,14,100,0.8220282810428634,0.8334820623208465,2,1,1,94,36,58,528.0,3.0
C_boundary_s0,C_boundary,15,0,0.7960709857408556,0.829873929783713,90,2,88,90,19,71,761.0,4.0
C_boundary_s0,C_boundary,15,2,0.7963486956858793,0.8309240244825186,72,2,70,90,19,71,761.0,4.0
C_boundary_s0,C_boundary,15,5,0.7970272053401638,0.8330870277741629,48,2,46,90,19,71,761.0,4.0
C_boundary_s0,C_boundary,15,10,0.7979320933667619,0.8346340621591506,35,2,33,90,19,71,761.0,4.0
C_boundary_s0,C_boundary,15,20,0.7996022461394479,0.8386809242756117,22,2,20,90,19,71,761.0,4.0
C_boundary_s0,C_boundary,15,50,0.8033485959085818,0.8444251316859281,9,2,7,90,19,71,761.0,4.0
C_boundary_s0,C_boundary,15,100,0.8052010020279137,0.8408078184381237,1,2,1,90,19,71,761.0,4.0
C_boundary_s0,C_boundary,16,0,0.8336112936102829,0.8663682660173943,79,2,77,79,33,46,372.0,4.0
C_boundary_s0,C_boundary,16,2,0.8336085740285127,0.8665754077869071,60,2,58,79,33,46,372.0,4.0
C_boundary_s0,C_boundary,16,5,0.8338757820536603,0.8677354453270717,43,2,41,79,33,46,372.0,4.0
C_boundary_s0,C_boundary,16,10,0.8347347448755614,0.8705502584527427,32,2,30,79,33,46,372.0,4.0
C_boundary_s0,C_boundary,16,20,0.8347187187865039,0.8715997214879722,21,2,19,79,33,46,372.0,4.0
C_boundary_s0,C_boundary,16,50,0.8336404586404587,0.8705841828371166,5,2,3,79,33,46,372.0,4.0
C_boundary_s0,C_boundary,16,100,0.8307771311194796,0.8648275291091398,2,2,0,79,33,46,372.0,4.0
C_boundary_s0,C_boundary,17,0,0.8096530585867538,0.8285005029395109,87,1,86,87,41,46,255.0,3.0
C_boundary_s0,C_boundary,17,2,0.8096874307248947,0.8290820031626754,60,1,59,87,41,46,255.0,3.0
C_boundary_s0,C_boundary,17,5,0.8099702298404245,0.8300146130163931,44,1,43,87,41,46,255.0,3.0
C_boundary_s0,C_boundary,17,10,0.8100468631337174,0.830826209147037,31,1,30,87,41,46,255.0,3.0
C_boundary_s0,C_boundary,17,20,0.8109424074039658,0.8335936976720708,17,1,16,87,41,46,255.0,3.0
C_boundary_s0,C_boundary,17,50,0.80953180690067,0.8310102033711011,9,1,8,87,41,46,255.0,3.0
C_boundary_s0,C_boundary,17,100,0.8049834636199639,0.8228188634754844,4,1,3,87,41,46,255.0,3.0
C_boundary_s0,C_boundary,18,0,0.8192576364322014,0.8762266613238983,64,3,61,64,27,37,274.0,3.0
C_boundary_s0,C_boundary,18,2,0.819297016721447,0.8764776198698366,54,3,51,64,27,37,274.0,3.0
C_boundary_s0,C_boundary,18,5,0.8195158795813401,0.8778970472829912,28,3,25,64,27,37,274.0,3.0
C_boundary_s0,C_boundary,18,10,0.8197630451222586,0.8783782472429883,18,3,15,64,27,37,274.0,3.0
C_boundary_s0,C_boundary,18,20,0.8197879858657244,0.878594500702381,13,3,10,64,27,37,274.0,3.0
C_boundary_s0,C_boundary,18,50,0.8195924878543978,0.878883940360098,3,3,0,64,27,37,274.0,3.0
C_boundary_s0,C_boundary,18,100,0.8188550477365957,0.8770017667924899,2,3,1,64,27,37,274.0,3.0
C_boundary_s0,C_boundary,19,0,0.8495852033183735,0.8805981720757882,90,5,85,90,34,56,532.0,3.0
C_boundary_s0,C_boundary,19,2,0.8497083283729315,0.8811687130560601,65,5,60,90,34,56,532.0,3.0
C_boundary_s0,C_boundary,19,5,0.850007660487207,0.882269873221562,45,5,40,90,34,56,532.0,3.0
C_boundary_s0,C_boundary,19,10,0.8510935715381599,0.8855679715388787,33,5,28,90,34,56,532.0,3.0
C_boundary_s0,C_boundary,19,20,0.851570779065395,0.8866973512318526,21,5,16,90,34,56,532.0,3.0
C_boundary_s0,C_boundary,19,50,0.852256711697776,0.8882148169358995,11,5,6,90,34,56,532.0,3.0
C_boundary_s0,C_boundary,19,100,0.8508582945305442,0.8839651020600624,2,5,3,90,34,56,532.0,3.0
C_boundary_s0,C_boundary,20,0,0.80635369136486,0.8428605802041309,94,3,91,94,30,64,700.0,5.5
C_boundary_s0,C_boundary,20,2,0.8065082881368879,0.8434394399524676,79,3,76,94,30,64,700.0,5.5
C_boundary_s0,C_boundary,20,5,0.8069437540626314,0.8453380651623938,59,3,56,94,30,64,700.0,5.5
C_boundary_s0,C_boundary,20,10,0.8077313564354539,0.8475735612050858,44,3,41,94,30,64,700.0,5.5
C_boundary_s0,C_boundary,20,20,0.8090982627787836,0.852035648039448,23,3,20,94,30,64,700.0,5.5
C_boundary_s0,C_boundary,20,50,0.814154825685224,0.862643432032167,10,3,7,94,30,64,700.0,5.5
C_boundary_s0,C_boundary,20,100,0.8132880509036967,0.8598662642030972,6,3,3,94,30,64,700.0,5.5
D_blurpool_s0,D_blurpool,01,0,0.8162379919429811,0.849717552871009,71,9,62,71,45,26,112.0,2.0
D_blurpool_s0,D_blurpool,01,2,0.8162805872756933,0.8500194865823629,58,9,49,71,45,26,112.0,2.0
D_blurpool_s0,D_blurpool,01,5,0.8164098210787515,0.8505213656364209,42,9,33,71,45,26,112.0,2.0
D_blurpool_s0,D_blurpool,01,10,0.816569981207615,0.851178905348506,33,9,24,71,45,26,112.0,2.0
D_blurpool_s0,D_blurpool,01,20,0.8162342767295597,0.8502765611064288,23,9,14,71,45,26,112.0,2.0
D_blurpool_s0,D_blurpool,01,50,0.8168391903474649,0.8503093454139818,11,9,2,71,45,26,112.0,2.0
D_blurpool_s0,D_blurpool,01,100,0.8154880148324726,0.846491230893818,6,9,3,71,45,26,112.0,2.0
D_blurpool_s0,D_blurpool,02,0,0.8457279532267352,0.8441782376152984,84,4,80,84,44,40,222.0,3.0
D_blurpool_s0,D_blurpool,02,2,0.845834625551962,0.8446055392769914,66,4,62,84,44,40,222.0,3.0
D_blurpool_s0,D_blurpool,02,5,0.8460355939218352,0.8456282556200736,43,4,39,84,44,40,222.0,3.0
D_blurpool_s0,D_blurpool,02,10,0.8461435993073132,0.8461272942904244,29,4,25,84,44,40,222.0,3.0
D_blurpool_s0,D_blurpool,02,20,0.8469048608226007,0.8476105498020371,17,4,13,84,44,40,222.0,3.0
D_blurpool_s0,D_blurpool,02,50,0.8474510506208214,0.8460450254824761,5,4,1,84,44,40,222.0,3.0
D_blurpool_s0,D_blurpool,02,100,0.8476862792019383,0.8450975210609257,3,4,1,84,44,40,222.0,3.0
D_blurpool_s0,D_blurpool,03,0,0.7852760736196319,0.7688811747118819,83,1,82,83,46,37,241.0,2.0
D_blurpool_s0,D_blurpool,03,2,0.7853239912705314,0.7691252451947231,64,1,63,83,46,37,241.0,2.0
D_blurpool_s0,D_blurpool,03,5,0.7854679236606117,0.7696327897430019,44,1,43,83,46,37,241.0,2.0
D_blurpool_s0,D_blurpool,03,10,0.7855157783953561,0.769686441174888,33,1,32,83,46,37,241.0,2.0
D_blurpool_s0,D_blurpool,03,20,0.7851710085628021,0.7683348742745046,18,1,17,83,46,37,241.0,2.0
D_blurpool_s0,D_blurpool,03,50,0.7855416100937179,0.7681371594224748,10,1,9,83,46,37,241.0,2.0
D_blurpool_s0,D_blurpool,03,100,0.7854198524034306,0.7661328280253566,6,1,5,83,46,37,241.0,2.0
D_blurpool_s0,D_blurpool,04,0,0.8146238333419275,0.7858894045357305,71,1,70,71,39,32,152.0,2.0
D_blurpool_s0,D_blurpool,04,2,0.8147027473094247,0.7862501335837672,58,1,57,71,39,32,152.0,2.0
D_blurpool_s0,D_blurpool,04,5,0.8149435572687225,0.7868875658707349,38,1,37,71,39,32,152.0,2.0
D_blurpool_s0,D_blurpool,04,10,0.8151887393828713,0.7875237168159311,27,1,26,71,39,32,152.0,2.0
D_blurpool_s0,D_blurpool,04,20,0.815774920503249,0.7875973987973904,14,1,13,71,39,32,152.0,2.0
D_blurpool_s0,D_blurpool,04,50,0.815578107381386,0.7855925465767771,7,1,6,71,39,32,152.0,2.0
D_blurpool_s0,D_blurpool,04,100,0.8129155787641428,0.7813918041246456,4,1,3,71,39,32,152.0,2.0
D_blurpool_s0,D_blurpool,05,0,0.7981824536875218,0.769066881587696,81,2,79,81,52,29,156.0,4.0
D_blurpool_s0,D_blurpool,05,2,0.7981960880281075,0.7693004180843717,70,2,68,81,52,29,156.0,4.0
D_blurpool_s0,D_blurpool,05,5,0.7984740305193896,0.770217294904803,48,2,46,81,52,29,156.0,4.0
D_blurpool_s0,D_blurpool,05,10,0.7984716233743471,0.770143292953146,35,2,33,81,52,29,156.0,4.0
D_blurpool_s0,D_blurpool,05,20,0.7991983404240357,0.7711711463852542,22,2,20,81,52,29,156.0,4.0
D_blurpool_s0,D_blurpool,05,50,0.7979078684642977,0.7662906234208674,12,2,10,81,52,29,156.0,4.0
D_blurpool_s0,D_blurpool,05,100,0.7953443604734065,0.7590375008556766,4,2,2,81,52,29,156.0,4.0
D_blurpool_s0,D_blurpool,06,0,0.7896182789277,0.7577118456001376,109,4,105,109,66,43,174.0,2.0
D_blurpool_s0,D_blurpool,06,2,0.7896614712259078,0.7579017298706296,83,4,79,109,66,43,174.0,2.0
D_blurpool_s0,D_blurpool,06,5,0.7898415736673902,0.7585831684143971,59,4,55,109,66,43,174.0,2.0
D_blurpool_s0,D_blurpool,06,10,0.790128953812957,0.7590779111488849,42,4,38,109,66,43,174.0,2.0
D_blurpool_s0,D_blurpool,06,20,0.7903059470608457,0.7582874144520716,27,4,23,109,66,43,174.0,2.0
D_blurpool_s0,D_blurpool,06,50,0.7857130472475076,0.7461169480292241,10,4,6,109,66,43,174.0,2.0
D_blurpool_s0,D_blurpool,06,100,0.7821519561651485,0.7378564024150246,4,4,0,109,66,43,174.0,2.0
D_blurpool_s0,D_blurpool,07,0,0.8034163701067616,0.7913018899689986,100,2,98,100,51,49,222.0,2.0
D_blurpool_s0,D_blurpool,07,2,0.803624194524547,0.7921187721459096,78,2,76,100,51,49,222.0,2.0
D_blurpool_s0,D_blurpool,07,5,0.8041637702083667,0.7941426795993418,52,2,50,100,51,49,222.0,2.0
D_blurpool_s0,D_blurpool,07,10,0.8042348824338077,0.7942999729429094,38,2,36,100,51,49,222.0,2.0
D_blurpool_s0,D_blurpool,07,20,0.8037785226478338,0.792234539845216,22,2,20,100,51,49,222.0,2.0
D_blurpool_s0,D_blurpool,07,50,0.8026168359417356,0.7867274312809001,8,2,6,100,51,49,222.0,2.0
D_blurpool_s0,D_blurpool,07,100,0.7973120629370629,0.7755774199108301,2,2,0,100,51,49,222.0,2.0
D_blurpool_s0,D_blurpool,08,0,0.7822547208925408,0.7680021222856573,89,3,86,89,46,43,252.0,4.0
D_blurpool_s0,D_blurpool,08,2,0.7823021528484712,0.768173333300761,73,3,70,89,46,43,252.0,4.0
D_blurpool_s0,D_blurpool,08,5,0.7826201845944772,0.7691993150759376,52,3,49,89,46,43,252.0,4.0
D_blurpool_s0,D_blurpool,08,10,0.7833705483858759,0.771606390501176,32,3,29,89,46,43,252.0,4.0
D_blurpool_s0,D_blurpool,08,20,0.7837596950676047,0.7726474296622908,23,3,20,89,46,43,252.0,4.0
D_blurpool_s0,D_blurpool,08,50,0.7825505151880102,0.7669765761374941,10,3,7,89,46,43,252.0,4.0
D_blurpool_s0,D_blurpool,08,100,0.7803798564473609,0.7603512108650092,5,3,2,89,46,43,252.0,4.0
D_blurpool_s0,D_blurpool,09,0,0.7810816285193437,0.7797208500417689,79,3,76,79,54,25,118.0,2.0
D_blurpool_s0,D_blurpool,09,2,0.7810670070715052,0.7798429089632889,62,3,59,79,54,25,118.0,2.0
D_blurpool_s0,D_blurpool,09,5,0.7809635817990105,0.779725381361161,49,3,46,79,54,25,118.0,2.0
D_blurpool_s0,D_blurpool,09,10,0.7804095230356708,0.7793533893976384,35,3,32,79,54,25,118.0,2.0
D_blurpool_s0,D_blurpool,09,20,0.7804848262807595,0.7793893423645945,27,3,24,79,54,25,118.0,2.0
D_blurpool_s0,D_blurpool,09,50,0.7796756312872101,0.7755890138376834,14,3,11,79,54,25,118.0,2.0
D_blurpool_s0,D_blurpool,09,100,0.7747025725141706,0.7611764862888133,7,3,4,79,54,25,118.0,2.0
D_blurpool_s0,D_blurpool,10,0,0.802200457189585,0.7734553910858656,78,3,75,78,49,29,148.0,2.0
D_blurpool_s0,D_blurpool,10,2,0.8022680795686931,0.7737541366724205,61,3,58,78,49,29,148.0,2.0
D_blurpool_s0,D_blurpool,10,5,0.8026193399560962,0.7749997677932453,47,3,44,78,49,29,148.0,2.0
D_blurpool_s0,D_blurpool,10,10,0.8026372152794592,0.7748395272440929,38,3,35,78,49,29,148.0,2.0
D_blurpool_s0,D_blurpool,10,20,0.8029238016899723,0.7742425857439382,24,3,21,78,49,29,148.0,2.0
D_blurpool_s0,D_blurpool,10,50,0.8038328051908857,0.7734786686883512,8,3,5,78,49,29,148.0,2.0
D_blurpool_s0,D_blurpool,10,100,0.8031639102297241,0.7713433398134009,5,3,2,78,49,29,148.0,2.0
D_blurpool_s0,D_blurpool,11,0,0.8068721781625716,0.7735718326547062,100,3,97,100,59,41,293.0,2.0
D_blurpool_s0,D_blurpool,11,2,0.8069077500761138,0.7736923397627592,85,3,82,100,59,41,293.0,2.0
D_blurpool_s0,D_blurpool,11,5,0.8068766937669377,0.773824384894378,53,3,50,100,59,41,293.0,2.0
D_blurpool_s0,D_blurpool,11,10,0.8071765624469566,0.7746693266431603,36,3,33,100,59,41,293.0,2.0
D_blurpool_s0,D_blurpool,11,20,0.806845466155811,0.7731779803398072,22,3,19,100,59,41,293.0,2.0
D_blurpool_s0,D_blurpool,11,50,0.8073359868240462,0.7724150021455999,6,3,3,100,59,41,293.0,2.0
D_blurpool_s0,D_blurpool,11,100,0.808039475267782,0.772488891399629,4,3,1,100,59,41,293.0,2.0
D_blurpool_s0,D_blurpool,12,0,0.8122723602763076,0.8260472492083792,78,1,77,78,38,40,237.0,2.0
D_blurpool_s0,D_blurpool,12,2,0.8124697141011146,0.8267594456592442,62,1,61,78,38,40,237.0,2.0
D_blurpool_s0,D_blurpool,12,5,0.8127616002299387,0.827836325018575,43,1,42,78,38,40,237.0,2.0
D_blurpool_s0,D_blurpool,12,10,0.8129967274427302,0.8283402879283658,35,1,34,78,38,40,237.0,2.0
D_blurpool_s0,D_blurpool,12,20,0.8126803231390652,0.8267843110883061,23,1,22,78,38,40,237.0,2.0
D_blurpool_s0,D_blurpool,12,50,0.8132302779592133,0.8266286010900596,10,1,9,78,38,40,237.0,2.0
D_blurpool_s0,D_blurpool,12,100,0.8114441913439635,0.8227523295160225,6,1,5,78,38,40,237.0,2.0
D_blurpool_s0,D_blurpool,13,0,0.8112641527692656,0.7891877515163862,105,6,99,105,58,47,205.0,2.0
D_blurpool_s0,D_blurpool,13,2,0.8113776802568529,0.7896363572552151,84,6,78,105,58,47,205.0,2.0
D_blurpool_s0,D_blurpool,13,5,0.8116349306329441,0.7906186938923366,57,6,51,105,58,47,205.0,2.0
D_blurpool_s0,D_blurpool,13,10,0.8119340232858991,0.791394778051651,44,6,38,105,58,47,205.0,2.0
D_blurpool_s0,D_blurpool,13,20,0.8123568679043025,0.7910162917645859,24,6,18,105,58,47,205.0,2.0
D_blurpool_s0,D_blurpool,13,50,0.8115681402040282,0.7871693078055856,11,6,5,105,58,47,205.0,2.0
D_blurpool_s0,D_blurpool,13,100,0.8102888592285004,0.7808131161099584,3,6,3,105,58,47,205.0,2.0
D_blurpool_s0,D_blurpool,14,0,0.8132365281476888,0.8216003842447797,83,1,82,83,36,47,459.0,4.0
D_blurpool_s0,D_blurpool,14,2,0.8133416049337664,0.8219996213621501,71,1,70,83,36,47,459.0,4.0
D_blurpool_s0,D_blurpool,14,5,0.8138553446480443,0.823780845704571,50,1,49,83,36,47,459.0,4.0
D_blurpool_s0,D_blurpool,14,10,0.8144962020682712,0.8259755873720735,35,1,34,83,36,47,459.0,4.0
D_blurpool_s0,D_blurpool,14,20,0.8159920627629669,0.8299388184966189,20,1,19,83,36,47,459.0,4.0
D_blurpool_s0,D_blurpool,14,50,0.8167769603312507,0.8295952251187679,8,1,7,83,36,47,459.0,4.0
D_blurpool_s0,D_blurpool,14,100,0.8159676491865923,0.825551621153076,5,1,4,83,36,47,459.0,4.0
D_blurpool_s0,D_blurpool,15,0,0.7966142298171365,0.8166954768577415,88,2,86,88,18,70,1333.0,5.5
D_blurpool_s0,D_blurpool,15,2,0.7968606462435596,0.8176455113546399,70,2,68,88,18,70,1333.0,5.5
D_blurpool_s0,D_blurpool,15,5,0.7975374282915909,0.8197516742489346,53,2,51,88,18,70,1333.0,5.5
D_blurpool_s0,D_blurpool,15,10,0.7989267550358415,0.8228500722684555,40,2,38,88,18,70,1333.0,5.5
D_blurpool_s0,D_blurpool,15,20,0.800731628879241,0.82680155249234,26,2,24,88,18,70,1333.0,5.5
D_blurpool_s0,D_blurpool,15,50,0.804783464966601,0.8310714877148212,12,2,10,88,18,70,1333.0,5.5
D_blurpool_s0,D_blurpool,15,100,0.8042334541136973,0.827358557040398,6,2,4,88,18,70,1333.0,5.5
D_blurpool_s0,D_blurpool,16,0,0.8276422764227642,0.8579063617443354,88,2,86,88,35,53,350.0,3.0
D_blurpool_s0,D_blurpool,16,2,0.8277194171467299,0.858317104411909,68,2,66,88,35,53,350.0,3.0
D_blurpool_s0,D_blurpool,16,5,0.8285360516986957,0.8610688351851906,46,2,44,88,35,53,350.0,3.0
D_blurpool_s0,D_blurpool,16,10,0.828985605764492,0.8634218832353522,29,2,27,88,35,53,350.0,3.0
D_blurpool_s0,D_blurpool,16,20,0.8289451275588405,0.8642817547557757,20,2,18,88,35,53,350.0,3.0
D_blurpool_s0,D_blurpool,16,50,0.8283871410436752,0.8641363627713394,6,2,4,88,35,53,350.0,3.0
D_blurpool_s0,D_blurpool,16,100,0.8263069139966274,0.8601201390552188,3,2,1,88,35,53,350.0,3.0
D_blurpool_s0,D_blurpool,17,0,0.7998200292452476,0.8131770417503438,90,1,89,90,48,42,274.0,4.5
D_blurpool_s0,D_blurpool,17,2,0.79983497730938,0.8135275033582287,74,1,73,90,48,42,274.0,4.5
D_blurpool_s0,D_blurpool,17,5,0.8000525584712993,0.8145835722279553,54,1,53,90,48,42,274.0,4.5
D_blurpool_s0,D_blurpool,17,10,0.8005567782104095,0.8163510427925345,36,1,35,90,48,42,274.0,4.5
D_blurpool_s0,D_blurpool,17,20,0.8009064299877254,0.8176748152956271,21,1,20,90,48,42,274.0,4.5
D_blurpool_s0,D_blurpool,17,50,0.7980597298839642,0.8125112870582031,9,1,8,90,48,42,274.0,4.5
D_blurpool_s0,D_blurpool,17,100,0.7943903747413595,0.8043512788553566,3,1,2,90,48,42,274.0,4.5
D_blurpool_s0,D_blurpool,18,0,0.8103168969220408,0.8537893350207545,69,3,66,69,29,40,228.0,3.0
D_blurpool_s0,D_blurpool,18,2,0.8104446629520375,0.8545186051360536,48,3,45,69,29,40,228.0,3.0
D_blurpool_s0,D_blurpool,18,5,0.8104029597769232,0.8547546165756513,30,3,27,69,29,40,228.0,3.0
D_blurpool_s0,D_blurpool,18,10,0.8111826858154346,0.8570246317712508,20,3,17,69,29,40,228.0,3.0
D_blurpool_s0,D_blurpool,18,20,0.8116525462497026,0.8587397835197926,9,3,6,69,29,40,228.0,3.0
D_blurpool_s0,D_blurpool,18,50,0.8115048793014895,0.8586688192285121,4,3,1,69,29,40,228.0,3.0
D_blurpool_s0,D_blurpool,18,100,0.8098723654687903,0.8554275461736459,2,3,1,69,29,40,228.0,3.0
D_blurpool_s0,D_blurpool,19,0,0.8467950263493266,0.871009622909985,85,5,80,85,41,44,539.0,8.0
D_blurpool_s0,D_blurpool,19,2,0.8468573987632844,0.8712480614757144,76,5,71,85,41,44,539.0,8.0
D_blurpool_s0,D_blurpool,19,5,0.8470357025876187,0.8723463507043859,58,5,53,85,41,44,539.0,8.0
D_blurpool_s0,D_blurpool,19,10,0.847591735194527,0.8738375177923651,40,5,35,85,41,44,539.0,8.0
D_blurpool_s0,D_blurpool,19,20,0.848911385383442,0.8774201796441425,26,5,21,85,41,44,539.0,8.0
D_blurpool_s0,D_blurpool,19,50,0.8500463846248096,0.8796192119703788,9,5,4,85,41,44,539.0,8.0
D_blurpool_s0,D_blurpool,19,100,0.8492360708194877,0.8775119724514732,5,5,0,85,41,44,539.0,8.0
D_blurpool_s0,D_blurpool,20,0,0.8014165183063705,0.8381890495214562,95,3,92,95,18,77,714.0,4.0
D_blurpool_s0,D_blurpool,20,2,0.8017423289129804,0.8393668644449644,74,3,71,95,18,77,714.0,4.0
D_blurpool_s0,D_blurpool,20,5,0.8026127069039035,0.8420867955461852,53,3,50,95,18,77,714.0,4.0
D_blurpool_s0,D_blurpool,20,10,0.8032621359223301,0.8441508783318759,40,3,37,95,18,77,714.0,4.0
D_blurpool_s0,D_blurpool,20,20,0.8059771370605907,0.8509658145354349,23,3,20,95,18,77,714.0,4.0
D_blurpool_s0,D_blurpool,20,50,0.8089710800708243,0.8581507730524703,8,3,5,95,18,77,714.0,4.0
D_blurpool_s0,D_blurpool,20,100,0.8062374923220195,0.8530920233270596,3,3,0,95,18,77,714.0,4.0
A_dice_s1,A_dice,01,0,0.8190669178526763,0.858277426852319,73,9,64,73,44,29,163.0,4.0
A_dice_s1,A_dice,01,2,0.8190569682383863,0.8583867216188648,64,9,55,73,44,29,163.0,4.0
A_dice_s1,A_dice,01,5,0.8192954376178628,0.8595650475977933,45,9,36,73,44,29,163.0,4.0
A_dice_s1,A_dice,01,10,0.8198099589143228,0.861108429336159,36,9,27,73,44,29,163.0,4.0
A_dice_s1,A_dice,01,20,0.8206556333545513,0.8628851425813091,21,9,12,73,44,29,163.0,4.0
A_dice_s1,A_dice,01,50,0.8202823928234485,0.860643589976289,11,9,2,73,44,29,163.0,4.0
A_dice_s1,A_dice,01,100,0.8165088786026483,0.8511493888465966,3,9,6,73,44,29,163.0,4.0
A_dice_s1,A_dice,02,0,0.850889982821094,0.8525906575390839,80,4,76,80,38,42,237.0,4.0
A_dice_s1,A_dice,02,2,0.8509384926364424,0.852898592995844,69,4,65,80,38,42,237.0,4.0
A_dice_s1,A_dice,02,5,0.8513294797687861,0.854383902817442,48,4,44,80,38,42,237.0,4.0
A_dice_s1,A_dice,02,10,0.852156800324135,0.8565670052846336,34,4,30,80,38,42,237.0,4.0
A_dice_s1,A_dice,02,20,0.8524371114855052,0.8565992018346107,14,4,10,80,38,42,237.0,4.0
A_dice_s1,A_dice,02,50,0.852048038056881,0.8535610035220261,4,4,0,80,38,42,237.0,4.0
A_dice_s1,A_dice,02,100,0.8521980429385132,0.8532614000730685,3,4,1,80,38,42,237.0,4.0
A_dice_s1,A_dice,03,0,0.7914693459618585,0.7689189063417541,85,1,84,85,54,31,200.0,3.0
A_dice_s1,A_dice,03,2,0.7914799641531174,0.7690871607485944,69,1,68,85,54,31,200.0,3.0
A_dice_s1,A_dice,03,5,0.7916399743754003,0.769733542711258,52,1,51,85,54,31,200.0,3.0
A_dice_s1,A_dice,03,10,0.7916292495189224,0.7697152234567504,41,1,40,85,54,31,200.0,3.0
A_dice_s1,A_dice,03,20,0.7917236057298114,0.7695179485414281,30,1,29,85,54,31,200.0,3.0
A_dice_s1,A_dice,03,50,0.792075349139331,0.7675033108986073,10,1,9,85,54,31,200.0,3.0
A_dice_s1,A_dice,03,100,0.7910922587486744,0.7622111871398459,6,1,5,85,54,31,200.0,3.0
A_dice_s1,A_dice,04,0,0.8269043215066421,0.7936032157176958,67,1,66,67,34,33,126.0,2.0
A_dice_s1,A_dice,04,2,0.8269842070740199,0.7939728074727557,54,1,53,67,34,33,126.0,2.0
A_dice_s1,A_dice,04,5,0.8272936899331796,0.7954224657693235,37,1,36,67,34,33,126.0,2.0
A_dice_s1,A_dice,04,10,0.8280070118662352,0.7975319377016308,24,1,23,67,34,33,126.0,2.0
A_dice_s1,A_dice,04,20,0.8280207435936418,0.7969920036371755,14,1,13,67,34,33,126.0,2.0
A_dice_s1,A_dice,04,50,0.8265685160371118,0.7908407782304031,6,1,5,67,34,33,126.0,2.0
A_dice_s1,A_dice,04,100,0.825649665594527,0.7868847118939098,3,1,2,67,34,33,126.0,2.0
A_dice_s1,A_dice,05,0,0.8075863131408226,0.7840898035991707,67,2,65,67,43,24,111.0,3.0
A_dice_s1,A_dice,05,2,0.8076356788221195,0.7842664732690857,56,2,54,67,43,24,111.0,3.0
A_dice_s1,A_dice,05,5,0.807880760664725,0.7850678901665294,42,2,40,67,43,24,111.0,3.0
A_dice_s1,A_dice,05,10,0.8079886073125955,0.7852732144769276,30,2,28,67,43,24,111.0,3.0
A_dice_s1,A_dice,05,20,0.808088450229551,0.7849705147860212,21,2,19,67,43,24,111.0,3.0
A_dice_s1,A_dice,05,50,0.8069799214845303,0.7814774262147737,9,2,7,67,43,24,111.0,3.0
A_dice_s1,A_dice,05,100,0.805415376048446,0.77559571508666,3,2,1,67,43,24,111.0,3.0
A_dice_s1,A_dice,06,0,0.7972044380384138,0.7705474595157813,109,4,105,109,70,39,192.0,2.0
A_dice_s1,A_dice,06,2,0.7972166331321261,0.7707199679999278,83,4,79,109,70,39,192.0,2.0
A_dice_s1,A_dice,06,5,0.797440934965493,0.7716709923219369,52,4,48,109,70,39,192.0,2.0
A_dice_s1,A_dice,06,10,0.7974108944182918,0.7716060796568174,42,4,38,109,70,39,192.0,2.0
A_dice_s1,A_dice,06,20,0.7969891819823469,0.7696774791359084,25,4,21,109,70,39,192.0,2.0
A_dice_s1,A_dice,06,50,0.7943594971117907,0.7609617133582456,13,4,9,109,70,39,192.0,2.0
A_dice_s1,A_dice,06,100,0.7902064330292847,0.7505969851208434,5,4,1,109,70,39,192.0,2.0
A_dice_s1,A_dice,07,0,0.8136483853006682,0.7955127467224343,77,2,75,77,44,33,170.0,3.0
A_dice_s1,A_dice,07,2,0.8137138879220327,0.7957595310162543,65,2,63,77,44,33,170.0,3.0
A_dice_s1,A_dice,07,5,0.813880565814229,0.7964765890760321,43,2,41,77,44,33,170.0,3.0
A_dice_s1,A_dice,07,10,0.8143948644594076,0.7981548548294872,32,2,30,77,44,33,170.0,3.0
A_dice_s1,A_dice,07,20,0.8144185721278232,0.7972613821345484,24,2,22,77,44,33,170.0,3.0
A_dice_s1,A_dice,07,50,0.8128493097551085,0.7917161303920627,7,2,5,77,44,33,170.0,3.0
A_dice_s1,A_dice,07,100,0.8097319968721121,0.7828786540151105,1,2,1,77,44,33,170.0,3.0
A_dice_s1,A_dice,08,0,0.7866068448959916,0.7708384409116611,116,3,113,116,63,53,277.0,3.0
A_dice_s1,A_dice,08,2,0.7867119247676813,0.7713046360202329,91,3,88,116,63,53,277.0,3.0
A_dice_s1,A_dice,08,5,0.7870668029359844,0.7723904899305842,57,3,54,116,63,53,277.0,3.0
A_dice_s1,A_dice,08,10,0.7878234965555763,0.7745932644176032,41,3,38,116,63,53,277.0,3.0
A_dice_s1,A_dice,08,20,0.7880873989823406,0.7749861429452694,24,3,21,116,63,53,277.0,3.0
A_dice_s1,A_dice,08,50,0.7883624837267221,0.7727594177853437,9,3,6,116,63,53,277.0,3.0
A_dice_s1,A_dice,08,100,0.7854744151630714,0.7639707227270179,5,3,2,116,63,53,277.0,3.0
A_dice_s1,A_dice,09,0,0.7994692579367402,0.7941866805174823,72,3,69,72,40,32,96.0,2.0
A_dice_s1,A_dice,09,2,0.799664285435453,0.7949227884106198,57,3,54,72,40,32,96.0,2.0
A_dice_s1,A_dice,09,5,0.7999765551734918,0.7957554068730134,37,3,34,72,40,32,96.0,2.0
A_dice_s1,A_dice,09,10,0.7996087636932707,0.795186486427535,28,3,25,72,40,32,96.0,2.0
A_dice_s1,A_dice,09,20,0.8,0.7960970120263618,20,3,17,72,40,32,96.0,2.0
A_dice_s1,A_dice,09,50,0.7995272798896986,0.793073034078043,11,3,8,72,40,32,96.0,2.0
A_dice_s1,A_dice,09,100,0.7962433484234771,0.7836466503372895,5,3,2,72,40,32,96.0,2.0
A_dice_s1,A_dice,10,0,0.8015991821534193,0.7810988630270468,81,3,78,81,51,30,209.0,4.5
A_dice_s1,A_dice,10,2,0.8016068656988953,0.7812092166649575,68,3,65,81,51,30,209.0,4.5
A_dice_s1,A_dice,10,5,0.8015205789896922,0.7810208813513189,50,3,47,81,51,30,209.0,4.5
A_dice_s1,A_dice,10,10,0.8019843667051092,0.7822904143155057,36,3,33,81,51,30,209.0,4.5
A_dice_s1,A_dice,10,20,0.8025510485397637,0.7829083544507071,20,3,17,81,51,30,209.0,4.5
A_dice_s1,A_dice,10,50,0.8018585020917404,0.7776673136707223,7,3,4,81,51,30,209.0,4.5
A_dice_s1,A_dice,10,100,0.8013321425913522,0.7742321184225427,3,3,0,81,51,30,209.0,4.5
A_dice_s1,A_dice,11,0,0.8058310194367314,0.7823476845555929,79,3,76,79,38,41,339.0,2.0
A_dice_s1,A_dice,11,2,0.8059449808226425,0.7827879419191911,63,3,60,79,38,41,339.0,2.0
A_dice_s1,A_dice,11,5,0.8060427559732609,0.7832476130156594,43,3,40,79,38,41,339.0,2.0
A_dice_s1,A_dice,11,10,0.8063335376053795,0.7842504189893779,34,3,31,79,38,41,339.0,2.0
A_dice_s1,A_dice,11,20,0.807175483763807,0.7855711779410502,21,3,18,79,38,41,339.0,2.0
A_dice_s1,A_dice,11,50,0.8073704645869594,0.7823531829345074,6,3,3,79,38,41,339.0,2.0
A_dice_s1,A_dice,11,100,0.8089273437631,0.7838495714168806,4,3,1,79,38,41,339.0,2.0
A_dice_s1,A_dice,12,0,0.8200969620871263,0.8404129322216686,63,1,62,63,33,30,214.0,4.0
A_dice_s1,A_dice,12,2,0.8201416262601597,0.8405945510678106,55,1,54,63,33,30,214.0,4.0
A_dice_s1,A_dice,12,5,0.820476123987713,0.8417303474491591,41,1,40,63,33,30,214.0,4.0
A_dice_s1,A_dice,12,10,0.8208300567933595,0.842617352173588,30,1,29,63,33,30,214.0,4.0
A_dice_s1,A_dice,12,20,0.8209700303024995,0.8428758102654825,20,1,19,63,33,30,214.0,4.0
A_dice_s1,A_dice,12,50,0.8212088628792018,0.8416327270179311,7,1,6,63,33,30,214.0,4.0
A_dice_s1,A_dice,12,100,0.8210295960326844,0.8409939053603753,6,1,5,63,33,30,214.0,4.0
A_dice_s1,A_dice,13,0,0.8139860580024862,0.7934866856862307,111,6,105,111,63,48,332.0,4.5
A_dice_s1,A_dice,13,2,0.8140347563279184,0.7937943964256442,90,6,84,111,63,48,332.0,4.5
A_dice_s1,A_dice,13,5,0.813934800762601,0.7933841648100269,67,6,61,111,63,48,332.0,4.5
A_dice_s1,A_dice,13,10,0.8145539535397881,0.7945867791435511,46,6,40,111,63,48,332.0,4.5
A_dice_s1,A_dice,13,20,0.8147089644660379,0.793913421450586,21,6,15,111,63,48,332.0,4.5
A_dice_s1,A_dice,13,50,0.8150313952931026,0.7923427597682434,9,6,3,111,63,48,332.0,4.5
A_dice_s1,A_dice,13,100,0.8130327104306713,0.7857087743202761,3,6,3,111,63,48,332.0,4.5
A_dice_s1,A_dice,14,0,0.8171480758555235,0.8223325886158331,81,1,80,81,37,44,461.0,4.0
A_dice_s1,A_dice,14,2,0.8172147001934236,0.82264171200004,74,1,73,81,37,44,461.0,4.0
A_dice_s1,A_dice,14,5,0.8179421417938555,0.8255109461206206,48,1,47,81,37,44,461.0,4.0
A_dice_s1,A_dice,14,10,0.8185132635284398,0.8271704620637285,37,1,36,81,37,44,461.0,4.0
A_dice_s1,A_dice,14,20,0.819462458567517,0.8298853577783285,24,1,23,81,37,44,461.0,4.0
A_dice_s1,A_dice,14,50,0.8196977403182446,0.8276430710489825,9,1,8,81,37,44,461.0,4.0
A_dice_s1,A_dice,14,100,0.8177367002255598,0.8190180815921659,2,1,1,81,37,44,461.0,4.0
A_dice_s1,A_dice,15,0,0.7912442844634692,0.8215275702757167,85,2,83,85,17,68,1134.0,7.5
A_dice_s1,A_dice,15,2,0.7913901484926922,0.8220782451246149,73,2,71,85,17,68,1134.0,7.5
A_dice_s1,A_dice,15,5,0.7919816099119458,0.8239226170404544,57,2,55,85,17,68,1134.0,7.5
A_dice_s1,A_dice,15,10,0.7935026649225904,0.827585261792302,41,2,39,85,17,68,1134.0,7.5
A_dice_s1,A_dice,15,20,0.7963148093697932,0.8344095885523257,26,2,24,85,17,68,1134.0,7.5
A_dice_s1,A_dice,15,50,0.8016430527443743,0.8409770178544577,6,2,4,85,17,68,1134.0,7.5
A_dice_s1,A_dice,15,100,0.8025429471082944,0.83978920068187,3,2,1,85,17,68,1134.0,7.5
A_dice_s1,A_dice,16,0,0.8373873725205452,0.8752144918572805,79,2,77,79,25,54,405.0,4.0
A_dice_s1,A_dice,16,2,0.837495667101332,0.8757469698353061,64,2,62,79,25,54,405.0,4.0
A_dice_s1,A_dice,16,5,0.8379463621792224,0.877345165795627,41,2,39,79,25,54,405.0,4.0
A_dice_s1,A_dice,16,10,0.8387278263171829,0.8800391942178638,28,2,26,79,25,54,405.0,4.0
A_dice_s1,A_dice,16,20,0.8398551687483391,0.883471784698039,13,2,11,79,25,54,405.0,4.0
A_dice_s1,A_dice,16,50,0.8395927224169588,0.883704637763725,3,2,1,79,25,54,405.0,4.0
A_dice_s1,A_dice,16,100,0.8378957231778328,0.8805261386895125,1,2,1,79,25,54,405.0,4.0
A_dice_s1,A_dice,17,0,0.8117300142916584,0.8320530440688025,88,1,87,88,42,46,430.0,5.0
A_dice_s1,A_dice,17,2,0.8117185096719324,0.8320996923955294,74,1,73,88,42,46,430.0,5.0
A_dice_s1,A_dice,17,5,0.8118184123763632,0.8329582192590458,52,1,51,88,42,46,430.0,5.0
A_dice_s1,A_dice,17,10,0.8125817230858637,0.8353158374434305,32,1,31,88,42,46,430.0,5.0
A_dice_s1,A_dice,17,20,0.813466688528174,0.8381430903002226,20,1,19,88,42,46,430.0,5.0
A_dice_s1,A_dice,17,50,0.8140160738150596,0.840233796611676,10,1,9,88,42,46,430.0,5.0
A_dice_s1,A_dice,17,100,0.8120245217519758,0.8358117120989419,3,1,2,88,42,46,430.0,5.0
A_dice_s1,A_dice,18,0,0.8144251913097018,0.8696364974574556,62,3,59,62,17,45,340.0,7.0
A_dice_s1,A_dice,18,2,0.8145124397367772,0.8700749803107497,51,3,48,62,17,45,340.0,7.0
A_dice_s1,A_dice,18,5,0.8147743877748631,0.8712225089923605,39,3,36,62,17,45,340.0,7.0
A_dice_s1,A_dice,18,10,0.8161501419928386,0.8758752197903721,23,3,20,62,17,45,340.0,7.0
A_dice_s1,A_dice,18,20,0.8176093954508472,0.8794205733084086,11,3,8,62,17,45,340.0,7.0
A_dice_s1,A_dice,18,50,0.8169730152522487,0.8787831774087724,3,3,0,62,17,45,340.0,7.0
A_dice_s1,A_dice,18,100,0.8160028512875346,0.8757978761026476,1,3,2,62,17,45,340.0,7.0
A_dice_s1,A_dice,19,0,0.8443695212407283,0.8742060510281234,89,5,84,89,26,63,634.0,3.0
A_dice_s1,A_dice,19,2,0.8445726041719364,0.8749759849327107,70,5,65,89,26,63,634.0,3.0
A_dice_s1,A_dice,19,5,0.8451060813205732,0.8771710561969315,49,5,44,89,26,63,634.0,3.0
A_dice_s1,A_dice,19,10,0.8455518179820484,0.8789707954268728,36,5,31,89,26,63,634.0,3.0
A_dice_s1,A_dice,19,20,0.8469411964073886,0.8824485639207299,26,5,21,89,26,63,634.0,3.0
A_dice_s1,A_dice,19,50,0.849487569935155,0.8877069699914572,9,5,4,89,26,63,634.0,3.0
A_dice_s1,A_dice,19,100,0.8472677124633684,0.8843006366385915,3,5,2,89,26,63,634.0,3.0
A_dice_s1,A_dice,20,0,0.7994315950862891,0.8385235348580696,104,3,101,104,27,77,1028.0,7.0
A_dice_s1,A_dice,20,2,0.7995436522779981,0.83902665039695,89,3,86,104,27,77,1028.0,7.0
A_dice_s1,A_dice,20,5,0.8002396824207925,0.8416139230625764,66,3,63,104,27,77,1028.0,7.0
A_dice_s1,A_dice,20,10,0.8015165449801985,0.8448770876413417,48,3,45,104,27,77,1028.0,7.0
A_dice_s1,A_dice,20,20,0.8039973602338079,0.8513939845999563,30,3,27,104,27,77,1028.0,7.0
A_dice_s1,A_dice,20,50,0.8108799877752947,0.8657574246187296,10,3,7,104,27,77,1028.0,7.0
A_dice_s1,A_dice,20,100,0.8125864985391358,0.8669241563337251,5,3,2,104,27,77,1028.0,7.0
B_cldice_s1,B_cldice,01,0,0.8154507756105053,0.8614091683969951,56,9,47,56,23,33,162.0,4.0
B_cldice_s1,B_cldice,01,2,0.8154838709677419,0.8616235742854051,46,9,37,56,23,33,162.0,4.0
B_cldice_s1,B_cldice,01,5,0.8158679413482525,0.8631201434548714,32,9,23,56,23,33,162.0,4.0
B_cldice_s1,B_cldice,01,10,0.8167223359551773,0.8651759142102157,19,9,10,56,23,33,162.0,4.0
B_cldice_s1,B_cldice,01,20,0.8170412158204631,0.8659336819259147,12,9,3,56,23,33,162.0,4.0
B_cldice_s1,B_cldice,01,50,0.8169157766202452,0.8646992861018743,6,9,3,56,23,33,162.0,4.0
B_cldice_s1,B_cldice,01,100,0.8164632538808678,0.8631659042483913,3,9,6,56,23,33,162.0,4.0
B_cldice_s1,B_cldice,02,0,0.8465424737074302,0.8493823872329411,75,4,71,75,33,42,284.0,3.0
B_cldice_s1,B_cldice,02,2,0.8465939821799653,0.8496462974449814,66,4,62,75,33,42,284.0,3.0
B_cldice_s1,B_cldice,02,5,0.8469428457461964,0.8510603816544703,42,4,38,75,33,42,284.0,3.0
B_cldice_s1,B_cldice,02,10,0.8477206595538312,0.8533905096586436,29,4,25,75,33,42,284.0,3.0
B_cldice_s1,B_cldice,02,20,0.8482536961645597,0.8547535131583096,22,4,18,75,33,42,284.0,3.0
B_cldice_s1,B_cldice,02,50,0.849588060216538,0.8560373654919874,6,4,2,75,33,42,284.0,3.0
B_cldice_s1,B_cldice,02,100,0.8501391472365215,0.8560533262802371,3,4,1,75,33,42,284.0,3.0
B_cldice_s1,B_cldice,03,0,0.7955631874506892,0.7882324158411723,78,1,77,78,36,42,333.0,5.0
B_cldice_s1,B_cldice,03,2,0.7956549995357906,0.7886054736000365,63,1,62,78,36,42,333.0,5.0
B_cldice_s1,B_cldice,03,5,0.7958823529411765,0.7893285741122454,54,1,53,78,36,42,333.0,5.0
B_cldice_s1,B_cldice,03,10,0.7965150528632995,0.7911461032215543,40,1,39,78,36,42,333.0,5.0
B_cldice_s1,B_cldice,03,20,0.7981100991576264,0.7948689269439835,27,1,26,78,36,42,333.0,5.0
B_cldice_s1,B_cldice,03,50,0.7988272369514432,0.7911042933544897,10,1,9,78,36,42,333.0,5.0
B_cldice_s1,B_cldice,03,100,0.7982295866935484,0.7878382237469331,6,1,5,78,36,42,333.0,5.0
B_cldice_s1,B_cldice,04,0,0.8213036409321575,0.7950000719398655,59,1,58,59,34,25,197.0,4.0
B_cldice_s1,B_cldice,04,2,0.8212684176809737,0.7950056532275972,47,1,46,59,34,25,197.0,4.0
B_cldice_s1,B_cldice,04,5,0.8215841291234529,0.795935972501502,34,1,33,59,34,25,197.0,4.0
B_cldice_s1,B_cldice,04,10,0.8217623058699658,0.7965377015615042,26,1,25,59,34,25,197.0,4.0
B_cldice_s1,B_cldice,04,20,0.8219173564620915,0.7969461305316824,16,1,15,59,34,25,197.0,4.0
B_cldice_s1,B_cldice,04,50,0.82201719368571,0.7948597887097077,7,1,6,59,34,25,197.0,4.0
B_cldice_s1,B_cldice,04,100,0.8225766135079738,0.7922670734211275,1,1,0,59,34,25,197.0,4.0
B_cldice_s1,B_cldice,05,0,0.8115845539280959,0.7869752481396114,73,2,71,73,38,35,180.0,3.0
B_cldice_s1,B_cldice,05,2,0.8115927553602343,0.7870103051046626,65,2,63,73,38,35,180.0,3.0
B_cldice_s1,B_cldice,05,5,0.812109498658758,0.7887996525290348,45,2,43,73,38,35,180.0,3.0
B_cldice_s1,B_cldice,05,10,0.8127262717095713,0.790687866698321,33,2,31,73,38,35,180.0,3.0
B_cldice_s1,B_cldice,05,20,0.8129833606749473,0.7903420359853993,19,2,17,73,38,35,180.0,3.0
B_cldice_s1,B_cldice,05,50,0.8110049056794619,0.7832061875591266,7,2,5,73,38,35,180.0,3.0
B_cldice_s1,B_cldice,05,100,0.809831341639122,0.7784645562166193,3,2,1,73,38,35,180.0,3.0
B_cldice_s1,B_cldice,06,0,0.8032249114618184,0.7766454688139467,82,4,78,82,48,34,249.0,5.0
B_cldice_s1,B_cldice,06,2,0.8032843081242552,0.7768545539549245,70,4,66,82,48,34,249.0,5.0
B_cldice_s1,B_cldice,06,5,0.8032926112236232,0.7769485482650829,58,4,54,82,48,34,249.0,5.0
B_cldice_s1,B_cldice,06,10,0.803914188934889,0.7783878322592278,40,4,36,82,48,34,249.0,5.0
B_cldice_s1,B_cldice,06,20,0.8046749500049175,0.7793594605716462,32,4,28,82,48,34,249.0,5.0
B_cldice_s1,B_cldice,06,50,0.8032887430172228,0.7727012004104646,11,4,7,82,48,34,249.0,5.0
B_cldice_s1,B_cldice,06,100,0.8012738216316254,0.7658577086776154,6,4,2,82,48,34,249.0,5.0
B_cldice_s1,B_cldice,07,0,0.8099435409117721,0.795908090690299,81,2,79,81,47,34,268.0,4.0
B_cldice_s1,B_cldice,07,2,0.8100062370412825,0.7961521544524129,69,2,67,81,47,34,268.0,4.0
B_cldice_s1,B_cldice,07,5,0.8099463544654003,0.7961291966354508,53,2,51,81,47,34,268.0,4.0
B_cldice_s1,B_cldice,07,10,0.81012743805564,0.7962282641968486,36,2,34,81,47,34,268.0,4.0
B_cldice_s1,B_cldice,07,20,0.8109290729622469,0.7977139722396719,22,2,20,81,47,34,268.0,4.0
B_cldice_s1,B_cldice,07,50,0.8125927315517506,0.798111070596745,11,2,9,81,47,34,268.0,4.0
B_cldice_s1,B_cldice,07,100,0.8113597246127366,0.790480534867283,2,2,0,81,47,34,268.0,4.0
B_cldice_s1,B_cldice,08,0,0.7928041037414356,0.7795694165218889,108,3,105,108,60,48,391.0,6.0
B_cldice_s1,B_cldice,08,2,0.7927798611235713,0.7797058246585675,87,3,84,108,60,48,391.0,6.0
B_cldice_s1,B_cldice,08,5,0.7928080038797981,0.7800861408651784,66,3,63,108,60,48,391.0,6.0
B_cldice_s1,B_cldice,08,10,0.7932934735628872,0.7813897741996334,44,3,41,108,60,48,391.0,6.0
B_cldice_s1,B_cldice,08,20,0.7947017474114096,0.7845673561167631,30,3,27,108,60,48,391.0,6.0
B_cldice_s1,B_cldice,08,50,0.7953973522010285,0.7826013089630043,14,3,11,108,60,48,391.0,6.0
B_cldice_s1,B_cldice,08,100,0.7937079642765261,0.7770837246217881,8,3,5,108,60,48,391.0,6.0
B_cldice_s1,B_cldice,09,0,0.8000841831365871,0.7970307264516124,65,3,62,65,38,27,96.0,2.0
B_cldice_s1,B_cldice,09,2,0.8002372887842777,0.7975633915507904,55,3,52,65,38,27,96.0,2.0
B_cldice_s1,B_cldice,09,5,0.8004519947139601,0.7984137831055801,39,3,36,65,38,27,96.0,2.0
B_cldice_s1,B_cldice,09,10,0.8004373345609391,0.7981105753058877,28,3,25,65,38,27,96.0,2.0
B_cldice_s1,B_cldice,09,20,0.8005149488894012,0.7981854980167571,21,3,18,65,38,27,96.0,2.0
B_cldice_s1,B_cldice,09,50,0.7982347475998761,0.7926604289457999,9,3,6,65,38,27,96.0,2.0
B_cldice_s1,B_cldice,09,100,0.7961433042396439,0.7874267195787459,6,3,3,65,38,27,96.0,2.0
B_cldice_s1,B_cldice,10,0,0.802500488376636,0.7845435442619638,80,3,77,80,40,40,240.0,4.0
B_cldice_s1,B_cldice,10,2,0.8025934807709388,0.7850041445679058,66,3,63,80,40,40,240.0,4.0
B_cldice_s1,B_cldice,10,5,0.8028867518708783,0.7858412504103032,52,3,49,80,40,40,240.0,4.0
B_cldice_s1,B_cldice,10,10,0.8038238330900417,0.7884704875744866,38,3,35,80,40,40,240.0,4.0
B_cldice_s1,B_cldice,10,20,0.8046124736710578,0.7892787745050779,28,3,25,80,40,40,240.0,4.0
B_cldice_s1,B_cldice,10,50,0.8051658392690122,0.7874445954115225,12,3,9,80,40,40,240.0,4.0
B_cldice_s1,B_cldice,10,100,0.8040264804570599,0.781658378962657,5,3,2,80,40,40,240.0,4.0
B_cldice_s1,B_cldice,11,0,0.8022827746965678,0.7847605155508827,77,3,74,77,35,42,378.0,5.0
B_cldice_s1,B_cldice,11,2,0.8023347429692399,0.78500252119259,63,3,60,77,35,42,378.0,5.0
B_cldice_s1,B_cldice,11,5,0.8025938918031732,0.7858945569763889,46,3,43,77,35,42,378.0,5.0
B_cldice_s1,B_cldice,11,10,0.8033130297463663,0.7872367197375602,33,3,30,77,35,42,378.0,5.0
B_cldice_s1,B_cldice,11,20,0.8047140224384881,0.7900961481930096,19,3,16,77,35,42,378.0,5.0
B_cldice_s1,B_cldice,11,50,0.8068281866501451,0.7914842106569516,2,3,1,77,35,42,378.0,5.0
B_cldice_s1,B_cldice,11,100,0.8068281866501451,0.7914842106569516,2,3,1,77,35,42,378.0,5.0
B_cldice_s1,B_cldice,12,0,0.8182868011683989,0.8376330145718981,56,1,55,56,23,33,349.0,6.0
B_cldice_s1,B_cldice,12,2,0.8183238781125795,0.8377968001143791,46,1,45,56,23,33,349.0,6.0
B_cldice_s1,B_cldice,12,5,0.8185850483489965,0.8385733393555206,35,1,34,56,23,33,349.0,6.0
B_cldice_s1,B_cldice,12,10,0.8189983669025586,0.8398034482084062,26,1,25,56,23,33,349.0,6.0
B_cldice_s1,B_cldice,12,20,0.8195369597437776,0.8411160529954851,21,1,20,56,23,33,349.0,6.0
B_cldice_s1,B_cldice,12,50,0.822234414649201,0.8453536710743522,8,1,7,56,23,33,349.0,6.0
B_cldice_s1,B_cldice,12,100,0.8218036568988671,0.8429682751314747,4,1,3,56,23,33,349.0,6.0
B_cldice_s1,B_cldice,13,0,0.8099117656101086,0.7934881622673394,82,6,76,82,47,35,245.0,3.0
B_cldice_s1,B_cldice,13,2,0.8099448023493596,0.7936751274106978,67,6,61,82,47,35,245.0,3.0
B_cldice_s1,B_cldice,13,5,0.8102960182165057,0.7947319888000444,51,6,45,82,47,35,245.0,3.0
B_cldice_s1,B_cldice,13,10,0.8104426088028603,0.7956298229422628,36,6,30,82,47,35,245.0,3.0
B_cldice_s1,B_cldice,13,20,0.8107757221681272,0.7958091199324936,23,6,17,82,47,35,245.0,3.0
B_cldice_s1,B_cldice,13,50,0.8117963969294489,0.7963577965355937,7,6,1,82,47,35,245.0,3.0
B_cldice_s1,B_cldice,13,100,0.8112370779849465,0.7941601417776307,4,6,2,82,47,35,245.0,3.0
B_cldice_s1,B_cldice,14,0,0.8080382381662127,0.8215564389724254,74,1,73,74,25,49,659.0,6.0
B_cldice_s1,B_cldice,14,2,0.808100884106641,0.8218545977311897,67,1,66,74,25,49,659.0,6.0
B_cldice_s1,B_cldice,14,5,0.8083187600726949,0.8226646150373415,54,1,53,74,25,49,659.0,6.0
B_cldice_s1,B_cldice,14,10,0.8094820922442669,0.8260785779741867,36,1,35,74,25,49,659.0,6.0
B_cldice_s1,B_cldice,14,20,0.8115437629221227,0.8312123450902629,24,1,23,74,25,49,659.0,6.0
B_cldice_s1,B_cldice,14,50,0.8138510114152875,0.8353739350955877,10,1,9,74,25,49,659.0,6.0
B_cldice_s1,B_cldice,14,100,0.8144964003634585,0.8341842624342822,4,1,3,74,25,49,659.0,6.0
B_cldice_s1,B_cldice,15,0,0.7865604380977734,0.8177431680538542,93,2,91,93,18,75,1182.0,8.0
B_cldice_s1,B_cldice,15,2,0.7866651452913433,0.8181402513341041,86,2,84,93,18,75,1182.0,8.0
B_cldice_s1,B_cldice,15,5,0.7874333587204875,0.8203514630932042,64,2,62,93,18,75,1182.0,8.0
B_cldice_s1,B_cldice,15,10,0.7887786259541985,0.822462427898667,48,2,46,93,18,75,1182.0,8.0
B_cldice_s1,B_cldice,15,20,0.7923072493810099,0.8303410053800023,26,2,24,93,18,75,1182.0,8.0
B_cldice_s1,B_cldice,15,50,0.7962414026930156,0.8356102428521469,10,2,8,93,18,75,1182.0,8.0
B_cldice_s1,B_cldice,15,100,0.799004819182698,0.8384811532334849,2,2,0,93,18,75,1182.0,8.0
B_cldice_s1,B_cldice,16,0,0.8322307915712027,0.8678520332215991,74,2,72,74,25,49,569.0,10.0
B_cldice_s1,B_cldice,16,2,0.8322602507624534,0.868027515451943,67,2,65,74,25,49,569.0,10.0
B_cldice_s1,B_cldice,16,5,0.8325502542988618,0.8692637590479446,55,2,53,74,25,49,569.0,10.0
B_cldice_s1,B_cldice,16,10,0.8329048843187661,0.8700322598922263,41,2,39,74,25,49,569.0,10.0
B_cldice_s1,B_cldice,16,20,0.8353128245067497,0.8762385958378605,24,2,22,74,25,49,569.0,10.0
B_cldice_s1,B_cldice,16,50,0.8365882430041287,0.8801076587806946,4,2,2,74,25,49,569.0,10.0
B_cldice_s1,B_cldice,16,100,0.8365253639243103,0.879813041805582,2,2,0,74,25,49,569.0,10.0
B_cldice_s1,B_cldice,17,0,0.8141472902799836,0.8374356011815275,93,1,92,93,45,48,393.0,4.0
B_cldice_s1,B_cldice,17,2,0.8141245358469009,0.837725094921918,70,1,69,93,45,48,393.0,4.0
B_cldice_s1,B_cldice,17,5,0.8143383009899575,0.8391703544832851,51,1,50,93,45,48,393.0,4.0
B_cldice_s1,B_cldice,17,10,0.8149738744542266,0.8411546114819247,39,1,38,93,45,48,393.0,4.0
B_cldice_s1,B_cldice,17,20,0.8159327332506873,0.8434264177179626,23,1,22,93,45,48,393.0,4.0
B_cldice_s1,B_cldice,17,50,0.8174965572225846,0.8476413266742682,9,1,8,93,45,48,393.0,4.0
B_cldice_s1,B_cldice,17,100,0.8146716738979838,0.8404016564765957,4,1,3,93,45,48,393.0,4.0
B_cldice_s1,B_cldice,18,0,0.8060046587869899,0.865950367078388,76,3,73,76,22,54,584.0,7.5
B_cldice_s1,B_cldice,18,2,0.805985089051498,0.8661796759340836,65,3,62,76,22,54,584.0,7.5
B_cldice_s1,B_cldice,18,5,0.8064310014333328,0.8677488738970985,52,3,49,76,22,54,584.0,7.5
B_cldice_s1,B_cldice,18,10,0.8075412955115454,0.8703846773803242,38,3,35,76,22,54,584.0,7.5
B_cldice_s1,B_cldice,18,20,0.8103190861428423,0.8768929611390917,22,3,19,76,22,54,584.0,7.5
B_cldice_s1,B_cldice,18,50,0.8124452848688588,0.8827040645388414,6,3,3,76,22,54,584.0,7.5
B_cldice_s1,B_cldice,18,100,0.8095053823963977,0.8769946396086838,2,3,1,76,22,54,584.0,7.5
B_cldice_s1,B_cldice,19,0,0.833984790252678,0.8763044192183063,78,5,73,78,25,53,677.0,6.0
B_cldice_s1,B_cldice,19,2,0.8340939202119829,0.8767240708243137,70,5,65,78,25,53,677.0,6.0
B_cldice_s1,B_cldice,19,5,0.8344054341599149,0.8780561103808089,55,5,50,78,25,53,677.0,6.0
B_cldice_s1,B_cldice,19,10,0.8353641536972957,0.8807542477275926,37,5,32,78,25,53,677.0,6.0
B_cldice_s1,B_cldice,19,20,0.8360116993657366,0.8821643383379988,28,5,23,78,25,53,677.0,6.0
B_cldice_s1,B_cldice,19,50,0.8401475917070669,0.8903948390420704,14,5,9,78,25,53,677.0,6.0
B_cldice_s1,B_cldice,19,100,0.8386104002542358,0.8865929756034469,5,5,0,78,25,53,677.0,6.0
B_cldice_s1,B_cldice,20,0,0.7896919858616461,0.836568915643116,89,3,86,89,19,70,1045.0,8.0
B_cldice_s1,B_cldice,20,2,0.7897841025918511,0.836933969467426,80,3,77,89,19,70,1045.0,8.0
B_cldice_s1,B_cldice,20,5,0.7902174893962639,0.8383069804513374,65,3,62,89,19,70,1045.0,8.0
B_cldice_s1,B_cldice,20,10,0.79192979281643,0.8432185470165323,45,3,42,89,19,70,1045.0,8.0
B_cldice_s1,B_cldice,20,20,0.794207954070602,0.8492845068965648,29,3,26,89,19,70,1045.0,8.0
B_cldice_s1,B_cldice,20,50,0.7975334018499486,0.8555216566913305,11,3,8,89,19,70,1045.0,8.0
B_cldice_s1,B_cldice,20,100,0.8011931007651407,0.8621258890259922,4,3,1,89,19,70,1045.0,8.0
C_boundary_s1,C_boundary,01,0,0.8164087509174097,0.8581335763812856,77,9,68,77,38,39,210.0,4.0
C_boundary_s1,C_boundary,01,2,0.8164055788964031,0.8582283844728295,65,9,56,77,38,39,210.0,4.0
C_boundary_s1,C_boundary,01,5,0.8168745506267779,0.859930104904793,47,9,38,77,38,39,210.0,4.0
C_boundary_s1,C_boundary,01,10,0.8174615601415464,0.8618947481214974,29,9,20,77,38,39,210.0,4.0
C_boundary_s1,C_boundary,01,20,0.8173863868423946,0.8614028104936056,14,9,5,77,38,39,210.0,4.0
C_boundary_s1,C_boundary,01,50,0.8180155175676528,0.8620477615910594,6,9,3,77,38,39,210.0,4.0
C_boundary_s1,C_boundary,01,100,0.816306514379726,0.857885681340893,3,9,6,77,38,39,210.0,4.0
C_boundary_s1,C_boundary,02,0,0.8491755923865635,0.8503591494002675,77,4,73,77,35,42,316.0,5.0
C_boundary_s1,C_boundary,02,2,0.8492026031609812,0.8505409763494808,63,4,59,77,35,42,316.0,5.0
C_boundary_s1,C_boundary,02,5,0.8493617264869197,0.8512277024151811,48,4,44,77,35,42,316.0,5.0
C_boundary_s1,C_boundary,02,10,0.8497142120417723,0.8523627949124054,37,4,33,77,35,42,316.0,5.0
C_boundary_s1,C_boundary,02,20,0.8518470586543577,0.8574614462843758,19,4,15,77,35,42,316.0,5.0
C_boundary_s1,C_boundary,02,50,0.8520895198087927,0.8554483653441525,3,4,1,77,35,42,316.0,5.0
C_boundary_s1,C_boundary,02,100,0.852309165566373,0.8547891802958961,1,4,3,77,35,42,316.0,5.0
C_boundary_s1,C_boundary,03,0,0.7963881629395471,0.7777149968557181,116,1,115,116,48,68,385.0,3.0
C_boundary_s1,C_boundary,03,2,0.7965119919844699,0.7783213611340358,91,1,90,116,48,68,385.0,3.0
C_boundary_s1,C_boundary,03,5,0.7971534711663558,0.7804912230978766,63,1,62,116,48,68,385.0,3.0
C_boundary_s1,C_boundary,03,10,0.7980773761839687,0.7822919872239537,43,1,42,116,48,68,385.0,3.0
C_boundary_s1,C_boundary,03,20,0.7991608038615642,0.7833734554252197,23,1,22,116,48,68,385.0,3.0
C_boundary_s1,C_boundary,03,50,0.8003106279121367,0.7839477056194118,12,1,11,116,48,68,385.0,3.0
C_boundary_s1,C_boundary,03,100,0.7986617811056237,0.7795715216690415,7,1,6,116,48,68,385.0,3.0
C_boundary_s1,C_boundary,04,0,0.8257317336971896,0.7966888997246726,66,1,65,66,39,27,168.0,3.0
C_boundary_s1,C_boundary,04,2,0.8256889894820929,0.7966010985744265,57,1,56,66,39,27,168.0,3.0
C_boundary_s1,C_boundary,04,5,0.8257834496776236,0.7970915554324777,33,1,32,66,39,27,168.0,3.0
C_boundary_s1,C_boundary,04,10,0.826019514635977,0.7970191925550837,24,1,23,66,39,27,168.0,3.0
C_boundary_s1,C_boundary,04,20,0.8272680162484746,0.7997640196806305,15,1,14,66,39,27,168.0,3.0
C_boundary_s1,C_boundary,04,50,0.8262921839041844,0.7954057260624366,6,1,5,66,39,27,168.0,3.0
C_boundary_s1,C_boundary,04,100,0.8261617319754502,0.7929143465969355,2,1,1,66,39,27,168.0,3.0
C_boundary_s1,C_boundary,05,0,0.808255412349423,0.7816645847743797,76,2,74,76,48,28,189.0,5.0
C_boundary_s1,C_boundary,05,2,0.8082697265328818,0.7817769588883646,70,2,68,76,48,28,189.0,5.0
C_boundary_s1,C_boundary,05,5,0.8083032612728069,0.7818797813958548,53,2,51,76,48,28,189.0,5.0
C_boundary_s1,C_boundary,05,10,0.808737814870504,0.7826698272712658,37,2,35,76,48,28,189.0,5.0
C_boundary_s1,C_boundary,05,20,0.8089541110282654,0.7827366489237454,24,2,22,76,48,28,189.0,5.0
C_boundary_s1,C_boundary,05,50,0.8078099110025452,0.7777334955924888,9,2,7,76,48,28,189.0,5.0
C_boundary_s1,C_boundary,05,100,0.8072187784398235,0.7742904390135618,5,2,3,76,48,28,189.0,5.0
C_boundary_s1,C_boundary,06,0,0.7972463096577745,0.7712708873867632,112,4,108,112,69,43,271.0,3.0
C_boundary_s1,C_boundary,06,2,0.7972717941926298,0.7713752654366839,90,4,86,112,69,43,271.0,3.0
C_boundary_s1,C_boundary,06,5,0.7973282063181623,0.771712064902684,64,4,60,112,69,43,271.0,3.0
C_boundary_s1,C_boundary,06,10,0.7976963037957876,0.7726420690525393,52,4,48,112,69,43,271.0,3.0
C_boundary_s1,C_boundary,06,20,0.7973236781072197,0.7709047562360133,29,4,25,112,69,43,271.0,3.0
C_boundary_s1,C_boundary,06,50,0.7952204644900707,0.7641453869680049,13,4,9,112,69,43,271.0,3.0
C_boundary_s1,C_boundary,06,100,0.7895678244723439,0.7503942312479565,3,4,1,112,69,43,271.0,3.0
C_boundary_s1,C_boundary,07,0,0.8104897379277289,0.7940702121828384,112,2,110,112,59,53,411.0,2.0
C_boundary_s1,C_boundary,07,2,0.8106515968832948,0.79487563549578,88,2,86,112,59,53,411.0,2.0
C_boundary_s1,C_boundary,07,5,0.8108200826772329,0.7956873367702599,55,2,53,112,59,53,411.0,2.0
C_boundary_s1,C_boundary,07,10,0.8110773248123142,0.7958847775653161,43,2,41,112,59,53,411.0,2.0
C_boundary_s1,C_boundary,07,20,0.8114677791952557,0.7956801026825008,28,2,26,112,59,53,411.0,2.0
C_boundary_s1,C_boundary,07,50,0.8105448032413445,0.7895787195178642,11,2,9,112,59,53,411.0,2.0
C_boundary_s1,C_boundary,07,100,0.806996593024481,0.777753792121065,3,2,1,112,59,53,411.0,2.0
C_boundary_s1,C_boundary,08,0,0.7921939595255718,0.7762132987346321,111,3,108,111,54,57,345.0,3.0
C_boundary_s1,C_boundary,08,2,0.7923724222615479,0.7768637790223099,96,3,93,111,54,57,345.0,3.0
C_boundary_s1,C_boundary,08,5,0.7927162257463699,0.7783075991277053,66,3,63,111,54,57,345.0,3.0
C_boundary_s1,C_boundary,08,10,0.7937262012692656,0.7809610531059894,43,3,40,111,54,57,345.0,3.0
C_boundary_s1,C_boundary,08,20,0.7946067906401252,0.7824342077909626,29,3,26,111,54,57,345.0,3.0
C_boundary_s1,C_boundary,08,50,0.7951665626032982,0.7811748828005128,12,3,9,111,54,57,345.0,3.0
C_boundary_s1,C_boundary,08,100,0.7931335250997494,0.7724682437248767,4,3,1,111,54,57,345.0,3.0
C_boundary_s1,C_boundary,09,0,0.7970853978431944,0.7902145565102202,79,3,76,79,49,30,108.0,1.5
C_boundary_s1,C_boundary,09,2,0.7972008941588103,0.7907674372437584,59,3,56,79,49,30,108.0,1.5
C_boundary_s1,C_boundary,09,5,0.7974555499358051,0.79161148093795,45,3,42,79,49,30,108.0,1.5
C_boundary_s1,C_boundary,09,10,0.7974841297659384,0.7917035466997427,38,3,35,79,49,30,108.0,1.5
C_boundary_s1,C_boundary,09,20,0.7976313783736246,0.7918489621367888,24,3,21,79,49,30,108.0,1.5
C_boundary_s1,C_boundary,09,50,0.7961467239273472,0.7861074830059178,12,3,9,79,49,30,108.0,1.5
C_boundary_s1,C_boundary,09,100,0.7929796727813585,0.779492170650675,7,3,4,79,49,30,108.0,1.5
C_boundary_s1,C_boundary,10,0,0.8028919466819756,0.781633281778504,88,3,85,88,39,49,301.0,3.0
C_boundary_s1,C_boundary,10,2,0.8030436265096997,0.7821829624848144,70,3,67,88,39,49,301.0,3.0
C_boundary_s1,C_boundary,10,5,0.8034200316137377,0.7835169460357407,51,3,48,88,39,49,301.0,3.0
C_boundary_s1,C_boundary,10,10,0.8043607318257866,0.7861159688288856,38,3,35,88,39,49,301.0,3.0
C_boundary_s1,C_boundary,10,20,0.8052074505490543,0.7877246500657655,28,3,25,88,39,49,301.0,3.0
C_boundary_s1,C_boundary,10,50,0.8052950709226315,0.7836218003230336,10,3,7,88,39,49,301.0,3.0
C_boundary_s1,C_boundary,10,100,0.8044307511737089,0.7784855592884178,4,3,1,88,39,49,301.0,3.0
C_boundary_s1,C_boundary,11,0,0.804909940832271,0.7843215268417754,81,3,78,81,43,38,347.0,4.0
C_boundary_s1,C_boundary,11,2,0.8049239018489154,0.784435856363296,70,3,67,81,43,38,347.0,4.0
C_boundary_s1,C_boundary,11,5,0.8052946758729016,0.7855894083122177,50,3,47,81,43,38,347.0,4.0
C_boundary_s1,C_boundary,11,10,0.80533394492407,0.7854786831673245,38,3,35,81,43,38,347.0,4.0
C_boundary_s1,C_boundary,11,20,0.8067666206352337,0.7882155949800514,23,3,20,81,43,38,347.0,4.0
C_boundary_s1,C_boundary,11,50,0.8080590332476577,0.7886982527409436,5,3,2,81,43,38,347.0,4.0
C_boundary_s1,C_boundary,11,100,0.8074193494772882,0.7881685143681435,3,3,0,81,43,38,347.0,4.0
C_boundary_s1,C_boundary,12,0,0.8206889446028094,0.8359226919694609,68,1,67,68,30,38,309.0,3.5
C_boundary_s1,C_boundary,12,2,0.820781451266638,0.8362755312922742,59,1,58,68,30,38,309.0,3.5
C_boundary_s1,C_boundary,12,5,0.8211651854016606,0.8374818799927907,40,1,39,68,30,38,309.0,3.5
C_boundary_s1,C_boundary,12,10,0.8211200220287062,0.8374647513337174,30,1,29,68,30,38,309.0,3.5
C_boundary_s1,C_boundary,12,20,0.8220454506237813,0.8396981024913359,18,1,17,68,30,38,309.0,3.5
C_boundary_s1,C_boundary,12,50,0.8242615448620164,0.8432697262921018,9,1,8,68,30,38,309.0,3.5
C_boundary_s1,C_boundary,12,100,0.8232691805277367,0.8395858224795281,5,1,4,68,30,38,309.0,3.5
C_boundary_s1,C_boundary,13,0,0.8135156528892269,0.7930260104409912,109,6,103,109,64,45,344.0,5.0
C_boundary_s1,C_boundary,13,2,0.8134877511100072,0.7930558571938993,94,6,88,109,64,45,344.0,5.0
C_boundary_s1,C_boundary,13,5,0.8134734355084403,0.793370313341026,67,6,61,109,64,45,344.0,5.0
C_boundary_s1,C_boundary,13,10,0.8141353102417145,0.7951240382603844,49,6,43,109,64,45,344.0,5.0
C_boundary_s1,C_boundary,13,20,0.8153802834527423,0.7975907152008352,28,6,22,109,64,45,344.0,5.0
C_boundary_s1,C_boundary,13,50,0.8157189264200334,0.7954544015390651,11,6,5,109,64,45,344.0,5.0
C_boundary_s1,C_boundary,13,100,0.8125696811391074,0.7852557235321572,2,6,4,109,64,45,344.0,5.0
C_boundary_s1,C_boundary,14,0,0.8137247966041741,0.82326001990785,87,1,86,87,28,59,571.0,3.0
C_boundary_s1,C_boundary,14,2,0.8138777821025441,0.8238633369154903,69,1,68,87,28,59,571.0,3.0
C_boundary_s1,C_boundary,14,5,0.8144815615147544,0.8260229502375952,46,1,45,87,28,59,571.0,3.0
C_boundary_s1,C_boundary,14,10,0.8150382343026453,0.827672248947179,32,1,31,87,28,59,571.0,3.0
C_boundary_s1,C_boundary,14,20,0.8170132459763566,0.8325174808892561,18,1,17,87,28,59,571.0,3.0
C_boundary_s1,C_boundary,14,50,0.8172470621954715,0.8310616699215704,7,1,6,87,28,59,571.0,3.0
C_boundary_s1,C_boundary,14,100,0.8179591542700717,0.8305169672626221,3,1,2,87,28,59,571.0,3.0
C_boundary_s1,C_boundary,15,0,0.7818552303326922,0.8097061480981275,132,2,130,132,23,109,1558.0,5.0
C_boundary_s1,C_boundary,15,2,0.7820305206805236,0.8104144193727836,110,2,108,132,23,109,1558.0,5.0
C_boundary_s1,C_boundary,15,5,0.783568128889398,0.8149054846922023,76,2,74,132,23,109,1558.0,5.0
C_boundary_s1,C_boundary,15,10,0.7849326599326599,0.8179417466748816,59,2,57,132,23,109,1558.0,5.0
C_boundary_s1,C_boundary,15,20,0.7881307008428587,0.8239724296889138,38,2,36,132,23,109,1558.0,5.0
C_boundary_s1,C_boundary,15,50,0.794598906550966,0.8344974581352853,17,2,15,132,23,109,1558.0,5.0
C_boundary_s1,C_boundary,15,100,0.7989647951321664,0.8362140772295098,4,2,2,132,23,109,1558.0,5.0
C_boundary_s1,C_boundary,16,0,0.8348614840526557,0.8730277451937801,83,2,81,83,25,58,515.0,4.0
C_boundary_s1,C_boundary,16,2,0.8349902550076158,0.8735840599940111,64,2,62,83,25,58,515.0,4.0
C_boundary_s1,C_boundary,16,5,0.8355957767722474,0.8757858798808729,43,2,41,83,25,58,515.0,4.0
C_boundary_s1,C_boundary,16,10,0.835960073548726,0.8771851249800866,31,2,29,83,25,58,515.0,4.0
C_boundary_s1,C_boundary,16,20,0.8363008063189074,0.8785305511183966,20,2,18,83,25,58,515.0,4.0
C_boundary_s1,C_boundary,16,50,0.8379298321350889,0.8835994946775548,3,2,1,83,25,58,515.0,4.0
C_boundary_s1,C_boundary,16,100,0.8359670302222962,0.8799889401215175,1,2,1,83,25,58,515.0,4.0
C_boundary_s1,C_boundary,17,0,0.8106283349667864,0.8334006437443443,94,1,93,94,41,53,395.0,5.0
C_boundary_s1,C_boundary,17,2,0.8107195381012038,0.833971784851178,73,1,72,94,41,53,395.0,5.0
C_boundary_s1,C_boundary,17,5,0.8110249096095495,0.8349512234686947,59,1,58,94,41,53,395.0,5.0
C_boundary_s1,C_boundary,17,10,0.8119807608220376,0.8381609164415944,38,1,37,94,41,53,395.0,5.0
C_boundary_s1,C_boundary,17,20,0.8133887231667368,0.8426433347560108,21,1,20,94,41,53,395.0,5.0
C_boundary_s1,C_boundary,17,50,0.8116726502807696,0.8388898069902028,10,1,9,94,41,53,395.0,5.0
C_boundary_s1,C_boundary,17,100,0.8084948530093666,0.8331343903637551,4,1,3,94,41,53,395.0,5.0
C_boundary_s1,C_boundary,18,0,0.8140627739786077,0.8685850622335999,70,3,67,70,27,43,436.0,8.0
C_boundary_s1,C_boundary,18,2,0.8141211132740569,0.8689082999854847,61,3,58,70,27,43,436.0,8.0
C_boundary_s1,C_boundary,18,5,0.8142701716210999,0.8697672268324819,48,3,45,70,27,43,436.0,8.0
C_boundary_s1,C_boundary,18,10,0.8147366940870421,0.8712047499271273,35,3,32,70,27,43,436.0,8.0
C_boundary_s1,C_boundary,18,20,0.8162148807002683,0.8759618432357617,18,3,15,70,27,43,436.0,8.0
C_boundary_s1,C_boundary,18,50,0.8168813860506442,0.8796185161389618,4,3,1,70,27,43,436.0,8.0
C_boundary_s1,C_boundary,18,100,0.814664241646161,0.8748850352657744,1,3,2,70,27,43,436.0,8.0
C_boundary_s1,C_boundary,19,0,0.8372637619974274,0.8765489372223237,96,5,91,96,31,65,690.0,4.0
C_boundary_s1,C_boundary,19,2,0.837424122459752,0.877170280948369,82,5,77,96,31,65,690.0,4.0
C_boundary_s1,C_boundary,19,5,0.8380801426519392,0.8793486230207582,60,5,55,96,31,65,690.0,4.0
C_boundary_s1,C_boundary,19,10,0.8387651788373094,0.8809671812621878,43,5,38,96,31,65,690.0,4.0
C_boundary_s1,C_boundary,19,20,0.8401844663415281,0.8851633257349538,31,5,26,96,31,65,690.0,4.0
C_boundary_s1,C_boundary,19,50,0.841150583156239,0.8872330873959414,14,5,9,96,31,65,690.0,4.0
C_boundary_s1,C_boundary,19,100,0.8409927401654567,0.8858270354192667,6,5,1,96,31,65,690.0,4.0
C_boundary_s1,C_boundary,20,0,0.7982242116270111,0.8438507784568966,96,3,93,96,19,77,899.0,6.0
C_boundary_s1,C_boundary,20,2,0.7983632727206004,0.8443908117579257,84,3,81,96,19,77,899.0,6.0
C_boundary_s1,C_boundary,20,5,0.7990595841598707,0.847026967301247,63,3,60,96,19,77,899.0,6.0
C_boundary_s1,C_boundary,20,10,0.8007734806629834,0.8519422965215085,41,3,38,96,19,77,899.0,6.0
C_boundary_s1,C_boundary,20,20,0.8019286189315008,0.8550501173578076,27,3,24,96,19,77,899.0,6.0
C_boundary_s1,C_boundary,20,50,0.8092729582305911,0.8706653803132045,8,3,5,96,19,77,899.0,6.0
C_boundary_s1,C_boundary,20,100,0.809229903386174,0.8699500860659359,5,3,2,96,19,77,899.0,6.0
D_blurpool_s1,D_blurpool,01,0,0.8172397924369614,0.8501053573759487,79,9,70,79,40,39,185.0,3.0
D_blurpool_s1,D_blurpool,01,2,0.8172814424480985,0.8503530382600111,66,9,57,79,40,39,185.0,3.0
D_blurpool_s1,D_blurpool,01,5,0.8176864047282375,0.8519866908617679,44,9,35,79,40,39,185.0,3.0
D_blurpool_s1,D_blurpool,01,10,0.8180848862931076,0.853432151912239,29,9,20,79,40,39,185.0,3.0
D_blurpool_s1,D_blurpool,01,20,0.818605393330142,0.8550604638074047,17,9,8,79,40,39,185.0,3.0
D_blurpool_s1,D_blurpool,01,50,0.8165114037905558,0.8487145268292347,5,9,4,79,40,39,185.0,3.0
D_blurpool_s1,D_blurpool,01,100,0.8158614696321091,0.8466454746722063,3,9,6,79,40,39,185.0,3.0
D_blurpool_s1,D_blurpool,02,0,0.8448444418885502,0.8411723697100427,90,4,86,90,39,51,283.0,3.0
D_blurpool_s1,D_blurpool,02,2,0.845010066148979,0.8418293927754719,74,4,70,90,39,51,283.0,3.0
D_blurpool_s1,D_blurpool,02,5,0.8454463013343697,0.8435826437329678,50,4,46,90,39,51,283.0,3.0
D_blurpool_s1,D_blurpool,02,10,0.8461449776624874,0.8455977773113279,38,4,34,90,39,51,283.0,3.0
D_blurpool_s1,D_blurpool,02,20,0.847301321152901,0.8484660849219106,24,4,20,90,39,51,283.0,3.0
D_blurpool_s1,D_blurpool,02,50,0.8479493796381344,0.8469739155210413,4,4,0,90,39,51,283.0,3.0
D_blurpool_s1,D_blurpool,02,100,0.8478082992402104,0.8454226716419151,2,4,2,90,39,51,283.0,3.0
D_blurpool_s1,D_blurpool,03,0,0.7810974419058777,0.7615095088128969,99,1,98,99,63,36,156.0,3.0
D_blurpool_s1,D_blurpool,03,2,0.7810745267817907,0.7614896667202714,88,1,87,99,63,36,156.0,3.0
D_blurpool_s1,D_blurpool,03,5,0.7813416780754938,0.7626034071181694,58,1,57,99,63,36,156.0,3.0
D_blurpool_s1,D_blurpool,03,10,0.7816140786614161,0.7638690086609803,35,1,34,99,63,36,156.0,3.0
D_blurpool_s1,D_blurpool,03,20,0.7815471222609521,0.764191245967055,28,1,27,99,63,36,156.0,3.0
D_blurpool_s1,D_blurpool,03,50,0.7792601376947657,0.7571421604635671,16,1,15,99,63,36,156.0,3.0
D_blurpool_s1,D_blurpool,03,100,0.775885535969193,0.7471805748997438,9,1,8,99,63,36,156.0,3.0
D_blurpool_s1,D_blurpool,04,0,0.8231381638617353,0.7900390785777629,64,1,63,64,34,30,197.0,5.5
D_blurpool_s1,D_blurpool,04,2,0.8231598750293949,0.7901861047891866,60,1,59,64,34,30,197.0,5.5
D_blurpool_s1,D_blurpool,04,5,0.8234028244788164,0.79112424957187,41,1,40,64,34,30,197.0,5.5
D_blurpool_s1,D_blurpool,04,10,0.8237809806034483,0.7919852132447343,27,1,26,64,34,30,197.0,5.5
D_blurpool_s1,D_blurpool,04,20,0.8245195964102824,0.7932938462273001,10,1,9,64,34,30,197.0,5.5
D_blurpool_s1,D_blurpool,04,50,0.8238121836862506,0.7910856314825979,6,1,5,64,34,30,197.0,5.5
D_blurpool_s1,D_blurpool,04,100,0.8234035326086957,0.7885967188526376,3,1,2,64,34,30,197.0,5.5
D_blurpool_s1,D_blurpool,05,0,0.8028300763644404,0.7753295676543315,55,2,53,55,33,22,110.0,1.5
D_blurpool_s1,D_blurpool,05,2,0.8028988465856896,0.7755701668179431,40,2,38,55,33,22,110.0,1.5
D_blurpool_s1,D_blurpool,05,5,0.8030295294017531,0.7759558466519695,30,2,28,55,33,22,110.0,1.5
D_blurpool_s1,D_blurpool,05,10,0.8029977857264521,0.7759333253932381,24,2,22,55,33,22,110.0,1.5
D_blurpool_s1,D_blurpool,05,20,0.8036439318980518,0.7774929247324506,17,2,15,55,33,22,110.0,1.5
D_blurpool_s1,D_blurpool,05,50,0.8026877389053635,0.7737424992631554,8,2,6,55,33,22,110.0,1.5
D_blurpool_s1,D_blurpool,05,100,0.8018466520817902,0.7694945440142819,4,2,2,55,33,22,110.0,1.5
D_blurpool_s1,D_blurpool,06,0,0.7982761813376429,0.7619921187260388,80,4,76,80,51,29,146.0,4.0
D_blurpool_s1,D_blurpool,06,2,0.7982690980114833,0.7619607682641539,68,4,64,80,51,29,146.0,4.0
D_blurpool_s1,D_blurpool,06,5,0.7986182492206588,0.762755423343931,54,4,50,80,51,29,146.0,4.0
D_blurpool_s1,D_blurpool,06,10,0.7988320477982751,0.7631991776621372,39,4,35,80,51,29,146.0,4.0
D_blurpool_s1,D_blurpool,06,20,0.7989083450578882,0.7633947104255567,21,4,17,80,51,29,146.0,4.0
D_blurpool_s1,D_blurpool,06,50,0.7965686274509803,0.7569982751971306,13,4,9,80,51,29,146.0,4.0
D_blurpool_s1,D_blurpool,06,100,0.7912956787789198,0.7453019704054606,4,4,0,80,51,29,146.0,4.0
D_blurpool_s1,D_blurpool,07,0,0.8072351779340934,0.7875012981281638,81,2,79,81,43,38,167.0,2.0
D_blurpool_s1,D_blurpool,07,2,0.8073483535528596,0.7879863038044351,63,2,61,81,43,38,167.0,2.0
D_blurpool_s1,D_blurpool,07,5,0.8074301472501171,0.7885311085980825,46,2,44,81,43,38,167.0,2.0
D_blurpool_s1,D_blurpool,07,10,0.8078326441255169,0.7894814408813334,30,2,28,81,43,38,167.0,2.0
D_blurpool_s1,D_blurpool,07,20,0.8079941404206341,0.7886775355471878,14,2,12,81,43,38,167.0,2.0
D_blurpool_s1,D_blurpool,07,50,0.8079261348704382,0.7872184270773663,5,2,3,81,43,38,167.0,2.0
D_blurpool_s1,D_blurpool,07,100,0.806660564669436,0.7838677086952339,1,2,1,81,43,38,167.0,2.0
D_blurpool_s1,D_blurpool,08,0,0.7838968217411331,0.7598505549794484,86,3,83,86,48,38,275.0,4.0
D_blurpool_s1,D_blurpool,08,2,0.7839516411418883,0.760049122335291,72,3,69,86,48,38,275.0,4.0
D_blurpool_s1,D_blurpool,08,5,0.7841936317012876,0.760803618250745,55,3,52,86,48,38,275.0,4.0
D_blurpool_s1,D_blurpool,08,10,0.7848981252080021,0.7630250483818599,37,3,34,86,48,38,275.0,4.0
D_blurpool_s1,D_blurpool,08,20,0.7848715526661851,0.7634555720424719,29,3,26,86,48,38,275.0,4.0
D_blurpool_s1,D_blurpool,08,50,0.7842075788687698,0.7592935937067616,14,3,11,86,48,38,275.0,4.0
D_blurpool_s1,D_blurpool,08,100,0.7848640096436375,0.7571298834442012,7,3,4,86,48,38,275.0,4.0
D_blurpool_s1,D_blurpool,09,0,0.7887518773219508,0.771440691133496,71,3,68,71,42,29,120.0,2.0
D_blurpool_s1,D_blurpool,09,2,0.7888983335639591,0.7719436149658425,54,3,51,71,42,29,120.0,2.0
D_blurpool_s1,D_blurpool,09,5,0.7891196834817013,0.772698271284562,40,3,37,71,42,29,120.0,2.0
D_blurpool_s1,D_blurpool,09,10,0.7894424204023444,0.7734393620103731,33,3,30,71,42,29,120.0,2.0
D_blurpool_s1,D_blurpool,09,20,0.7901896534604309,0.7752344648251704,22,3,19,71,42,29,120.0,2.0
D_blurpool_s1,D_blurpool,09,50,0.7899552501198658,0.773574168735333,13,3,10,71,42,29,120.0,2.0
D_blurpool_s1,D_blurpool,09,100,0.7872310504851638,0.7662450646037783,9,3,6,71,42,29,120.0,2.0
D_blurpool_s1,D_blurpool,10,0,0.7979588117368325,0.7712677214636413,77,3,74,77,46,31,188.0,4.0
D_blurpool_s1,D_blurpool,10,2,0.7980239892085019,0.7715013720473154,65,3,62,77,46,31,188.0,4.0
D_blurpool_s1,D_blurpool,10,5,0.798263217426205,0.7722862197441566,52,3,49,77,46,31,188.0,4.0
D_blurpool_s1,D_blurpool,10,10,0.7982664667373733,0.7718731603438344,33,3,30,77,46,31,188.0,4.0
D_blurpool_s1,D_blurpool,10,20,0.7990898581573298,0.7725804707196999,19,3,16,77,46,31,188.0,4.0
D_blurpool_s1,D_blurpool,10,50,0.7979991878622319,0.7675574294683293,7,3,4,77,46,31,188.0,4.0
D_blurpool_s1,D_blurpool,10,100,0.797606033093072,0.7651793146637111,4,3,1,77,46,31,188.0,4.0
D_blurpool_s1,D_blurpool,11,0,0.802430302628965,0.7656044212977791,85,3,82,85,45,40,357.0,3.5
D_blurpool_s1,D_blurpool,11,2,0.8025104325362655,0.7659205157403702,69,3,66,85,45,40,357.0,3.5
D_blurpool_s1,D_blurpool,11,5,0.8027111678239398,0.7666636336947844,54,3,51,85,45,40,357.0,3.5
D_blurpool_s1,D_blurpool,11,10,0.8031004663977825,0.7674513609655714,41,3,38,85,45,40,357.0,3.5
D_blurpool_s1,D_blurpool,11,20,0.8051060709583882,0.7719967426412673,24,3,21,85,45,40,357.0,3.5
D_blurpool_s1,D_blurpool,11,50,0.8059786811930462,0.7712136560381402,7,3,4,85,45,40,357.0,3.5
D_blurpool_s1,D_blurpool,11,100,0.8064478054867048,0.7698245507646032,4,3,1,85,45,40,357.0,3.5
D_blurpool_s1,D_blurpool,12,0,0.8127407355294862,0.8306984894031669,59,1,58,59,35,24,191.0,4.0
D_blurpool_s1,D_blurpool,12,2,0.8128056288478452,0.8310022301163403,52,1,51,59,35,24,191.0,4.0
D_blurpool_s1,D_blurpool,12,5,0.812958628820807,0.8314891739277728,43,1,42,59,35,24,191.0,4.0
D_blurpool_s1,D_blurpool,12,10,0.8130273193243267,0.8316734927880544,35,1,34,59,35,24,191.0,4.0
D_blurpool_s1,D_blurpool,12,20,0.813226410428516,0.8321116404340423,23,1,22,59,35,24,191.0,4.0
D_blurpool_s1,D_blurpool,12,50,0.8135032209844467,0.8312237726643237,10,1,9,59,35,24,191.0,4.0
D_blurpool_s1,D_blurpool,12,100,0.8127902822436585,0.8278460478462223,7,1,6,59,35,24,191.0,4.0
D_blurpool_s1,D_blurpool,13,0,0.8110522260139332,0.7885336559856251,98,6,92,98,57,41,277.0,3.0
D_blurpool_s1,D_blurpool,13,2,0.811073535194652,0.7886714753222084,84,6,78,98,57,41,277.0,3.0
D_blurpool_s1,D_blurpool,13,5,0.8112865893023036,0.7895885890607943,57,6,51,98,57,41,277.0,3.0
D_blurpool_s1,D_blurpool,13,10,0.811305280423948,0.7895980041961376,42,6,36,98,57,41,277.0,3.0
D_blurpool_s1,D_blurpool,13,20,0.8121070054009535,0.7903259028606147,23,6,17,98,57,41,277.0,3.0
D_blurpool_s1,D_blurpool,13,50,0.8127728735778705,0.7899799772393061,9,6,3,98,57,41,277.0,3.0
D_blurpool_s1,D_blurpool,13,100,0.8115113459345742,0.782813448720371,2,6,4,98,57,41,277.0,3.0
D_blurpool_s1,D_blurpool,14,0,0.8144717697576209,0.8226859451170102,75,1,74,75,32,43,493.0,5.0
D_blurpool_s1,D_blurpool,14,2,0.814603152065881,0.8231960937075193,61,1,60,75,32,43,493.0,5.0
D_blurpool_s1,D_blurpool,14,5,0.8148398096185266,0.824050098162986,48,1,47,75,32,43,493.0,5.0
D_blurpool_s1,D_blurpool,14,10,0.8155170573796734,0.8261558883160807,35,1,34,75,32,43,493.0,5.0
D_blurpool_s1,D_blurpool,14,20,0.8164708403271311,0.8291021889516563,19,1,18,75,32,43,493.0,5.0
D_blurpool_s1,D_blurpool,14,50,0.8182390729310997,0.8311675107075572,5,1,4,75,32,43,493.0,5.0
D_blurpool_s1,D_blurpool,14,100,0.817865198953352,0.8297177645502778,3,1,2,75,32,43,493.0,5.0
D_blurpool_s1,D_blurpool,15,0,0.7961051378617285,0.821920305160264,76,2,74,76,19,57,737.0,6.0
D_blurpool_s1,D_blurpool,15,2,0.7962370208447186,0.8224298904274203,65,2,63,76,19,57,737.0,6.0
D_blurpool_s1,D_blurpool,15,5,0.7967803696323214,0.8241067627650849,48,2,46,76,19,57,737.0,6.0
D_blurpool_s1,D_blurpool,15,10,0.7983932595277751,0.8280072135930475,27,2,25,76,19,57,737.0,6.0
D_blurpool_s1,D_blurpool,15,20,0.7997880108350017,0.8312945951210051,21,2,19,76,19,57,737.0,6.0
D_blurpool_s1,D_blurpool,15,50,0.8023083460147433,0.8363675356556683,9,2,7,76,19,57,737.0,6.0
D_blurpool_s1,D_blurpool,15,100,0.8034252864385804,0.8351701520107226,2,2,0,76,19,57,737.0,6.0
D_blurpool_s1,D_blurpool,16,0,0.8296112899232483,0.8681034661582755,73,2,71,73,29,44,337.0,4.0
D_blurpool_s1,D_blurpool,16,2,0.8296902859406987,0.8684045313446066,60,2,58,73,29,44,337.0,4.0
D_blurpool_s1,D_blurpool,16,5,0.8300870628273116,0.8700477354450664,44,2,42,73,29,44,337.0,4.0
D_blurpool_s1,D_blurpool,16,10,0.8303116522199431,0.871197394898177,32,2,30,73,29,44,337.0,4.0
D_blurpool_s1,D_blurpool,16,20,0.8311093407687712,0.8737858878002923,18,2,16,73,29,44,337.0,4.0
D_blurpool_s1,D_blurpool,16,50,0.830522061525101,0.8731596704918021,4,2,2,73,29,44,337.0,4.0
D_blurpool_s1,D_blurpool,16,100,0.8282456169728227,0.8684258994732569,2,2,0,73,29,44,337.0,4.0
D_blurpool_s1,D_blurpool,17,0,0.8015465806640768,0.8182399510428765,90,1,89,90,39,51,472.0,5.0
D_blurpool_s1,D_blurpool,17,2,0.8015983576508542,0.8186436933212164,74,1,73,90,39,51,472.0,5.0
D_blurpool_s1,D_blurpool,17,5,0.8019006384383943,0.8197918340768131,57,1,56,90,39,51,472.0,5.0
D_blurpool_s1,D_blurpool,17,10,0.8024258017090876,0.8217043362297528,43,1,42,90,39,51,472.0,5.0
D_blurpool_s1,D_blurpool,17,20,0.8038273976651397,0.8254191829853201,23,1,22,90,39,51,472.0,5.0
D_blurpool_s1,D_blurpool,17,50,0.8029254277132036,0.823908730769987,7,1,6,90,39,51,472.0,5.0
D_blurpool_s1,D_blurpool,17,100,0.7980677054942577,0.8150553762890093,2,1,1,90,39,51,472.0,5.0
D_blurpool_s1,D_blurpool,18,0,0.8106429053214527,0.8642259786427808,63,3,60,63,19,44,380.0,3.5
D_blurpool_s1,D_blurpool,18,2,0.810823287111837,0.8649503997705342,48,3,45,63,19,44,380.0,3.5
D_blurpool_s1,D_blurpool,18,5,0.8113371834740115,0.8670494242902445,33,3,30,63,19,44,380.0,3.5
D_blurpool_s1,D_blurpool,18,10,0.8114818240022764,0.8679902355339464,25,3,22,63,19,44,380.0,3.5
D_blurpool_s1,D_blurpool,18,20,0.8114440349659064,0.8676333592256122,21,3,18,63,19,44,380.0,3.5
D_blurpool_s1,D_blurpool,18,50,0.8138203356367226,0.8753816295638972,6,3,3,63,19,44,380.0,3.5
D_blurpool_s1,D_blurpool,18,100,0.8127758462286754,0.8723713954777852,3,3,0,63,19,44,380.0,3.5
D_blurpool_s1,D_blurpool,19,0,0.8369011900347234,0.8735421430323431,82,5,77,82,26,56,465.0,3.0
D_blurpool_s1,D_blurpool,19,2,0.8371638141809291,0.8745395336173483,61,5,56,82,26,56,465.0,3.0
D_blurpool_s1,D_blurpool,19,5,0.8375906866880378,0.876117689143795,47,5,42,82,26,56,465.0,3.0
D_blurpool_s1,D_blurpool,19,10,0.8380807568846089,0.8776607620819691,34,5,29,82,26,56,465.0,3.0
D_blurpool_s1,D_blurpool,19,20,0.83982155276237,0.8824900281304231,18,5,13,82,26,56,465.0,3.0
D_blurpool_s1,D_blurpool,19,50,0.840635072221559,0.8838404504455879,8,5,3,82,26,56,465.0,3.0
D_blurpool_s1,D_blurpool,19,100,0.8399157000154207,0.8817831404947639,4,5,1,82,26,56,465.0,3.0
D_blurpool_s1,D_blurpool,20,0,0.7931493744020709,0.8349730424496546,93,3,90,93,27,66,852.0,8.5
D_blurpool_s1,D_blurpool,20,2,0.7933344592692676,0.8358175206115072,73,3,70,93,27,66,852.0,8.5
D_blurpool_s1,D_blurpool,20,5,0.7935846150956861,0.8369355105273223,58,3,55,93,27,66,852.0,8.5
D_blurpool_s1,D_blurpool,20,10,0.7947164415007715,0.8401691927413045,44,3,41,93,27,66,852.0,8.5
D_blurpool_s1,D_blurpool,20,20,0.7970529895154435,0.8461681910611222,29,3,26,93,27,66,852.0,8.5
D_blurpool_s1,D_blurpool,20,50,0.802131682998109,0.8572129939619058,10,3,7,93,27,66,852.0,8.5
D_blurpool_s1,D_blurpool,20,100,0.7996528782181082,0.8522434992457308,3,3,0,93,27,66,852.0,8.5
A_dice_s2,A_dice,01,0,0.8189260620125056,0.8454270878215558,88,9,79,88,43,45,294.0,3.0
A_dice_s2,A_dice,01,2,0.8189380017409807,0.84568141089684,70,9,61,88,43,45,294.0,3.0
A_dice_s2,A_dice,01,5,0.8194023107209708,0.8475008161695776,48,9,39,88,43,45,294.0,3.0
A_dice_s2,A_dice,01,10,0.819933769485502,0.8492580793142079,38,9,29,88,43,45,294.0,3.0
A_dice_s2,A_dice,01,20,0.8202083602950693,0.8500770815946835,31,9,22,88,43,45,294.0,3.0
A_dice_s2,A_dice,01,50,0.8227306032728161,0.8550561282208219,16,9,7,88,43,45,294.0,3.0
A_dice_s2,A_dice,01,100,0.8195192433994483,0.8472545518008652,8,9,1,88,43,45,294.0,3.0
A_dice_s2,A_dice,02,0,0.8442650620092463,0.847425224899463,81,4,77,81,36,45,285.0,2.0
A_dice_s2,A_dice,02,2,0.8444294375853311,0.8481134890219998,63,4,59,81,36,45,285.0,2.0
A_dice_s2,A_dice,02,5,0.8447095466165193,0.8491034614440495,44,4,40,81,36,45,285.0,2.0
A_dice_s2,A_dice,02,10,0.8452428241455915,0.8510874979653633,30,4,26,81,36,45,285.0,2.0
A_dice_s2,A_dice,02,20,0.8455392417005719,0.8510549907813055,21,4,17,81,36,45,285.0,2.0
A_dice_s2,A_dice,02,50,0.8453984453806443,0.848480020934413,7,4,3,81,36,45,285.0,2.0
A_dice_s2,A_dice,02,100,0.8459891139466404,0.8482186298223433,4,4,0,81,36,45,285.0,2.0
A_dice_s2,A_dice,03,0,0.7851191629529161,0.7742334432127636,114,1,113,114,60,54,309.0,3.0
A_dice_s2,A_dice,03,2,0.7851143558599302,0.77452712030316,94,1,93,114,60,54,309.0,3.0
A_dice_s2,A_dice,03,5,0.7856322675593939,0.7763368502015288,65,1,64,114,60,54,309.0,3.0
A_dice_s2,A_dice,03,10,0.786070780399274,0.777529223041326,47,1,46,114,60,54,309.0,3.0
A_dice_s2,A_dice,03,20,0.7868879128029933,0.7788790840831099,30,1,29,114,60,54,309.0,3.0
A_dice_s2,A_dice,03,50,0.7862501436380649,0.773501869654043,14,1,13,114,60,54,309.0,3.0
A_dice_s2,A_dice,03,100,0.7842002579279785,0.7660713262421479,8,1,7,114,60,54,309.0,3.0
A_dice_s2,A_dice,04,0,0.8218502262597394,0.7935598640962049,70,1,69,70,34,36,181.0,3.5
A_dice_s2,A_dice,04,2,0.8219639605914683,0.7939829201473414,57,1,56,70,34,36,181.0,3.5
A_dice_s2,A_dice,04,5,0.8223592328916443,0.7951851261622686,39,1,38,70,34,36,181.0,3.5
A_dice_s2,A_dice,04,10,0.8225080166473357,0.7950336997168294,26,1,25,70,34,36,181.0,3.5
A_dice_s2,A_dice,04,20,0.8229435821968206,0.795849055974394,12,1,11,70,34,36,181.0,3.5
A_dice_s2,A_dice,04,50,0.8225712223787759,0.7932224264825827,5,1,4,70,34,36,181.0,3.5
A_dice_s2,A_dice,04,100,0.8226879459515356,0.7919777413889248,2,1,1,70,34,36,181.0,3.5
A_dice_s2,A_dice,05,0,0.7990368458433662,0.7791892761875249,83,2,81,83,48,35,212.0,4.0
A_dice_s2,A_dice,05,2,0.7990574863993901,0.7792608711137256,74,2,72,83,48,35,212.0,4.0
A_dice_s2,A_dice,05,5,0.799056505601998,0.7795049625069272,50,2,48,83,48,35,212.0,4.0
A_dice_s2,A_dice,05,10,0.7997496435898327,0.7818625239924586,30,2,28,83,48,35,212.0,4.0
A_dice_s2,A_dice,05,20,0.8001116207684392,0.7816722581768447,16,2,14,83,48,35,212.0,4.0
A_dice_s2,A_dice,05,50,0.7991156808730897,0.7784161595004029,5,2,3,83,48,35,212.0,4.0
A_dice_s2,A_dice,05,100,0.7988438898875613,0.7763849533099132,2,2,0,83,48,35,212.0,4.0
A_dice_s2,A_dice,06,0,0.7936556043845027,0.7696698559742791,97,4,93,97,55,42,256.0,2.5
A_dice_s2,A_dice,06,2,0.7937411574479553,0.7699567822907899,78,4,74,97,55,42,256.0,2.5
A_dice_s2,A_dice,06,5,0.7939832380566938,0.7708641957383494,52,4,48,97,55,42,256.0,2.5
A_dice_s2,A_dice,06,10,0.7942397947124962,0.7716537135853108,41,4,37,97,55,42,256.0,2.5
A_dice_s2,A_dice,06,20,0.7947389802965671,0.7724391272912496,30,4,26,97,55,42,256.0,2.5
A_dice_s2,A_dice,06,50,0.7935737480772518,0.766516516443971,12,4,8,97,55,42,256.0,2.5
A_dice_s2,A_dice,06,100,0.7893239538612735,0.7551367592482959,4,4,0,97,55,42,256.0,2.5
A_dice_s2,A_dice,07,0,0.8062895291637385,0.79838348180181,99,2,97,99,52,47,261.0,4.0
A_dice_s2,A_dice,07,2,0.806354115414353,0.7986270054325153,87,2,85,99,52,47,261.0,4.0
A_dice_s2,A_dice,07,5,0.8069761712012953,0.8005128410593373,56,2,54,99,52,47,261.0,4.0
A_dice_s2,A_dice,07,10,0.8070045497830918,0.8005790682727234,39,2,37,99,52,47,261.0,4.0
A_dice_s2,A_dice,07,20,0.807415145452292,0.8018261604408113,21,2,19,99,52,47,261.0,4.0
A_dice_s2,A_dice,07,50,0.8067485210801923,0.7971672307020311,6,2,4,99,52,47,261.0,4.0
A_dice_s2,A_dice,07,100,0.8041799834811649,0.7900877559570176,2,2,0,99,52,47,261.0,4.0
A_dice_s2,A_dice,08,0,0.7843740041614337,0.7724404583052231,99,3,96,99,51,48,239.0,2.0
A_dice_s2,A_dice,08,2,0.7845086271567892,0.7731169414139106,72,3,69,99,51,48,239.0,2.0
A_dice_s2,A_dice,08,5,0.7846803717262743,0.7743213492133276,52,3,49,99,51,48,239.0,2.0
A_dice_s2,A_dice,08,10,0.7856229310863677,0.7770488645633139,37,3,34,99,51,48,239.0,2.0
A_dice_s2,A_dice,08,20,0.7858327678504109,0.7773246619729581,29,3,26,99,51,48,239.0,2.0
A_dice_s2,A_dice,08,50,0.7843585639149325,0.7720708811081398,11,3,8,99,51,48,239.0,2.0
A_dice_s2,A_dice,08,100,0.7821022891079975,0.764765942259136,5,3,2,99,51,48,239.0,2.0
A_dice_s2,A_dice,09,0,0.7913734843967402,0.7931978509221648,91,3,88,91,57,34,127.0,2.0
A_dice_s2,A_dice,09,2,0.7914661788682547,0.7937180565710407,75,3,72,91,57,34,127.0,2.0
A_dice_s2,A_dice,09,5,0.7916409592994328,0.7942405316158617,57,3,54,91,57,34,127.0,2.0
A_dice_s2,A_dice,09,10,0.7918735171561297,0.7949407591407166,44,3,41,91,57,34,127.0,2.0
A_dice_s2,A_dice,09,20,0.7918060033240554,0.7947350292011244,28,3,25,91,57,34,127.0,2.0
A_dice_s2,A_dice,09,50,0.7897446250126173,0.7892950887640807,14,3,11,91,57,34,127.0,2.0
A_dice_s2,A_dice,09,100,0.7851229558337751,0.7765618202876072,7,3,4,91,57,34,127.0,2.0
A_dice_s2,A_dice,10,0,0.8013569821896087,0.7819988929644343,89,3,86,89,47,42,240.0,3.0
A_dice_s2,A_dice,10,2,0.8014015675426464,0.7821656315976742,76,3,73,89,47,42,240.0,3.0
A_dice_s2,A_dice,10,5,0.8017580469428081,0.7830165672022107,49,3,46,89,47,42,240.0,3.0
A_dice_s2,A_dice,10,10,0.8022483959839506,0.7844366005774056,38,3,35,89,47,42,240.0,3.0
A_dice_s2,A_dice,10,20,0.8039867109634552,0.7881277104453754,24,3,21,89,47,42,240.0,3.0
A_dice_s2,A_dice,10,50,0.8032636562681288,0.7826378316438807,9,3,6,89,47,42,240.0,3.0
A_dice_s2,A_dice,10,100,0.8022350152387403,0.7784189888237213,4,3,1,89,47,42,240.0,3.0
A_dice_s2,A_dice,11,0,0.80872870995294,0.7840142276607227,99,3,96,99,52,47,268.0,3.0
A_dice_s2,A_dice,11,2,0.8088799530870403,0.7845663786131499,73,3,70,99,52,47,268.0,3.0
A_dice_s2,A_dice,11,5,0.8090893845379843,0.7853768667501505,55,3,52,99,52,47,268.0,3.0
A_dice_s2,A_dice,11,10,0.8092300969731601,0.7858947887056001,35,3,32,99,52,47,268.0,3.0
A_dice_s2,A_dice,11,20,0.809698032405456,0.7860418769147349,22,3,19,99,52,47,268.0,3.0
A_dice_s2,A_dice,11,50,0.8095513256288239,0.782894319111047,5,3,2,99,52,47,268.0,3.0
A_dice_s2,A_dice,11,100,0.8102963959209384,0.7838851915715053,3,3,0,99,52,47,268.0,3.0
A_dice_s2,A_dice,12,0,0.8150675195451315,0.8314617703102364,79,1,78,79,32,47,322.0,4.0
A_dice_s2,A_dice,12,2,0.8152058008104074,0.8319592165427049,67,1,66,79,32,47,322.0,4.0
A_dice_s2,A_dice,12,5,0.8158494057362465,0.8342742052012774,45,1,44,79,32,47,322.0,4.0
A_dice_s2,A_dice,12,10,0.8168065430052921,0.8369764016943063,33,1,32,79,32,47,322.0,4.0
A_dice_s2,A_dice,12,20,0.8169452697139994,0.8368226686771498,16,1,15,79,32,47,322.0,4.0
A_dice_s2,A_dice,12,50,0.8173625227105107,0.836799233592108,7,1,6,79,32,47,322.0,4.0
A_dice_s2,A_dice,12,100,0.8171570569380919,0.8359406980967018,6,1,5,79,32,47,322.0,4.0
A_dice_s2,A_dice,13,0,0.8117169465891905,0.7948254063145872,112,6,106,112,58,54,364.0,4.0
A_dice_s2,A_dice,13,2,0.8117474676689813,0.7949610655688013,85,6,79,112,58,54,364.0,4.0
A_dice_s2,A_dice,13,5,0.8119967472933973,0.7959851213316618,61,6,55,112,58,54,364.0,4.0
A_dice_s2,A_dice,13,10,0.812102419844644,0.7964462580837914,38,6,32,112,58,54,364.0,4.0
A_dice_s2,A_dice,13,20,0.8120382686174901,0.7958416621254903,25,6,19,112,58,54,364.0,4.0
A_dice_s2,A_dice,13,50,0.811432081602302,0.7925464832405789,7,6,1,112,58,54,364.0,4.0
A_dice_s2,A_dice,13,100,0.8107571665636286,0.7876873808095173,1,6,5,112,58,54,364.0,4.0
A_dice_s2,A_dice,14,0,0.8154247041366581,0.8204134458159014,104,1,103,104,36,68,612.0,4.5
A_dice_s2,A_dice,14,2,0.8156260748357198,0.8211530874602043,83,1,82,104,36,68,612.0,4.5
A_dice_s2,A_dice,14,5,0.8161009116117223,0.8228193080983266,60,1,59,104,36,68,612.0,4.5
A_dice_s2,A_dice,14,10,0.8174466151749205,0.8265477583155152,38,1,37,104,36,68,612.0,4.5
A_dice_s2,A_dice,14,20,0.8188367469769647,0.829291822136377,22,1,21,104,36,68,612.0,4.5
A_dice_s2,A_dice,14,50,0.820137013976895,0.8308614591761155,10,1,9,104,36,68,612.0,4.5
A_dice_s2,A_dice,14,100,0.8188416530884314,0.8250898213226606,4,1,3,104,36,68,612.0,4.5
A_dice_s2,A_dice,15,0,0.8001671076451747,0.8253177797873446,120,2,118,120,22,98,897.0,4.0
A_dice_s2,A_dice,15,2,0.8005732598180696,0.8267837407253035,92,2,90,120,22,98,897.0,4.0
A_dice_s2,A_dice,15,5,0.8015948963317384,0.8298994965912492,64,2,62,120,22,98,897.0,4.0
A_dice_s2,A_dice,15,10,0.8031905323551166,0.8339899865215923,42,2,40,120,22,98,897.0,4.0
A_dice_s2,A_dice,15,20,0.806531956774997,0.8413222971703279,25,2,23,120,22,98,897.0,4.0
A_dice_s2,A_dice,15,50,0.8106039126736604,0.8486776171431154,11,2,9,120,22,98,897.0,4.0
A_dice_s2,A_dice,15,100,0.8124833398265291,0.8468178719324507,1,2,1,120,22,98,897.0,4.0
A_dice_s2,A_dice,16,0,0.8328649805968152,0.8596450972636123,94,2,92,94,34,60,627.0,5.0
A_dice_s2,A_dice,16,2,0.8329066907594238,0.8600365864582635,79,2,77,94,34,60,627.0,5.0
A_dice_s2,A_dice,16,5,0.8330736365921085,0.8613427792039379,50,2,48,94,34,60,627.0,5.0
A_dice_s2,A_dice,16,10,0.8333473203645579,0.8624984719060969,34,2,32,94,34,60,627.0,5.0
A_dice_s2,A_dice,16,20,0.8351326315789473,0.8671964337815495,20,2,18,94,34,60,627.0,5.0
A_dice_s2,A_dice,16,50,0.837388572883946,0.871722399048222,4,2,2,94,34,60,627.0,5.0
A_dice_s2,A_dice,16,100,0.8369774208368073,0.8706566117330009,2,2,0,94,34,60,627.0,5.0
A_dice_s2,A_dice,17,0,0.8079207192630863,0.8217928449871974,106,1,105,106,47,59,465.0,3.0
A_dice_s2,A_dice,17,2,0.8079306983502235,0.8221149152730298,88,1,87,106,47,59,465.0,3.0
A_dice_s2,A_dice,17,5,0.8082872928176795,0.8233597107260878,61,1,60,106,47,59,465.0,3.0
A_dice_s2,A_dice,17,10,0.8092470618623273,0.8263913413553452,47,1,46,106,47,59,465.0,3.0
A_dice_s2,A_dice,17,20,0.8105491570689367,0.8306718139164122,26,1,25,106,47,59,465.0,3.0
A_dice_s2,A_dice,17,50,0.8092364208869063,0.8285364183521807,8,1,7,106,47,59,465.0,3.0
A_dice_s2,A_dice,17,100,0.8063963879221145,0.8219282374434624,5,1,4,106,47,59,465.0,3.0
A_dice_s2,A_dice,18,0,0.8157357314320519,0.857467991722408,94,3,91,94,26,68,614.0,4.5
A_dice_s2,A_dice,18,2,0.8159417952439832,0.8582674363684166,75,3,72,94,26,68,614.0,4.5
A_dice_s2,A_dice,18,5,0.8164759068565893,0.860369447480452,54,3,51,94,26,68,614.0,4.5
A_dice_s2,A_dice,18,10,0.8172765835070818,0.8629454319924243,36,3,33,94,26,68,614.0,4.5
A_dice_s2,A_dice,18,20,0.8193136299664393,0.8682887424856597,20,3,17,94,26,68,614.0,4.5
A_dice_s2,A_dice,18,50,0.8197198471893761,0.8699857827974893,6,3,3,94,26,68,614.0,4.5
A_dice_s2,A_dice,18,100,0.8198203143583832,0.87054324684945,1,3,2,94,26,68,614.0,4.5
A_dice_s2,A_dice,19,0,0.8525774961466005,0.8734265146749342,94,5,89,94,31,63,636.0,3.0
A_dice_s2,A_dice,19,2,0.8526932565789473,0.8739830291343853,72,5,67,94,31,63,636.0,3.0
A_dice_s2,A_dice,19,5,0.8535062439961575,0.8767371657679044,47,5,42,94,31,63,636.0,3.0
A_dice_s2,A_dice,19,10,0.8538272706985048,0.8776935869379556,40,5,35,94,31,63,636.0,3.0
A_dice_s2,A_dice,19,20,0.8545871322452215,0.8804435683771676,24,5,19,94,31,63,636.0,3.0
A_dice_s2,A_dice,19,50,0.8575394759673781,0.8863097856419032,11,5,6,94,31,63,636.0,3.0
A_dice_s2,A_dice,19,100,0.855038488453464,0.8818241288234389,4,5,1,94,31,63,636.0,3.0
A_dice_s2,A_dice,20,0,0.8057704369642483,0.8331547784351239,93,3,90,93,21,72,824.0,7.0
A_dice_s2,A_dice,20,2,0.8059014772705667,0.8337616515131779,77,3,74,93,21,72,824.0,7.0
A_dice_s2,A_dice,20,5,0.8064252136345469,0.8355181583965973,58,3,55,93,21,72,824.0,7.0
A_dice_s2,A_dice,20,10,0.8079844280752643,0.839641457339319,39,3,36,93,21,72,824.0,7.0
A_dice_s2,A_dice,20,20,0.8112947130314765,0.8484947582425941,21,3,18,93,21,72,824.0,7.0
A_dice_s2,A_dice,20,50,0.8158871279474295,0.8573746066480438,8,3,5,93,21,72,824.0,7.0
A_dice_s2,A_dice,20,100,0.8141180129052321,0.8540521663770659,4,3,1,93,21,72,824.0,7.0
B_cldice_s2,B_cldice,01,0,0.8236363056715656,0.8590555377530967,59,9,50,59,32,27,124.0,4.0
B_cldice_s2,B_cldice,01,2,0.8236269430051814,0.859058664501426,50,9,41,59,32,27,124.0,4.0
B_cldice_s2,B_cldice,01,5,0.8240511781503757,0.8604581873351591,36,9,27,59,32,27,124.0,4.0
B_cldice_s2,B_cldice,01,10,0.8245084415480697,0.8613326861247046,25,9,16,59,32,27,124.0,4.0
B_cldice_s2,B_cldice,01,20,0.8245246509842803,0.8611518377264201,19,9,10,59,32,27,124.0,4.0
B_cldice_s2,B_cldice,01,50,0.8241523037062071,0.8591239168396138,6,9,3,59,32,27,124.0,4.0
B_cldice_s2,B_cldice,01,100,0.8235920778654787,0.8585706952329982,3,9,6,59,32,27,124.0,4.0
B_cldice_s2,B_cldice,02,0,0.8466178623718887,0.8496910279553775,67,4,63,67,32,35,254.0,4.0
B_cldice_s2,B_cldice,02,2,0.8465998945703743,0.8496364472242592,59,4,55,67,32,35,254.0,4.0
B_cldice_s2,B_cldice,02,5,0.8471084672752047,0.8515217788839449,45,4,41,67,32,35,254.0,4.0
B_cldice_s2,B_cldice,02,10,0.8477868575871833,0.8538677180687916,31,4,27,67,32,35,254.0,4.0
B_cldice_s2,B_cldice,02,20,0.84910764164535,0.8573513769872679,21,4,17,67,32,35,254.0,4.0
B_cldice_s2,B_cldice,02,50,0.8485619223659889,0.8532077361818727,6,4,2,67,32,35,254.0,4.0
B_cldice_s2,B_cldice,02,100,0.8480802326271438,0.8503637041149228,3,4,1,67,32,35,254.0,4.0
B_cldice_s2,B_cldice,03,0,0.7975694221766177,0.7867253775691837,87,1,86,87,45,42,209.0,3.5
B_cldice_s2,B_cldice,03,2,0.7976392853706258,0.7871144542898695,69,1,68,87,45,42,209.0,3.5
B_cldice_s2,B_cldice,03,5,0.797829820703382,0.7876749202165885,48,1,47,87,45,42,209.0,3.5
B_cldice_s2,B_cldice,03,10,0.7984885029747548,0.78953857168376,31,1,30,87,45,42,209.0,3.5
B_cldice_s2,B_cldice,03,20,0.7993301342951917,0.7917056083774063,25,1,24,87,45,42,209.0,3.5
B_cldice_s2,B_cldice,03,50,0.7975424224692803,0.7820651518722024,7,1,6,87,45,42,209.0,3.5
B_cldice_s2,B_cldice,03,100,0.7960153506981301,0.7771606071359513,2,1,1,87,45,42,209.0,3.5
B_cldice_s2,B_cldice,04,0,0.8207463802596696,0.7897282137163179,57,1,56,57,33,24,131.0,3.5
B_cldice_s2,B_cldice,04,2,0.8207778079956486,0.7898518139425303,45,1,44,57,33,24,131.0,3.5
B_cldice_s2,B_cldice,04,5,0.8208703933606571,0.7902375681217652,34,1,33,57,33,24,131.0,3.5
B_cldice_s2,B_cldice,04,10,0.821252255626298,0.7911882786296028,25,1,24,57,33,24,131.0,3.5
B_cldice_s2,B_cldice,04,20,0.8216070545293285,0.7918157309672235,17,1,16,57,33,24,131.0,3.5
B_cldice_s2,B_cldice,04,50,0.8204802744425386,0.7863948057854854,7,1,6,57,33,24,131.0,3.5
B_cldice_s2,B_cldice,04,100,0.8184011858388776,0.7825351920025393,3,1,2,57,33,24,131.0,3.5
B_cldice_s2,B_cldice,05,0,0.8065782676080593,0.7881756089658027,64,2,62,64,39,25,107.0,2.0
B_cldice_s2,B_cldice,05,2,0.8066349731293924,0.7883771904065573,50,2,48,64,39,25,107.0,2.0
B_cldice_s2,B_cldice,05,5,0.8069207968566898,0.7893361073119687,39,2,37,64,39,25,107.0,2.0
B_cldice_s2,B_cldice,05,10,0.8072154103505959,0.7898055033267678,33,2,31,64,39,25,107.0,2.0
B_cldice_s2,B_cldice,05,20,0.8062066460239755,0.7867612748627146,20,2,18,64,39,25,107.0,2.0
B_cldice_s2,B_cldice,05,50,0.8045343564701779,0.7805772870003482,5,2,3,64,39,25,107.0,2.0
B_cldice_s2,B_cldice,05,100,0.8040285354595048,0.7785822633190115,3,2,1,64,39,25,107.0,2.0
B_cldice_s2,B_cldice,06,0,0.7944738131027378,0.7718970790413296,83,4,79,83,56,27,172.0,4.0
B_cldice_s2,B_cldice,06,2,0.7943779985134131,0.7716391974204291,70,4,66,83,56,27,172.0,4.0
B_cldice_s2,B_cldice,06,5,0.7947113921482434,0.7727555885708229,53,4,49,83,56,27,172.0,4.0
B_cldice_s2,B_cldice,06,10,0.7949508641138597,0.7732295259986791,35,4,31,83,56,27,172.0,4.0
B_cldice_s2,B_cldice,06,20,0.7945014612927344,0.7718763963882744,23,4,19,83,56,27,172.0,4.0
B_cldice_s2,B_cldice,06,50,0.7928698508279731,0.7656706100425512,9,4,5,83,56,27,172.0,4.0
B_cldice_s2,B_cldice,06,100,0.7910001032098256,0.7591533187157615,4,4,0,83,56,27,172.0,4.0
B_cldice_s2,B_cldice,07,0,0.807615441253813,0.7973191078030251,61,2,59,61,35,26,191.0,4.0
B_cldice_s2,B_cldice,07,2,0.8076376834464257,0.7976057245981958,52,2,50,61,35,26,191.0,4.0
B_cldice_s2,B_cldice,07,5,0.8080007018159487,0.7986862206191976,39,2,37,61,35,26,191.0,4.0
B_cldice_s2,B_cldice,07,10,0.8079388776675156,0.7980103714494375,30,2,28,61,35,26,191.0,4.0
B_cldice_s2,B_cldice,07,20,0.8094734616197927,0.801190952159586,18,2,16,61,35,26,191.0,4.0
B_cldice_s2,B_cldice,07,50,0.8088279575606213,0.797947350385913,8,2,6,61,35,26,191.0,4.0
B_cldice_s2,B_cldice,07,100,0.8069824724235176,0.7909288632710048,2,2,0,61,35,26,191.0,4.0
B_cldice_s2,B_cldice,08,0,0.78606707486265,0.7738796300032732,79,3,76,79,45,34,305.0,5.5
B_cldice_s2,B_cldice,08,2,0.7860803285664071,0.77399759367375,73,3,70,79,45,34,305.0,5.5
B_cldice_s2,B_cldice,08,5,0.7864298809281309,0.7750532460128309,54,3,51,79,45,34,305.0,5.5
B_cldice_s2,B_cldice,08,10,0.7870773909979414,0.7766623325669054,42,3,39,79,45,34,305.0,5.5
B_cldice_s2,B_cldice,08,20,0.787812191533347,0.7780206404716891,25,3,22,79,45,34,305.0,5.5
B_cldice_s2,B_cldice,08,50,0.7886096397310192,0.7754917533293628,10,3,7,79,45,34,305.0,5.5
B_cldice_s2,B_cldice,08,100,0.7860420325157197,0.7687753529285402,6,3,3,79,45,34,305.0,5.5
B_cldice_s2,B_cldice,09,0,0.7899026980085657,0.7923119011381681,74,3,71,74,50,24,112.0,2.0
B_cldice_s2,B_cldice,09,2,0.7898602226960436,0.7922208020421728,59,3,56,74,50,24,112.0,2.0
B_cldice_s2,B_cldice,09,5,0.7899030200082956,0.7924930359136274,49,3,46,74,50,24,112.0,2.0
B_cldice_s2,B_cldice,09,10,0.7904272151898735,0.794012490259902,38,3,35,74,50,24,112.0,2.0
B_cldice_s2,B_cldice,09,20,0.7906340457591499,0.7941558128030343,28,3,25,74,50,24,112.0,2.0
B_cldice_s2,B_cldice,09,50,0.7877673395962422,0.7857514680065693,15,3,12,74,50,24,112.0,2.0
B_cldice_s2,B_cldice,09,100,0.7850135965354014,0.7787851637928187,9,3,6,74,50,24,112.0,2.0
B_cldice_s2,B_cldice,10,0,0.7998150545589051,0.7813179823296259,69,3,66,69,38,31,173.0,4.0
B_cldice_s2,B_cldice,10,2,0.7998742161632231,0.7815288404990118,60,3,57,69,38,31,173.0,4.0
B_cldice_s2,B_cldice,10,5,0.8002739523174885,0.782807380905552,46,3,43,69,38,31,173.0,4.0
B_cldice_s2,B_cldice,10,10,0.8009417173364971,0.7842492702227667,35,3,32,69,38,31,173.0,4.0
B_cldice_s2,B_cldice,10,20,0.8017034571253231,0.7854797562215076,21,3,18,69,38,31,173.0,4.0
B_cldice_s2,B_cldice,10,50,0.8009818801881312,0.7804734239119118,7,3,4,69,38,31,173.0,4.0
B_cldice_s2,B_cldice,10,100,0.8004287809831873,0.777841791295118,4,3,1,69,38,31,173.0,4.0
B_cldice_s2,B_cldice,11,0,0.8059092040833264,0.7821679480413259,77,3,74,77,48,29,150.0,2.0
B_cldice_s2,B_cldice,11,2,0.8059904697072838,0.7824980657244268,61,3,58,77,48,29,150.0,2.0
B_cldice_s2,B_cldice,11,5,0.806154152890159,0.7829094363676912,45,3,42,77,48,29,150.0,2.0
B_cldice_s2,B_cldice,11,10,0.806261644929465,0.7830487548708647,33,3,30,77,48,29,150.0,2.0
B_cldice_s2,B_cldice,11,20,0.8059581991960101,0.7817141496290774,22,3,19,77,48,29,150.0,2.0
B_cldice_s2,B_cldice,11,50,0.8068912143746425,0.7804664010534487,5,3,2,77,48,29,150.0,2.0
B_cldice_s2,B_cldice,11,100,0.8068775049678354,0.7797317904249212,4,3,1,77,48,29,150.0,2.0
B_cldice_s2,B_cldice,12,0,0.817993942633173,0.8379413035615368,62,1,61,62,34,28,195.0,4.5
B_cldice_s2,B_cldice,12,2,0.8179890597437771,0.8379460234064567,55,1,54,62,34,28,195.0,4.5
B_cldice_s2,B_cldice,12,5,0.8183973616186826,0.8393231883204616,45,1,44,62,34,28,195.0,4.5
B_cldice_s2,B_cldice,12,10,0.8187804486321537,0.8405383369464344,37,1,36,62,34,28,195.0,4.5
B_cldice_s2,B_cldice,12,20,0.8192732224770642,0.8406057468225425,19,1,18,62,34,28,195.0,4.5
B_cldice_s2,B_cldice,12,50,0.8186742976441157,0.8381949559814494,10,1,9,62,34,28,195.0,4.5
B_cldice_s2,B_cldice,12,100,0.8171977050481724,0.8362868145752673,8,1,7,62,34,28,195.0,4.5
B_cldice_s2,B_cldice,13,0,0.8128198222461621,0.7980942417499783,80,6,74,80,47,33,344.0,7.0
B_cldice_s2,B_cldice,13,2,0.8127020346073398,0.7978229217928707,67,6,61,80,47,33,344.0,7.0
B_cldice_s2,B_cldice,13,5,0.8126387215422665,0.7978662238566988,55,6,49,80,47,33,344.0,7.0
B_cldice_s2,B_cldice,13,10,0.8136222910216718,0.800682236154328,41,6,35,80,47,33,344.0,7.0
B_cldice_s2,B_cldice,13,20,0.8142788844621514,0.8012441707659713,24,6,18,80,47,33,344.0,7.0
B_cldice_s2,B_cldice,13,50,0.8157700574214866,0.8016341405237156,10,6,4,80,47,33,344.0,7.0
B_cldice_s2,B_cldice,13,100,0.8136004268322259,0.792461576765705,2,6,4,80,47,33,344.0,7.0
B_cldice_s2,B_cldice,14,0,0.8155643421998562,0.8287305547468141,83,1,82,83,32,51,448.0,4.0
B_cldice_s2,B_cldice,14,2,0.8156697768908545,0.8292628060710235,66,1,65,83,32,51,448.0,4.0
B_cldice_s2,B_cldice,14,5,0.8161238078099694,0.830973951437377,48,1,47,83,32,51,448.0,4.0
B_cldice_s2,B_cldice,14,10,0.8170050120794721,0.8333657867648372,33,1,32,83,32,51,448.0,4.0
B_cldice_s2,B_cldice,14,20,0.8187987477153043,0.836416471386611,19,1,18,83,32,51,448.0,4.0
B_cldice_s2,B_cldice,14,50,0.8204894914020562,0.8384221456306737,8,1,7,83,32,51,448.0,4.0
B_cldice_s2,B_cldice,14,100,0.8182865923933922,0.8319325145056792,4,1,3,83,32,51,448.0,4.0
B_cldice_s2,B_cldice,15,0,0.7912075006361448,0.8282719634183173,70,2,68,70,18,52,738.0,7.0
B_cldice_s2,B_cldice,15,2,0.7913159234172507,0.8286771405388805,63,2,61,70,18,52,738.0,7.0
B_cldice_s2,B_cldice,15,5,0.7918193037788704,0.8303444459102154,51,2,49,70,18,52,738.0,7.0
B_cldice_s2,B_cldice,15,10,0.7928692032826795,0.8323963989096769,34,2,32,70,18,52,738.0,7.0
B_cldice_s2,B_cldice,15,20,0.7951840466619374,0.8373553674042155,21,2,19,70,18,52,738.0,7.0
B_cldice_s2,B_cldice,15,50,0.7968132239286353,0.8373190743254223,8,2,6,70,18,52,738.0,7.0
B_cldice_s2,B_cldice,15,100,0.7999518584638838,0.8386456097150639,1,2,1,70,18,52,738.0,7.0
B_cldice_s2,B_cldice,16,0,0.8333833483378347,0.8691901319466794,65,2,63,65,22,43,457.0,6.0
B_cldice_s2,B_cldice,16,2,0.8334139224676949,0.8693679718119282,58,2,56,65,22,43,457.0,6.0
B_cldice_s2,B_cldice,16,5,0.8338951373360478,0.8710634661818345,41,2,39,65,22,43,457.0,6.0
B_cldice_s2,B_cldice,16,10,0.8341908325537886,0.872267707650601,32,2,30,65,22,43,457.0,6.0
B_cldice_s2,B_cldice,16,20,0.8355481171548117,0.8759325774856475,23,2,21,65,22,43,457.0,6.0
B_cldice_s2,B_cldice,16,50,0.8370262784570696,0.8800543091867612,5,2,3,65,22,43,457.0,6.0
B_cldice_s2,B_cldice,16,100,0.83580169597671,0.8773260843644821,3,2,1,65,22,43,457.0,6.0
B_cldice_s2,B_cldice,17,0,0.8101522095227578,0.8308373913529506,73,1,72,73,30,43,440.0,4.0
B_cldice_s2,B_cldice,17,2,0.8101769178372209,0.831014853895378,59,1,58,73,30,43,440.0,4.0
B_cldice_s2,B_cldice,17,5,0.8105757715338554,0.8326673902447391,42,1,41,73,30,43,440.0,4.0
B_cldice_s2,B_cldice,17,10,0.8106422627723758,0.8331043285205242,30,1,29,73,30,43,440.0,4.0
B_cldice_s2,B_cldice,17,20,0.8105167724388033,0.8340483554972392,19,1,18,73,30,43,440.0,4.0
B_cldice_s2,B_cldice,17,50,0.8135036836706145,0.8383351314498731,6,1,5,73,30,43,440.0,4.0
B_cldice_s2,B_cldice,17,100,0.8107915423725633,0.8333275666619157,2,1,1,73,30,43,440.0,4.0
B_cldice_s2,B_cldice,18,0,0.8149150610776738,0.8680428801705049,58,3,55,58,21,37,401.0,7.0
B_cldice_s2,B_cldice,18,2,0.8149454150415844,0.8682441606592635,51,3,48,58,21,37,401.0,7.0
B_cldice_s2,B_cldice,18,5,0.8152557476385671,0.8692225364709631,38,3,35,58,21,37,401.0,7.0
B_cldice_s2,B_cldice,18,10,0.8157439292022767,0.8707775096932944,28,3,25,58,21,37,401.0,7.0
B_cldice_s2,B_cldice,18,20,0.8176856871902232,0.8759890910221028,17,3,14,58,21,37,401.0,7.0
B_cldice_s2,B_cldice,18,50,0.8186944849827937,0.877924586075187,5,3,2,58,21,37,401.0,7.0
B_cldice_s2,B_cldice,18,100,0.8158385711956817,0.8704617717502744,1,3,2,58,21,37,401.0,7.0
B_cldice_s2,B_cldice,19,0,0.8479796264855688,0.8752342967059566,70,5,65,70,25,45,552.0,7.0
B_cldice_s2,B_cldice,19,2,0.8480700979809472,0.8755801614624849,59,5,54,70,25,45,552.0,7.0
B_cldice_s2,B_cldice,19,5,0.8482367330298295,0.8761811773503148,51,5,46,70,25,45,552.0,7.0
B_cldice_s2,B_cldice,19,10,0.8491156462585034,0.8784360782097751,40,5,35,70,25,45,552.0,7.0
B_cldice_s2,B_cldice,19,20,0.850685679197653,0.8815623721673558,27,5,22,70,25,45,552.0,7.0
B_cldice_s2,B_cldice,19,50,0.852462401486733,0.8847131404094765,10,5,5,70,25,45,552.0,7.0
B_cldice_s2,B_cldice,19,100,0.850105021959137,0.8769559126688806,3,5,2,70,25,45,552.0,7.0
B_cldice_s2,B_cldice,20,0,0.8054336309974269,0.8423046362667339,78,3,75,78,20,58,837.0,9.5
B_cldice_s2,B_cldice,20,2,0.8054346591984256,0.8424634338459414,68,3,65,78,20,58,837.0,9.5
B_cldice_s2,B_cldice,20,5,0.8059616695704871,0.8438116294132555,54,3,51,78,20,58,837.0,9.5
B_cldice_s2,B_cldice,20,10,0.8071386576137463,0.8469202392748267,43,3,40,78,20,58,837.0,9.5
B_cldice_s2,B_cldice,20,20,0.8099340525292571,0.8543754963372878,24,3,21,78,20,58,837.0,9.5
B_cldice_s2,B_cldice,20,50,0.8127485447524638,0.860107463794849,9,3,6,78,20,58,837.0,9.5
B_cldice_s2,B_cldice,20,100,0.8140300588782151,0.862667539880736,3,3,0,78,20,58,837.0,9.5
C_boundary_s2,C_boundary,01,0,0.8258228745428475,0.8553943235531526,84,9,75,84,47,37,217.0,4.0
C_boundary_s2,C_boundary,01,2,0.8257968865826538,0.8554090058447235,69,9,60,84,47,37,217.0,4.0
C_boundary_s2,C_boundary,01,5,0.8260357701549825,0.8563555600430979,51,9,42,84,47,37,217.0,4.0
C_boundary_s2,C_boundary,01,10,0.8266649437077,0.8586870016708177,36,9,27,84,47,37,217.0,4.0
C_boundary_s2,C_boundary,01,20,0.827197486273303,0.861179953161238,25,9,16,84,47,37,217.0,4.0
C_boundary_s2,C_boundary,01,50,0.8271196387525879,0.8591830799632749,11,9,2,84,47,37,217.0,4.0
C_boundary_s2,C_boundary,01,100,0.8245665781797922,0.854394050929458,6,9,3,84,47,37,217.0,4.0
C_boundary_s2,C_boundary,02,0,0.8459051090599095,0.8468965469530284,89,4,85,89,42,47,260.0,3.0
C_boundary_s2,C_boundary,02,2,0.8459321984063979,0.8471231210162297,75,4,71,89,42,47,260.0,3.0
C_boundary_s2,C_boundary,02,5,0.8463633285737417,0.8486344889450361,44,4,40,89,42,47,260.0,3.0
C_boundary_s2,C_boundary,02,10,0.8473217181097256,0.851812578136751,31,4,27,89,42,47,260.0,3.0
C_boundary_s2,C_boundary,02,20,0.8473569063386944,0.8513177085971992,18,4,14,89,42,47,260.0,3.0
C_boundary_s2,C_boundary,02,50,0.8475675032710837,0.8498854634834918,6,4,2,89,42,47,260.0,3.0
C_boundary_s2,C_boundary,02,100,0.8473069522545232,0.8471318165615898,3,4,1,89,42,47,260.0,3.0
C_boundary_s2,C_boundary,03,0,0.7840054350463435,0.773967193420203,102,1,101,102,51,51,338.0,4.0
C_boundary_s2,C_boundary,03,2,0.7841056173958064,0.774336332191318,89,1,88,102,51,51,338.0,4.0
C_boundary_s2,C_boundary,03,5,0.7844845736496883,0.7758312444561696,66,1,65,102,51,51,338.0,4.0
C_boundary_s2,C_boundary,03,10,0.7848138233146751,0.7769290941008159,49,1,48,102,51,51,338.0,4.0
C_boundary_s2,C_boundary,03,20,0.7866955657317928,0.7805299122638143,30,1,29,102,51,51,338.0,4.0
C_boundary_s2,C_boundary,03,50,0.7847185691741189,0.7746176966457446,12,1,11,102,51,51,338.0,4.0
C_boundary_s2,C_boundary,03,100,0.7823783586907935,0.7651115063065501,6,1,5,102,51,51,338.0,4.0
C_boundary_s2,C_boundary,04,0,0.8250716919295371,0.7941532662290877,70,1,69,70,41,29,161.0,3.0
C_boundary_s2,C_boundary,04,2,0.8250559131340379,0.7941031197607303,59,1,58,70,41,29,161.0,3.0
C_boundary_s2,C_boundary,04,5,0.8251776927282668,0.794654888514119,42,1,41,70,41,29,161.0,3.0
C_boundary_s2,C_boundary,04,10,0.8261881137304548,0.797525644036961,31,1,30,70,41,29,161.0,3.0
C_boundary_s2,C_boundary,04,20,0.8259899800974538,0.7963432080496561,19,1,18,70,41,29,161.0,3.0
C_boundary_s2,C_boundary,04,50,0.82472943535839,0.7892129932602088,5,1,4,70,41,29,161.0,3.0
C_boundary_s2,C_boundary,04,100,0.8234313112361893,0.7831906536359177,1,1,0,70,41,29,161.0,3.0
C_boundary_s2,C_boundary,05,0,0.7959123274316255,0.777010473059466,82,2,80,82,52,30,138.0,2.5
C_boundary_s2,C_boundary,05,2,0.7958554636482368,0.777139218398492,66,2,64,82,52,30,138.0,2.5
C_boundary_s2,C_boundary,05,5,0.7961456028158707,0.7781620481998517,52,2,50,82,52,30,138.0,2.5
C_boundary_s2,C_boundary,05,10,0.7962422951334928,0.7781111385389606,34,2,32,82,52,30,138.0,2.5
C_boundary_s2,C_boundary,05,20,0.7958830016278947,0.7776588653227821,24,2,22,82,52,30,138.0,2.5
C_boundary_s2,C_boundary,05,50,0.7940325879946392,0.7709300078954028,11,2,9,82,52,30,138.0,2.5
C_boundary_s2,C_boundary,05,100,0.7928756614696167,0.7663757806966773,6,2,4,82,52,30,138.0,2.5
C_boundary_s2,C_boundary,06,0,0.7890353332315574,0.76819156080604,102,4,98,102,65,37,185.0,2.0
C_boundary_s2,C_boundary,06,2,0.7890048358360906,0.7682129707566808,84,4,80,102,65,37,185.0,2.0
C_boundary_s2,C_boundary,06,5,0.7890113997383666,0.7685874499574374,55,4,51,102,65,37,185.0,2.0
C_boundary_s2,C_boundary,06,10,0.7891691344157391,0.7687824823804824,40,4,36,102,65,37,185.0,2.0
C_boundary_s2,C_boundary,06,20,0.7899859967895079,0.7697889912962603,25,4,21,102,65,37,185.0,2.0
C_boundary_s2,C_boundary,06,50,0.7881800512564716,0.7635009781200359,12,4,8,102,65,37,185.0,2.0
C_boundary_s2,C_boundary,06,100,0.7843926125032515,0.751825823638663,5,4,1,102,65,37,185.0,2.0
C_boundary_s2,C_boundary,07,0,0.8059580182345042,0.7927865308530722,76,2,74,76,43,33,188.0,4.0
C_boundary_s2,C_boundary,07,2,0.8060371489670042,0.7930764510200288,63,2,61,76,43,33,188.0,4.0
C_boundary_s2,C_boundary,07,5,0.8061839987264076,0.7936485436005304,46,2,44,76,43,33,188.0,4.0
C_boundary_s2,C_boundary,07,10,0.8065087918321043,0.7952272495557584,29,2,27,76,43,33,188.0,4.0
C_boundary_s2,C_boundary,07,20,0.8062538864706404,0.7943959109868877,19,2,17,76,43,33,188.0,4.0
C_boundary_s2,C_boundary,07,50,0.8054661229162196,0.7900281341531693,7,2,5,76,43,33,188.0,4.0
C_boundary_s2,C_boundary,07,100,0.8047222272211925,0.7854388565711544,2,2,0,76,43,33,188.0,4.0
C_boundary_s2,C_boundary,08,0,0.7803394412736557,0.772178653421003,109,3,106,109,54,55,294.0,3.0
C_boundary_s2,C_boundary,08,2,0.7803989331730589,0.7724681074202626,87,3,84,109,54,55,294.0,3.0
C_boundary_s2,C_boundary,08,5,0.780737396538751,0.7737140583662411,59,3,56,109,54,55,294.0,3.0
C_boundary_s2,C_boundary,08,10,0.7816104953630401,0.7757869247233277,43,3,40,109,54,55,294.0,3.0
C_boundary_s2,C_boundary,08,20,0.782435810043172,0.777359782915841,26,3,23,109,54,55,294.0,3.0
C_boundary_s2,C_boundary,08,50,0.7818573690133324,0.7737533266083042,13,3,10,109,54,55,294.0,3.0
C_boundary_s2,C_boundary,08,100,0.7792821340093334,0.7654412157993308,8,3,5,109,54,55,294.0,3.0
C_boundary_s2,C_boundary,09,0,0.7856192817701826,0.78728504902438,94,3,91,94,65,29,126.0,3.0
C_boundary_s2,C_boundary,09,2,0.7856221272478026,0.7875979313516791,76,3,73,94,65,29,126.0,3.0
C_boundary_s2,C_boundary,09,5,0.7855167820453307,0.7874530994024573,56,3,53,94,65,29,126.0,3.0
C_boundary_s2,C_boundary,09,10,0.7856536330920707,0.7881156490468362,42,3,39,94,65,29,126.0,3.0
C_boundary_s2,C_boundary,09,20,0.785293998295662,0.7874795673367003,29,3,26,94,65,29,126.0,3.0
C_boundary_s2,C_boundary,09,50,0.7833513822766188,0.7813649442030918,18,3,15,94,65,29,126.0,3.0
C_boundary_s2,C_boundary,09,100,0.7788874215912842,0.7730667786552414,11,3,8,94,65,29,126.0,3.0
C_boundary_s2,C_boundary,10,0,0.7963419837132947,0.7731487270752005,79,3,76,79,41,38,203.0,3.0
C_boundary_s2,C_boundary,10,2,0.7963711921635561,0.7732539291791084,72,3,69,79,41,38,203.0,3.0
C_boundary_s2,C_boundary,10,5,0.7968796433878158,0.7748049053942143,48,3,45,79,41,38,203.0,3.0
C_boundary_s2,C_boundary,10,10,0.7976777506931393,0.7767621227420379,33,3,30,79,41,38,203.0,3.0
C_boundary_s2,C_boundary,10,20,0.7983420772577061,0.7773738945708816,20,3,17,79,41,38,203.0,3.0
C_boundary_s2,C_boundary,10,50,0.7979358532497128,0.7738710222211556,6,3,3,79,41,38,203.0,3.0
C_boundary_s2,C_boundary,10,100,0.7971800638832712,0.77155698063765,3,3,0,79,41,38,203.0,3.0
C_boundary_s2,C_boundary,11,0,0.8035606517803259,0.7771188817917978,103,3,100,103,52,51,282.0,2.0
C_boundary_s2,C_boundary,11,2,0.8037163748574495,0.7776376488748776,79,3,76,103,52,51,282.0,2.0
C_boundary_s2,C_boundary,11,5,0.8040960214873258,0.7787314685445249,57,3,54,103,52,51,282.0,2.0
C_boundary_s2,C_boundary,11,10,0.8047759186075842,0.7801711475635119,42,3,39,103,52,51,282.0,2.0
C_boundary_s2,C_boundary,11,20,0.8050358984730509,0.7803632213641021,32,3,29,103,52,51,282.0,2.0
C_boundary_s2,C_boundary,11,50,0.8051854888296782,0.7748126669176053,5,3,2,103,52,51,282.0,2.0
C_boundary_s2,C_boundary,11,100,0.8052796252286755,0.7748511971933427,4,3,1,103,52,51,282.0,2.0
C_boundary_s2,C_boundary,12,0,0.8139004666737915,0.8290827027361349,63,1,62,63,33,30,231.0,4.5
C_boundary_s2,C_boundary,12,2,0.8139307027701078,0.829203992514167,56,1,55,63,33,30,231.0,4.5
C_boundary_s2,C_boundary,12,5,0.8141902130314644,0.8301923097154279,42,1,41,63,33,30,231.0,4.5
C_boundary_s2,C_boundary,12,10,0.8143693339995717,0.830830074772704,33,1,32,63,33,30,231.0,4.5
C_boundary_s2,C_boundary,12,20,0.8146027201145312,0.8310727909864104,21,1,20,63,33,30,231.0,4.5
C_boundary_s2,C_boundary,12,50,0.814990990990991,0.8302625559444305,7,1,6,63,33,30,231.0,4.5
C_boundary_s2,C_boundary,12,100,0.8150352614396768,0.8301351422382003,6,1,5,63,33,30,231.0,4.5
C_boundary_s2,C_boundary,13,0,0.8113641444951931,0.7877192506147292,93,6,87,93,55,38,224.0,3.0
C_boundary_s2,C_boundary,13,2,0.8114566859954314,0.7880974690133836,76,6,70,93,55,38,224.0,3.0
C_boundary_s2,C_boundary,13,5,0.8114616479316906,0.7882237748119616,55,6,49,93,55,38,224.0,3.0
C_boundary_s2,C_boundary,13,10,0.8118500953327031,0.7890377754176596,38,6,32,93,55,38,224.0,3.0
C_boundary_s2,C_boundary,13,20,0.8120510966497951,0.7891643443115185,25,6,19,93,55,38,224.0,3.0
C_boundary_s2,C_boundary,13,50,0.8122735507246377,0.7882892843548676,10,6,4,93,55,38,224.0,3.0
C_boundary_s2,C_boundary,13,100,0.8116480793060719,0.7836516832234064,3,6,3,93,55,38,224.0,3.0
C_boundary_s2,C_boundary,14,0,0.8161531058776533,0.8240550195623108,90,1,89,90,32,58,525.0,3.0
C_boundary_s2,C_boundary,14,2,0.8163109617655072,0.8247071404360463,72,1,71,90,32,58,525.0,3.0
C_boundary_s2,C_boundary,14,5,0.8169070439954168,0.8269334504171109,46,1,45,90,32,58,525.0,3.0
C_boundary_s2,C_boundary,14,10,0.8176038763502559,0.828502071336517,34,1,33,90,32,58,525.0,3.0
C_boundary_s2,C_boundary,14,20,0.8182698102525704,0.8292642086376486,24,1,23,90,32,58,525.0,3.0
C_boundary_s2,C_boundary,14,50,0.8214640609473336,0.8345873349853732,10,1,9,90,32,58,525.0,3.0
C_boundary_s2,C_boundary,14,100,0.8190250055650368,0.8270577391967876,4,1,3,90,32,58,525.0,3.0
C_boundary_s2,C_boundary,15,0,0.7959220104329888,0.819429864248444,112,2,110,112,19,93,838.0,4.0
C_boundary_s2,C_boundary,15,2,0.7962297847008631,0.8205461270846706,90,2,88,112,19,93,838.0,4.0
C_boundary_s2,C_boundary,15,5,0.7975352812562115,0.8245805299380908,59,2,57,112,19,93,838.0,4.0
C_boundary_s2,C_boundary,15,10,0.7987097031122439,0.8273161998908469,46,2,44,112,19,93,838.0,4.0
C_boundary_s2,C_boundary,15,20,0.8024110379077638,0.835985846974397,25,2,23,112,19,93,838.0,4.0
C_boundary_s2,C_boundary,15,50,0.8078797807576401,0.8455462748909731,8,2,6,112,19,93,838.0,4.0
C_boundary_s2,C_boundary,15,100,0.8071734257183615,0.8407917087250331,2,2,0,112,19,93,838.0,4.0
C_boundary_s2,C_boundary,16,0,0.8329970406241592,0.8614630976299128,90,2,88,90,31,59,506.0,4.0
C_boundary_s2,C_boundary,16,2,0.8331006643680094,0.8618998479207606,73,2,71,90,31,59,506.0,4.0
C_boundary_s2,C_boundary,16,5,0.8336391952184528,0.8637001272016914,51,2,49,90,31,59,506.0,4.0
C_boundary_s2,C_boundary,16,10,0.8347048903878583,0.8672486294777336,37,2,35,90,31,59,506.0,4.0
C_boundary_s2,C_boundary,16,20,0.8350480573981318,0.8690175031214816,23,2,21,90,31,59,506.0,4.0
C_boundary_s2,C_boundary,16,50,0.8350559494319638,0.8693139153716261,4,2,2,90,31,59,506.0,4.0
C_boundary_s2,C_boundary,16,100,0.8335016863839477,0.8667013240199977,2,2,0,90,31,59,506.0,4.0
C_boundary_s2,C_boundary,17,0,0.8080032336297494,0.8210276011372342,110,1,109,110,41,69,587.0,5.0
C_boundary_s2,C_boundary,17,2,0.8081001120932028,0.8213736517609431,101,1,100,110,41,69,587.0,5.0
C_boundary_s2,C_boundary,17,5,0.8090785259360159,0.8247091067877874,69,1,68,110,41,69,587.0,5.0
C_boundary_s2,C_boundary,17,10,0.8100238046908158,0.8278686965461799,50,1,49,110,41,69,587.0,5.0
C_boundary_s2,C_boundary,17,20,0.8114162787678727,0.831533222887771,30,1,29,110,41,69,587.0,5.0
C_boundary_s2,C_boundary,17,50,0.8127188629426415,0.8341408130623374,11,1,10,110,41,69,587.0,5.0
C_boundary_s2,C_boundary,17,100,0.8079835344322966,0.8250528162984888,5,1,4,110,41,69,587.0,5.0
C_boundary_s2,C_boundary,18,0,0.817651688609044,0.864255380344633,95,3,92,95,25,70,452.0,4.0
C_boundary_s2,C_boundary,18,2,0.8178873718304315,0.8651718456496973,74,3,71,95,25,70,452.0,4.0
C_boundary_s2,C_boundary,18,5,0.8186753139724456,0.8679953223755631,51,3,48,95,25,70,452.0,4.0
C_boundary_s2,C_boundary,18,10,0.8198983166555881,0.872250253311173,28,3,25,95,25,70,452.0,4.0
C_boundary_s2,C_boundary,18,20,0.821819493282842,0.8779502040749416,13,3,10,95,25,70,452.0,4.0
C_boundary_s2,C_boundary,18,50,0.8213909569638642,0.8776955752397175,2,3,1,95,25,70,452.0,4.0
C_boundary_s2,C_boundary,18,100,0.8208344695936733,0.87636690364939,1,3,2,95,25,70,452.0,4.0
C_boundary_s2,C_boundary,19,0,0.8480197341373167,0.8676890845996088,93,5,88,93,29,64,695.0,4.0
C_boundary_s2,C_boundary,19,2,0.8482418260333128,0.8684905620311875,73,5,68,93,29,64,695.0,4.0
C_boundary_s2,C_boundary,19,5,0.848786345312634,0.8703406892622559,52,5,47,93,29,64,695.0,4.0
C_boundary_s2,C_boundary,19,10,0.8495800195819091,0.8726513662618509,40,5,35,93,29,64,695.0,4.0
C_boundary_s2,C_boundary,19,20,0.850649127036055,0.876004840339525,29,5,24,93,29,64,695.0,4.0
C_boundary_s2,C_boundary,19,50,0.8527925832045695,0.8798611632774835,14,5,9,93,29,64,695.0,4.0
C_boundary_s2,C_boundary,19,100,0.8514667135078167,0.8766130578974123,4,5,1,93,29,64,695.0,4.0
C_boundary_s2,C_boundary,20,0,0.8049895258046087,0.8330018925354761,98,3,95,98,20,78,989.0,6.5
C_boundary_s2,C_boundary,20,2,0.8053041705565187,0.8341273614074907,75,3,72,98,20,78,989.0,6.5
C_boundary_s2,C_boundary,20,5,0.8058961499590015,0.836161660148026,59,3,56,98,20,78,989.0,6.5
C_boundary_s2,C_boundary,20,10,0.8068989227595691,0.8381612263919216,47,3,44,98,20,78,989.0,6.5
C_boundary_s2,C_boundary,20,20,0.8086943176150098,0.8422194670380212,31,3,28,98,20,78,989.0,6.5
C_boundary_s2,C_boundary,20,50,0.8152220365981584,0.856923783823123,9,3,6,98,20,78,989.0,6.5
C_boundary_s2,C_boundary,20,100,0.8169338618656148,0.8598091188315093,5,3,2,98,20,78,989.0,6.5
D_blurpool_s2,D_blurpool,01,0,0.8216578015617674,0.851167148031572,79,9,70,79,36,43,227.0,4.0
D_blurpool_s2,D_blurpool,01,2,0.8217392710455678,0.851534664455265,68,9,59,79,36,43,227.0,4.0
D_blurpool_s2,D_blurpool,01,5,0.8223355183296917,0.8537793066623669,49,9,40,79,36,43,227.0,4.0
D_blurpool_s2,D_blurpool,01,10,0.8227987676341819,0.8551712004236335,32,9,23,79,36,43,227.0,4.0
D_blurpool_s2,D_blurpool,01,20,0.8230840468569758,0.8557147590567283,23,9,14,79,36,43,227.0,4.0
D_blurpool_s2,D_blurpool,01,50,0.8236735093821959,0.8560744409905957,11,9,2,79,36,43,227.0,4.0
D_blurpool_s2,D_blurpool,01,100,0.8207447858411737,0.850098319468473,5,9,4,79,36,43,227.0,4.0
D_blurpool_s2,D_blurpool,02,0,0.8442918809022202,0.8419803973133463,99,4,95,99,37,62,347.0,3.0
D_blurpool_s2,D_blurpool,02,2,0.8444680255265213,0.8426680985059503,73,4,69,99,37,62,347.0,3.0
D_blurpool_s2,D_blurpool,02,5,0.8448227536253264,0.8439605508167,50,4,46,99,37,62,347.0,3.0
D_blurpool_s2,D_blurpool,02,10,0.8453870124499712,0.8458501218014115,38,4,34,99,37,62,347.0,3.0
D_blurpool_s2,D_blurpool,02,20,0.8473217863662674,0.8505967576069993,15,4,11,99,37,62,347.0,3.0
D_blurpool_s2,D_blurpool,02,50,0.8471704304764177,0.8484756162074023,3,4,1,99,37,62,347.0,3.0
D_blurpool_s2,D_blurpool,02,100,0.8473010939087812,0.8480712291908326,1,4,3,99,37,62,347.0,3.0
D_blurpool_s2,D_blurpool,03,0,0.78578352180937,0.7692674672840563,115,1,114,115,55,60,307.0,4.0
D_blurpool_s2,D_blurpool,03,2,0.7859601493188539,0.7699652179038192,96,1,95,115,55,60,307.0,4.0
D_blurpool_s2,D_blurpool,03,5,0.7862365730555196,0.7712292237251797,74,1,73,115,55,60,307.0,4.0
D_blurpool_s2,D_blurpool,03,10,0.7874718180786012,0.7744450668649816,48,1,47,115,55,60,307.0,4.0
D_blurpool_s2,D_blurpool,03,20,0.7881304864741616,0.7750355896830894,31,1,30,115,55,60,307.0,4.0
D_blurpool_s2,D_blurpool,03,50,0.7854607880358528,0.7636078537237702,7,1,6,115,55,60,307.0,4.0
D_blurpool_s2,D_blurpool,03,100,0.7835980325588328,0.7581690694263591,4,1,3,115,55,60,307.0,4.0
D_blurpool_s2,D_blurpool,04,0,0.818980247419862,0.7849916549062684,88,1,87,88,43,45,226.0,3.0
D_blurpool_s2,D_blurpool,04,2,0.8191218445025552,0.785568908659805,73,1,72,88,43,45,226.0,3.0
D_blurpool_s2,D_blurpool,04,5,0.8194965001454707,0.7871228679768085,45,1,44,88,43,45,226.0,3.0
D_blurpool_s2,D_blurpool,04,10,0.8200349446709376,0.7884760793244944,36,1,35,88,43,45,226.0,3.0
D_blurpool_s2,D_blurpool,04,20,0.8206099640083349,0.7885005821294817,15,1,14,88,43,45,226.0,3.0
D_blurpool_s2,D_blurpool,04,50,0.8202338674750974,0.7858745274044029,3,1,2,88,43,45,226.0,3.0
D_blurpool_s2,D_blurpool,04,100,0.8203038290788013,0.7853516305456971,2,1,1,88,43,45,226.0,3.0
D_blurpool_s2,D_blurpool,05,0,0.7965017213200264,0.7680199335426929,97,2,95,97,49,48,259.0,3.0
D_blurpool_s2,D_blurpool,05,2,0.7964931201836937,0.7680400308500063,70,2,68,97,49,48,259.0,3.0
D_blurpool_s2,D_blurpool,05,5,0.7968099740549199,0.7691855295609414,50,2,48,97,49,48,259.0,3.0
D_blurpool_s2,D_blurpool,05,10,0.7972421015884098,0.7701733228402157,29,2,27,97,49,48,259.0,3.0
D_blurpool_s2,D_blurpool,05,20,0.7988430186694715,0.7730539455966515,13,2,11,97,49,48,259.0,3.0
D_blurpool_s2,D_blurpool,05,50,0.7976622187797063,0.7698700595104099,5,2,3,97,49,48,259.0,3.0
D_blurpool_s2,D_blurpool,05,100,0.796617964410797,0.7658682044834392,1,2,1,97,49,48,259.0,3.0
D_blurpool_s2,D_blurpool,06,0,0.7891172748726016,0.76316550124423,88,4,84,88,52,36,174.0,2.0
D_blurpool_s2,D_blurpool,06,2,0.7891684770522931,0.7633310302057408,69,4,65,88,52,36,174.0,2.0
D_blurpool_s2,D_blurpool,06,5,0.789434944110649,0.764170329779831,53,4,49,88,52,36,174.0,2.0
D_blurpool_s2,D_blurpool,06,10,0.7892598117380794,0.7635751664030991,38,4,34,88,52,36,174.0,2.0
D_blurpool_s2,D_blurpool,06,20,0.7898477157360406,0.7650701699501576,23,4,19,88,52,36,174.0,2.0
D_blurpool_s2,D_blurpool,06,50,0.7877874235414393,0.7576598725022675,11,4,7,88,52,36,174.0,2.0
D_blurpool_s2,D_blurpool,06,100,0.7839754112675072,0.7467065887876059,4,4,0,88,52,36,174.0,2.0
D_blurpool_s2,D_blurpool,07,0,0.8033462572915575,0.7883218097010752,107,2,105,107,55,52,333.0,3.0
D_blurpool_s2,D_blurpool,07,2,0.8033333915686857,0.7883511227360802,88,2,86,107,55,52,333.0,3.0
D_blurpool_s2,D_blurpool,07,5,0.8040302971994332,0.7904249894023628,63,2,61,107,55,52,333.0,3.0
D_blurpool_s2,D_blurpool,07,10,0.8047198260747598,0.7916479705501762,44,2,42,107,55,52,333.0,3.0
D_blurpool_s2,D_blurpool,07,20,0.8051495192138354,0.7918754218355308,27,2,25,107,55,52,333.0,3.0
D_blurpool_s2,D_blurpool,07,50,0.8050104086970447,0.7887024137550838,7,2,5,107,55,52,333.0,3.0
D_blurpool_s2,D_blurpool,07,100,0.8026810996809921,0.7831974785477565,2,2,0,107,55,52,333.0,3.0
D_blurpool_s2,D_blurpool,08,0,0.785448284896233,0.7682130965593784,94,3,91,94,56,38,263.0,3.0
D_blurpool_s2,D_blurpool,08,2,0.7853826568818332,0.7681302371643547,73,3,70,94,56,38,263.0,3.0
D_blurpool_s2,D_blurpool,08,5,0.7855630305642486,0.7692185926162252,54,3,51,94,56,38,263.0,3.0
D_blurpool_s2,D_blurpool,08,10,0.7861703725961539,0.7706871367472317,37,3,34,94,56,38,263.0,3.0
D_blurpool_s2,D_blurpool,08,20,0.7878547854785478,0.7747066466153106,22,3,19,94,56,38,263.0,3.0
D_blurpool_s2,D_blurpool,08,50,0.7878397575527986,0.7727204165692181,13,3,10,94,56,38,263.0,3.0
D_blurpool_s2,D_blurpool,08,100,0.7864636984472169,0.767238167865738,7,3,4,94,56,38,263.0,3.0
D_blurpool_s2,D_blurpool,09,0,0.7798757412017081,0.765978589464433,83,3,80,83,54,29,169.0,5.0
D_blurpool_s2,D_blurpool,09,2,0.7798449298540397,0.766165952143023,67,3,64,83,54,29,169.0,5.0
D_blurpool_s2,D_blurpool,09,5,0.7798594373442975,0.7665059990893134,59,3,56,83,54,29,169.0,5.0
D_blurpool_s2,D_blurpool,09,10,0.7806383497116869,0.7681521706625304,41,3,38,83,54,29,169.0,5.0
D_blurpool_s2,D_blurpool,09,20,0.7816368078175896,0.7702111528197761,30,3,27,83,54,29,169.0,5.0
D_blurpool_s2,D_blurpool,09,50,0.7794922437559149,0.7636777077393049,12,3,9,83,54,29,169.0,5.0
D_blurpool_s2,D_blurpool,09,100,0.7766056662038092,0.7572898043823035,6,3,3,83,54,29,169.0,5.0
D_blurpool_s2,D_blurpool,10,0,0.8036896003549114,0.7815229166790947,85,3,82,85,39,46,197.0,3.0
D_blurpool_s2,D_blurpool,10,2,0.8038610181401283,0.7821686168422403,66,3,63,85,39,46,197.0,3.0
D_blurpool_s2,D_blurpool,10,5,0.8042206590151796,0.7832079955191507,46,3,43,85,39,46,197.0,3.0
D_blurpool_s2,D_blurpool,10,10,0.8053910557484174,0.7862356600583704,25,3,22,85,39,46,197.0,3.0
D_blurpool_s2,D_blurpool,10,20,0.8052431667535562,0.7850908455990961,13,3,10,85,39,46,197.0,3.0
D_blurpool_s2,D_blurpool,10,50,0.8039721723518851,0.7802199589426951,6,3,3,85,39,46,197.0,3.0
D_blurpool_s2,D_blurpool,10,100,0.8018204385601986,0.7735562082460605,2,3,1,85,39,46,197.0,3.0
D_blurpool_s2,D_blurpool,11,0,0.8043365337891051,0.7742413239464925,96,3,93,96,53,43,270.0,3.0
D_blurpool_s2,D_blurpool,11,2,0.8043645871744158,0.7743439460277354,79,3,76,96,53,43,270.0,3.0
D_blurpool_s2,D_blurpool,11,5,0.8043372442385485,0.7744312546913835,49,3,46,96,53,43,270.0,3.0
D_blurpool_s2,D_blurpool,11,10,0.8049170127970134,0.7757518226581542,32,3,29,96,53,43,270.0,3.0
D_blurpool_s2,D_blurpool,11,20,0.8055396434949624,0.7764205612807811,24,3,21,96,53,43,270.0,3.0
D_blurpool_s2,D_blurpool,11,50,0.806273094147496,0.7743940102672943,4,3,1,96,53,43,270.0,3.0
D_blurpool_s2,D_blurpool,11,100,0.8060211526304099,0.7720234560757099,1,3,2,96,53,43,270.0,3.0
D_blurpool_s2,D_blurpool,12,0,0.8155567394778902,0.8272828841086219,79,1,78,79,35,44,267.0,3.0
D_blurpool_s2,D_blurpool,12,2,0.8156188378248743,0.82765309054612,60,1,59,79,35,44,267.0,3.0
D_blurpool_s2,D_blurpool,12,5,0.8158896120061169,0.8287139322745843,39,1,38,79,35,44,267.0,3.0
D_blurpool_s2,D_blurpool,12,10,0.8158381996866543,0.8287845167196276,28,1,27,79,35,44,267.0,3.0
D_blurpool_s2,D_blurpool,12,20,0.816972337803811,0.8311292196539366,16,1,15,79,35,44,267.0,3.0
D_blurpool_s2,D_blurpool,12,50,0.817154458398462,0.8297194859705116,5,1,4,79,35,44,267.0,3.0
D_blurpool_s2,D_blurpool,12,100,0.8154076317165053,0.8266326080975773,3,1,2,79,35,44,267.0,3.0
D_blurpool_s2,D_blurpool,13,0,0.8078432628998927,0.7863260749757233,126,6,120,126,71,55,330.0,3.0
D_blurpool_s2,D_blurpool,13,2,0.8078599820489807,0.7866735972176141,95,6,89,126,71,55,330.0,3.0
D_blurpool_s2,D_blurpool,13,5,0.808306452907098,0.7882641872968135,68,6,62,126,71,55,330.0,3.0
D_blurpool_s2,D_blurpool,13,10,0.8079875134761131,0.7871131668163774,44,6,38,126,71,55,330.0,3.0
D_blurpool_s2,D_blurpool,13,20,0.8079138896509432,0.7861363731183179,31,6,25,126,71,55,330.0,3.0
D_blurpool_s2,D_blurpool,13,50,0.8073867436662915,0.7804535075663951,9,6,3,126,71,55,330.0,3.0
D_blurpool_s2,D_blurpool,13,100,0.8044933471488955,0.771266001761529,2,6,4,126,71,55,330.0,3.0
D_blurpool_s2,D_blurpool,14,0,0.8132333767926988,0.8194824913255507,97,1,96,97,31,66,581.0,3.0
D_blurpool_s2,D_blurpool,14,2,0.8134770401231772,0.8204147147666703,78,1,77,97,31,66,581.0,3.0
D_blurpool_s2,D_blurpool,14,5,0.814174056543895,0.8224798062980602,54,1,53,97,31,66,581.0,3.0
D_blurpool_s2,D_blurpool,14,10,0.8153737068887151,0.8257705001417784,33,1,32,97,31,66,581.0,3.0
D_blurpool_s2,D_blurpool,14,20,0.8168993547916743,0.8289584424641652,24,1,23,97,31,66,581.0,3.0
D_blurpool_s2,D_blurpool,14,50,0.8178096024970164,0.8288684120498159,11,1,10,97,31,66,581.0,3.0
D_blurpool_s2,D_blurpool,14,100,0.8177063118011274,0.8254923605578725,5,1,4,97,31,66,581.0,3.0
D_blurpool_s2,D_blurpool,15,0,0.7752228268289353,0.8008140128689195,120,2,118,120,23,97,1329.0,5.0
D_blurpool_s2,D_blurpool,15,2,0.7754950736513511,0.8017931359811598,102,2,100,120,23,97,1329.0,5.0
D_blurpool_s2,D_blurpool,15,5,0.7762576711097213,0.8042506492742795,69,2,67,120,23,97,1329.0,5.0
D_blurpool_s2,D_blurpool,15,10,0.7787867495636143,0.8106160690251621,42,2,40,120,23,97,1329.0,5.0
D_blurpool_s2,D_blurpool,15,20,0.7821321558113862,0.8178528973536927,23,2,21,120,23,97,1329.0,5.0
D_blurpool_s2,D_blurpool,15,50,0.7838616714697406,0.8217771062497778,10,2,8,120,23,97,1329.0,5.0
D_blurpool_s2,D_blurpool,15,100,0.7851709118644749,0.8187388398904063,3,2,1,120,23,97,1329.0,5.0
D_blurpool_s2,D_blurpool,16,0,0.8259417894843344,0.854533728960133,92,2,90,92,33,59,436.0,3.0
D_blurpool_s2,D_blurpool,16,2,0.8260715550832448,0.8549925864421591,73,2,71,92,33,59,436.0,3.0
D_blurpool_s2,D_blurpool,16,5,0.8265568012967716,0.8568267540978686,49,2,47,92,33,59,436.0,3.0
D_blurpool_s2,D_blurpool,16,10,0.8266874017478321,0.8572917465997214,39,2,37,92,33,59,436.0,3.0
D_blurpool_s2,D_blurpool,16,20,0.8279091865476634,0.861232536987991,23,2,21,92,33,59,436.0,3.0
D_blurpool_s2,D_blurpool,16,50,0.8269122152429528,0.8594368404837645,5,2,3,92,33,59,436.0,3.0
D_blurpool_s2,D_blurpool,16,100,0.8249339599986277,0.8556092574821643,3,2,1,92,33,59,436.0,3.0
D_blurpool_s2,D_blurpool,17,0,0.8033235871053703,0.8179797437655258,104,1,103,104,45,59,397.0,3.0
D_blurpool_s2,D_blurpool,17,2,0.803250768262431,0.8180055829374814,84,1,83,104,45,59,397.0,3.0
D_blurpool_s2,D_blurpool,17,5,0.804220833410604,0.8214812557455532,51,1,50,104,45,59,397.0,3.0
D_blurpool_s2,D_blurpool,17,10,0.8044786096256684,0.8226394134632039,41,1,40,104,45,59,397.0,3.0
D_blurpool_s2,D_blurpool,17,20,0.8061752132763352,0.8274196913760127,21,1,20,104,45,59,397.0,3.0
D_blurpool_s2,D_blurpool,17,50,0.8034728892404467,0.8224854894532907,6,1,5,104,45,59,397.0,3.0
D_blurpool_s2,D_blurpool,17,100,0.8016482062525989,0.8185837775967826,3,1,2,104,45,59,397.0,3.0
D_blurpool_s2,D_blurpool,18,0,0.8111640670132871,0.8539193361885897,89,3,86,89,29,60,521.0,3.5
D_blurpool_s2,D_blurpool,18,2,0.811420934768475,0.8549060643278995,69,3,66,89,29,60,521.0,3.5
D_blurpool_s2,D_blurpool,18,5,0.8117566248508731,0.856371065020846,50,3,47,89,29,60,521.0,3.5
D_blurpool_s2,D_blurpool,18,10,0.8123821951573148,0.8593883642105177,28,3,25,89,29,60,521.0,3.5
D_blurpool_s2,D_blurpool,18,20,0.8128460686600222,0.860748679138225,21,3,18,89,29,60,521.0,3.5
D_blurpool_s2,D_blurpool,18,50,0.8146218888134847,0.8662267179094094,2,3,1,89,29,60,521.0,3.5
D_blurpool_s2,D_blurpool,18,100,0.8138394578811085,0.8643347050754459,1,3,2,89,29,60,521.0,3.5
D_blurpool_s2,D_blurpool,19,0,0.8432987229979712,0.865448735842918,86,5,81,86,23,63,636.0,5.0
D_blurpool_s2,D_blurpool,19,2,0.8433348680957009,0.8657096909876547,74,5,69,86,23,63,636.0,5.0
D_blurpool_s2,D_blurpool,19,5,0.8441970840304572,0.8685101803380035,51,5,46,86,23,63,636.0,5.0
D_blurpool_s2,D_blurpool,19,10,0.8450631958815783,0.8712997424720861,34,5,29,86,23,63,636.0,5.0
D_blurpool_s2,D_blurpool,19,20,0.8476375315596929,0.8784278237219689,17,5,12,86,23,63,636.0,5.0
D_blurpool_s2,D_blurpool,19,50,0.8503852665768287,0.8831273573248182,7,5,2,86,23,63,636.0,5.0
D_blurpool_s2,D_blurpool,19,100,0.8498068227100262,0.8818216935430268,4,5,1,86,23,63,636.0,5.0
D_blurpool_s2,D_blurpool,20,0,0.7987055016181229,0.8217666961857818,108,3,105,108,29,79,963.0,6.0
D_blurpool_s2,D_blurpool,20,2,0.7988725742253708,0.822374710832103,87,3,84,108,29,79,963.0,6.0
D_blurpool_s2,D_blurpool,20,5,0.7993592921703978,0.8243054677618832,61,3,58,108,29,79,963.0,6.0
D_blurpool_s2,D_blurpool,20,10,0.799862474691523,0.8257654618677311,49,3,46,108,29,79,963.0,6.0
D_blurpool_s2,D_blurpool,20,20,0.8024501708974999,0.8324312005923322,30,3,27,108,29,79,963.0,6.0
D_blurpool_s2,D_blurpool,20,50,0.8078378116209137,0.8443955909451617,10,3,7,108,29,79,963.0,6.0
D_blurpool_s2,D_blurpool,20,100,0.8087844180225282,0.8466780632282292,4,3,1,108,29,79,963.0,6.0
