run,config,image,min_size,band,breaks,gt_px,skel_px,dice,cldice,tprec,tsens
A_dice_s0,A_dice,01,0,Q1_dimmest,237,4597,1791,0.52567,0.53928,0.55391,0.5254
A_dice_s0,A_dice,01,0,Q2,58,6946,2500,0.778,0.83025,0.78017,0.8872
A_dice_s0,A_dice,01,0,Q3,16,8473,2538,0.87449,0.95238,0.93388,0.97163
A_dice_s0,A_dice,01,0,Q4_clearest,0,9424,2483,0.93283,0.99119,0.98449,0.99799
A_dice_s0,A_dice,01,20,Q1_dimmest,216,4597,1791,0.52276,0.53509,0.57364,0.5014
A_dice_s0,A_dice,01,20,Q2,57,6946,2500,0.77801,0.83054,0.79585,0.8684
A_dice_s0,A_dice,01,20,Q3,14,8473,2538,0.87516,0.95474,0.94213,0.96769
A_dice_s0,A_dice,01,20,Q4_clearest,0,9424,2483,0.93297,0.99179,0.98566,0.99799
A_dice_s0,A_dice,02,0,Q1_dimmest,239,5691,1790,0.4794,0.44303,0.46517,0.42291
A_dice_s0,A_dice,02,0,Q2,67,6606,1861,0.78117,0.76739,0.72238,0.81838
A_dice_s0,A_dice,02,0,Q3,2,8662,2260,0.90464,0.94885,0.91453,0.98584
A_dice_s0,A_dice,02,0,Q4_clearest,0,12831,3378,0.96753,0.99357,0.98722,1.0
A_dice_s0,A_dice,02,20,Q1_dimmest,209,5691,1790,0.47717,0.43491,0.49519,0.38771
A_dice_s0,A_dice,02,20,Q2,57,6606,1861,0.77979,0.76305,0.73333,0.79527
A_dice_s0,A_dice,02,20,Q3,2,8662,2260,0.90729,0.95702,0.93142,0.98407
A_dice_s0,A_dice,02,20,Q4_clearest,0,12831,3378,0.9676,0.99385,0.98778,1.0
A_dice_s0,A_dice,03,0,Q1_dimmest,306,10358,3377,0.46066,0.45541,0.52495,0.40213
A_dice_s0,A_dice,03,0,Q2,56,9353,2708,0.80413,0.83154,0.81963,0.8438
A_dice_s0,A_dice,03,0,Q3,12,8095,2089,0.93056,0.96132,0.9595,0.96314
A_dice_s0,A_dice,03,0,Q4_clearest,0,5087,1047,0.98926,0.99952,1.0,0.99904
A_dice_s0,A_dice,03,20,Q1_dimmest,278,10358,3377,0.46287,0.46136,0.57104,0.38703
A_dice_s0,A_dice,03,20,Q2,51,9353,2708,0.80461,0.83416,0.8345,0.83383
A_dice_s0,A_dice,03,20,Q3,12,8095,2089,0.93112,0.96375,0.96437,0.96314
A_dice_s0,A_dice,03,20,Q4_clearest,0,5087,1047,0.98926,0.99952,1.0,0.99904
A_dice_s0,A_dice,04,0,Q1_dimmest,236,7750,3035,0.48401,0.43878,0.54828,0.36573
A_dice_s0,A_dice,04,0,Q2,37,6017,1865,0.80029,0.82196,0.78091,0.86756
A_dice_s0,A_dice,04,0,Q3,5,6293,1680,0.91142,0.95536,0.93161,0.98036
A_dice_s0,A_dice,04,0,Q4_clearest,4,10294,2346,0.97141,0.98961,0.98775,0.99147
A_dice_s0,A_dice,04,20,Q1_dimmest,214,7750,3035,0.48739,0.44683,0.60031,0.35585
A_dice_s0,A_dice,04,20,Q2,34,6017,1865,0.8001,0.82307,0.79278,0.85576
A_dice_s0,A_dice,04,20,Q3,4,6293,1680,0.91228,0.95799,0.93936,0.97738
A_dice_s0,A_dice,04,20,Q4_clearest,4,10294,2346,0.97174,0.99087,0.99026,0.99147
A_dice_s0,A_dice,05,0,Q1_dimmest,315,9685,3539,0.45728,0.42119,0.58998,0.32749
A_dice_s0,A_dice,05,0,Q2,44,7440,2198,0.83001,0.84322,0.83145,0.85532
A_dice_s0,A_dice,05,0,Q3,0,7606,2186,0.93589,0.98072,0.97124,0.99039
A_dice_s0,A_dice,05,0,Q4_clearest,0,6179,1663,0.97639,0.99715,0.9949,0.9994
A_dice_s0,A_dice,05,20,Q1_dimmest,274,9685,3539,0.44813,0.39941,0.61454,0.29585
A_dice_s0,A_dice,05,20,Q2,40,7440,2198,0.82881,0.84011,0.83992,0.84031
A_dice_s0,A_dice,05,20,Q3,0,7606,2186,0.93648,0.9825,0.97474,0.99039
A_dice_s0,A_dice,05,20,Q4_clearest,0,6179,1663,0.97639,0.99715,0.9949,0.9994
A_dice_s0,A_dice,06,0,Q1_dimmest,402,10790,3981,0.47007,0.4634,0.63297,0.36549
A_dice_s0,A_dice,06,0,Q2,50,7933,2378,0.82794,0.82405,0.83245,0.81581
A_dice_s0,A_dice,06,0,Q3,3,7891,2229,0.95052,0.98112,0.97055,0.99192
A_dice_s0,A_dice,06,0,Q4_clearest,0,5502,1401,0.98193,0.99965,0.99929,1.0
A_dice_s0,A_dice,06,20,Q1_dimmest,346,10790,3981,0.46205,0.44741,0.65546,0.33961
A_dice_s0,A_dice,06,20,Q2,44,7933,2378,0.82747,0.82302,0.84997,0.79773
A_dice_s0,A_dice,06,20,Q3,3,7891,2229,0.95096,0.98213,0.97426,0.99013
A_dice_s0,A_dice,06,20,Q4_clearest,0,5502,1401,0.98193,0.99965,0.99929,1.0
A_dice_s0,A_dice,07,0,Q1_dimmest,259,8316,2808,0.44862,0.43365,0.58853,0.3433
A_dice_s0,A_dice,07,0,Q2,63,7149,2172,0.80014,0.78851,0.79253,0.78453
A_dice_s0,A_dice,07,0,Q3,5,7254,1955,0.92305,0.96119,0.94352,0.97954
A_dice_s0,A_dice,07,0,Q4_clearest,1,7433,2033,0.97526,0.99656,0.99411,0.99902
A_dice_s0,A_dice,07,20,Q1_dimmest,221,8316,2808,0.44054,0.41764,0.64053,0.30983
A_dice_s0,A_dice,07,20,Q2,54,7149,2172,0.80579,0.80576,0.84305,0.77164
A_dice_s0,A_dice,07,20,Q3,5,7254,1955,0.92493,0.96737,0.95697,0.97801
A_dice_s0,A_dice,07,20,Q4_clearest,1,7433,2033,0.97551,0.9968,0.9946,0.99902
A_dice_s0,A_dice,08,0,Q1_dimmest,304,9976,3245,0.50861,0.47022,0.57096,0.39969
A_dice_s0,A_dice,08,0,Q2,27,8461,2479,0.83805,0.84822,0.82814,0.8693
A_dice_s0,A_dice,08,0,Q3,4,6640,1970,0.93309,0.97178,0.96252,0.98122
A_dice_s0,A_dice,08,0,Q4_clearest,0,3312,891,0.97848,0.99437,0.99549,0.99327
A_dice_s0,A_dice,08,20,Q1_dimmest,272,9976,3245,0.51041,0.47368,0.63045,0.37935
A_dice_s0,A_dice,08,20,Q2,26,8461,2479,0.84063,0.85624,0.85051,0.86204
A_dice_s0,A_dice,08,20,Q3,4,6640,1970,0.93449,0.9759,0.97065,0.98122
A_dice_s0,A_dice,08,20,Q4_clearest,0,3312,891,0.97848,0.99437,0.99549,0.99327
A_dice_s0,A_dice,09,0,Q1_dimmest,312,9368,3406,0.51562,0.51592,0.66097,0.42308
A_dice_s0,A_dice,09,0,Q2,40,7639,2383,0.84223,0.86981,0.83963,0.90222
A_dice_s0,A_dice,09,0,Q3,5,6249,1936,0.93929,0.97652,0.96469,0.98864
A_dice_s0,A_dice,09,0,Q4_clearest,2,3485,1001,0.97788,0.99399,0.99902,0.98901
A_dice_s0,A_dice,09,20,Q1_dimmest,269,9368,3406,0.51231,0.51072,0.69845,0.40252
A_dice_s0,A_dice,09,20,Q2,38,7639,2383,0.84191,0.86837,0.84848,0.88922
A_dice_s0,A_dice,09,20,Q3,5,6249,1936,0.93913,0.97651,0.96468,0.98864
A_dice_s0,A_dice,09,20,Q4_clearest,2,3485,1001,0.97788,0.99399,0.99902,0.98901
A_dice_s0,A_dice,10,0,Q1_dimmest,321,7560,3177,0.50449,0.46176,0.51623,0.41769
A_dice_s0,A_dice,10,0,Q2,57,6756,2369,0.80811,0.80563,0.76249,0.85395
A_dice_s0,A_dice,10,0,Q3,3,6741,2035,0.90875,0.95902,0.92891,0.99115
A_dice_s0,A_dice,10,0,Q4_clearest,1,6099,1556,0.96182,0.9964,0.99409,0.99871
A_dice_s0,A_dice,10,20,Q1_dimmest,297,7560,3177,0.50628,0.46653,0.55644,0.40164
A_dice_s0,A_dice,10,20,Q2,52,6756,2369,0.80773,0.80394,0.77262,0.83791
A_dice_s0,A_dice,10,20,Q3,2,6741,2035,0.90945,0.96064,0.93545,0.98722
A_dice_s0,A_dice,10,20,Q4_clearest,1,6099,1556,0.96197,0.99705,0.9954,0.99871
A_dice_s0,A_dice,11,0,Q1_dimmest,322,6386,2930,0.44953,0.40857,0.51507,0.33857
A_dice_s0,A_dice,11,0,Q2,75,5601,2186,0.76046,0.72377,0.68983,0.76121
A_dice_s0,A_dice,11,0,Q3,13,6593,2129,0.8688,0.8994,0.85261,0.95162
A_dice_s0,A_dice,11,0,Q4_clearest,3,10959,3211,0.94476,0.98059,0.9651,0.99657
A_dice_s0,A_dice,11,20,Q1_dimmest,291,6386,2930,0.44831,0.4064,0.55732,0.3198
A_dice_s0,A_dice,11,20,Q2,70,5601,2186,0.76487,0.7323,0.71688,0.7484
A_dice_s0,A_dice,11,20,Q3,11,6593,2129,0.86935,0.90151,0.85872,0.9488
A_dice_s0,A_dice,11,20,Q4_clearest,1,10959,3211,0.94474,0.98058,0.96626,0.99533
A_dice_s0,A_dice,12,0,Q1_dimmest,245,6741,2151,0.54569,0.56389,0.62018,0.51697
A_dice_s0,A_dice,12,0,Q2,74,7686,2661,0.81289,0.82908,0.80308,0.85682
A_dice_s0,A_dice,12,0,Q3,6,7976,2374,0.90479,0.95076,0.92794,0.97473
A_dice_s0,A_dice,12,0,Q4_clearest,0,6087,1526,0.96289,0.99332,0.98864,0.99803
A_dice_s0,A_dice,12,20,Q1_dimmest,224,6741,2151,0.54527,0.56895,0.65164,0.50488
A_dice_s0,A_dice,12,20,Q2,67,7686,2661,0.81527,0.8366,0.82641,0.84705
A_dice_s0,A_dice,12,20,Q3,6,7976,2374,0.90576,0.95304,0.93385,0.97304
A_dice_s0,A_dice,12,20,Q4_clearest,0,6087,1526,0.96289,0.99332,0.98864,0.99803
A_dice_s0,A_dice,13,0,Q1_dimmest,321,8947,3161,0.51794,0.48211,0.56161,0.42233
A_dice_s0,A_dice,13,0,Q2,85,7970,2798,0.80286,0.79427,0.77341,0.8163
A_dice_s0,A_dice,13,0,Q3,8,7295,2120,0.91892,0.95547,0.93412,0.97783
A_dice_s0,A_dice,13,0,Q4_clearest,0,8047,2107,0.97899,0.99739,0.99527,0.99953
A_dice_s0,A_dice,13,20,Q1_dimmest,282,8947,3161,0.51447,0.47171,0.58932,0.39323
A_dice_s0,A_dice,13,20,Q2,76,7970,2798,0.80551,0.79945,0.80192,0.797
A_dice_s0,A_dice,13,20,Q3,5,7295,2120,0.91946,0.95557,0.94042,0.97123
A_dice_s0,A_dice,13,20,Q4_clearest,0,8047,2107,0.97899,0.99739,0.99527,0.99953
A_dice_s0,A_dice,14,0,Q1_dimmest,218,4886,1623,0.47449,0.46378,0.44036,0.48983
A_dice_s0,A_dice,14,0,Q2,82,6453,2243,0.7686,0.75655,0.68643,0.84262
A_dice_s0,A_dice,14,0,Q3,5,8104,2470,0.88494,0.92746,0.87245,0.98988
A_dice_s0,A_dice,14,0,Q4_clearest,0,7234,2022,0.95357,0.99221,0.98455,1.0
A_dice_s0,A_dice,14,20,Q1_dimmest,213,4886,1623,0.4802,0.47637,0.47282,0.47998
A_dice_s0,A_dice,14,20,Q2,74,6453,2243,0.7705,0.76354,0.70331,0.83504
A_dice_s0,A_dice,14,20,Q3,5,8104,2470,0.88641,0.93234,0.88144,0.98947
A_dice_s0,A_dice,14,20,Q4_clearest,0,7234,2022,0.95364,0.99246,0.98502,1.0
A_dice_s0,A_dice,15,0,Q1_dimmest,197,4357,1638,0.46339,0.46609,0.41865,0.52564
A_dice_s0,A_dice,15,0,Q2,35,5141,1751,0.73468,0.7496,0.63655,0.91148
A_dice_s0,A_dice,15,0,Q3,1,6066,1760,0.8386,0.89432,0.81185,0.99545
A_dice_s0,A_dice,15,0,Q4_clearest,0,8050,2502,0.93495,0.97841,0.95774,1.0
A_dice_s0,A_dice,15,20,Q1_dimmest,179,4357,1638,0.46337,0.46599,0.43914,0.49634
A_dice_s0,A_dice,15,20,Q2,34,5141,1751,0.74399,0.77286,0.67428,0.9052
A_dice_s0,A_dice,15,20,Q3,1,6066,1760,0.84611,0.91438,0.84552,0.99545
A_dice_s0,A_dice,15,20,Q4_clearest,0,8050,2502,0.93658,0.98208,0.96478,1.0
A_dice_s0,A_dice,16,0,Q1_dimmest,256,6445,1959,0.54134,0.5748,0.66994,0.50332
A_dice_s0,A_dice,16,0,Q2,71,6977,2256,0.81745,0.85443,0.86146,0.84752
A_dice_s0,A_dice,16,0,Q3,1,7630,2131,0.90299,0.9574,0.92964,0.98686
A_dice_s0,A_dice,16,0,Q4_clearest,0,8739,2466,0.94229,0.97984,0.96085,0.99959
A_dice_s0,A_dice,16,20,Q1_dimmest,245,6445,1959,0.54233,0.57964,0.70827,0.49056
A_dice_s0,A_dice,16,20,Q2,67,6977,2256,0.81894,0.85992,0.88426,0.83688
A_dice_s0,A_dice,16,20,Q3,1,7630,2131,0.90426,0.96159,0.93842,0.98592
A_dice_s0,A_dice,16,20,Q4_clearest,0,8739,2466,0.94269,0.9814,0.96386,0.99959
A_dice_s0,A_dice,17,0,Q1_dimmest,276,7862,2585,0.54958,0.56197,0.68302,0.47737
A_dice_s0,A_dice,17,0,Q2,44,7104,2140,0.84019,0.87555,0.87494,0.87617
A_dice_s0,A_dice,17,0,Q3,10,7222,1826,0.91676,0.97076,0.95827,0.98357
A_dice_s0,A_dice,17,0,Q4_clearest,1,5664,1433,0.93553,0.99404,0.99228,0.99581
A_dice_s0,A_dice,17,20,Q1_dimmest,247,7862,2585,0.54983,0.56405,0.74936,0.45222
A_dice_s0,A_dice,17,20,Q2,42,7104,2140,0.84133,0.87976,0.90324,0.85748
A_dice_s0,A_dice,17,20,Q3,10,7222,1826,0.91667,0.97138,0.96211,0.98083
A_dice_s0,A_dice,17,20,Q4_clearest,1,5664,1433,0.93499,0.99369,0.99296,0.99442
A_dice_s0,A_dice,18,0,Q1_dimmest,190,4966,1759,0.5928,0.60445,0.6654,0.55372
A_dice_s0,A_dice,18,0,Q2,59,6044,1968,0.80462,0.85562,0.8343,0.87805
A_dice_s0,A_dice,18,0,Q3,9,7429,2081,0.8586,0.9551,0.9273,0.98462
A_dice_s0,A_dice,18,0,Q4_clearest,0,7705,1851,0.90359,0.98984,0.98093,0.99892
A_dice_s0,A_dice,18,20,Q1_dimmest,181,4966,1759,0.59627,0.61631,0.70401,0.54804
A_dice_s0,A_dice,18,20,Q2,58,6044,1968,0.80506,0.85724,0.85075,0.86382
A_dice_s0,A_dice,18,20,Q3,8,7429,2081,0.86006,0.95918,0.93719,0.98222
A_dice_s0,A_dice,18,20,Q4_clearest,0,7705,1851,0.90359,0.98984,0.98093,0.99892
A_dice_s0,A_dice,19,0,Q1_dimmest,170,3731,1722,0.63932,0.65665,0.67816,0.63647
A_dice_s0,A_dice,19,0,Q2,42,6957,2067,0.78513,0.8295,0.74807,0.93082
A_dice_s0,A_dice,19,0,Q3,2,8771,2610,0.89501,0.96038,0.93245,0.99004
A_dice_s0,A_dice,19,0,Q4_clearest,0,7909,2077,0.96758,0.9937,0.98842,0.99904
A_dice_s0,A_dice,19,20,Q1_dimmest,160,3731,1722,0.63712,0.65573,0.69704,0.61905
A_dice_s0,A_dice,19,20,Q2,38,6957,2067,0.79451,0.85307,0.78975,0.92743
A_dice_s0,A_dice,19,20,Q3,2,8771,2610,0.89658,0.96543,0.94515,0.98659
A_dice_s0,A_dice,19,20,Q4_clearest,0,7909,2077,0.96829,0.99612,0.99321,0.99904
A_dice_s0,A_dice,20,0,Q1_dimmest,219,5411,1924,0.59545,0.59959,0.57639,0.62474
A_dice_s0,A_dice,20,0,Q2,37,7210,2225,0.7932,0.84102,0.76282,0.93708
A_dice_s0,A_dice,20,0,Q3,3,6951,2027,0.86532,0.93847,0.89233,0.98964
A_dice_s0,A_dice,20,0,Q4_clearest,0,4693,1197,0.94246,0.98608,0.97413,0.99833
A_dice_s0,A_dice,20,20,Q1_dimmest,208,5411,1924,0.59811,0.60899,0.61519,0.60291
A_dice_s0,A_dice,20,20,Q2,33,7210,2225,0.79628,0.84991,0.7842,0.92764
A_dice_s0,A_dice,20,20,Q3,2,6951,2027,0.86789,0.94585,0.90826,0.98668
A_dice_s0,A_dice,20,20,Q4_clearest,0,4693,1197,0.94234,0.98565,0.97488,0.99666
B_cldice_s0,B_cldice,01,0,Q1_dimmest,217,4597,1791,0.57572,0.55264,0.56055,0.54495
B_cldice_s0,B_cldice,01,0,Q2,58,6946,2500,0.78362,0.82936,0.77829,0.8876
B_cldice_s0,B_cldice,01,0,Q3,11,8473,2538,0.85612,0.95919,0.94706,0.97163
B_cldice_s0,B_cldice,01,0,Q4_clearest,1,9424,2483,0.9255,0.9881,0.97919,0.99718
B_cldice_s0,B_cldice,01,20,Q1_dimmest,207,4597,1791,0.58186,0.56421,0.60403,0.52931
B_cldice_s0,B_cldice,01,20,Q2,57,6946,2500,0.78441,0.83257,0.79,0.88
B_cldice_s0,B_cldice,01,20,Q3,11,8473,2538,0.85698,0.96183,0.95336,0.97045
B_cldice_s0,B_cldice,01,20,Q4_clearest,1,9424,2483,0.92555,0.9883,0.97958,0.99718
B_cldice_s0,B_cldice,02,0,Q1_dimmest,228,5691,1790,0.50679,0.44604,0.46978,0.42458
B_cldice_s0,B_cldice,02,0,Q2,58,6606,1861,0.79235,0.76642,0.70746,0.83611
B_cldice_s0,B_cldice,02,0,Q3,4,8662,2260,0.89669,0.94603,0.90669,0.98894
B_cldice_s0,B_cldice,02,0,Q4_clearest,0,12831,3378,0.9623,0.99259,0.98529,1.0
B_cldice_s0,B_cldice,02,20,Q1_dimmest,205,5691,1790,0.50384,0.43872,0.49251,0.39553
B_cldice_s0,B_cldice,02,20,Q2,53,6606,1861,0.79208,0.76579,0.71707,0.8216
B_cldice_s0,B_cldice,02,20,Q3,4,8662,2260,0.89721,0.94814,0.91057,0.98894
B_cldice_s0,B_cldice,02,20,Q4_clearest,0,12831,3378,0.96244,0.99316,0.98641,1.0
B_cldice_s0,B_cldice,03,0,Q1_dimmest,278,10358,3377,0.51126,0.47046,0.56099,0.40509
B_cldice_s0,B_cldice,03,0,Q2,42,9353,2708,0.81406,0.84133,0.82442,0.85894
B_cldice_s0,B_cldice,03,0,Q3,9,8095,2089,0.93009,0.97017,0.9667,0.97367
B_cldice_s0,B_cldice,03,0,Q4_clearest,0,5087,1047,0.98815,1.0,1.0,1.0
B_cldice_s0,B_cldice,03,20,Q1_dimmest,260,10358,3377,0.51137,0.4692,0.58218,0.39295
B_cldice_s0,B_cldice,03,20,Q2,39,9353,2708,0.814,0.84138,0.83286,0.85007
B_cldice_s0,B_cldice,03,20,Q3,9,8095,2089,0.93018,0.97146,0.9702,0.97271
B_cldice_s0,B_cldice,03,20,Q4_clearest,0,5087,1047,0.98815,1.0,1.0,1.0
B_cldice_s0,B_cldice,04,0,Q1_dimmest,216,7750,3035,0.49901,0.43489,0.57886,0.34827
B_cldice_s0,B_cldice,04,0,Q2,41,6017,1865,0.8011,0.82173,0.78938,0.85684
B_cldice_s0,B_cldice,04,0,Q3,2,6293,1680,0.9064,0.9573,0.93369,0.98214
B_cldice_s0,B_cldice,04,0,Q4_clearest,1,10294,2346,0.97178,0.98794,0.98151,0.99446
B_cldice_s0,B_cldice,04,20,Q1_dimmest,194,7750,3035,0.4975,0.43316,0.59554,0.34036
B_cldice_s0,B_cldice,04,20,Q2,37,6017,1865,0.79968,0.81731,0.79134,0.84504
B_cldice_s0,B_cldice,04,20,Q3,2,6293,1680,0.90623,0.95668,0.93412,0.98036
B_cldice_s0,B_cldice,04,20,Q4_clearest,1,10294,2346,0.97178,0.98794,0.98151,0.99446
B_cldice_s0,B_cldice,05,0,Q1_dimmest,295,9685,3539,0.49635,0.42297,0.59986,0.32665
B_cldice_s0,B_cldice,05,0,Q2,23,7440,2198,0.84292,0.84285,0.82068,0.86624
B_cldice_s0,B_cldice,05,0,Q3,3,7606,2186,0.93446,0.98107,0.97103,0.99131
B_cldice_s0,B_cldice,05,0,Q4_clearest,0,6179,1663,0.9752,0.99676,0.99593,0.99759
B_cldice_s0,B_cldice,05,20,Q1_dimmest,279,9685,3539,0.49627,0.4208,0.62772,0.31647
B_cldice_s0,B_cldice,05,20,Q2,23,7440,2198,0.84484,0.84767,0.83538,0.86033
B_cldice_s0,B_cldice,05,20,Q3,3,7606,2186,0.93452,0.98129,0.97147,0.99131
B_cldice_s0,B_cldice,05,20,Q4_clearest,0,6179,1663,0.9752,0.99676,0.99593,0.99759
B_cldice_s0,B_cldice,06,0,Q1_dimmest,339,10790,3981,0.49159,0.46687,0.64376,0.36624
B_cldice_s0,B_cldice,06,0,Q2,48,7933,2378,0.83197,0.82726,0.84353,0.81161
B_cldice_s0,B_cldice,06,0,Q3,1,7891,2229,0.94748,0.98186,0.9707,0.99327
B_cldice_s0,B_cldice,06,0,Q4_clearest,0,5502,1401,0.98054,0.99787,0.99646,0.99929
B_cldice_s0,B_cldice,06,20,Q1_dimmest,311,10790,3981,0.48914,0.46212,0.67007,0.35268
B_cldice_s0,B_cldice,06,20,Q2,42,7933,2378,0.83098,0.82481,0.85091,0.80025
B_cldice_s0,B_cldice,06,20,Q3,1,7891,2229,0.94729,0.98095,0.97065,0.99148
B_cldice_s0,B_cldice,06,20,Q4_clearest,0,5502,1401,0.98054,0.99787,0.99646,0.99929
B_cldice_s0,B_cldice,07,0,Q1_dimmest,226,8316,2808,0.48661,0.43309,0.62427,0.33155
B_cldice_s0,B_cldice,07,0,Q2,40,7149,2172,0.80952,0.79853,0.81058,0.78683
B_cldice_s0,B_cldice,07,0,Q3,5,7254,1955,0.91879,0.96172,0.9479,0.97596
B_cldice_s0,B_cldice,07,0,Q4_clearest,0,7433,2033,0.97303,0.99628,0.99355,0.99902
B_cldice_s0,B_cldice,07,20,Q1_dimmest,201,8316,2808,0.48445,0.42529,0.66953,0.31161
B_cldice_s0,B_cldice,07,20,Q2,35,7149,2172,0.8128,0.80607,0.84207,0.77302
B_cldice_s0,B_cldice,07,20,Q3,5,7254,1955,0.91955,0.96415,0.95361,0.97494
B_cldice_s0,B_cldice,07,20,Q4_clearest,0,7433,2033,0.9731,0.99652,0.99404,0.99902
B_cldice_s0,B_cldice,08,0,Q1_dimmest,281,9976,3245,0.54091,0.48921,0.60135,0.41233
B_cldice_s0,B_cldice,08,0,Q2,41,8461,2479,0.84131,0.84672,0.82894,0.86527
B_cldice_s0,B_cldice,08,0,Q3,5,6640,1970,0.93078,0.97502,0.96401,0.98629
B_cldice_s0,B_cldice,08,0,Q4_clearest,0,3312,891,0.97619,0.99327,0.99104,0.99551
B_cldice_s0,B_cldice,08,20,Q1_dimmest,255,9976,3245,0.53967,0.48436,0.63532,0.39137
B_cldice_s0,B_cldice,08,20,Q2,38,8461,2479,0.8414,0.8456,0.83547,0.85599
B_cldice_s0,B_cldice,08,20,Q3,5,6640,1970,0.93112,0.97598,0.96589,0.98629
B_cldice_s0,B_cldice,08,20,Q4_clearest,0,3312,891,0.97619,0.99327,0.99104,0.99551
B_cldice_s0,B_cldice,09,0,Q1_dimmest,296,9368,3406,0.5524,0.52402,0.64558,0.44099
B_cldice_s0,B_cldice,09,0,Q2,40,7639,2383,0.84558,0.87241,0.8456,0.90097
B_cldice_s0,B_cldice,09,0,Q3,2,6249,1936,0.92849,0.97697,0.96756,0.98657
B_cldice_s0,B_cldice,09,0,Q4_clearest,2,3485,1001,0.96971,0.98121,0.999,0.96404
B_cldice_s0,B_cldice,09,20,Q1_dimmest,274,9368,3406,0.5491,0.51689,0.65987,0.42484
B_cldice_s0,B_cldice,09,20,Q2,39,7639,2383,0.84444,0.87004,0.84748,0.89383
B_cldice_s0,B_cldice,09,20,Q3,1,6249,1936,0.92815,0.9767,0.96802,0.98554
B_cldice_s0,B_cldice,09,20,Q4_clearest,1,3485,1001,0.96942,0.98069,0.999,0.96304
B_cldice_s0,B_cldice,10,0,Q1_dimmest,298,7560,3177,0.53578,0.48721,0.5749,0.42273
B_cldice_s0,B_cldice,10,0,Q2,44,6756,2369,0.80888,0.80521,0.76479,0.85015
B_cldice_s0,B_cldice,10,0,Q3,4,6741,2035,0.9003,0.9626,0.93697,0.98968
B_cldice_s0,B_cldice,10,0,Q4_clearest,0,6099,1556,0.95896,0.994,0.9887,0.99936
B_cldice_s0,B_cldice,10,20,Q1_dimmest,273,7560,3177,0.53504,0.48462,0.60299,0.4051
B_cldice_s0,B_cldice,10,20,Q2,42,6756,2369,0.81004,0.80571,0.77445,0.83959
B_cldice_s0,B_cldice,10,20,Q3,4,6741,2035,0.90065,0.96347,0.94129,0.98673
B_cldice_s0,B_cldice,10,20,Q4_clearest,0,6099,1556,0.95941,0.996,0.99266,0.99936
B_cldice_s0,B_cldice,11,0,Q1_dimmest,310,6386,2930,0.47438,0.40191,0.50036,0.33584
B_cldice_s0,B_cldice,11,0,Q2,62,5601,2186,0.77027,0.73571,0.70444,0.7699
B_cldice_s0,B_cldice,11,0,Q3,11,6593,2129,0.85916,0.90867,0.86981,0.95115
B_cldice_s0,B_cldice,11,0,Q4_clearest,1,10959,3211,0.93841,0.98646,0.97536,0.99782
B_cldice_s0,B_cldice,11,20,Q1_dimmest,291,6386,2930,0.4743,0.40101,0.52632,0.32389
B_cldice_s0,B_cldice,11,20,Q2,58,5601,2186,0.76993,0.73554,0.71194,0.76075
B_cldice_s0,B_cldice,11,20,Q3,10,6593,2129,0.86071,0.91274,0.87771,0.95068
B_cldice_s0,B_cldice,11,20,Q4_clearest,1,10959,3211,0.93864,0.98707,0.97715,0.9972
B_cldice_s0,B_cldice,12,0,Q1_dimmest,225,6741,2151,0.56087,0.54755,0.60613,0.4993
B_cldice_s0,B_cldice,12,0,Q2,68,7686,2661,0.81539,0.82986,0.80587,0.85532
B_cldice_s0,B_cldice,12,0,Q3,8,7976,2374,0.89446,0.95191,0.9286,0.97641
B_cldice_s0,B_cldice,12,0,Q4_clearest,1,6087,1526,0.95871,0.99265,0.98989,0.99541
B_cldice_s0,B_cldice,12,20,Q1_dimmest,210,6741,2151,0.5628,0.55489,0.64521,0.48675
B_cldice_s0,B_cldice,12,20,Q2,55,7686,2661,0.81606,0.83081,0.81519,0.84705
B_cldice_s0,B_cldice,12,20,Q3,7,7976,2374,0.89509,0.95281,0.93186,0.97473
B_cldice_s0,B_cldice,12,20,Q4_clearest,1,6087,1526,0.95878,0.99296,0.99052,0.99541
B_cldice_s0,B_cldice,13,0,Q1_dimmest,283,8947,3161,0.53763,0.48685,0.56607,0.42708
B_cldice_s0,B_cldice,13,0,Q2,77,7970,2798,0.80533,0.78943,0.75421,0.82809
B_cldice_s0,B_cldice,13,0,Q3,5,7295,2120,0.90834,0.95673,0.93914,0.975
B_cldice_s0,B_cldice,13,0,Q4_clearest,0,8047,2107,0.97573,0.99834,0.99669,1.0
B_cldice_s0,B_cldice,13,20,Q1_dimmest,259,8947,3161,0.53545,0.48107,0.58323,0.40936
B_cldice_s0,B_cldice,13,20,Q2,72,7970,2798,0.80453,0.78804,0.7693,0.80772
B_cldice_s0,B_cldice,13,20,Q3,4,7295,2120,0.90843,0.95716,0.94085,0.97406
B_cldice_s0,B_cldice,13,20,Q4_clearest,0,8047,2107,0.97578,0.99858,0.99716,1.0
B_cldice_s0,B_cldice,14,0,Q1_dimmest,195,4886,1623,0.51037,0.47086,0.44766,0.49661
B_cldice_s0,B_cldice,14,0,Q2,74,6453,2243,0.76995,0.76666,0.6942,0.856
B_cldice_s0,B_cldice,14,0,Q3,8,8104,2470,0.87051,0.9348,0.88814,0.98664
B_cldice_s0,B_cldice,14,0,Q4_clearest,0,7234,2022,0.94998,0.99365,0.98737,1.0
B_cldice_s0,B_cldice,14,20,Q1_dimmest,190,4886,1623,0.516,0.4837,0.47483,0.49291
B_cldice_s0,B_cldice,14,20,Q2,72,6453,2243,0.77433,0.77666,0.71294,0.85288
B_cldice_s0,B_cldice,14,20,Q3,8,8104,2470,0.87137,0.93714,0.89237,0.98664
B_cldice_s0,B_cldice,14,20,Q4_clearest,0,7234,2022,0.94998,0.99365,0.98737,1.0
B_cldice_s0,B_cldice,15,0,Q1_dimmest,161,4357,1638,0.53685,0.54,0.51736,0.56471
B_cldice_s0,B_cldice,15,0,Q2,29,5141,1751,0.72534,0.75253,0.63938,0.91433
B_cldice_s0,B_cldice,15,0,Q3,0,6066,1760,0.82348,0.89564,0.81287,0.99716
B_cldice_s0,B_cldice,15,0,Q4_clearest,0,8050,2502,0.92969,0.97908,0.95901,1.0
B_cldice_s0,B_cldice,15,20,Q1_dimmest,158,4357,1638,0.54649,0.56081,0.5618,0.55983
B_cldice_s0,B_cldice,15,20,Q2,28,5141,1751,0.73316,0.76909,0.66518,0.91148
B_cldice_s0,B_cldice,15,20,Q3,0,6066,1760,0.8297,0.91117,0.83883,0.99716
B_cldice_s0,B_cldice,15,20,Q4_clearest,0,8050,2502,0.93044,0.98004,0.96087,1.0
B_cldice_s0,B_cldice,16,0,Q1_dimmest,242,6445,1959,0.56802,0.58472,0.69559,0.50434
B_cldice_s0,B_cldice,16,0,Q2,57,6977,2256,0.82821,0.86433,0.8729,0.85594
B_cldice_s0,B_cldice,16,0,Q3,3,7630,2131,0.88805,0.94997,0.91817,0.98405
B_cldice_s0,B_cldice,16,0,Q4_clearest,0,8739,2466,0.93523,0.98087,0.96549,0.99676
B_cldice_s0,B_cldice,16,20,Q1_dimmest,234,6445,1959,0.56811,0.59277,0.73607,0.49617
B_cldice_s0,B_cldice,16,20,Q2,53,6977,2256,0.83044,0.87307,0.89921,0.8484
B_cldice_s0,B_cldice,16,20,Q3,3,7630,2131,0.88878,0.95277,0.92425,0.98311
B_cldice_s0,B_cldice,16,20,Q4_clearest,0,8739,2466,0.93568,0.98229,0.96824,0.99676
B_cldice_s0,B_cldice,17,0,Q1_dimmest,271,7862,2585,0.55999,0.57185,0.73094,0.46963
B_cldice_s0,B_cldice,17,0,Q2,59,7104,2140,0.83221,0.87055,0.87912,0.86215
B_cldice_s0,B_cldice,17,0,Q3,4,7222,1826,0.90541,0.97269,0.9631,0.98248
B_cldice_s0,B_cldice,17,0,Q4_clearest,1,5664,1433,0.93119,0.99044,0.98512,0.99581
B_cldice_s0,B_cldice,17,20,Q1_dimmest,252,7862,2585,0.55698,0.56835,0.76471,0.45222
B_cldice_s0,B_cldice,17,20,Q2,51,7104,2140,0.83261,0.87383,0.89747,0.8514
B_cldice_s0,B_cldice,17,20,Q3,4,7222,1826,0.90538,0.97316,0.96455,0.98193
B_cldice_s0,B_cldice,17,20,Q4_clearest,1,5664,1433,0.9315,0.99178,0.98779,0.99581
B_cldice_s0,B_cldice,18,0,Q1_dimmest,191,4966,1759,0.6072,0.5971,0.65019,0.55202
B_cldice_s0,B_cldice,18,0,Q2,41,6044,1968,0.8154,0.87106,0.85362,0.88923
B_cldice_s0,B_cldice,18,0,Q3,6,7429,2081,0.84914,0.96109,0.93476,0.98895
B_cldice_s0,B_cldice,18,0,Q4_clearest,0,7705,1851,0.89736,0.98806,0.9764,1.0
B_cldice_s0,B_cldice,18,20,Q1_dimmest,182,4966,1759,0.61187,0.6101,0.69533,0.54349
B_cldice_s0,B_cldice,18,20,Q2,38,6044,1968,0.8157,0.87495,0.86643,0.88364
B_cldice_s0,B_cldice,18,20,Q3,6,7429,2081,0.85161,0.96995,0.95301,0.98751
B_cldice_s0,B_cldice,18,20,Q4_clearest,0,7705,1851,0.89788,0.99011,0.98042,1.0
B_cldice_s0,B_cldice,19,0,Q1_dimmest,153,3731,1722,0.63666,0.64725,0.65965,0.63531
B_cldice_s0,B_cldice,19,0,Q2,45,6957,2067,0.76865,0.81223,0.73248,0.91147
B_cldice_s0,B_cldice,19,0,Q3,2,8771,2610,0.8777,0.96014,0.93132,0.9908
B_cldice_s0,B_cldice,19,0,Q4_clearest,0,7909,2077,0.96152,0.99706,0.99414,1.0
B_cldice_s0,B_cldice,19,20,Q1_dimmest,143,3731,1722,0.64053,0.65552,0.69365,0.62137
B_cldice_s0,B_cldice,19,20,Q2,45,6957,2067,0.7726,0.82309,0.75298,0.9076
B_cldice_s0,B_cldice,19,20,Q3,2,8771,2610,0.87815,0.96179,0.9351,0.99004
B_cldice_s0,B_cldice,19,20,Q4_clearest,0,7909,2077,0.96152,0.99706,0.99414,1.0
B_cldice_s0,B_cldice,20,0,Q1_dimmest,180,5411,1924,0.6134,0.61499,0.60167,0.6289
B_cldice_s0,B_cldice,20,0,Q2,22,7210,2225,0.79172,0.84824,0.77946,0.93034
B_cldice_s0,B_cldice,20,0,Q3,2,6951,2027,0.85891,0.94582,0.90407,0.99161
B_cldice_s0,B_cldice,20,0,Q4_clearest,1,4693,1197,0.94112,0.98604,0.97484,0.99749
B_cldice_s0,B_cldice,20,20,Q1_dimmest,172,5411,1924,0.61913,0.62903,0.63992,0.6185
B_cldice_s0,B_cldice,20,20,Q2,21,7210,2225,0.79369,0.85673,0.79688,0.92629
B_cldice_s0,B_cldice,20,20,Q3,1,6951,2027,0.85992,0.94963,0.91105,0.99161
B_cldice_s0,B_cldice,20,20,Q4_clearest,1,4693,1197,0.94158,0.98839,0.97945,0.99749
C_boundary_s0,C_boundary,01,0,Q1_dimmest,219,4597,1791,0.5362,0.52425,0.55899,0.49358
C_boundary_s0,C_boundary,01,0,Q2,71,6946,2500,0.78791,0.83116,0.79731,0.868
C_boundary_s0,C_boundary,01,0,Q3,18,8473,2538,0.86325,0.9501,0.93094,0.97006
C_boundary_s0,C_boundary,01,0,Q4_clearest,0,9424,2483,0.92589,0.99034,0.98281,0.99799
C_boundary_s0,C_boundary,01,20,Q1_dimmest,195,4597,1791,0.53408,0.51906,0.59078,0.46287
C_boundary_s0,C_boundary,01,20,Q2,62,6946,2500,0.7876,0.83246,0.80946,0.8568
C_boundary_s0,C_boundary,01,20,Q3,17,8473,2538,0.86388,0.95173,0.9363,0.96769
C_boundary_s0,C_boundary,01,20,Q4_clearest,0,9424,2483,0.92612,0.99134,0.98478,0.99799
C_boundary_s0,C_boundary,02,0,Q1_dimmest,227,5691,1790,0.51584,0.45168,0.48319,0.42402
C_boundary_s0,C_boundary,02,0,Q2,70,6606,1861,0.79784,0.77338,0.73481,0.81623
C_boundary_s0,C_boundary,02,0,Q3,2,8662,2260,0.90416,0.95117,0.91541,0.98982
C_boundary_s0,C_boundary,02,0,Q4_clearest,0,12831,3378,0.96244,0.99186,0.98443,0.99941
C_boundary_s0,C_boundary,02,20,Q1_dimmest,205,5691,1790,0.51629,0.45128,0.51396,0.40223
C_boundary_s0,C_boundary,02,20,Q2,63,6606,1861,0.79732,0.77079,0.74541,0.79796
C_boundary_s0,C_boundary,02,20,Q3,2,8662,2260,0.90632,0.95903,0.93088,0.98894
C_boundary_s0,C_boundary,02,20,Q4_clearest,0,12831,3378,0.96258,0.99229,0.98528,0.99941
C_boundary_s0,C_boundary,03,0,Q1_dimmest,301,10358,3377,0.50418,0.47723,0.58808,0.40154
C_boundary_s0,C_boundary,03,0,Q2,50,9353,2708,0.81835,0.83468,0.8188,0.85118
C_boundary_s0,C_boundary,03,0,Q3,11,8095,2089,0.93047,0.97019,0.97103,0.96936
C_boundary_s0,C_boundary,03,0,Q4_clearest,0,5087,1047,0.98689,0.9982,0.9964,1.0
C_boundary_s0,C_boundary,03,20,Q1_dimmest,260,10358,3377,0.49897,0.46332,0.61026,0.37341
C_boundary_s0,C_boundary,03,20,Q2,46,9353,2708,0.81839,0.83467,0.82363,0.84601
C_boundary_s0,C_boundary,03,20,Q3,11,8095,2089,0.93057,0.97061,0.97282,0.96841
C_boundary_s0,C_boundary,03,20,Q4_clearest,0,5087,1047,0.98689,0.9982,0.9964,1.0
C_boundary_s0,C_boundary,04,0,Q1_dimmest,233,7750,3035,0.50248,0.4527,0.59834,0.36409
C_boundary_s0,C_boundary,04,0,Q2,35,6017,1865,0.79959,0.82481,0.80118,0.84987
C_boundary_s0,C_boundary,04,0,Q3,8,6293,1680,0.91717,0.95647,0.93317,0.98095
C_boundary_s0,C_boundary,04,0,Q4_clearest,0,10294,2346,0.97406,0.99214,0.98647,0.99787
C_boundary_s0,C_boundary,04,20,Q1_dimmest,211,7750,3035,0.50021,0.44488,0.62302,0.34596
C_boundary_s0,C_boundary,04,20,Q2,30,6017,1865,0.7967,0.81677,0.80748,0.82627
C_boundary_s0,C_boundary,04,20,Q3,6,6293,1680,0.91715,0.95673,0.93693,0.97738
C_boundary_s0,C_boundary,04,20,Q4_clearest,0,10294,2346,0.97434,0.99319,0.98856,0.99787
C_boundary_s0,C_boundary,05,0,Q1_dimmest,300,9685,3539,0.47151,0.40846,0.60295,0.30884
C_boundary_s0,C_boundary,05,0,Q2,38,7440,2198,0.83783,0.83825,0.8362,0.84031
C_boundary_s0,C_boundary,05,0,Q3,4,7606,2186,0.93656,0.98099,0.97354,0.98856
C_boundary_s0,C_boundary,05,0,Q4_clearest,0,6179,1663,0.97576,0.99799,0.99599,1.0
C_boundary_s0,C_boundary,05,20,Q1_dimmest,259,9685,3539,0.46577,0.39601,0.63673,0.28737
C_boundary_s0,C_boundary,05,20,Q2,36,7440,2198,0.83741,0.83687,0.84877,0.8253
C_boundary_s0,C_boundary,05,20,Q3,2,7606,2186,0.93653,0.98099,0.97486,0.98719
C_boundary_s0,C_boundary,05,20,Q4_clearest,0,6179,1663,0.97576,0.99799,0.99599,1.0
C_boundary_s0,C_boundary,06,0,Q1_dimmest,381,10790,3981,0.4822,0.46051,0.65039,0.35644
C_boundary_s0,C_boundary,06,0,Q2,50,7933,2378,0.83028,0.81644,0.82967,0.80362
C_boundary_s0,C_boundary,06,0,Q3,3,7891,2229,0.9481,0.9832,0.9742,0.99237
C_boundary_s0,C_boundary,06,0,Q4_clearest,0,5502,1401,0.98107,0.99858,0.99717,1.0
C_boundary_s0,C_boundary,06,20,Q1_dimmest,320,10790,3981,0.4739,0.44374,0.67471,0.33057
C_boundary_s0,C_boundary,06,20,Q2,42,7933,2378,0.8282,0.81046,0.84878,0.77544
C_boundary_s0,C_boundary,06,20,Q3,3,7891,2229,0.94816,0.98292,0.97668,0.98923
C_boundary_s0,C_boundary,06,20,Q4_clearest,0,5502,1401,0.98107,0.99858,0.99717,1.0
C_boundary_s0,C_boundary,07,0,Q1_dimmest,238,8316,2808,0.46384,0.41534,0.6373,0.30805
C_boundary_s0,C_boundary,07,0,Q2,54,7149,2172,0.80873,0.80097,0.82733,0.77624
C_boundary_s0,C_boundary,07,0,Q3,9,7254,1955,0.92232,0.96047,0.94982,0.97136
C_boundary_s0,C_boundary,07,0,Q4_clearest,0,7433,2033,0.97212,0.99535,0.99219,0.99852
C_boundary_s0,C_boundary,07,20,Q1_dimmest,210,8316,2808,0.45722,0.39861,0.66143,0.28526
C_boundary_s0,C_boundary,07,20,Q2,49,7149,2172,0.81038,0.80539,0.84666,0.76796
C_boundary_s0,C_boundary,07,20,Q3,9,7254,1955,0.92339,0.96386,0.95698,0.97084
C_boundary_s0,C_boundary,07,20,Q4_clearest,0,7433,2033,0.97225,0.99559,0.99267,0.99852
C_boundary_s0,C_boundary,08,0,Q1_dimmest,274,9976,3245,0.5191,0.46728,0.6373,0.36888
C_boundary_s0,C_boundary,08,0,Q2,38,8461,2479,0.8458,0.84558,0.83891,0.85236
C_boundary_s0,C_boundary,08,0,Q3,5,6640,1970,0.93195,0.96602,0.95081,0.98173
C_boundary_s0,C_boundary,08,0,Q4_clearest,1,3312,891,0.97242,0.99003,0.98681,0.99327
C_boundary_s0,C_boundary,08,20,Q1_dimmest,236,9976,3245,0.51611,0.46087,0.67773,0.34915
C_boundary_s0,C_boundary,08,20,Q2,35,8461,2479,0.84488,0.8448,0.85187,0.83784
C_boundary_s0,C_boundary,08,20,Q3,5,6640,1970,0.93381,0.9711,0.96119,0.98122
C_boundary_s0,C_boundary,08,20,Q4_clearest,1,3312,891,0.973,0.99112,0.98899,0.99327
C_boundary_s0,C_boundary,09,0,Q1_dimmest,290,9368,3406,0.51036,0.50663,0.66867,0.40781
C_boundary_s0,C_boundary,09,0,Q2,37,7639,2383,0.83994,0.86301,0.84746,0.87914
C_boundary_s0,C_boundary,09,0,Q3,9,6249,1936,0.93041,0.97419,0.97265,0.97572
C_boundary_s0,C_boundary,09,0,Q4_clearest,1,3485,1001,0.9663,0.98379,0.99901,0.96903
C_boundary_s0,C_boundary,09,20,Q1_dimmest,268,9368,3406,0.50753,0.50175,0.68702,0.39518
C_boundary_s0,C_boundary,09,20,Q2,37,7639,2383,0.83949,0.86215,0.85371,0.87075
C_boundary_s0,C_boundary,09,20,Q3,6,6249,1936,0.93015,0.97392,0.97315,0.97469
C_boundary_s0,C_boundary,09,20,Q4_clearest,1,3485,1001,0.96585,0.98328,0.99901,0.96803
C_boundary_s0,C_boundary,10,0,Q1_dimmest,312,7560,3177,0.51851,0.46679,0.55962,0.40038
C_boundary_s0,C_boundary,10,0,Q2,48,6756,2369,0.81157,0.80896,0.77903,0.84128
C_boundary_s0,C_boundary,10,0,Q3,3,6741,2035,0.90621,0.95643,0.9249,0.99017
C_boundary_s0,C_boundary,10,0,Q4_clearest,0,6099,1556,0.95774,0.99442,0.98954,0.99936
C_boundary_s0,C_boundary,10,20,Q1_dimmest,278,7560,3177,0.51764,0.46479,0.5985,0.37992
C_boundary_s0,C_boundary,10,20,Q2,44,6756,2369,0.80999,0.80465,0.78393,0.82651
C_boundary_s0,C_boundary,10,20,Q3,2,6741,2035,0.90623,0.95662,0.9283,0.98673
C_boundary_s0,C_boundary,10,20,Q4_clearest,0,6099,1556,0.95782,0.99475,0.99018,0.99936
C_boundary_s0,C_boundary,11,0,Q1_dimmest,302,6386,2930,0.4655,0.3881,0.53306,0.30512
C_boundary_s0,C_boundary,11,0,Q2,65,5601,2186,0.77511,0.73743,0.72548,0.74977
C_boundary_s0,C_boundary,11,0,Q3,12,6593,2129,0.86718,0.90438,0.86122,0.95209
C_boundary_s0,C_boundary,11,0,Q4_clearest,3,10959,3211,0.9401,0.98246,0.96903,0.99626
C_boundary_s0,C_boundary,11,20,Q1_dimmest,273,6386,2930,0.45926,0.37522,0.54657,0.28567
C_boundary_s0,C_boundary,11,20,Q2,58,5601,2186,0.77357,0.73222,0.73114,0.7333
C_boundary_s0,C_boundary,11,20,Q3,10,6593,2129,0.86758,0.90499,0.86388,0.95021
C_boundary_s0,C_boundary,11,20,Q4_clearest,3,10959,3211,0.94095,0.98369,0.97144,0.99626
C_boundary_s0,C_boundary,12,0,Q1_dimmest,238,6741,2151,0.55017,0.56111,0.65059,0.49326
C_boundary_s0,C_boundary,12,0,Q2,71,7686,2661,0.81351,0.82877,0.81614,0.84179
C_boundary_s0,C_boundary,12,0,Q3,5,7976,2374,0.90071,0.95367,0.93312,0.97515
C_boundary_s0,C_boundary,12,0,Q4_clearest,1,6087,1526,0.95766,0.99187,0.98706,0.99672
C_boundary_s0,C_boundary,12,20,Q1_dimmest,224,6741,2151,0.55137,0.56697,0.67704,0.48768
C_boundary_s0,C_boundary,12,20,Q2,65,7686,2661,0.81285,0.82706,0.82549,0.82864
C_boundary_s0,C_boundary,12,20,Q3,4,7976,2374,0.90054,0.953,0.93377,0.97304
C_boundary_s0,C_boundary,12,20,Q4_clearest,1,6087,1526,0.95766,0.99187,0.98706,0.99672
C_boundary_s0,C_boundary,13,0,Q1_dimmest,290,8947,3161,0.52051,0.48594,0.58793,0.41411
C_boundary_s0,C_boundary,13,0,Q2,82,7970,2798,0.80453,0.7878,0.77846,0.79736
C_boundary_s0,C_boundary,13,0,Q3,4,7295,2120,0.91527,0.95266,0.93522,0.97075
C_boundary_s0,C_boundary,13,0,Q4_clearest,0,8047,2107,0.97726,0.99689,0.9938,1.0
C_boundary_s0,C_boundary,13,20,Q1_dimmest,266,8947,3161,0.51891,0.48289,0.61016,0.39956
C_boundary_s0,C_boundary,13,20,Q2,79,7970,2798,0.80567,0.79026,0.79649,0.78413
C_boundary_s0,C_boundary,13,20,Q3,4,7295,2120,0.91508,0.95212,0.93726,0.96745
C_boundary_s0,C_boundary,13,20,Q4_clearest,0,8047,2107,0.97726,0.99689,0.9938,1.0
C_boundary_s0,C_boundary,14,0,Q1_dimmest,215,4886,1623,0.51427,0.49505,0.49168,0.49846
C_boundary_s0,C_boundary,14,0,Q2,67,6453,2243,0.78154,0.7745,0.70993,0.85198
C_boundary_s0,C_boundary,14,0,Q3,6,8104,2470,0.88003,0.93844,0.89142,0.99069
C_boundary_s0,C_boundary,14,0,Q4_clearest,0,7234,2022,0.95007,0.99196,0.98404,1.0
C_boundary_s0,C_boundary,14,20,Q1_dimmest,193,4886,1623,0.51037,0.48617,0.50988,0.46457
C_boundary_s0,C_boundary,14,20,Q2,62,6453,2243,0.78354,0.7794,0.72767,0.83905
C_boundary_s0,C_boundary,14,20,Q3,6,8104,2470,0.88152,0.94292,0.89988,0.99028
C_boundary_s0,C_boundary,14,20,Q4_clearest,0,7234,2022,0.95007,0.99196,0.98404,1.0
C_boundary_s0,C_boundary,15,0,Q1_dimmest,180,4357,1638,0.51754,0.52319,0.48466,0.56838
C_boundary_s0,C_boundary,15,0,Q2,33,5141,1751,0.74493,0.76733,0.66591,0.9052
C_boundary_s0,C_boundary,15,0,Q3,2,6066,1760,0.83603,0.90902,0.83519,0.99716
C_boundary_s0,C_boundary,15,0,Q4_clearest,0,8050,2502,0.93289,0.9818,0.96424,1.0
C_boundary_s0,C_boundary,15,20,Q1_dimmest,169,4357,1638,0.52079,0.53322,0.51523,0.5525
C_boundary_s0,C_boundary,15,20,Q2,32,5141,1751,0.74953,0.77917,0.68558,0.90234
C_boundary_s0,C_boundary,15,20,Q3,2,6066,1760,0.83943,0.91785,0.85065,0.99659
C_boundary_s0,C_boundary,15,20,Q4_clearest,0,8050,2502,0.93299,0.98219,0.96499,1.0
C_boundary_s0,C_boundary,16,0,Q1_dimmest,260,6445,1959,0.55475,0.59013,0.70509,0.5074
C_boundary_s0,C_boundary,16,0,Q2,74,6977,2256,0.82234,0.85561,0.87666,0.83555
C_boundary_s0,C_boundary,16,0,Q3,3,7630,2131,0.89532,0.95463,0.9286,0.98217
C_boundary_s0,C_boundary,16,0,Q4_clearest,1,8739,2466,0.93743,0.98208,0.96746,0.99716
C_boundary_s0,C_boundary,16,20,Q1_dimmest,246,6445,1959,0.55461,0.59663,0.74694,0.49668
C_boundary_s0,C_boundary,16,20,Q2,71,6977,2256,0.82247,0.85915,0.89426,0.82668
C_boundary_s0,C_boundary,16,20,Q3,3,7630,2131,0.8961,0.95834,0.93693,0.98076
C_boundary_s0,C_boundary,16,20,Q4_clearest,1,8739,2466,0.93809,0.98409,0.97136,0.99716
C_boundary_s0,C_boundary,17,0,Q1_dimmest,288,7862,2585,0.53928,0.55334,0.72863,0.44603
C_boundary_s0,C_boundary,17,0,Q2,57,7104,2140,0.83257,0.86209,0.87012,0.85421
C_boundary_s0,C_boundary,17,0,Q3,8,7222,1826,0.90477,0.97269,0.96363,0.98193
C_boundary_s0,C_boundary,17,0,Q4_clearest,0,5664,1433,0.92999,0.99397,0.98868,0.9993
C_boundary_s0,C_boundary,17,20,Q1_dimmest,270,7862,2585,0.54083,0.55845,0.77663,0.43598
C_boundary_s0,C_boundary,17,20,Q2,50,7104,2140,0.8335,0.8675,0.89244,0.84393
C_boundary_s0,C_boundary,17,20,Q3,8,7222,1826,0.90473,0.97333,0.96809,0.97864
C_boundary_s0,C_boundary,17,20,Q4_clearest,0,5664,1433,0.9292,0.99257,0.98866,0.99651
C_boundary_s0,C_boundary,18,0,Q1_dimmest,202,4966,1759,0.59487,0.61776,0.72255,0.53951
C_boundary_s0,C_boundary,18,0,Q2,43,6044,1968,0.81126,0.87259,0.86231,0.88313
C_boundary_s0,C_boundary,18,0,Q3,4,7429,2081,0.85674,0.96065,0.93179,0.99135
C_boundary_s0,C_boundary,18,0,Q4_clearest,0,7705,1851,0.89954,0.98835,0.97697,1.0
C_boundary_s0,C_boundary,18,20,Q1_dimmest,188,4966,1759,0.59265,0.61296,0.74371,0.52132
C_boundary_s0,C_boundary,18,20,Q2,40,6044,1968,0.81064,0.87379,0.8736,0.87398
C_boundary_s0,C_boundary,18,20,Q3,4,7429,2081,0.85828,0.96618,0.94269,0.99087
C_boundary_s0,C_boundary,18,20,Q4_clearest,0,7705,1851,0.90001,0.98963,0.97948,1.0
C_boundary_s0,C_boundary,19,0,Q1_dimmest,160,3731,1722,0.63611,0.65636,0.70448,0.6144
C_boundary_s0,C_boundary,19,0,Q2,37,6957,2067,0.78423,0.83293,0.75559,0.92791
C_boundary_s0,C_boundary,19,0,Q3,6,8771,2610,0.88505,0.96039,0.93382,0.98851
C_boundary_s0,C_boundary,19,0,Q4_clearest,0,7909,2077,0.96355,0.99733,0.9961,0.99856
C_boundary_s0,C_boundary,19,20,Q1_dimmest,137,3731,1722,0.63296,0.65205,0.73046,0.58885
C_boundary_s0,C_boundary,19,20,Q2,37,6957,2067,0.79032,0.85208,0.79374,0.91969
C_boundary_s0,C_boundary,19,20,Q3,6,8771,2610,0.88521,0.96095,0.93557,0.98774
C_boundary_s0,C_boundary,19,20,Q4_clearest,0,7909,2077,0.96355,0.99733,0.9961,0.99856
C_boundary_s0,C_boundary,20,0,Q1_dimmest,219,5411,1924,0.59957,0.61103,0.61187,0.61019
C_boundary_s0,C_boundary,20,0,Q2,28,7210,2225,0.797,0.84686,0.78483,0.91955
C_boundary_s0,C_boundary,20,0,Q3,6,6951,2027,0.86504,0.94787,0.912,0.98668
C_boundary_s0,C_boundary,20,0,Q4_clearest,0,4693,1197,0.94027,0.9905,0.98118,1.0
C_boundary_s0,C_boundary,20,20,Q1_dimmest,196,5411,1924,0.60139,0.61714,0.65403,0.5842
C_boundary_s0,C_boundary,20,20,Q2,25,7210,2225,0.80015,0.85771,0.81066,0.91056
C_boundary_s0,C_boundary,20,20,Q3,6,6951,2027,0.86763,0.9565,0.92899,0.98569
C_boundary_s0,C_boundary,20,20,Q4_clearest,1,4693,1197,0.93899,0.98964,0.9811,0.99833
D_blurpool_s0,D_blurpool,01,0,Q1_dimmest,231,4597,1791,0.53122,0.52097,0.56547,0.48297
D_blurpool_s0,D_blurpool,01,0,Q2,93,6946,2500,0.76712,0.81335,0.79225,0.8356
D_blurpool_s0,D_blurpool,01,0,Q3,22,8473,2538,0.85697,0.94362,0.93432,0.95311
D_blurpool_s0,D_blurpool,01,0,Q4_clearest,4,9424,2483,0.92484,0.98789,0.98308,0.99275
D_blurpool_s0,D_blurpool,01,20,Q1_dimmest,215,4597,1791,0.52751,0.51418,0.58909,0.45617
D_blurpool_s0,D_blurpool,01,20,Q2,86,6946,2500,0.7663,0.81187,0.80009,0.824
D_blurpool_s0,D_blurpool,01,20,Q3,22,8473,2538,0.85685,0.94391,0.93603,0.95193
D_blurpool_s0,D_blurpool,01,20,Q4_clearest,3,9424,2483,0.92456,0.98788,0.98346,0.99235
D_blurpool_s0,D_blurpool,02,0,Q1_dimmest,227,5691,1790,0.48953,0.42825,0.50238,0.37318
D_blurpool_s0,D_blurpool,02,0,Q2,72,6606,1861,0.78031,0.7502,0.71211,0.79258
D_blurpool_s0,D_blurpool,02,0,Q3,2,8662,2260,0.89691,0.95306,0.92709,0.98053
D_blurpool_s0,D_blurpool,02,0,Q4_clearest,0,12831,3378,0.96433,0.99248,0.98537,0.9997
D_blurpool_s0,D_blurpool,02,20,Q1_dimmest,202,5691,1790,0.48722,0.42283,0.53855,0.34804
D_blurpool_s0,D_blurpool,02,20,Q2,66,6606,1861,0.78098,0.75031,0.7311,0.77055
D_blurpool_s0,D_blurpool,02,20,Q3,2,8662,2260,0.89774,0.95599,0.93386,0.9792
D_blurpool_s0,D_blurpool,02,20,Q4_clearest,0,12831,3378,0.96437,0.99263,0.98565,0.9997
D_blurpool_s0,D_blurpool,03,0,Q1_dimmest,284,10358,3377,0.47273,0.44242,0.58363,0.35623
D_blurpool_s0,D_blurpool,03,0,Q2,56,9353,2708,0.80797,0.83309,0.83088,0.8353
D_blurpool_s0,D_blurpool,03,0,Q3,8,8095,2089,0.92663,0.96905,0.96921,0.96888
D_blurpool_s0,D_blurpool,03,0,Q4_clearest,0,5087,1047,0.98626,0.99904,1.0,0.99809
D_blurpool_s0,D_blurpool,03,20,Q1_dimmest,247,10358,3377,0.46626,0.42712,0.61176,0.3281
D_blurpool_s0,D_blurpool,03,20,Q2,51,9353,2708,0.80823,0.83418,0.84092,0.82755
D_blurpool_s0,D_blurpool,03,20,Q3,7,8095,2089,0.92656,0.9688,0.9692,0.96841
D_blurpool_s0,D_blurpool,03,20,Q4_clearest,0,5087,1047,0.98626,0.99904,1.0,0.99809
D_blurpool_s0,D_blurpool,04,0,Q1_dimmest,234,7750,3035,0.47765,0.43532,0.59074,0.34465
D_blurpool_s0,D_blurpool,04,0,Q2,45,6017,1865,0.79298,0.80622,0.78614,0.82735
D_blurpool_s0,D_blurpool,04,0,Q3,4,6293,1680,0.90408,0.95138,0.93713,0.96607
D_blurpool_s0,D_blurpool,04,0,Q4_clearest,3,10294,2346,0.96171,0.98316,0.9838,0.98252
D_blurpool_s0,D_blurpool,04,20,Q1_dimmest,208,7750,3035,0.47594,0.43011,0.62753,0.32718
D_blurpool_s0,D_blurpool,04,20,Q2,43,6017,1865,0.79271,0.80433,0.79443,0.81448
D_blurpool_s0,D_blurpool,04,20,Q3,4,6293,1680,0.90421,0.95157,0.93919,0.96429
D_blurpool_s0,D_blurpool,04,20,Q4_clearest,3,10294,2346,0.96259,0.98568,0.98886,0.98252
D_blurpool_s0,D_blurpool,05,0,Q1_dimmest,306,9685,3539,0.45377,0.38698,0.60214,0.28511
D_blurpool_s0,D_blurpool,05,0,Q2,49,7440,2198,0.82894,0.82158,0.82472,0.81847
D_blurpool_s0,D_blurpool,05,0,Q3,4,7606,2186,0.9323,0.97747,0.97327,0.9817
D_blurpool_s0,D_blurpool,05,0,Q4_clearest,0,6179,1663,0.97566,0.99795,0.9983,0.99759
D_blurpool_s0,D_blurpool,05,20,Q1_dimmest,282,9685,3539,0.45015,0.37784,0.6346,0.269
D_blurpool_s0,D_blurpool,05,20,Q2,43,7440,2198,0.83106,0.82756,0.8496,0.80664
D_blurpool_s0,D_blurpool,05,20,Q3,4,7606,2186,0.93276,0.97902,0.97681,0.98124
D_blurpool_s0,D_blurpool,05,20,Q4_clearest,0,6179,1663,0.97566,0.99795,0.9983,0.99759
D_blurpool_s0,D_blurpool,06,0,Q1_dimmest,378,10790,3981,0.46166,0.42686,0.6262,0.32379
D_blurpool_s0,D_blurpool,06,0,Q2,50,7933,2378,0.82194,0.80855,0.83202,0.78638
D_blurpool_s0,D_blurpool,06,0,Q3,1,7891,2229,0.94274,0.98459,0.9778,0.99148
D_blurpool_s0,D_blurpool,06,0,Q4_clearest,1,5502,1401,0.98097,0.99823,0.99718,0.99929
D_blurpool_s0,D_blurpool,06,20,Q1_dimmest,339,10790,3981,0.45873,0.41896,0.66433,0.30595
D_blurpool_s0,D_blurpool,06,20,Q2,45,7933,2378,0.82201,0.80859,0.85283,0.76871
D_blurpool_s0,D_blurpool,06,20,Q3,1,7891,2229,0.94271,0.98433,0.97904,0.98968
D_blurpool_s0,D_blurpool,06,20,Q4_clearest,1,5502,1401,0.98097,0.99823,0.99718,0.99929
D_blurpool_s0,D_blurpool,07,0,Q1_dimmest,220,8316,2808,0.4474,0.40763,0.61211,0.30556
D_blurpool_s0,D_blurpool,07,0,Q2,52,7149,2172,0.80058,0.80397,0.84407,0.7675
D_blurpool_s0,D_blurpool,07,0,Q3,12,7254,1955,0.91644,0.95871,0.9503,0.96726
D_blurpool_s0,D_blurpool,07,0,Q4_clearest,0,7433,2033,0.97113,0.99685,0.99518,0.99852
D_blurpool_s0,D_blurpool,07,20,Q1_dimmest,186,8316,2808,0.44245,0.39439,0.67762,0.27813
D_blurpool_s0,D_blurpool,07,20,Q2,47,7149,2172,0.79869,0.79988,0.86111,0.74678
D_blurpool_s0,D_blurpool,07,20,Q3,11,7254,1955,0.91678,0.95988,0.95459,0.96522
D_blurpool_s0,D_blurpool,07,20,Q4_clearest,0,7433,2033,0.97113,0.99685,0.99518,0.99852
D_blurpool_s0,D_blurpool,08,0,Q1_dimmest,290,9976,3245,0.5048,0.46388,0.60152,0.3775
D_blurpool_s0,D_blurpool,08,0,Q2,60,8461,2479,0.83487,0.8353,0.83,0.84066
D_blurpool_s0,D_blurpool,08,0,Q3,7,6640,1970,0.9301,0.96864,0.9588,0.97868
D_blurpool_s0,D_blurpool,08,0,Q4_clearest,0,3312,891,0.97323,0.99108,0.99114,0.99102
D_blurpool_s0,D_blurpool,08,20,Q1_dimmest,267,9976,3245,0.50415,0.46315,0.64342,0.36179
D_blurpool_s0,D_blurpool,08,20,Q2,58,8461,2479,0.83575,0.8389,0.84488,0.833
D_blurpool_s0,D_blurpool,08,20,Q3,7,6640,1970,0.9311,0.97128,0.96399,0.97868
D_blurpool_s0,D_blurpool,08,20,Q4_clearest,0,3312,891,0.97337,0.99163,0.99224,0.99102
D_blurpool_s0,D_blurpool,09,0,Q1_dimmest,315,9368,3406,0.50286,0.50058,0.6465,0.4084
D_blurpool_s0,D_blurpool,09,0,Q2,53,7639,2383,0.8316,0.85289,0.83498,0.87159
D_blurpool_s0,D_blurpool,09,0,Q3,4,6249,1936,0.92725,0.97108,0.97161,0.97056
D_blurpool_s0,D_blurpool,09,0,Q4_clearest,3,3485,1001,0.9637,0.97703,0.99896,0.95604
D_blurpool_s0,D_blurpool,09,20,Q1_dimmest,292,9368,3406,0.49878,0.49237,0.66363,0.39137
D_blurpool_s0,D_blurpool,09,20,Q2,48,7639,2383,0.83146,0.85385,0.84309,0.86488
D_blurpool_s0,D_blurpool,09,20,Q3,4,6249,1936,0.92695,0.97182,0.97309,0.97056
D_blurpool_s0,D_blurpool,09,20,Q4_clearest,3,3485,1001,0.96295,0.97651,0.99896,0.95504
D_blurpool_s0,D_blurpool,10,0,Q1_dimmest,318,7560,3177,0.50969,0.45709,0.55207,0.38999
D_blurpool_s0,D_blurpool,10,0,Q2,67,6756,2369,0.8063,0.79274,0.75152,0.83875
D_blurpool_s0,D_blurpool,10,0,Q3,5,6741,2035,0.90678,0.96051,0.93301,0.98968
D_blurpool_s0,D_blurpool,10,0,Q4_clearest,0,6099,1556,0.95978,0.99547,0.99161,0.99936
D_blurpool_s0,D_blurpool,10,20,Q1_dimmest,289,7560,3177,0.50771,0.45063,0.57354,0.3711
D_blurpool_s0,D_blurpool,10,20,Q2,64,6756,2369,0.80628,0.79296,0.76275,0.82566
D_blurpool_s0,D_blurpool,10,20,Q3,4,6741,2035,0.90678,0.96047,0.93469,0.98771
D_blurpool_s0,D_blurpool,10,20,Q4_clearest,0,6099,1556,0.95978,0.99547,0.99161,0.99936
D_blurpool_s0,D_blurpool,11,0,Q1_dimmest,317,6386,2930,0.4483,0.36539,0.49052,0.29113
D_blurpool_s0,D_blurpool,11,0,Q2,81,5601,2186,0.76745,0.72682,0.72,0.73376
D_blurpool_s0,D_blurpool,11,0,Q3,21,6593,2129,0.86297,0.9082,0.87695,0.94176
D_blurpool_s0,D_blurpool,11,0,Q4_clearest,1,10959,3211,0.94422,0.98506,0.97382,0.99657
D_blurpool_s0,D_blurpool,11,20,Q1_dimmest,274,6386,2930,0.43898,0.34257,0.50823,0.25836
D_blurpool_s0,D_blurpool,11,20,Q2,75,5601,2186,0.76587,0.72416,0.73647,0.71226
D_blurpool_s0,D_blurpool,11,20,Q3,21,6593,2129,0.86335,0.90971,0.88183,0.93941
D_blurpool_s0,D_blurpool,11,20,Q4_clearest,1,10959,3211,0.94422,0.98506,0.97382,0.99657
D_blurpool_s0,D_blurpool,12,0,Q1_dimmest,236,6741,2151,0.51863,0.51482,0.61255,0.44398
D_blurpool_s0,D_blurpool,12,0,Q2,75,7686,2661,0.8029,0.81804,0.81132,0.82488
D_blurpool_s0,D_blurpool,12,0,Q3,6,7976,2374,0.89529,0.95123,0.93861,0.9642
D_blurpool_s0,D_blurpool,12,0,Q4_clearest,0,6087,1526,0.95834,0.99408,0.99275,0.99541
D_blurpool_s0,D_blurpool,12,20,Q1_dimmest,218,6741,2151,0.51549,0.50669,0.63891,0.4198
D_blurpool_s0,D_blurpool,12,20,Q2,74,7686,2661,0.80269,0.81766,0.82175,0.8136
D_blurpool_s0,D_blurpool,12,20,Q3,5,7976,2374,0.89563,0.95237,0.94122,0.96377
D_blurpool_s0,D_blurpool,12,20,Q4_clearest,0,6087,1526,0.95834,0.99408,0.99275,0.99541
D_blurpool_s0,D_blurpool,13,0,Q1_dimmest,302,8947,3161,0.5165,0.46357,0.5921,0.38089
D_blurpool_s0,D_blurpool,13,0,Q2,83,7970,2798,0.80282,0.78775,0.78425,0.79128
D_blurpool_s0,D_blurpool,13,0,Q3,8,7295,2120,0.90954,0.95467,0.94583,0.96368
D_blurpool_s0,D_blurpool,13,0,Q4_clearest,0,8047,2107,0.97557,0.99834,0.99669,1.0
D_blurpool_s0,D_blurpool,13,20,Q1_dimmest,266,8947,3161,0.51434,0.45535,0.63095,0.35622
D_blurpool_s0,D_blurpool,13,20,Q2,74,7970,2798,0.8035,0.78888,0.80343,0.77484
D_blurpool_s0,D_blurpool,13,20,Q3,8,7295,2120,0.90974,0.95577,0.94891,0.96274
D_blurpool_s0,D_blurpool,13,20,Q4_clearest,0,8047,2107,0.97557,0.99834,0.99669,1.0
D_blurpool_s0,D_blurpool,14,0,Q1_dimmest,210,4886,1623,0.49473,0.48348,0.50766,0.46149
D_blurpool_s0,D_blurpool,14,0,Q2,89,6453,2243,0.76316,0.74398,0.6961,0.79893
D_blurpool_s0,D_blurpool,14,0,Q3,7,8104,2470,0.87821,0.93054,0.88275,0.98381
D_blurpool_s0,D_blurpool,14,0,Q4_clearest,0,7234,2022,0.95205,0.99313,0.98635,1.0
D_blurpool_s0,D_blurpool,14,20,Q1_dimmest,186,4886,1623,0.49498,0.48771,0.55297,0.43623
D_blurpool_s0,D_blurpool,14,20,Q2,87,6453,2243,0.76661,0.75309,0.72245,0.78645
D_blurpool_s0,D_blurpool,14,20,Q3,7,8104,2470,0.88019,0.93695,0.89503,0.983
D_blurpool_s0,D_blurpool,14,20,Q4_clearest,0,7234,2022,0.95205,0.99313,0.98635,1.0
D_blurpool_s0,D_blurpool,15,0,Q1_dimmest,191,4357,1638,0.47672,0.46325,0.4532,0.47375
D_blurpool_s0,D_blurpool,15,0,Q2,57,5141,1751,0.74464,0.75532,0.67437,0.85837
D_blurpool_s0,D_blurpool,15,0,Q3,4,6066,1760,0.84673,0.91616,0.85486,0.98693
D_blurpool_s0,D_blurpool,15,0,Q4_clearest,1,8050,2502,0.93671,0.98176,0.96491,0.9992
D_blurpool_s0,D_blurpool,15,20,Q1_dimmest,185,4357,1638,0.48269,0.47595,0.48991,0.46276
D_blurpool_s0,D_blurpool,15,20,Q2,54,5141,1751,0.74777,0.76289,0.68986,0.85323
D_blurpool_s0,D_blurpool,15,20,Q3,4,6066,1760,0.85047,0.92742,0.87513,0.98636
D_blurpool_s0,D_blurpool,15,20,Q4_clearest,1,8050,2502,0.93753,0.98449,0.97021,0.9992
D_blurpool_s0,D_blurpool,16,0,Q1_dimmest,271,6445,1959,0.54636,0.55728,0.68301,0.47065
D_blurpool_s0,D_blurpool,16,0,Q2,80,6977,2256,0.8182,0.85557,0.89276,0.82137
D_blurpool_s0,D_blurpool,16,0,Q3,9,7630,2131,0.88633,0.95045,0.92403,0.97841
D_blurpool_s0,D_blurpool,16,0,Q4_clearest,2,8739,2466,0.93494,0.98004,0.97002,0.99027
D_blurpool_s0,D_blurpool,16,20,Q1_dimmest,251,6445,1959,0.54571,0.56282,0.73808,0.45482
D_blurpool_s0,D_blurpool,16,20,Q2,77,6977,2256,0.81794,0.85975,0.91005,0.81472
D_blurpool_s0,D_blurpool,16,20,Q3,9,7630,2131,0.88774,0.95461,0.93278,0.97748
D_blurpool_s0,D_blurpool,16,20,Q4_clearest,2,8739,2466,0.93564,0.98163,0.97314,0.99027
D_blurpool_s0,D_blurpool,17,0,Q1_dimmest,265,7862,2585,0.52024,0.53172,0.70013,0.42863
D_blurpool_s0,D_blurpool,17,0,Q2,54,7104,2140,0.81419,0.84402,0.87524,0.81495
D_blurpool_s0,D_blurpool,17,0,Q3,10,7222,1826,0.90323,0.96287,0.95491,0.97097
D_blurpool_s0,D_blurpool,17,0,Q4_clearest,1,5664,1433,0.92822,0.98405,0.97864,0.98953
D_blurpool_s0,D_blurpool,17,20,Q1_dimmest,241,7862,2585,0.51724,0.52765,0.75273,0.40619
D_blurpool_s0,D_blurpool,17,20,Q2,51,7104,2140,0.81447,0.84728,0.89178,0.80701
D_blurpool_s0,D_blurpool,17,20,Q3,10,7222,1826,0.90363,0.96513,0.9615,0.96878
D_blurpool_s0,D_blurpool,17,20,Q4_clearest,1,5664,1433,0.92921,0.98816,0.98679,0.98953
D_blurpool_s0,D_blurpool,18,0,Q1_dimmest,215,4966,1759,0.55466,0.5525,0.65862,0.47584
D_blurpool_s0,D_blurpool,18,0,Q2,59,6044,1968,0.79658,0.84128,0.83608,0.84654
D_blurpool_s0,D_blurpool,18,0,Q3,6,7429,2081,0.85294,0.95928,0.93694,0.9827
D_blurpool_s0,D_blurpool,18,0,Q4_clearest,0,7705,1851,0.90191,0.98495,0.97188,0.99838
D_blurpool_s0,D_blurpool,18,20,Q1_dimmest,199,4966,1759,0.55543,0.55565,0.70572,0.45821
D_blurpool_s0,D_blurpool,18,20,Q2,52,6044,1968,0.79747,0.84527,0.85381,0.83689
D_blurpool_s0,D_blurpool,18,20,Q3,6,7429,2081,0.85322,0.96069,0.94141,0.98078
D_blurpool_s0,D_blurpool,18,20,Q4_clearest,0,7705,1851,0.90255,0.98703,0.97594,0.99838
D_blurpool_s0,D_blurpool,19,0,Q1_dimmest,174,3731,1722,0.61927,0.62562,0.68124,0.5784
D_blurpool_s0,D_blurpool,19,0,Q2,60,6957,2067,0.77362,0.82333,0.75372,0.90711
D_blurpool_s0,D_blurpool,19,0,Q3,7,8771,2610,0.88783,0.95842,0.92876,0.99004
D_blurpool_s0,D_blurpool,19,0,Q4_clearest,0,7909,2077,0.96443,0.99504,0.9906,0.99952
D_blurpool_s0,D_blurpool,19,20,Q1_dimmest,159,3731,1722,0.61448,0.61985,0.69976,0.55633
D_blurpool_s0,D_blurpool,19,20,Q2,52,6957,2067,0.77931,0.83939,0.79066,0.89453
D_blurpool_s0,D_blurpool,19,20,Q3,6,8771,2610,0.88925,0.96366,0.94281,0.98544
D_blurpool_s0,D_blurpool,19,20,Q4_clearest,0,7909,2077,0.96443,0.99504,0.9906,0.99952
D_blurpool_s0,D_blurpool,20,0,Q1_dimmest,194,5411,1924,0.58097,0.59401,0.6104,0.57848
D_blurpool_s0,D_blurpool,20,0,Q2,41,7210,2225,0.78516,0.84002,0.78429,0.90427
D_blurpool_s0,D_blurpool,20,0,Q3,1,6951,2027,0.86892,0.95101,0.91486,0.99013
D_blurpool_s0,D_blurpool,20,0,Q4_clearest,0,4693,1197,0.9409,0.99042,0.98103,1.0
D_blurpool_s0,D_blurpool,20,20,Q1_dimmest,187,5411,1924,0.58503,0.60312,0.64816,0.56393
D_blurpool_s0,D_blurpool,20,20,Q2,40,7210,2225,0.79102,0.85815,0.82095,0.89888
D_blurpool_s0,D_blurpool,20,20,Q3,1,6951,2027,0.87298,0.96297,0.93725,0.99013
D_blurpool_s0,D_blurpool,20,20,Q4_clearest,0,4693,1197,0.9409,0.99042,0.98103,1.0
A_dice_s1,A_dice,01,0,Q1_dimmest,217,4597,1791,0.56117,0.54609,0.56207,0.53099
A_dice_s1,A_dice,01,0,Q2,66,6946,2500,0.77494,0.8214,0.77352,0.8756
A_dice_s1,A_dice,01,0,Q3,11,8473,2538,0.85638,0.95525,0.9383,0.97281
A_dice_s1,A_dice,01,0,Q4_clearest,0,9424,2483,0.92192,0.9869,0.97529,0.99879
A_dice_s1,A_dice,01,20,Q1_dimmest,197,4597,1791,0.56537,0.55548,0.60239,0.51535
A_dice_s1,A_dice,01,20,Q2,64,6946,2500,0.77533,0.82334,0.78403,0.8668
A_dice_s1,A_dice,01,20,Q3,9,8473,2538,0.85666,0.95774,0.94685,0.96887
A_dice_s1,A_dice,01,20,Q4_clearest,0,9424,2483,0.92223,0.98711,0.97569,0.99879
A_dice_s1,A_dice,02,0,Q1_dimmest,240,5691,1790,0.52623,0.46819,0.48759,0.45028
A_dice_s1,A_dice,02,0,Q2,50,6606,1861,0.80301,0.77926,0.71366,0.85814
A_dice_s1,A_dice,02,0,Q3,5,8662,2260,0.89694,0.95373,0.92211,0.98761
A_dice_s1,A_dice,02,0,Q4_clearest,1,12831,3378,0.96103,0.99184,0.98525,0.99852
A_dice_s1,A_dice,02,20,Q1_dimmest,215,5691,1790,0.52537,0.46354,0.52215,0.41676
A_dice_s1,A_dice,02,20,Q2,46,6606,1861,0.80353,0.78087,0.73248,0.83611
A_dice_s1,A_dice,02,20,Q3,5,8662,2260,0.89775,0.95675,0.92776,0.98761
A_dice_s1,A_dice,02,20,Q4_clearest,1,12831,3378,0.96103,0.99184,0.98525,0.99852
A_dice_s1,A_dice,03,0,Q1_dimmest,295,10358,3377,0.49462,0.459,0.5383,0.40006
A_dice_s1,A_dice,03,0,Q2,51,9353,2708,0.81526,0.83083,0.81076,0.85192
A_dice_s1,A_dice,03,0,Q3,5,8095,2089,0.93253,0.96998,0.96584,0.97415
A_dice_s1,A_dice,03,0,Q4_clearest,0,5087,1047,0.98959,1.0,1.0,1.0
A_dice_s1,A_dice,03,20,Q1_dimmest,271,10358,3377,0.4915,0.45307,0.55047,0.38496
A_dice_s1,A_dice,03,20,Q2,45,9353,2708,0.8157,0.83189,0.82136,0.84269
A_dice_s1,A_dice,03,20,Q3,5,8095,2089,0.93294,0.97133,0.96994,0.97271
A_dice_s1,A_dice,03,20,Q4_clearest,0,5087,1047,0.98959,1.0,1.0,1.0
A_dice_s1,A_dice,04,0,Q1_dimmest,252,7750,3035,0.51008,0.44527,0.57551,0.3631
A_dice_s1,A_dice,04,0,Q2,37,6017,1865,0.80383,0.81402,0.77138,0.86166
A_dice_s1,A_dice,04,0,Q3,7,6293,1680,0.9068,0.95285,0.9306,0.97619
A_dice_s1,A_dice,04,0,Q4_clearest,1,10294,2346,0.97223,0.99297,0.98854,0.99744
A_dice_s1,A_dice,04,20,Q1_dimmest,232,7750,3035,0.50975,0.44572,0.61889,0.34827
A_dice_s1,A_dice,04,20,Q2,35,6017,1865,0.80341,0.81283,0.77844,0.8504
A_dice_s1,A_dice,04,20,Q3,6,6293,1680,0.90703,0.95482,0.93437,0.97619
A_dice_s1,A_dice,04,20,Q4_clearest,1,10294,2346,0.97279,0.99446,0.99149,0.99744
A_dice_s1,A_dice,05,0,Q1_dimmest,292,9685,3539,0.49256,0.42809,0.59244,0.33512
A_dice_s1,A_dice,05,0,Q2,36,7440,2198,0.83877,0.84039,0.82219,0.85942
A_dice_s1,A_dice,05,0,Q3,2,7606,2186,0.93301,0.98207,0.97434,0.98994
A_dice_s1,A_dice,05,0,Q4_clearest,1,6179,1663,0.97485,0.99673,0.99767,0.99579
A_dice_s1,A_dice,05,20,Q1_dimmest,264,9685,3539,0.48968,0.42018,0.62168,0.31732
A_dice_s1,A_dice,05,20,Q2,34,7440,2198,0.83896,0.84126,0.8298,0.85305
A_dice_s1,A_dice,05,20,Q3,2,7606,2186,0.9333,0.98253,0.97523,0.98994
A_dice_s1,A_dice,05,20,Q4_clearest,1,6179,1663,0.97485,0.99673,0.99767,0.99579
A_dice_s1,A_dice,06,0,Q1_dimmest,350,10790,3981,0.49158,0.46829,0.63178,0.37202
A_dice_s1,A_dice,06,0,Q2,54,7933,2378,0.82875,0.81589,0.82854,0.80362
A_dice_s1,A_dice,06,0,Q3,1,7891,2229,0.94425,0.98252,0.97114,0.99417
A_dice_s1,A_dice,06,0,Q4_clearest,1,5502,1401,0.98124,0.99822,0.99858,0.99786
A_dice_s1,A_dice,06,20,Q1_dimmest,310,10790,3981,0.48702,0.45839,0.66344,0.35016
A_dice_s1,A_dice,06,20,Q2,43,7933,2378,0.82702,0.81297,0.84191,0.78595
A_dice_s1,A_dice,06,20,Q3,1,7891,2229,0.94463,0.98337,0.97409,0.99282
A_dice_s1,A_dice,06,20,Q4_clearest,1,5502,1401,0.98124,0.99822,0.99858,0.99786
A_dice_s1,A_dice,07,0,Q1_dimmest,229,8316,2808,0.48479,0.43007,0.59449,0.33689
A_dice_s1,A_dice,07,0,Q2,51,7149,2172,0.81645,0.80375,0.81018,0.79742
A_dice_s1,A_dice,07,0,Q3,6,7254,1955,0.92033,0.96198,0.95131,0.97289
A_dice_s1,A_dice,07,0,Q4_clearest,0,7433,2033,0.97114,0.99706,0.9956,0.99852
A_dice_s1,A_dice,07,20,Q1_dimmest,213,8316,2808,0.48309,0.42633,0.63508,0.32087
A_dice_s1,A_dice,07,20,Q2,44,7149,2172,0.81649,0.80227,0.81782,0.78729
A_dice_s1,A_dice,07,20,Q3,6,7254,1955,0.92063,0.96269,0.95368,0.97187
A_dice_s1,A_dice,07,20,Q4_clearest,0,7433,2033,0.97114,0.99706,0.9956,0.99852
A_dice_s1,A_dice,08,0,Q1_dimmest,297,9976,3245,0.52751,0.47724,0.60546,0.39384
A_dice_s1,A_dice,08,0,Q2,45,8461,2479,0.83508,0.83051,0.80296,0.86002
A_dice_s1,A_dice,08,0,Q3,5,6640,1970,0.92803,0.96944,0.95988,0.97919
A_dice_s1,A_dice,08,0,Q4_clearest,1,3312,891,0.97267,0.98941,0.98893,0.9899
A_dice_s1,A_dice,08,20,Q1_dimmest,247,9976,3245,0.52594,0.47368,0.66168,0.36888
A_dice_s1,A_dice,08,20,Q2,39,8461,2479,0.83588,0.83288,0.8214,0.8447
A_dice_s1,A_dice,08,20,Q3,5,6640,1970,0.9288,0.97212,0.96614,0.97817
A_dice_s1,A_dice,08,20,Q4_clearest,1,3312,891,0.97267,0.98941,0.98893,0.9899
A_dice_s1,A_dice,09,0,Q1_dimmest,279,9368,3406,0.55073,0.52618,0.63914,0.44715
A_dice_s1,A_dice,09,0,Q2,37,7639,2383,0.84338,0.86111,0.83473,0.88922
A_dice_s1,A_dice,09,0,Q3,5,6249,1936,0.93452,0.97849,0.96608,0.99122
A_dice_s1,A_dice,09,0,Q4_clearest,1,3485,1001,0.97728,0.998,1.0,0.996
A_dice_s1,A_dice,09,20,Q1_dimmest,258,9368,3406,0.54965,0.52528,0.66532,0.43394
A_dice_s1,A_dice,09,20,Q2,35,7639,2383,0.84345,0.86225,0.84253,0.88292
A_dice_s1,A_dice,09,20,Q3,5,6249,1936,0.93457,0.97876,0.96759,0.99019
A_dice_s1,A_dice,09,20,Q4_clearest,1,3485,1001,0.97728,0.998,1.0,0.996
A_dice_s1,A_dice,10,0,Q1_dimmest,316,7560,3177,0.52752,0.48327,0.55218,0.42965
A_dice_s1,A_dice,10,0,Q2,44,6756,2369,0.80465,0.80286,0.75069,0.86281
A_dice_s1,A_dice,10,0,Q3,3,6741,2035,0.90123,0.95626,0.92459,0.99017
A_dice_s1,A_dice,10,0,Q4_clearest,1,6099,1556,0.95712,0.99476,0.99148,0.99807
A_dice_s1,A_dice,10,20,Q1_dimmest,283,7560,3177,0.52602,0.47936,0.57733,0.40982
A_dice_s1,A_dice,10,20,Q2,39,6756,2369,0.80399,0.8009,0.75941,0.84719
A_dice_s1,A_dice,10,20,Q3,2,6741,2035,0.90236,0.95958,0.93301,0.98771
A_dice_s1,A_dice,10,20,Q4_clearest,1,6099,1556,0.95712,0.99476,0.99148,0.99807
A_dice_s1,A_dice,11,0,Q1_dimmest,311,6386,2930,0.4729,0.40087,0.49346,0.33754
A_dice_s1,A_dice,11,0,Q2,66,5601,2186,0.77178,0.74302,0.71209,0.77676
A_dice_s1,A_dice,11,0,Q3,12,6593,2129,0.8601,0.90224,0.85024,0.96101
A_dice_s1,A_dice,11,0,Q4_clearest,2,10959,3211,0.93601,0.98275,0.96931,0.99657
A_dice_s1,A_dice,11,20,Q1_dimmest,288,6386,2930,0.47158,0.39848,0.52482,0.32116
A_dice_s1,A_dice,11,20,Q2,64,5601,2186,0.77169,0.74302,0.72116,0.76624
A_dice_s1,A_dice,11,20,Q3,12,6593,2129,0.86149,0.90657,0.85796,0.96101
A_dice_s1,A_dice,11,20,Q4_clearest,2,10959,3211,0.93637,0.98322,0.97021,0.99657
A_dice_s1,A_dice,12,0,Q1_dimmest,222,6741,2151,0.56754,0.57068,0.63336,0.51929
A_dice_s1,A_dice,12,0,Q2,63,7686,2661,0.80775,0.82879,0.79927,0.86058
A_dice_s1,A_dice,12,0,Q3,8,7976,2374,0.89368,0.95123,0.92618,0.97767
A_dice_s1,A_dice,12,0,Q4_clearest,3,6087,1526,0.95944,0.99452,0.99168,0.99738
A_dice_s1,A_dice,12,20,Q1_dimmest,208,6741,2151,0.56793,0.57462,0.66349,0.50674
A_dice_s1,A_dice,12,20,Q2,60,7686,2661,0.8078,0.82853,0.8108,0.84705
A_dice_s1,A_dice,12,20,Q3,7,7976,2374,0.89413,0.9524,0.92877,0.97725
A_dice_s1,A_dice,12,20,Q4_clearest,3,6087,1526,0.95975,0.99548,0.99359,0.99738
A_dice_s1,A_dice,13,0,Q1_dimmest,293,8947,3161,0.54403,0.48422,0.54454,0.43594
A_dice_s1,A_dice,13,0,Q2,70,7970,2798,0.80271,0.78554,0.74569,0.82988
A_dice_s1,A_dice,13,0,Q3,5,7295,2120,0.91084,0.95685,0.93373,0.98113
A_dice_s1,A_dice,13,0,Q4_clearest,1,8047,2107,0.97449,0.99858,0.99763,0.99953
A_dice_s1,A_dice,13,20,Q1_dimmest,249,8947,3161,0.54004,0.47291,0.57208,0.40304
A_dice_s1,A_dice,13,20,Q2,58,7970,2798,0.80247,0.78435,0.76422,0.80558
A_dice_s1,A_dice,13,20,Q3,4,7295,2120,0.91169,0.95838,0.93969,0.97783
A_dice_s1,A_dice,13,20,Q4_clearest,1,8047,2107,0.97442,0.99858,0.99763,0.99953
A_dice_s1,A_dice,14,0,Q1_dimmest,203,4886,1623,0.52091,0.48866,0.47476,0.50339
A_dice_s1,A_dice,14,0,Q2,75,6453,2243,0.77762,0.75686,0.68694,0.84262
A_dice_s1,A_dice,14,0,Q3,7,8104,2470,0.87815,0.93025,0.88287,0.983
A_dice_s1,A_dice,14,0,Q4_clearest,0,7234,2022,0.94798,0.98975,0.97971,1.0
A_dice_s1,A_dice,14,20,Q1_dimmest,186,4886,1623,0.52555,0.50095,0.51192,0.49045
A_dice_s1,A_dice,14,20,Q2,69,6453,2243,0.77881,0.76357,0.70688,0.83014
A_dice_s1,A_dice,14,20,Q3,7,8104,2470,0.87915,0.93379,0.8906,0.98138
A_dice_s1,A_dice,14,20,Q4_clearest,0,7234,2022,0.94798,0.98975,0.97971,1.0
A_dice_s1,A_dice,15,0,Q1_dimmest,165,4357,1638,0.49651,0.49373,0.44867,0.54884
A_dice_s1,A_dice,15,0,Q2,33,5141,1751,0.73628,0.76402,0.66464,0.89834
A_dice_s1,A_dice,15,0,Q3,5,6066,1760,0.83927,0.9176,0.85187,0.99432
A_dice_s1,A_dice,15,0,Q4_clearest,2,8050,2502,0.93418,0.97929,0.9609,0.9984
A_dice_s1,A_dice,15,20,Q1_dimmest,158,4357,1638,0.50596,0.5182,0.49837,0.53968
A_dice_s1,A_dice,15,20,Q2,33,5141,1751,0.74151,0.77842,0.68707,0.89777
A_dice_s1,A_dice,15,20,Q3,5,6066,1760,0.84227,0.92511,0.86491,0.99432
A_dice_s1,A_dice,15,20,Q4_clearest,2,8050,2502,0.93461,0.97987,0.96202,0.9984
A_dice_s1,A_dice,16,0,Q1_dimmest,233,6445,1959,0.5885,0.60467,0.70499,0.52935
A_dice_s1,A_dice,16,0,Q2,51,6977,2256,0.83397,0.88247,0.88734,0.87766
A_dice_s1,A_dice,16,0,Q3,4,7630,2131,0.88595,0.95636,0.92358,0.99155
A_dice_s1,A_dice,16,0,Q4_clearest,0,8739,2466,0.93554,0.98174,0.96451,0.99959
A_dice_s1,A_dice,16,20,Q1_dimmest,221,6445,1959,0.59356,0.62003,0.76625,0.52067
A_dice_s1,A_dice,16,20,Q2,50,6977,2256,0.83484,0.88677,0.91135,0.86348
A_dice_s1,A_dice,16,20,Q3,3,7630,2131,0.88748,0.96234,0.93689,0.98921
A_dice_s1,A_dice,16,20,Q4_clearest,0,8739,2466,0.93609,0.98394,0.96876,0.99959
A_dice_s1,A_dice,17,0,Q1_dimmest,274,7862,2585,0.5668,0.57369,0.68328,0.49439
A_dice_s1,A_dice,17,0,Q2,51,7104,2140,0.83234,0.86777,0.85997,0.8757
A_dice_s1,A_dice,17,0,Q3,3,7222,1826,0.90477,0.97219,0.95641,0.9885
A_dice_s1,A_dice,17,0,Q4_clearest,1,5664,1433,0.92391,0.9895,0.98531,0.99372
A_dice_s1,A_dice,17,20,Q1_dimmest,251,7862,2585,0.5678,0.57914,0.73333,0.47853
A_dice_s1,A_dice,17,20,Q2,45,7104,2140,0.83402,0.87394,0.88507,0.86308
A_dice_s1,A_dice,17,20,Q3,3,7222,1826,0.90508,0.97369,0.96035,0.9874
A_dice_s1,A_dice,17,20,Q4_clearest,1,5664,1433,0.92364,0.98879,0.98528,0.99232
A_dice_s1,A_dice,18,0,Q1_dimmest,172,4966,1759,0.61196,0.6113,0.64422,0.58158
A_dice_s1,A_dice,18,0,Q2,53,6044,1968,0.80528,0.8601,0.82886,0.8938
A_dice_s1,A_dice,18,0,Q3,4,7429,2081,0.84977,0.96288,0.93387,0.99375
A_dice_s1,A_dice,18,0,Q4_clearest,0,7705,1851,0.89213,0.98795,0.97618,1.0
A_dice_s1,A_dice,18,20,Q1_dimmest,165,4966,1759,0.61878,0.62907,0.69225,0.57646
A_dice_s1,A_dice,18,20,Q2,52,6044,1968,0.80865,0.86895,0.85098,0.8877
A_dice_s1,A_dice,18,20,Q3,4,7429,2081,0.85225,0.97131,0.95029,0.99327
A_dice_s1,A_dice,18,20,Q4_clearest,0,7705,1851,0.89219,0.9882,0.97668,1.0
A_dice_s1,A_dice,19,0,Q1_dimmest,147,3731,1722,0.62584,0.64485,0.64686,0.64286
A_dice_s1,A_dice,19,0,Q2,35,6957,2067,0.77673,0.82591,0.74442,0.92743
A_dice_s1,A_dice,19,0,Q3,4,8771,2610,0.88431,0.96274,0.93555,0.99157
A_dice_s1,A_dice,19,0,Q4_clearest,1,7909,2077,0.9611,0.9924,0.98585,0.99904
A_dice_s1,A_dice,19,20,Q1_dimmest,134,3731,1722,0.62625,0.64852,0.67473,0.62427
A_dice_s1,A_dice,19,20,Q2,33,6957,2067,0.78259,0.84555,0.77797,0.92598
A_dice_s1,A_dice,19,20,Q3,4,8771,2610,0.88503,0.96519,0.94018,0.99157
A_dice_s1,A_dice,19,20,Q4_clearest,1,7909,2077,0.9611,0.9924,0.98585,0.99904
A_dice_s1,A_dice,20,0,Q1_dimmest,214,5411,1924,0.61058,0.6079,0.57238,0.64813
A_dice_s1,A_dice,20,0,Q2,27,7210,2225,0.78931,0.84573,0.77336,0.93303
A_dice_s1,A_dice,20,0,Q3,6,6951,2027,0.8523,0.9412,0.8981,0.98865
A_dice_s1,A_dice,20,0,Q4_clearest,1,4693,1197,0.93601,0.99148,0.98471,0.99833
A_dice_s1,A_dice,20,20,Q1_dimmest,199,5411,1924,0.61667,0.62249,0.61472,0.63046
A_dice_s1,A_dice,20,20,Q2,27,7210,2225,0.79485,0.86099,0.8026,0.92854
A_dice_s1,A_dice,20,20,Q3,6,6951,2027,0.85503,0.95045,0.91509,0.98865
A_dice_s1,A_dice,20,20,Q4_clearest,1,4693,1197,0.936,0.99187,0.9855,0.99833
B_cldice_s1,B_cldice,01,0,Q1_dimmest,200,4597,1791,0.58984,0.55868,0.52422,0.59799
B_cldice_s1,B_cldice,01,0,Q2,60,6946,2500,0.76978,0.82468,0.75732,0.9052
B_cldice_s1,B_cldice,01,0,Q3,8,8473,2538,0.84736,0.96186,0.94228,0.98227
B_cldice_s1,B_cldice,01,0,Q4_clearest,0,9424,2483,0.91971,0.99055,0.98245,0.99879
B_cldice_s1,B_cldice,01,20,Q1_dimmest,189,4597,1791,0.59064,0.55998,0.53641,0.58571
B_cldice_s1,B_cldice,01,20,Q2,58,6946,2500,0.77215,0.83219,0.77271,0.9016
B_cldice_s1,B_cldice,01,20,Q3,7,8473,2538,0.84873,0.96501,0.94946,0.98109
B_cldice_s1,B_cldice,01,20,Q4_clearest,0,9424,2483,0.91998,0.99178,0.98486,0.99879
B_cldice_s1,B_cldice,02,0,Q1_dimmest,232,5691,1790,0.54178,0.46716,0.46506,0.46927
B_cldice_s1,B_cldice,02,0,Q2,39,6606,1861,0.79183,0.76581,0.68661,0.86566
B_cldice_s1,B_cldice,02,0,Q3,1,8662,2260,0.8891,0.95137,0.91466,0.99115
B_cldice_s1,B_cldice,02,0,Q4_clearest,1,12831,3378,0.95943,0.99327,0.98693,0.9997
B_cldice_s1,B_cldice,02,20,Q1_dimmest,218,5691,1790,0.54457,0.4753,0.4932,0.45866
B_cldice_s1,B_cldice,02,20,Q2,37,6606,1861,0.79326,0.76996,0.70291,0.85116
B_cldice_s1,B_cldice,02,20,Q3,1,8662,2260,0.89054,0.95578,0.92285,0.99115
B_cldice_s1,B_cldice,02,20,Q4_clearest,1,12831,3378,0.95943,0.99327,0.98693,0.9997
B_cldice_s1,B_cldice,03,0,Q1_dimmest,254,10358,3377,0.53514,0.50959,0.55204,0.4732
B_cldice_s1,B_cldice,03,0,Q2,30,9353,2708,0.81529,0.85001,0.81105,0.89291
B_cldice_s1,B_cldice,03,0,Q3,7,8095,2089,0.92529,0.96547,0.95282,0.97846
B_cldice_s1,B_cldice,03,0,Q4_clearest,0,5087,1047,0.98678,0.99904,1.0,0.99809
B_cldice_s1,B_cldice,03,20,Q1_dimmest,246,10358,3377,0.53832,0.51744,0.57921,0.46757
B_cldice_s1,B_cldice,03,20,Q2,28,9353,2708,0.81743,0.85635,0.82424,0.89106
B_cldice_s1,B_cldice,03,20,Q3,7,8095,2089,0.92635,0.96881,0.96028,0.9775
B_cldice_s1,B_cldice,03,20,Q4_clearest,0,5087,1047,0.98678,0.99904,1.0,0.99809
B_cldice_s1,B_cldice,04,0,Q1_dimmest,234,7750,3035,0.52466,0.45133,0.54102,0.38715
B_cldice_s1,B_cldice,04,0,Q2,37,6017,1865,0.79398,0.82298,0.77759,0.87399
B_cldice_s1,B_cldice,04,0,Q3,2,6293,1680,0.8982,0.95507,0.92891,0.98274
B_cldice_s1,B_cldice,04,0,Q4_clearest,1,10294,2346,0.9706,0.99067,0.98776,0.99361
B_cldice_s1,B_cldice,04,20,Q1_dimmest,213,7750,3035,0.52202,0.44672,0.56897,0.36771
B_cldice_s1,B_cldice,04,20,Q2,31,6017,1865,0.79433,0.82414,0.78443,0.8681
B_cldice_s1,B_cldice,04,20,Q3,2,6293,1680,0.8988,0.95771,0.93393,0.98274
B_cldice_s1,B_cldice,04,20,Q4_clearest,1,10294,2346,0.9706,0.99067,0.98776,0.99361
B_cldice_s1,B_cldice,05,0,Q1_dimmest,285,9685,3539,0.52709,0.44136,0.56196,0.36338
B_cldice_s1,B_cldice,05,0,Q2,25,7440,2198,0.83953,0.84195,0.8026,0.88535
B_cldice_s1,B_cldice,05,0,Q3,2,7606,2186,0.92886,0.98253,0.97258,0.99268
B_cldice_s1,B_cldice,05,0,Q4_clearest,1,6179,1663,0.97177,0.99676,0.99592,0.99759
B_cldice_s1,B_cldice,05,20,Q1_dimmest,267,9685,3539,0.52632,0.43924,0.60084,0.34614
B_cldice_s1,B_cldice,05,20,Q2,24,7440,2198,0.8412,0.8469,0.81787,0.87807
B_cldice_s1,B_cldice,05,20,Q3,2,7606,2186,0.92879,0.9823,0.97257,0.99222
B_cldice_s1,B_cldice,05,20,Q4_clearest,1,6179,1663,0.97177,0.99676,0.99592,0.99759
B_cldice_s1,B_cldice,06,0,Q1_dimmest,363,10790,3981,0.52383,0.48208,0.5972,0.40417
B_cldice_s1,B_cldice,06,0,Q2,39,7933,2378,0.83684,0.83042,0.81572,0.84567
B_cldice_s1,B_cldice,06,0,Q3,1,7891,2229,0.9398,0.98288,0.9727,0.99327
B_cldice_s1,B_cldice,06,0,Q4_clearest,0,5502,1401,0.97984,0.9986,0.99721,1.0
B_cldice_s1,B_cldice,06,20,Q1_dimmest,344,10790,3981,0.52382,0.47996,0.6142,0.39387
B_cldice_s1,B_cldice,06,20,Q2,36,7933,2378,0.83907,0.83683,0.83349,0.8402
B_cldice_s1,B_cldice,06,20,Q3,1,7891,2229,0.94008,0.98396,0.97482,0.99327
B_cldice_s1,B_cldice,06,20,Q4_clearest,0,5502,1401,0.98011,0.9993,0.9986,1.0
B_cldice_s1,B_cldice,07,0,Q1_dimmest,228,8316,2808,0.52209,0.44721,0.56263,0.37108
B_cldice_s1,B_cldice,07,0,Q2,51,7149,2172,0.804,0.80451,0.78707,0.82274
B_cldice_s1,B_cldice,07,0,Q3,6,7254,1955,0.90405,0.95493,0.93061,0.98056
B_cldice_s1,B_cldice,07,0,Q4_clearest,0,7433,2033,0.96968,0.9944,0.99127,0.99754
B_cldice_s1,B_cldice,07,20,Q1_dimmest,195,8316,2808,0.51995,0.44204,0.59643,0.35114
B_cldice_s1,B_cldice,07,20,Q2,46,7149,2172,0.80454,0.80407,0.80153,0.80663
B_cldice_s1,B_cldice,07,20,Q3,6,7254,1955,0.90494,0.95676,0.93641,0.97801
B_cldice_s1,B_cldice,07,20,Q4_clearest,0,7433,2033,0.96968,0.9944,0.99127,0.99754
B_cldice_s1,B_cldice,08,0,Q1_dimmest,269,9976,3245,0.56033,0.49651,0.57269,0.43821
B_cldice_s1,B_cldice,08,0,Q2,39,8461,2479,0.83755,0.84214,0.8086,0.87858
B_cldice_s1,B_cldice,08,0,Q3,4,6640,1970,0.92496,0.97388,0.96274,0.98528
B_cldice_s1,B_cldice,08,0,Q4_clearest,0,3312,891,0.97476,0.99511,0.99471,0.99551
B_cldice_s1,B_cldice,08,20,Q1_dimmest,240,9976,3245,0.5614,0.49868,0.61557,0.41911
B_cldice_s1,B_cldice,08,20,Q2,36,8461,2479,0.83827,0.8449,0.82184,0.8693
B_cldice_s1,B_cldice,08,20,Q3,4,6640,1970,0.92539,0.97484,0.9651,0.98477
B_cldice_s1,B_cldice,08,20,Q4_clearest,0,3312,891,0.97476,0.99511,0.99471,0.99551
B_cldice_s1,B_cldice,09,0,Q1_dimmest,273,9368,3406,0.57649,0.53751,0.62969,0.46888
B_cldice_s1,B_cldice,09,0,Q2,38,7639,2383,0.84106,0.86453,0.82496,0.9081
B_cldice_s1,B_cldice,09,0,Q3,1,6249,1936,0.92239,0.98,0.97051,0.98967
B_cldice_s1,B_cldice,09,0,Q4_clearest,2,3485,1001,0.9689,0.98787,1.0,0.97602
B_cldice_s1,B_cldice,09,20,Q1_dimmest,250,9368,3406,0.57629,0.53648,0.65093,0.45625
B_cldice_s1,B_cldice,09,20,Q2,36,7639,2383,0.84038,0.86394,0.83055,0.90013
B_cldice_s1,B_cldice,09,20,Q3,1,6249,1936,0.92252,0.98052,0.97203,0.98915
B_cldice_s1,B_cldice,09,20,Q4_clearest,2,3485,1001,0.9689,0.98787,1.0,0.97602
B_cldice_s1,B_cldice,10,0,Q1_dimmest,305,7560,3177,0.55438,0.49176,0.52351,0.46364
B_cldice_s1,B_cldice,10,0,Q2,29,6756,2369,0.80377,0.81259,0.75252,0.88307
B_cldice_s1,B_cldice,10,0,Q3,5,6741,2035,0.89433,0.95428,0.91836,0.99312
B_cldice_s1,B_cldice,10,0,Q4_clearest,0,6099,1556,0.95602,0.99402,0.98812,1.0
B_cldice_s1,B_cldice,10,20,Q1_dimmest,291,7560,3177,0.55699,0.49557,0.5489,0.45168
B_cldice_s1,B_cldice,10,20,Q2,29,6756,2369,0.80519,0.81617,0.76311,0.87716
B_cldice_s1,B_cldice,10,20,Q3,5,6741,2035,0.89491,0.95637,0.92224,0.99312
B_cldice_s1,B_cldice,10,20,Q4_clearest,0,6099,1556,0.95632,0.99535,0.99073,1.0
B_cldice_s1,B_cldice,11,0,Q1_dimmest,309,6386,2930,0.50358,0.43125,0.48315,0.38942
B_cldice_s1,B_cldice,11,0,Q2,55,5601,2186,0.76784,0.73194,0.66171,0.81885
B_cldice_s1,B_cldice,11,0,Q3,7,6593,2129,0.85069,0.91088,0.85787,0.97088
B_cldice_s1,B_cldice,11,0,Q4_clearest,2,10959,3211,0.93002,0.97903,0.96267,0.99595
B_cldice_s1,B_cldice,11,20,Q1_dimmest,290,6386,2930,0.50762,0.43819,0.51767,0.37986
B_cldice_s1,B_cldice,11,20,Q2,52,5601,2186,0.77046,0.73613,0.67609,0.80787
B_cldice_s1,B_cldice,11,20,Q3,6,6593,2129,0.85102,0.91249,0.86146,0.96994
B_cldice_s1,B_cldice,11,20,Q4_clearest,2,10959,3211,0.93014,0.97918,0.96296,0.99595
B_cldice_s1,B_cldice,12,0,Q1_dimmest,223,6741,2151,0.58831,0.54862,0.56285,0.5351
B_cldice_s1,B_cldice,12,0,Q2,52,7686,2661,0.8085,0.83041,0.78392,0.88275
B_cldice_s1,B_cldice,12,0,Q3,3,7976,2374,0.88461,0.95657,0.93482,0.97936
B_cldice_s1,B_cldice,12,0,Q4_clearest,0,6087,1526,0.95499,0.99551,0.993,0.99803
B_cldice_s1,B_cldice,12,20,Q1_dimmest,214,6741,2151,0.58988,0.55394,0.58297,0.52766
B_cldice_s1,B_cldice,12,20,Q2,49,7686,2661,0.80988,0.8337,0.79407,0.87749
B_cldice_s1,B_cldice,12,20,Q3,3,7976,2374,0.88517,0.95813,0.9378,0.97936
B_cldice_s1,B_cldice,12,20,Q4_clearest,0,6087,1526,0.95499,0.99551,0.993,0.99803
B_cldice_s1,B_cldice,13,0,Q1_dimmest,303,8947,3161,0.54898,0.48961,0.52496,0.45872
B_cldice_s1,B_cldice,13,0,Q2,73,7970,2798,0.80058,0.78801,0.73586,0.84811
B_cldice_s1,B_cldice,13,0,Q3,3,7295,2120,0.90218,0.95975,0.93712,0.98349
B_cldice_s1,B_cldice,13,0,Q4_clearest,0,8047,2107,0.9722,0.99859,0.99718,1.0
B_cldice_s1,B_cldice,13,20,Q1_dimmest,277,8947,3161,0.54811,0.48828,0.54692,0.441
B_cldice_s1,B_cldice,13,20,Q2,66,7970,2798,0.801,0.78935,0.74824,0.83524
B_cldice_s1,B_cldice,13,20,Q3,3,7295,2120,0.90208,0.95948,0.93834,0.9816
B_cldice_s1,B_cldice,13,20,Q4_clearest,0,8047,2107,0.9722,0.99859,0.99718,1.0
B_cldice_s1,B_cldice,14,0,Q1_dimmest,183,4886,1623,0.54668,0.50273,0.4368,0.59211
B_cldice_s1,B_cldice,14,0,Q2,48,6453,2243,0.76567,0.74987,0.64397,0.89746
B_cldice_s1,B_cldice,14,0,Q3,4,8104,2470,0.86509,0.9347,0.88277,0.99312
B_cldice_s1,B_cldice,14,0,Q4_clearest,0,7234,2022,0.94277,0.99144,0.98303,1.0
B_cldice_s1,B_cldice,14,20,Q1_dimmest,177,4886,1623,0.55525,0.52363,0.47531,0.58287
B_cldice_s1,B_cldice,14,20,Q2,44,6453,2243,0.76919,0.75889,0.65956,0.89345
B_cldice_s1,B_cldice,14,20,Q3,4,8104,2470,0.8657,0.93702,0.88788,0.9919
B_cldice_s1,B_cldice,14,20,Q4_clearest,0,7234,2022,0.94289,0.99193,0.98399,1.0
B_cldice_s1,B_cldice,15,0,Q1_dimmest,156,4357,1638,0.51093,0.48811,0.42702,0.5696
B_cldice_s1,B_cldice,15,0,Q2,25,5141,1751,0.74093,0.75993,0.64899,0.91662
B_cldice_s1,B_cldice,15,0,Q3,2,6066,1760,0.82583,0.90656,0.83105,0.99716
B_cldice_s1,B_cldice,15,0,Q4_clearest,2,8050,2502,0.92665,0.97678,0.95903,0.9952
B_cldice_s1,B_cldice,15,20,Q1_dimmest,149,4357,1638,0.52112,0.50712,0.46645,0.55556
B_cldice_s1,B_cldice,15,20,Q2,24,5141,1751,0.74542,0.77118,0.66893,0.91034
B_cldice_s1,B_cldice,15,20,Q3,2,6066,1760,0.83075,0.92051,0.85565,0.99602
B_cldice_s1,B_cldice,15,20,Q4_clearest,2,8050,2502,0.92724,0.97813,0.96163,0.9952
B_cldice_s1,B_cldice,16,0,Q1_dimmest,236,6445,1959,0.60185,0.60122,0.6371,0.56917
B_cldice_s1,B_cldice,16,0,Q2,53,6977,2256,0.82534,0.8673,0.8413,0.89495
B_cldice_s1,B_cldice,16,0,Q3,0,7630,2131,0.87679,0.95423,0.91681,0.99484
B_cldice_s1,B_cldice,16,0,Q4_clearest,2,8739,2466,0.93375,0.9827,0.96675,0.99919
B_cldice_s1,B_cldice,16,20,Q1_dimmest,231,6445,1959,0.60779,0.61529,0.68349,0.55947
B_cldice_s1,B_cldice,16,20,Q2,50,6977,2256,0.82764,0.87474,0.8587,0.8914
B_cldice_s1,B_cldice,16,20,Q3,0,7630,2131,0.87841,0.95908,0.92621,0.99437
B_cldice_s1,B_cldice,16,20,Q4_clearest,2,8739,2466,0.93465,0.98468,0.97059,0.99919
B_cldice_s1,B_cldice,17,0,Q1_dimmest,272,7862,2585,0.5936,0.59696,0.70291,0.51876
B_cldice_s1,B_cldice,17,0,Q2,41,7104,2140,0.83505,0.87385,0.85042,0.8986
B_cldice_s1,B_cldice,17,0,Q3,8,7222,1826,0.89245,0.96368,0.95124,0.97645
B_cldice_s1,B_cldice,17,0,Q4_clearest,1,5664,1433,0.92152,0.98496,0.97568,0.99442
B_cldice_s1,B_cldice,17,20,Q1_dimmest,250,7862,2585,0.59352,0.60102,0.75016,0.50135
B_cldice_s1,B_cldice,17,20,Q2,37,7104,2140,0.83651,0.88023,0.86961,0.89112
B_cldice_s1,B_cldice,17,20,Q3,8,7222,1826,0.8935,0.96568,0.95566,0.9759
B_cldice_s1,B_cldice,17,20,Q4_clearest,1,5664,1433,0.9225,0.9863,0.97832,0.99442
B_cldice_s1,B_cldice,18,0,Q1_dimmest,184,4966,1759,0.62563,0.61979,0.64054,0.60034
B_cldice_s1,B_cldice,18,0,Q2,45,6044,1968,0.79063,0.85446,0.80968,0.90447
B_cldice_s1,B_cldice,18,0,Q3,4,7429,2081,0.83317,0.95241,0.91601,0.99183
B_cldice_s1,B_cldice,18,0,Q4_clearest,0,7705,1851,0.8882,0.98591,0.97221,1.0
B_cldice_s1,B_cldice,18,20,Q1_dimmest,178,4966,1759,0.63343,0.63637,0.68213,0.59636
B_cldice_s1,B_cldice,18,20,Q2,44,6044,1968,0.79435,0.86487,0.82988,0.90295
B_cldice_s1,B_cldice,18,20,Q3,4,7429,2081,0.8368,0.96138,0.93274,0.99183
B_cldice_s1,B_cldice,18,20,Q4_clearest,0,7705,1851,0.89051,0.99082,0.98181,1.0
B_cldice_s1,B_cldice,19,0,Q1_dimmest,143,3731,1722,0.63308,0.65852,0.63732,0.68118
B_cldice_s1,B_cldice,19,0,Q2,29,6957,2067,0.76307,0.82902,0.73354,0.95307
B_cldice_s1,B_cldice,19,0,Q3,1,8771,2610,0.86867,0.9571,0.92196,0.99502
B_cldice_s1,B_cldice,19,0,Q4_clearest,0,7909,2077,0.96011,0.99703,0.99456,0.99952
B_cldice_s1,B_cldice,19,20,Q1_dimmest,134,3731,1722,0.63478,0.66304,0.65553,0.67073
B_cldice_s1,B_cldice,19,20,Q2,26,6957,2067,0.76636,0.84001,0.75427,0.94775
B_cldice_s1,B_cldice,19,20,Q3,1,8771,2610,0.86988,0.96072,0.93208,0.99119
B_cldice_s1,B_cldice,19,20,Q4_clearest,0,7909,2077,0.96011,0.99703,0.99456,0.99952
B_cldice_s1,B_cldice,20,0,Q1_dimmest,172,5411,1924,0.61663,0.62657,0.57047,0.69491
B_cldice_s1,B_cldice,20,0,Q2,18,7210,2225,0.7717,0.83577,0.74135,0.95775
B_cldice_s1,B_cldice,20,0,Q3,2,6951,2027,0.84241,0.93568,0.88611,0.99112
B_cldice_s1,B_cldice,20,0,Q4_clearest,0,4693,1197,0.934,0.98216,0.96494,1.0
B_cldice_s1,B_cldice,20,20,Q1_dimmest,165,5411,1924,0.62221,0.63951,0.59967,0.68503
B_cldice_s1,B_cldice,20,20,Q2,19,7210,2225,0.77651,0.85096,0.76762,0.95461
B_cldice_s1,B_cldice,20,20,Q3,2,6951,2027,0.84643,0.94755,0.90765,0.99112
B_cldice_s1,B_cldice,20,20,Q4_clearest,0,4693,1197,0.93465,0.98455,0.96958,1.0
C_boundary_s1,C_boundary,01,0,Q1_dimmest,198,4597,1791,0.57609,0.5576,0.55411,0.56114
C_boundary_s1,C_boundary,01,0,Q2,59,6946,2500,0.77148,0.82079,0.76874,0.8804
C_boundary_s1,C_boundary,01,0,Q3,10,8473,2538,0.85176,0.95261,0.93106,0.97518
C_boundary_s1,C_boundary,01,0,Q4_clearest,1,9424,2483,0.91905,0.98605,0.97516,0.99718
C_boundary_s1,C_boundary,01,20,Q1_dimmest,176,4597,1791,0.57332,0.55245,0.57246,0.53378
C_boundary_s1,C_boundary,01,20,Q2,51,6946,2500,0.77062,0.81963,0.78155,0.8616
C_boundary_s1,C_boundary,01,20,Q3,10,8473,2538,0.85378,0.95943,0.94567,0.9736
C_boundary_s1,C_boundary,01,20,Q4_clearest,1,9424,2483,0.91964,0.98825,0.97948,0.99718
C_boundary_s1,C_boundary,02,0,Q1_dimmest,229,5691,1790,0.54275,0.47987,0.48154,0.47821
C_boundary_s1,C_boundary,02,0,Q2,58,6606,1861,0.80085,0.77386,0.70178,0.86244
C_boundary_s1,C_boundary,02,0,Q3,7,8662,2260,0.89178,0.94693,0.90984,0.98717
C_boundary_s1,C_boundary,02,0,Q4_clearest,1,12831,3378,0.95839,0.99288,0.98614,0.9997
C_boundary_s1,C_boundary,02,20,Q1_dimmest,207,5691,1790,0.54641,0.48477,0.51404,0.45866
C_boundary_s1,C_boundary,02,20,Q2,54,6606,1861,0.80375,0.78353,0.72547,0.85169
C_boundary_s1,C_boundary,02,20,Q3,6,8662,2260,0.89368,0.95292,0.92135,0.98673
C_boundary_s1,C_boundary,02,20,Q4_clearest,1,12831,3378,0.95842,0.99302,0.98642,0.9997
C_boundary_s1,C_boundary,03,0,Q1_dimmest,270,10358,3377,0.53536,0.4965,0.55266,0.4507
C_boundary_s1,C_boundary,03,0,Q2,40,9353,2708,0.81287,0.83099,0.79624,0.86891
C_boundary_s1,C_boundary,03,0,Q3,4,8095,2089,0.92662,0.96475,0.95552,0.97415
C_boundary_s1,C_boundary,03,0,Q4_clearest,0,5087,1047,0.98746,0.99862,0.99819,0.99904
C_boundary_s1,C_boundary,03,20,Q1_dimmest,241,10358,3377,0.53693,0.49894,0.5898,0.43234
C_boundary_s1,C_boundary,03,20,Q2,35,9353,2708,0.81503,0.83579,0.81453,0.8582
C_boundary_s1,C_boundary,03,20,Q3,4,8095,2089,0.92788,0.96703,0.96002,0.97415
C_boundary_s1,C_boundary,03,20,Q4_clearest,0,5087,1047,0.98775,0.99952,1.0,0.99904
C_boundary_s1,C_boundary,04,0,Q1_dimmest,228,7750,3035,0.51632,0.44807,0.56101,0.37298
C_boundary_s1,C_boundary,04,0,Q2,30,6017,1865,0.80093,0.82674,0.79408,0.8622
C_boundary_s1,C_boundary,04,0,Q3,4,6293,1680,0.9094,0.9585,0.93382,0.98452
C_boundary_s1,C_boundary,04,0,Q4_clearest,2,10294,2346,0.97117,0.99065,0.98813,0.99318
C_boundary_s1,C_boundary,04,20,Q1_dimmest,199,7750,3035,0.51731,0.44764,0.5931,0.35947
C_boundary_s1,C_boundary,04,20,Q2,30,6017,1865,0.80109,0.82739,0.80415,0.85201
C_boundary_s1,C_boundary,04,20,Q3,4,6293,1680,0.90944,0.95936,0.93544,0.98452
C_boundary_s1,C_boundary,04,20,Q4_clearest,2,10294,2346,0.97209,0.99275,0.99275,0.99275
C_boundary_s1,C_boundary,05,0,Q1_dimmest,300,9685,3539,0.51363,0.43901,0.56456,0.35914
C_boundary_s1,C_boundary,05,0,Q2,36,7440,2198,0.83459,0.83212,0.80571,0.86033
C_boundary_s1,C_boundary,05,0,Q3,3,7606,2186,0.93002,0.97796,0.96933,0.98673
C_boundary_s1,C_boundary,05,0,Q4_clearest,1,6179,1663,0.97395,0.99611,0.99704,0.99519
C_boundary_s1,C_boundary,05,20,Q1_dimmest,271,9685,3539,0.5102,0.42949,0.59516,0.33597
C_boundary_s1,C_boundary,05,20,Q2,34,7440,2198,0.83568,0.83397,0.8174,0.85123
C_boundary_s1,C_boundary,05,20,Q3,3,7606,2186,0.9303,0.97883,0.97106,0.98673
C_boundary_s1,C_boundary,05,20,Q4_clearest,1,6179,1663,0.97395,0.99611,0.99704,0.99519
C_boundary_s1,C_boundary,06,0,Q1_dimmest,352,10790,3981,0.506,0.48084,0.60344,0.39965
C_boundary_s1,C_boundary,06,0,Q2,38,7933,2378,0.82671,0.81456,0.80796,0.82128
C_boundary_s1,C_boundary,06,0,Q3,3,7891,2229,0.94097,0.97934,0.96793,0.99103
C_boundary_s1,C_boundary,06,0,Q4_clearest,0,5502,1401,0.97898,0.99719,0.9951,0.99929
C_boundary_s1,C_boundary,06,20,Q1_dimmest,301,10790,3981,0.50177,0.47099,0.63509,0.37428
C_boundary_s1,C_boundary,06,20,Q2,35,7933,2378,0.82561,0.81324,0.82891,0.79815
C_boundary_s1,C_boundary,06,20,Q3,3,7891,2229,0.94104,0.9793,0.96999,0.98878
C_boundary_s1,C_boundary,06,20,Q4_clearest,0,5502,1401,0.97924,0.99824,0.9972,0.99929
C_boundary_s1,C_boundary,07,0,Q1_dimmest,246,8316,2808,0.50008,0.44284,0.60355,0.34972
C_boundary_s1,C_boundary,07,0,Q2,47,7149,2172,0.8067,0.79511,0.78392,0.80663
C_boundary_s1,C_boundary,07,0,Q3,5,7254,1955,0.91419,0.95579,0.93597,0.97647
C_boundary_s1,C_boundary,07,0,Q4_clearest,0,7433,2033,0.96939,0.99581,0.99263,0.99902
C_boundary_s1,C_boundary,07,20,Q1_dimmest,219,8316,2808,0.4959,0.42886,0.63652,0.32336
C_boundary_s1,C_boundary,07,20,Q2,44,7149,2172,0.80784,0.79942,0.80708,0.7919
C_boundary_s1,C_boundary,07,20,Q3,5,7254,1955,0.91443,0.95695,0.93961,0.97494
C_boundary_s1,C_boundary,07,20,Q4_clearest,0,7433,2033,0.96965,0.99679,0.99458,0.99902
C_boundary_s1,C_boundary,08,0,Q1_dimmest,280,9976,3245,0.55781,0.49255,0.5534,0.44376
C_boundary_s1,C_boundary,08,0,Q2,43,8461,2479,0.83864,0.84122,0.80861,0.87656
C_boundary_s1,C_boundary,08,0,Q3,1,6640,1970,0.92576,0.97315,0.9667,0.9797
C_boundary_s1,C_boundary,08,0,Q4_clearest,0,3312,891,0.9725,0.98997,0.98893,0.99102
C_boundary_s1,C_boundary,08,20,Q1_dimmest,252,9976,3245,0.56042,0.49704,0.59733,0.42558
C_boundary_s1,C_boundary,08,20,Q2,38,8461,2479,0.84009,0.846,0.82536,0.86769
C_boundary_s1,C_boundary,08,20,Q3,1,6640,1970,0.92637,0.97507,0.97149,0.97868
C_boundary_s1,C_boundary,08,20,Q4_clearest,0,3312,891,0.97128,0.98825,0.98998,0.98653
C_boundary_s1,C_boundary,09,0,Q1_dimmest,278,9368,3406,0.55069,0.52021,0.6264,0.4448
C_boundary_s1,C_boundary,09,0,Q2,49,7639,2383,0.84112,0.86005,0.82373,0.89971
C_boundary_s1,C_boundary,09,0,Q3,2,6249,1936,0.93275,0.97788,0.96539,0.9907
C_boundary_s1,C_boundary,09,0,Q4_clearest,1,3485,1001,0.97098,0.98635,0.99898,0.97403
C_boundary_s1,C_boundary,09,20,Q1_dimmest,251,9368,3406,0.54883,0.51589,0.66017,0.42337
C_boundary_s1,C_boundary,09,20,Q2,47,7639,2383,0.84079,0.86035,0.83038,0.89257
C_boundary_s1,C_boundary,09,20,Q3,2,6249,1936,0.9331,0.97918,0.96793,0.9907
C_boundary_s1,C_boundary,09,20,Q4_clearest,1,3485,1001,0.97084,0.98635,0.99898,0.97403
C_boundary_s1,C_boundary,10,0,Q1_dimmest,279,7560,3177,0.54234,0.48944,0.51947,0.4627
C_boundary_s1,C_boundary,10,0,Q2,41,6756,2369,0.80824,0.80836,0.75712,0.86703
C_boundary_s1,C_boundary,10,0,Q3,5,6741,2035,0.89998,0.955,0.92011,0.99263
C_boundary_s1,C_boundary,10,0,Q4_clearest,0,6099,1556,0.95601,0.99593,0.99253,0.99936
C_boundary_s1,C_boundary,10,20,Q1_dimmest,265,7560,3177,0.54709,0.49987,0.55574,0.4542
C_boundary_s1,C_boundary,10,20,Q2,40,6756,2369,0.80914,0.81103,0.76678,0.8607
C_boundary_s1,C_boundary,10,20,Q3,4,6741,2035,0.89979,0.95477,0.92139,0.99066
C_boundary_s1,C_boundary,10,20,Q4_clearest,0,6099,1556,0.95601,0.99593,0.99253,0.99936
C_boundary_s1,C_boundary,11,0,Q1_dimmest,300,6386,2930,0.49129,0.42262,0.49704,0.36758
C_boundary_s1,C_boundary,11,0,Q2,54,5601,2186,0.76885,0.7319,0.68312,0.7882
C_boundary_s1,C_boundary,11,0,Q3,10,6593,2129,0.85691,0.91249,0.86786,0.96195
C_boundary_s1,C_boundary,11,0,Q4_clearest,4,10959,3211,0.93474,0.98216,0.96903,0.99564
C_boundary_s1,C_boundary,11,20,Q1_dimmest,277,6386,2930,0.4932,0.4245,0.53024,0.35392
C_boundary_s1,C_boundary,11,20,Q2,52,5601,2186,0.76909,0.73171,0.69563,0.77173
C_boundary_s1,C_boundary,11,20,Q3,9,6593,2129,0.85778,0.91568,0.87482,0.96054
C_boundary_s1,C_boundary,11,20,Q4_clearest,4,10959,3211,0.9349,0.98247,0.96964,0.99564
C_boundary_s1,C_boundary,12,0,Q1_dimmest,220,6741,2151,0.57859,0.5573,0.58475,0.53231
C_boundary_s1,C_boundary,12,0,Q2,51,7686,2661,0.81034,0.82753,0.78596,0.87373
C_boundary_s1,C_boundary,12,0,Q3,4,7976,2374,0.89186,0.95147,0.92625,0.9781
C_boundary_s1,C_boundary,12,0,Q4_clearest,2,6087,1526,0.95719,0.99381,0.99092,0.99672
C_boundary_s1,C_boundary,12,20,Q1_dimmest,207,6741,2151,0.57916,0.56085,0.61886,0.51278
C_boundary_s1,C_boundary,12,20,Q2,47,7686,2661,0.81173,0.83092,0.8,0.86434
C_boundary_s1,C_boundary,12,20,Q3,4,7976,2374,0.89227,0.95268,0.92854,0.9781
C_boundary_s1,C_boundary,12,20,Q4_clearest,2,6087,1526,0.95711,0.99348,0.99091,0.99607
C_boundary_s1,C_boundary,13,0,Q1_dimmest,290,8947,3161,0.55276,0.48506,0.53333,0.4448
C_boundary_s1,C_boundary,13,0,Q2,74,7970,2798,0.80176,0.79126,0.74795,0.83989
C_boundary_s1,C_boundary,13,0,Q3,9,7295,2120,0.90833,0.95588,0.9375,0.975
C_boundary_s1,C_boundary,13,0,Q4_clearest,0,8047,2107,0.97502,0.99784,0.99617,0.99953
C_boundary_s1,C_boundary,13,20,Q1_dimmest,257,8947,3161,0.55296,0.48546,0.56566,0.42518
C_boundary_s1,C_boundary,13,20,Q2,65,7970,2798,0.8037,0.79634,0.77097,0.82345
C_boundary_s1,C_boundary,13,20,Q3,9,7295,2120,0.90886,0.95718,0.94353,0.97123
C_boundary_s1,C_boundary,13,20,Q4_clearest,0,8047,2107,0.97496,0.99784,0.99617,0.99953
C_boundary_s1,C_boundary,14,0,Q1_dimmest,188,4886,1623,0.5231,0.48468,0.46062,0.5114
C_boundary_s1,C_boundary,14,0,Q2,65,6453,2243,0.77258,0.76,0.68251,0.85733
C_boundary_s1,C_boundary,14,0,Q3,5,8104,2470,0.87565,0.93052,0.87915,0.98826
C_boundary_s1,C_boundary,14,0,Q4_clearest,0,7234,2022,0.94545,0.99167,0.98395,0.99951
C_boundary_s1,C_boundary,14,20,Q1_dimmest,174,4886,1623,0.53131,0.5062,0.51418,0.49846
C_boundary_s1,C_boundary,14,20,Q2,59,6453,2243,0.7741,0.76548,0.69914,0.84574
C_boundary_s1,C_boundary,14,20,Q3,5,8104,2470,0.87687,0.93426,0.88651,0.98745
C_boundary_s1,C_boundary,14,20,Q4_clearest,0,7234,2022,0.94545,0.99167,0.98395,0.99951
C_boundary_s1,C_boundary,15,0,Q1_dimmest,163,4357,1638,0.49773,0.48681,0.43432,0.55372
C_boundary_s1,C_boundary,15,0,Q2,27,5141,1751,0.72336,0.74291,0.62996,0.9052
C_boundary_s1,C_boundary,15,0,Q3,3,6066,1760,0.82784,0.89689,0.81684,0.99432
C_boundary_s1,C_boundary,15,0,Q4_clearest,0,8050,2502,0.92879,0.97745,0.9559,1.0
C_boundary_s1,C_boundary,15,20,Q1_dimmest,153,4357,1638,0.50588,0.50559,0.47794,0.53663
C_boundary_s1,C_boundary,15,20,Q2,23,5141,1751,0.7315,0.76104,0.66015,0.89834
C_boundary_s1,C_boundary,15,20,Q3,3,6066,1760,0.83217,0.90747,0.83498,0.99375
C_boundary_s1,C_boundary,15,20,Q4_clearest,0,8050,2502,0.92954,0.979,0.95887,1.0
C_boundary_s1,C_boundary,16,0,Q1_dimmest,214,6445,1959,0.60061,0.61364,0.6735,0.56355
C_boundary_s1,C_boundary,16,0,Q2,56,6977,2256,0.82605,0.87057,0.85808,0.88342
C_boundary_s1,C_boundary,16,0,Q3,1,7630,2131,0.8852,0.95914,0.9296,0.99061
C_boundary_s1,C_boundary,16,0,Q4_clearest,3,8739,2466,0.93113,0.98333,0.9695,0.99757
C_boundary_s1,C_boundary,16,20,Q1_dimmest,198,6445,1959,0.60132,0.62154,0.71661,0.54875
C_boundary_s1,C_boundary,16,20,Q2,54,6977,2256,0.82758,0.87502,0.87681,0.87323
C_boundary_s1,C_boundary,16,20,Q3,1,7630,2131,0.886,0.96166,0.93561,0.98921
C_boundary_s1,C_boundary,16,20,Q4_clearest,3,8739,2466,0.93128,0.98394,0.97067,0.99757
C_boundary_s1,C_boundary,17,0,Q1_dimmest,260,7862,2585,0.57424,0.58125,0.7099,0.49207
C_boundary_s1,C_boundary,17,0,Q2,44,7104,2140,0.82799,0.86696,0.85661,0.87757
C_boundary_s1,C_boundary,17,0,Q3,5,7222,1826,0.89859,0.97005,0.95898,0.98138
C_boundary_s1,C_boundary,17,0,Q4_clearest,2,5664,1433,0.92402,0.98603,0.98255,0.98953
C_boundary_s1,C_boundary,17,20,Q1_dimmest,244,7862,2585,0.57547,0.58825,0.76129,0.4793
C_boundary_s1,C_boundary,17,20,Q2,43,7104,2140,0.83296,0.88293,0.90015,0.86636
C_boundary_s1,C_boundary,17,20,Q3,5,7222,1826,0.89927,0.97228,0.9644,0.98028
C_boundary_s1,C_boundary,17,20,Q4_clearest,2,5664,1433,0.92402,0.98603,0.98255,0.98953
C_boundary_s1,C_boundary,18,0,Q1_dimmest,169,4966,1759,0.62034,0.61786,0.65535,0.58442
C_boundary_s1,C_boundary,18,0,Q2,36,6044,1968,0.80685,0.859,0.82379,0.89736
C_boundary_s1,C_boundary,18,0,Q3,6,7429,2081,0.84353,0.95776,0.92679,0.99087
C_boundary_s1,C_boundary,18,0,Q4_clearest,1,7705,1851,0.8925,0.98679,0.97495,0.99892
C_boundary_s1,C_boundary,18,20,Q1_dimmest,159,4966,1759,0.6245,0.62806,0.69984,0.56964
C_boundary_s1,C_boundary,18,20,Q2,33,6044,1968,0.80735,0.8638,0.84298,0.88567
C_boundary_s1,C_boundary,18,20,Q3,6,7429,2081,0.84539,0.9641,0.94091,0.98847
C_boundary_s1,C_boundary,18,20,Q4_clearest,1,7705,1851,0.89312,0.9894,0.98006,0.99892
C_boundary_s1,C_boundary,19,0,Q1_dimmest,152,3731,1722,0.64147,0.67049,0.64856,0.69396
C_boundary_s1,C_boundary,19,0,Q2,35,6957,2067,0.76301,0.8236,0.7308,0.9434
C_boundary_s1,C_boundary,19,0,Q3,3,8771,2610,0.87516,0.95763,0.92427,0.99349
C_boundary_s1,C_boundary,19,0,Q4_clearest,0,7909,2077,0.95849,0.99338,0.98684,1.0
C_boundary_s1,C_boundary,19,20,Q1_dimmest,138,3731,1722,0.64351,0.67787,0.67746,0.67828
C_boundary_s1,C_boundary,19,20,Q2,34,6957,2067,0.76744,0.8369,0.75605,0.93711
C_boundary_s1,C_boundary,19,20,Q3,3,8771,2610,0.87764,0.96554,0.93913,0.99349
C_boundary_s1,C_boundary,19,20,Q4_clearest,0,7909,2077,0.95855,0.99362,0.98732,1.0
C_boundary_s1,C_boundary,20,0,Q1_dimmest,181,5411,1924,0.62628,0.6383,0.58471,0.7027
C_boundary_s1,C_boundary,20,0,Q2,25,7210,2225,0.77949,0.84364,0.75891,0.94966
C_boundary_s1,C_boundary,20,0,Q3,4,6951,2027,0.8529,0.94079,0.89816,0.98767
C_boundary_s1,C_boundary,20,0,Q4_clearest,1,4693,1197,0.93753,0.98604,0.97807,0.99415
C_boundary_s1,C_boundary,20,20,Q1_dimmest,175,5411,1924,0.63165,0.65194,0.62405,0.68243
C_boundary_s1,C_boundary,20,20,Q2,24,7210,2225,0.78309,0.85616,0.78125,0.94697
C_boundary_s1,C_boundary,20,20,Q3,4,6951,2027,0.85545,0.94905,0.91376,0.98717
C_boundary_s1,C_boundary,20,20,Q4_clearest,1,4693,1197,0.93753,0.98604,0.97807,0.99415
D_blurpool_s1,D_blurpool,01,0,Q1_dimmest,223,4597,1791,0.55653,0.52193,0.5416,0.50363
D_blurpool_s1,D_blurpool,01,0,Q2,72,6946,2500,0.77351,0.80557,0.75763,0.86
D_blurpool_s1,D_blurpool,01,0,Q3,14,8473,2538,0.85225,0.95239,0.9339,0.97163
D_blurpool_s1,D_blurpool,01,0,Q4_clearest,0,9424,2483,0.92143,0.98989,0.98115,0.99879
D_blurpool_s1,D_blurpool,01,20,Q1_dimmest,206,4597,1791,0.55749,0.52693,0.5789,0.48353
D_blurpool_s1,D_blurpool,01,20,Q2,67,6946,2500,0.77356,0.80683,0.7698,0.8476
D_blurpool_s1,D_blurpool,01,20,Q3,12,8473,2538,0.85344,0.95685,0.94438,0.96966
D_blurpool_s1,D_blurpool,01,20,Q4_clearest,0,9424,2483,0.92151,0.99049,0.98233,0.99879
D_blurpool_s1,D_blurpool,02,0,Q1_dimmest,224,5691,1790,0.52983,0.44633,0.4544,0.43855
D_blurpool_s1,D_blurpool,02,0,Q2,63,6606,1861,0.78655,0.74775,0.67419,0.83933
D_blurpool_s1,D_blurpool,02,0,Q3,7,8662,2260,0.88961,0.94825,0.91153,0.98805
D_blurpool_s1,D_blurpool,02,0,Q4_clearest,1,12831,3378,0.95913,0.99159,0.98362,0.9997
D_blurpool_s1,D_blurpool,02,20,Q1_dimmest,209,5691,1790,0.53016,0.44701,0.47904,0.41899
D_blurpool_s1,D_blurpool,02,20,Q2,60,6606,1861,0.7897,0.75738,0.69858,0.82697
D_blurpool_s1,D_blurpool,02,20,Q3,7,8662,2260,0.89247,0.95713,0.92848,0.98761
D_blurpool_s1,D_blurpool,02,20,Q4_clearest,1,12831,3378,0.95956,0.99303,0.98645,0.9997
D_blurpool_s1,D_blurpool,03,0,Q1_dimmest,267,10358,3377,0.49014,0.44935,0.58184,0.36601
D_blurpool_s1,D_blurpool,03,0,Q2,60,9353,2708,0.79383,0.8121,0.82084,0.80355
D_blurpool_s1,D_blurpool,03,0,Q3,6,8095,2089,0.91962,0.96027,0.96511,0.95548
D_blurpool_s1,D_blurpool,03,0,Q4_clearest,0,5087,1047,0.98481,0.99483,0.99732,0.99236
D_blurpool_s1,D_blurpool,03,20,Q1_dimmest,239,10358,3377,0.4884,0.44844,0.61648,0.35238
D_blurpool_s1,D_blurpool,03,20,Q2,54,9353,2708,0.79322,0.81189,0.82865,0.79579
D_blurpool_s1,D_blurpool,03,20,Q3,6,8095,2089,0.9198,0.96171,0.969,0.95452
D_blurpool_s1,D_blurpool,03,20,Q4_clearest,0,5087,1047,0.98461,0.99479,0.99821,0.9914
D_blurpool_s1,D_blurpool,04,0,Q1_dimmest,228,7750,3035,0.50699,0.42773,0.56715,0.34333
D_blurpool_s1,D_blurpool,04,0,Q2,45,6017,1865,0.80141,0.82096,0.79726,0.84611
D_blurpool_s1,D_blurpool,04,0,Q3,6,6293,1680,0.89999,0.94995,0.92509,0.97619
D_blurpool_s1,D_blurpool,04,0,Q4_clearest,2,10294,2346,0.97052,0.98991,0.98456,0.99531
D_blurpool_s1,D_blurpool,04,20,Q1_dimmest,203,7750,3035,0.50685,0.42715,0.62341,0.32488
D_blurpool_s1,D_blurpool,04,20,Q2,42,6017,1865,0.80006,0.81572,0.80492,0.82681
D_blurpool_s1,D_blurpool,04,20,Q3,6,6293,1680,0.90123,0.95491,0.93453,0.97619
D_blurpool_s1,D_blurpool,04,20,Q4_clearest,2,10294,2346,0.97052,0.98991,0.98456,0.99531
D_blurpool_s1,D_blurpool,05,0,Q1_dimmest,275,9685,3539,0.49635,0.40938,0.60694,0.30884
D_blurpool_s1,D_blurpool,05,0,Q2,43,7440,2198,0.82461,0.81927,0.8094,0.82939
D_blurpool_s1,D_blurpool,05,0,Q3,2,7606,2186,0.92684,0.98064,0.97108,0.99039
D_blurpool_s1,D_blurpool,05,0,Q4_clearest,0,6179,1663,0.9729,0.99914,0.99828,1.0
D_blurpool_s1,D_blurpool,05,20,Q1_dimmest,261,9685,3539,0.4957,0.40697,0.63213,0.30008
D_blurpool_s1,D_blurpool,05,20,Q2,42,7440,2198,0.82585,0.82291,0.82099,0.82484
D_blurpool_s1,D_blurpool,05,20,Q3,1,7606,2186,0.92689,0.98087,0.97152,0.99039
D_blurpool_s1,D_blurpool,05,20,Q4_clearest,0,6179,1663,0.9729,0.99914,0.99828,1.0
D_blurpool_s1,D_blurpool,06,0,Q1_dimmest,353,10790,3981,0.49297,0.44696,0.62815,0.3469
D_blurpool_s1,D_blurpool,06,0,Q2,61,7933,2378,0.82873,0.80623,0.818,0.79479
D_blurpool_s1,D_blurpool,06,0,Q3,4,7891,2229,0.94498,0.98135,0.97186,0.99103
D_blurpool_s1,D_blurpool,06,0,Q4_clearest,0,5502,1401,0.9811,0.99824,0.99648,1.0
D_blurpool_s1,D_blurpool,06,20,Q1_dimmest,318,10790,3981,0.491,0.44343,0.67224,0.33082
D_blurpool_s1,D_blurpool,06,20,Q2,56,7933,2378,0.82819,0.80416,0.8341,0.77628
D_blurpool_s1,D_blurpool,06,20,Q3,3,7891,2229,0.9451,0.98149,0.97561,0.98744
D_blurpool_s1,D_blurpool,06,20,Q4_clearest,0,5502,1401,0.98119,0.99859,0.99718,1.0
D_blurpool_s1,D_blurpool,07,0,Q1_dimmest,237,8316,2808,0.48177,0.4157,0.59874,0.31838
D_blurpool_s1,D_blurpool,07,0,Q2,54,7149,2172,0.79997,0.78794,0.8,0.77624
D_blurpool_s1,D_blurpool,07,0,Q3,8,7254,1955,0.91633,0.95853,0.94076,0.97698
D_blurpool_s1,D_blurpool,07,0,Q4_clearest,0,7433,2033,0.97113,0.99533,0.99264,0.99803
D_blurpool_s1,D_blurpool,07,20,Q1_dimmest,203,8316,2808,0.47733,0.40196,0.63948,0.29309
D_blurpool_s1,D_blurpool,07,20,Q2,51,7149,2172,0.80028,0.78749,0.81531,0.76151
D_blurpool_s1,D_blurpool,07,20,Q3,7,7254,1955,0.91719,0.96168,0.9483,0.97545
D_blurpool_s1,D_blurpool,07,20,Q4_clearest,0,7433,2033,0.97113,0.99533,0.99264,0.99803
D_blurpool_s1,D_blurpool,08,0,Q1_dimmest,261,9976,3245,0.53278,0.45094,0.56326,0.37596
D_blurpool_s1,D_blurpool,08,0,Q2,44,8461,2479,0.83071,0.82603,0.81802,0.83421
D_blurpool_s1,D_blurpool,08,0,Q3,3,6640,1970,0.92167,0.96718,0.95788,0.97665
D_blurpool_s1,D_blurpool,08,0,Q4_clearest,0,3312,891,0.97143,0.98879,0.98992,0.98765
D_blurpool_s1,D_blurpool,08,20,Q1_dimmest,241,9976,3245,0.5329,0.45248,0.59629,0.36456
D_blurpool_s1,D_blurpool,08,20,Q2,39,8461,2479,0.83058,0.82569,0.82484,0.82654
D_blurpool_s1,D_blurpool,08,20,Q3,3,6640,1970,0.92214,0.96953,0.963,0.97614
D_blurpool_s1,D_blurpool,08,20,Q4_clearest,0,3312,891,0.97128,0.98878,0.98991,0.98765
D_blurpool_s1,D_blurpool,09,0,Q1_dimmest,281,9368,3406,0.5313,0.48036,0.61092,0.39577
D_blurpool_s1,D_blurpool,09,0,Q2,57,7639,2383,0.83302,0.83489,0.81473,0.85606
D_blurpool_s1,D_blurpool,09,0,Q3,2,6249,1936,0.92832,0.97852,0.96712,0.99019
D_blurpool_s1,D_blurpool,09,0,Q4_clearest,1,3485,1001,0.96591,0.98227,0.99799,0.96703
D_blurpool_s1,D_blurpool,09,20,Q1_dimmest,262,9368,3406,0.53176,0.48137,0.64565,0.38373
D_blurpool_s1,D_blurpool,09,20,Q2,56,7639,2383,0.83401,0.83823,0.8258,0.85103
D_blurpool_s1,D_blurpool,09,20,Q3,2,6249,1936,0.92846,0.97903,0.96813,0.99019
D_blurpool_s1,D_blurpool,09,20,Q4_clearest,1,3485,1001,0.96591,0.98227,0.99799,0.96703
D_blurpool_s1,D_blurpool,10,0,Q1_dimmest,294,7560,3177,0.52492,0.45666,0.5286,0.40195
D_blurpool_s1,D_blurpool,10,0,Q2,59,6756,2369,0.79719,0.79424,0.76117,0.83031
D_blurpool_s1,D_blurpool,10,0,Q3,10,6741,2035,0.898,0.95725,0.92817,0.98821
D_blurpool_s1,D_blurpool,10,0,Q4_clearest,0,6099,1556,0.95744,0.99199,0.98411,1.0
D_blurpool_s1,D_blurpool,10,20,Q1_dimmest,269,7560,3177,0.52552,0.45422,0.55784,0.38307
D_blurpool_s1,D_blurpool,10,20,Q2,56,6756,2369,0.79587,0.79001,0.76979,0.81131
D_blurpool_s1,D_blurpool,10,20,Q3,9,6741,2035,0.89798,0.95719,0.93067,0.98526
D_blurpool_s1,D_blurpool,10,20,Q4_clearest,0,6099,1556,0.95774,0.99332,0.98672,1.0
D_blurpool_s1,D_blurpool,11,0,Q1_dimmest,305,6386,2930,0.47917,0.37856,0.46379,0.3198
D_blurpool_s1,D_blurpool,11,0,Q2,87,5601,2186,0.7639,0.70621,0.66961,0.74703
D_blurpool_s1,D_blurpool,11,0,Q3,15,6593,2129,0.85372,0.90048,0.8611,0.94364
D_blurpool_s1,D_blurpool,11,0,Q4_clearest,2,10959,3211,0.93508,0.97689,0.9638,0.99035
D_blurpool_s1,D_blurpool,11,20,Q1_dimmest,272,6386,2930,0.48083,0.37946,0.50079,0.30546
D_blurpool_s1,D_blurpool,11,20,Q2,83,5601,2186,0.76758,0.71458,0.69637,0.73376
D_blurpool_s1,D_blurpool,11,20,Q3,13,6593,2129,0.85515,0.90496,0.87053,0.94223
D_blurpool_s1,D_blurpool,11,20,Q4_clearest,2,10959,3211,0.93532,0.97751,0.965,0.99035
D_blurpool_s1,D_blurpool,12,0,Q1_dimmest,212,6741,2151,0.55644,0.54422,0.63766,0.47466
D_blurpool_s1,D_blurpool,12,0,Q2,86,7686,2661,0.79792,0.81392,0.8029,0.82525
D_blurpool_s1,D_blurpool,12,0,Q3,3,7976,2374,0.88584,0.94936,0.93105,0.96841
D_blurpool_s1,D_blurpool,12,0,Q4_clearest,0,6087,1526,0.95518,0.99611,0.9942,0.99803
D_blurpool_s1,D_blurpool,12,20,Q1_dimmest,201,6741,2151,0.55693,0.54697,0.671,0.46165
D_blurpool_s1,D_blurpool,12,20,Q2,80,7686,2661,0.79798,0.8128,0.81088,0.81473
D_blurpool_s1,D_blurpool,12,20,Q3,3,7976,2374,0.88514,0.94879,0.93229,0.96588
D_blurpool_s1,D_blurpool,12,20,Q4_clearest,0,6087,1526,0.95502,0.99546,0.9942,0.99672
D_blurpool_s1,D_blurpool,13,0,Q1_dimmest,320,8947,3161,0.54572,0.47265,0.54229,0.41885
D_blurpool_s1,D_blurpool,13,0,Q2,81,7970,2798,0.80125,0.78496,0.7505,0.82273
D_blurpool_s1,D_blurpool,13,0,Q3,7,7295,2120,0.9032,0.95616,0.93586,0.97736
D_blurpool_s1,D_blurpool,13,0,Q4_clearest,0,8047,2107,0.97369,0.99742,0.99486,1.0
D_blurpool_s1,D_blurpool,13,20,Q1_dimmest,282,8947,3161,0.5455,0.46871,0.57395,0.39608
D_blurpool_s1,D_blurpool,13,20,Q2,75,7970,2798,0.80015,0.78253,0.75949,0.80701
D_blurpool_s1,D_blurpool,13,20,Q3,6,7295,2120,0.90391,0.95736,0.94211,0.97311
D_blurpool_s1,D_blurpool,13,20,Q4_clearest,0,8047,2107,0.97387,0.99789,0.99579,1.0
D_blurpool_s1,D_blurpool,14,0,Q1_dimmest,193,4886,1623,0.53255,0.47577,0.45403,0.49969
D_blurpool_s1,D_blurpool,14,0,Q2,67,6453,2243,0.77115,0.75722,0.68724,0.84307
D_blurpool_s1,D_blurpool,14,0,Q3,4,8104,2470,0.87262,0.93706,0.88959,0.98988
D_blurpool_s1,D_blurpool,14,0,Q4_clearest,0,7234,2022,0.94558,0.98934,0.9789,1.0
D_blurpool_s1,D_blurpool,14,20,Q1_dimmest,172,4886,1623,0.53688,0.48827,0.49953,0.47751
D_blurpool_s1,D_blurpool,14,20,Q2,63,6453,2243,0.77059,0.75654,0.69776,0.82613
D_blurpool_s1,D_blurpool,14,20,Q3,4,8104,2470,0.87357,0.9408,0.89735,0.98866
D_blurpool_s1,D_blurpool,14,20,Q4_clearest,0,7234,2022,0.94558,0.98934,0.9789,1.0
D_blurpool_s1,D_blurpool,15,0,Q1_dimmest,155,4357,1638,0.52647,0.49323,0.47826,0.50916
D_blurpool_s1,D_blurpool,15,0,Q2,37,5141,1751,0.74191,0.75063,0.65986,0.87036
D_blurpool_s1,D_blurpool,15,0,Q3,0,6066,1760,0.83439,0.91286,0.84539,0.99205
D_blurpool_s1,D_blurpool,15,0,Q4_clearest,0,8050,2502,0.92853,0.97796,0.95724,0.9996
D_blurpool_s1,D_blurpool,15,20,Q1_dimmest,148,4357,1638,0.53132,0.50467,0.51007,0.49939
D_blurpool_s1,D_blurpool,15,20,Q2,37,5141,1751,0.74672,0.76456,0.6824,0.86922
D_blurpool_s1,D_blurpool,15,20,Q3,0,6066,1760,0.83718,0.91989,0.85752,0.99205
D_blurpool_s1,D_blurpool,15,20,Q4_clearest,0,8050,2502,0.92907,0.9795,0.9602,0.9996
D_blurpool_s1,D_blurpool,16,0,Q1_dimmest,263,6445,1959,0.58089,0.59704,0.70528,0.51761
D_blurpool_s1,D_blurpool,16,0,Q2,63,6977,2256,0.81919,0.86379,0.86499,0.86259
D_blurpool_s1,D_blurpool,16,0,Q3,5,7630,2131,0.88039,0.95192,0.91653,0.99015
D_blurpool_s1,D_blurpool,16,0,Q4_clearest,2,8739,2466,0.92915,0.9787,0.9609,0.99716
D_blurpool_s1,D_blurpool,16,20,Q1_dimmest,245,6445,1959,0.5779,0.59537,0.73515,0.50026
D_blurpool_s1,D_blurpool,16,20,Q2,62,6977,2256,0.82221,0.87306,0.89281,0.85417
D_blurpool_s1,D_blurpool,16,20,Q3,5,7630,2131,0.88201,0.95706,0.92694,0.98921
D_blurpool_s1,D_blurpool,16,20,Q4_clearest,2,8739,2466,0.93009,0.98126,0.96586,0.99716
D_blurpool_s1,D_blurpool,17,0,Q1_dimmest,242,7862,2585,0.55165,0.55656,0.69131,0.46576
D_blurpool_s1,D_blurpool,17,0,Q2,59,7104,2140,0.8141,0.8426,0.84503,0.84019
D_blurpool_s1,D_blurpool,17,0,Q3,8,7222,1826,0.89598,0.96439,0.95106,0.97809
D_blurpool_s1,D_blurpool,17,0,Q4_clearest,1,5664,1433,0.92433,0.98278,0.9741,0.99163
D_blurpool_s1,D_blurpool,17,20,Q1_dimmest,221,7862,2585,0.55089,0.55682,0.74295,0.44526
D_blurpool_s1,D_blurpool,17,20,Q2,58,7104,2140,0.81683,0.85237,0.87197,0.83364
D_blurpool_s1,D_blurpool,17,20,Q3,7,7222,1826,0.89669,0.9671,0.9574,0.977
D_blurpool_s1,D_blurpool,17,20,Q4_clearest,1,5664,1433,0.92578,0.98617,0.98078,0.99163
D_blurpool_s1,D_blurpool,18,0,Q1_dimmest,202,4966,1759,0.60438,0.6023,0.66183,0.55259
D_blurpool_s1,D_blurpool,18,0,Q2,48,6044,1968,0.80102,0.85583,0.84172,0.87043
D_blurpool_s1,D_blurpool,18,0,Q3,8,7429,2081,0.84343,0.95372,0.92427,0.9851
D_blurpool_s1,D_blurpool,18,0,Q4_clearest,1,7705,1851,0.89161,0.98561,0.9742,0.9973
D_blurpool_s1,D_blurpool,18,20,Q1_dimmest,196,4966,1759,0.60467,0.60401,0.68328,0.54122
D_blurpool_s1,D_blurpool,18,20,Q2,46,6044,1968,0.80136,0.85847,0.85318,0.86382
D_blurpool_s1,D_blurpool,18,20,Q3,8,7429,2081,0.84382,0.95585,0.92914,0.98414
D_blurpool_s1,D_blurpool,18,20,Q4_clearest,1,7705,1851,0.89259,0.98923,0.98129,0.9973
D_blurpool_s1,D_blurpool,19,0,Q1_dimmest,139,3731,1722,0.61364,0.63875,0.67275,0.60801
D_blurpool_s1,D_blurpool,19,0,Q2,42,6957,2067,0.76599,0.82561,0.75553,0.91001
D_blurpool_s1,D_blurpool,19,0,Q3,7,8771,2610,0.87519,0.96,0.9297,0.99234
D_blurpool_s1,D_blurpool,19,0,Q4_clearest,1,7909,2077,0.95859,0.99272,0.9898,0.99567
D_blurpool_s1,D_blurpool,19,20,Q1_dimmest,129,3731,1722,0.61706,0.64751,0.70986,0.59524
D_blurpool_s1,D_blurpool,19,20,Q2,41,6957,2067,0.7709,0.84223,0.79005,0.90179
D_blurpool_s1,D_blurpool,19,20,Q3,4,8771,2610,0.87654,0.96437,0.94349,0.98621
D_blurpool_s1,D_blurpool,19,20,Q4_clearest,1,7909,2077,0.95877,0.99345,0.99124,0.99567
D_blurpool_s1,D_blurpool,20,0,Q1_dimmest,198,5411,1924,0.59932,0.60621,0.58376,0.63046
D_blurpool_s1,D_blurpool,20,0,Q2,47,7210,2225,0.77559,0.83591,0.77452,0.90787
D_blurpool_s1,D_blurpool,20,0,Q3,9,6951,2027,0.85087,0.94155,0.90243,0.98421
D_blurpool_s1,D_blurpool,20,0,Q4_clearest,2,4693,1197,0.93519,0.98419,0.97282,0.99582
D_blurpool_s1,D_blurpool,20,20,Q1_dimmest,191,5411,1924,0.6055,0.62234,0.6215,0.62318
D_blurpool_s1,D_blurpool,20,20,Q2,47,7210,2225,0.77993,0.84831,0.79958,0.90337
D_blurpool_s1,D_blurpool,20,20,Q3,9,6951,2027,0.85304,0.94863,0.91638,0.98323
D_blurpool_s1,D_blurpool,20,20,Q4_clearest,2,4693,1197,0.93519,0.98419,0.97282,0.99582
A_dice_s2,A_dice,01,0,Q1_dimmest,225,4597,1791,0.5382,0.52069,0.51393,0.52764
A_dice_s2,A_dice,01,0,Q2,80,6946,2500,0.77031,0.80824,0.75709,0.8668
A_dice_s2,A_dice,01,0,Q3,17,8473,2538,0.86526,0.94808,0.93071,0.96612
A_dice_s2,A_dice,01,0,Q4_clearest,1,9424,2483,0.92703,0.9858,0.9766,0.99517
A_dice_s2,A_dice,01,20,Q1_dimmest,209,4597,1791,0.53954,0.52695,0.53846,0.51591
A_dice_s2,A_dice,01,20,Q2,79,6946,2500,0.77146,0.81223,0.77109,0.858
A_dice_s2,A_dice,01,20,Q3,17,8473,2538,0.86578,0.95011,0.93537,0.96533
A_dice_s2,A_dice,01,20,Q4_clearest,1,9424,2483,0.92717,0.9864,0.97779,0.99517
A_dice_s2,A_dice,02,0,Q1_dimmest,243,5691,1790,0.48533,0.46864,0.45996,0.47765
A_dice_s2,A_dice,02,0,Q2,67,6606,1861,0.78162,0.76763,0.70382,0.84417
A_dice_s2,A_dice,02,0,Q3,5,8662,2260,0.90115,0.94763,0.91227,0.98584
A_dice_s2,A_dice,02,0,Q4_clearest,0,12831,3378,0.96438,0.99349,0.98707,1.0
A_dice_s2,A_dice,02,20,Q1_dimmest,229,5691,1790,0.48491,0.46817,0.48304,0.45419
A_dice_s2,A_dice,02,20,Q2,64,6606,1861,0.78192,0.76925,0.71744,0.82912
A_dice_s2,A_dice,02,20,Q3,5,8662,2260,0.90163,0.94932,0.9158,0.9854
A_dice_s2,A_dice,02,20,Q4_clearest,0,12831,3378,0.96445,0.99377,0.98762,1.0
A_dice_s2,A_dice,03,0,Q1_dimmest,300,10358,3377,0.47959,0.48638,0.55392,0.43352
A_dice_s2,A_dice,03,0,Q2,60,9353,2708,0.81097,0.83203,0.81371,0.85118
A_dice_s2,A_dice,03,0,Q3,8,8095,2089,0.931,0.9673,0.96812,0.96649
A_dice_s2,A_dice,03,0,Q4_clearest,0,5087,1047,0.98929,0.9982,0.99735,0.99904
A_dice_s2,A_dice,03,20,Q1_dimmest,276,10358,3377,0.47772,0.48408,0.58393,0.41338
A_dice_s2,A_dice,03,20,Q2,53,9353,2708,0.81278,0.83828,0.8332,0.84343
A_dice_s2,A_dice,03,20,Q3,7,8095,2089,0.93175,0.96954,0.97309,0.96601
A_dice_s2,A_dice,03,20,Q4_clearest,0,5087,1047,0.98929,0.9982,0.99735,0.99904
A_dice_s2,A_dice,04,0,Q1_dimmest,249,7750,3035,0.47658,0.43816,0.56176,0.35914
A_dice_s2,A_dice,04,0,Q2,42,6017,1865,0.79775,0.82691,0.79669,0.85952
A_dice_s2,A_dice,04,0,Q3,7,6293,1680,0.91055,0.95473,0.93637,0.97381
A_dice_s2,A_dice,04,0,Q4_clearest,0,10294,2346,0.97645,0.99448,0.99027,0.99872
A_dice_s2,A_dice,04,20,Q1_dimmest,221,7750,3035,0.47273,0.42921,0.59171,0.33674
A_dice_s2,A_dice,04,20,Q2,40,6017,1865,0.79854,0.82991,0.81383,0.84665
A_dice_s2,A_dice,04,20,Q3,7,6293,1680,0.9113,0.95707,0.94089,0.97381
A_dice_s2,A_dice,04,20,Q4_clearest,0,10294,2346,0.97673,0.99575,0.99279,0.99872
A_dice_s2,A_dice,05,0,Q1_dimmest,336,9685,3539,0.45683,0.42241,0.56872,0.33597
A_dice_s2,A_dice,05,0,Q2,44,7440,2198,0.83238,0.83755,0.82387,0.85168
A_dice_s2,A_dice,05,0,Q3,2,7606,2186,0.93521,0.98095,0.9708,0.99131
A_dice_s2,A_dice,05,0,Q4_clearest,1,6179,1663,0.97662,0.9968,0.99482,0.9988
A_dice_s2,A_dice,05,20,Q1_dimmest,302,9685,3539,0.45281,0.41414,0.61044,0.31337
A_dice_s2,A_dice,05,20,Q2,44,7440,2198,0.8329,0.83891,0.83526,0.84258
A_dice_s2,A_dice,05,20,Q3,2,7606,2186,0.93579,0.98273,0.97429,0.99131
A_dice_s2,A_dice,05,20,Q4_clearest,1,6179,1663,0.97654,0.9968,0.99482,0.9988
A_dice_s2,A_dice,06,0,Q1_dimmest,373,10790,3981,0.48499,0.46984,0.60184,0.38533
A_dice_s2,A_dice,06,0,Q2,56,7933,2378,0.82356,0.82338,0.82979,0.81707
A_dice_s2,A_dice,06,0,Q3,4,7891,2229,0.94519,0.9803,0.97066,0.99013
A_dice_s2,A_dice,06,0,Q4_clearest,0,5502,1401,0.98318,0.99858,0.99716,1.0
A_dice_s2,A_dice,06,20,Q1_dimmest,340,10790,3981,0.48361,0.46853,0.63266,0.37202
A_dice_s2,A_dice,06,20,Q2,51,7933,2378,0.8247,0.82643,0.84638,0.8074
A_dice_s2,A_dice,06,20,Q3,4,7891,2229,0.94542,0.98072,0.97191,0.98968
A_dice_s2,A_dice,06,20,Q4_clearest,0,5502,1401,0.98318,0.99858,0.99716,1.0
A_dice_s2,A_dice,07,0,Q1_dimmest,257,8316,2808,0.45312,0.43709,0.57972,0.35078
A_dice_s2,A_dice,07,0,Q2,53,7149,2172,0.8041,0.81075,0.81823,0.80341
A_dice_s2,A_dice,07,0,Q3,7,7254,1955,0.92481,0.96775,0.95527,0.98056
A_dice_s2,A_dice,07,0,Q4_clearest,0,7433,2033,0.97375,0.99487,0.99076,0.99902
A_dice_s2,A_dice,07,20,Q1_dimmest,223,8316,2808,0.44798,0.42863,0.62478,0.32621
A_dice_s2,A_dice,07,20,Q2,47,7149,2172,0.80505,0.81328,0.84051,0.78775
A_dice_s2,A_dice,07,20,Q3,6,7254,1955,0.92615,0.97232,0.9672,0.97749
A_dice_s2,A_dice,07,20,Q4_clearest,0,7433,2033,0.97388,0.99511,0.99124,0.99902
A_dice_s2,A_dice,08,0,Q1_dimmest,306,9976,3245,0.51166,0.47866,0.59312,0.40123
A_dice_s2,A_dice,08,0,Q2,44,8461,2479,0.83641,0.839,0.81427,0.86527
A_dice_s2,A_dice,08,0,Q3,5,6640,1970,0.93205,0.96947,0.96239,0.97665
A_dice_s2,A_dice,08,0,Q4_clearest,0,3312,891,0.97546,0.99159,0.99669,0.98653
A_dice_s2,A_dice,08,20,Q1_dimmest,288,9976,3245,0.51181,0.48037,0.62567,0.38983
A_dice_s2,A_dice,08,20,Q2,41,8461,2479,0.8375,0.84324,0.82898,0.85801
A_dice_s2,A_dice,08,20,Q3,4,6640,1970,0.93301,0.97307,0.97051,0.97563
A_dice_s2,A_dice,08,20,Q4_clearest,0,3312,891,0.97546,0.99159,0.99669,0.98653
A_dice_s2,A_dice,09,0,Q1_dimmest,306,9368,3406,0.52714,0.52901,0.62066,0.46095
A_dice_s2,A_dice,09,0,Q2,50,7639,2383,0.84298,0.86958,0.84176,0.89929
A_dice_s2,A_dice,09,0,Q3,5,6249,1936,0.93511,0.977,0.97062,0.98347
A_dice_s2,A_dice,09,0,Q4_clearest,1,3485,1001,0.96702,0.98221,1.0,0.96503
A_dice_s2,A_dice,09,20,Q1_dimmest,268,9368,3406,0.52288,0.52265,0.65494,0.43482
A_dice_s2,A_dice,09,20,Q2,50,7639,2383,0.8433,0.87136,0.85265,0.89089
A_dice_s2,A_dice,09,20,Q3,5,6249,1936,0.9354,0.97752,0.97164,0.98347
A_dice_s2,A_dice,09,20,Q4_clearest,1,3485,1001,0.96702,0.98221,1.0,0.96503
A_dice_s2,A_dice,10,0,Q1_dimmest,320,7560,3177,0.51103,0.48753,0.53484,0.44791
A_dice_s2,A_dice,10,0,Q2,53,6756,2369,0.81024,0.81305,0.77142,0.85943
A_dice_s2,A_dice,10,0,Q3,4,6741,2035,0.90798,0.9577,0.92558,0.99214
A_dice_s2,A_dice,10,0,Q4_clearest,1,6099,1556,0.95997,0.99429,0.99053,0.99807
A_dice_s2,A_dice,10,20,Q1_dimmest,296,7560,3177,0.51498,0.49477,0.57746,0.4328
A_dice_s2,A_dice,10,20,Q2,47,6756,2369,0.81082,0.81549,0.78247,0.85141
A_dice_s2,A_dice,10,20,Q3,4,6741,2035,0.90813,0.95812,0.92764,0.99066
A_dice_s2,A_dice,10,20,Q4_clearest,1,6099,1556,0.95997,0.99429,0.99053,0.99807
A_dice_s2,A_dice,11,0,Q1_dimmest,318,6386,2930,0.47204,0.42002,0.51216,0.35597
A_dice_s2,A_dice,11,0,Q2,63,5601,2186,0.76769,0.73163,0.69254,0.77539
A_dice_s2,A_dice,11,0,Q3,13,6593,2129,0.86492,0.90966,0.86851,0.95491
A_dice_s2,A_dice,11,0,Q4_clearest,1,10959,3211,0.94378,0.98604,0.97484,0.99751
A_dice_s2,A_dice,11,20,Q1_dimmest,290,6386,2930,0.46604,0.40665,0.52784,0.33072
A_dice_s2,A_dice,11,20,Q2,58,5601,2186,0.76979,0.73704,0.71803,0.75709
A_dice_s2,A_dice,11,20,Q3,11,6593,2129,0.86602,0.91274,0.87572,0.95303
A_dice_s2,A_dice,11,20,Q4_clearest,1,10959,3211,0.94382,0.9862,0.97514,0.99751
A_dice_s2,A_dice,12,0,Q1_dimmest,243,6741,2151,0.53887,0.54623,0.60494,0.49791
A_dice_s2,A_dice,12,0,Q2,65,7686,2661,0.80356,0.82228,0.79105,0.85607
A_dice_s2,A_dice,12,0,Q3,6,7976,2374,0.8952,0.94803,0.92889,0.96799
A_dice_s2,A_dice,12,0,Q4_clearest,1,6087,1526,0.95949,0.99197,0.98984,0.9941
A_dice_s2,A_dice,12,20,Q1_dimmest,220,6741,2151,0.53932,0.55158,0.64951,0.47931
A_dice_s2,A_dice,12,20,Q2,61,7686,2661,0.80561,0.82743,0.81781,0.83728
A_dice_s2,A_dice,12,20,Q3,6,7976,2374,0.89619,0.95048,0.93556,0.96588
A_dice_s2,A_dice,12,20,Q4_clearest,1,6087,1526,0.95949,0.99197,0.98984,0.9941
A_dice_s2,A_dice,13,0,Q1_dimmest,310,8947,3161,0.52109,0.49642,0.55089,0.45176
A_dice_s2,A_dice,13,0,Q2,90,7970,2798,0.80512,0.79295,0.75739,0.83202
A_dice_s2,A_dice,13,0,Q3,7,7295,2120,0.91605,0.95609,0.93703,0.97594
A_dice_s2,A_dice,13,0,Q4_clearest,0,8047,2107,0.97661,0.99741,0.99482,1.0
A_dice_s2,A_dice,13,20,Q1_dimmest,280,8947,3161,0.51811,0.4911,0.57425,0.42898
A_dice_s2,A_dice,13,20,Q2,79,7970,2798,0.80465,0.79241,0.77276,0.81308
A_dice_s2,A_dice,13,20,Q3,5,7295,2120,0.91579,0.95556,0.93862,0.97311
A_dice_s2,A_dice,13,20,Q4_clearest,0,8047,2107,0.97661,0.99741,0.99482,1.0
A_dice_s2,A_dice,14,0,Q1_dimmest,218,4886,1623,0.49084,0.46367,0.44218,0.48737
A_dice_s2,A_dice,14,0,Q2,64,6453,2243,0.77192,0.76597,0.69279,0.85644
A_dice_s2,A_dice,14,0,Q3,7,8104,2470,0.88523,0.93271,0.88666,0.98381
A_dice_s2,A_dice,14,0,Q4_clearest,1,7234,2022,0.95283,0.99409,0.99165,0.99654
A_dice_s2,A_dice,14,20,Q1_dimmest,203,4886,1623,0.49477,0.4755,0.47844,0.47258
A_dice_s2,A_dice,14,20,Q2,61,6453,2243,0.77433,0.77075,0.71273,0.83905
A_dice_s2,A_dice,14,20,Q3,6,8104,2470,0.88838,0.94202,0.90536,0.98178
A_dice_s2,A_dice,14,20,Q4_clearest,1,7234,2022,0.95314,0.99433,0.99214,0.99654
A_dice_s2,A_dice,15,0,Q1_dimmest,175,4357,1638,0.48008,0.48519,0.46237,0.51038
A_dice_s2,A_dice,15,0,Q2,34,5141,1751,0.7528,0.77723,0.68325,0.9012
A_dice_s2,A_dice,15,0,Q3,3,6066,1760,0.85194,0.92122,0.85856,0.99375
A_dice_s2,A_dice,15,0,Q4_clearest,0,8050,2502,0.9372,0.97966,0.96012,1.0
A_dice_s2,A_dice,15,20,Q1_dimmest,168,4357,1638,0.48829,0.50423,0.50917,0.49939
A_dice_s2,A_dice,15,20,Q2,31,5141,1751,0.75897,0.79416,0.71379,0.89492
A_dice_s2,A_dice,15,20,Q3,3,6066,1760,0.85758,0.93676,0.88595,0.99375
A_dice_s2,A_dice,15,20,Q4_clearest,0,8050,2502,0.93955,0.98622,0.9728,1.0
A_dice_s2,A_dice,16,0,Q1_dimmest,250,6445,1959,0.55045,0.56899,0.64678,0.50791
A_dice_s2,A_dice,16,0,Q2,67,6977,2256,0.82252,0.85224,0.83755,0.86746
A_dice_s2,A_dice,16,0,Q3,5,7630,2131,0.89471,0.9532,0.92054,0.98827
A_dice_s2,A_dice,16,0,Q4_clearest,1,8739,2466,0.94261,0.98324,0.96818,0.99878
A_dice_s2,A_dice,16,20,Q1_dimmest,238,6445,1959,0.55217,0.57976,0.69622,0.49668
A_dice_s2,A_dice,16,20,Q2,64,6977,2256,0.82459,0.85943,0.86521,0.85372
A_dice_s2,A_dice,16,20,Q3,4,7630,2131,0.89561,0.95578,0.927,0.98639
A_dice_s2,A_dice,16,20,Q4_clearest,1,8739,2466,0.94352,0.98543,0.97243,0.99878
A_dice_s2,A_dice,17,0,Q1_dimmest,272,7862,2585,0.54378,0.5506,0.66686,0.46886
A_dice_s2,A_dice,17,0,Q2,51,7104,2140,0.82546,0.85989,0.85535,0.86449
A_dice_s2,A_dice,17,0,Q3,10,7222,1826,0.90725,0.96514,0.95201,0.97864
A_dice_s2,A_dice,17,0,Q4_clearest,0,5664,1433,0.93273,0.98994,0.98413,0.99581
A_dice_s2,A_dice,17,20,Q1_dimmest,253,7862,2585,0.54687,0.56176,0.73217,0.45571
A_dice_s2,A_dice,17,20,Q2,46,7104,2140,0.82672,0.86428,0.87806,0.85093
A_dice_s2,A_dice,17,20,Q3,9,7222,1826,0.90825,0.96971,0.96148,0.97809
A_dice_s2,A_dice,17,20,Q4_clearest,0,5664,1433,0.93281,0.99164,0.98957,0.99372
A_dice_s2,A_dice,18,0,Q1_dimmest,204,4966,1759,0.58485,0.57756,0.60353,0.55372
A_dice_s2,A_dice,18,0,Q2,50,6044,1968,0.80724,0.85538,0.83157,0.88059
A_dice_s2,A_dice,18,0,Q3,7,7429,2081,0.85711,0.95534,0.93076,0.98126
A_dice_s2,A_dice,18,0,Q4_clearest,0,7705,1851,0.90133,0.98821,0.9772,0.99946
A_dice_s2,A_dice,18,20,Q1_dimmest,194,4966,1759,0.59552,0.60224,0.67261,0.5452
A_dice_s2,A_dice,18,20,Q2,49,6044,1968,0.80907,0.86129,0.85137,0.87144
A_dice_s2,A_dice,18,20,Q3,7,7429,2081,0.8585,0.95987,0.94073,0.97982
A_dice_s2,A_dice,18,20,Q4_clearest,0,7705,1851,0.90144,0.98872,0.97822,0.99946
A_dice_s2,A_dice,19,0,Q1_dimmest,150,3731,1722,0.62423,0.64046,0.64039,0.64053
A_dice_s2,A_dice,19,0,Q2,44,6957,2067,0.78433,0.82439,0.74258,0.92646
A_dice_s2,A_dice,19,0,Q3,5,8771,2610,0.89605,0.96481,0.94049,0.99042
A_dice_s2,A_dice,19,0,Q4_clearest,0,7909,2077,0.96881,0.99463,0.98931,1.0
A_dice_s2,A_dice,19,20,Q1_dimmest,140,3731,1722,0.6217,0.64187,0.66643,0.61905
A_dice_s2,A_dice,19,20,Q2,38,6957,2067,0.78837,0.83754,0.77124,0.9163
A_dice_s2,A_dice,19,20,Q3,6,8771,2610,0.89722,0.96931,0.95013,0.98927
A_dice_s2,A_dice,19,20,Q4_clearest,0,7909,2077,0.96887,0.99487,0.98979,1.0
A_dice_s2,A_dice,20,0,Q1_dimmest,184,5411,1924,0.6093,0.61183,0.58488,0.64137
A_dice_s2,A_dice,20,0,Q2,41,7210,2225,0.79509,0.83212,0.75957,0.92
A_dice_s2,A_dice,20,0,Q3,2,6951,2027,0.86238,0.93727,0.89017,0.98964
A_dice_s2,A_dice,20,0,Q4_clearest,3,4693,1197,0.9403,0.98813,0.98136,0.99499
A_dice_s2,A_dice,20,20,Q1_dimmest,178,5411,1924,0.61751,0.63162,0.63123,0.63202
A_dice_s2,A_dice,20,20,Q2,38,7210,2225,0.80301,0.8536,0.79919,0.91596
A_dice_s2,A_dice,20,20,Q3,2,6951,2027,0.86477,0.94501,0.90464,0.98915
A_dice_s2,A_dice,20,20,Q4_clearest,3,4693,1197,0.94019,0.98812,0.98135,0.99499
B_cldice_s2,B_cldice,01,0,Q1_dimmest,219,4597,1791,0.55582,0.54604,0.53947,0.55276
B_cldice_s2,B_cldice,01,0,Q2,70,6946,2500,0.77941,0.82123,0.76738,0.8832
B_cldice_s2,B_cldice,01,0,Q3,11,8473,2538,0.8645,0.95694,0.93937,0.97518
B_cldice_s2,B_cldice,01,0,Q4_clearest,1,9424,2483,0.92829,0.99078,0.98407,0.99758
B_cldice_s2,B_cldice,01,20,Q1_dimmest,209,4597,1791,0.55464,0.54512,0.55218,0.53825
B_cldice_s2,B_cldice,01,20,Q2,64,6946,2500,0.78009,0.82233,0.77455,0.8764
B_cldice_s2,B_cldice,01,20,Q3,11,8473,2538,0.86548,0.95881,0.94373,0.97439
B_cldice_s2,B_cldice,01,20,Q4_clearest,1,9424,2483,0.92865,0.99158,0.98564,0.99758
B_cldice_s2,B_cldice,02,0,Q1_dimmest,245,5691,1790,0.49075,0.45098,0.46351,0.43911
B_cldice_s2,B_cldice,02,0,Q2,58,6606,1861,0.79039,0.77767,0.71587,0.85116
B_cldice_s2,B_cldice,02,0,Q3,6,8662,2260,0.8989,0.95046,0.91906,0.98407
B_cldice_s2,B_cldice,02,0,Q4_clearest,0,12831,3378,0.96471,0.9939,0.98787,1.0
B_cldice_s2,B_cldice,02,20,Q1_dimmest,236,5691,1790,0.49466,0.46324,0.49956,0.43184
B_cldice_s2,B_cldice,02,20,Q2,55,6606,1861,0.79298,0.78602,0.73455,0.84524
B_cldice_s2,B_cldice,02,20,Q3,6,8662,2260,0.90115,0.95732,0.93239,0.98363
B_cldice_s2,B_cldice,02,20,Q4_clearest,0,12831,3378,0.96486,0.99446,0.98899,1.0
B_cldice_s2,B_cldice,03,0,Q1_dimmest,292,10358,3377,0.50772,0.49761,0.5771,0.43737
B_cldice_s2,B_cldice,03,0,Q2,41,9353,2708,0.82419,0.84794,0.82696,0.87001
B_cldice_s2,B_cldice,03,0,Q3,7,8095,2089,0.93367,0.96981,0.96739,0.97224
B_cldice_s2,B_cldice,03,0,Q4_clearest,0,5087,1047,0.989,0.99904,1.0,0.99809
B_cldice_s2,B_cldice,03,20,Q1_dimmest,279,10358,3377,0.51017,0.50592,0.61387,0.43026
B_cldice_s2,B_cldice,03,20,Q2,38,9353,2708,0.82482,0.84975,0.83347,0.86669
B_cldice_s2,B_cldice,03,20,Q3,7,8095,2089,0.93389,0.96923,0.96909,0.96936
B_cldice_s2,B_cldice,03,20,Q4_clearest,0,5087,1047,0.989,0.99904,1.0,0.99809
B_cldice_s2,B_cldice,04,0,Q1_dimmest,237,7750,3035,0.48407,0.44207,0.57647,0.35848
B_cldice_s2,B_cldice,04,0,Q2,42,6017,1865,0.79194,0.80242,0.76832,0.83968
B_cldice_s2,B_cldice,04,0,Q3,4,6293,1680,0.90958,0.95269,0.93799,0.96786
B_cldice_s2,B_cldice,04,0,Q4_clearest,1,10294,2346,0.97494,0.99197,0.98908,0.99488
B_cldice_s2,B_cldice,04,20,Q1_dimmest,226,7750,3035,0.48337,0.44093,0.60273,0.34761
B_cldice_s2,B_cldice,04,20,Q2,39,6017,1865,0.79232,0.80388,0.77981,0.82949
B_cldice_s2,B_cldice,04,20,Q3,4,6293,1680,0.90983,0.95326,0.93965,0.96726
B_cldice_s2,B_cldice,04,20,Q4_clearest,1,10294,2346,0.97494,0.99197,0.98908,0.99488
B_cldice_s2,B_cldice,05,0,Q1_dimmest,295,9685,3539,0.47934,0.43591,0.60386,0.34106
B_cldice_s2,B_cldice,05,0,Q2,43,7440,2198,0.83795,0.84463,0.83333,0.85623
B_cldice_s2,B_cldice,05,0,Q3,2,7606,2186,0.93832,0.98479,0.97658,0.99314
B_cldice_s2,B_cldice,05,0,Q4_clearest,0,6179,1663,0.97745,0.99795,0.99711,0.9988
B_cldice_s2,B_cldice,05,20,Q1_dimmest,277,9685,3539,0.47378,0.423,0.61483,0.32241
B_cldice_s2,B_cldice,05,20,Q2,41,7440,2198,0.83802,0.84576,0.8417,0.84986
B_cldice_s2,B_cldice,05,20,Q3,2,7606,2186,0.93818,0.98455,0.97699,0.99222
B_cldice_s2,B_cldice,05,20,Q4_clearest,0,6179,1663,0.97745,0.99795,0.99711,0.9988
B_cldice_s2,B_cldice,06,0,Q1_dimmest,349,10790,3981,0.47861,0.46262,0.62565,0.36699
B_cldice_s2,B_cldice,06,0,Q2,52,7933,2378,0.82849,0.83282,0.84514,0.82086
B_cldice_s2,B_cldice,06,0,Q3,3,7891,2229,0.94664,0.98032,0.97243,0.98834
B_cldice_s2,B_cldice,06,0,Q4_clearest,0,5502,1401,0.98265,0.99929,0.99929,0.99929
B_cldice_s2,B_cldice,06,20,Q1_dimmest,320,10790,3981,0.4749,0.4565,0.66183,0.3484
B_cldice_s2,B_cldice,06,20,Q2,44,7933,2378,0.82733,0.82929,0.8557,0.80446
B_cldice_s2,B_cldice,06,20,Q3,3,7891,2229,0.94668,0.98027,0.97364,0.98699
B_cldice_s2,B_cldice,06,20,Q4_clearest,0,5502,1401,0.98265,0.99929,0.99929,0.99929
B_cldice_s2,B_cldice,07,0,Q1_dimmest,218,8316,2808,0.46519,0.43582,0.61939,0.33618
B_cldice_s2,B_cldice,07,0,Q2,63,7149,2172,0.80453,0.80293,0.81722,0.78913
B_cldice_s2,B_cldice,07,0,Q3,8,7254,1955,0.92147,0.962,0.95087,0.9734
B_cldice_s2,B_cldice,07,0,Q4_clearest,0,7433,2033,0.97307,0.9966,0.99566,0.99754
B_cldice_s2,B_cldice,07,20,Q1_dimmest,206,8316,2808,0.46469,0.43409,0.65572,0.32443
B_cldice_s2,B_cldice,07,20,Q2,59,7149,2172,0.80722,0.80869,0.83649,0.78269
B_cldice_s2,B_cldice,07,20,Q3,8,7254,1955,0.92212,0.9645,0.95576,0.9734
B_cldice_s2,B_cldice,07,20,Q4_clearest,0,7433,2033,0.97307,0.9966,0.99566,0.99754
B_cldice_s2,B_cldice,08,0,Q1_dimmest,280,9976,3245,0.52189,0.48534,0.59488,0.40986
B_cldice_s2,B_cldice,08,0,Q2,48,8461,2479,0.83584,0.83155,0.80279,0.86244
B_cldice_s2,B_cldice,08,0,Q3,4,6640,1970,0.93123,0.9725,0.96248,0.98274
B_cldice_s2,B_cldice,08,0,Q4_clearest,1,3312,891,0.97575,0.99218,0.98999,0.99439
B_cldice_s2,B_cldice,08,20,Q1_dimmest,253,9976,3245,0.522,0.48388,0.62968,0.39291
B_cldice_s2,B_cldice,08,20,Q2,42,8461,2479,0.83672,0.83576,0.82018,0.85196
B_cldice_s2,B_cldice,08,20,Q3,4,6640,1970,0.93277,0.97659,0.97052,0.98274
B_cldice_s2,B_cldice,08,20,Q4_clearest,1,3312,891,0.97575,0.99218,0.98999,0.99439
B_cldice_s2,B_cldice,09,0,Q1_dimmest,297,9368,3406,0.53962,0.53527,0.63817,0.46095
B_cldice_s2,B_cldice,09,0,Q2,45,7639,2383,0.83621,0.85872,0.8206,0.90055
B_cldice_s2,B_cldice,09,0,Q3,2,6249,1936,0.92698,0.97147,0.96423,0.97882
B_cldice_s2,B_cldice,09,0,Q4_clearest,3,3485,1001,0.96286,0.97961,1.0,0.96004
B_cldice_s2,B_cldice,09,20,Q1_dimmest,277,9368,3406,0.53868,0.533,0.65711,0.44833
B_cldice_s2,B_cldice,09,20,Q2,43,7639,2383,0.83742,0.86252,0.83115,0.89635
B_cldice_s2,B_cldice,09,20,Q3,2,6249,1936,0.92738,0.97278,0.96681,0.97882
B_cldice_s2,B_cldice,09,20,Q4_clearest,2,3485,1001,0.96181,0.97805,1.0,0.95704
B_cldice_s2,B_cldice,10,0,Q1_dimmest,297,7560,3177,0.51816,0.48426,0.5461,0.435
B_cldice_s2,B_cldice,10,0,Q2,50,6756,2369,0.80166,0.80486,0.7676,0.84593
B_cldice_s2,B_cldice,10,0,Q3,6,6741,2035,0.90496,0.95859,0.93777,0.98034
B_cldice_s2,B_cldice,10,0,Q4_clearest,0,6099,1556,0.9586,0.99158,0.99217,0.991
B_cldice_s2,B_cldice,10,20,Q1_dimmest,281,7560,3177,0.5198,0.48785,0.57552,0.42336
B_cldice_s2,B_cldice,10,20,Q2,46,6756,2369,0.8021,0.80556,0.7767,0.83664
B_cldice_s2,B_cldice,10,20,Q3,5,6741,2035,0.90644,0.96208,0.94678,0.97789
B_cldice_s2,B_cldice,10,20,Q4_clearest,0,6099,1556,0.95898,0.99256,0.99411,0.991
B_cldice_s2,B_cldice,11,0,Q1_dimmest,334,6386,2930,0.46403,0.39929,0.47311,0.34539
B_cldice_s2,B_cldice,11,0,Q2,68,5601,2186,0.76735,0.7333,0.68589,0.78774
B_cldice_s2,B_cldice,11,0,Q3,12,6593,2129,0.86574,0.91003,0.86648,0.9582
B_cldice_s2,B_cldice,11,0,Q4_clearest,2,10959,3211,0.94142,0.98758,0.97695,0.99844
B_cldice_s2,B_cldice,11,20,Q1_dimmest,307,6386,2930,0.45734,0.3843,0.47683,0.32184
B_cldice_s2,B_cldice,11,20,Q2,61,5601,2186,0.76755,0.73435,0.70005,0.77219
B_cldice_s2,B_cldice,11,20,Q3,12,6593,2129,0.86594,0.91114,0.86888,0.95773
B_cldice_s2,B_cldice,11,20,Q4_clearest,2,10959,3211,0.94142,0.98758,0.97695,0.99844
B_cldice_s2,B_cldice,12,0,Q1_dimmest,242,6741,2151,0.55219,0.56132,0.64246,0.49837
B_cldice_s2,B_cldice,12,0,Q2,79,7686,2661,0.80292,0.82161,0.80203,0.84216
B_cldice_s2,B_cldice,12,0,Q3,7,7976,2374,0.89718,0.95384,0.9417,0.9663
B_cldice_s2,B_cldice,12,0,Q4_clearest,1,6087,1526,0.95971,0.99545,0.99484,0.99607
B_cldice_s2,B_cldice,12,20,Q1_dimmest,224,6741,2151,0.55185,0.56062,0.67331,0.48024
B_cldice_s2,B_cldice,12,20,Q2,71,7686,2661,0.80512,0.8269,0.82368,0.83014
B_cldice_s2,B_cldice,12,20,Q3,7,7976,2374,0.89702,0.95308,0.94383,0.96251
B_cldice_s2,B_cldice,12,20,Q4_clearest,1,6087,1526,0.95971,0.99545,0.99484,0.99607
B_cldice_s2,B_cldice,13,0,Q1_dimmest,288,8947,3161,0.52565,0.49092,0.55459,0.44037
B_cldice_s2,B_cldice,13,0,Q2,76,7970,2798,0.80628,0.79887,0.76735,0.8331
B_cldice_s2,B_cldice,13,0,Q3,5,7295,2120,0.91498,0.9585,0.94035,0.97736
B_cldice_s2,B_cldice,13,0,Q4_clearest,0,8047,2107,0.97554,0.99835,0.99671,1.0
B_cldice_s2,B_cldice,13,20,Q1_dimmest,264,8947,3161,0.52561,0.49055,0.58504,0.42233
B_cldice_s2,B_cldice,13,20,Q2,74,7970,2798,0.80703,0.80065,0.78133,0.82094
B_cldice_s2,B_cldice,13,20,Q3,5,7295,2120,0.91551,0.96057,0.94434,0.97736
B_cldice_s2,B_cldice,13,20,Q4_clearest,0,8047,2107,0.97554,0.99835,0.99671,1.0
B_cldice_s2,B_cldice,14,0,Q1_dimmest,203,4886,1623,0.50233,0.48049,0.45705,0.50647
B_cldice_s2,B_cldice,14,0,Q2,68,6453,2243,0.77391,0.77592,0.70712,0.85956
B_cldice_s2,B_cldice,14,0,Q3,2,8104,2470,0.88317,0.9392,0.89149,0.99231
B_cldice_s2,B_cldice,14,0,Q4_clearest,1,7234,2022,0.95095,0.99095,0.98543,0.99654
B_cldice_s2,B_cldice,14,20,Q1_dimmest,188,4886,1623,0.51061,0.5009,0.51046,0.49168
B_cldice_s2,B_cldice,14,20,Q2,66,6453,2243,0.77462,0.77801,0.72064,0.8453
B_cldice_s2,B_cldice,14,20,Q3,2,8104,2470,0.88409,0.94076,0.89463,0.9919
B_cldice_s2,B_cldice,14,20,Q4_clearest,1,7234,2022,0.95095,0.99095,0.98543,0.99654
B_cldice_s2,B_cldice,15,0,Q1_dimmest,192,4357,1638,0.49782,0.5028,0.47733,0.53114
B_cldice_s2,B_cldice,15,0,Q2,27,5141,1751,0.73696,0.77593,0.6819,0.90006
B_cldice_s2,B_cldice,15,0,Q3,1,6066,1760,0.82944,0.90699,0.83257,0.99602
B_cldice_s2,B_cldice,15,0,Q4_clearest,0,8050,2502,0.93347,0.98248,0.96556,1.0
B_cldice_s2,B_cldice,15,20,Q1_dimmest,182,4357,1638,0.5035,0.51806,0.51598,0.52015
B_cldice_s2,B_cldice,15,20,Q2,26,5141,1751,0.7405,0.78321,0.6956,0.89606
B_cldice_s2,B_cldice,15,20,Q3,1,6066,1760,0.8337,0.91809,0.85189,0.99545
B_cldice_s2,B_cldice,15,20,Q4_clearest,0,8050,2502,0.93347,0.98248,0.96556,1.0
B_cldice_s2,B_cldice,16,0,Q1_dimmest,261,6445,1959,0.56586,0.59422,0.67554,0.53037
B_cldice_s2,B_cldice,16,0,Q2,69,6977,2256,0.82512,0.86564,0.86737,0.86392
B_cldice_s2,B_cldice,16,0,Q3,4,7630,2131,0.89377,0.96106,0.93742,0.98592
B_cldice_s2,B_cldice,16,0,Q4_clearest,2,8739,2466,0.93395,0.97837,0.95991,0.99757
B_cldice_s2,B_cldice,16,20,Q1_dimmest,254,6445,1959,0.56944,0.60905,0.72269,0.52629
B_cldice_s2,B_cldice,16,20,Q2,67,6977,2256,0.82775,0.87187,0.88182,0.86215
B_cldice_s2,B_cldice,16,20,Q3,4,7630,2131,0.89425,0.96232,0.93982,0.98592
B_cldice_s2,B_cldice,16,20,Q4_clearest,2,8739,2466,0.93435,0.97975,0.96255,0.99757
B_cldice_s2,B_cldice,17,0,Q1_dimmest,252,7862,2585,0.54073,0.55992,0.71168,0.46151
B_cldice_s2,B_cldice,17,0,Q2,50,7104,2140,0.83369,0.8673,0.86406,0.87056
B_cldice_s2,B_cldice,17,0,Q3,3,7222,1826,0.91113,0.97566,0.96628,0.98521
B_cldice_s2,B_cldice,17,0,Q4_clearest,1,5664,1433,0.92849,0.99019,0.98876,0.99163
B_cldice_s2,B_cldice,17,20,Q1_dimmest,230,7862,2585,0.53641,0.55777,0.73887,0.44797
B_cldice_s2,B_cldice,17,20,Q2,48,7104,2140,0.83476,0.87216,0.88046,0.86402
B_cldice_s2,B_cldice,17,20,Q3,3,7222,1826,0.91163,0.97743,0.97084,0.98412
B_cldice_s2,B_cldice,17,20,Q4_clearest,1,5664,1433,0.92849,0.99019,0.98876,0.99163
B_cldice_s2,B_cldice,18,0,Q1_dimmest,193,4966,1759,0.59481,0.60349,0.64824,0.56453
B_cldice_s2,B_cldice,18,0,Q2,46,6044,1968,0.80487,0.86381,0.83801,0.89126
B_cldice_s2,B_cldice,18,0,Q3,8,7429,2081,0.85487,0.96143,0.93844,0.98558
B_cldice_s2,B_cldice,18,0,Q4_clearest,0,7705,1851,0.89738,0.98794,0.97668,0.99946
B_cldice_s2,B_cldice,18,20,Q1_dimmest,187,4966,1759,0.60148,0.61768,0.68692,0.56111
B_cldice_s2,B_cldice,18,20,Q2,44,6044,1968,0.80765,0.87116,0.85665,0.88618
B_cldice_s2,B_cldice,18,20,Q3,7,7429,2081,0.85642,0.96706,0.95011,0.98462
B_cldice_s2,B_cldice,18,20,Q4_clearest,0,7705,1851,0.89774,0.98924,0.97922,0.99946
B_cldice_s2,B_cldice,19,0,Q1_dimmest,148,3731,1722,0.61318,0.6377,0.6271,0.64866
B_cldice_s2,B_cldice,19,0,Q2,45,6957,2067,0.78234,0.83092,0.75133,0.92937
B_cldice_s2,B_cldice,19,0,Q3,2,8771,2610,0.89172,0.96562,0.941,0.99157
B_cldice_s2,B_cldice,19,0,Q4_clearest,0,7909,2077,0.96655,0.99368,0.98791,0.99952
B_cldice_s2,B_cldice,19,20,Q1_dimmest,142,3731,1722,0.61715,0.64534,0.65202,0.63879
B_cldice_s2,B_cldice,19,20,Q2,42,6957,2067,0.78626,0.84118,0.77027,0.92646
B_cldice_s2,B_cldice,19,20,Q3,3,8771,2610,0.89298,0.9677,0.94741,0.98889
B_cldice_s2,B_cldice,19,20,Q4_clearest,0,7909,2077,0.96738,0.9961,0.99271,0.99952
B_cldice_s2,B_cldice,20,0,Q1_dimmest,197,5411,1924,0.61078,0.6235,0.60023,0.64865
B_cldice_s2,B_cldice,20,0,Q2,35,7210,2225,0.7936,0.84438,0.77203,0.93169
B_cldice_s2,B_cldice,20,0,Q3,2,6951,2027,0.86522,0.94386,0.90132,0.99063
B_cldice_s2,B_cldice,20,0,Q4_clearest,1,4693,1197,0.93825,0.98356,0.9708,0.99666
B_cldice_s2,B_cldice,20,20,Q1_dimmest,189,5411,1924,0.61474,0.63417,0.63116,0.63721
B_cldice_s2,B_cldice,20,20,Q2,34,7210,2225,0.80015,0.86215,0.80327,0.93034
B_cldice_s2,B_cldice,20,20,Q3,2,6951,2027,0.86896,0.95428,0.9205,0.99063
B_cldice_s2,B_cldice,20,20,Q4_clearest,1,4693,1197,0.93815,0.98355,0.97078,0.99666
C_boundary_s2,C_boundary,01,0,Q1_dimmest,219,4597,1791,0.54793,0.54504,0.54181,0.5483
C_boundary_s2,C_boundary,01,0,Q2,73,6946,2500,0.78404,0.82144,0.76957,0.8808
C_boundary_s2,C_boundary,01,0,Q3,19,8473,2538,0.87011,0.95266,0.93551,0.97045
C_boundary_s2,C_boundary,01,0,Q4_clearest,1,9424,2483,0.92768,0.98764,0.97751,0.99799
C_boundary_s2,C_boundary,01,20,Q1_dimmest,203,4597,1791,0.55003,0.5524,0.5711,0.5349
C_boundary_s2,C_boundary,01,20,Q2,66,6946,2500,0.78581,0.82863,0.78709,0.8748
C_boundary_s2,C_boundary,01,20,Q3,15,8473,2538,0.86962,0.9545,0.94355,0.96572
C_boundary_s2,C_boundary,01,20,Q4_clearest,1,9424,2483,0.92791,0.98844,0.97908,0.99799
C_boundary_s2,C_boundary,02,0,Q1_dimmest,233,5691,1790,0.48998,0.47596,0.48828,0.46425
C_boundary_s2,C_boundary,02,0,Q2,58,6606,1861,0.78752,0.77755,0.72068,0.84417
C_boundary_s2,C_boundary,02,0,Q3,7,8662,2260,0.90022,0.93555,0.89304,0.9823
C_boundary_s2,C_boundary,02,0,Q4_clearest,0,12831,3378,0.963,0.99067,0.9818,0.9997
C_boundary_s2,C_boundary,02,20,Q1_dimmest,219,5691,1790,0.48646,0.46885,0.51123,0.43296
C_boundary_s2,C_boundary,02,20,Q2,53,6606,1861,0.78724,0.77807,0.73504,0.82644
C_boundary_s2,C_boundary,02,20,Q3,4,8662,2260,0.90264,0.94445,0.90941,0.9823
C_boundary_s2,C_boundary,02,20,Q4_clearest,0,12831,3378,0.96322,0.99138,0.9832,0.9997
C_boundary_s2,C_boundary,03,0,Q1_dimmest,296,10358,3377,0.47634,0.47872,0.55007,0.42375
C_boundary_s2,C_boundary,03,0,Q2,60,9353,2708,0.81145,0.83788,0.82154,0.85487
C_boundary_s2,C_boundary,03,0,Q3,10,8095,2089,0.92802,0.96693,0.9669,0.96697
C_boundary_s2,C_boundary,03,0,Q4_clearest,0,5087,1047,0.98821,0.99952,1.0,0.99904
C_boundary_s2,C_boundary,03,20,Q1_dimmest,274,10358,3377,0.47779,0.48204,0.59067,0.40717
C_boundary_s2,C_boundary,03,20,Q2,54,9353,2708,0.81315,0.84367,0.83772,0.8497
C_boundary_s2,C_boundary,03,20,Q3,9,8095,2089,0.92894,0.96892,0.97233,0.96553
C_boundary_s2,C_boundary,03,20,Q4_clearest,0,5087,1047,0.98821,0.99952,1.0,0.99904
C_boundary_s2,C_boundary,04,0,Q1_dimmest,254,7750,3035,0.48044,0.44089,0.56669,0.36079
C_boundary_s2,C_boundary,04,0,Q2,41,6017,1865,0.80071,0.81878,0.78397,0.85684
C_boundary_s2,C_boundary,04,0,Q3,5,6293,1680,0.91843,0.95994,0.94035,0.98036
C_boundary_s2,C_boundary,04,0,Q4_clearest,1,10294,2346,0.97633,0.99405,0.99194,0.99616
C_boundary_s2,C_boundary,04,20,Q1_dimmest,229,7750,3035,0.47687,0.43495,0.59723,0.34201
C_boundary_s2,C_boundary,04,20,Q2,39,6017,1865,0.8011,0.81924,0.79544,0.8445
C_boundary_s2,C_boundary,04,20,Q3,5,6293,1680,0.91947,0.96383,0.94785,0.98036
C_boundary_s2,C_boundary,04,20,Q4_clearest,1,10294,2346,0.97643,0.99447,0.99278,0.99616
C_boundary_s2,C_boundary,05,0,Q1_dimmest,311,9685,3539,0.45329,0.42131,0.57802,0.33145
C_boundary_s2,C_boundary,05,0,Q2,50,7440,2198,0.82534,0.82954,0.81265,0.84713
C_boundary_s2,C_boundary,05,0,Q3,6,7606,2186,0.93298,0.97666,0.97211,0.98124
C_boundary_s2,C_boundary,05,0,Q4_clearest,0,6179,1663,0.97519,0.99671,0.99524,0.9982
C_boundary_s2,C_boundary,05,20,Q1_dimmest,288,9685,3539,0.44749,0.41,0.59899,0.31167
C_boundary_s2,C_boundary,05,20,Q2,46,7440,2198,0.82609,0.83395,0.82857,0.8394
C_boundary_s2,C_boundary,05,20,Q3,5,7606,2186,0.9331,0.97772,0.97467,0.98079
C_boundary_s2,C_boundary,05,20,Q4_clearest,0,6179,1663,0.97519,0.99671,0.99524,0.9982
C_boundary_s2,C_boundary,06,0,Q1_dimmest,382,10790,3981,0.46279,0.45838,0.60488,0.369
C_boundary_s2,C_boundary,06,0,Q2,50,7933,2378,0.82079,0.82709,0.83254,0.8217
C_boundary_s2,C_boundary,06,0,Q3,5,7891,2229,0.94761,0.98248,0.97322,0.99192
C_boundary_s2,C_boundary,06,0,Q4_clearest,0,5502,1401,0.98299,0.99613,0.99371,0.99857
C_boundary_s2,C_boundary,06,20,Q1_dimmest,346,10790,3981,0.46104,0.45545,0.64029,0.35343
C_boundary_s2,C_boundary,06,20,Q2,43,7933,2378,0.82043,0.82529,0.84817,0.80362
C_boundary_s2,C_boundary,06,20,Q3,4,7891,2229,0.94784,0.98289,0.97488,0.99103
C_boundary_s2,C_boundary,06,20,Q4_clearest,0,5502,1401,0.98361,0.99753,0.99649,0.99857
C_boundary_s2,C_boundary,07,0,Q1_dimmest,266,8316,2808,0.45181,0.41902,0.57341,0.33013
C_boundary_s2,C_boundary,07,0,Q2,49,7149,2172,0.80268,0.8032,0.80578,0.80064
C_boundary_s2,C_boundary,07,0,Q3,4,7254,1955,0.92568,0.96696,0.95422,0.98005
C_boundary_s2,C_boundary,07,0,Q4_clearest,0,7433,2033,0.97152,0.99464,0.99322,0.99606
C_boundary_s2,C_boundary,07,20,Q1_dimmest,241,8316,2808,0.44785,0.41257,0.59965,0.31446
C_boundary_s2,C_boundary,07,20,Q2,47,7149,2172,0.80311,0.80615,0.83003,0.78361
C_boundary_s2,C_boundary,07,20,Q3,4,7254,1955,0.9255,0.96618,0.95561,0.97698
C_boundary_s2,C_boundary,07,20,Q4_clearest,0,7433,2033,0.97152,0.99464,0.99322,0.99606
C_boundary_s2,C_boundary,08,0,Q1_dimmest,311,9976,3245,0.50126,0.48242,0.59526,0.40555
C_boundary_s2,C_boundary,08,0,Q2,40,8461,2479,0.83247,0.83476,0.80494,0.86688
C_boundary_s2,C_boundary,08,0,Q3,5,6640,1970,0.9334,0.97067,0.96476,0.97665
C_boundary_s2,C_boundary,08,0,Q4_clearest,1,3312,891,0.97596,0.99053,0.99116,0.9899
C_boundary_s2,C_boundary,08,20,Q1_dimmest,278,9976,3245,0.50082,0.48006,0.64201,0.38336
C_boundary_s2,C_boundary,08,20,Q2,36,8461,2479,0.83413,0.84068,0.82704,0.85478
C_boundary_s2,C_boundary,08,20,Q3,5,6640,1970,0.93381,0.97213,0.96765,0.97665
C_boundary_s2,C_boundary,08,20,Q4_clearest,1,3312,891,0.97611,0.99108,0.99226,0.9899
C_boundary_s2,C_boundary,09,0,Q1_dimmest,303,9368,3406,0.50651,0.51065,0.64667,0.4219
C_boundary_s2,C_boundary,09,0,Q2,54,7639,2383,0.83705,0.86185,0.83537,0.89005
C_boundary_s2,C_boundary,09,0,Q3,5,6249,1936,0.93379,0.97631,0.96675,0.98605
C_boundary_s2,C_boundary,09,0,Q4_clearest,3,3485,1001,0.96811,0.98169,1.0,0.96404
C_boundary_s2,C_boundary,09,20,Q1_dimmest,267,9368,3406,0.5027,0.50417,0.67533,0.40223
C_boundary_s2,C_boundary,09,20,Q2,53,7639,2383,0.83609,0.86015,0.8435,0.87747
C_boundary_s2,C_boundary,09,20,Q3,5,6249,1936,0.93415,0.97865,0.97185,0.98554
C_boundary_s2,C_boundary,09,20,Q4_clearest,3,3485,1001,0.96693,0.98013,1.0,0.96104
C_boundary_s2,C_boundary,10,0,Q1_dimmest,325,7560,3177,0.49363,0.45838,0.51211,0.41486
C_boundary_s2,C_boundary,10,0,Q2,48,6756,2369,0.8026,0.80582,0.76049,0.8569
C_boundary_s2,C_boundary,10,0,Q3,6,6741,2035,0.90658,0.95694,0.92803,0.98771
C_boundary_s2,C_boundary,10,0,Q4_clearest,0,6099,1556,0.96021,0.99603,0.99272,0.99936
C_boundary_s2,C_boundary,10,20,Q1_dimmest,295,7560,3177,0.49484,0.46032,0.54368,0.39912
C_boundary_s2,C_boundary,10,20,Q2,49,6756,2369,0.80236,0.80452,0.76698,0.84593
C_boundary_s2,C_boundary,10,20,Q3,6,6741,2035,0.90768,0.95929,0.93289,0.98722
C_boundary_s2,C_boundary,10,20,Q4_clearest,0,6099,1556,0.96051,0.99735,0.99536,0.99936
C_boundary_s2,C_boundary,11,0,Q1_dimmest,324,6386,2930,0.45102,0.40097,0.48663,0.34096
C_boundary_s2,C_boundary,11,0,Q2,63,5601,2186,0.76505,0.72764,0.68941,0.77036
C_boundary_s2,C_boundary,11,0,Q3,6,6593,2129,0.86525,0.91217,0.86576,0.96383
C_boundary_s2,C_boundary,11,0,Q4_clearest,3,10959,3211,0.93859,0.97838,0.96376,0.99346
C_boundary_s2,C_boundary,11,20,Q1_dimmest,305,6386,2930,0.44948,0.39656,0.51469,0.32253
C_boundary_s2,C_boundary,11,20,Q2,56,5601,2186,0.76568,0.72994,0.70037,0.76212
C_boundary_s2,C_boundary,11,20,Q3,6,6593,2129,0.86631,0.91454,0.87274,0.96054
C_boundary_s2,C_boundary,11,20,Q4_clearest,3,10959,3211,0.93871,0.97885,0.96467,0.99346
C_boundary_s2,C_boundary,12,0,Q1_dimmest,238,6741,2151,0.53967,0.54584,0.60813,0.49512
C_boundary_s2,C_boundary,12,0,Q2,70,7686,2661,0.80228,0.82218,0.79055,0.85644
C_boundary_s2,C_boundary,12,0,Q3,4,7976,2374,0.89342,0.94526,0.92434,0.96714
C_boundary_s2,C_boundary,12,0,Q4_clearest,2,6087,1526,0.95783,0.98727,0.9883,0.98624
C_boundary_s2,C_boundary,12,20,Q1_dimmest,224,6741,2151,0.53856,0.54503,0.62529,0.48303
C_boundary_s2,C_boundary,12,20,Q2,65,7686,2661,0.8034,0.82374,0.80474,0.84367
C_boundary_s2,C_boundary,12,20,Q3,4,7976,2374,0.8939,0.94761,0.93002,0.96588
C_boundary_s2,C_boundary,12,20,Q4_clearest,2,6087,1526,0.95767,0.98693,0.98828,0.98558
C_boundary_s2,C_boundary,13,0,Q1_dimmest,334,8947,3161,0.51369,0.47572,0.54402,0.42265
C_boundary_s2,C_boundary,13,0,Q2,93,7970,2798,0.80642,0.78433,0.74524,0.82773
C_boundary_s2,C_boundary,13,0,Q3,5,7295,2120,0.91584,0.95408,0.93318,0.97594
C_boundary_s2,C_boundary,13,0,Q4_clearest,0,8047,2107,0.97707,0.99834,0.99668,1.0
C_boundary_s2,C_boundary,13,20,Q1_dimmest,302,8947,3161,0.51027,0.46821,0.56159,0.40146
C_boundary_s2,C_boundary,13,20,Q2,90,7970,2798,0.80672,0.78477,0.75836,0.81308
C_boundary_s2,C_boundary,13,20,Q3,5,7295,2120,0.91689,0.95732,0.94028,0.975
C_boundary_s2,C_boundary,13,20,Q4_clearest,0,8047,2107,0.97701,0.99834,0.99668,1.0
C_boundary_s2,C_boundary,14,0,Q1_dimmest,199,4886,1623,0.49395,0.48686,0.47302,0.50154
C_boundary_s2,C_boundary,14,0,Q2,77,6453,2243,0.76846,0.75522,0.68163,0.84663
C_boundary_s2,C_boundary,14,0,Q3,7,8104,2470,0.88671,0.93715,0.89338,0.98543
C_boundary_s2,C_boundary,14,0,Q4_clearest,0,7234,2022,0.95374,0.99329,0.98716,0.99951
C_boundary_s2,C_boundary,14,20,Q1_dimmest,188,4886,1623,0.49664,0.49339,0.50351,0.48367
C_boundary_s2,C_boundary,14,20,Q2,75,6453,2243,0.76991,0.75836,0.69613,0.83281
C_boundary_s2,C_boundary,14,20,Q3,7,8104,2470,0.88748,0.93987,0.89868,0.98502
C_boundary_s2,C_boundary,14,20,Q4_clearest,0,7234,2022,0.95374,0.99329,0.98716,0.99951
C_boundary_s2,C_boundary,15,0,Q1_dimmest,188,4357,1638,0.48611,0.49393,0.45708,0.53724
C_boundary_s2,C_boundary,15,0,Q2,31,5141,1751,0.74593,0.76642,0.66923,0.89663
C_boundary_s2,C_boundary,15,0,Q3,3,6066,1760,0.84528,0.90395,0.82903,0.99375
C_boundary_s2,C_boundary,15,0,Q4_clearest,1,8050,2502,0.93224,0.97431,0.95244,0.9972
C_boundary_s2,C_boundary,15,20,Q1_dimmest,181,4357,1638,0.49414,0.51714,0.50609,0.52869
C_boundary_s2,C_boundary,15,20,Q2,30,5141,1751,0.75334,0.78383,0.69937,0.89149
C_boundary_s2,C_boundary,15,20,Q3,2,6066,1760,0.85228,0.92458,0.86484,0.99318
C_boundary_s2,C_boundary,15,20,Q4_clearest,1,8050,2502,0.9336,0.97776,0.95906,0.9972
C_boundary_s2,C_boundary,16,0,Q1_dimmest,274,6445,1959,0.54219,0.57576,0.65104,0.51608
C_boundary_s2,C_boundary,16,0,Q2,69,6977,2256,0.82439,0.85346,0.85099,0.85594
C_boundary_s2,C_boundary,16,0,Q3,3,7630,2131,0.89704,0.95427,0.92295,0.9878
C_boundary_s2,C_boundary,16,0,Q4_clearest,0,8739,2466,0.94185,0.985,0.97082,0.99959
C_boundary_s2,C_boundary,16,20,Q1_dimmest,258,6445,1959,0.54495,0.5899,0.7084,0.50536
C_boundary_s2,C_boundary,16,20,Q2,66,6977,2256,0.82586,0.86029,0.87965,0.84176
C_boundary_s2,C_boundary,16,20,Q3,2,7630,2131,0.8977,0.95609,0.92759,0.98639
C_boundary_s2,C_boundary,16,20,Q4_clearest,0,8739,2466,0.94205,0.9854,0.9716,0.99959
C_boundary_s2,C_boundary,17,0,Q1_dimmest,284,7862,2585,0.5399,0.54958,0.65405,0.47389
C_boundary_s2,C_boundary,17,0,Q2,54,7104,2140,0.83121,0.85891,0.84801,0.87009
C_boundary_s2,C_boundary,17,0,Q3,9,7222,1826,0.90956,0.96925,0.95638,0.98248
C_boundary_s2,C_boundary,17,0,Q4_clearest,0,5664,1433,0.92924,0.98945,0.98047,0.9986
C_boundary_s2,C_boundary,17,20,Q1_dimmest,266,7862,2585,0.54199,0.55776,0.71776,0.45609
C_boundary_s2,C_boundary,17,20,Q2,49,7104,2140,0.83484,0.86994,0.87787,0.86215
C_boundary_s2,C_boundary,17,20,Q3,9,7222,1826,0.91074,0.97305,0.96645,0.97974
C_boundary_s2,C_boundary,17,20,Q4_clearest,0,5664,1433,0.92993,0.99249,0.98645,0.9986
C_boundary_s2,C_boundary,18,0,Q1_dimmest,198,4966,1759,0.59335,0.60673,0.63147,0.58385
C_boundary_s2,C_boundary,18,0,Q2,49,6044,1968,0.81083,0.86118,0.82997,0.89482
C_boundary_s2,C_boundary,18,0,Q3,8,7429,2081,0.85798,0.94981,0.91778,0.98414
C_boundary_s2,C_boundary,18,0,Q4_clearest,1,7705,1851,0.90008,0.99081,0.98389,0.99784
C_boundary_s2,C_boundary,18,20,Q1_dimmest,186,4966,1759,0.60187,0.62837,0.70147,0.56907
C_boundary_s2,C_boundary,18,20,Q2,46,6044,1968,0.81436,0.87365,0.85908,0.88872
C_boundary_s2,C_boundary,18,20,Q3,8,7429,2081,0.86128,0.96161,0.94052,0.98366
C_boundary_s2,C_boundary,18,20,Q4_clearest,1,7705,1851,0.90013,0.99107,0.9844,0.99784
C_boundary_s2,C_boundary,19,0,Q1_dimmest,183,3731,1722,0.6188,0.62812,0.63625,0.62021
C_boundary_s2,C_boundary,19,0,Q2,44,6957,2067,0.77841,0.81727,0.7296,0.92888
C_boundary_s2,C_boundary,19,0,Q3,3,8771,2610,0.89104,0.95917,0.93152,0.98851
C_boundary_s2,C_boundary,19,0,Q4_clearest,0,7909,2077,0.96614,0.99631,0.99313,0.99952
C_boundary_s2,C_boundary,19,20,Q1_dimmest,177,3731,1722,0.61781,0.62731,0.64722,0.60859
C_boundary_s2,C_boundary,19,20,Q2,38,6957,2067,0.78474,0.83801,0.76662,0.92404
C_boundary_s2,C_boundary,19,20,Q3,3,8771,2610,0.89254,0.96497,0.94323,0.98774
C_boundary_s2,C_boundary,19,20,Q4_clearest,0,7909,2077,0.96649,0.9973,0.99508,0.99952
C_boundary_s2,C_boundary,20,0,Q1_dimmest,203,5411,1924,0.59949,0.60246,0.57468,0.63306
C_boundary_s2,C_boundary,20,0,Q2,45,7210,2225,0.79614,0.84036,0.76902,0.92629
C_boundary_s2,C_boundary,20,0,Q3,3,6951,2027,0.87009,0.93845,0.89391,0.98767
C_boundary_s2,C_boundary,20,0,Q4_clearest,3,4693,1197,0.93449,0.97849,0.96887,0.9883
C_boundary_s2,C_boundary,20,20,Q1_dimmest,194,5411,1924,0.601,0.6062,0.59631,0.61642
C_boundary_s2,C_boundary,20,20,Q2,43,7210,2225,0.80133,0.85261,0.79408,0.92045
C_boundary_s2,C_boundary,20,20,Q3,3,6951,2027,0.87348,0.94854,0.91239,0.98767
C_boundary_s2,C_boundary,20,20,Q4_clearest,3,4693,1197,0.93562,0.98166,0.9751,0.9883
D_blurpool_s2,D_blurpool,01,0,Q1_dimmest,220,4597,1791,0.53114,0.51856,0.52946,0.5081
D_blurpool_s2,D_blurpool,01,0,Q2,90,6946,2500,0.778,0.81665,0.78109,0.8556
D_blurpool_s2,D_blurpool,01,0,Q3,13,8473,2538,0.86722,0.95082,0.93344,0.96887
D_blurpool_s2,D_blurpool,01,0,Q4_clearest,0,9424,2483,0.92739,0.9892,0.98096,0.99758
D_blurpool_s2,D_blurpool,01,20,Q1_dimmest,206,4597,1791,0.53058,0.51995,0.55785,0.48688
D_blurpool_s2,D_blurpool,01,20,Q2,86,6946,2500,0.77905,0.82024,0.79389,0.8484
D_blurpool_s2,D_blurpool,01,20,Q3,13,8473,2538,0.8683,0.95505,0.9431,0.9673
D_blurpool_s2,D_blurpool,01,20,Q4_clearest,0,9424,2483,0.92757,0.9898,0.98252,0.99718
D_blurpool_s2,D_blurpool,02,0,Q1_dimmest,241,5691,1790,0.47947,0.43026,0.45394,0.40894
D_blurpool_s2,D_blurpool,02,0,Q2,59,6606,1861,0.78269,0.75933,0.70945,0.81677
D_blurpool_s2,D_blurpool,02,0,Q3,6,8662,2260,0.89804,0.94705,0.91425,0.9823
D_blurpool_s2,D_blurpool,02,0,Q4_clearest,1,12831,3378,0.96328,0.99354,0.98745,0.9997
D_blurpool_s2,D_blurpool,02,20,Q1_dimmest,216,5691,1790,0.48249,0.43882,0.51027,0.38492
D_blurpool_s2,D_blurpool,02,20,Q2,57,6606,1861,0.78375,0.75981,0.73147,0.79044
D_blurpool_s2,D_blurpool,02,20,Q3,3,8662,2260,0.90102,0.95762,0.93455,0.98186
D_blurpool_s2,D_blurpool,02,20,Q4_clearest,1,12831,3378,0.96331,0.99368,0.98774,0.9997
D_blurpool_s2,D_blurpool,03,0,Q1_dimmest,298,10358,3377,0.47776,0.45714,0.53748,0.39769
D_blurpool_s2,D_blurpool,03,0,Q2,56,9353,2708,0.80795,0.83523,0.82437,0.84638
D_blurpool_s2,D_blurpool,03,0,Q3,5,8095,2089,0.93321,0.97045,0.95935,0.98181
D_blurpool_s2,D_blurpool,03,0,Q4_clearest,0,5087,1047,0.98958,0.99955,0.9991,1.0
D_blurpool_s2,D_blurpool,03,20,Q1_dimmest,277,10358,3377,0.47778,0.45756,0.58414,0.37607
D_blurpool_s2,D_blurpool,03,20,Q2,54,9353,2708,0.80876,0.838,0.83664,0.83936
D_blurpool_s2,D_blurpool,03,20,Q3,5,8095,2089,0.93417,0.97281,0.96629,0.97942
D_blurpool_s2,D_blurpool,03,20,Q4_clearest,0,5087,1047,0.98958,0.99955,0.9991,1.0
D_blurpool_s2,D_blurpool,04,0,Q1_dimmest,261,7750,3035,0.47334,0.42349,0.56034,0.34036
D_blurpool_s2,D_blurpool,04,0,Q2,51,6017,1865,0.7911,0.8082,0.78086,0.83753
D_blurpool_s2,D_blurpool,04,0,Q3,8,6293,1680,0.90787,0.95037,0.92857,0.97321
D_blurpool_s2,D_blurpool,04,0,Q4_clearest,0,10294,2346,0.97445,0.9924,0.98742,0.99744
D_blurpool_s2,D_blurpool,04,20,Q1_dimmest,225,7750,3035,0.47262,0.42087,0.6223,0.31796
D_blurpool_s2,D_blurpool,04,20,Q2,45,6017,1865,0.78907,0.80248,0.79286,0.81233
D_blurpool_s2,D_blurpool,04,20,Q3,8,6293,1680,0.90872,0.95385,0.93634,0.97202
D_blurpool_s2,D_blurpool,04,20,Q4_clearest,0,10294,2346,0.97487,0.99387,0.99032,0.99744
D_blurpool_s2,D_blurpool,05,0,Q1_dimmest,317,9685,3539,0.4508,0.38801,0.54695,0.30065
D_blurpool_s2,D_blurpool,05,0,Q2,68,7440,2198,0.82492,0.82579,0.8272,0.82439
D_blurpool_s2,D_blurpool,05,0,Q3,4,7606,2186,0.93557,0.98056,0.97005,0.99131
D_blurpool_s2,D_blurpool,05,0,Q4_clearest,0,6179,1663,0.97644,0.99738,0.99478,1.0
D_blurpool_s2,D_blurpool,05,20,Q1_dimmest,284,9685,3539,0.4493,0.38338,0.60506,0.28059
D_blurpool_s2,D_blurpool,05,20,Q2,62,7440,2198,0.82691,0.8299,0.848,0.81256
D_blurpool_s2,D_blurpool,05,20,Q3,4,7606,2186,0.93615,0.983,0.97483,0.99131
D_blurpool_s2,D_blurpool,05,20,Q4_clearest,0,6179,1663,0.97644,0.99738,0.99478,1.0
D_blurpool_s2,D_blurpool,06,0,Q1_dimmest,381,10790,3981,0.45784,0.44166,0.60536,0.34765
D_blurpool_s2,D_blurpool,06,0,Q2,63,7933,2378,0.82032,0.81815,0.83965,0.79773
D_blurpool_s2,D_blurpool,06,0,Q3,2,7891,2229,0.94743,0.98493,0.97848,0.99148
D_blurpool_s2,D_blurpool,06,0,Q4_clearest,0,5502,1401,0.98255,0.99824,0.99648,1.0
D_blurpool_s2,D_blurpool,06,20,Q1_dimmest,349,10790,3981,0.45503,0.43811,0.64645,0.33132
D_blurpool_s2,D_blurpool,06,20,Q2,56,7933,2378,0.82057,0.81784,0.85441,0.78427
D_blurpool_s2,D_blurpool,06,20,Q3,2,7891,2229,0.94736,0.98469,0.97887,0.99058
D_blurpool_s2,D_blurpool,06,20,Q4_clearest,0,5502,1401,0.98255,0.99824,0.99648,1.0
D_blurpool_s2,D_blurpool,07,0,Q1_dimmest,269,8316,2808,0.45816,0.42397,0.55701,0.34224
D_blurpool_s2,D_blurpool,07,0,Q2,54,7149,2172,0.80174,0.79632,0.79204,0.80064
D_blurpool_s2,D_blurpool,07,0,Q3,8,7254,1955,0.9178,0.95973,0.94307,0.97698
D_blurpool_s2,D_blurpool,07,0,Q4_clearest,0,7433,2033,0.97104,0.99614,0.99376,0.99852
D_blurpool_s2,D_blurpool,07,20,Q1_dimmest,234,8316,2808,0.45401,0.41149,0.58884,0.31624
D_blurpool_s2,D_blurpool,07,20,Q2,47,7149,2172,0.8054,0.8065,0.83025,0.78407
D_blurpool_s2,D_blurpool,07,20,Q3,8,7254,1955,0.91812,0.96118,0.94684,0.97596
D_blurpool_s2,D_blurpool,07,20,Q4_clearest,0,7433,2033,0.97104,0.99614,0.99376,0.99852
D_blurpool_s2,D_blurpool,08,0,Q1_dimmest,292,9976,3245,0.51101,0.46485,0.57971,0.38798
D_blurpool_s2,D_blurpool,08,0,Q2,53,8461,2479,0.83803,0.83535,0.82276,0.84833
D_blurpool_s2,D_blurpool,08,0,Q3,7,6640,1970,0.93472,0.97354,0.96598,0.98122
D_blurpool_s2,D_blurpool,08,0,Q4_clearest,0,3312,891,0.97802,0.99325,0.99323,0.99327
D_blurpool_s2,D_blurpool,08,20,Q1_dimmest,256,9976,3245,0.51201,0.46806,0.63024,0.37227
D_blurpool_s2,D_blurpool,08,20,Q2,50,8461,2479,0.8397,0.84061,0.84137,0.83985
D_blurpool_s2,D_blurpool,08,20,Q3,6,6640,1970,0.93531,0.97522,0.96979,0.98071
D_blurpool_s2,D_blurpool,08,20,Q4_clearest,0,3312,891,0.97802,0.99325,0.99323,0.99327
D_blurpool_s2,D_blurpool,09,0,Q1_dimmest,314,9368,3406,0.47581,0.4418,0.58095,0.35643
D_blurpool_s2,D_blurpool,09,0,Q2,57,7639,2383,0.83674,0.85413,0.84646,0.86194
D_blurpool_s2,D_blurpool,09,0,Q3,4,6249,1936,0.93755,0.97785,0.96978,0.98605
D_blurpool_s2,D_blurpool,09,0,Q4_clearest,1,3485,1001,0.97125,0.98838,1.0,0.97702
D_blurpool_s2,D_blurpool,09,20,Q1_dimmest,292,9368,3406,0.47731,0.44508,0.62508,0.34557
D_blurpool_s2,D_blurpool,09,20,Q2,56,7639,2383,0.83625,0.85338,0.85238,0.85439
D_blurpool_s2,D_blurpool,09,20,Q3,4,6249,1936,0.93783,0.97861,0.97179,0.98554
D_blurpool_s2,D_blurpool,09,20,Q4_clearest,1,3485,1001,0.97125,0.98838,1.0,0.97702
D_blurpool_s2,D_blurpool,10,0,Q1_dimmest,315,7560,3177,0.52038,0.4731,0.53762,0.42241
D_blurpool_s2,D_blurpool,10,0,Q2,43,6756,2369,0.81034,0.81715,0.78233,0.85521
D_blurpool_s2,D_blurpool,10,0,Q3,5,6741,2035,0.90647,0.95781,0.92967,0.98771
D_blurpool_s2,D_blurpool,10,0,Q4_clearest,0,6099,1556,0.95842,0.99566,0.99136,1.0
D_blurpool_s2,D_blurpool,10,20,Q1_dimmest,282,7560,3177,0.52183,0.47595,0.58202,0.40258
D_blurpool_s2,D_blurpool,10,20,Q2,42,6756,2369,0.80875,0.81278,0.78799,0.83917
D_blurpool_s2,D_blurpool,10,20,Q3,5,6741,2035,0.90712,0.95989,0.93623,0.98477
D_blurpool_s2,D_blurpool,10,20,Q4_clearest,0,6099,1556,0.95842,0.99566,0.99136,1.0
D_blurpool_s2,D_blurpool,11,0,Q1_dimmest,324,6386,2930,0.45293,0.37698,0.47789,0.31126
D_blurpool_s2,D_blurpool,11,0,Q2,75,5601,2186,0.75931,0.724,0.69446,0.75618
D_blurpool_s2,D_blurpool,11,0,Q3,13,6593,2129,0.86854,0.91225,0.87012,0.95867
D_blurpool_s2,D_blurpool,11,0,Q4_clearest,2,10959,3211,0.94089,0.98112,0.96673,0.99595
D_blurpool_s2,D_blurpool,11,20,Q1_dimmest,298,6386,2930,0.45006,0.36949,0.49561,0.29454
D_blurpool_s2,D_blurpool,11,20,Q2,64,5601,2186,0.76052,0.72476,0.70831,0.74199
D_blurpool_s2,D_blurpool,11,20,Q3,13,6593,2129,0.86998,0.91583,0.87904,0.95585
D_blurpool_s2,D_blurpool,11,20,Q4_clearest,2,10959,3211,0.94096,0.98143,0.96761,0.99564
D_blurpool_s2,D_blurpool,12,0,Q1_dimmest,244,6741,2151,0.53372,0.52294,0.6128,0.45607
D_blurpool_s2,D_blurpool,12,0,Q2,81,7686,2661,0.80061,0.81485,0.78663,0.84517
D_blurpool_s2,D_blurpool,12,0,Q3,7,7976,2374,0.8991,0.95304,0.92924,0.9781
D_blurpool_s2,D_blurpool,12,0,Q4_clearest,0,6087,1526,0.95962,0.99459,0.98925,1.0
D_blurpool_s2,D_blurpool,12,20,Q1_dimmest,222,6741,2151,0.5333,0.52365,0.64503,0.44073
D_blurpool_s2,D_blurpool,12,20,Q2,78,7686,2661,0.80181,0.81741,0.80471,0.83051
D_blurpool_s2,D_blurpool,12,20,Q3,7,7976,2374,0.90046,0.95659,0.9364,0.97767
D_blurpool_s2,D_blurpool,12,20,Q4_clearest,0,6087,1526,0.95962,0.99459,0.98925,1.0
D_blurpool_s2,D_blurpool,13,0,Q1_dimmest,324,8947,3161,0.50366,0.46365,0.54286,0.40462
D_blurpool_s2,D_blurpool,13,0,Q2,83,7970,2798,0.80115,0.78981,0.76847,0.81237
D_blurpool_s2,D_blurpool,13,0,Q3,8,7295,2120,0.91341,0.95139,0.93586,0.96745
D_blurpool_s2,D_blurpool,13,0,Q4_clearest,0,8047,2107,0.97781,0.99737,0.99476,1.0
D_blurpool_s2,D_blurpool,13,20,Q1_dimmest,282,8947,3161,0.49796,0.4521,0.55946,0.37931
D_blurpool_s2,D_blurpool,13,20,Q2,80,7970,2798,0.80084,0.78846,0.78565,0.79128
D_blurpool_s2,D_blurpool,13,20,Q3,6,7295,2120,0.91403,0.95329,0.94222,0.96462
D_blurpool_s2,D_blurpool,13,20,Q4_clearest,0,8047,2107,0.97781,0.99737,0.99476,1.0
D_blurpool_s2,D_blurpool,14,0,Q1_dimmest,218,4886,1623,0.49237,0.46861,0.45019,0.4886
D_blurpool_s2,D_blurpool,14,0,Q2,75,6453,2243,0.76269,0.76362,0.70063,0.83905
D_blurpool_s2,D_blurpool,14,0,Q3,6,8104,2470,0.88448,0.92799,0.87687,0.98543
D_blurpool_s2,D_blurpool,14,0,Q4_clearest,0,7234,2022,0.95363,0.99293,0.98643,0.99951
D_blurpool_s2,D_blurpool,14,20,Q1_dimmest,207,4886,1623,0.50134,0.48881,0.50133,0.47689
D_blurpool_s2,D_blurpool,14,20,Q2,72,6453,2243,0.76444,0.76887,0.71569,0.83058
D_blurpool_s2,D_blurpool,14,20,Q3,6,8104,2470,0.88594,0.93262,0.88552,0.98502
D_blurpool_s2,D_blurpool,14,20,Q4_clearest,0,7234,2022,0.95363,0.99293,0.98643,0.99951
D_blurpool_s2,D_blurpool,15,0,Q1_dimmest,190,4357,1638,0.46441,0.46875,0.42784,0.51832
D_blurpool_s2,D_blurpool,15,0,Q2,49,5141,1751,0.70266,0.72624,0.61989,0.87664
D_blurpool_s2,D_blurpool,15,0,Q3,4,6066,1760,0.82754,0.88938,0.80598,0.99205
D_blurpool_s2,D_blurpool,15,0,Q4_clearest,3,8050,2502,0.93138,0.97748,0.95816,0.9976
D_blurpool_s2,D_blurpool,15,20,Q1_dimmest,181,4357,1638,0.47448,0.49087,0.47871,0.50366
D_blurpool_s2,D_blurpool,15,20,Q2,49,5141,1751,0.70967,0.74398,0.64869,0.87207
D_blurpool_s2,D_blurpool,15,20,Q3,4,6066,1760,0.83354,0.90829,0.83758,0.99205
D_blurpool_s2,D_blurpool,15,20,Q4_clearest,3,8050,2502,0.93203,0.97942,0.96188,0.9976
D_blurpool_s2,D_blurpool,16,0,Q1_dimmest,295,6445,1959,0.52459,0.53881,0.68124,0.44564
D_blurpool_s2,D_blurpool,16,0,Q2,101,6977,2256,0.8126,0.84401,0.86548,0.82358
D_blurpool_s2,D_blurpool,16,0,Q3,9,7630,2131,0.89101,0.95205,0.9233,0.98264
D_blurpool_s2,D_blurpool,16,0,Q4_clearest,1,8739,2466,0.93789,0.98437,0.96999,0.99919
D_blurpool_s2,D_blurpool,16,20,Q1_dimmest,272,6445,1959,0.52769,0.5522,0.75302,0.43594
D_blurpool_s2,D_blurpool,16,20,Q2,98,6977,2256,0.81271,0.84538,0.88259,0.81117
D_blurpool_s2,D_blurpool,16,20,Q3,9,7630,2131,0.89226,0.95556,0.93205,0.98029
D_blurpool_s2,D_blurpool,16,20,Q4_clearest,1,8739,2466,0.93794,0.98457,0.97038,0.99919
D_blurpool_s2,D_blurpool,17,0,Q1_dimmest,290,7862,2585,0.52472,0.52913,0.68233,0.43211
D_blurpool_s2,D_blurpool,17,0,Q2,65,7104,2140,0.82109,0.85225,0.85122,0.85327
D_blurpool_s2,D_blurpool,17,0,Q3,11,7222,1826,0.90574,0.97475,0.96928,0.98028
D_blurpool_s2,D_blurpool,17,0,Q4_clearest,0,5664,1433,0.93112,0.99086,0.98392,0.99791
D_blurpool_s2,D_blurpool,17,20,Q1_dimmest,263,7862,2585,0.52421,0.53334,0.73842,0.41741
D_blurpool_s2,D_blurpool,17,20,Q2,61,7104,2140,0.82523,0.86421,0.88549,0.84393
D_blurpool_s2,D_blurpool,17,20,Q3,11,7222,1826,0.90726,0.97954,0.9788,0.98028
D_blurpool_s2,D_blurpool,17,20,Q4_clearest,0,5664,1433,0.93158,0.99296,0.98806,0.99791
D_blurpool_s2,D_blurpool,18,0,Q1_dimmest,231,4966,1759,0.56999,0.56557,0.63657,0.50881
D_blurpool_s2,D_blurpool,18,0,Q2,71,6044,1968,0.79425,0.83959,0.82502,0.85467
D_blurpool_s2,D_blurpool,18,0,Q3,9,7429,2081,0.85435,0.95377,0.92692,0.98222
D_blurpool_s2,D_blurpool,18,0,Q4_clearest,1,7705,1851,0.90216,0.99195,0.98508,0.99892
D_blurpool_s2,D_blurpool,18,20,Q1_dimmest,219,4966,1759,0.57027,0.57139,0.67963,0.49289
D_blurpool_s2,D_blurpool,18,20,Q2,64,6044,1968,0.79512,0.84219,0.83887,0.84553
D_blurpool_s2,D_blurpool,18,20,Q3,8,7429,2081,0.8564,0.9623,0.94407,0.98126
D_blurpool_s2,D_blurpool,18,20,Q4_clearest,1,7705,1851,0.90248,0.99324,0.98762,0.99892
D_blurpool_s2,D_blurpool,19,0,Q1_dimmest,168,3731,1722,0.61218,0.62353,0.64641,0.60221
D_blurpool_s2,D_blurpool,19,0,Q2,45,6957,2067,0.76965,0.81619,0.73486,0.91776
D_blurpool_s2,D_blurpool,19,0,Q3,2,8771,2610,0.88658,0.95536,0.92104,0.99234
D_blurpool_s2,D_blurpool,19,0,Q4_clearest,1,7909,2077,0.9637,0.99169,0.98446,0.99904
D_blurpool_s2,D_blurpool,19,20,Q1_dimmest,157,3731,1722,0.61512,0.6324,0.68134,0.59001
D_blurpool_s2,D_blurpool,19,20,Q2,45,6957,2067,0.77909,0.84549,0.78733,0.91292
D_blurpool_s2,D_blurpool,19,20,Q3,2,8771,2610,0.88849,0.96072,0.9314,0.99195
D_blurpool_s2,D_blurpool,19,20,Q4_clearest,1,7909,2077,0.96382,0.99218,0.98542,0.99904
D_blurpool_s2,D_blurpool,20,0,Q1_dimmest,214,5411,1924,0.58174,0.56058,0.54701,0.57484
D_blurpool_s2,D_blurpool,20,0,Q2,47,7210,2225,0.78717,0.83344,0.76457,0.91596
D_blurpool_s2,D_blurpool,20,0,Q3,3,6951,2027,0.8621,0.93566,0.88609,0.99112
D_blurpool_s2,D_blurpool,20,0,Q4_clearest,0,4693,1197,0.94006,0.98343,0.97054,0.99666
D_blurpool_s2,D_blurpool,20,20,Q1_dimmest,197,5411,1924,0.58535,0.57044,0.58265,0.55873
D_blurpool_s2,D_blurpool,20,20,Q2,45,7210,2225,0.78982,0.84103,0.78436,0.90652
D_blurpool_s2,D_blurpool,20,20,Q3,3,6951,2027,0.86628,0.94842,0.91007,0.99013
D_blurpool_s2,D_blurpool,20,20,Q4_clearest,1,4693,1197,0.94103,0.98528,0.97576,0.99499
