run,config,image,min_size,band,breaks,gt_px,skel_px,dice,cldice,tprec,tsens
A_dice_s0,A_dice,01,0,Q1_dimmest,211,4597,1791,0.56271,0.55995,0.56674,0.55332
A_dice_s0,A_dice,01,0,Q2,55,6946,2500,0.7897,0.83574,0.79055,0.8864
A_dice_s0,A_dice,01,0,Q3,9,8473,2538,0.86587,0.95308,0.93378,0.97321
A_dice_s0,A_dice,01,0,Q4_clearest,0,9424,2483,0.92649,0.98952,0.9808,0.99839
A_dice_s0,A_dice,01,20,Q1_dimmest,176,4597,1791,0.55997,0.56079,0.60424,0.52317
A_dice_s0,A_dice,01,20,Q2,48,6946,2500,0.78761,0.83218,0.79886,0.8684
A_dice_s0,A_dice,01,20,Q3,9,8473,2538,0.866,0.95427,0.9401,0.96887
A_dice_s0,A_dice,01,20,Q4_clearest,0,9424,2483,0.92658,0.98992,0.98159,0.99839
A_dice_s0,A_dice,02,0,Q1_dimmest,227,5691,1790,0.50881,0.47522,0.49237,0.45922
A_dice_s0,A_dice,02,0,Q2,48,6606,1861,0.80305,0.78451,0.72443,0.85545
A_dice_s0,A_dice,02,0,Q3,4,8662,2260,0.90231,0.95016,0.91507,0.98805
A_dice_s0,A_dice,02,0,Q4_clearest,0,12831,3378,0.96212,0.99317,0.98643,1.0
A_dice_s0,A_dice,02,20,Q1_dimmest,209,5691,1790,0.50833,0.47105,0.51026,0.43743
A_dice_s0,A_dice,02,20,Q2,45,6606,1861,0.80316,0.78627,0.74161,0.83665
A_dice_s0,A_dice,02,20,Q3,3,8662,2260,0.90402,0.95629,0.9269,0.98761
A_dice_s0,A_dice,02,20,Q4_clearest,0,12831,3378,0.96212,0.99317,0.98643,1.0
A_dice_s0,A_dice,03,0,Q1_dimmest,278,10358,3377,0.49635,0.49457,0.5519,0.44803
A_dice_s0,A_dice,03,0,Q2,33,9353,2708,0.82959,0.8495,0.82171,0.87925
A_dice_s0,A_dice,03,0,Q3,4,8095,2089,0.9388,0.97066,0.9672,0.97415
A_dice_s0,A_dice,03,0,Q4_clearest,0,5087,1047,0.98698,0.99907,0.9991,0.99904
A_dice_s0,A_dice,03,20,Q1_dimmest,243,10358,3377,0.49411,0.49046,0.58211,0.42375
A_dice_s0,A_dice,03,20,Q2,31,9353,2708,0.82921,0.84977,0.82911,0.87149
A_dice_s0,A_dice,03,20,Q3,3,8095,2089,0.93879,0.9727,0.97125,0.97415
A_dice_s0,A_dice,03,20,Q4_clearest,0,5087,1047,0.98698,0.99907,0.9991,0.99904
A_dice_s0,A_dice,04,0,Q1_dimmest,234,7750,3035,0.50468,0.46131,0.5879,0.37957
A_dice_s0,A_dice,04,0,Q2,33,6017,1865,0.80996,0.82318,0.775,0.87775
A_dice_s0,A_dice,04,0,Q3,1,6293,1680,0.91624,0.95668,0.92615,0.98929
A_dice_s0,A_dice,04,0,Q4_clearest,3,10294,2346,0.97176,0.99262,0.98702,0.99829
A_dice_s0,A_dice,04,20,Q1_dimmest,206,7750,3035,0.50388,0.46122,0.62324,0.36606
A_dice_s0,A_dice,04,20,Q2,31,6017,1865,0.80884,0.82113,0.78919,0.85576
A_dice_s0,A_dice,04,20,Q3,1,6293,1680,0.91621,0.95665,0.92662,0.98869
A_dice_s0,A_dice,04,20,Q4_clearest,3,10294,2346,0.97208,0.99409,0.98992,0.99829
A_dice_s0,A_dice,05,0,Q1_dimmest,309,9685,3539,0.48325,0.42701,0.58918,0.33484
A_dice_s0,A_dice,05,0,Q2,24,7440,2198,0.85319,0.86117,0.84239,0.8808
A_dice_s0,A_dice,05,0,Q3,4,7606,2186,0.93674,0.98343,0.977,0.98994
A_dice_s0,A_dice,05,0,Q4_clearest,0,6179,1663,0.9747,0.99647,0.99474,0.9982
A_dice_s0,A_dice,05,20,Q1_dimmest,269,9685,3539,0.4797,0.41918,0.62059,0.31647
A_dice_s0,A_dice,05,20,Q2,23,7440,2198,0.85239,0.86082,0.85635,0.86533
A_dice_s0,A_dice,05,20,Q3,4,7606,2186,0.93665,0.98343,0.97834,0.98856
A_dice_s0,A_dice,05,20,Q4_clearest,0,6179,1663,0.9747,0.99647,0.99474,0.9982
A_dice_s0,A_dice,06,0,Q1_dimmest,356,10790,3981,0.48106,0.46402,0.66201,0.3572
A_dice_s0,A_dice,06,0,Q2,42,7933,2378,0.83885,0.8361,0.84921,0.82338
A_dice_s0,A_dice,06,0,Q3,2,7891,2229,0.9512,0.9855,0.97741,0.99372
A_dice_s0,A_dice,06,0,Q4_clearest,0,5502,1401,0.98019,0.99893,0.99787,1.0
A_dice_s0,A_dice,06,20,Q1_dimmest,307,10790,3981,0.47693,0.4565,0.69924,0.33886
A_dice_s0,A_dice,06,20,Q2,37,7933,2378,0.83714,0.83099,0.86368,0.80067
A_dice_s0,A_dice,06,20,Q3,1,7891,2229,0.95165,0.98655,0.98079,0.99237
A_dice_s0,A_dice,06,20,Q4_clearest,0,5502,1401,0.98019,0.99893,0.99787,1.0
A_dice_s0,A_dice,07,0,Q1_dimmest,245,8316,2808,0.47754,0.44716,0.59181,0.35933
A_dice_s0,A_dice,07,0,Q2,41,7149,2172,0.81719,0.80843,0.8016,0.81538
A_dice_s0,A_dice,07,0,Q3,7,7254,1955,0.91989,0.95885,0.94425,0.97391
A_dice_s0,A_dice,07,0,Q4_clearest,0,7433,2033,0.9694,0.99557,0.99361,0.99754
A_dice_s0,A_dice,07,20,Q1_dimmest,217,8316,2808,0.47742,0.44465,0.63453,0.34224
A_dice_s0,A_dice,07,20,Q2,34,7149,2172,0.81745,0.81207,0.82091,0.80341
A_dice_s0,A_dice,07,20,Q3,7,7254,1955,0.92116,0.96181,0.95147,0.97238
A_dice_s0,A_dice,07,20,Q4_clearest,0,7433,2033,0.96933,0.99557,0.99361,0.99754
A_dice_s0,A_dice,08,0,Q1_dimmest,297,9976,3245,0.51136,0.4846,0.60956,0.40216
A_dice_s0,A_dice,08,0,Q2,29,8461,2479,0.84687,0.84428,0.81084,0.8806
A_dice_s0,A_dice,08,0,Q3,3,6640,1970,0.93375,0.96918,0.95743,0.98122
A_dice_s0,A_dice,08,0,Q4_clearest,1,3312,891,0.97516,0.99326,0.99439,0.99214
A_dice_s0,A_dice,08,20,Q1_dimmest,257,9976,3245,0.51095,0.48432,0.65746,0.38336
A_dice_s0,A_dice,08,20,Q2,28,8461,2479,0.84658,0.84381,0.8223,0.86648
A_dice_s0,A_dice,08,20,Q3,3,6640,1970,0.93556,0.97381,0.96652,0.98122
A_dice_s0,A_dice,08,20,Q4_clearest,1,3312,891,0.97516,0.99326,0.99439,0.99214
A_dice_s0,A_dice,09,0,Q1_dimmest,281,9368,3406,0.5304,0.53909,0.66554,0.45302
A_dice_s0,A_dice,09,0,Q2,33,7639,2383,0.85327,0.87946,0.84709,0.91439
A_dice_s0,A_dice,09,0,Q3,3,6249,1936,0.93283,0.97576,0.96716,0.9845
A_dice_s0,A_dice,09,0,Q4_clearest,1,3485,1001,0.96977,0.98484,0.99695,0.97303
A_dice_s0,A_dice,09,20,Q1_dimmest,248,9368,3406,0.52702,0.53138,0.68524,0.43394
A_dice_s0,A_dice,09,20,Q2,30,7639,2383,0.85205,0.87584,0.84909,0.90432
A_dice_s0,A_dice,09,20,Q3,3,6249,1936,0.93266,0.97599,0.96762,0.9845
A_dice_s0,A_dice,09,20,Q4_clearest,1,3485,1001,0.96963,0.98484,0.99695,0.97303
A_dice_s0,A_dice,10,0,Q1_dimmest,296,7560,3177,0.5242,0.49696,0.55092,0.45263
A_dice_s0,A_dice,10,0,Q2,38,6756,2369,0.81923,0.81467,0.7564,0.88265
A_dice_s0,A_dice,10,0,Q3,2,6741,2035,0.91105,0.96133,0.93066,0.9941
A_dice_s0,A_dice,10,0,Q4_clearest,0,6099,1556,0.95671,0.99236,0.98484,1.0
A_dice_s0,A_dice,10,20,Q1_dimmest,276,7560,3177,0.52634,0.5021,0.5759,0.44507
A_dice_s0,A_dice,10,20,Q2,35,6756,2369,0.81812,0.81083,0.75952,0.86957
A_dice_s0,A_dice,10,20,Q3,1,6741,2035,0.91263,0.96607,0.94223,0.99115
A_dice_s0,A_dice,10,20,Q4_clearest,0,6099,1556,0.95731,0.99467,0.9894,1.0
A_dice_s0,A_dice,11,0,Q1_dimmest,320,6386,2930,0.48199,0.41911,0.53945,0.34266
A_dice_s0,A_dice,11,0,Q2,50,5601,2186,0.78367,0.75083,0.72107,0.78317
A_dice_s0,A_dice,11,0,Q3,10,6593,2129,0.86856,0.9056,0.85885,0.95773
A_dice_s0,A_dice,11,0,Q4_clearest,3,10959,3211,0.93824,0.98063,0.9646,0.9972
A_dice_s0,A_dice,11,20,Q1_dimmest,277,6386,2930,0.47246,0.39769,0.56045,0.30819
A_dice_s0,A_dice,11,20,Q2,43,5601,2186,0.78375,0.75066,0.73655,0.76532
A_dice_s0,A_dice,11,20,Q3,9,6593,2129,0.87004,0.90992,0.86782,0.95632
A_dice_s0,A_dice,11,20,Q4_clearest,3,10959,3211,0.9388,0.98235,0.96793,0.9972
A_dice_s0,A_dice,12,0,Q1_dimmest,214,6741,2151,0.54843,0.5634,0.61965,0.5165
A_dice_s0,A_dice,12,0,Q2,52,7686,2661,0.81587,0.83546,0.80682,0.86622
A_dice_s0,A_dice,12,0,Q3,5,7976,2374,0.90064,0.95432,0.9313,0.97852
A_dice_s0,A_dice,12,0,Q4_clearest,1,6087,1526,0.95808,0.99327,0.9892,0.99738
A_dice_s0,A_dice,12,20,Q1_dimmest,187,6741,2151,0.54588,0.56245,0.64937,0.49605
A_dice_s0,A_dice,12,20,Q2,43,7686,2661,0.81653,0.83946,0.82594,0.85344
A_dice_s0,A_dice,12,20,Q3,5,7976,2374,0.90042,0.95335,0.93328,0.9743
A_dice_s0,A_dice,12,20,Q4_clearest,1,6087,1526,0.958,0.99294,0.98919,0.99672
A_dice_s0,A_dice,13,0,Q1_dimmest,283,8947,3161,0.54684,0.50456,0.59882,0.43594
A_dice_s0,A_dice,13,0,Q2,64,7970,2798,0.81677,0.80334,0.76954,0.84024
A_dice_s0,A_dice,13,0,Q3,6,7295,2120,0.91749,0.95384,0.93359,0.975
A_dice_s0,A_dice,13,0,Q4_clearest,0,8047,2107,0.97575,0.99742,0.99485,1.0
A_dice_s0,A_dice,13,20,Q1_dimmest,244,8947,3161,0.54268,0.49322,0.6167,0.41095
A_dice_s0,A_dice,13,20,Q2,53,7970,2798,0.81636,0.8032,0.79018,0.81665
A_dice_s0,A_dice,13,20,Q3,5,7295,2120,0.91806,0.95658,0.94104,0.97264
A_dice_s0,A_dice,13,20,Q4_clearest,0,8047,2107,0.97575,0.99742,0.99485,1.0
A_dice_s0,A_dice,14,0,Q1_dimmest,211,4886,1623,0.5181,0.49415,0.46154,0.53173
A_dice_s0,A_dice,14,0,Q2,52,6453,2243,0.79562,0.78097,0.69446,0.89211
A_dice_s0,A_dice,14,0,Q3,1,8104,2470,0.88638,0.93864,0.88789,0.99555
A_dice_s0,A_dice,14,0,Q4_clearest,0,7234,2022,0.94863,0.99307,0.98624,1.0
A_dice_s0,A_dice,14,20,Q1_dimmest,191,4886,1623,0.5231,0.50511,0.4978,0.51263
A_dice_s0,A_dice,14,20,Q2,50,6453,2243,0.79699,0.78486,0.70939,0.87829
A_dice_s0,A_dice,14,20,Q3,1,8104,2470,0.88763,0.9431,0.89623,0.99514
A_dice_s0,A_dice,14,20,Q4_clearest,0,7234,2022,0.94863,0.99307,0.98624,1.0
A_dice_s0,A_dice,15,0,Q1_dimmest,154,4357,1638,0.52227,0.50797,0.44068,0.59951
A_dice_s0,A_dice,15,0,Q2,23,5141,1751,0.74528,0.74278,0.62071,0.92461
A_dice_s0,A_dice,15,0,Q3,1,6066,1760,0.82897,0.88435,0.79447,0.99716
A_dice_s0,A_dice,15,0,Q4_clearest,0,8050,2502,0.92917,0.97684,0.95472,1.0
A_dice_s0,A_dice,15,20,Q1_dimmest,141,4357,1638,0.53322,0.53718,0.49713,0.58425
A_dice_s0,A_dice,15,20,Q2,21,5141,1751,0.75535,0.76848,0.66126,0.91719
A_dice_s0,A_dice,15,20,Q3,1,6066,1760,0.83376,0.89767,0.81624,0.99716
A_dice_s0,A_dice,15,20,Q4_clearest,0,8050,2502,0.92965,0.9778,0.95657,1.0
A_dice_s0,A_dice,16,0,Q1_dimmest,256,6445,1959,0.57892,0.61284,0.71272,0.53752
A_dice_s0,A_dice,16,0,Q2,38,6977,2256,0.84652,0.88622,0.88458,0.88785
A_dice_s0,A_dice,16,0,Q3,1,7630,2131,0.89415,0.96015,0.93025,0.99202
A_dice_s0,A_dice,16,0,Q4_clearest,1,8739,2466,0.93668,0.98466,0.97171,0.99797
A_dice_s0,A_dice,16,20,Q1_dimmest,233,6445,1959,0.57892,0.62317,0.77032,0.52323
A_dice_s0,A_dice,16,20,Q2,35,6977,2256,0.84931,0.89283,0.90996,0.87633
A_dice_s0,A_dice,16,20,Q3,1,7630,2131,0.89662,0.96839,0.94671,0.99108
A_dice_s0,A_dice,16,20,Q4_clearest,1,8739,2466,0.93734,0.98628,0.97486,0.99797
A_dice_s0,A_dice,17,0,Q1_dimmest,252,7862,2585,0.57483,0.59388,0.73075,0.50019
A_dice_s0,A_dice,17,0,Q2,45,7104,2140,0.84293,0.87759,0.87483,0.88037
A_dice_s0,A_dice,17,0,Q3,3,7222,1826,0.90473,0.9757,0.96584,0.98576
A_dice_s0,A_dice,17,0,Q4_clearest,1,5664,1433,0.92533,0.98948,0.98459,0.99442
A_dice_s0,A_dice,17,20,Q1_dimmest,230,7862,2585,0.57492,0.59565,0.76279,0.48859
A_dice_s0,A_dice,17,20,Q2,39,7104,2140,0.84445,0.88563,0.89727,0.8743
A_dice_s0,A_dice,17,20,Q3,2,7222,1826,0.90491,0.97641,0.96936,0.98357
A_dice_s0,A_dice,17,20,Q4_clearest,1,5664,1433,0.92521,0.98947,0.98595,0.99302
A_dice_s0,A_dice,18,0,Q1_dimmest,180,4966,1759,0.6132,0.62393,0.69992,0.56282
A_dice_s0,A_dice,18,0,Q2,38,6044,1968,0.82079,0.88346,0.86904,0.89837
A_dice_s0,A_dice,18,0,Q3,2,7429,2081,0.85709,0.96388,0.93661,0.99279
A_dice_s0,A_dice,18,0,Q4_clearest,0,7705,1851,0.8913,0.98801,0.97786,0.99838
A_dice_s0,A_dice,18,20,Q1_dimmest,168,4966,1759,0.61772,0.6366,0.74555,0.55543
A_dice_s0,A_dice,18,20,Q2,38,6044,1968,0.82216,0.88907,0.88791,0.89024
A_dice_s0,A_dice,18,20,Q3,2,7429,2081,0.85919,0.97136,0.95217,0.99135
A_dice_s0,A_dice,18,20,Q4_clearest,0,7705,1851,0.89181,0.9893,0.98038,0.99838
A_dice_s0,A_dice,19,0,Q1_dimmest,136,3731,1722,0.64641,0.66428,0.66305,0.66551
A_dice_s0,A_dice,19,0,Q2,23,6957,2067,0.79281,0.8402,0.75184,0.9521
A_dice_s0,A_dice,19,0,Q3,1,8771,2610,0.88731,0.95264,0.91534,0.9931
A_dice_s0,A_dice,19,0,Q4_clearest,0,7909,2077,0.95948,0.99634,0.99271,1.0
A_dice_s0,A_dice,19,20,Q1_dimmest,129,3731,1722,0.6509,0.67601,0.69638,0.65679
A_dice_s0,A_dice,19,20,Q2,22,6957,2067,0.79774,0.85572,0.77867,0.94969
A_dice_s0,A_dice,19,20,Q3,1,8771,2610,0.88899,0.95813,0.92553,0.9931
A_dice_s0,A_dice,19,20,Q4_clearest,0,7909,2077,0.95948,0.99634,0.99271,1.0
A_dice_s0,A_dice,20,0,Q1_dimmest,203,5411,1924,0.6245,0.63783,0.61702,0.66008
A_dice_s0,A_dice,20,0,Q2,22,7210,2225,0.80856,0.85042,0.77414,0.94337
A_dice_s0,A_dice,20,0,Q3,2,6951,2027,0.86683,0.94353,0.90275,0.98816
A_dice_s0,A_dice,20,0,Q4_clearest,0,4693,1197,0.9362,0.97781,0.95659,1.0
A_dice_s0,A_dice,20,20,Q1_dimmest,191,5411,1924,0.62867,0.65048,0.65444,0.64657
A_dice_s0,A_dice,20,20,Q2,19,7210,2225,0.81377,0.86645,0.80571,0.93708
A_dice_s0,A_dice,20,20,Q3,2,6951,2027,0.86867,0.94947,0.91369,0.98816
A_dice_s0,A_dice,20,20,Q4_clearest,0,4693,1197,0.93685,0.98063,0.962,1.0
A_dice_s1,A_dice,01,0,Q1_dimmest,190,4597,1791,0.57031,0.56924,0.56085,0.57789
A_dice_s1,A_dice,01,0,Q2,46,6946,2500,0.7863,0.82817,0.76725,0.8996
A_dice_s1,A_dice,01,0,Q3,11,8473,2538,0.86258,0.95348,0.93237,0.97557
A_dice_s1,A_dice,01,0,Q4_clearest,1,9424,2483,0.92641,0.98685,0.97597,0.99799
A_dice_s1,A_dice,01,20,Q1_dimmest,184,4597,1791,0.5768,0.58653,0.59903,0.57454
A_dice_s1,A_dice,01,20,Q2,43,6946,2500,0.78694,0.83099,0.77749,0.8924
A_dice_s1,A_dice,01,20,Q3,10,8473,2538,0.86419,0.95849,0.94348,0.974
A_dice_s1,A_dice,01,20,Q4_clearest,1,9424,2483,0.92641,0.98685,0.97597,0.99799
A_dice_s1,A_dice,02,0,Q1_dimmest,230,5691,1790,0.50695,0.49127,0.48981,0.49274
A_dice_s1,A_dice,02,0,Q2,34,6606,1861,0.80326,0.79596,0.73471,0.86835
A_dice_s1,A_dice,02,0,Q3,3,8662,2260,0.90247,0.94982,0.91368,0.98894
A_dice_s1,A_dice,02,0,Q4_clearest,0,12831,3378,0.96215,0.99347,0.98702,1.0
A_dice_s1,A_dice,02,20,Q1_dimmest,208,5691,1790,0.50523,0.48914,0.51344,0.46704
A_dice_s1,A_dice,02,20,Q2,30,6606,1861,0.8024,0.79404,0.74125,0.85492
A_dice_s1,A_dice,02,20,Q3,1,8662,2260,0.90401,0.95453,0.92244,0.98894
A_dice_s1,A_dice,02,20,Q4_clearest,0,12831,3378,0.96218,0.99361,0.98731,1.0
A_dice_s1,A_dice,03,0,Q1_dimmest,276,10358,3377,0.514,0.48719,0.55504,0.43411
A_dice_s1,A_dice,03,0,Q2,37,9353,2708,0.83437,0.85038,0.82464,0.87777
A_dice_s1,A_dice,03,0,Q3,3,8095,2089,0.93848,0.97216,0.96362,0.98085
A_dice_s1,A_dice,03,0,Q4_clearest,0,5087,1047,0.98844,0.99956,0.99912,1.0
A_dice_s1,A_dice,03,20,Q1_dimmest,250,10358,3377,0.5131,0.48624,0.58491,0.41605
A_dice_s1,A_dice,03,20,Q2,32,9353,2708,0.83404,0.84961,0.83421,0.86558
A_dice_s1,A_dice,03,20,Q3,3,8095,2089,0.9392,0.97422,0.96768,0.98085
A_dice_s1,A_dice,03,20,Q4_clearest,0,5087,1047,0.98844,0.99956,0.99912,1.0
A_dice_s1,A_dice,04,0,Q1_dimmest,231,7750,3035,0.51426,0.47017,0.6009,0.38616
A_dice_s1,A_dice,04,0,Q2,36,6017,1865,0.81321,0.83063,0.79006,0.8756
A_dice_s1,A_dice,04,0,Q3,1,6293,1680,0.91612,0.96105,0.94139,0.98155
A_dice_s1,A_dice,04,0,Q4_clearest,0,10294,2346,0.97219,0.99143,0.98342,0.99957
A_dice_s1,A_dice,04,20,Q1_dimmest,204,7750,3035,0.51166,0.46472,0.62459,0.37002
A_dice_s1,A_dice,04,20,Q2,33,6017,1865,0.81166,0.82709,0.80121,0.85469
A_dice_s1,A_dice,04,20,Q3,1,6293,1680,0.91563,0.95924,0.94175,0.97738
A_dice_s1,A_dice,04,20,Q4_clearest,0,10294,2346,0.97246,0.99185,0.98424,0.99957
A_dice_s1,A_dice,05,0,Q1_dimmest,281,9685,3539,0.49307,0.43624,0.57106,0.35292
A_dice_s1,A_dice,05,0,Q2,25,7440,2198,0.85541,0.85331,0.8291,0.87898
A_dice_s1,A_dice,05,0,Q3,1,7606,2186,0.93741,0.98089,0.96851,0.9936
A_dice_s1,A_dice,05,0,Q4_clearest,0,6179,1663,0.97458,0.99764,0.99708,0.9982
A_dice_s1,A_dice,05,20,Q1_dimmest,250,9685,3539,0.48687,0.42272,0.5799,0.33258
A_dice_s1,A_dice,05,20,Q2,21,7440,2198,0.85523,0.85317,0.83878,0.86806
A_dice_s1,A_dice,05,20,Q3,1,7606,2186,0.93738,0.98088,0.97023,0.99177
A_dice_s1,A_dice,05,20,Q4_clearest,0,6179,1663,0.97458,0.99764,0.99708,0.9982
A_dice_s1,A_dice,06,0,Q1_dimmest,336,10790,3981,0.4962,0.48367,0.63561,0.39035
A_dice_s1,A_dice,06,0,Q2,29,7933,2378,0.84446,0.83449,0.83807,0.83095
A_dice_s1,A_dice,06,0,Q3,4,7891,2229,0.94902,0.98526,0.97695,0.99372
A_dice_s1,A_dice,06,0,Q4_clearest,0,5502,1401,0.98073,0.99861,0.99722,1.0
A_dice_s1,A_dice,06,20,Q1_dimmest,287,10790,3981,0.48869,0.47095,0.66527,0.36448
A_dice_s1,A_dice,06,20,Q2,26,7933,2378,0.84358,0.83117,0.84758,0.81539
A_dice_s1,A_dice,06,20,Q3,2,7891,2229,0.94905,0.98502,0.9782,0.99192
A_dice_s1,A_dice,06,20,Q4_clearest,0,5502,1401,0.98073,0.99861,0.99722,1.0
A_dice_s1,A_dice,07,0,Q1_dimmest,214,8316,2808,0.48487,0.46844,0.60784,0.38105
A_dice_s1,A_dice,07,0,Q2,37,7149,2172,0.81824,0.81393,0.79752,0.83103
A_dice_s1,A_dice,07,0,Q3,6,7254,1955,0.92254,0.96386,0.94581,0.98261
A_dice_s1,A_dice,07,0,Q4_clearest,0,7433,2033,0.96957,0.99484,0.99118,0.99852
A_dice_s1,A_dice,07,20,Q1_dimmest,201,8316,2808,0.48582,0.46837,0.63794,0.37001
A_dice_s1,A_dice,07,20,Q2,31,7149,2172,0.8207,0.82135,0.82089,0.82182
A_dice_s1,A_dice,07,20,Q3,4,7254,1955,0.9232,0.96504,0.94904,0.98159
A_dice_s1,A_dice,07,20,Q4_clearest,0,7433,2033,0.96957,0.99484,0.99118,0.99852
A_dice_s1,A_dice,08,0,Q1_dimmest,282,9976,3245,0.53673,0.50404,0.60664,0.43112
A_dice_s1,A_dice,08,0,Q2,25,8461,2479,0.8563,0.85712,0.8288,0.88745
A_dice_s1,A_dice,08,0,Q3,8,6640,1970,0.93216,0.97099,0.96049,0.98173
A_dice_s1,A_dice,08,0,Q4_clearest,1,3312,891,0.97432,0.99393,0.99347,0.99439
A_dice_s1,A_dice,08,20,Q1_dimmest,235,9976,3245,0.53319,0.49838,0.64633,0.40555
A_dice_s1,A_dice,08,20,Q2,23,8461,2479,0.85512,0.85516,0.84184,0.8689
A_dice_s1,A_dice,08,20,Q3,7,6640,1970,0.93233,0.97121,0.9619,0.98071
A_dice_s1,A_dice,08,20,Q4_clearest,1,3312,891,0.97431,0.99337,0.99347,0.99327
A_dice_s1,A_dice,09,0,Q1_dimmest,262,9368,3406,0.55181,0.55507,0.64409,0.48767
A_dice_s1,A_dice,09,0,Q2,33,7639,2383,0.85873,0.87905,0.84418,0.91691
A_dice_s1,A_dice,09,0,Q3,0,6249,1936,0.94138,0.98018,0.96208,0.99897
A_dice_s1,A_dice,09,0,Q4_clearest,1,3485,1001,0.97911,0.99703,0.99806,0.996
A_dice_s1,A_dice,09,20,Q1_dimmest,238,9368,3406,0.55118,0.55718,0.67783,0.47299
A_dice_s1,A_dice,09,20,Q2,31,7639,2383,0.85862,0.88038,0.85172,0.91104
A_dice_s1,A_dice,09,20,Q3,0,6249,1936,0.94174,0.98147,0.96458,0.99897
A_dice_s1,A_dice,09,20,Q4_clearest,1,3485,1001,0.97925,0.99751,0.99903,0.996
A_dice_s1,A_dice,10,0,Q1_dimmest,284,7560,3177,0.5336,0.49649,0.54251,0.45766
A_dice_s1,A_dice,10,0,Q2,27,6756,2369,0.81679,0.81562,0.75836,0.88223
A_dice_s1,A_dice,10,0,Q3,0,6741,2035,0.90768,0.96104,0.93054,0.99361
A_dice_s1,A_dice,10,0,Q4_clearest,0,6099,1556,0.95806,0.9953,0.99064,1.0
A_dice_s1,A_dice,10,20,Q1_dimmest,265,7560,3177,0.53371,0.49825,0.56894,0.44319
A_dice_s1,A_dice,10,20,Q2,27,6756,2369,0.81632,0.81415,0.76213,0.87379
A_dice_s1,A_dice,10,20,Q3,0,6741,2035,0.90877,0.96415,0.93726,0.99263
A_dice_s1,A_dice,10,20,Q4_clearest,0,6099,1556,0.95821,0.99597,0.99197,1.0
A_dice_s1,A_dice,11,0,Q1_dimmest,296,6386,2930,0.48021,0.43776,0.50849,0.3843
A_dice_s1,A_dice,11,0,Q2,49,5601,2186,0.77916,0.75424,0.70245,0.81427
A_dice_s1,A_dice,11,0,Q3,9,6593,2129,0.86781,0.91239,0.86239,0.96853
A_dice_s1,A_dice,11,0,Q4_clearest,0,10959,3211,0.93753,0.98028,0.96219,0.99907
A_dice_s1,A_dice,11,20,Q1_dimmest,270,6386,2930,0.47724,0.43149,0.53152,0.36314
A_dice_s1,A_dice,11,20,Q2,42,5601,2186,0.77902,0.75532,0.71565,0.79963
A_dice_s1,A_dice,11,20,Q3,8,6593,2129,0.86884,0.91504,0.86905,0.96618
A_dice_s1,A_dice,11,20,Q4_clearest,0,10959,3211,0.93757,0.98044,0.96249,0.99907
A_dice_s1,A_dice,12,0,Q1_dimmest,203,6741,2151,0.56908,0.58053,0.60619,0.55695
A_dice_s1,A_dice,12,0,Q2,47,7686,2661,0.82183,0.84486,0.8054,0.88839
A_dice_s1,A_dice,12,0,Q3,3,7976,2374,0.9017,0.95903,0.93379,0.98568
A_dice_s1,A_dice,12,0,Q4_clearest,0,6087,1526,0.95576,0.99372,0.98752,1.0
A_dice_s1,A_dice,12,20,Q1_dimmest,185,6741,2151,0.57004,0.58901,0.64683,0.54068
A_dice_s1,A_dice,12,20,Q2,42,7686,2661,0.82205,0.84537,0.8139,0.87937
A_dice_s1,A_dice,12,20,Q3,3,7976,2374,0.90211,0.95976,0.93669,0.98399
A_dice_s1,A_dice,12,20,Q4_clearest,0,6087,1526,0.95568,0.99371,0.98751,1.0
A_dice_s1,A_dice,13,0,Q1_dimmest,267,8947,3161,0.53806,0.50591,0.56299,0.45935
A_dice_s1,A_dice,13,0,Q2,50,7970,2798,0.81413,0.79057,0.73657,0.85311
A_dice_s1,A_dice,13,0,Q3,4,7295,2120,0.9209,0.95848,0.93858,0.97925
A_dice_s1,A_dice,13,0,Q4_clearest,0,8047,2107,0.97651,0.99811,0.99622,1.0
A_dice_s1,A_dice,13,20,Q1_dimmest,231,8947,3161,0.53406,0.49596,0.5796,0.43341
A_dice_s1,A_dice,13,20,Q2,45,7970,2798,0.81329,0.78796,0.74489,0.83631
A_dice_s1,A_dice,13,20,Q3,4,7295,2120,0.9217,0.96074,0.94379,0.9783
A_dice_s1,A_dice,13,20,Q4_clearest,0,8047,2107,0.97651,0.99811,0.99622,1.0
A_dice_s1,A_dice,14,0,Q1_dimmest,204,4886,1623,0.5008,0.47568,0.44278,0.51386
A_dice_s1,A_dice,14,0,Q2,54,6453,2243,0.78591,0.76414,0.67785,0.87561
A_dice_s1,A_dice,14,0,Q3,4,8104,2470,0.88518,0.93994,0.89283,0.99231
A_dice_s1,A_dice,14,0,Q4_clearest,0,7234,2022,0.94914,0.99336,0.98681,1.0
A_dice_s1,A_dice,14,20,Q1_dimmest,187,4886,1623,0.50781,0.49453,0.49492,0.49415
A_dice_s1,A_dice,14,20,Q2,48,6453,2243,0.78843,0.76969,0.69393,0.86402
A_dice_s1,A_dice,14,20,Q3,4,8104,2470,0.88612,0.94231,0.89777,0.9915
A_dice_s1,A_dice,14,20,Q4_clearest,0,7234,2022,0.94914,0.99336,0.98681,1.0
A_dice_s1,A_dice,15,0,Q1_dimmest,151,4357,1638,0.50536,0.50773,0.47696,0.54274
A_dice_s1,A_dice,15,0,Q2,19,5141,1751,0.7461,0.76769,0.6646,0.90862
A_dice_s1,A_dice,15,0,Q3,0,6066,1760,0.84108,0.92009,0.8545,0.99659
A_dice_s1,A_dice,15,0,Q4_clearest,0,8050,2502,0.92838,0.97801,0.95696,1.0
A_dice_s1,A_dice,15,20,Q1_dimmest,140,4357,1638,0.51122,0.5229,0.51724,0.52869
A_dice_s1,A_dice,15,20,Q2,18,5141,1751,0.74851,0.776,0.6794,0.90463
A_dice_s1,A_dice,15,20,Q3,0,6066,1760,0.84411,0.9265,0.86562,0.99659
A_dice_s1,A_dice,15,20,Q4_clearest,0,8050,2502,0.92956,0.98053,0.96181,1.0
A_dice_s1,A_dice,16,0,Q1_dimmest,235,6445,1959,0.5825,0.6273,0.70812,0.56304
A_dice_s1,A_dice,16,0,Q2,42,6977,2256,0.84485,0.88582,0.87817,0.89362
A_dice_s1,A_dice,16,0,Q3,0,7630,2131,0.89444,0.95538,0.92055,0.99296
A_dice_s1,A_dice,16,0,Q4_clearest,2,8739,2466,0.93238,0.97922,0.96267,0.99635
A_dice_s1,A_dice,16,20,Q1_dimmest,218,6445,1959,0.58347,0.63853,0.75758,0.55181
A_dice_s1,A_dice,16,20,Q2,32,6977,2256,0.84654,0.89185,0.90321,0.88076
A_dice_s1,A_dice,16,20,Q3,0,7630,2131,0.89526,0.95822,0.92746,0.99108
A_dice_s1,A_dice,16,20,Q4_clearest,2,8739,2466,0.93388,0.98419,0.97232,0.99635
A_dice_s1,A_dice,17,0,Q1_dimmest,255,7862,2585,0.58315,0.60493,0.73628,0.51335
A_dice_s1,A_dice,17,0,Q2,37,7104,2140,0.84672,0.88126,0.87296,0.88972
A_dice_s1,A_dice,17,0,Q3,8,7222,1826,0.90911,0.97547,0.96856,0.98248
A_dice_s1,A_dice,17,0,Q4_clearest,1,5664,1433,0.92866,0.99155,0.98596,0.99721
A_dice_s1,A_dice,17,20,Q1_dimmest,227,7862,2585,0.57974,0.6009,0.77927,0.48897
A_dice_s1,A_dice,17,20,Q2,33,7104,2140,0.84771,0.88587,0.89433,0.87757
A_dice_s1,A_dice,17,20,Q3,6,7222,1826,0.90902,0.97517,0.96904,0.98138
A_dice_s1,A_dice,17,20,Q4_clearest,1,5664,1433,0.92836,0.99116,0.98792,0.99442
A_dice_s1,A_dice,18,0,Q1_dimmest,180,4966,1759,0.62528,0.63758,0.66983,0.6083
A_dice_s1,A_dice,18,0,Q2,27,6044,1968,0.8265,0.8912,0.86395,0.92022
A_dice_s1,A_dice,18,0,Q3,2,7429,2081,0.85756,0.96496,0.93482,0.99712
A_dice_s1,A_dice,18,0,Q4_clearest,0,7705,1851,0.89221,0.98533,0.97108,1.0
A_dice_s1,A_dice,18,20,Q1_dimmest,172,4966,1759,0.63132,0.65405,0.71507,0.60262
A_dice_s1,A_dice,18,20,Q2,26,6044,1968,0.82866,0.89768,0.87946,0.91667
A_dice_s1,A_dice,18,20,Q3,2,7429,2081,0.85929,0.97099,0.94663,0.99664
A_dice_s1,A_dice,18,20,Q4_clearest,0,7705,1851,0.89242,0.98609,0.97256,1.0
A_dice_s1,A_dice,19,0,Q1_dimmest,142,3731,1722,0.64359,0.66778,0.65436,0.68177
A_dice_s1,A_dice,19,0,Q2,36,6957,2067,0.79472,0.84342,0.76134,0.94533
A_dice_s1,A_dice,19,0,Q3,1,8771,2610,0.88948,0.96301,0.933,0.99502
A_dice_s1,A_dice,19,0,Q4_clearest,0,7909,2077,0.96105,0.9966,0.99418,0.99904
A_dice_s1,A_dice,19,20,Q1_dimmest,136,3731,1722,0.64606,0.67291,0.67393,0.67189
A_dice_s1,A_dice,19,20,Q2,36,6957,2067,0.79872,0.85702,0.78851,0.93856
A_dice_s1,A_dice,19,20,Q3,0,8771,2610,0.88935,0.96262,0.93599,0.9908
A_dice_s1,A_dice,19,20,Q4_clearest,0,7909,2077,0.96105,0.9966,0.99418,0.99904
A_dice_s1,A_dice,20,0,Q1_dimmest,174,5411,1924,0.63155,0.65098,0.6258,0.67827
A_dice_s1,A_dice,20,0,Q2,20,7210,2225,0.80229,0.85206,0.77176,0.95101
A_dice_s1,A_dice,20,0,Q3,3,6951,2027,0.86733,0.94967,0.91114,0.99161
A_dice_s1,A_dice,20,0,Q4_clearest,0,4693,1197,0.93952,0.98113,0.96296,1.0
A_dice_s1,A_dice,20,20,Q1_dimmest,167,5411,1924,0.63814,0.66694,0.66498,0.66892
A_dice_s1,A_dice,20,20,Q2,19,7210,2225,0.80848,0.87076,0.80364,0.95011
A_dice_s1,A_dice,20,20,Q3,3,6951,2027,0.8721,0.96469,0.93962,0.99112
A_dice_s1,A_dice,20,20,Q4_clearest,0,4693,1197,0.93989,0.98271,0.96601,1.0
A_dice_s2,A_dice,01,0,Q1_dimmest,195,4597,1791,0.56959,0.5545,0.54539,0.56393
A_dice_s2,A_dice,01,0,Q2,59,6946,2500,0.78428,0.82942,0.77474,0.8924
A_dice_s2,A_dice,01,0,Q3,7,8473,2538,0.85868,0.96069,0.947,0.97478
A_dice_s2,A_dice,01,0,Q4_clearest,1,9424,2483,0.92134,0.98904,0.98104,0.99718
A_dice_s2,A_dice,01,20,Q1_dimmest,182,4597,1791,0.56794,0.55215,0.56073,0.54383
A_dice_s2,A_dice,01,20,Q2,55,6946,2500,0.78608,0.83509,0.79003,0.8856
A_dice_s2,A_dice,01,20,Q3,6,8473,2538,0.85927,0.96307,0.95391,0.97242
A_dice_s2,A_dice,01,20,Q4_clearest,1,9424,2483,0.92142,0.98924,0.98142,0.99718
A_dice_s2,A_dice,02,0,Q1_dimmest,228,5691,1790,0.52886,0.49722,0.49611,0.49832
A_dice_s2,A_dice,02,0,Q2,46,6606,1861,0.80811,0.79714,0.73253,0.87426
A_dice_s2,A_dice,02,0,Q3,3,8662,2260,0.89969,0.94991,0.9131,0.98982
A_dice_s2,A_dice,02,0,Q4_clearest,0,12831,3378,0.95989,0.9937,0.98748,1.0
A_dice_s2,A_dice,02,20,Q1_dimmest,202,5691,1790,0.52964,0.50074,0.52151,0.48156
A_dice_s2,A_dice,02,20,Q2,45,6606,1861,0.80715,0.79503,0.74709,0.84954
A_dice_s2,A_dice,02,20,Q3,2,8662,2260,0.90089,0.95366,0.9208,0.98894
A_dice_s2,A_dice,02,20,Q4_clearest,0,12831,3378,0.96,0.99413,0.98832,1.0
A_dice_s2,A_dice,03,0,Q1_dimmest,282,10358,3377,0.51874,0.49342,0.55356,0.44507
A_dice_s2,A_dice,03,0,Q2,35,9353,2708,0.83251,0.85911,0.83919,0.87999
A_dice_s2,A_dice,03,0,Q3,7,8095,2089,0.93699,0.97361,0.96463,0.98277
A_dice_s2,A_dice,03,0,Q4_clearest,0,5087,1047,0.98728,0.99952,1.0,0.99904
A_dice_s2,A_dice,03,20,Q1_dimmest,267,10358,3377,0.52201,0.50252,0.59318,0.43589
A_dice_s2,A_dice,03,20,Q2,33,9353,2708,0.83288,0.85982,0.84671,0.87334
A_dice_s2,A_dice,03,20,Q3,6,8095,2089,0.93794,0.97624,0.97121,0.98133
A_dice_s2,A_dice,03,20,Q4_clearest,0,5087,1047,0.98728,0.99952,1.0,0.99904
A_dice_s2,A_dice,04,0,Q1_dimmest,215,7750,3035,0.52531,0.46724,0.59063,0.38649
A_dice_s2,A_dice,04,0,Q2,29,6017,1865,0.81125,0.835,0.791,0.88418
A_dice_s2,A_dice,04,0,Q3,4,6293,1680,0.91414,0.95571,0.93552,0.97679
A_dice_s2,A_dice,04,0,Q4_clearest,0,10294,2346,0.97224,0.99055,0.9821,0.99915
A_dice_s2,A_dice,04,20,Q1_dimmest,196,7750,3035,0.52546,0.46804,0.61633,0.37727
A_dice_s2,A_dice,04,20,Q2,27,6017,1865,0.81124,0.83497,0.79884,0.87453
A_dice_s2,A_dice,04,20,Q3,4,6293,1680,0.91482,0.95834,0.94058,0.97679
A_dice_s2,A_dice,04,20,Q4_clearest,0,10294,2346,0.97252,0.9918,0.98456,0.99915
A_dice_s2,A_dice,05,0,Q1_dimmest,285,9685,3539,0.4918,0.43503,0.59786,0.3419
A_dice_s2,A_dice,05,0,Q2,34,7440,2198,0.8456,0.84668,0.83133,0.8626
A_dice_s2,A_dice,05,0,Q3,2,7606,2186,0.9324,0.98014,0.97186,0.98856
A_dice_s2,A_dice,05,0,Q4_clearest,1,6179,1663,0.97288,0.99677,0.99595,0.99759
A_dice_s2,A_dice,05,20,Q1_dimmest,258,9685,3539,0.48663,0.4242,0.61476,0.32382
A_dice_s2,A_dice,05,20,Q2,33,7440,2198,0.84521,0.84653,0.83922,0.85396
A_dice_s2,A_dice,05,20,Q3,2,7606,2186,0.93274,0.98059,0.97451,0.98673
A_dice_s2,A_dice,05,20,Q4_clearest,0,6179,1663,0.97287,0.99676,0.99652,0.99699
A_dice_s2,A_dice,06,0,Q1_dimmest,375,10790,3981,0.50797,0.4772,0.64248,0.37955
A_dice_s2,A_dice,06,0,Q2,44,7933,2378,0.84421,0.841,0.8553,0.82717
A_dice_s2,A_dice,06,0,Q3,2,7891,2229,0.94841,0.98375,0.97269,0.99507
A_dice_s2,A_dice,06,0,Q4_clearest,0,5502,1401,0.98048,0.9993,0.9986,1.0
A_dice_s2,A_dice,06,20,Q1_dimmest,345,10790,3981,0.50484,0.47036,0.65965,0.36549
A_dice_s2,A_dice,06,20,Q2,38,7933,2378,0.84343,0.83731,0.86375,0.81245
A_dice_s2,A_dice,06,20,Q3,2,7891,2229,0.94879,0.98481,0.97562,0.99417
A_dice_s2,A_dice,06,20,Q4_clearest,0,5502,1401,0.98048,0.9993,0.9986,1.0
A_dice_s2,A_dice,07,0,Q1_dimmest,218,8316,2808,0.50998,0.47848,0.63981,0.38212
A_dice_s2,A_dice,07,0,Q2,34,7149,2172,0.81945,0.81436,0.80882,0.81998
A_dice_s2,A_dice,07,0,Q3,4,7254,1955,0.91765,0.96319,0.94977,0.97698
A_dice_s2,A_dice,07,0,Q4_clearest,0,7433,2033,0.96997,0.99538,0.99323,0.99754
A_dice_s2,A_dice,07,20,Q1_dimmest,202,8316,2808,0.50911,0.47733,0.67949,0.36788
A_dice_s2,A_dice,07,20,Q2,30,7149,2172,0.82118,0.81909,0.82999,0.80847
A_dice_s2,A_dice,07,20,Q3,4,7254,1955,0.91868,0.9666,0.95692,0.97647
A_dice_s2,A_dice,07,20,Q4_clearest,0,7433,2033,0.96997,0.99538,0.99323,0.99754
A_dice_s2,A_dice,08,0,Q1_dimmest,287,9976,3245,0.54222,0.50437,0.60099,0.43451
A_dice_s2,A_dice,08,0,Q2,25,8461,2479,0.84842,0.85102,0.82656,0.87697
A_dice_s2,A_dice,08,0,Q3,1,6640,1970,0.93027,0.97148,0.96536,0.97766
A_dice_s2,A_dice,08,0,Q4_clearest,0,3312,891,0.97088,0.99045,0.99213,0.98878
A_dice_s2,A_dice,08,20,Q1_dimmest,258,9976,3245,0.53972,0.49962,0.62805,0.41479
A_dice_s2,A_dice,08,20,Q2,23,8461,2479,0.84879,0.85134,0.83711,0.86608
A_dice_s2,A_dice,08,20,Q3,1,6640,1970,0.93133,0.97512,0.97258,0.97766
A_dice_s2,A_dice,08,20,Q4_clearest,0,3312,891,0.97073,0.98988,0.99212,0.98765
A_dice_s2,A_dice,09,0,Q1_dimmest,265,9368,3406,0.56466,0.55777,0.66164,0.48209
A_dice_s2,A_dice,09,0,Q2,27,7639,2383,0.85435,0.88286,0.84136,0.92866
A_dice_s2,A_dice,09,0,Q3,5,6249,1936,0.93283,0.97597,0.9651,0.98709
A_dice_s2,A_dice,09,0,Q4_clearest,0,3485,1001,0.97661,0.99651,0.99903,0.99401
A_dice_s2,A_dice,09,20,Q1_dimmest,233,9368,3406,0.56195,0.55256,0.68442,0.4633
A_dice_s2,A_dice,09,20,Q2,24,7639,2383,0.8548,0.88456,0.85044,0.92153
A_dice_s2,A_dice,09,20,Q3,5,6249,1936,0.93315,0.9775,0.96859,0.98657
A_dice_s2,A_dice,09,20,Q4_clearest,0,3485,1001,0.97661,0.99651,0.99903,0.99401
A_dice_s2,A_dice,10,0,Q1_dimmest,295,7560,3177,0.5286,0.47892,0.53604,0.4328
A_dice_s2,A_dice,10,0,Q2,33,6756,2369,0.82102,0.82472,0.77523,0.88096
A_dice_s2,A_dice,10,0,Q3,5,6741,2035,0.90492,0.95955,0.92817,0.99312
A_dice_s2,A_dice,10,0,Q4_clearest,0,6099,1556,0.95781,0.99412,0.99019,0.99807
A_dice_s2,A_dice,10,20,Q1_dimmest,271,7560,3177,0.52607,0.47284,0.55134,0.41391
A_dice_s2,A_dice,10,20,Q2,28,6756,2369,0.81962,0.81964,0.77715,0.86703
A_dice_s2,A_dice,10,20,Q3,5,6741,2035,0.90598,0.96184,0.93596,0.98919
A_dice_s2,A_dice,10,20,Q4_clearest,0,6099,1556,0.95796,0.99477,0.99149,0.99807
A_dice_s2,A_dice,11,0,Q1_dimmest,291,6386,2930,0.49067,0.41898,0.5112,0.35495
A_dice_s2,A_dice,11,0,Q2,60,5601,2186,0.78681,0.75621,0.72986,0.78454
A_dice_s2,A_dice,11,0,Q3,5,6593,2129,0.8653,0.91621,0.87776,0.9582
A_dice_s2,A_dice,11,0,Q4_clearest,1,10959,3211,0.93544,0.98184,0.96608,0.99813
A_dice_s2,A_dice,11,20,Q1_dimmest,260,6386,2930,0.48687,0.40811,0.5328,0.33072
A_dice_s2,A_dice,11,20,Q2,52,5601,2186,0.7844,0.75014,0.73262,0.76853
A_dice_s2,A_dice,11,20,Q3,4,6593,2129,0.86598,0.91846,0.88309,0.95679
A_dice_s2,A_dice,11,20,Q4_clearest,1,10959,3211,0.9358,0.98246,0.96727,0.99813
A_dice_s2,A_dice,12,0,Q1_dimmest,229,6741,2151,0.56813,0.5738,0.64109,0.51929
A_dice_s2,A_dice,12,0,Q2,59,7686,2661,0.81591,0.84143,0.80854,0.87711
A_dice_s2,A_dice,12,0,Q3,4,7976,2374,0.89285,0.94986,0.9293,0.97136
A_dice_s2,A_dice,12,0,Q4_clearest,2,6087,1526,0.95373,0.99207,0.98682,0.99738
A_dice_s2,A_dice,12,20,Q1_dimmest,214,6741,2151,0.56662,0.57438,0.67349,0.5007
A_dice_s2,A_dice,12,20,Q2,51,7686,2661,0.81554,0.84116,0.81519,0.86885
A_dice_s2,A_dice,12,20,Q3,4,7976,2374,0.89319,0.95141,0.93265,0.97094
A_dice_s2,A_dice,12,20,Q4_clearest,2,6087,1526,0.9538,0.99238,0.98744,0.99738
A_dice_s2,A_dice,13,0,Q1_dimmest,287,8947,3161,0.56141,0.52924,0.59521,0.47643
A_dice_s2,A_dice,13,0,Q2,62,7970,2798,0.82194,0.80789,0.76322,0.85811
A_dice_s2,A_dice,13,0,Q3,3,7295,2120,0.9141,0.95777,0.93379,0.98302
A_dice_s2,A_dice,13,0,Q4_clearest,0,8047,2107,0.97456,0.99763,0.99528,1.0
A_dice_s2,A_dice,13,20,Q1_dimmest,237,8947,3161,0.55734,0.5201,0.62298,0.44638
A_dice_s2,A_dice,13,20,Q2,53,7970,2798,0.82202,0.8069,0.78356,0.83167
A_dice_s2,A_dice,13,20,Q3,2,7295,2120,0.91462,0.95971,0.94093,0.97925
A_dice_s2,A_dice,13,20,Q4_clearest,0,8047,2107,0.97456,0.99763,0.99528,1.0
A_dice_s2,A_dice,14,0,Q1_dimmest,182,4886,1623,0.53383,0.51188,0.5,0.52434
A_dice_s2,A_dice,14,0,Q2,51,6453,2243,0.78559,0.7776,0.70599,0.86536
A_dice_s2,A_dice,14,0,Q3,6,8104,2470,0.88351,0.9385,0.89187,0.99028
A_dice_s2,A_dice,14,0,Q4_clearest,0,7234,2022,0.94833,0.9937,0.98748,1.0
A_dice_s2,A_dice,14,20,Q1_dimmest,168,4886,1623,0.53696,0.52043,0.53519,0.50647
A_dice_s2,A_dice,14,20,Q2,45,6453,2243,0.78697,0.77888,0.71639,0.85332
A_dice_s2,A_dice,14,20,Q3,6,8104,2470,0.88409,0.93969,0.89533,0.98866
A_dice_s2,A_dice,14,20,Q4_clearest,0,7234,2022,0.94833,0.9937,0.98748,1.0
A_dice_s2,A_dice,15,0,Q1_dimmest,166,4357,1638,0.5368,0.52421,0.5017,0.54884
A_dice_s2,A_dice,15,0,Q2,16,5141,1751,0.75526,0.78356,0.68424,0.91662
A_dice_s2,A_dice,15,0,Q3,0,6066,1760,0.83618,0.9135,0.84279,0.99716
A_dice_s2,A_dice,15,0,Q4_clearest,0,8050,2502,0.9272,0.97736,0.95572,1.0
A_dice_s2,A_dice,15,20,Q1_dimmest,149,4357,1638,0.53805,0.53342,0.54207,0.52503
A_dice_s2,A_dice,15,20,Q2,14,5141,1751,0.75997,0.7936,0.70477,0.90805
A_dice_s2,A_dice,15,20,Q3,0,6066,1760,0.83917,0.92261,0.85843,0.99716
A_dice_s2,A_dice,15,20,Q4_clearest,0,8050,2502,0.9288,0.98103,0.96276,1.0
A_dice_s2,A_dice,16,0,Q1_dimmest,246,6445,1959,0.59378,0.61648,0.69187,0.5559
A_dice_s2,A_dice,16,0,Q2,45,6977,2256,0.84192,0.88008,0.87202,0.8883
A_dice_s2,A_dice,16,0,Q3,1,7630,2131,0.88779,0.95164,0.91561,0.99061
A_dice_s2,A_dice,16,0,Q4_clearest,0,8739,2466,0.9322,0.98013,0.96142,0.99959
A_dice_s2,A_dice,16,20,Q1_dimmest,229,6445,1959,0.59597,0.62698,0.7492,0.53905
A_dice_s2,A_dice,16,20,Q2,39,6977,2256,0.84367,0.8886,0.90406,0.87367
A_dice_s2,A_dice,16,20,Q3,1,7630,2131,0.88863,0.9545,0.92174,0.98968
A_dice_s2,A_dice,16,20,Q4_clearest,0,8739,2466,0.93234,0.98072,0.96255,0.99959
A_dice_s2,A_dice,17,0,Q1_dimmest,272,7862,2585,0.58071,0.58866,0.70664,0.50445
A_dice_s2,A_dice,17,0,Q2,40,7104,2140,0.84188,0.87533,0.85578,0.89579
A_dice_s2,A_dice,17,0,Q3,5,7222,1826,0.90241,0.97423,0.96088,0.98795
A_dice_s2,A_dice,17,0,Q4_clearest,1,5664,1433,0.92571,0.99144,0.98574,0.99721
A_dice_s2,A_dice,17,20,Q1_dimmest,250,7862,2585,0.58132,0.59117,0.7492,0.4882
A_dice_s2,A_dice,17,20,Q2,35,7104,2140,0.84226,0.87806,0.873,0.88318
A_dice_s2,A_dice,17,20,Q3,4,7222,1826,0.90227,0.9752,0.96382,0.98686
A_dice_s2,A_dice,17,20,Q4_clearest,1,5664,1433,0.92505,0.99106,0.98772,0.99442
A_dice_s2,A_dice,18,0,Q1_dimmest,183,4966,1759,0.62511,0.63455,0.66522,0.60659
A_dice_s2,A_dice,18,0,Q2,36,6044,1968,0.81467,0.87167,0.84029,0.90549
A_dice_s2,A_dice,18,0,Q3,3,7429,2081,0.84716,0.95965,0.92949,0.99183
A_dice_s2,A_dice,18,0,Q4_clearest,0,7705,1851,0.88934,0.98852,0.97781,0.99946
A_dice_s2,A_dice,18,20,Q1_dimmest,170,4966,1759,0.62978,0.64744,0.71964,0.5884
A_dice_s2,A_dice,18,20,Q2,35,6044,1968,0.81668,0.876,0.85472,0.89837
A_dice_s2,A_dice,18,20,Q3,3,7429,2081,0.84795,0.96269,0.93608,0.99087
A_dice_s2,A_dice,18,20,Q4_clearest,0,7705,1851,0.88954,0.98955,0.97983,0.99946
A_dice_s2,A_dice,19,0,Q1_dimmest,160,3731,1722,0.6387,0.65102,0.68015,0.62427
A_dice_s2,A_dice,19,0,Q2,30,6957,2067,0.79006,0.83529,0.75851,0.92937
A_dice_s2,A_dice,19,0,Q3,2,8771,2610,0.88825,0.96327,0.93964,0.98812
A_dice_s2,A_dice,19,0,Q4_clearest,0,7909,2077,0.96175,0.99516,0.99131,0.99904
A_dice_s2,A_dice,19,20,Q1_dimmest,145,3731,1722,0.63676,0.65078,0.70392,0.60511
A_dice_s2,A_dice,19,20,Q2,29,6957,2067,0.79541,0.85206,0.78906,0.92598
A_dice_s2,A_dice,19,20,Q3,1,8771,2610,0.88928,0.96713,0.94772,0.98736
A_dice_s2,A_dice,19,20,Q4_clearest,0,7909,2077,0.96175,0.99516,0.99131,0.99904
A_dice_s2,A_dice,20,0,Q1_dimmest,181,5411,1924,0.63313,0.65118,0.62573,0.67879
A_dice_s2,A_dice,20,0,Q2,20,7210,2225,0.79621,0.83942,0.75552,0.94427
A_dice_s2,A_dice,20,0,Q3,2,6951,2027,0.8554,0.94177,0.89629,0.99211
A_dice_s2,A_dice,20,0,Q4_clearest,1,4693,1197,0.93457,0.98527,0.97176,0.99916
A_dice_s2,A_dice,20,20,Q1_dimmest,173,5411,1924,0.63729,0.66257,0.65337,0.67204
A_dice_s2,A_dice,20,20,Q2,20,7210,2225,0.80031,0.85287,0.78037,0.94022
A_dice_s2,A_dice,20,20,Q3,2,6951,2027,0.85871,0.95189,0.9148,0.99211
A_dice_s2,A_dice,20,20,Q4_clearest,1,4693,1197,0.93457,0.98527,0.97176,0.99916
A_dice_s3,A_dice,01,0,Q1_dimmest,193,4597,1791,0.57205,0.56896,0.56402,0.57398
A_dice_s3,A_dice,01,0,Q2,44,6946,2500,0.79016,0.83775,0.78084,0.9036
A_dice_s3,A_dice,01,0,Q3,6,8473,2538,0.86539,0.95854,0.93772,0.9803
A_dice_s3,A_dice,01,0,Q4_clearest,0,9424,2483,0.92522,0.99038,0.98172,0.99919
A_dice_s3,A_dice,01,20,Q1_dimmest,179,4597,1791,0.57266,0.57239,0.5954,0.55109
A_dice_s3,A_dice,01,20,Q2,39,6946,2500,0.78989,0.83715,0.78678,0.8944
A_dice_s3,A_dice,01,20,Q3,6,8473,2538,0.86622,0.96097,0.94386,0.97872
A_dice_s3,A_dice,01,20,Q4_clearest,0,9424,2483,0.92522,0.99038,0.98172,0.99919
A_dice_s3,A_dice,02,0,Q1_dimmest,231,5691,1790,0.51314,0.49321,0.51436,0.47374
A_dice_s3,A_dice,02,0,Q2,41,6606,1861,0.81074,0.79647,0.72952,0.87695
A_dice_s3,A_dice,02,0,Q3,2,8662,2260,0.90356,0.95486,0.92151,0.99071
A_dice_s3,A_dice,02,0,Q4_clearest,0,12831,3378,0.9605,0.99264,0.9854,1.0
A_dice_s3,A_dice,02,20,Q1_dimmest,208,5691,1790,0.51262,0.49478,0.55071,0.44916
A_dice_s3,A_dice,02,20,Q2,37,6606,1861,0.81153,0.8008,0.7478,0.8619
A_dice_s3,A_dice,02,20,Q3,2,8662,2260,0.90553,0.96134,0.93366,0.99071
A_dice_s3,A_dice,02,20,Q4_clearest,0,12831,3378,0.96065,0.99322,0.98653,1.0
A_dice_s3,A_dice,03,0,Q1_dimmest,264,10358,3377,0.5063,0.49497,0.56461,0.44063
A_dice_s3,A_dice,03,0,Q2,33,9353,2708,0.8254,0.84789,0.82388,0.87334
A_dice_s3,A_dice,03,0,Q3,4,8095,2089,0.93683,0.97134,0.96386,0.97894
A_dice_s3,A_dice,03,0,Q4_clearest,0,5087,1047,0.98786,0.99956,0.99912,1.0
A_dice_s3,A_dice,03,20,Q1_dimmest,239,10358,3377,0.505,0.49254,0.58687,0.42434
A_dice_s3,A_dice,03,20,Q2,30,9353,2708,0.82544,0.84801,0.82775,0.86928
A_dice_s3,A_dice,03,20,Q3,4,8095,2089,0.93711,0.97247,0.96609,0.97894
A_dice_s3,A_dice,03,20,Q4_clearest,0,5087,1047,0.98786,0.99956,0.99912,1.0
A_dice_s3,A_dice,04,0,Q1_dimmest,219,7750,3035,0.49686,0.45899,0.58671,0.37694
A_dice_s3,A_dice,04,0,Q2,27,6017,1865,0.81299,0.82381,0.78121,0.87131
A_dice_s3,A_dice,04,0,Q3,6,6293,1680,0.91307,0.96142,0.93776,0.98631
A_dice_s3,A_dice,04,0,Q4_clearest,1,10294,2346,0.97385,0.98871,0.98054,0.99702
A_dice_s3,A_dice,04,20,Q1_dimmest,186,7750,3035,0.49529,0.45725,0.62608,0.36013
A_dice_s3,A_dice,04,20,Q2,25,6017,1865,0.81073,0.81865,0.7869,0.85308
A_dice_s3,A_dice,04,20,Q3,4,6293,1680,0.9129,0.96254,0.94043,0.98571
A_dice_s3,A_dice,04,20,Q4_clearest,1,10294,2346,0.97413,0.98995,0.98298,0.99702
A_dice_s3,A_dice,05,0,Q1_dimmest,280,9685,3539,0.48071,0.43797,0.60644,0.34275
A_dice_s3,A_dice,05,0,Q2,22,7440,2198,0.85117,0.85617,0.84202,0.87079
A_dice_s3,A_dice,05,0,Q3,1,7606,2186,0.93905,0.98157,0.97379,0.98948
A_dice_s3,A_dice,05,0,Q4_clearest,0,6179,1663,0.97451,0.99586,0.99353,0.9982
A_dice_s3,A_dice,05,20,Q1_dimmest,254,9685,3539,0.47732,0.42985,0.63911,0.32382
A_dice_s3,A_dice,05,20,Q2,18,7440,2198,0.85047,0.8561,0.85146,0.86078
A_dice_s3,A_dice,05,20,Q3,1,7606,2186,0.93877,0.98088,0.97464,0.98719
A_dice_s3,A_dice,05,20,Q4_clearest,0,6179,1663,0.97451,0.99586,0.99353,0.9982
A_dice_s3,A_dice,06,0,Q1_dimmest,341,10790,3981,0.49345,0.48503,0.64304,0.38935
A_dice_s3,A_dice,06,0,Q2,39,7933,2378,0.84042,0.83117,0.84218,0.82044
A_dice_s3,A_dice,06,0,Q3,2,7891,2229,0.94709,0.98095,0.97193,0.99013
A_dice_s3,A_dice,06,0,Q4_clearest,0,5502,1401,0.97994,0.99858,0.99787,0.99929
A_dice_s3,A_dice,06,20,Q1_dimmest,300,10790,3981,0.48883,0.47861,0.67579,0.37051
A_dice_s3,A_dice,06,20,Q2,34,7933,2378,0.83712,0.82318,0.85079,0.79731
A_dice_s3,A_dice,06,20,Q3,2,7891,2229,0.94675,0.98069,0.97272,0.98878
A_dice_s3,A_dice,06,20,Q4_clearest,0,5502,1401,0.97966,0.99858,0.99787,0.99929
A_dice_s3,A_dice,07,0,Q1_dimmest,242,8316,2808,0.48027,0.44925,0.61901,0.35256
A_dice_s3,A_dice,07,0,Q2,34,7149,2172,0.82352,0.81451,0.81641,0.81262
A_dice_s3,A_dice,07,0,Q3,5,7254,1955,0.91921,0.96226,0.94702,0.97801
A_dice_s3,A_dice,07,0,Q4_clearest,0,7433,2033,0.97097,0.99633,0.99415,0.99852
A_dice_s3,A_dice,07,20,Q1_dimmest,205,8316,2808,0.47798,0.44192,0.66818,0.33013
A_dice_s3,A_dice,07,20,Q2,29,7149,2172,0.82442,0.81519,0.83835,0.79328
A_dice_s3,A_dice,07,20,Q3,4,7254,1955,0.92084,0.96568,0.95561,0.97596
A_dice_s3,A_dice,07,20,Q4_clearest,0,7433,2033,0.97097,0.99633,0.99415,0.99852
A_dice_s3,A_dice,08,0,Q1_dimmest,275,9976,3245,0.52303,0.4981,0.64228,0.40678
A_dice_s3,A_dice,08,0,Q2,27,8461,2479,0.85081,0.84953,0.82305,0.87777
A_dice_s3,A_dice,08,0,Q3,1,6640,1970,0.93283,0.96802,0.95373,0.98274
A_dice_s3,A_dice,08,0,Q4_clearest,0,3312,891,0.97438,0.99215,0.99441,0.9899
A_dice_s3,A_dice,08,20,Q1_dimmest,240,9976,3245,0.51871,0.48839,0.67268,0.38336
A_dice_s3,A_dice,08,20,Q2,23,8461,2479,0.85068,0.85038,0.83563,0.86567
A_dice_s3,A_dice,08,20,Q3,0,6640,1970,0.93469,0.97318,0.9638,0.98274
A_dice_s3,A_dice,08,20,Q4_clearest,0,3312,891,0.97438,0.99215,0.99441,0.9899
A_dice_s3,A_dice,09,0,Q1_dimmest,271,9368,3406,0.55196,0.55559,0.65826,0.48062
A_dice_s3,A_dice,09,0,Q2,30,7639,2383,0.85417,0.87401,0.82945,0.92363
A_dice_s3,A_dice,09,0,Q3,1,6249,1936,0.92941,0.97723,0.96857,0.98605
A_dice_s3,A_dice,09,0,Q4_clearest,1,3485,1001,0.96547,0.98224,0.999,0.96603
A_dice_s3,A_dice,09,20,Q1_dimmest,250,9368,3406,0.54881,0.55206,0.68163,0.46389
A_dice_s3,A_dice,09,20,Q2,27,7639,2383,0.85322,0.87184,0.83237,0.91523
A_dice_s3,A_dice,09,20,Q3,1,6249,1936,0.92991,0.97879,0.97162,0.98605
A_dice_s3,A_dice,09,20,Q4_clearest,1,3485,1001,0.96547,0.98224,0.999,0.96603
A_dice_s3,A_dice,10,0,Q1_dimmest,293,7560,3177,0.52653,0.49938,0.55407,0.45452
A_dice_s3,A_dice,10,0,Q2,40,6756,2369,0.81879,0.81726,0.76727,0.87421
A_dice_s3,A_dice,10,0,Q3,3,6741,2035,0.90873,0.9636,0.93275,0.99656
A_dice_s3,A_dice,10,0,Q4_clearest,0,6099,1556,0.95603,0.9944,0.98886,1.0
A_dice_s3,A_dice,10,20,Q1_dimmest,269,7560,3177,0.52631,0.49752,0.57603,0.43783
A_dice_s3,A_dice,10,20,Q2,36,6756,2369,0.81795,0.81352,0.7726,0.85901
A_dice_s3,A_dice,10,20,Q3,3,6741,2035,0.90931,0.96553,0.93768,0.99509
A_dice_s3,A_dice,10,20,Q4_clearest,0,6099,1556,0.95626,0.99538,0.99081,1.0
A_dice_s3,A_dice,11,0,Q1_dimmest,314,6386,2930,0.46544,0.41482,0.52308,0.34369
A_dice_s3,A_dice,11,0,Q2,46,5601,2186,0.78187,0.74939,0.70616,0.79826
A_dice_s3,A_dice,11,0,Q3,10,6593,2129,0.86611,0.90999,0.86072,0.96524
A_dice_s3,A_dice,11,0,Q4_clearest,0,10959,3211,0.93717,0.97895,0.96107,0.99751
A_dice_s3,A_dice,11,20,Q1_dimmest,281,6386,2930,0.45616,0.39325,0.5359,0.31058
A_dice_s3,A_dice,11,20,Q2,36,5601,2186,0.78116,0.74853,0.71798,0.78179
A_dice_s3,A_dice,11,20,Q3,10,6593,2129,0.86664,0.91249,0.86595,0.9643
A_dice_s3,A_dice,11,20,Q4_clearest,0,10959,3211,0.93717,0.97895,0.96107,0.99751
A_dice_s3,A_dice,12,0,Q1_dimmest,207,6741,2151,0.5682,0.5815,0.6387,0.53371
A_dice_s3,A_dice,12,0,Q2,52,7686,2661,0.82057,0.83842,0.80649,0.87298
A_dice_s3,A_dice,12,0,Q3,3,7976,2374,0.90097,0.95345,0.92699,0.98147
A_dice_s3,A_dice,12,0,Q4_clearest,0,6087,1526,0.95542,0.99465,0.99,0.99934
A_dice_s3,A_dice,12,20,Q1_dimmest,196,6741,2151,0.5682,0.58548,0.67413,0.51743
A_dice_s3,A_dice,12,20,Q2,49,7686,2661,0.82216,0.84266,0.82137,0.86509
A_dice_s3,A_dice,12,20,Q3,3,7976,2374,0.90085,0.95378,0.92874,0.9802
A_dice_s3,A_dice,12,20,Q4_clearest,0,6087,1526,0.95542,0.99465,0.99,0.99934
A_dice_s3,A_dice,13,0,Q1_dimmest,273,8947,3161,0.5409,0.50679,0.57301,0.45429
A_dice_s3,A_dice,13,0,Q2,59,7970,2798,0.81984,0.80672,0.75669,0.86383
A_dice_s3,A_dice,13,0,Q3,5,7295,2120,0.91472,0.95537,0.93349,0.9783
A_dice_s3,A_dice,13,0,Q4_clearest,0,8047,2107,0.97456,0.99692,0.99385,1.0
A_dice_s3,A_dice,13,20,Q1_dimmest,231,8947,3161,0.53662,0.49641,0.60589,0.42044
A_dice_s3,A_dice,13,20,Q2,49,7970,2798,0.8188,0.80438,0.77449,0.83667
A_dice_s3,A_dice,13,20,Q3,4,7295,2120,0.91509,0.95642,0.93809,0.97547
A_dice_s3,A_dice,13,20,Q4_clearest,0,8047,2107,0.97456,0.99692,0.99385,1.0
A_dice_s3,A_dice,14,0,Q1_dimmest,197,4886,1623,0.51277,0.50519,0.49174,0.51941
A_dice_s3,A_dice,14,0,Q2,50,6453,2243,0.79331,0.77791,0.70269,0.87115
A_dice_s3,A_dice,14,0,Q3,5,8104,2470,0.88508,0.939,0.89276,0.99028
A_dice_s3,A_dice,14,0,Q4_clearest,0,7234,2022,0.95021,0.9914,0.98295,1.0
A_dice_s3,A_dice,14,20,Q1_dimmest,177,4886,1623,0.51817,0.52318,0.55199,0.49723
A_dice_s3,A_dice,14,20,Q2,46,6453,2243,0.79619,0.78432,0.72088,0.86001
A_dice_s3,A_dice,14,20,Q3,5,8104,2470,0.88782,0.94687,0.90744,0.98988
A_dice_s3,A_dice,14,20,Q4_clearest,0,7234,2022,0.95021,0.9914,0.98295,1.0
A_dice_s3,A_dice,15,0,Q1_dimmest,158,4357,1638,0.52854,0.51676,0.48395,0.55433
A_dice_s3,A_dice,15,0,Q2,15,5141,1751,0.76378,0.78335,0.67922,0.92519
A_dice_s3,A_dice,15,0,Q3,1,6066,1760,0.84743,0.92134,0.85707,0.99602
A_dice_s3,A_dice,15,0,Q4_clearest,1,8050,2502,0.93163,0.98122,0.96388,0.9992
A_dice_s3,A_dice,15,20,Q1_dimmest,148,4357,1638,0.53271,0.53146,0.52064,0.54274
A_dice_s3,A_dice,15,20,Q2,13,5141,1751,0.767,0.79341,0.6994,0.91662
A_dice_s3,A_dice,15,20,Q3,1,6066,1760,0.85053,0.93078,0.87399,0.99545
A_dice_s3,A_dice,15,20,Q4_clearest,1,8050,2502,0.93217,0.98258,0.96651,0.9992
A_dice_s3,A_dice,16,0,Q1_dimmest,248,6445,1959,0.58256,0.62659,0.73108,0.54824
A_dice_s3,A_dice,16,0,Q2,47,6977,2256,0.84769,0.88406,0.88029,0.88785
A_dice_s3,A_dice,16,0,Q3,1,7630,2131,0.89436,0.95817,0.92452,0.99437
A_dice_s3,A_dice,16,0,Q4_clearest,0,8739,2466,0.93675,0.98532,0.97145,0.99959
A_dice_s3,A_dice,16,20,Q1_dimmest,227,6445,1959,0.57842,0.62362,0.7619,0.52782
A_dice_s3,A_dice,16,20,Q2,40,6977,2256,0.84739,0.88687,0.90476,0.86968
A_dice_s3,A_dice,16,20,Q3,1,7630,2131,0.89632,0.96358,0.93671,0.99202
A_dice_s3,A_dice,16,20,Q4_clearest,0,8739,2466,0.9374,0.98671,0.97416,0.99959
A_dice_s3,A_dice,17,0,Q1_dimmest,262,7862,2585,0.58051,0.6006,0.71979,0.51528
A_dice_s3,A_dice,17,0,Q2,39,7104,2140,0.84714,0.88016,0.86594,0.89486
A_dice_s3,A_dice,17,0,Q3,5,7222,1826,0.9068,0.97365,0.96027,0.9874
A_dice_s3,A_dice,17,0,Q4_clearest,0,5664,1433,0.92736,0.99165,0.98615,0.99721
A_dice_s3,A_dice,17,20,Q1_dimmest,242,7862,2585,0.57797,0.59735,0.75179,0.49555
A_dice_s3,A_dice,17,20,Q2,37,7104,2140,0.84946,0.88816,0.89083,0.88551
A_dice_s3,A_dice,17,20,Q3,5,7222,1826,0.90683,0.97439,0.96172,0.9874
A_dice_s3,A_dice,17,20,Q4_clearest,0,5664,1433,0.92736,0.99165,0.98615,0.99721
A_dice_s3,A_dice,18,0,Q1_dimmest,182,4966,1759,0.62254,0.63237,0.673,0.59636
A_dice_s3,A_dice,18,0,Q2,31,6044,1968,0.81943,0.8782,0.84198,0.91768
A_dice_s3,A_dice,18,0,Q3,2,7429,2081,0.84922,0.96595,0.94225,0.99087
A_dice_s3,A_dice,18,0,Q4_clearest,0,7705,1851,0.8916,0.98791,0.97766,0.99838
A_dice_s3,A_dice,18,20,Q1_dimmest,169,4966,1759,0.62847,0.64758,0.72,0.5884
A_dice_s3,A_dice,18,20,Q2,30,6044,1968,0.82052,0.88313,0.85729,0.91057
A_dice_s3,A_dice,18,20,Q3,2,7429,2081,0.85033,0.97046,0.95131,0.99039
A_dice_s3,A_dice,18,20,Q4_clearest,0,7705,1851,0.8919,0.98895,0.97969,0.99838
A_dice_s3,A_dice,19,0,Q1_dimmest,148,3731,1722,0.63517,0.66453,0.68378,0.64634
A_dice_s3,A_dice,19,0,Q2,28,6957,2067,0.79634,0.83616,0.7499,0.94485
A_dice_s3,A_dice,19,0,Q3,1,8771,2610,0.89155,0.96072,0.93073,0.99272
A_dice_s3,A_dice,19,0,Q4_clearest,0,7909,2077,0.96157,0.99735,0.99566,0.99904
A_dice_s3,A_dice,19,20,Q1_dimmest,138,3731,1722,0.63816,0.67361,0.71462,0.63705
A_dice_s3,A_dice,19,20,Q2,27,6957,2067,0.8003,0.84739,0.77302,0.93759
A_dice_s3,A_dice,19,20,Q3,1,8771,2610,0.8931,0.96534,0.93943,0.99272
A_dice_s3,A_dice,19,20,Q4_clearest,0,7909,2077,0.96157,0.99735,0.99566,0.99904
A_dice_s3,A_dice,20,0,Q1_dimmest,192,5411,1924,0.62683,0.64104,0.62123,0.66216
A_dice_s3,A_dice,20,0,Q2,19,7210,2225,0.80915,0.85483,0.77813,0.94831
A_dice_s3,A_dice,20,0,Q3,0,6951,2027,0.86571,0.94552,0.89987,0.99605
A_dice_s3,A_dice,20,0,Q4_clearest,1,4693,1197,0.93584,0.98356,0.96922,0.99833
A_dice_s3,A_dice,20,20,Q1_dimmest,175,5411,1924,0.6247,0.63584,0.63344,0.63825
A_dice_s3,A_dice,20,20,Q2,18,7210,2225,0.81369,0.87137,0.81224,0.93978
A_dice_s3,A_dice,20,20,Q3,0,6951,2027,0.86814,0.95264,0.91327,0.99556
A_dice_s3,A_dice,20,20,Q4_clearest,1,4693,1197,0.93584,0.98356,0.96922,0.99833
A_dice_s4,A_dice,01,0,Q1_dimmest,214,4597,1791,0.56046,0.56146,0.58414,0.54048
A_dice_s4,A_dice,01,0,Q2,54,6946,2500,0.7968,0.84576,0.79958,0.8976
A_dice_s4,A_dice,01,0,Q3,12,8473,2538,0.86829,0.95647,0.93557,0.97833
A_dice_s4,A_dice,01,0,Q4_clearest,0,9424,2483,0.9252,0.98899,0.98015,0.99799
A_dice_s4,A_dice,01,20,Q1_dimmest,198,4597,1791,0.56279,0.56739,0.61977,0.52317
A_dice_s4,A_dice,01,20,Q2,52,6946,2500,0.79623,0.84676,0.80719,0.8904
A_dice_s4,A_dice,01,20,Q3,11,8473,2538,0.8696,0.96086,0.94658,0.97557
A_dice_s4,A_dice,01,20,Q4_clearest,0,9424,2483,0.92542,0.99,0.98214,0.99799
A_dice_s4,A_dice,02,0,Q1_dimmest,239,5691,1790,0.49578,0.46792,0.49578,0.44302
A_dice_s4,A_dice,02,0,Q2,40,6606,1861,0.8043,0.79577,0.74266,0.85707
A_dice_s4,A_dice,02,0,Q3,4,8662,2260,0.9048,0.95286,0.92123,0.98673
A_dice_s4,A_dice,02,0,Q4_clearest,1,12831,3378,0.96272,0.99335,0.98708,0.9997
A_dice_s4,A_dice,02,20,Q1_dimmest,213,5691,1790,0.49286,0.46177,0.51942,0.41564
A_dice_s4,A_dice,02,20,Q2,38,6606,1861,0.80235,0.78871,0.74985,0.83181
A_dice_s4,A_dice,02,20,Q3,4,8662,2260,0.905,0.9537,0.92281,0.98673
A_dice_s4,A_dice,02,20,Q4_clearest,1,12831,3378,0.96305,0.99422,0.98879,0.9997
A_dice_s4,A_dice,03,0,Q1_dimmest,292,10358,3377,0.49724,0.49094,0.58012,0.42553
A_dice_s4,A_dice,03,0,Q2,53,9353,2708,0.82597,0.84267,0.82872,0.85709
A_dice_s4,A_dice,03,0,Q3,6,8095,2089,0.93453,0.96994,0.96671,0.97319
A_dice_s4,A_dice,03,0,Q4_clearest,1,5087,1047,0.98766,0.99904,1.0,0.99809
A_dice_s4,A_dice,03,20,Q1_dimmest,271,10358,3377,0.49466,0.48712,0.60034,0.40983
A_dice_s4,A_dice,03,20,Q2,47,9353,2708,0.82647,0.84374,0.83895,0.8486
A_dice_s4,A_dice,03,20,Q3,6,8095,2089,0.93466,0.96974,0.97107,0.96841
A_dice_s4,A_dice,03,20,Q4_clearest,1,5087,1047,0.98766,0.99904,1.0,0.99809
A_dice_s4,A_dice,04,0,Q1_dimmest,239,7750,3035,0.4967,0.44985,0.62966,0.34992
A_dice_s4,A_dice,04,0,Q2,43,6017,1865,0.81421,0.82303,0.79179,0.85684
A_dice_s4,A_dice,04,0,Q3,3,6293,1680,0.91871,0.96538,0.94478,0.9869
A_dice_s4,A_dice,04,0,Q4_clearest,1,10294,2346,0.97369,0.9939,0.98995,0.99787
A_dice_s4,A_dice,04,20,Q1_dimmest,219,7750,3035,0.49199,0.43939,0.64279,0.33377
A_dice_s4,A_dice,04,20,Q2,39,6017,1865,0.81358,0.82085,0.80482,0.83753
A_dice_s4,A_dice,04,20,Q3,2,6293,1680,0.91847,0.96449,0.94471,0.98512
A_dice_s4,A_dice,04,20,Q4_clearest,1,10294,2346,0.97411,0.99536,0.99286,0.99787
A_dice_s4,A_dice,05,0,Q1_dimmest,268,9685,3539,0.47821,0.43509,0.65704,0.32523
A_dice_s4,A_dice,05,0,Q2,38,7440,2198,0.84982,0.85308,0.83776,0.86897
A_dice_s4,A_dice,05,0,Q3,3,7606,2186,0.94002,0.98014,0.96922,0.99131
A_dice_s4,A_dice,05,0,Q4_clearest,0,6179,1663,0.97506,0.99769,0.99539,1.0
A_dice_s4,A_dice,05,20,Q1_dimmest,242,9685,3539,0.47371,0.42404,0.6696,0.31026
A_dice_s4,A_dice,05,20,Q2,37,7440,2198,0.84966,0.85395,0.84635,0.86169
A_dice_s4,A_dice,05,20,Q3,3,7606,2186,0.93976,0.97968,0.9692,0.99039
A_dice_s4,A_dice,05,20,Q4_clearest,0,6179,1663,0.97506,0.99769,0.99539,1.0
A_dice_s4,A_dice,06,0,Q1_dimmest,355,10790,3981,0.48343,0.47408,0.66611,0.368
A_dice_s4,A_dice,06,0,Q2,44,7933,2378,0.84039,0.84011,0.85618,0.82464
A_dice_s4,A_dice,06,0,Q3,2,7891,2229,0.95296,0.98412,0.97643,0.99192
A_dice_s4,A_dice,06,0,Q4_clearest,1,5502,1401,0.98151,0.99715,0.99645,0.99786
A_dice_s4,A_dice,06,20,Q1_dimmest,321,10790,3981,0.47872,0.46432,0.69382,0.34891
A_dice_s4,A_dice,06,20,Q2,35,7933,2378,0.83784,0.83465,0.86623,0.8053
A_dice_s4,A_dice,06,20,Q3,1,7891,2229,0.95332,0.98425,0.98063,0.98789
A_dice_s4,A_dice,06,20,Q4_clearest,1,5502,1401,0.98151,0.99715,0.99716,0.99714
A_dice_s4,A_dice,07,0,Q1_dimmest,221,8316,2808,0.47446,0.44994,0.66321,0.34046
A_dice_s4,A_dice,07,0,Q2,44,7149,2172,0.81987,0.82002,0.83984,0.8011
A_dice_s4,A_dice,07,0,Q3,5,7254,1955,0.92247,0.96689,0.95408,0.98005
A_dice_s4,A_dice,07,0,Q4_clearest,0,7433,2033,0.97168,0.99683,0.99464,0.99902
A_dice_s4,A_dice,07,20,Q1_dimmest,193,8316,2808,0.46532,0.43001,0.67815,0.31481
A_dice_s4,A_dice,07,20,Q2,38,7149,2172,0.81869,0.81571,0.85274,0.78177
A_dice_s4,A_dice,07,20,Q3,5,7254,1955,0.92236,0.96654,0.9573,0.97596
A_dice_s4,A_dice,07,20,Q4_clearest,0,7433,2033,0.97175,0.99683,0.99464,0.99902
A_dice_s4,A_dice,08,0,Q1_dimmest,291,9976,3245,0.5181,0.48485,0.65673,0.38428
A_dice_s4,A_dice,08,0,Q2,37,8461,2479,0.85115,0.85022,0.83834,0.86244
A_dice_s4,A_dice,08,0,Q3,4,6640,1970,0.93384,0.97112,0.96565,0.97665
A_dice_s4,A_dice,08,0,Q4_clearest,0,3312,891,0.97387,0.99045,0.9944,0.98653
A_dice_s4,A_dice,08,20,Q1_dimmest,255,9976,3245,0.51435,0.47678,0.68993,0.36425
A_dice_s4,A_dice,08,20,Q2,33,8461,2479,0.85058,0.8487,0.84547,0.85196
A_dice_s4,A_dice,08,20,Q3,4,6640,1970,0.93478,0.97355,0.97047,0.97665
A_dice_s4,A_dice,08,20,Q4_clearest,0,3312,891,0.97387,0.99045,0.9944,0.98653
A_dice_s4,A_dice,09,0,Q1_dimmest,292,9368,3406,0.52843,0.52802,0.67776,0.43247
A_dice_s4,A_dice,09,0,Q2,41,7639,2383,0.85579,0.87947,0.85746,0.90264
A_dice_s4,A_dice,09,0,Q3,3,6249,1936,0.93592,0.97766,0.9699,0.98554
A_dice_s4,A_dice,09,0,Q4_clearest,4,3485,1001,0.97661,0.99296,1.0,0.98601
A_dice_s4,A_dice,09,20,Q1_dimmest,269,9368,3406,0.52395,0.51807,0.68885,0.41515
A_dice_s4,A_dice,09,20,Q2,39,7639,2383,0.85519,0.87894,0.86296,0.89551
A_dice_s4,A_dice,09,20,Q3,3,6249,1936,0.93657,0.97948,0.9735,0.98554
A_dice_s4,A_dice,09,20,Q4_clearest,4,3485,1001,0.97632,0.99296,1.0,0.98601
A_dice_s4,A_dice,10,0,Q1_dimmest,292,7560,3177,0.51155,0.47273,0.56201,0.40793
A_dice_s4,A_dice,10,0,Q2,38,6756,2369,0.81856,0.82105,0.7821,0.86408
A_dice_s4,A_dice,10,0,Q3,3,6741,2035,0.91072,0.95858,0.92636,0.99312
A_dice_s4,A_dice,10,0,Q4_clearest,0,6099,1556,0.95941,0.99527,0.99058,1.0
A_dice_s4,A_dice,10,20,Q1_dimmest,273,7560,3177,0.50995,0.47022,0.57874,0.39597
A_dice_s4,A_dice,10,20,Q2,34,6756,2369,0.8172,0.81717,0.78415,0.8531
A_dice_s4,A_dice,10,20,Q3,3,6741,2035,0.91069,0.95827,0.92793,0.99066
A_dice_s4,A_dice,10,20,Q4_clearest,0,6099,1556,0.95964,0.99628,0.99258,1.0
A_dice_s4,A_dice,11,0,Q1_dimmest,313,6386,2930,0.47734,0.42181,0.54764,0.343
A_dice_s4,A_dice,11,0,Q2,53,5601,2186,0.78804,0.75815,0.72528,0.79414
A_dice_s4,A_dice,11,0,Q3,10,6593,2129,0.87209,0.91146,0.86561,0.96242
A_dice_s4,A_dice,11,0,Q4_clearest,0,10959,3211,0.93922,0.98345,0.96891,0.99844
A_dice_s4,A_dice,11,20,Q1_dimmest,281,6386,2930,0.46782,0.40056,0.55951,0.31195
A_dice_s4,A_dice,11,20,Q2,38,5601,2186,0.78681,0.75637,0.73867,0.77493
A_dice_s4,A_dice,11,20,Q3,9,6593,2129,0.87233,0.91188,0.86715,0.96148
A_dice_s4,A_dice,11,20,Q4_clearest,0,10959,3211,0.93934,0.98392,0.96981,0.99844
A_dice_s4,A_dice,12,0,Q1_dimmest,234,6741,2151,0.5611,0.5627,0.64845,0.49698
A_dice_s4,A_dice,12,0,Q2,59,7686,2661,0.81978,0.83597,0.80679,0.86734
A_dice_s4,A_dice,12,0,Q3,3,7976,2374,0.90691,0.95382,0.92883,0.9802
A_dice_s4,A_dice,12,0,Q4_clearest,0,6087,1526,0.95923,0.99513,0.99031,1.0
A_dice_s4,A_dice,12,20,Q1_dimmest,219,6741,2151,0.56341,0.57378,0.69397,0.48907
A_dice_s4,A_dice,12,20,Q2,52,7686,2661,0.81912,0.83518,0.81735,0.85381
A_dice_s4,A_dice,12,20,Q3,2,7976,2374,0.9071,0.95413,0.93131,0.9781
A_dice_s4,A_dice,12,20,Q4_clearest,0,6087,1526,0.95938,0.99578,0.99159,1.0
A_dice_s4,A_dice,13,0,Q1_dimmest,279,8947,3161,0.53726,0.51073,0.6165,0.43594
A_dice_s4,A_dice,13,0,Q2,63,7970,2798,0.81792,0.81044,0.78643,0.83595
A_dice_s4,A_dice,13,0,Q3,3,7295,2120,0.91922,0.95828,0.93906,0.9783
A_dice_s4,A_dice,13,0,Q4_clearest,0,8047,2107,0.97705,0.99649,0.993,1.0
A_dice_s4,A_dice,13,20,Q1_dimmest,245,8947,3161,0.53171,0.49786,0.63289,0.41031
A_dice_s4,A_dice,13,20,Q2,59,7970,2798,0.81566,0.80501,0.78969,0.82094
A_dice_s4,A_dice,13,20,Q3,3,7295,2120,0.91956,0.95942,0.94213,0.97736
A_dice_s4,A_dice,13,20,Q4_clearest,0,8047,2107,0.97705,0.99649,0.993,1.0
A_dice_s4,A_dice,14,0,Q1_dimmest,200,4886,1623,0.50824,0.50588,0.5155,0.49661
A_dice_s4,A_dice,14,0,Q2,54,6453,2243,0.79026,0.78601,0.72092,0.86402
A_dice_s4,A_dice,14,0,Q3,2,8104,2470,0.89083,0.93825,0.89207,0.98947
A_dice_s4,A_dice,14,0,Q4_clearest,0,7234,2022,0.9519,0.99388,0.98783,1.0
A_dice_s4,A_dice,14,20,Q1_dimmest,179,4886,1623,0.51279,0.52245,0.57143,0.48121
A_dice_s4,A_dice,14,20,Q2,51,6453,2243,0.78968,0.78203,0.7289,0.84351
A_dice_s4,A_dice,14,20,Q3,2,8104,2470,0.89173,0.94124,0.8985,0.98826
A_dice_s4,A_dice,14,20,Q4_clearest,0,7234,2022,0.9519,0.99388,0.98783,1.0
A_dice_s4,A_dice,15,0,Q1_dimmest,175,4357,1638,0.52574,0.541,0.525,0.558
A_dice_s4,A_dice,15,0,Q2,24,5141,1751,0.75021,0.77442,0.67257,0.91262
A_dice_s4,A_dice,15,0,Q3,2,6066,1760,0.84379,0.90087,0.82231,0.99602
A_dice_s4,A_dice,15,0,Q4_clearest,1,8050,2502,0.92924,0.97306,0.94825,0.9992
A_dice_s4,A_dice,15,20,Q1_dimmest,165,4357,1638,0.52978,0.5553,0.57116,0.54029
A_dice_s4,A_dice,15,20,Q2,22,5141,1751,0.75533,0.78699,0.69676,0.90405
A_dice_s4,A_dice,15,20,Q3,2,6066,1760,0.84866,0.91581,0.84755,0.99602
A_dice_s4,A_dice,15,20,Q4_clearest,1,8050,2502,0.93112,0.97783,0.95736,0.9992
A_dice_s4,A_dice,16,0,Q1_dimmest,280,6445,1959,0.57418,0.61568,0.74063,0.5268
A_dice_s4,A_dice,16,0,Q2,57,6977,2256,0.84978,0.891,0.89327,0.88874
A_dice_s4,A_dice,16,0,Q3,1,7630,2131,0.8986,0.96227,0.9326,0.9939
A_dice_s4,A_dice,16,0,Q4_clearest,1,8739,2466,0.93663,0.98546,0.97172,0.99959
A_dice_s4,A_dice,16,20,Q1_dimmest,262,6445,1959,0.57317,0.61876,0.77131,0.51659
A_dice_s4,A_dice,16,20,Q2,57,6977,2256,0.85049,0.89396,0.90756,0.88076
A_dice_s4,A_dice,16,20,Q3,1,7630,2131,0.90109,0.97094,0.94987,0.99296
A_dice_s4,A_dice,16,20,Q4_clearest,1,8739,2466,0.93733,0.98686,0.97444,0.99959
A_dice_s4,A_dice,17,0,Q1_dimmest,280,7862,2585,0.55459,0.57132,0.74467,0.46344
A_dice_s4,A_dice,17,0,Q2,34,7104,2140,0.84859,0.8851,0.8861,0.88411
A_dice_s4,A_dice,17,0,Q3,7,7222,1826,0.90724,0.97034,0.95695,0.98412
A_dice_s4,A_dice,17,0,Q4_clearest,0,5664,1433,0.9284,0.99059,0.9861,0.99512
A_dice_s4,A_dice,17,20,Q1_dimmest,254,7862,2585,0.55147,0.56806,0.78318,0.44565
A_dice_s4,A_dice,17,20,Q2,30,7104,2140,0.8502,0.89172,0.91138,0.8729
A_dice_s4,A_dice,17,20,Q3,6,7222,1826,0.90729,0.97078,0.95987,0.98193
A_dice_s4,A_dice,17,20,Q4_clearest,0,5664,1433,0.9284,0.99059,0.9861,0.99512
A_dice_s4,A_dice,18,0,Q1_dimmest,184,4966,1759,0.59965,0.62247,0.7126,0.55259
A_dice_s4,A_dice,18,0,Q2,43,6044,1968,0.82061,0.88196,0.87092,0.89329
A_dice_s4,A_dice,18,0,Q3,5,7429,2081,0.85602,0.96013,0.93123,0.99087
A_dice_s4,A_dice,18,0,Q4_clearest,0,7705,1851,0.89621,0.99157,0.98485,0.99838
A_dice_s4,A_dice,18,20,Q1_dimmest,174,4966,1759,0.59895,0.62629,0.74634,0.53951
A_dice_s4,A_dice,18,20,Q2,36,6044,1968,0.81991,0.88265,0.88066,0.88465
A_dice_s4,A_dice,18,20,Q3,5,7429,2081,0.85719,0.96491,0.94157,0.98943
A_dice_s4,A_dice,18,20,Q4_clearest,0,7705,1851,0.89627,0.99183,0.98536,0.99838
A_dice_s4,A_dice,19,0,Q1_dimmest,150,3731,1722,0.64215,0.66319,0.70359,0.62718
A_dice_s4,A_dice,19,0,Q2,28,6957,2067,0.80153,0.85328,0.78186,0.93904
A_dice_s4,A_dice,19,0,Q3,1,8771,2610,0.893,0.96384,0.93659,0.99272
A_dice_s4,A_dice,19,0,Q4_clearest,0,7909,2077,0.96221,0.99462,0.99023,0.99904
A_dice_s4,A_dice,19,20,Q1_dimmest,148,3731,1722,0.64534,0.67129,0.72597,0.62427
A_dice_s4,A_dice,19,20,Q2,26,6957,2067,0.8062,0.86507,0.80475,0.93517
A_dice_s4,A_dice,19,20,Q3,1,8771,2610,0.89499,0.97054,0.95039,0.99157
A_dice_s4,A_dice,19,20,Q4_clearest,0,7909,2077,0.96245,0.99559,0.99217,0.99904
A_dice_s4,A_dice,20,0,Q1_dimmest,205,5411,1924,0.61281,0.63251,0.63722,0.62786
A_dice_s4,A_dice,20,0,Q2,28,7210,2225,0.80835,0.85747,0.79097,0.93618
A_dice_s4,A_dice,20,0,Q3,2,6951,2027,0.8693,0.95191,0.91568,0.99112
A_dice_s4,A_dice,20,0,Q4_clearest,1,4693,1197,0.93478,0.98335,0.97278,0.99415
A_dice_s4,A_dice,20,20,Q1_dimmest,189,5411,1924,0.61152,0.63113,0.65475,0.60915
A_dice_s4,A_dice,20,20,Q2,26,7210,2225,0.81203,0.86884,0.81601,0.92899
A_dice_s4,A_dice,20,20,Q3,2,6951,2027,0.87238,0.96299,0.9373,0.99013
A_dice_s4,A_dice,20,20,Q4_clearest,1,4693,1197,0.93541,0.98613,0.97824,0.99415
A_dice_s5,A_dice,01,0,Q1_dimmest,208,4597,1791,0.56225,0.57084,0.5567,0.58571
A_dice_s5,A_dice,01,0,Q2,44,6946,2500,0.79807,0.84254,0.78116,0.9144
A_dice_s5,A_dice,01,0,Q3,5,8473,2538,0.87207,0.95803,0.92966,0.98818
A_dice_s5,A_dice,01,0,Q4_clearest,1,9424,2483,0.92963,0.99031,0.98197,0.99879
A_dice_s5,A_dice,01,20,Q1_dimmest,191,4597,1791,0.56229,0.57309,0.58314,0.56337
A_dice_s5,A_dice,01,20,Q2,40,6946,2500,0.79913,0.84575,0.7924,0.9068
A_dice_s5,A_dice,01,20,Q3,5,8473,2538,0.87217,0.95853,0.93237,0.98621
A_dice_s5,A_dice,01,20,Q4_clearest,1,9424,2483,0.92991,0.99111,0.98355,0.99879
A_dice_s5,A_dice,02,0,Q1_dimmest,239,5691,1790,0.48617,0.47872,0.4759,0.48156
A_dice_s5,A_dice,02,0,Q2,45,6606,1861,0.79798,0.78051,0.70703,0.87104
A_dice_s5,A_dice,02,0,Q3,2,8662,2260,0.90411,0.94924,0.91111,0.99071
A_dice_s5,A_dice,02,0,Q4_clearest,0,12831,3378,0.96344,0.99223,0.98458,1.0
A_dice_s5,A_dice,02,20,Q1_dimmest,212,5691,1790,0.48162,0.4697,0.50267,0.44078
A_dice_s5,A_dice,02,20,Q2,39,6606,1861,0.79746,0.77863,0.71865,0.84954
A_dice_s5,A_dice,02,20,Q3,2,8662,2260,0.906,0.9567,0.92495,0.99071
A_dice_s5,A_dice,02,20,Q4_clearest,0,12831,3378,0.96348,0.99223,0.98458,1.0
A_dice_s5,A_dice,03,0,Q1_dimmest,282,10358,3377,0.49353,0.50037,0.5521,0.45751
A_dice_s5,A_dice,03,0,Q2,35,9353,2708,0.8334,0.86094,0.82582,0.89919
A_dice_s5,A_dice,03,0,Q3,3,8095,2089,0.93777,0.96502,0.94437,0.9866
A_dice_s5,A_dice,03,0,Q4_clearest,0,5087,1047,0.98959,1.0,1.0,1.0
A_dice_s5,A_dice,03,20,Q1_dimmest,260,10358,3377,0.49385,0.50441,0.58303,0.44448
A_dice_s5,A_dice,03,20,Q2,33,9353,2708,0.83325,0.86051,0.83165,0.89143
A_dice_s5,A_dice,03,20,Q3,2,8095,2089,0.93887,0.96808,0.95069,0.98612
A_dice_s5,A_dice,03,20,Q4_clearest,0,5087,1047,0.98959,1.0,1.0,1.0
A_dice_s5,A_dice,04,0,Q1_dimmest,248,7750,3035,0.48589,0.45918,0.57275,0.3832
A_dice_s5,A_dice,04,0,Q2,34,6017,1865,0.80823,0.8287,0.78485,0.87775
A_dice_s5,A_dice,04,0,Q3,2,6293,1680,0.91909,0.95963,0.93329,0.9875
A_dice_s5,A_dice,04,0,Q4_clearest,0,10294,2346,0.97632,0.99269,0.9859,0.99957
A_dice_s5,A_dice,04,20,Q1_dimmest,215,7750,3035,0.48063,0.44917,0.594,0.36112
A_dice_s5,A_dice,04,20,Q2,29,6017,1865,0.80671,0.82424,0.79174,0.85952
A_dice_s5,A_dice,04,20,Q3,2,6293,1680,0.91942,0.96109,0.93606,0.9875
A_dice_s5,A_dice,04,20,Q4_clearest,0,10294,2346,0.97674,0.99414,0.98877,0.99957
A_dice_s5,A_dice,05,0,Q1_dimmest,308,9685,3539,0.46531,0.43826,0.58734,0.34953
A_dice_s5,A_dice,05,0,Q2,32,7440,2198,0.84556,0.8547,0.82809,0.88308
A_dice_s5,A_dice,05,0,Q3,2,7606,2186,0.94279,0.98358,0.97421,0.99314
A_dice_s5,A_dice,05,0,Q4_clearest,1,6179,1663,0.97626,0.99681,0.99482,0.9988
A_dice_s5,A_dice,05,20,Q1_dimmest,273,9685,3539,0.46161,0.43146,0.62491,0.32947
A_dice_s5,A_dice,05,20,Q2,30,7440,2198,0.84622,0.85643,0.84211,0.87125
A_dice_s5,A_dice,05,20,Q3,2,7606,2186,0.94284,0.98358,0.97421,0.99314
A_dice_s5,A_dice,05,20,Q4_clearest,1,6179,1663,0.97626,0.99681,0.99482,0.9988
A_dice_s5,A_dice,06,0,Q1_dimmest,357,10790,3981,0.48688,0.48985,0.63708,0.39789
A_dice_s5,A_dice,06,0,Q2,51,7933,2378,0.83779,0.83736,0.83247,0.8423
A_dice_s5,A_dice,06,0,Q3,1,7891,2229,0.95064,0.98088,0.96624,0.99596
A_dice_s5,A_dice,06,0,Q4_clearest,0,5502,1401,0.98125,0.99608,0.99289,0.99929
A_dice_s5,A_dice,06,20,Q1_dimmest,319,10790,3981,0.48281,0.4813,0.68234,0.37177
A_dice_s5,A_dice,06,20,Q2,41,7933,2378,0.83793,0.83689,0.85401,0.82044
A_dice_s5,A_dice,06,20,Q3,0,7891,2229,0.95218,0.9836,0.97368,0.99372
A_dice_s5,A_dice,06,20,Q4_clearest,0,5502,1401,0.98125,0.99608,0.99289,0.99929
A_dice_s5,A_dice,07,0,Q1_dimmest,241,8316,2808,0.4579,0.45572,0.57734,0.37642
A_dice_s5,A_dice,07,0,Q2,45,7149,2172,0.80934,0.80866,0.79722,0.82044
A_dice_s5,A_dice,07,0,Q3,6,7254,1955,0.92701,0.96856,0.95831,0.97903
A_dice_s5,A_dice,07,0,Q4_clearest,0,7433,2033,0.97375,0.99564,0.99229,0.99902
A_dice_s5,A_dice,07,20,Q1_dimmest,206,8316,2808,0.45239,0.44666,0.60927,0.35256
A_dice_s5,A_dice,07,20,Q2,36,7149,2172,0.81088,0.81119,0.8116,0.81077
A_dice_s5,A_dice,07,20,Q3,5,7254,1955,0.92785,0.97096,0.96501,0.97698
A_dice_s5,A_dice,07,20,Q4_clearest,0,7433,2033,0.97375,0.99564,0.99229,0.99902
A_dice_s5,A_dice,08,0,Q1_dimmest,305,9976,3245,0.52228,0.50856,0.60999,0.43606
A_dice_s5,A_dice,08,0,Q2,35,8461,2479,0.85281,0.85162,0.80984,0.89794
A_dice_s5,A_dice,08,0,Q3,3,6640,1970,0.93645,0.97184,0.95637,0.98782
A_dice_s5,A_dice,08,0,Q4_clearest,0,3312,891,0.97588,0.99328,0.99105,0.99551
A_dice_s5,A_dice,08,20,Q1_dimmest,275,9976,3245,0.52128,0.50723,0.64085,0.41972
A_dice_s5,A_dice,08,20,Q2,30,8461,2479,0.85379,0.85425,0.82378,0.88705
A_dice_s5,A_dice,08,20,Q3,3,6640,1970,0.93771,0.97421,0.96193,0.9868
A_dice_s5,A_dice,08,20,Q4_clearest,0,3312,891,0.97588,0.99328,0.99105,0.99551
A_dice_s5,A_dice,09,0,Q1_dimmest,290,9368,3406,0.54153,0.54084,0.63727,0.46976
A_dice_s5,A_dice,09,0,Q2,43,7639,2383,0.85553,0.87033,0.82963,0.91523
A_dice_s5,A_dice,09,0,Q3,0,6249,1936,0.94836,0.98473,0.97089,0.99897
A_dice_s5,A_dice,09,0,Q4_clearest,0,3485,1001,0.98307,0.99901,0.99802,1.0
A_dice_s5,A_dice,09,20,Q1_dimmest,261,9368,3406,0.5407,0.53999,0.67345,0.45068
A_dice_s5,A_dice,09,20,Q2,38,7639,2383,0.85664,0.87347,0.84066,0.90894
A_dice_s5,A_dice,09,20,Q3,0,6249,1936,0.94865,0.98525,0.9719,0.99897
A_dice_s5,A_dice,09,20,Q4_clearest,0,3485,1001,0.98307,0.99901,0.99802,1.0
A_dice_s5,A_dice,10,0,Q1_dimmest,308,7560,3177,0.50976,0.49245,0.53085,0.45924
A_dice_s5,A_dice,10,0,Q2,45,6756,2369,0.81505,0.81843,0.76104,0.88518
A_dice_s5,A_dice,10,0,Q3,5,6741,2035,0.91252,0.95777,0.92442,0.99361
A_dice_s5,A_dice,10,0,Q4_clearest,0,6099,1556,0.95933,0.99437,0.98944,0.99936
A_dice_s5,A_dice,10,20,Q1_dimmest,284,7560,3177,0.5073,0.48832,0.55197,0.43783
A_dice_s5,A_dice,10,20,Q2,42,6756,2369,0.81494,0.81843,0.76837,0.87547
A_dice_s5,A_dice,10,20,Q3,5,6741,2035,0.91351,0.96058,0.9301,0.99312
A_dice_s5,A_dice,10,20,Q4_clearest,0,6099,1556,0.96009,0.99669,0.99403,0.99936
A_dice_s5,A_dice,11,0,Q1_dimmest,335,6386,2930,0.45677,0.42362,0.51581,0.35939
A_dice_s5,A_dice,11,0,Q2,53,5601,2186,0.78149,0.75465,0.70046,0.81793
A_dice_s5,A_dice,11,0,Q3,6,6593,2129,0.86974,0.89844,0.8371,0.96947
A_dice_s5,A_dice,11,0,Q4_clearest,0,10959,3211,0.93884,0.97929,0.96027,0.99907
A_dice_s5,A_dice,11,20,Q1_dimmest,304,6386,2930,0.45143,0.4107,0.53279,0.33413
A_dice_s5,A_dice,11,20,Q2,47,5601,2186,0.78156,0.7533,0.71132,0.80055
A_dice_s5,A_dice,11,20,Q3,5,6593,2129,0.87091,0.90193,0.84461,0.96759
A_dice_s5,A_dice,11,20,Q4_clearest,0,10959,3211,0.939,0.97991,0.96147,0.99907
A_dice_s5,A_dice,12,0,Q1_dimmest,226,6741,2151,0.5545,0.57204,0.60264,0.5444
A_dice_s5,A_dice,12,0,Q2,52,7686,2661,0.82435,0.84049,0.79992,0.88538
A_dice_s5,A_dice,12,0,Q3,4,7976,2374,0.90472,0.95194,0.92451,0.98104
A_dice_s5,A_dice,12,0,Q4_clearest,1,6087,1526,0.95985,0.99273,0.9862,0.99934
A_dice_s5,A_dice,12,20,Q1_dimmest,206,6741,2151,0.55567,0.58073,0.63885,0.53231
A_dice_s5,A_dice,12,20,Q2,47,7686,2661,0.82495,0.8429,0.81223,0.87599
A_dice_s5,A_dice,12,20,Q3,4,7976,2374,0.90611,0.95547,0.93233,0.97978
A_dice_s5,A_dice,12,20,Q4_clearest,1,6087,1526,0.95985,0.99273,0.9862,0.99934
A_dice_s5,A_dice,13,0,Q1_dimmest,305,8947,3161,0.52692,0.50256,0.55614,0.4584
A_dice_s5,A_dice,13,0,Q2,61,7970,2798,0.81275,0.80634,0.75934,0.85954
A_dice_s5,A_dice,13,0,Q3,5,7295,2120,0.91724,0.95558,0.93431,0.97783
A_dice_s5,A_dice,13,0,Q4_clearest,0,8047,2107,0.97758,0.99811,0.99622,1.0
A_dice_s5,A_dice,13,20,Q1_dimmest,275,8947,3161,0.52543,0.50117,0.58935,0.43594
A_dice_s5,A_dice,13,20,Q2,52,7970,2798,0.81258,0.80603,0.77572,0.83881
A_dice_s5,A_dice,13,20,Q3,5,7295,2120,0.91803,0.95867,0.94156,0.97642
A_dice_s5,A_dice,13,20,Q4_clearest,0,8047,2107,0.97758,0.99811,0.99622,1.0
A_dice_s5,A_dice,14,0,Q1_dimmest,213,4886,1623,0.50107,0.51508,0.48854,0.54467
A_dice_s5,A_dice,14,0,Q2,51,6453,2243,0.78543,0.78628,0.70541,0.8881
A_dice_s5,A_dice,14,0,Q3,8,8104,2470,0.89056,0.93736,0.88981,0.99028
A_dice_s5,A_dice,14,0,Q4_clearest,0,7234,2022,0.95139,0.9916,0.98333,1.0
A_dice_s5,A_dice,14,20,Q1_dimmest,203,4886,1623,0.50822,0.52974,0.52418,0.53543
A_dice_s5,A_dice,14,20,Q2,48,6453,2243,0.78926,0.7971,0.72782,0.88096
A_dice_s5,A_dice,14,20,Q3,8,8104,2470,0.89253,0.94245,0.89936,0.98988
A_dice_s5,A_dice,14,20,Q4_clearest,0,7234,2022,0.9517,0.99209,0.9843,1.0
A_dice_s5,A_dice,15,0,Q1_dimmest,158,4357,1638,0.4596,0.48798,0.46147,0.5177
A_dice_s5,A_dice,15,0,Q2,25,5141,1751,0.73512,0.75661,0.65081,0.90348
A_dice_s5,A_dice,15,0,Q3,3,6066,1760,0.8394,0.90246,0.82574,0.99489
A_dice_s5,A_dice,15,0,Q4_clearest,0,8050,2502,0.93046,0.97451,0.95029,1.0
A_dice_s5,A_dice,15,20,Q1_dimmest,147,4357,1638,0.46316,0.49922,0.4931,0.50549
A_dice_s5,A_dice,15,20,Q2,23,5141,1751,0.74387,0.77767,0.68826,0.89377
A_dice_s5,A_dice,15,20,Q3,3,6066,1760,0.84302,0.91396,0.84521,0.99489
A_dice_s5,A_dice,15,20,Q4_clearest,0,8050,2502,0.93143,0.97719,0.9554,1.0
A_dice_s5,A_dice,16,0,Q1_dimmest,258,6445,1959,0.58155,0.62231,0.68492,0.57019
A_dice_s5,A_dice,16,0,Q2,57,6977,2256,0.84287,0.87453,0.85829,0.8914
A_dice_s5,A_dice,16,0,Q3,2,7630,2131,0.90286,0.95977,0.92914,0.99249
A_dice_s5,A_dice,16,0,Q4_clearest,1,8739,2466,0.9395,0.98246,0.96591,0.99959
A_dice_s5,A_dice,16,20,Q1_dimmest,245,6445,1959,0.58051,0.63011,0.7352,0.5513
A_dice_s5,A_dice,16,20,Q2,51,6977,2256,0.84403,0.88075,0.88431,0.87722
A_dice_s5,A_dice,16,20,Q3,2,7630,2131,0.90326,0.96137,0.93339,0.99108
A_dice_s5,A_dice,16,20,Q4_clearest,1,8739,2466,0.93975,0.98325,0.96743,0.99959
A_dice_s5,A_dice,17,0,Q1_dimmest,271,7862,2585,0.56901,0.58866,0.68435,0.51644
A_dice_s5,A_dice,17,0,Q2,35,7104,2140,0.8477,0.88061,0.85905,0.90327
A_dice_s5,A_dice,17,0,Q3,3,7222,1826,0.91449,0.97531,0.95988,0.99124
A_dice_s5,A_dice,17,0,Q4_clearest,1,5664,1433,0.93363,0.99113,0.98444,0.99791
A_dice_s5,A_dice,17,20,Q1_dimmest,244,7862,2585,0.57041,0.59569,0.73626,0.50019
A_dice_s5,A_dice,17,20,Q2,32,7104,2140,0.85004,0.88829,0.88826,0.88832
A_dice_s5,A_dice,17,20,Q3,1,7222,1826,0.91589,0.97908,0.96878,0.98959
A_dice_s5,A_dice,17,20,Q4_clearest,1,5664,1433,0.93341,0.99044,0.98581,0.99512
A_dice_s5,A_dice,18,0,Q1_dimmest,197,4966,1759,0.61959,0.63933,0.67161,0.61001
A_dice_s5,A_dice,18,0,Q2,39,6044,1968,0.82751,0.88296,0.85164,0.91667
A_dice_s5,A_dice,18,0,Q3,2,7429,2081,0.86213,0.963,0.93451,0.99327
A_dice_s5,A_dice,18,0,Q4_clearest,0,7705,1851,0.89916,0.98701,0.97435,1.0
A_dice_s5,A_dice,18,20,Q1_dimmest,188,4966,1759,0.62277,0.64897,0.70228,0.60318
A_dice_s5,A_dice,18,20,Q2,38,6044,1968,0.82955,0.89044,0.86978,0.91209
A_dice_s5,A_dice,18,20,Q3,2,7429,2081,0.86461,0.97253,0.95264,0.99327
A_dice_s5,A_dice,18,20,Q4_clearest,0,7705,1851,0.89984,0.98984,0.97988,1.0
A_dice_s5,A_dice,19,0,Q1_dimmest,149,3731,1722,0.64713,0.66991,0.67437,0.66551
A_dice_s5,A_dice,19,0,Q2,32,6957,2067,0.79767,0.84518,0.76108,0.95017
A_dice_s5,A_dice,19,0,Q3,0,8771,2610,0.89812,0.95984,0.92476,0.9977
A_dice_s5,A_dice,19,0,Q4_clearest,0,7909,2077,0.96521,0.9961,0.99317,0.99904
A_dice_s5,A_dice,19,20,Q1_dimmest,141,3731,1722,0.648,0.67612,0.69925,0.65447
A_dice_s5,A_dice,19,20,Q2,31,6957,2067,0.80188,0.85626,0.77989,0.9492
A_dice_s5,A_dice,19,20,Q3,0,8771,2610,0.90036,0.96607,0.93638,0.9977
A_dice_s5,A_dice,19,20,Q4_clearest,0,7909,2077,0.9655,0.99732,0.9956,0.99904
A_dice_s5,A_dice,20,0,Q1_dimmest,193,5411,1924,0.60478,0.61771,0.57038,0.6736
A_dice_s5,A_dice,20,0,Q2,22,7210,2225,0.80474,0.84742,0.76332,0.95236
A_dice_s5,A_dice,20,0,Q3,1,6951,2027,0.87111,0.9408,0.89056,0.99704
A_dice_s5,A_dice,20,0,Q4_clearest,0,4693,1197,0.94082,0.98176,0.96417,1.0
A_dice_s5,A_dice,20,20,Q1_dimmest,185,5411,1924,0.61105,0.63588,0.61565,0.65748
A_dice_s5,A_dice,20,20,Q2,18,7210,2225,0.8109,0.8637,0.79294,0.94831
A_dice_s5,A_dice,20,20,Q3,1,6951,2027,0.87418,0.94936,0.90604,0.99704
A_dice_s5,A_dice,20,20,Q4_clearest,0,4693,1197,0.94167,0.98449,0.96946,1.0
A_dice_w32_s0,A_dice_w32,01,0,Q1_dimmest,199,4597,1791,0.54622,0.55429,0.57131,0.53825
A_dice_w32_s0,A_dice_w32,01,0,Q2,57,6946,2500,0.78696,0.83235,0.78927,0.8804
A_dice_w32_s0,A_dice_w32,01,0,Q3,15,8473,2538,0.86863,0.95453,0.94472,0.96454
A_dice_w32_s0,A_dice_w32,01,0,Q4_clearest,0,9424,2483,0.9268,0.98684,0.97594,0.99799
A_dice_w32_s0,A_dice_w32,01,20,Q1_dimmest,180,4597,1791,0.54539,0.55487,0.58576,0.52708
A_dice_w32_s0,A_dice_w32,01,20,Q2,56,6946,2500,0.78637,0.83067,0.79475,0.87
A_dice_w32_s0,A_dice_w32,01,20,Q3,15,8473,2538,0.869,0.95653,0.94981,0.96336
A_dice_w32_s0,A_dice_w32,01,20,Q4_clearest,0,9424,2483,0.92703,0.98763,0.97748,0.99799
A_dice_w32_s0,A_dice_w32,02,0,Q1_dimmest,230,5691,1790,0.47783,0.4643,0.49186,0.43966
A_dice_w32_s0,A_dice_w32,02,0,Q2,48,6606,1861,0.80379,0.79485,0.74886,0.84686
A_dice_w32_s0,A_dice_w32,02,0,Q3,6,8662,2260,0.90804,0.95675,0.92932,0.98584
A_dice_w32_s0,A_dice_w32,02,0,Q4_clearest,1,12831,3378,0.964,0.99184,0.98525,0.99852
A_dice_w32_s0,A_dice_w32,02,20,Q1_dimmest,202,5691,1790,0.47682,0.46289,0.51791,0.41844
A_dice_w32_s0,A_dice_w32,02,20,Q2,42,6606,1861,0.80033,0.78474,0.7556,0.81623
A_dice_w32_s0,A_dice_w32,02,20,Q3,6,8662,2260,0.90887,0.95952,0.93577,0.98451
A_dice_w32_s0,A_dice_w32,02,20,Q4_clearest,1,12831,3378,0.96393,0.99184,0.98524,0.99852
A_dice_w32_s0,A_dice_w32,03,0,Q1_dimmest,278,10358,3377,0.49048,0.49686,0.57457,0.43767
A_dice_w32_s0,A_dice_w32,03,0,Q2,47,9353,2708,0.83276,0.85938,0.84795,0.87112
A_dice_w32_s0,A_dice_w32,03,0,Q3,2,8095,2089,0.94232,0.97354,0.96448,0.98277
A_dice_w32_s0,A_dice_w32,03,0,Q4_clearest,0,5087,1047,0.9893,0.99956,0.99913,1.0
A_dice_w32_s0,A_dice_w32,03,20,Q1_dimmest,257,10358,3377,0.4883,0.49237,0.58751,0.42375
A_dice_w32_s0,A_dice_w32,03,20,Q2,41,9353,2708,0.83211,0.85846,0.85288,0.86411
A_dice_w32_s0,A_dice_w32,03,20,Q3,2,8095,2089,0.94327,0.97666,0.9711,0.98229
A_dice_w32_s0,A_dice_w32,03,20,Q4_clearest,0,5087,1047,0.9893,0.99956,0.99913,1.0
A_dice_w32_s0,A_dice_w32,04,0,Q1_dimmest,227,7750,3035,0.47951,0.45464,0.60333,0.36474
A_dice_w32_s0,A_dice_w32,04,0,Q2,32,6017,1865,0.81854,0.82672,0.79633,0.85952
A_dice_w32_s0,A_dice_w32,04,0,Q3,4,6293,1680,0.91947,0.96278,0.94973,0.97619
A_dice_w32_s0,A_dice_w32,04,0,Q4_clearest,1,10294,2346,0.97454,0.98942,0.98527,0.99361
A_dice_w32_s0,A_dice_w32,04,20,Q1_dimmest,204,7750,3035,0.47451,0.44515,0.61466,0.34893
A_dice_w32_s0,A_dice_w32,04,20,Q2,30,6017,1865,0.81716,0.82406,0.80121,0.84826
A_dice_w32_s0,A_dice_w32,04,20,Q3,3,6293,1680,0.91889,0.96181,0.94954,0.9744
A_dice_w32_s0,A_dice_w32,04,20,Q4_clearest,1,10294,2346,0.97454,0.98942,0.98527,0.99361
A_dice_w32_s0,A_dice_w32,05,0,Q1_dimmest,271,9685,3539,0.46746,0.42368,0.59986,0.32749
A_dice_w32_s0,A_dice_w32,05,0,Q2,30,7440,2198,0.85359,0.85361,0.84263,0.86488
A_dice_w32_s0,A_dice_w32,05,0,Q3,0,7606,2186,0.94258,0.98499,0.97787,0.99222
A_dice_w32_s0,A_dice_w32,05,0,Q4_clearest,0,6179,1663,0.97576,0.99713,0.99427,1.0
A_dice_w32_s0,A_dice_w32,05,20,Q1_dimmest,249,9685,3539,0.46604,0.42249,0.63307,0.31704
A_dice_w32_s0,A_dice_w32,05,20,Q2,25,7440,2198,0.85485,0.85915,0.86071,0.8576
A_dice_w32_s0,A_dice_w32,05,20,Q3,0,7606,2186,0.94224,0.98428,0.97869,0.98994
A_dice_w32_s0,A_dice_w32,05,20,Q4_clearest,0,6179,1663,0.97576,0.99713,0.99427,1.0
A_dice_w32_s0,A_dice_w32,06,0,Q1_dimmest,357,10790,3981,0.47208,0.46327,0.63783,0.36373
A_dice_w32_s0,A_dice_w32,06,0,Q2,32,7933,2378,0.84111,0.83385,0.85409,0.81455
A_dice_w32_s0,A_dice_w32,06,0,Q3,1,7891,2229,0.95343,0.9853,0.97876,0.99192
A_dice_w32_s0,A_dice_w32,06,0,Q4_clearest,0,5502,1401,0.9809,0.9993,0.99859,1.0
A_dice_w32_s0,A_dice_w32,06,20,Q1_dimmest,313,10790,3981,0.46546,0.44936,0.65635,0.34162
A_dice_w32_s0,A_dice_w32,06,20,Q2,30,7933,2378,0.8375,0.82472,0.857,0.79479
A_dice_w32_s0,A_dice_w32,06,20,Q3,1,7891,2229,0.95336,0.98484,0.97916,0.99058
A_dice_w32_s0,A_dice_w32,06,20,Q4_clearest,0,5502,1401,0.9809,0.9993,0.99859,1.0
A_dice_w32_s0,A_dice_w32,07,0,Q1_dimmest,219,8316,2808,0.45955,0.46908,0.65959,0.36396
A_dice_w32_s0,A_dice_w32,07,0,Q2,40,7149,2172,0.82042,0.82233,0.83716,0.80801
A_dice_w32_s0,A_dice_w32,07,0,Q3,7,7254,1955,0.92728,0.96598,0.95916,0.97289
A_dice_w32_s0,A_dice_w32,07,0,Q4_clearest,0,7433,2033,0.97352,0.99441,0.99276,0.99606
A_dice_w32_s0,A_dice_w32,07,20,Q1_dimmest,196,8316,2808,0.45608,0.46153,0.67845,0.34972
A_dice_w32_s0,A_dice_w32,07,20,Q2,33,7149,2172,0.81979,0.82193,0.8538,0.79236
A_dice_w32_s0,A_dice_w32,07,20,Q3,6,7254,1955,0.92721,0.96589,0.96199,0.96982
A_dice_w32_s0,A_dice_w32,07,20,Q4_clearest,0,7433,2033,0.97352,0.99441,0.99276,0.99606
A_dice_w32_s0,A_dice_w32,08,0,Q1_dimmest,284,9976,3245,0.50744,0.48565,0.61004,0.40339
A_dice_w32_s0,A_dice_w32,08,0,Q2,31,8461,2479,0.85625,0.85663,0.83868,0.87535
A_dice_w32_s0,A_dice_w32,08,0,Q3,6,6640,1970,0.94118,0.97441,0.96672,0.98223
A_dice_w32_s0,A_dice_w32,08,0,Q4_clearest,1,3312,891,0.97701,0.9917,0.99127,0.99214
A_dice_w32_s0,A_dice_w32,08,20,Q1_dimmest,257,9976,3245,0.50579,0.4857,0.64161,0.39076
A_dice_w32_s0,A_dice_w32,08,20,Q2,30,8461,2479,0.85573,0.85589,0.84866,0.86325
A_dice_w32_s0,A_dice_w32,08,20,Q3,6,6640,1970,0.94136,0.97536,0.96958,0.98122
A_dice_w32_s0,A_dice_w32,08,20,Q4_clearest,1,3312,891,0.97701,0.9917,0.99127,0.99214
A_dice_w32_s0,A_dice_w32,09,0,Q1_dimmest,276,9368,3406,0.54256,0.56202,0.68132,0.47827
A_dice_w32_s0,A_dice_w32,09,0,Q2,34,7639,2383,0.85944,0.88206,0.85487,0.91104
A_dice_w32_s0,A_dice_w32,09,0,Q3,1,6249,1936,0.93671,0.9793,0.97364,0.98502
A_dice_w32_s0,A_dice_w32,09,0,Q4_clearest,0,3485,1001,0.96981,0.98789,0.999,0.97702
A_dice_w32_s0,A_dice_w32,09,20,Q1_dimmest,253,9368,3406,0.53871,0.55482,0.6967,0.46095
A_dice_w32_s0,A_dice_w32,09,20,Q2,32,7639,2383,0.85859,0.88029,0.85789,0.9039
A_dice_w32_s0,A_dice_w32,09,20,Q3,1,6249,1936,0.93671,0.9793,0.97364,0.98502
A_dice_w32_s0,A_dice_w32,09,20,Q4_clearest,0,3485,1001,0.96981,0.98789,0.999,0.97702
A_dice_w32_s0,A_dice_w32,10,0,Q1_dimmest,299,7560,3177,0.51327,0.49968,0.56853,0.4457
A_dice_w32_s0,A_dice_w32,10,0,Q2,38,6756,2369,0.82048,0.82239,0.78315,0.86577
A_dice_w32_s0,A_dice_w32,10,0,Q3,4,6741,2035,0.91653,0.9678,0.94686,0.98968
A_dice_w32_s0,A_dice_w32,10,0,Q4_clearest,0,6099,1556,0.96076,0.99575,0.99216,0.99936
A_dice_w32_s0,A_dice_w32,10,20,Q1_dimmest,281,7560,3177,0.514,0.50301,0.59099,0.43783
A_dice_w32_s0,A_dice_w32,10,20,Q2,35,6756,2369,0.81944,0.81981,0.78544,0.85732
A_dice_w32_s0,A_dice_w32,10,20,Q3,4,6741,2035,0.91543,0.9665,0.94891,0.98477
A_dice_w32_s0,A_dice_w32,10,20,Q4_clearest,0,6099,1556,0.9606,0.99542,0.99216,0.99871
A_dice_w32_s0,A_dice_w32,11,0,Q1_dimmest,313,6386,2930,0.45717,0.41546,0.52354,0.34437
A_dice_w32_s0,A_dice_w32,11,0,Q2,54,5601,2186,0.78259,0.75566,0.72225,0.79231
A_dice_w32_s0,A_dice_w32,11,0,Q3,9,6593,2129,0.8757,0.91356,0.87447,0.95632
A_dice_w32_s0,A_dice_w32,11,0,Q4_clearest,1,10959,3211,0.94451,0.98134,0.96598,0.9972
A_dice_w32_s0,A_dice_w32,11,20,Q1_dimmest,276,6386,2930,0.45108,0.40375,0.54649,0.32014
A_dice_w32_s0,A_dice_w32,11,20,Q2,49,5601,2186,0.78184,0.75471,0.73717,0.7731
A_dice_w32_s0,A_dice_w32,11,20,Q3,7,6593,2129,0.87555,0.91344,0.87542,0.95491
A_dice_w32_s0,A_dice_w32,11,20,Q4_clearest,1,10959,3211,0.94451,0.98134,0.96598,0.9972
A_dice_w32_s0,A_dice_w32,12,0,Q1_dimmest,238,6741,2151,0.54402,0.56538,0.63644,0.5086
A_dice_w32_s0,A_dice_w32,12,0,Q2,56,7686,2661,0.81675,0.84323,0.82382,0.86359
A_dice_w32_s0,A_dice_w32,12,0,Q3,6,7976,2374,0.90705,0.95735,0.94295,0.9722
A_dice_w32_s0,A_dice_w32,12,0,Q4_clearest,0,6087,1526,0.96274,0.99526,0.99122,0.99934
A_dice_w32_s0,A_dice_w32,12,20,Q1_dimmest,216,6741,2151,0.543,0.56672,0.67017,0.49093
A_dice_w32_s0,A_dice_w32,12,20,Q2,50,7686,2661,0.81651,0.84385,0.8381,0.84968
A_dice_w32_s0,A_dice_w32,12,20,Q3,6,7976,2374,0.90757,0.95929,0.94711,0.97178
A_dice_w32_s0,A_dice_w32,12,20,Q4_clearest,0,6087,1526,0.96274,0.99526,0.99122,0.99934
A_dice_w32_s0,A_dice_w32,13,0,Q1_dimmest,270,8947,3161,0.51881,0.50182,0.59116,0.43594
A_dice_w32_s0,A_dice_w32,13,0,Q2,59,7970,2798,0.82105,0.81775,0.80033,0.83595
A_dice_w32_s0,A_dice_w32,13,0,Q3,4,7295,2120,0.92146,0.96,0.94769,0.97264
A_dice_w32_s0,A_dice_w32,13,0,Q4_clearest,0,8047,2107,0.97685,0.99741,0.99578,0.99905
A_dice_w32_s0,A_dice_w32,13,20,Q1_dimmest,234,8947,3161,0.51569,0.49787,0.62483,0.41379
A_dice_w32_s0,A_dice_w32,13,20,Q2,55,7970,2798,0.81851,0.81015,0.80513,0.81523
A_dice_w32_s0,A_dice_w32,13,20,Q3,3,7295,2120,0.9218,0.96091,0.94991,0.97217
A_dice_w32_s0,A_dice_w32,13,20,Q4_clearest,0,8047,2107,0.97685,0.99741,0.99578,0.99905
A_dice_w32_s0,A_dice_w32,14,0,Q1_dimmest,205,4886,1623,0.50533,0.50334,0.48449,0.52372
A_dice_w32_s0,A_dice_w32,14,0,Q2,53,6453,2243,0.7908,0.78059,0.70504,0.87428
A_dice_w32_s0,A_dice_w32,14,0,Q3,5,8104,2470,0.89195,0.94117,0.89604,0.99109
A_dice_w32_s0,A_dice_w32,14,0,Q4_clearest,0,7234,2022,0.95253,0.9939,0.98788,1.0
A_dice_w32_s0,A_dice_w32,14,20,Q1_dimmest,193,4886,1623,0.5082,0.51499,0.52381,0.50647
A_dice_w32_s0,A_dice_w32,14,20,Q2,44,6453,2243,0.79275,0.78832,0.72639,0.86179
A_dice_w32_s0,A_dice_w32,14,20,Q3,5,8104,2470,0.89303,0.94467,0.90273,0.99069
A_dice_w32_s0,A_dice_w32,14,20,Q4_clearest,0,7234,2022,0.95253,0.9939,0.98788,1.0
A_dice_w32_s0,A_dice_w32,15,0,Q1_dimmest,162,4357,1638,0.50315,0.52713,0.52201,0.53236
A_dice_w32_s0,A_dice_w32,15,0,Q2,18,5141,1751,0.7643,0.78669,0.68837,0.91776
A_dice_w32_s0,A_dice_w32,15,0,Q3,3,6066,1760,0.85978,0.92066,0.85632,0.99545
A_dice_w32_s0,A_dice_w32,15,0,Q4_clearest,0,8050,2502,0.93831,0.98359,0.96772,1.0
A_dice_w32_s0,A_dice_w32,15,20,Q1_dimmest,149,4357,1638,0.50448,0.53176,0.54457,0.51954
A_dice_w32_s0,A_dice_w32,15,20,Q2,17,5141,1751,0.76903,0.7986,0.70921,0.91376
A_dice_w32_s0,A_dice_w32,15,20,Q3,3,6066,1760,0.86488,0.93377,0.87929,0.99545
A_dice_w32_s0,A_dice_w32,15,20,Q4_clearest,0,8050,2502,0.93946,0.98629,0.97295,1.0
A_dice_w32_s0,A_dice_w32,16,0,Q1_dimmest,259,6445,1959,0.55762,0.60678,0.69825,0.5365
A_dice_w32_s0,A_dice_w32,16,0,Q2,49,6977,2256,0.84261,0.88265,0.89182,0.87367
A_dice_w32_s0,A_dice_w32,16,0,Q3,3,7630,2131,0.90034,0.95512,0.92577,0.98639
A_dice_w32_s0,A_dice_w32,16,0,Q4_clearest,1,8739,2466,0.93631,0.97989,0.96283,0.99757
A_dice_w32_s0,A_dice_w32,16,20,Q1_dimmest,239,6445,1959,0.55686,0.61153,0.73071,0.52578
A_dice_w32_s0,A_dice_w32,16,20,Q2,44,6977,2256,0.84259,0.88494,0.90896,0.86215
A_dice_w32_s0,A_dice_w32,16,20,Q3,3,7630,2131,0.90071,0.95751,0.93196,0.98451
A_dice_w32_s0,A_dice_w32,16,20,Q4_clearest,1,8739,2466,0.93681,0.98126,0.96548,0.99757
A_dice_w32_s0,A_dice_w32,17,0,Q1_dimmest,248,7862,2585,0.56087,0.58799,0.74717,0.48472
A_dice_w32_s0,A_dice_w32,17,0,Q2,34,7104,2140,0.85389,0.8894,0.89002,0.88879
A_dice_w32_s0,A_dice_w32,17,0,Q3,5,7222,1826,0.91597,0.98065,0.97345,0.98795
A_dice_w32_s0,A_dice_w32,17,0,Q4_clearest,0,5664,1433,0.93407,0.99053,0.98124,1.0
A_dice_w32_s0,A_dice_w32,17,20,Q1_dimmest,236,7862,2585,0.56045,0.59055,0.78131,0.47466
A_dice_w32_s0,A_dice_w32,17,20,Q2,27,7104,2140,0.85415,0.89406,0.90619,0.88224
A_dice_w32_s0,A_dice_w32,17,20,Q3,5,7222,1826,0.91632,0.98168,0.97548,0.98795
A_dice_w32_s0,A_dice_w32,17,20,Q4_clearest,0,5664,1433,0.93407,0.99053,0.98124,1.0
A_dice_w32_s0,A_dice_w32,18,0,Q1_dimmest,189,4966,1759,0.59923,0.61299,0.68387,0.55543
A_dice_w32_s0,A_dice_w32,18,0,Q2,44,6044,1968,0.82432,0.88019,0.86842,0.89228
A_dice_w32_s0,A_dice_w32,18,0,Q3,4,7429,2081,0.8622,0.9654,0.94251,0.98943
A_dice_w32_s0,A_dice_w32,18,0,Q4_clearest,0,7705,1851,0.89942,0.99167,0.98506,0.99838
A_dice_w32_s0,A_dice_w32,18,20,Q1_dimmest,179,4966,1759,0.60308,0.62257,0.72453,0.54576
A_dice_w32_s0,A_dice_w32,18,20,Q2,41,6044,1968,0.82292,0.87742,0.86981,0.88516
A_dice_w32_s0,A_dice_w32,18,20,Q3,4,7429,2081,0.86412,0.97157,0.95479,0.98895
A_dice_w32_s0,A_dice_w32,18,20,Q4_clearest,0,7705,1851,0.89968,0.9927,0.98709,0.99838
A_dice_w32_s0,A_dice_w32,19,0,Q1_dimmest,138,3731,1722,0.62715,0.65135,0.65643,0.64634
A_dice_w32_s0,A_dice_w32,19,0,Q2,34,6957,2067,0.79926,0.84557,0.77429,0.9313
A_dice_w32_s0,A_dice_w32,19,0,Q3,1,8771,2610,0.89898,0.96605,0.94077,0.99272
A_dice_w32_s0,A_dice_w32,19,0,Q4_clearest,0,7909,2077,0.96339,0.99781,0.9966,0.99904
A_dice_w32_s0,A_dice_w32,19,20,Q1_dimmest,121,3731,1722,0.62615,0.64908,0.67938,0.62137
A_dice_w32_s0,A_dice_w32,19,20,Q2,30,6957,2067,0.80304,0.85858,0.80397,0.92114
A_dice_w32_s0,A_dice_w32,19,20,Q3,0,8771,2610,0.9004,0.96986,0.94874,0.99195
A_dice_w32_s0,A_dice_w32,19,20,Q4_clearest,0,7909,2077,0.96339,0.99781,0.9966,0.99904
A_dice_w32_s0,A_dice_w32,20,0,Q1_dimmest,208,5411,1924,0.61269,0.63566,0.63004,0.64137
A_dice_w32_s0,A_dice_w32,20,0,Q2,21,7210,2225,0.81169,0.8698,0.80458,0.94652
A_dice_w32_s0,A_dice_w32,20,0,Q3,1,6951,2027,0.87808,0.95486,0.91862,0.99408
A_dice_w32_s0,A_dice_w32,20,0,Q4_clearest,1,4693,1197,0.93686,0.98322,0.97413,0.99248
A_dice_w32_s0,A_dice_w32,20,20,Q1_dimmest,196,5411,1924,0.61518,0.6434,0.66263,0.62526
A_dice_w32_s0,A_dice_w32,20,20,Q2,21,7210,2225,0.81528,0.88099,0.82635,0.94337
A_dice_w32_s0,A_dice_w32,20,20,Q3,1,6951,2027,0.88077,0.96402,0.93573,0.99408
A_dice_w32_s0,A_dice_w32,20,20,Q4_clearest,1,4693,1197,0.93705,0.98322,0.97413,0.99248
A_dice_w32_s1,A_dice_w32,01,0,Q1_dimmest,210,4597,1791,0.55352,0.5651,0.57557,0.555
A_dice_w32_s1,A_dice_w32,01,0,Q2,56,6946,2500,0.79102,0.83528,0.78628,0.8908
A_dice_w32_s1,A_dice_w32,01,0,Q3,14,8473,2538,0.87313,0.9588,0.94297,0.97518
A_dice_w32_s1,A_dice_w32,01,0,Q4_clearest,1,9424,2483,0.93057,0.98814,0.97849,0.99799
A_dice_w32_s1,A_dice_w32,01,20,Q1_dimmest,201,4597,1791,0.55358,0.56575,0.59349,0.54048
A_dice_w32_s1,A_dice_w32,01,20,Q2,52,6946,2500,0.79231,0.8399,0.79804,0.8864
A_dice_w32_s1,A_dice_w32,01,20,Q3,13,8473,2538,0.874,0.96194,0.95093,0.97321
A_dice_w32_s1,A_dice_w32,01,20,Q4_clearest,1,9424,2483,0.93076,0.98894,0.98005,0.99799
A_dice_w32_s1,A_dice_w32,02,0,Q1_dimmest,232,5691,1790,0.47234,0.4592,0.47533,0.44413
A_dice_w32_s1,A_dice_w32,02,0,Q2,55,6606,1861,0.7952,0.78039,0.72636,0.8431
A_dice_w32_s1,A_dice_w32,02,0,Q3,4,8662,2260,0.90491,0.95369,0.92203,0.98761
A_dice_w32_s1,A_dice_w32,02,0,Q4_clearest,0,12831,3378,0.96646,0.99384,0.98804,0.9997
A_dice_w32_s1,A_dice_w32,02,20,Q1_dimmest,204,5691,1790,0.47195,0.46197,0.50658,0.42458
A_dice_w32_s1,A_dice_w32,02,20,Q2,50,6606,1861,0.79471,0.77651,0.73959,0.8173
A_dice_w32_s1,A_dice_w32,02,20,Q3,3,8662,2260,0.90573,0.95664,0.92756,0.98761
A_dice_w32_s1,A_dice_w32,02,20,Q4_clearest,0,12831,3378,0.96646,0.99384,0.98804,0.9997
A_dice_w32_s1,A_dice_w32,03,0,Q1_dimmest,269,10358,3377,0.50378,0.49981,0.60915,0.42375
A_dice_w32_s1,A_dice_w32,03,0,Q2,40,9353,2708,0.82255,0.83993,0.83394,0.84601
A_dice_w32_s1,A_dice_w32,03,0,Q3,8,8095,2089,0.93584,0.97087,0.96667,0.97511
A_dice_w32_s1,A_dice_w32,03,0,Q4_clearest,0,5087,1047,0.98958,0.99723,0.99732,0.99713
A_dice_w32_s1,A_dice_w32,03,20,Q1_dimmest,242,10358,3377,0.49829,0.48787,0.62945,0.39828
A_dice_w32_s1,A_dice_w32,03,20,Q2,33,9353,2708,0.82234,0.84107,0.84278,0.83936
A_dice_w32_s1,A_dice_w32,03,20,Q3,7,8095,2089,0.93644,0.97285,0.97155,0.97415
A_dice_w32_s1,A_dice_w32,03,20,Q4_clearest,0,5087,1047,0.98958,0.99723,0.99732,0.99713
A_dice_w32_s1,A_dice_w32,04,0,Q1_dimmest,219,7750,3035,0.47567,0.44747,0.59798,0.3575
A_dice_w32_s1,A_dice_w32,04,0,Q2,42,6017,1865,0.80877,0.821,0.80811,0.83432
A_dice_w32_s1,A_dice_w32,04,0,Q3,4,6293,1680,0.92048,0.96411,0.95232,0.97619
A_dice_w32_s1,A_dice_w32,04,0,Q4_clearest,1,10294,2346,0.97502,0.98883,0.98494,0.99275
A_dice_w32_s1,A_dice_w32,04,20,Q1_dimmest,200,7750,3035,0.47307,0.44218,0.62098,0.34333
A_dice_w32_s1,A_dice_w32,04,20,Q2,41,6017,1865,0.80856,0.81827,0.81459,0.82198
A_dice_w32_s1,A_dice_w32,04,20,Q3,4,6293,1680,0.92049,0.96465,0.95452,0.975
A_dice_w32_s1,A_dice_w32,04,20,Q4_clearest,1,10294,2346,0.97577,0.99029,0.98784,0.99275
A_dice_w32_s1,A_dice_w32,05,0,Q1_dimmest,284,9685,3539,0.45902,0.41301,0.60555,0.31337
A_dice_w32_s1,A_dice_w32,05,0,Q2,30,7440,2198,0.84536,0.84281,0.83587,0.84986
A_dice_w32_s1,A_dice_w32,05,0,Q3,4,7606,2186,0.94258,0.98362,0.97738,0.98994
A_dice_w32_s1,A_dice_w32,05,0,Q4_clearest,1,6179,1663,0.97775,0.99683,0.99428,0.9994
A_dice_w32_s1,A_dice_w32,05,20,Q1_dimmest,263,9685,3539,0.45316,0.40232,0.60557,0.30122
A_dice_w32_s1,A_dice_w32,05,20,Q2,27,7440,2198,0.84461,0.84329,0.84399,0.84258
A_dice_w32_s1,A_dice_w32,05,20,Q3,3,7606,2186,0.94248,0.98314,0.97822,0.98811
A_dice_w32_s1,A_dice_w32,05,20,Q4_clearest,0,6179,1663,0.97767,0.99653,0.99428,0.9988
A_dice_w32_s1,A_dice_w32,06,0,Q1_dimmest,352,10790,3981,0.48318,0.48261,0.63397,0.3896
A_dice_w32_s1,A_dice_w32,06,0,Q2,43,7933,2378,0.83587,0.83639,0.85757,0.81623
A_dice_w32_s1,A_dice_w32,06,0,Q3,1,7891,2229,0.95352,0.98517,0.97807,0.99237
A_dice_w32_s1,A_dice_w32,06,0,Q4_clearest,0,5502,1401,0.98336,0.99823,0.99718,0.99929
A_dice_w32_s1,A_dice_w32,06,20,Q1_dimmest,321,10790,3981,0.47901,0.47381,0.6523,0.37202
A_dice_w32_s1,A_dice_w32,06,20,Q2,34,7933,2378,0.83361,0.82996,0.86294,0.79941
A_dice_w32_s1,A_dice_w32,06,20,Q3,1,7891,2229,0.95351,0.98515,0.9789,0.99148
A_dice_w32_s1,A_dice_w32,06,20,Q4_clearest,0,5502,1401,0.98372,0.99894,0.99859,0.99929
A_dice_w32_s1,A_dice_w32,07,0,Q1_dimmest,221,8316,2808,0.45412,0.44431,0.62017,0.34615
A_dice_w32_s1,A_dice_w32,07,0,Q2,50,7149,2172,0.81323,0.81744,0.84312,0.79328
A_dice_w32_s1,A_dice_w32,07,0,Q3,4,7254,1955,0.92976,0.97085,0.9633,0.97852
A_dice_w32_s1,A_dice_w32,07,0,Q4_clearest,0,7433,2033,0.97484,0.99636,0.9942,0.99852
A_dice_w32_s1,A_dice_w32,07,20,Q1_dimmest,194,8316,2808,0.44872,0.43464,0.65388,0.3255
A_dice_w32_s1,A_dice_w32,07,20,Q2,42,7149,2172,0.81521,0.81939,0.86193,0.78085
A_dice_w32_s1,A_dice_w32,07,20,Q3,4,7254,1955,0.92986,0.97077,0.96614,0.97545
A_dice_w32_s1,A_dice_w32,07,20,Q4_clearest,0,7433,2033,0.97484,0.99636,0.9942,0.99852
A_dice_w32_s1,A_dice_w32,08,0,Q1_dimmest,270,9976,3245,0.51729,0.48452,0.60932,0.40216
A_dice_w32_s1,A_dice_w32,08,0,Q2,36,8461,2479,0.84922,0.84976,0.8386,0.86123
A_dice_w32_s1,A_dice_w32,08,0,Q3,6,6640,1970,0.9389,0.97498,0.96883,0.98122
A_dice_w32_s1,A_dice_w32,08,0,Q4_clearest,1,3312,891,0.97817,0.99163,0.99225,0.99102
A_dice_w32_s1,A_dice_w32,08,20,Q1_dimmest,254,9976,3245,0.51652,0.48539,0.63642,0.3923
A_dice_w32_s1,A_dice_w32,08,20,Q2,33,8461,2479,0.84916,0.85025,0.84615,0.85438
A_dice_w32_s1,A_dice_w32,08,20,Q3,5,6640,1970,0.93907,0.97567,0.97167,0.9797
A_dice_w32_s1,A_dice_w32,08,20,Q4_clearest,1,3312,891,0.97831,0.99218,0.99335,0.99102
A_dice_w32_s1,A_dice_w32,09,0,Q1_dimmest,277,9368,3406,0.53461,0.55299,0.67026,0.47064
A_dice_w32_s1,A_dice_w32,09,0,Q2,42,7639,2383,0.85502,0.87271,0.84215,0.90558
A_dice_w32_s1,A_dice_w32,09,0,Q3,1,6249,1936,0.94799,0.98558,0.97353,0.99793
A_dice_w32_s1,A_dice_w32,09,0,Q4_clearest,0,3485,1001,0.98294,0.99951,0.99903,1.0
A_dice_w32_s1,A_dice_w32,09,20,Q1_dimmest,253,9368,3406,0.53356,0.55249,0.70018,0.45625
A_dice_w32_s1,A_dice_w32,09,20,Q2,41,7639,2383,0.85541,0.87366,0.84946,0.89929
A_dice_w32_s1,A_dice_w32,09,20,Q3,1,6249,1936,0.94799,0.98558,0.97353,0.99793
A_dice_w32_s1,A_dice_w32,09,20,Q4_clearest,0,3485,1001,0.98294,0.99951,0.99903,1.0
A_dice_w32_s1,A_dice_w32,10,0,Q1_dimmest,284,7560,3177,0.51262,0.49073,0.57093,0.43028
A_dice_w32_s1,A_dice_w32,10,0,Q2,45,6756,2369,0.81325,0.80765,0.76544,0.85479
A_dice_w32_s1,A_dice_w32,10,0,Q3,6,6741,2035,0.91453,0.96038,0.93232,0.99017
A_dice_w32_s1,A_dice_w32,10,0,Q4_clearest,0,6099,1556,0.96175,0.99444,0.98956,0.99936
A_dice_w32_s1,A_dice_w32,10,20,Q1_dimmest,262,7560,3177,0.51125,0.48655,0.58694,0.41549
A_dice_w32_s1,A_dice_w32,10,20,Q2,42,6756,2369,0.81249,0.80572,0.77091,0.84382
A_dice_w32_s1,A_dice_w32,10,20,Q3,5,6741,2035,0.91436,0.96033,0.9353,0.98673
A_dice_w32_s1,A_dice_w32,10,20,Q4_clearest,0,6099,1556,0.96206,0.99509,0.99086,0.99936
A_dice_w32_s1,A_dice_w32,11,0,Q1_dimmest,308,6386,2930,0.45581,0.40057,0.49253,0.33754
A_dice_w32_s1,A_dice_w32,11,0,Q2,53,5601,2186,0.77696,0.74051,0.70116,0.78454
A_dice_w32_s1,A_dice_w32,11,0,Q3,7,6593,2129,0.87737,0.91714,0.87476,0.96383
A_dice_w32_s1,A_dice_w32,11,0,Q4_clearest,1,10959,3211,0.94358,0.98287,0.96778,0.99844
A_dice_w32_s1,A_dice_w32,11,20,Q1_dimmest,277,6386,2930,0.44607,0.37963,0.50417,0.30444
A_dice_w32_s1,A_dice_w32,11,20,Q2,48,5601,2186,0.77647,0.73949,0.71858,0.76167
A_dice_w32_s1,A_dice_w32,11,20,Q3,6,6593,2129,0.8778,0.91896,0.88042,0.96101
A_dice_w32_s1,A_dice_w32,11,20,Q4_clearest,1,10959,3211,0.94358,0.98287,0.96778,0.99844
A_dice_w32_s1,A_dice_w32,12,0,Q1_dimmest,225,6741,2151,0.54451,0.55493,0.60658,0.51139
A_dice_w32_s1,A_dice_w32,12,0,Q2,58,7686,2661,0.82173,0.83584,0.81485,0.85795
A_dice_w32_s1,A_dice_w32,12,0,Q3,3,7976,2374,0.90808,0.95745,0.93998,0.97557
A_dice_w32_s1,A_dice_w32,12,0,Q4_clearest,1,6087,1526,0.96115,0.99332,0.99189,0.99476
A_dice_w32_s1,A_dice_w32,12,20,Q1_dimmest,214,6741,2151,0.54362,0.55652,0.63607,0.49465
A_dice_w32_s1,A_dice_w32,12,20,Q2,50,7686,2661,0.82205,0.837,0.82863,0.84555
A_dice_w32_s1,A_dice_w32,12,20,Q3,3,7976,2374,0.90891,0.9594,0.94415,0.97515
A_dice_w32_s1,A_dice_w32,12,20,Q4_clearest,1,6087,1526,0.96115,0.99332,0.99189,0.99476
A_dice_w32_s1,A_dice_w32,13,0,Q1_dimmest,280,8947,3161,0.5207,0.50946,0.5878,0.44954
A_dice_w32_s1,A_dice_w32,13,0,Q2,67,7970,2798,0.80972,0.80377,0.77675,0.83274
A_dice_w32_s1,A_dice_w32,13,0,Q3,5,7295,2120,0.92322,0.96069,0.9468,0.975
A_dice_w32_s1,A_dice_w32,13,0,Q4_clearest,0,8047,2107,0.97936,0.99929,0.99859,1.0
A_dice_w32_s1,A_dice_w32,13,20,Q1_dimmest,252,8947,3161,0.51806,0.50423,0.61738,0.42613
A_dice_w32_s1,A_dice_w32,13,20,Q2,59,7970,2798,0.81012,0.80406,0.79151,0.81701
A_dice_w32_s1,A_dice_w32,13,20,Q3,5,7295,2120,0.92341,0.96155,0.9507,0.97264
A_dice_w32_s1,A_dice_w32,13,20,Q4_clearest,0,8047,2107,0.97936,0.99929,0.99859,1.0
A_dice_w32_s1,A_dice_w32,14,0,Q1_dimmest,191,4886,1623,0.48985,0.49071,0.49602,0.48552
A_dice_w32_s1,A_dice_w32,14,0,Q2,54,6453,2243,0.77753,0.77425,0.71422,0.8453
A_dice_w32_s1,A_dice_w32,14,0,Q3,8,8104,2470,0.89193,0.93906,0.89585,0.98664
A_dice_w32_s1,A_dice_w32,14,0,Q4_clearest,1,7234,2022,0.95376,0.99487,0.99027,0.99951
A_dice_w32_s1,A_dice_w32,14,20,Q1_dimmest,182,4886,1623,0.49471,0.5068,0.54472,0.47381
A_dice_w32_s1,A_dice_w32,14,20,Q2,51,6453,2243,0.77763,0.77355,0.72049,0.83504
A_dice_w32_s1,A_dice_w32,14,20,Q3,8,8104,2470,0.89386,0.94417,0.9059,0.98583
A_dice_w32_s1,A_dice_w32,14,20,Q4_clearest,1,7234,2022,0.95413,0.9956,0.99172,0.99951
A_dice_w32_s1,A_dice_w32,15,0,Q1_dimmest,173,4357,1638,0.48658,0.50484,0.51299,0.49695
A_dice_w32_s1,A_dice_w32,15,0,Q2,28,5141,1751,0.7549,0.7845,0.69833,0.89492
A_dice_w32_s1,A_dice_w32,15,0,Q3,3,6066,1760,0.85491,0.92539,0.86583,0.99375
A_dice_w32_s1,A_dice_w32,15,0,Q4_clearest,0,8050,2502,0.93766,0.98437,0.96922,1.0
A_dice_w32_s1,A_dice_w32,15,20,Q1_dimmest,164,4357,1638,0.48931,0.51321,0.54835,0.4823
A_dice_w32_s1,A_dice_w32,15,20,Q2,25,5141,1751,0.75834,0.79177,0.71395,0.88864
A_dice_w32_s1,A_dice_w32,15,20,Q3,3,6066,1760,0.85881,0.93562,0.88437,0.99318
A_dice_w32_s1,A_dice_w32,15,20,Q4_clearest,0,8050,2502,0.93859,0.98591,0.97221,1.0
A_dice_w32_s1,A_dice_w32,16,0,Q1_dimmest,267,6445,1959,0.54569,0.59689,0.66551,0.54109
A_dice_w32_s1,A_dice_w32,16,0,Q2,72,6977,2256,0.83389,0.86357,0.86814,0.85904
A_dice_w32_s1,A_dice_w32,16,0,Q3,2,7630,2131,0.90256,0.96162,0.93595,0.98874
A_dice_w32_s1,A_dice_w32,16,0,Q4_clearest,3,8739,2466,0.9387,0.98473,0.97221,0.99757
A_dice_w32_s1,A_dice_w32,16,20,Q1_dimmest,254,6445,1959,0.54786,0.60607,0.70518,0.53139
A_dice_w32_s1,A_dice_w32,16,20,Q2,68,6977,2256,0.83614,0.86861,0.89177,0.84663
A_dice_w32_s1,A_dice_w32,16,20,Q3,2,7630,2131,0.90363,0.96491,0.94305,0.9878
A_dice_w32_s1,A_dice_w32,16,20,Q4_clearest,3,8739,2466,0.93951,0.98649,0.97565,0.99757
A_dice_w32_s1,A_dice_w32,17,0,Q1_dimmest,281,7862,2585,0.55947,0.5891,0.71645,0.50019
A_dice_w32_s1,A_dice_w32,17,0,Q2,46,7104,2140,0.84384,0.87993,0.8809,0.87897
A_dice_w32_s1,A_dice_w32,17,0,Q3,7,7222,1826,0.91323,0.9712,0.9607,0.98193
A_dice_w32_s1,A_dice_w32,17,0,Q4_clearest,1,5664,1433,0.93316,0.99011,0.98722,0.99302
A_dice_w32_s1,A_dice_w32,17,20,Q1_dimmest,258,7862,2585,0.55794,0.58827,0.75748,0.48085
A_dice_w32_s1,A_dice_w32,17,20,Q2,43,7104,2140,0.84495,0.88486,0.90063,0.86963
A_dice_w32_s1,A_dice_w32,17,20,Q3,7,7222,1826,0.91359,0.97344,0.96616,0.98083
A_dice_w32_s1,A_dice_w32,17,20,Q4_clearest,1,5664,1433,0.93336,0.99153,0.99143,0.99163
A_dice_w32_s1,A_dice_w32,18,0,Q1_dimmest,212,4966,1759,0.60645,0.6158,0.66467,0.57362
A_dice_w32_s1,A_dice_w32,18,0,Q2,44,6044,1968,0.82467,0.87445,0.85686,0.89278
A_dice_w32_s1,A_dice_w32,18,0,Q3,1,7429,2081,0.86025,0.95702,0.92084,0.99616
A_dice_w32_s1,A_dice_w32,18,0,Q4_clearest,0,7705,1851,0.90273,0.99036,0.9809,1.0
A_dice_w32_s1,A_dice_w32,18,20,Q1_dimmest,199,4966,1759,0.60898,0.62522,0.70407,0.56225
A_dice_w32_s1,A_dice_w32,18,20,Q2,43,6044,1968,0.82496,0.87723,0.867,0.8877
A_dice_w32_s1,A_dice_w32,18,20,Q3,1,7429,2081,0.86237,0.96427,0.93522,0.99519
A_dice_w32_s1,A_dice_w32,18,20,Q4_clearest,0,7705,1851,0.90305,0.99191,0.98395,1.0
A_dice_w32_s1,A_dice_w32,19,0,Q1_dimmest,130,3731,1722,0.62621,0.65557,0.66022,0.65099
A_dice_w32_s1,A_dice_w32,19,0,Q2,33,6957,2067,0.79734,0.84831,0.78615,0.92114
A_dice_w32_s1,A_dice_w32,19,0,Q3,4,8771,2610,0.89666,0.96661,0.94461,0.98966
A_dice_w32_s1,A_dice_w32,19,0,Q4_clearest,0,7909,2077,0.9668,0.99535,0.99075,1.0
A_dice_w32_s1,A_dice_w32,19,20,Q1_dimmest,123,3731,1722,0.62391,0.65488,0.67902,0.6324
A_dice_w32_s1,A_dice_w32,19,20,Q2,29,6957,2067,0.79741,0.85006,0.79458,0.91388
A_dice_w32_s1,A_dice_w32,19,20,Q3,4,8771,2610,0.89692,0.96755,0.94711,0.98889
A_dice_w32_s1,A_dice_w32,19,20,Q4_clearest,0,7909,2077,0.9668,0.99535,0.99075,1.0
A_dice_w32_s1,A_dice_w32,20,0,Q1_dimmest,192,5411,1924,0.60659,0.61656,0.5972,0.63721
A_dice_w32_s1,A_dice_w32,20,0,Q2,27,7210,2225,0.80523,0.85489,0.78722,0.93528
A_dice_w32_s1,A_dice_w32,20,0,Q3,2,6951,2027,0.87677,0.95532,0.91947,0.99408
A_dice_w32_s1,A_dice_w32,20,0,Q4_clearest,0,4693,1197,0.9449,0.98752,0.97615,0.99916
A_dice_w32_s1,A_dice_w32,20,20,Q1_dimmest,179,5411,1924,0.60928,0.62632,0.62531,0.62734
A_dice_w32_s1,A_dice_w32,20,20,Q2,24,7210,2225,0.80836,0.86377,0.80882,0.92674
A_dice_w32_s1,A_dice_w32,20,20,Q3,2,6951,2027,0.87848,0.96102,0.93138,0.9926
A_dice_w32_s1,A_dice_w32,20,20,Q4_clearest,0,4693,1197,0.94508,0.98832,0.97771,0.99916
A_dice_w32_s2,A_dice_w32,01,0,Q1_dimmest,207,4597,1791,0.53359,0.54605,0.59394,0.5053
A_dice_w32_s2,A_dice_w32,01,0,Q2,56,6946,2500,0.79482,0.83872,0.80961,0.87
A_dice_w32_s2,A_dice_w32,01,0,Q3,14,8473,2538,0.87674,0.95859,0.94702,0.97045
A_dice_w32_s2,A_dice_w32,01,0,Q4_clearest,0,9424,2483,0.9338,0.99226,0.9862,0.99839
A_dice_w32_s2,A_dice_w32,01,20,Q1_dimmest,194,4597,1791,0.53172,0.54479,0.61302,0.49023
A_dice_w32_s2,A_dice_w32,01,20,Q2,52,6946,2500,0.79391,0.83717,0.81588,0.8596
A_dice_w32_s2,A_dice_w32,01,20,Q3,13,8473,2538,0.8772,0.96023,0.95136,0.96927
A_dice_w32_s2,A_dice_w32,01,20,Q4_clearest,0,9424,2483,0.9338,0.99226,0.9862,0.99839
A_dice_w32_s2,A_dice_w32,02,0,Q1_dimmest,229,5691,1790,0.46326,0.45556,0.51156,0.41061
A_dice_w32_s2,A_dice_w32,02,0,Q2,47,6606,1861,0.79458,0.78805,0.74479,0.83665
A_dice_w32_s2,A_dice_w32,02,0,Q3,4,8662,2260,0.91156,0.95433,0.92321,0.98761
A_dice_w32_s2,A_dice_w32,02,0,Q4_clearest,2,12831,3378,0.96839,0.99344,0.98754,0.99941
A_dice_w32_s2,A_dice_w32,02,20,Q1_dimmest,211,5691,1790,0.45948,0.44768,0.52548,0.38994
A_dice_w32_s2,A_dice_w32,02,20,Q2,41,6606,1861,0.794,0.78817,0.75781,0.82106
A_dice_w32_s2,A_dice_w32,02,20,Q3,3,8662,2260,0.91322,0.95997,0.93422,0.98717
A_dice_w32_s2,A_dice_w32,02,20,Q4_clearest,2,12831,3378,0.9685,0.99386,0.98838,0.99941
A_dice_w32_s2,A_dice_w32,03,0,Q1_dimmest,294,10358,3377,0.46558,0.46638,0.5936,0.38407
A_dice_w32_s2,A_dice_w32,03,0,Q2,47,9353,2708,0.82122,0.83865,0.83721,0.8401
A_dice_w32_s2,A_dice_w32,03,0,Q3,6,8095,2089,0.94009,0.97174,0.97413,0.96936
A_dice_w32_s2,A_dice_w32,03,0,Q4_clearest,0,5087,1047,0.99035,0.99865,0.99826,0.99904
A_dice_w32_s2,A_dice_w32,03,20,Q1_dimmest,267,10358,3377,0.46134,0.45822,0.60129,0.37015
A_dice_w32_s2,A_dice_w32,03,20,Q2,39,9353,2708,0.81977,0.83561,0.8423,0.82903
A_dice_w32_s2,A_dice_w32,03,20,Q3,6,8095,2089,0.93988,0.97049,0.97453,0.96649
A_dice_w32_s2,A_dice_w32,03,20,Q4_clearest,0,5087,1047,0.99035,0.99865,0.99826,0.99904
A_dice_w32_s2,A_dice_w32,04,0,Q1_dimmest,228,7750,3035,0.47037,0.45333,0.61838,0.35783
A_dice_w32_s2,A_dice_w32,04,0,Q2,38,6017,1865,0.80571,0.81986,0.79662,0.8445
A_dice_w32_s2,A_dice_w32,04,0,Q3,6,6293,1680,0.9263,0.961,0.94239,0.98036
A_dice_w32_s2,A_dice_w32,04,0,Q4_clearest,1,10294,2346,0.97859,0.99332,0.98924,0.99744
A_dice_w32_s2,A_dice_w32,04,20,Q1_dimmest,200,7750,3035,0.46635,0.4455,0.632,0.34399
A_dice_w32_s2,A_dice_w32,04,20,Q2,34,6017,1865,0.804,0.81402,0.80062,0.82788
A_dice_w32_s2,A_dice_w32,04,20,Q3,4,6293,1680,0.92601,0.96036,0.94448,0.97679
A_dice_w32_s2,A_dice_w32,04,20,Q4_clearest,1,10294,2346,0.97863,0.99352,0.99005,0.99702
A_dice_w32_s2,A_dice_w32,05,0,Q1_dimmest,281,9685,3539,0.4491,0.42279,0.60395,0.32523
A_dice_w32_s2,A_dice_w32,05,0,Q2,24,7440,2198,0.84583,0.85288,0.8395,0.8667
A_dice_w32_s2,A_dice_w32,05,0,Q3,4,7606,2186,0.94648,0.98142,0.97262,0.99039
A_dice_w32_s2,A_dice_w32,05,0,Q4_clearest,0,6179,1663,0.97876,0.99823,0.99827,0.9982
A_dice_w32_s2,A_dice_w32,05,20,Q1_dimmest,255,9685,3539,0.44263,0.40973,0.61862,0.3063
A_dice_w32_s2,A_dice_w32,05,20,Q2,20,7440,2198,0.84599,0.85412,0.84934,0.85896
A_dice_w32_s2,A_dice_w32,05,20,Q3,4,7606,2186,0.94607,0.98049,0.97343,0.98765
A_dice_w32_s2,A_dice_w32,05,20,Q4_clearest,0,6179,1663,0.97883,0.99823,0.99827,0.9982
A_dice_w32_s2,A_dice_w32,06,0,Q1_dimmest,335,10790,3981,0.46514,0.46891,0.65801,0.36423
A_dice_w32_s2,A_dice_w32,06,0,Q2,40,7933,2378,0.83285,0.83485,0.85758,0.81329
A_dice_w32_s2,A_dice_w32,06,0,Q3,4,7891,2229,0.95611,0.98382,0.97672,0.99103
A_dice_w32_s2,A_dice_w32,06,0,Q4_clearest,0,5502,1401,0.98239,0.99894,0.99859,0.99929
A_dice_w32_s2,A_dice_w32,06,20,Q1_dimmest,293,10790,3981,0.45902,0.45674,0.68481,0.34263
A_dice_w32_s2,A_dice_w32,06,20,Q2,33,7933,2378,0.82877,0.82424,0.8634,0.78848
A_dice_w32_s2,A_dice_w32,06,20,Q3,3,7891,2229,0.95625,0.98351,0.97961,0.98744
A_dice_w32_s2,A_dice_w32,06,20,Q4_clearest,0,5502,1401,0.98239,0.99894,0.99859,0.99929
A_dice_w32_s2,A_dice_w32,07,0,Q1_dimmest,232,8316,2808,0.42666,0.41214,0.64226,0.30342
A_dice_w32_s2,A_dice_w32,07,0,Q2,43,7149,2172,0.81592,0.81762,0.84664,0.79052
A_dice_w32_s2,A_dice_w32,07,0,Q3,4,7254,1955,0.93092,0.96843,0.96002,0.97698
A_dice_w32_s2,A_dice_w32,07,0,Q4_clearest,0,7433,2033,0.97472,0.99807,0.99615,1.0
A_dice_w32_s2,A_dice_w32,07,20,Q1_dimmest,204,8316,2808,0.42273,0.40291,0.69414,0.28383
A_dice_w32_s2,A_dice_w32,07,20,Q2,36,7149,2172,0.81465,0.81353,0.85851,0.77302
A_dice_w32_s2,A_dice_w32,07,20,Q3,4,7254,1955,0.93154,0.96963,0.96488,0.97442
A_dice_w32_s2,A_dice_w32,07,20,Q4_clearest,0,7433,2033,0.97472,0.99807,0.99615,1.0
A_dice_w32_s2,A_dice_w32,08,0,Q1_dimmest,278,9976,3245,0.48637,0.47523,0.63684,0.37904
A_dice_w32_s2,A_dice_w32,08,0,Q2,36,8461,2479,0.84988,0.85195,0.83603,0.8685
A_dice_w32_s2,A_dice_w32,08,0,Q3,2,6640,1970,0.94118,0.97304,0.9645,0.98173
A_dice_w32_s2,A_dice_w32,08,0,Q4_clearest,0,3312,891,0.97829,0.99215,0.99554,0.98878
A_dice_w32_s2,A_dice_w32,08,20,Q1_dimmest,236,9976,3245,0.48367,0.46989,0.68774,0.35686
A_dice_w32_s2,A_dice_w32,08,20,Q2,28,8461,2479,0.84927,0.85011,0.8455,0.85478
A_dice_w32_s2,A_dice_w32,08,20,Q3,2,6640,1970,0.94221,0.97599,0.97032,0.98173
A_dice_w32_s2,A_dice_w32,08,20,Q4_clearest,0,3312,891,0.97829,0.99215,0.99554,0.98878
A_dice_w32_s2,A_dice_w32,09,0,Q1_dimmest,264,9368,3406,0.51111,0.53,0.69487,0.42836
A_dice_w32_s2,A_dice_w32,09,0,Q2,38,7639,2383,0.85341,0.8796,0.85733,0.90306
A_dice_w32_s2,A_dice_w32,09,0,Q3,1,6249,1936,0.94567,0.98283,0.97111,0.99483
A_dice_w32_s2,A_dice_w32,09,0,Q4_clearest,2,3485,1001,0.9748,0.98952,0.99612,0.98302
A_dice_w32_s2,A_dice_w32,09,20,Q1_dimmest,233,9368,3406,0.50465,0.51863,0.71216,0.40781
A_dice_w32_s2,A_dice_w32,09,20,Q2,36,7639,2383,0.8525,0.87715,0.85952,0.89551
A_dice_w32_s2,A_dice_w32,09,20,Q3,0,6249,1936,0.94501,0.98205,0.97206,0.99225
A_dice_w32_s2,A_dice_w32,09,20,Q4_clearest,1,3485,1001,0.97304,0.98697,0.99609,0.97802
A_dice_w32_s2,A_dice_w32,10,0,Q1_dimmest,294,7560,3177,0.4972,0.46731,0.54862,0.40699
A_dice_w32_s2,A_dice_w32,10,0,Q2,43,6756,2369,0.81514,0.80609,0.77159,0.84382
A_dice_w32_s2,A_dice_w32,10,0,Q3,2,6741,2035,0.9176,0.96052,0.93215,0.99066
A_dice_w32_s2,A_dice_w32,10,0,Q4_clearest,0,6099,1556,0.96274,0.99474,0.98954,1.0
A_dice_w32_s2,A_dice_w32,10,20,Q1_dimmest,262,7560,3177,0.49552,0.4645,0.57351,0.39031
A_dice_w32_s2,A_dice_w32,10,20,Q2,37,6756,2369,0.81401,0.8022,0.78004,0.82566
A_dice_w32_s2,A_dice_w32,10,20,Q3,1,6741,2035,0.91833,0.9626,0.93874,0.98771
A_dice_w32_s2,A_dice_w32,10,20,Q4_clearest,0,6099,1556,0.96289,0.99539,0.99083,1.0
A_dice_w32_s2,A_dice_w32,11,0,Q1_dimmest,299,6386,2930,0.42586,0.38486,0.5313,0.30171
A_dice_w32_s2,A_dice_w32,11,0,Q2,49,5601,2186,0.77416,0.73794,0.71126,0.7667
A_dice_w32_s2,A_dice_w32,11,0,Q3,10,6593,2129,0.87937,0.9079,0.86261,0.9582
A_dice_w32_s2,A_dice_w32,11,0,Q4_clearest,1,10959,3211,0.94516,0.98356,0.96971,0.99782
A_dice_w32_s2,A_dice_w32,11,20,Q1_dimmest,273,6386,2930,0.42026,0.37562,0.54827,0.28567
A_dice_w32_s2,A_dice_w32,11,20,Q2,46,5601,2186,0.77262,0.7355,0.71965,0.75206
A_dice_w32_s2,A_dice_w32,11,20,Q3,8,6593,2129,0.87967,0.9092,0.86651,0.95632
A_dice_w32_s2,A_dice_w32,11,20,Q4_clearest,1,10959,3211,0.94544,0.98433,0.97121,0.99782
A_dice_w32_s2,A_dice_w32,12,0,Q1_dimmest,220,6741,2151,0.54672,0.57828,0.67169,0.50767
A_dice_w32_s2,A_dice_w32,12,0,Q2,48,7686,2661,0.82719,0.84607,0.83667,0.85569
A_dice_w32_s2,A_dice_w32,12,0,Q3,10,7976,2374,0.91572,0.95707,0.93539,0.97978
A_dice_w32_s2,A_dice_w32,12,0,Q4_clearest,1,6087,1526,0.96203,0.99246,0.98567,0.99934
A_dice_w32_s2,A_dice_w32,12,20,Q1_dimmest,201,6741,2151,0.54417,0.5752,0.69439,0.49093
A_dice_w32_s2,A_dice_w32,12,20,Q2,42,7686,2661,0.82582,0.84298,0.84005,0.84592
A_dice_w32_s2,A_dice_w32,12,20,Q3,10,7976,2374,0.91607,0.95842,0.93913,0.97852
A_dice_w32_s2,A_dice_w32,12,20,Q4_clearest,1,6087,1526,0.96203,0.99246,0.98567,0.99934
A_dice_w32_s2,A_dice_w32,13,0,Q1_dimmest,273,8947,3161,0.49456,0.47871,0.60053,0.39798
A_dice_w32_s2,A_dice_w32,13,0,Q2,64,7970,2798,0.81145,0.80155,0.78469,0.81916
A_dice_w32_s2,A_dice_w32,13,0,Q3,4,7295,2120,0.92554,0.96104,0.94131,0.9816
A_dice_w32_s2,A_dice_w32,13,0,Q4_clearest,0,8047,2107,0.97919,0.99858,0.99717,1.0
A_dice_w32_s2,A_dice_w32,13,20,Q1_dimmest,248,8947,3161,0.49212,0.47561,0.62365,0.38437
A_dice_w32_s2,A_dice_w32,13,20,Q2,60,7970,2798,0.81034,0.79827,0.79562,0.80093
A_dice_w32_s2,A_dice_w32,13,20,Q3,4,7295,2120,0.9257,0.96147,0.94302,0.98066
A_dice_w32_s2,A_dice_w32,13,20,Q4_clearest,0,8047,2107,0.97919,0.99858,0.99717,1.0
A_dice_w32_s2,A_dice_w32,14,0,Q1_dimmest,188,4886,1623,0.49278,0.51365,0.53475,0.49415
A_dice_w32_s2,A_dice_w32,14,0,Q2,65,6453,2243,0.78879,0.78582,0.73757,0.84084
A_dice_w32_s2,A_dice_w32,14,0,Q3,4,8104,2470,0.89592,0.94184,0.90093,0.98664
A_dice_w32_s2,A_dice_w32,14,0,Q4_clearest,0,7234,2022,0.95402,0.99488,0.99029,0.99951
A_dice_w32_s2,A_dice_w32,14,20,Q1_dimmest,167,4886,1623,0.4915,0.51694,0.58068,0.4658
A_dice_w32_s2,A_dice_w32,14,20,Q2,59,6453,2243,0.78668,0.78081,0.74639,0.81855
A_dice_w32_s2,A_dice_w32,14,20,Q3,4,8104,2470,0.89677,0.94462,0.90776,0.98462
A_dice_w32_s2,A_dice_w32,14,20,Q4_clearest,0,7234,2022,0.95402,0.99488,0.99029,0.99951
A_dice_w32_s2,A_dice_w32,15,0,Q1_dimmest,179,4357,1638,0.5081,0.54342,0.54783,0.53907
A_dice_w32_s2,A_dice_w32,15,0,Q2,26,5141,1751,0.77519,0.7948,0.70529,0.91034
A_dice_w32_s2,A_dice_w32,15,0,Q3,1,6066,1760,0.87044,0.93058,0.87278,0.99659
A_dice_w32_s2,A_dice_w32,15,0,Q4_clearest,0,8050,2502,0.94079,0.98279,0.96617,1.0
A_dice_w32_s2,A_dice_w32,15,20,Q1_dimmest,165,4357,1638,0.51397,0.56007,0.59775,0.52686
A_dice_w32_s2,A_dice_w32,15,20,Q2,24,5141,1751,0.77696,0.80073,0.7186,0.90405
A_dice_w32_s2,A_dice_w32,15,20,Q3,1,6066,1760,0.87344,0.93949,0.88858,0.99659
A_dice_w32_s2,A_dice_w32,15,20,Q4_clearest,0,8050,2502,0.94123,0.98375,0.96803,1.0
A_dice_w32_s2,A_dice_w32,16,0,Q1_dimmest,248,6445,1959,0.5488,0.60915,0.75627,0.50995
A_dice_w32_s2,A_dice_w32,16,0,Q2,43,6977,2256,0.85236,0.88768,0.90788,0.86835
A_dice_w32_s2,A_dice_w32,16,0,Q3,1,7630,2131,0.90762,0.96266,0.93707,0.98968
A_dice_w32_s2,A_dice_w32,16,0,Q4_clearest,0,8739,2466,0.94059,0.98259,0.96616,0.99959
A_dice_w32_s2,A_dice_w32,16,20,Q1_dimmest,230,6445,1959,0.54827,0.61319,0.7907,0.50077
A_dice_w32_s2,A_dice_w32,16,20,Q2,39,6977,2256,0.8507,0.88908,0.92231,0.85816
A_dice_w32_s2,A_dice_w32,16,20,Q3,1,7630,2131,0.90843,0.96508,0.94382,0.98733
A_dice_w32_s2,A_dice_w32,16,20,Q4_clearest,0,8739,2466,0.9409,0.98338,0.96768,0.99959
A_dice_w32_s2,A_dice_w32,17,0,Q1_dimmest,244,7862,2585,0.55512,0.57837,0.74386,0.47311
A_dice_w32_s2,A_dice_w32,17,0,Q2,37,7104,2140,0.85139,0.88378,0.90091,0.86729
A_dice_w32_s2,A_dice_w32,17,0,Q3,5,7222,1826,0.91775,0.97748,0.97094,0.98412
A_dice_w32_s2,A_dice_w32,17,0,Q4_clearest,0,5664,1433,0.93315,0.99114,0.98583,0.99651
A_dice_w32_s2,A_dice_w32,17,20,Q1_dimmest,217,7862,2585,0.54974,0.57309,0.78797,0.45029
A_dice_w32_s2,A_dice_w32,17,20,Q2,32,7104,2140,0.85124,0.887,0.92024,0.85607
A_dice_w32_s2,A_dice_w32,17,20,Q3,5,7222,1826,0.91796,0.97898,0.97444,0.98357
A_dice_w32_s2,A_dice_w32,17,20,Q4_clearest,0,5664,1433,0.93338,0.99149,0.98652,0.99651
A_dice_w32_s2,A_dice_w32,18,0,Q1_dimmest,176,4966,1759,0.59879,0.61904,0.72301,0.54122
A_dice_w32_s2,A_dice_w32,18,0,Q2,42,6044,1968,0.82919,0.88125,0.87787,0.88465
A_dice_w32_s2,A_dice_w32,18,0,Q3,0,7429,2081,0.87372,0.97548,0.95609,0.99568
A_dice_w32_s2,A_dice_w32,18,0,Q4_clearest,0,7705,1851,0.90045,0.98658,0.97352,1.0
A_dice_w32_s2,A_dice_w32,18,20,Q1_dimmest,167,4966,1759,0.59708,0.61719,0.73792,0.53042
A_dice_w32_s2,A_dice_w32,18,20,Q2,41,6044,1968,0.82913,0.88287,0.88723,0.87856
A_dice_w32_s2,A_dice_w32,18,20,Q3,0,7429,2081,0.87513,0.98019,0.96517,0.99568
A_dice_w32_s2,A_dice_w32,18,20,Q4_clearest,0,7705,1851,0.90098,0.98735,0.97501,1.0
A_dice_w32_s2,A_dice_w32,19,0,Q1_dimmest,131,3731,1722,0.64052,0.66556,0.7082,0.62776
A_dice_w32_s2,A_dice_w32,19,0,Q2,33,6957,2067,0.80127,0.84979,0.788,0.92211
A_dice_w32_s2,A_dice_w32,19,0,Q3,3,8771,2610,0.90449,0.96019,0.93141,0.9908
A_dice_w32_s2,A_dice_w32,19,0,Q4_clearest,0,7909,2077,0.96922,0.99636,0.9937,0.99904
A_dice_w32_s2,A_dice_w32,19,20,Q1_dimmest,118,3731,1722,0.63993,0.66899,0.73505,0.61382
A_dice_w32_s2,A_dice_w32,19,20,Q2,31,6957,2067,0.80382,0.85903,0.80886,0.91582
A_dice_w32_s2,A_dice_w32,19,20,Q3,3,8771,2610,0.90595,0.96601,0.94243,0.9908
A_dice_w32_s2,A_dice_w32,19,20,Q4_clearest,0,7909,2077,0.96922,0.99636,0.9937,0.99904
A_dice_w32_s2,A_dice_w32,20,0,Q1_dimmest,199,5411,1924,0.61028,0.64231,0.63963,0.64501
A_dice_w32_s2,A_dice_w32,20,0,Q2,25,7210,2225,0.81623,0.86248,0.7979,0.93843
A_dice_w32_s2,A_dice_w32,20,0,Q3,4,6951,2027,0.8883,0.95233,0.91772,0.98964
A_dice_w32_s2,A_dice_w32,20,0,Q4_clearest,1,4693,1197,0.94307,0.98342,0.97132,0.99582
A_dice_w32_s2,A_dice_w32,20,20,Q1_dimmest,187,5411,1924,0.61187,0.64606,0.66711,0.6263
A_dice_w32_s2,A_dice_w32,20,20,Q2,22,7210,2225,0.82106,0.87815,0.83043,0.93169
A_dice_w32_s2,A_dice_w32,20,20,Q3,3,6951,2027,0.89047,0.95915,0.93179,0.98816
A_dice_w32_s2,A_dice_w32,20,20,Q4_clearest,1,4693,1197,0.94364,0.98725,0.97964,0.99499
A_dice_w64_d5_s0,A_dice_w64_d5,01,0,Q1_dimmest,194,4597,1791,0.55832,0.57151,0.56581,0.57733
A_dice_w64_d5_s0,A_dice_w64_d5,01,0,Q2,43,6946,2500,0.78616,0.84179,0.79034,0.9004
A_dice_w64_d5_s0,A_dice_w64_d5,01,0,Q3,14,8473,2538,0.86586,0.95476,0.93957,0.97045
A_dice_w64_d5_s0,A_dice_w64_d5,01,0,Q4_clearest,0,9424,2483,0.92772,0.98745,0.97675,0.99839
A_dice_w64_d5_s0,A_dice_w64_d5,01,20,Q1_dimmest,183,4597,1791,0.55882,0.57629,0.58738,0.56561
A_dice_w64_d5_s0,A_dice_w64_d5,01,20,Q2,39,6946,2500,0.78582,0.84318,0.79974,0.8916
A_dice_w64_d5_s0,A_dice_w64_d5,01,20,Q3,13,8473,2538,0.86667,0.9579,0.94716,0.96887
A_dice_w64_d5_s0,A_dice_w64_d5,01,20,Q4_clearest,0,9424,2483,0.92781,0.98785,0.97752,0.99839
A_dice_w64_d5_s0,A_dice_w64_d5,02,0,Q1_dimmest,229,5691,1790,0.49018,0.4855,0.49601,0.47542
A_dice_w64_d5_s0,A_dice_w64_d5,02,0,Q2,43,6606,1861,0.79939,0.79008,0.724,0.86943
A_dice_w64_d5_s0,A_dice_w64_d5,02,0,Q3,3,8662,2260,0.90306,0.95154,0.91955,0.98584
A_dice_w64_d5_s0,A_dice_w64_d5,02,0,Q4_clearest,1,12831,3378,0.96593,0.99262,0.98564,0.9997
A_dice_w64_d5_s0,A_dice_w64_d5,02,20,Q1_dimmest,205,5691,1790,0.48413,0.47108,0.51109,0.43687
A_dice_w64_d5_s0,A_dice_w64_d5,02,20,Q2,38,6606,1861,0.79733,0.78549,0.73403,0.84471
A_dice_w64_d5_s0,A_dice_w64_d5,02,20,Q3,2,8662,2260,0.90493,0.95863,0.93327,0.9854
A_dice_w64_d5_s0,A_dice_w64_d5,02,20,Q4_clearest,1,12831,3378,0.96593,0.99277,0.98592,0.9997
A_dice_w64_d5_s0,A_dice_w64_d5,03,0,Q1_dimmest,260,10358,3377,0.48412,0.49613,0.59598,0.42493
A_dice_w64_d5_s0,A_dice_w64_d5,03,0,Q2,40,9353,2708,0.81911,0.85886,0.85586,0.86189
A_dice_w64_d5_s0,A_dice_w64_d5,03,0,Q3,9,8095,2089,0.93746,0.967,0.96656,0.96745
A_dice_w64_d5_s0,A_dice_w64_d5,03,0,Q4_clearest,0,5087,1047,0.989,0.99819,0.99828,0.99809
A_dice_w64_d5_s0,A_dice_w64_d5,03,20,Q1_dimmest,238,10358,3377,0.48147,0.49397,0.61556,0.4125
A_dice_w64_d5_s0,A_dice_w64_d5,03,20,Q2,37,9353,2708,0.81846,0.85726,0.86078,0.85377
A_dice_w64_d5_s0,A_dice_w64_d5,03,20,Q3,9,8095,2089,0.93773,0.96789,0.96881,0.96697
A_dice_w64_d5_s0,A_dice_w64_d5,03,20,Q4_clearest,0,5087,1047,0.9891,0.99862,0.99914,0.99809
A_dice_w64_d5_s0,A_dice_w64_d5,04,0,Q1_dimmest,222,7750,3035,0.50334,0.48152,0.61247,0.39671
A_dice_w64_d5_s0,A_dice_w64_d5,04,0,Q2,29,6017,1865,0.81339,0.84209,0.80382,0.88418
A_dice_w64_d5_s0,A_dice_w64_d5,04,0,Q3,2,6293,1680,0.91537,0.96425,0.94153,0.9881
A_dice_w64_d5_s0,A_dice_w64_d5,04,0,Q4_clearest,2,10294,2346,0.9754,0.99059,0.98592,0.99531
A_dice_w64_d5_s0,A_dice_w64_d5,04,20,Q1_dimmest,208,7750,3035,0.50187,0.4794,0.62937,0.38715
A_dice_w64_d5_s0,A_dice_w64_d5,04,20,Q2,25,6017,1865,0.81176,0.83736,0.80733,0.86971
A_dice_w64_d5_s0,A_dice_w64_d5,04,20,Q3,2,6293,1680,0.91529,0.96423,0.9415,0.9881
A_dice_w64_d5_s0,A_dice_w64_d5,04,20,Q4_clearest,2,10294,2346,0.97544,0.9908,0.98632,0.99531
A_dice_w64_d5_s0,A_dice_w64_d5,05,0,Q1_dimmest,271,9685,3539,0.47818,0.435,0.6066,0.33908
A_dice_w64_d5_s0,A_dice_w64_d5,05,0,Q2,17,7440,2198,0.85228,0.85546,0.83317,0.87898
A_dice_w64_d5_s0,A_dice_w64_d5,05,0,Q3,1,7606,2186,0.94087,0.98136,0.9703,0.99268
A_dice_w64_d5_s0,A_dice_w64_d5,05,0,Q4_clearest,0,6179,1663,0.97637,0.9948,0.98965,1.0
A_dice_w64_d5_s0,A_dice_w64_d5,05,20,Q1_dimmest,246,9685,3539,0.47274,0.42352,0.62875,0.3193
A_dice_w64_d5_s0,A_dice_w64_d5,05,20,Q2,11,7440,2198,0.85411,0.85977,0.8534,0.86624
A_dice_w64_d5_s0,A_dice_w64_d5,05,20,Q3,0,7606,2186,0.94124,0.98267,0.97463,0.99085
A_dice_w64_d5_s0,A_dice_w64_d5,05,20,Q4_clearest,0,6179,1663,0.97637,0.9948,0.98965,1.0
A_dice_w64_d5_s0,A_dice_w64_d5,06,0,Q1_dimmest,352,10790,3981,0.48901,0.47774,0.63944,0.38131
A_dice_w64_d5_s0,A_dice_w64_d5,06,0,Q2,37,7933,2378,0.84209,0.83792,0.85029,0.8259
A_dice_w64_d5_s0,A_dice_w64_d5,06,0,Q3,1,7891,2229,0.94889,0.98374,0.97396,0.99372
A_dice_w64_d5_s0,A_dice_w64_d5,06,0,Q4_clearest,1,5502,1401,0.97741,0.99543,0.99515,0.99572
A_dice_w64_d5_s0,A_dice_w64_d5,06,20,Q1_dimmest,318,10790,3981,0.48524,0.47096,0.66786,0.36373
A_dice_w64_d5_s0,A_dice_w64_d5,06,20,Q2,33,7933,2378,0.84093,0.83477,0.86072,0.81034
A_dice_w64_d5_s0,A_dice_w64_d5,06,20,Q3,1,7891,2229,0.94875,0.98327,0.97477,0.99192
A_dice_w64_d5_s0,A_dice_w64_d5,06,20,Q4_clearest,1,5502,1401,0.97741,0.99543,0.99515,0.99572
A_dice_w64_d5_s0,A_dice_w64_d5,07,0,Q1_dimmest,238,8316,2808,0.47688,0.47676,0.67362,0.36895
A_dice_w64_d5_s0,A_dice_w64_d5,07,0,Q2,38,7149,2172,0.8204,0.83442,0.82735,0.84162
A_dice_w64_d5_s0,A_dice_w64_d5,07,0,Q3,5,7254,1955,0.92231,0.95994,0.94253,0.97801
A_dice_w64_d5_s0,A_dice_w64_d5,07,0,Q4_clearest,0,7433,2033,0.97115,0.99288,0.99069,0.99508
A_dice_w64_d5_s0,A_dice_w64_d5,07,20,Q1_dimmest,214,8316,2808,0.47329,0.47027,0.69344,0.35577
A_dice_w64_d5_s0,A_dice_w64_d5,07,20,Q2,34,7149,2172,0.82005,0.83469,0.84216,0.82735
A_dice_w64_d5_s0,A_dice_w64_d5,07,20,Q3,5,7254,1955,0.92306,0.96279,0.94949,0.97647
A_dice_w64_d5_s0,A_dice_w64_d5,07,20,Q4_clearest,0,7433,2033,0.97115,0.99288,0.99069,0.99508
A_dice_w64_d5_s0,A_dice_w64_d5,08,0,Q1_dimmest,268,9976,3245,0.52971,0.51265,0.62001,0.43698
A_dice_w64_d5_s0,A_dice_w64_d5,08,0,Q2,34,8461,2479,0.8586,0.85615,0.82594,0.88866
A_dice_w64_d5_s0,A_dice_w64_d5,08,0,Q3,4,6640,1970,0.93862,0.97147,0.96337,0.9797
A_dice_w64_d5_s0,A_dice_w64_d5,08,0,Q4_clearest,1,3312,891,0.97775,0.99164,0.99227,0.99102
A_dice_w64_d5_s0,A_dice_w64_d5,08,20,Q1_dimmest,249,9976,3245,0.53134,0.51887,0.66604,0.42496
A_dice_w64_d5_s0,A_dice_w64_d5,08,20,Q2,28,8461,2479,0.85884,0.85695,0.8371,0.87777
A_dice_w64_d5_s0,A_dice_w64_d5,08,20,Q3,4,6640,1970,0.9395,0.97368,0.96774,0.9797
A_dice_w64_d5_s0,A_dice_w64_d5,08,20,Q4_clearest,1,3312,891,0.97775,0.99164,0.99227,0.99102
A_dice_w64_d5_s0,A_dice_w64_d5,09,0,Q1_dimmest,255,9368,3406,0.55452,0.55941,0.65856,0.4862
A_dice_w64_d5_s0,A_dice_w64_d5,09,0,Q2,25,7639,2383,0.85505,0.87547,0.83176,0.92405
A_dice_w64_d5_s0,A_dice_w64_d5,09,0,Q3,1,6249,1936,0.9366,0.97756,0.97222,0.98295
A_dice_w64_d5_s0,A_dice_w64_d5,09,0,Q4_clearest,1,3485,1001,0.96545,0.98221,1.0,0.96503
A_dice_w64_d5_s0,A_dice_w64_d5,09,20,Q1_dimmest,236,9368,3406,0.55246,0.55818,0.67898,0.47387
A_dice_w64_d5_s0,A_dice_w64_d5,09,20,Q2,22,7639,2383,0.85574,0.87859,0.84158,0.91901
A_dice_w64_d5_s0,A_dice_w64_d5,09,20,Q3,1,6249,1936,0.93689,0.97859,0.97426,0.98295
A_dice_w64_d5_s0,A_dice_w64_d5,09,20,Q4_clearest,1,3485,1001,0.9653,0.98169,1.0,0.96404
A_dice_w64_d5_s0,A_dice_w64_d5,10,0,Q1_dimmest,286,7560,3177,0.52684,0.49627,0.56846,0.44035
A_dice_w64_d5_s0,A_dice_w64_d5,10,0,Q2,33,6756,2369,0.82483,0.82909,0.78602,0.87716
A_dice_w64_d5_s0,A_dice_w64_d5,10,0,Q3,3,6741,2035,0.91134,0.96574,0.9416,0.99115
A_dice_w64_d5_s0,A_dice_w64_d5,10,0,Q4_clearest,0,6099,1556,0.95999,0.99318,0.98833,0.99807
A_dice_w64_d5_s0,A_dice_w64_d5,10,20,Q1_dimmest,264,7560,3177,0.52639,0.49543,0.58794,0.42808
A_dice_w64_d5_s0,A_dice_w64_d5,10,20,Q2,31,6756,2369,0.82403,0.82701,0.78983,0.86788
A_dice_w64_d5_s0,A_dice_w64_d5,10,20,Q3,2,6741,2035,0.91184,0.96718,0.94434,0.99115
A_dice_w64_d5_s0,A_dice_w64_d5,10,20,Q4_clearest,0,6099,1556,0.96082,0.9961,0.99413,0.99807
A_dice_w64_d5_s0,A_dice_w64_d5,11,0,Q1_dimmest,300,6386,2930,0.47486,0.43434,0.51199,0.37713
A_dice_w64_d5_s0,A_dice_w64_d5,11,0,Q2,45,5601,2186,0.78028,0.76105,0.72266,0.80375
A_dice_w64_d5_s0,A_dice_w64_d5,11,0,Q3,7,6593,2129,0.86926,0.91265,0.86702,0.96336
A_dice_w64_d5_s0,A_dice_w64_d5,11,0,Q4_clearest,4,10959,3211,0.93823,0.97958,0.96638,0.99315
A_dice_w64_d5_s0,A_dice_w64_d5,11,20,Q1_dimmest,275,6386,2930,0.46997,0.42453,0.52356,0.357
A_dice_w64_d5_s0,A_dice_w64_d5,11,20,Q2,39,5601,2186,0.77889,0.75663,0.73064,0.78454
A_dice_w64_d5_s0,A_dice_w64_d5,11,20,Q3,6,6593,2129,0.87017,0.91469,0.87146,0.96242
A_dice_w64_d5_s0,A_dice_w64_d5,11,20,Q4_clearest,4,10959,3211,0.93829,0.97927,0.96666,0.99221
A_dice_w64_d5_s0,A_dice_w64_d5,12,0,Q1_dimmest,210,6741,2151,0.5672,0.57758,0.63997,0.52627
A_dice_w64_d5_s0,A_dice_w64_d5,12,0,Q2,49,7686,2661,0.82097,0.84348,0.81459,0.87448
A_dice_w64_d5_s0,A_dice_w64_d5,12,0,Q3,5,7976,2374,0.90429,0.95476,0.93443,0.97599
A_dice_w64_d5_s0,A_dice_w64_d5,12,0,Q4_clearest,0,6087,1526,0.95907,0.99402,0.98812,1.0
A_dice_w64_d5_s0,A_dice_w64_d5,12,20,Q1_dimmest,196,6741,2151,0.5664,0.58002,0.66914,0.51185
A_dice_w64_d5_s0,A_dice_w64_d5,12,20,Q2,45,7686,2661,0.82161,0.84649,0.82972,0.86396
A_dice_w64_d5_s0,A_dice_w64_d5,12,20,Q3,5,7976,2374,0.90484,0.95705,0.93961,0.97515
A_dice_w64_d5_s0,A_dice_w64_d5,12,20,Q4_clearest,0,6087,1526,0.95907,0.99402,0.98812,1.0
A_dice_w64_d5_s0,A_dice_w64_d5,13,0,Q1_dimmest,261,8947,3161,0.53023,0.5231,0.58906,0.47042
A_dice_w64_d5_s0,A_dice_w64_d5,13,0,Q2,59,7970,2798,0.81923,0.81781,0.78532,0.85311
A_dice_w64_d5_s0,A_dice_w64_d5,13,0,Q3,5,7295,2120,0.92038,0.96047,0.94636,0.975
A_dice_w64_d5_s0,A_dice_w64_d5,13,0,Q4_clearest,0,8047,2107,0.97643,0.99597,0.99431,0.99763
A_dice_w64_d5_s0,A_dice_w64_d5,13,20,Q1_dimmest,236,8947,3161,0.53074,0.52566,0.62304,0.4546
A_dice_w64_d5_s0,A_dice_w64_d5,13,20,Q2,53,7970,2798,0.81838,0.81604,0.8,0.83274
A_dice_w64_d5_s0,A_dice_w64_d5,13,20,Q3,5,7295,2120,0.92029,0.95991,0.94841,0.9717
A_dice_w64_d5_s0,A_dice_w64_d5,13,20,Q4_clearest,0,8047,2107,0.97643,0.99597,0.99431,0.99763
A_dice_w64_d5_s0,A_dice_w64_d5,14,0,Q1_dimmest,206,4886,1623,0.50819,0.50237,0.50572,0.49908
A_dice_w64_d5_s0,A_dice_w64_d5,14,0,Q2,48,6453,2243,0.79041,0.78273,0.7109,0.87071
A_dice_w64_d5_s0,A_dice_w64_d5,14,0,Q3,3,8104,2470,0.88813,0.94046,0.89311,0.99312
A_dice_w64_d5_s0,A_dice_w64_d5,14,0,Q4_clearest,0,7234,2022,0.95146,0.99414,0.98834,1.0
A_dice_w64_d5_s0,A_dice_w64_d5,14,20,Q1_dimmest,187,4886,1623,0.51251,0.51339,0.55263,0.47936
A_dice_w64_d5_s0,A_dice_w64_d5,14,20,Q2,47,6453,2243,0.78972,0.78021,0.72151,0.84931
A_dice_w64_d5_s0,A_dice_w64_d5,14,20,Q3,3,8104,2470,0.88995,0.94592,0.90301,0.99312
A_dice_w64_d5_s0,A_dice_w64_d5,14,20,Q4_clearest,0,7234,2022,0.95146,0.99414,0.98834,1.0
A_dice_w64_d5_s0,A_dice_w64_d5,15,0,Q1_dimmest,160,4357,1638,0.51866,0.53253,0.5503,0.51587
A_dice_w64_d5_s0,A_dice_w64_d5,15,0,Q2,21,5141,1751,0.77784,0.8001,0.71687,0.9052
A_dice_w64_d5_s0,A_dice_w64_d5,15,0,Q3,3,6066,1760,0.87328,0.94304,0.89587,0.99545
A_dice_w64_d5_s0,A_dice_w64_d5,15,0,Q4_clearest,0,8050,2502,0.94102,0.98897,0.97818,1.0
A_dice_w64_d5_s0,A_dice_w64_d5,15,20,Q1_dimmest,148,4357,1638,0.51958,0.53794,0.57248,0.50733
A_dice_w64_d5_s0,A_dice_w64_d5,15,20,Q2,21,5141,1751,0.77882,0.80432,0.72477,0.90348
A_dice_w64_d5_s0,A_dice_w64_d5,15,20,Q3,3,6066,1760,0.87424,0.94578,0.90083,0.99545
A_dice_w64_d5_s0,A_dice_w64_d5,15,20,Q4_clearest,0,8050,2502,0.94107,0.98917,0.97857,1.0
A_dice_w64_d5_s0,A_dice_w64_d5,16,0,Q1_dimmest,241,6445,1959,0.58957,0.62477,0.71824,0.55283
A_dice_w64_d5_s0,A_dice_w64_d5,16,0,Q2,50,6977,2256,0.84948,0.88887,0.88462,0.89317
A_dice_w64_d5_s0,A_dice_w64_d5,16,0,Q3,4,7630,2131,0.89714,0.95502,0.9223,0.99015
A_dice_w64_d5_s0,A_dice_w64_d5,16,0,Q4_clearest,2,8739,2466,0.94125,0.98528,0.9729,0.99797
A_dice_w64_d5_s0,A_dice_w64_d5,16,20,Q1_dimmest,223,6445,1959,0.58671,0.62421,0.74424,0.53752
A_dice_w64_d5_s0,A_dice_w64_d5,16,20,Q2,47,6977,2256,0.84993,0.89176,0.90119,0.88254
A_dice_w64_d5_s0,A_dice_w64_d5,16,20,Q3,4,7630,2131,0.89861,0.95936,0.93168,0.98874
A_dice_w64_d5_s0,A_dice_w64_d5,16,20,Q4_clearest,2,8739,2466,0.94252,0.98907,0.98032,0.99797
A_dice_w64_d5_s0,A_dice_w64_d5,17,0,Q1_dimmest,243,7862,2585,0.58901,0.60805,0.72834,0.52186
A_dice_w64_d5_s0,A_dice_w64_d5,17,0,Q2,31,7104,2140,0.85269,0.89216,0.87779,0.90701
A_dice_w64_d5_s0,A_dice_w64_d5,17,0,Q3,1,7222,1826,0.91122,0.97723,0.96621,0.9885
A_dice_w64_d5_s0,A_dice_w64_d5,17,0,Q4_clearest,1,5664,1433,0.92945,0.98882,0.98603,0.99163
A_dice_w64_d5_s0,A_dice_w64_d5,17,20,Q1_dimmest,232,7862,2585,0.58985,0.61533,0.76359,0.51528
A_dice_w64_d5_s0,A_dice_w64_d5,17,20,Q2,30,7104,2140,0.85458,0.89927,0.89715,0.9014
A_dice_w64_d5_s0,A_dice_w64_d5,17,20,Q3,1,7222,1826,0.91171,0.97823,0.96923,0.9874
A_dice_w64_d5_s0,A_dice_w64_d5,17,20,Q4_clearest,1,5664,1433,0.92945,0.98882,0.98603,0.99163
A_dice_w64_d5_s0,A_dice_w64_d5,18,0,Q1_dimmest,179,4966,1759,0.61239,0.62035,0.66465,0.58158
A_dice_w64_d5_s0,A_dice_w64_d5,18,0,Q2,36,6044,1968,0.82155,0.8821,0.85313,0.91311
A_dice_w64_d5_s0,A_dice_w64_d5,18,0,Q3,4,7429,2081,0.86025,0.96771,0.94429,0.99231
A_dice_w64_d5_s0,A_dice_w64_d5,18,0,Q4_clearest,0,7705,1851,0.90163,0.99033,0.98241,0.99838
A_dice_w64_d5_s0,A_dice_w64_d5,18,20,Q1_dimmest,171,4966,1759,0.61729,0.6335,0.70137,0.5776
A_dice_w64_d5_s0,A_dice_w64_d5,18,20,Q2,35,6044,1968,0.82469,0.8897,0.86931,0.91108
A_dice_w64_d5_s0,A_dice_w64_d5,18,20,Q3,4,7429,2081,0.86229,0.97488,0.95805,0.99231
A_dice_w64_d5_s0,A_dice_w64_d5,18,20,Q4_clearest,0,7705,1851,0.90162,0.99033,0.98241,0.99838
A_dice_w64_d5_s0,A_dice_w64_d5,19,0,Q1_dimmest,138,3731,1722,0.63589,0.66215,0.69624,0.63124
A_dice_w64_d5_s0,A_dice_w64_d5,19,0,Q2,29,6957,2067,0.80152,0.86204,0.79847,0.93662
A_dice_w64_d5_s0,A_dice_w64_d5,19,0,Q3,2,8771,2610,0.89699,0.96529,0.94002,0.99195
A_dice_w64_d5_s0,A_dice_w64_d5,19,0,Q4_clearest,0,7909,2077,0.96362,0.99486,0.99072,0.99904
A_dice_w64_d5_s0,A_dice_w64_d5,19,20,Q1_dimmest,125,3731,1722,0.63286,0.65779,0.71246,0.61092
A_dice_w64_d5_s0,A_dice_w64_d5,19,20,Q2,23,6957,2067,0.80285,0.86647,0.81228,0.9284
A_dice_w64_d5_s0,A_dice_w64_d5,19,20,Q3,1,8771,2610,0.89839,0.96987,0.94981,0.9908
A_dice_w64_d5_s0,A_dice_w64_d5,19,20,Q4_clearest,0,7909,2077,0.96403,0.99584,0.99266,0.99904
A_dice_w64_d5_s0,A_dice_w64_d5,20,0,Q1_dimmest,176,5411,1924,0.62371,0.64396,0.62908,0.65956
A_dice_w64_d5_s0,A_dice_w64_d5,20,0,Q2,22,7210,2225,0.81179,0.86102,0.78937,0.94697
A_dice_w64_d5_s0,A_dice_w64_d5,20,0,Q3,4,6951,2027,0.87468,0.94958,0.9089,0.99408
A_dice_w64_d5_s0,A_dice_w64_d5,20,0,Q4_clearest,0,4693,1197,0.94103,0.98588,0.97216,1.0
A_dice_w64_d5_s0,A_dice_w64_d5,20,20,Q1_dimmest,165,5411,1924,0.6261,0.65211,0.66321,0.64137
A_dice_w64_d5_s0,A_dice_w64_d5,20,20,Q2,22,7210,2225,0.81678,0.87738,0.82002,0.94337
A_dice_w64_d5_s0,A_dice_w64_d5,20,20,Q3,4,6951,2027,0.87902,0.96269,0.93322,0.99408
A_dice_w64_d5_s0,A_dice_w64_d5,20,20,Q4_clearest,1,4693,1197,0.94121,0.98824,0.97835,0.99833
A_dice_w64_d5_s1,A_dice_w64_d5,01,0,Q1_dimmest,200,4597,1791,0.58591,0.57312,0.56418,0.58236
A_dice_w64_d5_s1,A_dice_w64_d5,01,0,Q2,40,6946,2500,0.79523,0.84924,0.79125,0.9164
A_dice_w64_d5_s1,A_dice_w64_d5,01,0,Q3,13,8473,2538,0.86331,0.95936,0.94111,0.97833
A_dice_w64_d5_s1,A_dice_w64_d5,01,0,Q4_clearest,1,9424,2483,0.9231,0.98416,0.96958,0.99919
A_dice_w64_d5_s1,A_dice_w64_d5,01,20,Q1_dimmest,193,4597,1791,0.58934,0.58254,0.59314,0.57231
A_dice_w64_d5_s1,A_dice_w64_d5,01,20,Q2,38,6946,2500,0.7958,0.85148,0.80034,0.9096
A_dice_w64_d5_s1,A_dice_w64_d5,01,20,Q3,13,8473,2538,0.86372,0.96102,0.94468,0.97794
A_dice_w64_d5_s1,A_dice_w64_d5,01,20,Q4_clearest,0,9424,2483,0.92314,0.98436,0.97033,0.99879
A_dice_w64_d5_s1,A_dice_w64_d5,02,0,Q1_dimmest,238,5691,1790,0.52535,0.49077,0.48397,0.49777
A_dice_w64_d5_s1,A_dice_w64_d5,02,0,Q2,36,6606,1861,0.80974,0.79816,0.72648,0.88555
A_dice_w64_d5_s1,A_dice_w64_d5,02,0,Q3,4,8662,2260,0.89967,0.95633,0.92659,0.98805
A_dice_w64_d5_s1,A_dice_w64_d5,02,0,Q4_clearest,0,12831,3378,0.96166,0.99191,0.98396,1.0
A_dice_w64_d5_s1,A_dice_w64_d5,02,20,Q1_dimmest,217,5691,1790,0.52253,0.48337,0.49709,0.47039
A_dice_w64_d5_s1,A_dice_w64_d5,02,20,Q2,31,6606,1861,0.80812,0.79215,0.73129,0.86405
A_dice_w64_d5_s1,A_dice_w64_d5,02,20,Q3,2,8662,2260,0.89999,0.9578,0.92973,0.98761
A_dice_w64_d5_s1,A_dice_w64_d5,02,20,Q4_clearest,0,12831,3378,0.96166,0.99191,0.98396,1.0
A_dice_w64_d5_s1,A_dice_w64_d5,03,0,Q1_dimmest,260,10358,3377,0.51512,0.50063,0.56866,0.44714
A_dice_w64_d5_s1,A_dice_w64_d5,03,0,Q2,38,9353,2708,0.82546,0.84813,0.84221,0.85414
A_dice_w64_d5_s1,A_dice_w64_d5,03,0,Q3,8,8095,2089,0.932,0.96892,0.96801,0.96984
A_dice_w64_d5_s1,A_dice_w64_d5,03,0,Q4_clearest,1,5087,1047,0.9849,0.99437,0.99735,0.9914
A_dice_w64_d5_s1,A_dice_w64_d5,03,20,Q1_dimmest,245,10358,3377,0.51569,0.5034,0.59237,0.43767
A_dice_w64_d5_s1,A_dice_w64_d5,03,20,Q2,36,9353,2708,0.82477,0.84785,0.84527,0.85044
A_dice_w64_d5_s1,A_dice_w64_d5,03,20,Q3,6,8095,2089,0.93253,0.97088,0.97289,0.96888
A_dice_w64_d5_s1,A_dice_w64_d5,03,20,Q4_clearest,1,5087,1047,0.9849,0.99437,0.99735,0.9914
A_dice_w64_d5_s1,A_dice_w64_d5,04,0,Q1_dimmest,226,7750,3035,0.52294,0.47201,0.60532,0.38682
A_dice_w64_d5_s1,A_dice_w64_d5,04,0,Q2,25,6017,1865,0.82226,0.83813,0.79838,0.88204
A_dice_w64_d5_s1,A_dice_w64_d5,04,0,Q3,3,6293,1680,0.91408,0.96821,0.94911,0.9881
A_dice_w64_d5_s1,A_dice_w64_d5,04,0,Q4_clearest,0,10294,2346,0.97268,0.99123,0.9855,0.99702
A_dice_w64_d5_s1,A_dice_w64_d5,04,20,Q1_dimmest,201,7750,3035,0.51921,0.46353,0.61844,0.37068
A_dice_w64_d5_s1,A_dice_w64_d5,04,20,Q2,25,6017,1865,0.82141,0.83491,0.80188,0.87078
A_dice_w64_d5_s1,A_dice_w64_d5,04,20,Q3,2,6293,1680,0.9142,0.96849,0.95021,0.9875
A_dice_w64_d5_s1,A_dice_w64_d5,04,20,Q4_clearest,0,10294,2346,0.97268,0.99123,0.9855,0.99702
A_dice_w64_d5_s1,A_dice_w64_d5,05,0,Q1_dimmest,284,9685,3539,0.49234,0.43606,0.6062,0.34049
A_dice_w64_d5_s1,A_dice_w64_d5,05,0,Q2,23,7440,2198,0.8566,0.85878,0.84453,0.87352
A_dice_w64_d5_s1,A_dice_w64_d5,05,0,Q3,0,7606,2186,0.93841,0.98433,0.97524,0.9936
A_dice_w64_d5_s1,A_dice_w64_d5,05,0,Q4_clearest,0,6179,1663,0.97467,0.99716,0.99433,1.0
A_dice_w64_d5_s1,A_dice_w64_d5,05,20,Q1_dimmest,253,9685,3539,0.48712,0.42505,0.62678,0.32156
A_dice_w64_d5_s1,A_dice_w64_d5,05,20,Q2,22,7440,2198,0.85592,0.85679,0.84842,0.86533
A_dice_w64_d5_s1,A_dice_w64_d5,05,20,Q3,0,7606,2186,0.93847,0.98455,0.97568,0.9936
A_dice_w64_d5_s1,A_dice_w64_d5,05,20,Q4_clearest,0,6179,1663,0.97467,0.99716,0.99433,1.0
A_dice_w64_d5_s1,A_dice_w64_d5,06,0,Q1_dimmest,339,10790,3981,0.52264,0.50958,0.64597,0.42075
A_dice_w64_d5_s1,A_dice_w64_d5,06,0,Q2,43,7933,2378,0.85029,0.85299,0.86219,0.84399
A_dice_w64_d5_s1,A_dice_w64_d5,06,0,Q3,0,7891,2229,0.95077,0.98518,0.97548,0.99507
A_dice_w64_d5_s1,A_dice_w64_d5,06,0,Q4_clearest,0,5502,1401,0.98092,0.99861,0.99723,1.0
A_dice_w64_d5_s1,A_dice_w64_d5,06,20,Q1_dimmest,311,10790,3981,0.51853,0.50262,0.67565,0.40015
A_dice_w64_d5_s1,A_dice_w64_d5,06,20,Q2,37,7933,2378,0.84774,0.84578,0.86802,0.82464
A_dice_w64_d5_s1,A_dice_w64_d5,06,20,Q3,0,7891,2229,0.9507,0.98516,0.97588,0.99462
A_dice_w64_d5_s1,A_dice_w64_d5,06,20,Q4_clearest,0,5502,1401,0.98092,0.99861,0.99723,1.0
A_dice_w64_d5_s1,A_dice_w64_d5,07,0,Q1_dimmest,230,8316,2808,0.50142,0.48892,0.64538,0.39352
A_dice_w64_d5_s1,A_dice_w64_d5,07,0,Q2,50,7149,2172,0.82621,0.83408,0.83298,0.83517
A_dice_w64_d5_s1,A_dice_w64_d5,07,0,Q3,5,7254,1955,0.92075,0.96933,0.95304,0.98619
A_dice_w64_d5_s1,A_dice_w64_d5,07,0,Q4_clearest,1,7433,2033,0.97111,0.99541,0.99232,0.99852
A_dice_w64_d5_s1,A_dice_w64_d5,07,20,Q1_dimmest,208,8316,2808,0.49779,0.47688,0.66364,0.37215
A_dice_w64_d5_s1,A_dice_w64_d5,07,20,Q2,47,7149,2172,0.82665,0.83538,0.84599,0.82505
A_dice_w64_d5_s1,A_dice_w64_d5,07,20,Q3,5,7254,1955,0.92091,0.97005,0.95491,0.98568
A_dice_w64_d5_s1,A_dice_w64_d5,07,20,Q4_clearest,1,7433,2033,0.97124,0.99589,0.99327,0.99852
A_dice_w64_d5_s1,A_dice_w64_d5,08,0,Q1_dimmest,279,9976,3245,0.53383,0.49218,0.62151,0.4074
A_dice_w64_d5_s1,A_dice_w64_d5,08,0,Q2,32,8461,2479,0.85368,0.85097,0.83046,0.87253
A_dice_w64_d5_s1,A_dice_w64_d5,08,0,Q3,5,6640,1970,0.93329,0.96907,0.9553,0.98325
A_dice_w64_d5_s1,A_dice_w64_d5,08,0,Q4_clearest,0,3312,891,0.97634,0.9933,0.9922,0.99439
A_dice_w64_d5_s1,A_dice_w64_d5,08,20,Q1_dimmest,253,9976,3245,0.53197,0.48889,0.65198,0.39106
A_dice_w64_d5_s1,A_dice_w64_d5,08,20,Q2,30,8461,2479,0.85417,0.85283,0.84037,0.86567
A_dice_w64_d5_s1,A_dice_w64_d5,08,20,Q3,5,6640,1970,0.93432,0.97241,0.9618,0.98325
A_dice_w64_d5_s1,A_dice_w64_d5,08,20,Q4_clearest,0,3312,891,0.97634,0.9933,0.9922,0.99439
A_dice_w64_d5_s1,A_dice_w64_d5,09,0,Q1_dimmest,263,9368,3406,0.56351,0.54768,0.6329,0.48268
A_dice_w64_d5_s1,A_dice_w64_d5,09,0,Q2,25,7639,2383,0.86347,0.88189,0.83857,0.92992
A_dice_w64_d5_s1,A_dice_w64_d5,09,0,Q3,1,6249,1936,0.94077,0.98421,0.96988,0.99897
A_dice_w64_d5_s1,A_dice_w64_d5,09,0,Q4_clearest,1,3485,1001,0.97699,0.9975,1.0,0.995
A_dice_w64_d5_s1,A_dice_w64_d5,09,20,Q1_dimmest,246,9368,3406,0.56149,0.54609,0.65662,0.46741
A_dice_w64_d5_s1,A_dice_w64_d5,09,20,Q2,22,7639,2383,0.8624,0.87997,0.84306,0.92027
A_dice_w64_d5_s1,A_dice_w64_d5,09,20,Q3,1,6249,1936,0.94105,0.98523,0.97187,0.99897
A_dice_w64_d5_s1,A_dice_w64_d5,09,20,Q4_clearest,1,3485,1001,0.97699,0.9975,1.0,0.995
A_dice_w64_d5_s1,A_dice_w64_d5,10,0,Q1_dimmest,299,7560,3177,0.54218,0.49391,0.54715,0.45011
A_dice_w64_d5_s1,A_dice_w64_d5,10,0,Q2,29,6756,2369,0.82064,0.8129,0.76219,0.87083
A_dice_w64_d5_s1,A_dice_w64_d5,10,0,Q3,2,6741,2035,0.91092,0.96427,0.93706,0.99312
A_dice_w64_d5_s1,A_dice_w64_d5,10,0,Q4_clearest,0,6099,1556,0.9579,0.99211,0.98496,0.99936
A_dice_w64_d5_s1,A_dice_w64_d5,10,20,Q1_dimmest,281,7560,3177,0.54449,0.49964,0.57522,0.44161
A_dice_w64_d5_s1,A_dice_w64_d5,10,20,Q2,28,6756,2369,0.81957,0.8097,0.76241,0.86323
A_dice_w64_d5_s1,A_dice_w64_d5,10,20,Q3,2,6741,2035,0.91095,0.96472,0.93878,0.99214
A_dice_w64_d5_s1,A_dice_w64_d5,10,20,Q4_clearest,0,6099,1556,0.95828,0.99374,0.98819,0.99936
A_dice_w64_d5_s1,A_dice_w64_d5,11,0,Q1_dimmest,313,6386,2930,0.49203,0.42895,0.50584,0.37235
A_dice_w64_d5_s1,A_dice_w64_d5,11,0,Q2,53,5601,2186,0.78877,0.76582,0.72756,0.80833
A_dice_w64_d5_s1,A_dice_w64_d5,11,0,Q3,12,6593,2129,0.86328,0.91819,0.87629,0.9643
A_dice_w64_d5_s1,A_dice_w64_d5,11,0,Q4_clearest,1,10959,3211,0.93709,0.98312,0.96825,0.99844
A_dice_w64_d5_s1,A_dice_w64_d5,11,20,Q1_dimmest,291,6386,2930,0.4894,0.42171,0.51579,0.35666
A_dice_w64_d5_s1,A_dice_w64_d5,11,20,Q2,49,5601,2186,0.78874,0.76575,0.73696,0.79689
A_dice_w64_d5_s1,A_dice_w64_d5,11,20,Q3,12,6593,2129,0.8639,0.91954,0.87913,0.96383
A_dice_w64_d5_s1,A_dice_w64_d5,11,20,Q4_clearest,1,10959,3211,0.93717,0.98342,0.96885,0.99844
A_dice_w64_d5_s1,A_dice_w64_d5,12,0,Q1_dimmest,207,6741,2151,0.58153,0.57916,0.64319,0.52673
A_dice_w64_d5_s1,A_dice_w64_d5,12,0,Q2,49,7686,2661,0.8274,0.84754,0.81891,0.87824
A_dice_w64_d5_s1,A_dice_w64_d5,12,0,Q3,3,7976,2374,0.90295,0.95988,0.93502,0.9861
A_dice_w64_d5_s1,A_dice_w64_d5,12,0,Q4_clearest,0,6087,1526,0.95616,0.99647,0.99297,1.0
A_dice_w64_d5_s1,A_dice_w64_d5,12,20,Q1_dimmest,198,6741,2151,0.5814,0.58119,0.66364,0.51697
A_dice_w64_d5_s1,A_dice_w64_d5,12,20,Q2,45,7686,2661,0.82802,0.84978,0.82846,0.87223
A_dice_w64_d5_s1,A_dice_w64_d5,12,20,Q3,3,7976,2374,0.90299,0.96008,0.93577,0.98568
A_dice_w64_d5_s1,A_dice_w64_d5,12,20,Q4_clearest,0,6087,1526,0.95616,0.99647,0.99297,1.0
A_dice_w64_d5_s1,A_dice_w64_d5,13,0,Q1_dimmest,277,8947,3161,0.55934,0.52539,0.56456,0.4913
A_dice_w64_d5_s1,A_dice_w64_d5,13,0,Q2,57,7970,2798,0.82365,0.81569,0.76923,0.86812
A_dice_w64_d5_s1,A_dice_w64_d5,13,0,Q3,3,7295,2120,0.91616,0.96276,0.94375,0.98255
A_dice_w64_d5_s1,A_dice_w64_d5,13,0,Q4_clearest,0,8047,2107,0.97562,0.99674,0.9935,1.0
A_dice_w64_d5_s1,A_dice_w64_d5,13,20,Q1_dimmest,251,8947,3161,0.55995,0.52778,0.60368,0.46884
A_dice_w64_d5_s1,A_dice_w64_d5,13,20,Q2,54,7970,2798,0.82351,0.81609,0.78365,0.85132
A_dice_w64_d5_s1,A_dice_w64_d5,13,20,Q3,3,7295,2120,0.91649,0.96411,0.94722,0.9816
A_dice_w64_d5_s1,A_dice_w64_d5,13,20,Q4_clearest,0,8047,2107,0.97562,0.99674,0.9935,1.0
A_dice_w64_d5_s1,A_dice_w64_d5,14,0,Q1_dimmest,199,4886,1623,0.52681,0.52049,0.50972,0.53173
A_dice_w64_d5_s1,A_dice_w64_d5,14,0,Q2,51,6453,2243,0.78807,0.78333,0.71249,0.86982
A_dice_w64_d5_s1,A_dice_w64_d5,14,0,Q3,5,8104,2470,0.88527,0.94093,0.89626,0.99028
A_dice_w64_d5_s1,A_dice_w64_d5,14,0,Q4_clearest,0,7234,2022,0.95058,0.99608,0.99219,1.0
A_dice_w64_d5_s1,A_dice_w64_d5,14,20,Q1_dimmest,189,4886,1623,0.52812,0.52347,0.53477,0.51263
A_dice_w64_d5_s1,A_dice_w64_d5,14,20,Q2,44,6453,2243,0.79159,0.79297,0.7324,0.86447
A_dice_w64_d5_s1,A_dice_w64_d5,14,20,Q3,5,8104,2470,0.88628,0.94383,0.90188,0.98988
A_dice_w64_d5_s1,A_dice_w64_d5,14,20,Q4_clearest,0,7234,2022,0.95058,0.99608,0.99219,1.0
A_dice_w64_d5_s1,A_dice_w64_d5,15,0,Q1_dimmest,165,4357,1638,0.53879,0.53355,0.53352,0.53358
A_dice_w64_d5_s1,A_dice_w64_d5,15,0,Q2,19,5141,1751,0.77887,0.80955,0.72776,0.91205
A_dice_w64_d5_s1,A_dice_w64_d5,15,0,Q3,3,6066,1760,0.85745,0.93322,0.88009,0.99318
A_dice_w64_d5_s1,A_dice_w64_d5,15,0,Q4_clearest,0,8050,2502,0.93669,0.98465,0.96977,1.0
A_dice_w64_d5_s1,A_dice_w64_d5,15,20,Q1_dimmest,150,4357,1638,0.5404,0.53763,0.56057,0.51648
A_dice_w64_d5_s1,A_dice_w64_d5,15,20,Q2,18,5141,1751,0.77807,0.80886,0.73292,0.90234
A_dice_w64_d5_s1,A_dice_w64_d5,15,20,Q3,3,6066,1760,0.85957,0.94095,0.89439,0.99261
A_dice_w64_d5_s1,A_dice_w64_d5,15,20,Q4_clearest,0,8050,2502,0.93696,0.98542,0.97125,1.0
A_dice_w64_d5_s1,A_dice_w64_d5,16,0,Q1_dimmest,255,6445,1959,0.59333,0.61812,0.68819,0.561
A_dice_w64_d5_s1,A_dice_w64_d5,16,0,Q2,56,6977,2256,0.84169,0.88176,0.86896,0.89495
A_dice_w64_d5_s1,A_dice_w64_d5,16,0,Q3,3,7630,2131,0.88794,0.9539,0.91901,0.99155
A_dice_w64_d5_s1,A_dice_w64_d5,16,0,Q4_clearest,1,8739,2466,0.9321,0.9766,0.95463,0.99959
A_dice_w64_d5_s1,A_dice_w64_d5,16,20,Q1_dimmest,249,6445,1959,0.59651,0.62936,0.72781,0.55436
A_dice_w64_d5_s1,A_dice_w64_d5,16,20,Q2,51,6977,2256,0.84604,0.89267,0.89619,0.88918
A_dice_w64_d5_s1,A_dice_w64_d5,16,20,Q3,3,7630,2131,0.88928,0.95798,0.92702,0.99108
A_dice_w64_d5_s1,A_dice_w64_d5,16,20,Q4_clearest,1,8739,2466,0.93324,0.98045,0.96203,0.99959
A_dice_w64_d5_s1,A_dice_w64_d5,17,0,Q1_dimmest,260,7862,2585,0.59638,0.61964,0.70361,0.55358
A_dice_w64_d5_s1,A_dice_w64_d5,17,0,Q2,40,7104,2140,0.84799,0.88276,0.86062,0.90607
A_dice_w64_d5_s1,A_dice_w64_d5,17,0,Q3,6,7222,1826,0.90906,0.9738,0.95902,0.98905
A_dice_w64_d5_s1,A_dice_w64_d5,17,0,Q4_clearest,0,5664,1433,0.92672,0.99098,0.98415,0.99791
A_dice_w64_d5_s1,A_dice_w64_d5,17,20,Q1_dimmest,241,7862,2585,0.59744,0.62736,0.74985,0.53926
A_dice_w64_d5_s1,A_dice_w64_d5,17,20,Q2,37,7104,2140,0.85071,0.89194,0.88628,0.89766
A_dice_w64_d5_s1,A_dice_w64_d5,17,20,Q3,6,7222,1826,0.90975,0.97663,0.96453,0.98905
A_dice_w64_d5_s1,A_dice_w64_d5,17,20,Q4_clearest,0,5664,1433,0.92718,0.99236,0.98687,0.99791
A_dice_w64_d5_s1,A_dice_w64_d5,18,0,Q1_dimmest,188,4966,1759,0.6268,0.62445,0.64466,0.60546
A_dice_w64_d5_s1,A_dice_w64_d5,18,0,Q2,34,6044,1968,0.81486,0.86711,0.8251,0.91362
A_dice_w64_d5_s1,A_dice_w64_d5,18,0,Q3,3,7429,2081,0.84731,0.95889,0.92597,0.99423
A_dice_w64_d5_s1,A_dice_w64_d5,18,0,Q4_clearest,0,7705,1851,0.89413,0.98579,0.97198,1.0
A_dice_w64_d5_s1,A_dice_w64_d5,18,20,Q1_dimmest,183,4966,1759,0.63186,0.637,0.67556,0.60262
A_dice_w64_d5_s1,A_dice_w64_d5,18,20,Q2,33,6044,1968,0.81771,0.87501,0.84168,0.91108
A_dice_w64_d5_s1,A_dice_w64_d5,18,20,Q3,3,7429,2081,0.84943,0.96615,0.93962,0.99423
A_dice_w64_d5_s1,A_dice_w64_d5,18,20,Q4_clearest,0,7705,1851,0.89512,0.98911,0.97846,1.0
A_dice_w64_d5_s1,A_dice_w64_d5,19,0,Q1_dimmest,138,3731,1722,0.64461,0.66229,0.6655,0.65912
A_dice_w64_d5_s1,A_dice_w64_d5,19,0,Q2,31,6957,2067,0.79749,0.85926,0.79026,0.94146
A_dice_w64_d5_s1,A_dice_w64_d5,19,0,Q3,1,8771,2610,0.89149,0.9663,0.9392,0.99502
A_dice_w64_d5_s1,A_dice_w64_d5,19,0,Q4_clearest,2,7909,2077,0.96078,0.99588,0.99465,0.99711
A_dice_w64_d5_s1,A_dice_w64_d5,19,20,Q1_dimmest,135,3731,1722,0.64546,0.66623,0.68413,0.64925
A_dice_w64_d5_s1,A_dice_w64_d5,19,20,Q2,30,6957,2067,0.80179,0.87114,0.81095,0.94098
A_dice_w64_d5_s1,A_dice_w64_d5,19,20,Q3,1,8771,2610,0.89287,0.97089,0.9479,0.99502
A_dice_w64_d5_s1,A_dice_w64_d5,19,20,Q4_clearest,2,7909,2077,0.96078,0.99588,0.99465,0.99711
A_dice_w64_d5_s1,A_dice_w64_d5,20,0,Q1_dimmest,199,5411,1924,0.63731,0.6392,0.62143,0.658
A_dice_w64_d5_s1,A_dice_w64_d5,20,0,Q2,30,7210,2225,0.80698,0.85943,0.78486,0.94966
A_dice_w64_d5_s1,A_dice_w64_d5,20,0,Q3,0,6951,2027,0.86555,0.94795,0.90347,0.99704
A_dice_w64_d5_s1,A_dice_w64_d5,20,0,Q4_clearest,0,4693,1197,0.93457,0.97937,0.95956,1.0
A_dice_w64_d5_s1,A_dice_w64_d5,20,20,Q1_dimmest,186,5411,1924,0.63664,0.63699,0.64151,0.63254
A_dice_w64_d5_s1,A_dice_w64_d5,20,20,Q2,26,7210,2225,0.81112,0.87224,0.81142,0.94292
A_dice_w64_d5_s1,A_dice_w64_d5,20,20,Q3,0,6951,2027,0.86714,0.95384,0.91424,0.99704
A_dice_w64_d5_s1,A_dice_w64_d5,20,20,Q4_clearest,0,4693,1197,0.93446,0.97935,0.95953,1.0
A_dice_w64_d5_s2,A_dice_w64_d5,01,0,Q1_dimmest,185,4597,1791,0.60064,0.59467,0.60215,0.58738
A_dice_w64_d5_s2,A_dice_w64_d5,01,0,Q2,46,6946,2500,0.79273,0.85103,0.79924,0.91
A_dice_w64_d5_s2,A_dice_w64_d5,01,0,Q3,10,8473,2538,0.86223,0.95695,0.93326,0.98188
A_dice_w64_d5_s2,A_dice_w64_d5,01,0,Q4_clearest,1,9424,2483,0.92452,0.98799,0.97975,0.99638
A_dice_w64_d5_s2,A_dice_w64_d5,01,20,Q1_dimmest,173,4597,1791,0.60272,0.59968,0.62125,0.57956
A_dice_w64_d5_s2,A_dice_w64_d5,01,20,Q2,46,6946,2500,0.79275,0.85117,0.80608,0.9016
A_dice_w64_d5_s2,A_dice_w64_d5,01,20,Q3,9,8473,2538,0.86313,0.96075,0.94088,0.98148
A_dice_w64_d5_s2,A_dice_w64_d5,01,20,Q4_clearest,1,9424,2483,0.92479,0.98918,0.98209,0.99638
A_dice_w64_d5_s2,A_dice_w64_d5,02,0,Q1_dimmest,206,5691,1790,0.53298,0.50277,0.51629,0.48994
A_dice_w64_d5_s2,A_dice_w64_d5,02,0,Q2,46,6606,1861,0.80429,0.79688,0.73629,0.86835
A_dice_w64_d5_s2,A_dice_w64_d5,02,0,Q3,0,8662,2260,0.89979,0.94893,0.91166,0.98938
A_dice_w64_d5_s2,A_dice_w64_d5,02,0,Q4_clearest,0,12831,3378,0.96065,0.99122,0.98259,1.0
A_dice_w64_d5_s2,A_dice_w64_d5,02,20,Q1_dimmest,193,5691,1790,0.52952,0.49425,0.51862,0.47207
A_dice_w64_d5_s2,A_dice_w64_d5,02,20,Q2,44,6606,1861,0.80238,0.79045,0.73864,0.85008
A_dice_w64_d5_s2,A_dice_w64_d5,02,20,Q3,0,8662,2260,0.90189,0.95554,0.92395,0.98938
A_dice_w64_d5_s2,A_dice_w64_d5,02,20,Q4_clearest,0,12831,3378,0.9609,0.99222,0.98455,1.0
A_dice_w64_d5_s2,A_dice_w64_d5,03,0,Q1_dimmest,285,10358,3377,0.52896,0.51897,0.60103,0.45662
A_dice_w64_d5_s2,A_dice_w64_d5,03,0,Q2,48,9353,2708,0.82677,0.85314,0.82919,0.87851
A_dice_w64_d5_s2,A_dice_w64_d5,03,0,Q3,9,8095,2089,0.93549,0.97079,0.96792,0.97367
A_dice_w64_d5_s2,A_dice_w64_d5,03,0,Q4_clearest,0,5087,1047,0.98775,0.9982,0.99736,0.99904
A_dice_w64_d5_s2,A_dice_w64_d5,03,20,Q1_dimmest,257,10358,3377,0.52563,0.5119,0.60956,0.44122
A_dice_w64_d5_s2,A_dice_w64_d5,03,20,Q2,41,9353,2708,0.8253,0.8497,0.83472,0.86521
A_dice_w64_d5_s2,A_dice_w64_d5,03,20,Q3,9,8095,2089,0.93549,0.97072,0.96874,0.97271
A_dice_w64_d5_s2,A_dice_w64_d5,03,20,Q4_clearest,0,5087,1047,0.98775,0.9982,0.99736,0.99904
A_dice_w64_d5_s2,A_dice_w64_d5,04,0,Q1_dimmest,214,7750,3035,0.50926,0.48043,0.58635,0.40692
A_dice_w64_d5_s2,A_dice_w64_d5,04,0,Q2,36,6017,1865,0.80777,0.83722,0.7985,0.87989
A_dice_w64_d5_s2,A_dice_w64_d5,04,0,Q3,6,6293,1680,0.91487,0.95432,0.93016,0.97976
A_dice_w64_d5_s2,A_dice_w64_d5,04,0,Q4_clearest,1,10294,2346,0.97594,0.99218,0.98864,0.99574
A_dice_w64_d5_s2,A_dice_w64_d5,04,20,Q1_dimmest,203,7750,3035,0.50904,0.4811,0.60194,0.40066
A_dice_w64_d5_s2,A_dice_w64_d5,04,20,Q2,31,6017,1865,0.80662,0.83484,0.80176,0.87078
A_dice_w64_d5_s2,A_dice_w64_d5,04,20,Q3,5,6293,1680,0.91475,0.95457,0.93172,0.97857
A_dice_w64_d5_s2,A_dice_w64_d5,04,20,Q4_clearest,1,10294,2346,0.97617,0.99259,0.98989,0.99531
A_dice_w64_d5_s2,A_dice_w64_d5,05,0,Q1_dimmest,278,9685,3539,0.50251,0.45229,0.62953,0.35292
A_dice_w64_d5_s2,A_dice_w64_d5,05,0,Q2,29,7440,2198,0.84765,0.85154,0.82981,0.87443
A_dice_w64_d5_s2,A_dice_w64_d5,05,0,Q3,0,7606,2186,0.93843,0.98143,0.96696,0.99634
A_dice_w64_d5_s2,A_dice_w64_d5,05,0,Q4_clearest,1,6179,1663,0.9746,0.9957,0.99204,0.9994
A_dice_w64_d5_s2,A_dice_w64_d5,05,20,Q1_dimmest,249,9685,3539,0.49818,0.44319,0.63656,0.33993
A_dice_w64_d5_s2,A_dice_w64_d5,05,20,Q2,27,7440,2198,0.84702,0.85048,0.83913,0.86215
A_dice_w64_d5_s2,A_dice_w64_d5,05,20,Q3,0,7606,2186,0.938,0.98073,0.96819,0.9936
A_dice_w64_d5_s2,A_dice_w64_d5,05,20,Q4_clearest,1,6179,1663,0.9746,0.9957,0.99204,0.9994
A_dice_w64_d5_s2,A_dice_w64_d5,06,0,Q1_dimmest,344,10790,3981,0.51558,0.49967,0.64526,0.40769
A_dice_w64_d5_s2,A_dice_w64_d5,06,0,Q2,32,7933,2378,0.8474,0.84552,0.84121,0.84987
A_dice_w64_d5_s2,A_dice_w64_d5,06,0,Q3,1,7891,2229,0.95071,0.98302,0.97084,0.99551
A_dice_w64_d5_s2,A_dice_w64_d5,06,0,Q4_clearest,0,5502,1401,0.98241,0.99894,0.99788,1.0
A_dice_w64_d5_s2,A_dice_w64_d5,06,20,Q1_dimmest,311,10790,3981,0.51357,0.49529,0.68353,0.38834
A_dice_w64_d5_s2,A_dice_w64_d5,06,20,Q2,29,7933,2378,0.84697,0.84378,0.84954,0.8381
A_dice_w64_d5_s2,A_dice_w64_d5,06,20,Q3,1,7891,2229,0.95109,0.98451,0.97504,0.99417
A_dice_w64_d5_s2,A_dice_w64_d5,06,20,Q4_clearest,0,5502,1401,0.98241,0.99894,0.99788,1.0
A_dice_w64_d5_s2,A_dice_w64_d5,07,0,Q1_dimmest,228,8316,2808,0.48901,0.46835,0.65098,0.36574
A_dice_w64_d5_s2,A_dice_w64_d5,07,0,Q2,42,7149,2172,0.81786,0.81863,0.82284,0.81446
A_dice_w64_d5_s2,A_dice_w64_d5,07,0,Q3,5,7254,1955,0.92154,0.96157,0.94904,0.97442
A_dice_w64_d5_s2,A_dice_w64_d5,07,0,Q4_clearest,0,7433,2033,0.97138,0.99507,0.99505,0.99508
A_dice_w64_d5_s2,A_dice_w64_d5,07,20,Q1_dimmest,214,8316,2808,0.48338,0.45556,0.66609,0.34615
A_dice_w64_d5_s2,A_dice_w64_d5,07,20,Q2,35,7149,2172,0.81891,0.82148,0.83638,0.80709
A_dice_w64_d5_s2,A_dice_w64_d5,07,20,Q3,5,7254,1955,0.92125,0.96021,0.94932,0.97136
A_dice_w64_d5_s2,A_dice_w64_d5,07,20,Q4_clearest,0,7433,2033,0.97138,0.99507,0.99505,0.99508
A_dice_w64_d5_s2,A_dice_w64_d5,08,0,Q1_dimmest,286,9976,3245,0.5533,0.5231,0.63261,0.44592
A_dice_w64_d5_s2,A_dice_w64_d5,08,0,Q2,35,8461,2479,0.84811,0.84716,0.81037,0.88745
A_dice_w64_d5_s2,A_dice_w64_d5,08,0,Q3,2,6640,1970,0.93049,0.96952,0.95714,0.98223
A_dice_w64_d5_s2,A_dice_w64_d5,08,0,Q4_clearest,1,3312,891,0.9744,0.99213,0.99438,0.9899
A_dice_w64_d5_s2,A_dice_w64_d5,08,20,Q1_dimmest,263,9976,3245,0.55175,0.51898,0.65182,0.43112
A_dice_w64_d5_s2,A_dice_w64_d5,08,20,Q2,33,8461,2479,0.84895,0.84926,0.82112,0.87939
A_dice_w64_d5_s2,A_dice_w64_d5,08,20,Q3,2,6640,1970,0.93108,0.97125,0.96051,0.98223
A_dice_w64_d5_s2,A_dice_w64_d5,08,20,Q4_clearest,1,3312,891,0.9744,0.99213,0.99438,0.9899
A_dice_w64_d5_s2,A_dice_w64_d5,09,0,Q1_dimmest,259,9368,3406,0.57109,0.55547,0.66126,0.47886
A_dice_w64_d5_s2,A_dice_w64_d5,09,0,Q2,31,7639,2383,0.85265,0.87263,0.8273,0.92321
A_dice_w64_d5_s2,A_dice_w64_d5,09,0,Q3,0,6249,1936,0.93527,0.98258,0.97211,0.99329
A_dice_w64_d5_s2,A_dice_w64_d5,09,0,Q4_clearest,1,3485,1001,0.9685,0.98633,1.0,0.97303
A_dice_w64_d5_s2,A_dice_w64_d5,09,20,Q1_dimmest,249,9368,3406,0.57028,0.55384,0.66685,0.47358
A_dice_w64_d5_s2,A_dice_w64_d5,09,20,Q2,31,7639,2383,0.85247,0.87201,0.82821,0.92069
A_dice_w64_d5_s2,A_dice_w64_d5,09,20,Q3,0,6249,1936,0.93542,0.9831,0.97313,0.99329
A_dice_w64_d5_s2,A_dice_w64_d5,09,20,Q4_clearest,1,3485,1001,0.9685,0.98633,1.0,0.97303
A_dice_w64_d5_s2,A_dice_w64_d5,10,0,Q1_dimmest,286,7560,3177,0.54852,0.51808,0.56889,0.47561
A_dice_w64_d5_s2,A_dice_w64_d5,10,0,Q2,34,6756,2369,0.8174,0.82633,0.77481,0.88518
A_dice_w64_d5_s2,A_dice_w64_d5,10,0,Q3,4,6741,2035,0.90574,0.95613,0.92053,0.99459
A_dice_w64_d5_s2,A_dice_w64_d5,10,0,Q4_clearest,0,6099,1556,0.95641,0.9936,0.98729,1.0
A_dice_w64_d5_s2,A_dice_w64_d5,10,20,Q1_dimmest,263,7560,3177,0.54824,0.5178,0.58881,0.46207
A_dice_w64_d5_s2,A_dice_w64_d5,10,20,Q2,33,6756,2369,0.81709,0.82549,0.77824,0.87885
A_dice_w64_d5_s2,A_dice_w64_d5,10,20,Q3,3,6741,2035,0.90634,0.95796,0.92649,0.99165
A_dice_w64_d5_s2,A_dice_w64_d5,10,20,Q4_clearest,0,6099,1556,0.95716,0.99629,0.9926,1.0
A_dice_w64_d5_s2,A_dice_w64_d5,11,0,Q1_dimmest,292,6386,2930,0.49455,0.4339,0.52941,0.36758
A_dice_w64_d5_s2,A_dice_w64_d5,11,0,Q2,52,5601,2186,0.78217,0.75565,0.71772,0.7978
A_dice_w64_d5_s2,A_dice_w64_d5,11,0,Q3,8,6593,2129,0.86557,0.91224,0.86364,0.96665
A_dice_w64_d5_s2,A_dice_w64_d5,11,0,Q4_clearest,2,10959,3211,0.93981,0.98544,0.97336,0.99782
A_dice_w64_d5_s2,A_dice_w64_d5,11,20,Q1_dimmest,270,6386,2930,0.49113,0.42533,0.54077,0.35051
A_dice_w64_d5_s2,A_dice_w64_d5,11,20,Q2,46,5601,2186,0.78185,0.7549,0.72742,0.78454
A_dice_w64_d5_s2,A_dice_w64_d5,11,20,Q3,7,6593,2129,0.86589,0.91377,0.86751,0.96524
A_dice_w64_d5_s2,A_dice_w64_d5,11,20,Q4_clearest,2,10959,3211,0.93981,0.98544,0.97336,0.99782
A_dice_w64_d5_s2,A_dice_w64_d5,12,0,Q1_dimmest,211,6741,2151,0.58722,0.59083,0.63331,0.5537
A_dice_w64_d5_s2,A_dice_w64_d5,12,0,Q2,54,7686,2661,0.82449,0.84793,0.81131,0.88801
A_dice_w64_d5_s2,A_dice_w64_d5,12,0,Q3,6,7976,2374,0.89942,0.95522,0.93035,0.98147
A_dice_w64_d5_s2,A_dice_w64_d5,12,0,Q4_clearest,0,6087,1526,0.95907,0.99361,0.9873,1.0
A_dice_w64_d5_s2,A_dice_w64_d5,12,20,Q1_dimmest,200,6741,2151,0.58612,0.58974,0.64398,0.54393
A_dice_w64_d5_s2,A_dice_w64_d5,12,20,Q2,49,7686,2661,0.82273,0.84401,0.81364,0.87674
A_dice_w64_d5_s2,A_dice_w64_d5,12,20,Q3,6,7976,2374,0.89982,0.95619,0.93295,0.98062
A_dice_w64_d5_s2,A_dice_w64_d5,12,20,Q4_clearest,0,6087,1526,0.95907,0.99361,0.9873,1.0
A_dice_w64_d5_s2,A_dice_w64_d5,13,0,Q1_dimmest,264,8947,3161,0.55164,0.51316,0.57874,0.46093
A_dice_w64_d5_s2,A_dice_w64_d5,13,0,Q2,57,7970,2798,0.81649,0.80726,0.76494,0.85454
A_dice_w64_d5_s2,A_dice_w64_d5,13,0,Q3,8,7295,2120,0.91506,0.95833,0.93959,0.97783
A_dice_w64_d5_s2,A_dice_w64_d5,13,0,Q4_clearest,0,8047,2107,0.97645,0.9974,0.99481,1.0
A_dice_w64_d5_s2,A_dice_w64_d5,13,20,Q1_dimmest,237,8947,3161,0.55104,0.51136,0.59735,0.44701
A_dice_w64_d5_s2,A_dice_w64_d5,13,20,Q2,52,7970,2798,0.81649,0.80568,0.77691,0.83667
A_dice_w64_d5_s2,A_dice_w64_d5,13,20,Q3,5,7295,2120,0.91541,0.95972,0.94226,0.97783
A_dice_w64_d5_s2,A_dice_w64_d5,13,20,Q4_clearest,0,8047,2107,0.97645,0.9974,0.99481,1.0
A_dice_w64_d5_s2,A_dice_w64_d5,14,0,Q1_dimmest,197,4886,1623,0.53625,0.51984,0.50903,0.53112
A_dice_w64_d5_s2,A_dice_w64_d5,14,0,Q2,47,6453,2243,0.78885,0.77313,0.69129,0.87695
A_dice_w64_d5_s2,A_dice_w64_d5,14,0,Q3,4,8104,2470,0.8838,0.93338,0.88138,0.9919
A_dice_w64_d5_s2,A_dice_w64_d5,14,0,Q4_clearest,0,7234,2022,0.94945,0.99412,0.98831,1.0
A_dice_w64_d5_s2,A_dice_w64_d5,14,20,Q1_dimmest,189,4886,1623,0.53704,0.52312,0.53881,0.50832
A_dice_w64_d5_s2,A_dice_w64_d5,14,20,Q2,44,6453,2243,0.79136,0.77982,0.71028,0.86447
A_dice_w64_d5_s2,A_dice_w64_d5,14,20,Q3,4,8104,2470,0.88517,0.93791,0.8908,0.99028
A_dice_w64_d5_s2,A_dice_w64_d5,14,20,Q4_clearest,0,7234,2022,0.94976,0.99461,0.98927,1.0
A_dice_w64_d5_s2,A_dice_w64_d5,15,0,Q1_dimmest,154,4357,1638,0.54796,0.55373,0.52138,0.59035
A_dice_w64_d5_s2,A_dice_w64_d5,15,0,Q2,23,5141,1751,0.77497,0.80022,0.704,0.9269
A_dice_w64_d5_s2,A_dice_w64_d5,15,0,Q3,6,6066,1760,0.85996,0.92225,0.8612,0.99261
A_dice_w64_d5_s2,A_dice_w64_d5,15,0,Q4_clearest,0,8050,2502,0.93741,0.98197,0.96459,1.0
A_dice_w64_d5_s2,A_dice_w64_d5,15,20,Q1_dimmest,149,4357,1638,0.5515,0.5627,0.54862,0.57753
A_dice_w64_d5_s2,A_dice_w64_d5,15,20,Q2,20,5141,1751,0.77612,0.80371,0.71522,0.91719
A_dice_w64_d5_s2,A_dice_w64_d5,15,20,Q3,5,6066,1760,0.86218,0.92958,0.87451,0.99205
A_dice_w64_d5_s2,A_dice_w64_d5,15,20,Q4_clearest,0,8050,2502,0.93774,0.98275,0.96608,1.0
A_dice_w64_d5_s2,A_dice_w64_d5,16,0,Q1_dimmest,236,6445,1959,0.61101,0.63887,0.71983,0.57427
A_dice_w64_d5_s2,A_dice_w64_d5,16,0,Q2,45,6977,2256,0.84716,0.88688,0.87981,0.89406
A_dice_w64_d5_s2,A_dice_w64_d5,16,0,Q3,2,7630,2131,0.88571,0.94789,0.9087,0.99061
A_dice_w64_d5_s2,A_dice_w64_d5,16,0,Q4_clearest,0,8739,2466,0.9346,0.98162,0.96429,0.99959
A_dice_w64_d5_s2,A_dice_w64_d5,16,20,Q1_dimmest,222,6445,1959,0.61098,0.64252,0.74723,0.56355
A_dice_w64_d5_s2,A_dice_w64_d5,16,20,Q2,44,6977,2256,0.84774,0.89039,0.89474,0.88608
A_dice_w64_d5_s2,A_dice_w64_d5,16,20,Q3,2,7630,2131,0.88655,0.95017,0.9141,0.98921
A_dice_w64_d5_s2,A_dice_w64_d5,16,20,Q4_clearest,0,8739,2466,0.9352,0.98301,0.96697,0.99959
A_dice_w64_d5_s2,A_dice_w64_d5,17,0,Q1_dimmest,241,7862,2585,0.60052,0.61872,0.76055,0.52147
A_dice_w64_d5_s2,A_dice_w64_d5,17,0,Q2,25,7104,2140,0.85209,0.89221,0.88052,0.90421
A_dice_w64_d5_s2,A_dice_w64_d5,17,0,Q3,4,7222,1826,0.90514,0.97779,0.9647,0.99124
A_dice_w64_d5_s2,A_dice_w64_d5,17,0,Q4_clearest,1,5664,1433,0.92786,0.99277,0.98769,0.99791
A_dice_w64_d5_s2,A_dice_w64_d5,17,20,Q1_dimmest,225,7862,2585,0.60113,0.6228,0.79249,0.51296
A_dice_w64_d5_s2,A_dice_w64_d5,17,20,Q2,26,7104,2140,0.85288,0.8953,0.89481,0.89579
A_dice_w64_d5_s2,A_dice_w64_d5,17,20,Q3,4,7222,1826,0.90615,0.98118,0.97132,0.99124
A_dice_w64_d5_s2,A_dice_w64_d5,17,20,Q4_clearest,1,5664,1433,0.92778,0.99277,0.98768,0.99791
A_dice_w64_d5_s2,A_dice_w64_d5,18,0,Q1_dimmest,176,4966,1759,0.6443,0.66155,0.71251,0.6174
A_dice_w64_d5_s2,A_dice_w64_d5,18,0,Q2,29,6044,1968,0.82565,0.88811,0.85728,0.92124
A_dice_w64_d5_s2,A_dice_w64_d5,18,0,Q3,5,7429,2081,0.85159,0.97043,0.94644,0.99568
A_dice_w64_d5_s2,A_dice_w64_d5,18,0,Q4_clearest,0,7705,1851,0.89377,0.99017,0.98052,1.0
A_dice_w64_d5_s2,A_dice_w64_d5,18,20,Q1_dimmest,170,4966,1759,0.64525,0.66524,0.73312,0.60887
A_dice_w64_d5_s2,A_dice_w64_d5,18,20,Q2,28,6044,1968,0.82745,0.89426,0.87155,0.91819
A_dice_w64_d5_s2,A_dice_w64_d5,18,20,Q3,5,7429,2081,0.85234,0.97247,0.95032,0.99568
A_dice_w64_d5_s2,A_dice_w64_d5,18,20,Q4_clearest,0,7705,1851,0.89398,0.99119,0.98254,1.0
A_dice_w64_d5_s2,A_dice_w64_d5,19,0,Q1_dimmest,134,3731,1722,0.64752,0.66679,0.67647,0.65738
A_dice_w64_d5_s2,A_dice_w64_d5,19,0,Q2,23,6957,2067,0.78984,0.8368,0.7485,0.94872
A_dice_w64_d5_s2,A_dice_w64_d5,19,0,Q3,1,8771,2610,0.88724,0.96039,0.92876,0.99425
A_dice_w64_d5_s2,A_dice_w64_d5,19,0,Q4_clearest,1,7909,2077,0.96,0.9961,0.9975,0.9947
A_dice_w64_d5_s2,A_dice_w64_d5,19,20,Q1_dimmest,129,3731,1722,0.65137,0.67614,0.70129,0.65273
A_dice_w64_d5_s2,A_dice_w64_d5,19,20,Q2,23,6957,2067,0.79521,0.85221,0.77515,0.9463
A_dice_w64_d5_s2,A_dice_w64_d5,19,20,Q3,1,8771,2610,0.88828,0.96286,0.93338,0.99425
A_dice_w64_d5_s2,A_dice_w64_d5,19,20,Q4_clearest,1,7909,2077,0.96,0.9961,0.9975,0.9947
A_dice_w64_d5_s2,A_dice_w64_d5,20,0,Q1_dimmest,184,5411,1924,0.64336,0.65262,0.6092,0.7027
A_dice_w64_d5_s2,A_dice_w64_d5,20,0,Q2,13,7210,2225,0.8051,0.86307,0.78482,0.95865
A_dice_w64_d5_s2,A_dice_w64_d5,20,0,Q3,2,6951,2027,0.86391,0.94832,0.90659,0.99408
A_dice_w64_d5_s2,A_dice_w64_d5,20,0,Q4_clearest,0,4693,1197,0.9362,0.98457,0.9696,1.0
A_dice_w64_d5_s2,A_dice_w64_d5,20,20,Q1_dimmest,177,5411,1924,0.64599,0.66155,0.63167,0.69439
A_dice_w64_d5_s2,A_dice_w64_d5,20,20,Q2,12,7210,2225,0.80839,0.87404,0.80538,0.95551
A_dice_w64_d5_s2,A_dice_w64_d5,20,20,Q3,2,6951,2027,0.86497,0.95224,0.91379,0.99408
A_dice_w64_d5_s2,A_dice_w64_d5,20,20,Q4_clearest,1,4693,1197,0.93636,0.98611,0.97419,0.99833
A_dice_w64_d5_s3,A_dice_w64_d5,01,0,Q1_dimmest,213,4597,1791,0.55517,0.58451,0.59969,0.57007
A_dice_w64_d5_s3,A_dice_w64_d5,01,0,Q2,48,6946,2500,0.79645,0.85202,0.80285,0.9076
A_dice_w64_d5_s3,A_dice_w64_d5,01,0,Q3,12,8473,2538,0.87742,0.96169,0.94268,0.98148
A_dice_w64_d5_s3,A_dice_w64_d5,01,0,Q4_clearest,1,9424,2483,0.93356,0.98891,0.98,0.99799
A_dice_w64_d5_s3,A_dice_w64_d5,01,20,Q1_dimmest,195,4597,1791,0.55119,0.5828,0.61628,0.55276
A_dice_w64_d5_s3,A_dice_w64_d5,01,20,Q2,49,6946,2500,0.79443,0.84814,0.80676,0.894
A_dice_w64_d5_s3,A_dice_w64_d5,01,20,Q3,11,8473,2538,0.87801,0.9637,0.9484,0.97951
A_dice_w64_d5_s3,A_dice_w64_d5,01,20,Q4_clearest,1,9424,2483,0.9336,0.9893,0.98076,0.99799
A_dice_w64_d5_s3,A_dice_w64_d5,02,0,Q1_dimmest,237,5691,1790,0.47126,0.46495,0.48125,0.44972
A_dice_w64_d5_s3,A_dice_w64_d5,02,0,Q2,49,6606,1861,0.79641,0.79028,0.72697,0.86566
A_dice_w64_d5_s3,A_dice_w64_d5,02,0,Q3,3,8662,2260,0.90715,0.95081,0.91628,0.98805
A_dice_w64_d5_s3,A_dice_w64_d5,02,0,Q4_clearest,1,12831,3378,0.96886,0.99227,0.98581,0.99882
A_dice_w64_d5_s3,A_dice_w64_d5,02,20,Q1_dimmest,213,5691,1790,0.46655,0.45603,0.49554,0.42235
A_dice_w64_d5_s3,A_dice_w64_d5,02,20,Q2,46,6606,1861,0.79498,0.78713,0.73609,0.84578
A_dice_w64_d5_s3,A_dice_w64_d5,02,20,Q3,2,8662,2260,0.9097,0.96119,0.93614,0.98761
A_dice_w64_d5_s3,A_dice_w64_d5,02,20,Q4_clearest,1,12831,3378,0.96889,0.99241,0.98609,0.99882
A_dice_w64_d5_s3,A_dice_w64_d5,03,0,Q1_dimmest,247,10358,3377,0.47852,0.47199,0.59976,0.3891
A_dice_w64_d5_s3,A_dice_w64_d5,03,0,Q2,54,9353,2708,0.82111,0.84081,0.83246,0.84934
A_dice_w64_d5_s3,A_dice_w64_d5,03,0,Q3,7,8095,2089,0.94004,0.97098,0.96547,0.97654
A_dice_w64_d5_s3,A_dice_w64_d5,03,0,Q4_clearest,0,5087,1047,0.99074,0.99904,1.0,0.99809
A_dice_w64_d5_s3,A_dice_w64_d5,03,20,Q1_dimmest,229,10358,3377,0.47604,0.46835,0.62227,0.37548
A_dice_w64_d5_s3,A_dice_w64_d5,03,20,Q2,49,9353,2708,0.82122,0.84057,0.83701,0.84417
A_dice_w64_d5_s3,A_dice_w64_d5,03,20,Q3,6,8095,2089,0.93988,0.97044,0.96628,0.97463
A_dice_w64_d5_s3,A_dice_w64_d5,03,20,Q4_clearest,0,5087,1047,0.99074,0.99904,1.0,0.99809
A_dice_w64_d5_s3,A_dice_w64_d5,04,0,Q1_dimmest,227,7750,3035,0.47543,0.46592,0.60395,0.37924
A_dice_w64_d5_s3,A_dice_w64_d5,04,0,Q2,36,6017,1865,0.80466,0.82962,0.79712,0.86488
A_dice_w64_d5_s3,A_dice_w64_d5,04,0,Q3,3,6293,1680,0.925,0.96138,0.9393,0.98452
A_dice_w64_d5_s3,A_dice_w64_d5,04,0,Q4_clearest,1,10294,2346,0.97857,0.99204,0.9867,0.99744
A_dice_w64_d5_s3,A_dice_w64_d5,04,20,Q1_dimmest,200,7750,3035,0.47047,0.45685,0.62066,0.36145
A_dice_w64_d5_s3,A_dice_w64_d5,04,20,Q2,31,6017,1865,0.80262,0.82397,0.80344,0.84558
A_dice_w64_d5_s3,A_dice_w64_d5,04,20,Q3,3,6293,1680,0.92519,0.96168,0.94096,0.98333
A_dice_w64_d5_s3,A_dice_w64_d5,04,20,Q4_clearest,0,10294,2346,0.97871,0.99266,0.98793,0.99744
A_dice_w64_d5_s3,A_dice_w64_d5,05,0,Q1_dimmest,274,9685,3539,0.45462,0.42517,0.61783,0.3241
A_dice_w64_d5_s3,A_dice_w64_d5,05,0,Q2,26,7440,2198,0.83941,0.85296,0.83585,0.87079
A_dice_w64_d5_s3,A_dice_w64_d5,05,0,Q3,2,7606,2186,0.94671,0.9814,0.96994,0.99314
A_dice_w64_d5_s3,A_dice_w64_d5,05,0,Q4_clearest,1,6179,1663,0.97967,0.99736,0.99653,0.9982
A_dice_w64_d5_s3,A_dice_w64_d5,05,20,Q1_dimmest,257,9685,3539,0.45213,0.42026,0.63093,0.31506
A_dice_w64_d5_s3,A_dice_w64_d5,05,20,Q2,23,7440,2198,0.83842,0.85154,0.84033,0.86306
A_dice_w64_d5_s3,A_dice_w64_d5,05,20,Q3,2,7606,2186,0.94703,0.98206,0.97297,0.99131
A_dice_w64_d5_s3,A_dice_w64_d5,05,20,Q4_clearest,1,6179,1663,0.97967,0.99736,0.99653,0.9982
A_dice_w64_d5_s3,A_dice_w64_d5,06,0,Q1_dimmest,371,10790,3981,0.4713,0.48406,0.63897,0.3896
A_dice_w64_d5_s3,A_dice_w64_d5,06,0,Q2,43,7933,2378,0.83272,0.84082,0.85539,0.82675
A_dice_w64_d5_s3,A_dice_w64_d5,06,0,Q3,3,7891,2229,0.95566,0.98454,0.9751,0.99417
A_dice_w64_d5_s3,A_dice_w64_d5,06,0,Q4_clearest,0,5502,1401,0.98434,0.99719,0.99439,1.0
A_dice_w64_d5_s3,A_dice_w64_d5,06,20,Q1_dimmest,336,10790,3981,0.46605,0.47507,0.66026,0.37101
A_dice_w64_d5_s3,A_dice_w64_d5,06,20,Q2,40,7933,2378,0.83229,0.83863,0.86229,0.81623
A_dice_w64_d5_s3,A_dice_w64_d5,06,20,Q3,3,7891,2229,0.95552,0.98406,0.97589,0.99237
A_dice_w64_d5_s3,A_dice_w64_d5,06,20,Q4_clearest,0,5502,1401,0.98443,0.99754,0.99509,1.0
A_dice_w64_d5_s3,A_dice_w64_d5,07,0,Q1_dimmest,235,8316,2808,0.44954,0.46274,0.67051,0.35328
A_dice_w64_d5_s3,A_dice_w64_d5,07,0,Q2,49,7149,2172,0.80672,0.81889,0.82337,0.81446
A_dice_w64_d5_s3,A_dice_w64_d5,07,0,Q3,6,7254,1955,0.92757,0.96356,0.94713,0.98056
A_dice_w64_d5_s3,A_dice_w64_d5,07,0,Q4_clearest,1,7433,2033,0.97667,0.99708,0.99516,0.99902
A_dice_w64_d5_s3,A_dice_w64_d5,07,20,Q1_dimmest,213,8316,2808,0.44346,0.44888,0.69006,0.33262
A_dice_w64_d5_s3,A_dice_w64_d5,07,20,Q2,47,7149,2172,0.80721,0.81952,0.8358,0.80387
A_dice_w64_d5_s3,A_dice_w64_d5,07,20,Q3,6,7254,1955,0.9283,0.9652,0.95272,0.97801
A_dice_w64_d5_s3,A_dice_w64_d5,07,20,Q4_clearest,1,7433,2033,0.97667,0.99708,0.99516,0.99902
A_dice_w64_d5_s3,A_dice_w64_d5,08,0,Q1_dimmest,280,9976,3245,0.49152,0.48676,0.60658,0.40647
A_dice_w64_d5_s3,A_dice_w64_d5,08,0,Q2,44,8461,2479,0.84815,0.85126,0.83027,0.87334
A_dice_w64_d5_s3,A_dice_w64_d5,08,0,Q3,5,6640,1970,0.94007,0.97381,0.96455,0.98325
A_dice_w64_d5_s3,A_dice_w64_d5,08,0,Q4_clearest,0,3312,891,0.97697,0.99273,0.99331,0.99214
A_dice_w64_d5_s3,A_dice_w64_d5,08,20,Q1_dimmest,250,9976,3245,0.48988,0.4861,0.64299,0.39076
A_dice_w64_d5_s3,A_dice_w64_d5,08,20,Q2,44,8461,2479,0.84741,0.85005,0.83348,0.86729
A_dice_w64_d5_s3,A_dice_w64_d5,08,20,Q3,4,6640,1970,0.93984,0.97329,0.96451,0.98223
A_dice_w64_d5_s3,A_dice_w64_d5,08,20,Q4_clearest,0,3312,891,0.97651,0.99272,0.99329,0.99214
A_dice_w64_d5_s3,A_dice_w64_d5,09,0,Q1_dimmest,298,9368,3406,0.5266,0.547,0.67505,0.45978
A_dice_w64_d5_s3,A_dice_w64_d5,09,0,Q2,34,7639,2383,0.86049,0.87475,0.83664,0.91649
A_dice_w64_d5_s3,A_dice_w64_d5,09,0,Q3,0,6249,1936,0.94919,0.98343,0.96886,0.99845
A_dice_w64_d5_s3,A_dice_w64_d5,09,0,Q4_clearest,0,3485,1001,0.98224,0.99903,0.99805,1.0
A_dice_w64_d5_s3,A_dice_w64_d5,09,20,Q1_dimmest,273,9368,3406,0.52247,0.53961,0.69073,0.44275
A_dice_w64_d5_s3,A_dice_w64_d5,09,20,Q2,33,7639,2383,0.86039,0.87496,0.84162,0.91104
A_dice_w64_d5_s3,A_dice_w64_d5,09,20,Q3,0,6249,1936,0.94948,0.98447,0.97088,0.99845
A_dice_w64_d5_s3,A_dice_w64_d5,09,20,Q4_clearest,0,3485,1001,0.98224,0.99903,0.99805,1.0
A_dice_w64_d5_s3,A_dice_w64_d5,10,0,Q1_dimmest,275,7560,3177,0.49922,0.47853,0.5653,0.41486
A_dice_w64_d5_s3,A_dice_w64_d5,10,0,Q2,44,6756,2369,0.80459,0.80628,0.76671,0.85015
A_dice_w64_d5_s3,A_dice_w64_d5,10,0,Q3,5,6741,2035,0.91558,0.95803,0.92748,0.99066
A_dice_w64_d5_s3,A_dice_w64_d5,10,0,Q4_clearest,0,6099,1556,0.96487,0.99699,0.994,1.0
A_dice_w64_d5_s3,A_dice_w64_d5,10,20,Q1_dimmest,253,7560,3177,0.49737,0.4762,0.58609,0.40101
A_dice_w64_d5_s3,A_dice_w64_d5,10,20,Q2,40,6756,2369,0.80293,0.80222,0.76945,0.83791
A_dice_w64_d5_s3,A_dice_w64_d5,10,20,Q3,5,6741,2035,0.91675,0.96179,0.93542,0.98968
A_dice_w64_d5_s3,A_dice_w64_d5,10,20,Q4_clearest,0,6099,1556,0.96487,0.99699,0.994,1.0
A_dice_w64_d5_s3,A_dice_w64_d5,11,0,Q1_dimmest,306,6386,2930,0.45215,0.4216,0.53928,0.34608
A_dice_w64_d5_s3,A_dice_w64_d5,11,0,Q2,52,5601,2186,0.77823,0.75144,0.70801,0.80055
A_dice_w64_d5_s3,A_dice_w64_d5,11,0,Q3,7,6593,2129,0.87312,0.90923,0.8564,0.969
A_dice_w64_d5_s3,A_dice_w64_d5,11,0,Q4_clearest,1,10959,3211,0.94411,0.98229,0.96665,0.99844
A_dice_w64_d5_s3,A_dice_w64_d5,11,20,Q1_dimmest,285,6386,2930,0.44754,0.41224,0.55669,0.3273
A_dice_w64_d5_s3,A_dice_w64_d5,11,20,Q2,45,5601,2186,0.77635,0.74768,0.71452,0.78408
A_dice_w64_d5_s3,A_dice_w64_d5,11,20,Q3,7,6593,2129,0.87379,0.91006,0.85973,0.96665
A_dice_w64_d5_s3,A_dice_w64_d5,11,20,Q4_clearest,1,10959,3211,0.94428,0.98244,0.96694,0.99844
A_dice_w64_d5_s3,A_dice_w64_d5,12,0,Q1_dimmest,207,6741,2151,0.54598,0.57805,0.6555,0.51697
A_dice_w64_d5_s3,A_dice_w64_d5,12,0,Q2,47,7686,2661,0.81368,0.84122,0.82757,0.85532
A_dice_w64_d5_s3,A_dice_w64_d5,12,0,Q3,3,7976,2374,0.90495,0.95213,0.93288,0.9722
A_dice_w64_d5_s3,A_dice_w64_d5,12,0,Q4_clearest,2,6087,1526,0.9652,0.9936,0.98984,0.99738
A_dice_w64_d5_s3,A_dice_w64_d5,12,20,Q1_dimmest,198,6741,2151,0.54457,0.57937,0.67712,0.50628
A_dice_w64_d5_s3,A_dice_w64_d5,12,20,Q2,45,7686,2661,0.81237,0.83821,0.82919,0.84743
A_dice_w64_d5_s3,A_dice_w64_d5,12,20,Q3,3,7976,2374,0.90533,0.95284,0.93579,0.97051
A_dice_w64_d5_s3,A_dice_w64_d5,12,20,Q4_clearest,2,6087,1526,0.9652,0.9936,0.98984,0.99738
A_dice_w64_d5_s3,A_dice_w64_d5,13,0,Q1_dimmest,306,8947,3161,0.50842,0.50773,0.5914,0.4448
A_dice_w64_d5_s3,A_dice_w64_d5,13,0,Q2,75,7970,2798,0.81509,0.81201,0.78007,0.84668
A_dice_w64_d5_s3,A_dice_w64_d5,13,0,Q3,7,7295,2120,0.92543,0.95764,0.94044,0.97547
A_dice_w64_d5_s3,A_dice_w64_d5,13,0,Q4_clearest,0,8047,2107,0.97977,0.99645,0.99293,1.0
A_dice_w64_d5_s3,A_dice_w64_d5,13,20,Q1_dimmest,276,8947,3161,0.50629,0.50491,0.61677,0.4274
A_dice_w64_d5_s3,A_dice_w64_d5,13,20,Q2,75,7970,2798,0.81369,0.80808,0.7874,0.82988
A_dice_w64_d5_s3,A_dice_w64_d5,13,20,Q3,7,7295,2120,0.92576,0.95849,0.94341,0.97406
A_dice_w64_d5_s3,A_dice_w64_d5,13,20,Q4_clearest,0,8047,2107,0.97995,0.99669,0.9934,1.0
A_dice_w64_d5_s3,A_dice_w64_d5,14,0,Q1_dimmest,210,4886,1623,0.4927,0.51886,0.50942,0.52865
A_dice_w64_d5_s3,A_dice_w64_d5,14,0,Q2,63,6453,2243,0.78069,0.78201,0.70942,0.87115
A_dice_w64_d5_s3,A_dice_w64_d5,14,0,Q3,6,8104,2470,0.89103,0.93784,0.89199,0.98866
A_dice_w64_d5_s3,A_dice_w64_d5,14,0,Q4_clearest,0,7234,2022,0.95559,0.9936,0.98729,1.0
A_dice_w64_d5_s3,A_dice_w64_d5,14,20,Q1_dimmest,195,4886,1623,0.49047,0.51766,0.52602,0.50955
A_dice_w64_d5_s3,A_dice_w64_d5,14,20,Q2,60,6453,2243,0.78048,0.78251,0.71875,0.85867
A_dice_w64_d5_s3,A_dice_w64_d5,14,20,Q3,6,8104,2470,0.89169,0.94035,0.89822,0.98664
A_dice_w64_d5_s3,A_dice_w64_d5,14,20,Q4_clearest,0,7234,2022,0.95572,0.99409,0.98825,1.0
A_dice_w64_d5_s3,A_dice_w64_d5,15,0,Q1_dimmest,173,4357,1638,0.48963,0.53688,0.54995,0.52442
A_dice_w64_d5_s3,A_dice_w64_d5,15,0,Q2,19,5141,1751,0.75517,0.7873,0.69623,0.90577
A_dice_w64_d5_s3,A_dice_w64_d5,15,0,Q3,1,6066,1760,0.86181,0.9248,0.86265,0.99659
A_dice_w64_d5_s3,A_dice_w64_d5,15,0,Q4_clearest,0,8050,2502,0.93816,0.97944,0.95971,1.0
A_dice_w64_d5_s3,A_dice_w64_d5,15,20,Q1_dimmest,162,4357,1638,0.4883,0.53695,0.56126,0.51465
A_dice_w64_d5_s3,A_dice_w64_d5,15,20,Q2,19,5141,1751,0.75812,0.7958,0.71106,0.90348
A_dice_w64_d5_s3,A_dice_w64_d5,15,20,Q3,1,6066,1760,0.86359,0.93053,0.87313,0.99602
A_dice_w64_d5_s3,A_dice_w64_d5,15,20,Q4_clearest,0,8050,2502,0.93909,0.98136,0.96341,1.0
A_dice_w64_d5_s3,A_dice_w64_d5,16,0,Q1_dimmest,255,6445,1959,0.55129,0.62841,0.73696,0.54773
A_dice_w64_d5_s3,A_dice_w64_d5,16,0,Q2,58,6977,2256,0.84229,0.88155,0.88057,0.88254
A_dice_w64_d5_s3,A_dice_w64_d5,16,0,Q3,2,7630,2131,0.91325,0.96173,0.9324,0.99296
A_dice_w64_d5_s3,A_dice_w64_d5,16,0,Q4_clearest,1,8739,2466,0.94337,0.98373,0.96835,0.99959
A_dice_w64_d5_s3,A_dice_w64_d5,16,20,Q1_dimmest,242,6445,1959,0.55118,0.63556,0.77312,0.53956
A_dice_w64_d5_s3,A_dice_w64_d5,16,20,Q2,54,6977,2256,0.84404,0.88818,0.90366,0.87323
A_dice_w64_d5_s3,A_dice_w64_d5,16,20,Q3,2,7630,2131,0.91376,0.96352,0.93745,0.99108
A_dice_w64_d5_s3,A_dice_w64_d5,16,20,Q4_clearest,1,8739,2466,0.94378,0.98511,0.97104,0.99959
A_dice_w64_d5_s3,A_dice_w64_d5,17,0,Q1_dimmest,264,7862,2585,0.55034,0.58931,0.72189,0.49787
A_dice_w64_d5_s3,A_dice_w64_d5,17,0,Q2,35,7104,2140,0.84754,0.88561,0.88016,0.89112
A_dice_w64_d5_s3,A_dice_w64_d5,17,0,Q3,5,7222,1826,0.92112,0.97079,0.95473,0.9874
A_dice_w64_d5_s3,A_dice_w64_d5,17,0,Q4_clearest,1,5664,1433,0.93615,0.99364,0.98872,0.9986
A_dice_w64_d5_s3,A_dice_w64_d5,17,20,Q1_dimmest,244,7862,2585,0.54893,0.596,0.76585,0.48781
A_dice_w64_d5_s3,A_dice_w64_d5,17,20,Q2,34,7104,2140,0.84872,0.89077,0.89752,0.88411
A_dice_w64_d5_s3,A_dice_w64_d5,17,20,Q3,5,7222,1826,0.92135,0.97178,0.95768,0.98631
A_dice_w64_d5_s3,A_dice_w64_d5,17,20,Q4_clearest,1,5664,1433,0.93654,0.99505,0.99151,0.9986
A_dice_w64_d5_s3,A_dice_w64_d5,18,0,Q1_dimmest,204,4966,1759,0.5984,0.63377,0.69789,0.58044
A_dice_w64_d5_s3,A_dice_w64_d5,18,0,Q2,46,6044,1968,0.82416,0.87383,0.84923,0.8999
A_dice_w64_d5_s3,A_dice_w64_d5,18,0,Q3,2,7429,2081,0.87289,0.96241,0.93214,0.99471
A_dice_w64_d5_s3,A_dice_w64_d5,18,0,Q4_clearest,0,7705,1851,0.90615,0.99342,0.98693,1.0
A_dice_w64_d5_s3,A_dice_w64_d5,18,20,Q1_dimmest,199,4966,1759,0.60218,0.64338,0.73062,0.57476
A_dice_w64_d5_s3,A_dice_w64_d5,18,20,Q2,44,6044,1968,0.82723,0.88181,0.86965,0.89431
A_dice_w64_d5_s3,A_dice_w64_d5,18,20,Q3,2,7429,2081,0.87381,0.96551,0.9384,0.99423
A_dice_w64_d5_s3,A_dice_w64_d5,18,20,Q4_clearest,0,7705,1851,0.90615,0.99342,0.98693,1.0
A_dice_w64_d5_s3,A_dice_w64_d5,19,0,Q1_dimmest,135,3731,1722,0.63211,0.65782,0.69734,0.62253
A_dice_w64_d5_s3,A_dice_w64_d5,19,0,Q2,32,6957,2067,0.79404,0.85468,0.78729,0.93469
A_dice_w64_d5_s3,A_dice_w64_d5,19,0,Q3,2,8771,2610,0.90328,0.96286,0.93171,0.99617
A_dice_w64_d5_s3,A_dice_w64_d5,19,0,Q4_clearest,0,7909,2077,0.97112,0.9968,0.99458,0.99904
A_dice_w64_d5_s3,A_dice_w64_d5,19,20,Q1_dimmest,128,3731,1722,0.63285,0.66577,0.72013,0.61905
A_dice_w64_d5_s3,A_dice_w64_d5,19,20,Q2,32,6957,2067,0.79733,0.86592,0.80803,0.93275
A_dice_w64_d5_s3,A_dice_w64_d5,19,20,Q3,2,8771,2610,0.90446,0.96667,0.93887,0.99617
A_dice_w64_d5_s3,A_dice_w64_d5,19,20,Q4_clearest,0,7909,2077,0.97112,0.9968,0.99458,0.99904
A_dice_w64_d5_s3,A_dice_w64_d5,20,0,Q1_dimmest,209,5411,1924,0.604,0.62639,0.61114,0.64241
A_dice_w64_d5_s3,A_dice_w64_d5,20,0,Q2,28,7210,2225,0.81375,0.86657,0.80133,0.94337
A_dice_w64_d5_s3,A_dice_w64_d5,20,0,Q3,0,6951,2027,0.8847,0.94699,0.90132,0.99753
A_dice_w64_d5_s3,A_dice_w64_d5,20,0,Q4_clearest,0,4693,1197,0.94546,0.98924,0.97871,1.0
A_dice_w64_d5_s3,A_dice_w64_d5,20,20,Q1_dimmest,203,5411,1924,0.60764,0.638,0.64195,0.6341
A_dice_w64_d5_s3,A_dice_w64_d5,20,20,Q2,25,7210,2225,0.81647,0.8758,0.81998,0.93978
A_dice_w64_d5_s3,A_dice_w64_d5,20,20,Q3,0,6951,2027,0.888,0.95774,0.921,0.99753
A_dice_w64_d5_s3,A_dice_w64_d5,20,20,Q4_clearest,1,4693,1197,0.94468,0.98958,0.98098,0.99833
A_dice_w64_d5_s4,A_dice_w64_d5,01,0,Q1_dimmest,232,4597,1791,0.55725,0.54624,0.58983,0.50865
A_dice_w64_d5_s4,A_dice_w64_d5,01,0,Q2,62,6946,2500,0.79678,0.84402,0.80885,0.8824
A_dice_w64_d5_s4,A_dice_w64_d5,01,0,Q3,11,8473,2538,0.87815,0.95982,0.94054,0.97991
A_dice_w64_d5_s4,A_dice_w64_d5,01,0,Q4_clearest,0,9424,2483,0.93049,0.99152,0.98358,0.9996
A_dice_w64_d5_s4,A_dice_w64_d5,01,20,Q1_dimmest,207,4597,1791,0.55084,0.53474,0.59893,0.48297
A_dice_w64_d5_s4,A_dice_w64_d5,01,20,Q2,62,6946,2500,0.79674,0.84388,0.81822,0.8712
A_dice_w64_d5_s4,A_dice_w64_d5,01,20,Q3,10,8473,2538,0.87863,0.96149,0.94485,0.97872
A_dice_w64_d5_s4,A_dice_w64_d5,01,20,Q4_clearest,0,9424,2483,0.93086,0.99313,0.98674,0.9996
A_dice_w64_d5_s4,A_dice_w64_d5,02,0,Q1_dimmest,260,5691,1790,0.49424,0.44647,0.48074,0.41676
A_dice_w64_d5_s4,A_dice_w64_d5,02,0,Q2,62,6606,1861,0.79926,0.77814,0.72486,0.83987
A_dice_w64_d5_s4,A_dice_w64_d5,02,0,Q3,5,8662,2260,0.90711,0.94513,0.90878,0.98451
A_dice_w64_d5_s4,A_dice_w64_d5,02,0,Q4_clearest,0,12831,3378,0.96607,0.99264,0.98539,1.0
A_dice_w64_d5_s4,A_dice_w64_d5,02,20,Q1_dimmest,218,5691,1790,0.49262,0.44466,0.52222,0.38715
A_dice_w64_d5_s4,A_dice_w64_d5,02,20,Q2,61,6606,1861,0.79865,0.77656,0.75058,0.80441
A_dice_w64_d5_s4,A_dice_w64_d5,02,20,Q3,5,8662,2260,0.90941,0.95326,0.92433,0.98407
A_dice_w64_d5_s4,A_dice_w64_d5,02,20,Q4_clearest,0,12831,3378,0.96629,0.99335,0.98678,1.0
A_dice_w64_d5_s4,A_dice_w64_d5,03,0,Q1_dimmest,296,10358,3377,0.48694,0.4735,0.58058,0.39976
A_dice_w64_d5_s4,A_dice_w64_d5,03,0,Q2,53,9353,2708,0.8224,0.8496,0.83941,0.86004
A_dice_w64_d5_s4,A_dice_w64_d5,03,0,Q3,4,8095,2089,0.93704,0.97286,0.97348,0.97224
A_dice_w64_d5_s4,A_dice_w64_d5,03,0,Q4_clearest,0,5087,1047,0.99024,0.99952,1.0,0.99904
A_dice_w64_d5_s4,A_dice_w64_d5,03,20,Q1_dimmest,268,10358,3377,0.48425,0.46891,0.60187,0.38407
A_dice_w64_d5_s4,A_dice_w64_d5,03,20,Q2,51,9353,2708,0.82262,0.84933,0.84603,0.85266
A_dice_w64_d5_s4,A_dice_w64_d5,03,20,Q3,4,8095,2089,0.93705,0.97303,0.97576,0.97032
A_dice_w64_d5_s4,A_dice_w64_d5,03,20,Q4_clearest,0,5087,1047,0.99024,0.99952,1.0,0.99904
A_dice_w64_d5_s4,A_dice_w64_d5,04,0,Q1_dimmest,254,7750,3035,0.47723,0.43084,0.5918,0.33871
A_dice_w64_d5_s4,A_dice_w64_d5,04,0,Q2,38,6017,1865,0.80567,0.81684,0.7933,0.84182
A_dice_w64_d5_s4,A_dice_w64_d5,04,0,Q3,3,6293,1680,0.92318,0.96332,0.94521,0.98214
A_dice_w64_d5_s4,A_dice_w64_d5,04,0,Q4_clearest,2,10294,2346,0.97275,0.99046,0.9886,0.99233
A_dice_w64_d5_s4,A_dice_w64_d5,04,20,Q1_dimmest,230,7750,3035,0.47252,0.42214,0.61061,0.32257
A_dice_w64_d5_s4,A_dice_w64_d5,04,20,Q2,32,6017,1865,0.80512,0.81526,0.80454,0.82627
A_dice_w64_d5_s4,A_dice_w64_d5,04,20,Q3,3,6293,1680,0.92304,0.96241,0.94622,0.97917
A_dice_w64_d5_s4,A_dice_w64_d5,04,20,Q4_clearest,2,10294,2346,0.97294,0.99088,0.98943,0.99233
A_dice_w64_d5_s4,A_dice_w64_d5,05,0,Q1_dimmest,328,9685,3539,0.44406,0.39126,0.61026,0.28793
A_dice_w64_d5_s4,A_dice_w64_d5,05,0,Q2,52,7440,2198,0.83393,0.83436,0.84173,0.82712
A_dice_w64_d5_s4,A_dice_w64_d5,05,0,Q3,5,7606,2186,0.94067,0.97908,0.97198,0.98628
A_dice_w64_d5_s4,A_dice_w64_d5,05,0,Q4_clearest,1,6179,1663,0.97731,0.99649,0.99599,0.99699
A_dice_w64_d5_s4,A_dice_w64_d5,05,20,Q1_dimmest,289,9685,3539,0.43639,0.37438,0.63079,0.26618
A_dice_w64_d5_s4,A_dice_w64_d5,05,20,Q2,50,7440,2198,0.83285,0.83134,0.84902,0.81438
A_dice_w64_d5_s4,A_dice_w64_d5,05,20,Q3,4,7606,2186,0.94086,0.97949,0.97502,0.98399
A_dice_w64_d5_s4,A_dice_w64_d5,05,20,Q4_clearest,1,6179,1663,0.97731,0.99649,0.99599,0.99699
A_dice_w64_d5_s4,A_dice_w64_d5,06,0,Q1_dimmest,372,10790,3981,0.45992,0.45971,0.64232,0.35795
A_dice_w64_d5_s4,A_dice_w64_d5,06,0,Q2,68,7933,2378,0.83414,0.83185,0.8499,0.81455
A_dice_w64_d5_s4,A_dice_w64_d5,06,0,Q3,1,7891,2229,0.95411,0.98395,0.9748,0.99327
A_dice_w64_d5_s4,A_dice_w64_d5,06,0,Q4_clearest,0,5502,1401,0.98231,0.9993,0.9986,1.0
A_dice_w64_d5_s4,A_dice_w64_d5,06,20,Q1_dimmest,334,10790,3981,0.45312,0.44947,0.68447,0.33459
A_dice_w64_d5_s4,A_dice_w64_d5,06,20,Q2,61,7933,2378,0.83357,0.83026,0.86557,0.79773
A_dice_w64_d5_s4,A_dice_w64_d5,06,20,Q3,1,7891,2229,0.95403,0.98348,0.97519,0.99192
A_dice_w64_d5_s4,A_dice_w64_d5,06,20,Q4_clearest,0,5502,1401,0.98231,0.9993,0.9986,1.0
A_dice_w64_d5_s4,A_dice_w64_d5,07,0,Q1_dimmest,266,8316,2808,0.45352,0.43354,0.6825,0.31766
A_dice_w64_d5_s4,A_dice_w64_d5,07,0,Q2,49,7149,2172,0.81037,0.80325,0.81011,0.7965
A_dice_w64_d5_s4,A_dice_w64_d5,07,0,Q3,6,7254,1955,0.92642,0.96317,0.9507,0.97596
A_dice_w64_d5_s4,A_dice_w64_d5,07,0,Q4_clearest,0,7433,2033,0.97403,0.9956,0.99317,0.99803
A_dice_w64_d5_s4,A_dice_w64_d5,07,20,Q1_dimmest,222,8316,2808,0.44475,0.41427,0.71254,0.29202
A_dice_w64_d5_s4,A_dice_w64_d5,07,20,Q2,42,7149,2172,0.80788,0.79752,0.8231,0.77348
A_dice_w64_d5_s4,A_dice_w64_d5,07,20,Q3,6,7254,1955,0.92694,0.96486,0.9545,0.97545
A_dice_w64_d5_s4,A_dice_w64_d5,07,20,Q4_clearest,0,7433,2033,0.97403,0.9956,0.99317,0.99803
A_dice_w64_d5_s4,A_dice_w64_d5,08,0,Q1_dimmest,287,9976,3245,0.49967,0.4606,0.62264,0.36549
A_dice_w64_d5_s4,A_dice_w64_d5,08,0,Q2,50,8461,2479,0.84047,0.83472,0.82079,0.84913
A_dice_w64_d5_s4,A_dice_w64_d5,08,0,Q3,3,6640,1970,0.93551,0.97085,0.96265,0.97919
A_dice_w64_d5_s4,A_dice_w64_d5,08,0,Q4_clearest,0,3312,891,0.97662,0.98934,0.99216,0.98653
A_dice_w64_d5_s4,A_dice_w64_d5,08,20,Q1_dimmest,257,9976,3245,0.49875,0.4579,0.67183,0.3473
A_dice_w64_d5_s4,A_dice_w64_d5,08,20,Q2,48,8461,2479,0.84097,0.83709,0.83356,0.84066
A_dice_w64_d5_s4,A_dice_w64_d5,08,20,Q3,3,6640,1970,0.93626,0.97354,0.96795,0.97919
A_dice_w64_d5_s4,A_dice_w64_d5,08,20,Q4_clearest,0,3312,891,0.97662,0.98934,0.99216,0.98653
A_dice_w64_d5_s4,A_dice_w64_d5,09,0,Q1_dimmest,329,9368,3406,0.51981,0.51803,0.68235,0.4175
A_dice_w64_d5_s4,A_dice_w64_d5,09,0,Q2,49,7639,2383,0.85665,0.86942,0.84556,0.89467
A_dice_w64_d5_s4,A_dice_w64_d5,09,0,Q3,4,6249,1936,0.94673,0.98216,0.96784,0.9969
A_dice_w64_d5_s4,A_dice_w64_d5,09,0,Q4_clearest,0,3485,1001,0.9814,1.0,1.0,1.0
A_dice_w64_d5_s4,A_dice_w64_d5,09,20,Q1_dimmest,286,9368,3406,0.51245,0.50169,0.70719,0.38873
A_dice_w64_d5_s4,A_dice_w64_d5,09,20,Q2,46,7639,2383,0.85685,0.86961,0.85551,0.88418
A_dice_w64_d5_s4,A_dice_w64_d5,09,20,Q3,4,6249,1936,0.94687,0.98267,0.96885,0.9969
A_dice_w64_d5_s4,A_dice_w64_d5,09,20,Q4_clearest,0,3485,1001,0.9814,1.0,1.0,1.0
A_dice_w64_d5_s4,A_dice_w64_d5,10,0,Q1_dimmest,314,7560,3177,0.49772,0.4549,0.54885,0.38842
A_dice_w64_d5_s4,A_dice_w64_d5,10,0,Q2,55,6756,2369,0.81823,0.80862,0.78021,0.83917
A_dice_w64_d5_s4,A_dice_w64_d5,10,0,Q3,8,6741,2035,0.9167,0.96349,0.93821,0.99017
A_dice_w64_d5_s4,A_dice_w64_d5,10,0,Q4_clearest,0,6099,1556,0.96288,0.99639,0.99345,0.99936
A_dice_w64_d5_s4,A_dice_w64_d5,10,20,Q1_dimmest,284,7560,3177,0.49381,0.44671,0.56909,0.36764
A_dice_w64_d5_s4,A_dice_w64_d5,10,20,Q2,47,6756,2369,0.81713,0.80507,0.78547,0.82566
A_dice_w64_d5_s4,A_dice_w64_d5,10,20,Q3,8,6741,2035,0.91779,0.96722,0.94666,0.9887
A_dice_w64_d5_s4,A_dice_w64_d5,10,20,Q4_clearest,0,6099,1556,0.96288,0.99639,0.99345,0.99936
A_dice_w64_d5_s4,A_dice_w64_d5,11,0,Q1_dimmest,334,6386,2930,0.45047,0.38318,0.50185,0.3099
A_dice_w64_d5_s4,A_dice_w64_d5,11,0,Q2,69,5601,2186,0.77059,0.73998,0.71192,0.77036
A_dice_w64_d5_s4,A_dice_w64_d5,11,0,Q3,19,6593,2129,0.87087,0.9048,0.8616,0.95256
A_dice_w64_d5_s4,A_dice_w64_d5,11,0,Q4_clearest,2,10959,3211,0.94172,0.98059,0.96336,0.99844
A_dice_w64_d5_s4,A_dice_w64_d5,11,20,Q1_dimmest,303,6386,2930,0.44741,0.37356,0.52896,0.28874
A_dice_w64_d5_s4,A_dice_w64_d5,11,20,Q2,60,5601,2186,0.77061,0.7383,0.72589,0.75114
A_dice_w64_d5_s4,A_dice_w64_d5,11,20,Q3,19,6593,2129,0.87249,0.90903,0.87207,0.94927
A_dice_w64_d5_s4,A_dice_w64_d5,11,20,Q4_clearest,2,10959,3211,0.94197,0.9815,0.96513,0.99844
A_dice_w64_d5_s4,A_dice_w64_d5,12,0,Q1_dimmest,249,6741,2151,0.5463,0.55888,0.67196,0.47838
A_dice_w64_d5_s4,A_dice_w64_d5,12,0,Q2,84,7686,2661,0.81747,0.83137,0.82482,0.83803
A_dice_w64_d5_s4,A_dice_w64_d5,12,0,Q3,7,7976,2374,0.90667,0.95145,0.92698,0.97725
A_dice_w64_d5_s4,A_dice_w64_d5,12,0,Q4_clearest,0,6087,1526,0.9636,0.99619,0.99241,1.0
A_dice_w64_d5_s4,A_dice_w64_d5,12,20,Q1_dimmest,222,6741,2151,0.54751,0.56788,0.7238,0.46722
A_dice_w64_d5_s4,A_dice_w64_d5,12,20,Q2,78,7686,2661,0.81671,0.82882,0.83512,0.82262
A_dice_w64_d5_s4,A_dice_w64_d5,12,20,Q3,7,7976,2374,0.90804,0.95556,0.93714,0.97473
A_dice_w64_d5_s4,A_dice_w64_d5,12,20,Q4_clearest,0,6087,1526,0.9636,0.99619,0.99241,1.0
A_dice_w64_d5_s4,A_dice_w64_d5,13,0,Q1_dimmest,317,8947,3161,0.52402,0.50018,0.58436,0.4372
A_dice_w64_d5_s4,A_dice_w64_d5,13,0,Q2,84,7970,2798,0.81679,0.80254,0.77292,0.83452
A_dice_w64_d5_s4,A_dice_w64_d5,13,0,Q3,6,7295,2120,0.92344,0.95361,0.92927,0.97925
A_dice_w64_d5_s4,A_dice_w64_d5,13,0,Q4_clearest,0,8047,2107,0.97859,0.99671,0.99344,1.0
A_dice_w64_d5_s4,A_dice_w64_d5,13,20,Q1_dimmest,272,8947,3161,0.51844,0.48708,0.62525,0.39892
A_dice_w64_d5_s4,A_dice_w64_d5,13,20,Q2,72,7970,2798,0.81746,0.80381,0.79509,0.81272
A_dice_w64_d5_s4,A_dice_w64_d5,13,20,Q3,6,7295,2120,0.92438,0.9568,0.93623,0.9783
A_dice_w64_d5_s4,A_dice_w64_d5,13,20,Q4_clearest,0,8047,2107,0.97865,0.99694,0.9939,1.0
A_dice_w64_d5_s4,A_dice_w64_d5,14,0,Q1_dimmest,215,4886,1623,0.48191,0.50659,0.52739,0.48737
A_dice_w64_d5_s4,A_dice_w64_d5,14,0,Q2,91,6453,2243,0.7774,0.77337,0.71919,0.83638
A_dice_w64_d5_s4,A_dice_w64_d5,14,0,Q3,8,8104,2470,0.89305,0.92947,0.88082,0.98381
A_dice_w64_d5_s4,A_dice_w64_d5,14,0,Q4_clearest,0,7234,2022,0.95703,0.99457,0.98921,1.0
A_dice_w64_d5_s4,A_dice_w64_d5,14,20,Q1_dimmest,205,4886,1623,0.48367,0.5145,0.56634,0.47135
A_dice_w64_d5_s4,A_dice_w64_d5,14,20,Q2,86,6453,2243,0.78077,0.78201,0.742,0.82657
A_dice_w64_d5_s4,A_dice_w64_d5,14,20,Q3,7,8104,2470,0.89512,0.93581,0.89228,0.98381
A_dice_w64_d5_s4,A_dice_w64_d5,14,20,Q4_clearest,0,7234,2022,0.9571,0.99482,0.98969,1.0
A_dice_w64_d5_s4,A_dice_w64_d5,15,0,Q1_dimmest,185,4357,1638,0.49785,0.5059,0.5063,0.50549
A_dice_w64_d5_s4,A_dice_w64_d5,15,0,Q2,37,5141,1751,0.75221,0.77942,0.6917,0.89263
A_dice_w64_d5_s4,A_dice_w64_d5,15,0,Q3,6,6066,1760,0.85414,0.91207,0.84402,0.99205
A_dice_w64_d5_s4,A_dice_w64_d5,15,0,Q4_clearest,0,8050,2502,0.94302,0.97977,0.96072,0.9996
A_dice_w64_d5_s4,A_dice_w64_d5,15,20,Q1_dimmest,170,4357,1638,0.5004,0.51513,0.54571,0.48779
A_dice_w64_d5_s4,A_dice_w64_d5,15,20,Q2,36,5141,1751,0.75514,0.78918,0.71158,0.88578
A_dice_w64_d5_s4,A_dice_w64_d5,15,20,Q3,6,6066,1760,0.8579,0.92204,0.86126,0.99205
A_dice_w64_d5_s4,A_dice_w64_d5,15,20,Q4_clearest,0,8050,2502,0.94396,0.9827,0.96635,0.9996
A_dice_w64_d5_s4,A_dice_w64_d5,16,0,Q1_dimmest,291,6445,1959,0.54588,0.5881,0.73065,0.49209
A_dice_w64_d5_s4,A_dice_w64_d5,16,0,Q2,73,6977,2256,0.84051,0.87116,0.88083,0.8617
A_dice_w64_d5_s4,A_dice_w64_d5,16,0,Q3,4,7630,2131,0.89793,0.95668,0.92582,0.98968
A_dice_w64_d5_s4,A_dice_w64_d5,16,0,Q4_clearest,1,8739,2466,0.93724,0.98074,0.96296,0.99919
A_dice_w64_d5_s4,A_dice_w64_d5,16,20,Q1_dimmest,271,6445,1959,0.54204,0.58321,0.76385,0.47167
A_dice_w64_d5_s4,A_dice_w64_d5,16,20,Q2,67,6977,2256,0.84137,0.87577,0.90345,0.84973
A_dice_w64_d5_s4,A_dice_w64_d5,16,20,Q3,4,7630,2131,0.90053,0.96361,0.94016,0.98827
A_dice_w64_d5_s4,A_dice_w64_d5,16,20,Q4_clearest,1,8739,2466,0.93775,0.98191,0.96522,0.99919
A_dice_w64_d5_s4,A_dice_w64_d5,17,0,Q1_dimmest,283,7862,2585,0.55914,0.58212,0.72077,0.4882
A_dice_w64_d5_s4,A_dice_w64_d5,17,0,Q2,50,7104,2140,0.84458,0.87823,0.87609,0.88037
A_dice_w64_d5_s4,A_dice_w64_d5,17,0,Q3,7,7222,1826,0.91449,0.97252,0.95859,0.98686
A_dice_w64_d5_s4,A_dice_w64_d5,17,0,Q4_clearest,0,5664,1433,0.93453,0.99436,0.98878,1.0
A_dice_w64_d5_s4,A_dice_w64_d5,17,20,Q1_dimmest,253,7862,2585,0.55525,0.58066,0.77508,0.46422
A_dice_w64_d5_s4,A_dice_w64_d5,17,20,Q2,46,7104,2140,0.84497,0.88382,0.897,0.87103
A_dice_w64_d5_s4,A_dice_w64_d5,17,20,Q3,7,7222,1826,0.91543,0.97554,0.96449,0.98686
A_dice_w64_d5_s4,A_dice_w64_d5,17,20,Q4_clearest,0,5664,1433,0.93453,0.99436,0.98878,1.0
A_dice_w64_d5_s4,A_dice_w64_d5,18,0,Q1_dimmest,207,4966,1759,0.59448,0.60197,0.6826,0.53837
A_dice_w64_d5_s4,A_dice_w64_d5,18,0,Q2,52,6044,1968,0.82101,0.86955,0.85448,0.88516
A_dice_w64_d5_s4,A_dice_w64_d5,18,0,Q3,4,7429,2081,0.86499,0.96327,0.93589,0.99231
A_dice_w64_d5_s4,A_dice_w64_d5,18,0,Q4_clearest,0,7705,1851,0.9019,0.9841,0.9687,1.0
A_dice_w64_d5_s4,A_dice_w64_d5,18,20,Q1_dimmest,192,4966,1759,0.59609,0.61063,0.72579,0.527
A_dice_w64_d5_s4,A_dice_w64_d5,18,20,Q2,48,6044,1968,0.82245,0.8764,0.87475,0.87805
A_dice_w64_d5_s4,A_dice_w64_d5,18,20,Q3,4,7429,2081,0.86655,0.96946,0.94808,0.99183
A_dice_w64_d5_s4,A_dice_w64_d5,18,20,Q4_clearest,0,7705,1851,0.90322,0.98934,0.97891,1.0
A_dice_w64_d5_s4,A_dice_w64_d5,19,0,Q1_dimmest,172,3731,1722,0.63263,0.66019,0.72713,0.60453
A_dice_w64_d5_s4,A_dice_w64_d5,19,0,Q2,39,6957,2067,0.78911,0.85073,0.78925,0.92259
A_dice_w64_d5_s4,A_dice_w64_d5,19,0,Q3,2,8771,2610,0.89757,0.95856,0.92767,0.99157
A_dice_w64_d5_s4,A_dice_w64_d5,19,0,Q4_clearest,0,7909,2077,0.97035,0.99554,0.99254,0.99856
A_dice_w64_d5_s4,A_dice_w64_d5,19,20,Q1_dimmest,152,3731,1722,0.6263,0.65087,0.74604,0.57724
A_dice_w64_d5_s4,A_dice_w64_d5,19,20,Q2,37,6957,2067,0.79406,0.86751,0.82209,0.91824
A_dice_w64_d5_s4,A_dice_w64_d5,19,20,Q3,2,8771,2610,0.89942,0.96423,0.93904,0.9908
A_dice_w64_d5_s4,A_dice_w64_d5,19,20,Q4_clearest,0,7909,2077,0.97059,0.99653,0.99452,0.99856
A_dice_w64_d5_s4,A_dice_w64_d5,20,0,Q1_dimmest,229,5411,1924,0.60705,0.60623,0.61389,0.59875
A_dice_w64_d5_s4,A_dice_w64_d5,20,0,Q2,29,7210,2225,0.80682,0.85377,0.79442,0.9227
A_dice_w64_d5_s4,A_dice_w64_d5,20,0,Q3,3,6951,2027,0.87334,0.94069,0.89758,0.98816
A_dice_w64_d5_s4,A_dice_w64_d5,20,0,Q4_clearest,0,4693,1197,0.93947,0.97954,0.9599,1.0
A_dice_w64_d5_s4,A_dice_w64_d5,20,20,Q1_dimmest,207,5411,1924,0.60807,0.6102,0.6522,0.57328
A_dice_w64_d5_s4,A_dice_w64_d5,20,20,Q2,29,7210,2225,0.8094,0.86416,0.82007,0.91326
A_dice_w64_d5_s4,A_dice_w64_d5,20,20,Q3,3,6951,2027,0.87659,0.95057,0.91616,0.98767
A_dice_w64_d5_s4,A_dice_w64_d5,20,20,Q4_clearest,0,4693,1197,0.93956,0.97994,0.96067,1.0
B_cldice_s0,B_cldice,01,0,Q1_dimmest,202,4597,1791,0.5668,0.56622,0.55867,0.57398
B_cldice_s0,B_cldice,01,0,Q2,39,6946,2500,0.78777,0.84736,0.78947,0.9144
B_cldice_s0,B_cldice,01,0,Q3,9,8473,2538,0.86022,0.96101,0.94393,0.97872
B_cldice_s0,B_cldice,01,0,Q4_clearest,1,9424,2483,0.92505,0.98981,0.98216,0.99758
B_cldice_s0,B_cldice,01,20,Q1_dimmest,190,4597,1791,0.56943,0.57489,0.58448,0.56561
B_cldice_s0,B_cldice,01,20,Q2,39,6946,2500,0.78779,0.84897,0.80026,0.904
B_cldice_s0,B_cldice,01,20,Q3,8,8473,2538,0.86125,0.96434,0.9526,0.97636
B_cldice_s0,B_cldice,01,20,Q4_clearest,1,9424,2483,0.92523,0.99058,0.98368,0.99758
B_cldice_s0,B_cldice,02,0,Q1_dimmest,234,5691,1790,0.50286,0.48659,0.48548,0.48771
B_cldice_s0,B_cldice,02,0,Q2,40,6606,1861,0.79881,0.80869,0.74035,0.89092
B_cldice_s0,B_cldice,02,0,Q3,4,8662,2260,0.89754,0.95577,0.92361,0.99027
B_cldice_s0,B_cldice,02,0,Q4_clearest,0,12831,3378,0.96273,0.99241,0.98493,1.0
B_cldice_s0,B_cldice,02,20,Q1_dimmest,210,5691,1790,0.50133,0.48432,0.51442,0.45754
B_cldice_s0,B_cldice,02,20,Q2,37,6606,1861,0.79637,0.80014,0.74384,0.86566
B_cldice_s0,B_cldice,02,20,Q3,3,8662,2260,0.89873,0.95936,0.93189,0.9885
B_cldice_s0,B_cldice,02,20,Q4_clearest,0,12831,3378,0.96294,0.99297,0.98603,1.0
B_cldice_s0,B_cldice,03,0,Q1_dimmest,261,10358,3377,0.53205,0.51134,0.57302,0.46165
B_cldice_s0,B_cldice,03,0,Q2,28,9353,2708,0.82943,0.86043,0.82675,0.89697
B_cldice_s0,B_cldice,03,0,Q3,7,8095,2089,0.93171,0.97466,0.96576,0.98372
B_cldice_s0,B_cldice,03,0,Q4_clearest,0,5087,1047,0.98747,1.0,1.0,1.0
B_cldice_s0,B_cldice,03,20,Q1_dimmest,239,10358,3377,0.53153,0.50849,0.59298,0.44507
B_cldice_s0,B_cldice,03,20,Q2,25,9353,2708,0.8292,0.85993,0.83089,0.89106
B_cldice_s0,B_cldice,03,20,Q3,7,8095,2089,0.93207,0.97552,0.96885,0.98229
B_cldice_s0,B_cldice,03,20,Q4_clearest,0,5087,1047,0.98747,1.0,1.0,1.0
B_cldice_s0,B_cldice,04,0,Q1_dimmest,213,7750,3035,0.50522,0.47655,0.59664,0.39671
B_cldice_s0,B_cldice,04,0,Q2,39,6017,1865,0.80093,0.82963,0.77727,0.88954
B_cldice_s0,B_cldice,04,0,Q3,4,6293,1680,0.90714,0.95892,0.93302,0.98631
B_cldice_s0,B_cldice,04,0,Q4_clearest,1,10294,2346,0.9699,0.98972,0.98088,0.99872
B_cldice_s0,B_cldice,04,20,Q1_dimmest,199,7750,3035,0.50414,0.47285,0.61472,0.38418
B_cldice_s0,B_cldice,04,20,Q2,32,6017,1865,0.80047,0.82916,0.78827,0.87453
B_cldice_s0,B_cldice,04,20,Q3,3,6293,1680,0.90727,0.96035,0.93679,0.98512
B_cldice_s0,B_cldice,04,20,Q4_clearest,1,10294,2346,0.97004,0.99013,0.98211,0.99829
B_cldice_s0,B_cldice,05,0,Q1_dimmest,281,9685,3539,0.49217,0.43217,0.61209,0.33399
B_cldice_s0,B_cldice,05,0,Q2,18,7440,2198,0.84889,0.85405,0.83049,0.87898
B_cldice_s0,B_cldice,05,0,Q3,1,7606,2186,0.93494,0.98182,0.97295,0.99085
B_cldice_s0,B_cldice,05,0,Q4_clearest,1,6179,1663,0.97541,0.99655,0.9955,0.99759
B_cldice_s0,B_cldice,05,20,Q1_dimmest,255,9685,3539,0.48792,0.42293,0.62615,0.3193
B_cldice_s0,B_cldice,05,20,Q2,18,7440,2198,0.84843,0.85517,0.8401,0.87079
B_cldice_s0,B_cldice,05,20,Q3,1,7606,2186,0.93478,0.9818,0.97424,0.98948
B_cldice_s0,B_cldice,05,20,Q4_clearest,1,6179,1663,0.97541,0.99655,0.9955,0.99759
B_cldice_s0,B_cldice,06,0,Q1_dimmest,344,10790,3981,0.51072,0.48772,0.62744,0.39889
B_cldice_s0,B_cldice,06,0,Q2,32,7933,2378,0.84392,0.83853,0.8307,0.84651
B_cldice_s0,B_cldice,06,0,Q3,1,7891,2229,0.94853,0.98378,0.97189,0.99596
B_cldice_s0,B_cldice,06,0,Q4_clearest,0,5502,1401,0.98092,0.99753,0.99508,1.0
B_cldice_s0,B_cldice,06,20,Q1_dimmest,311,10790,3981,0.50933,0.48539,0.65932,0.38407
B_cldice_s0,B_cldice,06,20,Q2,32,7933,2378,0.84319,0.83803,0.84742,0.82885
B_cldice_s0,B_cldice,06,20,Q3,0,7891,2229,0.94901,0.98458,0.97605,0.99327
B_cldice_s0,B_cldice,06,20,Q4_clearest,0,5502,1401,0.98092,0.99753,0.99508,1.0
B_cldice_s0,B_cldice,07,0,Q1_dimmest,224,8316,2808,0.50418,0.48303,0.63636,0.38925
B_cldice_s0,B_cldice,07,0,Q2,45,7149,2172,0.81059,0.81114,0.78764,0.8361
B_cldice_s0,B_cldice,07,0,Q3,9,7254,1955,0.91381,0.95938,0.93722,0.98261
B_cldice_s0,B_cldice,07,0,Q4_clearest,0,7433,2033,0.97246,0.99708,0.99514,0.99902
B_cldice_s0,B_cldice,07,20,Q1_dimmest,206,8316,2808,0.50107,0.47305,0.66128,0.36823
B_cldice_s0,B_cldice,07,20,Q2,37,7149,2172,0.81243,0.81711,0.80801,0.82643
B_cldice_s0,B_cldice,07,20,Q3,9,7254,1955,0.9138,0.95955,0.93942,0.98056
B_cldice_s0,B_cldice,07,20,Q4_clearest,0,7433,2033,0.97246,0.99708,0.99514,0.99902
B_cldice_s0,B_cldice,08,0,Q1_dimmest,277,9976,3245,0.533,0.50311,0.64067,0.41418
B_cldice_s0,B_cldice,08,0,Q2,28,8461,2479,0.85047,0.86092,0.83132,0.8927
B_cldice_s0,B_cldice,08,0,Q3,4,6640,1970,0.92973,0.97506,0.96553,0.98477
B_cldice_s0,B_cldice,08,0,Q4_clearest,1,3312,891,0.97699,0.99222,0.99342,0.99102
B_cldice_s0,B_cldice,08,20,Q1_dimmest,247,9976,3245,0.52966,0.49655,0.66211,0.39723
B_cldice_s0,B_cldice,08,20,Q2,27,8461,2479,0.85011,0.86054,0.84101,0.881
B_cldice_s0,B_cldice,08,20,Q3,4,6640,1970,0.93006,0.97603,0.96744,0.98477
B_cldice_s0,B_cldice,08,20,Q4_clearest,1,3312,891,0.97699,0.99222,0.99342,0.99102
B_cldice_s0,B_cldice,09,0,Q1_dimmest,271,9368,3406,0.56582,0.54711,0.65782,0.46829
B_cldice_s0,B_cldice,09,0,Q2,28,7639,2383,0.86,0.88491,0.8444,0.9295
B_cldice_s0,B_cldice,09,0,Q3,1,6249,1936,0.93895,0.98488,0.97216,0.99793
B_cldice_s0,B_cldice,09,0,Q4_clearest,2,3485,1001,0.97717,0.99552,0.99805,0.99301
B_cldice_s0,B_cldice,09,20,Q1_dimmest,257,9368,3406,0.56382,0.54512,0.6809,0.45449
B_cldice_s0,B_cldice,09,20,Q2,26,7639,2383,0.8599,0.88511,0.84826,0.9253
B_cldice_s0,B_cldice,09,20,Q3,1,6249,1936,0.93855,0.98487,0.97215,0.99793
B_cldice_s0,B_cldice,09,20,Q4_clearest,2,3485,1001,0.97601,0.99401,0.99804,0.99001
B_cldice_s0,B_cldice,10,0,Q1_dimmest,273,7560,3177,0.54057,0.50512,0.55655,0.46239
B_cldice_s0,B_cldice,10,0,Q2,36,6756,2369,0.81168,0.82272,0.76723,0.88687
B_cldice_s0,B_cldice,10,0,Q3,3,6741,2035,0.90499,0.95901,0.92632,0.9941
B_cldice_s0,B_cldice,10,0,Q4_clearest,0,6099,1556,0.95926,0.99403,0.98876,0.99936
B_cldice_s0,B_cldice,10,20,Q1_dimmest,255,7560,3177,0.54281,0.50825,0.58153,0.45137
B_cldice_s0,B_cldice,10,20,Q2,33,6756,2369,0.8103,0.81912,0.77023,0.87463
B_cldice_s0,B_cldice,10,20,Q3,2,6741,2035,0.90485,0.95851,0.92795,0.99115
B_cldice_s0,B_cldice,10,20,Q4_clearest,0,6099,1556,0.95926,0.99403,0.98876,0.99936
B_cldice_s0,B_cldice,11,0,Q1_dimmest,305,6386,2930,0.47,0.4168,0.50826,0.35324
B_cldice_s0,B_cldice,11,0,Q2,52,5601,2186,0.77489,0.74779,0.70155,0.80055
B_cldice_s0,B_cldice,11,0,Q3,3,6593,2129,0.86336,0.91708,0.86969,0.96994
B_cldice_s0,B_cldice,11,0,Q4_clearest,3,10959,3211,0.93934,0.98355,0.97057,0.99689
B_cldice_s0,B_cldice,11,20,Q1_dimmest,272,6386,2930,0.46611,0.40826,0.53509,0.33003
B_cldice_s0,B_cldice,11,20,Q2,49,5601,2186,0.77344,0.74468,0.71245,0.77996
B_cldice_s0,B_cldice,11,20,Q3,3,6593,2129,0.86373,0.91755,0.87242,0.96759
B_cldice_s0,B_cldice,11,20,Q4_clearest,3,10959,3211,0.93938,0.9837,0.97087,0.99689
B_cldice_s0,B_cldice,12,0,Q1_dimmest,212,6741,2151,0.57878,0.57319,0.63199,0.52441
B_cldice_s0,B_cldice,12,0,Q2,54,7686,2661,0.8227,0.84612,0.80893,0.88688
B_cldice_s0,B_cldice,12,0,Q3,4,7976,2374,0.8987,0.95763,0.93188,0.98484
B_cldice_s0,B_cldice,12,0,Q4_clearest,1,6087,1526,0.95756,0.9917,0.98673,0.99672
B_cldice_s0,B_cldice,12,20,Q1_dimmest,200,6741,2151,0.57638,0.57152,0.64842,0.51093
B_cldice_s0,B_cldice,12,20,Q2,48,7686,2661,0.82332,0.84822,0.82084,0.87749
B_cldice_s0,B_cldice,12,20,Q3,4,7976,2374,0.89916,0.95919,0.93636,0.98315
B_cldice_s0,B_cldice,12,20,Q4_clearest,1,6087,1526,0.95756,0.9917,0.98673,0.99672
B_cldice_s0,B_cldice,13,0,Q1_dimmest,269,8947,3161,0.54567,0.51052,0.57803,0.45713
B_cldice_s0,B_cldice,13,0,Q2,48,7970,2798,0.81213,0.80727,0.75548,0.86669
B_cldice_s0,B_cldice,13,0,Q3,5,7295,2120,0.91022,0.96268,0.94403,0.98208
B_cldice_s0,B_cldice,13,0,Q4_clearest,0,8047,2107,0.97591,0.99766,0.99532,1.0
B_cldice_s0,B_cldice,13,20,Q1_dimmest,253,8947,3161,0.54339,0.50619,0.59573,0.44005
B_cldice_s0,B_cldice,13,20,Q2,43,7970,2798,0.81328,0.81036,0.76821,0.8574
B_cldice_s0,B_cldice,13,20,Q3,5,7295,2120,0.911,0.96538,0.95012,0.98113
B_cldice_s0,B_cldice,13,20,Q4_clearest,0,8047,2107,0.97597,0.99789,0.99579,1.0
B_cldice_s0,B_cldice,14,0,Q1_dimmest,186,4886,1623,0.52734,0.51607,0.49387,0.54036
B_cldice_s0,B_cldice,14,0,Q2,50,6453,2243,0.77885,0.77531,0.68875,0.88676
B_cldice_s0,B_cldice,14,0,Q3,3,8104,2470,0.87616,0.93792,0.89048,0.99069
B_cldice_s0,B_cldice,14,0,Q4_clearest,0,7234,2022,0.94956,0.99417,0.9889,0.99951
B_cldice_s0,B_cldice,14,20,Q1_dimmest,180,4886,1623,0.53323,0.53038,0.52904,0.53173
B_cldice_s0,B_cldice,14,20,Q2,46,6453,2243,0.78272,0.78725,0.71273,0.87918
B_cldice_s0,B_cldice,14,20,Q3,3,8104,2470,0.87826,0.94325,0.90048,0.99028
B_cldice_s0,B_cldice,14,20,Q4_clearest,0,7234,2022,0.94956,0.99417,0.9889,0.99951
B_cldice_s0,B_cldice,15,0,Q1_dimmest,150,4357,1638,0.52718,0.51528,0.47554,0.56227
B_cldice_s0,B_cldice,15,0,Q2,19,5141,1751,0.73356,0.76729,0.65921,0.91776
B_cldice_s0,B_cldice,15,0,Q3,1,6066,1760,0.82393,0.89726,0.81786,0.99375
B_cldice_s0,B_cldice,15,0,Q4_clearest,2,8050,2502,0.92248,0.97146,0.95286,0.99081
B_cldice_s0,B_cldice,15,20,Q1_dimmest,133,4357,1638,0.52867,0.52002,0.49811,0.54396
B_cldice_s0,B_cldice,15,20,Q2,18,5141,1751,0.73763,0.77646,0.67691,0.91034
B_cldice_s0,B_cldice,15,20,Q3,1,6066,1760,0.82888,0.91033,0.83983,0.99375
B_cldice_s0,B_cldice,15,20,Q4_clearest,2,8050,2502,0.92344,0.97357,0.95693,0.99081
B_cldice_s0,B_cldice,16,0,Q1_dimmest,252,6445,1959,0.5928,0.62241,0.69499,0.56355
B_cldice_s0,B_cldice,16,0,Q2,42,6977,2256,0.84413,0.88119,0.8561,0.9078
B_cldice_s0,B_cldice,16,0,Q3,0,7630,2131,0.89276,0.95742,0.92475,0.99249
B_cldice_s0,B_cldice,16,0,Q4_clearest,1,8739,2466,0.9374,0.98285,0.96667,0.99959
B_cldice_s0,B_cldice,16,20,Q1_dimmest,238,6445,1959,0.59244,0.62593,0.73201,0.54671
B_cldice_s0,B_cldice,16,20,Q2,39,6977,2256,0.84706,0.89163,0.88188,0.9016
B_cldice_s0,B_cldice,16,20,Q3,0,7630,2131,0.89384,0.96028,0.93092,0.99155
B_cldice_s0,B_cldice,16,20,Q4_clearest,1,8739,2466,0.93831,0.98504,0.9709,0.99959
B_cldice_s0,B_cldice,17,0,Q1_dimmest,270,7862,2585,0.58476,0.59943,0.70836,0.51954
B_cldice_s0,B_cldice,17,0,Q2,27,7104,2140,0.84996,0.8852,0.86957,0.9014
B_cldice_s0,B_cldice,17,0,Q3,4,7222,1826,0.90886,0.97387,0.96384,0.98412
B_cldice_s0,B_cldice,17,0,Q4_clearest,1,5664,1433,0.92762,0.99218,0.98857,0.99581
B_cldice_s0,B_cldice,17,20,Q1_dimmest,254,7862,2585,0.58617,0.60489,0.74181,0.51064
B_cldice_s0,B_cldice,17,20,Q2,27,7104,2140,0.8533,0.89531,0.8953,0.89533
B_cldice_s0,B_cldice,17,20,Q3,4,7222,1826,0.91071,0.97748,0.97146,0.98357
B_cldice_s0,B_cldice,17,20,Q4_clearest,1,5664,1433,0.92862,0.99419,0.99257,0.99581
B_cldice_s0,B_cldice,18,0,Q1_dimmest,183,4966,1759,0.6287,0.62565,0.66867,0.58783
B_cldice_s0,B_cldice,18,0,Q2,30,6044,1968,0.81846,0.87653,0.83595,0.92124
B_cldice_s0,B_cldice,18,0,Q3,2,7429,2081,0.84753,0.96029,0.92733,0.99568
B_cldice_s0,B_cldice,18,0,Q4_clearest,0,7705,1851,0.89544,0.98947,0.97916,1.0
B_cldice_s0,B_cldice,18,20,Q1_dimmest,172,4966,1759,0.63509,0.64219,0.71347,0.58385
B_cldice_s0,B_cldice,18,20,Q2,30,6044,1968,0.82165,0.88767,0.86224,0.91463
B_cldice_s0,B_cldice,18,20,Q3,2,7429,2081,0.84954,0.9666,0.93918,0.99568
B_cldice_s0,B_cldice,18,20,Q4_clearest,0,7705,1851,0.8957,0.98972,0.97965,1.0
B_cldice_s0,B_cldice,19,0,Q1_dimmest,137,3731,1722,0.65224,0.67692,0.67385,0.68002
B_cldice_s0,B_cldice,19,0,Q2,31,6957,2067,0.79092,0.84149,0.7527,0.95404
B_cldice_s0,B_cldice,19,0,Q3,2,8771,2610,0.88497,0.96388,0.93463,0.99502
B_cldice_s0,B_cldice,19,0,Q4_clearest,1,7909,2077,0.96325,0.9966,0.99464,0.99856
B_cldice_s0,B_cldice,19,20,Q1_dimmest,127,3731,1722,0.64728,0.67137,0.68597,0.65738
B_cldice_s0,B_cldice,19,20,Q2,28,6957,2067,0.79405,0.85062,0.77187,0.94727
B_cldice_s0,B_cldice,19,20,Q3,1,8771,2610,0.88621,0.96632,0.94059,0.99349
B_cldice_s0,B_cldice,19,20,Q4_clearest,1,7909,2077,0.96325,0.9966,0.99464,0.99856
B_cldice_s0,B_cldice,20,0,Q1_dimmest,166,5411,1924,0.64085,0.65378,0.62612,0.68399
B_cldice_s0,B_cldice,20,0,Q2,14,7210,2225,0.80351,0.86108,0.78153,0.95865
B_cldice_s0,B_cldice,20,0,Q3,1,6951,2027,0.86273,0.94853,0.90657,0.99457
B_cldice_s0,B_cldice,20,0,Q4_clearest,1,4693,1197,0.93844,0.98505,0.97211,0.99833
B_cldice_s0,B_cldice,20,20,Q1_dimmest,157,5411,1924,0.64629,0.6672,0.66601,0.6684
B_cldice_s0,B_cldice,20,20,Q2,14,7210,2225,0.80673,0.87268,0.80275,0.95596
B_cldice_s0,B_cldice,20,20,Q3,1,6951,2027,0.86538,0.95766,0.92381,0.99408
B_cldice_s0,B_cldice,20,20,Q4_clearest,1,4693,1197,0.93833,0.98504,0.97209,0.99833
B_cldice_s1,B_cldice,01,0,Q1_dimmest,183,4597,1791,0.58658,0.56561,0.54067,0.59296
B_cldice_s1,B_cldice,01,0,Q2,27,6946,2500,0.78109,0.83691,0.76647,0.9216
B_cldice_s1,B_cldice,01,0,Q3,8,8473,2538,0.85268,0.96297,0.94151,0.98542
B_cldice_s1,B_cldice,01,0,Q4_clearest,0,9424,2483,0.91564,0.98528,0.97136,0.9996
B_cldice_s1,B_cldice,01,20,Q1_dimmest,171,4597,1791,0.58765,0.56953,0.55931,0.58012
B_cldice_s1,B_cldice,01,20,Q2,26,6946,2500,0.78128,0.83748,0.77422,0.912
B_cldice_s1,B_cldice,01,20,Q3,7,8473,2538,0.85401,0.96693,0.94948,0.98503
B_cldice_s1,B_cldice,01,20,Q4_clearest,0,9424,2483,0.91568,0.98547,0.97174,0.9996
B_cldice_s1,B_cldice,02,0,Q1_dimmest,218,5691,1790,0.527,0.49777,0.48607,0.51006
B_cldice_s1,B_cldice,02,0,Q2,34,6606,1861,0.79846,0.79027,0.71005,0.89092
B_cldice_s1,B_cldice,02,0,Q3,1,8662,2260,0.89072,0.9581,0.92564,0.99292
B_cldice_s1,B_cldice,02,0,Q4_clearest,0,12831,3378,0.95964,0.99418,0.98843,1.0
B_cldice_s1,B_cldice,02,20,Q1_dimmest,203,5691,1790,0.52685,0.49678,0.49917,0.49441
B_cldice_s1,B_cldice,02,20,Q2,33,6606,1861,0.79843,0.79142,0.7175,0.88232
B_cldice_s1,B_cldice,02,20,Q3,1,8662,2260,0.89168,0.96127,0.93158,0.99292
B_cldice_s1,B_cldice,02,20,Q4_clearest,0,12831,3378,0.95967,0.99432,0.98871,1.0
B_cldice_s1,B_cldice,03,0,Q1_dimmest,232,10358,3377,0.54083,0.5237,0.58994,0.47083
B_cldice_s1,B_cldice,03,0,Q2,31,9353,2708,0.83338,0.86717,0.8499,0.88516
B_cldice_s1,B_cldice,03,0,Q3,5,8095,2089,0.93222,0.97492,0.96767,0.98229
B_cldice_s1,B_cldice,03,0,Q4_clearest,0,5087,1047,0.98719,0.99866,0.99828,0.99904
B_cldice_s1,B_cldice,03,20,Q1_dimmest,216,10358,3377,0.54132,0.52535,0.60944,0.46165
B_cldice_s1,B_cldice,03,20,Q2,29,9353,2708,0.83291,0.86593,0.8537,0.87851
B_cldice_s1,B_cldice,03,20,Q3,5,8095,2089,0.93252,0.97601,0.97122,0.98085
B_cldice_s1,B_cldice,03,20,Q4_clearest,0,5087,1047,0.98719,0.99866,0.99828,0.99904
B_cldice_s1,B_cldice,04,0,Q1_dimmest,213,7750,3035,0.52432,0.47934,0.58177,0.40758
B_cldice_s1,B_cldice,04,0,Q2,24,6017,1865,0.80938,0.83358,0.79278,0.87882
B_cldice_s1,B_cldice,04,0,Q3,3,6293,1680,0.90601,0.96022,0.94034,0.98095
B_cldice_s1,B_cldice,04,0,Q4_clearest,1,10294,2346,0.97045,0.99104,0.9839,0.99829
B_cldice_s1,B_cldice,04,20,Q1_dimmest,192,7750,3035,0.52422,0.47903,0.60294,0.39736
B_cldice_s1,B_cldice,04,20,Q2,23,6017,1865,0.8093,0.83238,0.80085,0.86649
B_cldice_s1,B_cldice,04,20,Q3,3,6293,1680,0.90686,0.96281,0.94534,0.98095
B_cldice_s1,B_cldice,04,20,Q4_clearest,1,10294,2346,0.97086,0.99228,0.98674,0.99787
B_cldice_s1,B_cldice,05,0,Q1_dimmest,265,9685,3539,0.51801,0.44738,0.59232,0.35942
B_cldice_s1,B_cldice,05,0,Q2,12,7440,2198,0.85689,0.863,0.83889,0.88854
B_cldice_s1,B_cldice,05,0,Q3,1,7606,2186,0.93473,0.98545,0.97699,0.99405
B_cldice_s1,B_cldice,05,0,Q4_clearest,0,6179,1663,0.97435,0.99596,0.99374,0.9982
B_cldice_s1,B_cldice,05,20,Q1_dimmest,247,9685,3539,0.5159,0.44147,0.60071,0.34897
B_cldice_s1,B_cldice,05,20,Q2,12,7440,2198,0.85775,0.86491,0.8458,0.8849
B_cldice_s1,B_cldice,05,20,Q3,1,7606,2186,0.93494,0.98589,0.97874,0.99314
B_cldice_s1,B_cldice,05,20,Q4_clearest,0,6179,1663,0.97435,0.99596,0.99374,0.9982
B_cldice_s1,B_cldice,06,0,Q1_dimmest,324,10790,3981,0.52221,0.49635,0.6349,0.40744
B_cldice_s1,B_cldice,06,0,Q2,28,7933,2378,0.84442,0.84678,0.84537,0.84819
B_cldice_s1,B_cldice,06,0,Q3,1,7891,2229,0.94595,0.98687,0.97838,0.99551
B_cldice_s1,B_cldice,06,0,Q4_clearest,0,5502,1401,0.98048,0.99965,0.99931,1.0
B_cldice_s1,B_cldice,06,20,Q1_dimmest,293,10790,3981,0.52041,0.49292,0.65367,0.39563
B_cldice_s1,B_cldice,06,20,Q2,26,7933,2378,0.84297,0.84234,0.85228,0.83263
B_cldice_s1,B_cldice,06,20,Q3,1,7891,2229,0.94549,0.98572,0.97916,0.99237
B_cldice_s1,B_cldice,06,20,Q4_clearest,0,5502,1401,0.98048,0.99965,0.99931,1.0
B_cldice_s1,B_cldice,07,0,Q1_dimmest,204,8316,2808,0.51294,0.47607,0.59349,0.39744
B_cldice_s1,B_cldice,07,0,Q2,30,7149,2172,0.80925,0.81756,0.79649,0.83978
B_cldice_s1,B_cldice,07,0,Q3,3,7254,1955,0.91146,0.96766,0.94792,0.98824
B_cldice_s1,B_cldice,07,0,Q4_clearest,0,7433,2033,0.96836,0.99535,0.99172,0.99902
B_cldice_s1,B_cldice,07,20,Q1_dimmest,181,8316,2808,0.51105,0.47077,0.61667,0.3807
B_cldice_s1,B_cldice,07,20,Q2,27,7149,2172,0.81252,0.8239,0.81868,0.82919
B_cldice_s1,B_cldice,07,20,Q3,3,7254,1955,0.9115,0.96734,0.94968,0.98568
B_cldice_s1,B_cldice,07,20,Q4_clearest,0,7433,2033,0.96855,0.9956,0.9922,0.99902
B_cldice_s1,B_cldice,08,0,Q1_dimmest,265,9976,3245,0.55433,0.51287,0.60632,0.44438
B_cldice_s1,B_cldice,08,0,Q2,22,8461,2479,0.85015,0.86664,0.84063,0.89431
B_cldice_s1,B_cldice,08,0,Q3,1,6640,1970,0.92521,0.97278,0.95772,0.98832
B_cldice_s1,B_cldice,08,0,Q4_clearest,0,3312,891,0.97404,0.99284,0.99019,0.99551
B_cldice_s1,B_cldice,08,20,Q1_dimmest,242,9976,3245,0.55494,0.51509,0.63699,0.43236
B_cldice_s1,B_cldice,08,20,Q2,19,8461,2479,0.84974,0.86545,0.84708,0.88463
B_cldice_s1,B_cldice,08,20,Q3,1,6640,1970,0.92541,0.97349,0.95909,0.98832
B_cldice_s1,B_cldice,08,20,Q4_clearest,0,3312,891,0.97404,0.99284,0.99019,0.99551
B_cldice_s1,B_cldice,09,0,Q1_dimmest,246,9368,3406,0.59321,0.57345,0.66038,0.50675
B_cldice_s1,B_cldice,09,0,Q2,21,7639,2383,0.85199,0.88565,0.84026,0.93621
B_cldice_s1,B_cldice,09,0,Q3,1,6249,1936,0.93166,0.9849,0.97219,0.99793
B_cldice_s1,B_cldice,09,0,Q4_clearest,3,3485,1001,0.9751,0.99548,1.0,0.99101
B_cldice_s1,B_cldice,09,20,Q1_dimmest,221,9368,3406,0.59006,0.56669,0.67628,0.48767
B_cldice_s1,B_cldice,09,20,Q2,20,7639,2383,0.85229,0.88662,0.84545,0.93202
B_cldice_s1,B_cldice,09,20,Q3,1,6249,1936,0.93166,0.9849,0.97219,0.99793
B_cldice_s1,B_cldice,09,20,Q4_clearest,2,3485,1001,0.97481,0.99498,1.0,0.99001
B_cldice_s1,B_cldice,10,0,Q1_dimmest,261,7560,3177,0.55675,0.5101,0.55296,0.4734
B_cldice_s1,B_cldice,10,0,Q2,24,6756,2369,0.81052,0.82164,0.75646,0.89911
B_cldice_s1,B_cldice,10,0,Q3,1,6741,2035,0.89977,0.96118,0.92908,0.99558
B_cldice_s1,B_cldice,10,0,Q4_clearest,0,6099,1556,0.95611,0.99411,0.98829,1.0
B_cldice_s1,B_cldice,10,20,Q1_dimmest,238,7560,3177,0.55813,0.51215,0.58443,0.45578
B_cldice_s1,B_cldice,10,20,Q2,21,6756,2369,0.81037,0.82051,0.76465,0.88518
B_cldice_s1,B_cldice,10,20,Q3,1,6741,2035,0.90088,0.96471,0.93613,0.99509
B_cldice_s1,B_cldice,10,20,Q4_clearest,0,6099,1556,0.95633,0.99476,0.98958,1.0
B_cldice_s1,B_cldice,11,0,Q1_dimmest,283,6386,2930,0.4995,0.45737,0.52798,0.40341
B_cldice_s1,B_cldice,11,0,Q2,36,5601,2186,0.77244,0.75869,0.69684,0.83257
B_cldice_s1,B_cldice,11,0,Q3,11,6593,2129,0.85376,0.92064,0.87649,0.96947
B_cldice_s1,B_cldice,11,0,Q4_clearest,0,10959,3211,0.93415,0.98173,0.96499,0.99907
B_cldice_s1,B_cldice,11,20,Q1_dimmest,265,6386,2930,0.49814,0.45417,0.54275,0.39044
B_cldice_s1,B_cldice,11,20,Q2,32,5601,2186,0.7751,0.76417,0.7139,0.82205
B_cldice_s1,B_cldice,11,20,Q3,11,6593,2129,0.85417,0.92244,0.88131,0.96759
B_cldice_s1,B_cldice,11,20,Q4_clearest,0,10959,3211,0.93451,0.98295,0.96735,0.99907
B_cldice_s1,B_cldice,12,0,Q1_dimmest,205,6741,2151,0.58839,0.57716,0.6159,0.543
B_cldice_s1,B_cldice,12,0,Q2,36,7686,2661,0.81421,0.8469,0.80571,0.89252
B_cldice_s1,B_cldice,12,0,Q3,3,7976,2374,0.89138,0.95728,0.9286,0.98778
B_cldice_s1,B_cldice,12,0,Q4_clearest,0,6087,1526,0.95325,0.99554,0.99113,1.0
B_cldice_s1,B_cldice,12,20,Q1_dimmest,188,6741,2151,0.58809,0.58125,0.65192,0.52441
B_cldice_s1,B_cldice,12,20,Q2,31,7686,2661,0.81367,0.84772,0.816,0.882
B_cldice_s1,B_cldice,12,20,Q3,3,7976,2374,0.8918,0.95851,0.93318,0.98526
B_cldice_s1,B_cldice,12,20,Q4_clearest,0,6087,1526,0.95325,0.99554,0.99113,1.0
B_cldice_s1,B_cldice,13,0,Q1_dimmest,259,8947,3161,0.56095,0.5203,0.57079,0.47801
B_cldice_s1,B_cldice,13,0,Q2,39,7970,2798,0.8138,0.81455,0.76471,0.87134
B_cldice_s1,B_cldice,13,0,Q3,7,7295,2120,0.90673,0.95632,0.93145,0.98255
B_cldice_s1,B_cldice,13,0,Q4_clearest,0,8047,2107,0.97309,0.99721,0.99443,1.0
B_cldice_s1,B_cldice,13,20,Q1_dimmest,230,8947,3161,0.55969,0.51649,0.59516,0.45618
B_cldice_s1,B_cldice,13,20,Q2,34,7970,2798,0.81487,0.81729,0.78225,0.85561
B_cldice_s1,B_cldice,13,20,Q3,7,7295,2120,0.90749,0.95834,0.937,0.98066
B_cldice_s1,B_cldice,13,20,Q4_clearest,0,8047,2107,0.97309,0.99721,0.99443,1.0
B_cldice_s1,B_cldice,14,0,Q1_dimmest,177,4886,1623,0.53242,0.52121,0.48193,0.56747
B_cldice_s1,B_cldice,14,0,Q2,41,6453,2243,0.7767,0.78142,0.69302,0.89568
B_cldice_s1,B_cldice,14,0,Q3,2,8104,2470,0.86749,0.94409,0.89968,0.99312
B_cldice_s1,B_cldice,14,0,Q4_clearest,0,7234,2022,0.94555,0.9924,0.98492,1.0
B_cldice_s1,B_cldice,14,20,Q1_dimmest,167,4886,1623,0.53369,0.52235,0.49869,0.54837
B_cldice_s1,B_cldice,14,20,Q2,36,6453,2243,0.77734,0.784,0.70456,0.88364
B_cldice_s1,B_cldice,14,20,Q3,2,8104,2470,0.86818,0.94468,0.90174,0.9919
B_cldice_s1,B_cldice,14,20,Q4_clearest,0,7234,2022,0.94555,0.9924,0.98492,1.0
B_cldice_s1,B_cldice,15,0,Q1_dimmest,142,4357,1638,0.52372,0.53028,0.49374,0.57265
B_cldice_s1,B_cldice,15,0,Q2,12,5141,1751,0.73139,0.76804,0.65797,0.92233
B_cldice_s1,B_cldice,15,0,Q3,1,6066,1760,0.81293,0.90654,0.83101,0.99716
B_cldice_s1,B_cldice,15,0,Q4_clearest,0,8050,2502,0.91926,0.97314,0.94769,1.0
B_cldice_s1,B_cldice,15,20,Q1_dimmest,135,4357,1638,0.53119,0.54464,0.52385,0.56716
B_cldice_s1,B_cldice,15,20,Q2,12,5141,1751,0.73526,0.77499,0.66944,0.92005
B_cldice_s1,B_cldice,15,20,Q3,1,6066,1760,0.81574,0.91522,0.84573,0.99716
B_cldice_s1,B_cldice,15,20,Q4_clearest,0,8050,2502,0.92021,0.97502,0.95127,1.0
B_cldice_s1,B_cldice,16,0,Q1_dimmest,219,6445,1959,0.6221,0.64223,0.68776,0.60235
B_cldice_s1,B_cldice,16,0,Q2,34,6977,2256,0.84083,0.88929,0.86587,0.91401
B_cldice_s1,B_cldice,16,0,Q3,1,7630,2131,0.88382,0.95645,0.92091,0.99484
B_cldice_s1,B_cldice,16,0,Q4_clearest,1,8739,2466,0.93091,0.97773,0.95679,0.99959
B_cldice_s1,B_cldice,16,20,Q1_dimmest,210,6445,1959,0.62628,0.65309,0.72572,0.59367
B_cldice_s1,B_cldice,16,20,Q2,32,6977,2256,0.84332,0.89823,0.88928,0.90736
B_cldice_s1,B_cldice,16,20,Q3,1,7630,2131,0.8849,0.96037,0.92903,0.9939
B_cldice_s1,B_cldice,16,20,Q4_clearest,1,8739,2466,0.93106,0.97832,0.95792,0.99959
B_cldice_s1,B_cldice,17,0,Q1_dimmest,239,7862,2585,0.61307,0.6197,0.73918,0.53346
B_cldice_s1,B_cldice,17,0,Q2,28,7104,2140,0.84993,0.8886,0.86921,0.90888
B_cldice_s1,B_cldice,17,0,Q3,1,7222,1826,0.90001,0.97122,0.95149,0.99179
B_cldice_s1,B_cldice,17,0,Q4_clearest,1,5664,1433,0.92598,0.98786,0.98139,0.99442
B_cldice_s1,B_cldice,17,20,Q1_dimmest,224,7862,2585,0.61442,0.62546,0.77357,0.52495
B_cldice_s1,B_cldice,17,20,Q2,28,7104,2140,0.85216,0.89509,0.88977,0.90047
B_cldice_s1,B_cldice,17,20,Q3,1,7222,1826,0.9016,0.9755,0.95973,0.99179
B_cldice_s1,B_cldice,17,20,Q4_clearest,1,5664,1433,0.92682,0.99061,0.98683,0.99442
B_cldice_s1,B_cldice,18,0,Q1_dimmest,178,4966,1759,0.64496,0.65074,0.66914,0.63331
B_cldice_s1,B_cldice,18,0,Q2,30,6044,1968,0.81596,0.88013,0.83626,0.92886
B_cldice_s1,B_cldice,18,0,Q3,1,7429,2081,0.83738,0.95884,0.92381,0.99664
B_cldice_s1,B_cldice,18,0,Q4_clearest,0,7705,1851,0.88646,0.98372,0.96795,1.0
B_cldice_s1,B_cldice,18,20,Q1_dimmest,171,4966,1759,0.64584,0.65665,0.69195,0.62479
B_cldice_s1,B_cldice,18,20,Q2,28,6044,1968,0.8188,0.89089,0.85851,0.92581
B_cldice_s1,B_cldice,18,20,Q3,1,7429,2081,0.8385,0.96358,0.93307,0.99616
B_cldice_s1,B_cldice,18,20,Q4_clearest,0,7705,1851,0.88707,0.98547,0.97136,1.0
B_cldice_s1,B_cldice,19,0,Q1_dimmest,129,3731,1722,0.63712,0.66256,0.65348,0.67189
B_cldice_s1,B_cldice,19,0,Q2,20,6957,2067,0.77621,0.84696,0.76524,0.94823
B_cldice_s1,B_cldice,19,0,Q3,3,8771,2610,0.87794,0.96707,0.94167,0.99387
B_cldice_s1,B_cldice,19,0,Q4_clearest,0,7909,2077,0.95751,0.99468,0.98942,1.0
B_cldice_s1,B_cldice,19,20,Q1_dimmest,125,3731,1722,0.64066,0.67017,0.6702,0.67015
B_cldice_s1,B_cldice,19,20,Q2,20,6957,2067,0.78108,0.86039,0.78811,0.94727
B_cldice_s1,B_cldice,19,20,Q3,3,8771,2610,0.87819,0.96801,0.94346,0.99387
B_cldice_s1,B_cldice,19,20,Q4_clearest,0,7909,2077,0.95751,0.99468,0.98942,1.0
B_cldice_s1,B_cldice,20,0,Q1_dimmest,155,5411,1924,0.64008,0.65506,0.605,0.71414
B_cldice_s1,B_cldice,20,0,Q2,14,7210,2225,0.79127,0.85979,0.7753,0.96494
B_cldice_s1,B_cldice,20,0,Q3,4,6951,2027,0.8583,0.95288,0.91496,0.99408
B_cldice_s1,B_cldice,20,0,Q4_clearest,0,4693,1197,0.93493,0.98595,0.97229,1.0
B_cldice_s1,B_cldice,20,20,Q1_dimmest,152,5411,1924,0.64286,0.6626,0.62477,0.7053
B_cldice_s1,B_cldice,20,20,Q2,11,7210,2225,0.79343,0.86588,0.78827,0.96045
B_cldice_s1,B_cldice,20,20,Q3,4,6951,2027,0.8621,0.9636,0.93493,0.99408
B_cldice_s1,B_cldice,20,20,Q4_clearest,0,4693,1197,0.93623,0.98873,0.97771,1.0
B_cldice_s2,B_cldice,01,0,Q1_dimmest,183,4597,1791,0.58455,0.57549,0.57645,0.57454
B_cldice_s2,B_cldice,01,0,Q2,49,6946,2500,0.78453,0.84279,0.79524,0.8964
B_cldice_s2,B_cldice,01,0,Q3,5,8473,2538,0.85493,0.95644,0.93988,0.9736
B_cldice_s2,B_cldice,01,0,Q4_clearest,0,9424,2483,0.92271,0.9897,0.98155,0.99799
B_cldice_s2,B_cldice,01,20,Q1_dimmest,170,4597,1791,0.58244,0.57186,0.59296,0.55221
B_cldice_s2,B_cldice,01,20,Q2,47,6946,2500,0.7837,0.84134,0.80427,0.882
B_cldice_s2,B_cldice,01,20,Q3,5,8473,2538,0.85606,0.9604,0.94792,0.97321
B_cldice_s2,B_cldice,01,20,Q4_clearest,0,9424,2483,0.92271,0.9897,0.98155,0.99799
B_cldice_s2,B_cldice,02,0,Q1_dimmest,212,5691,1790,0.51635,0.48175,0.51004,0.45642
B_cldice_s2,B_cldice,02,0,Q2,41,6606,1861,0.80166,0.79982,0.74771,0.85975
B_cldice_s2,B_cldice,02,0,Q3,1,8662,2260,0.89665,0.95681,0.92631,0.98938
B_cldice_s2,B_cldice,02,0,Q4_clearest,0,12831,3378,0.96007,0.99385,0.98777,1.0
B_cldice_s2,B_cldice,02,20,Q1_dimmest,196,5691,1790,0.51295,0.47099,0.52284,0.42849
B_cldice_s2,B_cldice,02,20,Q2,39,6606,1861,0.8004,0.79573,0.75341,0.8431
B_cldice_s2,B_cldice,02,20,Q3,1,8662,2260,0.89755,0.96025,0.93278,0.98938
B_cldice_s2,B_cldice,02,20,Q4_clearest,0,12831,3378,0.96025,0.99428,0.98862,1.0
B_cldice_s2,B_cldice,03,0,Q1_dimmest,245,10358,3377,0.52411,0.49713,0.59027,0.42938
B_cldice_s2,B_cldice,03,0,Q2,32,9353,2708,0.82782,0.86456,0.84968,0.87999
B_cldice_s2,B_cldice,03,0,Q3,5,8095,2089,0.93483,0.9763,0.9718,0.98085
B_cldice_s2,B_cldice,03,0,Q4_clearest,0,5087,1047,0.987,0.99957,0.99913,1.0
B_cldice_s2,B_cldice,03,20,Q1_dimmest,231,10358,3377,0.52156,0.49318,0.59865,0.41931
B_cldice_s2,B_cldice,03,20,Q2,29,9353,2708,0.82836,0.86613,0.85656,0.87592
B_cldice_s2,B_cldice,03,20,Q3,5,8095,2089,0.93488,0.97691,0.97488,0.97894
B_cldice_s2,B_cldice,03,20,Q4_clearest,0,5087,1047,0.987,0.99957,0.99913,1.0
B_cldice_s2,B_cldice,04,0,Q1_dimmest,213,7750,3035,0.51731,0.47112,0.62175,0.37924
B_cldice_s2,B_cldice,04,0,Q2,30,6017,1865,0.81072,0.82978,0.80157,0.86005
B_cldice_s2,B_cldice,04,0,Q3,1,6293,1680,0.90902,0.96839,0.94946,0.9881
B_cldice_s2,B_cldice,04,0,Q4_clearest,1,10294,2346,0.97185,0.99249,0.98592,0.99915
B_cldice_s2,B_cldice,04,20,Q1_dimmest,187,7750,3035,0.51431,0.46476,0.65183,0.36112
B_cldice_s2,B_cldice,04,20,Q2,30,6017,1865,0.80999,0.82843,0.80564,0.85255
B_cldice_s2,B_cldice,04,20,Q3,1,6293,1680,0.90922,0.96928,0.95116,0.9881
B_cldice_s2,B_cldice,04,20,Q4_clearest,1,10294,2346,0.97189,0.99269,0.98632,0.99915
B_cldice_s2,B_cldice,05,0,Q1_dimmest,254,9685,3539,0.50716,0.44057,0.62491,0.34021
B_cldice_s2,B_cldice,05,0,Q2,17,7440,2198,0.85466,0.85984,0.84111,0.87944
B_cldice_s2,B_cldice,05,0,Q3,2,7606,2186,0.93263,0.98303,0.97138,0.99497
B_cldice_s2,B_cldice,05,0,Q4_clearest,0,6179,1663,0.97307,0.99651,0.99304,1.0
B_cldice_s2,B_cldice,05,20,Q1_dimmest,244,9685,3539,0.50529,0.43501,0.63581,0.3306
B_cldice_s2,B_cldice,05,20,Q2,17,7440,2198,0.85432,0.85953,0.84428,0.87534
B_cldice_s2,B_cldice,05,20,Q3,2,7606,2186,0.93274,0.98348,0.97225,0.99497
B_cldice_s2,B_cldice,05,20,Q4_clearest,0,6179,1663,0.97307,0.99651,0.99304,1.0
B_cldice_s2,B_cldice,06,0,Q1_dimmest,326,10790,3981,0.50285,0.47121,0.65252,0.36875
B_cldice_s2,B_cldice,06,0,Q2,32,7933,2378,0.83934,0.83883,0.85852,0.82002
B_cldice_s2,B_cldice,06,0,Q3,1,7891,2229,0.94482,0.98521,0.97684,0.99372
B_cldice_s2,B_cldice,06,0,Q4_clearest,0,5502,1401,0.98037,0.99822,0.99645,1.0
B_cldice_s2,B_cldice,06,20,Q1_dimmest,300,10790,3981,0.50149,0.47062,0.68312,0.35896
B_cldice_s2,B_cldice,06,20,Q2,30,7933,2378,0.83834,0.83738,0.8658,0.81077
B_cldice_s2,B_cldice,06,20,Q3,1,7891,2229,0.94474,0.98497,0.97724,0.99282
B_cldice_s2,B_cldice,06,20,Q4_clearest,0,5502,1401,0.98037,0.99822,0.99645,1.0
B_cldice_s2,B_cldice,07,0,Q1_dimmest,188,8316,2808,0.49657,0.43865,0.62478,0.33796
B_cldice_s2,B_cldice,07,0,Q2,31,7149,2172,0.81883,0.81535,0.8301,0.8011
B_cldice_s2,B_cldice,07,0,Q3,4,7254,1955,0.91788,0.96758,0.95445,0.98107
B_cldice_s2,B_cldice,07,0,Q4_clearest,1,7433,2033,0.96797,0.99437,0.9922,0.99656
B_cldice_s2,B_cldice,07,20,Q1_dimmest,183,8316,2808,0.49735,0.44017,0.64916,0.33298
B_cldice_s2,B_cldice,07,20,Q2,28,7149,2172,0.82054,0.81955,0.84815,0.79282
B_cldice_s2,B_cldice,07,20,Q3,4,7254,1955,0.9174,0.96751,0.95626,0.97903
B_cldice_s2,B_cldice,07,20,Q4_clearest,0,7433,2033,0.96776,0.99412,0.99267,0.99557
B_cldice_s2,B_cldice,08,0,Q1_dimmest,250,9976,3245,0.5342,0.49692,0.63613,0.4077
B_cldice_s2,B_cldice,08,0,Q2,22,8461,2479,0.8509,0.85988,0.84382,0.87656
B_cldice_s2,B_cldice,08,0,Q3,4,6640,1970,0.9323,0.97776,0.97734,0.97817
B_cldice_s2,B_cldice,08,0,Q4_clearest,0,3312,891,0.9713,0.99158,0.99555,0.98765
B_cldice_s2,B_cldice,08,20,Q1_dimmest,228,9976,3245,0.53383,0.49538,0.66572,0.39445
B_cldice_s2,B_cldice,08,20,Q2,20,8461,2479,0.85054,0.85841,0.8474,0.86971
B_cldice_s2,B_cldice,08,20,Q3,4,6640,1970,0.93235,0.97796,0.97877,0.97716
B_cldice_s2,B_cldice,08,20,Q4_clearest,0,3312,891,0.9713,0.99158,0.99555,0.98765
B_cldice_s2,B_cldice,09,0,Q1_dimmest,250,9368,3406,0.56364,0.53974,0.68761,0.44422
B_cldice_s2,B_cldice,09,0,Q2,21,7639,2383,0.86009,0.89468,0.86491,0.92656
B_cldice_s2,B_cldice,09,0,Q3,1,6249,1936,0.9372,0.985,0.9724,0.99793
B_cldice_s2,B_cldice,09,0,Q4_clearest,0,3485,1001,0.98112,0.9995,1.0,0.999
B_cldice_s2,B_cldice,09,20,Q1_dimmest,223,9368,3406,0.56198,0.5372,0.71363,0.43071
B_cldice_s2,B_cldice,09,20,Q2,21,7639,2383,0.8592,0.89306,0.86741,0.92027
B_cldice_s2,B_cldice,09,20,Q3,1,6249,1936,0.9372,0.985,0.9724,0.99793
B_cldice_s2,B_cldice,09,20,Q4_clearest,0,3485,1001,0.98112,0.9995,1.0,0.999
B_cldice_s2,B_cldice,10,0,Q1_dimmest,264,7560,3177,0.54088,0.49576,0.57459,0.43595
B_cldice_s2,B_cldice,10,0,Q2,33,6756,2369,0.81849,0.82177,0.77694,0.8721
B_cldice_s2,B_cldice,10,0,Q3,3,6741,2035,0.90491,0.96029,0.93042,0.99214
B_cldice_s2,B_cldice,10,0,Q4_clearest,0,6099,1556,0.95767,0.99448,0.98964,0.99936
B_cldice_s2,B_cldice,10,20,Q1_dimmest,248,7560,3177,0.53942,0.49197,0.58713,0.42336
B_cldice_s2,B_cldice,10,20,Q2,32,6756,2369,0.8177,0.82007,0.77862,0.86619
B_cldice_s2,B_cldice,10,20,Q3,3,6741,2035,0.90502,0.96027,0.93082,0.99165
B_cldice_s2,B_cldice,10,20,Q4_clearest,0,6099,1556,0.95767,0.99448,0.98964,0.99936
B_cldice_s2,B_cldice,11,0,Q1_dimmest,273,6386,2930,0.49739,0.42312,0.5102,0.36143
B_cldice_s2,B_cldice,11,0,Q2,45,5601,2186,0.78532,0.74959,0.70262,0.80329
B_cldice_s2,B_cldice,11,0,Q3,7,6593,2129,0.85176,0.91208,0.86522,0.9643
B_cldice_s2,B_cldice,11,0,Q4_clearest,1,10959,3211,0.93258,0.98106,0.96456,0.99813
B_cldice_s2,B_cldice,11,20,Q1_dimmest,253,6386,2930,0.49702,0.42052,0.52857,0.34915
B_cldice_s2,B_cldice,11,20,Q2,45,5601,2186,0.78496,0.74829,0.70781,0.79369
B_cldice_s2,B_cldice,11,20,Q3,6,6593,2129,0.85185,0.91311,0.86784,0.96336
B_cldice_s2,B_cldice,11,20,Q4_clearest,1,10959,3211,0.93338,0.98304,0.9684,0.99813
B_cldice_s2,B_cldice,12,0,Q1_dimmest,194,6741,2151,0.57958,0.58102,0.66167,0.5179
B_cldice_s2,B_cldice,12,0,Q2,42,7686,2661,0.81188,0.84279,0.81495,0.8726
B_cldice_s2,B_cldice,12,0,Q3,3,7976,2374,0.89725,0.96145,0.94185,0.98189
B_cldice_s2,B_cldice,12,0,Q4_clearest,0,6087,1526,0.95369,0.99399,0.99062,0.99738
B_cldice_s2,B_cldice,12,20,Q1_dimmest,182,6741,2151,0.57908,0.5814,0.68102,0.50721
B_cldice_s2,B_cldice,12,20,Q2,41,7686,2661,0.81181,0.84264,0.81863,0.86809
B_cldice_s2,B_cldice,12,20,Q3,3,7976,2374,0.89701,0.96178,0.94327,0.98104
B_cldice_s2,B_cldice,12,20,Q4_clearest,0,6087,1526,0.95369,0.99399,0.99062,0.99738
B_cldice_s2,B_cldice,13,0,Q1_dimmest,255,8947,3161,0.54301,0.51066,0.60946,0.43942
B_cldice_s2,B_cldice,13,0,Q2,54,7970,2798,0.81513,0.81702,0.78969,0.84632
B_cldice_s2,B_cldice,13,0,Q3,4,7295,2120,0.90911,0.96097,0.9469,0.97547
B_cldice_s2,B_cldice,13,0,Q4_clearest,0,8047,2107,0.97467,0.99836,0.99673,1.0
B_cldice_s2,B_cldice,13,20,Q1_dimmest,225,8947,3161,0.54205,0.50754,0.63016,0.42487
B_cldice_s2,B_cldice,13,20,Q2,52,7970,2798,0.81495,0.81569,0.80534,0.8263
B_cldice_s2,B_cldice,13,20,Q3,4,7295,2120,0.90889,0.96046,0.94725,0.97406
B_cldice_s2,B_cldice,13,20,Q4_clearest,0,8047,2107,0.97467,0.99836,0.99673,1.0
B_cldice_s2,B_cldice,14,0,Q1_dimmest,169,4886,1623,0.5334,0.51557,0.50091,0.53112
B_cldice_s2,B_cldice,14,0,Q2,48,6453,2243,0.78565,0.78726,0.72055,0.86759
B_cldice_s2,B_cldice,14,0,Q3,4,8104,2470,0.87345,0.94199,0.89785,0.99069
B_cldice_s2,B_cldice,14,0,Q4_clearest,0,7234,2022,0.94673,0.99343,0.98694,1.0
B_cldice_s2,B_cldice,14,20,Q1_dimmest,161,4886,1623,0.53631,0.52222,0.52825,0.51633
B_cldice_s2,B_cldice,14,20,Q2,43,6453,2243,0.78502,0.78661,0.72796,0.85555
B_cldice_s2,B_cldice,14,20,Q3,4,8104,2470,0.87434,0.94454,0.90284,0.99028
B_cldice_s2,B_cldice,14,20,Q4_clearest,0,7234,2022,0.94673,0.99343,0.98694,1.0
B_cldice_s2,B_cldice,15,0,Q1_dimmest,138,4357,1638,0.55341,0.54382,0.54127,0.5464
B_cldice_s2,B_cldice,15,0,Q2,15,5141,1751,0.7596,0.78989,0.7003,0.90577
B_cldice_s2,B_cldice,15,0,Q3,0,6066,1760,0.83531,0.92295,0.85901,0.99716
B_cldice_s2,B_cldice,15,0,Q4_clearest,0,8050,2502,0.93074,0.98524,0.97091,1.0
B_cldice_s2,B_cldice,15,20,Q1_dimmest,129,4357,1638,0.55467,0.54804,0.564,0.53297
B_cldice_s2,B_cldice,15,20,Q2,13,5141,1751,0.76139,0.79321,0.71011,0.89834
B_cldice_s2,B_cldice,15,20,Q3,0,6066,1760,0.8368,0.92841,0.86897,0.99659
B_cldice_s2,B_cldice,15,20,Q4_clearest,0,8050,2502,0.93085,0.98563,0.97166,1.0
B_cldice_s2,B_cldice,16,0,Q1_dimmest,239,6445,1959,0.59895,0.62901,0.74714,0.54313
B_cldice_s2,B_cldice,16,0,Q2,49,6977,2256,0.84128,0.88208,0.88474,0.87943
B_cldice_s2,B_cldice,16,0,Q3,1,7630,2131,0.88587,0.95755,0.92662,0.99061
B_cldice_s2,B_cldice,16,0,Q4_clearest,1,8739,2466,0.93345,0.98481,0.97045,0.99959
B_cldice_s2,B_cldice,16,20,Q1_dimmest,226,6445,1959,0.59453,0.62053,0.74863,0.52986
B_cldice_s2,B_cldice,16,20,Q2,42,6977,2256,0.83974,0.88127,0.89695,0.86613
B_cldice_s2,B_cldice,16,20,Q3,1,7630,2131,0.88623,0.95849,0.92962,0.98921
B_cldice_s2,B_cldice,16,20,Q4_clearest,1,8739,2466,0.93375,0.986,0.97278,0.99959
B_cldice_s2,B_cldice,17,0,Q1_dimmest,235,7862,2585,0.57527,0.59178,0.7567,0.48588
B_cldice_s2,B_cldice,17,0,Q2,33,7104,2140,0.84492,0.88524,0.89257,0.87804
B_cldice_s2,B_cldice,17,0,Q3,6,7222,1826,0.90342,0.97678,0.96482,0.98905
B_cldice_s2,B_cldice,17,0,Q4_clearest,0,5664,1433,0.92651,0.99414,0.98834,1.0
B_cldice_s2,B_cldice,17,20,Q1_dimmest,224,7862,2585,0.57456,0.59376,0.79264,0.47466
B_cldice_s2,B_cldice,17,20,Q2,32,7104,2140,0.84666,0.89237,0.9153,0.87056
B_cldice_s2,B_cldice,17,20,Q3,6,7222,1826,0.90386,0.97906,0.96981,0.9885
B_cldice_s2,B_cldice,17,20,Q4_clearest,0,5664,1433,0.92651,0.99414,0.98834,1.0
B_cldice_s2,B_cldice,18,0,Q1_dimmest,187,4966,1759,0.62814,0.63757,0.70465,0.58215
B_cldice_s2,B_cldice,18,0,Q2,35,6044,1968,0.80716,0.87894,0.8608,0.89787
B_cldice_s2,B_cldice,18,0,Q3,4,7429,2081,0.8412,0.96375,0.94462,0.98366
B_cldice_s2,B_cldice,18,0,Q4_clearest,0,7705,1851,0.89003,0.98934,0.98047,0.99838
B_cldice_s2,B_cldice,18,20,Q1_dimmest,175,4966,1759,0.63243,0.64978,0.75022,0.57305
B_cldice_s2,B_cldice,18,20,Q2,31,6044,1968,0.80776,0.88019,0.87036,0.89024
B_cldice_s2,B_cldice,18,20,Q3,3,7429,2081,0.84253,0.96772,0.9541,0.98174
B_cldice_s2,B_cldice,18,20,Q4_clearest,0,7705,1851,0.89076,0.99089,0.98351,0.99838
B_cldice_s2,B_cldice,19,0,Q1_dimmest,132,3731,1722,0.63773,0.66607,0.69035,0.64344
B_cldice_s2,B_cldice,19,0,Q2,26,6957,2067,0.78939,0.84848,0.77286,0.94049
B_cldice_s2,B_cldice,19,0,Q3,4,8771,2610,0.88457,0.9656,0.94061,0.99195
B_cldice_s2,B_cldice,19,0,Q4_clearest,0,7909,2077,0.96076,0.99783,0.99568,1.0
B_cldice_s2,B_cldice,19,20,Q1_dimmest,128,3731,1722,0.63954,0.67265,0.70957,0.63937
B_cldice_s2,B_cldice,19,20,Q2,26,6957,2067,0.79315,0.86109,0.79543,0.93856
B_cldice_s2,B_cldice,19,20,Q3,4,8771,2610,0.88472,0.96635,0.94273,0.99119
B_cldice_s2,B_cldice,19,20,Q4_clearest,0,7909,2077,0.96076,0.99783,0.99568,1.0
B_cldice_s2,B_cldice,20,0,Q1_dimmest,171,5411,1924,0.64214,0.65909,0.63459,0.68555
B_cldice_s2,B_cldice,20,0,Q2,15,7210,2225,0.80576,0.86707,0.79147,0.95865
B_cldice_s2,B_cldice,20,0,Q3,4,6951,2027,0.85585,0.94676,0.90375,0.99408
B_cldice_s2,B_cldice,20,0,Q4_clearest,0,4693,1197,0.9365,0.98802,0.97633,1.0
B_cldice_s2,B_cldice,20,20,Q1_dimmest,164,5411,1924,0.64512,0.66934,0.66063,0.67827
B_cldice_s2,B_cldice,20,20,Q2,15,7210,2225,0.80965,0.8801,0.81507,0.9564
B_cldice_s2,B_cldice,20,20,Q3,4,6951,2027,0.85809,0.95229,0.91387,0.99408
B_cldice_s2,B_cldice,20,20,Q4_clearest,0,4693,1197,0.9365,0.98802,0.97633,1.0
B_cldice_s3,B_cldice,01,0,Q1_dimmest,211,4597,1791,0.54791,0.55441,0.56785,0.5416
B_cldice_s3,B_cldice,01,0,Q2,48,6946,2500,0.78211,0.83659,0.78581,0.8944
B_cldice_s3,B_cldice,01,0,Q3,9,8473,2538,0.86811,0.9623,0.94864,0.97636
B_cldice_s3,B_cldice,01,0,Q4_clearest,1,9424,2483,0.9294,0.98973,0.98238,0.99718
B_cldice_s3,B_cldice,01,20,Q1_dimmest,197,4597,1791,0.54872,0.5623,0.60552,0.52485
B_cldice_s3,B_cldice,01,20,Q2,47,6946,2500,0.78001,0.8323,0.78759,0.8824
B_cldice_s3,B_cldice,01,20,Q3,9,8473,2538,0.86793,0.9626,0.9511,0.97439
B_cldice_s3,B_cldice,01,20,Q4_clearest,1,9424,2483,0.9294,0.98973,0.98238,0.99718
B_cldice_s3,B_cldice,02,0,Q1_dimmest,233,5691,1790,0.47579,0.48122,0.50342,0.46089
B_cldice_s3,B_cldice,02,0,Q2,36,6606,1861,0.79822,0.79972,0.74272,0.8662
B_cldice_s3,B_cldice,02,0,Q3,1,8662,2260,0.9071,0.95963,0.9324,0.9885
B_cldice_s3,B_cldice,02,0,Q4_clearest,0,12831,3378,0.96686,0.99441,0.98916,0.9997
B_cldice_s3,B_cldice,02,20,Q1_dimmest,210,5691,1790,0.46911,0.46607,0.51988,0.42235
B_cldice_s3,B_cldice,02,20,Q2,32,6606,1861,0.79724,0.79667,0.75,0.84954
B_cldice_s3,B_cldice,02,20,Q3,1,8662,2260,0.90798,0.96222,0.93731,0.9885
B_cldice_s3,B_cldice,02,20,Q4_clearest,0,12831,3378,0.96686,0.99441,0.98916,0.9997
B_cldice_s3,B_cldice,03,0,Q1_dimmest,265,10358,3377,0.49049,0.4896,0.57804,0.42464
B_cldice_s3,B_cldice,03,0,Q2,42,9353,2708,0.82216,0.84902,0.83583,0.86263
B_cldice_s3,B_cldice,03,0,Q3,3,8095,2089,0.93849,0.97462,0.96988,0.97942
B_cldice_s3,B_cldice,03,0,Q4_clearest,0,5087,1047,0.98949,0.99913,0.99826,1.0
B_cldice_s3,B_cldice,03,20,Q1_dimmest,232,10358,3377,0.48475,0.47584,0.59287,0.39739
B_cldice_s3,B_cldice,03,20,Q2,35,9353,2708,0.82081,0.84618,0.8416,0.85081
B_cldice_s3,B_cldice,03,20,Q3,3,8095,2089,0.93834,0.97434,0.97072,0.97798
B_cldice_s3,B_cldice,03,20,Q4_clearest,0,5087,1047,0.98949,0.99913,0.99826,1.0
B_cldice_s3,B_cldice,04,0,Q1_dimmest,224,7750,3035,0.47159,0.45165,0.62207,0.35453
B_cldice_s3,B_cldice,04,0,Q2,37,6017,1865,0.80307,0.81796,0.79162,0.84611
B_cldice_s3,B_cldice,04,0,Q3,7,6293,1680,0.92058,0.9612,0.94114,0.98214
B_cldice_s3,B_cldice,04,0,Q4_clearest,1,10294,2346,0.97832,0.99455,0.99084,0.99829
B_cldice_s3,B_cldice,04,20,Q1_dimmest,214,7750,3035,0.47065,0.45018,0.63313,0.34926
B_cldice_s3,B_cldice,04,20,Q2,30,6017,1865,0.80211,0.81457,0.79525,0.83485
B_cldice_s3,B_cldice,04,20,Q3,7,6293,1680,0.92049,0.96118,0.94164,0.98155
B_cldice_s3,B_cldice,04,20,Q4_clearest,1,10294,2346,0.97851,0.99539,0.99249,0.99829
B_cldice_s3,B_cldice,05,0,Q1_dimmest,299,9685,3539,0.46285,0.4218,0.61489,0.32099
B_cldice_s3,B_cldice,05,0,Q2,22,7440,2198,0.85073,0.8568,0.83367,0.88126
B_cldice_s3,B_cldice,05,0,Q3,2,7606,2186,0.94405,0.98495,0.97645,0.9936
B_cldice_s3,B_cldice,05,0,Q4_clearest,0,6179,1663,0.97861,0.99742,0.99545,0.9994
B_cldice_s3,B_cldice,05,20,Q1_dimmest,270,9685,3539,0.45841,0.4106,0.62853,0.30489
B_cldice_s3,B_cldice,05,20,Q2,21,7440,2198,0.84932,0.85413,0.84065,0.86806
B_cldice_s3,B_cldice,05,20,Q3,2,7606,2186,0.94414,0.98493,0.97819,0.99177
B_cldice_s3,B_cldice,05,20,Q4_clearest,0,6179,1663,0.97861,0.99742,0.99545,0.9994
B_cldice_s3,B_cldice,06,0,Q1_dimmest,344,10790,3981,0.46998,0.46912,0.63704,0.37126
B_cldice_s3,B_cldice,06,0,Q2,40,7933,2378,0.83346,0.83148,0.84777,0.81581
B_cldice_s3,B_cldice,06,0,Q3,2,7891,2229,0.95389,0.98495,0.98027,0.98968
B_cldice_s3,B_cldice,06,0,Q4_clearest,0,5502,1401,0.98196,0.99756,0.99513,1.0
B_cldice_s3,B_cldice,06,20,Q1_dimmest,308,10790,3981,0.46319,0.45506,0.65583,0.3484
B_cldice_s3,B_cldice,06,20,Q2,32,7933,2378,0.83074,0.8253,0.85149,0.80067
B_cldice_s3,B_cldice,06,20,Q3,2,7891,2229,0.95375,0.98448,0.9811,0.98789
B_cldice_s3,B_cldice,06,20,Q4_clearest,0,5502,1401,0.98196,0.99756,0.99513,1.0
B_cldice_s3,B_cldice,07,0,Q1_dimmest,226,8316,2808,0.45719,0.4537,0.64936,0.34865
B_cldice_s3,B_cldice,07,0,Q2,38,7149,2172,0.80691,0.81644,0.81613,0.81676
B_cldice_s3,B_cldice,07,0,Q3,4,7254,1955,0.92699,0.96957,0.95494,0.98465
B_cldice_s3,B_cldice,07,0,Q4_clearest,0,7433,2033,0.97478,0.99735,0.99519,0.99951
B_cldice_s3,B_cldice,07,20,Q1_dimmest,204,8316,2808,0.45291,0.4428,0.66211,0.33262
B_cldice_s3,B_cldice,07,20,Q2,35,7149,2172,0.80788,0.81848,0.83363,0.80387
B_cldice_s3,B_cldice,07,20,Q3,4,7254,1955,0.92668,0.96875,0.95869,0.97903
B_cldice_s3,B_cldice,07,20,Q4_clearest,0,7433,2033,0.97478,0.99735,0.99519,0.99951
B_cldice_s3,B_cldice,08,0,Q1_dimmest,289,9976,3245,0.50788,0.49514,0.6513,0.39938
B_cldice_s3,B_cldice,08,0,Q2,32,8461,2479,0.85116,0.85816,0.84238,0.87455
B_cldice_s3,B_cldice,08,0,Q3,5,6640,1970,0.9373,0.97755,0.96995,0.98528
B_cldice_s3,B_cldice,08,0,Q4_clearest,0,3312,891,0.97807,0.99445,0.99339,0.99551
B_cldice_s3,B_cldice,08,20,Q1_dimmest,261,9976,3245,0.50342,0.48418,0.66714,0.37997
B_cldice_s3,B_cldice,08,20,Q2,31,8461,2479,0.85046,0.85639,0.8516,0.86123
B_cldice_s3,B_cldice,08,20,Q3,5,6640,1970,0.93723,0.9773,0.96994,0.98477
B_cldice_s3,B_cldice,08,20,Q4_clearest,0,3312,891,0.97807,0.99445,0.99339,0.99551
B_cldice_s3,B_cldice,09,0,Q1_dimmest,257,9368,3406,0.52771,0.53813,0.66899,0.45009
B_cldice_s3,B_cldice,09,0,Q2,28,7639,2383,0.85653,0.88062,0.85106,0.9123
B_cldice_s3,B_cldice,09,0,Q3,0,6249,1936,0.94167,0.98506,0.97349,0.9969
B_cldice_s3,B_cldice,09,0,Q4_clearest,0,3485,1001,0.98251,0.9995,1.0,0.999
B_cldice_s3,B_cldice,09,20,Q1_dimmest,228,9368,3406,0.52377,0.53051,0.68675,0.43218
B_cldice_s3,B_cldice,09,20,Q2,27,7639,2383,0.85599,0.87877,0.85349,0.90558
B_cldice_s3,B_cldice,09,20,Q3,0,6249,1936,0.94167,0.98506,0.97349,0.9969
B_cldice_s3,B_cldice,09,20,Q4_clearest,0,3485,1001,0.98251,0.9995,1.0,0.999
B_cldice_s3,B_cldice,10,0,Q1_dimmest,301,7560,3177,0.50506,0.47962,0.57497,0.41139
B_cldice_s3,B_cldice,10,0,Q2,41,6756,2369,0.81286,0.80935,0.76346,0.86112
B_cldice_s3,B_cldice,10,0,Q3,4,6741,2035,0.91423,0.96433,0.93804,0.99214
B_cldice_s3,B_cldice,10,0,Q4_clearest,0,6099,1556,0.96213,0.99416,0.98839,1.0
B_cldice_s3,B_cldice,10,20,Q1_dimmest,271,7560,3177,0.50234,0.47313,0.58973,0.39503
B_cldice_s3,B_cldice,10,20,Q2,40,6756,2369,0.81209,0.80704,0.76775,0.85057
B_cldice_s3,B_cldice,10,20,Q3,4,6741,2035,0.9144,0.9648,0.93981,0.99115
B_cldice_s3,B_cldice,10,20,Q4_clearest,0,6099,1556,0.9622,0.99448,0.98903,1.0
B_cldice_s3,B_cldice,11,0,Q1_dimmest,319,6386,2930,0.45104,0.41739,0.53135,0.34369
B_cldice_s3,B_cldice,11,0,Q2,50,5601,2186,0.77344,0.73914,0.70275,0.77951
B_cldice_s3,B_cldice,11,0,Q3,10,6593,2129,0.86935,0.91364,0.86766,0.96477
B_cldice_s3,B_cldice,11,0,Q4_clearest,2,10959,3211,0.94322,0.98458,0.97257,0.99689
B_cldice_s3,B_cldice,11,20,Q1_dimmest,291,6386,2930,0.4464,0.40784,0.54094,0.3273
B_cldice_s3,B_cldice,11,20,Q2,47,5601,2186,0.77227,0.73814,0.71282,0.76532
B_cldice_s3,B_cldice,11,20,Q3,10,6593,2129,0.86975,0.91502,0.87053,0.9643
B_cldice_s3,B_cldice,11,20,Q4_clearest,2,10959,3211,0.94322,0.98458,0.97257,0.99689
B_cldice_s3,B_cldice,12,0,Q1_dimmest,212,6741,2151,0.53826,0.56257,0.66379,0.48815
B_cldice_s3,B_cldice,12,0,Q2,59,7686,2661,0.81545,0.83939,0.82721,0.85194
B_cldice_s3,B_cldice,12,0,Q3,8,7976,2374,0.90543,0.95691,0.93585,0.97894
B_cldice_s3,B_cldice,12,0,Q4_clearest,2,6087,1526,0.95898,0.99223,0.98586,0.99869
B_cldice_s3,B_cldice,12,20,Q1_dimmest,204,6741,2151,0.53773,0.56369,0.68698,0.47792
B_cldice_s3,B_cldice,12,20,Q2,52,7686,2661,0.81553,0.83994,0.83477,0.84517
B_cldice_s3,B_cldice,12,20,Q3,7,7976,2374,0.90604,0.95884,0.94032,0.9781
B_cldice_s3,B_cldice,12,20,Q4_clearest,2,6087,1526,0.95898,0.99223,0.98586,0.99869
B_cldice_s3,B_cldice,13,0,Q1_dimmest,300,8947,3161,0.5143,0.50328,0.58438,0.44195
B_cldice_s3,B_cldice,13,0,Q2,60,7970,2798,0.80958,0.80452,0.76173,0.85239
B_cldice_s3,B_cldice,13,0,Q3,8,7295,2120,0.91875,0.95859,0.94052,0.97736
B_cldice_s3,B_cldice,13,0,Q4_clearest,0,8047,2107,0.97794,0.99764,0.99529,1.0
B_cldice_s3,B_cldice,13,20,Q1_dimmest,270,8947,3161,0.51425,0.50383,0.61886,0.42487
B_cldice_s3,B_cldice,13,20,Q2,58,7970,2798,0.80889,0.80189,0.77386,0.83202
B_cldice_s3,B_cldice,13,20,Q3,6,7295,2120,0.91924,0.96014,0.94528,0.97547
B_cldice_s3,B_cldice,13,20,Q4_clearest,0,8047,2107,0.97794,0.99764,0.99529,1.0
B_cldice_s3,B_cldice,14,0,Q1_dimmest,191,4886,1623,0.49461,0.49873,0.49123,0.50647
B_cldice_s3,B_cldice,14,0,Q2,50,6453,2243,0.78127,0.78211,0.71561,0.86224
B_cldice_s3,B_cldice,14,0,Q3,2,8104,2470,0.88551,0.94435,0.90182,0.99109
B_cldice_s3,B_cldice,14,0,Q4_clearest,0,7234,2022,0.95264,0.99194,0.98401,1.0
B_cldice_s3,B_cldice,14,20,Q1_dimmest,187,4886,1623,0.49709,0.50892,0.51653,0.50154
B_cldice_s3,B_cldice,14,20,Q2,49,6453,2243,0.78431,0.78956,0.7301,0.85956
B_cldice_s3,B_cldice,14,20,Q3,2,8104,2470,0.88559,0.94495,0.90325,0.99069
B_cldice_s3,B_cldice,14,20,Q4_clearest,0,7234,2022,0.95264,0.99194,0.98401,1.0
B_cldice_s3,B_cldice,15,0,Q1_dimmest,174,4357,1638,0.50351,0.52744,0.53623,0.51893
B_cldice_s3,B_cldice,15,0,Q2,23,5141,1751,0.75847,0.78258,0.68433,0.91376
B_cldice_s3,B_cldice,15,0,Q3,4,6066,1760,0.85243,0.91492,0.84643,0.99545
B_cldice_s3,B_cldice,15,0,Q4_clearest,0,8050,2502,0.93545,0.98125,0.96319,1.0
B_cldice_s3,B_cldice,15,20,Q1_dimmest,165,4357,1638,0.50654,0.53629,0.56799,0.50794
B_cldice_s3,B_cldice,15,20,Q2,23,5141,1751,0.762,0.79004,0.69817,0.90977
B_cldice_s3,B_cldice,15,20,Q3,4,6066,1760,0.85567,0.9227,0.85986,0.99545
B_cldice_s3,B_cldice,15,20,Q4_clearest,0,8050,2502,0.93594,0.98221,0.96504,1.0
B_cldice_s3,B_cldice,16,0,Q1_dimmest,276,6445,1959,0.56183,0.62123,0.74363,0.53344
B_cldice_s3,B_cldice,16,0,Q2,51,6977,2256,0.8473,0.88808,0.89279,0.88342
B_cldice_s3,B_cldice,16,0,Q3,3,7630,2131,0.9063,0.96168,0.93356,0.99155
B_cldice_s3,B_cldice,16,0,Q4_clearest,1,8739,2466,0.93966,0.98249,0.96596,0.99959
B_cldice_s3,B_cldice,16,20,Q1_dimmest,264,6445,1959,0.56097,0.62328,0.7609,0.52782
B_cldice_s3,B_cldice,16,20,Q2,49,6977,2256,0.84856,0.89165,0.90562,0.8781
B_cldice_s3,B_cldice,16,20,Q3,2,7630,2131,0.90708,0.96353,0.93831,0.99015
B_cldice_s3,B_cldice,16,20,Q4_clearest,1,8739,2466,0.93966,0.98249,0.96596,0.99959
B_cldice_s3,B_cldice,17,0,Q1_dimmest,264,7862,2585,0.57314,0.61567,0.75546,0.51954
B_cldice_s3,B_cldice,17,0,Q2,42,7104,2140,0.8454,0.8847,0.88624,0.88318
B_cldice_s3,B_cldice,17,0,Q3,5,7222,1826,0.91501,0.97357,0.96064,0.98686
B_cldice_s3,B_cldice,17,0,Q4_clearest,0,5664,1433,0.93177,0.99542,0.99294,0.99791
B_cldice_s3,B_cldice,17,20,Q1_dimmest,249,7862,2585,0.57311,0.61826,0.78337,0.51064
B_cldice_s3,B_cldice,17,20,Q2,38,7104,2140,0.84585,0.88661,0.89976,0.87383
B_cldice_s3,B_cldice,17,20,Q3,5,7222,1826,0.91577,0.97638,0.96613,0.98686
B_cldice_s3,B_cldice,17,20,Q4_clearest,0,5664,1433,0.9316,0.99472,0.99293,0.99651
B_cldice_s3,B_cldice,18,0,Q1_dimmest,199,4966,1759,0.61545,0.63552,0.70299,0.57987
B_cldice_s3,B_cldice,18,0,Q2,43,6044,1968,0.82603,0.87278,0.84634,0.90091
B_cldice_s3,B_cldice,18,0,Q3,2,7429,2081,0.86777,0.96659,0.94131,0.99327
B_cldice_s3,B_cldice,18,0,Q4_clearest,0,7705,1851,0.89989,0.98765,0.97612,0.99946
B_cldice_s3,B_cldice,18,20,Q1_dimmest,189,4966,1759,0.62003,0.64614,0.74541,0.57021
B_cldice_s3,B_cldice,18,20,Q2,42,6044,1968,0.82531,0.87235,0.85191,0.8938
B_cldice_s3,B_cldice,18,20,Q3,2,7429,2081,0.86868,0.96921,0.94671,0.99279
B_cldice_s3,B_cldice,18,20,Q4_clearest,0,7705,1851,0.90005,0.98841,0.97761,0.99946
B_cldice_s3,B_cldice,19,0,Q1_dimmest,138,3731,1722,0.61846,0.64631,0.68028,0.61556
B_cldice_s3,B_cldice,19,0,Q2,36,6957,2067,0.79467,0.84071,0.77015,0.9255
B_cldice_s3,B_cldice,19,0,Q3,2,8771,2610,0.89812,0.96565,0.93934,0.99349
B_cldice_s3,B_cldice,19,0,Q4_clearest,0,7909,2077,0.96562,0.99684,0.99464,0.99904
B_cldice_s3,B_cldice,19,20,Q1_dimmest,131,3731,1722,0.61569,0.64646,0.70008,0.60046
B_cldice_s3,B_cldice,19,20,Q2,33,6957,2067,0.79619,0.84656,0.7835,0.92066
B_cldice_s3,B_cldice,19,20,Q3,2,8771,2610,0.89787,0.96526,0.93997,0.99195
B_cldice_s3,B_cldice,19,20,Q4_clearest,0,7909,2077,0.96562,0.99684,0.99464,0.99904
B_cldice_s3,B_cldice,20,0,Q1_dimmest,190,5411,1924,0.61782,0.65252,0.64121,0.66424
B_cldice_s3,B_cldice,20,0,Q2,24,7210,2225,0.80983,0.8693,0.80471,0.94517
B_cldice_s3,B_cldice,20,0,Q3,4,6951,2027,0.87458,0.9481,0.91074,0.98865
B_cldice_s3,B_cldice,20,0,Q4_clearest,0,4693,1197,0.94327,0.98422,0.96894,1.0
B_cldice_s3,B_cldice,20,20,Q1_dimmest,180,5411,1924,0.61606,0.64951,0.64933,0.64969
B_cldice_s3,B_cldice,20,20,Q2,24,7210,2225,0.81264,0.87807,0.82501,0.93843
B_cldice_s3,B_cldice,20,20,Q3,4,6951,2027,0.87668,0.95449,0.92304,0.98816
B_cldice_s3,B_cldice,20,20,Q4_clearest,0,4693,1197,0.94327,0.98422,0.96894,1.0
B_cldice_s4,B_cldice,01,0,Q1_dimmest,196,4597,1791,0.56132,0.56392,0.62422,0.51424
B_cldice_s4,B_cldice,01,0,Q2,59,6946,2500,0.78249,0.83348,0.78938,0.8828
B_cldice_s4,B_cldice,01,0,Q3,12,8473,2538,0.86244,0.95713,0.94418,0.97045
B_cldice_s4,B_cldice,01,0,Q4_clearest,0,9424,2483,0.92705,0.98845,0.97909,0.99799
B_cldice_s4,B_cldice,01,20,Q1_dimmest,176,4597,1791,0.55669,0.55458,0.63279,0.49358
B_cldice_s4,B_cldice,01,20,Q2,57,6946,2500,0.78072,0.82969,0.79196,0.8712
B_cldice_s4,B_cldice,01,20,Q3,11,8473,2538,0.86244,0.95726,0.9463,0.96848
B_cldice_s4,B_cldice,01,20,Q4_clearest,0,9424,2483,0.92705,0.98845,0.97909,0.99799
B_cldice_s4,B_cldice,02,0,Q1_dimmest,203,5691,1790,0.49046,0.47241,0.53239,0.42458
B_cldice_s4,B_cldice,02,0,Q2,38,6606,1861,0.80035,0.78741,0.74196,0.8388
B_cldice_s4,B_cldice,02,0,Q3,3,8662,2260,0.8988,0.95635,0.92585,0.98894
B_cldice_s4,B_cldice,02,0,Q4_clearest,0,12831,3378,0.9631,0.99379,0.98765,1.0
B_cldice_s4,B_cldice,02,20,Q1_dimmest,173,5691,1790,0.48635,0.46186,0.55165,0.39721
B_cldice_s4,B_cldice,02,20,Q2,34,6606,1861,0.79797,0.77879,0.74825,0.81193
B_cldice_s4,B_cldice,02,20,Q3,3,8662,2260,0.89921,0.9576,0.93054,0.98628
B_cldice_s4,B_cldice,02,20,Q4_clearest,0,12831,3378,0.9631,0.99379,0.98765,1.0
B_cldice_s4,B_cldice,03,0,Q1_dimmest,273,10358,3377,0.49591,0.49395,0.58804,0.42582
B_cldice_s4,B_cldice,03,0,Q2,38,9353,2708,0.82467,0.84803,0.83185,0.86484
B_cldice_s4,B_cldice,03,0,Q3,8,8095,2089,0.93521,0.97108,0.96427,0.97798
B_cldice_s4,B_cldice,03,0,Q4_clearest,0,5087,1047,0.98679,0.99778,0.99652,0.99904
B_cldice_s4,B_cldice,03,20,Q1_dimmest,255,10358,3377,0.49621,0.49474,0.60824,0.41694
B_cldice_s4,B_cldice,03,20,Q2,35,9353,2708,0.82417,0.84664,0.83504,0.85857
B_cldice_s4,B_cldice,03,20,Q3,8,8095,2089,0.93597,0.97355,0.96964,0.9775
B_cldice_s4,B_cldice,03,20,Q4_clearest,0,5087,1047,0.98679,0.99778,0.99652,0.99904
B_cldice_s4,B_cldice,04,0,Q1_dimmest,216,7750,3035,0.48717,0.45748,0.62203,0.36178
B_cldice_s4,B_cldice,04,0,Q2,30,6017,1865,0.80552,0.81897,0.7884,0.85201
B_cldice_s4,B_cldice,04,0,Q3,1,6293,1680,0.91543,0.96238,0.93905,0.9869
B_cldice_s4,B_cldice,04,0,Q4_clearest,1,10294,2346,0.97355,0.98953,0.98132,0.99787
B_cldice_s4,B_cldice,04,20,Q1_dimmest,200,7750,3035,0.48373,0.45117,0.63595,0.34959
B_cldice_s4,B_cldice,04,20,Q2,26,6017,1865,0.80423,0.81628,0.79319,0.84075
B_cldice_s4,B_cldice,04,20,Q3,1,6293,1680,0.91557,0.96298,0.94018,0.9869
B_cldice_s4,B_cldice,04,20,Q4_clearest,1,10294,2346,0.97387,0.99077,0.98377,0.99787
B_cldice_s4,B_cldice,05,0,Q1_dimmest,270,9685,3539,0.47353,0.42288,0.62923,0.31845
B_cldice_s4,B_cldice,05,0,Q2,19,7440,2198,0.84861,0.84973,0.83809,0.86169
B_cldice_s4,B_cldice,05,0,Q3,1,7606,2186,0.94201,0.98485,0.97715,0.99268
B_cldice_s4,B_cldice,05,0,Q4_clearest,0,6179,1663,0.97522,0.99885,0.99771,1.0
B_cldice_s4,B_cldice,05,20,Q1_dimmest,249,9685,3539,0.46977,0.41461,0.64516,0.30545
B_cldice_s4,B_cldice,05,20,Q2,18,7440,2198,0.84919,0.85183,0.84926,0.85441
B_cldice_s4,B_cldice,05,20,Q3,1,7606,2186,0.94229,0.98576,0.97984,0.99177
B_cldice_s4,B_cldice,05,20,Q4_clearest,0,6179,1663,0.97522,0.99885,0.99771,1.0
B_cldice_s4,B_cldice,06,0,Q1_dimmest,325,10790,3981,0.48844,0.4714,0.67654,0.36172
B_cldice_s4,B_cldice,06,0,Q2,43,7933,2378,0.83347,0.82488,0.85106,0.80025
B_cldice_s4,B_cldice,06,0,Q3,0,7891,2229,0.94878,0.98434,0.97688,0.99192
B_cldice_s4,B_cldice,06,0,Q4_clearest,0,5502,1401,0.98293,0.99822,0.99644,1.0
B_cldice_s4,B_cldice,06,20,Q1_dimmest,285,10790,3981,0.47881,0.45501,0.6955,0.33811
B_cldice_s4,B_cldice,06,20,Q2,37,7933,2378,0.83173,0.81989,0.8589,0.78427
B_cldice_s4,B_cldice,06,20,Q3,0,7891,2229,0.94881,0.98408,0.97854,0.98968
B_cldice_s4,B_cldice,06,20,Q4_clearest,0,5502,1401,0.98284,0.99786,0.99644,0.99929
B_cldice_s4,B_cldice,07,0,Q1_dimmest,215,8316,2808,0.46188,0.43231,0.6654,0.32016
B_cldice_s4,B_cldice,07,0,Q2,38,7149,2172,0.81402,0.81474,0.83688,0.79374
B_cldice_s4,B_cldice,07,0,Q3,4,7254,1955,0.91948,0.96525,0.95282,0.97801
B_cldice_s4,B_cldice,07,0,Q4_clearest,1,7433,2033,0.97024,0.99439,0.99078,0.99803
B_cldice_s4,B_cldice,07,20,Q1_dimmest,196,8316,2808,0.4584,0.42436,0.69433,0.30556
B_cldice_s4,B_cldice,07,20,Q2,32,7149,2172,0.81341,0.81173,0.84569,0.78039
B_cldice_s4,B_cldice,07,20,Q3,4,7254,1955,0.91973,0.96489,0.95603,0.97391
B_cldice_s4,B_cldice,07,20,Q4_clearest,1,7433,2033,0.97024,0.99439,0.99078,0.99803
B_cldice_s4,B_cldice,08,0,Q1_dimmest,248,9976,3245,0.51193,0.48932,0.67243,0.38459
B_cldice_s4,B_cldice,08,0,Q2,24,8461,2479,0.84602,0.85331,0.84206,0.86486
B_cldice_s4,B_cldice,08,0,Q3,7,6640,1970,0.93332,0.97471,0.96436,0.98528
B_cldice_s4,B_cldice,08,0,Q4_clearest,1,3312,891,0.97529,0.99389,0.99451,0.99327
B_cldice_s4,B_cldice,08,20,Q1_dimmest,217,9976,3245,0.50882,0.48337,0.70206,0.36857
B_cldice_s4,B_cldice,08,20,Q2,22,8461,2479,0.84431,0.84921,0.84887,0.84954
B_cldice_s4,B_cldice,08,20,Q3,7,6640,1970,0.93351,0.97517,0.96576,0.98477
B_cldice_s4,B_cldice,08,20,Q4_clearest,1,3312,891,0.97529,0.99389,0.99451,0.99327
B_cldice_s4,B_cldice,09,0,Q1_dimmest,260,9368,3406,0.52975,0.52055,0.67714,0.42278
B_cldice_s4,B_cldice,09,0,Q2,26,7639,2383,0.84852,0.86751,0.83536,0.90222
B_cldice_s4,B_cldice,09,0,Q3,4,6249,1936,0.93808,0.98026,0.97004,0.9907
B_cldice_s4,B_cldice,09,0,Q4_clearest,1,3485,1001,0.9789,0.99397,1.0,0.98801
B_cldice_s4,B_cldice,09,20,Q1_dimmest,227,9368,3406,0.52266,0.50522,0.68077,0.40164
B_cldice_s4,B_cldice,09,20,Q2,24,7639,2383,0.8472,0.86474,0.83637,0.89509
B_cldice_s4,B_cldice,09,20,Q3,4,6249,1936,0.93823,0.98079,0.97108,0.9907
B_cldice_s4,B_cldice,09,20,Q4_clearest,1,3485,1001,0.9789,0.99397,1.0,0.98801
B_cldice_s4,B_cldice,10,0,Q1_dimmest,292,7560,3177,0.51915,0.48626,0.5836,0.41675
B_cldice_s4,B_cldice,10,0,Q2,37,6756,2369,0.81776,0.81169,0.76796,0.8607
B_cldice_s4,B_cldice,10,0,Q3,2,6741,2035,0.9117,0.96437,0.93723,0.99312
B_cldice_s4,B_cldice,10,0,Q4_clearest,0,6099,1556,0.95987,0.995,0.99006,1.0
B_cldice_s4,B_cldice,10,20,Q1_dimmest,265,7560,3177,0.51544,0.47839,0.59837,0.39849
B_cldice_s4,B_cldice,10,20,Q2,32,6756,2369,0.81593,0.80642,0.77184,0.84424
B_cldice_s4,B_cldice,10,20,Q3,1,6741,2035,0.91193,0.96481,0.94072,0.99017
B_cldice_s4,B_cldice,10,20,Q4_clearest,0,6099,1556,0.95994,0.99534,0.99072,1.0
B_cldice_s4,B_cldice,11,0,Q1_dimmest,278,6386,2930,0.45443,0.39521,0.55965,0.30546
B_cldice_s4,B_cldice,11,0,Q2,51,5601,2186,0.773,0.74171,0.72072,0.76395
B_cldice_s4,B_cldice,11,0,Q3,11,6593,2129,0.86121,0.91134,0.87355,0.95256
B_cldice_s4,B_cldice,11,0,Q4_clearest,2,10959,3211,0.9388,0.98133,0.96624,0.99689
B_cldice_s4,B_cldice,11,20,Q1_dimmest,242,6386,2930,0.44486,0.374,0.56219,0.2802
B_cldice_s4,B_cldice,11,20,Q2,42,5601,2186,0.77008,0.73457,0.72685,0.74245
B_cldice_s4,B_cldice,11,20,Q3,9,6593,2129,0.86139,0.91027,0.87634,0.94692
B_cldice_s4,B_cldice,11,20,Q4_clearest,2,10959,3211,0.9388,0.98133,0.96624,0.99689
B_cldice_s4,B_cldice,12,0,Q1_dimmest,205,6741,2151,0.55682,0.56977,0.67438,0.49326
B_cldice_s4,B_cldice,12,0,Q2,49,7686,2661,0.81723,0.83924,0.81556,0.86434
B_cldice_s4,B_cldice,12,0,Q3,7,7976,2374,0.90131,0.95506,0.93424,0.97683
B_cldice_s4,B_cldice,12,0,Q4_clearest,2,6087,1526,0.95859,0.99322,0.98974,0.99672
B_cldice_s4,B_cldice,12,20,Q1_dimmest,190,6741,2151,0.55566,0.57106,0.70425,0.48024
B_cldice_s4,B_cldice,12,20,Q2,48,7686,2661,0.81613,0.83827,0.81879,0.8587
B_cldice_s4,B_cldice,12,20,Q3,6,7976,2374,0.90139,0.95523,0.93534,0.97599
B_cldice_s4,B_cldice,12,20,Q4_clearest,2,6087,1526,0.95859,0.99322,0.98974,0.99672
B_cldice_s4,B_cldice,13,0,Q1_dimmest,247,8947,3161,0.52617,0.48793,0.61592,0.40399
B_cldice_s4,B_cldice,13,0,Q2,58,7970,2798,0.80915,0.7911,0.76212,0.82237
B_cldice_s4,B_cldice,13,0,Q3,5,7295,2120,0.91222,0.95839,0.93797,0.97972
B_cldice_s4,B_cldice,13,0,Q4_clearest,0,8047,2107,0.97628,0.99718,0.99438,1.0
B_cldice_s4,B_cldice,13,20,Q1_dimmest,227,8947,3161,0.5224,0.47754,0.61797,0.38912
B_cldice_s4,B_cldice,13,20,Q2,53,7970,2798,0.80894,0.78897,0.77042,0.80843
B_cldice_s4,B_cldice,13,20,Q3,5,7295,2120,0.91232,0.9588,0.94137,0.97689
B_cldice_s4,B_cldice,13,20,Q4_clearest,0,8047,2107,0.97628,0.99718,0.99438,1.0
B_cldice_s4,B_cldice,14,0,Q1_dimmest,181,4886,1623,0.51288,0.51112,0.52788,0.49538
B_cldice_s4,B_cldice,14,0,Q2,56,6453,2243,0.78256,0.78275,0.71792,0.86045
B_cldice_s4,B_cldice,14,0,Q3,2,8104,2470,0.8789,0.94011,0.89248,0.99312
B_cldice_s4,B_cldice,14,0,Q4_clearest,1,7234,2022,0.94948,0.99038,0.98381,0.99703
B_cldice_s4,B_cldice,14,20,Q1_dimmest,165,4886,1623,0.51325,0.5145,0.5552,0.47936
B_cldice_s4,B_cldice,14,20,Q2,52,6453,2243,0.78166,0.77998,0.72503,0.84396
B_cldice_s4,B_cldice,14,20,Q3,2,8104,2470,0.88039,0.94479,0.90195,0.9919
B_cldice_s4,B_cldice,14,20,Q4_clearest,1,7234,2022,0.94948,0.99038,0.98381,0.99703
B_cldice_s4,B_cldice,15,0,Q1_dimmest,154,4357,1638,0.5311,0.5408,0.53532,0.5464
B_cldice_s4,B_cldice,15,0,Q2,26,5141,1751,0.76072,0.77468,0.67421,0.91034
B_cldice_s4,B_cldice,15,0,Q3,1,6066,1760,0.84156,0.91163,0.84002,0.99659
B_cldice_s4,B_cldice,15,0,Q4_clearest,0,8050,2502,0.92821,0.98085,0.96242,1.0
B_cldice_s4,B_cldice,15,20,Q1_dimmest,141,4357,1638,0.53044,0.54394,0.56078,0.52808
B_cldice_s4,B_cldice,15,20,Q2,20,5141,1751,0.76206,0.77871,0.69057,0.89263
B_cldice_s4,B_cldice,15,20,Q3,1,6066,1760,0.84357,0.9176,0.85021,0.99659
B_cldice_s4,B_cldice,15,20,Q4_clearest,0,8050,2502,0.92859,0.98201,0.96466,1.0
B_cldice_s4,B_cldice,16,0,Q1_dimmest,247,6445,1959,0.58152,0.61298,0.76246,0.51251
B_cldice_s4,B_cldice,16,0,Q2,50,6977,2256,0.84558,0.88544,0.89382,0.87722
B_cldice_s4,B_cldice,16,0,Q3,2,7630,2131,0.89693,0.95913,0.92711,0.99343
B_cldice_s4,B_cldice,16,0,Q4_clearest,0,8739,2466,0.93833,0.98797,0.97662,0.99959
B_cldice_s4,B_cldice,16,20,Q1_dimmest,224,6445,1959,0.57554,0.603,0.7624,0.49872
B_cldice_s4,B_cldice,16,20,Q2,46,6977,2256,0.84378,0.88283,0.90551,0.86126
B_cldice_s4,B_cldice,16,20,Q3,2,7630,2131,0.89831,0.96271,0.93509,0.99202
B_cldice_s4,B_cldice,16,20,Q4_clearest,0,8739,2466,0.93929,0.98999,0.98057,0.99959
B_cldice_s4,B_cldice,17,0,Q1_dimmest,237,7862,2585,0.5717,0.58815,0.75235,0.48279
B_cldice_s4,B_cldice,17,0,Q2,33,7104,2140,0.84289,0.87702,0.88071,0.87336
B_cldice_s4,B_cldice,17,0,Q3,1,7222,1826,0.9083,0.97516,0.96166,0.98905
B_cldice_s4,B_cldice,17,0,Q4_clearest,1,5664,1433,0.92934,0.98986,0.9881,0.99163
B_cldice_s4,B_cldice,17,20,Q1_dimmest,214,7862,2585,0.56666,0.58033,0.77608,0.46344
B_cldice_s4,B_cldice,17,20,Q2,31,7104,2140,0.84304,0.87961,0.89427,0.86542
B_cldice_s4,B_cldice,17,20,Q3,1,7222,1826,0.90903,0.97771,0.96663,0.98905
B_cldice_s4,B_cldice,17,20,Q4_clearest,1,5664,1433,0.92995,0.9916,0.99157,0.99163
B_cldice_s4,B_cldice,18,0,Q1_dimmest,165,4966,1759,0.62806,0.63757,0.74721,0.556
B_cldice_s4,B_cldice,18,0,Q2,41,6044,1968,0.81906,0.88392,0.87671,0.89126
B_cldice_s4,B_cldice,18,0,Q3,2,7429,2081,0.85537,0.96389,0.93877,0.99039
B_cldice_s4,B_cldice,18,0,Q4_clearest,0,7705,1851,0.89716,0.99236,0.98483,1.0
B_cldice_s4,B_cldice,18,20,Q1_dimmest,153,4966,1759,0.62807,0.64045,0.76812,0.54918
B_cldice_s4,B_cldice,18,20,Q2,39,6044,1968,0.81808,0.88201,0.88242,0.88161
B_cldice_s4,B_cldice,18,20,Q3,2,7429,2081,0.85637,0.96718,0.94679,0.98847
B_cldice_s4,B_cldice,18,20,Q4_clearest,0,7705,1851,0.89763,0.99341,0.9869,1.0
B_cldice_s4,B_cldice,19,0,Q1_dimmest,139,3731,1722,0.63563,0.65941,0.69372,0.62834
B_cldice_s4,B_cldice,19,0,Q2,42,6957,2067,0.8001,0.85367,0.78972,0.92888
B_cldice_s4,B_cldice,19,0,Q3,2,8771,2610,0.8916,0.96428,0.93879,0.99119
B_cldice_s4,B_cldice,19,0,Q4_clearest,0,7909,2077,0.96657,0.99486,0.99071,0.99904
B_cldice_s4,B_cldice,19,20,Q1_dimmest,128,3731,1722,0.63381,0.66081,0.70938,0.61847
B_cldice_s4,B_cldice,19,20,Q2,40,6957,2067,0.80559,0.86922,0.82092,0.92356
B_cldice_s4,B_cldice,19,20,Q3,2,8771,2610,0.89186,0.96562,0.94134,0.99119
B_cldice_s4,B_cldice,19,20,Q4_clearest,0,7909,2077,0.96657,0.99486,0.99071,0.99904
B_cldice_s4,B_cldice,20,0,Q1_dimmest,183,5411,1924,0.62681,0.6517,0.65584,0.64761
B_cldice_s4,B_cldice,20,0,Q2,18,7210,2225,0.81752,0.87064,0.80375,0.94966
B_cldice_s4,B_cldice,20,0,Q3,3,6951,2027,0.87815,0.95337,0.91796,0.99161
B_cldice_s4,B_cldice,20,0,Q4_clearest,1,4693,1197,0.94287,0.99208,0.9851,0.99916
B_cldice_s4,B_cldice,20,20,Q1_dimmest,165,5411,1924,0.62719,0.65321,0.67588,0.63202
B_cldice_s4,B_cldice,20,20,Q2,18,7210,2225,0.8201,0.87791,0.82128,0.94292
B_cldice_s4,B_cldice,20,20,Q3,3,6951,2027,0.88118,0.96134,0.93287,0.99161
B_cldice_s4,B_cldice,20,20,Q4_clearest,1,4693,1197,0.94287,0.99208,0.9851,0.99916
B_cldice_s5,B_cldice,01,0,Q1_dimmest,211,4597,1791,0.56809,0.56824,0.5709,0.56561
B_cldice_s5,B_cldice,01,0,Q2,70,6946,2500,0.79188,0.83366,0.77495,0.902
B_cldice_s5,B_cldice,01,0,Q3,11,8473,2538,0.86633,0.95483,0.93101,0.97991
B_cldice_s5,B_cldice,01,0,Q4_clearest,2,9424,2483,0.92928,0.99154,0.98478,0.99839
B_cldice_s5,B_cldice,01,20,Q1_dimmest,199,4597,1791,0.56634,0.5668,0.58596,0.54886
B_cldice_s5,B_cldice,01,20,Q2,66,6946,2500,0.79353,0.83922,0.79139,0.8932
B_cldice_s5,B_cldice,01,20,Q3,10,8473,2538,0.86715,0.95754,0.9387,0.97715
B_cldice_s5,B_cldice,01,20,Q4_clearest,2,9424,2483,0.92938,0.99154,0.98478,0.99839
B_cldice_s5,B_cldice,02,0,Q1_dimmest,250,5691,1790,0.48036,0.46345,0.49206,0.43799
B_cldice_s5,B_cldice,02,0,Q2,51,6606,1861,0.79968,0.78677,0.73143,0.85116
B_cldice_s5,B_cldice,02,0,Q3,4,8662,2260,0.9032,0.95363,0.92268,0.98673
B_cldice_s5,B_cldice,02,0,Q4_clearest,0,12831,3378,0.96603,0.99286,0.98581,1.0
B_cldice_s5,B_cldice,02,20,Q1_dimmest,223,5691,1790,0.47504,0.45191,0.51468,0.40279
B_cldice_s5,B_cldice,02,20,Q2,43,6606,1861,0.79876,0.78264,0.73727,0.83396
B_cldice_s5,B_cldice,02,20,Q3,4,8662,2260,0.90616,0.96368,0.94169,0.98673
B_cldice_s5,B_cldice,02,20,Q4_clearest,0,12831,3378,0.9661,0.99314,0.98637,1.0
B_cldice_s5,B_cldice,03,0,Q1_dimmest,296,10358,3377,0.49919,0.49969,0.55567,0.45395
B_cldice_s5,B_cldice,03,0,Q2,39,9353,2708,0.82761,0.85349,0.83152,0.87666
B_cldice_s5,B_cldice,03,0,Q3,7,8095,2089,0.93732,0.97174,0.96419,0.97942
B_cldice_s5,B_cldice,03,0,Q4_clearest,0,5087,1047,0.98834,0.99952,1.0,0.99904
B_cldice_s5,B_cldice,03,20,Q1_dimmest,283,10358,3377,0.50076,0.50528,0.58485,0.44477
B_cldice_s5,B_cldice,03,20,Q2,35,9353,2708,0.82756,0.85471,0.83754,0.8726
B_cldice_s5,B_cldice,03,20,Q3,7,8095,2089,0.93742,0.97216,0.96595,0.97846
B_cldice_s5,B_cldice,03,20,Q4_clearest,0,5087,1047,0.98834,0.99952,1.0,0.99904
B_cldice_s5,B_cldice,04,0,Q1_dimmest,230,7750,3035,0.49264,0.47568,0.6235,0.38451
B_cldice_s5,B_cldice,04,0,Q2,50,6017,1865,0.80548,0.83451,0.80069,0.87131
B_cldice_s5,B_cldice,04,0,Q3,5,6293,1680,0.91762,0.96411,0.94343,0.98571
B_cldice_s5,B_cldice,04,0,Q4_clearest,1,10294,2346,0.97361,0.98901,0.98446,0.99361
B_cldice_s5,B_cldice,04,20,Q1_dimmest,217,7750,3035,0.4924,0.47588,0.6472,0.37628
B_cldice_s5,B_cldice,04,20,Q2,47,6017,1865,0.8056,0.83519,0.807,0.86542
B_cldice_s5,B_cldice,04,20,Q3,5,6293,1680,0.91772,0.96494,0.94556,0.98512
B_cldice_s5,B_cldice,04,20,Q4_clearest,1,10294,2346,0.97361,0.98901,0.98446,0.99361
B_cldice_s5,B_cldice,05,0,Q1_dimmest,310,9685,3539,0.47701,0.43774,0.59111,0.34756
B_cldice_s5,B_cldice,05,0,Q2,35,7440,2198,0.84958,0.84297,0.81929,0.86806
B_cldice_s5,B_cldice,05,0,Q3,2,7606,2186,0.94208,0.98485,0.97493,0.99497
B_cldice_s5,B_cldice,05,0,Q4_clearest,0,6179,1663,0.97591,0.99772,0.99544,1.0
B_cldice_s5,B_cldice,05,20,Q1_dimmest,267,9685,3539,0.46985,0.42298,0.61891,0.32128
B_cldice_s5,B_cldice,05,20,Q2,32,7440,2198,0.84873,0.84036,0.83021,0.85077
B_cldice_s5,B_cldice,05,20,Q3,2,7606,2186,0.94188,0.98439,0.97535,0.9936
B_cldice_s5,B_cldice,05,20,Q4_clearest,0,6179,1663,0.97591,0.99772,0.99544,1.0
B_cldice_s5,B_cldice,06,0,Q1_dimmest,355,10790,3981,0.47959,0.47473,0.65735,0.37151
B_cldice_s5,B_cldice,06,0,Q2,49,7933,2378,0.83789,0.83766,0.84623,0.82927
B_cldice_s5,B_cldice,06,0,Q3,2,7891,2229,0.9534,0.98264,0.9701,0.99551
B_cldice_s5,B_cldice,06,0,Q4_clearest,0,5502,1401,0.98231,0.99894,0.99789,1.0
B_cldice_s5,B_cldice,06,20,Q1_dimmest,313,10790,3981,0.47638,0.46767,0.67979,0.35644
B_cldice_s5,B_cldice,06,20,Q2,44,7933,2378,0.83533,0.82964,0.85221,0.80824
B_cldice_s5,B_cldice,06,20,Q3,2,7891,2229,0.95326,0.98194,0.97087,0.99327
B_cldice_s5,B_cldice,06,20,Q4_clearest,0,5502,1401,0.98231,0.99894,0.99789,1.0
B_cldice_s5,B_cldice,07,0,Q1_dimmest,237,8316,2808,0.46876,0.44587,0.6074,0.35221
B_cldice_s5,B_cldice,07,0,Q2,44,7149,2172,0.81461,0.82617,0.83435,0.81814
B_cldice_s5,B_cldice,07,0,Q3,3,7254,1955,0.92225,0.96682,0.9525,0.98159
B_cldice_s5,B_cldice,07,0,Q4_clearest,0,7433,2033,0.97215,0.99585,0.99222,0.99951
B_cldice_s5,B_cldice,07,20,Q1_dimmest,221,8316,2808,0.46686,0.44066,0.63301,0.33796
B_cldice_s5,B_cldice,07,20,Q2,38,7149,2172,0.81541,0.82742,0.84677,0.80893
B_cldice_s5,B_cldice,07,20,Q3,3,7254,1955,0.92277,0.96823,0.95766,0.97903
B_cldice_s5,B_cldice,07,20,Q4_clearest,0,7433,2033,0.97215,0.99585,0.99222,0.99951
B_cldice_s5,B_cldice,08,0,Q1_dimmest,293,9976,3245,0.52509,0.5088,0.62514,0.42897
B_cldice_s5,B_cldice,08,0,Q2,33,8461,2479,0.84892,0.85416,0.8212,0.88987
B_cldice_s5,B_cldice,08,0,Q3,4,6640,1970,0.93559,0.97579,0.96406,0.98782
B_cldice_s5,B_cldice,08,0,Q4_clearest,0,3312,891,0.97387,0.99115,0.98904,0.99327
B_cldice_s5,B_cldice,08,20,Q1_dimmest,264,9976,3245,0.5274,0.51202,0.6656,0.41602
B_cldice_s5,B_cldice,08,20,Q2,33,8461,2479,0.84945,0.8544,0.83151,0.87858
B_cldice_s5,B_cldice,08,20,Q3,4,6640,1970,0.93599,0.97651,0.96547,0.98782
B_cldice_s5,B_cldice,08,20,Q4_clearest,0,3312,891,0.97387,0.99115,0.98904,0.99327
B_cldice_s5,B_cldice,09,0,Q1_dimmest,296,9368,3406,0.52998,0.53376,0.66853,0.44422
B_cldice_s5,B_cldice,09,0,Q2,38,7639,2383,0.8606,0.87761,0.85242,0.90432
B_cldice_s5,B_cldice,09,0,Q3,1,6249,1936,0.94568,0.98343,0.9713,0.99587
B_cldice_s5,B_cldice,09,0,Q4_clearest,0,3485,1001,0.98278,1.0,1.0,1.0
B_cldice_s5,B_cldice,09,20,Q1_dimmest,264,9368,3406,0.52414,0.52124,0.69036,0.41867
B_cldice_s5,B_cldice,09,20,Q2,36,7639,2383,0.86004,0.87647,0.85708,0.89677
B_cldice_s5,B_cldice,09,20,Q3,1,6249,1936,0.94576,0.98368,0.97179,0.99587
B_cldice_s5,B_cldice,09,20,Q4_clearest,0,3485,1001,0.98278,1.0,1.0,1.0
B_cldice_s5,B_cldice,10,0,Q1_dimmest,321,7560,3177,0.50665,0.47233,0.53015,0.42587
B_cldice_s5,B_cldice,10,0,Q2,49,6756,2369,0.82013,0.81679,0.77171,0.86745
B_cldice_s5,B_cldice,10,0,Q3,3,6741,2035,0.91113,0.96189,0.93474,0.99066
B_cldice_s5,B_cldice,10,0,Q4_clearest,0,6099,1556,0.95955,0.99408,0.98887,0.99936
B_cldice_s5,B_cldice,10,20,Q1_dimmest,286,7560,3177,0.507,0.47366,0.56708,0.40667
B_cldice_s5,B_cldice,10,20,Q2,43,6756,2369,0.81895,0.81329,0.77773,0.85226
B_cldice_s5,B_cldice,10,20,Q3,3,6741,2035,0.91172,0.96255,0.93953,0.98673
B_cldice_s5,B_cldice,10,20,Q4_clearest,0,6099,1556,0.9597,0.99474,0.99016,0.99936
B_cldice_s5,B_cldice,11,0,Q1_dimmest,347,6386,2930,0.44403,0.38924,0.48455,0.32526
B_cldice_s5,B_cldice,11,0,Q2,68,5601,2186,0.78473,0.75374,0.72371,0.78637
B_cldice_s5,B_cldice,11,0,Q3,8,6593,2129,0.86763,0.91236,0.8616,0.96947
B_cldice_s5,B_cldice,11,0,Q4_clearest,0,10959,3211,0.93949,0.98021,0.96204,0.99907
B_cldice_s5,B_cldice,11,20,Q1_dimmest,318,6386,2930,0.44009,0.37682,0.50363,0.30102
B_cldice_s5,B_cldice,11,20,Q2,62,5601,2186,0.78298,0.74813,0.72838,0.76898
B_cldice_s5,B_cldice,11,20,Q3,8,6593,2129,0.86775,0.91301,0.86389,0.96806
B_cldice_s5,B_cldice,11,20,Q4_clearest,0,10959,3211,0.93973,0.98097,0.96352,0.99907
B_cldice_s5,B_cldice,12,0,Q1_dimmest,252,6741,2151,0.55014,0.55485,0.6025,0.51418
B_cldice_s5,B_cldice,12,0,Q2,65,7686,2661,0.82762,0.84631,0.81629,0.87862
B_cldice_s5,B_cldice,12,0,Q3,6,7976,2374,0.90728,0.95715,0.9344,0.98104
B_cldice_s5,B_cldice,12,0,Q4_clearest,1,6087,1526,0.95915,0.99166,0.98601,0.99738
B_cldice_s5,B_cldice,12,20,Q1_dimmest,237,6741,2151,0.55061,0.55997,0.63368,0.50163
B_cldice_s5,B_cldice,12,20,Q2,59,7686,2661,0.82759,0.84687,0.82463,0.87035
B_cldice_s5,B_cldice,12,20,Q3,4,7976,2374,0.90728,0.95727,0.93655,0.97894
B_cldice_s5,B_cldice,12,20,Q4_clearest,1,6087,1526,0.95915,0.99166,0.98601,0.99738
B_cldice_s5,B_cldice,13,0,Q1_dimmest,308,8947,3161,0.52559,0.49954,0.59604,0.42993
B_cldice_s5,B_cldice,13,0,Q2,69,7970,2798,0.8222,0.81159,0.7766,0.84989
B_cldice_s5,B_cldice,13,0,Q3,6,7295,2120,0.92429,0.96443,0.94478,0.98491
B_cldice_s5,B_cldice,13,0,Q4_clearest,0,8047,2107,0.97764,0.99739,0.99479,1.0
B_cldice_s5,B_cldice,13,20,Q1_dimmest,273,8947,3161,0.52459,0.49813,0.63303,0.41063
B_cldice_s5,B_cldice,13,20,Q2,62,7970,2798,0.82126,0.80988,0.79213,0.82845
B_cldice_s5,B_cldice,13,20,Q3,6,7295,2120,0.92393,0.96316,0.94714,0.97972
B_cldice_s5,B_cldice,13,20,Q4_clearest,0,8047,2107,0.97764,0.99739,0.99479,1.0
B_cldice_s5,B_cldice,14,0,Q1_dimmest,223,4886,1623,0.49766,0.49832,0.50644,0.49045
B_cldice_s5,B_cldice,14,0,Q2,70,6453,2243,0.7864,0.78842,0.72689,0.86135
B_cldice_s5,B_cldice,14,0,Q3,3,8104,2470,0.89036,0.93849,0.89054,0.9919
B_cldice_s5,B_cldice,14,0,Q4_clearest,0,7234,2022,0.95202,0.99364,0.98737,1.0
B_cldice_s5,B_cldice,14,20,Q1_dimmest,196,4886,1623,0.49926,0.5047,0.54395,0.47073
B_cldice_s5,B_cldice,14,20,Q2,68,6453,2243,0.7857,0.7859,0.74012,0.83772
B_cldice_s5,B_cldice,14,20,Q3,3,8104,2470,0.89136,0.94155,0.8974,0.99028
B_cldice_s5,B_cldice,14,20,Q4_clearest,0,7234,2022,0.95202,0.99364,0.98737,1.0
B_cldice_s5,B_cldice,15,0,Q1_dimmest,159,4357,1638,0.5089,0.52364,0.49567,0.55495
B_cldice_s5,B_cldice,15,0,Q2,27,5141,1751,0.75236,0.76739,0.66203,0.91262
B_cldice_s5,B_cldice,15,0,Q3,2,6066,1760,0.84753,0.9115,0.8398,0.99659
B_cldice_s5,B_cldice,15,0,Q4_clearest,0,8050,2502,0.92971,0.97553,0.95224,1.0
B_cldice_s5,B_cldice,15,20,Q1_dimmest,150,4357,1638,0.51258,0.5351,0.52315,0.54762
B_cldice_s5,B_cldice,15,20,Q2,27,5141,1751,0.75743,0.78115,0.68601,0.90691
B_cldice_s5,B_cldice,15,20,Q3,2,6066,1760,0.85051,0.92101,0.85692,0.99545
B_cldice_s5,B_cldice,15,20,Q4_clearest,0,8050,2502,0.93192,0.98014,0.96105,1.0
B_cldice_s5,B_cldice,16,0,Q1_dimmest,277,6445,1959,0.54892,0.59572,0.72332,0.50638
B_cldice_s5,B_cldice,16,0,Q2,67,6977,2256,0.837,0.87423,0.87837,0.87012
B_cldice_s5,B_cldice,16,0,Q3,5,7630,2131,0.90596,0.96009,0.93223,0.98968
B_cldice_s5,B_cldice,16,0,Q4_clearest,1,8739,2466,0.93801,0.97855,0.95838,0.99959
B_cldice_s5,B_cldice,16,20,Q1_dimmest,255,6445,1959,0.55067,0.60324,0.75728,0.50128
B_cldice_s5,B_cldice,16,20,Q2,63,6977,2256,0.83878,0.87839,0.90255,0.8555
B_cldice_s5,B_cldice,16,20,Q3,5,7630,2131,0.90654,0.9621,0.93729,0.98827
B_cldice_s5,B_cldice,16,20,Q4_clearest,1,8739,2466,0.93907,0.98151,0.96406,0.99959
B_cldice_s5,B_cldice,17,0,Q1_dimmest,277,7862,2585,0.5643,0.58684,0.72431,0.49323
B_cldice_s5,B_cldice,17,0,Q2,44,7104,2140,0.84389,0.88238,0.87743,0.88738
B_cldice_s5,B_cldice,17,0,Q3,5,7222,1826,0.91429,0.97477,0.96454,0.98521
B_cldice_s5,B_cldice,17,0,Q4_clearest,1,5664,1433,0.93181,0.98848,0.97924,0.99791
B_cldice_s5,B_cldice,17,20,Q1_dimmest,258,7862,2585,0.56414,0.59068,0.76949,0.4793
B_cldice_s5,B_cldice,17,20,Q2,39,7104,2140,0.84528,0.88642,0.90138,0.87196
B_cldice_s5,B_cldice,17,20,Q3,5,7222,1826,0.91494,0.97727,0.96945,0.98521
B_cldice_s5,B_cldice,17,20,Q4_clearest,1,5664,1433,0.93188,0.98883,0.97992,0.99791
B_cldice_s5,B_cldice,18,0,Q1_dimmest,196,4966,1759,0.61237,0.62691,0.69528,0.57078
B_cldice_s5,B_cldice,18,0,Q2,40,6044,1968,0.8242,0.87183,0.84412,0.90142
B_cldice_s5,B_cldice,18,0,Q3,4,7429,2081,0.86293,0.96303,0.93714,0.99039
B_cldice_s5,B_cldice,18,0,Q4_clearest,0,7705,1851,0.89931,0.98713,0.97459,1.0
B_cldice_s5,B_cldice,18,20,Q1_dimmest,185,4966,1759,0.61597,0.63646,0.73913,0.55884
B_cldice_s5,B_cldice,18,20,Q2,37,6044,1968,0.82629,0.87788,0.86299,0.89329
B_cldice_s5,B_cldice,18,20,Q3,4,7429,2081,0.86508,0.97011,0.95109,0.98991
B_cldice_s5,B_cldice,18,20,Q4_clearest,0,7705,1851,0.9001,0.98994,0.98007,1.0
B_cldice_s5,B_cldice,19,0,Q1_dimmest,164,3731,1722,0.65041,0.67609,0.68517,0.66725
B_cldice_s5,B_cldice,19,0,Q2,35,6957,2067,0.79972,0.84415,0.76159,0.94678
B_cldice_s5,B_cldice,19,0,Q3,1,8771,2610,0.89555,0.96385,0.93491,0.99464
B_cldice_s5,B_cldice,19,0,Q4_clearest,0,7909,2077,0.96327,0.99681,0.99365,1.0
B_cldice_s5,B_cldice,19,20,Q1_dimmest,151,3731,1722,0.65273,0.68193,0.71526,0.65157
B_cldice_s5,B_cldice,19,20,Q2,32,6957,2067,0.80259,0.85416,0.78235,0.94049
B_cldice_s5,B_cldice,19,20,Q3,1,8771,2610,0.89728,0.96928,0.94588,0.99387
B_cldice_s5,B_cldice,19,20,Q4_clearest,0,7909,2077,0.96351,0.99779,0.99559,1.0
B_cldice_s5,B_cldice,20,0,Q1_dimmest,182,5411,1924,0.60916,0.62714,0.59648,0.66112
B_cldice_s5,B_cldice,20,0,Q2,20,7210,2225,0.8039,0.85043,0.77057,0.94876
B_cldice_s5,B_cldice,20,0,Q3,1,6951,2027,0.87033,0.94244,0.89509,0.99507
B_cldice_s5,B_cldice,20,0,Q4_clearest,1,4693,1197,0.9416,0.9866,0.97434,0.99916
B_cldice_s5,B_cldice,20,20,Q1_dimmest,176,5411,1924,0.6083,0.62748,0.60902,0.64709
B_cldice_s5,B_cldice,20,20,Q2,20,7210,2225,0.80882,0.86514,0.79633,0.94697
B_cldice_s5,B_cldice,20,20,Q3,1,6951,2027,0.87524,0.9569,0.92197,0.99457
B_cldice_s5,B_cldice,20,20,Q4_clearest,1,4693,1197,0.94096,0.98618,0.97432,0.99833
B_cldice_w32_s0,B_cldice_w32,01,0,Q1_dimmest,213,4597,1791,0.57093,0.55688,0.55376,0.56002
B_cldice_w32_s0,B_cldice_w32,01,0,Q2,56,6946,2500,0.78852,0.83233,0.7851,0.8856
B_cldice_w32_s0,B_cldice_w32,01,0,Q3,10,8473,2538,0.8592,0.95918,0.94077,0.97833
B_cldice_w32_s0,B_cldice_w32,01,0,Q4_clearest,0,9424,2483,0.92275,0.99102,0.98259,0.9996
B_cldice_w32_s0,B_cldice_w32,01,20,Q1_dimmest,197,4597,1791,0.57034,0.55731,0.57025,0.54495
B_cldice_w32_s0,B_cldice_w32,01,20,Q2,53,6946,2500,0.78809,0.83078,0.79262,0.8728
B_cldice_w32_s0,B_cldice_w32,01,20,Q3,9,8473,2538,0.85987,0.96063,0.94539,0.97636
B_cldice_w32_s0,B_cldice_w32,01,20,Q4_clearest,0,9424,2483,0.92302,0.99181,0.98415,0.9996
B_cldice_w32_s0,B_cldice_w32,02,0,Q1_dimmest,215,5691,1790,0.50971,0.46551,0.47021,0.46089
B_cldice_w32_s0,B_cldice_w32,02,0,Q2,47,6606,1861,0.80229,0.78665,0.72577,0.85868
B_cldice_w32_s0,B_cldice_w32,02,0,Q3,2,8662,2260,0.8986,0.9552,0.92139,0.99159
B_cldice_w32_s0,B_cldice_w32,02,0,Q4_clearest,0,12831,3378,0.96075,0.99203,0.98448,0.9997
B_cldice_w32_s0,B_cldice_w32,02,20,Q1_dimmest,192,5691,1790,0.50645,0.45353,0.48381,0.42682
B_cldice_w32_s0,B_cldice_w32,02,20,Q2,39,6606,1861,0.80135,0.78534,0.73582,0.84202
B_cldice_w32_s0,B_cldice_w32,02,20,Q3,2,8662,2260,0.89988,0.95898,0.92845,0.99159
B_cldice_w32_s0,B_cldice_w32,02,20,Q4_clearest,0,12831,3378,0.96082,0.99232,0.98504,0.9997
B_cldice_w32_s0,B_cldice_w32,03,0,Q1_dimmest,264,10358,3377,0.50659,0.49914,0.55214,0.45543
B_cldice_w32_s0,B_cldice_w32,03,0,Q2,37,9353,2708,0.81407,0.84313,0.8195,0.86817
B_cldice_w32_s0,B_cldice_w32,03,0,Q3,13,8095,2089,0.92667,0.96088,0.96391,0.95787
B_cldice_w32_s0,B_cldice_w32,03,0,Q4_clearest,0,5087,1047,0.98504,0.99904,1.0,0.99809
B_cldice_w32_s0,B_cldice_w32,03,20,Q1_dimmest,237,10358,3377,0.50481,0.49329,0.57166,0.43382
B_cldice_w32_s0,B_cldice_w32,03,20,Q2,31,9353,2708,0.81362,0.84256,0.8251,0.86078
B_cldice_w32_s0,B_cldice_w32,03,20,Q3,10,8095,2089,0.92638,0.96185,0.96782,0.95596
B_cldice_w32_s0,B_cldice_w32,03,20,Q4_clearest,0,5087,1047,0.98484,0.99857,1.0,0.99713
B_cldice_w32_s0,B_cldice_w32,04,0,Q1_dimmest,237,7750,3035,0.52065,0.46692,0.59273,0.38517
B_cldice_w32_s0,B_cldice_w32,04,0,Q2,40,6017,1865,0.81373,0.83639,0.80416,0.87131
B_cldice_w32_s0,B_cldice_w32,04,0,Q3,3,6293,1680,0.90758,0.96009,0.94284,0.97798
B_cldice_w32_s0,B_cldice_w32,04,0,Q4_clearest,1,10294,2346,0.96992,0.99018,0.98509,0.99531
B_cldice_w32_s0,B_cldice_w32,04,20,Q1_dimmest,223,7750,3035,0.52243,0.46678,0.61725,0.37529
B_cldice_w32_s0,B_cldice_w32,04,20,Q2,35,6017,1865,0.81357,0.83505,0.81099,0.86059
B_cldice_w32_s0,B_cldice_w32,04,20,Q3,3,6293,1680,0.90777,0.96068,0.94454,0.97738
B_cldice_w32_s0,B_cldice_w32,04,20,Q4_clearest,1,10294,2346,0.96992,0.99018,0.98509,0.99531
B_cldice_w32_s0,B_cldice_w32,05,0,Q1_dimmest,282,9685,3539,0.49346,0.42398,0.59918,0.32806
B_cldice_w32_s0,B_cldice_w32,05,0,Q2,26,7440,2198,0.84623,0.85078,0.82837,0.87443
B_cldice_w32_s0,B_cldice_w32,05,0,Q3,2,7606,2186,0.93561,0.98278,0.97352,0.99222
B_cldice_w32_s0,B_cldice_w32,05,0,Q4_clearest,1,6179,1663,0.97009,0.99292,0.99426,0.99158
B_cldice_w32_s0,B_cldice_w32,05,20,Q1_dimmest,258,9685,3539,0.48786,0.41207,0.61223,0.31054
B_cldice_w32_s0,B_cldice_w32,05,20,Q2,24,7440,2198,0.84659,0.85293,0.8413,0.86488
B_cldice_w32_s0,B_cldice_w32,05,20,Q3,2,7606,2186,0.93566,0.983,0.97396,0.99222
B_cldice_w32_s0,B_cldice_w32,05,20,Q4_clearest,1,6179,1663,0.97009,0.99292,0.99426,0.99158
B_cldice_w32_s0,B_cldice_w32,06,0,Q1_dimmest,353,10790,3981,0.50462,0.48415,0.63593,0.39086
B_cldice_w32_s0,B_cldice_w32,06,0,Q2,43,7933,2378,0.83905,0.83519,0.84914,0.8217
B_cldice_w32_s0,B_cldice_w32,06,0,Q3,0,7891,2229,0.94533,0.98377,0.97749,0.99013
B_cldice_w32_s0,B_cldice_w32,06,0,Q4_clearest,1,5502,1401,0.97545,0.99394,0.99791,0.99001
B_cldice_w32_s0,B_cldice_w32,06,20,Q1_dimmest,321,10790,3981,0.49647,0.46901,0.65355,0.36574
B_cldice_w32_s0,B_cldice_w32,06,20,Q2,35,7933,2378,0.83682,0.82962,0.85498,0.80572
B_cldice_w32_s0,B_cldice_w32,06,20,Q3,0,7891,2229,0.94512,0.98307,0.97831,0.98789
B_cldice_w32_s0,B_cldice_w32,06,20,Q4_clearest,1,5502,1401,0.97545,0.99394,0.99791,0.99001
B_cldice_w32_s0,B_cldice_w32,07,0,Q1_dimmest,216,8316,2808,0.49378,0.45107,0.60876,0.35826
B_cldice_w32_s0,B_cldice_w32,07,0,Q2,44,7149,2172,0.81688,0.81245,0.81229,0.81262
B_cldice_w32_s0,B_cldice_w32,07,0,Q3,3,7254,1955,0.91688,0.96393,0.94406,0.98465
B_cldice_w32_s0,B_cldice_w32,07,0,Q4_clearest,0,7433,2033,0.96721,0.99489,0.99127,0.99852
B_cldice_w32_s0,B_cldice_w32,07,20,Q1_dimmest,200,8316,2808,0.49597,0.45517,0.65168,0.34972
B_cldice_w32_s0,B_cldice_w32,07,20,Q2,41,7149,2172,0.81794,0.81405,0.82257,0.80571
B_cldice_w32_s0,B_cldice_w32,07,20,Q3,3,7254,1955,0.91741,0.9651,0.94821,0.98261
B_cldice_w32_s0,B_cldice_w32,07,20,Q4_clearest,0,7433,2033,0.96733,0.99513,0.99175,0.99852
B_cldice_w32_s0,B_cldice_w32,08,0,Q1_dimmest,264,9976,3245,0.54413,0.50367,0.60865,0.42958
B_cldice_w32_s0,B_cldice_w32,08,0,Q2,28,8461,2479,0.84692,0.84732,0.82068,0.87576
B_cldice_w32_s0,B_cldice_w32,08,0,Q3,4,6640,1970,0.93108,0.97154,0.96156,0.98173
B_cldice_w32_s0,B_cldice_w32,08,0,Q4_clearest,0,3312,891,0.97372,0.99112,0.98899,0.99327
B_cldice_w32_s0,B_cldice_w32,08,20,Q1_dimmest,246,9976,3245,0.54514,0.50498,0.63513,0.41911
B_cldice_w32_s0,B_cldice_w32,08,20,Q2,25,8461,2479,0.84766,0.84909,0.82796,0.87132
B_cldice_w32_s0,B_cldice_w32,08,20,Q3,4,6640,1970,0.93194,0.97396,0.96632,0.98173
B_cldice_w32_s0,B_cldice_w32,08,20,Q4_clearest,0,3312,891,0.97372,0.99112,0.98899,0.99327
B_cldice_w32_s0,B_cldice_w32,09,0,Q1_dimmest,275,9368,3406,0.55194,0.54464,0.67168,0.45802
B_cldice_w32_s0,B_cldice_w32,09,0,Q2,44,7639,2383,0.84492,0.8758,0.84717,0.90642
B_cldice_w32_s0,B_cldice_w32,09,0,Q3,3,6249,1936,0.91922,0.96764,0.97041,0.96488
B_cldice_w32_s0,B_cldice_w32,09,0,Q4_clearest,1,3485,1001,0.96059,0.97491,1.0,0.95105
B_cldice_w32_s0,B_cldice_w32,09,20,Q1_dimmest,253,9368,3406,0.54767,0.53487,0.68166,0.44011
B_cldice_w32_s0,B_cldice_w32,09,20,Q2,42,7639,2383,0.84417,0.87458,0.84969,0.90097
B_cldice_w32_s0,B_cldice_w32,09,20,Q3,2,6249,1936,0.91854,0.96683,0.97089,0.96281
B_cldice_w32_s0,B_cldice_w32,09,20,Q4_clearest,1,3485,1001,0.96044,0.97439,1.0,0.95005
B_cldice_w32_s0,B_cldice_w32,10,0,Q1_dimmest,274,7560,3177,0.53859,0.49313,0.53846,0.45483
B_cldice_w32_s0,B_cldice_w32,10,0,Q2,46,6756,2369,0.81778,0.82254,0.78034,0.86957
B_cldice_w32_s0,B_cldice_w32,10,0,Q3,2,6741,2035,0.90918,0.96194,0.93094,0.99509
B_cldice_w32_s0,B_cldice_w32,10,0,Q4_clearest,0,6099,1556,0.95528,0.99481,0.98967,1.0
B_cldice_w32_s0,B_cldice_w32,10,20,Q1_dimmest,260,7560,3177,0.54042,0.49486,0.56272,0.44161
B_cldice_w32_s0,B_cldice_w32,10,20,Q2,42,6756,2369,0.81728,0.82063,0.78377,0.86112
B_cldice_w32_s0,B_cldice_w32,10,20,Q3,1,6741,2035,0.90983,0.96356,0.93658,0.99214
B_cldice_w32_s0,B_cldice_w32,10,20,Q4_clearest,0,6099,1556,0.95536,0.99513,0.99031,1.0
B_cldice_w32_s0,B_cldice_w32,11,0,Q1_dimmest,299,6386,2930,0.48454,0.42363,0.53608,0.35017
B_cldice_w32_s0,B_cldice_w32,11,0,Q2,48,5601,2186,0.78423,0.75246,0.71382,0.79552
B_cldice_w32_s0,B_cldice_w32,11,0,Q3,12,6593,2129,0.86341,0.912,0.86928,0.95914
B_cldice_w32_s0,B_cldice_w32,11,0,Q4_clearest,1,10959,3211,0.93662,0.98162,0.96741,0.99626
B_cldice_w32_s0,B_cldice_w32,11,20,Q1_dimmest,268,6386,2930,0.47972,0.41238,0.55139,0.32935
B_cldice_w32_s0,B_cldice_w32,11,20,Q2,42,5601,2186,0.78387,0.75196,0.7263,0.77951
B_cldice_w32_s0,B_cldice_w32,11,20,Q3,11,6593,2129,0.86324,0.91142,0.87055,0.95632
B_cldice_w32_s0,B_cldice_w32,11,20,Q4_clearest,1,10959,3211,0.93661,0.98177,0.96769,0.99626
B_cldice_w32_s0,B_cldice_w32,12,0,Q1_dimmest,228,6741,2151,0.567,0.56286,0.62937,0.50907
B_cldice_w32_s0,B_cldice_w32,12,0,Q2,57,7686,2661,0.81565,0.83233,0.80489,0.86171
B_cldice_w32_s0,B_cldice_w32,12,0,Q3,6,7976,2374,0.89637,0.95227,0.92928,0.97641
B_cldice_w32_s0,B_cldice_w32,12,0,Q4_clearest,1,6087,1526,0.95634,0.99327,0.98919,0.99738
B_cldice_w32_s0,B_cldice_w32,12,20,Q1_dimmest,210,6741,2151,0.56563,0.56248,0.65105,0.49512
B_cldice_w32_s0,B_cldice_w32,12,20,Q2,51,7686,2661,0.81402,0.82761,0.80632,0.85006
B_cldice_w32_s0,B_cldice_w32,12,20,Q3,6,7976,2374,0.89652,0.95229,0.9328,0.97262
B_cldice_w32_s0,B_cldice_w32,12,20,Q4_clearest,1,6087,1526,0.95634,0.99327,0.98919,0.99738
B_cldice_w32_s0,B_cldice_w32,13,0,Q1_dimmest,278,8947,3161,0.55317,0.50853,0.60584,0.43815
B_cldice_w32_s0,B_cldice_w32,13,0,Q2,61,7970,2798,0.81365,0.80958,0.77831,0.84346
B_cldice_w32_s0,B_cldice_w32,13,0,Q3,3,7295,2120,0.91191,0.95489,0.93299,0.97783
B_cldice_w32_s0,B_cldice_w32,13,0,Q4_clearest,0,8047,2107,0.97485,0.9979,0.99581,1.0
B_cldice_w32_s0,B_cldice_w32,13,20,Q1_dimmest,252,8947,3161,0.55054,0.50357,0.62558,0.42139
B_cldice_w32_s0,B_cldice_w32,13,20,Q2,58,7970,2798,0.81475,0.81251,0.79817,0.82738
B_cldice_w32_s0,B_cldice_w32,13,20,Q3,3,7295,2120,0.91299,0.9567,0.93732,0.97689
B_cldice_w32_s0,B_cldice_w32,13,20,Q4_clearest,0,8047,2107,0.97485,0.9979,0.99581,1.0
B_cldice_w32_s0,B_cldice_w32,14,0,Q1_dimmest,193,4886,1623,0.53486,0.50991,0.49625,0.52434
B_cldice_w32_s0,B_cldice_w32,14,0,Q2,52,6453,2243,0.78624,0.77789,0.70296,0.87071
B_cldice_w32_s0,B_cldice_w32,14,0,Q3,2,8104,2470,0.87918,0.93555,0.8859,0.99109
B_cldice_w32_s0,B_cldice_w32,14,0,Q4_clearest,1,7234,2022,0.94655,0.99091,0.98486,0.99703
B_cldice_w32_s0,B_cldice_w32,14,20,Q1_dimmest,180,4886,1623,0.53781,0.51414,0.53083,0.49846
B_cldice_w32_s0,B_cldice_w32,14,20,Q2,48,6453,2243,0.78547,0.77551,0.70916,0.85555
B_cldice_w32_s0,B_cldice_w32,14,20,Q3,2,8104,2470,0.88003,0.93824,0.89107,0.99069
B_cldice_w32_s0,B_cldice_w32,14,20,Q4_clearest,1,7234,2022,0.94673,0.99164,0.9863,0.99703
B_cldice_w32_s0,B_cldice_w32,15,0,Q1_dimmest,159,4357,1638,0.54134,0.54279,0.5154,0.57326
B_cldice_w32_s0,B_cldice_w32,15,0,Q2,20,5141,1751,0.76207,0.78333,0.68261,0.9189
B_cldice_w32_s0,B_cldice_w32,15,0,Q3,3,6066,1760,0.84845,0.92346,0.86076,0.99602
B_cldice_w32_s0,B_cldice_w32,15,0,Q4_clearest,0,8050,2502,0.93122,0.98012,0.96101,1.0
B_cldice_w32_s0,B_cldice_w32,15,20,Q1_dimmest,150,4357,1638,0.54861,0.55952,0.55383,0.56532
B_cldice_w32_s0,B_cldice_w32,15,20,Q2,20,5141,1751,0.76959,0.8002,0.70968,0.91719
B_cldice_w32_s0,B_cldice_w32,15,20,Q3,3,6066,1760,0.85286,0.93377,0.87884,0.99602
B_cldice_w32_s0,B_cldice_w32,15,20,Q4_clearest,0,8050,2502,0.93327,0.98338,0.9673,1.0
B_cldice_w32_s0,B_cldice_w32,16,0,Q1_dimmest,240,6445,1959,0.58422,0.62538,0.71812,0.55385
B_cldice_w32_s0,B_cldice_w32,16,0,Q2,55,6977,2256,0.83684,0.88626,0.88424,0.8883
B_cldice_w32_s0,B_cldice_w32,16,0,Q3,2,7630,2131,0.8916,0.95882,0.93067,0.98874
B_cldice_w32_s0,B_cldice_w32,16,0,Q4_clearest,2,8739,2466,0.93049,0.97908,0.96164,0.99716
B_cldice_w32_s0,B_cldice_w32,16,20,Q1_dimmest,228,6445,1959,0.58423,0.62994,0.74592,0.54518
B_cldice_w32_s0,B_cldice_w32,16,20,Q2,51,6977,2256,0.83878,0.8933,0.90619,0.88076
B_cldice_w32_s0,B_cldice_w32,16,20,Q3,2,7630,2131,0.89336,0.96362,0.94102,0.98733
B_cldice_w32_s0,B_cldice_w32,16,20,Q4_clearest,2,8739,2466,0.93238,0.98398,0.97115,0.99716
B_cldice_w32_s0,B_cldice_w32,17,0,Q1_dimmest,262,7862,2585,0.58563,0.60689,0.75121,0.50909
B_cldice_w32_s0,B_cldice_w32,17,0,Q2,31,7104,2140,0.84033,0.88037,0.87211,0.88879
B_cldice_w32_s0,B_cldice_w32,17,0,Q3,3,7222,1826,0.90298,0.97183,0.9552,0.98905
B_cldice_w32_s0,B_cldice_w32,17,0,Q4_clearest,1,5664,1433,0.92514,0.98607,0.97785,0.99442
B_cldice_w32_s0,B_cldice_w32,17,20,Q1_dimmest,235,7862,2585,0.58371,0.60366,0.78463,0.49052
B_cldice_w32_s0,B_cldice_w32,17,20,Q2,27,7104,2140,0.84088,0.88287,0.89406,0.87196
B_cldice_w32_s0,B_cldice_w32,17,20,Q3,3,7222,1826,0.9034,0.97305,0.95859,0.98795
B_cldice_w32_s0,B_cldice_w32,17,20,Q4_clearest,1,5664,1433,0.92689,0.99091,0.98742,0.99442
B_cldice_w32_s0,B_cldice_w32,18,0,Q1_dimmest,190,4966,1759,0.62903,0.63741,0.71451,0.57533
B_cldice_w32_s0,B_cldice_w32,18,0,Q2,37,6044,1968,0.81463,0.87142,0.8483,0.89583
B_cldice_w32_s0,B_cldice_w32,18,0,Q3,4,7429,2081,0.84951,0.9558,0.92271,0.99135
B_cldice_w32_s0,B_cldice_w32,18,0,Q4_clearest,0,7705,1851,0.88899,0.98683,0.97503,0.99892
B_cldice_w32_s0,B_cldice_w32,18,20,Q1_dimmest,177,4966,1759,0.6311,0.64241,0.74521,0.56453
B_cldice_w32_s0,B_cldice_w32,18,20,Q2,34,6044,1968,0.81681,0.87688,0.86583,0.88821
B_cldice_w32_s0,B_cldice_w32,18,20,Q3,3,7429,2081,0.85213,0.96408,0.93828,0.99135
B_cldice_w32_s0,B_cldice_w32,18,20,Q4_clearest,0,7705,1851,0.89012,0.98989,0.98103,0.99892
B_cldice_w32_s0,B_cldice_w32,19,0,Q1_dimmest,135,3731,1722,0.63639,0.67051,0.6548,0.68699
B_cldice_w32_s0,B_cldice_w32,19,0,Q2,33,6957,2067,0.78366,0.8413,0.7623,0.93856
B_cldice_w32_s0,B_cldice_w32,19,0,Q3,5,8771,2610,0.88557,0.96464,0.93811,0.99272
B_cldice_w32_s0,B_cldice_w32,19,0,Q4_clearest,2,7909,2077,0.96016,0.99541,0.99277,0.99807
B_cldice_w32_s0,B_cldice_w32,19,20,Q1_dimmest,131,3731,1722,0.63849,0.67563,0.673,0.67828
B_cldice_w32_s0,B_cldice_w32,19,20,Q2,33,6957,2067,0.78883,0.85591,0.78801,0.93662
B_cldice_w32_s0,B_cldice_w32,19,20,Q3,5,8771,2610,0.88625,0.96649,0.94265,0.99157
B_cldice_w32_s0,B_cldice_w32,19,20,Q4_clearest,1,7909,2077,0.96016,0.99541,0.99277,0.99807
B_cldice_w32_s0,B_cldice_w32,20,0,Q1_dimmest,168,5411,1924,0.63188,0.64523,0.61785,0.67516
B_cldice_w32_s0,B_cldice_w32,20,0,Q2,23,7210,2225,0.80563,0.87276,0.80933,0.94697
B_cldice_w32_s0,B_cldice_w32,20,0,Q3,2,6951,2027,0.864,0.95349,0.91525,0.99507
B_cldice_w32_s0,B_cldice_w32,20,0,Q4_clearest,1,4693,1197,0.93348,0.98327,0.96945,0.99749
B_cldice_w32_s0,B_cldice_w32,20,20,Q1_dimmest,163,5411,1924,0.63638,0.65597,0.64449,0.66788
B_cldice_w32_s0,B_cldice_w32,20,20,Q2,21,7210,2225,0.80893,0.88322,0.82855,0.94562
B_cldice_w32_s0,B_cldice_w32,20,20,Q3,2,6951,2027,0.86688,0.96199,0.93103,0.99507
B_cldice_w32_s0,B_cldice_w32,20,20,Q4_clearest,1,4693,1197,0.93348,0.98327,0.96945,0.99749
B_cldice_w32_s1,B_cldice_w32,01,0,Q1_dimmest,190,4597,1791,0.60187,0.59883,0.58272,0.61586
B_cldice_w32_s1,B_cldice_w32,01,0,Q2,50,6946,2500,0.78614,0.84537,0.78574,0.9148
B_cldice_w32_s1,B_cldice_w32,01,0,Q3,4,8473,2538,0.85769,0.96391,0.94151,0.98739
B_cldice_w32_s1,B_cldice_w32,01,0,Q4_clearest,0,9424,2483,0.9241,0.99107,0.98308,0.99919
B_cldice_w32_s1,B_cldice_w32,01,20,Q1_dimmest,180,4597,1791,0.60291,0.60328,0.60077,0.60581
B_cldice_w32_s1,B_cldice_w32,01,20,Q2,49,6946,2500,0.78723,0.84905,0.79637,0.9092
B_cldice_w32_s1,B_cldice_w32,01,20,Q3,4,8473,2538,0.85846,0.96667,0.94826,0.98582
B_cldice_w32_s1,B_cldice_w32,01,20,Q4_clearest,0,9424,2483,0.92428,0.99147,0.98386,0.99919
B_cldice_w32_s1,B_cldice_w32,02,0,Q1_dimmest,233,5691,1790,0.51776,0.47088,0.46118,0.48101
B_cldice_w32_s1,B_cldice_w32,02,0,Q2,42,6606,1861,0.79722,0.79278,0.72262,0.87802
B_cldice_w32_s1,B_cldice_w32,02,0,Q3,3,8662,2260,0.89011,0.95144,0.91479,0.99115
B_cldice_w32_s1,B_cldice_w32,02,0,Q4_clearest,0,12831,3378,0.96095,0.99397,0.98802,1.0
B_cldice_w32_s1,B_cldice_w32,02,20,Q1_dimmest,214,5691,1790,0.51891,0.47631,0.49216,0.46145
B_cldice_w32_s1,B_cldice_w32,02,20,Q2,39,6606,1861,0.79726,0.79237,0.73245,0.86298
B_cldice_w32_s1,B_cldice_w32,02,20,Q3,3,8662,2260,0.89179,0.95643,0.92405,0.99115
B_cldice_w32_s1,B_cldice_w32,02,20,Q4_clearest,0,12831,3378,0.96113,0.99467,0.98939,1.0
B_cldice_w32_s1,B_cldice_w32,03,0,Q1_dimmest,261,10358,3377,0.53962,0.50969,0.57345,0.45869
B_cldice_w32_s1,B_cldice_w32,03,0,Q2,37,9353,2708,0.8303,0.85908,0.83747,0.88183
B_cldice_w32_s1,B_cldice_w32,03,0,Q3,9,8095,2089,0.92695,0.96847,0.96425,0.97271
B_cldice_w32_s1,B_cldice_w32,03,0,Q4_clearest,0,5087,1047,0.9871,0.9987,0.99741,1.0
B_cldice_w32_s1,B_cldice_w32,03,20,Q1_dimmest,231,10358,3377,0.53905,0.50724,0.59595,0.44152
B_cldice_w32_s1,B_cldice_w32,03,20,Q2,31,9353,2708,0.82934,0.85577,0.84129,0.87075
B_cldice_w32_s1,B_cldice_w32,03,20,Q3,8,8095,2089,0.92753,0.96998,0.96773,0.97224
B_cldice_w32_s1,B_cldice_w32,03,20,Q4_clearest,0,5087,1047,0.9871,0.9987,0.99741,1.0
B_cldice_w32_s1,B_cldice_w32,04,0,Q1_dimmest,225,7750,3035,0.52396,0.48126,0.60244,0.40066
B_cldice_w32_s1,B_cldice_w32,04,0,Q2,25,6017,1865,0.81137,0.83471,0.79437,0.87936
B_cldice_w32_s1,B_cldice_w32,04,0,Q3,6,6293,1680,0.90951,0.96716,0.95096,0.98393
B_cldice_w32_s1,B_cldice_w32,04,0,Q4_clearest,1,10294,2346,0.97092,0.98873,0.98306,0.99446
B_cldice_w32_s1,B_cldice_w32,04,20,Q1_dimmest,209,7750,3035,0.52276,0.47773,0.61283,0.39143
B_cldice_w32_s1,B_cldice_w32,04,20,Q2,23,6017,1865,0.81178,0.83461,0.79907,0.87346
B_cldice_w32_s1,B_cldice_w32,04,20,Q3,5,6293,1680,0.90995,0.96834,0.95435,0.98274
B_cldice_w32_s1,B_cldice_w32,04,20,Q4_clearest,1,10294,2346,0.97097,0.98893,0.98346,0.99446
B_cldice_w32_s1,B_cldice_w32,05,0,Q1_dimmest,274,9685,3539,0.5156,0.43847,0.59053,0.34869
B_cldice_w32_s1,B_cldice_w32,05,0,Q2,25,7440,2198,0.8502,0.85737,0.83804,0.87762
B_cldice_w32_s1,B_cldice_w32,05,0,Q3,0,7606,2186,0.93219,0.98383,0.97251,0.99543
B_cldice_w32_s1,B_cldice_w32,05,0,Q4_clearest,0,6179,1663,0.97368,0.99688,0.99379,1.0
B_cldice_w32_s1,B_cldice_w32,05,20,Q1_dimmest,254,9685,3539,0.51274,0.43232,0.6016,0.33738
B_cldice_w32_s1,B_cldice_w32,05,20,Q2,24,7440,2198,0.8498,0.85564,0.84143,0.87034
B_cldice_w32_s1,B_cldice_w32,05,20,Q3,0,7606,2186,0.93212,0.98361,0.97294,0.99451
B_cldice_w32_s1,B_cldice_w32,05,20,Q4_clearest,0,6179,1663,0.97368,0.99688,0.99379,1.0
B_cldice_w32_s1,B_cldice_w32,06,0,Q1_dimmest,337,10790,3981,0.53208,0.5032,0.64148,0.41397
B_cldice_w32_s1,B_cldice_w32,06,0,Q2,37,7933,2378,0.84718,0.84859,0.84731,0.84987
B_cldice_w32_s1,B_cldice_w32,06,0,Q3,1,7891,2229,0.94455,0.98266,0.97142,0.99417
B_cldice_w32_s1,B_cldice_w32,06,0,Q4_clearest,0,5502,1401,0.98101,0.99692,0.99386,1.0
B_cldice_w32_s1,B_cldice_w32,06,20,Q1_dimmest,318,10790,3981,0.53229,0.50286,0.66667,0.40367
B_cldice_w32_s1,B_cldice_w32,06,20,Q2,34,7933,2378,0.84752,0.84796,0.85586,0.8402
B_cldice_w32_s1,B_cldice_w32,06,20,Q3,1,7891,2229,0.94464,0.98241,0.97221,0.99282
B_cldice_w32_s1,B_cldice_w32,06,20,Q4_clearest,0,5502,1401,0.98101,0.99692,0.99386,1.0
B_cldice_w32_s1,B_cldice_w32,07,0,Q1_dimmest,211,8316,2808,0.51281,0.47565,0.60278,0.39281
B_cldice_w32_s1,B_cldice_w32,07,0,Q2,38,7149,2172,0.81174,0.82753,0.82497,0.83011
B_cldice_w32_s1,B_cldice_w32,07,0,Q3,6,7254,1955,0.9134,0.96409,0.94721,0.98159
B_cldice_w32_s1,B_cldice_w32,07,0,Q4_clearest,2,7433,2033,0.97016,0.99445,0.99139,0.99754
B_cldice_w32_s1,B_cldice_w32,07,20,Q1_dimmest,201,8316,2808,0.51383,0.47684,0.634,0.38212
B_cldice_w32_s1,B_cldice_w32,07,20,Q2,36,7149,2172,0.81216,0.82724,0.83131,0.8232
B_cldice_w32_s1,B_cldice_w32,07,20,Q3,5,7254,1955,0.91332,0.96427,0.9485,0.98056
B_cldice_w32_s1,B_cldice_w32,07,20,Q4_clearest,1,7433,2033,0.97009,0.99444,0.99185,0.99705
B_cldice_w32_s1,B_cldice_w32,08,0,Q1_dimmest,260,9976,3245,0.56268,0.5151,0.61556,0.44284
B_cldice_w32_s1,B_cldice_w32,08,0,Q2,33,8461,2479,0.85217,0.8588,0.83479,0.88423
B_cldice_w32_s1,B_cldice_w32,08,0,Q3,3,6640,1970,0.92864,0.9755,0.96446,0.9868
B_cldice_w32_s1,B_cldice_w32,08,0,Q4_clearest,0,3312,891,0.97462,0.99453,0.99132,0.99776
B_cldice_w32_s1,B_cldice_w32,08,20,Q1_dimmest,239,9976,3245,0.56212,0.51251,0.63716,0.42866
B_cldice_w32_s1,B_cldice_w32,08,20,Q2,28,8461,2479,0.85223,0.85729,0.84258,0.87253
B_cldice_w32_s1,B_cldice_w32,08,20,Q3,3,6640,1970,0.92894,0.9757,0.96631,0.98528
B_cldice_w32_s1,B_cldice_w32,08,20,Q4_clearest,0,3312,891,0.97491,0.99507,0.9924,0.99776
B_cldice_w32_s1,B_cldice_w32,09,0,Q1_dimmest,256,9368,3406,0.58371,0.56815,0.67427,0.4909
B_cldice_w32_s1,B_cldice_w32,09,0,Q2,24,7639,2383,0.85632,0.8811,0.84162,0.92446
B_cldice_w32_s1,B_cldice_w32,09,0,Q3,0,6249,1936,0.93679,0.98517,0.97273,0.99793
B_cldice_w32_s1,B_cldice_w32,09,0,Q4_clearest,0,3485,1001,0.9799,1.0,1.0,1.0
B_cldice_w32_s1,B_cldice_w32,09,20,Q1_dimmest,241,9368,3406,0.58368,0.56828,0.6969,0.47974
B_cldice_w32_s1,B_cldice_w32,09,20,Q2,21,7639,2383,0.85721,0.88272,0.84812,0.92027
B_cldice_w32_s1,B_cldice_w32,09,20,Q3,0,6249,1936,0.93686,0.98542,0.97322,0.99793
B_cldice_w32_s1,B_cldice_w32,09,20,Q4_clearest,0,3485,1001,0.9799,1.0,1.0,1.0
B_cldice_w32_s1,B_cldice_w32,10,0,Q1_dimmest,292,7560,3177,0.55655,0.51143,0.54808,0.47938
B_cldice_w32_s1,B_cldice_w32,10,0,Q2,32,6756,2369,0.81416,0.82908,0.77578,0.89025
B_cldice_w32_s1,B_cldice_w32,10,0,Q3,2,6741,2035,0.90374,0.96238,0.93175,0.99509
B_cldice_w32_s1,B_cldice_w32,10,0,Q4_clearest,0,6099,1556,0.95737,0.99419,0.98845,1.0
B_cldice_w32_s1,B_cldice_w32,10,20,Q1_dimmest,275,7560,3177,0.55515,0.50695,0.55826,0.46427
B_cldice_w32_s1,B_cldice_w32,10,20,Q2,30,6756,2369,0.81315,0.82567,0.77592,0.88223
B_cldice_w32_s1,B_cldice_w32,10,20,Q3,2,6741,2035,0.90399,0.96307,0.93305,0.99509
B_cldice_w32_s1,B_cldice_w32,10,20,Q4_clearest,0,6099,1556,0.95768,0.99548,0.99099,1.0
B_cldice_w32_s1,B_cldice_w32,11,0,Q1_dimmest,289,6386,2930,0.50285,0.44161,0.49393,0.39932
B_cldice_w32_s1,B_cldice_w32,11,0,Q2,48,5601,2186,0.77586,0.74986,0.68772,0.82434
B_cldice_w32_s1,B_cldice_w32,11,0,Q3,4,6593,2129,0.85538,0.91692,0.86977,0.96947
B_cldice_w32_s1,B_cldice_w32,11,0,Q4_clearest,0,10959,3211,0.93327,0.98225,0.96598,0.99907
B_cldice_w32_s1,B_cldice_w32,11,20,Q1_dimmest,269,6386,2930,0.50115,0.43832,0.51182,0.38328
B_cldice_w32_s1,B_cldice_w32,11,20,Q2,43,5601,2186,0.77646,0.74895,0.69702,0.80924
B_cldice_w32_s1,B_cldice_w32,11,20,Q3,4,6593,2129,0.8568,0.92033,0.87708,0.96806
B_cldice_w32_s1,B_cldice_w32,11,20,Q4_clearest,0,10959,3211,0.93327,0.98225,0.96598,0.99907
B_cldice_w32_s1,B_cldice_w32,12,0,Q1_dimmest,221,6741,2151,0.60141,0.58244,0.61207,0.55556
B_cldice_w32_s1,B_cldice_w32,12,0,Q2,40,7686,2661,0.82249,0.84898,0.80281,0.90079
B_cldice_w32_s1,B_cldice_w32,12,0,Q3,2,7976,2374,0.8947,0.96114,0.94009,0.98315
B_cldice_w32_s1,B_cldice_w32,12,0,Q4_clearest,1,6087,1526,0.95332,0.99114,0.98819,0.9941
B_cldice_w32_s1,B_cldice_w32,12,20,Q1_dimmest,210,6741,2151,0.60261,0.58718,0.63854,0.54347
B_cldice_w32_s1,B_cldice_w32,12,20,Q2,39,7686,2661,0.82284,0.85056,0.8102,0.89515
B_cldice_w32_s1,B_cldice_w32,12,20,Q3,2,7976,2374,0.89466,0.96089,0.94077,0.98189
B_cldice_w32_s1,B_cldice_w32,12,20,Q4_clearest,1,6087,1526,0.95347,0.99176,0.98942,0.9941
B_cldice_w32_s1,B_cldice_w32,13,0,Q1_dimmest,272,8947,3161,0.56165,0.52012,0.5782,0.47264
B_cldice_w32_s1,B_cldice_w32,13,0,Q2,52,7970,2798,0.81773,0.81701,0.7753,0.86347
B_cldice_w32_s1,B_cldice_w32,13,0,Q3,5,7295,2120,0.9102,0.96156,0.94449,0.97925
B_cldice_w32_s1,B_cldice_w32,13,0,Q4_clearest,0,8047,2107,0.97521,0.99743,0.99488,1.0
B_cldice_w32_s1,B_cldice_w32,13,20,Q1_dimmest,256,8947,3161,0.56349,0.52382,0.61158,0.45808
B_cldice_w32_s1,B_cldice_w32,13,20,Q2,48,7970,2798,0.81899,0.81949,0.7869,0.8549
B_cldice_w32_s1,B_cldice_w32,13,20,Q3,5,7295,2120,0.91042,0.96243,0.94663,0.97877
B_cldice_w32_s1,B_cldice_w32,13,20,Q4_clearest,0,8047,2107,0.97527,0.99767,0.99534,1.0
B_cldice_w32_s1,B_cldice_w32,14,0,Q1_dimmest,192,4886,1623,0.53342,0.50317,0.46309,0.55083
B_cldice_w32_s1,B_cldice_w32,14,0,Q2,48,6453,2243,0.78094,0.79124,0.71402,0.8872
B_cldice_w32_s1,B_cldice_w32,14,0,Q3,3,8104,2470,0.87074,0.94252,0.89683,0.99312
B_cldice_w32_s1,B_cldice_w32,14,0,Q4_clearest,0,7234,2022,0.94641,0.99136,0.98287,1.0
B_cldice_w32_s1,B_cldice_w32,14,20,Q1_dimmest,181,4886,1623,0.53536,0.50587,0.4804,0.5342
B_cldice_w32_s1,B_cldice_w32,14,20,Q2,43,6453,2243,0.78067,0.78981,0.71902,0.87606
B_cldice_w32_s1,B_cldice_w32,14,20,Q3,3,8104,2470,0.87151,0.94505,0.90208,0.99231
B_cldice_w32_s1,B_cldice_w32,14,20,Q4_clearest,0,7234,2022,0.94641,0.99136,0.98287,1.0
B_cldice_w32_s1,B_cldice_w32,15,0,Q1_dimmest,143,4357,1638,0.52499,0.52345,0.48118,0.57387
B_cldice_w32_s1,B_cldice_w32,15,0,Q2,14,5141,1751,0.73425,0.77028,0.6598,0.92519
B_cldice_w32_s1,B_cldice_w32,15,0,Q3,2,6066,1760,0.81837,0.90191,0.82327,0.99716
B_cldice_w32_s1,B_cldice_w32,15,0,Q4_clearest,0,8050,2502,0.92438,0.98035,0.96147,1.0
B_cldice_w32_s1,B_cldice_w32,15,20,Q1_dimmest,135,4357,1638,0.52826,0.53032,0.50132,0.56288
B_cldice_w32_s1,B_cldice_w32,15,20,Q2,12,5141,1751,0.73639,0.77605,0.67072,0.92062
B_cldice_w32_s1,B_cldice_w32,15,20,Q3,2,6066,1760,0.82377,0.91481,0.84502,0.99716
B_cldice_w32_s1,B_cldice_w32,15,20,Q4_clearest,0,8050,2502,0.92469,0.98093,0.96257,1.0
B_cldice_w32_s1,B_cldice_w32,16,0,Q1_dimmest,245,6445,1959,0.60608,0.62284,0.68399,0.57172
B_cldice_w32_s1,B_cldice_w32,16,0,Q2,52,6977,2256,0.83871,0.88243,0.87026,0.89495
B_cldice_w32_s1,B_cldice_w32,16,0,Q3,1,7630,2131,0.8838,0.95552,0.9196,0.99437
B_cldice_w32_s1,B_cldice_w32,16,0,Q4_clearest,1,8739,2466,0.93308,0.97986,0.96088,0.99959
B_cldice_w32_s1,B_cldice_w32,16,20,Q1_dimmest,237,6445,1959,0.61167,0.6373,0.72645,0.56764
B_cldice_w32_s1,B_cldice_w32,16,20,Q2,48,6977,2256,0.84119,0.8865,0.88428,0.88874
B_cldice_w32_s1,B_cldice_w32,16,20,Q3,1,7630,2131,0.88442,0.95773,0.9237,0.99437
B_cldice_w32_s1,B_cldice_w32,16,20,Q4_clearest,1,8739,2466,0.93348,0.98121,0.9635,0.99959
B_cldice_w32_s1,B_cldice_w32,17,0,Q1_dimmest,247,7862,2585,0.60918,0.62609,0.72646,0.5501
B_cldice_w32_s1,B_cldice_w32,17,0,Q2,42,7104,2140,0.8471,0.89326,0.8808,0.90607
B_cldice_w32_s1,B_cldice_w32,17,0,Q3,5,7222,1826,0.89942,0.97638,0.963,0.99014
B_cldice_w32_s1,B_cldice_w32,17,0,Q4_clearest,3,5664,1433,0.9221,0.9828,0.97548,0.99023
B_cldice_w32_s1,B_cldice_w32,17,20,Q1_dimmest,233,7862,2585,0.61076,0.62912,0.75492,0.53926
B_cldice_w32_s1,B_cldice_w32,17,20,Q2,38,7104,2140,0.84994,0.90133,0.90314,0.89953
B_cldice_w32_s1,B_cldice_w32,17,20,Q3,5,7222,1826,0.90025,0.97839,0.96796,0.98905
B_cldice_w32_s1,B_cldice_w32,17,20,Q4_clearest,3,5664,1433,0.9221,0.9828,0.97548,0.99023
B_cldice_w32_s1,B_cldice_w32,18,0,Q1_dimmest,187,4966,1759,0.64106,0.63688,0.65254,0.62194
B_cldice_w32_s1,B_cldice_w32,18,0,Q2,34,6044,1968,0.80825,0.87205,0.83666,0.91057
B_cldice_w32_s1,B_cldice_w32,18,0,Q3,1,7429,2081,0.84265,0.95965,0.92613,0.99568
B_cldice_w32_s1,B_cldice_w32,18,0,Q4_clearest,3,7705,1851,0.89232,0.98321,0.96952,0.9973
B_cldice_w32_s1,B_cldice_w32,18,20,Q1_dimmest,180,4966,1759,0.64858,0.65477,0.69916,0.61569
B_cldice_w32_s1,B_cldice_w32,18,20,Q2,34,6044,1968,0.81105,0.88035,0.85296,0.90955
B_cldice_w32_s1,B_cldice_w32,18,20,Q3,1,7429,2081,0.8444,0.96548,0.93706,0.99568
B_cldice_w32_s1,B_cldice_w32,18,20,Q4_clearest,3,7705,1851,0.89289,0.98521,0.97341,0.9973
B_cldice_w32_s1,B_cldice_w32,19,0,Q1_dimmest,131,3731,1722,0.64524,0.66928,0.66784,0.67073
B_cldice_w32_s1,B_cldice_w32,19,0,Q2,29,6957,2067,0.78568,0.84408,0.76147,0.94678
B_cldice_w32_s1,B_cldice_w32,19,0,Q3,0,8771,2610,0.88285,0.965,0.93675,0.99502
B_cldice_w32_s1,B_cldice_w32,19,0,Q4_clearest,0,7909,2077,0.96169,0.99592,0.99236,0.99952
B_cldice_w32_s1,B_cldice_w32,19,20,Q1_dimmest,126,3731,1722,0.65114,0.68243,0.69769,0.66783
B_cldice_w32_s1,B_cldice_w32,19,20,Q2,28,6957,2067,0.78889,0.85424,0.78148,0.94194
B_cldice_w32_s1,B_cldice_w32,19,20,Q3,0,8771,2610,0.8836,0.96687,0.94062,0.99464
B_cldice_w32_s1,B_cldice_w32,19,20,Q4_clearest,0,7909,2077,0.96169,0.99592,0.99236,0.99952
B_cldice_w32_s1,B_cldice_w32,20,0,Q1_dimmest,158,5411,1924,0.64102,0.65546,0.61377,0.70322
B_cldice_w32_s1,B_cldice_w32,20,0,Q2,13,7210,2225,0.79149,0.85482,0.77275,0.9564
B_cldice_w32_s1,B_cldice_w32,20,0,Q3,1,6951,2027,0.85158,0.94443,0.89829,0.99556
B_cldice_w32_s1,B_cldice_w32,20,0,Q4_clearest,0,4693,1197,0.93521,0.98652,0.9734,1.0
B_cldice_w32_s1,B_cldice_w32,20,20,Q1_dimmest,150,5411,1924,0.64225,0.65879,0.62667,0.69439
B_cldice_w32_s1,B_cldice_w32,20,20,Q2,10,7210,2225,0.79339,0.86171,0.7896,0.94831
B_cldice_w32_s1,B_cldice_w32,20,20,Q3,1,6951,2027,0.85242,0.94671,0.90243,0.99556
B_cldice_w32_s1,B_cldice_w32,20,20,Q4_clearest,0,4693,1197,0.93539,0.9873,0.97492,1.0
B_cldice_w32_s2,B_cldice_w32,01,0,Q1_dimmest,193,4597,1791,0.53521,0.56633,0.56931,0.56337
B_cldice_w32_s2,B_cldice_w32,01,0,Q2,54,6946,2500,0.78195,0.82918,0.77554,0.8908
B_cldice_w32_s2,B_cldice_w32,01,0,Q3,14,8473,2538,0.86792,0.95006,0.93674,0.96375
B_cldice_w32_s2,B_cldice_w32,01,0,Q4_clearest,0,9424,2483,0.93451,0.99228,0.98743,0.99718
B_cldice_w32_s2,B_cldice_w32,01,20,Q1_dimmest,173,4597,1791,0.52716,0.55402,0.57715,0.53266
B_cldice_w32_s2,B_cldice_w32,01,20,Q2,49,6946,2500,0.78104,0.82685,0.78228,0.8768
B_cldice_w32_s2,B_cldice_w32,01,20,Q3,14,8473,2538,0.8694,0.95487,0.94883,0.96099
B_cldice_w32_s2,B_cldice_w32,01,20,Q4_clearest,0,9424,2483,0.93451,0.99228,0.98743,0.99718
B_cldice_w32_s2,B_cldice_w32,02,0,Q1_dimmest,210,5691,1790,0.46347,0.47097,0.50857,0.43855
B_cldice_w32_s2,B_cldice_w32,02,0,Q2,39,6606,1861,0.78992,0.78678,0.73507,0.84632
B_cldice_w32_s2,B_cldice_w32,02,0,Q3,4,8662,2260,0.90879,0.95794,0.93198,0.9854
B_cldice_w32_s2,B_cldice_w32,02,0,Q4_clearest,1,12831,3378,0.97005,0.99428,0.98979,0.99882
B_cldice_w32_s2,B_cldice_w32,02,20,Q1_dimmest,186,5691,1790,0.45999,0.46416,0.53377,0.41061
B_cldice_w32_s2,B_cldice_w32,02,20,Q2,34,6606,1861,0.78891,0.78466,0.74386,0.8302
B_cldice_w32_s2,B_cldice_w32,02,20,Q3,4,8662,2260,0.90921,0.95989,0.93647,0.98451
B_cldice_w32_s2,B_cldice_w32,02,20,Q4_clearest,1,12831,3378,0.97005,0.99428,0.98979,0.99882
B_cldice_w32_s2,B_cldice_w32,03,0,Q1_dimmest,269,10358,3377,0.47126,0.49212,0.55304,0.44329
B_cldice_w32_s2,B_cldice_w32,03,0,Q2,36,9353,2708,0.8055,0.83211,0.81421,0.85081
B_cldice_w32_s2,B_cldice_w32,03,0,Q3,7,8095,2089,0.93558,0.96848,0.97048,0.96649
B_cldice_w32_s2,B_cldice_w32,03,0,Q4_clearest,0,5087,1047,0.99026,0.99904,1.0,0.99809
B_cldice_w32_s2,B_cldice_w32,03,20,Q1_dimmest,241,10358,3377,0.4672,0.48432,0.56616,0.42316
B_cldice_w32_s2,B_cldice_w32,03,20,Q2,31,9353,2708,0.80526,0.83378,0.82435,0.84343
B_cldice_w32_s2,B_cldice_w32,03,20,Q3,7,8095,2089,0.93603,0.96947,0.97491,0.9641
B_cldice_w32_s2,B_cldice_w32,03,20,Q4_clearest,0,5087,1047,0.99026,0.99904,1.0,0.99809
B_cldice_w32_s2,B_cldice_w32,04,0,Q1_dimmest,225,7750,3035,0.4764,0.46394,0.58934,0.38254
B_cldice_w32_s2,B_cldice_w32,04,0,Q2,34,6017,1865,0.79782,0.82022,0.78661,0.85684
B_cldice_w32_s2,B_cldice_w32,04,0,Q3,3,6293,1680,0.91865,0.96313,0.95042,0.97619
B_cldice_w32_s2,B_cldice_w32,04,0,Q4_clearest,0,10294,2346,0.97808,0.99516,0.99288,0.99744
B_cldice_w32_s2,B_cldice_w32,04,20,Q1_dimmest,202,7750,3035,0.4731,0.46047,0.6068,0.371
B_cldice_w32_s2,B_cldice_w32,04,20,Q2,31,6017,1865,0.79589,0.81496,0.78928,0.84236
B_cldice_w32_s2,B_cldice_w32,04,20,Q3,3,6293,1680,0.91848,0.96252,0.95036,0.975
B_cldice_w32_s2,B_cldice_w32,04,20,Q4_clearest,0,10294,2346,0.97808,0.99516,0.99288,0.99744
B_cldice_w32_s2,B_cldice_w32,05,0,Q1_dimmest,278,9685,3539,0.47029,0.44266,0.5873,0.35519
B_cldice_w32_s2,B_cldice_w32,05,0,Q2,20,7440,2198,0.84363,0.85052,0.82107,0.88217
B_cldice_w32_s2,B_cldice_w32,05,0,Q3,5,7606,2186,0.94223,0.98384,0.97738,0.99039
B_cldice_w32_s2,B_cldice_w32,05,0,Q4_clearest,0,6179,1663,0.98015,0.99797,0.99775,0.9982
B_cldice_w32_s2,B_cldice_w32,05,20,Q1_dimmest,260,9685,3539,0.46931,0.44145,0.61005,0.34586
B_cldice_w32_s2,B_cldice_w32,05,20,Q2,20,7440,2198,0.84413,0.8537,0.83393,0.87443
B_cldice_w32_s2,B_cldice_w32,05,20,Q3,4,7606,2186,0.94202,0.98292,0.97734,0.98856
B_cldice_w32_s2,B_cldice_w32,05,20,Q4_clearest,0,6179,1663,0.98015,0.99797,0.99775,0.9982
B_cldice_w32_s2,B_cldice_w32,06,0,Q1_dimmest,327,10790,3981,0.47608,0.48014,0.63409,0.38634
B_cldice_w32_s2,B_cldice_w32,06,0,Q2,35,7933,2378,0.82583,0.82486,0.84494,0.80572
B_cldice_w32_s2,B_cldice_w32,06,0,Q3,4,7891,2229,0.95367,0.98281,0.97647,0.98923
B_cldice_w32_s2,B_cldice_w32,06,0,Q4_clearest,0,5502,1401,0.98177,0.99582,0.99308,0.99857
B_cldice_w32_s2,B_cldice_w32,06,20,Q1_dimmest,292,10790,3981,0.47166,0.47225,0.65892,0.368
B_cldice_w32_s2,B_cldice_w32,06,20,Q2,30,7933,2378,0.82382,0.81904,0.85255,0.78806
B_cldice_w32_s2,B_cldice_w32,06,20,Q3,3,7891,2229,0.95364,0.98253,0.97855,0.98654
B_cldice_w32_s2,B_cldice_w32,06,20,Q4_clearest,0,5502,1401,0.98177,0.99582,0.99308,0.99857
B_cldice_w32_s2,B_cldice_w32,07,0,Q1_dimmest,230,8316,2808,0.45069,0.45898,0.63621,0.35897
B_cldice_w32_s2,B_cldice_w32,07,0,Q2,42,7149,2172,0.80557,0.81692,0.82317,0.81077
B_cldice_w32_s2,B_cldice_w32,07,0,Q3,7,7254,1955,0.92441,0.96693,0.96105,0.97289
B_cldice_w32_s2,B_cldice_w32,07,0,Q4_clearest,1,7433,2033,0.97589,0.99709,0.99566,0.99852
B_cldice_w32_s2,B_cldice_w32,07,20,Q1_dimmest,211,8316,2808,0.44405,0.44479,0.64646,0.33903
B_cldice_w32_s2,B_cldice_w32,07,20,Q2,38,7149,2172,0.80475,0.81389,0.83256,0.79604
B_cldice_w32_s2,B_cldice_w32,07,20,Q3,7,7254,1955,0.925,0.96814,0.96495,0.97136
B_cldice_w32_s2,B_cldice_w32,07,20,Q4_clearest,0,7433,2033,0.97548,0.99635,0.99565,0.99705
B_cldice_w32_s2,B_cldice_w32,08,0,Q1_dimmest,269,9976,3245,0.49576,0.49394,0.60322,0.41818
B_cldice_w32_s2,B_cldice_w32,08,0,Q2,18,8461,2479,0.84409,0.85315,0.82348,0.88503
B_cldice_w32_s2,B_cldice_w32,08,0,Q3,8,6640,1970,0.93627,0.97454,0.97093,0.97817
B_cldice_w32_s2,B_cldice_w32,08,0,Q4_clearest,0,3312,891,0.97963,0.99226,0.99462,0.9899
B_cldice_w32_s2,B_cldice_w32,08,20,Q1_dimmest,237,9976,3245,0.49182,0.48714,0.62968,0.39723
B_cldice_w32_s2,B_cldice_w32,08,20,Q2,16,8461,2479,0.84356,0.85225,0.83289,0.87253
B_cldice_w32_s2,B_cldice_w32,08,20,Q3,8,6640,1970,0.93633,0.97477,0.97189,0.97766
B_cldice_w32_s2,B_cldice_w32,08,20,Q4_clearest,0,3312,891,0.97963,0.99226,0.99462,0.9899
B_cldice_w32_s2,B_cldice_w32,09,0,Q1_dimmest,254,9368,3406,0.51634,0.5471,0.66609,0.46418
B_cldice_w32_s2,B_cldice_w32,09,0,Q2,34,7639,2383,0.84754,0.87494,0.83981,0.91313
B_cldice_w32_s2,B_cldice_w32,09,0,Q3,2,6249,1936,0.94609,0.9816,0.9697,0.9938
B_cldice_w32_s2,B_cldice_w32,09,0,Q4_clearest,3,3485,1001,0.97681,0.99296,1.0,0.98601
B_cldice_w32_s2,B_cldice_w32,09,20,Q1_dimmest,226,9368,3406,0.51107,0.53752,0.67908,0.4448
B_cldice_w32_s2,B_cldice_w32,09,20,Q2,29,7639,2383,0.84674,0.87325,0.8457,0.90264
B_cldice_w32_s2,B_cldice_w32,09,20,Q3,2,6249,1936,0.94623,0.98211,0.9707,0.9938
B_cldice_w32_s2,B_cldice_w32,09,20,Q4_clearest,2,3485,1001,0.97521,0.99093,1.0,0.98202
B_cldice_w32_s2,B_cldice_w32,10,0,Q1_dimmest,280,7560,3177,0.51401,0.51005,0.55072,0.47498
B_cldice_w32_s2,B_cldice_w32,10,0,Q2,38,6756,2369,0.80875,0.80848,0.74977,0.87716
B_cldice_w32_s2,B_cldice_w32,10,0,Q3,2,6741,2035,0.91613,0.96301,0.93423,0.99361
B_cldice_w32_s2,B_cldice_w32,10,0,Q4_clearest,1,6099,1556,0.96495,0.99515,0.99099,0.99936
B_cldice_w32_s2,B_cldice_w32,10,20,Q1_dimmest,260,7560,3177,0.51395,0.51153,0.57092,0.46333
B_cldice_w32_s2,B_cldice_w32,10,20,Q2,37,6756,2369,0.80784,0.80599,0.75297,0.86703
B_cldice_w32_s2,B_cldice_w32,10,20,Q3,2,6741,2035,0.91651,0.96368,0.93813,0.99066
B_cldice_w32_s2,B_cldice_w32,10,20,Q4_clearest,1,6099,1556,0.96495,0.99515,0.99099,0.99936
B_cldice_w32_s2,B_cldice_w32,11,0,Q1_dimmest,297,6386,2930,0.42484,0.39982,0.5136,0.3273
B_cldice_w32_s2,B_cldice_w32,11,0,Q2,48,5601,2186,0.76694,0.73993,0.7091,0.77356
B_cldice_w32_s2,B_cldice_w32,11,0,Q3,11,6593,2129,0.8722,0.91316,0.87451,0.95538
B_cldice_w32_s2,B_cldice_w32,11,0,Q4_clearest,1,10959,3211,0.94694,0.98391,0.97216,0.99595
B_cldice_w32_s2,B_cldice_w32,11,20,Q1_dimmest,273,6386,2930,0.41786,0.38457,0.51898,0.30546
B_cldice_w32_s2,B_cldice_w32,11,20,Q2,44,5601,2186,0.76563,0.73665,0.71363,0.76121
B_cldice_w32_s2,B_cldice_w32,11,20,Q3,11,6593,2129,0.87269,0.91427,0.87775,0.95397
B_cldice_w32_s2,B_cldice_w32,11,20,Q4_clearest,1,10959,3211,0.94694,0.98391,0.97216,0.99595
B_cldice_w32_s2,B_cldice_w32,12,0,Q1_dimmest,214,6741,2151,0.53997,0.57548,0.63083,0.52906
B_cldice_w32_s2,B_cldice_w32,12,0,Q2,55,7686,2661,0.81371,0.83465,0.80564,0.86584
B_cldice_w32_s2,B_cldice_w32,12,0,Q3,4,7976,2374,0.90353,0.95321,0.93339,0.97388
B_cldice_w32_s2,B_cldice_w32,12,0,Q4_clearest,1,6087,1526,0.961,0.99296,0.99118,0.99476
B_cldice_w32_s2,B_cldice_w32,12,20,Q1_dimmest,187,6741,2151,0.53514,0.56794,0.64519,0.50721
B_cldice_w32_s2,B_cldice_w32,12,20,Q2,42,7686,2661,0.81224,0.8318,0.81639,0.8478
B_cldice_w32_s2,B_cldice_w32,12,20,Q3,4,7976,2374,0.90385,0.95391,0.9363,0.9722
B_cldice_w32_s2,B_cldice_w32,12,20,Q4_clearest,1,6087,1526,0.961,0.99296,0.99118,0.99476
B_cldice_w32_s2,B_cldice_w32,13,0,Q1_dimmest,271,8947,3161,0.50552,0.49929,0.58939,0.43309
B_cldice_w32_s2,B_cldice_w32,13,0,Q2,55,7970,2798,0.80163,0.79861,0.76446,0.83595
B_cldice_w32_s2,B_cldice_w32,13,0,Q3,3,7295,2120,0.92138,0.95924,0.9409,0.9783
B_cldice_w32_s2,B_cldice_w32,13,0,Q4_clearest,0,8047,2107,0.97959,0.99883,0.99766,1.0
B_cldice_w32_s2,B_cldice_w32,13,20,Q1_dimmest,246,8947,3161,0.50278,0.49314,0.60741,0.41506
B_cldice_w32_s2,B_cldice_w32,13,20,Q2,51,7970,2798,0.79949,0.7931,0.76897,0.8188
B_cldice_w32_s2,B_cldice_w32,13,20,Q3,3,7295,2120,0.92177,0.96058,0.94437,0.97736
B_cldice_w32_s2,B_cldice_w32,13,20,Q4_clearest,0,8047,2107,0.97959,0.99883,0.99766,1.0
B_cldice_w32_s2,B_cldice_w32,14,0,Q1_dimmest,193,4886,1623,0.49149,0.51253,0.49956,0.52619
B_cldice_w32_s2,B_cldice_w32,14,0,Q2,39,6453,2243,0.78048,0.77758,0.70187,0.8716
B_cldice_w32_s2,B_cldice_w32,14,0,Q3,4,8104,2470,0.88962,0.94257,0.90192,0.98704
B_cldice_w32_s2,B_cldice_w32,14,0,Q4_clearest,0,7234,2022,0.95566,0.99559,0.99123,1.0
B_cldice_w32_s2,B_cldice_w32,14,20,Q1_dimmest,179,4886,1623,0.49473,0.52188,0.52885,0.5151
B_cldice_w32_s2,B_cldice_w32,14,20,Q2,39,6453,2243,0.78326,0.78268,0.71749,0.8609
B_cldice_w32_s2,B_cldice_w32,14,20,Q3,4,8104,2470,0.89004,0.94354,0.90438,0.98623
B_cldice_w32_s2,B_cldice_w32,14,20,Q4_clearest,0,7234,2022,0.95566,0.99559,0.99123,1.0
B_cldice_w32_s2,B_cldice_w32,15,0,Q1_dimmest,160,4357,1638,0.51312,0.53092,0.48236,0.59035
B_cldice_w32_s2,B_cldice_w32,15,0,Q2,18,5141,1751,0.76347,0.78836,0.68275,0.93261
B_cldice_w32_s2,B_cldice_w32,15,0,Q3,1,6066,1760,0.85657,0.92631,0.86572,0.99602
B_cldice_w32_s2,B_cldice_w32,15,0,Q4_clearest,0,8050,2502,0.93647,0.98471,0.96987,1.0
B_cldice_w32_s2,B_cldice_w32,15,20,Q1_dimmest,149,4357,1638,0.51932,0.5466,0.51832,0.57814
B_cldice_w32_s2,B_cldice_w32,15,20,Q2,16,5141,1751,0.76729,0.80095,0.70613,0.92519
B_cldice_w32_s2,B_cldice_w32,15,20,Q3,1,6066,1760,0.85891,0.93421,0.87961,0.99602
B_cldice_w32_s2,B_cldice_w32,15,20,Q4_clearest,0,8050,2502,0.93696,0.98625,0.97288,1.0
B_cldice_w32_s2,B_cldice_w32,16,0,Q1_dimmest,235,6445,1959,0.56703,0.62624,0.72475,0.5513
B_cldice_w32_s2,B_cldice_w32,16,0,Q2,44,6977,2256,0.84788,0.88707,0.89715,0.87722
B_cldice_w32_s2,B_cldice_w32,16,0,Q3,2,7630,2131,0.91008,0.966,0.943,0.99015
B_cldice_w32_s2,B_cldice_w32,16,0,Q4_clearest,1,8739,2466,0.94598,0.98588,0.97254,0.99959
B_cldice_w32_s2,B_cldice_w32,16,20,Q1_dimmest,220,6445,1959,0.56899,0.63508,0.76049,0.54518
B_cldice_w32_s2,B_cldice_w32,16,20,Q2,39,6977,2256,0.84848,0.88892,0.91146,0.86746
B_cldice_w32_s2,B_cldice_w32,16,20,Q3,2,7630,2131,0.91023,0.96631,0.9453,0.98827
B_cldice_w32_s2,B_cldice_w32,16,20,Q4_clearest,1,8739,2466,0.94598,0.98588,0.97254,0.99959
B_cldice_w32_s2,B_cldice_w32,17,0,Q1_dimmest,238,7862,2585,0.54529,0.58369,0.75287,0.4766
B_cldice_w32_s2,B_cldice_w32,17,0,Q2,38,7104,2140,0.83734,0.87204,0.89115,0.85374
B_cldice_w32_s2,B_cldice_w32,17,0,Q3,6,7222,1826,0.91442,0.97088,0.9741,0.96769
B_cldice_w32_s2,B_cldice_w32,17,0,Q4_clearest,0,5664,1433,0.93529,0.99033,0.98765,0.99302
B_cldice_w32_s2,B_cldice_w32,17,20,Q1_dimmest,214,7862,2585,0.54172,0.58308,0.79505,0.46035
B_cldice_w32_s2,B_cldice_w32,17,20,Q2,36,7104,2140,0.83662,0.87351,0.90741,0.84206
B_cldice_w32_s2,B_cldice_w32,17,20,Q3,6,7222,1826,0.91446,0.97208,0.97764,0.96659
B_cldice_w32_s2,B_cldice_w32,17,20,Q4_clearest,0,5664,1433,0.93544,0.99101,0.989,0.99302
B_cldice_w32_s2,B_cldice_w32,18,0,Q1_dimmest,184,4966,1759,0.59557,0.61231,0.68217,0.55543
B_cldice_w32_s2,B_cldice_w32,18,0,Q2,45,6044,1968,0.81573,0.87241,0.86984,0.875
B_cldice_w32_s2,B_cldice_w32,18,0,Q3,8,7429,2081,0.86926,0.97203,0.95839,0.98606
B_cldice_w32_s2,B_cldice_w32,18,0,Q4_clearest,2,7705,1851,0.90609,0.98918,0.98223,0.99622
B_cldice_w32_s2,B_cldice_w32,18,20,Q1_dimmest,172,4966,1759,0.59676,0.61868,0.7131,0.54633
B_cldice_w32_s2,B_cldice_w32,18,20,Q2,38,6044,1968,0.81472,0.87274,0.87974,0.86585
B_cldice_w32_s2,B_cldice_w32,18,20,Q3,8,7429,2081,0.8696,0.97352,0.96266,0.98462
B_cldice_w32_s2,B_cldice_w32,18,20,Q4_clearest,2,7705,1851,0.90614,0.98943,0.98273,0.99622
B_cldice_w32_s2,B_cldice_w32,19,0,Q1_dimmest,124,3731,1722,0.649,0.6795,0.67162,0.68757
B_cldice_w32_s2,B_cldice_w32,19,0,Q2,30,6957,2067,0.79501,0.83702,0.75282,0.94243
B_cldice_w32_s2,B_cldice_w32,19,0,Q3,3,8771,2610,0.89961,0.96363,0.93688,0.99195
B_cldice_w32_s2,B_cldice_w32,19,0,Q4_clearest,0,7909,2077,0.97018,0.99782,0.99708,0.99856
B_cldice_w32_s2,B_cldice_w32,19,20,Q1_dimmest,115,3731,1722,0.64874,0.68227,0.6869,0.6777
B_cldice_w32_s2,B_cldice_w32,19,20,Q2,29,6957,2067,0.79871,0.84968,0.77518,0.94001
B_cldice_w32_s2,B_cldice_w32,19,20,Q3,3,8771,2610,0.89993,0.96477,0.93937,0.99157
B_cldice_w32_s2,B_cldice_w32,19,20,Q4_clearest,0,7909,2077,0.97018,0.99782,0.99708,0.99856
B_cldice_w32_s2,B_cldice_w32,20,0,Q1_dimmest,176,5411,1924,0.60806,0.63835,0.59882,0.68347
B_cldice_w32_s2,B_cldice_w32,20,0,Q2,20,7210,2225,0.81022,0.86628,0.79106,0.9573
B_cldice_w32_s2,B_cldice_w32,20,0,Q3,4,6951,2027,0.88052,0.95367,0.91852,0.99161
B_cldice_w32_s2,B_cldice_w32,20,0,Q4_clearest,1,4693,1197,0.94484,0.98474,0.97152,0.99833
B_cldice_w32_s2,B_cldice_w32,20,20,Q1_dimmest,167,5411,1924,0.61305,0.65032,0.62679,0.67568
B_cldice_w32_s2,B_cldice_w32,20,20,Q2,17,7210,2225,0.81372,0.87609,0.81212,0.95101
B_cldice_w32_s2,B_cldice_w32,20,20,Q3,4,6951,2027,0.88313,0.96087,0.9324,0.99112
B_cldice_w32_s2,B_cldice_w32,20,20,Q4_clearest,1,4693,1197,0.94473,0.98473,0.97149,0.99833
B_cldice_w64_d5_s0,B_cldice_w64_d5,01,0,Q1_dimmest,220,4597,1791,0.57086,0.5637,0.6,0.53155
B_cldice_w64_d5_s0,B_cldice_w64_d5,01,0,Q2,53,6946,2500,0.79181,0.8446,0.80491,0.8884
B_cldice_w64_d5_s0,B_cldice_w64_d5,01,0,Q3,15,8473,2538,0.87346,0.96098,0.94423,0.97833
B_cldice_w64_d5_s0,B_cldice_w64_d5,01,0,Q4_clearest,1,9424,2483,0.93218,0.99026,0.98422,0.99638
B_cldice_w64_d5_s0,B_cldice_w64_d5,01,20,Q1_dimmest,210,4597,1791,0.57164,0.56546,0.61442,0.52373
B_cldice_w64_d5_s0,B_cldice_w64_d5,01,20,Q2,49,6946,2500,0.79214,0.84561,0.81518,0.8784
B_cldice_w64_d5_s0,B_cldice_w64_d5,01,20,Q3,13,8473,2538,0.87328,0.96165,0.94737,0.97636
B_cldice_w64_d5_s0,B_cldice_w64_d5,01,20,Q4_clearest,1,9424,2483,0.93218,0.99026,0.98422,0.99638
B_cldice_w64_d5_s0,B_cldice_w64_d5,02,0,Q1_dimmest,249,5691,1790,0.47861,0.44643,0.47555,0.42067
B_cldice_w64_d5_s0,B_cldice_w64_d5,02,0,Q2,59,6606,1861,0.79042,0.78701,0.74294,0.83665
B_cldice_w64_d5_s0,B_cldice_w64_d5,02,0,Q3,5,8662,2260,0.9029,0.95174,0.91954,0.98628
B_cldice_w64_d5_s0,B_cldice_w64_d5,02,0,Q4_clearest,1,12831,3378,0.96716,0.9931,0.98744,0.99882
B_cldice_w64_d5_s0,B_cldice_w64_d5,02,20,Q1_dimmest,236,5691,1790,0.47814,0.44731,0.49861,0.40559
B_cldice_w64_d5_s0,B_cldice_w64_d5,02,20,Q2,55,6606,1861,0.78927,0.78286,0.74985,0.81891
B_cldice_w64_d5_s0,B_cldice_w64_d5,02,20,Q3,5,8662,2260,0.90338,0.95383,0.92383,0.98584
B_cldice_w64_d5_s0,B_cldice_w64_d5,02,20,Q4_clearest,1,12831,3378,0.96731,0.99366,0.98855,0.99882
B_cldice_w64_d5_s0,B_cldice_w64_d5,03,0,Q1_dimmest,280,10358,3377,0.50666,0.50425,0.6037,0.43293
B_cldice_w64_d5_s0,B_cldice_w64_d5,03,0,Q2,52,9353,2708,0.8261,0.85846,0.85432,0.86263
B_cldice_w64_d5_s0,B_cldice_w64_d5,03,0,Q3,3,8095,2089,0.93688,0.97581,0.97795,0.97367
B_cldice_w64_d5_s0,B_cldice_w64_d5,03,0,Q4_clearest,0,5087,1047,0.98792,0.99809,1.0,0.99618
B_cldice_w64_d5_s0,B_cldice_w64_d5,03,20,Q1_dimmest,262,10358,3377,0.50491,0.50038,0.61838,0.4202
B_cldice_w64_d5_s0,B_cldice_w64_d5,03,20,Q2,50,9353,2708,0.82586,0.85868,0.86064,0.85672
B_cldice_w64_d5_s0,B_cldice_w64_d5,03,20,Q3,3,8095,2089,0.93686,0.97603,0.97839,0.97367
B_cldice_w64_d5_s0,B_cldice_w64_d5,03,20,Q4_clearest,0,5087,1047,0.98792,0.99809,1.0,0.99618
B_cldice_w64_d5_s0,B_cldice_w64_d5,04,0,Q1_dimmest,247,7750,3035,0.47955,0.45323,0.62196,0.35651
B_cldice_w64_d5_s0,B_cldice_w64_d5,04,0,Q2,37,6017,1865,0.801,0.83017,0.80229,0.86005
B_cldice_w64_d5_s0,B_cldice_w64_d5,04,0,Q3,4,6293,1680,0.91622,0.95954,0.94068,0.97917
B_cldice_w64_d5_s0,B_cldice_w64_d5,04,0,Q4_clearest,1,10294,2346,0.97576,0.9937,0.98873,0.99872
B_cldice_w64_d5_s0,B_cldice_w64_d5,04,20,Q1_dimmest,223,7750,3035,0.47542,0.44515,0.63621,0.34234
B_cldice_w64_d5_s0,B_cldice_w64_d5,04,20,Q2,35,6017,1865,0.79855,0.82302,0.80601,0.84075
B_cldice_w64_d5_s0,B_cldice_w64_d5,04,20,Q3,4,6293,1680,0.91643,0.96042,0.94238,0.97917
B_cldice_w64_d5_s0,B_cldice_w64_d5,04,20,Q4_clearest,1,10294,2346,0.97613,0.99516,0.99163,0.99872
B_cldice_w64_d5_s0,B_cldice_w64_d5,05,0,Q1_dimmest,307,9685,3539,0.46676,0.42262,0.60621,0.32439
B_cldice_w64_d5_s0,B_cldice_w64_d5,05,0,Q2,42,7440,2198,0.84321,0.85728,0.85471,0.85987
B_cldice_w64_d5_s0,B_cldice_w64_d5,05,0,Q3,3,7606,2186,0.9422,0.98372,0.97624,0.99131
B_cldice_w64_d5_s0,B_cldice_w64_d5,05,0,Q4_clearest,2,6179,1663,0.97746,0.9954,0.99441,0.99639
B_cldice_w64_d5_s0,B_cldice_w64_d5,05,20,Q1_dimmest,288,9685,3539,0.46282,0.41491,0.61601,0.3128
B_cldice_w64_d5_s0,B_cldice_w64_d5,05,20,Q2,41,7440,2198,0.84253,0.85625,0.85947,0.85305
B_cldice_w64_d5_s0,B_cldice_w64_d5,05,20,Q3,3,7606,2186,0.94226,0.98394,0.97668,0.99131
B_cldice_w64_d5_s0,B_cldice_w64_d5,05,20,Q4_clearest,2,6179,1663,0.97746,0.9954,0.99441,0.99639
B_cldice_w64_d5_s0,B_cldice_w64_d5,06,0,Q1_dimmest,383,10790,3981,0.48281,0.46338,0.62918,0.36674
B_cldice_w64_d5_s0,B_cldice_w64_d5,06,0,Q2,55,7933,2378,0.83681,0.83191,0.85232,0.81245
B_cldice_w64_d5_s0,B_cldice_w64_d5,06,0,Q3,3,7891,2229,0.95488,0.9856,0.97892,0.99237
B_cldice_w64_d5_s0,B_cldice_w64_d5,06,0,Q4_clearest,0,5502,1401,0.98364,0.99861,0.99723,1.0
B_cldice_w64_d5_s0,B_cldice_w64_d5,06,20,Q1_dimmest,357,10790,3981,0.48056,0.4587,0.6533,0.35343
B_cldice_w64_d5_s0,B_cldice_w64_d5,06,20,Q2,54,7933,2378,0.83581,0.82875,0.85743,0.80193
B_cldice_w64_d5_s0,B_cldice_w64_d5,06,20,Q3,3,7891,2229,0.95462,0.9847,0.97889,0.99058
B_cldice_w64_d5_s0,B_cldice_w64_d5,06,20,Q4_clearest,0,5502,1401,0.98364,0.99861,0.99723,1.0
B_cldice_w64_d5_s0,B_cldice_w64_d5,07,0,Q1_dimmest,249,8316,2808,0.47308,0.45556,0.63773,0.35434
B_cldice_w64_d5_s0,B_cldice_w64_d5,07,0,Q2,48,7149,2172,0.81498,0.82864,0.84382,0.814
B_cldice_w64_d5_s0,B_cldice_w64_d5,07,0,Q3,3,7254,1955,0.92803,0.96874,0.95867,0.97903
B_cldice_w64_d5_s0,B_cldice_w64_d5,07,0,Q4_clearest,0,7433,2033,0.9759,0.99566,0.9928,0.99852
B_cldice_w64_d5_s0,B_cldice_w64_d5,07,20,Q1_dimmest,227,8316,2808,0.46883,0.44354,0.65162,0.33618
B_cldice_w64_d5_s0,B_cldice_w64_d5,07,20,Q2,47,7149,2172,0.81393,0.82649,0.84992,0.80433
B_cldice_w64_d5_s0,B_cldice_w64_d5,07,20,Q3,3,7254,1955,0.9282,0.96947,0.9601,0.97903
B_cldice_w64_d5_s0,B_cldice_w64_d5,07,20,Q4_clearest,0,7433,2033,0.9759,0.99566,0.9928,0.99852
B_cldice_w64_d5_s0,B_cldice_w64_d5,08,0,Q1_dimmest,303,9976,3245,0.52293,0.47597,0.62107,0.38582
B_cldice_w64_d5_s0,B_cldice_w64_d5,08,0,Q2,41,8461,2479,0.8528,0.85454,0.83506,0.87495
B_cldice_w64_d5_s0,B_cldice_w64_d5,08,0,Q3,3,6640,1970,0.93653,0.9737,0.96095,0.9868
B_cldice_w64_d5_s0,B_cldice_w64_d5,08,0,Q4_clearest,0,3312,891,0.97791,0.9939,0.99229,0.99551
B_cldice_w64_d5_s0,B_cldice_w64_d5,08,20,Q1_dimmest,276,9976,3245,0.52095,0.47328,0.64126,0.37504
B_cldice_w64_d5_s0,B_cldice_w64_d5,08,20,Q2,39,8461,2479,0.85201,0.85205,0.83809,0.86648
B_cldice_w64_d5_s0,B_cldice_w64_d5,08,20,Q3,3,6640,1970,0.93819,0.97797,0.97076,0.98528
B_cldice_w64_d5_s0,B_cldice_w64_d5,08,20,Q4_clearest,0,3312,891,0.97805,0.99445,0.99338,0.99551
B_cldice_w64_d5_s0,B_cldice_w64_d5,09,0,Q1_dimmest,295,9368,3406,0.54952,0.53547,0.66082,0.45009
B_cldice_w64_d5_s0,B_cldice_w64_d5,09,0,Q2,43,7639,2383,0.86038,0.88032,0.85457,0.90768
B_cldice_w64_d5_s0,B_cldice_w64_d5,09,0,Q3,0,6249,1936,0.94794,0.98582,0.97351,0.99845
B_cldice_w64_d5_s0,B_cldice_w64_d5,09,0,Q4_clearest,0,3485,1001,0.98251,1.0,1.0,1.0
B_cldice_w64_d5_s0,B_cldice_w64_d5,09,20,Q1_dimmest,267,9368,3406,0.54518,0.52641,0.67318,0.43218
B_cldice_w64_d5_s0,B_cldice_w64_d5,09,20,Q2,42,7639,2383,0.86006,0.88021,0.86001,0.90138
B_cldice_w64_d5_s0,B_cldice_w64_d5,09,20,Q3,0,6249,1936,0.94808,0.98633,0.9745,0.99845
B_cldice_w64_d5_s0,B_cldice_w64_d5,09,20,Q4_clearest,0,3485,1001,0.98251,1.0,1.0,1.0
B_cldice_w64_d5_s0,B_cldice_w64_d5,10,0,Q1_dimmest,302,7560,3177,0.5263,0.48629,0.57294,0.42241
B_cldice_w64_d5_s0,B_cldice_w64_d5,10,0,Q2,51,6756,2369,0.81767,0.82217,0.7934,0.8531
B_cldice_w64_d5_s0,B_cldice_w64_d5,10,0,Q3,4,6741,2035,0.9149,0.96615,0.94149,0.99214
B_cldice_w64_d5_s0,B_cldice_w64_d5,10,0,Q4_clearest,0,6099,1556,0.96319,0.99706,0.99477,0.99936
B_cldice_w64_d5_s0,B_cldice_w64_d5,10,20,Q1_dimmest,282,7560,3177,0.52233,0.47584,0.57845,0.40415
B_cldice_w64_d5_s0,B_cldice_w64_d5,10,20,Q2,49,6756,2369,0.81602,0.81631,0.79504,0.83875
B_cldice_w64_d5_s0,B_cldice_w64_d5,10,20,Q3,3,6741,2035,0.91551,0.96825,0.94773,0.98968
B_cldice_w64_d5_s0,B_cldice_w64_d5,10,20,Q4_clearest,0,6099,1556,0.96319,0.99706,0.99477,0.99936
B_cldice_w64_d5_s0,B_cldice_w64_d5,11,0,Q1_dimmest,318,6386,2930,0.45303,0.39054,0.49329,0.32321
B_cldice_w64_d5_s0,B_cldice_w64_d5,11,0,Q2,72,5601,2186,0.7764,0.74349,0.71843,0.77036
B_cldice_w64_d5_s0,B_cldice_w64_d5,11,0,Q3,11,6593,2129,0.87646,0.91681,0.87648,0.96101
B_cldice_w64_d5_s0,B_cldice_w64_d5,11,0,Q4_clearest,3,10959,3211,0.9453,0.98561,0.97548,0.99595
B_cldice_w64_d5_s0,B_cldice_w64_d5,11,20,Q1_dimmest,292,6386,2930,0.44938,0.38327,0.52737,0.30102
B_cldice_w64_d5_s0,B_cldice_w64_d5,11,20,Q2,69,5601,2186,0.77703,0.74607,0.73408,0.75846
B_cldice_w64_d5_s0,B_cldice_w64_d5,11,20,Q3,11,6593,2129,0.87718,0.91909,0.88067,0.96101
B_cldice_w64_d5_s0,B_cldice_w64_d5,11,20,Q4_clearest,3,10959,3211,0.94555,0.98622,0.97667,0.99595
B_cldice_w64_d5_s0,B_cldice_w64_d5,12,0,Q1_dimmest,238,6741,2151,0.57073,0.57161,0.65787,0.50535
B_cldice_w64_d5_s0,B_cldice_w64_d5,12,0,Q2,80,7686,2661,0.82485,0.8388,0.82749,0.85043
B_cldice_w64_d5_s0,B_cldice_w64_d5,12,0,Q3,4,7976,2374,0.90715,0.95775,0.93941,0.97683
B_cldice_w64_d5_s0,B_cldice_w64_d5,12,0,Q4_clearest,1,6087,1526,0.96395,0.99558,0.99313,0.99803
B_cldice_w64_d5_s0,B_cldice_w64_d5,12,20,Q1_dimmest,227,6741,2151,0.57269,0.5771,0.68803,0.49698
B_cldice_w64_d5_s0,B_cldice_w64_d5,12,20,Q2,78,7686,2661,0.82498,0.83782,0.83612,0.83953
B_cldice_w64_d5_s0,B_cldice_w64_d5,12,20,Q3,4,7976,2374,0.90751,0.95872,0.94165,0.97641
B_cldice_w64_d5_s0,B_cldice_w64_d5,12,20,Q4_clearest,1,6087,1526,0.96395,0.99558,0.99313,0.99803
B_cldice_w64_d5_s0,B_cldice_w64_d5,13,0,Q1_dimmest,330,8947,3161,0.51947,0.48765,0.56492,0.42898
B_cldice_w64_d5_s0,B_cldice_w64_d5,13,0,Q2,84,7970,2798,0.81524,0.81535,0.78905,0.84346
B_cldice_w64_d5_s0,B_cldice_w64_d5,13,0,Q3,6,7295,2120,0.92342,0.96263,0.94879,0.97689
B_cldice_w64_d5_s0,B_cldice_w64_d5,13,0,Q4_clearest,0,8047,2107,0.9793,0.99672,0.99346,1.0
B_cldice_w64_d5_s0,B_cldice_w64_d5,13,20,Q1_dimmest,299,8947,3161,0.5186,0.48636,0.58723,0.41506
B_cldice_w64_d5_s0,B_cldice_w64_d5,13,20,Q2,80,7970,2798,0.81274,0.80983,0.79936,0.82059
B_cldice_w64_d5_s0,B_cldice_w64_d5,13,20,Q3,5,7295,2120,0.9234,0.96263,0.94967,0.97594
B_cldice_w64_d5_s0,B_cldice_w64_d5,13,20,Q4_clearest,0,8047,2107,0.9793,0.99672,0.99346,1.0
B_cldice_w64_d5_s0,B_cldice_w64_d5,14,0,Q1_dimmest,219,4886,1623,0.50798,0.49935,0.48898,0.51017
B_cldice_w64_d5_s0,B_cldice_w64_d5,14,0,Q2,66,6453,2243,0.78523,0.78522,0.73112,0.84797
B_cldice_w64_d5_s0,B_cldice_w64_d5,14,0,Q3,7,8104,2470,0.8918,0.94485,0.90645,0.98664
B_cldice_w64_d5_s0,B_cldice_w64_d5,14,0,Q4_clearest,0,7234,2022,0.95541,0.9947,0.98946,1.0
B_cldice_w64_d5_s0,B_cldice_w64_d5,14,20,Q1_dimmest,210,4886,1623,0.50686,0.49611,0.50584,0.48675
B_cldice_w64_d5_s0,B_cldice_w64_d5,14,20,Q2,59,6453,2243,0.78696,0.78923,0.74534,0.83861
B_cldice_w64_d5_s0,B_cldice_w64_d5,14,20,Q3,7,8104,2470,0.89285,0.94799,0.91226,0.98664
B_cldice_w64_d5_s0,B_cldice_w64_d5,14,20,Q4_clearest,0,7234,2022,0.95541,0.9947,0.98946,1.0
B_cldice_w64_d5_s0,B_cldice_w64_d5,15,0,Q1_dimmest,184,4357,1638,0.52451,0.52793,0.52962,0.52625
B_cldice_w64_d5_s0,B_cldice_w64_d5,15,0,Q2,32,5141,1751,0.75539,0.78526,0.69989,0.89435
B_cldice_w64_d5_s0,B_cldice_w64_d5,15,0,Q3,5,6066,1760,0.85152,0.9159,0.84977,0.99318
B_cldice_w64_d5_s0,B_cldice_w64_d5,15,0,Q4_clearest,0,8050,2502,0.93801,0.9821,0.96483,1.0
B_cldice_w64_d5_s0,B_cldice_w64_d5,15,20,Q1_dimmest,177,4357,1638,0.52956,0.54304,0.56731,0.52076
B_cldice_w64_d5_s0,B_cldice_w64_d5,15,20,Q2,31,5141,1751,0.75883,0.79422,0.71646,0.89092
B_cldice_w64_d5_s0,B_cldice_w64_d5,15,20,Q3,5,6066,1760,0.85391,0.92353,0.863,0.99318
B_cldice_w64_d5_s0,B_cldice_w64_d5,15,20,Q4_clearest,0,8050,2502,0.93894,0.98382,0.96816,1.0
B_cldice_w64_d5_s0,B_cldice_w64_d5,16,0,Q1_dimmest,291,6445,1959,0.54764,0.57917,0.69553,0.49617
B_cldice_w64_d5_s0,B_cldice_w64_d5,16,0,Q2,82,6977,2256,0.83083,0.87357,0.88859,0.85904
B_cldice_w64_d5_s0,B_cldice_w64_d5,16,0,Q3,4,7630,2131,0.9044,0.95597,0.92571,0.98827
B_cldice_w64_d5_s0,B_cldice_w64_d5,16,0,Q4_clearest,1,8739,2466,0.94076,0.98353,0.96798,0.99959
B_cldice_w64_d5_s0,B_cldice_w64_d5,16,20,Q1_dimmest,276,6445,1959,0.54437,0.57473,0.71529,0.48035
B_cldice_w64_d5_s0,B_cldice_w64_d5,16,20,Q2,77,6977,2256,0.8291,0.87173,0.89587,0.84885
B_cldice_w64_d5_s0,B_cldice_w64_d5,16,20,Q3,4,7630,2131,0.90503,0.9582,0.93073,0.98733
B_cldice_w64_d5_s0,B_cldice_w64_d5,16,20,Q4_clearest,1,8739,2466,0.94111,0.98451,0.96987,0.99959
B_cldice_w64_d5_s0,B_cldice_w64_d5,17,0,Q1_dimmest,284,7862,2585,0.58353,0.61052,0.72866,0.52534
B_cldice_w64_d5_s0,B_cldice_w64_d5,17,0,Q2,46,7104,2140,0.84541,0.88794,0.89466,0.88131
B_cldice_w64_d5_s0,B_cldice_w64_d5,17,0,Q3,8,7222,1826,0.9147,0.97414,0.96226,0.98631
B_cldice_w64_d5_s0,B_cldice_w64_d5,17,0,Q4_clearest,0,5664,1433,0.9361,0.99584,0.99308,0.9986
B_cldice_w64_d5_s0,B_cldice_w64_d5,17,20,Q1_dimmest,264,7862,2585,0.58157,0.61139,0.75825,0.51219
B_cldice_w64_d5_s0,B_cldice_w64_d5,17,20,Q2,45,7104,2140,0.84582,0.89054,0.91044,0.8715
B_cldice_w64_d5_s0,B_cldice_w64_d5,17,20,Q3,7,7222,1826,0.91541,0.97666,0.9672,0.98631
B_cldice_w64_d5_s0,B_cldice_w64_d5,17,20,Q4_clearest,0,5664,1433,0.9361,0.99584,0.99308,0.9986
B_cldice_w64_d5_s0,B_cldice_w64_d5,18,0,Q1_dimmest,222,4966,1759,0.62245,0.63175,0.69465,0.57931
B_cldice_w64_d5_s0,B_cldice_w64_d5,18,0,Q2,53,6044,1968,0.81807,0.87304,0.84774,0.8999
B_cldice_w64_d5_s0,B_cldice_w64_d5,18,0,Q3,2,7429,2081,0.86039,0.9671,0.94185,0.99375
B_cldice_w64_d5_s0,B_cldice_w64_d5,18,0,Q4_clearest,0,7705,1851,0.90186,0.99026,0.9807,1.0
B_cldice_w64_d5_s0,B_cldice_w64_d5,18,20,Q1_dimmest,213,4966,1759,0.62593,0.63773,0.7299,0.56623
B_cldice_w64_d5_s0,B_cldice_w64_d5,18,20,Q2,51,6044,1968,0.82184,0.88275,0.87005,0.89583
B_cldice_w64_d5_s0,B_cldice_w64_d5,18,20,Q3,2,7429,2081,0.86161,0.9719,0.95099,0.99375
B_cldice_w64_d5_s0,B_cldice_w64_d5,18,20,Q4_clearest,0,7705,1851,0.90234,0.99204,0.9842,1.0
B_cldice_w64_d5_s0,B_cldice_w64_d5,19,0,Q1_dimmest,151,3731,1722,0.62256,0.63045,0.66862,0.5964
B_cldice_w64_d5_s0,B_cldice_w64_d5,19,0,Q2,45,6957,2067,0.79036,0.84744,0.78501,0.92066
B_cldice_w64_d5_s0,B_cldice_w64_d5,19,0,Q3,3,8771,2610,0.90047,0.96793,0.94296,0.99425
B_cldice_w64_d5_s0,B_cldice_w64_d5,19,0,Q4_clearest,2,7909,2077,0.96944,0.9971,0.99613,0.99807
B_cldice_w64_d5_s0,B_cldice_w64_d5,19,20,Q1_dimmest,141,3731,1722,0.62179,0.62935,0.68769,0.58014
B_cldice_w64_d5_s0,B_cldice_w64_d5,19,20,Q2,44,6957,2067,0.79249,0.85395,0.79808,0.91824
B_cldice_w64_d5_s0,B_cldice_w64_d5,19,20,Q3,3,8771,2610,0.90088,0.9696,0.9465,0.99387
B_cldice_w64_d5_s0,B_cldice_w64_d5,19,20,Q4_clearest,1,7909,2077,0.96944,0.9971,0.99613,0.99807
B_cldice_w64_d5_s0,B_cldice_w64_d5,20,0,Q1_dimmest,187,5411,1924,0.60822,0.61269,0.60304,0.62266
B_cldice_w64_d5_s0,B_cldice_w64_d5,20,0,Q2,40,7210,2225,0.7972,0.8492,0.78785,0.9209
B_cldice_w64_d5_s0,B_cldice_w64_d5,20,0,Q3,3,6951,2027,0.87217,0.95135,0.91381,0.99211
B_cldice_w64_d5_s0,B_cldice_w64_d5,20,0,Q4_clearest,1,4693,1197,0.9423,0.98761,0.97712,0.99833
B_cldice_w64_d5_s0,B_cldice_w64_d5,20,20,Q1_dimmest,181,5411,1924,0.60979,0.61865,0.629,0.60863
B_cldice_w64_d5_s0,B_cldice_w64_d5,20,20,Q2,38,7210,2225,0.79946,0.85646,0.80561,0.91416
B_cldice_w64_d5_s0,B_cldice_w64_d5,20,20,Q3,3,6951,2027,0.8733,0.9549,0.92039,0.99211
B_cldice_w64_d5_s0,B_cldice_w64_d5,20,20,Q4_clearest,1,4693,1197,0.94248,0.9876,0.9771,0.99833
B_cldice_w64_d5_s1,B_cldice_w64_d5,01,0,Q1_dimmest,193,4597,1791,0.59814,0.6016,0.59476,0.6086
B_cldice_w64_d5_s1,B_cldice_w64_d5,01,0,Q2,52,6946,2500,0.78737,0.8502,0.79933,0.908
B_cldice_w64_d5_s1,B_cldice_w64_d5,01,0,Q3,9,8473,2538,0.86197,0.9627,0.94425,0.98188
B_cldice_w64_d5_s1,B_cldice_w64_d5,01,0,Q4_clearest,1,9424,2483,0.92535,0.99167,0.98544,0.99799
B_cldice_w64_d5_s1,B_cldice_w64_d5,01,20,Q1_dimmest,176,4597,1791,0.59342,0.59104,0.60604,0.57677
B_cldice_w64_d5_s1,B_cldice_w64_d5,01,20,Q2,46,6946,2500,0.78671,0.8491,0.80655,0.8964
B_cldice_w64_d5_s1,B_cldice_w64_d5,01,20,Q3,9,8473,2538,0.86248,0.9642,0.94788,0.98109
B_cldice_w64_d5_s1,B_cldice_w64_d5,01,20,Q4_clearest,1,9424,2483,0.9254,0.99187,0.98583,0.99799
B_cldice_w64_d5_s1,B_cldice_w64_d5,02,0,Q1_dimmest,215,5691,1790,0.51433,0.49296,0.47456,0.51285
B_cldice_w64_d5_s1,B_cldice_w64_d5,02,0,Q2,45,6606,1861,0.79523,0.79044,0.72686,0.8662
B_cldice_w64_d5_s1,B_cldice_w64_d5,02,0,Q3,4,8662,2260,0.89674,0.96095,0.93215,0.99159
B_cldice_w64_d5_s1,B_cldice_w64_d5,02,0,Q4_clearest,1,12831,3378,0.96274,0.99194,0.9843,0.9997
B_cldice_w64_d5_s1,B_cldice_w64_d5,02,20,Q1_dimmest,199,5691,1790,0.51553,0.49575,0.49542,0.49609
B_cldice_w64_d5_s1,B_cldice_w64_d5,02,20,Q2,41,6606,1861,0.79475,0.78891,0.73275,0.85438
B_cldice_w64_d5_s1,B_cldice_w64_d5,02,20,Q3,3,8662,2260,0.89692,0.96157,0.93331,0.99159
B_cldice_w64_d5_s1,B_cldice_w64_d5,02,20,Q4_clearest,1,12831,3378,0.96278,0.99208,0.98457,0.9997
B_cldice_w64_d5_s1,B_cldice_w64_d5,03,0,Q1_dimmest,255,10358,3377,0.54112,0.5325,0.5764,0.49482
B_cldice_w64_d5_s1,B_cldice_w64_d5,03,0,Q2,30,9353,2708,0.83715,0.86708,0.83846,0.89771
B_cldice_w64_d5_s1,B_cldice_w64_d5,03,0,Q3,4,8095,2089,0.93562,0.97313,0.96276,0.98372
B_cldice_w64_d5_s1,B_cldice_w64_d5,03,0,Q4_clearest,0,5087,1047,0.98756,0.99777,0.99649,0.99904
B_cldice_w64_d5_s1,B_cldice_w64_d5,03,20,Q1_dimmest,239,10358,3377,0.53953,0.52849,0.5861,0.4812
B_cldice_w64_d5_s1,B_cldice_w64_d5,03,20,Q2,26,9353,2708,0.83707,0.86685,0.84227,0.89291
B_cldice_w64_d5_s1,B_cldice_w64_d5,03,20,Q3,4,8095,2089,0.93562,0.97313,0.96276,0.98372
B_cldice_w64_d5_s1,B_cldice_w64_d5,03,20,Q4_clearest,0,5087,1047,0.98756,0.99777,0.99649,0.99904
B_cldice_w64_d5_s1,B_cldice_w64_d5,04,0,Q1_dimmest,215,7750,3035,0.51003,0.47721,0.60793,0.39275
B_cldice_w64_d5_s1,B_cldice_w64_d5,04,0,Q2,32,6017,1865,0.81097,0.83036,0.80641,0.85576
B_cldice_w64_d5_s1,B_cldice_w64_d5,04,0,Q3,2,6293,1680,0.91822,0.96793,0.953,0.98333
B_cldice_w64_d5_s1,B_cldice_w64_d5,04,0,Q4_clearest,1,10294,2346,0.97237,0.98823,0.98249,0.99403
B_cldice_w64_d5_s1,B_cldice_w64_d5,04,20,Q1_dimmest,199,7750,3035,0.50815,0.47312,0.62164,0.38188
B_cldice_w64_d5_s1,B_cldice_w64_d5,04,20,Q2,30,6017,1865,0.80979,0.82696,0.80719,0.84772
B_cldice_w64_d5_s1,B_cldice_w64_d5,04,20,Q3,2,6293,1680,0.91798,0.96702,0.95292,0.98155
B_cldice_w64_d5_s1,B_cldice_w64_d5,04,20,Q4_clearest,1,10294,2346,0.97237,0.98823,0.98249,0.99403
B_cldice_w64_d5_s1,B_cldice_w64_d5,05,0,Q1_dimmest,283,9685,3539,0.5046,0.44829,0.60026,0.35773
B_cldice_w64_d5_s1,B_cldice_w64_d5,05,0,Q2,26,7440,2198,0.85222,0.8545,0.82772,0.88308
B_cldice_w64_d5_s1,B_cldice_w64_d5,05,0,Q3,0,7606,2186,0.9358,0.98222,0.97024,0.99451
B_cldice_w64_d5_s1,B_cldice_w64_d5,05,0,Q4_clearest,0,6179,1663,0.97567,0.9969,0.99383,1.0
B_cldice_w64_d5_s1,B_cldice_w64_d5,05,20,Q1_dimmest,258,9685,3539,0.50014,0.43753,0.60563,0.34247
B_cldice_w64_d5_s1,B_cldice_w64_d5,05,20,Q2,21,7440,2198,0.85301,0.85762,0.84061,0.87534
B_cldice_w64_d5_s1,B_cldice_w64_d5,05,20,Q3,0,7606,2186,0.9362,0.98333,0.97283,0.99405
B_cldice_w64_d5_s1,B_cldice_w64_d5,05,20,Q4_clearest,0,6179,1663,0.97567,0.9969,0.99383,1.0
B_cldice_w64_d5_s1,B_cldice_w64_d5,06,0,Q1_dimmest,323,10790,3981,0.52705,0.5079,0.65889,0.41321
B_cldice_w64_d5_s1,B_cldice_w64_d5,06,0,Q2,37,7933,2378,0.83937,0.84142,0.85216,0.83095
B_cldice_w64_d5_s1,B_cldice_w64_d5,06,0,Q3,0,7891,2229,0.94858,0.98477,0.97686,0.99282
B_cldice_w64_d5_s1,B_cldice_w64_d5,06,0,Q4_clearest,0,5502,1401,0.98127,0.9979,0.9958,1.0
B_cldice_w64_d5_s1,B_cldice_w64_d5,06,20,Q1_dimmest,303,10790,3981,0.52513,0.50394,0.67048,0.40367
B_cldice_w64_d5_s1,B_cldice_w64_d5,06,20,Q2,32,7933,2378,0.83846,0.84003,0.85829,0.82254
B_cldice_w64_d5_s1,B_cldice_w64_d5,06,20,Q3,0,7891,2229,0.94868,0.98519,0.97898,0.99148
B_cldice_w64_d5_s1,B_cldice_w64_d5,06,20,Q4_clearest,0,5502,1401,0.98127,0.9979,0.9958,1.0
B_cldice_w64_d5_s1,B_cldice_w64_d5,07,0,Q1_dimmest,205,8316,2808,0.49294,0.4721,0.62702,0.37856
B_cldice_w64_d5_s1,B_cldice_w64_d5,07,0,Q2,34,7149,2172,0.81278,0.82983,0.82772,0.83195
B_cldice_w64_d5_s1,B_cldice_w64_d5,07,0,Q3,2,7254,1955,0.91908,0.96629,0.95002,0.98312
B_cldice_w64_d5_s1,B_cldice_w64_d5,07,0,Q4_clearest,0,7433,2033,0.97234,0.99545,0.99191,0.99902
B_cldice_w64_d5_s1,B_cldice_w64_d5,07,20,Q1_dimmest,193,8316,2808,0.48994,0.46496,0.63481,0.36681
B_cldice_w64_d5_s1,B_cldice_w64_d5,07,20,Q2,30,7149,2172,0.81152,0.82564,0.83232,0.81906
B_cldice_w64_d5_s1,B_cldice_w64_d5,07,20,Q3,2,7254,1955,0.91938,0.96699,0.95233,0.9821
B_cldice_w64_d5_s1,B_cldice_w64_d5,07,20,Q4_clearest,0,7433,2033,0.97234,0.99545,0.99191,0.99902
B_cldice_w64_d5_s1,B_cldice_w64_d5,08,0,Q1_dimmest,260,9976,3245,0.55151,0.51981,0.61142,0.45208
B_cldice_w64_d5_s1,B_cldice_w64_d5,08,0,Q2,30,8461,2479,0.85114,0.85984,0.83319,0.88826
B_cldice_w64_d5_s1,B_cldice_w64_d5,08,0,Q3,3,6640,1970,0.93257,0.97738,0.96961,0.98528
B_cldice_w64_d5_s1,B_cldice_w64_d5,08,0,Q4_clearest,0,3312,891,0.9749,0.9939,0.99342,0.99439
B_cldice_w64_d5_s1,B_cldice_w64_d5,08,20,Q1_dimmest,248,9976,3245,0.55047,0.51694,0.61902,0.44376
B_cldice_w64_d5_s1,B_cldice_w64_d5,08,20,Q2,27,8461,2479,0.85104,0.85876,0.83798,0.8806
B_cldice_w64_d5_s1,B_cldice_w64_d5,08,20,Q3,3,6640,1970,0.93249,0.97711,0.97005,0.98426
B_cldice_w64_d5_s1,B_cldice_w64_d5,08,20,Q4_clearest,0,3312,891,0.9749,0.9939,0.99342,0.99439
B_cldice_w64_d5_s1,B_cldice_w64_d5,09,0,Q1_dimmest,263,9368,3406,0.5733,0.57441,0.66545,0.50528
B_cldice_w64_d5_s1,B_cldice_w64_d5,09,0,Q2,21,7639,2383,0.85728,0.88785,0.85013,0.92908
B_cldice_w64_d5_s1,B_cldice_w64_d5,09,0,Q3,0,6249,1936,0.93657,0.98527,0.97195,0.99897
B_cldice_w64_d5_s1,B_cldice_w64_d5,09,0,Q4_clearest,1,3485,1001,0.97261,0.99042,1.0,0.98102
B_cldice_w64_d5_s1,B_cldice_w64_d5,09,20,Q1_dimmest,244,9368,3406,0.57012,0.56818,0.67159,0.49237
B_cldice_w64_d5_s1,B_cldice_w64_d5,09,20,Q2,21,7639,2383,0.85584,0.88458,0.84976,0.92237
B_cldice_w64_d5_s1,B_cldice_w64_d5,09,20,Q3,0,6249,1936,0.93657,0.98527,0.97195,0.99897
B_cldice_w64_d5_s1,B_cldice_w64_d5,09,20,Q4_clearest,1,3485,1001,0.97261,0.99042,1.0,0.98102
B_cldice_w64_d5_s1,B_cldice_w64_d5,10,0,Q1_dimmest,278,7560,3177,0.5506,0.5112,0.56085,0.46963
B_cldice_w64_d5_s1,B_cldice_w64_d5,10,0,Q2,28,6756,2369,0.8151,0.81597,0.76212,0.87801
B_cldice_w64_d5_s1,B_cldice_w64_d5,10,0,Q3,1,6741,2035,0.90936,0.96528,0.94028,0.99165
B_cldice_w64_d5_s1,B_cldice_w64_d5,10,0,Q4_clearest,0,6099,1556,0.95925,0.99678,0.99422,0.99936
B_cldice_w64_d5_s1,B_cldice_w64_d5,10,20,Q1_dimmest,264,7560,3177,0.54844,0.50586,0.5693,0.45515
B_cldice_w64_d5_s1,B_cldice_w64_d5,10,20,Q2,28,6756,2369,0.81541,0.8159,0.76585,0.87294
B_cldice_w64_d5_s1,B_cldice_w64_d5,10,20,Q3,1,6741,2035,0.91059,0.96907,0.94795,0.99115
B_cldice_w64_d5_s1,B_cldice_w64_d5,10,20,Q4_clearest,0,6099,1556,0.95925,0.99678,0.99422,0.99936
B_cldice_w64_d5_s1,B_cldice_w64_d5,11,0,Q1_dimmest,285,6386,2930,0.49819,0.44259,0.5114,0.3901
B_cldice_w64_d5_s1,B_cldice_w64_d5,11,0,Q2,47,5601,2186,0.78018,0.75173,0.70463,0.80558
B_cldice_w64_d5_s1,B_cldice_w64_d5,11,0,Q3,6,6593,2129,0.86251,0.92219,0.884,0.96383
B_cldice_w64_d5_s1,B_cldice_w64_d5,11,0,Q4_clearest,0,10959,3211,0.93883,0.98433,0.97003,0.99907
B_cldice_w64_d5_s1,B_cldice_w64_d5,11,20,Q1_dimmest,270,6386,2930,0.49473,0.43352,0.51481,0.3744
B_cldice_w64_d5_s1,B_cldice_w64_d5,11,20,Q2,42,5601,2186,0.78009,0.7507,0.70994,0.79643
B_cldice_w64_d5_s1,B_cldice_w64_d5,11,20,Q3,6,6593,2129,0.86264,0.92261,0.88557,0.96289
B_cldice_w64_d5_s1,B_cldice_w64_d5,11,20,Q4_clearest,0,10959,3211,0.93919,0.98524,0.97179,0.99907
B_cldice_w64_d5_s1,B_cldice_w64_d5,12,0,Q1_dimmest,210,6741,2151,0.5893,0.59061,0.65274,0.53928
B_cldice_w64_d5_s1,B_cldice_w64_d5,12,0,Q2,48,7686,2661,0.81921,0.85588,0.83193,0.88125
B_cldice_w64_d5_s1,B_cldice_w64_d5,12,0,Q3,5,7976,2374,0.90277,0.96453,0.94581,0.98399
B_cldice_w64_d5_s1,B_cldice_w64_d5,12,0,Q4_clearest,1,6087,1526,0.95539,0.99294,0.98854,0.99738
B_cldice_w64_d5_s1,B_cldice_w64_d5,12,20,Q1_dimmest,197,6741,2151,0.58806,0.58997,0.66747,0.52859
B_cldice_w64_d5_s1,B_cldice_w64_d5,12,20,Q2,47,7686,2661,0.81889,0.85498,0.83327,0.87787
B_cldice_w64_d5_s1,B_cldice_w64_d5,12,20,Q3,5,7976,2374,0.90297,0.96532,0.94735,0.98399
B_cldice_w64_d5_s1,B_cldice_w64_d5,12,20,Q4_clearest,1,6087,1526,0.95539,0.99294,0.98854,0.99738
B_cldice_w64_d5_s1,B_cldice_w64_d5,13,0,Q1_dimmest,269,8947,3161,0.54744,0.52085,0.56721,0.48149
B_cldice_w64_d5_s1,B_cldice_w64_d5,13,0,Q2,63,7970,2798,0.80959,0.80786,0.77275,0.84632
B_cldice_w64_d5_s1,B_cldice_w64_d5,13,0,Q3,2,7295,2120,0.91644,0.96748,0.95421,0.98113
B_cldice_w64_d5_s1,B_cldice_w64_d5,13,0,Q4_clearest,0,8047,2107,0.9768,0.99858,0.99717,1.0
B_cldice_w64_d5_s1,B_cldice_w64_d5,13,20,Q1_dimmest,253,8947,3161,0.54682,0.52071,0.5905,0.46568
B_cldice_w64_d5_s1,B_cldice_w64_d5,13,20,Q2,55,7970,2798,0.81087,0.8115,0.78622,0.83846
B_cldice_w64_d5_s1,B_cldice_w64_d5,13,20,Q3,2,7295,2120,0.91671,0.96861,0.9573,0.98019
B_cldice_w64_d5_s1,B_cldice_w64_d5,13,20,Q4_clearest,0,8047,2107,0.9768,0.99858,0.99717,1.0
B_cldice_w64_d5_s1,B_cldice_w64_d5,14,0,Q1_dimmest,183,4886,1623,0.53326,0.51062,0.48547,0.53851
B_cldice_w64_d5_s1,B_cldice_w64_d5,14,0,Q2,43,6453,2243,0.77793,0.78022,0.70356,0.87561
B_cldice_w64_d5_s1,B_cldice_w64_d5,14,0,Q3,4,8104,2470,0.87538,0.94232,0.89945,0.98947
B_cldice_w64_d5_s1,B_cldice_w64_d5,14,0,Q4_clearest,0,7234,2022,0.95026,0.99414,0.98883,0.99951
B_cldice_w64_d5_s1,B_cldice_w64_d5,14,20,Q1_dimmest,175,4886,1623,0.53691,0.51969,0.51161,0.52803
B_cldice_w64_d5_s1,B_cldice_w64_d5,14,20,Q2,39,6453,2243,0.78202,0.78917,0.725,0.8658
B_cldice_w64_d5_s1,B_cldice_w64_d5,14,20,Q3,4,8104,2470,0.87615,0.94465,0.90371,0.98947
B_cldice_w64_d5_s1,B_cldice_w64_d5,14,20,Q4_clearest,0,7234,2022,0.95026,0.99414,0.98883,0.99951
B_cldice_w64_d5_s1,B_cldice_w64_d5,15,0,Q1_dimmest,155,4357,1638,0.5544,0.56233,0.56362,0.56105
B_cldice_w64_d5_s1,B_cldice_w64_d5,15,0,Q2,16,5141,1751,0.77361,0.82137,0.74144,0.92062
B_cldice_w64_d5_s1,B_cldice_w64_d5,15,0,Q3,3,6066,1760,0.85305,0.93423,0.88188,0.99318
B_cldice_w64_d5_s1,B_cldice_w64_d5,15,0,Q4_clearest,0,8050,2502,0.93767,0.98822,0.97672,1.0
B_cldice_w64_d5_s1,B_cldice_w64_d5,15,20,Q1_dimmest,149,4357,1638,0.55542,0.56502,0.57352,0.55678
B_cldice_w64_d5_s1,B_cldice_w64_d5,15,20,Q2,16,5141,1751,0.77365,0.82193,0.74347,0.9189
B_cldice_w64_d5_s1,B_cldice_w64_d5,15,20,Q3,3,6066,1760,0.85341,0.93555,0.88424,0.99318
B_cldice_w64_d5_s1,B_cldice_w64_d5,15,20,Q4_clearest,0,8050,2502,0.93778,0.98861,0.97748,1.0
B_cldice_w64_d5_s1,B_cldice_w64_d5,16,0,Q1_dimmest,253,6445,1959,0.59616,0.63318,0.68034,0.59214
B_cldice_w64_d5_s1,B_cldice_w64_d5,16,0,Q2,58,6977,2256,0.84075,0.88822,0.88116,0.89539
B_cldice_w64_d5_s1,B_cldice_w64_d5,16,0,Q3,2,7630,2131,0.89059,0.95596,0.9212,0.99343
B_cldice_w64_d5_s1,B_cldice_w64_d5,16,0,Q4_clearest,0,8739,2466,0.93505,0.98031,0.96176,0.99959
B_cldice_w64_d5_s1,B_cldice_w64_d5,16,20,Q1_dimmest,244,6445,1959,0.59499,0.63199,0.6922,0.58142
B_cldice_w64_d5_s1,B_cldice_w64_d5,16,20,Q2,54,6977,2256,0.84278,0.89436,0.89869,0.89007
B_cldice_w64_d5_s1,B_cldice_w64_d5,16,20,Q3,2,7630,2131,0.89087,0.95648,0.9234,0.99202
B_cldice_w64_d5_s1,B_cldice_w64_d5,16,20,Q4_clearest,0,8739,2466,0.93535,0.98109,0.96327,0.99959
B_cldice_w64_d5_s1,B_cldice_w64_d5,17,0,Q1_dimmest,241,7862,2585,0.60925,0.64177,0.73773,0.56789
B_cldice_w64_d5_s1,B_cldice_w64_d5,17,0,Q2,29,7104,2140,0.84511,0.89152,0.87438,0.90935
B_cldice_w64_d5_s1,B_cldice_w64_d5,17,0,Q3,2,7222,1826,0.90845,0.97637,0.96298,0.99014
B_cldice_w64_d5_s1,B_cldice_w64_d5,17,0,Q4_clearest,2,5664,1433,0.92685,0.99231,0.99369,0.99093
B_cldice_w64_d5_s1,B_cldice_w64_d5,17,20,Q1_dimmest,225,7862,2585,0.60676,0.63801,0.75,0.55513
B_cldice_w64_d5_s1,B_cldice_w64_d5,17,20,Q2,28,7104,2140,0.84795,0.9003,0.8937,0.90701
B_cldice_w64_d5_s1,B_cldice_w64_d5,17,20,Q3,2,7222,1826,0.90906,0.97813,0.96744,0.98905
B_cldice_w64_d5_s1,B_cldice_w64_d5,17,20,Q4_clearest,2,5664,1433,0.92684,0.99265,0.99439,0.99093
B_cldice_w64_d5_s1,B_cldice_w64_d5,18,0,Q1_dimmest,187,4966,1759,0.63873,0.63839,0.66954,0.61001
B_cldice_w64_d5_s1,B_cldice_w64_d5,18,0,Q2,41,6044,1968,0.81411,0.87103,0.83692,0.90803
B_cldice_w64_d5_s1,B_cldice_w64_d5,18,0,Q3,2,7429,2081,0.84618,0.95527,0.92007,0.99327
B_cldice_w64_d5_s1,B_cldice_w64_d5,18,0,Q4_clearest,0,7705,1851,0.89475,0.98316,0.96689,1.0
B_cldice_w64_d5_s1,B_cldice_w64_d5,18,20,Q1_dimmest,178,4966,1759,0.63958,0.64036,0.68098,0.60432
B_cldice_w64_d5_s1,B_cldice_w64_d5,18,20,Q2,39,6044,1968,0.81486,0.87378,0.84467,0.90498
B_cldice_w64_d5_s1,B_cldice_w64_d5,18,20,Q3,2,7429,2081,0.8474,0.95873,0.92651,0.99327
B_cldice_w64_d5_s1,B_cldice_w64_d5,18,20,Q4_clearest,0,7705,1851,0.89585,0.98751,0.97533,1.0
B_cldice_w64_d5_s1,B_cldice_w64_d5,19,0,Q1_dimmest,139,3731,1722,0.64949,0.67478,0.66737,0.68235
B_cldice_w64_d5_s1,B_cldice_w64_d5,19,0,Q2,31,6957,2067,0.78975,0.85651,0.78868,0.93711
B_cldice_w64_d5_s1,B_cldice_w64_d5,19,0,Q3,0,8771,2610,0.89019,0.97094,0.94869,0.99425
B_cldice_w64_d5_s1,B_cldice_w64_d5,19,0,Q4_clearest,0,7909,2077,0.96386,0.99732,0.99513,0.99952
B_cldice_w64_d5_s1,B_cldice_w64_d5,19,20,Q1_dimmest,132,3731,1722,0.64723,0.67213,0.67471,0.66957
B_cldice_w64_d5_s1,B_cldice_w64_d5,19,20,Q2,30,6957,2067,0.79092,0.86005,0.7961,0.93517
B_cldice_w64_d5_s1,B_cldice_w64_d5,19,20,Q3,0,8771,2610,0.8904,0.97189,0.95087,0.99387
B_cldice_w64_d5_s1,B_cldice_w64_d5,19,20,Q4_clearest,0,7909,2077,0.96386,0.99732,0.99513,0.99952
B_cldice_w64_d5_s1,B_cldice_w64_d5,20,0,Q1_dimmest,165,5411,1924,0.63159,0.65239,0.62102,0.68711
B_cldice_w64_d5_s1,B_cldice_w64_d5,20,0,Q2,23,7210,2225,0.80117,0.85928,0.78399,0.95056
B_cldice_w64_d5_s1,B_cldice_w64_d5,20,0,Q3,0,6951,2027,0.86545,0.95088,0.9084,0.99753
B_cldice_w64_d5_s1,B_cldice_w64_d5,20,0,Q4_clearest,0,4693,1197,0.93981,0.98693,0.97419,1.0
B_cldice_w64_d5_s1,B_cldice_w64_d5,20,20,Q1_dimmest,155,5411,1924,0.62903,0.64747,0.62553,0.671
B_cldice_w64_d5_s1,B_cldice_w64_d5,20,20,Q2,21,7210,2225,0.80584,0.87377,0.80976,0.94876
B_cldice_w64_d5_s1,B_cldice_w64_d5,20,20,Q3,0,6951,2027,0.86654,0.95427,0.9146,0.99753
B_cldice_w64_d5_s1,B_cldice_w64_d5,20,20,Q4_clearest,0,4693,1197,0.94009,0.98814,0.97656,1.0
B_cldice_w64_d5_s2,B_cldice_w64_d5,01,0,Q1_dimmest,218,4597,1791,0.58129,0.55434,0.57397,0.53601
B_cldice_w64_d5_s2,B_cldice_w64_d5,01,0,Q2,63,6946,2500,0.78764,0.8361,0.79703,0.8792
B_cldice_w64_d5_s2,B_cldice_w64_d5,01,0,Q3,12,8473,2538,0.85955,0.95567,0.93512,0.97715
B_cldice_w64_d5_s2,B_cldice_w64_d5,01,0,Q4_clearest,0,9424,2483,0.92363,0.99115,0.98363,0.99879
B_cldice_w64_d5_s2,B_cldice_w64_d5,01,20,Q1_dimmest,209,4597,1791,0.57872,0.55042,0.57997,0.52373
B_cldice_w64_d5_s2,B_cldice_w64_d5,01,20,Q2,61,6946,2500,0.78757,0.83804,0.80526,0.8736
B_cldice_w64_d5_s2,B_cldice_w64_d5,01,20,Q3,11,8473,2538,0.8594,0.9567,0.94,0.974
B_cldice_w64_d5_s2,B_cldice_w64_d5,01,20,Q4_clearest,0,9424,2483,0.92365,0.99155,0.98442,0.99879
B_cldice_w64_d5_s2,B_cldice_w64_d5,02,0,Q1_dimmest,236,5691,1790,0.5186,0.45818,0.48441,0.43464
B_cldice_w64_d5_s2,B_cldice_w64_d5,02,0,Q2,52,6606,1861,0.80138,0.79469,0.74118,0.85653
B_cldice_w64_d5_s2,B_cldice_w64_d5,02,0,Q3,2,8662,2260,0.89716,0.95069,0.9153,0.98894
B_cldice_w64_d5_s2,B_cldice_w64_d5,02,0,Q4_clearest,0,12831,3378,0.95977,0.99261,0.98532,1.0
B_cldice_w64_d5_s2,B_cldice_w64_d5,02,20,Q1_dimmest,215,5691,1790,0.51849,0.45661,0.51333,0.41117
B_cldice_w64_d5_s2,B_cldice_w64_d5,02,20,Q2,49,6606,1861,0.80023,0.79034,0.74505,0.84148
B_cldice_w64_d5_s2,B_cldice_w64_d5,02,20,Q3,2,8662,2260,0.89816,0.95295,0.92102,0.98717
B_cldice_w64_d5_s2,B_cldice_w64_d5,02,20,Q4_clearest,0,12831,3378,0.95981,0.99275,0.9856,1.0
B_cldice_w64_d5_s2,B_cldice_w64_d5,03,0,Q1_dimmest,278,10358,3377,0.52761,0.50643,0.5997,0.43826
B_cldice_w64_d5_s2,B_cldice_w64_d5,03,0,Q2,53,9353,2708,0.8246,0.8569,0.84698,0.86706
B_cldice_w64_d5_s2,B_cldice_w64_d5,03,0,Q3,5,8095,2089,0.93476,0.97302,0.97622,0.96984
B_cldice_w64_d5_s2,B_cldice_w64_d5,03,0,Q4_clearest,0,5087,1047,0.98823,0.99857,1.0,0.99713
B_cldice_w64_d5_s2,B_cldice_w64_d5,03,20,Q1_dimmest,259,10358,3377,0.52856,0.50862,0.62753,0.4276
B_cldice_w64_d5_s2,B_cldice_w64_d5,03,20,Q2,48,9353,2708,0.82461,0.85732,0.85208,0.86263
B_cldice_w64_d5_s2,B_cldice_w64_d5,03,20,Q3,5,8095,2089,0.93478,0.97343,0.97802,0.96888
B_cldice_w64_d5_s2,B_cldice_w64_d5,03,20,Q4_clearest,0,5087,1047,0.98823,0.99857,1.0,0.99713
B_cldice_w64_d5_s2,B_cldice_w64_d5,04,0,Q1_dimmest,235,7750,3035,0.51595,0.46544,0.60912,0.37661
B_cldice_w64_d5_s2,B_cldice_w64_d5,04,0,Q2,40,6017,1865,0.81156,0.83461,0.8027,0.86917
B_cldice_w64_d5_s2,B_cldice_w64_d5,04,0,Q3,5,6293,1680,0.91259,0.9602,0.94809,0.97262
B_cldice_w64_d5_s2,B_cldice_w64_d5,04,0,Q4_clearest,0,10294,2346,0.9742,0.9928,0.9882,0.99744
B_cldice_w64_d5_s2,B_cldice_w64_d5,04,20,Q1_dimmest,215,7750,3035,0.51379,0.46252,0.628,0.36606
B_cldice_w64_d5_s2,B_cldice_w64_d5,04,20,Q2,36,6017,1865,0.81011,0.82995,0.80612,0.85523
B_cldice_w64_d5_s2,B_cldice_w64_d5,04,20,Q3,5,6293,1680,0.91273,0.96078,0.94922,0.97262
B_cldice_w64_d5_s2,B_cldice_w64_d5,04,20,Q4_clearest,0,10294,2346,0.97466,0.99448,0.99154,0.99744
B_cldice_w64_d5_s2,B_cldice_w64_d5,05,0,Q1_dimmest,281,9685,3539,0.50319,0.42853,0.61973,0.32749
B_cldice_w64_d5_s2,B_cldice_w64_d5,05,0,Q2,50,7440,2198,0.84001,0.83321,0.81973,0.84713
B_cldice_w64_d5_s2,B_cldice_w64_d5,05,0,Q3,1,7606,2186,0.93586,0.98343,0.97435,0.99268
B_cldice_w64_d5_s2,B_cldice_w64_d5,05,0,Q4_clearest,0,6179,1663,0.97438,0.99768,0.99538,1.0
B_cldice_w64_d5_s2,B_cldice_w64_d5,05,20,Q1_dimmest,258,9685,3539,0.49782,0.41855,0.63232,0.3128
B_cldice_w64_d5_s2,B_cldice_w64_d5,05,20,Q2,47,7440,2198,0.84105,0.83618,0.83299,0.8394
B_cldice_w64_d5_s2,B_cldice_w64_d5,05,20,Q3,1,7606,2186,0.93626,0.98454,0.97698,0.99222
B_cldice_w64_d5_s2,B_cldice_w64_d5,05,20,Q4_clearest,0,6179,1663,0.97438,0.99768,0.99538,1.0
B_cldice_w64_d5_s2,B_cldice_w64_d5,06,0,Q1_dimmest,367,10790,3981,0.51935,0.47569,0.65477,0.37352
B_cldice_w64_d5_s2,B_cldice_w64_d5,06,0,Q2,48,7933,2378,0.83662,0.83468,0.85216,0.81791
B_cldice_w64_d5_s2,B_cldice_w64_d5,06,0,Q3,2,7891,2229,0.94744,0.98126,0.96954,0.99327
B_cldice_w64_d5_s2,B_cldice_w64_d5,06,0,Q4_clearest,0,5502,1401,0.9818,0.99859,0.99718,1.0
B_cldice_w64_d5_s2,B_cldice_w64_d5,06,20,Q1_dimmest,336,10790,3981,0.51587,0.46907,0.68761,0.35594
B_cldice_w64_d5_s2,B_cldice_w64_d5,06,20,Q2,46,7933,2378,0.83668,0.83375,0.8614,0.80782
B_cldice_w64_d5_s2,B_cldice_w64_d5,06,20,Q3,2,7891,2229,0.94784,0.98255,0.97249,0.99282
B_cldice_w64_d5_s2,B_cldice_w64_d5,06,20,Q4_clearest,0,5502,1401,0.9818,0.99859,0.99718,1.0
B_cldice_w64_d5_s2,B_cldice_w64_d5,07,0,Q1_dimmest,238,8316,2808,0.49817,0.4616,0.64069,0.36075
B_cldice_w64_d5_s2,B_cldice_w64_d5,07,0,Q2,63,7149,2172,0.80991,0.80944,0.81414,0.80479
B_cldice_w64_d5_s2,B_cldice_w64_d5,07,0,Q3,3,7254,1955,0.91807,0.96354,0.9452,0.98261
B_cldice_w64_d5_s2,B_cldice_w64_d5,07,0,Q4_clearest,1,7433,2033,0.97024,0.99634,0.99368,0.99902
B_cldice_w64_d5_s2,B_cldice_w64_d5,07,20,Q1_dimmest,221,8316,2808,0.49451,0.44996,0.6593,0.34152
B_cldice_w64_d5_s2,B_cldice_w64_d5,07,20,Q2,60,7149,2172,0.80995,0.80948,0.8224,0.79696
B_cldice_w64_d5_s2,B_cldice_w64_d5,07,20,Q3,3,7254,1955,0.91812,0.96379,0.94567,0.98261
B_cldice_w64_d5_s2,B_cldice_w64_d5,07,20,Q4_clearest,1,7433,2033,0.97024,0.99634,0.99368,0.99902
B_cldice_w64_d5_s2,B_cldice_w64_d5,08,0,Q1_dimmest,268,9976,3245,0.55588,0.50556,0.61045,0.43143
B_cldice_w64_d5_s2,B_cldice_w64_d5,08,0,Q2,45,8461,2479,0.84236,0.84411,0.83104,0.8576
B_cldice_w64_d5_s2,B_cldice_w64_d5,08,0,Q3,6,6640,1970,0.92979,0.97198,0.96194,0.98223
B_cldice_w64_d5_s2,B_cldice_w64_d5,08,0,Q4_clearest,0,3312,891,0.97255,0.98992,0.98883,0.99102
B_cldice_w64_d5_s2,B_cldice_w64_d5,08,20,Q1_dimmest,246,9976,3245,0.5552,0.50247,0.62932,0.41818
B_cldice_w64_d5_s2,B_cldice_w64_d5,08,20,Q2,42,8461,2479,0.84147,0.83997,0.8353,0.8447
B_cldice_w64_d5_s2,B_cldice_w64_d5,08,20,Q3,6,6640,1970,0.93014,0.97242,0.96476,0.9802
B_cldice_w64_d5_s2,B_cldice_w64_d5,08,20,Q4_clearest,0,3312,891,0.97255,0.98992,0.98883,0.99102
B_cldice_w64_d5_s2,B_cldice_w64_d5,09,0,Q1_dimmest,282,9368,3406,0.56681,0.53079,0.65419,0.44656
B_cldice_w64_d5_s2,B_cldice_w64_d5,09,0,Q2,41,7639,2383,0.8536,0.87307,0.83993,0.90894
B_cldice_w64_d5_s2,B_cldice_w64_d5,09,0,Q3,0,6249,1936,0.93782,0.98706,0.97543,0.99897
B_cldice_w64_d5_s2,B_cldice_w64_d5,09,0,Q4_clearest,0,3485,1001,0.98128,1.0,1.0,1.0
B_cldice_w64_d5_s2,B_cldice_w64_d5,09,20,Q1_dimmest,260,9368,3406,0.56531,0.52723,0.67661,0.43188
B_cldice_w64_d5_s2,B_cldice_w64_d5,09,20,Q2,34,7639,2383,0.85206,0.86962,0.84148,0.89971
B_cldice_w64_d5_s2,B_cldice_w64_d5,09,20,Q3,0,6249,1936,0.93782,0.98706,0.97543,0.99897
B_cldice_w64_d5_s2,B_cldice_w64_d5,09,20,Q4_clearest,0,3485,1001,0.98128,1.0,1.0,1.0
B_cldice_w64_d5_s2,B_cldice_w64_d5,10,0,Q1_dimmest,301,7560,3177,0.54685,0.49044,0.57017,0.43028
B_cldice_w64_d5_s2,B_cldice_w64_d5,10,0,Q2,46,6756,2369,0.81722,0.8195,0.78522,0.8569
B_cldice_w64_d5_s2,B_cldice_w64_d5,10,0,Q3,3,6741,2035,0.90656,0.96281,0.93605,0.99115
B_cldice_w64_d5_s2,B_cldice_w64_d5,10,0,Q4_clearest,0,6099,1556,0.95738,0.99568,0.9914,1.0
B_cldice_w64_d5_s2,B_cldice_w64_d5,10,20,Q1_dimmest,284,7560,3177,0.54634,0.48851,0.59012,0.41675
B_cldice_w64_d5_s2,B_cldice_w64_d5,10,20,Q2,45,6756,2369,0.81578,0.81487,0.78638,0.8455
B_cldice_w64_d5_s2,B_cldice_w64_d5,10,20,Q3,2,6741,2035,0.90709,0.96416,0.94126,0.98821
B_cldice_w64_d5_s2,B_cldice_w64_d5,10,20,Q4_clearest,0,6099,1556,0.95738,0.99568,0.9914,1.0
B_cldice_w64_d5_s2,B_cldice_w64_d5,11,0,Q1_dimmest,308,6386,2930,0.49329,0.40666,0.52024,0.33379
B_cldice_w64_d5_s2,B_cldice_w64_d5,11,0,Q2,73,5601,2186,0.77867,0.73776,0.70975,0.76807
B_cldice_w64_d5_s2,B_cldice_w64_d5,11,0,Q3,6,6593,2129,0.86277,0.91872,0.87726,0.9643
B_cldice_w64_d5_s2,B_cldice_w64_d5,11,0,Q4_clearest,1,10959,3211,0.93666,0.98427,0.9705,0.99844
B_cldice_w64_d5_s2,B_cldice_w64_d5,11,20,Q1_dimmest,289,6386,2930,0.48968,0.39748,0.52688,0.31911
B_cldice_w64_d5_s2,B_cldice_w64_d5,11,20,Q2,67,5601,2186,0.77798,0.73584,0.71698,0.75572
B_cldice_w64_d5_s2,B_cldice_w64_d5,11,20,Q3,5,6593,2129,0.86305,0.91982,0.88044,0.96289
B_cldice_w64_d5_s2,B_cldice_w64_d5,11,20,Q4_clearest,1,10959,3211,0.93666,0.98427,0.9705,0.99844
B_cldice_w64_d5_s2,B_cldice_w64_d5,12,0,Q1_dimmest,223,6741,2151,0.58734,0.56324,0.63908,0.50349
B_cldice_w64_d5_s2,B_cldice_w64_d5,12,0,Q2,77,7686,2661,0.82006,0.83395,0.8086,0.86095
B_cldice_w64_d5_s2,B_cldice_w64_d5,12,0,Q3,4,7976,2374,0.90315,0.96476,0.94705,0.98315
B_cldice_w64_d5_s2,B_cldice_w64_d5,12,0,Q4_clearest,0,6087,1526,0.95849,0.99518,0.99041,1.0
B_cldice_w64_d5_s2,B_cldice_w64_d5,12,20,Q1_dimmest,209,6741,2151,0.58663,0.56494,0.66694,0.49
B_cldice_w64_d5_s2,B_cldice_w64_d5,12,20,Q2,72,7686,2661,0.81997,0.83413,0.82125,0.84743
B_cldice_w64_d5_s2,B_cldice_w64_d5,12,20,Q3,4,7976,2374,0.90338,0.96526,0.95077,0.9802
B_cldice_w64_d5_s2,B_cldice_w64_d5,12,20,Q4_clearest,0,6087,1526,0.95849,0.99518,0.99041,1.0
B_cldice_w64_d5_s2,B_cldice_w64_d5,13,0,Q1_dimmest,279,8947,3161,0.54814,0.50136,0.57127,0.44669
B_cldice_w64_d5_s2,B_cldice_w64_d5,13,0,Q2,74,7970,2798,0.81449,0.81137,0.7927,0.83095
B_cldice_w64_d5_s2,B_cldice_w64_d5,13,0,Q3,9,7295,2120,0.91185,0.95458,0.93284,0.97736
B_cldice_w64_d5_s2,B_cldice_w64_d5,13,0,Q4_clearest,0,8047,2107,0.97543,0.99857,0.99714,1.0
B_cldice_w64_d5_s2,B_cldice_w64_d5,13,20,Q1_dimmest,252,8947,3161,0.54545,0.49556,0.58544,0.42961
B_cldice_w64_d5_s2,B_cldice_w64_d5,13,20,Q2,67,7970,2798,0.81441,0.80853,0.80438,0.81272
B_cldice_w64_d5_s2,B_cldice_w64_d5,13,20,Q3,8,7295,2120,0.91265,0.95704,0.93799,0.97689
B_cldice_w64_d5_s2,B_cldice_w64_d5,13,20,Q4_clearest,0,8047,2107,0.97543,0.99857,0.99714,1.0
B_cldice_w64_d5_s2,B_cldice_w64_d5,14,0,Q1_dimmest,209,4886,1623,0.53095,0.49472,0.4953,0.49415
B_cldice_w64_d5_s2,B_cldice_w64_d5,14,0,Q2,72,6453,2243,0.77949,0.77335,0.70893,0.85065
B_cldice_w64_d5_s2,B_cldice_w64_d5,14,0,Q3,10,8104,2470,0.87969,0.93692,0.8913,0.98745
B_cldice_w64_d5_s2,B_cldice_w64_d5,14,0,Q4_clearest,0,7234,2022,0.95058,0.99174,0.98361,1.0
B_cldice_w64_d5_s2,B_cldice_w64_d5,14,20,Q1_dimmest,189,4886,1623,0.53497,0.50256,0.5374,0.47197
B_cldice_w64_d5_s2,B_cldice_w64_d5,14,20,Q2,68,6453,2243,0.78162,0.77821,0.72727,0.83683
B_cldice_w64_d5_s2,B_cldice_w64_d5,14,20,Q3,10,8104,2470,0.88146,0.94178,0.90184,0.98543
B_cldice_w64_d5_s2,B_cldice_w64_d5,14,20,Q4_clearest,0,7234,2022,0.95058,0.99174,0.98361,1.0
B_cldice_w64_d5_s2,B_cldice_w64_d5,15,0,Q1_dimmest,158,4357,1638,0.53544,0.53275,0.54397,0.52198
B_cldice_w64_d5_s2,B_cldice_w64_d5,15,0,Q2,41,5141,1751,0.76964,0.78894,0.70755,0.89149
B_cldice_w64_d5_s2,B_cldice_w64_d5,15,0,Q3,5,6066,1760,0.8588,0.92878,0.87621,0.98807
B_cldice_w64_d5_s2,B_cldice_w64_d5,15,0,Q4_clearest,0,8050,2502,0.93711,0.989,0.97824,1.0
B_cldice_w64_d5_s2,B_cldice_w64_d5,15,20,Q1_dimmest,147,4357,1638,0.53851,0.54343,0.58107,0.51038
B_cldice_w64_d5_s2,B_cldice_w64_d5,15,20,Q2,38,5141,1751,0.77125,0.79349,0.71861,0.88578
B_cldice_w64_d5_s2,B_cldice_w64_d5,15,20,Q3,5,6066,1760,0.86218,0.93815,0.89303,0.98807
B_cldice_w64_d5_s2,B_cldice_w64_d5,15,20,Q4_clearest,0,8050,2502,0.93739,0.98997,0.98015,1.0
B_cldice_w64_d5_s2,B_cldice_w64_d5,16,0,Q1_dimmest,250,6445,1959,0.58757,0.59935,0.71664,0.51506
B_cldice_w64_d5_s2,B_cldice_w64_d5,16,0,Q2,60,6977,2256,0.83358,0.87468,0.88248,0.86702
B_cldice_w64_d5_s2,B_cldice_w64_d5,16,0,Q3,3,7630,2131,0.88928,0.95463,0.92199,0.98968
B_cldice_w64_d5_s2,B_cldice_w64_d5,16,0,Q4_clearest,0,8739,2466,0.93276,0.97958,0.95997,1.0
B_cldice_w64_d5_s2,B_cldice_w64_d5,16,20,Q1_dimmest,239,6445,1959,0.58819,0.60339,0.74859,0.50536
B_cldice_w64_d5_s2,B_cldice_w64_d5,16,20,Q2,57,6977,2256,0.83415,0.8761,0.89481,0.85816
B_cldice_w64_d5_s2,B_cldice_w64_d5,16,20,Q3,3,7630,2131,0.88974,0.95646,0.92582,0.98921
B_cldice_w64_d5_s2,B_cldice_w64_d5,16,20,Q4_clearest,0,8739,2466,0.93375,0.98233,0.96527,1.0
B_cldice_w64_d5_s2,B_cldice_w64_d5,17,0,Q1_dimmest,259,7862,2585,0.5762,0.58471,0.72705,0.48897
B_cldice_w64_d5_s2,B_cldice_w64_d5,17,0,Q2,55,7104,2140,0.8402,0.87596,0.87951,0.87243
B_cldice_w64_d5_s2,B_cldice_w64_d5,17,0,Q3,7,7222,1826,0.90409,0.97201,0.9576,0.98686
B_cldice_w64_d5_s2,B_cldice_w64_d5,17,0,Q4_clearest,0,5664,1433,0.92767,0.99193,0.98466,0.9993
B_cldice_w64_d5_s2,B_cldice_w64_d5,17,20,Q1_dimmest,241,7862,2585,0.5757,0.58656,0.75953,0.47776
B_cldice_w64_d5_s2,B_cldice_w64_d5,17,20,Q2,53,7104,2140,0.84122,0.88059,0.89529,0.86636
B_cldice_w64_d5_s2,B_cldice_w64_d5,17,20,Q3,7,7222,1826,0.90566,0.97662,0.9666,0.98686
B_cldice_w64_d5_s2,B_cldice_w64_d5,17,20,Q4_clearest,0,5664,1433,0.92828,0.99437,0.98949,0.9993
B_cldice_w64_d5_s2,B_cldice_w64_d5,18,0,Q1_dimmest,179,4966,1759,0.62994,0.6267,0.66595,0.59181
B_cldice_w64_d5_s2,B_cldice_w64_d5,18,0,Q2,47,6044,1968,0.81856,0.88056,0.86297,0.89888
B_cldice_w64_d5_s2,B_cldice_w64_d5,18,0,Q3,2,7429,2081,0.85453,0.96591,0.93959,0.99375
B_cldice_w64_d5_s2,B_cldice_w64_d5,18,0,Q4_clearest,1,7705,1851,0.89592,0.98675,0.97436,0.99946
B_cldice_w64_d5_s2,B_cldice_w64_d5,18,20,Q1_dimmest,173,4966,1759,0.63464,0.63771,0.70416,0.58272
B_cldice_w64_d5_s2,B_cldice_w64_d5,18,20,Q2,47,6044,1968,0.81892,0.88158,0.8697,0.8938
B_cldice_w64_d5_s2,B_cldice_w64_d5,18,20,Q3,2,7429,2081,0.85628,0.97131,0.94986,0.99375
B_cldice_w64_d5_s2,B_cldice_w64_d5,18,20,Q4_clearest,1,7705,1851,0.89628,0.98803,0.97686,0.99946
B_cldice_w64_d5_s2,B_cldice_w64_d5,19,0,Q1_dimmest,149,3731,1722,0.64328,0.65865,0.68924,0.63066
B_cldice_w64_d5_s2,B_cldice_w64_d5,19,0,Q2,43,6957,2067,0.78353,0.84306,0.77445,0.92501
B_cldice_w64_d5_s2,B_cldice_w64_d5,19,0,Q3,5,8771,2610,0.8856,0.96248,0.93538,0.99119
B_cldice_w64_d5_s2,B_cldice_w64_d5,19,0,Q4_clearest,0,7909,2077,0.96181,0.9973,0.9951,0.99952
B_cldice_w64_d5_s2,B_cldice_w64_d5,19,20,Q1_dimmest,138,3731,1722,0.64352,0.66382,0.71713,0.61789
B_cldice_w64_d5_s2,B_cldice_w64_d5,19,20,Q2,42,6957,2067,0.78543,0.84904,0.7899,0.91776
B_cldice_w64_d5_s2,B_cldice_w64_d5,19,20,Q3,5,8771,2610,0.88614,0.964,0.93861,0.9908
B_cldice_w64_d5_s2,B_cldice_w64_d5,19,20,Q4_clearest,0,7909,2077,0.96181,0.9973,0.9951,0.99952
B_cldice_w64_d5_s2,B_cldice_w64_d5,20,0,Q1_dimmest,176,5411,1924,0.6385,0.63817,0.61813,0.65956
B_cldice_w64_d5_s2,B_cldice_w64_d5,20,0,Q2,30,7210,2225,0.79356,0.847,0.77581,0.93258
B_cldice_w64_d5_s2,B_cldice_w64_d5,20,0,Q3,3,6951,2027,0.86065,0.94702,0.90544,0.9926
B_cldice_w64_d5_s2,B_cldice_w64_d5,20,0,Q4_clearest,0,4693,1197,0.93498,0.98685,0.97404,1.0
B_cldice_w64_d5_s2,B_cldice_w64_d5,20,20,Q1_dimmest,162,5411,1924,0.63904,0.64029,0.63972,0.64085
B_cldice_w64_d5_s2,B_cldice_w64_d5,20,20,Q2,27,7210,2225,0.79422,0.84947,0.788,0.92135
B_cldice_w64_d5_s2,B_cldice_w64_d5,20,20,Q3,3,6951,2027,0.86259,0.95286,0.91617,0.9926
B_cldice_w64_d5_s2,B_cldice_w64_d5,20,20,Q4_clearest,0,4693,1197,0.93498,0.98685,0.97404,1.0
B_cldice_w64_d5_s3,B_cldice_w64_d5,01,0,Q1_dimmest,212,4597,1791,0.57884,0.57316,0.56218,0.58459
B_cldice_w64_d5_s3,B_cldice_w64_d5,01,0,Q2,56,6946,2500,0.78022,0.84154,0.78836,0.9024
B_cldice_w64_d5_s3,B_cldice_w64_d5,01,0,Q3,9,8473,2538,0.86607,0.96131,0.94195,0.98148
B_cldice_w64_d5_s3,B_cldice_w64_d5,01,0,Q4_clearest,0,9424,2483,0.93291,0.99243,0.98615,0.99879
B_cldice_w64_d5_s3,B_cldice_w64_d5,01,20,Q1_dimmest,202,4597,1791,0.57816,0.57056,0.57389,0.56728
B_cldice_w64_d5_s3,B_cldice_w64_d5,01,20,Q2,50,6946,2500,0.77883,0.83802,0.78864,0.894
B_cldice_w64_d5_s3,B_cldice_w64_d5,01,20,Q3,9,8473,2538,0.86591,0.96142,0.94436,0.97912
B_cldice_w64_d5_s3,B_cldice_w64_d5,01,20,Q4_clearest,0,9424,2483,0.93291,0.99243,0.98615,0.99879
B_cldice_w64_d5_s3,B_cldice_w64_d5,02,0,Q1_dimmest,239,5691,1790,0.4895,0.48276,0.49958,0.46704
B_cldice_w64_d5_s3,B_cldice_w64_d5,02,0,Q2,42,6606,1861,0.79779,0.79609,0.7361,0.86674
B_cldice_w64_d5_s3,B_cldice_w64_d5,02,0,Q3,1,8662,2260,0.90331,0.95507,0.92192,0.99071
B_cldice_w64_d5_s3,B_cldice_w64_d5,02,0,Q4_clearest,0,12831,3378,0.9665,0.99345,0.98699,1.0
B_cldice_w64_d5_s3,B_cldice_w64_d5,02,20,Q1_dimmest,222,5691,1790,0.48828,0.48085,0.50943,0.45531
B_cldice_w64_d5_s3,B_cldice_w64_d5,02,20,Q2,41,6606,1861,0.79807,0.7984,0.74521,0.85975
B_cldice_w64_d5_s3,B_cldice_w64_d5,02,20,Q3,1,8662,2260,0.90437,0.95979,0.93075,0.99071
B_cldice_w64_d5_s3,B_cldice_w64_d5,02,20,Q4_clearest,0,12831,3378,0.9665,0.99345,0.98699,1.0
B_cldice_w64_d5_s3,B_cldice_w64_d5,03,0,Q1_dimmest,266,10358,3377,0.50791,0.50713,0.5842,0.44803
B_cldice_w64_d5_s3,B_cldice_w64_d5,03,0,Q2,44,9353,2708,0.82718,0.85492,0.83759,0.87297
B_cldice_w64_d5_s3,B_cldice_w64_d5,03,0,Q3,9,8095,2089,0.93884,0.97096,0.96357,0.97846
B_cldice_w64_d5_s3,B_cldice_w64_d5,03,0,Q4_clearest,0,5087,1047,0.99015,0.99861,0.99913,0.99809
B_cldice_w64_d5_s3,B_cldice_w64_d5,03,20,Q1_dimmest,249,10358,3377,0.50621,0.50531,0.59278,0.44033
B_cldice_w64_d5_s3,B_cldice_w64_d5,03,20,Q2,36,9353,2708,0.82712,0.85497,0.84148,0.86891
B_cldice_w64_d5_s3,B_cldice_w64_d5,03,20,Q3,9,8095,2089,0.93916,0.97294,0.96749,0.97846
B_cldice_w64_d5_s3,B_cldice_w64_d5,03,20,Q4_clearest,0,5087,1047,0.99015,0.99861,0.99913,0.99809
B_cldice_w64_d5_s3,B_cldice_w64_d5,04,0,Q1_dimmest,231,7750,3035,0.48933,0.47876,0.60983,0.39407
B_cldice_w64_d5_s3,B_cldice_w64_d5,04,0,Q2,35,6017,1865,0.80466,0.8378,0.80723,0.87078
B_cldice_w64_d5_s3,B_cldice_w64_d5,04,0,Q3,7,6293,1680,0.91924,0.9624,0.94344,0.98214
B_cldice_w64_d5_s3,B_cldice_w64_d5,04,0,Q4_clearest,0,10294,2346,0.97727,0.99433,0.99124,0.99744
B_cldice_w64_d5_s3,B_cldice_w64_d5,04,20,Q1_dimmest,213,7750,3035,0.48678,0.4745,0.62292,0.3832
B_cldice_w64_d5_s3,B_cldice_w64_d5,04,20,Q2,30,6017,1865,0.80278,0.83349,0.809,0.85952
B_cldice_w64_d5_s3,B_cldice_w64_d5,04,20,Q3,5,6293,1680,0.91883,0.96119,0.94331,0.97976
B_cldice_w64_d5_s3,B_cldice_w64_d5,04,20,Q4_clearest,0,10294,2346,0.97732,0.99454,0.99166,0.99744
B_cldice_w64_d5_s3,B_cldice_w64_d5,05,0,Q1_dimmest,274,9685,3539,0.48523,0.42893,0.62968,0.32523
B_cldice_w64_d5_s3,B_cldice_w64_d5,05,0,Q2,29,7440,2198,0.84179,0.8454,0.83183,0.85942
B_cldice_w64_d5_s3,B_cldice_w64_d5,05,0,Q3,1,7606,2186,0.94068,0.98333,0.97459,0.99222
B_cldice_w64_d5_s3,B_cldice_w64_d5,05,0,Q4_clearest,0,6179,1663,0.97853,0.99654,0.9943,0.9988
B_cldice_w64_d5_s3,B_cldice_w64_d5,05,20,Q1_dimmest,254,9685,3539,0.48257,0.42132,0.63919,0.31421
B_cldice_w64_d5_s3,B_cldice_w64_d5,05,20,Q2,28,7440,2198,0.84169,0.84596,0.84031,0.85168
B_cldice_w64_d5_s3,B_cldice_w64_d5,05,20,Q3,1,7606,2186,0.94076,0.98354,0.97722,0.98994
B_cldice_w64_d5_s3,B_cldice_w64_d5,05,20,Q4_clearest,0,6179,1663,0.97853,0.99654,0.9943,0.9988
B_cldice_w64_d5_s3,B_cldice_w64_d5,06,0,Q1_dimmest,343,10790,3981,0.50602,0.48922,0.63689,0.39714
B_cldice_w64_d5_s3,B_cldice_w64_d5,06,0,Q2,43,7933,2378,0.83548,0.83722,0.84664,0.82801
B_cldice_w64_d5_s3,B_cldice_w64_d5,06,0,Q3,3,7891,2229,0.95193,0.98608,0.97857,0.99372
B_cldice_w64_d5_s3,B_cldice_w64_d5,06,0,Q4_clearest,0,5502,1401,0.98303,0.9979,0.9958,1.0
B_cldice_w64_d5_s3,B_cldice_w64_d5,06,20,Q1_dimmest,309,10790,3981,0.50371,0.48504,0.66025,0.38332
B_cldice_w64_d5_s3,B_cldice_w64_d5,06,20,Q2,41,7933,2378,0.83349,0.83143,0.85132,0.81245
B_cldice_w64_d5_s3,B_cldice_w64_d5,06,20,Q3,2,7891,2229,0.95185,0.98541,0.97854,0.99237
B_cldice_w64_d5_s3,B_cldice_w64_d5,06,20,Q4_clearest,0,5502,1401,0.9832,0.9986,0.9972,1.0
B_cldice_w64_d5_s3,B_cldice_w64_d5,07,0,Q1_dimmest,226,8316,2808,0.49205,0.48563,0.69496,0.37322
B_cldice_w64_d5_s3,B_cldice_w64_d5,07,0,Q2,45,7149,2172,0.81467,0.82581,0.82473,0.82689
B_cldice_w64_d5_s3,B_cldice_w64_d5,07,0,Q3,5,7254,1955,0.92694,0.96734,0.95789,0.97698
B_cldice_w64_d5_s3,B_cldice_w64_d5,07,0,Q4_clearest,1,7433,2033,0.97218,0.99608,0.99561,0.99656
B_cldice_w64_d5_s3,B_cldice_w64_d5,07,20,Q1_dimmest,209,8316,2808,0.48867,0.47735,0.70942,0.35969
B_cldice_w64_d5_s3,B_cldice_w64_d5,07,20,Q2,40,7149,2172,0.8153,0.82813,0.83934,0.81722
B_cldice_w64_d5_s3,B_cldice_w64_d5,07,20,Q3,5,7254,1955,0.92747,0.96854,0.96123,0.97596
B_cldice_w64_d5_s3,B_cldice_w64_d5,07,20,Q4_clearest,1,7433,2033,0.97218,0.99608,0.99561,0.99656
B_cldice_w64_d5_s3,B_cldice_w64_d5,08,0,Q1_dimmest,289,9976,3245,0.53664,0.52267,0.64021,0.4416
B_cldice_w64_d5_s3,B_cldice_w64_d5,08,0,Q2,32,8461,2479,0.84625,0.85708,0.82941,0.88665
B_cldice_w64_d5_s3,B_cldice_w64_d5,08,0,Q3,7,6640,1970,0.93469,0.97295,0.96581,0.9802
B_cldice_w64_d5_s3,B_cldice_w64_d5,08,0,Q4_clearest,0,3312,891,0.97747,0.99275,0.99223,0.99327
B_cldice_w64_d5_s3,B_cldice_w64_d5,08,20,Q1_dimmest,260,9976,3245,0.5353,0.51922,0.66419,0.42619
B_cldice_w64_d5_s3,B_cldice_w64_d5,08,20,Q2,31,8461,2479,0.84555,0.85488,0.8317,0.87939
B_cldice_w64_d5_s3,B_cldice_w64_d5,08,20,Q3,7,6640,1970,0.93535,0.97466,0.96917,0.9802
B_cldice_w64_d5_s3,B_cldice_w64_d5,08,20,Q4_clearest,0,3312,891,0.97761,0.99274,0.99333,0.99214
B_cldice_w64_d5_s3,B_cldice_w64_d5,09,0,Q1_dimmest,273,9368,3406,0.56405,0.54992,0.67451,0.46418
B_cldice_w64_d5_s3,B_cldice_w64_d5,09,0,Q2,28,7639,2383,0.85649,0.87794,0.83899,0.92069
B_cldice_w64_d5_s3,B_cldice_w64_d5,09,0,Q3,0,6249,1936,0.94588,0.98611,0.9731,0.99948
B_cldice_w64_d5_s3,B_cldice_w64_d5,09,0,Q4_clearest,0,3485,1001,0.98197,1.0,1.0,1.0
B_cldice_w64_d5_s3,B_cldice_w64_d5,09,20,Q1_dimmest,253,9368,3406,0.56122,0.54421,0.68605,0.45097
B_cldice_w64_d5_s3,B_cldice_w64_d5,09,20,Q2,28,7639,2383,0.85579,0.87582,0.83895,0.91607
B_cldice_w64_d5_s3,B_cldice_w64_d5,09,20,Q3,0,6249,1936,0.94595,0.98637,0.9736,0.99948
B_cldice_w64_d5_s3,B_cldice_w64_d5,09,20,Q4_clearest,0,3485,1001,0.98197,1.0,1.0,1.0
B_cldice_w64_d5_s3,B_cldice_w64_d5,10,0,Q1_dimmest,284,7560,3177,0.52152,0.48008,0.54444,0.42934
B_cldice_w64_d5_s3,B_cldice_w64_d5,10,0,Q2,42,6756,2369,0.80689,0.81449,0.77746,0.85521
B_cldice_w64_d5_s3,B_cldice_w64_d5,10,0,Q3,4,6741,2035,0.91206,0.96197,0.93402,0.99165
B_cldice_w64_d5_s3,B_cldice_w64_d5,10,0,Q4_clearest,0,6099,1556,0.96199,0.9957,0.99143,1.0
B_cldice_w64_d5_s3,B_cldice_w64_d5,10,20,Q1_dimmest,267,7560,3177,0.52266,0.48376,0.56765,0.42147
B_cldice_w64_d5_s3,B_cldice_w64_d5,10,20,Q2,41,6756,2369,0.80582,0.81169,0.77905,0.84719
B_cldice_w64_d5_s3,B_cldice_w64_d5,10,20,Q3,4,6741,2035,0.9127,0.96452,0.93972,0.99066
B_cldice_w64_d5_s3,B_cldice_w64_d5,10,20,Q4_clearest,0,6099,1556,0.96199,0.9957,0.99143,1.0
B_cldice_w64_d5_s3,B_cldice_w64_d5,11,0,Q1_dimmest,296,6386,2930,0.4783,0.42949,0.53892,0.357
B_cldice_w64_d5_s3,B_cldice_w64_d5,11,0,Q2,57,5601,2186,0.77496,0.75469,0.71822,0.79506
B_cldice_w64_d5_s3,B_cldice_w64_d5,11,0,Q3,12,6593,2129,0.86119,0.91599,0.875,0.96101
B_cldice_w64_d5_s3,B_cldice_w64_d5,11,0,Q4_clearest,4,10959,3211,0.93841,0.98147,0.96947,0.99377
B_cldice_w64_d5_s3,B_cldice_w64_d5,11,20,Q1_dimmest,275,6386,2930,0.47538,0.42244,0.5551,0.34096
B_cldice_w64_d5_s3,B_cldice_w64_d5,11,20,Q2,50,5601,2186,0.7754,0.75643,0.73187,0.78271
B_cldice_w64_d5_s3,B_cldice_w64_d5,11,20,Q3,12,6593,2129,0.86133,0.91638,0.87727,0.95914
B_cldice_w64_d5_s3,B_cldice_w64_d5,11,20,Q4_clearest,3,10959,3211,0.93813,0.9813,0.96973,0.99315
B_cldice_w64_d5_s3,B_cldice_w64_d5,12,0,Q1_dimmest,210,6741,2151,0.57909,0.57988,0.65574,0.51976
B_cldice_w64_d5_s3,B_cldice_w64_d5,12,0,Q2,63,7686,2661,0.8127,0.84135,0.81128,0.87373
B_cldice_w64_d5_s3,B_cldice_w64_d5,12,0,Q3,5,7976,2374,0.90117,0.95522,0.93455,0.97683
B_cldice_w64_d5_s3,B_cldice_w64_d5,12,0,Q4_clearest,2,6087,1526,0.96226,0.99227,0.9872,0.99738
B_cldice_w64_d5_s3,B_cldice_w64_d5,12,20,Q1_dimmest,201,6741,2151,0.57862,0.58169,0.68434,0.50581
B_cldice_w64_d5_s3,B_cldice_w64_d5,12,20,Q2,59,7686,2661,0.81213,0.84026,0.81649,0.86546
B_cldice_w64_d5_s3,B_cldice_w64_d5,12,20,Q3,5,7976,2374,0.90122,0.95542,0.93492,0.97683
B_cldice_w64_d5_s3,B_cldice_w64_d5,12,20,Q4_clearest,2,6087,1526,0.96226,0.99227,0.9872,0.99738
B_cldice_w64_d5_s3,B_cldice_w64_d5,13,0,Q1_dimmest,304,8947,3161,0.5195,0.49951,0.57919,0.4391
B_cldice_w64_d5_s3,B_cldice_w64_d5,13,0,Q2,75,7970,2798,0.81237,0.81057,0.77984,0.84382
B_cldice_w64_d5_s3,B_cldice_w64_d5,13,0,Q3,5,7295,2120,0.91847,0.96009,0.94254,0.9783
B_cldice_w64_d5_s3,B_cldice_w64_d5,13,0,Q4_clearest,0,8047,2107,0.97841,0.99647,0.99296,1.0
B_cldice_w64_d5_s3,B_cldice_w64_d5,13,20,Q1_dimmest,274,8947,3161,0.51785,0.49507,0.59681,0.42297
B_cldice_w64_d5_s3,B_cldice_w64_d5,13,20,Q2,71,7970,2798,0.80968,0.80332,0.78319,0.82452
B_cldice_w64_d5_s3,B_cldice_w64_d5,13,20,Q3,4,7295,2120,0.91853,0.96031,0.94298,0.9783
B_cldice_w64_d5_s3,B_cldice_w64_d5,13,20,Q4_clearest,0,8047,2107,0.97841,0.99647,0.99296,1.0
B_cldice_w64_d5_s3,B_cldice_w64_d5,14,0,Q1_dimmest,205,4886,1623,0.51475,0.50313,0.50043,0.50585
B_cldice_w64_d5_s3,B_cldice_w64_d5,14,0,Q2,47,6453,2243,0.77836,0.7783,0.70362,0.87071
B_cldice_w64_d5_s3,B_cldice_w64_d5,14,0,Q3,7,8104,2470,0.88111,0.94142,0.89715,0.99028
B_cldice_w64_d5_s3,B_cldice_w64_d5,14,0,Q4_clearest,0,7234,2022,0.95263,0.99232,0.98475,1.0
B_cldice_w64_d5_s3,B_cldice_w64_d5,14,20,Q1_dimmest,196,4886,1623,0.51737,0.51063,0.52342,0.49846
B_cldice_w64_d5_s3,B_cldice_w64_d5,14,20,Q2,46,6453,2243,0.77997,0.78363,0.71601,0.86536
B_cldice_w64_d5_s3,B_cldice_w64_d5,14,20,Q3,7,8104,2470,0.88232,0.94529,0.90454,0.98988
B_cldice_w64_d5_s3,B_cldice_w64_d5,14,20,Q4_clearest,0,7234,2022,0.95263,0.99232,0.98475,1.0
B_cldice_w64_d5_s3,B_cldice_w64_d5,15,0,Q1_dimmest,168,4357,1638,0.52882,0.55438,0.56066,0.54823
B_cldice_w64_d5_s3,B_cldice_w64_d5,15,0,Q2,21,5141,1751,0.75814,0.80343,0.71478,0.91719
B_cldice_w64_d5_s3,B_cldice_w64_d5,15,0,Q3,3,6066,1760,0.86185,0.93721,0.88585,0.99489
B_cldice_w64_d5_s3,B_cldice_w64_d5,15,0,Q4_clearest,1,8050,2502,0.93832,0.98371,0.96832,0.9996
B_cldice_w64_d5_s3,B_cldice_w64_d5,15,20,Q1_dimmest,160,4357,1638,0.53238,0.56627,0.59267,0.54212
B_cldice_w64_d5_s3,B_cldice_w64_d5,15,20,Q2,19,5141,1751,0.75964,0.80779,0.72528,0.91148
B_cldice_w64_d5_s3,B_cldice_w64_d5,15,20,Q3,3,6066,1760,0.8636,0.94255,0.89545,0.99489
B_cldice_w64_d5_s3,B_cldice_w64_d5,15,20,Q4_clearest,1,8050,2502,0.93892,0.98487,0.97057,0.9996
B_cldice_w64_d5_s3,B_cldice_w64_d5,16,0,Q1_dimmest,257,6445,1959,0.57932,0.62168,0.73328,0.53956
B_cldice_w64_d5_s3,B_cldice_w64_d5,16,0,Q2,66,6977,2256,0.83851,0.88289,0.89093,0.875
B_cldice_w64_d5_s3,B_cldice_w64_d5,16,0,Q3,2,7630,2131,0.90365,0.96159,0.93297,0.99202
B_cldice_w64_d5_s3,B_cldice_w64_d5,16,0,Q4_clearest,1,8739,2466,0.94098,0.9861,0.97297,0.99959
B_cldice_w64_d5_s3,B_cldice_w64_d5,16,20,Q1_dimmest,243,6445,1959,0.57739,0.62269,0.7602,0.52731
B_cldice_w64_d5_s3,B_cldice_w64_d5,16,20,Q2,60,6977,2256,0.83817,0.8835,0.90351,0.86436
B_cldice_w64_d5_s3,B_cldice_w64_d5,16,20,Q3,2,7630,2131,0.90528,0.96637,0.9437,0.99015
B_cldice_w64_d5_s3,B_cldice_w64_d5,16,20,Q4_clearest,1,8739,2466,0.94179,0.98849,0.97764,0.99959
B_cldice_w64_d5_s3,B_cldice_w64_d5,17,0,Q1_dimmest,256,7862,2585,0.5763,0.61035,0.7468,0.51605
B_cldice_w64_d5_s3,B_cldice_w64_d5,17,0,Q2,37,7104,2140,0.84629,0.8923,0.89255,0.89206
B_cldice_w64_d5_s3,B_cldice_w64_d5,17,0,Q3,7,7222,1826,0.91468,0.96989,0.95504,0.98521
B_cldice_w64_d5_s3,B_cldice_w64_d5,17,0,Q4_clearest,0,5664,1433,0.93681,0.99398,0.99147,0.99651
B_cldice_w64_d5_s3,B_cldice_w64_d5,17,20,Q1_dimmest,229,7862,2585,0.57257,0.60394,0.76651,0.49826
B_cldice_w64_d5_s3,B_cldice_w64_d5,17,20,Q2,35,7104,2140,0.84466,0.89014,0.89916,0.88131
B_cldice_w64_d5_s3,B_cldice_w64_d5,17,20,Q3,7,7222,1826,0.9143,0.96925,0.95587,0.98302
B_cldice_w64_d5_s3,B_cldice_w64_d5,17,20,Q4_clearest,0,5664,1433,0.93654,0.99329,0.99147,0.99512
B_cldice_w64_d5_s3,B_cldice_w64_d5,18,0,Q1_dimmest,198,4966,1759,0.6177,0.62571,0.69743,0.56737
B_cldice_w64_d5_s3,B_cldice_w64_d5,18,0,Q2,35,6044,1968,0.81892,0.88321,0.86063,0.90701
B_cldice_w64_d5_s3,B_cldice_w64_d5,18,0,Q3,1,7429,2081,0.86707,0.97411,0.95346,0.99568
B_cldice_w64_d5_s3,B_cldice_w64_d5,18,0,Q4_clearest,2,7705,1851,0.90329,0.99117,0.98458,0.99784
B_cldice_w64_d5_s3,B_cldice_w64_d5,18,20,Q1_dimmest,188,4966,1759,0.6192,0.62931,0.72586,0.55543
B_cldice_w64_d5_s3,B_cldice_w64_d5,18,20,Q2,33,6044,1968,0.81921,0.88517,0.87283,0.89787
B_cldice_w64_d5_s3,B_cldice_w64_d5,18,20,Q3,1,7429,2081,0.86786,0.97724,0.95993,0.99519
B_cldice_w64_d5_s3,B_cldice_w64_d5,18,20,Q4_clearest,2,7705,1851,0.90367,0.99296,0.98814,0.99784
B_cldice_w64_d5_s3,B_cldice_w64_d5,19,0,Q1_dimmest,154,3731,1722,0.63014,0.64964,0.67111,0.6295
B_cldice_w64_d5_s3,B_cldice_w64_d5,19,0,Q2,34,6957,2067,0.78703,0.84869,0.77953,0.9313
B_cldice_w64_d5_s3,B_cldice_w64_d5,19,0,Q3,2,8771,2610,0.89412,0.96243,0.93326,0.99349
B_cldice_w64_d5_s3,B_cldice_w64_d5,19,0,Q4_clearest,0,7909,2077,0.96696,0.99488,0.99076,0.99904
B_cldice_w64_d5_s3,B_cldice_w64_d5,19,20,Q1_dimmest,140,3731,1722,0.62468,0.64396,0.68078,0.61092
B_cldice_w64_d5_s3,B_cldice_w64_d5,19,20,Q2,32,6957,2067,0.78875,0.85617,0.79615,0.92598
B_cldice_w64_d5_s3,B_cldice_w64_d5,19,20,Q3,2,8771,2610,0.89425,0.96318,0.93468,0.99349
B_cldice_w64_d5_s3,B_cldice_w64_d5,19,20,Q4_clearest,0,7909,2077,0.96696,0.99488,0.99076,0.99904
B_cldice_w64_d5_s3,B_cldice_w64_d5,20,0,Q1_dimmest,178,5411,1924,0.62498,0.64778,0.6221,0.67568
B_cldice_w64_d5_s3,B_cldice_w64_d5,20,0,Q2,20,7210,2225,0.80654,0.86085,0.78631,0.95101
B_cldice_w64_d5_s3,B_cldice_w64_d5,20,0,Q3,1,6951,2027,0.87832,0.95333,0.91413,0.99605
B_cldice_w64_d5_s3,B_cldice_w64_d5,20,0,Q4_clearest,0,4693,1197,0.94404,0.99007,0.98033,1.0
B_cldice_w64_d5_s3,B_cldice_w64_d5,20,20,Q1_dimmest,173,5411,1924,0.62679,0.65548,0.64547,0.6658
B_cldice_w64_d5_s3,B_cldice_w64_d5,20,20,Q2,19,7210,2225,0.80855,0.8681,0.8004,0.94831
B_cldice_w64_d5_s3,B_cldice_w64_d5,20,20,Q3,1,6951,2027,0.88066,0.96215,0.93048,0.99605
B_cldice_w64_d5_s3,B_cldice_w64_d5,20,20,Q4_clearest,0,4693,1197,0.94422,0.99045,0.98109,1.0
B_cldice_w64_d5_s4,B_cldice_w64_d5,01,0,Q1_dimmest,183,4597,1791,0.60706,0.59,0.61138,0.57007
B_cldice_w64_d5_s4,B_cldice_w64_d5,01,0,Q2,51,6946,2500,0.78328,0.83581,0.78505,0.8936
B_cldice_w64_d5_s4,B_cldice_w64_d5,01,0,Q3,6,8473,2538,0.85651,0.95653,0.93069,0.98385
B_cldice_w64_d5_s4,B_cldice_w64_d5,01,0,Q4_clearest,0,9424,2483,0.92182,0.99014,0.98125,0.99919
B_cldice_w64_d5_s4,B_cldice_w64_d5,01,20,Q1_dimmest,172,4597,1791,0.60734,0.59011,0.62086,0.56226
B_cldice_w64_d5_s4,B_cldice_w64_d5,01,20,Q2,49,6946,2500,0.784,0.83702,0.79349,0.8856
B_cldice_w64_d5_s4,B_cldice_w64_d5,01,20,Q3,6,8473,2538,0.85698,0.95822,0.9339,0.98385
B_cldice_w64_d5_s4,B_cldice_w64_d5,01,20,Q4_clearest,0,9424,2483,0.92195,0.99055,0.98205,0.99919
B_cldice_w64_d5_s4,B_cldice_w64_d5,02,0,Q1_dimmest,207,5691,1790,0.53426,0.48235,0.49869,0.46704
B_cldice_w64_d5_s4,B_cldice_w64_d5,02,0,Q2,49,6606,1861,0.79801,0.78651,0.72942,0.8533
B_cldice_w64_d5_s4,B_cldice_w64_d5,02,0,Q3,1,8662,2260,0.89058,0.95117,0.91579,0.98938
B_cldice_w64_d5_s4,B_cldice_w64_d5,02,0,Q4_clearest,1,12831,3378,0.96135,0.9912,0.98369,0.99882
B_cldice_w64_d5_s4,B_cldice_w64_d5,02,20,Q1_dimmest,190,5691,1790,0.53193,0.47728,0.51654,0.44358
B_cldice_w64_d5_s4,B_cldice_w64_d5,02,20,Q2,43,6606,1861,0.79764,0.78559,0.73502,0.84363
B_cldice_w64_d5_s4,B_cldice_w64_d5,02,20,Q3,1,8662,2260,0.89105,0.95282,0.91887,0.98938
B_cldice_w64_d5_s4,B_cldice_w64_d5,02,20,Q4_clearest,1,12831,3378,0.96142,0.99148,0.98425,0.99882
B_cldice_w64_d5_s4,B_cldice_w64_d5,03,0,Q1_dimmest,246,10358,3377,0.54531,0.50776,0.56679,0.45988
B_cldice_w64_d5_s4,B_cldice_w64_d5,03,0,Q2,31,9353,2708,0.8307,0.86094,0.82896,0.89549
B_cldice_w64_d5_s4,B_cldice_w64_d5,03,0,Q3,5,8095,2089,0.93611,0.97457,0.96328,0.98612
B_cldice_w64_d5_s4,B_cldice_w64_d5,03,0,Q4_clearest,0,5087,1047,0.98843,1.0,1.0,1.0
B_cldice_w64_d5_s4,B_cldice_w64_d5,03,20,Q1_dimmest,230,10358,3377,0.54525,0.50605,0.57595,0.45129
B_cldice_w64_d5_s4,B_cldice_w64_d5,03,20,Q2,28,9353,2708,0.83053,0.86068,0.83229,0.89106
B_cldice_w64_d5_s4,B_cldice_w64_d5,03,20,Q3,5,8095,2089,0.93599,0.97335,0.96411,0.98277
B_cldice_w64_d5_s4,B_cldice_w64_d5,03,20,Q4_clearest,0,5087,1047,0.98843,1.0,1.0,1.0
B_cldice_w64_d5_s4,B_cldice_w64_d5,04,0,Q1_dimmest,214,7750,3035,0.52146,0.472,0.60287,0.38781
B_cldice_w64_d5_s4,B_cldice_w64_d5,04,0,Q2,31,6017,1865,0.80663,0.8262,0.79128,0.86434
B_cldice_w64_d5_s4,B_cldice_w64_d5,04,0,Q3,2,6293,1680,0.90606,0.95787,0.9305,0.9869
B_cldice_w64_d5_s4,B_cldice_w64_d5,04,0,Q4_clearest,3,10294,2346,0.96827,0.98849,0.98933,0.98764
B_cldice_w64_d5_s4,B_cldice_w64_d5,04,20,Q1_dimmest,195,7750,3035,0.51799,0.467,0.61014,0.37825
B_cldice_w64_d5_s4,B_cldice_w64_d5,04,20,Q2,29,6017,1865,0.806,0.82417,0.79763,0.85255
B_cldice_w64_d5_s4,B_cldice_w64_d5,04,20,Q3,2,6293,1680,0.90618,0.95874,0.93213,0.9869
B_cldice_w64_d5_s4,B_cldice_w64_d5,04,20,Q4_clearest,3,10294,2346,0.96841,0.98912,0.9906,0.98764
B_cldice_w64_d5_s4,B_cldice_w64_d5,05,0,Q1_dimmest,271,9685,3539,0.50881,0.43819,0.6338,0.33484
B_cldice_w64_d5_s4,B_cldice_w64_d5,05,0,Q2,24,7440,2198,0.84581,0.85219,0.8352,0.86988
B_cldice_w64_d5_s4,B_cldice_w64_d5,05,0,Q3,1,7606,2186,0.93468,0.98332,0.97195,0.99497
B_cldice_w64_d5_s4,B_cldice_w64_d5,05,0,Q4_clearest,1,6179,1663,0.97473,0.99706,0.99652,0.99759
B_cldice_w64_d5_s4,B_cldice_w64_d5,05,20,Q1_dimmest,257,9685,3539,0.50664,0.43272,0.63972,0.32693
B_cldice_w64_d5_s4,B_cldice_w64_d5,05,20,Q2,22,7440,2198,0.84534,0.85125,0.83848,0.86442
B_cldice_w64_d5_s4,B_cldice_w64_d5,05,20,Q3,1,7606,2186,0.93485,0.984,0.97327,0.99497
B_cldice_w64_d5_s4,B_cldice_w64_d5,05,20,Q4_clearest,1,6179,1663,0.97473,0.99706,0.99652,0.99759
B_cldice_w64_d5_s4,B_cldice_w64_d5,06,0,Q1_dimmest,323,10790,3981,0.53488,0.49245,0.66908,0.3896
B_cldice_w64_d5_s4,B_cldice_w64_d5,06,0,Q2,38,7933,2378,0.83816,0.82764,0.84161,0.81413
B_cldice_w64_d5_s4,B_cldice_w64_d5,06,0,Q3,2,7891,2229,0.946,0.98418,0.97699,0.99148
B_cldice_w64_d5_s4,B_cldice_w64_d5,06,0,Q4_clearest,0,5502,1401,0.98075,0.99819,0.99638,1.0
B_cldice_w64_d5_s4,B_cldice_w64_d5,06,20,Q1_dimmest,312,10790,3981,0.53385,0.48936,0.6861,0.38031
B_cldice_w64_d5_s4,B_cldice_w64_d5,06,20,Q2,37,7933,2378,0.83922,0.83015,0.85003,0.81119
B_cldice_w64_d5_s4,B_cldice_w64_d5,06,20,Q3,2,7891,2229,0.94605,0.9844,0.97742,0.99148
B_cldice_w64_d5_s4,B_cldice_w64_d5,06,20,Q4_clearest,0,5502,1401,0.98075,0.99819,0.99638,1.0
B_cldice_w64_d5_s4,B_cldice_w64_d5,07,0,Q1_dimmest,222,8316,2808,0.51069,0.4669,0.6443,0.3661
B_cldice_w64_d5_s4,B_cldice_w64_d5,07,0,Q2,43,7149,2172,0.81261,0.81856,0.80174,0.8361
B_cldice_w64_d5_s4,B_cldice_w64_d5,07,0,Q3,3,7254,1955,0.91034,0.95959,0.93623,0.98414
B_cldice_w64_d5_s4,B_cldice_w64_d5,07,0,Q4_clearest,0,7433,2033,0.96888,0.99508,0.99117,0.99902
B_cldice_w64_d5_s4,B_cldice_w64_d5,07,20,Q1_dimmest,206,8316,2808,0.50798,0.45801,0.65102,0.35328
B_cldice_w64_d5_s4,B_cldice_w64_d5,07,20,Q2,42,7149,2172,0.81289,0.81949,0.80871,0.83057
B_cldice_w64_d5_s4,B_cldice_w64_d5,07,20,Q3,3,7254,1955,0.91084,0.96033,0.93858,0.98312
B_cldice_w64_d5_s4,B_cldice_w64_d5,07,20,Q4_clearest,0,7433,2033,0.96888,0.99508,0.99117,0.99902
B_cldice_w64_d5_s4,B_cldice_w64_d5,08,0,Q1_dimmest,255,9976,3245,0.57119,0.52123,0.63783,0.44068
B_cldice_w64_d5_s4,B_cldice_w64_d5,08,0,Q2,30,8461,2479,0.84896,0.86189,0.83419,0.89149
B_cldice_w64_d5_s4,B_cldice_w64_d5,08,0,Q3,6,6640,1970,0.92878,0.97346,0.95903,0.98832
B_cldice_w64_d5_s4,B_cldice_w64_d5,08,0,Q4_clearest,1,3312,891,0.97134,0.98699,0.9897,0.98429
B_cldice_w64_d5_s4,B_cldice_w64_d5,08,20,Q1_dimmest,231,9976,3245,0.56774,0.51174,0.65392,0.42034
B_cldice_w64_d5_s4,B_cldice_w64_d5,08,20,Q2,27,8461,2479,0.84764,0.85715,0.8382,0.87697
B_cldice_w64_d5_s4,B_cldice_w64_d5,08,20,Q3,6,6640,1970,0.92869,0.97294,0.95899,0.98731
B_cldice_w64_d5_s4,B_cldice_w64_d5,08,20,Q4_clearest,1,3312,891,0.97134,0.98699,0.99084,0.98316
B_cldice_w64_d5_s4,B_cldice_w64_d5,09,0,Q1_dimmest,245,9368,3406,0.58201,0.54891,0.6567,0.47152
B_cldice_w64_d5_s4,B_cldice_w64_d5,09,0,Q2,26,7639,2383,0.85423,0.87435,0.8304,0.92321
B_cldice_w64_d5_s4,B_cldice_w64_d5,09,0,Q3,2,6249,1936,0.93668,0.98309,0.96965,0.9969
B_cldice_w64_d5_s4,B_cldice_w64_d5,09,0,Q4_clearest,0,3485,1001,0.98,0.99803,0.99806,0.998
B_cldice_w64_d5_s4,B_cldice_w64_d5,09,20,Q1_dimmest,236,9368,3406,0.58183,0.54873,0.6661,0.46653
B_cldice_w64_d5_s4,B_cldice_w64_d5,09,20,Q2,25,7639,2383,0.85333,0.8715,0.83037,0.91691
B_cldice_w64_d5_s4,B_cldice_w64_d5,09,20,Q3,2,6249,1936,0.93675,0.98335,0.97016,0.9969
B_cldice_w64_d5_s4,B_cldice_w64_d5,09,20,Q4_clearest,0,3485,1001,0.98,0.99803,0.99806,0.998
B_cldice_w64_d5_s4,B_cldice_w64_d5,10,0,Q1_dimmest,269,7560,3177,0.55264,0.50007,0.57425,0.44287
B_cldice_w64_d5_s4,B_cldice_w64_d5,10,0,Q2,35,6756,2369,0.81333,0.81334,0.76723,0.86534
B_cldice_w64_d5_s4,B_cldice_w64_d5,10,0,Q3,4,6741,2035,0.90192,0.95999,0.93029,0.99165
B_cldice_w64_d5_s4,B_cldice_w64_d5,10,0,Q4_clearest,0,6099,1556,0.95686,0.99598,0.99198,1.0
B_cldice_w64_d5_s4,B_cldice_w64_d5,10,20,Q1_dimmest,250,7560,3177,0.55122,0.49637,0.59179,0.42745
B_cldice_w64_d5_s4,B_cldice_w64_d5,10,20,Q2,35,6756,2369,0.81196,0.80979,0.77066,0.8531
B_cldice_w64_d5_s4,B_cldice_w64_d5,10,20,Q3,2,6741,2035,0.90181,0.95974,0.93157,0.98968
B_cldice_w64_d5_s4,B_cldice_w64_d5,10,20,Q4_clearest,0,6099,1556,0.95686,0.99598,0.99198,1.0
B_cldice_w64_d5_s4,B_cldice_w64_d5,11,0,Q1_dimmest,275,6386,2930,0.50524,0.42808,0.54808,0.35119
B_cldice_w64_d5_s4,B_cldice_w64_d5,11,0,Q2,52,5601,2186,0.77188,0.73962,0.6992,0.785
B_cldice_w64_d5_s4,B_cldice_w64_d5,11,0,Q3,12,6593,2129,0.85306,0.91005,0.86157,0.9643
B_cldice_w64_d5_s4,B_cldice_w64_d5,11,0,Q4_clearest,0,10959,3211,0.93476,0.98158,0.96469,0.99907
B_cldice_w64_d5_s4,B_cldice_w64_d5,11,20,Q1_dimmest,257,6386,2930,0.50342,0.42241,0.56239,0.33823
B_cldice_w64_d5_s4,B_cldice_w64_d5,11,20,Q2,44,5601,2186,0.77079,0.73622,0.70497,0.77036
B_cldice_w64_d5_s4,B_cldice_w64_d5,11,20,Q3,10,6593,2129,0.85271,0.90928,0.86207,0.96195
B_cldice_w64_d5_s4,B_cldice_w64_d5,11,20,Q4_clearest,0,10959,3211,0.93491,0.98157,0.96468,0.99907
B_cldice_w64_d5_s4,B_cldice_w64_d5,12,0,Q1_dimmest,186,6741,2151,0.6122,0.59422,0.66374,0.53789
B_cldice_w64_d5_s4,B_cldice_w64_d5,12,0,Q2,42,7686,2661,0.81847,0.83759,0.80819,0.86922
B_cldice_w64_d5_s4,B_cldice_w64_d5,12,0,Q3,4,7976,2374,0.89403,0.95403,0.92473,0.98526
B_cldice_w64_d5_s4,B_cldice_w64_d5,12,0,Q4_clearest,0,6087,1526,0.95795,0.99226,0.98464,1.0
B_cldice_w64_d5_s4,B_cldice_w64_d5,12,20,Q1_dimmest,181,6741,2151,0.61393,0.59951,0.68307,0.53417
B_cldice_w64_d5_s4,B_cldice_w64_d5,12,20,Q2,39,7686,2661,0.81902,0.83932,0.81471,0.86546
B_cldice_w64_d5_s4,B_cldice_w64_d5,12,20,Q3,4,7976,2374,0.89444,0.95463,0.92585,0.98526
B_cldice_w64_d5_s4,B_cldice_w64_d5,12,20,Q4_clearest,0,6087,1526,0.95795,0.99226,0.98464,1.0
B_cldice_w64_d5_s4,B_cldice_w64_d5,13,0,Q1_dimmest,262,8947,3161,0.55875,0.51275,0.5802,0.45935
B_cldice_w64_d5_s4,B_cldice_w64_d5,13,0,Q2,53,7970,2798,0.81211,0.80067,0.76026,0.8456
B_cldice_w64_d5_s4,B_cldice_w64_d5,13,0,Q3,4,7295,2120,0.90849,0.95813,0.93747,0.97972
B_cldice_w64_d5_s4,B_cldice_w64_d5,13,0,Q4_clearest,0,8047,2107,0.97466,0.99736,0.99473,1.0
B_cldice_w64_d5_s4,B_cldice_w64_d5,13,20,Q1_dimmest,246,8947,3161,0.55627,0.50524,0.58802,0.4429
B_cldice_w64_d5_s4,B_cldice_w64_d5,13,20,Q2,49,7970,2798,0.81254,0.8017,0.76923,0.83703
B_cldice_w64_d5_s4,B_cldice_w64_d5,13,20,Q3,4,7295,2120,0.90873,0.95947,0.94134,0.9783
B_cldice_w64_d5_s4,B_cldice_w64_d5,13,20,Q4_clearest,0,8047,2107,0.97466,0.99736,0.99473,1.0
B_cldice_w64_d5_s4,B_cldice_w64_d5,14,0,Q1_dimmest,198,4886,1623,0.53908,0.50444,0.50304,0.50585
B_cldice_w64_d5_s4,B_cldice_w64_d5,14,0,Q2,50,6453,2243,0.78236,0.76769,0.7019,0.84708
B_cldice_w64_d5_s4,B_cldice_w64_d5,14,0,Q3,9,8104,2470,0.87407,0.93429,0.88853,0.98502
B_cldice_w64_d5_s4,B_cldice_w64_d5,14,0,Q4_clearest,1,7234,2022,0.94755,0.98966,0.98337,0.99604
B_cldice_w64_d5_s4,B_cldice_w64_d5,14,20,Q1_dimmest,182,4886,1623,0.54167,0.50974,0.52846,0.4923
B_cldice_w64_d5_s4,B_cldice_w64_d5,14,20,Q2,47,6453,2243,0.78243,0.76853,0.70958,0.83816
B_cldice_w64_d5_s4,B_cldice_w64_d5,14,20,Q3,9,8104,2470,0.87487,0.93626,0.89243,0.98462
B_cldice_w64_d5_s4,B_cldice_w64_d5,14,20,Q4_clearest,1,7234,2022,0.94755,0.98966,0.98337,0.99604
B_cldice_w64_d5_s4,B_cldice_w64_d5,15,0,Q1_dimmest,144,4357,1638,0.54445,0.54341,0.52903,0.55861
B_cldice_w64_d5_s4,B_cldice_w64_d5,15,0,Q2,24,5141,1751,0.74729,0.77898,0.68076,0.91034
B_cldice_w64_d5_s4,B_cldice_w64_d5,15,0,Q3,3,6066,1760,0.82745,0.90638,0.83473,0.99148
B_cldice_w64_d5_s4,B_cldice_w64_d5,15,0,Q4_clearest,6,8050,2502,0.91869,0.96247,0.95465,0.97042
B_cldice_w64_d5_s4,B_cldice_w64_d5,15,20,Q1_dimmest,139,4357,1638,0.54629,0.5524,0.556,0.54884
B_cldice_w64_d5_s4,B_cldice_w64_d5,15,20,Q2,23,5141,1751,0.75139,0.78726,0.69617,0.90577
B_cldice_w64_d5_s4,B_cldice_w64_d5,15,20,Q3,3,6066,1760,0.82959,0.91155,0.84355,0.99148
B_cldice_w64_d5_s4,B_cldice_w64_d5,15,20,Q4_clearest,6,8050,2502,0.91928,0.9642,0.95805,0.97042
B_cldice_w64_d5_s4,B_cldice_w64_d5,16,0,Q1_dimmest,226,6445,1959,0.60906,0.63184,0.75419,0.54364
B_cldice_w64_d5_s4,B_cldice_w64_d5,16,0,Q2,47,6977,2256,0.83746,0.88166,0.88752,0.87589
B_cldice_w64_d5_s4,B_cldice_w64_d5,16,0,Q3,2,7630,2131,0.88583,0.94982,0.91185,0.99108
B_cldice_w64_d5_s4,B_cldice_w64_d5,16,0,Q4_clearest,1,8739,2466,0.93106,0.97906,0.95935,0.99959
B_cldice_w64_d5_s4,B_cldice_w64_d5,16,20,Q1_dimmest,213,6445,1959,0.60428,0.62365,0.76414,0.5268
B_cldice_w64_d5_s4,B_cldice_w64_d5,16,20,Q2,46,6977,2256,0.83776,0.88219,0.89367,0.87101
B_cldice_w64_d5_s4,B_cldice_w64_d5,16,20,Q3,1,7630,2131,0.88655,0.95149,0.91534,0.99061
B_cldice_w64_d5_s4,B_cldice_w64_d5,16,20,Q4_clearest,1,8739,2466,0.93136,0.97965,0.96049,0.99959
B_cldice_w64_d5_s4,B_cldice_w64_d5,17,0,Q1_dimmest,230,7862,2585,0.62215,0.63082,0.73862,0.55048
B_cldice_w64_d5_s4,B_cldice_w64_d5,17,0,Q2,30,7104,2140,0.84227,0.88969,0.88642,0.89299
B_cldice_w64_d5_s4,B_cldice_w64_d5,17,0,Q3,5,7222,1826,0.90172,0.97199,0.955,0.98959
B_cldice_w64_d5_s4,B_cldice_w64_d5,17,0,Q4_clearest,1,5664,1433,0.92827,0.99369,0.98882,0.9986
B_cldice_w64_d5_s4,B_cldice_w64_d5,17,20,Q1_dimmest,208,7862,2585,0.61831,0.62563,0.75864,0.5323
B_cldice_w64_d5_s4,B_cldice_w64_d5,17,20,Q2,26,7104,2140,0.83992,0.88522,0.88916,0.88131
B_cldice_w64_d5_s4,B_cldice_w64_d5,17,20,Q3,5,7222,1826,0.90124,0.97189,0.95738,0.98686
B_cldice_w64_d5_s4,B_cldice_w64_d5,17,20,Q4_clearest,0,5664,1433,0.92781,0.99298,0.9888,0.99721
B_cldice_w64_d5_s4,B_cldice_w64_d5,18,0,Q1_dimmest,158,4966,1759,0.64779,0.63929,0.70225,0.5867
B_cldice_w64_d5_s4,B_cldice_w64_d5,18,0,Q2,29,6044,1968,0.81045,0.87955,0.85057,0.91057
B_cldice_w64_d5_s4,B_cldice_w64_d5,18,0,Q3,1,7429,2081,0.84755,0.96757,0.94057,0.99616
B_cldice_w64_d5_s4,B_cldice_w64_d5,18,0,Q4_clearest,0,7705,1851,0.89181,0.98663,0.97362,1.0
B_cldice_w64_d5_s4,B_cldice_w64_d5,18,20,Q1_dimmest,150,4966,1759,0.64984,0.64483,0.72264,0.58215
B_cldice_w64_d5_s4,B_cldice_w64_d5,18,20,Q2,28,6044,1968,0.81061,0.88076,0.85599,0.90701
B_cldice_w64_d5_s4,B_cldice_w64_d5,18,20,Q3,1,7429,2081,0.84812,0.96933,0.94434,0.99568
B_cldice_w64_d5_s4,B_cldice_w64_d5,18,20,Q4_clearest,0,7705,1851,0.89181,0.98663,0.97362,1.0
B_cldice_w64_d5_s4,B_cldice_w64_d5,19,0,Q1_dimmest,131,3731,1722,0.64088,0.65936,0.69219,0.6295
B_cldice_w64_d5_s4,B_cldice_w64_d5,19,0,Q2,33,6957,2067,0.7799,0.84944,0.78529,0.92501
B_cldice_w64_d5_s4,B_cldice_w64_d5,19,0,Q3,5,8771,2610,0.87523,0.95754,0.92778,0.98927
B_cldice_w64_d5_s4,B_cldice_w64_d5,19,0,Q4_clearest,1,7909,2077,0.95969,0.99449,0.99046,0.99856
B_cldice_w64_d5_s4,B_cldice_w64_d5,19,20,Q1_dimmest,124,3731,1722,0.64432,0.66855,0.72191,0.62253
B_cldice_w64_d5_s4,B_cldice_w64_d5,19,20,Q2,32,6957,2067,0.78061,0.85263,0.79505,0.91921
B_cldice_w64_d5_s4,B_cldice_w64_d5,19,20,Q3,5,8771,2610,0.87637,0.96114,0.93457,0.98927
B_cldice_w64_d5_s4,B_cldice_w64_d5,19,20,Q4_clearest,1,7909,2077,0.95998,0.99499,0.99145,0.99856
B_cldice_w64_d5_s4,B_cldice_w64_d5,20,0,Q1_dimmest,164,5411,1924,0.64892,0.66551,0.65565,0.67568
B_cldice_w64_d5_s4,B_cldice_w64_d5,20,0,Q2,17,7210,2225,0.79511,0.85747,0.7856,0.94382
B_cldice_w64_d5_s4,B_cldice_w64_d5,20,0,Q3,1,6951,2027,0.86391,0.95536,0.91871,0.99507
B_cldice_w64_d5_s4,B_cldice_w64_d5,20,0,Q4_clearest,1,4693,1197,0.93325,0.98634,0.97463,0.99833
B_cldice_w64_d5_s4,B_cldice_w64_d5,20,20,Q1_dimmest,158,5411,1924,0.65179,0.67464,0.67885,0.67048
B_cldice_w64_d5_s4,B_cldice_w64_d5,20,20,Q2,17,7210,2225,0.79761,0.86446,0.79934,0.94112
B_cldice_w64_d5_s4,B_cldice_w64_d5,20,20,Q3,1,6951,2027,0.86672,0.96301,0.93295,0.99507
B_cldice_w64_d5_s4,B_cldice_w64_d5,20,20,Q4_clearest,1,4693,1197,0.93313,0.98673,0.97539,0.99833
C_boundary_s0,C_boundary,01,0,Q1_dimmest,188,4597,1791,0.57734,0.56315,0.55271,0.57398
C_boundary_s0,C_boundary,01,0,Q2,38,6946,2500,0.7953,0.85053,0.79773,0.9108
C_boundary_s0,C_boundary,01,0,Q3,9,8473,2538,0.8618,0.95613,0.93491,0.97833
C_boundary_s0,C_boundary,01,0,Q4_clearest,0,9424,2483,0.92552,0.99009,0.98153,0.99879
C_boundary_s0,C_boundary,01,20,Q1_dimmest,181,4597,1791,0.58104,0.57335,0.58072,0.56616
C_boundary_s0,C_boundary,01,20,Q2,36,6946,2500,0.79571,0.85131,0.80601,0.902
C_boundary_s0,C_boundary,01,20,Q3,8,8473,2538,0.86218,0.95795,0.94095,0.97557
C_boundary_s0,C_boundary,01,20,Q4_clearest,0,9424,2483,0.9262,0.99225,0.98579,0.99879
C_boundary_s0,C_boundary,02,0,Q1_dimmest,240,5691,1790,0.5178,0.48608,0.49068,0.48156
C_boundary_s0,C_boundary,02,0,Q2,38,6606,1861,0.7949,0.78645,0.71359,0.87587
C_boundary_s0,C_boundary,02,0,Q3,5,8662,2260,0.89767,0.94588,0.90716,0.98805
C_boundary_s0,C_boundary,02,0,Q4_clearest,1,12831,3378,0.96302,0.9924,0.98838,0.99645
C_boundary_s0,C_boundary,02,20,Q1_dimmest,218,5691,1790,0.51441,0.47728,0.50215,0.45475
C_boundary_s0,C_boundary,02,20,Q2,37,6606,1861,0.79543,0.78649,0.72743,0.85599
C_boundary_s0,C_boundary,02,20,Q3,5,8662,2260,0.90046,0.95493,0.92434,0.98761
C_boundary_s0,C_boundary,02,20,Q4_clearest,1,12831,3378,0.96302,0.9924,0.98838,0.99645
C_boundary_s0,C_boundary,03,0,Q1_dimmest,288,10358,3377,0.52298,0.49817,0.54301,0.46017
C_boundary_s0,C_boundary,03,0,Q2,26,9353,2708,0.83398,0.85599,0.82548,0.88885
C_boundary_s0,C_boundary,03,0,Q3,4,8095,2089,0.9328,0.96644,0.95654,0.97654
C_boundary_s0,C_boundary,03,0,Q4_clearest,0,5087,1047,0.98603,0.99867,0.99735,1.0
C_boundary_s0,C_boundary,03,20,Q1_dimmest,267,10358,3377,0.52408,0.50159,0.57309,0.44596
C_boundary_s0,C_boundary,03,20,Q2,23,9353,2708,0.83364,0.85543,0.82959,0.88294
C_boundary_s0,C_boundary,03,20,Q3,4,8095,2089,0.93345,0.96889,0.96182,0.97607
C_boundary_s0,C_boundary,03,20,Q4_clearest,0,5087,1047,0.98603,0.99867,0.99735,1.0
C_boundary_s0,C_boundary,04,0,Q1_dimmest,225,7750,3035,0.50815,0.47172,0.58457,0.39539
C_boundary_s0,C_boundary,04,0,Q2,28,6017,1865,0.80877,0.83366,0.7869,0.88633
C_boundary_s0,C_boundary,04,0,Q3,5,6293,1680,0.90777,0.95718,0.93238,0.98333
C_boundary_s0,C_boundary,04,0,Q4_clearest,2,10294,2346,0.97164,0.98885,0.98539,0.99233
C_boundary_s0,C_boundary,04,20,Q1_dimmest,207,7750,3035,0.50682,0.46914,0.60978,0.38122
C_boundary_s0,C_boundary,04,20,Q2,27,6017,1865,0.80856,0.83492,0.79741,0.87614
C_boundary_s0,C_boundary,04,20,Q3,3,6293,1680,0.90829,0.95953,0.93739,0.98274
C_boundary_s0,C_boundary,04,20,Q4_clearest,2,10294,2346,0.97164,0.98885,0.98539,0.99233
C_boundary_s0,C_boundary,05,0,Q1_dimmest,294,9685,3539,0.49551,0.44039,0.58943,0.35151
C_boundary_s0,C_boundary,05,0,Q2,28,7440,2198,0.84866,0.85559,0.83341,0.87898
C_boundary_s0,C_boundary,05,0,Q3,2,7606,2186,0.93599,0.97998,0.96847,0.99177
C_boundary_s0,C_boundary,05,0,Q4_clearest,0,6179,1663,0.97583,0.99625,0.99253,1.0
C_boundary_s0,C_boundary,05,20,Q1_dimmest,258,9685,3539,0.48911,0.42405,0.60231,0.32721
C_boundary_s0,C_boundary,05,20,Q2,25,7440,2198,0.84669,0.85112,0.83524,0.86761
C_boundary_s0,C_boundary,05,20,Q3,2,7606,2186,0.9361,0.98043,0.96978,0.99131
C_boundary_s0,C_boundary,05,20,Q4_clearest,0,6179,1663,0.97583,0.99625,0.99253,1.0
C_boundary_s0,C_boundary,06,0,Q1_dimmest,342,10790,3981,0.49606,0.4837,0.64387,0.38734
C_boundary_s0,C_boundary,06,0,Q2,36,7933,2378,0.84582,0.84339,0.84918,0.83768
C_boundary_s0,C_boundary,06,0,Q3,3,7891,2229,0.94944,0.98104,0.97038,0.99192
C_boundary_s0,C_boundary,06,0,Q4_clearest,0,5502,1401,0.98125,0.99822,0.99717,0.99929
C_boundary_s0,C_boundary,06,20,Q1_dimmest,302,10790,3981,0.4918,0.47419,0.66487,0.3685
C_boundary_s0,C_boundary,06,20,Q2,32,7933,2378,0.8447,0.83878,0.86028,0.81833
C_boundary_s0,C_boundary,06,20,Q3,2,7891,2229,0.95013,0.98297,0.97503,0.99103
C_boundary_s0,C_boundary,06,20,Q4_clearest,0,5502,1401,0.98125,0.99822,0.99717,0.99929
C_boundary_s0,C_boundary,07,0,Q1_dimmest,235,8316,2808,0.4913,0.45908,0.59446,0.37393
C_boundary_s0,C_boundary,07,0,Q2,42,7149,2172,0.81502,0.81973,0.81493,0.82459
C_boundary_s0,C_boundary,07,0,Q3,6,7254,1955,0.91988,0.96558,0.95202,0.97954
C_boundary_s0,C_boundary,07,0,Q4_clearest,0,7433,2033,0.97381,0.99633,0.99464,0.99803
C_boundary_s0,C_boundary,07,20,Q1_dimmest,217,8316,2808,0.49269,0.464,0.64321,0.36289
C_boundary_s0,C_boundary,07,20,Q2,36,7149,2172,0.81581,0.82238,0.82526,0.81952
C_boundary_s0,C_boundary,07,20,Q3,6,7254,1955,0.92058,0.967,0.95672,0.97749
C_boundary_s0,C_boundary,07,20,Q4_clearest,0,7433,2033,0.97381,0.99633,0.99464,0.99803
C_boundary_s0,C_boundary,08,0,Q1_dimmest,254,9976,3245,0.54218,0.50251,0.62805,0.4188
C_boundary_s0,C_boundary,08,0,Q2,26,8461,2479,0.85259,0.85329,0.82834,0.87979
C_boundary_s0,C_boundary,08,0,Q3,3,6640,1970,0.93252,0.97048,0.95756,0.98376
C_boundary_s0,C_boundary,08,0,Q4_clearest,0,3312,891,0.97705,0.99263,0.98977,0.99551
C_boundary_s0,C_boundary,08,20,Q1_dimmest,231,9976,3245,0.5399,0.49655,0.65209,0.40092
C_boundary_s0,C_boundary,08,20,Q2,25,8461,2479,0.85255,0.85473,0.83616,0.87414
C_boundary_s0,C_boundary,08,20,Q3,3,6640,1970,0.93392,0.97442,0.96526,0.98376
C_boundary_s0,C_boundary,08,20,Q4_clearest,0,3312,891,0.97719,0.99319,0.99089,0.99551
C_boundary_s0,C_boundary,09,0,Q1_dimmest,260,9368,3406,0.56284,0.56217,0.67018,0.48415
C_boundary_s0,C_boundary,09,0,Q2,26,7639,2383,0.85221,0.87321,0.82768,0.92405
C_boundary_s0,C_boundary,09,0,Q3,1,6249,1936,0.93319,0.97756,0.96822,0.98709
C_boundary_s0,C_boundary,09,0,Q4_clearest,2,3485,1001,0.97083,0.9864,0.99701,0.97602
C_boundary_s0,C_boundary,09,20,Q1_dimmest,231,9368,3406,0.55895,0.55426,0.68707,0.46447
C_boundary_s0,C_boundary,09,20,Q2,25,7639,2383,0.85361,0.87642,0.83829,0.91817
C_boundary_s0,C_boundary,09,20,Q3,0,6249,1936,0.93353,0.97835,0.97076,0.98605
C_boundary_s0,C_boundary,09,20,Q4_clearest,2,3485,1001,0.97083,0.9864,0.99701,0.97602
C_boundary_s0,C_boundary,10,0,Q1_dimmest,294,7560,3177,0.53831,0.50542,0.5429,0.47277
C_boundary_s0,C_boundary,10,0,Q2,33,6756,2369,0.81943,0.8187,0.76182,0.88476
C_boundary_s0,C_boundary,10,0,Q3,5,6741,2035,0.90893,0.96094,0.93034,0.99361
C_boundary_s0,C_boundary,10,0,Q4_clearest,0,6099,1556,0.95971,0.99375,0.9882,0.99936
C_boundary_s0,C_boundary,10,20,Q1_dimmest,271,7560,3177,0.53728,0.5039,0.561,0.45735
C_boundary_s0,C_boundary,10,20,Q2,28,6756,2369,0.81901,0.81853,0.76952,0.87421
C_boundary_s0,C_boundary,10,20,Q3,4,6741,2035,0.90909,0.96187,0.93426,0.99115
C_boundary_s0,C_boundary,10,20,Q4_clearest,0,6099,1556,0.96047,0.99604,0.99275,0.99936
C_boundary_s0,C_boundary,11,0,Q1_dimmest,311,6386,2930,0.47312,0.42584,0.52391,0.3587
C_boundary_s0,C_boundary,11,0,Q2,46,5601,2186,0.78093,0.75528,0.71414,0.80146
C_boundary_s0,C_boundary,11,0,Q3,9,6593,2129,0.86876,0.91,0.86451,0.96054
C_boundary_s0,C_boundary,11,0,Q4_clearest,0,10959,3211,0.94275,0.98496,0.97214,0.99813
C_boundary_s0,C_boundary,11,20,Q1_dimmest,288,6386,2930,0.47232,0.4237,0.55054,0.34437
C_boundary_s0,C_boundary,11,20,Q2,42,5601,2186,0.78126,0.75556,0.72629,0.78728
C_boundary_s0,C_boundary,11,20,Q3,6,6593,2129,0.86952,0.91177,0.86887,0.95914
C_boundary_s0,C_boundary,11,20,Q4_clearest,0,10959,3211,0.94288,0.98543,0.97304,0.99813
C_boundary_s0,C_boundary,12,0,Q1_dimmest,220,6741,2151,0.57312,0.5816,0.6363,0.53556
C_boundary_s0,C_boundary,12,0,Q2,52,7686,2661,0.81981,0.83577,0.80224,0.87223
C_boundary_s0,C_boundary,12,0,Q3,4,7976,2374,0.89814,0.9537,0.93126,0.97725
C_boundary_s0,C_boundary,12,0,Q4_clearest,1,6087,1526,0.95982,0.99456,0.99306,0.99607
C_boundary_s0,C_boundary,12,20,Q1_dimmest,203,6741,2151,0.57109,0.58095,0.6555,0.52162
C_boundary_s0,C_boundary,12,20,Q2,47,7686,2661,0.82153,0.84072,0.81702,0.86584
C_boundary_s0,C_boundary,12,20,Q3,4,7976,2374,0.89798,0.95421,0.93339,0.97599
C_boundary_s0,C_boundary,12,20,Q4_clearest,1,6087,1526,0.95989,0.99487,0.99368,0.99607
C_boundary_s0,C_boundary,13,0,Q1_dimmest,289,8947,3161,0.54842,0.50678,0.57,0.45618
C_boundary_s0,C_boundary,13,0,Q2,59,7970,2798,0.81199,0.80521,0.75817,0.85847
C_boundary_s0,C_boundary,13,0,Q3,4,7295,2120,0.91109,0.95718,0.93782,0.97736
C_boundary_s0,C_boundary,13,0,Q4_clearest,0,8047,2107,0.97663,0.99739,0.9948,1.0
C_boundary_s0,C_boundary,13,20,Q1_dimmest,255,8947,3161,0.54519,0.49793,0.59029,0.43056
C_boundary_s0,C_boundary,13,20,Q2,46,7970,2798,0.81204,0.80614,0.77409,0.84096
C_boundary_s0,C_boundary,13,20,Q3,4,7295,2120,0.91167,0.95899,0.94349,0.975
C_boundary_s0,C_boundary,13,20,Q4_clearest,0,8047,2107,0.97663,0.99739,0.9948,1.0
C_boundary_s0,C_boundary,14,0,Q1_dimmest,214,4886,1623,0.5202,0.49421,0.47654,0.51325
C_boundary_s0,C_boundary,14,0,Q2,52,6453,2243,0.77996,0.75985,0.67564,0.86803
C_boundary_s0,C_boundary,14,0,Q3,3,8104,2470,0.87793,0.93162,0.88016,0.98947
C_boundary_s0,C_boundary,14,0,Q4_clearest,0,7234,2022,0.94982,0.99016,0.98051,1.0
C_boundary_s0,C_boundary,14,20,Q1_dimmest,186,4886,1623,0.52148,0.49692,0.50227,0.49168
C_boundary_s0,C_boundary,14,20,Q2,49,6453,2243,0.78082,0.76094,0.6916,0.84574
C_boundary_s0,C_boundary,14,20,Q3,3,8104,2470,0.87974,0.93564,0.88802,0.98866
C_boundary_s0,C_boundary,14,20,Q4_clearest,0,7234,2022,0.94982,0.99016,0.98051,1.0
C_boundary_s0,C_boundary,15,0,Q1_dimmest,159,4357,1638,0.52453,0.53374,0.50453,0.56654
C_boundary_s0,C_boundary,15,0,Q2,17,5141,1751,0.75952,0.78574,0.68757,0.91662
C_boundary_s0,C_boundary,15,0,Q3,1,6066,1760,0.84159,0.90429,0.82842,0.99545
C_boundary_s0,C_boundary,15,0,Q4_clearest,0,8050,2502,0.93776,0.98049,0.96172,1.0
C_boundary_s0,C_boundary,15,20,Q1_dimmest,147,4357,1638,0.53029,0.55012,0.54537,0.55495
C_boundary_s0,C_boundary,15,20,Q2,16,5141,1751,0.76475,0.79828,0.71148,0.90919
C_boundary_s0,C_boundary,15,20,Q3,1,6066,1760,0.84727,0.92301,0.86083,0.99489
C_boundary_s0,C_boundary,15,20,Q4_clearest,0,8050,2502,0.93825,0.98166,0.96398,1.0
C_boundary_s0,C_boundary,16,0,Q1_dimmest,242,6445,1959,0.5903,0.61915,0.69151,0.56049
C_boundary_s0,C_boundary,16,0,Q2,48,6977,2256,0.83814,0.87751,0.86116,0.8945
C_boundary_s0,C_boundary,16,0,Q3,2,7630,2131,0.8926,0.95097,0.91518,0.98968
C_boundary_s0,C_boundary,16,0,Q4_clearest,1,8739,2466,0.93678,0.98465,0.97014,0.99959
C_boundary_s0,C_boundary,16,20,Q1_dimmest,226,6445,1959,0.5906,0.62604,0.73048,0.54773
C_boundary_s0,C_boundary,16,20,Q2,45,6977,2256,0.84059,0.88316,0.88965,0.87677
C_boundary_s0,C_boundary,16,20,Q3,2,7630,2131,0.89326,0.95389,0.92101,0.98921
C_boundary_s0,C_boundary,16,20,Q4_clearest,1,8739,2466,0.93728,0.98644,0.97363,0.99959
C_boundary_s0,C_boundary,17,0,Q1_dimmest,258,7862,2585,0.59191,0.60426,0.722,0.51954
C_boundary_s0,C_boundary,17,0,Q2,33,7104,2140,0.84633,0.8861,0.867,0.90607
C_boundary_s0,C_boundary,17,0,Q3,2,7222,1826,0.9086,0.9777,0.96246,0.99343
C_boundary_s0,C_boundary,17,0,Q4_clearest,0,5664,1433,0.93094,0.99505,0.99014,1.0
C_boundary_s0,C_boundary,17,20,Q1_dimmest,246,7862,2585,0.59339,0.60988,0.75616,0.51103
C_boundary_s0,C_boundary,17,20,Q2,26,7104,2140,0.84921,0.89551,0.89429,0.89673
C_boundary_s0,C_boundary,17,20,Q3,1,7222,1826,0.90903,0.97948,0.96747,0.99179
C_boundary_s0,C_boundary,17,20,Q4_clearest,0,5664,1433,0.93094,0.99505,0.99014,1.0
C_boundary_s0,C_boundary,18,0,Q1_dimmest,169,4966,1759,0.62338,0.62551,0.65835,0.59579
C_boundary_s0,C_boundary,18,0,Q2,33,6044,1968,0.81922,0.87077,0.83949,0.90447
C_boundary_s0,C_boundary,18,0,Q3,2,7429,2081,0.85064,0.95879,0.92747,0.99231
C_boundary_s0,C_boundary,18,0,Q4_clearest,0,7705,1851,0.89466,0.98907,0.97993,0.99838
C_boundary_s0,C_boundary,18,20,Q1_dimmest,165,4966,1759,0.62911,0.64034,0.69597,0.59295
C_boundary_s0,C_boundary,18,20,Q2,32,6044,1968,0.8213,0.87648,0.85106,0.90346
C_boundary_s0,C_boundary,18,20,Q3,2,7429,2081,0.85276,0.96653,0.94205,0.99231
C_boundary_s0,C_boundary,18,20,Q4_clearest,0,7705,1851,0.8956,0.9919,0.98551,0.99838
C_boundary_s0,C_boundary,19,0,Q1_dimmest,130,3731,1722,0.64016,0.65825,0.65854,0.65796
C_boundary_s0,C_boundary,19,0,Q2,26,6957,2067,0.78908,0.83292,0.74592,0.94291
C_boundary_s0,C_boundary,19,0,Q3,3,8771,2610,0.89044,0.96105,0.93302,0.9908
C_boundary_s0,C_boundary,19,0,Q4_clearest,1,7909,2077,0.96384,0.99685,0.99515,0.99856
C_boundary_s0,C_boundary,19,20,Q1_dimmest,121,3731,1722,0.64209,0.66414,0.68887,0.64111
C_boundary_s0,C_boundary,19,20,Q2,25,6957,2067,0.79314,0.84604,0.77209,0.93566
C_boundary_s0,C_boundary,19,20,Q3,2,8771,2610,0.8908,0.96256,0.93968,0.98659
C_boundary_s0,C_boundary,19,20,Q4_clearest,0,7909,2077,0.96402,0.99758,0.9966,0.99856
C_boundary_s0,C_boundary,20,0,Q1_dimmest,183,5411,1924,0.62237,0.62899,0.59646,0.66528
C_boundary_s0,C_boundary,20,0,Q2,26,7210,2225,0.79461,0.84083,0.75927,0.94202
C_boundary_s0,C_boundary,20,0,Q3,2,6951,2027,0.85725,0.9392,0.89205,0.99161
C_boundary_s0,C_boundary,20,0,Q4_clearest,0,4693,1197,0.93934,0.98474,0.96994,1.0
C_boundary_s0,C_boundary,20,20,Q1_dimmest,164,5411,1924,0.62427,0.63625,0.63736,0.63514
C_boundary_s0,C_boundary,20,20,Q2,24,7210,2225,0.79754,0.85195,0.78638,0.92944
C_boundary_s0,C_boundary,20,20,Q3,2,6951,2027,0.86213,0.95366,0.91893,0.99112
C_boundary_s0,C_boundary,20,20,Q4_clearest,0,4693,1197,0.93972,0.98637,0.97311,1.0
C_boundary_s1,C_boundary,01,0,Q1_dimmest,197,4597,1791,0.56918,0.56444,0.56217,0.56672
C_boundary_s1,C_boundary,01,0,Q2,44,6946,2500,0.78443,0.82474,0.76166,0.8992
C_boundary_s1,C_boundary,01,0,Q3,9,8473,2538,0.85791,0.95075,0.92574,0.97715
C_boundary_s1,C_boundary,01,0,Q4_clearest,0,9424,2483,0.92192,0.98776,0.97619,0.9996
C_boundary_s1,C_boundary,01,20,Q1_dimmest,183,4597,1791,0.57048,0.56843,0.58192,0.55556
C_boundary_s1,C_boundary,01,20,Q2,43,6946,2500,0.78545,0.82873,0.77566,0.8896
C_boundary_s1,C_boundary,01,20,Q3,9,8473,2538,0.85995,0.95745,0.93963,0.97597
C_boundary_s1,C_boundary,01,20,Q4_clearest,0,9424,2483,0.92192,0.98776,0.97619,0.9996
C_boundary_s1,C_boundary,02,0,Q1_dimmest,209,5691,1790,0.53017,0.49616,0.49292,0.49944
C_boundary_s1,C_boundary,02,0,Q2,34,6606,1861,0.8046,0.79389,0.72742,0.87372
C_boundary_s1,C_boundary,02,0,Q3,4,8662,2260,0.89748,0.94997,0.9151,0.98761
C_boundary_s1,C_boundary,02,0,Q4_clearest,1,12831,3378,0.96015,0.99161,0.98422,0.99911
C_boundary_s1,C_boundary,02,20,Q1_dimmest,200,5691,1790,0.53226,0.50258,0.51839,0.48771
C_boundary_s1,C_boundary,02,20,Q2,31,6606,1861,0.8038,0.79069,0.73425,0.85653
C_boundary_s1,C_boundary,02,20,Q3,2,8662,2260,0.89807,0.95184,0.91895,0.98717
C_boundary_s1,C_boundary,02,20,Q4_clearest,1,12831,3378,0.96015,0.99161,0.98422,0.99911
C_boundary_s1,C_boundary,03,0,Q1_dimmest,254,10358,3377,0.51531,0.48985,0.57872,0.42464
C_boundary_s1,C_boundary,03,0,Q2,36,9353,2708,0.83327,0.84816,0.83245,0.86448
C_boundary_s1,C_boundary,03,0,Q3,3,8095,2089,0.93817,0.9732,0.96474,0.98181
C_boundary_s1,C_boundary,03,0,Q4_clearest,0,5087,1047,0.98729,1.0,1.0,1.0
C_boundary_s1,C_boundary,03,20,Q1_dimmest,228,10358,3377,0.51335,0.48573,0.60252,0.40687
C_boundary_s1,C_boundary,03,20,Q2,33,9353,2708,0.83236,0.84514,0.83492,0.85561
C_boundary_s1,C_boundary,03,20,Q3,3,8095,2089,0.9382,0.97364,0.96607,0.98133
C_boundary_s1,C_boundary,03,20,Q4_clearest,0,5087,1047,0.98729,1.0,1.0,1.0
C_boundary_s1,C_boundary,04,0,Q1_dimmest,231,7750,3035,0.50896,0.45144,0.5957,0.36343
C_boundary_s1,C_boundary,04,0,Q2,32,6017,1865,0.81545,0.82363,0.78525,0.86595
C_boundary_s1,C_boundary,04,0,Q3,3,6293,1680,0.91474,0.95699,0.93418,0.98095
C_boundary_s1,C_boundary,04,0,Q4_clearest,1,10294,2346,0.9709,0.98916,0.98061,0.99787
C_boundary_s1,C_boundary,04,20,Q1_dimmest,210,7750,3035,0.50947,0.45311,0.62355,0.35585
C_boundary_s1,C_boundary,04,20,Q2,31,6017,1865,0.81546,0.82398,0.7954,0.85469
C_boundary_s1,C_boundary,04,20,Q3,3,6293,1680,0.91484,0.95757,0.93636,0.97976
C_boundary_s1,C_boundary,04,20,Q4_clearest,1,10294,2346,0.97122,0.9904,0.98304,0.99787
C_boundary_s1,C_boundary,05,0,Q1_dimmest,278,9685,3539,0.49507,0.43171,0.58885,0.34077
C_boundary_s1,C_boundary,05,0,Q2,25,7440,2198,0.85565,0.8526,0.83267,0.87352
C_boundary_s1,C_boundary,05,0,Q3,2,7606,2186,0.93658,0.9838,0.97463,0.99314
C_boundary_s1,C_boundary,05,0,Q4_clearest,0,6179,1663,0.97429,0.99767,0.99595,0.9994
C_boundary_s1,C_boundary,05,20,Q1_dimmest,253,9685,3539,0.49107,0.42267,0.60939,0.32354
C_boundary_s1,C_boundary,05,20,Q2,23,7440,2198,0.85548,0.85167,0.83843,0.86533
C_boundary_s1,C_boundary,05,20,Q3,2,7606,2186,0.93643,0.98355,0.97547,0.99177
C_boundary_s1,C_boundary,05,20,Q4_clearest,0,6179,1663,0.97429,0.99767,0.99595,0.9994
C_boundary_s1,C_boundary,06,0,Q1_dimmest,341,10790,3981,0.50325,0.4862,0.63509,0.39387
C_boundary_s1,C_boundary,06,0,Q2,32,7933,2378,0.84329,0.83519,0.84689,0.8238
C_boundary_s1,C_boundary,06,0,Q3,2,7891,2229,0.94747,0.98307,0.97264,0.99372
C_boundary_s1,C_boundary,06,0,Q4_clearest,0,5502,1401,0.97996,0.9986,0.9972,1.0
C_boundary_s1,C_boundary,06,20,Q1_dimmest,302,10790,3981,0.497,0.47403,0.65942,0.37001
C_boundary_s1,C_boundary,06,20,Q2,24,7933,2378,0.8415,0.83,0.85485,0.80656
C_boundary_s1,C_boundary,06,20,Q3,1,7891,2229,0.94779,0.98369,0.97516,0.99237
C_boundary_s1,C_boundary,06,20,Q4_clearest,0,5502,1401,0.97996,0.9986,0.9972,1.0
C_boundary_s1,C_boundary,07,0,Q1_dimmest,233,8316,2808,0.48786,0.46155,0.60653,0.37251
C_boundary_s1,C_boundary,07,0,Q2,32,7149,2172,0.81652,0.81147,0.80896,0.814
C_boundary_s1,C_boundary,07,0,Q3,8,7254,1955,0.91901,0.96519,0.9479,0.98312
C_boundary_s1,C_boundary,07,0,Q4_clearest,0,7433,2033,0.96882,0.99342,0.98789,0.99902
C_boundary_s1,C_boundary,07,20,Q1_dimmest,204,8316,2808,0.48462,0.45033,0.63105,0.35007
C_boundary_s1,C_boundary,07,20,Q2,29,7149,2172,0.81676,0.80978,0.8295,0.79098
C_boundary_s1,C_boundary,07,20,Q3,5,7254,1955,0.91956,0.96559,0.95156,0.98005
C_boundary_s1,C_boundary,07,20,Q4_clearest,0,7433,2033,0.96882,0.99342,0.98789,0.99902
C_boundary_s1,C_boundary,08,0,Q1_dimmest,266,9976,3245,0.54525,0.50503,0.60767,0.43205
C_boundary_s1,C_boundary,08,0,Q2,26,8461,2479,0.85866,0.85869,0.83566,0.88302
C_boundary_s1,C_boundary,08,0,Q3,1,6640,1970,0.93153,0.9711,0.96119,0.98122
C_boundary_s1,C_boundary,08,0,Q4_clearest,0,3312,891,0.97029,0.98933,0.99101,0.98765
C_boundary_s1,C_boundary,08,20,Q1_dimmest,227,9976,3245,0.54338,0.5003,0.64886,0.40709
C_boundary_s1,C_boundary,08,20,Q2,22,8461,2479,0.85806,0.85645,0.84588,0.86729
C_boundary_s1,C_boundary,08,20,Q3,1,6640,1970,0.93172,0.97182,0.96309,0.98071
C_boundary_s1,C_boundary,08,20,Q4_clearest,0,3312,891,0.97058,0.99044,0.99324,0.98765
C_boundary_s1,C_boundary,09,0,Q1_dimmest,273,9368,3406,0.55488,0.54831,0.64612,0.47622
C_boundary_s1,C_boundary,09,0,Q2,30,7639,2383,0.85427,0.87211,0.83391,0.91397
C_boundary_s1,C_boundary,09,0,Q3,3,6249,1936,0.93867,0.98213,0.96877,0.99587
C_boundary_s1,C_boundary,09,0,Q4_clearest,2,3485,1001,0.9758,0.99149,0.99805,0.98501
C_boundary_s1,C_boundary,09,20,Q1_dimmest,252,9368,3406,0.55219,0.54572,0.66993,0.46036
C_boundary_s1,C_boundary,09,20,Q2,24,7639,2383,0.85414,0.87247,0.83918,0.90852
C_boundary_s1,C_boundary,09,20,Q3,2,6249,1936,0.93827,0.98185,0.96872,0.99535
C_boundary_s1,C_boundary,09,20,Q4_clearest,2,3485,1001,0.9758,0.99149,0.99805,0.98501
C_boundary_s1,C_boundary,10,0,Q1_dimmest,273,7560,3177,0.54363,0.50533,0.55123,0.46648
C_boundary_s1,C_boundary,10,0,Q2,30,6756,2369,0.81816,0.80925,0.7514,0.87674
C_boundary_s1,C_boundary,10,0,Q3,2,6741,2035,0.9051,0.95993,0.92932,0.99263
C_boundary_s1,C_boundary,10,0,Q4_clearest,0,6099,1556,0.95686,0.99601,0.99205,1.0
C_boundary_s1,C_boundary,10,20,Q1_dimmest,249,7560,3177,0.5455,0.50766,0.58207,0.45011
C_boundary_s1,C_boundary,10,20,Q2,27,6756,2369,0.8176,0.80752,0.75987,0.86154
C_boundary_s1,C_boundary,10,20,Q3,2,6741,2035,0.90626,0.96344,0.93768,0.99066
C_boundary_s1,C_boundary,10,20,Q4_clearest,0,6099,1556,0.95686,0.99601,0.99205,1.0
C_boundary_s1,C_boundary,11,0,Q1_dimmest,302,6386,2930,0.49011,0.44112,0.511,0.38805
C_boundary_s1,C_boundary,11,0,Q2,45,5601,2186,0.78256,0.75261,0.70235,0.81061
C_boundary_s1,C_boundary,11,0,Q3,7,6593,2129,0.86359,0.91068,0.86271,0.9643
C_boundary_s1,C_boundary,11,0,Q4_clearest,0,10959,3211,0.93453,0.98138,0.96461,0.99875
C_boundary_s1,C_boundary,11,20,Q1_dimmest,278,6386,2930,0.48623,0.43179,0.51977,0.36928
C_boundary_s1,C_boundary,11,20,Q2,40,5601,2186,0.7828,0.75395,0.71763,0.79414
C_boundary_s1,C_boundary,11,20,Q3,7,6593,2129,0.86431,0.91223,0.86587,0.96383
C_boundary_s1,C_boundary,11,20,Q4_clearest,0,10959,3211,0.93457,0.98154,0.96491,0.99875
C_boundary_s1,C_boundary,12,0,Q1_dimmest,204,6741,2151,0.57519,0.57277,0.60086,0.54719
C_boundary_s1,C_boundary,12,0,Q2,38,7686,2661,0.82257,0.84185,0.80087,0.88726
C_boundary_s1,C_boundary,12,0,Q3,3,7976,2374,0.89784,0.95525,0.9274,0.98484
C_boundary_s1,C_boundary,12,0,Q4_clearest,0,6087,1526,0.95621,0.99366,0.98741,1.0
C_boundary_s1,C_boundary,12,20,Q1_dimmest,183,6741,2151,0.57642,0.58109,0.64038,0.53185
C_boundary_s1,C_boundary,12,20,Q2,33,7686,2661,0.82306,0.84288,0.81316,0.87486
C_boundary_s1,C_boundary,12,20,Q3,3,7976,2374,0.8991,0.95899,0.93522,0.98399
C_boundary_s1,C_boundary,12,20,Q4_clearest,0,6087,1526,0.95621,0.99366,0.98741,1.0
C_boundary_s1,C_boundary,13,0,Q1_dimmest,259,8947,3161,0.55597,0.51048,0.56205,0.46757
C_boundary_s1,C_boundary,13,0,Q2,58,7970,2798,0.81427,0.7981,0.74783,0.85561
C_boundary_s1,C_boundary,13,0,Q3,1,7295,2120,0.91817,0.9629,0.9397,0.98726
C_boundary_s1,C_boundary,13,0,Q4_clearest,0,8047,2107,0.97485,0.99834,0.99669,1.0
C_boundary_s1,C_boundary,13,20,Q1_dimmest,224,8947,3161,0.54991,0.49815,0.57941,0.43689
C_boundary_s1,C_boundary,13,20,Q2,51,7970,2798,0.81295,0.7954,0.75396,0.84167
C_boundary_s1,C_boundary,13,20,Q3,1,7295,2120,0.91836,0.96331,0.94222,0.98538
C_boundary_s1,C_boundary,13,20,Q4_clearest,0,8047,2107,0.97485,0.99834,0.99669,1.0
C_boundary_s1,C_boundary,14,0,Q1_dimmest,190,4886,1623,0.51255,0.4927,0.47692,0.50955
C_boundary_s1,C_boundary,14,0,Q2,53,6453,2243,0.78667,0.7686,0.69417,0.8609
C_boundary_s1,C_boundary,14,0,Q3,3,8104,2470,0.88138,0.94068,0.89581,0.99028
C_boundary_s1,C_boundary,14,0,Q4_clearest,0,7234,2022,0.94741,0.99236,0.98484,1.0
C_boundary_s1,C_boundary,14,20,Q1_dimmest,175,4886,1623,0.51725,0.50411,0.5165,0.4923
C_boundary_s1,C_boundary,14,20,Q2,46,6453,2243,0.78724,0.77041,0.70897,0.84351
C_boundary_s1,C_boundary,14,20,Q3,3,8104,2470,0.88224,0.94324,0.9008,0.98988
C_boundary_s1,C_boundary,14,20,Q4_clearest,0,7234,2022,0.94741,0.99236,0.98484,1.0
C_boundary_s1,C_boundary,15,0,Q1_dimmest,162,4357,1638,0.49782,0.49809,0.45344,0.5525
C_boundary_s1,C_boundary,15,0,Q2,28,5141,1751,0.73541,0.7467,0.63488,0.90634
C_boundary_s1,C_boundary,15,0,Q3,1,6066,1760,0.83213,0.91104,0.83861,0.99716
C_boundary_s1,C_boundary,15,0,Q4_clearest,0,8050,2502,0.92324,0.97629,0.95369,1.0
C_boundary_s1,C_boundary,15,20,Q1_dimmest,138,4357,1638,0.50189,0.50821,0.48667,0.53175
C_boundary_s1,C_boundary,15,20,Q2,26,5141,1751,0.73859,0.7536,0.65023,0.89606
C_boundary_s1,C_boundary,15,20,Q3,1,6066,1760,0.83695,0.92385,0.86059,0.99716
C_boundary_s1,C_boundary,15,20,Q4_clearest,0,8050,2502,0.92414,0.97803,0.95701,1.0
C_boundary_s1,C_boundary,16,0,Q1_dimmest,228,6445,1959,0.59277,0.6207,0.67742,0.57274
C_boundary_s1,C_boundary,16,0,Q2,40,6977,2256,0.84243,0.87865,0.85684,0.9016
C_boundary_s1,C_boundary,16,0,Q3,1,7630,2131,0.88664,0.95965,0.92851,0.99296
C_boundary_s1,C_boundary,16,0,Q4_clearest,3,8739,2466,0.92874,0.98039,0.96684,0.99432
C_boundary_s1,C_boundary,16,20,Q1_dimmest,214,6445,1959,0.59591,0.63218,0.7232,0.56151
C_boundary_s1,C_boundary,16,20,Q2,37,6977,2256,0.84569,0.88843,0.88944,0.88741
C_boundary_s1,C_boundary,16,20,Q3,1,7630,2131,0.88838,0.96633,0.94193,0.99202
C_boundary_s1,C_boundary,16,20,Q4_clearest,3,8739,2466,0.92993,0.98374,0.97337,0.99432
C_boundary_s1,C_boundary,17,0,Q1_dimmest,254,7862,2585,0.5945,0.61968,0.74747,0.52921
C_boundary_s1,C_boundary,17,0,Q2,28,7104,2140,0.85127,0.88936,0.87764,0.9014
C_boundary_s1,C_boundary,17,0,Q3,6,7222,1826,0.90442,0.97224,0.96013,0.98467
C_boundary_s1,C_boundary,17,0,Q4_clearest,0,5664,1433,0.92692,0.99162,0.98746,0.99581
C_boundary_s1,C_boundary,17,20,Q1_dimmest,226,7862,2585,0.5913,0.61524,0.78003,0.50793
C_boundary_s1,C_boundary,17,20,Q2,25,7104,2140,0.85284,0.89584,0.90349,0.88832
C_boundary_s1,C_boundary,17,20,Q3,5,7222,1826,0.90475,0.97326,0.96263,0.98412
C_boundary_s1,C_boundary,17,20,Q4_clearest,0,5664,1433,0.92697,0.99196,0.98951,0.99442
C_boundary_s1,C_boundary,18,0,Q1_dimmest,182,4966,1759,0.63366,0.64413,0.68807,0.60546
C_boundary_s1,C_boundary,18,0,Q2,39,6044,1968,0.82528,0.88515,0.86339,0.90803
C_boundary_s1,C_boundary,18,0,Q3,2,7429,2081,0.85132,0.96187,0.93196,0.99375
C_boundary_s1,C_boundary,18,0,Q4_clearest,0,7705,1851,0.88898,0.98751,0.97532,1.0
C_boundary_s1,C_boundary,18,20,Q1_dimmest,167,4966,1759,0.63275,0.64623,0.70759,0.59466
C_boundary_s1,C_boundary,18,20,Q2,38,6044,1968,0.82458,0.88692,0.87431,0.8999
C_boundary_s1,C_boundary,18,20,Q3,2,7429,2081,0.85238,0.9665,0.942,0.99231
C_boundary_s1,C_boundary,18,20,Q4_clearest,0,7705,1851,0.8898,0.99034,0.98087,1.0
C_boundary_s1,C_boundary,19,0,Q1_dimmest,134,3731,1722,0.65144,0.66762,0.64674,0.6899
C_boundary_s1,C_boundary,19,0,Q2,33,6957,2067,0.79136,0.84432,0.76664,0.93953
C_boundary_s1,C_boundary,19,0,Q3,0,8771,2610,0.88602,0.96503,0.93612,0.99579
C_boundary_s1,C_boundary,19,0,Q4_clearest,0,7909,2077,0.96029,0.99729,0.99555,0.99904
C_boundary_s1,C_boundary,19,20,Q1_dimmest,122,3731,1722,0.65304,0.674,0.67205,0.67596
C_boundary_s1,C_boundary,19,20,Q2,30,6957,2067,0.79609,0.85755,0.79393,0.93227
C_boundary_s1,C_boundary,19,20,Q3,0,8771,2610,0.88635,0.96639,0.9404,0.99387
C_boundary_s1,C_boundary,19,20,Q4_clearest,0,7909,2077,0.96029,0.99729,0.99555,0.99904
C_boundary_s1,C_boundary,20,0,Q1_dimmest,178,5411,1924,0.63093,0.64083,0.61111,0.6736
C_boundary_s1,C_boundary,20,0,Q2,17,7210,2225,0.80266,0.85663,0.7796,0.95056
C_boundary_s1,C_boundary,20,0,Q3,3,6951,2027,0.86731,0.95368,0.91685,0.99359
C_boundary_s1,C_boundary,20,0,Q4_clearest,0,4693,1197,0.93726,0.98269,0.96596,1.0
C_boundary_s1,C_boundary,20,20,Q1_dimmest,173,5411,1924,0.63521,0.65181,0.63983,0.66424
C_boundary_s1,C_boundary,20,20,Q2,15,7210,2225,0.80686,0.86763,0.7996,0.94831
C_boundary_s1,C_boundary,20,20,Q3,3,6951,2027,0.87197,0.96718,0.94215,0.99359
C_boundary_s1,C_boundary,20,20,Q4_clearest,0,4693,1197,0.93754,0.9839,0.96832,1.0
C_boundary_s2,C_boundary,01,0,Q1_dimmest,203,4597,1791,0.56586,0.55078,0.56027,0.5416
C_boundary_s2,C_boundary,01,0,Q2,47,6946,2500,0.78861,0.83613,0.79094,0.8868
C_boundary_s2,C_boundary,01,0,Q3,10,8473,2538,0.86461,0.9518,0.93569,0.96848
C_boundary_s2,C_boundary,01,0,Q4_clearest,1,9424,2483,0.92484,0.98966,0.98343,0.99597
C_boundary_s2,C_boundary,01,20,Q1_dimmest,184,4597,1791,0.56275,0.54597,0.58404,0.51256
C_boundary_s2,C_boundary,01,20,Q2,46,6946,2500,0.78911,0.83836,0.80147,0.8788
C_boundary_s2,C_boundary,01,20,Q3,10,8473,2538,0.86508,0.9548,0.94299,0.9669
C_boundary_s2,C_boundary,01,20,Q4_clearest,1,9424,2483,0.92493,0.99005,0.98458,0.99557
C_boundary_s2,C_boundary,02,0,Q1_dimmest,233,5691,1790,0.50609,0.49451,0.50694,0.48268
C_boundary_s2,C_boundary,02,0,Q2,48,6606,1861,0.80076,0.80067,0.74675,0.86298
C_boundary_s2,C_boundary,02,0,Q3,2,8662,2260,0.89961,0.94806,0.91193,0.98717
C_boundary_s2,C_boundary,02,0,Q4_clearest,0,12831,3378,0.96148,0.99246,0.98504,1.0
C_boundary_s2,C_boundary,02,20,Q1_dimmest,206,5691,1790,0.5022,0.48417,0.51622,0.45587
C_boundary_s2,C_boundary,02,20,Q2,46,6606,1861,0.79833,0.79283,0.74781,0.84363
C_boundary_s2,C_boundary,02,20,Q3,2,8662,2260,0.90148,0.95399,0.92298,0.98717
C_boundary_s2,C_boundary,02,20,Q4_clearest,0,12831,3378,0.96159,0.99289,0.98588,1.0
C_boundary_s2,C_boundary,03,0,Q1_dimmest,281,10358,3377,0.48593,0.48288,0.55261,0.42878
C_boundary_s2,C_boundary,03,0,Q2,31,9353,2708,0.83016,0.85069,0.83085,0.87149
C_boundary_s2,C_boundary,03,0,Q3,7,8095,2089,0.93682,0.97498,0.96966,0.98037
C_boundary_s2,C_boundary,03,0,Q4_clearest,0,5087,1047,0.98786,0.99956,0.99911,1.0
C_boundary_s2,C_boundary,03,20,Q1_dimmest,254,10358,3377,0.48267,0.47792,0.57904,0.40687
C_boundary_s2,C_boundary,03,20,Q2,28,9353,2708,0.8306,0.85453,0.84445,0.86484
C_boundary_s2,C_boundary,03,20,Q3,6,8095,2089,0.93703,0.9761,0.97234,0.97989
C_boundary_s2,C_boundary,03,20,Q4_clearest,0,5087,1047,0.98786,0.99956,0.99911,1.0
C_boundary_s2,C_boundary,04,0,Q1_dimmest,213,7750,3035,0.51151,0.46619,0.59508,0.3832
C_boundary_s2,C_boundary,04,0,Q2,32,6017,1865,0.81302,0.83237,0.80175,0.86542
C_boundary_s2,C_boundary,04,0,Q3,4,6293,1680,0.91675,0.96015,0.94631,0.9744
C_boundary_s2,C_boundary,04,0,Q4_clearest,1,10294,2346,0.97498,0.99287,0.98835,0.99744
C_boundary_s2,C_boundary,04,20,Q1_dimmest,193,7750,3035,0.50687,0.46009,0.62007,0.36573
C_boundary_s2,C_boundary,04,20,Q2,24,6017,1865,0.81226,0.83108,0.81164,0.85147
C_boundary_s2,C_boundary,04,20,Q3,4,6293,1680,0.91693,0.96013,0.9474,0.97321
C_boundary_s2,C_boundary,04,20,Q4_clearest,0,10294,2346,0.9753,0.99433,0.99124,0.99744
C_boundary_s2,C_boundary,05,0,Q1_dimmest,296,9685,3539,0.47575,0.42735,0.60041,0.33173
C_boundary_s2,C_boundary,05,0,Q2,31,7440,2198,0.84554,0.8516,0.83366,0.87034
C_boundary_s2,C_boundary,05,0,Q3,2,7606,2186,0.93754,0.98065,0.97065,0.99085
C_boundary_s2,C_boundary,05,0,Q4_clearest,0,6179,1663,0.9744,0.99476,0.99254,0.99699
C_boundary_s2,C_boundary,05,20,Q1_dimmest,261,9685,3539,0.4705,0.41644,0.61948,0.31365
C_boundary_s2,C_boundary,05,20,Q2,28,7440,2198,0.84478,0.85005,0.84396,0.85623
C_boundary_s2,C_boundary,05,20,Q3,2,7606,2186,0.9373,0.98175,0.97281,0.99085
C_boundary_s2,C_boundary,05,20,Q4_clearest,0,6179,1663,0.9744,0.99476,0.99254,0.99699
C_boundary_s2,C_boundary,06,0,Q1_dimmest,351,10790,3981,0.47846,0.45868,0.62368,0.36272
C_boundary_s2,C_boundary,06,0,Q2,38,7933,2378,0.83845,0.83323,0.84732,0.8196
C_boundary_s2,C_boundary,06,0,Q3,1,7891,2229,0.95036,0.98418,0.97526,0.99327
C_boundary_s2,C_boundary,06,0,Q4_clearest,0,5502,1401,0.98089,0.99716,0.99505,0.99929
C_boundary_s2,C_boundary,06,20,Q1_dimmest,320,10790,3981,0.47904,0.4605,0.67516,0.34941
C_boundary_s2,C_boundary,06,20,Q2,34,7933,2378,0.83984,0.83724,0.86985,0.80698
C_boundary_s2,C_boundary,06,20,Q3,1,7891,2229,0.9504,0.98437,0.97693,0.99192
C_boundary_s2,C_boundary,06,20,Q4_clearest,0,5502,1401,0.98089,0.99716,0.99505,0.99929
C_boundary_s2,C_boundary,07,0,Q1_dimmest,233,8316,2808,0.48716,0.46195,0.62895,0.36503
C_boundary_s2,C_boundary,07,0,Q2,35,7149,2172,0.82423,0.82631,0.83417,0.8186
C_boundary_s2,C_boundary,07,0,Q3,3,7254,1955,0.92305,0.96883,0.95884,0.97903
C_boundary_s2,C_boundary,07,0,Q4_clearest,0,7433,2033,0.97178,0.99609,0.99562,0.99656
C_boundary_s2,C_boundary,07,20,Q1_dimmest,215,8316,2808,0.48673,0.46056,0.66019,0.35363
C_boundary_s2,C_boundary,07,20,Q2,33,7149,2172,0.82447,0.82812,0.84423,0.81262
C_boundary_s2,C_boundary,07,20,Q3,3,7254,1955,0.92345,0.9703,0.96223,0.97852
C_boundary_s2,C_boundary,07,20,Q4_clearest,0,7433,2033,0.97178,0.99609,0.99562,0.99656
C_boundary_s2,C_boundary,08,0,Q1_dimmest,295,9976,3245,0.52069,0.50151,0.61105,0.42527
C_boundary_s2,C_boundary,08,0,Q2,32,8461,2479,0.84841,0.84916,0.82485,0.87495
C_boundary_s2,C_boundary,08,0,Q3,2,6640,1970,0.93202,0.96798,0.95752,0.97868
C_boundary_s2,C_boundary,08,0,Q4_clearest,0,3312,891,0.97131,0.99161,0.9956,0.98765
C_boundary_s2,C_boundary,08,20,Q1_dimmest,265,9976,3245,0.51933,0.49834,0.64155,0.4074
C_boundary_s2,C_boundary,08,20,Q2,31,8461,2479,0.84964,0.85385,0.84044,0.86769
C_boundary_s2,C_boundary,08,20,Q3,2,6640,1970,0.93249,0.96918,0.95986,0.97868
C_boundary_s2,C_boundary,08,20,Q4_clearest,0,3312,891,0.97131,0.99161,0.9956,0.98765
C_boundary_s2,C_boundary,09,0,Q1_dimmest,246,9368,3406,0.5343,0.55155,0.68977,0.45948
C_boundary_s2,C_boundary,09,0,Q2,28,7639,2383,0.85332,0.8842,0.85521,0.91523
C_boundary_s2,C_boundary,09,0,Q3,8,6249,1936,0.93106,0.97333,0.9684,0.97831
C_boundary_s2,C_boundary,09,0,Q4_clearest,2,3485,1001,0.97066,0.98738,0.99901,0.97602
C_boundary_s2,C_boundary,09,20,Q1_dimmest,215,9368,3406,0.52881,0.54186,0.7164,0.4357
C_boundary_s2,C_boundary,09,20,Q2,27,7639,2383,0.85237,0.88245,0.85822,0.9081
C_boundary_s2,C_boundary,09,20,Q3,7,6249,1936,0.93084,0.97409,0.97144,0.97676
C_boundary_s2,C_boundary,09,20,Q4_clearest,2,3485,1001,0.97022,0.98636,0.99901,0.97403
C_boundary_s2,C_boundary,10,0,Q1_dimmest,303,7560,3177,0.5241,0.48598,0.53746,0.4435
C_boundary_s2,C_boundary,10,0,Q2,45,6756,2369,0.81864,0.81071,0.75613,0.87379
C_boundary_s2,C_boundary,10,0,Q3,4,6741,2035,0.90745,0.95872,0.9279,0.99165
C_boundary_s2,C_boundary,10,0,Q4_clearest,1,6099,1556,0.95825,0.99343,0.98758,0.99936
C_boundary_s2,C_boundary,10,20,Q1_dimmest,276,7560,3177,0.52377,0.48472,0.56464,0.42461
C_boundary_s2,C_boundary,10,20,Q2,43,6756,2369,0.81712,0.80614,0.75776,0.86112
C_boundary_s2,C_boundary,10,20,Q3,3,6741,2035,0.90752,0.95934,0.93211,0.98821
C_boundary_s2,C_boundary,10,20,Q4_clearest,1,6099,1556,0.95863,0.99507,0.99082,0.99936
C_boundary_s2,C_boundary,11,0,Q1_dimmest,310,6386,2930,0.48655,0.42103,0.52861,0.34983
C_boundary_s2,C_boundary,11,0,Q2,55,5601,2186,0.78638,0.74878,0.71614,0.78454
C_boundary_s2,C_boundary,11,0,Q3,11,6593,2129,0.86617,0.91685,0.88091,0.95585
C_boundary_s2,C_boundary,11,0,Q4_clearest,2,10959,3211,0.93836,0.98152,0.96633,0.9972
C_boundary_s2,C_boundary,11,20,Q1_dimmest,273,6386,2930,0.47826,0.40416,0.53922,0.32321
C_boundary_s2,C_boundary,11,20,Q2,45,5601,2186,0.7861,0.74925,0.72927,0.77036
C_boundary_s2,C_boundary,11,20,Q3,10,6593,2129,0.86634,0.91699,0.88478,0.95162
C_boundary_s2,C_boundary,11,20,Q4_clearest,1,10959,3211,0.93883,0.98198,0.9678,0.99657
C_boundary_s2,C_boundary,12,0,Q1_dimmest,222,6741,2151,0.55555,0.57061,0.65291,0.50674
C_boundary_s2,C_boundary,12,0,Q2,51,7686,2661,0.81135,0.83885,0.81616,0.86283
C_boundary_s2,C_boundary,12,0,Q3,5,7976,2374,0.8949,0.95067,0.93435,0.96757
C_boundary_s2,C_boundary,12,0,Q4_clearest,2,6087,1526,0.95765,0.99355,0.99234,0.99476
C_boundary_s2,C_boundary,12,20,Q1_dimmest,204,6741,2151,0.55349,0.57027,0.6912,0.48536
C_boundary_s2,C_boundary,12,20,Q2,45,7686,2661,0.8106,0.83868,0.82372,0.85419
C_boundary_s2,C_boundary,12,20,Q3,5,7976,2374,0.89509,0.95123,0.93623,0.96672
C_boundary_s2,C_boundary,12,20,Q4_clearest,2,6087,1526,0.95765,0.99355,0.99234,0.99476
C_boundary_s2,C_boundary,13,0,Q1_dimmest,273,8947,3161,0.54076,0.52138,0.59274,0.46536
C_boundary_s2,C_boundary,13,0,Q2,65,7970,2798,0.81713,0.8134,0.77901,0.85096
C_boundary_s2,C_boundary,13,0,Q3,4,7295,2120,0.91629,0.95715,0.93862,0.97642
C_boundary_s2,C_boundary,13,0,Q4_clearest,0,8047,2107,0.97604,0.99768,0.99536,1.0
C_boundary_s2,C_boundary,13,20,Q1_dimmest,235,8947,3161,0.53507,0.50978,0.6088,0.43847
C_boundary_s2,C_boundary,13,20,Q2,57,7970,2798,0.81521,0.80871,0.79316,0.82487
C_boundary_s2,C_boundary,13,20,Q3,4,7295,2120,0.91693,0.9587,0.94426,0.97358
C_boundary_s2,C_boundary,13,20,Q4_clearest,0,8047,2107,0.97604,0.99768,0.99536,1.0
C_boundary_s2,C_boundary,14,0,Q1_dimmest,199,4886,1623,0.51532,0.49589,0.49703,0.49476
C_boundary_s2,C_boundary,14,0,Q2,52,6453,2243,0.78784,0.77422,0.7037,0.86045
C_boundary_s2,C_boundary,14,0,Q3,6,8104,2470,0.88496,0.94034,0.89618,0.98907
C_boundary_s2,C_boundary,14,0,Q4_clearest,0,7234,2022,0.95125,0.99485,0.98976,1.0
C_boundary_s2,C_boundary,14,20,Q1_dimmest,187,4886,1623,0.52043,0.51116,0.54829,0.47874
C_boundary_s2,C_boundary,14,20,Q2,46,6453,2243,0.78925,0.77862,0.71943,0.84842
C_boundary_s2,C_boundary,14,20,Q3,6,8104,2470,0.88552,0.94169,0.89932,0.98826
C_boundary_s2,C_boundary,14,20,Q4_clearest,0,7234,2022,0.95125,0.99485,0.98976,1.0
C_boundary_s2,C_boundary,15,0,Q1_dimmest,160,4357,1638,0.52504,0.52765,0.49752,0.56166
C_boundary_s2,C_boundary,15,0,Q2,14,5141,1751,0.74915,0.78193,0.67925,0.92119
C_boundary_s2,C_boundary,15,0,Q3,0,6066,1760,0.84419,0.91433,0.84461,0.99659
C_boundary_s2,C_boundary,15,0,Q4_clearest,0,8050,2502,0.93544,0.98291,0.96639,1.0
C_boundary_s2,C_boundary,15,20,Q1_dimmest,144,4357,1638,0.53167,0.54703,0.55014,0.54396
C_boundary_s2,C_boundary,15,20,Q2,13,5141,1751,0.75267,0.79078,0.69763,0.91262
C_boundary_s2,C_boundary,15,20,Q3,0,6066,1760,0.84815,0.92518,0.86332,0.99659
C_boundary_s2,C_boundary,15,20,Q4_clearest,0,8050,2502,0.9362,0.98526,0.97095,1.0
C_boundary_s2,C_boundary,16,0,Q1_dimmest,241,6445,1959,0.5769,0.59591,0.68077,0.52986
C_boundary_s2,C_boundary,16,0,Q2,60,6977,2256,0.84235,0.88266,0.88501,0.88032
C_boundary_s2,C_boundary,16,0,Q3,1,7630,2131,0.89046,0.95819,0.92658,0.99202
C_boundary_s2,C_boundary,16,0,Q4_clearest,3,8739,2466,0.93523,0.98315,0.9699,0.99676
C_boundary_s2,C_boundary,16,20,Q1_dimmest,229,6445,1959,0.57862,0.60641,0.723,0.52221
C_boundary_s2,C_boundary,16,20,Q2,52,6977,2256,0.84344,0.88701,0.90408,0.87057
C_boundary_s2,C_boundary,16,20,Q3,1,7630,2131,0.89157,0.96081,0.93316,0.99015
C_boundary_s2,C_boundary,16,20,Q4_clearest,3,8739,2466,0.93689,0.98651,0.97648,0.99676
C_boundary_s2,C_boundary,17,0,Q1_dimmest,265,7862,2585,0.55214,0.56258,0.70664,0.46731
C_boundary_s2,C_boundary,17,0,Q2,42,7104,2140,0.84647,0.88266,0.88213,0.88318
C_boundary_s2,C_boundary,17,0,Q3,4,7222,1826,0.90661,0.97404,0.96156,0.98686
C_boundary_s2,C_boundary,17,0,Q4_clearest,0,5664,1433,0.92897,0.99271,0.98553,1.0
C_boundary_s2,C_boundary,17,20,Q1_dimmest,248,7862,2585,0.55392,0.56894,0.76138,0.45416
C_boundary_s2,C_boundary,17,20,Q2,37,7104,2140,0.84786,0.89094,0.90773,0.87477
C_boundary_s2,C_boundary,17,20,Q3,4,7222,1826,0.90686,0.97554,0.96501,0.98631
C_boundary_s2,C_boundary,17,20,Q4_clearest,0,5664,1433,0.92943,0.99478,0.98962,1.0
C_boundary_s2,C_boundary,18,0,Q1_dimmest,181,4966,1759,0.60877,0.62532,0.69389,0.56907
C_boundary_s2,C_boundary,18,0,Q2,41,6044,1968,0.81954,0.86708,0.84418,0.89126
C_boundary_s2,C_boundary,18,0,Q3,2,7429,2081,0.85774,0.96383,0.93608,0.99327
C_boundary_s2,C_boundary,18,0,Q4_clearest,0,7705,1851,0.89477,0.9871,0.97608,0.99838
C_boundary_s2,C_boundary,18,20,Q1_dimmest,168,4966,1759,0.61177,0.63651,0.74026,0.55827
C_boundary_s2,C_boundary,18,20,Q2,40,6044,1968,0.82014,0.87017,0.85285,0.88821
C_boundary_s2,C_boundary,18,20,Q3,2,7429,2081,0.8597,0.9703,0.94837,0.99327
C_boundary_s2,C_boundary,18,20,Q4_clearest,0,7705,1851,0.89555,0.98991,0.98158,0.99838
C_boundary_s2,C_boundary,19,0,Q1_dimmest,158,3731,1722,0.6361,0.66264,0.6766,0.64925
C_boundary_s2,C_boundary,19,0,Q2,33,6957,2067,0.79127,0.82978,0.7501,0.9284
C_boundary_s2,C_boundary,19,0,Q3,2,8771,2610,0.89298,0.96166,0.93249,0.99272
C_boundary_s2,C_boundary,19,0,Q4_clearest,0,7909,2077,0.96186,0.99516,0.99132,0.99904
C_boundary_s2,C_boundary,19,20,Q1_dimmest,143,3731,1722,0.63462,0.6647,0.69977,0.63298
C_boundary_s2,C_boundary,19,20,Q2,31,6957,2067,0.79528,0.842,0.77572,0.92066
C_boundary_s2,C_boundary,19,20,Q3,2,8771,2610,0.89388,0.96508,0.93929,0.99234
C_boundary_s2,C_boundary,19,20,Q4_clearest,0,7909,2077,0.96186,0.99516,0.99132,0.99904
C_boundary_s2,C_boundary,20,0,Q1_dimmest,188,5411,1924,0.61923,0.63499,0.62142,0.64917
C_boundary_s2,C_boundary,20,0,Q2,25,7210,2225,0.80786,0.85085,0.77424,0.94427
C_boundary_s2,C_boundary,20,0,Q3,2,6951,2027,0.86679,0.94699,0.90539,0.9926
C_boundary_s2,C_boundary,20,0,Q4_clearest,1,4693,1197,0.93597,0.98737,0.97665,0.99833
C_boundary_s2,C_boundary,20,20,Q1_dimmest,180,5411,1924,0.62358,0.64662,0.65465,0.63877
C_boundary_s2,C_boundary,20,20,Q2,25,7210,2225,0.81195,0.8646,0.80121,0.93888
C_boundary_s2,C_boundary,20,20,Q3,2,6951,2027,0.86865,0.95242,0.9162,0.99161
C_boundary_s2,C_boundary,20,20,Q4_clearest,1,4693,1197,0.93597,0.98737,0.97665,0.99833
D_blurpool_s0,D_blurpool,01,0,Q1_dimmest,217,4597,1791,0.57153,0.56172,0.56919,0.55444
D_blurpool_s0,D_blurpool,01,0,Q2,56,6946,2500,0.79391,0.83897,0.78939,0.8952
D_blurpool_s0,D_blurpool,01,0,Q3,15,8473,2538,0.86316,0.95829,0.93942,0.97794
D_blurpool_s0,D_blurpool,01,0,Q4_clearest,0,9424,2483,0.92404,0.98951,0.98041,0.99879
D_blurpool_s0,D_blurpool,01,20,Q1_dimmest,202,4597,1791,0.57136,0.56086,0.59429,0.53099
D_blurpool_s0,D_blurpool,01,20,Q2,50,6946,2500,0.79445,0.841,0.802,0.884
D_blurpool_s0,D_blurpool,01,20,Q3,12,8473,2538,0.86353,0.96044,0.94651,0.97478
D_blurpool_s0,D_blurpool,01,20,Q4_clearest,0,9424,2483,0.92485,0.99212,0.98553,0.99879
D_blurpool_s0,D_blurpool,02,0,Q1_dimmest,215,5691,1790,0.51437,0.46452,0.46258,0.46648
D_blurpool_s0,D_blurpool,02,0,Q2,36,6606,1861,0.80258,0.79493,0.72294,0.88286
D_blurpool_s0,D_blurpool,02,0,Q3,2,8662,2260,0.89748,0.94982,0.91067,0.99248
D_blurpool_s0,D_blurpool,02,0,Q4_clearest,0,12831,3378,0.96164,0.99236,0.98513,0.9997
D_blurpool_s0,D_blurpool,02,20,Q1_dimmest,205,5691,1790,0.52001,0.47803,0.49912,0.45866
D_blurpool_s0,D_blurpool,02,20,Q2,35,6606,1861,0.80339,0.79776,0.73547,0.87157
D_blurpool_s0,D_blurpool,02,20,Q3,1,8662,2260,0.89866,0.95403,0.91845,0.99248
D_blurpool_s0,D_blurpool,02,20,Q4_clearest,0,12831,3378,0.96168,0.99251,0.98541,0.9997
D_blurpool_s0,D_blurpool,03,0,Q1_dimmest,274,10358,3377,0.51594,0.48869,0.57713,0.42375
D_blurpool_s0,D_blurpool,03,0,Q2,35,9353,2708,0.83307,0.85027,0.8264,0.87555
D_blurpool_s0,D_blurpool,03,0,Q3,6,8095,2089,0.93391,0.96618,0.95603,0.97654
D_blurpool_s0,D_blurpool,03,0,Q4_clearest,0,5087,1047,0.98709,0.99866,0.99827,0.99904
D_blurpool_s0,D_blurpool,03,20,Q1_dimmest,243,10358,3377,0.51375,0.48486,0.60178,0.40598
D_blurpool_s0,D_blurpool,03,20,Q2,33,9353,2708,0.83327,0.85247,0.83495,0.87075
D_blurpool_s0,D_blurpool,03,20,Q3,6,8095,2089,0.93413,0.96703,0.95816,0.97607
D_blurpool_s0,D_blurpool,03,20,Q4_clearest,0,5087,1047,0.98709,0.99866,0.99827,0.99904
D_blurpool_s0,D_blurpool,04,0,Q1_dimmest,206,7750,3035,0.49545,0.45378,0.59765,0.36573
D_blurpool_s0,D_blurpool,04,0,Q2,32,6017,1865,0.80637,0.82343,0.784,0.86702
D_blurpool_s0,D_blurpool,04,0,Q3,4,6293,1680,0.91416,0.95888,0.93616,0.98274
D_blurpool_s0,D_blurpool,04,0,Q4_clearest,1,10294,2346,0.97357,0.99051,0.98744,0.99361
D_blurpool_s0,D_blurpool,04,20,Q1_dimmest,194,7750,3035,0.49737,0.45874,0.62573,0.36211
D_blurpool_s0,D_blurpool,04,20,Q2,30,6017,1865,0.80555,0.82113,0.79149,0.85308
D_blurpool_s0,D_blurpool,04,20,Q3,4,6293,1680,0.9143,0.95942,0.9399,0.97976
D_blurpool_s0,D_blurpool,04,20,Q4_clearest,1,10294,2346,0.97384,0.99155,0.98951,0.99361
D_blurpool_s0,D_blurpool,05,0,Q1_dimmest,270,9685,3539,0.4895,0.42662,0.60311,0.33004
D_blurpool_s0,D_blurpool,05,0,Q2,20,7440,2198,0.85035,0.84581,0.8284,0.86397
D_blurpool_s0,D_blurpool,05,0,Q3,2,7606,2186,0.93432,0.98168,0.97312,0.99039
D_blurpool_s0,D_blurpool,05,0,Q4_clearest,0,6179,1663,0.97187,0.99827,0.99714,0.9994
D_blurpool_s0,D_blurpool,05,20,Q1_dimmest,244,9685,3539,0.4854,0.41615,0.62946,0.31082
D_blurpool_s0,D_blurpool,05,20,Q2,20,7440,2198,0.85061,0.84717,0.84004,0.85441
D_blurpool_s0,D_blurpool,05,20,Q3,2,7606,2186,0.9349,0.98394,0.97757,0.99039
D_blurpool_s0,D_blurpool,05,20,Q4_clearest,0,6179,1663,0.97187,0.99827,0.99714,0.9994
D_blurpool_s0,D_blurpool,06,0,Q1_dimmest,352,10790,3981,0.49496,0.47121,0.61855,0.38056
D_blurpool_s0,D_blurpool,06,0,Q2,39,7933,2378,0.84096,0.83124,0.84278,0.82002
D_blurpool_s0,D_blurpool,06,0,Q3,0,7891,2229,0.95049,0.98713,0.98063,0.99372
D_blurpool_s0,D_blurpool,06,0,Q4_clearest,0,5502,1401,0.98092,0.99825,0.99721,0.99929
D_blurpool_s0,D_blurpool,06,20,Q1_dimmest,315,10790,3981,0.49215,0.4671,0.66164,0.36096
D_blurpool_s0,D_blurpool,06,20,Q2,31,7933,2378,0.83977,0.82786,0.8584,0.79941
D_blurpool_s0,D_blurpool,06,20,Q3,0,7891,2229,0.95046,0.98689,0.9819,0.99192
D_blurpool_s0,D_blurpool,06,20,Q4_clearest,0,5502,1401,0.9811,0.99895,0.99861,0.99929
D_blurpool_s0,D_blurpool,07,0,Q1_dimmest,246,8316,2808,0.49493,0.45395,0.60903,0.36182
D_blurpool_s0,D_blurpool,07,0,Q2,46,7149,2172,0.82347,0.8222,0.81982,0.82459
D_blurpool_s0,D_blurpool,07,0,Q3,4,7254,1955,0.92096,0.96713,0.94975,0.98517
D_blurpool_s0,D_blurpool,07,0,Q4_clearest,0,7433,2033,0.97283,0.99635,0.99371,0.99902
D_blurpool_s0,D_blurpool,07,20,Q1_dimmest,216,8316,2808,0.49477,0.45207,0.64886,0.34687
D_blurpool_s0,D_blurpool,07,20,Q2,40,7149,2172,0.8232,0.82078,0.83248,0.80939
D_blurpool_s0,D_blurpool,07,20,Q3,4,7254,1955,0.92147,0.96907,0.95398,0.98465
D_blurpool_s0,D_blurpool,07,20,Q4_clearest,0,7433,2033,0.97296,0.99635,0.99371,0.99902
D_blurpool_s0,D_blurpool,08,0,Q1_dimmest,291,9976,3245,0.53377,0.48828,0.57892,0.42219
D_blurpool_s0,D_blurpool,08,0,Q2,37,8461,2479,0.85411,0.85817,0.83612,0.8814
D_blurpool_s0,D_blurpool,08,0,Q3,4,6640,1970,0.93164,0.97792,0.96822,0.98782
D_blurpool_s0,D_blurpool,08,0,Q4_clearest,0,3312,891,0.97333,0.99442,0.99221,0.99663
D_blurpool_s0,D_blurpool,08,20,Q1_dimmest,272,9976,3245,0.5349,0.49234,0.61567,0.41017
D_blurpool_s0,D_blurpool,08,20,Q2,33,8461,2479,0.85467,0.86048,0.84461,0.87697
D_blurpool_s0,D_blurpool,08,20,Q3,4,6640,1970,0.93202,0.97911,0.97056,0.98782
D_blurpool_s0,D_blurpool,08,20,Q4_clearest,0,3312,891,0.97333,0.99442,0.99221,0.99663
D_blurpool_s0,D_blurpool,09,0,Q1_dimmest,292,9368,3406,0.55773,0.54411,0.63404,0.47651
D_blurpool_s0,D_blurpool,09,0,Q2,28,7639,2383,0.85647,0.87454,0.83696,0.91565
D_blurpool_s0,D_blurpool,09,0,Q3,0,6249,1936,0.93128,0.98003,0.96761,0.99277
D_blurpool_s0,D_blurpool,09,0,Q4_clearest,1,3485,1001,0.96915,0.98644,0.99708,0.97602
D_blurpool_s0,D_blurpool,09,20,Q1_dimmest,263,9368,3406,0.55667,0.54376,0.66345,0.46066
D_blurpool_s0,D_blurpool,09,20,Q2,26,7639,2383,0.8562,0.8741,0.84657,0.90348
D_blurpool_s0,D_blurpool,09,20,Q3,0,6249,1936,0.93125,0.98028,0.96859,0.99225
D_blurpool_s0,D_blurpool,09,20,Q4_clearest,1,3485,1001,0.96857,0.98643,0.99706,0.97602
D_blurpool_s0,D_blurpool,10,0,Q1_dimmest,295,7560,3177,0.5363,0.48571,0.5336,0.4457
D_blurpool_s0,D_blurpool,10,0,Q2,33,6756,2369,0.8172,0.81521,0.764,0.87379
D_blurpool_s0,D_blurpool,10,0,Q3,0,6741,2035,0.9075,0.96126,0.93095,0.99361
D_blurpool_s0,D_blurpool,10,0,Q4_clearest,0,6099,1556,0.95731,0.995,0.99006,1.0
D_blurpool_s0,D_blurpool,10,20,Q1_dimmest,269,7560,3177,0.53469,0.48317,0.55088,0.43028
D_blurpool_s0,D_blurpool,10,20,Q2,30,6756,2369,0.81707,0.81621,0.77101,0.86703
D_blurpool_s0,D_blurpool,10,20,Q3,0,6741,2035,0.90798,0.96312,0.93487,0.99312
D_blurpool_s0,D_blurpool,10,20,Q4_clearest,0,6099,1556,0.95753,0.996,0.99203,1.0
D_blurpool_s0,D_blurpool,11,0,Q1_dimmest,315,6386,2930,0.46819,0.4109,0.50488,0.34642
D_blurpool_s0,D_blurpool,11,0,Q2,48,5601,2186,0.78421,0.76389,0.72298,0.8097
D_blurpool_s0,D_blurpool,11,0,Q3,9,6593,2129,0.8649,0.91615,0.87724,0.95867
D_blurpool_s0,D_blurpool,11,0,Q4_clearest,4,10959,3211,0.93816,0.98213,0.96839,0.99626
D_blurpool_s0,D_blurpool,11,20,Q1_dimmest,275,6386,2930,0.46114,0.39566,0.52327,0.31809
D_blurpool_s0,D_blurpool,11,20,Q2,44,5601,2186,0.78075,0.75483,0.72887,0.78271
D_blurpool_s0,D_blurpool,11,20,Q3,6,6593,2129,0.86504,0.91682,0.88166,0.95491
D_blurpool_s0,D_blurpool,11,20,Q4_clearest,4,10959,3211,0.93824,0.98243,0.96898,0.99626
D_blurpool_s0,D_blurpool,12,0,Q1_dimmest,228,6741,2151,0.57318,0.56111,0.63071,0.50535
D_blurpool_s0,D_blurpool,12,0,Q2,52,7686,2661,0.82234,0.84037,0.8177,0.86434
D_blurpool_s0,D_blurpool,12,0,Q3,6,7976,2374,0.89692,0.95772,0.93509,0.98147
D_blurpool_s0,D_blurpool,12,0,Q4_clearest,1,6087,1526,0.95443,0.99371,0.98879,0.99869
D_blurpool_s0,D_blurpool,12,20,Q1_dimmest,206,6741,2151,0.57171,0.56013,0.6545,0.48954
D_blurpool_s0,D_blurpool,12,20,Q2,45,7686,2661,0.82075,0.8358,0.82272,0.8493
D_blurpool_s0,D_blurpool,12,20,Q3,6,7976,2374,0.89669,0.95744,0.9361,0.97978
D_blurpool_s0,D_blurpool,12,20,Q4_clearest,1,6087,1526,0.95427,0.99371,0.98879,0.99869
D_blurpool_s0,D_blurpool,13,0,Q1_dimmest,281,8947,3161,0.54914,0.49514,0.55984,0.44385
D_blurpool_s0,D_blurpool,13,0,Q2,60,7970,2798,0.81548,0.80215,0.77006,0.83703
D_blurpool_s0,D_blurpool,13,0,Q3,4,7295,2120,0.91194,0.95541,0.93486,0.97689
D_blurpool_s0,D_blurpool,13,0,Q4_clearest,0,8047,2107,0.97491,0.99764,0.99529,1.0
D_blurpool_s0,D_blurpool,13,20,Q1_dimmest,242,8947,3161,0.54626,0.48849,0.58404,0.4198
D_blurpool_s0,D_blurpool,13,20,Q2,52,7970,2798,0.81544,0.80143,0.78413,0.81951
D_blurpool_s0,D_blurpool,13,20,Q3,3,7295,2120,0.91171,0.95459,0.93632,0.97358
D_blurpool_s0,D_blurpool,13,20,Q4_clearest,0,8047,2107,0.97497,0.99787,0.99576,1.0
D_blurpool_s0,D_blurpool,14,0,Q1_dimmest,204,4886,1623,0.52206,0.49811,0.48276,0.51448
D_blurpool_s0,D_blurpool,14,0,Q2,52,6453,2243,0.78425,0.77317,0.70137,0.86135
D_blurpool_s0,D_blurpool,14,0,Q3,1,8104,2470,0.88312,0.94164,0.89556,0.99271
D_blurpool_s0,D_blurpool,14,0,Q4_clearest,0,7234,2022,0.94864,0.9936,0.98777,0.99951
D_blurpool_s0,D_blurpool,14,20,Q1_dimmest,187,4886,1623,0.52612,0.50894,0.52055,0.49784
D_blurpool_s0,D_blurpool,14,20,Q2,49,6453,2243,0.78932,0.78447,0.72687,0.85198
D_blurpool_s0,D_blurpool,14,20,Q3,1,8104,2470,0.88528,0.94767,0.90721,0.9919
D_blurpool_s0,D_blurpool,14,20,Q4_clearest,0,7234,2022,0.94864,0.9936,0.98777,0.99951
D_blurpool_s0,D_blurpool,15,0,Q1_dimmest,169,4357,1638,0.49016,0.48852,0.46441,0.51526
D_blurpool_s0,D_blurpool,15,0,Q2,24,5141,1751,0.75675,0.78417,0.69438,0.90063
D_blurpool_s0,D_blurpool,15,0,Q3,1,6066,1760,0.84402,0.91396,0.84604,0.99375
D_blurpool_s0,D_blurpool,15,0,Q4_clearest,0,8050,2502,0.93155,0.97868,0.95825,1.0
D_blurpool_s0,D_blurpool,15,20,Q1_dimmest,158,4357,1638,0.49104,0.49522,0.49231,0.49817
D_blurpool_s0,D_blurpool,15,20,Q2,22,5141,1751,0.76035,0.7915,0.70878,0.89606
D_blurpool_s0,D_blurpool,15,20,Q3,1,6066,1760,0.84661,0.92191,0.85976,0.99375
D_blurpool_s0,D_blurpool,15,20,Q4_clearest,0,8050,2502,0.93258,0.98137,0.96342,1.0
D_blurpool_s0,D_blurpool,16,0,Q1_dimmest,252,6445,1959,0.58775,0.61087,0.67341,0.55896
D_blurpool_s0,D_blurpool,16,0,Q2,45,6977,2256,0.84664,0.89103,0.88028,0.90204
D_blurpool_s0,D_blurpool,16,0,Q3,2,7630,2131,0.88945,0.95858,0.92366,0.99625
D_blurpool_s0,D_blurpool,16,0,Q4_clearest,1,8739,2466,0.93379,0.98174,0.96451,0.99959
D_blurpool_s0,D_blurpool,16,20,Q1_dimmest,235,6445,1959,0.589,0.61664,0.71493,0.54211
D_blurpool_s0,D_blurpool,16,20,Q2,36,6977,2256,0.8475,0.89514,0.89892,0.8914
D_blurpool_s0,D_blurpool,16,20,Q3,2,7630,2131,0.89126,0.96432,0.93686,0.99343
D_blurpool_s0,D_blurpool,16,20,Q4_clearest,1,8739,2466,0.93444,0.98312,0.96718,0.99959
D_blurpool_s0,D_blurpool,17,0,Q1_dimmest,264,7862,2585,0.59162,0.60291,0.71668,0.52031
D_blurpool_s0,D_blurpool,17,0,Q2,40,7104,2140,0.84737,0.88102,0.87025,0.89206
D_blurpool_s0,D_blurpool,17,0,Q3,5,7222,1826,0.90331,0.97084,0.95896,0.98302
D_blurpool_s0,D_blurpool,17,0,Q4_clearest,0,5664,1433,0.93022,0.98626,0.97556,0.99721
D_blurpool_s0,D_blurpool,17,20,Q1_dimmest,252,7862,2585,0.59273,0.60565,0.75078,0.50754
D_blurpool_s0,D_blurpool,17,20,Q2,37,7104,2140,0.85057,0.89017,0.89297,0.88738
D_blurpool_s0,D_blurpool,17,20,Q3,5,7222,1826,0.90411,0.97392,0.96498,0.98302
D_blurpool_s0,D_blurpool,17,20,Q4_clearest,0,5664,1433,0.93121,0.98906,0.98104,0.99721
D_blurpool_s0,D_blurpool,18,0,Q1_dimmest,185,4966,1759,0.60535,0.6095,0.63481,0.58613
D_blurpool_s0,D_blurpool,18,0,Q2,39,6044,1968,0.81503,0.87295,0.84577,0.90193
D_blurpool_s0,D_blurpool,18,0,Q3,3,7429,2081,0.84813,0.96048,0.93062,0.99231
D_blurpool_s0,D_blurpool,18,0,Q4_clearest,0,7705,1851,0.89603,0.98957,0.98039,0.99892
D_blurpool_s0,D_blurpool,18,20,Q1_dimmest,168,4966,1759,0.61174,0.62789,0.69103,0.57533
D_blurpool_s0,D_blurpool,18,20,Q2,39,6044,1968,0.81706,0.88071,0.86704,0.89482
D_blurpool_s0,D_blurpool,18,20,Q3,3,7429,2081,0.85016,0.96685,0.94309,0.99183
D_blurpool_s0,D_blurpool,18,20,Q4_clearest,0,7705,1851,0.89634,0.99086,0.98293,0.99892
D_blurpool_s0,D_blurpool,19,0,Q1_dimmest,145,3731,1722,0.64757,0.66679,0.69461,0.64111
D_blurpool_s0,D_blurpool,19,0,Q2,27,6957,2067,0.79423,0.85825,0.78889,0.94098
D_blurpool_s0,D_blurpool,19,0,Q3,3,8771,2610,0.89044,0.96322,0.93678,0.99119
D_blurpool_s0,D_blurpool,19,0,Q4_clearest,0,7909,2077,0.96261,0.99603,0.99256,0.99952
D_blurpool_s0,D_blurpool,19,20,Q1_dimmest,141,3731,1722,0.64939,0.67368,0.71698,0.63531
D_blurpool_s0,D_blurpool,19,20,Q2,26,6957,2067,0.79818,0.87065,0.8101,0.94098
D_blurpool_s0,D_blurpool,19,20,Q3,3,8771,2610,0.89152,0.96664,0.94397,0.99042
D_blurpool_s0,D_blurpool,19,20,Q4_clearest,0,7909,2077,0.96261,0.99603,0.99256,0.99952
D_blurpool_s0,D_blurpool,20,0,Q1_dimmest,190,5411,1924,0.62007,0.62624,0.6076,0.64605
D_blurpool_s0,D_blurpool,20,0,Q2,22,7210,2225,0.7986,0.85471,0.78006,0.94517
D_blurpool_s0,D_blurpool,20,0,Q3,1,6951,2027,0.86324,0.94592,0.90221,0.99408
D_blurpool_s0,D_blurpool,20,0,Q4_clearest,1,4693,1197,0.93852,0.98968,0.98118,0.99833
D_blurpool_s0,D_blurpool,20,20,Q1_dimmest,178,5411,1924,0.62781,0.64279,0.65562,0.63046
D_blurpool_s0,D_blurpool,20,20,Q2,19,7210,2225,0.80387,0.87122,0.81131,0.94067
D_blurpool_s0,D_blurpool,20,20,Q3,2,6951,2027,0.86618,0.95437,0.91854,0.99309
D_blurpool_s0,D_blurpool,20,20,Q4_clearest,1,4693,1197,0.93851,0.99006,0.98193,0.99833
D_blurpool_s1,D_blurpool,01,0,Q1_dimmest,193,4597,1791,0.57055,0.56792,0.56688,0.56896
D_blurpool_s1,D_blurpool,01,0,Q2,43,6946,2500,0.78812,0.83125,0.76933,0.904
D_blurpool_s1,D_blurpool,01,0,Q3,9,8473,2538,0.85978,0.95994,0.93861,0.98227
D_blurpool_s1,D_blurpool,01,0,Q4_clearest,1,9424,2483,0.9254,0.98972,0.98395,0.99557
D_blurpool_s1,D_blurpool,01,20,Q1_dimmest,183,4597,1791,0.57167,0.56979,0.58539,0.555
D_blurpool_s1,D_blurpool,01,20,Q2,44,6946,2500,0.79,0.83608,0.78306,0.8968
D_blurpool_s1,D_blurpool,01,20,Q3,8,8473,2538,0.86174,0.96411,0.94735,0.98148
D_blurpool_s1,D_blurpool,01,20,Q4_clearest,1,9424,2483,0.92553,0.9905,0.98548,0.99557
D_blurpool_s1,D_blurpool,02,0,Q1_dimmest,208,5691,1790,0.50692,0.48183,0.48609,0.47765
D_blurpool_s1,D_blurpool,02,0,Q2,35,6606,1861,0.7998,0.7908,0.72188,0.87426
D_blurpool_s1,D_blurpool,02,0,Q3,1,8662,2260,0.90193,0.9575,0.92567,0.99159
D_blurpool_s1,D_blurpool,02,0,Q4_clearest,0,12831,3378,0.96247,0.99387,0.98782,1.0
D_blurpool_s1,D_blurpool,02,20,Q1_dimmest,192,5691,1790,0.50537,0.47466,0.50183,0.45028
D_blurpool_s1,D_blurpool,02,20,Q2,30,6606,1861,0.80009,0.79335,0.74454,0.84901
D_blurpool_s1,D_blurpool,02,20,Q3,0,8662,2260,0.90267,0.96048,0.93165,0.99115
D_blurpool_s1,D_blurpool,02,20,Q4_clearest,0,12831,3378,0.96247,0.99387,0.98782,1.0
D_blurpool_s1,D_blurpool,03,0,Q1_dimmest,262,10358,3377,0.50891,0.49425,0.56034,0.44211
D_blurpool_s1,D_blurpool,03,0,Q2,36,9353,2708,0.82327,0.84525,0.82186,0.87001
D_blurpool_s1,D_blurpool,03,0,Q3,6,8095,2089,0.93323,0.97104,0.9605,0.98181
D_blurpool_s1,D_blurpool,03,0,Q4_clearest,0,5087,1047,0.9869,0.99868,0.99736,1.0
D_blurpool_s1,D_blurpool,03,20,Q1_dimmest,242,10358,3377,0.50423,0.48492,0.56995,0.42197
D_blurpool_s1,D_blurpool,03,20,Q2,31,9353,2708,0.82266,0.8444,0.82897,0.86041
D_blurpool_s1,D_blurpool,03,20,Q3,5,8095,2089,0.93382,0.973,0.96482,0.98133
D_blurpool_s1,D_blurpool,03,20,Q4_clearest,0,5087,1047,0.9869,0.99868,0.99736,1.0
D_blurpool_s1,D_blurpool,04,0,Q1_dimmest,208,7750,3035,0.50752,0.4593,0.5746,0.38254
D_blurpool_s1,D_blurpool,04,0,Q2,30,6017,1865,0.81081,0.82542,0.78412,0.87131
D_blurpool_s1,D_blurpool,04,0,Q3,5,6293,1680,0.91552,0.95888,0.93941,0.97917
D_blurpool_s1,D_blurpool,04,0,Q4_clearest,0,10294,2346,0.97423,0.99307,0.98832,0.99787
D_blurpool_s1,D_blurpool,04,20,Q1_dimmest,196,7750,3035,0.50753,0.46049,0.60166,0.37298
D_blurpool_s1,D_blurpool,04,20,Q2,26,6017,1865,0.81041,0.82337,0.79333,0.85576
D_blurpool_s1,D_blurpool,04,20,Q3,5,6293,1680,0.91571,0.95945,0.94107,0.97857
D_blurpool_s1,D_blurpool,04,20,Q4_clearest,0,10294,2346,0.97442,0.9939,0.98997,0.99787
D_blurpool_s1,D_blurpool,05,0,Q1_dimmest,265,9685,3539,0.48194,0.42341,0.56753,0.33767
D_blurpool_s1,D_blurpool,05,0,Q2,25,7440,2198,0.84925,0.84035,0.82252,0.85896
D_blurpool_s1,D_blurpool,05,0,Q3,2,7606,2186,0.93841,0.98052,0.96997,0.99131
D_blurpool_s1,D_blurpool,05,0,Q4_clearest,0,6179,1663,0.97461,0.99714,0.9943,1.0
D_blurpool_s1,D_blurpool,05,20,Q1_dimmest,245,9685,3539,0.47949,0.41933,0.58912,0.32552
D_blurpool_s1,D_blurpool,05,20,Q2,21,7440,2198,0.84976,0.84289,0.83514,0.85077
D_blurpool_s1,D_blurpool,05,20,Q3,2,7606,2186,0.93819,0.97982,0.97035,0.98948
D_blurpool_s1,D_blurpool,05,20,Q4_clearest,0,6179,1663,0.97461,0.99714,0.9943,1.0
D_blurpool_s1,D_blurpool,06,0,Q1_dimmest,304,10790,3981,0.51604,0.50532,0.6534,0.41196
D_blurpool_s1,D_blurpool,06,0,Q2,37,7933,2378,0.83804,0.83177,0.84252,0.82128
D_blurpool_s1,D_blurpool,06,0,Q3,1,7891,2229,0.94826,0.98312,0.97578,0.99058
D_blurpool_s1,D_blurpool,06,0,Q4_clearest,0,5502,1401,0.97996,0.99895,0.9979,1.0
D_blurpool_s1,D_blurpool,06,20,Q1_dimmest,269,10790,3981,0.51098,0.49485,0.67802,0.3896
D_blurpool_s1,D_blurpool,06,20,Q2,32,7933,2378,0.83826,0.83249,0.85825,0.80824
D_blurpool_s1,D_blurpool,06,20,Q3,1,7891,2229,0.94841,0.98352,0.97786,0.98923
D_blurpool_s1,D_blurpool,06,20,Q4_clearest,0,5502,1401,0.97996,0.99895,0.9979,1.0
D_blurpool_s1,D_blurpool,07,0,Q1_dimmest,219,8316,2808,0.48436,0.45221,0.59696,0.36396
D_blurpool_s1,D_blurpool,07,0,Q2,39,7149,2172,0.82134,0.81916,0.8156,0.82274
D_blurpool_s1,D_blurpool,07,0,Q3,5,7254,1955,0.92057,0.96733,0.9559,0.97903
D_blurpool_s1,D_blurpool,07,0,Q4_clearest,0,7433,2033,0.97126,0.99688,0.99475,0.99902
D_blurpool_s1,D_blurpool,07,20,Q1_dimmest,200,8316,2808,0.48021,0.44186,0.61977,0.3433
D_blurpool_s1,D_blurpool,07,20,Q2,33,7149,2172,0.82228,0.81927,0.82892,0.80985
D_blurpool_s1,D_blurpool,07,20,Q3,5,7254,1955,0.92095,0.96828,0.95925,0.97749
D_blurpool_s1,D_blurpool,07,20,Q4_clearest,0,7433,2033,0.97126,0.99688,0.99475,0.99902
D_blurpool_s1,D_blurpool,08,0,Q1_dimmest,276,9976,3245,0.53101,0.49579,0.60748,0.4188
D_blurpool_s1,D_blurpool,08,0,Q2,27,8461,2479,0.84783,0.84921,0.81515,0.88624
D_blurpool_s1,D_blurpool,08,0,Q3,2,6640,1970,0.9308,0.97212,0.95739,0.98731
D_blurpool_s1,D_blurpool,08,0,Q4_clearest,0,3312,891,0.97443,0.99225,0.99012,0.99439
D_blurpool_s1,D_blurpool,08,20,Q1_dimmest,242,9976,3245,0.5292,0.49021,0.63924,0.39753
D_blurpool_s1,D_blurpool,08,20,Q2,23,8461,2479,0.84746,0.84792,0.82467,0.87253
D_blurpool_s1,D_blurpool,08,20,Q3,2,6640,1970,0.93155,0.97477,0.96254,0.98731
D_blurpool_s1,D_blurpool,08,20,Q4_clearest,0,3312,891,0.97443,0.99225,0.99012,0.99439
D_blurpool_s1,D_blurpool,09,0,Q1_dimmest,230,9368,3406,0.55347,0.53572,0.62272,0.47005
D_blurpool_s1,D_blurpool,09,0,Q2,30,7639,2383,0.85245,0.87581,0.83823,0.91691
D_blurpool_s1,D_blurpool,09,0,Q3,2,6249,1936,0.93552,0.98287,0.97267,0.99329
D_blurpool_s1,D_blurpool,09,0,Q4_clearest,2,3485,1001,0.97359,0.99042,1.0,0.98102
D_blurpool_s1,D_blurpool,09,20,Q1_dimmest,216,9368,3406,0.5515,0.53447,0.64507,0.45625
D_blurpool_s1,D_blurpool,09,20,Q2,27,7639,2383,0.85292,0.87737,0.84465,0.91272
D_blurpool_s1,D_blurpool,09,20,Q3,2,6249,1936,0.93557,0.98337,0.97366,0.99329
D_blurpool_s1,D_blurpool,09,20,Q4_clearest,1,3485,1001,0.9714,0.98787,1.0,0.97602
D_blurpool_s1,D_blurpool,10,0,Q1_dimmest,269,7560,3177,0.53799,0.4979,0.54412,0.45892
D_blurpool_s1,D_blurpool,10,0,Q2,34,6756,2369,0.80982,0.81669,0.7596,0.88307
D_blurpool_s1,D_blurpool,10,0,Q3,1,6741,2035,0.9095,0.96334,0.9353,0.99312
D_blurpool_s1,D_blurpool,10,0,Q4_clearest,0,6099,1556,0.95972,0.99672,0.99346,1.0
D_blurpool_s1,D_blurpool,10,20,Q1_dimmest,245,7560,3177,0.5379,0.49825,0.56484,0.4457
D_blurpool_s1,D_blurpool,10,20,Q2,30,6756,2369,0.80921,0.8153,0.76545,0.8721
D_blurpool_s1,D_blurpool,10,20,Q3,1,6741,2035,0.91045,0.96665,0.94199,0.99263
D_blurpool_s1,D_blurpool,10,20,Q4_clearest,0,6099,1556,0.95972,0.99672,0.99346,1.0
D_blurpool_s1,D_blurpool,11,0,Q1_dimmest,301,6386,2930,0.47168,0.42007,0.48411,0.37099
D_blurpool_s1,D_blurpool,11,0,Q2,49,5601,2186,0.77565,0.74937,0.69842,0.80833
D_blurpool_s1,D_blurpool,11,0,Q3,10,6593,2129,0.86221,0.91366,0.86998,0.96195
D_blurpool_s1,D_blurpool,11,0,Q4_clearest,1,10959,3211,0.93799,0.98452,0.97127,0.99813
D_blurpool_s1,D_blurpool,11,20,Q1_dimmest,263,6386,2930,0.46981,0.41422,0.51204,0.34778
D_blurpool_s1,D_blurpool,11,20,Q2,43,5601,2186,0.77381,0.74339,0.70634,0.78454
D_blurpool_s1,D_blurpool,11,20,Q3,9,6593,2129,0.8634,0.9172,0.87877,0.95914
D_blurpool_s1,D_blurpool,11,20,Q4_clearest,1,10959,3211,0.93859,0.9856,0.97337,0.99813
D_blurpool_s1,D_blurpool,12,0,Q1_dimmest,201,6741,2151,0.57643,0.58527,0.61436,0.55881
D_blurpool_s1,D_blurpool,12,0,Q2,42,7686,2661,0.82493,0.84497,0.80437,0.88989
D_blurpool_s1,D_blurpool,12,0,Q3,4,7976,2374,0.89672,0.95794,0.934,0.98315
D_blurpool_s1,D_blurpool,12,0,Q4_clearest,0,6087,1526,0.9561,0.99523,0.99051,1.0
D_blurpool_s1,D_blurpool,12,20,Q1_dimmest,189,6741,2151,0.57934,0.59307,0.65129,0.5444
D_blurpool_s1,D_blurpool,12,20,Q2,40,7686,2661,0.82702,0.84964,0.81989,0.88162
D_blurpool_s1,D_blurpool,12,20,Q3,4,7976,2374,0.89772,0.96122,0.94141,0.98189
D_blurpool_s1,D_blurpool,12,20,Q4_clearest,0,6087,1526,0.9561,0.99523,0.99051,1.0
D_blurpool_s1,D_blurpool,13,0,Q1_dimmest,244,8947,3161,0.55075,0.51775,0.58146,0.46662
D_blurpool_s1,D_blurpool,13,0,Q2,61,7970,2798,0.80342,0.79251,0.74513,0.84632
D_blurpool_s1,D_blurpool,13,0,Q3,4,7295,2120,0.90817,0.95445,0.93389,0.97594
D_blurpool_s1,D_blurpool,13,0,Q4_clearest,0,8047,2107,0.97354,0.996,0.99344,0.99858
D_blurpool_s1,D_blurpool,13,20,Q1_dimmest,213,8947,3161,0.54748,0.50989,0.60077,0.4429
D_blurpool_s1,D_blurpool,13,20,Q2,51,7970,2798,0.80226,0.79129,0.75495,0.83131
D_blurpool_s1,D_blurpool,13,20,Q3,4,7295,2120,0.9079,0.95432,0.93712,0.97217
D_blurpool_s1,D_blurpool,13,20,Q4_clearest,0,8047,2107,0.97354,0.996,0.99344,0.99858
D_blurpool_s1,D_blurpool,14,0,Q1_dimmest,189,4886,1623,0.52516,0.51398,0.4921,0.53789
D_blurpool_s1,D_blurpool,14,0,Q2,45,6453,2243,0.78389,0.78286,0.70585,0.87873
D_blurpool_s1,D_blurpool,14,0,Q3,4,8104,2470,0.88037,0.93745,0.88964,0.99069
D_blurpool_s1,D_blurpool,14,0,Q4_clearest,0,7234,2022,0.9483,0.99385,0.98826,0.99951
D_blurpool_s1,D_blurpool,14,20,Q1_dimmest,169,4886,1623,0.52966,0.52706,0.53107,0.52311
D_blurpool_s1,D_blurpool,14,20,Q2,41,6453,2243,0.78497,0.78449,0.71837,0.86402
D_blurpool_s1,D_blurpool,14,20,Q3,4,8104,2470,0.88115,0.93978,0.89451,0.98988
D_blurpool_s1,D_blurpool,14,20,Q4_clearest,0,7234,2022,0.9483,0.99385,0.98826,0.99951
D_blurpool_s1,D_blurpool,15,0,Q1_dimmest,157,4357,1638,0.52113,0.52469,0.50569,0.54518
D_blurpool_s1,D_blurpool,15,0,Q2,17,5141,1751,0.7526,0.76506,0.6625,0.9052
D_blurpool_s1,D_blurpool,15,0,Q3,0,6066,1760,0.84088,0.91042,0.83756,0.99716
D_blurpool_s1,D_blurpool,15,0,Q4_clearest,0,8050,2502,0.92982,0.97865,0.95819,1.0
D_blurpool_s1,D_blurpool,15,20,Q1_dimmest,149,4357,1638,0.52574,0.53768,0.53629,0.53907
D_blurpool_s1,D_blurpool,15,20,Q2,16,5141,1751,0.75596,0.77303,0.67517,0.90405
D_blurpool_s1,D_blurpool,15,20,Q3,0,6066,1760,0.84468,0.92212,0.85759,0.99716
D_blurpool_s1,D_blurpool,15,20,Q4_clearest,0,8050,2502,0.93074,0.98134,0.96336,1.0
D_blurpool_s1,D_blurpool,16,0,Q1_dimmest,234,6445,1959,0.59741,0.62735,0.677,0.58448
D_blurpool_s1,D_blurpool,16,0,Q2,42,6977,2256,0.84267,0.89112,0.87921,0.90337
D_blurpool_s1,D_blurpool,16,0,Q3,0,7630,2131,0.88937,0.96024,0.92878,0.9939
D_blurpool_s1,D_blurpool,16,0,Q4_clearest,2,8739,2466,0.93136,0.9807,0.96706,0.99473
D_blurpool_s1,D_blurpool,16,20,Q1_dimmest,225,6445,1959,0.60186,0.64429,0.73126,0.5758
D_blurpool_s1,D_blurpool,16,20,Q2,39,6977,2256,0.84548,0.90035,0.90626,0.8945
D_blurpool_s1,D_blurpool,16,20,Q3,0,7630,2131,0.89046,0.96231,0.93308,0.99343
D_blurpool_s1,D_blurpool,16,20,Q4_clearest,2,8739,2466,0.93237,0.98288,0.9713,0.99473
D_blurpool_s1,D_blurpool,17,0,Q1_dimmest,244,7862,2585,0.59441,0.61392,0.70855,0.54159
D_blurpool_s1,D_blurpool,17,0,Q2,32,7104,2140,0.84585,0.8802,0.86427,0.89673
D_blurpool_s1,D_blurpool,17,0,Q3,6,7222,1826,0.89752,0.96232,0.94962,0.97536
D_blurpool_s1,D_blurpool,17,0,Q4_clearest,1,5664,1433,0.92563,0.98389,0.97627,0.99163
D_blurpool_s1,D_blurpool,17,20,Q1_dimmest,216,7862,2585,0.59468,0.61865,0.76117,0.52108
D_blurpool_s1,D_blurpool,17,20,Q2,32,7104,2140,0.84798,0.889,0.89538,0.88271
D_blurpool_s1,D_blurpool,17,20,Q3,6,7222,1826,0.89941,0.96753,0.96035,0.97481
D_blurpool_s1,D_blurpool,17,20,Q4_clearest,1,5664,1433,0.92693,0.98806,0.98452,0.99163
D_blurpool_s1,D_blurpool,18,0,Q1_dimmest,185,4966,1759,0.62032,0.63056,0.66191,0.60205
D_blurpool_s1,D_blurpool,18,0,Q2,33,6044,1968,0.8184,0.88291,0.84508,0.92429
D_blurpool_s1,D_blurpool,18,0,Q3,2,7429,2081,0.85086,0.96167,0.93032,0.99519
D_blurpool_s1,D_blurpool,18,0,Q4_clearest,0,7705,1851,0.89558,0.98827,0.9768,1.0
D_blurpool_s1,D_blurpool,18,20,Q1_dimmest,179,4966,1759,0.6266,0.64431,0.69753,0.59864
D_blurpool_s1,D_blurpool,18,20,Q2,32,6044,1968,0.82154,0.89144,0.8635,0.92124
D_blurpool_s1,D_blurpool,18,20,Q3,2,7429,2081,0.85353,0.97068,0.94734,0.99519
D_blurpool_s1,D_blurpool,18,20,Q4_clearest,0,7705,1851,0.89636,0.99155,0.98325,1.0
D_blurpool_s1,D_blurpool,19,0,Q1_dimmest,123,3731,1722,0.64673,0.67478,0.68616,0.66376
D_blurpool_s1,D_blurpool,19,0,Q2,26,6957,2067,0.79251,0.85245,0.77848,0.94194
D_blurpool_s1,D_blurpool,19,0,Q3,2,8771,2610,0.89098,0.96604,0.9387,0.99502
D_blurpool_s1,D_blurpool,19,0,Q4_clearest,0,7909,2077,0.96081,0.99657,0.99412,0.99904
D_blurpool_s1,D_blurpool,19,20,Q1_dimmest,116,3731,1722,0.64966,0.68389,0.72244,0.64925
D_blurpool_s1,D_blurpool,19,20,Q2,24,6957,2067,0.79589,0.86218,0.7987,0.93662
D_blurpool_s1,D_blurpool,19,20,Q3,2,8771,2610,0.89192,0.96913,0.94628,0.9931
D_blurpool_s1,D_blurpool,19,20,Q4_clearest,0,7909,2077,0.96099,0.99731,0.99559,0.99904
D_blurpool_s1,D_blurpool,20,0,Q1_dimmest,176,5411,1924,0.62811,0.64475,0.61696,0.67516
D_blurpool_s1,D_blurpool,20,0,Q2,25,7210,2225,0.79489,0.8547,0.77942,0.94607
D_blurpool_s1,D_blurpool,20,0,Q3,3,6951,2027,0.86428,0.94704,0.90507,0.99309
D_blurpool_s1,D_blurpool,20,0,Q4_clearest,0,4693,1197,0.94031,0.98873,0.9785,0.99916
D_blurpool_s1,D_blurpool,20,20,Q1_dimmest,167,5411,1924,0.63367,0.65609,0.65013,0.66216
D_blurpool_s1,D_blurpool,20,20,Q2,25,7210,2225,0.79833,0.86352,0.79839,0.94022
D_blurpool_s1,D_blurpool,20,20,Q3,2,6951,2027,0.86489,0.94912,0.90929,0.9926
D_blurpool_s1,D_blurpool,20,20,Q4_clearest,0,4693,1197,0.94021,0.98872,0.97849,0.99916
D_blurpool_s2,D_blurpool,01,0,Q1_dimmest,224,4597,1791,0.49286,0.5376,0.56934,0.50921
D_blurpool_s2,D_blurpool,01,0,Q2,57,6946,2500,0.78571,0.82658,0.78534,0.8724
D_blurpool_s2,D_blurpool,01,0,Q3,17,8473,2538,0.87568,0.94947,0.93119,0.96848
D_blurpool_s2,D_blurpool,01,0,Q4_clearest,0,9424,2483,0.93174,0.98544,0.97283,0.99839
D_blurpool_s2,D_blurpool,01,20,Q1_dimmest,200,4597,1791,0.49263,0.54157,0.60072,0.49302
D_blurpool_s2,D_blurpool,01,20,Q2,53,6946,2500,0.78448,0.824,0.79362,0.8568
D_blurpool_s2,D_blurpool,01,20,Q3,17,8473,2538,0.87688,0.95422,0.94261,0.96612
D_blurpool_s2,D_blurpool,01,20,Q4_clearest,0,9424,2483,0.93304,0.98894,0.97967,0.99839
D_blurpool_s2,D_blurpool,02,0,Q1_dimmest,230,5691,1790,0.42962,0.45907,0.5187,0.41173
D_blurpool_s2,D_blurpool,02,0,Q2,50,6606,1861,0.78591,0.78296,0.7391,0.83235
D_blurpool_s2,D_blurpool,02,0,Q3,1,8662,2260,0.91605,0.95548,0.92576,0.98717
D_blurpool_s2,D_blurpool,02,0,Q4_clearest,2,12831,3378,0.97,0.99457,0.99036,0.99882
D_blurpool_s2,D_blurpool,02,20,Q1_dimmest,208,5691,1790,0.42339,0.44476,0.53524,0.38045
D_blurpool_s2,D_blurpool,02,20,Q2,44,6606,1861,0.78485,0.77984,0.75251,0.80924
D_blurpool_s2,D_blurpool,02,20,Q3,1,8662,2260,0.9179,0.96264,0.9393,0.98717
D_blurpool_s2,D_blurpool,02,20,Q4_clearest,2,12831,3378,0.97,0.99457,0.99036,0.99882
D_blurpool_s2,D_blurpool,03,0,Q1_dimmest,293,10358,3377,0.43979,0.46601,0.59099,0.38466
D_blurpool_s2,D_blurpool,03,0,Q2,43,9353,2708,0.81603,0.83777,0.82863,0.84712
D_blurpool_s2,D_blurpool,03,0,Q3,4,8095,2089,0.94469,0.97062,0.96061,0.98085
D_blurpool_s2,D_blurpool,03,0,Q4_clearest,0,5087,1047,0.99026,0.99956,0.99913,1.0
D_blurpool_s2,D_blurpool,03,20,Q1_dimmest,243,10358,3377,0.429,0.44594,0.60278,0.35386
D_blurpool_s2,D_blurpool,03,20,Q2,37,9353,2708,0.81342,0.83078,0.83631,0.82533
D_blurpool_s2,D_blurpool,03,20,Q3,3,8095,2089,0.94532,0.97336,0.96831,0.97846
D_blurpool_s2,D_blurpool,03,20,Q4_clearest,0,5087,1047,0.99026,0.99956,0.99913,1.0
D_blurpool_s2,D_blurpool,04,0,Q1_dimmest,250,7750,3035,0.43706,0.43432,0.60619,0.33839
D_blurpool_s2,D_blurpool,04,0,Q2,38,6017,1865,0.79796,0.82318,0.80732,0.83968
D_blurpool_s2,D_blurpool,04,0,Q3,6,6293,1680,0.92305,0.9614,0.951,0.97202
D_blurpool_s2,D_blurpool,04,0,Q4_clearest,1,10294,2346,0.9795,0.99329,0.98916,0.99744
D_blurpool_s2,D_blurpool,04,20,Q1_dimmest,224,7750,3035,0.43279,0.42535,0.62673,0.32191
D_blurpool_s2,D_blurpool,04,20,Q2,32,6017,1865,0.79487,0.8138,0.8142,0.8134
D_blurpool_s2,D_blurpool,04,20,Q3,3,6293,1680,0.92309,0.96192,0.95663,0.96726
D_blurpool_s2,D_blurpool,04,20,Q4_clearest,1,10294,2346,0.97974,0.99433,0.99123,0.99744
D_blurpool_s2,D_blurpool,05,0,Q1_dimmest,288,9685,3539,0.41154,0.41727,0.63344,0.3111
D_blurpool_s2,D_blurpool,05,0,Q2,35,7440,2198,0.83579,0.8482,0.84926,0.84713
D_blurpool_s2,D_blurpool,05,0,Q3,3,7606,2186,0.95068,0.98282,0.97536,0.99039
D_blurpool_s2,D_blurpool,05,0,Q4_clearest,0,6179,1663,0.97962,0.99603,0.9921,1.0
D_blurpool_s2,D_blurpool,05,20,Q1_dimmest,253,9685,3539,0.40181,0.39879,0.64987,0.28765
D_blurpool_s2,D_blurpool,05,20,Q2,31,7440,2198,0.8362,0.84924,0.86462,0.83439
D_blurpool_s2,D_blurpool,05,20,Q3,3,7606,2186,0.95041,0.98235,0.97578,0.98902
D_blurpool_s2,D_blurpool,05,20,Q4_clearest,0,6179,1663,0.97962,0.99603,0.9921,1.0
D_blurpool_s2,D_blurpool,06,0,Q1_dimmest,355,10790,3981,0.42681,0.45441,0.64875,0.34966
D_blurpool_s2,D_blurpool,06,0,Q2,35,7933,2378,0.82208,0.82746,0.86543,0.79268
D_blurpool_s2,D_blurpool,06,0,Q3,2,7891,2229,0.9589,0.98513,0.97886,0.99148
D_blurpool_s2,D_blurpool,06,0,Q4_clearest,0,5502,1401,0.9838,0.99858,0.99788,0.99929
D_blurpool_s2,D_blurpool,06,20,Q1_dimmest,314,10790,3981,0.4221,0.44703,0.68691,0.33132
D_blurpool_s2,D_blurpool,06,20,Q2,28,7933,2378,0.81885,0.81942,0.87838,0.76787
D_blurpool_s2,D_blurpool,06,20,Q3,1,7891,2229,0.95922,0.9859,0.98349,0.98834
D_blurpool_s2,D_blurpool,06,20,Q4_clearest,0,5502,1401,0.9838,0.99858,0.99788,0.99929
D_blurpool_s2,D_blurpool,07,0,Q1_dimmest,249,8316,2808,0.39587,0.42059,0.63924,0.31339
D_blurpool_s2,D_blurpool,07,0,Q2,36,7149,2172,0.80558,0.81866,0.83203,0.80571
D_blurpool_s2,D_blurpool,07,0,Q3,11,7254,1955,0.93229,0.96584,0.95397,0.97801
D_blurpool_s2,D_blurpool,07,0,Q4_clearest,0,7433,2033,0.97532,0.99643,0.99434,0.99852
D_blurpool_s2,D_blurpool,07,20,Q1_dimmest,212,8316,2808,0.38987,0.40716,0.66296,0.2938
D_blurpool_s2,D_blurpool,07,20,Q2,31,7149,2172,0.80589,0.82135,0.8574,0.78821
D_blurpool_s2,D_blurpool,07,20,Q3,11,7254,1955,0.93242,0.96653,0.95727,0.97596
D_blurpool_s2,D_blurpool,07,20,Q4_clearest,0,7433,2033,0.97532,0.99643,0.99434,0.99852
D_blurpool_s2,D_blurpool,08,0,Q1_dimmest,278,9976,3245,0.45013,0.45724,0.62203,0.36148
D_blurpool_s2,D_blurpool,08,0,Q2,25,8461,2479,0.84667,0.85007,0.83958,0.86083
D_blurpool_s2,D_blurpool,08,0,Q3,3,6640,1970,0.94632,0.97579,0.97041,0.98122
D_blurpool_s2,D_blurpool,08,0,Q4_clearest,0,3312,891,0.97772,0.9928,0.99459,0.99102
D_blurpool_s2,D_blurpool,08,20,Q1_dimmest,244,9976,3245,0.44636,0.45114,0.66819,0.34052
D_blurpool_s2,D_blurpool,08,20,Q2,21,8461,2479,0.84683,0.8504,0.85577,0.8451
D_blurpool_s2,D_blurpool,08,20,Q3,3,6640,1970,0.94718,0.97867,0.97664,0.98071
D_blurpool_s2,D_blurpool,08,20,Q4_clearest,0,3312,891,0.97786,0.99388,0.99675,0.99102
D_blurpool_s2,D_blurpool,09,0,Q1_dimmest,289,9368,3406,0.47505,0.52536,0.68064,0.42777
D_blurpool_s2,D_blurpool,09,0,Q2,33,7639,2383,0.85567,0.88013,0.85721,0.90432
D_blurpool_s2,D_blurpool,09,0,Q3,2,6249,1936,0.95374,0.98483,0.97404,0.99587
D_blurpool_s2,D_blurpool,09,0,Q4_clearest,0,3485,1001,0.98362,1.0,1.0,1.0
D_blurpool_s2,D_blurpool,09,20,Q1_dimmest,264,9368,3406,0.46948,0.51505,0.70142,0.40693
D_blurpool_s2,D_blurpool,09,20,Q2,31,7639,2383,0.85422,0.87781,0.85926,0.89719
D_blurpool_s2,D_blurpool,09,20,Q3,2,6249,1936,0.95374,0.98483,0.97404,0.99587
D_blurpool_s2,D_blurpool,09,20,Q4_clearest,0,3485,1001,0.98362,1.0,1.0,1.0
D_blurpool_s2,D_blurpool,10,0,Q1_dimmest,301,7560,3177,0.48311,0.48413,0.55602,0.42871
D_blurpool_s2,D_blurpool,10,0,Q2,39,6756,2369,0.81526,0.8135,0.77567,0.85521
D_blurpool_s2,D_blurpool,10,0,Q3,2,6741,2035,0.92457,0.96441,0.93951,0.99066
D_blurpool_s2,D_blurpool,10,0,Q4_clearest,1,6099,1556,0.96463,0.99516,0.99164,0.99871
D_blurpool_s2,D_blurpool,10,20,Q1_dimmest,265,7560,3177,0.48009,0.48115,0.58383,0.40919
D_blurpool_s2,D_blurpool,10,20,Q2,36,6756,2369,0.81364,0.80996,0.78016,0.84213
D_blurpool_s2,D_blurpool,10,20,Q3,2,6741,2035,0.92485,0.9658,0.94305,0.98968
D_blurpool_s2,D_blurpool,10,20,Q4_clearest,1,6099,1556,0.96463,0.99516,0.99164,0.99871
D_blurpool_s2,D_blurpool,11,0,Q1_dimmest,314,6386,2930,0.39487,0.38766,0.5399,0.30239
D_blurpool_s2,D_blurpool,11,0,Q2,53,5601,2186,0.76642,0.74451,0.72561,0.76441
D_blurpool_s2,D_blurpool,11,0,Q3,7,6593,2129,0.88122,0.91365,0.87423,0.95679
D_blurpool_s2,D_blurpool,11,0,Q4_clearest,1,10959,3211,0.94815,0.98058,0.96452,0.9972
D_blurpool_s2,D_blurpool,11,20,Q1_dimmest,274,6386,2930,0.38488,0.36956,0.55587,0.27679
D_blurpool_s2,D_blurpool,11,20,Q2,50,5601,2186,0.76231,0.73449,0.72889,0.74016
D_blurpool_s2,D_blurpool,11,20,Q3,7,6593,2129,0.88187,0.91515,0.88017,0.95303
D_blurpool_s2,D_blurpool,11,20,Q4_clearest,1,10959,3211,0.94815,0.98058,0.96452,0.9972
D_blurpool_s2,D_blurpool,12,0,Q1_dimmest,212,6741,2151,0.50815,0.56392,0.6624,0.49093
D_blurpool_s2,D_blurpool,12,0,Q2,57,7686,2661,0.8181,0.84705,0.83894,0.85532
D_blurpool_s2,D_blurpool,12,0,Q3,5,7976,2374,0.9175,0.95825,0.93958,0.97767
D_blurpool_s2,D_blurpool,12,0,Q4_clearest,0,6087,1526,0.9625,0.99447,0.989,1.0
D_blurpool_s2,D_blurpool,12,20,Q1_dimmest,195,6741,2151,0.50374,0.55842,0.6918,0.46815
D_blurpool_s2,D_blurpool,12,20,Q2,49,7686,2661,0.81657,0.84526,0.84685,0.84367
D_blurpool_s2,D_blurpool,12,20,Q3,5,7976,2374,0.91798,0.95984,0.94264,0.97767
D_blurpool_s2,D_blurpool,12,20,Q4_clearest,0,6087,1526,0.9625,0.99447,0.989,1.0
D_blurpool_s2,D_blurpool,13,0,Q1_dimmest,294,8947,3161,0.46033,0.47481,0.6028,0.39165
D_blurpool_s2,D_blurpool,13,0,Q2,63,7970,2798,0.80855,0.7995,0.77723,0.82309
D_blurpool_s2,D_blurpool,13,0,Q3,5,7295,2120,0.93027,0.96193,0.9439,0.98066
D_blurpool_s2,D_blurpool,13,0,Q4_clearest,0,8047,2107,0.98085,0.9979,0.9958,1.0
D_blurpool_s2,D_blurpool,13,20,Q1_dimmest,252,8947,3161,0.45715,0.4693,0.63358,0.37267
D_blurpool_s2,D_blurpool,13,20,Q2,49,7970,2798,0.80711,0.79773,0.79596,0.7995
D_blurpool_s2,D_blurpool,13,20,Q3,4,7295,2120,0.9304,0.96232,0.94729,0.97783
D_blurpool_s2,D_blurpool,13,20,Q4_clearest,0,8047,2107,0.98085,0.9979,0.9958,1.0
D_blurpool_s2,D_blurpool,14,0,Q1_dimmest,210,4886,1623,0.44792,0.49433,0.52976,0.46334
D_blurpool_s2,D_blurpool,14,0,Q2,64,6453,2243,0.77435,0.77605,0.72519,0.8346
D_blurpool_s2,D_blurpool,14,0,Q3,4,8104,2470,0.89915,0.93966,0.89628,0.98745
D_blurpool_s2,D_blurpool,14,0,Q4_clearest,0,7234,2022,0.95768,0.99391,0.98838,0.99951
D_blurpool_s2,D_blurpool,14,20,Q1_dimmest,180,4886,1623,0.44662,0.49847,0.58363,0.435
D_blurpool_s2,D_blurpool,14,20,Q2,62,6453,2243,0.77471,0.77671,0.7415,0.81543
D_blurpool_s2,D_blurpool,14,20,Q3,4,8104,2470,0.90127,0.94589,0.90975,0.98502
D_blurpool_s2,D_blurpool,14,20,Q4_clearest,0,7234,2022,0.95781,0.99391,0.98838,0.99951
D_blurpool_s2,D_blurpool,15,0,Q1_dimmest,166,4357,1638,0.4773,0.52426,0.51872,0.52991
D_blurpool_s2,D_blurpool,15,0,Q2,28,5141,1751,0.75863,0.78865,0.70424,0.89606
D_blurpool_s2,D_blurpool,15,0,Q3,0,6066,1760,0.87215,0.93602,0.88328,0.99545
D_blurpool_s2,D_blurpool,15,0,Q4_clearest,0,8050,2502,0.93946,0.9842,0.96888,1.0
D_blurpool_s2,D_blurpool,15,20,Q1_dimmest,155,4357,1638,0.48111,0.53776,0.56977,0.50916
D_blurpool_s2,D_blurpool,15,20,Q2,26,5141,1751,0.76278,0.79861,0.72744,0.88521
D_blurpool_s2,D_blurpool,15,20,Q3,0,6066,1760,0.87471,0.94417,0.8979,0.99545
D_blurpool_s2,D_blurpool,15,20,Q4_clearest,0,8050,2502,0.9399,0.98535,0.97112,1.0
D_blurpool_s2,D_blurpool,16,0,Q1_dimmest,271,6445,1959,0.52059,0.58018,0.71973,0.48596
D_blurpool_s2,D_blurpool,16,0,Q2,54,6977,2256,0.84778,0.88214,0.90651,0.85904
D_blurpool_s2,D_blurpool,16,0,Q3,1,7630,2131,0.91922,0.96377,0.93792,0.99108
D_blurpool_s2,D_blurpool,16,0,Q4_clearest,0,8739,2466,0.94459,0.98475,0.97033,0.99959
D_blurpool_s2,D_blurpool,16,20,Q1_dimmest,245,6445,1959,0.51906,0.58195,0.76355,0.47014
D_blurpool_s2,D_blurpool,16,20,Q2,46,6977,2256,0.84514,0.8763,0.91223,0.84309
D_blurpool_s2,D_blurpool,16,20,Q3,1,7630,2131,0.92056,0.96716,0.9465,0.98874
D_blurpool_s2,D_blurpool,16,20,Q4_clearest,0,8739,2466,0.94531,0.98593,0.97264,0.99959
D_blurpool_s2,D_blurpool,17,0,Q1_dimmest,272,7862,2585,0.53203,0.57415,0.75129,0.4646
D_blurpool_s2,D_blurpool,17,0,Q2,44,7104,2140,0.84647,0.88972,0.90974,0.87056
D_blurpool_s2,D_blurpool,17,0,Q3,5,7222,1826,0.92406,0.97917,0.97374,0.98467
D_blurpool_s2,D_blurpool,17,0,Q4_clearest,1,5664,1433,0.9367,0.98836,0.979,0.99791
D_blurpool_s2,D_blurpool,17,20,Q1_dimmest,243,7862,2585,0.52878,0.57278,0.81423,0.44178
D_blurpool_s2,D_blurpool,17,20,Q2,41,7104,2140,0.8454,0.88836,0.92591,0.85374
D_blurpool_s2,D_blurpool,17,20,Q3,4,7222,1826,0.92359,0.97855,0.9752,0.98193
D_blurpool_s2,D_blurpool,17,20,Q4_clearest,0,5664,1433,0.93752,0.99173,0.987,0.99651
D_blurpool_s2,D_blurpool,18,0,Q1_dimmest,202,4966,1759,0.5727,0.5889,0.69361,0.51165
D_blurpool_s2,D_blurpool,18,0,Q2,55,6044,1968,0.82846,0.87314,0.86681,0.87957
D_blurpool_s2,D_blurpool,18,0,Q3,1,7429,2081,0.88257,0.97719,0.96027,0.99471
D_blurpool_s2,D_blurpool,18,0,Q4_clearest,0,7705,1851,0.9069,0.99337,0.98682,1.0
D_blurpool_s2,D_blurpool,18,20,Q1_dimmest,187,4966,1759,0.57084,0.5895,0.72217,0.49801
D_blurpool_s2,D_blurpool,18,20,Q2,49,6044,1968,0.82919,0.87698,0.89163,0.8628
D_blurpool_s2,D_blurpool,18,20,Q3,2,7429,2081,0.8836,0.98083,0.971,0.99087
D_blurpool_s2,D_blurpool,18,20,Q4_clearest,0,7705,1851,0.90716,0.99464,0.98933,1.0
D_blurpool_s2,D_blurpool,19,0,Q1_dimmest,145,3731,1722,0.6264,0.65794,0.69473,0.62485
D_blurpool_s2,D_blurpool,19,0,Q2,33,6957,2067,0.80742,0.86023,0.79675,0.93469
D_blurpool_s2,D_blurpool,19,0,Q3,2,8771,2610,0.91812,0.97044,0.9502,0.99157
D_blurpool_s2,D_blurpool,19,0,Q4_clearest,0,7909,2077,0.97054,0.9949,0.99032,0.99952
D_blurpool_s2,D_blurpool,19,20,Q1_dimmest,130,3731,1722,0.62449,0.65633,0.72366,0.60046
D_blurpool_s2,D_blurpool,19,20,Q2,32,6957,2067,0.81235,0.87718,0.83326,0.92598
D_blurpool_s2,D_blurpool,19,20,Q3,2,8771,2610,0.91898,0.97277,0.95503,0.99119
D_blurpool_s2,D_blurpool,19,20,Q4_clearest,0,7909,2077,0.97054,0.9949,0.99032,0.99952
D_blurpool_s2,D_blurpool,20,0,Q1_dimmest,220,5411,1924,0.57674,0.61906,0.63495,0.60395
D_blurpool_s2,D_blurpool,20,0,Q2,38,7210,2225,0.82198,0.86468,0.80768,0.93034
D_blurpool_s2,D_blurpool,20,0,Q3,4,6951,2027,0.89586,0.95365,0.91934,0.99063
D_blurpool_s2,D_blurpool,20,0,Q4_clearest,1,4693,1197,0.94525,0.98304,0.96822,0.99833
D_blurpool_s2,D_blurpool,20,20,Q1_dimmest,204,5411,1924,0.5731,0.61359,0.6539,0.57796
D_blurpool_s2,D_blurpool,20,20,Q2,36,7210,2225,0.8249,0.87484,0.83539,0.9182
D_blurpool_s2,D_blurpool,20,20,Q3,4,6951,2027,0.89904,0.96301,0.93956,0.98767
D_blurpool_s2,D_blurpool,20,20,Q4_clearest,1,4693,1197,0.946,0.98493,0.97348,0.99666
F_gated_s0,F_gated,01,0,Q1_dimmest,195,4597,1791,0.57241,0.57651,0.5768,0.57621
F_gated_s0,F_gated,01,0,Q2,48,6946,2500,0.78447,0.83678,0.79019,0.8892
F_gated_s0,F_gated,01,0,Q3,8,8473,2538,0.86262,0.95932,0.94032,0.97912
F_gated_s0,F_gated,01,0,Q4_clearest,0,9424,2483,0.92749,0.98932,0.98002,0.99879
F_gated_s0,F_gated,01,20,Q1_dimmest,185,4597,1791,0.573,0.57895,0.59294,0.56561
F_gated_s0,F_gated,01,20,Q2,47,6946,2500,0.78446,0.83703,0.79449,0.8844
F_gated_s0,F_gated,01,20,Q3,8,8473,2538,0.86267,0.95951,0.94286,0.97675
F_gated_s0,F_gated,01,20,Q4_clearest,0,9424,2483,0.92762,0.98932,0.98002,0.99879
F_gated_s0,F_gated,02,0,Q1_dimmest,229,5691,1790,0.5,0.47511,0.48772,0.46313
F_gated_s0,F_gated,02,0,Q2,43,6606,1861,0.79072,0.78388,0.71221,0.87157
F_gated_s0,F_gated,02,0,Q3,1,8662,2260,0.89637,0.94685,0.9056,0.99204
F_gated_s0,F_gated,02,0,Q4_clearest,1,12831,3378,0.96315,0.99204,0.98479,0.99941
F_gated_s0,F_gated,02,20,Q1_dimmest,213,5691,1790,0.49995,0.47548,0.50864,0.44637
F_gated_s0,F_gated,02,20,Q2,41,6606,1861,0.78938,0.77988,0.71658,0.85545
F_gated_s0,F_gated,02,20,Q3,1,8662,2260,0.89711,0.94977,0.91133,0.99159
F_gated_s0,F_gated,02,20,Q4_clearest,1,12831,3378,0.96329,0.99262,0.98592,0.99941
F_gated_s0,F_gated,03,0,Q1_dimmest,262,10358,3377,0.51422,0.49395,0.58523,0.4273
F_gated_s0,F_gated,03,0,Q2,30,9353,2708,0.82889,0.85599,0.83194,0.88146
F_gated_s0,F_gated,03,0,Q3,3,8095,2089,0.93495,0.97372,0.96576,0.98181
F_gated_s0,F_gated,03,0,Q4_clearest,0,5087,1047,0.98738,0.99952,1.0,0.99904
F_gated_s0,F_gated,03,20,Q1_dimmest,246,10358,3377,0.51186,0.48896,0.60275,0.41131
F_gated_s0,F_gated,03,20,Q2,27,9353,2708,0.82804,0.85417,0.8338,0.87555
F_gated_s0,F_gated,03,20,Q3,2,8095,2089,0.9359,0.97458,0.9698,0.97942
F_gated_s0,F_gated,03,20,Q4_clearest,0,5087,1047,0.98738,0.99952,1.0,0.99904
F_gated_s0,F_gated,04,0,Q1_dimmest,203,7750,3035,0.49459,0.46031,0.64081,0.35914
F_gated_s0,F_gated,04,0,Q2,36,6017,1865,0.8014,0.82589,0.79756,0.8563
F_gated_s0,F_gated,04,0,Q3,1,6293,1680,0.91043,0.95964,0.93438,0.98631
F_gated_s0,F_gated,04,0,Q4_clearest,1,10294,2346,0.97386,0.99323,0.98822,0.99829
F_gated_s0,F_gated,04,20,Q1_dimmest,185,7750,3035,0.49087,0.44929,0.6395,0.34629
F_gated_s0,F_gated,04,20,Q2,34,6017,1865,0.80061,0.82353,0.8026,0.84558
F_gated_s0,F_gated,04,20,Q3,1,6293,1680,0.91042,0.95964,0.9349,0.98571
F_gated_s0,F_gated,04,20,Q4_clearest,0,10294,2346,0.97386,0.99323,0.98822,0.99829
F_gated_s0,F_gated,05,0,Q1_dimmest,274,9685,3539,0.47958,0.43354,0.61381,0.33512
F_gated_s0,F_gated,05,0,Q2,25,7440,2198,0.84101,0.85625,0.83797,0.87534
F_gated_s0,F_gated,05,0,Q3,2,7606,2186,0.93907,0.98475,0.97872,0.99085
F_gated_s0,F_gated,05,0,Q4_clearest,0,6179,1663,0.97667,0.99853,0.99886,0.9982
F_gated_s0,F_gated,05,20,Q1_dimmest,250,9685,3539,0.47289,0.41856,0.62333,0.31506
F_gated_s0,F_gated,05,20,Q2,23,7440,2198,0.83991,0.85336,0.84086,0.86624
F_gated_s0,F_gated,05,20,Q3,1,7606,2186,0.93936,0.98567,0.98098,0.99039
F_gated_s0,F_gated,05,20,Q4_clearest,0,6179,1663,0.97667,0.99853,0.99886,0.9982
F_gated_s0,F_gated,06,0,Q1_dimmest,321,10790,3981,0.49969,0.48377,0.65046,0.38508
F_gated_s0,F_gated,06,0,Q2,37,7933,2378,0.83605,0.83925,0.85303,0.8259
F_gated_s0,F_gated,06,0,Q3,1,7891,2229,0.9501,0.98159,0.9706,0.99282
F_gated_s0,F_gated,06,0,Q4_clearest,0,5502,1401,0.98364,0.99822,0.99716,0.99929
F_gated_s0,F_gated,06,20,Q1_dimmest,289,10790,3981,0.49784,0.47859,0.67738,0.37001
F_gated_s0,F_gated,06,20,Q2,32,7933,2378,0.83538,0.83672,0.86392,0.81119
F_gated_s0,F_gated,06,20,Q3,1,7891,2229,0.9502,0.98177,0.97225,0.99148
F_gated_s0,F_gated,06,20,Q4_clearest,0,5502,1401,0.98364,0.99822,0.99716,0.99929
F_gated_s0,F_gated,07,0,Q1_dimmest,203,8316,2808,0.48243,0.46186,0.60666,0.37286
F_gated_s0,F_gated,07,0,Q2,36,7149,2172,0.8052,0.81551,0.81108,0.81998
F_gated_s0,F_gated,07,0,Q3,5,7254,1955,0.91825,0.96553,0.94952,0.9821
F_gated_s0,F_gated,07,0,Q4_clearest,0,7433,2033,0.97055,0.99483,0.99165,0.99803
F_gated_s0,F_gated,07,20,Q1_dimmest,191,8316,2808,0.48018,0.45714,0.62703,0.35969
F_gated_s0,F_gated,07,20,Q2,35,7149,2172,0.80735,0.81597,0.82457,0.80755
F_gated_s0,F_gated,07,20,Q3,5,7254,1955,0.9194,0.96623,0.95279,0.98005
F_gated_s0,F_gated,07,20,Q4_clearest,0,7433,2033,0.97099,0.99532,0.99263,0.99803
F_gated_s0,F_gated,08,0,Q1_dimmest,251,9976,3245,0.53757,0.50906,0.62724,0.42835
F_gated_s0,F_gated,08,0,Q2,35,8461,2479,0.84424,0.84769,0.82243,0.87455
F_gated_s0,F_gated,08,0,Q3,5,6640,1970,0.93324,0.97192,0.9628,0.98122
F_gated_s0,F_gated,08,0,Q4_clearest,0,3312,891,0.97494,0.9938,0.99659,0.99102
F_gated_s0,F_gated,08,20,Q1_dimmest,235,9976,3245,0.53775,0.51122,0.65825,0.41787
F_gated_s0,F_gated,08,20,Q2,33,8461,2479,0.84462,0.84846,0.83044,0.86729
F_gated_s0,F_gated,08,20,Q3,5,6640,1970,0.9335,0.97289,0.96471,0.98122
F_gated_s0,F_gated,08,20,Q4_clearest,0,3312,891,0.97479,0.9938,0.99659,0.99102
F_gated_s0,F_gated,09,0,Q1_dimmest,281,9368,3406,0.53912,0.53484,0.66082,0.44921
F_gated_s0,F_gated,09,0,Q2,40,7639,2383,0.84704,0.86794,0.82943,0.9102
F_gated_s0,F_gated,09,0,Q3,0,6249,1936,0.94301,0.98467,0.97126,0.99845
F_gated_s0,F_gated,09,0,Q4_clearest,0,3485,1001,0.98361,1.0,1.0,1.0
F_gated_s0,F_gated,09,20,Q1_dimmest,255,9368,3406,0.53524,0.52653,0.67718,0.43071
F_gated_s0,F_gated,09,20,Q2,39,7639,2383,0.84775,0.86871,0.83723,0.90264
F_gated_s0,F_gated,09,20,Q3,0,6249,1936,0.94301,0.98467,0.97126,0.99845
F_gated_s0,F_gated,09,20,Q4_clearest,0,3485,1001,0.98361,1.0,1.0,1.0
F_gated_s0,F_gated,10,0,Q1_dimmest,281,7560,3177,0.52942,0.51111,0.57521,0.45987
F_gated_s0,F_gated,10,0,Q2,47,6756,2369,0.80208,0.80972,0.76245,0.86323
F_gated_s0,F_gated,10,0,Q3,1,6741,2035,0.90846,0.96046,0.93031,0.99263
F_gated_s0,F_gated,10,0,Q4_clearest,0,6099,1556,0.95896,0.99106,0.98228,1.0
F_gated_s0,F_gated,10,20,Q1_dimmest,264,7560,3177,0.52656,0.50271,0.57749,0.44507
F_gated_s0,F_gated,10,20,Q2,45,6756,2369,0.80289,0.80935,0.76646,0.85732
F_gated_s0,F_gated,10,20,Q3,0,6741,2035,0.90829,0.95995,0.93109,0.99066
F_gated_s0,F_gated,10,20,Q4_clearest,0,6099,1556,0.95911,0.99172,0.98357,1.0
F_gated_s0,F_gated,11,0,Q1_dimmest,295,6386,2930,0.47066,0.42386,0.53603,0.35051
F_gated_s0,F_gated,11,0,Q2,51,5601,2186,0.76737,0.7423,0.70475,0.78408
F_gated_s0,F_gated,11,0,Q3,10,6593,2129,0.85832,0.91302,0.87231,0.95773
F_gated_s0,F_gated,11,0,Q4_clearest,2,10959,3211,0.93833,0.98412,0.97405,0.99439
F_gated_s0,F_gated,11,20,Q1_dimmest,265,6386,2930,0.46694,0.41702,0.56628,0.33003
F_gated_s0,F_gated,11,20,Q2,47,5601,2186,0.76636,0.73885,0.71099,0.76898
F_gated_s0,F_gated,11,20,Q3,8,6593,2129,0.85859,0.91275,0.87416,0.95491
F_gated_s0,F_gated,11,20,Q4_clearest,2,10959,3211,0.93792,0.98395,0.97402,0.99408
F_gated_s0,F_gated,12,0,Q1_dimmest,207,6741,2151,0.57365,0.57788,0.65582,0.5165
F_gated_s0,F_gated,12,0,Q2,51,7686,2661,0.81427,0.84143,0.8124,0.8726
F_gated_s0,F_gated,12,0,Q3,5,7976,2374,0.89791,0.95756,0.93671,0.97936
F_gated_s0,F_gated,12,0,Q4_clearest,2,6087,1526,0.95687,0.99043,0.98678,0.9941
F_gated_s0,F_gated,12,20,Q1_dimmest,198,6741,2151,0.57304,0.57835,0.67354,0.50674
F_gated_s0,F_gated,12,20,Q2,48,7686,2661,0.81418,0.84077,0.81645,0.86659
F_gated_s0,F_gated,12,20,Q3,5,7976,2374,0.89791,0.95756,0.93671,0.97936
F_gated_s0,F_gated,12,20,Q4_clearest,2,6087,1526,0.95687,0.99043,0.98678,0.9941
F_gated_s0,F_gated,13,0,Q1_dimmest,273,8947,3161,0.53109,0.509,0.5882,0.44859
F_gated_s0,F_gated,13,0,Q2,65,7970,2798,0.80266,0.79577,0.76165,0.8331
F_gated_s0,F_gated,13,0,Q3,6,7295,2120,0.90956,0.9557,0.94022,0.9717
F_gated_s0,F_gated,13,0,Q4_clearest,0,8047,2107,0.9778,0.99641,0.99284,1.0
F_gated_s0,F_gated,13,20,Q1_dimmest,240,8947,3161,0.52855,0.50502,0.61776,0.42708
F_gated_s0,F_gated,13,20,Q2,60,7970,2798,0.80155,0.79332,0.77417,0.81344
F_gated_s0,F_gated,13,20,Q3,6,7295,2120,0.91011,0.95707,0.9442,0.97028
F_gated_s0,F_gated,13,20,Q4_clearest,0,8047,2107,0.9778,0.99641,0.99284,1.0
F_gated_s0,F_gated,14,0,Q1_dimmest,191,4886,1623,0.51448,0.51789,0.49463,0.54344
F_gated_s0,F_gated,14,0,Q2,51,6453,2243,0.76828,0.78607,0.70648,0.88587
F_gated_s0,F_gated,14,0,Q3,4,8104,2470,0.87449,0.93793,0.89017,0.99109
F_gated_s0,F_gated,14,0,Q4_clearest,0,7234,2022,0.94964,0.9917,0.98354,1.0
F_gated_s0,F_gated,14,20,Q1_dimmest,186,4886,1623,0.51716,0.52486,0.51356,0.53666
F_gated_s0,F_gated,14,20,Q2,47,6453,2243,0.7685,0.78751,0.71551,0.87561
F_gated_s0,F_gated,14,20,Q3,4,8104,2470,0.87633,0.94246,0.89903,0.99028
F_gated_s0,F_gated,14,20,Q4_clearest,0,7234,2022,0.94964,0.9917,0.98354,1.0
F_gated_s0,F_gated,15,0,Q1_dimmest,160,4357,1638,0.50121,0.51677,0.48681,0.55067
F_gated_s0,F_gated,15,0,Q2,25,5141,1751,0.73641,0.7708,0.66927,0.90862
F_gated_s0,F_gated,15,0,Q3,3,6066,1760,0.82856,0.90165,0.82518,0.99375
F_gated_s0,F_gated,15,0,Q4_clearest,1,8050,2502,0.9318,0.9784,0.95809,0.9996
F_gated_s0,F_gated,15,20,Q1_dimmest,147,4357,1638,0.50383,0.52619,0.51786,0.5348
F_gated_s0,F_gated,15,20,Q2,24,5141,1751,0.73709,0.7708,0.67464,0.89891
F_gated_s0,F_gated,15,20,Q3,3,6066,1760,0.83124,0.90797,0.83583,0.99375
F_gated_s0,F_gated,15,20,Q4_clearest,1,8050,2502,0.9318,0.9784,0.95809,0.9996
F_gated_s0,F_gated,16,0,Q1_dimmest,235,6445,1959,0.58805,0.63969,0.74676,0.55947
F_gated_s0,F_gated,16,0,Q2,54,6977,2256,0.83876,0.88483,0.88804,0.88165
F_gated_s0,F_gated,16,0,Q3,3,7630,2131,0.89577,0.95901,0.92936,0.99061
F_gated_s0,F_gated,16,0,Q4_clearest,0,8739,2466,0.93821,0.98102,0.96274,1.0
F_gated_s0,F_gated,16,20,Q1_dimmest,222,6445,1959,0.58899,0.64659,0.78795,0.54824
F_gated_s0,F_gated,16,20,Q2,45,6977,2256,0.83861,0.88701,0.90265,0.8719
F_gated_s0,F_gated,16,20,Q3,3,7630,2131,0.89757,0.96457,0.94199,0.98827
F_gated_s0,F_gated,16,20,Q4_clearest,0,8739,2466,0.93953,0.98403,0.96856,1.0
F_gated_s0,F_gated,17,0,Q1_dimmest,247,7862,2585,0.57569,0.59922,0.73866,0.50406
F_gated_s0,F_gated,17,0,Q2,41,7104,2140,0.84098,0.88924,0.88369,0.89486
F_gated_s0,F_gated,17,0,Q3,1,7222,1826,0.90881,0.97958,0.96872,0.99069
F_gated_s0,F_gated,17,0,Q4_clearest,1,5664,1433,0.93271,0.99085,0.98663,0.99512
F_gated_s0,F_gated,17,20,Q1_dimmest,238,7862,2585,0.57664,0.60671,0.77273,0.49942
F_gated_s0,F_gated,17,20,Q2,39,7104,2140,0.84321,0.89467,0.90063,0.88879
F_gated_s0,F_gated,17,20,Q3,1,7222,1826,0.90909,0.98009,0.97024,0.99014
F_gated_s0,F_gated,17,20,Q4_clearest,1,5664,1433,0.93271,0.99085,0.98663,0.99512
F_gated_s0,F_gated,18,0,Q1_dimmest,179,4966,1759,0.63457,0.63213,0.70309,0.57419
F_gated_s0,F_gated,18,0,Q2,29,6044,1968,0.81985,0.87929,0.85367,0.9065
F_gated_s0,F_gated,18,0,Q3,0,7429,2081,0.85583,0.967,0.93908,0.99664
F_gated_s0,F_gated,18,0,Q4_clearest,0,7705,1851,0.89743,0.98481,0.97008,1.0
F_gated_s0,F_gated,18,20,Q1_dimmest,171,4966,1759,0.63905,0.64365,0.73786,0.57078
F_gated_s0,F_gated,18,20,Q2,29,6044,1968,0.822,0.8839,0.86705,0.90142
F_gated_s0,F_gated,18,20,Q3,0,7429,2081,0.85783,0.97324,0.95092,0.99664
F_gated_s0,F_gated,18,20,Q4_clearest,0,7705,1851,0.89811,0.98659,0.97354,1.0
F_gated_s0,F_gated,19,0,Q1_dimmest,133,3731,1722,0.63522,0.66048,0.66964,0.65157
F_gated_s0,F_gated,19,0,Q2,30,6957,2067,0.77805,0.83594,0.7567,0.93372
F_gated_s0,F_gated,19,0,Q3,5,8771,2610,0.88545,0.95961,0.93441,0.98621
F_gated_s0,F_gated,19,0,Q4_clearest,0,7909,2077,0.96445,0.99309,0.98628,1.0
F_gated_s0,F_gated,19,20,Q1_dimmest,124,3731,1722,0.6362,0.6623,0.6987,0.6295
F_gated_s0,F_gated,19,20,Q2,27,6957,2067,0.78208,0.84772,0.78029,0.92791
F_gated_s0,F_gated,19,20,Q3,4,8771,2610,0.88588,0.96076,0.93728,0.98544
F_gated_s0,F_gated,19,20,Q4_clearest,0,7909,2077,0.96445,0.99309,0.98628,1.0
F_gated_s0,F_gated,20,0,Q1_dimmest,163,5411,1924,0.62917,0.648,0.62697,0.67048
F_gated_s0,F_gated,20,0,Q2,17,7210,2225,0.80812,0.86495,0.79538,0.94787
F_gated_s0,F_gated,20,0,Q3,3,6951,2027,0.86836,0.94621,0.90437,0.99211
F_gated_s0,F_gated,20,0,Q4_clearest,1,4693,1197,0.93956,0.98542,0.97284,0.99833
F_gated_s0,F_gated,20,20,Q1_dimmest,154,5411,1924,0.63188,0.65452,0.64755,0.66164
F_gated_s0,F_gated,20,20,Q2,15,7210,2225,0.81257,0.87762,0.82249,0.94067
F_gated_s0,F_gated,20,20,Q3,3,6951,2027,0.86946,0.95026,0.9118,0.99211
F_gated_s0,F_gated,20,20,Q4_clearest,1,4693,1197,0.93956,0.98542,0.97284,0.99833
F_gated_s1,F_gated,01,0,Q1_dimmest,188,4597,1791,0.5919,0.56023,0.57955,0.54216
F_gated_s1,F_gated,01,0,Q2,52,6946,2500,0.78289,0.83323,0.7802,0.894
F_gated_s1,F_gated,01,0,Q3,10,8473,2538,0.8537,0.95746,0.94148,0.974
F_gated_s1,F_gated,01,0,Q4_clearest,0,9424,2483,0.92378,0.98911,0.98001,0.99839
F_gated_s1,F_gated,01,20,Q1_dimmest,172,4597,1791,0.58993,0.55537,0.59541,0.52038
F_gated_s1,F_gated,01,20,Q2,50,6946,2500,0.78304,0.83439,0.78656,0.8884
F_gated_s1,F_gated,01,20,Q3,10,8473,2538,0.85388,0.95823,0.94297,0.974
F_gated_s1,F_gated,01,20,Q4_clearest,0,9424,2483,0.92382,0.98931,0.9804,0.99839
F_gated_s1,F_gated,02,0,Q1_dimmest,213,5691,1790,0.52854,0.48765,0.50818,0.46872
F_gated_s1,F_gated,02,0,Q2,48,6606,1861,0.80214,0.79132,0.73376,0.85868
F_gated_s1,F_gated,02,0,Q3,4,8662,2260,0.89564,0.95526,0.92535,0.98717
F_gated_s1,F_gated,02,0,Q4_clearest,1,12831,3378,0.96106,0.99166,0.98461,0.99882
F_gated_s1,F_gated,02,20,Q1_dimmest,197,5691,1790,0.52366,0.47523,0.51628,0.44022
F_gated_s1,F_gated,02,20,Q2,40,6606,1861,0.80075,0.78762,0.74192,0.83933
F_gated_s1,F_gated,02,20,Q3,3,8662,2260,0.897,0.95929,0.93333,0.98673
F_gated_s1,F_gated,02,20,Q4_clearest,1,12831,3378,0.96113,0.9918,0.98489,0.99882
F_gated_s1,F_gated,03,0,Q1_dimmest,257,10358,3377,0.5261,0.50691,0.59343,0.4424
F_gated_s1,F_gated,03,0,Q2,37,9353,2708,0.82212,0.84659,0.83046,0.86337
F_gated_s1,F_gated,03,0,Q3,3,8095,2089,0.9312,0.97053,0.96226,0.97894
F_gated_s1,F_gated,03,0,Q4_clearest,0,5087,1047,0.98747,0.99952,1.0,0.99904
F_gated_s1,F_gated,03,20,Q1_dimmest,236,10358,3377,0.5247,0.50453,0.61707,0.42671
F_gated_s1,F_gated,03,20,Q2,34,9353,2708,0.82217,0.84754,0.83644,0.85894
F_gated_s1,F_gated,03,20,Q3,3,8095,2089,0.93131,0.97099,0.96317,0.97894
F_gated_s1,F_gated,03,20,Q4_clearest,0,5087,1047,0.98747,0.99952,1.0,0.99904
F_gated_s1,F_gated,04,0,Q1_dimmest,217,7750,3035,0.51201,0.45392,0.6008,0.36474
F_gated_s1,F_gated,04,0,Q2,29,6017,1865,0.80003,0.8192,0.78836,0.85255
F_gated_s1,F_gated,04,0,Q3,5,6293,1680,0.90403,0.95709,0.93437,0.98095
F_gated_s1,F_gated,04,0,Q4_clearest,1,10294,2346,0.97257,0.99261,0.98825,0.99702
F_gated_s1,F_gated,04,20,Q1_dimmest,194,7750,3035,0.50963,0.44919,0.61578,0.35354
F_gated_s1,F_gated,04,20,Q2,28,6017,1865,0.79965,0.81734,0.79329,0.8429
F_gated_s1,F_gated,04,20,Q3,4,6293,1680,0.90392,0.95678,0.93485,0.97976
F_gated_s1,F_gated,04,20,Q4_clearest,0,10294,2346,0.97293,0.99324,0.9899,0.99659
F_gated_s1,F_gated,05,0,Q1_dimmest,275,9685,3539,0.49534,0.42309,0.61939,0.32128
F_gated_s1,F_gated,05,0,Q2,36,7440,2198,0.84249,0.84087,0.82646,0.85578
F_gated_s1,F_gated,05,0,Q3,1,7606,2186,0.93498,0.98308,0.97499,0.99131
F_gated_s1,F_gated,05,0,Q4_clearest,0,6179,1663,0.97714,0.9971,0.9948,0.9994
F_gated_s1,F_gated,05,20,Q1_dimmest,239,9685,3539,0.49155,0.4134,0.64819,0.30348
F_gated_s1,F_gated,05,20,Q2,34,7440,2198,0.84151,0.84016,0.83507,0.84531
F_gated_s1,F_gated,05,20,Q3,1,7606,2186,0.93512,0.98349,0.97713,0.98994
F_gated_s1,F_gated,05,20,Q4_clearest,0,6179,1663,0.97714,0.9971,0.9948,0.9994
F_gated_s1,F_gated,06,0,Q1_dimmest,347,10790,3981,0.50679,0.47485,0.6547,0.37252
F_gated_s1,F_gated,06,0,Q2,41,7933,2378,0.83326,0.82107,0.82382,0.81833
F_gated_s1,F_gated,06,0,Q3,3,7891,2229,0.94474,0.9849,0.97798,0.99192
F_gated_s1,F_gated,06,0,Q4_clearest,1,5502,1401,0.98091,0.99858,0.99788,0.99929
F_gated_s1,F_gated,06,20,Q1_dimmest,313,10790,3981,0.50231,0.46743,0.68712,0.35418
F_gated_s1,F_gated,06,20,Q2,37,7933,2378,0.83317,0.81995,0.83971,0.80109
F_gated_s1,F_gated,06,20,Q3,1,7891,2229,0.94406,0.9833,0.98007,0.98654
F_gated_s1,F_gated,06,20,Q4_clearest,0,5502,1401,0.98072,0.99787,0.99787,0.99786
F_gated_s1,F_gated,07,0,Q1_dimmest,212,8316,2808,0.49244,0.436,0.60949,0.33939
F_gated_s1,F_gated,07,0,Q2,42,7149,2172,0.81579,0.8136,0.84331,0.78591
F_gated_s1,F_gated,07,0,Q3,7,7254,1955,0.91334,0.96248,0.95132,0.97391
F_gated_s1,F_gated,07,0,Q4_clearest,2,7433,2033,0.9696,0.99409,0.99211,0.99606
F_gated_s1,F_gated,07,20,Q1_dimmest,193,8316,2808,0.49029,0.43088,0.64695,0.32301
F_gated_s1,F_gated,07,20,Q2,33,7149,2172,0.81618,0.81263,0.85766,0.7721
F_gated_s1,F_gated,07,20,Q3,5,7254,1955,0.91312,0.96191,0.95265,0.97136
F_gated_s1,F_gated,07,20,Q4_clearest,2,7433,2033,0.9696,0.99409,0.99211,0.99606
F_gated_s1,F_gated,08,0,Q1_dimmest,264,9976,3245,0.53244,0.46847,0.58338,0.39137
F_gated_s1,F_gated,08,0,Q2,31,8461,2479,0.84152,0.84578,0.83504,0.8568
F_gated_s1,F_gated,08,0,Q3,2,6640,1970,0.9322,0.97568,0.96773,0.98376
F_gated_s1,F_gated,08,0,Q4_clearest,0,3312,891,0.97519,0.99548,0.99544,0.99551
F_gated_s1,F_gated,08,20,Q1_dimmest,237,9976,3245,0.53146,0.46668,0.61347,0.37658
F_gated_s1,F_gated,08,20,Q2,29,8461,2479,0.8409,0.84321,0.84538,0.84106
F_gated_s1,F_gated,08,20,Q3,2,6640,1970,0.93232,0.97614,0.96913,0.98325
F_gated_s1,F_gated,08,20,Q4_clearest,0,3312,891,0.97519,0.99548,0.99544,0.99551
F_gated_s1,F_gated,09,0,Q1_dimmest,282,9368,3406,0.55978,0.53852,0.6613,0.4542
F_gated_s1,F_gated,09,0,Q2,31,7639,2383,0.84521,0.8738,0.84453,0.90516
F_gated_s1,F_gated,09,0,Q3,0,6249,1936,0.93218,0.97912,0.97178,0.98657
F_gated_s1,F_gated,09,0,Q4_clearest,1,3485,1001,0.97035,0.9853,1.0,0.97103
F_gated_s1,F_gated,09,20,Q1_dimmest,262,9368,3406,0.55609,0.53072,0.68234,0.43423
F_gated_s1,F_gated,09,20,Q2,27,7639,2383,0.84502,0.87466,0.85438,0.89593
F_gated_s1,F_gated,09,20,Q3,0,6249,1936,0.93224,0.97911,0.97176,0.98657
F_gated_s1,F_gated,09,20,Q4_clearest,1,3485,1001,0.97035,0.9853,1.0,0.97103
F_gated_s1,F_gated,10,0,Q1_dimmest,295,7560,3177,0.54008,0.49502,0.5513,0.44917
F_gated_s1,F_gated,10,0,Q2,39,6756,2369,0.81078,0.80797,0.76067,0.86154
F_gated_s1,F_gated,10,0,Q3,6,6741,2035,0.90274,0.95534,0.92589,0.98673
F_gated_s1,F_gated,10,0,Q4_clearest,0,6099,1556,0.9583,0.99573,0.99213,0.99936
F_gated_s1,F_gated,10,20,Q1_dimmest,271,7560,3177,0.53873,0.4905,0.57256,0.42902
F_gated_s1,F_gated,10,20,Q2,36,6756,2369,0.81079,0.80791,0.76727,0.8531
F_gated_s1,F_gated,10,20,Q3,5,6741,2035,0.9028,0.95599,0.92884,0.98477
F_gated_s1,F_gated,10,20,Q4_clearest,0,6099,1556,0.95822,0.99573,0.99213,0.99936
F_gated_s1,F_gated,11,0,Q1_dimmest,307,6386,2930,0.48922,0.42281,0.52802,0.35256
F_gated_s1,F_gated,11,0,Q2,60,5601,2186,0.76955,0.73675,0.70328,0.77356
F_gated_s1,F_gated,11,0,Q3,11,6593,2129,0.85578,0.91069,0.87352,0.95115
F_gated_s1,F_gated,11,0,Q4_clearest,3,10959,3211,0.93624,0.98217,0.96906,0.99564
F_gated_s1,F_gated,11,20,Q1_dimmest,267,6386,2930,0.48112,0.40392,0.54027,0.32253
F_gated_s1,F_gated,11,20,Q2,55,5601,2186,0.76709,0.73153,0.71045,0.75389
F_gated_s1,F_gated,11,20,Q3,9,6593,2129,0.8562,0.91221,0.87754,0.94974
F_gated_s1,F_gated,11,20,Q4_clearest,3,10959,3211,0.93652,0.98309,0.97086,0.99564
F_gated_s1,F_gated,12,0,Q1_dimmest,215,6741,2151,0.57762,0.56332,0.62491,0.51278
F_gated_s1,F_gated,12,0,Q2,48,7686,2661,0.8085,0.83645,0.80867,0.86622
F_gated_s1,F_gated,12,0,Q3,7,7976,2374,0.8913,0.95641,0.93682,0.97683
F_gated_s1,F_gated,12,0,Q4_clearest,1,6087,1526,0.95686,0.99393,0.99051,0.99738
F_gated_s1,F_gated,12,20,Q1_dimmest,199,6741,2151,0.57759,0.56484,0.6486,0.50023
F_gated_s1,F_gated,12,20,Q2,47,7686,2661,0.80795,0.83484,0.81533,0.85532
F_gated_s1,F_gated,12,20,Q3,7,7976,2374,0.8916,0.95719,0.93871,0.97641
F_gated_s1,F_gated,12,20,Q4_clearest,1,6087,1526,0.95686,0.99393,0.99051,0.99738
F_gated_s1,F_gated,13,0,Q1_dimmest,268,8947,3161,0.54746,0.49934,0.59549,0.42993
F_gated_s1,F_gated,13,0,Q2,46,7970,2798,0.80832,0.80211,0.76551,0.84239
F_gated_s1,F_gated,13,0,Q3,2,7295,2120,0.90717,0.95958,0.94112,0.97877
F_gated_s1,F_gated,13,0,Q4_clearest,0,8047,2107,0.97633,0.99833,0.99666,1.0
F_gated_s1,F_gated,13,20,Q1_dimmest,248,8947,3161,0.54645,0.49891,0.61274,0.42075
F_gated_s1,F_gated,13,20,Q2,44,7970,2798,0.80827,0.80303,0.776,0.83202
F_gated_s1,F_gated,13,20,Q3,1,7295,2120,0.90857,0.9618,0.94673,0.97736
F_gated_s1,F_gated,13,20,Q4_clearest,0,8047,2107,0.97633,0.99833,0.99666,1.0
F_gated_s1,F_gated,14,0,Q1_dimmest,194,4886,1623,0.51883,0.49218,0.46135,0.52742
F_gated_s1,F_gated,14,0,Q2,53,6453,2243,0.77519,0.77968,0.70183,0.87695
F_gated_s1,F_gated,14,0,Q3,8,8104,2470,0.87316,0.93465,0.88787,0.98664
F_gated_s1,F_gated,14,0,Q4_clearest,0,7234,2022,0.94827,0.99385,0.98826,0.99951
F_gated_s1,F_gated,14,20,Q1_dimmest,190,4886,1623,0.52578,0.50679,0.49476,0.51941
F_gated_s1,F_gated,14,20,Q2,50,6453,2243,0.77518,0.78042,0.70681,0.87115
F_gated_s1,F_gated,14,20,Q3,8,8104,2470,0.87407,0.93682,0.89179,0.98664
F_gated_s1,F_gated,14,20,Q4_clearest,0,7234,2022,0.94827,0.99385,0.98826,0.99951
F_gated_s1,F_gated,15,0,Q1_dimmest,158,4357,1638,0.53422,0.53743,0.51727,0.55922
F_gated_s1,F_gated,15,0,Q2,24,5141,1751,0.74697,0.77094,0.66703,0.91319
F_gated_s1,F_gated,15,0,Q3,4,6066,1760,0.83217,0.90469,0.83029,0.99375
F_gated_s1,F_gated,15,0,Q4_clearest,1,8050,2502,0.92694,0.97865,0.96003,0.998
F_gated_s1,F_gated,15,20,Q1_dimmest,146,4357,1638,0.53891,0.54797,0.55268,0.54335
F_gated_s1,F_gated,15,20,Q2,20,5141,1751,0.74908,0.77604,0.67946,0.90463
F_gated_s1,F_gated,15,20,Q3,4,6066,1760,0.83567,0.91327,0.84485,0.99375
F_gated_s1,F_gated,15,20,Q4_clearest,1,8050,2502,0.92736,0.97962,0.9619,0.998
F_gated_s1,F_gated,16,0,Q1_dimmest,224,6445,1959,0.60149,0.62452,0.7228,0.54977
F_gated_s1,F_gated,16,0,Q2,49,6977,2256,0.83439,0.88432,0.8808,0.88785
F_gated_s1,F_gated,16,0,Q3,2,7630,2131,0.88301,0.95376,0.92158,0.98827
F_gated_s1,F_gated,16,0,Q4_clearest,1,8739,2466,0.93506,0.98457,0.97306,0.99635
F_gated_s1,F_gated,16,20,Q1_dimmest,221,6445,1959,0.60464,0.63447,0.75097,0.54926
F_gated_s1,F_gated,16,20,Q2,48,6977,2256,0.83611,0.88957,0.89308,0.88608
F_gated_s1,F_gated,16,20,Q3,2,7630,2131,0.88402,0.95517,0.92504,0.98733
F_gated_s1,F_gated,16,20,Q4_clearest,1,8739,2466,0.93546,0.98537,0.97463,0.99635
F_gated_s1,F_gated,17,0,Q1_dimmest,270,7862,2585,0.57788,0.56836,0.72331,0.46809
F_gated_s1,F_gated,17,0,Q2,35,7104,2140,0.84162,0.87707,0.88272,0.8715
F_gated_s1,F_gated,17,0,Q3,6,7222,1826,0.90048,0.97443,0.96283,0.98631
F_gated_s1,F_gated,17,0,Q4_clearest,2,5664,1433,0.92045,0.98532,0.9853,0.98535
F_gated_s1,F_gated,17,20,Q1_dimmest,252,7862,2585,0.57618,0.56742,0.75171,0.45571
F_gated_s1,F_gated,17,20,Q2,32,7104,2140,0.84077,0.87531,0.88937,0.86168
F_gated_s1,F_gated,17,20,Q3,6,7222,1826,0.90054,0.97468,0.96333,0.98631
F_gated_s1,F_gated,17,20,Q4_clearest,2,5664,1433,0.9206,0.98601,0.98669,0.98535
F_gated_s1,F_gated,18,0,Q1_dimmest,176,4966,1759,0.62707,0.62,0.67065,0.57646
F_gated_s1,F_gated,18,0,Q2,39,6044,1968,0.81021,0.86577,0.84443,0.88821
F_gated_s1,F_gated,18,0,Q3,1,7429,2081,0.84765,0.96279,0.93242,0.99519
F_gated_s1,F_gated,18,0,Q4_clearest,3,7705,1851,0.89469,0.98426,0.97621,0.99244
F_gated_s1,F_gated,18,20,Q1_dimmest,171,4966,1759,0.63041,0.63111,0.70744,0.56964
F_gated_s1,F_gated,18,20,Q2,37,6044,1968,0.81033,0.86801,0.85293,0.88364
F_gated_s1,F_gated,18,20,Q3,1,7429,2081,0.84874,0.9665,0.93984,0.99471
F_gated_s1,F_gated,18,20,Q4_clearest,3,7705,1851,0.89485,0.98501,0.9777,0.99244
F_gated_s1,F_gated,19,0,Q1_dimmest,139,3731,1722,0.62885,0.65674,0.67638,0.63821
F_gated_s1,F_gated,19,0,Q2,26,6957,2067,0.77538,0.84756,0.77036,0.94194
F_gated_s1,F_gated,19,0,Q3,1,8771,2610,0.88015,0.96586,0.93974,0.99349
F_gated_s1,F_gated,19,0,Q4_clearest,0,7909,2077,0.96315,0.99464,0.99029,0.99904
F_gated_s1,F_gated,19,20,Q1_dimmest,123,3731,1722,0.62589,0.65287,0.69279,0.61731
F_gated_s1,F_gated,19,20,Q2,26,6957,2067,0.77642,0.85305,0.78351,0.93614
F_gated_s1,F_gated,19,20,Q3,1,8771,2610,0.8807,0.96797,0.94408,0.9931
F_gated_s1,F_gated,19,20,Q4_clearest,0,7909,2077,0.96327,0.99513,0.99125,0.99904
F_gated_s1,F_gated,20,0,Q1_dimmest,187,5411,1924,0.63338,0.64284,0.61433,0.67412
F_gated_s1,F_gated,20,0,Q2,25,7210,2225,0.79555,0.85521,0.7843,0.94022
F_gated_s1,F_gated,20,0,Q3,4,6951,2027,0.8565,0.94663,0.90886,0.98767
F_gated_s1,F_gated,20,0,Q4_clearest,2,4693,1197,0.9357,0.9821,0.97113,0.99332
F_gated_s1,F_gated,20,20,Q1_dimmest,181,5411,1924,0.63747,0.65344,0.64106,0.66632
F_gated_s1,F_gated,20,20,Q2,24,7210,2225,0.79931,0.86526,0.80301,0.93798
F_gated_s1,F_gated,20,20,Q3,4,6951,2027,0.85879,0.95444,0.92338,0.98767
F_gated_s1,F_gated,20,20,Q4_clearest,2,4693,1197,0.9357,0.9821,0.97113,0.99332
F_gated_s2,F_gated,01,0,Q1_dimmest,192,4597,1791,0.52081,0.52205,0.56877,0.48241
F_gated_s2,F_gated,01,0,Q2,43,6946,2500,0.78341,0.83177,0.79642,0.8704
F_gated_s2,F_gated,01,0,Q3,9,8473,2538,0.86487,0.95622,0.94919,0.96336
F_gated_s2,F_gated,01,0,Q4_clearest,1,9424,2483,0.92929,0.9917,0.98629,0.99718
F_gated_s2,F_gated,01,20,Q1_dimmest,173,4597,1791,0.51694,0.51749,0.58854,0.46175
F_gated_s2,F_gated,01,20,Q2,40,6946,2500,0.78064,0.82449,0.79764,0.8532
F_gated_s2,F_gated,01,20,Q3,9,8473,2538,0.86497,0.95696,0.95103,0.96296
F_gated_s2,F_gated,01,20,Q4_clearest,1,9424,2483,0.92956,0.99209,0.98706,0.99718
F_gated_s2,F_gated,02,0,Q1_dimmest,215,5691,1790,0.46904,0.45365,0.52013,0.40223
F_gated_s2,F_gated,02,0,Q2,36,6606,1861,0.79638,0.78688,0.75094,0.82644
F_gated_s2,F_gated,02,0,Q3,4,8662,2260,0.9046,0.95809,0.93146,0.98628
F_gated_s2,F_gated,02,0,Q4_clearest,1,12831,3378,0.96576,0.99442,0.99036,0.99852
F_gated_s2,F_gated,02,20,Q1_dimmest,197,5691,1790,0.466,0.44679,0.53129,0.38547
F_gated_s2,F_gated,02,20,Q2,33,6606,1861,0.7942,0.78084,0.75484,0.8087
F_gated_s2,F_gated,02,20,Q3,4,8662,2260,0.90455,0.95807,0.93301,0.98451
F_gated_s2,F_gated,02,20,Q4_clearest,1,12831,3378,0.96576,0.99442,0.99036,0.99852
F_gated_s2,F_gated,03,0,Q1_dimmest,240,10358,3377,0.47898,0.4795,0.58677,0.40539
F_gated_s2,F_gated,03,0,Q2,41,9353,2708,0.81712,0.8488,0.84066,0.85709
F_gated_s2,F_gated,03,0,Q3,6,8095,2089,0.93767,0.97512,0.97754,0.97271
F_gated_s2,F_gated,03,0,Q4_clearest,0,5087,1047,0.98805,0.99867,0.9983,0.99904
F_gated_s2,F_gated,03,20,Q1_dimmest,214,10358,3377,0.47658,0.47591,0.60608,0.39177
F_gated_s2,F_gated,03,20,Q2,34,9353,2708,0.81598,0.84675,0.84639,0.84712
F_gated_s2,F_gated,03,20,Q3,6,8095,2089,0.93762,0.97479,0.97929,0.97032
F_gated_s2,F_gated,03,20,Q4_clearest,0,5087,1047,0.98805,0.99867,0.9983,0.99904
F_gated_s2,F_gated,04,0,Q1_dimmest,207,7750,3035,0.48183,0.45131,0.63435,0.35025
F_gated_s2,F_gated,04,0,Q2,26,6017,1865,0.80583,0.82455,0.79975,0.85094
F_gated_s2,F_gated,04,0,Q3,6,6293,1680,0.916,0.96507,0.94913,0.98155
F_gated_s2,F_gated,04,0,Q4_clearest,0,10294,2346,0.97594,0.99435,0.99127,0.99744
F_gated_s2,F_gated,04,20,Q1_dimmest,173,7750,3035,0.47663,0.43887,0.65696,0.32949
F_gated_s2,F_gated,04,20,Q2,20,6017,1865,0.803,0.81534,0.80674,0.82413
F_gated_s2,F_gated,04,20,Q3,5,6293,1680,0.91593,0.96445,0.95072,0.97857
F_gated_s2,F_gated,04,20,Q4_clearest,0,10294,2346,0.97612,0.99518,0.99292,0.99744
F_gated_s2,F_gated,05,0,Q1_dimmest,254,9685,3539,0.47249,0.42445,0.61076,0.32523
F_gated_s2,F_gated,05,0,Q2,21,7440,2198,0.84853,0.85537,0.84477,0.86624
F_gated_s2,F_gated,05,0,Q3,1,7606,2186,0.94066,0.98306,0.97583,0.99039
F_gated_s2,F_gated,05,0,Q4_clearest,0,6179,1663,0.9783,0.99796,0.99773,0.9982
F_gated_s2,F_gated,05,20,Q1_dimmest,227,9685,3539,0.4668,0.41161,0.62027,0.308
F_gated_s2,F_gated,05,20,Q2,20,7440,2198,0.84809,0.85499,0.8533,0.85669
F_gated_s2,F_gated,05,20,Q3,1,7606,2186,0.94063,0.98305,0.97759,0.98856
F_gated_s2,F_gated,05,20,Q4_clearest,0,6179,1663,0.9783,0.99796,0.99773,0.9982
F_gated_s2,F_gated,06,0,Q1_dimmest,310,10790,3981,0.47441,0.47595,0.67436,0.36775
F_gated_s2,F_gated,06,0,Q2,33,7933,2378,0.83173,0.83171,0.84915,0.81497
F_gated_s2,F_gated,06,0,Q3,1,7891,2229,0.95037,0.98488,0.97837,0.99148
F_gated_s2,F_gated,06,0,Q4_clearest,0,5502,1401,0.98036,0.99824,0.99719,0.99929
F_gated_s2,F_gated,06,20,Q1_dimmest,282,10790,3981,0.47117,0.46895,0.69184,0.35468
F_gated_s2,F_gated,06,20,Q2,28,7933,2378,0.82891,0.82512,0.85983,0.7931
F_gated_s2,F_gated,06,20,Q3,0,7891,2229,0.95028,0.9844,0.97918,0.98968
F_gated_s2,F_gated,06,20,Q4_clearest,0,5502,1401,0.98036,0.99824,0.99719,0.99929
F_gated_s2,F_gated,07,0,Q1_dimmest,190,8316,2808,0.45474,0.414,0.62513,0.30947
F_gated_s2,F_gated,07,0,Q2,31,7149,2172,0.82089,0.81599,0.85611,0.77947
F_gated_s2,F_gated,07,0,Q3,4,7254,1955,0.92361,0.97028,0.96667,0.97391
F_gated_s2,F_gated,07,0,Q4_clearest,0,7433,2033,0.9715,0.99609,0.99612,0.99606
F_gated_s2,F_gated,07,20,Q1_dimmest,175,8316,2808,0.45284,0.40707,0.64505,0.29736
F_gated_s2,F_gated,07,20,Q2,25,7149,2172,0.82116,0.81554,0.8694,0.76796
F_gated_s2,F_gated,07,20,Q3,3,7254,1955,0.92385,0.97122,0.96956,0.97289
F_gated_s2,F_gated,07,20,Q4_clearest,0,7433,2033,0.9715,0.99609,0.99612,0.99606
F_gated_s2,F_gated,08,0,Q1_dimmest,240,9976,3245,0.50489,0.49412,0.65944,0.39507
F_gated_s2,F_gated,08,0,Q2,19,8461,2479,0.84959,0.85275,0.83092,0.87576
F_gated_s2,F_gated,08,0,Q3,3,6640,1970,0.93806,0.97917,0.97264,0.98579
F_gated_s2,F_gated,08,0,Q4_clearest,0,3312,891,0.97736,0.99285,0.99021,0.99551
F_gated_s2,F_gated,08,20,Q1_dimmest,222,9976,3245,0.5039,0.49229,0.67425,0.38767
F_gated_s2,F_gated,08,20,Q2,18,8461,2479,0.84892,0.85087,0.83657,0.86567
F_gated_s2,F_gated,08,20,Q3,3,6640,1970,0.93832,0.97964,0.97406,0.98528
F_gated_s2,F_gated,08,20,Q4_clearest,0,3312,891,0.9775,0.99339,0.99129,0.99551
F_gated_s2,F_gated,09,0,Q1_dimmest,244,9368,3406,0.49893,0.51176,0.68108,0.40986
F_gated_s2,F_gated,09,0,Q2,17,7639,2383,0.85346,0.88075,0.8565,0.90642
F_gated_s2,F_gated,09,0,Q3,0,6249,1936,0.94179,0.98323,0.97042,0.99638
F_gated_s2,F_gated,09,0,Q4_clearest,1,3485,1001,0.97549,0.99403,0.99809,0.99001
F_gated_s2,F_gated,09,20,Q1_dimmest,221,9368,3406,0.49537,0.50645,0.68958,0.40018
F_gated_s2,F_gated,09,20,Q2,17,7639,2383,0.85204,0.87725,0.8574,0.89803
F_gated_s2,F_gated,09,20,Q3,0,6249,1936,0.94179,0.98323,0.97042,0.99638
F_gated_s2,F_gated,09,20,Q4_clearest,1,3485,1001,0.97549,0.99403,0.99809,0.99001
F_gated_s2,F_gated,10,0,Q1_dimmest,258,7560,3177,0.50688,0.47927,0.58669,0.4051
F_gated_s2,F_gated,10,0,Q2,26,6756,2369,0.81051,0.805,0.75737,0.85901
F_gated_s2,F_gated,10,0,Q3,1,6741,2035,0.91079,0.96559,0.94309,0.98919
F_gated_s2,F_gated,10,0,Q4_clearest,0,6099,1556,0.96015,0.99517,0.99103,0.99936
F_gated_s2,F_gated,10,20,Q1_dimmest,241,7560,3177,0.50471,0.47369,0.59361,0.39408
F_gated_s2,F_gated,10,20,Q2,22,6756,2369,0.8091,0.80076,0.76328,0.84213
F_gated_s2,F_gated,10,20,Q3,1,6741,2035,0.91119,0.96722,0.94666,0.9887
F_gated_s2,F_gated,10,20,Q4_clearest,0,6099,1556,0.9603,0.99582,0.9923,0.99936
F_gated_s2,F_gated,11,0,Q1_dimmest,278,6386,2930,0.42847,0.37298,0.53239,0.28703
F_gated_s2,F_gated,11,0,Q2,45,5601,2186,0.77397,0.73094,0.70261,0.76167
F_gated_s2,F_gated,11,0,Q3,8,6593,2129,0.86922,0.91805,0.88152,0.95773
F_gated_s2,F_gated,11,0,Q4_clearest,1,10959,3211,0.94126,0.98473,0.97197,0.99782
F_gated_s2,F_gated,11,20,Q1_dimmest,239,6386,2930,0.42365,0.3624,0.54968,0.27031
F_gated_s2,F_gated,11,20,Q2,38,5601,2186,0.77152,0.72464,0.70726,0.74291
F_gated_s2,F_gated,11,20,Q3,7,6593,2129,0.8692,0.91742,0.88397,0.9535
F_gated_s2,F_gated,11,20,Q4_clearest,1,10959,3211,0.94154,0.98519,0.97287,0.99782
F_gated_s2,F_gated,12,0,Q1_dimmest,194,6741,2151,0.53389,0.56772,0.6765,0.48907
F_gated_s2,F_gated,12,0,Q2,51,7686,2661,0.81054,0.83156,0.81909,0.84442
F_gated_s2,F_gated,12,0,Q3,7,7976,2374,0.90071,0.95519,0.93916,0.97178
F_gated_s2,F_gated,12,0,Q4_clearest,3,6087,1526,0.95624,0.99208,0.99007,0.9941
F_gated_s2,F_gated,12,20,Q1_dimmest,183,6741,2151,0.53302,0.56692,0.68986,0.48117
F_gated_s2,F_gated,12,20,Q2,45,7686,2661,0.81006,0.83078,0.82584,0.83578
F_gated_s2,F_gated,12,20,Q3,7,7976,2374,0.90086,0.9551,0.94096,0.96967
F_gated_s2,F_gated,12,20,Q4_clearest,3,6087,1526,0.95624,0.99208,0.99007,0.9941
F_gated_s2,F_gated,13,0,Q1_dimmest,241,8947,3161,0.49681,0.48015,0.61562,0.39355
F_gated_s2,F_gated,13,0,Q2,48,7970,2798,0.80285,0.78459,0.7689,0.80093
F_gated_s2,F_gated,13,0,Q3,3,7295,2120,0.91577,0.95983,0.94824,0.9717
F_gated_s2,F_gated,13,0,Q4_clearest,0,8047,2107,0.97641,0.9986,0.9972,1.0
F_gated_s2,F_gated,13,20,Q1_dimmest,220,8947,3161,0.49463,0.47487,0.6304,0.38089
F_gated_s2,F_gated,13,20,Q2,46,7970,2798,0.80147,0.7812,0.77411,0.78842
F_gated_s2,F_gated,13,20,Q3,3,7295,2120,0.91556,0.95934,0.94819,0.97075
F_gated_s2,F_gated,13,20,Q4_clearest,0,8047,2107,0.97641,0.9986,0.9972,1.0
F_gated_s2,F_gated,14,0,Q1_dimmest,169,4886,1623,0.49975,0.5128,0.54565,0.48367
F_gated_s2,F_gated,14,0,Q2,55,6453,2243,0.77646,0.77128,0.71788,0.83326
F_gated_s2,F_gated,14,0,Q3,3,8104,2470,0.88385,0.95055,0.91493,0.98907
F_gated_s2,F_gated,14,0,Q4_clearest,0,7234,2022,0.95107,0.99464,0.99031,0.99901
F_gated_s2,F_gated,14,20,Q1_dimmest,147,4886,1623,0.50063,0.51466,0.57126,0.46827
F_gated_s2,F_gated,14,20,Q2,51,6453,2243,0.77883,0.77491,0.73462,0.81988
F_gated_s2,F_gated,14,20,Q3,3,8104,2470,0.8839,0.95035,0.91559,0.98785
F_gated_s2,F_gated,14,20,Q4_clearest,0,7234,2022,0.95107,0.99464,0.99031,0.99901
F_gated_s2,F_gated,15,0,Q1_dimmest,139,4357,1638,0.53134,0.52511,0.53403,0.51648
F_gated_s2,F_gated,15,0,Q2,18,5141,1751,0.76586,0.78927,0.70452,0.8972
F_gated_s2,F_gated,15,0,Q3,0,6066,1760,0.84854,0.93734,0.88519,0.99602
F_gated_s2,F_gated,15,0,Q4_clearest,0,8050,2502,0.92998,0.98583,0.97206,1.0
F_gated_s2,F_gated,15,20,Q1_dimmest,134,4357,1638,0.53436,0.52919,0.55743,0.50366
F_gated_s2,F_gated,15,20,Q2,14,5141,1751,0.76777,0.79547,0.71924,0.88978
F_gated_s2,F_gated,15,20,Q3,0,6066,1760,0.85142,0.94594,0.90066,0.99602
F_gated_s2,F_gated,15,20,Q4_clearest,0,8050,2502,0.93025,0.98679,0.97393,1.0
F_gated_s2,F_gated,16,0,Q1_dimmest,219,6445,1959,0.56099,0.61431,0.80361,0.49719
F_gated_s2,F_gated,16,0,Q2,46,6977,2256,0.84398,0.87869,0.91276,0.84707
F_gated_s2,F_gated,16,0,Q3,2,7630,2131,0.90576,0.96837,0.951,0.98639
F_gated_s2,F_gated,16,0,Q4_clearest,0,8739,2466,0.94069,0.98953,0.98045,0.99878
F_gated_s2,F_gated,16,20,Q1_dimmest,208,6445,1959,0.5594,0.61234,0.82171,0.488
F_gated_s2,F_gated,16,20,Q2,41,6977,2256,0.84283,0.87915,0.92429,0.83821
F_gated_s2,F_gated,16,20,Q3,2,7630,2131,0.90725,0.97254,0.95997,0.98545
F_gated_s2,F_gated,16,20,Q4_clearest,0,8739,2466,0.94079,0.98993,0.98124,0.99878
F_gated_s2,F_gated,17,0,Q1_dimmest,224,7862,2585,0.53406,0.56392,0.7855,0.43985
F_gated_s2,F_gated,17,0,Q2,39,7104,2140,0.84281,0.87659,0.91025,0.84533
F_gated_s2,F_gated,17,0,Q3,4,7222,1826,0.91746,0.98186,0.98125,0.98248
F_gated_s2,F_gated,17,0,Q4_clearest,0,5664,1433,0.93183,0.99299,0.99088,0.99512
F_gated_s2,F_gated,17,20,Q1_dimmest,203,7862,2585,0.53178,0.56057,0.81127,0.42824
F_gated_s2,F_gated,17,20,Q2,38,7104,2140,0.84256,0.87766,0.92429,0.83551
F_gated_s2,F_gated,17,20,Q3,4,7222,1826,0.9171,0.98102,0.9812,0.98083
F_gated_s2,F_gated,17,20,Q4_clearest,0,5664,1433,0.93183,0.99299,0.99088,0.99512
F_gated_s2,F_gated,18,0,Q1_dimmest,161,4966,1759,0.58279,0.59846,0.70655,0.51904
F_gated_s2,F_gated,18,0,Q2,43,6044,1968,0.81735,0.87017,0.88031,0.86026
F_gated_s2,F_gated,18,0,Q3,2,7429,2081,0.86547,0.97012,0.95559,0.9851
F_gated_s2,F_gated,18,0,Q4_clearest,1,7705,1851,0.90067,0.99181,0.98427,0.99946
F_gated_s2,F_gated,18,20,Q1_dimmest,149,4966,1759,0.57988,0.59758,0.72272,0.50938
F_gated_s2,F_gated,18,20,Q2,38,6044,1968,0.81602,0.86924,0.88539,0.85366
F_gated_s2,F_gated,18,20,Q3,2,7429,2081,0.86563,0.97198,0.96149,0.9827
F_gated_s2,F_gated,18,20,Q4_clearest,1,7705,1851,0.90119,0.99359,0.98778,0.99946
F_gated_s2,F_gated,19,0,Q1_dimmest,108,3731,1722,0.63027,0.66981,0.7019,0.64053
F_gated_s2,F_gated,19,0,Q2,33,6957,2067,0.80003,0.86032,0.80118,0.92888
F_gated_s2,F_gated,19,0,Q3,2,8771,2610,0.89273,0.96874,0.94694,0.99157
F_gated_s2,F_gated,19,0,Q4_clearest,0,7909,2077,0.96456,0.99614,0.99327,0.99904
F_gated_s2,F_gated,19,20,Q1_dimmest,93,3731,1722,0.62602,0.66362,0.71279,0.62079
F_gated_s2,F_gated,19,20,Q2,31,6957,2067,0.8005,0.86349,0.81376,0.91969
F_gated_s2,F_gated,19,20,Q3,2,8771,2610,0.89369,0.97145,0.95354,0.99004
F_gated_s2,F_gated,19,20,Q4_clearest,0,7909,2077,0.96456,0.99614,0.99327,0.99904
F_gated_s2,F_gated,20,0,Q1_dimmest,181,5411,1924,0.61874,0.65697,0.66012,0.65385
F_gated_s2,F_gated,20,0,Q2,22,7210,2225,0.81733,0.88101,0.82296,0.94787
F_gated_s2,F_gated,20,0,Q3,4,6951,2027,0.87665,0.95716,0.92632,0.99013
F_gated_s2,F_gated,20,0,Q4_clearest,1,4693,1197,0.94404,0.99336,0.98763,0.99916
F_gated_s2,F_gated,20,20,Q1_dimmest,169,5411,1924,0.621,0.66451,0.68759,0.64293
F_gated_s2,F_gated,20,20,Q2,19,7210,2225,0.8206,0.88948,0.8443,0.93978
F_gated_s2,F_gated,20,20,Q3,4,6951,2027,0.87832,0.96127,0.93448,0.98964
F_gated_s2,F_gated,20,20,Q4_clearest,1,4693,1197,0.94433,0.99452,0.98992,0.99916
G_focal_s0,G_focal,01,0,Q1_dimmest,179,4597,1791,0.54327,0.54323,0.57361,0.51591
G_focal_s0,G_focal,01,0,Q2,44,6946,2500,0.7676,0.82842,0.79463,0.8652
G_focal_s0,G_focal,01,0,Q3,13,8473,2538,0.85066,0.95214,0.94804,0.95626
G_focal_s0,G_focal,01,0,Q4_clearest,4,9424,2483,0.92321,0.98826,0.9858,0.99074
G_focal_s0,G_focal,01,20,Q1_dimmest,159,4597,1791,0.54135,0.54208,0.59073,0.50084
G_focal_s0,G_focal,01,20,Q2,42,6946,2500,0.76698,0.82665,0.80276,0.852
G_focal_s0,G_focal,01,20,Q3,13,8473,2538,0.85081,0.95379,0.9525,0.95508
G_focal_s0,G_focal,01,20,Q4_clearest,3,9424,2483,0.92305,0.98806,0.9858,0.99033
G_focal_s0,G_focal,02,0,Q1_dimmest,211,5691,1790,0.48092,0.48343,0.53854,0.43855
G_focal_s0,G_focal,02,0,Q2,39,6606,1861,0.78357,0.79173,0.74796,0.84095
G_focal_s0,G_focal,02,0,Q3,7,8662,2260,0.89825,0.9601,0.94009,0.98097
G_focal_s0,G_focal,02,0,Q4_clearest,2,12831,3378,0.96364,0.99224,0.98749,0.99704
G_focal_s0,G_focal,02,20,Q1_dimmest,183,5691,1790,0.47263,0.46521,0.54948,0.40335
G_focal_s0,G_focal,02,20,Q2,33,6606,1861,0.77939,0.78002,0.75331,0.8087
G_focal_s0,G_focal,02,20,Q3,6,8662,2260,0.89795,0.95942,0.94001,0.97965
G_focal_s0,G_focal,02,20,Q4_clearest,2,12831,3378,0.96364,0.99224,0.98749,0.99704
G_focal_s0,G_focal,03,0,Q1_dimmest,224,10358,3377,0.49172,0.49703,0.58504,0.43204
G_focal_s0,G_focal,03,0,Q2,30,9353,2708,0.81302,0.8519,0.8432,0.86078
G_focal_s0,G_focal,03,0,Q3,9,8095,2089,0.92828,0.96948,0.972,0.96697
G_focal_s0,G_focal,03,0,Q4_clearest,0,5087,1047,0.98727,0.99952,1.0,0.99904
G_focal_s0,G_focal,03,20,Q1_dimmest,199,10358,3377,0.49017,0.49454,0.60512,0.41812
G_focal_s0,G_focal,03,20,Q2,26,9353,2708,0.81261,0.85044,0.84642,0.85451
G_focal_s0,G_focal,03,20,Q3,9,8095,2089,0.92845,0.97016,0.97336,0.96697
G_focal_s0,G_focal,03,20,Q4_clearest,0,5087,1047,0.98727,0.99952,1.0,0.99904
G_focal_s0,G_focal,04,0,Q1_dimmest,200,7750,3035,0.47308,0.44954,0.61511,0.3542
G_focal_s0,G_focal,04,0,Q2,29,6017,1865,0.79567,0.81893,0.80711,0.8311
G_focal_s0,G_focal,04,0,Q3,6,6293,1680,0.90566,0.96023,0.95505,0.96548
G_focal_s0,G_focal,04,0,Q4_clearest,1,10294,2346,0.97608,0.99244,0.98958,0.99531
G_focal_s0,G_focal,04,20,Q1_dimmest,175,7750,3035,0.46972,0.44125,0.63745,0.3374
G_focal_s0,G_focal,04,20,Q2,20,6017,1865,0.79372,0.81202,0.80959,0.81448
G_focal_s0,G_focal,04,20,Q3,6,6293,1680,0.90498,0.95682,0.95471,0.95893
G_focal_s0,G_focal,04,20,Q4_clearest,1,10294,2346,0.97654,0.99431,0.9933,0.99531
G_focal_s0,G_focal,05,0,Q1_dimmest,253,9685,3539,0.47882,0.42492,0.59091,0.33173
G_focal_s0,G_focal,05,0,Q2,19,7440,2198,0.84286,0.85821,0.84901,0.86761
G_focal_s0,G_focal,05,0,Q3,2,7606,2186,0.93809,0.98347,0.98022,0.98673
G_focal_s0,G_focal,05,0,Q4_clearest,0,6179,1663,0.97505,0.99656,0.99492,0.9982
G_focal_s0,G_focal,05,20,Q1_dimmest,232,9685,3539,0.47582,0.41728,0.60101,0.31958
G_focal_s0,G_focal,05,20,Q2,18,7440,2198,0.84213,0.85695,0.85494,0.85896
G_focal_s0,G_focal,05,20,Q3,2,7606,2186,0.93786,0.98319,0.98194,0.98445
G_focal_s0,G_focal,05,20,Q4_clearest,0,6179,1663,0.97505,0.99656,0.99492,0.9982
G_focal_s0,G_focal,06,0,Q1_dimmest,282,10790,3981,0.49464,0.47226,0.65734,0.3685
G_focal_s0,G_focal,06,0,Q2,33,7933,2378,0.8173,0.82308,0.85836,0.79058
G_focal_s0,G_focal,06,0,Q3,1,7891,2229,0.93689,0.98139,0.97851,0.9843
G_focal_s0,G_focal,06,0,Q4_clearest,1,5502,1401,0.97433,0.99465,0.99717,0.99215
G_focal_s0,G_focal,06,20,Q1_dimmest,246,10790,3981,0.49173,0.4651,0.68182,0.35293
G_focal_s0,G_focal,06,20,Q2,28,7933,2378,0.81438,0.81463,0.86852,0.76703
G_focal_s0,G_focal,06,20,Q3,0,7891,2229,0.93601,0.97931,0.97926,0.97936
G_focal_s0,G_focal,06,20,Q4_clearest,1,5502,1401,0.97415,0.99429,0.99716,0.99143
G_focal_s0,G_focal,07,0,Q1_dimmest,215,8316,2808,0.46799,0.44625,0.65264,0.33903
G_focal_s0,G_focal,07,0,Q2,36,7149,2172,0.80874,0.8207,0.84026,0.80203
G_focal_s0,G_focal,07,0,Q3,6,7254,1955,0.91744,0.96496,0.95865,0.97136
G_focal_s0,G_focal,07,0,Q4_clearest,0,7433,2033,0.97142,0.99515,0.99472,0.99557
G_focal_s0,G_focal,07,20,Q1_dimmest,195,8316,2808,0.46179,0.43096,0.65308,0.32158
G_focal_s0,G_focal,07,20,Q2,32,7149,2172,0.80854,0.82122,0.85547,0.78959
G_focal_s0,G_focal,07,20,Q3,5,7254,1955,0.91783,0.9664,0.96249,0.97033
G_focal_s0,G_focal,07,20,Q4_clearest,0,7433,2033,0.97142,0.99515,0.99472,0.99557
G_focal_s0,G_focal,08,0,Q1_dimmest,253,9976,3245,0.50987,0.49798,0.63808,0.40832
G_focal_s0,G_focal,08,0,Q2,29,8461,2479,0.84413,0.85875,0.84577,0.87213
G_focal_s0,G_focal,08,0,Q3,3,6640,1970,0.93563,0.9785,0.97781,0.97919
G_focal_s0,G_focal,08,0,Q4_clearest,0,3312,891,0.97595,0.99221,0.99452,0.9899
G_focal_s0,G_focal,08,20,Q1_dimmest,227,9976,3245,0.50859,0.49609,0.6674,0.39476
G_focal_s0,G_focal,08,20,Q2,28,8461,2479,0.84444,0.86012,0.8582,0.86204
G_focal_s0,G_focal,08,20,Q3,2,6640,1970,0.93532,0.97795,0.97824,0.97766
G_focal_s0,G_focal,08,20,Q4_clearest,0,3312,891,0.97565,0.99164,0.99452,0.98878
G_focal_s0,G_focal,09,0,Q1_dimmest,234,9368,3406,0.5339,0.5421,0.68411,0.44891
G_focal_s0,G_focal,09,0,Q2,19,7639,2383,0.83717,0.88607,0.86433,0.90894
G_focal_s0,G_focal,09,0,Q3,6,6249,1936,0.91496,0.96567,0.97544,0.9561
G_focal_s0,G_focal,09,0,Q4_clearest,1,3485,1001,0.96104,0.97648,1.0,0.95405
G_focal_s0,G_focal,09,20,Q1_dimmest,215,9368,3406,0.52938,0.53391,0.69599,0.43306
G_focal_s0,G_focal,09,20,Q2,18,7639,2383,0.83615,0.8839,0.86592,0.90264
G_focal_s0,G_focal,09,20,Q3,3,6249,1936,0.91426,0.96509,0.97641,0.95403
G_focal_s0,G_focal,09,20,Q4_clearest,1,3485,1001,0.95803,0.97333,1.0,0.94805
G_focal_s0,G_focal,10,0,Q1_dimmest,257,7560,3177,0.52101,0.50457,0.5603,0.45892
G_focal_s0,G_focal,10,0,Q2,35,6756,2369,0.80117,0.81458,0.77213,0.86197
G_focal_s0,G_focal,10,0,Q3,2,6741,2035,0.90529,0.96435,0.94206,0.98771
G_focal_s0,G_focal,10,0,Q4_clearest,1,6099,1556,0.96082,0.99483,0.99224,0.99743
G_focal_s0,G_focal,10,20,Q1_dimmest,234,7560,3177,0.51801,0.49604,0.56836,0.44004
G_focal_s0,G_focal,10,20,Q2,33,6756,2369,0.79921,0.81002,0.77351,0.85015
G_focal_s0,G_focal,10,20,Q3,2,6741,2035,0.90532,0.96526,0.94515,0.98624
G_focal_s0,G_focal,10,20,Q4_clearest,1,6099,1556,0.96105,0.9958,0.99417,0.99743
G_focal_s0,G_focal,11,0,Q1_dimmest,285,6386,2930,0.4502,0.4065,0.53173,0.32901
G_focal_s0,G_focal,11,0,Q2,53,5601,2186,0.76628,0.74427,0.73187,0.75709
G_focal_s0,G_focal,11,0,Q3,9,6593,2129,0.85583,0.91426,0.88791,0.94223
G_focal_s0,G_focal,11,0,Q4_clearest,1,10959,3211,0.94037,0.98495,0.9736,0.99657
G_focal_s0,G_focal,11,20,Q1_dimmest,264,6386,2930,0.44597,0.39539,0.53875,0.31229
G_focal_s0,G_focal,11,20,Q2,49,5601,2186,0.76382,0.74019,0.73569,0.74474
G_focal_s0,G_focal,11,20,Q3,9,6593,2129,0.85627,0.91459,0.89147,0.93894
G_focal_s0,G_focal,11,20,Q4_clearest,1,10959,3211,0.94064,0.98587,0.97568,0.99626
G_focal_s0,G_focal,12,0,Q1_dimmest,187,6741,2151,0.54549,0.57012,0.68245,0.48954
G_focal_s0,G_focal,12,0,Q2,31,7686,2661,0.79946,0.83143,0.81223,0.85156
G_focal_s0,G_focal,12,0,Q3,5,7976,2374,0.89074,0.95344,0.94212,0.96504
G_focal_s0,G_focal,12,0,Q4_clearest,4,6087,1526,0.95294,0.99009,0.98936,0.99083
G_focal_s0,G_focal,12,20,Q1_dimmest,170,6741,2151,0.54774,0.57778,0.72189,0.48164
G_focal_s0,G_focal,12,20,Q2,28,7686,2661,0.79734,0.82584,0.8147,0.83728
G_focal_s0,G_focal,12,20,Q3,4,7976,2374,0.89011,0.95228,0.94308,0.96167
G_focal_s0,G_focal,12,20,Q4_clearest,4,6087,1526,0.95294,0.99009,0.98936,0.99083
G_focal_s0,G_focal,13,0,Q1_dimmest,241,8947,3161,0.50739,0.48694,0.60773,0.4062
G_focal_s0,G_focal,13,0,Q2,54,7970,2798,0.79959,0.80205,0.78997,0.81451
G_focal_s0,G_focal,13,0,Q3,5,7295,2120,0.90761,0.95934,0.95227,0.96651
G_focal_s0,G_focal,13,0,Q4_clearest,0,8047,2107,0.97589,0.99906,0.99812,1.0
G_focal_s0,G_focal,13,20,Q1_dimmest,217,8947,3161,0.50373,0.47847,0.61949,0.38975
G_focal_s0,G_focal,13,20,Q2,47,7970,2798,0.7968,0.79529,0.79324,0.79736
G_focal_s0,G_focal,13,20,Q3,4,7295,2120,0.90738,0.95837,0.95265,0.96415
G_focal_s0,G_focal,13,20,Q4_clearest,0,8047,2107,0.97589,0.99906,0.99812,1.0
G_focal_s0,G_focal,14,0,Q1_dimmest,165,4886,1623,0.50006,0.50698,0.50146,0.51263
G_focal_s0,G_focal,14,0,Q2,48,6453,2243,0.76751,0.77413,0.70235,0.86224
G_focal_s0,G_focal,14,0,Q3,4,8104,2470,0.87382,0.94897,0.91165,0.98947
G_focal_s0,G_focal,14,0,Q4_clearest,0,7234,2022,0.95032,0.99369,0.98746,1.0
G_focal_s0,G_focal,14,20,Q1_dimmest,146,4886,1623,0.50132,0.5123,0.52421,0.50092
G_focal_s0,G_focal,14,20,Q2,45,6453,2243,0.76883,0.77648,0.71421,0.85065
G_focal_s0,G_focal,14,20,Q3,4,8104,2470,0.87411,0.94875,0.91227,0.98826
G_focal_s0,G_focal,14,20,Q4_clearest,0,7234,2022,0.95032,0.99369,0.98746,1.0
G_focal_s0,G_focal,15,0,Q1_dimmest,132,4357,1638,0.51288,0.50567,0.47195,0.54457
G_focal_s0,G_focal,15,0,Q2,18,5141,1751,0.75358,0.79474,0.70114,0.91719
G_focal_s0,G_focal,15,0,Q3,1,6066,1760,0.83539,0.92683,0.86663,0.99602
G_focal_s0,G_focal,15,0,Q4_clearest,0,8050,2502,0.93106,0.98559,0.97158,1.0
G_focal_s0,G_focal,15,20,Q1_dimmest,120,4357,1638,0.51389,0.50837,0.48852,0.52991
G_focal_s0,G_focal,15,20,Q2,16,5141,1751,0.75437,0.79455,0.70592,0.90862
G_focal_s0,G_focal,15,20,Q3,1,6066,1760,0.83641,0.93071,0.87388,0.99545
G_focal_s0,G_focal,15,20,Q4_clearest,0,8050,2502,0.93171,0.98655,0.97345,1.0
G_focal_s0,G_focal,16,0,Q1_dimmest,226,6445,1959,0.58853,0.6264,0.75552,0.53497
G_focal_s0,G_focal,16,0,Q2,43,6977,2256,0.84126,0.88841,0.9104,0.86746
G_focal_s0,G_focal,16,0,Q3,1,7630,2131,0.89756,0.9655,0.94461,0.98733
G_focal_s0,G_focal,16,0,Q4_clearest,1,8739,2466,0.9425,0.99037,0.9813,0.99959
G_focal_s0,G_focal,16,20,Q1_dimmest,200,6445,1959,0.58423,0.6203,0.77727,0.51608
G_focal_s0,G_focal,16,20,Q2,35,6977,2256,0.83824,0.88177,0.91891,0.84752
G_focal_s0,G_focal,16,20,Q3,1,7630,2131,0.89785,0.96686,0.94896,0.98545
G_focal_s0,G_focal,16,20,Q4_clearest,1,8739,2466,0.9426,0.99037,0.9813,0.99959
G_focal_s0,G_focal,17,0,Q1_dimmest,208,7862,2585,0.56879,0.58731,0.77728,0.47195
G_focal_s0,G_focal,17,0,Q2,26,7104,2140,0.84092,0.87544,0.88965,0.86168
G_focal_s0,G_focal,17,0,Q3,1,7222,1826,0.9087,0.97847,0.97885,0.97809
G_focal_s0,G_focal,17,0,Q4_clearest,2,5664,1433,0.92645,0.99064,0.99175,0.98953
G_focal_s0,G_focal,17,20,Q1_dimmest,195,7862,2585,0.56691,0.58511,0.78891,0.46499
G_focal_s0,G_focal,17,20,Q2,25,7104,2140,0.84093,0.87737,0.90445,0.85187
G_focal_s0,G_focal,17,20,Q3,1,7222,1826,0.90884,0.97947,0.98196,0.977
G_focal_s0,G_focal,17,20,Q4_clearest,1,5664,1433,0.92675,0.992,0.99449,0.98953
G_focal_s0,G_focal,18,0,Q1_dimmest,160,4966,1759,0.61986,0.63192,0.73684,0.55316
G_focal_s0,G_focal,18,0,Q2,34,6044,1968,0.80746,0.87706,0.88171,0.87246
G_focal_s0,G_focal,18,0,Q3,5,7429,2081,0.8483,0.96316,0.95481,0.97165
G_focal_s0,G_focal,18,0,Q4_clearest,3,7705,1851,0.89833,0.987,0.97951,0.9946
G_focal_s0,G_focal,18,20,Q1_dimmest,153,4966,1759,0.6211,0.63974,0.77054,0.5469
G_focal_s0,G_focal,18,20,Q2,27,6044,1968,0.80517,0.87541,0.89056,0.86077
G_focal_s0,G_focal,18,20,Q3,3,7429,2081,0.8481,0.96447,0.96069,0.96828
G_focal_s0,G_focal,18,20,Q4_clearest,3,7705,1851,0.89848,0.98776,0.98102,0.9946
G_focal_s0,G_focal,19,0,Q1_dimmest,120,3731,1722,0.63431,0.67305,0.68885,0.65796
G_focal_s0,G_focal,19,0,Q2,30,6957,2067,0.77662,0.84528,0.78062,0.92163
G_focal_s0,G_focal,19,0,Q3,0,8771,2610,0.88728,0.97179,0.95066,0.99387
G_focal_s0,G_focal,19,0,Q4_clearest,0,7909,2077,0.96245,0.99638,0.99374,0.99904
G_focal_s0,G_focal,19,20,Q1_dimmest,112,3731,1722,0.63449,0.67547,0.71014,0.64402
G_focal_s0,G_focal,19,20,Q2,28,6957,2067,0.77987,0.85344,0.79792,0.91727
G_focal_s0,G_focal,19,20,Q3,0,8771,2610,0.88728,0.97197,0.95207,0.99272
G_focal_s0,G_focal,19,20,Q4_clearest,0,7909,2077,0.96245,0.99638,0.99374,0.99904
G_focal_s0,G_focal,20,0,Q1_dimmest,174,5411,1924,0.62197,0.65805,0.65247,0.66372
G_focal_s0,G_focal,20,0,Q2,19,7210,2225,0.80424,0.87276,0.81132,0.94427
G_focal_s0,G_focal,20,0,Q3,5,6951,2027,0.86872,0.95671,0.92851,0.98668
G_focal_s0,G_focal,20,0,Q4_clearest,0,4693,1197,0.94024,0.98719,0.97549,0.99916
G_focal_s0,G_focal,20,20,Q1_dimmest,162,5411,1924,0.62259,0.66017,0.6688,0.65177
G_focal_s0,G_focal,20,20,Q2,17,7210,2225,0.80518,0.87589,0.82464,0.93393
G_focal_s0,G_focal,20,20,Q3,4,6951,2027,0.86962,0.9599,0.93543,0.98569
G_focal_s0,G_focal,20,20,Q4_clearest,1,4693,1197,0.93971,0.98867,0.98161,0.99582
G_focal_s1,G_focal,01,0,Q1_dimmest,157,4597,1791,0.59323,0.56976,0.54688,0.59464
G_focal_s1,G_focal,01,0,Q2,39,6946,2500,0.75777,0.83698,0.781,0.9016
G_focal_s1,G_focal,01,0,Q3,5,8473,2538,0.84765,0.96107,0.94186,0.98109
G_focal_s1,G_focal,01,0,Q4_clearest,2,9424,2483,0.9208,0.98834,0.97966,0.99718
G_focal_s1,G_focal,01,20,Q1_dimmest,150,4597,1791,0.59691,0.58093,0.57356,0.5885
G_focal_s1,G_focal,01,20,Q2,40,6946,2500,0.75815,0.83731,0.78584,0.896
G_focal_s1,G_focal,01,20,Q3,5,8473,2538,0.84881,0.96508,0.94996,0.98069
G_focal_s1,G_focal,01,20,Q4_clearest,2,9424,2483,0.92098,0.98834,0.97966,0.99718
G_focal_s1,G_focal,02,0,Q1_dimmest,192,5691,1790,0.52615,0.50951,0.49628,0.52346
G_focal_s1,G_focal,02,0,Q2,31,6606,1861,0.78197,0.79125,0.72191,0.87534
G_focal_s1,G_focal,02,0,Q3,3,8662,2260,0.88457,0.95638,0.92551,0.98938
G_focal_s1,G_focal,02,0,Q4_clearest,0,12831,3378,0.95975,0.99389,0.98785,1.0
G_focal_s1,G_focal,02,20,Q1_dimmest,176,5691,1790,0.52674,0.51004,0.51869,0.50168
G_focal_s1,G_focal,02,20,Q2,28,6606,1861,0.78059,0.78433,0.72802,0.85008
G_focal_s1,G_focal,02,20,Q3,3,8662,2260,0.88524,0.95807,0.92906,0.98894
G_focal_s1,G_focal,02,20,Q4_clearest,0,12831,3378,0.95975,0.99389,0.98785,1.0
G_focal_s1,G_focal,03,0,Q1_dimmest,230,10358,3377,0.52826,0.51113,0.58234,0.45543
G_focal_s1,G_focal,03,0,Q2,21,9353,2708,0.81708,0.86136,0.8459,0.8774
G_focal_s1,G_focal,03,0,Q3,2,8095,2089,0.92796,0.97457,0.96838,0.98085
G_focal_s1,G_focal,03,0,Q4_clearest,0,5087,1047,0.98709,0.99821,0.99738,0.99904
G_focal_s1,G_focal,03,20,Q1_dimmest,195,10358,3377,0.52604,0.50925,0.61055,0.43678
G_focal_s1,G_focal,03,20,Q2,18,9353,2708,0.81696,0.8614,0.8519,0.87112
G_focal_s1,G_focal,03,20,Q3,2,8095,2089,0.92823,0.97547,0.97016,0.98085
G_focal_s1,G_focal,03,20,Q4_clearest,0,5087,1047,0.98709,0.99821,0.99738,0.99904
G_focal_s1,G_focal,04,0,Q1_dimmest,169,7750,3035,0.52659,0.4836,0.59309,0.40824
G_focal_s1,G_focal,04,0,Q2,21,6017,1865,0.79599,0.83763,0.80737,0.87024
G_focal_s1,G_focal,04,0,Q3,3,6293,1680,0.90146,0.96254,0.94646,0.97917
G_focal_s1,G_focal,04,0,Q4_clearest,0,10294,2346,0.97082,0.9904,0.9818,0.99915
G_focal_s1,G_focal,04,20,Q1_dimmest,162,7750,3035,0.52586,0.48311,0.60604,0.40165
G_focal_s1,G_focal,04,20,Q2,17,6017,1865,0.79466,0.83328,0.81242,0.85523
G_focal_s1,G_focal,04,20,Q3,3,6293,1680,0.90206,0.96458,0.95042,0.97917
G_focal_s1,G_focal,04,20,Q4_clearest,0,10294,2346,0.97114,0.99143,0.98383,0.99915
G_focal_s1,G_focal,05,0,Q1_dimmest,248,9685,3539,0.51538,0.43944,0.59001,0.3501
G_focal_s1,G_focal,05,0,Q2,9,7440,2198,0.84491,0.85971,0.83633,0.88444
G_focal_s1,G_focal,05,0,Q3,2,7606,2186,0.93124,0.98433,0.97744,0.99131
G_focal_s1,G_focal,05,0,Q4_clearest,0,6179,1663,0.97436,0.99768,0.99716,0.9982
G_focal_s1,G_focal,05,20,Q1_dimmest,233,9685,3539,0.51345,0.43597,0.59969,0.34247
G_focal_s1,G_focal,05,20,Q2,8,7440,2198,0.84592,0.86168,0.84463,0.87944
G_focal_s1,G_focal,05,20,Q3,2,7606,2186,0.93123,0.9841,0.97743,0.99085
G_focal_s1,G_focal,05,20,Q4_clearest,0,6179,1663,0.97436,0.99768,0.99716,0.9982
G_focal_s1,G_focal,06,0,Q1_dimmest,284,10790,3981,0.53693,0.50822,0.65742,0.41422
G_focal_s1,G_focal,06,0,Q2,32,7933,2378,0.83318,0.8453,0.8588,0.83221
G_focal_s1,G_focal,06,0,Q3,2,7891,2229,0.93986,0.98476,0.9777,0.99192
G_focal_s1,G_focal,06,0,Q4_clearest,0,5502,1401,0.97986,0.99965,0.9993,1.0
G_focal_s1,G_focal,06,20,Q1_dimmest,259,10790,3981,0.5344,0.50304,0.67934,0.3994
G_focal_s1,G_focal,06,20,Q2,27,7933,2378,0.8319,0.84129,0.86371,0.82002
G_focal_s1,G_focal,06,20,Q3,1,7891,2229,0.93973,0.98431,0.97769,0.99103
G_focal_s1,G_focal,06,20,Q4_clearest,0,5502,1401,0.97986,0.99965,0.9993,1.0
G_focal_s1,G_focal,07,0,Q1_dimmest,172,8316,2808,0.51205,0.46787,0.60593,0.38105
G_focal_s1,G_focal,07,0,Q2,30,7149,2172,0.79828,0.81952,0.80876,0.83057
G_focal_s1,G_focal,07,0,Q3,6,7254,1955,0.90986,0.96653,0.95097,0.98261
G_focal_s1,G_focal,07,0,Q4_clearest,0,7433,2033,0.97069,0.99734,0.99616,0.99852
G_focal_s1,G_focal,07,20,Q1_dimmest,163,8316,2808,0.51313,0.46983,0.62489,0.37642
G_focal_s1,G_focal,07,20,Q2,29,7149,2172,0.79992,0.82548,0.82453,0.82643
G_focal_s1,G_focal,07,20,Q3,6,7254,1955,0.91031,0.96773,0.9533,0.98261
G_focal_s1,G_focal,07,20,Q4_clearest,0,7433,2033,0.97069,0.99734,0.99616,0.99852
G_focal_s1,G_focal,08,0,Q1_dimmest,248,9976,3245,0.56295,0.52944,0.6217,0.46102
G_focal_s1,G_focal,08,0,Q2,14,8461,2479,0.84315,0.876,0.85328,0.89996
G_focal_s1,G_focal,08,0,Q3,1,6640,1970,0.92513,0.97791,0.96723,0.98883
G_focal_s1,G_focal,08,0,Q4_clearest,0,3312,891,0.97448,0.99394,0.99238,0.99551
G_focal_s1,G_focal,08,20,Q1_dimmest,217,9976,3245,0.56117,0.52619,0.65562,0.43945
G_focal_s1,G_focal,08,20,Q2,11,8461,2479,0.8444,0.87786,0.86731,0.88866
G_focal_s1,G_focal,08,20,Q3,1,6640,1970,0.92565,0.97934,0.97003,0.98883
G_focal_s1,G_focal,08,20,Q4_clearest,0,3312,891,0.97448,0.99394,0.99238,0.99551
G_focal_s1,G_focal,09,0,Q1_dimmest,223,9368,3406,0.58017,0.56666,0.65332,0.50029
G_focal_s1,G_focal,09,0,Q2,23,7639,2383,0.82917,0.87709,0.83162,0.92782
G_focal_s1,G_focal,09,0,Q3,6,6249,1936,0.91934,0.97457,0.96732,0.98192
G_focal_s1,G_focal,09,0,Q4_clearest,1,3485,1001,0.96411,0.98272,1.0,0.96603
G_focal_s1,G_focal,09,20,Q1_dimmest,204,9368,3406,0.57824,0.56312,0.66455,0.48855
G_focal_s1,G_focal,09,20,Q2,22,7639,2383,0.8289,0.87657,0.83408,0.92363
G_focal_s1,G_focal,09,20,Q3,6,6249,1936,0.91924,0.97482,0.96783,0.98192
G_focal_s1,G_focal,09,20,Q4_clearest,1,3485,1001,0.96351,0.98169,1.0,0.96404
G_focal_s1,G_focal,10,0,Q1_dimmest,226,7560,3177,0.55575,0.50886,0.56386,0.46364
G_focal_s1,G_focal,10,0,Q2,30,6756,2369,0.7975,0.82085,0.77331,0.87463
G_focal_s1,G_focal,10,0,Q3,1,6741,2035,0.89916,0.96642,0.9398,0.99459
G_focal_s1,G_focal,10,0,Q4_clearest,0,6099,1556,0.95715,0.99315,0.98701,0.99936
G_focal_s1,G_focal,10,20,Q1_dimmest,215,7560,3177,0.55489,0.50686,0.57383,0.45389
G_focal_s1,G_focal,10,20,Q2,29,6756,2369,0.79758,0.82107,0.77535,0.87252
G_focal_s1,G_focal,10,20,Q3,1,6741,2035,0.90023,0.97023,0.94747,0.9941
G_focal_s1,G_focal,10,20,Q4_clearest,0,6099,1556,0.95715,0.99315,0.98701,0.99936
G_focal_s1,G_focal,11,0,Q1_dimmest,274,6386,2930,0.49559,0.44548,0.51443,0.39283
G_focal_s1,G_focal,11,0,Q2,37,5601,2186,0.75674,0.75624,0.69691,0.82662
G_focal_s1,G_focal,11,0,Q3,7,6593,2129,0.83912,0.92252,0.87683,0.97323
G_focal_s1,G_focal,11,0,Q4_clearest,0,10959,3211,0.93362,0.98146,0.96476,0.99875
G_focal_s1,G_focal,11,20,Q1_dimmest,241,6386,2930,0.4903,0.4331,0.52917,0.36655
G_focal_s1,G_focal,11,20,Q2,29,5601,2186,0.75406,0.74835,0.7029,0.80009
G_focal_s1,G_focal,11,20,Q3,5,6593,2129,0.83902,0.9225,0.88065,0.96853
G_focal_s1,G_focal,11,20,Q4_clearest,0,10959,3211,0.9339,0.98206,0.96592,0.99875
G_focal_s1,G_focal,12,0,Q1_dimmest,176,6741,2151,0.60148,0.59779,0.64635,0.55602
G_focal_s1,G_focal,12,0,Q2,38,7686,2661,0.80216,0.84809,0.81541,0.8835
G_focal_s1,G_focal,12,0,Q3,3,7976,2374,0.88315,0.96217,0.94052,0.98484
G_focal_s1,G_focal,12,0,Q4_clearest,0,6087,1526,0.95182,0.9921,0.98623,0.99803
G_focal_s1,G_focal,12,20,Q1_dimmest,164,6741,2151,0.60271,0.60347,0.67982,0.54254
G_focal_s1,G_focal,12,20,Q2,34,7686,2661,0.80257,0.85003,0.82457,0.87711
G_focal_s1,G_focal,12,20,Q3,3,7976,2374,0.88354,0.96274,0.94162,0.98484
G_focal_s1,G_focal,12,20,Q4_clearest,0,6087,1526,0.95182,0.9921,0.98623,0.99803
G_focal_s1,G_focal,13,0,Q1_dimmest,224,8947,3161,0.56002,0.51803,0.55427,0.48624
G_focal_s1,G_focal,13,0,Q2,35,7970,2798,0.7932,0.81094,0.75729,0.87277
G_focal_s1,G_focal,13,0,Q3,5,7295,2120,0.90104,0.95816,0.93496,0.98255
G_focal_s1,G_focal,13,0,Q4_clearest,0,8047,2107,0.97344,0.99931,0.99861,1.0
G_focal_s1,G_focal,13,20,Q1_dimmest,190,8947,3161,0.55769,0.51344,0.57502,0.46378
G_focal_s1,G_focal,13,20,Q2,31,7970,2798,0.79092,0.80684,0.76361,0.85525
G_focal_s1,G_focal,13,20,Q3,4,7295,2120,0.90131,0.95926,0.93921,0.98019
G_focal_s1,G_focal,13,20,Q4_clearest,0,8047,2107,0.97344,0.99931,0.99861,1.0
G_focal_s1,G_focal,14,0,Q1_dimmest,162,4886,1623,0.52577,0.50383,0.45826,0.55946
G_focal_s1,G_focal,14,0,Q2,37,6453,2243,0.76098,0.79181,0.70759,0.8988
G_focal_s1,G_focal,14,0,Q3,2,8104,2470,0.86068,0.94249,0.89611,0.99393
G_focal_s1,G_focal,14,0,Q4_clearest,0,7234,2022,0.94611,0.99317,0.98643,1.0
G_focal_s1,G_focal,14,20,Q1_dimmest,152,4886,1623,0.53114,0.51979,0.49811,0.54344
G_focal_s1,G_focal,14,20,Q2,34,6453,2243,0.76159,0.79364,0.71676,0.88899
G_focal_s1,G_focal,14,20,Q3,2,8104,2470,0.86075,0.94286,0.89712,0.99352
G_focal_s1,G_focal,14,20,Q4_clearest,0,7234,2022,0.94629,0.99365,0.98738,1.0
G_focal_s1,G_focal,15,0,Q1_dimmest,139,4357,1638,0.5193,0.50641,0.4849,0.52991
G_focal_s1,G_focal,15,0,Q2,11,5141,1751,0.73197,0.79044,0.69612,0.91433
G_focal_s1,G_focal,15,0,Q3,2,6066,1760,0.81228,0.92053,0.85526,0.99659
G_focal_s1,G_focal,15,0,Q4_clearest,0,8050,2502,0.92094,0.97805,0.95703,1.0
G_focal_s1,G_focal,15,20,Q1_dimmest,134,4357,1638,0.52345,0.51666,0.51028,0.5232
G_focal_s1,G_focal,15,20,Q2,12,5141,1751,0.73583,0.79939,0.71395,0.90805
G_focal_s1,G_focal,15,20,Q3,2,6066,1760,0.81341,0.9222,0.85941,0.99489
G_focal_s1,G_focal,15,20,Q4_clearest,0,8050,2502,0.92131,0.97919,0.95922,1.0
G_focal_s1,G_focal,16,0,Q1_dimmest,193,6445,1959,0.65252,0.67246,0.72591,0.62634
G_focal_s1,G_focal,16,0,Q2,27,6977,2256,0.83084,0.89293,0.88359,0.90248
G_focal_s1,G_focal,16,0,Q3,1,7630,2131,0.88001,0.95932,0.93035,0.99015
G_focal_s1,G_focal,16,0,Q4_clearest,2,8739,2466,0.93266,0.98236,0.96875,0.99635
G_focal_s1,G_focal,16,20,Q1_dimmest,181,6445,1959,0.65318,0.67874,0.7502,0.6197
G_focal_s1,G_focal,16,20,Q2,24,6977,2256,0.83313,0.9004,0.9041,0.89672
G_focal_s1,G_focal,16,20,Q3,1,7630,2131,0.88012,0.9601,0.93223,0.98968
G_focal_s1,G_focal,16,20,Q4_clearest,2,8739,2466,0.93291,0.98336,0.97069,0.99635
G_focal_s1,G_focal,17,0,Q1_dimmest,225,7862,2585,0.62216,0.62537,0.72722,0.54855
G_focal_s1,G_focal,17,0,Q2,24,7104,2140,0.83852,0.89156,0.87576,0.90794
G_focal_s1,G_focal,17,0,Q3,4,7222,1826,0.89564,0.97385,0.95911,0.98905
G_focal_s1,G_focal,17,0,Q4_clearest,1,5664,1433,0.9255,0.99081,0.9845,0.99721
G_focal_s1,G_focal,17,20,Q1_dimmest,201,7862,2585,0.61902,0.62067,0.75427,0.52727
G_focal_s1,G_focal,17,20,Q2,23,7104,2140,0.83741,0.89133,0.8883,0.89439
G_focal_s1,G_focal,17,20,Q3,3,7222,1826,0.89591,0.97508,0.96203,0.9885
G_focal_s1,G_focal,17,20,Q4_clearest,1,5664,1433,0.92618,0.99317,0.98917,0.99721
G_focal_s1,G_focal,18,0,Q1_dimmest,147,4966,1759,0.6577,0.67867,0.7082,0.65151
G_focal_s1,G_focal,18,0,Q2,27,6044,1968,0.80117,0.8904,0.86155,0.92124
G_focal_s1,G_focal,18,0,Q3,3,7429,2081,0.83547,0.96797,0.94306,0.99423
G_focal_s1,G_focal,18,0,Q4_clearest,0,7705,1851,0.89221,0.98456,0.97112,0.99838
G_focal_s1,G_focal,18,20,Q1_dimmest,139,4966,1759,0.65986,0.68388,0.72527,0.64696
G_focal_s1,G_focal,18,20,Q2,26,6044,1968,0.8012,0.89042,0.86563,0.91667
G_focal_s1,G_focal,18,20,Q3,3,7429,2081,0.8359,0.96928,0.94554,0.99423
G_focal_s1,G_focal,18,20,Q4_clearest,0,7705,1851,0.89221,0.98456,0.97112,0.99838
G_focal_s1,G_focal,19,0,Q1_dimmest,109,3731,1722,0.62536,0.66885,0.66641,0.67131
G_focal_s1,G_focal,19,0,Q2,28,6957,2067,0.76688,0.85146,0.77749,0.94098
G_focal_s1,G_focal,19,0,Q3,2,8771,2610,0.8751,0.97008,0.9495,0.99157
G_focal_s1,G_focal,19,0,Q4_clearest,0,7909,2077,0.96005,0.99639,0.99375,0.99904
G_focal_s1,G_focal,19,20,Q1_dimmest,100,3731,1722,0.62238,0.6669,0.68425,0.65041
G_focal_s1,G_focal,19,20,Q2,26,6957,2067,0.7698,0.86194,0.79585,0.94001
G_focal_s1,G_focal,19,20,Q3,2,8771,2610,0.87642,0.97372,0.9565,0.99157
G_focal_s1,G_focal,19,20,Q4_clearest,0,7909,2077,0.96005,0.99639,0.99375,0.99904
G_focal_s1,G_focal,20,0,Q1_dimmest,140,5411,1924,0.64712,0.66129,0.60674,0.72661
G_focal_s1,G_focal,20,0,Q2,10,7210,2225,0.79097,0.86607,0.78888,0.96
G_focal_s1,G_focal,20,0,Q3,4,6951,2027,0.85333,0.95172,0.91617,0.99013
G_focal_s1,G_focal,20,0,Q4_clearest,0,4693,1197,0.93547,0.98277,0.96612,1.0
G_focal_s1,G_focal,20,20,Q1_dimmest,136,5411,1924,0.6522,0.67511,0.63642,0.71881
G_focal_s1,G_focal,20,20,Q2,10,7210,2225,0.79301,0.87279,0.80104,0.95865
G_focal_s1,G_focal,20,20,Q3,4,6951,2027,0.85567,0.95789,0.92767,0.99013
G_focal_s1,G_focal,20,20,Q4_clearest,0,4693,1197,0.93547,0.98277,0.96612,1.0
G_focal_s2,G_focal,01,0,Q1_dimmest,184,4597,1791,0.53581,0.53805,0.55009,0.52652
G_focal_s2,G_focal,01,0,Q2,42,6946,2500,0.77342,0.8294,0.78463,0.8796
G_focal_s2,G_focal,01,0,Q3,9,8473,2538,0.86172,0.95461,0.94526,0.96414
G_focal_s2,G_focal,01,0,Q4_clearest,2,9424,2483,0.92994,0.98999,0.9837,0.99638
G_focal_s2,G_focal,01,20,Q1_dimmest,171,4597,1791,0.53832,0.546,0.57771,0.51759
G_focal_s2,G_focal,01,20,Q2,41,6946,2500,0.77336,0.829,0.78938,0.8728
G_focal_s2,G_focal,01,20,Q3,9,8473,2538,0.86202,0.95594,0.94787,0.96414
G_focal_s2,G_focal,01,20,Q4_clearest,2,9424,2483,0.93035,0.99135,0.98638,0.99638
G_focal_s2,G_focal,02,0,Q1_dimmest,216,5691,1790,0.45927,0.47412,0.51909,0.43631
G_focal_s2,G_focal,02,0,Q2,35,6606,1861,0.78704,0.78959,0.74331,0.84202
G_focal_s2,G_focal,02,0,Q3,4,8662,2260,0.90433,0.95807,0.9346,0.98274
G_focal_s2,G_focal,02,0,Q4_clearest,3,12831,3378,0.96478,0.99425,0.99119,0.99734
G_focal_s2,G_focal,02,20,Q1_dimmest,200,5691,1790,0.45748,0.47079,0.54378,0.41508
G_focal_s2,G_focal,02,20,Q2,33,6606,1861,0.78629,0.78719,0.74798,0.83074
G_focal_s2,G_focal,02,20,Q3,4,8662,2260,0.90476,0.96002,0.93833,0.98274
G_focal_s2,G_focal,02,20,Q4_clearest,3,12831,3378,0.96478,0.99425,0.99119,0.99734
G_focal_s2,G_focal,03,0,Q1_dimmest,243,10358,3377,0.48652,0.49754,0.57084,0.44092
G_focal_s2,G_focal,03,0,Q2,29,9353,2708,0.81792,0.86068,0.84458,0.8774
G_focal_s2,G_focal,03,0,Q3,6,8095,2089,0.93521,0.9741,0.97213,0.97607
G_focal_s2,G_focal,03,0,Q4_clearest,0,5087,1047,0.98861,0.99952,1.0,0.99904
G_focal_s2,G_focal,03,20,Q1_dimmest,222,10358,3377,0.48405,0.49365,0.58164,0.42878
G_focal_s2,G_focal,03,20,Q2,27,9353,2708,0.81745,0.85955,0.84723,0.87223
G_focal_s2,G_focal,03,20,Q3,6,8095,2089,0.93542,0.97495,0.97432,0.97559
G_focal_s2,G_focal,03,20,Q4_clearest,0,5087,1047,0.98861,0.99952,1.0,0.99904
G_focal_s2,G_focal,04,0,Q1_dimmest,210,7750,3035,0.47325,0.45446,0.60727,0.3631
G_focal_s2,G_focal,04,0,Q2,27,6017,1865,0.7929,0.82626,0.79594,0.85898
G_focal_s2,G_focal,04,0,Q3,2,6293,1680,0.91042,0.96794,0.95359,0.98274
G_focal_s2,G_focal,04,0,Q4_clearest,1,10294,2346,0.976,0.99347,0.99164,0.99531
G_focal_s2,G_focal,04,20,Q1_dimmest,195,7750,3035,0.47207,0.45153,0.62261,0.3542
G_focal_s2,G_focal,04,20,Q2,23,6017,1865,0.79183,0.82378,0.79925,0.84987
G_focal_s2,G_focal,04,20,Q3,1,6293,1680,0.91013,0.96821,0.95523,0.98155
G_focal_s2,G_focal,04,20,Q4_clearest,1,10294,2346,0.976,0.99347,0.99164,0.99531
G_focal_s2,G_focal,05,0,Q1_dimmest,251,9685,3539,0.47648,0.4479,0.61195,0.35321
G_focal_s2,G_focal,05,0,Q2,14,7440,2198,0.84142,0.85549,0.83119,0.88126
G_focal_s2,G_focal,05,0,Q3,1,7606,2186,0.94104,0.98321,0.97525,0.99131
G_focal_s2,G_focal,05,0,Q4_clearest,0,6179,1663,0.97843,0.99769,0.99719,0.9982
G_focal_s2,G_focal,05,20,Q1_dimmest,231,9685,3539,0.47202,0.43922,0.62138,0.33964
G_focal_s2,G_focal,05,20,Q2,11,7440,2198,0.84088,0.8544,0.83569,0.87398
G_focal_s2,G_focal,05,20,Q3,1,7606,2186,0.94132,0.98387,0.97744,0.99039
G_focal_s2,G_focal,05,20,Q4_clearest,0,6179,1663,0.97843,0.99769,0.99719,0.9982
G_focal_s2,G_focal,06,0,Q1_dimmest,301,10790,3981,0.46842,0.46339,0.64698,0.36096
G_focal_s2,G_focal,06,0,Q2,34,7933,2378,0.83062,0.83466,0.84939,0.82044
G_focal_s2,G_focal,06,0,Q3,2,7891,2229,0.94716,0.98373,0.97479,0.99282
G_focal_s2,G_focal,06,0,Q4_clearest,0,5502,1401,0.9808,0.99614,0.99371,0.99857
G_focal_s2,G_focal,06,20,Q1_dimmest,264,10790,3981,0.46436,0.45327,0.6619,0.34464
G_focal_s2,G_focal,06,20,Q2,27,7933,2378,0.82724,0.82577,0.86074,0.79352
G_focal_s2,G_focal,06,20,Q3,2,7891,2229,0.94705,0.9839,0.97731,0.99058
G_focal_s2,G_focal,06,20,Q4_clearest,0,5502,1401,0.9808,0.99614,0.99371,0.99857
G_focal_s2,G_focal,07,0,Q1_dimmest,194,8316,2808,0.4505,0.42099,0.60934,0.32158
G_focal_s2,G_focal,07,0,Q2,31,7149,2172,0.81352,0.81943,0.83911,0.80064
G_focal_s2,G_focal,07,0,Q3,5,7254,1955,0.9212,0.96957,0.96277,0.97647
G_focal_s2,G_focal,07,0,Q4_clearest,0,7433,2033,0.97174,0.99515,0.99473,0.99557
G_focal_s2,G_focal,07,20,Q1_dimmest,186,8316,2808,0.4478,0.4144,0.62262,0.31054
G_focal_s2,G_focal,07,20,Q2,27,7149,2172,0.81405,0.82016,0.84841,0.79374
G_focal_s2,G_focal,07,20,Q3,5,7254,1955,0.92115,0.96927,0.96418,0.97442
G_focal_s2,G_focal,07,20,Q4_clearest,0,7433,2033,0.97174,0.99515,0.99473,0.99557
G_focal_s2,G_focal,08,0,Q1_dimmest,241,9976,3245,0.50301,0.50645,0.6471,0.41602
G_focal_s2,G_focal,08,0,Q2,16,8461,2479,0.84687,0.86229,0.83851,0.88745
G_focal_s2,G_focal,08,0,Q3,5,6640,1970,0.93608,0.98053,0.97934,0.98173
G_focal_s2,G_focal,08,0,Q4_clearest,0,3312,891,0.9785,0.99397,0.99355,0.99439
G_focal_s2,G_focal,08,20,Q1_dimmest,214,9976,3245,0.49997,0.49992,0.67244,0.39784
G_focal_s2,G_focal,08,20,Q2,14,8461,2479,0.84658,0.86131,0.84657,0.87656
G_focal_s2,G_focal,08,20,Q3,5,6640,1970,0.936,0.98053,0.97933,0.98173
G_focal_s2,G_focal,08,20,Q4_clearest,0,3312,891,0.9785,0.99397,0.99355,0.99439
G_focal_s2,G_focal,09,0,Q1_dimmest,229,9368,3406,0.51342,0.53244,0.67245,0.44069
G_focal_s2,G_focal,09,0,Q2,21,7639,2383,0.85045,0.88453,0.85363,0.91775
G_focal_s2,G_focal,09,0,Q3,0,6249,1936,0.9433,0.98591,0.97368,0.99845
G_focal_s2,G_focal,09,0,Q4_clearest,1,3485,1001,0.97618,0.99498,1.0,0.99001
G_focal_s2,G_focal,09,20,Q1_dimmest,208,9368,3406,0.50948,0.5245,0.68071,0.4266
G_focal_s2,G_focal,09,20,Q2,19,7639,2383,0.84944,0.88226,0.85341,0.91313
G_focal_s2,G_focal,09,20,Q3,0,6249,1936,0.9433,0.98591,0.97368,0.99845
G_focal_s2,G_focal,09,20,Q4_clearest,1,3485,1001,0.97618,0.99498,1.0,0.99001
G_focal_s2,G_focal,10,0,Q1_dimmest,265,7560,3177,0.51445,0.51042,0.56628,0.46459
G_focal_s2,G_focal,10,0,Q2,23,6756,2369,0.80467,0.82039,0.77019,0.87759
G_focal_s2,G_focal,10,0,Q3,5,6741,2035,0.91137,0.96733,0.94463,0.99115
G_focal_s2,G_focal,10,0,Q4_clearest,0,6099,1556,0.96145,0.99612,0.99227,1.0
G_focal_s2,G_focal,10,20,Q1_dimmest,240,7560,3177,0.5108,0.50229,0.57534,0.4457
G_focal_s2,G_focal,10,20,Q2,21,6756,2369,0.80327,0.8167,0.77459,0.86366
G_focal_s2,G_focal,10,20,Q3,5,6741,2035,0.91106,0.96683,0.94501,0.98968
G_focal_s2,G_focal,10,20,Q4_clearest,0,6099,1556,0.96145,0.99612,0.99227,1.0
G_focal_s2,G_focal,11,0,Q1_dimmest,262,6386,2930,0.44648,0.40991,0.51696,0.33959
G_focal_s2,G_focal,11,0,Q2,36,5601,2186,0.76494,0.73864,0.70334,0.77768
G_focal_s2,G_focal,11,0,Q3,11,6593,2129,0.86264,0.9167,0.88144,0.95491
G_focal_s2,G_focal,11,0,Q4_clearest,2,10959,3211,0.94119,0.98472,0.97285,0.99689
G_focal_s2,G_focal,11,20,Q1_dimmest,237,6386,2930,0.44416,0.40548,0.53453,0.32662
G_focal_s2,G_focal,11,20,Q2,31,5601,2186,0.76281,0.73278,0.70958,0.75755
G_focal_s2,G_focal,11,20,Q3,8,6593,2129,0.86218,0.9156,0.88141,0.95256
G_focal_s2,G_focal,11,20,Q4_clearest,2,10959,3211,0.94119,0.98472,0.97285,0.99689
G_focal_s2,G_focal,12,0,Q1_dimmest,192,6741,2151,0.54062,0.57372,0.66109,0.50674
G_focal_s2,G_focal,12,0,Q2,48,7686,2661,0.8004,0.8343,0.81464,0.85494
G_focal_s2,G_focal,12,0,Q3,4,7976,2374,0.89555,0.95631,0.93819,0.97515
G_focal_s2,G_focal,12,0,Q4_clearest,2,6087,1526,0.95576,0.9892,0.98562,0.99279
G_focal_s2,G_focal,12,20,Q1_dimmest,177,6741,2151,0.53975,0.57259,0.6788,0.49512
G_focal_s2,G_focal,12,20,Q2,41,7686,2661,0.79896,0.83225,0.8183,0.84667
G_focal_s2,G_focal,12,20,Q3,4,7976,2374,0.89539,0.95624,0.93923,0.97388
G_focal_s2,G_focal,12,20,Q4_clearest,2,6087,1526,0.95576,0.9892,0.98562,0.99279
G_focal_s2,G_focal,13,0,Q1_dimmest,229,8947,3161,0.49744,0.4925,0.59886,0.41822
G_focal_s2,G_focal,13,0,Q2,48,7970,2798,0.79854,0.79323,0.76638,0.82202
G_focal_s2,G_focal,13,0,Q3,4,7295,2120,0.91238,0.95782,0.94256,0.97358
G_focal_s2,G_focal,13,0,Q4_clearest,0,8047,2107,0.97697,0.9986,0.99721,1.0
G_focal_s2,G_focal,13,20,Q1_dimmest,209,8947,3161,0.49563,0.48776,0.61246,0.40525
G_focal_s2,G_focal,13,20,Q2,44,7970,2798,0.79626,0.78799,0.76953,0.80736
G_focal_s2,G_focal,13,20,Q3,3,7295,2120,0.91237,0.95776,0.94511,0.97075
G_focal_s2,G_focal,13,20,Q4_clearest,0,8047,2107,0.97697,0.9986,0.99721,1.0
G_focal_s2,G_focal,14,0,Q1_dimmest,180,4886,1623,0.49934,0.5202,0.528,0.51263
G_focal_s2,G_focal,14,0,Q2,39,6453,2243,0.77619,0.78621,0.71457,0.87383
G_focal_s2,G_focal,14,0,Q3,4,8104,2470,0.87649,0.94401,0.9002,0.99231
G_focal_s2,G_focal,14,0,Q4_clearest,0,7234,2022,0.95082,0.99446,0.98898,1.0
G_focal_s2,G_focal,14,20,Q1_dimmest,168,4886,1623,0.49824,0.52016,0.54237,0.49969
G_focal_s2,G_focal,14,20,Q2,36,6453,2243,0.77686,0.7898,0.72732,0.86402
G_focal_s2,G_focal,14,20,Q3,4,8104,2470,0.87661,0.944,0.90051,0.9919
G_focal_s2,G_focal,14,20,Q4_clearest,0,7234,2022,0.95082,0.99446,0.98898,1.0
G_focal_s2,G_focal,15,0,Q1_dimmest,130,4357,1638,0.51925,0.52709,0.50291,0.55372
G_focal_s2,G_focal,15,0,Q2,11,5141,1751,0.75225,0.79332,0.69893,0.91719
G_focal_s2,G_focal,15,0,Q3,0,6066,1760,0.84131,0.93188,0.87507,0.99659
G_focal_s2,G_focal,15,0,Q4_clearest,0,8050,2502,0.93137,0.98333,0.9672,1.0
G_focal_s2,G_focal,15,20,Q1_dimmest,119,4357,1638,0.52382,0.53479,0.52479,0.54518
G_focal_s2,G_focal,15,20,Q2,10,5141,1751,0.75368,0.79655,0.71296,0.90234
G_focal_s2,G_focal,15,20,Q3,0,6066,1760,0.84308,0.93771,0.8863,0.99545
G_focal_s2,G_focal,15,20,Q4_clearest,0,8050,2502,0.93154,0.98352,0.96757,1.0
G_focal_s2,G_focal,16,0,Q1_dimmest,231,6445,1959,0.58559,0.62931,0.76199,0.53599
G_focal_s2,G_focal,16,0,Q2,37,6977,2256,0.84496,0.89009,0.90618,0.87456
G_focal_s2,G_focal,16,0,Q3,0,7630,2131,0.90486,0.97136,0.9524,0.99108
G_focal_s2,G_focal,16,0,Q4_clearest,0,8739,2466,0.94368,0.99023,0.98104,0.99959
G_focal_s2,G_focal,16,20,Q1_dimmest,217,6445,1959,0.58433,0.62867,0.78051,0.52629
G_focal_s2,G_focal,16,20,Q2,35,6977,2256,0.84506,0.89102,0.9219,0.86215
G_focal_s2,G_focal,16,20,Q3,0,7630,2131,0.90621,0.9756,0.96104,0.99061
G_focal_s2,G_focal,16,20,Q4_clearest,0,8739,2466,0.94383,0.99043,0.98143,0.99959
G_focal_s2,G_focal,17,0,Q1_dimmest,224,7862,2585,0.55347,0.5712,0.76292,0.45648
G_focal_s2,G_focal,17,0,Q2,33,7104,2140,0.84317,0.88244,0.90474,0.86121
G_focal_s2,G_focal,17,0,Q3,6,7222,1826,0.91581,0.98072,0.9817,0.97974
G_focal_s2,G_focal,17,0,Q4_clearest,0,5664,1433,0.93105,0.99248,0.98917,0.99581
G_focal_s2,G_focal,17,20,Q1_dimmest,201,7862,2585,0.55064,0.56572,0.78509,0.44217
G_focal_s2,G_focal,17,20,Q2,31,7104,2140,0.84115,0.87945,0.91426,0.8472
G_focal_s2,G_focal,17,20,Q3,6,7222,1826,0.91578,0.98067,0.98271,0.97864
G_focal_s2,G_focal,17,20,Q4_clearest,0,5664,1433,0.93105,0.99248,0.98917,0.99581
G_focal_s2,G_focal,18,0,Q1_dimmest,154,4966,1759,0.60429,0.62124,0.717,0.54804
G_focal_s2,G_focal,18,0,Q2,30,6044,1968,0.81059,0.87263,0.8728,0.87246
G_focal_s2,G_focal,18,0,Q3,5,7429,2081,0.85901,0.96405,0.9538,0.97453
G_focal_s2,G_focal,18,0,Q4_clearest,1,7705,1851,0.89962,0.98826,0.98359,0.99298
G_focal_s2,G_focal,18,20,Q1_dimmest,142,4966,1759,0.60456,0.6263,0.74854,0.53837
G_focal_s2,G_focal,18,20,Q2,27,6044,1968,0.80991,0.87296,0.88072,0.86535
G_focal_s2,G_focal,18,20,Q3,5,7429,2081,0.85979,0.96738,0.96079,0.97405
G_focal_s2,G_focal,18,20,Q4_clearest,1,7705,1851,0.90025,0.99005,0.98713,0.99298
G_focal_s2,G_focal,19,0,Q1_dimmest,108,3731,1722,0.63784,0.68678,0.68949,0.68409
G_focal_s2,G_focal,19,0,Q2,32,6957,2067,0.78718,0.8524,0.77807,0.94243
G_focal_s2,G_focal,19,0,Q3,2,8771,2610,0.88956,0.96558,0.94161,0.9908
G_focal_s2,G_focal,19,0,Q4_clearest,0,7909,2077,0.96528,0.99613,0.99229,1.0
G_focal_s2,G_focal,19,20,Q1_dimmest,96,3731,1722,0.63665,0.68546,0.70277,0.66899
G_focal_s2,G_focal,19,20,Q2,31,6957,2067,0.78909,0.85919,0.79323,0.93711
G_focal_s2,G_focal,19,20,Q3,2,8771,2610,0.89052,0.96861,0.94845,0.98966
G_focal_s2,G_focal,19,20,Q4_clearest,0,7909,2077,0.96528,0.99613,0.99229,1.0
G_focal_s2,G_focal,20,0,Q1_dimmest,156,5411,1924,0.62093,0.66677,0.65517,0.67879
G_focal_s2,G_focal,20,0,Q2,19,7210,2225,0.80767,0.86927,0.80272,0.94787
G_focal_s2,G_focal,20,0,Q3,1,6951,2027,0.87454,0.9534,0.91634,0.99359
G_focal_s2,G_focal,20,0,Q4_clearest,0,4693,1197,0.94289,0.98765,0.97561,1.0
G_focal_s2,G_focal,20,20,Q1_dimmest,149,5411,1924,0.62303,0.67109,0.67328,0.66892
G_focal_s2,G_focal,20,20,Q2,17,7210,2225,0.80959,0.8753,0.81505,0.94517
G_focal_s2,G_focal,20,20,Q3,2,6951,2027,0.87596,0.95845,0.92701,0.99211
G_focal_s2,G_focal,20,20,Q4_clearest,0,4693,1197,0.94316,0.9879,0.98172,0.99415
G_focal_s3,G_focal,01,0,Q1_dimmest,150,4597,1791,0.58772,0.57243,0.56814,0.57677
G_focal_s3,G_focal,01,0,Q2,35,6946,2500,0.76062,0.83269,0.77326,0.902
G_focal_s3,G_focal,01,0,Q3,5,8473,2538,0.84373,0.95799,0.94325,0.97321
G_focal_s3,G_focal,01,0,Q4_clearest,0,9424,2483,0.9204,0.99139,0.9837,0.99919
G_focal_s3,G_focal,01,20,Q1_dimmest,136,4597,1791,0.58779,0.57198,0.58205,0.56226
G_focal_s3,G_focal,01,20,Q2,34,6946,2500,0.76048,0.83217,0.77773,0.8948
G_focal_s3,G_focal,01,20,Q3,5,8473,2538,0.84485,0.96085,0.94917,0.97281
G_focal_s3,G_focal,01,20,Q4_clearest,0,9424,2483,0.9204,0.99139,0.9837,0.99919
G_focal_s3,G_focal,02,0,Q1_dimmest,176,5691,1790,0.52105,0.50703,0.5057,0.50838
G_focal_s3,G_focal,02,0,Q2,39,6606,1861,0.78848,0.79296,0.72923,0.86889
G_focal_s3,G_focal,02,0,Q3,1,8662,2260,0.88715,0.95816,0.92885,0.98938
G_focal_s3,G_focal,02,0,Q4_clearest,0,12831,3378,0.95871,0.993,0.9861,1.0
G_focal_s3,G_focal,02,20,Q1_dimmest,159,5691,1790,0.51867,0.50421,0.51685,0.49218
G_focal_s3,G_focal,02,20,Q2,37,6606,1861,0.78735,0.78844,0.73235,0.85384
G_focal_s3,G_focal,02,20,Q3,1,8662,2260,0.88732,0.9592,0.93081,0.98938
G_focal_s3,G_focal,02,20,Q4_clearest,0,12831,3378,0.95871,0.993,0.9861,1.0
G_focal_s3,G_focal,03,0,Q1_dimmest,208,10358,3377,0.52108,0.51381,0.58494,0.4581
G_focal_s3,G_focal,03,0,Q2,25,9353,2708,0.81604,0.8594,0.83742,0.88257
G_focal_s3,G_focal,03,0,Q3,5,8095,2089,0.93081,0.97665,0.97155,0.98181
G_focal_s3,G_focal,03,0,Q4_clearest,0,5087,1047,0.98623,0.99827,0.99655,1.0
G_focal_s3,G_focal,03,20,Q1_dimmest,195,10358,3377,0.52079,0.51376,0.60051,0.44892
G_focal_s3,G_focal,03,20,Q2,25,9353,2708,0.8158,0.8589,0.83948,0.87925
G_focal_s3,G_focal,03,20,Q3,5,8095,2089,0.93081,0.97665,0.97155,0.98181
G_focal_s3,G_focal,03,20,Q4_clearest,0,5087,1047,0.98623,0.99827,0.99655,1.0
G_focal_s3,G_focal,04,0,Q1_dimmest,174,7750,3035,0.52052,0.48642,0.63106,0.39572
G_focal_s3,G_focal,04,0,Q2,20,6017,1865,0.79217,0.82843,0.78739,0.87399
G_focal_s3,G_focal,04,0,Q3,3,6293,1680,0.89955,0.96198,0.93613,0.98929
G_focal_s3,G_focal,04,0,Q4_clearest,2,10294,2346,0.9705,0.98889,0.98338,0.99446
G_focal_s3,G_focal,04,20,Q1_dimmest,159,7750,3035,0.51977,0.48633,0.65104,0.38814
G_focal_s3,G_focal,04,20,Q2,16,6017,1865,0.79119,0.825,0.78819,0.86542
G_focal_s3,G_focal,04,20,Q3,3,6293,1680,0.89965,0.96283,0.93776,0.98929
G_focal_s3,G_focal,04,20,Q4_clearest,2,10294,2346,0.97077,0.99013,0.98584,0.99446
G_focal_s3,G_focal,05,0,Q1_dimmest,225,9685,3539,0.51597,0.4541,0.59677,0.36649
G_focal_s3,G_focal,05,0,Q2,12,7440,2198,0.84451,0.85991,0.83308,0.88854
G_focal_s3,G_focal,05,0,Q3,0,7606,2186,0.93227,0.98551,0.97712,0.99405
G_focal_s3,G_focal,05,0,Q4_clearest,1,6179,1663,0.97306,0.99714,0.99549,0.9988
G_focal_s3,G_focal,05,20,Q1_dimmest,211,9685,3539,0.5136,0.44828,0.60917,0.35462
G_focal_s3,G_focal,05,20,Q2,11,7440,2198,0.84316,0.85618,0.83701,0.87625
G_focal_s3,G_focal,05,20,Q3,0,7606,2186,0.93212,0.98481,0.97707,0.99268
G_focal_s3,G_focal,05,20,Q4_clearest,1,6179,1663,0.97306,0.99714,0.99549,0.9988
G_focal_s3,G_focal,06,0,Q1_dimmest,272,10790,3981,0.52886,0.50584,0.65513,0.41196
G_focal_s3,G_focal,06,0,Q2,24,7933,2378,0.82278,0.83092,0.833,0.82885
G_focal_s3,G_focal,06,0,Q3,1,7891,2229,0.93503,0.98183,0.9728,0.99103
G_focal_s3,G_focal,06,0,Q4_clearest,3,5502,1401,0.97249,0.9943,0.99719,0.99143
G_focal_s3,G_focal,06,20,Q1_dimmest,247,10790,3981,0.52587,0.499,0.67186,0.39689
G_focal_s3,G_focal,06,20,Q2,22,7933,2378,0.82159,0.82777,0.83876,0.81707
G_focal_s3,G_focal,06,20,Q3,0,7891,2229,0.93504,0.982,0.97531,0.98878
G_focal_s3,G_focal,06,20,Q4_clearest,3,5502,1401,0.97249,0.9943,0.99719,0.99143
G_focal_s3,G_focal,07,0,Q1_dimmest,181,8316,2808,0.5155,0.4653,0.62567,0.37037
G_focal_s3,G_focal,07,0,Q2,23,7149,2172,0.80965,0.82158,0.8186,0.82459
G_focal_s3,G_focal,07,0,Q3,3,7254,1955,0.91076,0.96589,0.95311,0.97903
G_focal_s3,G_focal,07,0,Q4_clearest,0,7433,2033,0.97025,0.99439,0.98982,0.99902
G_focal_s3,G_focal,07,20,Q1_dimmest,165,8316,2808,0.51411,0.46183,0.64046,0.36111
G_focal_s3,G_focal,07,20,Q2,21,7149,2172,0.80946,0.81986,0.82159,0.81814
G_focal_s3,G_focal,07,20,Q3,3,7254,1955,0.9109,0.96611,0.95499,0.97749
G_focal_s3,G_focal,07,20,Q4_clearest,0,7433,2033,0.97025,0.99439,0.98982,0.99902
G_focal_s3,G_focal,08,0,Q1_dimmest,228,9976,3245,0.55326,0.51939,0.62067,0.44653
G_focal_s3,G_focal,08,0,Q2,21,8461,2479,0.83774,0.86059,0.82588,0.89835
G_focal_s3,G_focal,08,0,Q3,1,6640,1970,0.92286,0.97253,0.95867,0.9868
G_focal_s3,G_focal,08,0,Q4_clearest,0,3312,891,0.97593,0.99613,0.99563,0.99663
G_focal_s3,G_focal,08,20,Q1_dimmest,202,9976,3245,0.55026,0.51448,0.64466,0.42804
G_focal_s3,G_focal,08,20,Q2,20,8461,2479,0.83689,0.85813,0.83069,0.88745
G_focal_s3,G_focal,08,20,Q3,1,6640,1970,0.92403,0.97658,0.96657,0.9868
G_focal_s3,G_focal,08,20,Q4_clearest,0,3312,891,0.97593,0.99613,0.99563,0.99663
G_focal_s3,G_focal,09,0,Q1_dimmest,226,9368,3406,0.56832,0.56411,0.66299,0.4909
G_focal_s3,G_focal,09,0,Q2,17,7639,2383,0.83202,0.87841,0.834,0.92782
G_focal_s3,G_focal,09,0,Q3,4,6249,1936,0.92052,0.97731,0.97529,0.97934
G_focal_s3,G_focal,09,0,Q4_clearest,1,3485,1001,0.96839,0.98684,1.0,0.97403
G_focal_s3,G_focal,09,20,Q1_dimmest,213,9368,3406,0.56637,0.55898,0.67072,0.47915
G_focal_s3,G_focal,09,20,Q2,16,7639,2383,0.83126,0.87649,0.83564,0.92153
G_focal_s3,G_focal,09,20,Q3,4,6249,1936,0.92052,0.97731,0.97529,0.97934
G_focal_s3,G_focal,09,20,Q4_clearest,1,3485,1001,0.96839,0.98684,1.0,0.97403
G_focal_s3,G_focal,10,0,Q1_dimmest,231,7560,3177,0.54736,0.50161,0.54461,0.4649
G_focal_s3,G_focal,10,0,Q2,24,6756,2369,0.79697,0.82233,0.76941,0.88307
G_focal_s3,G_focal,10,0,Q3,0,6741,2035,0.89699,0.968,0.94191,0.99558
G_focal_s3,G_focal,10,0,Q4_clearest,0,6099,1556,0.95731,0.99419,0.98844,1.0
G_focal_s3,G_focal,10,20,Q1_dimmest,206,7560,3177,0.54574,0.49833,0.56204,0.44759
G_focal_s3,G_focal,10,20,Q2,24,6756,2369,0.79615,0.81977,0.77271,0.87294
G_focal_s3,G_focal,10,20,Q3,0,6741,2035,0.89699,0.968,0.94191,0.99558
G_focal_s3,G_focal,10,20,Q4_clearest,0,6099,1556,0.95753,0.99515,0.99035,1.0
G_focal_s3,G_focal,11,0,Q1_dimmest,262,6386,2930,0.48576,0.43104,0.52946,0.36348
G_focal_s3,G_focal,11,0,Q2,34,5601,2186,0.75985,0.751,0.70475,0.80375
G_focal_s3,G_focal,11,0,Q3,3,6593,2129,0.84774,0.91412,0.86738,0.96618
G_focal_s3,G_focal,11,0,Q4_clearest,2,10959,3211,0.93492,0.98222,0.96769,0.9972
G_focal_s3,G_focal,11,20,Q1_dimmest,239,6386,2930,0.48061,0.41878,0.53921,0.34232
G_focal_s3,G_focal,11,20,Q2,26,5601,2186,0.75881,0.74882,0.71245,0.78911
G_focal_s3,G_focal,11,20,Q3,3,6593,2129,0.8477,0.9143,0.86809,0.96571
G_focal_s3,G_focal,11,20,Q4_clearest,2,10959,3211,0.93504,0.98253,0.96828,0.9972
G_focal_s3,G_focal,12,0,Q1_dimmest,161,6741,2151,0.57924,0.5944,0.65118,0.54672
G_focal_s3,G_focal,12,0,Q2,37,7686,2661,0.79885,0.84561,0.81211,0.882
G_focal_s3,G_focal,12,0,Q3,1,7976,2374,0.88443,0.95666,0.9346,0.97978
G_focal_s3,G_focal,12,0,Q4_clearest,1,6087,1526,0.95091,0.9921,0.98752,0.99672
G_focal_s3,G_focal,12,20,Q1_dimmest,149,6741,2151,0.57874,0.5962,0.67452,0.53417
G_focal_s3,G_focal,12,20,Q2,34,7686,2661,0.79825,0.84411,0.8148,0.87561
G_focal_s3,G_focal,12,20,Q3,1,7976,2374,0.88442,0.95664,0.93495,0.97936
G_focal_s3,G_focal,12,20,Q4_clearest,1,6087,1526,0.95091,0.9921,0.98752,0.99672
G_focal_s3,G_focal,13,0,Q1_dimmest,218,8947,3161,0.5456,0.49815,0.56003,0.44859
G_focal_s3,G_focal,13,0,Q2,45,7970,2798,0.78983,0.79618,0.75278,0.84489
G_focal_s3,G_focal,13,0,Q3,4,7295,2120,0.90144,0.96217,0.94392,0.98113
G_focal_s3,G_focal,13,0,Q4_clearest,0,8047,2107,0.97403,0.99814,0.99628,1.0
G_focal_s3,G_focal,13,20,Q1_dimmest,202,8947,3161,0.54645,0.49853,0.58844,0.43246
G_focal_s3,G_focal,13,20,Q2,39,7970,2798,0.78925,0.7942,0.75788,0.83417
G_focal_s3,G_focal,13,20,Q3,3,7295,2120,0.9013,0.96212,0.94602,0.97877
G_focal_s3,G_focal,13,20,Q4_clearest,0,8047,2107,0.97403,0.99814,0.99628,1.0
G_focal_s3,G_focal,14,0,Q1_dimmest,152,4886,1623,0.53711,0.51981,0.48871,0.55514
G_focal_s3,G_focal,14,0,Q2,36,6453,2243,0.75961,0.78677,0.70961,0.88275
G_focal_s3,G_focal,14,0,Q3,0,8104,2470,0.86111,0.94097,0.8937,0.99352
G_focal_s3,G_focal,14,0,Q4_clearest,1,7234,2022,0.9463,0.99072,0.984,0.99753
G_focal_s3,G_focal,14,20,Q1_dimmest,139,4886,1623,0.54086,0.53158,0.5191,0.54467
G_focal_s3,G_focal,14,20,Q2,33,6453,2243,0.76074,0.79036,0.71994,0.87606
G_focal_s3,G_focal,14,20,Q3,0,8104,2470,0.86129,0.94215,0.89648,0.99271
G_focal_s3,G_focal,14,20,Q4_clearest,1,7234,2022,0.9463,0.99072,0.984,0.99753
G_focal_s3,G_focal,15,0,Q1_dimmest,118,4357,1638,0.54796,0.54323,0.49011,0.60928
G_focal_s3,G_focal,15,0,Q2,13,5141,1751,0.7445,0.78583,0.68327,0.92461
G_focal_s3,G_focal,15,0,Q3,0,6066,1760,0.82085,0.92041,0.85464,0.99716
G_focal_s3,G_focal,15,0,Q4_clearest,0,8050,2502,0.92407,0.98112,0.96293,1.0
G_focal_s3,G_focal,15,20,Q1_dimmest,107,4357,1638,0.55163,0.5546,0.51641,0.5989
G_focal_s3,G_focal,15,20,Q2,12,5141,1751,0.74518,0.78829,0.68986,0.91947
G_focal_s3,G_focal,15,20,Q3,0,6066,1760,0.82343,0.92711,0.86625,0.99716
G_focal_s3,G_focal,15,20,Q4_clearest,0,8050,2502,0.92454,0.98208,0.9648,1.0
G_focal_s3,G_focal,16,0,Q1_dimmest,202,6445,1959,0.63316,0.65479,0.71868,0.60133
G_focal_s3,G_focal,16,0,Q2,26,6977,2256,0.83087,0.89148,0.88935,0.89362
G_focal_s3,G_focal,16,0,Q3,2,7630,2131,0.87661,0.95661,0.93024,0.98451
G_focal_s3,G_focal,16,0,Q4_clearest,2,8739,2466,0.93208,0.98466,0.98031,0.98905
G_focal_s3,G_focal,16,20,Q1_dimmest,193,6445,1959,0.63277,0.65561,0.73589,0.59112
G_focal_s3,G_focal,16,20,Q2,23,6977,2256,0.83246,0.89583,0.90533,0.88652
G_focal_s3,G_focal,16,20,Q3,2,7630,2131,0.87744,0.95867,0.93543,0.98311
G_focal_s3,G_focal,16,20,Q4_clearest,2,8739,2466,0.93223,0.98526,0.9815,0.98905
G_focal_s3,G_focal,17,0,Q1_dimmest,196,7862,2585,0.61904,0.63632,0.74187,0.55706
G_focal_s3,G_focal,17,0,Q2,26,7104,2140,0.83066,0.87744,0.86817,0.88692
G_focal_s3,G_focal,17,0,Q3,3,7222,1826,0.89761,0.97776,0.96778,0.98795
G_focal_s3,G_focal,17,0,Q4_clearest,0,5664,1433,0.92338,0.99304,0.9889,0.99721
G_focal_s3,G_focal,17,20,Q1_dimmest,179,7862,2585,0.62026,0.63863,0.76944,0.54584
G_focal_s3,G_focal,17,20,Q2,24,7104,2140,0.83146,0.87959,0.88022,0.87897
G_focal_s3,G_focal,17,20,Q3,3,7222,1826,0.89781,0.97876,0.97027,0.9874
G_focal_s3,G_focal,17,20,Q4_clearest,0,5664,1433,0.92338,0.99304,0.9889,0.99721
G_focal_s3,G_focal,18,0,Q1_dimmest,148,4966,1759,0.64891,0.65251,0.68486,0.62308
G_focal_s3,G_focal,18,0,Q2,20,6044,1968,0.80215,0.87979,0.85103,0.91057
G_focal_s3,G_focal,18,0,Q3,4,7429,2081,0.83567,0.95725,0.92965,0.98654
G_focal_s3,G_focal,18,0,Q4_clearest,0,7705,1851,0.89183,0.98642,0.97423,0.99892
G_focal_s3,G_focal,18,20,Q1_dimmest,138,4966,1759,0.65048,0.65661,0.70939,0.61114
G_focal_s3,G_focal,18,20,Q2,18,6044,1968,0.80166,0.88024,0.85819,0.90346
G_focal_s3,G_focal,18,20,Q3,4,7429,2081,0.83733,0.96161,0.93834,0.98606
G_focal_s3,G_focal,18,20,Q4_clearest,0,7705,1851,0.89183,0.98642,0.97423,0.99892
G_focal_s3,G_focal,19,0,Q1_dimmest,108,3731,1722,0.63059,0.66851,0.66403,0.67305
G_focal_s3,G_focal,19,0,Q2,25,6957,2067,0.76041,0.84264,0.7626,0.94146
G_focal_s3,G_focal,19,0,Q3,1,8771,2610,0.87528,0.96556,0.93882,0.99387
G_focal_s3,G_focal,19,0,Q4_clearest,0,7909,2077,0.95662,0.99421,0.98943,0.99904
G_focal_s3,G_focal,19,20,Q1_dimmest,103,3731,1722,0.63267,0.67436,0.68593,0.66318
G_focal_s3,G_focal,19,20,Q2,22,6957,2067,0.76344,0.85191,0.77991,0.93856
G_focal_s3,G_focal,19,20,Q3,1,8771,2610,0.87541,0.96613,0.94161,0.99195
G_focal_s3,G_focal,19,20,Q4_clearest,0,7909,2077,0.95662,0.99421,0.98943,0.99904
G_focal_s3,G_focal,20,0,Q1_dimmest,151,5411,1924,0.65222,0.68344,0.64676,0.72453
G_focal_s3,G_focal,20,0,Q2,9,7210,2225,0.79348,0.87805,0.80708,0.9627
G_focal_s3,G_focal,20,0,Q3,3,6951,2027,0.85136,0.94941,0.90734,0.99556
G_focal_s3,G_focal,20,0,Q4_clearest,1,4693,1197,0.93635,0.98394,0.96996,0.99833
G_focal_s3,G_focal,20,20,Q1_dimmest,137,5411,1924,0.65559,0.69176,0.67166,0.7131
G_focal_s3,G_focal,20,20,Q2,9,7210,2225,0.7949,0.88294,0.82195,0.95371
G_focal_s3,G_focal,20,20,Q3,3,6951,2027,0.85382,0.95687,0.92108,0.99556
G_focal_s3,G_focal,20,20,Q4_clearest,1,4693,1197,0.93738,0.98711,0.97613,0.99833
G_focal_s4,G_focal,01,0,Q1_dimmest,152,4597,1791,0.59298,0.59878,0.60071,0.59687
G_focal_s4,G_focal,01,0,Q2,32,6946,2500,0.74968,0.84723,0.80512,0.894
G_focal_s4,G_focal,01,0,Q3,10,8473,2538,0.83845,0.9599,0.95186,0.96809
G_focal_s4,G_focal,01,0,Q4_clearest,0,9424,2483,0.91667,0.99023,0.98298,0.99758
G_focal_s4,G_focal,01,20,Q1_dimmest,138,4597,1791,0.59441,0.60068,0.6146,0.58738
G_focal_s4,G_focal,01,20,Q2,29,6946,2500,0.74755,0.84178,0.80641,0.8804
G_focal_s4,G_focal,01,20,Q3,10,8473,2538,0.83881,0.96118,0.9563,0.96612
G_focal_s4,G_focal,01,20,Q4_clearest,0,9424,2483,0.91685,0.99062,0.98376,0.99758
G_focal_s4,G_focal,02,0,Q1_dimmest,166,5691,1790,0.54562,0.52267,0.53107,0.51453
G_focal_s4,G_focal,02,0,Q2,31,6606,1861,0.7838,0.79094,0.73272,0.85922
G_focal_s4,G_focal,02,0,Q3,1,8662,2260,0.87827,0.95754,0.92925,0.98761
G_focal_s4,G_focal,02,0,Q4_clearest,1,12831,3378,0.95587,0.99323,0.98741,0.99911
G_focal_s4,G_focal,02,20,Q1_dimmest,154,5691,1790,0.54139,0.51182,0.53244,0.49274
G_focal_s4,G_focal,02,20,Q2,25,6606,1861,0.78181,0.78542,0.73392,0.84471
G_focal_s4,G_focal,02,20,Q3,1,8662,2260,0.87841,0.95836,0.93198,0.98628
G_focal_s4,G_focal,02,20,Q4_clearest,1,12831,3378,0.95587,0.99323,0.98741,0.99911
G_focal_s4,G_focal,03,0,Q1_dimmest,201,10358,3377,0.53395,0.51052,0.598,0.44537
G_focal_s4,G_focal,03,0,Q2,32,9353,2708,0.81247,0.85783,0.84321,0.87297
G_focal_s4,G_focal,03,0,Q3,4,8095,2089,0.92444,0.97631,0.97513,0.9775
G_focal_s4,G_focal,03,0,Q4_clearest,0,5087,1047,0.98604,0.99957,0.99915,1.0
G_focal_s4,G_focal,03,20,Q1_dimmest,184,10358,3377,0.5306,0.50229,0.60329,0.43026
G_focal_s4,G_focal,03,20,Q2,28,9353,2708,0.81272,0.85766,0.84671,0.86891
G_focal_s4,G_focal,03,20,Q3,4,8095,2089,0.92463,0.97693,0.9778,0.97607
G_focal_s4,G_focal,03,20,Q4_clearest,0,5087,1047,0.98604,0.99957,0.99915,1.0
G_focal_s4,G_focal,04,0,Q1_dimmest,158,7750,3035,0.53636,0.46908,0.61384,0.37957
G_focal_s4,G_focal,04,0,Q2,19,6017,1865,0.79964,0.83634,0.80821,0.86649
G_focal_s4,G_focal,04,0,Q3,2,6293,1680,0.8994,0.96941,0.95363,0.98571
G_focal_s4,G_focal,04,0,Q4_clearest,2,10294,2346,0.96895,0.98941,0.98568,0.99318
G_focal_s4,G_focal,04,20,Q1_dimmest,150,7750,3035,0.53473,0.46891,0.62568,0.37496
G_focal_s4,G_focal,04,20,Q2,17,6017,1865,0.798,0.83121,0.80946,0.85416
G_focal_s4,G_focal,04,20,Q3,2,6293,1680,0.89921,0.96879,0.95411,0.98393
G_focal_s4,G_focal,04,20,Q4_clearest,2,10294,2346,0.96895,0.98941,0.98568,0.99318
G_focal_s4,G_focal,05,0,Q1_dimmest,227,9685,3539,0.52572,0.43872,0.61111,0.34219
G_focal_s4,G_focal,05,0,Q2,14,7440,2198,0.83913,0.85707,0.84334,0.87125
G_focal_s4,G_focal,05,0,Q3,0,7606,2186,0.9253,0.98591,0.9779,0.99405
G_focal_s4,G_focal,05,0,Q4_clearest,0,6179,1663,0.97124,0.99856,0.99713,1.0
G_focal_s4,G_focal,05,20,Q1_dimmest,209,9685,3539,0.52403,0.43445,0.62626,0.33258
G_focal_s4,G_focal,05,20,Q2,12,7440,2198,0.83928,0.85718,0.84918,0.86533
G_focal_s4,G_focal,05,20,Q3,0,7606,2186,0.92532,0.98589,0.97919,0.99268
G_focal_s4,G_focal,05,20,Q4_clearest,0,6179,1663,0.97124,0.99856,0.99713,1.0
G_focal_s4,G_focal,06,0,Q1_dimmest,261,10790,3981,0.53423,0.49419,0.66521,0.39312
G_focal_s4,G_focal,06,0,Q2,25,7933,2378,0.82463,0.83202,0.84528,0.81918
G_focal_s4,G_focal,06,0,Q3,1,7891,2229,0.93013,0.9819,0.97381,0.99013
G_focal_s4,G_focal,06,0,Q4_clearest,2,5502,1401,0.97174,0.9943,0.99718,0.99143
G_focal_s4,G_focal,06,20,Q1_dimmest,235,10790,3981,0.53259,0.48974,0.68351,0.38156
G_focal_s4,G_focal,06,20,Q2,21,7933,2378,0.82376,0.82851,0.84981,0.80824
G_focal_s4,G_focal,06,20,Q3,0,7891,2229,0.92992,0.98099,0.97418,0.98789
G_focal_s4,G_focal,06,20,Q4_clearest,2,5502,1401,0.97174,0.9943,0.99718,0.99143
G_focal_s4,G_focal,07,0,Q1_dimmest,175,8316,2808,0.52729,0.46881,0.64389,0.36859
G_focal_s4,G_focal,07,0,Q2,23,7149,2172,0.8064,0.81032,0.81218,0.80847
G_focal_s4,G_focal,07,0,Q3,4,7254,1955,0.90395,0.9646,0.95205,0.97749
G_focal_s4,G_focal,07,0,Q4_clearest,0,7433,2033,0.96703,0.99555,0.99455,0.99656
G_focal_s4,G_focal,07,20,Q1_dimmest,167,8316,2808,0.52697,0.46996,0.6561,0.3661
G_focal_s4,G_focal,07,20,Q2,23,7149,2172,0.8079,0.81412,0.82367,0.80479
G_focal_s4,G_focal,07,20,Q3,4,7254,1955,0.90404,0.96507,0.95344,0.97698
G_focal_s4,G_focal,07,20,Q4_clearest,0,7433,2033,0.96703,0.99555,0.99455,0.99656
G_focal_s4,G_focal,08,0,Q1_dimmest,213,9976,3245,0.56032,0.51906,0.63911,0.43698
G_focal_s4,G_focal,08,0,Q2,18,8461,2479,0.83635,0.8622,0.8453,0.87979
G_focal_s4,G_focal,08,0,Q3,6,6640,1970,0.91919,0.97475,0.96837,0.98122
G_focal_s4,G_focal,08,0,Q4_clearest,0,3312,891,0.96974,0.98991,0.99105,0.98878
G_focal_s4,G_focal,08,20,Q1_dimmest,189,9976,3245,0.55877,0.51435,0.65872,0.42188
G_focal_s4,G_focal,08,20,Q2,15,8461,2479,0.83575,0.8614,0.8517,0.87132
G_focal_s4,G_focal,08,20,Q3,6,6640,1970,0.91919,0.97475,0.96837,0.98122
G_focal_s4,G_focal,08,20,Q4_clearest,0,3312,891,0.96974,0.98991,0.99105,0.98878
G_focal_s4,G_focal,09,0,Q1_dimmest,180,9368,3406,0.58805,0.55914,0.66438,0.48268
G_focal_s4,G_focal,09,0,Q2,13,7639,2383,0.82573,0.88644,0.85357,0.92195
G_focal_s4,G_focal,09,0,Q3,4,6249,1936,0.91564,0.98182,0.97509,0.98864
G_focal_s4,G_focal,09,0,Q4_clearest,1,3485,1001,0.96856,0.98789,0.999,0.97702
G_focal_s4,G_focal,09,20,Q1_dimmest,166,9368,3406,0.58523,0.55202,0.66624,0.47123
G_focal_s4,G_focal,09,20,Q2,11,7639,2383,0.82517,0.88482,0.85381,0.91817
G_focal_s4,G_focal,09,20,Q3,4,6249,1936,0.91556,0.98181,0.97508,0.98864
G_focal_s4,G_focal,09,20,Q4_clearest,1,3485,1001,0.96856,0.98789,0.999,0.97702
G_focal_s4,G_focal,10,0,Q1_dimmest,208,7560,3177,0.56137,0.5126,0.57311,0.46364
G_focal_s4,G_focal,10,0,Q2,23,6756,2369,0.79815,0.821,0.77892,0.86788
G_focal_s4,G_focal,10,0,Q3,3,6741,2035,0.89226,0.96859,0.94974,0.98821
G_focal_s4,G_focal,10,0,Q4_clearest,0,6099,1556,0.95371,0.99539,0.99145,0.99936
G_focal_s4,G_focal,10,20,Q1_dimmest,196,7560,3177,0.56137,0.51194,0.58754,0.45357
G_focal_s4,G_focal,10,20,Q2,20,6756,2369,0.79744,0.81849,0.78092,0.85986
G_focal_s4,G_focal,10,20,Q3,3,6741,2035,0.89222,0.96858,0.95017,0.98771
G_focal_s4,G_focal,10,20,Q4_clearest,0,6099,1556,0.95371,0.99539,0.99145,0.99936
G_focal_s4,G_focal,11,0,Q1_dimmest,234,6386,2930,0.50722,0.45847,0.55939,0.3884
G_focal_s4,G_focal,11,0,Q2,27,5601,2186,0.75027,0.75227,0.7077,0.80284
G_focal_s4,G_focal,11,0,Q3,7,6593,2129,0.83852,0.91887,0.88184,0.95914
G_focal_s4,G_focal,11,0,Q4_clearest,1,10959,3211,0.93285,0.98284,0.9689,0.9972
G_focal_s4,G_focal,11,20,Q1_dimmest,216,6386,2930,0.50468,0.4509,0.56983,0.37304
G_focal_s4,G_focal,11,20,Q2,27,5601,2186,0.74953,0.7505,0.70885,0.79735
G_focal_s4,G_focal,11,20,Q3,7,6593,2129,0.83866,0.91955,0.8835,0.95867
G_focal_s4,G_focal,11,20,Q4_clearest,1,10959,3211,0.93289,0.983,0.9692,0.9972
G_focal_s4,G_focal,12,0,Q1_dimmest,160,6741,2151,0.59241,0.58694,0.65833,0.52952
G_focal_s4,G_focal,12,0,Q2,39,7686,2661,0.79157,0.83876,0.81266,0.86659
G_focal_s4,G_focal,12,0,Q3,4,7976,2374,0.87551,0.95395,0.93992,0.96841
G_focal_s4,G_focal,12,0,Q4_clearest,1,6087,1526,0.94644,0.99229,0.99245,0.99214
G_focal_s4,G_focal,12,20,Q1_dimmest,142,6741,2151,0.59022,0.58445,0.66908,0.51883
G_focal_s4,G_focal,12,20,Q2,33,7686,2661,0.79003,0.83505,0.81607,0.85494
G_focal_s4,G_focal,12,20,Q3,4,7976,2374,0.87572,0.9551,0.94295,0.96757
G_focal_s4,G_focal,12,20,Q4_clearest,1,6087,1526,0.94644,0.99229,0.99245,0.99214
G_focal_s4,G_focal,13,0,Q1_dimmest,184,8947,3161,0.57078,0.5271,0.58933,0.47675
G_focal_s4,G_focal,13,0,Q2,36,7970,2798,0.7884,0.81946,0.7905,0.85061
G_focal_s4,G_focal,13,0,Q3,4,7295,2120,0.89413,0.96909,0.95556,0.98302
G_focal_s4,G_focal,13,0,Q4_clearest,0,8047,2107,0.97068,0.99906,0.99812,1.0
G_focal_s4,G_focal,13,20,Q1_dimmest,166,8947,3161,0.56868,0.52293,0.6015,0.46251
G_focal_s4,G_focal,13,20,Q2,32,7970,2798,0.78714,0.81551,0.79734,0.83452
G_focal_s4,G_focal,13,20,Q3,2,7295,2120,0.89374,0.96809,0.95629,0.98019
G_focal_s4,G_focal,13,20,Q4_clearest,0,8047,2107,0.97068,0.99906,0.99812,1.0
G_focal_s4,G_focal,14,0,Q1_dimmest,135,4886,1623,0.56267,0.53655,0.53582,0.53728
G_focal_s4,G_focal,14,0,Q2,37,6453,2243,0.76494,0.78168,0.71036,0.86893
G_focal_s4,G_focal,14,0,Q3,3,8104,2470,0.85635,0.94683,0.90467,0.99312
G_focal_s4,G_focal,14,0,Q4_clearest,0,7234,2022,0.94192,0.99367,0.98743,1.0
G_focal_s4,G_focal,14,20,Q1_dimmest,119,4886,1623,0.56686,0.5458,0.56983,0.52372
G_focal_s4,G_focal,14,20,Q2,34,6453,2243,0.76518,0.78042,0.71932,0.85288
G_focal_s4,G_focal,14,20,Q3,3,8104,2470,0.85678,0.94783,0.90716,0.99231
G_focal_s4,G_focal,14,20,Q4_clearest,0,7234,2022,0.94192,0.99367,0.98743,1.0
G_focal_s4,G_focal,15,0,Q1_dimmest,146,4357,1638,0.55406,0.54367,0.54339,0.54396
G_focal_s4,G_focal,15,0,Q2,12,5141,1751,0.76185,0.81242,0.73132,0.91376
G_focal_s4,G_focal,15,0,Q3,0,6066,1760,0.83481,0.94808,0.90314,0.99773
G_focal_s4,G_focal,15,0,Q4_clearest,0,8050,2502,0.92448,0.98608,0.97254,1.0
G_focal_s4,G_focal,15,20,Q1_dimmest,129,4357,1638,0.55369,0.54185,0.55169,0.53236
G_focal_s4,G_focal,15,20,Q2,10,5141,1751,0.76198,0.8147,0.74297,0.90177
G_focal_s4,G_focal,15,20,Q3,0,6066,1760,0.83554,0.95049,0.908,0.99716
G_focal_s4,G_focal,15,20,Q4_clearest,0,8050,2502,0.92485,0.98686,0.97405,1.0
G_focal_s4,G_focal,16,0,Q1_dimmest,183,6445,1959,0.66113,0.66574,0.73049,0.61154
G_focal_s4,G_focal,16,0,Q2,20,6977,2256,0.82134,0.8989,0.88429,0.91401
G_focal_s4,G_focal,16,0,Q3,0,7630,2131,0.86558,0.95887,0.92746,0.99249
G_focal_s4,G_focal,16,0,Q4_clearest,2,8739,2466,0.93087,0.98747,0.97719,0.99797
G_focal_s4,G_focal,16,20,Q1_dimmest,162,6445,1959,0.66071,0.66908,0.76307,0.59571
G_focal_s4,G_focal,16,20,Q2,18,6977,2256,0.82027,0.89545,0.89286,0.89805
G_focal_s4,G_focal,16,20,Q3,0,7630,2131,0.86627,0.96091,0.93169,0.99202
G_focal_s4,G_focal,16,20,Q4_clearest,2,8739,2466,0.93152,0.98947,0.98112,0.99797
G_focal_s4,G_focal,17,0,Q1_dimmest,190,7862,2585,0.62648,0.63558,0.74191,0.5559
G_focal_s4,G_focal,17,0,Q2,23,7104,2140,0.83144,0.89408,0.89376,0.89439
G_focal_s4,G_focal,17,0,Q3,3,7222,1826,0.88844,0.9778,0.9668,0.98905
G_focal_s4,G_focal,17,0,Q4_clearest,1,5664,1433,0.91513,0.98859,0.98488,0.99232
G_focal_s4,G_focal,17,20,Q1_dimmest,179,7862,2585,0.62864,0.64247,0.76685,0.5528
G_focal_s4,G_focal,17,20,Q2,22,7104,2140,0.83055,0.89317,0.90388,0.88271
G_focal_s4,G_focal,17,20,Q3,3,7222,1826,0.88842,0.9783,0.96778,0.98905
G_focal_s4,G_focal,17,20,Q4_clearest,1,5664,1433,0.91513,0.98859,0.98488,0.99232
G_focal_s4,G_focal,18,0,Q1_dimmest,122,4966,1759,0.6486,0.65389,0.68791,0.62308
G_focal_s4,G_focal,18,0,Q2,22,6044,1968,0.78732,0.88094,0.85141,0.9126
G_focal_s4,G_focal,18,0,Q3,5,7429,2081,0.82307,0.95965,0.93722,0.98318
G_focal_s4,G_focal,18,0,Q4_clearest,0,7705,1851,0.88541,0.98612,0.97416,0.99838
G_focal_s4,G_focal,18,20,Q1_dimmest,115,4966,1759,0.64962,0.65784,0.70247,0.61853
G_focal_s4,G_focal,18,20,Q2,22,6044,1968,0.78742,0.88325,0.85843,0.90955
G_focal_s4,G_focal,18,20,Q3,4,7429,2081,0.82472,0.96478,0.94706,0.98318
G_focal_s4,G_focal,18,20,Q4_clearest,0,7705,1851,0.88638,0.98968,0.98112,0.99838
G_focal_s4,G_focal,19,0,Q1_dimmest,104,3731,1722,0.62535,0.6805,0.71561,0.64866
G_focal_s4,G_focal,19,0,Q2,22,6957,2067,0.75899,0.8489,0.77855,0.93324
G_focal_s4,G_focal,19,0,Q3,1,8771,2610,0.86636,0.97028,0.94988,0.99157
G_focal_s4,G_focal,19,0,Q4_clearest,0,7909,2077,0.95622,0.99758,0.99612,0.99904
G_focal_s4,G_focal,19,20,Q1_dimmest,98,3731,1722,0.62486,0.68034,0.72468,0.64111
G_focal_s4,G_focal,19,20,Q2,22,6957,2067,0.7607,0.85399,0.78957,0.92985
G_focal_s4,G_focal,19,20,Q3,1,8771,2610,0.86636,0.97046,0.95093,0.9908
G_focal_s4,G_focal,19,20,Q4_clearest,0,7909,2077,0.95622,0.99758,0.99612,0.99904
G_focal_s4,G_focal,20,0,Q1_dimmest,132,5411,1924,0.65201,0.67993,0.65014,0.71258
G_focal_s4,G_focal,20,0,Q2,10,7210,2225,0.78066,0.88836,0.82634,0.96045
G_focal_s4,G_focal,20,0,Q3,3,6951,2027,0.84332,0.95028,0.91435,0.98915
G_focal_s4,G_focal,20,0,Q4_clearest,3,4693,1197,0.93171,0.98795,0.98101,0.99499
G_focal_s4,G_focal,20,20,Q1_dimmest,124,5411,1924,0.65329,0.6871,0.6717,0.70322
G_focal_s4,G_focal,20,20,Q2,10,7210,2225,0.78308,0.89736,0.84344,0.95865
G_focal_s4,G_focal,20,20,Q3,3,6951,2027,0.84465,0.95478,0.92314,0.98865
G_focal_s4,G_focal,20,20,Q4_clearest,2,4693,1197,0.9316,0.98753,0.981,0.99415
G_focal_s5,G_focal,01,0,Q1_dimmest,133,4597,1791,0.59318,0.61243,0.5537,0.68509
G_focal_s5,G_focal,01,0,Q2,32,6946,2500,0.7514,0.853,0.77855,0.9432
G_focal_s5,G_focal,01,0,Q3,3,8473,2538,0.85284,0.96853,0.94711,0.99094
G_focal_s5,G_focal,01,0,Q4_clearest,0,9424,2483,0.92635,0.98962,0.97945,1.0
G_focal_s5,G_focal,01,20,Q1_dimmest,123,4597,1791,0.59131,0.61072,0.56545,0.66387
G_focal_s5,G_focal,01,20,Q2,28,6946,2500,0.75151,0.85275,0.78479,0.9336
G_focal_s5,G_focal,01,20,Q3,1,8473,2538,0.85327,0.97056,0.95173,0.99015
G_focal_s5,G_focal,01,20,Q4_clearest,0,9424,2483,0.92658,0.99041,0.98101,1.0
G_focal_s5,G_focal,02,0,Q1_dimmest,179,5691,1790,0.51128,0.53694,0.50159,0.57765
G_focal_s5,G_focal,02,0,Q2,25,6606,1861,0.76732,0.81064,0.72929,0.91241
G_focal_s5,G_focal,02,0,Q3,2,8662,2260,0.88422,0.95074,0.91312,0.99159
G_focal_s5,G_focal,02,0,Q4_clearest,0,12831,3378,0.96193,0.9937,0.98747,1.0
G_focal_s5,G_focal,02,20,Q1_dimmest,161,5691,1790,0.50921,0.5342,0.51706,0.55251
G_focal_s5,G_focal,02,20,Q2,24,6606,1861,0.76531,0.80547,0.73352,0.89307
G_focal_s5,G_focal,02,20,Q3,1,8662,2260,0.8855,0.95576,0.92281,0.99115
G_focal_s5,G_focal,02,20,Q4_clearest,0,12831,3378,0.96197,0.99384,0.98775,1.0
G_focal_s5,G_focal,03,0,Q1_dimmest,218,10358,3377,0.52677,0.54179,0.56342,0.52176
G_focal_s5,G_focal,03,0,Q2,23,9353,2708,0.80745,0.8721,0.83391,0.91396
G_focal_s5,G_focal,03,0,Q3,4,8095,2089,0.92943,0.97393,0.96067,0.98755
G_focal_s5,G_focal,03,0,Q4_clearest,0,5087,1047,0.98843,0.99952,1.0,0.99904
G_focal_s5,G_focal,03,20,Q1_dimmest,207,10358,3377,0.52685,0.54145,0.57639,0.51051
G_focal_s5,G_focal,03,20,Q2,20,9353,2708,0.80853,0.87521,0.8437,0.90916
G_focal_s5,G_focal,03,20,Q3,4,8095,2089,0.93118,0.97773,0.96811,0.98755
G_focal_s5,G_focal,03,20,Q4_clearest,0,5087,1047,0.98843,0.99952,1.0,0.99904
G_focal_s5,G_focal,04,0,Q1_dimmest,181,7750,3035,0.51005,0.49628,0.58309,0.43196
G_focal_s5,G_focal,04,0,Q2,26,6017,1865,0.77248,0.84455,0.79283,0.90349
G_focal_s5,G_focal,04,0,Q3,3,6293,1680,0.89814,0.95703,0.92996,0.98571
G_focal_s5,G_focal,04,0,Q4_clearest,3,10294,2346,0.97152,0.99261,0.98951,0.99574
G_focal_s5,G_focal,04,20,Q1_dimmest,167,7750,3035,0.50928,0.49568,0.6051,0.41977
G_focal_s5,G_focal,04,20,Q2,23,6017,1865,0.77252,0.84365,0.79965,0.89276
G_focal_s5,G_focal,04,20,Q3,2,6293,1680,0.89885,0.95964,0.93491,0.98571
G_focal_s5,G_focal,04,20,Q4_clearest,3,10294,2346,0.97147,0.9924,0.9895,0.99531
G_focal_s5,G_focal,05,0,Q1_dimmest,245,9685,3539,0.52052,0.48008,0.57296,0.41311
G_focal_s5,G_focal,05,0,Q2,15,7440,2198,0.82461,0.86394,0.82881,0.90218
G_focal_s5,G_focal,05,0,Q3,1,7606,2186,0.93423,0.9849,0.97769,0.99222
G_focal_s5,G_focal,05,0,Q4_clearest,0,6179,1663,0.97613,0.99739,0.99659,0.9982
G_focal_s5,G_focal,05,20,Q1_dimmest,217,9685,3539,0.51766,0.47489,0.60311,0.39164
G_focal_s5,G_focal,05,20,Q2,14,7440,2198,0.82506,0.86459,0.8415,0.88899
G_focal_s5,G_focal,05,20,Q3,1,7606,2186,0.93429,0.98512,0.97813,0.99222
G_focal_s5,G_focal,05,20,Q4_clearest,0,6179,1663,0.97613,0.99739,0.99659,0.9982
G_focal_s5,G_focal,06,0,Q1_dimmest,266,10790,3981,0.53026,0.52473,0.61987,0.45491
G_focal_s5,G_focal,06,0,Q2,26,7933,2378,0.81245,0.85259,0.83738,0.86838
G_focal_s5,G_focal,06,0,Q3,0,7891,2229,0.93857,0.98373,0.97179,0.99596
G_focal_s5,G_focal,06,0,Q4_clearest,0,5502,1401,0.981,0.99965,0.9993,1.0
G_focal_s5,G_focal,06,20,Q1_dimmest,242,10790,3981,0.53131,0.52727,0.64347,0.44662
G_focal_s5,G_focal,06,20,Q2,21,7933,2378,0.81295,0.85241,0.84909,0.85576
G_focal_s5,G_focal,06,20,Q3,0,7891,2229,0.93875,0.98431,0.97508,0.99372
G_focal_s5,G_focal,06,20,Q4_clearest,0,5502,1401,0.981,0.99965,0.9993,1.0
G_focal_s5,G_focal,07,0,Q1_dimmest,170,8316,2808,0.4959,0.48161,0.58739,0.40812
G_focal_s5,G_focal,07,0,Q2,27,7149,2172,0.78959,0.82155,0.80326,0.8407
G_focal_s5,G_focal,07,0,Q3,4,7254,1955,0.91046,0.96478,0.94663,0.98363
G_focal_s5,G_focal,07,0,Q4_clearest,0,7433,2033,0.97228,0.99735,0.99569,0.99902
G_focal_s5,G_focal,07,20,Q1_dimmest,154,8316,2808,0.49777,0.48603,0.62544,0.39744
G_focal_s5,G_focal,07,20,Q2,23,7149,2172,0.79085,0.82428,0.8163,0.83241
G_focal_s5,G_focal,07,20,Q3,4,7254,1955,0.9112,0.96624,0.94945,0.98363
G_focal_s5,G_focal,07,20,Q4_clearest,0,7433,2033,0.97228,0.99735,0.99569,0.99902
G_focal_s5,G_focal,08,0,Q1_dimmest,213,9976,3245,0.55772,0.55097,0.6119,0.50108
G_focal_s5,G_focal,08,0,Q2,18,8461,2479,0.82705,0.8609,0.82407,0.90117
G_focal_s5,G_focal,08,0,Q3,2,6640,1970,0.92035,0.97242,0.9575,0.98782
G_focal_s5,G_focal,08,0,Q4_clearest,1,3312,891,0.9753,0.99223,0.9912,0.99327
G_focal_s5,G_focal,08,20,Q1_dimmest,181,9976,3245,0.55697,0.55166,0.64824,0.48012
G_focal_s5,G_focal,08,20,Q2,14,8461,2479,0.82748,0.86166,0.83413,0.89109
G_focal_s5,G_focal,08,20,Q3,2,6640,1970,0.92158,0.9755,0.96348,0.98782
G_focal_s5,G_focal,08,20,Q4_clearest,1,3312,891,0.9753,0.99223,0.9912,0.99327
G_focal_s5,G_focal,09,0,Q1_dimmest,205,9368,3406,0.57122,0.57124,0.65999,0.50352
G_focal_s5,G_focal,09,0,Q2,19,7639,2383,0.82546,0.87877,0.83095,0.93244
G_focal_s5,G_focal,09,0,Q3,0,6249,1936,0.9336,0.98551,0.97192,0.99948
G_focal_s5,G_focal,09,0,Q4_clearest,0,3485,1001,0.98335,1.0,1.0,1.0
G_focal_s5,G_focal,09,20,Q1_dimmest,186,9368,3406,0.57067,0.57014,0.67877,0.49149
G_focal_s5,G_focal,09,20,Q2,19,7639,2383,0.82479,0.87787,0.8337,0.92698
G_focal_s5,G_focal,09,20,Q3,0,6249,1936,0.93416,0.98653,0.97391,0.99948
G_focal_s5,G_focal,09,20,Q4_clearest,0,3485,1001,0.98335,1.0,1.0,1.0
G_focal_s5,G_focal,10,0,Q1_dimmest,211,7560,3177,0.53865,0.54814,0.56393,0.53321
G_focal_s5,G_focal,10,0,Q2,17,6756,2369,0.77908,0.83845,0.77758,0.90967
G_focal_s5,G_focal,10,0,Q3,1,6741,2035,0.89753,0.96394,0.93296,0.99705
G_focal_s5,G_focal,10,0,Q4_clearest,0,6099,1556,0.96122,0.99607,0.9928,0.99936
G_focal_s5,G_focal,10,20,Q1_dimmest,194,7560,3177,0.54033,0.54956,0.58309,0.51967
G_focal_s5,G_focal,10,20,Q2,16,6756,2369,0.77919,0.83805,0.78189,0.90291
G_focal_s5,G_focal,10,20,Q3,1,6741,2035,0.89806,0.96605,0.93735,0.99656
G_focal_s5,G_focal,10,20,Q4_clearest,0,6099,1556,0.96122,0.99607,0.9928,0.99936
G_focal_s5,G_focal,11,0,Q1_dimmest,256,6386,2930,0.48967,0.46636,0.50102,0.43618
G_focal_s5,G_focal,11,0,Q2,31,5601,2186,0.73532,0.76659,0.70282,0.84309
G_focal_s5,G_focal,11,0,Q3,6,6593,2129,0.83813,0.91722,0.86582,0.97511
G_focal_s5,G_focal,11,0,Q4_clearest,1,10959,3211,0.93657,0.98323,0.96847,0.99844
G_focal_s5,G_focal,11,20,Q1_dimmest,233,6386,2930,0.48875,0.46342,0.5219,0.41672
G_focal_s5,G_focal,11,20,Q2,28,5601,2186,0.73396,0.76447,0.708,0.83074
G_focal_s5,G_focal,11,20,Q3,6,6593,2129,0.83879,0.91921,0.87049,0.9737
G_focal_s5,G_focal,11,20,Q4_clearest,1,10959,3211,0.93698,0.98444,0.97082,0.99844
G_focal_s5,G_focal,12,0,Q1_dimmest,155,6741,2151,0.58773,0.60152,0.59869,0.60437
G_focal_s5,G_focal,12,0,Q2,22,7686,2661,0.78322,0.85127,0.79268,0.9192
G_focal_s5,G_focal,12,0,Q3,3,7976,2374,0.87368,0.95376,0.92459,0.98484
G_focal_s5,G_focal,12,0,Q4_clearest,0,6087,1526,0.95495,0.99464,0.98934,1.0
G_focal_s5,G_focal,12,20,Q1_dimmest,150,6741,2151,0.59118,0.61568,0.63722,0.59554
G_focal_s5,G_focal,12,20,Q2,21,7686,2661,0.78533,0.85817,0.80765,0.91545
G_focal_s5,G_focal,12,20,Q3,3,7976,2374,0.87466,0.95667,0.93007,0.98484
G_focal_s5,G_focal,12,20,Q4_clearest,0,6087,1526,0.95495,0.99464,0.98934,1.0
G_focal_s5,G_focal,13,0,Q1_dimmest,213,8947,3161,0.54153,0.53342,0.55952,0.50965
G_focal_s5,G_focal,13,0,Q2,39,7970,2798,0.77358,0.82203,0.76775,0.88456
G_focal_s5,G_focal,13,0,Q3,5,7295,2120,0.89725,0.96208,0.94202,0.98302
G_focal_s5,G_focal,13,0,Q4_clearest,0,8047,2107,0.97573,0.99812,0.99625,1.0
G_focal_s5,G_focal,13,20,Q1_dimmest,180,8947,3161,0.54109,0.53208,0.58068,0.49098
G_focal_s5,G_focal,13,20,Q2,35,7970,2798,0.77423,0.82574,0.79389,0.86026
G_focal_s5,G_focal,13,20,Q3,3,7295,2120,0.89769,0.9634,0.94761,0.97972
G_focal_s5,G_focal,13,20,Q4_clearest,0,8047,2107,0.97567,0.99812,0.99625,1.0
G_focal_s5,G_focal,14,0,Q1_dimmest,144,4886,1623,0.51423,0.52406,0.446,0.63524
G_focal_s5,G_focal,14,0,Q2,30,6453,2243,0.73678,0.79429,0.69973,0.91841
G_focal_s5,G_focal,14,0,Q3,3,8104,2470,0.86182,0.94291,0.89655,0.99433
G_focal_s5,G_focal,14,0,Q4_clearest,0,7234,2022,0.94847,0.99367,0.98742,1.0
G_focal_s5,G_focal,14,20,Q1_dimmest,140,4886,1623,0.52155,0.54478,0.47968,0.63031
G_focal_s5,G_focal,14,20,Q2,27,6453,2243,0.74097,0.80113,0.7131,0.91395
G_focal_s5,G_focal,14,20,Q3,3,8104,2470,0.86275,0.94545,0.90114,0.99433
G_focal_s5,G_focal,14,20,Q4_clearest,0,7234,2022,0.94866,0.9944,0.98886,1.0
G_focal_s5,G_focal,15,0,Q1_dimmest,119,4357,1638,0.49779,0.51859,0.45412,0.6044
G_focal_s5,G_focal,15,0,Q2,9,5141,1751,0.71035,0.77033,0.65644,0.93204
G_focal_s5,G_focal,15,0,Q3,0,6066,1760,0.81576,0.908,0.83308,0.99773
G_focal_s5,G_focal,15,0,Q4_clearest,0,8050,2502,0.92267,0.9747,0.95065,1.0
G_focal_s5,G_focal,15,20,Q1_dimmest,111,4357,1638,0.5067,0.54166,0.49566,0.59707
G_focal_s5,G_focal,15,20,Q2,9,5141,1751,0.71618,0.78656,0.68282,0.92747
G_focal_s5,G_focal,15,20,Q3,0,6066,1760,0.82046,0.91826,0.85051,0.99773
G_focal_s5,G_focal,15,20,Q4_clearest,0,8050,2502,0.92357,0.97622,0.95354,1.0
G_focal_s5,G_focal,16,0,Q1_dimmest,162,6445,1959,0.64793,0.67358,0.6922,0.65595
G_focal_s5,G_focal,16,0,Q2,23,6977,2256,0.81366,0.89123,0.86401,0.92021
G_focal_s5,G_focal,16,0,Q3,0,7630,2131,0.87936,0.96507,0.9362,0.99578
G_focal_s5,G_focal,16,0,Q4_clearest,1,8739,2466,0.93605,0.98244,0.96586,0.99959
G_focal_s5,G_focal,16,20,Q1_dimmest,157,6445,1959,0.64866,0.68101,0.71472,0.65033
G_focal_s5,G_focal,16,20,Q2,21,6977,2256,0.81774,0.90084,0.8868,0.91534
G_focal_s5,G_focal,16,20,Q3,0,7630,2131,0.88042,0.96754,0.94128,0.99531
G_focal_s5,G_focal,16,20,Q4_clearest,1,8739,2466,0.93605,0.98244,0.96586,0.99959
G_focal_s5,G_focal,17,0,Q1_dimmest,196,7862,2585,0.62241,0.64162,0.7163,0.58104
G_focal_s5,G_focal,17,0,Q2,27,7104,2140,0.83157,0.89722,0.86962,0.92664
G_focal_s5,G_focal,17,0,Q3,1,7222,1826,0.89971,0.97558,0.95835,0.99343
G_focal_s5,G_focal,17,0,Q4_clearest,0,5664,1433,0.92744,0.99002,0.98091,0.9993
G_focal_s5,G_focal,17,20,Q1_dimmest,180,7862,2585,0.62016,0.64134,0.73661,0.56789
G_focal_s5,G_focal,17,20,Q2,24,7104,2140,0.83241,0.89924,0.88276,0.91636
G_focal_s5,G_focal,17,20,Q3,1,7222,1826,0.89978,0.97653,0.96122,0.99233
G_focal_s5,G_focal,17,20,Q4_clearest,0,5664,1433,0.92689,0.98934,0.98227,0.99651
G_focal_s5,G_focal,18,0,Q1_dimmest,134,4966,1759,0.65422,0.6732,0.67674,0.6697
G_focal_s5,G_focal,18,0,Q2,19,6044,1968,0.79192,0.88401,0.83752,0.93598
G_focal_s5,G_focal,18,0,Q3,1,7429,2081,0.84672,0.96646,0.93636,0.99856
G_focal_s5,G_focal,18,0,Q4_clearest,0,7705,1851,0.89601,0.98789,0.97607,1.0
G_focal_s5,G_focal,18,20,Q1_dimmest,127,4966,1759,0.6588,0.68618,0.70603,0.66742
G_focal_s5,G_focal,18,20,Q2,19,6044,1968,0.79229,0.88592,0.84635,0.92937
G_focal_s5,G_focal,18,20,Q3,1,7429,2081,0.84837,0.97211,0.94746,0.99808
G_focal_s5,G_focal,18,20,Q4_clearest,0,7705,1851,0.89611,0.9884,0.97706,1.0
G_focal_s5,G_focal,19,0,Q1_dimmest,89,3731,1722,0.63863,0.70627,0.67085,0.74564
G_focal_s5,G_focal,19,0,Q2,16,6957,2067,0.74595,0.84453,0.7504,0.96565
G_focal_s5,G_focal,19,0,Q3,2,8771,2610,0.87504,0.96394,0.9344,0.9954
G_focal_s5,G_focal,19,0,Q4_clearest,0,7909,2077,0.96328,0.99704,0.99409,1.0
G_focal_s5,G_focal,19,20,Q1_dimmest,84,3731,1722,0.64443,0.71855,0.69949,0.73868
G_focal_s5,G_focal,19,20,Q2,15,6957,2067,0.74987,0.85644,0.77252,0.96081
G_focal_s5,G_focal,19,20,Q3,1,8771,2610,0.87595,0.96688,0.94131,0.99387
G_focal_s5,G_focal,19,20,Q4_clearest,0,7909,2077,0.96328,0.99704,0.99409,1.0
G_focal_s5,G_focal,20,0,Q1_dimmest,121,5411,1924,0.6288,0.67187,0.5891,0.7817
G_focal_s5,G_focal,20,0,Q2,10,7210,2225,0.77808,0.86541,0.77893,0.97348
G_focal_s5,G_focal,20,0,Q3,2,6951,2027,0.85564,0.94173,0.89264,0.99655
G_focal_s5,G_focal,20,0,Q4_clearest,1,4693,1197,0.94009,0.98486,0.97097,0.99916
G_focal_s5,G_focal,20,20,Q1_dimmest,115,5411,1924,0.63033,0.67973,0.60727,0.77183
G_focal_s5,G_focal,20,20,Q2,10,7210,2225,0.78111,0.87485,0.79708,0.96944
G_focal_s5,G_focal,20,20,Q3,2,6951,2027,0.85815,0.94807,0.9045,0.99605
G_focal_s5,G_focal,20,20,Q4_clearest,1,4693,1197,0.94103,0.98648,0.97411,0.99916
H_aug_s0,H_aug,01,0,Q1_dimmest,196,4597,1791,0.58864,0.57723,0.55076,0.60637
H_aug_s0,H_aug,01,0,Q2,38,6946,2500,0.79917,0.8534,0.78875,0.9296
H_aug_s0,H_aug,01,0,Q3,4,8473,2538,0.86281,0.96795,0.94673,0.99015
H_aug_s0,H_aug,01,0,Q4_clearest,0,9424,2483,0.92201,0.99175,0.98441,0.99919
H_aug_s0,H_aug,01,20,Q1_dimmest,182,4597,1791,0.58965,0.58216,0.57122,0.59352
H_aug_s0,H_aug,01,20,Q2,34,6946,2500,0.79945,0.85629,0.79992,0.9212
H_aug_s0,H_aug,01,20,Q3,4,8473,2538,0.86333,0.97032,0.95347,0.98779
H_aug_s0,H_aug,01,20,Q4_clearest,0,9424,2483,0.92224,0.99195,0.98481,0.99919
H_aug_s0,H_aug,02,0,Q1_dimmest,225,5691,1790,0.5195,0.49135,0.48093,0.50223
H_aug_s0,H_aug,02,0,Q2,28,6606,1861,0.81292,0.80976,0.74366,0.88877
H_aug_s0,H_aug,02,0,Q3,2,8662,2260,0.89788,0.95109,0.91603,0.98894
H_aug_s0,H_aug,02,0,Q4_clearest,0,12831,3378,0.96133,0.99303,0.98616,1.0
H_aug_s0,H_aug,02,20,Q1_dimmest,205,5691,1790,0.51678,0.48468,0.48784,0.48156
H_aug_s0,H_aug,02,20,Q2,27,6606,1861,0.81267,0.80957,0.75621,0.87104
H_aug_s0,H_aug,02,20,Q3,2,8662,2260,0.89867,0.95379,0.92144,0.9885
H_aug_s0,H_aug,02,20,Q4_clearest,0,12831,3378,0.9614,0.99332,0.98673,1.0
H_aug_s0,H_aug,03,0,Q1_dimmest,277,10358,3377,0.5227,0.50094,0.58934,0.43559
H_aug_s0,H_aug,03,0,Q2,27,9353,2708,0.83765,0.86864,0.84967,0.88848
H_aug_s0,H_aug,03,0,Q3,7,8095,2089,0.93658,0.97401,0.96773,0.98037
H_aug_s0,H_aug,03,0,Q4_clearest,1,5087,1047,0.98406,0.99621,0.99912,0.99331
H_aug_s0,H_aug,03,20,Q1_dimmest,236,10358,3377,0.51765,0.49149,0.60283,0.41487
H_aug_s0,H_aug,03,20,Q2,25,9353,2708,0.83618,0.86575,0.85094,0.88109
H_aug_s0,H_aug,03,20,Q3,7,8095,2089,0.93645,0.97376,0.9677,0.97989
H_aug_s0,H_aug,03,20,Q4_clearest,1,5087,1047,0.98406,0.99621,0.99912,0.99331
H_aug_s0,H_aug,04,0,Q1_dimmest,232,7750,3035,0.52018,0.48014,0.60043,0.4
H_aug_s0,H_aug,04,0,Q2,21,6017,1865,0.82368,0.84753,0.81019,0.88847
H_aug_s0,H_aug,04,0,Q3,1,6293,1680,0.91878,0.97505,0.95402,0.99702
H_aug_s0,H_aug,04,0,Q4_clearest,1,10294,2346,0.97113,0.98877,0.97942,0.99829
H_aug_s0,H_aug,04,20,Q1_dimmest,214,7750,3035,0.51901,0.47774,0.61533,0.39044
H_aug_s0,H_aug,04,20,Q2,20,6017,1865,0.82222,0.84306,0.81009,0.87882
H_aug_s0,H_aug,04,20,Q3,1,6293,1680,0.91882,0.97503,0.95508,0.99583
H_aug_s0,H_aug,04,20,Q4_clearest,1,10294,2346,0.97113,0.98877,0.97942,0.99829
H_aug_s0,H_aug,05,0,Q1_dimmest,298,9685,3539,0.49802,0.43931,0.60196,0.34586
H_aug_s0,H_aug,05,0,Q2,18,7440,2198,0.86322,0.87033,0.85035,0.89126
H_aug_s0,H_aug,05,0,Q3,1,7606,2186,0.93708,0.98684,0.97795,0.99588
H_aug_s0,H_aug,05,0,Q4_clearest,0,6179,1663,0.97399,0.99509,0.99024,1.0
H_aug_s0,H_aug,05,20,Q1_dimmest,269,9685,3539,0.49209,0.42671,0.61019,0.32806
H_aug_s0,H_aug,05,20,Q2,17,7440,2198,0.86196,0.86829,0.857,0.87989
H_aug_s0,H_aug,05,20,Q3,1,7606,2186,0.93666,0.98611,0.97919,0.99314
H_aug_s0,H_aug,05,20,Q4_clearest,0,6179,1663,0.97399,0.99509,0.99024,1.0
H_aug_s0,H_aug,06,0,Q1_dimmest,350,10790,3981,0.52041,0.49157,0.62599,0.40467
H_aug_s0,H_aug,06,0,Q2,31,7933,2378,0.85292,0.85426,0.86041,0.84819
H_aug_s0,H_aug,06,0,Q3,0,7891,2229,0.95072,0.98718,0.97768,0.99686
H_aug_s0,H_aug,06,0,Q4_clearest,0,5502,1401,0.98013,0.99897,0.99795,1.0
H_aug_s0,H_aug,06,20,Q1_dimmest,315,10790,3981,0.51748,0.48738,0.66369,0.38508
H_aug_s0,H_aug,06,20,Q2,29,7933,2378,0.85123,0.84989,0.86607,0.83431
H_aug_s0,H_aug,06,20,Q3,0,7891,2229,0.95141,0.98868,0.98063,0.99686
H_aug_s0,H_aug,06,20,Q4_clearest,0,5502,1401,0.98013,0.99897,0.99795,1.0
H_aug_s0,H_aug,07,0,Q1_dimmest,225,8316,2808,0.51028,0.4884,0.66045,0.38746
H_aug_s0,H_aug,07,0,Q2,25,7149,2172,0.84039,0.84942,0.83689,0.86234
H_aug_s0,H_aug,07,0,Q3,2,7254,1955,0.92396,0.97468,0.96198,0.98772
H_aug_s0,H_aug,07,0,Q4_clearest,0,7433,2033,0.97191,0.99729,0.99509,0.99951
H_aug_s0,H_aug,07,20,Q1_dimmest,205,8316,2808,0.50631,0.47902,0.68027,0.36966
H_aug_s0,H_aug,07,20,Q2,24,7149,2172,0.83985,0.849,0.84582,0.85221
H_aug_s0,H_aug,07,20,Q3,2,7254,1955,0.92478,0.97612,0.96528,0.98721
H_aug_s0,H_aug,07,20,Q4_clearest,0,7433,2033,0.97191,0.99729,0.99509,0.99951
H_aug_s0,H_aug,08,0,Q1_dimmest,293,9976,3245,0.53998,0.51242,0.61267,0.44037
H_aug_s0,H_aug,08,0,Q2,26,8461,2479,0.86444,0.87091,0.84332,0.90036
H_aug_s0,H_aug,08,0,Q3,5,6640,1970,0.93445,0.97754,0.97092,0.98426
H_aug_s0,H_aug,08,0,Q4_clearest,1,3312,891,0.97619,0.99335,0.99344,0.99327
H_aug_s0,H_aug,08,20,Q1_dimmest,269,9976,3245,0.53964,0.51339,0.64055,0.42835
H_aug_s0,H_aug,08,20,Q2,23,8461,2479,0.86485,0.87262,0.85196,0.89431
H_aug_s0,H_aug,08,20,Q3,5,6640,1970,0.9347,0.97849,0.97279,0.98426
H_aug_s0,H_aug,08,20,Q4_clearest,1,3312,891,0.97619,0.99335,0.99344,0.99327
H_aug_s0,H_aug,09,0,Q1_dimmest,253,9368,3406,0.59281,0.59215,0.66534,0.53347
H_aug_s0,H_aug,09,0,Q2,16,7639,2383,0.87288,0.91047,0.87548,0.94838
H_aug_s0,H_aug,09,0,Q3,0,6249,1936,0.93771,0.98649,0.97383,0.99948
H_aug_s0,H_aug,09,0,Q4_clearest,0,3485,1001,0.98059,1.0,1.0,1.0
H_aug_s0,H_aug,09,20,Q1_dimmest,228,9368,3406,0.59058,0.58967,0.68867,0.51556
H_aug_s0,H_aug,09,20,Q2,14,7639,2383,0.87226,0.90942,0.87931,0.94167
H_aug_s0,H_aug,09,20,Q3,0,6249,1936,0.93806,0.9875,0.97579,0.99948
H_aug_s0,H_aug,09,20,Q4_clearest,0,3485,1001,0.98059,1.0,1.0,1.0
H_aug_s0,H_aug,10,0,Q1_dimmest,307,7560,3177,0.53021,0.48251,0.53782,0.43752
H_aug_s0,H_aug,10,0,Q2,35,6756,2369,0.83175,0.83091,0.77738,0.89236
H_aug_s0,H_aug,10,0,Q3,1,6741,2035,0.9063,0.96408,0.93408,0.99607
H_aug_s0,H_aug,10,0,Q4_clearest,0,6099,1556,0.95677,0.99482,0.99032,0.99936
H_aug_s0,H_aug,10,20,Q1_dimmest,276,7560,3177,0.52694,0.47558,0.55154,0.418
H_aug_s0,H_aug,10,20,Q2,32,6756,2369,0.83031,0.82653,0.77942,0.8797
H_aug_s0,H_aug,10,20,Q3,1,6741,2035,0.9063,0.96356,0.93527,0.99361
H_aug_s0,H_aug,10,20,Q4_clearest,0,6099,1556,0.95677,0.99482,0.99032,0.99936
H_aug_s0,H_aug,11,0,Q1_dimmest,322,6386,2930,0.4798,0.42596,0.49699,0.3727
H_aug_s0,H_aug,11,0,Q2,46,5601,2186,0.79105,0.77277,0.72063,0.83303
H_aug_s0,H_aug,11,0,Q3,5,6593,2129,0.86101,0.92056,0.87407,0.97229
H_aug_s0,H_aug,11,0,Q4_clearest,2,10959,3211,0.93677,0.9818,0.96599,0.99813
H_aug_s0,H_aug,11,20,Q1_dimmest,285,6386,2930,0.4745,0.41402,0.5182,0.34471
H_aug_s0,H_aug,11,20,Q2,41,5601,2186,0.7899,0.76862,0.72708,0.81519
H_aug_s0,H_aug,11,20,Q3,4,6593,2129,0.86145,0.92213,0.87728,0.97182
H_aug_s0,H_aug,11,20,Q4_clearest,2,10959,3211,0.93677,0.9818,0.96599,0.99813
H_aug_s0,H_aug,12,0,Q1_dimmest,226,6741,2151,0.59075,0.57474,0.6116,0.54207
H_aug_s0,H_aug,12,0,Q2,45,7686,2661,0.83798,0.86295,0.82658,0.90267
H_aug_s0,H_aug,12,0,Q3,0,7976,2374,0.90321,0.96209,0.93733,0.98821
H_aug_s0,H_aug,12,0,Q4_clearest,0,6087,1526,0.95422,0.99378,0.98764,1.0
H_aug_s0,H_aug,12,20,Q1_dimmest,217,6741,2151,0.59428,0.58686,0.64901,0.53556
H_aug_s0,H_aug,12,20,Q2,40,7686,2661,0.8383,0.86293,0.83393,0.89402
H_aug_s0,H_aug,12,20,Q3,0,7976,2374,0.90336,0.96266,0.93878,0.98778
H_aug_s0,H_aug,12,20,Q4_clearest,0,6087,1526,0.95422,0.99378,0.98764,1.0
H_aug_s0,H_aug,13,0,Q1_dimmest,306,8947,3161,0.56736,0.5329,0.59133,0.48497
H_aug_s0,H_aug,13,0,Q2,47,7970,2798,0.83199,0.8319,0.7818,0.88885
H_aug_s0,H_aug,13,0,Q3,3,7295,2120,0.9202,0.96889,0.949,0.98962
H_aug_s0,H_aug,13,0,Q4_clearest,0,8047,2107,0.97556,0.99789,0.99625,0.99953
H_aug_s0,H_aug,13,20,Q1_dimmest,271,8947,3161,0.56327,0.52521,0.60812,0.4622
H_aug_s0,H_aug,13,20,Q2,42,7970,2798,0.83131,0.83159,0.79206,0.87527
H_aug_s0,H_aug,13,20,Q3,2,7295,2120,0.92004,0.96819,0.9494,0.98774
H_aug_s0,H_aug,13,20,Q4_clearest,0,8047,2107,0.97556,0.99789,0.99625,0.99953
H_aug_s0,H_aug,14,0,Q1_dimmest,200,4886,1623,0.5427,0.52313,0.49267,0.55761
H_aug_s0,H_aug,14,0,Q2,35,6453,2243,0.80417,0.81069,0.73327,0.90638
H_aug_s0,H_aug,14,0,Q3,0,8104,2470,0.88314,0.94863,0.90526,0.99636
H_aug_s0,H_aug,14,0,Q4_clearest,0,7234,2022,0.9499,0.99612,0.99227,1.0
H_aug_s0,H_aug,14,20,Q1_dimmest,189,4886,1623,0.54688,0.53421,0.52244,0.54652
H_aug_s0,H_aug,14,20,Q2,32,6453,2243,0.80621,0.81553,0.74515,0.90058
H_aug_s0,H_aug,14,20,Q3,0,8104,2470,0.88439,0.95271,0.91306,0.99595
H_aug_s0,H_aug,14,20,Q4_clearest,0,7234,2022,0.9499,0.99612,0.99227,1.0
H_aug_s0,H_aug,15,0,Q1_dimmest,172,4357,1638,0.53066,0.53131,0.52377,0.53907
H_aug_s0,H_aug,15,0,Q2,19,5141,1751,0.78505,0.80259,0.71139,0.92062
H_aug_s0,H_aug,15,0,Q3,2,6066,1760,0.85209,0.92775,0.86911,0.99489
H_aug_s0,H_aug,15,0,Q4_clearest,0,8050,2502,0.93111,0.98448,0.96943,1.0
H_aug_s0,H_aug,15,20,Q1_dimmest,162,4357,1638,0.53775,0.54965,0.57449,0.52686
H_aug_s0,H_aug,15,20,Q2,18,5141,1751,0.78926,0.81378,0.73206,0.91605
H_aug_s0,H_aug,15,20,Q3,2,6066,1760,0.85531,0.93824,0.8877,0.99489
H_aug_s0,H_aug,15,20,Q4_clearest,0,8050,2502,0.93165,0.98582,0.97203,1.0
H_aug_s0,H_aug,16,0,Q1_dimmest,249,6445,1959,0.58397,0.61608,0.675,0.56662
H_aug_s0,H_aug,16,0,Q2,40,6977,2256,0.85274,0.89118,0.87392,0.90913
H_aug_s0,H_aug,16,0,Q3,1,7630,2131,0.89082,0.9606,0.93111,0.99202
H_aug_s0,H_aug,16,0,Q4_clearest,1,8739,2466,0.93475,0.98197,0.96496,0.99959
H_aug_s0,H_aug,16,20,Q1_dimmest,238,6445,1959,0.58519,0.62139,0.69872,0.55947
H_aug_s0,H_aug,16,20,Q2,39,6977,2256,0.85537,0.89838,0.89085,0.90603
H_aug_s0,H_aug,16,20,Q3,1,7630,2131,0.8914,0.96203,0.9338,0.99202
H_aug_s0,H_aug,16,20,Q4_clearest,1,8739,2466,0.9354,0.98394,0.96877,0.99959
H_aug_s0,H_aug,17,0,Q1_dimmest,263,7862,2585,0.61008,0.62768,0.70998,0.56248
H_aug_s0,H_aug,17,0,Q2,24,7104,2140,0.85589,0.8994,0.87876,0.92103
H_aug_s0,H_aug,17,0,Q3,2,7222,1826,0.90386,0.97274,0.95697,0.98905
H_aug_s0,H_aug,17,0,Q4_clearest,0,5664,1433,0.92483,0.98526,0.97359,0.99721
H_aug_s0,H_aug,17,20,Q1_dimmest,233,7862,2585,0.6073,0.62732,0.74385,0.54236
H_aug_s0,H_aug,17,20,Q2,23,7104,2140,0.85535,0.90005,0.88783,0.91262
H_aug_s0,H_aug,17,20,Q3,2,7222,1826,0.90459,0.97577,0.96336,0.9885
H_aug_s0,H_aug,17,20,Q4_clearest,0,5664,1433,0.92566,0.98919,0.98129,0.99721
H_aug_s0,H_aug,18,0,Q1_dimmest,197,4966,1759,0.63191,0.62954,0.65696,0.60432
H_aug_s0,H_aug,18,0,Q2,27,6044,1968,0.8297,0.89533,0.85721,0.93699
H_aug_s0,H_aug,18,0,Q3,3,7429,2081,0.84593,0.96203,0.92934,0.99712
H_aug_s0,H_aug,18,0,Q4_clearest,0,7705,1851,0.89226,0.98726,0.97485,1.0
H_aug_s0,H_aug,18,20,Q1_dimmest,187,4966,1759,0.63576,0.64084,0.69636,0.59352
H_aug_s0,H_aug,18,20,Q2,24,6044,1968,0.8285,0.89452,0.86482,0.92632
H_aug_s0,H_aug,18,20,Q3,3,7429,2081,0.84685,0.96519,0.9361,0.99616
H_aug_s0,H_aug,18,20,Q4_clearest,0,7705,1851,0.8935,0.99061,0.9814,1.0
H_aug_s0,H_aug,19,0,Q1_dimmest,150,3731,1722,0.65064,0.67737,0.69029,0.66492
H_aug_s0,H_aug,19,0,Q2,31,6957,2067,0.80244,0.85247,0.77236,0.95114
H_aug_s0,H_aug,19,0,Q3,2,8771,2610,0.88819,0.96034,0.92833,0.99464
H_aug_s0,H_aug,19,0,Q4_clearest,0,7909,2077,0.95976,0.99513,0.99125,0.99904
H_aug_s0,H_aug,19,20,Q1_dimmest,139,3731,1722,0.64656,0.67435,0.70216,0.64866
H_aug_s0,H_aug,19,20,Q2,29,6957,2067,0.80507,0.86122,0.79018,0.9463
H_aug_s0,H_aug,19,20,Q3,2,8771,2610,0.88908,0.96307,0.93481,0.9931
H_aug_s0,H_aug,19,20,Q4_clearest,0,7909,2077,0.95976,0.99513,0.99125,0.99904
H_aug_s0,H_aug,20,0,Q1_dimmest,187,5411,1924,0.62535,0.62443,0.58002,0.6762
H_aug_s0,H_aug,20,0,Q2,23,7210,2225,0.80762,0.8672,0.79046,0.96045
H_aug_s0,H_aug,20,0,Q3,1,6951,2027,0.85806,0.93936,0.88917,0.99556
H_aug_s0,H_aug,20,0,Q4_clearest,1,4693,1197,0.93409,0.98306,0.96825,0.99833
H_aug_s0,H_aug,20,20,Q1_dimmest,176,5411,1924,0.62951,0.63663,0.61211,0.6632
H_aug_s0,H_aug,20,20,Q2,21,7210,2225,0.81208,0.88149,0.81746,0.9564
H_aug_s0,H_aug,20,20,Q3,1,6951,2027,0.86254,0.95337,0.9146,0.99556
H_aug_s0,H_aug,20,20,Q4_clearest,1,4693,1197,0.93408,0.98346,0.96902,0.99833
H_aug_s1,H_aug,01,0,Q1_dimmest,201,4597,1791,0.5996,0.58106,0.57922,0.58291
H_aug_s1,H_aug,01,0,Q2,39,6946,2500,0.79393,0.85908,0.8082,0.9168
H_aug_s1,H_aug,01,0,Q3,6,8473,2538,0.85417,0.96376,0.94485,0.98345
H_aug_s1,H_aug,01,0,Q4_clearest,0,9424,2483,0.92238,0.99135,0.98401,0.99879
H_aug_s1,H_aug,01,20,Q1_dimmest,191,4597,1791,0.60455,0.59577,0.61862,0.57454
H_aug_s1,H_aug,01,20,Q2,37,6946,2500,0.79385,0.85891,0.81486,0.908
H_aug_s1,H_aug,01,20,Q3,5,8473,2538,0.8551,0.96694,0.95134,0.98306
H_aug_s1,H_aug,01,20,Q4_clearest,0,9424,2483,0.92243,0.99155,0.98441,0.99879
H_aug_s1,H_aug,02,0,Q1_dimmest,233,5691,1790,0.52173,0.46695,0.49642,0.44078
H_aug_s1,H_aug,02,0,Q2,48,6606,1861,0.8151,0.81025,0.7578,0.8705
H_aug_s1,H_aug,02,0,Q3,2,8662,2260,0.89512,0.96235,0.93518,0.99115
H_aug_s1,H_aug,02,0,Q4_clearest,0,12831,3378,0.96176,0.99417,0.9884,1.0
H_aug_s1,H_aug,02,20,Q1_dimmest,208,5691,1790,0.51907,0.45997,0.52192,0.41117
H_aug_s1,H_aug,02,20,Q2,42,6606,1861,0.81264,0.80187,0.76272,0.84524
H_aug_s1,H_aug,02,20,Q3,2,8662,2260,0.89548,0.96406,0.9388,0.99071
H_aug_s1,H_aug,02,20,Q4_clearest,0,12831,3378,0.9618,0.99431,0.98868,1.0
H_aug_s1,H_aug,03,0,Q1_dimmest,257,10358,3377,0.52731,0.48803,0.61164,0.40598
H_aug_s1,H_aug,03,0,Q2,38,9353,2708,0.82896,0.86061,0.8586,0.86263
H_aug_s1,H_aug,03,0,Q3,7,8095,2089,0.93119,0.97372,0.96949,0.97798
H_aug_s1,H_aug,03,0,Q4_clearest,0,5087,1047,0.98671,0.99776,0.99649,0.99904
H_aug_s1,H_aug,03,20,Q1_dimmest,214,10358,3377,0.51775,0.46849,0.62111,0.37607
H_aug_s1,H_aug,03,20,Q2,29,9353,2708,0.82672,0.85498,0.86109,0.84897
H_aug_s1,H_aug,03,20,Q3,6,8095,2089,0.93039,0.97226,0.97276,0.97176
H_aug_s1,H_aug,03,20,Q4_clearest,0,5087,1047,0.98671,0.99776,0.99649,0.99904
H_aug_s1,H_aug,04,0,Q1_dimmest,222,7750,3035,0.51734,0.45038,0.61331,0.35585
H_aug_s1,H_aug,04,0,Q2,27,6017,1865,0.81808,0.83502,0.80622,0.86595
H_aug_s1,H_aug,04,0,Q3,5,6293,1680,0.90808,0.97134,0.95627,0.9869
H_aug_s1,H_aug,04,0,Q4_clearest,0,10294,2346,0.97252,0.9925,0.98593,0.99915
H_aug_s1,H_aug,04,20,Q1_dimmest,198,7750,3035,0.5154,0.44463,0.62634,0.34465
H_aug_s1,H_aug,04,20,Q2,25,6017,1865,0.81534,0.82733,0.80839,0.84718
H_aug_s1,H_aug,04,20,Q3,4,6293,1680,0.90821,0.97192,0.95738,0.9869
H_aug_s1,H_aug,04,20,Q4_clearest,0,10294,2346,0.97279,0.99374,0.98839,0.99915
H_aug_s1,H_aug,05,0,Q1_dimmest,278,9685,3539,0.50513,0.41166,0.60611,0.31167
H_aug_s1,H_aug,05,0,Q2,21,7440,2198,0.86551,0.8696,0.86261,0.87671
H_aug_s1,H_aug,05,0,Q3,1,7606,2186,0.93305,0.98376,0.97676,0.99085
H_aug_s1,H_aug,05,0,Q4_clearest,0,6179,1663,0.97351,0.99823,0.99827,0.9982
H_aug_s1,H_aug,05,20,Q1_dimmest,249,9685,3539,0.50066,0.40166,0.62656,0.29556
H_aug_s1,H_aug,05,20,Q2,17,7440,2198,0.86437,0.86705,0.86739,0.8667
H_aug_s1,H_aug,05,20,Q3,1,7606,2186,0.93298,0.98351,0.97717,0.98994
H_aug_s1,H_aug,05,20,Q4_clearest,0,6179,1663,0.97351,0.99823,0.99827,0.9982
H_aug_s1,H_aug,06,0,Q1_dimmest,353,10790,3981,0.50822,0.46019,0.64831,0.35669
H_aug_s1,H_aug,06,0,Q2,33,7933,2378,0.85061,0.83994,0.86132,0.8196
H_aug_s1,H_aug,06,0,Q3,0,7891,2229,0.9451,0.98872,0.98158,0.99596
H_aug_s1,H_aug,06,0,Q4_clearest,0,5502,1401,0.9797,0.9993,0.9986,1.0
H_aug_s1,H_aug,06,20,Q1_dimmest,313,10790,3981,0.50479,0.45436,0.68316,0.34037
H_aug_s1,H_aug,06,20,Q2,29,7933,2378,0.84833,0.83492,0.86535,0.80656
H_aug_s1,H_aug,06,20,Q3,0,7891,2229,0.94484,0.98825,0.98196,0.99462
H_aug_s1,H_aug,06,20,Q4_clearest,0,5502,1401,0.9797,0.9993,0.9986,1.0
H_aug_s1,H_aug,07,0,Q1_dimmest,219,8316,2808,0.52161,0.47218,0.68837,0.35933
H_aug_s1,H_aug,07,0,Q2,35,7149,2172,0.8366,0.84182,0.8573,0.82689
H_aug_s1,H_aug,07,0,Q3,4,7254,1955,0.91988,0.97288,0.96335,0.98261
H_aug_s1,H_aug,07,0,Q4_clearest,2,7433,2033,0.97067,0.9968,0.99607,0.99754
H_aug_s1,H_aug,07,20,Q1_dimmest,199,8316,2808,0.51639,0.4608,0.72068,0.33868
H_aug_s1,H_aug,07,20,Q2,33,7149,2172,0.83691,0.84292,0.87344,0.81446
H_aug_s1,H_aug,07,20,Q3,3,7254,1955,0.92065,0.97532,0.96814,0.98261
H_aug_s1,H_aug,07,20,Q4_clearest,2,7433,2033,0.97067,0.9968,0.99607,0.99754
H_aug_s1,H_aug,08,0,Q1_dimmest,266,9976,3245,0.55606,0.48491,0.63965,0.39045
H_aug_s1,H_aug,08,0,Q2,15,8461,2479,0.86354,0.8753,0.8612,0.88987
H_aug_s1,H_aug,08,0,Q3,2,6640,1970,0.9297,0.97709,0.97151,0.98274
H_aug_s1,H_aug,08,0,Q4_clearest,0,3312,891,0.97515,0.99335,0.99231,0.99439
H_aug_s1,H_aug,08,20,Q1_dimmest,223,9976,3245,0.55232,0.47534,0.67228,0.36764
H_aug_s1,H_aug,08,20,Q2,11,8461,2479,0.86354,0.87383,0.87432,0.87334
H_aug_s1,H_aug,08,20,Q3,2,6640,1970,0.92983,0.97797,0.97524,0.98071
H_aug_s1,H_aug,08,20,Q4_clearest,0,3312,891,0.97515,0.99335,0.99231,0.99439
H_aug_s1,H_aug,09,0,Q1_dimmest,267,9368,3406,0.6034,0.57128,0.6759,0.49472
H_aug_s1,H_aug,09,0,Q2,22,7639,2383,0.86479,0.89874,0.86922,0.93034
H_aug_s1,H_aug,09,0,Q3,1,6249,1936,0.93146,0.98672,0.97576,0.99793
H_aug_s1,H_aug,09,0,Q4_clearest,1,3485,1001,0.9783,0.998,1.0,0.996
H_aug_s1,H_aug,09,20,Q1_dimmest,242,9368,3406,0.60031,0.56648,0.69213,0.47945
H_aug_s1,H_aug,09,20,Q2,19,7639,2383,0.86392,0.89676,0.87142,0.92363
H_aug_s1,H_aug,09,20,Q3,1,6249,1936,0.93153,0.98697,0.97625,0.99793
H_aug_s1,H_aug,09,20,Q4_clearest,1,3485,1001,0.9783,0.998,1.0,0.996
H_aug_s1,H_aug,10,0,Q1_dimmest,297,7560,3177,0.54642,0.48454,0.59125,0.41045
H_aug_s1,H_aug,10,0,Q2,40,6756,2369,0.82825,0.82911,0.7983,0.86239
H_aug_s1,H_aug,10,0,Q3,5,6741,2035,0.89982,0.96609,0.9445,0.9887
H_aug_s1,H_aug,10,0,Q4_clearest,0,6099,1556,0.95714,0.99252,0.98514,1.0
H_aug_s1,H_aug,10,20,Q1_dimmest,264,7560,3177,0.5422,0.47298,0.6046,0.38842
H_aug_s1,H_aug,10,20,Q2,35,6756,2369,0.82602,0.82374,0.80155,0.84719
H_aug_s1,H_aug,10,20,Q3,5,6741,2035,0.89995,0.96809,0.95105,0.98575
H_aug_s1,H_aug,10,20,Q4_clearest,0,6099,1556,0.95811,0.99543,0.99154,0.99936
H_aug_s1,H_aug,11,0,Q1_dimmest,309,6386,2930,0.4864,0.40622,0.53168,0.32867
H_aug_s1,H_aug,11,0,Q2,51,5601,2186,0.78882,0.75673,0.72574,0.79048
H_aug_s1,H_aug,11,0,Q3,8,6593,2129,0.85903,0.92324,0.88356,0.96665
H_aug_s1,H_aug,11,0,Q4_clearest,1,10959,3211,0.93709,0.98228,0.96809,0.99689
H_aug_s1,H_aug,11,20,Q1_dimmest,275,6386,2930,0.47829,0.38676,0.53643,0.30239
H_aug_s1,H_aug,11,20,Q2,43,5601,2186,0.78731,0.75308,0.7312,0.7763
H_aug_s1,H_aug,11,20,Q3,7,6593,2129,0.85863,0.92295,0.88658,0.96242
H_aug_s1,H_aug,11,20,Q4_clearest,1,10959,3211,0.93709,0.98228,0.96809,0.99689
H_aug_s1,H_aug,12,0,Q1_dimmest,240,6741,2151,0.59679,0.56967,0.64967,0.50721
H_aug_s1,H_aug,12,0,Q2,58,7686,2661,0.83161,0.84593,0.83072,0.86171
H_aug_s1,H_aug,12,0,Q3,3,7976,2374,0.89188,0.96066,0.94228,0.97978
H_aug_s1,H_aug,12,0,Q4_clearest,0,6087,1526,0.9538,0.99375,0.98759,1.0
H_aug_s1,H_aug,12,20,Q1_dimmest,213,6741,2151,0.59458,0.56601,0.66905,0.49047
H_aug_s1,H_aug,12,20,Q2,48,7686,2661,0.83067,0.84376,0.84161,0.84592
H_aug_s1,H_aug,12,20,Q3,3,7976,2374,0.89183,0.9608,0.94331,0.97894
H_aug_s1,H_aug,12,20,Q4_clearest,0,6087,1526,0.9538,0.99375,0.98759,1.0
H_aug_s1,H_aug,13,0,Q1_dimmest,279,8947,3161,0.56251,0.50979,0.60048,0.4429
H_aug_s1,H_aug,13,0,Q2,50,7970,2798,0.82389,0.82563,0.79308,0.86097
H_aug_s1,H_aug,13,0,Q3,3,7295,2120,0.91458,0.96748,0.94847,0.98726
H_aug_s1,H_aug,13,0,Q4_clearest,0,8047,2107,0.97515,0.99741,0.99484,1.0
H_aug_s1,H_aug,13,20,Q1_dimmest,239,8947,3161,0.56125,0.50835,0.63408,0.42423
H_aug_s1,H_aug,13,20,Q2,46,7970,2798,0.82194,0.82012,0.8029,0.8381
H_aug_s1,H_aug,13,20,Q3,3,7295,2120,0.91429,0.96651,0.94879,0.98491
H_aug_s1,H_aug,13,20,Q4_clearest,0,8047,2107,0.97515,0.99741,0.99484,1.0
H_aug_s1,H_aug,14,0,Q1_dimmest,206,4886,1623,0.5402,0.50155,0.50094,0.50216
H_aug_s1,H_aug,14,0,Q2,45,6453,2243,0.80244,0.81289,0.75723,0.8774
H_aug_s1,H_aug,14,0,Q3,3,8104,2470,0.87702,0.94991,0.91065,0.99271
H_aug_s1,H_aug,14,0,Q4_clearest,0,7234,2022,0.94872,0.99508,0.9902,1.0
H_aug_s1,H_aug,14,20,Q1_dimmest,192,4886,1623,0.54275,0.50863,0.53256,0.48675
H_aug_s1,H_aug,14,20,Q2,44,6453,2243,0.8036,0.81789,0.77041,0.8716
H_aug_s1,H_aug,14,20,Q3,3,8104,2470,0.87805,0.95357,0.91775,0.99231
H_aug_s1,H_aug,14,20,Q4_clearest,0,7234,2022,0.94872,0.99508,0.9902,1.0
H_aug_s1,H_aug,15,0,Q1_dimmest,186,4357,1638,0.52499,0.51353,0.52919,0.49878
H_aug_s1,H_aug,15,0,Q2,20,5141,1751,0.78803,0.81659,0.7411,0.90919
H_aug_s1,H_aug,15,0,Q3,0,6066,1760,0.84808,0.93795,0.88628,0.99602
H_aug_s1,H_aug,15,0,Q4_clearest,0,8050,2502,0.92902,0.98312,0.96679,1.0
H_aug_s1,H_aug,15,20,Q1_dimmest,172,4357,1638,0.52306,0.51131,0.54717,0.47985
H_aug_s1,H_aug,15,20,Q2,15,5141,1751,0.78856,0.81857,0.75062,0.90006
H_aug_s1,H_aug,15,20,Q3,0,6066,1760,0.85042,0.94435,0.89778,0.99602
H_aug_s1,H_aug,15,20,Q4_clearest,0,8050,2502,0.9294,0.98388,0.96827,1.0
H_aug_s1,H_aug,16,0,Q1_dimmest,252,6445,1959,0.5804,0.59093,0.70055,0.51097
H_aug_s1,H_aug,16,0,Q2,35,6977,2256,0.85312,0.89275,0.89771,0.88785
H_aug_s1,H_aug,16,0,Q3,1,7630,2131,0.88773,0.96802,0.94558,0.99155
H_aug_s1,H_aug,16,0,Q4_clearest,2,8739,2466,0.93575,0.98594,0.97342,0.99878
H_aug_s1,H_aug,16,20,Q1_dimmest,237,6445,1959,0.57996,0.59949,0.75243,0.49821
H_aug_s1,H_aug,16,20,Q2,33,6977,2256,0.85211,0.89194,0.91195,0.87278
H_aug_s1,H_aug,16,20,Q3,1,7630,2131,0.88869,0.9728,0.95562,0.99061
H_aug_s1,H_aug,16,20,Q4_clearest,2,8739,2466,0.9362,0.98713,0.97575,0.99878
H_aug_s1,H_aug,17,0,Q1_dimmest,254,7862,2585,0.60646,0.6118,0.75363,0.51489
H_aug_s1,H_aug,17,0,Q2,32,7104,2140,0.84846,0.88262,0.87205,0.89346
H_aug_s1,H_aug,17,0,Q3,6,7222,1826,0.90006,0.97601,0.96856,0.98357
H_aug_s1,H_aug,17,0,Q4_clearest,1,5664,1433,0.92398,0.98848,0.98261,0.99442
H_aug_s1,H_aug,17,20,Q1_dimmest,227,7862,2585,0.60554,0.61487,0.81405,0.494
H_aug_s1,H_aug,17,20,Q2,25,7104,2140,0.85048,0.88789,0.89266,0.88318
H_aug_s1,H_aug,17,20,Q3,5,7222,1826,0.9,0.97639,0.97146,0.98138
H_aug_s1,H_aug,17,20,Q4_clearest,1,5664,1433,0.92396,0.98884,0.98401,0.99372
H_aug_s1,H_aug,18,0,Q1_dimmest,192,4966,1759,0.6281,0.61873,0.68361,0.56509
H_aug_s1,H_aug,18,0,Q2,26,6044,1968,0.8204,0.89131,0.8664,0.91768
H_aug_s1,H_aug,18,0,Q3,2,7429,2081,0.83901,0.96812,0.94335,0.99423
H_aug_s1,H_aug,18,0,Q4_clearest,0,7705,1851,0.89261,0.99032,0.98082,1.0
H_aug_s1,H_aug,18,20,Q1_dimmest,180,4966,1759,0.62978,0.62533,0.71441,0.556
H_aug_s1,H_aug,18,20,Q2,24,6044,1968,0.81942,0.8906,0.87335,0.90854
H_aug_s1,H_aug,18,20,Q3,2,7429,2081,0.83914,0.96875,0.94498,0.99375
H_aug_s1,H_aug,18,20,Q4_clearest,0,7705,1851,0.89266,0.99058,0.98133,1.0
H_aug_s1,H_aug,19,0,Q1_dimmest,130,3731,1722,0.63728,0.65164,0.71072,0.60163
H_aug_s1,H_aug,19,0,Q2,30,6957,2067,0.80374,0.86684,0.80389,0.94049
H_aug_s1,H_aug,19,0,Q3,2,8771,2610,0.87946,0.96973,0.94534,0.9954
H_aug_s1,H_aug,19,0,Q4_clearest,0,7909,2077,0.95831,0.9978,0.99561,1.0
H_aug_s1,H_aug,19,20,Q1_dimmest,126,3731,1722,0.63474,0.65434,0.72909,0.5935
H_aug_s1,H_aug,19,20,Q2,30,6957,2067,0.80919,0.88615,0.83929,0.93856
H_aug_s1,H_aug,19,20,Q3,2,8771,2610,0.88023,0.97251,0.95205,0.99387
H_aug_s1,H_aug,19,20,Q4_clearest,0,7909,2077,0.95831,0.9978,0.99561,1.0
H_aug_s1,H_aug,20,0,Q1_dimmest,197,5411,1924,0.63273,0.62955,0.62009,0.63929
H_aug_s1,H_aug,20,0,Q2,30,7210,2225,0.80083,0.87036,0.80817,0.94292
H_aug_s1,H_aug,20,0,Q3,4,6951,2027,0.85658,0.95116,0.91304,0.9926
H_aug_s1,H_aug,20,0,Q4_clearest,1,4693,1197,0.93617,0.98792,0.97772,0.99833
H_aug_s1,H_aug,20,20,Q1_dimmest,188,5411,1924,0.6347,0.63644,0.64803,0.62526
H_aug_s1,H_aug,20,20,Q2,29,7210,2225,0.80465,0.88175,0.83047,0.93978
H_aug_s1,H_aug,20,20,Q3,4,6951,2027,0.86055,0.96277,0.93513,0.99211
H_aug_s1,H_aug,20,20,Q4_clearest,1,4693,1197,0.93645,0.98911,0.98006,0.99833
H_aug_s2,H_aug,01,0,Q1_dimmest,200,4597,1791,0.6071,0.57994,0.55713,0.60469
H_aug_s2,H_aug,01,0,Q2,36,6946,2500,0.79424,0.85549,0.79794,0.922
H_aug_s2,H_aug,01,0,Q3,5,8473,2538,0.85354,0.96577,0.94616,0.98621
H_aug_s2,H_aug,01,0,Q4_clearest,0,9424,2483,0.91784,0.98905,0.97988,0.99839
H_aug_s2,H_aug,01,20,Q1_dimmest,189,4597,1791,0.60831,0.58488,0.57649,0.59352
H_aug_s2,H_aug,01,20,Q2,33,6946,2500,0.794,0.8573,0.80443,0.9176
H_aug_s2,H_aug,01,20,Q3,5,8473,2538,0.85322,0.96516,0.94644,0.98463
H_aug_s2,H_aug,01,20,Q4_clearest,0,9424,2483,0.91784,0.98905,0.97988,0.99839
H_aug_s2,H_aug,02,0,Q1_dimmest,222,5691,1790,0.53841,0.47292,0.48253,0.46369
H_aug_s2,H_aug,02,0,Q2,39,6606,1861,0.81741,0.80392,0.75,0.8662
H_aug_s2,H_aug,02,0,Q3,2,8662,2260,0.89552,0.95447,0.92041,0.99115
H_aug_s2,H_aug,02,0,Q4_clearest,0,12831,3378,0.95854,0.99357,0.98722,1.0
H_aug_s2,H_aug,02,20,Q1_dimmest,207,5691,1790,0.53506,0.4638,0.48731,0.44246
H_aug_s2,H_aug,02,20,Q2,36,6606,1861,0.81556,0.79778,0.75029,0.85169
H_aug_s2,H_aug,02,20,Q3,2,8662,2260,0.89651,0.95889,0.92866,0.99115
H_aug_s2,H_aug,02,20,Q4_clearest,0,12831,3378,0.95861,0.99386,0.98779,1.0
H_aug_s2,H_aug,03,0,Q1_dimmest,274,10358,3377,0.54677,0.51498,0.59445,0.45425
H_aug_s2,H_aug,03,0,Q2,32,9353,2708,0.83857,0.87563,0.85765,0.89439
H_aug_s2,H_aug,03,0,Q3,5,8095,2089,0.9307,0.97081,0.95778,0.9842
H_aug_s2,H_aug,03,0,Q4_clearest,0,5087,1047,0.98518,0.99956,0.99911,1.0
H_aug_s2,H_aug,03,20,Q1_dimmest,246,10358,3377,0.54309,0.50727,0.60718,0.43559
H_aug_s2,H_aug,03,20,Q2,30,9353,2708,0.83823,0.87492,0.86281,0.88737
H_aug_s2,H_aug,03,20,Q3,4,8095,2089,0.93053,0.97119,0.95989,0.98277
H_aug_s2,H_aug,03,20,Q4_clearest,0,5087,1047,0.98518,0.99956,0.99911,1.0
H_aug_s2,H_aug,04,0,Q1_dimmest,212,7750,3035,0.52257,0.46118,0.58828,0.37924
H_aug_s2,H_aug,04,0,Q2,27,6017,1865,0.82579,0.84193,0.79573,0.89383
H_aug_s2,H_aug,04,0,Q3,3,6293,1680,0.91011,0.96893,0.94558,0.99345
H_aug_s2,H_aug,04,0,Q4_clearest,0,10294,2346,0.96972,0.99164,0.98466,0.99872
H_aug_s2,H_aug,04,20,Q1_dimmest,193,7750,3035,0.52388,0.46537,0.62979,0.36903
H_aug_s2,H_aug,04,20,Q2,23,6017,1865,0.82437,0.839,0.79953,0.88257
H_aug_s2,H_aug,04,20,Q3,3,6293,1680,0.91031,0.9698,0.94725,0.99345
H_aug_s2,H_aug,04,20,Q4_clearest,0,10294,2346,0.96991,0.99247,0.9863,0.99872
H_aug_s2,H_aug,05,0,Q1_dimmest,283,9685,3539,0.52377,0.4465,0.62239,0.34812
H_aug_s2,H_aug,05,0,Q2,23,7440,2198,0.8637,0.87058,0.85714,0.88444
H_aug_s2,H_aug,05,0,Q3,0,7606,2186,0.92943,0.98584,0.97512,0.9968
H_aug_s2,H_aug,05,0,Q4_clearest,0,6179,1663,0.97169,0.99739,0.99479,1.0
H_aug_s2,H_aug,05,20,Q1_dimmest,261,9685,3539,0.52036,0.43818,0.63683,0.33399
H_aug_s2,H_aug,05,20,Q2,21,7440,2198,0.86251,0.86824,0.86081,0.8758
H_aug_s2,H_aug,05,20,Q3,0,7606,2186,0.92896,0.98447,0.97507,0.99405
H_aug_s2,H_aug,05,20,Q4_clearest,0,6179,1663,0.97169,0.99739,0.99479,1.0
H_aug_s2,H_aug,06,0,Q1_dimmest,338,10790,3981,0.52401,0.47474,0.64967,0.37403
H_aug_s2,H_aug,06,0,Q2,37,7933,2378,0.8582,0.84685,0.85799,0.836
H_aug_s2,H_aug,06,0,Q3,1,7891,2229,0.94332,0.98552,0.97702,0.99417
H_aug_s2,H_aug,06,0,Q4_clearest,0,5502,1401,0.97813,0.9986,0.99721,1.0
H_aug_s2,H_aug,06,20,Q1_dimmest,309,10790,3981,0.52315,0.47302,0.68686,0.36071
H_aug_s2,H_aug,06,20,Q2,34,7933,2378,0.85758,0.84414,0.86412,0.82506
H_aug_s2,H_aug,06,20,Q3,1,7891,2229,0.94336,0.98548,0.97824,0.99282
H_aug_s2,H_aug,06,20,Q4_clearest,0,5502,1401,0.97813,0.9986,0.99721,1.0
H_aug_s2,H_aug,07,0,Q1_dimmest,219,8316,2808,0.53005,0.48156,0.66264,0.37821
H_aug_s2,H_aug,07,0,Q2,26,7149,2172,0.83816,0.84114,0.83793,0.84438
H_aug_s2,H_aug,07,0,Q3,2,7254,1955,0.91814,0.97271,0.95767,0.98824
H_aug_s2,H_aug,07,0,Q4_clearest,0,7433,2033,0.9678,0.99584,0.99268,0.99902
H_aug_s2,H_aug,07,20,Q1_dimmest,193,8316,2808,0.52485,0.46678,0.68773,0.35328
H_aug_s2,H_aug,07,20,Q2,19,7149,2172,0.83874,0.84416,0.85191,0.83656
H_aug_s2,H_aug,07,20,Q3,2,7254,1955,0.91895,0.97537,0.9643,0.9867
H_aug_s2,H_aug,07,20,Q4_clearest,0,7433,2033,0.96786,0.99608,0.99317,0.99902
H_aug_s2,H_aug,08,0,Q1_dimmest,277,9976,3245,0.57239,0.51387,0.64136,0.42866
H_aug_s2,H_aug,08,0,Q2,30,8461,2479,0.86535,0.87291,0.85621,0.89028
H_aug_s2,H_aug,08,0,Q3,2,6640,1970,0.9285,0.97779,0.97339,0.98223
H_aug_s2,H_aug,08,0,Q4_clearest,0,3312,891,0.97232,0.99097,0.99205,0.9899
H_aug_s2,H_aug,08,20,Q1_dimmest,243,9976,3245,0.57083,0.51047,0.67237,0.4114
H_aug_s2,H_aug,08,20,Q2,26,8461,2479,0.86577,0.87606,0.86765,0.88463
H_aug_s2,H_aug,08,20,Q3,2,6640,1970,0.92883,0.97852,0.97483,0.98223
H_aug_s2,H_aug,08,20,Q4_clearest,0,3312,891,0.97217,0.9904,0.99204,0.98878
H_aug_s2,H_aug,09,0,Q1_dimmest,271,9368,3406,0.6053,0.58661,0.67583,0.5182
H_aug_s2,H_aug,09,0,Q2,15,7639,2383,0.86954,0.90424,0.86684,0.94503
H_aug_s2,H_aug,09,0,Q3,0,6249,1936,0.93349,0.98712,0.97506,0.99948
H_aug_s2,H_aug,09,0,Q4_clearest,1,3485,1001,0.97933,0.9995,1.0,0.999
H_aug_s2,H_aug,09,20,Q1_dimmest,250,9368,3406,0.60302,0.58335,0.69214,0.50411
H_aug_s2,H_aug,09,20,Q2,15,7639,2383,0.86885,0.90311,0.86795,0.94125
H_aug_s2,H_aug,09,20,Q3,0,6249,1936,0.9337,0.98763,0.97606,0.99948
H_aug_s2,H_aug,09,20,Q4_clearest,1,3485,1001,0.97933,0.9995,1.0,0.999
H_aug_s2,H_aug,10,0,Q1_dimmest,295,7560,3177,0.54791,0.48409,0.56349,0.4243
H_aug_s2,H_aug,10,0,Q2,30,6756,2369,0.8341,0.8384,0.79907,0.88181
H_aug_s2,H_aug,10,0,Q3,2,6741,2035,0.90059,0.96429,0.93665,0.99361
H_aug_s2,H_aug,10,0,Q4_clearest,0,6099,1556,0.9517,0.99174,0.98361,1.0
H_aug_s2,H_aug,10,20,Q1_dimmest,281,7560,3177,0.54763,0.48418,0.58131,0.41486
H_aug_s2,H_aug,10,20,Q2,30,6756,2369,0.8328,0.8343,0.8,0.87168
H_aug_s2,H_aug,10,20,Q3,2,6741,2035,0.90067,0.96444,0.93957,0.99066
H_aug_s2,H_aug,10,20,Q4_clearest,0,6099,1556,0.95275,0.99469,0.98945,1.0
H_aug_s2,H_aug,11,0,Q1_dimmest,302,6386,2930,0.50541,0.43104,0.51298,0.37167
H_aug_s2,H_aug,11,0,Q2,50,5601,2186,0.79247,0.76957,0.7277,0.81656
H_aug_s2,H_aug,11,0,Q3,6,6593,2129,0.85929,0.92501,0.88405,0.96994
H_aug_s2,H_aug,11,0,Q4_clearest,0,10959,3211,0.93291,0.97952,0.9613,0.99844
H_aug_s2,H_aug,11,20,Q1_dimmest,279,6386,2930,0.50324,0.42528,0.52884,0.35563
H_aug_s2,H_aug,11,20,Q2,46,5601,2186,0.79242,0.7699,0.73763,0.80512
H_aug_s2,H_aug,11,20,Q3,6,6593,2129,0.85932,0.92522,0.88483,0.96947
H_aug_s2,H_aug,11,20,Q4_clearest,0,10959,3211,0.93303,0.97998,0.96219,0.99844
H_aug_s2,H_aug,12,0,Q1_dimmest,236,6741,2151,0.60674,0.57138,0.61915,0.53045
H_aug_s2,H_aug,12,0,Q2,48,7686,2661,0.83035,0.85109,0.8168,0.88839
H_aug_s2,H_aug,12,0,Q3,1,7976,2374,0.89482,0.95702,0.93112,0.98441
H_aug_s2,H_aug,12,0,Q4_clearest,0,6087,1526,0.95144,0.99191,0.98394,1.0
H_aug_s2,H_aug,12,20,Q1_dimmest,223,6741,2151,0.6079,0.57534,0.6464,0.51836
H_aug_s2,H_aug,12,20,Q2,44,7686,2661,0.83107,0.85432,0.83032,0.87974
H_aug_s2,H_aug,12,20,Q3,1,7976,2374,0.89536,0.95911,0.93583,0.98357
H_aug_s2,H_aug,12,20,Q4_clearest,0,6087,1526,0.95144,0.99191,0.98394,1.0
H_aug_s2,H_aug,13,0,Q1_dimmest,275,8947,3161,0.57596,0.53318,0.61525,0.47042
H_aug_s2,H_aug,13,0,Q2,46,7970,2798,0.83125,0.83002,0.79393,0.86955
H_aug_s2,H_aug,13,0,Q3,3,7295,2120,0.91677,0.96972,0.95016,0.99009
H_aug_s2,H_aug,13,0,Q4_clearest,0,8047,2107,0.97362,0.99789,0.9958,1.0
H_aug_s2,H_aug,13,20,Q1_dimmest,245,8947,3161,0.57388,0.52697,0.63789,0.44891
H_aug_s2,H_aug,13,20,Q2,45,7970,2798,0.83001,0.82769,0.80406,0.85275
H_aug_s2,H_aug,13,20,Q3,1,7295,2120,0.9172,0.97061,0.95276,0.98915
H_aug_s2,H_aug,13,20,Q4_clearest,0,8047,2107,0.97362,0.99789,0.9958,1.0
H_aug_s2,H_aug,14,0,Q1_dimmest,215,4886,1623,0.56362,0.50883,0.49532,0.52311
H_aug_s2,H_aug,14,0,Q2,43,6453,2243,0.80052,0.79559,0.72172,0.88631
H_aug_s2,H_aug,14,0,Q3,1,8104,2470,0.87793,0.95632,0.91972,0.99595
H_aug_s2,H_aug,14,0,Q4_clearest,0,7234,2022,0.94487,0.99333,0.98674,1.0
H_aug_s2,H_aug,14,20,Q1_dimmest,201,4886,1623,0.56706,0.51701,0.52667,0.5077
H_aug_s2,H_aug,14,20,Q2,40,6453,2243,0.80239,0.80098,0.73839,0.87517
H_aug_s2,H_aug,14,20,Q3,1,8104,2470,0.87817,0.95726,0.92217,0.99514
H_aug_s2,H_aug,14,20,Q4_clearest,0,7234,2022,0.94524,0.99406,0.98819,1.0
H_aug_s2,H_aug,15,0,Q1_dimmest,173,4357,1638,0.54892,0.5412,0.55166,0.53114
H_aug_s2,H_aug,15,0,Q2,20,5141,1751,0.79829,0.82439,0.74788,0.91833
H_aug_s2,H_aug,15,0,Q3,1,6066,1760,0.85255,0.93963,0.88973,0.99545
H_aug_s2,H_aug,15,0,Q4_clearest,0,8050,2502,0.93021,0.98902,0.97829,1.0
H_aug_s2,H_aug,15,20,Q1_dimmest,168,4357,1638,0.55001,0.54546,0.57261,0.52076
H_aug_s2,H_aug,15,20,Q2,19,5141,1751,0.79883,0.82595,0.75199,0.91605
H_aug_s2,H_aug,15,20,Q3,1,6066,1760,0.85455,0.94557,0.90044,0.99545
H_aug_s2,H_aug,15,20,Q4_clearest,0,8050,2502,0.93037,0.98961,0.97943,1.0
H_aug_s2,H_aug,16,0,Q1_dimmest,249,6445,1959,0.60101,0.61764,0.70631,0.54875
H_aug_s2,H_aug,16,0,Q2,39,6977,2256,0.85043,0.89652,0.88636,0.90691
H_aug_s2,H_aug,16,0,Q3,0,7630,2131,0.88136,0.96238,0.9328,0.9939
H_aug_s2,H_aug,16,0,Q4_clearest,1,8739,2466,0.93156,0.98375,0.96839,0.99959
H_aug_s2,H_aug,16,20,Q1_dimmest,229,6445,1959,0.6001,0.62183,0.73751,0.53752
H_aug_s2,H_aug,16,20,Q2,36,6977,2256,0.85024,0.89836,0.90544,0.8914
H_aug_s2,H_aug,16,20,Q3,0,7630,2131,0.88267,0.96609,0.94148,0.99202
H_aug_s2,H_aug,16,20,Q4_clearest,1,8739,2466,0.93275,0.98672,0.97417,0.99959
H_aug_s2,H_aug,17,0,Q1_dimmest,266,7862,2585,0.6014,0.59469,0.72992,0.50174
H_aug_s2,H_aug,17,0,Q2,29,7104,2140,0.8513,0.89427,0.87621,0.91308
H_aug_s2,H_aug,17,0,Q3,2,7222,1826,0.89486,0.97846,0.96704,0.99014
H_aug_s2,H_aug,17,0,Q4_clearest,0,5664,1433,0.92189,0.99266,0.98678,0.9986
H_aug_s2,H_aug,17,20,Q1_dimmest,247,7862,2585,0.60066,0.59638,0.76903,0.48704
H_aug_s2,H_aug,17,20,Q2,28,7104,2140,0.85329,0.901,0.89462,0.90748
H_aug_s2,H_aug,17,20,Q3,2,7222,1826,0.89514,0.97948,0.96904,0.99014
H_aug_s2,H_aug,17,20,Q4_clearest,0,5664,1433,0.92196,0.99303,0.98751,0.9986
H_aug_s2,H_aug,18,0,Q1_dimmest,181,4966,1759,0.6425,0.62836,0.67191,0.59011
H_aug_s2,H_aug,18,0,Q2,29,6044,1968,0.81844,0.88971,0.85117,0.93191
H_aug_s2,H_aug,18,0,Q3,1,7429,2081,0.83188,0.95635,0.91757,0.99856
H_aug_s2,H_aug,18,0,Q4_clearest,0,7705,1851,0.88294,0.98528,0.97098,1.0
H_aug_s2,H_aug,18,20,Q1_dimmest,177,4966,1759,0.6425,0.63239,0.68503,0.58727
H_aug_s2,H_aug,18,20,Q2,27,6044,1968,0.81667,0.8881,0.85291,0.92632
H_aug_s2,H_aug,18,20,Q3,1,7429,2081,0.83275,0.95978,0.92431,0.99808
H_aug_s2,H_aug,18,20,Q4_clearest,0,7705,1851,0.8835,0.98684,0.97401,1.0
H_aug_s2,H_aug,19,0,Q1_dimmest,153,3731,1722,0.64457,0.66104,0.69734,0.62834
H_aug_s2,H_aug,19,0,Q2,31,6957,2067,0.79522,0.85217,0.77901,0.94049
H_aug_s2,H_aug,19,0,Q3,0,8771,2610,0.87852,0.96376,0.93373,0.99579
H_aug_s2,H_aug,19,0,Q4_clearest,0,7909,2077,0.95721,0.99677,0.99451,0.99904
H_aug_s2,H_aug,19,20,Q1_dimmest,148,3731,1722,0.64301,0.66066,0.70676,0.62021
H_aug_s2,H_aug,19,20,Q2,30,6957,2067,0.79752,0.86022,0.79429,0.93807
H_aug_s2,H_aug,19,20,Q3,0,8771,2610,0.8796,0.96748,0.94212,0.99425
H_aug_s2,H_aug,19,20,Q4_clearest,0,7909,2077,0.95721,0.99677,0.99451,0.99904
H_aug_s2,H_aug,20,0,Q1_dimmest,201,5411,1924,0.62652,0.62527,0.59736,0.65593
H_aug_s2,H_aug,20,0,Q2,23,7210,2225,0.79899,0.86003,0.78371,0.95281
H_aug_s2,H_aug,20,0,Q3,0,6951,2027,0.84996,0.93981,0.88997,0.99556
H_aug_s2,H_aug,20,0,Q4_clearest,1,4693,1197,0.93157,0.98464,0.97054,0.99916
H_aug_s2,H_aug,20,20,Q1_dimmest,191,5411,1924,0.62987,0.63358,0.62549,0.64189
H_aug_s2,H_aug,20,20,Q2,23,7210,2225,0.80249,0.87197,0.80603,0.94966
H_aug_s2,H_aug,20,20,Q3,0,6951,2027,0.85274,0.94828,0.90529,0.99556
H_aug_s2,H_aug,20,20,Q4_clearest,1,4693,1197,0.93157,0.98464,0.97054,0.99916
H_aug_s3,H_aug,01,0,Q1_dimmest,209,4597,1791,0.58173,0.56958,0.53921,0.60357
H_aug_s3,H_aug,01,0,Q2,36,6946,2500,0.79717,0.85315,0.78832,0.9296
H_aug_s3,H_aug,01,0,Q3,10,8473,2538,0.86508,0.96291,0.94105,0.98582
H_aug_s3,H_aug,01,0,Q4_clearest,0,9424,2483,0.92276,0.99267,0.98584,0.9996
H_aug_s3,H_aug,01,20,Q1_dimmest,201,4597,1791,0.58274,0.57413,0.55401,0.59576
H_aug_s3,H_aug,01,20,Q2,33,6946,2500,0.79799,0.85546,0.7949,0.926
H_aug_s3,H_aug,01,20,Q3,9,8473,2538,0.86598,0.96635,0.94873,0.98463
H_aug_s3,H_aug,01,20,Q4_clearest,0,9424,2483,0.92276,0.99267,0.98584,0.9996
H_aug_s3,H_aug,02,0,Q1_dimmest,234,5691,1790,0.50786,0.47596,0.47156,0.48045
H_aug_s3,H_aug,02,0,Q2,39,6606,1861,0.81208,0.80333,0.74035,0.87802
H_aug_s3,H_aug,02,0,Q3,1,8662,2260,0.90618,0.96314,0.93785,0.98982
H_aug_s3,H_aug,02,0,Q4_clearest,0,12831,3378,0.96252,0.99405,0.98817,1.0
H_aug_s3,H_aug,02,20,Q1_dimmest,213,5691,1790,0.50272,0.46415,0.47456,0.45419
H_aug_s3,H_aug,02,20,Q2,34,6606,1861,0.8087,0.79328,0.74236,0.85169
H_aug_s3,H_aug,02,20,Q3,1,8662,2260,0.90639,0.96461,0.94105,0.98938
H_aug_s3,H_aug,02,20,Q4_clearest,0,12831,3378,0.96263,0.99448,0.98902,1.0
H_aug_s3,H_aug,03,0,Q1_dimmest,279,10358,3377,0.51274,0.49955,0.57616,0.44092
H_aug_s3,H_aug,03,0,Q2,32,9353,2708,0.83836,0.86673,0.85737,0.87629
H_aug_s3,H_aug,03,0,Q3,9,8095,2089,0.93559,0.97677,0.97557,0.97798
H_aug_s3,H_aug,03,0,Q4_clearest,0,5087,1047,0.98604,0.99908,0.99911,0.99904
H_aug_s3,H_aug,03,20,Q1_dimmest,247,10358,3377,0.51141,0.49841,0.59907,0.42671
H_aug_s3,H_aug,03,20,Q2,28,9353,2708,0.83684,0.86312,0.86141,0.86484
H_aug_s3,H_aug,03,20,Q3,8,8095,2089,0.93573,0.97708,0.97905,0.97511
H_aug_s3,H_aug,03,20,Q4_clearest,0,5087,1047,0.98604,0.99908,0.99911,0.99904
H_aug_s3,H_aug,04,0,Q1_dimmest,217,7750,3035,0.51404,0.46784,0.60291,0.38221
H_aug_s3,H_aug,04,0,Q2,29,6017,1865,0.81667,0.84121,0.80851,0.87668
H_aug_s3,H_aug,04,0,Q3,4,6293,1680,0.91574,0.97161,0.95235,0.99167
H_aug_s3,H_aug,04,0,Q4_clearest,1,10294,2346,0.97297,0.99093,0.98534,0.99659
H_aug_s3,H_aug,04,20,Q1_dimmest,195,7750,3035,0.5101,0.45789,0.61398,0.36507
H_aug_s3,H_aug,04,20,Q2,27,6017,1865,0.81554,0.83787,0.81156,0.86595
H_aug_s3,H_aug,04,20,Q3,4,6293,1680,0.91579,0.97189,0.95343,0.99107
H_aug_s3,H_aug,04,20,Q4_clearest,1,10294,2346,0.97297,0.99093,0.98534,0.99659
H_aug_s3,H_aug,05,0,Q1_dimmest,286,9685,3539,0.49131,0.43088,0.58,0.34275
H_aug_s3,H_aug,05,0,Q2,28,7440,2198,0.86001,0.86378,0.84573,0.88262
H_aug_s3,H_aug,05,0,Q3,1,7606,2186,0.93771,0.98529,0.97712,0.9936
H_aug_s3,H_aug,05,0,Q4_clearest,0,6179,1663,0.97413,0.99588,0.99358,0.9982
H_aug_s3,H_aug,05,20,Q1_dimmest,264,9685,3539,0.48776,0.42394,0.59622,0.32891
H_aug_s3,H_aug,05,20,Q2,25,7440,2198,0.8587,0.86048,0.84696,0.87443
H_aug_s3,H_aug,05,20,Q3,1,7606,2186,0.93765,0.98529,0.97711,0.9936
H_aug_s3,H_aug,05,20,Q4_clearest,0,6179,1663,0.97421,0.99617,0.99416,0.9982
H_aug_s3,H_aug,06,0,Q1_dimmest,344,10790,3981,0.49538,0.48574,0.63546,0.39312
H_aug_s3,H_aug,06,0,Q2,32,7933,2378,0.85139,0.85079,0.85554,0.84609
H_aug_s3,H_aug,06,0,Q3,1,7891,2229,0.95054,0.98644,0.97796,0.99507
H_aug_s3,H_aug,06,0,Q4_clearest,0,5502,1401,0.97934,0.99828,0.99656,1.0
H_aug_s3,H_aug,06,20,Q1_dimmest,318,10790,3981,0.49268,0.4808,0.64833,0.38206
H_aug_s3,H_aug,06,20,Q2,29,7933,2378,0.85036,0.84909,0.86439,0.83431
H_aug_s3,H_aug,06,20,Q3,1,7891,2229,0.951,0.98811,0.98169,0.99462
H_aug_s3,H_aug,06,20,Q4_clearest,0,5502,1401,0.97943,0.99862,0.99725,1.0
H_aug_s3,H_aug,07,0,Q1_dimmest,226,8316,2808,0.50397,0.47949,0.65169,0.37927
H_aug_s3,H_aug,07,0,Q2,31,7149,2172,0.83648,0.85241,0.84895,0.85589
H_aug_s3,H_aug,07,0,Q3,3,7254,1955,0.92361,0.97142,0.95468,0.98875
H_aug_s3,H_aug,07,0,Q4_clearest,0,7433,2033,0.97203,0.99683,0.99466,0.99902
H_aug_s3,H_aug,07,20,Q1_dimmest,212,8316,2808,0.50238,0.47635,0.66498,0.37108
H_aug_s3,H_aug,07,20,Q2,30,7149,2172,0.8371,0.85498,0.86153,0.84853
H_aug_s3,H_aug,07,20,Q3,3,7254,1955,0.92443,0.97462,0.96088,0.98875
H_aug_s3,H_aug,07,20,Q4_clearest,0,7433,2033,0.97203,0.99683,0.99466,0.99902
H_aug_s3,H_aug,08,0,Q1_dimmest,294,9976,3245,0.53812,0.51261,0.62051,0.43667
H_aug_s3,H_aug,08,0,Q2,19,8461,2479,0.86173,0.86503,0.83975,0.89189
H_aug_s3,H_aug,08,0,Q3,2,6640,1970,0.93421,0.97625,0.96984,0.98274
H_aug_s3,H_aug,08,0,Q4_clearest,0,3312,891,0.97554,0.99279,0.99232,0.99327
H_aug_s3,H_aug,08,20,Q1_dimmest,264,9976,3245,0.53575,0.50919,0.64065,0.4225
H_aug_s3,H_aug,08,20,Q2,18,8461,2479,0.86135,0.86583,0.8508,0.8814
H_aug_s3,H_aug,08,20,Q3,2,6640,1970,0.93474,0.97769,0.97268,0.98274
H_aug_s3,H_aug,08,20,Q4_clearest,0,3312,891,0.97554,0.99279,0.99232,0.99327
H_aug_s3,H_aug,09,0,Q1_dimmest,255,9368,3406,0.58238,0.58188,0.66926,0.51468
H_aug_s3,H_aug,09,0,Q2,24,7639,2383,0.87207,0.90005,0.86622,0.93663
H_aug_s3,H_aug,09,0,Q3,1,6249,1936,0.93753,0.98162,0.96973,0.9938
H_aug_s3,H_aug,09,0,Q4_clearest,0,3485,1001,0.97889,0.999,1.0,0.998
H_aug_s3,H_aug,09,20,Q1_dimmest,230,9368,3406,0.57877,0.57531,0.67949,0.49883
H_aug_s3,H_aug,09,20,Q2,24,7639,2383,0.87156,0.89855,0.86849,0.93076
H_aug_s3,H_aug,09,20,Q3,1,6249,1936,0.93787,0.98261,0.97167,0.9938
H_aug_s3,H_aug,09,20,Q4_clearest,0,3485,1001,0.97889,0.999,1.0,0.998
H_aug_s3,H_aug,10,0,Q1_dimmest,312,7560,3177,0.52944,0.50055,0.55886,0.45326
H_aug_s3,H_aug,10,0,Q2,32,6756,2369,0.83399,0.83804,0.79029,0.89194
H_aug_s3,H_aug,10,0,Q3,3,6741,2035,0.9084,0.96549,0.93979,0.99263
H_aug_s3,H_aug,10,0,Q4_clearest,0,6099,1556,0.95701,0.99486,0.98977,1.0
H_aug_s3,H_aug,10,20,Q1_dimmest,293,7560,3177,0.52898,0.50025,0.57847,0.44067
H_aug_s3,H_aug,10,20,Q2,31,6756,2369,0.83277,0.83489,0.79101,0.88392
H_aug_s3,H_aug,10,20,Q3,3,6741,2035,0.90962,0.96993,0.94869,0.99214
H_aug_s3,H_aug,10,20,Q4_clearest,0,6099,1556,0.95731,0.99614,0.99231,1.0
H_aug_s3,H_aug,11,0,Q1_dimmest,312,6386,2930,0.47596,0.42474,0.5122,0.3628
H_aug_s3,H_aug,11,0,Q2,53,5601,2186,0.79014,0.76942,0.7249,0.81976
H_aug_s3,H_aug,11,0,Q3,10,6593,2129,0.86698,0.92494,0.88199,0.97229
H_aug_s3,H_aug,11,0,Q4_clearest,1,10959,3211,0.93757,0.98075,0.96338,0.99875
H_aug_s3,H_aug,11,20,Q1_dimmest,285,6386,2930,0.47251,0.41551,0.52849,0.34232
H_aug_s3,H_aug,11,20,Q2,46,5601,2186,0.78851,0.76442,0.73255,0.79918
H_aug_s3,H_aug,11,20,Q3,8,6593,2129,0.86761,0.92781,0.88958,0.96947
H_aug_s3,H_aug,11,20,Q4_clearest,1,10959,3211,0.93762,0.9809,0.96368,0.99875
H_aug_s3,H_aug,12,0,Q1_dimmest,246,6741,2151,0.57012,0.56831,0.60892,0.53278
H_aug_s3,H_aug,12,0,Q2,42,7686,2661,0.83131,0.85055,0.81455,0.88989
H_aug_s3,H_aug,12,0,Q3,4,7976,2374,0.90257,0.95807,0.93691,0.9802
H_aug_s3,H_aug,12,0,Q4_clearest,0,6087,1526,0.95743,0.99621,0.99245,1.0
H_aug_s3,H_aug,12,20,Q1_dimmest,231,6741,2151,0.56987,0.57166,0.63929,0.51697
H_aug_s3,H_aug,12,20,Q2,39,7686,2661,0.83123,0.851,0.82178,0.88238
H_aug_s3,H_aug,12,20,Q3,4,7976,2374,0.90308,0.95961,0.93986,0.9802
H_aug_s3,H_aug,12,20,Q4_clearest,0,6087,1526,0.95743,0.99621,0.99245,1.0
H_aug_s3,H_aug,13,0,Q1_dimmest,291,8947,3161,0.54979,0.51892,0.60387,0.45492
H_aug_s3,H_aug,13,0,Q2,46,7970,2798,0.82853,0.82957,0.7861,0.87813
H_aug_s3,H_aug,13,0,Q3,3,7295,2120,0.92198,0.96663,0.94684,0.98726
H_aug_s3,H_aug,13,0,Q4_clearest,0,8047,2107,0.97521,0.99883,0.99766,1.0
H_aug_s3,H_aug,13,20,Q1_dimmest,265,8947,3161,0.55008,0.52007,0.62791,0.44385
H_aug_s3,H_aug,13,20,Q2,46,7970,2798,0.82812,0.82812,0.79283,0.86669
H_aug_s3,H_aug,13,20,Q3,2,7295,2120,0.92221,0.96753,0.94858,0.98726
H_aug_s3,H_aug,13,20,Q4_clearest,0,8047,2107,0.97521,0.99883,0.99766,1.0
H_aug_s3,H_aug,14,0,Q1_dimmest,206,4886,1623,0.53836,0.52039,0.4883,0.55699
H_aug_s3,H_aug,14,0,Q2,33,6453,2243,0.80237,0.81072,0.73658,0.90147
H_aug_s3,H_aug,14,0,Q3,2,8104,2470,0.88542,0.948,0.90681,0.99312
H_aug_s3,H_aug,14,0,Q4_clearest,0,7234,2022,0.95171,0.99584,0.99172,1.0
H_aug_s3,H_aug,14,20,Q1_dimmest,192,4886,1623,0.54133,0.53048,0.51481,0.54713
H_aug_s3,H_aug,14,20,Q2,31,6453,2243,0.80533,0.81829,0.75511,0.893
H_aug_s3,H_aug,14,20,Q3,2,8104,2470,0.88688,0.95268,0.91542,0.99312
H_aug_s3,H_aug,14,20,Q4_clearest,0,7234,2022,0.95184,0.99633,0.99268,1.0
H_aug_s3,H_aug,15,0,Q1_dimmest,176,4357,1638,0.5275,0.53028,0.51727,0.54396
H_aug_s3,H_aug,15,0,Q2,16,5141,1751,0.78282,0.80845,0.71787,0.92519
H_aug_s3,H_aug,15,0,Q3,1,6066,1760,0.85888,0.94041,0.89205,0.99432
H_aug_s3,H_aug,15,0,Q4_clearest,0,8050,2502,0.93652,0.98847,0.97719,1.0
H_aug_s3,H_aug,15,20,Q1_dimmest,168,4357,1638,0.52946,0.53553,0.54127,0.52991
H_aug_s3,H_aug,15,20,Q2,13,5141,1751,0.78505,0.81476,0.73109,0.92005
H_aug_s3,H_aug,15,20,Q3,1,6066,1760,0.86061,0.94604,0.90223,0.99432
H_aug_s3,H_aug,15,20,Q4_clearest,0,8050,2502,0.93723,0.98963,0.97947,1.0
H_aug_s3,H_aug,16,0,Q1_dimmest,267,6445,1959,0.57898,0.61107,0.67316,0.55947
H_aug_s3,H_aug,16,0,Q2,38,6977,2256,0.85869,0.90073,0.88288,0.91933
H_aug_s3,H_aug,16,0,Q3,1,7630,2131,0.89687,0.96704,0.94076,0.99484
H_aug_s3,H_aug,16,0,Q4_clearest,0,8739,2466,0.9356,0.98352,0.96796,0.99959
H_aug_s3,H_aug,16,20,Q1_dimmest,252,6445,1959,0.57933,0.61433,0.69771,0.54875
H_aug_s3,H_aug,16,20,Q2,32,6977,2256,0.85864,0.90314,0.90115,0.90514
H_aug_s3,H_aug,16,20,Q3,1,7630,2131,0.89764,0.96936,0.94815,0.99155
H_aug_s3,H_aug,16,20,Q4_clearest,0,8739,2466,0.9363,0.98528,0.97137,0.99959
H_aug_s3,H_aug,17,0,Q1_dimmest,275,7862,2585,0.60118,0.61354,0.73057,0.52882
H_aug_s3,H_aug,17,0,Q2,27,7104,2140,0.85646,0.8972,0.88142,0.91355
H_aug_s3,H_aug,17,0,Q3,5,7222,1826,0.90753,0.97652,0.96536,0.98795
H_aug_s3,H_aug,17,0,Q4_clearest,0,5664,1433,0.92807,0.99008,0.98035,1.0
H_aug_s3,H_aug,17,20,Q1_dimmest,256,7862,2585,0.60211,0.61865,0.76367,0.51992
H_aug_s3,H_aug,17,20,Q2,26,7104,2140,0.85557,0.89679,0.8904,0.90327
H_aug_s3,H_aug,17,20,Q3,5,7222,1826,0.90749,0.9762,0.96629,0.98631
H_aug_s3,H_aug,17,20,Q4_clearest,0,5664,1433,0.92875,0.99219,0.9845,1.0
H_aug_s3,H_aug,18,0,Q1_dimmest,195,4966,1759,0.62585,0.62621,0.67444,0.58442
H_aug_s3,H_aug,18,0,Q2,25,6044,1968,0.82804,0.89408,0.86268,0.92785
H_aug_s3,H_aug,18,0,Q3,1,7429,2081,0.85396,0.97015,0.94374,0.99808
H_aug_s3,H_aug,18,0,Q4_clearest,0,7705,1851,0.89282,0.98924,0.9787,1.0
H_aug_s3,H_aug,18,20,Q1_dimmest,187,4966,1759,0.62766,0.63304,0.69449,0.58158
H_aug_s3,H_aug,18,20,Q2,26,6044,1968,0.82874,0.89791,0.87299,0.92429
H_aug_s3,H_aug,18,20,Q3,1,7429,2081,0.85609,0.97743,0.95763,0.99808
H_aug_s3,H_aug,18,20,Q4_clearest,0,7705,1851,0.89292,0.98924,0.9787,1.0
H_aug_s3,H_aug,19,0,Q1_dimmest,151,3731,1722,0.64584,0.67656,0.70221,0.65273
H_aug_s3,H_aug,19,0,Q2,30,6957,2067,0.80512,0.86184,0.79088,0.94678
H_aug_s3,H_aug,19,0,Q3,1,8771,2610,0.89603,0.97259,0.94941,0.99693
H_aug_s3,H_aug,19,0,Q4_clearest,0,7909,2077,0.95935,0.99519,0.99137,0.99904
H_aug_s3,H_aug,19,20,Q1_dimmest,138,3731,1722,0.64449,0.67871,0.72395,0.63879
H_aug_s3,H_aug,19,20,Q2,27,6957,2067,0.80685,0.86879,0.80653,0.94146
H_aug_s3,H_aug,19,20,Q3,1,8771,2610,0.89602,0.97238,0.95111,0.99464
H_aug_s3,H_aug,19,20,Q4_clearest,0,7909,2077,0.95959,0.99615,0.99328,0.99904
H_aug_s3,H_aug,20,0,Q1_dimmest,204,5411,1924,0.61637,0.62259,0.60167,0.64501
H_aug_s3,H_aug,20,0,Q2,24,7210,2225,0.80913,0.85477,0.77592,0.95146
H_aug_s3,H_aug,20,0,Q3,2,6951,2027,0.86205,0.94399,0.8979,0.99507
H_aug_s3,H_aug,20,0,Q4_clearest,0,4693,1197,0.93333,0.97959,0.96,1.0
H_aug_s3,H_aug,20,20,Q1_dimmest,193,5411,1924,0.61671,0.62598,0.62056,0.6315
H_aug_s3,H_aug,20,20,Q2,25,7210,2225,0.81133,0.86291,0.79509,0.94337
H_aug_s3,H_aug,20,20,Q3,1,6951,2027,0.8643,0.95046,0.9101,0.99457
H_aug_s3,H_aug,20,20,Q4_clearest,0,4693,1197,0.93333,0.97959,0.96,1.0
H_aug_s4,H_aug,01,0,Q1_dimmest,218,4597,1791,0.57338,0.55686,0.5321,0.58403
H_aug_s4,H_aug,01,0,Q2,41,6946,2500,0.79042,0.84634,0.78682,0.9156
H_aug_s4,H_aug,01,0,Q3,10,8473,2538,0.86499,0.95795,0.93804,0.97872
H_aug_s4,H_aug,01,0,Q4_clearest,0,9424,2483,0.92612,0.9914,0.98411,0.99879
H_aug_s4,H_aug,01,20,Q1_dimmest,207,4597,1791,0.5724,0.55481,0.54035,0.57007
H_aug_s4,H_aug,01,20,Q2,37,6946,2500,0.79193,0.85307,0.80192,0.9112
H_aug_s4,H_aug,01,20,Q3,9,8473,2538,0.86533,0.96126,0.94699,0.97597
H_aug_s4,H_aug,01,20,Q4_clearest,0,9424,2483,0.92635,0.99241,0.98612,0.99879
H_aug_s4,H_aug,02,0,Q1_dimmest,247,5691,1790,0.48925,0.46057,0.45115,0.47039
H_aug_s4,H_aug,02,0,Q2,31,6606,1861,0.80729,0.8113,0.74892,0.88501
H_aug_s4,H_aug,02,0,Q3,2,8662,2260,0.90199,0.95269,0.91938,0.9885
H_aug_s4,H_aug,02,0,Q4_clearest,0,12831,3378,0.96386,0.99321,0.98651,1.0
H_aug_s4,H_aug,02,20,Q1_dimmest,223,5691,1790,0.48606,0.45592,0.46649,0.44581
H_aug_s4,H_aug,02,20,Q2,29,6606,1861,0.80565,0.80511,0.75825,0.85814
H_aug_s4,H_aug,02,20,Q3,1,8662,2260,0.90323,0.95778,0.92891,0.9885
H_aug_s4,H_aug,02,20,Q4_clearest,0,12831,3378,0.9639,0.99335,0.98679,1.0
H_aug_s4,H_aug,03,0,Q1_dimmest,277,10358,3377,0.49966,0.49587,0.59008,0.4276
H_aug_s4,H_aug,03,0,Q2,33,9353,2708,0.82614,0.85889,0.85738,0.86041
H_aug_s4,H_aug,03,0,Q3,7,8095,2089,0.93098,0.97211,0.98025,0.9641
H_aug_s4,H_aug,03,0,Q4_clearest,0,5087,1047,0.98416,0.99581,0.99735,0.99427
H_aug_s4,H_aug,03,20,Q1_dimmest,253,10358,3377,0.49618,0.48973,0.60129,0.41309
H_aug_s4,H_aug,03,20,Q2,31,9353,2708,0.82449,0.85667,0.86148,0.85192
H_aug_s4,H_aug,03,20,Q3,6,8095,2089,0.93093,0.97175,0.98201,0.9617
H_aug_s4,H_aug,03,20,Q4_clearest,0,5087,1047,0.98416,0.99581,0.99735,0.99427
H_aug_s4,H_aug,04,0,Q1_dimmest,233,7750,3035,0.50811,0.46221,0.57926,0.38451
H_aug_s4,H_aug,04,0,Q2,24,6017,1865,0.81786,0.8346,0.78857,0.88633
H_aug_s4,H_aug,04,0,Q3,2,6293,1680,0.91725,0.97105,0.94855,0.99464
H_aug_s4,H_aug,04,0,Q4_clearest,0,10294,2346,0.97404,0.99124,0.98263,1.0
H_aug_s4,H_aug,04,20,Q1_dimmest,220,7750,3035,0.50886,0.46487,0.60803,0.37628
H_aug_s4,H_aug,04,20,Q2,21,6017,1865,0.81687,0.83171,0.7907,0.87721
H_aug_s4,H_aug,04,20,Q3,2,6293,1680,0.91723,0.97132,0.94907,0.99464
H_aug_s4,H_aug,04,20,Q4_clearest,0,10294,2346,0.97413,0.99165,0.98344,1.0
H_aug_s4,H_aug,05,0,Q1_dimmest,296,9685,3539,0.48472,0.42908,0.58411,0.33908
H_aug_s4,H_aug,05,0,Q2,25,7440,2198,0.86213,0.8672,0.84604,0.88944
H_aug_s4,H_aug,05,0,Q3,1,7606,2186,0.93912,0.98772,0.98057,0.99497
H_aug_s4,H_aug,05,0,Q4_clearest,0,6179,1663,0.97491,0.99771,0.99543,1.0
H_aug_s4,H_aug,05,20,Q1_dimmest,276,9685,3539,0.48291,0.42575,0.60532,0.32834
H_aug_s4,H_aug,05,20,Q2,24,7440,2198,0.86102,0.8647,0.84665,0.88353
H_aug_s4,H_aug,05,20,Q3,1,7606,2186,0.93859,0.98633,0.98051,0.99222
H_aug_s4,H_aug,05,20,Q4_clearest,0,6179,1663,0.97491,0.99771,0.99543,1.0
H_aug_s4,H_aug,06,0,Q1_dimmest,367,10790,3981,0.51183,0.48712,0.6236,0.39965
H_aug_s4,H_aug,06,0,Q2,35,7933,2378,0.85153,0.85484,0.86116,0.84861
H_aug_s4,H_aug,06,0,Q3,0,7891,2229,0.94926,0.9833,0.97138,0.99551
H_aug_s4,H_aug,06,0,Q4_clearest,1,5502,1401,0.98021,0.99894,0.9993,0.99857
H_aug_s4,H_aug,06,20,Q1_dimmest,336,10790,3981,0.50971,0.48298,0.64271,0.38684
H_aug_s4,H_aug,06,20,Q2,33,7933,2378,0.8502,0.85062,0.86758,0.83431
H_aug_s4,H_aug,06,20,Q3,0,7891,2229,0.94972,0.98479,0.97429,0.99551
H_aug_s4,H_aug,06,20,Q4_clearest,1,5502,1401,0.98021,0.99894,0.9993,0.99857
H_aug_s4,H_aug,07,0,Q1_dimmest,240,8316,2808,0.50692,0.47865,0.65279,0.37785
H_aug_s4,H_aug,07,0,Q2,39,7149,2172,0.83485,0.84367,0.84995,0.83748
H_aug_s4,H_aug,07,0,Q3,3,7254,1955,0.92331,0.97409,0.96131,0.98721
H_aug_s4,H_aug,07,0,Q4_clearest,0,7433,2033,0.97292,0.9968,0.9946,0.99902
H_aug_s4,H_aug,07,20,Q1_dimmest,214,8316,2808,0.5058,0.47599,0.6915,0.36289
H_aug_s4,H_aug,07,20,Q2,37,7149,2172,0.83448,0.84448,0.86184,0.82781
H_aug_s4,H_aug,07,20,Q3,3,7254,1955,0.9237,0.97575,0.96553,0.98619
H_aug_s4,H_aug,07,20,Q4_clearest,0,7433,2033,0.97292,0.9968,0.9946,0.99902
H_aug_s4,H_aug,08,0,Q1_dimmest,286,9976,3245,0.52679,0.49855,0.6042,0.42435
H_aug_s4,H_aug,08,0,Q2,30,8461,2479,0.85925,0.86594,0.84619,0.88665
H_aug_s4,H_aug,08,0,Q3,2,6640,1970,0.93561,0.97863,0.97305,0.98426
H_aug_s4,H_aug,08,0,Q4_clearest,0,3312,891,0.97704,0.99498,0.99557,0.99439
H_aug_s4,H_aug,08,20,Q1_dimmest,259,9976,3245,0.52323,0.49247,0.62681,0.40555
H_aug_s4,H_aug,08,20,Q2,26,8461,2479,0.85868,0.86518,0.85602,0.87455
H_aug_s4,H_aug,08,20,Q3,2,6640,1970,0.93567,0.97885,0.97399,0.98376
H_aug_s4,H_aug,08,20,Q4_clearest,0,3312,891,0.97704,0.99498,0.99557,0.99439
H_aug_s4,H_aug,09,0,Q1_dimmest,271,9368,3406,0.58401,0.58299,0.65228,0.52701
H_aug_s4,H_aug,09,0,Q2,24,7639,2383,0.87039,0.90079,0.86261,0.94251
H_aug_s4,H_aug,09,0,Q3,0,6249,1936,0.93661,0.98427,0.97343,0.99535
H_aug_s4,H_aug,09,0,Q4_clearest,1,3485,1001,0.97858,0.9965,0.99901,0.99401
H_aug_s4,H_aug,09,20,Q1_dimmest,251,9368,3406,0.58399,0.58726,0.68418,0.51439
H_aug_s4,H_aug,09,20,Q2,23,7639,2383,0.86994,0.9003,0.86561,0.93789
H_aug_s4,H_aug,09,20,Q3,0,6249,1936,0.93668,0.98452,0.97392,0.99535
H_aug_s4,H_aug,09,20,Q4_clearest,1,3485,1001,0.97858,0.9965,0.99901,0.99401
H_aug_s4,H_aug,10,0,Q1_dimmest,321,7560,3177,0.52274,0.48251,0.54265,0.43437
H_aug_s4,H_aug,10,0,Q2,30,6756,2369,0.82988,0.83804,0.78897,0.89363
H_aug_s4,H_aug,10,0,Q3,1,6741,2035,0.90931,0.96793,0.9409,0.99656
H_aug_s4,H_aug,10,0,Q4_clearest,0,6099,1556,0.95835,0.99237,0.98549,0.99936
H_aug_s4,H_aug,10,20,Q1_dimmest,297,7560,3177,0.52081,0.47743,0.56572,0.41297
H_aug_s4,H_aug,10,20,Q2,23,6756,2369,0.82857,0.83354,0.79198,0.8797
H_aug_s4,H_aug,10,20,Q3,1,6741,2035,0.91003,0.97062,0.95047,0.99165
H_aug_s4,H_aug,10,20,Q4_clearest,0,6099,1556,0.95933,0.99568,0.99203,0.99936
H_aug_s4,H_aug,11,0,Q1_dimmest,327,6386,2930,0.47518,0.42613,0.50883,0.36655
H_aug_s4,H_aug,11,0,Q2,50,5601,2186,0.7881,0.76705,0.71583,0.82617
H_aug_s4,H_aug,11,0,Q3,6,6593,2129,0.86694,0.92628,0.88173,0.97558
H_aug_s4,H_aug,11,0,Q4_clearest,0,10959,3211,0.94057,0.98052,0.96265,0.99907
H_aug_s4,H_aug,11,20,Q1_dimmest,293,6386,2930,0.46809,0.41027,0.51809,0.33959
H_aug_s4,H_aug,11,20,Q2,43,5601,2186,0.7871,0.76465,0.72326,0.81107
H_aug_s4,H_aug,11,20,Q3,6,6593,2129,0.86734,0.92731,0.88593,0.97276
H_aug_s4,H_aug,11,20,Q4_clearest,0,10959,3211,0.94057,0.98052,0.96265,0.99907
H_aug_s4,H_aug,12,0,Q1_dimmest,250,6741,2151,0.56419,0.55782,0.59222,0.5272
H_aug_s4,H_aug,12,0,Q2,54,7686,2661,0.82511,0.85082,0.82341,0.88012
H_aug_s4,H_aug,12,0,Q3,1,7976,2374,0.89925,0.95632,0.9332,0.98062
H_aug_s4,H_aug,12,0,Q4_clearest,0,6087,1526,0.95669,0.99402,0.98876,0.99934
H_aug_s4,H_aug,12,20,Q1_dimmest,234,6741,2151,0.56659,0.56738,0.62937,0.5165
H_aug_s4,H_aug,12,20,Q2,47,7686,2661,0.8247,0.85067,0.83084,0.87148
H_aug_s4,H_aug,12,20,Q3,1,7976,2374,0.8994,0.95763,0.93646,0.97978
H_aug_s4,H_aug,12,20,Q4_clearest,0,6087,1526,0.95661,0.99369,0.98875,0.99869
H_aug_s4,H_aug,13,0,Q1_dimmest,288,8947,3161,0.55404,0.52389,0.57181,0.48339
H_aug_s4,H_aug,13,0,Q2,46,7970,2798,0.82537,0.8299,0.78555,0.87956
H_aug_s4,H_aug,13,0,Q3,3,7295,2120,0.92007,0.96631,0.94885,0.98443
H_aug_s4,H_aug,13,0,Q4_clearest,0,8047,2107,0.97609,0.99766,0.9958,0.99953
H_aug_s4,H_aug,13,20,Q1_dimmest,256,8947,3161,0.554,0.52573,0.60626,0.46409
H_aug_s4,H_aug,13,20,Q2,43,7970,2798,0.82578,0.83069,0.79666,0.86776
H_aug_s4,H_aug,13,20,Q3,2,7295,2120,0.92072,0.9679,0.95192,0.98443
H_aug_s4,H_aug,13,20,Q4_clearest,0,8047,2107,0.97609,0.99766,0.9958,0.99953
H_aug_s4,H_aug,14,0,Q1_dimmest,216,4886,1623,0.51565,0.49359,0.46773,0.52249
H_aug_s4,H_aug,14,0,Q2,42,6453,2243,0.79831,0.80809,0.7349,0.89746
H_aug_s4,H_aug,14,0,Q3,1,8104,2470,0.88812,0.95254,0.91276,0.99595
H_aug_s4,H_aug,14,0,Q4_clearest,0,7234,2022,0.95195,0.99559,0.99122,1.0
H_aug_s4,H_aug,14,20,Q1_dimmest,198,4886,1623,0.51957,0.50488,0.50331,0.50647
H_aug_s4,H_aug,14,20,Q2,40,6453,2243,0.79946,0.81213,0.74941,0.88631
H_aug_s4,H_aug,14,20,Q3,1,8104,2470,0.88883,0.95542,0.91875,0.99514
H_aug_s4,H_aug,14,20,Q4_clearest,0,7234,2022,0.95202,0.99583,0.9917,1.0
H_aug_s4,H_aug,15,0,Q1_dimmest,181,4357,1638,0.5231,0.52549,0.53949,0.51221
H_aug_s4,H_aug,15,0,Q2,16,5141,1751,0.79013,0.82555,0.74491,0.92576
H_aug_s4,H_aug,15,0,Q3,3,6066,1760,0.8641,0.94617,0.90247,0.99432
H_aug_s4,H_aug,15,0,Q4_clearest,0,8050,2502,0.9381,0.99292,0.98594,1.0
H_aug_s4,H_aug,15,20,Q1_dimmest,175,4357,1638,0.52458,0.53302,0.57474,0.49695
H_aug_s4,H_aug,15,20,Q2,13,5141,1751,0.791,0.82905,0.75598,0.91776
H_aug_s4,H_aug,15,20,Q3,2,6066,1760,0.86516,0.95071,0.91076,0.99432
H_aug_s4,H_aug,15,20,Q4_clearest,0,8050,2502,0.93821,0.99312,0.98633,1.0
H_aug_s4,H_aug,16,0,Q1_dimmest,269,6445,1959,0.5691,0.59982,0.65057,0.55641
H_aug_s4,H_aug,16,0,Q2,43,6977,2256,0.85526,0.89162,0.86911,0.91534
H_aug_s4,H_aug,16,0,Q3,1,7630,2131,0.89225,0.96096,0.93014,0.9939
H_aug_s4,H_aug,16,0,Q4_clearest,1,8739,2466,0.93779,0.98333,0.96759,0.99959
H_aug_s4,H_aug,16,20,Q1_dimmest,261,6445,1959,0.57471,0.61994,0.7098,0.55028
H_aug_s4,H_aug,16,20,Q2,42,6977,2256,0.85814,0.90003,0.88899,0.91135
H_aug_s4,H_aug,16,20,Q3,0,7630,2131,0.89396,0.96586,0.94019,0.99296
H_aug_s4,H_aug,16,20,Q4_clearest,1,8739,2466,0.93859,0.98529,0.97138,0.99959
H_aug_s4,H_aug,17,0,Q1_dimmest,273,7862,2585,0.60798,0.61764,0.69601,0.55513
H_aug_s4,H_aug,17,0,Q2,34,7104,2140,0.85111,0.89124,0.87255,0.91075
H_aug_s4,H_aug,17,0,Q3,6,7222,1826,0.9076,0.97815,0.96697,0.98959
H_aug_s4,H_aug,17,0,Q4_clearest,0,5664,1433,0.92784,0.99063,0.98143,1.0
H_aug_s4,H_aug,17,20,Q1_dimmest,249,7862,2585,0.6097,0.62564,0.7435,0.54004
H_aug_s4,H_aug,17,20,Q2,33,7104,2140,0.85287,0.89852,0.89566,0.9014
H_aug_s4,H_aug,17,20,Q3,6,7222,1826,0.90834,0.9804,0.9719,0.98905
H_aug_s4,H_aug,17,20,Q4_clearest,0,5664,1433,0.92822,0.99242,0.98495,1.0
H_aug_s4,H_aug,18,0,Q1_dimmest,189,4966,1759,0.61957,0.61345,0.64275,0.5867
H_aug_s4,H_aug,18,0,Q2,31,6044,1968,0.82151,0.88458,0.85072,0.92124
H_aug_s4,H_aug,18,0,Q3,2,7429,2081,0.84544,0.96423,0.93428,0.99616
H_aug_s4,H_aug,18,0,Q4_clearest,0,7705,1851,0.89239,0.9829,0.96689,0.99946
H_aug_s4,H_aug,18,20,Q1_dimmest,183,4966,1759,0.62533,0.62751,0.68289,0.58044
H_aug_s4,H_aug,18,20,Q2,28,6044,1968,0.82221,0.88738,0.86126,0.91514
H_aug_s4,H_aug,18,20,Q3,2,7429,2081,0.84781,0.97087,0.94728,0.99568
H_aug_s4,H_aug,18,20,Q4_clearest,0,7705,1851,0.89296,0.98546,0.97184,0.99946
H_aug_s4,H_aug,19,0,Q1_dimmest,147,3731,1722,0.65479,0.67886,0.69787,0.66086
H_aug_s4,H_aug,19,0,Q2,19,6957,2067,0.8057,0.85567,0.77378,0.95694
H_aug_s4,H_aug,19,0,Q3,2,8771,2610,0.89682,0.97044,0.9488,0.9931
H_aug_s4,H_aug,19,0,Q4_clearest,0,7909,2077,0.96216,0.99384,0.9887,0.99904
H_aug_s4,H_aug,19,20,Q1_dimmest,140,3731,1722,0.65794,0.68672,0.7216,0.65505
H_aug_s4,H_aug,19,20,Q2,19,6957,2067,0.80944,0.86646,0.79664,0.94969
H_aug_s4,H_aug,19,20,Q3,1,8771,2610,0.89678,0.97052,0.95425,0.98736
H_aug_s4,H_aug,19,20,Q4_clearest,0,7909,2077,0.96239,0.99483,0.99065,0.99904
H_aug_s4,H_aug,20,0,Q1_dimmest,210,5411,1924,0.61304,0.61676,0.58079,0.65748
H_aug_s4,H_aug,20,0,Q2,30,7210,2225,0.80339,0.85342,0.77489,0.94966
H_aug_s4,H_aug,20,0,Q3,2,6951,2027,0.86272,0.945,0.90013,0.99457
H_aug_s4,H_aug,20,0,Q4_clearest,0,4693,1197,0.93658,0.9789,0.95866,1.0
H_aug_s4,H_aug,20,20,Q1_dimmest,207,5411,1924,0.62139,0.63867,0.6261,0.65177
H_aug_s4,H_aug,20,20,Q2,30,7210,2225,0.8094,0.87299,0.80875,0.94831
H_aug_s4,H_aug,20,20,Q3,2,6951,2027,0.86474,0.95121,0.91148,0.99457
H_aug_s4,H_aug,20,20,Q4_clearest,0,4693,1197,0.93648,0.97888,0.95863,1.0
H_aug_s5,H_aug,01,0,Q1_dimmest,230,4597,1791,0.57697,0.57408,0.57931,0.56896
H_aug_s5,H_aug,01,0,Q2,44,6946,2500,0.80097,0.85258,0.7995,0.9132
H_aug_s5,H_aug,01,0,Q3,7,8473,2538,0.86746,0.96068,0.9375,0.98503
H_aug_s5,H_aug,01,0,Q4_clearest,0,9424,2483,0.92613,0.99052,0.98277,0.99839
H_aug_s5,H_aug,01,20,Q1_dimmest,218,4597,1791,0.57972,0.58279,0.61558,0.55332
H_aug_s5,H_aug,01,20,Q2,42,6946,2500,0.80149,0.85515,0.80622,0.9104
H_aug_s5,H_aug,01,20,Q3,6,8473,2538,0.86883,0.96431,0.94517,0.98424
H_aug_s5,H_aug,01,20,Q4_clearest,0,9424,2483,0.92613,0.99052,0.98277,0.99839
H_aug_s5,H_aug,02,0,Q1_dimmest,225,5691,1790,0.48372,0.44605,0.46379,0.42961
H_aug_s5,H_aug,02,0,Q2,46,6606,1861,0.81206,0.80855,0.76481,0.8576
H_aug_s5,H_aug,02,0,Q3,1,8662,2260,0.90668,0.95635,0.92623,0.9885
H_aug_s5,H_aug,02,0,Q4_clearest,0,12831,3378,0.96357,0.99362,0.98733,1.0
H_aug_s5,H_aug,02,20,Q1_dimmest,210,5691,1790,0.48356,0.44602,0.48194,0.41508
H_aug_s5,H_aug,02,20,Q2,40,6606,1861,0.81089,0.80476,0.76932,0.84363
H_aug_s5,H_aug,02,20,Q3,1,8662,2260,0.90749,0.95976,0.93304,0.98805
H_aug_s5,H_aug,02,20,Q4_clearest,0,12831,3378,0.96364,0.99391,0.9879,1.0
H_aug_s5,H_aug,03,0,Q1_dimmest,274,10358,3377,0.50874,0.48774,0.61412,0.4045
H_aug_s5,H_aug,03,0,Q2,34,9353,2708,0.83277,0.85894,0.8471,0.87112
H_aug_s5,H_aug,03,0,Q3,4,8095,2089,0.93419,0.97327,0.97335,0.97319
H_aug_s5,H_aug,03,0,Q4_clearest,0,5087,1047,0.9866,0.99773,0.99737,0.99809
H_aug_s5,H_aug,03,20,Q1_dimmest,245,10358,3377,0.50308,0.47466,0.62119,0.38407
H_aug_s5,H_aug,03,20,Q2,30,9353,2708,0.83126,0.85553,0.85107,0.86004
H_aug_s5,H_aug,03,20,Q3,3,8095,2089,0.93383,0.97271,0.97415,0.97128
H_aug_s5,H_aug,03,20,Q4_clearest,0,5087,1047,0.9866,0.99773,0.99737,0.99809
H_aug_s5,H_aug,04,0,Q1_dimmest,245,7750,3035,0.49155,0.45158,0.59094,0.3654
H_aug_s5,H_aug,04,0,Q2,30,6017,1865,0.82188,0.84177,0.81276,0.87292
H_aug_s5,H_aug,04,0,Q3,1,6293,1680,0.92019,0.97314,0.952,0.99524
H_aug_s5,H_aug,04,0,Q4_clearest,0,10294,2346,0.97372,0.9919,0.98392,1.0
H_aug_s5,H_aug,04,20,Q1_dimmest,226,7750,3035,0.48703,0.44142,0.59966,0.34926
H_aug_s5,H_aug,04,20,Q2,25,6017,1865,0.82092,0.83914,0.81536,0.86434
H_aug_s5,H_aug,04,20,Q3,1,6293,1680,0.92011,0.97312,0.95197,0.99524
H_aug_s5,H_aug,04,20,Q4_clearest,0,10294,2346,0.97436,0.99376,0.98759,1.0
H_aug_s5,H_aug,05,0,Q1_dimmest,302,9685,3539,0.4744,0.41772,0.61964,0.31506
H_aug_s5,H_aug,05,0,Q2,25,7440,2198,0.86459,0.86867,0.86255,0.87489
H_aug_s5,H_aug,05,0,Q3,0,7606,2186,0.93892,0.98841,0.98104,0.99588
H_aug_s5,H_aug,05,0,Q4_clearest,0,6179,1663,0.9753,0.99797,0.99594,1.0
H_aug_s5,H_aug,05,20,Q1_dimmest,271,9685,3539,0.46861,0.40324,0.63432,0.29556
H_aug_s5,H_aug,05,20,Q2,24,7440,2198,0.86282,0.86428,0.86322,0.86533
H_aug_s5,H_aug,05,20,Q3,0,7606,2186,0.93892,0.98841,0.98104,0.99588
H_aug_s5,H_aug,05,20,Q4_clearest,0,6179,1663,0.9753,0.99797,0.99594,1.0
H_aug_s5,H_aug,06,0,Q1_dimmest,357,10790,3981,0.48982,0.46798,0.64028,0.36875
H_aug_s5,H_aug,06,0,Q2,39,7933,2378,0.85269,0.85114,0.8775,0.82632
H_aug_s5,H_aug,06,0,Q3,0,7891,2229,0.95168,0.98732,0.97882,0.99596
H_aug_s5,H_aug,06,0,Q4_clearest,0,5502,1401,0.9797,0.99965,0.9993,1.0
H_aug_s5,H_aug,06,20,Q1_dimmest,324,10790,3981,0.4872,0.46333,0.67796,0.35192
H_aug_s5,H_aug,06,20,Q2,34,7933,2378,0.85171,0.84773,0.88175,0.81623
H_aug_s5,H_aug,06,20,Q3,0,7891,2229,0.95161,0.98708,0.97922,0.99507
H_aug_s5,H_aug,06,20,Q4_clearest,0,5502,1401,0.9797,0.99965,0.9993,1.0
H_aug_s5,H_aug,07,0,Q1_dimmest,246,8316,2808,0.47968,0.45428,0.66724,0.34437
H_aug_s5,H_aug,07,0,Q2,37,7149,2172,0.83736,0.83788,0.85557,0.8209
H_aug_s5,H_aug,07,0,Q3,3,7254,1955,0.92575,0.97011,0.95889,0.98159
H_aug_s5,H_aug,07,0,Q4_clearest,0,7433,2033,0.97246,0.99681,0.9951,0.99852
H_aug_s5,H_aug,07,20,Q1_dimmest,214,8316,2808,0.47317,0.43739,0.70547,0.31695
H_aug_s5,H_aug,07,20,Q2,33,7149,2172,0.8376,0.83934,0.86841,0.81215
H_aug_s5,H_aug,07,20,Q3,3,7254,1955,0.92633,0.97227,0.96363,0.98107
H_aug_s5,H_aug,07,20,Q4_clearest,0,7433,2033,0.97246,0.99681,0.9951,0.99852
H_aug_s5,H_aug,08,0,Q1_dimmest,284,9976,3245,0.51994,0.4897,0.63671,0.39784
H_aug_s5,H_aug,08,0,Q2,29,8461,2479,0.86224,0.87143,0.86092,0.88221
H_aug_s5,H_aug,08,0,Q3,3,6640,1970,0.938,0.97867,0.97463,0.98274
H_aug_s5,H_aug,08,0,Q4_clearest,0,3312,891,0.97412,0.9933,0.99334,0.99327
H_aug_s5,H_aug,08,20,Q1_dimmest,262,9976,3245,0.51708,0.48599,0.66459,0.38305
H_aug_s5,H_aug,08,20,Q2,27,8461,2479,0.86269,0.87287,0.87,0.87576
H_aug_s5,H_aug,08,20,Q3,3,6640,1970,0.93827,0.97963,0.97654,0.98274
H_aug_s5,H_aug,08,20,Q4_clearest,0,3312,891,0.97412,0.9933,0.99334,0.99327
H_aug_s5,H_aug,09,0,Q1_dimmest,285,9368,3406,0.5725,0.57519,0.70282,0.48679
H_aug_s5,H_aug,09,0,Q2,26,7639,2383,0.87323,0.89987,0.87356,0.92782
H_aug_s5,H_aug,09,0,Q3,0,6249,1936,0.94097,0.98555,0.97249,0.99897
H_aug_s5,H_aug,09,0,Q4_clearest,0,3485,1001,0.98114,0.99951,0.99902,1.0
H_aug_s5,H_aug,09,20,Q1_dimmest,267,9368,3406,0.56924,0.5699,0.71543,0.47358
H_aug_s5,H_aug,09,20,Q2,25,7639,2383,0.87273,0.89902,0.87495,0.92446
H_aug_s5,H_aug,09,20,Q3,0,6249,1936,0.94097,0.98555,0.97249,0.99897
H_aug_s5,H_aug,09,20,Q4_clearest,0,3485,1001,0.98114,0.99951,0.99902,1.0
H_aug_s5,H_aug,10,0,Q1_dimmest,299,7560,3177,0.51909,0.48294,0.59175,0.40793
H_aug_s5,H_aug,10,0,Q2,33,6756,2369,0.83212,0.82769,0.79317,0.86534
H_aug_s5,H_aug,10,0,Q3,2,6741,2035,0.91155,0.96652,0.94043,0.9941
H_aug_s5,H_aug,10,0,Q4_clearest,0,6099,1556,0.95641,0.99413,0.98833,1.0
H_aug_s5,H_aug,10,20,Q1_dimmest,275,7560,3177,0.51631,0.47807,0.61133,0.39251
H_aug_s5,H_aug,10,20,Q2,32,6756,2369,0.83157,0.82593,0.79895,0.85479
H_aug_s5,H_aug,10,20,Q3,2,6741,2035,0.91202,0.96833,0.94654,0.99115
H_aug_s5,H_aug,10,20,Q4_clearest,0,6099,1556,0.95686,0.99543,0.9909,1.0
H_aug_s5,H_aug,11,0,Q1_dimmest,333,6386,2930,0.4498,0.39198,0.51413,0.31672
H_aug_s5,H_aug,11,0,Q2,60,5601,2186,0.7908,0.7617,0.73337,0.79231
H_aug_s5,H_aug,11,0,Q3,11,6593,2129,0.87117,0.92108,0.8796,0.96665
H_aug_s5,H_aug,11,0,Q4_clearest,0,10959,3211,0.94166,0.98258,0.96664,0.99907
H_aug_s5,H_aug,11,20,Q1_dimmest,299,6386,2930,0.44182,0.37523,0.51894,0.29386
H_aug_s5,H_aug,11,20,Q2,55,5601,2186,0.78806,0.75483,0.73658,0.77402
H_aug_s5,H_aug,11,20,Q3,11,6593,2129,0.87132,0.92195,0.88277,0.96477
H_aug_s5,H_aug,11,20,Q4_clearest,0,10959,3211,0.94166,0.98258,0.96664,0.99907
H_aug_s5,H_aug,12,0,Q1_dimmest,258,6741,2151,0.56623,0.55609,0.63116,0.49698
H_aug_s5,H_aug,12,0,Q2,62,7686,2661,0.83455,0.8539,0.83393,0.87486
H_aug_s5,H_aug,12,0,Q3,5,7976,2374,0.9053,0.95973,0.93971,0.98062
H_aug_s5,H_aug,12,0,Q4_clearest,0,6087,1526,0.95811,0.9943,0.98866,1.0
H_aug_s5,H_aug,12,20,Q1_dimmest,240,6741,2151,0.56623,0.55948,0.66118,0.48489
H_aug_s5,H_aug,12,20,Q2,56,7686,2661,0.83411,0.85387,0.84436,0.86359
H_aug_s5,H_aug,12,20,Q3,4,7976,2374,0.90522,0.96004,0.94225,0.97852
H_aug_s5,H_aug,12,20,Q4_clearest,0,6087,1526,0.95811,0.9943,0.98866,1.0
H_aug_s5,H_aug,13,0,Q1_dimmest,292,8947,3161,0.53616,0.5146,0.62922,0.43531
H_aug_s5,H_aug,13,0,Q2,64,7970,2798,0.83167,0.83009,0.8029,0.85919
H_aug_s5,H_aug,13,0,Q3,3,7295,2120,0.92321,0.96668,0.94912,0.98491
H_aug_s5,H_aug,13,0,Q4_clearest,0,8047,2107,0.97782,0.99812,0.99626,1.0
H_aug_s5,H_aug,13,20,Q1_dimmest,255,8947,3161,0.53205,0.50649,0.64881,0.41537
H_aug_s5,H_aug,13,20,Q2,61,7970,2798,0.83048,0.82713,0.81242,0.84239
H_aug_s5,H_aug,13,20,Q3,3,7295,2120,0.92307,0.96622,0.9491,0.98396
H_aug_s5,H_aug,13,20,Q4_clearest,0,8047,2107,0.97782,0.99812,0.99626,1.0
H_aug_s5,H_aug,14,0,Q1_dimmest,210,4886,1623,0.51395,0.50766,0.51523,0.50031
H_aug_s5,H_aug,14,0,Q2,64,6453,2243,0.80542,0.81228,0.76188,0.86982
H_aug_s5,H_aug,14,0,Q3,1,8104,2470,0.89339,0.95235,0.91377,0.99433
H_aug_s5,H_aug,14,0,Q4_clearest,0,7234,2022,0.9519,0.9941,0.98826,1.0
H_aug_s5,H_aug,14,20,Q1_dimmest,192,4886,1623,0.51532,0.51068,0.54637,0.47936
H_aug_s5,H_aug,14,20,Q2,58,6453,2243,0.80512,0.81149,0.77284,0.85421
H_aug_s5,H_aug,14,20,Q3,1,8104,2470,0.89416,0.9552,0.92077,0.99231
H_aug_s5,H_aug,14,20,Q4_clearest,0,7234,2022,0.9519,0.9941,0.98826,1.0
H_aug_s5,H_aug,15,0,Q1_dimmest,186,4357,1638,0.51493,0.51515,0.5602,0.4768
H_aug_s5,H_aug,15,0,Q2,28,5141,1751,0.79202,0.82428,0.7615,0.89834
H_aug_s5,H_aug,15,0,Q3,2,6066,1760,0.86308,0.94032,0.89372,0.99205
H_aug_s5,H_aug,15,0,Q4_clearest,0,8050,2502,0.93773,0.98909,0.97842,1.0
H_aug_s5,H_aug,15,20,Q1_dimmest,178,4357,1638,0.51595,0.51867,0.58602,0.4652
H_aug_s5,H_aug,15,20,Q2,25,5141,1751,0.79366,0.82978,0.77519,0.89263
H_aug_s5,H_aug,15,20,Q3,2,6066,1760,0.86508,0.94754,0.90686,0.99205
H_aug_s5,H_aug,15,20,Q4_clearest,0,8050,2502,0.93828,0.99044,0.98107,1.0
H_aug_s5,H_aug,16,0,Q1_dimmest,277,6445,1959,0.55349,0.58903,0.7,0.50842
H_aug_s5,H_aug,16,0,Q2,61,6977,2256,0.84943,0.88206,0.8847,0.87943
H_aug_s5,H_aug,16,0,Q3,2,7630,2131,0.89764,0.96316,0.93468,0.99343
H_aug_s5,H_aug,16,0,Q4_clearest,1,8739,2466,0.93982,0.98412,0.96911,0.99959
H_aug_s5,H_aug,16,20,Q1_dimmest,268,6445,1959,0.5553,0.59794,0.7342,0.50434
H_aug_s5,H_aug,16,20,Q2,58,6977,2256,0.85005,0.88511,0.89732,0.87323
H_aug_s5,H_aug,16,20,Q3,1,7630,2131,0.89867,0.96597,0.94125,0.99202
H_aug_s5,H_aug,16,20,Q4_clearest,1,8739,2466,0.94078,0.9867,0.97412,0.99959
H_aug_s5,H_aug,17,0,Q1_dimmest,280,7862,2585,0.58096,0.58943,0.70883,0.50445
H_aug_s5,H_aug,17,0,Q2,33,7104,2140,0.84968,0.88615,0.88492,0.88738
H_aug_s5,H_aug,17,0,Q3,5,7222,1826,0.90845,0.97515,0.96687,0.98357
H_aug_s5,H_aug,17,0,Q4_clearest,1,5664,1433,0.92719,0.99067,0.98354,0.99791
H_aug_s5,H_aug,17,20,Q1_dimmest,262,7862,2585,0.58356,0.59995,0.75467,0.49787
H_aug_s5,H_aug,17,20,Q2,30,7104,2140,0.85003,0.88943,0.89915,0.87991
H_aug_s5,H_aug,17,20,Q3,5,7222,1826,0.90821,0.97401,0.96728,0.98083
H_aug_s5,H_aug,17,20,Q4_clearest,0,5664,1433,0.92701,0.99031,0.98351,0.99721
H_aug_s5,H_aug,18,0,Q1_dimmest,205,4966,1759,0.61601,0.61038,0.69512,0.54406
H_aug_s5,H_aug,18,0,Q2,38,6044,1968,0.8279,0.89238,0.87444,0.91108
H_aug_s5,H_aug,18,0,Q3,1,7429,2081,0.85661,0.97392,0.95265,0.99616
H_aug_s5,H_aug,18,0,Q4_clearest,0,7705,1851,0.89477,0.98752,0.97534,1.0
H_aug_s5,H_aug,18,20,Q1_dimmest,196,4966,1759,0.61389,0.60723,0.70109,0.53553
H_aug_s5,H_aug,18,20,Q2,33,6044,1968,0.82575,0.88815,0.87816,0.89837
H_aug_s5,H_aug,18,20,Q3,2,7429,2081,0.85693,0.97562,0.95724,0.99471
H_aug_s5,H_aug,18,20,Q4_clearest,0,7705,1851,0.89509,0.9883,0.97688,1.0
H_aug_s5,H_aug,19,0,Q1_dimmest,152,3731,1722,0.64685,0.65769,0.69925,0.62079
H_aug_s5,H_aug,19,0,Q2,33,6957,2067,0.81576,0.86568,0.80085,0.94194
H_aug_s5,H_aug,19,0,Q3,0,8771,2610,0.89765,0.97101,0.94918,0.99387
H_aug_s5,H_aug,19,0,Q4_clearest,0,7909,2077,0.9621,0.99559,0.99217,0.99904
H_aug_s5,H_aug,19,20,Q1_dimmest,143,3731,1722,0.64985,0.66304,0.72735,0.60918
H_aug_s5,H_aug,19,20,Q2,31,6957,2067,0.81875,0.87614,0.82224,0.93759
H_aug_s5,H_aug,19,20,Q3,0,8771,2610,0.89705,0.96924,0.95,0.98927
H_aug_s5,H_aug,19,20,Q4_clearest,0,7909,2077,0.96257,0.99731,0.99558,0.99904
H_aug_s5,H_aug,20,0,Q1_dimmest,212,5411,1924,0.60747,0.61503,0.6152,0.61486
H_aug_s5,H_aug,20,0,Q2,32,7210,2225,0.81348,0.86802,0.80414,0.94292
H_aug_s5,H_aug,20,0,Q3,0,6951,2027,0.86734,0.95107,0.9108,0.99507
H_aug_s5,H_aug,20,0,Q4_clearest,0,4693,1197,0.93774,0.98671,0.97377,1.0
H_aug_s5,H_aug,20,20,Q1_dimmest,203,5411,1924,0.61245,0.62876,0.65146,0.60759
H_aug_s5,H_aug,20,20,Q2,32,7210,2225,0.81736,0.8823,0.83286,0.93798
H_aug_s5,H_aug,20,20,Q3,0,6951,2027,0.87027,0.96049,0.92823,0.99507
H_aug_s5,H_aug,20,20,Q4_clearest,0,4693,1197,0.93793,0.98751,0.97532,1.0
H_aug_w32_s0,H_aug_w32,01,0,Q1_dimmest,225,4597,1791,0.59492,0.5735,0.56439,0.58291
H_aug_w32_s0,H_aug_w32,01,0,Q2,36,6946,2500,0.80769,0.86903,0.81867,0.926
H_aug_w32_s0,H_aug_w32,01,0,Q3,6,8473,2538,0.86771,0.96754,0.94739,0.98857
H_aug_w32_s0,H_aug_w32,01,0,Q4_clearest,0,9424,2483,0.92631,0.99234,0.98519,0.9996
H_aug_w32_s0,H_aug_w32,01,20,Q1_dimmest,218,4597,1791,0.59416,0.57477,0.57669,0.57286
H_aug_w32_s0,H_aug_w32,01,20,Q2,34,6946,2500,0.80868,0.87363,0.82943,0.9228
H_aug_w32_s0,H_aug_w32,01,20,Q3,6,8473,2538,0.86834,0.96998,0.95207,0.98857
H_aug_w32_s0,H_aug_w32,01,20,Q4_clearest,0,9424,2483,0.92631,0.99234,0.98519,0.9996
H_aug_w32_s0,H_aug_w32,02,0,Q1_dimmest,243,5691,1790,0.49541,0.45064,0.46721,0.4352
H_aug_w32_s0,H_aug_w32,02,0,Q2,45,6606,1861,0.81226,0.8039,0.75362,0.86136
H_aug_w32_s0,H_aug_w32,02,0,Q3,1,8662,2260,0.90386,0.96321,0.9364,0.99159
H_aug_w32_s0,H_aug_w32,02,0,Q4_clearest,0,12831,3378,0.96368,0.9932,0.98649,1.0
H_aug_w32_s0,H_aug_w32,02,20,Q1_dimmest,225,5691,1790,0.49368,0.44634,0.47606,0.42011
H_aug_w32_s0,H_aug_w32,02,20,Q2,41,6606,1861,0.81166,0.80209,0.76138,0.84739
H_aug_w32_s0,H_aug_w32,02,20,Q3,1,8662,2260,0.90401,0.96384,0.93761,0.99159
H_aug_w32_s0,H_aug_w32,02,20,Q4_clearest,0,12831,3378,0.96375,0.99349,0.98706,1.0
H_aug_w32_s0,H_aug_w32,03,0,Q1_dimmest,268,10358,3377,0.51851,0.50388,0.59923,0.43471
H_aug_w32_s0,H_aug_w32,03,0,Q2,35,9353,2708,0.84101,0.87455,0.86174,0.88774
H_aug_w32_s0,H_aug_w32,03,0,Q3,5,8095,2089,0.93896,0.97784,0.97203,0.98372
H_aug_w32_s0,H_aug_w32,03,0,Q4_clearest,0,5087,1047,0.98622,0.99776,0.99649,0.99904
H_aug_w32_s0,H_aug_w32,03,20,Q1_dimmest,241,10358,3377,0.51493,0.49653,0.61497,0.41635
H_aug_w32_s0,H_aug_w32,03,20,Q2,32,9353,2708,0.84044,0.87287,0.86587,0.87999
H_aug_w32_s0,H_aug_w32,03,20,Q3,5,8095,2089,0.93895,0.97806,0.97246,0.98372
H_aug_w32_s0,H_aug_w32,03,20,Q4_clearest,0,5087,1047,0.98622,0.99776,0.99649,0.99904
H_aug_w32_s0,H_aug_w32,04,0,Q1_dimmest,230,7750,3035,0.50629,0.46041,0.60658,0.371
H_aug_w32_s0,H_aug_w32,04,0,Q2,31,6017,1865,0.82238,0.84743,0.81181,0.88633
H_aug_w32_s0,H_aug_w32,04,0,Q3,1,6293,1680,0.91504,0.96685,0.94057,0.99464
H_aug_w32_s0,H_aug_w32,04,0,Q4_clearest,0,10294,2346,0.97279,0.99303,0.98615,1.0
H_aug_w32_s0,H_aug_w32,04,20,Q1_dimmest,208,7750,3035,0.50325,0.4561,0.61789,0.36145
H_aug_w32_s0,H_aug_w32,04,20,Q2,27,6017,1865,0.82091,0.84277,0.81369,0.87399
H_aug_w32_s0,H_aug_w32,04,20,Q3,1,6293,1680,0.91538,0.96827,0.94327,0.99464
H_aug_w32_s0,H_aug_w32,04,20,Q4_clearest,0,10294,2346,0.97279,0.99303,0.98615,1.0
H_aug_w32_s0,H_aug_w32,05,0,Q1_dimmest,272,9685,3539,0.48852,0.43043,0.61959,0.32975
H_aug_w32_s0,H_aug_w32,05,0,Q2,24,7440,2198,0.86262,0.86584,0.85872,0.87307
H_aug_w32_s0,H_aug_w32,05,0,Q3,0,7606,2186,0.9401,0.98711,0.97673,0.99771
H_aug_w32_s0,H_aug_w32,05,0,Q4_clearest,0,6179,1663,0.9743,0.99686,0.99374,1.0
H_aug_w32_s0,H_aug_w32,05,20,Q1_dimmest,259,9685,3539,0.48726,0.42904,0.63555,0.32382
H_aug_w32_s0,H_aug_w32,05,20,Q2,24,7440,2198,0.86196,0.86471,0.86317,0.86624
H_aug_w32_s0,H_aug_w32,05,20,Q3,0,7606,2186,0.93964,0.98596,0.97667,0.99543
H_aug_w32_s0,H_aug_w32,05,20,Q4_clearest,0,6179,1663,0.9743,0.99686,0.99374,1.0
H_aug_w32_s0,H_aug_w32,06,0,Q1_dimmest,344,10790,3981,0.49707,0.47442,0.644,0.37553
H_aug_w32_s0,H_aug_w32,06,0,Q2,31,7933,2378,0.8494,0.84618,0.85485,0.83768
H_aug_w32_s0,H_aug_w32,06,0,Q3,0,7891,2229,0.95221,0.98696,0.97683,0.99731
H_aug_w32_s0,H_aug_w32,06,0,Q4_clearest,0,5502,1401,0.98022,0.99931,0.99862,1.0
H_aug_w32_s0,H_aug_w32,06,20,Q1_dimmest,319,10790,3981,0.49496,0.47109,0.66251,0.36549
H_aug_w32_s0,H_aug_w32,06,20,Q2,29,7933,2378,0.85009,0.84824,0.86581,0.83137
H_aug_w32_s0,H_aug_w32,06,20,Q3,0,7891,2229,0.95202,0.98629,0.9768,0.99596
H_aug_w32_s0,H_aug_w32,06,20,Q4_clearest,0,5502,1401,0.98022,0.99931,0.99862,1.0
H_aug_w32_s0,H_aug_w32,07,0,Q1_dimmest,230,8316,2808,0.50428,0.46853,0.67432,0.35897
H_aug_w32_s0,H_aug_w32,07,0,Q2,29,7149,2172,0.8425,0.84314,0.85463,0.83195
H_aug_w32_s0,H_aug_w32,07,0,Q3,2,7254,1955,0.92685,0.97363,0.96236,0.98517
H_aug_w32_s0,H_aug_w32,07,0,Q4_clearest,0,7433,2033,0.97167,0.99708,0.99467,0.99951
H_aug_w32_s0,H_aug_w32,07,20,Q1_dimmest,202,8316,2808,0.50041,0.4588,0.70785,0.33939
H_aug_w32_s0,H_aug_w32,07,20,Q2,26,7149,2172,0.84171,0.84172,0.86312,0.82136
H_aug_w32_s0,H_aug_w32,07,20,Q3,2,7254,1955,0.92648,0.97303,0.96512,0.98107
H_aug_w32_s0,H_aug_w32,07,20,Q4_clearest,0,7433,2033,0.97167,0.99708,0.99467,0.99951
H_aug_w32_s0,H_aug_w32,08,0,Q1_dimmest,281,9976,3245,0.54228,0.49694,0.63319,0.40894
H_aug_w32_s0,H_aug_w32,08,0,Q2,21,8461,2479,0.86662,0.87057,0.85208,0.88987
H_aug_w32_s0,H_aug_w32,08,0,Q3,1,6640,1970,0.93658,0.97655,0.96798,0.98528
H_aug_w32_s0,H_aug_w32,08,0,Q4_clearest,0,3312,891,0.97723,0.99553,0.99442,0.99663
H_aug_w32_s0,H_aug_w32,08,20,Q1_dimmest,255,9976,3245,0.5413,0.49551,0.66532,0.39476
H_aug_w32_s0,H_aug_w32,08,20,Q2,21,8461,2479,0.86778,0.87455,0.86547,0.88382
H_aug_w32_s0,H_aug_w32,08,20,Q3,1,6640,1970,0.93704,0.97799,0.9708,0.98528
H_aug_w32_s0,H_aug_w32,08,20,Q4_clearest,0,3312,891,0.97723,0.99553,0.99442,0.99663
H_aug_w32_s0,H_aug_w32,09,0,Q1_dimmest,268,9368,3406,0.58297,0.57828,0.67912,0.50352
H_aug_w32_s0,H_aug_w32,09,0,Q2,20,7639,2383,0.87321,0.90461,0.8758,0.93538
H_aug_w32_s0,H_aug_w32,09,0,Q3,1,6249,1936,0.93834,0.9826,0.97017,0.99535
H_aug_w32_s0,H_aug_w32,09,0,Q4_clearest,0,3485,1001,0.9799,0.99852,0.99704,1.0
H_aug_w32_s0,H_aug_w32,09,20,Q1_dimmest,239,9368,3406,0.58146,0.57693,0.70805,0.48679
H_aug_w32_s0,H_aug_w32,09,20,Q2,17,7639,2383,0.87269,0.90475,0.88166,0.92908
H_aug_w32_s0,H_aug_w32,09,20,Q3,0,6249,1936,0.93848,0.9831,0.97163,0.99483
H_aug_w32_s0,H_aug_w32,09,20,Q4_clearest,0,3485,1001,0.9799,0.99852,0.99704,1.0
H_aug_w32_s0,H_aug_w32,10,0,Q1_dimmest,298,7560,3177,0.52604,0.47738,0.55809,0.41706
H_aug_w32_s0,H_aug_w32,10,0,Q2,27,6756,2369,0.83149,0.83954,0.8068,0.87505
H_aug_w32_s0,H_aug_w32,10,0,Q3,2,6741,2035,0.90983,0.96451,0.93619,0.99459
H_aug_w32_s0,H_aug_w32,10,0,Q4_clearest,0,6099,1556,0.95806,0.99349,0.98706,1.0
H_aug_w32_s0,H_aug_w32,10,20,Q1_dimmest,277,7560,3177,0.52496,0.47584,0.57779,0.40447
H_aug_w32_s0,H_aug_w32,10,20,Q2,26,6756,2369,0.83067,0.83683,0.81013,0.86534
H_aug_w32_s0,H_aug_w32,10,20,Q3,2,6741,2035,0.90998,0.96564,0.93876,0.9941
H_aug_w32_s0,H_aug_w32,10,20,Q4_clearest,0,6099,1556,0.95881,0.99576,0.99155,1.0
H_aug_w32_s0,H_aug_w32,11,0,Q1_dimmest,305,6386,2930,0.47225,0.39748,0.50037,0.32969
H_aug_w32_s0,H_aug_w32,11,0,Q2,53,5601,2186,0.7992,0.7727,0.742,0.80604
H_aug_w32_s0,H_aug_w32,11,0,Q3,6,6593,2129,0.86771,0.92351,0.879,0.97276
H_aug_w32_s0,H_aug_w32,11,0,Q4_clearest,1,10959,3211,0.93762,0.98188,0.96702,0.9972
H_aug_w32_s0,H_aug_w32,11,20,Q1_dimmest,272,6386,2930,0.47001,0.39281,0.53733,0.30956
H_aug_w32_s0,H_aug_w32,11,20,Q2,52,5601,2186,0.79709,0.7676,0.75096,0.785
H_aug_w32_s0,H_aug_w32,11,20,Q3,6,6593,2129,0.86836,0.92599,0.88467,0.97135
H_aug_w32_s0,H_aug_w32,11,20,Q4_clearest,1,10959,3211,0.93766,0.98203,0.96731,0.9972
H_aug_w32_s0,H_aug_w32,12,0,Q1_dimmest,245,6741,2151,0.58139,0.57042,0.64119,0.51371
H_aug_w32_s0,H_aug_w32,12,0,Q2,55,7686,2661,0.83394,0.85256,0.828,0.87862
H_aug_w32_s0,H_aug_w32,12,0,Q3,2,7976,2374,0.90334,0.96491,0.94577,0.98484
H_aug_w32_s0,H_aug_w32,12,0,Q4_clearest,0,6087,1526,0.95623,0.99384,0.98776,1.0
H_aug_w32_s0,H_aug_w32,12,20,Q1_dimmest,232,6741,2151,0.58113,0.5734,0.67672,0.49744
H_aug_w32_s0,H_aug_w32,12,20,Q2,46,7686,2661,0.83404,0.85327,0.83824,0.86885
H_aug_w32_s0,H_aug_w32,12,20,Q3,1,7976,2374,0.90326,0.96466,0.94646,0.98357
H_aug_w32_s0,H_aug_w32,12,20,Q4_clearest,0,6087,1526,0.95623,0.99384,0.98776,1.0
H_aug_w32_s0,H_aug_w32,13,0,Q1_dimmest,292,8947,3161,0.55458,0.52766,0.61811,0.4603
H_aug_w32_s0,H_aug_w32,13,0,Q2,64,7970,2798,0.83079,0.83162,0.80203,0.86347
H_aug_w32_s0,H_aug_w32,13,0,Q3,2,7295,2120,0.92141,0.97017,0.95322,0.98774
H_aug_w32_s0,H_aug_w32,13,0,Q4_clearest,0,8047,2107,0.97645,0.99788,0.99624,0.99953
H_aug_w32_s0,H_aug_w32,13,20,Q1_dimmest,255,8947,3161,0.54908,0.51491,0.63827,0.43151
H_aug_w32_s0,H_aug_w32,13,20,Q2,60,7970,2798,0.82966,0.82856,0.81418,0.84346
H_aug_w32_s0,H_aug_w32,13,20,Q3,2,7295,2120,0.92144,0.97037,0.95492,0.98632
H_aug_w32_s0,H_aug_w32,13,20,Q4_clearest,0,8047,2107,0.97645,0.99788,0.99624,0.99953
H_aug_w32_s0,H_aug_w32,14,0,Q1_dimmest,218,4886,1623,0.52254,0.50526,0.50044,0.51017
H_aug_w32_s0,H_aug_w32,14,0,Q2,38,6453,2243,0.80475,0.80502,0.73646,0.88765
H_aug_w32_s0,H_aug_w32,14,0,Q3,1,8104,2470,0.88798,0.95387,0.91519,0.99595
H_aug_w32_s0,H_aug_w32,14,0,Q4_clearest,0,7234,2022,0.95108,0.99634,0.9927,1.0
H_aug_w32_s0,H_aug_w32,14,20,Q1_dimmest,204,4886,1623,0.52344,0.51067,0.52349,0.49846
H_aug_w32_s0,H_aug_w32,14,20,Q2,37,6453,2243,0.80575,0.808,0.74846,0.87784
H_aug_w32_s0,H_aug_w32,14,20,Q3,1,8104,2470,0.88921,0.95838,0.92353,0.99595
H_aug_w32_s0,H_aug_w32,14,20,Q4_clearest,0,7234,2022,0.95108,0.99634,0.9927,1.0
H_aug_w32_s0,H_aug_w32,15,0,Q1_dimmest,179,4357,1638,0.51519,0.52984,0.54323,0.51709
H_aug_w32_s0,H_aug_w32,15,0,Q2,25,5141,1751,0.7858,0.82468,0.74761,0.91947
H_aug_w32_s0,H_aug_w32,15,0,Q3,1,6066,1760,0.85967,0.94137,0.89286,0.99545
H_aug_w32_s0,H_aug_w32,15,0,Q4_clearest,0,8050,2502,0.93484,0.98613,0.97263,1.0
H_aug_w32_s0,H_aug_w32,15,20,Q1_dimmest,171,4357,1638,0.51674,0.53483,0.56779,0.50549
H_aug_w32_s0,H_aug_w32,15,20,Q2,22,5141,1751,0.78664,0.82741,0.75363,0.91719
H_aug_w32_s0,H_aug_w32,15,20,Q3,1,6066,1760,0.86051,0.94507,0.9,0.99489
H_aug_w32_s0,H_aug_w32,15,20,Q4_clearest,0,8050,2502,0.93489,0.98632,0.973,1.0
H_aug_w32_s0,H_aug_w32,16,0,Q1_dimmest,267,6445,1959,0.55937,0.58722,0.68651,0.51302
H_aug_w32_s0,H_aug_w32,16,0,Q2,50,6977,2256,0.85421,0.88334,0.875,0.89184
H_aug_w32_s0,H_aug_w32,16,0,Q3,2,7630,2131,0.89436,0.96601,0.93922,0.99437
H_aug_w32_s0,H_aug_w32,16,0,Q4_clearest,1,8739,2466,0.93475,0.98362,0.96815,0.99959
H_aug_w32_s0,H_aug_w32,16,20,Q1_dimmest,252,6445,1959,0.55976,0.59223,0.71313,0.50638
H_aug_w32_s0,H_aug_w32,16,20,Q2,50,6977,2256,0.85667,0.89003,0.89629,0.88387
H_aug_w32_s0,H_aug_w32,16,20,Q3,1,7630,2131,0.89488,0.96764,0.94273,0.9939
H_aug_w32_s0,H_aug_w32,16,20,Q4_clearest,1,8739,2466,0.93585,0.98638,0.97351,0.99959
H_aug_w32_s0,H_aug_w32,17,0,Q1_dimmest,269,7862,2585,0.59176,0.59747,0.73666,0.50251
H_aug_w32_s0,H_aug_w32,17,0,Q2,27,7104,2140,0.85658,0.89206,0.88789,0.89626
H_aug_w32_s0,H_aug_w32,17,0,Q3,5,7222,1826,0.90761,0.97468,0.96332,0.98631
H_aug_w32_s0,H_aug_w32,17,0,Q4_clearest,0,5664,1433,0.92804,0.99194,0.98401,1.0
H_aug_w32_s0,H_aug_w32,17,20,Q1_dimmest,243,7862,2585,0.58774,0.59258,0.77697,0.47892
H_aug_w32_s0,H_aug_w32,17,20,Q2,23,7104,2140,0.85743,0.89648,0.90625,0.88692
H_aug_w32_s0,H_aug_w32,17,20,Q3,5,7222,1826,0.9078,0.97533,0.96618,0.98467
H_aug_w32_s0,H_aug_w32,17,20,Q4_clearest,0,5664,1433,0.92812,0.9923,0.98473,1.0
H_aug_w32_s0,H_aug_w32,18,0,Q1_dimmest,198,4966,1759,0.62678,0.6234,0.68425,0.57248
H_aug_w32_s0,H_aug_w32,18,0,Q2,37,6044,1968,0.82735,0.88725,0.861,0.91514
H_aug_w32_s0,H_aug_w32,18,0,Q3,1,7429,2081,0.85316,0.9697,0.94375,0.99712
H_aug_w32_s0,H_aug_w32,18,0,Q4_clearest,0,7705,1851,0.89322,0.98537,0.97116,1.0
H_aug_w32_s0,H_aug_w32,18,20,Q1_dimmest,188,4966,1759,0.62649,0.62331,0.70458,0.55884
H_aug_w32_s0,H_aug_w32,18,20,Q2,31,6044,1968,0.82587,0.88553,0.86736,0.90447
H_aug_w32_s0,H_aug_w32,18,20,Q3,1,7429,2081,0.85421,0.9742,0.95319,0.99616
H_aug_w32_s0,H_aug_w32,18,20,Q4_clearest,0,7705,1851,0.89348,0.98614,0.97267,1.0
H_aug_w32_s0,H_aug_w32,19,0,Q1_dimmest,155,3731,1722,0.65048,0.67219,0.72185,0.62892
H_aug_w32_s0,H_aug_w32,19,0,Q2,26,6957,2067,0.81288,0.8666,0.79825,0.94775
H_aug_w32_s0,H_aug_w32,19,0,Q3,1,8771,2610,0.89561,0.96949,0.94559,0.99464
H_aug_w32_s0,H_aug_w32,19,0,Q4_clearest,0,7909,2077,0.96145,0.99418,0.98937,0.99904
H_aug_w32_s0,H_aug_w32,19,20,Q1_dimmest,147,3731,1722,0.64857,0.66884,0.73385,0.6144
H_aug_w32_s0,H_aug_w32,19,20,Q2,25,6957,2067,0.81549,0.87562,0.81693,0.9434
H_aug_w32_s0,H_aug_w32,19,20,Q3,1,8771,2610,0.89536,0.96907,0.94618,0.9931
H_aug_w32_s0,H_aug_w32,19,20,Q4_clearest,0,7909,2077,0.96175,0.99539,0.99177,0.99904
H_aug_w32_s0,H_aug_w32,20,0,Q1_dimmest,203,5411,1924,0.62214,0.62644,0.60937,0.64449
H_aug_w32_s0,H_aug_w32,20,0,Q2,30,7210,2225,0.81526,0.8707,0.80385,0.94966
H_aug_w32_s0,H_aug_w32,20,0,Q3,0,6951,2027,0.86533,0.94801,0.90317,0.99753
H_aug_w32_s0,H_aug_w32,20,0,Q4_clearest,0,4693,1197,0.93746,0.98506,0.97056,1.0
H_aug_w32_s0,H_aug_w32,20,20,Q1_dimmest,195,5411,1924,0.62776,0.645,0.65574,0.63462
H_aug_w32_s0,H_aug_w32,20,20,Q2,28,7210,2225,0.81911,0.88404,0.83313,0.94157
H_aug_w32_s0,H_aug_w32,20,20,Q3,0,6951,2027,0.86857,0.95754,0.92105,0.99704
H_aug_w32_s0,H_aug_w32,20,20,Q4_clearest,0,4693,1197,0.93831,0.98785,0.976,1.0
H_aug_w32_s1,H_aug_w32,01,0,Q1_dimmest,203,4597,1791,0.59507,0.5939,0.57739,0.61139
H_aug_w32_s1,H_aug_w32,01,0,Q2,38,6946,2500,0.802,0.85445,0.79316,0.926
H_aug_w32_s1,H_aug_w32,01,0,Q3,5,8473,2538,0.86546,0.96292,0.93927,0.98779
H_aug_w32_s1,H_aug_w32,01,0,Q4_clearest,0,9424,2483,0.92305,0.99061,0.98179,0.9996
H_aug_w32_s1,H_aug_w32,01,20,Q1_dimmest,193,4597,1791,0.59678,0.60071,0.59733,0.60413
H_aug_w32_s1,H_aug_w32,01,20,Q2,38,6946,2500,0.8016,0.85556,0.80108,0.918
H_aug_w32_s1,H_aug_w32,01,20,Q3,5,8473,2538,0.86693,0.96834,0.94964,0.98779
H_aug_w32_s1,H_aug_w32,01,20,Q4_clearest,0,9424,2483,0.92305,0.99061,0.98179,0.9996
H_aug_w32_s1,H_aug_w32,02,0,Q1_dimmest,229,5691,1790,0.50562,0.47546,0.49035,0.46145
H_aug_w32_s1,H_aug_w32,02,0,Q2,42,6606,1861,0.81186,0.79789,0.73956,0.8662
H_aug_w32_s1,H_aug_w32,02,0,Q3,2,8662,2260,0.90587,0.95811,0.92915,0.98894
H_aug_w32_s1,H_aug_w32,02,0,Q4_clearest,0,12831,3378,0.96263,0.99363,0.98733,1.0
H_aug_w32_s1,H_aug_w32,02,20,Q1_dimmest,217,5691,1790,0.50241,0.46856,0.49653,0.44358
H_aug_w32_s1,H_aug_w32,02,20,Q2,37,6606,1861,0.81045,0.79436,0.74758,0.84739
H_aug_w32_s1,H_aug_w32,02,20,Q3,1,8662,2260,0.90664,0.96152,0.93558,0.98894
H_aug_w32_s1,H_aug_w32,02,20,Q4_clearest,0,12831,3378,0.9627,0.99391,0.9879,1.0
H_aug_w32_s1,H_aug_w32,03,0,Q1_dimmest,277,10358,3377,0.53925,0.51836,0.59638,0.4584
H_aug_w32_s1,H_aug_w32,03,0,Q2,23,9353,2708,0.84256,0.87213,0.85195,0.89328
H_aug_w32_s1,H_aug_w32,03,0,Q3,8,8095,2089,0.93625,0.97433,0.97117,0.9775
H_aug_w32_s1,H_aug_w32,03,0,Q4_clearest,1,5087,1047,0.98341,0.99541,0.99559,0.99522
H_aug_w32_s1,H_aug_w32,03,20,Q1_dimmest,262,10358,3377,0.53671,0.51243,0.6038,0.44507
H_aug_w32_s1,H_aug_w32,03,20,Q2,21,9353,2708,0.84252,0.87307,0.85647,0.89032
H_aug_w32_s1,H_aug_w32,03,20,Q3,8,8095,2089,0.93681,0.97653,0.97557,0.9775
H_aug_w32_s1,H_aug_w32,03,20,Q4_clearest,1,5087,1047,0.98341,0.99541,0.99559,0.99522
H_aug_w32_s1,H_aug_w32,04,0,Q1_dimmest,224,7750,3035,0.52298,0.4725,0.59822,0.39044
H_aug_w32_s1,H_aug_w32,04,0,Q2,29,6017,1865,0.82638,0.84647,0.81412,0.8815
H_aug_w32_s1,H_aug_w32,04,0,Q3,1,6293,1680,0.91797,0.96782,0.94135,0.99583
H_aug_w32_s1,H_aug_w32,04,0,Q4_clearest,0,10294,2346,0.97316,0.99208,0.98429,1.0
H_aug_w32_s1,H_aug_w32,04,20,Q1_dimmest,211,7750,3035,0.52252,0.47278,0.61449,0.38418
H_aug_w32_s1,H_aug_w32,04,20,Q2,29,6017,1865,0.82506,0.84355,0.81515,0.87399
H_aug_w32_s1,H_aug_w32,04,20,Q3,1,6293,1680,0.91806,0.96866,0.94399,0.99464
H_aug_w32_s1,H_aug_w32,04,20,Q4_clearest,0,10294,2346,0.97316,0.99208,0.98429,1.0
H_aug_w32_s1,H_aug_w32,05,0,Q1_dimmest,292,9685,3539,0.49364,0.42356,0.60224,0.32665
H_aug_w32_s1,H_aug_w32,05,0,Q2,26,7440,2198,0.85984,0.8636,0.85174,0.8758
H_aug_w32_s1,H_aug_w32,05,0,Q3,1,7606,2186,0.93843,0.98664,0.97846,0.99497
H_aug_w32_s1,H_aug_w32,05,0,Q4_clearest,1,6179,1663,0.97314,0.99767,0.99655,0.9988
H_aug_w32_s1,H_aug_w32,05,20,Q1_dimmest,271,9685,3539,0.49086,0.41617,0.61937,0.31337
H_aug_w32_s1,H_aug_w32,05,20,Q2,24,7440,2198,0.8594,0.86264,0.85595,0.86943
H_aug_w32_s1,H_aug_w32,05,20,Q3,0,7606,2186,0.93816,0.98617,0.97885,0.9936
H_aug_w32_s1,H_aug_w32,05,20,Q4_clearest,0,6179,1663,0.97313,0.99737,0.99655,0.9982
H_aug_w32_s1,H_aug_w32,06,0,Q1_dimmest,350,10790,3981,0.51554,0.49261,0.64718,0.39764
H_aug_w32_s1,H_aug_w32,06,0,Q2,38,7933,2378,0.85155,0.85059,0.85687,0.84441
H_aug_w32_s1,H_aug_w32,06,0,Q3,0,7891,2229,0.95176,0.98582,0.97674,0.99507
H_aug_w32_s1,H_aug_w32,06,0,Q4_clearest,0,5502,1401,0.97996,0.99931,0.99862,1.0
H_aug_w32_s1,H_aug_w32,06,20,Q1_dimmest,329,10790,3981,0.5126,0.48685,0.66397,0.38433
H_aug_w32_s1,H_aug_w32,06,20,Q2,35,7933,2378,0.8511,0.84933,0.86444,0.83474
H_aug_w32_s1,H_aug_w32,06,20,Q3,0,7891,2229,0.95205,0.98686,0.97922,0.99462
H_aug_w32_s1,H_aug_w32,06,20,Q4_clearest,0,5502,1401,0.97996,0.99931,0.99862,1.0
H_aug_w32_s1,H_aug_w32,07,0,Q1_dimmest,222,8316,2808,0.51073,0.49221,0.69494,0.38105
H_aug_w32_s1,H_aug_w32,07,0,Q2,36,7149,2172,0.83705,0.84451,0.85071,0.8384
H_aug_w32_s1,H_aug_w32,07,0,Q3,3,7254,1955,0.92378,0.97151,0.95631,0.98721
H_aug_w32_s1,H_aug_w32,07,0,Q4_clearest,0,7433,2033,0.97284,0.99731,0.99562,0.99902
H_aug_w32_s1,H_aug_w32,07,20,Q1_dimmest,208,8316,2808,0.50771,0.48439,0.7037,0.3693
H_aug_w32_s1,H_aug_w32,07,20,Q2,32,7149,2172,0.83731,0.84693,0.85999,0.83425
H_aug_w32_s1,H_aug_w32,07,20,Q3,3,7254,1955,0.9239,0.97194,0.95858,0.98568
H_aug_w32_s1,H_aug_w32,07,20,Q4_clearest,0,7433,2033,0.97284,0.99731,0.99562,0.99902
H_aug_w32_s1,H_aug_w32,08,0,Q1_dimmest,272,9976,3245,0.54061,0.49926,0.62412,0.41602
H_aug_w32_s1,H_aug_w32,08,0,Q2,24,8461,2479,0.86303,0.86042,0.83932,0.88261
H_aug_w32_s1,H_aug_w32,08,0,Q3,5,6640,1970,0.93484,0.975,0.96689,0.98325
H_aug_w32_s1,H_aug_w32,08,0,Q4_clearest,0,3312,891,0.97484,0.9939,0.99342,0.99439
H_aug_w32_s1,H_aug_w32,08,20,Q1_dimmest,252,9976,3245,0.53914,0.49855,0.64848,0.40493
H_aug_w32_s1,H_aug_w32,08,20,Q2,22,8461,2479,0.86309,0.86198,0.84525,0.87939
H_aug_w32_s1,H_aug_w32,08,20,Q3,5,6640,1970,0.93511,0.97596,0.96878,0.98325
H_aug_w32_s1,H_aug_w32,08,20,Q4_clearest,0,3312,891,0.97408,0.99221,0.9934,0.99102
H_aug_w32_s1,H_aug_w32,09,0,Q1_dimmest,267,9368,3406,0.59339,0.5898,0.66816,0.52789
H_aug_w32_s1,H_aug_w32,09,0,Q2,18,7639,2383,0.87484,0.90244,0.86599,0.94209
H_aug_w32_s1,H_aug_w32,09,0,Q3,1,6249,1936,0.93892,0.9827,0.97184,0.9938
H_aug_w32_s1,H_aug_w32,09,0,Q4_clearest,0,3485,1001,0.97986,0.9995,1.0,0.999
H_aug_w32_s1,H_aug_w32,09,20,Q1_dimmest,244,9368,3406,0.59088,0.58543,0.67822,0.51497
H_aug_w32_s1,H_aug_w32,09,20,Q2,18,7639,2383,0.87432,0.90114,0.86788,0.93705
H_aug_w32_s1,H_aug_w32,09,20,Q3,1,6249,1936,0.93895,0.98345,0.97331,0.9938
H_aug_w32_s1,H_aug_w32,09,20,Q4_clearest,0,3485,1001,0.97986,0.9995,1.0,0.999
H_aug_w32_s1,H_aug_w32,10,0,Q1_dimmest,294,7560,3177,0.53125,0.49315,0.56872,0.43532
H_aug_w32_s1,H_aug_w32,10,0,Q2,35,6756,2369,0.83099,0.83326,0.79147,0.8797
H_aug_w32_s1,H_aug_w32,10,0,Q3,2,6741,2035,0.91105,0.96308,0.93524,0.99263
H_aug_w32_s1,H_aug_w32,10,0,Q4_clearest,0,6099,1556,0.95692,0.99548,0.99163,0.99936
H_aug_w32_s1,H_aug_w32,10,20,Q1_dimmest,277,7560,3177,0.52954,0.48938,0.57863,0.42398
H_aug_w32_s1,H_aug_w32,10,20,Q2,32,6756,2369,0.8299,0.83039,0.7939,0.87041
H_aug_w32_s1,H_aug_w32,10,20,Q3,2,6741,2035,0.91077,0.96229,0.93638,0.98968
H_aug_w32_s1,H_aug_w32,10,20,Q4_clearest,0,6099,1556,0.95707,0.99612,0.99291,0.99936
H_aug_w32_s1,H_aug_w32,11,0,Q1_dimmest,300,6386,2930,0.49149,0.43145,0.50163,0.3785
H_aug_w32_s1,H_aug_w32,11,0,Q2,44,5601,2186,0.79198,0.77334,0.72616,0.82708
H_aug_w32_s1,H_aug_w32,11,0,Q3,6,6593,2129,0.87231,0.92427,0.88039,0.97276
H_aug_w32_s1,H_aug_w32,11,0,Q4_clearest,2,10959,3211,0.9407,0.98054,0.96385,0.99782
H_aug_w32_s1,H_aug_w32,11,20,Q1_dimmest,286,6386,2930,0.49141,0.43088,0.51515,0.37031
H_aug_w32_s1,H_aug_w32,11,20,Q2,38,5601,2186,0.79151,0.7724,0.73278,0.81656
H_aug_w32_s1,H_aug_w32,11,20,Q3,6,6593,2129,0.8725,0.92534,0.88427,0.97041
H_aug_w32_s1,H_aug_w32,11,20,Q4_clearest,1,10959,3211,0.9407,0.98054,0.96385,0.99782
H_aug_w32_s1,H_aug_w32,12,0,Q1_dimmest,239,6741,2151,0.59229,0.58172,0.60825,0.55742
H_aug_w32_s1,H_aug_w32,12,0,Q2,47,7686,2661,0.83869,0.86273,0.82555,0.90342
H_aug_w32_s1,H_aug_w32,12,0,Q3,1,7976,2374,0.90437,0.96085,0.93573,0.98736
H_aug_w32_s1,H_aug_w32,12,0,Q4_clearest,0,6087,1526,0.95563,0.99441,0.98888,1.0
H_aug_w32_s1,H_aug_w32,12,20,Q1_dimmest,228,6741,2151,0.59276,0.58595,0.63373,0.54486
H_aug_w32_s1,H_aug_w32,12,20,Q2,44,7686,2661,0.83791,0.86186,0.83161,0.8944
H_aug_w32_s1,H_aug_w32,12,20,Q3,0,7976,2374,0.90449,0.96158,0.93824,0.9861
H_aug_w32_s1,H_aug_w32,12,20,Q4_clearest,0,6087,1526,0.95563,0.99441,0.98888,1.0
H_aug_w32_s1,H_aug_w32,13,0,Q1_dimmest,291,8947,3161,0.56419,0.53284,0.62097,0.46662
H_aug_w32_s1,H_aug_w32,13,0,Q2,51,7970,2798,0.83105,0.82648,0.78086,0.87777
H_aug_w32_s1,H_aug_w32,13,0,Q3,0,7295,2120,0.92239,0.97069,0.95203,0.99009
H_aug_w32_s1,H_aug_w32,13,0,Q4_clearest,0,8047,2107,0.97532,0.99765,0.99578,0.99953
H_aug_w32_s1,H_aug_w32,13,20,Q1_dimmest,267,8947,3161,0.56018,0.52388,0.63331,0.44669
H_aug_w32_s1,H_aug_w32,13,20,Q2,48,7970,2798,0.82923,0.82262,0.78428,0.8649
H_aug_w32_s1,H_aug_w32,13,20,Q3,0,7295,2120,0.9223,0.97044,0.95286,0.98868
H_aug_w32_s1,H_aug_w32,13,20,Q4_clearest,0,8047,2107,0.97532,0.99765,0.99578,0.99953
H_aug_w32_s1,H_aug_w32,14,0,Q1_dimmest,214,4886,1623,0.53816,0.51655,0.49475,0.54036
H_aug_w32_s1,H_aug_w32,14,0,Q2,39,6453,2243,0.80847,0.80693,0.72918,0.90325
H_aug_w32_s1,H_aug_w32,14,0,Q3,2,8104,2470,0.88698,0.94891,0.90711,0.99474
H_aug_w32_s1,H_aug_w32,14,0,Q4_clearest,0,7234,2022,0.9502,0.9958,0.99164,1.0
H_aug_w32_s1,H_aug_w32,14,20,Q1_dimmest,212,4886,1623,0.54396,0.5326,0.52742,0.53789
H_aug_w32_s1,H_aug_w32,14,20,Q2,38,6453,2243,0.81039,0.81294,0.73994,0.90192
H_aug_w32_s1,H_aug_w32,14,20,Q3,2,8104,2470,0.88815,0.95297,0.91458,0.99474
H_aug_w32_s1,H_aug_w32,14,20,Q4_clearest,0,7234,2022,0.9502,0.9958,0.99164,1.0
H_aug_w32_s1,H_aug_w32,15,0,Q1_dimmest,175,4357,1638,0.53057,0.53381,0.54957,0.51893
H_aug_w32_s1,H_aug_w32,15,0,Q2,20,5141,1751,0.78408,0.82081,0.74427,0.91491
H_aug_w32_s1,H_aug_w32,15,0,Q3,1,6066,1760,0.86087,0.93789,0.88752,0.99432
H_aug_w32_s1,H_aug_w32,15,0,Q4_clearest,0,8050,2502,0.9357,0.98548,0.97137,1.0
H_aug_w32_s1,H_aug_w32,15,20,Q1_dimmest,169,4357,1638,0.53167,0.53898,0.56795,0.51282
H_aug_w32_s1,H_aug_w32,15,20,Q2,20,5141,1751,0.78472,0.82236,0.74719,0.91433
H_aug_w32_s1,H_aug_w32,15,20,Q3,1,6066,1760,0.86184,0.94133,0.89417,0.99375
H_aug_w32_s1,H_aug_w32,15,20,Q4_clearest,0,8050,2502,0.9363,0.98643,0.97323,1.0
H_aug_w32_s1,H_aug_w32,16,0,Q1_dimmest,259,6445,1959,0.59177,0.62844,0.68658,0.57938
H_aug_w32_s1,H_aug_w32,16,0,Q2,38,6977,2256,0.85983,0.90131,0.88235,0.9211
H_aug_w32_s1,H_aug_w32,16,0,Q3,0,7630,2131,0.8956,0.95819,0.92333,0.99578
H_aug_w32_s1,H_aug_w32,16,0,Q4_clearest,1,8739,2466,0.93515,0.985,0.97083,0.99959
H_aug_w32_s1,H_aug_w32,16,20,Q1_dimmest,248,6445,1959,0.59405,0.63865,0.72496,0.5707
H_aug_w32_s1,H_aug_w32,16,20,Q2,40,6977,2256,0.86189,0.90758,0.89909,0.91622
H_aug_w32_s1,H_aug_w32,16,20,Q3,0,7630,2131,0.89666,0.9617,0.92988,0.99578
H_aug_w32_s1,H_aug_w32,16,20,Q4_clearest,1,8739,2466,0.93565,0.98599,0.97275,0.99959
H_aug_w32_s1,H_aug_w32,17,0,Q1_dimmest,267,7862,2585,0.60773,0.62502,0.72491,0.54932
H_aug_w32_s1,H_aug_w32,17,0,Q2,34,7104,2140,0.85432,0.88984,0.87418,0.90607
H_aug_w32_s1,H_aug_w32,17,0,Q3,3,7222,1826,0.90806,0.97683,0.96336,0.99069
H_aug_w32_s1,H_aug_w32,17,0,Q4_clearest,0,5664,1433,0.92816,0.98953,0.98062,0.9986
H_aug_w32_s1,H_aug_w32,17,20,Q1_dimmest,258,7862,2585,0.61249,0.63746,0.77222,0.54275
H_aug_w32_s1,H_aug_w32,17,20,Q2,27,7104,2140,0.85514,0.89444,0.88805,0.90093
H_aug_w32_s1,H_aug_w32,17,20,Q3,3,7222,1826,0.90817,0.97731,0.96481,0.99014
H_aug_w32_s1,H_aug_w32,17,20,Q4_clearest,0,5664,1433,0.92816,0.98953,0.98062,0.9986
H_aug_w32_s1,H_aug_w32,18,0,Q1_dimmest,190,4966,1759,0.62504,0.61941,0.65741,0.58556
H_aug_w32_s1,H_aug_w32,18,0,Q2,36,6044,1968,0.82666,0.89125,0.86094,0.92378
H_aug_w32_s1,H_aug_w32,18,0,Q3,1,7429,2081,0.85146,0.96544,0.93444,0.99856
H_aug_w32_s1,H_aug_w32,18,0,Q4_clearest,0,7705,1851,0.89463,0.98865,0.97755,1.0
H_aug_w32_s1,H_aug_w32,18,20,Q1_dimmest,187,4966,1759,0.62768,0.62956,0.68696,0.58101
H_aug_w32_s1,H_aug_w32,18,20,Q2,31,6044,1968,0.82493,0.89023,0.86709,0.91463
H_aug_w32_s1,H_aug_w32,18,20,Q3,1,7429,2081,0.85447,0.9771,0.95699,0.99808
H_aug_w32_s1,H_aug_w32,18,20,Q4_clearest,0,7705,1851,0.89505,0.99074,0.98165,1.0
H_aug_w32_s1,H_aug_w32,19,0,Q1_dimmest,148,3731,1722,0.64458,0.66599,0.69287,0.64111
H_aug_w32_s1,H_aug_w32,19,0,Q2,33,6957,2067,0.80912,0.85941,0.78613,0.94775
H_aug_w32_s1,H_aug_w32,19,0,Q3,0,8771,2610,0.89507,0.9673,0.93972,0.99655
H_aug_w32_s1,H_aug_w32,19,0,Q4_clearest,0,7909,2077,0.96222,0.99705,0.99411,1.0
H_aug_w32_s1,H_aug_w32,19,20,Q1_dimmest,141,3731,1722,0.64212,0.66469,0.70404,0.6295
H_aug_w32_s1,H_aug_w32,19,20,Q2,29,6957,2067,0.81122,0.86529,0.80017,0.94194
H_aug_w32_s1,H_aug_w32,19,20,Q3,0,8771,2610,0.89551,0.96876,0.94419,0.99464
H_aug_w32_s1,H_aug_w32,19,20,Q4_clearest,0,7909,2077,0.96222,0.99705,0.99411,1.0
H_aug_w32_s1,H_aug_w32,20,0,Q1_dimmest,202,5411,1924,0.6271,0.62926,0.61473,0.64449
H_aug_w32_s1,H_aug_w32,20,0,Q2,28,7210,2225,0.80735,0.86002,0.78771,0.94697
H_aug_w32_s1,H_aug_w32,20,0,Q3,1,6951,2027,0.86462,0.94798,0.90271,0.99803
H_aug_w32_s1,H_aug_w32,20,0,Q4_clearest,0,4693,1197,0.93485,0.98167,0.964,1.0
H_aug_w32_s1,H_aug_w32,20,20,Q1_dimmest,195,5411,1924,0.62998,0.63874,0.63613,0.64137
H_aug_w32_s1,H_aug_w32,20,20,Q2,26,7210,2225,0.80923,0.86581,0.80133,0.94157
H_aug_w32_s1,H_aug_w32,20,20,Q3,1,6951,2027,0.86602,0.95242,0.9108,0.99803
H_aug_w32_s1,H_aug_w32,20,20,Q4_clearest,0,4693,1197,0.93485,0.98167,0.964,1.0
H_aug_w32_s2,H_aug_w32,01,0,Q1_dimmest,207,4597,1791,0.59529,0.58576,0.5847,0.58682
H_aug_w32_s2,H_aug_w32,01,0,Q2,45,6946,2500,0.80261,0.8597,0.80589,0.9212
H_aug_w32_s2,H_aug_w32,01,0,Q3,3,8473,2538,0.86612,0.96357,0.94051,0.98779
H_aug_w32_s2,H_aug_w32,01,0,Q4_clearest,0,9424,2483,0.92582,0.99028,0.98191,0.99879
H_aug_w32_s2,H_aug_w32,01,20,Q1_dimmest,192,4597,1791,0.59358,0.58451,0.60601,0.56449
H_aug_w32_s2,H_aug_w32,01,20,Q2,41,6946,2500,0.80229,0.86063,0.81601,0.9104
H_aug_w32_s2,H_aug_w32,01,20,Q3,3,8473,2538,0.86683,0.96742,0.95042,0.98503
H_aug_w32_s2,H_aug_w32,01,20,Q4_clearest,0,9424,2483,0.92614,0.99148,0.98428,0.99879
H_aug_w32_s2,H_aug_w32,02,0,Q1_dimmest,232,5691,1790,0.50355,0.47069,0.48589,0.45642
H_aug_w32_s2,H_aug_w32,02,0,Q2,41,6606,1861,0.81191,0.80174,0.74903,0.86244
H_aug_w32_s2,H_aug_w32,02,0,Q3,1,8662,2260,0.90347,0.95767,0.92792,0.98938
H_aug_w32_s2,H_aug_w32,02,0,Q4_clearest,0,12831,3378,0.96393,0.99256,0.98522,1.0
H_aug_w32_s2,H_aug_w32,02,20,Q1_dimmest,211,5691,1790,0.50129,0.46482,0.49302,0.43966
H_aug_w32_s2,H_aug_w32,02,20,Q2,34,6606,1861,0.81092,0.79708,0.76243,0.83503
H_aug_w32_s2,H_aug_w32,02,20,Q3,1,8662,2260,0.90436,0.96086,0.93473,0.9885
H_aug_w32_s2,H_aug_w32,02,20,Q4_clearest,0,12831,3378,0.96393,0.99256,0.98522,1.0
H_aug_w32_s2,H_aug_w32,03,0,Q1_dimmest,280,10358,3377,0.52621,0.50183,0.61393,0.42434
H_aug_w32_s2,H_aug_w32,03,0,Q2,27,9353,2708,0.83981,0.86887,0.86051,0.8774
H_aug_w32_s2,H_aug_w32,03,0,Q3,6,8095,2089,0.93782,0.97755,0.97856,0.97654
H_aug_w32_s2,H_aug_w32,03,0,Q4_clearest,0,5087,1047,0.9868,0.9987,0.9974,1.0
H_aug_w32_s2,H_aug_w32,03,20,Q1_dimmest,250,10358,3377,0.5226,0.49248,0.62724,0.40539
H_aug_w32_s2,H_aug_w32,03,20,Q2,21,9353,2708,0.83875,0.8652,0.86853,0.86189
H_aug_w32_s2,H_aug_w32,03,20,Q3,6,8095,2089,0.93772,0.97769,0.98076,0.97463
H_aug_w32_s2,H_aug_w32,03,20,Q4_clearest,0,5087,1047,0.9868,0.9987,0.9974,1.0
H_aug_w32_s2,H_aug_w32,04,0,Q1_dimmest,237,7750,3035,0.51656,0.46786,0.5934,0.38616
H_aug_w32_s2,H_aug_w32,04,0,Q2,26,6017,1865,0.82321,0.84202,0.81,0.87668
H_aug_w32_s2,H_aug_w32,04,0,Q3,2,6293,1680,0.91786,0.97008,0.94942,0.99167
H_aug_w32_s2,H_aug_w32,04,0,Q4_clearest,0,10294,2346,0.97343,0.99068,0.98236,0.99915
H_aug_w32_s2,H_aug_w32,04,20,Q1_dimmest,215,7750,3035,0.51242,0.46009,0.60373,0.37166
H_aug_w32_s2,H_aug_w32,04,20,Q2,22,6017,1865,0.82248,0.84003,0.81325,0.86863
H_aug_w32_s2,H_aug_w32,04,20,Q3,2,6293,1680,0.91788,0.97062,0.95155,0.99048
H_aug_w32_s2,H_aug_w32,04,20,Q4_clearest,0,10294,2346,0.97352,0.99109,0.98317,0.99915
H_aug_w32_s2,H_aug_w32,05,0,Q1_dimmest,300,9685,3539,0.48586,0.4241,0.61232,0.32439
H_aug_w32_s2,H_aug_w32,05,0,Q2,25,7440,2198,0.86424,0.86937,0.86172,0.87716
H_aug_w32_s2,H_aug_w32,05,0,Q3,1,7606,2186,0.93995,0.98581,0.97726,0.99451
H_aug_w32_s2,H_aug_w32,05,0,Q4_clearest,1,6179,1663,0.9756,0.99769,0.99599,0.9994
H_aug_w32_s2,H_aug_w32,05,20,Q1_dimmest,270,9685,3539,0.47902,0.40997,0.61971,0.3063
H_aug_w32_s2,H_aug_w32,05,20,Q2,24,7440,2198,0.86302,0.86669,0.86308,0.87034
H_aug_w32_s2,H_aug_w32,05,20,Q3,1,7606,2186,0.93988,0.98558,0.97725,0.99405
H_aug_w32_s2,H_aug_w32,05,20,Q4_clearest,1,6179,1663,0.9756,0.99769,0.99599,0.9994
H_aug_w32_s2,H_aug_w32,06,0,Q1_dimmest,366,10790,3981,0.50847,0.48073,0.64665,0.38257
H_aug_w32_s2,H_aug_w32,06,0,Q2,38,7933,2378,0.85189,0.84759,0.86399,0.83179
H_aug_w32_s2,H_aug_w32,06,0,Q3,0,7891,2229,0.95073,0.98933,0.9841,0.99462
H_aug_w32_s2,H_aug_w32,06,0,Q4_clearest,0,5502,1401,0.97975,0.99825,0.99722,0.99929
H_aug_w32_s2,H_aug_w32,06,20,Q1_dimmest,337,10790,3981,0.50583,0.47512,0.66046,0.37101
H_aug_w32_s2,H_aug_w32,06,20,Q2,34,7933,2378,0.84971,0.84156,0.87139,0.81371
H_aug_w32_s2,H_aug_w32,06,20,Q3,0,7891,2229,0.95088,0.98907,0.98534,0.99282
H_aug_w32_s2,H_aug_w32,06,20,Q4_clearest,0,5502,1401,0.97975,0.99825,0.99722,0.99929
H_aug_w32_s2,H_aug_w32,07,0,Q1_dimmest,218,8316,2808,0.50474,0.47928,0.67894,0.37037
H_aug_w32_s2,H_aug_w32,07,0,Q2,34,7149,2172,0.84061,0.84957,0.86007,0.83932
H_aug_w32_s2,H_aug_w32,07,0,Q3,3,7254,1955,0.9267,0.97651,0.96703,0.98619
H_aug_w32_s2,H_aug_w32,07,0,Q4_clearest,0,7433,2033,0.97293,0.99732,0.99513,0.99951
H_aug_w32_s2,H_aug_w32,07,20,Q1_dimmest,206,8316,2808,0.50379,0.47709,0.69487,0.36325
H_aug_w32_s2,H_aug_w32,07,20,Q2,33,7149,2172,0.84068,0.84996,0.86775,0.83287
H_aug_w32_s2,H_aug_w32,07,20,Q3,3,7254,1955,0.92693,0.97747,0.9694,0.98568
H_aug_w32_s2,H_aug_w32,07,20,Q4_clearest,0,7433,2033,0.97293,0.99732,0.99513,0.99951
H_aug_w32_s2,H_aug_w32,08,0,Q1_dimmest,278,9976,3245,0.5537,0.51436,0.63146,0.4339
H_aug_w32_s2,H_aug_w32,08,0,Q2,28,8461,2479,0.86778,0.87384,0.85763,0.89068
H_aug_w32_s2,H_aug_w32,08,0,Q3,2,6640,1970,0.93691,0.97964,0.97406,0.98528
H_aug_w32_s2,H_aug_w32,08,0,Q4_clearest,0,3312,891,0.97753,0.99394,0.99015,0.99776
H_aug_w32_s2,H_aug_w32,08,20,Q1_dimmest,242,9976,3245,0.551,0.5089,0.65746,0.4151
H_aug_w32_s2,H_aug_w32,08,20,Q2,22,8461,2479,0.86744,0.87311,0.86459,0.88181
H_aug_w32_s2,H_aug_w32,08,20,Q3,2,6640,1970,0.93697,0.97987,0.97501,0.98477
H_aug_w32_s2,H_aug_w32,08,20,Q4_clearest,0,3312,891,0.97752,0.99392,0.99123,0.99663
H_aug_w32_s2,H_aug_w32,09,0,Q1_dimmest,285,9368,3406,0.59543,0.5872,0.66952,0.5229
H_aug_w32_s2,H_aug_w32,09,0,Q2,16,7639,2383,0.87134,0.90046,0.86236,0.94209
H_aug_w32_s2,H_aug_w32,09,0,Q3,0,6249,1936,0.93976,0.98724,0.97529,0.99948
H_aug_w32_s2,H_aug_w32,09,0,Q4_clearest,0,3485,1001,0.981,1.0,1.0,1.0
H_aug_w32_s2,H_aug_w32,09,20,Q1_dimmest,270,9368,3406,0.59356,0.58316,0.6757,0.51292
H_aug_w32_s2,H_aug_w32,09,20,Q2,16,7639,2383,0.87151,0.90073,0.86461,0.93999
H_aug_w32_s2,H_aug_w32,09,20,Q3,0,6249,1936,0.93976,0.98724,0.97529,0.99948
H_aug_w32_s2,H_aug_w32,09,20,Q4_clearest,0,3485,1001,0.981,1.0,1.0,1.0
H_aug_w32_s2,H_aug_w32,10,0,Q1_dimmest,308,7560,3177,0.5384,0.49418,0.57584,0.4328
H_aug_w32_s2,H_aug_w32,10,0,Q2,31,6756,2369,0.83575,0.83856,0.79728,0.88434
H_aug_w32_s2,H_aug_w32,10,0,Q3,2,6741,2035,0.9106,0.96618,0.94066,0.99312
H_aug_w32_s2,H_aug_w32,10,0,Q4_clearest,0,6099,1556,0.95843,0.99543,0.99153,0.99936
H_aug_w32_s2,H_aug_w32,10,20,Q1_dimmest,286,7560,3177,0.53749,0.49186,0.59677,0.41832
H_aug_w32_s2,H_aug_w32,10,20,Q2,28,6756,2369,0.83403,0.83346,0.7981,0.8721
H_aug_w32_s2,H_aug_w32,10,20,Q3,2,6741,2035,0.9109,0.96726,0.9445,0.99115
H_aug_w32_s2,H_aug_w32,10,20,Q4_clearest,0,6099,1556,0.95843,0.99543,0.99153,0.99936
H_aug_w32_s2,H_aug_w32,11,0,Q1_dimmest,315,6386,2930,0.47404,0.42079,0.51025,0.35802
H_aug_w32_s2,H_aug_w32,11,0,Q2,47,5601,2186,0.79609,0.77085,0.72601,0.82159
H_aug_w32_s2,H_aug_w32,11,0,Q3,8,6593,2129,0.87208,0.9277,0.88585,0.9737
H_aug_w32_s2,H_aug_w32,11,0,Q4_clearest,1,10959,3211,0.93985,0.983,0.9698,0.99657
H_aug_w32_s2,H_aug_w32,11,20,Q1_dimmest,292,6386,2930,0.47112,0.41355,0.51905,0.34369
H_aug_w32_s2,H_aug_w32,11,20,Q2,44,5601,2186,0.7947,0.76738,0.73416,0.80375
H_aug_w32_s2,H_aug_w32,11,20,Q3,7,6593,2129,0.87264,0.92874,0.88972,0.97135
H_aug_w32_s2,H_aug_w32,11,20,Q4_clearest,1,10959,3211,0.93989,0.983,0.9698,0.99657
H_aug_w32_s2,H_aug_w32,12,0,Q1_dimmest,254,6741,2151,0.59348,0.57791,0.61821,0.54254
H_aug_w32_s2,H_aug_w32,12,0,Q2,43,7686,2661,0.83898,0.8588,0.82307,0.89778
H_aug_w32_s2,H_aug_w32,12,0,Q3,2,7976,2374,0.90399,0.96299,0.94094,0.9861
H_aug_w32_s2,H_aug_w32,12,0,Q4_clearest,0,6087,1526,0.95849,0.99622,0.99247,1.0
H_aug_w32_s2,H_aug_w32,12,20,Q1_dimmest,237,6741,2151,0.5946,0.5832,0.64213,0.53417
H_aug_w32_s2,H_aug_w32,12,20,Q2,39,7686,2661,0.83956,0.86094,0.83481,0.88876
H_aug_w32_s2,H_aug_w32,12,20,Q3,2,7976,2374,0.90419,0.96376,0.94279,0.98568
H_aug_w32_s2,H_aug_w32,12,20,Q4_clearest,0,6087,1526,0.95849,0.99622,0.99247,1.0
H_aug_w32_s2,H_aug_w32,13,0,Q1_dimmest,281,8947,3161,0.55478,0.51384,0.59461,0.45239
H_aug_w32_s2,H_aug_w32,13,0,Q2,57,7970,2798,0.82981,0.83152,0.80339,0.86169
H_aug_w32_s2,H_aug_w32,13,0,Q3,2,7295,2120,0.92107,0.96663,0.94684,0.98726
H_aug_w32_s2,H_aug_w32,13,0,Q4_clearest,0,8047,2107,0.97675,0.99859,0.99718,1.0
H_aug_w32_s2,H_aug_w32,13,20,Q1_dimmest,259,8947,3161,0.55522,0.51489,0.62104,0.43973
H_aug_w32_s2,H_aug_w32,13,20,Q2,54,7970,2798,0.82895,0.82797,0.80748,0.84954
H_aug_w32_s2,H_aug_w32,13,20,Q3,2,7295,2120,0.92217,0.96886,0.95158,0.98679
H_aug_w32_s2,H_aug_w32,13,20,Q4_clearest,0,8047,2107,0.97675,0.99859,0.99718,1.0
H_aug_w32_s2,H_aug_w32,14,0,Q1_dimmest,231,4886,1623,0.5225,0.50953,0.50175,0.51756
H_aug_w32_s2,H_aug_w32,14,0,Q2,47,6453,2243,0.80637,0.81007,0.74621,0.88587
H_aug_w32_s2,H_aug_w32,14,0,Q3,4,8104,2470,0.88879,0.95073,0.91216,0.99271
H_aug_w32_s2,H_aug_w32,14,0,Q4_clearest,0,7234,2022,0.95258,0.9966,0.99322,1.0
H_aug_w32_s2,H_aug_w32,14,20,Q1_dimmest,216,4886,1623,0.52563,0.52083,0.53741,0.50524
H_aug_w32_s2,H_aug_w32,14,20,Q2,42,6453,2243,0.80741,0.81447,0.76131,0.87561
H_aug_w32_s2,H_aug_w32,14,20,Q3,3,8104,2470,0.88968,0.95385,0.91792,0.99271
H_aug_w32_s2,H_aug_w32,14,20,Q4_clearest,0,7234,2022,0.95258,0.9966,0.99322,1.0
H_aug_w32_s2,H_aug_w32,15,0,Q1_dimmest,181,4357,1638,0.50515,0.52707,0.5329,0.52137
H_aug_w32_s2,H_aug_w32,15,0,Q2,18,5141,1751,0.78702,0.8166,0.73297,0.92176
H_aug_w32_s2,H_aug_w32,15,0,Q3,3,6066,1760,0.86339,0.93941,0.88889,0.99602
H_aug_w32_s2,H_aug_w32,15,0,Q4_clearest,0,8050,2502,0.93699,0.98911,0.97844,1.0
H_aug_w32_s2,H_aug_w32,15,20,Q1_dimmest,174,4357,1638,0.50843,0.5364,0.5572,0.51709
H_aug_w32_s2,H_aug_w32,15,20,Q2,17,5141,1751,0.79015,0.82206,0.74406,0.91833
H_aug_w32_s2,H_aug_w32,15,20,Q3,3,6066,1760,0.86468,0.94282,0.89547,0.99545
H_aug_w32_s2,H_aug_w32,15,20,Q4_clearest,0,8050,2502,0.93721,0.98988,0.97995,1.0
H_aug_w32_s2,H_aug_w32,16,0,Q1_dimmest,276,6445,1959,0.56853,0.60624,0.70206,0.53344
H_aug_w32_s2,H_aug_w32,16,0,Q2,48,6977,2256,0.85612,0.89394,0.88599,0.90204
H_aug_w32_s2,H_aug_w32,16,0,Q3,2,7630,2131,0.89716,0.96417,0.93617,0.9939
H_aug_w32_s2,H_aug_w32,16,0,Q4_clearest,0,8739,2466,0.93765,0.98497,0.97076,0.99959
H_aug_w32_s2,H_aug_w32,16,20,Q1_dimmest,263,6445,1959,0.56969,0.61161,0.72897,0.5268
H_aug_w32_s2,H_aug_w32,16,20,Q2,43,6977,2256,0.85698,0.89628,0.90031,0.89229
H_aug_w32_s2,H_aug_w32,16,20,Q3,2,7630,2131,0.8968,0.96334,0.93711,0.99108
H_aug_w32_s2,H_aug_w32,16,20,Q4_clearest,0,8739,2466,0.9377,0.98516,0.97114,0.99959
H_aug_w32_s2,H_aug_w32,17,0,Q1_dimmest,255,7862,2585,0.60689,0.62153,0.74068,0.5354
H_aug_w32_s2,H_aug_w32,17,0,Q2,33,7104,2140,0.85559,0.89997,0.89305,0.90701
H_aug_w32_s2,H_aug_w32,17,0,Q3,4,7222,1826,0.90884,0.9789,0.96738,0.99069
H_aug_w32_s2,H_aug_w32,17,0,Q4_clearest,0,5664,1433,0.92766,0.98719,0.97737,0.99721
H_aug_w32_s2,H_aug_w32,17,20,Q1_dimmest,247,7862,2585,0.6101,0.63187,0.7814,0.53037
H_aug_w32_s2,H_aug_w32,17,20,Q2,29,7104,2140,0.85657,0.90315,0.90349,0.9028
H_aug_w32_s2,H_aug_w32,17,20,Q3,4,7222,1826,0.90921,0.98011,0.97081,0.98959
H_aug_w32_s2,H_aug_w32,17,20,Q4_clearest,0,5664,1433,0.92855,0.99083,0.98454,0.99721
H_aug_w32_s2,H_aug_w32,18,0,Q1_dimmest,196,4966,1759,0.63593,0.61848,0.65964,0.58215
H_aug_w32_s2,H_aug_w32,18,0,Q2,29,6044,1968,0.82781,0.89178,0.85755,0.92886
H_aug_w32_s2,H_aug_w32,18,0,Q3,1,7429,2081,0.84585,0.958,0.92061,0.99856
H_aug_w32_s2,H_aug_w32,18,0,Q4_clearest,0,7705,1851,0.89536,0.98464,0.96974,1.0
H_aug_w32_s2,H_aug_w32,18,20,Q1_dimmest,190,4966,1759,0.63621,0.6235,0.68207,0.57419
H_aug_w32_s2,H_aug_w32,18,20,Q2,27,6044,1968,0.82783,0.89269,0.8654,0.92175
H_aug_w32_s2,H_aug_w32,18,20,Q3,1,7429,2081,0.84763,0.96397,0.93212,0.99808
H_aug_w32_s2,H_aug_w32,18,20,Q4_clearest,0,7705,1851,0.89604,0.98695,0.97424,1.0
H_aug_w32_s2,H_aug_w32,19,0,Q1_dimmest,144,3731,1722,0.65184,0.67202,0.70395,0.64286
H_aug_w32_s2,H_aug_w32,19,0,Q2,29,6957,2067,0.81275,0.86943,0.79827,0.95452
H_aug_w32_s2,H_aug_w32,19,0,Q3,1,8771,2610,0.9002,0.97214,0.95028,0.99502
H_aug_w32_s2,H_aug_w32,19,0,Q4_clearest,0,7909,2077,0.96362,0.99706,0.9951,0.99904
H_aug_w32_s2,H_aug_w32,19,20,Q1_dimmest,135,3731,1722,0.65036,0.67142,0.72161,0.62776
H_aug_w32_s2,H_aug_w32,19,20,Q2,24,6957,2067,0.8177,0.88392,0.82521,0.95162
H_aug_w32_s2,H_aug_w32,19,20,Q3,1,8771,2610,0.90021,0.97249,0.95202,0.99387
H_aug_w32_s2,H_aug_w32,19,20,Q4_clearest,0,7909,2077,0.96362,0.99706,0.9951,0.99904
H_aug_w32_s2,H_aug_w32,20,0,Q1_dimmest,198,5411,1924,0.62253,0.61859,0.59602,0.64293
H_aug_w32_s2,H_aug_w32,20,0,Q2,28,7210,2225,0.81017,0.86641,0.79532,0.95146
H_aug_w32_s2,H_aug_w32,20,0,Q3,1,6951,2027,0.86584,0.95133,0.90963,0.99704
H_aug_w32_s2,H_aug_w32,20,0,Q4_clearest,0,4693,1197,0.93598,0.98052,0.96178,1.0
H_aug_w32_s2,H_aug_w32,20,20,Q1_dimmest,197,5411,1924,0.62771,0.63311,0.62408,0.64241
H_aug_w32_s2,H_aug_w32,20,20,Q2,28,7210,2225,0.81531,0.8812,0.8206,0.95146
H_aug_w32_s2,H_aug_w32,20,20,Q3,1,6951,2027,0.86948,0.96184,0.92904,0.99704
H_aug_w32_s2,H_aug_w32,20,20,Q4_clearest,0,4693,1197,0.93663,0.98251,0.96563,1.0
H_aug_w64_d5_s0,H_aug_w64_d5,01,0,Q1_dimmest,228,4597,1791,0.59869,0.57666,0.57823,0.5751
H_aug_w64_d5_s0,H_aug_w64_d5,01,0,Q2,41,6946,2500,0.8055,0.86133,0.81314,0.9156
H_aug_w64_d5_s0,H_aug_w64_d5,01,0,Q3,7,8473,2538,0.86821,0.96809,0.951,0.98582
H_aug_w64_d5_s0,H_aug_w64_d5,01,0,Q4_clearest,0,9424,2483,0.92638,0.99032,0.98199,0.99879
H_aug_w64_d5_s0,H_aug_w64_d5,01,20,Q1_dimmest,214,4597,1791,0.59564,0.56939,0.58706,0.55276
H_aug_w64_d5_s0,H_aug_w64_d5,01,20,Q2,39,6946,2500,0.80575,0.86321,0.8223,0.9084
H_aug_w64_d5_s0,H_aug_w64_d5,01,20,Q3,7,8473,2538,0.86883,0.97054,0.9561,0.98542
H_aug_w64_d5_s0,H_aug_w64_d5,01,20,Q4_clearest,0,9424,2483,0.92647,0.99072,0.98277,0.99879
H_aug_w64_d5_s0,H_aug_w64_d5,02,0,Q1_dimmest,248,5691,1790,0.49654,0.46839,0.50042,0.44022
H_aug_w64_d5_s0,H_aug_w64_d5,02,0,Q2,48,6606,1861,0.81558,0.79809,0.75042,0.85223
H_aug_w64_d5_s0,H_aug_w64_d5,02,0,Q3,1,8662,2260,0.9046,0.95782,0.93017,0.98717
H_aug_w64_d5_s0,H_aug_w64_d5,02,0,Q4_clearest,0,12831,3378,0.96439,0.99401,0.98808,1.0
H_aug_w64_d5_s0,H_aug_w64_d5,02,20,Q1_dimmest,230,5691,1790,0.49377,0.46291,0.51046,0.42346
H_aug_w64_d5_s0,H_aug_w64_d5,02,20,Q2,45,6606,1861,0.81265,0.78822,0.74681,0.8345
H_aug_w64_d5_s0,H_aug_w64_d5,02,20,Q3,1,8662,2260,0.90561,0.96231,0.93867,0.98717
H_aug_w64_d5_s0,H_aug_w64_d5,02,20,Q4_clearest,0,12831,3378,0.96439,0.99401,0.98808,1.0
H_aug_w64_d5_s0,H_aug_w64_d5,03,0,Q1_dimmest,295,10358,3377,0.52562,0.50213,0.59936,0.43204
H_aug_w64_d5_s0,H_aug_w64_d5,03,0,Q2,35,9353,2708,0.84792,0.8786,0.85725,0.90103
H_aug_w64_d5_s0,H_aug_w64_d5,03,0,Q3,7,8095,2089,0.9421,0.98141,0.97535,0.98755
H_aug_w64_d5_s0,H_aug_w64_d5,03,0,Q4_clearest,0,5087,1047,0.98766,0.99823,0.99646,1.0
H_aug_w64_d5_s0,H_aug_w64_d5,03,20,Q1_dimmest,257,10358,3377,0.52195,0.49369,0.61865,0.41072
H_aug_w64_d5_s0,H_aug_w64_d5,03,20,Q2,34,9353,2708,0.84656,0.87563,0.86245,0.88922
H_aug_w64_d5_s0,H_aug_w64_d5,03,20,Q3,4,8095,2089,0.94187,0.98063,0.97615,0.98516
H_aug_w64_d5_s0,H_aug_w64_d5,03,20,Q4_clearest,0,5087,1047,0.98766,0.99823,0.99646,1.0
H_aug_w64_d5_s0,H_aug_w64_d5,04,0,Q1_dimmest,232,7750,3035,0.50999,0.45936,0.60469,0.37035
H_aug_w64_d5_s0,H_aug_w64_d5,04,0,Q2,27,6017,1865,0.82478,0.84633,0.8125,0.88311
H_aug_w64_d5_s0,H_aug_w64_d5,04,0,Q3,5,6293,1680,0.9197,0.97025,0.95194,0.98929
H_aug_w64_d5_s0,H_aug_w64_d5,04,0,Q4_clearest,1,10294,2346,0.97442,0.99099,0.98754,0.99446
H_aug_w64_d5_s0,H_aug_w64_d5,04,20,Q1_dimmest,214,7750,3035,0.5064,0.45274,0.61231,0.35914
H_aug_w64_d5_s0,H_aug_w64_d5,04,20,Q2,25,6017,1865,0.82384,0.84456,0.81845,0.87239
H_aug_w64_d5_s0,H_aug_w64_d5,04,20,Q3,5,6293,1680,0.91975,0.97081,0.95302,0.98929
H_aug_w64_d5_s0,H_aug_w64_d5,04,20,Q4_clearest,1,10294,2346,0.97461,0.99181,0.98918,0.99446
H_aug_w64_d5_s0,H_aug_w64_d5,05,0,Q1_dimmest,315,9685,3539,0.49654,0.44253,0.62425,0.34275
H_aug_w64_d5_s0,H_aug_w64_d5,05,0,Q2,30,7440,2198,0.86539,0.86447,0.84747,0.88217
H_aug_w64_d5_s0,H_aug_w64_d5,05,0,Q3,2,7606,2186,0.93889,0.98716,0.97726,0.99726
H_aug_w64_d5_s0,H_aug_w64_d5,05,0,Q4_clearest,0,6179,1663,0.97438,0.99773,0.99546,1.0
H_aug_w64_d5_s0,H_aug_w64_d5,05,20,Q1_dimmest,288,9685,3539,0.49002,0.4293,0.63239,0.32495
H_aug_w64_d5_s0,H_aug_w64_d5,05,20,Q2,28,7440,2198,0.86485,0.86409,0.85529,0.87307
H_aug_w64_d5_s0,H_aug_w64_d5,05,20,Q3,2,7606,2186,0.93878,0.98711,0.97937,0.99497
H_aug_w64_d5_s0,H_aug_w64_d5,05,20,Q4_clearest,0,6179,1663,0.97438,0.99773,0.99546,1.0
H_aug_w64_d5_s0,H_aug_w64_d5,06,0,Q1_dimmest,358,10790,3981,0.51824,0.49512,0.68056,0.3891
H_aug_w64_d5_s0,H_aug_w64_d5,06,0,Q2,45,7933,2378,0.86153,0.86033,0.87327,0.84777
H_aug_w64_d5_s0,H_aug_w64_d5,06,0,Q3,2,7891,2229,0.95086,0.98427,0.97457,0.99417
H_aug_w64_d5_s0,H_aug_w64_d5,06,0,Q4_clearest,1,5502,1401,0.97931,0.99719,0.99652,0.99786
H_aug_w64_d5_s0,H_aug_w64_d5,06,20,Q1_dimmest,335,10790,3981,0.51624,0.49112,0.70332,0.37729
H_aug_w64_d5_s0,H_aug_w64_d5,06,20,Q2,41,7933,2378,0.85996,0.85584,0.87573,0.83684
H_aug_w64_d5_s0,H_aug_w64_d5,06,20,Q3,1,7891,2229,0.95091,0.98445,0.97579,0.99327
H_aug_w64_d5_s0,H_aug_w64_d5,06,20,Q4_clearest,1,5502,1401,0.97931,0.99719,0.99652,0.99786
H_aug_w64_d5_s0,H_aug_w64_d5,07,0,Q1_dimmest,238,8316,2808,0.48826,0.45628,0.68717,0.34152
H_aug_w64_d5_s0,H_aug_w64_d5,07,0,Q2,36,7149,2172,0.83833,0.83906,0.85603,0.82274
H_aug_w64_d5_s0,H_aug_w64_d5,07,0,Q3,2,7254,1955,0.92747,0.97324,0.96553,0.98107
H_aug_w64_d5_s0,H_aug_w64_d5,07,0,Q4_clearest,0,7433,2033,0.97509,0.99757,0.99565,0.99951
H_aug_w64_d5_s0,H_aug_w64_d5,07,20,Q1_dimmest,212,8316,2808,0.48219,0.44171,0.70854,0.32087
H_aug_w64_d5_s0,H_aug_w64_d5,07,20,Q2,35,7149,2172,0.8374,0.83667,0.8648,0.81031
H_aug_w64_d5_s0,H_aug_w64_d5,07,20,Q3,2,7254,1955,0.92733,0.97297,0.9655,0.98056
H_aug_w64_d5_s0,H_aug_w64_d5,07,20,Q4_clearest,0,7433,2033,0.97509,0.99757,0.99565,0.99951
H_aug_w64_d5_s0,H_aug_w64_d5,08,0,Q1_dimmest,281,9976,3245,0.53999,0.50034,0.64514,0.40863
H_aug_w64_d5_s0,H_aug_w64_d5,08,0,Q2,25,8461,2479,0.8686,0.87455,0.8624,0.88705
H_aug_w64_d5_s0,H_aug_w64_d5,08,0,Q3,4,6640,1970,0.937,0.97732,0.97047,0.98426
H_aug_w64_d5_s0,H_aug_w64_d5,08,0,Q4_clearest,0,3312,891,0.97663,0.99212,0.98875,0.99551
H_aug_w64_d5_s0,H_aug_w64_d5,08,20,Q1_dimmest,262,9976,3245,0.53826,0.49631,0.66645,0.39538
H_aug_w64_d5_s0,H_aug_w64_d5,08,20,Q2,22,8461,2479,0.86715,0.8701,0.86491,0.87535
H_aug_w64_d5_s0,H_aug_w64_d5,08,20,Q3,4,6640,1970,0.93753,0.97897,0.97423,0.98376
H_aug_w64_d5_s0,H_aug_w64_d5,08,20,Q4_clearest,0,3312,891,0.97735,0.9938,0.9921,0.99551
H_aug_w64_d5_s0,H_aug_w64_d5,09,0,Q1_dimmest,277,9368,3406,0.58257,0.5808,0.69387,0.49941
H_aug_w64_d5_s0,H_aug_w64_d5,09,0,Q2,20,7639,2383,0.87885,0.90313,0.87231,0.93621
H_aug_w64_d5_s0,H_aug_w64_d5,09,0,Q3,1,6249,1936,0.94039,0.98509,0.97208,0.99845
H_aug_w64_d5_s0,H_aug_w64_d5,09,0,Q4_clearest,0,3485,1001,0.98044,1.0,1.0,1.0
H_aug_w64_d5_s0,H_aug_w64_d5,09,20,Q1_dimmest,258,9368,3406,0.57902,0.57405,0.70372,0.48473
H_aug_w64_d5_s0,H_aug_w64_d5,09,20,Q2,19,7639,2383,0.87802,0.90051,0.87364,0.92908
H_aug_w64_d5_s0,H_aug_w64_d5,09,20,Q3,1,6249,1936,0.94039,0.98509,0.97208,0.99845
H_aug_w64_d5_s0,H_aug_w64_d5,09,20,Q4_clearest,0,3485,1001,0.98044,1.0,1.0,1.0
H_aug_w64_d5_s0,H_aug_w64_d5,10,0,Q1_dimmest,312,7560,3177,0.54092,0.48687,0.56882,0.42556
H_aug_w64_d5_s0,H_aug_w64_d5,10,0,Q2,41,6756,2369,0.83459,0.83756,0.80174,0.87674
H_aug_w64_d5_s0,H_aug_w64_d5,10,0,Q3,3,6741,2035,0.91121,0.9659,0.93882,0.99459
H_aug_w64_d5_s0,H_aug_w64_d5,10,0,Q4_clearest,0,6099,1556,0.95874,0.99547,0.99097,1.0
H_aug_w64_d5_s0,H_aug_w64_d5,10,20,Q1_dimmest,288,7560,3177,0.5368,0.47598,0.57503,0.40604
H_aug_w64_d5_s0,H_aug_w64_d5,10,20,Q2,40,6756,2369,0.83322,0.83362,0.80561,0.86366
H_aug_w64_d5_s0,H_aug_w64_d5,10,20,Q3,1,6741,2035,0.91177,0.96819,0.94492,0.99263
H_aug_w64_d5_s0,H_aug_w64_d5,10,20,Q4_clearest,0,6099,1556,0.95874,0.99547,0.99097,1.0
H_aug_w64_d5_s0,H_aug_w64_d5,11,0,Q1_dimmest,310,6386,2930,0.47775,0.40829,0.53699,0.32935
H_aug_w64_d5_s0,H_aug_w64_d5,11,0,Q2,62,5601,2186,0.7922,0.7641,0.73704,0.79323
H_aug_w64_d5_s0,H_aug_w64_d5,11,0,Q3,6,6593,2129,0.8744,0.92825,0.89118,0.96853
H_aug_w64_d5_s0,H_aug_w64_d5,11,0,Q4_clearest,3,10959,3211,0.93993,0.98172,0.96936,0.99439
H_aug_w64_d5_s0,H_aug_w64_d5,11,20,Q1_dimmest,285,6386,2930,0.4749,0.40123,0.55772,0.31331
H_aug_w64_d5_s0,H_aug_w64_d5,11,20,Q2,59,5601,2186,0.7905,0.76048,0.74195,0.77996
H_aug_w64_d5_s0,H_aug_w64_d5,11,20,Q3,6,6593,2129,0.87473,0.92915,0.89365,0.96759
H_aug_w64_d5_s0,H_aug_w64_d5,11,20,Q4_clearest,3,10959,3211,0.93974,0.98185,0.96962,0.99439
H_aug_w64_d5_s0,H_aug_w64_d5,12,0,Q1_dimmest,257,6741,2151,0.59903,0.57898,0.6307,0.5351
H_aug_w64_d5_s0,H_aug_w64_d5,12,0,Q2,56,7686,2661,0.84349,0.85782,0.8254,0.8929
H_aug_w64_d5_s0,H_aug_w64_d5,12,0,Q3,1,7976,2374,0.90752,0.95926,0.9331,0.98694
H_aug_w64_d5_s0,H_aug_w64_d5,12,0,Q4_clearest,1,6087,1526,0.95597,0.99293,0.98982,0.99607
H_aug_w64_d5_s0,H_aug_w64_d5,12,20,Q1_dimmest,241,6741,2151,0.59923,0.58443,0.66218,0.52301
H_aug_w64_d5_s0,H_aug_w64_d5,12,20,Q2,49,7686,2661,0.84352,0.86032,0.83764,0.88425
H_aug_w64_d5_s0,H_aug_w64_d5,12,20,Q3,1,7976,2374,0.90822,0.96156,0.93822,0.9861
H_aug_w64_d5_s0,H_aug_w64_d5,12,20,Q4_clearest,1,6087,1526,0.95597,0.99293,0.98982,0.99607
H_aug_w64_d5_s0,H_aug_w64_d5,13,0,Q1_dimmest,298,8947,3161,0.55771,0.51952,0.62134,0.44638
H_aug_w64_d5_s0,H_aug_w64_d5,13,0,Q2,65,7970,2798,0.83565,0.83134,0.79846,0.86705
H_aug_w64_d5_s0,H_aug_w64_d5,13,0,Q3,1,7295,2120,0.92447,0.97134,0.95284,0.99057
H_aug_w64_d5_s0,H_aug_w64_d5,13,0,Q4_clearest,0,8047,2107,0.97675,0.99719,0.99486,0.99953
H_aug_w64_d5_s0,H_aug_w64_d5,13,20,Q1_dimmest,273,8947,3161,0.55555,0.51847,0.64578,0.43309
H_aug_w64_d5_s0,H_aug_w64_d5,13,20,Q2,59,7970,2798,0.83534,0.82983,0.80714,0.85382
H_aug_w64_d5_s0,H_aug_w64_d5,13,20,Q3,0,7295,2120,0.92468,0.97225,0.95547,0.98962
H_aug_w64_d5_s0,H_aug_w64_d5,13,20,Q4_clearest,0,8047,2107,0.97675,0.99719,0.99486,0.99953
H_aug_w64_d5_s0,H_aug_w64_d5,14,0,Q1_dimmest,230,4886,1623,0.53033,0.50533,0.49708,0.51386
H_aug_w64_d5_s0,H_aug_w64_d5,14,0,Q2,52,6453,2243,0.80852,0.81868,0.75868,0.88899
H_aug_w64_d5_s0,H_aug_w64_d5,14,0,Q3,1,8104,2470,0.89101,0.94775,0.90433,0.99555
H_aug_w64_d5_s0,H_aug_w64_d5,14,0,Q4_clearest,0,7234,2022,0.95346,0.99686,0.99373,1.0
H_aug_w64_d5_s0,H_aug_w64_d5,14,20,Q1_dimmest,218,4886,1623,0.53495,0.52017,0.54167,0.50031
H_aug_w64_d5_s0,H_aug_w64_d5,14,20,Q2,46,6453,2243,0.80935,0.82262,0.77325,0.87873
H_aug_w64_d5_s0,H_aug_w64_d5,14,20,Q3,1,8104,2470,0.89183,0.95085,0.91034,0.99514
H_aug_w64_d5_s0,H_aug_w64_d5,14,20,Q4_clearest,0,7234,2022,0.95346,0.99686,0.99373,1.0
H_aug_w64_d5_s0,H_aug_w64_d5,15,0,Q1_dimmest,178,4357,1638,0.54863,0.55839,0.57498,0.54274
H_aug_w64_d5_s0,H_aug_w64_d5,15,0,Q2,25,5141,1751,0.79471,0.83268,0.75661,0.92576
H_aug_w64_d5_s0,H_aug_w64_d5,15,0,Q3,1,6066,1760,0.86335,0.94621,0.90254,0.99432
H_aug_w64_d5_s0,H_aug_w64_d5,15,0,Q4_clearest,0,8050,2502,0.93843,0.99085,0.98187,1.0
H_aug_w64_d5_s0,H_aug_w64_d5,15,20,Q1_dimmest,169,4357,1638,0.55018,0.56582,0.59838,0.53663
H_aug_w64_d5_s0,H_aug_w64_d5,15,20,Q2,24,5141,1751,0.79526,0.8352,0.76233,0.92347
H_aug_w64_d5_s0,H_aug_w64_d5,15,20,Q3,1,6066,1760,0.8642,0.9497,0.90939,0.99375
H_aug_w64_d5_s0,H_aug_w64_d5,15,20,Q4_clearest,0,8050,2502,0.93864,0.99162,0.98338,1.0
H_aug_w64_d5_s0,H_aug_w64_d5,16,0,Q1_dimmest,278,6445,1959,0.56722,0.59033,0.7037,0.50842
H_aug_w64_d5_s0,H_aug_w64_d5,16,0,Q2,53,6977,2256,0.85641,0.88852,0.88653,0.89051
H_aug_w64_d5_s0,H_aug_w64_d5,16,0,Q3,0,7630,2131,0.89909,0.96484,0.93494,0.99672
H_aug_w64_d5_s0,H_aug_w64_d5,16,0,Q4_clearest,1,8739,2466,0.93891,0.98322,0.96737,0.99959
H_aug_w64_d5_s0,H_aug_w64_d5,16,20,Q1_dimmest,258,6445,1959,0.56753,0.59341,0.73027,0.49974
H_aug_w64_d5_s0,H_aug_w64_d5,16,20,Q2,47,6977,2256,0.85513,0.88709,0.89443,0.87988
H_aug_w64_d5_s0,H_aug_w64_d5,16,20,Q3,0,7630,2131,0.9001,0.96846,0.94302,0.99531
H_aug_w64_d5_s0,H_aug_w64_d5,16,20,Q4_clearest,1,8739,2466,0.94043,0.98776,0.9762,0.99959
H_aug_w64_d5_s0,H_aug_w64_d5,17,0,Q1_dimmest,273,7862,2585,0.59062,0.60519,0.73785,0.51296
H_aug_w64_d5_s0,H_aug_w64_d5,17,0,Q2,34,7104,2140,0.85871,0.89491,0.88624,0.90374
H_aug_w64_d5_s0,H_aug_w64_d5,17,0,Q3,2,7222,1826,0.91222,0.97933,0.96718,0.99179
H_aug_w64_d5_s0,H_aug_w64_d5,17,0,Q4_clearest,0,5664,1433,0.9285,0.98983,0.98188,0.99791
H_aug_w64_d5_s0,H_aug_w64_d5,17,20,Q1_dimmest,250,7862,2585,0.58838,0.60308,0.77397,0.494
H_aug_w64_d5_s0,H_aug_w64_d5,17,20,Q2,30,7104,2140,0.8604,0.90146,0.90768,0.89533
H_aug_w64_d5_s0,H_aug_w64_d5,17,20,Q3,2,7222,1826,0.91233,0.98132,0.97159,0.99124
H_aug_w64_d5_s0,H_aug_w64_d5,17,20,Q4_clearest,0,5664,1433,0.92832,0.98947,0.98186,0.99721
H_aug_w64_d5_s0,H_aug_w64_d5,18,0,Q1_dimmest,204,4966,1759,0.6244,0.61626,0.67925,0.56396
H_aug_w64_d5_s0,H_aug_w64_d5,18,0,Q2,35,6044,1968,0.82854,0.8826,0.84967,0.91819
H_aug_w64_d5_s0,H_aug_w64_d5,18,0,Q3,1,7429,2081,0.85456,0.96777,0.9401,0.99712
H_aug_w64_d5_s0,H_aug_w64_d5,18,0,Q4_clearest,0,7705,1851,0.89806,0.98873,0.97771,1.0
H_aug_w64_d5_s0,H_aug_w64_d5,18,20,Q1_dimmest,194,4966,1759,0.62562,0.6222,0.70447,0.55713
H_aug_w64_d5_s0,H_aug_w64_d5,18,20,Q2,33,6044,1968,0.82914,0.88645,0.86086,0.91362
H_aug_w64_d5_s0,H_aug_w64_d5,18,20,Q3,1,7429,2081,0.85663,0.9745,0.95332,0.99664
H_aug_w64_d5_s0,H_aug_w64_d5,18,20,Q4_clearest,0,7705,1851,0.89822,0.98951,0.97923,1.0
H_aug_w64_d5_s0,H_aug_w64_d5,19,0,Q1_dimmest,150,3731,1722,0.66405,0.67554,0.7089,0.64518
H_aug_w64_d5_s0,H_aug_w64_d5,19,0,Q2,26,6957,2067,0.81171,0.86847,0.79835,0.9521
H_aug_w64_d5_s0,H_aug_w64_d5,19,0,Q3,2,8771,2610,0.89349,0.96579,0.93755,0.99579
H_aug_w64_d5_s0,H_aug_w64_d5,19,0,Q4_clearest,0,7909,2077,0.96175,0.99757,0.99562,0.99952
H_aug_w64_d5_s0,H_aug_w64_d5,19,20,Q1_dimmest,147,3731,1722,0.66703,0.68261,0.72761,0.64286
H_aug_w64_d5_s0,H_aug_w64_d5,19,20,Q2,26,6957,2067,0.81457,0.87893,0.81907,0.94823
H_aug_w64_d5_s0,H_aug_w64_d5,19,20,Q3,2,8771,2610,0.89398,0.96744,0.94204,0.99425
H_aug_w64_d5_s0,H_aug_w64_d5,19,20,Q4_clearest,0,7909,2077,0.96175,0.99757,0.99562,0.99952
H_aug_w64_d5_s0,H_aug_w64_d5,20,0,Q1_dimmest,196,5411,1924,0.61781,0.61162,0.59668,0.62734
H_aug_w64_d5_s0,H_aug_w64_d5,20,0,Q2,27,7210,2225,0.81417,0.86938,0.8042,0.94607
H_aug_w64_d5_s0,H_aug_w64_d5,20,0,Q3,0,6951,2027,0.86599,0.94836,0.90422,0.99704
H_aug_w64_d5_s0,H_aug_w64_d5,20,0,Q4_clearest,1,4693,1197,0.93824,0.98663,0.9752,0.99833
H_aug_w64_d5_s0,H_aug_w64_d5,20,20,Q1_dimmest,183,5411,1924,0.61875,0.61713,0.62314,0.61123
H_aug_w64_d5_s0,H_aug_w64_d5,20,20,Q2,25,7210,2225,0.81652,0.88059,0.82807,0.94022
H_aug_w64_d5_s0,H_aug_w64_d5,20,20,Q3,0,6951,2027,0.86703,0.95275,0.91223,0.99704
H_aug_w64_d5_s0,H_aug_w64_d5,20,20,Q4_clearest,1,4693,1197,0.93824,0.98663,0.9752,0.99833
H_aug_w64_d5_s1,H_aug_w64_d5,01,0,Q1_dimmest,228,4597,1791,0.59493,0.57715,0.59985,0.55611
H_aug_w64_d5_s1,H_aug_w64_d5,01,0,Q2,43,6946,2500,0.80651,0.86043,0.81342,0.9132
H_aug_w64_d5_s1,H_aug_w64_d5,01,0,Q3,6,8473,2538,0.87134,0.96898,0.95052,0.98818
H_aug_w64_d5_s1,H_aug_w64_d5,01,0,Q4_clearest,0,9424,2483,0.92372,0.98946,0.98108,0.99799
H_aug_w64_d5_s1,H_aug_w64_d5,01,20,Q1_dimmest,210,4597,1791,0.59279,0.57576,0.62112,0.53657
H_aug_w64_d5_s1,H_aug_w64_d5,01,20,Q2,40,6946,2500,0.80545,0.85876,0.8175,0.9044
H_aug_w64_d5_s1,H_aug_w64_d5,01,20,Q3,5,8473,2538,0.87183,0.97143,0.95598,0.98739
H_aug_w64_d5_s1,H_aug_w64_d5,01,20,Q4_clearest,0,9424,2483,0.92372,0.98946,0.98108,0.99799
H_aug_w64_d5_s1,H_aug_w64_d5,02,0,Q1_dimmest,242,5691,1790,0.49832,0.46592,0.50506,0.4324
H_aug_w64_d5_s1,H_aug_w64_d5,02,0,Q2,52,6606,1861,0.81926,0.80596,0.76619,0.85008
H_aug_w64_d5_s1,H_aug_w64_d5,02,0,Q3,2,8662,2260,0.91026,0.96137,0.93411,0.99027
H_aug_w64_d5_s1,H_aug_w64_d5,02,0,Q4_clearest,0,12831,3378,0.96273,0.99324,0.98657,1.0
H_aug_w64_d5_s1,H_aug_w64_d5,02,20,Q1_dimmest,224,5691,1790,0.4967,0.46208,0.51845,0.41676
H_aug_w64_d5_s1,H_aug_w64_d5,02,20,Q2,45,6606,1861,0.81537,0.793,0.76446,0.82375
H_aug_w64_d5_s1,H_aug_w64_d5,02,20,Q3,1,8662,2260,0.91058,0.96286,0.93772,0.98938
H_aug_w64_d5_s1,H_aug_w64_d5,02,20,Q4_clearest,0,12831,3378,0.9628,0.99352,0.98713,1.0
H_aug_w64_d5_s1,H_aug_w64_d5,03,0,Q1_dimmest,281,10358,3377,0.51244,0.49724,0.59171,0.42878
H_aug_w64_d5_s1,H_aug_w64_d5,03,0,Q2,33,9353,2708,0.84595,0.86848,0.85692,0.88035
H_aug_w64_d5_s1,H_aug_w64_d5,03,0,Q3,6,8095,2089,0.94087,0.97625,0.97452,0.97798
H_aug_w64_d5_s1,H_aug_w64_d5,03,0,Q4_clearest,0,5087,1047,0.98671,0.99826,0.99652,1.0
H_aug_w64_d5_s1,H_aug_w64_d5,03,20,Q1_dimmest,257,10358,3377,0.50955,0.49261,0.60121,0.41723
H_aug_w64_d5_s1,H_aug_w64_d5,03,20,Q2,31,9353,2708,0.84562,0.8683,0.8626,0.87408
H_aug_w64_d5_s1,H_aug_w64_d5,03,20,Q3,6,8095,2089,0.94115,0.97734,0.9767,0.97798
H_aug_w64_d5_s1,H_aug_w64_d5,03,20,Q4_clearest,0,5087,1047,0.98671,0.99826,0.99652,1.0
H_aug_w64_d5_s1,H_aug_w64_d5,04,0,Q1_dimmest,235,7750,3035,0.50748,0.45663,0.62179,0.36079
H_aug_w64_d5_s1,H_aug_w64_d5,04,0,Q2,37,6017,1865,0.82951,0.83531,0.80491,0.8681
H_aug_w64_d5_s1,H_aug_w64_d5,04,0,Q3,1,6293,1680,0.92382,0.97175,0.95207,0.99226
H_aug_w64_d5_s1,H_aug_w64_d5,04,0,Q4_clearest,1,10294,2346,0.97407,0.99224,0.98585,0.99872
H_aug_w64_d5_s1,H_aug_w64_d5,04,20,Q1_dimmest,207,7750,3035,0.50211,0.44451,0.63024,0.34333
H_aug_w64_d5_s1,H_aug_w64_d5,04,20,Q2,32,6017,1865,0.82696,0.82774,0.80723,0.84933
H_aug_w64_d5_s1,H_aug_w64_d5,04,20,Q3,2,6293,1680,0.92377,0.97172,0.95311,0.99107
H_aug_w64_d5_s1,H_aug_w64_d5,04,20,Q4_clearest,0,10294,2346,0.9743,0.99307,0.9879,0.99829
H_aug_w64_d5_s1,H_aug_w64_d5,05,0,Q1_dimmest,314,9685,3539,0.48564,0.41727,0.61765,0.31506
H_aug_w64_d5_s1,H_aug_w64_d5,05,0,Q2,32,7440,2198,0.86259,0.86318,0.86104,0.86533
H_aug_w64_d5_s1,H_aug_w64_d5,05,0,Q3,1,7606,2186,0.93927,0.98833,0.97956,0.99726
H_aug_w64_d5_s1,H_aug_w64_d5,05,0,Q4_clearest,0,6179,1663,0.97269,0.99574,0.99153,1.0
H_aug_w64_d5_s1,H_aug_w64_d5,05,20,Q1_dimmest,288,9685,3539,0.47923,0.40305,0.61838,0.29895
H_aug_w64_d5_s1,H_aug_w64_d5,05,20,Q2,31,7440,2198,0.86124,0.86017,0.86138,0.85896
H_aug_w64_d5_s1,H_aug_w64_d5,05,20,Q3,1,7606,2186,0.93927,0.98833,0.97956,0.99726
H_aug_w64_d5_s1,H_aug_w64_d5,05,20,Q4_clearest,0,6179,1663,0.97269,0.99574,0.99153,1.0
H_aug_w64_d5_s1,H_aug_w64_d5,06,0,Q1_dimmest,352,10790,3981,0.50739,0.48415,0.68366,0.37478
H_aug_w64_d5_s1,H_aug_w64_d5,06,0,Q2,46,7933,2378,0.85646,0.84856,0.86556,0.83221
H_aug_w64_d5_s1,H_aug_w64_d5,06,0,Q3,1,7891,2229,0.95336,0.98746,0.97997,0.99507
H_aug_w64_d5_s1,H_aug_w64_d5,06,0,Q4_clearest,0,5502,1401,0.97952,0.9993,0.99861,1.0
H_aug_w64_d5_s1,H_aug_w64_d5,06,20,Q1_dimmest,329,10790,3981,0.50574,0.48207,0.71166,0.36448
H_aug_w64_d5_s1,H_aug_w64_d5,06,20,Q2,44,7933,2378,0.85536,0.84683,0.87213,0.82296
H_aug_w64_d5_s1,H_aug_w64_d5,06,20,Q3,1,7891,2229,0.95375,0.98871,0.9833,0.99417
H_aug_w64_d5_s1,H_aug_w64_d5,06,20,Q4_clearest,0,5502,1401,0.97952,0.9993,0.99861,1.0
H_aug_w64_d5_s1,H_aug_w64_d5,07,0,Q1_dimmest,250,8316,2808,0.48793,0.45733,0.68335,0.34366
H_aug_w64_d5_s1,H_aug_w64_d5,07,0,Q2,35,7149,2172,0.84139,0.84262,0.86047,0.82551
H_aug_w64_d5_s1,H_aug_w64_d5,07,0,Q3,2,7254,1955,0.92969,0.97185,0.96181,0.9821
H_aug_w64_d5_s1,H_aug_w64_d5,07,0,Q4_clearest,0,7433,2033,0.97349,0.99733,0.99516,0.99951
H_aug_w64_d5_s1,H_aug_w64_d5,07,20,Q1_dimmest,229,8316,2808,0.48528,0.4519,0.70457,0.33262
H_aug_w64_d5_s1,H_aug_w64_d5,07,20,Q2,32,7149,2172,0.84186,0.84458,0.87069,0.81998
H_aug_w64_d5_s1,H_aug_w64_d5,07,20,Q3,2,7254,1955,0.92972,0.97232,0.96322,0.98159
H_aug_w64_d5_s1,H_aug_w64_d5,07,20,Q4_clearest,0,7433,2033,0.97355,0.99757,0.99565,0.99951
H_aug_w64_d5_s1,H_aug_w64_d5,08,0,Q1_dimmest,281,9976,3245,0.53524,0.49318,0.66836,0.39076
H_aug_w64_d5_s1,H_aug_w64_d5,08,0,Q2,35,8461,2479,0.86904,0.86964,0.85365,0.88624
H_aug_w64_d5_s1,H_aug_w64_d5,08,0,Q3,2,6640,1970,0.93715,0.97284,0.96559,0.9802
H_aug_w64_d5_s1,H_aug_w64_d5,08,0,Q4_clearest,0,3312,891,0.9739,0.99216,0.99556,0.98878
H_aug_w64_d5_s1,H_aug_w64_d5,08,20,Q1_dimmest,248,9976,3245,0.5302,0.48056,0.67671,0.37257
H_aug_w64_d5_s1,H_aug_w64_d5,08,20,Q2,31,8461,2479,0.86836,0.86776,0.86384,0.87172
H_aug_w64_d5_s1,H_aug_w64_d5,08,20,Q3,2,6640,1970,0.93768,0.97451,0.96938,0.9797
H_aug_w64_d5_s1,H_aug_w64_d5,08,20,Q4_clearest,0,3312,891,0.97405,0.99271,0.99667,0.98878
H_aug_w64_d5_s1,H_aug_w64_d5,09,0,Q1_dimmest,279,9368,3406,0.58369,0.57201,0.68352,0.49178
H_aug_w64_d5_s1,H_aug_w64_d5,09,0,Q2,26,7639,2383,0.88105,0.90258,0.87495,0.93202
H_aug_w64_d5_s1,H_aug_w64_d5,09,0,Q3,0,6249,1936,0.94396,0.98454,0.97051,0.99897
H_aug_w64_d5_s1,H_aug_w64_d5,09,0,Q4_clearest,0,3485,1001,0.98003,0.99852,0.99704,1.0
H_aug_w64_d5_s1,H_aug_w64_d5,09,20,Q1_dimmest,257,9368,3406,0.58196,0.5703,0.69618,0.48297
H_aug_w64_d5_s1,H_aug_w64_d5,09,20,Q2,26,7639,2383,0.88024,0.90102,0.87799,0.9253
H_aug_w64_d5_s1,H_aug_w64_d5,09,20,Q3,0,6249,1936,0.9441,0.98478,0.971,0.99897
H_aug_w64_d5_s1,H_aug_w64_d5,09,20,Q4_clearest,0,3485,1001,0.98003,0.99852,0.99704,1.0
H_aug_w64_d5_s1,H_aug_w64_d5,10,0,Q1_dimmest,324,7560,3177,0.52514,0.48129,0.58488,0.40888
H_aug_w64_d5_s1,H_aug_w64_d5,10,0,Q2,36,6756,2369,0.83798,0.83472,0.80149,0.87083
H_aug_w64_d5_s1,H_aug_w64_d5,10,0,Q3,3,6741,2035,0.9139,0.96786,0.94165,0.99558
H_aug_w64_d5_s1,H_aug_w64_d5,10,0,Q4_clearest,0,6099,1556,0.95716,0.99546,0.99096,1.0
H_aug_w64_d5_s1,H_aug_w64_d5,10,20,Q1_dimmest,292,7560,3177,0.52059,0.47082,0.59391,0.38999
H_aug_w64_d5_s1,H_aug_w64_d5,10,20,Q2,32,6756,2369,0.837,0.83166,0.80636,0.85859
H_aug_w64_d5_s1,H_aug_w64_d5,10,20,Q3,1,6741,2035,0.91368,0.96729,0.94366,0.99214
H_aug_w64_d5_s1,H_aug_w64_d5,10,20,Q4_clearest,0,6099,1556,0.95716,0.99546,0.99096,1.0
H_aug_w64_d5_s1,H_aug_w64_d5,11,0,Q1_dimmest,315,6386,2930,0.47672,0.4117,0.52928,0.33686
H_aug_w64_d5_s1,H_aug_w64_d5,11,0,Q2,54,5601,2186,0.80007,0.77009,0.74029,0.80238
H_aug_w64_d5_s1,H_aug_w64_d5,11,0,Q3,5,6593,2129,0.87931,0.92612,0.88531,0.97088
H_aug_w64_d5_s1,H_aug_w64_d5,11,0,Q4_clearest,0,10959,3211,0.94182,0.98122,0.96399,0.99907
H_aug_w64_d5_s1,H_aug_w64_d5,11,20,Q1_dimmest,281,6386,2930,0.47018,0.3971,0.53802,0.31468
H_aug_w64_d5_s1,H_aug_w64_d5,11,20,Q2,47,5601,2186,0.79769,0.76498,0.75014,0.78042
H_aug_w64_d5_s1,H_aug_w64_d5,11,20,Q3,5,6593,2129,0.87929,0.92582,0.88672,0.96853
H_aug_w64_d5_s1,H_aug_w64_d5,11,20,Q4_clearest,0,10959,3211,0.94182,0.98122,0.96399,0.99907
H_aug_w64_d5_s1,H_aug_w64_d5,12,0,Q1_dimmest,246,6741,2151,0.60025,0.57485,0.65251,0.51371
H_aug_w64_d5_s1,H_aug_w64_d5,12,0,Q2,62,7686,2661,0.84302,0.85805,0.84083,0.87599
H_aug_w64_d5_s1,H_aug_w64_d5,12,0,Q3,2,7976,2374,0.90788,0.96334,0.93932,0.98863
H_aug_w64_d5_s1,H_aug_w64_d5,12,0,Q4_clearest,0,6087,1526,0.95684,0.99221,0.98454,1.0
H_aug_w64_d5_s1,H_aug_w64_d5,12,20,Q1_dimmest,224,6741,2151,0.59821,0.57546,0.6799,0.49884
H_aug_w64_d5_s1,H_aug_w64_d5,12,20,Q2,53,7686,2661,0.84182,0.85555,0.84622,0.86509
H_aug_w64_d5_s1,H_aug_w64_d5,12,20,Q3,2,7976,2374,0.90816,0.96466,0.9426,0.98778
H_aug_w64_d5_s1,H_aug_w64_d5,12,20,Q4_clearest,0,6087,1526,0.95684,0.99221,0.98454,1.0
H_aug_w64_d5_s1,H_aug_w64_d5,13,0,Q1_dimmest,289,8947,3161,0.54522,0.50565,0.62099,0.42645
H_aug_w64_d5_s1,H_aug_w64_d5,13,0,Q2,64,7970,2798,0.83666,0.82792,0.80291,0.85454
H_aug_w64_d5_s1,H_aug_w64_d5,13,0,Q3,1,7295,2120,0.92671,0.97103,0.95444,0.98821
H_aug_w64_d5_s1,H_aug_w64_d5,13,0,Q4_clearest,0,8047,2107,0.97574,0.99719,0.99486,0.99953
H_aug_w64_d5_s1,H_aug_w64_d5,13,20,Q1_dimmest,264,8947,3161,0.54445,0.50526,0.64103,0.41696
H_aug_w64_d5_s1,H_aug_w64_d5,13,20,Q2,56,7970,2798,0.83607,0.82783,0.81311,0.8431
H_aug_w64_d5_s1,H_aug_w64_d5,13,20,Q3,0,7295,2120,0.92658,0.97055,0.9544,0.98726
H_aug_w64_d5_s1,H_aug_w64_d5,13,20,Q4_clearest,0,8047,2107,0.97574,0.99719,0.99486,0.99953
H_aug_w64_d5_s1,H_aug_w64_d5,14,0,Q1_dimmest,238,4886,1623,0.53072,0.50975,0.51757,0.50216
H_aug_w64_d5_s1,H_aug_w64_d5,14,0,Q2,43,6453,2243,0.81674,0.81573,0.75752,0.88364
H_aug_w64_d5_s1,H_aug_w64_d5,14,0,Q3,3,8104,2470,0.89498,0.95004,0.90987,0.99393
H_aug_w64_d5_s1,H_aug_w64_d5,14,0,Q4_clearest,0,7234,2022,0.95115,0.99628,0.99259,1.0
H_aug_w64_d5_s1,H_aug_w64_d5,14,20,Q1_dimmest,212,4886,1623,0.53146,0.51441,0.54773,0.4849
H_aug_w64_d5_s1,H_aug_w64_d5,14,20,Q2,42,6453,2243,0.81747,0.81842,0.77171,0.87115
H_aug_w64_d5_s1,H_aug_w64_d5,14,20,Q3,3,8104,2470,0.89657,0.95548,0.92025,0.99352
H_aug_w64_d5_s1,H_aug_w64_d5,14,20,Q4_clearest,0,7234,2022,0.95127,0.99628,0.99259,1.0
H_aug_w64_d5_s1,H_aug_w64_d5,15,0,Q1_dimmest,192,4357,1638,0.52942,0.53469,0.55996,0.5116
H_aug_w64_d5_s1,H_aug_w64_d5,15,0,Q2,28,5141,1751,0.79706,0.82251,0.74897,0.91205
H_aug_w64_d5_s1,H_aug_w64_d5,15,0,Q3,1,6066,1760,0.8689,0.94165,0.89291,0.99602
H_aug_w64_d5_s1,H_aug_w64_d5,15,0,Q4_clearest,0,8050,2502,0.93855,0.98847,0.9772,1.0
H_aug_w64_d5_s1,H_aug_w64_d5,15,20,Q1_dimmest,176,4357,1638,0.52954,0.53731,0.57981,0.50061
H_aug_w64_d5_s1,H_aug_w64_d5,15,20,Q2,28,5141,1751,0.79819,0.82591,0.757,0.90862
H_aug_w64_d5_s1,H_aug_w64_d5,15,20,Q3,1,6066,1760,0.8704,0.94669,0.90248,0.99545
H_aug_w64_d5_s1,H_aug_w64_d5,15,20,Q4_clearest,0,8050,2502,0.93932,0.9906,0.98137,1.0
H_aug_w64_d5_s1,H_aug_w64_d5,16,0,Q1_dimmest,270,6445,1959,0.56383,0.59616,0.7,0.51914
H_aug_w64_d5_s1,H_aug_w64_d5,16,0,Q2,51,6977,2256,0.85776,0.89535,0.89844,0.89229
H_aug_w64_d5_s1,H_aug_w64_d5,16,0,Q3,1,7630,2131,0.89855,0.967,0.94026,0.99531
H_aug_w64_d5_s1,H_aug_w64_d5,16,0,Q4_clearest,1,8739,2466,0.9373,0.98391,0.9687,0.99959
H_aug_w64_d5_s1,H_aug_w64_d5,16,20,Q1_dimmest,252,6445,1959,0.56703,0.60863,0.75689,0.50893
H_aug_w64_d5_s1,H_aug_w64_d5,16,20,Q2,51,6977,2256,0.8566,0.89555,0.90991,0.88165
H_aug_w64_d5_s1,H_aug_w64_d5,16,20,Q3,1,7630,2131,0.89898,0.96838,0.94414,0.9939
H_aug_w64_d5_s1,H_aug_w64_d5,16,20,Q4_clearest,1,8739,2466,0.93907,0.98862,0.97788,0.99959
H_aug_w64_d5_s1,H_aug_w64_d5,17,0,Q1_dimmest,275,7862,2585,0.59162,0.61961,0.75673,0.52456
H_aug_w64_d5_s1,H_aug_w64_d5,17,0,Q2,35,7104,2140,0.85749,0.89342,0.88785,0.89907
H_aug_w64_d5_s1,H_aug_w64_d5,17,0,Q3,3,7222,1826,0.91252,0.98119,0.97081,0.99179
H_aug_w64_d5_s1,H_aug_w64_d5,17,0,Q4_clearest,0,5664,1433,0.9256,0.98879,0.97984,0.99791
H_aug_w64_d5_s1,H_aug_w64_d5,17,20,Q1_dimmest,255,7862,2585,0.59168,0.622,0.78717,0.51412
H_aug_w64_d5_s1,H_aug_w64_d5,17,20,Q2,32,7104,2140,0.85839,0.89798,0.90494,0.89112
H_aug_w64_d5_s1,H_aug_w64_d5,17,20,Q3,3,7222,1826,0.91248,0.98167,0.97228,0.99124
H_aug_w64_d5_s1,H_aug_w64_d5,17,20,Q4_clearest,0,5664,1433,0.92551,0.98844,0.97983,0.99721
H_aug_w64_d5_s1,H_aug_w64_d5,18,0,Q1_dimmest,209,4966,1759,0.62143,0.60703,0.67764,0.54974
H_aug_w64_d5_s1,H_aug_w64_d5,18,0,Q2,31,6044,1968,0.83207,0.89264,0.86667,0.92022
H_aug_w64_d5_s1,H_aug_w64_d5,18,0,Q3,2,7429,2081,0.85411,0.97026,0.94395,0.99808
H_aug_w64_d5_s1,H_aug_w64_d5,18,0,Q4_clearest,0,7705,1851,0.89327,0.98698,0.97429,1.0
H_aug_w64_d5_s1,H_aug_w64_d5,18,20,Q1_dimmest,198,4966,1759,0.62295,0.61226,0.70476,0.54122
H_aug_w64_d5_s1,H_aug_w64_d5,18,20,Q2,29,6044,1968,0.83086,0.89017,0.87348,0.90752
H_aug_w64_d5_s1,H_aug_w64_d5,18,20,Q3,2,7429,2081,0.85513,0.97311,0.9498,0.9976
H_aug_w64_d5_s1,H_aug_w64_d5,18,20,Q4_clearest,0,7705,1851,0.89374,0.98882,0.97788,1.0
H_aug_w64_d5_s1,H_aug_w64_d5,19,0,Q1_dimmest,149,3731,1722,0.65323,0.66706,0.71922,0.62195
H_aug_w64_d5_s1,H_aug_w64_d5,19,0,Q2,39,6957,2067,0.81875,0.86667,0.80572,0.93759
H_aug_w64_d5_s1,H_aug_w64_d5,19,0,Q3,0,8771,2610,0.89825,0.97162,0.94859,0.99579
H_aug_w64_d5_s1,H_aug_w64_d5,19,0,Q4_clearest,0,7909,2077,0.96262,0.9973,0.99557,0.99904
H_aug_w64_d5_s1,H_aug_w64_d5,19,20,Q1_dimmest,141,3731,1722,0.65005,0.66467,0.74426,0.60046
H_aug_w64_d5_s1,H_aug_w64_d5,19,20,Q2,32,6957,2067,0.82201,0.8773,0.82883,0.93179
H_aug_w64_d5_s1,H_aug_w64_d5,19,20,Q3,0,8771,2610,0.8987,0.97327,0.95315,0.99425
H_aug_w64_d5_s1,H_aug_w64_d5,19,20,Q4_clearest,0,7909,2077,0.96262,0.9973,0.99557,0.99904
H_aug_w64_d5_s1,H_aug_w64_d5,20,0,Q1_dimmest,219,5411,1924,0.62097,0.61067,0.61701,0.60447
H_aug_w64_d5_s1,H_aug_w64_d5,20,0,Q2,29,7210,2225,0.8194,0.8775,0.82194,0.94112
H_aug_w64_d5_s1,H_aug_w64_d5,20,0,Q3,0,6951,2027,0.86774,0.95617,0.91852,0.99704
H_aug_w64_d5_s1,H_aug_w64_d5,20,0,Q4_clearest,0,4693,1197,0.93464,0.98358,0.96769,1.0
H_aug_w64_d5_s1,H_aug_w64_d5,20,20,Q1_dimmest,204,5411,1924,0.62274,0.62009,0.65035,0.59252
H_aug_w64_d5_s1,H_aug_w64_d5,20,20,Q2,27,7210,2225,0.82124,0.88391,0.83934,0.93348
H_aug_w64_d5_s1,H_aug_w64_d5,20,20,Q3,0,6951,2027,0.87119,0.96753,0.93971,0.99704
H_aug_w64_d5_s1,H_aug_w64_d5,20,20,Q4_clearest,0,4693,1197,0.93547,0.98601,0.9724,1.0
H_aug_w64_d5_s2,H_aug_w64_d5,01,0,Q1_dimmest,208,4597,1791,0.61808,0.59028,0.58013,0.60078
H_aug_w64_d5_s2,H_aug_w64_d5,01,0,Q2,39,6946,2500,0.79568,0.85956,0.81062,0.9148
H_aug_w64_d5_s2,H_aug_w64_d5,01,0,Q3,4,8473,2538,0.86042,0.96332,0.94076,0.987
H_aug_w64_d5_s2,H_aug_w64_d5,01,0,Q4_clearest,0,9424,2483,0.9208,0.99013,0.9824,0.99799
H_aug_w64_d5_s2,H_aug_w64_d5,01,20,Q1_dimmest,194,4597,1791,0.61437,0.58292,0.58462,0.58124
H_aug_w64_d5_s2,H_aug_w64_d5,01,20,Q2,36,6946,2500,0.79532,0.85949,0.8143,0.91
H_aug_w64_d5_s2,H_aug_w64_d5,01,20,Q3,4,8473,2538,0.86143,0.96702,0.9482,0.9866
H_aug_w64_d5_s2,H_aug_w64_d5,01,20,Q4_clearest,0,9424,2483,0.9208,0.99013,0.9824,0.99799
H_aug_w64_d5_s2,H_aug_w64_d5,02,0,Q1_dimmest,223,5691,1790,0.52976,0.47588,0.50043,0.45363
H_aug_w64_d5_s2,H_aug_w64_d5,02,0,Q2,43,6606,1861,0.81412,0.80279,0.75835,0.85277
H_aug_w64_d5_s2,H_aug_w64_d5,02,0,Q3,3,8662,2260,0.9002,0.9547,0.9239,0.98761
H_aug_w64_d5_s2,H_aug_w64_d5,02,0,Q4_clearest,0,12831,3378,0.96111,0.99319,0.98677,0.9997
H_aug_w64_d5_s2,H_aug_w64_d5,02,20,Q1_dimmest,206,5691,1790,0.53024,0.47835,0.53101,0.4352
H_aug_w64_d5_s2,H_aug_w64_d5,02,20,Q2,39,6606,1861,0.81219,0.79501,0.76314,0.82966
H_aug_w64_d5_s2,H_aug_w64_d5,02,20,Q3,2,8662,2260,0.90072,0.95682,0.92789,0.98761
H_aug_w64_d5_s2,H_aug_w64_d5,02,20,Q4_clearest,0,12831,3378,0.96111,0.99319,0.98677,0.9997
H_aug_w64_d5_s2,H_aug_w64_d5,03,0,Q1_dimmest,274,10358,3377,0.56655,0.51419,0.59285,0.45395
H_aug_w64_d5_s2,H_aug_w64_d5,03,0,Q2,36,9353,2708,0.84877,0.87876,0.85523,0.90362
H_aug_w64_d5_s2,H_aug_w64_d5,03,0,Q3,7,8095,2089,0.9378,0.98158,0.97661,0.9866
H_aug_w64_d5_s2,H_aug_w64_d5,03,0,Q4_clearest,0,5087,1047,0.98413,0.99818,0.99636,1.0
H_aug_w64_d5_s2,H_aug_w64_d5,03,20,Q1_dimmest,242,10358,3377,0.56376,0.50632,0.59831,0.43885
H_aug_w64_d5_s2,H_aug_w64_d5,03,20,Q2,32,9353,2708,0.84767,0.87688,0.85903,0.89549
H_aug_w64_d5_s2,H_aug_w64_d5,03,20,Q3,7,8095,2089,0.93768,0.98157,0.97659,0.9866
H_aug_w64_d5_s2,H_aug_w64_d5,03,20,Q4_clearest,0,5087,1047,0.98413,0.99818,0.99636,1.0
H_aug_w64_d5_s2,H_aug_w64_d5,04,0,Q1_dimmest,214,7750,3035,0.5347,0.46508,0.57643,0.38979
H_aug_w64_d5_s2,H_aug_w64_d5,04,0,Q2,28,6017,1865,0.82073,0.84003,0.80543,0.87775
H_aug_w64_d5_s2,H_aug_w64_d5,04,0,Q3,1,6293,1680,0.91108,0.96996,0.94755,0.99345
H_aug_w64_d5_s2,H_aug_w64_d5,04,0,Q4_clearest,1,10294,2346,0.97057,0.99018,0.98219,0.99829
H_aug_w64_d5_s2,H_aug_w64_d5,04,20,Q1_dimmest,193,7750,3035,0.53214,0.46001,0.57832,0.38188
H_aug_w64_d5_s2,H_aug_w64_d5,04,20,Q2,27,6017,1865,0.81932,0.83567,0.80837,0.86488
H_aug_w64_d5_s2,H_aug_w64_d5,04,20,Q3,1,6293,1680,0.911,0.96966,0.94752,0.99286
H_aug_w64_d5_s2,H_aug_w64_d5,04,20,Q4_clearest,1,10294,2346,0.97057,0.99018,0.98219,0.99829
H_aug_w64_d5_s2,H_aug_w64_d5,05,0,Q1_dimmest,287,9685,3539,0.52121,0.43602,0.59476,0.34417
H_aug_w64_d5_s2,H_aug_w64_d5,05,0,Q2,20,7440,2198,0.86287,0.86523,0.84393,0.88763
H_aug_w64_d5_s2,H_aug_w64_d5,05,0,Q3,1,7606,2186,0.93271,0.98555,0.97455,0.9968
H_aug_w64_d5_s2,H_aug_w64_d5,05,0,Q4_clearest,0,6179,1663,0.97215,0.99624,0.99252,1.0
H_aug_w64_d5_s2,H_aug_w64_d5,05,20,Q1_dimmest,267,9685,3539,0.51975,0.43207,0.60979,0.33456
H_aug_w64_d5_s2,H_aug_w64_d5,05,20,Q2,19,7440,2198,0.86394,0.86911,0.856,0.88262
H_aug_w64_d5_s2,H_aug_w64_d5,05,20,Q3,1,7606,2186,0.93297,0.98662,0.97752,0.99588
H_aug_w64_d5_s2,H_aug_w64_d5,05,20,Q4_clearest,0,6179,1663,0.97215,0.99624,0.99252,1.0
H_aug_w64_d5_s2,H_aug_w64_d5,06,0,Q1_dimmest,345,10790,3981,0.54116,0.51069,0.65377,0.41899
H_aug_w64_d5_s2,H_aug_w64_d5,06,0,Q2,38,7933,2378,0.85446,0.8517,0.86175,0.84188
H_aug_w64_d5_s2,H_aug_w64_d5,06,0,Q3,1,7891,2229,0.94701,0.9868,0.97868,0.99507
H_aug_w64_d5_s2,H_aug_w64_d5,06,0,Q4_clearest,0,5502,1401,0.97889,0.9986,0.9972,1.0
H_aug_w64_d5_s2,H_aug_w64_d5,06,20,Q1_dimmest,324,10790,3981,0.54043,0.51019,0.67464,0.4102
H_aug_w64_d5_s2,H_aug_w64_d5,06,20,Q2,35,7933,2378,0.85385,0.84999,0.86582,0.83474
H_aug_w64_d5_s2,H_aug_w64_d5,06,20,Q3,1,7891,2229,0.94741,0.98764,0.98076,0.99462
H_aug_w64_d5_s2,H_aug_w64_d5,06,20,Q4_clearest,0,5502,1401,0.97889,0.9986,0.9972,1.0
H_aug_w64_d5_s2,H_aug_w64_d5,07,0,Q1_dimmest,226,8316,2808,0.53408,0.4834,0.66855,0.37856
H_aug_w64_d5_s2,H_aug_w64_d5,07,0,Q2,38,7149,2172,0.84154,0.84426,0.85402,0.83471
H_aug_w64_d5_s2,H_aug_w64_d5,07,0,Q3,2,7254,1955,0.92066,0.97576,0.96902,0.98261
H_aug_w64_d5_s2,H_aug_w64_d5,07,0,Q4_clearest,1,7433,2033,0.9714,0.99558,0.99559,0.99557
H_aug_w64_d5_s2,H_aug_w64_d5,07,20,Q1_dimmest,218,8316,2808,0.53411,0.48383,0.69376,0.37144
H_aug_w64_d5_s2,H_aug_w64_d5,07,20,Q2,35,7149,2172,0.84231,0.84749,0.86813,0.82781
H_aug_w64_d5_s2,H_aug_w64_d5,07,20,Q3,2,7254,1955,0.92069,0.97572,0.97043,0.98107
H_aug_w64_d5_s2,H_aug_w64_d5,07,20,Q4_clearest,1,7433,2033,0.9714,0.99558,0.99559,0.99557
H_aug_w64_d5_s2,H_aug_w64_d5,08,0,Q1_dimmest,266,9976,3245,0.57774,0.52821,0.62397,0.45794
H_aug_w64_d5_s2,H_aug_w64_d5,08,0,Q2,21,8461,2479,0.85975,0.86717,0.83495,0.90198
H_aug_w64_d5_s2,H_aug_w64_d5,08,0,Q3,4,6640,1970,0.92748,0.97516,0.96573,0.98477
H_aug_w64_d5_s2,H_aug_w64_d5,08,0,Q4_clearest,0,3312,891,0.97384,0.99158,0.9899,0.99327
H_aug_w64_d5_s2,H_aug_w64_d5,08,20,Q1_dimmest,243,9976,3245,0.57625,0.52336,0.64163,0.44191
H_aug_w64_d5_s2,H_aug_w64_d5,08,20,Q2,21,8461,2479,0.85942,0.86591,0.8389,0.89472
H_aug_w64_d5_s2,H_aug_w64_d5,08,20,Q3,2,6640,1970,0.92742,0.97509,0.96755,0.98274
H_aug_w64_d5_s2,H_aug_w64_d5,08,20,Q4_clearest,0,3312,891,0.97232,0.9893,0.98982,0.98878
H_aug_w64_d5_s2,H_aug_w64_d5,09,0,Q1_dimmest,257,9368,3406,0.6175,0.59435,0.67611,0.53024
H_aug_w64_d5_s2,H_aug_w64_d5,09,0,Q2,16,7639,2383,0.86785,0.9048,0.86751,0.94545
H_aug_w64_d5_s2,H_aug_w64_d5,09,0,Q3,0,6249,1936,0.9348,0.98714,0.97509,0.99948
H_aug_w64_d5_s2,H_aug_w64_d5,09,0,Q4_clearest,0,3485,1001,0.97921,1.0,1.0,1.0
H_aug_w64_d5_s2,H_aug_w64_d5,09,20,Q1_dimmest,244,9368,3406,0.61543,0.59056,0.68334,0.51996
H_aug_w64_d5_s2,H_aug_w64_d5,09,20,Q2,16,7639,2383,0.86704,0.90246,0.86745,0.94041
H_aug_w64_d5_s2,H_aug_w64_d5,09,20,Q3,0,6249,1936,0.9348,0.98714,0.97509,0.99948
H_aug_w64_d5_s2,H_aug_w64_d5,09,20,Q4_clearest,0,3485,1001,0.97921,1.0,1.0,1.0
H_aug_w64_d5_s2,H_aug_w64_d5,10,0,Q1_dimmest,290,7560,3177,0.56665,0.50661,0.55653,0.4649
H_aug_w64_d5_s2,H_aug_w64_d5,10,0,Q2,31,6756,2369,0.82916,0.83248,0.78503,0.88603
H_aug_w64_d5_s2,H_aug_w64_d5,10,0,Q3,3,6741,2035,0.9043,0.96462,0.93727,0.99361
H_aug_w64_d5_s2,H_aug_w64_d5,10,0,Q4_clearest,0,6099,1556,0.95498,0.99506,0.99016,1.0
H_aug_w64_d5_s2,H_aug_w64_d5,10,20,Q1_dimmest,274,7560,3177,0.56602,0.50416,0.57093,0.45137
H_aug_w64_d5_s2,H_aug_w64_d5,10,20,Q2,29,6756,2369,0.82871,0.83152,0.78835,0.8797
H_aug_w64_d5_s2,H_aug_w64_d5,10,20,Q3,2,6741,2035,0.90549,0.96829,0.94512,0.99263
H_aug_w64_d5_s2,H_aug_w64_d5,10,20,Q4_clearest,0,6099,1556,0.95498,0.99506,0.99016,1.0
H_aug_w64_d5_s2,H_aug_w64_d5,11,0,Q1_dimmest,317,6386,2930,0.499,0.4248,0.52812,0.35529
H_aug_w64_d5_s2,H_aug_w64_d5,11,0,Q2,61,5601,2186,0.78868,0.76708,0.73247,0.80512
H_aug_w64_d5_s2,H_aug_w64_d5,11,0,Q3,8,6593,2129,0.8687,0.92657,0.88968,0.96665
H_aug_w64_d5_s2,H_aug_w64_d5,11,0,Q4_clearest,1,10959,3211,0.94077,0.98281,0.96737,0.99875
H_aug_w64_d5_s2,H_aug_w64_d5,11,20,Q1_dimmest,295,6386,2930,0.49584,0.41723,0.5507,0.33584
H_aug_w64_d5_s2,H_aug_w64_d5,11,20,Q2,55,5601,2186,0.78809,0.7666,0.7409,0.79414
H_aug_w64_d5_s2,H_aug_w64_d5,11,20,Q3,8,6593,2129,0.86905,0.92703,0.89053,0.96665
H_aug_w64_d5_s2,H_aug_w64_d5,11,20,Q4_clearest,1,10959,3211,0.94077,0.98281,0.96737,0.99875
H_aug_w64_d5_s2,H_aug_w64_d5,12,0,Q1_dimmest,238,6741,2151,0.62187,0.59638,0.64244,0.55649
H_aug_w64_d5_s2,H_aug_w64_d5,12,0,Q2,53,7686,2661,0.83768,0.86272,0.83223,0.89553
H_aug_w64_d5_s2,H_aug_w64_d5,12,0,Q3,1,7976,2374,0.90358,0.96608,0.943,0.99031
H_aug_w64_d5_s2,H_aug_w64_d5,12,0,Q4_clearest,0,6087,1526,0.95578,0.99551,0.99105,1.0
H_aug_w64_d5_s2,H_aug_w64_d5,12,20,Q1_dimmest,227,6741,2151,0.62258,0.60077,0.66667,0.54672
H_aug_w64_d5_s2,H_aug_w64_d5,12,20,Q2,48,7686,2661,0.83799,0.86425,0.84173,0.88801
H_aug_w64_d5_s2,H_aug_w64_d5,12,20,Q3,1,7976,2374,0.90372,0.96665,0.94447,0.98989
H_aug_w64_d5_s2,H_aug_w64_d5,12,20,Q4_clearest,0,6087,1526,0.95578,0.99551,0.99105,1.0
H_aug_w64_d5_s2,H_aug_w64_d5,13,0,Q1_dimmest,298,8947,3161,0.58135,0.53201,0.60741,0.47327
H_aug_w64_d5_s2,H_aug_w64_d5,13,0,Q2,47,7970,2798,0.82837,0.83208,0.7886,0.88063
H_aug_w64_d5_s2,H_aug_w64_d5,13,0,Q3,1,7295,2120,0.91638,0.96572,0.94337,0.98915
H_aug_w64_d5_s2,H_aug_w64_d5,13,0,Q4_clearest,0,8047,2107,0.97521,0.9967,0.99389,0.99953
H_aug_w64_d5_s2,H_aug_w64_d5,13,20,Q1_dimmest,256,8947,3161,0.5769,0.52183,0.62123,0.44986
H_aug_w64_d5_s2,H_aug_w64_d5,13,20,Q2,43,7970,2798,0.82751,0.83035,0.79936,0.86383
H_aug_w64_d5_s2,H_aug_w64_d5,13,20,Q3,0,7295,2120,0.91638,0.96572,0.94337,0.98915
H_aug_w64_d5_s2,H_aug_w64_d5,13,20,Q4_clearest,0,8047,2107,0.97521,0.9967,0.99389,0.99953
H_aug_w64_d5_s2,H_aug_w64_d5,14,0,Q1_dimmest,200,4886,1623,0.55418,0.52399,0.50858,0.54036
H_aug_w64_d5_s2,H_aug_w64_d5,14,0,Q2,48,6453,2243,0.80623,0.8058,0.74119,0.88275
H_aug_w64_d5_s2,H_aug_w64_d5,14,0,Q3,2,8104,2470,0.88599,0.95186,0.91287,0.99433
H_aug_w64_d5_s2,H_aug_w64_d5,14,0,Q4_clearest,0,7234,2022,0.94952,0.99533,0.9907,1.0
H_aug_w64_d5_s2,H_aug_w64_d5,14,20,Q1_dimmest,191,4886,1623,0.55663,0.53516,0.54379,0.5268
H_aug_w64_d5_s2,H_aug_w64_d5,14,20,Q2,46,6453,2243,0.80757,0.81075,0.75417,0.8765
H_aug_w64_d5_s2,H_aug_w64_d5,14,20,Q3,2,8104,2470,0.88671,0.95419,0.91716,0.99433
H_aug_w64_d5_s2,H_aug_w64_d5,14,20,Q4_clearest,0,7234,2022,0.94952,0.99533,0.9907,1.0
H_aug_w64_d5_s2,H_aug_w64_d5,15,0,Q1_dimmest,167,4357,1638,0.56126,0.55092,0.57013,0.53297
H_aug_w64_d5_s2,H_aug_w64_d5,15,0,Q2,24,5141,1751,0.79211,0.8262,0.75163,0.91719
H_aug_w64_d5_s2,H_aug_w64_d5,15,0,Q3,2,6066,1760,0.85971,0.94609,0.90279,0.99375
H_aug_w64_d5_s2,H_aug_w64_d5,15,0,Q4_clearest,0,8050,2502,0.93755,0.9926,0.98531,1.0
H_aug_w64_d5_s2,H_aug_w64_d5,15,20,Q1_dimmest,159,4357,1638,0.56263,0.5581,0.59483,0.52564
H_aug_w64_d5_s2,H_aug_w64_d5,15,20,Q2,23,5141,1751,0.79444,0.83322,0.76653,0.91262
H_aug_w64_d5_s2,H_aug_w64_d5,15,20,Q3,2,6066,1760,0.86095,0.95118,0.9121,0.99375
H_aug_w64_d5_s2,H_aug_w64_d5,15,20,Q4_clearest,0,8050,2502,0.93761,0.99279,0.98569,1.0
H_aug_w64_d5_s2,H_aug_w64_d5,16,0,Q1_dimmest,252,6445,1959,0.58952,0.60386,0.67514,0.5462
H_aug_w64_d5_s2,H_aug_w64_d5,16,0,Q2,47,6977,2256,0.85148,0.89298,0.88284,0.90337
H_aug_w64_d5_s2,H_aug_w64_d5,16,0,Q3,2,7630,2131,0.88888,0.96478,0.93774,0.99343
H_aug_w64_d5_s2,H_aug_w64_d5,16,0,Q4_clearest,1,8739,2466,0.93275,0.9822,0.9654,0.99959
H_aug_w64_d5_s2,H_aug_w64_d5,16,20,Q1_dimmest,242,6445,1959,0.59165,0.61276,0.71071,0.53854
H_aug_w64_d5_s2,H_aug_w64_d5,16,20,Q2,46,6977,2256,0.85267,0.89694,0.89716,0.89672
H_aug_w64_d5_s2,H_aug_w64_d5,16,20,Q3,2,7630,2131,0.89033,0.96997,0.94801,0.99296
H_aug_w64_d5_s2,H_aug_w64_d5,16,20,Q4_clearest,1,8739,2466,0.9336,0.98434,0.96954,0.99959
H_aug_w64_d5_s2,H_aug_w64_d5,17,0,Q1_dimmest,266,7862,2585,0.62549,0.63921,0.73489,0.56557
H_aug_w64_d5_s2,H_aug_w64_d5,17,0,Q2,30,7104,2140,0.85335,0.90283,0.89146,0.91449
H_aug_w64_d5_s2,H_aug_w64_d5,17,0,Q3,3,7222,1826,0.90262,0.97753,0.96471,0.99069
H_aug_w64_d5_s2,H_aug_w64_d5,17,0,Q4_clearest,0,5664,1433,0.92443,0.98939,0.98035,0.9986
H_aug_w64_d5_s2,H_aug_w64_d5,17,20,Q1_dimmest,244,7862,2585,0.62627,0.64574,0.77247,0.55474
H_aug_w64_d5_s2,H_aug_w64_d5,17,20,Q2,29,7104,2140,0.85264,0.90269,0.90492,0.90047
H_aug_w64_d5_s2,H_aug_w64_d5,17,20,Q3,3,7222,1826,0.90367,0.98161,0.97428,0.98905
H_aug_w64_d5_s2,H_aug_w64_d5,17,20,Q4_clearest,0,5664,1433,0.92443,0.98939,0.98035,0.9986
H_aug_w64_d5_s2,H_aug_w64_d5,18,0,Q1_dimmest,188,4966,1759,0.63766,0.60767,0.62631,0.59011
H_aug_w64_d5_s2,H_aug_w64_d5,18,0,Q2,28,6044,1968,0.82108,0.88486,0.844,0.92988
H_aug_w64_d5_s2,H_aug_w64_d5,18,0,Q3,0,7429,2081,0.84575,0.97231,0.94698,0.99904
H_aug_w64_d5_s2,H_aug_w64_d5,18,0,Q4_clearest,0,7705,1851,0.88835,0.98358,0.96769,1.0
H_aug_w64_d5_s2,H_aug_w64_d5,18,20,Q1_dimmest,180,4966,1759,0.6412,0.61835,0.65646,0.58442
H_aug_w64_d5_s2,H_aug_w64_d5,18,20,Q2,28,6044,1968,0.82191,0.8894,0.85749,0.92378
H_aug_w64_d5_s2,H_aug_w64_d5,18,20,Q3,0,7429,2081,0.8469,0.97647,0.95533,0.99856
H_aug_w64_d5_s2,H_aug_w64_d5,18,20,Q4_clearest,0,7705,1851,0.88835,0.98358,0.96769,1.0
H_aug_w64_d5_s2,H_aug_w64_d5,19,0,Q1_dimmest,115,3731,1722,0.66827,0.68413,0.70977,0.66028
H_aug_w64_d5_s2,H_aug_w64_d5,19,0,Q2,23,6957,2067,0.80457,0.87258,0.80811,0.94823
H_aug_w64_d5_s2,H_aug_w64_d5,19,0,Q3,0,8771,2610,0.8881,0.96728,0.93968,0.99655
H_aug_w64_d5_s2,H_aug_w64_d5,19,0,Q4_clearest,0,7909,2077,0.9597,0.9968,0.99457,0.99904
H_aug_w64_d5_s2,H_aug_w64_d5,19,20,Q1_dimmest,110,3731,1722,0.67187,0.6932,0.73244,0.65796
H_aug_w64_d5_s2,H_aug_w64_d5,19,20,Q2,23,6957,2067,0.80892,0.88647,0.83413,0.94582
H_aug_w64_d5_s2,H_aug_w64_d5,19,20,Q3,0,8771,2610,0.88922,0.97156,0.94918,0.99502
H_aug_w64_d5_s2,H_aug_w64_d5,19,20,Q4_clearest,0,7909,2077,0.9597,0.9968,0.99457,0.99904
H_aug_w64_d5_s2,H_aug_w64_d5,20,0,Q1_dimmest,195,5411,1924,0.64084,0.64256,0.59794,0.69439
H_aug_w64_d5_s2,H_aug_w64_d5,20,0,Q2,17,7210,2225,0.80202,0.86543,0.78541,0.9636
H_aug_w64_d5_s2,H_aug_w64_d5,20,0,Q3,0,6951,2027,0.85167,0.94446,0.89715,0.99704
H_aug_w64_d5_s2,H_aug_w64_d5,20,0,Q4_clearest,0,4693,1197,0.93226,0.98641,0.97319,1.0
H_aug_w64_d5_s2,H_aug_w64_d5,20,20,Q1_dimmest,189,5411,1924,0.64322,0.65037,0.61779,0.68659
H_aug_w64_d5_s2,H_aug_w64_d5,20,20,Q2,15,7210,2225,0.80611,0.87847,0.80939,0.96045
H_aug_w64_d5_s2,H_aug_w64_d5,20,20,Q3,0,6951,2027,0.85335,0.94971,0.90666,0.99704
H_aug_w64_d5_s2,H_aug_w64_d5,20,20,Q4_clearest,0,4693,1197,0.93226,0.98641,0.97319,1.0
H_aug_w64_d5_s3,H_aug_w64_d5,01,0,Q1_dimmest,209,4597,1791,0.59857,0.57749,0.55641,0.60022
H_aug_w64_d5_s3,H_aug_w64_d5,01,0,Q2,43,6946,2500,0.80254,0.85761,0.80716,0.9148
H_aug_w64_d5_s3,H_aug_w64_d5,01,0,Q3,4,8473,2538,0.86935,0.96544,0.94552,0.98621
H_aug_w64_d5_s3,H_aug_w64_d5,01,0,Q4_clearest,0,9424,2483,0.9247,0.99229,0.98548,0.99919
H_aug_w64_d5_s3,H_aug_w64_d5,01,20,Q1_dimmest,200,4597,1791,0.59928,0.58228,0.57249,0.59241
H_aug_w64_d5_s3,H_aug_w64_d5,01,20,Q2,38,6946,2500,0.80217,0.85772,0.81239,0.9084
H_aug_w64_d5_s3,H_aug_w64_d5,01,20,Q3,4,8473,2538,0.86948,0.96689,0.94941,0.98503
H_aug_w64_d5_s3,H_aug_w64_d5,01,20,Q4_clearest,0,9424,2483,0.92493,0.9933,0.98747,0.99919
H_aug_w64_d5_s3,H_aug_w64_d5,02,0,Q1_dimmest,235,5691,1790,0.50489,0.46982,0.4872,0.45363
H_aug_w64_d5_s3,H_aug_w64_d5,02,0,Q2,40,6606,1861,0.81352,0.80216,0.7585,0.85116
H_aug_w64_d5_s3,H_aug_w64_d5,02,0,Q3,0,8662,2260,0.90815,0.96064,0.93235,0.99071
H_aug_w64_d5_s3,H_aug_w64_d5,02,0,Q4_clearest,0,12831,3378,0.96361,0.99424,0.98854,1.0
H_aug_w64_d5_s3,H_aug_w64_d5,02,20,Q1_dimmest,219,5691,1790,0.50546,0.47318,0.50485,0.44525
H_aug_w64_d5_s3,H_aug_w64_d5,02,20,Q2,37,6606,1861,0.81304,0.80066,0.76362,0.84148
H_aug_w64_d5_s3,H_aug_w64_d5,02,20,Q3,0,8662,2260,0.90873,0.96323,0.93723,0.99071
H_aug_w64_d5_s3,H_aug_w64_d5,02,20,Q4_clearest,0,12831,3378,0.96361,0.99424,0.98854,1.0
H_aug_w64_d5_s3,H_aug_w64_d5,03,0,Q1_dimmest,280,10358,3377,0.54832,0.5279,0.56456,0.49571
H_aug_w64_d5_s3,H_aug_w64_d5,03,0,Q2,34,9353,2708,0.85028,0.87518,0.8408,0.91248
H_aug_w64_d5_s3,H_aug_w64_d5,03,0,Q3,4,8095,2089,0.9417,0.98425,0.97674,0.99186
H_aug_w64_d5_s3,H_aug_w64_d5,03,0,Q4_clearest,0,5087,1047,0.98661,0.99865,0.99731,1.0
H_aug_w64_d5_s3,H_aug_w64_d5,03,20,Q1_dimmest,265,10358,3377,0.54769,0.52843,0.58033,0.48505
H_aug_w64_d5_s3,H_aug_w64_d5,03,20,Q2,31,9353,2708,0.85048,0.87604,0.84716,0.90694
H_aug_w64_d5_s3,H_aug_w64_d5,03,20,Q3,3,8095,2089,0.9417,0.98423,0.97718,0.99138
H_aug_w64_d5_s3,H_aug_w64_d5,03,20,Q4_clearest,0,5087,1047,0.98661,0.99865,0.99731,1.0
H_aug_w64_d5_s3,H_aug_w64_d5,04,0,Q1_dimmest,216,7750,3035,0.5183,0.4606,0.57421,0.38451
H_aug_w64_d5_s3,H_aug_w64_d5,04,0,Q2,35,6017,1865,0.82537,0.83185,0.79941,0.86702
H_aug_w64_d5_s3,H_aug_w64_d5,04,0,Q3,4,6293,1680,0.92023,0.972,0.95365,0.99107
H_aug_w64_d5_s3,H_aug_w64_d5,04,0,Q4_clearest,1,10294,2346,0.97335,0.99262,0.98659,0.99872
H_aug_w64_d5_s3,H_aug_w64_d5,04,20,Q1_dimmest,204,7750,3035,0.51644,0.45718,0.58558,0.37496
H_aug_w64_d5_s3,H_aug_w64_d5,04,20,Q2,34,6017,1865,0.82527,0.83163,0.80502,0.86005
H_aug_w64_d5_s3,H_aug_w64_d5,04,20,Q3,4,6293,1680,0.92015,0.9717,0.95362,0.99048
H_aug_w64_d5_s3,H_aug_w64_d5,04,20,Q4_clearest,1,10294,2346,0.97335,0.99262,0.98659,0.99872
H_aug_w64_d5_s3,H_aug_w64_d5,05,0,Q1_dimmest,291,9685,3539,0.48781,0.41654,0.57211,0.32749
H_aug_w64_d5_s3,H_aug_w64_d5,05,0,Q2,29,7440,2198,0.85628,0.85754,0.84298,0.87261
H_aug_w64_d5_s3,H_aug_w64_d5,05,0,Q3,1,7606,2186,0.93952,0.98571,0.97486,0.9968
H_aug_w64_d5_s3,H_aug_w64_d5,05,0,Q4_clearest,0,6179,1663,0.97422,0.99686,0.99373,1.0
H_aug_w64_d5_s3,H_aug_w64_d5,05,20,Q1_dimmest,267,9685,3539,0.48259,0.40504,0.57633,0.31224
H_aug_w64_d5_s3,H_aug_w64_d5,05,20,Q2,27,7440,2198,0.85562,0.85589,0.84928,0.8626
H_aug_w64_d5_s3,H_aug_w64_d5,05,20,Q3,1,7606,2186,0.93932,0.98524,0.97525,0.99543
H_aug_w64_d5_s3,H_aug_w64_d5,05,20,Q4_clearest,0,6179,1663,0.97422,0.99686,0.99373,1.0
H_aug_w64_d5_s3,H_aug_w64_d5,06,0,Q1_dimmest,331,10790,3981,0.52212,0.50611,0.66122,0.40995
H_aug_w64_d5_s3,H_aug_w64_d5,06,0,Q2,45,7933,2378,0.85503,0.85233,0.8657,0.83936
H_aug_w64_d5_s3,H_aug_w64_d5,06,0,Q3,1,7891,2229,0.95279,0.986,0.97753,0.99462
H_aug_w64_d5_s3,H_aug_w64_d5,06,0,Q4_clearest,0,5502,1401,0.98005,0.99724,0.99449,1.0
H_aug_w64_d5_s3,H_aug_w64_d5,06,20,Q1_dimmest,317,10790,3981,0.51851,0.4989,0.66865,0.39789
H_aug_w64_d5_s3,H_aug_w64_d5,06,20,Q2,42,7933,2378,0.8539,0.84856,0.8683,0.82969
H_aug_w64_d5_s3,H_aug_w64_d5,06,20,Q3,1,7891,2229,0.95296,0.98664,0.9788,0.99462
H_aug_w64_d5_s3,H_aug_w64_d5,06,20,Q4_clearest,0,5502,1401,0.98005,0.99724,0.99449,1.0
H_aug_w64_d5_s3,H_aug_w64_d5,07,0,Q1_dimmest,238,8316,2808,0.51464,0.49615,0.66109,0.39708
H_aug_w64_d5_s3,H_aug_w64_d5,07,0,Q2,31,7149,2172,0.8407,0.84624,0.8435,0.84899
H_aug_w64_d5_s3,H_aug_w64_d5,07,0,Q3,4,7254,1955,0.92572,0.97208,0.95596,0.98875
H_aug_w64_d5_s3,H_aug_w64_d5,07,0,Q4_clearest,0,7433,2033,0.97282,0.99731,0.99513,0.99951
H_aug_w64_d5_s3,H_aug_w64_d5,07,20,Q1_dimmest,213,8316,2808,0.50918,0.48202,0.6711,0.37607
H_aug_w64_d5_s3,H_aug_w64_d5,07,20,Q2,26,7149,2172,0.84046,0.8444,0.85049,0.8384
H_aug_w64_d5_s3,H_aug_w64_d5,07,20,Q3,4,7254,1955,0.92577,0.97228,0.95827,0.9867
H_aug_w64_d5_s3,H_aug_w64_d5,07,20,Q4_clearest,0,7433,2033,0.97282,0.99731,0.99513,0.99951
H_aug_w64_d5_s3,H_aug_w64_d5,08,0,Q1_dimmest,273,9976,3245,0.55779,0.52209,0.61605,0.453
H_aug_w64_d5_s3,H_aug_w64_d5,08,0,Q2,22,8461,2479,0.86556,0.86852,0.83886,0.90036
H_aug_w64_d5_s3,H_aug_w64_d5,08,0,Q3,3,6640,1970,0.93613,0.97705,0.96798,0.98629
H_aug_w64_d5_s3,H_aug_w64_d5,08,0,Q4_clearest,1,3312,891,0.97428,0.99327,0.99104,0.99551
H_aug_w64_d5_s3,H_aug_w64_d5,08,20,Q1_dimmest,254,9976,3245,0.55607,0.52102,0.63464,0.44191
H_aug_w64_d5_s3,H_aug_w64_d5,08,20,Q2,17,8461,2479,0.86506,0.86853,0.84635,0.89189
H_aug_w64_d5_s3,H_aug_w64_d5,08,20,Q3,3,6640,1970,0.93612,0.97704,0.96844,0.98579
H_aug_w64_d5_s3,H_aug_w64_d5,08,20,Q4_clearest,1,3312,891,0.97428,0.99327,0.99104,0.99551
H_aug_w64_d5_s3,H_aug_w64_d5,09,0,Q1_dimmest,266,9368,3406,0.60032,0.59288,0.6539,0.54228
H_aug_w64_d5_s3,H_aug_w64_d5,09,0,Q2,21,7639,2383,0.87388,0.90307,0.86644,0.94293
H_aug_w64_d5_s3,H_aug_w64_d5,09,0,Q3,0,6249,1936,0.94033,0.98289,0.96683,0.99948
H_aug_w64_d5_s3,H_aug_w64_d5,09,0,Q4_clearest,0,3485,1001,0.97976,0.9995,0.99901,1.0
H_aug_w64_d5_s3,H_aug_w64_d5,09,20,Q1_dimmest,250,9368,3406,0.59707,0.58716,0.66049,0.52848
H_aug_w64_d5_s3,H_aug_w64_d5,09,20,Q2,21,7639,2383,0.87333,0.90229,0.87001,0.93705
H_aug_w64_d5_s3,H_aug_w64_d5,09,20,Q3,0,6249,1936,0.94033,0.98289,0.96683,0.99948
H_aug_w64_d5_s3,H_aug_w64_d5,09,20,Q4_clearest,0,3485,1001,0.97976,0.9995,0.99901,1.0
H_aug_w64_d5_s3,H_aug_w64_d5,10,0,Q1_dimmest,283,7560,3177,0.53725,0.4977,0.56142,0.44696
H_aug_w64_d5_s3,H_aug_w64_d5,10,0,Q2,35,6756,2369,0.83211,0.82533,0.77961,0.87674
H_aug_w64_d5_s3,H_aug_w64_d5,10,0,Q3,2,6741,2035,0.91061,0.96522,0.94016,0.99165
H_aug_w64_d5_s3,H_aug_w64_d5,10,0,Q4_clearest,0,6099,1556,0.95618,0.9961,0.99223,1.0
H_aug_w64_d5_s3,H_aug_w64_d5,10,20,Q1_dimmest,268,7560,3177,0.53685,0.49762,0.57631,0.43783
H_aug_w64_d5_s3,H_aug_w64_d5,10,20,Q2,33,6756,2369,0.83293,0.82761,0.78641,0.87336
H_aug_w64_d5_s3,H_aug_w64_d5,10,20,Q3,2,6741,2035,0.91076,0.96614,0.94236,0.99115
H_aug_w64_d5_s3,H_aug_w64_d5,10,20,Q4_clearest,0,6099,1556,0.95618,0.9961,0.99223,1.0
H_aug_w64_d5_s3,H_aug_w64_d5,11,0,Q1_dimmest,307,6386,2930,0.47887,0.41573,0.51971,0.34642
H_aug_w64_d5_s3,H_aug_w64_d5,11,0,Q2,53,5601,2186,0.79217,0.76604,0.73438,0.80055
H_aug_w64_d5_s3,H_aug_w64_d5,11,0,Q3,6,6593,2129,0.871,0.92514,0.88196,0.97276
H_aug_w64_d5_s3,H_aug_w64_d5,11,0,Q4_clearest,0,10959,3211,0.93896,0.98269,0.96685,0.99907
H_aug_w64_d5_s3,H_aug_w64_d5,11,20,Q1_dimmest,288,6386,2930,0.47462,0.40683,0.5302,0.33003
H_aug_w64_d5_s3,H_aug_w64_d5,11,20,Q2,46,5601,2186,0.79081,0.76247,0.73998,0.78637
H_aug_w64_d5_s3,H_aug_w64_d5,11,20,Q3,6,6593,2129,0.87112,0.92579,0.88431,0.97135
H_aug_w64_d5_s3,H_aug_w64_d5,11,20,Q4_clearest,0,10959,3211,0.93896,0.98269,0.96685,0.99907
H_aug_w64_d5_s3,H_aug_w64_d5,12,0,Q1_dimmest,239,6741,2151,0.59789,0.58224,0.63072,0.54068
H_aug_w64_d5_s3,H_aug_w64_d5,12,0,Q2,56,7686,2661,0.83712,0.85164,0.82006,0.88576
H_aug_w64_d5_s3,H_aug_w64_d5,12,0,Q3,3,7976,2374,0.9069,0.96042,0.93265,0.98989
H_aug_w64_d5_s3,H_aug_w64_d5,12,0,Q4_clearest,0,6087,1526,0.95782,0.99548,0.991,1.0
H_aug_w64_d5_s3,H_aug_w64_d5,12,20,Q1_dimmest,222,6741,2151,0.59562,0.58223,0.65512,0.52394
H_aug_w64_d5_s3,H_aug_w64_d5,12,20,Q2,48,7686,2661,0.8368,0.85115,0.8321,0.8711
H_aug_w64_d5_s3,H_aug_w64_d5,12,20,Q3,3,7976,2374,0.90708,0.96134,0.93514,0.98905
H_aug_w64_d5_s3,H_aug_w64_d5,12,20,Q4_clearest,0,6087,1526,0.95782,0.99548,0.991,1.0
H_aug_w64_d5_s3,H_aug_w64_d5,13,0,Q1_dimmest,301,8947,3161,0.5634,0.53088,0.58183,0.48814
H_aug_w64_d5_s3,H_aug_w64_d5,13,0,Q2,54,7970,2798,0.83295,0.82449,0.78887,0.86347
H_aug_w64_d5_s3,H_aug_w64_d5,13,0,Q3,1,7295,2120,0.9237,0.96571,0.94593,0.98632
H_aug_w64_d5_s3,H_aug_w64_d5,13,0,Q4_clearest,0,8047,2107,0.97652,0.99835,0.99671,1.0
H_aug_w64_d5_s3,H_aug_w64_d5,13,20,Q1_dimmest,262,8947,3161,0.56245,0.5302,0.61059,0.46852
H_aug_w64_d5_s3,H_aug_w64_d5,13,20,Q2,51,7970,2798,0.83105,0.81938,0.79254,0.84811
H_aug_w64_d5_s3,H_aug_w64_d5,13,20,Q3,1,7295,2120,0.92368,0.96568,0.94676,0.98538
H_aug_w64_d5_s3,H_aug_w64_d5,13,20,Q4_clearest,0,8047,2107,0.97669,0.99859,0.99718,1.0
H_aug_w64_d5_s3,H_aug_w64_d5,14,0,Q1_dimmest,218,4886,1623,0.52766,0.50502,0.48922,0.52187
H_aug_w64_d5_s3,H_aug_w64_d5,14,0,Q2,50,6453,2243,0.8047,0.80139,0.73814,0.8765
H_aug_w64_d5_s3,H_aug_w64_d5,14,0,Q3,4,8104,2470,0.89099,0.94985,0.90952,0.99393
H_aug_w64_d5_s3,H_aug_w64_d5,14,0,Q4_clearest,0,7234,2022,0.95083,0.9961,0.99223,1.0
H_aug_w64_d5_s3,H_aug_w64_d5,14,20,Q1_dimmest,212,4886,1623,0.53463,0.52691,0.5386,0.51571
H_aug_w64_d5_s3,H_aug_w64_d5,14,20,Q2,45,6453,2243,0.80599,0.80552,0.75108,0.86848
H_aug_w64_d5_s3,H_aug_w64_d5,14,20,Q3,4,8104,2470,0.89178,0.95219,0.91381,0.99393
H_aug_w64_d5_s3,H_aug_w64_d5,14,20,Q4_clearest,0,7234,2022,0.95083,0.9961,0.99223,1.0
H_aug_w64_d5_s3,H_aug_w64_d5,15,0,Q1_dimmest,167,4357,1638,0.54802,0.55173,0.565,0.53907
H_aug_w64_d5_s3,H_aug_w64_d5,15,0,Q2,25,5141,1751,0.79062,0.8233,0.74761,0.91605
H_aug_w64_d5_s3,H_aug_w64_d5,15,0,Q3,1,6066,1760,0.86372,0.94854,0.90727,0.99375
H_aug_w64_d5_s3,H_aug_w64_d5,15,0,Q4_clearest,0,8050,2502,0.93679,0.99398,0.98803,1.0
H_aug_w64_d5_s3,H_aug_w64_d5,15,20,Q1_dimmest,165,4357,1638,0.54937,0.5578,0.5836,0.53419
H_aug_w64_d5_s3,H_aug_w64_d5,15,20,Q2,25,5141,1751,0.79064,0.82383,0.74925,0.91491
H_aug_w64_d5_s3,H_aug_w64_d5,15,20,Q3,1,6066,1760,0.86404,0.94962,0.90924,0.99375
H_aug_w64_d5_s3,H_aug_w64_d5,15,20,Q4_clearest,0,8050,2502,0.93679,0.99398,0.98803,1.0
H_aug_w64_d5_s3,H_aug_w64_d5,16,0,Q1_dimmest,253,6445,1959,0.56771,0.59482,0.65148,0.54722
H_aug_w64_d5_s3,H_aug_w64_d5,16,0,Q2,52,6977,2256,0.8518,0.88605,0.88294,0.88918
H_aug_w64_d5_s3,H_aug_w64_d5,16,0,Q3,1,7630,2131,0.89574,0.96231,0.93392,0.99249
H_aug_w64_d5_s3,H_aug_w64_d5,16,0,Q4_clearest,0,8739,2466,0.93499,0.98085,0.9628,0.99959
H_aug_w64_d5_s3,H_aug_w64_d5,16,20,Q1_dimmest,242,6445,1959,0.56863,0.59997,0.68802,0.5319
H_aug_w64_d5_s3,H_aug_w64_d5,16,20,Q2,44,6977,2256,0.85229,0.88723,0.89287,0.88165
H_aug_w64_d5_s3,H_aug_w64_d5,16,20,Q3,1,7630,2131,0.89615,0.96408,0.9385,0.99108
H_aug_w64_d5_s3,H_aug_w64_d5,16,20,Q4_clearest,0,8739,2466,0.93554,0.98301,0.96697,0.99959
H_aug_w64_d5_s3,H_aug_w64_d5,17,0,Q1_dimmest,253,7862,2585,0.62743,0.65365,0.72691,0.59381
H_aug_w64_d5_s3,H_aug_w64_d5,17,0,Q2,29,7104,2140,0.85678,0.89816,0.88154,0.91542
H_aug_w64_d5_s3,H_aug_w64_d5,17,0,Q3,3,7222,1826,0.90976,0.97908,0.96566,0.99288
H_aug_w64_d5_s3,H_aug_w64_d5,17,0,Q4_clearest,0,5664,1433,0.92792,0.98709,0.97584,0.9986
H_aug_w64_d5_s3,H_aug_w64_d5,17,20,Q1_dimmest,234,7862,2585,0.62577,0.65314,0.74758,0.57988
H_aug_w64_d5_s3,H_aug_w64_d5,17,20,Q2,27,7104,2140,0.85775,0.90214,0.8955,0.90888
H_aug_w64_d5_s3,H_aug_w64_d5,17,20,Q3,2,7222,1826,0.91002,0.98129,0.97155,0.99124
H_aug_w64_d5_s3,H_aug_w64_d5,17,20,Q4_clearest,0,5664,1433,0.92748,0.98638,0.97579,0.99721
H_aug_w64_d5_s3,H_aug_w64_d5,18,0,Q1_dimmest,201,4966,1759,0.62622,0.61853,0.6411,0.5975
H_aug_w64_d5_s3,H_aug_w64_d5,18,0,Q2,33,6044,1968,0.82538,0.88329,0.84198,0.92886
H_aug_w64_d5_s3,H_aug_w64_d5,18,0,Q3,1,7429,2081,0.85211,0.96608,0.93608,0.99808
H_aug_w64_d5_s3,H_aug_w64_d5,18,0,Q4_clearest,0,7705,1851,0.89147,0.98404,0.96857,1.0
H_aug_w64_d5_s3,H_aug_w64_d5,18,20,Q1_dimmest,192,4966,1759,0.62557,0.62019,0.6549,0.58897
H_aug_w64_d5_s3,H_aug_w64_d5,18,20,Q2,32,6044,1968,0.8257,0.88516,0.85007,0.92327
H_aug_w64_d5_s3,H_aug_w64_d5,18,20,Q3,1,7429,2081,0.85353,0.97179,0.94686,0.99808
H_aug_w64_d5_s3,H_aug_w64_d5,18,20,Q4_clearest,0,7705,1851,0.89225,0.98662,0.97359,1.0
H_aug_w64_d5_s3,H_aug_w64_d5,19,0,Q1_dimmest,143,3731,1722,0.65356,0.66391,0.68973,0.63995
H_aug_w64_d5_s3,H_aug_w64_d5,19,0,Q2,34,6957,2067,0.81214,0.86476,0.80101,0.93953
H_aug_w64_d5_s3,H_aug_w64_d5,19,0,Q3,3,8771,2610,0.90013,0.96852,0.94375,0.99464
H_aug_w64_d5_s3,H_aug_w64_d5,19,0,Q4_clearest,0,7909,2077,0.96439,0.99779,0.99559,1.0
H_aug_w64_d5_s3,H_aug_w64_d5,19,20,Q1_dimmest,132,3731,1722,0.65224,0.66655,0.70531,0.63182
H_aug_w64_d5_s3,H_aug_w64_d5,19,20,Q2,31,6957,2067,0.81584,0.87902,0.83076,0.93324
H_aug_w64_d5_s3,H_aug_w64_d5,19,20,Q3,3,8771,2610,0.9002,0.96889,0.94548,0.99349
H_aug_w64_d5_s3,H_aug_w64_d5,19,20,Q4_clearest,0,7909,2077,0.96445,0.99804,0.99608,1.0
H_aug_w64_d5_s3,H_aug_w64_d5,20,0,Q1_dimmest,209,5411,1924,0.62395,0.62722,0.5888,0.671
H_aug_w64_d5_s3,H_aug_w64_d5,20,0,Q2,33,7210,2225,0.80893,0.86123,0.78755,0.95011
H_aug_w64_d5_s3,H_aug_w64_d5,20,0,Q3,1,6951,2027,0.86518,0.9491,0.90474,0.99803
H_aug_w64_d5_s3,H_aug_w64_d5,20,0,Q4_clearest,0,4693,1197,0.93457,0.98224,0.9651,1.0
H_aug_w64_d5_s3,H_aug_w64_d5,20,20,Q1_dimmest,201,5411,1924,0.62372,0.62922,0.60154,0.65956
H_aug_w64_d5_s3,H_aug_w64_d5,20,20,Q2,34,7210,2225,0.81079,0.8689,0.80532,0.94337
H_aug_w64_d5_s3,H_aug_w64_d5,20,20,Q3,0,6951,2027,0.86885,0.96211,0.9287,0.99803
H_aug_w64_d5_s3,H_aug_w64_d5,20,20,Q4_clearest,0,4693,1197,0.93559,0.98509,0.97061,1.0
H_aug_w64_d5_s4,H_aug_w64_d5,01,0,Q1_dimmest,220,4597,1791,0.60654,0.5879,0.57454,0.6019
H_aug_w64_d5_s4,H_aug_w64_d5,01,0,Q2,38,6946,2500,0.80136,0.86203,0.80815,0.9236
H_aug_w64_d5_s4,H_aug_w64_d5,01,0,Q3,1,8473,2538,0.86767,0.96534,0.94246,0.98936
H_aug_w64_d5_s4,H_aug_w64_d5,01,0,Q4_clearest,0,9424,2483,0.92517,0.992,0.98451,0.9996
H_aug_w64_d5_s4,H_aug_w64_d5,01,20,Q1_dimmest,210,4597,1791,0.60439,0.58481,0.58616,0.58347
H_aug_w64_d5_s4,H_aug_w64_d5,01,20,Q2,38,6946,2500,0.80236,0.86593,0.81944,0.918
H_aug_w64_d5_s4,H_aug_w64_d5,01,20,Q3,1,8473,2538,0.86943,0.97073,0.95352,0.98857
H_aug_w64_d5_s4,H_aug_w64_d5,01,20,Q4_clearest,0,9424,2483,0.92517,0.992,0.98451,0.9996
H_aug_w64_d5_s4,H_aug_w64_d5,02,0,Q1_dimmest,234,5691,1790,0.50839,0.46347,0.47808,0.44972
H_aug_w64_d5_s4,H_aug_w64_d5,02,0,Q2,35,6606,1861,0.81837,0.80899,0.75041,0.87749
H_aug_w64_d5_s4,H_aug_w64_d5,02,0,Q3,1,8662,2260,0.9021,0.95478,0.92061,0.99159
H_aug_w64_d5_s4,H_aug_w64_d5,02,0,Q4_clearest,0,12831,3378,0.96187,0.99187,0.98388,1.0
H_aug_w64_d5_s4,H_aug_w64_d5,02,20,Q1_dimmest,219,5691,1790,0.50672,0.46028,0.49199,0.4324
H_aug_w64_d5_s4,H_aug_w64_d5,02,20,Q2,31,6606,1861,0.81704,0.80472,0.75797,0.8576
H_aug_w64_d5_s4,H_aug_w64_d5,02,20,Q3,0,8662,2260,0.90238,0.95583,0.92256,0.99159
H_aug_w64_d5_s4,H_aug_w64_d5,02,20,Q4_clearest,0,12831,3378,0.96209,0.99272,0.98555,1.0
H_aug_w64_d5_s4,H_aug_w64_d5,03,0,Q1_dimmest,280,10358,3377,0.53158,0.51623,0.57574,0.46787
H_aug_w64_d5_s4,H_aug_w64_d5,03,0,Q2,34,9353,2708,0.83787,0.87003,0.84303,0.89882
H_aug_w64_d5_s4,H_aug_w64_d5,03,0,Q3,2,8095,2089,0.94085,0.9802,0.97157,0.98899
H_aug_w64_d5_s4,H_aug_w64_d5,03,0,Q4_clearest,0,5087,1047,0.98776,1.0,1.0,1.0
H_aug_w64_d5_s4,H_aug_w64_d5,03,20,Q1_dimmest,254,10358,3377,0.53015,0.5154,0.59558,0.45425
H_aug_w64_d5_s4,H_aug_w64_d5,03,20,Q2,31,9353,2708,0.838,0.87181,0.85236,0.89217
H_aug_w64_d5_s4,H_aug_w64_d5,03,20,Q3,1,8095,2089,0.94059,0.97971,0.97152,0.98803
H_aug_w64_d5_s4,H_aug_w64_d5,03,20,Q4_clearest,0,5087,1047,0.98776,1.0,1.0,1.0
H_aug_w64_d5_s4,H_aug_w64_d5,04,0,Q1_dimmest,238,7750,3035,0.52497,0.46912,0.59127,0.3888
H_aug_w64_d5_s4,H_aug_w64_d5,04,0,Q2,35,6017,1865,0.82453,0.83846,0.7968,0.88472
H_aug_w64_d5_s4,H_aug_w64_d5,04,0,Q3,2,6293,1680,0.91738,0.96335,0.9366,0.99167
H_aug_w64_d5_s4,H_aug_w64_d5,04,0,Q4_clearest,0,10294,2346,0.97428,0.99191,0.98394,1.0
H_aug_w64_d5_s4,H_aug_w64_d5,04,20,Q1_dimmest,216,7750,3035,0.5234,0.46489,0.59803,0.38023
H_aug_w64_d5_s4,H_aug_w64_d5,04,20,Q2,31,6017,1865,0.8221,0.83213,0.79766,0.86971
H_aug_w64_d5_s4,H_aug_w64_d5,04,20,Q3,2,6293,1680,0.91756,0.96418,0.93924,0.99048
H_aug_w64_d5_s4,H_aug_w64_d5,04,20,Q4_clearest,0,10294,2346,0.97428,0.99191,0.98394,1.0
H_aug_w64_d5_s4,H_aug_w64_d5,05,0,Q1_dimmest,303,9685,3539,0.50271,0.42497,0.60123,0.32862
H_aug_w64_d5_s4,H_aug_w64_d5,05,0,Q2,22,7440,2198,0.86437,0.86312,0.84825,0.87853
H_aug_w64_d5_s4,H_aug_w64_d5,05,0,Q3,1,7606,2186,0.93763,0.98642,0.97581,0.99726
H_aug_w64_d5_s4,H_aug_w64_d5,05,0,Q4_clearest,0,6179,1663,0.9733,0.99661,0.99324,1.0
H_aug_w64_d5_s4,H_aug_w64_d5,05,20,Q1_dimmest,293,9685,3539,0.50145,0.42236,0.60709,0.32382
H_aug_w64_d5_s4,H_aug_w64_d5,05,20,Q2,20,7440,2198,0.8649,0.8652,0.85485,0.8758
H_aug_w64_d5_s4,H_aug_w64_d5,05,20,Q3,1,7606,2186,0.93797,0.98773,0.97839,0.99726
H_aug_w64_d5_s4,H_aug_w64_d5,05,20,Q4_clearest,0,6179,1663,0.9733,0.99661,0.99324,1.0
H_aug_w64_d5_s4,H_aug_w64_d5,06,0,Q1_dimmest,369,10790,3981,0.52547,0.49825,0.65071,0.40367
H_aug_w64_d5_s4,H_aug_w64_d5,06,0,Q2,37,7933,2378,0.85381,0.85681,0.8643,0.84945
H_aug_w64_d5_s4,H_aug_w64_d5,06,0,Q3,1,7891,2229,0.95042,0.98759,0.98023,0.99507
H_aug_w64_d5_s4,H_aug_w64_d5,06,0,Q4_clearest,0,5502,1401,0.97941,0.99965,0.9993,1.0
H_aug_w64_d5_s4,H_aug_w64_d5,06,20,Q1_dimmest,330,10790,3981,0.52259,0.49411,0.6806,0.38784
H_aug_w64_d5_s4,H_aug_w64_d5,06,20,Q2,35,7933,2378,0.85111,0.85107,0.87035,0.83263
H_aug_w64_d5_s4,H_aug_w64_d5,06,20,Q3,1,7891,2229,0.95047,0.9878,0.98107,0.99462
H_aug_w64_d5_s4,H_aug_w64_d5,06,20,Q4_clearest,0,5502,1401,0.97941,0.99965,0.9993,1.0
H_aug_w64_d5_s4,H_aug_w64_d5,07,0,Q1_dimmest,233,8316,2808,0.51384,0.48013,0.66828,0.37464
H_aug_w64_d5_s4,H_aug_w64_d5,07,0,Q2,35,7149,2172,0.84361,0.85236,0.85528,0.84945
H_aug_w64_d5_s4,H_aug_w64_d5,07,0,Q3,2,7254,1955,0.92607,0.97403,0.95974,0.98875
H_aug_w64_d5_s4,H_aug_w64_d5,07,0,Q4_clearest,0,7433,2033,0.97316,0.99686,0.99422,0.99951
H_aug_w64_d5_s4,H_aug_w64_d5,07,20,Q1_dimmest,208,8316,2808,0.51075,0.47109,0.68504,0.35897
H_aug_w64_d5_s4,H_aug_w64_d5,07,20,Q2,33,7149,2172,0.84308,0.8492,0.85691,0.84162
H_aug_w64_d5_s4,H_aug_w64_d5,07,20,Q3,2,7254,1955,0.92733,0.97768,0.96686,0.98875
H_aug_w64_d5_s4,H_aug_w64_d5,07,20,Q4_clearest,0,7433,2033,0.97348,0.99758,0.99566,0.99951
H_aug_w64_d5_s4,H_aug_w64_d5,08,0,Q1_dimmest,283,9976,3245,0.56096,0.52348,0.62939,0.44807
H_aug_w64_d5_s4,H_aug_w64_d5,08,0,Q2,24,8461,2479,0.86822,0.87043,0.83824,0.9052
H_aug_w64_d5_s4,H_aug_w64_d5,08,0,Q3,5,6640,1970,0.93464,0.97383,0.96508,0.98274
H_aug_w64_d5_s4,H_aug_w64_d5,08,0,Q4_clearest,0,3312,891,0.97619,0.99387,0.99223,0.99551
H_aug_w64_d5_s4,H_aug_w64_d5,08,20,Q1_dimmest,257,9976,3245,0.56016,0.52354,0.6613,0.43328
H_aug_w64_d5_s4,H_aug_w64_d5,08,20,Q2,19,8461,2479,0.8685,0.87239,0.85115,0.89472
H_aug_w64_d5_s4,H_aug_w64_d5,08,20,Q3,5,6640,1970,0.93623,0.9774,0.97262,0.98223
H_aug_w64_d5_s4,H_aug_w64_d5,08,20,Q4_clearest,0,3312,891,0.97633,0.99442,0.99333,0.99551
H_aug_w64_d5_s4,H_aug_w64_d5,09,0,Q1_dimmest,270,9368,3406,0.59803,0.58826,0.69657,0.5091
H_aug_w64_d5_s4,H_aug_w64_d5,09,0,Q2,17,7639,2383,0.87577,0.90625,0.87557,0.93915
H_aug_w64_d5_s4,H_aug_w64_d5,09,0,Q3,0,6249,1936,0.93859,0.98641,0.97367,0.99948
H_aug_w64_d5_s4,H_aug_w64_d5,09,0,Q4_clearest,0,3485,1001,0.98031,1.0,1.0,1.0
H_aug_w64_d5_s4,H_aug_w64_d5,09,20,Q1_dimmest,246,9368,3406,0.59553,0.58301,0.70137,0.49883
H_aug_w64_d5_s4,H_aug_w64_d5,09,20,Q2,18,7639,2383,0.87508,0.9046,0.87801,0.93286
H_aug_w64_d5_s4,H_aug_w64_d5,09,20,Q3,0,6249,1936,0.93859,0.98641,0.97367,0.99948
H_aug_w64_d5_s4,H_aug_w64_d5,09,20,Q4_clearest,0,3485,1001,0.98031,1.0,1.0,1.0
H_aug_w64_d5_s4,H_aug_w64_d5,10,0,Q1_dimmest,320,7560,3177,0.54297,0.48882,0.56204,0.43248
H_aug_w64_d5_s4,H_aug_w64_d5,10,0,Q2,29,6756,2369,0.83861,0.83834,0.79182,0.89067
H_aug_w64_d5_s4,H_aug_w64_d5,10,0,Q3,3,6741,2035,0.90968,0.96699,0.94219,0.99312
H_aug_w64_d5_s4,H_aug_w64_d5,10,0,Q4_clearest,0,6099,1556,0.95611,0.99708,0.99417,1.0
H_aug_w64_d5_s4,H_aug_w64_d5,10,20,Q1_dimmest,294,7560,3177,0.5415,0.48459,0.57641,0.418
H_aug_w64_d5_s4,H_aug_w64_d5,10,20,Q2,27,6756,2369,0.83775,0.83666,0.7966,0.88096
H_aug_w64_d5_s4,H_aug_w64_d5,10,20,Q3,3,6741,2035,0.91034,0.96974,0.94789,0.99263
H_aug_w64_d5_s4,H_aug_w64_d5,10,20,Q4_clearest,0,6099,1556,0.95611,0.99708,0.99417,1.0
H_aug_w64_d5_s4,H_aug_w64_d5,11,0,Q1_dimmest,317,6386,2930,0.48713,0.42182,0.51052,0.35939
H_aug_w64_d5_s4,H_aug_w64_d5,11,0,Q2,54,5601,2186,0.79392,0.76745,0.71653,0.82617
H_aug_w64_d5_s4,H_aug_w64_d5,11,0,Q3,7,6593,2129,0.86946,0.93096,0.89341,0.97182
H_aug_w64_d5_s4,H_aug_w64_d5,11,0,Q4_clearest,3,10959,3211,0.94185,0.98402,0.97118,0.9972
H_aug_w64_d5_s4,H_aug_w64_d5,11,20,Q1_dimmest,300,6386,2930,0.48667,0.42104,0.5318,0.34846
H_aug_w64_d5_s4,H_aug_w64_d5,11,20,Q2,45,5601,2186,0.79481,0.7713,0.7297,0.81793
H_aug_w64_d5_s4,H_aug_w64_d5,11,20,Q3,7,6593,2129,0.86994,0.93318,0.89831,0.97088
H_aug_w64_d5_s4,H_aug_w64_d5,11,20,Q4_clearest,3,10959,3211,0.94185,0.98402,0.97118,0.9972
H_aug_w64_d5_s4,H_aug_w64_d5,12,0,Q1_dimmest,236,6741,2151,0.60806,0.59417,0.6461,0.54998
H_aug_w64_d5_s4,H_aug_w64_d5,12,0,Q2,49,7686,2661,0.84115,0.85869,0.82348,0.89703
H_aug_w64_d5_s4,H_aug_w64_d5,12,0,Q3,2,7976,2374,0.90391,0.96152,0.93511,0.98947
H_aug_w64_d5_s4,H_aug_w64_d5,12,0,Q4_clearest,0,6087,1526,0.95631,0.99593,0.99189,1.0
H_aug_w64_d5_s4,H_aug_w64_d5,12,20,Q1_dimmest,222,6741,2151,0.60888,0.6012,0.67626,0.54114
H_aug_w64_d5_s4,H_aug_w64_d5,12,20,Q2,44,7686,2661,0.84163,0.8609,0.83439,0.88914
H_aug_w64_d5_s4,H_aug_w64_d5,12,20,Q3,2,7976,2374,0.90414,0.96265,0.93762,0.98905
H_aug_w64_d5_s4,H_aug_w64_d5,12,20,Q4_clearest,0,6087,1526,0.95631,0.99593,0.99189,1.0
H_aug_w64_d5_s4,H_aug_w64_d5,13,0,Q1_dimmest,309,8947,3161,0.56973,0.5307,0.60043,0.47548
H_aug_w64_d5_s4,H_aug_w64_d5,13,0,Q2,57,7970,2798,0.83109,0.83183,0.78617,0.88313
H_aug_w64_d5_s4,H_aug_w64_d5,13,0,Q3,2,7295,2120,0.91802,0.9676,0.94525,0.99104
H_aug_w64_d5_s4,H_aug_w64_d5,13,0,Q4_clearest,0,8047,2107,0.97568,0.99742,0.99533,0.99953
H_aug_w64_d5_s4,H_aug_w64_d5,13,20,Q1_dimmest,277,8947,3161,0.56828,0.52836,0.62529,0.45745
H_aug_w64_d5_s4,H_aug_w64_d5,13,20,Q2,50,7970,2798,0.8306,0.83117,0.79814,0.86705
H_aug_w64_d5_s4,H_aug_w64_d5,13,20,Q3,1,7295,2120,0.91853,0.96916,0.94909,0.99009
H_aug_w64_d5_s4,H_aug_w64_d5,13,20,Q4_clearest,0,8047,2107,0.97568,0.99742,0.99533,0.99953
H_aug_w64_d5_s4,H_aug_w64_d5,14,0,Q1_dimmest,212,4886,1623,0.53833,0.52166,0.50859,0.53543
H_aug_w64_d5_s4,H_aug_w64_d5,14,0,Q2,40,6453,2243,0.80603,0.80472,0.72817,0.89924
H_aug_w64_d5_s4,H_aug_w64_d5,14,0,Q3,1,8104,2470,0.88373,0.94664,0.90264,0.99514
H_aug_w64_d5_s4,H_aug_w64_d5,14,0,Q4_clearest,0,7234,2022,0.95184,0.9961,0.99223,1.0
H_aug_w64_d5_s4,H_aug_w64_d5,14,20,Q1_dimmest,207,4886,1623,0.5428,0.53656,0.54021,0.53296
H_aug_w64_d5_s4,H_aug_w64_d5,14,20,Q2,39,6453,2243,0.80843,0.81327,0.74444,0.89612
H_aug_w64_d5_s4,H_aug_w64_d5,14,20,Q3,1,8104,2470,0.8845,0.94912,0.90716,0.99514
H_aug_w64_d5_s4,H_aug_w64_d5,14,20,Q4_clearest,0,7234,2022,0.95196,0.99658,0.99319,1.0
H_aug_w64_d5_s4,H_aug_w64_d5,15,0,Q1_dimmest,170,4357,1638,0.55261,0.55576,0.5749,0.53785
H_aug_w64_d5_s4,H_aug_w64_d5,15,0,Q2,24,5141,1751,0.79029,0.82267,0.74208,0.9229
H_aug_w64_d5_s4,H_aug_w64_d5,15,0,Q3,2,6066,1760,0.85947,0.93687,0.88435,0.99602
H_aug_w64_d5_s4,H_aug_w64_d5,15,0,Q4_clearest,0,8050,2502,0.93385,0.98319,0.96695,1.0
H_aug_w64_d5_s4,H_aug_w64_d5,15,20,Q1_dimmest,158,4357,1638,0.54974,0.55072,0.58282,0.52198
H_aug_w64_d5_s4,H_aug_w64_d5,15,20,Q2,21,5141,1751,0.79206,0.82865,0.75263,0.92176
H_aug_w64_d5_s4,H_aug_w64_d5,15,20,Q3,2,6066,1760,0.86071,0.94163,0.89288,0.99602
H_aug_w64_d5_s4,H_aug_w64_d5,15,20,Q4_clearest,0,8050,2502,0.93418,0.98415,0.96879,1.0
H_aug_w64_d5_s4,H_aug_w64_d5,16,0,Q1_dimmest,253,6445,1959,0.59047,0.61819,0.68381,0.56406
H_aug_w64_d5_s4,H_aug_w64_d5,16,0,Q2,41,6977,2256,0.86028,0.89454,0.87547,0.91445
H_aug_w64_d5_s4,H_aug_w64_d5,16,0,Q3,1,7630,2131,0.89766,0.96666,0.93836,0.99672
H_aug_w64_d5_s4,H_aug_w64_d5,16,0,Q4_clearest,1,8739,2466,0.9366,0.9818,0.96462,0.99959
H_aug_w64_d5_s4,H_aug_w64_d5,16,20,Q1_dimmest,246,6445,1959,0.59168,0.62664,0.70968,0.561
H_aug_w64_d5_s4,H_aug_w64_d5,16,20,Q2,40,6977,2256,0.86211,0.90015,0.88922,0.91135
H_aug_w64_d5_s4,H_aug_w64_d5,16,20,Q3,1,7630,2131,0.89903,0.9708,0.94662,0.99625
H_aug_w64_d5_s4,H_aug_w64_d5,16,20,Q4_clearest,1,8739,2466,0.93745,0.98413,0.96914,0.99959
H_aug_w64_d5_s4,H_aug_w64_d5,17,0,Q1_dimmest,266,7862,2585,0.60731,0.62819,0.72275,0.55551
H_aug_w64_d5_s4,H_aug_w64_d5,17,0,Q2,34,7104,2140,0.85701,0.89534,0.88002,0.91121
H_aug_w64_d5_s4,H_aug_w64_d5,17,0,Q3,4,7222,1826,0.90673,0.97514,0.96162,0.98905
H_aug_w64_d5_s4,H_aug_w64_d5,17,0,Q4_clearest,0,5664,1433,0.9247,0.98849,0.97926,0.99791
H_aug_w64_d5_s4,H_aug_w64_d5,17,20,Q1_dimmest,252,7862,2585,0.60902,0.63445,0.75517,0.547
H_aug_w64_d5_s4,H_aug_w64_d5,17,20,Q2,31,7104,2140,0.85776,0.90088,0.89757,0.90421
H_aug_w64_d5_s4,H_aug_w64_d5,17,20,Q3,4,7222,1826,0.90699,0.97688,0.96501,0.98905
H_aug_w64_d5_s4,H_aug_w64_d5,17,20,Q4_clearest,0,5664,1433,0.9249,0.98992,0.98275,0.99721
H_aug_w64_d5_s4,H_aug_w64_d5,18,0,Q1_dimmest,200,4966,1759,0.63126,0.61897,0.66298,0.58044
H_aug_w64_d5_s4,H_aug_w64_d5,18,0,Q2,33,6044,1968,0.82907,0.88815,0.85213,0.92734
H_aug_w64_d5_s4,H_aug_w64_d5,18,0,Q3,2,7429,2081,0.85284,0.9694,0.94274,0.9976
H_aug_w64_d5_s4,H_aug_w64_d5,18,0,Q4_clearest,0,7705,1851,0.89421,0.98629,0.97295,1.0
H_aug_w64_d5_s4,H_aug_w64_d5,18,20,Q1_dimmest,191,4966,1759,0.63282,0.62585,0.68936,0.57305
H_aug_w64_d5_s4,H_aug_w64_d5,18,20,Q2,33,6044,1968,0.8286,0.88797,0.8588,0.91921
H_aug_w64_d5_s4,H_aug_w64_d5,18,20,Q3,2,7429,2081,0.85401,0.97397,0.95188,0.99712
H_aug_w64_d5_s4,H_aug_w64_d5,18,20,Q4_clearest,0,7705,1851,0.89442,0.98731,0.97494,1.0
H_aug_w64_d5_s4,H_aug_w64_d5,19,0,Q1_dimmest,134,3731,1722,0.66342,0.6822,0.70763,0.65854
H_aug_w64_d5_s4,H_aug_w64_d5,19,0,Q2,28,6957,2067,0.80911,0.8684,0.79959,0.95017
H_aug_w64_d5_s4,H_aug_w64_d5,19,0,Q3,0,8771,2610,0.89022,0.96439,0.9349,0.99579
H_aug_w64_d5_s4,H_aug_w64_d5,19,0,Q4_clearest,0,7909,2077,0.96216,0.99482,0.99017,0.99952
H_aug_w64_d5_s4,H_aug_w64_d5,19,20,Q1_dimmest,125,3731,1722,0.66365,0.68418,0.73193,0.64228
H_aug_w64_d5_s4,H_aug_w64_d5,19,20,Q2,27,6957,2067,0.81185,0.87769,0.81691,0.94823
H_aug_w64_d5_s4,H_aug_w64_d5,19,20,Q3,0,8771,2610,0.89118,0.96791,0.94224,0.99502
H_aug_w64_d5_s4,H_aug_w64_d5,19,20,Q4_clearest,0,7909,2077,0.96216,0.99482,0.99017,0.99952
H_aug_w64_d5_s4,H_aug_w64_d5,20,0,Q1_dimmest,200,5411,1924,0.62988,0.63378,0.59516,0.67775
H_aug_w64_d5_s4,H_aug_w64_d5,20,0,Q2,31,7210,2225,0.8095,0.86852,0.79605,0.95551
H_aug_w64_d5_s4,H_aug_w64_d5,20,0,Q3,0,6951,2027,0.86287,0.94588,0.89971,0.99704
H_aug_w64_d5_s4,H_aug_w64_d5,20,0,Q4_clearest,1,4693,1197,0.93517,0.98437,0.9708,0.99833
H_aug_w64_d5_s4,H_aug_w64_d5,20,20,Q1_dimmest,186,5411,1924,0.63271,0.6434,0.62661,0.66112
H_aug_w64_d5_s4,H_aug_w64_d5,20,20,Q2,30,7210,2225,0.8125,0.87892,0.81733,0.95056
H_aug_w64_d5_s4,H_aug_w64_d5,20,20,Q3,0,6951,2027,0.86513,0.95327,0.91317,0.99704
H_aug_w64_d5_s4,H_aug_w64_d5,20,20,Q4_clearest,1,4693,1197,0.93573,0.98674,0.97542,0.99833
I_coletra_s0,I_coletra,01,0,Q1_dimmest,212,4597,1791,0.57125,0.55193,0.61296,0.50195
I_coletra_s0,I_coletra,01,0,Q2,51,6946,2500,0.79526,0.8503,0.81771,0.8856
I_coletra_s0,I_coletra,01,0,Q3,13,8473,2538,0.8652,0.959,0.94706,0.97124
I_coletra_s0,I_coletra,01,0,Q4_clearest,0,9424,2483,0.92642,0.99282,0.98771,0.99799
I_coletra_s0,I_coletra,01,20,Q1_dimmest,190,4597,1791,0.56812,0.54765,0.63425,0.48185
I_coletra_s0,I_coletra,01,20,Q2,51,6946,2500,0.79545,0.85254,0.82888,0.8776
I_coletra_s0,I_coletra,01,20,Q3,11,8473,2538,0.86524,0.96024,0.95137,0.96927
I_coletra_s0,I_coletra,01,20,Q4_clearest,0,9424,2483,0.92646,0.99302,0.9881,0.99799
I_coletra_s0,I_coletra,02,0,Q1_dimmest,220,5691,1790,0.48073,0.44573,0.53148,0.3838
I_coletra_s0,I_coletra,02,0,Q2,49,6606,1861,0.8073,0.79246,0.75891,0.82912
I_coletra_s0,I_coletra,02,0,Q3,4,8662,2260,0.90565,0.9614,0.93854,0.9854
I_coletra_s0,I_coletra,02,0,Q4_clearest,2,12831,3378,0.96427,0.99205,0.9851,0.99911
I_coletra_s0,I_coletra,02,20,Q1_dimmest,201,5691,1790,0.47878,0.44197,0.55282,0.36816
I_coletra_s0,I_coletra,02,20,Q2,45,6606,1861,0.8039,0.7825,0.757,0.80978
I_coletra_s0,I_coletra,02,20,Q3,4,8662,2260,0.90576,0.96179,0.9401,0.98451
I_coletra_s0,I_coletra,02,20,Q4_clearest,2,12831,3378,0.96431,0.9922,0.98538,0.99911
I_coletra_s0,I_coletra,03,0,Q1_dimmest,250,10358,3377,0.46571,0.42347,0.61016,0.32425
I_coletra_s0,I_coletra,03,0,Q2,51,9353,2708,0.81724,0.8353,0.86454,0.80798
I_coletra_s0,I_coletra,03,0,Q3,10,8095,2089,0.92924,0.96322,0.97608,0.95069
I_coletra_s0,I_coletra,03,0,Q4_clearest,0,5087,1047,0.98514,0.99721,0.99825,0.99618
I_coletra_s0,I_coletra,03,20,Q1_dimmest,207,10358,3377,0.45709,0.4033,0.64316,0.29375
I_coletra_s0,I_coletra,03,20,Q2,36,9353,2708,0.81374,0.82691,0.87207,0.78619
I_coletra_s0,I_coletra,03,20,Q3,9,8095,2089,0.92808,0.96154,0.97821,0.94543
I_coletra_s0,I_coletra,03,20,Q4_clearest,0,5087,1047,0.98504,0.99721,0.99825,0.99618
I_coletra_s0,I_coletra,04,0,Q1_dimmest,195,7750,3035,0.48771,0.42341,0.60204,0.32652
I_coletra_s0,I_coletra,04,0,Q2,31,6017,1865,0.81703,0.82475,0.81235,0.83753
I_coletra_s0,I_coletra,04,0,Q3,1,6293,1680,0.91535,0.9658,0.95506,0.97679
I_coletra_s0,I_coletra,04,0,Q4_clearest,2,10294,2346,0.97366,0.99165,0.98675,0.99659
I_coletra_s0,I_coletra,04,20,Q1_dimmest,173,7750,3035,0.48527,0.41864,0.61265,0.31796
I_coletra_s0,I_coletra,04,20,Q2,23,6017,1865,0.81439,0.81641,0.8146,0.81823
I_coletra_s0,I_coletra,04,20,Q3,2,6293,1680,0.91507,0.96456,0.95548,0.97381
I_coletra_s0,I_coletra,04,20,Q4_clearest,2,10294,2346,0.97361,0.99143,0.98675,0.99616
I_coletra_s0,I_coletra,05,0,Q1_dimmest,266,9685,3539,0.45655,0.37717,0.63554,0.26815
I_coletra_s0,I_coletra,05,0,Q2,37,7440,2198,0.8583,0.85567,0.87958,0.83303
I_coletra_s0,I_coletra,05,0,Q3,5,7606,2186,0.94029,0.98207,0.97835,0.98582
I_coletra_s0,I_coletra,05,0,Q4_clearest,0,6179,1663,0.9762,0.99855,0.9983,0.9988
I_coletra_s0,I_coletra,05,20,Q1_dimmest,249,9685,3539,0.45372,0.36891,0.63846,0.2594
I_coletra_s0,I_coletra,05,20,Q2,31,7440,2198,0.85776,0.85428,0.88381,0.82666
I_coletra_s0,I_coletra,05,20,Q3,5,7606,2186,0.94026,0.98182,0.9792,0.98445
I_coletra_s0,I_coletra,05,20,Q4_clearest,0,6179,1663,0.9762,0.99825,0.9983,0.9982
I_coletra_s0,I_coletra,06,0,Q1_dimmest,336,10790,3981,0.48216,0.43206,0.70116,0.31223
I_coletra_s0,I_coletra,06,0,Q2,37,7933,2378,0.84717,0.83164,0.86708,0.79899
I_coletra_s0,I_coletra,06,0,Q3,0,7891,2229,0.95088,0.98691,0.98151,0.99237
I_coletra_s0,I_coletra,06,0,Q4_clearest,0,5502,1401,0.98117,0.99824,0.9972,0.99929
I_coletra_s0,I_coletra,06,20,Q1_dimmest,301,10790,3981,0.47925,0.42502,0.72328,0.30093
I_coletra_s0,I_coletra,06,20,Q2,32,7933,2378,0.84532,0.82671,0.87297,0.78511
I_coletra_s0,I_coletra,06,20,Q3,0,7891,2229,0.95055,0.98577,0.98188,0.98968
I_coletra_s0,I_coletra,06,20,Q4_clearest,0,5502,1401,0.98117,0.99824,0.9972,0.99929
I_coletra_s0,I_coletra,07,0,Q1_dimmest,225,8316,2808,0.46631,0.41509,0.71315,0.29274
I_coletra_s0,I_coletra,07,0,Q2,38,7149,2172,0.82904,0.83484,0.88214,0.79236
I_coletra_s0,I_coletra,07,0,Q3,8,7254,1955,0.92465,0.9695,0.96362,0.97545
I_coletra_s0,I_coletra,07,0,Q4_clearest,0,7433,2033,0.97332,0.99549,0.99247,0.99852
I_coletra_s0,I_coletra,07,20,Q1_dimmest,198,8316,2808,0.46094,0.40223,0.73367,0.27707
I_coletra_s0,I_coletra,07,20,Q2,34,7149,2172,0.82679,0.82879,0.88359,0.78039
I_coletra_s0,I_coletra,07,20,Q3,7,7254,1955,0.92429,0.96895,0.96403,0.97391
I_coletra_s0,I_coletra,07,20,Q4_clearest,0,7433,2033,0.97357,0.99571,0.9934,0.99803
I_coletra_s0,I_coletra,08,0,Q1_dimmest,247,9976,3245,0.50372,0.43346,0.70261,0.31341
I_coletra_s0,I_coletra,08,0,Q2,27,8461,2479,0.86239,0.86431,0.88047,0.84873
I_coletra_s0,I_coletra,08,0,Q3,0,6640,1970,0.93721,0.97822,0.97424,0.98223
I_coletra_s0,I_coletra,08,0,Q4_clearest,1,3312,891,0.97539,0.99166,0.99117,0.99214
I_coletra_s0,I_coletra,08,20,Q1_dimmest,224,9976,3245,0.49962,0.42661,0.73166,0.30108
I_coletra_s0,I_coletra,08,20,Q2,24,8461,2479,0.86121,0.85952,0.88326,0.83703
I_coletra_s0,I_coletra,08,20,Q3,0,6640,1970,0.93706,0.97796,0.97422,0.98173
I_coletra_s0,I_coletra,08,20,Q4_clearest,1,3312,891,0.97539,0.99166,0.99117,0.99214
I_coletra_s0,I_coletra,09,0,Q1_dimmest,249,9368,3406,0.56005,0.54032,0.7142,0.43453
I_coletra_s0,I_coletra,09,0,Q2,24,7639,2383,0.86814,0.89311,0.87511,0.91188
I_coletra_s0,I_coletra,09,0,Q3,0,6249,1936,0.93815,0.98372,0.97089,0.9969
I_coletra_s0,I_coletra,09,0,Q4_clearest,1,3485,1001,0.97999,0.9985,1.0,0.997
I_coletra_s0,I_coletra,09,20,Q1_dimmest,230,9368,3406,0.55561,0.53062,0.71736,0.42102
I_coletra_s0,I_coletra,09,20,Q2,21,7639,2383,0.86666,0.88918,0.87611,0.90264
I_coletra_s0,I_coletra,09,20,Q3,0,6249,1936,0.93822,0.98398,0.97138,0.9969
I_coletra_s0,I_coletra,09,20,Q4_clearest,1,3485,1001,0.97999,0.9985,1.0,0.997
I_coletra_s0,I_coletra,10,0,Q1_dimmest,289,7560,3177,0.50739,0.44727,0.59971,0.35663
I_coletra_s0,I_coletra,10,0,Q2,42,6756,2369,0.83086,0.81997,0.8079,0.83242
I_coletra_s0,I_coletra,10,0,Q3,2,6741,2035,0.91065,0.97036,0.9527,0.9887
I_coletra_s0,I_coletra,10,0,Q4_clearest,1,6099,1556,0.95975,0.99457,0.99046,0.99871
I_coletra_s0,I_coletra,10,20,Q1_dimmest,263,7560,3177,0.50266,0.43636,0.61014,0.33963
I_coletra_s0,I_coletra,10,20,Q2,39,6756,2369,0.82954,0.81673,0.81207,0.82144
I_coletra_s0,I_coletra,10,20,Q3,2,6741,2035,0.9108,0.97105,0.95448,0.98821
I_coletra_s0,I_coletra,10,20,Q4_clearest,1,6099,1556,0.95975,0.99457,0.99046,0.99871
I_coletra_s0,I_coletra,11,0,Q1_dimmest,289,6386,2930,0.45228,0.37099,0.55278,0.27918
I_coletra_s0,I_coletra,11,0,Q2,41,5601,2186,0.78533,0.75371,0.74857,0.75892
I_coletra_s0,I_coletra,11,0,Q3,6,6593,2129,0.87053,0.92645,0.89839,0.95632
I_coletra_s0,I_coletra,11,0,Q4_clearest,2,10959,3211,0.94129,0.98213,0.96898,0.99564
I_coletra_s0,I_coletra,11,20,Q1_dimmest,267,6386,2930,0.44863,0.36308,0.56765,0.26689
I_coletra_s0,I_coletra,11,20,Q2,40,5601,2186,0.78323,0.74806,0.75235,0.74382
I_coletra_s0,I_coletra,11,20,Q3,6,6593,2129,0.87122,0.92737,0.90054,0.95585
I_coletra_s0,I_coletra,11,20,Q4_clearest,2,10959,3211,0.94129,0.98213,0.96898,0.99564
I_coletra_s0,I_coletra,12,0,Q1_dimmest,231,6741,2151,0.56754,0.54961,0.6851,0.45886
I_coletra_s0,I_coletra,12,0,Q2,51,7686,2661,0.83047,0.84488,0.84723,0.84254
I_coletra_s0,I_coletra,12,0,Q3,5,7976,2374,0.90223,0.9533,0.93357,0.97388
I_coletra_s0,I_coletra,12,0,Q4_clearest,0,6087,1526,0.95639,0.99461,0.99185,0.99738
I_coletra_s0,I_coletra,12,20,Q1_dimmest,215,6741,2151,0.56482,0.54493,0.6995,0.4463
I_coletra_s0,I_coletra,12,20,Q2,44,7686,2661,0.82898,0.84133,0.85084,0.83202
I_coletra_s0,I_coletra,12,20,Q3,5,7976,2374,0.90236,0.95407,0.93543,0.97346
I_coletra_s0,I_coletra,12,20,Q4_clearest,0,6087,1526,0.95639,0.99461,0.99185,0.99738
I_coletra_s0,I_coletra,13,0,Q1_dimmest,260,8947,3161,0.5371,0.48405,0.64989,0.38564
I_coletra_s0,I_coletra,13,0,Q2,61,7970,2798,0.82555,0.81948,0.80731,0.83202
I_coletra_s0,I_coletra,13,0,Q3,6,7295,2120,0.91785,0.96346,0.94773,0.97972
I_coletra_s0,I_coletra,13,0,Q4_clearest,1,8047,2107,0.97541,0.99812,0.99672,0.99953
I_coletra_s0,I_coletra,13,20,Q1_dimmest,242,8947,3161,0.53531,0.47892,0.658,0.37646
I_coletra_s0,I_coletra,13,20,Q2,55,7970,2798,0.82396,0.81513,0.80766,0.82273
I_coletra_s0,I_coletra,13,20,Q3,4,7295,2120,0.91783,0.96366,0.94856,0.97925
I_coletra_s0,I_coletra,13,20,Q4_clearest,1,8047,2107,0.97541,0.99812,0.99672,0.99953
I_coletra_s0,I_coletra,14,0,Q1_dimmest,209,4886,1623,0.50848,0.49152,0.54725,0.44609
I_coletra_s0,I_coletra,14,0,Q2,51,6453,2243,0.80886,0.81422,0.78041,0.85109
I_coletra_s0,I_coletra,14,0,Q3,1,8104,2470,0.88831,0.94931,0.90852,0.99393
I_coletra_s0,I_coletra,14,0,Q4_clearest,0,7234,2022,0.95157,0.99579,0.99161,1.0
I_coletra_s0,I_coletra,14,20,Q1_dimmest,184,4886,1623,0.50973,0.49496,0.58405,0.42945
I_coletra_s0,I_coletra,14,20,Q2,46,6453,2243,0.80732,0.81149,0.78843,0.83593
I_coletra_s0,I_coletra,14,20,Q3,1,8104,2470,0.88913,0.9524,0.91454,0.99352
I_coletra_s0,I_coletra,14,20,Q4_clearest,0,7234,2022,0.95157,0.99579,0.99161,1.0
I_coletra_s0,I_coletra,15,0,Q1_dimmest,166,4357,1638,0.5044,0.50077,0.59171,0.43407
I_coletra_s0,I_coletra,15,0,Q2,24,5141,1751,0.78962,0.80649,0.74183,0.8835
I_coletra_s0,I_coletra,15,0,Q3,1,6066,1760,0.8652,0.94679,0.90266,0.99545
I_coletra_s0,I_coletra,15,0,Q4_clearest,0,8050,2502,0.93904,0.99145,0.98304,1.0
I_coletra_s0,I_coletra,15,20,Q1_dimmest,151,4357,1638,0.5,0.48858,0.59358,0.41514
I_coletra_s0,I_coletra,15,20,Q2,21,5141,1751,0.78893,0.8059,0.74696,0.87493
I_coletra_s0,I_coletra,15,20,Q3,1,6066,1760,0.86549,0.94671,0.90393,0.99375
I_coletra_s0,I_coletra,15,20,Q4_clearest,0,8050,2502,0.93969,0.99318,0.98646,1.0
I_coletra_s0,I_coletra,16,0,Q1_dimmest,254,6445,1959,0.55892,0.60268,0.79594,0.48494
I_coletra_s0,I_coletra,16,0,Q2,52,6977,2256,0.85407,0.89096,0.91137,0.87145
I_coletra_s0,I_coletra,16,0,Q3,1,7630,2131,0.89992,0.96767,0.9462,0.99015
I_coletra_s0,I_coletra,16,0,Q4_clearest,2,8739,2466,0.94122,0.98913,0.98084,0.99757
I_coletra_s0,I_coletra,16,20,Q1_dimmest,238,6445,1959,0.55487,0.59723,0.82318,0.46861
I_coletra_s0,I_coletra,16,20,Q2,48,6977,2256,0.85429,0.89149,0.92289,0.86215
I_coletra_s0,I_coletra,16,20,Q3,1,7630,2131,0.90145,0.97253,0.95596,0.98968
I_coletra_s0,I_coletra,16,20,Q4_clearest,2,8739,2466,0.94132,0.98953,0.98162,0.99757
I_coletra_s0,I_coletra,17,0,Q1_dimmest,235,7862,2585,0.58096,0.58492,0.7838,0.46654
I_coletra_s0,I_coletra,17,0,Q2,36,7104,2140,0.85443,0.89627,0.91026,0.88271
I_coletra_s0,I_coletra,17,0,Q3,3,7222,1826,0.90831,0.97842,0.96802,0.98905
I_coletra_s0,I_coletra,17,0,Q4_clearest,0,5664,1433,0.92906,0.99255,0.98793,0.99721
I_coletra_s0,I_coletra,17,20,Q1_dimmest,217,7862,2585,0.57857,0.58069,0.81111,0.45222
I_coletra_s0,I_coletra,17,20,Q2,31,7104,2140,0.85498,0.89816,0.92598,0.87196
I_coletra_s0,I_coletra,17,20,Q3,2,7222,1826,0.90774,0.97727,0.96788,0.98686
I_coletra_s0,I_coletra,17,20,Q4_clearest,0,5664,1433,0.92906,0.99255,0.98793,0.99721
I_coletra_s0,I_coletra,18,0,Q1_dimmest,186,4966,1759,0.60902,0.60419,0.73175,0.5145
I_coletra_s0,I_coletra,18,0,Q2,40,6044,1968,0.8217,0.88209,0.88004,0.88415
I_coletra_s0,I_coletra,18,0,Q3,1,7429,2081,0.8538,0.96926,0.9455,0.99423
I_coletra_s0,I_coletra,18,0,Q4_clearest,0,7705,1851,0.89723,0.98795,0.97619,1.0
I_coletra_s0,I_coletra,18,20,Q1_dimmest,179,4966,1759,0.60851,0.60844,0.75532,0.50938
I_coletra_s0,I_coletra,18,20,Q2,36,6044,1968,0.82068,0.882,0.88548,0.87856
I_coletra_s0,I_coletra,18,20,Q3,1,7429,2081,0.85461,0.97276,0.95264,0.99375
I_coletra_s0,I_coletra,18,20,Q4_clearest,0,7705,1851,0.8978,0.98951,0.97923,1.0
I_coletra_s0,I_coletra,19,0,Q1_dimmest,158,3731,1722,0.62468,0.63834,0.74977,0.55575
I_coletra_s0,I_coletra,19,0,Q2,24,6957,2067,0.82323,0.87513,0.83193,0.92308
I_coletra_s0,I_coletra,19,0,Q3,3,8771,2610,0.90002,0.97343,0.9563,0.99119
I_coletra_s0,I_coletra,19,0,Q4_clearest,0,7909,2077,0.96263,0.99586,0.9927,0.99904
I_coletra_s0,I_coletra,19,20,Q1_dimmest,144,3731,1722,0.62064,0.63627,0.76945,0.54239
I_coletra_s0,I_coletra,19,20,Q2,22,6957,2067,0.82601,0.88441,0.8534,0.91776
I_coletra_s0,I_coletra,19,20,Q3,3,8771,2610,0.90034,0.97533,0.96069,0.99042
I_coletra_s0,I_coletra,19,20,Q4_clearest,0,7909,2077,0.96263,0.99586,0.9927,0.99904
I_coletra_s0,I_coletra,20,0,Q1_dimmest,207,5411,1924,0.61802,0.62803,0.67828,0.58472
I_coletra_s0,I_coletra,20,0,Q2,31,7210,2225,0.82025,0.88496,0.84306,0.93124
I_coletra_s0,I_coletra,20,0,Q3,3,6951,2027,0.8706,0.96043,0.93159,0.99112
I_coletra_s0,I_coletra,20,0,Q4_clearest,1,4693,1197,0.94105,0.9891,0.98085,0.99749
I_coletra_s0,I_coletra,20,20,Q1_dimmest,189,5411,1924,0.61518,0.62403,0.6899,0.56965
I_coletra_s0,I_coletra,20,20,Q2,30,7210,2225,0.82092,0.88852,0.85952,0.91955
I_coletra_s0,I_coletra,20,20,Q3,2,6951,2027,0.87298,0.96777,0.94595,0.99063
I_coletra_s0,I_coletra,20,20,Q4_clearest,1,4693,1197,0.94105,0.9891,0.98085,0.99749
I_coletra_s1,I_coletra,01,0,Q1_dimmest,209,4597,1791,0.5724,0.5511,0.61175,0.5014
I_coletra_s1,I_coletra,01,0,Q2,61,6946,2500,0.79553,0.85072,0.82828,0.8744
I_coletra_s1,I_coletra,01,0,Q3,12,8473,2538,0.86682,0.96257,0.95141,0.974
I_coletra_s1,I_coletra,01,0,Q4_clearest,0,9424,2483,0.927,0.99105,0.98381,0.99839
I_coletra_s1,I_coletra,01,20,Q1_dimmest,190,4597,1791,0.5699,0.54958,0.6262,0.48967
I_coletra_s1,I_coletra,01,20,Q2,56,6946,2500,0.7945,0.8475,0.83273,0.8628
I_coletra_s1,I_coletra,01,20,Q3,11,8473,2538,0.86668,0.96356,0.95639,0.97084
I_coletra_s1,I_coletra,01,20,Q4_clearest,0,9424,2483,0.927,0.99105,0.98381,0.99839
I_coletra_s1,I_coletra,02,0,Q1_dimmest,223,5691,1790,0.49381,0.43071,0.50211,0.37709
I_coletra_s1,I_coletra,02,0,Q2,50,6606,1861,0.81117,0.78891,0.75918,0.82106
I_coletra_s1,I_coletra,02,0,Q3,2,8662,2260,0.90541,0.96251,0.94066,0.9854
I_coletra_s1,I_coletra,02,0,Q4_clearest,0,12831,3378,0.96277,0.99413,0.98833,1.0
I_coletra_s1,I_coletra,02,20,Q1_dimmest,209,5691,1790,0.493,0.43002,0.52134,0.36592
I_coletra_s1,I_coletra,02,20,Q2,44,6606,1861,0.81012,0.7849,0.7615,0.80978
I_coletra_s1,I_coletra,02,20,Q3,2,8662,2260,0.90592,0.96443,0.94515,0.98451
I_coletra_s1,I_coletra,02,20,Q4_clearest,0,12831,3378,0.96298,0.9947,0.98946,1.0
I_coletra_s1,I_coletra,03,0,Q1_dimmest,263,10358,3377,0.49718,0.45037,0.58989,0.36423
I_coletra_s1,I_coletra,03,0,Q2,32,9353,2708,0.83047,0.85227,0.86636,0.83863
I_coletra_s1,I_coletra,03,0,Q3,11,8095,2089,0.92903,0.96802,0.97198,0.9641
I_coletra_s1,I_coletra,03,0,Q4_clearest,1,5087,1047,0.98449,0.99772,0.99735,0.99809
I_coletra_s1,I_coletra,03,20,Q1_dimmest,226,10358,3377,0.49273,0.43985,0.61704,0.34172
I_coletra_s1,I_coletra,03,20,Q2,28,9353,2708,0.82967,0.8523,0.87693,0.82903
I_coletra_s1,I_coletra,03,20,Q3,11,8095,2089,0.92968,0.96993,0.97632,0.96362
I_coletra_s1,I_coletra,03,20,Q4_clearest,1,5087,1047,0.98449,0.99772,0.99735,0.99809
I_coletra_s1,I_coletra,04,0,Q1_dimmest,220,7750,3035,0.48688,0.41843,0.61795,0.31631
I_coletra_s1,I_coletra,04,0,Q2,30,6017,1865,0.81878,0.82406,0.81101,0.83753
I_coletra_s1,I_coletra,04,0,Q3,6,6293,1680,0.91948,0.96821,0.9575,0.97917
I_coletra_s1,I_coletra,04,0,Q4_clearest,0,10294,2346,0.97421,0.99094,0.98411,0.99787
I_coletra_s1,I_coletra,04,20,Q1_dimmest,200,7750,3035,0.48533,0.41771,0.63301,0.3117
I_coletra_s1,I_coletra,04,20,Q2,25,6017,1865,0.81782,0.82042,0.81413,0.82681
I_coletra_s1,I_coletra,04,20,Q3,4,6293,1680,0.91971,0.96875,0.96085,0.97679
I_coletra_s1,I_coletra,04,20,Q4_clearest,0,10294,2346,0.97421,0.99094,0.98411,0.99787
I_coletra_s1,I_coletra,05,0,Q1_dimmest,290,9685,3539,0.45839,0.36869,0.62716,0.26109
I_coletra_s1,I_coletra,05,0,Q2,38,7440,2198,0.85863,0.85064,0.87401,0.82848
I_coletra_s1,I_coletra,05,0,Q3,2,7606,2186,0.93804,0.98364,0.97921,0.98811
I_coletra_s1,I_coletra,05,0,Q4_clearest,0,6179,1663,0.97513,0.99766,0.99712,0.9982
I_coletra_s1,I_coletra,05,20,Q1_dimmest,271,9685,3539,0.45369,0.35747,0.63564,0.24866
I_coletra_s1,I_coletra,05,20,Q2,33,7440,2198,0.8573,0.84685,0.87675,0.81893
I_coletra_s1,I_coletra,05,20,Q3,1,7606,2186,0.93758,0.98271,0.97917,0.98628
I_coletra_s1,I_coletra,05,20,Q4_clearest,0,6179,1663,0.97513,0.99766,0.99712,0.9982
I_coletra_s1,I_coletra,06,0,Q1_dimmest,324,10790,3981,0.48828,0.44669,0.68424,0.33157
I_coletra_s1,I_coletra,06,0,Q2,42,7933,2378,0.84469,0.83526,0.88848,0.78806
I_coletra_s1,I_coletra,06,0,Q3,2,7891,2229,0.95098,0.98554,0.98143,0.98968
I_coletra_s1,I_coletra,06,0,Q4_clearest,1,5502,1401,0.9773,0.99751,0.99859,0.99643
I_coletra_s1,I_coletra,06,20,Q1_dimmest,295,10790,3981,0.4839,0.43766,0.70289,0.31776
I_coletra_s1,I_coletra,06,20,Q2,38,7933,2378,0.84178,0.82733,0.89391,0.76997
I_coletra_s1,I_coletra,06,20,Q3,1,7891,2229,0.95103,0.98551,0.98227,0.98878
I_coletra_s1,I_coletra,06,20,Q4_clearest,1,5502,1401,0.97738,0.99786,0.9993,0.99643
I_coletra_s1,I_coletra,07,0,Q1_dimmest,229,8316,2808,0.47888,0.42771,0.69574,0.30876
I_coletra_s1,I_coletra,07,0,Q2,47,7149,2172,0.83293,0.82986,0.88017,0.78499
I_coletra_s1,I_coletra,07,0,Q3,8,7254,1955,0.92588,0.97388,0.9708,0.97698
I_coletra_s1,I_coletra,07,0,Q4_clearest,0,7433,2033,0.97262,0.99686,0.99521,0.99852
I_coletra_s1,I_coletra,07,20,Q1_dimmest,205,8316,2808,0.47407,0.41219,0.71299,0.28989
I_coletra_s1,I_coletra,07,20,Q2,35,7149,2172,0.83163,0.8263,0.88627,0.77394
I_coletra_s1,I_coletra,07,20,Q3,7,7254,1955,0.92552,0.97278,0.97215,0.9734
I_coletra_s1,I_coletra,07,20,Q4_clearest,0,7433,2033,0.97262,0.99686,0.99521,0.99852
I_coletra_s1,I_coletra,08,0,Q1_dimmest,267,9976,3245,0.50395,0.44216,0.66962,0.33005
I_coletra_s1,I_coletra,08,0,Q2,30,8461,2479,0.85899,0.85915,0.86855,0.84994
I_coletra_s1,I_coletra,08,0,Q3,1,6640,1970,0.93735,0.97734,0.97652,0.97817
I_coletra_s1,I_coletra,08,0,Q4_clearest,0,3312,891,0.9726,0.98986,0.99208,0.98765
I_coletra_s1,I_coletra,08,20,Q1_dimmest,243,9976,3245,0.50168,0.43692,0.68761,0.32018
I_coletra_s1,I_coletra,08,20,Q2,26,8461,2479,0.85781,0.85518,0.87325,0.83784
I_coletra_s1,I_coletra,08,20,Q3,1,6640,1970,0.93728,0.97708,0.97651,0.97766
I_coletra_s1,I_coletra,08,20,Q4_clearest,0,3312,891,0.9726,0.98986,0.99208,0.98765
I_coletra_s1,I_coletra,09,0,Q1_dimmest,261,9368,3406,0.56964,0.55071,0.72514,0.44392
I_coletra_s1,I_coletra,09,0,Q2,31,7639,2383,0.87456,0.90038,0.886,0.91523
I_coletra_s1,I_coletra,09,0,Q3,0,6249,1936,0.93981,0.98601,0.97338,0.99897
I_coletra_s1,I_coletra,09,0,Q4_clearest,0,3485,1001,0.98003,1.0,1.0,1.0
I_coletra_s1,I_coletra,09,20,Q1_dimmest,246,9368,3406,0.56625,0.54468,0.72635,0.4357
I_coletra_s1,I_coletra,09,20,Q2,27,7639,2383,0.87397,0.89927,0.88741,0.91146
I_coletra_s1,I_coletra,09,20,Q3,0,6249,1936,0.93981,0.98601,0.97338,0.99897
I_coletra_s1,I_coletra,09,20,Q4_clearest,0,3485,1001,0.98003,1.0,1.0,1.0
I_coletra_s1,I_coletra,10,0,Q1_dimmest,284,7560,3177,0.51031,0.45336,0.60125,0.36387
I_coletra_s1,I_coletra,10,0,Q2,41,6756,2369,0.83302,0.82685,0.81891,0.83495
I_coletra_s1,I_coletra,10,0,Q3,3,6741,2035,0.91002,0.96857,0.94789,0.99017
I_coletra_s1,I_coletra,10,0,Q4_clearest,0,6099,1556,0.95774,0.99549,0.99228,0.99871
I_coletra_s1,I_coletra,10,20,Q1_dimmest,260,7560,3177,0.50553,0.44109,0.60656,0.34655
I_coletra_s1,I_coletra,10,20,Q2,40,6756,2369,0.83122,0.82241,0.82044,0.8244
I_coletra_s1,I_coletra,10,20,Q3,2,6741,2035,0.90985,0.96806,0.94872,0.98821
I_coletra_s1,I_coletra,10,20,Q4_clearest,0,6099,1556,0.95774,0.99549,0.99228,0.99871
I_coletra_s1,I_coletra,11,0,Q1_dimmest,300,6386,2930,0.45511,0.36932,0.50596,0.29078
I_coletra_s1,I_coletra,11,0,Q2,59,5601,2186,0.7935,0.7583,0.74747,0.76944
I_coletra_s1,I_coletra,11,0,Q3,5,6593,2129,0.87175,0.92259,0.88434,0.9643
I_coletra_s1,I_coletra,11,0,Q4_clearest,2,10959,3211,0.93946,0.98488,0.97198,0.99813
I_coletra_s1,I_coletra,11,20,Q1_dimmest,260,6386,2930,0.44554,0.34737,0.51222,0.2628
I_coletra_s1,I_coletra,11,20,Q2,50,5601,2186,0.78891,0.74588,0.75074,0.74108
I_coletra_s1,I_coletra,11,20,Q3,4,6593,2129,0.87209,0.92431,0.89031,0.96101
I_coletra_s1,I_coletra,11,20,Q4_clearest,1,10959,3211,0.93946,0.98488,0.97198,0.99813
I_coletra_s1,I_coletra,12,0,Q1_dimmest,242,6741,2151,0.56706,0.54825,0.67385,0.46211
I_coletra_s1,I_coletra,12,0,Q2,56,7686,2661,0.83378,0.84507,0.8431,0.84705
I_coletra_s1,I_coletra,12,0,Q3,4,7976,2374,0.90695,0.96137,0.94521,0.9781
I_coletra_s1,I_coletra,12,0,Q4_clearest,0,6087,1526,0.95652,0.99433,0.98872,1.0
I_coletra_s1,I_coletra,12,20,Q1_dimmest,227,6741,2151,0.56562,0.54688,0.69353,0.45142
I_coletra_s1,I_coletra,12,20,Q2,48,7686,2661,0.83203,0.83962,0.84619,0.83315
I_coletra_s1,I_coletra,12,20,Q3,4,7976,2374,0.90682,0.96114,0.94516,0.97767
I_coletra_s1,I_coletra,12,20,Q4_clearest,0,6087,1526,0.95652,0.99433,0.98872,1.0
I_coletra_s1,I_coletra,13,0,Q1_dimmest,270,8947,3161,0.54973,0.49607,0.63391,0.40747
I_coletra_s1,I_coletra,13,0,Q2,61,7970,2798,0.83017,0.82372,0.818,0.82952
I_coletra_s1,I_coletra,13,0,Q3,4,7295,2120,0.92231,0.96989,0.95576,0.98443
I_coletra_s1,I_coletra,13,0,Q4_clearest,0,8047,2107,0.97566,0.99698,0.99399,1.0
I_coletra_s1,I_coletra,13,20,Q1_dimmest,253,8947,3161,0.54798,0.49197,0.6441,0.39798
I_coletra_s1,I_coletra,13,20,Q2,54,7970,2798,0.82886,0.8208,0.81924,0.82237
I_coletra_s1,I_coletra,13,20,Q3,3,7295,2120,0.92243,0.97034,0.95664,0.98443
I_coletra_s1,I_coletra,13,20,Q4_clearest,0,8047,2107,0.97578,0.99745,0.99491,1.0
I_coletra_s1,I_coletra,14,0,Q1_dimmest,207,4886,1623,0.51459,0.49548,0.54253,0.45595
I_coletra_s1,I_coletra,14,0,Q2,57,6453,2243,0.80881,0.8007,0.76608,0.83861
I_coletra_s1,I_coletra,14,0,Q3,2,8104,2470,0.89224,0.95683,0.92486,0.99109
I_coletra_s1,I_coletra,14,0,Q4_clearest,0,7234,2022,0.95121,0.99583,0.9917,1.0
I_coletra_s1,I_coletra,14,20,Q1_dimmest,184,4886,1623,0.51869,0.50685,0.59666,0.44054
I_coletra_s1,I_coletra,14,20,Q2,53,6453,2243,0.80764,0.79859,0.77678,0.82167
I_coletra_s1,I_coletra,14,20,Q3,2,8104,2470,0.89286,0.95796,0.92911,0.98866
I_coletra_s1,I_coletra,14,20,Q4_clearest,0,7234,2022,0.95121,0.99583,0.9917,1.0
I_coletra_s1,I_coletra,15,0,Q1_dimmest,179,4357,1638,0.50824,0.49076,0.5854,0.42247
I_coletra_s1,I_coletra,15,0,Q2,28,5141,1751,0.79342,0.81429,0.76993,0.86408
I_coletra_s1,I_coletra,15,0,Q3,3,6066,1760,0.86846,0.94978,0.91828,0.98352
I_coletra_s1,I_coletra,15,0,Q4_clearest,0,8050,2502,0.93925,0.99399,0.98805,1.0
I_coletra_s1,I_coletra,15,20,Q1_dimmest,163,4357,1638,0.5054,0.48602,0.60268,0.4072
I_coletra_s1,I_coletra,15,20,Q2,25,5141,1751,0.79143,0.809,0.76913,0.85323
I_coletra_s1,I_coletra,15,20,Q3,3,6066,1760,0.86886,0.95165,0.92278,0.98239
I_coletra_s1,I_coletra,15,20,Q4_clearest,0,8050,2502,0.93969,0.99476,0.98958,1.0
I_coletra_s1,I_coletra,16,0,Q1_dimmest,276,6445,1959,0.55558,0.5821,0.77367,0.46656
I_coletra_s1,I_coletra,16,0,Q2,49,6977,2256,0.85127,0.88717,0.91023,0.86525
I_coletra_s1,I_coletra,16,0,Q3,2,7630,2131,0.89567,0.96688,0.94512,0.98968
I_coletra_s1,I_coletra,16,0,Q4_clearest,1,8739,2466,0.93719,0.98589,0.97256,0.99959
I_coletra_s1,I_coletra,16,20,Q1_dimmest,252,6445,1959,0.54965,0.57194,0.77922,0.45176
I_coletra_s1,I_coletra,16,20,Q2,49,6977,2256,0.8491,0.88252,0.91691,0.85062
I_coletra_s1,I_coletra,16,20,Q3,2,7630,2131,0.89662,0.96957,0.95027,0.98968
I_coletra_s1,I_coletra,16,20,Q4_clearest,1,8739,2466,0.93725,0.98609,0.97294,0.99959
I_coletra_s1,I_coletra,17,0,Q1_dimmest,243,7862,2585,0.5663,0.57451,0.78626,0.45261
I_coletra_s1,I_coletra,17,0,Q2,34,7104,2140,0.8491,0.8895,0.91031,0.86963
I_coletra_s1,I_coletra,17,0,Q3,6,7222,1826,0.90713,0.97757,0.97379,0.98138
I_coletra_s1,I_coletra,17,0,Q4_clearest,0,5664,1433,0.92752,0.98881,0.97921,0.9986
I_coletra_s1,I_coletra,17,20,Q1_dimmest,223,7862,2585,0.56424,0.57132,0.81622,0.43946
I_coletra_s1,I_coletra,17,20,Q2,29,7104,2140,0.84883,0.89047,0.92501,0.85841
I_coletra_s1,I_coletra,17,20,Q3,6,7222,1826,0.90635,0.97695,0.97417,0.97974
I_coletra_s1,I_coletra,17,20,Q4_clearest,0,5664,1433,0.92699,0.98811,0.97917,0.99721
I_coletra_s1,I_coletra,18,0,Q1_dimmest,195,4966,1759,0.61117,0.60476,0.73458,0.51393
I_coletra_s1,I_coletra,18,0,Q2,37,6044,1968,0.82678,0.88175,0.88446,0.87907
I_coletra_s1,I_coletra,18,0,Q3,4,7429,2081,0.8524,0.96939,0.94664,0.99327
I_coletra_s1,I_coletra,18,0,Q4_clearest,0,7705,1851,0.89194,0.98504,0.97053,1.0
I_coletra_s1,I_coletra,18,20,Q1_dimmest,191,4966,1759,0.60882,0.60393,0.73917,0.51052
I_coletra_s1,I_coletra,18,20,Q2,37,6044,1968,0.82588,0.8824,0.88679,0.87805
I_coletra_s1,I_coletra,18,20,Q3,4,7429,2081,0.85337,0.97349,0.95449,0.99327
I_coletra_s1,I_coletra,18,20,Q4_clearest,0,7705,1851,0.89236,0.9866,0.97355,1.0
I_coletra_s1,I_coletra,19,0,Q1_dimmest,151,3731,1722,0.62004,0.63132,0.74309,0.54878
I_coletra_s1,I_coletra,19,0,Q2,30,6957,2067,0.81603,0.86928,0.8245,0.91921
I_coletra_s1,I_coletra,19,0,Q3,1,8771,2610,0.89906,0.9761,0.96075,0.99195
I_coletra_s1,I_coletra,19,0,Q4_clearest,0,7909,2077,0.96159,0.99732,0.9956,0.99904
I_coletra_s1,I_coletra,19,20,Q1_dimmest,136,3731,1722,0.61587,0.62284,0.75709,0.52904
I_coletra_s1,I_coletra,19,20,Q2,27,6957,2067,0.81859,0.88108,0.8552,0.90856
I_coletra_s1,I_coletra,19,20,Q3,0,8771,2610,0.89931,0.97722,0.96656,0.98812
I_coletra_s1,I_coletra,19,20,Q4_clearest,0,7909,2077,0.96159,0.99732,0.9956,0.99904
I_coletra_s1,I_coletra,20,0,Q1_dimmest,206,5411,1924,0.59982,0.59536,0.65121,0.54834
I_coletra_s1,I_coletra,20,0,Q2,34,7210,2225,0.81567,0.87571,0.83848,0.9164
I_coletra_s1,I_coletra,20,0,Q3,1,6951,2027,0.87082,0.96209,0.93339,0.9926
I_coletra_s1,I_coletra,20,0,Q4_clearest,1,4693,1197,0.93732,0.98384,0.97056,0.99749
I_coletra_s1,I_coletra,20,20,Q1_dimmest,190,5411,1924,0.59707,0.59233,0.66693,0.53274
I_coletra_s1,I_coletra,20,20,Q2,29,7210,2225,0.81454,0.87667,0.84794,0.90742
I_coletra_s1,I_coletra,20,20,Q3,1,6951,2027,0.8712,0.96355,0.93659,0.99211
I_coletra_s1,I_coletra,20,20,Q4_clearest,1,4693,1197,0.93732,0.98384,0.97056,0.99749
I_coletra_s2,I_coletra,01,0,Q1_dimmest,219,4597,1791,0.58195,0.56752,0.59403,0.54327
I_coletra_s2,I_coletra,01,0,Q2,54,6946,2500,0.80253,0.85443,0.81066,0.9032
I_coletra_s2,I_coletra,01,0,Q3,9,8473,2538,0.86784,0.96227,0.94306,0.98227
I_coletra_s2,I_coletra,01,0,Q4_clearest,0,9424,2483,0.92588,0.99091,0.98354,0.99839
I_coletra_s2,I_coletra,01,20,Q1_dimmest,203,4597,1791,0.58273,0.57163,0.61088,0.53713
I_coletra_s2,I_coletra,01,20,Q2,50,6946,2500,0.8007,0.85125,0.8134,0.8928
I_coletra_s2,I_coletra,01,20,Q3,7,8473,2538,0.86808,0.96367,0.94907,0.97872
I_coletra_s2,I_coletra,01,20,Q4_clearest,0,9424,2483,0.92588,0.99091,0.98354,0.99839
I_coletra_s2,I_coletra,02,0,Q1_dimmest,238,5691,1790,0.49683,0.46203,0.51748,0.41732
I_coletra_s2,I_coletra,02,0,Q2,38,6606,1861,0.81294,0.80423,0.7567,0.85814
I_coletra_s2,I_coletra,02,0,Q3,4,8662,2260,0.90791,0.96021,0.93588,0.98584
I_coletra_s2,I_coletra,02,0,Q4_clearest,0,12831,3378,0.96389,0.99396,0.988,1.0
I_coletra_s2,I_coletra,02,20,Q1_dimmest,219,5691,1790,0.49404,0.45565,0.52929,0.4
I_coletra_s2,I_coletra,02,20,Q2,33,6606,1861,0.81068,0.79597,0.75643,0.83987
I_coletra_s2,I_coletra,02,20,Q3,3,8662,2260,0.9082,0.96148,0.9387,0.9854
I_coletra_s2,I_coletra,02,20,Q4_clearest,0,12831,3378,0.96396,0.99425,0.98856,1.0
I_coletra_s2,I_coletra,03,0,Q1_dimmest,281,10358,3377,0.48363,0.44409,0.58786,0.35683
I_coletra_s2,I_coletra,03,0,Q2,43,9353,2708,0.82144,0.84298,0.84401,0.84195
I_coletra_s2,I_coletra,03,0,Q3,10,8095,2089,0.92993,0.9662,0.9727,0.95979
I_coletra_s2,I_coletra,03,0,Q4_clearest,0,5087,1047,0.98587,0.99616,1.0,0.99236
I_coletra_s2,I_coletra,03,20,Q1_dimmest,219,10358,3377,0.47303,0.41761,0.61344,0.31655
I_coletra_s2,I_coletra,03,20,Q2,32,9353,2708,0.81982,0.83755,0.8561,0.81979
I_coletra_s2,I_coletra,03,20,Q3,10,8095,2089,0.92932,0.96516,0.97306,0.9574
I_coletra_s2,I_coletra,03,20,Q4_clearest,0,5087,1047,0.98587,0.99616,1.0,0.99236
I_coletra_s2,I_coletra,04,0,Q1_dimmest,216,7750,3035,0.49804,0.43754,0.61668,0.33904
I_coletra_s2,I_coletra,04,0,Q2,33,6017,1865,0.82213,0.83214,0.80978,0.85576
I_coletra_s2,I_coletra,04,0,Q3,5,6293,1680,0.91803,0.96611,0.94947,0.98333
I_coletra_s2,I_coletra,04,0,Q4_clearest,1,10294,2346,0.97397,0.99189,0.98599,0.99787
I_coletra_s2,I_coletra,04,20,Q1_dimmest,201,7750,3035,0.4947,0.43121,0.61681,0.33147
I_coletra_s2,I_coletra,04,20,Q2,25,6017,1865,0.82164,0.83049,0.81346,0.84826
I_coletra_s2,I_coletra,04,20,Q3,4,6293,1680,0.91729,0.96328,0.95128,0.9756
I_coletra_s2,I_coletra,04,20,Q4_clearest,0,10294,2346,0.97397,0.99189,0.98599,0.99787
I_coletra_s2,I_coletra,05,0,Q1_dimmest,283,9685,3539,0.46299,0.38739,0.61854,0.282
I_coletra_s2,I_coletra,05,0,Q2,35,7440,2198,0.85975,0.85892,0.87008,0.84804
I_coletra_s2,I_coletra,05,0,Q3,2,7606,2186,0.9387,0.98285,0.97587,0.98994
I_coletra_s2,I_coletra,05,0,Q4_clearest,0,6179,1663,0.97521,0.99743,0.99547,0.9994
I_coletra_s2,I_coletra,05,20,Q1_dimmest,256,9685,3539,0.45765,0.37374,0.621,0.26731
I_coletra_s2,I_coletra,05,20,Q2,34,7440,2198,0.85815,0.85449,0.87112,0.83849
I_coletra_s2,I_coletra,05,20,Q3,2,7606,2186,0.93868,0.98283,0.97672,0.98902
I_coletra_s2,I_coletra,05,20,Q4_clearest,0,6179,1663,0.97521,0.99743,0.99547,0.9994
I_coletra_s2,I_coletra,06,0,Q1_dimmest,324,10790,3981,0.4817,0.44257,0.6573,0.33358
I_coletra_s2,I_coletra,06,0,Q2,42,7933,2378,0.84908,0.84229,0.87392,0.81287
I_coletra_s2,I_coletra,06,0,Q3,2,7891,2229,0.95286,0.98647,0.9802,0.99282
I_coletra_s2,I_coletra,06,0,Q4_clearest,0,5502,1401,0.97996,0.99792,0.99584,1.0
I_coletra_s2,I_coletra,06,20,Q1_dimmest,288,10790,3981,0.47657,0.43341,0.6849,0.31701
I_coletra_s2,I_coletra,06,20,Q2,34,7933,2378,0.84544,0.83285,0.87989,0.79058
I_coletra_s2,I_coletra,06,20,Q3,1,7891,2229,0.95254,0.98511,0.98015,0.99013
I_coletra_s2,I_coletra,06,20,Q4_clearest,0,5502,1401,0.97996,0.99792,0.99584,1.0
I_coletra_s2,I_coletra,07,0,Q1_dimmest,214,8316,2808,0.48272,0.44592,0.72883,0.32123
I_coletra_s2,I_coletra,07,0,Q2,39,7149,2172,0.83514,0.83739,0.87493,0.80295
I_coletra_s2,I_coletra,07,0,Q3,3,7254,1955,0.92456,0.9729,0.96635,0.97954
I_coletra_s2,I_coletra,07,0,Q4_clearest,1,7433,2033,0.97281,0.99635,0.99516,0.99754
I_coletra_s2,I_coletra,07,20,Q1_dimmest,185,8316,2808,0.47485,0.4286,0.76014,0.29843
I_coletra_s2,I_coletra,07,20,Q2,32,7149,2172,0.83313,0.83093,0.882,0.78545
I_coletra_s2,I_coletra,07,20,Q3,3,7254,1955,0.92429,0.97231,0.96719,0.97749
I_coletra_s2,I_coletra,07,20,Q4_clearest,0,7433,2033,0.97275,0.9961,0.99516,0.99705
I_coletra_s2,I_coletra,08,0,Q1_dimmest,281,9976,3245,0.52565,0.47714,0.67127,0.37011
I_coletra_s2,I_coletra,08,0,Q2,25,8461,2479,0.86514,0.86745,0.86682,0.86809
I_coletra_s2,I_coletra,08,0,Q3,0,6640,1970,0.937,0.97641,0.97214,0.98071
I_coletra_s2,I_coletra,08,0,Q4_clearest,0,3312,891,0.97347,0.98767,0.98656,0.98878
I_coletra_s2,I_coletra,08,20,Q1_dimmest,258,9976,3245,0.52239,0.46955,0.68741,0.35655
I_coletra_s2,I_coletra,08,20,Q2,22,8461,2479,0.86463,0.86635,0.86905,0.86365
I_coletra_s2,I_coletra,08,20,Q3,0,6640,1970,0.93691,0.97664,0.9726,0.98071
I_coletra_s2,I_coletra,08,20,Q4_clearest,0,3312,891,0.97405,0.98933,0.98989,0.98878
I_coletra_s2,I_coletra,09,0,Q1_dimmest,264,9368,3406,0.56344,0.5525,0.69611,0.45802
I_coletra_s2,I_coletra,09,0,Q2,24,7639,2383,0.87302,0.89657,0.87331,0.92111
I_coletra_s2,I_coletra,09,0,Q3,0,6249,1936,0.93971,0.98308,0.96721,0.99948
I_coletra_s2,I_coletra,09,0,Q4_clearest,0,3485,1001,0.9803,0.99951,0.99903,1.0
I_coletra_s2,I_coletra,09,20,Q1_dimmest,239,9368,3406,0.55955,0.54478,0.70717,0.44304
I_coletra_s2,I_coletra,09,20,Q2,23,7639,2383,0.87225,0.8947,0.87699,0.91313
I_coletra_s2,I_coletra,09,20,Q3,0,6249,1936,0.93978,0.98333,0.96769,0.99948
I_coletra_s2,I_coletra,09,20,Q4_clearest,0,3485,1001,0.9803,0.99951,0.99903,1.0
I_coletra_s2,I_coletra,10,0,Q1_dimmest,299,7560,3177,0.50751,0.44745,0.55976,0.37268
I_coletra_s2,I_coletra,10,0,Q2,51,6756,2369,0.82981,0.82307,0.7999,0.84762
I_coletra_s2,I_coletra,10,0,Q3,1,6741,2035,0.91158,0.96905,0.94835,0.99066
I_coletra_s2,I_coletra,10,0,Q4_clearest,0,6099,1556,0.95896,0.99447,0.98964,0.99936
I_coletra_s2,I_coletra,10,20,Q1_dimmest,282,7560,3177,0.5053,0.44314,0.56812,0.36324
I_coletra_s2,I_coletra,10,20,Q2,44,6756,2369,0.82913,0.82174,0.80348,0.84086
I_coletra_s2,I_coletra,10,20,Q3,1,6741,2035,0.91142,0.96902,0.94875,0.99017
I_coletra_s2,I_coletra,10,20,Q4_clearest,0,6099,1556,0.95896,0.99447,0.98964,0.99936
I_coletra_s2,I_coletra,11,0,Q1_dimmest,311,6386,2930,0.46044,0.39648,0.54386,0.31195
I_coletra_s2,I_coletra,11,0,Q2,52,5601,2186,0.79167,0.76282,0.74146,0.78545
I_coletra_s2,I_coletra,11,0,Q3,10,6593,2129,0.87144,0.92113,0.88603,0.95914
I_coletra_s2,I_coletra,11,0,Q4_clearest,0,10959,3211,0.94148,0.98301,0.96746,0.99907
I_coletra_s2,I_coletra,11,20,Q1_dimmest,284,6386,2930,0.45455,0.38321,0.54827,0.29454
I_coletra_s2,I_coletra,11,20,Q2,46,5601,2186,0.79016,0.75954,0.74645,0.7731
I_coletra_s2,I_coletra,11,20,Q3,7,6593,2129,0.87127,0.92085,0.88751,0.95679
I_coletra_s2,I_coletra,11,20,Q4_clearest,0,10959,3211,0.94176,0.98347,0.96836,0.99907
I_coletra_s2,I_coletra,12,0,Q1_dimmest,238,6741,2151,0.57188,0.56246,0.67587,0.48164
I_coletra_s2,I_coletra,12,0,Q2,56,7686,2661,0.83523,0.85036,0.83824,0.86283
I_coletra_s2,I_coletra,12,0,Q3,1,7976,2374,0.9083,0.96088,0.94076,0.98189
I_coletra_s2,I_coletra,12,0,Q4_clearest,0,6087,1526,0.95591,0.99461,0.98928,1.0
I_coletra_s2,I_coletra,12,20,Q1_dimmest,217,6741,2151,0.56645,0.55321,0.67898,0.46676
I_coletra_s2,I_coletra,12,20,Q2,50,7686,2661,0.83294,0.84485,0.84007,0.84968
I_coletra_s2,I_coletra,12,20,Q3,1,7976,2374,0.90849,0.96202,0.94295,0.98189
I_coletra_s2,I_coletra,12,20,Q4_clearest,0,6087,1526,0.95591,0.99461,0.98928,1.0
I_coletra_s2,I_coletra,13,0,Q1_dimmest,270,8947,3161,0.54218,0.50202,0.64651,0.41031
I_coletra_s2,I_coletra,13,0,Q2,66,7970,2798,0.82992,0.82485,0.80738,0.8431
I_coletra_s2,I_coletra,13,0,Q3,3,7295,2120,0.92594,0.96885,0.95155,0.98679
I_coletra_s2,I_coletra,13,0,Q4_clearest,0,8047,2107,0.97698,0.99859,0.99719,1.0
I_coletra_s2,I_coletra,13,20,Q1_dimmest,243,8947,3161,0.53968,0.49664,0.66122,0.39766
I_coletra_s2,I_coletra,13,20,Q2,58,7970,2798,0.82995,0.82401,0.81581,0.83238
I_coletra_s2,I_coletra,13,20,Q3,2,7295,2120,0.92593,0.96884,0.95196,0.98632
I_coletra_s2,I_coletra,13,20,Q4_clearest,0,8047,2107,0.97698,0.99859,0.99719,1.0
I_coletra_s2,I_coletra,14,0,Q1_dimmest,215,4886,1623,0.51702,0.50091,0.5409,0.46642
I_coletra_s2,I_coletra,14,0,Q2,51,6453,2243,0.80823,0.80852,0.75902,0.86491
I_coletra_s2,I_coletra,14,0,Q3,3,8104,2470,0.89022,0.95238,0.91796,0.98947
I_coletra_s2,I_coletra,14,0,Q4_clearest,0,7234,2022,0.95189,0.99489,0.98984,1.0
I_coletra_s2,I_coletra,14,20,Q1_dimmest,194,4886,1623,0.51548,0.49854,0.56399,0.4467
I_coletra_s2,I_coletra,14,20,Q2,46,6453,2243,0.80731,0.806,0.76616,0.8502
I_coletra_s2,I_coletra,14,20,Q3,2,8104,2470,0.89075,0.95434,0.92197,0.98907
I_coletra_s2,I_coletra,14,20,Q4_clearest,0,7234,2022,0.95208,0.99562,0.99127,1.0
I_coletra_s2,I_coletra,15,0,Q1_dimmest,175,4357,1638,0.50629,0.5085,0.59196,0.44567
I_coletra_s2,I_coletra,15,0,Q2,24,5141,1751,0.79676,0.82138,0.7619,0.89092
I_coletra_s2,I_coletra,15,0,Q3,2,6066,1760,0.86772,0.95198,0.91309,0.99432
I_coletra_s2,I_coletra,15,0,Q4_clearest,0,8050,2502,0.94023,0.99224,0.98459,1.0
I_coletra_s2,I_coletra,15,20,Q1_dimmest,169,4357,1638,0.5072,0.51031,0.60587,0.44078
I_coletra_s2,I_coletra,15,20,Q2,22,5141,1751,0.79625,0.82039,0.7623,0.88806
I_coletra_s2,I_coletra,15,20,Q3,2,6066,1760,0.86785,0.95252,0.9141,0.99432
I_coletra_s2,I_coletra,15,20,Q4_clearest,0,8050,2502,0.94029,0.99243,0.98497,1.0
I_coletra_s2,I_coletra,16,0,Q1_dimmest,264,6445,1959,0.56389,0.60764,0.76415,0.50434
I_coletra_s2,I_coletra,16,0,Q2,51,6977,2256,0.85536,0.8915,0.90157,0.88165
I_coletra_s2,I_coletra,16,0,Q3,0,7630,2131,0.90031,0.96761,0.94437,0.99202
I_coletra_s2,I_coletra,16,0,Q4_clearest,1,8739,2466,0.93863,0.98607,0.97329,0.99919
I_coletra_s2,I_coletra,16,20,Q1_dimmest,248,6445,1959,0.56256,0.60799,0.78108,0.4977
I_coletra_s2,I_coletra,16,20,Q2,49,6977,2256,0.85587,0.89421,0.91525,0.87411
I_coletra_s2,I_coletra,16,20,Q3,0,7630,2131,0.90086,0.96966,0.94871,0.99155
I_coletra_s2,I_coletra,16,20,Q4_clearest,1,8739,2466,0.93944,0.98784,0.97674,0.99919
I_coletra_s2,I_coletra,17,0,Q1_dimmest,252,7862,2585,0.5799,0.58568,0.77058,0.47234
I_coletra_s2,I_coletra,17,0,Q2,32,7104,2140,0.85434,0.89193,0.90182,0.88224
I_coletra_s2,I_coletra,17,0,Q3,1,7222,1826,0.90933,0.97781,0.96788,0.98795
I_coletra_s2,I_coletra,17,0,Q4_clearest,0,5664,1433,0.93008,0.99352,0.98986,0.99721
I_coletra_s2,I_coletra,17,20,Q1_dimmest,224,7862,2585,0.57313,0.57485,0.78407,0.45377
I_coletra_s2,I_coletra,17,20,Q2,28,7104,2140,0.85194,0.88655,0.90618,0.86776
I_coletra_s2,I_coletra,17,20,Q3,1,7222,1826,0.9091,0.97775,0.96882,0.98686
I_coletra_s2,I_coletra,17,20,Q4_clearest,0,5664,1433,0.93008,0.99352,0.98986,0.99721
I_coletra_s2,I_coletra,18,0,Q1_dimmest,195,4966,1759,0.61408,0.60089,0.70599,0.52302
I_coletra_s2,I_coletra,18,0,Q2,47,6044,1968,0.82622,0.88389,0.87714,0.89075
I_coletra_s2,I_coletra,18,0,Q3,2,7429,2081,0.85475,0.96932,0.94607,0.99375
I_coletra_s2,I_coletra,18,0,Q4_clearest,0,7705,1851,0.89473,0.98519,0.97081,1.0
I_coletra_s2,I_coletra,18,20,Q1_dimmest,187,4966,1759,0.61406,0.60343,0.71949,0.51961
I_coletra_s2,I_coletra,18,20,Q2,40,6044,1968,0.82493,0.88219,0.88226,0.88211
I_coletra_s2,I_coletra,18,20,Q3,2,7429,2081,0.85593,0.97321,0.95528,0.99183
I_coletra_s2,I_coletra,18,20,Q4_clearest,0,7705,1851,0.89587,0.98827,0.97682,1.0
I_coletra_s2,I_coletra,19,0,Q1_dimmest,157,3731,1722,0.62219,0.62773,0.70697,0.56446
I_coletra_s2,I_coletra,19,0,Q2,32,6957,2067,0.81548,0.87039,0.81771,0.93033
I_coletra_s2,I_coletra,19,0,Q3,2,8771,2610,0.89866,0.97278,0.95503,0.99119
I_coletra_s2,I_coletra,19,0,Q4_clearest,0,7909,2077,0.96063,0.99536,0.99171,0.99904
I_coletra_s2,I_coletra,19,20,Q1_dimmest,144,3731,1722,0.61402,0.62143,0.72535,0.54355
I_coletra_s2,I_coletra,19,20,Q2,27,6957,2067,0.81513,0.87252,0.82682,0.92356
I_coletra_s2,I_coletra,19,20,Q3,2,8771,2610,0.89953,0.97563,0.96056,0.99119
I_coletra_s2,I_coletra,19,20,Q4_clearest,0,7909,2077,0.96098,0.99658,0.99413,0.99904
I_coletra_s2,I_coletra,20,0,Q1_dimmest,204,5411,1924,0.61146,0.61182,0.64281,0.58368
I_coletra_s2,I_coletra,20,0,Q2,26,7210,2225,0.81627,0.88189,0.8332,0.93663
I_coletra_s2,I_coletra,20,0,Q3,0,6951,2027,0.8686,0.95483,0.92026,0.99211
I_coletra_s2,I_coletra,20,0,Q4_clearest,0,4693,1197,0.9345,0.98208,0.9719,0.99248
I_coletra_s2,I_coletra,20,20,Q1_dimmest,186,5411,1924,0.60842,0.61094,0.66363,0.56601
I_coletra_s2,I_coletra,20,20,Q2,25,7210,2225,0.81825,0.89116,0.85937,0.92539
I_coletra_s2,I_coletra,20,20,Q3,0,6951,2027,0.87107,0.96316,0.93629,0.99161
I_coletra_s2,I_coletra,20,20,Q4_clearest,0,4693,1197,0.93506,0.98414,0.97593,0.99248
I_coletra_s3,I_coletra,01,0,Q1_dimmest,217,4597,1791,0.57665,0.56136,0.61558,0.51591
I_coletra_s3,I_coletra,01,0,Q2,49,6946,2500,0.80216,0.85258,0.81285,0.8964
I_coletra_s3,I_coletra,01,0,Q3,9,8473,2538,0.86822,0.96042,0.94242,0.97912
I_coletra_s3,I_coletra,01,0,Q4_clearest,0,9424,2483,0.92581,0.99088,0.9831,0.99879
I_coletra_s3,I_coletra,01,20,Q1_dimmest,199,4597,1791,0.57341,0.5586,0.63231,0.50028
I_coletra_s3,I_coletra,01,20,Q2,48,6946,2500,0.80047,0.84991,0.81394,0.8892
I_coletra_s3,I_coletra,01,20,Q3,8,8473,2538,0.8687,0.96244,0.94669,0.97872
I_coletra_s3,I_coletra,01,20,Q4_clearest,0,9424,2483,0.92581,0.99088,0.9831,0.99879
I_coletra_s3,I_coletra,02,0,Q1_dimmest,230,5691,1790,0.48015,0.4428,0.50563,0.39385
I_coletra_s3,I_coletra,02,0,Q2,48,6606,1861,0.80973,0.80187,0.76627,0.84095
I_coletra_s3,I_coletra,02,0,Q3,2,8662,2260,0.90585,0.96457,0.9434,0.98673
I_coletra_s3,I_coletra,02,0,Q4_clearest,0,12831,3378,0.96476,0.99443,0.98892,1.0
I_coletra_s3,I_coletra,02,20,Q1_dimmest,214,5691,1790,0.47869,0.44047,0.52727,0.37821
I_coletra_s3,I_coletra,02,20,Q2,46,6606,1861,0.80832,0.79763,0.76798,0.82966
I_coletra_s3,I_coletra,02,20,Q3,2,8662,2260,0.90607,0.96585,0.94626,0.98628
I_coletra_s3,I_coletra,02,20,Q4_clearest,0,12831,3378,0.9648,0.99457,0.9892,1.0
I_coletra_s3,I_coletra,03,0,Q1_dimmest,255,10358,3377,0.4855,0.45154,0.64097,0.34853
I_coletra_s3,I_coletra,03,0,Q2,39,9353,2708,0.82894,0.84653,0.86885,0.82533
I_coletra_s3,I_coletra,03,0,Q3,7,8095,2089,0.93386,0.9708,0.97761,0.9641
I_coletra_s3,I_coletra,03,0,Q4_clearest,0,5087,1047,0.98651,0.99775,0.99647,0.99904
I_coletra_s3,I_coletra,03,20,Q1_dimmest,232,10358,3377,0.48282,0.44615,0.65768,0.33758
I_coletra_s3,I_coletra,03,20,Q2,33,9353,2708,0.82724,0.84358,0.87425,0.81499
I_coletra_s3,I_coletra,03,20,Q3,7,8095,2089,0.93375,0.97118,0.97935,0.96314
I_coletra_s3,I_coletra,03,20,Q4_clearest,0,5087,1047,0.98651,0.99775,0.99647,0.99904
I_coletra_s3,I_coletra,04,0,Q1_dimmest,231,7750,3035,0.49066,0.43017,0.61599,0.33048
I_coletra_s3,I_coletra,04,0,Q2,24,6017,1865,0.82066,0.83216,0.81079,0.85469
I_coletra_s3,I_coletra,04,0,Q3,3,6293,1680,0.91518,0.96829,0.94926,0.9881
I_coletra_s3,I_coletra,04,0,Q4_clearest,1,10294,2346,0.97306,0.99085,0.98518,0.99659
I_coletra_s3,I_coletra,04,20,Q1_dimmest,215,7750,3035,0.48937,0.42814,0.62888,0.32455
I_coletra_s3,I_coletra,04,20,Q2,23,6017,1865,0.81988,0.83052,0.8145,0.84718
I_coletra_s3,I_coletra,04,20,Q3,2,6293,1680,0.91531,0.96857,0.95035,0.9875
I_coletra_s3,I_coletra,04,20,Q4_clearest,1,10294,2346,0.97306,0.99085,0.98518,0.99659
I_coletra_s3,I_coletra,05,0,Q1_dimmest,291,9685,3539,0.45983,0.38421,0.62014,0.27833
I_coletra_s3,I_coletra,05,0,Q2,25,7440,2198,0.86275,0.8646,0.87696,0.85259
I_coletra_s3,I_coletra,05,0,Q3,1,7606,2186,0.94059,0.98523,0.97967,0.99085
I_coletra_s3,I_coletra,05,0,Q4_clearest,0,6179,1663,0.97629,0.99823,0.99827,0.9982
I_coletra_s3,I_coletra,05,20,Q1_dimmest,268,9685,3539,0.45541,0.37504,0.63297,0.26646
I_coletra_s3,I_coletra,05,20,Q2,22,7440,2198,0.86191,0.86192,0.88267,0.84213
I_coletra_s3,I_coletra,05,20,Q3,1,7606,2186,0.94075,0.98609,0.98183,0.99039
I_coletra_s3,I_coletra,05,20,Q4_clearest,0,6179,1663,0.97629,0.99823,0.99827,0.9982
I_coletra_s3,I_coletra,06,0,Q1_dimmest,342,10790,3981,0.48308,0.45825,0.67393,0.34715
I_coletra_s3,I_coletra,06,0,Q2,37,7933,2378,0.84794,0.83965,0.86492,0.81581
I_coletra_s3,I_coletra,06,0,Q3,1,7891,2229,0.9534,0.98592,0.97824,0.99372
I_coletra_s3,I_coletra,06,0,Q4_clearest,0,5502,1401,0.98031,0.99895,0.99791,1.0
I_coletra_s3,I_coletra,06,20,Q1_dimmest,313,10790,3981,0.48112,0.45366,0.69554,0.3366
I_coletra_s3,I_coletra,06,20,Q2,34,7933,2378,0.84631,0.83555,0.86963,0.80404
I_coletra_s3,I_coletra,06,20,Q3,1,7891,2229,0.95332,0.98565,0.97946,0.99192
I_coletra_s3,I_coletra,06,20,Q4_clearest,0,5502,1401,0.98031,0.99895,0.99791,1.0
I_coletra_s3,I_coletra,07,0,Q1_dimmest,228,8316,2808,0.47274,0.4293,0.70606,0.3084
I_coletra_s3,I_coletra,07,0,Q2,36,7149,2172,0.83215,0.82821,0.87362,0.78729
I_coletra_s3,I_coletra,07,0,Q3,4,7254,1955,0.92523,0.97219,0.96695,0.97749
I_coletra_s3,I_coletra,07,0,Q4_clearest,1,7433,2033,0.97193,0.99437,0.99171,0.99705
I_coletra_s3,I_coletra,07,20,Q1_dimmest,207,8316,2808,0.46695,0.4156,0.71833,0.29238
I_coletra_s3,I_coletra,07,20,Q2,32,7149,2172,0.83127,0.82667,0.88232,0.77762
I_coletra_s3,I_coletra,07,20,Q3,4,7254,1955,0.92554,0.97287,0.9698,0.97596
I_coletra_s3,I_coletra,07,20,Q4_clearest,1,7433,2033,0.97225,0.99486,0.99268,0.99705
I_coletra_s3,I_coletra,08,0,Q1_dimmest,273,9976,3245,0.51704,0.46616,0.67197,0.35686
I_coletra_s3,I_coletra,08,0,Q2,26,8461,2479,0.86717,0.87009,0.87333,0.86688
I_coletra_s3,I_coletra,08,0,Q3,2,6640,1970,0.93885,0.97746,0.97324,0.98173
I_coletra_s3,I_coletra,08,0,Q4_clearest,0,3312,891,0.97538,0.99321,0.99541,0.99102
I_coletra_s3,I_coletra,08,20,Q1_dimmest,235,9976,3245,0.51459,0.45979,0.69849,0.34268
I_coletra_s3,I_coletra,08,20,Q2,18,8461,2479,0.86548,0.86366,0.8774,0.85034
I_coletra_s3,I_coletra,08,20,Q3,2,6640,1970,0.9387,0.9772,0.97321,0.98122
I_coletra_s3,I_coletra,08,20,Q4_clearest,0,3312,891,0.97538,0.99321,0.99541,0.99102
I_coletra_s3,I_coletra,09,0,Q1_dimmest,261,9368,3406,0.56023,0.54273,0.69594,0.4448
I_coletra_s3,I_coletra,09,0,Q2,20,7639,2383,0.8729,0.89532,0.86833,0.92405
I_coletra_s3,I_coletra,09,0,Q3,0,6249,1936,0.94068,0.9858,0.97395,0.99793
I_coletra_s3,I_coletra,09,0,Q4_clearest,0,3485,1001,0.981,1.0,1.0,1.0
I_coletra_s3,I_coletra,09,20,Q1_dimmest,245,9368,3406,0.55848,0.5404,0.70823,0.43688
I_coletra_s3,I_coletra,09,20,Q2,19,7639,2383,0.87231,0.89445,0.87004,0.92027
I_coletra_s3,I_coletra,09,20,Q3,0,6249,1936,0.94068,0.9858,0.97395,0.99793
I_coletra_s3,I_coletra,09,20,Q4_clearest,0,3485,1001,0.981,1.0,1.0,1.0
I_coletra_s3,I_coletra,10,0,Q1_dimmest,288,7560,3177,0.51519,0.47157,0.60614,0.3859
I_coletra_s3,I_coletra,10,0,Q2,38,6756,2369,0.83298,0.82903,0.80703,0.85226
I_coletra_s3,I_coletra,10,0,Q3,1,6741,2035,0.91454,0.96966,0.94817,0.99214
I_coletra_s3,I_coletra,10,0,Q4_clearest,0,6099,1556,0.95918,0.99609,0.99285,0.99936
I_coletra_s3,I_coletra,10,20,Q1_dimmest,266,7560,3177,0.51258,0.46576,0.61396,0.3752
I_coletra_s3,I_coletra,10,20,Q2,33,6756,2369,0.83169,0.82616,0.81118,0.84171
I_coletra_s3,I_coletra,10,20,Q3,1,6741,2035,0.91469,0.97056,0.95081,0.99115
I_coletra_s3,I_coletra,10,20,Q4_clearest,0,6099,1556,0.95926,0.99642,0.99349,0.99936
I_coletra_s3,I_coletra,11,0,Q1_dimmest,305,6386,2930,0.46202,0.40236,0.55045,0.31706
I_coletra_s3,I_coletra,11,0,Q2,54,5601,2186,0.79337,0.76579,0.74585,0.78683
I_coletra_s3,I_coletra,11,0,Q3,10,6593,2129,0.87165,0.91894,0.88438,0.95632
I_coletra_s3,I_coletra,11,0,Q4_clearest,4,10959,3211,0.94286,0.9855,0.97497,0.99626
I_coletra_s3,I_coletra,11,20,Q1_dimmest,271,6386,2930,0.45586,0.38797,0.55356,0.29863
I_coletra_s3,I_coletra,11,20,Q2,38,5601,2186,0.78916,0.75426,0.74482,0.76395
I_coletra_s3,I_coletra,11,20,Q3,9,6593,2129,0.87213,0.91972,0.88825,0.9535
I_coletra_s3,I_coletra,11,20,Q4_clearest,4,10959,3211,0.9431,0.98626,0.97646,0.99626
I_coletra_s3,I_coletra,12,0,Q1_dimmest,240,6741,2151,0.55588,0.55786,0.67266,0.47652
I_coletra_s3,I_coletra,12,0,Q2,58,7686,2661,0.83644,0.85509,0.84857,0.86171
I_coletra_s3,I_coletra,12,0,Q3,3,7976,2374,0.90514,0.9624,0.94367,0.98189
I_coletra_s3,I_coletra,12,0,Q4_clearest,0,6087,1526,0.9568,0.9938,0.98768,1.0
I_coletra_s3,I_coletra,12,20,Q1_dimmest,227,6741,2151,0.55719,0.56342,0.7095,0.46722
I_coletra_s3,I_coletra,12,20,Q2,49,7686,2661,0.8355,0.85183,0.85098,0.85269
I_coletra_s3,I_coletra,12,20,Q3,3,7976,2374,0.90511,0.9631,0.94659,0.9802
I_coletra_s3,I_coletra,12,20,Q4_clearest,0,6087,1526,0.9571,0.99504,0.99012,1.0
I_coletra_s3,I_coletra,13,0,Q1_dimmest,278,8947,3161,0.54338,0.50374,0.64213,0.41443
I_coletra_s3,I_coletra,13,0,Q2,58,7970,2798,0.82536,0.81972,0.79665,0.84417
I_coletra_s3,I_coletra,13,0,Q3,2,7295,2120,0.9247,0.96541,0.94406,0.98774
I_coletra_s3,I_coletra,13,0,Q4_clearest,0,8047,2107,0.97735,0.99788,0.99576,1.0
I_coletra_s3,I_coletra,13,20,Q1_dimmest,245,8947,3161,0.54038,0.497,0.6625,0.39766
I_coletra_s3,I_coletra,13,20,Q2,51,7970,2798,0.82472,0.81713,0.80344,0.83131
I_coletra_s3,I_coletra,13,20,Q3,2,7295,2120,0.9249,0.96606,0.94618,0.98679
I_coletra_s3,I_coletra,13,20,Q4_clearest,0,8047,2107,0.97758,0.99811,0.99623,1.0
I_coletra_s3,I_coletra,14,0,Q1_dimmest,218,4886,1623,0.5121,0.51008,0.545,0.47936
I_coletra_s3,I_coletra,14,0,Q2,47,6453,2243,0.8093,0.80895,0.75605,0.86982
I_coletra_s3,I_coletra,14,0,Q3,0,8104,2470,0.89415,0.95427,0.91732,0.99433
I_coletra_s3,I_coletra,14,0,Q4_clearest,0,7234,2022,0.95334,0.99604,0.99212,1.0
I_coletra_s3,I_coletra,14,20,Q1_dimmest,196,4886,1623,0.51306,0.51234,0.57579,0.46149
I_coletra_s3,I_coletra,14,20,Q2,44,6453,2243,0.8077,0.80483,0.76441,0.84975
I_coletra_s3,I_coletra,14,20,Q3,0,8104,2470,0.89421,0.95481,0.91935,0.99312
I_coletra_s3,I_coletra,14,20,Q4_clearest,0,7234,2022,0.95334,0.99604,0.99212,1.0
I_coletra_s3,I_coletra,15,0,Q1_dimmest,170,4357,1638,0.5057,0.51736,0.59565,0.45726
I_coletra_s3,I_coletra,15,0,Q2,29,5141,1751,0.7866,0.8226,0.76485,0.88978
I_coletra_s3,I_coletra,15,0,Q3,1,6066,1760,0.86979,0.94519,0.90303,0.99148
I_coletra_s3,I_coletra,15,0,Q4_clearest,0,8050,2502,0.94347,0.99193,0.98398,1.0
I_coletra_s3,I_coletra,15,20,Q1_dimmest,162,4357,1638,0.50484,0.51907,0.61444,0.44933
I_coletra_s3,I_coletra,15,20,Q2,27,5141,1751,0.78681,0.82395,0.77106,0.88464
I_coletra_s3,I_coletra,15,20,Q3,1,6066,1760,0.87068,0.94815,0.90845,0.99148
I_coletra_s3,I_coletra,15,20,Q4_clearest,0,8050,2502,0.94347,0.99193,0.98398,1.0
I_coletra_s3,I_coletra,16,0,Q1_dimmest,264,6445,1959,0.55481,0.60445,0.75876,0.5023
I_coletra_s3,I_coletra,16,0,Q2,57,6977,2256,0.85466,0.88837,0.90358,0.87367
I_coletra_s3,I_coletra,16,0,Q3,2,7630,2131,0.8998,0.96714,0.9422,0.99343
I_coletra_s3,I_coletra,16,0,Q4_clearest,1,8739,2466,0.93746,0.98462,0.9701,0.99959
I_coletra_s3,I_coletra,16,20,Q1_dimmest,245,6445,1959,0.5515,0.59954,0.77848,0.48749
I_coletra_s3,I_coletra,16,20,Q2,52,6977,2256,0.85172,0.88398,0.90892,0.86037
I_coletra_s3,I_coletra,16,20,Q3,1,7630,2131,0.90056,0.96958,0.94856,0.99155
I_coletra_s3,I_coletra,16,20,Q4_clearest,1,8739,2466,0.93847,0.98735,0.9754,0.99959
I_coletra_s3,I_coletra,17,0,Q1_dimmest,253,7862,2585,0.57447,0.58546,0.7588,0.4766
I_coletra_s3,I_coletra,17,0,Q2,35,7104,2140,0.84663,0.88487,0.89376,0.87617
I_coletra_s3,I_coletra,17,0,Q3,5,7222,1826,0.90571,0.97464,0.96586,0.98357
I_coletra_s3,I_coletra,17,0,Q4_clearest,1,5664,1433,0.9294,0.9882,0.97868,0.99791
I_coletra_s3,I_coletra,17,20,Q1_dimmest,223,7862,2585,0.56888,0.5738,0.78246,0.453
I_coletra_s3,I_coletra,17,20,Q2,31,7104,2140,0.8471,0.88673,0.9112,0.86355
I_coletra_s3,I_coletra,17,20,Q3,3,7222,1826,0.90576,0.9758,0.96922,0.98248
I_coletra_s3,I_coletra,17,20,Q4_clearest,0,5664,1433,0.92952,0.98961,0.98213,0.99721
I_coletra_s3,I_coletra,18,0,Q1_dimmest,211,4966,1759,0.60471,0.6044,0.7267,0.51734
I_coletra_s3,I_coletra,18,0,Q2,45,6044,1968,0.82514,0.88448,0.87148,0.89787
I_coletra_s3,I_coletra,18,0,Q3,4,7429,2081,0.85465,0.96804,0.94318,0.99423
I_coletra_s3,I_coletra,18,0,Q4_clearest,0,7705,1851,0.89145,0.97761,0.95621,1.0
I_coletra_s3,I_coletra,18,20,Q1_dimmest,197,4966,1759,0.60254,0.60402,0.75171,0.50483
I_coletra_s3,I_coletra,18,20,Q2,39,6044,1968,0.82278,0.8797,0.87481,0.88465
I_coletra_s3,I_coletra,18,20,Q3,3,7429,2081,0.8555,0.97103,0.94976,0.99327
I_coletra_s3,I_coletra,18,20,Q4_clearest,0,7705,1851,0.89233,0.9802,0.96116,1.0
I_coletra_s3,I_coletra,19,0,Q1_dimmest,154,3731,1722,0.6311,0.64108,0.72355,0.57549
I_coletra_s3,I_coletra,19,0,Q2,27,6957,2067,0.81449,0.86872,0.81291,0.93275
I_coletra_s3,I_coletra,19,0,Q3,0,8771,2610,0.9012,0.97146,0.95074,0.9931
I_coletra_s3,I_coletra,19,0,Q4_clearest,0,7909,2077,0.96334,0.99681,0.99459,0.99904
I_coletra_s3,I_coletra,19,20,Q1_dimmest,145,3731,1722,0.62888,0.64215,0.74771,0.56272
I_coletra_s3,I_coletra,19,20,Q2,22,6957,2067,0.81784,0.87942,0.83535,0.9284
I_coletra_s3,I_coletra,19,20,Q3,1,8771,2610,0.90137,0.97254,0.9578,0.98774
I_coletra_s3,I_coletra,19,20,Q4_clearest,0,7909,2077,0.9634,0.99706,0.99508,0.99904
I_coletra_s3,I_coletra,20,0,Q1_dimmest,214,5411,1924,0.61207,0.61382,0.64916,0.58212
I_coletra_s3,I_coletra,20,0,Q2,32,7210,2225,0.81602,0.87663,0.82282,0.93798
I_coletra_s3,I_coletra,20,0,Q3,2,6951,2027,0.86845,0.95528,0.91939,0.99408
I_coletra_s3,I_coletra,20,0,Q4_clearest,0,4693,1197,0.93863,0.98641,0.97398,0.99916
I_coletra_s3,I_coletra,20,20,Q1_dimmest,205,5411,1924,0.61236,0.61799,0.66814,0.57484
I_coletra_s3,I_coletra,20,20,Q2,31,7210,2225,0.81715,0.8817,0.83429,0.93483
I_coletra_s3,I_coletra,20,20,Q3,2,6951,2027,0.8701,0.96071,0.92952,0.99408
I_coletra_s3,I_coletra,20,20,Q4_clearest,0,4693,1197,0.93882,0.98723,0.97557,0.99916
I_coletra_s4,I_coletra,01,0,Q1_dimmest,220,4597,1791,0.55343,0.54376,0.57757,0.51368
I_coletra_s4,I_coletra,01,0,Q2,57,6946,2500,0.79716,0.84643,0.80858,0.888
I_coletra_s4,I_coletra,01,0,Q3,8,8473,2538,0.86801,0.96256,0.95101,0.97439
I_coletra_s4,I_coletra,01,0,Q4_clearest,0,9424,2483,0.92654,0.99019,0.98173,0.99879
I_coletra_s4,I_coletra,01,20,Q1_dimmest,199,4597,1791,0.5519,0.54143,0.60037,0.49302
I_coletra_s4,I_coletra,01,20,Q2,52,6946,2500,0.79585,0.84461,0.81539,0.876
I_coletra_s4,I_coletra,01,20,Q3,4,8473,2538,0.8677,0.96309,0.95699,0.96927
I_coletra_s4,I_coletra,01,20,Q4_clearest,0,9424,2483,0.92663,0.99059,0.98253,0.99879
I_coletra_s4,I_coletra,02,0,Q1_dimmest,240,5691,1790,0.47762,0.43878,0.50346,0.38883
I_coletra_s4,I_coletra,02,0,Q2,49,6606,1861,0.81008,0.79609,0.75535,0.84148
I_coletra_s4,I_coletra,02,0,Q3,1,8662,2260,0.90744,0.95765,0.92985,0.98717
I_coletra_s4,I_coletra,02,0,Q4_clearest,0,12831,3378,0.96501,0.99315,0.98638,1.0
I_coletra_s4,I_coletra,02,20,Q1_dimmest,222,5691,1790,0.47679,0.43937,0.53296,0.37374
I_coletra_s4,I_coletra,02,20,Q2,45,6606,1861,0.80784,0.78915,0.7587,0.82214
I_coletra_s4,I_coletra,02,20,Q3,1,8662,2260,0.90756,0.95847,0.93179,0.98673
I_coletra_s4,I_coletra,02,20,Q4_clearest,0,12831,3378,0.96501,0.99315,0.98638,1.0
I_coletra_s4,I_coletra,03,0,Q1_dimmest,272,10358,3377,0.46613,0.42707,0.60053,0.33136
I_coletra_s4,I_coletra,03,0,Q2,43,9353,2708,0.81559,0.83105,0.8563,0.80724
I_coletra_s4,I_coletra,03,0,Q3,8,8095,2089,0.92538,0.95897,0.96641,0.95165
I_coletra_s4,I_coletra,03,0,Q4_clearest,0,5087,1047,0.98631,0.99732,0.9956,0.99904
I_coletra_s4,I_coletra,03,20,Q1_dimmest,225,10358,3377,0.45888,0.41121,0.62098,0.30737
I_coletra_s4,I_coletra,03,20,Q2,36,9353,2708,0.81402,0.82727,0.86615,0.79173
I_coletra_s4,I_coletra,03,20,Q3,8,8095,2089,0.92556,0.96078,0.97159,0.95022
I_coletra_s4,I_coletra,03,20,Q4_clearest,0,5087,1047,0.98631,0.99732,0.9956,0.99904
I_coletra_s4,I_coletra,04,0,Q1_dimmest,219,7750,3035,0.49466,0.43456,0.61801,0.33509
I_coletra_s4,I_coletra,04,0,Q2,34,6017,1865,0.82373,0.8381,0.82017,0.85684
I_coletra_s4,I_coletra,04,0,Q3,3,6293,1680,0.92045,0.97447,0.95841,0.99107
I_coletra_s4,I_coletra,04,0,Q4_clearest,0,10294,2346,0.97408,0.99262,0.98577,0.99957
I_coletra_s4,I_coletra,04,20,Q1_dimmest,202,7750,3035,0.49431,0.4337,0.64306,0.32718
I_coletra_s4,I_coletra,04,20,Q2,30,6017,1865,0.82245,0.83385,0.82244,0.84558
I_coletra_s4,I_coletra,04,20,Q3,3,6293,1680,0.92004,0.97354,0.95828,0.98929
I_coletra_s4,I_coletra,04,20,Q4_clearest,0,10294,2346,0.97408,0.99262,0.98577,0.99957
I_coletra_s4,I_coletra,05,0,Q1_dimmest,295,9685,3539,0.4644,0.3953,0.62629,0.28878
I_coletra_s4,I_coletra,05,0,Q2,31,7440,2198,0.85982,0.85981,0.86295,0.85669
I_coletra_s4,I_coletra,05,0,Q3,2,7606,2186,0.94255,0.98562,0.97956,0.99177
I_coletra_s4,I_coletra,05,0,Q4_clearest,0,6179,1663,0.97507,0.99679,0.9936,1.0
I_coletra_s4,I_coletra,05,20,Q1_dimmest,263,9685,3539,0.45468,0.37541,0.63032,0.26731
I_coletra_s4,I_coletra,05,20,Q2,25,7440,2198,0.85751,0.85421,0.86424,0.8444
I_coletra_s4,I_coletra,05,20,Q3,2,7606,2186,0.94201,0.984,0.97948,0.98856
I_coletra_s4,I_coletra,05,20,Q4_clearest,0,6179,1663,0.97507,0.99679,0.9936,1.0
I_coletra_s4,I_coletra,06,0,Q1_dimmest,332,10790,3981,0.47928,0.44884,0.68262,0.33434
I_coletra_s4,I_coletra,06,0,Q2,36,7933,2378,0.84641,0.84129,0.87322,0.81161
I_coletra_s4,I_coletra,06,0,Q3,2,7891,2229,0.9525,0.98738,0.98377,0.99103
I_coletra_s4,I_coletra,06,0,Q4_clearest,0,5502,1401,0.98064,0.99929,0.99859,1.0
I_coletra_s4,I_coletra,06,20,Q1_dimmest,297,10790,3981,0.47701,0.44495,0.72088,0.32178
I_coletra_s4,I_coletra,06,20,Q2,28,7933,2378,0.84404,0.83463,0.88282,0.79142
I_coletra_s4,I_coletra,06,20,Q3,2,7891,2229,0.9523,0.98691,0.98415,0.98968
I_coletra_s4,I_coletra,06,20,Q4_clearest,0,5502,1401,0.98064,0.99929,0.99859,1.0
I_coletra_s4,I_coletra,07,0,Q1_dimmest,221,8316,2808,0.46654,0.43152,0.7069,0.31054
I_coletra_s4,I_coletra,07,0,Q2,45,7149,2172,0.82901,0.82462,0.86959,0.78407
I_coletra_s4,I_coletra,07,0,Q3,4,7254,1955,0.92491,0.97282,0.96769,0.97801
I_coletra_s4,I_coletra,07,0,Q4_clearest,0,7433,2033,0.97284,0.99682,0.99463,0.99902
I_coletra_s4,I_coletra,07,20,Q1_dimmest,200,8316,2808,0.45718,0.41264,0.71139,0.2906
I_coletra_s4,I_coletra,07,20,Q2,39,7149,2172,0.82795,0.82206,0.87953,0.77164
I_coletra_s4,I_coletra,07,20,Q3,4,7254,1955,0.92592,0.97428,0.9716,0.97698
I_coletra_s4,I_coletra,07,20,Q4_clearest,0,7433,2033,0.97284,0.99682,0.99463,0.99902
I_coletra_s4,I_coletra,08,0,Q1_dimmest,272,9976,3245,0.50034,0.45145,0.67316,0.3396
I_coletra_s4,I_coletra,08,0,Q2,34,8461,2479,0.86382,0.86762,0.87787,0.8576
I_coletra_s4,I_coletra,08,0,Q3,1,6640,1970,0.93657,0.97507,0.97,0.9802
I_coletra_s4,I_coletra,08,0,Q4_clearest,1,3312,891,0.97409,0.99272,0.99443,0.99102
I_coletra_s4,I_coletra,08,20,Q1_dimmest,244,9976,3245,0.49856,0.44757,0.70486,0.32789
I_coletra_s4,I_coletra,08,20,Q2,29,8461,2479,0.86192,0.8613,0.88298,0.84066
I_coletra_s4,I_coletra,08,20,Q3,1,6640,1970,0.93648,0.9748,0.97044,0.97919
I_coletra_s4,I_coletra,08,20,Q4_clearest,1,3312,891,0.97409,0.99272,0.99443,0.99102
I_coletra_s4,I_coletra,09,0,Q1_dimmest,281,9368,3406,0.55403,0.54475,0.69758,0.44686
I_coletra_s4,I_coletra,09,0,Q2,32,7639,2383,0.87139,0.89811,0.87698,0.92027
I_coletra_s4,I_coletra,09,0,Q3,1,6249,1936,0.94117,0.98619,0.97472,0.99793
I_coletra_s4,I_coletra,09,0,Q4_clearest,0,3485,1001,0.98055,0.9995,1.0,0.999
I_coletra_s4,I_coletra,09,20,Q1_dimmest,256,9368,3406,0.55123,0.53876,0.70723,0.43511
I_coletra_s4,I_coletra,09,20,Q2,28,7639,2383,0.87077,0.89639,0.88104,0.9123
I_coletra_s4,I_coletra,09,20,Q3,1,6249,1936,0.94124,0.98644,0.97521,0.99793
I_coletra_s4,I_coletra,09,20,Q4_clearest,0,3485,1001,0.98055,0.9995,1.0,0.999
I_coletra_s4,I_coletra,10,0,Q1_dimmest,303,7560,3177,0.50599,0.45146,0.59545,0.36355
I_coletra_s4,I_coletra,10,0,Q2,43,6756,2369,0.83067,0.82322,0.80019,0.84762
I_coletra_s4,I_coletra,10,0,Q3,2,6741,2035,0.91026,0.9641,0.93936,0.99017
I_coletra_s4,I_coletra,10,0,Q4_clearest,0,6099,1556,0.96069,0.99605,0.99277,0.99936
I_coletra_s4,I_coletra,10,20,Q1_dimmest,259,7560,3177,0.5,0.43743,0.60826,0.34152
I_coletra_s4,I_coletra,10,20,Q2,38,6756,2369,0.82903,0.81928,0.80775,0.83115
I_coletra_s4,I_coletra,10,20,Q3,1,6741,2035,0.91082,0.96645,0.94563,0.98821
I_coletra_s4,I_coletra,10,20,Q4_clearest,0,6099,1556,0.96069,0.99605,0.99277,0.99936
I_coletra_s4,I_coletra,11,0,Q1_dimmest,299,6386,2930,0.46022,0.38878,0.54428,0.30239
I_coletra_s4,I_coletra,11,0,Q2,51,5601,2186,0.78815,0.75491,0.73714,0.77356
I_coletra_s4,I_coletra,11,0,Q3,12,6593,2129,0.87364,0.92454,0.89358,0.95773
I_coletra_s4,I_coletra,11,0,Q4_clearest,0,10959,3211,0.94082,0.98257,0.96896,0.99657
I_coletra_s4,I_coletra,11,20,Q1_dimmest,267,6386,2930,0.45471,0.37573,0.56043,0.28259
I_coletra_s4,I_coletra,11,20,Q2,48,5601,2186,0.78582,0.74855,0.74063,0.75663
I_coletra_s4,I_coletra,11,20,Q3,11,6593,2129,0.87375,0.92429,0.89433,0.95632
I_coletra_s4,I_coletra,11,20,Q4_clearest,0,10959,3211,0.94098,0.98303,0.96986,0.99657
I_coletra_s4,I_coletra,12,0,Q1_dimmest,253,6741,2151,0.55933,0.54374,0.65849,0.46304
I_coletra_s4,I_coletra,12,0,Q2,50,7686,2661,0.8358,0.8543,0.84234,0.86659
I_coletra_s4,I_coletra,12,0,Q3,3,7976,2374,0.90711,0.96006,0.9419,0.97894
I_coletra_s4,I_coletra,12,0,Q4_clearest,0,6087,1526,0.95833,0.99477,0.9896,1.0
I_coletra_s4,I_coletra,12,20,Q1_dimmest,231,6741,2151,0.55612,0.53859,0.68116,0.44537
I_coletra_s4,I_coletra,12,20,Q2,45,7686,2661,0.83323,0.84863,0.84684,0.85043
I_coletra_s4,I_coletra,12,20,Q3,3,7976,2374,0.90757,0.9614,0.94486,0.97852
I_coletra_s4,I_coletra,12,20,Q4_clearest,0,6087,1526,0.95833,0.99477,0.9896,1.0
I_coletra_s4,I_coletra,13,0,Q1_dimmest,291,8947,3161,0.53436,0.48826,0.62994,0.39861
I_coletra_s4,I_coletra,13,0,Q2,57,7970,2798,0.83055,0.82186,0.80558,0.83881
I_coletra_s4,I_coletra,13,0,Q3,3,7295,2120,0.92284,0.96578,0.95312,0.97877
I_coletra_s4,I_coletra,13,0,Q4_clearest,0,8047,2107,0.97697,0.9981,0.99622,1.0
I_coletra_s4,I_coletra,13,20,Q1_dimmest,255,8947,3161,0.53079,0.48021,0.64777,0.38152
I_coletra_s4,I_coletra,13,20,Q2,55,7970,2798,0.82999,0.81836,0.82007,0.81665
I_coletra_s4,I_coletra,13,20,Q3,3,7295,2120,0.92273,0.96504,0.95393,0.97642
I_coletra_s4,I_coletra,13,20,Q4_clearest,0,8047,2107,0.97697,0.9981,0.99622,1.0
I_coletra_s4,I_coletra,14,0,Q1_dimmest,232,4886,1623,0.51062,0.49274,0.53514,0.45656
I_coletra_s4,I_coletra,14,0,Q2,47,6453,2243,0.80702,0.80835,0.75703,0.86714
I_coletra_s4,I_coletra,14,0,Q3,4,8104,2470,0.89233,0.95468,0.92014,0.9919
I_coletra_s4,I_coletra,14,0,Q4_clearest,0,7234,2022,0.95384,0.99531,0.99066,1.0
I_coletra_s4,I_coletra,14,20,Q1_dimmest,209,4886,1623,0.51435,0.50435,0.58221,0.44486
I_coletra_s4,I_coletra,14,20,Q2,43,6453,2243,0.80638,0.80649,0.76997,0.84663
I_coletra_s4,I_coletra,14,20,Q3,4,8104,2470,0.89314,0.95777,0.92662,0.99109
I_coletra_s4,I_coletra,14,20,Q4_clearest,0,7234,2022,0.95384,0.99531,0.99066,1.0
I_coletra_s4,I_coletra,15,0,Q1_dimmest,184,4357,1638,0.52043,0.51293,0.60864,0.44322
I_coletra_s4,I_coletra,15,0,Q2,25,5141,1751,0.80033,0.82346,0.76677,0.88921
I_coletra_s4,I_coletra,15,0,Q3,3,6066,1760,0.86935,0.94846,0.90854,0.99205
I_coletra_s4,I_coletra,15,0,Q4_clearest,0,8050,2502,0.93761,0.99196,0.98405,1.0
I_coletra_s4,I_coletra,15,20,Q1_dimmest,170,4357,1638,0.51484,0.5026,0.62158,0.42186
I_coletra_s4,I_coletra,15,20,Q2,21,5141,1751,0.79869,0.82019,0.77057,0.87664
I_coletra_s4,I_coletra,15,20,Q3,2,6066,1760,0.87043,0.95196,0.91644,0.99034
I_coletra_s4,I_coletra,15,20,Q4_clearest,0,8050,2502,0.93772,0.99235,0.98481,1.0
I_coletra_s4,I_coletra,16,0,Q1_dimmest,272,6445,1959,0.54868,0.59766,0.76091,0.49209
I_coletra_s4,I_coletra,16,0,Q2,41,6977,2256,0.85171,0.89279,0.90376,0.88209
I_coletra_s4,I_coletra,16,0,Q3,0,7630,2131,0.89997,0.964,0.93963,0.98968
I_coletra_s4,I_coletra,16,0,Q4_clearest,1,8739,2466,0.94051,0.98479,0.97043,0.99959
I_coletra_s4,I_coletra,16,20,Q1_dimmest,258,6445,1959,0.54545,0.59567,0.79076,0.47779
I_coletra_s4,I_coletra,16,20,Q2,38,6977,2256,0.85137,0.89467,0.91817,0.87234
I_coletra_s4,I_coletra,16,20,Q3,0,7630,2131,0.90166,0.96923,0.95047,0.98874
I_coletra_s4,I_coletra,16,20,Q4_clearest,1,8739,2466,0.94092,0.98618,0.97311,0.99959
I_coletra_s4,I_coletra,17,0,Q1_dimmest,252,7862,2585,0.56339,0.57814,0.76408,0.46499
I_coletra_s4,I_coletra,17,0,Q2,36,7104,2140,0.85237,0.89173,0.89852,0.88505
I_coletra_s4,I_coletra,17,0,Q3,3,7222,1826,0.91331,0.97978,0.97228,0.9874
I_coletra_s4,I_coletra,17,0,Q4_clearest,0,5664,1433,0.93047,0.99396,0.99004,0.99791
I_coletra_s4,I_coletra,17,20,Q1_dimmest,218,7862,2585,0.55527,0.56506,0.79624,0.43791
I_coletra_s4,I_coletra,17,20,Q2,25,7104,2140,0.85072,0.88921,0.91123,0.86822
I_coletra_s4,I_coletra,17,20,Q3,3,7222,1826,0.9136,0.98105,0.97478,0.9874
I_coletra_s4,I_coletra,17,20,Q4_clearest,0,5664,1433,0.93038,0.99361,0.99004,0.99721
I_coletra_s4,I_coletra,18,0,Q1_dimmest,212,4966,1759,0.59291,0.58708,0.70354,0.5037
I_coletra_s4,I_coletra,18,0,Q2,39,6044,1968,0.83014,0.88893,0.87871,0.89939
I_coletra_s4,I_coletra,18,0,Q3,4,7429,2081,0.85718,0.96804,0.948,0.98895
I_coletra_s4,I_coletra,18,0,Q4_clearest,1,7705,1851,0.89615,0.98586,0.97262,0.99946
I_coletra_s4,I_coletra,18,20,Q1_dimmest,205,4966,1759,0.5936,0.59105,0.73173,0.49574
I_coletra_s4,I_coletra,18,20,Q2,36,6044,1968,0.82981,0.88881,0.88638,0.89126
I_coletra_s4,I_coletra,18,20,Q3,3,7429,2081,0.8587,0.97308,0.95861,0.98799
I_coletra_s4,I_coletra,18,20,Q4_clearest,1,7705,1851,0.89736,0.98897,0.97869,0.99946
I_coletra_s4,I_coletra,19,0,Q1_dimmest,157,3731,1722,0.62453,0.62537,0.72178,0.55168
I_coletra_s4,I_coletra,19,0,Q2,29,6957,2067,0.81775,0.86643,0.81445,0.9255
I_coletra_s4,I_coletra,19,0,Q3,1,8771,2610,0.9008,0.9711,0.95216,0.9908
I_coletra_s4,I_coletra,19,0,Q4_clearest,0,7909,2077,0.96383,0.99757,0.99612,0.99904
I_coletra_s4,I_coletra,19,20,Q1_dimmest,142,3731,1722,0.62396,0.62769,0.74482,0.54239
I_coletra_s4,I_coletra,19,20,Q2,29,6957,2067,0.82383,0.88689,0.85344,0.92308
I_coletra_s4,I_coletra,19,20,Q3,1,8771,2610,0.90188,0.97452,0.95877,0.9908
I_coletra_s4,I_coletra,19,20,Q4_clearest,0,7909,2077,0.96395,0.99806,0.99708,0.99904
I_coletra_s4,I_coletra,20,0,Q1_dimmest,226,5411,1924,0.6019,0.59956,0.65907,0.5499
I_coletra_s4,I_coletra,20,0,Q2,36,7210,2225,0.81749,0.86904,0.82092,0.92315
I_coletra_s4,I_coletra,20,0,Q3,0,6951,2027,0.87402,0.95643,0.92026,0.99556
I_coletra_s4,I_coletra,20,0,Q4_clearest,0,4693,1197,0.94131,0.9871,0.97452,1.0
I_coletra_s4,I_coletra,20,20,Q1_dimmest,202,5411,1924,0.60208,0.60355,0.69255,0.53482
I_coletra_s4,I_coletra,20,20,Q2,36,7210,2225,0.81896,0.87246,0.84556,0.90112
I_coletra_s4,I_coletra,20,20,Q3,0,6951,2027,0.87655,0.96409,0.93498,0.99507
I_coletra_s4,I_coletra,20,20,Q4_clearest,0,4693,1197,0.94168,0.98829,0.97686,1.0
I_coletra_s5,I_coletra,01,0,Q1_dimmest,231,4597,1791,0.57529,0.55676,0.59209,0.5254
I_coletra_s5,I_coletra,01,0,Q2,52,6946,2500,0.80072,0.8568,0.81494,0.9032
I_coletra_s5,I_coletra,01,0,Q3,7,8473,2538,0.8623,0.9648,0.94538,0.98503
I_coletra_s5,I_coletra,01,0,Q4_clearest,0,9424,2483,0.9259,0.99139,0.98331,0.9996
I_coletra_s5,I_coletra,01,20,Q1_dimmest,212,4597,1791,0.57641,0.55888,0.61201,0.51424
I_coletra_s5,I_coletra,01,20,Q2,48,6946,2500,0.79917,0.85399,0.81976,0.8912
I_coletra_s5,I_coletra,01,20,Q3,7,8473,2538,0.86293,0.96655,0.95096,0.98266
I_coletra_s5,I_coletra,01,20,Q4_clearest,0,9424,2483,0.92599,0.99159,0.98371,0.9996
I_coletra_s5,I_coletra,02,0,Q1_dimmest,247,5691,1790,0.50278,0.45483,0.48751,0.42626
I_coletra_s5,I_coletra,02,0,Q2,40,6606,1861,0.81139,0.80441,0.75328,0.86298
I_coletra_s5,I_coletra,02,0,Q3,0,8662,2260,0.90248,0.95669,0.92531,0.99027
I_coletra_s5,I_coletra,02,0,Q4_clearest,0,12831,3378,0.96245,0.99223,0.98459,1.0
I_coletra_s5,I_coletra,02,20,Q1_dimmest,232,5691,1790,0.50083,0.44848,0.4965,0.40894
I_coletra_s5,I_coletra,02,20,Q2,32,6606,1861,0.81048,0.80071,0.75718,0.84954
I_coletra_s5,I_coletra,02,20,Q3,0,8662,2260,0.90348,0.96093,0.93328,0.99027
I_coletra_s5,I_coletra,02,20,Q4_clearest,0,12831,3378,0.96248,0.99238,0.98487,1.0
I_coletra_s5,I_coletra,03,0,Q1_dimmest,255,10358,3377,0.49953,0.45,0.56679,0.37311
I_coletra_s5,I_coletra,03,0,Q2,36,9353,2708,0.82921,0.85216,0.86851,0.83641
I_coletra_s5,I_coletra,03,0,Q3,8,8095,2089,0.93051,0.96979,0.97262,0.96697
I_coletra_s5,I_coletra,03,0,Q4_clearest,0,5087,1047,0.98555,0.99861,0.99913,0.99809
I_coletra_s5,I_coletra,03,20,Q1_dimmest,223,10358,3377,0.49791,0.44605,0.59642,0.35623
I_coletra_s5,I_coletra,03,20,Q2,32,9353,2708,0.82671,0.84787,0.87166,0.82533
I_coletra_s5,I_coletra,03,20,Q3,8,8095,2089,0.93019,0.97009,0.97517,0.96506
I_coletra_s5,I_coletra,03,20,Q4_clearest,0,5087,1047,0.98555,0.99861,0.99913,0.99809
I_coletra_s5,I_coletra,04,0,Q1_dimmest,223,7750,3035,0.49671,0.42934,0.59947,0.33443
I_coletra_s5,I_coletra,04,0,Q2,26,6017,1865,0.82125,0.83223,0.80288,0.86381
I_coletra_s5,I_coletra,04,0,Q3,2,6293,1680,0.91706,0.97161,0.9551,0.98869
I_coletra_s5,I_coletra,04,0,Q4_clearest,1,10294,2346,0.97434,0.99286,0.98748,0.99829
I_coletra_s5,I_coletra,04,20,Q1_dimmest,207,7750,3035,0.49639,0.42888,0.61299,0.32982
I_coletra_s5,I_coletra,04,20,Q2,21,6017,1865,0.81838,0.82347,0.80345,0.8445
I_coletra_s5,I_coletra,04,20,Q3,2,6293,1680,0.91706,0.97184,0.9578,0.98631
I_coletra_s5,I_coletra,04,20,Q4_clearest,1,10294,2346,0.97458,0.99328,0.98831,0.99829
I_coletra_s5,I_coletra,05,0,Q1_dimmest,276,9685,3539,0.46465,0.37805,0.61473,0.27296
I_coletra_s5,I_coletra,05,0,Q2,31,7440,2198,0.8572,0.8587,0.86677,0.85077
I_coletra_s5,I_coletra,05,0,Q3,1,7606,2186,0.93771,0.98532,0.97851,0.99222
I_coletra_s5,I_coletra,05,0,Q4_clearest,0,6179,1663,0.97582,0.99795,0.99771,0.9982
I_coletra_s5,I_coletra,05,20,Q1_dimmest,259,9685,3539,0.46083,0.36896,0.62385,0.26194
I_coletra_s5,I_coletra,05,20,Q2,28,7440,2198,0.85655,0.85696,0.87134,0.84304
I_coletra_s5,I_coletra,05,20,Q3,1,7606,2186,0.93758,0.98486,0.97849,0.99131
I_coletra_s5,I_coletra,05,20,Q4_clearest,0,6179,1663,0.97582,0.99795,0.99771,0.9982
I_coletra_s5,I_coletra,06,0,Q1_dimmest,333,10790,3981,0.48897,0.4507,0.68182,0.3366
I_coletra_s5,I_coletra,06,0,Q2,35,7933,2378,0.85075,0.84557,0.86993,0.82254
I_coletra_s5,I_coletra,06,0,Q3,0,7891,2229,0.94864,0.98246,0.97059,0.99462
I_coletra_s5,I_coletra,06,0,Q4_clearest,0,5502,1401,0.97944,0.9979,0.99581,1.0
I_coletra_s5,I_coletra,06,20,Q1_dimmest,308,10790,3981,0.48692,0.44705,0.69805,0.32881
I_coletra_s5,I_coletra,06,20,Q2,30,7933,2378,0.85011,0.84358,0.87817,0.81161
I_coletra_s5,I_coletra,06,20,Q3,0,7891,2229,0.94863,0.98244,0.97099,0.99417
I_coletra_s5,I_coletra,06,20,Q4_clearest,0,5502,1401,0.97944,0.9979,0.99581,1.0
I_coletra_s5,I_coletra,07,0,Q1_dimmest,233,8316,2808,0.47938,0.43881,0.68889,0.32194
I_coletra_s5,I_coletra,07,0,Q2,42,7149,2172,0.83133,0.83747,0.86756,0.80939
I_coletra_s5,I_coletra,07,0,Q3,4,7254,1955,0.92304,0.97026,0.96067,0.98005
I_coletra_s5,I_coletra,07,0,Q4_clearest,1,7433,2033,0.97242,0.99657,0.9956,0.99754
I_coletra_s5,I_coletra,07,20,Q1_dimmest,206,8316,2808,0.4737,0.42549,0.70232,0.3052
I_coletra_s5,I_coletra,07,20,Q2,35,7149,2172,0.82969,0.83298,0.87021,0.7988
I_coletra_s5,I_coletra,07,20,Q3,4,7254,1955,0.92243,0.97066,0.96441,0.97698
I_coletra_s5,I_coletra,07,20,Q4_clearest,0,7433,2033,0.97182,0.99558,0.9956,0.99557
I_coletra_s5,I_coletra,08,0,Q1_dimmest,258,9976,3245,0.52089,0.47086,0.66984,0.36302
I_coletra_s5,I_coletra,08,0,Q2,27,8461,2479,0.86305,0.86409,0.85619,0.87213
I_coletra_s5,I_coletra,08,0,Q3,2,6640,1970,0.93724,0.97636,0.96907,0.98376
I_coletra_s5,I_coletra,08,0,Q4_clearest,0,3312,891,0.97647,0.9923,0.98911,0.99551
I_coletra_s5,I_coletra,08,20,Q1_dimmest,229,9976,3245,0.51903,0.46706,0.68941,0.35316
I_coletra_s5,I_coletra,08,20,Q2,24,8461,2479,0.86298,0.86499,0.86837,0.86164
I_coletra_s5,I_coletra,08,20,Q3,2,6640,1970,0.93784,0.97755,0.97141,0.98376
I_coletra_s5,I_coletra,08,20,Q4_clearest,0,3312,891,0.97647,0.9923,0.98911,0.99551
I_coletra_s5,I_coletra,09,0,Q1_dimmest,254,9368,3406,0.57356,0.55229,0.69952,0.45625
I_coletra_s5,I_coletra,09,0,Q2,24,7639,2383,0.87151,0.89808,0.87391,0.92363
I_coletra_s5,I_coletra,09,0,Q3,0,6249,1936,0.93776,0.98325,0.96997,0.9969
I_coletra_s5,I_coletra,09,0,Q4_clearest,0,3485,1001,0.98003,1.0,1.0,1.0
I_coletra_s5,I_coletra,09,20,Q1_dimmest,234,9368,3406,0.57033,0.54546,0.70873,0.44334
I_coletra_s5,I_coletra,09,20,Q2,21,7639,2383,0.87138,0.89817,0.87787,0.91943
I_coletra_s5,I_coletra,09,20,Q3,0,6249,1936,0.93812,0.984,0.97143,0.9969
I_coletra_s5,I_coletra,09,20,Q4_clearest,0,3485,1001,0.98003,1.0,1.0,1.0
I_coletra_s5,I_coletra,10,0,Q1_dimmest,298,7560,3177,0.51715,0.46716,0.57621,0.39282
I_coletra_s5,I_coletra,10,0,Q2,39,6756,2369,0.83292,0.83214,0.80066,0.86619
I_coletra_s5,I_coletra,10,0,Q3,3,6741,2035,0.91013,0.96857,0.94387,0.99459
I_coletra_s5,I_coletra,10,0,Q4_clearest,0,6099,1556,0.95889,0.99472,0.98949,1.0
I_coletra_s5,I_coletra,10,20,Q1_dimmest,274,7560,3177,0.51486,0.46159,0.58133,0.38275
I_coletra_s5,I_coletra,10,20,Q2,36,6756,2369,0.83148,0.82855,0.8065,0.85184
I_coletra_s5,I_coletra,10,20,Q3,3,6741,2035,0.91039,0.96989,0.94952,0.99115
I_coletra_s5,I_coletra,10,20,Q4_clearest,0,6099,1556,0.95889,0.99472,0.98949,1.0
I_coletra_s5,I_coletra,11,0,Q1_dimmest,311,6386,2930,0.45826,0.38746,0.50582,0.31399
I_coletra_s5,I_coletra,11,0,Q2,44,5601,2186,0.78814,0.76344,0.73269,0.79689
I_coletra_s5,I_coletra,11,0,Q3,8,6593,2129,0.86418,0.91968,0.87746,0.96618
I_coletra_s5,I_coletra,11,0,Q4_clearest,1,10959,3211,0.94056,0.98161,0.96534,0.99844
I_coletra_s5,I_coletra,11,20,Q1_dimmest,286,6386,2930,0.45358,0.37671,0.51823,0.2959
I_coletra_s5,I_coletra,11,20,Q2,33,5601,2186,0.78637,0.75944,0.73957,0.78042
I_coletra_s5,I_coletra,11,20,Q3,6,6593,2129,0.86407,0.91956,0.88036,0.96242
I_coletra_s5,I_coletra,11,20,Q4_clearest,1,10959,3211,0.94056,0.98161,0.96534,0.99844
I_coletra_s5,I_coletra,12,0,Q1_dimmest,239,6741,2151,0.57492,0.55544,0.65682,0.48117
I_coletra_s5,I_coletra,12,0,Q2,58,7686,2661,0.83019,0.84759,0.83183,0.86396
I_coletra_s5,I_coletra,12,0,Q3,2,7976,2374,0.9045,0.96135,0.94127,0.98231
I_coletra_s5,I_coletra,12,0,Q4_clearest,0,6087,1526,0.95593,0.99485,0.98976,1.0
I_coletra_s5,I_coletra,12,20,Q1_dimmest,228,6741,2151,0.57374,0.55522,0.67151,0.47327
I_coletra_s5,I_coletra,12,20,Q2,47,7686,2661,0.82919,0.84617,0.83472,0.85795
I_coletra_s5,I_coletra,12,20,Q3,2,7976,2374,0.90445,0.96168,0.94268,0.98147
I_coletra_s5,I_coletra,12,20,Q4_clearest,0,6087,1526,0.95593,0.99485,0.98976,1.0
I_coletra_s5,I_coletra,13,0,Q1_dimmest,280,8947,3161,0.54693,0.50719,0.62564,0.42645
I_coletra_s5,I_coletra,13,0,Q2,57,7970,2798,0.82485,0.82004,0.79221,0.84989
I_coletra_s5,I_coletra,13,0,Q3,3,7295,2120,0.91611,0.9611,0.94187,0.98113
I_coletra_s5,I_coletra,13,0,Q4_clearest,0,8047,2107,0.97704,0.99812,0.99624,1.0
I_coletra_s5,I_coletra,13,20,Q1_dimmest,255,8947,3161,0.54525,0.50352,0.63544,0.41696
I_coletra_s5,I_coletra,13,20,Q2,57,7970,2798,0.82381,0.81652,0.79634,0.83774
I_coletra_s5,I_coletra,13,20,Q3,2,7295,2120,0.91615,0.96153,0.94314,0.98066
I_coletra_s5,I_coletra,13,20,Q4_clearest,0,8047,2107,0.97704,0.99812,0.99624,1.0
I_coletra_s5,I_coletra,14,0,Q1_dimmest,202,4886,1623,0.52104,0.51265,0.51834,0.50709
I_coletra_s5,I_coletra,14,0,Q2,52,6453,2243,0.80439,0.81138,0.75427,0.87784
I_coletra_s5,I_coletra,14,0,Q3,0,8104,2470,0.88579,0.94997,0.91008,0.99352
I_coletra_s5,I_coletra,14,0,Q4_clearest,0,7234,2022,0.94983,0.99437,0.9888,1.0
I_coletra_s5,I_coletra,14,20,Q1_dimmest,189,4886,1623,0.5199,0.51427,0.54432,0.48737
I_coletra_s5,I_coletra,14,20,Q2,46,6453,2243,0.80418,0.81219,0.76379,0.86714
I_coletra_s5,I_coletra,14,20,Q3,0,8104,2470,0.88617,0.9517,0.91325,0.99352
I_coletra_s5,I_coletra,14,20,Q4_clearest,0,7234,2022,0.94983,0.99437,0.9888,1.0
I_coletra_s5,I_coletra,15,0,Q1_dimmest,178,4357,1638,0.51596,0.51265,0.59144,0.45238
I_coletra_s5,I_coletra,15,0,Q2,26,5141,1751,0.78869,0.81989,0.7581,0.89263
I_coletra_s5,I_coletra,15,0,Q3,1,6066,1760,0.86003,0.9478,0.90497,0.99489
I_coletra_s5,I_coletra,15,0,Q4_clearest,0,8050,2502,0.93489,0.99033,0.98084,1.0
I_coletra_s5,I_coletra,15,20,Q1_dimmest,169,4357,1638,0.51754,0.51888,0.6197,0.44628
I_coletra_s5,I_coletra,15,20,Q2,25,5141,1751,0.78931,0.82183,0.76226,0.89149
I_coletra_s5,I_coletra,15,20,Q3,1,6066,1760,0.86046,0.94914,0.90742,0.99489
I_coletra_s5,I_coletra,15,20,Q4_clearest,0,8050,2502,0.93505,0.9909,0.98197,1.0
I_coletra_s5,I_coletra,16,0,Q1_dimmest,276,6445,1959,0.57066,0.61197,0.75712,0.51353
I_coletra_s5,I_coletra,16,0,Q2,46,6977,2256,0.85497,0.89478,0.89863,0.89096
I_coletra_s5,I_coletra,16,0,Q3,1,7630,2131,0.89412,0.96685,0.94081,0.99437
I_coletra_s5,I_coletra,16,0,Q4_clearest,1,8739,2466,0.93715,0.98336,0.96765,0.99959
I_coletra_s5,I_coletra,16,20,Q1_dimmest,259,6445,1959,0.56765,0.60928,0.77297,0.50281
I_coletra_s5,I_coletra,16,20,Q2,44,6977,2256,0.85256,0.89214,0.9071,0.87766
I_coletra_s5,I_coletra,16,20,Q3,1,7630,2131,0.89457,0.9686,0.94583,0.99249
I_coletra_s5,I_coletra,16,20,Q4_clearest,1,8739,2466,0.93781,0.98551,0.97182,0.99959
I_coletra_s5,I_coletra,17,0,Q1_dimmest,261,7862,2585,0.58362,0.59006,0.7724,0.47737
I_coletra_s5,I_coletra,17,0,Q2,26,7104,2140,0.8531,0.89454,0.8919,0.8972
I_coletra_s5,I_coletra,17,0,Q3,4,7222,1826,0.90666,0.97737,0.96597,0.98905
I_coletra_s5,I_coletra,17,0,Q4_clearest,0,5664,1433,0.92649,0.99073,0.98433,0.99721
I_coletra_s5,I_coletra,17,20,Q1_dimmest,241,7862,2585,0.57774,0.57781,0.79281,0.45455
I_coletra_s5,I_coletra,17,20,Q2,23,7104,2140,0.85281,0.89599,0.90138,0.89065
I_coletra_s5,I_coletra,17,20,Q3,3,7222,1826,0.90705,0.97911,0.9699,0.9885
I_coletra_s5,I_coletra,17,20,Q4_clearest,0,5664,1433,0.92672,0.99144,0.98573,0.99721
I_coletra_s5,I_coletra,18,0,Q1_dimmest,199,4966,1759,0.61343,0.60425,0.70196,0.53042
I_coletra_s5,I_coletra,18,0,Q2,41,6044,1968,0.82375,0.88594,0.87098,0.90142
I_coletra_s5,I_coletra,18,0,Q3,3,7429,2081,0.85111,0.96548,0.93963,0.99279
I_coletra_s5,I_coletra,18,0,Q4_clearest,0,7705,1851,0.89445,0.98706,0.97445,1.0
I_coletra_s5,I_coletra,18,20,Q1_dimmest,195,4966,1759,0.61173,0.6078,0.72538,0.52302
I_coletra_s5,I_coletra,18,20,Q2,36,6044,1968,0.82255,0.88477,0.87544,0.89431
I_coletra_s5,I_coletra,18,20,Q3,3,7429,2081,0.8521,0.96959,0.94788,0.99231
I_coletra_s5,I_coletra,18,20,Q4_clearest,0,7705,1851,0.89455,0.98758,0.97547,1.0
I_coletra_s5,I_coletra,19,0,Q1_dimmest,154,3731,1722,0.6287,0.63384,0.71703,0.56794
I_coletra_s5,I_coletra,19,0,Q2,33,6957,2067,0.81202,0.87046,0.81266,0.93711
I_coletra_s5,I_coletra,19,0,Q3,0,8771,2610,0.89552,0.97362,0.95311,0.99502
I_coletra_s5,I_coletra,19,0,Q4_clearest,0,7909,2077,0.96205,0.99604,0.99211,1.0
I_coletra_s5,I_coletra,19,20,Q1_dimmest,143,3731,1722,0.6233,0.62574,0.72477,0.55052
I_coletra_s5,I_coletra,19,20,Q2,27,6957,2067,0.81362,0.87637,0.82566,0.93372
I_coletra_s5,I_coletra,19,20,Q3,0,8771,2610,0.89628,0.97585,0.95811,0.99425
I_coletra_s5,I_coletra,19,20,Q4_clearest,0,7909,2077,0.96211,0.99628,0.9926,1.0
I_coletra_s5,I_coletra,20,0,Q1_dimmest,205,5411,1924,0.61386,0.6182,0.66377,0.57848
I_coletra_s5,I_coletra,20,0,Q2,28,7210,2225,0.80892,0.87177,0.8184,0.93258
I_coletra_s5,I_coletra,20,0,Q3,2,6951,2027,0.86573,0.95582,0.91914,0.99556
I_coletra_s5,I_coletra,20,0,Q4_clearest,0,4693,1197,0.93532,0.97959,0.96231,0.99749
I_coletra_s5,I_coletra,20,20,Q1_dimmest,194,5411,1924,0.61514,0.62283,0.68621,0.57017
I_coletra_s5,I_coletra,20,20,Q2,27,7210,2225,0.81115,0.8798,0.8385,0.92539
I_coletra_s5,I_coletra,20,20,Q3,2,6951,2027,0.86774,0.96206,0.93075,0.99556
I_coletra_s5,I_coletra,20,20,Q4_clearest,0,4693,1197,0.93606,0.98239,0.96774,0.99749
J_liot_s0,J_liot,01,0,Q1_dimmest,188,4597,1791,0.56247,0.54499,0.54119,0.54886
J_liot_s0,J_liot,01,0,Q2,41,6946,2500,0.77041,0.82744,0.78367,0.8764
J_liot_s0,J_liot,01,0,Q3,16,8473,2538,0.84631,0.94987,0.93937,0.9606
J_liot_s0,J_liot,01,0,Q4_clearest,1,9424,2483,0.91896,0.98748,0.98227,0.99275
J_liot_s0,J_liot,01,20,Q1_dimmest,170,4597,1791,0.56144,0.54621,0.56047,0.53266
J_liot_s0,J_liot,01,20,Q2,39,6946,2500,0.77092,0.82805,0.79129,0.8684
J_liot_s0,J_liot,01,20,Q3,16,8473,2538,0.84691,0.95143,0.94473,0.95823
J_liot_s0,J_liot,01,20,Q4_clearest,1,9424,2483,0.91896,0.98748,0.98227,0.99275
J_liot_s0,J_liot,02,0,Q1_dimmest,218,5691,1790,0.4726,0.44191,0.47536,0.41285
J_liot_s0,J_liot,02,0,Q2,41,6606,1861,0.79573,0.78716,0.75278,0.82483
J_liot_s0,J_liot,02,0,Q3,6,8662,2260,0.8937,0.94867,0.92076,0.97832
J_liot_s0,J_liot,02,0,Q4_clearest,1,12831,3378,0.96163,0.99355,0.98748,0.9997
J_liot_s0,J_liot,02,20,Q1_dimmest,199,5691,1790,0.4672,0.42976,0.48205,0.38771
J_liot_s0,J_liot,02,20,Q2,38,6606,1861,0.79536,0.78396,0.76747,0.80118
J_liot_s0,J_liot,02,20,Q3,6,8662,2260,0.89454,0.95161,0.92711,0.97743
J_liot_s0,J_liot,02,20,Q4_clearest,1,12831,3378,0.96163,0.99355,0.98748,0.9997
J_liot_s0,J_liot,03,0,Q1_dimmest,283,10358,3377,0.52675,0.49683,0.55127,0.45218
J_liot_s0,J_liot,03,0,Q2,40,9353,2708,0.81,0.84714,0.83427,0.86041
J_liot_s0,J_liot,03,0,Q3,10,8095,2089,0.92086,0.96735,0.97111,0.96362
J_liot_s0,J_liot,03,0,Q4_clearest,1,5087,1047,0.98402,0.99486,0.99642,0.99331
J_liot_s0,J_liot,03,20,Q1_dimmest,257,10358,3377,0.52583,0.49713,0.57735,0.43648
J_liot_s0,J_liot,03,20,Q2,37,9353,2708,0.80989,0.84809,0.83892,0.85746
J_liot_s0,J_liot,03,20,Q3,8,8095,2089,0.92071,0.9673,0.97198,0.96266
J_liot_s0,J_liot,03,20,Q4_clearest,1,5087,1047,0.98412,0.99575,0.9982,0.99331
J_liot_s0,J_liot,04,0,Q1_dimmest,202,7750,3035,0.48964,0.43317,0.58669,0.34333
J_liot_s0,J_liot,04,0,Q2,36,6017,1865,0.79815,0.8278,0.79927,0.85845
J_liot_s0,J_liot,04,0,Q3,9,6293,1680,0.8949,0.95646,0.93861,0.975
J_liot_s0,J_liot,04,0,Q4_clearest,0,10294,2346,0.97248,0.99457,0.99046,0.99872
J_liot_s0,J_liot,04,20,Q1_dimmest,185,7750,3035,0.48626,0.42553,0.5984,0.33015
J_liot_s0,J_liot,04,20,Q2,30,6017,1865,0.79657,0.82354,0.79975,0.84879
J_liot_s0,J_liot,04,20,Q3,9,6293,1680,0.89496,0.95639,0.94069,0.97262
J_liot_s0,J_liot,04,20,Q4_clearest,0,10294,2346,0.97243,0.99457,0.99045,0.99872
J_liot_s0,J_liot,05,0,Q1_dimmest,288,9685,3539,0.46849,0.40064,0.56628,0.30997
J_liot_s0,J_liot,05,0,Q2,32,7440,2198,0.84439,0.84649,0.84722,0.84577
J_liot_s0,J_liot,05,0,Q3,2,7606,2186,0.93375,0.9775,0.97696,0.97804
J_liot_s0,J_liot,05,0,Q4_clearest,0,6179,1663,0.97665,0.99558,0.99536,0.99579
J_liot_s0,J_liot,05,20,Q1_dimmest,253,9685,3539,0.46525,0.39054,0.59457,0.29076
J_liot_s0,J_liot,05,20,Q2,31,7440,2198,0.84307,0.84316,0.85068,0.83576
J_liot_s0,J_liot,05,20,Q3,1,7606,2186,0.93371,0.97724,0.97781,0.97667
J_liot_s0,J_liot,05,20,Q4_clearest,0,6179,1663,0.97665,0.99558,0.99536,0.99579
J_liot_s0,J_liot,06,0,Q1_dimmest,344,10790,3981,0.48182,0.47044,0.61923,0.3793
J_liot_s0,J_liot,06,0,Q2,44,7933,2378,0.8369,0.82614,0.84347,0.8095
J_liot_s0,J_liot,06,0,Q3,0,7891,2229,0.94225,0.98293,0.97714,0.98878
J_liot_s0,J_liot,06,0,Q4_clearest,1,5502,1401,0.97707,0.9975,0.99928,0.99572
J_liot_s0,J_liot,06,20,Q1_dimmest,305,10790,3981,0.47792,0.46122,0.64256,0.35971
J_liot_s0,J_liot,06,20,Q2,36,7933,2378,0.83626,0.82527,0.85967,0.79352
J_liot_s0,J_liot,06,20,Q3,0,7891,2229,0.94227,0.98287,0.97878,0.98699
J_liot_s0,J_liot,06,20,Q4_clearest,1,5502,1401,0.97707,0.9975,0.99928,0.99572
J_liot_s0,J_liot,07,0,Q1_dimmest,217,8316,2808,0.47652,0.42295,0.62298,0.32016
J_liot_s0,J_liot,07,0,Q2,39,7149,2172,0.81667,0.827,0.85673,0.79926
J_liot_s0,J_liot,07,0,Q3,4,7254,1955,0.91402,0.97009,0.95789,0.98261
J_liot_s0,J_liot,07,0,Q4_clearest,0,7433,2033,0.97163,0.99781,0.99661,0.99902
J_liot_s0,J_liot,07,20,Q1_dimmest,200,8316,2808,0.47419,0.41685,0.65566,0.30556
J_liot_s0,J_liot,07,20,Q2,31,7149,2172,0.81628,0.82641,0.86463,0.79144
J_liot_s0,J_liot,07,20,Q3,4,7254,1955,0.91384,0.96928,0.95875,0.98005
J_liot_s0,J_liot,07,20,Q4_clearest,0,7433,2033,0.97163,0.99781,0.99661,0.99902
J_liot_s0,J_liot,08,0,Q1_dimmest,257,9976,3245,0.49288,0.4766,0.62484,0.38521
J_liot_s0,J_liot,08,0,Q2,35,8461,2479,0.84099,0.84754,0.83732,0.85801
J_liot_s0,J_liot,08,0,Q3,6,6640,1970,0.93319,0.97633,0.97959,0.9731
J_liot_s0,J_liot,08,0,Q4_clearest,1,3312,891,0.97263,0.98828,0.99345,0.98316
J_liot_s0,J_liot,08,20,Q1_dimmest,227,9976,3245,0.49005,0.47044,0.65014,0.36857
J_liot_s0,J_liot,08,20,Q2,31,8461,2479,0.84079,0.84633,0.84675,0.84591
J_liot_s0,J_liot,08,20,Q3,6,6640,1970,0.93286,0.97604,0.98004,0.97208
J_liot_s0,J_liot,08,20,Q4_clearest,1,3312,891,0.97263,0.98828,0.99345,0.98316
J_liot_s0,J_liot,09,0,Q1_dimmest,258,9368,3406,0.57396,0.56991,0.65104,0.50675
J_liot_s0,J_liot,09,0,Q2,26,7639,2383,0.85306,0.88647,0.85363,0.92195
J_liot_s0,J_liot,09,0,Q3,1,6249,1936,0.93272,0.98193,0.96838,0.99587
J_liot_s0,J_liot,09,0,Q4_clearest,0,3485,1001,0.98149,0.99901,0.99901,0.999
J_liot_s0,J_liot,09,20,Q1_dimmest,236,9368,3406,0.56978,0.56113,0.66779,0.48385
J_liot_s0,J_liot,09,20,Q2,22,7639,2383,0.85318,0.88695,0.85852,0.91733
J_liot_s0,J_liot,09,20,Q3,1,6249,1936,0.93272,0.98193,0.96838,0.99587
J_liot_s0,J_liot,09,20,Q4_clearest,0,3485,1001,0.98149,0.99901,0.99901,0.999
J_liot_s0,J_liot,10,0,Q1_dimmest,281,7560,3177,0.49269,0.45598,0.5476,0.39062
J_liot_s0,J_liot,10,0,Q2,40,6756,2369,0.80619,0.81151,0.78897,0.83537
J_liot_s0,J_liot,10,0,Q3,3,6741,2035,0.89716,0.95211,0.93622,0.96855
J_liot_s0,J_liot,10,0,Q4_clearest,0,6099,1556,0.95721,0.98833,0.98188,0.99486
J_liot_s0,J_liot,10,20,Q1_dimmest,256,7560,3177,0.48837,0.44527,0.55789,0.37048
J_liot_s0,J_liot,10,20,Q2,39,6756,2369,0.80427,0.80928,0.79314,0.82609
J_liot_s0,J_liot,10,20,Q3,3,6741,2035,0.89703,0.9518,0.93747,0.96658
J_liot_s0,J_liot,10,20,Q4_clearest,0,6099,1556,0.95744,0.98929,0.98379,0.99486
J_liot_s0,J_liot,11,0,Q1_dimmest,289,6386,2930,0.45138,0.39474,0.50197,0.32526
J_liot_s0,J_liot,11,0,Q2,47,5601,2186,0.76328,0.74218,0.72743,0.75755
J_liot_s0,J_liot,11,0,Q3,15,6593,2129,0.85789,0.91601,0.89502,0.938
J_liot_s0,J_liot,11,0,Q4_clearest,5,10959,3211,0.93871,0.97791,0.9733,0.98256
J_liot_s0,J_liot,11,20,Q1_dimmest,259,6386,2930,0.44585,0.38279,0.51743,0.30375
J_liot_s0,J_liot,11,20,Q2,40,5601,2186,0.76206,0.73822,0.73006,0.74657
J_liot_s0,J_liot,11,20,Q3,13,6593,2129,0.85781,0.91569,0.897,0.93518
J_liot_s0,J_liot,11,20,Q4_clearest,3,10959,3211,0.93799,0.97725,0.97445,0.98007
J_liot_s0,J_liot,12,0,Q1_dimmest,233,6741,2151,0.55368,0.55716,0.61192,0.51139
J_liot_s0,J_liot,12,0,Q2,49,7686,2661,0.81206,0.84026,0.81316,0.86922
J_liot_s0,J_liot,12,0,Q3,6,7976,2374,0.88784,0.95181,0.93226,0.9722
J_liot_s0,J_liot,12,0,Q4_clearest,0,6087,1526,0.95737,0.99081,0.98178,1.0
J_liot_s0,J_liot,12,20,Q1_dimmest,224,6741,2151,0.55401,0.5608,0.62848,0.50628
J_liot_s0,J_liot,12,20,Q2,46,7686,2661,0.81126,0.84017,0.81833,0.86321
J_liot_s0,J_liot,12,20,Q3,6,7976,2374,0.8874,0.95137,0.93218,0.97136
J_liot_s0,J_liot,12,20,Q4_clearest,0,6087,1526,0.95737,0.99081,0.98178,1.0
J_liot_s0,J_liot,13,0,Q1_dimmest,273,8947,3161,0.54229,0.51957,0.5932,0.4622
J_liot_s0,J_liot,13,0,Q2,63,7970,2798,0.80899,0.80631,0.77994,0.83452
J_liot_s0,J_liot,13,0,Q3,6,7295,2120,0.90906,0.95812,0.94007,0.97689
J_liot_s0,J_liot,13,0,Q4_clearest,0,8047,2107,0.97502,0.9967,0.99343,1.0
J_liot_s0,J_liot,13,20,Q1_dimmest,245,8947,3161,0.5411,0.51844,0.62009,0.44543
J_liot_s0,J_liot,13,20,Q2,60,7970,2798,0.8085,0.80597,0.79221,0.82023
J_liot_s0,J_liot,13,20,Q3,6,7295,2120,0.90911,0.95829,0.94215,0.975
J_liot_s0,J_liot,13,20,Q4_clearest,0,8047,2107,0.97514,0.99717,0.99436,1.0
J_liot_s0,J_liot,14,0,Q1_dimmest,188,4886,1623,0.50751,0.485,0.48885,0.48121
J_liot_s0,J_liot,14,0,Q2,54,6453,2243,0.77995,0.78898,0.74142,0.84307
J_liot_s0,J_liot,14,0,Q3,5,8104,2470,0.87237,0.9434,0.90895,0.98057
J_liot_s0,J_liot,14,0,Q4_clearest,2,7234,2022,0.94983,0.99387,0.99023,0.99753
J_liot_s0,J_liot,14,20,Q1_dimmest,178,4886,1623,0.50905,0.49051,0.51274,0.47012
J_liot_s0,J_liot,14,20,Q2,49,6453,2243,0.78075,0.79174,0.75307,0.8346
J_liot_s0,J_liot,14,20,Q3,3,8104,2470,0.87304,0.94476,0.91148,0.98057
J_liot_s0,J_liot,14,20,Q4_clearest,2,7234,2022,0.94983,0.99387,0.99023,0.99753
J_liot_s0,J_liot,15,0,Q1_dimmest,167,4357,1638,0.52495,0.51061,0.53641,0.48718
J_liot_s0,J_liot,15,0,Q2,23,5141,1751,0.77553,0.80428,0.73573,0.88692
J_liot_s0,J_liot,15,0,Q3,4,6066,1760,0.84933,0.93461,0.88711,0.9875
J_liot_s0,J_liot,15,0,Q4_clearest,1,8050,2502,0.93607,0.98796,0.97658,0.9996
J_liot_s0,J_liot,15,20,Q1_dimmest,162,4357,1638,0.52637,0.51704,0.55556,0.48352
J_liot_s0,J_liot,15,20,Q2,22,5141,1751,0.77635,0.80776,0.74277,0.88521
J_liot_s0,J_liot,15,20,Q3,4,6066,1760,0.85128,0.94045,0.89767,0.9875
J_liot_s0,J_liot,15,20,Q4_clearest,1,8050,2502,0.93618,0.98835,0.97734,0.9996
J_liot_s0,J_liot,16,0,Q1_dimmest,236,6445,1959,0.56822,0.59641,0.68896,0.52578
J_liot_s0,J_liot,16,0,Q2,48,6977,2256,0.83307,0.87563,0.88167,0.86968
J_liot_s0,J_liot,16,0,Q3,4,7630,2131,0.89572,0.96576,0.94425,0.98827
J_liot_s0,J_liot,16,0,Q4_clearest,1,8739,2466,0.94527,0.98838,0.97859,0.99838
J_liot_s0,J_liot,16,20,Q1_dimmest,218,6445,1959,0.56501,0.5961,0.72446,0.50638
J_liot_s0,J_liot,16,20,Q2,46,6977,2256,0.83332,0.87729,0.8973,0.85816
J_liot_s0,J_liot,16,20,Q3,2,7630,2131,0.89649,0.96846,0.9503,0.98733
J_liot_s0,J_liot,16,20,Q4_clearest,1,8739,2466,0.94536,0.98878,0.97975,0.99797
J_liot_s0,J_liot,17,0,Q1_dimmest,235,7862,2585,0.58282,0.60729,0.73224,0.51876
J_liot_s0,J_liot,17,0,Q2,38,7104,2140,0.83141,0.87451,0.87192,0.8771
J_liot_s0,J_liot,17,0,Q3,8,7222,1826,0.9,0.97098,0.96825,0.97371
J_liot_s0,J_liot,17,0,Q4_clearest,2,5664,1433,0.92488,0.99156,0.9915,0.99163
J_liot_s0,J_liot,17,20,Q1_dimmest,226,7862,2585,0.58277,0.60821,0.74937,0.5118
J_liot_s0,J_liot,17,20,Q2,33,7104,2140,0.83245,0.87836,0.88582,0.87103
J_liot_s0,J_liot,17,20,Q3,8,7222,1826,0.90062,0.97416,0.9757,0.97262
J_liot_s0,J_liot,17,20,Q4_clearest,2,5664,1433,0.9247,0.99155,0.99148,0.99163
J_liot_s0,J_liot,18,0,Q1_dimmest,167,4966,1759,0.59187,0.59917,0.64806,0.55713
J_liot_s0,J_liot,18,0,Q2,28,6044,1968,0.80321,0.87707,0.85037,0.90549
J_liot_s0,J_liot,18,0,Q3,1,7429,2081,0.84241,0.968,0.94355,0.99375
J_liot_s0,J_liot,18,0,Q4_clearest,1,7705,1851,0.89363,0.98886,0.98108,0.99676
J_liot_s0,J_liot,18,20,Q1_dimmest,158,4966,1759,0.59237,0.6064,0.67866,0.54804
J_liot_s0,J_liot,18,20,Q2,25,6044,1968,0.80347,0.87979,0.86478,0.89533
J_liot_s0,J_liot,18,20,Q3,0,7429,2081,0.84262,0.9695,0.94815,0.99183
J_liot_s0,J_liot,18,20,Q4_clearest,1,7705,1851,0.89369,0.98911,0.98159,0.99676
J_liot_s0,J_liot,19,0,Q1_dimmest,145,3731,1722,0.62518,0.65312,0.71182,0.60337
J_liot_s0,J_liot,19,0,Q2,29,6957,2067,0.79323,0.84984,0.78353,0.9284
J_liot_s0,J_liot,19,0,Q3,8,8771,2610,0.88185,0.96216,0.94277,0.98238
J_liot_s0,J_liot,19,0,Q4_clearest,0,7909,2077,0.96003,0.99681,0.99555,0.99807
J_liot_s0,J_liot,19,20,Q1_dimmest,126,3731,1722,0.621,0.64638,0.72426,0.58362
J_liot_s0,J_liot,19,20,Q2,26,6957,2067,0.79684,0.86183,0.81158,0.91872
J_liot_s0,J_liot,19,20,Q3,7,8771,2610,0.88239,0.96384,0.94885,0.97931
J_liot_s0,J_liot,19,20,Q4_clearest,0,7909,2077,0.96009,0.99706,0.99604,0.99807
J_liot_s0,J_liot,20,0,Q1_dimmest,193,5411,1924,0.5942,0.61008,0.60946,0.61071
J_liot_s0,J_liot,20,0,Q2,33,7210,2225,0.79555,0.86372,0.80839,0.92719
J_liot_s0,J_liot,20,0,Q3,5,6951,2027,0.85806,0.95006,0.91906,0.98323
J_liot_s0,J_liot,20,0,Q4_clearest,4,4693,1197,0.93781,0.97899,0.96906,0.98914
J_liot_s0,J_liot,20,20,Q1_dimmest,183,5411,1924,0.59872,0.62575,0.64979,0.60343
J_liot_s0,J_liot,20,20,Q2,32,7210,2225,0.80022,0.87807,0.83719,0.92315
J_liot_s0,J_liot,20,20,Q3,5,6951,2027,0.86087,0.95715,0.93242,0.98323
J_liot_s0,J_liot,20,20,Q4_clearest,4,4693,1197,0.93875,0.98223,0.97541,0.98914
J_liot_s1,J_liot,01,0,Q1_dimmest,200,4597,1791,0.57739,0.55841,0.56416,0.55276
J_liot_s1,J_liot,01,0,Q2,50,6946,2500,0.77403,0.83337,0.7895,0.8824
J_liot_s1,J_liot,01,0,Q3,17,8473,2538,0.84745,0.95081,0.94275,0.95902
J_liot_s1,J_liot,01,0,Q4_clearest,1,9424,2483,0.92276,0.98941,0.98254,0.99638
J_liot_s1,J_liot,01,20,Q1_dimmest,189,4597,1791,0.57617,0.55709,0.58454,0.5321
J_liot_s1,J_liot,01,20,Q2,41,6946,2500,0.77361,0.83261,0.79797,0.8704
J_liot_s1,J_liot,01,20,Q3,15,8473,2538,0.84715,0.95219,0.94776,0.95666
J_liot_s1,J_liot,01,20,Q4_clearest,1,9424,2483,0.92312,0.99042,0.98454,0.99638
J_liot_s1,J_liot,02,0,Q1_dimmest,208,5691,1790,0.47723,0.42142,0.47141,0.38101
J_liot_s1,J_liot,02,0,Q2,42,6606,1861,0.78833,0.7729,0.74194,0.80656
J_liot_s1,J_liot,02,0,Q3,4,8662,2260,0.893,0.95415,0.92835,0.98142
J_liot_s1,J_liot,02,0,Q4_clearest,1,12831,3378,0.95922,0.99369,0.98774,0.9997
J_liot_s1,J_liot,02,20,Q1_dimmest,193,5691,1790,0.4771,0.41926,0.48587,0.36872
J_liot_s1,J_liot,02,20,Q2,39,6606,1861,0.78783,0.77144,0.75333,0.79044
J_liot_s1,J_liot,02,20,Q3,4,8662,2260,0.89365,0.95675,0.93369,0.98097
J_liot_s1,J_liot,02,20,Q4_clearest,1,12831,3378,0.95965,0.99515,0.99063,0.9997
J_liot_s1,J_liot,03,0,Q1_dimmest,271,10358,3377,0.54386,0.51195,0.58014,0.4581
J_liot_s1,J_liot,03,0,Q2,40,9353,2708,0.81763,0.85486,0.83818,0.87223
J_liot_s1,J_liot,03,0,Q3,2,8095,2089,0.92824,0.96909,0.96596,0.97224
J_liot_s1,J_liot,03,0,Q4_clearest,0,5087,1047,0.9862,0.99779,0.99559,1.0
J_liot_s1,J_liot,03,20,Q1_dimmest,238,10358,3377,0.54047,0.50482,0.59908,0.43619
J_liot_s1,J_liot,03,20,Q2,33,9353,2708,0.81783,0.85589,0.84711,0.86484
J_liot_s1,J_liot,03,20,Q3,2,8095,2089,0.92799,0.9685,0.96764,0.96936
J_liot_s1,J_liot,03,20,Q4_clearest,0,5087,1047,0.9862,0.99779,0.99559,1.0
J_liot_s1,J_liot,04,0,Q1_dimmest,203,7750,3035,0.5079,0.43717,0.60779,0.34135
J_liot_s1,J_liot,04,0,Q2,27,6017,1865,0.79735,0.82494,0.8,0.85147
J_liot_s1,J_liot,04,0,Q3,3,6293,1680,0.89837,0.95766,0.936,0.98036
J_liot_s1,J_liot,04,0,Q4_clearest,1,10294,2346,0.97236,0.99321,0.98943,0.99702
J_liot_s1,J_liot,04,20,Q1_dimmest,190,7750,3035,0.50483,0.42983,0.61347,0.33081
J_liot_s1,J_liot,04,20,Q2,24,6017,1865,0.79675,0.82308,0.80369,0.84343
J_liot_s1,J_liot,04,20,Q3,2,6293,1680,0.8989,0.95997,0.94041,0.98036
J_liot_s1,J_liot,04,20,Q4_clearest,1,10294,2346,0.97236,0.99321,0.98985,0.99659
J_liot_s1,J_liot,05,0,Q1_dimmest,280,9685,3539,0.4666,0.38618,0.58738,0.28765
J_liot_s1,J_liot,05,0,Q2,29,7440,2198,0.84236,0.84674,0.85564,0.83803
J_liot_s1,J_liot,05,0,Q3,2,7606,2186,0.9345,0.97911,0.9788,0.97941
J_liot_s1,J_liot,05,0,Q4_clearest,0,6179,1663,0.97671,0.99732,0.99766,0.99699
J_liot_s1,J_liot,05,20,Q1_dimmest,262,9685,3539,0.46516,0.38104,0.60524,0.27804
J_liot_s1,J_liot,05,20,Q2,27,7440,2198,0.84321,0.84929,0.86424,0.83485
J_liot_s1,J_liot,05,20,Q3,1,7606,2186,0.93461,0.97909,0.97923,0.97896
J_liot_s1,J_liot,05,20,Q4_clearest,0,6179,1663,0.97655,0.99702,0.99766,0.99639
J_liot_s1,J_liot,06,0,Q1_dimmest,324,10790,3981,0.47577,0.45116,0.62835,0.35192
J_liot_s1,J_liot,06,0,Q2,42,7933,2378,0.82585,0.8121,0.84886,0.77839
J_liot_s1,J_liot,06,0,Q3,3,7891,2229,0.94172,0.98001,0.97976,0.98026
J_liot_s1,J_liot,06,0,Q4_clearest,1,5502,1401,0.9764,0.99642,0.99713,0.99572
J_liot_s1,J_liot,06,20,Q1_dimmest,293,10790,3981,0.47258,0.44641,0.64937,0.34012
J_liot_s1,J_liot,06,20,Q2,36,7933,2378,0.82443,0.80908,0.856,0.76703
J_liot_s1,J_liot,06,20,Q3,2,7891,2229,0.9417,0.98018,0.981,0.97936
J_liot_s1,J_liot,06,20,Q4_clearest,1,5502,1401,0.9764,0.99642,0.99713,0.99572
J_liot_s1,J_liot,07,0,Q1_dimmest,206,8316,2808,0.46858,0.40153,0.62585,0.29558
J_liot_s1,J_liot,07,0,Q2,43,7149,2172,0.81257,0.81891,0.86483,0.77762
J_liot_s1,J_liot,07,0,Q3,4,7254,1955,0.91028,0.96252,0.94848,0.97698
J_liot_s1,J_liot,07,0,Q4_clearest,1,7433,2033,0.96992,0.9941,0.99116,0.99705
J_liot_s1,J_liot,07,20,Q1_dimmest,186,8316,2808,0.46696,0.39619,0.65773,0.28348
J_liot_s1,J_liot,07,20,Q2,38,7149,2172,0.81147,0.81583,0.87066,0.7675
J_liot_s1,J_liot,07,20,Q3,4,7254,1955,0.91013,0.962,0.94843,0.97596
J_liot_s1,J_liot,07,20,Q4_clearest,1,7433,2033,0.97011,0.99459,0.99213,0.99705
J_liot_s1,J_liot,08,0,Q1_dimmest,249,9976,3245,0.50889,0.47124,0.63737,0.37381
J_liot_s1,J_liot,08,0,Q2,28,8461,2479,0.84447,0.85012,0.85356,0.84671
J_liot_s1,J_liot,08,0,Q3,1,6640,1970,0.93081,0.97349,0.96785,0.97919
J_liot_s1,J_liot,08,0,Q4_clearest,0,3312,891,0.9725,0.99273,0.99445,0.99102
J_liot_s1,J_liot,08,20,Q1_dimmest,224,9976,3245,0.50653,0.46762,0.65994,0.3621
J_liot_s1,J_liot,08,20,Q2,25,8461,2479,0.84459,0.8509,0.8631,0.83905
J_liot_s1,J_liot,08,20,Q3,1,6640,1970,0.93088,0.97373,0.96833,0.97919
J_liot_s1,J_liot,08,20,Q4_clearest,0,3312,891,0.9725,0.99273,0.99445,0.99102
J_liot_s1,J_liot,09,0,Q1_dimmest,251,9368,3406,0.55953,0.54898,0.65017,0.47504
J_liot_s1,J_liot,09,0,Q2,23,7639,2383,0.84567,0.88467,0.85646,0.91481
J_liot_s1,J_liot,09,0,Q3,4,6249,1936,0.92832,0.97906,0.96769,0.9907
J_liot_s1,J_liot,09,0,Q4_clearest,0,3485,1001,0.97904,0.996,0.99902,0.99301
J_liot_s1,J_liot,09,20,Q1_dimmest,222,9368,3406,0.55697,0.54472,0.67574,0.45625
J_liot_s1,J_liot,09,20,Q2,21,7639,2383,0.84558,0.88498,0.86453,0.90642
J_liot_s1,J_liot,09,20,Q3,3,6249,1936,0.9286,0.98008,0.96968,0.9907
J_liot_s1,J_liot,09,20,Q4_clearest,0,3485,1001,0.97904,0.996,0.99902,0.99301
J_liot_s1,J_liot,10,0,Q1_dimmest,267,7560,3177,0.49687,0.44846,0.56292,0.37268
J_liot_s1,J_liot,10,0,Q2,43,6756,2369,0.80555,0.80228,0.80211,0.80245
J_liot_s1,J_liot,10,0,Q3,6,6741,2035,0.89894,0.95807,0.94687,0.96953
J_liot_s1,J_liot,10,0,Q4_clearest,1,6099,1556,0.95532,0.9924,0.98868,0.99614
J_liot_s1,J_liot,10,20,Q1_dimmest,244,7560,3177,0.49549,0.44437,0.5818,0.35946
J_liot_s1,J_liot,10,20,Q2,40,6756,2369,0.80438,0.79935,0.80783,0.79105
J_liot_s1,J_liot,10,20,Q3,4,6741,2035,0.89998,0.96093,0.95391,0.96806
J_liot_s1,J_liot,10,20,Q4_clearest,1,6099,1556,0.95585,0.99473,0.99331,0.99614
J_liot_s1,J_liot,11,0,Q1_dimmest,295,6386,2930,0.45008,0.38846,0.4988,0.31809
J_liot_s1,J_liot,11,0,Q2,53,5601,2186,0.7577,0.734,0.70946,0.76029
J_liot_s1,J_liot,11,0,Q3,9,6593,2129,0.85171,0.91571,0.88,0.95444
J_liot_s1,J_liot,11,0,Q4_clearest,7,10959,3211,0.93564,0.97901,0.97001,0.98817
J_liot_s1,J_liot,11,20,Q1_dimmest,269,6386,2930,0.4453,0.3776,0.51537,0.29795
J_liot_s1,J_liot,11,20,Q2,48,5601,2186,0.75806,0.73397,0.72136,0.74703
J_liot_s1,J_liot,11,20,Q3,8,6593,2129,0.85359,0.92055,0.88981,0.9535
J_liot_s1,J_liot,11,20,Q4_clearest,6,10959,3211,0.93514,0.97943,0.97175,0.98723
J_liot_s1,J_liot,12,0,Q1_dimmest,242,6741,2151,0.55132,0.53747,0.6,0.48675
J_liot_s1,J_liot,12,0,Q2,47,7686,2661,0.80797,0.83376,0.81124,0.85757
J_liot_s1,J_liot,12,0,Q3,6,7976,2374,0.88534,0.95306,0.93349,0.97346
J_liot_s1,J_liot,12,0,Q4_clearest,0,6087,1526,0.95545,0.99358,0.98851,0.99869
J_liot_s1,J_liot,12,20,Q1_dimmest,230,6741,2151,0.54879,0.53252,0.60268,0.47699
J_liot_s1,J_liot,12,20,Q2,44,7686,2661,0.80654,0.83134,0.8131,0.85043
J_liot_s1,J_liot,12,20,Q3,6,7976,2374,0.88531,0.95301,0.93418,0.97262
J_liot_s1,J_liot,12,20,Q4_clearest,0,6087,1526,0.95545,0.99358,0.98851,0.99869
J_liot_s1,J_liot,13,0,Q1_dimmest,258,8947,3161,0.53634,0.50381,0.609,0.42961
J_liot_s1,J_liot,13,0,Q2,52,7970,2798,0.8044,0.79874,0.77866,0.81987
J_liot_s1,J_liot,13,0,Q3,3,7295,2120,0.90808,0.95967,0.94704,0.97264
J_liot_s1,J_liot,13,0,Q4_clearest,0,8047,2107,0.97484,0.99882,0.99764,1.0
J_liot_s1,J_liot,13,20,Q1_dimmest,230,8947,3161,0.5352,0.49956,0.63765,0.41063
J_liot_s1,J_liot,13,20,Q2,44,7970,2798,0.80396,0.7966,0.7841,0.80951
J_liot_s1,J_liot,13,20,Q3,3,7295,2120,0.90764,0.95867,0.94689,0.97075
J_liot_s1,J_liot,13,20,Q4_clearest,0,8047,2107,0.97484,0.99882,0.99764,1.0
J_liot_s1,J_liot,14,0,Q1_dimmest,190,4886,1623,0.51086,0.49413,0.52226,0.46888
J_liot_s1,J_liot,14,0,Q2,71,6453,2243,0.77587,0.79215,0.76123,0.82568
J_liot_s1,J_liot,14,0,Q3,2,8104,2470,0.87461,0.94815,0.91325,0.98583
J_liot_s1,J_liot,14,0,Q4_clearest,0,7234,2022,0.95093,0.99309,0.98676,0.99951
J_liot_s1,J_liot,14,20,Q1_dimmest,171,4886,1623,0.50837,0.49109,0.54345,0.44794
J_liot_s1,J_liot,14,20,Q2,63,6453,2243,0.77569,0.79181,0.77152,0.8132
J_liot_s1,J_liot,14,20,Q3,2,8104,2470,0.87452,0.94852,0.91532,0.98421
J_liot_s1,J_liot,14,20,Q4_clearest,0,7234,2022,0.95093,0.99309,0.98676,0.99951
J_liot_s1,J_liot,15,0,Q1_dimmest,162,4357,1638,0.50943,0.48216,0.52516,0.44567
J_liot_s1,J_liot,15,0,Q2,26,5141,1751,0.76398,0.79164,0.72051,0.87836
J_liot_s1,J_liot,15,0,Q3,3,6066,1760,0.83983,0.92919,0.87426,0.99148
J_liot_s1,J_liot,15,0,Q4_clearest,0,8050,2502,0.93571,0.98626,0.9729,1.0
J_liot_s1,J_liot,15,20,Q1_dimmest,152,4357,1638,0.50893,0.47898,0.53613,0.43284
J_liot_s1,J_liot,15,20,Q2,26,5141,1751,0.7651,0.7948,0.72733,0.87607
J_liot_s1,J_liot,15,20,Q3,2,6066,1760,0.84066,0.9323,0.88069,0.99034
J_liot_s1,J_liot,15,20,Q4_clearest,0,8050,2502,0.93647,0.98863,0.97751,1.0
J_liot_s1,J_liot,16,0,Q1_dimmest,242,6445,1959,0.56541,0.58177,0.68075,0.50791
J_liot_s1,J_liot,16,0,Q2,56,6977,2256,0.83245,0.87813,0.89282,0.86392
J_liot_s1,J_liot,16,0,Q3,4,7630,2131,0.88894,0.96255,0.93984,0.98639
J_liot_s1,J_liot,16,0,Q4_clearest,1,8739,2466,0.94303,0.98813,0.97848,0.99797
J_liot_s1,J_liot,16,20,Q1_dimmest,230,6445,1959,0.56833,0.59318,0.73177,0.49872
J_liot_s1,J_liot,16,20,Q2,48,6977,2256,0.8323,0.87973,0.90788,0.85328
J_liot_s1,J_liot,16,20,Q3,4,7630,2131,0.88934,0.96442,0.94384,0.98592
J_liot_s1,J_liot,16,20,Q4_clearest,1,8739,2466,0.94349,0.98992,0.982,0.99797
J_liot_s1,J_liot,17,0,Q1_dimmest,239,7862,2585,0.58826,0.59671,0.73109,0.50406
J_liot_s1,J_liot,17,0,Q2,45,7104,2140,0.83152,0.87396,0.88462,0.86355
J_liot_s1,J_liot,17,0,Q3,7,7222,1826,0.89788,0.96865,0.96045,0.977
J_liot_s1,J_liot,17,0,Q4_clearest,1,5664,1433,0.92589,0.99181,0.98648,0.99721
J_liot_s1,J_liot,17,20,Q1_dimmest,214,7862,2585,0.58176,0.58652,0.75553,0.4793
J_liot_s1,J_liot,17,20,Q2,36,7104,2140,0.83155,0.87618,0.90087,0.8528
J_liot_s1,J_liot,17,20,Q3,6,7222,1826,0.89784,0.96807,0.96089,0.97536
J_liot_s1,J_liot,17,20,Q4_clearest,1,5664,1433,0.92589,0.99181,0.98648,0.99721
J_liot_s1,J_liot,18,0,Q1_dimmest,169,4966,1759,0.59993,0.5919,0.63724,0.55259
J_liot_s1,J_liot,18,0,Q2,32,6044,1968,0.80294,0.86771,0.84129,0.89583
J_liot_s1,J_liot,18,0,Q3,4,7429,2081,0.84286,0.96285,0.93551,0.99183
J_liot_s1,J_liot,18,0,Q4_clearest,3,7705,1851,0.88837,0.98291,0.97408,0.9919
J_liot_s1,J_liot,18,20,Q1_dimmest,161,4966,1759,0.60405,0.60322,0.67507,0.5452
J_liot_s1,J_liot,18,20,Q2,29,6044,1968,0.80471,0.87364,0.8567,0.89126
J_liot_s1,J_liot,18,20,Q3,4,7429,2081,0.84397,0.96669,0.94279,0.99183
J_liot_s1,J_liot,18,20,Q4_clearest,3,7705,1851,0.88837,0.98291,0.97408,0.9919
J_liot_s1,J_liot,19,0,Q1_dimmest,140,3731,1722,0.60729,0.62885,0.68167,0.58362
J_liot_s1,J_liot,19,0,Q2,39,6957,2067,0.7948,0.85239,0.79755,0.91534
J_liot_s1,J_liot,19,0,Q3,6,8771,2610,0.88234,0.9642,0.94633,0.98276
J_liot_s1,J_liot,19,0,Q4_clearest,0,7909,2077,0.96263,0.99362,0.99016,0.99711
J_liot_s1,J_liot,19,20,Q1_dimmest,130,3731,1722,0.60699,0.63023,0.69904,0.57375
J_liot_s1,J_liot,19,20,Q2,38,6957,2067,0.79589,0.85777,0.81508,0.90518
J_liot_s1,J_liot,19,20,Q3,3,8771,2610,0.88299,0.96587,0.95389,0.97816
J_liot_s1,J_liot,19,20,Q4_clearest,0,7909,2077,0.96286,0.99412,0.99114,0.99711
J_liot_s1,J_liot,20,0,Q1_dimmest,190,5411,1924,0.59949,0.59716,0.60622,0.58836
J_liot_s1,J_liot,20,0,Q2,32,7210,2225,0.79534,0.86015,0.80453,0.92404
J_liot_s1,J_liot,20,0,Q3,9,6951,2027,0.85977,0.94671,0.91239,0.98372
J_liot_s1,J_liot,20,0,Q4_clearest,0,4693,1197,0.93656,0.9787,0.96293,0.99499
J_liot_s1,J_liot,20,20,Q1_dimmest,178,5411,1924,0.60018,0.60149,0.62824,0.57692
J_liot_s1,J_liot,20,20,Q2,29,7210,2225,0.79617,0.86461,0.81764,0.9173
J_liot_s1,J_liot,20,20,Q3,9,6951,2027,0.86151,0.9524,0.92345,0.98323
J_liot_s1,J_liot,20,20,Q4_clearest,0,4693,1197,0.93624,0.97744,0.96284,0.99248
J_liot_s2,J_liot,01,0,Q1_dimmest,179,4597,1791,0.56848,0.55008,0.54206,0.55835
J_liot_s2,J_liot,01,0,Q2,42,6946,2500,0.7639,0.83204,0.78458,0.8856
J_liot_s2,J_liot,01,0,Q3,11,8473,2538,0.84181,0.9525,0.9352,0.97045
J_liot_s2,J_liot,01,0,Q4_clearest,1,9424,2483,0.92029,0.98969,0.98388,0.99557
J_liot_s2,J_liot,01,20,Q1_dimmest,161,4597,1791,0.56555,0.54671,0.55366,0.53992
J_liot_s2,J_liot,01,20,Q2,38,6946,2500,0.76325,0.82963,0.7889,0.8748
J_liot_s2,J_liot,01,20,Q3,11,8473,2538,0.84225,0.95396,0.93913,0.96927
J_liot_s2,J_liot,01,20,Q4_clearest,1,9424,2483,0.92029,0.98969,0.98388,0.99557
J_liot_s2,J_liot,02,0,Q1_dimmest,208,5691,1790,0.50774,0.4587,0.48629,0.43408
J_liot_s2,J_liot,02,0,Q2,39,6606,1861,0.78673,0.7775,0.72295,0.84095
J_liot_s2,J_liot,02,0,Q3,5,8662,2260,0.88604,0.95112,0.92381,0.98009
J_liot_s2,J_liot,02,0,Q4_clearest,0,12831,3378,0.95732,0.9927,0.98551,1.0
J_liot_s2,J_liot,02,20,Q1_dimmest,191,5691,1790,0.50614,0.45473,0.49557,0.42011
J_liot_s2,J_liot,02,20,Q2,34,6606,1861,0.78665,0.77641,0.73421,0.82375
J_liot_s2,J_liot,02,20,Q3,4,8662,2260,0.8864,0.95252,0.92845,0.97788
J_liot_s2,J_liot,02,20,Q4_clearest,0,12831,3378,0.95742,0.99314,0.98636,1.0
J_liot_s2,J_liot,03,0,Q1_dimmest,249,10358,3377,0.54859,0.51804,0.561,0.4812
J_liot_s2,J_liot,03,0,Q2,29,9353,2708,0.81298,0.85436,0.82309,0.88811
J_liot_s2,J_liot,03,0,Q3,7,8095,2089,0.91979,0.96362,0.95841,0.96888
J_liot_s2,J_liot,03,0,Q4_clearest,0,5087,1047,0.98556,0.99867,0.99735,1.0
J_liot_s2,J_liot,03,20,Q1_dimmest,227,10358,3377,0.54808,0.51963,0.58151,0.46965
J_liot_s2,J_liot,03,20,Q2,28,9353,2708,0.81321,0.85746,0.83407,0.8822
J_liot_s2,J_liot,03,20,Q3,7,8095,2089,0.91995,0.96444,0.96097,0.96793
J_liot_s2,J_liot,03,20,Q4_clearest,0,5087,1047,0.98556,0.99867,0.99735,1.0
J_liot_s2,J_liot,04,0,Q1_dimmest,199,7750,3035,0.5267,0.45367,0.60173,0.36409
J_liot_s2,J_liot,04,0,Q2,30,6017,1865,0.79434,0.83053,0.80156,0.86166
J_liot_s2,J_liot,04,0,Q3,5,6293,1680,0.88952,0.95952,0.9462,0.97321
J_liot_s2,J_liot,04,0,Q4_clearest,1,10294,2346,0.9707,0.99281,0.98822,0.99744
J_liot_s2,J_liot,04,20,Q1_dimmest,179,7750,3035,0.5219,0.44332,0.60572,0.34959
J_liot_s2,J_liot,04,20,Q2,24,6017,1865,0.793,0.82626,0.80441,0.84933
J_liot_s2,J_liot,04,20,Q3,5,6293,1680,0.88938,0.95799,0.94604,0.97024
J_liot_s2,J_liot,04,20,Q4_clearest,1,10294,2346,0.97107,0.99365,0.9903,0.99702
J_liot_s2,J_liot,05,0,Q1_dimmest,268,9685,3539,0.49271,0.41524,0.5804,0.32326
J_liot_s2,J_liot,05,0,Q2,23,7440,2198,0.84484,0.85895,0.85759,0.86033
J_liot_s2,J_liot,05,0,Q3,1,7606,2186,0.93038,0.98176,0.98045,0.98307
J_liot_s2,J_liot,05,0,Q4_clearest,0,6179,1663,0.97554,0.99702,0.99705,0.99699
J_liot_s2,J_liot,05,20,Q1_dimmest,244,9685,3539,0.48796,0.40383,0.58623,0.308
J_liot_s2,J_liot,05,20,Q2,21,7440,2198,0.8447,0.8601,0.8654,0.85487
J_liot_s2,J_liot,05,20,Q3,1,7606,2186,0.93069,0.98195,0.98221,0.9817
J_liot_s2,J_liot,05,20,Q4_clearest,0,6179,1663,0.97554,0.99702,0.99705,0.99699
J_liot_s2,J_liot,06,0,Q1_dimmest,322,10790,3981,0.49626,0.46357,0.60815,0.37453
J_liot_s2,J_liot,06,0,Q2,39,7933,2378,0.83545,0.82658,0.8467,0.8074
J_liot_s2,J_liot,06,0,Q3,0,7891,2229,0.93494,0.98324,0.97601,0.99058
J_liot_s2,J_liot,06,0,Q4_clearest,1,5502,1401,0.97531,0.99714,0.99714,0.99714
J_liot_s2,J_liot,06,20,Q1_dimmest,292,10790,3981,0.49398,0.45858,0.63474,0.35896
J_liot_s2,J_liot,06,20,Q2,33,7933,2378,0.83449,0.82338,0.85654,0.79268
J_liot_s2,J_liot,06,20,Q3,0,7891,2229,0.93462,0.98255,0.97596,0.98923
J_liot_s2,J_liot,06,20,Q4_clearest,1,5502,1401,0.97531,0.99714,0.99714,0.99714
J_liot_s2,J_liot,07,0,Q1_dimmest,215,8316,2808,0.48841,0.42929,0.63842,0.32336
J_liot_s2,J_liot,07,0,Q2,36,7149,2172,0.82131,0.82548,0.84624,0.80571
J_liot_s2,J_liot,07,0,Q3,5,7254,1955,0.90851,0.96699,0.95427,0.98005
J_liot_s2,J_liot,07,0,Q4_clearest,1,7433,2033,0.96935,0.99319,0.98791,0.99852
J_liot_s2,J_liot,07,20,Q1_dimmest,196,8316,2808,0.48629,0.42293,0.66771,0.30947
J_liot_s2,J_liot,07,20,Q2,30,7149,2172,0.82165,0.82759,0.85959,0.79788
J_liot_s2,J_liot,07,20,Q3,5,7254,1955,0.90864,0.96718,0.95659,0.97801
J_liot_s2,J_liot,07,20,Q4_clearest,1,7433,2033,0.9696,0.99391,0.98935,0.99852
J_liot_s2,J_liot,08,0,Q1_dimmest,243,9976,3245,0.52398,0.47647,0.62119,0.38644
J_liot_s2,J_liot,08,0,Q2,23,8461,2479,0.84583,0.86066,0.84682,0.87495
J_liot_s2,J_liot,08,0,Q3,1,6640,1970,0.92865,0.97673,0.97179,0.98173
J_liot_s2,J_liot,08,0,Q4_clearest,0,3312,891,0.97384,0.99269,0.99436,0.99102
J_liot_s2,J_liot,08,20,Q1_dimmest,222,9976,3245,0.52264,0.47401,0.63331,0.37874
J_liot_s2,J_liot,08,20,Q2,19,8461,2479,0.84615,0.86157,0.85436,0.8689
J_liot_s2,J_liot,08,20,Q3,1,6640,1970,0.92863,0.97695,0.97271,0.98122
J_liot_s2,J_liot,08,20,Q4_clearest,0,3312,891,0.97384,0.99269,0.99436,0.99102
J_liot_s2,J_liot,09,0,Q1_dimmest,227,9368,3406,0.58273,0.57267,0.64401,0.51556
J_liot_s2,J_liot,09,0,Q2,15,7639,2383,0.84519,0.89117,0.85235,0.9337
J_liot_s2,J_liot,09,0,Q3,2,6249,1936,0.92522,0.98184,0.96869,0.99535
J_liot_s2,J_liot,09,0,Q4_clearest,1,3485,1001,0.97775,0.99754,0.99709,0.998
J_liot_s2,J_liot,09,20,Q1_dimmest,218,9368,3406,0.58109,0.57135,0.65929,0.50411
J_liot_s2,J_liot,09,20,Q2,13,7639,2383,0.84461,0.89072,0.8547,0.92992
J_liot_s2,J_liot,09,20,Q3,2,6249,1936,0.92522,0.98184,0.96869,0.99535
J_liot_s2,J_liot,09,20,Q4_clearest,1,3485,1001,0.97788,0.99803,0.99806,0.998
J_liot_s2,J_liot,10,0,Q1_dimmest,271,7560,3177,0.51288,0.45629,0.56276,0.3837
J_liot_s2,J_liot,10,0,Q2,35,6756,2369,0.80701,0.80864,0.7877,0.83073
J_liot_s2,J_liot,10,0,Q3,5,6741,2035,0.89281,0.95864,0.93878,0.97936
J_liot_s2,J_liot,10,0,Q4_clearest,1,6099,1556,0.95431,0.99044,0.98354,0.99743
J_liot_s2,J_liot,10,20,Q1_dimmest,255,7560,3177,0.5123,0.45429,0.57637,0.37488
J_liot_s2,J_liot,10,20,Q2,32,6756,2369,0.80584,0.80611,0.7894,0.82355
J_liot_s2,J_liot,10,20,Q3,5,6741,2035,0.89319,0.96022,0.94272,0.97838
J_liot_s2,J_liot,10,20,Q4_clearest,1,6099,1556,0.95431,0.99044,0.98354,0.99743
J_liot_s2,J_liot,11,0,Q1_dimmest,277,6386,2930,0.47101,0.40043,0.49727,0.33515
J_liot_s2,J_liot,11,0,Q2,52,5601,2186,0.76746,0.75149,0.73561,0.76807
J_liot_s2,J_liot,11,0,Q3,7,6593,2129,0.84923,0.92411,0.89319,0.95726
J_liot_s2,J_liot,11,0,Q4_clearest,8,10959,3211,0.93105,0.97551,0.97221,0.97882
J_liot_s2,J_liot,11,20,Q1_dimmest,254,6386,2930,0.46837,0.39415,0.50333,0.32389
J_liot_s2,J_liot,11,20,Q2,50,5601,2186,0.76785,0.75281,0.74459,0.76121
J_liot_s2,J_liot,11,20,Q3,6,6593,2129,0.84923,0.92423,0.89504,0.95538
J_liot_s2,J_liot,11,20,Q4_clearest,8,10959,3211,0.93077,0.97518,0.97217,0.9782
J_liot_s2,J_liot,12,0,Q1_dimmest,226,6741,2151,0.58359,0.5773,0.62866,0.53371
J_liot_s2,J_liot,12,0,Q2,45,7686,2661,0.81514,0.85251,0.81752,0.89064
J_liot_s2,J_liot,12,0,Q3,4,7976,2374,0.88198,0.95441,0.93185,0.9781
J_liot_s2,J_liot,12,0,Q4_clearest,0,6087,1526,0.95088,0.99316,0.98706,0.99934
J_liot_s2,J_liot,12,20,Q1_dimmest,220,6741,2151,0.58306,0.5804,0.64835,0.52534
J_liot_s2,J_liot,12,20,Q2,41,7686,2661,0.81502,0.85315,0.82188,0.88688
J_liot_s2,J_liot,12,20,Q3,3,7976,2374,0.88133,0.95335,0.93174,0.97599
J_liot_s2,J_liot,12,20,Q4_clearest,0,6087,1526,0.95055,0.99218,0.98704,0.99738
J_liot_s2,J_liot,13,0,Q1_dimmest,249,8947,3161,0.56608,0.52943,0.59819,0.47485
J_liot_s2,J_liot,13,0,Q2,43,7970,2798,0.81005,0.81789,0.79446,0.84274
J_liot_s2,J_liot,13,0,Q3,5,7295,2120,0.9016,0.96006,0.94468,0.97594
J_liot_s2,J_liot,13,0,Q4_clearest,0,8047,2107,0.97296,0.99809,0.99619,1.0
J_liot_s2,J_liot,13,20,Q1_dimmest,234,8947,3161,0.56838,0.53515,0.63249,0.46378
J_liot_s2,J_liot,13,20,Q2,39,7970,2798,0.81075,0.81923,0.80151,0.83774
J_liot_s2,J_liot,13,20,Q3,5,7295,2120,0.90166,0.96029,0.94512,0.97594
J_liot_s2,J_liot,13,20,Q4_clearest,0,8047,2107,0.97296,0.99809,0.99619,1.0
J_liot_s2,J_liot,14,0,Q1_dimmest,187,4886,1623,0.53403,0.50357,0.5174,0.49045
J_liot_s2,J_liot,14,0,Q2,47,6453,2243,0.78138,0.79805,0.7495,0.85332
J_liot_s2,J_liot,14,0,Q3,3,8104,2470,0.86687,0.94409,0.90439,0.98745
J_liot_s2,J_liot,14,0,Q4_clearest,0,7234,2022,0.94793,0.99117,0.98345,0.99901
J_liot_s2,J_liot,14,20,Q1_dimmest,174,4886,1623,0.53719,0.51254,0.54985,0.47998
J_liot_s2,J_liot,14,20,Q2,47,6453,2243,0.78191,0.79914,0.7592,0.84351
J_liot_s2,J_liot,14,20,Q3,3,8104,2470,0.86853,0.94879,0.91304,0.98745
J_liot_s2,J_liot,14,20,Q4_clearest,0,7234,2022,0.94793,0.99117,0.98345,0.99901
J_liot_s2,J_liot,15,0,Q1_dimmest,157,4357,1638,0.53312,0.51299,0.55347,0.47802
J_liot_s2,J_liot,15,0,Q2,22,5141,1751,0.77146,0.79543,0.7218,0.88578
J_liot_s2,J_liot,15,0,Q3,1,6066,1760,0.84062,0.93776,0.88865,0.99261
J_liot_s2,J_liot,15,0,Q4_clearest,1,8050,2502,0.93033,0.98702,0.97513,0.9992
J_liot_s2,J_liot,15,20,Q1_dimmest,149,4357,1638,0.53323,0.51448,0.56992,0.46886
J_liot_s2,J_liot,15,20,Q2,20,5141,1751,0.77203,0.7977,0.7271,0.8835
J_liot_s2,J_liot,15,20,Q3,1,6066,1760,0.84145,0.94016,0.89297,0.99261
J_liot_s2,J_liot,15,20,Q4_clearest,1,8050,2502,0.9305,0.9876,0.97626,0.9992
J_liot_s2,J_liot,16,0,Q1_dimmest,218,6445,1959,0.59389,0.61487,0.68094,0.56049
J_liot_s2,J_liot,16,0,Q2,44,6977,2256,0.8326,0.88437,0.88354,0.8852
J_liot_s2,J_liot,16,0,Q3,2,7630,2131,0.88658,0.96186,0.93557,0.98968
J_liot_s2,J_liot,16,0,Q4_clearest,4,8739,2466,0.93822,0.98246,0.96896,0.99635
J_liot_s2,J_liot,16,20,Q1_dimmest,207,6445,1959,0.59613,0.62398,0.72136,0.54977
J_liot_s2,J_liot,16,20,Q2,37,6977,2256,0.83207,0.88536,0.89274,0.8781
J_liot_s2,J_liot,16,20,Q3,2,7630,2131,0.88677,0.96238,0.93782,0.98827
J_liot_s2,J_liot,16,20,Q4_clearest,3,8739,2466,0.9384,0.98323,0.97083,0.99594
J_liot_s2,J_liot,17,0,Q1_dimmest,239,7862,2585,0.59494,0.60657,0.73248,0.5176
J_liot_s2,J_liot,17,0,Q2,26,7104,2140,0.83177,0.87892,0.87471,0.88318
J_liot_s2,J_liot,17,0,Q3,5,7222,1826,0.89459,0.97203,0.96181,0.98248
J_liot_s2,J_liot,17,0,Q4_clearest,2,5664,1433,0.92196,0.98996,0.98554,0.99442
J_liot_s2,J_liot,17,20,Q1_dimmest,224,7862,2585,0.59279,0.60568,0.76127,0.5029
J_liot_s2,J_liot,17,20,Q2,21,7104,2140,0.83032,0.87834,0.88146,0.87523
J_liot_s2,J_liot,17,20,Q3,3,7222,1826,0.89438,0.97147,0.96175,0.98138
J_liot_s2,J_liot,17,20,Q4_clearest,1,5664,1433,0.92212,0.99068,0.98697,0.99442
J_liot_s2,J_liot,18,0,Q1_dimmest,165,4966,1759,0.60265,0.60004,0.64105,0.56396
J_liot_s2,J_liot,18,0,Q2,31,6044,1968,0.7995,0.87281,0.8355,0.91362
J_liot_s2,J_liot,18,0,Q3,3,7429,2081,0.83443,0.96277,0.93366,0.99375
J_liot_s2,J_liot,18,0,Q4_clearest,1,7705,1851,0.88811,0.98476,0.97253,0.9973
J_liot_s2,J_liot,18,20,Q1_dimmest,159,4966,1759,0.6061,0.61073,0.6791,0.55486
J_liot_s2,J_liot,18,20,Q2,29,6044,1968,0.79994,0.875,0.84517,0.90701
J_liot_s2,J_liot,18,20,Q3,3,7429,2081,0.83521,0.96623,0.94105,0.99279
J_liot_s2,J_liot,18,20,Q4_clearest,1,7705,1851,0.88877,0.98687,0.97666,0.9973
J_liot_s2,J_liot,19,0,Q1_dimmest,146,3731,1722,0.62095,0.65142,0.69692,0.6115
J_liot_s2,J_liot,19,0,Q2,30,6957,2067,0.78278,0.84931,0.78195,0.92937
J_liot_s2,J_liot,19,0,Q3,2,8771,2610,0.874,0.96381,0.94171,0.98697
J_liot_s2,J_liot,19,0,Q4_clearest,0,7909,2077,0.95664,0.99391,0.98789,1.0
J_liot_s2,J_liot,19,20,Q1_dimmest,125,3731,1722,0.61826,0.64783,0.71993,0.58885
J_liot_s2,J_liot,19,20,Q2,29,6957,2067,0.78413,0.85618,0.80234,0.91776
J_liot_s2,J_liot,19,20,Q3,2,8771,2610,0.87436,0.96474,0.94559,0.98467
J_liot_s2,J_liot,19,20,Q4_clearest,0,7909,2077,0.95664,0.99391,0.98789,1.0
J_liot_s2,J_liot,20,0,Q1_dimmest,173,5411,1924,0.61996,0.63088,0.62268,0.63929
J_liot_s2,J_liot,20,0,Q2,30,7210,2225,0.79004,0.85774,0.79207,0.93528
J_liot_s2,J_liot,20,0,Q3,3,6951,2027,0.85355,0.94913,0.91519,0.98569
J_liot_s2,J_liot,20,0,Q4_clearest,1,4693,1197,0.93775,0.98491,0.97746,0.99248
J_liot_s2,J_liot,20,20,Q1_dimmest,164,5411,1924,0.62383,0.64294,0.65149,0.63462
J_liot_s2,J_liot,20,20,Q2,28,7210,2225,0.79161,0.8636,0.80715,0.92854
J_liot_s2,J_liot,20,20,Q3,3,6951,2027,0.85399,0.95123,0.91953,0.9852
J_liot_s2,J_liot,20,20,Q4_clearest,1,4693,1197,0.93847,0.98727,0.98375,0.99081
K_focal_aug_s0,K_focal_aug,01,0,Q1_dimmest,121,4597,1791,0.58364,0.61615,0.56359,0.67951
K_focal_aug_s0,K_focal_aug,01,0,Q2,24,6946,2500,0.73586,0.86179,0.8041,0.9284
K_focal_aug_s0,K_focal_aug,01,0,Q3,5,8473,2538,0.84557,0.96501,0.94945,0.98109
K_focal_aug_s0,K_focal_aug,01,0,Q4_clearest,0,9424,2483,0.92287,0.99255,0.98639,0.99879
K_focal_aug_s0,K_focal_aug,01,20,Q1_dimmest,110,4597,1791,0.58169,0.61243,0.56356,0.67058
K_focal_aug_s0,K_focal_aug,01,20,Q2,23,6946,2500,0.73553,0.86129,0.80655,0.924
K_focal_aug_s0,K_focal_aug,01,20,Q3,4,8473,2538,0.84537,0.96494,0.9508,0.97951
K_focal_aug_s0,K_focal_aug,01,20,Q4_clearest,0,9424,2483,0.92287,0.99255,0.98639,0.99879
K_focal_aug_s0,K_focal_aug,02,0,Q1_dimmest,146,5691,1790,0.49758,0.5084,0.46722,0.55754
K_focal_aug_s0,K_focal_aug,02,0,Q2,24,6606,1861,0.75416,0.81795,0.76034,0.88501
K_focal_aug_s0,K_focal_aug,02,0,Q3,3,8662,2260,0.88551,0.96607,0.94303,0.99027
K_focal_aug_s0,K_focal_aug,02,0,Q4_clearest,0,12831,3378,0.96111,0.99451,0.98936,0.9997
K_focal_aug_s0,K_focal_aug,02,20,Q1_dimmest,138,5691,1790,0.49805,0.50964,0.47254,0.55307
K_focal_aug_s0,K_focal_aug,02,20,Q2,24,6606,1861,0.75445,0.81787,0.763,0.88125
K_focal_aug_s0,K_focal_aug,02,20,Q3,3,8662,2260,0.88638,0.96842,0.94792,0.98982
K_focal_aug_s0,K_focal_aug,02,20,Q4_clearest,0,12831,3378,0.96136,0.99479,0.98992,0.9997
K_focal_aug_s0,K_focal_aug,03,0,Q1_dimmest,185,10358,3377,0.50858,0.51276,0.6004,0.44744
K_focal_aug_s0,K_focal_aug,03,0,Q2,19,9353,2708,0.7969,0.87009,0.86832,0.87186
K_focal_aug_s0,K_focal_aug,03,0,Q3,5,8095,2089,0.92616,0.97273,0.97709,0.96841
K_focal_aug_s0,K_focal_aug,03,0,Q4_clearest,0,5087,1047,0.98613,0.99816,0.99824,0.99809
K_focal_aug_s0,K_focal_aug,03,20,Q1_dimmest,169,10358,3377,0.50643,0.50976,0.61088,0.43737
K_focal_aug_s0,K_focal_aug,03,20,Q2,17,9353,2708,0.7961,0.86792,0.8699,0.86595
K_focal_aug_s0,K_focal_aug,03,20,Q3,5,8095,2089,0.92597,0.97223,0.97707,0.96745
K_focal_aug_s0,K_focal_aug,03,20,Q4_clearest,0,5087,1047,0.98613,0.99816,0.99824,0.99809
K_focal_aug_s0,K_focal_aug,04,0,Q1_dimmest,127,7750,3035,0.51231,0.49586,0.60982,0.41779
K_focal_aug_s0,K_focal_aug,04,0,Q2,17,6017,1865,0.76359,0.83893,0.80073,0.88097
K_focal_aug_s0,K_focal_aug,04,0,Q3,3,6293,1680,0.89789,0.97141,0.95528,0.9881
K_focal_aug_s0,K_focal_aug,04,0,Q4_clearest,0,10294,2346,0.97417,0.99481,0.99009,0.99957
K_focal_aug_s0,K_focal_aug,04,20,Q1_dimmest,115,7750,3035,0.51082,0.49255,0.61475,0.41087
K_focal_aug_s0,K_focal_aug,04,20,Q2,14,6017,1865,0.76255,0.83541,0.79963,0.87453
K_focal_aug_s0,K_focal_aug,04,20,Q3,2,6293,1680,0.89781,0.97111,0.95526,0.9875
K_focal_aug_s0,K_focal_aug,04,20,Q4_clearest,0,10294,2346,0.97417,0.99481,0.99009,0.99957
K_focal_aug_s0,K_focal_aug,05,0,Q1_dimmest,199,9685,3539,0.51787,0.47463,0.60293,0.39135
K_focal_aug_s0,K_focal_aug,05,0,Q2,15,7440,2198,0.81884,0.87443,0.86248,0.88672
K_focal_aug_s0,K_focal_aug,05,0,Q3,3,7606,2186,0.93025,0.98647,0.98168,0.99131
K_focal_aug_s0,K_focal_aug,05,0,Q4_clearest,0,6179,1663,0.97575,0.99855,0.99831,0.9988
K_focal_aug_s0,K_focal_aug,05,20,Q1_dimmest,178,9685,3539,0.5148,0.46747,0.60638,0.38033
K_focal_aug_s0,K_focal_aug,05,20,Q2,13,7440,2198,0.8182,0.87336,0.86516,0.88171
K_focal_aug_s0,K_focal_aug,05,20,Q3,3,7606,2186,0.93017,0.98645,0.9821,0.99085
K_focal_aug_s0,K_focal_aug,05,20,Q4_clearest,0,6179,1663,0.97567,0.99825,0.99831,0.9982
K_focal_aug_s0,K_focal_aug,06,0,Q1_dimmest,219,10790,3981,0.53804,0.50728,0.63406,0.42276
K_focal_aug_s0,K_focal_aug,06,0,Q2,18,7933,2378,0.8092,0.84729,0.85934,0.83558
K_focal_aug_s0,K_focal_aug,06,0,Q3,0,7891,2229,0.93633,0.98689,0.97929,0.99462
K_focal_aug_s0,K_focal_aug,06,0,Q4_clearest,1,5502,1401,0.97837,0.99618,0.9938,0.99857
K_focal_aug_s0,K_focal_aug,06,20,Q1_dimmest,203,10790,3981,0.53627,0.50316,0.64075,0.41422
K_focal_aug_s0,K_focal_aug,06,20,Q2,18,7933,2378,0.809,0.84675,0.86227,0.83179
K_focal_aug_s0,K_focal_aug,06,20,Q3,0,7891,2229,0.93631,0.98665,0.97969,0.99372
K_focal_aug_s0,K_focal_aug,06,20,Q4_clearest,1,5502,1401,0.97837,0.99618,0.9938,0.99857
K_focal_aug_s0,K_focal_aug,07,0,Q1_dimmest,149,8316,2808,0.52242,0.49132,0.6856,0.38283
K_focal_aug_s0,K_focal_aug,07,0,Q2,25,7149,2172,0.79697,0.84449,0.86845,0.82182
K_focal_aug_s0,K_focal_aug,07,0,Q3,4,7254,1955,0.91338,0.97082,0.96176,0.98005
K_focal_aug_s0,K_focal_aug,07,0,Q4_clearest,0,7433,2033,0.97188,0.99614,0.99377,0.99852
K_focal_aug_s0,K_focal_aug,07,20,Q1_dimmest,136,8316,2808,0.52156,0.48712,0.69125,0.37607
K_focal_aug_s0,K_focal_aug,07,20,Q2,23,7149,2172,0.79699,0.84342,0.86979,0.8186
K_focal_aug_s0,K_focal_aug,07,20,Q3,4,7254,1955,0.91344,0.97106,0.96224,0.98005
K_focal_aug_s0,K_focal_aug,07,20,Q4_clearest,0,7433,2033,0.97188,0.99614,0.99377,0.99852
K_focal_aug_s0,K_focal_aug,08,0,Q1_dimmest,181,9976,3245,0.54913,0.53739,0.66979,0.44869
K_focal_aug_s0,K_focal_aug,08,0,Q2,13,8461,2479,0.827,0.87542,0.87149,0.87939
K_focal_aug_s0,K_focal_aug,08,0,Q3,1,6640,1970,0.92478,0.97788,0.97406,0.98173
K_focal_aug_s0,K_focal_aug,08,0,Q4_clearest,0,3312,891,0.97645,0.99222,0.99118,0.99327
K_focal_aug_s0,K_focal_aug,08,20,Q1_dimmest,158,9976,3245,0.54701,0.53411,0.68904,0.43606
K_focal_aug_s0,K_focal_aug,08,20,Q2,10,8461,2479,0.82672,0.87471,0.87689,0.87253
K_focal_aug_s0,K_focal_aug,08,20,Q3,1,6640,1970,0.92498,0.97812,0.97453,0.98173
K_focal_aug_s0,K_focal_aug,08,20,Q4_clearest,0,3312,891,0.97645,0.99222,0.99118,0.99327
K_focal_aug_s0,K_focal_aug,09,0,Q1_dimmest,170,9368,3406,0.573,0.58788,0.64686,0.53876
K_focal_aug_s0,K_focal_aug,09,0,Q2,9,7639,2383,0.81828,0.90698,0.87511,0.94125
K_focal_aug_s0,K_focal_aug,09,0,Q3,0,6249,1936,0.92987,0.98761,0.97948,0.99587
K_focal_aug_s0,K_focal_aug,09,0,Q4_clearest,0,3485,1001,0.98027,0.9985,1.0,0.997
K_focal_aug_s0,K_focal_aug,09,20,Q1_dimmest,159,9368,3406,0.57219,0.58737,0.65295,0.53376
K_focal_aug_s0,K_focal_aug,09,20,Q2,9,7639,2383,0.81772,0.90651,0.87643,0.93873
K_focal_aug_s0,K_focal_aug,09,20,Q3,0,6249,1936,0.93015,0.98761,0.97948,0.99587
K_focal_aug_s0,K_focal_aug,09,20,Q4_clearest,0,3485,1001,0.98027,0.9985,1.0,0.997
K_focal_aug_s0,K_focal_aug,10,0,Q1_dimmest,175,7560,3177,0.52883,0.52751,0.58266,0.4819
K_focal_aug_s0,K_focal_aug,10,0,Q2,20,6756,2369,0.77843,0.84054,0.80508,0.87927
K_focal_aug_s0,K_focal_aug,10,0,Q3,2,6741,2035,0.89237,0.96895,0.94727,0.99165
K_focal_aug_s0,K_focal_aug,10,0,Q4_clearest,0,6099,1556,0.95746,0.99361,0.98731,1.0
K_focal_aug_s0,K_focal_aug,10,20,Q1_dimmest,159,7560,3177,0.52735,0.52471,0.58848,0.4734
K_focal_aug_s0,K_focal_aug,10,20,Q2,15,6756,2369,0.77755,0.83803,0.80834,0.86999
K_focal_aug_s0,K_focal_aug,10,20,Q3,2,6741,2035,0.89226,0.96817,0.94803,0.98919
K_focal_aug_s0,K_focal_aug,10,20,Q4_clearest,0,6099,1556,0.95746,0.99361,0.98731,1.0
K_focal_aug_s0,K_focal_aug,11,0,Q1_dimmest,193,6386,2930,0.48459,0.46775,0.54281,0.41092
K_focal_aug_s0,K_focal_aug,11,0,Q2,31,5601,2186,0.72369,0.76535,0.71982,0.81702
K_focal_aug_s0,K_focal_aug,11,0,Q3,4,6593,2129,0.83319,0.92916,0.89609,0.96477
K_focal_aug_s0,K_focal_aug,11,0,Q4_clearest,2,10959,3211,0.93535,0.98168,0.96664,0.9972
K_focal_aug_s0,K_focal_aug,11,20,Q1_dimmest,170,6386,2930,0.47991,0.45537,0.5462,0.39044
K_focal_aug_s0,K_focal_aug,11,20,Q2,29,5601,2186,0.72214,0.76015,0.71993,0.80512
K_focal_aug_s0,K_focal_aug,11,20,Q3,5,6593,2129,0.83358,0.92938,0.8969,0.9643
K_focal_aug_s0,K_focal_aug,11,20,Q4_clearest,1,10959,3211,0.93535,0.98168,0.96693,0.99689
K_focal_aug_s0,K_focal_aug,12,0,Q1_dimmest,125,6741,2151,0.59201,0.6278,0.66492,0.59461
K_focal_aug_s0,K_focal_aug,12,0,Q2,31,7686,2661,0.77431,0.86306,0.83847,0.88914
K_focal_aug_s0,K_focal_aug,12,0,Q3,2,7976,2374,0.87484,0.9655,0.94691,0.98484
K_focal_aug_s0,K_focal_aug,12,0,Q4_clearest,0,6087,1526,0.95188,0.99694,0.99389,1.0
K_focal_aug_s0,K_focal_aug,12,20,Q1_dimmest,119,6741,2151,0.58904,0.62334,0.67092,0.58205
K_focal_aug_s0,K_focal_aug,12,20,Q2,28,7686,2661,0.77395,0.86313,0.84266,0.88463
K_focal_aug_s0,K_focal_aug,12,20,Q3,2,7976,2374,0.87489,0.9657,0.94728,0.98484
K_focal_aug_s0,K_focal_aug,12,20,Q4_clearest,0,6087,1526,0.95188,0.99694,0.99389,1.0
K_focal_aug_s0,K_focal_aug,13,0,Q1_dimmest,156,8947,3161,0.54509,0.55536,0.62425,0.50016
K_focal_aug_s0,K_focal_aug,13,0,Q2,27,7970,2798,0.76404,0.83614,0.80735,0.86705
K_focal_aug_s0,K_focal_aug,13,0,Q3,4,7295,2120,0.89872,0.9727,0.95901,0.98679
K_focal_aug_s0,K_focal_aug,13,0,Q4_clearest,0,8047,2107,0.97539,0.99861,0.99723,1.0
K_focal_aug_s0,K_focal_aug,13,20,Q1_dimmest,146,8947,3161,0.54409,0.5528,0.6293,0.49288
K_focal_aug_s0,K_focal_aug,13,20,Q2,24,7970,2798,0.76378,0.8356,0.80978,0.86312
K_focal_aug_s0,K_focal_aug,13,20,Q3,3,7295,2120,0.89892,0.97336,0.96074,0.98632
K_focal_aug_s0,K_focal_aug,13,20,Q4_clearest,0,8047,2107,0.97539,0.99861,0.99723,1.0
K_focal_aug_s0,K_focal_aug,14,0,Q1_dimmest,110,4886,1623,0.5292,0.55223,0.49952,0.61738
K_focal_aug_s0,K_focal_aug,14,0,Q2,28,6453,2243,0.73755,0.80854,0.74238,0.88765
K_focal_aug_s0,K_focal_aug,14,0,Q3,0,8104,2470,0.86027,0.95792,0.92374,0.99474
K_focal_aug_s0,K_focal_aug,14,0,Q4_clearest,0,7234,2022,0.94896,0.99516,0.99036,1.0
K_focal_aug_s0,K_focal_aug,14,20,Q1_dimmest,107,4886,1623,0.53168,0.55843,0.5136,0.61183
K_focal_aug_s0,K_focal_aug,14,20,Q2,28,6453,2243,0.73889,0.81226,0.74963,0.88631
K_focal_aug_s0,K_focal_aug,14,20,Q3,0,8104,2470,0.86064,0.95909,0.92591,0.99474
K_focal_aug_s0,K_focal_aug,14,20,Q4_clearest,0,7234,2022,0.94896,0.99516,0.99036,1.0
K_focal_aug_s0,K_focal_aug,15,0,Q1_dimmest,102,4357,1638,0.53454,0.57334,0.56745,0.57937
K_focal_aug_s0,K_focal_aug,15,0,Q2,11,5141,1751,0.7334,0.82991,0.75357,0.92347
K_focal_aug_s0,K_focal_aug,15,0,Q3,2,6066,1760,0.83038,0.94834,0.9069,0.99375
K_focal_aug_s0,K_focal_aug,15,0,Q4_clearest,0,8050,2502,0.9337,0.99309,0.98627,1.0
K_focal_aug_s0,K_focal_aug,15,20,Q1_dimmest,97,4357,1638,0.5367,0.58188,0.58693,0.57692
K_focal_aug_s0,K_focal_aug,15,20,Q2,11,5141,1751,0.73497,0.83412,0.76131,0.92233
K_focal_aug_s0,K_focal_aug,15,20,Q3,2,6066,1760,0.83142,0.951,0.91178,0.99375
K_focal_aug_s0,K_focal_aug,15,20,Q4_clearest,0,8050,2502,0.93419,0.99347,0.98702,1.0
K_focal_aug_s0,K_focal_aug,16,0,Q1_dimmest,122,6445,1959,0.64099,0.68451,0.71997,0.65237
K_focal_aug_s0,K_focal_aug,16,0,Q2,21,6977,2256,0.80547,0.91273,0.91057,0.91489
K_focal_aug_s0,K_focal_aug,16,0,Q3,0,7630,2131,0.8746,0.97046,0.94981,0.99202
K_focal_aug_s0,K_focal_aug,16,0,Q4_clearest,1,8739,2466,0.94098,0.98976,0.98012,0.99959
K_focal_aug_s0,K_focal_aug,16,20,Q1_dimmest,117,6445,1959,0.64052,0.68756,0.73385,0.64676
K_focal_aug_s0,K_focal_aug,16,20,Q2,17,6977,2256,0.80435,0.91051,0.91145,0.90957
K_focal_aug_s0,K_focal_aug,16,20,Q3,0,7630,2131,0.87489,0.97168,0.95258,0.99155
K_focal_aug_s0,K_focal_aug,16,20,Q4_clearest,1,8739,2466,0.94103,0.98996,0.98051,0.99959
K_focal_aug_s0,K_focal_aug,17,0,Q1_dimmest,155,7862,2585,0.64129,0.67405,0.7478,0.61354
K_focal_aug_s0,K_focal_aug,17,0,Q2,18,7104,2140,0.81648,0.89972,0.89712,0.90234
K_focal_aug_s0,K_focal_aug,17,0,Q3,1,7222,1826,0.8926,0.98009,0.97395,0.98631
K_focal_aug_s0,K_focal_aug,17,0,Q4_clearest,0,5664,1433,0.92324,0.99206,0.98696,0.99721
K_focal_aug_s0,K_focal_aug,17,20,Q1_dimmest,149,7862,2585,0.64218,0.67661,0.76126,0.6089
K_focal_aug_s0,K_focal_aug,17,20,Q2,18,7104,2140,0.81709,0.89999,0.90281,0.8972
K_focal_aug_s0,K_focal_aug,17,20,Q3,1,7222,1826,0.89262,0.98009,0.97395,0.98631
K_focal_aug_s0,K_focal_aug,17,20,Q4_clearest,0,5664,1433,0.92324,0.99206,0.98696,0.99721
K_focal_aug_s0,K_focal_aug,18,0,Q1_dimmest,106,4966,1759,0.64923,0.69676,0.72744,0.66856
K_focal_aug_s0,K_focal_aug,18,0,Q2,18,6044,1968,0.77487,0.89348,0.87098,0.91717
K_focal_aug_s0,K_focal_aug,18,0,Q3,1,7429,2081,0.83678,0.9754,0.95593,0.99568
K_focal_aug_s0,K_focal_aug,18,0,Q4_clearest,0,7705,1851,0.89547,0.98999,0.98017,1.0
K_focal_aug_s0,K_focal_aug,18,20,Q1_dimmest,103,4966,1759,0.64983,0.69952,0.73833,0.66458
K_focal_aug_s0,K_focal_aug,18,20,Q2,17,6044,1968,0.77469,0.89318,0.87317,0.91413
K_focal_aug_s0,K_focal_aug,18,20,Q3,1,7429,2081,0.8371,0.97715,0.95931,0.99568
K_focal_aug_s0,K_focal_aug,18,20,Q4_clearest,0,7705,1851,0.89547,0.98999,0.98017,1.0
K_focal_aug_s0,K_focal_aug,19,0,Q1_dimmest,78,3731,1722,0.62452,0.7208,0.74643,0.69686
K_focal_aug_s0,K_focal_aug,19,0,Q2,25,6957,2067,0.74012,0.86746,0.80389,0.94194
K_focal_aug_s0,K_focal_aug,19,0,Q3,0,8771,2610,0.87053,0.97528,0.95808,0.9931
K_focal_aug_s0,K_focal_aug,19,0,Q4_clearest,0,7909,2077,0.96034,0.99757,0.99611,0.99904
K_focal_aug_s0,K_focal_aug,19,20,Q1_dimmest,72,3731,1722,0.6243,0.72183,0.75687,0.6899
K_focal_aug_s0,K_focal_aug,19,20,Q2,23,6957,2067,0.74321,0.87692,0.82251,0.93904
K_focal_aug_s0,K_focal_aug,19,20,Q3,0,8771,2610,0.87141,0.97711,0.96306,0.99157
K_focal_aug_s0,K_focal_aug,19,20,Q4_clearest,0,7909,2077,0.96034,0.99757,0.99611,0.99904
K_focal_aug_s0,K_focal_aug,20,0,Q1_dimmest,126,5411,1924,0.62852,0.68509,0.62943,0.75156
K_focal_aug_s0,K_focal_aug,20,0,Q2,13,7210,2225,0.76676,0.87279,0.80136,0.9582
K_focal_aug_s0,K_focal_aug,20,0,Q3,3,6951,2027,0.84612,0.9491,0.90679,0.99556
K_focal_aug_s0,K_focal_aug,20,0,Q4_clearest,0,4693,1197,0.93712,0.99004,0.98028,1.0
K_focal_aug_s0,K_focal_aug,20,20,Q1_dimmest,118,5411,1924,0.62808,0.68724,0.64062,0.74116
K_focal_aug_s0,K_focal_aug,20,20,Q2,12,7210,2225,0.76897,0.88057,0.81818,0.95326
K_focal_aug_s0,K_focal_aug,20,20,Q3,3,6951,2027,0.84685,0.95099,0.91025,0.99556
K_focal_aug_s0,K_focal_aug,20,20,Q4_clearest,0,4693,1197,0.93712,0.99004,0.98028,1.0
K_focal_aug_s1,K_focal_aug,01,0,Q1_dimmest,162,4597,1791,0.58891,0.58134,0.55457,0.61083
K_focal_aug_s1,K_focal_aug,01,0,Q2,35,6946,2500,0.75027,0.85958,0.81318,0.9116
K_focal_aug_s1,K_focal_aug,01,0,Q3,7,8473,2538,0.8379,0.96399,0.9508,0.97754
K_focal_aug_s1,K_focal_aug,01,0,Q4_clearest,2,9424,2483,0.91659,0.99084,0.98538,0.99638
K_focal_aug_s1,K_focal_aug,01,20,Q1_dimmest,147,4597,1791,0.59068,0.58799,0.58692,0.58906
K_focal_aug_s1,K_focal_aug,01,20,Q2,35,6946,2500,0.74924,0.85794,0.81963,0.9
K_focal_aug_s1,K_focal_aug,01,20,Q3,5,8473,2538,0.83884,0.96636,0.95657,0.97636
K_focal_aug_s1,K_focal_aug,01,20,Q4_clearest,2,9424,2483,0.91672,0.99124,0.98615,0.99638
K_focal_aug_s1,K_focal_aug,02,0,Q1_dimmest,183,5691,1790,0.50489,0.47256,0.46285,0.48268
K_focal_aug_s1,K_focal_aug,02,0,Q2,30,6606,1861,0.77258,0.79785,0.73372,0.87426
K_focal_aug_s1,K_focal_aug,02,0,Q3,1,8662,2260,0.87946,0.96035,0.92985,0.99292
K_focal_aug_s1,K_focal_aug,02,0,Q4_clearest,0,12831,3378,0.95707,0.99475,0.98956,1.0
K_focal_aug_s1,K_focal_aug,02,20,Q1_dimmest,169,5691,1790,0.50576,0.47908,0.4881,0.47039
K_focal_aug_s1,K_focal_aug,02,20,Q2,24,6606,1861,0.77123,0.79441,0.73751,0.86083
K_focal_aug_s1,K_focal_aug,02,20,Q3,1,8662,2260,0.88086,0.96586,0.94064,0.99248
K_focal_aug_s1,K_focal_aug,02,20,Q4_clearest,0,12831,3378,0.95707,0.99475,0.98956,1.0
K_focal_aug_s1,K_focal_aug,03,0,Q1_dimmest,230,10358,3377,0.5225,0.51261,0.60323,0.44566
K_focal_aug_s1,K_focal_aug,03,0,Q2,28,9353,2708,0.80499,0.871,0.85973,0.88257
K_focal_aug_s1,K_focal_aug,03,0,Q3,5,8095,2089,0.92282,0.97718,0.97449,0.97989
K_focal_aug_s1,K_focal_aug,03,0,Q4_clearest,0,5087,1047,0.98595,0.99914,0.99829,1.0
K_focal_aug_s1,K_focal_aug,03,20,Q1_dimmest,210,10358,3377,0.52079,0.50798,0.61933,0.43056
K_focal_aug_s1,K_focal_aug,03,20,Q2,26,9353,2708,0.8047,0.87001,0.86203,0.87814
K_focal_aug_s1,K_focal_aug,03,20,Q3,4,8095,2089,0.92296,0.97803,0.97665,0.97942
K_focal_aug_s1,K_focal_aug,03,20,Q4_clearest,0,5087,1047,0.98595,0.99914,0.99829,1.0
K_focal_aug_s1,K_focal_aug,04,0,Q1_dimmest,170,7750,3035,0.52272,0.47891,0.57332,0.4112
K_focal_aug_s1,K_focal_aug,04,0,Q2,20,6017,1865,0.78406,0.83836,0.79792,0.88311
K_focal_aug_s1,K_focal_aug,04,0,Q3,4,6293,1680,0.88932,0.97127,0.95556,0.9875
K_focal_aug_s1,K_focal_aug,04,0,Q4_clearest,1,10294,2346,0.9699,0.99067,0.98233,0.99915
K_focal_aug_s1,K_focal_aug,04,20,Q1_dimmest,149,7750,3035,0.52143,0.47777,0.59455,0.39934
K_focal_aug_s1,K_focal_aug,04,20,Q2,15,6017,1865,0.7816,0.83158,0.798,0.8681
K_focal_aug_s1,K_focal_aug,04,20,Q3,3,6293,1680,0.88906,0.97093,0.95603,0.98631
K_focal_aug_s1,K_focal_aug,04,20,Q4_clearest,1,10294,2346,0.96985,0.99045,0.98232,0.99872
K_focal_aug_s1,K_focal_aug,05,0,Q1_dimmest,247,9685,3539,0.51514,0.44266,0.58731,0.35519
K_focal_aug_s1,K_focal_aug,05,0,Q2,15,7440,2198,0.83434,0.8717,0.85423,0.8899
K_focal_aug_s1,K_focal_aug,05,0,Q3,1,7606,2186,0.92644,0.98543,0.98187,0.98902
K_focal_aug_s1,K_focal_aug,05,0,Q4_clearest,0,6179,1663,0.97374,0.99853,0.99887,0.9982
K_focal_aug_s1,K_focal_aug,05,20,Q1_dimmest,228,9685,3539,0.51108,0.43498,0.59855,0.34162
K_focal_aug_s1,K_focal_aug,05,20,Q2,11,7440,2198,0.83332,0.86763,0.85744,0.87807
K_focal_aug_s1,K_focal_aug,05,20,Q3,1,7606,2186,0.92609,0.98448,0.98225,0.98673
K_focal_aug_s1,K_focal_aug,05,20,Q4_clearest,0,6179,1663,0.97382,0.99882,0.99944,0.9982
K_focal_aug_s1,K_focal_aug,06,0,Q1_dimmest,277,10790,3981,0.5297,0.48391,0.60508,0.40317
K_focal_aug_s1,K_focal_aug,06,0,Q2,29,7933,2378,0.82601,0.84255,0.8631,0.82296
K_focal_aug_s1,K_focal_aug,06,0,Q3,1,7891,2229,0.93142,0.98383,0.97629,0.99148
K_focal_aug_s1,K_focal_aug,06,0,Q4_clearest,0,5502,1401,0.97804,0.9993,0.9986,1.0
K_focal_aug_s1,K_focal_aug,06,20,Q1_dimmest,254,10790,3981,0.53085,0.48737,0.63909,0.39387
K_focal_aug_s1,K_focal_aug,06,20,Q2,22,7933,2378,0.82437,0.83735,0.87207,0.8053
K_focal_aug_s1,K_focal_aug,06,20,Q3,1,7891,2229,0.93119,0.98266,0.97704,0.98834
K_focal_aug_s1,K_focal_aug,06,20,Q4_clearest,0,5502,1401,0.97795,0.99894,0.9986,0.99929
K_focal_aug_s1,K_focal_aug,07,0,Q1_dimmest,194,8316,2808,0.53608,0.48206,0.62653,0.39174
K_focal_aug_s1,K_focal_aug,07,0,Q2,27,7149,2172,0.81307,0.84751,0.85779,0.83748
K_focal_aug_s1,K_focal_aug,07,0,Q3,4,7254,1955,0.90722,0.97237,0.96333,0.98159
K_focal_aug_s1,K_focal_aug,07,0,Q4_clearest,0,7433,2033,0.9688,0.99688,0.99476,0.99902
K_focal_aug_s1,K_focal_aug,07,20,Q1_dimmest,180,8316,2808,0.53538,0.4798,0.64761,0.38105
K_focal_aug_s1,K_focal_aug,07,20,Q2,21,7149,2172,0.8135,0.84936,0.8736,0.82643
K_focal_aug_s1,K_focal_aug,07,20,Q3,4,7254,1955,0.90884,0.97469,0.96989,0.97954
K_focal_aug_s1,K_focal_aug,07,20,Q4_clearest,0,7433,2033,0.9688,0.99688,0.99476,0.99902
K_focal_aug_s1,K_focal_aug,08,0,Q1_dimmest,224,9976,3245,0.55854,0.51974,0.62047,0.44715
K_focal_aug_s1,K_focal_aug,08,0,Q2,20,8461,2479,0.8395,0.88204,0.8682,0.89633
K_focal_aug_s1,K_focal_aug,08,0,Q3,2,6640,1970,0.92201,0.97937,0.97453,0.98426
K_focal_aug_s1,K_focal_aug,08,0,Q4_clearest,0,3312,891,0.97575,0.99447,0.99455,0.99439
K_focal_aug_s1,K_focal_aug,08,20,Q1_dimmest,205,9976,3245,0.55902,0.52256,0.64982,0.43698
K_focal_aug_s1,K_focal_aug,08,20,Q2,19,8461,2479,0.83957,0.88159,0.87658,0.88665
K_focal_aug_s1,K_focal_aug,08,20,Q3,2,6640,1970,0.92285,0.98217,0.98008,0.98426
K_focal_aug_s1,K_focal_aug,08,20,Q4_clearest,0,3312,891,0.97575,0.99447,0.99455,0.99439
K_focal_aug_s1,K_focal_aug,09,0,Q1_dimmest,193,9368,3406,0.58971,0.59515,0.65304,0.54668
K_focal_aug_s1,K_focal_aug,09,0,Q2,16,7639,2383,0.82764,0.91028,0.88165,0.94083
K_focal_aug_s1,K_focal_aug,09,0,Q3,0,6249,1936,0.92474,0.98951,0.97974,0.99948
K_focal_aug_s1,K_focal_aug,09,0,Q4_clearest,0,3485,1001,0.9788,1.0,1.0,1.0
K_focal_aug_s1,K_focal_aug,09,20,Q1_dimmest,172,9368,3406,0.58777,0.59093,0.66272,0.53318
K_focal_aug_s1,K_focal_aug,09,20,Q2,16,7639,2383,0.82696,0.90844,0.88264,0.9358
K_focal_aug_s1,K_focal_aug,09,20,Q3,0,6249,1936,0.92474,0.98951,0.97974,0.99948
K_focal_aug_s1,K_focal_aug,09,20,Q4_clearest,0,3485,1001,0.9788,1.0,1.0,1.0
K_focal_aug_s1,K_focal_aug,10,0,Q1_dimmest,236,7560,3177,0.53787,0.48177,0.54079,0.43437
K_focal_aug_s1,K_focal_aug,10,0,Q2,28,6756,2369,0.79677,0.83609,0.80402,0.87083
K_focal_aug_s1,K_focal_aug,10,0,Q3,1,6741,2035,0.8893,0.96905,0.94791,0.99115
K_focal_aug_s1,K_focal_aug,10,0,Q4_clearest,0,6099,1556,0.95496,0.99646,0.99421,0.99871
K_focal_aug_s1,K_focal_aug,10,20,Q1_dimmest,210,7560,3177,0.53681,0.47788,0.55445,0.41989
K_focal_aug_s1,K_focal_aug,10,20,Q2,26,6756,2369,0.79543,0.83305,0.8075,0.86028
K_focal_aug_s1,K_focal_aug,10,20,Q3,1,6741,2035,0.89,0.97062,0.95319,0.9887
K_focal_aug_s1,K_focal_aug,10,20,Q4_clearest,0,6099,1556,0.95496,0.99646,0.99421,0.99871
K_focal_aug_s1,K_focal_aug,11,0,Q1_dimmest,267,6386,2930,0.4862,0.42565,0.48848,0.37713
K_focal_aug_s1,K_focal_aug,11,0,Q2,38,5601,2186,0.74662,0.76855,0.73064,0.81061
K_focal_aug_s1,K_focal_aug,11,0,Q3,6,6593,2129,0.83079,0.92869,0.8916,0.969
K_focal_aug_s1,K_focal_aug,11,0,Q4_clearest,1,10959,3211,0.93425,0.98413,0.96993,0.99875
K_focal_aug_s1,K_focal_aug,11,20,Q1_dimmest,242,6386,2930,0.48501,0.42385,0.50563,0.36485
K_focal_aug_s1,K_focal_aug,11,20,Q2,28,5601,2186,0.74644,0.7688,0.74423,0.79506
K_focal_aug_s1,K_focal_aug,11,20,Q3,5,6593,2129,0.83123,0.93045,0.89768,0.96571
K_focal_aug_s1,K_focal_aug,11,20,Q4_clearest,1,10959,3211,0.93421,0.98397,0.96992,0.99844
K_focal_aug_s1,K_focal_aug,12,0,Q1_dimmest,190,6741,2151,0.57516,0.55613,0.61078,0.51046
K_focal_aug_s1,K_focal_aug,12,0,Q2,44,7686,2661,0.78538,0.8415,0.81582,0.86885
K_focal_aug_s1,K_focal_aug,12,0,Q3,3,7976,2374,0.8679,0.95694,0.94057,0.97388
K_focal_aug_s1,K_focal_aug,12,0,Q4_clearest,0,6087,1526,0.94867,0.99455,0.98916,1.0
K_focal_aug_s1,K_focal_aug,12,20,Q1_dimmest,170,6741,2151,0.57614,0.56088,0.64286,0.49744
K_focal_aug_s1,K_focal_aug,12,20,Q2,37,7686,2661,0.78434,0.83822,0.82111,0.85607
K_focal_aug_s1,K_focal_aug,12,20,Q3,3,7976,2374,0.86802,0.95747,0.94239,0.97304
K_focal_aug_s1,K_focal_aug,12,20,Q4_clearest,0,6087,1526,0.94867,0.99455,0.98916,1.0
K_focal_aug_s1,K_focal_aug,13,0,Q1_dimmest,201,8947,3161,0.5676,0.54655,0.59612,0.50459
K_focal_aug_s1,K_focal_aug,13,0,Q2,33,7970,2798,0.78083,0.84332,0.80784,0.88206
K_focal_aug_s1,K_focal_aug,13,0,Q3,2,7295,2120,0.89051,0.97268,0.95763,0.98821
K_focal_aug_s1,K_focal_aug,13,0,Q4_clearest,0,8047,2107,0.97209,0.99884,0.99769,1.0
K_focal_aug_s1,K_focal_aug,13,20,Q1_dimmest,182,8947,3161,0.5679,0.54735,0.61097,0.49573
K_focal_aug_s1,K_focal_aug,13,20,Q2,32,7970,2798,0.78069,0.84344,0.81822,0.87026
K_focal_aug_s1,K_focal_aug,13,20,Q3,2,7295,2120,0.89025,0.97193,0.95885,0.98538
K_focal_aug_s1,K_focal_aug,13,20,Q4_clearest,0,8047,2107,0.97209,0.99884,0.99769,1.0
K_focal_aug_s1,K_focal_aug,14,0,Q1_dimmest,169,4886,1623,0.52741,0.49619,0.46606,0.5305
K_focal_aug_s1,K_focal_aug,14,0,Q2,43,6453,2243,0.75677,0.79751,0.73439,0.87249
K_focal_aug_s1,K_focal_aug,14,0,Q3,0,8104,2470,0.85423,0.953,0.91531,0.99393
K_focal_aug_s1,K_focal_aug,14,0,Q4_clearest,0,7234,2022,0.94506,0.99422,0.98851,1.0
K_focal_aug_s1,K_focal_aug,14,20,Q1_dimmest,149,4886,1623,0.53146,0.50553,0.50157,0.50955
K_focal_aug_s1,K_focal_aug,14,20,Q2,35,6453,2243,0.75759,0.80024,0.7513,0.856
K_focal_aug_s1,K_focal_aug,14,20,Q3,0,8104,2470,0.85497,0.95509,0.91952,0.99352
K_focal_aug_s1,K_focal_aug,14,20,Q4_clearest,0,7234,2022,0.94506,0.99422,0.98851,1.0
K_focal_aug_s1,K_focal_aug,15,0,Q1_dimmest,137,4357,1638,0.53779,0.53616,0.53691,0.53541
K_focal_aug_s1,K_focal_aug,15,0,Q2,10,5141,1751,0.75323,0.82553,0.75284,0.91376
K_focal_aug_s1,K_focal_aug,15,0,Q3,0,6066,1760,0.82593,0.94779,0.90355,0.99659
K_focal_aug_s1,K_focal_aug,15,0,Q4_clearest,0,8050,2502,0.92625,0.98882,0.97788,1.0
K_focal_aug_s1,K_focal_aug,15,20,Q1_dimmest,130,4357,1638,0.53973,0.54613,0.56475,0.52869
K_focal_aug_s1,K_focal_aug,15,20,Q2,10,5141,1751,0.75335,0.82683,0.76095,0.9052
K_focal_aug_s1,K_focal_aug,15,20,Q3,0,6066,1760,0.82705,0.95069,0.91026,0.99489
K_focal_aug_s1,K_focal_aug,15,20,Q4_clearest,0,8050,2502,0.92683,0.98996,0.98012,1.0
K_focal_aug_s1,K_focal_aug,16,0,Q1_dimmest,205,6445,1959,0.6331,0.63916,0.68809,0.59673
K_focal_aug_s1,K_focal_aug,16,0,Q2,29,6977,2256,0.81548,0.90246,0.89675,0.90824
K_focal_aug_s1,K_focal_aug,16,0,Q3,1,7630,2131,0.86689,0.96882,0.94582,0.99296
K_focal_aug_s1,K_focal_aug,16,0,Q4_clearest,0,8739,2466,0.9344,0.98722,0.97516,0.99959
K_focal_aug_s1,K_focal_aug,16,20,Q1_dimmest,193,6445,1959,0.63362,0.64379,0.71345,0.58652
K_focal_aug_s1,K_focal_aug,16,20,Q2,23,6977,2256,0.81708,0.90967,0.91882,0.90071
K_focal_aug_s1,K_focal_aug,16,20,Q3,1,7630,2131,0.86812,0.9725,0.95416,0.99155
K_focal_aug_s1,K_focal_aug,16,20,Q4_clearest,0,8739,2466,0.93465,0.98781,0.97629,0.99959
K_focal_aug_s1,K_focal_aug,17,0,Q1_dimmest,218,7862,2585,0.62914,0.63338,0.70693,0.57369
K_focal_aug_s1,K_focal_aug,17,0,Q2,18,7104,2140,0.82023,0.88215,0.86285,0.90234
K_focal_aug_s1,K_focal_aug,17,0,Q3,6,7222,1826,0.88452,0.97468,0.96228,0.9874
K_focal_aug_s1,K_focal_aug,17,0,Q4_clearest,0,5664,1433,0.91956,0.99029,0.98211,0.9986
K_focal_aug_s1,K_focal_aug,17,20,Q1_dimmest,189,7862,2585,0.62961,0.63802,0.74036,0.56054
K_focal_aug_s1,K_focal_aug,17,20,Q2,16,7104,2140,0.82032,0.8837,0.87325,0.89439
K_focal_aug_s1,K_focal_aug,17,20,Q3,6,7222,1826,0.88627,0.98131,0.97583,0.98686
K_focal_aug_s1,K_focal_aug,17,20,Q4_clearest,0,5664,1433,0.92046,0.99304,0.98754,0.9986
K_focal_aug_s1,K_focal_aug,18,0,Q1_dimmest,155,4966,1759,0.63181,0.63598,0.64759,0.62479
K_focal_aug_s1,K_focal_aug,18,0,Q2,27,6044,1968,0.78352,0.88777,0.85274,0.92581
K_focal_aug_s1,K_focal_aug,18,0,Q3,3,7429,2081,0.81865,0.96129,0.93471,0.98943
K_focal_aug_s1,K_focal_aug,18,0,Q4_clearest,0,7705,1851,0.88729,0.98771,0.97623,0.99946
K_focal_aug_s1,K_focal_aug,18,20,Q1_dimmest,144,4966,1759,0.63383,0.64126,0.66638,0.61796
K_focal_aug_s1,K_focal_aug,18,20,Q2,24,6044,1968,0.78275,0.8892,0.85932,0.92124
K_focal_aug_s1,K_focal_aug,18,20,Q3,3,7429,2081,0.81905,0.96315,0.93823,0.98943
K_focal_aug_s1,K_focal_aug,18,20,Q4_clearest,0,7705,1851,0.8878,0.98973,0.98019,0.99946
K_focal_aug_s1,K_focal_aug,19,0,Q1_dimmest,124,3731,1722,0.61829,0.66545,0.67496,0.65621
K_focal_aug_s1,K_focal_aug,19,0,Q2,26,6957,2067,0.7567,0.86247,0.79263,0.94582
K_focal_aug_s1,K_focal_aug,19,0,Q3,2,8771,2610,0.86389,0.97063,0.94811,0.99425
K_focal_aug_s1,K_focal_aug,19,0,Q4_clearest,0,7909,2077,0.95418,0.99585,0.99174,1.0
K_focal_aug_s1,K_focal_aug,19,20,Q1_dimmest,115,3731,1722,0.61806,0.66503,0.68614,0.64518
K_focal_aug_s1,K_focal_aug,19,20,Q2,23,6957,2067,0.76006,0.87508,0.81964,0.93856
K_focal_aug_s1,K_focal_aug,19,20,Q3,1,8771,2610,0.86353,0.96975,0.95204,0.98812
K_focal_aug_s1,K_focal_aug,19,20,Q4_clearest,0,7909,2077,0.9543,0.99634,0.99271,1.0
K_focal_aug_s1,K_focal_aug,20,0,Q1_dimmest,161,5411,1924,0.61622,0.63293,0.5882,0.68503
K_focal_aug_s1,K_focal_aug,20,0,Q2,20,7210,2225,0.77393,0.86574,0.79325,0.95281
K_focal_aug_s1,K_focal_aug,20,0,Q3,2,6951,2027,0.8469,0.94808,0.90738,0.9926
K_focal_aug_s1,K_focal_aug,20,0,Q4_clearest,0,4693,1197,0.93336,0.98795,0.97778,0.99833
K_focal_aug_s1,K_focal_aug,20,20,Q1_dimmest,160,5411,1924,0.61889,0.64155,0.6057,0.68191
K_focal_aug_s1,K_focal_aug,20,20,Q2,17,7210,2225,0.77632,0.8728,0.80615,0.95146
K_focal_aug_s1,K_focal_aug,20,20,Q3,3,6951,2027,0.84932,0.95464,0.92033,0.99161
K_focal_aug_s1,K_focal_aug,20,20,Q4_clearest,0,4693,1197,0.93336,0.98795,0.97778,0.99833
K_focal_aug_s2,K_focal_aug,01,0,Q1_dimmest,130,4597,1791,0.59878,0.5914,0.5461,0.64489
K_focal_aug_s2,K_focal_aug,01,0,Q2,19,6946,2500,0.75304,0.86372,0.80656,0.9296
K_focal_aug_s2,K_focal_aug,01,0,Q3,5,8473,2538,0.83568,0.9602,0.94126,0.97991
K_focal_aug_s2,K_focal_aug,01,0,Q4_clearest,0,9424,2483,0.91755,0.99087,0.98386,0.99799
K_focal_aug_s2,K_focal_aug,01,20,Q1_dimmest,124,4597,1791,0.6004,0.59547,0.55683,0.63987
K_focal_aug_s2,K_focal_aug,01,20,Q2,18,6946,2500,0.75299,0.86364,0.80824,0.9272
K_focal_aug_s2,K_focal_aug,01,20,Q3,5,8473,2538,0.83676,0.96312,0.94727,0.97951
K_focal_aug_s2,K_focal_aug,01,20,Q4_clearest,0,9424,2483,0.91755,0.99087,0.98386,0.99799
K_focal_aug_s2,K_focal_aug,02,0,Q1_dimmest,174,5691,1790,0.52358,0.49857,0.49281,0.50447
K_focal_aug_s2,K_focal_aug,02,0,Q2,28,6606,1861,0.77378,0.80539,0.74194,0.88071
K_focal_aug_s2,K_focal_aug,02,0,Q3,2,8662,2260,0.8814,0.95928,0.93096,0.98938
K_focal_aug_s2,K_focal_aug,02,0,Q4_clearest,0,12831,3378,0.95871,0.99472,0.98949,1.0
K_focal_aug_s2,K_focal_aug,02,20,Q1_dimmest,160,5691,1790,0.52279,0.49668,0.5036,0.48994
K_focal_aug_s2,K_focal_aug,02,20,Q2,25,6606,1861,0.77329,0.80427,0.75182,0.86459
K_focal_aug_s2,K_focal_aug,02,20,Q3,2,8662,2260,0.88259,0.96205,0.93618,0.98938
K_focal_aug_s2,K_focal_aug,02,20,Q4_clearest,0,12831,3378,0.95882,0.99514,0.99033,1.0
K_focal_aug_s2,K_focal_aug,03,0,Q1_dimmest,215,10358,3377,0.52745,0.4995,0.5925,0.43174
K_focal_aug_s2,K_focal_aug,03,0,Q2,19,9353,2708,0.80376,0.86568,0.84909,0.88294
K_focal_aug_s2,K_focal_aug,03,0,Q3,5,8095,2089,0.92056,0.97643,0.97631,0.97654
K_focal_aug_s2,K_focal_aug,03,0,Q4_clearest,0,5087,1047,0.9846,0.99909,0.99914,0.99904
K_focal_aug_s2,K_focal_aug,03,20,Q1_dimmest,201,10358,3377,0.52524,0.49348,0.60014,0.41901
K_focal_aug_s2,K_focal_aug,03,20,Q2,16,9353,2708,0.80385,0.8649,0.85171,0.87851
K_focal_aug_s2,K_focal_aug,03,20,Q3,4,8095,2089,0.92017,0.97512,0.97753,0.97271
K_focal_aug_s2,K_focal_aug,03,20,Q4_clearest,0,5087,1047,0.9846,0.99909,0.99914,0.99904
K_focal_aug_s2,K_focal_aug,04,0,Q1_dimmest,152,7750,3035,0.51462,0.4626,0.59052,0.38023
K_focal_aug_s2,K_focal_aug,04,0,Q2,15,6017,1865,0.77842,0.8349,0.78784,0.88794
K_focal_aug_s2,K_focal_aug,04,0,Q3,1,6293,1680,0.88951,0.97513,0.96081,0.98988
K_focal_aug_s2,K_focal_aug,04,0,Q4_clearest,1,10294,2346,0.97063,0.99099,0.98754,0.99446
K_focal_aug_s2,K_focal_aug,04,20,Q1_dimmest,137,7750,3035,0.51212,0.45691,0.60681,0.36639
K_focal_aug_s2,K_focal_aug,04,20,Q2,9,6017,1865,0.77674,0.83046,0.79061,0.87453
K_focal_aug_s2,K_focal_aug,04,20,Q3,1,6293,1680,0.88943,0.97449,0.96238,0.9869
K_focal_aug_s2,K_focal_aug,04,20,Q4_clearest,1,10294,2346,0.97072,0.9914,0.98836,0.99446
K_focal_aug_s2,K_focal_aug,05,0,Q1_dimmest,209,9685,3539,0.52303,0.44172,0.60502,0.34784
K_focal_aug_s2,K_focal_aug,05,0,Q2,12,7440,2198,0.83284,0.87205,0.86259,0.88171
K_focal_aug_s2,K_focal_aug,05,0,Q3,1,7606,2186,0.92572,0.98572,0.97752,0.99405
K_focal_aug_s2,K_focal_aug,05,0,Q4_clearest,0,6179,1663,0.9736,0.99713,0.99488,0.9994
K_focal_aug_s2,K_focal_aug,05,20,Q1_dimmest,199,9685,3539,0.52217,0.44007,0.62102,0.34077
K_focal_aug_s2,K_focal_aug,05,20,Q2,12,7440,2198,0.83235,0.87057,0.86452,0.87671
K_focal_aug_s2,K_focal_aug,05,20,Q3,1,7606,2186,0.92552,0.98503,0.97749,0.99268
K_focal_aug_s2,K_focal_aug,05,20,Q4_clearest,0,6179,1663,0.9736,0.99713,0.99488,0.9994
K_focal_aug_s2,K_focal_aug,06,0,Q1_dimmest,261,10790,3981,0.54304,0.48543,0.65578,0.38533
K_focal_aug_s2,K_focal_aug,06,0,Q2,23,7933,2378,0.82889,0.8549,0.86521,0.84483
K_focal_aug_s2,K_focal_aug,06,0,Q3,1,7891,2229,0.92872,0.98773,0.98008,0.99551
K_focal_aug_s2,K_focal_aug,06,0,Q4_clearest,0,5502,1401,0.97634,0.99792,0.99656,0.99929
K_focal_aug_s2,K_focal_aug,06,20,Q1_dimmest,225,10790,3981,0.54099,0.48001,0.67885,0.37126
K_focal_aug_s2,K_focal_aug,06,20,Q2,22,7933,2378,0.82695,0.84954,0.8667,0.83305
K_focal_aug_s2,K_focal_aug,06,20,Q3,1,7891,2229,0.9287,0.9875,0.98048,0.99462
K_focal_aug_s2,K_focal_aug,06,20,Q4_clearest,0,5502,1401,0.97634,0.99792,0.99656,0.99929
K_focal_aug_s2,K_focal_aug,07,0,Q1_dimmest,173,8316,2808,0.53165,0.47185,0.6768,0.36218
K_focal_aug_s2,K_focal_aug,07,0,Q2,23,7149,2172,0.81346,0.84747,0.86358,0.83195
K_focal_aug_s2,K_focal_aug,07,0,Q3,5,7254,1955,0.91135,0.97537,0.96725,0.98363
K_focal_aug_s2,K_focal_aug,07,0,Q4_clearest,0,7433,2033,0.9708,0.99735,0.99617,0.99852
K_focal_aug_s2,K_focal_aug,07,20,Q1_dimmest,158,8316,2808,0.53143,0.47163,0.70499,0.35434
K_focal_aug_s2,K_focal_aug,07,20,Q2,19,7149,2172,0.81325,0.8469,0.86841,0.82643
K_focal_aug_s2,K_focal_aug,07,20,Q3,5,7254,1955,0.91129,0.97509,0.96769,0.98261
K_focal_aug_s2,K_focal_aug,07,20,Q4_clearest,0,7433,2033,0.9708,0.99735,0.99617,0.99852
K_focal_aug_s2,K_focal_aug,08,0,Q1_dimmest,197,9976,3245,0.56397,0.51362,0.67183,0.41572
K_focal_aug_s2,K_focal_aug,08,0,Q2,13,8461,2479,0.83772,0.87831,0.86589,0.89109
K_focal_aug_s2,K_focal_aug,08,0,Q3,2,6640,1970,0.92208,0.9791,0.97448,0.98376
K_focal_aug_s2,K_focal_aug,08,0,Q4_clearest,0,3312,891,0.9765,0.99505,0.99459,0.99551
K_focal_aug_s2,K_focal_aug,08,20,Q1_dimmest,178,9976,3245,0.56196,0.51013,0.69461,0.40308
K_focal_aug_s2,K_focal_aug,08,20,Q2,12,8461,2479,0.83784,0.8792,0.87306,0.88544
K_focal_aug_s2,K_focal_aug,08,20,Q3,2,6640,1970,0.92267,0.98026,0.97679,0.98376
K_focal_aug_s2,K_focal_aug,08,20,Q4_clearest,0,3312,891,0.9765,0.99505,0.99459,0.99551
K_focal_aug_s2,K_focal_aug,09,0,Q1_dimmest,183,9368,3406,0.60075,0.58502,0.6849,0.51057
K_focal_aug_s2,K_focal_aug,09,0,Q2,10,7639,2383,0.82978,0.90365,0.87584,0.93328
K_focal_aug_s2,K_focal_aug,09,0,Q3,0,6249,1936,0.92447,0.98775,0.9763,0.99948
K_focal_aug_s2,K_focal_aug,09,0,Q4_clearest,0,3485,1001,0.97893,0.99903,0.99807,1.0
K_focal_aug_s2,K_focal_aug,09,20,Q1_dimmest,170,9368,3406,0.60023,0.58405,0.69246,0.50499
K_focal_aug_s2,K_focal_aug,09,20,Q2,10,7639,2383,0.82958,0.90326,0.87771,0.93034
K_focal_aug_s2,K_focal_aug,09,20,Q3,0,6249,1936,0.92447,0.98775,0.9763,0.99948
K_focal_aug_s2,K_focal_aug,09,20,Q4_clearest,0,3485,1001,0.97893,0.99903,0.99807,1.0
K_focal_aug_s2,K_focal_aug,10,0,Q1_dimmest,221,7560,3177,0.54516,0.48127,0.56769,0.41769
K_focal_aug_s2,K_focal_aug,10,0,Q2,19,6756,2369,0.79479,0.8327,0.79425,0.87505
K_focal_aug_s2,K_focal_aug,10,0,Q3,2,6741,2035,0.88859,0.97093,0.94926,0.99361
K_focal_aug_s2,K_focal_aug,10,0,Q4_clearest,0,6099,1556,0.95185,0.99126,0.98267,1.0
K_focal_aug_s2,K_focal_aug,10,20,Q1_dimmest,201,7560,3177,0.54192,0.47378,0.57302,0.40384
K_focal_aug_s2,K_focal_aug,10,20,Q2,19,6756,2369,0.79342,0.82796,0.79797,0.86028
K_focal_aug_s2,K_focal_aug,10,20,Q3,2,6741,2035,0.88989,0.9732,0.95497,0.99214
K_focal_aug_s2,K_focal_aug,10,20,Q4_clearest,0,6099,1556,0.95222,0.99254,0.9852,1.0
K_focal_aug_s2,K_focal_aug,11,0,Q1_dimmest,239,6386,2930,0.49325,0.4353,0.53726,0.36587
K_focal_aug_s2,K_focal_aug,11,0,Q2,30,5601,2186,0.74326,0.75773,0.70957,0.8129
K_focal_aug_s2,K_focal_aug,11,0,Q3,3,6593,2129,0.82897,0.92211,0.88504,0.96242
K_focal_aug_s2,K_focal_aug,11,0,Q4_clearest,0,10959,3211,0.93316,0.9826,0.96754,0.99813
K_focal_aug_s2,K_focal_aug,11,20,Q1_dimmest,209,6386,2930,0.48763,0.42094,0.53962,0.34505
K_focal_aug_s2,K_focal_aug,11,20,Q2,26,5601,2186,0.74202,0.75225,0.71679,0.7914
K_focal_aug_s2,K_focal_aug,11,20,Q3,3,6593,2129,0.83017,0.92599,0.89262,0.96195
K_focal_aug_s2,K_focal_aug,11,20,Q4_clearest,0,10959,3211,0.93316,0.9826,0.96754,0.99813
K_focal_aug_s2,K_focal_aug,12,0,Q1_dimmest,170,6741,2151,0.60504,0.60273,0.66874,0.54858
K_focal_aug_s2,K_focal_aug,12,0,Q2,35,7686,2661,0.79083,0.85503,0.82183,0.89102
K_focal_aug_s2,K_focal_aug,12,0,Q3,2,7976,2374,0.87104,0.96589,0.94649,0.9861
K_focal_aug_s2,K_focal_aug,12,0,Q4_clearest,0,6087,1526,0.94908,0.99338,0.98685,1.0
K_focal_aug_s2,K_focal_aug,12,20,Q1_dimmest,152,6741,2151,0.60374,0.60097,0.69472,0.52952
K_focal_aug_s2,K_focal_aug,12,20,Q2,32,7686,2661,0.79133,0.85573,0.83198,0.88087
K_focal_aug_s2,K_focal_aug,12,20,Q3,2,7976,2374,0.87133,0.96706,0.94875,0.9861
K_focal_aug_s2,K_focal_aug,12,20,Q4_clearest,0,6087,1526,0.94908,0.99338,0.98685,1.0
K_focal_aug_s2,K_focal_aug,13,0,Q1_dimmest,186,8947,3161,0.56212,0.54461,0.62201,0.48434
K_focal_aug_s2,K_focal_aug,13,0,Q2,34,7970,2798,0.7864,0.83458,0.79574,0.87741
K_focal_aug_s2,K_focal_aug,13,0,Q3,2,7295,2120,0.89435,0.96734,0.94519,0.99057
K_focal_aug_s2,K_focal_aug,13,0,Q4_clearest,0,8047,2107,0.97221,0.99862,0.99724,1.0
K_focal_aug_s2,K_focal_aug,13,20,Q1_dimmest,174,8947,3161,0.561,0.54149,0.62989,0.47485
K_focal_aug_s2,K_focal_aug,13,20,Q2,29,7970,2798,0.78624,0.8351,0.80451,0.86812
K_focal_aug_s2,K_focal_aug,13,20,Q3,2,7295,2120,0.89463,0.96799,0.94815,0.98868
K_focal_aug_s2,K_focal_aug,13,20,Q4_clearest,0,8047,2107,0.97221,0.99862,0.99724,1.0
K_focal_aug_s2,K_focal_aug,14,0,Q1_dimmest,157,4886,1623,0.54904,0.51471,0.49242,0.53913
K_focal_aug_s2,K_focal_aug,14,0,Q2,31,6453,2243,0.75475,0.80347,0.73541,0.88542
K_focal_aug_s2,K_focal_aug,14,0,Q3,0,8104,2470,0.85354,0.95342,0.91575,0.99433
K_focal_aug_s2,K_focal_aug,14,0,Q4_clearest,0,7234,2022,0.94413,0.99342,0.98692,1.0
K_focal_aug_s2,K_focal_aug,14,20,Q1_dimmest,144,4886,1623,0.55221,0.52472,0.51557,0.5342
K_focal_aug_s2,K_focal_aug,14,20,Q2,28,6453,2243,0.75509,0.80353,0.74306,0.87472
K_focal_aug_s2,K_focal_aug,14,20,Q3,0,8104,2470,0.85418,0.95557,0.92006,0.99393
K_focal_aug_s2,K_focal_aug,14,20,Q4_clearest,0,7234,2022,0.94413,0.99342,0.98692,1.0
K_focal_aug_s2,K_focal_aug,15,0,Q1_dimmest,130,4357,1638,0.54698,0.54784,0.56019,0.53602
K_focal_aug_s2,K_focal_aug,15,0,Q2,9,5141,1751,0.74731,0.82854,0.75283,0.92119
K_focal_aug_s2,K_focal_aug,15,0,Q3,1,6066,1760,0.8266,0.9543,0.91497,0.99716
K_focal_aug_s2,K_focal_aug,15,0,Q4_clearest,0,8050,2502,0.92593,0.98677,0.97389,1.0
K_focal_aug_s2,K_focal_aug,15,20,Q1_dimmest,122,4357,1638,0.54505,0.54194,0.56348,0.52198
K_focal_aug_s2,K_focal_aug,15,20,Q2,8,5141,1751,0.74749,0.82899,0.75783,0.91491
K_focal_aug_s2,K_focal_aug,15,20,Q3,1,6066,1760,0.82711,0.9567,0.9194,0.99716
K_focal_aug_s2,K_focal_aug,15,20,Q4_clearest,0,8050,2502,0.92609,0.98734,0.975,1.0
K_focal_aug_s2,K_focal_aug,16,0,Q1_dimmest,176,6445,1959,0.65832,0.67098,0.77058,0.59418
K_focal_aug_s2,K_focal_aug,16,0,Q2,18,6977,2256,0.81757,0.90533,0.90201,0.90869
K_focal_aug_s2,K_focal_aug,16,0,Q3,1,7630,2131,0.8671,0.96799,0.94467,0.99249
K_focal_aug_s2,K_focal_aug,16,0,Q4_clearest,0,8739,2466,0.93555,0.98716,0.97503,0.99959
K_focal_aug_s2,K_focal_aug,16,20,Q1_dimmest,170,6445,1959,0.65804,0.67347,0.78791,0.58806
K_focal_aug_s2,K_focal_aug,16,20,Q2,15,6977,2256,0.81834,0.90896,0.91508,0.90293
K_focal_aug_s2,K_focal_aug,16,20,Q3,0,7630,2131,0.86844,0.97102,0.95131,0.99155
K_focal_aug_s2,K_focal_aug,16,20,Q4_clearest,0,8739,2466,0.93615,0.98853,0.9777,0.99959
K_focal_aug_s2,K_focal_aug,17,0,Q1_dimmest,202,7862,2585,0.63701,0.63321,0.74238,0.55203
K_focal_aug_s2,K_focal_aug,17,0,Q2,20,7104,2140,0.82441,0.89607,0.88054,0.91215
K_focal_aug_s2,K_focal_aug,17,0,Q3,4,7222,1826,0.88101,0.97384,0.96167,0.98631
K_focal_aug_s2,K_focal_aug,17,0,Q4_clearest,0,5664,1433,0.91677,0.99424,0.98854,1.0
K_focal_aug_s2,K_focal_aug,17,20,Q1_dimmest,188,7862,2585,0.63749,0.63544,0.75948,0.54623
K_focal_aug_s2,K_focal_aug,17,20,Q2,20,7104,2140,0.82509,0.89888,0.89,0.90794
K_focal_aug_s2,K_focal_aug,17,20,Q3,4,7222,1826,0.882,0.97708,0.96802,0.98631
K_focal_aug_s2,K_focal_aug,17,20,Q4_clearest,0,5664,1433,0.91767,0.99626,0.99255,1.0
K_focal_aug_s2,K_focal_aug,18,0,Q1_dimmest,130,4966,1759,0.64134,0.64438,0.67795,0.61399
K_focal_aug_s2,K_focal_aug,18,0,Q2,22,6044,1968,0.78044,0.89027,0.85999,0.92276
K_focal_aug_s2,K_focal_aug,18,0,Q3,2,7429,2081,0.82468,0.96942,0.94581,0.99423
K_focal_aug_s2,K_focal_aug,18,0,Q4_clearest,0,7705,1851,0.88687,0.98957,0.97936,1.0
K_focal_aug_s2,K_focal_aug,18,20,Q1_dimmest,120,4966,1759,0.64153,0.64621,0.69136,0.60659
K_focal_aug_s2,K_focal_aug,18,20,Q2,20,6044,1968,0.77961,0.88734,0.86435,0.91159
K_focal_aug_s2,K_focal_aug,18,20,Q3,2,7429,2081,0.8256,0.97156,0.95078,0.99327
K_focal_aug_s2,K_focal_aug,18,20,Q4_clearest,0,7705,1851,0.88728,0.99138,0.98291,1.0
K_focal_aug_s2,K_focal_aug,19,0,Q1_dimmest,100,3731,1722,0.63223,0.68263,0.73064,0.64053
K_focal_aug_s2,K_focal_aug,19,0,Q2,22,6957,2067,0.75593,0.87441,0.81483,0.9434
K_focal_aug_s2,K_focal_aug,19,0,Q3,1,8771,2610,0.86181,0.97401,0.95422,0.99464
K_focal_aug_s2,K_focal_aug,19,0,Q4_clearest,0,7909,2077,0.95564,0.99585,0.99173,1.0
K_focal_aug_s2,K_focal_aug,19,20,Q1_dimmest,95,3731,1722,0.63294,0.68591,0.74688,0.63415
K_focal_aug_s2,K_focal_aug,19,20,Q2,22,6957,2067,0.7584,0.88287,0.83189,0.94049
K_focal_aug_s2,K_focal_aug,19,20,Q3,1,8771,2610,0.86196,0.97454,0.95631,0.99349
K_focal_aug_s2,K_focal_aug,19,20,Q4_clearest,0,7909,2077,0.95564,0.99585,0.99173,1.0
K_focal_aug_s2,K_focal_aug,20,0,Q1_dimmest,152,5411,1924,0.63705,0.65634,0.63039,0.68451
K_focal_aug_s2,K_focal_aug,20,0,Q2,14,7210,2225,0.77194,0.87384,0.80504,0.95551
K_focal_aug_s2,K_focal_aug,20,0,Q3,4,6951,2027,0.83786,0.94492,0.90161,0.9926
K_focal_aug_s2,K_focal_aug,20,0,Q4_clearest,1,4693,1197,0.92963,0.97954,0.96145,0.99833
K_focal_aug_s2,K_focal_aug,20,20,Q1_dimmest,146,5411,1924,0.63976,0.66403,0.65181,0.67672
K_focal_aug_s2,K_focal_aug,20,20,Q2,13,7210,2225,0.77263,0.87643,0.81204,0.95191
K_focal_aug_s2,K_focal_aug,20,20,Q3,5,6951,2027,0.83894,0.94735,0.90688,0.99161
K_focal_aug_s2,K_focal_aug,20,20,Q4_clearest,1,4693,1197,0.92907,0.97984,0.96279,0.99749
K_focal_aug_s3,K_focal_aug,01,0,Q1_dimmest,120,4597,1791,0.59064,0.59532,0.55283,0.64489
K_focal_aug_s3,K_focal_aug,01,0,Q2,15,6946,2500,0.74187,0.85219,0.79221,0.922
K_focal_aug_s3,K_focal_aug,01,0,Q3,7,8473,2538,0.83538,0.95897,0.947,0.97124
K_focal_aug_s3,K_focal_aug,01,0,Q4_clearest,0,9424,2483,0.91847,0.99066,0.98265,0.99879
K_focal_aug_s3,K_focal_aug,01,20,Q1_dimmest,108,4597,1791,0.59197,0.60063,0.57081,0.63372
K_focal_aug_s3,K_focal_aug,01,20,Q2,15,6946,2500,0.74127,0.85084,0.79584,0.914
K_focal_aug_s3,K_focal_aug,01,20,Q3,6,8473,2538,0.8349,0.95823,0.94896,0.96769
K_focal_aug_s3,K_focal_aug,01,20,Q4_clearest,0,9424,2483,0.9186,0.99125,0.98381,0.99879
K_focal_aug_s3,K_focal_aug,02,0,Q1_dimmest,163,5691,1790,0.52085,0.5107,0.49905,0.52291
K_focal_aug_s3,K_focal_aug,02,0,Q2,24,6606,1861,0.77246,0.79995,0.7443,0.86459
K_focal_aug_s3,K_focal_aug,02,0,Q3,2,8662,2260,0.88204,0.96292,0.93864,0.9885
K_focal_aug_s3,K_focal_aug,02,0,Q4_clearest,1,12831,3378,0.95819,0.99257,0.98698,0.99822
K_focal_aug_s3,K_focal_aug,02,20,Q1_dimmest,149,5691,1790,0.51755,0.50363,0.4995,0.50782
K_focal_aug_s3,K_focal_aug,02,20,Q2,21,6606,1861,0.77157,0.79685,0.75031,0.84954
K_focal_aug_s3,K_focal_aug,02,20,Q3,2,8662,2260,0.88226,0.96357,0.93987,0.9885
K_focal_aug_s3,K_focal_aug,02,20,Q4_clearest,1,12831,3378,0.95819,0.99257,0.98698,0.99822
K_focal_aug_s3,K_focal_aug,03,0,Q1_dimmest,210,10358,3377,0.51937,0.50248,0.58876,0.43826
K_focal_aug_s3,K_focal_aug,03,0,Q2,28,9353,2708,0.80245,0.86492,0.85631,0.87371
K_focal_aug_s3,K_focal_aug,03,0,Q3,2,8095,2089,0.92457,0.97879,0.97721,0.98037
K_focal_aug_s3,K_focal_aug,03,0,Q4_clearest,0,5087,1047,0.98613,0.99913,0.99826,1.0
K_focal_aug_s3,K_focal_aug,03,20,Q1_dimmest,195,10358,3377,0.51785,0.4996,0.59785,0.42908
K_focal_aug_s3,K_focal_aug,03,20,Q2,25,9353,2708,0.8016,0.86322,0.85583,0.87075
K_focal_aug_s3,K_focal_aug,03,20,Q3,2,8095,2089,0.92481,0.97962,0.97982,0.97942
K_focal_aug_s3,K_focal_aug,03,20,Q4_clearest,0,5087,1047,0.98613,0.99913,0.99826,1.0
K_focal_aug_s3,K_focal_aug,04,0,Q1_dimmest,149,7750,3035,0.5173,0.47567,0.60688,0.3911
K_focal_aug_s3,K_focal_aug,04,0,Q2,18,6017,1865,0.77779,0.8375,0.7955,0.88418
K_focal_aug_s3,K_focal_aug,04,0,Q3,1,6293,1680,0.89322,0.97243,0.95338,0.99226
K_focal_aug_s3,K_focal_aug,04,0,Q4_clearest,0,10294,2346,0.97177,0.99356,0.98804,0.99915
K_focal_aug_s3,K_focal_aug,04,20,Q1_dimmest,135,7750,3035,0.51575,0.4721,0.61221,0.38418
K_focal_aug_s3,K_focal_aug,04,20,Q2,16,6017,1865,0.77669,0.83446,0.79656,0.87614
K_focal_aug_s3,K_focal_aug,04,20,Q3,1,6293,1680,0.89307,0.97212,0.95333,0.99167
K_focal_aug_s3,K_focal_aug,04,20,Q4_clearest,0,10294,2346,0.97177,0.99356,0.98804,0.99915
K_focal_aug_s3,K_focal_aug,05,0,Q1_dimmest,208,9685,3539,0.52157,0.44597,0.58149,0.36168
K_focal_aug_s3,K_focal_aug,05,0,Q2,8,7440,2198,0.83437,0.87315,0.85957,0.88717
K_focal_aug_s3,K_focal_aug,05,0,Q3,3,7606,2186,0.92773,0.98493,0.97997,0.98994
K_focal_aug_s3,K_focal_aug,05,0,Q4_clearest,0,6179,1663,0.97328,0.99681,0.99544,0.9982
K_focal_aug_s3,K_focal_aug,05,20,Q1_dimmest,189,9685,3539,0.5189,0.44155,0.58804,0.35349
K_focal_aug_s3,K_focal_aug,05,20,Q2,7,7440,2198,0.83384,0.87192,0.86719,0.87671
K_focal_aug_s3,K_focal_aug,05,20,Q3,3,7606,2186,0.92742,0.98395,0.98118,0.98673
K_focal_aug_s3,K_focal_aug,05,20,Q4_clearest,0,6179,1663,0.97328,0.99681,0.99544,0.9982
K_focal_aug_s3,K_focal_aug,06,0,Q1_dimmest,244,10790,3981,0.53767,0.49518,0.63846,0.40442
K_focal_aug_s3,K_focal_aug,06,0,Q2,13,7933,2378,0.81705,0.84214,0.8488,0.83558
K_focal_aug_s3,K_focal_aug,06,0,Q3,2,7891,2229,0.93134,0.98533,0.97796,0.99282
K_focal_aug_s3,K_focal_aug,06,0,Q4_clearest,1,5502,1401,0.97674,0.99753,0.9972,0.99786
K_focal_aug_s3,K_focal_aug,06,20,Q1_dimmest,227,10790,3981,0.53726,0.49519,0.66032,0.39613
K_focal_aug_s3,K_focal_aug,06,20,Q2,12,7933,2378,0.81658,0.83977,0.85456,0.82548
K_focal_aug_s3,K_focal_aug,06,20,Q3,2,7891,2229,0.93114,0.98465,0.97792,0.99148
K_focal_aug_s3,K_focal_aug,06,20,Q4_clearest,1,5502,1401,0.97665,0.99753,0.9972,0.99786
K_focal_aug_s3,K_focal_aug,07,0,Q1_dimmest,163,8316,2808,0.52565,0.47431,0.6441,0.37536
K_focal_aug_s3,K_focal_aug,07,0,Q2,26,7149,2172,0.80694,0.8319,0.84031,0.82366
K_focal_aug_s3,K_focal_aug,07,0,Q3,5,7254,1955,0.90995,0.97267,0.9659,0.97954
K_focal_aug_s3,K_focal_aug,07,0,Q4_clearest,0,7433,2033,0.96787,0.99658,0.99562,0.99754
K_focal_aug_s3,K_focal_aug,07,20,Q1_dimmest,154,8316,2808,0.52421,0.47071,0.65222,0.36823
K_focal_aug_s3,K_focal_aug,07,20,Q2,22,7149,2172,0.80654,0.83067,0.84409,0.81768
K_focal_aug_s3,K_focal_aug,07,20,Q3,4,7254,1955,0.91017,0.97315,0.96734,0.97903
K_focal_aug_s3,K_focal_aug,07,20,Q4_clearest,0,7433,2033,0.96787,0.99658,0.99562,0.99754
K_focal_aug_s3,K_focal_aug,08,0,Q1_dimmest,191,9976,3245,0.55743,0.51482,0.64714,0.42743
K_focal_aug_s3,K_focal_aug,08,0,Q2,10,8461,2479,0.83239,0.8662,0.85227,0.8806
K_focal_aug_s3,K_focal_aug,08,0,Q3,2,6640,1970,0.92016,0.97741,0.97213,0.98274
K_focal_aug_s3,K_focal_aug,08,0,Q4_clearest,0,3312,891,0.97464,0.99163,0.99337,0.9899
K_focal_aug_s3,K_focal_aug,08,20,Q1_dimmest,179,9976,3245,0.55811,0.5172,0.67603,0.4188
K_focal_aug_s3,K_focal_aug,08,20,Q2,8,8461,2479,0.83255,0.86702,0.86119,0.87293
K_focal_aug_s3,K_focal_aug,08,20,Q3,2,6640,1970,0.92113,0.9793,0.97588,0.98274
K_focal_aug_s3,K_focal_aug,08,20,Q4_clearest,0,3312,891,0.97464,0.99163,0.99337,0.9899
K_focal_aug_s3,K_focal_aug,09,0,Q1_dimmest,192,9368,3406,0.58423,0.57657,0.65491,0.51497
K_focal_aug_s3,K_focal_aug,09,0,Q2,12,7639,2383,0.82493,0.8982,0.86386,0.93538
K_focal_aug_s3,K_focal_aug,09,0,Q3,0,6249,1936,0.92769,0.9879,0.97757,0.99845
K_focal_aug_s3,K_focal_aug,09,0,Q4_clearest,0,3485,1001,0.98003,1.0,1.0,1.0
K_focal_aug_s3,K_focal_aug,09,20,Q1_dimmest,163,9368,3406,0.58033,0.56584,0.66455,0.49266
K_focal_aug_s3,K_focal_aug,09,20,Q2,11,7639,2383,0.82449,0.89649,0.86721,0.92782
K_focal_aug_s3,K_focal_aug,09,20,Q3,0,6249,1936,0.92776,0.9879,0.97757,0.99845
K_focal_aug_s3,K_focal_aug,09,20,Q4_clearest,0,3485,1001,0.98003,1.0,1.0,1.0
K_focal_aug_s3,K_focal_aug,10,0,Q1_dimmest,184,7560,3177,0.54305,0.49562,0.54627,0.45357
K_focal_aug_s3,K_focal_aug,10,0,Q2,17,6756,2369,0.7888,0.835,0.79155,0.8835
K_focal_aug_s3,K_focal_aug,10,0,Q3,1,6741,2035,0.89006,0.96628,0.94218,0.99165
K_focal_aug_s3,K_focal_aug,10,0,Q4_clearest,1,6099,1556,0.95354,0.99086,0.98375,0.99807
K_focal_aug_s3,K_focal_aug,10,20,Q1_dimmest,167,7560,3177,0.54286,0.49516,0.55895,0.44444
K_focal_aug_s3,K_focal_aug,10,20,Q2,14,6756,2369,0.78734,0.83123,0.79124,0.87547
K_focal_aug_s3,K_focal_aug,10,20,Q3,1,6741,2035,0.89096,0.96886,0.94845,0.99017
K_focal_aug_s3,K_focal_aug,10,20,Q4_clearest,1,6099,1556,0.95488,0.99444,0.99083,0.99807
K_focal_aug_s3,K_focal_aug,11,0,Q1_dimmest,223,6386,2930,0.4899,0.45315,0.53284,0.3942
K_focal_aug_s3,K_focal_aug,11,0,Q2,33,5601,2186,0.73257,0.75652,0.71131,0.80787
K_focal_aug_s3,K_focal_aug,11,0,Q3,3,6593,2129,0.82946,0.92413,0.88717,0.9643
K_focal_aug_s3,K_focal_aug,11,0,Q4_clearest,1,10959,3211,0.93476,0.98279,0.96909,0.99689
K_focal_aug_s3,K_focal_aug,11,20,Q1_dimmest,206,6386,2930,0.4876,0.44654,0.53351,0.38396
K_focal_aug_s3,K_focal_aug,11,20,Q2,25,5601,2186,0.7337,0.75729,0.72332,0.7946
K_focal_aug_s3,K_focal_aug,11,20,Q3,3,6593,2129,0.82889,0.9222,0.8884,0.95867
K_focal_aug_s3,K_focal_aug,11,20,Q4_clearest,0,10959,3211,0.93476,0.98279,0.96909,0.99689
K_focal_aug_s3,K_focal_aug,12,0,Q1_dimmest,140,6741,2151,0.58867,0.5927,0.64778,0.54626
K_focal_aug_s3,K_focal_aug,12,0,Q2,31,7686,2661,0.78468,0.85722,0.82621,0.89064
K_focal_aug_s3,K_focal_aug,12,0,Q3,2,7976,2374,0.869,0.96211,0.94429,0.98062
K_focal_aug_s3,K_focal_aug,12,0,Q4_clearest,0,6087,1526,0.95035,0.99593,0.99319,0.99869
K_focal_aug_s3,K_focal_aug,12,20,Q1_dimmest,128,6741,2151,0.59127,0.60249,0.68026,0.54068
K_focal_aug_s3,K_focal_aug,12,20,Q2,30,7686,2661,0.78375,0.85529,0.83015,0.882
K_focal_aug_s3,K_focal_aug,12,20,Q3,2,7976,2374,0.86927,0.96268,0.94576,0.9802
K_focal_aug_s3,K_focal_aug,12,20,Q4_clearest,0,6087,1526,0.95035,0.99593,0.99319,0.99869
K_focal_aug_s3,K_focal_aug,13,0,Q1_dimmest,175,8947,3161,0.54738,0.53585,0.61272,0.47612
K_focal_aug_s3,K_focal_aug,13,0,Q2,30,7970,2798,0.77522,0.82727,0.79488,0.8624
K_focal_aug_s3,K_focal_aug,13,0,Q3,1,7295,2120,0.89423,0.96746,0.95063,0.98491
K_focal_aug_s3,K_focal_aug,13,0,Q4_clearest,0,8047,2107,0.97262,0.99813,0.99626,1.0
K_focal_aug_s3,K_focal_aug,13,20,Q1_dimmest,158,8947,3161,0.54654,0.53518,0.62563,0.46757
K_focal_aug_s3,K_focal_aug,13,20,Q2,28,7970,2798,0.77417,0.82511,0.79983,0.85204
K_focal_aug_s3,K_focal_aug,13,20,Q3,1,7295,2120,0.89421,0.96744,0.95147,0.98396
K_focal_aug_s3,K_focal_aug,13,20,Q4_clearest,0,8047,2107,0.97262,0.99813,0.99626,1.0
K_focal_aug_s3,K_focal_aug,14,0,Q1_dimmest,136,4886,1623,0.53825,0.51639,0.47679,0.56315
K_focal_aug_s3,K_focal_aug,14,0,Q2,30,6453,2243,0.74685,0.79102,0.71366,0.8872
K_focal_aug_s3,K_focal_aug,14,0,Q3,0,8104,2470,0.85438,0.95218,0.91449,0.99312
K_focal_aug_s3,K_focal_aug,14,0,Q4_clearest,0,7234,2022,0.94444,0.9956,0.99124,1.0
K_focal_aug_s3,K_focal_aug,14,20,Q1_dimmest,123,4886,1623,0.54281,0.52763,0.50526,0.55206
K_focal_aug_s3,K_focal_aug,14,20,Q2,27,6453,2243,0.74719,0.79081,0.7225,0.87338
K_focal_aug_s3,K_focal_aug,14,20,Q3,0,8104,2470,0.85458,0.95334,0.91696,0.99271
K_focal_aug_s3,K_focal_aug,14,20,Q4_clearest,0,7234,2022,0.94444,0.9956,0.99124,1.0
K_focal_aug_s3,K_focal_aug,15,0,Q1_dimmest,117,4357,1638,0.50571,0.49329,0.46758,0.52198
K_focal_aug_s3,K_focal_aug,15,0,Q2,7,5141,1751,0.72967,0.8078,0.7297,0.90463
K_focal_aug_s3,K_focal_aug,15,0,Q3,3,6066,1760,0.81927,0.94869,0.90801,0.99318
K_focal_aug_s3,K_focal_aug,15,0,Q4_clearest,0,8050,2502,0.92614,0.98852,0.97731,1.0
K_focal_aug_s3,K_focal_aug,15,20,Q1_dimmest,107,4357,1638,0.50595,0.49426,0.47912,0.51038
K_focal_aug_s3,K_focal_aug,15,20,Q2,7,5141,1751,0.73012,0.81008,0.73838,0.8972
K_focal_aug_s3,K_focal_aug,15,20,Q3,3,6066,1760,0.81953,0.95001,0.91092,0.99261
K_focal_aug_s3,K_focal_aug,15,20,Q4_clearest,0,8050,2502,0.92625,0.98891,0.97806,1.0
K_focal_aug_s3,K_focal_aug,16,0,Q1_dimmest,149,6445,1959,0.65764,0.66939,0.73418,0.61511
K_focal_aug_s3,K_focal_aug,16,0,Q2,23,6977,2256,0.81648,0.90235,0.89958,0.90514
K_focal_aug_s3,K_focal_aug,16,0,Q3,1,7630,2131,0.87142,0.96536,0.94051,0.99155
K_focal_aug_s3,K_focal_aug,16,0,Q4_clearest,0,8739,2466,0.93665,0.98869,0.97803,0.99959
K_focal_aug_s3,K_focal_aug,16,20,Q1_dimmest,133,6445,1959,0.6544,0.66696,0.7471,0.60235
K_focal_aug_s3,K_focal_aug,16,20,Q2,20,6977,2256,0.81436,0.89703,0.90274,0.8914
K_focal_aug_s3,K_focal_aug,16,20,Q3,1,7630,2131,0.87245,0.9686,0.94755,0.99061
K_focal_aug_s3,K_focal_aug,16,20,Q4_clearest,0,8739,2466,0.93665,0.98869,0.97803,0.99959
K_focal_aug_s3,K_focal_aug,17,0,Q1_dimmest,163,7862,2585,0.64173,0.64582,0.74389,0.5706
K_focal_aug_s3,K_focal_aug,17,0,Q2,19,7104,2140,0.82617,0.89444,0.88894,0.9
K_focal_aug_s3,K_focal_aug,17,0,Q3,2,7222,1826,0.88921,0.9798,0.97231,0.9874
K_focal_aug_s3,K_focal_aug,17,0,Q4_clearest,0,5664,1433,0.91901,0.9938,0.98767,1.0
K_focal_aug_s3,K_focal_aug,17,20,Q1_dimmest,154,7862,2585,0.64058,0.64888,0.76593,0.56286
K_focal_aug_s3,K_focal_aug,17,20,Q2,18,7104,2140,0.82733,0.89822,0.90019,0.89626
K_focal_aug_s3,K_focal_aug,17,20,Q3,2,7222,1826,0.88937,0.9803,0.97331,0.9874
K_focal_aug_s3,K_focal_aug,17,20,Q4_clearest,0,5664,1433,0.91923,0.99448,0.98903,1.0
K_focal_aug_s3,K_focal_aug,18,0,Q1_dimmest,106,4966,1759,0.66124,0.66954,0.68733,0.65264
K_focal_aug_s3,K_focal_aug,18,0,Q2,19,6044,1968,0.78866,0.89908,0.87249,0.92734
K_focal_aug_s3,K_focal_aug,18,0,Q3,2,7429,2081,0.83023,0.97045,0.94735,0.99471
K_focal_aug_s3,K_focal_aug,18,0,Q4_clearest,0,7705,1851,0.89055,0.98869,0.97763,1.0
K_focal_aug_s3,K_focal_aug,18,20,Q1_dimmest,98,4966,1759,0.65864,0.66497,0.69048,0.64127
K_focal_aug_s3,K_focal_aug,18,20,Q2,16,6044,1968,0.78858,0.89989,0.87676,0.92429
K_focal_aug_s3,K_focal_aug,18,20,Q3,2,7429,2081,0.83199,0.97569,0.95783,0.99423
K_focal_aug_s3,K_focal_aug,18,20,Q4_clearest,0,7705,1851,0.89122,0.99051,0.9812,1.0
K_focal_aug_s3,K_focal_aug,19,0,Q1_dimmest,103,3731,1722,0.62093,0.67742,0.71305,0.64518
K_focal_aug_s3,K_focal_aug,19,0,Q2,19,6957,2067,0.75024,0.86884,0.8084,0.93904
K_focal_aug_s3,K_focal_aug,19,0,Q3,2,8771,2610,0.86492,0.96868,0.94787,0.99042
K_focal_aug_s3,K_focal_aug,19,0,Q4_clearest,0,7909,2077,0.95571,0.99536,0.99076,1.0
K_focal_aug_s3,K_focal_aug,19,20,Q1_dimmest,96,3731,1722,0.62062,0.67795,0.73211,0.63124
K_focal_aug_s3,K_focal_aug,19,20,Q2,16,6957,2067,0.75088,0.87144,0.81731,0.93324
K_focal_aug_s3,K_focal_aug,19,20,Q3,1,8771,2610,0.86556,0.96992,0.95345,0.98697
K_focal_aug_s3,K_focal_aug,19,20,Q4_clearest,0,7909,2077,0.95583,0.99584,0.99172,1.0
K_focal_aug_s3,K_focal_aug,20,0,Q1_dimmest,123,5411,1924,0.65773,0.6998,0.66787,0.73493
K_focal_aug_s3,K_focal_aug,20,0,Q2,10,7210,2225,0.78261,0.88451,0.81904,0.96135
K_focal_aug_s3,K_focal_aug,20,0,Q3,0,6951,2027,0.85238,0.95675,0.92169,0.99457
K_focal_aug_s3,K_focal_aug,20,0,Q4_clearest,1,4693,1197,0.9348,0.98677,0.97547,0.99833
K_focal_aug_s3,K_focal_aug,20,20,Q1_dimmest,117,5411,1924,0.65856,0.70445,0.68315,0.72713
K_focal_aug_s3,K_focal_aug,20,20,Q2,9,7210,2225,0.78377,0.88619,0.82727,0.95416
K_focal_aug_s3,K_focal_aug,20,20,Q3,0,6951,2027,0.85534,0.9623,0.93206,0.99457
K_focal_aug_s3,K_focal_aug,20,20,Q4_clearest,1,4693,1197,0.9348,0.98677,0.97547,0.99833
K_focal_aug_s4,K_focal_aug,01,0,Q1_dimmest,158,4597,1791,0.57599,0.57046,0.56217,0.57901
K_focal_aug_s4,K_focal_aug,01,0,Q2,32,6946,2500,0.75235,0.85306,0.81438,0.8956
K_focal_aug_s4,K_focal_aug,01,0,Q3,11,8473,2538,0.84684,0.96122,0.95871,0.96375
K_focal_aug_s4,K_focal_aug,01,0,Q4_clearest,3,9424,2483,0.92469,0.99116,0.98878,0.99356
K_focal_aug_s4,K_focal_aug,01,20,Q1_dimmest,139,4597,1791,0.5751,0.56967,0.57965,0.56002
K_focal_aug_s4,K_focal_aug,01,20,Q2,30,6946,2500,0.75161,0.85233,0.82009,0.8872
K_focal_aug_s4,K_focal_aug,01,20,Q3,11,8473,2538,0.84737,0.96236,0.96098,0.96375
K_focal_aug_s4,K_focal_aug,01,20,Q4_clearest,3,9424,2483,0.92501,0.99155,0.98954,0.99356
K_focal_aug_s4,K_focal_aug,02,0,Q1_dimmest,176,5691,1790,0.47362,0.47881,0.50695,0.45363
K_focal_aug_s4,K_focal_aug,02,0,Q2,37,6606,1861,0.76442,0.79996,0.7619,0.84202
K_focal_aug_s4,K_focal_aug,02,0,Q3,3,8662,2260,0.88909,0.96264,0.9405,0.98584
K_focal_aug_s4,K_focal_aug,02,0,Q4_clearest,0,12831,3378,0.96457,0.99622,0.99247,1.0
K_focal_aug_s4,K_focal_aug,02,20,Q1_dimmest,162,5691,1790,0.47326,0.47885,0.5265,0.43911
K_focal_aug_s4,K_focal_aug,02,20,Q2,30,6606,1861,0.76289,0.79537,0.76656,0.82644
K_focal_aug_s4,K_focal_aug,02,20,Q3,3,8662,2260,0.88919,0.9635,0.94417,0.98363
K_focal_aug_s4,K_focal_aug,02,20,Q4_clearest,0,12831,3378,0.96457,0.99622,0.99247,1.0
K_focal_aug_s4,K_focal_aug,03,0,Q1_dimmest,224,10358,3377,0.47548,0.47709,0.60777,0.39266
K_focal_aug_s4,K_focal_aug,03,0,Q2,36,9353,2708,0.78851,0.85232,0.86885,0.83641
K_focal_aug_s4,K_focal_aug,03,0,Q3,8,8095,2089,0.92373,0.97003,0.97901,0.96123
K_focal_aug_s4,K_focal_aug,03,0,Q4_clearest,0,5087,1047,0.98647,0.99593,0.99663,0.99522
K_focal_aug_s4,K_focal_aug,03,20,Q1_dimmest,202,10358,3377,0.47278,0.47191,0.61794,0.3817
K_focal_aug_s4,K_focal_aug,03,20,Q2,30,9353,2708,0.78662,0.84518,0.87011,0.82164
K_focal_aug_s4,K_focal_aug,03,20,Q3,8,8095,2089,0.92366,0.97003,0.979,0.96123
K_focal_aug_s4,K_focal_aug,03,20,Q4_clearest,0,5087,1047,0.98637,0.99593,0.99663,0.99522
K_focal_aug_s4,K_focal_aug,04,0,Q1_dimmest,149,7750,3035,0.49645,0.46514,0.63184,0.36804
K_focal_aug_s4,K_focal_aug,04,0,Q2,19,6017,1865,0.76788,0.83204,0.80346,0.86273
K_focal_aug_s4,K_focal_aug,04,0,Q3,4,6293,1680,0.89432,0.96627,0.95599,0.97679
K_focal_aug_s4,K_focal_aug,04,0,Q4_clearest,2,10294,2346,0.97328,0.99091,0.98613,0.99574
K_focal_aug_s4,K_focal_aug,04,20,Q1_dimmest,134,7750,3035,0.49513,0.4623,0.64016,0.36178
K_focal_aug_s4,K_focal_aug,04,20,Q2,17,6017,1865,0.76644,0.82798,0.80528,0.85201
K_focal_aug_s4,K_focal_aug,04,20,Q3,4,6293,1680,0.8949,0.96856,0.96047,0.97679
K_focal_aug_s4,K_focal_aug,04,20,Q4_clearest,2,10294,2346,0.97328,0.99091,0.98613,0.99574
K_focal_aug_s4,K_focal_aug,05,0,Q1_dimmest,216,9685,3539,0.49631,0.44274,0.615,0.34586
K_focal_aug_s4,K_focal_aug,05,0,Q2,17,7440,2198,0.8285,0.86786,0.87319,0.8626
K_focal_aug_s4,K_focal_aug,05,0,Q3,3,7606,2186,0.9339,0.98562,0.98179,0.98948
K_focal_aug_s4,K_focal_aug,05,0,Q4_clearest,0,6179,1663,0.97595,0.99912,0.99944,0.9988
K_focal_aug_s4,K_focal_aug,05,20,Q1_dimmest,204,9685,3539,0.49431,0.43855,0.62834,0.33682
K_focal_aug_s4,K_focal_aug,05,20,Q2,13,7440,2198,0.82735,0.86392,0.87507,0.85305
K_focal_aug_s4,K_focal_aug,05,20,Q3,3,7606,2186,0.93383,0.98515,0.98177,0.98856
K_focal_aug_s4,K_focal_aug,05,20,Q4_clearest,0,6179,1663,0.97594,0.99882,0.99944,0.9982
K_focal_aug_s4,K_focal_aug,06,0,Q1_dimmest,256,10790,3981,0.51268,0.47769,0.65929,0.37453
K_focal_aug_s4,K_focal_aug,06,0,Q2,23,7933,2378,0.81438,0.83405,0.87283,0.79857
K_focal_aug_s4,K_focal_aug,06,0,Q3,3,7891,2229,0.93765,0.98462,0.98094,0.98834
K_focal_aug_s4,K_focal_aug,06,0,Q4_clearest,1,5502,1401,0.97964,0.99858,0.99931,0.99786
K_focal_aug_s4,K_focal_aug,06,20,Q1_dimmest,235,10790,3981,0.51055,0.47404,0.67862,0.36423
K_focal_aug_s4,K_focal_aug,06,20,Q2,18,7933,2378,0.81146,0.82677,0.87361,0.78469
K_focal_aug_s4,K_focal_aug,06,20,Q3,2,7891,2229,0.93703,0.98324,0.98173,0.98475
K_focal_aug_s4,K_focal_aug,06,20,Q4_clearest,1,5502,1401,0.97964,0.99858,0.99931,0.99786
K_focal_aug_s4,K_focal_aug,07,0,Q1_dimmest,182,8316,2808,0.49857,0.44469,0.68874,0.32835
K_focal_aug_s4,K_focal_aug,07,0,Q2,16,7149,2172,0.8024,0.83078,0.85181,0.81077
K_focal_aug_s4,K_focal_aug,07,0,Q3,5,7254,1955,0.9152,0.9737,0.96892,0.97852
K_focal_aug_s4,K_focal_aug,07,0,Q4_clearest,2,7433,2033,0.97455,0.9969,0.99625,0.99754
K_focal_aug_s4,K_focal_aug,07,20,Q1_dimmest,162,8316,2808,0.49602,0.43795,0.71376,0.31588
K_focal_aug_s4,K_focal_aug,07,20,Q2,14,7149,2172,0.80105,0.82565,0.8549,0.79834
K_focal_aug_s4,K_focal_aug,07,20,Q3,5,7254,1955,0.91566,0.97539,0.9728,0.97801
K_focal_aug_s4,K_focal_aug,07,20,Q4_clearest,2,7433,2033,0.97455,0.9969,0.99625,0.99754
K_focal_aug_s4,K_focal_aug,08,0,Q1_dimmest,203,9976,3245,0.5209,0.47858,0.65635,0.37658
K_focal_aug_s4,K_focal_aug,08,0,Q2,23,8461,2479,0.82927,0.86904,0.87699,0.86123
K_focal_aug_s4,K_focal_aug,08,0,Q3,3,6640,1970,0.92343,0.97729,0.97794,0.97665
K_focal_aug_s4,K_focal_aug,08,0,Q4_clearest,0,3312,891,0.97767,0.99219,0.99563,0.98878
K_focal_aug_s4,K_focal_aug,08,20,Q1_dimmest,187,9976,3245,0.51997,0.4784,0.68255,0.36826
K_focal_aug_s4,K_focal_aug,08,20,Q2,22,8461,2479,0.82921,0.86723,0.88177,0.85317
K_focal_aug_s4,K_focal_aug,08,20,Q3,3,6640,1970,0.92375,0.97821,0.98028,0.97614
K_focal_aug_s4,K_focal_aug,08,20,Q4_clearest,0,3312,891,0.97767,0.99219,0.99563,0.98878
K_focal_aug_s4,K_focal_aug,09,0,Q1_dimmest,203,9368,3406,0.55749,0.57357,0.68233,0.49472
K_focal_aug_s4,K_focal_aug,09,0,Q2,23,7639,2383,0.82588,0.90057,0.88402,0.91775
K_focal_aug_s4,K_focal_aug,09,0,Q3,1,6249,1936,0.92818,0.98604,0.98193,0.99019
K_focal_aug_s4,K_focal_aug,09,0,Q4_clearest,1,3485,1001,0.98191,0.9975,1.0,0.995
K_focal_aug_s4,K_focal_aug,09,20,Q1_dimmest,181,9368,3406,0.55368,0.56516,0.69246,0.47739
K_focal_aug_s4,K_focal_aug,09,20,Q2,19,7639,2383,0.82437,0.89655,0.88529,0.9081
K_focal_aug_s4,K_focal_aug,09,20,Q3,1,6249,1936,0.92825,0.98524,0.98288,0.9876
K_focal_aug_s4,K_focal_aug,09,20,Q4_clearest,1,3485,1001,0.98191,0.9975,1.0,0.995
K_focal_aug_s4,K_focal_aug,10,0,Q1_dimmest,228,7560,3177,0.51592,0.47277,0.58108,0.39849
K_focal_aug_s4,K_focal_aug,10,0,Q2,26,6756,2369,0.78695,0.82507,0.81103,0.83959
K_focal_aug_s4,K_focal_aug,10,0,Q3,4,6741,2035,0.89659,0.96934,0.95072,0.9887
K_focal_aug_s4,K_focal_aug,10,0,Q4_clearest,1,6099,1556,0.96111,0.99138,0.98477,0.99807
K_focal_aug_s4,K_focal_aug,10,20,Q1_dimmest,197,7560,3177,0.51265,0.46308,0.59362,0.3796
K_focal_aug_s4,K_focal_aug,10,20,Q2,21,6756,2369,0.78509,0.81933,0.81227,0.82651
K_focal_aug_s4,K_focal_aug,10,20,Q3,4,6741,2035,0.89777,0.97192,0.95663,0.98771
K_focal_aug_s4,K_focal_aug,10,20,Q4_clearest,1,6099,1556,0.96263,0.99519,0.99233,0.99807
K_focal_aug_s4,K_focal_aug,11,0,Q1_dimmest,234,6386,2930,0.4482,0.39337,0.52266,0.31536
K_focal_aug_s4,K_focal_aug,11,0,Q2,48,5601,2186,0.73584,0.73171,0.71955,0.74428
K_focal_aug_s4,K_focal_aug,11,0,Q3,7,6593,2129,0.83746,0.92861,0.9033,0.95538
K_focal_aug_s4,K_focal_aug,11,0,Q4_clearest,1,10959,3211,0.93954,0.98639,0.97642,0.99657
K_focal_aug_s4,K_focal_aug,11,20,Q1_dimmest,215,6386,2930,0.44581,0.38875,0.53871,0.3041
K_focal_aug_s4,K_focal_aug,11,20,Q2,43,5601,2186,0.73572,0.73211,0.72956,0.73468
K_focal_aug_s4,K_focal_aug,11,20,Q3,7,6593,2129,0.83799,0.92953,0.90546,0.95491
K_focal_aug_s4,K_focal_aug,11,20,Q4_clearest,1,10959,3211,0.93954,0.98639,0.97642,0.99657
K_focal_aug_s4,K_focal_aug,12,0,Q1_dimmest,147,6741,2151,0.55435,0.57961,0.6943,0.49744
K_focal_aug_s4,K_focal_aug,12,0,Q2,43,7686,2661,0.77612,0.83347,0.83341,0.83352
K_focal_aug_s4,K_focal_aug,12,0,Q3,5,7976,2374,0.87601,0.96201,0.95325,0.97094
K_focal_aug_s4,K_focal_aug,12,0,Q4_clearest,0,6087,1526,0.95248,0.99449,0.99097,0.99803
K_focal_aug_s4,K_focal_aug,12,20,Q1_dimmest,139,6741,2151,0.55104,0.57335,0.69838,0.48629
K_focal_aug_s4,K_focal_aug,12,20,Q2,36,7686,2661,0.77435,0.82965,0.83448,0.82488
K_focal_aug_s4,K_focal_aug,12,20,Q3,5,7976,2374,0.87565,0.9605,0.95312,0.96799
K_focal_aug_s4,K_focal_aug,12,20,Q4_clearest,0,6087,1526,0.95248,0.99449,0.99097,0.99803
K_focal_aug_s4,K_focal_aug,13,0,Q1_dimmest,207,8947,3161,0.5232,0.50805,0.64105,0.42075
K_focal_aug_s4,K_focal_aug,13,0,Q2,46,7970,2798,0.77514,0.81662,0.80648,0.82702
K_focal_aug_s4,K_focal_aug,13,0,Q3,6,7295,2120,0.89663,0.9666,0.95562,0.97783
K_focal_aug_s4,K_focal_aug,13,0,Q4_clearest,1,8047,2107,0.97531,0.99885,0.99817,0.99953
K_focal_aug_s4,K_focal_aug,13,20,Q1_dimmest,194,8947,3161,0.52252,0.50659,0.65382,0.41348
K_focal_aug_s4,K_focal_aug,13,20,Q2,43,7970,2798,0.77416,0.81452,0.8131,0.81594
K_focal_aug_s4,K_focal_aug,13,20,Q3,6,7295,2120,0.89627,0.9654,0.95598,0.975
K_focal_aug_s4,K_focal_aug,13,20,Q4_clearest,1,8047,2107,0.97531,0.99885,0.99817,0.99953
K_focal_aug_s4,K_focal_aug,14,0,Q1_dimmest,152,4886,1623,0.50625,0.49274,0.49887,0.48675
K_focal_aug_s4,K_focal_aug,14,0,Q2,42,6453,2243,0.74942,0.80577,0.76831,0.84708
K_focal_aug_s4,K_focal_aug,14,0,Q3,2,8104,2470,0.8624,0.95873,0.92806,0.9915
K_focal_aug_s4,K_focal_aug,14,0,Q4_clearest,0,7234,2022,0.9492,0.9945,0.98955,0.99951
K_focal_aug_s4,K_focal_aug,14,20,Q1_dimmest,139,4886,1623,0.50849,0.50001,0.52179,0.47998
K_focal_aug_s4,K_focal_aug,14,20,Q2,38,6453,2243,0.74971,0.80534,0.77423,0.83905
K_focal_aug_s4,K_focal_aug,14,20,Q3,2,8104,2470,0.86291,0.9607,0.93282,0.99028
K_focal_aug_s4,K_focal_aug,14,20,Q4_clearest,0,7234,2022,0.9492,0.9945,0.98955,0.99951
K_focal_aug_s4,K_focal_aug,15,0,Q1_dimmest,136,4357,1638,0.52064,0.53407,0.54675,0.52198
K_focal_aug_s4,K_focal_aug,15,0,Q2,10,5141,1751,0.74355,0.81769,0.75032,0.89834
K_focal_aug_s4,K_focal_aug,15,0,Q3,2,6066,1760,0.8343,0.95504,0.91972,0.99318
K_focal_aug_s4,K_focal_aug,15,0,Q4_clearest,0,8050,2502,0.93015,0.9877,0.9757,1.0
K_focal_aug_s4,K_focal_aug,15,20,Q1_dimmest,119,4357,1638,0.51827,0.53065,0.55995,0.50427
K_focal_aug_s4,K_focal_aug,15,20,Q2,9,5141,1751,0.74249,0.81496,0.75298,0.88806
K_focal_aug_s4,K_focal_aug,15,20,Q3,2,6066,1760,0.83456,0.95636,0.92216,0.99318
K_focal_aug_s4,K_focal_aug,15,20,Q4_clearest,0,8050,2502,0.93021,0.98789,0.97607,1.0
K_focal_aug_s4,K_focal_aug,16,0,Q1_dimmest,183,6445,1959,0.61918,0.64176,0.78098,0.54467
K_focal_aug_s4,K_focal_aug,16,0,Q2,31,6977,2256,0.81706,0.89263,0.91292,0.87323
K_focal_aug_s4,K_focal_aug,16,0,Q3,1,7630,2131,0.88721,0.97411,0.95902,0.98968
K_focal_aug_s4,K_focal_aug,16,0,Q4_clearest,0,8739,2466,0.94475,0.99096,0.98247,0.99959
K_focal_aug_s4,K_focal_aug,16,20,Q1_dimmest,172,6445,1959,0.61932,0.64562,0.8002,0.54109
K_focal_aug_s4,K_focal_aug,16,20,Q2,25,6977,2256,0.81666,0.89336,0.92285,0.86569
K_focal_aug_s4,K_focal_aug,16,20,Q3,1,7630,2131,0.8882,0.97862,0.96916,0.98827
K_focal_aug_s4,K_focal_aug,16,20,Q4_clearest,0,8739,2466,0.94501,0.99174,0.984,0.99959
K_focal_aug_s4,K_focal_aug,17,0,Q1_dimmest,185,7862,2585,0.61218,0.60264,0.73669,0.50986
K_focal_aug_s4,K_focal_aug,17,0,Q2,26,7104,2140,0.82672,0.87582,0.88894,0.86308
K_focal_aug_s4,K_focal_aug,17,0,Q3,2,7222,1826,0.89723,0.97323,0.96788,0.97864
K_focal_aug_s4,K_focal_aug,17,0,Q4_clearest,0,5664,1433,0.926,0.99558,0.99395,0.99721
K_focal_aug_s4,K_focal_aug,17,20,Q1_dimmest,163,7862,2585,0.61238,0.60899,0.7849,0.49749
K_focal_aug_s4,K_focal_aug,17,20,Q2,23,7104,2140,0.82625,0.87662,0.89817,0.85607
K_focal_aug_s4,K_focal_aug,17,20,Q3,2,7222,1826,0.89758,0.97438,0.97231,0.97645
K_focal_aug_s4,K_focal_aug,17,20,Q4_clearest,0,5664,1433,0.926,0.99558,0.99395,0.99721
K_focal_aug_s4,K_focal_aug,18,0,Q1_dimmest,126,4966,1759,0.62459,0.6507,0.72261,0.59181
K_focal_aug_s4,K_focal_aug,18,0,Q2,24,6044,1968,0.78164,0.8807,0.8798,0.88161
K_focal_aug_s4,K_focal_aug,18,0,Q3,3,7429,2081,0.84044,0.97485,0.96665,0.98318
K_focal_aug_s4,K_focal_aug,18,0,Q4_clearest,0,7705,1851,0.90144,0.9928,0.98781,0.99784
K_focal_aug_s4,K_focal_aug,18,20,Q1_dimmest,121,4966,1759,0.62481,0.65346,0.73469,0.5884
K_focal_aug_s4,K_focal_aug,18,20,Q2,24,6044,1968,0.78125,0.88147,0.88338,0.87957
K_focal_aug_s4,K_focal_aug,18,20,Q3,3,7429,2081,0.84049,0.97525,0.96791,0.9827
K_focal_aug_s4,K_focal_aug,18,20,Q4_clearest,0,7705,1851,0.90144,0.9928,0.98781,0.99784
K_focal_aug_s4,K_focal_aug,19,0,Q1_dimmest,118,3731,1722,0.61741,0.65492,0.7323,0.59233
K_focal_aug_s4,K_focal_aug,19,0,Q2,24,6957,2067,0.76554,0.8674,0.8173,0.92404
K_focal_aug_s4,K_focal_aug,19,0,Q3,3,8771,2610,0.87585,0.97391,0.95687,0.99157
K_focal_aug_s4,K_focal_aug,19,0,Q4_clearest,0,7909,2077,0.96204,0.99716,0.99433,1.0
K_focal_aug_s4,K_focal_aug,19,20,Q1_dimmest,107,3731,1722,0.61618,0.65738,0.75934,0.57956
K_focal_aug_s4,K_focal_aug,19,20,Q2,21,6957,2067,0.76876,0.87962,0.84248,0.92017
K_focal_aug_s4,K_focal_aug,19,20,Q3,3,8771,2610,0.87595,0.97406,0.95859,0.99004
K_focal_aug_s4,K_focal_aug,19,20,Q4_clearest,0,7909,2077,0.96204,0.99716,0.99433,1.0
K_focal_aug_s4,K_focal_aug,20,0,Q1_dimmest,174,5411,1924,0.62326,0.64607,0.62427,0.66944
K_focal_aug_s4,K_focal_aug,20,0,Q2,15,7210,2225,0.78916,0.88076,0.82526,0.94427
K_focal_aug_s4,K_focal_aug,20,0,Q3,3,6951,2027,0.85773,0.95501,0.92314,0.98915
K_focal_aug_s4,K_focal_aug,20,0,Q4_clearest,1,4693,1197,0.94126,0.98927,0.98118,0.99749
K_focal_aug_s4,K_focal_aug,20,20,Q1_dimmest,168,5411,1924,0.62945,0.66532,0.66381,0.66684
K_focal_aug_s4,K_focal_aug,20,20,Q2,16,7210,2225,0.79199,0.88797,0.84086,0.94067
K_focal_aug_s4,K_focal_aug,20,20,Q3,3,6951,2027,0.85852,0.95734,0.92752,0.98915
K_focal_aug_s4,K_focal_aug,20,20,Q4_clearest,1,4693,1197,0.94068,0.9904,0.98421,0.99666
K_focal_aug_s5,K_focal_aug,01,0,Q1_dimmest,145,4597,1791,0.57208,0.56738,0.52396,0.61865
K_focal_aug_s5,K_focal_aug,01,0,Q2,24,6946,2500,0.74647,0.8576,0.80712,0.9148
K_focal_aug_s5,K_focal_aug,01,0,Q3,4,8473,2538,0.84064,0.96224,0.95569,0.96887
K_focal_aug_s5,K_focal_aug,01,0,Q4_clearest,1,9424,2483,0.92348,0.99122,0.98571,0.99678
K_focal_aug_s5,K_focal_aug,01,20,Q1_dimmest,131,4597,1791,0.5719,0.56946,0.53723,0.60581
K_focal_aug_s5,K_focal_aug,01,20,Q2,22,6946,2500,0.74523,0.85475,0.80898,0.906
K_focal_aug_s5,K_focal_aug,01,20,Q3,4,8473,2538,0.84079,0.96232,0.95816,0.96651
K_focal_aug_s5,K_focal_aug,01,20,Q4_clearest,1,9424,2483,0.92348,0.99122,0.98571,0.99678
K_focal_aug_s5,K_focal_aug,02,0,Q1_dimmest,174,5691,1790,0.49635,0.49959,0.52033,0.48045
K_focal_aug_s5,K_focal_aug,02,0,Q2,29,6606,1861,0.76898,0.80377,0.75216,0.86298
K_focal_aug_s5,K_focal_aug,02,0,Q3,3,8662,2260,0.88269,0.95914,0.93187,0.98805
K_focal_aug_s5,K_focal_aug,02,0,Q4_clearest,0,12831,3378,0.96206,0.99532,0.99069,1.0
K_focal_aug_s5,K_focal_aug,02,20,Q1_dimmest,163,5691,1790,0.49626,0.50211,0.53696,0.47151
K_focal_aug_s5,K_focal_aug,02,20,Q2,24,6606,1861,0.76811,0.79945,0.75282,0.85223
K_focal_aug_s5,K_focal_aug,02,20,Q3,2,8662,2260,0.88391,0.96374,0.941,0.98761
K_focal_aug_s5,K_focal_aug,02,20,Q4_clearest,0,12831,3378,0.96213,0.99546,0.99097,1.0
K_focal_aug_s5,K_focal_aug,03,0,Q1_dimmest,203,10358,3377,0.49762,0.49013,0.60124,0.41368
K_focal_aug_s5,K_focal_aug,03,0,Q2,20,9353,2708,0.79162,0.86298,0.85714,0.86891
K_focal_aug_s5,K_focal_aug,03,0,Q3,5,8095,2089,0.92208,0.97503,0.97639,0.97367
K_focal_aug_s5,K_focal_aug,03,0,Q4_clearest,0,5087,1047,0.98709,0.99738,0.99573,0.99904
K_focal_aug_s5,K_focal_aug,03,20,Q1_dimmest,188,10358,3377,0.49484,0.48324,0.60532,0.40213
K_focal_aug_s5,K_focal_aug,03,20,Q2,17,9353,2708,0.79109,0.86153,0.85787,0.86521
K_focal_aug_s5,K_focal_aug,03,20,Q3,5,8095,2089,0.9223,0.9759,0.97813,0.97367
K_focal_aug_s5,K_focal_aug,03,20,Q4_clearest,0,5087,1047,0.98709,0.99738,0.99573,0.99904
K_focal_aug_s5,K_focal_aug,04,0,Q1_dimmest,147,7750,3035,0.50016,0.47018,0.60743,0.38353
K_focal_aug_s5,K_focal_aug,04,0,Q2,15,6017,1865,0.77214,0.83782,0.79652,0.88365
K_focal_aug_s5,K_focal_aug,04,0,Q3,3,6293,1680,0.89286,0.97294,0.95937,0.9869
K_focal_aug_s5,K_focal_aug,04,0,Q4_clearest,0,10294,2346,0.97315,0.99424,0.98854,1.0
K_focal_aug_s5,K_focal_aug,04,20,Q1_dimmest,139,7750,3035,0.49992,0.46936,0.61654,0.37891
K_focal_aug_s5,K_focal_aug,04,20,Q2,13,6017,1865,0.77144,0.8375,0.80393,0.87399
K_focal_aug_s5,K_focal_aug,04,20,Q3,3,6293,1680,0.89304,0.97408,0.96158,0.9869
K_focal_aug_s5,K_focal_aug,04,20,Q4_clearest,0,10294,2346,0.97315,0.99424,0.98854,1.0
K_focal_aug_s5,K_focal_aug,05,0,Q1_dimmest,228,9685,3539,0.50076,0.43339,0.60485,0.33767
K_focal_aug_s5,K_focal_aug,05,0,Q2,14,7440,2198,0.83428,0.87107,0.86331,0.87898
K_focal_aug_s5,K_focal_aug,05,0,Q3,1,7606,2186,0.92913,0.98918,0.98301,0.99543
K_focal_aug_s5,K_focal_aug,05,0,Q4_clearest,0,6179,1663,0.97622,0.99773,0.99548,1.0
K_focal_aug_s5,K_focal_aug,05,20,Q1_dimmest,207,9685,3539,0.49783,0.42641,0.61794,0.32552
K_focal_aug_s5,K_focal_aug,05,20,Q2,11,7440,2198,0.83325,0.86888,0.86878,0.86897
K_focal_aug_s5,K_focal_aug,05,20,Q3,1,7606,2186,0.9291,0.98871,0.98298,0.99451
K_focal_aug_s5,K_focal_aug,05,20,Q4_clearest,0,6179,1663,0.97622,0.99773,0.99548,1.0
K_focal_aug_s5,K_focal_aug,06,0,Q1_dimmest,255,10790,3981,0.51354,0.46579,0.6589,0.36021
K_focal_aug_s5,K_focal_aug,06,0,Q2,24,7933,2378,0.81973,0.84553,0.87363,0.81918
K_focal_aug_s5,K_focal_aug,06,0,Q3,0,7891,2229,0.93319,0.98626,0.97892,0.99372
K_focal_aug_s5,K_focal_aug,06,0,Q4_clearest,0,5502,1401,0.97889,0.9972,0.99512,0.99929
K_focal_aug_s5,K_focal_aug,06,20,Q1_dimmest,232,10790,3981,0.51367,0.46711,0.69834,0.35092
K_focal_aug_s5,K_focal_aug,06,20,Q2,24,7933,2378,0.8187,0.8429,0.87818,0.81034
K_focal_aug_s5,K_focal_aug,06,20,Q3,0,7891,2229,0.93298,0.98535,0.97887,0.99192
K_focal_aug_s5,K_focal_aug,06,20,Q4_clearest,0,5502,1401,0.97889,0.9972,0.99512,0.99929
K_focal_aug_s5,K_focal_aug,07,0,Q1_dimmest,174,8316,2808,0.51336,0.45904,0.67983,0.34651
K_focal_aug_s5,K_focal_aug,07,0,Q2,21,7149,2172,0.81094,0.84622,0.86148,0.83149
K_focal_aug_s5,K_focal_aug,07,0,Q3,5,7254,1955,0.91329,0.97619,0.97085,0.98159
K_focal_aug_s5,K_focal_aug,07,0,Q4_clearest,1,7433,2033,0.97116,0.99663,0.99572,0.99754
K_focal_aug_s5,K_focal_aug,07,20,Q1_dimmest,161,8316,2808,0.51229,0.45486,0.70149,0.33654
K_focal_aug_s5,K_focal_aug,07,20,Q2,19,7149,2172,0.8107,0.84588,0.86729,0.82551
K_focal_aug_s5,K_focal_aug,07,20,Q3,5,7254,1955,0.91331,0.97615,0.97177,0.98056
K_focal_aug_s5,K_focal_aug,07,20,Q4_clearest,1,7433,2033,0.97116,0.99663,0.99572,0.99754
K_focal_aug_s5,K_focal_aug,08,0,Q1_dimmest,200,9976,3245,0.54002,0.4927,0.64053,0.40031
K_focal_aug_s5,K_focal_aug,08,0,Q2,16,8461,2479,0.83326,0.87898,0.87978,0.87818
K_focal_aug_s5,K_focal_aug,08,0,Q3,2,6640,1970,0.92223,0.9778,0.97541,0.9802
K_focal_aug_s5,K_focal_aug,08,0,Q4_clearest,0,3312,891,0.97419,0.99223,0.99571,0.98878
K_focal_aug_s5,K_focal_aug,08,20,Q1_dimmest,186,9976,3245,0.54175,0.50084,0.68487,0.39476
K_focal_aug_s5,K_focal_aug,08,20,Q2,16,8461,2479,0.83391,0.88051,0.88697,0.87414
K_focal_aug_s5,K_focal_aug,08,20,Q3,2,6640,1970,0.92334,0.98059,0.98098,0.9802
K_focal_aug_s5,K_focal_aug,08,20,Q4_clearest,0,3312,891,0.97419,0.99223,0.99571,0.98878
K_focal_aug_s5,K_focal_aug,09,0,Q1_dimmest,191,9368,3406,0.5713,0.58652,0.70633,0.50147
K_focal_aug_s5,K_focal_aug,09,0,Q2,11,7639,2383,0.82906,0.90821,0.88559,0.93202
K_focal_aug_s5,K_focal_aug,09,0,Q3,0,6249,1936,0.92854,0.98966,0.98102,0.99845
K_focal_aug_s5,K_focal_aug,09,0,Q4_clearest,0,3485,1001,0.97976,1.0,1.0,1.0
K_focal_aug_s5,K_focal_aug,09,20,Q1_dimmest,168,9368,3406,0.56746,0.57777,0.71247,0.48591
K_focal_aug_s5,K_focal_aug,09,20,Q2,10,7639,2383,0.82918,0.90913,0.89118,0.92782
K_focal_aug_s5,K_focal_aug,09,20,Q3,0,6249,1936,0.92868,0.9899,0.9815,0.99845
K_focal_aug_s5,K_focal_aug,09,20,Q4_clearest,0,3485,1001,0.97976,1.0,1.0,1.0
K_focal_aug_s5,K_focal_aug,10,0,Q1_dimmest,230,7560,3177,0.53195,0.48708,0.57224,0.42398
K_focal_aug_s5,K_focal_aug,10,0,Q2,23,6756,2369,0.78856,0.8332,0.8104,0.85732
K_focal_aug_s5,K_focal_aug,10,0,Q3,2,6741,2035,0.88893,0.96726,0.94855,0.98673
K_focal_aug_s5,K_focal_aug,10,0,Q4_clearest,0,6099,1556,0.9551,0.98971,0.98148,0.99807
K_focal_aug_s5,K_focal_aug,10,20,Q1_dimmest,204,7560,3177,0.52909,0.4809,0.58501,0.40825
K_focal_aug_s5,K_focal_aug,10,20,Q2,21,6756,2369,0.78615,0.82658,0.81279,0.84086
K_focal_aug_s5,K_focal_aug,10,20,Q3,2,6741,2035,0.8892,0.96793,0.95075,0.98575
K_focal_aug_s5,K_focal_aug,10,20,Q4_clearest,0,6099,1556,0.95525,0.99034,0.98274,0.99807
K_focal_aug_s5,K_focal_aug,11,0,Q1_dimmest,230,6386,2930,0.46418,0.40414,0.50047,0.33891
K_focal_aug_s5,K_focal_aug,11,0,Q2,46,5601,2186,0.7383,0.75285,0.72362,0.78454
K_focal_aug_s5,K_focal_aug,11,0,Q3,4,6593,2129,0.83386,0.93057,0.8975,0.96618
K_focal_aug_s5,K_focal_aug,11,0,Q4_clearest,0,10959,3211,0.93702,0.98396,0.9693,0.99907
K_focal_aug_s5,K_focal_aug,11,20,Q1_dimmest,205,6386,2930,0.45983,0.39481,0.50302,0.32491
K_focal_aug_s5,K_focal_aug,11,20,Q2,40,5601,2186,0.73685,0.74865,0.73143,0.7667
K_focal_aug_s5,K_focal_aug,11,20,Q3,4,6593,2129,0.83401,0.93144,0.90033,0.96477
K_focal_aug_s5,K_focal_aug,11,20,Q4_clearest,0,10959,3211,0.93702,0.98396,0.9693,0.99907
K_focal_aug_s5,K_focal_aug,12,0,Q1_dimmest,166,6741,2151,0.56125,0.57353,0.66378,0.50488
K_focal_aug_s5,K_focal_aug,12,0,Q2,38,7686,2661,0.77704,0.84071,0.82624,0.85569
K_focal_aug_s5,K_focal_aug,12,0,Q3,3,7976,2374,0.86775,0.95975,0.94482,0.97515
K_focal_aug_s5,K_focal_aug,12,0,Q4_clearest,0,6087,1526,0.94928,0.9938,0.9896,0.99803
K_focal_aug_s5,K_focal_aug,12,20,Q1_dimmest,152,6741,2151,0.56263,0.58236,0.69948,0.49884
K_focal_aug_s5,K_focal_aug,12,20,Q2,35,7686,2661,0.77655,0.83924,0.83193,0.84667
K_focal_aug_s5,K_focal_aug,12,20,Q3,3,7976,2374,0.86806,0.96049,0.94705,0.9743
K_focal_aug_s5,K_focal_aug,12,20,Q4_clearest,0,6087,1526,0.94928,0.9938,0.9896,0.99803
K_focal_aug_s5,K_focal_aug,13,0,Q1_dimmest,194,8947,3161,0.54064,0.5337,0.62729,0.46441
K_focal_aug_s5,K_focal_aug,13,0,Q2,33,7970,2798,0.77647,0.8375,0.80589,0.87169
K_focal_aug_s5,K_focal_aug,13,0,Q3,4,7295,2120,0.89179,0.96901,0.95317,0.98538
K_focal_aug_s5,K_focal_aug,13,0,Q4_clearest,0,8047,2107,0.97526,0.99884,0.99769,1.0
K_focal_aug_s5,K_focal_aug,13,20,Q1_dimmest,182,8947,3161,0.54016,0.5337,0.64108,0.45713
K_focal_aug_s5,K_focal_aug,13,20,Q2,29,7970,2798,0.77627,0.83734,0.81433,0.86169
K_focal_aug_s5,K_focal_aug,13,20,Q3,4,7295,2120,0.89183,0.96922,0.95402,0.98491
K_focal_aug_s5,K_focal_aug,13,20,Q4_clearest,0,8047,2107,0.97526,0.99884,0.99769,1.0
K_focal_aug_s5,K_focal_aug,14,0,Q1_dimmest,148,4886,1623,0.52067,0.51571,0.52009,0.5114
K_focal_aug_s5,K_focal_aug,14,0,Q2,32,6453,2243,0.75235,0.81459,0.76699,0.86848
K_focal_aug_s5,K_focal_aug,14,0,Q3,0,8104,2470,0.85864,0.95705,0.92527,0.99109
K_focal_aug_s5,K_focal_aug,14,0,Q4_clearest,0,7234,2022,0.94617,0.99489,0.98984,1.0
K_focal_aug_s5,K_focal_aug,14,20,Q1_dimmest,140,4886,1623,0.52055,0.51706,0.53357,0.50154
K_focal_aug_s5,K_focal_aug,14,20,Q2,30,6453,2243,0.75323,0.81757,0.78023,0.85867
K_focal_aug_s5,K_focal_aug,14,20,Q3,0,8104,2470,0.85898,0.95839,0.92849,0.99028
K_focal_aug_s5,K_focal_aug,14,20,Q4_clearest,0,7234,2022,0.94617,0.99489,0.98984,1.0
K_focal_aug_s5,K_focal_aug,15,0,Q1_dimmest,119,4357,1638,0.53232,0.54147,0.54388,0.53907
K_focal_aug_s5,K_focal_aug,15,0,Q2,10,5141,1751,0.74131,0.82025,0.75145,0.90291
K_focal_aug_s5,K_focal_aug,15,0,Q3,2,6066,1760,0.82915,0.95504,0.92366,0.98864
K_focal_aug_s5,K_focal_aug,15,0,Q4_clearest,0,8050,2502,0.92688,0.98851,0.97727,1.0
K_focal_aug_s5,K_focal_aug,15,20,Q1_dimmest,110,4357,1638,0.53444,0.54816,0.5677,0.52991
K_focal_aug_s5,K_focal_aug,15,20,Q2,8,5141,1751,0.74136,0.82214,0.75989,0.89549
K_focal_aug_s5,K_focal_aug,15,20,Q3,2,6066,1760,0.82898,0.95499,0.92554,0.98636
K_focal_aug_s5,K_focal_aug,15,20,Q4_clearest,0,8050,2502,0.9272,0.98926,0.97876,1.0
K_focal_aug_s5,K_focal_aug,16,0,Q1_dimmest,177,6445,1959,0.62251,0.6285,0.71364,0.56151
K_focal_aug_s5,K_focal_aug,16,0,Q2,23,6977,2256,0.81378,0.8915,0.89382,0.88918
K_focal_aug_s5,K_focal_aug,16,0,Q3,2,7630,2131,0.87166,0.96844,0.94638,0.99155
K_focal_aug_s5,K_focal_aug,16,0,Q4_clearest,0,8739,2466,0.9384,0.9884,0.97746,0.99959
K_focal_aug_s5,K_focal_aug,16,20,Q1_dimmest,167,6445,1959,0.62205,0.63223,0.73917,0.55232
K_focal_aug_s5,K_focal_aug,16,20,Q2,20,6977,2256,0.81309,0.89118,0.90232,0.88032
K_focal_aug_s5,K_focal_aug,16,20,Q3,1,7630,2131,0.87184,0.96851,0.94823,0.98968
K_focal_aug_s5,K_focal_aug,16,20,Q4_clearest,0,8739,2466,0.93855,0.98879,0.97822,0.99959
K_focal_aug_s5,K_focal_aug,17,0,Q1_dimmest,174,7862,2585,0.61928,0.62418,0.74676,0.53617
K_focal_aug_s5,K_focal_aug,17,0,Q2,19,7104,2140,0.82186,0.8924,0.88858,0.89626
K_focal_aug_s5,K_focal_aug,17,0,Q3,2,7222,1826,0.88843,0.97655,0.96962,0.98357
K_focal_aug_s5,K_focal_aug,17,0,Q4_clearest,1,5664,1433,0.91893,0.99406,0.99025,0.99791
K_focal_aug_s5,K_focal_aug,17,20,Q1_dimmest,168,7862,2585,0.62003,0.62986,0.76879,0.53346
K_focal_aug_s5,K_focal_aug,17,20,Q2,17,7104,2140,0.82237,0.89442,0.89491,0.89393
K_focal_aug_s5,K_focal_aug,17,20,Q3,2,7222,1826,0.88996,0.97951,0.97602,0.98302
K_focal_aug_s5,K_focal_aug,17,20,Q4_clearest,0,5664,1433,0.91865,0.99406,0.99093,0.99721
K_focal_aug_s5,K_focal_aug,18,0,Q1_dimmest,124,4966,1759,0.63429,0.65462,0.68744,0.62479
K_focal_aug_s5,K_focal_aug,18,0,Q2,26,6044,1968,0.77852,0.88464,0.85655,0.91463
K_focal_aug_s5,K_focal_aug,18,0,Q3,3,7429,2081,0.83201,0.97145,0.95591,0.98751
K_focal_aug_s5,K_focal_aug,18,0,Q4_clearest,0,7705,1851,0.89253,0.98838,0.9791,0.99784
K_focal_aug_s5,K_focal_aug,18,20,Q1_dimmest,117,4966,1759,0.63385,0.65622,0.69953,0.61796
K_focal_aug_s5,K_focal_aug,18,20,Q2,24,6044,1968,0.77771,0.88408,0.85955,0.91006
K_focal_aug_s5,K_focal_aug,18,20,Q3,3,7429,2081,0.83228,0.97208,0.95758,0.98703
K_focal_aug_s5,K_focal_aug,18,20,Q4_clearest,0,7705,1851,0.89325,0.98991,0.98211,0.99784
K_focal_aug_s5,K_focal_aug,19,0,Q1_dimmest,117,3731,1722,0.60788,0.65699,0.70745,0.61324
K_focal_aug_s5,K_focal_aug,19,0,Q2,23,6957,2067,0.75373,0.87081,0.81292,0.93759
K_focal_aug_s5,K_focal_aug,19,0,Q3,1,8771,2610,0.86867,0.97575,0.95972,0.99234
K_focal_aug_s5,K_focal_aug,19,0,Q4_clearest,0,7909,2077,0.95907,0.99395,0.98844,0.99952
K_focal_aug_s5,K_focal_aug,19,20,Q1_dimmest,109,3731,1722,0.60534,0.65421,0.71361,0.60395
K_focal_aug_s5,K_focal_aug,19,20,Q2,23,6957,2067,0.75523,0.87665,0.82428,0.93614
K_focal_aug_s5,K_focal_aug,19,20,Q3,1,8771,2610,0.86862,0.97572,0.96037,0.99157
K_focal_aug_s5,K_focal_aug,19,20,Q4_clearest,0,7909,2077,0.95907,0.99395,0.98844,0.99952
K_focal_aug_s5,K_focal_aug,20,0,Q1_dimmest,170,5411,1924,0.62294,0.65757,0.62404,0.69491
K_focal_aug_s5,K_focal_aug,20,0,Q2,15,7210,2225,0.78684,0.88927,0.83264,0.95416
K_focal_aug_s5,K_focal_aug,20,0,Q3,2,6951,2027,0.84612,0.94542,0.90415,0.99063
K_focal_aug_s5,K_focal_aug,20,0,Q4_clearest,0,4693,1197,0.93841,0.99025,0.98069,1.0
K_focal_aug_s5,K_focal_aug,20,20,Q1_dimmest,166,5411,1924,0.62724,0.6693,0.65522,0.68399
K_focal_aug_s5,K_focal_aug,20,20,Q2,13,7210,2225,0.78966,0.89646,0.84998,0.94831
K_focal_aug_s5,K_focal_aug,20,20,Q3,2,6951,2027,0.84711,0.94796,0.90882,0.99063
K_focal_aug_s5,K_focal_aug,20,20,Q4_clearest,0,4693,1197,0.93841,0.99025,0.98069,1.0
