run,config,dataset,image,dice,cldice,betti0_err,betti1_err,b0_pred,b0_gt,hd95,erl,erl_ceiling,breaks,severs
A_dice_s0,A_dice,stare,im0001,0.6431022243256034,0.7032758761930044,214,2,218,4,23.08679276123039,598.05,7318.51,175,29
A_dice_s0,A_dice,stare,im0002,0.6988503241976789,0.7301990536376652,102,14,104,2,21.02379604162864,948.6,7020.85,177,26
A_dice_s0,A_dice,stare,im0003,0.7078874992471844,0.7465698017495015,119,10,128,9,19.231482359265385,618.96,4712.73,135,24
A_dice_s0,A_dice,stare,im0004,0.5904513821391081,0.6977661583195414,162,15,173,11,29.0,164.68,2264.78,170,30
A_dice_s0,A_dice,stare,im0005,0.7299882858258493,0.7363619284808359,243,6,252,9,33.0,448.93,2831.52,133,22
A_dice_s0,A_dice,stare,im0044,0.7407213397630455,0.7557805773595409,169,4,185,16,28.600699292150182,656.02,1471.06,123,19
A_dice_s0,A_dice,stare,im0077,0.7625522375330482,0.7926871369723467,142,17,149,7,14.317821063276353,2776.75,7243.06,96,7
A_dice_s0,A_dice,stare,im0081,0.7029909211198596,0.7512791205189419,193,3,196,3,21.02379604162864,2761.27,4825.14,82,12
A_dice_s0,A_dice,stare,im0082,0.7727592694508082,0.79369573665503,173,6,181,8,14.560219778561036,2392.75,6053.12,122,9
A_dice_s0,A_dice,stare,im0139,0.7725027692708673,0.7877534134424874,192,15,196,4,14.035668847618199,1614.54,8206.02,149,20
A_dice_s0,A_dice,stare,im0162,0.7797935522274985,0.8124047967795038,198,20,202,4,11.313708498984761,7302.66,10366.0,170,11
A_dice_s0,A_dice,stare,im0163,0.7652941616579794,0.8146125804302701,118,16,119,1,18.384776310850235,5394.37,8302.0,60,6
A_dice_s0,A_dice,stare,im0235,0.7974330849628705,0.8291876224592192,141,4,150,9,10.04987562112089,1618.32,7740.86,158,17
A_dice_s0,A_dice,stare,im0236,0.7902469837660286,0.8217445513875881,128,15,131,3,15.524174696260024,1617.69,7869.82,157,22
A_dice_s0,A_dice,stare,im0239,0.7288524725388031,0.7673742331033524,173,18,176,3,18.027756377319946,1204.09,8654.32,208,23
A_dice_s0,A_dice,stare,im0240,0.6716987856724626,0.7415491750443017,157,21,164,7,24.48464431042369,667.87,3646.87,136,23
A_dice_s0,A_dice,stare,im0255,0.8104169155417513,0.8176419653548253,161,17,164,3,11.045361017187261,6727.75,10587.03,249,8
A_dice_s0,A_dice,stare,im0291,0.735595095418088,0.7477633198641459,115,12,120,5,49.57216628372179,425.48,4590.45,100,14
A_dice_s0,A_dice,stare,im0319,0.6085318058486584,0.6462083641063974,123,16,130,7,52.08646657242167,153.36,2075.24,135,28
A_dice_s0,A_dice,stare,im0324,0.48667651932464506,0.559218838967136,133,10,138,5,45.27692569068709,63.24,3671.72,86,22
A_dice_s1,A_dice,stare,im0001,0.6324414715719063,0.7191460826853006,199,12,203,4,17.46424919657298,579.19,7318.51,156,32
A_dice_s1,A_dice,stare,im0002,0.7349247771336498,0.7590584105778803,90,2,92,2,19.235384061671343,1065.82,7020.85,181,25
A_dice_s1,A_dice,stare,im0003,0.7101055572803477,0.7554161194713509,104,4,113,9,17.804493814764857,700.22,4712.73,136,24
A_dice_s1,A_dice,stare,im0004,0.6083062364921435,0.7068809996296965,124,15,135,11,30.0,193.82,2264.78,128,27
A_dice_s1,A_dice,stare,im0005,0.7548867361778698,0.7820864355847049,152,2,161,9,21.93171219946131,1021.93,2831.52,90,13
A_dice_s1,A_dice,stare,im0044,0.7365134431916739,0.7649416607643105,159,9,175,16,20.518284528683193,722.4,1471.06,114,19
A_dice_s1,A_dice,stare,im0077,0.7578891089590143,0.8085237893300236,115,12,122,7,12.083045973594572,2888.01,7243.06,67,4
A_dice_s1,A_dice,stare,im0081,0.7264898979769211,0.7872187498901267,163,2,166,3,17.69180601295413,2634.45,4825.14,78,12
A_dice_s1,A_dice,stare,im0082,0.7591912003428438,0.8091297967218135,153,9,161,8,10.816653826391969,1556.77,6053.12,97,7
A_dice_s1,A_dice,stare,im0139,0.7566548699799969,0.7877722307385043,165,3,169,4,11.704699910719626,1039.22,8206.02,122,14
A_dice_s1,A_dice,stare,im0162,0.7827406532015471,0.8301713546265231,136,14,140,4,7.810249675906654,8010.35,10366.0,120,6
A_dice_s1,A_dice,stare,im0163,0.7778285714285714,0.8355899928908217,110,2,111,1,13.0,3665.68,8302.0,65,2
A_dice_s1,A_dice,stare,im0235,0.7873354996949663,0.8353609637789564,125,2,134,9,8.602325267042627,1624.46,7740.86,143,19
A_dice_s1,A_dice,stare,im0236,0.782319042492559,0.8318976449681009,129,18,132,3,9.219544457292887,1732.99,7869.82,137,20
A_dice_s1,A_dice,stare,im0239,0.7181943125947546,0.795990964270764,137,26,140,3,13.416407864998739,1346.13,8654.32,158,18
A_dice_s1,A_dice,stare,im0240,0.6869231460443384,0.7624826446638703,152,20,159,7,17.079214321928678,766.4,3646.87,131,22
A_dice_s1,A_dice,stare,im0255,0.8320206215093799,0.8444428398108754,132,26,135,3,7.615773105863909,7729.28,10587.03,179,5
A_dice_s1,A_dice,stare,im0291,0.7690650581645843,0.7839679624753856,82,7,87,5,33.0,1030.61,4590.45,98,8
A_dice_s1,A_dice,stare,im0319,0.6637906885539806,0.7129365652556221,100,16,107,7,29.068883707497267,169.86,2075.24,111,20
A_dice_s1,A_dice,stare,im0324,0.4649436023552224,0.5607096500200381,109,13,114,5,55.94640292279746,53.68,3671.72,97,22
A_dice_s2,A_dice,stare,im0001,0.6459997901332654,0.7210131415921603,193,12,197,4,19.1049731745428,705.2,7318.51,158,30
A_dice_s2,A_dice,stare,im0002,0.6919639613456369,0.7164018314031779,107,19,109,2,26.10073337975915,914.84,7020.85,161,28
A_dice_s2,A_dice,stare,im0003,0.7008953113955863,0.7247199890758115,123,11,132,9,20.003747659175062,468.85,4712.73,156,36
A_dice_s2,A_dice,stare,im0004,0.5996243483593989,0.6901264610285258,161,14,172,11,34.438350715445125,180.67,2264.78,130,29
A_dice_s2,A_dice,stare,im0005,0.7328595785988974,0.7433013600896072,189,4,198,9,31.960127024739677,735.51,2831.52,96,15
A_dice_s2,A_dice,stare,im0044,0.7006656924825458,0.7177636355275497,179,7,195,16,26.076809620810597,619.88,1471.06,125,31
A_dice_s2,A_dice,stare,im0077,0.7576269940454311,0.7866667159609161,171,12,178,7,15.231546211727817,2693.49,7243.06,90,9
A_dice_s2,A_dice,stare,im0081,0.7260655216284987,0.759406598375079,197,4,200,3,20.024984394500787,2514.26,4825.14,71,17
A_dice_s2,A_dice,stare,im0082,0.77106149957877,0.806473664333164,165,8,173,8,11.661903789690601,1421.83,6053.12,114,9
A_dice_s2,A_dice,stare,im0139,0.753747985820174,0.7760596889839191,164,10,168,4,18.027756377319946,1147.22,8206.02,117,19
A_dice_s2,A_dice,stare,im0162,0.7905877854255435,0.8262372153997769,144,13,148,4,9.055385138137417,7331.7,10366.0,134,7
A_dice_s2,A_dice,stare,im0163,0.7795034282152503,0.8319185898702928,103,5,104,1,14.317821063276353,4592.89,8302.0,63,7
A_dice_s2,A_dice,stare,im0235,0.7848136449778901,0.8175349627833375,132,11,141,9,10.770329614269007,1558.96,7740.86,150,16
A_dice_s2,A_dice,stare,im0236,0.7746608445521334,0.8126791087731651,151,18,154,3,14.212670403551895,1581.26,7869.82,156,21
A_dice_s2,A_dice,stare,im0239,0.6847445015239758,0.7558909747016671,177,38,180,3,20.223748416156685,930.82,8654.32,175,17
A_dice_s2,A_dice,stare,im0240,0.695096326675274,0.7627850171294907,158,18,165,7,22.090722034374522,728.51,3646.87,135,20
A_dice_s2,A_dice,stare,im0255,0.8208014462187406,0.8235237633639073,169,27,172,3,11.180339887498949,3263.77,10587.03,222,10
A_dice_s2,A_dice,stare,im0291,0.7658847588115001,0.7809013923452998,92,11,97,5,43.41658669218482,799.36,4590.45,106,6
A_dice_s2,A_dice,stare,im0319,0.6601407831060273,0.7059040058778833,126,16,133,7,38.897300677553446,179.65,2075.24,120,23
A_dice_s2,A_dice,stare,im0324,0.4806085430076068,0.5605242195375332,155,9,160,5,46.52956049652737,57.92,3671.72,93,23
A_dice_s3,A_dice,stare,im0001,0.6614949124014995,0.7451680849170106,158,14,162,4,14.866068747318506,660.21,7318.51,158,30
A_dice_s3,A_dice,stare,im0002,0.7323340471092077,0.7754054625896415,114,16,116,2,14.317821063276353,1201.48,7020.85,174,27
A_dice_s3,A_dice,stare,im0003,0.6972951471758154,0.7667446475425578,101,5,110,9,14.317821063276353,657.62,4712.73,113,19
A_dice_s3,A_dice,stare,im0004,0.5835271473253669,0.7086731697337076,136,15,147,11,28.635642126552707,138.1,2264.78,132,29
A_dice_s3,A_dice,stare,im0005,0.7562053216838761,0.7761315122710851,171,2,180,9,23.021728866442675,517.92,2831.52,97,10
A_dice_s3,A_dice,stare,im0044,0.739573739234411,0.7886535828998135,142,6,158,16,14.212670403551895,511.92,1471.06,109,22
A_dice_s3,A_dice,stare,im0077,0.7584656084656085,0.7984099804857139,159,8,166,7,14.23895806848301,2001.45,7243.06,75,7
A_dice_s3,A_dice,stare,im0081,0.7296210487070917,0.78161538591383,157,4,160,3,17.11724276862369,2637.66,4825.14,73,16
A_dice_s3,A_dice,stare,im0082,0.760376168960807,0.8048252014569941,148,9,156,8,11.180339887498949,1824.63,6053.12,112,13
A_dice_s3,A_dice,stare,im0139,0.767974358974359,0.8097450318500019,119,12,123,4,10.04987562112089,924.26,8206.02,133,22
A_dice_s3,A_dice,stare,im0162,0.7763589832915734,0.8104400170570818,176,14,180,4,10.770329614269007,7410.19,10366.0,155,6
A_dice_s3,A_dice,stare,im0163,0.7764539735524457,0.8400671589010738,95,6,96,1,12.0,6047.6,8302.0,53,5
A_dice_s3,A_dice,stare,im0235,0.7944686682446742,0.8411235494838184,93,2,102,9,7.280109889280518,1914.39,7740.86,130,9
A_dice_s3,A_dice,stare,im0236,0.7807243676459328,0.8272277066994115,131,20,134,3,9.433981132056603,1535.95,7869.82,160,18
A_dice_s3,A_dice,stare,im0239,0.7100355871886121,0.7862603430133182,141,30,144,3,16.0312195418814,1048.66,8654.32,182,18
A_dice_s3,A_dice,stare,im0240,0.677107148300564,0.7610926869200757,147,24,154,7,19.697715603592208,791.24,3646.87,141,21
A_dice_s3,A_dice,stare,im0255,0.8272980165946122,0.833323043081523,165,21,168,3,8.602325267042627,7242.02,10587.03,211,6
A_dice_s3,A_dice,stare,im0291,0.7627239801753717,0.7793428628596265,83,8,88,5,38.0644168376783,938.31,4590.45,113,9
A_dice_s3,A_dice,stare,im0319,0.6796382414196457,0.7395225276975682,110,15,117,7,23.194827009486403,166.34,2075.24,134,25
A_dice_s3,A_dice,stare,im0324,0.41754257013352936,0.5137438295472648,121,11,126,5,47.51841748206689,38.07,3671.72,83,20
A_dice_s4,A_dice,stare,im0001,0.6744863467140209,0.754269983730718,194,15,198,4,13.0,504.86,7318.51,159,30
A_dice_s4,A_dice,stare,im0002,0.7372290579406499,0.7682750940764977,109,18,111,2,17.69180601295413,1142.82,7020.85,150,21
A_dice_s4,A_dice,stare,im0003,0.7113279488335862,0.7684130822505292,120,6,129,9,15.01331855134909,579.78,4712.73,148,29
A_dice_s4,A_dice,stare,im0004,0.582442148510664,0.6954054595958222,119,15,130,11,30.364452901377952,158.13,2264.78,145,24
A_dice_s4,A_dice,stare,im0005,0.7612975051869845,0.7928091927278598,190,12,199,9,20.248456731316587,489.39,2831.52,101,19
A_dice_s4,A_dice,stare,im0044,0.7340676504563721,0.7743145938883941,172,8,188,16,16.1245154965971,523.32,1471.06,117,22
A_dice_s4,A_dice,stare,im0077,0.760788966335459,0.8026933327336776,146,1,153,7,13.0,2166.95,7243.06,82,7
A_dice_s4,A_dice,stare,im0081,0.7337100017784588,0.7913824521183789,187,1,190,3,14.035668847618199,2474.23,4825.14,86,10
A_dice_s4,A_dice,stare,im0082,0.7581629375869822,0.8059868163857187,149,14,157,8,11.180339887498949,1342.32,6053.12,128,20
A_dice_s4,A_dice,stare,im0139,0.7713401033876512,0.8085548166960473,167,10,171,4,11.0,774.15,8206.02,124,19
A_dice_s4,A_dice,stare,im0162,0.7944889035558123,0.8253654401265453,138,18,142,4,8.246211251235321,7453.07,10366.0,171,7
A_dice_s4,A_dice,stare,im0163,0.7893206172871853,0.8461821901514373,99,5,100,1,10.0,2932.94,8302.0,76,7
A_dice_s4,A_dice,stare,im0235,0.7844127360595744,0.8313632840517949,148,14,157,9,8.0,1551.43,7740.86,162,15
A_dice_s4,A_dice,stare,im0236,0.7690836444619114,0.8273059746245912,143,21,146,3,9.219544457292887,1440.76,7869.82,153,22
A_dice_s4,A_dice,stare,im0239,0.6883835640570178,0.7768211766835963,166,32,169,3,15.033296378372908,941.78,8654.32,168,22
A_dice_s4,A_dice,stare,im0240,0.6879724105742179,0.763812979713252,149,25,156,7,21.2602916254693,642.53,3646.87,138,22
A_dice_s4,A_dice,stare,im0255,0.8334193643536613,0.8388318857510328,150,29,153,3,7.810249675906654,3613.82,10587.03,256,7
A_dice_s4,A_dice,stare,im0291,0.7640554125291161,0.7875717795890357,54,9,59,5,35.4682957019364,678.46,4590.45,98,5
A_dice_s4,A_dice,stare,im0319,0.6715407682421819,0.7303580318254068,92,16,99,7,25.500974279003575,184.26,2075.24,113,26
A_dice_s4,A_dice,stare,im0324,0.45164474495965257,0.5540400863044873,102,14,107,5,49.24733473351606,39.1,3671.72,77,15
A_dice_s5,A_dice,stare,im0001,0.6415653631954009,0.7203558261108796,177,15,181,4,16.97056274847714,601.25,7318.51,156,32
A_dice_s5,A_dice,stare,im0002,0.7190123283340943,0.7542233756768951,107,10,109,2,22.20360331117452,2087.71,7020.85,132,22
A_dice_s5,A_dice,stare,im0003,0.7076471288543196,0.7415702983483201,125,10,134,9,19.235384061671343,670.71,4712.73,113,30
A_dice_s5,A_dice,stare,im0004,0.58727909631204,0.6961878885876045,166,15,177,11,29.0,159.71,2264.78,138,26
A_dice_s5,A_dice,stare,im0005,0.7435913397492561,0.7721601085756992,225,3,234,9,25.079872407968907,622.15,2831.52,108,23
A_dice_s5,A_dice,stare,im0044,0.705834365652476,0.7328665441958107,260,4,276,16,25.238858928247925,572.48,1471.06,114,29
A_dice_s5,A_dice,stare,im0077,0.7613391445950477,0.8154195152883841,128,5,135,7,11.518821543405272,2909.15,7243.06,66,5
A_dice_s5,A_dice,stare,im0081,0.7292605684700193,0.7801390441256725,176,6,179,3,19.849433241279208,2778.22,4825.14,65,13
A_dice_s5,A_dice,stare,im0082,0.7627433043655029,0.8130156644994974,146,10,154,8,13.0,2287.42,6053.12,107,7
A_dice_s5,A_dice,stare,im0139,0.768922305764411,0.8009349347746039,176,16,180,4,13.416407864998739,891.93,8206.02,127,23
A_dice_s5,A_dice,stare,im0162,0.7711390866699251,0.8217946565943537,149,19,153,4,9.486832980505138,7840.51,10366.0,139,8
A_dice_s5,A_dice,stare,im0163,0.7664969526723684,0.8245360594406463,128,2,129,1,15.0,5473.21,8302.0,77,5
A_dice_s5,A_dice,stare,im0235,0.7861116630240413,0.8303237802528485,142,15,151,9,8.246211251235321,1595.28,7740.86,145,18
A_dice_s5,A_dice,stare,im0236,0.7768179001024526,0.8260500162543724,151,16,154,3,12.206555615733702,1618.47,7869.82,136,22
A_dice_s5,A_dice,stare,im0239,0.6865824750128228,0.7678691226210956,174,37,177,3,19.4164878389476,1005.64,8654.32,158,21
A_dice_s5,A_dice,stare,im0240,0.6892858038782831,0.7659528592833229,147,26,154,7,20.808652046684813,694.53,3646.87,136,24
A_dice_s5,A_dice,stare,im0255,0.8179370708160869,0.8312159875291749,163,33,166,3,8.94427190999916,7026.01,10587.03,203,6
A_dice_s5,A_dice,stare,im0291,0.7643077210344505,0.7802206975193503,99,10,104,5,49.6653780235748,461.08,4590.45,106,12
A_dice_s5,A_dice,stare,im0319,0.6422170594092267,0.690183353647992,138,16,145,7,31.78049716414141,147.5,2075.24,124,38
A_dice_s5,A_dice,stare,im0324,0.3622641509433962,0.461049764051224,116,12,121,5,65.62011886609167,37.29,3671.72,66,19
B_cldice_s0,B_cldice,stare,im0001,0.6949469557540662,0.7746565436910829,123,11,127,4,12.825623627378846,899.75,7318.51,129,25
B_cldice_s0,B_cldice,stare,im0002,0.7434115262090936,0.7727835819634262,79,15,81,2,18.110770276274835,1132.6,7020.85,144,24
B_cldice_s0,B_cldice,stare,im0003,0.7391513889692133,0.7825004789742811,103,12,112,9,14.7648230602334,756.56,4712.73,108,26
B_cldice_s0,B_cldice,stare,im0004,0.6204621750331798,0.7231524575928081,99,15,110,11,27.018512172212592,173.06,2264.78,122,24
B_cldice_s0,B_cldice,stare,im0005,0.7616502672194196,0.7880281848823497,150,8,159,9,22.0,1048.2,2831.52,97,12
B_cldice_s0,B_cldice,stare,im0044,0.7372236786743049,0.7910340916827593,130,6,146,16,15.952847075210475,760.72,1471.06,94,20
B_cldice_s0,B_cldice,stare,im0077,0.7706953141085422,0.8277906701269612,120,16,127,7,11.40175425099138,2699.16,7243.06,75,2
B_cldice_s0,B_cldice,stare,im0081,0.7337501506165236,0.7982571123454912,149,1,152,3,15.811388300841896,2758.43,4825.14,76,11
B_cldice_s0,B_cldice,stare,im0082,0.787220891601638,0.8357296929255719,98,12,106,8,8.602325267042627,2056.87,6053.12,98,9
B_cldice_s0,B_cldice,stare,im0139,0.783432316199058,0.8271983282924178,103,8,107,4,10.0,1667.46,8206.02,108,19
B_cldice_s0,B_cldice,stare,im0162,0.782612197774168,0.8413864360788366,118,21,122,4,6.708203932499369,7916.98,10366.0,117,5
B_cldice_s0,B_cldice,stare,im0163,0.7809390685558167,0.8422383267510354,90,4,91,1,12.196297976949387,6277.74,8302.0,63,7
B_cldice_s0,B_cldice,stare,im0235,0.8036785582026911,0.8537027291559136,80,10,89,9,7.0,2263.36,7740.86,123,9
B_cldice_s0,B_cldice,stare,im0236,0.8137367293026965,0.8624531791483975,90,15,93,3,8.06225774829855,2207.19,7869.82,127,13
B_cldice_s0,B_cldice,stare,im0239,0.7251289190686574,0.7998536769204702,105,20,108,3,14.866068747318506,1118.46,8654.32,158,23
B_cldice_s0,B_cldice,stare,im0240,0.7179359217486775,0.7898061100690901,123,18,130,7,20.615528128088304,827.11,3646.87,124,19
B_cldice_s0,B_cldice,stare,im0255,0.8342420675906133,0.8490578791981319,130,18,133,3,6.708203932499369,7039.62,10587.03,195,4
B_cldice_s0,B_cldice,stare,im0291,0.786656696977737,0.7958443442119233,65,11,70,5,26.92582403567252,720.93,4590.45,95,13
B_cldice_s0,B_cldice,stare,im0319,0.6984765248909781,0.7501721837547402,90,16,97,7,22.627416997969522,177.8,2075.24,117,27
B_cldice_s0,B_cldice,stare,im0324,0.47939396826909336,0.5363611836317933,97,14,102,5,51.75422214824311,47.05,3671.72,71,27
B_cldice_s1,B_cldice,stare,im0001,0.6616953676971956,0.7464282917718301,150,13,154,4,16.278820596099706,675.43,7318.51,118,25
B_cldice_s1,B_cldice,stare,im0002,0.7374386497651919,0.7642326168992305,106,17,108,2,20.8806130178211,1203.13,7020.85,162,28
B_cldice_s1,B_cldice,stare,im0003,0.7201033533674099,0.7841986480508267,90,9,99,9,15.524174696260024,875.42,4712.73,125,23
B_cldice_s1,B_cldice,stare,im0004,0.6130299336313152,0.727257172812454,99,15,110,11,26.0,173.89,2264.78,125,26
B_cldice_s1,B_cldice,stare,im0005,0.7586478738652652,0.7789377605723871,156,10,165,9,23.600847442411894,804.53,2831.52,78,16
B_cldice_s1,B_cldice,stare,im0044,0.7278375679573948,0.7817441155425073,127,0,143,16,16.492422502470642,824.18,1471.06,99,19
B_cldice_s1,B_cldice,stare,im0077,0.7403023555607641,0.7930651665917474,140,9,147,7,14.7648230602334,6137.12,7243.06,53,3
B_cldice_s1,B_cldice,stare,im0081,0.7004689331770223,0.7709034004695191,147,3,150,3,18.110770276274835,3037.01,4825.14,59,7
B_cldice_s1,B_cldice,stare,im0082,0.7416149541249476,0.8037073543053431,119,16,127,8,12.36931687685298,1494.51,6053.12,98,14
B_cldice_s1,B_cldice,stare,im0139,0.7672854384614414,0.8144959665739966,139,13,143,4,12.041594578792296,1531.69,8206.02,110,16
B_cldice_s1,B_cldice,stare,im0162,0.7630918803696531,0.8265053629304882,110,17,114,4,9.005538513813661,7940.5,10366.0,117,6
B_cldice_s1,B_cldice,stare,im0163,0.7679233544855045,0.8373556173477642,95,3,96,1,12.577622707954148,5603.67,8302.0,50,5
B_cldice_s1,B_cldice,stare,im0235,0.7744233378561737,0.8342429949151576,96,8,105,9,9.219544457292887,2203.31,7740.86,110,12
B_cldice_s1,B_cldice,stare,im0236,0.7684011468309644,0.8249074387762486,133,18,136,3,11.704699910719626,2019.59,7869.82,114,19
B_cldice_s1,B_cldice,stare,im0239,0.7053208463406174,0.7875272747423239,159,22,162,3,13.0,1156.41,8654.32,147,20
B_cldice_s1,B_cldice,stare,im0240,0.6985064828491712,0.7837901923473894,134,22,141,7,17.4928556845359,507.95,3646.87,113,21
B_cldice_s1,B_cldice,stare,im0255,0.82001067359677,0.8374504204131965,120,25,123,3,9.433981132056603,7892.35,10587.03,166,8
B_cldice_s1,B_cldice,stare,im0291,0.7858880204028621,0.8114666315066866,62,11,67,5,21.93171219946131,531.71,4590.45,107,6
B_cldice_s1,B_cldice,stare,im0319,0.7040730375241149,0.7456198349874207,104,16,111,7,23.184023584660565,174.82,2075.24,119,21
B_cldice_s1,B_cldice,stare,im0324,0.4529979194250047,0.5427505173309799,106,12,111,5,54.644304369257,63.58,3671.72,83,24
B_cldice_s2,B_cldice,stare,im0001,0.6668346848917024,0.7636138854706236,133,14,137,4,15.297058540778355,861.93,7318.51,122,23
B_cldice_s2,B_cldice,stare,im0002,0.7117952790009384,0.740569524666193,88,10,90,2,21.587033144922902,901.9,7020.85,139,20
B_cldice_s2,B_cldice,stare,im0003,0.7226483495516123,0.7603929445618708,74,10,83,9,16.15549442140351,820.47,4712.73,112,20
B_cldice_s2,B_cldice,stare,im0004,0.5767922235722964,0.6856674190354275,123,15,134,11,34.31320254782626,172.62,2264.78,116,23
B_cldice_s2,B_cldice,stare,im0005,0.7392310801376658,0.7566069915025136,172,1,181,9,28.284271247461902,709.88,2831.52,106,20
B_cldice_s2,B_cldice,stare,im0044,0.6971554801427863,0.7266918791690914,145,1,161,16,26.1725046566048,777.11,1471.06,101,19
B_cldice_s2,B_cldice,stare,im0077,0.7601763090707645,0.803776497233048,100,2,107,7,13.45362404707371,2651.31,7243.06,72,5
B_cldice_s2,B_cldice,stare,im0081,0.7130798943932162,0.7811308498482055,138,1,141,3,18.0,2851.06,4825.14,70,12
B_cldice_s2,B_cldice,stare,im0082,0.7432546374367622,0.7964366151968094,114,10,122,8,12.041594578792296,1803.32,6053.12,116,14
B_cldice_s2,B_cldice,stare,im0139,0.7599524582412105,0.8077430942716931,110,13,114,4,11.40175425099138,1774.96,8206.02,113,19
B_cldice_s2,B_cldice,stare,im0162,0.7860704607046071,0.8309184970805684,98,13,102,4,8.54400374531753,7630.35,10366.0,148,4
B_cldice_s2,B_cldice,stare,im0163,0.7834044993945574,0.8343333605026616,88,1,89,1,13.341664064126334,2056.98,8302.0,54,10
B_cldice_s2,B_cldice,stare,im0235,0.7900625205659757,0.8362936983821699,103,7,112,9,7.615773105863909,1659.5,7740.86,122,15
B_cldice_s2,B_cldice,stare,im0236,0.7889630618602581,0.8343032061648,89,19,92,3,12.041594578792296,1933.59,7869.82,124,19
B_cldice_s2,B_cldice,stare,im0239,0.6984990400837745,0.7807290422180954,120,28,123,3,15.162386028813362,992.88,8654.32,148,22
B_cldice_s2,B_cldice,stare,im0240,0.692765400727108,0.7675294323027989,108,22,115,7,23.259406699226016,774.17,3646.87,116,18
B_cldice_s2,B_cldice,stare,im0255,0.8192024128686327,0.8355727433697657,127,22,130,3,9.219544457292887,6776.82,10587.03,213,8
B_cldice_s2,B_cldice,stare,im0291,0.762041591584279,0.7757585910898402,50,10,55,5,35.53500596905512,404.51,4590.45,90,12
B_cldice_s2,B_cldice,stare,im0319,0.6629231859564957,0.7079816471514537,123,14,130,7,37.33630940518894,239.39,2075.24,104,24
B_cldice_s2,B_cldice,stare,im0324,0.4346887031646164,0.5149853926269474,86,11,91,5,66.85057965343307,52.64,3671.72,77,16
B_cldice_s3,B_cldice,stare,im0001,0.6568279912786817,0.7480947096005334,158,16,162,4,16.866808681358677,735.74,7318.51,159,34
B_cldice_s3,B_cldice,stare,im0002,0.7237149638541119,0.7669097521705815,70,11,72,2,19.313207915827967,1188.09,7020.85,136,18
B_cldice_s3,B_cldice,stare,im0003,0.7335418264786294,0.7868803197322437,62,12,71,9,15.021642645942318,726.96,4712.73,111,22
B_cldice_s3,B_cldice,stare,im0004,0.5861461576273964,0.7119121736381611,127,15,138,11,25.942243542145693,162.5,2264.78,129,24
B_cldice_s3,B_cldice,stare,im0005,0.7725809038530345,0.7911573382766711,144,3,153,9,21.95449840010015,639.3,2831.52,89,14
B_cldice_s3,B_cldice,stare,im0044,0.7746177612295017,0.8207887694678425,111,1,127,16,11.40175425099138,814.26,1471.06,111,22
B_cldice_s3,B_cldice,stare,im0077,0.7745751800702061,0.8252620497265408,98,5,105,7,11.326915361785883,2905.13,7243.06,68,4
B_cldice_s3,B_cldice,stare,im0081,0.7259715069226139,0.7854256791691689,162,2,165,3,16.278820596099706,2703.37,4825.14,93,13
B_cldice_s3,B_cldice,stare,im0082,0.7812679064437151,0.8223787067644174,119,11,127,8,8.54400374531753,2770.98,6053.12,112,9
B_cldice_s3,B_cldice,stare,im0139,0.7783351106547125,0.8164130292857794,124,10,128,4,10.816653826391969,938.25,8206.02,123,24
B_cldice_s3,B_cldice,stare,im0162,0.7767081285899822,0.827353436648869,117,12,121,4,8.246211251235321,7437.93,10366.0,154,7
B_cldice_s3,B_cldice,stare,im0163,0.7933480814707453,0.8509892538213165,84,1,85,1,10.770329614269007,6130.51,8302.0,54,6
B_cldice_s3,B_cldice,stare,im0235,0.80315694073813,0.8605170730339079,82,7,91,9,6.708203932499369,2193.8,7740.86,140,17
B_cldice_s3,B_cldice,stare,im0236,0.8016536307146593,0.8567387574942895,100,18,103,3,8.06225774829855,1795.63,7869.82,116,19
B_cldice_s3,B_cldice,stare,im0239,0.7385514777525171,0.8117908804313481,99,29,102,3,10.816653826391969,1032.25,8654.32,166,17
B_cldice_s3,B_cldice,stare,im0240,0.6778293940476798,0.7616331555579002,101,27,108,7,25.495097567963924,720.53,3646.87,145,22
B_cldice_s3,B_cldice,stare,im0255,0.8252904272321748,0.8407545753272806,139,29,142,3,8.602325267042627,7184.93,10587.03,224,9
B_cldice_s3,B_cldice,stare,im0291,0.7901685462576808,0.8119699565085235,48,9,53,5,19.097105616132392,917.42,4590.45,115,7
B_cldice_s3,B_cldice,stare,im0319,0.6505010585744531,0.7201338745101609,101,14,108,7,25.299209107396887,158.38,2075.24,147,27
B_cldice_s3,B_cldice,stare,im0324,0.47374269973754524,0.5571457725995895,86,8,91,5,57.37285568016933,59.22,3671.72,88,17
B_cldice_s4,B_cldice,stare,im0001,0.6616490610328638,0.7379439388163566,170,11,174,4,17.029386365926403,816.15,7318.51,131,33
B_cldice_s4,B_cldice,stare,im0002,0.7331290968525903,0.7710631429081474,124,7,126,2,18.681541692269406,1264.71,7020.85,132,24
B_cldice_s4,B_cldice,stare,im0003,0.7040692640692641,0.7649465228199454,109,10,118,9,17.0,685.2,4712.73,113,26
B_cldice_s4,B_cldice,stare,im0004,0.632252673162023,0.734282758852662,143,15,154,11,21.587033144922902,151.82,2264.78,130,26
B_cldice_s4,B_cldice,stare,im0005,0.7536228360241198,0.779709445983457,152,4,161,9,23.489299588007707,802.42,2831.52,74,12
B_cldice_s4,B_cldice,stare,im0044,0.743518576925503,0.794233858520929,142,5,158,16,15.811388300841896,677.34,1471.06,108,16
B_cldice_s4,B_cldice,stare,im0077,0.7603216644095828,0.8106069387762095,124,2,131,7,13.0,2647.44,7243.06,65,4
B_cldice_s4,B_cldice,stare,im0081,0.742592814132472,0.8103647011413752,140,5,143,3,14.7648230602334,1979.88,4825.14,79,18
B_cldice_s4,B_cldice,stare,im0082,0.7742124878746107,0.8208307797648168,122,10,130,8,11.180339887498949,1692.03,6053.12,92,9
B_cldice_s4,B_cldice,stare,im0139,0.7616307805391157,0.7971419045030537,166,14,170,4,14.560219778561036,820.2,8206.02,104,21
B_cldice_s4,B_cldice,stare,im0162,0.777149998005876,0.8315030019149203,133,14,137,4,8.94427190999916,8126.81,10366.0,118,6
B_cldice_s4,B_cldice,stare,im0163,0.7706398741563911,0.8340164526885375,112,4,113,1,13.601470508735444,5868.28,8302.0,45,9
B_cldice_s4,B_cldice,stare,im0235,0.7848405709079866,0.8283327245831327,132,5,141,9,10.44030650891055,1550.45,7740.86,118,18
B_cldice_s4,B_cldice,stare,im0236,0.7787676317743133,0.8209414827424866,137,11,140,3,13.45362404707371,1670.29,7869.82,124,15
B_cldice_s4,B_cldice,stare,im0239,0.7040190783474785,0.8016156290381541,131,27,134,3,14.212670403551895,1328.64,8654.32,143,10
B_cldice_s4,B_cldice,stare,im0240,0.700217675228559,0.7788261570408292,125,23,132,7,18.439088914585774,741.03,3646.87,139,21
B_cldice_s4,B_cldice,stare,im0255,0.8223576033595552,0.8351163659534694,129,24,132,3,9.219544457292887,7538.18,10587.03,180,8
B_cldice_s4,B_cldice,stare,im0291,0.791205660287763,0.8154518861319794,58,11,63,5,22.80350850198276,694.42,4590.45,92,10
B_cldice_s4,B_cldice,stare,im0319,0.6664426899602441,0.7346211580579275,133,13,140,7,24.186773244895647,174.75,2075.24,131,21
B_cldice_s4,B_cldice,stare,im0324,0.42703642818002047,0.5352590435440443,143,13,148,5,45.69189685659265,46.79,3671.72,93,18
B_cldice_s5,B_cldice,stare,im0001,0.6499939809798965,0.7294149761877453,148,12,152,4,16.492422502470642,848.54,7318.51,142,24
B_cldice_s5,B_cldice,stare,im0002,0.7353828914312567,0.7630319197529737,80,8,82,2,19.72308292331602,1212.83,7020.85,159,21
B_cldice_s5,B_cldice,stare,im0003,0.7179264844486334,0.7634200116669569,74,6,83,9,17.029386365926403,692.53,4712.73,111,24
B_cldice_s5,B_cldice,stare,im0004,0.5832641278127101,0.6940353189215279,105,15,116,11,27.294688127912362,171.04,2264.78,114,30
B_cldice_s5,B_cldice,stare,im0005,0.7450727215143615,0.777113516468714,149,2,158,9,23.345235059857504,915.87,2831.52,87,15
B_cldice_s5,B_cldice,stare,im0044,0.7438081716359047,0.7748444519882025,131,8,147,16,17.88854381999832,708.39,1471.06,107,19
B_cldice_s5,B_cldice,stare,im0077,0.7545671167593329,0.8107004359867741,89,11,96,7,12.36931687685298,2759.61,7243.06,78,9
B_cldice_s5,B_cldice,stare,im0081,0.7211403810077417,0.7874687458713759,135,0,138,3,18.027756377319946,2837.98,4825.14,64,16
B_cldice_s5,B_cldice,stare,im0082,0.7603033880001004,0.8165989907596092,105,13,113,8,11.661903789690601,1552.04,6053.12,94,13
B_cldice_s5,B_cldice,stare,im0139,0.766407904022583,0.8070146785945196,111,12,115,4,13.3454012541699,1100.03,8206.02,111,21
B_cldice_s5,B_cldice,stare,im0162,0.7754392021989988,0.8310850769644426,117,7,121,4,8.0,8107.92,10366.0,130,6
B_cldice_s5,B_cldice,stare,im0163,0.7703173081773698,0.8341195340426851,82,1,83,1,14.142135623730951,5647.71,8302.0,59,7
B_cldice_s5,B_cldice,stare,im0235,0.7822069170548013,0.8312525229192032,99,6,108,9,9.486832980505138,1766.14,7740.86,119,11
B_cldice_s5,B_cldice,stare,im0236,0.7933339141473857,0.8441591505128041,109,22,112,3,11.0,1829.53,7869.82,122,19
B_cldice_s5,B_cldice,stare,im0239,0.6957692580256537,0.7868633378417649,106,34,109,3,15.652475842498529,1075.24,8654.32,142,22
B_cldice_s5,B_cldice,stare,im0240,0.6934757592435082,0.7550605865333905,114,25,121,7,21.470910553583888,872.01,3646.87,137,24
B_cldice_s5,B_cldice,stare,im0255,0.8134646652685157,0.8283653478885177,110,27,113,3,10.295630140987,7257.19,10587.03,211,5
B_cldice_s5,B_cldice,stare,im0291,0.7396293027360988,0.7650456004683822,50,9,55,5,45.52745802575126,841.31,4590.45,108,9
B_cldice_s5,B_cldice,stare,im0319,0.6443067720572527,0.6852107812359991,102,16,109,7,33.499969404894514,192.62,2075.24,115,30
B_cldice_s5,B_cldice,stare,im0324,0.4450173432080248,0.5091259746179764,91,13,96,5,58.681341469403634,61.74,3671.72,81,22
C_boundary_s0,C_boundary,stare,im0001,0.6552055819350504,0.7306755258820605,171,16,175,4,17.0,482.73,7318.51,201,37
C_boundary_s0,C_boundary,stare,im0002,0.7219913974558433,0.7494800747203011,76,14,78,2,23.0,903.3,7020.85,177,22
C_boundary_s0,C_boundary,stare,im0003,0.7385139634170225,0.7713233705224248,88,12,97,9,15.0,738.87,4712.73,128,21
C_boundary_s0,C_boundary,stare,im0004,0.5618871794871795,0.678594535155626,141,15,152,11,30.01666203960727,110.41,2264.78,156,27
C_boundary_s0,C_boundary,stare,im0005,0.7209505971637761,0.7331655472481108,180,8,189,9,32.19315932377422,688.51,2831.52,122,15
C_boundary_s0,C_boundary,stare,im0044,0.7064511162432641,0.7424824943310497,178,3,194,16,28.35661221854436,707.35,1471.06,113,16
C_boundary_s0,C_boundary,stare,im0077,0.770931303631163,0.8151897821366417,149,11,156,7,12.083045973594572,2543.76,7243.06,79,9
C_boundary_s0,C_boundary,stare,im0081,0.7205442464991926,0.7754948031682859,157,3,160,3,19.697715603592208,2745.3,4825.14,107,18
C_boundary_s0,C_boundary,stare,im0082,0.7777821067258867,0.8149735628955619,144,4,152,8,12.0,2125.7,6053.12,130,11
C_boundary_s0,C_boundary,stare,im0139,0.7814268937944502,0.8078326073151715,121,8,125,4,11.180339887498949,973.66,8206.02,131,20
C_boundary_s0,C_boundary,stare,im0162,0.7835569789597437,0.8359074822487923,135,10,139,4,8.06225774829855,7448.04,10366.0,161,5
C_boundary_s0,C_boundary,stare,im0163,0.7861141934833048,0.8362417030605268,120,0,121,1,15.524174696260024,2966.03,8302.0,70,5
C_boundary_s0,C_boundary,stare,im0235,0.8012341343500727,0.8321344072604798,107,11,116,9,8.246211251235321,1890.76,7740.86,147,11
C_boundary_s0,C_boundary,stare,im0236,0.8024784078107398,0.8274847419073523,127,16,130,3,12.727922061357855,1882.35,7869.82,162,24
C_boundary_s0,C_boundary,stare,im0239,0.7141933125228493,0.772835455948937,176,27,179,3,17.0,885.45,8654.32,208,25
C_boundary_s0,C_boundary,stare,im0240,0.6956644578003801,0.7676141325835838,146,20,153,7,20.0,613.63,3646.87,129,21
C_boundary_s0,C_boundary,stare,im0255,0.8269443129831203,0.8339740194381546,149,30,152,3,8.48528137423857,6763.61,10587.03,230,6
C_boundary_s0,C_boundary,stare,im0291,0.7596987894385664,0.7722389547919366,65,11,70,5,47.38143096192854,610.76,4590.45,112,9
C_boundary_s0,C_boundary,stare,im0319,0.6436572812594611,0.6871967651104888,139,15,146,7,31.400636936215164,115.07,2075.24,123,32
C_boundary_s0,C_boundary,stare,im0324,0.4046582869368603,0.5112241345197948,120,6,125,5,50.21553343199351,41.43,3671.72,90,29
C_boundary_s1,C_boundary,stare,im0001,0.6356261442967506,0.7233891903019224,183,17,187,4,16.1245154965971,520.75,7318.51,145,35
C_boundary_s1,C_boundary,stare,im0002,0.7321034453710724,0.7825966669977575,79,5,81,2,16.492422502470642,761.55,7020.85,133,24
C_boundary_s1,C_boundary,stare,im0003,0.7050643134319539,0.7608985332122354,110,9,119,9,17.029386365926403,335.23,4712.73,150,37
C_boundary_s1,C_boundary,stare,im0004,0.6127332344445312,0.7257080310058387,143,14,154,11,27.0,179.71,2264.78,130,26
C_boundary_s1,C_boundary,stare,im0005,0.750057020755555,0.7660297318676983,169,3,178,9,22.80350850198276,978.41,2831.52,90,11
C_boundary_s1,C_boundary,stare,im0044,0.7181522024425265,0.7619149708028825,165,1,181,16,20.09975124224178,725.91,1471.06,109,22
C_boundary_s1,C_boundary,stare,im0077,0.7522252906804471,0.8064257606221698,146,4,153,7,13.0,2280.8,7243.06,73,6
C_boundary_s1,C_boundary,stare,im0081,0.7145712782745923,0.7780142923059891,167,4,170,3,18.027756377319946,2654.55,4825.14,88,13
C_boundary_s1,C_boundary,stare,im0082,0.7451510475777554,0.804267607412189,158,12,166,8,11.180339887498949,2008.16,6053.12,106,19
C_boundary_s1,C_boundary,stare,im0139,0.7471696241459271,0.7861468693773147,145,0,149,4,14.560219778561036,1093.69,8206.02,115,10
C_boundary_s1,C_boundary,stare,im0162,0.7669966478106013,0.8209827208589228,146,20,150,4,9.219544457292887,7910.4,10366.0,114,6
C_boundary_s1,C_boundary,stare,im0163,0.7558293113450928,0.8238507359533457,108,5,109,1,15.004994456755863,6342.13,8302.0,55,8
C_boundary_s1,C_boundary,stare,im0235,0.7723053057662942,0.823918276704807,119,18,128,9,10.0,2220.18,7740.86,128,16
C_boundary_s1,C_boundary,stare,im0236,0.7574536663980661,0.8118544504398916,148,16,151,3,13.416407864998739,1743.96,7869.82,133,21
C_boundary_s1,C_boundary,stare,im0239,0.6847368125386214,0.7706931922373383,158,32,161,3,17.0,1063.6,8654.32,133,19
C_boundary_s1,C_boundary,stare,im0240,0.6791705528370108,0.7565642741534798,164,25,171,7,19.313207915827967,691.77,3646.87,135,24
C_boundary_s1,C_boundary,stare,im0255,0.8050680690932943,0.8193970289235027,141,30,144,3,11.661903789690601,7814.69,10587.03,150,5
C_boundary_s1,C_boundary,stare,im0291,0.7541396688264939,0.7762974397520196,77,9,82,5,42.683115344418205,1034.89,4590.45,97,10
C_boundary_s1,C_boundary,stare,im0319,0.6300875563810029,0.704453238467972,111,15,118,7,30.364452901377952,175.54,2075.24,115,25
C_boundary_s1,C_boundary,stare,im0324,0.4311477426497724,0.5227963315811203,107,13,112,5,48.72370437772444,45.94,3671.72,82,18
C_boundary_s2,C_boundary,stare,im0001,0.6592648388068696,0.7479210791299029,150,9,154,4,14.866068747318506,567.5,7318.51,168,27
C_boundary_s2,C_boundary,stare,im0002,0.7108842310328656,0.7411598681298186,116,8,118,2,25.0,871.36,7020.85,159,24
C_boundary_s2,C_boundary,stare,im0003,0.7307421064297084,0.7740047052392465,95,8,104,9,14.866068747318506,534.88,4712.73,151,35
C_boundary_s2,C_boundary,stare,im0004,0.5663483701020744,0.6846496653392387,142,14,153,11,32.48458918410834,164.61,2264.78,128,27
C_boundary_s2,C_boundary,stare,im0005,0.7540689672588609,0.7784787357184833,188,4,197,9,21.02379604162864,778.54,2831.52,118,17
C_boundary_s2,C_boundary,stare,im0044,0.7452907452907452,0.7656542360351131,151,4,167,16,20.615528128088304,606.94,1471.06,119,25
C_boundary_s2,C_boundary,stare,im0077,0.7644624074795481,0.7978060744447807,147,7,154,7,13.601470508735444,2779.8,7243.06,85,7
C_boundary_s2,C_boundary,stare,im0081,0.7171305150254771,0.7623698524798168,189,3,192,3,19.79898987322333,2609.16,4825.14,93,15
C_boundary_s2,C_boundary,stare,im0082,0.7678452736253568,0.8034690938547348,134,10,142,8,11.40175425099138,1502.87,6053.12,131,12
C_boundary_s2,C_boundary,stare,im0139,0.7650834403080873,0.7931280017506199,135,10,139,4,12.529964086141668,860.23,8206.02,158,21
C_boundary_s2,C_boundary,stare,im0162,0.7874761007227412,0.8319154797429756,144,11,148,4,8.54400374531753,7006.93,10366.0,145,6
C_boundary_s2,C_boundary,stare,im0163,0.7871207814357332,0.8367742723143714,131,0,132,1,13.601470508735444,4586.07,8302.0,62,10
C_boundary_s2,C_boundary,stare,im0235,0.7908992691452177,0.8311473140293592,131,5,140,9,8.06225774829855,1495.98,7740.86,168,20
C_boundary_s2,C_boundary,stare,im0236,0.7798906707427653,0.8272786962824563,162,23,165,3,11.180339887498949,1726.19,7869.82,153,26
C_boundary_s2,C_boundary,stare,im0239,0.7204710871683191,0.7911425459797812,149,23,152,3,14.033885405237186,1163.32,8654.32,173,18
C_boundary_s2,C_boundary,stare,im0240,0.6995880561881125,0.7708731195609789,143,20,150,7,19.4164878389476,722.26,3646.87,141,22
C_boundary_s2,C_boundary,stare,im0255,0.8294094850554667,0.8292204436319415,181,30,184,3,9.055385138137417,6745.55,10587.03,229,10
C_boundary_s2,C_boundary,stare,im0291,0.7647785686041914,0.771859706918521,84,12,89,5,36.188373131203804,683.02,4590.45,108,5
C_boundary_s2,C_boundary,stare,im0319,0.6718151103035122,0.7247902855152706,131,15,138,7,24.551952227968407,177.03,2075.24,118,27
C_boundary_s2,C_boundary,stare,im0324,0.4651408281752315,0.5365132530297774,158,14,163,5,54.35023623853797,49.13,3671.72,95,25
D_blurpool_s0,D_blurpool,stare,im0001,0.6325418645338665,0.7167032206142376,193,19,197,4,18.384776310850235,419.93,7318.51,164,27
D_blurpool_s0,D_blurpool,stare,im0002,0.710976914844825,0.727983733590262,75,15,77,2,21.213203435596427,659.64,7020.85,154,24
D_blurpool_s0,D_blurpool,stare,im0003,0.6627445795875199,0.7057505773512649,101,9,110,9,18.867962264113206,428.12,4712.73,137,27
D_blurpool_s0,D_blurpool,stare,im0004,0.5392019675189755,0.6810695986628063,112,15,123,11,29.698484809834994,77.77,2264.78,165,24
D_blurpool_s0,D_blurpool,stare,im0005,0.7582072962565995,0.7893824184793199,188,5,197,9,20.8806130178211,631.25,2831.52,151,18
D_blurpool_s0,D_blurpool,stare,im0044,0.7124413966832273,0.7440830603119881,151,7,167,16,22.47220505424423,363.61,1471.06,146,27
D_blurpool_s0,D_blurpool,stare,im0077,0.7832555988127818,0.8372998978569235,120,5,127,7,8.246211251235321,2603.46,7243.06,105,8
D_blurpool_s0,D_blurpool,stare,im0081,0.74568909726317,0.8128470172613603,138,5,141,3,12.36931687685298,2482.23,4825.14,94,15
D_blurpool_s0,D_blurpool,stare,im0082,0.7791490654076589,0.8295024749462387,118,17,126,8,7.0710678118654755,1245.56,6053.12,150,19
D_blurpool_s0,D_blurpool,stare,im0139,0.7814225038391832,0.8044551214432578,120,14,124,4,10.04987562112089,722.97,8206.02,147,27
D_blurpool_s0,D_blurpool,stare,im0162,0.7967016242840145,0.8413826688613791,137,20,141,4,5.385164807134504,6639.34,10366.0,185,10
D_blurpool_s0,D_blurpool,stare,im0163,0.7903082991225951,0.8421689522583529,121,11,122,1,9.486832980505138,3181.91,8302.0,82,7
D_blurpool_s0,D_blurpool,stare,im0235,0.779467230888518,0.8303147737607464,86,14,95,9,9.0,1259.35,7740.86,170,15
D_blurpool_s0,D_blurpool,stare,im0236,0.7800129614199368,0.8335648862817744,126,13,129,3,10.0,1474.2,7869.82,172,21
D_blurpool_s0,D_blurpool,stare,im0239,0.6935216964942388,0.7787338561051862,121,31,124,3,11.822819946431132,728.37,8654.32,251,28
D_blurpool_s0,D_blurpool,stare,im0240,0.6491679439456974,0.737045633513314,118,23,125,7,22.47220505424423,355.6,3646.87,169,27
D_blurpool_s0,D_blurpool,stare,im0255,0.834165513150089,0.8487011749253616,139,22,142,3,7.0,6682.24,10587.03,244,5
D_blurpool_s0,D_blurpool,stare,im0291,0.7678777248809822,0.7784344403299999,77,10,82,5,27.313000567495326,341.27,4590.45,147,13
D_blurpool_s0,D_blurpool,stare,im0319,0.586046511627907,0.6469061139337682,138,16,145,7,30.23243291566195,116.11,2075.24,121,24
D_blurpool_s0,D_blurpool,stare,im0324,0.3267921505806968,0.43117786164204075,106,12,111,5,60.876925020897694,22.01,3671.72,72,24
D_blurpool_s1,D_blurpool,stare,im0001,0.6585022184914259,0.737029810723491,147,18,151,4,18.439088914585774,553.85,7318.51,160,25
D_blurpool_s1,D_blurpool,stare,im0002,0.7305338229815318,0.7494266960670919,77,10,79,2,20.248456731316587,1689.86,7020.85,166,20
D_blurpool_s1,D_blurpool,stare,im0003,0.7073784607232746,0.7408412440954678,74,10,83,9,20.024984394500787,678.77,4712.73,129,25
D_blurpool_s1,D_blurpool,stare,im0004,0.5670013348035517,0.6579902181699666,144,14,155,11,29.966648127543394,172.67,2264.78,133,35
D_blurpool_s1,D_blurpool,stare,im0005,0.7451334799928652,0.7509432622464591,166,2,175,9,24.596747752497688,673.76,2831.52,106,15
D_blurpool_s1,D_blurpool,stare,im0044,0.7322683897214993,0.7546842977600917,165,8,181,16,26.92582403567252,643.25,1471.06,110,22
D_blurpool_s1,D_blurpool,stare,im0077,0.7652475354782797,0.8045781342407706,118,2,125,7,12.649110640673518,2803.5,7243.06,86,8
D_blurpool_s1,D_blurpool,stare,im0081,0.736984751404476,0.7868149316985358,147,1,150,3,17.46424919657298,1948.35,4825.14,82,12
D_blurpool_s1,D_blurpool,stare,im0082,0.7604377579004024,0.7962262330420163,137,11,145,8,11.704699910719626,2000.17,6053.12,123,13
D_blurpool_s1,D_blurpool,stare,im0139,0.756448070285535,0.7881124122009996,149,9,153,4,14.003566884761767,1088.83,8206.02,111,17
D_blurpool_s1,D_blurpool,stare,im0162,0.7726795561756694,0.8150968716945967,131,16,135,4,8.48528137423857,7360.25,10366.0,156,7
D_blurpool_s1,D_blurpool,stare,im0163,0.7728376517711854,0.8277828049942721,109,6,110,1,15.033296378372908,3777.3,8302.0,65,6
D_blurpool_s1,D_blurpool,stare,im0235,0.7862933842800108,0.8271994012815653,114,8,123,9,10.770329614269007,1735.5,7740.86,148,16
D_blurpool_s1,D_blurpool,stare,im0236,0.7956805146204552,0.8273512271888522,136,16,139,3,12.806248474865697,1838.6,7869.82,144,11
D_blurpool_s1,D_blurpool,stare,im0239,0.7059455790009617,0.7795103698720715,152,24,155,3,14.866068747318506,1409.38,8654.32,194,27
D_blurpool_s1,D_blurpool,stare,im0240,0.6953678746131576,0.7640213929115919,140,22,147,7,22.20360331117452,761.09,3646.87,139,21
D_blurpool_s1,D_blurpool,stare,im0255,0.8245169125263421,0.8354936779356422,115,21,118,3,8.06225774829855,7486.66,10587.03,199,4
D_blurpool_s1,D_blurpool,stare,im0291,0.7739447580551491,0.7653677765855506,73,8,78,5,39.72901153021219,1040.24,4590.45,111,6
D_blurpool_s1,D_blurpool,stare,im0319,0.6607413715106841,0.6875755701543411,115,16,122,7,33.015148038438355,181.64,2075.24,109,29
D_blurpool_s1,D_blurpool,stare,im0324,0.4575658842564887,0.5285962999723393,115,13,120,5,50.48762224545735,63.06,3671.72,77,20
D_blurpool_s2,D_blurpool,stare,im0001,0.6731596688258229,0.7422867308555676,199,15,203,4,14.317821063276353,514.13,7318.51,177,25
D_blurpool_s2,D_blurpool,stare,im0002,0.7308816273862385,0.7498356372063456,117,21,119,2,21.587033144922902,847.41,7020.85,174,25
D_blurpool_s2,D_blurpool,stare,im0003,0.7230005779540427,0.7590131275755402,113,10,122,9,16.55294535724685,522.21,4712.73,117,23
D_blurpool_s2,D_blurpool,stare,im0004,0.5295875931381043,0.6413627662489161,109,15,120,11,33.28963748548788,93.21,2264.78,126,22
D_blurpool_s2,D_blurpool,stare,im0005,0.758506265167649,0.769975381908924,187,12,196,9,20.024984394500787,768.35,2831.52,103,18
D_blurpool_s2,D_blurpool,stare,im0044,0.7419223170990547,0.754824690419064,155,4,171,16,15.556349186104045,510.39,1471.06,126,21
D_blurpool_s2,D_blurpool,stare,im0077,0.762659759876065,0.7848606718818184,168,6,175,7,13.892443989449804,2519.82,7243.06,87,5
D_blurpool_s2,D_blurpool,stare,im0081,0.7401593785575571,0.7824729568689714,208,2,211,3,16.401219466856727,2804.23,4825.14,101,9
D_blurpool_s2,D_blurpool,stare,im0082,0.7786010166346519,0.8013348651634903,145,14,153,8,13.0,1483.0,6053.12,132,9
D_blurpool_s2,D_blurpool,stare,im0139,0.7787137387241223,0.7974111006879452,164,5,168,4,12.165525060596439,991.75,8206.02,151,14
D_blurpool_s2,D_blurpool,stare,im0162,0.7881399852704509,0.8263945589844592,158,14,162,4,8.06225774829855,3999.6,10366.0,192,6
D_blurpool_s2,D_blurpool,stare,im0163,0.7865708046534793,0.8338661502407204,120,2,121,1,13.45362404707371,3397.38,8302.0,78,13
D_blurpool_s2,D_blurpool,stare,im0235,0.7830735637376703,0.8076844320848244,148,7,157,9,12.041594578792296,1646.99,7740.86,149,10
D_blurpool_s2,D_blurpool,stare,im0236,0.7728898472503777,0.8002160816933513,179,22,182,3,13.152946437965905,1596.86,7869.82,154,25
D_blurpool_s2,D_blurpool,stare,im0239,0.7149393798088133,0.7828816960915798,144,25,147,3,13.601470508735444,1259.4,8654.32,162,12
D_blurpool_s2,D_blurpool,stare,im0240,0.6871059268600253,0.7637186065249986,194,26,201,7,17.029386365926403,676.87,3646.87,149,24
D_blurpool_s2,D_blurpool,stare,im0255,0.822915282090941,0.82724375732791,163,32,166,3,10.0,6406.34,10587.03,238,11
D_blurpool_s2,D_blurpool,stare,im0291,0.760252763022079,0.7683651772556171,86,11,91,5,33.884323220887,786.48,4590.45,99,6
D_blurpool_s2,D_blurpool,stare,im0319,0.6998599564971246,0.751521000205728,85,14,92,7,16.15549442140351,198.12,2075.24,135,15
D_blurpool_s2,D_blurpool,stare,im0324,0.4907054449621159,0.5492672966842642,155,9,160,5,52.32590180780452,42.05,3671.72,111,23
F_gated_s0,F_gated,stare,im0001,0.6622199923265354,0.7432232508144263,152,14,156,4,16.1245154965971,733.51,7318.51,141,25
F_gated_s0,F_gated,stare,im0002,0.7321887152395627,0.769444451656591,76,14,78,2,18.867962264113206,1019.63,7020.85,143,17
F_gated_s0,F_gated,stare,im0003,0.7450341283840786,0.7828499634950651,105,10,114,9,13.892443989449804,934.74,4712.73,126,22
F_gated_s0,F_gated,stare,im0004,0.5872412677878396,0.70024977783853,105,15,116,11,29.0,169.9,2264.78,125,20
F_gated_s0,F_gated,stare,im0005,0.7472669735327964,0.7604083031613189,162,7,171,9,28.844410203711913,801.79,2831.52,99,12
F_gated_s0,F_gated,stare,im0044,0.7135548350635058,0.7541923957901289,167,3,183,16,24.0,816.51,1471.06,87,14
F_gated_s0,F_gated,stare,im0077,0.7619754920163386,0.8237322432180127,85,5,92,7,11.704699910719626,2740.68,7243.06,59,2
F_gated_s0,F_gated,stare,im0081,0.7297799735153305,0.783692205905893,138,2,141,3,20.024984394500787,2898.79,4825.14,81,7
F_gated_s0,F_gated,stare,im0082,0.7784157607308733,0.8338039122553266,104,10,112,8,10.44030650891055,4001.77,6053.12,114,8
F_gated_s0,F_gated,stare,im0139,0.775053720202566,0.8098187169850227,136,0,140,4,11.180339887498949,1237.53,8206.02,122,21
F_gated_s0,F_gated,stare,im0162,0.778916975230253,0.8399572657825415,124,17,128,4,8.246211251235321,4355.94,10366.0,166,6
F_gated_s0,F_gated,stare,im0163,0.7815970784232521,0.8448658497985515,89,4,90,1,13.45362404707371,5941.62,8302.0,55,9
F_gated_s0,F_gated,stare,im0235,0.8037420038701885,0.8529718476084237,91,10,100,9,5.830951894845301,1866.77,7740.86,144,11
F_gated_s0,F_gated,stare,im0236,0.8047641758076257,0.8522103033260208,105,23,108,3,8.06225774829855,1625.97,7869.82,138,17
F_gated_s0,F_gated,stare,im0239,0.7410621743756997,0.8149450729082496,123,23,126,3,12.206555615733702,1280.52,8654.32,163,18
F_gated_s0,F_gated,stare,im0240,0.7204436413483706,0.785385115542885,145,24,152,7,20.0,774.02,3646.87,129,23
F_gated_s0,F_gated,stare,im0255,0.8218831322450911,0.8385621835477043,123,32,126,3,9.219544457292887,6889.93,10587.03,222,11
F_gated_s0,F_gated,stare,im0291,0.7709560650152602,0.784269805796032,60,13,65,5,39.07043819503801,923.25,4590.45,88,8
F_gated_s0,F_gated,stare,im0319,0.679452352493752,0.7268460545678886,106,15,113,7,30.073242819240512,329.09,2075.24,126,27
F_gated_s0,F_gated,stare,im0324,0.46833936281946553,0.5592050563382931,113,14,118,5,60.03332407921454,48.56,3671.72,83,19
F_gated_s1,F_gated,stare,im0001,0.6550796797442872,0.7591708495968947,138,13,142,4,15.231546211727817,768.24,7318.51,130,26
F_gated_s1,F_gated,stare,im0002,0.7365911799761621,0.7758056346398645,103,15,105,2,19.026297590440446,1230.02,7020.85,142,25
F_gated_s1,F_gated,stare,im0003,0.7018619846471449,0.778494140259474,102,12,111,9,13.124311031075754,580.77,4712.73,115,30
F_gated_s1,F_gated,stare,im0004,0.602812889442763,0.7147895474908035,121,15,132,11,24.73863375370596,173.08,2264.78,132,23
F_gated_s1,F_gated,stare,im0005,0.7626198999638273,0.7964248892041613,161,7,170,9,20.0,674.74,2831.52,89,23
F_gated_s1,F_gated,stare,im0044,0.7200342465753424,0.7939384726505373,112,6,128,16,13.416407864998739,583.64,1471.06,105,27
F_gated_s1,F_gated,stare,im0077,0.7482252891787683,0.8162757604239815,106,5,113,7,12.206555615733702,2947.19,7243.06,66,7
F_gated_s1,F_gated,stare,im0081,0.7223638778220451,0.8071502846414008,162,3,165,3,14.866068747318506,2026.56,4825.14,72,15
F_gated_s1,F_gated,stare,im0082,0.7470004539853428,0.8233983357771327,105,17,113,8,10.198039027185569,1578.91,6053.12,91,17
F_gated_s1,F_gated,stare,im0139,0.7739833193250145,0.8191507633670699,135,18,139,4,10.04987562112089,1345.63,8206.02,102,20
F_gated_s1,F_gated,stare,im0162,0.7709205847491111,0.8355002600955967,117,18,121,4,7.615773105863909,8000.68,10366.0,125,6
F_gated_s1,F_gated,stare,im0163,0.764877553609948,0.8449534677333104,88,2,89,1,11.180339887498949,6146.17,8302.0,57,8
F_gated_s1,F_gated,stare,im0235,0.7794968350902401,0.8450811437709408,100,13,109,9,8.0,1656.22,7740.86,131,16
F_gated_s1,F_gated,stare,im0236,0.7704936781244044,0.8363789847653662,105,19,108,3,10.0,1714.2,7869.82,111,21
F_gated_s1,F_gated,stare,im0239,0.6996810094279435,0.7910556881852098,134,23,137,3,14.212670403551895,1084.13,8654.32,145,21
F_gated_s1,F_gated,stare,im0240,0.6841133951914697,0.7651338641301123,130,23,137,7,21.93171219946131,439.78,3646.87,107,21
F_gated_s1,F_gated,stare,im0255,0.8311200408973642,0.853293981771616,119,28,122,3,7.0,7430.32,10587.03,182,7
F_gated_s1,F_gated,stare,im0291,0.7842621719329546,0.809302297193788,54,13,59,5,29.410882339705484,934.53,4590.45,84,7
F_gated_s1,F_gated,stare,im0319,0.6934977701921489,0.7545620577342097,100,16,107,7,24.04059024727193,249.61,2075.24,101,27
F_gated_s1,F_gated,stare,im0324,0.4737976272229984,0.5724833471549717,119,13,124,5,64.00781202322104,54.64,3671.72,80,22
F_gated_s2,F_gated,stare,im0001,0.6657169852460207,0.7455363582830419,134,10,138,4,17.0,1052.84,7318.51,142,24
F_gated_s2,F_gated,stare,im0002,0.7239733589770987,0.7577176816729498,98,11,100,2,20.248456731316587,2091.15,7020.85,149,20
F_gated_s2,F_gated,stare,im0003,0.7255586188282018,0.7763931114353548,102,10,111,9,15.264337522473747,781.17,4712.73,113,23
F_gated_s2,F_gated,stare,im0004,0.6232479551476517,0.7125166869882681,117,15,128,11,29.076617084940874,175.16,2264.78,138,30
F_gated_s2,F_gated,stare,im0005,0.758546239654552,0.7773721778834735,136,1,145,9,25.96150997149434,755.34,2831.52,109,16
F_gated_s2,F_gated,stare,im0044,0.7271122805891602,0.7592720321242178,116,6,132,16,21.470910553583888,784.57,1471.06,94,22
F_gated_s2,F_gated,stare,im0077,0.7736590050106492,0.8157766023473613,89,11,96,7,12.0,2617.13,7243.06,92,8
F_gated_s2,F_gated,stare,im0081,0.7218159618742533,0.7807337657443709,134,1,137,3,18.110770276274835,2658.62,4825.14,87,11
F_gated_s2,F_gated,stare,im0082,0.7786106946526736,0.8144393252962032,113,10,121,8,9.899494936611665,1422.88,6053.12,126,16
F_gated_s2,F_gated,stare,im0139,0.7787707505855993,0.8194416698426322,127,6,131,4,10.770329614269007,977.39,8206.02,124,24
F_gated_s2,F_gated,stare,im0162,0.7977914853775403,0.8401261936440761,101,13,105,4,6.708203932499369,7118.54,10366.0,176,8
F_gated_s2,F_gated,stare,im0163,0.7896367950829238,0.8503965130791685,84,8,85,1,11.0,5494.89,8302.0,59,5
F_gated_s2,F_gated,stare,im0235,0.8004841638087553,0.845553374430743,78,7,87,9,7.280109889280518,1520.49,7740.86,145,17
F_gated_s2,F_gated,stare,im0236,0.8028291732868639,0.8498941672768128,99,16,102,3,10.0,1662.04,7869.82,147,21
F_gated_s2,F_gated,stare,im0239,0.7112588405839544,0.7985778203939915,92,30,95,3,12.727922061357855,914.18,8654.32,189,24
F_gated_s2,F_gated,stare,im0240,0.707369788738553,0.7781702336753578,130,21,137,7,22.627416997969522,851.37,3646.87,105,14
F_gated_s2,F_gated,stare,im0255,0.82800730288851,0.8434362195206966,139,23,142,3,8.06225774829855,6533.48,10587.03,237,9
F_gated_s2,F_gated,stare,im0291,0.7808992814400039,0.797904186983005,65,11,70,5,31.064449134018133,468.19,4590.45,103,7
F_gated_s2,F_gated,stare,im0319,0.6954766644547666,0.7382384223566726,88,15,95,7,24.698178070456937,281.76,2075.24,132,21
F_gated_s2,F_gated,stare,im0324,0.5146045290449622,0.5707999467773514,79,13,84,5,60.8276253029822,63.16,3671.72,73,18
G_focal_s0,G_focal,stare,im0001,0.6649622213017582,0.7570421336442389,159,18,163,4,18.973665961010276,900.31,7318.51,111,24
G_focal_s0,G_focal,stare,im0002,0.7524815542226233,0.7837003146378044,87,17,89,2,17.72004514666935,1301.56,7020.85,120,22
G_focal_s0,G_focal,stare,im0003,0.732082494587717,0.7780611539850402,93,11,102,9,16.76305461424021,913.59,4712.73,99,19
G_focal_s0,G_focal,stare,im0004,0.6162946928416809,0.7317895498694903,121,15,132,11,26.419689627245813,215.44,2264.78,109,27
G_focal_s0,G_focal,stare,im0005,0.7376481135961618,0.7730148518407023,185,8,194,9,25.942243542145693,709.43,2831.52,74,12
G_focal_s0,G_focal,stare,im0044,0.7037905492491886,0.7553828043279174,138,6,154,16,22.627416997969522,664.86,1471.06,97,30
G_focal_s0,G_focal,stare,im0077,0.7484722737111491,0.8232814778951495,94,13,101,7,12.649110640673518,2813.49,7243.06,49,5
G_focal_s0,G_focal,stare,im0081,0.713511803550951,0.7894223660462765,148,1,151,3,17.46424919657298,2795.64,4825.14,65,15
G_focal_s0,G_focal,stare,im0082,0.7493834574937068,0.8182533984530812,136,15,144,8,13.038404810405298,1670.21,6053.12,90,15
G_focal_s0,G_focal,stare,im0139,0.7730010811924007,0.8264793869264915,120,19,124,4,11.045361017187261,1184.52,8206.02,95,25
G_focal_s0,G_focal,stare,im0162,0.7592989011274147,0.8413684756899893,98,20,102,4,8.06225774829855,4859.01,10366.0,83,5
G_focal_s0,G_focal,stare,im0163,0.7714206604913412,0.8488303547359006,92,6,93,1,14.142135623730951,3799.27,8302.0,45,5
G_focal_s0,G_focal,stare,im0235,0.7842300237972571,0.8527341167309969,82,6,91,9,8.48528137423857,1905.3,7740.86,79,12
G_focal_s0,G_focal,stare,im0236,0.7928708336444876,0.8505849861105238,117,19,120,3,10.63014581273465,2075.29,7869.82,105,20
G_focal_s0,G_focal,stare,im0239,0.712340177418683,0.8045146723955781,110,30,113,3,15.231546211727817,1214.99,8654.32,142,19
G_focal_s0,G_focal,stare,im0240,0.7018582551804772,0.7744942813202287,118,23,125,7,21.93171219946131,733.83,3646.87,111,25
G_focal_s0,G_focal,stare,im0255,0.810509883146996,0.8440630724864104,123,29,126,3,9.848857801796104,8688.02,10587.03,121,9
G_focal_s0,G_focal,stare,im0291,0.7673524546238263,0.7890278082609677,94,11,99,5,38.600518131237564,823.91,4590.45,88,11
G_focal_s0,G_focal,stare,im0319,0.6433972310969116,0.711880238556272,126,14,133,7,29.110128387197072,309.03,2075.24,108,29
G_focal_s0,G_focal,stare,im0324,0.4683976608187134,0.5471565371637391,106,12,111,5,47.265209192385896,55.57,3671.72,88,23
G_focal_s1,G_focal,stare,im0001,0.6306279881500602,0.7382571792653998,148,18,152,4,19.1049731745428,688.73,7318.51,106,30
G_focal_s1,G_focal,stare,im0002,0.7093680024063367,0.753599515663626,84,8,86,2,22.80350850198276,1401.23,7020.85,115,29
G_focal_s1,G_focal,stare,im0003,0.6444247896826213,0.7216080177362044,87,12,96,9,21.18962010041709,437.27,4712.73,99,30
G_focal_s1,G_focal,stare,im0004,0.6053533880164428,0.7097540111834102,126,15,137,11,31.0,190.38,2264.78,100,32
G_focal_s1,G_focal,stare,im0005,0.7422407127867162,0.7789587017573774,161,7,170,9,24.576386150438896,614.02,2831.52,63,18
G_focal_s1,G_focal,stare,im0044,0.6885909832977521,0.744706307506783,145,8,161,16,29.0,741.89,1471.06,94,22
G_focal_s1,G_focal,stare,im0077,0.7057107622254898,0.8061851340078112,93,4,100,7,16.278820596099706,2806.48,7243.06,43,6
G_focal_s1,G_focal,stare,im0081,0.6914564319211404,0.7821183097098547,146,1,149,3,18.110770276274835,2747.07,4825.14,63,13
G_focal_s1,G_focal,stare,im0082,0.7151862464183381,0.8133449693052286,120,11,128,8,12.041594578792296,1585.09,6053.12,67,16
G_focal_s1,G_focal,stare,im0139,0.7504646485220358,0.8085425141207941,119,13,123,4,13.0,1011.54,8206.02,103,23
G_focal_s1,G_focal,stare,im0162,0.7379338853327655,0.8225937848254322,131,7,135,4,12.041594578792296,8422.67,10366.0,88,1
G_focal_s1,G_focal,stare,im0163,0.7416807458857393,0.8271892617536819,118,3,119,1,15.723986448752582,3675.02,8302.0,52,6
G_focal_s1,G_focal,stare,im0235,0.7425359243541062,0.838579476397844,102,14,111,9,12.0,1895.41,7740.86,94,18
G_focal_s1,G_focal,stare,im0236,0.7402137008188536,0.8307230245622952,107,16,110,3,13.341664064126334,1955.34,7869.82,88,26
G_focal_s1,G_focal,stare,im0239,0.6727889077218039,0.7837934538202612,106,23,109,3,17.72004514666935,1205.4,8654.32,117,15
G_focal_s1,G_focal,stare,im0240,0.6696925881687308,0.7673365800450845,93,24,100,7,21.02379604162864,771.97,3646.87,88,26
G_focal_s1,G_focal,stare,im0255,0.8096655457602472,0.84696489226621,113,29,116,3,9.848857801796104,8276.21,10587.03,132,9
G_focal_s1,G_focal,stare,im0291,0.7568879437869822,0.7880598396533627,72,12,77,5,33.94112549695428,497.58,4590.45,86,17
G_focal_s1,G_focal,stare,im0319,0.6373526745240253,0.7135016448437321,101,16,108,7,32.526911934581186,357.54,2075.24,82,24
G_focal_s1,G_focal,stare,im0324,0.4141550115220516,0.5127290133013307,98,12,103,5,63.09634885244313,41.36,3671.72,71,30
G_focal_s2,G_focal,stare,im0001,0.6619467986662946,0.7446930195692235,149,13,153,4,16.1245154965971,826.04,7318.51,124,31
G_focal_s2,G_focal,stare,im0002,0.7532187685180197,0.7835284449216464,80,12,82,2,19.4164878389476,1186.53,7020.85,143,24
G_focal_s2,G_focal,stare,im0003,0.7149792498629708,0.7765569825835826,79,10,88,9,15.620499351813308,755.34,4712.73,110,28
G_focal_s2,G_focal,stare,im0004,0.6240157480314961,0.744245344293327,86,15,97,11,25.019992006393608,198.55,2264.78,130,29
G_focal_s2,G_focal,stare,im0005,0.7543238174619712,0.7863017182147812,140,5,149,9,23.345235059857504,917.35,2831.52,79,11
G_focal_s2,G_focal,stare,im0044,0.7182440647597108,0.7645089784159717,156,11,172,16,19.15195296653258,560.66,1471.06,107,20
G_focal_s2,G_focal,stare,im0077,0.7645414614667909,0.8282161734295164,94,10,101,7,11.180339887498949,1902.1,7243.06,74,8
G_focal_s2,G_focal,stare,im0081,0.7268585628494513,0.7885481811772102,123,10,126,3,17.0,2005.3,4825.14,64,12
G_focal_s2,G_focal,stare,im0082,0.7601358713067999,0.8214751144386642,103,12,111,8,10.63014581273465,2748.19,6053.12,98,12
G_focal_s2,G_focal,stare,im0139,0.7708973198924388,0.8190338602366419,114,12,118,4,12.727922061357855,1412.94,8206.02,108,22
G_focal_s2,G_focal,stare,im0162,0.7733076303524037,0.8390425418917429,120,9,124,4,7.810249675906654,7937.9,10366.0,124,10
G_focal_s2,G_focal,stare,im0163,0.7748367224345292,0.8517791878458332,82,1,83,1,10.63014581273465,5191.98,8302.0,53,8
G_focal_s2,G_focal,stare,im0235,0.7903010325754455,0.8555306070073742,78,5,87,9,7.810249675906654,1526.42,7740.86,123,16
G_focal_s2,G_focal,stare,im0236,0.7786581875993641,0.8421339763279923,104,25,107,3,9.486832980505138,1781.52,7869.82,123,25
G_focal_s2,G_focal,stare,im0239,0.7029439508919143,0.7950813675305791,101,26,104,3,17.69180601295413,954.6,8654.32,152,19
G_focal_s2,G_focal,stare,im0240,0.7033800330668921,0.7803471642427434,116,21,123,7,20.591260281974,889.79,3646.87,113,23
G_focal_s2,G_focal,stare,im0255,0.8194711425758358,0.8396402861614807,120,19,123,3,9.433981132056603,7858.28,10587.03,167,7
G_focal_s2,G_focal,stare,im0291,0.7690475623407245,0.791534244323176,65,6,70,5,38.948684188300895,901.87,4590.45,94,9
G_focal_s2,G_focal,stare,im0319,0.6887757835521029,0.7493110860483088,103,12,110,7,33.16772021924997,200.56,2075.24,112,25
G_focal_s2,G_focal,stare,im0324,0.45120645434398265,0.5414235319119117,94,13,99,5,54.907630700752485,41.38,3671.72,79,24
G_focal_s3,G_focal,stare,im0001,0.6702781083706105,0.7606039022268143,129,6,133,4,17.11724276862369,1088.36,7318.51,106,22
G_focal_s3,G_focal,stare,im0002,0.7236943228522739,0.7738148421114175,77,14,79,2,21.540659228538015,1385.7,7020.85,108,24
G_focal_s3,G_focal,stare,im0003,0.690344022276116,0.7670414342757483,100,11,109,9,22.47220505424423,932.69,4712.73,89,30
G_focal_s3,G_focal,stare,im0004,0.6178861788617886,0.7256152828165566,98,14,109,11,28.635642126552707,255.46,2264.78,97,23
G_focal_s3,G_focal,stare,im0005,0.7416043391378818,0.7777277371642976,134,1,143,9,25.0,1436.34,2831.52,61,5
G_focal_s3,G_focal,stare,im0044,0.7410911865700115,0.7981186173367562,145,3,161,16,16.64331697709324,830.85,1471.06,80,20
G_focal_s3,G_focal,stare,im0077,0.7346037701317716,0.8129855204594182,99,5,106,7,14.0,3213.5,7243.06,35,4
G_focal_s3,G_focal,stare,im0081,0.7100588719377097,0.7887552769732833,137,2,140,3,18.0,2918.82,4825.14,59,13
G_focal_s3,G_focal,stare,im0082,0.7477147856732052,0.8280867692113346,111,9,119,8,11.704699910719626,2508.95,6053.12,66,9
G_focal_s3,G_focal,stare,im0139,0.7479514361004488,0.8125308390206731,155,10,159,4,14.142135623730951,1523.1,8206.02,97,25
G_focal_s3,G_focal,stare,im0162,0.7409497417810808,0.8285087702600604,98,17,102,4,10.0,8742.25,10366.0,80,4
G_focal_s3,G_focal,stare,im0163,0.7483735216581614,0.8351009628399549,82,2,83,1,14.866068747318506,6589.45,8302.0,29,4
G_focal_s3,G_focal,stare,im0235,0.7933667128298001,0.8632513587354613,82,6,91,9,7.810249675906654,2424.94,7740.86,85,18
G_focal_s3,G_focal,stare,im0236,0.793855658253915,0.8542852728871516,92,8,95,3,11.661903789690601,2487.84,7869.82,93,14
G_focal_s3,G_focal,stare,im0239,0.7097468167211219,0.8112550867152974,108,22,111,3,14.142135623730951,1579.99,8654.32,111,15
G_focal_s3,G_focal,stare,im0240,0.6917493774562449,0.7693072769962047,132,20,139,7,21.470910553583888,871.22,3646.87,106,15
G_focal_s3,G_focal,stare,im0255,0.7955181448241262,0.8395676896922517,99,20,102,3,10.63014581273465,8938.52,10587.03,106,3
G_focal_s3,G_focal,stare,im0291,0.755393295718553,0.7875301339025276,68,10,73,5,37.97629936490921,1103.57,4590.45,78,5
G_focal_s3,G_focal,stare,im0319,0.6576419213973799,0.7397767619390542,99,13,106,7,33.06055050963308,436.05,2075.24,85,19
G_focal_s3,G_focal,stare,im0324,0.5366141400522457,0.6258131213898986,118,9,123,5,39.81205847478876,90.22,3671.72,102,28
G_focal_s4,G_focal,stare,im0001,0.6194237784735587,0.7271994500917486,139,13,143,4,17.115781004724173,664.0,7318.51,113,34
G_focal_s4,G_focal,stare,im0002,0.7311791575029606,0.7869598719122224,88,12,90,2,19.697715603592208,925.3,7020.85,120,28
G_focal_s4,G_focal,stare,im0003,0.6986908238472694,0.7621489447479748,101,10,110,9,13.971355310873543,504.11,4712.73,105,39
G_focal_s4,G_focal,stare,im0004,0.6298043749883445,0.7362204088241521,123,15,134,11,31.575306807693888,214.32,2264.78,109,30
G_focal_s4,G_focal,stare,im0005,0.7264314069311513,0.7685631702524159,158,10,167,9,28.861739379323623,507.27,2831.52,79,24
G_focal_s4,G_focal,stare,im0044,0.688145673032709,0.741904154057902,164,8,180,16,28.178005607210743,638.79,1471.06,93,29
G_focal_s4,G_focal,stare,im0077,0.734270166836094,0.8180003011032904,100,6,107,7,12.041594578792296,1856.01,7243.06,56,14
G_focal_s4,G_focal,stare,im0081,0.6989604407629373,0.7959636372301714,149,4,152,3,19.0,1876.39,4825.14,59,19
G_focal_s4,G_focal,stare,im0082,0.7406643440200233,0.8290027304632374,119,6,127,8,10.770329614269007,2342.69,6053.12,70,13
G_focal_s4,G_focal,stare,im0139,0.7461053046736343,0.8051451620507974,120,12,124,4,13.0,1611.19,8206.02,97,18
G_focal_s4,G_focal,stare,im0162,0.7481522001857341,0.8359849010627999,103,18,107,4,8.94427190999916,4287.76,10366.0,86,7
G_focal_s4,G_focal,stare,im0163,0.7498131818861157,0.8455594985351844,91,6,92,1,13.0,5761.57,8302.0,36,6
G_focal_s4,G_focal,stare,im0235,0.7746898322863791,0.8411585810926419,82,8,91,9,10.295630140987,1825.92,7740.86,94,23
G_focal_s4,G_focal,stare,im0236,0.7583649577101471,0.831712318663435,112,16,115,3,12.041594578792296,1958.36,7869.82,97,28
G_focal_s4,G_focal,stare,im0239,0.6767942954580685,0.7862718881312184,123,30,126,3,18.24828759089466,1111.87,8654.32,142,25
G_focal_s4,G_focal,stare,im0240,0.6887106241440031,0.7758459463343402,116,23,123,7,20.248456731316587,791.87,3646.87,119,29
G_focal_s4,G_focal,stare,im0255,0.8041351762329497,0.8414150939232352,107,26,110,3,10.63014581273465,8350.59,10587.03,126,6
G_focal_s4,G_focal,stare,im0291,0.7715472008030296,0.810839970198355,66,6,71,5,35.22782990761707,913.44,4590.45,79,8
G_focal_s4,G_focal,stare,im0319,0.6399158478076814,0.7151006007366141,102,16,109,7,43.93176527297759,299.6,2075.24,93,32
G_focal_s4,G_focal,stare,im0324,0.3662897843303282,0.45905974382953657,104,12,109,5,50.79172954977101,33.41,3671.72,68,20
G_focal_s5,G_focal,stare,im0001,0.6440800144170121,0.7582591456173766,115,16,119,4,16.0,611.59,7318.51,123,40
G_focal_s5,G_focal,stare,im0002,0.7328216573222289,0.7809898027511774,53,11,55,2,20.615528128088304,1128.26,7020.85,95,25
G_focal_s5,G_focal,stare,im0003,0.7272547741769853,0.8036233371359336,64,10,73,9,13.038404810405298,659.64,4712.73,96,25
G_focal_s5,G_focal,stare,im0004,0.5782310209946515,0.7102710903300418,101,15,112,11,31.248998959901094,193.45,2264.78,87,27
G_focal_s5,G_focal,stare,im0005,0.7521376081323001,0.8086792920371096,99,5,108,9,19.026297590440446,545.18,2831.52,75,16
G_focal_s5,G_focal,stare,im0044,0.7377484955723348,0.8062713845430565,83,5,99,16,16.97056274847714,652.04,1471.06,87,26
G_focal_s5,G_focal,stare,im0077,0.7340627692598232,0.835782933062965,64,2,71,7,11.40175425099138,2919.45,7243.06,40,7
G_focal_s5,G_focal,stare,im0081,0.708405046910385,0.8168971951196081,88,1,91,3,16.64331697709324,3007.55,4825.14,48,11
G_focal_s5,G_focal,stare,im0082,0.745853207991194,0.8452961296575632,76,16,84,8,9.433981132056603,1658.68,6053.12,64,12
G_focal_s5,G_focal,stare,im0139,0.768985264783476,0.8297320422529704,78,14,82,4,10.198039027185569,1128.88,8206.02,93,22
G_focal_s5,G_focal,stare,im0162,0.7323811290422308,0.8516021222803591,70,15,74,4,7.280109889280518,8302.76,10366.0,39,6
G_focal_s5,G_focal,stare,im0163,0.766008242862887,0.8662611344519889,54,1,55,1,8.54400374531753,4801.17,8302.0,38,11
G_focal_s5,G_focal,stare,im0235,0.7748478201937058,0.8565416688707855,64,7,73,9,8.246211251235321,1806.98,7740.86,86,22
G_focal_s5,G_focal,stare,im0236,0.7605078643168467,0.8404101304923345,92,16,95,3,11.180339887498949,1754.14,7869.82,101,24
G_focal_s5,G_focal,stare,im0239,0.6968996617812853,0.813792378633549,80,31,83,3,16.679238268237242,1199.86,8654.32,120,18
G_focal_s5,G_focal,stare,im0240,0.6925887659703147,0.7845918416383162,105,26,112,7,21.540659228538015,1144.49,3646.87,86,24
G_focal_s5,G_focal,stare,im0255,0.8013476388056664,0.8657312572457855,78,24,81,3,7.810249675906654,9308.35,10587.03,88,5
G_focal_s5,G_focal,stare,im0291,0.7865602287620637,0.8387860234708588,37,9,42,5,18.0,507.66,4590.45,65,14
G_focal_s5,G_focal,stare,im0319,0.6939178515007899,0.7699768708498096,78,14,85,7,24.166091947189145,310.27,2075.24,81,28
G_focal_s5,G_focal,stare,im0324,0.4185717533533736,0.5387405981041948,82,14,87,5,62.0,65.17,3671.72,54,19
H_aug_s0,H_aug,stare,im0001,0.6920080673717919,0.7775341384996151,121,13,125,4,15.293786438947823,675.92,7318.51,128,19
H_aug_s0,H_aug,stare,im0002,0.7839229486942026,0.8259204683655075,58,19,60,2,13.892443989449804,1016.47,7020.85,105,29
H_aug_s0,H_aug,stare,im0003,0.7400255572909271,0.7869406955379672,96,10,105,9,16.55294535724685,540.58,4712.73,113,30
H_aug_s0,H_aug,stare,im0004,0.652040620808584,0.7775011472004558,71,15,82,11,21.32478831099867,260.05,2264.78,100,23
H_aug_s0,H_aug,stare,im0005,0.7839776754293899,0.8073361149838387,120,5,129,9,21.0,1032.7,2831.52,83,8
H_aug_s0,H_aug,stare,im0044,0.7620727673649393,0.8220549188898743,89,6,105,16,14.317821063276353,700.41,1471.06,99,15
H_aug_s0,H_aug,stare,im0077,0.775393487925027,0.8340929709467447,66,5,73,7,11.40175425099138,6519.31,7243.06,52,2
H_aug_s0,H_aug,stare,im0081,0.7464391292663263,0.8164999657135659,106,5,109,3,16.278820596099706,2333.03,4825.14,53,9
H_aug_s0,H_aug,stare,im0082,0.7729264475743349,0.8351601595512745,108,15,116,8,9.899494936611665,4121.21,6053.12,77,5
H_aug_s0,H_aug,stare,im0139,0.7779564704620993,0.8311542401411068,93,16,97,4,12.083045973594572,949.98,8206.02,115,24
H_aug_s0,H_aug,stare,im0162,0.7875150380965111,0.8460603858778104,106,12,110,4,7.0710678118654755,8523.77,10366.0,106,3
H_aug_s0,H_aug,stare,im0163,0.7838007956090438,0.8577726286432502,81,3,82,1,11.180339887498949,6553.7,8302.0,30,3
H_aug_s0,H_aug,stare,im0235,0.8106143485765687,0.8656791763278718,61,8,70,9,6.708203932499369,2747.97,7740.86,93,10
H_aug_s0,H_aug,stare,im0236,0.8094815850932298,0.8652633071004308,54,15,57,3,8.06225774829855,1830.95,7869.82,115,12
H_aug_s0,H_aug,stare,im0239,0.7844422622681069,0.8476652688121378,74,20,77,3,8.06225774829855,2483.82,8654.32,165,6
H_aug_s0,H_aug,stare,im0240,0.7082814524940919,0.8013704422829283,102,25,109,7,21.213203435596427,767.05,3646.87,102,18
H_aug_s0,H_aug,stare,im0255,0.8506905696149369,0.8704527533600995,93,29,96,3,6.082762530298219,8487.88,10587.03,136,4
H_aug_s0,H_aug,stare,im0291,0.8233477174653645,0.8689790157774588,30,10,35,5,14.249473134455302,2658.6,4590.45,79,5
H_aug_s0,H_aug,stare,im0319,0.7435621216784651,0.7915197263904051,67,16,74,7,22.561028345356956,248.07,2075.24,98,18
H_aug_s0,H_aug,stare,im0324,0.5217532092055048,0.6260679761135631,84,8,89,5,31.04834939252005,62.12,3671.72,84,16
H_aug_s1,H_aug,stare,im0001,0.7249366114925501,0.806121241027718,113,10,117,4,14.317821063276353,1403.61,7318.51,95,16
H_aug_s1,H_aug,stare,im0002,0.809469440182681,0.8508064584384497,76,18,78,2,11.045361017187261,1505.92,7020.85,102,19
H_aug_s1,H_aug,stare,im0003,0.7863181885016909,0.8394217014473242,73,10,82,9,11.0,1067.97,4712.73,106,16
H_aug_s1,H_aug,stare,im0004,0.6732805459231924,0.7834891903044541,82,14,93,11,22.444323734432647,284.47,2264.78,92,19
H_aug_s1,H_aug,stare,im0005,0.7864933231366551,0.8107025647431051,125,2,134,9,22.561028345356956,1850.09,2831.52,64,7
H_aug_s1,H_aug,stare,im0044,0.7730152592284125,0.8388253292516317,83,5,99,16,14.866068747318506,906.25,1471.06,71,11
H_aug_s1,H_aug,stare,im0077,0.768030406761255,0.8376827621103438,71,10,78,7,12.0,5867.06,7243.06,42,5
H_aug_s1,H_aug,stare,im0081,0.7434101025740275,0.8148292718557779,119,1,122,3,17.26267650163207,3335.7,4825.14,38,4
H_aug_s1,H_aug,stare,im0082,0.7896731584674848,0.8435867124882123,94,13,102,8,9.848857801796104,5045.0,6053.12,74,5
H_aug_s1,H_aug,stare,im0139,0.78595057891835,0.8546227531501536,70,5,74,4,10.46878240448375,5044.36,8206.02,85,11
H_aug_s1,H_aug,stare,im0162,0.7868922339150126,0.8536354985748927,89,16,93,4,7.0,8880.81,10366.0,96,2
H_aug_s1,H_aug,stare,im0163,0.7839586345479942,0.8582481050220401,78,1,79,1,12.36931687685298,7051.48,8302.0,35,5
H_aug_s1,H_aug,stare,im0235,0.8092746364914187,0.8695810113028073,74,12,83,9,7.0,5526.89,7740.86,92,7
H_aug_s1,H_aug,stare,im0236,0.8266454554088707,0.8760067643806353,66,7,69,3,8.0,2563.5,7869.82,112,9
H_aug_s1,H_aug,stare,im0239,0.8140416498180347,0.8659382068347673,92,14,95,3,5.385164807134504,5082.63,8654.32,157,9
H_aug_s1,H_aug,stare,im0240,0.7673408168366922,0.83564550034396,91,16,98,7,15.231546211727817,1653.28,3646.87,73,10
H_aug_s1,H_aug,stare,im0255,0.8483868666936116,0.8698382184806963,105,22,108,3,7.0,8735.01,10587.03,132,3
H_aug_s1,H_aug,stare,im0291,0.823559023408004,0.8636415079315565,55,7,60,5,14.845819609901412,1426.26,4590.45,76,3
H_aug_s1,H_aug,stare,im0319,0.7615390260010273,0.8089495330157207,80,15,87,7,22.360679774997898,393.9,2075.24,96,11
H_aug_s1,H_aug,stare,im0324,0.6223711909092767,0.7042960913727735,85,5,90,5,23.323807579381203,110.52,3671.72,109,18
H_aug_s2,H_aug,stare,im0001,0.6839697810305141,0.7717313690821362,116,18,120,4,15.231546211727817,685.5,7318.51,116,23
H_aug_s2,H_aug,stare,im0002,0.7917899861648657,0.8282873791580627,56,13,58,2,15.231546211727817,1446.04,7020.85,95,15
H_aug_s2,H_aug,stare,im0003,0.7435693963264753,0.8096989951270049,60,11,69,9,15.524174696260024,640.89,4712.73,106,22
H_aug_s2,H_aug,stare,im0004,0.669972410707628,0.7843588401792418,66,14,77,11,23.259406699226016,274.3,2264.78,82,16
H_aug_s2,H_aug,stare,im0005,0.7798851740889722,0.8021862592256274,105,5,114,9,23.430749027719962,1235.99,2831.52,60,8
H_aug_s2,H_aug,stare,im0044,0.7525555435637306,0.8285843729626396,85,4,101,16,13.44804161976241,629.52,1471.06,78,20
H_aug_s2,H_aug,stare,im0077,0.7656648345222781,0.8354044542897548,66,5,73,7,11.40175425099138,6749.75,7243.06,36,3
H_aug_s2,H_aug,stare,im0081,0.7169400055149231,0.803941076143822,106,1,109,3,18.027756377319946,2350.03,4825.14,42,7
H_aug_s2,H_aug,stare,im0082,0.7740884347727244,0.8450813573969186,75,8,83,8,9.219544457292887,2518.3,6053.12,63,7
H_aug_s2,H_aug,stare,im0139,0.7666235348802151,0.8274345648507034,60,11,64,4,13.038404810405298,2269.08,8206.02,86,13
H_aug_s2,H_aug,stare,im0162,0.7734661157240247,0.841682174987282,91,15,95,4,8.0,9095.17,10366.0,87,1
H_aug_s2,H_aug,stare,im0163,0.7717494017303799,0.856595426597711,77,4,78,1,12.041594578792296,6964.87,8302.0,25,4
H_aug_s2,H_aug,stare,im0235,0.8017994554279626,0.8739466719010157,48,6,57,9,7.0,2843.2,7740.86,85,6
H_aug_s2,H_aug,stare,im0236,0.8040816818845212,0.868066678670296,55,8,58,3,8.54400374531753,2660.22,7869.82,108,9
H_aug_s2,H_aug,stare,im0239,0.775351644483842,0.8423236544168837,79,22,82,3,9.219544457292887,2341.49,8654.32,136,9
H_aug_s2,H_aug,stare,im0240,0.7270497972661276,0.8091943762871364,78,21,85,7,18.35755975068582,841.72,3646.87,101,18
H_aug_s2,H_aug,stare,im0255,0.8395125080179602,0.8641526424369412,101,23,104,3,7.615773105863909,8731.55,10587.03,125,2
H_aug_s2,H_aug,stare,im0291,0.820942790093641,0.8639085160611321,31,7,36,5,14.7648230602334,2447.85,4590.45,83,5
H_aug_s2,H_aug,stare,im0319,0.7572945613338626,0.8105209548619602,68,13,75,7,20.8806130178211,392.81,2075.24,81,11
H_aug_s2,H_aug,stare,im0324,0.4950403903247336,0.5989591121303087,68,13,73,5,41.877798094787046,74.48,3671.72,70,17
H_aug_s3,H_aug,stare,im0001,0.7277751663034343,0.8016655198272212,110,7,114,4,14.7648230602334,851.28,7318.51,130,18
H_aug_s3,H_aug,stare,im0002,0.8022348687965958,0.8412739907441189,82,9,84,2,12.649110640673518,3116.53,7020.85,116,17
H_aug_s3,H_aug,stare,im0003,0.797015197015197,0.8429252058534963,51,12,60,9,10.44030650891055,1184.32,4712.73,96,7
H_aug_s3,H_aug,stare,im0004,0.705207256656093,0.8046146684520646,66,14,77,11,20.248456731316587,422.23,2264.78,93,19
H_aug_s3,H_aug,stare,im0005,0.7867507813135362,0.7951139674230242,103,7,112,9,22.847319317591726,2288.5,2831.52,58,3
H_aug_s3,H_aug,stare,im0044,0.7659599186755737,0.8291583491224717,91,1,107,16,16.1245154965971,977.6,1471.06,78,8
H_aug_s3,H_aug,stare,im0077,0.7782702201732394,0.831031213323508,64,5,71,7,12.529964086141668,6568.35,7243.06,42,3
H_aug_s3,H_aug,stare,im0081,0.7728365074032921,0.8219928637415964,102,1,105,3,15.0,3998.75,4825.14,52,4
H_aug_s3,H_aug,stare,im0082,0.7989020259635603,0.844618937660699,77,4,85,8,9.486832980505138,5055.91,6053.12,68,3
H_aug_s3,H_aug,stare,im0139,0.784172571957057,0.8391628154265287,94,12,98,4,12.0,4531.78,8206.02,85,10
H_aug_s3,H_aug,stare,im0162,0.7951176748263538,0.8466181880464273,100,17,104,4,7.211102550927978,8294.94,10366.0,110,1
H_aug_s3,H_aug,stare,im0163,0.7857357733767861,0.8526927460787803,60,3,61,1,12.041594578792296,7258.61,8302.0,30,2
H_aug_s3,H_aug,stare,im0235,0.8201709036022866,0.8741811963288064,60,3,69,9,6.082762530298219,2874.8,7740.86,97,5
H_aug_s3,H_aug,stare,im0236,0.8315307321518501,0.8714933511520292,60,15,63,3,8.06225774829855,2500.87,7869.82,92,6
H_aug_s3,H_aug,stare,im0239,0.8164959445565668,0.8591106886063258,75,14,78,3,6.324555320336759,4847.69,8654.32,160,5
H_aug_s3,H_aug,stare,im0240,0.7685639711692728,0.8372292155233404,71,21,78,7,15.231546211727817,1505.86,3646.87,102,14
H_aug_s3,H_aug,stare,im0255,0.8501740481553305,0.8643101527794091,109,26,112,3,6.708203932499369,8140.04,10587.03,160,4
H_aug_s3,H_aug,stare,im0291,0.8327323162274619,0.8700536821955019,28,7,33,5,12.0,2539.0,4590.45,83,2
H_aug_s3,H_aug,stare,im0319,0.7670312005260979,0.8174161865067172,62,13,69,7,21.18962010041709,349.44,2075.24,91,10
H_aug_s3,H_aug,stare,im0324,0.6605600324656502,0.7272345145313405,74,7,79,5,21.02379604162864,104.23,3671.72,107,24
H_aug_s4,H_aug,stare,im0001,0.7343000589010742,0.8058922415637011,116,8,120,4,13.416407864998739,998.89,7318.51,124,20
H_aug_s4,H_aug,stare,im0002,0.7950147923963682,0.833970519763933,85,9,87,2,14.560219778561036,2999.66,7020.85,104,18
H_aug_s4,H_aug,stare,im0003,0.7964582462137052,0.8287192740990278,69,9,78,9,12.672754066878761,1012.12,4712.73,93,19
H_aug_s4,H_aug,stare,im0004,0.6984914824597167,0.7952495648314977,76,14,87,11,25.80697580112788,336.31,2264.78,92,18
H_aug_s4,H_aug,stare,im0005,0.7923665196584405,0.8076705892555429,116,2,125,9,23.020642423120478,2238.59,2831.52,56,6
H_aug_s4,H_aug,stare,im0044,0.7790476475786762,0.839047375683946,85,2,101,16,12.36931687685298,908.41,1471.06,73,12
H_aug_s4,H_aug,stare,im0077,0.7738095238095238,0.8386099122674717,62,10,69,7,11.661903789690601,3303.92,7243.06,35,2
H_aug_s4,H_aug,stare,im0081,0.7503966426122115,0.8130239411033421,118,7,121,3,16.55294535724685,3183.15,4825.14,45,6
H_aug_s4,H_aug,stare,im0082,0.7924551839423161,0.8468121583975149,81,11,89,8,9.899494936611665,2741.26,6053.12,64,6
H_aug_s4,H_aug,stare,im0139,0.7741581304819773,0.8289108267442729,90,12,94,4,12.165525060596439,4779.0,8206.02,93,15
H_aug_s4,H_aug,stare,im0162,0.7782163627272967,0.845954999289623,117,16,121,4,8.0,8838.93,10366.0,76,2
H_aug_s4,H_aug,stare,im0163,0.7843011098600611,0.8576351298788518,66,2,67,1,12.041594578792296,6899.79,8302.0,24,6
H_aug_s4,H_aug,stare,im0235,0.8176111038861237,0.8770058896611235,65,11,74,9,6.0,2800.36,7740.86,72,9
H_aug_s4,H_aug,stare,im0236,0.8309663311267723,0.8823715446250069,64,4,67,3,7.280109889280518,2761.26,7869.82,92,7
H_aug_s4,H_aug,stare,im0239,0.811493107457233,0.8676810238278179,75,12,78,3,5.656854249492381,2671.82,8654.32,138,6
H_aug_s4,H_aug,stare,im0240,0.7715541425098186,0.8391151782299122,97,10,104,7,16.0312195418814,1683.59,3646.87,88,16
H_aug_s4,H_aug,stare,im0255,0.8392595801477561,0.8593549476979564,98,24,101,3,8.48528137423857,8845.66,10587.03,116,3
H_aug_s4,H_aug,stare,im0291,0.8318078840054373,0.879176274287764,29,5,34,5,8.94427190999916,2709.34,4590.45,64,4
H_aug_s4,H_aug,stare,im0319,0.7654854225974281,0.8143172467565468,76,15,83,7,23.40939982143925,495.02,2075.24,84,10
H_aug_s4,H_aug,stare,im0324,0.6419702495594803,0.7162037619480911,92,9,97,5,22.135943621178654,151.62,3671.72,82,24
H_aug_s5,H_aug,stare,im0001,0.6670289797157973,0.7575779597456912,109,18,113,4,15.231546211727817,617.01,7318.51,129,28
H_aug_s5,H_aug,stare,im0002,0.7898148320115892,0.8226480958926903,64,15,66,2,13.038404810405298,1318.38,7020.85,116,25
H_aug_s5,H_aug,stare,im0003,0.734591973589188,0.7846339864628302,67,9,76,9,19.841866736070752,289.77,4712.73,108,27
H_aug_s5,H_aug,stare,im0004,0.6023864983041151,0.7472202895448098,66,14,77,11,26.0,278.54,2264.78,90,22
H_aug_s5,H_aug,stare,im0005,0.7872161889357769,0.8074446256635159,104,5,113,9,20.591260281974,1632.09,2831.52,62,9
H_aug_s5,H_aug,stare,im0044,0.7600917655098355,0.8299309836184355,102,9,118,16,12.041594578792296,419.02,1471.06,105,27
H_aug_s5,H_aug,stare,im0077,0.773094688221709,0.8365945554379183,53,7,60,7,11.0,6446.38,7243.06,45,3
H_aug_s5,H_aug,stare,im0081,0.7428965928011587,0.8239615925840134,80,4,83,3,16.1245154965971,3031.21,4825.14,43,6
H_aug_s5,H_aug,stare,im0082,0.7922932450906489,0.8484081931945832,66,7,74,8,8.94427190999916,4781.76,6053.12,72,2
H_aug_s5,H_aug,stare,im0139,0.7889705882352941,0.8417611580399792,77,20,81,4,10.198039027185569,1273.25,8206.02,110,28
H_aug_s5,H_aug,stare,im0162,0.788224628019839,0.8564500826775384,70,14,74,4,6.082762530298219,8868.47,10366.0,85,2
H_aug_s5,H_aug,stare,im0163,0.7889824721147279,0.868848236635987,58,1,59,1,9.0,6857.66,8302.0,23,3
H_aug_s5,H_aug,stare,im0235,0.7950427796197643,0.8661762915024058,53,11,62,9,6.4031242374328485,1778.77,7740.86,103,17
H_aug_s5,H_aug,stare,im0236,0.7987112262303367,0.8620698111658289,59,13,62,3,8.246211251235321,1671.26,7869.82,125,15
H_aug_s5,H_aug,stare,im0239,0.7792489167067886,0.848716719171476,74,19,77,3,9.219544457292887,2349.53,8654.32,164,10
H_aug_s5,H_aug,stare,im0240,0.7212057373958048,0.812328039378837,73,25,80,7,20.12461179749811,1019.73,3646.87,108,22
H_aug_s5,H_aug,stare,im0255,0.8522744999220034,0.8722556709819054,83,23,86,3,5.0990195135927845,8531.26,10587.03,123,2
H_aug_s5,H_aug,stare,im0291,0.8234151426134748,0.8752109413617358,20,9,25,5,8.602325267042627,1323.15,4590.45,92,5
H_aug_s5,H_aug,stare,im0319,0.7585420808482438,0.8151396502866597,49,15,56,7,17.444091927078446,299.67,2075.24,112,15
H_aug_s5,H_aug,stare,im0324,0.45638279495595097,0.5697262839902717,84,11,89,5,39.086429707958665,51.77,3671.72,73,17
I_coletra_s0,I_coletra,stare,im0001,0.6316377497371188,0.7219725431154788,150,18,154,4,24.166091947189145,571.88,7318.51,109,21
I_coletra_s0,I_coletra,stare,im0002,0.7522769679838903,0.7844226608477124,47,13,49,2,18.439088914585774,981.95,7020.85,98,22
I_coletra_s0,I_coletra,stare,im0003,0.7281519290777211,0.7356628225272419,111,7,120,9,15.0,305.64,4712.73,104,36
I_coletra_s0,I_coletra,stare,im0004,0.6228471145212636,0.7503728848454098,82,15,93,11,27.80287754891569,206.04,2264.78,101,23
I_coletra_s0,I_coletra,stare,im0005,0.7528414652402722,0.7915679933472275,132,16,141,9,22.47220505424423,1409.98,2831.52,73,10
I_coletra_s0,I_coletra,stare,im0044,0.7515155342258146,0.8010444874591434,114,4,130,16,13.92838827718412,631.44,1471.06,96,21
I_coletra_s0,I_coletra,stare,im0077,0.7734298711505943,0.8435883840908257,70,8,77,7,9.57733918582788,6561.03,7243.06,40,4
I_coletra_s0,I_coletra,stare,im0081,0.7314934019954941,0.8179459996417371,103,1,106,3,16.97056274847714,2105.77,4825.14,56,9
I_coletra_s0,I_coletra,stare,im0082,0.788063212806219,0.8494047977927652,80,1,88,8,7.280109889280518,2839.72,6053.12,87,6
I_coletra_s0,I_coletra,stare,im0139,0.7652964176265455,0.8292371416686685,106,15,110,4,10.770329614269007,821.14,8206.02,97,22
I_coletra_s0,I_coletra,stare,im0162,0.7882046880866813,0.855631708995364,79,13,83,4,6.082762530298219,8511.65,10366.0,96,2
I_coletra_s0,I_coletra,stare,im0163,0.7935678191820377,0.8754153131557842,52,7,53,1,7.0710678118654755,6595.15,8302.0,37,3
I_coletra_s0,I_coletra,stare,im0235,0.8094788107872356,0.8814013891668632,63,10,72,9,4.242640687119285,2524.24,7740.86,101,10
I_coletra_s0,I_coletra,stare,im0236,0.8199689601655458,0.8845365483631163,60,12,63,3,5.0,1939.78,7869.82,98,12
I_coletra_s0,I_coletra,stare,im0239,0.7602239402825913,0.8277008183991902,93,18,96,3,14.317821063276353,1461.74,8654.32,176,11
I_coletra_s0,I_coletra,stare,im0240,0.7090393668466758,0.804792458927359,77,22,84,7,24.0,622.46,3646.87,100,14
I_coletra_s0,I_coletra,stare,im0255,0.8519496100779844,0.8801103142562059,87,26,90,3,4.47213595499958,8525.53,10587.03,146,5
I_coletra_s0,I_coletra,stare,im0291,0.8101801245187966,0.8551791813390791,31,9,36,5,14.035668847618199,1299.02,4590.45,75,5
I_coletra_s0,I_coletra,stare,im0319,0.744985976610044,0.8060373705453668,67,16,74,7,19.0,206.36,2075.24,105,21
I_coletra_s0,I_coletra,stare,im0324,0.5125459412859023,0.6017409228815015,81,10,86,5,57.27564910979208,54.6,3671.72,91,18
I_coletra_s1,I_coletra,stare,im0001,0.6820545679417068,0.772404674258189,156,3,160,4,16.0312195418814,842.48,7318.51,128,25
I_coletra_s1,I_coletra,stare,im0002,0.7785076758300606,0.8045606611125067,58,15,60,2,17.804493814764857,1577.43,7020.85,99,16
I_coletra_s1,I_coletra,stare,im0003,0.7656703797654498,0.80664079200968,84,3,93,9,14.317821063276353,722.73,4712.73,100,21
I_coletra_s1,I_coletra,stare,im0004,0.6656534954407295,0.7789323499098154,79,13,90,11,23.769728648009426,238.26,2264.78,126,20
I_coletra_s1,I_coletra,stare,im0005,0.7473657774914558,0.769100048683978,164,37,173,9,24.186773244895647,1301.25,2831.52,65,7
I_coletra_s1,I_coletra,stare,im0044,0.7644425751794995,0.8323073176995747,99,2,115,16,11.180339887498949,836.73,1471.06,82,15
I_coletra_s1,I_coletra,stare,im0077,0.773791627079099,0.8522219730852593,73,17,80,7,8.602325267042627,6189.66,7243.06,48,3
I_coletra_s1,I_coletra,stare,im0081,0.7372480851757293,0.8244997505515198,102,0,105,3,12.727922061357855,2978.92,4825.14,47,5
I_coletra_s1,I_coletra,stare,im0082,0.795594262295082,0.8714560231444469,69,8,77,8,5.0,4814.8,6053.12,81,9
I_coletra_s1,I_coletra,stare,im0139,0.7920342894823607,0.8486789402591604,86,16,90,4,10.0,1792.26,8206.02,102,18
I_coletra_s1,I_coletra,stare,im0162,0.7928329064012982,0.8702317496337488,71,17,75,4,4.123105625617661,8964.54,10366.0,93,2
I_coletra_s1,I_coletra,stare,im0163,0.7937490601032633,0.886078510910554,37,5,38,1,5.385164807134504,6231.78,8302.0,47,5
I_coletra_s1,I_coletra,stare,im0235,0.8056134980683544,0.8888425601342502,44,15,53,9,4.123105625617661,2445.5,7740.86,108,12
I_coletra_s1,I_coletra,stare,im0236,0.8173527976882952,0.8804654943812379,54,17,57,3,5.0,1694.5,7869.82,140,21
I_coletra_s1,I_coletra,stare,im0239,0.7622742834127677,0.8433092107876642,94,18,97,3,9.433981132056603,1754.32,8654.32,151,9
I_coletra_s1,I_coletra,stare,im0240,0.7234585400425231,0.8153398053886675,70,23,77,7,23.41900696426551,475.9,3646.87,117,14
I_coletra_s1,I_coletra,stare,im0255,0.8552895049220033,0.8863005301489844,91,29,94,3,3.605551275463989,8364.02,10587.03,147,4
I_coletra_s1,I_coletra,stare,im0291,0.804490664145592,0.8576223877207332,26,9,31,5,15.177206068009445,1249.71,4590.45,72,7
I_coletra_s1,I_coletra,stare,im0319,0.7516870158855192,0.8143951753436867,60,16,67,7,18.35755975068582,286.17,2075.24,94,15
I_coletra_s1,I_coletra,stare,im0324,0.5636282989576403,0.6288698892727289,101,12,106,5,59.19290005827674,110.78,3671.72,91,16
I_coletra_s2,I_coletra,stare,im0001,0.6553754335027018,0.7421780747422401,160,14,164,4,19.849433241279208,600.35,7318.51,105,26
I_coletra_s2,I_coletra,stare,im0002,0.7618524620172067,0.7927094690005592,63,17,65,2,16.492422502470642,1125.0,7020.85,107,22
I_coletra_s2,I_coletra,stare,im0003,0.739932284405497,0.7878942440339716,81,11,90,9,15.264337522473747,554.7,4712.73,100,30
I_coletra_s2,I_coletra,stare,im0004,0.6024854876952007,0.7322740267557982,85,14,96,11,29.0,162.3,2264.78,106,23
I_coletra_s2,I_coletra,stare,im0005,0.7713530692308588,0.8019496873562504,111,19,120,9,21.633307652783937,1086.07,2831.52,68,7
I_coletra_s2,I_coletra,stare,im0044,0.76630786982155,0.8303582757664986,89,2,105,16,10.44030650891055,343.49,1471.06,93,23
I_coletra_s2,I_coletra,stare,im0077,0.7744627632069458,0.8480725028114341,56,9,63,7,9.055385138137417,6447.02,7243.06,35,2
I_coletra_s2,I_coletra,stare,im0081,0.7328185855825077,0.8226600478857321,100,4,103,3,15.0,2954.44,4825.14,42,5
I_coletra_s2,I_coletra,stare,im0082,0.7679862986628022,0.846485335509306,83,5,91,8,8.48528137423857,2691.51,6053.12,71,8
I_coletra_s2,I_coletra,stare,im0139,0.7721416416821976,0.8324018589245885,92,14,96,4,10.04987562112089,720.58,8206.02,108,26
I_coletra_s2,I_coletra,stare,im0162,0.7912514732669024,0.8584874801209074,76,15,80,4,5.0,8673.15,10366.0,96,2
I_coletra_s2,I_coletra,stare,im0163,0.7951129932916089,0.8766649129465992,54,0,55,1,7.211102550927978,6980.8,8302.0,43,4
I_coletra_s2,I_coletra,stare,im0235,0.8037977781040474,0.8745120513197494,66,3,75,9,5.0,2240.45,7740.86,105,18
I_coletra_s2,I_coletra,stare,im0236,0.8194217130387343,0.8791617108548371,66,15,69,3,6.0,1688.6,7869.82,115,19
I_coletra_s2,I_coletra,stare,im0239,0.7637915847957178,0.8459883232087075,74,25,77,3,9.055385138137417,1642.82,8654.32,166,10
I_coletra_s2,I_coletra,stare,im0240,0.7205935390798084,0.8186268084034198,72,23,79,7,23.323807579381203,588.42,3646.87,113,15
I_coletra_s2,I_coletra,stare,im0255,0.8535415317454607,0.8793870178604978,82,23,85,3,4.123105625617661,8577.47,10587.03,131,4
I_coletra_s2,I_coletra,stare,im0291,0.8143738242087967,0.865030215886913,39,10,44,5,10.63014581273465,1095.93,4590.45,76,6
I_coletra_s2,I_coletra,stare,im0319,0.7513812154696132,0.8056760299502116,61,16,68,7,19.1049731745428,238.38,2075.24,102,21
I_coletra_s2,I_coletra,stare,im0324,0.5200018563207722,0.6157577825991565,79,11,84,5,49.65782909948905,73.31,3671.72,61,17
I_coletra_s3,I_coletra,stare,im0001,0.6604178748883212,0.7532355478861088,145,4,149,4,20.8806130178211,640.56,7318.51,117,27
I_coletra_s3,I_coletra,stare,im0002,0.7663595644732529,0.793096988788562,47,16,49,2,19.026297590440446,2513.24,7020.85,101,18
I_coletra_s3,I_coletra,stare,im0003,0.7424983373107469,0.7920294677814376,93,7,102,9,15.132745950421556,673.7,4712.73,102,16
I_coletra_s3,I_coletra,stare,im0004,0.600484970107446,0.7163608250228589,58,15,69,11,37.6762472087335,156.16,2264.78,98,20
I_coletra_s3,I_coletra,stare,im0005,0.7549966265166849,0.794658075241432,111,38,120,9,24.351591323771842,1574.63,2831.52,56,3
I_coletra_s3,I_coletra,stare,im0044,0.7763324920476098,0.8392493020930637,101,7,117,16,11.313708498984761,745.4,1471.06,97,19
I_coletra_s3,I_coletra,stare,im0077,0.7866939857779921,0.8707837757255646,54,10,61,7,6.708203932499369,6544.77,7243.06,39,1
I_coletra_s3,I_coletra,stare,im0081,0.7386132160026073,0.8317620494785108,89,1,92,3,14.0,2083.05,4825.14,59,10
I_coletra_s3,I_coletra,stare,im0082,0.8030207677784771,0.8734741141399098,73,5,81,8,4.47213595499958,4561.29,6053.12,80,4
I_coletra_s3,I_coletra,stare,im0139,0.7802133644711002,0.8396217212103503,77,5,81,4,11.0,1507.65,8206.02,92,12
I_coletra_s3,I_coletra,stare,im0162,0.793298789164228,0.8636518668884239,76,12,80,4,4.47213595499958,8441.59,10366.0,102,2
I_coletra_s3,I_coletra,stare,im0163,0.7988629185091598,0.8825318730044676,51,2,52,1,5.0,6637.55,8302.0,41,6
I_coletra_s3,I_coletra,stare,im0235,0.810138922739459,0.8888708314635811,68,5,77,9,4.0,5389.81,7740.86,93,15
I_coletra_s3,I_coletra,stare,im0236,0.8298576508077117,0.8918952881449781,50,12,53,3,4.47213595499958,2139.92,7869.82,104,7
I_coletra_s3,I_coletra,stare,im0239,0.7636078733230701,0.8438533737850681,84,18,87,3,7.615773105863909,1516.9,8654.32,160,14
I_coletra_s3,I_coletra,stare,im0240,0.6867954173486088,0.7856960587144661,59,23,66,7,28.0178514522438,531.3,3646.87,110,19
I_coletra_s3,I_coletra,stare,im0255,0.8547520288548242,0.8877825260230364,75,29,78,3,3.605551275463989,8632.04,10587.03,139,3
I_coletra_s3,I_coletra,stare,im0291,0.8120235242866478,0.8503071090687968,27,5,32,5,16.525710072597512,1170.66,4590.45,66,3
I_coletra_s3,I_coletra,stare,im0319,0.6840608601330949,0.7613866178365789,72,15,79,7,17.46424919657298,160.99,2075.24,102,24
I_coletra_s3,I_coletra,stare,im0324,0.5173680293828168,0.5875874006557726,76,10,81,5,69.6932463203109,53.23,3671.72,73,23
I_coletra_s4,I_coletra,stare,im0001,0.6358519414621032,0.7435502906115247,159,18,163,4,18.383415482841936,504.56,7318.51,117,28
I_coletra_s4,I_coletra,stare,im0002,0.7755668334002702,0.8049370556625024,42,14,44,2,20.8806130178211,1177.62,7020.85,104,16
I_coletra_s4,I_coletra,stare,im0003,0.7371012369791666,0.7622765508597275,87,8,96,9,17.204650534085253,512.35,4712.73,109,28
I_coletra_s4,I_coletra,stare,im0004,0.5447588227576857,0.67219640994957,92,15,103,11,38.8329756778952,79.88,2264.78,103,25
I_coletra_s4,I_coletra,stare,im0005,0.7592636863495099,0.7991649556847238,147,17,156,9,21.095023109728988,1328.24,2831.52,79,11
I_coletra_s4,I_coletra,stare,im0044,0.7683907412943934,0.8275788968582747,101,2,117,16,13.0,522.94,1471.06,96,17
I_coletra_s4,I_coletra,stare,im0077,0.7799833676826843,0.851559342439108,74,18,81,7,8.94427190999916,5477.51,7243.06,46,3
I_coletra_s4,I_coletra,stare,im0081,0.740688609787787,0.8268721717068064,96,10,99,3,15.0,2114.87,4825.14,61,5
I_coletra_s4,I_coletra,stare,im0082,0.7910315537142708,0.8594345758524838,62,11,70,8,6.708203932499369,4673.49,6053.12,69,6
I_coletra_s4,I_coletra,stare,im0139,0.77538246632013,0.8382618798157137,86,9,90,4,10.198039027185569,764.63,8206.02,114,21
I_coletra_s4,I_coletra,stare,im0162,0.7978799831916826,0.8658300989025153,94,21,98,4,4.123105625617661,8567.43,10366.0,108,2
I_coletra_s4,I_coletra,stare,im0163,0.8022266542122137,0.883063124243723,39,3,40,1,5.0,6877.52,8302.0,43,8
I_coletra_s4,I_coletra,stare,im0235,0.8033020140813973,0.8738049179231295,53,3,62,9,5.656854249492381,1827.38,7740.86,96,14
I_coletra_s4,I_coletra,stare,im0236,0.8094056925235518,0.8707032645395627,60,9,63,3,6.708203932499369,2006.49,7869.82,103,16
I_coletra_s4,I_coletra,stare,im0239,0.7569182259469776,0.8381152218541654,79,26,82,3,10.295630140987,1447.17,8654.32,150,12
I_coletra_s4,I_coletra,stare,im0240,0.7338061101261595,0.824903910452546,76,22,83,7,19.235384061671343,1049.74,3646.87,109,20
I_coletra_s4,I_coletra,stare,im0255,0.8572015665038921,0.8863636648704086,85,26,88,3,3.1622776601683795,8390.37,10587.03,146,4
I_coletra_s4,I_coletra,stare,im0291,0.8022935220202513,0.8475485951580203,27,7,32,5,20.0,1411.75,4590.45,81,4
I_coletra_s4,I_coletra,stare,im0319,0.7338369691310868,0.789942379685756,54,16,61,7,15.811388300841896,250.69,2075.24,99,22
I_coletra_s4,I_coletra,stare,im0324,0.45006839945280436,0.5420784220880892,65,13,70,5,79.4184872893094,46.77,3671.72,62,18
I_coletra_s5,I_coletra,stare,im0001,0.6242745479553156,0.7240978772360916,161,9,165,4,20.0,467.89,7318.51,133,26
I_coletra_s5,I_coletra,stare,im0002,0.7639745832949627,0.7867554584252522,49,13,51,2,19.235384061671343,1227.05,7020.85,129,13
I_coletra_s5,I_coletra,stare,im0003,0.7003306281935677,0.7265122021343785,112,6,121,9,18.027756377319946,253.93,4712.73,121,36
I_coletra_s5,I_coletra,stare,im0004,0.5757434352861325,0.720253723172851,110,12,121,11,30.083217912982647,129.32,2264.78,144,32
I_coletra_s5,I_coletra,stare,im0005,0.7651699899583991,0.7962323304575258,160,17,169,9,21.213203435596427,939.69,2831.52,81,5
I_coletra_s5,I_coletra,stare,im0044,0.7561853645765152,0.8031318794270328,114,3,130,16,14.422205101855956,594.75,1471.06,116,17
I_coletra_s5,I_coletra,stare,im0077,0.7773156994242754,0.8492564017667598,68,22,75,7,8.94427190999916,5594.53,7243.06,70,6
I_coletra_s5,I_coletra,stare,im0081,0.7449073614674737,0.8291688009252433,127,5,130,3,12.727922061357855,1933.66,4825.14,72,11
I_coletra_s5,I_coletra,stare,im0082,0.7945311872305096,0.8645658270400298,72,11,80,8,5.656854249492381,2424.68,6053.12,106,8
I_coletra_s5,I_coletra,stare,im0139,0.7873824689111313,0.8336417093151329,98,9,102,4,10.0,750.78,8206.02,117,22
I_coletra_s5,I_coletra,stare,im0162,0.8023494058188771,0.8622479095220167,74,21,78,4,4.47213595499958,8041.12,10366.0,119,3
I_coletra_s5,I_coletra,stare,im0163,0.7870203719644208,0.8731687419038542,59,2,60,1,6.708203932499369,6100.5,8302.0,62,6
I_coletra_s5,I_coletra,stare,im0235,0.8043780536030922,0.8740341848958674,55,8,64,9,5.0990195135927845,1587.59,7740.86,134,16
I_coletra_s5,I_coletra,stare,im0236,0.7953915476675293,0.8580917497735567,74,12,77,3,7.280109889280518,1880.91,7869.82,136,13
I_coletra_s5,I_coletra,stare,im0239,0.7535415575777303,0.8310276300849408,93,21,96,3,10.63014581273465,1316.1,8654.32,173,14
I_coletra_s5,I_coletra,stare,im0240,0.7047199149706728,0.7928467908288703,71,23,78,7,23.345235059857504,464.12,3646.87,118,19
I_coletra_s5,I_coletra,stare,im0255,0.8619418573218981,0.8888401828426664,88,28,91,3,3.0,8094.27,10587.03,170,7
I_coletra_s5,I_coletra,stare,im0291,0.8084950567557672,0.8509642983985839,23,6,28,5,13.416407864998739,1076.33,4590.45,89,4
I_coletra_s5,I_coletra,stare,im0319,0.7159568950613727,0.7750178702368332,80,14,87,7,21.197874267729823,276.83,2075.24,112,18
I_coletra_s5,I_coletra,stare,im0324,0.454558910597987,0.5267943163608453,84,13,89,5,67.46850019165478,45.52,3671.72,71,16
J_liot_s0,J_liot,stare,im0001,0.7212766251156113,0.8009451181982125,145,3,149,4,13.45362404707371,1093.86,7318.51,118,21
J_liot_s0,J_liot,stare,im0002,0.8115208685890455,0.856879771869877,80,14,82,2,7.810249675906654,2810.29,7020.85,123,20
J_liot_s0,J_liot,stare,im0003,0.762605548854041,0.8124553046376793,113,5,122,9,15.535435767705385,1278.63,4712.73,105,16
J_liot_s0,J_liot,stare,im0004,0.7459630959338732,0.8199057467211049,85,12,96,11,19.1049731745428,489.01,2264.78,83,13
J_liot_s0,J_liot,stare,im0005,0.7707637355650857,0.7962133834953659,145,3,154,9,22.135943621178654,1791.23,2831.52,68,8
J_liot_s0,J_liot,stare,im0044,0.7632144266319835,0.8230976311569419,125,2,141,16,13.92838827718412,859.46,1471.06,79,17
J_liot_s0,J_liot,stare,im0077,0.7545616169177506,0.8426549872086326,71,7,78,7,11.180339887498949,3082.06,7243.06,39,2
J_liot_s0,J_liot,stare,im0081,0.7469293924466338,0.831471223903608,97,7,100,3,13.0,3164.67,4825.14,67,9
J_liot_s0,J_liot,stare,im0082,0.7581800154235981,0.8271108655144168,88,10,96,8,10.770329614269007,2623.23,6053.12,64,4
J_liot_s0,J_liot,stare,im0139,0.7634612248993465,0.8272730467400767,112,7,116,4,11.180339887498949,1680.44,8206.02,98,19
J_liot_s0,J_liot,stare,im0162,0.7568491819842226,0.834163961508226,97,16,101,4,8.06225774829855,8665.49,10366.0,81,5
J_liot_s0,J_liot,stare,im0163,0.7673096796417499,0.8437164702262953,70,1,71,1,12.980624847486148,6272.05,8302.0,40,6
J_liot_s0,J_liot,stare,im0235,0.7853870660186498,0.8548795224059023,95,3,104,9,8.0,1810.16,7740.86,89,11
J_liot_s0,J_liot,stare,im0236,0.7987198644562366,0.8672757020194696,79,8,82,3,9.0,1991.42,7869.82,85,8
J_liot_s0,J_liot,stare,im0239,0.7801895368675359,0.8508931207117298,97,18,100,3,8.06225774829855,2198.39,8654.32,157,1
J_liot_s0,J_liot,stare,im0240,0.7304352086625265,0.8170248811426333,93,20,100,7,18.35755975068582,1561.65,3646.87,83,10
J_liot_s0,J_liot,stare,im0255,0.8298178837032265,0.8611536573024662,100,26,103,3,7.0710678118654755,8428.07,10587.03,136,5
J_liot_s0,J_liot,stare,im0291,0.8223643307576162,0.8584808548856024,58,6,63,5,10.0,2098.49,4590.45,101,9
J_liot_s0,J_liot,stare,im0319,0.7412560935207535,0.7915256700592108,119,13,126,7,30.727771420812765,714.18,2075.24,86,11
J_liot_s0,J_liot,stare,im0324,0.6716662419454658,0.739757485591426,112,1,117,5,22.388561094809482,271.6,3671.72,103,15
J_liot_s1,J_liot,stare,im0001,0.7255367309143288,0.7971570215773437,141,7,145,4,15.620499351813308,1057.7,7318.51,123,20
J_liot_s1,J_liot,stare,im0002,0.8078751072678064,0.8569600861578492,114,12,116,2,9.486832980505138,3242.67,7020.85,112,13
J_liot_s1,J_liot,stare,im0003,0.7602849449538157,0.8044967443609929,125,10,134,9,18.681541692269406,1232.63,4712.73,90,13
J_liot_s1,J_liot,stare,im0004,0.7470956794152199,0.8090895696074624,104,10,115,11,21.840329667841555,481.99,2264.78,94,15
J_liot_s1,J_liot,stare,im0005,0.7699857453321804,0.7845807591987182,157,1,166,9,23.769728648009426,1164.37,2831.52,73,8
J_liot_s1,J_liot,stare,im0044,0.7494478386828443,0.8024843563429942,137,3,153,16,19.235384061671343,854.91,1471.06,89,18
J_liot_s1,J_liot,stare,im0077,0.7487255734919286,0.8200297763812013,72,6,79,7,13.152946437965905,6487.27,7243.06,41,1
J_liot_s1,J_liot,stare,im0081,0.7444206345058276,0.8187377494508334,92,7,95,3,16.0312195418814,2521.85,4825.14,47,3
J_liot_s1,J_liot,stare,im0082,0.7571433829393073,0.8145181040731493,107,11,115,8,12.206555615733702,2630.09,6053.12,71,7
J_liot_s1,J_liot,stare,im0139,0.7579847555307678,0.8159208611340936,127,12,131,4,13.0,1832.3,8206.02,110,15
J_liot_s1,J_liot,stare,im0162,0.7628219426112285,0.8348584989791121,77,20,81,4,8.54400374531753,8605.2,10366.0,81,6
J_liot_s1,J_liot,stare,im0163,0.7632411067193676,0.8353117020009034,94,5,95,1,14.317821063276353,6244.99,8302.0,40,3
J_liot_s1,J_liot,stare,im0235,0.7776591706993073,0.842722891553127,98,8,107,9,9.219544457292887,1671.74,7740.86,96,5
J_liot_s1,J_liot,stare,im0236,0.7899404803914649,0.8440160869409454,100,18,103,3,12.165525060596439,2446.84,7869.82,85,9
J_liot_s1,J_liot,stare,im0239,0.7782020044711261,0.8337698130780324,97,22,100,3,11.045361017187261,2189.27,8654.32,155,3
J_liot_s1,J_liot,stare,im0240,0.726445506854981,0.8143940465966791,116,20,123,7,16.64331697709324,751.02,3646.87,99,11
J_liot_s1,J_liot,stare,im0255,0.8305346026665411,0.8552980871600667,94,30,97,3,8.06225774829855,8025.97,10587.03,146,8
J_liot_s1,J_liot,stare,im0291,0.8110310799797352,0.8443497263192454,78,7,83,5,19.235384061671343,2134.39,4590.45,103,5
J_liot_s1,J_liot,stare,im0319,0.7297542374851775,0.759403435245746,129,13,136,7,35.855259080494115,702.09,2075.24,95,7
J_liot_s1,J_liot,stare,im0324,0.6718537048218752,0.7212853611645151,132,3,137,5,28.792360097775937,269.71,3671.72,91,14
J_liot_s2,J_liot,stare,im0001,0.7369537829056428,0.8127607067119824,130,2,134,4,12.529964086141668,1165.06,7318.51,101,14
J_liot_s2,J_liot,stare,im0002,0.81146398648981,0.8651969761527006,81,12,83,2,8.48528137423857,3411.92,7020.85,113,16
J_liot_s2,J_liot,stare,im0003,0.7495954361933407,0.8015852973652506,129,5,138,9,17.46424919657298,1727.84,4712.73,81,10
J_liot_s2,J_liot,stare,im0004,0.7552465769036649,0.8246552006092749,64,9,75,11,20.615528128088304,722.41,2264.78,79,10
J_liot_s2,J_liot,stare,im0005,0.7535331437322249,0.7677445978805971,133,31,142,9,26.0,1467.08,2831.52,58,7
J_liot_s2,J_liot,stare,im0044,0.7526037735849057,0.8193700507778625,128,9,144,16,17.08800749063506,1131.99,1471.06,59,8
J_liot_s2,J_liot,stare,im0077,0.7538508073898273,0.8326930336345744,57,8,64,7,12.806248474865697,6574.07,7243.06,34,2
J_liot_s2,J_liot,stare,im0081,0.7580591044005678,0.8429463855660805,80,5,83,3,13.892443989449804,4287.52,4825.14,46,2
J_liot_s2,J_liot,stare,im0082,0.7632027672220598,0.8303668058752812,78,6,86,8,11.0,5317.11,6053.12,57,3
J_liot_s2,J_liot,stare,im0139,0.7586483334952872,0.8343503123923808,105,4,109,4,11.045361017187261,2127.66,8206.02,88,12
J_liot_s2,J_liot,stare,im0162,0.7626793884174715,0.8479118334945726,89,23,93,4,7.0,8715.87,10366.0,76,2
J_liot_s2,J_liot,stare,im0163,0.7660869458940859,0.8520800788668736,78,3,79,1,12.529964086141668,7155.89,8302.0,30,5
J_liot_s2,J_liot,stare,im0235,0.7976128517400507,0.8645038398013188,76,12,85,9,7.0,2697.17,7740.86,82,6
J_liot_s2,J_liot,stare,im0236,0.8107828486032878,0.8634456249798423,87,21,90,3,10.63014581273465,6036.78,7869.82,76,7
J_liot_s2,J_liot,stare,im0239,0.7982328393278916,0.8520911192726325,76,17,79,3,9.055385138137417,2944.35,8654.32,144,2
J_liot_s2,J_liot,stare,im0240,0.7647677455185697,0.8382593608932413,101,17,108,7,14.7648230602334,1761.98,3646.87,89,13
J_liot_s2,J_liot,stare,im0255,0.8324836295603367,0.8713950265922769,80,27,83,3,6.4031242374328485,8390.93,10587.03,124,4
J_liot_s2,J_liot,stare,im0291,0.8263324250681199,0.8613535615734537,52,5,57,5,12.649110640673518,2771.77,4590.45,79,6
J_liot_s2,J_liot,stare,im0319,0.7394427565416049,0.7915361477661739,96,11,103,7,28.071337695236398,619.11,2075.24,92,11
J_liot_s2,J_liot,stare,im0324,0.6892741281427412,0.7606394684249429,122,6,127,5,24.596747752497688,278.86,3671.72,95,14
A_dice_s0,A_dice,hrf,11_dr,0.6507984314661021,0.674739354968449,576,133,607,31,13.92838827718412,278.08,18959.52,1216,149
A_dice_s0,A_dice,hrf,11_g,0.6762914205792087,0.7021411119228549,303,66,358,55,12.165525060596439,421.37,35743.87,1122,106
A_dice_s0,A_dice,hrf,11_h,0.7210702223576176,0.7552982396491759,562,245,573,11,14.317821063276353,362.06,31009.38,915,113
A_dice_s0,A_dice,hrf,12_dr,0.5759599597058846,0.5583282956821108,600,5,720,120,23.345235059857504,138.88,33778.98,1075,160
A_dice_s0,A_dice,hrf,12_g,0.6787192306772242,0.7125774329982709,432,87,439,7,12.529964086141668,429.84,39733.55,1230,128
A_dice_s0,A_dice,hrf,12_h,0.7506918547846682,0.7860193264640406,589,212,604,15,12.0,509.93,16378.01,926,110
A_dice_s0,A_dice,hrf,13_dr,0.6072756934389184,0.5824632928703248,813,121,854,41,18.24828759089466,72.56,31177.26,1073,197
A_dice_s0,A_dice,hrf,13_g,0.6438084098840632,0.6562847773514137,359,15,378,19,22.825424421026653,422.97,35851.81,991,135
A_dice_s0,A_dice,hrf,13_h,0.6495275514390253,0.6818419025340001,582,152,598,16,19.6468827043885,109.68,27935.47,874,156
A_dice_s0,A_dice,hrf,14_dr,0.6083500190299681,0.6167520804111327,1020,40,1096,76,15.811388300841896,313.78,37238.12,1216,205
A_dice_s0,A_dice,hrf,14_g,0.5342969765482436,0.5537857835382665,426,119,435,9,33.734255586866,66.53,35417.77,755,148
A_dice_s0,A_dice,hrf,14_h,0.6260430383431896,0.6740139524600512,568,145,584,16,26.627053911388696,185.28,14683.75,861,138
A_dice_s0,A_dice,hrf,15_dr,0.5929551130893412,0.5847076966729708,1367,266,1379,12,29.410882339705484,232.01,28328.59,1115,145
A_dice_s0,A_dice,hrf,15_g,0.6193614539294285,0.6079282575817463,368,52,397,29,29.0,212.86,32522.16,985,104
A_dice_s0,A_dice,hrf,15_h,0.664357931266822,0.7218741383262516,449,113,461,12,16.76305461424021,142.29,27100.4,795,125
A_dice_s1,A_dice,hrf,11_dr,0.6789354087371471,0.7212886662699074,534,103,565,31,8.602325267042627,393.47,18959.52,1180,139
A_dice_s1,A_dice,hrf,11_g,0.6685863288061301,0.7298587400127343,363,32,418,55,8.06225774829855,509.55,35743.87,1025,111
A_dice_s1,A_dice,hrf,11_h,0.7498250127955071,0.8010460378994908,563,210,574,11,14.317821063276353,700.97,31009.38,719,75
A_dice_s1,A_dice,hrf,12_dr,0.582865587980795,0.6025017094973041,614,19,734,120,16.64331697709324,192.66,33778.98,1195,195
A_dice_s1,A_dice,hrf,12_g,0.6674598312453571,0.724117755787323,464,88,471,7,10.04987562112089,753.16,39733.55,1118,124
A_dice_s1,A_dice,hrf,12_h,0.7555206580669284,0.8087125661018665,583,163,598,15,10.295630140987,616.42,16378.01,800,113
A_dice_s1,A_dice,hrf,13_dr,0.5994707133132429,0.6181664355832689,808,135,849,41,14.0,73.19,31177.26,1125,196
A_dice_s1,A_dice,hrf,13_g,0.6760493412536821,0.7253218681120482,427,3,446,19,9.848857801796104,644.49,35851.81,986,102
A_dice_s1,A_dice,hrf,13_h,0.6962972499900373,0.7545086318534927,627,116,643,16,14.0,167.03,27935.47,784,130
A_dice_s1,A_dice,hrf,14_dr,0.5927451248694235,0.6281533091107351,863,9,939,76,13.601470508735444,254.76,37238.12,1121,181
A_dice_s1,A_dice,hrf,14_g,0.6024424047488298,0.6558024145647497,432,99,441,9,14.7648230602334,233.42,35417.77,980,159
A_dice_s1,A_dice,hrf,14_h,0.6739378639298718,0.7430080165490851,526,103,542,16,17.69180601295413,296.66,14683.75,873,135
A_dice_s1,A_dice,hrf,15_dr,0.5964030305175955,0.6083841004284577,1089,188,1101,12,24.758836806279895,272.93,28328.59,996,148
A_dice_s1,A_dice,hrf,15_g,0.6341427468594287,0.6634871528733348,416,63,445,29,14.317821063276353,317.26,32522.16,1029,108
A_dice_s1,A_dice,hrf,15_h,0.6917040436461446,0.7752955741351653,429,94,441,12,13.0,486.3,27100.4,733,100
A_dice_s2,A_dice,hrf,11_dr,0.6496255378705538,0.689899762043289,578,84,609,31,15.811388300841896,262.02,18959.52,1137,138
A_dice_s2,A_dice,hrf,11_g,0.6646195724339398,0.7066337335100585,329,75,384,55,12.165525060596439,395.91,35743.87,1139,115
A_dice_s2,A_dice,hrf,11_h,0.7353933576813575,0.7816477388799875,565,150,576,11,15.132745950421556,534.17,31009.38,768,119
A_dice_s2,A_dice,hrf,12_dr,0.5809912835014954,0.5714137842238807,675,10,795,120,23.600847442411894,108.65,33778.98,1139,168
A_dice_s2,A_dice,hrf,12_g,0.6682669543588361,0.7192641949988624,434,75,441,7,11.045361017187261,589.91,39733.55,1193,109
A_dice_s2,A_dice,hrf,12_h,0.7516638231813222,0.7977083433251075,596,130,611,15,12.529964086141668,496.53,16378.01,826,137
A_dice_s2,A_dice,hrf,13_dr,0.6054967440821624,0.6060571956304622,851,97,892,41,17.029386365926403,68.02,31177.26,1111,178
A_dice_s2,A_dice,hrf,13_g,0.6519363073537008,0.6774458216757673,344,9,363,19,20.8806130178211,609.63,35851.81,941,116
A_dice_s2,A_dice,hrf,13_h,0.662883781482492,0.7097872719656866,594,126,610,16,20.248456731316587,123.79,27935.47,852,150
A_dice_s2,A_dice,hrf,14_dr,0.6036039911968626,0.619851078809224,972,34,1048,76,15.231546211727817,309.86,37238.12,1266,208
A_dice_s2,A_dice,hrf,14_g,0.5412257735321918,0.5754087654953028,390,112,399,9,32.01562118716424,81.73,35417.77,847,162
A_dice_s2,A_dice,hrf,14_h,0.651741326731484,0.7073987498035806,463,79,479,16,25.019992006393608,350.65,14683.75,770,133
A_dice_s2,A_dice,hrf,15_dr,0.5968529724873826,0.5989464468955665,1285,187,1297,12,27.586228448267445,279.15,28328.59,996,145
A_dice_s2,A_dice,hrf,15_g,0.6132984479461598,0.6280456531842199,381,37,410,29,23.706539182259394,448.87,32522.16,1021,126
A_dice_s2,A_dice,hrf,15_h,0.6858531035445058,0.7518291762222546,487,109,499,12,17.804493814764857,394.64,27100.4,769,126
A_dice_s3,A_dice,hrf,11_dr,0.6803502682863583,0.7120828328164212,663,128,694,31,9.848857801796104,673.27,18959.52,1259,161
A_dice_s3,A_dice,hrf,11_g,0.6788237843151839,0.7265619594998537,382,39,437,55,8.06225774829855,517.53,35743.87,1153,117
A_dice_s3,A_dice,hrf,11_h,0.7532593808773729,0.8042988050095271,594,121,605,11,13.0,674.39,31009.38,833,90
A_dice_s3,A_dice,hrf,12_dr,0.5922861763866426,0.5927571428386911,659,4,779,120,15.556349186104045,156.25,33778.98,1157,203
A_dice_s3,A_dice,hrf,12_g,0.6900650330972012,0.7344422849221924,447,38,454,7,8.48528137423857,527.08,39733.55,1213,132
A_dice_s3,A_dice,hrf,12_h,0.7735412465047399,0.8159325671923984,612,142,627,15,9.848857801796104,702.58,16378.01,860,105
A_dice_s3,A_dice,hrf,13_dr,0.6272121360043558,0.620310572495677,817,72,858,41,12.727922061357855,83.3,31177.26,1080,191
A_dice_s3,A_dice,hrf,13_g,0.6839996913168843,0.7154038798371697,464,15,483,19,10.63014581273465,639.61,35851.81,1083,128
A_dice_s3,A_dice,hrf,13_h,0.6902126218226048,0.7413217563948158,697,127,713,16,15.524174696260024,182.52,27935.47,903,142
A_dice_s3,A_dice,hrf,14_dr,0.6228363522246957,0.6444251864076103,769,1,845,76,12.083045973594572,330.33,37238.12,1134,185
A_dice_s3,A_dice,hrf,14_g,0.6043876227815658,0.643587942624384,573,118,582,9,17.46424919657298,238.67,35417.77,905,175
A_dice_s3,A_dice,hrf,14_h,0.6791999848768407,0.7472031482433796,567,74,583,16,15.811388300841896,288.3,14683.75,964,151
A_dice_s3,A_dice,hrf,15_dr,0.6094900849858357,0.6156020123129459,1070,178,1082,12,24.413111231467404,282.67,28328.59,1021,141
A_dice_s3,A_dice,hrf,15_g,0.6467494480460125,0.6566131877286769,429,41,458,29,14.866068747318506,268.15,32522.16,1092,135
A_dice_s3,A_dice,hrf,15_h,0.6935132947537003,0.7675274592774165,563,83,575,12,12.806248474865697,379.51,27100.4,825,122
A_dice_s4,A_dice,hrf,11_dr,0.6623429266315363,0.6921970828322417,671,75,702,31,14.866068747318506,409.14,18959.52,1154,161
A_dice_s4,A_dice,hrf,11_g,0.6729135423975101,0.7133897236559072,384,15,439,55,14.035668847618199,523.54,35743.87,1123,111
A_dice_s4,A_dice,hrf,11_h,0.7351647810118473,0.7798595283527332,620,109,631,11,15.652475842498529,753.26,31009.38,777,108
A_dice_s4,A_dice,hrf,12_dr,0.575740388924805,0.5620911418672369,682,19,802,120,23.430749027719962,145.67,33778.98,1072,160
A_dice_s4,A_dice,hrf,12_g,0.674805757995543,0.7172233729977762,571,11,578,7,12.206555615733702,691.39,39733.55,1167,120
A_dice_s4,A_dice,hrf,12_h,0.7563543945339856,0.8043411443623043,682,133,697,15,11.704699910719626,620.14,16378.01,787,109
A_dice_s4,A_dice,hrf,13_dr,0.6178933484655614,0.613286875939867,839,78,880,41,17.029386365926403,86.96,31177.26,1004,169
A_dice_s4,A_dice,hrf,13_g,0.6553629334468226,0.6769337039956733,448,30,467,19,19.72308292331602,437.67,35851.81,932,127
A_dice_s4,A_dice,hrf,13_h,0.6605023542729644,0.7077135148964143,637,129,653,16,20.591260281974,135.32,27935.47,832,135
A_dice_s4,A_dice,hrf,14_dr,0.5997253911481023,0.6188028218165893,892,69,968,76,14.866068747318506,417.24,37238.12,1056,179
A_dice_s4,A_dice,hrf,14_g,0.5337228892538014,0.563426564346759,456,103,465,9,33.83784863137726,126.23,35417.77,790,147
A_dice_s4,A_dice,hrf,14_h,0.6499802064516987,0.7004350320365066,628,123,644,16,27.202941017470888,199.49,14683.75,824,116
A_dice_s4,A_dice,hrf,15_dr,0.6031349443563485,0.6095559273784044,1214,107,1226,12,24.839484696748443,472.05,28328.59,889,145
A_dice_s4,A_dice,hrf,15_g,0.6279746467578236,0.6339495839462649,459,2,488,29,29.0,390.21,32522.16,952,124
A_dice_s4,A_dice,hrf,15_h,0.6747224812677106,0.7440899137065579,562,64,574,12,16.1245154965971,339.6,27100.4,770,126
A_dice_s5,A_dice,hrf,11_dr,0.6714742304652148,0.7136918434183174,544,119,575,31,11.40175425099138,342.34,18959.52,1195,146
A_dice_s5,A_dice,hrf,11_g,0.6907251286435617,0.7359759812593156,300,46,355,55,11.661903789690601,577.98,35743.87,1048,98
A_dice_s5,A_dice,hrf,11_h,0.7489925855422297,0.7994561576422191,520,159,531,11,13.892443989449804,655.83,31009.38,749,103
A_dice_s5,A_dice,hrf,12_dr,0.60295009555197,0.5990863491775835,561,2,681,120,20.09975124224178,153.27,33778.98,1114,180
A_dice_s5,A_dice,hrf,12_g,0.6966239882266372,0.7424721910256376,388,59,395,7,10.63014581273465,767.71,39733.55,1128,119
A_dice_s5,A_dice,hrf,12_h,0.765599739745656,0.8119938547833103,582,137,597,15,11.0,653.84,16378.01,793,117
A_dice_s5,A_dice,hrf,13_dr,0.6298653259377311,0.6351232987889459,807,90,848,41,14.866068747318506,90.79,31177.26,1068,177
A_dice_s5,A_dice,hrf,13_g,0.6635043872083979,0.6985598932666178,371,23,390,19,18.0,868.75,35851.81,933,110
A_dice_s5,A_dice,hrf,13_h,0.688355165110989,0.7423976693773071,558,97,574,16,19.1049731745428,179.27,27935.47,765,137
A_dice_s5,A_dice,hrf,14_dr,0.6236011909604152,0.6389045588407386,786,21,862,76,14.035668847618199,431.38,37238.12,1082,179
A_dice_s5,A_dice,hrf,14_g,0.5650288607019863,0.6075467424826823,452,109,461,9,31.144823004794873,135.74,35417.77,773,169
A_dice_s5,A_dice,hrf,14_h,0.6688041080580889,0.7309945849502091,486,85,502,16,22.360679774997898,299.69,14683.75,829,140
A_dice_s5,A_dice,hrf,15_dr,0.6090366769774636,0.6220142514297627,1073,175,1085,12,25.0,290.74,28328.59,934,134
A_dice_s5,A_dice,hrf,15_g,0.6375425590433698,0.6472026818016061,336,27,365,29,28.460498941515414,380.43,32522.16,929,115
A_dice_s5,A_dice,hrf,15_h,0.7094535452957152,0.7787970472355051,459,98,471,12,15.0,412.43,27100.4,742,124
B_cldice_s0,B_cldice,hrf,11_dr,0.6596733614771225,0.7059594703022767,522,209,553,31,12.649110640673518,252.6,18959.52,1214,140
B_cldice_s0,B_cldice,hrf,11_g,0.6786495219337849,0.7375268811497617,255,86,310,55,11.045361017187261,519.26,35743.87,1041,101
B_cldice_s0,B_cldice,hrf,11_h,0.7201292198717985,0.7710622509442071,556,189,567,11,16.0312195418814,451.57,31009.38,852,94
B_cldice_s0,B_cldice,hrf,12_dr,0.5850452360335613,0.5933492822540583,557,22,677,120,18.601075237738275,203.18,33778.98,1103,198
B_cldice_s0,B_cldice,hrf,12_g,0.6810462541165131,0.7478177383542812,338,104,345,7,10.198039027185569,657.38,39733.55,1132,123
B_cldice_s0,B_cldice,hrf,12_h,0.7459357879351317,0.79932715908728,578,157,593,15,12.206555615733702,888.41,16378.01,831,114
B_cldice_s0,B_cldice,hrf,13_dr,0.619812701199883,0.6274407943525891,656,163,697,41,16.278820596099706,112.37,31177.26,1078,180
B_cldice_s0,B_cldice,hrf,13_g,0.6642940886733681,0.710838691013925,391,1,410,19,14.035668847618199,1052.75,35851.81,936,122
B_cldice_s0,B_cldice,hrf,13_h,0.6761636194607995,0.7369127975392649,579,141,595,16,18.681541692269406,166.01,27935.47,869,141
B_cldice_s0,B_cldice,hrf,14_dr,0.6179022947686507,0.6455513643252977,696,17,772,76,13.45362404707371,323.69,37238.12,1176,205
B_cldice_s0,B_cldice,hrf,14_g,0.5732312816047176,0.6229082325511583,407,92,416,9,22.847319317591726,188.13,35417.77,873,153
B_cldice_s0,B_cldice,hrf,14_h,0.6555559100334981,0.7330472226143414,458,141,474,16,21.540659228538015,268.29,14683.75,865,139
B_cldice_s0,B_cldice,hrf,15_dr,0.5959889491456052,0.6120220354950543,1010,289,1022,12,27.65863337187866,408.81,28328.59,976,139
B_cldice_s0,B_cldice,hrf,15_g,0.6367413811133963,0.6565701049593732,324,110,353,29,21.0,326.72,32522.16,1085,117
B_cldice_s0,B_cldice,hrf,15_h,0.6887054028584356,0.7591608086288814,393,112,405,12,16.5105793589028,254.67,27100.4,728,109
B_cldice_s1,B_cldice,hrf,11_dr,0.6772511052661033,0.7227843110125198,639,155,670,31,10.63014581273465,371.25,18959.52,1205,163
B_cldice_s1,B_cldice,hrf,11_g,0.6644575755544276,0.7281830664976532,366,37,421,55,9.219544457292887,444.71,35743.87,1111,119
B_cldice_s1,B_cldice,hrf,11_h,0.7457023060796646,0.8021404272835301,547,210,558,11,15.811388300841896,846.01,31009.38,667,96
B_cldice_s1,B_cldice,hrf,12_dr,0.5870835637526716,0.5970503211874378,594,72,714,120,19.1049731745428,142.41,33778.98,1157,172
B_cldice_s1,B_cldice,hrf,12_g,0.6695616930114064,0.7344126065042873,471,65,478,7,9.848857801796104,499.49,39733.55,1179,127
B_cldice_s1,B_cldice,hrf,12_h,0.7522988264826783,0.8021882001868339,633,171,648,15,14.0,686.75,16378.01,782,120
B_cldice_s1,B_cldice,hrf,13_dr,0.5975208248470603,0.6151110860595552,810,158,851,41,16.492422502470642,98.55,31177.26,1062,189
B_cldice_s1,B_cldice,hrf,13_g,0.6615099954896885,0.7103189149259378,424,32,443,19,13.038404810405298,570.76,35851.81,995,126
B_cldice_s1,B_cldice,hrf,13_h,0.6959557222098687,0.7584231098102442,570,164,586,16,17.029386365926403,259.95,27935.47,803,132
B_cldice_s1,B_cldice,hrf,14_dr,0.6117331536982067,0.647847511809703,881,15,957,76,14.0,367.03,37238.12,1117,187
B_cldice_s1,B_cldice,hrf,14_g,0.5493310936468895,0.6085039596741759,488,106,497,9,21.470910553583888,150.97,35417.77,866,155
B_cldice_s1,B_cldice,hrf,14_h,0.6749438498312358,0.7478819320962474,564,138,580,16,19.209372712298546,445.0,14683.75,785,142
B_cldice_s1,B_cldice,hrf,15_dr,0.5911252931144745,0.6121666524019365,1092,249,1104,12,29.068883707497267,289.79,28328.59,964,134
B_cldice_s1,B_cldice,hrf,15_g,0.633108345637348,0.6608464903793463,416,64,445,29,18.0,640.4,32522.16,1041,134
B_cldice_s1,B_cldice,hrf,15_h,0.6845608790722134,0.7657866810412985,522,115,534,12,16.0,368.56,27100.4,771,131
B_cldice_s2,B_cldice,hrf,11_dr,0.6909565280277259,0.7287799142059668,387,155,418,31,11.045361017187261,510.31,18959.52,1184,107
B_cldice_s2,B_cldice,hrf,11_g,0.7092504613330284,0.7492550096708803,146,108,201,55,9.219544457292887,963.82,35743.87,1040,77
B_cldice_s2,B_cldice,hrf,11_h,0.7805290253478978,0.8252613132125752,337,207,348,11,11.180339887498949,756.11,31009.38,715,66
B_cldice_s2,B_cldice,hrf,12_dr,0.6102724622238008,0.6135230690371902,409,19,529,120,20.09975124224178,283.28,33778.98,1143,163
B_cldice_s2,B_cldice,hrf,12_g,0.6951242097105524,0.7435753381647054,291,70,298,7,10.0,848.68,39733.55,1149,97
B_cldice_s2,B_cldice,hrf,12_h,0.7939652204878628,0.830263503747072,409,215,424,15,10.198039027185569,941.66,16378.01,764,93
B_cldice_s2,B_cldice,hrf,13_dr,0.6496145477494799,0.6496463847289525,517,110,558,41,15.811388300841896,126.93,31177.26,1009,165
B_cldice_s2,B_cldice,hrf,13_g,0.6773376091465221,0.7215748702032782,253,17,272,19,14.7648230602334,836.83,35851.81,932,103
B_cldice_s2,B_cldice,hrf,13_h,0.7128988859159826,0.769871148640331,399,152,415,16,14.866068747318506,242.44,27935.47,790,109
B_cldice_s2,B_cldice,hrf,14_dr,0.6459752887388692,0.6686686195187809,574,30,650,76,13.038404810405298,551.44,37238.12,1165,172
B_cldice_s2,B_cldice,hrf,14_g,0.6129071097465535,0.6473355193506064,301,101,310,9,24.515301344262525,388.7,35417.77,777,127
B_cldice_s2,B_cldice,hrf,14_h,0.7103836403992868,0.7725792207508977,341,173,357,16,17.0,780.4,14683.75,871,114
B_cldice_s2,B_cldice,hrf,15_dr,0.6157740033679464,0.6297699305578122,848,207,860,12,26.627053911388696,488.68,28328.59,1007,125
B_cldice_s2,B_cldice,hrf,15_g,0.6677437755969927,0.6815833430849496,198,23,227,29,19.79898987322333,499.1,32522.16,992,92
B_cldice_s2,B_cldice,hrf,15_h,0.7259864165588615,0.7887714114432125,316,108,328,12,14.317821063276353,657.93,27100.4,712,98
B_cldice_s3,B_cldice,hrf,11_dr,0.6845510430313413,0.7278424666194978,453,99,484,31,12.649110640673518,494.33,18959.52,1111,133
B_cldice_s3,B_cldice,hrf,11_g,0.6888205741471309,0.7366929839386724,234,23,289,55,12.041594578792296,715.71,35743.87,988,90
B_cldice_s3,B_cldice,hrf,11_h,0.7683434491974872,0.8197240385034134,418,129,429,11,13.892443989449804,1394.19,31009.38,720,95
B_cldice_s3,B_cldice,hrf,12_dr,0.6040299709527572,0.6073324636068445,426,33,546,120,21.470910553583888,269.69,33778.98,1124,163
B_cldice_s3,B_cldice,hrf,12_g,0.6948843801982054,0.7487658153470463,279,48,286,7,12.649110640673518,866.82,39733.55,1067,101
B_cldice_s3,B_cldice,hrf,12_h,0.7824524188321254,0.8297673892811069,465,125,480,15,12.041594578792296,1004.68,16378.01,716,110
B_cldice_s3,B_cldice,hrf,13_dr,0.6384073488350976,0.6444927827008443,540,117,581,41,18.422795133464955,103.25,31177.26,967,154
B_cldice_s3,B_cldice,hrf,13_g,0.6737598513065558,0.7101062122261109,290,37,309,19,18.0,1359.61,35851.81,890,105
B_cldice_s3,B_cldice,hrf,13_h,0.7162083271227704,0.7737596945685785,465,115,481,16,16.0,276.66,27935.47,775,126
B_cldice_s3,B_cldice,hrf,14_dr,0.6336176009192969,0.6605932744806644,684,0,760,76,13.601470508735444,405.7,37238.12,1088,180
B_cldice_s3,B_cldice,hrf,14_g,0.5929639373716632,0.6306716274775656,308,100,317,9,28.0178514522438,243.0,35417.77,803,135
B_cldice_s3,B_cldice,hrf,14_h,0.6967838159460532,0.7648830876476796,411,105,427,16,20.8806130178211,407.17,14683.75,755,117
B_cldice_s3,B_cldice,hrf,15_dr,0.6206427997005075,0.6352048661750576,932,184,944,12,25.059928172283335,417.58,28328.59,995,137
B_cldice_s3,B_cldice,hrf,15_g,0.6584274785234995,0.6680160646491228,234,33,263,29,24.08318915758459,639.53,32522.16,952,82
B_cldice_s3,B_cldice,hrf,15_h,0.7071907566513971,0.7822771346140166,351,78,363,12,15.231546211727817,689.04,27100.4,671,96
B_cldice_s4,B_cldice,hrf,11_dr,0.6905800379081589,0.7397930618473273,557,184,588,31,10.44030650891055,996.02,18959.52,1151,128
B_cldice_s4,B_cldice,hrf,11_g,0.686059553971742,0.7461309704647375,389,78,444,55,9.219544457292887,769.12,35743.87,1013,101
B_cldice_s4,B_cldice,hrf,11_h,0.7670384238568801,0.8101765509652922,649,246,660,11,14.866068747318506,950.28,31009.38,697,84
B_cldice_s4,B_cldice,hrf,12_dr,0.5992999958083581,0.6094333312825476,762,31,882,120,18.681541692269406,312.48,33778.98,1170,162
B_cldice_s4,B_cldice,hrf,12_g,0.683847780834761,0.7447700886076246,567,94,574,7,9.433981132056603,994.65,39733.55,1155,142
B_cldice_s4,B_cldice,hrf,12_h,0.7820040222406246,0.8179879748247215,639,236,654,15,13.92838827718412,826.11,16378.01,735,96
B_cldice_s4,B_cldice,hrf,13_dr,0.6205765157508303,0.6411158835994436,791,150,832,41,15.524174696260024,88.17,31177.26,1101,181
B_cldice_s4,B_cldice,hrf,13_g,0.6759571424283957,0.7202677225864181,562,36,581,19,12.041594578792296,983.67,35851.81,989,119
B_cldice_s4,B_cldice,hrf,13_h,0.7204860253186635,0.772015889886649,611,164,627,16,18.439088914585774,254.42,27935.47,722,110
B_cldice_s4,B_cldice,hrf,14_dr,0.6130513587426427,0.6444486727033049,801,5,877,76,14.560219778561036,368.1,37238.12,1139,176
B_cldice_s4,B_cldice,hrf,14_g,0.6068682652521432,0.6639476519882781,546,80,555,9,16.1245154965971,207.25,35417.77,882,157
B_cldice_s4,B_cldice,hrf,14_h,0.7029319377969041,0.7733519538142621,603,118,619,16,18.681541692269406,513.21,14683.75,785,122
B_cldice_s4,B_cldice,hrf,15_dr,0.6106757793814503,0.6271859213678981,1042,213,1054,12,24.331050121192877,428.88,28328.59,993,141
B_cldice_s4,B_cldice,hrf,15_g,0.6471549507072439,0.6741277224826355,465,61,494,29,16.1245154965971,1001.7,32522.16,1028,119
B_cldice_s4,B_cldice,hrf,15_h,0.7210250018760379,0.7884267280165346,553,107,565,12,16.97056274847714,558.65,27100.4,652,96
B_cldice_s5,B_cldice,hrf,11_dr,0.6810690232079276,0.723869656461531,361,151,392,31,12.206555615733702,523.01,18959.52,1067,125
B_cldice_s5,B_cldice,hrf,11_g,0.6841262455273334,0.7357682060111743,231,90,286,55,13.038404810405298,664.44,35743.87,1008,103
B_cldice_s5,B_cldice,hrf,11_h,0.7543752266956837,0.8036029522792139,389,190,400,11,14.14918910171243,672.53,31009.38,789,95
B_cldice_s5,B_cldice,hrf,12_dr,0.6089943009761695,0.6084405942039913,471,34,591,120,20.0,263.86,33778.98,1023,182
B_cldice_s5,B_cldice,hrf,12_g,0.6845286804107383,0.7401089466279368,354,83,361,7,12.0,1022.86,39733.55,1090,112
B_cldice_s5,B_cldice,hrf,12_h,0.7789972184862918,0.8255359989499104,414,213,429,15,9.219544457292887,945.81,16378.01,835,98
B_cldice_s5,B_cldice,hrf,13_dr,0.6385518583770088,0.6424314072469909,551,168,592,41,17.029386365926403,120.24,31177.26,1013,175
B_cldice_s5,B_cldice,hrf,13_g,0.6698524843598745,0.708736019350441,295,12,314,19,18.027756377319946,1105.13,35851.81,875,110
B_cldice_s5,B_cldice,hrf,13_h,0.6935493568343275,0.7454526564608571,455,129,471,16,19.0,197.74,27935.47,777,133
B_cldice_s5,B_cldice,hrf,14_dr,0.6344100545435835,0.6587503161167,590,33,666,76,13.92838827718412,368.89,37238.12,1082,183
B_cldice_s5,B_cldice,hrf,14_g,0.5890823592743739,0.6242582574416363,306,95,315,9,35.11409973215888,172.28,35417.77,781,154
B_cldice_s5,B_cldice,hrf,14_h,0.6884739495044333,0.7474858266306591,353,166,369,16,22.360679774997898,584.67,14683.75,805,120
B_cldice_s5,B_cldice,hrf,15_dr,0.6168620290743864,0.6412512355918862,820,206,832,12,22.80350850198276,424.33,28328.59,928,126
B_cldice_s5,B_cldice,hrf,15_g,0.6427122841223645,0.655005775113214,273,57,302,29,30.083217912982647,712.3,32522.16,910,111
B_cldice_s5,B_cldice,hrf,15_h,0.712800797380037,0.7801638732753562,353,157,365,12,13.892443989449804,347.95,27100.4,751,108
C_boundary_s0,C_boundary,hrf,11_dr,0.6994766666286614,0.7272661550142078,491,117,522,31,11.661903789690601,569.28,18959.52,1162,120
C_boundary_s0,C_boundary,hrf,11_g,0.70012786688895,0.7380443576825129,271,13,326,55,10.04987562112089,888.89,35743.87,1066,96
C_boundary_s0,C_boundary,hrf,11_h,0.7711809125786372,0.8191049050488686,448,140,459,11,12.649110640673518,905.39,31009.38,685,99
C_boundary_s0,C_boundary,hrf,12_dr,0.6045203438751126,0.5925477150593412,541,15,661,120,19.1049731745428,153.48,33778.98,1134,165
C_boundary_s0,C_boundary,hrf,12_g,0.7038241799836765,0.734400758947292,374,94,381,7,10.63014581273465,791.21,39733.55,1195,114
C_boundary_s0,C_boundary,hrf,12_h,0.7918573790356209,0.8325179958639176,475,139,490,15,9.219544457292887,704.05,16378.01,778,95
C_boundary_s0,C_boundary,hrf,13_dr,0.631165242079193,0.6286958774645234,656,74,697,41,17.72004514666935,100.7,31177.26,1062,179
C_boundary_s0,C_boundary,hrf,13_g,0.6864967085234558,0.7160693039209651,288,6,307,19,15.264337522473747,1810.41,35851.81,901,116
C_boundary_s0,C_boundary,hrf,13_h,0.7151555228387129,0.7625789091915444,473,118,489,16,15.0,228.83,27935.47,763,140
C_boundary_s0,C_boundary,hrf,14_dr,0.6315278401989312,0.6448487591955523,749,9,825,76,14.0,400.17,37238.12,1168,174
C_boundary_s0,C_boundary,hrf,14_g,0.5911353326612904,0.6266892559585293,352,108,361,9,24.388503268388643,171.64,35417.77,847,142
C_boundary_s0,C_boundary,hrf,14_h,0.6837704626622065,0.7419502625013142,426,129,442,16,18.985516278555576,378.96,14683.75,830,133
C_boundary_s0,C_boundary,hrf,15_dr,0.6216171135482257,0.6193300686809486,1051,228,1063,12,25.944170185080388,312.87,28328.59,988,138
C_boundary_s0,C_boundary,hrf,15_g,0.6524972900262233,0.6530763324428477,319,61,348,29,22.02271554554524,652.9,32522.16,930,107
C_boundary_s0,C_boundary,hrf,15_h,0.7171856413127143,0.781066993601813,359,79,371,12,11.661903789690601,366.12,27100.4,772,111
C_boundary_s1,C_boundary,hrf,11_dr,0.6562111784095364,0.7201415765077334,649,73,680,31,13.0,410.93,18959.52,1011,159
C_boundary_s1,C_boundary,hrf,11_g,0.6545783543657863,0.7347448608186189,392,40,447,55,11.180339887498949,699.08,35743.87,938,114
C_boundary_s1,C_boundary,hrf,11_h,0.7438055306252165,0.7990920151417988,558,129,569,11,16.76305461424021,915.66,31009.38,617,87
C_boundary_s1,C_boundary,hrf,12_dr,0.5679337516416169,0.5971916239337502,742,19,862,120,19.313207915827967,141.0,33778.98,1102,197
C_boundary_s1,C_boundary,hrf,12_g,0.6516938417847082,0.7269602235707529,556,61,563,7,11.0,919.46,39733.55,1074,139
C_boundary_s1,C_boundary,hrf,12_h,0.7535890923673305,0.8100015221196589,617,119,632,15,14.142135623730951,812.25,16378.01,676,116
C_boundary_s1,C_boundary,hrf,13_dr,0.5920233751487164,0.6325490913469086,878,104,919,41,17.08800749063506,108.9,31177.26,1049,184
C_boundary_s1,C_boundary,hrf,13_g,0.6480473486936391,0.7081986969725023,472,24,491,19,14.866068747318506,1584.91,35851.81,890,123
C_boundary_s1,C_boundary,hrf,13_h,0.6720441546027781,0.7374955360740549,630,128,646,16,18.788294228055936,157.82,27935.47,694,159
C_boundary_s1,C_boundary,hrf,14_dr,0.5903473836500479,0.6314343736789153,879,57,955,76,14.0,435.75,37238.12,1110,214
C_boundary_s1,C_boundary,hrf,14_g,0.5561578159831435,0.6258558997490208,458,95,467,9,24.758836806279895,253.21,35417.77,762,146
C_boundary_s1,C_boundary,hrf,14_h,0.6687182883851134,0.7396101756418982,562,84,578,16,23.194827009486403,370.9,14683.75,720,151
C_boundary_s1,C_boundary,hrf,15_dr,0.5836669169979537,0.6008539098386396,1204,180,1216,12,26.0,440.65,28328.59,956,153
C_boundary_s1,C_boundary,hrf,15_g,0.6102733745882336,0.6541013913516769,412,63,441,29,22.20360331117452,492.66,32522.16,934,124
C_boundary_s1,C_boundary,hrf,15_h,0.6929129643507119,0.7754764731748148,534,54,546,12,16.55294535724685,508.57,27100.4,620,121
C_boundary_s2,C_boundary,hrf,11_dr,0.666839008369344,0.7108675446454513,523,56,554,31,12.165525060596439,513.79,18959.52,1165,153
C_boundary_s2,C_boundary,hrf,11_g,0.685983445553069,0.7277768095161038,231,18,286,55,10.0,728.62,35743.87,1091,84
C_boundary_s2,C_boundary,hrf,11_h,0.7569416690189853,0.8055982803703697,471,132,482,11,13.92838827718412,780.52,31009.38,708,98
C_boundary_s2,C_boundary,hrf,12_dr,0.5912557016678467,0.585019048387643,593,16,713,120,19.849433241279208,145.36,33778.98,1145,163
C_boundary_s2,C_boundary,hrf,12_g,0.6819638660050806,0.7323365068012889,390,62,397,7,11.180339887498949,584.84,39733.55,1135,100
C_boundary_s2,C_boundary,hrf,12_h,0.7697648242407339,0.8198438084297308,519,144,534,15,11.40175425099138,666.34,16378.01,747,100
C_boundary_s2,C_boundary,hrf,13_dr,0.6199457640508329,0.6296999779654185,753,85,794,41,16.15549442140351,80.92,31177.26,1062,182
C_boundary_s2,C_boundary,hrf,13_g,0.6735597158336258,0.7106065026597393,324,14,343,19,14.317821063276353,881.29,35851.81,981,117
C_boundary_s2,C_boundary,hrf,13_h,0.6867892617788491,0.7471846786073211,545,115,561,16,17.0,207.15,27935.47,849,148
C_boundary_s2,C_boundary,hrf,14_dr,0.6089961974427556,0.6262945275806612,876,54,952,76,13.45362404707371,307.25,37238.12,1176,195
C_boundary_s2,C_boundary,hrf,14_g,0.5802230260144366,0.6157901868080996,367,108,376,9,26.076809620810597,108.5,35417.77,797,161
C_boundary_s2,C_boundary,hrf,14_h,0.6717793085729884,0.7390849668914802,493,126,509,16,19.72308292331602,343.38,14683.75,815,139
C_boundary_s2,C_boundary,hrf,15_dr,0.5922787292730762,0.6007088293421065,1248,189,1260,12,28.0,337.73,28328.59,983,130
C_boundary_s2,C_boundary,hrf,15_g,0.6486964300928687,0.6631749833094495,332,74,361,29,22.47220505424423,378.51,32522.16,1030,110
C_boundary_s2,C_boundary,hrf,15_h,0.7032120513089372,0.7778044810685435,423,95,435,12,14.035668847618199,363.83,27100.4,751,120
D_blurpool_s0,D_blurpool,hrf,11_dr,0.6424495279414302,0.6606100595022755,511,95,542,31,16.401219466856727,378.71,18959.52,1226,152
D_blurpool_s0,D_blurpool,hrf,11_g,0.6613737667236199,0.6911231235086086,273,35,328,55,15.556349186104045,492.24,35743.87,1066,88
D_blurpool_s0,D_blurpool,hrf,11_h,0.7123005135235896,0.7549341317710555,428,139,439,11,15.811388300841896,459.51,31009.38,843,103
D_blurpool_s0,D_blurpool,hrf,12_dr,0.5843340265662091,0.5554443730498223,454,1,574,120,25.0,99.62,33778.98,997,151
D_blurpool_s0,D_blurpool,hrf,12_g,0.665616222511475,0.6964105986141825,391,69,398,7,14.422205101855956,470.65,39733.55,1162,105
D_blurpool_s0,D_blurpool,hrf,12_h,0.7278162533643975,0.7711097742587875,469,120,484,15,13.92838827718412,626.66,16378.01,840,117
D_blurpool_s0,D_blurpool,hrf,13_dr,0.612095422718823,0.5914330964115135,574,89,615,41,19.924858845171276,65.52,31177.26,1063,183
D_blurpool_s0,D_blurpool,hrf,13_g,0.6438142045056885,0.6527084626522145,307,1,326,19,23.769728648009426,429.26,35851.81,932,100
D_blurpool_s0,D_blurpool,hrf,13_h,0.6271007274781566,0.6665142171712326,452,93,468,16,26.832815729997478,114.22,27935.47,757,125
D_blurpool_s0,D_blurpool,hrf,14_dr,0.613219246031746,0.6154715783564838,689,12,765,76,15.0,257.51,37238.12,1201,188
D_blurpool_s0,D_blurpool,hrf,14_g,0.5227403368809769,0.5418397819159189,354,106,363,9,38.07886552931954,106.84,35417.77,693,133
D_blurpool_s0,D_blurpool,hrf,14_h,0.6111457625218129,0.6608337683776582,403,91,419,16,30.265491900843113,224.65,14683.75,846,115
D_blurpool_s0,D_blurpool,hrf,15_dr,0.593379476376768,0.5930893715688476,971,144,983,12,25.495097567963924,226.52,28328.59,950,148
D_blurpool_s0,D_blurpool,hrf,15_g,0.6165693946947375,0.6086859225686831,266,76,295,29,32.55764119219941,420.09,32522.16,991,99
D_blurpool_s0,D_blurpool,hrf,15_h,0.6507221747010878,0.7060517578651818,390,68,402,12,19.1049731745428,159.49,27100.4,740,117
D_blurpool_s1,D_blurpool,hrf,11_dr,0.6796594702744982,0.724515479569135,369,70,400,31,13.0,953.39,18959.52,975,122
D_blurpool_s1,D_blurpool,hrf,11_g,0.691017670157068,0.7412557667650264,226,15,281,55,12.041594578792296,1587.15,35743.87,942,94
D_blurpool_s1,D_blurpool,hrf,11_h,0.7592512117666722,0.8078237453156676,344,143,355,11,12.083045973594572,901.26,31009.38,693,83
D_blurpool_s1,D_blurpool,hrf,12_dr,0.5988826900915064,0.5904250109037233,420,32,540,120,21.93171219946131,199.69,33778.98,961,144
D_blurpool_s1,D_blurpool,hrf,12_g,0.6976320006444319,0.7417032334537961,276,59,283,7,12.806248474865697,923.4,39733.55,1003,95
D_blurpool_s1,D_blurpool,hrf,12_h,0.7793117720096967,0.8245042945178177,316,117,331,15,10.44030650891055,967.08,16378.01,721,88
D_blurpool_s1,D_blurpool,hrf,13_dr,0.605496527125962,0.6200847463530595,638,100,679,41,16.55294535724685,89.37,31177.26,1008,169
D_blurpool_s1,D_blurpool,hrf,13_g,0.6790534152268763,0.7210291991774214,251,17,270,19,18.027756377319946,1449.61,35851.81,824,106
D_blurpool_s1,D_blurpool,hrf,13_h,0.7048467799219583,0.7594704093322663,384,116,400,16,16.0312195418814,215.81,27935.47,748,134
D_blurpool_s1,D_blurpool,hrf,14_dr,0.6090905521600859,0.6332936527042323,628,29,704,76,14.317821063276353,681.02,37238.12,1112,193
D_blurpool_s1,D_blurpool,hrf,14_g,0.6104723866400903,0.6435426932676023,282,90,291,9,27.586228448267445,323.15,35417.77,710,127
D_blurpool_s1,D_blurpool,hrf,14_h,0.6721735636801929,0.7297157506175096,313,78,329,16,21.633307652783937,328.14,14683.75,787,108
D_blurpool_s1,D_blurpool,hrf,15_dr,0.6001802044682194,0.6202701004240726,838,193,850,12,24.413111231467404,417.46,28328.59,904,128
D_blurpool_s1,D_blurpool,hrf,15_g,0.6503848070042191,0.653894933714817,217,66,246,29,26.92582403567252,739.66,32522.16,883,92
D_blurpool_s1,D_blurpool,hrf,15_h,0.7019354660421222,0.7643716407750591,306,71,318,12,12.649110640673518,644.13,27100.4,707,118
D_blurpool_s2,D_blurpool,hrf,11_dr,0.6724483803255049,0.7007891346913749,571,82,602,31,12.649110640673518,413.29,18959.52,1324,134
D_blurpool_s2,D_blurpool,hrf,11_g,0.6788494902242224,0.7137749948562804,307,9,362,55,12.041594578792296,479.28,35743.87,1159,103
D_blurpool_s2,D_blurpool,hrf,11_h,0.7590153169182069,0.7952193617011553,615,143,626,11,14.142135623730951,451.88,31009.38,856,87
D_blurpool_s2,D_blurpool,hrf,12_dr,0.5898527857350756,0.5749209931405127,633,5,753,120,18.867962264113206,184.76,33778.98,1160,152
D_blurpool_s2,D_blurpool,hrf,12_g,0.6857831805967872,0.7227604282578901,477,59,484,7,10.770329614269007,606.48,39733.55,1274,117
D_blurpool_s2,D_blurpool,hrf,12_h,0.7709167398411494,0.805317074840597,674,162,689,15,11.704699910719626,935.7,16378.01,816,90
D_blurpool_s2,D_blurpool,hrf,13_dr,0.6236471902888545,0.6090595879118265,859,91,900,41,16.15549442140351,87.19,31177.26,1143,179
D_blurpool_s2,D_blurpool,hrf,13_g,0.6654887323217822,0.6894485220773618,418,21,437,19,14.866068747318506,943.25,35851.81,1108,117
D_blurpool_s2,D_blurpool,hrf,13_h,0.6825735523608731,0.7257783093261444,595,94,611,16,18.384776310850235,163.28,27935.47,850,129
D_blurpool_s2,D_blurpool,hrf,14_dr,0.6197542909226286,0.630332601642766,938,4,1014,76,14.195036708596659,300.29,37238.12,1204,177
D_blurpool_s2,D_blurpool,hrf,14_g,0.5684662138005006,0.6017270074441102,436,104,445,9,27.18822677624711,178.76,35417.77,930,139
D_blurpool_s2,D_blurpool,hrf,14_h,0.6691873775028172,0.7271497261880422,500,125,516,16,23.323807579381203,280.57,14683.75,898,109
D_blurpool_s2,D_blurpool,hrf,15_dr,0.6030952340236332,0.6013872585846677,1282,175,1294,12,27.586228448267445,322.53,28328.59,1002,123
D_blurpool_s2,D_blurpool,hrf,15_g,0.6381407282848197,0.6357557393961062,368,38,397,29,24.041630560342615,321.24,32522.16,1086,115
D_blurpool_s2,D_blurpool,hrf,15_h,0.6922963337974096,0.7560116137769618,512,74,524,12,15.0,267.09,27100.4,806,104
F_gated_s0,F_gated,hrf,11_dr,0.6954213595379728,0.7311018140553875,461,101,492,31,10.63014581273465,357.52,18959.52,1234,119
F_gated_s0,F_gated,hrf,11_g,0.7098836281981917,0.7523504109767012,260,64,315,55,9.055385138137417,600.91,35743.87,1130,95
F_gated_s0,F_gated,hrf,11_h,0.7638427494564438,0.8093934873547368,468,158,479,11,12.0,593.82,31009.38,885,91
F_gated_s0,F_gated,hrf,12_dr,0.6114005606351909,0.6059167926547634,502,7,622,120,20.248456731316587,286.12,33778.98,1171,188
F_gated_s0,F_gated,hrf,12_g,0.6946666666666667,0.7402739418767612,362,73,369,7,10.295630140987,785.3,39733.55,1199,109
F_gated_s0,F_gated,hrf,12_h,0.7805238385669402,0.8214747016087806,486,161,501,15,10.770329614269007,946.5,16378.01,788,76
F_gated_s0,F_gated,hrf,13_dr,0.637365927029257,0.6450229987720383,621,83,662,41,16.401219466856727,112.04,31177.26,1044,158
F_gated_s0,F_gated,hrf,13_g,0.6894866727279748,0.7220843539883889,295,3,314,19,14.142135623730951,775.9,35851.81,996,110
F_gated_s0,F_gated,hrf,13_h,0.7093862267259144,0.7605110636335345,469,139,485,16,15.556349186104045,163.85,27935.47,904,121
F_gated_s0,F_gated,hrf,14_dr,0.6316179146822125,0.6524381973803514,725,8,801,76,14.142135623730951,375.87,37238.12,1153,167
F_gated_s0,F_gated,hrf,14_g,0.6236540185927453,0.6525431525728957,333,97,342,9,24.041630560342615,252.44,35417.77,881,146
F_gated_s0,F_gated,hrf,14_h,0.6988211875213834,0.7659120406779935,443,101,459,16,16.492422502470642,607.09,14683.75,861,103
F_gated_s0,F_gated,hrf,15_dr,0.5969075895647596,0.6037882161053215,1176,212,1188,12,30.463092423455635,266.5,28328.59,1020,148
F_gated_s0,F_gated,hrf,15_g,0.662213634341637,0.6666910128428551,294,93,323,29,18.973665961010276,626.53,32522.16,1059,104
F_gated_s0,F_gated,hrf,15_h,0.7182000808998236,0.7871869375106535,366,103,378,12,13.416407864998739,561.82,27100.4,716,87
F_gated_s1,F_gated,hrf,11_dr,0.6550734688570067,0.7116596387818456,483,94,514,31,13.341664064126334,403.25,18959.52,1049,165
F_gated_s1,F_gated,hrf,11_g,0.657500555984354,0.7276020117285036,291,25,346,55,13.152946437965905,527.4,35743.87,981,130
F_gated_s1,F_gated,hrf,11_h,0.7343889691217935,0.8020005580901952,408,168,419,11,15.524174696260024,652.62,31009.38,677,103
F_gated_s1,F_gated,hrf,12_dr,0.5689338342872526,0.5842023907588025,502,40,622,120,24.0,104.3,33778.98,1006,183
F_gated_s1,F_gated,hrf,12_g,0.6558205136615607,0.7269292864517418,380,78,387,7,13.341664064126334,1013.3,39733.55,1004,128
F_gated_s1,F_gated,hrf,12_h,0.7343135298842284,0.8007895502528058,522,113,537,15,13.038404810405298,665.96,16378.01,707,135
F_gated_s1,F_gated,hrf,13_dr,0.5856451105432389,0.6140160650948273,650,93,691,41,18.027756377319946,89.55,31177.26,1008,196
F_gated_s1,F_gated,hrf,13_g,0.6459619600423073,0.7025615481273023,279,41,298,19,19.924858845171276,1014.64,35851.81,853,124
F_gated_s1,F_gated,hrf,13_h,0.6685770216492588,0.7337329029496596,481,112,497,16,18.110770276274835,165.07,27935.47,740,157
F_gated_s1,F_gated,hrf,14_dr,0.592790149504673,0.634185559781157,703,17,779,76,15.652475842498529,443.92,37238.12,1054,185
F_gated_s1,F_gated,hrf,14_g,0.554164685997993,0.6101219516574956,332,124,341,9,31.78049716414141,162.63,35417.77,672,158
F_gated_s1,F_gated,hrf,14_h,0.6481611185262518,0.7185594868875897,412,75,428,16,23.5913010148315,309.26,14683.75,737,154
F_gated_s1,F_gated,hrf,15_dr,0.5869982977247552,0.6113040077795705,989,213,1001,12,26.570660511172846,233.46,28328.59,922,156
F_gated_s1,F_gated,hrf,15_g,0.613204630676962,0.6442474478206099,317,51,346,29,26.627053911388696,531.29,32522.16,885,131
F_gated_s1,F_gated,hrf,15_h,0.6859822451819115,0.7676247043241036,371,87,383,12,15.033296378372908,312.01,27100.4,681,138
F_gated_s2,F_gated,hrf,11_dr,0.6931122985186906,0.7315776133479209,437,134,468,31,12.529964086141668,480.25,18959.52,1171,112
F_gated_s2,F_gated,hrf,11_g,0.6949308813567826,0.7447203011009175,224,51,279,55,10.198039027185569,667.5,35743.87,1006,91
F_gated_s2,F_gated,hrf,11_h,0.7803344670279301,0.8219769664474759,405,161,416,11,13.892443989449804,876.12,31009.38,676,84
F_gated_s2,F_gated,hrf,12_dr,0.6031012210228278,0.604254587015936,465,20,585,120,21.587033144922902,259.55,33778.98,1079,145
F_gated_s2,F_gated,hrf,12_g,0.6997311767230668,0.751989324707676,354,106,361,7,10.0,937.49,39733.55,1147,115
F_gated_s2,F_gated,hrf,12_h,0.7928771722335616,0.8309723133623761,458,180,473,15,12.649110640673518,864.43,16378.01,690,83
F_gated_s2,F_gated,hrf,13_dr,0.6374233919204932,0.6392894269607249,521,95,562,41,18.110770276274835,103.39,31177.26,1016,156
F_gated_s2,F_gated,hrf,13_g,0.6886967220563871,0.7230001729370743,253,15,272,19,17.11724276862369,749.59,35851.81,930,106
F_gated_s2,F_gated,hrf,13_h,0.7177722039225167,0.7693266026841257,454,159,470,16,17.11724276862369,245.71,27935.47,732,122
F_gated_s2,F_gated,hrf,14_dr,0.6327450800973095,0.6555505366161302,693,3,769,76,14.202090186578138,539.63,37238.12,1120,192
F_gated_s2,F_gated,hrf,14_g,0.6137305520870837,0.6519077970894777,271,97,280,9,26.248809496813376,189.77,35417.77,765,144
F_gated_s2,F_gated,hrf,14_h,0.7055237038407003,0.7687330046627449,381,121,397,16,20.223748416156685,469.34,14683.75,764,123
F_gated_s2,F_gated,hrf,15_dr,0.614322436509966,0.6240108574473201,966,206,978,12,27.073972741361768,315.29,28328.59,981,131
F_gated_s2,F_gated,hrf,15_g,0.664314415299981,0.6766982516067728,231,53,260,29,21.587033144922902,759.96,32522.16,1011,99
F_gated_s2,F_gated,hrf,15_h,0.7254898011253005,0.7930586028580875,376,117,388,12,15.264337522473747,735.58,27100.4,688,99
G_focal_s0,G_focal,hrf,11_dr,0.6932604967287048,0.7412706376762511,405,149,436,31,11.0,524.05,18959.52,1105,144
G_focal_s0,G_focal,hrf,11_g,0.7009818304234626,0.7607354765451899,205,104,260,55,9.219544457292887,583.34,35743.87,974,104
G_focal_s0,G_focal,hrf,11_h,0.765508277503263,0.8188452572952427,419,166,430,11,13.601470508735444,876.66,31009.38,621,84
G_focal_s0,G_focal,hrf,12_dr,0.6008881924587848,0.6195977341590477,455,46,575,120,18.24828759089466,217.04,33778.98,1081,203
G_focal_s0,G_focal,hrf,12_g,0.6907097354503379,0.7543179073785781,314,106,321,7,9.899494936611665,924.89,39733.55,1017,129
G_focal_s0,G_focal,hrf,12_h,0.7798729990100683,0.8348019580924315,423,148,438,15,11.0,1526.19,16378.01,690,103
G_focal_s0,G_focal,hrf,13_dr,0.6343795408311538,0.6530195833015011,550,161,591,41,14.422205101855956,142.42,31177.26,1026,194
G_focal_s0,G_focal,hrf,13_g,0.68637436854821,0.7375139103284493,247,5,266,19,13.0,1631.78,35851.81,875,116
G_focal_s0,G_focal,hrf,13_h,0.7072546537000619,0.7680784849293969,467,140,483,16,17.0,294.99,27935.47,703,140
G_focal_s0,G_focal,hrf,14_dr,0.629622018116572,0.6664959839335108,590,26,666,76,14.317821063276353,433.93,37238.12,1069,213
G_focal_s0,G_focal,hrf,14_g,0.6194441239200914,0.6676758971532978,283,87,292,9,21.840329667841555,325.6,35417.77,825,147
G_focal_s0,G_focal,hrf,14_h,0.704711697679634,0.7744022712979084,386,114,402,16,18.384776310850235,497.74,14683.75,851,122
G_focal_s0,G_focal,hrf,15_dr,0.6141006688024141,0.6304258694265942,875,251,887,12,26.92582403567252,302.46,28328.59,968,148
G_focal_s0,G_focal,hrf,15_g,0.6619742793549729,0.6898106566980742,298,85,327,29,15.264337522473747,468.81,32522.16,967,126
G_focal_s0,G_focal,hrf,15_h,0.7098776862397862,0.788959918403002,328,123,340,12,14.035668847618199,444.16,27100.4,670,114
G_focal_s1,G_focal,hrf,11_dr,0.6359427297452944,0.7151875423177798,460,115,491,31,13.601470508735444,439.63,18959.52,1039,178
G_focal_s1,G_focal,hrf,11_g,0.6464306533692552,0.7410685113670922,233,16,288,55,12.206555615733702,652.3,35743.87,884,120
G_focal_s1,G_focal,hrf,11_h,0.727960540754071,0.7956295801920948,447,143,458,11,17.804493814764857,736.18,31009.38,598,94
G_focal_s1,G_focal,hrf,12_dr,0.5647376282947044,0.6054134998254115,505,107,625,120,19.0,171.24,33778.98,1033,190
G_focal_s1,G_focal,hrf,12_g,0.6331772078205132,0.7292609713310761,366,68,373,7,15.620499351813308,882.63,39733.55,869,123
G_focal_s1,G_focal,hrf,12_h,0.7253506061917625,0.7965484929426114,503,167,518,15,15.297058540778355,628.08,16378.01,642,120
G_focal_s1,G_focal,hrf,13_dr,0.5845846364528009,0.6285217794251768,657,161,698,41,17.46424919657298,92.59,31177.26,1023,212
G_focal_s1,G_focal,hrf,13_g,0.6446904638730816,0.7240157913303524,286,1,305,19,13.341664064126334,1097.37,35851.81,880,111
G_focal_s1,G_focal,hrf,13_h,0.6701338661828524,0.7530461597241751,539,135,555,16,18.973665961010276,216.34,27935.47,758,159
G_focal_s1,G_focal,hrf,14_dr,0.5874036282285153,0.642909422425053,657,4,733,76,15.132745950421556,360.24,37238.12,985,222
G_focal_s1,G_focal,hrf,14_g,0.5681074250567117,0.6440681038162547,375,100,384,9,22.80350850198276,232.19,35417.77,800,158
G_focal_s1,G_focal,hrf,14_h,0.6643042226337178,0.7486996233764032,481,102,497,16,18.601075237738275,328.08,14683.75,734,140
G_focal_s1,G_focal,hrf,15_dr,0.5666242973563629,0.6137282712629337,903,214,915,12,27.459060435491963,315.02,28328.59,824,168
G_focal_s1,G_focal,hrf,15_g,0.6186709512627199,0.672238516157022,297,102,326,29,20.0,744.64,32522.16,1001,141
G_focal_s1,G_focal,hrf,15_h,0.6840817267279482,0.7802929573982186,382,90,394,12,15.0,244.57,27100.4,651,145
G_focal_s2,G_focal,hrf,11_dr,0.6987589174436616,0.7383297151229193,453,177,484,31,10.44030650891055,504.04,18959.52,1220,135
G_focal_s2,G_focal,hrf,11_g,0.7052308194908652,0.7573875631846937,211,88,266,55,8.06225774829855,424.44,35743.87,1088,100
G_focal_s2,G_focal,hrf,11_h,0.7833484940501921,0.8269228992418814,427,203,438,11,14.035668847618199,1346.47,31009.38,663,74
G_focal_s2,G_focal,hrf,12_dr,0.6148788128130729,0.6220764787863136,518,38,638,120,17.029386365926403,214.6,33778.98,1183,184
G_focal_s2,G_focal,hrf,12_g,0.6980425346974021,0.7534184025205687,317,47,324,7,9.219544457292887,867.48,39733.55,1134,116
G_focal_s2,G_focal,hrf,12_h,0.796965131652078,0.8323576254869648,494,146,509,15,12.041594578792296,1299.18,16378.01,687,84
G_focal_s2,G_focal,hrf,13_dr,0.636534304451322,0.6487575378500774,586,159,627,41,15.033296378372908,93.5,31177.26,1071,177
G_focal_s2,G_focal,hrf,13_g,0.6923068967300433,0.7341996792744518,286,1,305,19,12.083045973594572,844.3,35851.81,992,112
G_focal_s2,G_focal,hrf,13_h,0.7255044462170227,0.7785585304148422,463,178,479,16,16.0,239.79,27935.47,738,124
G_focal_s2,G_focal,hrf,14_dr,0.6343051134365791,0.6644530034863096,707,62,783,76,13.416407864998739,454.74,37238.12,1142,206
G_focal_s2,G_focal,hrf,14_g,0.6286704783587302,0.6670673241241375,312,87,321,9,19.0,190.19,35417.77,925,165
G_focal_s2,G_focal,hrf,14_h,0.7183925082122915,0.782563158528668,424,152,440,16,17.804493814764857,578.42,14683.75,862,128
G_focal_s2,G_focal,hrf,15_dr,0.6085240854821825,0.6167784614913704,998,246,1010,12,28.82879517193097,304.59,28328.59,1010,140
G_focal_s2,G_focal,hrf,15_g,0.6754747973881053,0.6907162559916776,236,49,265,29,15.811388300841896,564.06,32522.16,1082,112
G_focal_s2,G_focal,hrf,15_h,0.7221768024397773,0.7952941682042757,375,102,387,12,13.601470508735444,893.06,27100.4,715,103
G_focal_s3,G_focal,hrf,11_dr,0.7043816781247412,0.7630711946053746,431,145,462,31,11.0,907.91,18959.52,941,130
G_focal_s3,G_focal,hrf,11_g,0.7009211084596936,0.7717232332249102,200,67,255,55,8.94427190999916,839.63,35743.87,855,100
G_focal_s3,G_focal,hrf,11_h,0.7854313339948631,0.8349650855694534,420,180,431,11,14.317821063276353,1216.11,31009.38,539,83
G_focal_s3,G_focal,hrf,12_dr,0.6211853720050441,0.6495197798063209,500,97,620,120,19.0,563.98,33778.98,1026,191
G_focal_s3,G_focal,hrf,12_g,0.7048327826160388,0.7767462427127015,332,72,339,7,9.433981132056603,1113.67,39733.55,916,111
G_focal_s3,G_focal,hrf,12_h,0.8005418640770425,0.8482069406047213,458,200,473,15,11.40175425099138,1329.73,16378.01,626,76
G_focal_s3,G_focal,hrf,13_dr,0.6564406459863451,0.6851408030012417,508,207,549,41,15.0,206.87,31177.26,914,188
G_focal_s3,G_focal,hrf,13_g,0.6814432369973082,0.7474131149187108,285,2,304,19,14.560219778561036,2564.02,35851.81,741,120
G_focal_s3,G_focal,hrf,13_h,0.7290770397721581,0.7930739590582673,497,162,513,16,17.72004514666935,302.38,27935.47,642,125
G_focal_s3,G_focal,hrf,14_dr,0.6436203421273256,0.6821564888060276,693,47,769,76,13.601470508735444,501.29,37238.12,1060,188
G_focal_s3,G_focal,hrf,14_g,0.625777080176871,0.6787447627099619,322,100,331,9,21.587033144922902,495.97,35417.77,823,184
G_focal_s3,G_focal,hrf,14_h,0.7243216359726753,0.7985152547583154,431,182,447,16,19.1049731745428,666.75,14683.75,694,115
G_focal_s3,G_focal,hrf,15_dr,0.6100189227975261,0.6417199059794472,906,281,918,12,28.460498941515414,596.32,28328.59,898,144
G_focal_s3,G_focal,hrf,15_g,0.6729662349280692,0.708738436159094,264,54,293,29,18.384776310850235,1768.88,32522.16,884,119
G_focal_s3,G_focal,hrf,15_h,0.7315430161452098,0.8109932737996659,401,135,413,12,15.811388300841896,1446.83,27100.4,582,95
G_focal_s4,G_focal,hrf,11_dr,0.6981234702202883,0.7460451257975839,504,142,535,31,12.041594578792296,1092.41,18959.52,1083,142
G_focal_s4,G_focal,hrf,11_g,0.6966058262766347,0.7647323153733547,275,72,330,55,9.848857801796104,709.6,35743.87,928,100
G_focal_s4,G_focal,hrf,11_h,0.7746661287925434,0.8229755798238191,505,181,516,11,16.401219466856727,924.7,31009.38,654,84
G_focal_s4,G_focal,hrf,12_dr,0.5981292742729807,0.6226416986754361,661,37,781,120,20.0,241.35,33778.98,1153,183
G_focal_s4,G_focal,hrf,12_g,0.6905014241239982,0.7590168001035089,443,49,450,7,9.848857801796104,1206.39,39733.55,993,132
G_focal_s4,G_focal,hrf,12_h,0.7823572860609898,0.8315605703285441,538,167,553,15,13.92838827718412,1257.52,16378.01,639,90
G_focal_s4,G_focal,hrf,13_dr,0.6327619263231622,0.6641045236772982,626,155,667,41,16.0,99.39,31177.26,1021,193
G_focal_s4,G_focal,hrf,13_g,0.6815942979138299,0.7319445476384804,435,34,454,19,14.560219778561036,834.23,35851.81,934,137
G_focal_s4,G_focal,hrf,13_h,0.7150357714739023,0.7682409076069178,569,177,585,16,20.223748416156685,292.74,27935.47,711,119
G_focal_s4,G_focal,hrf,14_dr,0.6260274918836776,0.6677655800477679,624,46,700,76,15.0,353.98,37238.12,1016,166
G_focal_s4,G_focal,hrf,14_g,0.6038656903489676,0.6556181769724572,473,93,482,9,21.213203435596427,260.5,35417.77,877,167
G_focal_s4,G_focal,hrf,14_h,0.7141126877634626,0.7824103003426254,461,118,477,16,21.400934559032695,541.42,14683.75,742,118
G_focal_s4,G_focal,hrf,15_dr,0.6141717433985647,0.641457103070793,934,220,946,12,24.73863375370596,945.45,28328.59,837,144
G_focal_s4,G_focal,hrf,15_g,0.6489806110260027,0.6817817841150767,412,72,441,29,18.027756377319946,632.26,32522.16,962,141
G_focal_s4,G_focal,hrf,15_h,0.7268801378816193,0.7938979406483229,511,143,523,12,16.492422502470642,616.97,27100.4,668,101
G_focal_s5,G_focal,hrf,11_dr,0.6544871010769975,0.7141510689089123,321,150,352,31,20.024984394500787,376.67,18959.52,932,129
G_focal_s5,G_focal,hrf,11_g,0.6559387224013487,0.7235150578755322,173,69,228,55,21.0,557.99,35743.87,835,105
G_focal_s5,G_focal,hrf,11_h,0.7171546092426808,0.7793369092726795,325,143,336,11,20.518284528683193,600.23,31009.38,624,120
G_focal_s5,G_focal,hrf,12_dr,0.5745680708062936,0.5936968906823709,321,66,441,120,29.698484809834994,172.67,33778.98,950,177
G_focal_s5,G_focal,hrf,12_g,0.669322101955819,0.7372660044589019,288,73,295,7,15.033296378372908,1163.61,39733.55,899,132
G_focal_s5,G_focal,hrf,12_h,0.7507323997543567,0.8154720088710934,324,150,339,15,12.649110640673518,645.62,16378.01,677,113
G_focal_s5,G_focal,hrf,13_dr,0.6032179096668099,0.6318678632150804,469,200,510,41,22.847319317591726,93.07,31177.26,879,177
G_focal_s5,G_focal,hrf,13_g,0.6350670137019087,0.6811690503587015,201,5,220,19,34.713109915419565,727.03,35851.81,727,101
G_focal_s5,G_focal,hrf,13_h,0.6395081468951938,0.6998140790285153,379,124,395,16,32.64965543462902,107.03,27935.47,709,156
G_focal_s5,G_focal,hrf,14_dr,0.6111123519858073,0.661360404950365,568,45,644,76,16.1245154965971,321.68,37238.12,1013,207
G_focal_s5,G_focal,hrf,14_g,0.5215195488785948,0.5605709857176123,291,114,300,9,55.94640292279746,153.09,35417.77,610,154
G_focal_s5,G_focal,hrf,14_h,0.640046991602921,0.7023709545002326,335,111,351,16,39.59797974644666,304.44,14683.75,671,132
G_focal_s5,G_focal,hrf,15_dr,0.5867450505749113,0.6349564552978778,809,223,821,12,22.825424421026653,455.41,28328.59,897,137
G_focal_s5,G_focal,hrf,15_g,0.6086816355090542,0.6372302054093735,224,72,253,29,45.35416188179427,1136.97,32522.16,740,121
G_focal_s5,G_focal,hrf,15_h,0.6660943157652739,0.7448509428441735,321,110,333,12,21.840329667841555,383.48,27100.4,584,139
H_aug_s0,H_aug,hrf,11_dr,0.7085152170649109,0.7583775995416746,402,112,433,31,12.041594578792296,1134.96,18959.52,1000,128
H_aug_s0,H_aug,hrf,11_g,0.6993934095790344,0.7616281447686316,234,74,289,55,11.40175425099138,651.32,35743.87,944,105
H_aug_s0,H_aug,hrf,11_h,0.8021788881342248,0.8388314797993295,380,140,391,11,14.866068747318506,1926.58,31009.38,502,88
H_aug_s0,H_aug,hrf,12_dr,0.6144107622099673,0.6217774506206059,391,54,511,120,23.021728866442675,178.34,33778.98,877,144
H_aug_s0,H_aug,hrf,12_g,0.6961050632135781,0.7529992381177585,349,55,356,7,12.529964086141668,1145.15,39733.55,967,108
H_aug_s0,H_aug,hrf,12_h,0.8149631782709054,0.8453141110817813,408,172,423,15,10.198039027185569,1138.57,16378.01,595,108
H_aug_s0,H_aug,hrf,13_dr,0.6461076810155002,0.6808491336266121,603,181,644,41,17.0,128.26,31177.26,984,158
H_aug_s0,H_aug,hrf,13_g,0.6971078859940549,0.7377482157557037,260,0,279,19,16.15549442140351,1165.01,35851.81,870,114
H_aug_s0,H_aug,hrf,13_h,0.7387578562378685,0.7802268683668264,405,167,421,16,16.55294535724685,278.53,27935.47,580,133
H_aug_s0,H_aug,hrf,14_dr,0.6348174572858466,0.6642366313516712,653,19,729,76,13.0,574.7,37238.12,1003,159
H_aug_s0,H_aug,hrf,14_g,0.6357277414609617,0.6709756186768503,311,95,320,9,24.041630560342615,164.37,35417.77,686,144
H_aug_s0,H_aug,hrf,14_h,0.7156619873382879,0.7658639150029156,330,158,346,16,23.0,274.05,14683.75,653,124
H_aug_s0,H_aug,hrf,15_dr,0.6412345962415351,0.653904091409397,851,210,863,12,25.0,601.19,28328.59,821,105
H_aug_s0,H_aug,hrf,15_g,0.6505005013809968,0.6771563259346046,265,77,294,29,25.479396189864296,674.9,32522.16,870,114
H_aug_s0,H_aug,hrf,15_h,0.7365186537600331,0.796694309322891,352,126,364,12,14.035668847618199,215.57,27100.4,616,140
H_aug_s1,H_aug,hrf,11_dr,0.7375803196336302,0.7910565074290573,412,218,443,31,7.615773105863909,1336.54,18959.52,1009,86
H_aug_s1,H_aug,hrf,11_g,0.7431419396878137,0.8046033845134317,167,113,222,55,6.0,1245.95,35743.87,884,51
H_aug_s1,H_aug,hrf,11_h,0.8256,0.8660093560862953,396,205,407,11,10.295630140987,2589.61,31009.38,490,60
H_aug_s1,H_aug,hrf,12_dr,0.6642926714699198,0.6735215300581161,458,62,578,120,15.620499351813308,566.26,33778.98,1028,125
H_aug_s1,H_aug,hrf,12_g,0.7264691043892167,0.7919401288266422,305,100,312,7,7.0710678118654755,1265.74,39733.55,979,87
H_aug_s1,H_aug,hrf,12_h,0.837678510966916,0.870524445851686,388,233,403,15,8.54400374531753,1970.51,16378.01,588,69
H_aug_s1,H_aug,hrf,13_dr,0.6955000699678148,0.7129658284921161,632,245,673,41,13.038404810405298,264.94,31177.26,1016,111
H_aug_s1,H_aug,hrf,13_g,0.7255624259965794,0.778598429676271,234,40,253,19,9.219544457292887,1433.25,35851.81,852,61
H_aug_s1,H_aug,hrf,13_h,0.7933583014112185,0.8469986091607141,381,229,397,16,11.40175425099138,508.64,27935.47,540,91
H_aug_s1,H_aug,hrf,14_dr,0.660949099980995,0.6948092419818179,725,121,801,76,11.0,850.49,37238.12,1173,158
H_aug_s1,H_aug,hrf,14_g,0.696916021310485,0.7344064152203893,253,85,262,9,15.264337522473747,1364.24,35417.77,763,115
H_aug_s1,H_aug,hrf,14_h,0.7781461467732906,0.835192960607648,328,187,344,16,14.7648230602334,1271.46,14683.75,627,90
H_aug_s1,H_aug,hrf,15_dr,0.652990199984065,0.6665033181358518,1008,303,1020,12,25.80697580112788,714.59,28328.59,925,100
H_aug_s1,H_aug,hrf,15_g,0.7076587815838508,0.736948144778434,199,136,228,29,13.341664064126334,1363.5,32522.16,932,85
H_aug_s1,H_aug,hrf,15_h,0.796049684895817,0.8553625706707472,321,204,333,12,9.055385138137417,2099.16,27100.4,607,69
H_aug_s2,H_aug,hrf,11_dr,0.72011295558312,0.7842222414410209,339,113,370,31,9.433981132056603,2270.05,18959.52,950,116
H_aug_s2,H_aug,hrf,11_g,0.7191336339407738,0.7906647819227947,174,65,229,55,7.810249675906654,1737.48,35743.87,866,75
H_aug_s2,H_aug,hrf,11_h,0.8097167259266602,0.855985575853251,322,205,333,11,13.601470508735444,3855.08,31009.38,460,69
H_aug_s2,H_aug,hrf,12_dr,0.6298914138824753,0.6541831189273608,368,78,488,120,18.867962264113206,406.22,33778.98,930,127
H_aug_s2,H_aug,hrf,12_g,0.6980960156487284,0.7772745208679516,295,82,302,7,9.219544457292887,1463.61,39733.55,918,94
H_aug_s2,H_aug,hrf,12_h,0.8276945530265354,0.8640794617657523,317,239,332,15,9.848857801796104,2065.4,16378.01,540,69
H_aug_s2,H_aug,hrf,13_dr,0.6801542916138406,0.7118893612543463,571,199,612,41,14.142135623730951,312.32,31177.26,965,113
H_aug_s2,H_aug,hrf,13_g,0.714700362979942,0.778062178536728,226,0,245,19,10.0,2389.34,35851.81,786,74
H_aug_s2,H_aug,hrf,13_h,0.7671801963285002,0.8271938866871478,334,202,350,16,14.866068747318506,521.14,27935.47,517,98
H_aug_s2,H_aug,hrf,14_dr,0.6417886539504165,0.6865179288473212,546,19,622,76,12.36931687685298,1053.46,37238.12,979,158
H_aug_s2,H_aug,hrf,14_g,0.6728287300776146,0.7214443205930737,277,63,286,9,16.1245154965971,655.65,35417.77,725,130
H_aug_s2,H_aug,hrf,14_h,0.7593316181829357,0.8234851543451449,284,174,300,16,16.55294535724685,1006.89,14683.75,619,99
H_aug_s2,H_aug,hrf,15_dr,0.6384317298107328,0.6667944831390551,754,205,766,12,25.568522746203804,878.19,28328.59,812,118
H_aug_s2,H_aug,hrf,15_g,0.687210774646291,0.7282053931754107,202,102,231,29,14.212670403551895,1165.19,32522.16,885,83
H_aug_s2,H_aug,hrf,15_h,0.7688744729577819,0.8398452729366119,310,128,322,12,12.206555615733702,747.11,27100.4,570,99
H_aug_s3,H_aug,hrf,11_dr,0.746031787641984,0.793158189570129,333,97,364,31,7.0710678118654755,2376.85,18959.52,991,81
H_aug_s3,H_aug,hrf,11_g,0.7476108990390944,0.8036920319930577,167,54,222,55,5.385164807134504,2059.01,35743.87,915,53
H_aug_s3,H_aug,hrf,11_h,0.8308227448576809,0.8693526843992914,316,189,327,11,10.04987562112089,2735.86,31009.38,527,60
H_aug_s3,H_aug,hrf,12_dr,0.6698178298165941,0.6778649782010548,370,84,490,120,15.811388300841896,565.29,33778.98,1082,144
H_aug_s3,H_aug,hrf,12_g,0.7401632149485979,0.7971275330893979,259,34,266,7,6.4031242374328485,1634.17,39733.55,1000,88
H_aug_s3,H_aug,hrf,12_h,0.8411254317243703,0.8728805810362305,324,185,339,15,7.810249675906654,2189.83,16378.01,571,68
H_aug_s3,H_aug,hrf,13_dr,0.7101555168253118,0.7266092926162168,495,139,536,41,11.180339887498949,279.35,31177.26,1007,107
H_aug_s3,H_aug,hrf,13_g,0.7322821306401694,0.7776774763700256,214,7,233,19,9.0,2179.91,35851.81,862,73
H_aug_s3,H_aug,hrf,13_h,0.7969255065926637,0.8488335164944054,371,220,387,16,10.816653826391969,668.85,27935.47,540,98
H_aug_s3,H_aug,hrf,14_dr,0.6822837219437786,0.7072018076295766,519,29,595,76,9.486832980505138,729.2,37238.12,1118,131
H_aug_s3,H_aug,hrf,14_g,0.7063679680243573,0.7425489053685025,238,70,247,9,14.035668847618199,1056.05,35417.77,778,112
H_aug_s3,H_aug,hrf,14_h,0.7870625189525058,0.846130781990908,307,150,323,16,13.0,1322.51,14683.75,621,81
H_aug_s3,H_aug,hrf,15_dr,0.6590676632572777,0.6727215692513487,782,207,794,12,25.298221281347036,988.07,28328.59,854,104
H_aug_s3,H_aug,hrf,15_g,0.7182764939882894,0.74279042062347,188,50,217,29,12.36931687685298,1385.96,32522.16,896,80
H_aug_s3,H_aug,hrf,15_h,0.7989687973379416,0.8618849303984356,273,144,285,12,10.198039027185569,2219.88,27100.4,538,74
H_aug_s4,H_aug,hrf,11_dr,0.7344954042050086,0.7846310650928998,456,156,487,31,8.94427190999916,2158.55,18959.52,972,98
H_aug_s4,H_aug,hrf,11_g,0.7377375735276885,0.7983140566079169,213,102,268,55,5.830951894845301,2008.52,35743.87,892,78
H_aug_s4,H_aug,hrf,11_h,0.8197365487996433,0.8549861011764498,410,235,421,11,14.142135623730951,2835.03,31009.38,467,51
H_aug_s4,H_aug,hrf,12_dr,0.6654849121368922,0.6800427529720618,476,105,596,120,15.297058540778355,547.8,33778.98,1070,165
H_aug_s4,H_aug,hrf,12_g,0.7284166984161541,0.790666428111868,357,52,364,7,6.4031242374328485,1693.18,39733.55,978,105
H_aug_s4,H_aug,hrf,12_h,0.826063778571546,0.857189907164652,424,228,439,15,10.295630140987,2118.35,16378.01,583,78
H_aug_s4,H_aug,hrf,13_dr,0.7004015370666206,0.7232494117447869,629,237,670,41,12.165525060596439,261.68,31177.26,1035,127
H_aug_s4,H_aug,hrf,13_g,0.7218943741706922,0.7729024179555843,270,16,289,19,10.0,1900.52,35851.81,920,85
H_aug_s4,H_aug,hrf,13_h,0.7862052518163313,0.8382907970691252,394,219,410,16,13.038404810405298,642.44,27935.47,551,99
H_aug_s4,H_aug,hrf,14_dr,0.6692422098886349,0.7043963307879176,610,49,686,76,10.63014581273465,1047.15,37238.12,1027,146
H_aug_s4,H_aug,hrf,14_g,0.6877107249621207,0.7307289193103784,309,63,318,9,14.0,1054.68,35417.77,876,124
H_aug_s4,H_aug,hrf,14_h,0.7673431083676509,0.8244371166722473,360,176,376,16,14.317821063276353,1124.8,14683.75,662,114
H_aug_s4,H_aug,hrf,15_dr,0.6589236771676393,0.6765432914093239,901,192,913,12,25.079872407968907,935.99,28328.59,839,110
H_aug_s4,H_aug,hrf,15_g,0.7122763493971678,0.742165180272914,223,103,252,29,11.704699910719626,2358.36,32522.16,926,85
H_aug_s4,H_aug,hrf,15_h,0.7868988940501982,0.8516709496389724,348,175,360,12,12.083045973594572,1157.88,27100.4,578,83
H_aug_s5,H_aug,hrf,11_dr,0.7261888451139004,0.7729070327801262,289,127,320,31,10.04987562112089,1143.3,18959.52,1008,108
H_aug_s5,H_aug,hrf,11_g,0.7048815031026909,0.7608420928849545,208,94,263,55,12.041594578792296,953.49,35743.87,932,84
H_aug_s5,H_aug,hrf,11_h,0.8073253266406252,0.8505689260198025,315,190,326,11,11.313708498984761,1465.03,31009.38,565,75
H_aug_s5,H_aug,hrf,12_dr,0.6157960227843601,0.6219869936111881,349,36,469,120,21.633307652783937,201.1,33778.98,939,140
H_aug_s5,H_aug,hrf,12_g,0.6938862294723724,0.7529234068151894,315,104,322,7,12.206555615733702,1195.28,39733.55,1032,109
H_aug_s5,H_aug,hrf,12_h,0.8206841195961257,0.8569517883889513,309,228,324,15,8.54400374531753,1619.54,16378.01,695,90
H_aug_s5,H_aug,hrf,13_dr,0.6641539303732856,0.6840439815359746,535,181,576,41,15.297058540778355,117.16,31177.26,999,171
H_aug_s5,H_aug,hrf,13_g,0.7043701254662598,0.7463278727432897,236,17,255,19,14.422205101855956,953.92,35851.81,837,75
H_aug_s5,H_aug,hrf,13_h,0.7459604802401201,0.7909257077403684,364,185,380,16,17.0,329.27,27935.47,602,121
H_aug_s5,H_aug,hrf,14_dr,0.6409279778393352,0.6765935176872545,454,31,530,76,13.341664064126334,792.03,37238.12,1008,147
H_aug_s5,H_aug,hrf,14_g,0.646670425263827,0.6766850904630862,310,93,319,9,24.0,241.15,35417.77,679,129
H_aug_s5,H_aug,hrf,14_h,0.7308737741620156,0.7792365331190805,320,179,336,16,21.470910553583888,447.87,14683.75,679,118
H_aug_s5,H_aug,hrf,15_dr,0.6465884730491651,0.6692652278929957,766,212,778,12,23.021728866442675,608.94,28328.59,860,110
H_aug_s5,H_aug,hrf,15_g,0.670503325957827,0.6912975245696168,255,97,284,29,21.2602916254693,930.3,32522.16,921,107
H_aug_s5,H_aug,hrf,15_h,0.7356519964963257,0.7973438309921906,363,119,375,12,12.529964086141668,386.15,27100.4,651,130
I_coletra_s0,I_coletra,hrf,11_dr,0.7103356963719398,0.7399628090858449,337,176,368,31,16.0,812.69,18959.52,966,129
I_coletra_s0,I_coletra,hrf,11_g,0.7200600889925586,0.7454456125278925,233,86,288,55,17.0,755.21,35743.87,878,108
I_coletra_s0,I_coletra,hrf,11_h,0.7968890301783035,0.831936502067372,353,288,364,11,14.212670403551895,973.83,31009.38,628,105
I_coletra_s0,I_coletra,hrf,12_dr,0.5892541077013844,0.5772405414773276,344,57,464,120,31.064449134018133,149.56,33778.98,836,141
I_coletra_s0,I_coletra,hrf,12_g,0.7029613871931879,0.7371838217336323,375,140,382,7,18.0,590.91,39733.55,949,104
I_coletra_s0,I_coletra,hrf,12_h,0.8046468601855635,0.8214029262488365,391,212,406,15,14.560219778561036,1151.53,16378.01,662,123
I_coletra_s0,I_coletra,hrf,13_dr,0.6485463732976819,0.6758620001470037,401,144,442,41,19.924858845171276,154.4,31177.26,835,147
I_coletra_s0,I_coletra,hrf,13_g,0.7016184950331423,0.7142637531434823,256,27,275,19,24.041630560342615,818.82,35851.81,756,129
I_coletra_s0,I_coletra,hrf,13_h,0.7304951011247385,0.7482887036243702,395,239,411,16,22.20360331117452,166.27,27935.47,619,119
I_coletra_s0,I_coletra,hrf,14_dr,0.6215966541814334,0.6576108079294989,516,25,592,76,17.029386365926403,596.41,37238.12,933,142
I_coletra_s0,I_coletra,hrf,14_g,0.651655749636099,0.6538411051074091,323,76,332,9,27.586228448267445,334.31,35417.77,675,140
I_coletra_s0,I_coletra,hrf,14_h,0.7130248780534248,0.7363398407433188,370,223,386,16,25.495097567963924,261.53,14683.75,685,136
I_coletra_s0,I_coletra,hrf,15_dr,0.638402637686818,0.6603344067156752,756,257,768,12,24.041630560342615,544.6,28328.59,792,113
I_coletra_s0,I_coletra,hrf,15_g,0.6760920636602901,0.669963985595667,291,144,320,29,27.65863337187866,470.78,32522.16,823,123
I_coletra_s0,I_coletra,hrf,15_h,0.6972200037197904,0.7258722444881703,380,156,392,12,22.0,184.1,27100.4,628,143
I_coletra_s1,I_coletra,hrf,11_dr,0.7108370212073791,0.7643917242690572,345,155,376,31,13.0,1196.2,18959.52,925,130
I_coletra_s1,I_coletra,hrf,11_g,0.7091024186623712,0.7665184886157879,272,137,327,55,12.041594578792296,785.58,35743.87,950,118
I_coletra_s1,I_coletra,hrf,11_h,0.8033297070269159,0.8569693560462511,368,195,379,11,10.0,2051.91,31009.38,571,90
I_coletra_s1,I_coletra,hrf,12_dr,0.6051394213117408,0.6099361361855691,338,77,458,120,23.706539182259394,211.15,33778.98,921,164
I_coletra_s1,I_coletra,hrf,12_g,0.6886594298826229,0.7494763380152263,351,90,358,7,14.866068747318506,1108.6,39733.55,926,86
I_coletra_s1,I_coletra,hrf,12_h,0.8110688925029962,0.854834824305474,381,215,396,15,9.486832980505138,1626.27,16378.01,582,94
I_coletra_s1,I_coletra,hrf,13_dr,0.6356752521790227,0.6564870567196739,387,165,428,41,23.769728648009426,91.29,31177.26,842,158
I_coletra_s1,I_coletra,hrf,13_g,0.6988332716474287,0.7518047907264036,248,5,267,19,17.0,1582.84,35851.81,762,85
I_coletra_s1,I_coletra,hrf,13_h,0.7652559200098986,0.8281137640667517,371,214,387,16,12.041594578792296,476.32,27935.47,608,119
I_coletra_s1,I_coletra,hrf,14_dr,0.6013095671153147,0.642551982931885,481,1,557,76,17.88854381999832,383.28,37238.12,968,149
I_coletra_s1,I_coletra,hrf,14_g,0.6654577386859334,0.7009485063617251,355,90,364,9,21.213203435596427,592.82,35417.77,650,123
I_coletra_s1,I_coletra,hrf,14_h,0.7430526044877511,0.7973778239838031,408,194,424,16,16.61620549113906,929.79,14683.75,661,97
I_coletra_s1,I_coletra,hrf,15_dr,0.6145493459454605,0.6553526686986479,690,224,702,12,23.0,365.21,28328.59,887,134
I_coletra_s1,I_coletra,hrf,15_g,0.6936798519128482,0.7155034917990943,271,158,300,29,19.6468827043885,1086.59,32522.16,865,108
I_coletra_s1,I_coletra,hrf,15_h,0.7405230678812812,0.8059146381529148,392,195,404,12,13.0,405.14,27100.4,649,118
I_coletra_s2,I_coletra,hrf,11_dr,0.689604608230318,0.7358119706826652,331,198,362,31,17.26267650163207,827.24,18959.52,959,132
I_coletra_s2,I_coletra,hrf,11_g,0.6908739481579341,0.7370249071496477,271,105,326,55,17.204650534085253,644.03,35743.87,889,119
I_coletra_s2,I_coletra,hrf,11_h,0.7681440810282942,0.8166961733557001,376,269,387,11,14.866068747318506,611.45,31009.38,619,103
I_coletra_s2,I_coletra,hrf,12_dr,0.5844056179729659,0.5819483863168813,371,54,491,120,29.274562336608895,163.71,33778.98,832,154
I_coletra_s2,I_coletra,hrf,12_g,0.6770853197485236,0.7302227032227677,374,57,381,7,17.72004514666935,968.56,39733.55,970,121
I_coletra_s2,I_coletra,hrf,12_h,0.7881799243099523,0.8220724122059395,430,254,445,15,12.529964086141668,857.22,16378.01,691,117
I_coletra_s2,I_coletra,hrf,13_dr,0.6494494966391922,0.6640866929740304,410,209,451,41,22.0,106.95,31177.26,841,158
I_coletra_s2,I_coletra,hrf,13_g,0.6913871626644725,0.7182574493788652,258,37,277,19,20.615528128088304,809.23,35851.81,776,113
I_coletra_s2,I_coletra,hrf,13_h,0.7174826748991044,0.7507833310413037,434,264,450,16,22.47220505424423,194.26,27935.47,631,137
I_coletra_s2,I_coletra,hrf,14_dr,0.6190354717032471,0.6530987991215521,449,13,525,76,19.0,883.54,37238.12,926,150
I_coletra_s2,I_coletra,hrf,14_g,0.6120289360165483,0.6323934820064329,357,97,366,9,33.13608305156178,259.27,35417.77,570,118
I_coletra_s2,I_coletra,hrf,14_h,0.6803161509768803,0.7117482905597381,399,214,415,16,29.0,322.34,14683.75,654,130
I_coletra_s2,I_coletra,hrf,15_dr,0.6362538634525695,0.6617471317437749,663,225,675,12,23.0,444.37,28328.59,832,124
I_coletra_s2,I_coletra,hrf,15_g,0.6376924448455165,0.6507337278161568,323,93,352,29,30.675723300355934,457.99,32522.16,790,106
I_coletra_s2,I_coletra,hrf,15_h,0.694730254828053,0.7405687096835867,424,172,436,12,21.02379604162864,117.92,27100.4,638,151
I_coletra_s3,I_coletra,hrf,11_dr,0.7123194610949364,0.7514838244349876,280,221,311,31,16.0312195418814,709.05,18959.52,973,117
I_coletra_s3,I_coletra,hrf,11_g,0.70959364497403,0.7464672439258161,208,142,263,55,17.72004514666935,1238.79,35743.87,897,92
I_coletra_s3,I_coletra,hrf,11_h,0.8072769454474161,0.8520002328783208,308,274,319,11,11.40175425099138,2214.69,31009.38,556,59
I_coletra_s3,I_coletra,hrf,12_dr,0.5968081438971468,0.5798420987994392,297,61,417,120,33.54101966249684,124.07,33778.98,817,132
I_coletra_s3,I_coletra,hrf,12_g,0.7032552833672425,0.7424022985933578,313,121,320,7,18.027756377319946,1092.63,39733.55,906,105
I_coletra_s3,I_coletra,hrf,12_h,0.8193704954817624,0.8513673603713905,325,267,340,15,11.180339887498949,1382.36,16378.01,634,78
I_coletra_s3,I_coletra,hrf,13_dr,0.638245373543523,0.6479937744813864,382,163,423,41,25.495097567963924,92.9,31177.26,877,156
I_coletra_s3,I_coletra,hrf,13_g,0.7099783812763054,0.7416425414962827,210,30,229,19,19.4164878389476,1093.32,35851.81,810,101
I_coletra_s3,I_coletra,hrf,13_h,0.7663892920787467,0.8096159858695572,342,274,358,16,14.866068747318506,321.98,27935.47,652,112
I_coletra_s3,I_coletra,hrf,14_dr,0.6142059635291746,0.6427118426916,451,54,527,76,19.72308292331602,409.46,37238.12,932,144
I_coletra_s3,I_coletra,hrf,14_g,0.662709199105374,0.6891222117952259,313,66,322,9,26.076809620810597,397.87,35417.77,619,135
I_coletra_s3,I_coletra,hrf,14_h,0.7334796421062324,0.7804766580694762,360,249,376,16,21.587033144922902,427.65,14683.75,647,123
I_coletra_s3,I_coletra,hrf,15_dr,0.6334710912581272,0.6530268145216285,665,234,677,12,25.80697580112788,300.82,28328.59,796,120
I_coletra_s3,I_coletra,hrf,15_g,0.6767392125667662,0.6820426986407649,259,120,288,29,28.319604517012593,1181.57,32522.16,840,88
I_coletra_s3,I_coletra,hrf,15_h,0.7314861671942456,0.7807263807468484,353,173,365,12,15.297058540778355,392.05,27100.4,622,128
I_coletra_s4,I_coletra,hrf,11_dr,0.7103727243163678,0.7528891853961398,321,170,352,31,14.7648230602334,1117.3,18959.52,966,106
I_coletra_s4,I_coletra,hrf,11_g,0.6977809796400501,0.7395624988610464,261,115,316,55,16.76305461424021,509.82,35743.87,921,86
I_coletra_s4,I_coletra,hrf,11_h,0.7862018377391665,0.8388745778662975,361,292,372,11,11.045361017187261,921.96,31009.38,647,101
I_coletra_s4,I_coletra,hrf,12_dr,0.6058247215138908,0.6012946138962931,364,34,484,120,25.45584412271571,312.68,33778.98,910,152
I_coletra_s4,I_coletra,hrf,12_g,0.6922541723015201,0.7310741406167082,322,155,329,7,17.26267650163207,484.15,39733.55,999,96
I_coletra_s4,I_coletra,hrf,12_h,0.7904657043885713,0.8280277390291901,376,330,391,15,11.180339887498949,868.96,16378.01,755,116
I_coletra_s4,I_coletra,hrf,13_dr,0.6645792475541573,0.6829732634834836,360,201,401,41,19.1049731745428,159.66,31177.26,956,125
I_coletra_s4,I_coletra,hrf,13_g,0.7038608759401941,0.7408975977645426,209,16,228,19,18.0,889.23,35851.81,831,92
I_coletra_s4,I_coletra,hrf,13_h,0.7339131412719536,0.7777672229696441,407,223,423,16,18.439088914585774,223.95,27935.47,645,114
I_coletra_s4,I_coletra,hrf,14_dr,0.6266525984357467,0.6609926621753346,501,18,577,76,16.278820596099706,797.56,37238.12,1001,128
I_coletra_s4,I_coletra,hrf,14_g,0.6468733261412416,0.6727045849848544,302,100,311,9,27.65863337187866,495.63,35417.77,660,129
I_coletra_s4,I_coletra,hrf,14_h,0.7078568946665434,0.7457020633120264,358,240,374,16,22.20360331117452,286.59,14683.75,725,117
I_coletra_s4,I_coletra,hrf,15_dr,0.6357930036257327,0.6532823964710877,706,294,718,12,24.041630560342615,411.99,28328.59,870,102
I_coletra_s4,I_coletra,hrf,15_g,0.6750151002233429,0.6814640564713085,302,154,331,29,23.706539182259394,602.58,32522.16,865,96
I_coletra_s4,I_coletra,hrf,15_h,0.7081634128705713,0.753327830412686,378,141,390,12,18.973665961010276,169.69,27100.4,641,138
I_coletra_s5,I_coletra,hrf,11_dr,0.7191735456622903,0.755929299349446,384,190,415,31,11.180339887498949,591.95,18959.52,1130,112
I_coletra_s5,I_coletra,hrf,11_g,0.702886882606229,0.7411404802094809,298,146,353,55,13.038404810405298,498.22,35743.87,1043,110
I_coletra_s5,I_coletra,hrf,11_h,0.7885710421697101,0.8327167755282787,435,290,446,11,10.0,861.43,31009.38,748,96
I_coletra_s5,I_coletra,hrf,12_dr,0.606282481866601,0.5877050740095486,451,51,571,120,23.706539182259394,181.38,33778.98,954,140
I_coletra_s5,I_coletra,hrf,12_g,0.6851965526554865,0.7213709249260987,465,115,472,7,15.620499351813308,550.9,39733.55,1111,108
I_coletra_s5,I_coletra,hrf,12_h,0.7975041104149936,0.8302146631322741,444,304,459,15,10.198039027185569,993.79,16378.01,752,108
I_coletra_s5,I_coletra,hrf,13_dr,0.6536829896706599,0.6585587669476831,400,201,441,41,20.615528128088304,121.72,31177.26,959,133
I_coletra_s5,I_coletra,hrf,13_g,0.7028798524692108,0.7293308665506897,286,15,305,19,17.08800749063506,949.9,35851.81,909,87
I_coletra_s5,I_coletra,hrf,13_h,0.747294575600983,0.7888795728061453,494,266,510,16,15.297058540778355,297.94,27935.47,697,117
I_coletra_s5,I_coletra,hrf,14_dr,0.6112424471964345,0.635859439225538,541,6,617,76,17.88854381999832,323.95,37238.12,1009,150
I_coletra_s5,I_coletra,hrf,14_g,0.656469854672892,0.6735733259078389,366,73,375,9,21.840329667841555,216.64,35417.77,784,132
I_coletra_s5,I_coletra,hrf,14_h,0.7273427398778423,0.7603144391536952,472,297,488,16,19.235384061671343,367.02,14683.75,804,124
I_coletra_s5,I_coletra,hrf,15_dr,0.6345460283112434,0.6542042216631656,731,223,743,12,21.93171219946131,560.03,28328.59,893,106
I_coletra_s5,I_coletra,hrf,15_g,0.6779875799010032,0.6816778754018981,379,112,408,29,20.615528128088304,698.77,32522.16,935,106
I_coletra_s5,I_coletra,hrf,15_h,0.7129777428665113,0.7617024100400352,445,228,457,12,14.866068747318506,220.26,27100.4,754,134
J_liot_s0,J_liot,hrf,11_dr,0.7278093216728506,0.7916095941059919,523,206,554,31,5.656854249492381,1071.68,18959.52,1013,88
J_liot_s0,J_liot,hrf,11_g,0.7251609542962137,0.7942681474779623,412,90,467,55,5.0,1221.79,35743.87,939,83
J_liot_s0,J_liot,hrf,11_h,0.8055131272908044,0.8454791780674247,521,212,532,11,13.92838827718412,2145.93,31009.38,516,70
J_liot_s0,J_liot,hrf,12_dr,0.6465062095933619,0.6794335301711564,522,115,642,120,13.341664064126334,634.66,33778.98,1032,145
J_liot_s0,J_liot,hrf,12_g,0.7254601471832447,0.7908403290664701,487,69,494,7,5.830951894845301,2464.22,39733.55,939,99
J_liot_s0,J_liot,hrf,12_h,0.8103418131974441,0.8573752734607397,557,224,572,15,10.0,1657.81,16378.01,615,83
J_liot_s0,J_liot,hrf,13_dr,0.6418898433552299,0.6952482238375116,424,170,465,41,13.601470508735444,230.28,31177.26,995,135
J_liot_s0,J_liot,hrf,13_g,0.71731204164766,0.7729014018359249,466,3,485,19,7.9525624189766635,1941.17,35851.81,835,67
J_liot_s0,J_liot,hrf,13_h,0.7685481294194463,0.8354302149381811,580,206,596,16,11.313708498984761,573.72,27935.47,611,109
J_liot_s0,J_liot,hrf,14_dr,0.642584596847073,0.6857168975758836,608,39,684,76,11.661903789690601,494.69,37238.12,1053,179
J_liot_s0,J_liot,hrf,14_g,0.685606584817751,0.7403896297754806,485,43,494,9,9.486832980505138,918.04,35417.77,845,111
J_liot_s0,J_liot,hrf,14_h,0.7688003267918996,0.833217929803778,539,167,555,16,13.152946437965905,986.01,14683.75,680,95
J_liot_s0,J_liot,hrf,15_dr,0.6481672179220513,0.6819200963857265,762,177,774,12,21.0,1102.72,28328.59,881,126
J_liot_s0,J_liot,hrf,15_g,0.7028137450199203,0.74076501197593,427,69,456,29,8.602325267042627,3213.25,32522.16,910,76
J_liot_s0,J_liot,hrf,15_h,0.7938303932655616,0.8543727202133421,475,183,487,12,12.36931687685298,3493.26,27100.4,583,63
J_liot_s1,J_liot,hrf,11_dr,0.7315357196594323,0.787729618121641,517,165,548,31,6.324555320336759,852.29,18959.52,1051,65
J_liot_s1,J_liot,hrf,11_g,0.7291200275529534,0.7908753340985871,393,61,448,55,5.0,1286.42,35743.87,1012,76
J_liot_s1,J_liot,hrf,11_h,0.7979563424308492,0.8284620472612152,577,222,588,11,16.1245154965971,1425.03,31009.38,597,64
J_liot_s1,J_liot,hrf,12_dr,0.6490183729167089,0.6733633972465793,567,37,687,120,13.038404810405298,756.72,33778.98,1112,152
J_liot_s1,J_liot,hrf,12_g,0.7236865204439079,0.7819504517255933,560,65,567,7,6.0,1459.84,39733.55,1080,99
J_liot_s1,J_liot,hrf,12_h,0.793309103356145,0.836698148504296,603,226,618,15,13.45362404707371,1223.19,16378.01,696,64
J_liot_s1,J_liot,hrf,13_dr,0.6421555957611786,0.6949422039090886,537,129,578,41,13.038404810405298,192.68,31177.26,1012,126
J_liot_s1,J_liot,hrf,13_g,0.7113848373962789,0.7597594164455029,469,14,488,19,8.94427190999916,2299.39,35851.81,861,74
J_liot_s1,J_liot,hrf,13_h,0.7641132950125749,0.825002711377423,619,217,635,16,14.035668847618199,565.41,27935.47,679,95
J_liot_s1,J_liot,hrf,14_dr,0.6452140731511581,0.678701590791837,629,8,705,76,11.40175425099138,711.16,37238.12,1097,169
J_liot_s1,J_liot,hrf,14_g,0.6914363626828884,0.7416763502606692,450,64,459,9,9.055385138137417,785.45,35417.77,888,106
J_liot_s1,J_liot,hrf,14_h,0.772320670406615,0.826962408252303,622,143,638,16,15.811388300841896,1092.35,14683.75,693,85
J_liot_s1,J_liot,hrf,15_dr,0.6431173180208555,0.6608760927259513,911,175,923,12,23.08679276123039,942.39,28328.59,904,105
J_liot_s1,J_liot,hrf,15_g,0.6996171031440156,0.7311162261636142,465,95,494,29,9.848857801796104,2739.92,32522.16,1024,76
J_liot_s1,J_liot,hrf,15_h,0.7931505096600845,0.8351507911563425,521,188,533,12,16.15549442140351,3620.61,27100.4,612,54
J_liot_s2,J_liot,hrf,11_dr,0.745437898987872,0.8015526301824272,474,200,505,31,5.656854249492381,1498.86,18959.52,975,57
J_liot_s2,J_liot,hrf,11_g,0.7542401045608528,0.8124286617969233,329,61,384,55,4.123105625617661,2574.22,35743.87,897,43
J_liot_s2,J_liot,hrf,11_h,0.8220488182213169,0.8499250500626333,547,172,558,11,15.231546211727817,1877.39,31009.38,493,47
J_liot_s2,J_liot,hrf,12_dr,0.6718227138132657,0.6954176985799206,508,42,628,120,12.0,1117.62,33778.98,1063,140
J_liot_s2,J_liot,hrf,12_g,0.7449785152973664,0.8011775253486523,436,26,443,7,5.0,4223.39,39733.55,922,69
J_liot_s2,J_liot,hrf,12_h,0.8257532592237792,0.8614999269484444,569,215,584,15,11.40175425099138,2498.05,16378.01,565,51
J_liot_s2,J_liot,hrf,13_dr,0.6801928265246032,0.7225824863876557,449,132,490,41,11.313708498984761,413.37,31177.26,971,119
J_liot_s2,J_liot,hrf,13_g,0.7292172009304524,0.7758157114653711,439,1,458,19,7.0710678118654755,4309.13,35851.81,822,56
J_liot_s2,J_liot,hrf,13_h,0.7979696294387795,0.8568213417802767,510,209,526,16,12.041594578792296,916.53,27935.47,479,64
J_liot_s2,J_liot,hrf,14_dr,0.6756275054327552,0.7045367363722269,598,17,674,76,11.0,978.07,37238.12,1067,147
J_liot_s2,J_liot,hrf,14_g,0.711259228488888,0.7573256433107094,431,0,440,9,8.0,2193.78,35417.77,830,92
J_liot_s2,J_liot,hrf,14_h,0.8021700146817055,0.8567465417020996,503,216,519,16,13.601470508735444,1732.79,14683.75,605,58
J_liot_s2,J_liot,hrf,15_dr,0.6602991756635248,0.6770312627988996,847,212,859,12,26.40075756488817,662.86,28328.59,844,93
J_liot_s2,J_liot,hrf,15_g,0.7256262878212775,0.755742115337906,385,31,414,29,7.0,3508.33,32522.16,918,78
J_liot_s2,J_liot,hrf,15_h,0.8107067859169265,0.8633655198739382,458,190,470,12,14.0,4094.35,27100.4,501,43
