  taskb 15 runs @31M, taskc 30 runs @117k seeds 6-11
  d1 12 runs: A_dice_dir_s0 .. H_aug_dir_s5, each carrying its namesake's augmentation
  d1b 72 runs over reaches ('a050', 'a100', 'a200') (half the shuffled control), d1e 12, d1f 36
  an empty queue prints zero lines, not one blank one
  heldout: 144 runs, 24 per seed, every arm carries its base's augmentation
  heldout_series: 72 runs covering all 16 best.pt-contaminated arms, 117k arms at 6 seeds
  heldout_seeds: 144 runs, seeds 6-11 of the same 24 arms
  pending() answers about the root it is given, not a fixed one
gate 2 runs, e13 15 runs, task1 25 runs, recover 87 runs (45 of them E13's narrow arms, first)
  task1 seed 0: A_dice_w64_d5_s0, B_cldice_w64_d5_s0, H_aug_w64_d5_s0, G_focal_w64_d5_s0, K_focal_aug_w64_d5_s0
all checks passed
test_centreline_weight_comes_from_the_name
  21 swept arms carry their base's loss and augmentation
test_directory_refuses_a_second_protocol
  a run directory refuses a second protocol
test_one_split_rule_for_every_dataset
  DRIVE's DEV_IDS come back out of the shared rule: ('24', '28', '32', '36', '40')
  stare    fit   7 / select  3 / test  10, disjoint
  vessmap  fit  60 / select 20 / test  20, disjoint
  hrf      fit  23 / select  7 / test  15, disjoint
test_only_legacy_selects_on_test
  legacy   selects on the test set: True
  heldout  selects on the test set: False
test_splits_partition
  fit 15 + dev 5 partition train 20
test_unknown_protocol_refused
  unknown --protocol refused
all checks passed
every arm this script names is in CONFIGS: 3 bases x 7 weights
the rule reads dev clDice off log.csv, not anything test-side
the verdict reports on all 20 test images, not the even half
the gate refuses a split-sign effect (mean +190, t 9.4) -- sign agreement, not just significance
an untrained arm reports None, not a false negative
all checks passed
/home/ivanchang/ian_mei/.venv/lib/python3.11/site-packages/scipy/stats/_axis_nan_policy.py:430: RuntimeWarning: Precision loss occurred in moment calculation due to catastrophic cancellation. This occurs when the data are nearly identical. Results may be unreliable.
  return hypotest_fun_in(*args, **kwds)
  the matcher refuses a target more than 0.005 away instead of extrapolating
  two arms on one curve come out EQUAL at every matched Dice, though their own-best epochs differ by 5 points of traced fraction
  an arm lifted at EVERY Dice still passes (+0.040, t inf)
  fewer than three seeds returns None, not a passing verdict
all checks passed
=== 2026-08-29 16:54:18 selftests passed ===
=== 2026-08-29 16:54:20 pass 1: heldout, 54 run(s) pending ===
=== 2026-08-29 22:18:40 pass 1: heldout_seeds, 54 run(s) pending ===
=== 2026-08-30 02:42:31 scoring after pass 1 ===
360 run(s), 20 images, component filter 17 px
  A_dice_clw16_s0 epoch010.pt done
  A_dice_clw16_s0 epoch020.pt done
  A_dice_clw16_s0 epoch030.pt done
  A_dice_clw16_s0 epoch040.pt done
  A_dice_clw16_s0 epoch050.pt done
  A_dice_clw16_s0 epoch060.pt done
  A_dice_clw16_s0 epoch070.pt done
  A_dice_clw16_s0 epoch080.pt done
  A_dice_clw16_s0 epoch090.pt done
  A_dice_clw16_s0 epoch100.pt done
  A_dice_clw16_s1 epoch010.pt done
  A_dice_clw16_s1 epoch020.pt done
  A_dice_clw16_s1 epoch030.pt done
  A_dice_clw16_s1 epoch040.pt done
  A_dice_clw16_s1 epoch050.pt done
  A_dice_clw16_s1 epoch060.pt done
  A_dice_clw16_s1 epoch070.pt done
  A_dice_clw16_s1 epoch080.pt done
  A_dice_clw16_s1 epoch090.pt done
  A_dice_clw16_s1 epoch100.pt done
  A_dice_clw16_s10 epoch010.pt done
  A_dice_clw16_s10 epoch020.pt done
  A_dice_clw16_s10 epoch030.pt done
  A_dice_clw16_s10 epoch040.pt done
  A_dice_clw16_s10 epoch050.pt done
  A_dice_clw16_s10 epoch060.pt done
  A_dice_clw16_s10 epoch070.pt done
  A_dice_clw16_s10 epoch080.pt done
  A_dice_clw16_s10 epoch090.pt done
  A_dice_clw16_s10 epoch100.pt done
  A_dice_clw16_s11 epoch010.pt done
  A_dice_clw16_s11 epoch020.pt done
  A_dice_clw16_s11 epoch030.pt done
  A_dice_clw16_s11 epoch040.pt done
  A_dice_clw16_s11 epoch050.pt done
  A_dice_clw16_s11 epoch060.pt done
  A_dice_clw16_s11 epoch070.pt done
  A_dice_clw16_s11 epoch080.pt done
  A_dice_clw16_s11 epoch090.pt done
  A_dice_clw16_s11 epoch100.pt done
  A_dice_clw16_s2 epoch010.pt done
  A_dice_clw16_s2 epoch020.pt done
  A_dice_clw16_s2 epoch030.pt done
  A_dice_clw16_s2 epoch040.pt done
  A_dice_clw16_s2 epoch050.pt done
  A_dice_clw16_s2 epoch060.pt done
  A_dice_clw16_s2 epoch070.pt done
  A_dice_clw16_s2 epoch080.pt done
  A_dice_clw16_s2 epoch090.pt done
  A_dice_clw16_s2 epoch100.pt done
  A_dice_clw16_s3 epoch010.pt done
  A_dice_clw16_s3 epoch020.pt done
  A_dice_clw16_s3 epoch030.pt done
  A_dice_clw16_s3 epoch040.pt done
  A_dice_clw16_s3 epoch050.pt done
  A_dice_clw16_s3 epoch060.pt done
  A_dice_clw16_s3 epoch070.pt done
  A_dice_clw16_s3 epoch080.pt done
  A_dice_clw16_s3 epoch090.pt done
  A_dice_clw16_s3 epoch100.pt done
  A_dice_clw16_s4 epoch010.pt done
  A_dice_clw16_s4 epoch020.pt done
  A_dice_clw16_s4 epoch030.pt done
  A_dice_clw16_s4 epoch040.pt done
  A_dice_clw16_s4 epoch050.pt done
  A_dice_clw16_s4 epoch060.pt done
  A_dice_clw16_s4 epoch070.pt done
  A_dice_clw16_s4 epoch080.pt done
  A_dice_clw16_s4 epoch090.pt done
  A_dice_clw16_s4 epoch100.pt done
  A_dice_clw16_s5 epoch010.pt done
  A_dice_clw16_s5 epoch020.pt done
  A_dice_clw16_s5 epoch030.pt done
  A_dice_clw16_s5 epoch040.pt done
  A_dice_clw16_s5 epoch050.pt done
  A_dice_clw16_s5 epoch060.pt done
  A_dice_clw16_s5 epoch070.pt done
  A_dice_clw16_s5 epoch080.pt done
  A_dice_clw16_s5 epoch090.pt done
  A_dice_clw16_s5 epoch100.pt done
  A_dice_clw16_s6 epoch010.pt done
  A_dice_clw16_s6 epoch020.pt done
  A_dice_clw16_s6 epoch030.pt done
  A_dice_clw16_s6 epoch040.pt done
  A_dice_clw16_s6 epoch050.pt done
  A_dice_clw16_s6 epoch060.pt done
  A_dice_clw16_s6 epoch070.pt done
  A_dice_clw16_s6 epoch080.pt done
  A_dice_clw16_s6 epoch090.pt done
  A_dice_clw16_s6 epoch100.pt done
  A_dice_clw16_s7 epoch010.pt done
  A_dice_clw16_s7 epoch020.pt done
  A_dice_clw16_s7 epoch030.pt done
  A_dice_clw16_s7 epoch040.pt done
  A_dice_clw16_s7 epoch050.pt done
  A_dice_clw16_s7 epoch060.pt done
  A_dice_clw16_s7 epoch070.pt done
  A_dice_clw16_s7 epoch080.pt done
  A_dice_clw16_s7 epoch090.pt done
  A_dice_clw16_s7 epoch100.pt done
  A_dice_clw16_s8 epoch010.pt done
  A_dice_clw16_s8 epoch020.pt done
  A_dice_clw16_s8 epoch030.pt done
  A_dice_clw16_s8 epoch040.pt done
  A_dice_clw16_s8 epoch050.pt done
  A_dice_clw16_s8 epoch060.pt done
  A_dice_clw16_s8 epoch070.pt done
  A_dice_clw16_s8 epoch080.pt done
  A_dice_clw16_s8 epoch090.pt done
  A_dice_clw16_s8 epoch100.pt done
  A_dice_clw16_s9 epoch010.pt done
  A_dice_clw16_s9 epoch020.pt done
  A_dice_clw16_s9 epoch030.pt done
  A_dice_clw16_s9 epoch040.pt done
  A_dice_clw16_s9 epoch050.pt done
  A_dice_clw16_s9 epoch060.pt done
  A_dice_clw16_s9 epoch070.pt done
  A_dice_clw16_s9 epoch080.pt done
  A_dice_clw16_s9 epoch090.pt done
  A_dice_clw16_s9 epoch100.pt done
  A_dice_clw1_s0 epoch010.pt done
  A_dice_clw1_s0 epoch020.pt done
  A_dice_clw1_s0 epoch030.pt done
  A_dice_clw1_s0 epoch040.pt done
  A_dice_clw1_s0 epoch050.pt done
  A_dice_clw1_s0 epoch060.pt done
  A_dice_clw1_s0 epoch070.pt done
  A_dice_clw1_s0 epoch080.pt done
  A_dice_clw1_s0 epoch090.pt done
  A_dice_clw1_s0 epoch100.pt done
  A_dice_clw1_s1 epoch010.pt done
  A_dice_clw1_s1 epoch020.pt done
  A_dice_clw1_s1 epoch030.pt done
  A_dice_clw1_s1 epoch040.pt done
  A_dice_clw1_s1 epoch050.pt done
  A_dice_clw1_s1 epoch060.pt done
  A_dice_clw1_s1 epoch070.pt done
  A_dice_clw1_s1 epoch080.pt done
  A_dice_clw1_s1 epoch090.pt done
  A_dice_clw1_s1 epoch100.pt done
  A_dice_clw1_s10 epoch010.pt done
  A_dice_clw1_s10 epoch020.pt done
  A_dice_clw1_s10 epoch030.pt done
  A_dice_clw1_s10 epoch040.pt done
  A_dice_clw1_s10 epoch050.pt done
  A_dice_clw1_s10 epoch060.pt done
  A_dice_clw1_s10 epoch070.pt done
  A_dice_clw1_s10 epoch080.pt done
  A_dice_clw1_s10 epoch090.pt done
  A_dice_clw1_s10 epoch100.pt done
  A_dice_clw1_s11 epoch010.pt done
  A_dice_clw1_s11 epoch020.pt done
  A_dice_clw1_s11 epoch030.pt done
  A_dice_clw1_s11 epoch040.pt done
  A_dice_clw1_s11 epoch050.pt done
  A_dice_clw1_s11 epoch060.pt done
  A_dice_clw1_s11 epoch070.pt done
  A_dice_clw1_s11 epoch080.pt done
  A_dice_clw1_s11 epoch090.pt done
  A_dice_clw1_s11 epoch100.pt done
  A_dice_clw1_s2 epoch010.pt done
  A_dice_clw1_s2 epoch020.pt done
  A_dice_clw1_s2 epoch030.pt done
  A_dice_clw1_s2 epoch040.pt done
  A_dice_clw1_s2 epoch050.pt done
  A_dice_clw1_s2 epoch060.pt done
  A_dice_clw1_s2 epoch070.pt done
  A_dice_clw1_s2 epoch080.pt done
  A_dice_clw1_s2 epoch090.pt done
  A_dice_clw1_s2 epoch100.pt done
  A_dice_clw1_s3 epoch010.pt done
  A_dice_clw1_s3 epoch020.pt done
  A_dice_clw1_s3 epoch030.pt done
  A_dice_clw1_s3 epoch040.pt done
  A_dice_clw1_s3 epoch050.pt done
  A_dice_clw1_s3 epoch060.pt done
  A_dice_clw1_s3 epoch070.pt done
  A_dice_clw1_s3 epoch080.pt done
  A_dice_clw1_s3 epoch090.pt done
  A_dice_clw1_s3 epoch100.pt done
  A_dice_clw1_s4 epoch010.pt done
  A_dice_clw1_s4 epoch020.pt done
  A_dice_clw1_s4 epoch030.pt done
  A_dice_clw1_s4 epoch040.pt done
  A_dice_clw1_s4 epoch050.pt done
  A_dice_clw1_s4 epoch060.pt done
  A_dice_clw1_s4 epoch070.pt done
  A_dice_clw1_s4 epoch080.pt done
  A_dice_clw1_s4 epoch090.pt done
  A_dice_clw1_s4 epoch100.pt done
  A_dice_clw1_s5 epoch010.pt done
  A_dice_clw1_s5 epoch020.pt done
  A_dice_clw1_s5 epoch030.pt done
  A_dice_clw1_s5 epoch040.pt done
  A_dice_clw1_s5 epoch050.pt done
  A_dice_clw1_s5 epoch060.pt done
  A_dice_clw1_s5 epoch070.pt done
  A_dice_clw1_s5 epoch080.pt done
  A_dice_clw1_s5 epoch090.pt done
  A_dice_clw1_s5 epoch100.pt done
  A_dice_clw1_s6 epoch010.pt done
  A_dice_clw1_s6 epoch020.pt done
  A_dice_clw1_s6 epoch030.pt done
  A_dice_clw1_s6 epoch040.pt done
  A_dice_clw1_s6 epoch050.pt done
  A_dice_clw1_s6 epoch060.pt done
  A_dice_clw1_s6 epoch070.pt done
  A_dice_clw1_s6 epoch080.pt done
  A_dice_clw1_s6 epoch090.pt done
  A_dice_clw1_s6 epoch100.pt done
  A_dice_clw1_s7 epoch010.pt done
  A_dice_clw1_s7 epoch020.pt done
  A_dice_clw1_s7 epoch030.pt done
  A_dice_clw1_s7 epoch040.pt done
  A_dice_clw1_s7 epoch050.pt done
  A_dice_clw1_s7 epoch060.pt done
  A_dice_clw1_s7 epoch070.pt done
  A_dice_clw1_s7 epoch080.pt done
  A_dice_clw1_s7 epoch090.pt done
  A_dice_clw1_s7 epoch100.pt done
  A_dice_clw1_s8 epoch010.pt done
  A_dice_clw1_s8 epoch020.pt done
  A_dice_clw1_s8 epoch030.pt done
  A_dice_clw1_s8 epoch040.pt done
  A_dice_clw1_s8 epoch050.pt done
  A_dice_clw1_s8 epoch060.pt done
  A_dice_clw1_s8 epoch070.pt done
  A_dice_clw1_s8 epoch080.pt done
  A_dice_clw1_s8 epoch090.pt done
  A_dice_clw1_s8 epoch100.pt done
  A_dice_clw1_s9 epoch010.pt done
  A_dice_clw1_s9 epoch020.pt done
  A_dice_clw1_s9 epoch030.pt done
  A_dice_clw1_s9 epoch040.pt done
  A_dice_clw1_s9 epoch050.pt done
  A_dice_clw1_s9 epoch060.pt done
  A_dice_clw1_s9 epoch070.pt done
  A_dice_clw1_s9 epoch080.pt done
  A_dice_clw1_s9 epoch090.pt done
  A_dice_clw1_s9 epoch100.pt done
  A_dice_clw2_s0 epoch010.pt done
  A_dice_clw2_s0 epoch020.pt done
  A_dice_clw2_s0 epoch030.pt done
  A_dice_clw2_s0 epoch040.pt done
  A_dice_clw2_s0 epoch050.pt done
  A_dice_clw2_s0 epoch060.pt done
  A_dice_clw2_s0 epoch070.pt done
  A_dice_clw2_s0 epoch080.pt done
  A_dice_clw2_s0 epoch090.pt done
  A_dice_clw2_s0 epoch100.pt done
  A_dice_clw2_s1 epoch010.pt done
  A_dice_clw2_s1 epoch020.pt done
  A_dice_clw2_s1 epoch030.pt done
  A_dice_clw2_s1 epoch040.pt done
  A_dice_clw2_s1 epoch050.pt done
  A_dice_clw2_s1 epoch060.pt done
  A_dice_clw2_s1 epoch070.pt done
  A_dice_clw2_s1 epoch080.pt done
  A_dice_clw2_s1 epoch090.pt done
  A_dice_clw2_s1 epoch100.pt done
  A_dice_clw2_s10 epoch010.pt done
  A_dice_clw2_s10 epoch020.pt done
  A_dice_clw2_s10 epoch030.pt done
  A_dice_clw2_s10 epoch040.pt done
  A_dice_clw2_s10 epoch050.pt done
  A_dice_clw2_s10 epoch060.pt done
  A_dice_clw2_s10 epoch070.pt done
  A_dice_clw2_s10 epoch080.pt done
  A_dice_clw2_s10 epoch090.pt done
  A_dice_clw2_s10 epoch100.pt done
  A_dice_clw2_s11 epoch010.pt done
  A_dice_clw2_s11 epoch020.pt done
  A_dice_clw2_s11 epoch030.pt done
  A_dice_clw2_s11 epoch040.pt done
  A_dice_clw2_s11 epoch050.pt done
  A_dice_clw2_s11 epoch060.pt done
  A_dice_clw2_s11 epoch070.pt done
  A_dice_clw2_s11 epoch080.pt done
  A_dice_clw2_s11 epoch090.pt done
  A_dice_clw2_s11 epoch100.pt done
  A_dice_clw2_s2 epoch010.pt done
  A_dice_clw2_s2 epoch020.pt done
  A_dice_clw2_s2 epoch030.pt done
  A_dice_clw2_s2 epoch040.pt done
  A_dice_clw2_s2 epoch050.pt done
  A_dice_clw2_s2 epoch060.pt done
  A_dice_clw2_s2 epoch070.pt done
  A_dice_clw2_s2 epoch080.pt done
  A_dice_clw2_s2 epoch090.pt done
  A_dice_clw2_s2 epoch100.pt done
  A_dice_clw2_s3 epoch010.pt done
  A_dice_clw2_s3 epoch020.pt done
  A_dice_clw2_s3 epoch030.pt done
  A_dice_clw2_s3 epoch040.pt done
  A_dice_clw2_s3 epoch050.pt done
  A_dice_clw2_s3 epoch060.pt done
  A_dice_clw2_s3 epoch070.pt done
  A_dice_clw2_s3 epoch080.pt done
  A_dice_clw2_s3 epoch090.pt done
  A_dice_clw2_s3 epoch100.pt done
  A_dice_clw2_s4 epoch010.pt done
  A_dice_clw2_s4 epoch020.pt done
  A_dice_clw2_s4 epoch030.pt done
  A_dice_clw2_s4 epoch040.pt done
  A_dice_clw2_s4 epoch050.pt done
  A_dice_clw2_s4 epoch060.pt done
  A_dice_clw2_s4 epoch070.pt done
  A_dice_clw2_s4 epoch080.pt done
  A_dice_clw2_s4 epoch090.pt done
  A_dice_clw2_s4 epoch100.pt done
  A_dice_clw2_s5 epoch010.pt done
  A_dice_clw2_s5 epoch020.pt done
  A_dice_clw2_s5 epoch030.pt done
  A_dice_clw2_s5 epoch040.pt done
  A_dice_clw2_s5 epoch050.pt done
  A_dice_clw2_s5 epoch060.pt done
  A_dice_clw2_s5 epoch070.pt done
  A_dice_clw2_s5 epoch080.pt done
  A_dice_clw2_s5 epoch090.pt done
  A_dice_clw2_s5 epoch100.pt done
  A_dice_clw2_s6 epoch010.pt done
  A_dice_clw2_s6 epoch020.pt done
  A_dice_clw2_s6 epoch030.pt done
  A_dice_clw2_s6 epoch040.pt done
  A_dice_clw2_s6 epoch050.pt done
  A_dice_clw2_s6 epoch060.pt done
  A_dice_clw2_s6 epoch070.pt done
  A_dice_clw2_s6 epoch080.pt done
  A_dice_clw2_s6 epoch090.pt done
  A_dice_clw2_s6 epoch100.pt done
  A_dice_clw2_s7 epoch010.pt done
  A_dice_clw2_s7 epoch020.pt done
  A_dice_clw2_s7 epoch030.pt done
  A_dice_clw2_s7 epoch040.pt done
  A_dice_clw2_s7 epoch050.pt done
  A_dice_clw2_s7 epoch060.pt done
  A_dice_clw2_s7 epoch070.pt done
  A_dice_clw2_s7 epoch080.pt done
  A_dice_clw2_s7 epoch090.pt done
  A_dice_clw2_s7 epoch100.pt done
  A_dice_clw2_s8 epoch010.pt done
  A_dice_clw2_s8 epoch020.pt done
  A_dice_clw2_s8 epoch030.pt done
  A_dice_clw2_s8 epoch040.pt done
  A_dice_clw2_s8 epoch050.pt done
  A_dice_clw2_s8 epoch060.pt done
  A_dice_clw2_s8 epoch070.pt done
  A_dice_clw2_s8 epoch080.pt done
  A_dice_clw2_s8 epoch090.pt done
  A_dice_clw2_s8 epoch100.pt done
  A_dice_clw2_s9 epoch010.pt done
  A_dice_clw2_s9 epoch020.pt done
  A_dice_clw2_s9 epoch030.pt done
  A_dice_clw2_s9 epoch040.pt done
  A_dice_clw2_s9 epoch050.pt done
  A_dice_clw2_s9 epoch060.pt done
  A_dice_clw2_s9 epoch070.pt done
  A_dice_clw2_s9 epoch080.pt done
  A_dice_clw2_s9 epoch090.pt done
  A_dice_clw2_s9 epoch100.pt done
  A_dice_clw32_s0 epoch010.pt done
  A_dice_clw32_s0 epoch020.pt done
  A_dice_clw32_s0 epoch030.pt done
  A_dice_clw32_s0 epoch040.pt done
  A_dice_clw32_s0 epoch050.pt done
  A_dice_clw32_s0 epoch060.pt done
  A_dice_clw32_s0 epoch070.pt done
  A_dice_clw32_s0 epoch080.pt done
  A_dice_clw32_s0 epoch090.pt done
  A_dice_clw32_s0 epoch100.pt done
  A_dice_clw32_s1 epoch010.pt done
  A_dice_clw32_s1 epoch020.pt done
  A_dice_clw32_s1 epoch030.pt done
  A_dice_clw32_s1 epoch040.pt done
  A_dice_clw32_s1 epoch050.pt done
  A_dice_clw32_s1 epoch060.pt done
  A_dice_clw32_s1 epoch070.pt done
  A_dice_clw32_s1 epoch080.pt done
  A_dice_clw32_s1 epoch090.pt done
  A_dice_clw32_s1 epoch100.pt done
  A_dice_clw32_s10 epoch010.pt done
  A_dice_clw32_s10 epoch020.pt done
  A_dice_clw32_s10 epoch030.pt done
  A_dice_clw32_s10 epoch040.pt done
  A_dice_clw32_s10 epoch050.pt done
  A_dice_clw32_s10 epoch060.pt done
  A_dice_clw32_s10 epoch070.pt done
  A_dice_clw32_s10 epoch080.pt done
  A_dice_clw32_s10 epoch090.pt done
  A_dice_clw32_s10 epoch100.pt done
  A_dice_clw32_s11 epoch010.pt done
  A_dice_clw32_s11 epoch020.pt done
  A_dice_clw32_s11 epoch030.pt done
  A_dice_clw32_s11 epoch040.pt done
  A_dice_clw32_s11 epoch050.pt done
  A_dice_clw32_s11 epoch060.pt done
  A_dice_clw32_s11 epoch070.pt done
  A_dice_clw32_s11 epoch080.pt done
  A_dice_clw32_s11 epoch090.pt done
  A_dice_clw32_s11 epoch100.pt done
  A_dice_clw32_s2 epoch010.pt done
  A_dice_clw32_s2 epoch020.pt done
  A_dice_clw32_s2 epoch030.pt done
  A_dice_clw32_s2 epoch040.pt done
  A_dice_clw32_s2 epoch050.pt done
  A_dice_clw32_s2 epoch060.pt done
  A_dice_clw32_s2 epoch070.pt done
  A_dice_clw32_s2 epoch080.pt done
  A_dice_clw32_s2 epoch090.pt done
  A_dice_clw32_s2 epoch100.pt done
  A_dice_clw32_s3 epoch010.pt done
  A_dice_clw32_s3 epoch020.pt done
  A_dice_clw32_s3 epoch030.pt done
  A_dice_clw32_s3 epoch040.pt done
  A_dice_clw32_s3 epoch050.pt done
  A_dice_clw32_s3 epoch060.pt done
  A_dice_clw32_s3 epoch070.pt done
  A_dice_clw32_s3 epoch080.pt done
  A_dice_clw32_s3 epoch090.pt done
  A_dice_clw32_s3 epoch100.pt done
  A_dice_clw32_s4 epoch010.pt done
  A_dice_clw32_s4 epoch020.pt done
  A_dice_clw32_s4 epoch030.pt done
  A_dice_clw32_s4 epoch040.pt done
  A_dice_clw32_s4 epoch050.pt done
  A_dice_clw32_s4 epoch060.pt done
  A_dice_clw32_s4 epoch070.pt done
  A_dice_clw32_s4 epoch080.pt done
  A_dice_clw32_s4 epoch090.pt done
  A_dice_clw32_s4 epoch100.pt done
  A_dice_clw32_s5 epoch010.pt done
  A_dice_clw32_s5 epoch020.pt done
  A_dice_clw32_s5 epoch030.pt done
  A_dice_clw32_s5 epoch040.pt done
  A_dice_clw32_s5 epoch050.pt done
  A_dice_clw32_s5 epoch060.pt done
  A_dice_clw32_s5 epoch070.pt done
  A_dice_clw32_s5 epoch080.pt done
  A_dice_clw32_s5 epoch090.pt done
  A_dice_clw32_s5 epoch100.pt done
  A_dice_clw32_s6 epoch010.pt done
  A_dice_clw32_s6 epoch020.pt done
  A_dice_clw32_s6 epoch030.pt done
  A_dice_clw32_s6 epoch040.pt done
  A_dice_clw32_s6 epoch050.pt done
  A_dice_clw32_s6 epoch060.pt done
  A_dice_clw32_s6 epoch070.pt done
  A_dice_clw32_s6 epoch080.pt done
  A_dice_clw32_s6 epoch090.pt done
  A_dice_clw32_s6 epoch100.pt done
  A_dice_clw32_s7 epoch010.pt done
  A_dice_clw32_s7 epoch020.pt done
  A_dice_clw32_s7 epoch030.pt done
  A_dice_clw32_s7 epoch040.pt done
  A_dice_clw32_s7 epoch050.pt done
  A_dice_clw32_s7 epoch060.pt done
  A_dice_clw32_s7 epoch070.pt done
  A_dice_clw32_s7 epoch080.pt done
  A_dice_clw32_s7 epoch090.pt done
  A_dice_clw32_s7 epoch100.pt done
  A_dice_clw32_s8 epoch010.pt done
  A_dice_clw32_s8 epoch020.pt done
  A_dice_clw32_s8 epoch030.pt done
  A_dice_clw32_s8 epoch040.pt done
  A_dice_clw32_s8 epoch050.pt done
  A_dice_clw32_s8 epoch060.pt done
  A_dice_clw32_s8 epoch070.pt done
  A_dice_clw32_s8 epoch080.pt done
  A_dice_clw32_s8 epoch090.pt done
  A_dice_clw32_s8 epoch100.pt done
  A_dice_clw32_s9 epoch010.pt done
  A_dice_clw32_s9 epoch020.pt done
  A_dice_clw32_s9 epoch030.pt done
  A_dice_clw32_s9 epoch040.pt done
  A_dice_clw32_s9 epoch050.pt done
  A_dice_clw32_s9 epoch060.pt done
  A_dice_clw32_s9 epoch070.pt done
  A_dice_clw32_s9 epoch080.pt done
  A_dice_clw32_s9 epoch090.pt done
  A_dice_clw32_s9 epoch100.pt done
  A_dice_clw4_s0 epoch010.pt done
  A_dice_clw4_s0 epoch020.pt done
  A_dice_clw4_s0 epoch030.pt done
  A_dice_clw4_s0 epoch040.pt done
  A_dice_clw4_s0 epoch050.pt done
  A_dice_clw4_s0 epoch060.pt done
  A_dice_clw4_s0 epoch070.pt done
  A_dice_clw4_s0 epoch080.pt done
  A_dice_clw4_s0 epoch090.pt done
  A_dice_clw4_s0 epoch100.pt done
  A_dice_clw4_s1 epoch010.pt done
  A_dice_clw4_s1 epoch020.pt done
  A_dice_clw4_s1 epoch030.pt done
  A_dice_clw4_s1 epoch040.pt done
  A_dice_clw4_s1 epoch050.pt done
  A_dice_clw4_s1 epoch060.pt done
  A_dice_clw4_s1 epoch070.pt done
  A_dice_clw4_s1 epoch080.pt done
  A_dice_clw4_s1 epoch090.pt done
  A_dice_clw4_s1 epoch100.pt done
  A_dice_clw4_s10 epoch010.pt done
  A_dice_clw4_s10 epoch020.pt done
  A_dice_clw4_s10 epoch030.pt done
  A_dice_clw4_s10 epoch040.pt done
  A_dice_clw4_s10 epoch050.pt done
  A_dice_clw4_s10 epoch060.pt done
  A_dice_clw4_s10 epoch070.pt done
  A_dice_clw4_s10 epoch080.pt done
  A_dice_clw4_s10 epoch090.pt done
  A_dice_clw4_s10 epoch100.pt done
  A_dice_clw4_s11 epoch010.pt done
  A_dice_clw4_s11 epoch020.pt done
  A_dice_clw4_s11 epoch030.pt done
  A_dice_clw4_s11 epoch040.pt done
  A_dice_clw4_s11 epoch050.pt done
  A_dice_clw4_s11 epoch060.pt done
  A_dice_clw4_s11 epoch070.pt done
  A_dice_clw4_s11 epoch080.pt done
  A_dice_clw4_s11 epoch090.pt done
  A_dice_clw4_s11 epoch100.pt done
  A_dice_clw4_s2 epoch010.pt done
  A_dice_clw4_s2 epoch020.pt done
  A_dice_clw4_s2 epoch030.pt done
  A_dice_clw4_s2 epoch040.pt done
  A_dice_clw4_s2 epoch050.pt done
  A_dice_clw4_s2 epoch060.pt done
  A_dice_clw4_s2 epoch070.pt done
  A_dice_clw4_s2 epoch080.pt done
  A_dice_clw4_s2 epoch090.pt done
  A_dice_clw4_s2 epoch100.pt done
  A_dice_clw4_s3 epoch010.pt done
  A_dice_clw4_s3 epoch020.pt done
  A_dice_clw4_s3 epoch030.pt done
  A_dice_clw4_s3 epoch040.pt done
  A_dice_clw4_s3 epoch050.pt done
  A_dice_clw4_s3 epoch060.pt done
  A_dice_clw4_s3 epoch070.pt done
  A_dice_clw4_s3 epoch080.pt done
  A_dice_clw4_s3 epoch090.pt done
  A_dice_clw4_s3 epoch100.pt done
  A_dice_clw4_s4 epoch010.pt done
  A_dice_clw4_s4 epoch020.pt done
  A_dice_clw4_s4 epoch030.pt done
  A_dice_clw4_s4 epoch040.pt done
  A_dice_clw4_s4 epoch050.pt done
  A_dice_clw4_s4 epoch060.pt done
  A_dice_clw4_s4 epoch070.pt done
  A_dice_clw4_s4 epoch080.pt done
  A_dice_clw4_s4 epoch090.pt done
  A_dice_clw4_s4 epoch100.pt done
  A_dice_clw4_s5 epoch010.pt done
  A_dice_clw4_s5 epoch020.pt done
  A_dice_clw4_s5 epoch030.pt done
  A_dice_clw4_s5 epoch040.pt done
  A_dice_clw4_s5 epoch050.pt done
  A_dice_clw4_s5 epoch060.pt done
  A_dice_clw4_s5 epoch070.pt done
  A_dice_clw4_s5 epoch080.pt done
  A_dice_clw4_s5 epoch090.pt done
  A_dice_clw4_s5 epoch100.pt done
  A_dice_clw4_s6 epoch010.pt done
  A_dice_clw4_s6 epoch020.pt done
  A_dice_clw4_s6 epoch030.pt done
  A_dice_clw4_s6 epoch040.pt done
  A_dice_clw4_s6 epoch050.pt done
  A_dice_clw4_s6 epoch060.pt done
  A_dice_clw4_s6 epoch070.pt done
  A_dice_clw4_s6 epoch080.pt done
  A_dice_clw4_s6 epoch090.pt done
  A_dice_clw4_s6 epoch100.pt done
  A_dice_clw4_s7 epoch010.pt done
  A_dice_clw4_s7 epoch020.pt done
  A_dice_clw4_s7 epoch030.pt done
  A_dice_clw4_s7 epoch040.pt done
  A_dice_clw4_s7 epoch050.pt done
  A_dice_clw4_s7 epoch060.pt done
  A_dice_clw4_s7 epoch070.pt done
  A_dice_clw4_s7 epoch080.pt done
  A_dice_clw4_s7 epoch090.pt done
  A_dice_clw4_s7 epoch100.pt done
  A_dice_clw4_s8 epoch010.pt done
  A_dice_clw4_s8 epoch020.pt done
  A_dice_clw4_s8 epoch030.pt done
  A_dice_clw4_s8 epoch040.pt done
  A_dice_clw4_s8 epoch050.pt done
  A_dice_clw4_s8 epoch060.pt done
  A_dice_clw4_s8 epoch070.pt done
  A_dice_clw4_s8 epoch080.pt done
  A_dice_clw4_s8 epoch090.pt done
  A_dice_clw4_s8 epoch100.pt done
  A_dice_clw4_s9 epoch010.pt done
  A_dice_clw4_s9 epoch020.pt done
  A_dice_clw4_s9 epoch030.pt done
  A_dice_clw4_s9 epoch040.pt done
  A_dice_clw4_s9 epoch050.pt done
  A_dice_clw4_s9 epoch060.pt done
  A_dice_clw4_s9 epoch070.pt done
  A_dice_clw4_s9 epoch080.pt done
  A_dice_clw4_s9 epoch090.pt done
  A_dice_clw4_s9 epoch100.pt done
  A_dice_clw64_s0 epoch010.pt done
  A_dice_clw64_s0 epoch020.pt done
  A_dice_clw64_s0 epoch030.pt done
  A_dice_clw64_s0 epoch040.pt done
  A_dice_clw64_s0 epoch050.pt done
  A_dice_clw64_s0 epoch060.pt done
  A_dice_clw64_s0 epoch070.pt done
  A_dice_clw64_s0 epoch080.pt done
  A_dice_clw64_s0 epoch090.pt done
  A_dice_clw64_s0 epoch100.pt done
  A_dice_clw64_s1 epoch010.pt done
  A_dice_clw64_s1 epoch020.pt done
  A_dice_clw64_s1 epoch030.pt done
  A_dice_clw64_s1 epoch040.pt done
  A_dice_clw64_s1 epoch050.pt done
  A_dice_clw64_s1 epoch060.pt done
  A_dice_clw64_s1 epoch070.pt done
  A_dice_clw64_s1 epoch080.pt done
  A_dice_clw64_s1 epoch090.pt done
  A_dice_clw64_s1 epoch100.pt done
  A_dice_clw64_s10 epoch010.pt done
  A_dice_clw64_s10 epoch020.pt done
  A_dice_clw64_s10 epoch030.pt done
  A_dice_clw64_s10 epoch040.pt done
  A_dice_clw64_s10 epoch050.pt done
  A_dice_clw64_s10 epoch060.pt done
  A_dice_clw64_s10 epoch070.pt done
  A_dice_clw64_s10 epoch080.pt done
  A_dice_clw64_s10 epoch090.pt done
  A_dice_clw64_s10 epoch100.pt done
  A_dice_clw64_s11 epoch010.pt done
  A_dice_clw64_s11 epoch020.pt done
  A_dice_clw64_s11 epoch030.pt done
  A_dice_clw64_s11 epoch040.pt done
  A_dice_clw64_s11 epoch050.pt done
  A_dice_clw64_s11 epoch060.pt done
  A_dice_clw64_s11 epoch070.pt done
  A_dice_clw64_s11 epoch080.pt done
  A_dice_clw64_s11 epoch090.pt done
  A_dice_clw64_s11 epoch100.pt done
  A_dice_clw64_s2 epoch010.pt done
  A_dice_clw64_s2 epoch020.pt done
  A_dice_clw64_s2 epoch030.pt done
  A_dice_clw64_s2 epoch040.pt done
  A_dice_clw64_s2 epoch050.pt done
  A_dice_clw64_s2 epoch060.pt done
  A_dice_clw64_s2 epoch070.pt done
  A_dice_clw64_s2 epoch080.pt done
  A_dice_clw64_s2 epoch090.pt done
  A_dice_clw64_s2 epoch100.pt done
  A_dice_clw64_s3 epoch010.pt done
  A_dice_clw64_s3 epoch020.pt done
  A_dice_clw64_s3 epoch030.pt done
  A_dice_clw64_s3 epoch040.pt done
  A_dice_clw64_s3 epoch050.pt done
  A_dice_clw64_s3 epoch060.pt done
  A_dice_clw64_s3 epoch070.pt done
  A_dice_clw64_s3 epoch080.pt done
  A_dice_clw64_s3 epoch090.pt done
  A_dice_clw64_s3 epoch100.pt done
  A_dice_clw64_s4 epoch010.pt done
  A_dice_clw64_s4 epoch020.pt done
  A_dice_clw64_s4 epoch030.pt done
  A_dice_clw64_s4 epoch040.pt done
  A_dice_clw64_s4 epoch050.pt done
  A_dice_clw64_s4 epoch060.pt done
  A_dice_clw64_s4 epoch070.pt done
  A_dice_clw64_s4 epoch080.pt done
  A_dice_clw64_s4 epoch090.pt done
  A_dice_clw64_s4 epoch100.pt done
  A_dice_clw64_s5 epoch010.pt done
  A_dice_clw64_s5 epoch020.pt done
  A_dice_clw64_s5 epoch030.pt done
  A_dice_clw64_s5 epoch040.pt done
  A_dice_clw64_s5 epoch050.pt done
  A_dice_clw64_s5 epoch060.pt done
  A_dice_clw64_s5 epoch070.pt done
  A_dice_clw64_s5 epoch080.pt done
  A_dice_clw64_s5 epoch090.pt done
  A_dice_clw64_s5 epoch100.pt done
  A_dice_clw64_s6 epoch010.pt done
  A_dice_clw64_s6 epoch020.pt done
  A_dice_clw64_s6 epoch030.pt done
  A_dice_clw64_s6 epoch040.pt done
  A_dice_clw64_s6 epoch050.pt done
  A_dice_clw64_s6 epoch060.pt done
  A_dice_clw64_s6 epoch070.pt done
  A_dice_clw64_s6 epoch080.pt done
  A_dice_clw64_s6 epoch090.pt done
  A_dice_clw64_s6 epoch100.pt done
  A_dice_clw64_s7 epoch010.pt done
  A_dice_clw64_s7 epoch020.pt done
  A_dice_clw64_s7 epoch030.pt done
  A_dice_clw64_s7 epoch040.pt done
  A_dice_clw64_s7 epoch050.pt done
  A_dice_clw64_s7 epoch060.pt done
  A_dice_clw64_s7 epoch070.pt done
  A_dice_clw64_s7 epoch080.pt done
  A_dice_clw64_s7 epoch090.pt done
  A_dice_clw64_s7 epoch100.pt done
  A_dice_clw64_s8 epoch010.pt done
  A_dice_clw64_s8 epoch020.pt done
  A_dice_clw64_s8 epoch030.pt done
  A_dice_clw64_s8 epoch040.pt done
  A_dice_clw64_s8 epoch050.pt done
  A_dice_clw64_s8 epoch060.pt done
  A_dice_clw64_s8 epoch070.pt done
  A_dice_clw64_s8 epoch080.pt done
  A_dice_clw64_s8 epoch090.pt done
  A_dice_clw64_s8 epoch100.pt done
  A_dice_clw64_s9 epoch010.pt done
  A_dice_clw64_s9 epoch020.pt done
  A_dice_clw64_s9 epoch030.pt done
  A_dice_clw64_s9 epoch040.pt done
  A_dice_clw64_s9 epoch050.pt done
  A_dice_clw64_s9 epoch060.pt done
  A_dice_clw64_s9 epoch070.pt done
  A_dice_clw64_s9 epoch080.pt done
  A_dice_clw64_s9 epoch090.pt done
  A_dice_clw64_s9 epoch100.pt done
  A_dice_clw8_s0 epoch010.pt done
  A_dice_clw8_s0 epoch020.pt done
  A_dice_clw8_s0 epoch030.pt done
  A_dice_clw8_s0 epoch040.pt done
  A_dice_clw8_s0 epoch050.pt done
  A_dice_clw8_s0 epoch060.pt done
  A_dice_clw8_s0 epoch070.pt done
  A_dice_clw8_s0 epoch080.pt done
  A_dice_clw8_s0 epoch090.pt done
  A_dice_clw8_s0 epoch100.pt done
  A_dice_clw8_s1 epoch010.pt done
  A_dice_clw8_s1 epoch020.pt done
  A_dice_clw8_s1 epoch030.pt done
  A_dice_clw8_s1 epoch040.pt done
  A_dice_clw8_s1 epoch050.pt done
  A_dice_clw8_s1 epoch060.pt done
  A_dice_clw8_s1 epoch070.pt done
  A_dice_clw8_s1 epoch080.pt done
  A_dice_clw8_s1 epoch090.pt done
  A_dice_clw8_s1 epoch100.pt done
  A_dice_clw8_s10 epoch010.pt done
  A_dice_clw8_s10 epoch020.pt done
  A_dice_clw8_s10 epoch030.pt done
  A_dice_clw8_s10 epoch040.pt done
  A_dice_clw8_s10 epoch050.pt done
  A_dice_clw8_s10 epoch060.pt done
  A_dice_clw8_s10 epoch070.pt done
  A_dice_clw8_s10 epoch080.pt done
  A_dice_clw8_s10 epoch090.pt done
  A_dice_clw8_s10 epoch100.pt done
  A_dice_clw8_s11 epoch010.pt done
  A_dice_clw8_s11 epoch020.pt done
  A_dice_clw8_s11 epoch030.pt done
  A_dice_clw8_s11 epoch040.pt done
  A_dice_clw8_s11 epoch050.pt done
  A_dice_clw8_s11 epoch060.pt done
  A_dice_clw8_s11 epoch070.pt done
  A_dice_clw8_s11 epoch080.pt done
  A_dice_clw8_s11 epoch090.pt done
  A_dice_clw8_s11 epoch100.pt done
  A_dice_clw8_s2 epoch010.pt done
  A_dice_clw8_s2 epoch020.pt done
  A_dice_clw8_s2 epoch030.pt done
  A_dice_clw8_s2 epoch040.pt done
  A_dice_clw8_s2 epoch050.pt done
  A_dice_clw8_s2 epoch060.pt done
  A_dice_clw8_s2 epoch070.pt done
  A_dice_clw8_s2 epoch080.pt done
  A_dice_clw8_s2 epoch090.pt done
  A_dice_clw8_s2 epoch100.pt done
  A_dice_clw8_s3 epoch010.pt done
  A_dice_clw8_s3 epoch020.pt done
  A_dice_clw8_s3 epoch030.pt done
  A_dice_clw8_s3 epoch040.pt done
  A_dice_clw8_s3 epoch050.pt done
  A_dice_clw8_s3 epoch060.pt done
  A_dice_clw8_s3 epoch070.pt done
  A_dice_clw8_s3 epoch080.pt done
  A_dice_clw8_s3 epoch090.pt done
  A_dice_clw8_s3 epoch100.pt done
  A_dice_clw8_s4 epoch010.pt done
  A_dice_clw8_s4 epoch020.pt done
  A_dice_clw8_s4 epoch030.pt done
  A_dice_clw8_s4 epoch040.pt done
  A_dice_clw8_s4 epoch050.pt done
  A_dice_clw8_s4 epoch060.pt done
  A_dice_clw8_s4 epoch070.pt done
  A_dice_clw8_s4 epoch080.pt done
  A_dice_clw8_s4 epoch090.pt done
  A_dice_clw8_s4 epoch100.pt done
  A_dice_clw8_s5 epoch010.pt done
  A_dice_clw8_s5 epoch020.pt done
  A_dice_clw8_s5 epoch030.pt done
  A_dice_clw8_s5 epoch040.pt done
  A_dice_clw8_s5 epoch050.pt done
  A_dice_clw8_s5 epoch060.pt done
  A_dice_clw8_s5 epoch070.pt done
  A_dice_clw8_s5 epoch080.pt done
  A_dice_clw8_s5 epoch090.pt done
  A_dice_clw8_s5 epoch100.pt done
  A_dice_clw8_s6 epoch010.pt done
  A_dice_clw8_s6 epoch020.pt done
  A_dice_clw8_s6 epoch030.pt done
  A_dice_clw8_s6 epoch040.pt done
  A_dice_clw8_s6 epoch050.pt done
  A_dice_clw8_s6 epoch060.pt done
  A_dice_clw8_s6 epoch070.pt done
  A_dice_clw8_s6 epoch080.pt done
  A_dice_clw8_s6 epoch090.pt done
  A_dice_clw8_s6 epoch100.pt done
  A_dice_clw8_s7 epoch010.pt done
  A_dice_clw8_s7 epoch020.pt done
  A_dice_clw8_s7 epoch030.pt done
  A_dice_clw8_s7 epoch040.pt done
  A_dice_clw8_s7 epoch050.pt done
  A_dice_clw8_s7 epoch060.pt done
  A_dice_clw8_s7 epoch070.pt done
  A_dice_clw8_s7 epoch080.pt done
  A_dice_clw8_s7 epoch090.pt done
  A_dice_clw8_s7 epoch100.pt done
  A_dice_clw8_s8 epoch010.pt done
  A_dice_clw8_s8 epoch020.pt done
  A_dice_clw8_s8 epoch030.pt done
  A_dice_clw8_s8 epoch040.pt done
  A_dice_clw8_s8 epoch050.pt done
  A_dice_clw8_s8 epoch060.pt done
  A_dice_clw8_s8 epoch070.pt done
  A_dice_clw8_s8 epoch080.pt done
  A_dice_clw8_s8 epoch090.pt done
  A_dice_clw8_s8 epoch100.pt done
  A_dice_clw8_s9 epoch010.pt done
  A_dice_clw8_s9 epoch020.pt done
  A_dice_clw8_s9 epoch030.pt done
  A_dice_clw8_s9 epoch040.pt done
  A_dice_clw8_s9 epoch050.pt done
  A_dice_clw8_s9 epoch060.pt done
  A_dice_clw8_s9 epoch070.pt done
  A_dice_clw8_s9 epoch080.pt done
  A_dice_clw8_s9 epoch090.pt done
  A_dice_clw8_s9 epoch100.pt done
  A_dice_s0 epoch010.pt done
  A_dice_s0 epoch020.pt done
  A_dice_s0 epoch030.pt done
  A_dice_s0 epoch040.pt done
  A_dice_s0 epoch050.pt done
  A_dice_s0 epoch060.pt done
  A_dice_s0 epoch070.pt done
  A_dice_s0 epoch080.pt done
  A_dice_s0 epoch090.pt done
  A_dice_s0 epoch100.pt done
  A_dice_s1 epoch010.pt done
  A_dice_s1 epoch020.pt done
  A_dice_s1 epoch030.pt done
  A_dice_s1 epoch040.pt done
  A_dice_s1 epoch050.pt done
  A_dice_s1 epoch060.pt done
  A_dice_s1 epoch070.pt done
  A_dice_s1 epoch080.pt done
  A_dice_s1 epoch090.pt done
  A_dice_s1 epoch100.pt done
  A_dice_s10 epoch010.pt done
  A_dice_s10 epoch020.pt done
  A_dice_s10 epoch030.pt done
  A_dice_s10 epoch040.pt done
  A_dice_s10 epoch050.pt done
  A_dice_s10 epoch060.pt done
  A_dice_s10 epoch070.pt done
  A_dice_s10 epoch080.pt done
  A_dice_s10 epoch090.pt done
  A_dice_s10 epoch100.pt done
  A_dice_s11 epoch010.pt done
  A_dice_s11 epoch020.pt done
  A_dice_s11 epoch030.pt done
  A_dice_s11 epoch040.pt done
  A_dice_s11 epoch050.pt done
  A_dice_s11 epoch060.pt done
  A_dice_s11 epoch070.pt done
  A_dice_s11 epoch080.pt done
  A_dice_s11 epoch090.pt done
  A_dice_s11 epoch100.pt done
  A_dice_s2 epoch010.pt done
  A_dice_s2 epoch020.pt done
  A_dice_s2 epoch030.pt done
  A_dice_s2 epoch040.pt done
  A_dice_s2 epoch050.pt done
  A_dice_s2 epoch060.pt done
  A_dice_s2 epoch070.pt done
  A_dice_s2 epoch080.pt done
  A_dice_s2 epoch090.pt done
  A_dice_s2 epoch100.pt done
  A_dice_s3 epoch010.pt done
  A_dice_s3 epoch020.pt done
  A_dice_s3 epoch030.pt done
  A_dice_s3 epoch040.pt done
  A_dice_s3 epoch050.pt done
  A_dice_s3 epoch060.pt done
  A_dice_s3 epoch070.pt done
  A_dice_s3 epoch080.pt done
  A_dice_s3 epoch090.pt done
  A_dice_s3 epoch100.pt done
  A_dice_s4 epoch010.pt done
  A_dice_s4 epoch020.pt done
  A_dice_s4 epoch030.pt done
  A_dice_s4 epoch040.pt done
  A_dice_s4 epoch050.pt done
  A_dice_s4 epoch060.pt done
  A_dice_s4 epoch070.pt done
  A_dice_s4 epoch080.pt done
  A_dice_s4 epoch090.pt done
  A_dice_s4 epoch100.pt done
  A_dice_s5 epoch010.pt done
  A_dice_s5 epoch020.pt done
  A_dice_s5 epoch030.pt done
  A_dice_s5 epoch040.pt done
  A_dice_s5 epoch050.pt done
  A_dice_s5 epoch060.pt done
  A_dice_s5 epoch070.pt done
  A_dice_s5 epoch080.pt done
  A_dice_s5 epoch090.pt done
  A_dice_s5 epoch100.pt done
  A_dice_s6 epoch010.pt done
  A_dice_s6 epoch020.pt done
  A_dice_s6 epoch030.pt done
  A_dice_s6 epoch040.pt done
  A_dice_s6 epoch050.pt done
  A_dice_s6 epoch060.pt done
  A_dice_s6 epoch070.pt done
  A_dice_s6 epoch080.pt done
  A_dice_s6 epoch090.pt done
  A_dice_s6 epoch100.pt done
  A_dice_s7 epoch010.pt done
  A_dice_s7 epoch020.pt done
  A_dice_s7 epoch030.pt done
  A_dice_s7 epoch040.pt done
  A_dice_s7 epoch050.pt done
  A_dice_s7 epoch060.pt done
  A_dice_s7 epoch070.pt done
  A_dice_s7 epoch080.pt done
  A_dice_s7 epoch090.pt done
  A_dice_s7 epoch100.pt done
  A_dice_s8 epoch010.pt done
  A_dice_s8 epoch020.pt done
  A_dice_s8 epoch030.pt done
  A_dice_s8 epoch040.pt done
  A_dice_s8 epoch050.pt done
  A_dice_s8 epoch060.pt done
  A_dice_s8 epoch070.pt done
  A_dice_s8 epoch080.pt done
  A_dice_s8 epoch090.pt done
  A_dice_s8 epoch100.pt done
  A_dice_s9 epoch010.pt done
  A_dice_s9 epoch020.pt done
  A_dice_s9 epoch030.pt done
  A_dice_s9 epoch040.pt done
  A_dice_s9 epoch050.pt done
  A_dice_s9 epoch060.pt done
  A_dice_s9 epoch070.pt done
  A_dice_s9 epoch080.pt done
  A_dice_s9 epoch090.pt done
  A_dice_s9 epoch100.pt done
  A_dice_w32_s0 epoch010.pt done
  A_dice_w32_s0 epoch020.pt done
  A_dice_w32_s0 epoch030.pt done
  A_dice_w32_s0 epoch040.pt done
  A_dice_w32_s0 epoch050.pt done
  A_dice_w32_s0 epoch060.pt done
  A_dice_w32_s0 epoch070.pt done
  A_dice_w32_s0 epoch080.pt done
  A_dice_w32_s0 epoch090.pt done
  A_dice_w32_s0 epoch100.pt done
  A_dice_w32_s1 epoch010.pt done
  A_dice_w32_s1 epoch020.pt done
  A_dice_w32_s1 epoch030.pt done
  A_dice_w32_s1 epoch040.pt done
  A_dice_w32_s1 epoch050.pt done
  A_dice_w32_s1 epoch060.pt done
  A_dice_w32_s1 epoch070.pt done
  A_dice_w32_s1 epoch080.pt done
  A_dice_w32_s1 epoch090.pt done
  A_dice_w32_s1 epoch100.pt done
  A_dice_w32_s2 epoch010.pt done
  A_dice_w32_s2 epoch020.pt done
  A_dice_w32_s2 epoch030.pt done
  A_dice_w32_s2 epoch040.pt done
  A_dice_w32_s2 epoch050.pt done
  A_dice_w32_s2 epoch060.pt done
  A_dice_w32_s2 epoch070.pt done
  A_dice_w32_s2 epoch080.pt done
  A_dice_w32_s2 epoch090.pt done
  A_dice_w32_s2 epoch100.pt done
  A_dice_w64_d5_s0 epoch010.pt done
  A_dice_w64_d5_s0 epoch020.pt done
  A_dice_w64_d5_s0 epoch030.pt done
  A_dice_w64_d5_s0 epoch040.pt done
  A_dice_w64_d5_s0 epoch050.pt done
  A_dice_w64_d5_s0 epoch060.pt done
  A_dice_w64_d5_s0 epoch070.pt done
  A_dice_w64_d5_s0 epoch080.pt done
  A_dice_w64_d5_s0 epoch090.pt done
  A_dice_w64_d5_s0 epoch100.pt done
  A_dice_w64_d5_s1 epoch010.pt done
  A_dice_w64_d5_s1 epoch020.pt done
  A_dice_w64_d5_s1 epoch030.pt done
  A_dice_w64_d5_s1 epoch040.pt done
  A_dice_w64_d5_s1 epoch050.pt done
  A_dice_w64_d5_s1 epoch060.pt done
  A_dice_w64_d5_s1 epoch070.pt done
  A_dice_w64_d5_s1 epoch080.pt done
  A_dice_w64_d5_s1 epoch090.pt done
  A_dice_w64_d5_s1 epoch100.pt done
  A_dice_w64_d5_s2 epoch010.pt done
  A_dice_w64_d5_s2 epoch020.pt done
  A_dice_w64_d5_s2 epoch030.pt done
  A_dice_w64_d5_s2 epoch040.pt done
  A_dice_w64_d5_s2 epoch050.pt done
  A_dice_w64_d5_s2 epoch060.pt done
  A_dice_w64_d5_s2 epoch070.pt done
  A_dice_w64_d5_s2 epoch080.pt done
  A_dice_w64_d5_s2 epoch090.pt done
  A_dice_w64_d5_s2 epoch100.pt done
  A_dice_w64_d5_s3 epoch010.pt done
  A_dice_w64_d5_s3 epoch020.pt done
  A_dice_w64_d5_s3 epoch030.pt done
  A_dice_w64_d5_s3 epoch040.pt done
  A_dice_w64_d5_s3 epoch050.pt done
  A_dice_w64_d5_s3 epoch060.pt done
  A_dice_w64_d5_s3 epoch070.pt done
  A_dice_w64_d5_s3 epoch080.pt done
  A_dice_w64_d5_s3 epoch090.pt done
  A_dice_w64_d5_s3 epoch100.pt done
  A_dice_w64_d5_s4 epoch010.pt done
  A_dice_w64_d5_s4 epoch020.pt done
  A_dice_w64_d5_s4 epoch030.pt done
  A_dice_w64_d5_s4 epoch040.pt done
  A_dice_w64_d5_s4 epoch050.pt done
  A_dice_w64_d5_s4 epoch060.pt done
  A_dice_w64_d5_s4 epoch070.pt done
  A_dice_w64_d5_s4 epoch080.pt done
  A_dice_w64_d5_s4 epoch090.pt done
  A_dice_w64_d5_s4 epoch100.pt done
  B_cldice_s0 epoch010.pt done
  B_cldice_s0 epoch020.pt done
  B_cldice_s0 epoch030.pt done
  B_cldice_s0 epoch040.pt done
  B_cldice_s0 epoch050.pt done
  B_cldice_s0 epoch060.pt done
  B_cldice_s0 epoch070.pt done
  B_cldice_s0 epoch080.pt done
  B_cldice_s0 epoch090.pt done
  B_cldice_s0 epoch100.pt done
  B_cldice_s1 epoch010.pt done
  B_cldice_s1 epoch020.pt done
  B_cldice_s1 epoch030.pt done
  B_cldice_s1 epoch040.pt done
  B_cldice_s1 epoch050.pt done
  B_cldice_s1 epoch060.pt done
  B_cldice_s1 epoch070.pt done
  B_cldice_s1 epoch080.pt done
  B_cldice_s1 epoch090.pt done
  B_cldice_s1 epoch100.pt done
  B_cldice_s2 epoch010.pt done
  B_cldice_s2 epoch020.pt done
  B_cldice_s2 epoch030.pt done
  B_cldice_s2 epoch040.pt done
  B_cldice_s2 epoch050.pt done
  B_cldice_s2 epoch060.pt done
  B_cldice_s2 epoch070.pt done
  B_cldice_s2 epoch080.pt done
  B_cldice_s2 epoch090.pt done
  B_cldice_s2 epoch100.pt done
  B_cldice_s3 epoch010.pt done
  B_cldice_s3 epoch020.pt done
  B_cldice_s3 epoch030.pt done
  B_cldice_s3 epoch040.pt done
  B_cldice_s3 epoch050.pt done
  B_cldice_s3 epoch060.pt done
  B_cldice_s3 epoch070.pt done
  B_cldice_s3 epoch080.pt done
  B_cldice_s3 epoch090.pt done
  B_cldice_s3 epoch100.pt done
  B_cldice_s4 epoch010.pt done
  B_cldice_s4 epoch020.pt done
  B_cldice_s4 epoch030.pt done
  B_cldice_s4 epoch040.pt done
  B_cldice_s4 epoch050.pt done
  B_cldice_s4 epoch060.pt done
  B_cldice_s4 epoch070.pt done
  B_cldice_s4 epoch080.pt done
  B_cldice_s4 epoch090.pt done
  B_cldice_s4 epoch100.pt done
  B_cldice_s5 epoch010.pt done
  B_cldice_s5 epoch020.pt done
  B_cldice_s5 epoch030.pt done
  B_cldice_s5 epoch040.pt done
  B_cldice_s5 epoch050.pt done
  B_cldice_s5 epoch060.pt done
  B_cldice_s5 epoch070.pt done
  B_cldice_s5 epoch080.pt done
  B_cldice_s5 epoch090.pt done
  B_cldice_s5 epoch100.pt done
  B_cldice_w32_s0 epoch010.pt done
  B_cldice_w32_s0 epoch020.pt done
  B_cldice_w32_s0 epoch030.pt done
  B_cldice_w32_s0 epoch040.pt done
  B_cldice_w32_s0 epoch050.pt done
  B_cldice_w32_s0 epoch060.pt done
  B_cldice_w32_s0 epoch070.pt done
  B_cldice_w32_s0 epoch080.pt done
  B_cldice_w32_s0 epoch090.pt done
  B_cldice_w32_s0 epoch100.pt done
  B_cldice_w32_s1 epoch010.pt done
  B_cldice_w32_s1 epoch020.pt done
  B_cldice_w32_s1 epoch030.pt done
  B_cldice_w32_s1 epoch040.pt done
  B_cldice_w32_s1 epoch050.pt done
  B_cldice_w32_s1 epoch060.pt done
  B_cldice_w32_s1 epoch070.pt done
  B_cldice_w32_s1 epoch080.pt done
  B_cldice_w32_s1 epoch090.pt done
  B_cldice_w32_s1 epoch100.pt done
  B_cldice_w32_s2 epoch010.pt done
  B_cldice_w32_s2 epoch020.pt done
  B_cldice_w32_s2 epoch030.pt done
  B_cldice_w32_s2 epoch040.pt done
  B_cldice_w32_s2 epoch050.pt done
  B_cldice_w32_s2 epoch060.pt done
  B_cldice_w32_s2 epoch070.pt done
  B_cldice_w32_s2 epoch080.pt done
  B_cldice_w32_s2 epoch090.pt done
  B_cldice_w32_s2 epoch100.pt done
  B_cldice_w64_d5_s0 epoch010.pt done
  B_cldice_w64_d5_s0 epoch020.pt done
  B_cldice_w64_d5_s0 epoch030.pt done
  B_cldice_w64_d5_s0 epoch040.pt done
  B_cldice_w64_d5_s0 epoch050.pt done
  B_cldice_w64_d5_s0 epoch060.pt done
  B_cldice_w64_d5_s0 epoch070.pt done
  B_cldice_w64_d5_s0 epoch080.pt done
  B_cldice_w64_d5_s0 epoch090.pt done
  B_cldice_w64_d5_s0 epoch100.pt done
  B_cldice_w64_d5_s1 epoch010.pt done
  B_cldice_w64_d5_s1 epoch020.pt done
  B_cldice_w64_d5_s1 epoch030.pt done
  B_cldice_w64_d5_s1 epoch040.pt done
  B_cldice_w64_d5_s1 epoch050.pt done
  B_cldice_w64_d5_s1 epoch060.pt done
  B_cldice_w64_d5_s1 epoch070.pt done
  B_cldice_w64_d5_s1 epoch080.pt done
  B_cldice_w64_d5_s1 epoch090.pt done
  B_cldice_w64_d5_s1 epoch100.pt done
  B_cldice_w64_d5_s2 epoch010.pt done
  B_cldice_w64_d5_s2 epoch020.pt done
  B_cldice_w64_d5_s2 epoch030.pt done
  B_cldice_w64_d5_s2 epoch040.pt done
  B_cldice_w64_d5_s2 epoch050.pt done
  B_cldice_w64_d5_s2 epoch060.pt done
  B_cldice_w64_d5_s2 epoch070.pt done
  B_cldice_w64_d5_s2 epoch080.pt done
  B_cldice_w64_d5_s2 epoch090.pt done
  B_cldice_w64_d5_s2 epoch100.pt done
  B_cldice_w64_d5_s3 epoch010.pt done
  B_cldice_w64_d5_s3 epoch020.pt done
  B_cldice_w64_d5_s3 epoch030.pt done
  B_cldice_w64_d5_s3 epoch040.pt done
  B_cldice_w64_d5_s3 epoch050.pt done
  B_cldice_w64_d5_s3 epoch060.pt done
  B_cldice_w64_d5_s3 epoch070.pt done
  B_cldice_w64_d5_s3 epoch080.pt done
  B_cldice_w64_d5_s3 epoch090.pt done
  B_cldice_w64_d5_s3 epoch100.pt done
  B_cldice_w64_d5_s4 epoch010.pt done
  B_cldice_w64_d5_s4 epoch020.pt done
  B_cldice_w64_d5_s4 epoch030.pt done
  B_cldice_w64_d5_s4 epoch040.pt done
  B_cldice_w64_d5_s4 epoch050.pt done
  B_cldice_w64_d5_s4 epoch060.pt done
  B_cldice_w64_d5_s4 epoch070.pt done
  B_cldice_w64_d5_s4 epoch080.pt done
  B_cldice_w64_d5_s4 epoch090.pt done
  B_cldice_w64_d5_s4 epoch100.pt done
  C_boundary_s0 epoch010.pt done
  C_boundary_s0 epoch020.pt done
  C_boundary_s0 epoch030.pt done
  C_boundary_s0 epoch040.pt done
  C_boundary_s0 epoch050.pt done
  C_boundary_s0 epoch060.pt done
  C_boundary_s0 epoch070.pt done
  C_boundary_s0 epoch080.pt done
  C_boundary_s0 epoch090.pt done
  C_boundary_s0 epoch100.pt done
  C_boundary_s1 epoch010.pt done
  C_boundary_s1 epoch020.pt done
  C_boundary_s1 epoch030.pt done
  C_boundary_s1 epoch040.pt done
  C_boundary_s1 epoch050.pt done
  C_boundary_s1 epoch060.pt done
  C_boundary_s1 epoch070.pt done
  C_boundary_s1 epoch080.pt done
  C_boundary_s1 epoch090.pt done
  C_boundary_s1 epoch100.pt done
  C_boundary_s2 epoch010.pt done
  C_boundary_s2 epoch020.pt done
  C_boundary_s2 epoch030.pt done
  C_boundary_s2 epoch040.pt done
  C_boundary_s2 epoch050.pt done
  C_boundary_s2 epoch060.pt done
  C_boundary_s2 epoch070.pt done
  C_boundary_s2 epoch080.pt done
  C_boundary_s2 epoch090.pt done
  C_boundary_s2 epoch100.pt done
  C_boundary_s3 epoch010.pt done
  C_boundary_s3 epoch020.pt done
  C_boundary_s3 epoch030.pt done
  C_boundary_s3 epoch040.pt done
  C_boundary_s3 epoch050.pt done
  C_boundary_s3 epoch060.pt done
  C_boundary_s3 epoch070.pt done
  C_boundary_s3 epoch080.pt done
  C_boundary_s3 epoch090.pt done
  C_boundary_s3 epoch100.pt done
  C_boundary_s4 epoch010.pt done
  C_boundary_s4 epoch020.pt done
  C_boundary_s4 epoch030.pt done
  C_boundary_s4 epoch040.pt done
  C_boundary_s4 epoch050.pt done
  C_boundary_s4 epoch060.pt done
  C_boundary_s4 epoch070.pt done
  C_boundary_s4 epoch080.pt done
  C_boundary_s4 epoch090.pt done
  C_boundary_s4 epoch100.pt done
  C_boundary_s5 epoch010.pt done
  C_boundary_s5 epoch020.pt done
  C_boundary_s5 epoch030.pt done
  C_boundary_s5 epoch040.pt done
  C_boundary_s5 epoch050.pt done
  C_boundary_s5 epoch060.pt done
  C_boundary_s5 epoch070.pt done
  C_boundary_s5 epoch080.pt done
  C_boundary_s5 epoch090.pt done
  C_boundary_s5 epoch100.pt done
  D_blurpool_s0 epoch010.pt done
  D_blurpool_s0 epoch020.pt done
  D_blurpool_s0 epoch030.pt done
  D_blurpool_s0 epoch040.pt done
  D_blurpool_s0 epoch050.pt done
  D_blurpool_s0 epoch060.pt done
  D_blurpool_s0 epoch070.pt done
  D_blurpool_s0 epoch080.pt done
  D_blurpool_s0 epoch090.pt done
  D_blurpool_s0 epoch100.pt done
  D_blurpool_s1 epoch010.pt done
  D_blurpool_s1 epoch020.pt done
  D_blurpool_s1 epoch030.pt done
  D_blurpool_s1 epoch040.pt done
  D_blurpool_s1 epoch050.pt done
  D_blurpool_s1 epoch060.pt done
  D_blurpool_s1 epoch070.pt done
  D_blurpool_s1 epoch080.pt done
  D_blurpool_s1 epoch090.pt done
  D_blurpool_s1 epoch100.pt done
  D_blurpool_s2 epoch010.pt done
  D_blurpool_s2 epoch020.pt done
  D_blurpool_s2 epoch030.pt done
  D_blurpool_s2 epoch040.pt done
  D_blurpool_s2 epoch050.pt done
  D_blurpool_s2 epoch060.pt done
  D_blurpool_s2 epoch070.pt done
  D_blurpool_s2 epoch080.pt done
  D_blurpool_s2 epoch090.pt done
  D_blurpool_s2 epoch100.pt done
  D_blurpool_s3 epoch010.pt done
  D_blurpool_s3 epoch020.pt done
  D_blurpool_s3 epoch030.pt done
  D_blurpool_s3 epoch040.pt done
  D_blurpool_s3 epoch050.pt done
  D_blurpool_s3 epoch060.pt done
  D_blurpool_s3 epoch070.pt done
  D_blurpool_s3 epoch080.pt done
  D_blurpool_s3 epoch090.pt done
  D_blurpool_s3 epoch100.pt done
  D_blurpool_s4 epoch010.pt done
  D_blurpool_s4 epoch020.pt done
  D_blurpool_s4 epoch030.pt done
  D_blurpool_s4 epoch040.pt done
  D_blurpool_s4 epoch050.pt done
  D_blurpool_s4 epoch060.pt done
  D_blurpool_s4 epoch070.pt done
  D_blurpool_s4 epoch080.pt done
  D_blurpool_s4 epoch090.pt done
  D_blurpool_s4 epoch100.pt done
  D_blurpool_s5 epoch010.pt done
  D_blurpool_s5 epoch020.pt done
  D_blurpool_s5 epoch030.pt done
  D_blurpool_s5 epoch040.pt done
  D_blurpool_s5 epoch050.pt done
  D_blurpool_s5 epoch060.pt done
  D_blurpool_s5 epoch070.pt done
  D_blurpool_s5 epoch080.pt done
  D_blurpool_s5 epoch090.pt done
  D_blurpool_s5 epoch100.pt done
  E_cbdice_s0 epoch010.pt done
  E_cbdice_s0 epoch020.pt done
  E_cbdice_s0 epoch030.pt done
  E_cbdice_s0 epoch040.pt done
  E_cbdice_s0 epoch050.pt done
  E_cbdice_s0 epoch060.pt done
  E_cbdice_s0 epoch070.pt done
  E_cbdice_s0 epoch080.pt done
  E_cbdice_s0 epoch090.pt done
  E_cbdice_s0 epoch100.pt done
  E_cbdice_s1 epoch010.pt done
  E_cbdice_s1 epoch020.pt done
  E_cbdice_s1 epoch030.pt done
  E_cbdice_s1 epoch040.pt done
  E_cbdice_s1 epoch050.pt done
  E_cbdice_s1 epoch060.pt done
  E_cbdice_s1 epoch070.pt done
  E_cbdice_s1 epoch080.pt done
  E_cbdice_s1 epoch090.pt done
  E_cbdice_s1 epoch100.pt done
  E_cbdice_s2 epoch010.pt done
  E_cbdice_s2 epoch020.pt done
  E_cbdice_s2 epoch030.pt done
  E_cbdice_s2 epoch040.pt done
  E_cbdice_s2 epoch050.pt done
  E_cbdice_s2 epoch060.pt done
  E_cbdice_s2 epoch070.pt done
  E_cbdice_s2 epoch080.pt done
  E_cbdice_s2 epoch090.pt done
  E_cbdice_s2 epoch100.pt done
  E_cbdice_s3 epoch010.pt done
  E_cbdice_s3 epoch020.pt done
  E_cbdice_s3 epoch030.pt done
  E_cbdice_s3 epoch040.pt done
  E_cbdice_s3 epoch050.pt done
  E_cbdice_s3 epoch060.pt done
  E_cbdice_s3 epoch070.pt done
  E_cbdice_s3 epoch080.pt done
  E_cbdice_s3 epoch090.pt done
  E_cbdice_s3 epoch100.pt done
  E_cbdice_s4 epoch010.pt done
  E_cbdice_s4 epoch020.pt done
  E_cbdice_s4 epoch030.pt done
  E_cbdice_s4 epoch040.pt done
  E_cbdice_s4 epoch050.pt done
  E_cbdice_s4 epoch060.pt done
  E_cbdice_s4 epoch070.pt done
  E_cbdice_s4 epoch080.pt done
  E_cbdice_s4 epoch090.pt done
  E_cbdice_s4 epoch100.pt done
  E_cbdice_s5 epoch010.pt done
  E_cbdice_s5 epoch020.pt done
  E_cbdice_s5 epoch030.pt done
  E_cbdice_s5 epoch040.pt done
  E_cbdice_s5 epoch050.pt done
  E_cbdice_s5 epoch060.pt done
  E_cbdice_s5 epoch070.pt done
  E_cbdice_s5 epoch080.pt done
  E_cbdice_s5 epoch090.pt done
  E_cbdice_s5 epoch100.pt done
  F_gated_s0 epoch010.pt done
  F_gated_s0 epoch020.pt done
  F_gated_s0 epoch030.pt done
  F_gated_s0 epoch040.pt done
  F_gated_s0 epoch050.pt done
  F_gated_s0 epoch060.pt done
  F_gated_s0 epoch070.pt done
  F_gated_s0 epoch080.pt done
  F_gated_s0 epoch090.pt done
  F_gated_s0 epoch100.pt done
  F_gated_s1 epoch010.pt done
  F_gated_s1 epoch020.pt done
  F_gated_s1 epoch030.pt done
  F_gated_s1 epoch040.pt done
  F_gated_s1 epoch050.pt done
  F_gated_s1 epoch060.pt done
  F_gated_s1 epoch070.pt done
  F_gated_s1 epoch080.pt done
  F_gated_s1 epoch090.pt done
  F_gated_s1 epoch100.pt done
  F_gated_s2 epoch010.pt done
  F_gated_s2 epoch020.pt done
  F_gated_s2 epoch030.pt done
  F_gated_s2 epoch040.pt done
  F_gated_s2 epoch050.pt done
  F_gated_s2 epoch060.pt done
  F_gated_s2 epoch070.pt done
  F_gated_s2 epoch080.pt done
  F_gated_s2 epoch090.pt done
  F_gated_s2 epoch100.pt done
  F_gated_s3 epoch010.pt done
  F_gated_s3 epoch020.pt done
  F_gated_s3 epoch030.pt done
  F_gated_s3 epoch040.pt done
  F_gated_s3 epoch050.pt done
  F_gated_s3 epoch060.pt done
  F_gated_s3 epoch070.pt done
  F_gated_s3 epoch080.pt done
  F_gated_s3 epoch090.pt done
  F_gated_s3 epoch100.pt done
  F_gated_s4 epoch010.pt done
  F_gated_s4 epoch020.pt done
  F_gated_s4 epoch030.pt done
  F_gated_s4 epoch040.pt done
  F_gated_s4 epoch050.pt done
  F_gated_s4 epoch060.pt done
  F_gated_s4 epoch070.pt done
  F_gated_s4 epoch080.pt done
  F_gated_s4 epoch090.pt done
  F_gated_s4 epoch100.pt done
  F_gated_s5 epoch010.pt done
  F_gated_s5 epoch020.pt done
  F_gated_s5 epoch030.pt done
  F_gated_s5 epoch040.pt done
  F_gated_s5 epoch050.pt done
  F_gated_s5 epoch060.pt done
  F_gated_s5 epoch070.pt done
  F_gated_s5 epoch080.pt done
  F_gated_s5 epoch090.pt done
  F_gated_s5 epoch100.pt done
  G_focal_s0 epoch010.pt done
  G_focal_s0 epoch020.pt done
  G_focal_s0 epoch030.pt done
  G_focal_s0 epoch040.pt done
  G_focal_s0 epoch050.pt done
  G_focal_s0 epoch060.pt done
  G_focal_s0 epoch070.pt done
  G_focal_s0 epoch080.pt done
  G_focal_s0 epoch090.pt done
  G_focal_s0 epoch100.pt done
  G_focal_s1 epoch010.pt done
  G_focal_s1 epoch020.pt done
  G_focal_s1 epoch030.pt done
  G_focal_s1 epoch040.pt done
  G_focal_s1 epoch050.pt done
  G_focal_s1 epoch060.pt done
  G_focal_s1 epoch070.pt done
  G_focal_s1 epoch080.pt done
  G_focal_s1 epoch090.pt done
  G_focal_s1 epoch100.pt done
  G_focal_s2 epoch010.pt done
  G_focal_s2 epoch020.pt done
  G_focal_s2 epoch030.pt done
  G_focal_s2 epoch040.pt done
  G_focal_s2 epoch050.pt done
  G_focal_s2 epoch060.pt done
  G_focal_s2 epoch070.pt done
  G_focal_s2 epoch080.pt done
  G_focal_s2 epoch090.pt done
  G_focal_s2 epoch100.pt done
  G_focal_s3 epoch010.pt done
  G_focal_s3 epoch020.pt done
  G_focal_s3 epoch030.pt done
  G_focal_s3 epoch040.pt done
  G_focal_s3 epoch050.pt done
  G_focal_s3 epoch060.pt done
  G_focal_s3 epoch070.pt done
  G_focal_s3 epoch080.pt done
  G_focal_s3 epoch090.pt done
  G_focal_s3 epoch100.pt done
  G_focal_s4 epoch010.pt done
  G_focal_s4 epoch020.pt done
  G_focal_s4 epoch030.pt done
  G_focal_s4 epoch040.pt done
  G_focal_s4 epoch050.pt done
  G_focal_s4 epoch060.pt done
  G_focal_s4 epoch070.pt done
  G_focal_s4 epoch080.pt done
  G_focal_s4 epoch090.pt done
  G_focal_s4 epoch100.pt done
  G_focal_s5 epoch010.pt done
  G_focal_s5 epoch020.pt done
  G_focal_s5 epoch030.pt done
  G_focal_s5 epoch040.pt done
  G_focal_s5 epoch050.pt done
  G_focal_s5 epoch060.pt done
  G_focal_s5 epoch070.pt done
  G_focal_s5 epoch080.pt done
  G_focal_s5 epoch090.pt done
  G_focal_s5 epoch100.pt done
  H_aug_clw16_s0 epoch010.pt done
  H_aug_clw16_s0 epoch020.pt done
  H_aug_clw16_s0 epoch030.pt done
  H_aug_clw16_s0 epoch040.pt done
  H_aug_clw16_s0 epoch050.pt done
  H_aug_clw16_s0 epoch060.pt done
  H_aug_clw16_s0 epoch070.pt done
  H_aug_clw16_s0 epoch080.pt done
  H_aug_clw16_s0 epoch090.pt done
  H_aug_clw16_s0 epoch100.pt done
  H_aug_clw16_s1 epoch010.pt done
  H_aug_clw16_s1 epoch020.pt done
  H_aug_clw16_s1 epoch030.pt done
  H_aug_clw16_s1 epoch040.pt done
  H_aug_clw16_s1 epoch050.pt done
  H_aug_clw16_s1 epoch060.pt done
  H_aug_clw16_s1 epoch070.pt done
  H_aug_clw16_s1 epoch080.pt done
  H_aug_clw16_s1 epoch090.pt done
  H_aug_clw16_s1 epoch100.pt done
  H_aug_clw16_s10 epoch010.pt done
  H_aug_clw16_s10 epoch020.pt done
  H_aug_clw16_s10 epoch030.pt done
  H_aug_clw16_s10 epoch040.pt done
  H_aug_clw16_s10 epoch050.pt done
  H_aug_clw16_s10 epoch060.pt done
  H_aug_clw16_s10 epoch070.pt done
  H_aug_clw16_s10 epoch080.pt done
  H_aug_clw16_s10 epoch090.pt done
  H_aug_clw16_s10 epoch100.pt done
  H_aug_clw16_s11 epoch010.pt done
  H_aug_clw16_s11 epoch020.pt done
  H_aug_clw16_s11 epoch030.pt done
  H_aug_clw16_s11 epoch040.pt done
  H_aug_clw16_s11 epoch050.pt done
  H_aug_clw16_s11 epoch060.pt done
  H_aug_clw16_s11 epoch070.pt done
  H_aug_clw16_s11 epoch080.pt done
  H_aug_clw16_s11 epoch090.pt done
  H_aug_clw16_s11 epoch100.pt done
  H_aug_clw16_s2 epoch010.pt done
  H_aug_clw16_s2 epoch020.pt done
  H_aug_clw16_s2 epoch030.pt done
  H_aug_clw16_s2 epoch040.pt done
  H_aug_clw16_s2 epoch050.pt done
  H_aug_clw16_s2 epoch060.pt done
  H_aug_clw16_s2 epoch070.pt done
  H_aug_clw16_s2 epoch080.pt done
  H_aug_clw16_s2 epoch090.pt done
  H_aug_clw16_s2 epoch100.pt done
  H_aug_clw16_s3 epoch010.pt done
  H_aug_clw16_s3 epoch020.pt done
  H_aug_clw16_s3 epoch030.pt done
  H_aug_clw16_s3 epoch040.pt done
  H_aug_clw16_s3 epoch050.pt done
  H_aug_clw16_s3 epoch060.pt done
  H_aug_clw16_s3 epoch070.pt done
  H_aug_clw16_s3 epoch080.pt done
  H_aug_clw16_s3 epoch090.pt done
  H_aug_clw16_s3 epoch100.pt done
  H_aug_clw16_s4 epoch010.pt done
  H_aug_clw16_s4 epoch020.pt done
  H_aug_clw16_s4 epoch030.pt done
  H_aug_clw16_s4 epoch040.pt done
  H_aug_clw16_s4 epoch050.pt done
  H_aug_clw16_s4 epoch060.pt done
  H_aug_clw16_s4 epoch070.pt done
  H_aug_clw16_s4 epoch080.pt done
  H_aug_clw16_s4 epoch090.pt done
  H_aug_clw16_s4 epoch100.pt done
  H_aug_clw16_s5 epoch010.pt done
  H_aug_clw16_s5 epoch020.pt done
  H_aug_clw16_s5 epoch030.pt done
  H_aug_clw16_s5 epoch040.pt done
  H_aug_clw16_s5 epoch050.pt done
  H_aug_clw16_s5 epoch060.pt done
  H_aug_clw16_s5 epoch070.pt done
  H_aug_clw16_s5 epoch080.pt done
  H_aug_clw16_s5 epoch090.pt done
  H_aug_clw16_s5 epoch100.pt done
  H_aug_clw16_s6 epoch010.pt done
  H_aug_clw16_s6 epoch020.pt done
  H_aug_clw16_s6 epoch030.pt done
  H_aug_clw16_s6 epoch040.pt done
  H_aug_clw16_s6 epoch050.pt done
  H_aug_clw16_s6 epoch060.pt done
  H_aug_clw16_s6 epoch070.pt done
  H_aug_clw16_s6 epoch080.pt done
  H_aug_clw16_s6 epoch090.pt done
  H_aug_clw16_s6 epoch100.pt done
  H_aug_clw16_s7 epoch010.pt done
  H_aug_clw16_s7 epoch020.pt done
  H_aug_clw16_s7 epoch030.pt done
  H_aug_clw16_s7 epoch040.pt done
  H_aug_clw16_s7 epoch050.pt done
  H_aug_clw16_s7 epoch060.pt done
  H_aug_clw16_s7 epoch070.pt done
  H_aug_clw16_s7 epoch080.pt done
  H_aug_clw16_s7 epoch090.pt done
  H_aug_clw16_s7 epoch100.pt done
  H_aug_clw16_s8 epoch010.pt done
  H_aug_clw16_s8 epoch020.pt done
  H_aug_clw16_s8 epoch030.pt done
  H_aug_clw16_s8 epoch040.pt done
  H_aug_clw16_s8 epoch050.pt done
  H_aug_clw16_s8 epoch060.pt done
  H_aug_clw16_s8 epoch070.pt done
  H_aug_clw16_s8 epoch080.pt done
  H_aug_clw16_s8 epoch090.pt done
  H_aug_clw16_s8 epoch100.pt done
  H_aug_clw16_s9 epoch010.pt done
  H_aug_clw16_s9 epoch020.pt done
  H_aug_clw16_s9 epoch030.pt done
  H_aug_clw16_s9 epoch040.pt done
  H_aug_clw16_s9 epoch050.pt done
  H_aug_clw16_s9 epoch060.pt done
  H_aug_clw16_s9 epoch070.pt done
  H_aug_clw16_s9 epoch080.pt done
  H_aug_clw16_s9 epoch090.pt done
  H_aug_clw16_s9 epoch100.pt done
  H_aug_clw1_s0 epoch010.pt done
  H_aug_clw1_s0 epoch020.pt done
  H_aug_clw1_s0 epoch030.pt done
  H_aug_clw1_s0 epoch040.pt done
  H_aug_clw1_s0 epoch050.pt done
  H_aug_clw1_s0 epoch060.pt done
  H_aug_clw1_s0 epoch070.pt done
  H_aug_clw1_s0 epoch080.pt done
  H_aug_clw1_s0 epoch090.pt done
  H_aug_clw1_s0 epoch100.pt done
  H_aug_clw1_s1 epoch010.pt done
  H_aug_clw1_s1 epoch020.pt done
  H_aug_clw1_s1 epoch030.pt done
  H_aug_clw1_s1 epoch040.pt done
  H_aug_clw1_s1 epoch050.pt done
  H_aug_clw1_s1 epoch060.pt done
  H_aug_clw1_s1 epoch070.pt done
  H_aug_clw1_s1 epoch080.pt done
  H_aug_clw1_s1 epoch090.pt done
  H_aug_clw1_s1 epoch100.pt done
  H_aug_clw1_s10 epoch010.pt done
  H_aug_clw1_s10 epoch020.pt done
  H_aug_clw1_s10 epoch030.pt done
  H_aug_clw1_s10 epoch040.pt done
  H_aug_clw1_s10 epoch050.pt done
  H_aug_clw1_s10 epoch060.pt done
  H_aug_clw1_s10 epoch070.pt done
  H_aug_clw1_s10 epoch080.pt done
  H_aug_clw1_s10 epoch090.pt done
  H_aug_clw1_s10 epoch100.pt done
  H_aug_clw1_s11 epoch010.pt done
  H_aug_clw1_s11 epoch020.pt done
  H_aug_clw1_s11 epoch030.pt done
  H_aug_clw1_s11 epoch040.pt done
  H_aug_clw1_s11 epoch050.pt done
  H_aug_clw1_s11 epoch060.pt done
  H_aug_clw1_s11 epoch070.pt done
  H_aug_clw1_s11 epoch080.pt done
  H_aug_clw1_s11 epoch090.pt done
  H_aug_clw1_s11 epoch100.pt done
  H_aug_clw1_s2 epoch010.pt done
  H_aug_clw1_s2 epoch020.pt done
  H_aug_clw1_s2 epoch030.pt done
  H_aug_clw1_s2 epoch040.pt done
  H_aug_clw1_s2 epoch050.pt done
  H_aug_clw1_s2 epoch060.pt done
  H_aug_clw1_s2 epoch070.pt done
  H_aug_clw1_s2 epoch080.pt done
  H_aug_clw1_s2 epoch090.pt done
  H_aug_clw1_s2 epoch100.pt done
  H_aug_clw1_s3 epoch010.pt done
  H_aug_clw1_s3 epoch020.pt done
  H_aug_clw1_s3 epoch030.pt done
  H_aug_clw1_s3 epoch040.pt done
  H_aug_clw1_s3 epoch050.pt done
  H_aug_clw1_s3 epoch060.pt done
  H_aug_clw1_s3 epoch070.pt done
  H_aug_clw1_s3 epoch080.pt done
  H_aug_clw1_s3 epoch090.pt done
  H_aug_clw1_s3 epoch100.pt done
  H_aug_clw1_s4 epoch010.pt done
  H_aug_clw1_s4 epoch020.pt done
  H_aug_clw1_s4 epoch030.pt done
  H_aug_clw1_s4 epoch040.pt done
  H_aug_clw1_s4 epoch050.pt done
  H_aug_clw1_s4 epoch060.pt done
  H_aug_clw1_s4 epoch070.pt done
  H_aug_clw1_s4 epoch080.pt done
  H_aug_clw1_s4 epoch090.pt done
  H_aug_clw1_s4 epoch100.pt done
  H_aug_clw1_s5 epoch010.pt done
  H_aug_clw1_s5 epoch020.pt done
  H_aug_clw1_s5 epoch030.pt done
  H_aug_clw1_s5 epoch040.pt done
  H_aug_clw1_s5 epoch050.pt done
  H_aug_clw1_s5 epoch060.pt done
  H_aug_clw1_s5 epoch070.pt done
  H_aug_clw1_s5 epoch080.pt done
  H_aug_clw1_s5 epoch090.pt done
  H_aug_clw1_s5 epoch100.pt done
  H_aug_clw1_s6 epoch010.pt done
  H_aug_clw1_s6 epoch020.pt done
  H_aug_clw1_s6 epoch030.pt done
  H_aug_clw1_s6 epoch040.pt done
  H_aug_clw1_s6 epoch050.pt done
  H_aug_clw1_s6 epoch060.pt done
  H_aug_clw1_s6 epoch070.pt done
  H_aug_clw1_s6 epoch080.pt done
  H_aug_clw1_s6 epoch090.pt done
  H_aug_clw1_s6 epoch100.pt done
  H_aug_clw1_s7 epoch010.pt done
  H_aug_clw1_s7 epoch020.pt done
  H_aug_clw1_s7 epoch030.pt done
  H_aug_clw1_s7 epoch040.pt done
  H_aug_clw1_s7 epoch050.pt done
  H_aug_clw1_s7 epoch060.pt done
  H_aug_clw1_s7 epoch070.pt done
  H_aug_clw1_s7 epoch080.pt done
  H_aug_clw1_s7 epoch090.pt done
  H_aug_clw1_s7 epoch100.pt done
  H_aug_clw1_s8 epoch010.pt done
  H_aug_clw1_s8 epoch020.pt done
  H_aug_clw1_s8 epoch030.pt done
  H_aug_clw1_s8 epoch040.pt done
  H_aug_clw1_s8 epoch050.pt done
  H_aug_clw1_s8 epoch060.pt done
  H_aug_clw1_s8 epoch070.pt done
  H_aug_clw1_s8 epoch080.pt done
  H_aug_clw1_s8 epoch090.pt done
  H_aug_clw1_s8 epoch100.pt done
  H_aug_clw1_s9 epoch010.pt done
  H_aug_clw1_s9 epoch020.pt done
  H_aug_clw1_s9 epoch030.pt done
  H_aug_clw1_s9 epoch040.pt done
  H_aug_clw1_s9 epoch050.pt done
  H_aug_clw1_s9 epoch060.pt done
  H_aug_clw1_s9 epoch070.pt done
  H_aug_clw1_s9 epoch080.pt done
  H_aug_clw1_s9 epoch090.pt done
  H_aug_clw1_s9 epoch100.pt done
  H_aug_clw2_s0 epoch010.pt done
  H_aug_clw2_s0 epoch020.pt done
  H_aug_clw2_s0 epoch030.pt done
  H_aug_clw2_s0 epoch040.pt done
  H_aug_clw2_s0 epoch050.pt done
  H_aug_clw2_s0 epoch060.pt done
  H_aug_clw2_s0 epoch070.pt done
  H_aug_clw2_s0 epoch080.pt done
  H_aug_clw2_s0 epoch090.pt done
  H_aug_clw2_s0 epoch100.pt done
  H_aug_clw2_s1 epoch010.pt done
  H_aug_clw2_s1 epoch020.pt done
  H_aug_clw2_s1 epoch030.pt done
  H_aug_clw2_s1 epoch040.pt done
  H_aug_clw2_s1 epoch050.pt done
  H_aug_clw2_s1 epoch060.pt done
  H_aug_clw2_s1 epoch070.pt done
  H_aug_clw2_s1 epoch080.pt done
  H_aug_clw2_s1 epoch090.pt done
  H_aug_clw2_s1 epoch100.pt done
  H_aug_clw2_s10 epoch010.pt done
  H_aug_clw2_s10 epoch020.pt done
  H_aug_clw2_s10 epoch030.pt done
  H_aug_clw2_s10 epoch040.pt done
  H_aug_clw2_s10 epoch050.pt done
  H_aug_clw2_s10 epoch060.pt done
  H_aug_clw2_s10 epoch070.pt done
  H_aug_clw2_s10 epoch080.pt done
  H_aug_clw2_s10 epoch090.pt done
  H_aug_clw2_s10 epoch100.pt done
  H_aug_clw2_s11 epoch010.pt done
  H_aug_clw2_s11 epoch020.pt done
  H_aug_clw2_s11 epoch030.pt done
  H_aug_clw2_s11 epoch040.pt done
  H_aug_clw2_s11 epoch050.pt done
  H_aug_clw2_s11 epoch060.pt done
  H_aug_clw2_s11 epoch070.pt done
  H_aug_clw2_s11 epoch080.pt done
  H_aug_clw2_s11 epoch090.pt done
  H_aug_clw2_s11 epoch100.pt done
  H_aug_clw2_s2 epoch010.pt done
  H_aug_clw2_s2 epoch020.pt done
  H_aug_clw2_s2 epoch030.pt done
  H_aug_clw2_s2 epoch040.pt done
  H_aug_clw2_s2 epoch050.pt done
  H_aug_clw2_s2 epoch060.pt done
  H_aug_clw2_s2 epoch070.pt done
  H_aug_clw2_s2 epoch080.pt done
  H_aug_clw2_s2 epoch090.pt done
  H_aug_clw2_s2 epoch100.pt done
  H_aug_clw2_s3 epoch010.pt done
  H_aug_clw2_s3 epoch020.pt done
  H_aug_clw2_s3 epoch030.pt done
  H_aug_clw2_s3 epoch040.pt done
  H_aug_clw2_s3 epoch050.pt done
  H_aug_clw2_s3 epoch060.pt done
  H_aug_clw2_s3 epoch070.pt done
  H_aug_clw2_s3 epoch080.pt done
  H_aug_clw2_s3 epoch090.pt done
  H_aug_clw2_s3 epoch100.pt done
  H_aug_clw2_s4 epoch010.pt done
  H_aug_clw2_s4 epoch020.pt done
  H_aug_clw2_s4 epoch030.pt done
  H_aug_clw2_s4 epoch040.pt done
  H_aug_clw2_s4 epoch050.pt done
  H_aug_clw2_s4 epoch060.pt done
  H_aug_clw2_s4 epoch070.pt done
  H_aug_clw2_s4 epoch080.pt done
  H_aug_clw2_s4 epoch090.pt done
  H_aug_clw2_s4 epoch100.pt done
  H_aug_clw2_s5 epoch010.pt done
  H_aug_clw2_s5 epoch020.pt done
  H_aug_clw2_s5 epoch030.pt done
  H_aug_clw2_s5 epoch040.pt done
  H_aug_clw2_s5 epoch050.pt done
  H_aug_clw2_s5 epoch060.pt done
  H_aug_clw2_s5 epoch070.pt done
  H_aug_clw2_s5 epoch080.pt done
  H_aug_clw2_s5 epoch090.pt done
  H_aug_clw2_s5 epoch100.pt done
  H_aug_clw2_s6 epoch010.pt done
  H_aug_clw2_s6 epoch020.pt done
  H_aug_clw2_s6 epoch030.pt done
  H_aug_clw2_s6 epoch040.pt done
  H_aug_clw2_s6 epoch050.pt done
  H_aug_clw2_s6 epoch060.pt done
  H_aug_clw2_s6 epoch070.pt done
  H_aug_clw2_s6 epoch080.pt done
  H_aug_clw2_s6 epoch090.pt done
  H_aug_clw2_s6 epoch100.pt done
  H_aug_clw2_s7 epoch010.pt done
  H_aug_clw2_s7 epoch020.pt done
  H_aug_clw2_s7 epoch030.pt done
  H_aug_clw2_s7 epoch040.pt done
  H_aug_clw2_s7 epoch050.pt done
  H_aug_clw2_s7 epoch060.pt done
  H_aug_clw2_s7 epoch070.pt done
  H_aug_clw2_s7 epoch080.pt done
  H_aug_clw2_s7 epoch090.pt done
  H_aug_clw2_s7 epoch100.pt done
  H_aug_clw2_s8 epoch010.pt done
  H_aug_clw2_s8 epoch020.pt done
  H_aug_clw2_s8 epoch030.pt done
  H_aug_clw2_s8 epoch040.pt done
  H_aug_clw2_s8 epoch050.pt done
  H_aug_clw2_s8 epoch060.pt done
  H_aug_clw2_s8 epoch070.pt done
  H_aug_clw2_s8 epoch080.pt done
  H_aug_clw2_s8 epoch090.pt done
  H_aug_clw2_s8 epoch100.pt done
  H_aug_clw2_s9 epoch010.pt done
  H_aug_clw2_s9 epoch020.pt done
  H_aug_clw2_s9 epoch030.pt done
  H_aug_clw2_s9 epoch040.pt done
  H_aug_clw2_s9 epoch050.pt done
  H_aug_clw2_s9 epoch060.pt done
  H_aug_clw2_s9 epoch070.pt done
  H_aug_clw2_s9 epoch080.pt done
  H_aug_clw2_s9 epoch090.pt done
  H_aug_clw2_s9 epoch100.pt done
  H_aug_clw32_s0 epoch010.pt done
  H_aug_clw32_s0 epoch020.pt done
  H_aug_clw32_s0 epoch030.pt done
  H_aug_clw32_s0 epoch040.pt done
  H_aug_clw32_s0 epoch050.pt done
  H_aug_clw32_s0 epoch060.pt done
  H_aug_clw32_s0 epoch070.pt done
  H_aug_clw32_s0 epoch080.pt done
  H_aug_clw32_s0 epoch090.pt done
  H_aug_clw32_s0 epoch100.pt done
  H_aug_clw32_s1 epoch010.pt done
  H_aug_clw32_s1 epoch020.pt done
  H_aug_clw32_s1 epoch030.pt done
  H_aug_clw32_s1 epoch040.pt done
  H_aug_clw32_s1 epoch050.pt done
  H_aug_clw32_s1 epoch060.pt done
  H_aug_clw32_s1 epoch070.pt done
  H_aug_clw32_s1 epoch080.pt done
  H_aug_clw32_s1 epoch090.pt done
  H_aug_clw32_s1 epoch100.pt done
  H_aug_clw32_s10 epoch010.pt done
  H_aug_clw32_s10 epoch020.pt done
  H_aug_clw32_s10 epoch030.pt done
  H_aug_clw32_s10 epoch040.pt done
  H_aug_clw32_s10 epoch050.pt done
  H_aug_clw32_s10 epoch060.pt done
  H_aug_clw32_s10 epoch070.pt done
  H_aug_clw32_s10 epoch080.pt done
  H_aug_clw32_s10 epoch090.pt done
  H_aug_clw32_s10 epoch100.pt done
  H_aug_clw32_s11 epoch010.pt done
  H_aug_clw32_s11 epoch020.pt done
  H_aug_clw32_s11 epoch030.pt done
  H_aug_clw32_s11 epoch040.pt done
  H_aug_clw32_s11 epoch050.pt done
  H_aug_clw32_s11 epoch060.pt done
  H_aug_clw32_s11 epoch070.pt done
  H_aug_clw32_s11 epoch080.pt done
  H_aug_clw32_s11 epoch090.pt done
  H_aug_clw32_s11 epoch100.pt done
  H_aug_clw32_s2 epoch010.pt done
  H_aug_clw32_s2 epoch020.pt done
  H_aug_clw32_s2 epoch030.pt done
  H_aug_clw32_s2 epoch040.pt done
  H_aug_clw32_s2 epoch050.pt done
  H_aug_clw32_s2 epoch060.pt done
  H_aug_clw32_s2 epoch070.pt done
  H_aug_clw32_s2 epoch080.pt done
  H_aug_clw32_s2 epoch090.pt done
  H_aug_clw32_s2 epoch100.pt done
  H_aug_clw32_s3 epoch010.pt done
  H_aug_clw32_s3 epoch020.pt done
  H_aug_clw32_s3 epoch030.pt done
  H_aug_clw32_s3 epoch040.pt done
  H_aug_clw32_s3 epoch050.pt done
  H_aug_clw32_s3 epoch060.pt done
  H_aug_clw32_s3 epoch070.pt done
  H_aug_clw32_s3 epoch080.pt done
  H_aug_clw32_s3 epoch090.pt done
  H_aug_clw32_s3 epoch100.pt done
  H_aug_clw32_s4 epoch010.pt done
  H_aug_clw32_s4 epoch020.pt done
  H_aug_clw32_s4 epoch030.pt done
  H_aug_clw32_s4 epoch040.pt done
  H_aug_clw32_s4 epoch050.pt done
  H_aug_clw32_s4 epoch060.pt done
  H_aug_clw32_s4 epoch070.pt done
  H_aug_clw32_s4 epoch080.pt done
  H_aug_clw32_s4 epoch090.pt done
  H_aug_clw32_s4 epoch100.pt done
  H_aug_clw32_s5 epoch010.pt done
  H_aug_clw32_s5 epoch020.pt done
  H_aug_clw32_s5 epoch030.pt done
  H_aug_clw32_s5 epoch040.pt done
  H_aug_clw32_s5 epoch050.pt done
  H_aug_clw32_s5 epoch060.pt done
  H_aug_clw32_s5 epoch070.pt done
  H_aug_clw32_s5 epoch080.pt done
  H_aug_clw32_s5 epoch090.pt done
  H_aug_clw32_s5 epoch100.pt done
  H_aug_clw32_s6 epoch010.pt done
  H_aug_clw32_s6 epoch020.pt done
  H_aug_clw32_s6 epoch030.pt done
  H_aug_clw32_s6 epoch040.pt done
  H_aug_clw32_s6 epoch050.pt done
  H_aug_clw32_s6 epoch060.pt done
  H_aug_clw32_s6 epoch070.pt done
  H_aug_clw32_s6 epoch080.pt done
  H_aug_clw32_s6 epoch090.pt done
  H_aug_clw32_s6 epoch100.pt done
  H_aug_clw32_s7 epoch010.pt done
  H_aug_clw32_s7 epoch020.pt done
  H_aug_clw32_s7 epoch030.pt done
  H_aug_clw32_s7 epoch040.pt done
  H_aug_clw32_s7 epoch050.pt done
  H_aug_clw32_s7 epoch060.pt done
  H_aug_clw32_s7 epoch070.pt done
  H_aug_clw32_s7 epoch080.pt done
  H_aug_clw32_s7 epoch090.pt done
  H_aug_clw32_s7 epoch100.pt done
  H_aug_clw32_s8 epoch010.pt done
  H_aug_clw32_s8 epoch020.pt done
  H_aug_clw32_s8 epoch030.pt done
  H_aug_clw32_s8 epoch040.pt done
  H_aug_clw32_s8 epoch050.pt done
  H_aug_clw32_s8 epoch060.pt done
  H_aug_clw32_s8 epoch070.pt done
  H_aug_clw32_s8 epoch080.pt done
  H_aug_clw32_s8 epoch090.pt done
  H_aug_clw32_s8 epoch100.pt done
  H_aug_clw32_s9 epoch010.pt done
  H_aug_clw32_s9 epoch020.pt done
  H_aug_clw32_s9 epoch030.pt done
  H_aug_clw32_s9 epoch040.pt done
  H_aug_clw32_s9 epoch050.pt done
  H_aug_clw32_s9 epoch060.pt done
  H_aug_clw32_s9 epoch070.pt done
  H_aug_clw32_s9 epoch080.pt done
  H_aug_clw32_s9 epoch090.pt done
  H_aug_clw32_s9 epoch100.pt done
  H_aug_clw4_s0 epoch010.pt done
  H_aug_clw4_s0 epoch020.pt done
  H_aug_clw4_s0 epoch030.pt done
  H_aug_clw4_s0 epoch040.pt done
  H_aug_clw4_s0 epoch050.pt done
  H_aug_clw4_s0 epoch060.pt done
  H_aug_clw4_s0 epoch070.pt done
  H_aug_clw4_s0 epoch080.pt done
  H_aug_clw4_s0 epoch090.pt done
  H_aug_clw4_s0 epoch100.pt done
  H_aug_clw4_s1 epoch010.pt done
  H_aug_clw4_s1 epoch020.pt done
  H_aug_clw4_s1 epoch030.pt done
  H_aug_clw4_s1 epoch040.pt done
  H_aug_clw4_s1 epoch050.pt done
  H_aug_clw4_s1 epoch060.pt done
  H_aug_clw4_s1 epoch070.pt done
  H_aug_clw4_s1 epoch080.pt done
  H_aug_clw4_s1 epoch090.pt done
  H_aug_clw4_s1 epoch100.pt done
  H_aug_clw4_s10 epoch010.pt done
  H_aug_clw4_s10 epoch020.pt done
  H_aug_clw4_s10 epoch030.pt done
  H_aug_clw4_s10 epoch040.pt done
  H_aug_clw4_s10 epoch050.pt done
  H_aug_clw4_s10 epoch060.pt done
  H_aug_clw4_s10 epoch070.pt done
  H_aug_clw4_s10 epoch080.pt done
  H_aug_clw4_s10 epoch090.pt done
  H_aug_clw4_s10 epoch100.pt done
  H_aug_clw4_s11 epoch010.pt done
  H_aug_clw4_s11 epoch020.pt done
  H_aug_clw4_s11 epoch030.pt done
  H_aug_clw4_s11 epoch040.pt done
  H_aug_clw4_s11 epoch050.pt done
  H_aug_clw4_s11 epoch060.pt done
  H_aug_clw4_s11 epoch070.pt done
  H_aug_clw4_s11 epoch080.pt done
  H_aug_clw4_s11 epoch090.pt done
  H_aug_clw4_s11 epoch100.pt done
  H_aug_clw4_s2 epoch010.pt done
  H_aug_clw4_s2 epoch020.pt done
  H_aug_clw4_s2 epoch030.pt done
  H_aug_clw4_s2 epoch040.pt done
  H_aug_clw4_s2 epoch050.pt done
  H_aug_clw4_s2 epoch060.pt done
  H_aug_clw4_s2 epoch070.pt done
  H_aug_clw4_s2 epoch080.pt done
  H_aug_clw4_s2 epoch090.pt done
  H_aug_clw4_s2 epoch100.pt done
  H_aug_clw4_s3 epoch010.pt done
  H_aug_clw4_s3 epoch020.pt done
  H_aug_clw4_s3 epoch030.pt done
  H_aug_clw4_s3 epoch040.pt done
  H_aug_clw4_s3 epoch050.pt done
  H_aug_clw4_s3 epoch060.pt done
  H_aug_clw4_s3 epoch070.pt done
  H_aug_clw4_s3 epoch080.pt done
  H_aug_clw4_s3 epoch090.pt done
  H_aug_clw4_s3 epoch100.pt done
  H_aug_clw4_s4 epoch010.pt done
  H_aug_clw4_s4 epoch020.pt done
  H_aug_clw4_s4 epoch030.pt done
  H_aug_clw4_s4 epoch040.pt done
  H_aug_clw4_s4 epoch050.pt done
  H_aug_clw4_s4 epoch060.pt done
  H_aug_clw4_s4 epoch070.pt done
  H_aug_clw4_s4 epoch080.pt done
  H_aug_clw4_s4 epoch090.pt done
  H_aug_clw4_s4 epoch100.pt done
  H_aug_clw4_s5 epoch010.pt done
  H_aug_clw4_s5 epoch020.pt done
  H_aug_clw4_s5 epoch030.pt done
  H_aug_clw4_s5 epoch040.pt done
  H_aug_clw4_s5 epoch050.pt done
  H_aug_clw4_s5 epoch060.pt done
  H_aug_clw4_s5 epoch070.pt done
  H_aug_clw4_s5 epoch080.pt done
  H_aug_clw4_s5 epoch090.pt done
  H_aug_clw4_s5 epoch100.pt done
  H_aug_clw4_s6 epoch010.pt done
  H_aug_clw4_s6 epoch020.pt done
  H_aug_clw4_s6 epoch030.pt done
  H_aug_clw4_s6 epoch040.pt done
  H_aug_clw4_s6 epoch050.pt done
  H_aug_clw4_s6 epoch060.pt done
  H_aug_clw4_s6 epoch070.pt done
  H_aug_clw4_s6 epoch080.pt done
  H_aug_clw4_s6 epoch090.pt done
  H_aug_clw4_s6 epoch100.pt done
  H_aug_clw4_s7 epoch010.pt done
  H_aug_clw4_s7 epoch020.pt done
  H_aug_clw4_s7 epoch030.pt done
  H_aug_clw4_s7 epoch040.pt done
  H_aug_clw4_s7 epoch050.pt done
  H_aug_clw4_s7 epoch060.pt done
  H_aug_clw4_s7 epoch070.pt done
  H_aug_clw4_s7 epoch080.pt done
  H_aug_clw4_s7 epoch090.pt done
  H_aug_clw4_s7 epoch100.pt done
  H_aug_clw4_s8 epoch010.pt done
  H_aug_clw4_s8 epoch020.pt done
  H_aug_clw4_s8 epoch030.pt done
  H_aug_clw4_s8 epoch040.pt done
  H_aug_clw4_s8 epoch050.pt done
  H_aug_clw4_s8 epoch060.pt done
  H_aug_clw4_s8 epoch070.pt done
  H_aug_clw4_s8 epoch080.pt done
  H_aug_clw4_s8 epoch090.pt done
  H_aug_clw4_s8 epoch100.pt done
  H_aug_clw4_s9 epoch010.pt done
  H_aug_clw4_s9 epoch020.pt done
  H_aug_clw4_s9 epoch030.pt done
  H_aug_clw4_s9 epoch040.pt done
  H_aug_clw4_s9 epoch050.pt done
  H_aug_clw4_s9 epoch060.pt done
  H_aug_clw4_s9 epoch070.pt done
  H_aug_clw4_s9 epoch080.pt done
  H_aug_clw4_s9 epoch090.pt done
  H_aug_clw4_s9 epoch100.pt done
  H_aug_clw64_s0 epoch010.pt done
  H_aug_clw64_s0 epoch020.pt done
  H_aug_clw64_s0 epoch030.pt done
  H_aug_clw64_s0 epoch040.pt done
  H_aug_clw64_s0 epoch050.pt done
  H_aug_clw64_s0 epoch060.pt done
  H_aug_clw64_s0 epoch070.pt done
  H_aug_clw64_s0 epoch080.pt done
  H_aug_clw64_s0 epoch090.pt done
  H_aug_clw64_s0 epoch100.pt done
  H_aug_clw64_s1 epoch010.pt done
  H_aug_clw64_s1 epoch020.pt done
  H_aug_clw64_s1 epoch030.pt done
  H_aug_clw64_s1 epoch040.pt done
  H_aug_clw64_s1 epoch050.pt done
  H_aug_clw64_s1 epoch060.pt done
  H_aug_clw64_s1 epoch070.pt done
  H_aug_clw64_s1 epoch080.pt done
  H_aug_clw64_s1 epoch090.pt done
  H_aug_clw64_s1 epoch100.pt done
  H_aug_clw64_s10 epoch010.pt done
  H_aug_clw64_s10 epoch020.pt done
  H_aug_clw64_s10 epoch030.pt done
  H_aug_clw64_s10 epoch040.pt done
  H_aug_clw64_s10 epoch050.pt done
  H_aug_clw64_s10 epoch060.pt done
  H_aug_clw64_s10 epoch070.pt done
  H_aug_clw64_s10 epoch080.pt done
  H_aug_clw64_s10 epoch090.pt done
  H_aug_clw64_s10 epoch100.pt done
  H_aug_clw64_s11 epoch010.pt done
  H_aug_clw64_s11 epoch020.pt done
  H_aug_clw64_s11 epoch030.pt done
  H_aug_clw64_s11 epoch040.pt done
  H_aug_clw64_s11 epoch050.pt done
  H_aug_clw64_s11 epoch060.pt done
  H_aug_clw64_s11 epoch070.pt done
  H_aug_clw64_s11 epoch080.pt done
  H_aug_clw64_s11 epoch090.pt done
  H_aug_clw64_s11 epoch100.pt done
  H_aug_clw64_s2 epoch010.pt done
  H_aug_clw64_s2 epoch020.pt done
  H_aug_clw64_s2 epoch030.pt done
  H_aug_clw64_s2 epoch040.pt done
  H_aug_clw64_s2 epoch050.pt done
  H_aug_clw64_s2 epoch060.pt done
  H_aug_clw64_s2 epoch070.pt done
  H_aug_clw64_s2 epoch080.pt done
  H_aug_clw64_s2 epoch090.pt done
  H_aug_clw64_s2 epoch100.pt done
  H_aug_clw64_s3 epoch010.pt done
  H_aug_clw64_s3 epoch020.pt done
  H_aug_clw64_s3 epoch030.pt done
  H_aug_clw64_s3 epoch040.pt done
  H_aug_clw64_s3 epoch050.pt done
  H_aug_clw64_s3 epoch060.pt done
  H_aug_clw64_s3 epoch070.pt done
  H_aug_clw64_s3 epoch080.pt done
  H_aug_clw64_s3 epoch090.pt done
  H_aug_clw64_s3 epoch100.pt done
  H_aug_clw64_s4 epoch010.pt done
  H_aug_clw64_s4 epoch020.pt done
  H_aug_clw64_s4 epoch030.pt done
  H_aug_clw64_s4 epoch040.pt done
  H_aug_clw64_s4 epoch050.pt done
  H_aug_clw64_s4 epoch060.pt done
  H_aug_clw64_s4 epoch070.pt done
  H_aug_clw64_s4 epoch080.pt done
  H_aug_clw64_s4 epoch090.pt done
  H_aug_clw64_s4 epoch100.pt done
  H_aug_clw64_s5 epoch010.pt done
  H_aug_clw64_s5 epoch020.pt done
  H_aug_clw64_s5 epoch030.pt done
  H_aug_clw64_s5 epoch040.pt done
  H_aug_clw64_s5 epoch050.pt done
  H_aug_clw64_s5 epoch060.pt done
  H_aug_clw64_s5 epoch070.pt done
  H_aug_clw64_s5 epoch080.pt done
  H_aug_clw64_s5 epoch090.pt done
  H_aug_clw64_s5 epoch100.pt done
  H_aug_clw64_s6 epoch010.pt done
  H_aug_clw64_s6 epoch020.pt done
  H_aug_clw64_s6 epoch030.pt done
  H_aug_clw64_s6 epoch040.pt done
  H_aug_clw64_s6 epoch050.pt done
  H_aug_clw64_s6 epoch060.pt done
  H_aug_clw64_s6 epoch070.pt done
  H_aug_clw64_s6 epoch080.pt done
  H_aug_clw64_s6 epoch090.pt done
  H_aug_clw64_s6 epoch100.pt done
  H_aug_clw64_s7 epoch010.pt done
  H_aug_clw64_s7 epoch020.pt done
  H_aug_clw64_s7 epoch030.pt done
  H_aug_clw64_s7 epoch040.pt done
  H_aug_clw64_s7 epoch050.pt done
  H_aug_clw64_s7 epoch060.pt done
  H_aug_clw64_s7 epoch070.pt done
  H_aug_clw64_s7 epoch080.pt done
  H_aug_clw64_s7 epoch090.pt done
  H_aug_clw64_s7 epoch100.pt done
  H_aug_clw64_s8 epoch010.pt done
  H_aug_clw64_s8 epoch020.pt done
  H_aug_clw64_s8 epoch030.pt done
  H_aug_clw64_s8 epoch040.pt done
  H_aug_clw64_s8 epoch050.pt done
  H_aug_clw64_s8 epoch060.pt done
  H_aug_clw64_s8 epoch070.pt done
  H_aug_clw64_s8 epoch080.pt done
  H_aug_clw64_s8 epoch090.pt done
  H_aug_clw64_s8 epoch100.pt done
  H_aug_clw64_s9 epoch010.pt done
  H_aug_clw64_s9 epoch020.pt done
  H_aug_clw64_s9 epoch030.pt done
  H_aug_clw64_s9 epoch040.pt done
  H_aug_clw64_s9 epoch050.pt done
  H_aug_clw64_s9 epoch060.pt done
  H_aug_clw64_s9 epoch070.pt done
  H_aug_clw64_s9 epoch080.pt done
  H_aug_clw64_s9 epoch090.pt done
  H_aug_clw64_s9 epoch100.pt done
  H_aug_clw8_s0 epoch010.pt done
  H_aug_clw8_s0 epoch020.pt done
  H_aug_clw8_s0 epoch030.pt done
  H_aug_clw8_s0 epoch040.pt done
  H_aug_clw8_s0 epoch050.pt done
  H_aug_clw8_s0 epoch060.pt done
  H_aug_clw8_s0 epoch070.pt done
  H_aug_clw8_s0 epoch080.pt done
  H_aug_clw8_s0 epoch090.pt done
  H_aug_clw8_s0 epoch100.pt done
  H_aug_clw8_s1 epoch010.pt done
  H_aug_clw8_s1 epoch020.pt done
  H_aug_clw8_s1 epoch030.pt done
  H_aug_clw8_s1 epoch040.pt done
  H_aug_clw8_s1 epoch050.pt done
  H_aug_clw8_s1 epoch060.pt done
  H_aug_clw8_s1 epoch070.pt done
  H_aug_clw8_s1 epoch080.pt done
  H_aug_clw8_s1 epoch090.pt done
  H_aug_clw8_s1 epoch100.pt done
  H_aug_clw8_s10 epoch010.pt done
  H_aug_clw8_s10 epoch020.pt done
  H_aug_clw8_s10 epoch030.pt done
  H_aug_clw8_s10 epoch040.pt done
  H_aug_clw8_s10 epoch050.pt done
  H_aug_clw8_s10 epoch060.pt done
  H_aug_clw8_s10 epoch070.pt done
  H_aug_clw8_s10 epoch080.pt done
  H_aug_clw8_s10 epoch090.pt done
  H_aug_clw8_s10 epoch100.pt done
  H_aug_clw8_s11 epoch010.pt done
  H_aug_clw8_s11 epoch020.pt done
  H_aug_clw8_s11 epoch030.pt done
  H_aug_clw8_s11 epoch040.pt done
  H_aug_clw8_s11 epoch050.pt done
  H_aug_clw8_s11 epoch060.pt done
  H_aug_clw8_s11 epoch070.pt done
  H_aug_clw8_s11 epoch080.pt done
  H_aug_clw8_s11 epoch090.pt done
  H_aug_clw8_s11 epoch100.pt done
  H_aug_clw8_s2 epoch010.pt done
  H_aug_clw8_s2 epoch020.pt done
  H_aug_clw8_s2 epoch030.pt done
  H_aug_clw8_s2 epoch040.pt done
  H_aug_clw8_s2 epoch050.pt done
  H_aug_clw8_s2 epoch060.pt done
  H_aug_clw8_s2 epoch070.pt done
  H_aug_clw8_s2 epoch080.pt done
  H_aug_clw8_s2 epoch090.pt done
  H_aug_clw8_s2 epoch100.pt done
  H_aug_clw8_s3 epoch010.pt done
  H_aug_clw8_s3 epoch020.pt done
  H_aug_clw8_s3 epoch030.pt done
  H_aug_clw8_s3 epoch040.pt done
  H_aug_clw8_s3 epoch050.pt done
  H_aug_clw8_s3 epoch060.pt done
  H_aug_clw8_s3 epoch070.pt done
  H_aug_clw8_s3 epoch080.pt done
  H_aug_clw8_s3 epoch090.pt done
  H_aug_clw8_s3 epoch100.pt done
  H_aug_clw8_s4 epoch010.pt done
  H_aug_clw8_s4 epoch020.pt done
  H_aug_clw8_s4 epoch030.pt done
  H_aug_clw8_s4 epoch040.pt done
  H_aug_clw8_s4 epoch050.pt done
  H_aug_clw8_s4 epoch060.pt done
  H_aug_clw8_s4 epoch070.pt done
  H_aug_clw8_s4 epoch080.pt done
  H_aug_clw8_s4 epoch090.pt done
  H_aug_clw8_s4 epoch100.pt done
  H_aug_clw8_s5 epoch010.pt done
  H_aug_clw8_s5 epoch020.pt done
  H_aug_clw8_s5 epoch030.pt done
  H_aug_clw8_s5 epoch040.pt done
  H_aug_clw8_s5 epoch050.pt done
  H_aug_clw8_s5 epoch060.pt done
  H_aug_clw8_s5 epoch070.pt done
  H_aug_clw8_s5 epoch080.pt done
  H_aug_clw8_s5 epoch090.pt done
  H_aug_clw8_s5 epoch100.pt done
  H_aug_clw8_s6 epoch010.pt done
  H_aug_clw8_s6 epoch020.pt done
  H_aug_clw8_s6 epoch030.pt done
  H_aug_clw8_s6 epoch040.pt done
  H_aug_clw8_s6 epoch050.pt done
  H_aug_clw8_s6 epoch060.pt done
  H_aug_clw8_s6 epoch070.pt done
  H_aug_clw8_s6 epoch080.pt done
  H_aug_clw8_s6 epoch090.pt done
  H_aug_clw8_s6 epoch100.pt done
  H_aug_clw8_s7 epoch010.pt done
  H_aug_clw8_s7 epoch020.pt done
  H_aug_clw8_s7 epoch030.pt done
  H_aug_clw8_s7 epoch040.pt done
  H_aug_clw8_s7 epoch050.pt done
  H_aug_clw8_s7 epoch060.pt done
  H_aug_clw8_s7 epoch070.pt done
  H_aug_clw8_s7 epoch080.pt done
  H_aug_clw8_s7 epoch090.pt done
  H_aug_clw8_s7 epoch100.pt done
  H_aug_clw8_s8 epoch010.pt done
  H_aug_clw8_s8 epoch020.pt done
  H_aug_clw8_s8 epoch030.pt done
  H_aug_clw8_s8 epoch040.pt done
  H_aug_clw8_s8 epoch050.pt done
  H_aug_clw8_s8 epoch060.pt done
  H_aug_clw8_s8 epoch070.pt done
  H_aug_clw8_s8 epoch080.pt done
  H_aug_clw8_s8 epoch090.pt done
  H_aug_clw8_s8 epoch100.pt done
  H_aug_clw8_s9 epoch010.pt done
  H_aug_clw8_s9 epoch020.pt done
  H_aug_clw8_s9 epoch030.pt done
  H_aug_clw8_s9 epoch040.pt done
  H_aug_clw8_s9 epoch050.pt done
  H_aug_clw8_s9 epoch060.pt done
  H_aug_clw8_s9 epoch070.pt done
  H_aug_clw8_s9 epoch080.pt done
  H_aug_clw8_s9 epoch090.pt done
  H_aug_clw8_s9 epoch100.pt done
  H_aug_s0 epoch010.pt done
  H_aug_s0 epoch020.pt done
  H_aug_s0 epoch030.pt done
  H_aug_s0 epoch040.pt done
  H_aug_s0 epoch050.pt done
  H_aug_s0 epoch060.pt done
  H_aug_s0 epoch070.pt done
  H_aug_s0 epoch080.pt done
  H_aug_s0 epoch090.pt done
  H_aug_s0 epoch100.pt done
  H_aug_s1 epoch010.pt done
  H_aug_s1 epoch020.pt done
  H_aug_s1 epoch030.pt done
  H_aug_s1 epoch040.pt done
  H_aug_s1 epoch050.pt done
  H_aug_s1 epoch060.pt done
  H_aug_s1 epoch070.pt done
  H_aug_s1 epoch080.pt done
  H_aug_s1 epoch090.pt done
  H_aug_s1 epoch100.pt done
  H_aug_s10 epoch010.pt done
  H_aug_s10 epoch020.pt done
  H_aug_s10 epoch030.pt done
  H_aug_s10 epoch040.pt done
  H_aug_s10 epoch050.pt done
  H_aug_s10 epoch060.pt done
  H_aug_s10 epoch070.pt done
  H_aug_s10 epoch080.pt done
  H_aug_s10 epoch090.pt done
  H_aug_s10 epoch100.pt done
  H_aug_s11 epoch010.pt done
  H_aug_s11 epoch020.pt done
  H_aug_s11 epoch030.pt done
  H_aug_s11 epoch040.pt done
  H_aug_s11 epoch050.pt done
  H_aug_s11 epoch060.pt done
  H_aug_s11 epoch070.pt done
  H_aug_s11 epoch080.pt done
  H_aug_s11 epoch090.pt done
  H_aug_s11 epoch100.pt done
  H_aug_s2 epoch010.pt done
  H_aug_s2 epoch020.pt done
  H_aug_s2 epoch030.pt done
  H_aug_s2 epoch040.pt done
  H_aug_s2 epoch050.pt done
  H_aug_s2 epoch060.pt done
  H_aug_s2 epoch070.pt done
  H_aug_s2 epoch080.pt done
  H_aug_s2 epoch090.pt done
  H_aug_s2 epoch100.pt done
  H_aug_s3 epoch010.pt done
  H_aug_s3 epoch020.pt done
  H_aug_s3 epoch030.pt done
  H_aug_s3 epoch040.pt done
  H_aug_s3 epoch050.pt done
  H_aug_s3 epoch060.pt done
  H_aug_s3 epoch070.pt done
  H_aug_s3 epoch080.pt done
  H_aug_s3 epoch090.pt done
  H_aug_s3 epoch100.pt done
  H_aug_s4 epoch010.pt done
  H_aug_s4 epoch020.pt done
  H_aug_s4 epoch030.pt done
  H_aug_s4 epoch040.pt done
  H_aug_s4 epoch050.pt done
  H_aug_s4 epoch060.pt done
  H_aug_s4 epoch070.pt done
  H_aug_s4 epoch080.pt done
  H_aug_s4 epoch090.pt done
  H_aug_s4 epoch100.pt done
  H_aug_s5 epoch010.pt done
  H_aug_s5 epoch020.pt done
  H_aug_s5 epoch030.pt done
  H_aug_s5 epoch040.pt done
  H_aug_s5 epoch050.pt done
  H_aug_s5 epoch060.pt done
  H_aug_s5 epoch070.pt done
  H_aug_s5 epoch080.pt done
  H_aug_s5 epoch090.pt done
  H_aug_s5 epoch100.pt done
  H_aug_s6 epoch010.pt done
  H_aug_s6 epoch020.pt done
  H_aug_s6 epoch030.pt done
  H_aug_s6 epoch040.pt done
  H_aug_s6 epoch050.pt done
  H_aug_s6 epoch060.pt done
  H_aug_s6 epoch070.pt done
  H_aug_s6 epoch080.pt done
  H_aug_s6 epoch090.pt done
  H_aug_s6 epoch100.pt done
  H_aug_s7 epoch010.pt done
  H_aug_s7 epoch020.pt done
  H_aug_s7 epoch030.pt done
  H_aug_s7 epoch040.pt done
  H_aug_s7 epoch050.pt done
  H_aug_s7 epoch060.pt done
  H_aug_s7 epoch070.pt done
  H_aug_s7 epoch080.pt done
  H_aug_s7 epoch090.pt done
  H_aug_s7 epoch100.pt done
  H_aug_s8 epoch010.pt done
  H_aug_s8 epoch020.pt done
  H_aug_s8 epoch030.pt done
  H_aug_s8 epoch040.pt done
  H_aug_s8 epoch050.pt done
  H_aug_s8 epoch060.pt done
  H_aug_s8 epoch070.pt done
  H_aug_s8 epoch080.pt done
  H_aug_s8 epoch090.pt done
  H_aug_s8 epoch100.pt done
  H_aug_s9 epoch010.pt done
  H_aug_s9 epoch020.pt done
  H_aug_s9 epoch030.pt done
  H_aug_s9 epoch040.pt done
  H_aug_s9 epoch050.pt done
  H_aug_s9 epoch060.pt done
  H_aug_s9 epoch070.pt done
  H_aug_s9 epoch080.pt done
  H_aug_s9 epoch090.pt done
  H_aug_s9 epoch100.pt done
  H_aug_w32_s0 epoch010.pt done
  H_aug_w32_s0 epoch020.pt done
  H_aug_w32_s0 epoch030.pt done
  H_aug_w32_s0 epoch040.pt done
  H_aug_w32_s0 epoch050.pt done
  H_aug_w32_s0 epoch060.pt done
  H_aug_w32_s0 epoch070.pt done
  H_aug_w32_s0 epoch080.pt done
  H_aug_w32_s0 epoch090.pt done
  H_aug_w32_s0 epoch100.pt done
  H_aug_w32_s1 epoch010.pt done
  H_aug_w32_s1 epoch020.pt done
  H_aug_w32_s1 epoch030.pt done
  H_aug_w32_s1 epoch040.pt done
  H_aug_w32_s1 epoch050.pt done
  H_aug_w32_s1 epoch060.pt done
  H_aug_w32_s1 epoch070.pt done
  H_aug_w32_s1 epoch080.pt done
  H_aug_w32_s1 epoch090.pt done
  H_aug_w32_s1 epoch100.pt done
  H_aug_w32_s2 epoch010.pt done
  H_aug_w32_s2 epoch020.pt done
  H_aug_w32_s2 epoch030.pt done
  H_aug_w32_s2 epoch040.pt done
  H_aug_w32_s2 epoch050.pt done
  H_aug_w32_s2 epoch060.pt done
  H_aug_w32_s2 epoch070.pt done
  H_aug_w32_s2 epoch080.pt done
  H_aug_w32_s2 epoch090.pt done
  H_aug_w32_s2 epoch100.pt done
  H_aug_w64_d5_s0 epoch010.pt done
  H_aug_w64_d5_s0 epoch020.pt done
  H_aug_w64_d5_s0 epoch030.pt done
  H_aug_w64_d5_s0 epoch040.pt done
  H_aug_w64_d5_s0 epoch050.pt done
  H_aug_w64_d5_s0 epoch060.pt done
  H_aug_w64_d5_s0 epoch070.pt done
  H_aug_w64_d5_s0 epoch080.pt done
  H_aug_w64_d5_s0 epoch090.pt done
  H_aug_w64_d5_s0 epoch100.pt done
  H_aug_w64_d5_s1 epoch010.pt done
  H_aug_w64_d5_s1 epoch020.pt done
  H_aug_w64_d5_s1 epoch030.pt done
  H_aug_w64_d5_s1 epoch040.pt done
  H_aug_w64_d5_s1 epoch050.pt done
  H_aug_w64_d5_s1 epoch060.pt done
  H_aug_w64_d5_s1 epoch070.pt done
  H_aug_w64_d5_s1 epoch080.pt done
  H_aug_w64_d5_s1 epoch090.pt done
  H_aug_w64_d5_s1 epoch100.pt done
  H_aug_w64_d5_s2 epoch010.pt done
  H_aug_w64_d5_s2 epoch020.pt done
  H_aug_w64_d5_s2 epoch030.pt done
  H_aug_w64_d5_s2 epoch040.pt done
  H_aug_w64_d5_s2 epoch050.pt done
  H_aug_w64_d5_s2 epoch060.pt done
  H_aug_w64_d5_s2 epoch070.pt done
  H_aug_w64_d5_s2 epoch080.pt done
  H_aug_w64_d5_s2 epoch090.pt done
  H_aug_w64_d5_s2 epoch100.pt done
  H_aug_w64_d5_s3 epoch010.pt done
  H_aug_w64_d5_s3 epoch020.pt done
  H_aug_w64_d5_s3 epoch030.pt done
  H_aug_w64_d5_s3 epoch040.pt done
  H_aug_w64_d5_s3 epoch050.pt done
  H_aug_w64_d5_s3 epoch060.pt done
  H_aug_w64_d5_s3 epoch070.pt done
  H_aug_w64_d5_s3 epoch080.pt done
  H_aug_w64_d5_s3 epoch090.pt done
  H_aug_w64_d5_s3 epoch100.pt done
  H_aug_w64_d5_s4 epoch010.pt done
  H_aug_w64_d5_s4 epoch020.pt done
  H_aug_w64_d5_s4 epoch030.pt done
  H_aug_w64_d5_s4 epoch040.pt done
  H_aug_w64_d5_s4 epoch050.pt done
  H_aug_w64_d5_s4 epoch060.pt done
  H_aug_w64_d5_s4 epoch070.pt done
  H_aug_w64_d5_s4 epoch080.pt done
  H_aug_w64_d5_s4 epoch090.pt done
  H_aug_w64_d5_s4 epoch100.pt done
  I_coletra_s0 epoch010.pt done
  I_coletra_s0 epoch020.pt done
  I_coletra_s0 epoch030.pt done
  I_coletra_s0 epoch040.pt done
  I_coletra_s0 epoch050.pt done
  I_coletra_s0 epoch060.pt done
  I_coletra_s0 epoch070.pt done
  I_coletra_s0 epoch080.pt done
  I_coletra_s0 epoch090.pt done
  I_coletra_s0 epoch100.pt done
  I_coletra_s1 epoch010.pt done
  I_coletra_s1 epoch020.pt done
  I_coletra_s1 epoch030.pt done
  I_coletra_s1 epoch040.pt done
  I_coletra_s1 epoch050.pt done
  I_coletra_s1 epoch060.pt done
  I_coletra_s1 epoch070.pt done
  I_coletra_s1 epoch080.pt done
  I_coletra_s1 epoch090.pt done
  I_coletra_s1 epoch100.pt done
  I_coletra_s2 epoch010.pt done
  I_coletra_s2 epoch020.pt done
  I_coletra_s2 epoch030.pt done
  I_coletra_s2 epoch040.pt done
  I_coletra_s2 epoch050.pt done
  I_coletra_s2 epoch060.pt done
  I_coletra_s2 epoch070.pt done
  I_coletra_s2 epoch080.pt done
  I_coletra_s2 epoch090.pt done
  I_coletra_s2 epoch100.pt done
  I_coletra_s3 epoch010.pt done
  I_coletra_s3 epoch020.pt done
  I_coletra_s3 epoch030.pt done
  I_coletra_s3 epoch040.pt done
  I_coletra_s3 epoch050.pt done
  I_coletra_s3 epoch060.pt done
  I_coletra_s3 epoch070.pt done
  I_coletra_s3 epoch080.pt done
  I_coletra_s3 epoch090.pt done
  I_coletra_s3 epoch100.pt done
  I_coletra_s4 epoch010.pt done
  I_coletra_s4 epoch020.pt done
  I_coletra_s4 epoch030.pt done
  I_coletra_s4 epoch040.pt done
  I_coletra_s4 epoch050.pt done
  I_coletra_s4 epoch060.pt done
  I_coletra_s4 epoch070.pt done
  I_coletra_s4 epoch080.pt done
  I_coletra_s4 epoch090.pt done
  I_coletra_s4 epoch100.pt done
  I_coletra_s5 epoch010.pt done
  I_coletra_s5 epoch020.pt done
  I_coletra_s5 epoch030.pt done
  I_coletra_s5 epoch040.pt done
  I_coletra_s5 epoch050.pt done
  I_coletra_s5 epoch060.pt done
  I_coletra_s5 epoch070.pt done
  I_coletra_s5 epoch080.pt done
  I_coletra_s5 epoch090.pt done
  I_coletra_s5 epoch100.pt done
  J_liot_s0 epoch010.pt done
  J_liot_s0 epoch020.pt done
  J_liot_s0 epoch030.pt done
  J_liot_s0 epoch040.pt done
  J_liot_s0 epoch050.pt done
  J_liot_s0 epoch060.pt done
  J_liot_s0 epoch070.pt done
  J_liot_s0 epoch080.pt done
  J_liot_s0 epoch090.pt done
  J_liot_s0 epoch100.pt done
  J_liot_s1 epoch010.pt done
  J_liot_s1 epoch020.pt done
  J_liot_s1 epoch030.pt done
  J_liot_s1 epoch040.pt done
  J_liot_s1 epoch050.pt done
  J_liot_s1 epoch060.pt done
  J_liot_s1 epoch070.pt done
  J_liot_s1 epoch080.pt done
  J_liot_s1 epoch090.pt done
  J_liot_s1 epoch100.pt done
  J_liot_s2 epoch010.pt done
  J_liot_s2 epoch020.pt done
  J_liot_s2 epoch030.pt done
  J_liot_s2 epoch040.pt done
  J_liot_s2 epoch050.pt done
  J_liot_s2 epoch060.pt done
  J_liot_s2 epoch070.pt done
  J_liot_s2 epoch080.pt done
  J_liot_s2 epoch090.pt done
  J_liot_s2 epoch100.pt done
  J_liot_s3 epoch010.pt done
  J_liot_s3 epoch020.pt done
  J_liot_s3 epoch030.pt done
  J_liot_s3 epoch040.pt done
  J_liot_s3 epoch050.pt done
  J_liot_s3 epoch060.pt done
  J_liot_s3 epoch070.pt done
  J_liot_s3 epoch080.pt done
  J_liot_s3 epoch090.pt done
  J_liot_s3 epoch100.pt done
  J_liot_s4 epoch010.pt done
  J_liot_s4 epoch020.pt done
  J_liot_s4 epoch030.pt done
  J_liot_s4 epoch040.pt done
  J_liot_s4 epoch050.pt done
  J_liot_s4 epoch060.pt done
  J_liot_s4 epoch070.pt done
  J_liot_s4 epoch080.pt done
  J_liot_s4 epoch090.pt done
  J_liot_s4 epoch100.pt done
  J_liot_s5 epoch010.pt done
  J_liot_s5 epoch020.pt done
  J_liot_s5 epoch030.pt done
  J_liot_s5 epoch040.pt done
  J_liot_s5 epoch050.pt done
  J_liot_s5 epoch060.pt done
  J_liot_s5 epoch070.pt done
  J_liot_s5 epoch080.pt done
  J_liot_s5 epoch090.pt done
  J_liot_s5 epoch100.pt done
  K_focal_aug_clw16_s0 epoch010.pt done
  K_focal_aug_clw16_s0 epoch020.pt done
  K_focal_aug_clw16_s0 epoch030.pt done
  K_focal_aug_clw16_s0 epoch040.pt done
  K_focal_aug_clw16_s0 epoch050.pt done
  K_focal_aug_clw16_s0 epoch060.pt done
  K_focal_aug_clw16_s0 epoch070.pt done
  K_focal_aug_clw16_s0 epoch080.pt done
  K_focal_aug_clw16_s0 epoch090.pt done
  K_focal_aug_clw16_s0 epoch100.pt done
  K_focal_aug_clw16_s1 epoch010.pt done
  K_focal_aug_clw16_s1 epoch020.pt done
  K_focal_aug_clw16_s1 epoch030.pt done
  K_focal_aug_clw16_s1 epoch040.pt done
  K_focal_aug_clw16_s1 epoch050.pt done
  K_focal_aug_clw16_s1 epoch060.pt done
  K_focal_aug_clw16_s1 epoch070.pt done
  K_focal_aug_clw16_s1 epoch080.pt done
  K_focal_aug_clw16_s1 epoch090.pt done
  K_focal_aug_clw16_s1 epoch100.pt done
  K_focal_aug_clw16_s10 epoch010.pt done
  K_focal_aug_clw16_s10 epoch020.pt done
  K_focal_aug_clw16_s10 epoch030.pt done
  K_focal_aug_clw16_s10 epoch040.pt done
  K_focal_aug_clw16_s10 epoch050.pt done
  K_focal_aug_clw16_s10 epoch060.pt done
  K_focal_aug_clw16_s10 epoch070.pt done
  K_focal_aug_clw16_s10 epoch080.pt done
  K_focal_aug_clw16_s10 epoch090.pt done
  K_focal_aug_clw16_s10 epoch100.pt done
  K_focal_aug_clw16_s11 epoch010.pt done
  K_focal_aug_clw16_s11 epoch020.pt done
  K_focal_aug_clw16_s11 epoch030.pt done
  K_focal_aug_clw16_s11 epoch040.pt done
  K_focal_aug_clw16_s11 epoch050.pt done
  K_focal_aug_clw16_s11 epoch060.pt done
  K_focal_aug_clw16_s11 epoch070.pt done
  K_focal_aug_clw16_s11 epoch080.pt done
  K_focal_aug_clw16_s11 epoch090.pt done
  K_focal_aug_clw16_s11 epoch100.pt done
  K_focal_aug_clw16_s2 epoch010.pt done
  K_focal_aug_clw16_s2 epoch020.pt done
  K_focal_aug_clw16_s2 epoch030.pt done
  K_focal_aug_clw16_s2 epoch040.pt done
  K_focal_aug_clw16_s2 epoch050.pt done
  K_focal_aug_clw16_s2 epoch060.pt done
  K_focal_aug_clw16_s2 epoch070.pt done
  K_focal_aug_clw16_s2 epoch080.pt done
  K_focal_aug_clw16_s2 epoch090.pt done
  K_focal_aug_clw16_s2 epoch100.pt done
  K_focal_aug_clw16_s3 epoch010.pt done
  K_focal_aug_clw16_s3 epoch020.pt done
  K_focal_aug_clw16_s3 epoch030.pt done
  K_focal_aug_clw16_s3 epoch040.pt done
  K_focal_aug_clw16_s3 epoch050.pt done
  K_focal_aug_clw16_s3 epoch060.pt done
  K_focal_aug_clw16_s3 epoch070.pt done
  K_focal_aug_clw16_s3 epoch080.pt done
  K_focal_aug_clw16_s3 epoch090.pt done
  K_focal_aug_clw16_s3 epoch100.pt done
  K_focal_aug_clw16_s4 epoch010.pt done
  K_focal_aug_clw16_s4 epoch020.pt done
  K_focal_aug_clw16_s4 epoch030.pt done
  K_focal_aug_clw16_s4 epoch040.pt done
  K_focal_aug_clw16_s4 epoch050.pt done
  K_focal_aug_clw16_s4 epoch060.pt done
  K_focal_aug_clw16_s4 epoch070.pt done
  K_focal_aug_clw16_s4 epoch080.pt done
  K_focal_aug_clw16_s4 epoch090.pt done
  K_focal_aug_clw16_s4 epoch100.pt done
  K_focal_aug_clw16_s5 epoch010.pt done
  K_focal_aug_clw16_s5 epoch020.pt done
  K_focal_aug_clw16_s5 epoch030.pt done
  K_focal_aug_clw16_s5 epoch040.pt done
  K_focal_aug_clw16_s5 epoch050.pt done
  K_focal_aug_clw16_s5 epoch060.pt done
  K_focal_aug_clw16_s5 epoch070.pt done
  K_focal_aug_clw16_s5 epoch080.pt done
  K_focal_aug_clw16_s5 epoch090.pt done
  K_focal_aug_clw16_s5 epoch100.pt done
  K_focal_aug_clw16_s6 epoch010.pt done
  K_focal_aug_clw16_s6 epoch020.pt done
  K_focal_aug_clw16_s6 epoch030.pt done
  K_focal_aug_clw16_s6 epoch040.pt done
  K_focal_aug_clw16_s6 epoch050.pt done
  K_focal_aug_clw16_s6 epoch060.pt done
  K_focal_aug_clw16_s6 epoch070.pt done
  K_focal_aug_clw16_s6 epoch080.pt done
  K_focal_aug_clw16_s6 epoch090.pt done
  K_focal_aug_clw16_s6 epoch100.pt done
  K_focal_aug_clw16_s7 epoch010.pt done
  K_focal_aug_clw16_s7 epoch020.pt done
  K_focal_aug_clw16_s7 epoch030.pt done
  K_focal_aug_clw16_s7 epoch040.pt done
  K_focal_aug_clw16_s7 epoch050.pt done
  K_focal_aug_clw16_s7 epoch060.pt done
  K_focal_aug_clw16_s7 epoch070.pt done
  K_focal_aug_clw16_s7 epoch080.pt done
  K_focal_aug_clw16_s7 epoch090.pt done
  K_focal_aug_clw16_s7 epoch100.pt done
  K_focal_aug_clw16_s8 epoch010.pt done
  K_focal_aug_clw16_s8 epoch020.pt done
  K_focal_aug_clw16_s8 epoch030.pt done
  K_focal_aug_clw16_s8 epoch040.pt done
  K_focal_aug_clw16_s8 epoch050.pt done
  K_focal_aug_clw16_s8 epoch060.pt done
  K_focal_aug_clw16_s8 epoch070.pt done
  K_focal_aug_clw16_s8 epoch080.pt done
  K_focal_aug_clw16_s8 epoch090.pt done
  K_focal_aug_clw16_s8 epoch100.pt done
  K_focal_aug_clw16_s9 epoch010.pt done
  K_focal_aug_clw16_s9 epoch020.pt done
  K_focal_aug_clw16_s9 epoch030.pt done
  K_focal_aug_clw16_s9 epoch040.pt done
  K_focal_aug_clw16_s9 epoch050.pt done
  K_focal_aug_clw16_s9 epoch060.pt done
  K_focal_aug_clw16_s9 epoch070.pt done
  K_focal_aug_clw16_s9 epoch080.pt done
  K_focal_aug_clw16_s9 epoch090.pt done
  K_focal_aug_clw16_s9 epoch100.pt done
  K_focal_aug_clw1_s0 epoch010.pt done
  K_focal_aug_clw1_s0 epoch020.pt done
  K_focal_aug_clw1_s0 epoch030.pt done
  K_focal_aug_clw1_s0 epoch040.pt done
  K_focal_aug_clw1_s0 epoch050.pt done
  K_focal_aug_clw1_s0 epoch060.pt done
  K_focal_aug_clw1_s0 epoch070.pt done
  K_focal_aug_clw1_s0 epoch080.pt done
  K_focal_aug_clw1_s0 epoch090.pt done
  K_focal_aug_clw1_s0 epoch100.pt done
  K_focal_aug_clw1_s1 epoch010.pt done
  K_focal_aug_clw1_s1 epoch020.pt done
  K_focal_aug_clw1_s1 epoch030.pt done
  K_focal_aug_clw1_s1 epoch040.pt done
  K_focal_aug_clw1_s1 epoch050.pt done
  K_focal_aug_clw1_s1 epoch060.pt done
  K_focal_aug_clw1_s1 epoch070.pt done
  K_focal_aug_clw1_s1 epoch080.pt done
  K_focal_aug_clw1_s1 epoch090.pt done
  K_focal_aug_clw1_s1 epoch100.pt done
  K_focal_aug_clw1_s10 epoch010.pt done
  K_focal_aug_clw1_s10 epoch020.pt done
  K_focal_aug_clw1_s10 epoch030.pt done
  K_focal_aug_clw1_s10 epoch040.pt done
  K_focal_aug_clw1_s10 epoch050.pt done
  K_focal_aug_clw1_s10 epoch060.pt done
  K_focal_aug_clw1_s10 epoch070.pt done
  K_focal_aug_clw1_s10 epoch080.pt done
  K_focal_aug_clw1_s10 epoch090.pt done
  K_focal_aug_clw1_s10 epoch100.pt done
  K_focal_aug_clw1_s11 epoch010.pt done
  K_focal_aug_clw1_s11 epoch020.pt done
  K_focal_aug_clw1_s11 epoch030.pt done
  K_focal_aug_clw1_s11 epoch040.pt done
  K_focal_aug_clw1_s11 epoch050.pt done
  K_focal_aug_clw1_s11 epoch060.pt done
  K_focal_aug_clw1_s11 epoch070.pt done
  K_focal_aug_clw1_s11 epoch080.pt done
  K_focal_aug_clw1_s11 epoch090.pt done
  K_focal_aug_clw1_s11 epoch100.pt done
  K_focal_aug_clw1_s2 epoch010.pt done
  K_focal_aug_clw1_s2 epoch020.pt done
  K_focal_aug_clw1_s2 epoch030.pt done
  K_focal_aug_clw1_s2 epoch040.pt done
  K_focal_aug_clw1_s2 epoch050.pt done
  K_focal_aug_clw1_s2 epoch060.pt done
  K_focal_aug_clw1_s2 epoch070.pt done
  K_focal_aug_clw1_s2 epoch080.pt done
  K_focal_aug_clw1_s2 epoch090.pt done
  K_focal_aug_clw1_s2 epoch100.pt done
  K_focal_aug_clw1_s3 epoch010.pt done
  K_focal_aug_clw1_s3 epoch020.pt done
  K_focal_aug_clw1_s3 epoch030.pt done
  K_focal_aug_clw1_s3 epoch040.pt done
  K_focal_aug_clw1_s3 epoch050.pt done
  K_focal_aug_clw1_s3 epoch060.pt done
  K_focal_aug_clw1_s3 epoch070.pt done
  K_focal_aug_clw1_s3 epoch080.pt done
  K_focal_aug_clw1_s3 epoch090.pt done
  K_focal_aug_clw1_s3 epoch100.pt done
  K_focal_aug_clw1_s4 epoch010.pt done
  K_focal_aug_clw1_s4 epoch020.pt done
  K_focal_aug_clw1_s4 epoch030.pt done
  K_focal_aug_clw1_s4 epoch040.pt done
  K_focal_aug_clw1_s4 epoch050.pt done
  K_focal_aug_clw1_s4 epoch060.pt done
  K_focal_aug_clw1_s4 epoch070.pt done
  K_focal_aug_clw1_s4 epoch080.pt done
  K_focal_aug_clw1_s4 epoch090.pt done
  K_focal_aug_clw1_s4 epoch100.pt done
  K_focal_aug_clw1_s5 epoch010.pt done
  K_focal_aug_clw1_s5 epoch020.pt done
  K_focal_aug_clw1_s5 epoch030.pt done
  K_focal_aug_clw1_s5 epoch040.pt done
  K_focal_aug_clw1_s5 epoch050.pt done
  K_focal_aug_clw1_s5 epoch060.pt done
  K_focal_aug_clw1_s5 epoch070.pt done
  K_focal_aug_clw1_s5 epoch080.pt done
  K_focal_aug_clw1_s5 epoch090.pt done
  K_focal_aug_clw1_s5 epoch100.pt done
  K_focal_aug_clw1_s6 epoch010.pt done
  K_focal_aug_clw1_s6 epoch020.pt done
  K_focal_aug_clw1_s6 epoch030.pt done
  K_focal_aug_clw1_s6 epoch040.pt done
  K_focal_aug_clw1_s6 epoch050.pt done
  K_focal_aug_clw1_s6 epoch060.pt done
  K_focal_aug_clw1_s6 epoch070.pt done
  K_focal_aug_clw1_s6 epoch080.pt done
  K_focal_aug_clw1_s6 epoch090.pt done
  K_focal_aug_clw1_s6 epoch100.pt done
  K_focal_aug_clw1_s7 epoch010.pt done
  K_focal_aug_clw1_s7 epoch020.pt done
  K_focal_aug_clw1_s7 epoch030.pt done
  K_focal_aug_clw1_s7 epoch040.pt done
  K_focal_aug_clw1_s7 epoch050.pt done
  K_focal_aug_clw1_s7 epoch060.pt done
  K_focal_aug_clw1_s7 epoch070.pt done
  K_focal_aug_clw1_s7 epoch080.pt done
  K_focal_aug_clw1_s7 epoch090.pt done
  K_focal_aug_clw1_s7 epoch100.pt done
  K_focal_aug_clw1_s8 epoch010.pt done
  K_focal_aug_clw1_s8 epoch020.pt done
  K_focal_aug_clw1_s8 epoch030.pt done
  K_focal_aug_clw1_s8 epoch040.pt done
  K_focal_aug_clw1_s8 epoch050.pt done
  K_focal_aug_clw1_s8 epoch060.pt done
  K_focal_aug_clw1_s8 epoch070.pt done
  K_focal_aug_clw1_s8 epoch080.pt done
  K_focal_aug_clw1_s8 epoch090.pt done
  K_focal_aug_clw1_s8 epoch100.pt done
  K_focal_aug_clw1_s9 epoch010.pt done
  K_focal_aug_clw1_s9 epoch020.pt done
  K_focal_aug_clw1_s9 epoch030.pt done
  K_focal_aug_clw1_s9 epoch040.pt done
  K_focal_aug_clw1_s9 epoch050.pt done
  K_focal_aug_clw1_s9 epoch060.pt done
  K_focal_aug_clw1_s9 epoch070.pt done
  K_focal_aug_clw1_s9 epoch080.pt done
  K_focal_aug_clw1_s9 epoch090.pt done
  K_focal_aug_clw1_s9 epoch100.pt done
  K_focal_aug_clw2_s0 epoch010.pt done
  K_focal_aug_clw2_s0 epoch020.pt done
  K_focal_aug_clw2_s0 epoch030.pt done
  K_focal_aug_clw2_s0 epoch040.pt done
  K_focal_aug_clw2_s0 epoch050.pt done
  K_focal_aug_clw2_s0 epoch060.pt done
  K_focal_aug_clw2_s0 epoch070.pt done
  K_focal_aug_clw2_s0 epoch080.pt done
  K_focal_aug_clw2_s0 epoch090.pt done
  K_focal_aug_clw2_s0 epoch100.pt done
  K_focal_aug_clw2_s1 epoch010.pt done
  K_focal_aug_clw2_s1 epoch020.pt done
  K_focal_aug_clw2_s1 epoch030.pt done
  K_focal_aug_clw2_s1 epoch040.pt done
  K_focal_aug_clw2_s1 epoch050.pt done
  K_focal_aug_clw2_s1 epoch060.pt done
  K_focal_aug_clw2_s1 epoch070.pt done
  K_focal_aug_clw2_s1 epoch080.pt done
  K_focal_aug_clw2_s1 epoch090.pt done
  K_focal_aug_clw2_s1 epoch100.pt done
  K_focal_aug_clw2_s10 epoch010.pt done
  K_focal_aug_clw2_s10 epoch020.pt done
  K_focal_aug_clw2_s10 epoch030.pt done
  K_focal_aug_clw2_s10 epoch040.pt done
  K_focal_aug_clw2_s10 epoch050.pt done
  K_focal_aug_clw2_s10 epoch060.pt done
  K_focal_aug_clw2_s10 epoch070.pt done
  K_focal_aug_clw2_s10 epoch080.pt done
  K_focal_aug_clw2_s10 epoch090.pt done
  K_focal_aug_clw2_s10 epoch100.pt done
  K_focal_aug_clw2_s11 epoch010.pt done
  K_focal_aug_clw2_s11 epoch020.pt done
  K_focal_aug_clw2_s11 epoch030.pt done
  K_focal_aug_clw2_s11 epoch040.pt done
  K_focal_aug_clw2_s11 epoch050.pt done
  K_focal_aug_clw2_s11 epoch060.pt done
  K_focal_aug_clw2_s11 epoch070.pt done
  K_focal_aug_clw2_s11 epoch080.pt done
  K_focal_aug_clw2_s11 epoch090.pt done
  K_focal_aug_clw2_s11 epoch100.pt done
  K_focal_aug_clw2_s2 epoch010.pt done
  K_focal_aug_clw2_s2 epoch020.pt done
  K_focal_aug_clw2_s2 epoch030.pt done
  K_focal_aug_clw2_s2 epoch040.pt done
  K_focal_aug_clw2_s2 epoch050.pt done
  K_focal_aug_clw2_s2 epoch060.pt done
  K_focal_aug_clw2_s2 epoch070.pt done
  K_focal_aug_clw2_s2 epoch080.pt done
  K_focal_aug_clw2_s2 epoch090.pt done
  K_focal_aug_clw2_s2 epoch100.pt done
  K_focal_aug_clw2_s3 epoch010.pt done
  K_focal_aug_clw2_s3 epoch020.pt done
  K_focal_aug_clw2_s3 epoch030.pt done
  K_focal_aug_clw2_s3 epoch040.pt done
  K_focal_aug_clw2_s3 epoch050.pt done
  K_focal_aug_clw2_s3 epoch060.pt done
  K_focal_aug_clw2_s3 epoch070.pt done
  K_focal_aug_clw2_s3 epoch080.pt done
  K_focal_aug_clw2_s3 epoch090.pt done
  K_focal_aug_clw2_s3 epoch100.pt done
  K_focal_aug_clw2_s4 epoch010.pt done
  K_focal_aug_clw2_s4 epoch020.pt done
  K_focal_aug_clw2_s4 epoch030.pt done
  K_focal_aug_clw2_s4 epoch040.pt done
  K_focal_aug_clw2_s4 epoch050.pt done
  K_focal_aug_clw2_s4 epoch060.pt done
  K_focal_aug_clw2_s4 epoch070.pt done
  K_focal_aug_clw2_s4 epoch080.pt done
  K_focal_aug_clw2_s4 epoch090.pt done
  K_focal_aug_clw2_s4 epoch100.pt done
  K_focal_aug_clw2_s5 epoch010.pt done
  K_focal_aug_clw2_s5 epoch020.pt done
  K_focal_aug_clw2_s5 epoch030.pt done
  K_focal_aug_clw2_s5 epoch040.pt done
  K_focal_aug_clw2_s5 epoch050.pt done
  K_focal_aug_clw2_s5 epoch060.pt done
  K_focal_aug_clw2_s5 epoch070.pt done
  K_focal_aug_clw2_s5 epoch080.pt done
  K_focal_aug_clw2_s5 epoch090.pt done
  K_focal_aug_clw2_s5 epoch100.pt done
  K_focal_aug_clw2_s6 epoch010.pt done
  K_focal_aug_clw2_s6 epoch020.pt done
  K_focal_aug_clw2_s6 epoch030.pt done
  K_focal_aug_clw2_s6 epoch040.pt done
  K_focal_aug_clw2_s6 epoch050.pt done
  K_focal_aug_clw2_s6 epoch060.pt done
  K_focal_aug_clw2_s6 epoch070.pt done
  K_focal_aug_clw2_s6 epoch080.pt done
  K_focal_aug_clw2_s6 epoch090.pt done
  K_focal_aug_clw2_s6 epoch100.pt done
  K_focal_aug_clw2_s7 epoch010.pt done
  K_focal_aug_clw2_s7 epoch020.pt done
  K_focal_aug_clw2_s7 epoch030.pt done
  K_focal_aug_clw2_s7 epoch040.pt done
  K_focal_aug_clw2_s7 epoch050.pt done
  K_focal_aug_clw2_s7 epoch060.pt done
  K_focal_aug_clw2_s7 epoch070.pt done
  K_focal_aug_clw2_s7 epoch080.pt done
  K_focal_aug_clw2_s7 epoch090.pt done
  K_focal_aug_clw2_s7 epoch100.pt done
  K_focal_aug_clw2_s8 epoch010.pt done
  K_focal_aug_clw2_s8 epoch020.pt done
  K_focal_aug_clw2_s8 epoch030.pt done
  K_focal_aug_clw2_s8 epoch040.pt done
  K_focal_aug_clw2_s8 epoch050.pt done
  K_focal_aug_clw2_s8 epoch060.pt done
  K_focal_aug_clw2_s8 epoch070.pt done
  K_focal_aug_clw2_s8 epoch080.pt done
  K_focal_aug_clw2_s8 epoch090.pt done
  K_focal_aug_clw2_s8 epoch100.pt done
  K_focal_aug_clw2_s9 epoch010.pt done
  K_focal_aug_clw2_s9 epoch020.pt done
  K_focal_aug_clw2_s9 epoch030.pt done
  K_focal_aug_clw2_s9 epoch040.pt done
  K_focal_aug_clw2_s9 epoch050.pt done
  K_focal_aug_clw2_s9 epoch060.pt done
  K_focal_aug_clw2_s9 epoch070.pt done
  K_focal_aug_clw2_s9 epoch080.pt done
  K_focal_aug_clw2_s9 epoch090.pt done
  K_focal_aug_clw2_s9 epoch100.pt done
  K_focal_aug_clw32_s0 epoch010.pt done
  K_focal_aug_clw32_s0 epoch020.pt done
  K_focal_aug_clw32_s0 epoch030.pt done
  K_focal_aug_clw32_s0 epoch040.pt done
  K_focal_aug_clw32_s0 epoch050.pt done
  K_focal_aug_clw32_s0 epoch060.pt done
  K_focal_aug_clw32_s0 epoch070.pt done
  K_focal_aug_clw32_s0 epoch080.pt done
  K_focal_aug_clw32_s0 epoch090.pt done
  K_focal_aug_clw32_s0 epoch100.pt done
  K_focal_aug_clw32_s1 epoch010.pt done
  K_focal_aug_clw32_s1 epoch020.pt done
  K_focal_aug_clw32_s1 epoch030.pt done
  K_focal_aug_clw32_s1 epoch040.pt done
  K_focal_aug_clw32_s1 epoch050.pt done
  K_focal_aug_clw32_s1 epoch060.pt done
  K_focal_aug_clw32_s1 epoch070.pt done
  K_focal_aug_clw32_s1 epoch080.pt done
  K_focal_aug_clw32_s1 epoch090.pt done
  K_focal_aug_clw32_s1 epoch100.pt done
  K_focal_aug_clw32_s10 epoch010.pt done
  K_focal_aug_clw32_s10 epoch020.pt done
  K_focal_aug_clw32_s10 epoch030.pt done
  K_focal_aug_clw32_s10 epoch040.pt done
  K_focal_aug_clw32_s10 epoch050.pt done
  K_focal_aug_clw32_s10 epoch060.pt done
  K_focal_aug_clw32_s10 epoch070.pt done
  K_focal_aug_clw32_s10 epoch080.pt done
  K_focal_aug_clw32_s10 epoch090.pt done
  K_focal_aug_clw32_s10 epoch100.pt done
  K_focal_aug_clw32_s11 epoch010.pt done
  K_focal_aug_clw32_s11 epoch020.pt done
  K_focal_aug_clw32_s11 epoch030.pt done
  K_focal_aug_clw32_s11 epoch040.pt done
  K_focal_aug_clw32_s11 epoch050.pt done
  K_focal_aug_clw32_s11 epoch060.pt done
  K_focal_aug_clw32_s11 epoch070.pt done
  K_focal_aug_clw32_s11 epoch080.pt done
  K_focal_aug_clw32_s11 epoch090.pt done
  K_focal_aug_clw32_s11 epoch100.pt done
  K_focal_aug_clw32_s2 epoch010.pt done
  K_focal_aug_clw32_s2 epoch020.pt done
  K_focal_aug_clw32_s2 epoch030.pt done
  K_focal_aug_clw32_s2 epoch040.pt done
  K_focal_aug_clw32_s2 epoch050.pt done
  K_focal_aug_clw32_s2 epoch060.pt done
  K_focal_aug_clw32_s2 epoch070.pt done
  K_focal_aug_clw32_s2 epoch080.pt done
  K_focal_aug_clw32_s2 epoch090.pt done
  K_focal_aug_clw32_s2 epoch100.pt done
  K_focal_aug_clw32_s3 epoch010.pt done
  K_focal_aug_clw32_s3 epoch020.pt done
  K_focal_aug_clw32_s3 epoch030.pt done
  K_focal_aug_clw32_s3 epoch040.pt done
  K_focal_aug_clw32_s3 epoch050.pt done
  K_focal_aug_clw32_s3 epoch060.pt done
  K_focal_aug_clw32_s3 epoch070.pt done
  K_focal_aug_clw32_s3 epoch080.pt done
  K_focal_aug_clw32_s3 epoch090.pt done
  K_focal_aug_clw32_s3 epoch100.pt done
  K_focal_aug_clw32_s4 epoch010.pt done
  K_focal_aug_clw32_s4 epoch020.pt done
  K_focal_aug_clw32_s4 epoch030.pt done
  K_focal_aug_clw32_s4 epoch040.pt done
  K_focal_aug_clw32_s4 epoch050.pt done
  K_focal_aug_clw32_s4 epoch060.pt done
  K_focal_aug_clw32_s4 epoch070.pt done
  K_focal_aug_clw32_s4 epoch080.pt done
  K_focal_aug_clw32_s4 epoch090.pt done
  K_focal_aug_clw32_s4 epoch100.pt done
  K_focal_aug_clw32_s5 epoch010.pt done
  K_focal_aug_clw32_s5 epoch020.pt done
  K_focal_aug_clw32_s5 epoch030.pt done
  K_focal_aug_clw32_s5 epoch040.pt done
  K_focal_aug_clw32_s5 epoch050.pt done
  K_focal_aug_clw32_s5 epoch060.pt done
  K_focal_aug_clw32_s5 epoch070.pt done
  K_focal_aug_clw32_s5 epoch080.pt done
  K_focal_aug_clw32_s5 epoch090.pt done
  K_focal_aug_clw32_s5 epoch100.pt done
  K_focal_aug_clw32_s6 epoch010.pt done
  K_focal_aug_clw32_s6 epoch020.pt done
  K_focal_aug_clw32_s6 epoch030.pt done
  K_focal_aug_clw32_s6 epoch040.pt done
  K_focal_aug_clw32_s6 epoch050.pt done
  K_focal_aug_clw32_s6 epoch060.pt done
  K_focal_aug_clw32_s6 epoch070.pt done
  K_focal_aug_clw32_s6 epoch080.pt done
  K_focal_aug_clw32_s6 epoch090.pt done
  K_focal_aug_clw32_s6 epoch100.pt done
  K_focal_aug_clw32_s7 epoch010.pt done
  K_focal_aug_clw32_s7 epoch020.pt done
  K_focal_aug_clw32_s7 epoch030.pt done
  K_focal_aug_clw32_s7 epoch040.pt done
  K_focal_aug_clw32_s7 epoch050.pt done
  K_focal_aug_clw32_s7 epoch060.pt done
  K_focal_aug_clw32_s7 epoch070.pt done
  K_focal_aug_clw32_s7 epoch080.pt done
  K_focal_aug_clw32_s7 epoch090.pt done
  K_focal_aug_clw32_s7 epoch100.pt done
  K_focal_aug_clw32_s8 epoch010.pt done
  K_focal_aug_clw32_s8 epoch020.pt done
  K_focal_aug_clw32_s8 epoch030.pt done
  K_focal_aug_clw32_s8 epoch040.pt done
  K_focal_aug_clw32_s8 epoch050.pt done
  K_focal_aug_clw32_s8 epoch060.pt done
  K_focal_aug_clw32_s8 epoch070.pt done
  K_focal_aug_clw32_s8 epoch080.pt done
  K_focal_aug_clw32_s8 epoch090.pt done
  K_focal_aug_clw32_s8 epoch100.pt done
  K_focal_aug_clw32_s9 epoch010.pt done
  K_focal_aug_clw32_s9 epoch020.pt done
  K_focal_aug_clw32_s9 epoch030.pt done
  K_focal_aug_clw32_s9 epoch040.pt done
  K_focal_aug_clw32_s9 epoch050.pt done
  K_focal_aug_clw32_s9 epoch060.pt done
  K_focal_aug_clw32_s9 epoch070.pt done
  K_focal_aug_clw32_s9 epoch080.pt done
  K_focal_aug_clw32_s9 epoch090.pt done
  K_focal_aug_clw32_s9 epoch100.pt done
  K_focal_aug_clw4_s0 epoch010.pt done
  K_focal_aug_clw4_s0 epoch020.pt done
  K_focal_aug_clw4_s0 epoch030.pt done
  K_focal_aug_clw4_s0 epoch040.pt done
  K_focal_aug_clw4_s0 epoch050.pt done
  K_focal_aug_clw4_s0 epoch060.pt done
  K_focal_aug_clw4_s0 epoch070.pt done
  K_focal_aug_clw4_s0 epoch080.pt done
  K_focal_aug_clw4_s0 epoch090.pt done
  K_focal_aug_clw4_s0 epoch100.pt done
  K_focal_aug_clw4_s1 epoch010.pt done
  K_focal_aug_clw4_s1 epoch020.pt done
  K_focal_aug_clw4_s1 epoch030.pt done
  K_focal_aug_clw4_s1 epoch040.pt done
  K_focal_aug_clw4_s1 epoch050.pt done
  K_focal_aug_clw4_s1 epoch060.pt done
  K_focal_aug_clw4_s1 epoch070.pt done
  K_focal_aug_clw4_s1 epoch080.pt done
  K_focal_aug_clw4_s1 epoch090.pt done
  K_focal_aug_clw4_s1 epoch100.pt done
  K_focal_aug_clw4_s10 epoch010.pt done
  K_focal_aug_clw4_s10 epoch020.pt done
  K_focal_aug_clw4_s10 epoch030.pt done
  K_focal_aug_clw4_s10 epoch040.pt done
  K_focal_aug_clw4_s10 epoch050.pt done
  K_focal_aug_clw4_s10 epoch060.pt done
  K_focal_aug_clw4_s10 epoch070.pt done
  K_focal_aug_clw4_s10 epoch080.pt done
  K_focal_aug_clw4_s10 epoch090.pt done
  K_focal_aug_clw4_s10 epoch100.pt done
  K_focal_aug_clw4_s11 epoch010.pt done
  K_focal_aug_clw4_s11 epoch020.pt done
  K_focal_aug_clw4_s11 epoch030.pt done
  K_focal_aug_clw4_s11 epoch040.pt done
  K_focal_aug_clw4_s11 epoch050.pt done
  K_focal_aug_clw4_s11 epoch060.pt done
  K_focal_aug_clw4_s11 epoch070.pt done
  K_focal_aug_clw4_s11 epoch080.pt done
  K_focal_aug_clw4_s11 epoch090.pt done
  K_focal_aug_clw4_s11 epoch100.pt done
  K_focal_aug_clw4_s2 epoch010.pt done
  K_focal_aug_clw4_s2 epoch020.pt done
  K_focal_aug_clw4_s2 epoch030.pt done
  K_focal_aug_clw4_s2 epoch040.pt done
  K_focal_aug_clw4_s2 epoch050.pt done
  K_focal_aug_clw4_s2 epoch060.pt done
  K_focal_aug_clw4_s2 epoch070.pt done
  K_focal_aug_clw4_s2 epoch080.pt done
  K_focal_aug_clw4_s2 epoch090.pt done
  K_focal_aug_clw4_s2 epoch100.pt done
  K_focal_aug_clw4_s3 epoch010.pt done
  K_focal_aug_clw4_s3 epoch020.pt done
  K_focal_aug_clw4_s3 epoch030.pt done
  K_focal_aug_clw4_s3 epoch040.pt done
  K_focal_aug_clw4_s3 epoch050.pt done
  K_focal_aug_clw4_s3 epoch060.pt done
  K_focal_aug_clw4_s3 epoch070.pt done
  K_focal_aug_clw4_s3 epoch080.pt done
  K_focal_aug_clw4_s3 epoch090.pt done
  K_focal_aug_clw4_s3 epoch100.pt done
  K_focal_aug_clw4_s4 epoch010.pt done
  K_focal_aug_clw4_s4 epoch020.pt done
  K_focal_aug_clw4_s4 epoch030.pt done
  K_focal_aug_clw4_s4 epoch040.pt done
  K_focal_aug_clw4_s4 epoch050.pt done
  K_focal_aug_clw4_s4 epoch060.pt done
  K_focal_aug_clw4_s4 epoch070.pt done
  K_focal_aug_clw4_s4 epoch080.pt done
  K_focal_aug_clw4_s4 epoch090.pt done
  K_focal_aug_clw4_s4 epoch100.pt done
  K_focal_aug_clw4_s5 epoch010.pt done
  K_focal_aug_clw4_s5 epoch020.pt done
  K_focal_aug_clw4_s5 epoch030.pt done
  K_focal_aug_clw4_s5 epoch040.pt done
  K_focal_aug_clw4_s5 epoch050.pt done
  K_focal_aug_clw4_s5 epoch060.pt done
  K_focal_aug_clw4_s5 epoch070.pt done
  K_focal_aug_clw4_s5 epoch080.pt done
  K_focal_aug_clw4_s5 epoch090.pt done
  K_focal_aug_clw4_s5 epoch100.pt done
  K_focal_aug_clw4_s6 epoch010.pt done
  K_focal_aug_clw4_s6 epoch020.pt done
  K_focal_aug_clw4_s6 epoch030.pt done
  K_focal_aug_clw4_s6 epoch040.pt done
  K_focal_aug_clw4_s6 epoch050.pt done
  K_focal_aug_clw4_s6 epoch060.pt done
  K_focal_aug_clw4_s6 epoch070.pt done
  K_focal_aug_clw4_s6 epoch080.pt done
  K_focal_aug_clw4_s6 epoch090.pt done
  K_focal_aug_clw4_s6 epoch100.pt done
  K_focal_aug_clw4_s7 epoch010.pt done
  K_focal_aug_clw4_s7 epoch020.pt done
  K_focal_aug_clw4_s7 epoch030.pt done
  K_focal_aug_clw4_s7 epoch040.pt done
  K_focal_aug_clw4_s7 epoch050.pt done
  K_focal_aug_clw4_s7 epoch060.pt done
  K_focal_aug_clw4_s7 epoch070.pt done
  K_focal_aug_clw4_s7 epoch080.pt done
  K_focal_aug_clw4_s7 epoch090.pt done
  K_focal_aug_clw4_s7 epoch100.pt done
  K_focal_aug_clw4_s8 epoch010.pt done
  K_focal_aug_clw4_s8 epoch020.pt done
  K_focal_aug_clw4_s8 epoch030.pt done
  K_focal_aug_clw4_s8 epoch040.pt done
  K_focal_aug_clw4_s8 epoch050.pt done
  K_focal_aug_clw4_s8 epoch060.pt done
  K_focal_aug_clw4_s8 epoch070.pt done
  K_focal_aug_clw4_s8 epoch080.pt done
  K_focal_aug_clw4_s8 epoch090.pt done
  K_focal_aug_clw4_s8 epoch100.pt done
  K_focal_aug_clw4_s9 epoch010.pt done
  K_focal_aug_clw4_s9 epoch020.pt done
  K_focal_aug_clw4_s9 epoch030.pt done
  K_focal_aug_clw4_s9 epoch040.pt done
  K_focal_aug_clw4_s9 epoch050.pt done
  K_focal_aug_clw4_s9 epoch060.pt done
  K_focal_aug_clw4_s9 epoch070.pt done
  K_focal_aug_clw4_s9 epoch080.pt done
  K_focal_aug_clw4_s9 epoch090.pt done
  K_focal_aug_clw4_s9 epoch100.pt done
  K_focal_aug_clw64_s0 epoch010.pt done
  K_focal_aug_clw64_s0 epoch020.pt done
  K_focal_aug_clw64_s0 epoch030.pt done
  K_focal_aug_clw64_s0 epoch040.pt done
  K_focal_aug_clw64_s0 epoch050.pt done
  K_focal_aug_clw64_s0 epoch060.pt done
  K_focal_aug_clw64_s0 epoch070.pt done
  K_focal_aug_clw64_s0 epoch080.pt done
  K_focal_aug_clw64_s0 epoch090.pt done
  K_focal_aug_clw64_s0 epoch100.pt done
  K_focal_aug_clw64_s1 epoch010.pt done
  K_focal_aug_clw64_s1 epoch020.pt done
  K_focal_aug_clw64_s1 epoch030.pt done
  K_focal_aug_clw64_s1 epoch040.pt done
  K_focal_aug_clw64_s1 epoch050.pt done
  K_focal_aug_clw64_s1 epoch060.pt done
  K_focal_aug_clw64_s1 epoch070.pt done
  K_focal_aug_clw64_s1 epoch080.pt done
  K_focal_aug_clw64_s1 epoch090.pt done
  K_focal_aug_clw64_s1 epoch100.pt done
  K_focal_aug_clw64_s10 epoch010.pt done
  K_focal_aug_clw64_s10 epoch020.pt done
  K_focal_aug_clw64_s10 epoch030.pt done
  K_focal_aug_clw64_s10 epoch040.pt done
  K_focal_aug_clw64_s10 epoch050.pt done
  K_focal_aug_clw64_s10 epoch060.pt done
  K_focal_aug_clw64_s10 epoch070.pt done
  K_focal_aug_clw64_s10 epoch080.pt done
  K_focal_aug_clw64_s10 epoch090.pt done
  K_focal_aug_clw64_s10 epoch100.pt done
  K_focal_aug_clw64_s11 epoch010.pt done
  K_focal_aug_clw64_s11 epoch020.pt done
  K_focal_aug_clw64_s11 epoch030.pt done
  K_focal_aug_clw64_s11 epoch040.pt done
  K_focal_aug_clw64_s11 epoch050.pt done
  K_focal_aug_clw64_s11 epoch060.pt done
  K_focal_aug_clw64_s11 epoch070.pt done
  K_focal_aug_clw64_s11 epoch080.pt done
  K_focal_aug_clw64_s11 epoch090.pt done
  K_focal_aug_clw64_s11 epoch100.pt done
  K_focal_aug_clw64_s2 epoch010.pt done
  K_focal_aug_clw64_s2 epoch020.pt done
  K_focal_aug_clw64_s2 epoch030.pt done
  K_focal_aug_clw64_s2 epoch040.pt done
  K_focal_aug_clw64_s2 epoch050.pt done
  K_focal_aug_clw64_s2 epoch060.pt done
  K_focal_aug_clw64_s2 epoch070.pt done
  K_focal_aug_clw64_s2 epoch080.pt done
  K_focal_aug_clw64_s2 epoch090.pt done
  K_focal_aug_clw64_s2 epoch100.pt done
  K_focal_aug_clw64_s3 epoch010.pt done
  K_focal_aug_clw64_s3 epoch020.pt done
  K_focal_aug_clw64_s3 epoch030.pt done
  K_focal_aug_clw64_s3 epoch040.pt done
  K_focal_aug_clw64_s3 epoch050.pt done
  K_focal_aug_clw64_s3 epoch060.pt done
  K_focal_aug_clw64_s3 epoch070.pt done
  K_focal_aug_clw64_s3 epoch080.pt done
  K_focal_aug_clw64_s3 epoch090.pt done
  K_focal_aug_clw64_s3 epoch100.pt done
  K_focal_aug_clw64_s4 epoch010.pt done
  K_focal_aug_clw64_s4 epoch020.pt done
  K_focal_aug_clw64_s4 epoch030.pt done
  K_focal_aug_clw64_s4 epoch040.pt done
  K_focal_aug_clw64_s4 epoch050.pt done
  K_focal_aug_clw64_s4 epoch060.pt done
  K_focal_aug_clw64_s4 epoch070.pt done
  K_focal_aug_clw64_s4 epoch080.pt done
  K_focal_aug_clw64_s4 epoch090.pt done
  K_focal_aug_clw64_s4 epoch100.pt done
  K_focal_aug_clw64_s5 epoch010.pt done
  K_focal_aug_clw64_s5 epoch020.pt done
  K_focal_aug_clw64_s5 epoch030.pt done
  K_focal_aug_clw64_s5 epoch040.pt done
  K_focal_aug_clw64_s5 epoch050.pt done
  K_focal_aug_clw64_s5 epoch060.pt done
  K_focal_aug_clw64_s5 epoch070.pt done
  K_focal_aug_clw64_s5 epoch080.pt done
  K_focal_aug_clw64_s5 epoch090.pt done
  K_focal_aug_clw64_s5 epoch100.pt done
  K_focal_aug_clw64_s6 epoch010.pt done
  K_focal_aug_clw64_s6 epoch020.pt done
  K_focal_aug_clw64_s6 epoch030.pt done
  K_focal_aug_clw64_s6 epoch040.pt done
  K_focal_aug_clw64_s6 epoch050.pt done
  K_focal_aug_clw64_s6 epoch060.pt done
  K_focal_aug_clw64_s6 epoch070.pt done
  K_focal_aug_clw64_s6 epoch080.pt done
  K_focal_aug_clw64_s6 epoch090.pt done
  K_focal_aug_clw64_s6 epoch100.pt done
  K_focal_aug_clw64_s7 epoch010.pt done
  K_focal_aug_clw64_s7 epoch020.pt done
  K_focal_aug_clw64_s7 epoch030.pt done
  K_focal_aug_clw64_s7 epoch040.pt done
  K_focal_aug_clw64_s7 epoch050.pt done
  K_focal_aug_clw64_s7 epoch060.pt done
  K_focal_aug_clw64_s7 epoch070.pt done
  K_focal_aug_clw64_s7 epoch080.pt done
  K_focal_aug_clw64_s7 epoch090.pt done
  K_focal_aug_clw64_s7 epoch100.pt done
  K_focal_aug_clw64_s8 epoch010.pt done
  K_focal_aug_clw64_s8 epoch020.pt done
  K_focal_aug_clw64_s8 epoch030.pt done
  K_focal_aug_clw64_s8 epoch040.pt done
  K_focal_aug_clw64_s8 epoch050.pt done
  K_focal_aug_clw64_s8 epoch060.pt done
  K_focal_aug_clw64_s8 epoch070.pt done
  K_focal_aug_clw64_s8 epoch080.pt done
  K_focal_aug_clw64_s8 epoch090.pt done
  K_focal_aug_clw64_s8 epoch100.pt done
  K_focal_aug_clw64_s9 epoch010.pt done
  K_focal_aug_clw64_s9 epoch020.pt done
  K_focal_aug_clw64_s9 epoch030.pt done
  K_focal_aug_clw64_s9 epoch040.pt done
  K_focal_aug_clw64_s9 epoch050.pt done
  K_focal_aug_clw64_s9 epoch060.pt done
  K_focal_aug_clw64_s9 epoch070.pt done
  K_focal_aug_clw64_s9 epoch080.pt done
  K_focal_aug_clw64_s9 epoch090.pt done
  K_focal_aug_clw64_s9 epoch100.pt done
  K_focal_aug_clw8_s0 epoch010.pt done
  K_focal_aug_clw8_s0 epoch020.pt done
  K_focal_aug_clw8_s0 epoch030.pt done
  K_focal_aug_clw8_s0 epoch040.pt done
  K_focal_aug_clw8_s0 epoch050.pt done
  K_focal_aug_clw8_s0 epoch060.pt done
  K_focal_aug_clw8_s0 epoch070.pt done
  K_focal_aug_clw8_s0 epoch080.pt done
  K_focal_aug_clw8_s0 epoch090.pt done
  K_focal_aug_clw8_s0 epoch100.pt done
  K_focal_aug_clw8_s1 epoch010.pt done
  K_focal_aug_clw8_s1 epoch020.pt done
  K_focal_aug_clw8_s1 epoch030.pt done
  K_focal_aug_clw8_s1 epoch040.pt done
  K_focal_aug_clw8_s1 epoch050.pt done
  K_focal_aug_clw8_s1 epoch060.pt done
  K_focal_aug_clw8_s1 epoch070.pt done
  K_focal_aug_clw8_s1 epoch080.pt done
  K_focal_aug_clw8_s1 epoch090.pt done
  K_focal_aug_clw8_s1 epoch100.pt done
  K_focal_aug_clw8_s10 epoch010.pt done
  K_focal_aug_clw8_s10 epoch020.pt done
  K_focal_aug_clw8_s10 epoch030.pt done
  K_focal_aug_clw8_s10 epoch040.pt done
  K_focal_aug_clw8_s10 epoch050.pt done
  K_focal_aug_clw8_s10 epoch060.pt done
  K_focal_aug_clw8_s10 epoch070.pt done
  K_focal_aug_clw8_s10 epoch080.pt done
  K_focal_aug_clw8_s10 epoch090.pt done
  K_focal_aug_clw8_s10 epoch100.pt done
  K_focal_aug_clw8_s11 epoch010.pt done
  K_focal_aug_clw8_s11 epoch020.pt done
  K_focal_aug_clw8_s11 epoch030.pt done
  K_focal_aug_clw8_s11 epoch040.pt done
  K_focal_aug_clw8_s11 epoch050.pt done
  K_focal_aug_clw8_s11 epoch060.pt done
  K_focal_aug_clw8_s11 epoch070.pt done
  K_focal_aug_clw8_s11 epoch080.pt done
  K_focal_aug_clw8_s11 epoch090.pt done
  K_focal_aug_clw8_s11 epoch100.pt done
  K_focal_aug_clw8_s2 epoch010.pt done
  K_focal_aug_clw8_s2 epoch020.pt done
  K_focal_aug_clw8_s2 epoch030.pt done
  K_focal_aug_clw8_s2 epoch040.pt done
  K_focal_aug_clw8_s2 epoch050.pt done
  K_focal_aug_clw8_s2 epoch060.pt done
  K_focal_aug_clw8_s2 epoch070.pt done
  K_focal_aug_clw8_s2 epoch080.pt done
  K_focal_aug_clw8_s2 epoch090.pt done
  K_focal_aug_clw8_s2 epoch100.pt done
  K_focal_aug_clw8_s3 epoch010.pt done
  K_focal_aug_clw8_s3 epoch020.pt done
  K_focal_aug_clw8_s3 epoch030.pt done
  K_focal_aug_clw8_s3 epoch040.pt done
  K_focal_aug_clw8_s3 epoch050.pt done
  K_focal_aug_clw8_s3 epoch060.pt done
  K_focal_aug_clw8_s3 epoch070.pt done
  K_focal_aug_clw8_s3 epoch080.pt done
  K_focal_aug_clw8_s3 epoch090.pt done
  K_focal_aug_clw8_s3 epoch100.pt done
  K_focal_aug_clw8_s4 epoch010.pt done
  K_focal_aug_clw8_s4 epoch020.pt done
  K_focal_aug_clw8_s4 epoch030.pt done
  K_focal_aug_clw8_s4 epoch040.pt done
  K_focal_aug_clw8_s4 epoch050.pt done
  K_focal_aug_clw8_s4 epoch060.pt done
  K_focal_aug_clw8_s4 epoch070.pt done
  K_focal_aug_clw8_s4 epoch080.pt done
  K_focal_aug_clw8_s4 epoch090.pt done
  K_focal_aug_clw8_s4 epoch100.pt done
  K_focal_aug_clw8_s5 epoch010.pt done
  K_focal_aug_clw8_s5 epoch020.pt done
  K_focal_aug_clw8_s5 epoch030.pt done
  K_focal_aug_clw8_s5 epoch040.pt done
  K_focal_aug_clw8_s5 epoch050.pt done
  K_focal_aug_clw8_s5 epoch060.pt done
  K_focal_aug_clw8_s5 epoch070.pt done
  K_focal_aug_clw8_s5 epoch080.pt done
  K_focal_aug_clw8_s5 epoch090.pt done
  K_focal_aug_clw8_s5 epoch100.pt done
  K_focal_aug_clw8_s6 epoch010.pt done
  K_focal_aug_clw8_s6 epoch020.pt done
  K_focal_aug_clw8_s6 epoch030.pt done
  K_focal_aug_clw8_s6 epoch040.pt done
  K_focal_aug_clw8_s6 epoch050.pt done
  K_focal_aug_clw8_s6 epoch060.pt done
  K_focal_aug_clw8_s6 epoch070.pt done
  K_focal_aug_clw8_s6 epoch080.pt done
  K_focal_aug_clw8_s6 epoch090.pt done
  K_focal_aug_clw8_s6 epoch100.pt done
  K_focal_aug_clw8_s7 epoch010.pt done
  K_focal_aug_clw8_s7 epoch020.pt done
  K_focal_aug_clw8_s7 epoch030.pt done
  K_focal_aug_clw8_s7 epoch040.pt done
  K_focal_aug_clw8_s7 epoch050.pt done
  K_focal_aug_clw8_s7 epoch060.pt done
  K_focal_aug_clw8_s7 epoch070.pt done
  K_focal_aug_clw8_s7 epoch080.pt done
  K_focal_aug_clw8_s7 epoch090.pt done
  K_focal_aug_clw8_s7 epoch100.pt done
  K_focal_aug_clw8_s8 epoch010.pt done
  K_focal_aug_clw8_s8 epoch020.pt done
  K_focal_aug_clw8_s8 epoch030.pt done
  K_focal_aug_clw8_s8 epoch040.pt done
  K_focal_aug_clw8_s8 epoch050.pt done
  K_focal_aug_clw8_s8 epoch060.pt done
  K_focal_aug_clw8_s8 epoch070.pt done
  K_focal_aug_clw8_s8 epoch080.pt done
  K_focal_aug_clw8_s8 epoch090.pt done
  K_focal_aug_clw8_s8 epoch100.pt done
  K_focal_aug_clw8_s9 epoch010.pt done
  K_focal_aug_clw8_s9 epoch020.pt done
  K_focal_aug_clw8_s9 epoch030.pt done
  K_focal_aug_clw8_s9 epoch040.pt done
  K_focal_aug_clw8_s9 epoch050.pt done
  K_focal_aug_clw8_s9 epoch060.pt done
  K_focal_aug_clw8_s9 epoch070.pt done
  K_focal_aug_clw8_s9 epoch080.pt done
  K_focal_aug_clw8_s9 epoch090.pt done
  K_focal_aug_clw8_s9 epoch100.pt done
  K_focal_aug_s0 epoch010.pt done
  K_focal_aug_s0 epoch020.pt done
  K_focal_aug_s0 epoch030.pt done
  K_focal_aug_s0 epoch040.pt done
  K_focal_aug_s0 epoch050.pt done
  K_focal_aug_s0 epoch060.pt done
  K_focal_aug_s0 epoch070.pt done
  K_focal_aug_s0 epoch080.pt done
  K_focal_aug_s0 epoch090.pt done
  K_focal_aug_s0 epoch100.pt done
  K_focal_aug_s1 epoch010.pt done
  K_focal_aug_s1 epoch020.pt done
  K_focal_aug_s1 epoch030.pt done
  K_focal_aug_s1 epoch040.pt done
  K_focal_aug_s1 epoch050.pt done
  K_focal_aug_s1 epoch060.pt done
  K_focal_aug_s1 epoch070.pt done
  K_focal_aug_s1 epoch080.pt done
  K_focal_aug_s1 epoch090.pt done
  K_focal_aug_s1 epoch100.pt done
  K_focal_aug_s10 epoch010.pt done
  K_focal_aug_s10 epoch020.pt done
  K_focal_aug_s10 epoch030.pt done
  K_focal_aug_s10 epoch040.pt done
  K_focal_aug_s10 epoch050.pt done
  K_focal_aug_s10 epoch060.pt done
  K_focal_aug_s10 epoch070.pt done
  K_focal_aug_s10 epoch080.pt done
  K_focal_aug_s10 epoch090.pt done
  K_focal_aug_s10 epoch100.pt done
  K_focal_aug_s11 epoch010.pt done
  K_focal_aug_s11 epoch020.pt done
  K_focal_aug_s11 epoch030.pt done
  K_focal_aug_s11 epoch040.pt done
  K_focal_aug_s11 epoch050.pt done
  K_focal_aug_s11 epoch060.pt done
  K_focal_aug_s11 epoch070.pt done
  K_focal_aug_s11 epoch080.pt done
  K_focal_aug_s11 epoch090.pt done
  K_focal_aug_s11 epoch100.pt done
  K_focal_aug_s2 epoch010.pt done
  K_focal_aug_s2 epoch020.pt done
  K_focal_aug_s2 epoch030.pt done
  K_focal_aug_s2 epoch040.pt done
  K_focal_aug_s2 epoch050.pt done
  K_focal_aug_s2 epoch060.pt done
  K_focal_aug_s2 epoch070.pt done
  K_focal_aug_s2 epoch080.pt done
  K_focal_aug_s2 epoch090.pt done
  K_focal_aug_s2 epoch100.pt done
  K_focal_aug_s3 epoch010.pt done
  K_focal_aug_s3 epoch020.pt done
  K_focal_aug_s3 epoch030.pt done
  K_focal_aug_s3 epoch040.pt done
  K_focal_aug_s3 epoch050.pt done
  K_focal_aug_s3 epoch060.pt done
  K_focal_aug_s3 epoch070.pt done
  K_focal_aug_s3 epoch080.pt done
  K_focal_aug_s3 epoch090.pt done
  K_focal_aug_s3 epoch100.pt done
  K_focal_aug_s4 epoch010.pt done
  K_focal_aug_s4 epoch020.pt done
  K_focal_aug_s4 epoch030.pt done
  K_focal_aug_s4 epoch040.pt done
  K_focal_aug_s4 epoch050.pt done
  K_focal_aug_s4 epoch060.pt done
  K_focal_aug_s4 epoch070.pt done
  K_focal_aug_s4 epoch080.pt done
  K_focal_aug_s4 epoch090.pt done
  K_focal_aug_s4 epoch100.pt done
  K_focal_aug_s5 epoch010.pt done
  K_focal_aug_s5 epoch020.pt done
  K_focal_aug_s5 epoch030.pt done
  K_focal_aug_s5 epoch040.pt done
  K_focal_aug_s5 epoch050.pt done
  K_focal_aug_s5 epoch060.pt done
  K_focal_aug_s5 epoch070.pt done
  K_focal_aug_s5 epoch080.pt done
  K_focal_aug_s5 epoch090.pt done
  K_focal_aug_s5 epoch100.pt done
  K_focal_aug_s6 epoch010.pt done
  K_focal_aug_s6 epoch020.pt done
  K_focal_aug_s6 epoch030.pt done
  K_focal_aug_s6 epoch040.pt done
  K_focal_aug_s6 epoch050.pt done
  K_focal_aug_s6 epoch060.pt done
  K_focal_aug_s6 epoch070.pt done
  K_focal_aug_s6 epoch080.pt done
  K_focal_aug_s6 epoch090.pt done
  K_focal_aug_s6 epoch100.pt done
  K_focal_aug_s7 epoch010.pt done
  K_focal_aug_s7 epoch020.pt done
  K_focal_aug_s7 epoch030.pt done
  K_focal_aug_s7 epoch040.pt done
  K_focal_aug_s7 epoch050.pt done
  K_focal_aug_s7 epoch060.pt done
  K_focal_aug_s7 epoch070.pt done
  K_focal_aug_s7 epoch080.pt done
  K_focal_aug_s7 epoch090.pt done
  K_focal_aug_s7 epoch100.pt done
  K_focal_aug_s8 epoch010.pt done
  K_focal_aug_s8 epoch020.pt done
  K_focal_aug_s8 epoch030.pt done
  K_focal_aug_s8 epoch040.pt done
  K_focal_aug_s8 epoch050.pt done
  K_focal_aug_s8 epoch060.pt done
  K_focal_aug_s8 epoch070.pt done
  K_focal_aug_s8 epoch080.pt done
  K_focal_aug_s8 epoch090.pt done
  K_focal_aug_s8 epoch100.pt done
  K_focal_aug_s9 epoch010.pt done
  K_focal_aug_s9 epoch020.pt done
  K_focal_aug_s9 epoch030.pt done
  K_focal_aug_s9 epoch040.pt done
  K_focal_aug_s9 epoch050.pt done
  K_focal_aug_s9 epoch060.pt done
  K_focal_aug_s9 epoch070.pt done
  K_focal_aug_s9 epoch080.pt done
  K_focal_aug_s9 epoch090.pt done
  K_focal_aug_s9 epoch100.pt done

wrote 72000 rows to exp/results/heldout/checkpoint_scores.csv
  360 runs, 3600 checkpoints
protocol heldout: fit on 15 DRIVE training images, checkpoint chosen on the 5 held out from the same directory,
reported on all 20 test images. NOT comparable in absolute value to the legacy runs.

D-E's weight, at (iv) best clDice, ERL paired on (image, seed)

  arm                        seeds      dERL      t    dDice  verdict
  -------------------------------------------------------------------
  A_dice_clw1 - A_dice          12     +30.7   0.81  -0.0007  fails
                            per seed [-372 +31 +59 +10 +324 +218 -194 +204 +293 +455 -576 -83]
  A_dice_clw2 - A_dice          12    +113.1   2.63  -0.0019  fails
                            per seed [-106 +68 -126 +147 +232 +23 +379 -4 +602 +383 -47 -194]
  A_dice_clw4 - A_dice          12    +423.9  10.28  -0.0037  fails
                            per seed [+163 +177 +443 +412 +679 +373 +605 +620 +889 +755 +3 -31]
  A_dice_clw8 - A_dice          12    +640.8  12.94  -0.0088  HOLDS
  A_dice_clw16 - A_dice         12    +702.7  14.01  -0.0160  HOLDS
  A_dice_clw32 - A_dice         12    +885.5  15.93  -0.0191  HOLDS
  A_dice_clw64 - A_dice         12   +1361.2  22.79  -0.0290  HOLDS

  H_aug_clw1 - H_aug            12     +77.7   1.92  +0.0002  fails
                            per seed [+162 +21 +341 +329 -218 +104 +60 -83 -100 +256 +130 -71]
  H_aug_clw2 - H_aug            12    +133.3   3.74  -0.0001  fails
                            per seed [+58 +60 +481 +88 +248 +148 -89 -288 +105 +367 +363 +59]
  H_aug_clw4 - H_aug            12    +340.6   9.18  -0.0019  HOLDS
  H_aug_clw8 - H_aug            12    +721.9  16.86  -0.0059  HOLDS
  H_aug_clw16 - H_aug           12   +1232.2  27.36  -0.0166  HOLDS
  H_aug_clw32 - H_aug           12   +1849.3  32.41  -0.0351  HOLDS
  H_aug_clw64 - H_aug           12   +2773.6  40.96  -0.0682  HOLDS

  K_focal_aug_clw1 - K_focal_aug    12    -766.0 -15.86  +0.0213  fails
                            per seed [-525 -646 -950 -512 -861 -1041 -1061 -787 -619 -460 -1031 -699]
  K_focal_aug_clw2 - K_focal_aug    12    -576.7 -12.14  +0.0202  fails
                            per seed [-249 -460 -707 -653 -604 -783 -837 -464 -564 -653 -440 -506]
  K_focal_aug_clw4 - K_focal_aug    12    -336.2  -7.73  +0.0181  fails
                            per seed [-231 -362 -314 -28 -432 -711 -487 -168 -340 -410 -283 -269]
  K_focal_aug_clw8 - K_focal_aug    12    +200.4   3.76  +0.0113  fails
                            per seed [+162 +487 +305 +290 -179 +131 +225 +94 +74 +216 +360 +241]
  K_focal_aug_clw16 - K_focal_aug    12    +824.9  14.19  -0.0036  HOLDS
  K_focal_aug_clw32 - K_focal_aug    12   +1358.3  20.96  -0.0220  HOLDS
  K_focal_aug_clw64 - K_focal_aug    12   +2193.7  29.15  -0.0532  HOLDS

  A Dice cost of -0.0009 is one seed standard deviation (0.00086). Run length bought at a Dice cost
  is a trade to state, not a free win.
=== 2026-08-30 08:39:06 heldout nothing pending ===
=== 2026-08-30 08:39:08 heldout_seeds nothing pending ===
=== 2026-08-30 08:39:08 final scoring ===
360 run(s), 20 images, component filter 17 px
  A_dice_clw16_s0 epoch010.pt done
  A_dice_clw16_s0 epoch020.pt done
  A_dice_clw16_s0 epoch030.pt done
  A_dice_clw16_s0 epoch040.pt done
  A_dice_clw16_s0 epoch050.pt done
  A_dice_clw16_s0 epoch060.pt done
  A_dice_clw16_s0 epoch070.pt done
  A_dice_clw16_s0 epoch080.pt done
  A_dice_clw16_s0 epoch090.pt done
  A_dice_clw16_s0 epoch100.pt done
  A_dice_clw16_s1 epoch010.pt done
  A_dice_clw16_s1 epoch020.pt done
  A_dice_clw16_s1 epoch030.pt done
  A_dice_clw16_s1 epoch040.pt done
  A_dice_clw16_s1 epoch050.pt done
  A_dice_clw16_s1 epoch060.pt done
  A_dice_clw16_s1 epoch070.pt done
  A_dice_clw16_s1 epoch080.pt done
  A_dice_clw16_s1 epoch090.pt done
  A_dice_clw16_s1 epoch100.pt done
  A_dice_clw16_s10 epoch010.pt done
  A_dice_clw16_s10 epoch020.pt done
  A_dice_clw16_s10 epoch030.pt done
  A_dice_clw16_s10 epoch040.pt done
  A_dice_clw16_s10 epoch050.pt done
  A_dice_clw16_s10 epoch060.pt done
  A_dice_clw16_s10 epoch070.pt done
  A_dice_clw16_s10 epoch080.pt done
  A_dice_clw16_s10 epoch090.pt done
  A_dice_clw16_s10 epoch100.pt done
  A_dice_clw16_s11 epoch010.pt done
  A_dice_clw16_s11 epoch020.pt done
  A_dice_clw16_s11 epoch030.pt done
  A_dice_clw16_s11 epoch040.pt done
  A_dice_clw16_s11 epoch050.pt done
  A_dice_clw16_s11 epoch060.pt done
  A_dice_clw16_s11 epoch070.pt done
  A_dice_clw16_s11 epoch080.pt done
  A_dice_clw16_s11 epoch090.pt done
  A_dice_clw16_s11 epoch100.pt done
  A_dice_clw16_s2 epoch010.pt done
  A_dice_clw16_s2 epoch020.pt done
  A_dice_clw16_s2 epoch030.pt done
  A_dice_clw16_s2 epoch040.pt done
  A_dice_clw16_s2 epoch050.pt done
  A_dice_clw16_s2 epoch060.pt done
  A_dice_clw16_s2 epoch070.pt done
  A_dice_clw16_s2 epoch080.pt done
  A_dice_clw16_s2 epoch090.pt done
  A_dice_clw16_s2 epoch100.pt done
  A_dice_clw16_s3 epoch010.pt done
  A_dice_clw16_s3 epoch020.pt done
  A_dice_clw16_s3 epoch030.pt done
  A_dice_clw16_s3 epoch040.pt done
  A_dice_clw16_s3 epoch050.pt done
  A_dice_clw16_s3 epoch060.pt done
  A_dice_clw16_s3 epoch070.pt done
  A_dice_clw16_s3 epoch080.pt done
  A_dice_clw16_s3 epoch090.pt done
  A_dice_clw16_s3 epoch100.pt done
  A_dice_clw16_s4 epoch010.pt done
  A_dice_clw16_s4 epoch020.pt done
  A_dice_clw16_s4 epoch030.pt done
  A_dice_clw16_s4 epoch040.pt done
  A_dice_clw16_s4 epoch050.pt done
  A_dice_clw16_s4 epoch060.pt done
  A_dice_clw16_s4 epoch070.pt done
  A_dice_clw16_s4 epoch080.pt done
  A_dice_clw16_s4 epoch090.pt done
  A_dice_clw16_s4 epoch100.pt done
  A_dice_clw16_s5 epoch010.pt done
  A_dice_clw16_s5 epoch020.pt done
  A_dice_clw16_s5 epoch030.pt done
  A_dice_clw16_s5 epoch040.pt done
  A_dice_clw16_s5 epoch050.pt done
  A_dice_clw16_s5 epoch060.pt done
  A_dice_clw16_s5 epoch070.pt done
  A_dice_clw16_s5 epoch080.pt done
  A_dice_clw16_s5 epoch090.pt done
  A_dice_clw16_s5 epoch100.pt done
  A_dice_clw16_s6 epoch010.pt done
  A_dice_clw16_s6 epoch020.pt done
  A_dice_clw16_s6 epoch030.pt done
  A_dice_clw16_s6 epoch040.pt done
  A_dice_clw16_s6 epoch050.pt done
  A_dice_clw16_s6 epoch060.pt done
  A_dice_clw16_s6 epoch070.pt done
  A_dice_clw16_s6 epoch080.pt done
  A_dice_clw16_s6 epoch090.pt done
  A_dice_clw16_s6 epoch100.pt done
  A_dice_clw16_s7 epoch010.pt done
  A_dice_clw16_s7 epoch020.pt done
  A_dice_clw16_s7 epoch030.pt done
  A_dice_clw16_s7 epoch040.pt done
  A_dice_clw16_s7 epoch050.pt done
  A_dice_clw16_s7 epoch060.pt done
  A_dice_clw16_s7 epoch070.pt done
  A_dice_clw16_s7 epoch080.pt done
  A_dice_clw16_s7 epoch090.pt done
  A_dice_clw16_s7 epoch100.pt done
  A_dice_clw16_s8 epoch010.pt done
  A_dice_clw16_s8 epoch020.pt done
  A_dice_clw16_s8 epoch030.pt done
  A_dice_clw16_s8 epoch040.pt done
  A_dice_clw16_s8 epoch050.pt done
  A_dice_clw16_s8 epoch060.pt done
  A_dice_clw16_s8 epoch070.pt done
  A_dice_clw16_s8 epoch080.pt done
  A_dice_clw16_s8 epoch090.pt done
  A_dice_clw16_s8 epoch100.pt done
  A_dice_clw16_s9 epoch010.pt done
  A_dice_clw16_s9 epoch020.pt done
  A_dice_clw16_s9 epoch030.pt done
  A_dice_clw16_s9 epoch040.pt done
  A_dice_clw16_s9 epoch050.pt done
  A_dice_clw16_s9 epoch060.pt done
  A_dice_clw16_s9 epoch070.pt done
  A_dice_clw16_s9 epoch080.pt done
  A_dice_clw16_s9 epoch090.pt done
  A_dice_clw16_s9 epoch100.pt done
  A_dice_clw1_s0 epoch010.pt done
  A_dice_clw1_s0 epoch020.pt done
  A_dice_clw1_s0 epoch030.pt done
  A_dice_clw1_s0 epoch040.pt done
  A_dice_clw1_s0 epoch050.pt done
  A_dice_clw1_s0 epoch060.pt done
  A_dice_clw1_s0 epoch070.pt done
  A_dice_clw1_s0 epoch080.pt done
  A_dice_clw1_s0 epoch090.pt done
  A_dice_clw1_s0 epoch100.pt done
  A_dice_clw1_s1 epoch010.pt done
  A_dice_clw1_s1 epoch020.pt done
  A_dice_clw1_s1 epoch030.pt done
  A_dice_clw1_s1 epoch040.pt done
  A_dice_clw1_s1 epoch050.pt done
  A_dice_clw1_s1 epoch060.pt done
  A_dice_clw1_s1 epoch070.pt done
  A_dice_clw1_s1 epoch080.pt done
  A_dice_clw1_s1 epoch090.pt done
  A_dice_clw1_s1 epoch100.pt done
  A_dice_clw1_s10 epoch010.pt done
  A_dice_clw1_s10 epoch020.pt done
  A_dice_clw1_s10 epoch030.pt done
  A_dice_clw1_s10 epoch040.pt done
  A_dice_clw1_s10 epoch050.pt done
  A_dice_clw1_s10 epoch060.pt done
  A_dice_clw1_s10 epoch070.pt done
  A_dice_clw1_s10 epoch080.pt done
  A_dice_clw1_s10 epoch090.pt done
  A_dice_clw1_s10 epoch100.pt done
  A_dice_clw1_s11 epoch010.pt done
  A_dice_clw1_s11 epoch020.pt done
  A_dice_clw1_s11 epoch030.pt done
  A_dice_clw1_s11 epoch040.pt done
  A_dice_clw1_s11 epoch050.pt done
  A_dice_clw1_s11 epoch060.pt done
  A_dice_clw1_s11 epoch070.pt done
  A_dice_clw1_s11 epoch080.pt done
  A_dice_clw1_s11 epoch090.pt done
  A_dice_clw1_s11 epoch100.pt done
  A_dice_clw1_s2 epoch010.pt done
  A_dice_clw1_s2 epoch020.pt done
  A_dice_clw1_s2 epoch030.pt done
  A_dice_clw1_s2 epoch040.pt done
  A_dice_clw1_s2 epoch050.pt done
  A_dice_clw1_s2 epoch060.pt done
  A_dice_clw1_s2 epoch070.pt done
  A_dice_clw1_s2 epoch080.pt done
  A_dice_clw1_s2 epoch090.pt done
  A_dice_clw1_s2 epoch100.pt done
  A_dice_clw1_s3 epoch010.pt done
  A_dice_clw1_s3 epoch020.pt done
  A_dice_clw1_s3 epoch030.pt done
  A_dice_clw1_s3 epoch040.pt done
  A_dice_clw1_s3 epoch050.pt done
  A_dice_clw1_s3 epoch060.pt done
  A_dice_clw1_s3 epoch070.pt done
  A_dice_clw1_s3 epoch080.pt done
  A_dice_clw1_s3 epoch090.pt done
  A_dice_clw1_s3 epoch100.pt done
  A_dice_clw1_s4 epoch010.pt done
  A_dice_clw1_s4 epoch020.pt done
  A_dice_clw1_s4 epoch030.pt done
  A_dice_clw1_s4 epoch040.pt done
  A_dice_clw1_s4 epoch050.pt done
  A_dice_clw1_s4 epoch060.pt done
  A_dice_clw1_s4 epoch070.pt done
  A_dice_clw1_s4 epoch080.pt done
  A_dice_clw1_s4 epoch090.pt done
  A_dice_clw1_s4 epoch100.pt done
  A_dice_clw1_s5 epoch010.pt done
  A_dice_clw1_s5 epoch020.pt done
  A_dice_clw1_s5 epoch030.pt done
  A_dice_clw1_s5 epoch040.pt done
  A_dice_clw1_s5 epoch050.pt done
  A_dice_clw1_s5 epoch060.pt done
  A_dice_clw1_s5 epoch070.pt done
  A_dice_clw1_s5 epoch080.pt done
  A_dice_clw1_s5 epoch090.pt done
  A_dice_clw1_s5 epoch100.pt done
  A_dice_clw1_s6 epoch010.pt done
  A_dice_clw1_s6 epoch020.pt done
  A_dice_clw1_s6 epoch030.pt done
  A_dice_clw1_s6 epoch040.pt done
  A_dice_clw1_s6 epoch050.pt done
  A_dice_clw1_s6 epoch060.pt done
  A_dice_clw1_s6 epoch070.pt done
  A_dice_clw1_s6 epoch080.pt done
  A_dice_clw1_s6 epoch090.pt done
  A_dice_clw1_s6 epoch100.pt done
  A_dice_clw1_s7 epoch010.pt done
  A_dice_clw1_s7 epoch020.pt done
  A_dice_clw1_s7 epoch030.pt done
  A_dice_clw1_s7 epoch040.pt done
  A_dice_clw1_s7 epoch050.pt done
  A_dice_clw1_s7 epoch060.pt done
  A_dice_clw1_s7 epoch070.pt done
  A_dice_clw1_s7 epoch080.pt done
  A_dice_clw1_s7 epoch090.pt done
  A_dice_clw1_s7 epoch100.pt done
  A_dice_clw1_s8 epoch010.pt done
  A_dice_clw1_s8 epoch020.pt done
  A_dice_clw1_s8 epoch030.pt done
  A_dice_clw1_s8 epoch040.pt done
  A_dice_clw1_s8 epoch050.pt done
  A_dice_clw1_s8 epoch060.pt done
  A_dice_clw1_s8 epoch070.pt done
  A_dice_clw1_s8 epoch080.pt done
  A_dice_clw1_s8 epoch090.pt done
  A_dice_clw1_s8 epoch100.pt done
  A_dice_clw1_s9 epoch010.pt done
  A_dice_clw1_s9 epoch020.pt done
  A_dice_clw1_s9 epoch030.pt done
  A_dice_clw1_s9 epoch040.pt done
  A_dice_clw1_s9 epoch050.pt done
  A_dice_clw1_s9 epoch060.pt done
  A_dice_clw1_s9 epoch070.pt done
  A_dice_clw1_s9 epoch080.pt done
  A_dice_clw1_s9 epoch090.pt done
  A_dice_clw1_s9 epoch100.pt done
  A_dice_clw2_s0 epoch010.pt done
  A_dice_clw2_s0 epoch020.pt done
  A_dice_clw2_s0 epoch030.pt done
  A_dice_clw2_s0 epoch040.pt done
  A_dice_clw2_s0 epoch050.pt done
  A_dice_clw2_s0 epoch060.pt done
  A_dice_clw2_s0 epoch070.pt done
  A_dice_clw2_s0 epoch080.pt done
  A_dice_clw2_s0 epoch090.pt done
  A_dice_clw2_s0 epoch100.pt done
  A_dice_clw2_s1 epoch010.pt done
  A_dice_clw2_s1 epoch020.pt done
  A_dice_clw2_s1 epoch030.pt done
  A_dice_clw2_s1 epoch040.pt done
  A_dice_clw2_s1 epoch050.pt done
  A_dice_clw2_s1 epoch060.pt done
  A_dice_clw2_s1 epoch070.pt done
  A_dice_clw2_s1 epoch080.pt done
  A_dice_clw2_s1 epoch090.pt done
  A_dice_clw2_s1 epoch100.pt done
  A_dice_clw2_s10 epoch010.pt done
  A_dice_clw2_s10 epoch020.pt done
  A_dice_clw2_s10 epoch030.pt done
  A_dice_clw2_s10 epoch040.pt done
  A_dice_clw2_s10 epoch050.pt done
  A_dice_clw2_s10 epoch060.pt done
  A_dice_clw2_s10 epoch070.pt done
  A_dice_clw2_s10 epoch080.pt done
  A_dice_clw2_s10 epoch090.pt done
  A_dice_clw2_s10 epoch100.pt done
  A_dice_clw2_s11 epoch010.pt done
  A_dice_clw2_s11 epoch020.pt done
  A_dice_clw2_s11 epoch030.pt done
  A_dice_clw2_s11 epoch040.pt done
  A_dice_clw2_s11 epoch050.pt done
  A_dice_clw2_s11 epoch060.pt done
  A_dice_clw2_s11 epoch070.pt done
  A_dice_clw2_s11 epoch080.pt done
  A_dice_clw2_s11 epoch090.pt done
  A_dice_clw2_s11 epoch100.pt done
  A_dice_clw2_s2 epoch010.pt done
  A_dice_clw2_s2 epoch020.pt done
  A_dice_clw2_s2 epoch030.pt done
  A_dice_clw2_s2 epoch040.pt done
  A_dice_clw2_s2 epoch050.pt done
  A_dice_clw2_s2 epoch060.pt done
  A_dice_clw2_s2 epoch070.pt done
  A_dice_clw2_s2 epoch080.pt done
  A_dice_clw2_s2 epoch090.pt done
  A_dice_clw2_s2 epoch100.pt done
  A_dice_clw2_s3 epoch010.pt done
  A_dice_clw2_s3 epoch020.pt done
  A_dice_clw2_s3 epoch030.pt done
  A_dice_clw2_s3 epoch040.pt done
  A_dice_clw2_s3 epoch050.pt done
  A_dice_clw2_s3 epoch060.pt done
  A_dice_clw2_s3 epoch070.pt done
  A_dice_clw2_s3 epoch080.pt done
  A_dice_clw2_s3 epoch090.pt done
  A_dice_clw2_s3 epoch100.pt done
  A_dice_clw2_s4 epoch010.pt done
  A_dice_clw2_s4 epoch020.pt done
  A_dice_clw2_s4 epoch030.pt done
  A_dice_clw2_s4 epoch040.pt done
  A_dice_clw2_s4 epoch050.pt done
  A_dice_clw2_s4 epoch060.pt done
  A_dice_clw2_s4 epoch070.pt done
  A_dice_clw2_s4 epoch080.pt done
  A_dice_clw2_s4 epoch090.pt done
  A_dice_clw2_s4 epoch100.pt done
  A_dice_clw2_s5 epoch010.pt done
  A_dice_clw2_s5 epoch020.pt done
  A_dice_clw2_s5 epoch030.pt done
  A_dice_clw2_s5 epoch040.pt done
  A_dice_clw2_s5 epoch050.pt done
  A_dice_clw2_s5 epoch060.pt done
  A_dice_clw2_s5 epoch070.pt done
  A_dice_clw2_s5 epoch080.pt done
  A_dice_clw2_s5 epoch090.pt done
  A_dice_clw2_s5 epoch100.pt done
  A_dice_clw2_s6 epoch010.pt done
  A_dice_clw2_s6 epoch020.pt done
  A_dice_clw2_s6 epoch030.pt done
  A_dice_clw2_s6 epoch040.pt done
  A_dice_clw2_s6 epoch050.pt done
  A_dice_clw2_s6 epoch060.pt done
  A_dice_clw2_s6 epoch070.pt done
  A_dice_clw2_s6 epoch080.pt done
  A_dice_clw2_s6 epoch090.pt done
  A_dice_clw2_s6 epoch100.pt done
  A_dice_clw2_s7 epoch010.pt done
  A_dice_clw2_s7 epoch020.pt done
  A_dice_clw2_s7 epoch030.pt done
  A_dice_clw2_s7 epoch040.pt done
  A_dice_clw2_s7 epoch050.pt done
  A_dice_clw2_s7 epoch060.pt done
  A_dice_clw2_s7 epoch070.pt done
  A_dice_clw2_s7 epoch080.pt done
  A_dice_clw2_s7 epoch090.pt done
  A_dice_clw2_s7 epoch100.pt done
  A_dice_clw2_s8 epoch010.pt done
  A_dice_clw2_s8 epoch020.pt done
  A_dice_clw2_s8 epoch030.pt done
  A_dice_clw2_s8 epoch040.pt done
  A_dice_clw2_s8 epoch050.pt done
  A_dice_clw2_s8 epoch060.pt done
  A_dice_clw2_s8 epoch070.pt done
  A_dice_clw2_s8 epoch080.pt done
  A_dice_clw2_s8 epoch090.pt done
  A_dice_clw2_s8 epoch100.pt done
  A_dice_clw2_s9 epoch010.pt done
  A_dice_clw2_s9 epoch020.pt done
  A_dice_clw2_s9 epoch030.pt done
  A_dice_clw2_s9 epoch040.pt done
  A_dice_clw2_s9 epoch050.pt done
  A_dice_clw2_s9 epoch060.pt done
  A_dice_clw2_s9 epoch070.pt done
  A_dice_clw2_s9 epoch080.pt done
  A_dice_clw2_s9 epoch090.pt done
  A_dice_clw2_s9 epoch100.pt done
  A_dice_clw32_s0 epoch010.pt done
  A_dice_clw32_s0 epoch020.pt done
  A_dice_clw32_s0 epoch030.pt done
  A_dice_clw32_s0 epoch040.pt done
  A_dice_clw32_s0 epoch050.pt done
  A_dice_clw32_s0 epoch060.pt done
  A_dice_clw32_s0 epoch070.pt done
  A_dice_clw32_s0 epoch080.pt done
  A_dice_clw32_s0 epoch090.pt done
  A_dice_clw32_s0 epoch100.pt done
  A_dice_clw32_s1 epoch010.pt done
  A_dice_clw32_s1 epoch020.pt done
  A_dice_clw32_s1 epoch030.pt done
  A_dice_clw32_s1 epoch040.pt done
  A_dice_clw32_s1 epoch050.pt done
  A_dice_clw32_s1 epoch060.pt done
  A_dice_clw32_s1 epoch070.pt done
  A_dice_clw32_s1 epoch080.pt done
  A_dice_clw32_s1 epoch090.pt done
  A_dice_clw32_s1 epoch100.pt done
  A_dice_clw32_s10 epoch010.pt done
  A_dice_clw32_s10 epoch020.pt done
  A_dice_clw32_s10 epoch030.pt done
  A_dice_clw32_s10 epoch040.pt done
  A_dice_clw32_s10 epoch050.pt done
  A_dice_clw32_s10 epoch060.pt done
  A_dice_clw32_s10 epoch070.pt done
  A_dice_clw32_s10 epoch080.pt done
  A_dice_clw32_s10 epoch090.pt done
  A_dice_clw32_s10 epoch100.pt done
  A_dice_clw32_s11 epoch010.pt done
  A_dice_clw32_s11 epoch020.pt done
  A_dice_clw32_s11 epoch030.pt done
  A_dice_clw32_s11 epoch040.pt done
  A_dice_clw32_s11 epoch050.pt done
  A_dice_clw32_s11 epoch060.pt done
  A_dice_clw32_s11 epoch070.pt done
  A_dice_clw32_s11 epoch080.pt done
  A_dice_clw32_s11 epoch090.pt done
  A_dice_clw32_s11 epoch100.pt done
  A_dice_clw32_s2 epoch010.pt done
  A_dice_clw32_s2 epoch020.pt done
  A_dice_clw32_s2 epoch030.pt done
  A_dice_clw32_s2 epoch040.pt done
  A_dice_clw32_s2 epoch050.pt done
  A_dice_clw32_s2 epoch060.pt done
  A_dice_clw32_s2 epoch070.pt done
  A_dice_clw32_s2 epoch080.pt done
  A_dice_clw32_s2 epoch090.pt done
  A_dice_clw32_s2 epoch100.pt done
  A_dice_clw32_s3 epoch010.pt done
  A_dice_clw32_s3 epoch020.pt done
  A_dice_clw32_s3 epoch030.pt done
  A_dice_clw32_s3 epoch040.pt done
  A_dice_clw32_s3 epoch050.pt done
  A_dice_clw32_s3 epoch060.pt done
  A_dice_clw32_s3 epoch070.pt done
  A_dice_clw32_s3 epoch080.pt done
  A_dice_clw32_s3 epoch090.pt done
  A_dice_clw32_s3 epoch100.pt done
  A_dice_clw32_s4 epoch010.pt done
  A_dice_clw32_s4 epoch020.pt done
  A_dice_clw32_s4 epoch030.pt done
  A_dice_clw32_s4 epoch040.pt done
  A_dice_clw32_s4 epoch050.pt done
  A_dice_clw32_s4 epoch060.pt done
  A_dice_clw32_s4 epoch070.pt done
  A_dice_clw32_s4 epoch080.pt done
  A_dice_clw32_s4 epoch090.pt done
  A_dice_clw32_s4 epoch100.pt done
  A_dice_clw32_s5 epoch010.pt done
  A_dice_clw32_s5 epoch020.pt done
  A_dice_clw32_s5 epoch030.pt done
  A_dice_clw32_s5 epoch040.pt done
  A_dice_clw32_s5 epoch050.pt done
  A_dice_clw32_s5 epoch060.pt done
  A_dice_clw32_s5 epoch070.pt done
  A_dice_clw32_s5 epoch080.pt done
  A_dice_clw32_s5 epoch090.pt done
  A_dice_clw32_s5 epoch100.pt done
  A_dice_clw32_s6 epoch010.pt done
  A_dice_clw32_s6 epoch020.pt done
  A_dice_clw32_s6 epoch030.pt done
  A_dice_clw32_s6 epoch040.pt done
  A_dice_clw32_s6 epoch050.pt done
  A_dice_clw32_s6 epoch060.pt done
  A_dice_clw32_s6 epoch070.pt done
  A_dice_clw32_s6 epoch080.pt done
  A_dice_clw32_s6 epoch090.pt done
  A_dice_clw32_s6 epoch100.pt done
  A_dice_clw32_s7 epoch010.pt done
  A_dice_clw32_s7 epoch020.pt done
  A_dice_clw32_s7 epoch030.pt done
  A_dice_clw32_s7 epoch040.pt done
  A_dice_clw32_s7 epoch050.pt done
  A_dice_clw32_s7 epoch060.pt done
  A_dice_clw32_s7 epoch070.pt done
  A_dice_clw32_s7 epoch080.pt done
  A_dice_clw32_s7 epoch090.pt done
  A_dice_clw32_s7 epoch100.pt done
  A_dice_clw32_s8 epoch010.pt done
  A_dice_clw32_s8 epoch020.pt done
  A_dice_clw32_s8 epoch030.pt done
  A_dice_clw32_s8 epoch040.pt done
  A_dice_clw32_s8 epoch050.pt done
  A_dice_clw32_s8 epoch060.pt done
  A_dice_clw32_s8 epoch070.pt done
  A_dice_clw32_s8 epoch080.pt done
  A_dice_clw32_s8 epoch090.pt done
  A_dice_clw32_s8 epoch100.pt done
  A_dice_clw32_s9 epoch010.pt done
  A_dice_clw32_s9 epoch020.pt done
  A_dice_clw32_s9 epoch030.pt done
  A_dice_clw32_s9 epoch040.pt done
  A_dice_clw32_s9 epoch050.pt done
  A_dice_clw32_s9 epoch060.pt done
  A_dice_clw32_s9 epoch070.pt done
  A_dice_clw32_s9 epoch080.pt done
  A_dice_clw32_s9 epoch090.pt done
  A_dice_clw32_s9 epoch100.pt done
  A_dice_clw4_s0 epoch010.pt done
  A_dice_clw4_s0 epoch020.pt done
  A_dice_clw4_s0 epoch030.pt done
  A_dice_clw4_s0 epoch040.pt done
  A_dice_clw4_s0 epoch050.pt done
  A_dice_clw4_s0 epoch060.pt done
  A_dice_clw4_s0 epoch070.pt done
  A_dice_clw4_s0 epoch080.pt done
  A_dice_clw4_s0 epoch090.pt done
  A_dice_clw4_s0 epoch100.pt done
  A_dice_clw4_s1 epoch010.pt done
  A_dice_clw4_s1 epoch020.pt done
  A_dice_clw4_s1 epoch030.pt done
  A_dice_clw4_s1 epoch040.pt done
  A_dice_clw4_s1 epoch050.pt done
  A_dice_clw4_s1 epoch060.pt done
  A_dice_clw4_s1 epoch070.pt done
  A_dice_clw4_s1 epoch080.pt done
  A_dice_clw4_s1 epoch090.pt done
  A_dice_clw4_s1 epoch100.pt done
  A_dice_clw4_s10 epoch010.pt done
  A_dice_clw4_s10 epoch020.pt done
  A_dice_clw4_s10 epoch030.pt done
  A_dice_clw4_s10 epoch040.pt done
  A_dice_clw4_s10 epoch050.pt done
  A_dice_clw4_s10 epoch060.pt done
  A_dice_clw4_s10 epoch070.pt done
  A_dice_clw4_s10 epoch080.pt done
  A_dice_clw4_s10 epoch090.pt done
  A_dice_clw4_s10 epoch100.pt done
  A_dice_clw4_s11 epoch010.pt done
  A_dice_clw4_s11 epoch020.pt done
  A_dice_clw4_s11 epoch030.pt done
  A_dice_clw4_s11 epoch040.pt done
  A_dice_clw4_s11 epoch050.pt done
  A_dice_clw4_s11 epoch060.pt done
  A_dice_clw4_s11 epoch070.pt done
  A_dice_clw4_s11 epoch080.pt done
  A_dice_clw4_s11 epoch090.pt done
  A_dice_clw4_s11 epoch100.pt done
  A_dice_clw4_s2 epoch010.pt done
  A_dice_clw4_s2 epoch020.pt done
  A_dice_clw4_s2 epoch030.pt done
  A_dice_clw4_s2 epoch040.pt done
  A_dice_clw4_s2 epoch050.pt done
  A_dice_clw4_s2 epoch060.pt done
  A_dice_clw4_s2 epoch070.pt done
  A_dice_clw4_s2 epoch080.pt done
  A_dice_clw4_s2 epoch090.pt done
  A_dice_clw4_s2 epoch100.pt done
  A_dice_clw4_s3 epoch010.pt done
  A_dice_clw4_s3 epoch020.pt done
  A_dice_clw4_s3 epoch030.pt done
  A_dice_clw4_s3 epoch040.pt done
  A_dice_clw4_s3 epoch050.pt done
  A_dice_clw4_s3 epoch060.pt done
  A_dice_clw4_s3 epoch070.pt done
  A_dice_clw4_s3 epoch080.pt done
  A_dice_clw4_s3 epoch090.pt done
  A_dice_clw4_s3 epoch100.pt done
  A_dice_clw4_s4 epoch010.pt done
  A_dice_clw4_s4 epoch020.pt done
  A_dice_clw4_s4 epoch030.pt done
  A_dice_clw4_s4 epoch040.pt done
  A_dice_clw4_s4 epoch050.pt done
  A_dice_clw4_s4 epoch060.pt done
  A_dice_clw4_s4 epoch070.pt done
  A_dice_clw4_s4 epoch080.pt done
  A_dice_clw4_s4 epoch090.pt done
  A_dice_clw4_s4 epoch100.pt done
  A_dice_clw4_s5 epoch010.pt done
  A_dice_clw4_s5 epoch020.pt done
  A_dice_clw4_s5 epoch030.pt done
  A_dice_clw4_s5 epoch040.pt done
  A_dice_clw4_s5 epoch050.pt done
  A_dice_clw4_s5 epoch060.pt done
  A_dice_clw4_s5 epoch070.pt done
  A_dice_clw4_s5 epoch080.pt done
  A_dice_clw4_s5 epoch090.pt done
  A_dice_clw4_s5 epoch100.pt done
  A_dice_clw4_s6 epoch010.pt done
  A_dice_clw4_s6 epoch020.pt done
  A_dice_clw4_s6 epoch030.pt done
  A_dice_clw4_s6 epoch040.pt done
  A_dice_clw4_s6 epoch050.pt done
  A_dice_clw4_s6 epoch060.pt done
  A_dice_clw4_s6 epoch070.pt done
  A_dice_clw4_s6 epoch080.pt done
  A_dice_clw4_s6 epoch090.pt done
  A_dice_clw4_s6 epoch100.pt done
  A_dice_clw4_s7 epoch010.pt done
  A_dice_clw4_s7 epoch020.pt done
  A_dice_clw4_s7 epoch030.pt done
  A_dice_clw4_s7 epoch040.pt done
  A_dice_clw4_s7 epoch050.pt done
  A_dice_clw4_s7 epoch060.pt done
  A_dice_clw4_s7 epoch070.pt done
  A_dice_clw4_s7 epoch080.pt done
  A_dice_clw4_s7 epoch090.pt done
  A_dice_clw4_s7 epoch100.pt done
  A_dice_clw4_s8 epoch010.pt done
  A_dice_clw4_s8 epoch020.pt done
  A_dice_clw4_s8 epoch030.pt done
  A_dice_clw4_s8 epoch040.pt done
  A_dice_clw4_s8 epoch050.pt done
  A_dice_clw4_s8 epoch060.pt done
  A_dice_clw4_s8 epoch070.pt done
  A_dice_clw4_s8 epoch080.pt done
  A_dice_clw4_s8 epoch090.pt done
  A_dice_clw4_s8 epoch100.pt done
  A_dice_clw4_s9 epoch010.pt done
  A_dice_clw4_s9 epoch020.pt done
  A_dice_clw4_s9 epoch030.pt done
  A_dice_clw4_s9 epoch040.pt done
  A_dice_clw4_s9 epoch050.pt done
  A_dice_clw4_s9 epoch060.pt done
  A_dice_clw4_s9 epoch070.pt done
  A_dice_clw4_s9 epoch080.pt done
  A_dice_clw4_s9 epoch090.pt done
  A_dice_clw4_s9 epoch100.pt done
  A_dice_clw64_s0 epoch010.pt done
  A_dice_clw64_s0 epoch020.pt done
  A_dice_clw64_s0 epoch030.pt done
  A_dice_clw64_s0 epoch040.pt done
  A_dice_clw64_s0 epoch050.pt done
  A_dice_clw64_s0 epoch060.pt done
  A_dice_clw64_s0 epoch070.pt done
  A_dice_clw64_s0 epoch080.pt done
  A_dice_clw64_s0 epoch090.pt done
  A_dice_clw64_s0 epoch100.pt done
  A_dice_clw64_s1 epoch010.pt done
  A_dice_clw64_s1 epoch020.pt done
  A_dice_clw64_s1 epoch030.pt done
  A_dice_clw64_s1 epoch040.pt done
  A_dice_clw64_s1 epoch050.pt done
  A_dice_clw64_s1 epoch060.pt done
  A_dice_clw64_s1 epoch070.pt done
  A_dice_clw64_s1 epoch080.pt done
  A_dice_clw64_s1 epoch090.pt done
  A_dice_clw64_s1 epoch100.pt done
  A_dice_clw64_s10 epoch010.pt done
  A_dice_clw64_s10 epoch020.pt done
  A_dice_clw64_s10 epoch030.pt done
  A_dice_clw64_s10 epoch040.pt done
  A_dice_clw64_s10 epoch050.pt done
  A_dice_clw64_s10 epoch060.pt done
  A_dice_clw64_s10 epoch070.pt done
  A_dice_clw64_s10 epoch080.pt done
  A_dice_clw64_s10 epoch090.pt done
  A_dice_clw64_s10 epoch100.pt done
  A_dice_clw64_s11 epoch010.pt done
  A_dice_clw64_s11 epoch020.pt done
  A_dice_clw64_s11 epoch030.pt done
  A_dice_clw64_s11 epoch040.pt done
  A_dice_clw64_s11 epoch050.pt done
  A_dice_clw64_s11 epoch060.pt done
  A_dice_clw64_s11 epoch070.pt done
  A_dice_clw64_s11 epoch080.pt done
  A_dice_clw64_s11 epoch090.pt done
  A_dice_clw64_s11 epoch100.pt done
  A_dice_clw64_s2 epoch010.pt done
  A_dice_clw64_s2 epoch020.pt done
  A_dice_clw64_s2 epoch030.pt done
  A_dice_clw64_s2 epoch040.pt done
  A_dice_clw64_s2 epoch050.pt done
  A_dice_clw64_s2 epoch060.pt done
  A_dice_clw64_s2 epoch070.pt done
  A_dice_clw64_s2 epoch080.pt done
  A_dice_clw64_s2 epoch090.pt done
  A_dice_clw64_s2 epoch100.pt done
  A_dice_clw64_s3 epoch010.pt done
  A_dice_clw64_s3 epoch020.pt done
  A_dice_clw64_s3 epoch030.pt done
  A_dice_clw64_s3 epoch040.pt done
  A_dice_clw64_s3 epoch050.pt done
  A_dice_clw64_s3 epoch060.pt done
  A_dice_clw64_s3 epoch070.pt done
  A_dice_clw64_s3 epoch080.pt done
  A_dice_clw64_s3 epoch090.pt done
  A_dice_clw64_s3 epoch100.pt done
  A_dice_clw64_s4 epoch010.pt done
  A_dice_clw64_s4 epoch020.pt done
  A_dice_clw64_s4 epoch030.pt done
  A_dice_clw64_s4 epoch040.pt done
  A_dice_clw64_s4 epoch050.pt done
  A_dice_clw64_s4 epoch060.pt done
  A_dice_clw64_s4 epoch070.pt done
  A_dice_clw64_s4 epoch080.pt done
  A_dice_clw64_s4 epoch090.pt done
  A_dice_clw64_s4 epoch100.pt done
  A_dice_clw64_s5 epoch010.pt done
  A_dice_clw64_s5 epoch020.pt done
  A_dice_clw64_s5 epoch030.pt done
  A_dice_clw64_s5 epoch040.pt done
  A_dice_clw64_s5 epoch050.pt done
  A_dice_clw64_s5 epoch060.pt done
  A_dice_clw64_s5 epoch070.pt done
  A_dice_clw64_s5 epoch080.pt done
  A_dice_clw64_s5 epoch090.pt done
  A_dice_clw64_s5 epoch100.pt done
  A_dice_clw64_s6 epoch010.pt done
  A_dice_clw64_s6 epoch020.pt done
  A_dice_clw64_s6 epoch030.pt done
  A_dice_clw64_s6 epoch040.pt done
  A_dice_clw64_s6 epoch050.pt done
  A_dice_clw64_s6 epoch060.pt done
  A_dice_clw64_s6 epoch070.pt done
  A_dice_clw64_s6 epoch080.pt done
  A_dice_clw64_s6 epoch090.pt done
  A_dice_clw64_s6 epoch100.pt done
  A_dice_clw64_s7 epoch010.pt done
  A_dice_clw64_s7 epoch020.pt done
  A_dice_clw64_s7 epoch030.pt done
  A_dice_clw64_s7 epoch040.pt done
  A_dice_clw64_s7 epoch050.pt done
  A_dice_clw64_s7 epoch060.pt done
  A_dice_clw64_s7 epoch070.pt done
  A_dice_clw64_s7 epoch080.pt done
  A_dice_clw64_s7 epoch090.pt done
  A_dice_clw64_s7 epoch100.pt done
  A_dice_clw64_s8 epoch010.pt done
  A_dice_clw64_s8 epoch020.pt done
  A_dice_clw64_s8 epoch030.pt done
  A_dice_clw64_s8 epoch040.pt done
  A_dice_clw64_s8 epoch050.pt done
  A_dice_clw64_s8 epoch060.pt done
  A_dice_clw64_s8 epoch070.pt done
  A_dice_clw64_s8 epoch080.pt done
  A_dice_clw64_s8 epoch090.pt done
  A_dice_clw64_s8 epoch100.pt done
  A_dice_clw64_s9 epoch010.pt done
  A_dice_clw64_s9 epoch020.pt done
  A_dice_clw64_s9 epoch030.pt done
  A_dice_clw64_s9 epoch040.pt done
  A_dice_clw64_s9 epoch050.pt done
  A_dice_clw64_s9 epoch060.pt done
  A_dice_clw64_s9 epoch070.pt done
  A_dice_clw64_s9 epoch080.pt done
  A_dice_clw64_s9 epoch090.pt done
  A_dice_clw64_s9 epoch100.pt done
  A_dice_clw8_s0 epoch010.pt done
  A_dice_clw8_s0 epoch020.pt done
  A_dice_clw8_s0 epoch030.pt done
  A_dice_clw8_s0 epoch040.pt done
  A_dice_clw8_s0 epoch050.pt done
  A_dice_clw8_s0 epoch060.pt done
  A_dice_clw8_s0 epoch070.pt done
  A_dice_clw8_s0 epoch080.pt done
  A_dice_clw8_s0 epoch090.pt done
  A_dice_clw8_s0 epoch100.pt done
  A_dice_clw8_s1 epoch010.pt done
  A_dice_clw8_s1 epoch020.pt done
  A_dice_clw8_s1 epoch030.pt done
  A_dice_clw8_s1 epoch040.pt done
  A_dice_clw8_s1 epoch050.pt done
  A_dice_clw8_s1 epoch060.pt done
  A_dice_clw8_s1 epoch070.pt done
  A_dice_clw8_s1 epoch080.pt done
  A_dice_clw8_s1 epoch090.pt done
  A_dice_clw8_s1 epoch100.pt done
  A_dice_clw8_s10 epoch010.pt done
  A_dice_clw8_s10 epoch020.pt done
  A_dice_clw8_s10 epoch030.pt done
  A_dice_clw8_s10 epoch040.pt done
  A_dice_clw8_s10 epoch050.pt done
  A_dice_clw8_s10 epoch060.pt done
  A_dice_clw8_s10 epoch070.pt done
  A_dice_clw8_s10 epoch080.pt done
  A_dice_clw8_s10 epoch090.pt done
  A_dice_clw8_s10 epoch100.pt done
  A_dice_clw8_s11 epoch010.pt done
  A_dice_clw8_s11 epoch020.pt done
  A_dice_clw8_s11 epoch030.pt done
  A_dice_clw8_s11 epoch040.pt done
  A_dice_clw8_s11 epoch050.pt done
  A_dice_clw8_s11 epoch060.pt done
  A_dice_clw8_s11 epoch070.pt done
  A_dice_clw8_s11 epoch080.pt done
  A_dice_clw8_s11 epoch090.pt done
  A_dice_clw8_s11 epoch100.pt done
  A_dice_clw8_s2 epoch010.pt done
  A_dice_clw8_s2 epoch020.pt done
  A_dice_clw8_s2 epoch030.pt done
  A_dice_clw8_s2 epoch040.pt done
  A_dice_clw8_s2 epoch050.pt done
  A_dice_clw8_s2 epoch060.pt done
  A_dice_clw8_s2 epoch070.pt done
  A_dice_clw8_s2 epoch080.pt done
  A_dice_clw8_s2 epoch090.pt done
  A_dice_clw8_s2 epoch100.pt done
  A_dice_clw8_s3 epoch010.pt done
  A_dice_clw8_s3 epoch020.pt done
  A_dice_clw8_s3 epoch030.pt done
  A_dice_clw8_s3 epoch040.pt done
  A_dice_clw8_s3 epoch050.pt done
  A_dice_clw8_s3 epoch060.pt done
  A_dice_clw8_s3 epoch070.pt done
  A_dice_clw8_s3 epoch080.pt done
  A_dice_clw8_s3 epoch090.pt done
  A_dice_clw8_s3 epoch100.pt done
  A_dice_clw8_s4 epoch010.pt done
  A_dice_clw8_s4 epoch020.pt done
  A_dice_clw8_s4 epoch030.pt done
  A_dice_clw8_s4 epoch040.pt done
  A_dice_clw8_s4 epoch050.pt done
  A_dice_clw8_s4 epoch060.pt done
  A_dice_clw8_s4 epoch070.pt done
  A_dice_clw8_s4 epoch080.pt done
  A_dice_clw8_s4 epoch090.pt done
  A_dice_clw8_s4 epoch100.pt done
  A_dice_clw8_s5 epoch010.pt done
  A_dice_clw8_s5 epoch020.pt done
  A_dice_clw8_s5 epoch030.pt done
  A_dice_clw8_s5 epoch040.pt done
  A_dice_clw8_s5 epoch050.pt done
  A_dice_clw8_s5 epoch060.pt done
  A_dice_clw8_s5 epoch070.pt done
  A_dice_clw8_s5 epoch080.pt done
  A_dice_clw8_s5 epoch090.pt done
  A_dice_clw8_s5 epoch100.pt done
  A_dice_clw8_s6 epoch010.pt done
  A_dice_clw8_s6 epoch020.pt done
  A_dice_clw8_s6 epoch030.pt done
  A_dice_clw8_s6 epoch040.pt done
  A_dice_clw8_s6 epoch050.pt done
  A_dice_clw8_s6 epoch060.pt done
  A_dice_clw8_s6 epoch070.pt done
  A_dice_clw8_s6 epoch080.pt done
  A_dice_clw8_s6 epoch090.pt done
  A_dice_clw8_s6 epoch100.pt done
  A_dice_clw8_s7 epoch010.pt done
  A_dice_clw8_s7 epoch020.pt done
  A_dice_clw8_s7 epoch030.pt done
  A_dice_clw8_s7 epoch040.pt done
  A_dice_clw8_s7 epoch050.pt done
  A_dice_clw8_s7 epoch060.pt done
  A_dice_clw8_s7 epoch070.pt done
  A_dice_clw8_s7 epoch080.pt done
  A_dice_clw8_s7 epoch090.pt done
  A_dice_clw8_s7 epoch100.pt done
  A_dice_clw8_s8 epoch010.pt done
  A_dice_clw8_s8 epoch020.pt done
  A_dice_clw8_s8 epoch030.pt done
  A_dice_clw8_s8 epoch040.pt done
  A_dice_clw8_s8 epoch050.pt done
  A_dice_clw8_s8 epoch060.pt done
  A_dice_clw8_s8 epoch070.pt done
  A_dice_clw8_s8 epoch080.pt done
  A_dice_clw8_s8 epoch090.pt done
  A_dice_clw8_s8 epoch100.pt done
  A_dice_clw8_s9 epoch010.pt done
  A_dice_clw8_s9 epoch020.pt done
  A_dice_clw8_s9 epoch030.pt done
  A_dice_clw8_s9 epoch040.pt done
  A_dice_clw8_s9 epoch050.pt done
  A_dice_clw8_s9 epoch060.pt done
  A_dice_clw8_s9 epoch070.pt done
  A_dice_clw8_s9 epoch080.pt done
  A_dice_clw8_s9 epoch090.pt done
  A_dice_clw8_s9 epoch100.pt done
  A_dice_s0 epoch010.pt done
  A_dice_s0 epoch020.pt done
  A_dice_s0 epoch030.pt done
  A_dice_s0 epoch040.pt done
  A_dice_s0 epoch050.pt done
  A_dice_s0 epoch060.pt done
  A_dice_s0 epoch070.pt done
  A_dice_s0 epoch080.pt done
  A_dice_s0 epoch090.pt done
  A_dice_s0 epoch100.pt done
  A_dice_s1 epoch010.pt done
  A_dice_s1 epoch020.pt done
  A_dice_s1 epoch030.pt done
  A_dice_s1 epoch040.pt done
  A_dice_s1 epoch050.pt done
  A_dice_s1 epoch060.pt done
  A_dice_s1 epoch070.pt done
  A_dice_s1 epoch080.pt done
  A_dice_s1 epoch090.pt done
  A_dice_s1 epoch100.pt done
  A_dice_s10 epoch010.pt done
  A_dice_s10 epoch020.pt done
  A_dice_s10 epoch030.pt done
  A_dice_s10 epoch040.pt done
  A_dice_s10 epoch050.pt done
  A_dice_s10 epoch060.pt done
  A_dice_s10 epoch070.pt done
  A_dice_s10 epoch080.pt done
  A_dice_s10 epoch090.pt done
  A_dice_s10 epoch100.pt done
  A_dice_s11 epoch010.pt done
  A_dice_s11 epoch020.pt done
  A_dice_s11 epoch030.pt done
  A_dice_s11 epoch040.pt done
  A_dice_s11 epoch050.pt done
  A_dice_s11 epoch060.pt done
  A_dice_s11 epoch070.pt done
  A_dice_s11 epoch080.pt done
  A_dice_s11 epoch090.pt done
  A_dice_s11 epoch100.pt done
  A_dice_s2 epoch010.pt done
  A_dice_s2 epoch020.pt done
  A_dice_s2 epoch030.pt done
  A_dice_s2 epoch040.pt done
  A_dice_s2 epoch050.pt done
  A_dice_s2 epoch060.pt done
  A_dice_s2 epoch070.pt done
  A_dice_s2 epoch080.pt done
  A_dice_s2 epoch090.pt done
  A_dice_s2 epoch100.pt done
  A_dice_s3 epoch010.pt done
  A_dice_s3 epoch020.pt done
  A_dice_s3 epoch030.pt done
  A_dice_s3 epoch040.pt done
  A_dice_s3 epoch050.pt done
  A_dice_s3 epoch060.pt done
  A_dice_s3 epoch070.pt done
  A_dice_s3 epoch080.pt done
  A_dice_s3 epoch090.pt done
  A_dice_s3 epoch100.pt done
  A_dice_s4 epoch010.pt done
  A_dice_s4 epoch020.pt done
  A_dice_s4 epoch030.pt done
  A_dice_s4 epoch040.pt done
  A_dice_s4 epoch050.pt done
  A_dice_s4 epoch060.pt done
  A_dice_s4 epoch070.pt done
  A_dice_s4 epoch080.pt done
  A_dice_s4 epoch090.pt done
  A_dice_s4 epoch100.pt done
  A_dice_s5 epoch010.pt done
  A_dice_s5 epoch020.pt done
  A_dice_s5 epoch030.pt done
  A_dice_s5 epoch040.pt done
  A_dice_s5 epoch050.pt done
  A_dice_s5 epoch060.pt done
  A_dice_s5 epoch070.pt done
  A_dice_s5 epoch080.pt done
  A_dice_s5 epoch090.pt done
  A_dice_s5 epoch100.pt done
  A_dice_s6 epoch010.pt done
  A_dice_s6 epoch020.pt done
  A_dice_s6 epoch030.pt done
  A_dice_s6 epoch040.pt done
  A_dice_s6 epoch050.pt done
  A_dice_s6 epoch060.pt done
  A_dice_s6 epoch070.pt done
  A_dice_s6 epoch080.pt done
  A_dice_s6 epoch090.pt done
  A_dice_s6 epoch100.pt done
  A_dice_s7 epoch010.pt done
  A_dice_s7 epoch020.pt done
  A_dice_s7 epoch030.pt done
  A_dice_s7 epoch040.pt done
  A_dice_s7 epoch050.pt done
  A_dice_s7 epoch060.pt done
  A_dice_s7 epoch070.pt done
  A_dice_s7 epoch080.pt done
  A_dice_s7 epoch090.pt done
  A_dice_s7 epoch100.pt done
  A_dice_s8 epoch010.pt done
  A_dice_s8 epoch020.pt done
  A_dice_s8 epoch030.pt done
  A_dice_s8 epoch040.pt done
  A_dice_s8 epoch050.pt done
  A_dice_s8 epoch060.pt done
  A_dice_s8 epoch070.pt done
  A_dice_s8 epoch080.pt done
  A_dice_s8 epoch090.pt done
  A_dice_s8 epoch100.pt done
  A_dice_s9 epoch010.pt done
  A_dice_s9 epoch020.pt done
  A_dice_s9 epoch030.pt done
  A_dice_s9 epoch040.pt done
  A_dice_s9 epoch050.pt done
  A_dice_s9 epoch060.pt done
  A_dice_s9 epoch070.pt done
  A_dice_s9 epoch080.pt done
  A_dice_s9 epoch090.pt done
  A_dice_s9 epoch100.pt done
  A_dice_w32_s0 epoch010.pt done
  A_dice_w32_s0 epoch020.pt done
  A_dice_w32_s0 epoch030.pt done
  A_dice_w32_s0 epoch040.pt done
  A_dice_w32_s0 epoch050.pt done
  A_dice_w32_s0 epoch060.pt done
  A_dice_w32_s0 epoch070.pt done
  A_dice_w32_s0 epoch080.pt done
  A_dice_w32_s0 epoch090.pt done
  A_dice_w32_s0 epoch100.pt done
  A_dice_w32_s1 epoch010.pt done
  A_dice_w32_s1 epoch020.pt done
  A_dice_w32_s1 epoch030.pt done
  A_dice_w32_s1 epoch040.pt done
  A_dice_w32_s1 epoch050.pt done
  A_dice_w32_s1 epoch060.pt done
  A_dice_w32_s1 epoch070.pt done
  A_dice_w32_s1 epoch080.pt done
  A_dice_w32_s1 epoch090.pt done
  A_dice_w32_s1 epoch100.pt done
  A_dice_w32_s2 epoch010.pt done
  A_dice_w32_s2 epoch020.pt done
  A_dice_w32_s2 epoch030.pt done
  A_dice_w32_s2 epoch040.pt done
  A_dice_w32_s2 epoch050.pt done
  A_dice_w32_s2 epoch060.pt done
  A_dice_w32_s2 epoch070.pt done
  A_dice_w32_s2 epoch080.pt done
  A_dice_w32_s2 epoch090.pt done
  A_dice_w32_s2 epoch100.pt done
  A_dice_w64_d5_s0 epoch010.pt done
  A_dice_w64_d5_s0 epoch020.pt done
  A_dice_w64_d5_s0 epoch030.pt done
  A_dice_w64_d5_s0 epoch040.pt done
  A_dice_w64_d5_s0 epoch050.pt done
  A_dice_w64_d5_s0 epoch060.pt done
  A_dice_w64_d5_s0 epoch070.pt done
  A_dice_w64_d5_s0 epoch080.pt done
  A_dice_w64_d5_s0 epoch090.pt done
  A_dice_w64_d5_s0 epoch100.pt done
  A_dice_w64_d5_s1 epoch010.pt done
  A_dice_w64_d5_s1 epoch020.pt done
  A_dice_w64_d5_s1 epoch030.pt done
  A_dice_w64_d5_s1 epoch040.pt done
  A_dice_w64_d5_s1 epoch050.pt done
  A_dice_w64_d5_s1 epoch060.pt done
  A_dice_w64_d5_s1 epoch070.pt done
  A_dice_w64_d5_s1 epoch080.pt done
  A_dice_w64_d5_s1 epoch090.pt done
  A_dice_w64_d5_s1 epoch100.pt done
  A_dice_w64_d5_s2 epoch010.pt done
  A_dice_w64_d5_s2 epoch020.pt done
  A_dice_w64_d5_s2 epoch030.pt done
  A_dice_w64_d5_s2 epoch040.pt done
  A_dice_w64_d5_s2 epoch050.pt done
  A_dice_w64_d5_s2 epoch060.pt done
  A_dice_w64_d5_s2 epoch070.pt done
  A_dice_w64_d5_s2 epoch080.pt done
  A_dice_w64_d5_s2 epoch090.pt done
  A_dice_w64_d5_s2 epoch100.pt done
  A_dice_w64_d5_s3 epoch010.pt done
  A_dice_w64_d5_s3 epoch020.pt done
  A_dice_w64_d5_s3 epoch030.pt done
  A_dice_w64_d5_s3 epoch040.pt done
  A_dice_w64_d5_s3 epoch050.pt done
  A_dice_w64_d5_s3 epoch060.pt done
  A_dice_w64_d5_s3 epoch070.pt done
  A_dice_w64_d5_s3 epoch080.pt done
  A_dice_w64_d5_s3 epoch090.pt done
  A_dice_w64_d5_s3 epoch100.pt done
  A_dice_w64_d5_s4 epoch010.pt done
  A_dice_w64_d5_s4 epoch020.pt done
  A_dice_w64_d5_s4 epoch030.pt done
  A_dice_w64_d5_s4 epoch040.pt done
  A_dice_w64_d5_s4 epoch050.pt done
  A_dice_w64_d5_s4 epoch060.pt done
  A_dice_w64_d5_s4 epoch070.pt done
  A_dice_w64_d5_s4 epoch080.pt done
  A_dice_w64_d5_s4 epoch090.pt done
  A_dice_w64_d5_s4 epoch100.pt done
  B_cldice_s0 epoch010.pt done
  B_cldice_s0 epoch020.pt done
  B_cldice_s0 epoch030.pt done
  B_cldice_s0 epoch040.pt done
  B_cldice_s0 epoch050.pt done
  B_cldice_s0 epoch060.pt done
  B_cldice_s0 epoch070.pt done
  B_cldice_s0 epoch080.pt done
  B_cldice_s0 epoch090.pt done
  B_cldice_s0 epoch100.pt done
  B_cldice_s1 epoch010.pt done
  B_cldice_s1 epoch020.pt done
  B_cldice_s1 epoch030.pt done
  B_cldice_s1 epoch040.pt done
  B_cldice_s1 epoch050.pt done
  B_cldice_s1 epoch060.pt done
  B_cldice_s1 epoch070.pt done
  B_cldice_s1 epoch080.pt done
  B_cldice_s1 epoch090.pt done
  B_cldice_s1 epoch100.pt done
  B_cldice_s2 epoch010.pt done
  B_cldice_s2 epoch020.pt done
  B_cldice_s2 epoch030.pt done
  B_cldice_s2 epoch040.pt done
  B_cldice_s2 epoch050.pt done
  B_cldice_s2 epoch060.pt done
  B_cldice_s2 epoch070.pt done
  B_cldice_s2 epoch080.pt done
  B_cldice_s2 epoch090.pt done
  B_cldice_s2 epoch100.pt done
  B_cldice_s3 epoch010.pt done
  B_cldice_s3 epoch020.pt done
  B_cldice_s3 epoch030.pt done
  B_cldice_s3 epoch040.pt done
  B_cldice_s3 epoch050.pt done
  B_cldice_s3 epoch060.pt done
  B_cldice_s3 epoch070.pt done
  B_cldice_s3 epoch080.pt done
  B_cldice_s3 epoch090.pt done
  B_cldice_s3 epoch100.pt done
  B_cldice_s4 epoch010.pt done
  B_cldice_s4 epoch020.pt done
  B_cldice_s4 epoch030.pt done
  B_cldice_s4 epoch040.pt done
  B_cldice_s4 epoch050.pt done
  B_cldice_s4 epoch060.pt done
  B_cldice_s4 epoch070.pt done
  B_cldice_s4 epoch080.pt done
  B_cldice_s4 epoch090.pt done
  B_cldice_s4 epoch100.pt done
  B_cldice_s5 epoch010.pt done
  B_cldice_s5 epoch020.pt done
  B_cldice_s5 epoch030.pt done
  B_cldice_s5 epoch040.pt done
  B_cldice_s5 epoch050.pt done
  B_cldice_s5 epoch060.pt done
  B_cldice_s5 epoch070.pt done
  B_cldice_s5 epoch080.pt done
  B_cldice_s5 epoch090.pt done
  B_cldice_s5 epoch100.pt done
  B_cldice_w32_s0 epoch010.pt done
  B_cldice_w32_s0 epoch020.pt done
  B_cldice_w32_s0 epoch030.pt done
  B_cldice_w32_s0 epoch040.pt done
  B_cldice_w32_s0 epoch050.pt done
  B_cldice_w32_s0 epoch060.pt done
  B_cldice_w32_s0 epoch070.pt done
  B_cldice_w32_s0 epoch080.pt done
  B_cldice_w32_s0 epoch090.pt done
  B_cldice_w32_s0 epoch100.pt done
  B_cldice_w32_s1 epoch010.pt done
  B_cldice_w32_s1 epoch020.pt done
  B_cldice_w32_s1 epoch030.pt done
  B_cldice_w32_s1 epoch040.pt done
  B_cldice_w32_s1 epoch050.pt done
  B_cldice_w32_s1 epoch060.pt done
  B_cldice_w32_s1 epoch070.pt done
  B_cldice_w32_s1 epoch080.pt done
  B_cldice_w32_s1 epoch090.pt done
  B_cldice_w32_s1 epoch100.pt done
  B_cldice_w32_s2 epoch010.pt done
  B_cldice_w32_s2 epoch020.pt done
  B_cldice_w32_s2 epoch030.pt done
  B_cldice_w32_s2 epoch040.pt done
  B_cldice_w32_s2 epoch050.pt done
  B_cldice_w32_s2 epoch060.pt done
  B_cldice_w32_s2 epoch070.pt done
  B_cldice_w32_s2 epoch080.pt done
  B_cldice_w32_s2 epoch090.pt done
  B_cldice_w32_s2 epoch100.pt done
  B_cldice_w64_d5_s0 epoch010.pt done
  B_cldice_w64_d5_s0 epoch020.pt done
  B_cldice_w64_d5_s0 epoch030.pt done
  B_cldice_w64_d5_s0 epoch040.pt done
  B_cldice_w64_d5_s0 epoch050.pt done
  B_cldice_w64_d5_s0 epoch060.pt done
  B_cldice_w64_d5_s0 epoch070.pt done
  B_cldice_w64_d5_s0 epoch080.pt done
  B_cldice_w64_d5_s0 epoch090.pt done
  B_cldice_w64_d5_s0 epoch100.pt done
  B_cldice_w64_d5_s1 epoch010.pt done
  B_cldice_w64_d5_s1 epoch020.pt done
  B_cldice_w64_d5_s1 epoch030.pt done
  B_cldice_w64_d5_s1 epoch040.pt done
  B_cldice_w64_d5_s1 epoch050.pt done
  B_cldice_w64_d5_s1 epoch060.pt done
  B_cldice_w64_d5_s1 epoch070.pt done
  B_cldice_w64_d5_s1 epoch080.pt done
  B_cldice_w64_d5_s1 epoch090.pt done
  B_cldice_w64_d5_s1 epoch100.pt done
  B_cldice_w64_d5_s2 epoch010.pt done
  B_cldice_w64_d5_s2 epoch020.pt done
  B_cldice_w64_d5_s2 epoch030.pt done
  B_cldice_w64_d5_s2 epoch040.pt done
  B_cldice_w64_d5_s2 epoch050.pt done
  B_cldice_w64_d5_s2 epoch060.pt done
  B_cldice_w64_d5_s2 epoch070.pt done
  B_cldice_w64_d5_s2 epoch080.pt done
  B_cldice_w64_d5_s2 epoch090.pt done
  B_cldice_w64_d5_s2 epoch100.pt done
  B_cldice_w64_d5_s3 epoch010.pt done
  B_cldice_w64_d5_s3 epoch020.pt done
  B_cldice_w64_d5_s3 epoch030.pt done
  B_cldice_w64_d5_s3 epoch040.pt done
  B_cldice_w64_d5_s3 epoch050.pt done
  B_cldice_w64_d5_s3 epoch060.pt done
  B_cldice_w64_d5_s3 epoch070.pt done
  B_cldice_w64_d5_s3 epoch080.pt done
  B_cldice_w64_d5_s3 epoch090.pt done
  B_cldice_w64_d5_s3 epoch100.pt done
  B_cldice_w64_d5_s4 epoch010.pt done
  B_cldice_w64_d5_s4 epoch020.pt done
  B_cldice_w64_d5_s4 epoch030.pt done
  B_cldice_w64_d5_s4 epoch040.pt done
  B_cldice_w64_d5_s4 epoch050.pt done
  B_cldice_w64_d5_s4 epoch060.pt done
  B_cldice_w64_d5_s4 epoch070.pt done
  B_cldice_w64_d5_s4 epoch080.pt done
  B_cldice_w64_d5_s4 epoch090.pt done
  B_cldice_w64_d5_s4 epoch100.pt done
  C_boundary_s0 epoch010.pt done
  C_boundary_s0 epoch020.pt done
  C_boundary_s0 epoch030.pt done
  C_boundary_s0 epoch040.pt done
  C_boundary_s0 epoch050.pt done
  C_boundary_s0 epoch060.pt done
  C_boundary_s0 epoch070.pt done
  C_boundary_s0 epoch080.pt done
  C_boundary_s0 epoch090.pt done
  C_boundary_s0 epoch100.pt done
  C_boundary_s1 epoch010.pt done
  C_boundary_s1 epoch020.pt done
  C_boundary_s1 epoch030.pt done
  C_boundary_s1 epoch040.pt done
  C_boundary_s1 epoch050.pt done
  C_boundary_s1 epoch060.pt done
  C_boundary_s1 epoch070.pt done
  C_boundary_s1 epoch080.pt done
  C_boundary_s1 epoch090.pt done
  C_boundary_s1 epoch100.pt done
  C_boundary_s2 epoch010.pt done
  C_boundary_s2 epoch020.pt done
  C_boundary_s2 epoch030.pt done
  C_boundary_s2 epoch040.pt done
  C_boundary_s2 epoch050.pt done
  C_boundary_s2 epoch060.pt done
  C_boundary_s2 epoch070.pt done
  C_boundary_s2 epoch080.pt done
  C_boundary_s2 epoch090.pt done
  C_boundary_s2 epoch100.pt done
  C_boundary_s3 epoch010.pt done
  C_boundary_s3 epoch020.pt done
  C_boundary_s3 epoch030.pt done
  C_boundary_s3 epoch040.pt done
  C_boundary_s3 epoch050.pt done
  C_boundary_s3 epoch060.pt done
  C_boundary_s3 epoch070.pt done
  C_boundary_s3 epoch080.pt done
  C_boundary_s3 epoch090.pt done
  C_boundary_s3 epoch100.pt done
  C_boundary_s4 epoch010.pt done
  C_boundary_s4 epoch020.pt done
  C_boundary_s4 epoch030.pt done
  C_boundary_s4 epoch040.pt done
  C_boundary_s4 epoch050.pt done
  C_boundary_s4 epoch060.pt done
  C_boundary_s4 epoch070.pt done
  C_boundary_s4 epoch080.pt done
  C_boundary_s4 epoch090.pt done
  C_boundary_s4 epoch100.pt done
  C_boundary_s5 epoch010.pt done
  C_boundary_s5 epoch020.pt done
  C_boundary_s5 epoch030.pt done
  C_boundary_s5 epoch040.pt done
  C_boundary_s5 epoch050.pt done
  C_boundary_s5 epoch060.pt done
  C_boundary_s5 epoch070.pt done
  C_boundary_s5 epoch080.pt done
  C_boundary_s5 epoch090.pt done
  C_boundary_s5 epoch100.pt done
  D_blurpool_s0 epoch010.pt done
  D_blurpool_s0 epoch020.pt done
  D_blurpool_s0 epoch030.pt done
  D_blurpool_s0 epoch040.pt done
  D_blurpool_s0 epoch050.pt done
  D_blurpool_s0 epoch060.pt done
  D_blurpool_s0 epoch070.pt done
  D_blurpool_s0 epoch080.pt done
  D_blurpool_s0 epoch090.pt done
  D_blurpool_s0 epoch100.pt done
  D_blurpool_s1 epoch010.pt done
  D_blurpool_s1 epoch020.pt done
  D_blurpool_s1 epoch030.pt done
  D_blurpool_s1 epoch040.pt done
  D_blurpool_s1 epoch050.pt done
  D_blurpool_s1 epoch060.pt done
  D_blurpool_s1 epoch070.pt done
  D_blurpool_s1 epoch080.pt done
  D_blurpool_s1 epoch090.pt done
  D_blurpool_s1 epoch100.pt done
  D_blurpool_s2 epoch010.pt done
  D_blurpool_s2 epoch020.pt done
  D_blurpool_s2 epoch030.pt done
  D_blurpool_s2 epoch040.pt done
  D_blurpool_s2 epoch050.pt done
  D_blurpool_s2 epoch060.pt done
  D_blurpool_s2 epoch070.pt done
  D_blurpool_s2 epoch080.pt done
  D_blurpool_s2 epoch090.pt done
  D_blurpool_s2 epoch100.pt done
  D_blurpool_s3 epoch010.pt done
  D_blurpool_s3 epoch020.pt done
  D_blurpool_s3 epoch030.pt done
  D_blurpool_s3 epoch040.pt done
  D_blurpool_s3 epoch050.pt done
  D_blurpool_s3 epoch060.pt done
  D_blurpool_s3 epoch070.pt done
  D_blurpool_s3 epoch080.pt done
  D_blurpool_s3 epoch090.pt done
  D_blurpool_s3 epoch100.pt done
  D_blurpool_s4 epoch010.pt done
  D_blurpool_s4 epoch020.pt done
  D_blurpool_s4 epoch030.pt done
  D_blurpool_s4 epoch040.pt done
  D_blurpool_s4 epoch050.pt done
  D_blurpool_s4 epoch060.pt done
  D_blurpool_s4 epoch070.pt done
  D_blurpool_s4 epoch080.pt done
  D_blurpool_s4 epoch090.pt done
  D_blurpool_s4 epoch100.pt done
  D_blurpool_s5 epoch010.pt done
  D_blurpool_s5 epoch020.pt done
  D_blurpool_s5 epoch030.pt done
  D_blurpool_s5 epoch040.pt done
  D_blurpool_s5 epoch050.pt done
  D_blurpool_s5 epoch060.pt done
  D_blurpool_s5 epoch070.pt done
  D_blurpool_s5 epoch080.pt done
  D_blurpool_s5 epoch090.pt done
  D_blurpool_s5 epoch100.pt done
  E_cbdice_s0 epoch010.pt done
  E_cbdice_s0 epoch020.pt done
  E_cbdice_s0 epoch030.pt done
  E_cbdice_s0 epoch040.pt done
  E_cbdice_s0 epoch050.pt done
  E_cbdice_s0 epoch060.pt done
  E_cbdice_s0 epoch070.pt done
  E_cbdice_s0 epoch080.pt done
  E_cbdice_s0 epoch090.pt done
  E_cbdice_s0 epoch100.pt done
  E_cbdice_s1 epoch010.pt done
  E_cbdice_s1 epoch020.pt done
  E_cbdice_s1 epoch030.pt done
  E_cbdice_s1 epoch040.pt done
  E_cbdice_s1 epoch050.pt done
  E_cbdice_s1 epoch060.pt done
  E_cbdice_s1 epoch070.pt done
  E_cbdice_s1 epoch080.pt done
  E_cbdice_s1 epoch090.pt done
  E_cbdice_s1 epoch100.pt done
  E_cbdice_s2 epoch010.pt done
  E_cbdice_s2 epoch020.pt done
  E_cbdice_s2 epoch030.pt done
  E_cbdice_s2 epoch040.pt done
  E_cbdice_s2 epoch050.pt done
  E_cbdice_s2 epoch060.pt done
  E_cbdice_s2 epoch070.pt done
  E_cbdice_s2 epoch080.pt done
  E_cbdice_s2 epoch090.pt done
  E_cbdice_s2 epoch100.pt done
  E_cbdice_s3 epoch010.pt done
  E_cbdice_s3 epoch020.pt done
  E_cbdice_s3 epoch030.pt done
  E_cbdice_s3 epoch040.pt done
  E_cbdice_s3 epoch050.pt done
  E_cbdice_s3 epoch060.pt done
  E_cbdice_s3 epoch070.pt done
  E_cbdice_s3 epoch080.pt done
  E_cbdice_s3 epoch090.pt done
  E_cbdice_s3 epoch100.pt done
  E_cbdice_s4 epoch010.pt done
  E_cbdice_s4 epoch020.pt done
  E_cbdice_s4 epoch030.pt done
  E_cbdice_s4 epoch040.pt done
  E_cbdice_s4 epoch050.pt done
  E_cbdice_s4 epoch060.pt done
  E_cbdice_s4 epoch070.pt done
  E_cbdice_s4 epoch080.pt done
  E_cbdice_s4 epoch090.pt done
  E_cbdice_s4 epoch100.pt done
  E_cbdice_s5 epoch010.pt done
  E_cbdice_s5 epoch020.pt done
  E_cbdice_s5 epoch030.pt done
  E_cbdice_s5 epoch040.pt done
  E_cbdice_s5 epoch050.pt done
  E_cbdice_s5 epoch060.pt done
  E_cbdice_s5 epoch070.pt done
  E_cbdice_s5 epoch080.pt done
  E_cbdice_s5 epoch090.pt done
  E_cbdice_s5 epoch100.pt done
  F_gated_s0 epoch010.pt done
  F_gated_s0 epoch020.pt done
  F_gated_s0 epoch030.pt done
  F_gated_s0 epoch040.pt done
  F_gated_s0 epoch050.pt done
  F_gated_s0 epoch060.pt done
  F_gated_s0 epoch070.pt done
  F_gated_s0 epoch080.pt done
  F_gated_s0 epoch090.pt done
  F_gated_s0 epoch100.pt done
  F_gated_s1 epoch010.pt done
  F_gated_s1 epoch020.pt done
  F_gated_s1 epoch030.pt done
  F_gated_s1 epoch040.pt done
  F_gated_s1 epoch050.pt done
  F_gated_s1 epoch060.pt done
  F_gated_s1 epoch070.pt done
  F_gated_s1 epoch080.pt done
  F_gated_s1 epoch090.pt done
  F_gated_s1 epoch100.pt done
  F_gated_s2 epoch010.pt done
  F_gated_s2 epoch020.pt done
  F_gated_s2 epoch030.pt done
  F_gated_s2 epoch040.pt done
  F_gated_s2 epoch050.pt done
  F_gated_s2 epoch060.pt done
  F_gated_s2 epoch070.pt done
  F_gated_s2 epoch080.pt done
  F_gated_s2 epoch090.pt done
  F_gated_s2 epoch100.pt done
  F_gated_s3 epoch010.pt done
  F_gated_s3 epoch020.pt done
  F_gated_s3 epoch030.pt done
  F_gated_s3 epoch040.pt done
  F_gated_s3 epoch050.pt done
  F_gated_s3 epoch060.pt done
  F_gated_s3 epoch070.pt done
  F_gated_s3 epoch080.pt done
  F_gated_s3 epoch090.pt done
  F_gated_s3 epoch100.pt done
  F_gated_s4 epoch010.pt done
  F_gated_s4 epoch020.pt done
  F_gated_s4 epoch030.pt done
  F_gated_s4 epoch040.pt done
  F_gated_s4 epoch050.pt done
  F_gated_s4 epoch060.pt done
  F_gated_s4 epoch070.pt done
  F_gated_s4 epoch080.pt done
  F_gated_s4 epoch090.pt done
  F_gated_s4 epoch100.pt done
  F_gated_s5 epoch010.pt done
  F_gated_s5 epoch020.pt done
  F_gated_s5 epoch030.pt done
  F_gated_s5 epoch040.pt done
  F_gated_s5 epoch050.pt done
  F_gated_s5 epoch060.pt done
  F_gated_s5 epoch070.pt done
  F_gated_s5 epoch080.pt done
  F_gated_s5 epoch090.pt done
  F_gated_s5 epoch100.pt done
  G_focal_s0 epoch010.pt done
  G_focal_s0 epoch020.pt done
  G_focal_s0 epoch030.pt done
  G_focal_s0 epoch040.pt done
  G_focal_s0 epoch050.pt done
  G_focal_s0 epoch060.pt done
  G_focal_s0 epoch070.pt done
  G_focal_s0 epoch080.pt done
  G_focal_s0 epoch090.pt done
  G_focal_s0 epoch100.pt done
  G_focal_s1 epoch010.pt done
  G_focal_s1 epoch020.pt done
  G_focal_s1 epoch030.pt done
  G_focal_s1 epoch040.pt done
  G_focal_s1 epoch050.pt done
  G_focal_s1 epoch060.pt done
  G_focal_s1 epoch070.pt done
  G_focal_s1 epoch080.pt done
  G_focal_s1 epoch090.pt done
  G_focal_s1 epoch100.pt done
  G_focal_s2 epoch010.pt done
  G_focal_s2 epoch020.pt done
  G_focal_s2 epoch030.pt done
  G_focal_s2 epoch040.pt done
  G_focal_s2 epoch050.pt done
  G_focal_s2 epoch060.pt done
  G_focal_s2 epoch070.pt done
  G_focal_s2 epoch080.pt done
  G_focal_s2 epoch090.pt done
  G_focal_s2 epoch100.pt done
  G_focal_s3 epoch010.pt done
  G_focal_s3 epoch020.pt done
  G_focal_s3 epoch030.pt done
  G_focal_s3 epoch040.pt done
  G_focal_s3 epoch050.pt done
  G_focal_s3 epoch060.pt done
  G_focal_s3 epoch070.pt done
  G_focal_s3 epoch080.pt done
  G_focal_s3 epoch090.pt done
  G_focal_s3 epoch100.pt done
  G_focal_s4 epoch010.pt done
  G_focal_s4 epoch020.pt done
  G_focal_s4 epoch030.pt done
  G_focal_s4 epoch040.pt done
  G_focal_s4 epoch050.pt done
  G_focal_s4 epoch060.pt done
  G_focal_s4 epoch070.pt done
  G_focal_s4 epoch080.pt done
  G_focal_s4 epoch090.pt done
  G_focal_s4 epoch100.pt done
  G_focal_s5 epoch010.pt done
  G_focal_s5 epoch020.pt done
  G_focal_s5 epoch030.pt done
  G_focal_s5 epoch040.pt done
  G_focal_s5 epoch050.pt done
  G_focal_s5 epoch060.pt done
  G_focal_s5 epoch070.pt done
  G_focal_s5 epoch080.pt done
  G_focal_s5 epoch090.pt done
  G_focal_s5 epoch100.pt done
  H_aug_clw16_s0 epoch010.pt done
  H_aug_clw16_s0 epoch020.pt done
  H_aug_clw16_s0 epoch030.pt done
  H_aug_clw16_s0 epoch040.pt done
  H_aug_clw16_s0 epoch050.pt done
  H_aug_clw16_s0 epoch060.pt done
  H_aug_clw16_s0 epoch070.pt done
  H_aug_clw16_s0 epoch080.pt done
  H_aug_clw16_s0 epoch090.pt done
  H_aug_clw16_s0 epoch100.pt done
  H_aug_clw16_s1 epoch010.pt done
  H_aug_clw16_s1 epoch020.pt done
  H_aug_clw16_s1 epoch030.pt done
  H_aug_clw16_s1 epoch040.pt done
  H_aug_clw16_s1 epoch050.pt done
  H_aug_clw16_s1 epoch060.pt done
  H_aug_clw16_s1 epoch070.pt done
  H_aug_clw16_s1 epoch080.pt done
  H_aug_clw16_s1 epoch090.pt done
  H_aug_clw16_s1 epoch100.pt done
  H_aug_clw16_s10 epoch010.pt done
  H_aug_clw16_s10 epoch020.pt done
  H_aug_clw16_s10 epoch030.pt done
  H_aug_clw16_s10 epoch040.pt done
  H_aug_clw16_s10 epoch050.pt done
  H_aug_clw16_s10 epoch060.pt done
  H_aug_clw16_s10 epoch070.pt done
  H_aug_clw16_s10 epoch080.pt done
  H_aug_clw16_s10 epoch090.pt done
  H_aug_clw16_s10 epoch100.pt done
  H_aug_clw16_s11 epoch010.pt done
  H_aug_clw16_s11 epoch020.pt done
  H_aug_clw16_s11 epoch030.pt done
  H_aug_clw16_s11 epoch040.pt done
  H_aug_clw16_s11 epoch050.pt done
  H_aug_clw16_s11 epoch060.pt done
  H_aug_clw16_s11 epoch070.pt done
  H_aug_clw16_s11 epoch080.pt done
  H_aug_clw16_s11 epoch090.pt done
  H_aug_clw16_s11 epoch100.pt done
  H_aug_clw16_s2 epoch010.pt done
  H_aug_clw16_s2 epoch020.pt done
  H_aug_clw16_s2 epoch030.pt done
  H_aug_clw16_s2 epoch040.pt done
  H_aug_clw16_s2 epoch050.pt done
  H_aug_clw16_s2 epoch060.pt done
  H_aug_clw16_s2 epoch070.pt done
  H_aug_clw16_s2 epoch080.pt done
  H_aug_clw16_s2 epoch090.pt done
  H_aug_clw16_s2 epoch100.pt done
  H_aug_clw16_s3 epoch010.pt done
  H_aug_clw16_s3 epoch020.pt done
  H_aug_clw16_s3 epoch030.pt done
  H_aug_clw16_s3 epoch040.pt done
  H_aug_clw16_s3 epoch050.pt done
  H_aug_clw16_s3 epoch060.pt done
  H_aug_clw16_s3 epoch070.pt done
  H_aug_clw16_s3 epoch080.pt done
  H_aug_clw16_s3 epoch090.pt done
  H_aug_clw16_s3 epoch100.pt done
  H_aug_clw16_s4 epoch010.pt done
  H_aug_clw16_s4 epoch020.pt done
  H_aug_clw16_s4 epoch030.pt done
  H_aug_clw16_s4 epoch040.pt done
  H_aug_clw16_s4 epoch050.pt done
  H_aug_clw16_s4 epoch060.pt done
  H_aug_clw16_s4 epoch070.pt done
  H_aug_clw16_s4 epoch080.pt done
  H_aug_clw16_s4 epoch090.pt done
  H_aug_clw16_s4 epoch100.pt done
  H_aug_clw16_s5 epoch010.pt done
  H_aug_clw16_s5 epoch020.pt done
  H_aug_clw16_s5 epoch030.pt done
  H_aug_clw16_s5 epoch040.pt done
  H_aug_clw16_s5 epoch050.pt done
  H_aug_clw16_s5 epoch060.pt done
  H_aug_clw16_s5 epoch070.pt done
  H_aug_clw16_s5 epoch080.pt done
  H_aug_clw16_s5 epoch090.pt done
  H_aug_clw16_s5 epoch100.pt done
  H_aug_clw16_s6 epoch010.pt done
  H_aug_clw16_s6 epoch020.pt done
  H_aug_clw16_s6 epoch030.pt done
  H_aug_clw16_s6 epoch040.pt done
  H_aug_clw16_s6 epoch050.pt done
  H_aug_clw16_s6 epoch060.pt done
  H_aug_clw16_s6 epoch070.pt done
  H_aug_clw16_s6 epoch080.pt done
  H_aug_clw16_s6 epoch090.pt done
  H_aug_clw16_s6 epoch100.pt done
  H_aug_clw16_s7 epoch010.pt done
  H_aug_clw16_s7 epoch020.pt done
  H_aug_clw16_s7 epoch030.pt done
  H_aug_clw16_s7 epoch040.pt done
  H_aug_clw16_s7 epoch050.pt done
  H_aug_clw16_s7 epoch060.pt done
  H_aug_clw16_s7 epoch070.pt done
  H_aug_clw16_s7 epoch080.pt done
  H_aug_clw16_s7 epoch090.pt done
  H_aug_clw16_s7 epoch100.pt done
  H_aug_clw16_s8 epoch010.pt done
  H_aug_clw16_s8 epoch020.pt done
  H_aug_clw16_s8 epoch030.pt done
  H_aug_clw16_s8 epoch040.pt done
  H_aug_clw16_s8 epoch050.pt done
  H_aug_clw16_s8 epoch060.pt done
  H_aug_clw16_s8 epoch070.pt done
  H_aug_clw16_s8 epoch080.pt done
  H_aug_clw16_s8 epoch090.pt done
  H_aug_clw16_s8 epoch100.pt done
  H_aug_clw16_s9 epoch010.pt done
  H_aug_clw16_s9 epoch020.pt done
  H_aug_clw16_s9 epoch030.pt done
  H_aug_clw16_s9 epoch040.pt done
  H_aug_clw16_s9 epoch050.pt done
  H_aug_clw16_s9 epoch060.pt done
  H_aug_clw16_s9 epoch070.pt done
  H_aug_clw16_s9 epoch080.pt done
  H_aug_clw16_s9 epoch090.pt done
  H_aug_clw16_s9 epoch100.pt done
  H_aug_clw1_s0 epoch010.pt done
  H_aug_clw1_s0 epoch020.pt done
  H_aug_clw1_s0 epoch030.pt done
  H_aug_clw1_s0 epoch040.pt done
  H_aug_clw1_s0 epoch050.pt done
  H_aug_clw1_s0 epoch060.pt done
  H_aug_clw1_s0 epoch070.pt done
  H_aug_clw1_s0 epoch080.pt done
  H_aug_clw1_s0 epoch090.pt done
  H_aug_clw1_s0 epoch100.pt done
  H_aug_clw1_s1 epoch010.pt done
  H_aug_clw1_s1 epoch020.pt done
  H_aug_clw1_s1 epoch030.pt done
  H_aug_clw1_s1 epoch040.pt done
  H_aug_clw1_s1 epoch050.pt done
  H_aug_clw1_s1 epoch060.pt done
  H_aug_clw1_s1 epoch070.pt done
  H_aug_clw1_s1 epoch080.pt done
  H_aug_clw1_s1 epoch090.pt done
  H_aug_clw1_s1 epoch100.pt done
  H_aug_clw1_s10 epoch010.pt done
  H_aug_clw1_s10 epoch020.pt done
  H_aug_clw1_s10 epoch030.pt done
  H_aug_clw1_s10 epoch040.pt done
  H_aug_clw1_s10 epoch050.pt done
  H_aug_clw1_s10 epoch060.pt done
  H_aug_clw1_s10 epoch070.pt done
  H_aug_clw1_s10 epoch080.pt done
  H_aug_clw1_s10 epoch090.pt done
  H_aug_clw1_s10 epoch100.pt done
  H_aug_clw1_s11 epoch010.pt done
  H_aug_clw1_s11 epoch020.pt done
  H_aug_clw1_s11 epoch030.pt done
  H_aug_clw1_s11 epoch040.pt done
  H_aug_clw1_s11 epoch050.pt done
  H_aug_clw1_s11 epoch060.pt done
  H_aug_clw1_s11 epoch070.pt done
  H_aug_clw1_s11 epoch080.pt done
  H_aug_clw1_s11 epoch090.pt done
  H_aug_clw1_s11 epoch100.pt done
  H_aug_clw1_s2 epoch010.pt done
  H_aug_clw1_s2 epoch020.pt done
  H_aug_clw1_s2 epoch030.pt done
  H_aug_clw1_s2 epoch040.pt done
  H_aug_clw1_s2 epoch050.pt done
  H_aug_clw1_s2 epoch060.pt done
  H_aug_clw1_s2 epoch070.pt done
  H_aug_clw1_s2 epoch080.pt done
  H_aug_clw1_s2 epoch090.pt done
  H_aug_clw1_s2 epoch100.pt done
  H_aug_clw1_s3 epoch010.pt done
  H_aug_clw1_s3 epoch020.pt done
  H_aug_clw1_s3 epoch030.pt done
  H_aug_clw1_s3 epoch040.pt done
  H_aug_clw1_s3 epoch050.pt done
  H_aug_clw1_s3 epoch060.pt done
  H_aug_clw1_s3 epoch070.pt done
  H_aug_clw1_s3 epoch080.pt done
  H_aug_clw1_s3 epoch090.pt done
  H_aug_clw1_s3 epoch100.pt done
  H_aug_clw1_s4 epoch010.pt done
  H_aug_clw1_s4 epoch020.pt done
  H_aug_clw1_s4 epoch030.pt done
  H_aug_clw1_s4 epoch040.pt done
  H_aug_clw1_s4 epoch050.pt done
  H_aug_clw1_s4 epoch060.pt done
  H_aug_clw1_s4 epoch070.pt done
  H_aug_clw1_s4 epoch080.pt done
  H_aug_clw1_s4 epoch090.pt done
  H_aug_clw1_s4 epoch100.pt done
  H_aug_clw1_s5 epoch010.pt done
  H_aug_clw1_s5 epoch020.pt done
  H_aug_clw1_s5 epoch030.pt done
  H_aug_clw1_s5 epoch040.pt done
  H_aug_clw1_s5 epoch050.pt done
  H_aug_clw1_s5 epoch060.pt done
  H_aug_clw1_s5 epoch070.pt done
  H_aug_clw1_s5 epoch080.pt done
  H_aug_clw1_s5 epoch090.pt done
  H_aug_clw1_s5 epoch100.pt done
  H_aug_clw1_s6 epoch010.pt done
  H_aug_clw1_s6 epoch020.pt done
  H_aug_clw1_s6 epoch030.pt done
  H_aug_clw1_s6 epoch040.pt done
  H_aug_clw1_s6 epoch050.pt done
  H_aug_clw1_s6 epoch060.pt done
  H_aug_clw1_s6 epoch070.pt done
  H_aug_clw1_s6 epoch080.pt done
  H_aug_clw1_s6 epoch090.pt done
  H_aug_clw1_s6 epoch100.pt done
  H_aug_clw1_s7 epoch010.pt done
  H_aug_clw1_s7 epoch020.pt done
  H_aug_clw1_s7 epoch030.pt done
  H_aug_clw1_s7 epoch040.pt done
  H_aug_clw1_s7 epoch050.pt done
  H_aug_clw1_s7 epoch060.pt done
  H_aug_clw1_s7 epoch070.pt done
  H_aug_clw1_s7 epoch080.pt done
  H_aug_clw1_s7 epoch090.pt done
  H_aug_clw1_s7 epoch100.pt done
  H_aug_clw1_s8 epoch010.pt done
  H_aug_clw1_s8 epoch020.pt done
  H_aug_clw1_s8 epoch030.pt done
  H_aug_clw1_s8 epoch040.pt done
  H_aug_clw1_s8 epoch050.pt done
  H_aug_clw1_s8 epoch060.pt done
  H_aug_clw1_s8 epoch070.pt done
  H_aug_clw1_s8 epoch080.pt done
  H_aug_clw1_s8 epoch090.pt done
  H_aug_clw1_s8 epoch100.pt done
  H_aug_clw1_s9 epoch010.pt done
  H_aug_clw1_s9 epoch020.pt done
  H_aug_clw1_s9 epoch030.pt done
  H_aug_clw1_s9 epoch040.pt done
  H_aug_clw1_s9 epoch050.pt done
  H_aug_clw1_s9 epoch060.pt done
  H_aug_clw1_s9 epoch070.pt done
  H_aug_clw1_s9 epoch080.pt done
  H_aug_clw1_s9 epoch090.pt done
  H_aug_clw1_s9 epoch100.pt done
  H_aug_clw2_s0 epoch010.pt done
  H_aug_clw2_s0 epoch020.pt done
  H_aug_clw2_s0 epoch030.pt done
  H_aug_clw2_s0 epoch040.pt done
  H_aug_clw2_s0 epoch050.pt done
  H_aug_clw2_s0 epoch060.pt done
  H_aug_clw2_s0 epoch070.pt done
  H_aug_clw2_s0 epoch080.pt done
  H_aug_clw2_s0 epoch090.pt done
  H_aug_clw2_s0 epoch100.pt done
  H_aug_clw2_s1 epoch010.pt done
  H_aug_clw2_s1 epoch020.pt done
  H_aug_clw2_s1 epoch030.pt done
  H_aug_clw2_s1 epoch040.pt done
  H_aug_clw2_s1 epoch050.pt done
  H_aug_clw2_s1 epoch060.pt done
  H_aug_clw2_s1 epoch070.pt done
  H_aug_clw2_s1 epoch080.pt done
  H_aug_clw2_s1 epoch090.pt done
  H_aug_clw2_s1 epoch100.pt done
  H_aug_clw2_s10 epoch010.pt done
  H_aug_clw2_s10 epoch020.pt done
  H_aug_clw2_s10 epoch030.pt done
  H_aug_clw2_s10 epoch040.pt done
  H_aug_clw2_s10 epoch050.pt done
  H_aug_clw2_s10 epoch060.pt done
  H_aug_clw2_s10 epoch070.pt done
  H_aug_clw2_s10 epoch080.pt done
  H_aug_clw2_s10 epoch090.pt done
  H_aug_clw2_s10 epoch100.pt done
  H_aug_clw2_s11 epoch010.pt done
  H_aug_clw2_s11 epoch020.pt done
  H_aug_clw2_s11 epoch030.pt done
  H_aug_clw2_s11 epoch040.pt done
  H_aug_clw2_s11 epoch050.pt done
  H_aug_clw2_s11 epoch060.pt done
  H_aug_clw2_s11 epoch070.pt done
  H_aug_clw2_s11 epoch080.pt done
  H_aug_clw2_s11 epoch090.pt done
  H_aug_clw2_s11 epoch100.pt done
  H_aug_clw2_s2 epoch010.pt done
  H_aug_clw2_s2 epoch020.pt done
  H_aug_clw2_s2 epoch030.pt done
  H_aug_clw2_s2 epoch040.pt done
  H_aug_clw2_s2 epoch050.pt done
  H_aug_clw2_s2 epoch060.pt done
  H_aug_clw2_s2 epoch070.pt done
  H_aug_clw2_s2 epoch080.pt done
  H_aug_clw2_s2 epoch090.pt done
  H_aug_clw2_s2 epoch100.pt done
  H_aug_clw2_s3 epoch010.pt done
  H_aug_clw2_s3 epoch020.pt done
  H_aug_clw2_s3 epoch030.pt done
  H_aug_clw2_s3 epoch040.pt done
  H_aug_clw2_s3 epoch050.pt done
  H_aug_clw2_s3 epoch060.pt done
  H_aug_clw2_s3 epoch070.pt done
  H_aug_clw2_s3 epoch080.pt done
  H_aug_clw2_s3 epoch090.pt done
  H_aug_clw2_s3 epoch100.pt done
  H_aug_clw2_s4 epoch010.pt done
  H_aug_clw2_s4 epoch020.pt done
  H_aug_clw2_s4 epoch030.pt done
  H_aug_clw2_s4 epoch040.pt done
  H_aug_clw2_s4 epoch050.pt done
  H_aug_clw2_s4 epoch060.pt done
  H_aug_clw2_s4 epoch070.pt done
  H_aug_clw2_s4 epoch080.pt done
  H_aug_clw2_s4 epoch090.pt done
  H_aug_clw2_s4 epoch100.pt done
  H_aug_clw2_s5 epoch010.pt done
  H_aug_clw2_s5 epoch020.pt done
  H_aug_clw2_s5 epoch030.pt done
  H_aug_clw2_s5 epoch040.pt done
  H_aug_clw2_s5 epoch050.pt done
  H_aug_clw2_s5 epoch060.pt done
  H_aug_clw2_s5 epoch070.pt done
  H_aug_clw2_s5 epoch080.pt done
  H_aug_clw2_s5 epoch090.pt done
  H_aug_clw2_s5 epoch100.pt done
  H_aug_clw2_s6 epoch010.pt done
  H_aug_clw2_s6 epoch020.pt done
  H_aug_clw2_s6 epoch030.pt done
  H_aug_clw2_s6 epoch040.pt done
  H_aug_clw2_s6 epoch050.pt done
  H_aug_clw2_s6 epoch060.pt done
  H_aug_clw2_s6 epoch070.pt done
  H_aug_clw2_s6 epoch080.pt done
  H_aug_clw2_s6 epoch090.pt done
  H_aug_clw2_s6 epoch100.pt done
  H_aug_clw2_s7 epoch010.pt done
  H_aug_clw2_s7 epoch020.pt done
  H_aug_clw2_s7 epoch030.pt done
  H_aug_clw2_s7 epoch040.pt done
  H_aug_clw2_s7 epoch050.pt done
  H_aug_clw2_s7 epoch060.pt done
  H_aug_clw2_s7 epoch070.pt done
  H_aug_clw2_s7 epoch080.pt done
  H_aug_clw2_s7 epoch090.pt done
  H_aug_clw2_s7 epoch100.pt done
  H_aug_clw2_s8 epoch010.pt done
  H_aug_clw2_s8 epoch020.pt done
  H_aug_clw2_s8 epoch030.pt done
  H_aug_clw2_s8 epoch040.pt done
  H_aug_clw2_s8 epoch050.pt done
  H_aug_clw2_s8 epoch060.pt done
  H_aug_clw2_s8 epoch070.pt done
  H_aug_clw2_s8 epoch080.pt done
  H_aug_clw2_s8 epoch090.pt done
  H_aug_clw2_s8 epoch100.pt done
  H_aug_clw2_s9 epoch010.pt done
  H_aug_clw2_s9 epoch020.pt done
  H_aug_clw2_s9 epoch030.pt done
  H_aug_clw2_s9 epoch040.pt done
  H_aug_clw2_s9 epoch050.pt done
  H_aug_clw2_s9 epoch060.pt done
  H_aug_clw2_s9 epoch070.pt done
  H_aug_clw2_s9 epoch080.pt done
  H_aug_clw2_s9 epoch090.pt done
  H_aug_clw2_s9 epoch100.pt done
  H_aug_clw32_s0 epoch010.pt done
  H_aug_clw32_s0 epoch020.pt done
  H_aug_clw32_s0 epoch030.pt done
  H_aug_clw32_s0 epoch040.pt done
  H_aug_clw32_s0 epoch050.pt done
  H_aug_clw32_s0 epoch060.pt done
  H_aug_clw32_s0 epoch070.pt done
  H_aug_clw32_s0 epoch080.pt done
  H_aug_clw32_s0 epoch090.pt done
  H_aug_clw32_s0 epoch100.pt done
  H_aug_clw32_s1 epoch010.pt done
  H_aug_clw32_s1 epoch020.pt done
  H_aug_clw32_s1 epoch030.pt done
  H_aug_clw32_s1 epoch040.pt done
  H_aug_clw32_s1 epoch050.pt done
  H_aug_clw32_s1 epoch060.pt done
  H_aug_clw32_s1 epoch070.pt done
  H_aug_clw32_s1 epoch080.pt done
  H_aug_clw32_s1 epoch090.pt done
  H_aug_clw32_s1 epoch100.pt done
  H_aug_clw32_s10 epoch010.pt done
  H_aug_clw32_s10 epoch020.pt done
  H_aug_clw32_s10 epoch030.pt done
  H_aug_clw32_s10 epoch040.pt done
  H_aug_clw32_s10 epoch050.pt done
  H_aug_clw32_s10 epoch060.pt done
  H_aug_clw32_s10 epoch070.pt done
  H_aug_clw32_s10 epoch080.pt done
  H_aug_clw32_s10 epoch090.pt done
  H_aug_clw32_s10 epoch100.pt done
  H_aug_clw32_s11 epoch010.pt done
  H_aug_clw32_s11 epoch020.pt done
  H_aug_clw32_s11 epoch030.pt done
  H_aug_clw32_s11 epoch040.pt done
  H_aug_clw32_s11 epoch050.pt done
  H_aug_clw32_s11 epoch060.pt done
  H_aug_clw32_s11 epoch070.pt done
  H_aug_clw32_s11 epoch080.pt done
  H_aug_clw32_s11 epoch090.pt done
  H_aug_clw32_s11 epoch100.pt done
  H_aug_clw32_s2 epoch010.pt done
  H_aug_clw32_s2 epoch020.pt done
  H_aug_clw32_s2 epoch030.pt done
  H_aug_clw32_s2 epoch040.pt done
  H_aug_clw32_s2 epoch050.pt done
  H_aug_clw32_s2 epoch060.pt done
  H_aug_clw32_s2 epoch070.pt done
  H_aug_clw32_s2 epoch080.pt done
  H_aug_clw32_s2 epoch090.pt done
  H_aug_clw32_s2 epoch100.pt done
  H_aug_clw32_s3 epoch010.pt done
  H_aug_clw32_s3 epoch020.pt done
  H_aug_clw32_s3 epoch030.pt done
  H_aug_clw32_s3 epoch040.pt done
  H_aug_clw32_s3 epoch050.pt done
  H_aug_clw32_s3 epoch060.pt done
  H_aug_clw32_s3 epoch070.pt done
  H_aug_clw32_s3 epoch080.pt done
  H_aug_clw32_s3 epoch090.pt done
  H_aug_clw32_s3 epoch100.pt done
  H_aug_clw32_s4 epoch010.pt done
  H_aug_clw32_s4 epoch020.pt done
  H_aug_clw32_s4 epoch030.pt done
  H_aug_clw32_s4 epoch040.pt done
  H_aug_clw32_s4 epoch050.pt done
  H_aug_clw32_s4 epoch060.pt done
  H_aug_clw32_s4 epoch070.pt done
  H_aug_clw32_s4 epoch080.pt done
  H_aug_clw32_s4 epoch090.pt done
  H_aug_clw32_s4 epoch100.pt done
  H_aug_clw32_s5 epoch010.pt done
  H_aug_clw32_s5 epoch020.pt done
  H_aug_clw32_s5 epoch030.pt done
  H_aug_clw32_s5 epoch040.pt done
  H_aug_clw32_s5 epoch050.pt done
  H_aug_clw32_s5 epoch060.pt done
  H_aug_clw32_s5 epoch070.pt done
  H_aug_clw32_s5 epoch080.pt done
  H_aug_clw32_s5 epoch090.pt done
  H_aug_clw32_s5 epoch100.pt done
  H_aug_clw32_s6 epoch010.pt done
  H_aug_clw32_s6 epoch020.pt done
  H_aug_clw32_s6 epoch030.pt done
  H_aug_clw32_s6 epoch040.pt done
  H_aug_clw32_s6 epoch050.pt done
  H_aug_clw32_s6 epoch060.pt done
  H_aug_clw32_s6 epoch070.pt done
  H_aug_clw32_s6 epoch080.pt done
  H_aug_clw32_s6 epoch090.pt done
  H_aug_clw32_s6 epoch100.pt done
  H_aug_clw32_s7 epoch010.pt done
  H_aug_clw32_s7 epoch020.pt done
  H_aug_clw32_s7 epoch030.pt done
  H_aug_clw32_s7 epoch040.pt done
  H_aug_clw32_s7 epoch050.pt done
  H_aug_clw32_s7 epoch060.pt done
  H_aug_clw32_s7 epoch070.pt done
  H_aug_clw32_s7 epoch080.pt done
  H_aug_clw32_s7 epoch090.pt done
  H_aug_clw32_s7 epoch100.pt done
  H_aug_clw32_s8 epoch010.pt done
  H_aug_clw32_s8 epoch020.pt done
  H_aug_clw32_s8 epoch030.pt done
  H_aug_clw32_s8 epoch040.pt done
  H_aug_clw32_s8 epoch050.pt done
  H_aug_clw32_s8 epoch060.pt done
  H_aug_clw32_s8 epoch070.pt done
  H_aug_clw32_s8 epoch080.pt done
  H_aug_clw32_s8 epoch090.pt done
  H_aug_clw32_s8 epoch100.pt done
  H_aug_clw32_s9 epoch010.pt done
  H_aug_clw32_s9 epoch020.pt done
  H_aug_clw32_s9 epoch030.pt done
  H_aug_clw32_s9 epoch040.pt done
  H_aug_clw32_s9 epoch050.pt done
  H_aug_clw32_s9 epoch060.pt done
  H_aug_clw32_s9 epoch070.pt done
  H_aug_clw32_s9 epoch080.pt done
  H_aug_clw32_s9 epoch090.pt done
  H_aug_clw32_s9 epoch100.pt done
  H_aug_clw4_s0 epoch010.pt done
  H_aug_clw4_s0 epoch020.pt done
  H_aug_clw4_s0 epoch030.pt done
  H_aug_clw4_s0 epoch040.pt done
  H_aug_clw4_s0 epoch050.pt done
  H_aug_clw4_s0 epoch060.pt done
  H_aug_clw4_s0 epoch070.pt done
  H_aug_clw4_s0 epoch080.pt done
  H_aug_clw4_s0 epoch090.pt done
  H_aug_clw4_s0 epoch100.pt done
  H_aug_clw4_s1 epoch010.pt done
  H_aug_clw4_s1 epoch020.pt done
  H_aug_clw4_s1 epoch030.pt done
  H_aug_clw4_s1 epoch040.pt done
  H_aug_clw4_s1 epoch050.pt done
  H_aug_clw4_s1 epoch060.pt done
  H_aug_clw4_s1 epoch070.pt done
  H_aug_clw4_s1 epoch080.pt done
  H_aug_clw4_s1 epoch090.pt done
  H_aug_clw4_s1 epoch100.pt done
  H_aug_clw4_s10 epoch010.pt done
  H_aug_clw4_s10 epoch020.pt done
  H_aug_clw4_s10 epoch030.pt done
  H_aug_clw4_s10 epoch040.pt done
  H_aug_clw4_s10 epoch050.pt done
  H_aug_clw4_s10 epoch060.pt done
  H_aug_clw4_s10 epoch070.pt done
  H_aug_clw4_s10 epoch080.pt done
  H_aug_clw4_s10 epoch090.pt done
  H_aug_clw4_s10 epoch100.pt done
  H_aug_clw4_s11 epoch010.pt done
  H_aug_clw4_s11 epoch020.pt done
  H_aug_clw4_s11 epoch030.pt done
  H_aug_clw4_s11 epoch040.pt done
  H_aug_clw4_s11 epoch050.pt done
  H_aug_clw4_s11 epoch060.pt done
  H_aug_clw4_s11 epoch070.pt done
  H_aug_clw4_s11 epoch080.pt done
  H_aug_clw4_s11 epoch090.pt done
  H_aug_clw4_s11 epoch100.pt done
  H_aug_clw4_s2 epoch010.pt done
  H_aug_clw4_s2 epoch020.pt done
  H_aug_clw4_s2 epoch030.pt done
  H_aug_clw4_s2 epoch040.pt done
  H_aug_clw4_s2 epoch050.pt done
  H_aug_clw4_s2 epoch060.pt done
  H_aug_clw4_s2 epoch070.pt done
  H_aug_clw4_s2 epoch080.pt done
  H_aug_clw4_s2 epoch090.pt done
  H_aug_clw4_s2 epoch100.pt done
  H_aug_clw4_s3 epoch010.pt done
  H_aug_clw4_s3 epoch020.pt done
  H_aug_clw4_s3 epoch030.pt done
  H_aug_clw4_s3 epoch040.pt done
  H_aug_clw4_s3 epoch050.pt done
  H_aug_clw4_s3 epoch060.pt done
  H_aug_clw4_s3 epoch070.pt done
  H_aug_clw4_s3 epoch080.pt done
  H_aug_clw4_s3 epoch090.pt done
  H_aug_clw4_s3 epoch100.pt done
  H_aug_clw4_s4 epoch010.pt done
  H_aug_clw4_s4 epoch020.pt done
  H_aug_clw4_s4 epoch030.pt done
  H_aug_clw4_s4 epoch040.pt done
  H_aug_clw4_s4 epoch050.pt done
  H_aug_clw4_s4 epoch060.pt done
  H_aug_clw4_s4 epoch070.pt done
  H_aug_clw4_s4 epoch080.pt done
  H_aug_clw4_s4 epoch090.pt done
  H_aug_clw4_s4 epoch100.pt done
  H_aug_clw4_s5 epoch010.pt done
  H_aug_clw4_s5 epoch020.pt done
  H_aug_clw4_s5 epoch030.pt done
  H_aug_clw4_s5 epoch040.pt done
  H_aug_clw4_s5 epoch050.pt done
  H_aug_clw4_s5 epoch060.pt done
  H_aug_clw4_s5 epoch070.pt done
  H_aug_clw4_s5 epoch080.pt done
  H_aug_clw4_s5 epoch090.pt done
  H_aug_clw4_s5 epoch100.pt done
  H_aug_clw4_s6 epoch010.pt done
  H_aug_clw4_s6 epoch020.pt done
  H_aug_clw4_s6 epoch030.pt done
  H_aug_clw4_s6 epoch040.pt done
  H_aug_clw4_s6 epoch050.pt done
  H_aug_clw4_s6 epoch060.pt done
  H_aug_clw4_s6 epoch070.pt done
  H_aug_clw4_s6 epoch080.pt done
  H_aug_clw4_s6 epoch090.pt done
  H_aug_clw4_s6 epoch100.pt done
  H_aug_clw4_s7 epoch010.pt done
  H_aug_clw4_s7 epoch020.pt done
  H_aug_clw4_s7 epoch030.pt done
  H_aug_clw4_s7 epoch040.pt done
  H_aug_clw4_s7 epoch050.pt done
  H_aug_clw4_s7 epoch060.pt done
  H_aug_clw4_s7 epoch070.pt done
  H_aug_clw4_s7 epoch080.pt done
  H_aug_clw4_s7 epoch090.pt done
  H_aug_clw4_s7 epoch100.pt done
  H_aug_clw4_s8 epoch010.pt done
  H_aug_clw4_s8 epoch020.pt done
  H_aug_clw4_s8 epoch030.pt done
  H_aug_clw4_s8 epoch040.pt done
  H_aug_clw4_s8 epoch050.pt done
  H_aug_clw4_s8 epoch060.pt done
  H_aug_clw4_s8 epoch070.pt done
  H_aug_clw4_s8 epoch080.pt done
  H_aug_clw4_s8 epoch090.pt done
  H_aug_clw4_s8 epoch100.pt done
  H_aug_clw4_s9 epoch010.pt done
  H_aug_clw4_s9 epoch020.pt done
  H_aug_clw4_s9 epoch030.pt done
  H_aug_clw4_s9 epoch040.pt done
  H_aug_clw4_s9 epoch050.pt done
  H_aug_clw4_s9 epoch060.pt done
  H_aug_clw4_s9 epoch070.pt done
  H_aug_clw4_s9 epoch080.pt done
  H_aug_clw4_s9 epoch090.pt done
  H_aug_clw4_s9 epoch100.pt done
  H_aug_clw64_s0 epoch010.pt done
  H_aug_clw64_s0 epoch020.pt done
  H_aug_clw64_s0 epoch030.pt done
  H_aug_clw64_s0 epoch040.pt done
  H_aug_clw64_s0 epoch050.pt done
  H_aug_clw64_s0 epoch060.pt done
  H_aug_clw64_s0 epoch070.pt done
  H_aug_clw64_s0 epoch080.pt done
  H_aug_clw64_s0 epoch090.pt done
  H_aug_clw64_s0 epoch100.pt done
  H_aug_clw64_s1 epoch010.pt done
  H_aug_clw64_s1 epoch020.pt done
  H_aug_clw64_s1 epoch030.pt done
  H_aug_clw64_s1 epoch040.pt done
  H_aug_clw64_s1 epoch050.pt done
  H_aug_clw64_s1 epoch060.pt done
  H_aug_clw64_s1 epoch070.pt done
  H_aug_clw64_s1 epoch080.pt done
  H_aug_clw64_s1 epoch090.pt done
  H_aug_clw64_s1 epoch100.pt done
  H_aug_clw64_s10 epoch010.pt done
  H_aug_clw64_s10 epoch020.pt done
  H_aug_clw64_s10 epoch030.pt done
  H_aug_clw64_s10 epoch040.pt done
  H_aug_clw64_s10 epoch050.pt done
  H_aug_clw64_s10 epoch060.pt done
  H_aug_clw64_s10 epoch070.pt done
  H_aug_clw64_s10 epoch080.pt done
  H_aug_clw64_s10 epoch090.pt done
  H_aug_clw64_s10 epoch100.pt done
  H_aug_clw64_s11 epoch010.pt done
  H_aug_clw64_s11 epoch020.pt done
  H_aug_clw64_s11 epoch030.pt done
  H_aug_clw64_s11 epoch040.pt done
  H_aug_clw64_s11 epoch050.pt done
  H_aug_clw64_s11 epoch060.pt done
  H_aug_clw64_s11 epoch070.pt done
  H_aug_clw64_s11 epoch080.pt done
  H_aug_clw64_s11 epoch090.pt done
  H_aug_clw64_s11 epoch100.pt done
  H_aug_clw64_s2 epoch010.pt done
  H_aug_clw64_s2 epoch020.pt done
  H_aug_clw64_s2 epoch030.pt done
  H_aug_clw64_s2 epoch040.pt done
  H_aug_clw64_s2 epoch050.pt done
  H_aug_clw64_s2 epoch060.pt done
  H_aug_clw64_s2 epoch070.pt done
  H_aug_clw64_s2 epoch080.pt done
  H_aug_clw64_s2 epoch090.pt done
  H_aug_clw64_s2 epoch100.pt done
  H_aug_clw64_s3 epoch010.pt done
  H_aug_clw64_s3 epoch020.pt done
  H_aug_clw64_s3 epoch030.pt done
  H_aug_clw64_s3 epoch040.pt done
  H_aug_clw64_s3 epoch050.pt done
  H_aug_clw64_s3 epoch060.pt done
  H_aug_clw64_s3 epoch070.pt done
  H_aug_clw64_s3 epoch080.pt done
  H_aug_clw64_s3 epoch090.pt done
  H_aug_clw64_s3 epoch100.pt done
  H_aug_clw64_s4 epoch010.pt done
  H_aug_clw64_s4 epoch020.pt done
  H_aug_clw64_s4 epoch030.pt done
  H_aug_clw64_s4 epoch040.pt done
  H_aug_clw64_s4 epoch050.pt done
  H_aug_clw64_s4 epoch060.pt done
  H_aug_clw64_s4 epoch070.pt done
  H_aug_clw64_s4 epoch080.pt done
  H_aug_clw64_s4 epoch090.pt done
  H_aug_clw64_s4 epoch100.pt done
  H_aug_clw64_s5 epoch010.pt done
  H_aug_clw64_s5 epoch020.pt done
  H_aug_clw64_s5 epoch030.pt done
  H_aug_clw64_s5 epoch040.pt done
  H_aug_clw64_s5 epoch050.pt done
  H_aug_clw64_s5 epoch060.pt done
  H_aug_clw64_s5 epoch070.pt done
  H_aug_clw64_s5 epoch080.pt done
  H_aug_clw64_s5 epoch090.pt done
  H_aug_clw64_s5 epoch100.pt done
  H_aug_clw64_s6 epoch010.pt done
  H_aug_clw64_s6 epoch020.pt done
  H_aug_clw64_s6 epoch030.pt done
  H_aug_clw64_s6 epoch040.pt done
  H_aug_clw64_s6 epoch050.pt done
  H_aug_clw64_s6 epoch060.pt done
  H_aug_clw64_s6 epoch070.pt done
  H_aug_clw64_s6 epoch080.pt done
  H_aug_clw64_s6 epoch090.pt done
  H_aug_clw64_s6 epoch100.pt done
  H_aug_clw64_s7 epoch010.pt done
  H_aug_clw64_s7 epoch020.pt done
  H_aug_clw64_s7 epoch030.pt done
  H_aug_clw64_s7 epoch040.pt done
  H_aug_clw64_s7 epoch050.pt done
  H_aug_clw64_s7 epoch060.pt done
  H_aug_clw64_s7 epoch070.pt done
  H_aug_clw64_s7 epoch080.pt done
  H_aug_clw64_s7 epoch090.pt done
  H_aug_clw64_s7 epoch100.pt done
  H_aug_clw64_s8 epoch010.pt done
  H_aug_clw64_s8 epoch020.pt done
  H_aug_clw64_s8 epoch030.pt done
  H_aug_clw64_s8 epoch040.pt done
  H_aug_clw64_s8 epoch050.pt done
  H_aug_clw64_s8 epoch060.pt done
  H_aug_clw64_s8 epoch070.pt done
  H_aug_clw64_s8 epoch080.pt done
  H_aug_clw64_s8 epoch090.pt done
  H_aug_clw64_s8 epoch100.pt done
  H_aug_clw64_s9 epoch010.pt done
  H_aug_clw64_s9 epoch020.pt done
  H_aug_clw64_s9 epoch030.pt done
  H_aug_clw64_s9 epoch040.pt done
  H_aug_clw64_s9 epoch050.pt done
  H_aug_clw64_s9 epoch060.pt done
  H_aug_clw64_s9 epoch070.pt done
  H_aug_clw64_s9 epoch080.pt done
  H_aug_clw64_s9 epoch090.pt done
  H_aug_clw64_s9 epoch100.pt done
  H_aug_clw8_s0 epoch010.pt done
  H_aug_clw8_s0 epoch020.pt done
  H_aug_clw8_s0 epoch030.pt done
  H_aug_clw8_s0 epoch040.pt done
  H_aug_clw8_s0 epoch050.pt done
  H_aug_clw8_s0 epoch060.pt done
  H_aug_clw8_s0 epoch070.pt done
  H_aug_clw8_s0 epoch080.pt done
  H_aug_clw8_s0 epoch090.pt done
  H_aug_clw8_s0 epoch100.pt done
  H_aug_clw8_s1 epoch010.pt done
  H_aug_clw8_s1 epoch020.pt done
  H_aug_clw8_s1 epoch030.pt done
  H_aug_clw8_s1 epoch040.pt done
  H_aug_clw8_s1 epoch050.pt done
  H_aug_clw8_s1 epoch060.pt done
  H_aug_clw8_s1 epoch070.pt done
  H_aug_clw8_s1 epoch080.pt done
  H_aug_clw8_s1 epoch090.pt done
  H_aug_clw8_s1 epoch100.pt done
  H_aug_clw8_s10 epoch010.pt done
  H_aug_clw8_s10 epoch020.pt done
  H_aug_clw8_s10 epoch030.pt done
  H_aug_clw8_s10 epoch040.pt done
  H_aug_clw8_s10 epoch050.pt done
  H_aug_clw8_s10 epoch060.pt done
  H_aug_clw8_s10 epoch070.pt done
  H_aug_clw8_s10 epoch080.pt done
  H_aug_clw8_s10 epoch090.pt done
  H_aug_clw8_s10 epoch100.pt done
  H_aug_clw8_s11 epoch010.pt done
  H_aug_clw8_s11 epoch020.pt done
  H_aug_clw8_s11 epoch030.pt done
  H_aug_clw8_s11 epoch040.pt done
  H_aug_clw8_s11 epoch050.pt done
  H_aug_clw8_s11 epoch060.pt done
  H_aug_clw8_s11 epoch070.pt done
  H_aug_clw8_s11 epoch080.pt done
  H_aug_clw8_s11 epoch090.pt done
  H_aug_clw8_s11 epoch100.pt done
  H_aug_clw8_s2 epoch010.pt done
  H_aug_clw8_s2 epoch020.pt done
  H_aug_clw8_s2 epoch030.pt done
  H_aug_clw8_s2 epoch040.pt done
  H_aug_clw8_s2 epoch050.pt done
  H_aug_clw8_s2 epoch060.pt done
  H_aug_clw8_s2 epoch070.pt done
  H_aug_clw8_s2 epoch080.pt done
  H_aug_clw8_s2 epoch090.pt done
  H_aug_clw8_s2 epoch100.pt done
  H_aug_clw8_s3 epoch010.pt done
  H_aug_clw8_s3 epoch020.pt done
  H_aug_clw8_s3 epoch030.pt done
  H_aug_clw8_s3 epoch040.pt done
  H_aug_clw8_s3 epoch050.pt done
  H_aug_clw8_s3 epoch060.pt done
  H_aug_clw8_s3 epoch070.pt done
  H_aug_clw8_s3 epoch080.pt done
  H_aug_clw8_s3 epoch090.pt done
  H_aug_clw8_s3 epoch100.pt done
  H_aug_clw8_s4 epoch010.pt done
  H_aug_clw8_s4 epoch020.pt done
  H_aug_clw8_s4 epoch030.pt done
  H_aug_clw8_s4 epoch040.pt done
  H_aug_clw8_s4 epoch050.pt done
  H_aug_clw8_s4 epoch060.pt done
  H_aug_clw8_s4 epoch070.pt done
  H_aug_clw8_s4 epoch080.pt done
  H_aug_clw8_s4 epoch090.pt done
  H_aug_clw8_s4 epoch100.pt done
  H_aug_clw8_s5 epoch010.pt done
  H_aug_clw8_s5 epoch020.pt done
  H_aug_clw8_s5 epoch030.pt done
  H_aug_clw8_s5 epoch040.pt done
  H_aug_clw8_s5 epoch050.pt done
  H_aug_clw8_s5 epoch060.pt done
  H_aug_clw8_s5 epoch070.pt done
  H_aug_clw8_s5 epoch080.pt done
  H_aug_clw8_s5 epoch090.pt done
  H_aug_clw8_s5 epoch100.pt done
  H_aug_clw8_s6 epoch010.pt done
  H_aug_clw8_s6 epoch020.pt done
  H_aug_clw8_s6 epoch030.pt done
  H_aug_clw8_s6 epoch040.pt done
  H_aug_clw8_s6 epoch050.pt done
  H_aug_clw8_s6 epoch060.pt done
  H_aug_clw8_s6 epoch070.pt done
  H_aug_clw8_s6 epoch080.pt done
  H_aug_clw8_s6 epoch090.pt done
  H_aug_clw8_s6 epoch100.pt done
  H_aug_clw8_s7 epoch010.pt done
  H_aug_clw8_s7 epoch020.pt done
  H_aug_clw8_s7 epoch030.pt done
  H_aug_clw8_s7 epoch040.pt done
  H_aug_clw8_s7 epoch050.pt done
  H_aug_clw8_s7 epoch060.pt done
  H_aug_clw8_s7 epoch070.pt done
  H_aug_clw8_s7 epoch080.pt done
  H_aug_clw8_s7 epoch090.pt done
  H_aug_clw8_s7 epoch100.pt done
  H_aug_clw8_s8 epoch010.pt done
  H_aug_clw8_s8 epoch020.pt done
  H_aug_clw8_s8 epoch030.pt done
  H_aug_clw8_s8 epoch040.pt done
  H_aug_clw8_s8 epoch050.pt done
  H_aug_clw8_s8 epoch060.pt done
  H_aug_clw8_s8 epoch070.pt done
  H_aug_clw8_s8 epoch080.pt done
  H_aug_clw8_s8 epoch090.pt done
  H_aug_clw8_s8 epoch100.pt done
  H_aug_clw8_s9 epoch010.pt done
  H_aug_clw8_s9 epoch020.pt done
  H_aug_clw8_s9 epoch030.pt done
  H_aug_clw8_s9 epoch040.pt done
  H_aug_clw8_s9 epoch050.pt done
  H_aug_clw8_s9 epoch060.pt done
  H_aug_clw8_s9 epoch070.pt done
  H_aug_clw8_s9 epoch080.pt done
  H_aug_clw8_s9 epoch090.pt done
  H_aug_clw8_s9 epoch100.pt done
  H_aug_s0 epoch010.pt done
  H_aug_s0 epoch020.pt done
  H_aug_s0 epoch030.pt done
  H_aug_s0 epoch040.pt done
  H_aug_s0 epoch050.pt done
  H_aug_s0 epoch060.pt done
  H_aug_s0 epoch070.pt done
  H_aug_s0 epoch080.pt done
  H_aug_s0 epoch090.pt done
  H_aug_s0 epoch100.pt done
  H_aug_s1 epoch010.pt done
  H_aug_s1 epoch020.pt done
  H_aug_s1 epoch030.pt done
  H_aug_s1 epoch040.pt done
  H_aug_s1 epoch050.pt done
  H_aug_s1 epoch060.pt done
  H_aug_s1 epoch070.pt done
  H_aug_s1 epoch080.pt done
  H_aug_s1 epoch090.pt done
  H_aug_s1 epoch100.pt done
  H_aug_s10 epoch010.pt done
  H_aug_s10 epoch020.pt done
  H_aug_s10 epoch030.pt done
  H_aug_s10 epoch040.pt done
  H_aug_s10 epoch050.pt done
  H_aug_s10 epoch060.pt done
  H_aug_s10 epoch070.pt done
  H_aug_s10 epoch080.pt done
  H_aug_s10 epoch090.pt done
  H_aug_s10 epoch100.pt done
  H_aug_s11 epoch010.pt done
  H_aug_s11 epoch020.pt done
  H_aug_s11 epoch030.pt done
  H_aug_s11 epoch040.pt done
  H_aug_s11 epoch050.pt done
  H_aug_s11 epoch060.pt done
  H_aug_s11 epoch070.pt done
  H_aug_s11 epoch080.pt done
  H_aug_s11 epoch090.pt done
  H_aug_s11 epoch100.pt done
  H_aug_s2 epoch010.pt done
  H_aug_s2 epoch020.pt done
  H_aug_s2 epoch030.pt done
  H_aug_s2 epoch040.pt done
  H_aug_s2 epoch050.pt done
  H_aug_s2 epoch060.pt done
  H_aug_s2 epoch070.pt done
  H_aug_s2 epoch080.pt done
  H_aug_s2 epoch090.pt done
  H_aug_s2 epoch100.pt done
  H_aug_s3 epoch010.pt done
  H_aug_s3 epoch020.pt done
  H_aug_s3 epoch030.pt done
  H_aug_s3 epoch040.pt done
  H_aug_s3 epoch050.pt done
  H_aug_s3 epoch060.pt done
  H_aug_s3 epoch070.pt done
  H_aug_s3 epoch080.pt done
  H_aug_s3 epoch090.pt done
  H_aug_s3 epoch100.pt done
  H_aug_s4 epoch010.pt done
  H_aug_s4 epoch020.pt done
  H_aug_s4 epoch030.pt done
  H_aug_s4 epoch040.pt done
  H_aug_s4 epoch050.pt done
  H_aug_s4 epoch060.pt done
  H_aug_s4 epoch070.pt done
  H_aug_s4 epoch080.pt done
  H_aug_s4 epoch090.pt done
  H_aug_s4 epoch100.pt done
  H_aug_s5 epoch010.pt done
  H_aug_s5 epoch020.pt done
  H_aug_s5 epoch030.pt done
  H_aug_s5 epoch040.pt done
  H_aug_s5 epoch050.pt done
  H_aug_s5 epoch060.pt done
  H_aug_s5 epoch070.pt done
  H_aug_s5 epoch080.pt done
  H_aug_s5 epoch090.pt done
  H_aug_s5 epoch100.pt done
  H_aug_s6 epoch010.pt done
  H_aug_s6 epoch020.pt done
  H_aug_s6 epoch030.pt done
  H_aug_s6 epoch040.pt done
  H_aug_s6 epoch050.pt done
  H_aug_s6 epoch060.pt done
  H_aug_s6 epoch070.pt done
  H_aug_s6 epoch080.pt done
  H_aug_s6 epoch090.pt done
  H_aug_s6 epoch100.pt done
  H_aug_s7 epoch010.pt done
  H_aug_s7 epoch020.pt done
  H_aug_s7 epoch030.pt done
  H_aug_s7 epoch040.pt done
  H_aug_s7 epoch050.pt done
  H_aug_s7 epoch060.pt done
  H_aug_s7 epoch070.pt done
  H_aug_s7 epoch080.pt done
  H_aug_s7 epoch090.pt done
  H_aug_s7 epoch100.pt done
  H_aug_s8 epoch010.pt done
  H_aug_s8 epoch020.pt done
  H_aug_s8 epoch030.pt done
  H_aug_s8 epoch040.pt done
  H_aug_s8 epoch050.pt done
  H_aug_s8 epoch060.pt done
  H_aug_s8 epoch070.pt done
  H_aug_s8 epoch080.pt done
  H_aug_s8 epoch090.pt done
  H_aug_s8 epoch100.pt done
  H_aug_s9 epoch010.pt done
  H_aug_s9 epoch020.pt done
  H_aug_s9 epoch030.pt done
  H_aug_s9 epoch040.pt done
  H_aug_s9 epoch050.pt done
  H_aug_s9 epoch060.pt done
  H_aug_s9 epoch070.pt done
  H_aug_s9 epoch080.pt done
  H_aug_s9 epoch090.pt done
  H_aug_s9 epoch100.pt done
  H_aug_w32_s0 epoch010.pt done
  H_aug_w32_s0 epoch020.pt done
  H_aug_w32_s0 epoch030.pt done
  H_aug_w32_s0 epoch040.pt done
  H_aug_w32_s0 epoch050.pt done
  H_aug_w32_s0 epoch060.pt done
  H_aug_w32_s0 epoch070.pt done
  H_aug_w32_s0 epoch080.pt done
  H_aug_w32_s0 epoch090.pt done
  H_aug_w32_s0 epoch100.pt done
  H_aug_w32_s1 epoch010.pt done
  H_aug_w32_s1 epoch020.pt done
  H_aug_w32_s1 epoch030.pt done
  H_aug_w32_s1 epoch040.pt done
  H_aug_w32_s1 epoch050.pt done
  H_aug_w32_s1 epoch060.pt done
  H_aug_w32_s1 epoch070.pt done
  H_aug_w32_s1 epoch080.pt done
  H_aug_w32_s1 epoch090.pt done
  H_aug_w32_s1 epoch100.pt done
  H_aug_w32_s2 epoch010.pt done
  H_aug_w32_s2 epoch020.pt done
  H_aug_w32_s2 epoch030.pt done
  H_aug_w32_s2 epoch040.pt done
  H_aug_w32_s2 epoch050.pt done
  H_aug_w32_s2 epoch060.pt done
  H_aug_w32_s2 epoch070.pt done
  H_aug_w32_s2 epoch080.pt done
  H_aug_w32_s2 epoch090.pt done
  H_aug_w32_s2 epoch100.pt done
  H_aug_w64_d5_s0 epoch010.pt done
  H_aug_w64_d5_s0 epoch020.pt done
  H_aug_w64_d5_s0 epoch030.pt done
  H_aug_w64_d5_s0 epoch040.pt done
  H_aug_w64_d5_s0 epoch050.pt done
  H_aug_w64_d5_s0 epoch060.pt done
  H_aug_w64_d5_s0 epoch070.pt done
  H_aug_w64_d5_s0 epoch080.pt done
  H_aug_w64_d5_s0 epoch090.pt done
  H_aug_w64_d5_s0 epoch100.pt done
  H_aug_w64_d5_s1 epoch010.pt done
  H_aug_w64_d5_s1 epoch020.pt done
  H_aug_w64_d5_s1 epoch030.pt done
  H_aug_w64_d5_s1 epoch040.pt done
  H_aug_w64_d5_s1 epoch050.pt done
  H_aug_w64_d5_s1 epoch060.pt done
  H_aug_w64_d5_s1 epoch070.pt done
  H_aug_w64_d5_s1 epoch080.pt done
  H_aug_w64_d5_s1 epoch090.pt done
  H_aug_w64_d5_s1 epoch100.pt done
  H_aug_w64_d5_s2 epoch010.pt done
  H_aug_w64_d5_s2 epoch020.pt done
  H_aug_w64_d5_s2 epoch030.pt done
  H_aug_w64_d5_s2 epoch040.pt done
  H_aug_w64_d5_s2 epoch050.pt done
  H_aug_w64_d5_s2 epoch060.pt done
  H_aug_w64_d5_s2 epoch070.pt done
  H_aug_w64_d5_s2 epoch080.pt done
  H_aug_w64_d5_s2 epoch090.pt done
  H_aug_w64_d5_s2 epoch100.pt done
  H_aug_w64_d5_s3 epoch010.pt done
  H_aug_w64_d5_s3 epoch020.pt done
  H_aug_w64_d5_s3 epoch030.pt done
  H_aug_w64_d5_s3 epoch040.pt done
  H_aug_w64_d5_s3 epoch050.pt done
  H_aug_w64_d5_s3 epoch060.pt done
  H_aug_w64_d5_s3 epoch070.pt done
  H_aug_w64_d5_s3 epoch080.pt done
  H_aug_w64_d5_s3 epoch090.pt done
  H_aug_w64_d5_s3 epoch100.pt done
  H_aug_w64_d5_s4 epoch010.pt done
  H_aug_w64_d5_s4 epoch020.pt done
  H_aug_w64_d5_s4 epoch030.pt done
  H_aug_w64_d5_s4 epoch040.pt done
  H_aug_w64_d5_s4 epoch050.pt done
  H_aug_w64_d5_s4 epoch060.pt done
  H_aug_w64_d5_s4 epoch070.pt done
  H_aug_w64_d5_s4 epoch080.pt done
  H_aug_w64_d5_s4 epoch090.pt done
  H_aug_w64_d5_s4 epoch100.pt done
  I_coletra_s0 epoch010.pt done
  I_coletra_s0 epoch020.pt done
  I_coletra_s0 epoch030.pt done
  I_coletra_s0 epoch040.pt done
  I_coletra_s0 epoch050.pt done
  I_coletra_s0 epoch060.pt done
  I_coletra_s0 epoch070.pt done
  I_coletra_s0 epoch080.pt done
  I_coletra_s0 epoch090.pt done
  I_coletra_s0 epoch100.pt done
  I_coletra_s1 epoch010.pt done
  I_coletra_s1 epoch020.pt done
  I_coletra_s1 epoch030.pt done
  I_coletra_s1 epoch040.pt done
  I_coletra_s1 epoch050.pt done
  I_coletra_s1 epoch060.pt done
  I_coletra_s1 epoch070.pt done
  I_coletra_s1 epoch080.pt done
  I_coletra_s1 epoch090.pt done
  I_coletra_s1 epoch100.pt done
  I_coletra_s2 epoch010.pt done
  I_coletra_s2 epoch020.pt done
  I_coletra_s2 epoch030.pt done
  I_coletra_s2 epoch040.pt done
  I_coletra_s2 epoch050.pt done
  I_coletra_s2 epoch060.pt done
  I_coletra_s2 epoch070.pt done
  I_coletra_s2 epoch080.pt done
  I_coletra_s2 epoch090.pt done
  I_coletra_s2 epoch100.pt done
  I_coletra_s3 epoch010.pt done
  I_coletra_s3 epoch020.pt done
  I_coletra_s3 epoch030.pt done
  I_coletra_s3 epoch040.pt done
  I_coletra_s3 epoch050.pt done
  I_coletra_s3 epoch060.pt done
  I_coletra_s3 epoch070.pt done
  I_coletra_s3 epoch080.pt done
  I_coletra_s3 epoch090.pt done
  I_coletra_s3 epoch100.pt done
  I_coletra_s4 epoch010.pt done
  I_coletra_s4 epoch020.pt done
  I_coletra_s4 epoch030.pt done
  I_coletra_s4 epoch040.pt done
  I_coletra_s4 epoch050.pt done
  I_coletra_s4 epoch060.pt done
  I_coletra_s4 epoch070.pt done
  I_coletra_s4 epoch080.pt done
  I_coletra_s4 epoch090.pt done
  I_coletra_s4 epoch100.pt done
  I_coletra_s5 epoch010.pt done
  I_coletra_s5 epoch020.pt done
  I_coletra_s5 epoch030.pt done
  I_coletra_s5 epoch040.pt done
  I_coletra_s5 epoch050.pt done
  I_coletra_s5 epoch060.pt done
  I_coletra_s5 epoch070.pt done
  I_coletra_s5 epoch080.pt done
  I_coletra_s5 epoch090.pt done
  I_coletra_s5 epoch100.pt done
  J_liot_s0 epoch010.pt done
  J_liot_s0 epoch020.pt done
  J_liot_s0 epoch030.pt done
  J_liot_s0 epoch040.pt done
  J_liot_s0 epoch050.pt done
  J_liot_s0 epoch060.pt done
  J_liot_s0 epoch070.pt done
  J_liot_s0 epoch080.pt done
  J_liot_s0 epoch090.pt done
  J_liot_s0 epoch100.pt done
  J_liot_s1 epoch010.pt done
  J_liot_s1 epoch020.pt done
  J_liot_s1 epoch030.pt done
  J_liot_s1 epoch040.pt done
  J_liot_s1 epoch050.pt done
  J_liot_s1 epoch060.pt done
  J_liot_s1 epoch070.pt done
  J_liot_s1 epoch080.pt done
  J_liot_s1 epoch090.pt done
  J_liot_s1 epoch100.pt done
  J_liot_s2 epoch010.pt done
  J_liot_s2 epoch020.pt done
  J_liot_s2 epoch030.pt done
  J_liot_s2 epoch040.pt done
  J_liot_s2 epoch050.pt done
  J_liot_s2 epoch060.pt done
  J_liot_s2 epoch070.pt done
  J_liot_s2 epoch080.pt done
  J_liot_s2 epoch090.pt done
  J_liot_s2 epoch100.pt done
  J_liot_s3 epoch010.pt done
  J_liot_s3 epoch020.pt done
  J_liot_s3 epoch030.pt done
  J_liot_s3 epoch040.pt done
  J_liot_s3 epoch050.pt done
  J_liot_s3 epoch060.pt done
  J_liot_s3 epoch070.pt done
  J_liot_s3 epoch080.pt done
  J_liot_s3 epoch090.pt done
  J_liot_s3 epoch100.pt done
  J_liot_s4 epoch010.pt done
  J_liot_s4 epoch020.pt done
  J_liot_s4 epoch030.pt done
  J_liot_s4 epoch040.pt done
  J_liot_s4 epoch050.pt done
  J_liot_s4 epoch060.pt done
  J_liot_s4 epoch070.pt done
  J_liot_s4 epoch080.pt done
  J_liot_s4 epoch090.pt done
  J_liot_s4 epoch100.pt done
  J_liot_s5 epoch010.pt done
  J_liot_s5 epoch020.pt done
  J_liot_s5 epoch030.pt done
  J_liot_s5 epoch040.pt done
  J_liot_s5 epoch050.pt done
  J_liot_s5 epoch060.pt done
  J_liot_s5 epoch070.pt done
  J_liot_s5 epoch080.pt done
  J_liot_s5 epoch090.pt done
  J_liot_s5 epoch100.pt done
  K_focal_aug_clw16_s0 epoch010.pt done
  K_focal_aug_clw16_s0 epoch020.pt done
  K_focal_aug_clw16_s0 epoch030.pt done
  K_focal_aug_clw16_s0 epoch040.pt done
  K_focal_aug_clw16_s0 epoch050.pt done
  K_focal_aug_clw16_s0 epoch060.pt done
  K_focal_aug_clw16_s0 epoch070.pt done
  K_focal_aug_clw16_s0 epoch080.pt done
  K_focal_aug_clw16_s0 epoch090.pt done
  K_focal_aug_clw16_s0 epoch100.pt done
  K_focal_aug_clw16_s1 epoch010.pt done
  K_focal_aug_clw16_s1 epoch020.pt done
  K_focal_aug_clw16_s1 epoch030.pt done
  K_focal_aug_clw16_s1 epoch040.pt done
  K_focal_aug_clw16_s1 epoch050.pt done
  K_focal_aug_clw16_s1 epoch060.pt done
  K_focal_aug_clw16_s1 epoch070.pt done
  K_focal_aug_clw16_s1 epoch080.pt done
  K_focal_aug_clw16_s1 epoch090.pt done
  K_focal_aug_clw16_s1 epoch100.pt done
  K_focal_aug_clw16_s10 epoch010.pt done
  K_focal_aug_clw16_s10 epoch020.pt done
  K_focal_aug_clw16_s10 epoch030.pt done
  K_focal_aug_clw16_s10 epoch040.pt done
  K_focal_aug_clw16_s10 epoch050.pt done
  K_focal_aug_clw16_s10 epoch060.pt done
  K_focal_aug_clw16_s10 epoch070.pt done
  K_focal_aug_clw16_s10 epoch080.pt done
  K_focal_aug_clw16_s10 epoch090.pt done
  K_focal_aug_clw16_s10 epoch100.pt done
  K_focal_aug_clw16_s11 epoch010.pt done
  K_focal_aug_clw16_s11 epoch020.pt done
  K_focal_aug_clw16_s11 epoch030.pt done
  K_focal_aug_clw16_s11 epoch040.pt done
  K_focal_aug_clw16_s11 epoch050.pt done
  K_focal_aug_clw16_s11 epoch060.pt done
  K_focal_aug_clw16_s11 epoch070.pt done
  K_focal_aug_clw16_s11 epoch080.pt done
  K_focal_aug_clw16_s11 epoch090.pt done
  K_focal_aug_clw16_s11 epoch100.pt done
  K_focal_aug_clw16_s2 epoch010.pt done
  K_focal_aug_clw16_s2 epoch020.pt done
  K_focal_aug_clw16_s2 epoch030.pt done
  K_focal_aug_clw16_s2 epoch040.pt done
  K_focal_aug_clw16_s2 epoch050.pt done
  K_focal_aug_clw16_s2 epoch060.pt done
  K_focal_aug_clw16_s2 epoch070.pt done
  K_focal_aug_clw16_s2 epoch080.pt done
  K_focal_aug_clw16_s2 epoch090.pt done
  K_focal_aug_clw16_s2 epoch100.pt done
  K_focal_aug_clw16_s3 epoch010.pt done
  K_focal_aug_clw16_s3 epoch020.pt done
  K_focal_aug_clw16_s3 epoch030.pt done
  K_focal_aug_clw16_s3 epoch040.pt done
  K_focal_aug_clw16_s3 epoch050.pt done
  K_focal_aug_clw16_s3 epoch060.pt done
  K_focal_aug_clw16_s3 epoch070.pt done
  K_focal_aug_clw16_s3 epoch080.pt done
  K_focal_aug_clw16_s3 epoch090.pt done
  K_focal_aug_clw16_s3 epoch100.pt done
  K_focal_aug_clw16_s4 epoch010.pt done
  K_focal_aug_clw16_s4 epoch020.pt done
  K_focal_aug_clw16_s4 epoch030.pt done
  K_focal_aug_clw16_s4 epoch040.pt done
  K_focal_aug_clw16_s4 epoch050.pt done
  K_focal_aug_clw16_s4 epoch060.pt done
  K_focal_aug_clw16_s4 epoch070.pt done
  K_focal_aug_clw16_s4 epoch080.pt done
  K_focal_aug_clw16_s4 epoch090.pt done
  K_focal_aug_clw16_s4 epoch100.pt done
  K_focal_aug_clw16_s5 epoch010.pt done
  K_focal_aug_clw16_s5 epoch020.pt done
  K_focal_aug_clw16_s5 epoch030.pt done
  K_focal_aug_clw16_s5 epoch040.pt done
  K_focal_aug_clw16_s5 epoch050.pt done
  K_focal_aug_clw16_s5 epoch060.pt done
  K_focal_aug_clw16_s5 epoch070.pt done
  K_focal_aug_clw16_s5 epoch080.pt done
  K_focal_aug_clw16_s5 epoch090.pt done
  K_focal_aug_clw16_s5 epoch100.pt done
  K_focal_aug_clw16_s6 epoch010.pt done
  K_focal_aug_clw16_s6 epoch020.pt done
  K_focal_aug_clw16_s6 epoch030.pt done
  K_focal_aug_clw16_s6 epoch040.pt done
  K_focal_aug_clw16_s6 epoch050.pt done
  K_focal_aug_clw16_s6 epoch060.pt done
  K_focal_aug_clw16_s6 epoch070.pt done
  K_focal_aug_clw16_s6 epoch080.pt done
  K_focal_aug_clw16_s6 epoch090.pt done
  K_focal_aug_clw16_s6 epoch100.pt done
  K_focal_aug_clw16_s7 epoch010.pt done
  K_focal_aug_clw16_s7 epoch020.pt done
  K_focal_aug_clw16_s7 epoch030.pt done
  K_focal_aug_clw16_s7 epoch040.pt done
  K_focal_aug_clw16_s7 epoch050.pt done
  K_focal_aug_clw16_s7 epoch060.pt done
  K_focal_aug_clw16_s7 epoch070.pt done
  K_focal_aug_clw16_s7 epoch080.pt done
  K_focal_aug_clw16_s7 epoch090.pt done
  K_focal_aug_clw16_s7 epoch100.pt done
  K_focal_aug_clw16_s8 epoch010.pt done
  K_focal_aug_clw16_s8 epoch020.pt done
  K_focal_aug_clw16_s8 epoch030.pt done
  K_focal_aug_clw16_s8 epoch040.pt done
  K_focal_aug_clw16_s8 epoch050.pt done
  K_focal_aug_clw16_s8 epoch060.pt done
  K_focal_aug_clw16_s8 epoch070.pt done
  K_focal_aug_clw16_s8 epoch080.pt done
  K_focal_aug_clw16_s8 epoch090.pt done
  K_focal_aug_clw16_s8 epoch100.pt done
  K_focal_aug_clw16_s9 epoch010.pt done
  K_focal_aug_clw16_s9 epoch020.pt done
  K_focal_aug_clw16_s9 epoch030.pt done
  K_focal_aug_clw16_s9 epoch040.pt done
  K_focal_aug_clw16_s9 epoch050.pt done
  K_focal_aug_clw16_s9 epoch060.pt done
  K_focal_aug_clw16_s9 epoch070.pt done
  K_focal_aug_clw16_s9 epoch080.pt done
  K_focal_aug_clw16_s9 epoch090.pt done
  K_focal_aug_clw16_s9 epoch100.pt done
  K_focal_aug_clw1_s0 epoch010.pt done
  K_focal_aug_clw1_s0 epoch020.pt done
  K_focal_aug_clw1_s0 epoch030.pt done
  K_focal_aug_clw1_s0 epoch040.pt done
  K_focal_aug_clw1_s0 epoch050.pt done
  K_focal_aug_clw1_s0 epoch060.pt done
  K_focal_aug_clw1_s0 epoch070.pt done
  K_focal_aug_clw1_s0 epoch080.pt done
  K_focal_aug_clw1_s0 epoch090.pt done
  K_focal_aug_clw1_s0 epoch100.pt done
  K_focal_aug_clw1_s1 epoch010.pt done
  K_focal_aug_clw1_s1 epoch020.pt done
  K_focal_aug_clw1_s1 epoch030.pt done
  K_focal_aug_clw1_s1 epoch040.pt done
  K_focal_aug_clw1_s1 epoch050.pt done
  K_focal_aug_clw1_s1 epoch060.pt done
  K_focal_aug_clw1_s1 epoch070.pt done
  K_focal_aug_clw1_s1 epoch080.pt done
  K_focal_aug_clw1_s1 epoch090.pt done
  K_focal_aug_clw1_s1 epoch100.pt done
  K_focal_aug_clw1_s10 epoch010.pt done
  K_focal_aug_clw1_s10 epoch020.pt done
  K_focal_aug_clw1_s10 epoch030.pt done
  K_focal_aug_clw1_s10 epoch040.pt done
  K_focal_aug_clw1_s10 epoch050.pt done
  K_focal_aug_clw1_s10 epoch060.pt done
  K_focal_aug_clw1_s10 epoch070.pt done
  K_focal_aug_clw1_s10 epoch080.pt done
  K_focal_aug_clw1_s10 epoch090.pt done
  K_focal_aug_clw1_s10 epoch100.pt done
  K_focal_aug_clw1_s11 epoch010.pt done
  K_focal_aug_clw1_s11 epoch020.pt done
  K_focal_aug_clw1_s11 epoch030.pt done
  K_focal_aug_clw1_s11 epoch040.pt done
  K_focal_aug_clw1_s11 epoch050.pt done
  K_focal_aug_clw1_s11 epoch060.pt done
  K_focal_aug_clw1_s11 epoch070.pt done
  K_focal_aug_clw1_s11 epoch080.pt done
  K_focal_aug_clw1_s11 epoch090.pt done
  K_focal_aug_clw1_s11 epoch100.pt done
  K_focal_aug_clw1_s2 epoch010.pt done
  K_focal_aug_clw1_s2 epoch020.pt done
  K_focal_aug_clw1_s2 epoch030.pt done
  K_focal_aug_clw1_s2 epoch040.pt done
  K_focal_aug_clw1_s2 epoch050.pt done
  K_focal_aug_clw1_s2 epoch060.pt done
  K_focal_aug_clw1_s2 epoch070.pt done
  K_focal_aug_clw1_s2 epoch080.pt done
  K_focal_aug_clw1_s2 epoch090.pt done
  K_focal_aug_clw1_s2 epoch100.pt done
  K_focal_aug_clw1_s3 epoch010.pt done
  K_focal_aug_clw1_s3 epoch020.pt done
  K_focal_aug_clw1_s3 epoch030.pt done
  K_focal_aug_clw1_s3 epoch040.pt done
  K_focal_aug_clw1_s3 epoch050.pt done
  K_focal_aug_clw1_s3 epoch060.pt done
  K_focal_aug_clw1_s3 epoch070.pt done
  K_focal_aug_clw1_s3 epoch080.pt done
  K_focal_aug_clw1_s3 epoch090.pt done
  K_focal_aug_clw1_s3 epoch100.pt done
  K_focal_aug_clw1_s4 epoch010.pt done
  K_focal_aug_clw1_s4 epoch020.pt done
  K_focal_aug_clw1_s4 epoch030.pt done
  K_focal_aug_clw1_s4 epoch040.pt done
  K_focal_aug_clw1_s4 epoch050.pt done
  K_focal_aug_clw1_s4 epoch060.pt done
  K_focal_aug_clw1_s4 epoch070.pt done
  K_focal_aug_clw1_s4 epoch080.pt done
  K_focal_aug_clw1_s4 epoch090.pt done
  K_focal_aug_clw1_s4 epoch100.pt done
  K_focal_aug_clw1_s5 epoch010.pt done
  K_focal_aug_clw1_s5 epoch020.pt done
  K_focal_aug_clw1_s5 epoch030.pt done
  K_focal_aug_clw1_s5 epoch040.pt done
  K_focal_aug_clw1_s5 epoch050.pt done
  K_focal_aug_clw1_s5 epoch060.pt done
  K_focal_aug_clw1_s5 epoch070.pt done
  K_focal_aug_clw1_s5 epoch080.pt done
  K_focal_aug_clw1_s5 epoch090.pt done
  K_focal_aug_clw1_s5 epoch100.pt done
  K_focal_aug_clw1_s6 epoch010.pt done
  K_focal_aug_clw1_s6 epoch020.pt done
  K_focal_aug_clw1_s6 epoch030.pt done
  K_focal_aug_clw1_s6 epoch040.pt done
  K_focal_aug_clw1_s6 epoch050.pt done
  K_focal_aug_clw1_s6 epoch060.pt done
  K_focal_aug_clw1_s6 epoch070.pt done
  K_focal_aug_clw1_s6 epoch080.pt done
  K_focal_aug_clw1_s6 epoch090.pt done
  K_focal_aug_clw1_s6 epoch100.pt done
  K_focal_aug_clw1_s7 epoch010.pt done
  K_focal_aug_clw1_s7 epoch020.pt done
  K_focal_aug_clw1_s7 epoch030.pt done
  K_focal_aug_clw1_s7 epoch040.pt done
  K_focal_aug_clw1_s7 epoch050.pt done
  K_focal_aug_clw1_s7 epoch060.pt done
  K_focal_aug_clw1_s7 epoch070.pt done
  K_focal_aug_clw1_s7 epoch080.pt done
  K_focal_aug_clw1_s7 epoch090.pt done
  K_focal_aug_clw1_s7 epoch100.pt done
  K_focal_aug_clw1_s8 epoch010.pt done
  K_focal_aug_clw1_s8 epoch020.pt done
  K_focal_aug_clw1_s8 epoch030.pt done
  K_focal_aug_clw1_s8 epoch040.pt done
  K_focal_aug_clw1_s8 epoch050.pt done
  K_focal_aug_clw1_s8 epoch060.pt done
  K_focal_aug_clw1_s8 epoch070.pt done
  K_focal_aug_clw1_s8 epoch080.pt done
  K_focal_aug_clw1_s8 epoch090.pt done
  K_focal_aug_clw1_s8 epoch100.pt done
  K_focal_aug_clw1_s9 epoch010.pt done
  K_focal_aug_clw1_s9 epoch020.pt done
  K_focal_aug_clw1_s9 epoch030.pt done
  K_focal_aug_clw1_s9 epoch040.pt done
  K_focal_aug_clw1_s9 epoch050.pt done
  K_focal_aug_clw1_s9 epoch060.pt done
  K_focal_aug_clw1_s9 epoch070.pt done
  K_focal_aug_clw1_s9 epoch080.pt done
  K_focal_aug_clw1_s9 epoch090.pt done
  K_focal_aug_clw1_s9 epoch100.pt done
  K_focal_aug_clw2_s0 epoch010.pt done
  K_focal_aug_clw2_s0 epoch020.pt done
  K_focal_aug_clw2_s0 epoch030.pt done
  K_focal_aug_clw2_s0 epoch040.pt done
  K_focal_aug_clw2_s0 epoch050.pt done
  K_focal_aug_clw2_s0 epoch060.pt done
  K_focal_aug_clw2_s0 epoch070.pt done
  K_focal_aug_clw2_s0 epoch080.pt done
  K_focal_aug_clw2_s0 epoch090.pt done
  K_focal_aug_clw2_s0 epoch100.pt done
  K_focal_aug_clw2_s1 epoch010.pt done
  K_focal_aug_clw2_s1 epoch020.pt done
  K_focal_aug_clw2_s1 epoch030.pt done
  K_focal_aug_clw2_s1 epoch040.pt done
  K_focal_aug_clw2_s1 epoch050.pt done
  K_focal_aug_clw2_s1 epoch060.pt done
  K_focal_aug_clw2_s1 epoch070.pt done
  K_focal_aug_clw2_s1 epoch080.pt done
  K_focal_aug_clw2_s1 epoch090.pt done
  K_focal_aug_clw2_s1 epoch100.pt done
  K_focal_aug_clw2_s10 epoch010.pt done
  K_focal_aug_clw2_s10 epoch020.pt done
  K_focal_aug_clw2_s10 epoch030.pt done
  K_focal_aug_clw2_s10 epoch040.pt done
  K_focal_aug_clw2_s10 epoch050.pt done
  K_focal_aug_clw2_s10 epoch060.pt done
  K_focal_aug_clw2_s10 epoch070.pt done
  K_focal_aug_clw2_s10 epoch080.pt done
  K_focal_aug_clw2_s10 epoch090.pt done
  K_focal_aug_clw2_s10 epoch100.pt done
  K_focal_aug_clw2_s11 epoch010.pt done
  K_focal_aug_clw2_s11 epoch020.pt done
  K_focal_aug_clw2_s11 epoch030.pt done
  K_focal_aug_clw2_s11 epoch040.pt done
  K_focal_aug_clw2_s11 epoch050.pt done
  K_focal_aug_clw2_s11 epoch060.pt done
  K_focal_aug_clw2_s11 epoch070.pt done
  K_focal_aug_clw2_s11 epoch080.pt done
  K_focal_aug_clw2_s11 epoch090.pt done
  K_focal_aug_clw2_s11 epoch100.pt done
  K_focal_aug_clw2_s2 epoch010.pt done
  K_focal_aug_clw2_s2 epoch020.pt done
  K_focal_aug_clw2_s2 epoch030.pt done
  K_focal_aug_clw2_s2 epoch040.pt done
  K_focal_aug_clw2_s2 epoch050.pt done
  K_focal_aug_clw2_s2 epoch060.pt done
  K_focal_aug_clw2_s2 epoch070.pt done
  K_focal_aug_clw2_s2 epoch080.pt done
  K_focal_aug_clw2_s2 epoch090.pt done
  K_focal_aug_clw2_s2 epoch100.pt done
  K_focal_aug_clw2_s3 epoch010.pt done
  K_focal_aug_clw2_s3 epoch020.pt done
  K_focal_aug_clw2_s3 epoch030.pt done
  K_focal_aug_clw2_s3 epoch040.pt done
  K_focal_aug_clw2_s3 epoch050.pt done
  K_focal_aug_clw2_s3 epoch060.pt done
  K_focal_aug_clw2_s3 epoch070.pt done
  K_focal_aug_clw2_s3 epoch080.pt done
  K_focal_aug_clw2_s3 epoch090.pt done
  K_focal_aug_clw2_s3 epoch100.pt done
  K_focal_aug_clw2_s4 epoch010.pt done
  K_focal_aug_clw2_s4 epoch020.pt done
  K_focal_aug_clw2_s4 epoch030.pt done
  K_focal_aug_clw2_s4 epoch040.pt done
  K_focal_aug_clw2_s4 epoch050.pt done
  K_focal_aug_clw2_s4 epoch060.pt done
  K_focal_aug_clw2_s4 epoch070.pt done
  K_focal_aug_clw2_s4 epoch080.pt done
  K_focal_aug_clw2_s4 epoch090.pt done
  K_focal_aug_clw2_s4 epoch100.pt done
  K_focal_aug_clw2_s5 epoch010.pt done
  K_focal_aug_clw2_s5 epoch020.pt done
  K_focal_aug_clw2_s5 epoch030.pt done
  K_focal_aug_clw2_s5 epoch040.pt done
  K_focal_aug_clw2_s5 epoch050.pt done
  K_focal_aug_clw2_s5 epoch060.pt done
  K_focal_aug_clw2_s5 epoch070.pt done
  K_focal_aug_clw2_s5 epoch080.pt done
  K_focal_aug_clw2_s5 epoch090.pt done
  K_focal_aug_clw2_s5 epoch100.pt done
  K_focal_aug_clw2_s6 epoch010.pt done
  K_focal_aug_clw2_s6 epoch020.pt done
  K_focal_aug_clw2_s6 epoch030.pt done
  K_focal_aug_clw2_s6 epoch040.pt done
  K_focal_aug_clw2_s6 epoch050.pt done
  K_focal_aug_clw2_s6 epoch060.pt done
  K_focal_aug_clw2_s6 epoch070.pt done
  K_focal_aug_clw2_s6 epoch080.pt done
  K_focal_aug_clw2_s6 epoch090.pt done
  K_focal_aug_clw2_s6 epoch100.pt done
  K_focal_aug_clw2_s7 epoch010.pt done
  K_focal_aug_clw2_s7 epoch020.pt done
  K_focal_aug_clw2_s7 epoch030.pt done
  K_focal_aug_clw2_s7 epoch040.pt done
  K_focal_aug_clw2_s7 epoch050.pt done
  K_focal_aug_clw2_s7 epoch060.pt done
  K_focal_aug_clw2_s7 epoch070.pt done
  K_focal_aug_clw2_s7 epoch080.pt done
  K_focal_aug_clw2_s7 epoch090.pt done
  K_focal_aug_clw2_s7 epoch100.pt done
  K_focal_aug_clw2_s8 epoch010.pt done
  K_focal_aug_clw2_s8 epoch020.pt done
  K_focal_aug_clw2_s8 epoch030.pt done
  K_focal_aug_clw2_s8 epoch040.pt done
  K_focal_aug_clw2_s8 epoch050.pt done
  K_focal_aug_clw2_s8 epoch060.pt done
  K_focal_aug_clw2_s8 epoch070.pt done
  K_focal_aug_clw2_s8 epoch080.pt done
  K_focal_aug_clw2_s8 epoch090.pt done
  K_focal_aug_clw2_s8 epoch100.pt done
  K_focal_aug_clw2_s9 epoch010.pt done
  K_focal_aug_clw2_s9 epoch020.pt done
  K_focal_aug_clw2_s9 epoch030.pt done
  K_focal_aug_clw2_s9 epoch040.pt done
  K_focal_aug_clw2_s9 epoch050.pt done
  K_focal_aug_clw2_s9 epoch060.pt done
  K_focal_aug_clw2_s9 epoch070.pt done
  K_focal_aug_clw2_s9 epoch080.pt done
  K_focal_aug_clw2_s9 epoch090.pt done
  K_focal_aug_clw2_s9 epoch100.pt done
  K_focal_aug_clw32_s0 epoch010.pt done
  K_focal_aug_clw32_s0 epoch020.pt done
  K_focal_aug_clw32_s0 epoch030.pt done
  K_focal_aug_clw32_s0 epoch040.pt done
  K_focal_aug_clw32_s0 epoch050.pt done
  K_focal_aug_clw32_s0 epoch060.pt done
  K_focal_aug_clw32_s0 epoch070.pt done
  K_focal_aug_clw32_s0 epoch080.pt done
  K_focal_aug_clw32_s0 epoch090.pt done
  K_focal_aug_clw32_s0 epoch100.pt done
  K_focal_aug_clw32_s1 epoch010.pt done
  K_focal_aug_clw32_s1 epoch020.pt done
  K_focal_aug_clw32_s1 epoch030.pt done
  K_focal_aug_clw32_s1 epoch040.pt done
  K_focal_aug_clw32_s1 epoch050.pt done
  K_focal_aug_clw32_s1 epoch060.pt done
  K_focal_aug_clw32_s1 epoch070.pt done
  K_focal_aug_clw32_s1 epoch080.pt done
  K_focal_aug_clw32_s1 epoch090.pt done
  K_focal_aug_clw32_s1 epoch100.pt done
  K_focal_aug_clw32_s10 epoch010.pt done
  K_focal_aug_clw32_s10 epoch020.pt done
  K_focal_aug_clw32_s10 epoch030.pt done
  K_focal_aug_clw32_s10 epoch040.pt done
  K_focal_aug_clw32_s10 epoch050.pt done
  K_focal_aug_clw32_s10 epoch060.pt done
  K_focal_aug_clw32_s10 epoch070.pt done
  K_focal_aug_clw32_s10 epoch080.pt done
  K_focal_aug_clw32_s10 epoch090.pt done
  K_focal_aug_clw32_s10 epoch100.pt done
  K_focal_aug_clw32_s11 epoch010.pt done
  K_focal_aug_clw32_s11 epoch020.pt done
  K_focal_aug_clw32_s11 epoch030.pt done
  K_focal_aug_clw32_s11 epoch040.pt done
  K_focal_aug_clw32_s11 epoch050.pt done
  K_focal_aug_clw32_s11 epoch060.pt done
  K_focal_aug_clw32_s11 epoch070.pt done
  K_focal_aug_clw32_s11 epoch080.pt done
  K_focal_aug_clw32_s11 epoch090.pt done
  K_focal_aug_clw32_s11 epoch100.pt done
  K_focal_aug_clw32_s2 epoch010.pt done
  K_focal_aug_clw32_s2 epoch020.pt done
  K_focal_aug_clw32_s2 epoch030.pt done
  K_focal_aug_clw32_s2 epoch040.pt done
  K_focal_aug_clw32_s2 epoch050.pt done
  K_focal_aug_clw32_s2 epoch060.pt done
  K_focal_aug_clw32_s2 epoch070.pt done
  K_focal_aug_clw32_s2 epoch080.pt done
  K_focal_aug_clw32_s2 epoch090.pt done
  K_focal_aug_clw32_s2 epoch100.pt done
  K_focal_aug_clw32_s3 epoch010.pt done
  K_focal_aug_clw32_s3 epoch020.pt done
  K_focal_aug_clw32_s3 epoch030.pt done
  K_focal_aug_clw32_s3 epoch040.pt done
  K_focal_aug_clw32_s3 epoch050.pt done
  K_focal_aug_clw32_s3 epoch060.pt done
  K_focal_aug_clw32_s3 epoch070.pt done
  K_focal_aug_clw32_s3 epoch080.pt done
  K_focal_aug_clw32_s3 epoch090.pt done
  K_focal_aug_clw32_s3 epoch100.pt done
  K_focal_aug_clw32_s4 epoch010.pt done
  K_focal_aug_clw32_s4 epoch020.pt done
  K_focal_aug_clw32_s4 epoch030.pt done
  K_focal_aug_clw32_s4 epoch040.pt done
  K_focal_aug_clw32_s4 epoch050.pt done
  K_focal_aug_clw32_s4 epoch060.pt done
  K_focal_aug_clw32_s4 epoch070.pt done
  K_focal_aug_clw32_s4 epoch080.pt done
  K_focal_aug_clw32_s4 epoch090.pt done
  K_focal_aug_clw32_s4 epoch100.pt done
  K_focal_aug_clw32_s5 epoch010.pt done
  K_focal_aug_clw32_s5 epoch020.pt done
  K_focal_aug_clw32_s5 epoch030.pt done
  K_focal_aug_clw32_s5 epoch040.pt done
  K_focal_aug_clw32_s5 epoch050.pt done
  K_focal_aug_clw32_s5 epoch060.pt done
  K_focal_aug_clw32_s5 epoch070.pt done
  K_focal_aug_clw32_s5 epoch080.pt done
  K_focal_aug_clw32_s5 epoch090.pt done
  K_focal_aug_clw32_s5 epoch100.pt done
  K_focal_aug_clw32_s6 epoch010.pt done
  K_focal_aug_clw32_s6 epoch020.pt done
  K_focal_aug_clw32_s6 epoch030.pt done
  K_focal_aug_clw32_s6 epoch040.pt done
  K_focal_aug_clw32_s6 epoch050.pt done
  K_focal_aug_clw32_s6 epoch060.pt done
  K_focal_aug_clw32_s6 epoch070.pt done
  K_focal_aug_clw32_s6 epoch080.pt done
  K_focal_aug_clw32_s6 epoch090.pt done
  K_focal_aug_clw32_s6 epoch100.pt done
  K_focal_aug_clw32_s7 epoch010.pt done
  K_focal_aug_clw32_s7 epoch020.pt done
  K_focal_aug_clw32_s7 epoch030.pt done
  K_focal_aug_clw32_s7 epoch040.pt done
  K_focal_aug_clw32_s7 epoch050.pt done
  K_focal_aug_clw32_s7 epoch060.pt done
  K_focal_aug_clw32_s7 epoch070.pt done
  K_focal_aug_clw32_s7 epoch080.pt done
  K_focal_aug_clw32_s7 epoch090.pt done
  K_focal_aug_clw32_s7 epoch100.pt done
  K_focal_aug_clw32_s8 epoch010.pt done
  K_focal_aug_clw32_s8 epoch020.pt done
  K_focal_aug_clw32_s8 epoch030.pt done
  K_focal_aug_clw32_s8 epoch040.pt done
  K_focal_aug_clw32_s8 epoch050.pt done
  K_focal_aug_clw32_s8 epoch060.pt done
  K_focal_aug_clw32_s8 epoch070.pt done
  K_focal_aug_clw32_s8 epoch080.pt done
  K_focal_aug_clw32_s8 epoch090.pt done
  K_focal_aug_clw32_s8 epoch100.pt done
  K_focal_aug_clw32_s9 epoch010.pt done
  K_focal_aug_clw32_s9 epoch020.pt done
  K_focal_aug_clw32_s9 epoch030.pt done
  K_focal_aug_clw32_s9 epoch040.pt done
  K_focal_aug_clw32_s9 epoch050.pt done
  K_focal_aug_clw32_s9 epoch060.pt done
  K_focal_aug_clw32_s9 epoch070.pt done
  K_focal_aug_clw32_s9 epoch080.pt done
  K_focal_aug_clw32_s9 epoch090.pt done
  K_focal_aug_clw32_s9 epoch100.pt done
  K_focal_aug_clw4_s0 epoch010.pt done
  K_focal_aug_clw4_s0 epoch020.pt done
  K_focal_aug_clw4_s0 epoch030.pt done
  K_focal_aug_clw4_s0 epoch040.pt done
  K_focal_aug_clw4_s0 epoch050.pt done
  K_focal_aug_clw4_s0 epoch060.pt done
  K_focal_aug_clw4_s0 epoch070.pt done
  K_focal_aug_clw4_s0 epoch080.pt done
  K_focal_aug_clw4_s0 epoch090.pt done
  K_focal_aug_clw4_s0 epoch100.pt done
  K_focal_aug_clw4_s1 epoch010.pt done
  K_focal_aug_clw4_s1 epoch020.pt done
  K_focal_aug_clw4_s1 epoch030.pt done
  K_focal_aug_clw4_s1 epoch040.pt done
  K_focal_aug_clw4_s1 epoch050.pt done
  K_focal_aug_clw4_s1 epoch060.pt done
  K_focal_aug_clw4_s1 epoch070.pt done
  K_focal_aug_clw4_s1 epoch080.pt done
  K_focal_aug_clw4_s1 epoch090.pt done
  K_focal_aug_clw4_s1 epoch100.pt done
  K_focal_aug_clw4_s10 epoch010.pt done
  K_focal_aug_clw4_s10 epoch020.pt done
  K_focal_aug_clw4_s10 epoch030.pt done
  K_focal_aug_clw4_s10 epoch040.pt done
  K_focal_aug_clw4_s10 epoch050.pt done
  K_focal_aug_clw4_s10 epoch060.pt done
  K_focal_aug_clw4_s10 epoch070.pt done
  K_focal_aug_clw4_s10 epoch080.pt done
  K_focal_aug_clw4_s10 epoch090.pt done
  K_focal_aug_clw4_s10 epoch100.pt done
  K_focal_aug_clw4_s11 epoch010.pt done
  K_focal_aug_clw4_s11 epoch020.pt done
  K_focal_aug_clw4_s11 epoch030.pt done
  K_focal_aug_clw4_s11 epoch040.pt done
  K_focal_aug_clw4_s11 epoch050.pt done
  K_focal_aug_clw4_s11 epoch060.pt done
  K_focal_aug_clw4_s11 epoch070.pt done
  K_focal_aug_clw4_s11 epoch080.pt done
  K_focal_aug_clw4_s11 epoch090.pt done
  K_focal_aug_clw4_s11 epoch100.pt done
  K_focal_aug_clw4_s2 epoch010.pt done
  K_focal_aug_clw4_s2 epoch020.pt done
  K_focal_aug_clw4_s2 epoch030.pt done
  K_focal_aug_clw4_s2 epoch040.pt done
  K_focal_aug_clw4_s2 epoch050.pt done
  K_focal_aug_clw4_s2 epoch060.pt done
  K_focal_aug_clw4_s2 epoch070.pt done
  K_focal_aug_clw4_s2 epoch080.pt done
  K_focal_aug_clw4_s2 epoch090.pt done
  K_focal_aug_clw4_s2 epoch100.pt done
  K_focal_aug_clw4_s3 epoch010.pt done
  K_focal_aug_clw4_s3 epoch020.pt done
  K_focal_aug_clw4_s3 epoch030.pt done
  K_focal_aug_clw4_s3 epoch040.pt done
  K_focal_aug_clw4_s3 epoch050.pt done
  K_focal_aug_clw4_s3 epoch060.pt done
  K_focal_aug_clw4_s3 epoch070.pt done
  K_focal_aug_clw4_s3 epoch080.pt done
  K_focal_aug_clw4_s3 epoch090.pt done
  K_focal_aug_clw4_s3 epoch100.pt done
  K_focal_aug_clw4_s4 epoch010.pt done
  K_focal_aug_clw4_s4 epoch020.pt done
  K_focal_aug_clw4_s4 epoch030.pt done
  K_focal_aug_clw4_s4 epoch040.pt done
  K_focal_aug_clw4_s4 epoch050.pt done
  K_focal_aug_clw4_s4 epoch060.pt done
  K_focal_aug_clw4_s4 epoch070.pt done
  K_focal_aug_clw4_s4 epoch080.pt done
  K_focal_aug_clw4_s4 epoch090.pt done
  K_focal_aug_clw4_s4 epoch100.pt done
  K_focal_aug_clw4_s5 epoch010.pt done
  K_focal_aug_clw4_s5 epoch020.pt done
  K_focal_aug_clw4_s5 epoch030.pt done
  K_focal_aug_clw4_s5 epoch040.pt done
  K_focal_aug_clw4_s5 epoch050.pt done
  K_focal_aug_clw4_s5 epoch060.pt done
  K_focal_aug_clw4_s5 epoch070.pt done
  K_focal_aug_clw4_s5 epoch080.pt done
  K_focal_aug_clw4_s5 epoch090.pt done
  K_focal_aug_clw4_s5 epoch100.pt done
  K_focal_aug_clw4_s6 epoch010.pt done
  K_focal_aug_clw4_s6 epoch020.pt done
  K_focal_aug_clw4_s6 epoch030.pt done
  K_focal_aug_clw4_s6 epoch040.pt done
  K_focal_aug_clw4_s6 epoch050.pt done
  K_focal_aug_clw4_s6 epoch060.pt done
  K_focal_aug_clw4_s6 epoch070.pt done
  K_focal_aug_clw4_s6 epoch080.pt done
  K_focal_aug_clw4_s6 epoch090.pt done
  K_focal_aug_clw4_s6 epoch100.pt done
  K_focal_aug_clw4_s7 epoch010.pt done
  K_focal_aug_clw4_s7 epoch020.pt done
  K_focal_aug_clw4_s7 epoch030.pt done
  K_focal_aug_clw4_s7 epoch040.pt done
  K_focal_aug_clw4_s7 epoch050.pt done
  K_focal_aug_clw4_s7 epoch060.pt done
  K_focal_aug_clw4_s7 epoch070.pt done
  K_focal_aug_clw4_s7 epoch080.pt done
  K_focal_aug_clw4_s7 epoch090.pt done
  K_focal_aug_clw4_s7 epoch100.pt done
  K_focal_aug_clw4_s8 epoch010.pt done
  K_focal_aug_clw4_s8 epoch020.pt done
  K_focal_aug_clw4_s8 epoch030.pt done
  K_focal_aug_clw4_s8 epoch040.pt done
  K_focal_aug_clw4_s8 epoch050.pt done
  K_focal_aug_clw4_s8 epoch060.pt done
  K_focal_aug_clw4_s8 epoch070.pt done
  K_focal_aug_clw4_s8 epoch080.pt done
  K_focal_aug_clw4_s8 epoch090.pt done
  K_focal_aug_clw4_s8 epoch100.pt done
  K_focal_aug_clw4_s9 epoch010.pt done
  K_focal_aug_clw4_s9 epoch020.pt done
  K_focal_aug_clw4_s9 epoch030.pt done
  K_focal_aug_clw4_s9 epoch040.pt done
  K_focal_aug_clw4_s9 epoch050.pt done
  K_focal_aug_clw4_s9 epoch060.pt done
  K_focal_aug_clw4_s9 epoch070.pt done
  K_focal_aug_clw4_s9 epoch080.pt done
  K_focal_aug_clw4_s9 epoch090.pt done
  K_focal_aug_clw4_s9 epoch100.pt done
  K_focal_aug_clw64_s0 epoch010.pt done
  K_focal_aug_clw64_s0 epoch020.pt done
  K_focal_aug_clw64_s0 epoch030.pt done
  K_focal_aug_clw64_s0 epoch040.pt done
  K_focal_aug_clw64_s0 epoch050.pt done
  K_focal_aug_clw64_s0 epoch060.pt done
  K_focal_aug_clw64_s0 epoch070.pt done
  K_focal_aug_clw64_s0 epoch080.pt done
  K_focal_aug_clw64_s0 epoch090.pt done
  K_focal_aug_clw64_s0 epoch100.pt done
  K_focal_aug_clw64_s1 epoch010.pt done
  K_focal_aug_clw64_s1 epoch020.pt done
  K_focal_aug_clw64_s1 epoch030.pt done
  K_focal_aug_clw64_s1 epoch040.pt done
  K_focal_aug_clw64_s1 epoch050.pt done
  K_focal_aug_clw64_s1 epoch060.pt done
  K_focal_aug_clw64_s1 epoch070.pt done
  K_focal_aug_clw64_s1 epoch080.pt done
  K_focal_aug_clw64_s1 epoch090.pt done
  K_focal_aug_clw64_s1 epoch100.pt done
  K_focal_aug_clw64_s10 epoch010.pt done
  K_focal_aug_clw64_s10 epoch020.pt done
  K_focal_aug_clw64_s10 epoch030.pt done
  K_focal_aug_clw64_s10 epoch040.pt done
  K_focal_aug_clw64_s10 epoch050.pt done
  K_focal_aug_clw64_s10 epoch060.pt done
  K_focal_aug_clw64_s10 epoch070.pt done
  K_focal_aug_clw64_s10 epoch080.pt done
  K_focal_aug_clw64_s10 epoch090.pt done
  K_focal_aug_clw64_s10 epoch100.pt done
  K_focal_aug_clw64_s11 epoch010.pt done
  K_focal_aug_clw64_s11 epoch020.pt done
  K_focal_aug_clw64_s11 epoch030.pt done
  K_focal_aug_clw64_s11 epoch040.pt done
  K_focal_aug_clw64_s11 epoch050.pt done
  K_focal_aug_clw64_s11 epoch060.pt done
  K_focal_aug_clw64_s11 epoch070.pt done
  K_focal_aug_clw64_s11 epoch080.pt done
  K_focal_aug_clw64_s11 epoch090.pt done
  K_focal_aug_clw64_s11 epoch100.pt done
  K_focal_aug_clw64_s2 epoch010.pt done
  K_focal_aug_clw64_s2 epoch020.pt done
  K_focal_aug_clw64_s2 epoch030.pt done
  K_focal_aug_clw64_s2 epoch040.pt done
  K_focal_aug_clw64_s2 epoch050.pt done
  K_focal_aug_clw64_s2 epoch060.pt done
  K_focal_aug_clw64_s2 epoch070.pt done
  K_focal_aug_clw64_s2 epoch080.pt done
  K_focal_aug_clw64_s2 epoch090.pt done
  K_focal_aug_clw64_s2 epoch100.pt done
  K_focal_aug_clw64_s3 epoch010.pt done
  K_focal_aug_clw64_s3 epoch020.pt done
  K_focal_aug_clw64_s3 epoch030.pt done
  K_focal_aug_clw64_s3 epoch040.pt done
  K_focal_aug_clw64_s3 epoch050.pt done
  K_focal_aug_clw64_s3 epoch060.pt done
  K_focal_aug_clw64_s3 epoch070.pt done
  K_focal_aug_clw64_s3 epoch080.pt done
  K_focal_aug_clw64_s3 epoch090.pt done
  K_focal_aug_clw64_s3 epoch100.pt done
  K_focal_aug_clw64_s4 epoch010.pt done
  K_focal_aug_clw64_s4 epoch020.pt done
  K_focal_aug_clw64_s4 epoch030.pt done
  K_focal_aug_clw64_s4 epoch040.pt done
  K_focal_aug_clw64_s4 epoch050.pt done
  K_focal_aug_clw64_s4 epoch060.pt done
  K_focal_aug_clw64_s4 epoch070.pt done
  K_focal_aug_clw64_s4 epoch080.pt done
  K_focal_aug_clw64_s4 epoch090.pt done
  K_focal_aug_clw64_s4 epoch100.pt done
  K_focal_aug_clw64_s5 epoch010.pt done
  K_focal_aug_clw64_s5 epoch020.pt done
  K_focal_aug_clw64_s5 epoch030.pt done
  K_focal_aug_clw64_s5 epoch040.pt done
  K_focal_aug_clw64_s5 epoch050.pt done
  K_focal_aug_clw64_s5 epoch060.pt done
  K_focal_aug_clw64_s5 epoch070.pt done
  K_focal_aug_clw64_s5 epoch080.pt done
  K_focal_aug_clw64_s5 epoch090.pt done
  K_focal_aug_clw64_s5 epoch100.pt done
  K_focal_aug_clw64_s6 epoch010.pt done
  K_focal_aug_clw64_s6 epoch020.pt done
  K_focal_aug_clw64_s6 epoch030.pt done
  K_focal_aug_clw64_s6 epoch040.pt done
  K_focal_aug_clw64_s6 epoch050.pt done
  K_focal_aug_clw64_s6 epoch060.pt done
  K_focal_aug_clw64_s6 epoch070.pt done
  K_focal_aug_clw64_s6 epoch080.pt done
  K_focal_aug_clw64_s6 epoch090.pt done
  K_focal_aug_clw64_s6 epoch100.pt done
  K_focal_aug_clw64_s7 epoch010.pt done
  K_focal_aug_clw64_s7 epoch020.pt done
  K_focal_aug_clw64_s7 epoch030.pt done
  K_focal_aug_clw64_s7 epoch040.pt done
  K_focal_aug_clw64_s7 epoch050.pt done
  K_focal_aug_clw64_s7 epoch060.pt done
  K_focal_aug_clw64_s7 epoch070.pt done
  K_focal_aug_clw64_s7 epoch080.pt done
  K_focal_aug_clw64_s7 epoch090.pt done
  K_focal_aug_clw64_s7 epoch100.pt done
  K_focal_aug_clw64_s8 epoch010.pt done
  K_focal_aug_clw64_s8 epoch020.pt done
  K_focal_aug_clw64_s8 epoch030.pt done
  K_focal_aug_clw64_s8 epoch040.pt done
  K_focal_aug_clw64_s8 epoch050.pt done
  K_focal_aug_clw64_s8 epoch060.pt done
  K_focal_aug_clw64_s8 epoch070.pt done
  K_focal_aug_clw64_s8 epoch080.pt done
  K_focal_aug_clw64_s8 epoch090.pt done
  K_focal_aug_clw64_s8 epoch100.pt done
  K_focal_aug_clw64_s9 epoch010.pt done
  K_focal_aug_clw64_s9 epoch020.pt done
  K_focal_aug_clw64_s9 epoch030.pt done
  K_focal_aug_clw64_s9 epoch040.pt done
  K_focal_aug_clw64_s9 epoch050.pt done
  K_focal_aug_clw64_s9 epoch060.pt done
  K_focal_aug_clw64_s9 epoch070.pt done
  K_focal_aug_clw64_s9 epoch080.pt done
  K_focal_aug_clw64_s9 epoch090.pt done
  K_focal_aug_clw64_s9 epoch100.pt done
  K_focal_aug_clw8_s0 epoch010.pt done
  K_focal_aug_clw8_s0 epoch020.pt done
  K_focal_aug_clw8_s0 epoch030.pt done
  K_focal_aug_clw8_s0 epoch040.pt done
  K_focal_aug_clw8_s0 epoch050.pt done
  K_focal_aug_clw8_s0 epoch060.pt done
  K_focal_aug_clw8_s0 epoch070.pt done
  K_focal_aug_clw8_s0 epoch080.pt done
  K_focal_aug_clw8_s0 epoch090.pt done
  K_focal_aug_clw8_s0 epoch100.pt done
  K_focal_aug_clw8_s1 epoch010.pt done
  K_focal_aug_clw8_s1 epoch020.pt done
  K_focal_aug_clw8_s1 epoch030.pt done
  K_focal_aug_clw8_s1 epoch040.pt done
  K_focal_aug_clw8_s1 epoch050.pt done
  K_focal_aug_clw8_s1 epoch060.pt done
  K_focal_aug_clw8_s1 epoch070.pt done
  K_focal_aug_clw8_s1 epoch080.pt done
  K_focal_aug_clw8_s1 epoch090.pt done
  K_focal_aug_clw8_s1 epoch100.pt done
  K_focal_aug_clw8_s10 epoch010.pt done
  K_focal_aug_clw8_s10 epoch020.pt done
  K_focal_aug_clw8_s10 epoch030.pt done
  K_focal_aug_clw8_s10 epoch040.pt done
  K_focal_aug_clw8_s10 epoch050.pt done
  K_focal_aug_clw8_s10 epoch060.pt done
  K_focal_aug_clw8_s10 epoch070.pt done
  K_focal_aug_clw8_s10 epoch080.pt done
  K_focal_aug_clw8_s10 epoch090.pt done
  K_focal_aug_clw8_s10 epoch100.pt done
  K_focal_aug_clw8_s11 epoch010.pt done
  K_focal_aug_clw8_s11 epoch020.pt done
  K_focal_aug_clw8_s11 epoch030.pt done
  K_focal_aug_clw8_s11 epoch040.pt done
  K_focal_aug_clw8_s11 epoch050.pt done
  K_focal_aug_clw8_s11 epoch060.pt done
  K_focal_aug_clw8_s11 epoch070.pt done
  K_focal_aug_clw8_s11 epoch080.pt done
  K_focal_aug_clw8_s11 epoch090.pt done
  K_focal_aug_clw8_s11 epoch100.pt done
  K_focal_aug_clw8_s2 epoch010.pt done
  K_focal_aug_clw8_s2 epoch020.pt done
  K_focal_aug_clw8_s2 epoch030.pt done
  K_focal_aug_clw8_s2 epoch040.pt done
  K_focal_aug_clw8_s2 epoch050.pt done
  K_focal_aug_clw8_s2 epoch060.pt done
  K_focal_aug_clw8_s2 epoch070.pt done
  K_focal_aug_clw8_s2 epoch080.pt done
  K_focal_aug_clw8_s2 epoch090.pt done
  K_focal_aug_clw8_s2 epoch100.pt done
  K_focal_aug_clw8_s3 epoch010.pt done
  K_focal_aug_clw8_s3 epoch020.pt done
  K_focal_aug_clw8_s3 epoch030.pt done
  K_focal_aug_clw8_s3 epoch040.pt done
  K_focal_aug_clw8_s3 epoch050.pt done
  K_focal_aug_clw8_s3 epoch060.pt done
  K_focal_aug_clw8_s3 epoch070.pt done
  K_focal_aug_clw8_s3 epoch080.pt done
  K_focal_aug_clw8_s3 epoch090.pt done
  K_focal_aug_clw8_s3 epoch100.pt done
  K_focal_aug_clw8_s4 epoch010.pt done
  K_focal_aug_clw8_s4 epoch020.pt done
  K_focal_aug_clw8_s4 epoch030.pt done
  K_focal_aug_clw8_s4 epoch040.pt done
  K_focal_aug_clw8_s4 epoch050.pt done
  K_focal_aug_clw8_s4 epoch060.pt done
  K_focal_aug_clw8_s4 epoch070.pt done
  K_focal_aug_clw8_s4 epoch080.pt done
  K_focal_aug_clw8_s4 epoch090.pt done
  K_focal_aug_clw8_s4 epoch100.pt done
  K_focal_aug_clw8_s5 epoch010.pt done
  K_focal_aug_clw8_s5 epoch020.pt done
  K_focal_aug_clw8_s5 epoch030.pt done
  K_focal_aug_clw8_s5 epoch040.pt done
  K_focal_aug_clw8_s5 epoch050.pt done
  K_focal_aug_clw8_s5 epoch060.pt done
  K_focal_aug_clw8_s5 epoch070.pt done
  K_focal_aug_clw8_s5 epoch080.pt done
  K_focal_aug_clw8_s5 epoch090.pt done
  K_focal_aug_clw8_s5 epoch100.pt done
  K_focal_aug_clw8_s6 epoch010.pt done
  K_focal_aug_clw8_s6 epoch020.pt done
  K_focal_aug_clw8_s6 epoch030.pt done
  K_focal_aug_clw8_s6 epoch040.pt done
  K_focal_aug_clw8_s6 epoch050.pt done
  K_focal_aug_clw8_s6 epoch060.pt done
  K_focal_aug_clw8_s6 epoch070.pt done
  K_focal_aug_clw8_s6 epoch080.pt done
  K_focal_aug_clw8_s6 epoch090.pt done
  K_focal_aug_clw8_s6 epoch100.pt done
  K_focal_aug_clw8_s7 epoch010.pt done
  K_focal_aug_clw8_s7 epoch020.pt done
  K_focal_aug_clw8_s7 epoch030.pt done
  K_focal_aug_clw8_s7 epoch040.pt done
  K_focal_aug_clw8_s7 epoch050.pt done
  K_focal_aug_clw8_s7 epoch060.pt done
  K_focal_aug_clw8_s7 epoch070.pt done
  K_focal_aug_clw8_s7 epoch080.pt done
  K_focal_aug_clw8_s7 epoch090.pt done
  K_focal_aug_clw8_s7 epoch100.pt done
  K_focal_aug_clw8_s8 epoch010.pt done
  K_focal_aug_clw8_s8 epoch020.pt done
  K_focal_aug_clw8_s8 epoch030.pt done
  K_focal_aug_clw8_s8 epoch040.pt done
  K_focal_aug_clw8_s8 epoch050.pt done
  K_focal_aug_clw8_s8 epoch060.pt done
  K_focal_aug_clw8_s8 epoch070.pt done
  K_focal_aug_clw8_s8 epoch080.pt done
  K_focal_aug_clw8_s8 epoch090.pt done
  K_focal_aug_clw8_s8 epoch100.pt done
  K_focal_aug_clw8_s9 epoch010.pt done
  K_focal_aug_clw8_s9 epoch020.pt done
  K_focal_aug_clw8_s9 epoch030.pt done
  K_focal_aug_clw8_s9 epoch040.pt done
  K_focal_aug_clw8_s9 epoch050.pt done
  K_focal_aug_clw8_s9 epoch060.pt done
  K_focal_aug_clw8_s9 epoch070.pt done
  K_focal_aug_clw8_s9 epoch080.pt done
  K_focal_aug_clw8_s9 epoch090.pt done
  K_focal_aug_clw8_s9 epoch100.pt done
  K_focal_aug_s0 epoch010.pt done
  K_focal_aug_s0 epoch020.pt done
  K_focal_aug_s0 epoch030.pt done
  K_focal_aug_s0 epoch040.pt done
  K_focal_aug_s0 epoch050.pt done
  K_focal_aug_s0 epoch060.pt done
  K_focal_aug_s0 epoch070.pt done
  K_focal_aug_s0 epoch080.pt done
  K_focal_aug_s0 epoch090.pt done
  K_focal_aug_s0 epoch100.pt done
  K_focal_aug_s1 epoch010.pt done
  K_focal_aug_s1 epoch020.pt done
  K_focal_aug_s1 epoch030.pt done
  K_focal_aug_s1 epoch040.pt done
  K_focal_aug_s1 epoch050.pt done
  K_focal_aug_s1 epoch060.pt done
  K_focal_aug_s1 epoch070.pt done
  K_focal_aug_s1 epoch080.pt done
  K_focal_aug_s1 epoch090.pt done
  K_focal_aug_s1 epoch100.pt done
  K_focal_aug_s10 epoch010.pt done
  K_focal_aug_s10 epoch020.pt done
  K_focal_aug_s10 epoch030.pt done
  K_focal_aug_s10 epoch040.pt done
  K_focal_aug_s10 epoch050.pt done
  K_focal_aug_s10 epoch060.pt done
  K_focal_aug_s10 epoch070.pt done
  K_focal_aug_s10 epoch080.pt done
  K_focal_aug_s10 epoch090.pt done
  K_focal_aug_s10 epoch100.pt done
  K_focal_aug_s11 epoch010.pt done
  K_focal_aug_s11 epoch020.pt done
  K_focal_aug_s11 epoch030.pt done
  K_focal_aug_s11 epoch040.pt done
  K_focal_aug_s11 epoch050.pt done
  K_focal_aug_s11 epoch060.pt done
  K_focal_aug_s11 epoch070.pt done
  K_focal_aug_s11 epoch080.pt done
  K_focal_aug_s11 epoch090.pt done
  K_focal_aug_s11 epoch100.pt done
  K_focal_aug_s2 epoch010.pt done
  K_focal_aug_s2 epoch020.pt done
  K_focal_aug_s2 epoch030.pt done
  K_focal_aug_s2 epoch040.pt done
  K_focal_aug_s2 epoch050.pt done
  K_focal_aug_s2 epoch060.pt done
  K_focal_aug_s2 epoch070.pt done
  K_focal_aug_s2 epoch080.pt done
  K_focal_aug_s2 epoch090.pt done
  K_focal_aug_s2 epoch100.pt done
  K_focal_aug_s3 epoch010.pt done
  K_focal_aug_s3 epoch020.pt done
  K_focal_aug_s3 epoch030.pt done
  K_focal_aug_s3 epoch040.pt done
  K_focal_aug_s3 epoch050.pt done
  K_focal_aug_s3 epoch060.pt done
  K_focal_aug_s3 epoch070.pt done
  K_focal_aug_s3 epoch080.pt done
  K_focal_aug_s3 epoch090.pt done
  K_focal_aug_s3 epoch100.pt done
  K_focal_aug_s4 epoch010.pt done
  K_focal_aug_s4 epoch020.pt done
  K_focal_aug_s4 epoch030.pt done
  K_focal_aug_s4 epoch040.pt done
  K_focal_aug_s4 epoch050.pt done
  K_focal_aug_s4 epoch060.pt done
  K_focal_aug_s4 epoch070.pt done
  K_focal_aug_s4 epoch080.pt done
  K_focal_aug_s4 epoch090.pt done
  K_focal_aug_s4 epoch100.pt done
  K_focal_aug_s5 epoch010.pt done
  K_focal_aug_s5 epoch020.pt done
  K_focal_aug_s5 epoch030.pt done
  K_focal_aug_s5 epoch040.pt done
  K_focal_aug_s5 epoch050.pt done
  K_focal_aug_s5 epoch060.pt done
  K_focal_aug_s5 epoch070.pt done
  K_focal_aug_s5 epoch080.pt done
  K_focal_aug_s5 epoch090.pt done
  K_focal_aug_s5 epoch100.pt done
  K_focal_aug_s6 epoch010.pt done
  K_focal_aug_s6 epoch020.pt done
  K_focal_aug_s6 epoch030.pt done
  K_focal_aug_s6 epoch040.pt done
  K_focal_aug_s6 epoch050.pt done
  K_focal_aug_s6 epoch060.pt done
  K_focal_aug_s6 epoch070.pt done
  K_focal_aug_s6 epoch080.pt done
  K_focal_aug_s6 epoch090.pt done
  K_focal_aug_s6 epoch100.pt done
  K_focal_aug_s7 epoch010.pt done
  K_focal_aug_s7 epoch020.pt done
  K_focal_aug_s7 epoch030.pt done
  K_focal_aug_s7 epoch040.pt done
  K_focal_aug_s7 epoch050.pt done
  K_focal_aug_s7 epoch060.pt done
  K_focal_aug_s7 epoch070.pt done
  K_focal_aug_s7 epoch080.pt done
  K_focal_aug_s7 epoch090.pt done
  K_focal_aug_s7 epoch100.pt done
  K_focal_aug_s8 epoch010.pt done
  K_focal_aug_s8 epoch020.pt done
  K_focal_aug_s8 epoch030.pt done
  K_focal_aug_s8 epoch040.pt done
  K_focal_aug_s8 epoch050.pt done
  K_focal_aug_s8 epoch060.pt done
  K_focal_aug_s8 epoch070.pt done
  K_focal_aug_s8 epoch080.pt done
  K_focal_aug_s8 epoch090.pt done
  K_focal_aug_s8 epoch100.pt done
  K_focal_aug_s9 epoch010.pt done
  K_focal_aug_s9 epoch020.pt done
  K_focal_aug_s9 epoch030.pt done
  K_focal_aug_s9 epoch040.pt done
  K_focal_aug_s9 epoch050.pt done
  K_focal_aug_s9 epoch060.pt done
  K_focal_aug_s9 epoch070.pt done
  K_focal_aug_s9 epoch080.pt done
  K_focal_aug_s9 epoch090.pt done
  K_focal_aug_s9 epoch100.pt done

wrote 72000 rows to exp/results/heldout/checkpoint_scores.csv
  360 runs, 3600 checkpoints
protocol heldout: fit on 15 DRIVE training images, checkpoint chosen on the 5 held out from the same directory,
reported on all 20 test images. NOT comparable in absolute value to the legacy runs.

D-E's weight, at (iv) best clDice, ERL paired on (image, seed)

  arm                        seeds      dERL      t    dDice  verdict
  -------------------------------------------------------------------
  A_dice_clw1 - A_dice          12     +30.7   0.81  -0.0007  fails
                            per seed [-372 +31 +59 +10 +324 +218 -194 +204 +293 +455 -576 -83]
  A_dice_clw2 - A_dice          12    +113.1   2.63  -0.0019  fails
                            per seed [-106 +68 -126 +147 +232 +23 +379 -4 +602 +383 -47 -194]
  A_dice_clw4 - A_dice          12    +423.9  10.28  -0.0037  fails
                            per seed [+163 +177 +443 +412 +679 +373 +605 +620 +889 +755 +3 -31]
  A_dice_clw8 - A_dice          12    +640.8  12.94  -0.0088  HOLDS
  A_dice_clw16 - A_dice         12    +702.7  14.01  -0.0160  HOLDS
  A_dice_clw32 - A_dice         12    +885.5  15.93  -0.0191  HOLDS
  A_dice_clw64 - A_dice         12   +1361.2  22.79  -0.0290  HOLDS

  H_aug_clw1 - H_aug            12     +77.7   1.92  +0.0002  fails
                            per seed [+162 +21 +341 +329 -218 +104 +60 -83 -100 +256 +130 -71]
  H_aug_clw2 - H_aug            12    +133.3   3.74  -0.0001  fails
                            per seed [+58 +60 +481 +88 +248 +148 -89 -288 +105 +367 +363 +59]
  H_aug_clw4 - H_aug            12    +340.6   9.18  -0.0019  HOLDS
  H_aug_clw8 - H_aug            12    +721.9  16.86  -0.0059  HOLDS
  H_aug_clw16 - H_aug           12   +1232.2  27.36  -0.0166  HOLDS
  H_aug_clw32 - H_aug           12   +1849.3  32.41  -0.0351  HOLDS
  H_aug_clw64 - H_aug           12   +2773.6  40.96  -0.0682  HOLDS

  K_focal_aug_clw1 - K_focal_aug    12    -766.0 -15.86  +0.0213  fails
                            per seed [-525 -646 -950 -512 -861 -1041 -1061 -787 -619 -460 -1031 -699]
  K_focal_aug_clw2 - K_focal_aug    12    -576.7 -12.14  +0.0202  fails
                            per seed [-249 -460 -707 -653 -604 -783 -837 -464 -564 -653 -440 -506]
  K_focal_aug_clw4 - K_focal_aug    12    -336.2  -7.73  +0.0181  fails
                            per seed [-231 -362 -314 -28 -432 -711 -487 -168 -340 -410 -283 -269]
  K_focal_aug_clw8 - K_focal_aug    12    +200.4   3.76  +0.0113  fails
                            per seed [+162 +487 +305 +290 -179 +131 +225 +94 +74 +216 +360 +241]
  K_focal_aug_clw16 - K_focal_aug    12    +824.9  14.19  -0.0036  HOLDS
  K_focal_aug_clw32 - K_focal_aug    12   +1358.3  20.96  -0.0220  HOLDS
  K_focal_aug_clw64 - K_focal_aug    12   +2193.7  29.15  -0.0532  HOLDS

  A Dice cost of -0.0009 is one seed standard deviation (0.00086). Run length bought at a Dice cost
  is a trade to state, not a free win.
Traced fraction read at a MATCHED dev Dice, on all 20 test images.

  arm                         0.790    0.800    0.810    0.815    0.820
  ---------------------------------------------------------------------
  A_dice                        --        --     22.0%    25.9%    28.5%
  H_aug                         --        --        --     27.2%    28.1%
  K_focal_aug                   --        --     43.0%    38.7%    35.4%
  A_dice_clw1                   --        --     22.8%    27.3%    29.5%
  A_dice_clw16                  --     37.2%    33.6%    35.5%       -- 
  A_dice_clw2                   --        --     23.6%    27.1%    31.3%
  A_dice_clw32               51.1%    43.8%    37.5%    36.6%       -- 
  A_dice_clw4                   --        --     26.7%    28.3%    34.3%
  A_dice_clw64               48.3%    45.6%       --        --        -- 
  A_dice_clw8                   --        --     27.7%    33.5%    34.8%
  A_dice_w32                    --        --     23.3%    25.9%    27.0%
  A_dice_w64_d5                 --     15.4%    21.4%    26.3%    28.6%
  B_cldice                      --        --     23.2%    25.1%    29.1%
  B_cldice_w32                  --        --     24.8%    26.7%    25.6%
  B_cldice_w64_d5               --     15.3%    20.1%    27.5%    28.4%
  C_boundary                    --        --     23.0%    24.2%    27.5%
  D_blurpool                    --        --     22.8%    25.8%    29.5%
  E_cbdice                      --        --     21.6%    23.6%    25.2%
  F_gated                       --        --     23.3%    25.9%    31.1%
  G_focal                       --        --     33.2%    26.5%    33.5%
  H_aug_clw1                    --        --        --     27.7%    27.4%
  H_aug_clw16                   --     48.2%    46.3%    45.8%    45.8%
  H_aug_clw2                    --        --        --     28.7%    29.4%
  H_aug_clw32                54.6%    55.2%       --        --        -- 
  H_aug_clw4                    --        --        --     31.2%    33.9%
  H_aug_clw8                    --        --     36.4%    39.6%    39.6%
  H_aug_w32                     --        --        --        --     30.4%
  H_aug_w64_d5                  --        --        --        --     27.1%
  I_coletra                     --        --     22.3%    26.7%    27.7%
  J_liot                     15.2%    18.7%    27.9%    28.6%       -- 
  K_focal_aug_clw1              --        --        --     29.6%    30.1%
  K_focal_aug_clw16             --     53.0%    49.9%    49.8%       -- 
  K_focal_aug_clw2              --        --        --     32.5%    32.9%
  K_focal_aug_clw32          60.3%    57.2%       --        --        -- 
  K_focal_aug_clw4              --        --        --     36.8%    38.2%
  K_focal_aug_clw8              --        --     44.4%    44.7%    42.7%

  '--' means fewer than three seeds reached that Dice on dev; the cell is
  refused rather than extrapolated.

  Against A_dice at each matched Dice:

  H_aug                          --       --       --   +1.0%    -0.5% 
  K_focal_aug                    --       --  +21.0%*  +12.8%*   +7.3%*
  A_dice_clw1                    --       --   +0.8%    +1.4%    +1.0% 
  A_dice_clw16                   --       --  +11.6%*   +9.6%*       --
  A_dice_clw2                    --       --   +1.6%    +1.2%    +2.8% 
  A_dice_clw32                   --       --  +15.5%*  +10.0%*       --
  A_dice_clw4                    --       --   +4.7%*   +2.3%    +5.7% 
  A_dice_clw64                   --       --       --       --       --
  A_dice_clw8                    --       --   +5.7%*   +7.6%*   +6.3% 
  A_dice_w32                     --       --   +1.1%    +0.2%    -0.9% 
  A_dice_w64_d5                  --       --   -0.8%    +0.6%    -0.4% 
  B_cldice                       --       --   +1.0%    -1.1%    +0.8% 
  B_cldice_w32                   --       --   +2.5%    +1.0%*   -2.2% 
  B_cldice_w64_d5                --       --   -2.0%    +1.8%    -0.6% 
  C_boundary                     --       --   +1.0%    -2.0%    -0.7% 
  D_blurpool                     --       --   +0.8%    -0.4%    +1.3% 
  E_cbdice                       --       --   -0.4%    -2.6%    -3.0% 
  F_gated                        --       --   +1.1%    -0.3%    +2.9% 
  G_focal                        --       --  +11.0%*   +0.3%    +5.2% 
  H_aug_clw1                     --       --       --   +1.1%    -1.1% 
  H_aug_clw16                    --       --  +24.3%*  +19.9%*  +16.8%*
  H_aug_clw2                     --       --       --   +2.5%    +0.9% 
  H_aug_clw32                    --       --       --       --       --
  H_aug_clw4                     --       --       --   +5.4%*   +5.4%*
  H_aug_clw8                     --       --  +14.2%*  +13.7%*  +11.1%*
  H_aug_w32                      --       --       --       --   +2.5%*
  H_aug_w64_d5                   --       --       --       --   -1.9% 
  I_coletra                      --       --   +0.1%    +0.9%    -0.5% 
  J_liot                         --       --   +5.9%*   +2.4%        --
  K_focal_aug_clw1               --       --       --   +3.8%    +1.6% 
  K_focal_aug_clw16              --       --  +27.9%*  +23.5%*       --
  K_focal_aug_clw2               --       --       --   +6.3%*   +4.4% 
  K_focal_aug_clw32              --       --       --       --       --
  K_focal_aug_clw4               --       --       --  +10.1%*   +9.6%*
  K_focal_aug_clw8               --       --  +22.5%*  +18.7%*  +14.1%*

  * passes the seed gate at that Dice. An arm that is starred at
  every Dice moved the frontier. An arm starred nowhere differs
  from the baseline only in where it sits on the same curve.
=== 2026-08-30 14:35:35 all done ===
