image,width_multiple,min_size,dice,cldice,betti0_err,betti1_err
test_071.png,0.0,0,0.82459,0.98017,10,3
test_071.png,0.21,8,0.82468,0.98088,1,3
test_071.png,0.52,19,0.82476,0.98118,0,3
test_071.png,1.04,37,0.82476,0.98118,0,3
test_071.png,2.08,75,0.82476,0.98118,0,3
test_071.png,5.21,188,0.82476,0.98118,0,3
test_071.png,10.42,375,0.82476,0.98118,0,3
test_072.png,0.0,0,0.91,0.97136,36,6
test_072.png,0.21,8,0.91017,0.97317,11,6
test_072.png,0.52,19,0.9104,0.97451,8,6
test_072.png,1.04,37,0.91068,0.97602,4,6
test_072.png,2.08,75,0.91124,0.9776,2,6
test_072.png,5.21,188,0.91198,0.97947,1,6
test_072.png,10.42,375,0.91085,0.97792,0,6
test_073.png,0.0,0,0.93803,0.99037,9,4
test_073.png,0.21,8,0.93808,0.99068,0,4
test_073.png,0.52,19,0.93808,0.99068,0,4
test_073.png,1.04,37,0.93808,0.99068,0,4
test_073.png,2.08,75,0.93786,0.99038,1,4
test_073.png,5.21,188,0.93786,0.99038,1,4
test_073.png,10.42,375,0.93786,0.99038,1,4
test_074.png,0.0,0,0.9728,0.99703,1,2
test_074.png,0.21,8,0.97282,0.99711,0,2
test_074.png,0.52,19,0.97282,0.99711,0,2
test_074.png,1.04,37,0.97282,0.99711,0,2
test_074.png,2.08,75,0.97282,0.99711,0,2
test_074.png,5.21,188,0.97282,0.99711,0,2
test_074.png,10.42,375,0.97282,0.99711,0,2
test_075.png,0.0,0,0.92057,0.99527,2,0
test_075.png,0.21,8,0.92058,0.99538,1,0
test_075.png,0.52,19,0.92058,0.99538,1,0
test_075.png,1.04,37,0.92076,0.99682,0,0
test_075.png,2.08,75,0.92076,0.99682,0,0
test_075.png,5.21,188,0.92076,0.99682,0,0
test_075.png,10.42,375,0.92076,0.99682,0,0
test_076.png,0.0,0,0.88149,0.99748,3,2
test_076.png,0.21,8,0.88151,0.99759,0,2
test_076.png,0.52,19,0.88151,0.99759,0,2
test_076.png,1.04,37,0.88151,0.99759,0,2
test_076.png,2.08,75,0.88151,0.99759,0,2
test_076.png,5.21,188,0.88151,0.99759,0,2
test_076.png,10.42,375,0.88151,0.99759,0,2
test_077.png,0.0,0,0.9164,0.99996,0,1
test_077.png,0.21,8,0.9164,0.99996,0,1
test_077.png,0.52,19,0.9164,0.99996,0,1
test_077.png,1.04,37,0.9164,0.99996,0,1
test_077.png,2.08,75,0.9164,0.99996,0,1
test_077.png,5.21,188,0.9164,0.99996,0,1
test_077.png,10.42,375,0.9164,0.99996,0,1
test_078.png,0.0,0,0.83131,0.97921,1,1
test_078.png,0.21,8,0.83135,0.97938,0,1
test_078.png,0.52,19,0.83135,0.97938,0,1
test_078.png,1.04,37,0.83135,0.97938,0,1
test_078.png,2.08,75,0.83135,0.97938,0,1
test_078.png,5.21,188,0.83135,0.97938,0,1
test_078.png,10.42,375,0.83135,0.97938,0,1
test_079.png,0.0,0,0.93312,0.994,3,1
test_079.png,0.21,8,0.93313,0.99421,2,1
test_079.png,0.52,19,0.93319,0.99506,1,1
test_079.png,1.04,37,0.93334,0.99688,0,1
test_079.png,2.08,75,0.93334,0.99688,0,1
test_079.png,5.21,188,0.93334,0.99688,0,1
test_079.png,10.42,375,0.93334,0.99688,0,1
test_080.png,0.0,0,0.85827,0.99586,2,1
test_080.png,0.21,8,0.85831,0.996,1,1
test_080.png,0.52,19,0.85831,0.996,1,1
test_080.png,1.04,37,0.85852,0.99644,0,1
test_080.png,2.08,75,0.85852,0.99644,0,1
test_080.png,5.21,188,0.85852,0.99644,0,1
test_080.png,10.42,375,0.85852,0.99644,0,1
test_081.png,0.0,0,0.84611,0.98511,5,2
test_081.png,0.21,8,0.84609,0.98511,3,2
test_081.png,0.52,19,0.84614,0.98541,2,2
test_081.png,1.04,37,0.84627,0.98576,1,2
test_081.png,2.08,75,0.846,0.98534,0,2
test_081.png,5.21,188,0.846,0.98534,0,2
test_081.png,10.42,375,0.846,0.98534,0,2
test_082.png,0.0,0,0.82851,0.97224,19,48
test_082.png,0.21,8,0.82838,0.9722,3,48
test_082.png,0.52,19,0.82838,0.97222,1,48
test_082.png,1.04,37,0.82838,0.97222,1,48
test_082.png,2.08,75,0.82838,0.97222,1,48
test_082.png,5.21,188,0.82879,0.97253,0,48
test_082.png,10.42,375,0.82879,0.97253,0,48
test_083.png,0.0,0,0.94523,0.99419,5,5
test_083.png,0.21,8,0.94518,0.99419,1,5
test_083.png,0.52,19,0.94518,0.99419,1,5
test_083.png,1.04,37,0.94518,0.99419,1,5
test_083.png,2.08,75,0.94518,0.99419,1,5
test_083.png,5.21,188,0.94575,0.99523,0,5
test_083.png,10.42,375,0.94575,0.99523,0,5
test_084.png,0.0,0,0.96602,0.99773,3,2
test_084.png,0.21,8,0.96605,0.99788,0,2
test_084.png,0.52,19,0.96605,0.99788,0,2
test_084.png,1.04,37,0.96605,0.99788,0,2
test_084.png,2.08,75,0.96605,0.99788,0,2
test_084.png,5.21,188,0.96605,0.99788,0,2
test_084.png,10.42,375,0.96605,0.99788,0,2
test_085.png,0.0,0,0.91901,0.9974,0,1
test_085.png,0.21,8,0.91901,0.9974,0,1
test_085.png,0.52,19,0.91901,0.9974,0,1
test_085.png,1.04,37,0.91901,0.9974,0,1
test_085.png,2.08,75,0.91901,0.9974,0,1
test_085.png,5.21,188,0.91901,0.9974,0,1
test_085.png,10.42,375,0.91901,0.9974,0,1
test_086.png,0.0,0,0.91486,0.98263,5,7
test_086.png,0.21,8,0.91492,0.98313,1,7
test_086.png,0.52,19,0.91492,0.98313,1,7
test_086.png,1.04,37,0.91492,0.98313,1,7
test_086.png,2.08,75,0.91492,0.98313,1,7
test_086.png,5.21,188,0.91384,0.98213,0,7
test_086.png,10.42,375,0.91384,0.98213,0,7
test_087.png,0.0,0,0.84618,0.97948,13,11
test_087.png,0.21,8,0.84624,0.9801,3,11
test_087.png,0.52,19,0.84623,0.98005,1,11
test_087.png,1.04,37,0.84633,0.98037,0,11
test_087.png,2.08,75,0.84633,0.98037,0,11
test_087.png,5.21,188,0.84633,0.98037,0,11
test_087.png,10.42,375,0.84633,0.98037,0,11
test_088.png,0.0,0,0.91685,0.99138,3,1
test_088.png,0.21,8,0.91689,0.99191,2,1
test_088.png,0.52,19,0.91697,0.99279,1,1
test_088.png,1.04,37,0.91719,0.99465,0,1
test_088.png,2.08,75,0.91719,0.99465,0,1
test_088.png,5.21,188,0.91719,0.99465,0,1
test_088.png,10.42,375,0.91719,0.99465,0,1
test_089.png,0.0,0,0.87427,0.99314,4,1
test_089.png,0.21,8,0.87428,0.99328,1,1
test_089.png,0.52,19,0.87435,0.99389,0,1
test_089.png,1.04,37,0.87435,0.99389,0,1
test_089.png,2.08,75,0.87435,0.99389,0,1
test_089.png,5.21,188,0.87435,0.99389,0,1
test_089.png,10.42,375,0.87218,0.98751,1,1
test_090.png,0.0,0,0.84059,0.972,8,1
test_090.png,0.21,8,0.84063,0.97233,2,1
test_090.png,0.52,19,0.84068,0.97252,1,1
test_090.png,1.04,37,0.84068,0.97252,1,1
test_090.png,2.08,75,0.84068,0.97252,1,1
test_090.png,5.21,188,0.84068,0.97252,1,1
test_090.png,10.42,375,0.84068,0.97252,1,1
test_091.png,0.0,0,0.89086,0.98895,6,1
test_091.png,0.21,8,0.89089,0.98928,1,1
test_091.png,0.52,19,0.89095,0.98972,0,1
test_091.png,1.04,37,0.89095,0.98972,0,1
test_091.png,2.08,75,0.89095,0.98972,0,1
test_091.png,5.21,188,0.89095,0.98972,0,1
test_091.png,10.42,375,0.89095,0.98972,0,1
test_092.png,0.0,0,0.95268,0.99831,2,0
test_092.png,0.21,8,0.95271,0.99869,0,0
test_092.png,0.52,19,0.95271,0.99869,0,0
test_092.png,1.04,37,0.95271,0.99869,0,0
test_092.png,2.08,75,0.95271,0.99869,0,0
test_092.png,5.21,188,0.95271,0.99869,0,0
test_092.png,10.42,375,0.95271,0.99869,0,0
test_093.png,0.0,0,0.96196,0.98567,5,9
test_093.png,0.21,8,0.96204,0.98625,0,9
test_093.png,0.52,19,0.96204,0.98625,0,9
test_093.png,1.04,37,0.96204,0.98625,0,9
test_093.png,2.08,75,0.96204,0.98625,0,9
test_093.png,5.21,188,0.96204,0.98625,0,9
test_093.png,10.42,375,0.96204,0.98625,0,9
test_094.png,0.0,0,0.92784,0.9986,0,1
test_094.png,0.21,8,0.92784,0.9986,0,1
test_094.png,0.52,19,0.92784,0.9986,0,1
test_094.png,1.04,37,0.92784,0.9986,0,1
test_094.png,2.08,75,0.92784,0.9986,0,1
test_094.png,5.21,188,0.92784,0.9986,0,1
test_094.png,10.42,375,0.92784,0.9986,0,1
test_095.png,0.0,0,0.93569,0.99738,0,2
test_095.png,0.21,8,0.93569,0.99738,0,2
test_095.png,0.52,19,0.93569,0.99738,0,2
test_095.png,1.04,37,0.93569,0.99738,0,2
test_095.png,2.08,75,0.93569,0.99738,0,2
test_095.png,5.21,188,0.93569,0.99738,0,2
test_095.png,10.42,375,0.93569,0.99738,0,2
test_096.png,0.0,0,0.90178,0.99789,2,0
test_096.png,0.21,8,0.90179,0.99793,1,0
test_096.png,0.52,19,0.9019,0.99854,0,0
test_096.png,1.04,37,0.9019,0.99854,0,0
test_096.png,2.08,75,0.9019,0.99854,0,0
test_096.png,5.21,188,0.9019,0.99854,0,0
test_096.png,10.42,375,0.9019,0.99854,0,0
test_097.png,0.0,0,0.89244,0.98929,7,1
test_097.png,0.21,8,0.89244,0.98939,3,1
test_097.png,0.52,19,0.89261,0.99024,1,1
test_097.png,1.04,37,0.89269,0.99071,0,1
test_097.png,2.08,75,0.89269,0.99071,0,1
test_097.png,5.21,188,0.89269,0.99071,0,1
test_097.png,10.42,375,0.89269,0.99071,0,1
test_098.png,0.0,0,0.91195,0.97783,18,5
test_098.png,0.21,8,0.91203,0.97889,5,5
test_098.png,0.52,19,0.91212,0.97934,3,5
test_098.png,1.04,37,0.91234,0.98071,1,5
test_098.png,2.08,75,0.91266,0.98139,0,5
test_098.png,5.21,188,0.91266,0.98139,0,5
test_098.png,10.42,375,0.91266,0.98139,0,5
test_099.png,0.0,0,0.91601,0.99517,3,3
test_099.png,0.21,8,0.91603,0.99529,1,3
test_099.png,0.52,19,0.9161,0.99566,0,3
test_099.png,1.04,37,0.9161,0.99566,0,3
test_099.png,2.08,75,0.9161,0.99566,0,3
test_099.png,5.21,188,0.9161,0.99566,0,3
test_099.png,10.42,375,0.9161,0.99566,0,3
test_100.png,0.0,0,0.96002,0.99739,1,0
test_100.png,0.21,8,0.96004,0.99753,0,0
test_100.png,0.52,19,0.96004,0.99753,0,0
test_100.png,1.04,37,0.96004,0.99753,0,0
test_100.png,2.08,75,0.96004,0.99753,0,0
test_100.png,5.21,188,0.96004,0.99753,0,0
test_100.png,10.42,375,0.96004,0.99753,0,0
test_101.png,0.0,0,0.92259,0.9981,1,2
test_101.png,0.21,8,0.9226,0.99815,0,2
test_101.png,0.52,19,0.9226,0.99815,0,2
test_101.png,1.04,37,0.9226,0.99815,0,2
test_101.png,2.08,75,0.9226,0.99815,0,2
test_101.png,5.21,188,0.9226,0.99815,0,2
test_101.png,10.42,375,0.9226,0.99815,0,2
test_102.png,0.0,0,0.89004,0.98698,15,0
test_102.png,0.21,8,0.8901,0.98781,3,0
test_102.png,0.52,19,0.89015,0.98805,2,0
test_102.png,1.04,37,0.89033,0.98918,1,0
test_102.png,2.08,75,0.89033,0.98918,1,0
test_102.png,5.21,188,0.89033,0.98918,1,0
test_102.png,10.42,375,0.89033,0.98918,1,0
test_103.png,0.0,0,0.87778,0.98818,9,2
test_103.png,0.21,8,0.87787,0.98907,1,2
test_103.png,0.52,19,0.87787,0.98907,1,2
test_103.png,1.04,37,0.87787,0.98907,1,2
test_103.png,2.08,75,0.87822,0.99048,0,2
test_103.png,5.21,188,0.87822,0.99048,0,2
test_103.png,10.42,375,0.87822,0.99048,0,2
test_104.png,0.0,0,0.86898,0.9848,13,1
test_104.png,0.21,8,0.86899,0.98521,4,1
test_104.png,0.52,19,0.86913,0.98599,2,1
test_104.png,1.04,37,0.86928,0.98636,0,1
test_104.png,2.08,75,0.86928,0.98636,0,1
test_104.png,5.21,188,0.86928,0.98636,0,1
test_104.png,10.42,375,0.86928,0.98636,0,1
test_105.png,0.0,0,0.96855,0.99987,0,0
test_105.png,0.21,8,0.96855,0.99987,0,0
test_105.png,0.52,19,0.96855,0.99987,0,0
test_105.png,1.04,37,0.96855,0.99987,0,0
test_105.png,2.08,75,0.96855,0.99987,0,0
test_105.png,5.21,188,0.96855,0.99987,0,0
test_105.png,10.42,375,0.96855,0.99987,0,0
test_106.png,0.0,0,0.90883,0.99449,4,5
test_106.png,0.21,8,0.90881,0.99441,2,5
test_106.png,0.52,19,0.90881,0.99441,2,5
test_106.png,1.04,37,0.90857,0.99399,1,5
test_106.png,2.08,75,0.90857,0.99399,1,5
test_106.png,5.21,188,0.90857,0.99399,1,5
test_106.png,10.42,375,0.90857,0.99399,1,5
test_107.png,0.0,0,0.78752,0.98808,2,2
test_107.png,0.21,8,0.78753,0.9881,1,2
test_107.png,0.52,19,0.78753,0.9881,1,2
test_107.png,1.04,37,0.78766,0.98869,0,2
test_107.png,2.08,75,0.78766,0.98869,0,2
test_107.png,5.21,188,0.78766,0.98869,0,2
test_107.png,10.42,375,0.78766,0.98869,0,2
test_108.png,0.0,0,0.88511,0.99508,1,0
test_108.png,0.21,8,0.88513,0.99517,0,0
test_108.png,0.52,19,0.88513,0.99517,0,0
test_108.png,1.04,37,0.88513,0.99517,0,0
test_108.png,2.08,75,0.88513,0.99517,0,0
test_108.png,5.21,188,0.88513,0.99517,0,0
test_108.png,10.42,375,0.88513,0.99517,0,0
test_109.png,0.0,0,0.84371,0.98956,5,1
test_109.png,0.21,8,0.84376,0.99005,1,1
test_109.png,0.52,19,0.84376,0.99005,1,1
test_109.png,1.04,37,0.84376,0.99005,1,1
test_109.png,2.08,75,0.84403,0.99109,0,1
test_109.png,5.21,188,0.84403,0.99109,0,1
test_109.png,10.42,375,0.84403,0.99109,0,1
test_110.png,0.0,0,0.88886,0.99608,3,0
test_110.png,0.21,8,0.88889,0.99628,1,0
test_110.png,0.52,19,0.889,0.99682,0,0
test_110.png,1.04,37,0.889,0.99682,0,0
test_110.png,2.08,75,0.889,0.99682,0,0
test_110.png,5.21,188,0.889,0.99682,0,0
test_110.png,10.42,375,0.889,0.99682,0,0
test_111.png,0.0,0,0.91295,0.99617,1,0
test_111.png,0.21,8,0.91297,0.99626,0,0
test_111.png,0.52,19,0.91297,0.99626,0,0
test_111.png,1.04,37,0.91278,0.99608,1,0
test_111.png,2.08,75,0.91248,0.99564,2,0
test_111.png,5.21,188,0.91248,0.99564,2,0
test_111.png,10.42,375,0.91248,0.99564,2,0
test_112.png,0.0,0,0.86502,0.99615,0,1
test_112.png,0.21,8,0.86502,0.99615,0,1
test_112.png,0.52,19,0.86502,0.99615,0,1
test_112.png,1.04,37,0.86502,0.99615,0,1
test_112.png,2.08,75,0.86502,0.99615,0,1
test_112.png,5.21,188,0.86502,0.99615,0,1
test_112.png,10.42,375,0.86502,0.99615,0,1
test_113.png,0.0,0,0.85724,0.9966,1,0
test_113.png,0.21,8,0.85727,0.99677,0,0
test_113.png,0.52,19,0.85727,0.99677,0,0
test_113.png,1.04,37,0.85727,0.99677,0,0
test_113.png,2.08,75,0.85727,0.99677,0,0
test_113.png,5.21,188,0.85727,0.99677,0,0
test_113.png,10.42,375,0.85727,0.99677,0,0
test_114.png,0.0,0,0.85217,0.97908,7,3
test_114.png,0.21,8,0.8522,0.97949,1,3
test_114.png,0.52,19,0.8522,0.97949,1,3
test_114.png,1.04,37,0.85236,0.97969,0,3
test_114.png,2.08,75,0.85236,0.97969,0,3
test_114.png,5.21,188,0.85236,0.97969,0,3
test_114.png,10.42,375,0.85236,0.97969,0,3
test_115.png,0.0,0,0.95067,0.99035,2,4
test_115.png,0.21,8,0.95067,0.99035,2,4
test_115.png,0.52,19,0.95078,0.99119,0,4
test_115.png,1.04,37,0.95078,0.99119,0,4
test_115.png,2.08,75,0.95078,0.99119,0,4
test_115.png,5.21,188,0.95078,0.99119,0,4
test_115.png,10.42,375,0.95078,0.99119,0,4
test_116.png,0.0,0,0.93842,0.99772,1,0
test_116.png,0.21,8,0.93843,0.99781,0,0
test_116.png,0.52,19,0.93843,0.99781,0,0
test_116.png,1.04,37,0.93843,0.99781,0,0
test_116.png,2.08,75,0.93843,0.99781,0,0
test_116.png,5.21,188,0.93797,0.99717,1,0
test_116.png,10.42,375,0.93797,0.99717,1,0
test_117.png,0.0,0,0.94787,0.99878,0,1
test_117.png,0.21,8,0.94787,0.99878,0,1
test_117.png,0.52,19,0.94787,0.99878,0,1
test_117.png,1.04,37,0.94787,0.99878,0,1
test_117.png,2.08,75,0.94777,0.99849,1,1
test_117.png,5.21,188,0.94777,0.99849,1,1
test_117.png,10.42,375,0.94777,0.99849,1,1
test_118.png,0.0,0,0.94955,0.99954,1,0
test_118.png,0.21,8,0.94957,0.99964,0,0
test_118.png,0.52,19,0.94957,0.99964,0,0
test_118.png,1.04,37,0.94957,0.99964,0,0
test_118.png,2.08,75,0.94957,0.99964,0,0
test_118.png,5.21,188,0.94957,0.99964,0,0
test_118.png,10.42,375,0.94957,0.99964,0,0
test_119.png,0.0,0,0.96801,0.99596,1,0
test_119.png,0.21,8,0.96802,0.996,0,0
test_119.png,0.52,19,0.96802,0.996,0,0
test_119.png,1.04,37,0.96802,0.996,0,0
test_119.png,2.08,75,0.96802,0.996,0,0
test_119.png,5.21,188,0.96802,0.996,0,0
test_119.png,10.42,375,0.96802,0.996,0,0
test_120.png,0.0,0,0.94842,0.9988,0,2
test_120.png,0.21,8,0.94842,0.9988,0,2
test_120.png,0.52,19,0.94842,0.9988,0,2
test_120.png,1.04,37,0.94842,0.9988,0,2
test_120.png,2.08,75,0.94842,0.9988,0,2
test_120.png,5.21,188,0.94842,0.9988,0,2
test_120.png,10.42,375,0.94842,0.9988,0,2
test_121.png,0.0,0,0.68238,0.70364,205,70
test_121.png,0.21,8,0.68251,0.70707,77,70
test_121.png,0.52,19,0.6826,0.70785,55,67
test_121.png,1.04,37,0.68306,0.70916,46,67
test_121.png,2.08,75,0.68389,0.71125,41,67
test_121.png,5.21,188,0.68361,0.71157,33,65
test_121.png,10.42,375,0.67772,0.70369,24,64
test_122.png,0.0,0,0.78941,0.87349,58,12
test_122.png,0.21,8,0.78956,0.87494,24,12
test_122.png,0.52,19,0.78975,0.87613,15,12
test_122.png,1.04,37,0.7901,0.877,9,12
test_122.png,2.08,75,0.79056,0.87795,6,12
test_122.png,5.21,188,0.78978,0.87528,3,11
test_122.png,10.42,375,0.78847,0.87386,2,11
test_123.png,0.0,0,0.74966,0.82395,344,137
test_123.png,0.21,8,0.74787,0.8232,159,137
test_123.png,0.52,19,0.74598,0.82069,129,137
test_123.png,1.04,37,0.74374,0.81777,113,137
test_123.png,2.08,75,0.73872,0.81297,97,137
test_123.png,5.21,188,0.70492,0.77704,66,138
test_123.png,10.42,375,0.60966,0.6803,23,145
test_124.png,0.0,0,0.28647,0.36707,208,54
test_124.png,0.21,8,0.28617,0.36793,106,54
test_124.png,0.52,19,0.28588,0.36842,86,54
test_124.png,1.04,37,0.28659,0.37087,68,54
test_124.png,2.08,75,0.28405,0.36909,56,52
test_124.png,5.21,188,0.28377,0.37305,40,48
test_124.png,10.42,375,0.27725,0.36396,29,46
test_125.png,0.0,0,0.46823,0.61992,114,26
test_125.png,0.21,8,0.4673,0.61883,79,26
test_125.png,0.52,19,0.46595,0.61763,67,26
test_125.png,1.04,37,0.46438,0.61771,58,26
test_125.png,2.08,75,0.46107,0.61479,51,26
test_125.png,5.21,188,0.43867,0.58529,36,29
test_125.png,10.42,375,0.39692,0.5063,22,30
test_126.png,0.0,0,0.8927,0.99316,7,16
test_126.png,0.21,8,0.89265,0.99334,0,16
test_126.png,0.52,19,0.89265,0.99334,0,16
test_126.png,1.04,37,0.89265,0.99334,0,16
test_126.png,2.08,75,0.89265,0.99334,0,16
test_126.png,5.21,188,0.89265,0.99334,0,16
test_126.png,10.42,375,0.89265,0.99334,0,16
test_127.png,0.0,0,0.89008,0.96966,44,52
test_127.png,0.21,8,0.8898,0.96964,15,52
test_127.png,0.52,19,0.88961,0.96939,9,52
test_127.png,1.04,37,0.88961,0.96939,9,52
test_127.png,2.08,75,0.88932,0.96877,6,52
test_127.png,5.21,188,0.88675,0.96564,3,52
test_127.png,10.42,375,0.88444,0.96285,1,53
test_128.png,0.0,0,0.8492,0.9688,34,50
test_128.png,0.21,8,0.84896,0.96884,18,50
test_128.png,0.52,19,0.84869,0.96917,13,50
test_128.png,1.04,37,0.84849,0.96896,12,50
test_128.png,2.08,75,0.84817,0.96875,11,49
test_128.png,5.21,188,0.84317,0.96271,6,48
test_128.png,10.42,375,0.84165,0.96105,5,48
test_129.png,0.0,0,0.88508,0.93625,71,2
test_129.png,0.21,8,0.88441,0.9359,23,2
test_129.png,0.52,19,0.88422,0.93551,21,2
test_129.png,1.04,37,0.88397,0.93523,20,2
test_129.png,2.08,75,0.88312,0.93443,17,2
test_129.png,5.21,188,0.88003,0.92956,12,2
test_129.png,10.42,375,0.87203,0.91935,8,2
test_130.png,0.0,0,0.81941,0.85423,108,56
test_130.png,0.21,8,0.81971,0.85858,43,56
test_130.png,0.52,19,0.82048,0.86327,26,55
test_130.png,1.04,37,0.82064,0.86476,21,55
test_130.png,2.08,75,0.82327,0.87143,15,55
test_130.png,5.21,188,0.82456,0.87435,12,53
test_130.png,10.42,375,0.81882,0.87267,8,53
test_131.png,0.0,0,0.85028,0.91808,54,24
test_131.png,0.21,8,0.84996,0.91846,17,24
test_131.png,0.52,19,0.84968,0.91889,11,24
test_131.png,1.04,37,0.84968,0.91889,11,24
test_131.png,2.08,75,0.84971,0.91801,8,24
test_131.png,5.21,188,0.84704,0.91391,3,24
test_131.png,10.42,375,0.84704,0.91391,3,24
test_132.png,0.0,0,0.82592,0.93212,94,74
test_132.png,0.21,8,0.82482,0.93159,33,74
test_132.png,0.52,19,0.82398,0.9311,24,74
test_132.png,1.04,37,0.82324,0.93027,21,74
test_132.png,2.08,75,0.82201,0.92825,18,74
test_132.png,5.21,188,0.81742,0.92133,14,73
test_132.png,10.42,375,0.80776,0.90862,10,67
test_133.png,0.0,0,0.72885,0.71224,167,11
test_133.png,0.21,8,0.7294,0.71633,69,11
test_133.png,0.52,19,0.72985,0.71817,54,11
test_133.png,1.04,37,0.72978,0.71813,44,11
test_133.png,2.08,75,0.73101,0.72085,38,10
test_133.png,5.21,188,0.73296,0.72168,29,9
test_133.png,10.42,375,0.73127,0.7181,23,4
test_134.png,0.0,0,0.90162,0.91978,42,31
test_134.png,0.21,8,0.90163,0.921,17,31
test_134.png,0.52,19,0.90181,0.92203,10,31
test_134.png,1.04,37,0.90213,0.92318,8,32
test_134.png,2.08,75,0.90202,0.92284,4,32
test_134.png,5.21,188,0.90137,0.92122,1,32
test_134.png,10.42,375,0.90137,0.92122,1,32
test_135.png,0.0,0,0.862,0.91893,52,21
test_135.png,0.21,8,0.86179,0.91939,23,21
test_135.png,0.52,19,0.86173,0.91964,18,21
test_135.png,1.04,37,0.86155,0.92052,14,21
test_135.png,2.08,75,0.86131,0.91958,13,21
test_135.png,5.21,188,0.85919,0.91461,7,21
test_135.png,10.42,375,0.8545,0.90514,4,21
test_136.png,0.0,0,0.40341,0.44532,169,55
test_136.png,0.21,8,0.40339,0.44648,74,55
test_136.png,0.52,19,0.40405,0.44933,59,54
test_136.png,1.04,37,0.40497,0.45343,48,54
test_136.png,2.08,75,0.40687,0.45885,39,51
test_136.png,5.21,188,0.40857,0.46269,26,48
test_136.png,10.42,375,0.41067,0.4671,21,48
test_137.png,0.0,0,0.53582,0.57219,351,54
test_137.png,0.21,8,0.53201,0.57104,179,54
test_137.png,0.52,19,0.52758,0.5682,137,54
test_137.png,1.04,37,0.52447,0.56581,120,57
test_137.png,2.08,75,0.51784,0.55907,109,57
test_137.png,5.21,188,0.47687,0.51148,89,58
test_137.png,10.42,375,0.10846,0.11961,8,68
test_138.png,0.0,0,0.93961,0.98954,3,13
test_138.png,0.21,8,0.93964,0.9898,2,13
test_138.png,0.52,19,0.93955,0.99005,0,13
test_138.png,1.04,37,0.93955,0.99005,0,13
test_138.png,2.08,75,0.93955,0.99005,0,13
test_138.png,5.21,188,0.93937,0.9891,1,13
test_138.png,10.42,375,0.93937,0.9891,1,13
test_139.png,0.0,0,0.58084,0.56858,201,45
test_139.png,0.21,8,0.58059,0.57271,95,45
test_139.png,0.52,19,0.58097,0.57471,73,45
test_139.png,1.04,37,0.58233,0.57987,59,43
test_139.png,2.08,75,0.58624,0.59231,42,42
test_139.png,5.21,188,0.59187,0.60716,24,41
test_139.png,10.42,375,0.6084,0.63277,12,36
test_140.png,0.0,0,0.86022,0.94268,35,15
test_140.png,0.21,8,0.86001,0.94319,9,15
test_140.png,0.52,19,0.86011,0.94371,7,15
test_140.png,1.04,37,0.86003,0.94357,5,15
test_140.png,2.08,75,0.86068,0.94588,3,15
test_140.png,5.21,188,0.86122,0.94695,2,15
test_140.png,10.42,375,0.86122,0.94695,2,15
test_141.png,0.0,0,0.92353,0.98376,8,10
test_141.png,0.21,8,0.92365,0.98495,0,10
test_141.png,0.52,19,0.92365,0.98495,0,10
test_141.png,1.04,37,0.92365,0.98495,0,10
test_141.png,2.08,75,0.92365,0.98495,0,10
test_141.png,5.21,188,0.92365,0.98495,0,10
test_141.png,10.42,375,0.92365,0.98495,0,10
test_142.png,0.0,0,0.83036,0.87138,95,31
test_142.png,0.21,8,0.83099,0.87725,43,31
test_142.png,0.52,19,0.83195,0.88166,30,31
test_142.png,1.04,37,0.83308,0.88561,23,29
test_142.png,2.08,75,0.83626,0.89458,14,28
test_142.png,5.21,188,0.83942,0.90202,8,26
test_142.png,10.42,375,0.83903,0.90178,6,26
test_143.png,0.0,0,0.55027,0.6881,220,46
test_143.png,0.21,8,0.54673,0.68602,87,46
test_143.png,0.52,19,0.54365,0.68202,67,45
test_143.png,1.04,37,0.53973,0.67932,54,44
test_143.png,2.08,75,0.53377,0.67072,45,41
test_143.png,5.21,188,0.51204,0.64342,32,36
test_143.png,10.42,375,0.46039,0.59005,17,25
test_144.png,0.0,0,0.73758,0.73787,156,62
test_144.png,0.21,8,0.73793,0.74207,76,62
test_144.png,0.52,19,0.73868,0.74699,55,62
test_144.png,1.04,37,0.74099,0.7526,40,61
test_144.png,2.08,75,0.7421,0.75817,31,59
test_144.png,5.21,188,0.7498,0.77304,20,58
test_144.png,10.42,375,0.74929,0.77675,10,50
test_145.png,0.0,0,0.80318,0.82809,159,65
test_145.png,0.21,8,0.80389,0.83512,56,65
test_145.png,0.52,19,0.80407,0.83631,43,65
test_145.png,1.04,37,0.80444,0.83815,36,62
test_145.png,2.08,75,0.80417,0.83935,27,61
test_145.png,5.21,188,0.80737,0.84652,16,57
test_145.png,10.42,375,0.81441,0.85714,9,53
test_146.png,0.0,0,0.79966,0.90022,64,9
test_146.png,0.21,8,0.79977,0.90162,26,9
test_146.png,0.52,19,0.79953,0.90114,20,9
test_146.png,1.04,37,0.79936,0.90091,19,9
test_146.png,2.08,75,0.79869,0.90032,15,9
test_146.png,5.21,188,0.79786,0.89792,11,8
test_146.png,10.42,375,0.79512,0.89457,9,8
test_147.png,0.0,0,0.31352,0.35491,166,46
test_147.png,0.21,8,0.31315,0.35522,78,46
test_147.png,0.52,19,0.31277,0.35516,65,46
test_147.png,1.04,37,0.31272,0.35544,55,46
test_147.png,2.08,75,0.31142,0.35358,44,46
test_147.png,5.21,188,0.30063,0.33927,30,46
test_147.png,10.42,375,0.30463,0.34755,22,44
test_148.png,0.0,0,0.86936,0.96631,9,21
test_148.png,0.21,8,0.86931,0.96661,3,21
test_148.png,0.52,19,0.86939,0.96733,2,21
test_148.png,1.04,37,0.86939,0.96733,2,21
test_148.png,2.08,75,0.86914,0.96646,1,21
test_148.png,5.21,188,0.86914,0.96646,1,21
test_148.png,10.42,375,0.86713,0.96389,0,21
test_149.png,0.0,0,0.67622,0.79759,98,25
test_149.png,0.21,8,0.67538,0.79791,54,25
test_149.png,0.52,19,0.67479,0.79819,43,25
test_149.png,1.04,37,0.67357,0.7975,39,25
test_149.png,2.08,75,0.6714,0.79654,34,25
test_149.png,5.21,188,0.66401,0.79239,29,20
test_149.png,10.42,375,0.64017,0.76931,20,20
test_150.png,0.0,0,0.75504,0.79658,139,29
test_150.png,0.21,8,0.75484,0.80121,65,29
test_150.png,0.52,19,0.75465,0.80235,55,29
test_150.png,1.04,37,0.75356,0.80408,39,28
test_150.png,2.08,75,0.75478,0.80728,32,28
test_150.png,5.21,188,0.74768,0.80121,23,27
test_150.png,10.42,375,0.73384,0.78917,18,24
test_151.png,0.0,0,0.81488,0.86768,109,33
test_151.png,0.21,8,0.81524,0.87242,48,33
test_151.png,0.52,19,0.8164,0.87692,35,32
test_151.png,1.04,37,0.81871,0.88236,22,31
test_151.png,2.08,75,0.82171,0.88985,12,31
test_151.png,5.21,188,0.82256,0.89126,7,29
test_151.png,10.42,375,0.82256,0.89126,7,29
test_152.png,0.0,0,0.74556,0.83725,179,57
test_152.png,0.21,8,0.74376,0.83667,76,57
test_152.png,0.52,19,0.74204,0.83648,55,57
test_152.png,1.04,37,0.7404,0.83539,49,57
test_152.png,2.08,75,0.73561,0.83171,40,55
test_152.png,5.21,188,0.71563,0.81192,22,49
test_152.png,10.42,375,0.69996,0.79266,16,40
test_153.png,0.0,0,0.79668,0.82019,92,17
test_153.png,0.21,8,0.79717,0.82476,41,17
test_153.png,0.52,19,0.79816,0.82895,27,17
test_153.png,1.04,37,0.79883,0.83148,23,17
test_153.png,2.08,75,0.8019,0.83932,14,16
test_153.png,5.21,188,0.808,0.85205,3,16
test_153.png,10.42,375,0.81002,0.85362,1,14
test_154.png,0.0,0,0.87234,0.89143,65,19
test_154.png,0.21,8,0.87264,0.89427,25,19
test_154.png,0.52,19,0.87304,0.89593,18,19
test_154.png,1.04,37,0.8736,0.89755,14,19
test_154.png,2.08,75,0.87469,0.89941,11,19
test_154.png,5.21,188,0.87651,0.90191,4,19
test_154.png,10.42,375,0.87651,0.90191,4,19
test_155.png,0.0,0,0.31243,0.35585,191,55
test_155.png,0.21,8,0.3128,0.35866,92,55
test_155.png,0.52,19,0.31228,0.35855,76,55
test_155.png,1.04,37,0.31229,0.35877,68,54
test_155.png,2.08,75,0.3131,0.36162,53,54
test_155.png,5.21,188,0.31409,0.36981,32,51
test_155.png,10.42,375,0.31566,0.37207,24,45
test_156.png,0.0,0,0.71738,0.78513,116,9
test_156.png,0.21,8,0.7164,0.78561,49,9
test_156.png,0.52,19,0.71634,0.78651,47,9
test_156.png,1.04,37,0.71576,0.78557,41,9
test_156.png,2.08,75,0.71246,0.78563,34,7
test_156.png,5.21,188,0.70608,0.77948,29,6
test_156.png,10.42,375,0.68024,0.74381,20,5
test_157.png,0.0,0,0.88258,0.87504,96,25
test_157.png,0.21,8,0.88328,0.88213,44,25
test_157.png,0.52,19,0.88457,0.88955,28,25
test_157.png,1.04,37,0.88605,0.89536,21,25
test_157.png,2.08,75,0.88758,0.90026,17,25
test_157.png,5.21,188,0.90006,0.93353,4,25
test_157.png,10.42,375,0.9065,0.94891,1,24
test_158.png,0.0,0,0.93377,0.98489,7,8
test_158.png,0.21,8,0.93379,0.98535,3,8
test_158.png,0.52,19,0.93399,0.98626,1,8
test_158.png,1.04,37,0.93399,0.98626,1,8
test_158.png,2.08,75,0.93399,0.98626,1,8
test_158.png,5.21,188,0.93464,0.98729,0,8
test_158.png,10.42,375,0.93464,0.98729,0,8
test_159.png,0.0,0,0.59708,0.68802,123,26
test_159.png,0.21,8,0.59581,0.68718,73,26
test_159.png,0.52,19,0.5928,0.68522,54,26
test_159.png,1.04,37,0.58725,0.68327,38,26
test_159.png,2.08,75,0.5824,0.67869,30,26
test_159.png,5.21,188,0.56785,0.66411,21,25
test_159.png,10.42,375,0.55054,0.64175,15,22
test_160.png,0.0,0,0.82468,0.8926,58,34
test_160.png,0.21,8,0.82433,0.89299,23,34
test_160.png,0.52,19,0.82375,0.89274,15,34
test_160.png,1.04,37,0.82352,0.89331,12,34
test_160.png,2.08,75,0.82283,0.89168,7,33
test_160.png,5.21,188,0.82264,0.89096,6,33
test_160.png,10.42,375,0.823,0.88334,2,33
test_161.png,0.0,0,0.7112,0.728,165,8
test_161.png,0.21,8,0.71199,0.73296,86,8
test_161.png,0.52,19,0.71309,0.73689,56,8
test_161.png,1.04,37,0.7141,0.73967,45,8
test_161.png,2.08,75,0.71574,0.74296,34,8
test_161.png,5.21,188,0.72407,0.75126,19,7
test_161.png,10.42,375,0.71552,0.73933,11,5
test_162.png,0.0,0,0.73502,0.74909,148,0
test_162.png,0.21,8,0.7348,0.75104,67,0
test_162.png,0.52,19,0.73432,0.75132,52,0
test_162.png,1.04,37,0.73425,0.75105,43,0
test_162.png,2.08,75,0.73354,0.75005,35,1
test_162.png,5.21,188,0.72548,0.73783,19,3
test_162.png,10.42,375,0.71745,0.72756,13,3
test_163.png,0.0,0,0.86737,0.93087,30,34
test_163.png,0.21,8,0.86752,0.93211,6,34
test_163.png,0.52,19,0.8677,0.93274,3,34
test_163.png,1.04,37,0.86783,0.93298,2,34
test_163.png,2.08,75,0.86783,0.93298,2,34
test_163.png,5.21,188,0.86708,0.93117,1,34
test_163.png,10.42,375,0.86576,0.92834,0,34
test_164.png,0.0,0,0.88984,0.97731,24,12
test_164.png,0.21,8,0.88975,0.97738,11,12
test_164.png,0.52,19,0.8897,0.97729,10,12
test_164.png,1.04,37,0.88951,0.97695,9,12
test_164.png,2.08,75,0.88908,0.97641,7,12
test_164.png,5.21,188,0.88864,0.9752,6,12
test_164.png,10.42,375,0.88733,0.97181,4,12
test_165.png,0.0,0,0.72761,0.8151,346,15
test_165.png,0.21,8,0.7244,0.81339,151,15
test_165.png,0.52,19,0.72164,0.81032,125,15
test_165.png,1.04,37,0.71894,0.80688,111,16
test_165.png,2.08,75,0.70778,0.7938,88,19
test_165.png,5.21,188,0.69878,0.78331,77,20
test_165.png,10.42,375,0.61623,0.69069,50,25
test_166.png,0.0,0,0.9218,0.98719,4,2
test_166.png,0.21,8,0.92184,0.98757,0,2
test_166.png,0.52,19,0.92184,0.98757,0,2
test_166.png,1.04,37,0.92184,0.98757,0,2
test_166.png,2.08,75,0.92184,0.98757,0,2
test_166.png,5.21,188,0.92184,0.98757,0,2
test_166.png,10.42,375,0.92184,0.98757,0,2
test_167.png,0.0,0,0.76125,0.80842,211,9
test_167.png,0.21,8,0.75937,0.8088,90,9
test_167.png,0.52,19,0.7583,0.80706,78,9
test_167.png,1.04,37,0.75653,0.80618,68,9
test_167.png,2.08,75,0.74718,0.79345,49,13
test_167.png,5.21,188,0.72828,0.75922,25,16
test_167.png,10.42,375,0.69473,0.70544,11,21
test_168.png,0.0,0,0.83847,0.88593,60,43
test_168.png,0.21,8,0.83839,0.88824,20,43
test_168.png,0.52,19,0.83843,0.8898,12,43
test_168.png,1.04,37,0.83909,0.89311,9,43
test_168.png,2.08,75,0.83984,0.89514,7,43
test_168.png,5.21,188,0.84177,0.89954,2,43
test_168.png,10.42,375,0.84177,0.89954,2,43
test_169.png,0.0,0,0.75169,0.79523,145,62
test_169.png,0.21,8,0.75231,0.80104,52,62
test_169.png,0.52,19,0.75232,0.80159,44,62
test_169.png,1.04,37,0.75375,0.80841,28,62
test_169.png,2.08,75,0.75451,0.81157,22,62
test_169.png,5.21,188,0.75342,0.81147,16,61
test_169.png,10.42,375,0.75851,0.82197,8,56
test_170.png,0.0,0,0.8713,0.92725,48,31
test_170.png,0.21,8,0.87152,0.92902,16,31
test_170.png,0.52,19,0.8718,0.93058,10,31
test_170.png,1.04,37,0.87226,0.93253,6,31
test_170.png,2.08,75,0.87253,0.93366,2,30
test_170.png,5.21,188,0.87253,0.93366,2,30
test_170.png,10.42,375,0.87145,0.93103,1,30
test_171.png,0.0,0,0.3386,0.36662,300,29
test_171.png,0.21,8,0.33662,0.36539,156,29
test_171.png,0.52,19,0.33527,0.36417,124,29
test_171.png,1.04,37,0.32944,0.35619,103,28
test_171.png,2.08,75,0.32395,0.35023,85,27
test_171.png,5.21,188,0.31283,0.34758,55,25
test_171.png,10.42,375,0.27628,0.30726,28,15
test_172.png,0.0,0,0.33802,0.36386,301,19
test_172.png,0.21,8,0.33677,0.36417,146,19
test_172.png,0.52,19,0.3345,0.36154,117,19
test_172.png,1.04,37,0.33316,0.36261,92,19
test_172.png,2.08,75,0.33345,0.36773,70,19
test_172.png,5.21,188,0.33122,0.37294,53,17
test_172.png,10.42,375,0.32122,0.36916,32,8
test_173.png,0.0,0,0.86022,0.96993,36,1
test_173.png,0.21,8,0.85984,0.96984,14,1
test_173.png,0.52,19,0.85971,0.96983,13,1
test_173.png,1.04,37,0.85941,0.97059,10,1
test_173.png,2.08,75,0.85901,0.97058,9,1
test_173.png,5.21,188,0.85882,0.97174,7,1
test_173.png,10.42,375,0.85882,0.97174,7,1
test_174.png,0.0,0,0.25481,0.28579,337,61
test_174.png,0.21,8,0.25404,0.28468,197,61
test_174.png,0.52,19,0.2507,0.28012,150,61
test_174.png,1.04,37,0.24849,0.27739,119,61
test_174.png,2.08,75,0.24497,0.27458,93,61
test_174.png,5.21,188,0.2412,0.27384,66,58
test_174.png,10.42,375,0.22442,0.25513,41,45
test_175.png,0.0,0,0.72456,0.8482,13,12
test_175.png,0.21,8,0.72458,0.84853,6,12
test_175.png,0.52,19,0.7246,0.84843,2,12
test_175.png,1.04,37,0.7246,0.84843,2,12
test_175.png,2.08,75,0.72496,0.84909,1,12
test_175.png,5.21,188,0.72556,0.85051,0,12
test_175.png,10.42,375,0.72556,0.85051,0,12
test_176.png,0.0,0,0.77431,0.87428,32,6
test_176.png,0.21,8,0.77455,0.87561,15,6
test_176.png,0.52,19,0.77446,0.87582,10,6
test_176.png,1.04,37,0.77478,0.87715,6,6
test_176.png,2.08,75,0.77533,0.87906,4,8
test_176.png,5.21,188,0.77763,0.88516,0,8
test_176.png,10.42,375,0.77763,0.88516,0,8
test_177.png,0.0,0,0.66852,0.83548,89,28
test_177.png,0.21,8,0.66898,0.83861,28,28
test_177.png,0.52,19,0.66948,0.84035,17,28
test_177.png,1.04,37,0.6699,0.84175,11,28
test_177.png,2.08,75,0.66943,0.84148,8,28
test_177.png,5.21,188,0.6689,0.83983,4,28
test_177.png,10.42,375,0.66818,0.83879,3,28
test_178.png,0.0,0,0.52084,0.58236,290,29
test_178.png,0.21,8,0.52009,0.58513,142,29
test_178.png,0.52,19,0.51942,0.58733,102,29
test_178.png,1.04,37,0.51667,0.58762,74,29
test_178.png,2.08,75,0.51094,0.58135,62,27
test_178.png,5.21,188,0.49689,0.57358,38,20
test_178.png,10.42,375,0.47437,0.54982,28,19
test_179.png,0.0,0,0.68862,0.85251,78,33
test_179.png,0.21,8,0.68856,0.85344,35,33
test_179.png,0.52,19,0.68916,0.85551,18,33
test_179.png,1.04,37,0.68957,0.85671,13,33
test_179.png,2.08,75,0.6909,0.85895,9,33
test_179.png,5.21,188,0.69443,0.8622,2,34
test_179.png,10.42,375,0.69496,0.86328,1,34
test_180.png,0.0,0,0.65496,0.82444,53,1
test_180.png,0.21,8,0.65524,0.82617,19,1
test_180.png,0.52,19,0.65548,0.82731,13,1
test_180.png,1.04,37,0.65589,0.8282,9,1
test_180.png,2.08,75,0.65708,0.83051,4,1
test_180.png,5.21,188,0.65809,0.83202,1,1
test_180.png,10.42,375,0.65918,0.83295,0,1
test_181.png,0.0,0,0.68893,0.84001,85,3
test_181.png,0.21,8,0.68922,0.84274,33,3
test_181.png,0.52,19,0.68962,0.84447,24,3
test_181.png,1.04,37,0.68917,0.84433,19,3
test_181.png,2.08,75,0.69074,0.84748,9,6
test_181.png,5.21,188,0.69341,0.85188,4,6
test_181.png,10.42,375,0.69103,0.84891,3,6
test_182.png,0.0,0,0.75097,0.82288,142,15
test_182.png,0.21,8,0.7506,0.82444,65,15
test_182.png,0.52,19,0.75056,0.82594,52,15
test_182.png,1.04,37,0.75125,0.8295,40,17
test_182.png,2.08,75,0.74883,0.82644,34,17
test_182.png,5.21,188,0.74136,0.81979,25,19
test_182.png,10.42,375,0.73212,0.80984,20,22
test_183.png,0.0,0,0.33791,0.38537,264,29
test_183.png,0.21,8,0.33528,0.38139,143,29
test_183.png,0.52,19,0.33363,0.38153,113,28
test_183.png,1.04,37,0.33031,0.37813,91,28
test_183.png,2.08,75,0.32273,0.36738,65,26
test_183.png,5.21,188,0.30986,0.35418,38,21
test_183.png,10.42,375,0.27608,0.31736,24,17
test_184.png,0.0,0,0.67385,0.77497,218,175
test_184.png,0.21,8,0.67419,0.77716,72,175
test_184.png,0.52,19,0.67492,0.77914,43,175
test_184.png,1.04,37,0.67483,0.77909,33,175
test_184.png,2.08,75,0.67538,0.78007,23,175
test_184.png,5.21,188,0.67435,0.77794,10,177
test_184.png,10.42,375,0.66767,0.76936,3,179
test_185.png,0.0,0,0.86934,0.96179,32,10
test_185.png,0.21,8,0.86914,0.9622,15,10
test_185.png,0.52,19,0.86887,0.96292,12,10
test_185.png,1.04,37,0.86855,0.96282,11,10
test_185.png,2.08,75,0.86855,0.96282,11,10
test_185.png,5.21,188,0.86712,0.96197,10,10
test_185.png,10.42,375,0.86496,0.95985,9,10
test_186.png,0.0,0,0.27812,0.30788,385,39
test_186.png,0.21,8,0.27652,0.30566,201,39
test_186.png,0.52,19,0.27534,0.30483,153,39
test_186.png,1.04,37,0.2737,0.30397,133,39
test_186.png,2.08,75,0.26522,0.2961,99,37
test_186.png,5.21,188,0.27101,0.30938,61,32
test_186.png,10.42,375,0.25112,0.29331,33,22
test_187.png,0.0,0,0.39725,0.4348,361,38
test_187.png,0.21,8,0.39535,0.43346,176,38
test_187.png,0.52,19,0.39318,0.43255,130,38
test_187.png,1.04,37,0.39219,0.43387,108,37
test_187.png,2.08,75,0.3855,0.4294,76,33
test_187.png,5.21,188,0.38283,0.43333,47,29
test_187.png,10.42,375,0.34782,0.4026,19,25
test_188.png,0.0,0,0.50212,0.55058,221,46
test_188.png,0.21,8,0.50236,0.55427,104,46
test_188.png,0.52,19,0.503,0.55715,79,46
test_188.png,1.04,37,0.50413,0.56102,64,46
test_188.png,2.08,75,0.50485,0.56343,52,46
test_188.png,5.21,188,0.51276,0.57975,33,33
test_188.png,10.42,375,0.52071,0.59663,22,26
test_189.png,0.0,0,0.67384,0.84502,87,20
test_189.png,0.21,8,0.67397,0.84732,31,20
test_189.png,0.52,19,0.67436,0.84894,20,21
test_189.png,1.04,37,0.67436,0.8503,15,21
test_189.png,2.08,75,0.67479,0.85187,11,22
test_189.png,5.21,188,0.67611,0.85484,9,22
test_189.png,10.42,375,0.67401,0.85185,7,22
test_190.png,0.0,0,0.45618,0.4999,242,22
test_190.png,0.21,8,0.45452,0.49877,135,22
test_190.png,0.52,19,0.45377,0.49995,110,22
test_190.png,1.04,37,0.45026,0.4969,93,21
test_190.png,2.08,75,0.44322,0.49312,79,21
test_190.png,5.21,188,0.42015,0.46524,50,14
test_190.png,10.42,375,0.40099,0.45399,32,8
test_191.png,0.0,0,0.72136,0.86766,84,3
test_191.png,0.21,8,0.72162,0.87003,32,3
test_191.png,0.52,19,0.72226,0.8719,22,3
test_191.png,1.04,37,0.72274,0.87277,19,3
test_191.png,2.08,75,0.72555,0.87733,10,3
test_191.png,5.21,188,0.72881,0.88223,4,3
test_191.png,10.42,375,0.73014,0.88436,1,1
test_192.png,0.0,0,0.63633,0.75995,120,21
test_192.png,0.21,8,0.63682,0.76418,38,21
test_192.png,0.52,19,0.63757,0.76681,23,21
test_192.png,1.04,37,0.63879,0.76943,13,20
test_192.png,2.08,75,0.64004,0.77213,5,20
test_192.png,5.21,188,0.64193,0.77515,1,20
test_192.png,10.42,375,0.64193,0.77515,1,20
test_193.png,0.0,0,0.75827,0.75884,148,54
test_193.png,0.21,8,0.7592,0.76584,67,54
test_193.png,0.52,19,0.76072,0.77173,43,53
test_193.png,1.04,37,0.76179,0.77461,36,53
test_193.png,2.08,75,0.76567,0.78398,24,53
test_193.png,5.21,188,0.7769,0.80634,7,52
test_193.png,10.42,375,0.78285,0.81607,3,52
test_194.png,0.0,0,0.78629,0.85873,113,2
test_194.png,0.21,8,0.78576,0.85889,67,2
test_194.png,0.52,19,0.78545,0.86104,54,3
test_194.png,1.04,37,0.78557,0.86488,39,4
test_194.png,2.08,75,0.78574,0.86822,34,4
test_194.png,5.21,188,0.77376,0.85379,23,5
test_194.png,10.42,375,0.76073,0.84115,18,11
test_195.png,0.0,0,0.38151,0.44668,283,31
test_195.png,0.21,8,0.3789,0.44322,132,31
test_195.png,0.52,19,0.37726,0.44115,106,31
test_195.png,1.04,37,0.37333,0.43547,84,28
test_195.png,2.08,75,0.36621,0.4227,64,27
test_195.png,5.21,188,0.35139,0.4057,45,20
test_195.png,10.42,375,0.33923,0.39562,25,17
test_196.png,0.0,0,0.75631,0.85018,107,19
test_196.png,0.21,8,0.75582,0.85125,55,19
test_196.png,0.52,19,0.755,0.85162,44,19
test_196.png,1.04,37,0.7551,0.85434,36,19
test_196.png,2.08,75,0.75284,0.85507,28,19
test_196.png,5.21,188,0.74674,0.85402,21,18
test_196.png,10.42,375,0.73874,0.8467,18,18
test_197.png,0.0,0,0.60046,0.64196,210,37
test_197.png,0.21,8,0.5997,0.64411,103,37
test_197.png,0.52,19,0.59854,0.64497,81,37
test_197.png,1.04,37,0.59819,0.64572,76,37
test_197.png,2.08,75,0.59718,0.65059,55,35
test_197.png,5.21,188,0.5951,0.65692,34,29
test_197.png,10.42,375,0.58619,0.65085,27,26
test_198.png,0.0,0,0.26233,0.30081,380,49
test_198.png,0.21,8,0.25952,0.29457,186,49
test_198.png,0.52,19,0.25769,0.29284,152,49
test_198.png,1.04,37,0.25496,0.29048,130,48
test_198.png,2.08,75,0.25227,0.2921,101,45
test_198.png,5.21,188,0.23918,0.27801,62,30
test_198.png,10.42,375,0.21046,0.25024,33,23
test_199.png,0.0,0,0.7042,0.80647,143,13
test_199.png,0.21,8,0.70381,0.80938,74,13
test_199.png,0.52,19,0.70383,0.80979,66,13
test_199.png,1.04,37,0.70431,0.81289,61,13
test_199.png,2.08,75,0.70662,0.82647,45,10
test_199.png,5.21,188,0.70234,0.83058,32,8
test_199.png,10.42,375,0.68341,0.80822,24,5
test_200.png,0.0,0,0.42425,0.48191,227,29
test_200.png,0.21,8,0.42462,0.48697,103,29
test_200.png,0.52,19,0.42445,0.48713,87,29
test_200.png,1.04,37,0.42462,0.48857,64,29
test_200.png,2.08,75,0.42421,0.48908,52,28
test_200.png,5.21,188,0.42329,0.49502,36,27
test_200.png,10.42,375,0.42309,0.49394,23,23
test_201.png,0.0,0,0.64245,0.73684,154,5
test_201.png,0.21,8,0.64244,0.73934,65,5
test_201.png,0.52,19,0.64315,0.742,50,5
test_201.png,1.04,37,0.64354,0.7441,35,4
test_201.png,2.08,75,0.64353,0.74554,23,4
test_201.png,5.21,188,0.64582,0.74904,15,2
test_201.png,10.42,375,0.64282,0.74598,11,1
test_202.png,0.0,0,0.45484,0.5181,313,30
test_202.png,0.21,8,0.45151,0.51447,157,30
test_202.png,0.52,19,0.44804,0.50914,117,30
test_202.png,1.04,37,0.44284,0.50353,93,29
test_202.png,2.08,75,0.43519,0.49798,73,24
test_202.png,5.21,188,0.40987,0.47121,47,18
test_202.png,10.42,375,0.35615,0.4162,25,12
test_203.png,0.0,0,0.72326,0.88884,68,11
test_203.png,0.21,8,0.72373,0.89176,24,11
test_203.png,0.52,19,0.72434,0.89398,14,10
test_203.png,1.04,37,0.72499,0.89561,9,10
test_203.png,2.08,75,0.7266,0.89938,3,10
test_203.png,5.21,188,0.72788,0.90187,1,10
test_203.png,10.42,375,0.72885,0.90307,0,10
test_204.png,0.0,0,0.723,0.87403,59,4
test_204.png,0.21,8,0.72345,0.87679,14,4
test_204.png,0.52,19,0.72361,0.87769,8,4
test_204.png,1.04,37,0.72383,0.87835,6,4
test_204.png,2.08,75,0.7243,0.87924,4,4
test_204.png,5.21,188,0.72611,0.88186,1,4
test_204.png,10.42,375,0.72722,0.88366,0,2
test_205.png,0.0,0,0.72172,0.79661,186,18
test_205.png,0.21,8,0.72062,0.79793,95,18
test_205.png,0.52,19,0.71951,0.7972,79,18
test_205.png,1.04,37,0.71841,0.79854,63,18
test_205.png,2.08,75,0.71442,0.79551,52,18
test_205.png,5.21,188,0.69885,0.77913,35,16
test_205.png,10.42,375,0.66872,0.74795,25,9
test_206.png,0.0,0,0.812,0.92161,46,29
test_206.png,0.21,8,0.81186,0.92197,20,29
test_206.png,0.52,19,0.81177,0.92192,15,29
test_206.png,1.04,37,0.81127,0.92188,11,29
test_206.png,2.08,75,0.81043,0.92128,7,29
test_206.png,5.21,188,0.80955,0.92013,5,29
test_206.png,10.42,375,0.80955,0.92013,5,29
test_207.png,0.0,0,0.2599,0.29159,345,39
test_207.png,0.21,8,0.25868,0.28958,170,39
test_207.png,0.52,19,0.25753,0.28777,140,39
test_207.png,1.04,37,0.25295,0.28255,107,36
test_207.png,2.08,75,0.2466,0.27671,89,33
test_207.png,5.21,188,0.22927,0.25027,57,27
test_207.png,10.42,375,0.19384,0.21531,34,15
test_208.png,0.0,0,0.74433,0.76298,106,45
test_208.png,0.21,8,0.74443,0.76624,39,45
test_208.png,0.52,19,0.7448,0.76761,29,45
test_208.png,1.04,37,0.74484,0.76852,24,45
test_208.png,2.08,75,0.74496,0.76873,19,45
test_208.png,5.21,188,0.74709,0.77677,9,44
test_208.png,10.42,375,0.74296,0.77276,5,42
test_209.png,0.0,0,0.58705,0.5514,259,59
test_209.png,0.21,8,0.5866,0.55282,119,59
test_209.png,0.52,19,0.58578,0.55304,93,59
test_209.png,1.04,37,0.58552,0.55301,77,59
test_209.png,2.08,75,0.58581,0.55702,57,58
test_209.png,5.21,188,0.58233,0.55956,38,52
test_209.png,10.42,375,0.5786,0.56254,23,42
test_210.png,0.0,0,0.7166,0.82594,78,8
test_210.png,0.21,8,0.7168,0.82788,44,8
test_210.png,0.52,19,0.7171,0.83041,31,7
test_210.png,1.04,37,0.71827,0.83353,20,7
test_210.png,2.08,75,0.72086,0.8395,11,7
test_210.png,5.21,188,0.72368,0.8446,5,7
test_210.png,10.42,375,0.72368,0.8446,5,7
test_211.png,0.0,0,0.73753,0.88143,78,10
test_211.png,0.21,8,0.73704,0.88158,46,10
test_211.png,0.52,19,0.7361,0.8811,35,10
test_211.png,1.04,37,0.73627,0.88324,32,10
test_211.png,2.08,75,0.73612,0.88506,29,10
test_211.png,5.21,188,0.72806,0.87521,23,9
test_211.png,10.42,375,0.71108,0.85542,17,7
test_212.png,0.0,0,0.6786,0.80995,80,1
test_212.png,0.21,8,0.67897,0.81223,37,1
test_212.png,0.52,19,0.68027,0.81717,13,1
test_212.png,1.04,37,0.68067,0.81882,6,1
test_212.png,2.08,75,0.68172,0.82067,2,1
test_212.png,5.21,188,0.68225,0.82203,1,1
test_212.png,10.42,375,0.68362,0.8237,0,1
test_213.png,0.0,0,0.39754,0.44593,261,43
test_213.png,0.21,8,0.39643,0.44637,129,43
test_213.png,0.52,19,0.39533,0.44643,103,43
test_213.png,1.04,37,0.39502,0.44825,88,43
test_213.png,2.08,75,0.38698,0.44016,68,41
test_213.png,5.21,188,0.3685,0.41347,46,35
test_213.png,10.42,375,0.35611,0.40743,26,27
test_214.png,0.0,0,0.75347,0.87231,85,1
test_214.png,0.21,8,0.75411,0.87613,40,1
test_214.png,0.52,19,0.7543,0.87791,28,2
test_214.png,1.04,37,0.75513,0.88099,16,2
test_214.png,2.08,75,0.75639,0.88373,8,2
test_214.png,5.21,188,0.75969,0.88721,2,2
test_214.png,10.42,375,0.75486,0.88128,0,2
test_215.png,0.0,0,0.70114,0.85824,77,3
test_215.png,0.21,8,0.70162,0.86182,24,3
test_215.png,0.52,19,0.70188,0.86299,12,3
test_215.png,1.04,37,0.7023,0.86416,9,2
test_215.png,2.08,75,0.70285,0.8652,7,2
test_215.png,5.21,188,0.70492,0.86857,4,2
test_215.png,10.42,375,0.70592,0.87029,2,2
test_216.png,0.0,0,0.66855,0.70198,146,72
test_216.png,0.21,8,0.66877,0.70414,76,72
test_216.png,0.52,19,0.67005,0.70927,49,72
test_216.png,1.04,37,0.67083,0.71197,37,72
test_216.png,2.08,75,0.67217,0.7144,25,70
test_216.png,5.21,188,0.68,0.73028,11,65
test_216.png,10.42,375,0.68298,0.7352,4,61
test_217.png,0.0,0,0.84012,0.95538,33,7
test_217.png,0.21,8,0.84012,0.95626,5,7
test_217.png,0.52,19,0.84012,0.95626,5,7
test_217.png,1.04,37,0.84012,0.95626,5,7
test_217.png,2.08,75,0.83891,0.95537,1,7
test_217.png,5.21,188,0.83891,0.95537,1,7
test_217.png,10.42,375,0.83891,0.95537,1,7
test_218.png,0.0,0,0.34136,0.38806,287,13
test_218.png,0.21,8,0.34021,0.38956,147,13
test_218.png,0.52,19,0.33778,0.38595,120,13
test_218.png,1.04,37,0.33365,0.37958,100,12
test_218.png,2.08,75,0.32726,0.3757,73,7
test_218.png,5.21,188,0.31914,0.3708,54,5
test_218.png,10.42,375,0.25936,0.31231,24,0
test_219.png,0.0,0,0.577,0.56034,183,79
test_219.png,0.21,8,0.57627,0.56065,80,79
test_219.png,0.52,19,0.57497,0.55994,54,79
test_219.png,1.04,37,0.57442,0.56063,47,79
test_219.png,2.08,75,0.57242,0.5615,33,76
test_219.png,5.21,188,0.5746,0.56651,21,73
test_219.png,10.42,375,0.5802,0.57255,16,73
test_220.png,0.0,0,0.44886,0.36871,297,63
test_220.png,0.21,8,0.44777,0.36716,133,63
test_220.png,0.52,19,0.44692,0.36705,107,62
test_220.png,1.04,37,0.44806,0.36852,91,62
test_220.png,2.08,75,0.44921,0.36558,67,59
test_220.png,5.21,188,0.44551,0.35684,40,52
test_220.png,10.42,375,0.44237,0.35514,24,49
test_221.png,0.0,0,0.55637,0.61556,253,3
test_221.png,0.21,8,0.55547,0.61811,119,3
test_221.png,0.52,19,0.55379,0.61819,87,3
test_221.png,1.04,37,0.55331,0.61911,73,4
test_221.png,2.08,75,0.55212,0.62064,57,8
test_221.png,5.21,188,0.54001,0.6134,31,12
test_221.png,10.42,375,0.52528,0.59692,19,17
test_222.png,0.0,0,0.51509,0.51018,160,55
test_222.png,0.21,8,0.51529,0.51404,76,55
test_222.png,0.52,19,0.51575,0.51588,64,55
test_222.png,1.04,37,0.51718,0.51997,53,55
test_222.png,2.08,75,0.51804,0.52424,39,53
test_222.png,5.21,188,0.5281,0.54321,27,49
test_222.png,10.42,375,0.5361,0.5563,20,45
test_223.png,0.0,0,0.8178,0.8252,65,13
test_223.png,0.21,8,0.81841,0.83239,30,13
test_223.png,0.52,19,0.81864,0.83547,25,13
test_223.png,1.04,37,0.81992,0.84385,16,13
test_223.png,2.08,75,0.82051,0.84847,12,12
test_223.png,5.21,188,0.81888,0.85289,6,12
test_223.png,10.42,375,0.82109,0.85943,5,12
test_224.png,0.0,0,0.81307,0.83188,58,17
test_224.png,0.21,8,0.81306,0.83302,28,17
test_224.png,0.52,19,0.8135,0.83745,19,17
test_224.png,1.04,37,0.81401,0.84061,14,17
test_224.png,2.08,75,0.81447,0.84642,10,17
test_224.png,5.21,188,0.81524,0.85285,6,17
test_224.png,10.42,375,0.81375,0.84905,4,17
test_225.png,0.0,0,0.05755,0.01943,229,25
test_225.png,0.21,8,0.05649,0.01924,119,25
test_225.png,0.52,19,0.05596,0.01754,96,24
test_225.png,1.04,37,0.05425,0.01742,77,24
test_225.png,2.08,75,0.0505,0.00796,53,21
test_225.png,5.21,188,0.04821,0.00605,39,20
test_225.png,10.42,375,0.04261,0.00592,24,13
test_226.png,0.0,0,0.24563,0.20138,194,25
test_226.png,0.21,8,0.24477,0.20092,105,25
test_226.png,0.52,19,0.24389,0.20136,84,25
test_226.png,1.04,37,0.24255,0.20166,70,23
test_226.png,2.08,75,0.24277,0.2031,57,23
test_226.png,5.21,188,0.232,0.19649,39,22
test_226.png,10.42,375,0.20813,0.1792,19,18
test_227.png,0.0,0,0.73868,0.80328,13,27
test_227.png,0.21,8,0.73854,0.80298,6,27
test_227.png,0.52,19,0.73849,0.80314,4,27
test_227.png,1.04,37,0.73841,0.80352,3,27
test_227.png,2.08,75,0.73841,0.80352,3,27
test_227.png,5.21,188,0.7361,0.80094,2,27
test_227.png,10.42,375,0.7361,0.80094,2,27
test_228.png,0.0,0,0.79147,0.78186,62,14
test_228.png,0.21,8,0.79191,0.78611,30,14
test_228.png,0.52,19,0.7923,0.78827,23,14
test_228.png,1.04,37,0.79291,0.79112,18,14
test_228.png,2.08,75,0.79246,0.79178,15,13
test_228.png,5.21,188,0.79765,0.80758,7,10
test_228.png,10.42,375,0.80225,0.82527,2,8
test_229.png,0.0,0,0.89764,0.9527,12,2
test_229.png,0.21,8,0.89754,0.95284,3,2
test_229.png,0.52,19,0.89754,0.95284,3,2
test_229.png,1.04,37,0.89754,0.95284,3,2
test_229.png,2.08,75,0.89801,0.95753,2,2
test_229.png,5.21,188,0.90033,0.96183,0,2
test_229.png,10.42,375,0.90033,0.96183,0,2
test_230.png,0.0,0,0.06633,0.03885,245,26
test_230.png,0.21,8,0.06527,0.03835,133,26
test_230.png,0.52,19,0.06443,0.03649,104,26
test_230.png,1.04,37,0.06411,0.03315,92,26
test_230.png,2.08,75,0.05762,0.03254,72,24
test_230.png,5.21,188,0.05323,0.03099,52,22
test_230.png,10.42,375,0.02873,0.01696,23,20
test_231.png,0.0,0,0.75941,0.79507,78,33
test_231.png,0.21,8,0.75967,0.79927,33,33
test_231.png,0.52,19,0.76018,0.80158,28,33
test_231.png,1.04,37,0.76029,0.80313,25,32
test_231.png,2.08,75,0.76025,0.80606,19,31
test_231.png,5.21,188,0.76471,0.81666,14,31
test_231.png,10.42,375,0.76853,0.8249,12,31
test_232.png,0.0,0,0.51329,0.56527,57,22
test_232.png,0.21,8,0.51292,0.56506,20,22
test_232.png,0.52,19,0.51277,0.5649,19,22
test_232.png,1.04,37,0.5119,0.56343,14,22
test_232.png,2.08,75,0.51046,0.56052,12,22
test_232.png,5.21,188,0.50794,0.55611,11,22
test_232.png,10.42,375,0.50375,0.54632,8,22
test_233.png,0.0,0,0.77685,0.69153,68,47
test_233.png,0.21,8,0.77631,0.69178,32,47
test_233.png,0.52,19,0.77602,0.6929,23,47
test_233.png,1.04,37,0.7758,0.69287,22,47
test_233.png,2.08,75,0.77451,0.69316,18,47
test_233.png,5.21,188,0.77409,0.69547,13,47
test_233.png,10.42,375,0.77471,0.7016,10,46
test_234.png,0.0,0,0.67561,0.59164,60,38
test_234.png,0.21,8,0.67541,0.59301,25,38
test_234.png,0.52,19,0.67525,0.5934,20,38
test_234.png,1.04,37,0.67626,0.59653,15,37
test_234.png,2.08,75,0.67654,0.59694,14,37
test_234.png,5.21,188,0.67956,0.60383,8,36
test_234.png,10.42,375,0.67072,0.60457,4,36
test_235.png,0.0,0,0.71428,0.87766,28,8
test_235.png,0.21,8,0.71459,0.87959,8,8
test_235.png,0.52,19,0.71477,0.88076,6,8
test_235.png,1.04,37,0.71495,0.88125,5,8
test_235.png,2.08,75,0.71588,0.88335,3,8
test_235.png,5.21,188,0.7157,0.88389,1,8
test_235.png,10.42,375,0.71272,0.88116,0,8
test_236.png,0.0,0,0.43276,0.29718,159,43
test_236.png,0.21,8,0.43223,0.29838,70,43
test_236.png,0.52,19,0.43066,0.29844,53,42
test_236.png,1.04,37,0.4297,0.29909,43,41
test_236.png,2.08,75,0.42958,0.29994,36,41
test_236.png,5.21,188,0.42934,0.29576,23,38
test_236.png,10.42,375,0.42003,0.29573,20,37
test_237.png,0.0,0,0.89723,0.93274,33,37
test_237.png,0.21,8,0.89728,0.9338,13,37
test_237.png,0.52,19,0.89727,0.93409,11,37
test_237.png,1.04,37,0.89765,0.93604,8,37
test_237.png,2.08,75,0.89785,0.93672,7,37
test_237.png,5.21,188,0.89873,0.93948,5,37
test_237.png,10.42,375,0.9004,0.94433,0,36
test_238.png,0.0,0,0.71313,0.77518,73,16
test_238.png,0.21,8,0.7135,0.77903,38,16
test_238.png,0.52,19,0.71422,0.78374,26,16
test_238.png,1.04,37,0.71491,0.78648,20,16
test_238.png,2.08,75,0.71667,0.79317,17,16
test_238.png,5.21,188,0.72524,0.81377,6,13
test_238.png,10.42,375,0.73352,0.82629,3,12
test_239.png,0.0,0,0.27128,0.32342,205,40
test_239.png,0.21,8,0.27073,0.32348,108,40
test_239.png,0.52,19,0.26983,0.32234,82,40
test_239.png,1.04,37,0.26915,0.32207,73,40
test_239.png,2.08,75,0.26711,0.32052,54,39
test_239.png,5.21,188,0.26898,0.32694,40,36
test_239.png,10.42,375,0.23226,0.28205,28,33
test_240.png,0.0,0,0.35552,0.28505,212,69
test_240.png,0.21,8,0.35507,0.28448,100,69
test_240.png,0.52,19,0.3548,0.28525,79,69
test_240.png,1.04,37,0.35501,0.28622,66,69
test_240.png,2.08,75,0.3546,0.28723,58,69
test_240.png,5.21,188,0.34282,0.28455,37,63
test_240.png,10.42,375,0.33269,0.27433,23,58
test_241.png,0.0,0,0.65037,0.63362,163,21
test_241.png,0.21,8,0.6507,0.63812,82,21
test_241.png,0.52,19,0.65082,0.63928,68,21
test_241.png,1.04,37,0.65101,0.64055,58,21
test_241.png,2.08,75,0.64986,0.642,47,21
test_241.png,5.21,188,0.6541,0.65233,31,19
test_241.png,10.42,375,0.6526,0.65492,23,16
test_242.png,0.0,0,0.74231,0.78837,147,9
test_242.png,0.21,8,0.74206,0.79044,62,9
test_242.png,0.52,19,0.74192,0.79142,46,10
test_242.png,1.04,37,0.74112,0.79178,33,10
test_242.png,2.08,75,0.74048,0.79225,24,12
test_242.png,5.21,188,0.7409,0.79306,19,12
test_242.png,10.42,375,0.74056,0.79389,14,12
test_243.png,0.0,0,0.91215,0.98873,5,2
test_243.png,0.21,8,0.91221,0.98926,0,2
test_243.png,0.52,19,0.91221,0.98926,0,2
test_243.png,1.04,37,0.91221,0.98926,0,2
test_243.png,2.08,75,0.91221,0.98926,0,2
test_243.png,5.21,188,0.91221,0.98926,0,2
test_243.png,10.42,375,0.91221,0.98926,0,2
test_244.png,0.0,0,0.60272,0.58434,101,13
test_244.png,0.21,8,0.60258,0.5865,58,13
test_244.png,0.52,19,0.60238,0.58822,46,13
test_244.png,1.04,37,0.60102,0.58919,38,13
test_244.png,2.08,75,0.5995,0.58841,33,13
test_244.png,5.21,188,0.60046,0.59516,27,9
test_244.png,10.42,375,0.58473,0.58339,17,7
test_245.png,0.0,0,0.67935,0.6607,102,43
test_245.png,0.21,8,0.67886,0.66218,45,43
test_245.png,0.52,19,0.67813,0.66099,30,43
test_245.png,1.04,37,0.67804,0.66288,26,43
test_245.png,2.08,75,0.67682,0.66371,22,43
test_245.png,5.21,188,0.67554,0.66714,16,42
test_245.png,10.42,375,0.66684,0.65561,8,41
test_246.png,0.0,0,0.02513,0.00875,301,19
test_246.png,0.21,8,0.02471,0.00857,157,19
test_246.png,0.52,19,0.02454,0.00852,128,19
test_246.png,1.04,37,0.02357,0.00652,94,18
test_246.png,2.08,75,0.02403,0.00664,64,15
test_246.png,5.21,188,0.02501,0.0068,33,11
test_246.png,10.42,375,0.02584,0.00694,20,6
test_247.png,0.0,0,0.57537,0.62915,96,22
test_247.png,0.21,8,0.57423,0.62873,57,22
test_247.png,0.52,19,0.57247,0.62781,48,22
test_247.png,1.04,37,0.57197,0.62946,42,22
test_247.png,2.08,75,0.56718,0.63416,31,17
test_247.png,5.21,188,0.56097,0.64552,20,15
test_247.png,10.42,375,0.5481,0.64391,15,15
test_248.png,0.0,0,0.9449,0.99002,5,9
test_248.png,0.21,8,0.94496,0.99093,0,9
test_248.png,0.52,19,0.94496,0.99093,0,9
test_248.png,1.04,37,0.94496,0.99093,0,9
test_248.png,2.08,75,0.94496,0.99093,0,9
test_248.png,5.21,188,0.94496,0.99093,0,9
test_248.png,10.42,375,0.94496,0.99093,0,9
test_249.png,0.0,0,0.90826,0.91083,42,45
test_249.png,0.21,8,0.90869,0.91506,17,45
test_249.png,0.52,19,0.90907,0.91685,13,45
test_249.png,1.04,37,0.90936,0.91982,9,45
test_249.png,2.08,75,0.91024,0.9224,7,44
test_249.png,5.21,188,0.9129,0.92995,2,44
test_249.png,10.42,375,0.91445,0.93655,1,43
test_250.png,0.0,0,0.85372,0.84595,34,44
test_250.png,0.21,8,0.85376,0.84722,15,44
test_250.png,0.52,19,0.85393,0.84837,10,44
test_250.png,1.04,37,0.85424,0.84949,8,43
test_250.png,2.08,75,0.85425,0.85008,6,43
test_250.png,5.21,188,0.85663,0.85385,4,43
test_250.png,10.42,375,0.85855,0.85871,3,42
test_251.png,0.0,0,0.31844,0.34715,216,1
test_251.png,0.21,8,0.31761,0.3474,117,1
test_251.png,0.52,19,0.31722,0.34632,95,1
test_251.png,1.04,37,0.31709,0.34731,75,1
test_251.png,2.08,75,0.31647,0.34789,61,4
test_251.png,5.21,188,0.31768,0.35219,42,6
test_251.png,10.42,375,0.3131,0.34084,25,9
test_252.png,0.0,0,0.41033,0.48003,142,14
test_252.png,0.21,8,0.40999,0.4806,87,14
test_252.png,0.52,19,0.40971,0.48137,71,14
test_252.png,1.04,37,0.40889,0.48033,63,14
test_252.png,2.08,75,0.40817,0.47983,53,14
test_252.png,5.21,188,0.39797,0.46632,33,13
test_252.png,10.42,375,0.40158,0.46936,25,12
test_253.png,0.0,0,0.84632,0.92825,33,1
test_253.png,0.21,8,0.84646,0.92957,19,1
test_253.png,0.52,19,0.84686,0.93221,13,1
test_253.png,1.04,37,0.84742,0.934,10,1
test_253.png,2.08,75,0.84741,0.9343,8,1
test_253.png,5.21,188,0.8502,0.94228,4,1
test_253.png,10.42,375,0.84933,0.94261,2,0
test_254.png,0.0,0,0.82081,0.79525,84,31
test_254.png,0.21,8,0.8211,0.79906,43,31
test_254.png,0.52,19,0.82142,0.80175,33,31
test_254.png,1.04,37,0.8224,0.80529,25,31
test_254.png,2.08,75,0.82497,0.81371,17,30
test_254.png,5.21,188,0.83131,0.82982,9,28
test_254.png,10.42,375,0.83507,0.83911,7,27
test_255.png,0.0,0,0.06998,0.04236,186,25
test_255.png,0.21,8,0.0691,0.04012,108,25
test_255.png,0.52,19,0.06771,0.03919,86,25
test_255.png,1.04,37,0.06577,0.03659,75,23
test_255.png,2.08,75,0.0625,0.0363,63,18
test_255.png,5.21,188,0.04794,0.02601,36,16
test_255.png,10.42,375,0.03083,0.02089,23,14
test_256.png,0.0,0,0.53612,0.3701,133,32
test_256.png,0.21,8,0.53413,0.36832,63,32
test_256.png,0.52,19,0.53245,0.36617,47,32
test_256.png,1.04,37,0.53079,0.36216,41,32
test_256.png,2.08,75,0.52966,0.36223,38,32
test_256.png,5.21,188,0.50992,0.32677,22,27
test_256.png,10.42,375,0.50775,0.31432,20,27
test_257.png,0.0,0,0.78707,0.76077,133,28
test_257.png,0.21,8,0.78764,0.76598,67,28
test_257.png,0.52,19,0.78813,0.76814,53,28
test_257.png,1.04,37,0.79034,0.77547,37,27
test_257.png,2.08,75,0.79218,0.781,27,26
test_257.png,5.21,188,0.79893,0.79837,15,25
test_257.png,10.42,375,0.81041,0.81858,8,20
test_258.png,0.0,0,0.67258,0.68865,114,19
test_258.png,0.21,8,0.67306,0.69331,52,19
test_258.png,0.52,19,0.67346,0.69528,47,19
test_258.png,1.04,37,0.67432,0.69706,42,19
test_258.png,2.08,75,0.67271,0.69822,35,19
test_258.png,5.21,188,0.67453,0.7031,27,19
test_258.png,10.42,375,0.67894,0.71759,17,12
test_259.png,0.0,0,0.36974,0.3727,244,58
test_259.png,0.21,8,0.36993,0.37497,125,58
test_259.png,0.52,19,0.36984,0.37586,96,58
test_259.png,1.04,37,0.36981,0.37729,79,56
test_259.png,2.08,75,0.37151,0.38175,61,49
test_259.png,5.21,188,0.37209,0.38688,35,43
test_259.png,10.42,375,0.36745,0.38232,24,39
test_260.png,0.0,0,0.13312,0.11648,279,28
test_260.png,0.21,8,0.13211,0.11652,133,28
test_260.png,0.52,19,0.13087,0.11554,102,28
test_260.png,1.04,37,0.12983,0.11414,88,27
test_260.png,2.08,75,0.12882,0.11453,73,23
test_260.png,5.21,188,0.12382,0.10818,49,15
test_260.png,10.42,375,0.11264,0.09718,28,10
test_261.png,0.0,0,0.91071,0.96986,19,15
test_261.png,0.21,8,0.91075,0.97068,5,15
test_261.png,0.52,19,0.91075,0.97068,5,15
test_261.png,1.04,37,0.91075,0.97068,5,15
test_261.png,2.08,75,0.91075,0.97068,5,15
test_261.png,5.21,188,0.91049,0.97157,3,15
test_261.png,10.42,375,0.91131,0.97485,0,14
test_262.png,0.0,0,0.73645,0.79541,130,13
test_262.png,0.21,8,0.73612,0.79675,64,13
test_262.png,0.52,19,0.73621,0.79876,49,13
test_262.png,1.04,37,0.73517,0.79817,40,12
test_262.png,2.08,75,0.73265,0.79715,29,11
test_262.png,5.21,188,0.72381,0.78773,17,8
test_262.png,10.42,375,0.7024,0.76587,6,2
test_263.png,0.0,0,0.88604,0.94771,32,5
test_263.png,0.21,8,0.88639,0.95023,9,5
test_263.png,0.52,19,0.88667,0.95126,5,5
test_263.png,1.04,37,0.88701,0.95235,3,5
test_263.png,2.08,75,0.88736,0.95316,2,5
test_263.png,5.21,188,0.88787,0.95365,1,5
test_263.png,10.42,375,0.88787,0.95365,1,5
test_264.png,0.0,0,0.34159,0.405,235,41
test_264.png,0.21,8,0.34065,0.40478,111,41
test_264.png,0.52,19,0.34023,0.40466,94,41
test_264.png,1.04,37,0.33862,0.40333,77,40
test_264.png,2.08,75,0.3346,0.39787,61,37
test_264.png,5.21,188,0.30081,0.35902,30,27
test_264.png,10.42,375,0.28612,0.34218,24,26
test_265.png,0.0,0,0.31723,0.37705,192,24
test_265.png,0.21,8,0.31729,0.38002,113,24
test_265.png,0.52,19,0.3168,0.38139,92,23
test_265.png,1.04,37,0.31577,0.38275,77,22
test_265.png,2.08,75,0.31018,0.37988,58,22
test_265.png,5.21,188,0.30826,0.38376,40,19
test_265.png,10.42,375,0.30774,0.3785,26,16
test_266.png,0.0,0,0.48178,0.56664,176,19
test_266.png,0.21,8,0.48192,0.56915,90,19
test_266.png,0.52,19,0.48223,0.5719,65,19
test_266.png,1.04,37,0.48196,0.57212,56,18
test_266.png,2.08,75,0.4817,0.57276,44,17
test_266.png,5.21,188,0.47891,0.5688,30,16
test_266.png,10.42,375,0.47225,0.5604,22,15
test_267.png,0.0,0,0.62443,0.6586,46,12
test_267.png,0.21,8,0.62403,0.65875,27,12
test_267.png,0.52,19,0.62361,0.66006,20,12
test_267.png,1.04,37,0.62409,0.66174,18,12
test_267.png,2.08,75,0.62409,0.66174,18,12
test_267.png,5.21,188,0.62308,0.67062,13,11
test_267.png,10.42,375,0.60469,0.65406,10,10
test_268.png,0.0,0,0.66363,0.65483,93,42
test_268.png,0.21,8,0.66183,0.65406,37,42
test_268.png,0.52,19,0.66071,0.65271,31,42
test_268.png,1.04,37,0.66044,0.65501,26,41
test_268.png,2.08,75,0.65725,0.65905,15,41
test_268.png,5.21,188,0.65562,0.66122,13,39
test_268.png,10.42,375,0.6507,0.66397,10,38
test_269.png,0.0,0,0.8641,0.84601,53,33
test_269.png,0.21,8,0.8645,0.85014,25,33
test_269.png,0.52,19,0.86526,0.85484,16,32
test_269.png,1.04,37,0.8658,0.85685,13,32
test_269.png,2.08,75,0.86687,0.861,10,32
test_269.png,5.21,188,0.8705,0.86784,7,32
test_269.png,10.42,375,0.87856,0.88623,3,28
test_270.png,0.0,0,0.37998,0.42314,249,12
test_270.png,0.21,8,0.38006,0.42584,138,12
test_270.png,0.52,19,0.37885,0.42527,112,12
test_270.png,1.04,37,0.37744,0.42453,87,11
test_270.png,2.08,75,0.37427,0.42128,67,8
test_270.png,5.21,188,0.36705,0.41401,35,6
test_270.png,10.42,375,0.36362,0.412,22,4
test_271.png,0.0,0,0.7438,0.76844,59,24
test_271.png,0.21,8,0.74451,0.77327,24,24
test_271.png,0.52,19,0.74508,0.77595,19,24
test_271.png,1.04,37,0.74606,0.78005,15,24
test_271.png,2.08,75,0.74883,0.78863,9,24
test_271.png,5.21,188,0.75054,0.79227,7,24
test_271.png,10.42,375,0.75306,0.80025,6,24
test_272.png,0.0,0,0.70307,0.74447,48,13
test_272.png,0.21,8,0.70305,0.74588,26,13
test_272.png,0.52,19,0.70363,0.75034,20,13
test_272.png,1.04,37,0.70313,0.74968,19,13
test_272.png,2.08,75,0.70179,0.74963,17,13
test_272.png,5.21,188,0.70152,0.74951,14,13
test_272.png,10.42,375,0.70619,0.75821,10,9
test_273.png,0.0,0,0.36752,0.21273,165,43
test_273.png,0.21,8,0.36778,0.21173,80,43
test_273.png,0.52,19,0.3682,0.21195,59,43
test_273.png,1.04,37,0.36925,0.21315,47,41
test_273.png,2.08,75,0.37243,0.21495,35,40
test_273.png,5.21,188,0.36761,0.21361,23,35
test_273.png,10.42,375,0.37607,0.21797,14,32
test_274.png,0.0,0,0.73744,0.68066,66,50
test_274.png,0.21,8,0.73791,0.68503,29,50
test_274.png,0.52,19,0.73849,0.68752,22,50
test_274.png,1.04,37,0.73902,0.68864,19,50
test_274.png,2.08,75,0.74039,0.69264,15,50
test_274.png,5.21,188,0.74272,0.69826,12,50
test_274.png,10.42,375,0.74866,0.70905,9,50
test_275.png,0.0,0,0.79661,0.93214,26,9
test_275.png,0.21,8,0.79671,0.93276,9,9
test_275.png,0.52,19,0.79682,0.93307,7,9
test_275.png,1.04,37,0.79694,0.9334,6,9
test_275.png,2.08,75,0.79694,0.9334,6,9
test_275.png,5.21,188,0.80038,0.93942,1,9
test_275.png,10.42,375,0.80038,0.93942,1,9
test_276.png,0.0,0,0.52893,0.52911,134,46
test_276.png,0.21,8,0.52908,0.53178,62,46
test_276.png,0.52,19,0.52892,0.53239,52,46
test_276.png,1.04,37,0.52896,0.53548,41,45
test_276.png,2.08,75,0.52966,0.53778,33,45
test_276.png,5.21,188,0.53288,0.54687,24,43
test_276.png,10.42,375,0.53374,0.55948,14,37
test_277.png,0.0,0,0.16305,0.11466,270,48
test_277.png,0.21,8,0.16306,0.11554,129,48
test_277.png,0.52,19,0.16332,0.11481,93,48
test_277.png,1.04,37,0.16409,0.1158,72,46
test_277.png,2.08,75,0.16657,0.11801,58,45
test_277.png,5.21,188,0.17553,0.1243,32,40
test_277.png,10.42,375,0.18976,0.13094,18,33
test_278.png,0.0,0,0.85823,0.83142,56,66
test_278.png,0.21,8,0.85846,0.83378,20,66
test_278.png,0.52,19,0.85881,0.83625,12,66
test_278.png,1.04,37,0.85921,0.83765,9,66
test_278.png,2.08,75,0.8587,0.83642,8,66
test_278.png,5.21,188,0.86023,0.84209,5,65
test_278.png,10.42,375,0.86134,0.84462,4,65
test_279.png,0.0,0,0.56511,0.548,84,46
test_279.png,0.21,8,0.56541,0.55083,35,46
test_279.png,0.52,19,0.56577,0.55391,26,46
test_279.png,1.04,37,0.56633,0.55613,20,46
test_279.png,2.08,75,0.56698,0.55777,18,46
test_279.png,5.21,188,0.5661,0.55638,13,45
test_279.png,10.42,375,0.56471,0.54875,12,45
test_280.png,0.0,0,0.76855,0.65508,110,30
test_280.png,0.21,8,0.76938,0.66162,49,30
test_280.png,0.52,19,0.77045,0.66949,34,30
test_280.png,1.04,37,0.77129,0.67305,29,30
test_280.png,2.08,75,0.77251,0.67951,25,30
test_280.png,5.21,188,0.7826,0.73329,11,30
test_280.png,10.42,375,0.79396,0.79755,3,30
test_281.png,0.0,0,0.48787,0.52012,155,86
test_281.png,0.21,8,0.48821,0.52402,58,86
test_281.png,0.52,19,0.48867,0.52603,46,85
test_281.png,1.04,37,0.48873,0.52681,38,85
test_281.png,2.08,75,0.48996,0.53058,32,85
test_281.png,5.21,188,0.49342,0.53596,21,82
test_281.png,10.42,375,0.5009,0.54904,14,78
test_282.png,0.0,0,0.70382,0.84104,16,31
test_282.png,0.21,8,0.70386,0.84142,7,31
test_282.png,0.52,19,0.70401,0.84211,5,31
test_282.png,1.04,37,0.70415,0.84243,4,31
test_282.png,2.08,75,0.70415,0.84243,4,31
test_282.png,5.21,188,0.70527,0.8461,2,26
test_282.png,10.42,375,0.70679,0.84806,1,26
test_283.png,0.0,0,0.89553,0.89515,55,8
test_283.png,0.21,8,0.89609,0.89899,17,8
test_283.png,0.52,19,0.89628,0.90021,14,8
test_283.png,1.04,37,0.89673,0.90197,9,8
test_283.png,2.08,75,0.89802,0.9072,5,8
test_283.png,5.21,188,0.8992,0.91093,3,8
test_283.png,10.42,375,0.90093,0.91372,2,8
test_284.png,0.0,0,0.48437,0.42488,27,18
test_284.png,0.21,8,0.48472,0.42781,14,18
test_284.png,0.52,19,0.48493,0.42943,12,18
test_284.png,1.04,37,0.48511,0.43067,11,18
test_284.png,2.08,75,0.48607,0.43461,9,18
test_284.png,5.21,188,0.48702,0.43894,8,18
test_284.png,10.42,375,0.49136,0.44922,6,18
test_285.png,0.0,0,0.10148,0.02193,154,55
test_285.png,0.21,8,0.10075,0.02191,80,55
test_285.png,0.52,19,0.09963,0.02189,65,55
test_285.png,1.04,37,0.09806,0.02014,59,55
test_285.png,2.08,75,0.08807,0.0139,44,54
test_285.png,5.21,188,0.07498,0.00383,28,53
test_285.png,10.42,375,0.05233,0.0038,16,52
test_286.png,0.0,0,0.63739,0.62999,55,58
test_286.png,0.21,8,0.63754,0.63182,30,58
test_286.png,0.52,19,0.63804,0.63407,25,58
test_286.png,1.04,37,0.6389,0.63655,21,56
test_286.png,2.08,75,0.63896,0.63726,18,56
test_286.png,5.21,188,0.64469,0.64435,13,56
test_286.png,10.42,375,0.64988,0.65265,10,55
test_287.png,0.0,0,0.83287,0.93797,28,23
test_287.png,0.21,8,0.83328,0.93989,10,23
test_287.png,0.52,19,0.83368,0.94065,6,23
test_287.png,1.04,37,0.83391,0.94115,5,23
test_287.png,2.08,75,0.83442,0.94205,4,23
test_287.png,5.21,188,0.83512,0.94304,3,22
test_287.png,10.42,375,0.83871,0.94562,1,22
test_288.png,0.0,0,0.34342,0.32432,150,44
test_288.png,0.21,8,0.3428,0.32418,84,44
test_288.png,0.52,19,0.34292,0.32639,62,44
test_288.png,1.04,37,0.34325,0.32731,54,43
test_288.png,2.08,75,0.34129,0.32966,34,43
test_288.png,5.21,188,0.33954,0.33375,24,43
test_288.png,10.42,375,0.32372,0.32184,16,41
test_289.png,0.0,0,0.35049,0.28703,91,92
test_289.png,0.21,8,0.35077,0.28813,36,92
test_289.png,0.52,19,0.35119,0.28979,27,92
test_289.png,1.04,37,0.35192,0.29155,21,92
test_289.png,2.08,75,0.35241,0.29228,19,92
test_289.png,5.21,188,0.35535,0.29581,13,92
test_289.png,10.42,375,0.35804,0.29847,11,92
test_290.png,0.0,0,0.00319,0.00652,103,22
test_290.png,0.21,8,0.00286,0.00529,50,22
test_290.png,0.52,19,0.00235,0.00443,38,22
test_290.png,1.04,37,0.00235,0.00447,32,21
test_290.png,2.08,75,0.00058,0.0,25,20
test_290.png,5.21,188,0.0006,0.0,12,18
test_290.png,10.42,375,0.00061,0.0,8,18
test_291.png,0.0,0,0.50993,0.48973,55,17
test_291.png,0.21,8,0.51056,0.49441,25,17
test_291.png,0.52,19,0.51145,0.49836,18,17
test_291.png,1.04,37,0.51164,0.49899,17,17
test_291.png,2.08,75,0.5149,0.51173,10,13
test_291.png,5.21,188,0.51964,0.52313,7,11
test_291.png,10.42,375,0.52638,0.53464,5,10
test_292.png,0.0,0,0.5876,0.70494,38,11
test_292.png,0.21,8,0.58749,0.70492,18,11
test_292.png,0.52,19,0.58738,0.7055,10,11
test_292.png,1.04,37,0.58689,0.7043,8,11
test_292.png,2.08,75,0.58664,0.70446,6,11
test_292.png,5.21,188,0.58432,0.70228,3,11
test_292.png,10.42,375,0.58432,0.70228,3,11
test_293.png,0.0,0,0.81194,0.84118,66,31
test_293.png,0.21,8,0.81254,0.84647,30,31
test_293.png,0.52,19,0.81335,0.85082,17,31
test_293.png,1.04,37,0.8141,0.85321,13,31
test_293.png,2.08,75,0.81486,0.85487,11,31
test_293.png,5.21,188,0.81919,0.86534,6,30
test_293.png,10.42,375,0.82397,0.87662,3,30
test_294.png,0.0,0,0.8916,0.96566,18,15
test_294.png,0.21,8,0.89176,0.96629,4,15
test_294.png,0.52,19,0.89176,0.96634,0,15
test_294.png,1.04,37,0.89192,0.96706,3,15
test_294.png,2.08,75,0.89263,0.96824,5,15
test_294.png,5.21,188,0.8932,0.96892,6,15
test_294.png,10.42,375,0.895,0.97003,7,15
test_295.png,0.0,0,0.74426,0.70385,62,64
test_295.png,0.21,8,0.74368,0.70124,21,64
test_295.png,0.52,19,0.74388,0.70363,13,64
test_295.png,1.04,37,0.74374,0.70369,11,64
test_295.png,2.08,75,0.7442,0.70539,10,64
test_295.png,5.21,188,0.74808,0.71202,5,61
test_295.png,10.42,375,0.75163,0.71727,3,61
test_296.png,0.0,0,0.20079,0.20713,269,32
test_296.png,0.21,8,0.19925,0.20626,130,32
test_296.png,0.52,19,0.19738,0.2029,101,32
test_296.png,1.04,37,0.19706,0.20296,84,30
test_296.png,2.08,75,0.19307,0.19982,66,28
test_296.png,5.21,188,0.1836,0.18545,38,25
test_296.png,10.42,375,0.15636,0.16046,21,19
test_297.png,0.0,0,0.74083,0.83124,72,19
test_297.png,0.21,8,0.74133,0.83494,37,19
test_297.png,0.52,19,0.74201,0.83712,29,19
test_297.png,1.04,37,0.7433,0.84063,22,19
test_297.png,2.08,75,0.74453,0.84295,19,19
test_297.png,5.21,188,0.74788,0.84815,14,19
test_297.png,10.42,375,0.76929,0.87934,4,18
test_298.png,0.0,0,0.48671,0.36698,204,41
test_298.png,0.21,8,0.48812,0.37459,109,41
test_298.png,0.52,19,0.49057,0.38349,80,41
test_298.png,1.04,37,0.49235,0.38754,70,41
test_298.png,2.08,75,0.49966,0.40216,50,37
test_298.png,5.21,188,0.5176,0.43003,30,35
test_298.png,10.42,375,0.5436,0.46662,18,30
test_299.png,0.0,0,0.71116,0.69676,50,37
test_299.png,0.21,8,0.71143,0.69975,19,37
test_299.png,0.52,19,0.71153,0.70033,18,37
test_299.png,1.04,37,0.71211,0.70281,14,37
test_299.png,2.08,75,0.71309,0.70579,11,37
test_299.png,5.21,188,0.71575,0.71193,4,37
test_299.png,10.42,375,0.71932,0.71942,2,37
test_300.png,0.0,0,0.67946,0.54532,99,27
test_300.png,0.21,8,0.67987,0.54839,51,27
test_300.png,0.52,19,0.68039,0.55154,43,27
test_300.png,1.04,37,0.68192,0.55812,35,27
test_300.png,2.08,75,0.68659,0.57385,22,24
test_300.png,5.21,188,0.69238,0.59444,15,21
test_300.png,10.42,375,0.69378,0.59623,14,20
test_301.png,0.0,0,0.75493,0.7376,49,12
test_301.png,0.21,8,0.75519,0.73953,28,12
test_301.png,0.52,19,0.75519,0.73953,28,12
test_301.png,1.04,37,0.75544,0.74032,26,12
test_301.png,2.08,75,0.75586,0.74168,25,12
test_301.png,5.21,188,0.7587,0.75005,21,12
test_301.png,10.42,375,0.78756,0.81306,6,12
test_302.png,0.0,0,0.79263,0.70933,71,29
test_302.png,0.21,8,0.79331,0.71439,36,29
test_302.png,0.52,19,0.79433,0.71956,26,29
test_302.png,1.04,37,0.79566,0.72547,21,28
test_302.png,2.08,75,0.79883,0.73629,14,28
test_302.png,5.21,188,0.80808,0.75727,5,27
test_302.png,10.42,375,0.81034,0.76222,4,27
test_303.png,0.0,0,0.63822,0.48043,123,15
test_303.png,0.21,8,0.6391,0.48627,71,15
test_303.png,0.52,19,0.64091,0.49454,50,14
test_303.png,1.04,37,0.64417,0.51343,34,14
test_303.png,2.08,75,0.64908,0.53778,22,14
test_303.png,5.21,188,0.66117,0.61208,8,13
test_303.png,10.42,375,0.66877,0.64448,5,9
test_304.png,0.0,0,0.70694,0.74093,54,47
test_304.png,0.21,8,0.7074,0.7456,16,47
test_304.png,0.52,19,0.70786,0.74763,9,47
test_304.png,1.04,37,0.70816,0.74866,7,47
test_304.png,2.08,75,0.70841,0.75016,6,47
test_304.png,5.21,188,0.70759,0.74196,5,47
test_304.png,10.42,375,0.70921,0.74285,4,47
test_305.png,0.0,0,0.26476,0.24941,237,37
test_305.png,0.21,8,0.26357,0.24793,113,37
test_305.png,0.52,19,0.26206,0.24747,90,37
test_305.png,1.04,37,0.25997,0.24566,74,37
test_305.png,2.08,75,0.25273,0.23764,54,35
test_305.png,5.21,188,0.2404,0.23727,28,33
test_305.png,10.42,375,0.24207,0.241,14,29
test_306.png,0.0,0,0.92835,0.92729,47,6
test_306.png,0.21,8,0.92919,0.934,21,6
test_306.png,0.52,19,0.92997,0.93671,17,6
test_306.png,1.04,37,0.93158,0.94417,12,6
test_306.png,2.08,75,0.9362,0.9585,5,6
test_306.png,5.21,188,0.94435,0.97885,0,5
test_306.png,10.42,375,0.94435,0.97885,0,5
test_307.png,0.0,0,0.82636,0.87454,22,10
test_307.png,0.21,8,0.82648,0.87611,11,10
test_307.png,0.52,19,0.82689,0.87867,7,10
test_307.png,1.04,37,0.82689,0.87867,7,10
test_307.png,2.08,75,0.8272,0.87927,6,10
test_307.png,5.21,188,0.82946,0.88332,3,10
test_307.png,10.42,375,0.82946,0.88332,3,10
test_308.png,0.0,0,0.73883,0.70977,153,12
test_308.png,0.21,8,0.74054,0.72098,81,12
test_308.png,0.52,19,0.74349,0.73221,62,11
test_308.png,1.04,37,0.74898,0.74797,45,11
test_308.png,2.08,75,0.75939,0.77491,30,6
test_308.png,5.21,188,0.78374,0.82186,13,3
test_308.png,10.42,375,0.80854,0.86428,5,1
test_309.png,0.0,0,0.86912,0.88209,75,13
test_309.png,0.21,8,0.86938,0.88583,31,13
test_309.png,0.52,19,0.86981,0.88878,21,13
test_309.png,1.04,37,0.86968,0.88995,17,13
test_309.png,2.08,75,0.87206,0.89882,12,13
test_309.png,5.21,188,0.87796,0.91376,6,13
test_309.png,10.42,375,0.8784,0.91944,2,12
test_310.png,0.0,0,0.8649,0.89875,82,10
test_310.png,0.21,8,0.86485,0.90141,31,10
test_310.png,0.52,19,0.86476,0.90265,22,10
test_310.png,1.04,37,0.86487,0.90516,13,9
test_310.png,2.08,75,0.86514,0.90692,10,9
test_310.png,5.21,188,0.86201,0.90303,7,9
test_310.png,10.42,375,0.86412,0.90691,4,7
test_311.png,0.0,0,0.85681,0.81995,31,25
test_311.png,0.21,8,0.85703,0.82224,13,25
test_311.png,0.52,19,0.85732,0.82306,10,25
test_311.png,1.04,37,0.85747,0.8244,9,25
test_311.png,2.08,75,0.85843,0.82896,6,25
test_311.png,5.21,188,0.86024,0.83733,4,23
test_311.png,10.42,375,0.86351,0.84618,2,22
test_312.png,0.0,0,0.81618,0.87834,51,12
test_312.png,0.21,8,0.81628,0.88102,12,12
test_312.png,0.52,19,0.81616,0.88101,9,12
test_312.png,1.04,37,0.81631,0.88149,6,12
test_312.png,2.08,75,0.81764,0.88426,3,12
test_312.png,5.21,188,0.81495,0.8818,0,12
test_312.png,10.42,375,0.8145,0.88205,1,12
test_313.png,0.0,0,0.2799,0.31222,34,12
test_313.png,0.21,8,0.27973,0.31138,7,12
test_313.png,0.52,19,0.27976,0.31167,6,12
test_313.png,1.04,37,0.27861,0.30929,3,12
test_313.png,2.08,75,0.2789,0.31025,1,12
test_313.png,5.21,188,0.2789,0.31025,1,12
test_313.png,10.42,375,0.2789,0.31025,1,12
test_314.png,0.0,0,0.73518,0.6928,61,14
test_314.png,0.21,8,0.73567,0.69722,30,14
test_314.png,0.52,19,0.7364,0.70091,24,14
test_314.png,1.04,37,0.73773,0.70698,18,14
test_314.png,2.08,75,0.73924,0.71288,15,14
test_314.png,5.21,188,0.74235,0.72142,13,14
test_314.png,10.42,375,0.74997,0.74078,10,14
test_315.png,0.0,0,0.85191,0.93351,12,8
test_315.png,0.21,8,0.85202,0.93448,4,8
test_315.png,0.52,19,0.85211,0.93487,3,8
test_315.png,1.04,37,0.85211,0.93487,3,8
test_315.png,2.08,75,0.85231,0.93543,2,8
test_315.png,5.21,188,0.85231,0.93543,2,8
test_315.png,10.42,375,0.85356,0.93849,1,8
test_316.png,0.0,0,0.1224,0.1967,113,63
test_316.png,0.21,8,0.12183,0.19495,37,63
test_316.png,0.52,19,0.12163,0.19471,27,63
test_316.png,1.04,37,0.12043,0.19223,24,63
test_316.png,2.08,75,0.11811,0.18862,21,63
test_316.png,5.21,188,0.10953,0.17595,12,62
test_316.png,10.42,375,0.08977,0.13848,9,61
test_317.png,0.0,0,0.2257,0.25049,244,46
test_317.png,0.21,8,0.22306,0.24703,121,46
test_317.png,0.52,19,0.22198,0.24701,97,46
test_317.png,1.04,37,0.21676,0.23838,76,46
test_317.png,2.08,75,0.20937,0.23571,58,43
test_317.png,5.21,188,0.19843,0.22023,32,40
test_317.png,10.42,375,0.13736,0.16596,14,36
test_318.png,0.0,0,0.89529,0.86711,32,7
test_318.png,0.21,8,0.89549,0.86852,16,7
test_318.png,0.52,19,0.89584,0.87035,12,6
test_318.png,1.04,37,0.89662,0.87435,8,6
test_318.png,2.08,75,0.89763,0.87852,5,6
test_318.png,5.21,188,0.89828,0.88079,4,6
test_318.png,10.42,375,0.89967,0.88557,3,6
test_319.png,0.0,0,0.6419,0.66632,88,22
test_319.png,0.21,8,0.64182,0.66787,47,22
test_319.png,0.52,19,0.64132,0.66736,43,22
test_319.png,1.04,37,0.64188,0.67,35,21
test_319.png,2.08,75,0.6411,0.6711,25,21
test_319.png,5.21,188,0.63903,0.67044,20,21
test_319.png,10.42,375,0.63343,0.6648,13,18
test_320.png,0.0,0,0.58371,0.62625,240,55
test_320.png,0.21,8,0.58419,0.63086,104,55
test_320.png,0.52,19,0.58428,0.6334,71,55
test_320.png,1.04,37,0.58509,0.63664,53,55
test_320.png,2.08,75,0.58683,0.64063,43,55
test_320.png,5.21,188,0.5964,0.65659,25,51
test_320.png,10.42,375,0.60927,0.67224,13,48
test_321.png,0.0,0,0.42379,0.49287,86,11
test_321.png,0.21,8,0.42255,0.49083,48,11
test_321.png,0.52,19,0.42214,0.49048,39,11
test_321.png,1.04,37,0.42222,0.49117,34,11
test_321.png,2.08,75,0.4198,0.49092,26,11
test_321.png,5.21,188,0.41903,0.49118,23,11
test_321.png,10.42,375,0.39105,0.46959,14,9
test_322.png,0.0,0,0.50966,0.51621,170,40
test_322.png,0.21,8,0.50819,0.5156,82,40
test_322.png,0.52,19,0.50693,0.51545,65,39
test_322.png,1.04,37,0.50519,0.51399,55,39
test_322.png,2.08,75,0.49929,0.50597,41,39
test_322.png,5.21,188,0.49396,0.50542,32,36
test_322.png,10.42,375,0.47369,0.48384,22,28
test_323.png,0.0,0,0.31977,0.35451,193,23
test_323.png,0.21,8,0.31914,0.35522,99,23
test_323.png,0.52,19,0.31864,0.3556,79,23
test_323.png,1.04,37,0.31855,0.35908,58,22
test_323.png,2.08,75,0.31961,0.3639,45,20
test_323.png,5.21,188,0.32328,0.37812,23,18
test_323.png,10.42,375,0.3123,0.37385,10,16
test_324.png,0.0,0,0.91367,0.97846,20,10
test_324.png,0.21,8,0.91368,0.97949,7,10
test_324.png,0.52,19,0.91393,0.9806,4,10
test_324.png,1.04,37,0.91393,0.9806,4,10
test_324.png,2.08,75,0.91468,0.98517,1,10
test_324.png,5.21,188,0.91468,0.98517,1,10
test_324.png,10.42,375,0.91468,0.98517,1,10
test_325.png,0.0,0,0.90228,0.98856,12,2
test_325.png,0.21,8,0.90221,0.98855,5,2
test_325.png,0.52,19,0.90231,0.98905,3,2
test_325.png,1.04,37,0.90275,0.99075,0,2
test_325.png,2.08,75,0.90275,0.99075,0,2
test_325.png,5.21,188,0.90275,0.99075,0,2
test_325.png,10.42,375,0.90275,0.99075,0,2
test_326.png,0.0,0,0.9402,0.99516,7,8
test_326.png,0.21,8,0.94019,0.99538,2,8
test_326.png,0.52,19,0.94039,0.99575,0,8
test_326.png,1.04,37,0.94039,0.99575,0,8
test_326.png,2.08,75,0.94039,0.99575,0,8
test_326.png,5.21,188,0.93979,0.99138,1,8
test_326.png,10.42,375,0.93979,0.99138,1,8
test_327.png,0.0,0,0.7902,0.87696,11,6
test_327.png,0.21,8,0.78989,0.87678,1,6
test_327.png,0.52,19,0.78989,0.87678,1,6
test_327.png,1.04,37,0.78989,0.87678,1,6
test_327.png,2.08,75,0.78989,0.87678,1,6
test_327.png,5.21,188,0.78989,0.87678,1,6
test_327.png,10.42,375,0.78788,0.87573,0,6
test_328.png,0.0,0,0.89249,0.96612,19,28
test_328.png,0.21,8,0.89225,0.96568,10,28
test_328.png,0.52,19,0.89187,0.96499,6,28
test_328.png,1.04,37,0.8919,0.96535,5,28
test_328.png,2.08,75,0.89143,0.96486,4,28
test_328.png,5.21,188,0.8905,0.96372,3,28
test_328.png,10.42,375,0.88814,0.96026,2,28
test_329.png,0.0,0,0.93474,0.98265,4,1
test_329.png,0.21,8,0.93481,0.98329,1,1
test_329.png,0.52,19,0.93481,0.98329,1,1
test_329.png,1.04,37,0.93466,0.98326,0,1
test_329.png,2.08,75,0.93466,0.98326,0,1
test_329.png,5.21,188,0.93466,0.98326,0,1
test_329.png,10.42,375,0.93466,0.98326,0,1
test_330.png,0.0,0,0.91142,0.99634,0,3
test_330.png,0.21,8,0.91142,0.99634,0,3
test_330.png,0.52,19,0.91142,0.99634,0,3
test_330.png,1.04,37,0.91142,0.99634,0,3
test_330.png,2.08,75,0.91142,0.99634,0,3
test_330.png,5.21,188,0.91142,0.99634,0,3
test_330.png,10.42,375,0.91142,0.99634,0,3
test_331.png,0.0,0,0.71783,0.67404,77,56
test_331.png,0.21,8,0.71761,0.67439,37,56
test_331.png,0.52,19,0.71739,0.67514,31,56
test_331.png,1.04,37,0.71727,0.67569,26,56
test_331.png,2.08,75,0.71792,0.67666,21,56
test_331.png,5.21,188,0.72185,0.68441,13,55
test_331.png,10.42,375,0.72388,0.68088,9,55
test_332.png,0.0,0,0.95079,0.97787,0,1
test_332.png,0.21,8,0.95079,0.97787,0,1
test_332.png,0.52,19,0.95079,0.97787,0,1
test_332.png,1.04,37,0.95079,0.97787,0,1
test_332.png,2.08,75,0.95079,0.97787,0,1
test_332.png,5.21,188,0.95079,0.97787,0,1
test_332.png,10.42,375,0.95079,0.97787,0,1
test_333.png,0.0,0,0.90069,0.97203,14,6
test_333.png,0.21,8,0.90074,0.97271,4,6
test_333.png,0.52,19,0.90069,0.9726,2,6
test_333.png,1.04,37,0.90057,0.97234,1,6
test_333.png,2.08,75,0.9002,0.97197,0,6
test_333.png,5.21,188,0.89962,0.97092,1,6
test_333.png,10.42,375,0.89962,0.97092,1,6
test_334.png,0.0,0,0.92921,0.99429,2,5
test_334.png,0.21,8,0.92919,0.99429,0,5
test_334.png,0.52,19,0.92919,0.99429,0,5
test_334.png,1.04,37,0.92919,0.99429,0,5
test_334.png,2.08,75,0.92919,0.99429,0,5
test_334.png,5.21,188,0.92919,0.99429,0,5
test_334.png,10.42,375,0.92825,0.99176,1,5
test_335.png,0.0,0,0.92481,0.95183,40,21
test_335.png,0.21,8,0.92496,0.9534,20,21
test_335.png,0.52,19,0.92519,0.95498,16,21
test_335.png,1.04,37,0.92586,0.95835,11,21
test_335.png,2.08,75,0.92756,0.96749,4,20
test_335.png,5.21,188,0.92791,0.96941,2,19
test_335.png,10.42,375,0.93117,0.97679,0,18
test_336.png,0.0,0,0.52368,0.52838,191,44
test_336.png,0.21,8,0.5217,0.52856,82,44
test_336.png,0.52,19,0.52034,0.52591,65,43
test_336.png,1.04,37,0.519,0.52497,60,42
test_336.png,2.08,75,0.51416,0.52076,50,42
test_336.png,5.21,188,0.50117,0.51327,36,40
test_336.png,10.42,375,0.46184,0.47796,24,32
test_337.png,0.0,0,0.575,0.44579,186,13
test_337.png,0.21,8,0.57475,0.44678,84,13
test_337.png,0.52,19,0.57511,0.44854,63,13
test_337.png,1.04,37,0.57363,0.44902,45,13
test_337.png,2.08,75,0.57523,0.44888,26,13
test_337.png,5.21,188,0.57827,0.45469,16,13
test_337.png,10.42,375,0.58698,0.45101,6,9
test_338.png,0.0,0,0.89166,0.95651,23,22
test_338.png,0.21,8,0.89165,0.95757,11,22
test_338.png,0.52,19,0.89196,0.96036,5,22
test_338.png,1.04,37,0.89129,0.95834,2,22
test_338.png,2.08,75,0.89129,0.95834,2,22
test_338.png,5.21,188,0.89026,0.95612,1,22
test_338.png,10.42,375,0.88838,0.95203,0,22
test_339.png,0.0,0,0.93369,0.99905,0,1
test_339.png,0.21,8,0.93369,0.99905,0,1
test_339.png,0.52,19,0.93369,0.99905,0,1
test_339.png,1.04,37,0.93369,0.99905,0,1
test_339.png,2.08,75,0.93369,0.99905,0,1
test_339.png,5.21,188,0.93369,0.99905,0,1
test_339.png,10.42,375,0.93369,0.99905,0,1
test_340.png,0.0,0,0.94924,0.9982,0,2
test_340.png,0.21,8,0.94924,0.9982,0,2
test_340.png,0.52,19,0.94924,0.9982,0,2
test_340.png,1.04,37,0.94924,0.9982,0,2
test_340.png,2.08,75,0.94924,0.9982,0,2
test_340.png,5.21,188,0.94924,0.9982,0,2
test_340.png,10.42,375,0.94924,0.9982,0,2
test_341.png,0.0,0,0.25295,0.27346,175,24
test_341.png,0.21,8,0.25149,0.27223,95,24
test_341.png,0.52,19,0.25127,0.27167,76,24
test_341.png,1.04,37,0.25044,0.26902,64,24
test_341.png,2.08,75,0.24834,0.26852,51,23
test_341.png,5.21,188,0.25528,0.28732,26,21
test_341.png,10.42,375,0.22745,0.25385,16,20
test_342.png,0.0,0,0.63637,0.58953,97,38
test_342.png,0.21,8,0.63612,0.59158,39,38
test_342.png,0.52,19,0.63635,0.59307,33,38
test_342.png,1.04,37,0.63555,0.59348,28,37
test_342.png,2.08,75,0.63632,0.59743,23,35
test_342.png,5.21,188,0.63702,0.60156,19,33
test_342.png,10.42,375,0.63035,0.59384,11,30
test_343.png,0.0,0,0.91332,0.98239,24,5
test_343.png,0.21,8,0.9134,0.98342,8,5
test_343.png,0.52,19,0.91353,0.98422,5,5
test_343.png,1.04,37,0.91398,0.98572,2,5
test_343.png,2.08,75,0.91431,0.9866,1,5
test_343.png,5.21,188,0.9153,0.98828,0,3
test_343.png,10.42,375,0.9153,0.98828,0,3
test_344.png,0.0,0,0.49984,0.39655,142,21
test_344.png,0.21,8,0.49892,0.39623,77,21
test_344.png,0.52,19,0.49759,0.3956,62,20
test_344.png,1.04,37,0.49559,0.3965,49,20
test_344.png,2.08,75,0.4944,0.39734,34,20
test_344.png,5.21,188,0.48635,0.39067,18,17
test_344.png,10.42,375,0.46439,0.36159,7,10
test_345.png,0.0,0,0.80715,0.83978,39,17
test_345.png,0.21,8,0.80686,0.83987,12,17
test_345.png,0.52,19,0.80693,0.84081,8,17
test_345.png,1.04,37,0.80644,0.84035,4,17
test_345.png,2.08,75,0.80614,0.84013,2,17
test_345.png,5.21,188,0.80549,0.83897,1,16
test_345.png,10.42,375,0.80549,0.83897,1,16
test_346.png,0.0,0,0.9153,0.96836,28,3
test_346.png,0.21,8,0.91519,0.96869,11,3
test_346.png,0.52,19,0.91508,0.96765,10,3
test_346.png,1.04,37,0.91472,0.96722,7,3
test_346.png,2.08,75,0.91405,0.96663,5,3
test_346.png,5.21,188,0.91341,0.96599,4,4
test_346.png,10.42,375,0.91341,0.96599,4,4
test_347.png,0.0,0,0.72063,0.84713,71,35
test_347.png,0.21,8,0.72043,0.8477,39,35
test_347.png,0.52,19,0.71998,0.84768,33,35
test_347.png,1.04,37,0.71929,0.84693,30,35
test_347.png,2.08,75,0.71934,0.8481,27,35
test_347.png,5.21,188,0.71564,0.84471,20,36
test_347.png,10.42,375,0.70966,0.83681,17,37
test_348.png,0.0,0,0.83577,0.93897,27,0
test_348.png,0.21,8,0.83578,0.94018,16,0
test_348.png,0.52,19,0.83597,0.9418,11,0
test_348.png,1.04,37,0.83621,0.94281,10,0
test_348.png,2.08,75,0.83634,0.94278,8,0
test_348.png,5.21,188,0.8366,0.94271,2,0
test_348.png,10.42,375,0.83631,0.9454,0,0
test_349.png,0.0,0,0.92679,0.98653,2,0
test_349.png,0.21,8,0.92676,0.98659,0,0
test_349.png,0.52,19,0.92676,0.98659,0,0
test_349.png,1.04,37,0.92676,0.98659,0,0
test_349.png,2.08,75,0.92676,0.98659,0,0
test_349.png,5.21,188,0.92676,0.98659,0,0
test_349.png,10.42,375,0.92676,0.98659,0,0
test_350.png,0.0,0,0.88064,0.98915,12,2
test_350.png,0.21,8,0.88073,0.98961,6,2
test_350.png,0.52,19,0.88079,0.99025,3,2
test_350.png,1.04,37,0.88103,0.99091,2,2
test_350.png,2.08,75,0.88142,0.99189,1,2
test_350.png,5.21,188,0.88142,0.99189,1,2
test_350.png,10.42,375,0.88142,0.99189,1,2
test_351.png,0.0,0,0.92162,0.97212,16,11
test_351.png,0.21,8,0.92156,0.97266,3,11
test_351.png,0.52,19,0.92156,0.97266,3,11
test_351.png,1.04,37,0.92142,0.97258,2,11
test_351.png,2.08,75,0.92142,0.97258,2,11
test_351.png,5.21,188,0.92283,0.976,0,11
test_351.png,10.42,375,0.92283,0.976,0,11
test_352.png,0.0,0,0.91669,0.97959,21,22
test_352.png,0.21,8,0.91682,0.98099,7,22
test_352.png,0.52,19,0.91672,0.98098,6,22
test_352.png,1.04,37,0.91668,0.98094,4,22
test_352.png,2.08,75,0.91763,0.98512,1,21
test_352.png,5.21,188,0.91841,0.98576,0,21
test_352.png,10.42,375,0.91841,0.98576,0,21
test_353.png,0.0,0,0.91323,0.98995,3,1
test_353.png,0.21,8,0.91329,0.99059,1,1
test_353.png,0.52,19,0.91329,0.99059,1,1
test_353.png,1.04,37,0.91329,0.99059,1,1
test_353.png,2.08,75,0.91352,0.99104,0,1
test_353.png,5.21,188,0.91352,0.99104,0,1
test_353.png,10.42,375,0.91352,0.99104,0,1
test_354.png,0.0,0,0.90173,0.99269,4,1
test_354.png,0.21,8,0.90174,0.99284,1,1
test_354.png,0.52,19,0.90174,0.99284,1,1
test_354.png,1.04,37,0.90174,0.99284,1,1
test_354.png,2.08,75,0.90174,0.99284,1,1
test_354.png,5.21,188,0.90265,0.9957,0,1
test_354.png,10.42,375,0.90265,0.9957,0,1
test_355.png,0.0,0,0.94894,0.98787,0,0
test_355.png,0.21,8,0.94894,0.98787,0,0
test_355.png,0.52,19,0.94894,0.98787,0,0
test_355.png,1.04,37,0.94894,0.98787,0,0
test_355.png,2.08,75,0.94894,0.98787,0,0
test_355.png,5.21,188,0.94894,0.98787,0,0
test_355.png,10.42,375,0.94894,0.98787,0,0
test_356.png,0.0,0,0.93459,0.98737,7,9
test_356.png,0.21,8,0.93462,0.98762,3,9
test_356.png,0.52,19,0.93478,0.98832,1,9
test_356.png,1.04,37,0.93478,0.98832,1,9
test_356.png,2.08,75,0.93452,0.98792,0,9
test_356.png,5.21,188,0.93452,0.98792,0,9
test_356.png,10.42,375,0.93452,0.98792,0,9
test_357.png,0.0,0,0.94241,0.99901,0,0
test_357.png,0.21,8,0.94241,0.99901,0,0
test_357.png,0.52,19,0.94241,0.99901,0,0
test_357.png,1.04,37,0.94241,0.99901,0,0
test_357.png,2.08,75,0.94241,0.99901,0,0
test_357.png,5.21,188,0.94241,0.99901,0,0
test_357.png,10.42,375,0.94241,0.99901,0,0
test_358.png,0.0,0,0.9533,0.99964,0,1
test_358.png,0.21,8,0.9533,0.99964,0,1
test_358.png,0.52,19,0.9533,0.99964,0,1
test_358.png,1.04,37,0.9533,0.99964,0,1
test_358.png,2.08,75,0.9533,0.99964,0,1
test_358.png,5.21,188,0.9533,0.99964,0,1
test_358.png,10.42,375,0.9533,0.99964,0,1
test_359.png,0.0,0,0.1846,0.17654,190,23
test_359.png,0.21,8,0.18428,0.1776,109,23
test_359.png,0.52,19,0.18432,0.17866,91,22
test_359.png,1.04,37,0.18338,0.18011,71,20
test_359.png,2.08,75,0.18023,0.17591,56,20
test_359.png,5.21,188,0.18643,0.18768,35,16
test_359.png,10.42,375,0.17456,0.18369,19,12
test_360.png,0.0,0,0.79985,0.85451,47,7
test_360.png,0.21,8,0.79995,0.85729,23,7
test_360.png,0.52,19,0.80023,0.85943,19,7
test_360.png,1.04,37,0.80035,0.86002,18,7
test_360.png,2.08,75,0.8005,0.86215,15,7
test_360.png,5.21,188,0.80382,0.87546,7,7
test_360.png,10.42,375,0.80314,0.87664,5,7
test_361.png,0.0,0,0.9227,0.95431,38,16
test_361.png,0.21,8,0.92268,0.95598,12,16
test_361.png,0.52,19,0.92306,0.95834,7,16
test_361.png,1.04,37,0.92309,0.95884,5,16
test_361.png,2.08,75,0.92241,0.95885,3,16
test_361.png,5.21,188,0.92348,0.96243,2,14
test_361.png,10.42,375,0.92348,0.96243,2,14
test_362.png,0.0,0,0.80508,0.8585,71,33
test_362.png,0.21,8,0.80506,0.85914,39,33
test_362.png,0.52,19,0.8055,0.86122,28,33
test_362.png,1.04,37,0.80482,0.86026,22,33
test_362.png,2.08,75,0.80445,0.86057,20,33
test_362.png,5.21,188,0.80396,0.85989,19,33
test_362.png,10.42,375,0.79484,0.8491,13,33
test_363.png,0.0,0,0.78802,0.82942,21,1
test_363.png,0.21,8,0.78784,0.82958,11,1
test_363.png,0.52,19,0.78746,0.82913,8,1
test_363.png,1.04,37,0.78708,0.82841,7,1
test_363.png,2.08,75,0.78708,0.82841,7,1
test_363.png,5.21,188,0.78478,0.82178,5,1
test_363.png,10.42,375,0.78012,0.80346,2,1
test_364.png,0.0,0,0.80253,0.88817,58,10
test_364.png,0.21,8,0.80217,0.88909,26,10
test_364.png,0.52,19,0.80195,0.88944,22,10
test_364.png,1.04,37,0.80227,0.89174,19,10
test_364.png,2.08,75,0.80352,0.89711,16,10
test_364.png,5.21,188,0.80323,0.90159,9,8
test_364.png,10.42,375,0.80174,0.90416,6,7
test_365.png,0.0,0,0.91804,0.97951,14,11
test_365.png,0.21,8,0.9181,0.98027,8,11
test_365.png,0.52,19,0.91833,0.9818,4,11
test_365.png,1.04,37,0.91853,0.98257,3,11
test_365.png,2.08,75,0.91853,0.98257,3,11
test_365.png,5.21,188,0.91942,0.98411,1,11
test_365.png,10.42,375,0.91942,0.98411,1,11
test_366.png,0.0,0,0.93109,0.99069,5,4
test_366.png,0.21,8,0.93107,0.99069,3,4
test_366.png,0.52,19,0.93101,0.99088,1,4
test_366.png,1.04,37,0.93086,0.99073,0,4
test_366.png,2.08,75,0.93086,0.99073,0,4
test_366.png,5.21,188,0.93086,0.99073,0,4
test_366.png,10.42,375,0.93086,0.99073,0,4
test_367.png,0.0,0,0.76596,0.88309,61,1
test_367.png,0.21,8,0.7664,0.88603,27,1
test_367.png,0.52,19,0.76694,0.88825,14,2
test_367.png,1.04,37,0.76741,0.88919,12,2
test_367.png,2.08,75,0.76859,0.8916,9,2
test_367.png,5.21,188,0.76914,0.89308,6,2
test_367.png,10.42,375,0.7678,0.89096,5,2
test_368.png,0.0,0,0.87557,0.94441,50,19
test_368.png,0.21,8,0.87519,0.94475,13,19
test_368.png,0.52,19,0.87456,0.94537,6,19
test_368.png,1.04,37,0.87468,0.94564,5,19
test_368.png,2.08,75,0.87475,0.94927,3,19
test_368.png,5.21,188,0.87373,0.94832,1,19
test_368.png,10.42,375,0.87373,0.94832,1,19
test_369.png,0.0,0,0.08756,0.11219,67,11
test_369.png,0.21,8,0.0871,0.11135,42,11
test_369.png,0.52,19,0.08615,0.11026,32,11
test_369.png,1.04,37,0.08442,0.10909,26,11
test_369.png,2.08,75,0.08049,0.10348,19,12
test_369.png,5.21,188,0.06136,0.07164,9,12
test_369.png,10.42,375,0.04495,0.05146,4,12
test_370.png,0.0,0,0.37601,0.3813,227,22
test_370.png,0.21,8,0.37337,0.37944,110,22
test_370.png,0.52,19,0.37022,0.37849,81,21
test_370.png,1.04,37,0.36641,0.37348,67,20
test_370.png,2.08,75,0.35921,0.36462,51,19
test_370.png,5.21,188,0.34448,0.35701,32,17
test_370.png,10.42,375,0.30163,0.29694,15,12
test_371.png,0.0,0,0.60897,0.50461,72,29
test_371.png,0.21,8,0.60872,0.50459,31,29
test_371.png,0.52,19,0.60797,0.50547,20,29
test_371.png,1.04,37,0.60832,0.50718,15,28
test_371.png,2.08,75,0.60792,0.5079,13,27
test_371.png,5.21,188,0.6045,0.49461,9,26
test_371.png,10.42,375,0.6027,0.49658,7,22
test_372.png,0.0,0,0.56498,0.56028,269,51
test_372.png,0.21,8,0.56297,0.55986,126,51
test_372.png,0.52,19,0.56154,0.56002,95,49
test_372.png,1.04,37,0.55805,0.55643,81,49
test_372.png,2.08,75,0.55387,0.55339,66,46
test_372.png,5.21,188,0.53387,0.53843,44,39
test_372.png,10.42,375,0.49955,0.49296,29,32
test_373.png,0.0,0,0.82373,0.86202,113,4
test_373.png,0.21,8,0.82381,0.86448,39,4
test_373.png,0.52,19,0.82356,0.86472,29,4
test_373.png,1.04,37,0.82392,0.86599,24,3
test_373.png,2.08,75,0.82334,0.86444,19,3
test_373.png,5.21,188,0.82305,0.86599,12,1
test_373.png,10.42,375,0.82639,0.87115,8,1
test_374.png,0.0,0,0.54474,0.51384,195,50
test_374.png,0.21,8,0.54407,0.51441,107,50
test_374.png,0.52,19,0.54322,0.51587,83,50
test_374.png,1.04,37,0.54085,0.51333,67,48
test_374.png,2.08,75,0.54216,0.5167,59,45
test_374.png,5.21,188,0.53369,0.50949,42,43
test_374.png,10.42,375,0.50707,0.48299,21,36
test_375.png,0.0,0,0.85814,0.8817,148,7
test_375.png,0.21,8,0.85862,0.88501,74,7
test_375.png,0.52,19,0.85928,0.8872,49,8
test_375.png,1.04,37,0.86006,0.88924,39,8
test_375.png,2.08,75,0.86152,0.89276,31,8
test_375.png,5.21,188,0.86864,0.90207,14,16
test_375.png,10.42,375,0.87273,0.90699,6,18
test_376.png,0.0,0,0.46289,0.41564,275,72
test_376.png,0.21,8,0.46132,0.41454,138,72
test_376.png,0.52,19,0.46,0.41408,115,72
test_376.png,1.04,37,0.45648,0.41283,88,69
test_376.png,2.08,75,0.45294,0.40989,65,65
test_376.png,5.21,188,0.44084,0.39504,46,62
test_376.png,10.42,375,0.41235,0.35912,32,55
test_377.png,0.0,0,0.7114,0.65925,120,55
test_377.png,0.21,8,0.71147,0.66203,56,55
test_377.png,0.52,19,0.71123,0.66357,43,55
test_377.png,1.04,37,0.71152,0.66467,32,54
test_377.png,2.08,75,0.71196,0.66646,26,54
test_377.png,5.21,188,0.71152,0.66906,22,53
test_377.png,10.42,375,0.71287,0.66827,19,52
test_378.png,0.0,0,0.67337,0.61892,172,91
test_378.png,0.21,8,0.67297,0.6205,68,91
test_378.png,0.52,19,0.67285,0.62127,57,91
test_378.png,1.04,37,0.67263,0.62234,47,89
test_378.png,2.08,75,0.6715,0.62274,38,87
test_378.png,5.21,188,0.673,0.62112,28,87
test_378.png,10.42,375,0.66862,0.61653,20,84
test_379.png,0.0,0,0.57583,0.57026,248,38
test_379.png,0.21,8,0.57576,0.57365,109,38
test_379.png,0.52,19,0.57597,0.57461,91,38
test_379.png,1.04,37,0.57677,0.57877,71,37
test_379.png,2.08,75,0.57552,0.58343,47,36
test_379.png,5.21,188,0.56759,0.56778,33,33
test_379.png,10.42,375,0.54981,0.55399,22,27
test_380.png,0.0,0,0.7647,0.71073,133,99
test_380.png,0.21,8,0.76461,0.71219,60,99
test_380.png,0.52,19,0.76504,0.71431,46,99
test_380.png,1.04,37,0.76417,0.71577,33,99
test_380.png,2.08,75,0.76504,0.71803,28,98
test_380.png,5.21,188,0.76564,0.72025,12,93
test_380.png,10.42,375,0.76753,0.72467,9,90
test_381.png,0.0,0,0.69636,0.68038,122,77
test_381.png,0.21,8,0.69576,0.6801,58,77
test_381.png,0.52,19,0.69532,0.68033,42,77
test_381.png,1.04,37,0.69522,0.68092,38,77
test_381.png,2.08,75,0.69478,0.68072,33,77
test_381.png,5.21,188,0.69189,0.68388,19,75
test_381.png,10.42,375,0.69205,0.68397,18,75
test_382.png,0.0,0,0.45012,0.43921,210,52
test_382.png,0.21,8,0.45029,0.44207,100,52
test_382.png,0.52,19,0.45141,0.44541,64,52
test_382.png,1.04,37,0.45133,0.44592,49,52
test_382.png,2.08,75,0.45561,0.45381,31,50
test_382.png,5.21,188,0.45638,0.45683,20,45
test_382.png,10.42,375,0.45718,0.45901,15,43
test_383.png,0.0,0,0.55534,0.54204,262,20
test_383.png,0.21,8,0.55541,0.54545,142,20
test_383.png,0.52,19,0.55559,0.54814,108,20
test_383.png,1.04,37,0.55511,0.54821,93,20
test_383.png,2.08,75,0.55724,0.55507,70,19
test_383.png,5.21,188,0.55643,0.55814,46,15
test_383.png,10.42,375,0.5341,0.53463,22,14
test_384.png,0.0,0,0.62527,0.52072,125,60
test_384.png,0.21,8,0.62462,0.52058,62,60
test_384.png,0.52,19,0.62423,0.52148,48,60
test_384.png,1.04,37,0.62257,0.52207,36,59
test_384.png,2.08,75,0.62072,0.51754,28,59
test_384.png,5.21,188,0.61649,0.51749,21,59
test_384.png,10.42,375,0.60763,0.51372,16,57
test_385.png,0.0,0,0.82405,0.79122,120,41
test_385.png,0.21,8,0.82409,0.79474,50,41
test_385.png,0.52,19,0.82404,0.79537,42,41
test_385.png,1.04,37,0.82423,0.79727,35,41
test_385.png,2.08,75,0.82471,0.80021,29,41
test_385.png,5.21,188,0.82576,0.80338,23,41
test_385.png,10.42,375,0.82246,0.80692,14,41
test_386.png,0.0,0,0.54245,0.55872,204,55
test_386.png,0.21,8,0.54245,0.56181,105,55
test_386.png,0.52,19,0.54279,0.56442,81,55
test_386.png,1.04,37,0.54293,0.56624,72,54
test_386.png,2.08,75,0.54399,0.5706,57,52
test_386.png,5.21,188,0.54311,0.57533,41,46
test_386.png,10.42,375,0.55314,0.59603,25,42
test_387.png,0.0,0,0.70189,0.5749,79,45
test_387.png,0.21,8,0.70137,0.57208,34,45
test_387.png,0.52,19,0.70137,0.57321,24,45
test_387.png,1.04,37,0.70104,0.57329,22,45
test_387.png,2.08,75,0.70205,0.56978,14,43
test_387.png,5.21,188,0.70111,0.56903,8,41
test_387.png,10.42,375,0.69553,0.56618,4,41
test_388.png,0.0,0,0.86671,0.89756,25,17
test_388.png,0.21,8,0.86694,0.90013,6,17
test_388.png,0.52,19,0.86702,0.90092,5,17
test_388.png,1.04,37,0.86708,0.90108,4,17
test_388.png,2.08,75,0.86789,0.9041,2,17
test_388.png,5.21,188,0.86789,0.9041,2,17
test_388.png,10.42,375,0.86826,0.90771,1,17
test_389.png,0.0,0,0.56023,0.58757,214,28
test_389.png,0.21,8,0.56068,0.59279,111,28
test_389.png,0.52,19,0.56141,0.59634,83,27
test_389.png,1.04,37,0.56348,0.60214,66,27
test_389.png,2.08,75,0.56107,0.60249,48,26
test_389.png,5.21,188,0.56203,0.6066,33,23
test_389.png,10.42,375,0.5693,0.61598,22,21
test_390.png,0.0,0,0.48474,0.43978,278,53
test_390.png,0.21,8,0.48263,0.439,136,53
test_390.png,0.52,19,0.48044,0.43814,110,53
test_390.png,1.04,37,0.47884,0.4384,94,53
test_390.png,2.08,75,0.46813,0.42872,73,48
test_390.png,5.21,188,0.44469,0.41903,49,43
test_390.png,10.42,375,0.40521,0.38293,30,36
test_391.png,0.0,0,0.85897,0.90392,70,6
test_391.png,0.21,8,0.85909,0.90576,33,6
test_391.png,0.52,19,0.8592,0.90693,25,6
test_391.png,1.04,37,0.85883,0.90753,18,6
test_391.png,2.08,75,0.85892,0.90868,13,5
test_391.png,5.21,188,0.85759,0.9092,8,0
test_391.png,10.42,375,0.85466,0.90795,2,1
test_392.png,0.0,0,0.42719,0.36804,278,47
test_392.png,0.21,8,0.4255,0.36697,136,47
test_392.png,0.52,19,0.42307,0.36471,108,47
test_392.png,1.04,37,0.41976,0.36247,89,45
test_392.png,2.08,75,0.41408,0.35523,70,42
test_392.png,5.21,188,0.3937,0.34068,42,32
test_392.png,10.42,375,0.36573,0.32394,27,28
test_393.png,0.0,0,0.57626,0.484,106,30
test_393.png,0.21,8,0.576,0.48498,44,30
test_393.png,0.52,19,0.57562,0.48437,32,30
test_393.png,1.04,37,0.57519,0.48461,24,30
test_393.png,2.08,75,0.57649,0.48682,19,30
test_393.png,5.21,188,0.57775,0.49009,15,28
test_393.png,10.42,375,0.5773,0.49165,11,27
test_394.png,0.0,0,0.87176,0.88633,51,17
test_394.png,0.21,8,0.87231,0.8911,17,17
test_394.png,0.52,19,0.87278,0.89355,12,17
test_394.png,1.04,37,0.8729,0.89533,9,17
test_394.png,2.08,75,0.87266,0.89641,7,17
test_394.png,5.21,188,0.8753,0.90276,4,16
test_394.png,10.42,375,0.8787,0.90874,2,16
test_395.png,0.0,0,0.52725,0.35376,134,41
test_395.png,0.21,8,0.52641,0.35169,64,41
test_395.png,0.52,19,0.52615,0.35051,50,41
test_395.png,1.04,37,0.52558,0.34798,42,41
test_395.png,2.08,75,0.52639,0.34878,34,41
test_395.png,5.21,188,0.52288,0.34161,26,40
test_395.png,10.42,375,0.51458,0.33466,20,39
test_396.png,0.0,0,0.88924,0.92304,9,8
test_396.png,0.21,8,0.88924,0.92325,4,8
test_396.png,0.52,19,0.88911,0.92323,3,8
test_396.png,1.04,37,0.88889,0.92287,2,8
test_396.png,2.08,75,0.8886,0.92256,1,8
test_396.png,5.21,188,0.8886,0.92256,1,8
test_396.png,10.42,375,0.8886,0.92256,1,8
test_397.png,0.0,0,0.61088,0.62381,189,45
test_397.png,0.21,8,0.61015,0.6246,90,45
test_397.png,0.52,19,0.60895,0.62435,69,45
test_397.png,1.04,37,0.60893,0.62608,62,45
test_397.png,2.08,75,0.60561,0.62561,43,41
test_397.png,5.21,188,0.59501,0.6126,29,40
test_397.png,10.42,375,0.58246,0.59751,22,38
test_398.png,0.0,0,0.64772,0.46594,158,31
test_398.png,0.21,8,0.64729,0.46564,83,31
test_398.png,0.52,19,0.64721,0.46288,69,31
test_398.png,1.04,37,0.64808,0.46353,58,31
test_398.png,2.08,75,0.64915,0.46571,48,30
test_398.png,5.21,188,0.64819,0.45177,33,28
test_398.png,10.42,375,0.63224,0.4146,21,26
test_399.png,0.0,0,0.70752,0.68247,117,43
test_399.png,0.21,8,0.70755,0.68546,56,43
test_399.png,0.52,19,0.70799,0.68792,44,42
test_399.png,1.04,37,0.70849,0.68994,36,42
test_399.png,2.08,75,0.70876,0.69372,29,41
test_399.png,5.21,188,0.7093,0.69759,23,41
test_399.png,10.42,375,0.70184,0.69367,14,41
test_400.png,0.0,0,0.89654,0.90322,13,13
test_400.png,0.21,8,0.89651,0.90337,7,13
test_400.png,0.52,19,0.89665,0.90398,5,13
test_400.png,1.04,37,0.89683,0.90613,4,13
test_400.png,2.08,75,0.89688,0.9057,2,13
test_400.png,5.21,188,0.89745,0.91055,1,13
test_400.png,10.42,375,0.89955,0.9153,0,11
test_401.png,0.0,0,0.57829,0.41243,179,49
test_401.png,0.21,8,0.57759,0.41297,89,49
test_401.png,0.52,19,0.57691,0.41372,68,49
test_401.png,1.04,37,0.57605,0.41064,55,48
test_401.png,2.08,75,0.57464,0.40648,43,47
test_401.png,5.21,188,0.56501,0.4006,31,47
test_401.png,10.42,375,0.55139,0.37164,19,44
test_402.png,0.0,0,0.38502,0.21768,84,27
test_402.png,0.21,8,0.38463,0.21775,42,27
test_402.png,0.52,19,0.38365,0.21709,31,27
test_402.png,1.04,37,0.38305,0.21007,27,27
test_402.png,2.08,75,0.38331,0.21024,25,27
test_402.png,5.21,188,0.37828,0.19825,20,26
test_402.png,10.42,375,0.35542,0.18421,14,23
test_403.png,0.0,0,0.85479,0.8392,113,40
test_403.png,0.21,8,0.85483,0.84277,53,40
test_403.png,0.52,19,0.85522,0.84537,39,40
test_403.png,1.04,37,0.85553,0.84926,30,40
test_403.png,2.08,75,0.85887,0.85671,18,40
test_403.png,5.21,188,0.86259,0.87172,7,40
test_403.png,10.42,375,0.85806,0.86708,4,36
test_404.png,0.0,0,0.6652,0.67192,207,82
test_404.png,0.21,8,0.66416,0.67294,84,82
test_404.png,0.52,19,0.66449,0.67536,62,82
test_404.png,1.04,37,0.66412,0.67607,47,81
test_404.png,2.08,75,0.66333,0.67792,39,80
test_404.png,5.21,188,0.65586,0.67418,25,80
test_404.png,10.42,375,0.65435,0.67418,19,80
test_405.png,0.0,0,0.66522,0.66217,140,33
test_405.png,0.21,8,0.6647,0.66393,71,33
test_405.png,0.52,19,0.66459,0.66466,59,33
test_405.png,1.04,37,0.66417,0.6668,48,33
test_405.png,2.08,75,0.66331,0.6659,45,33
test_405.png,5.21,188,0.65665,0.66424,32,33
test_405.png,10.42,375,0.64098,0.65425,22,31
test_406.png,0.0,0,0.29021,0.30443,262,38
test_406.png,0.21,8,0.28872,0.30409,133,38
test_406.png,0.52,19,0.2876,0.30472,106,38
test_406.png,1.04,37,0.28325,0.3054,80,35
test_406.png,2.08,75,0.27956,0.30441,60,32
test_406.png,5.21,188,0.25728,0.27077,32,25
test_406.png,10.42,375,0.24402,0.27016,23,23
test_407.png,0.0,0,0.51385,0.5412,222,26
test_407.png,0.21,8,0.51229,0.54148,112,26
test_407.png,0.52,19,0.51009,0.5407,86,26
test_407.png,1.04,37,0.50881,0.54105,73,25
test_407.png,2.08,75,0.50444,0.53564,59,25
test_407.png,5.21,188,0.48434,0.51892,39,19
test_407.png,10.42,375,0.46998,0.50716,28,16
test_408.png,0.0,0,0.22153,0.19744,340,42
test_408.png,0.21,8,0.22136,0.19847,173,42
test_408.png,0.52,19,0.21988,0.19765,135,42
test_408.png,1.04,37,0.21848,0.196,120,41
test_408.png,2.08,75,0.21769,0.19703,98,38
test_408.png,5.21,188,0.21522,0.19786,46,31
test_408.png,10.42,375,0.21794,0.20236,20,18
test_409.png,0.0,0,0.74709,0.77525,147,37
test_409.png,0.21,8,0.74649,0.7773,62,37
test_409.png,0.52,19,0.74669,0.78019,50,37
test_409.png,1.04,37,0.74585,0.78143,39,37
test_409.png,2.08,75,0.74428,0.78112,34,37
test_409.png,5.21,188,0.74114,0.77725,27,36
test_409.png,10.42,375,0.74101,0.77941,16,31
test_410.png,0.0,0,0.70676,0.69279,143,47
test_410.png,0.21,8,0.70681,0.69592,57,47
test_410.png,0.52,19,0.70731,0.69763,43,47
test_410.png,1.04,37,0.70846,0.70142,34,47
test_410.png,2.08,75,0.71223,0.71089,23,46
test_410.png,5.21,188,0.71596,0.71789,16,45
test_410.png,10.42,375,0.71895,0.72107,13,42
test_411.png,0.0,0,0.89433,0.8777,35,110
test_411.png,0.21,8,0.89408,0.87724,12,110
test_411.png,0.52,19,0.89394,0.87726,10,110
test_411.png,1.04,37,0.89361,0.87721,7,110
test_411.png,2.08,75,0.89361,0.87721,7,110
test_411.png,5.21,188,0.89352,0.87722,5,110
test_411.png,10.42,375,0.89238,0.87715,4,110
test_412.png,0.0,0,0.76348,0.74974,44,36
test_412.png,0.21,8,0.76353,0.75088,22,36
test_412.png,0.52,19,0.76349,0.7508,15,36
test_412.png,1.04,37,0.76366,0.75474,11,35
test_412.png,2.08,75,0.76517,0.76125,7,35
test_412.png,5.21,188,0.76659,0.76573,5,35
test_412.png,10.42,375,0.76907,0.77111,4,33
test_413.png,0.0,0,0.63744,0.62781,178,68
test_413.png,0.21,8,0.63691,0.63065,81,68
test_413.png,0.52,19,0.6361,0.63181,63,68
test_413.png,1.04,37,0.63594,0.63185,51,67
test_413.png,2.08,75,0.63698,0.63691,39,66
test_413.png,5.21,188,0.63105,0.6214,25,65
test_413.png,10.42,375,0.62811,0.62489,18,64
test_414.png,0.0,0,0.78663,0.76368,103,36
test_414.png,0.21,8,0.78711,0.76848,37,36
test_414.png,0.52,19,0.78766,0.7731,23,36
test_414.png,1.04,37,0.7882,0.77566,17,36
test_414.png,2.08,75,0.7897,0.78122,12,36
test_414.png,5.21,188,0.79271,0.78617,6,36
test_414.png,10.42,375,0.79575,0.79278,4,36
test_415.png,0.0,0,0.81991,0.83859,90,43
test_415.png,0.21,8,0.81956,0.83933,50,43
test_415.png,0.52,19,0.81928,0.84198,36,43
test_415.png,1.04,37,0.82023,0.84754,28,42
test_415.png,2.08,75,0.81863,0.84506,22,41
test_415.png,5.21,188,0.81866,0.85005,16,38
test_415.png,10.42,375,0.8076,0.84102,9,29
test_416.png,0.0,0,0.61293,0.60461,234,55
test_416.png,0.21,8,0.61148,0.60356,116,55
test_416.png,0.52,19,0.60985,0.60199,90,54
test_416.png,1.04,37,0.60844,0.60035,74,53
test_416.png,2.08,75,0.60601,0.59863,60,52
test_416.png,5.21,188,0.59573,0.58171,37,45
test_416.png,10.42,375,0.57056,0.52872,25,40
test_417.png,0.0,0,0.87448,0.91023,33,46
test_417.png,0.21,8,0.87453,0.91072,18,46
test_417.png,0.52,19,0.87468,0.91128,15,46
test_417.png,1.04,37,0.87495,0.91233,9,46
test_417.png,2.08,75,0.87536,0.91363,4,46
test_417.png,5.21,188,0.87604,0.91439,3,46
test_417.png,10.42,375,0.87604,0.91439,3,46
test_418.png,0.0,0,0.39613,0.26317,93,26
test_418.png,0.21,8,0.39529,0.26204,48,26
test_418.png,0.52,19,0.39401,0.25844,34,26
test_418.png,1.04,37,0.39126,0.25094,23,25
test_418.png,2.08,75,0.39136,0.25142,20,25
test_418.png,5.21,188,0.3883,0.24883,15,25
test_418.png,10.42,375,0.38344,0.24858,11,23
test_419.png,0.0,0,0.43528,0.44715,312,30
test_419.png,0.21,8,0.43343,0.44683,131,30
test_419.png,0.52,19,0.4318,0.44492,95,29
test_419.png,1.04,37,0.42832,0.43658,77,28
test_419.png,2.08,75,0.42222,0.43325,58,25
test_419.png,5.21,188,0.40323,0.41791,33,16
test_419.png,10.42,375,0.37512,0.39794,22,13
test_420.png,0.0,0,0.93176,0.95785,13,10
test_420.png,0.21,8,0.9319,0.95882,6,10
test_420.png,0.52,19,0.9321,0.95992,4,10
test_420.png,1.04,37,0.93258,0.96207,1,10
test_420.png,2.08,75,0.93258,0.96207,1,10
test_420.png,5.21,188,0.93193,0.96023,0,10
test_420.png,10.42,375,0.93193,0.96023,0,10
