image,width_multiple,min_size,dice,cldice,betti0_err,betti1_err
test_071.png,0.0,0,0.76706,0.93223,23,29
test_071.png,0.21,8,0.76721,0.93366,4,29
test_071.png,0.52,19,0.76728,0.9338,3,29
test_071.png,1.04,37,0.76739,0.93431,2,29
test_071.png,2.08,75,0.7676,0.93535,0,29
test_071.png,5.21,188,0.7676,0.93535,0,29
test_071.png,10.42,375,0.7676,0.93535,0,29
test_072.png,0.0,0,0.88631,0.93527,58,24
test_072.png,0.21,8,0.88682,0.93959,14,24
test_072.png,0.52,19,0.88734,0.94287,5,24
test_072.png,1.04,37,0.88738,0.94331,3,24
test_072.png,2.08,75,0.88758,0.94425,2,24
test_072.png,5.21,188,0.88889,0.94757,0,23
test_072.png,10.42,375,0.88889,0.94757,0,23
test_073.png,0.0,0,0.9142,0.9728,8,25
test_073.png,0.21,8,0.91433,0.97329,1,25
test_073.png,0.52,19,0.91447,0.97362,1,25
test_073.png,1.04,37,0.91447,0.97362,1,25
test_073.png,2.08,75,0.91447,0.97362,1,25
test_073.png,5.21,188,0.91447,0.97362,1,25
test_073.png,10.42,375,0.91447,0.97362,1,25
test_074.png,0.0,0,0.97166,0.99621,1,4
test_074.png,0.21,8,0.97168,0.99633,0,4
test_074.png,0.52,19,0.97168,0.99633,0,4
test_074.png,1.04,37,0.97168,0.99633,0,4
test_074.png,2.08,75,0.97168,0.99633,0,4
test_074.png,5.21,188,0.97168,0.99633,0,4
test_074.png,10.42,375,0.97168,0.99633,0,4
test_075.png,0.0,0,0.88921,0.98693,10,6
test_075.png,0.21,8,0.8893,0.98786,2,6
test_075.png,0.52,19,0.88934,0.98791,1,6
test_075.png,1.04,37,0.88947,0.98834,0,6
test_075.png,2.08,75,0.88947,0.98834,0,6
test_075.png,5.21,188,0.88947,0.98834,0,6
test_075.png,10.42,375,0.88947,0.98834,0,6
test_076.png,0.0,0,0.92519,0.99622,4,0
test_076.png,0.21,8,0.92521,0.99628,1,0
test_076.png,0.52,19,0.9253,0.99667,0,0
test_076.png,1.04,37,0.9253,0.99667,0,0
test_076.png,2.08,75,0.9253,0.99667,0,0
test_076.png,5.21,188,0.9253,0.99667,0,0
test_076.png,10.42,375,0.9253,0.99667,0,0
test_077.png,0.0,0,0.9049,0.99668,2,4
test_077.png,0.21,8,0.90491,0.99681,0,4
test_077.png,0.52,19,0.90491,0.99681,0,4
test_077.png,1.04,37,0.90491,0.99681,0,4
test_077.png,2.08,75,0.90491,0.99681,0,4
test_077.png,5.21,188,0.90491,0.99681,0,4
test_077.png,10.42,375,0.90491,0.99681,0,4
test_078.png,0.0,0,0.74122,0.93616,13,6
test_078.png,0.21,8,0.7413,0.93665,7,6
test_078.png,0.52,19,0.74136,0.93703,6,6
test_078.png,1.04,37,0.74189,0.93778,2,6
test_078.png,2.08,75,0.74189,0.93778,2,6
test_078.png,5.21,188,0.74297,0.93894,0,6
test_078.png,10.42,375,0.74297,0.93894,0,6
test_079.png,0.0,0,0.92498,0.98811,7,3
test_079.png,0.21,8,0.92506,0.98893,3,3
test_079.png,0.52,19,0.92526,0.991,0,3
test_079.png,1.04,37,0.92526,0.991,0,3
test_079.png,2.08,75,0.92526,0.991,0,3
test_079.png,5.21,188,0.92526,0.991,0,3
test_079.png,10.42,375,0.92526,0.991,0,3
test_080.png,0.0,0,0.84224,0.98228,20,1
test_080.png,0.21,8,0.84247,0.98371,6,1
test_080.png,0.52,19,0.84257,0.98406,5,1
test_080.png,1.04,37,0.84275,0.98419,4,1
test_080.png,2.08,75,0.84327,0.98497,2,1
test_080.png,5.21,188,0.84423,0.98566,1,1
test_080.png,10.42,375,0.84547,0.98693,0,0
test_081.png,0.0,0,0.79523,0.94218,23,9
test_081.png,0.21,8,0.79537,0.94372,4,9
test_081.png,0.52,19,0.79549,0.94411,2,9
test_081.png,1.04,37,0.79563,0.94439,1,9
test_081.png,2.08,75,0.79563,0.94439,1,9
test_081.png,5.21,188,0.79599,0.94497,0,9
test_081.png,10.42,375,0.79599,0.94497,0,9
test_082.png,0.0,0,0.78939,0.94811,30,26
test_082.png,0.21,8,0.78947,0.94865,7,26
test_082.png,0.52,19,0.78937,0.94868,3,26
test_082.png,1.04,37,0.7892,0.94857,2,27
test_082.png,2.08,75,0.78925,0.94846,0,27
test_082.png,5.21,188,0.78925,0.94846,0,27
test_082.png,10.42,375,0.78925,0.94846,0,27
test_083.png,0.0,0,0.88787,0.98544,13,1
test_083.png,0.21,8,0.888,0.9868,2,1
test_083.png,0.52,19,0.88807,0.98713,1,1
test_083.png,1.04,37,0.88817,0.98746,0,1
test_083.png,2.08,75,0.88817,0.98746,0,1
test_083.png,5.21,188,0.88817,0.98746,0,1
test_083.png,10.42,375,0.88817,0.98746,0,1
test_084.png,0.0,0,0.96153,0.99559,4,2
test_084.png,0.21,8,0.96156,0.99587,0,2
test_084.png,0.52,19,0.96156,0.99587,0,2
test_084.png,1.04,37,0.96156,0.99587,0,2
test_084.png,2.08,75,0.96156,0.99587,0,2
test_084.png,5.21,188,0.96156,0.99587,0,2
test_084.png,10.42,375,0.96156,0.99587,0,2
test_085.png,0.0,0,0.87937,0.9915,5,6
test_085.png,0.21,8,0.87943,0.99189,0,6
test_085.png,0.52,19,0.87943,0.99189,0,6
test_085.png,1.04,37,0.87943,0.99189,0,6
test_085.png,2.08,75,0.87943,0.99189,0,6
test_085.png,5.21,188,0.87943,0.99189,0,6
test_085.png,10.42,375,0.87943,0.99189,0,6
test_086.png,0.0,0,0.87685,0.97926,9,6
test_086.png,0.21,8,0.87692,0.9796,4,6
test_086.png,0.52,19,0.87703,0.9801,2,6
test_086.png,1.04,37,0.87735,0.98069,0,6
test_086.png,2.08,75,0.87735,0.98069,0,6
test_086.png,5.21,188,0.87735,0.98069,0,6
test_086.png,10.42,375,0.87735,0.98069,0,6
test_087.png,0.0,0,0.80155,0.93589,20,29
test_087.png,0.21,8,0.8017,0.93699,3,29
test_087.png,0.52,19,0.80173,0.93707,2,29
test_087.png,1.04,37,0.80194,0.93801,0,29
test_087.png,2.08,75,0.80194,0.93801,0,29
test_087.png,5.21,188,0.80194,0.93801,0,29
test_087.png,10.42,375,0.80194,0.93801,0,29
test_088.png,0.0,0,0.8887,0.98654,3,2
test_088.png,0.21,8,0.88871,0.98671,2,2
test_088.png,0.52,19,0.88889,0.98853,0,2
test_088.png,1.04,37,0.88889,0.98853,0,2
test_088.png,2.08,75,0.88889,0.98853,0,2
test_088.png,5.21,188,0.88889,0.98853,0,2
test_088.png,10.42,375,0.88889,0.98853,0,2
test_089.png,0.0,0,0.82088,0.9815,10,8
test_089.png,0.21,8,0.82099,0.98264,1,8
test_089.png,0.52,19,0.82115,0.98332,1,8
test_089.png,1.04,37,0.82115,0.98332,1,8
test_089.png,2.08,75,0.82115,0.98332,1,8
test_089.png,5.21,188,0.82115,0.98332,1,8
test_089.png,10.42,375,0.82115,0.98332,1,8
test_090.png,0.0,0,0.7977,0.94188,21,12
test_090.png,0.21,8,0.79768,0.94225,10,12
test_090.png,0.52,19,0.79773,0.94218,7,12
test_090.png,1.04,37,0.79831,0.94398,2,12
test_090.png,2.08,75,0.79857,0.94464,1,12
test_090.png,5.21,188,0.79904,0.94512,0,12
test_090.png,10.42,375,0.79904,0.94512,0,12
test_091.png,0.0,0,0.83491,0.93847,16,27
test_091.png,0.21,8,0.83498,0.9393,3,27
test_091.png,0.52,19,0.83507,0.93965,1,27
test_091.png,1.04,37,0.83507,0.93965,1,27
test_091.png,2.08,75,0.83507,0.93965,1,27
test_091.png,5.21,188,0.83566,0.9407,0,27
test_091.png,10.42,375,0.83566,0.9407,0,27
test_092.png,0.0,0,0.9174,0.99263,7,2
test_092.png,0.21,8,0.91744,0.99296,2,2
test_092.png,0.52,19,0.91752,0.9936,0,2
test_092.png,1.04,37,0.91752,0.9936,0,2
test_092.png,2.08,75,0.91752,0.9936,0,2
test_092.png,5.21,188,0.91752,0.9936,0,2
test_092.png,10.42,375,0.91752,0.9936,0,2
test_093.png,0.0,0,0.95897,0.9839,9,12
test_093.png,0.21,8,0.95908,0.98467,2,12
test_093.png,0.52,19,0.95921,0.98496,0,12
test_093.png,1.04,37,0.95921,0.98496,0,12
test_093.png,2.08,75,0.95921,0.98496,0,12
test_093.png,5.21,188,0.95921,0.98496,0,12
test_093.png,10.42,375,0.95921,0.98496,0,12
test_094.png,0.0,0,0.89779,0.99447,2,8
test_094.png,0.21,8,0.89782,0.99469,0,8
test_094.png,0.52,19,0.89782,0.99469,0,8
test_094.png,1.04,37,0.89782,0.99469,0,8
test_094.png,2.08,75,0.89782,0.99469,0,8
test_094.png,5.21,188,0.89782,0.99469,0,8
test_094.png,10.42,375,0.89782,0.99469,0,8
test_095.png,0.0,0,0.94105,0.99706,1,2
test_095.png,0.21,8,0.94105,0.99706,1,2
test_095.png,0.52,19,0.94111,0.99713,0,2
test_095.png,1.04,37,0.94111,0.99713,0,2
test_095.png,2.08,75,0.94111,0.99713,0,2
test_095.png,5.21,188,0.94111,0.99713,0,2
test_095.png,10.42,375,0.94111,0.99713,0,2
test_096.png,0.0,0,0.89061,0.98629,11,11
test_096.png,0.21,8,0.89073,0.9867,5,11
test_096.png,0.52,19,0.89093,0.98711,2,11
test_096.png,1.04,37,0.89123,0.98808,0,11
test_096.png,2.08,75,0.89123,0.98808,0,11
test_096.png,5.21,188,0.89123,0.98808,0,11
test_096.png,10.42,375,0.89123,0.98808,0,11
test_097.png,0.0,0,0.83304,0.93906,20,19
test_097.png,0.21,8,0.83314,0.94015,5,19
test_097.png,0.52,19,0.8331,0.9402,3,19
test_097.png,1.04,37,0.83337,0.94114,0,19
test_097.png,2.08,75,0.83337,0.94114,0,19
test_097.png,5.21,188,0.83337,0.94114,0,19
test_097.png,10.42,375,0.83337,0.94114,0,19
test_098.png,0.0,0,0.88399,0.93858,38,19
test_098.png,0.21,8,0.88424,0.94091,9,19
test_098.png,0.52,19,0.88443,0.9417,5,19
test_098.png,1.04,37,0.88472,0.94333,2,19
test_098.png,2.08,75,0.88525,0.9447,0,19
test_098.png,5.21,188,0.88525,0.9447,0,19
test_098.png,10.42,375,0.88525,0.9447,0,19
test_099.png,0.0,0,0.80183,0.98553,4,11
test_099.png,0.21,8,0.80186,0.98571,0,11
test_099.png,0.52,19,0.80186,0.98571,0,11
test_099.png,1.04,37,0.80186,0.98571,0,11
test_099.png,2.08,75,0.80186,0.98571,0,11
test_099.png,5.21,188,0.80186,0.98571,0,11
test_099.png,10.42,375,0.80186,0.98571,0,11
test_100.png,0.0,0,0.95077,0.9941,7,2
test_100.png,0.21,8,0.95087,0.99448,1,2
test_100.png,0.52,19,0.95095,0.99457,0,2
test_100.png,1.04,37,0.95095,0.99457,0,2
test_100.png,2.08,75,0.95095,0.99457,0,2
test_100.png,5.21,188,0.95095,0.99457,0,2
test_100.png,10.42,375,0.95095,0.99457,0,2
test_101.png,0.0,0,0.92745,0.99485,2,2
test_101.png,0.21,8,0.92748,0.99495,0,2
test_101.png,0.52,19,0.92748,0.99495,0,2
test_101.png,1.04,37,0.92748,0.99495,0,2
test_101.png,2.08,75,0.92748,0.99495,0,2
test_101.png,5.21,188,0.92748,0.99495,0,2
test_101.png,10.42,375,0.92748,0.99495,0,2
test_102.png,0.0,0,0.84735,0.95258,17,15
test_102.png,0.21,8,0.84743,0.95333,6,15
test_102.png,0.52,19,0.84762,0.95409,3,15
test_102.png,1.04,37,0.84791,0.95526,1,15
test_102.png,2.08,75,0.84791,0.95526,1,15
test_102.png,5.21,188,0.84791,0.95526,1,15
test_102.png,10.42,375,0.84791,0.95526,1,15
test_103.png,0.0,0,0.789,0.97015,7,9
test_103.png,0.21,8,0.78903,0.9705,3,9
test_103.png,0.52,19,0.78903,0.9705,3,9
test_103.png,1.04,37,0.78903,0.9705,3,9
test_103.png,2.08,75,0.78996,0.97357,0,9
test_103.png,5.21,188,0.78996,0.97357,0,9
test_103.png,10.42,375,0.78996,0.97357,0,9
test_104.png,0.0,0,0.81679,0.9505,31,19
test_104.png,0.21,8,0.81702,0.95222,8,19
test_104.png,0.52,19,0.81716,0.95265,4,19
test_104.png,1.04,37,0.81758,0.95375,0,19
test_104.png,2.08,75,0.81758,0.95375,0,19
test_104.png,5.21,188,0.81758,0.95375,0,19
test_104.png,10.42,375,0.81758,0.95375,0,19
test_105.png,0.0,0,0.95628,0.99991,0,0
test_105.png,0.21,8,0.95628,0.99991,0,0
test_105.png,0.52,19,0.95628,0.99991,0,0
test_105.png,1.04,37,0.95628,0.99991,0,0
test_105.png,2.08,75,0.95628,0.99991,0,0
test_105.png,5.21,188,0.95628,0.99991,0,0
test_105.png,10.42,375,0.95628,0.99991,0,0
test_106.png,0.0,0,0.91295,0.99251,1,0
test_106.png,0.21,8,0.91296,0.99255,0,0
test_106.png,0.52,19,0.91296,0.99255,0,0
test_106.png,1.04,37,0.91296,0.99255,0,0
test_106.png,2.08,75,0.91296,0.99255,0,0
test_106.png,5.21,188,0.91296,0.99255,0,0
test_106.png,10.42,375,0.91296,0.99255,0,0
test_107.png,0.0,0,0.77715,0.98794,1,2
test_107.png,0.21,8,0.77715,0.98794,1,2
test_107.png,0.52,19,0.77715,0.98794,1,2
test_107.png,1.04,37,0.77726,0.98847,0,2
test_107.png,2.08,75,0.77726,0.98847,0,2
test_107.png,5.21,188,0.77726,0.98847,0,2
test_107.png,10.42,375,0.77726,0.98847,0,2
test_108.png,0.0,0,0.86825,0.98068,13,5
test_108.png,0.21,8,0.8684,0.98146,5,5
test_108.png,0.52,19,0.8684,0.98146,5,5
test_108.png,1.04,37,0.86906,0.98244,1,5
test_108.png,2.08,75,0.86938,0.98293,0,5
test_108.png,5.21,188,0.86938,0.98293,0,5
test_108.png,10.42,375,0.86938,0.98293,0,5
test_109.png,0.0,0,0.80072,0.95693,25,10
test_109.png,0.21,8,0.80086,0.95838,6,10
test_109.png,0.52,19,0.80094,0.95875,4,10
test_109.png,1.04,37,0.80094,0.95875,4,10
test_109.png,2.08,75,0.80193,0.9616,0,10
test_109.png,5.21,188,0.80193,0.9616,0,10
test_109.png,10.42,375,0.80193,0.9616,0,10
test_110.png,0.0,0,0.88099,0.99109,8,1
test_110.png,0.21,8,0.88109,0.9915,1,1
test_110.png,0.52,19,0.88109,0.9915,1,1
test_110.png,1.04,37,0.88122,0.99207,0,1
test_110.png,2.08,75,0.88122,0.99207,0,1
test_110.png,5.21,188,0.88122,0.99207,0,1
test_110.png,10.42,375,0.88122,0.99207,0,1
test_111.png,0.0,0,0.91086,0.99397,4,3
test_111.png,0.21,8,0.91095,0.99424,0,3
test_111.png,0.52,19,0.91095,0.99424,0,3
test_111.png,1.04,37,0.91095,0.99424,0,3
test_111.png,2.08,75,0.91046,0.99356,2,3
test_111.png,5.21,188,0.91046,0.99356,2,3
test_111.png,10.42,375,0.91046,0.99356,2,3
test_112.png,0.0,0,0.86541,0.99604,1,2
test_112.png,0.21,8,0.86544,0.99611,0,2
test_112.png,0.52,19,0.86544,0.99611,0,2
test_112.png,1.04,37,0.86544,0.99611,0,2
test_112.png,2.08,75,0.86544,0.99611,0,2
test_112.png,5.21,188,0.86544,0.99611,0,2
test_112.png,10.42,375,0.86544,0.99611,0,2
test_113.png,0.0,0,0.83744,0.97708,19,6
test_113.png,0.21,8,0.83759,0.97777,8,6
test_113.png,0.52,19,0.83793,0.97884,3,6
test_113.png,1.04,37,0.83844,0.97971,0,6
test_113.png,2.08,75,0.83844,0.97971,0,6
test_113.png,5.21,188,0.83844,0.97971,0,6
test_113.png,10.42,375,0.83844,0.97971,0,6
test_114.png,0.0,0,0.79923,0.93511,19,25
test_114.png,0.21,8,0.79933,0.93615,4,25
test_114.png,0.52,19,0.79935,0.93638,1,25
test_114.png,1.04,37,0.79945,0.93672,0,25
test_114.png,2.08,75,0.79945,0.93672,0,25
test_114.png,5.21,188,0.79945,0.93672,0,25
test_114.png,10.42,375,0.79945,0.93672,0,25
test_115.png,0.0,0,0.94682,0.99027,6,5
test_115.png,0.21,8,0.94695,0.99115,0,5
test_115.png,0.52,19,0.94695,0.99115,0,5
test_115.png,1.04,37,0.94695,0.99115,0,5
test_115.png,2.08,75,0.94695,0.99115,0,5
test_115.png,5.21,188,0.94695,0.99115,0,5
test_115.png,10.42,375,0.94695,0.99115,0,5
test_116.png,0.0,0,0.92424,0.99168,5,7
test_116.png,0.21,8,0.9243,0.9922,0,7
test_116.png,0.52,19,0.9243,0.9922,0,7
test_116.png,1.04,37,0.9243,0.9922,0,7
test_116.png,2.08,75,0.9243,0.9922,0,7
test_116.png,5.21,188,0.9243,0.9922,0,7
test_116.png,10.42,375,0.92414,0.99229,1,7
test_117.png,0.0,0,0.96085,0.99834,1,1
test_117.png,0.21,8,0.96086,0.99836,0,1
test_117.png,0.52,19,0.96086,0.99836,0,1
test_117.png,1.04,37,0.96086,0.99836,0,1
test_117.png,2.08,75,0.96083,0.9982,1,1
test_117.png,5.21,188,0.96083,0.9982,1,1
test_117.png,10.42,375,0.96083,0.9982,1,1
test_118.png,0.0,0,0.94974,0.99785,2,0
test_118.png,0.21,8,0.94975,0.9979,1,0
test_118.png,0.52,19,0.94982,0.99846,0,0
test_118.png,1.04,37,0.94982,0.99846,0,0
test_118.png,2.08,75,0.94982,0.99846,0,0
test_118.png,5.21,188,0.94982,0.99846,0,0
test_118.png,10.42,375,0.94982,0.99846,0,0
test_119.png,0.0,0,0.96505,0.99502,2,1
test_119.png,0.21,8,0.96508,0.99525,1,1
test_119.png,0.52,19,0.96517,0.99589,0,1
test_119.png,1.04,37,0.96517,0.99589,0,1
test_119.png,2.08,75,0.96517,0.99589,0,1
test_119.png,5.21,188,0.96517,0.99589,0,1
test_119.png,10.42,375,0.96517,0.99589,0,1
test_120.png,0.0,0,0.8797,0.99822,0,2
test_120.png,0.21,8,0.8797,0.99822,0,2
test_120.png,0.52,19,0.8797,0.99822,0,2
test_120.png,1.04,37,0.8797,0.99822,0,2
test_120.png,2.08,75,0.8797,0.99822,0,2
test_120.png,5.21,188,0.8797,0.99822,0,2
test_120.png,10.42,375,0.8797,0.99822,0,2
test_121.png,0.0,0,0.79532,0.83862,77,37
test_121.png,0.21,8,0.79588,0.84364,19,37
test_121.png,0.52,19,0.79602,0.84446,14,37
test_121.png,1.04,37,0.79693,0.84774,7,37
test_121.png,2.08,75,0.79719,0.84923,4,37
test_121.png,5.21,188,0.79719,0.84923,4,37
test_121.png,10.42,375,0.79719,0.84923,4,37
test_122.png,0.0,0,0.78586,0.85433,56,37
test_122.png,0.21,8,0.78629,0.85743,16,37
test_122.png,0.52,19,0.78678,0.85888,7,37
test_122.png,1.04,37,0.78683,0.859,4,37
test_122.png,2.08,75,0.78731,0.8605,1,37
test_122.png,5.21,188,0.78731,0.8605,1,37
test_122.png,10.42,375,0.78731,0.8605,1,37
test_123.png,0.0,0,0.91017,0.95932,72,31
test_123.png,0.21,8,0.91064,0.96146,13,31
test_123.png,0.52,19,0.91077,0.96211,5,31
test_123.png,1.04,37,0.91107,0.96243,3,31
test_123.png,2.08,75,0.91011,0.9613,0,31
test_123.png,5.21,188,0.90943,0.96065,1,31
test_123.png,10.42,375,0.90779,0.95872,2,31
test_124.png,0.0,0,0.27251,0.34532,194,72
test_124.png,0.21,8,0.27158,0.34355,88,72
test_124.png,0.52,19,0.2708,0.34237,65,72
test_124.png,1.04,37,0.26937,0.34088,54,71
test_124.png,2.08,75,0.26673,0.33781,41,70
test_124.png,5.21,188,0.26576,0.33862,32,70
test_124.png,10.42,375,0.26678,0.34266,22,66
test_125.png,0.0,0,0.79607,0.89226,45,4
test_125.png,0.21,8,0.79586,0.89299,19,4
test_125.png,0.52,19,0.79555,0.89274,15,4
test_125.png,1.04,37,0.79545,0.89303,13,4
test_125.png,2.08,75,0.79467,0.89144,10,4
test_125.png,5.21,188,0.79379,0.89033,9,4
test_125.png,10.42,375,0.78331,0.8749,2,4
test_126.png,0.0,0,0.91207,0.99248,2,7
test_126.png,0.21,8,0.91206,0.99248,1,7
test_126.png,0.52,19,0.91206,0.99248,1,7
test_126.png,1.04,37,0.91184,0.99184,0,6
test_126.png,2.08,75,0.91184,0.99184,0,6
test_126.png,5.21,188,0.91184,0.99184,0,6
test_126.png,10.42,375,0.91184,0.99184,0,6
test_127.png,0.0,0,0.90008,0.96646,44,44
test_127.png,0.21,8,0.90043,0.9682,3,44
test_127.png,0.52,19,0.90043,0.9682,3,44
test_127.png,1.04,37,0.90069,0.96872,1,44
test_127.png,2.08,75,0.9005,0.96861,0,44
test_127.png,5.21,188,0.9005,0.96861,0,44
test_127.png,10.42,375,0.9005,0.96861,0,44
test_128.png,0.0,0,0.90547,0.98783,9,1
test_128.png,0.21,8,0.90546,0.9881,3,1
test_128.png,0.52,19,0.90539,0.9879,2,1
test_128.png,1.04,37,0.90539,0.9879,2,1
test_128.png,2.08,75,0.90567,0.98899,1,1
test_128.png,5.21,188,0.90567,0.98899,1,1
test_128.png,10.42,375,0.90334,0.98704,0,1
test_129.png,0.0,0,0.92723,0.98389,14,4
test_129.png,0.21,8,0.92725,0.98432,3,4
test_129.png,0.52,19,0.92714,0.98401,1,4
test_129.png,1.04,37,0.92714,0.98401,1,4
test_129.png,2.08,75,0.92695,0.98351,0,4
test_129.png,5.21,188,0.92655,0.98309,1,4
test_129.png,10.42,375,0.92655,0.98309,1,4
test_130.png,0.0,0,0.75494,0.77761,93,86
test_130.png,0.21,8,0.75544,0.78172,33,86
test_130.png,0.52,19,0.75608,0.78396,23,86
test_130.png,1.04,37,0.75696,0.78695,17,86
test_130.png,2.08,75,0.75743,0.78879,9,86
test_130.png,5.21,188,0.76057,0.79883,1,83
test_130.png,10.42,375,0.76057,0.79883,1,83
test_131.png,0.0,0,0.84374,0.9035,46,26
test_131.png,0.21,8,0.84393,0.90593,10,26
test_131.png,0.52,19,0.84431,0.90771,3,26
test_131.png,1.04,37,0.84442,0.90783,2,26
test_131.png,2.08,75,0.84463,0.90891,1,26
test_131.png,5.21,188,0.84407,0.90836,0,26
test_131.png,10.42,375,0.84407,0.90836,0,26
test_132.png,0.0,0,0.91312,0.9828,9,17
test_132.png,0.21,8,0.91307,0.98277,0,17
test_132.png,0.52,19,0.91307,0.98277,0,17
test_132.png,1.04,37,0.91307,0.98277,0,17
test_132.png,2.08,75,0.91307,0.98277,0,17
test_132.png,5.21,188,0.91209,0.98064,1,17
test_132.png,10.42,375,0.91209,0.98064,1,17
test_133.png,0.0,0,0.66103,0.70328,146,79
test_133.png,0.21,8,0.66164,0.70763,46,79
test_133.png,0.52,19,0.66236,0.71012,29,79
test_133.png,1.04,37,0.663,0.7116,21,79
test_133.png,2.08,75,0.66393,0.71305,13,78
test_133.png,5.21,188,0.66405,0.71314,9,78
test_133.png,10.42,375,0.66447,0.7127,8,78
test_134.png,0.0,0,0.88058,0.90187,62,15
test_134.png,0.21,8,0.88083,0.90449,19,15
test_134.png,0.52,19,0.88135,0.90763,10,15
test_134.png,1.04,37,0.88159,0.90929,6,13
test_134.png,2.08,75,0.88185,0.90975,1,13
test_134.png,5.21,188,0.88261,0.91182,0,12
test_134.png,10.42,375,0.88261,0.91182,0,12
test_135.png,0.0,0,0.87776,0.92309,37,30
test_135.png,0.21,8,0.87781,0.92449,9,30
test_135.png,0.52,19,0.87788,0.92507,7,30
test_135.png,1.04,37,0.87816,0.92685,5,30
test_135.png,2.08,75,0.87816,0.92685,5,30
test_135.png,5.21,188,0.87946,0.93092,2,29
test_135.png,10.42,375,0.87584,0.92419,0,29
test_136.png,0.0,0,0.38585,0.40549,146,84
test_136.png,0.21,8,0.38594,0.40668,65,84
test_136.png,0.52,19,0.38639,0.40854,47,84
test_136.png,1.04,37,0.38597,0.40777,41,84
test_136.png,2.08,75,0.38659,0.4097,32,84
test_136.png,5.21,188,0.38304,0.41164,20,81
test_136.png,10.42,375,0.38213,0.4121,15,81
test_137.png,0.0,0,0.76296,0.87452,130,162
test_137.png,0.21,8,0.76393,0.88079,10,162
test_137.png,0.52,19,0.76414,0.88145,2,162
test_137.png,1.04,37,0.76422,0.88176,1,162
test_137.png,2.08,75,0.76431,0.88209,1,162
test_137.png,5.21,188,0.76468,0.88262,2,162
test_137.png,10.42,375,0.76468,0.88262,2,162
test_138.png,0.0,0,0.91183,0.98234,6,3
test_138.png,0.21,8,0.91193,0.98286,2,3
test_138.png,0.52,19,0.91193,0.98286,2,3
test_138.png,1.04,37,0.91224,0.98459,0,3
test_138.png,2.08,75,0.91224,0.98459,0,3
test_138.png,5.21,188,0.9121,0.98382,1,3
test_138.png,10.42,375,0.9121,0.98382,1,3
test_139.png,0.0,0,0.57785,0.50203,216,38
test_139.png,0.21,8,0.57868,0.50911,81,38
test_139.png,0.52,19,0.57901,0.51162,60,38
test_139.png,1.04,37,0.57993,0.51594,47,37
test_139.png,2.08,75,0.5822,0.52066,34,37
test_139.png,5.21,188,0.5872,0.53148,20,33
test_139.png,10.42,375,0.5988,0.552,11,33
test_140.png,0.0,0,0.8826,0.93211,27,36
test_140.png,0.21,8,0.8829,0.9351,6,36
test_140.png,0.52,19,0.88305,0.93597,4,36
test_140.png,1.04,37,0.8833,0.93735,1,36
test_140.png,2.08,75,0.88358,0.93884,0,36
test_140.png,5.21,188,0.88358,0.93884,0,36
test_140.png,10.42,375,0.88358,0.93884,0,36
test_141.png,0.0,0,0.91307,0.98826,4,8
test_141.png,0.21,8,0.91312,0.98888,1,8
test_141.png,0.52,19,0.91312,0.98888,1,8
test_141.png,1.04,37,0.91312,0.98888,1,8
test_141.png,2.08,75,0.91344,0.98961,0,8
test_141.png,5.21,188,0.91344,0.98961,0,8
test_141.png,10.42,375,0.91344,0.98961,0,8
test_142.png,0.0,0,0.72544,0.73979,111,76
test_142.png,0.21,8,0.72609,0.74501,43,76
test_142.png,0.52,19,0.72706,0.75007,26,76
test_142.png,1.04,37,0.72753,0.75192,20,76
test_142.png,2.08,75,0.73056,0.76058,9,74
test_142.png,5.21,188,0.73279,0.76492,4,73
test_142.png,10.42,375,0.73676,0.77163,1,73
test_143.png,0.0,0,0.89323,0.96191,24,30
test_143.png,0.21,8,0.89326,0.96335,6,30
test_143.png,0.52,19,0.89314,0.96322,5,30
test_143.png,1.04,37,0.89314,0.96322,5,30
test_143.png,2.08,75,0.89314,0.96322,5,30
test_143.png,5.21,188,0.89213,0.9617,4,30
test_143.png,10.42,375,0.89213,0.9617,4,30
test_144.png,0.0,0,0.70504,0.69639,143,97
test_144.png,0.21,8,0.70553,0.70119,45,97
test_144.png,0.52,19,0.70606,0.7031,35,96
test_144.png,1.04,37,0.70698,0.70536,29,96
test_144.png,2.08,75,0.71053,0.71206,17,94
test_144.png,5.21,188,0.71278,0.71747,11,93
test_144.png,10.42,375,0.72111,0.73055,6,92
test_145.png,0.0,0,0.78254,0.79896,87,74
test_145.png,0.21,8,0.78278,0.80265,29,74
test_145.png,0.52,19,0.78301,0.80444,20,73
test_145.png,1.04,37,0.78334,0.80556,17,73
test_145.png,2.08,75,0.784,0.8075,10,73
test_145.png,5.21,188,0.78487,0.8094,7,72
test_145.png,10.42,375,0.78752,0.8128,5,72
test_146.png,0.0,0,0.83662,0.92826,37,36
test_146.png,0.21,8,0.83681,0.92999,6,36
test_146.png,0.52,19,0.83675,0.93003,3,36
test_146.png,1.04,37,0.83689,0.93035,2,36
test_146.png,2.08,75,0.83683,0.93023,1,36
test_146.png,5.21,188,0.83683,0.93023,1,36
test_146.png,10.42,375,0.8355,0.92749,0,36
test_147.png,0.0,0,0.27109,0.33006,161,39
test_147.png,0.21,8,0.26959,0.32679,79,39
test_147.png,0.52,19,0.26805,0.32408,63,39
test_147.png,1.04,37,0.26613,0.32157,55,39
test_147.png,2.08,75,0.26175,0.3164,43,39
test_147.png,5.21,188,0.25686,0.30938,34,38
test_147.png,10.42,375,0.2395,0.28476,23,37
test_148.png,0.0,0,0.80371,0.96792,8,8
test_148.png,0.21,8,0.80377,0.96876,2,8
test_148.png,0.52,19,0.80382,0.96893,1,8
test_148.png,1.04,37,0.80382,0.96893,1,8
test_148.png,2.08,75,0.80382,0.96893,1,8
test_148.png,5.21,188,0.80382,0.96893,1,8
test_148.png,10.42,375,0.80332,0.96862,0,8
test_149.png,0.0,0,0.87942,0.92634,27,45
test_149.png,0.21,8,0.87927,0.92661,9,45
test_149.png,0.52,19,0.87925,0.92691,7,45
test_149.png,1.04,37,0.87893,0.92635,5,45
test_149.png,2.08,75,0.87893,0.92635,5,45
test_149.png,5.21,188,0.87893,0.92635,5,45
test_149.png,10.42,375,0.8745,0.92338,3,45
test_150.png,0.0,0,0.74549,0.79049,67,32
test_150.png,0.21,8,0.74594,0.79442,33,32
test_150.png,0.52,19,0.74628,0.79662,25,31
test_150.png,1.04,37,0.74687,0.79975,18,31
test_150.png,2.08,75,0.74796,0.80171,15,31
test_150.png,5.21,188,0.75069,0.80799,9,31
test_150.png,10.42,375,0.74997,0.8103,5,30
test_151.png,0.0,0,0.72433,0.73715,142,89
test_151.png,0.21,8,0.72519,0.74362,48,89
test_151.png,0.52,19,0.72608,0.74667,31,88
test_151.png,1.04,37,0.72683,0.74962,25,88
test_151.png,2.08,75,0.72855,0.75553,15,88
test_151.png,5.21,188,0.73279,0.76438,7,86
test_151.png,10.42,375,0.73449,0.76803,6,85
test_152.png,0.0,0,0.89492,0.97218,22,9
test_152.png,0.21,8,0.89488,0.97291,8,9
test_152.png,0.52,19,0.89498,0.97417,5,9
test_152.png,1.04,37,0.89469,0.97389,3,9
test_152.png,2.08,75,0.89459,0.97415,2,9
test_152.png,5.21,188,0.89459,0.97415,2,9
test_152.png,10.42,375,0.89315,0.97273,1,9
test_153.png,0.0,0,0.69101,0.71225,120,74
test_153.png,0.21,8,0.6918,0.71845,40,74
test_153.png,0.52,19,0.69273,0.72335,23,74
test_153.png,1.04,37,0.69328,0.7245,19,74
test_153.png,2.08,75,0.6946,0.72855,14,74
test_153.png,5.21,188,0.70187,0.74518,1,71
test_153.png,10.42,375,0.70288,0.74674,0,70
test_154.png,0.0,0,0.84693,0.88692,42,3
test_154.png,0.21,8,0.84707,0.88894,10,3
test_154.png,0.52,19,0.8474,0.89061,4,3
test_154.png,1.04,37,0.8474,0.89061,4,3
test_154.png,2.08,75,0.84833,0.89277,1,3
test_154.png,5.21,188,0.84903,0.89422,0,3
test_154.png,10.42,375,0.84903,0.89422,0,3
test_155.png,0.0,0,0.30346,0.3357,132,61
test_155.png,0.21,8,0.30318,0.3353,73,61
test_155.png,0.52,19,0.30312,0.33582,53,61
test_155.png,1.04,37,0.30215,0.33406,41,61
test_155.png,2.08,75,0.30293,0.33701,33,61
test_155.png,5.21,188,0.30039,0.33279,26,61
test_155.png,10.42,375,0.29843,0.3327,21,59
test_156.png,0.0,0,0.8686,0.94221,25,12
test_156.png,0.21,8,0.86868,0.94379,9,12
test_156.png,0.52,19,0.86869,0.94347,7,12
test_156.png,1.04,37,0.86878,0.94402,5,11
test_156.png,2.08,75,0.86878,0.94402,5,11
test_156.png,5.21,188,0.86836,0.94336,4,11
test_156.png,10.42,375,0.86571,0.93862,2,11
test_157.png,0.0,0,0.82998,0.77907,106,60
test_157.png,0.21,8,0.83064,0.7855,51,60
test_157.png,0.52,19,0.83174,0.79099,36,60
test_157.png,1.04,37,0.83286,0.79442,29,60
test_157.png,2.08,75,0.83591,0.80409,20,57
test_157.png,5.21,188,0.8447,0.82895,8,55
test_157.png,10.42,375,0.85503,0.85013,2,54
test_158.png,0.0,0,0.91346,0.96705,19,8
test_158.png,0.21,8,0.91359,0.969,8,8
test_158.png,0.52,19,0.9137,0.96976,7,8
test_158.png,1.04,37,0.91437,0.97194,3,8
test_158.png,2.08,75,0.91481,0.97315,2,8
test_158.png,5.21,188,0.91667,0.97568,0,8
test_158.png,10.42,375,0.91667,0.97568,0,8
test_159.png,0.0,0,0.84549,0.87791,49,60
test_159.png,0.21,8,0.8454,0.87925,21,60
test_159.png,0.52,19,0.84521,0.87985,15,60
test_159.png,1.04,37,0.84457,0.87976,11,59
test_159.png,2.08,75,0.84464,0.88169,7,59
test_159.png,5.21,188,0.84349,0.88003,5,58
test_159.png,10.42,375,0.84349,0.88003,5,58
test_160.png,0.0,0,0.85052,0.91919,41,32
test_160.png,0.21,8,0.85042,0.91991,11,32
test_160.png,0.52,19,0.85044,0.9204,7,32
test_160.png,1.04,37,0.85054,0.92099,6,32
test_160.png,2.08,75,0.84992,0.92011,3,32
test_160.png,5.21,188,0.84949,0.92034,1,32
test_160.png,10.42,375,0.85054,0.92256,0,32
test_161.png,0.0,0,0.59479,0.64196,151,159
test_161.png,0.21,8,0.59534,0.64605,43,159
test_161.png,0.52,19,0.59603,0.64884,25,159
test_161.png,1.04,37,0.59675,0.65106,17,158
test_161.png,2.08,75,0.59746,0.6534,11,156
test_161.png,5.21,188,0.59824,0.65536,7,154
test_161.png,10.42,375,0.59801,0.65546,5,154
test_162.png,0.0,0,0.79817,0.85099,58,1
test_162.png,0.21,8,0.79832,0.85279,21,1
test_162.png,0.52,19,0.79829,0.85308,16,1
test_162.png,1.04,37,0.79832,0.85355,13,1
test_162.png,2.08,75,0.79864,0.85452,10,0
test_162.png,5.21,188,0.79747,0.85167,5,1
test_162.png,10.42,375,0.79372,0.84572,3,2
test_163.png,0.0,0,0.85194,0.9218,23,37
test_163.png,0.21,8,0.85207,0.92283,8,37
test_163.png,0.52,19,0.85218,0.92311,6,37
test_163.png,1.04,37,0.85241,0.92434,4,37
test_163.png,2.08,75,0.85219,0.924,3,37
test_163.png,5.21,188,0.85262,0.92479,2,37
test_163.png,10.42,375,0.85129,0.92181,1,37
test_164.png,0.0,0,0.76967,0.98611,1,4
test_164.png,0.21,8,0.76968,0.98625,0,4
test_164.png,0.52,19,0.76968,0.98625,0,4
test_164.png,1.04,37,0.76968,0.98625,0,4
test_164.png,2.08,75,0.76968,0.98625,0,4
test_164.png,5.21,188,0.76968,0.98625,0,4
test_164.png,10.42,375,0.76968,0.98625,0,4
test_165.png,0.0,0,0.79682,0.97975,7,14
test_165.png,0.21,8,0.79687,0.98012,1,14
test_165.png,0.52,19,0.79692,0.98029,0,14
test_165.png,1.04,37,0.79692,0.98029,0,14
test_165.png,2.08,75,0.79692,0.98029,0,14
test_165.png,5.21,188,0.79692,0.98029,0,14
test_165.png,10.42,375,0.79692,0.98029,0,14
test_166.png,0.0,0,0.89189,0.98265,3,2
test_166.png,0.21,8,0.89193,0.98309,0,2
test_166.png,0.52,19,0.89193,0.98309,0,2
test_166.png,1.04,37,0.89193,0.98309,0,2
test_166.png,2.08,75,0.89193,0.98309,0,2
test_166.png,5.21,188,0.89193,0.98309,0,2
test_166.png,10.42,375,0.89193,0.98309,0,2
test_167.png,0.0,0,0.84161,0.9675,17,8
test_167.png,0.21,8,0.84157,0.96789,1,8
test_167.png,0.52,19,0.84157,0.96789,1,8
test_167.png,1.04,37,0.84157,0.96789,1,8
test_167.png,2.08,75,0.84157,0.96789,1,8
test_167.png,5.21,188,0.84157,0.96789,1,8
test_167.png,10.42,375,0.84157,0.96789,1,8
test_168.png,0.0,0,0.81753,0.84258,79,51
test_168.png,0.21,8,0.81813,0.84861,30,51
test_168.png,0.52,19,0.81867,0.8515,23,50
test_168.png,1.04,37,0.81947,0.85698,13,50
test_168.png,2.08,75,0.82136,0.86434,6,49
test_168.png,5.21,188,0.82258,0.86869,3,48
test_168.png,10.42,375,0.82751,0.87833,1,46
test_169.png,0.0,0,0.76164,0.80917,70,67
test_169.png,0.21,8,0.76165,0.81111,25,67
test_169.png,0.52,19,0.76171,0.81279,18,67
test_169.png,1.04,37,0.76185,0.8139,12,67
test_169.png,2.08,75,0.76213,0.81538,9,66
test_169.png,5.21,188,0.76258,0.81718,5,66
test_169.png,10.42,375,0.75759,0.80479,1,65
test_170.png,0.0,0,0.85967,0.91238,64,44
test_170.png,0.21,8,0.86021,0.91653,18,44
test_170.png,0.52,19,0.86063,0.9184,9,44
test_170.png,1.04,37,0.86123,0.92096,3,43
test_170.png,2.08,75,0.86159,0.92185,1,43
test_170.png,5.21,188,0.86159,0.92185,1,43
test_170.png,10.42,375,0.86,0.9186,0,43
test_171.png,0.0,0,0.37572,0.33411,137,63
test_171.png,0.21,8,0.37504,0.33309,51,63
test_171.png,0.52,19,0.37441,0.33298,36,63
test_171.png,1.04,37,0.37413,0.33263,34,63
test_171.png,2.08,75,0.37415,0.33391,26,60
test_171.png,5.21,188,0.37379,0.33427,18,60
test_171.png,10.42,375,0.37581,0.33802,15,60
test_172.png,0.0,0,0.4242,0.38707,226,67
test_172.png,0.21,8,0.42338,0.38595,106,67
test_172.png,0.52,19,0.42189,0.3837,77,67
test_172.png,1.04,37,0.42223,0.38564,61,67
test_172.png,2.08,75,0.42198,0.38686,52,66
test_172.png,5.21,188,0.41931,0.38845,34,64
test_172.png,10.42,375,0.41045,0.38274,22,63
test_173.png,0.0,0,0.87041,0.92832,34,97
test_173.png,0.21,8,0.87024,0.92942,4,97
test_173.png,0.52,19,0.87001,0.92936,2,97
test_173.png,1.04,37,0.87001,0.92936,2,97
test_173.png,2.08,75,0.87001,0.92936,2,97
test_173.png,5.21,188,0.86909,0.929,1,97
test_173.png,10.42,375,0.86909,0.929,1,97
test_174.png,0.0,0,0.20853,0.20527,247,24
test_174.png,0.21,8,0.20677,0.20237,121,24
test_174.png,0.52,19,0.20522,0.20126,100,24
test_174.png,1.04,37,0.20372,0.19863,82,24
test_174.png,2.08,75,0.20178,0.19715,65,24
test_174.png,5.21,188,0.19798,0.19549,38,21
test_174.png,10.42,375,0.19565,0.19478,27,19
test_175.png,0.0,0,0.7108,0.82215,57,60
test_175.png,0.21,8,0.71096,0.82374,22,60
test_175.png,0.52,19,0.71102,0.82456,11,60
test_175.png,1.04,37,0.7113,0.82534,9,60
test_175.png,2.08,75,0.71222,0.82759,5,59
test_175.png,5.21,188,0.71455,0.83169,0,59
test_175.png,10.42,375,0.71455,0.83169,0,59
test_176.png,0.0,0,0.71645,0.83645,81,41
test_176.png,0.21,8,0.71689,0.83929,32,41
test_176.png,0.52,19,0.71765,0.84198,19,41
test_176.png,1.04,37,0.71872,0.84465,11,41
test_176.png,2.08,75,0.7205,0.84823,5,41
test_176.png,5.21,188,0.72259,0.8526,1,41
test_176.png,10.42,375,0.72259,0.8526,1,41
test_177.png,0.0,0,0.57208,0.76333,63,41
test_177.png,0.21,8,0.57211,0.76483,19,41
test_177.png,0.52,19,0.57213,0.76555,9,41
test_177.png,1.04,37,0.5724,0.76635,6,41
test_177.png,2.08,75,0.57263,0.76672,2,41
test_177.png,5.21,188,0.57362,0.76822,0,41
test_177.png,10.42,375,0.57362,0.76822,0,41
test_178.png,0.0,0,0.52593,0.4851,220,71
test_178.png,0.21,8,0.52451,0.48298,91,71
test_178.png,0.52,19,0.52325,0.48254,64,70
test_178.png,1.04,37,0.52288,0.48244,53,70
test_178.png,2.08,75,0.52447,0.48914,35,69
test_178.png,5.21,188,0.52534,0.49444,21,65
test_178.png,10.42,375,0.51029,0.47476,15,65
test_179.png,0.0,0,0.61128,0.86027,36,17
test_179.png,0.21,8,0.61119,0.86099,7,17
test_179.png,0.52,19,0.6113,0.86157,4,17
test_179.png,1.04,37,0.61163,0.86276,1,17
test_179.png,2.08,75,0.61183,0.86304,0,17
test_179.png,5.21,188,0.61183,0.86304,0,17
test_179.png,10.42,375,0.61183,0.86304,0,17
test_180.png,0.0,0,0.57107,0.78797,39,46
test_180.png,0.21,8,0.57117,0.78908,12,46
test_180.png,0.52,19,0.57126,0.78965,7,46
test_180.png,1.04,37,0.57172,0.79126,0,43
test_180.png,2.08,75,0.57172,0.79126,0,43
test_180.png,5.21,188,0.57172,0.79126,0,43
test_180.png,10.42,375,0.57172,0.79126,0,43
test_181.png,0.0,0,0.59986,0.79391,70,52
test_181.png,0.21,8,0.60002,0.79577,21,52
test_181.png,0.52,19,0.60039,0.79729,14,52
test_181.png,1.04,37,0.60068,0.79827,8,52
test_181.png,2.08,75,0.60056,0.79913,3,50
test_181.png,5.21,188,0.60124,0.8006,2,50
test_181.png,10.42,375,0.59971,0.79976,1,50
test_182.png,0.0,0,0.73986,0.81745,62,48
test_182.png,0.21,8,0.73962,0.81824,17,48
test_182.png,0.52,19,0.73963,0.8191,12,48
test_182.png,1.04,37,0.73977,0.8197,11,48
test_182.png,2.08,75,0.73875,0.81927,7,48
test_182.png,5.21,188,0.73805,0.81944,5,46
test_182.png,10.42,375,0.73439,0.81585,2,43
test_183.png,0.0,0,0.32344,0.30146,247,46
test_183.png,0.21,8,0.3205,0.2969,118,46
test_183.png,0.52,19,0.31713,0.29146,90,46
test_183.png,1.04,37,0.31451,0.29142,73,45
test_183.png,2.08,75,0.30867,0.28609,59,43
test_183.png,5.21,188,0.29106,0.27707,32,39
test_183.png,10.42,375,0.28927,0.28048,23,39
test_184.png,0.0,0,0.62767,0.73881,185,153
test_184.png,0.21,8,0.62736,0.73948,68,153
test_184.png,0.52,19,0.62668,0.7393,43,154
test_184.png,1.04,37,0.6263,0.73882,32,154
test_184.png,2.08,75,0.62488,0.73651,17,154
test_184.png,5.21,188,0.62435,0.73588,12,155
test_184.png,10.42,375,0.61815,0.72888,4,156
test_185.png,0.0,0,0.86296,0.92967,23,82
test_185.png,0.21,8,0.86289,0.93026,4,82
test_185.png,0.52,19,0.86277,0.93029,2,82
test_185.png,1.04,37,0.8626,0.93024,1,82
test_185.png,2.08,75,0.8626,0.93024,1,82
test_185.png,5.21,188,0.8626,0.93024,1,82
test_185.png,10.42,375,0.8626,0.93024,1,82
test_186.png,0.0,0,0.33625,0.31671,241,66
test_186.png,0.21,8,0.33404,0.31235,91,66
test_186.png,0.52,19,0.33287,0.3109,69,65
test_186.png,1.04,37,0.33165,0.30856,61,65
test_186.png,2.08,75,0.33168,0.30952,47,64
test_186.png,5.21,188,0.33017,0.31176,26,63
test_186.png,10.42,375,0.3302,0.31451,17,61
test_187.png,0.0,0,0.43661,0.41754,219,55
test_187.png,0.21,8,0.43596,0.41759,109,54
test_187.png,0.52,19,0.43499,0.41765,83,54
test_187.png,1.04,37,0.43565,0.42242,60,53
test_187.png,2.08,75,0.43811,0.43014,42,52
test_187.png,5.21,188,0.43951,0.43892,23,49
test_187.png,10.42,375,0.43411,0.43671,16,47
test_188.png,0.0,0,0.41446,0.47057,186,56
test_188.png,0.21,8,0.41459,0.47307,86,56
test_188.png,0.52,19,0.41474,0.47459,70,56
test_188.png,1.04,37,0.41365,0.47317,59,55
test_188.png,2.08,75,0.41452,0.4762,49,53
test_188.png,5.21,188,0.4132,0.48041,27,48
test_188.png,10.42,375,0.41106,0.48004,23,46
test_189.png,0.0,0,0.58805,0.76512,43,57
test_189.png,0.21,8,0.58817,0.76654,13,57
test_189.png,0.52,19,0.58834,0.76711,9,57
test_189.png,1.04,37,0.58867,0.76765,6,57
test_189.png,2.08,75,0.58955,0.77021,1,57
test_189.png,5.21,188,0.58955,0.77021,1,57
test_189.png,10.42,375,0.58955,0.77021,1,57
test_190.png,0.0,0,0.47076,0.4526,200,33
test_190.png,0.21,8,0.46968,0.45249,99,33
test_190.png,0.52,19,0.46782,0.45153,74,33
test_190.png,1.04,37,0.46629,0.45178,58,32
test_190.png,2.08,75,0.46606,0.45385,48,32
test_190.png,5.21,188,0.4601,0.45839,30,28
test_190.png,10.42,375,0.42262,0.42078,15,22
test_191.png,0.0,0,0.60136,0.80756,55,47
test_191.png,0.21,8,0.60147,0.80942,19,47
test_191.png,0.52,19,0.60174,0.8107,11,47
test_191.png,1.04,37,0.60224,0.81268,6,47
test_191.png,2.08,75,0.60289,0.81393,1,47
test_191.png,5.21,188,0.60338,0.81551,0,45
test_191.png,10.42,375,0.60338,0.81551,0,45
test_192.png,0.0,0,0.57486,0.73001,46,113
test_192.png,0.21,8,0.57507,0.73222,11,113
test_192.png,0.52,19,0.57529,0.73287,5,113
test_192.png,1.04,37,0.57551,0.73353,2,113
test_192.png,2.08,75,0.5757,0.73425,1,113
test_192.png,5.21,188,0.57556,0.73417,0,113
test_192.png,10.42,375,0.57556,0.73417,0,113
test_193.png,0.0,0,0.59069,0.58098,195,80
test_193.png,0.21,8,0.59152,0.58674,69,80
test_193.png,0.52,19,0.59188,0.58872,44,80
test_193.png,1.04,37,0.59284,0.59227,32,80
test_193.png,2.08,75,0.5943,0.59619,20,77
test_193.png,5.21,188,0.59861,0.60386,8,77
test_193.png,10.42,375,0.60058,0.60589,4,76
test_194.png,0.0,0,0.80326,0.92558,22,23
test_194.png,0.21,8,0.80317,0.92611,6,23
test_194.png,0.52,19,0.80308,0.92575,4,23
test_194.png,1.04,37,0.80305,0.926,2,23
test_194.png,2.08,75,0.80246,0.92446,1,23
test_194.png,5.21,188,0.80246,0.92446,1,23
test_194.png,10.42,375,0.80208,0.92416,0,23
test_195.png,0.0,0,0.43501,0.42914,232,104
test_195.png,0.21,8,0.43278,0.42601,107,104
test_195.png,0.52,19,0.43098,0.42503,87,104
test_195.png,1.04,37,0.43058,0.4268,71,104
test_195.png,2.08,75,0.42773,0.42646,60,104
test_195.png,5.21,188,0.42136,0.42038,39,99
test_195.png,10.42,375,0.39341,0.39166,21,88
test_196.png,0.0,0,0.70244,0.72775,134,107
test_196.png,0.21,8,0.70159,0.72834,42,107
test_196.png,0.52,19,0.7017,0.73125,30,107
test_196.png,1.04,37,0.70005,0.73204,19,107
test_196.png,2.08,75,0.69909,0.73163,13,106
test_196.png,5.21,188,0.69833,0.73264,10,106
test_196.png,10.42,375,0.69289,0.72764,7,103
test_197.png,0.0,0,0.54819,0.53152,174,90
test_197.png,0.21,8,0.54701,0.53152,74,90
test_197.png,0.52,19,0.547,0.5314,56,90
test_197.png,1.04,37,0.54633,0.5318,46,89
test_197.png,2.08,75,0.54549,0.53299,39,89
test_197.png,5.21,188,0.54343,0.53358,26,86
test_197.png,10.42,375,0.54018,0.53275,20,83
test_198.png,0.0,0,0.22126,0.20329,251,43
test_198.png,0.21,8,0.21978,0.20073,130,43
test_198.png,0.52,19,0.21848,0.19959,97,43
test_198.png,1.04,37,0.21621,0.19586,81,42
test_198.png,2.08,75,0.21377,0.19336,64,42
test_198.png,5.21,188,0.21344,0.199,38,41
test_198.png,10.42,375,0.21924,0.20934,23,40
test_199.png,0.0,0,0.74507,0.75767,82,109
test_199.png,0.21,8,0.74456,0.75797,33,109
test_199.png,0.52,19,0.74381,0.75799,21,109
test_199.png,1.04,37,0.74356,0.75758,20,109
test_199.png,2.08,75,0.74311,0.75855,15,109
test_199.png,5.21,188,0.74135,0.76226,9,108
test_199.png,10.42,375,0.7337,0.75691,3,100
test_200.png,0.0,0,0.35443,0.40963,203,80
test_200.png,0.21,8,0.35414,0.41089,75,80
test_200.png,0.52,19,0.35332,0.40989,53,80
test_200.png,1.04,37,0.35296,0.40992,44,80
test_200.png,2.08,75,0.35328,0.41064,42,80
test_200.png,5.21,188,0.35327,0.41202,27,80
test_200.png,10.42,375,0.35609,0.41847,20,78
test_201.png,0.0,0,0.58653,0.7295,76,126
test_201.png,0.21,8,0.58692,0.73279,15,126
test_201.png,0.52,19,0.58723,0.73412,7,126
test_201.png,1.04,37,0.58757,0.73485,4,126
test_201.png,2.08,75,0.58785,0.73595,2,126
test_201.png,5.21,188,0.5887,0.73728,0,126
test_201.png,10.42,375,0.5887,0.73728,0,126
test_202.png,0.0,0,0.45916,0.42647,235,81
test_202.png,0.21,8,0.4572,0.42451,116,81
test_202.png,0.52,19,0.4565,0.4249,88,80
test_202.png,1.04,37,0.45602,0.42642,73,80
test_202.png,2.08,75,0.45421,0.42716,46,77
test_202.png,5.21,188,0.45051,0.4283,27,76
test_202.png,10.42,375,0.42785,0.40981,16,70
test_203.png,0.0,0,0.64116,0.85614,34,41
test_203.png,0.21,8,0.64129,0.85768,6,41
test_203.png,0.52,19,0.6413,0.85805,3,41
test_203.png,1.04,37,0.6413,0.85805,3,41
test_203.png,2.08,75,0.64099,0.8578,2,41
test_203.png,5.21,188,0.64133,0.85856,1,41
test_203.png,10.42,375,0.64133,0.85856,1,41
test_204.png,0.0,0,0.61969,0.81084,51,50
test_204.png,0.21,8,0.61977,0.81204,12,50
test_204.png,0.52,19,0.61974,0.81241,6,50
test_204.png,1.04,37,0.61949,0.81235,3,50
test_204.png,2.08,75,0.61953,0.81275,1,49
test_204.png,5.21,188,0.61984,0.81353,0,49
test_204.png,10.42,375,0.61984,0.81353,0,49
test_205.png,0.0,0,0.69407,0.75327,114,12
test_205.png,0.21,8,0.6932,0.7532,42,12
test_205.png,0.52,19,0.69325,0.75434,34,12
test_205.png,1.04,37,0.69241,0.75465,29,12
test_205.png,2.08,75,0.6906,0.75368,22,12
test_205.png,5.21,188,0.68273,0.74913,11,12
test_205.png,10.42,375,0.67818,0.74473,9,11
test_206.png,0.0,0,0.78943,0.90088,60,64
test_206.png,0.21,8,0.78944,0.90249,9,64
test_206.png,0.52,19,0.78967,0.90338,5,64
test_206.png,1.04,37,0.78985,0.90413,3,64
test_206.png,2.08,75,0.78985,0.90413,3,64
test_206.png,5.21,188,0.78935,0.90462,1,60
test_206.png,10.42,375,0.78845,0.90315,0,60
test_207.png,0.0,0,0.39023,0.35767,181,96
test_207.png,0.21,8,0.38888,0.35586,64,96
test_207.png,0.52,19,0.38761,0.35372,44,96
test_207.png,1.04,37,0.38694,0.3525,37,96
test_207.png,2.08,75,0.38468,0.34851,27,92
test_207.png,5.21,188,0.38341,0.34896,19,91
test_207.png,10.42,375,0.38385,0.3513,15,87
test_208.png,0.0,0,0.69705,0.72864,96,62
test_208.png,0.21,8,0.69687,0.73079,35,62
test_208.png,0.52,19,0.69768,0.73347,21,62
test_208.png,1.04,37,0.69843,0.73597,16,62
test_208.png,2.08,75,0.69974,0.73974,11,61
test_208.png,5.21,188,0.70293,0.74576,4,60
test_208.png,10.42,375,0.70139,0.74275,1,60
test_209.png,0.0,0,0.58343,0.53113,180,94
test_209.png,0.21,8,0.58344,0.53232,62,94
test_209.png,0.52,19,0.58361,0.53357,43,94
test_209.png,1.04,37,0.58252,0.53368,29,94
test_209.png,2.08,75,0.58303,0.5345,23,94
test_209.png,5.21,188,0.58563,0.5385,16,94
test_209.png,10.42,375,0.58931,0.54456,9,92
test_210.png,0.0,0,0.67118,0.8133,69,69
test_210.png,0.21,8,0.67157,0.81628,21,69
test_210.png,0.52,19,0.67191,0.81826,15,69
test_210.png,1.04,37,0.67267,0.81998,9,69
test_210.png,2.08,75,0.67318,0.82202,7,69
test_210.png,5.21,188,0.67588,0.82727,1,68
test_210.png,10.42,375,0.67588,0.82727,1,68
test_211.png,0.0,0,0.72674,0.78756,119,38
test_211.png,0.21,8,0.72559,0.7878,47,38
test_211.png,0.52,19,0.725,0.78761,41,38
test_211.png,1.04,37,0.7238,0.78694,35,38
test_211.png,2.08,75,0.72164,0.78728,25,37
test_211.png,5.21,188,0.72027,0.78673,22,37
test_211.png,10.42,375,0.71686,0.78382,19,36
test_212.png,0.0,0,0.58042,0.75934,48,60
test_212.png,0.21,8,0.58057,0.76129,7,60
test_212.png,0.52,19,0.58062,0.76145,5,60
test_212.png,1.04,37,0.58078,0.76211,3,60
test_212.png,2.08,75,0.58107,0.76281,1,60
test_212.png,5.21,188,0.58139,0.76313,0,60
test_212.png,10.42,375,0.58139,0.76313,0,60
test_213.png,0.0,0,0.41361,0.41401,173,45
test_213.png,0.21,8,0.41181,0.41126,78,45
test_213.png,0.52,19,0.40985,0.4089,62,45
test_213.png,1.04,37,0.40717,0.40504,50,45
test_213.png,2.08,75,0.40525,0.40448,38,45
test_213.png,5.21,188,0.40406,0.4073,28,43
test_213.png,10.42,375,0.40084,0.40809,20,41
test_214.png,0.0,0,0.64303,0.81412,60,42
test_214.png,0.21,8,0.64335,0.81613,29,42
test_214.png,0.52,19,0.64358,0.81726,21,42
test_214.png,1.04,37,0.64382,0.81804,16,42
test_214.png,2.08,75,0.64472,0.82008,6,42
test_214.png,5.21,188,0.6465,0.82301,2,42
test_214.png,10.42,375,0.64832,0.82655,0,42
test_215.png,0.0,0,0.62533,0.80834,47,57
test_215.png,0.21,8,0.62565,0.81075,14,57
test_215.png,0.52,19,0.62567,0.81125,8,57
test_215.png,1.04,37,0.62564,0.8111,6,57
test_215.png,2.08,75,0.62657,0.81289,2,56
test_215.png,5.21,188,0.62694,0.81369,1,56
test_215.png,10.42,375,0.62707,0.8141,0,56
test_216.png,0.0,0,0.58987,0.62792,121,107
test_216.png,0.21,8,0.5902,0.63045,44,107
test_216.png,0.52,19,0.59063,0.63197,33,106
test_216.png,1.04,37,0.59052,0.63267,23,105
test_216.png,2.08,75,0.59158,0.63481,18,104
test_216.png,5.21,188,0.5941,0.64061,9,99
test_216.png,10.42,375,0.59578,0.64307,5,98
test_217.png,0.0,0,0.79352,0.94991,30,19
test_217.png,0.21,8,0.79365,0.95102,5,19
test_217.png,0.52,19,0.79369,0.95133,4,19
test_217.png,1.04,37,0.79388,0.95173,3,19
test_217.png,2.08,75,0.79445,0.95345,0,19
test_217.png,5.21,188,0.79445,0.95345,0,19
test_217.png,10.42,375,0.79445,0.95345,0,19
test_218.png,0.0,0,0.46883,0.45159,195,81
test_218.png,0.21,8,0.46765,0.45149,87,81
test_218.png,0.52,19,0.46667,0.45161,67,81
test_218.png,1.04,37,0.46562,0.45147,59,81
test_218.png,2.08,75,0.4626,0.4514,47,79
test_218.png,5.21,188,0.45814,0.45472,30,74
test_218.png,10.42,375,0.44707,0.4496,23,70
test_219.png,0.0,0,0.53664,0.47502,135,63
test_219.png,0.21,8,0.53675,0.47684,57,63
test_219.png,0.52,19,0.53701,0.47822,44,63
test_219.png,1.04,37,0.53749,0.48025,36,63
test_219.png,2.08,75,0.53845,0.48208,25,60
test_219.png,5.21,188,0.54201,0.48768,15,59
test_219.png,10.42,375,0.5476,0.49474,10,59
test_220.png,0.0,0,0.48669,0.39485,167,85
test_220.png,0.21,8,0.48654,0.39462,55,85
test_220.png,0.52,19,0.48667,0.39539,39,85
test_220.png,1.04,37,0.48678,0.39598,35,85
test_220.png,2.08,75,0.48852,0.3976,25,84
test_220.png,5.21,188,0.4898,0.39868,14,82
test_220.png,10.42,375,0.49311,0.40196,9,79
test_221.png,0.0,0,0.47668,0.49793,329,88
test_221.png,0.21,8,0.47552,0.49802,129,88
test_221.png,0.52,19,0.47519,0.49913,91,88
test_221.png,1.04,37,0.47476,0.49973,69,86
test_221.png,2.08,75,0.47353,0.50147,48,86
test_221.png,5.21,188,0.47187,0.50189,37,83
test_221.png,10.42,375,0.46393,0.49503,26,80
test_222.png,0.0,0,0.45287,0.42344,139,103
test_222.png,0.21,8,0.45285,0.42515,47,103
test_222.png,0.52,19,0.45351,0.42698,35,103
test_222.png,1.04,37,0.4537,0.42782,29,102
test_222.png,2.08,75,0.45508,0.42981,24,101
test_222.png,5.21,188,0.45717,0.4333,20,99
test_222.png,10.42,375,0.45805,0.43462,15,99
test_223.png,0.0,0,0.78544,0.74982,87,25
test_223.png,0.21,8,0.78548,0.75268,35,25
test_223.png,0.52,19,0.78581,0.75574,28,25
test_223.png,1.04,37,0.78633,0.75924,20,24
test_223.png,2.08,75,0.78655,0.7605,18,23
test_223.png,5.21,188,0.79039,0.77514,12,22
test_223.png,10.42,375,0.79303,0.78685,7,20
test_224.png,0.0,0,0.78051,0.73679,111,36
test_224.png,0.21,8,0.78099,0.74313,50,35
test_224.png,0.52,19,0.78195,0.7484,37,35
test_224.png,1.04,37,0.78395,0.75658,27,34
test_224.png,2.08,75,0.78422,0.758,24,33
test_224.png,5.21,188,0.78898,0.77353,12,31
test_224.png,10.42,375,0.79965,0.79965,5,27
test_225.png,0.0,0,0.21274,0.17098,194,160
test_225.png,0.21,8,0.2124,0.17058,67,160
test_225.png,0.52,19,0.21236,0.17097,52,160
test_225.png,1.04,37,0.21218,0.17106,39,159
test_225.png,2.08,75,0.21208,0.1714,29,157
test_225.png,5.21,188,0.21026,0.16823,19,156
test_225.png,10.42,375,0.21244,0.17064,13,149
test_226.png,0.0,0,0.27339,0.24298,195,57
test_226.png,0.21,8,0.2726,0.24181,90,57
test_226.png,0.52,19,0.27252,0.24248,71,57
test_226.png,1.04,37,0.27122,0.23893,57,56
test_226.png,2.08,75,0.26956,0.23488,47,54
test_226.png,5.21,188,0.26596,0.23552,33,52
test_226.png,10.42,375,0.25551,0.22726,27,48
test_227.png,0.0,0,0.707,0.79071,18,42
test_227.png,0.21,8,0.70693,0.79116,8,42
test_227.png,0.52,19,0.70709,0.79206,5,42
test_227.png,1.04,37,0.70711,0.79269,4,42
test_227.png,2.08,75,0.7067,0.79463,1,42
test_227.png,5.21,188,0.7067,0.79463,1,42
test_227.png,10.42,375,0.7067,0.79463,1,42
test_228.png,0.0,0,0.72328,0.7529,58,23
test_228.png,0.21,8,0.7234,0.75539,27,23
test_228.png,0.52,19,0.7238,0.75738,18,23
test_228.png,1.04,37,0.72447,0.75958,13,23
test_228.png,2.08,75,0.72501,0.76169,11,23
test_228.png,5.21,188,0.72872,0.7709,6,23
test_228.png,10.42,375,0.73035,0.77405,3,23
test_229.png,0.0,0,0.7978,0.8518,45,15
test_229.png,0.21,8,0.7983,0.85686,9,15
test_229.png,0.52,19,0.79877,0.85953,4,15
test_229.png,1.04,37,0.79899,0.86087,3,15
test_229.png,2.08,75,0.79899,0.86087,3,15
test_229.png,5.21,188,0.80085,0.8679,1,15
test_229.png,10.42,375,0.80085,0.8679,1,15
test_230.png,0.0,0,0.20838,0.20061,187,79
test_230.png,0.21,8,0.20785,0.19978,95,79
test_230.png,0.52,19,0.207,0.19777,68,79
test_230.png,1.04,37,0.20646,0.19742,62,79
test_230.png,2.08,75,0.20596,0.19731,53,78
test_230.png,5.21,188,0.20264,0.19511,35,74
test_230.png,10.42,375,0.18844,0.18256,23,70
test_231.png,0.0,0,0.69843,0.75666,22,75
test_231.png,0.21,8,0.69826,0.75698,1,75
test_231.png,0.52,19,0.69815,0.75681,0,75
test_231.png,1.04,37,0.69815,0.75681,0,75
test_231.png,2.08,75,0.69815,0.75681,0,75
test_231.png,5.21,188,0.69815,0.75681,0,75
test_231.png,10.42,375,0.69815,0.75681,0,75
test_232.png,0.0,0,0.51678,0.56502,53,29
test_232.png,0.21,8,0.51631,0.56393,15,29
test_232.png,0.52,19,0.51633,0.56428,10,29
test_232.png,1.04,37,0.51655,0.56508,8,29
test_232.png,2.08,75,0.51655,0.56508,8,29
test_232.png,5.21,188,0.51452,0.56209,5,29
test_232.png,10.42,375,0.51452,0.56209,5,29
test_233.png,0.0,0,0.81218,0.76287,63,38
test_233.png,0.21,8,0.81235,0.76575,27,38
test_233.png,0.52,19,0.81266,0.76661,22,38
test_233.png,1.04,37,0.81278,0.7672,19,37
test_233.png,2.08,75,0.81422,0.77524,13,37
test_233.png,5.21,188,0.81634,0.78033,11,36
test_233.png,10.42,375,0.81967,0.78599,9,35
test_234.png,0.0,0,0.69661,0.62665,90,39
test_234.png,0.21,8,0.69681,0.63019,44,39
test_234.png,0.52,19,0.69752,0.6339,31,39
test_234.png,1.04,37,0.69772,0.6346,24,39
test_234.png,2.08,75,0.69881,0.64202,16,39
test_234.png,5.21,188,0.70237,0.65043,11,36
test_234.png,10.42,375,0.71144,0.66871,4,34
test_235.png,0.0,0,0.6496,0.85913,18,1
test_235.png,0.21,8,0.64972,0.86007,6,1
test_235.png,0.52,19,0.64982,0.86068,4,1
test_235.png,1.04,37,0.64967,0.86111,2,1
test_235.png,2.08,75,0.64967,0.86111,2,1
test_235.png,5.21,188,0.65024,0.86257,1,1
test_235.png,10.42,375,0.65156,0.86481,0,1
test_236.png,0.0,0,0.52143,0.52934,105,73
test_236.png,0.21,8,0.52125,0.53077,46,73
test_236.png,0.52,19,0.52142,0.53259,33,72
test_236.png,1.04,37,0.52157,0.53356,28,71
test_236.png,2.08,75,0.52118,0.53437,23,71
test_236.png,5.21,188,0.51954,0.53351,15,70
test_236.png,10.42,375,0.51723,0.52884,11,70
test_237.png,0.0,0,0.80997,0.85101,44,62
test_237.png,0.21,8,0.81028,0.85422,8,62
test_237.png,0.52,19,0.81038,0.85473,6,62
test_237.png,1.04,37,0.81072,0.85655,3,61
test_237.png,2.08,75,0.81088,0.85741,2,61
test_237.png,5.21,188,0.81146,0.86034,1,61
test_237.png,10.42,375,0.81239,0.86219,0,61
test_238.png,0.0,0,0.70375,0.7251,105,50
test_238.png,0.21,8,0.70405,0.7292,46,50
test_238.png,0.52,19,0.70467,0.73171,35,49
test_238.png,1.04,37,0.70625,0.73708,25,49
test_238.png,2.08,75,0.70853,0.74416,16,48
test_238.png,5.21,188,0.71643,0.76435,7,44
test_238.png,10.42,375,0.72058,0.76917,5,43
test_239.png,0.0,0,0.19199,0.24612,115,94
test_239.png,0.21,8,0.19123,0.24302,41,94
test_239.png,0.52,19,0.19123,0.24399,27,94
test_239.png,1.04,37,0.19125,0.24422,23,94
test_239.png,2.08,75,0.19018,0.24185,18,94
test_239.png,5.21,188,0.18956,0.24146,13,94
test_239.png,10.42,375,0.18877,0.24211,10,94
test_240.png,0.0,0,0.42202,0.36497,153,69
test_240.png,0.21,8,0.4218,0.36492,60,69
test_240.png,0.52,19,0.42166,0.36516,44,68
test_240.png,1.04,37,0.42132,0.36485,39,67
test_240.png,2.08,75,0.41945,0.36338,30,66
test_240.png,5.21,188,0.41756,0.36097,21,63
test_240.png,10.42,375,0.4144,0.35739,16,63
test_241.png,0.0,0,0.57488,0.59974,104,50
test_241.png,0.21,8,0.57462,0.60009,37,50
test_241.png,0.52,19,0.57471,0.60171,27,50
test_241.png,1.04,37,0.57513,0.60352,23,50
test_241.png,2.08,75,0.5755,0.60477,18,50
test_241.png,5.21,188,0.5732,0.60073,14,50
test_241.png,10.42,375,0.57269,0.6009,12,50
test_242.png,0.0,0,0.67954,0.69665,190,76
test_242.png,0.21,8,0.67959,0.69884,71,76
test_242.png,0.52,19,0.67965,0.70089,45,76
test_242.png,1.04,37,0.67976,0.70258,33,76
test_242.png,2.08,75,0.68006,0.70403,23,76
test_242.png,5.21,188,0.67731,0.70068,15,73
test_242.png,10.42,375,0.67674,0.70247,8,62
test_243.png,0.0,0,0.88872,0.9787,9,11
test_243.png,0.21,8,0.88879,0.97955,2,11
test_243.png,0.52,19,0.88879,0.97955,2,11
test_243.png,1.04,37,0.8889,0.98,1,11
test_243.png,2.08,75,0.8889,0.98,1,11
test_243.png,5.21,188,0.88934,0.98104,0,11
test_243.png,10.42,375,0.88934,0.98104,0,11
test_244.png,0.0,0,0.59985,0.54232,163,40
test_244.png,0.21,8,0.60021,0.54648,75,40
test_244.png,0.52,19,0.60044,0.54825,60,40
test_244.png,1.04,37,0.60091,0.55073,50,39
test_244.png,2.08,75,0.6025,0.55438,41,39
test_244.png,5.21,188,0.60953,0.57297,20,32
test_244.png,10.42,375,0.61619,0.58554,15,32
test_245.png,0.0,0,0.7706,0.75539,82,33
test_245.png,0.21,8,0.7707,0.75758,38,33
test_245.png,0.52,19,0.77019,0.75673,32,33
test_245.png,1.04,37,0.77033,0.75938,26,33
test_245.png,2.08,75,0.77035,0.76174,21,33
test_245.png,5.21,188,0.77311,0.77372,11,32
test_245.png,10.42,375,0.77428,0.77879,10,31
test_246.png,0.0,0,0.18067,0.13845,230,151
test_246.png,0.21,8,0.1809,0.13987,92,151
test_246.png,0.52,19,0.18121,0.14036,63,151
test_246.png,1.04,37,0.18177,0.14169,45,151
test_246.png,2.08,75,0.18225,0.14281,33,151
test_246.png,5.21,188,0.18439,0.14575,20,145
test_246.png,10.42,375,0.18668,0.1484,14,142
test_247.png,0.0,0,0.66558,0.69046,101,43
test_247.png,0.21,8,0.66492,0.6935,37,43
test_247.png,0.52,19,0.66497,0.69504,31,43
test_247.png,1.04,37,0.6651,0.69805,25,43
test_247.png,2.08,75,0.66472,0.70068,20,43
test_247.png,5.21,188,0.66801,0.7061,17,43
test_247.png,10.42,375,0.65772,0.70316,14,43
test_248.png,0.0,0,0.90678,0.95783,25,37
test_248.png,0.21,8,0.907,0.96102,4,37
test_248.png,0.52,19,0.90708,0.96198,3,37
test_248.png,1.04,37,0.90725,0.96327,2,37
test_248.png,2.08,75,0.90778,0.96456,0,37
test_248.png,5.21,188,0.90778,0.96456,0,37
test_248.png,10.42,375,0.90778,0.96456,0,37
test_249.png,0.0,0,0.85534,0.82541,52,42
test_249.png,0.21,8,0.8557,0.82888,23,42
test_249.png,0.52,19,0.85583,0.82971,21,42
test_249.png,1.04,37,0.85676,0.83316,15,42
test_249.png,2.08,75,0.85888,0.84058,9,40
test_249.png,5.21,188,0.8633,0.85608,4,35
test_249.png,10.42,375,0.8633,0.85608,4,35
test_250.png,0.0,0,0.87813,0.84859,45,36
test_250.png,0.21,8,0.87843,0.85254,24,36
test_250.png,0.52,19,0.87896,0.85554,19,36
test_250.png,1.04,37,0.87935,0.85777,17,36
test_250.png,2.08,75,0.88331,0.8751,8,35
test_250.png,5.21,188,0.88661,0.88641,4,33
test_250.png,10.42,375,0.8882,0.88917,3,33
test_251.png,0.0,0,0.29482,0.32867,197,79
test_251.png,0.21,8,0.29485,0.33008,72,79
test_251.png,0.52,19,0.2949,0.33055,43,79
test_251.png,1.04,37,0.29524,0.33124,35,79
test_251.png,2.08,75,0.29615,0.33323,28,79
test_251.png,5.21,188,0.29871,0.33693,19,78
test_251.png,10.42,375,0.30244,0.34195,10,74
test_252.png,0.0,0,0.36262,0.45734,147,80
test_252.png,0.21,8,0.36227,0.45767,53,80
test_252.png,0.52,19,0.36208,0.45766,38,80
test_252.png,1.04,37,0.36122,0.45688,31,80
test_252.png,2.08,75,0.36174,0.45923,24,79
test_252.png,5.21,188,0.35862,0.45426,19,78
test_252.png,10.42,375,0.35996,0.45645,14,78
test_253.png,0.0,0,0.82141,0.88349,49,61
test_253.png,0.21,8,0.8217,0.88721,9,61
test_253.png,0.52,19,0.82178,0.8881,5,61
test_253.png,1.04,37,0.82208,0.88916,3,60
test_253.png,2.08,75,0.82208,0.88916,3,60
test_253.png,5.21,188,0.82259,0.89034,2,60
test_253.png,10.42,375,0.82432,0.89187,1,60
test_254.png,0.0,0,0.74194,0.728,53,68
test_254.png,0.21,8,0.74214,0.73076,16,68
test_254.png,0.52,19,0.74228,0.73131,14,68
test_254.png,1.04,37,0.74284,0.73371,10,68
test_254.png,2.08,75,0.74331,0.73501,8,68
test_254.png,5.21,188,0.74571,0.74226,4,67
test_254.png,10.42,375,0.7486,0.74721,2,67
test_255.png,0.0,0,0.15164,0.14571,200,63
test_255.png,0.21,8,0.15062,0.14358,101,63
test_255.png,0.52,19,0.14987,0.14153,84,63
test_255.png,1.04,37,0.1485,0.13903,71,62
test_255.png,2.08,75,0.1475,0.13852,52,59
test_255.png,5.21,188,0.14323,0.13623,35,54
test_255.png,10.42,375,0.14685,0.13965,24,51
test_256.png,0.0,0,0.68082,0.6921,75,70
test_256.png,0.21,8,0.68102,0.69436,30,70
test_256.png,0.52,19,0.68093,0.69556,21,70
test_256.png,1.04,37,0.68074,0.69641,16,70
test_256.png,2.08,75,0.67981,0.69486,10,70
test_256.png,5.21,188,0.68037,0.6951,9,70
test_256.png,10.42,375,0.67398,0.69143,5,68
test_257.png,0.0,0,0.69911,0.70286,77,42
test_257.png,0.21,8,0.69921,0.70498,37,42
test_257.png,0.52,19,0.69977,0.70741,28,42
test_257.png,1.04,37,0.70061,0.71071,22,42
test_257.png,2.08,75,0.7019,0.71444,17,42
test_257.png,5.21,188,0.70298,0.71693,13,41
test_257.png,10.42,375,0.70681,0.72259,8,39
test_258.png,0.0,0,0.60352,0.61652,119,35
test_258.png,0.21,8,0.60351,0.6189,48,35
test_258.png,0.52,19,0.6037,0.62091,40,34
test_258.png,1.04,37,0.60451,0.62334,34,34
test_258.png,2.08,75,0.6043,0.62613,23,34
test_258.png,5.21,188,0.60366,0.62942,12,31
test_258.png,10.42,375,0.60735,0.63478,9,31
test_259.png,0.0,0,0.266,0.29981,138,85
test_259.png,0.21,8,0.26583,0.30014,52,85
test_259.png,0.52,19,0.26581,0.30047,41,85
test_259.png,1.04,37,0.26596,0.30095,32,85
test_259.png,2.08,75,0.26555,0.3016,18,82
test_259.png,5.21,188,0.26598,0.30242,16,82
test_259.png,10.42,375,0.26284,0.30159,13,82
test_260.png,0.0,0,0.19103,0.19571,187,85
test_260.png,0.21,8,0.19021,0.19259,91,85
test_260.png,0.52,19,0.18965,0.19238,71,85
test_260.png,1.04,37,0.18932,0.19247,62,83
test_260.png,2.08,75,0.18587,0.18805,50,82
test_260.png,5.21,188,0.17962,0.18254,36,78
test_260.png,10.42,375,0.17407,0.17736,29,78
test_261.png,0.0,0,0.84633,0.92078,36,27
test_261.png,0.21,8,0.84662,0.92358,6,27
test_261.png,0.52,19,0.84686,0.92533,2,27
test_261.png,1.04,37,0.84696,0.9257,1,27
test_261.png,2.08,75,0.84696,0.9257,1,27
test_261.png,5.21,188,0.84761,0.92728,0,27
test_261.png,10.42,375,0.84761,0.92728,0,27
test_262.png,0.0,0,0.66922,0.69283,224,81
test_262.png,0.21,8,0.66887,0.69554,74,81
test_262.png,0.52,19,0.66921,0.69839,52,81
test_262.png,1.04,37,0.66923,0.70052,37,79
test_262.png,2.08,75,0.66907,0.70316,28,79
test_262.png,5.21,188,0.66456,0.70169,14,76
test_262.png,10.42,375,0.65825,0.6957,8,76
test_263.png,0.0,0,0.80623,0.91352,23,44
test_263.png,0.21,8,0.80644,0.91504,5,44
test_263.png,0.52,19,0.80658,0.91559,2,44
test_263.png,1.04,37,0.8067,0.91564,1,44
test_263.png,2.08,75,0.8067,0.91564,1,44
test_263.png,5.21,188,0.80717,0.91694,0,43
test_263.png,10.42,375,0.80717,0.91694,0,43
test_264.png,0.0,0,0.33214,0.39974,186,60
test_264.png,0.21,8,0.33174,0.40056,72,60
test_264.png,0.52,19,0.331,0.39957,60,60
test_264.png,1.04,37,0.33161,0.40278,44,59
test_264.png,2.08,75,0.33096,0.39819,37,59
test_264.png,5.21,188,0.3243,0.39185,26,54
test_264.png,10.42,375,0.31632,0.38782,15,52
test_265.png,0.0,0,0.25967,0.3013,207,100
test_265.png,0.21,8,0.25964,0.30256,82,100
test_265.png,0.52,19,0.26,0.30448,62,100
test_265.png,1.04,37,0.26011,0.30532,48,100
test_265.png,2.08,75,0.26116,0.30807,38,97
test_265.png,5.21,188,0.25827,0.30469,28,95
test_265.png,10.42,375,0.25956,0.30791,19,91
test_266.png,0.0,0,0.4117,0.50573,170,45
test_266.png,0.21,8,0.41195,0.50946,63,45
test_266.png,0.52,19,0.41225,0.51072,54,45
test_266.png,1.04,37,0.41269,0.51325,37,44
test_266.png,2.08,75,0.4125,0.51362,30,42
test_266.png,5.21,188,0.41006,0.50942,19,40
test_266.png,10.42,375,0.4083,0.50671,12,38
test_267.png,0.0,0,0.70413,0.7045,60,6
test_267.png,0.21,8,0.70406,0.70876,24,6
test_267.png,0.52,19,0.70436,0.71057,17,6
test_267.png,1.04,37,0.7047,0.7109,16,6
test_267.png,2.08,75,0.70482,0.71626,12,6
test_267.png,5.21,188,0.70787,0.72916,7,6
test_267.png,10.42,375,0.70787,0.72916,7,6
test_268.png,0.0,0,0.82144,0.85703,65,50
test_268.png,0.21,8,0.82139,0.86038,24,50
test_268.png,0.52,19,0.82123,0.8623,14,50
test_268.png,1.04,37,0.82074,0.86351,7,50
test_268.png,2.08,75,0.82048,0.86393,5,50
test_268.png,5.21,188,0.82204,0.8667,4,49
test_268.png,10.42,375,0.82439,0.87046,3,49
test_269.png,0.0,0,0.86014,0.81464,69,47
test_269.png,0.21,8,0.8608,0.82149,22,47
test_269.png,0.52,19,0.86113,0.82383,17,47
test_269.png,1.04,37,0.86162,0.82514,14,47
test_269.png,2.08,75,0.86257,0.82901,11,47
test_269.png,5.21,188,0.86743,0.84212,5,47
test_269.png,10.42,375,0.87274,0.85575,2,46
test_270.png,0.0,0,0.32485,0.36838,207,133
test_270.png,0.21,8,0.32491,0.36992,65,133
test_270.png,0.52,19,0.32473,0.36997,51,132
test_270.png,1.04,37,0.32452,0.37032,39,130
test_270.png,2.08,75,0.3258,0.37359,27,130
test_270.png,5.21,188,0.32655,0.37517,19,125
test_270.png,10.42,375,0.32806,0.37953,7,119
test_271.png,0.0,0,0.6296,0.69962,71,46
test_271.png,0.21,8,0.63028,0.70559,24,46
test_271.png,0.52,19,0.63076,0.70851,17,46
test_271.png,1.04,37,0.63132,0.71052,14,46
test_271.png,2.08,75,0.63217,0.71308,12,45
test_271.png,5.21,188,0.63341,0.71613,10,45
test_271.png,10.42,375,0.643,0.73811,4,44
test_272.png,0.0,0,0.59567,0.64907,64,34
test_272.png,0.21,8,0.59558,0.65034,28,34
test_272.png,0.52,19,0.59561,0.65113,22,34
test_272.png,1.04,37,0.59632,0.653,19,34
test_272.png,2.08,75,0.59664,0.65489,15,34
test_272.png,5.21,188,0.59517,0.65606,9,34
test_272.png,10.42,375,0.59829,0.66204,7,34
test_273.png,0.0,0,0.36324,0.28589,108,107
test_273.png,0.21,8,0.36335,0.2865,46,107
test_273.png,0.52,19,0.36346,0.28622,36,107
test_273.png,1.04,37,0.36388,0.28725,27,107
test_273.png,2.08,75,0.36385,0.28765,24,107
test_273.png,5.21,188,0.36779,0.29173,13,106
test_273.png,10.42,375,0.36854,0.29218,12,106
test_274.png,0.0,0,0.715,0.67423,69,50
test_274.png,0.21,8,0.71552,0.67885,24,50
test_274.png,0.52,19,0.71612,0.6822,16,50
test_274.png,1.04,37,0.71673,0.68494,12,50
test_274.png,2.08,75,0.7181,0.68979,8,50
test_274.png,5.21,188,0.72255,0.69843,3,48
test_274.png,10.42,375,0.72384,0.70093,2,48
test_275.png,0.0,0,0.77044,0.93606,17,21
test_275.png,0.21,8,0.77052,0.93649,9,21
test_275.png,0.52,19,0.7706,0.93678,6,21
test_275.png,1.04,37,0.77072,0.93691,5,21
test_275.png,2.08,75,0.77141,0.93865,2,20
test_275.png,5.21,188,0.77208,0.94037,1,20
test_275.png,10.42,375,0.77351,0.94314,0,20
test_276.png,0.0,0,0.44034,0.40079,164,85
test_276.png,0.21,8,0.44023,0.40175,74,85
test_276.png,0.52,19,0.43988,0.40097,56,85
test_276.png,1.04,37,0.43895,0.39856,45,85
test_276.png,2.08,75,0.44047,0.4013,31,83
test_276.png,5.21,188,0.43996,0.40173,22,82
test_276.png,10.42,375,0.44369,0.40712,16,81
test_277.png,0.0,0,0.15369,0.13456,227,96
test_277.png,0.21,8,0.15376,0.13467,100,96
test_277.png,0.52,19,0.15391,0.13442,74,95
test_277.png,1.04,37,0.1537,0.1338,63,94
test_277.png,2.08,75,0.15172,0.12904,52,94
test_277.png,5.21,188,0.15293,0.12983,37,92
test_277.png,10.42,375,0.14532,0.12529,21,82
test_278.png,0.0,0,0.7062,0.72911,47,77
test_278.png,0.21,8,0.7064,0.73126,12,77
test_278.png,0.52,19,0.70668,0.7327,6,77
test_278.png,1.04,37,0.70666,0.73293,3,77
test_278.png,2.08,75,0.70683,0.73372,2,77
test_278.png,5.21,188,0.70718,0.73433,1,77
test_278.png,10.42,375,0.70718,0.73433,1,77
test_279.png,0.0,0,0.52683,0.52706,85,92
test_279.png,0.21,8,0.52718,0.53108,28,92
test_279.png,0.52,19,0.52742,0.53205,22,92
test_279.png,1.04,37,0.52781,0.53377,18,92
test_279.png,2.08,75,0.52851,0.53601,15,92
test_279.png,5.21,188,0.52983,0.53878,12,91
test_279.png,10.42,375,0.529,0.53857,9,91
test_280.png,0.0,0,0.72406,0.63194,71,37
test_280.png,0.21,8,0.72452,0.63573,29,37
test_280.png,0.52,19,0.72496,0.63845,23,37
test_280.png,1.04,37,0.72558,0.64095,19,37
test_280.png,2.08,75,0.72619,0.64431,17,37
test_280.png,5.21,188,0.73225,0.67754,8,36
test_280.png,10.42,375,0.74125,0.72611,1,36
test_281.png,0.0,0,0.47836,0.4566,171,143
test_281.png,0.21,8,0.47821,0.45725,66,143
test_281.png,0.52,19,0.47862,0.45857,47,143
test_281.png,1.04,37,0.47906,0.45976,42,143
test_281.png,2.08,75,0.48133,0.46475,28,140
test_281.png,5.21,188,0.48513,0.47106,19,139
test_281.png,10.42,375,0.48936,0.4754,15,138
test_282.png,0.0,0,0.58018,0.82525,18,76
test_282.png,0.21,8,0.58036,0.82677,2,76
test_282.png,0.52,19,0.58036,0.82677,2,76
test_282.png,1.04,37,0.58036,0.82677,2,76
test_282.png,2.08,75,0.58036,0.82677,2,76
test_282.png,5.21,188,0.58036,0.82677,2,76
test_282.png,10.42,375,0.58036,0.82677,2,76
test_283.png,0.0,0,0.83136,0.86467,58,33
test_283.png,0.21,8,0.83173,0.86824,17,33
test_283.png,0.52,19,0.83201,0.86969,13,33
test_283.png,1.04,37,0.83253,0.87233,9,33
test_283.png,2.08,75,0.83337,0.87533,6,33
test_283.png,5.21,188,0.83551,0.88236,2,33
test_283.png,10.42,375,0.83658,0.88507,1,33
test_284.png,0.0,0,0.38675,0.40637,36,41
test_284.png,0.21,8,0.38702,0.40942,13,41
test_284.png,0.52,19,0.38732,0.4112,9,41
test_284.png,1.04,37,0.38744,0.41182,8,41
test_284.png,2.08,75,0.38784,0.41291,7,40
test_284.png,5.21,188,0.39052,0.42433,3,40
test_284.png,10.42,375,0.39168,0.42841,2,40
test_285.png,0.0,0,0.13601,0.0991,130,35
test_285.png,0.21,8,0.13482,0.09783,57,35
test_285.png,0.52,19,0.13313,0.09611,41,35
test_285.png,1.04,37,0.13107,0.0934,29,35
test_285.png,2.08,75,0.12971,0.09315,24,35
test_285.png,5.21,188,0.12601,0.08852,20,35
test_285.png,10.42,375,0.12001,0.07893,14,34
test_286.png,0.0,0,0.54494,0.55871,77,71
test_286.png,0.21,8,0.54536,0.56212,27,71
test_286.png,0.52,19,0.54573,0.56382,21,70
test_286.png,1.04,37,0.54611,0.56546,18,70
test_286.png,2.08,75,0.54722,0.56789,15,70
test_286.png,5.21,188,0.54981,0.57476,10,69
test_286.png,10.42,375,0.55483,0.58714,7,65
test_287.png,0.0,0,0.66416,0.88808,23,58
test_287.png,0.21,8,0.66427,0.88888,9,58
test_287.png,0.52,19,0.66437,0.88956,7,58
test_287.png,1.04,37,0.66456,0.89044,5,58
test_287.png,2.08,75,0.66487,0.89132,4,58
test_287.png,5.21,188,0.66523,0.8918,3,58
test_287.png,10.42,375,0.66791,0.89615,1,58
test_288.png,0.0,0,0.31029,0.3042,144,89
test_288.png,0.21,8,0.30972,0.30336,69,89
test_288.png,0.52,19,0.30923,0.30372,46,89
test_288.png,1.04,37,0.30929,0.30441,32,89
test_288.png,2.08,75,0.30954,0.30551,26,89
test_288.png,5.21,188,0.30731,0.30183,19,87
test_288.png,10.42,375,0.30693,0.30639,9,82
test_289.png,0.0,0,0.31183,0.24241,156,174
test_289.png,0.21,8,0.3124,0.24508,40,174
test_289.png,0.52,19,0.31278,0.24623,22,174
test_289.png,1.04,37,0.31275,0.24486,14,173
test_289.png,2.08,75,0.31361,0.24695,9,171
test_289.png,5.21,188,0.31169,0.24382,5,170
test_289.png,10.42,375,0.31291,0.24659,3,169
test_290.png,0.0,0,0.22926,0.2519,215,63
test_290.png,0.21,8,0.22852,0.25122,89,63
test_290.png,0.52,19,0.22777,0.25156,64,63
test_290.png,1.04,37,0.22632,0.25095,49,63
test_290.png,2.08,75,0.22567,0.2513,39,63
test_290.png,5.21,188,0.22027,0.24716,22,60
test_290.png,10.42,375,0.20929,0.23803,16,44
test_291.png,0.0,0,0.47131,0.43552,89,50
test_291.png,0.21,8,0.47234,0.4429,29,50
test_291.png,0.52,19,0.47333,0.44905,19,50
test_291.png,1.04,37,0.47481,0.45418,13,50
test_291.png,2.08,75,0.47594,0.45842,11,49
test_291.png,5.21,188,0.47951,0.46827,8,45
test_291.png,10.42,375,0.48251,0.47279,7,45
test_292.png,0.0,0,0.55454,0.69296,41,42
test_292.png,0.21,8,0.55452,0.69433,9,42
test_292.png,0.52,19,0.55452,0.69433,9,42
test_292.png,1.04,37,0.55461,0.69519,6,41
test_292.png,2.08,75,0.55474,0.69545,4,41
test_292.png,5.21,188,0.55474,0.69545,4,41
test_292.png,10.42,375,0.5551,0.69757,3,41
test_293.png,0.0,0,0.77376,0.83188,49,33
test_293.png,0.21,8,0.7739,0.83374,26,33
test_293.png,0.52,19,0.77424,0.83551,20,33
test_293.png,1.04,37,0.77493,0.83765,16,33
test_293.png,2.08,75,0.77637,0.84203,11,33
test_293.png,5.21,188,0.7801,0.84937,6,32
test_293.png,10.42,375,0.78449,0.85978,3,31
test_294.png,0.0,0,0.8257,0.96079,2,25
test_294.png,0.21,8,0.82573,0.96092,5,25
test_294.png,0.52,19,0.82588,0.96154,7,25
test_294.png,1.04,37,0.82588,0.96154,7,25
test_294.png,2.08,75,0.82588,0.96154,7,25
test_294.png,5.21,188,0.82588,0.96154,7,25
test_294.png,10.42,375,0.82698,0.96272,8,25
test_295.png,0.0,0,0.63795,0.58538,75,87
test_295.png,0.21,8,0.63849,0.58942,22,87
test_295.png,0.52,19,0.63901,0.59141,14,87
test_295.png,1.04,37,0.63969,0.59336,8,87
test_295.png,2.08,75,0.64058,0.59588,3,87
test_295.png,5.21,188,0.64058,0.59588,3,87
test_295.png,10.42,375,0.64172,0.59796,2,87
test_296.png,0.0,0,0.31177,0.33222,249,101
test_296.png,0.21,8,0.31124,0.33395,108,101
test_296.png,0.52,19,0.31021,0.33269,84,100
test_296.png,1.04,37,0.3093,0.33252,70,99
test_296.png,2.08,75,0.31093,0.33579,54,97
test_296.png,5.21,188,0.31298,0.33884,33,92
test_296.png,10.42,375,0.30942,0.33781,21,85
test_297.png,0.0,0,0.59751,0.72613,57,63
test_297.png,0.21,8,0.59789,0.72907,14,63
test_297.png,0.52,19,0.5981,0.73002,10,63
test_297.png,1.04,37,0.59872,0.73312,5,62
test_297.png,2.08,75,0.59903,0.73431,4,62
test_297.png,5.21,188,0.59903,0.73431,4,62
test_297.png,10.42,375,0.59903,0.73431,4,62
test_298.png,0.0,0,0.29542,0.26244,83,115
test_298.png,0.21,8,0.29572,0.26444,27,115
test_298.png,0.52,19,0.29592,0.26503,21,115
test_298.png,1.04,37,0.29616,0.26563,17,115
test_298.png,2.08,75,0.29672,0.2674,13,115
test_298.png,5.21,188,0.2994,0.27114,4,115
test_298.png,10.42,375,0.30089,0.27331,2,115
test_299.png,0.0,0,0.65536,0.68776,54,43
test_299.png,0.21,8,0.65563,0.69045,15,43
test_299.png,0.52,19,0.65599,0.69248,8,43
test_299.png,1.04,37,0.65599,0.69248,8,43
test_299.png,2.08,75,0.65704,0.69596,4,43
test_299.png,5.21,188,0.65865,0.70151,1,43
test_299.png,10.42,375,0.66084,0.70758,1,43
test_300.png,0.0,0,0.54246,0.43517,97,118
test_300.png,0.21,8,0.54295,0.43874,24,118
test_300.png,0.52,19,0.54363,0.44144,12,118
test_300.png,1.04,37,0.54361,0.44171,10,118
test_300.png,2.08,75,0.54361,0.44171,10,118
test_300.png,5.21,188,0.54486,0.44335,7,118
test_300.png,10.42,375,0.5461,0.44584,6,118
test_301.png,0.0,0,0.58765,0.6902,20,103
test_301.png,0.21,8,0.58778,0.69165,4,103
test_301.png,0.52,19,0.58787,0.69218,2,103
test_301.png,1.04,37,0.58787,0.69218,2,103
test_301.png,2.08,75,0.58805,0.69281,1,103
test_301.png,5.21,188,0.58755,0.69175,0,102
test_301.png,10.42,375,0.58755,0.69175,0,102
test_302.png,0.0,0,0.70287,0.6236,69,53
test_302.png,0.21,8,0.70379,0.63087,17,53
test_302.png,0.52,19,0.70416,0.63313,12,53
test_302.png,1.04,37,0.70493,0.63615,8,51
test_302.png,2.08,75,0.70551,0.63898,6,51
test_302.png,5.21,188,0.70703,0.64266,4,50
test_302.png,10.42,375,0.70866,0.64577,3,50
test_303.png,0.0,0,0.64172,0.50078,176,48
test_303.png,0.21,8,0.64402,0.516,56,48
test_303.png,0.52,19,0.64618,0.52862,33,48
test_303.png,1.04,37,0.64982,0.55118,17,48
test_303.png,2.08,75,0.65134,0.5571,13,48
test_303.png,5.21,188,0.65556,0.5729,9,48
test_303.png,10.42,375,0.65858,0.58022,8,48
test_304.png,0.0,0,0.5708,0.68673,24,65
test_304.png,0.21,8,0.57093,0.68873,6,65
test_304.png,0.52,19,0.57088,0.68876,4,65
test_304.png,1.04,37,0.57098,0.68901,3,65
test_304.png,2.08,75,0.57116,0.68927,1,65
test_304.png,5.21,188,0.57116,0.68927,1,65
test_304.png,10.42,375,0.57207,0.69228,0,65
test_305.png,0.0,0,0.35429,0.32953,151,116
test_305.png,0.21,8,0.35432,0.33066,50,116
test_305.png,0.52,19,0.35382,0.3302,42,116
test_305.png,1.04,37,0.35445,0.33159,34,116
test_305.png,2.08,75,0.35585,0.33477,25,114
test_305.png,5.21,188,0.36028,0.34167,14,111
test_305.png,10.42,375,0.35919,0.33985,8,107
test_306.png,0.0,0,0.81315,0.82318,82,16
test_306.png,0.21,8,0.81467,0.83582,29,16
test_306.png,0.52,19,0.81538,0.83829,23,16
test_306.png,1.04,37,0.81641,0.84244,19,16
test_306.png,2.08,75,0.82071,0.85426,11,15
test_306.png,5.21,188,0.82571,0.86592,7,15
test_306.png,10.42,375,0.84062,0.89786,2,14
test_307.png,0.0,0,0.67029,0.66494,99,115
test_307.png,0.21,8,0.67105,0.67099,32,115
test_307.png,0.52,19,0.67129,0.67225,27,115
test_307.png,1.04,37,0.67195,0.67575,17,115
test_307.png,2.08,75,0.67242,0.67725,15,115
test_307.png,5.21,188,0.67694,0.69233,7,108
test_307.png,10.42,375,0.67833,0.69754,6,105
test_308.png,0.0,0,0.63318,0.61963,151,21
test_308.png,0.21,8,0.6346,0.62843,67,21
test_308.png,0.52,19,0.63695,0.63699,46,21
test_308.png,1.04,37,0.64053,0.64659,31,21
test_308.png,2.08,75,0.64558,0.65797,20,19
test_308.png,5.21,188,0.6571,0.67704,10,19
test_308.png,10.42,375,0.66391,0.68799,7,19
test_309.png,0.0,0,0.79165,0.81037,50,68
test_309.png,0.21,8,0.79197,0.8136,16,68
test_309.png,0.52,19,0.79213,0.81446,14,68
test_309.png,1.04,37,0.79313,0.81791,8,68
test_309.png,2.08,75,0.79378,0.82002,6,68
test_309.png,5.21,188,0.79378,0.82002,6,68
test_309.png,10.42,375,0.79989,0.82972,2,66
test_310.png,0.0,0,0.80393,0.861,49,29
test_310.png,0.21,8,0.80387,0.8619,19,29
test_310.png,0.52,19,0.80421,0.86424,12,29
test_310.png,1.04,37,0.8038,0.86399,7,29
test_310.png,2.08,75,0.80401,0.86467,5,28
test_310.png,5.21,188,0.80542,0.8686,2,28
test_310.png,10.42,375,0.80703,0.87136,1,26
test_311.png,0.0,0,0.77162,0.80328,25,10
test_311.png,0.21,8,0.7718,0.80515,7,10
test_311.png,0.52,19,0.7719,0.80558,5,10
test_311.png,1.04,37,0.77216,0.80652,3,10
test_311.png,2.08,75,0.77243,0.80738,2,10
test_311.png,5.21,188,0.77287,0.80876,1,10
test_311.png,10.42,375,0.77287,0.80876,1,10
test_312.png,0.0,0,0.74026,0.84411,27,19
test_312.png,0.21,8,0.74049,0.84671,5,19
test_312.png,0.52,19,0.74056,0.84705,4,19
test_312.png,1.04,37,0.74112,0.84911,0,19
test_312.png,2.08,75,0.74135,0.84978,1,19
test_312.png,5.21,188,0.74196,0.85091,2,19
test_312.png,10.42,375,0.7405,0.84932,3,19
test_313.png,0.0,0,0.28115,0.3111,71,60
test_313.png,0.21,8,0.28117,0.31188,23,60
test_313.png,0.52,19,0.28129,0.31264,16,60
test_313.png,1.04,37,0.28174,0.31498,8,59
test_313.png,2.08,75,0.28191,0.31594,7,59
test_313.png,5.21,188,0.2824,0.31749,2,58
test_313.png,10.42,375,0.27914,0.31218,1,57
test_314.png,0.0,0,0.69522,0.68853,53,14
test_314.png,0.21,8,0.6957,0.69317,21,14
test_314.png,0.52,19,0.69628,0.69759,15,14
test_314.png,1.04,37,0.69667,0.69982,13,14
test_314.png,2.08,75,0.7,0.71594,6,13
test_314.png,5.21,188,0.70271,0.72437,4,13
test_314.png,10.42,375,0.70271,0.72437,4,13
test_315.png,0.0,0,0.81058,0.92193,8,34
test_315.png,0.21,8,0.8106,0.92206,6,34
test_315.png,0.52,19,0.81068,0.92272,5,34
test_315.png,1.04,37,0.81093,0.92427,3,33
test_315.png,2.08,75,0.81112,0.92456,2,33
test_315.png,5.21,188,0.8115,0.92502,1,33
test_315.png,10.42,375,0.81269,0.92665,0,33
test_316.png,0.0,0,0.20051,0.22362,118,130
test_316.png,0.21,8,0.20045,0.22425,30,130
test_316.png,0.52,19,0.20027,0.22425,16,130
test_316.png,1.04,37,0.20057,0.22487,11,130
test_316.png,2.08,75,0.20087,0.22655,7,130
test_316.png,5.21,188,0.20049,0.22562,5,130
test_316.png,10.42,375,0.2015,0.22851,3,130
test_317.png,0.0,0,0.40713,0.40504,180,73
test_317.png,0.21,8,0.40631,0.40455,71,73
test_317.png,0.52,19,0.40586,0.40499,52,73
test_317.png,1.04,37,0.40472,0.40445,47,73
test_317.png,2.08,75,0.40436,0.40739,36,71
test_317.png,5.21,188,0.40527,0.41322,22,70
test_317.png,10.42,375,0.40086,0.4102,14,69
test_318.png,0.0,0,0.82921,0.84912,57,32
test_318.png,0.21,8,0.82967,0.85384,9,32
test_318.png,0.52,19,0.82978,0.8544,7,32
test_318.png,1.04,37,0.82994,0.85584,6,32
test_318.png,2.08,75,0.83062,0.85899,4,30
test_318.png,5.21,188,0.83204,0.86446,2,27
test_318.png,10.42,375,0.83204,0.86446,2,27
test_319.png,0.0,0,0.61085,0.61787,141,67
test_319.png,0.21,8,0.61059,0.62124,35,67
test_319.png,0.52,19,0.6112,0.6238,25,67
test_319.png,1.04,37,0.611,0.6245,19,67
test_319.png,2.08,75,0.61047,0.62372,17,66
test_319.png,5.21,188,0.61155,0.62976,14,64
test_319.png,10.42,375,0.61454,0.63895,11,58
test_320.png,0.0,0,0.49677,0.53844,118,178
test_320.png,0.21,8,0.49694,0.54038,37,178
test_320.png,0.52,19,0.49694,0.54079,24,177
test_320.png,1.04,37,0.49734,0.54211,15,177
test_320.png,2.08,75,0.49801,0.54385,10,177
test_320.png,5.21,188,0.4994,0.54615,5,176
test_320.png,10.42,375,0.50177,0.54985,2,173
test_321.png,0.0,0,0.33078,0.34184,203,83
test_321.png,0.21,8,0.33066,0.34364,83,83
test_321.png,0.52,19,0.33056,0.34489,61,83
test_321.png,1.04,37,0.33171,0.35034,39,81
test_321.png,2.08,75,0.33032,0.35088,31,81
test_321.png,5.21,188,0.32915,0.35121,23,80
test_321.png,10.42,375,0.33493,0.36174,14,77
test_322.png,0.0,0,0.65312,0.6466,172,105
test_322.png,0.21,8,0.65288,0.64865,74,105
test_322.png,0.52,19,0.65285,0.65105,51,105
test_322.png,1.04,37,0.6535,0.6529,40,104
test_322.png,2.08,75,0.65223,0.65246,30,103
test_322.png,5.21,188,0.6545,0.65317,21,100
test_322.png,10.42,375,0.64782,0.64428,15,97
test_323.png,0.0,0,0.55739,0.53401,133,138
test_323.png,0.21,8,0.55802,0.53907,52,138
test_323.png,0.52,19,0.55866,0.54187,42,138
test_323.png,1.04,37,0.56014,0.54673,30,138
test_323.png,2.08,75,0.56205,0.5509,23,136
test_323.png,5.21,188,0.56923,0.5633,13,132
test_323.png,10.42,375,0.58,0.57906,5,131
test_324.png,0.0,0,0.88525,0.95319,26,35
test_324.png,0.21,8,0.88536,0.95492,3,35
test_324.png,0.52,19,0.88545,0.95533,2,35
test_324.png,1.04,37,0.88545,0.95533,2,35
test_324.png,2.08,75,0.88582,0.95622,1,35
test_324.png,5.21,188,0.88624,0.95669,0,35
test_324.png,10.42,375,0.88624,0.95669,0,35
test_325.png,0.0,0,0.90629,0.98477,14,8
test_325.png,0.21,8,0.90637,0.98563,3,8
test_325.png,0.52,19,0.90642,0.98588,2,8
test_325.png,1.04,37,0.90622,0.98599,1,8
test_325.png,2.08,75,0.90648,0.98679,0,8
test_325.png,5.21,188,0.90648,0.98679,0,8
test_325.png,10.42,375,0.90648,0.98679,0,8
test_326.png,0.0,0,0.90317,0.97898,8,17
test_326.png,0.21,8,0.90326,0.9801,2,17
test_326.png,0.52,19,0.90323,0.97977,1,17
test_326.png,1.04,37,0.90334,0.98048,0,17
test_326.png,2.08,75,0.90334,0.98048,0,17
test_326.png,5.21,188,0.90289,0.97725,1,17
test_326.png,10.42,375,0.90289,0.97725,1,17
test_327.png,0.0,0,0.7375,0.83445,48,6
test_327.png,0.21,8,0.73749,0.83623,20,6
test_327.png,0.52,19,0.73722,0.83628,16,6
test_327.png,1.04,37,0.73662,0.83724,10,5
test_327.png,2.08,75,0.73685,0.83814,9,4
test_327.png,5.21,188,0.73708,0.83929,6,4
test_327.png,10.42,375,0.73622,0.84334,3,2
test_328.png,0.0,0,0.83326,0.93795,34,18
test_328.png,0.21,8,0.83314,0.93825,12,18
test_328.png,0.52,19,0.83292,0.93846,6,18
test_328.png,1.04,37,0.83294,0.93921,3,18
test_328.png,2.08,75,0.83261,0.93854,2,17
test_328.png,5.21,188,0.83253,0.93882,1,17
test_328.png,10.42,375,0.83253,0.93882,1,17
test_329.png,0.0,0,0.85715,0.96465,1,17
test_329.png,0.21,8,0.85716,0.96476,0,17
test_329.png,0.52,19,0.85716,0.96476,0,17
test_329.png,1.04,37,0.85716,0.96476,0,17
test_329.png,2.08,75,0.85716,0.96476,0,17
test_329.png,5.21,188,0.85716,0.96476,0,17
test_329.png,10.42,375,0.85716,0.96476,0,17
test_330.png,0.0,0,0.93763,0.99583,5,12
test_330.png,0.21,8,0.93765,0.99606,3,12
test_330.png,0.52,19,0.93788,0.99697,0,12
test_330.png,1.04,37,0.93788,0.99697,0,12
test_330.png,2.08,75,0.93788,0.99697,0,12
test_330.png,5.21,188,0.93788,0.99697,0,12
test_330.png,10.42,375,0.93788,0.99697,0,12
test_331.png,0.0,0,0.64412,0.58289,86,99
test_331.png,0.21,8,0.64402,0.58359,30,99
test_331.png,0.52,19,0.64406,0.58361,26,99
test_331.png,1.04,37,0.64424,0.58444,21,99
test_331.png,2.08,75,0.64599,0.58766,14,98
test_331.png,5.21,188,0.64373,0.5873,10,97
test_331.png,10.42,375,0.65204,0.59985,4,96
test_332.png,0.0,0,0.93508,0.9718,2,4
test_332.png,0.21,8,0.9351,0.97208,0,4
test_332.png,0.52,19,0.9351,0.97208,0,4
test_332.png,1.04,37,0.9351,0.97208,0,4
test_332.png,2.08,75,0.9351,0.97208,0,4
test_332.png,5.21,188,0.9351,0.97208,0,4
test_332.png,10.42,375,0.9351,0.97208,0,4
test_333.png,0.0,0,0.8635,0.95836,24,5
test_333.png,0.21,8,0.86363,0.95925,9,5
test_333.png,0.52,19,0.86377,0.96043,5,5
test_333.png,1.04,37,0.86383,0.96075,3,4
test_333.png,2.08,75,0.86441,0.96184,1,4
test_333.png,5.21,188,0.86484,0.96305,1,3
test_333.png,10.42,375,0.86484,0.96305,1,3
test_334.png,0.0,0,0.87991,0.97935,13,8
test_334.png,0.21,8,0.87993,0.97981,4,8
test_334.png,0.52,19,0.88008,0.98035,2,8
test_334.png,1.04,37,0.88025,0.98082,1,8
test_334.png,2.08,75,0.8805,0.98142,0,8
test_334.png,5.21,188,0.8805,0.98142,0,8
test_334.png,10.42,375,0.87994,0.98042,1,8
test_335.png,0.0,0,0.88627,0.91441,45,83
test_335.png,0.21,8,0.88638,0.9166,5,83
test_335.png,0.52,19,0.8861,0.91635,2,83
test_335.png,1.04,37,0.88623,0.91686,1,83
test_335.png,2.08,75,0.88623,0.91686,1,83
test_335.png,5.21,188,0.88623,0.91686,1,83
test_335.png,10.42,375,0.88623,0.91686,1,83
test_336.png,0.0,0,0.64825,0.6476,171,76
test_336.png,0.21,8,0.6475,0.64728,73,76
test_336.png,0.52,19,0.64749,0.64786,55,76
test_336.png,1.04,37,0.64606,0.64909,42,76
test_336.png,2.08,75,0.64393,0.65091,31,75
test_336.png,5.21,188,0.63918,0.64607,22,74
test_336.png,10.42,375,0.63762,0.64782,16,71
test_337.png,0.0,0,0.59448,0.5274,129,43
test_337.png,0.21,8,0.59469,0.52965,60,43
test_337.png,0.52,19,0.59519,0.5319,41,43
test_337.png,1.04,37,0.5959,0.5334,33,43
test_337.png,2.08,75,0.59708,0.53565,28,43
test_337.png,5.21,188,0.60306,0.54649,16,40
test_337.png,10.42,375,0.60703,0.5532,11,36
test_338.png,0.0,0,0.89435,0.9158,42,34
test_338.png,0.21,8,0.89446,0.91746,18,34
test_338.png,0.52,19,0.89445,0.91826,9,34
test_338.png,1.04,37,0.89457,0.91908,8,34
test_338.png,2.08,75,0.8942,0.92147,3,34
test_338.png,5.21,188,0.89309,0.92132,2,34
test_338.png,10.42,375,0.89099,0.91502,0,34
test_339.png,0.0,0,0.91582,0.99434,12,3
test_339.png,0.21,8,0.91587,0.99507,2,3
test_339.png,0.52,19,0.91598,0.99538,0,3
test_339.png,1.04,37,0.91598,0.99538,0,3
test_339.png,2.08,75,0.91598,0.99538,0,3
test_339.png,5.21,188,0.91598,0.99538,0,3
test_339.png,10.42,375,0.91598,0.99538,0,3
test_340.png,0.0,0,0.91416,0.99625,2,5
test_340.png,0.21,8,0.91417,0.99635,1,5
test_340.png,0.52,19,0.91417,0.99635,1,5
test_340.png,1.04,37,0.91417,0.99635,1,5
test_340.png,2.08,75,0.91443,0.99663,0,5
test_340.png,5.21,188,0.91443,0.99663,0,5
test_340.png,10.42,375,0.91443,0.99663,0,5
test_341.png,0.0,0,0.34918,0.34193,186,106
test_341.png,0.21,8,0.35004,0.34763,78,106
test_341.png,0.52,19,0.35075,0.35005,55,106
test_341.png,1.04,37,0.35192,0.35506,43,106
test_341.png,2.08,75,0.35506,0.36466,28,105
test_341.png,5.21,188,0.35944,0.37403,18,103
test_341.png,10.42,375,0.35978,0.37385,13,100
test_342.png,0.0,0,0.5401,0.46505,168,69
test_342.png,0.21,8,0.53967,0.46499,55,69
test_342.png,0.52,19,0.53865,0.46349,39,69
test_342.png,1.04,37,0.53852,0.46433,31,68
test_342.png,2.08,75,0.53818,0.46504,25,67
test_342.png,5.21,188,0.53531,0.46378,11,58
test_342.png,10.42,375,0.53614,0.46535,10,58
test_343.png,0.0,0,0.88411,0.96776,26,6
test_343.png,0.21,8,0.88422,0.96901,11,6
test_343.png,0.52,19,0.88446,0.97,8,6
test_343.png,1.04,37,0.88455,0.97105,3,6
test_343.png,2.08,75,0.88535,0.97294,0,6
test_343.png,5.21,188,0.88535,0.97294,0,6
test_343.png,10.42,375,0.88535,0.97294,0,6
test_344.png,0.0,0,0.50805,0.45416,172,60
test_344.png,0.21,8,0.50754,0.45416,82,60
test_344.png,0.52,19,0.50699,0.45376,56,60
test_344.png,1.04,37,0.50665,0.45355,43,59
test_344.png,2.08,75,0.50802,0.45644,31,57
test_344.png,5.21,188,0.50991,0.46173,16,53
test_344.png,10.42,375,0.50754,0.45718,10,50
test_345.png,0.0,0,0.77597,0.78583,69,37
test_345.png,0.21,8,0.77612,0.78864,21,37
test_345.png,0.52,19,0.77609,0.79011,13,37
test_345.png,1.04,37,0.77653,0.79386,7,37
test_345.png,2.08,75,0.7772,0.79547,5,37
test_345.png,5.21,188,0.77877,0.80084,1,37
test_345.png,10.42,375,0.77943,0.80274,0,37
test_346.png,0.0,0,0.90213,0.96202,54,6
test_346.png,0.21,8,0.90234,0.96413,18,6
test_346.png,0.52,19,0.90267,0.96554,12,6
test_346.png,1.04,37,0.90283,0.96567,10,6
test_346.png,2.08,75,0.90356,0.96686,5,6
test_346.png,5.21,188,0.90311,0.96728,3,6
test_346.png,10.42,375,0.90311,0.96728,3,6
test_347.png,0.0,0,0.68416,0.82525,93,10
test_347.png,0.21,8,0.68374,0.82664,39,10
test_347.png,0.52,19,0.68326,0.82711,30,10
test_347.png,1.04,37,0.68319,0.82787,26,10
test_347.png,2.08,75,0.68332,0.82972,24,10
test_347.png,5.21,188,0.68238,0.82901,22,11
test_347.png,10.42,375,0.68112,0.82826,21,11
test_348.png,0.0,0,0.71297,0.8456,52,33
test_348.png,0.21,8,0.71314,0.84834,7,33
test_348.png,0.52,19,0.71326,0.8488,6,33
test_348.png,1.04,37,0.71312,0.84948,4,33
test_348.png,2.08,75,0.71359,0.85137,1,33
test_348.png,5.21,188,0.71359,0.85137,1,33
test_348.png,10.42,375,0.71359,0.85137,1,33
test_349.png,0.0,0,0.91768,0.96216,24,24
test_349.png,0.21,8,0.91773,0.96351,2,24
test_349.png,0.52,19,0.91778,0.96378,1,24
test_349.png,1.04,37,0.91795,0.96399,0,24
test_349.png,2.08,75,0.91795,0.96399,0,24
test_349.png,5.21,188,0.91795,0.96399,0,24
test_349.png,10.42,375,0.91795,0.96399,0,24
test_350.png,0.0,0,0.82053,0.96498,37,4
test_350.png,0.21,8,0.82092,0.96824,7,4
test_350.png,0.52,19,0.82112,0.96937,4,4
test_350.png,1.04,37,0.82135,0.97086,1,4
test_350.png,2.08,75,0.82158,0.97131,0,4
test_350.png,5.21,188,0.82158,0.97131,0,4
test_350.png,10.42,375,0.82158,0.97131,0,4
test_351.png,0.0,0,0.90411,0.94948,46,18
test_351.png,0.21,8,0.90438,0.95207,13,18
test_351.png,0.52,19,0.90477,0.95383,6,18
test_351.png,1.04,37,0.90509,0.95521,3,18
test_351.png,2.08,75,0.90589,0.95704,0,17
test_351.png,5.21,188,0.90589,0.95704,0,17
test_351.png,10.42,375,0.90589,0.95704,0,17
test_352.png,0.0,0,0.88443,0.94855,28,19
test_352.png,0.21,8,0.8846,0.95016,9,19
test_352.png,0.52,19,0.88464,0.95142,4,19
test_352.png,1.04,37,0.88452,0.95194,1,19
test_352.png,2.08,75,0.88452,0.95194,1,19
test_352.png,5.21,188,0.88407,0.95137,0,19
test_352.png,10.42,375,0.88407,0.95137,0,19
test_353.png,0.0,0,0.89518,0.98258,6,5
test_353.png,0.21,8,0.89521,0.98301,1,5
test_353.png,0.52,19,0.89521,0.98301,1,5
test_353.png,1.04,37,0.89521,0.98301,1,5
test_353.png,2.08,75,0.89543,0.98382,0,5
test_353.png,5.21,188,0.89543,0.98382,0,5
test_353.png,10.42,375,0.89543,0.98382,0,5
test_354.png,0.0,0,0.88609,0.98465,10,7
test_354.png,0.21,8,0.88617,0.98558,2,7
test_354.png,0.52,19,0.88622,0.98615,1,7
test_354.png,1.04,37,0.88634,0.98709,0,7
test_354.png,2.08,75,0.88634,0.98709,0,7
test_354.png,5.21,188,0.88634,0.98709,0,7
test_354.png,10.42,375,0.88634,0.98709,0,7
test_355.png,0.0,0,0.91448,0.97281,1,0
test_355.png,0.21,8,0.9145,0.97308,0,0
test_355.png,0.52,19,0.9145,0.97308,0,0
test_355.png,1.04,37,0.9145,0.97308,0,0
test_355.png,2.08,75,0.9145,0.97308,0,0
test_355.png,5.21,188,0.9145,0.97308,0,0
test_355.png,10.42,375,0.9145,0.97308,0,0
test_356.png,0.0,0,0.88923,0.97171,8,19
test_356.png,0.21,8,0.88928,0.97242,1,19
test_356.png,0.52,19,0.88936,0.97277,0,19
test_356.png,1.04,37,0.88936,0.97277,0,19
test_356.png,2.08,75,0.88936,0.97277,0,19
test_356.png,5.21,188,0.88936,0.97277,0,19
test_356.png,10.42,375,0.88936,0.97277,0,19
test_357.png,0.0,0,0.92768,0.99685,1,1
test_357.png,0.21,8,0.92769,0.99704,0,1
test_357.png,0.52,19,0.92769,0.99704,0,1
test_357.png,1.04,37,0.92769,0.99704,0,1
test_357.png,2.08,75,0.92769,0.99704,0,1
test_357.png,5.21,188,0.92769,0.99704,0,1
test_357.png,10.42,375,0.92769,0.99704,0,1
test_358.png,0.0,0,0.9203,0.9976,4,3
test_358.png,0.21,8,0.92038,0.99831,0,3
test_358.png,0.52,19,0.92038,0.99831,0,3
test_358.png,1.04,37,0.92038,0.99831,0,3
test_358.png,2.08,75,0.92038,0.99831,0,3
test_358.png,5.21,188,0.92038,0.99831,0,3
test_358.png,10.42,375,0.92038,0.99831,0,3
test_359.png,0.0,0,0.30271,0.29655,196,255
test_359.png,0.21,8,0.30291,0.29836,46,255
test_359.png,0.52,19,0.30291,0.29855,31,255
test_359.png,1.04,37,0.30329,0.3002,23,254
test_359.png,2.08,75,0.30406,0.3023,16,252
test_359.png,5.21,188,0.30611,0.30708,7,249
test_359.png,10.42,375,0.30552,0.30603,4,244
test_360.png,0.0,0,0.77377,0.75507,131,60
test_360.png,0.21,8,0.77436,0.76142,46,60
test_360.png,0.52,19,0.77487,0.76503,34,60
test_360.png,1.04,37,0.7761,0.77128,23,58
test_360.png,2.08,75,0.77769,0.77848,15,58
test_360.png,5.21,188,0.78122,0.78851,7,56
test_360.png,10.42,375,0.78123,0.78901,5,56
test_361.png,0.0,0,0.88449,0.91628,37,18
test_361.png,0.21,8,0.88471,0.9192,13,18
test_361.png,0.52,19,0.88499,0.92093,9,18
test_361.png,1.04,37,0.88545,0.92206,6,18
test_361.png,2.08,75,0.88598,0.92456,4,18
test_361.png,5.21,188,0.88783,0.92967,1,18
test_361.png,10.42,375,0.88909,0.93244,0,18
test_362.png,0.0,0,0.72259,0.79617,110,14
test_362.png,0.21,8,0.72282,0.79906,46,14
test_362.png,0.52,19,0.72299,0.80007,35,14
test_362.png,1.04,37,0.72344,0.80162,27,15
test_362.png,2.08,75,0.72414,0.80451,19,15
test_362.png,5.21,188,0.728,0.8106,12,15
test_362.png,10.42,375,0.72271,0.80406,6,16
test_363.png,0.0,0,0.76454,0.80859,41,12
test_363.png,0.21,8,0.76421,0.80913,15,12
test_363.png,0.52,19,0.76385,0.80935,9,12
test_363.png,1.04,37,0.764,0.81098,8,12
test_363.png,2.08,75,0.76294,0.80894,6,12
test_363.png,5.21,188,0.76187,0.80534,4,12
test_363.png,10.42,375,0.76044,0.80419,3,6
test_364.png,0.0,0,0.77568,0.81361,97,45
test_364.png,0.21,8,0.77561,0.8171,37,45
test_364.png,0.52,19,0.77582,0.81891,28,44
test_364.png,1.04,37,0.77634,0.82137,22,44
test_364.png,2.08,75,0.77754,0.82382,19,43
test_364.png,5.21,188,0.78236,0.83625,8,43
test_364.png,10.42,375,0.78566,0.84038,6,43
test_365.png,0.0,0,0.91821,0.96415,33,26
test_365.png,0.21,8,0.91849,0.96643,13,26
test_365.png,0.52,19,0.91871,0.96755,9,26
test_365.png,1.04,37,0.91913,0.96899,6,26
test_365.png,2.08,75,0.91965,0.97096,4,26
test_365.png,5.21,188,0.92173,0.97601,1,25
test_365.png,10.42,375,0.92173,0.97601,1,25
test_366.png,0.0,0,0.89258,0.96934,28,27
test_366.png,0.21,8,0.89273,0.97058,11,27
test_366.png,0.52,19,0.89273,0.97089,6,27
test_366.png,1.04,37,0.89304,0.97199,2,27
test_366.png,2.08,75,0.89294,0.97167,0,27
test_366.png,5.21,188,0.89294,0.97167,0,27
test_366.png,10.42,375,0.89294,0.97167,0,27
test_367.png,0.0,0,0.64078,0.77576,77,43
test_367.png,0.21,8,0.64101,0.77868,25,43
test_367.png,0.52,19,0.64123,0.78027,17,42
test_367.png,1.04,37,0.64158,0.7824,12,40
test_367.png,2.08,75,0.64212,0.78412,10,40
test_367.png,5.21,188,0.64413,0.78763,5,40
test_367.png,10.42,375,0.64607,0.79036,3,40
test_368.png,0.0,0,0.86605,0.91779,66,55
test_368.png,0.21,8,0.86611,0.92058,18,55
test_368.png,0.52,19,0.86604,0.92206,9,55
test_368.png,1.04,37,0.86685,0.92503,4,55
test_368.png,2.08,75,0.86685,0.92503,4,55
test_368.png,5.21,188,0.86876,0.93083,1,55
test_368.png,10.42,375,0.86876,0.93083,1,55
test_369.png,0.0,0,0.32996,0.33268,196,29
test_369.png,0.21,8,0.32802,0.32966,92,29
test_369.png,0.52,19,0.32642,0.32726,73,29
test_369.png,1.04,37,0.32267,0.32349,60,27
test_369.png,2.08,75,0.31356,0.31052,46,22
test_369.png,5.21,188,0.29732,0.29766,30,17
test_369.png,10.42,375,0.26649,0.27668,19,12
test_370.png,0.0,0,0.65113,0.69669,111,99
test_370.png,0.21,8,0.65082,0.69775,47,99
test_370.png,0.52,19,0.65025,0.69802,34,99
test_370.png,1.04,37,0.65003,0.69868,28,99
test_370.png,2.08,75,0.64988,0.70083,23,99
test_370.png,5.21,188,0.6464,0.69786,15,96
test_370.png,10.42,375,0.64659,0.69959,11,96
test_371.png,0.0,0,0.70969,0.71101,86,64
test_371.png,0.21,8,0.70973,0.71434,35,64
test_371.png,0.52,19,0.70978,0.71613,28,64
test_371.png,1.04,37,0.70993,0.71755,24,64
test_371.png,2.08,75,0.70847,0.71791,17,64
test_371.png,5.21,188,0.7103,0.72814,7,62
test_371.png,10.42,375,0.71078,0.73382,4,62
test_372.png,0.0,0,0.74409,0.7455,135,113
test_372.png,0.21,8,0.7437,0.7465,55,112
test_372.png,0.52,19,0.74345,0.74688,38,112
test_372.png,1.04,37,0.74361,0.74839,28,110
test_372.png,2.08,75,0.74209,0.74796,21,110
test_372.png,5.21,188,0.742,0.75001,13,108
test_372.png,10.42,375,0.73747,0.74737,7,107
test_373.png,0.0,0,0.80238,0.88009,51,72
test_373.png,0.21,8,0.8027,0.88283,9,72
test_373.png,0.52,19,0.80286,0.88351,6,71
test_373.png,1.04,37,0.80321,0.88467,3,71
test_373.png,2.08,75,0.80366,0.8858,1,71
test_373.png,5.21,188,0.804,0.8864,0,71
test_373.png,10.42,375,0.804,0.8864,0,71
test_374.png,0.0,0,0.53075,0.48122,215,77
test_374.png,0.21,8,0.53046,0.48259,103,77
test_374.png,0.52,19,0.53007,0.48228,78,77
test_374.png,1.04,37,0.53041,0.484,65,75
test_374.png,2.08,75,0.52915,0.48487,43,72
test_374.png,5.21,188,0.52665,0.48508,28,72
test_374.png,10.42,375,0.5128,0.47029,19,69
test_375.png,0.0,0,0.77743,0.84717,91,41
test_375.png,0.21,8,0.77799,0.85029,31,41
test_375.png,0.52,19,0.77865,0.85201,20,41
test_375.png,1.04,37,0.77904,0.85283,12,41
test_375.png,2.08,75,0.77988,0.85415,9,41
test_375.png,5.21,188,0.78006,0.85464,4,41
test_375.png,10.42,375,0.78132,0.85579,3,41
test_376.png,0.0,0,0.63862,0.62847,165,94
test_376.png,0.21,8,0.63842,0.62977,71,94
test_376.png,0.52,19,0.63843,0.63122,49,94
test_376.png,1.04,37,0.63865,0.63278,40,94
test_376.png,2.08,75,0.63926,0.63533,30,93
test_376.png,5.21,188,0.64086,0.63228,16,88
test_376.png,10.42,375,0.6366,0.6305,8,88
test_377.png,0.0,0,0.71798,0.68335,61,82
test_377.png,0.21,8,0.71823,0.68569,22,82
test_377.png,0.52,19,0.71848,0.68636,18,82
test_377.png,1.04,37,0.71878,0.68762,16,82
test_377.png,2.08,75,0.71972,0.68984,13,82
test_377.png,5.21,188,0.72198,0.69338,6,81
test_377.png,10.42,375,0.72577,0.69851,3,81
test_378.png,0.0,0,0.79853,0.75957,100,102
test_378.png,0.21,8,0.799,0.76398,37,102
test_378.png,0.52,19,0.79936,0.76591,24,101
test_378.png,1.04,37,0.79989,0.76768,19,100
test_378.png,2.08,75,0.80048,0.7695,16,100
test_378.png,5.21,188,0.80471,0.77864,7,99
test_378.png,10.42,375,0.80565,0.78023,6,99
test_379.png,0.0,0,0.56536,0.56705,142,106
test_379.png,0.21,8,0.56532,0.56839,49,106
test_379.png,0.52,19,0.56535,0.5686,33,106
test_379.png,1.04,37,0.56582,0.57017,26,106
test_379.png,2.08,75,0.56584,0.56942,19,106
test_379.png,5.21,188,0.56521,0.56898,10,105
test_379.png,10.42,375,0.56206,0.56792,5,104
test_380.png,0.0,0,0.72998,0.68681,87,128
test_380.png,0.21,8,0.73007,0.68854,29,128
test_380.png,0.52,19,0.73001,0.68873,17,128
test_380.png,1.04,37,0.7298,0.68882,13,128
test_380.png,2.08,75,0.73074,0.69091,9,128
test_380.png,5.21,188,0.73117,0.69043,3,128
test_380.png,10.42,375,0.73316,0.69306,1,128
test_381.png,0.0,0,0.6831,0.63626,94,126
test_381.png,0.21,8,0.68291,0.63671,31,126
test_381.png,0.52,19,0.6826,0.63663,22,126
test_381.png,1.04,37,0.68259,0.63694,19,126
test_381.png,2.08,75,0.68273,0.63704,15,125
test_381.png,5.21,188,0.6845,0.64103,9,122
test_381.png,10.42,375,0.68551,0.64444,5,121
test_382.png,0.0,0,0.41151,0.43595,103,129
test_382.png,0.21,8,0.41173,0.43797,21,129
test_382.png,0.52,19,0.4118,0.43866,14,129
test_382.png,1.04,37,0.41126,0.43741,12,129
test_382.png,2.08,75,0.41225,0.44047,6,129
test_382.png,5.21,188,0.41364,0.44313,2,129
test_382.png,10.42,375,0.41443,0.44469,1,129
test_383.png,0.0,0,0.57276,0.57348,133,146
test_383.png,0.21,8,0.57312,0.57648,39,146
test_383.png,0.52,19,0.57332,0.57749,29,146
test_383.png,1.04,37,0.57391,0.57932,22,146
test_383.png,2.08,75,0.57491,0.58266,13,146
test_383.png,5.21,188,0.57423,0.58257,8,146
test_383.png,10.42,375,0.57587,0.58567,6,144
test_384.png,0.0,0,0.6265,0.56339,124,60
test_384.png,0.21,8,0.62616,0.56404,47,60
test_384.png,0.52,19,0.62628,0.56482,37,60
test_384.png,1.04,37,0.62598,0.56564,30,60
test_384.png,2.08,75,0.62531,0.56645,21,59
test_384.png,5.21,188,0.62184,0.56506,15,58
test_384.png,10.42,375,0.61607,0.5608,12,57
test_385.png,0.0,0,0.81063,0.75791,53,78
test_385.png,0.21,8,0.81079,0.76035,17,78
test_385.png,0.52,19,0.81095,0.76113,13,78
test_385.png,1.04,37,0.8114,0.76324,9,78
test_385.png,2.08,75,0.81197,0.76586,6,78
test_385.png,5.21,188,0.81116,0.76479,5,78
test_385.png,10.42,375,0.81335,0.76903,3,77
test_386.png,0.0,0,0.52762,0.55428,118,155
test_386.png,0.21,8,0.52738,0.55494,36,155
test_386.png,0.52,19,0.52779,0.55753,22,154
test_386.png,1.04,37,0.52851,0.56041,14,154
test_386.png,2.08,75,0.52865,0.56083,13,154
test_386.png,5.21,188,0.52707,0.55941,8,153
test_386.png,10.42,375,0.52675,0.55603,5,152
test_387.png,0.0,0,0.73819,0.63484,70,69
test_387.png,0.21,8,0.73843,0.63657,25,69
test_387.png,0.52,19,0.73865,0.6366,20,69
test_387.png,1.04,37,0.7393,0.63899,15,69
test_387.png,2.08,75,0.7403,0.64262,9,69
test_387.png,5.21,188,0.73953,0.63998,7,68
test_387.png,10.42,375,0.73808,0.63795,5,68
test_388.png,0.0,0,0.79546,0.83454,24,54
test_388.png,0.21,8,0.79549,0.83549,9,54
test_388.png,0.52,19,0.79551,0.83634,5,54
test_388.png,1.04,37,0.79583,0.83852,3,54
test_388.png,2.08,75,0.79648,0.84114,1,53
test_388.png,5.21,188,0.79696,0.84198,0,53
test_388.png,10.42,375,0.79696,0.84198,0,53
test_389.png,0.0,0,0.57959,0.60859,170,73
test_389.png,0.21,8,0.57987,0.61232,65,73
test_389.png,0.52,19,0.57996,0.61314,50,72
test_389.png,1.04,37,0.58168,0.61696,38,72
test_389.png,2.08,75,0.58323,0.61998,29,69
test_389.png,5.21,188,0.58432,0.62203,23,68
test_389.png,10.42,375,0.59673,0.63687,14,64
test_390.png,0.0,0,0.74795,0.72694,97,133
test_390.png,0.21,8,0.74803,0.72862,31,133
test_390.png,0.52,19,0.74833,0.73031,22,132
test_390.png,1.04,37,0.74824,0.73132,15,132
test_390.png,2.08,75,0.74744,0.7306,8,132
test_390.png,5.21,188,0.74797,0.73132,6,131
test_390.png,10.42,375,0.7489,0.73389,3,130
test_391.png,0.0,0,0.82747,0.90419,39,40
test_391.png,0.21,8,0.82775,0.90627,10,40
test_391.png,0.52,19,0.82784,0.90689,7,40
test_391.png,1.04,37,0.82831,0.90861,3,37
test_391.png,2.08,75,0.82831,0.90861,3,37
test_391.png,5.21,188,0.82847,0.91049,0,35
test_391.png,10.42,375,0.82847,0.91049,0,35
test_392.png,0.0,0,0.62894,0.61567,151,163
test_392.png,0.21,8,0.62884,0.61673,54,163
test_392.png,0.52,19,0.62857,0.61728,29,163
test_392.png,1.04,37,0.62842,0.61802,21,163
test_392.png,2.08,75,0.62884,0.61945,15,163
test_392.png,5.21,188,0.62793,0.6179,9,163
test_392.png,10.42,375,0.62732,0.61829,6,162
test_393.png,0.0,0,0.56702,0.51294,70,84
test_393.png,0.21,8,0.56702,0.51404,26,84
test_393.png,0.52,19,0.56727,0.51524,13,84
test_393.png,1.04,37,0.56752,0.51569,10,84
test_393.png,2.08,75,0.5682,0.5171,7,84
test_393.png,5.21,188,0.56926,0.51848,5,83
test_393.png,10.42,375,0.57038,0.51994,4,83
test_394.png,0.0,0,0.80843,0.83003,46,36
test_394.png,0.21,8,0.80874,0.83308,21,36
test_394.png,0.52,19,0.8094,0.83592,12,36
test_394.png,1.04,37,0.81012,0.83948,8,36
test_394.png,2.08,75,0.8104,0.84054,7,36
test_394.png,5.21,188,0.81179,0.84352,5,36
test_394.png,10.42,375,0.81356,0.84675,4,35
test_395.png,0.0,0,0.67383,0.60466,134,103
test_395.png,0.21,8,0.67396,0.60647,58,103
test_395.png,0.52,19,0.67412,0.60721,48,102
test_395.png,1.04,37,0.67418,0.60636,36,102
test_395.png,2.08,75,0.6736,0.60312,27,101
test_395.png,5.21,188,0.67702,0.60855,17,100
test_395.png,10.42,375,0.67687,0.60822,11,100
test_396.png,0.0,0,0.82315,0.8637,35,26
test_396.png,0.21,8,0.82318,0.86467,6,26
test_396.png,0.52,19,0.82311,0.86459,5,26
test_396.png,1.04,37,0.82293,0.86443,4,26
test_396.png,2.08,75,0.82273,0.86427,3,26
test_396.png,5.21,188,0.82196,0.86367,2,24
test_396.png,10.42,375,0.82196,0.86367,2,24
test_397.png,0.0,0,0.63714,0.638,116,84
test_397.png,0.21,8,0.63708,0.63939,50,84
test_397.png,0.52,19,0.63702,0.64054,37,83
test_397.png,1.04,37,0.63605,0.63927,30,83
test_397.png,2.08,75,0.63731,0.64206,22,83
test_397.png,5.21,188,0.63458,0.64003,19,83
test_397.png,10.42,375,0.63177,0.63837,11,79
test_398.png,0.0,0,0.72196,0.6032,124,84
test_398.png,0.21,8,0.72197,0.60433,51,84
test_398.png,0.52,19,0.72259,0.60589,33,84
test_398.png,1.04,37,0.72283,0.60635,29,84
test_398.png,2.08,75,0.72361,0.60822,23,84
test_398.png,5.21,188,0.72692,0.61391,16,81
test_398.png,10.42,375,0.72869,0.59987,5,78
test_399.png,0.0,0,0.68369,0.651,64,83
test_399.png,0.21,8,0.68377,0.65238,28,83
test_399.png,0.52,19,0.68398,0.65436,16,82
test_399.png,1.04,37,0.6844,0.65606,12,82
test_399.png,2.08,75,0.68468,0.65698,11,82
test_399.png,5.21,188,0.68778,0.66377,5,81
test_399.png,10.42,375,0.69012,0.66772,3,81
test_400.png,0.0,0,0.86346,0.90938,13,32
test_400.png,0.21,8,0.86358,0.91119,2,32
test_400.png,0.52,19,0.86358,0.91119,2,32
test_400.png,1.04,37,0.86358,0.91119,2,32
test_400.png,2.08,75,0.86406,0.91501,0,32
test_400.png,5.21,188,0.86406,0.91501,0,32
test_400.png,10.42,375,0.86406,0.91501,0,32
test_401.png,0.0,0,0.65079,0.52424,131,107
test_401.png,0.21,8,0.6505,0.52482,50,107
test_401.png,0.52,19,0.65061,0.52526,39,107
test_401.png,1.04,37,0.65036,0.5251,30,106
test_401.png,2.08,75,0.65038,0.52661,20,106
test_401.png,5.21,188,0.64805,0.52517,14,106
test_401.png,10.42,375,0.64813,0.51067,9,105
test_402.png,0.0,0,0.44346,0.30881,87,55
test_402.png,0.21,8,0.44303,0.30815,27,55
test_402.png,0.52,19,0.44273,0.30368,20,55
test_402.png,1.04,37,0.44257,0.30378,16,55
test_402.png,2.08,75,0.44287,0.30421,13,55
test_402.png,5.21,188,0.44407,0.30644,8,52
test_402.png,10.42,375,0.44117,0.29938,5,52
test_403.png,0.0,0,0.83597,0.81596,42,70
test_403.png,0.21,8,0.83604,0.81776,11,70
test_403.png,0.52,19,0.83621,0.81875,6,70
test_403.png,1.04,37,0.83656,0.82029,4,70
test_403.png,2.08,75,0.83733,0.82308,1,70
test_403.png,5.21,188,0.83804,0.8247,0,70
test_403.png,10.42,375,0.83804,0.8247,0,70
test_404.png,0.0,0,0.70298,0.6871,166,100
test_404.png,0.21,8,0.70343,0.69103,51,100
test_404.png,0.52,19,0.70389,0.69226,37,100
test_404.png,1.04,37,0.70495,0.69491,26,100
test_404.png,2.08,75,0.7078,0.70065,12,99
test_404.png,5.21,188,0.71053,0.7029,7,98
test_404.png,10.42,375,0.71306,0.7069,5,97
test_405.png,0.0,0,0.73055,0.73644,98,61
test_405.png,0.21,8,0.73053,0.73859,40,61
test_405.png,0.52,19,0.73057,0.73962,27,61
test_405.png,1.04,37,0.73095,0.74103,22,61
test_405.png,2.08,75,0.73047,0.74341,13,61
test_405.png,5.21,188,0.73213,0.74715,10,61
test_405.png,10.42,375,0.73579,0.75271,7,61
test_406.png,0.0,0,0.41022,0.40355,193,55
test_406.png,0.21,8,0.40954,0.4042,94,55
test_406.png,0.52,19,0.40974,0.40466,68,55
test_406.png,1.04,37,0.40809,0.40316,53,55
test_406.png,2.08,75,0.40986,0.40747,42,52
test_406.png,5.21,188,0.40939,0.41256,28,49
test_406.png,10.42,375,0.40498,0.4131,20,47
test_407.png,0.0,0,0.6942,0.71358,155,87
test_407.png,0.21,8,0.69338,0.71464,59,87
test_407.png,0.52,19,0.69308,0.71436,41,87
test_407.png,1.04,37,0.69266,0.71498,27,86
test_407.png,2.08,75,0.6923,0.71431,23,85
test_407.png,5.21,188,0.69352,0.71514,10,85
test_407.png,10.42,375,0.6915,0.71324,6,85
test_408.png,0.0,0,0.37916,0.36584,114,170
test_408.png,0.21,8,0.37935,0.36755,35,170
test_408.png,0.52,19,0.37975,0.36895,24,169
test_408.png,1.04,37,0.38019,0.37029,18,169
test_408.png,2.08,75,0.38064,0.37142,15,169
test_408.png,5.21,188,0.37965,0.37034,10,168
test_408.png,10.42,375,0.37721,0.36833,7,168
test_409.png,0.0,0,0.73947,0.77579,79,70
test_409.png,0.21,8,0.73962,0.77876,19,70
test_409.png,0.52,19,0.73983,0.77964,14,70
test_409.png,1.04,37,0.73979,0.78007,11,70
test_409.png,2.08,75,0.73995,0.78218,7,70
test_409.png,5.21,188,0.74009,0.78552,3,70
test_409.png,10.42,375,0.73814,0.77783,0,69
test_410.png,0.0,0,0.61218,0.6079,130,70
test_410.png,0.21,8,0.61236,0.61056,52,70
test_410.png,0.52,19,0.61274,0.61217,39,70
test_410.png,1.04,37,0.61255,0.61286,30,69
test_410.png,2.08,75,0.61444,0.61852,22,68
test_410.png,5.21,188,0.6165,0.6233,17,67
test_410.png,10.42,375,0.61959,0.62628,15,67
test_411.png,0.0,0,0.8757,0.84502,36,59
test_411.png,0.21,8,0.87578,0.84687,11,59
test_411.png,0.52,19,0.87586,0.84765,7,59
test_411.png,1.04,37,0.87609,0.84822,5,59
test_411.png,2.08,75,0.87587,0.84793,3,59
test_411.png,5.21,188,0.87557,0.84744,1,59
test_411.png,10.42,375,0.87641,0.84935,0,59
test_412.png,0.0,0,0.74587,0.73209,39,54
test_412.png,0.21,8,0.74576,0.7326,10,54
test_412.png,0.52,19,0.74564,0.73259,8,54
test_412.png,1.04,37,0.7459,0.73431,6,54
test_412.png,2.08,75,0.74671,0.73683,3,53
test_412.png,5.21,188,0.74518,0.73602,2,53
test_412.png,10.42,375,0.74757,0.7399,1,53
test_413.png,0.0,0,0.7341,0.74193,66,95
test_413.png,0.21,8,0.73428,0.74358,28,95
test_413.png,0.52,19,0.73435,0.7444,19,95
test_413.png,1.04,37,0.73475,0.74579,14,95
test_413.png,2.08,75,0.73545,0.74856,11,95
test_413.png,5.21,188,0.73805,0.74863,4,95
test_413.png,10.42,375,0.73966,0.75189,3,95
test_414.png,0.0,0,0.70667,0.72323,57,61
test_414.png,0.21,8,0.70695,0.72611,16,61
test_414.png,0.52,19,0.70689,0.72624,13,61
test_414.png,1.04,37,0.70717,0.72752,10,61
test_414.png,2.08,75,0.70752,0.73028,7,61
test_414.png,5.21,188,0.71001,0.73684,3,58
test_414.png,10.42,375,0.71219,0.74307,1,56
test_415.png,0.0,0,0.75893,0.75721,84,89
test_415.png,0.21,8,0.75889,0.75882,27,89
test_415.png,0.52,19,0.75907,0.76067,20,89
test_415.png,1.04,37,0.75907,0.76067,20,89
test_415.png,2.08,75,0.75889,0.76173,15,89
test_415.png,5.21,188,0.76057,0.76771,10,87
test_415.png,10.42,375,0.75945,0.76742,7,84
test_416.png,0.0,0,0.75335,0.73989,161,81
test_416.png,0.21,8,0.75355,0.74345,66,81
test_416.png,0.52,19,0.75367,0.74526,49,81
test_416.png,1.04,37,0.75429,0.74707,39,81
test_416.png,2.08,75,0.75553,0.75118,28,79
test_416.png,5.21,188,0.75814,0.75859,17,77
test_416.png,10.42,375,0.76007,0.74666,8,73
test_417.png,0.0,0,0.78373,0.8756,51,36
test_417.png,0.21,8,0.78395,0.87738,15,36
test_417.png,0.52,19,0.78412,0.87778,10,36
test_417.png,1.04,37,0.78443,0.87866,8,36
test_417.png,2.08,75,0.78653,0.88409,1,37
test_417.png,5.21,188,0.78677,0.88408,0,37
test_417.png,10.42,375,0.78677,0.88408,0,37
test_418.png,0.0,0,0.41257,0.34699,64,101
test_418.png,0.21,8,0.41217,0.34572,17,101
test_418.png,0.52,19,0.41184,0.34473,12,101
test_418.png,1.04,37,0.41189,0.34482,11,101
test_418.png,2.08,75,0.41154,0.34504,6,101
test_418.png,5.21,188,0.41015,0.34188,4,101
test_418.png,10.42,375,0.40572,0.33964,2,100
test_419.png,0.0,0,0.5498,0.5569,244,111
test_419.png,0.21,8,0.54947,0.55908,99,111
test_419.png,0.52,19,0.54919,0.56021,72,111
test_419.png,1.04,37,0.54983,0.56279,59,111
test_419.png,2.08,75,0.54946,0.56456,46,108
test_419.png,5.21,188,0.54192,0.55542,25,105
test_419.png,10.42,375,0.53316,0.54725,20,104
test_420.png,0.0,0,0.90386,0.9408,18,20
test_420.png,0.21,8,0.90397,0.94206,8,20
test_420.png,0.52,19,0.90416,0.94363,4,20
test_420.png,1.04,37,0.90451,0.94522,2,20
test_420.png,2.08,75,0.90479,0.94622,1,20
test_420.png,5.21,188,0.90521,0.94811,0,20
test_420.png,10.42,375,0.90521,0.94811,0,20
