dataset,width,config,run,seed,image,source,along,across,erl,dice,fg
DRIVE,2.828,K_focal_aug,K_focal_aug_s0,0,01,raw,0.0,0.0,0.6845,0.80625,37383
DRIVE,2.828,K_focal_aug,K_focal_aug_s0,0,01,isotropic,0.25,0.25,0.6845,0.80625,37383
DRIVE,2.828,K_focal_aug,K_focal_aug_s0,0,01,isotropic,0.5,0.5,0.79066,0.63778,59961
DRIVE,2.828,K_focal_aug,K_focal_aug_s0,0,01,isotropic,0.75,0.75,0.80081,0.58015,69182
DRIVE,2.828,K_focal_aug,K_focal_aug_s0,0,01,isotropic,1.0,1.0,0.81625,0.51878,81220
DRIVE,2.828,K_focal_aug,K_focal_aug_s0,0,01,isotropic,1.5,1.5,0.8636,0.42673,105972
DRIVE,2.828,K_focal_aug,K_focal_aug_s0,0,01,oracle,0.0,0.25,0.6845,0.80625,37383
DRIVE,2.828,K_focal_aug,K_focal_aug_s0,0,01,oracle,0.0,0.5,0.73016,0.73393,45496
DRIVE,2.828,K_focal_aug,K_focal_aug_s0,0,01,oracle,0.0,1.0,0.77221,0.59702,65696
DRIVE,2.828,K_focal_aug,K_focal_aug_s0,0,01,oracle,0.5,0.0,0.72705,0.79288,39458
DRIVE,2.828,K_focal_aug,K_focal_aug_s0,0,01,oracle,0.5,0.25,0.73863,0.77883,41610
DRIVE,2.828,K_focal_aug,K_focal_aug_s0,0,01,oracle,0.5,0.5,0.78932,0.64562,58816
DRIVE,2.828,K_focal_aug,K_focal_aug_s0,0,01,oracle,0.5,1.0,0.7987,0.54969,74550
DRIVE,2.828,K_focal_aug,K_focal_aug_s0,0,01,oracle,1.0,0.0,0.7741,0.75776,44750
DRIVE,2.828,K_focal_aug,K_focal_aug_s0,0,01,oracle,1.0,0.25,0.78661,0.73728,47280
DRIVE,2.828,K_focal_aug,K_focal_aug_s0,0,01,oracle,1.0,0.5,0.80216,0.63284,60971
DRIVE,2.828,K_focal_aug,K_focal_aug_s0,0,01,oracle,1.0,1.0,0.81606,0.52367,80156
DRIVE,2.828,K_focal_aug,K_focal_aug_s0,0,01,oracle,1.5,0.0,0.79239,0.73333,47884
DRIVE,2.828,K_focal_aug,K_focal_aug_s0,0,01,oracle,1.5,0.25,0.80236,0.70272,51890
DRIVE,2.828,K_focal_aug,K_focal_aug_s0,0,01,oracle,1.5,0.5,0.81995,0.61824,63546
DRIVE,2.828,K_focal_aug,K_focal_aug_s0,0,01,oracle,1.5,1.0,0.84655,0.51084,83382
DRIVE,2.828,K_focal_aug,K_focal_aug_s0,0,01,oracle,2.0,0.0,0.83063,0.69916,52424
DRIVE,2.828,K_focal_aug,K_focal_aug_s0,0,01,oracle,2.0,0.25,0.8422,0.67633,55477
DRIVE,2.828,K_focal_aug,K_focal_aug_s0,0,01,oracle,2.0,0.5,0.85663,0.59632,67276
DRIVE,2.828,K_focal_aug,K_focal_aug_s0,0,01,oracle,2.0,1.0,0.8652,0.49726,86813
DRIVE,2.828,K_focal_aug,K_focal_aug_s0,0,02,raw,0.0,0.0,0.63052,0.83054,37354
DRIVE,2.828,K_focal_aug,K_focal_aug_s0,0,02,isotropic,0.25,0.25,0.63052,0.83054,37354
DRIVE,2.828,K_focal_aug,K_focal_aug_s0,0,02,isotropic,0.5,0.5,0.75881,0.69976,59508
DRIVE,2.828,K_focal_aug,K_focal_aug_s0,0,02,isotropic,0.75,0.75,0.78202,0.63934,68734
DRIVE,2.828,K_focal_aug,K_focal_aug_s0,0,02,isotropic,1.0,1.0,0.79043,0.5755,80461
DRIVE,2.828,K_focal_aug,K_focal_aug_s0,0,02,isotropic,1.5,1.5,0.85479,0.47476,105551
DRIVE,2.828,K_focal_aug,K_focal_aug_s0,0,02,oracle,0.0,0.25,0.63052,0.83054,37354
DRIVE,2.828,K_focal_aug,K_focal_aug_s0,0,02,oracle,0.0,0.5,0.69015,0.77635,45283
DRIVE,2.828,K_focal_aug,K_focal_aug_s0,0,02,oracle,0.0,1.0,0.73612,0.65703,65234
DRIVE,2.828,K_focal_aug,K_focal_aug_s0,0,02,oracle,0.5,0.0,0.67249,0.82108,39462
DRIVE,2.828,K_focal_aug,K_focal_aug_s0,0,02,oracle,0.5,0.25,0.68419,0.81468,41587
DRIVE,2.828,K_focal_aug,K_focal_aug_s0,0,02,oracle,0.5,0.5,0.75004,0.70664,58481
DRIVE,2.828,K_focal_aug,K_focal_aug_s0,0,02,oracle,0.5,1.0,0.7767,0.60896,73774
DRIVE,2.828,K_focal_aug,K_focal_aug_s0,0,02,oracle,1.0,0.0,0.72693,0.79976,44674
DRIVE,2.828,K_focal_aug,K_focal_aug_s0,0,02,oracle,1.0,0.25,0.74762,0.78692,47253
DRIVE,2.828,K_focal_aug,K_focal_aug_s0,0,02,oracle,1.0,0.5,0.78202,0.69383,60590
DRIVE,2.828,K_focal_aug,K_focal_aug_s0,0,02,oracle,1.0,1.0,0.78948,0.58011,79526
DRIVE,2.828,K_focal_aug,K_focal_aug_s0,0,02,oracle,1.5,0.0,0.75602,0.78076,47841
DRIVE,2.828,K_focal_aug,K_focal_aug_s0,0,02,oracle,1.5,0.25,0.76975,0.75734,51583
DRIVE,2.828,K_focal_aug,K_focal_aug_s0,0,02,oracle,1.5,0.5,0.7918,0.67637,63388
DRIVE,2.828,K_focal_aug,K_focal_aug_s0,0,02,oracle,1.5,1.0,0.81357,0.56541,82850
DRIVE,2.828,K_focal_aug,K_focal_aug_s0,0,02,oracle,2.0,0.0,0.78321,0.7538,51909
DRIVE,2.828,K_focal_aug,K_focal_aug_s0,0,02,oracle,2.0,0.25,0.7876,0.73348,55011
DRIVE,2.828,K_focal_aug,K_focal_aug_s0,0,02,oracle,2.0,0.5,0.81688,0.65413,66997
DRIVE,2.828,K_focal_aug,K_focal_aug_s0,0,02,oracle,2.0,1.0,0.85201,0.55079,86270
DRIVE,2.828,K_focal_aug,K_focal_aug_s0,0,03,raw,0.0,0.0,0.10054,0.78638,32231
DRIVE,2.828,K_focal_aug,K_focal_aug_s0,0,03,isotropic,0.25,0.25,0.10054,0.78638,32231
DRIVE,2.828,K_focal_aug,K_focal_aug_s0,0,03,isotropic,0.5,0.5,0.54875,0.70745,51118
DRIVE,2.828,K_focal_aug,K_focal_aug_s0,0,03,isotropic,0.75,0.75,0.5909,0.65346,59122
DRIVE,2.828,K_focal_aug,K_focal_aug_s0,0,03,isotropic,1.0,1.0,0.63909,0.59598,69040
DRIVE,2.828,K_focal_aug,K_focal_aug_s0,0,03,isotropic,1.5,1.5,0.67532,0.49923,90650
DRIVE,2.828,K_focal_aug,K_focal_aug_s0,0,03,oracle,0.0,0.25,0.10054,0.78638,32231
DRIVE,2.828,K_focal_aug,K_focal_aug_s0,0,03,oracle,0.0,0.5,0.19839,0.7578,39195
DRIVE,2.828,K_focal_aug,K_focal_aug_s0,0,03,oracle,0.0,1.0,0.51625,0.66655,55932
DRIVE,2.828,K_focal_aug,K_focal_aug_s0,0,03,oracle,0.5,0.0,0.17229,0.78646,33956
DRIVE,2.828,K_focal_aug,K_focal_aug_s0,0,03,oracle,0.5,0.25,0.19856,0.78548,35748
DRIVE,2.828,K_focal_aug,K_focal_aug_s0,0,03,oracle,0.5,0.5,0.54778,0.71314,50277
DRIVE,2.828,K_focal_aug,K_focal_aug_s0,0,03,oracle,0.5,1.0,0.58786,0.62443,63474
DRIVE,2.828,K_focal_aug,K_focal_aug_s0,0,03,oracle,1.0,0.0,0.24218,0.78149,38512
DRIVE,2.828,K_focal_aug,K_focal_aug_s0,0,03,oracle,1.0,0.25,0.25194,0.77347,40589
DRIVE,2.828,K_focal_aug,K_focal_aug_s0,0,03,oracle,1.0,0.5,0.59673,0.70503,52005
DRIVE,2.828,K_focal_aug,K_focal_aug_s0,0,03,oracle,1.0,1.0,0.63874,0.6002,68290
DRIVE,2.828,K_focal_aug,K_focal_aug_s0,0,03,oracle,1.5,0.0,0.28873,0.77213,41198
DRIVE,2.828,K_focal_aug,K_focal_aug_s0,0,03,oracle,1.5,0.25,0.31099,0.75653,44518
DRIVE,2.828,K_focal_aug,K_focal_aug_s0,0,03,oracle,1.5,0.5,0.63841,0.69442,54147
DRIVE,2.828,K_focal_aug,K_focal_aug_s0,0,03,oracle,1.5,1.0,0.65603,0.58892,70988
DRIVE,2.828,K_focal_aug,K_focal_aug_s0,0,03,oracle,2.0,0.0,0.33515,0.75259,44953
DRIVE,2.828,K_focal_aug,K_focal_aug_s0,0,03,oracle,2.0,0.25,0.6315,0.73823,47513
DRIVE,2.828,K_focal_aug,K_focal_aug_s0,0,03,oracle,2.0,0.5,0.65323,0.67548,57312
DRIVE,2.828,K_focal_aug,K_focal_aug_s0,0,03,oracle,2.0,1.0,0.66875,0.57634,73923
DRIVE,2.828,K_focal_aug,K_focal_aug_s0,0,04,raw,0.0,0.0,0.48772,0.81025,31215
DRIVE,2.828,K_focal_aug,K_focal_aug_s0,0,04,isotropic,0.25,0.25,0.48772,0.81025,31215
DRIVE,2.828,K_focal_aug,K_focal_aug_s0,0,04,isotropic,0.5,0.5,0.59666,0.70142,49404
DRIVE,2.828,K_focal_aug,K_focal_aug_s0,0,04,isotropic,0.75,0.75,0.62315,0.64385,56993
DRIVE,2.828,K_focal_aug,K_focal_aug_s0,0,04,isotropic,1.0,1.0,0.64474,0.58086,66916
DRIVE,2.828,K_focal_aug,K_focal_aug_s0,0,04,isotropic,1.5,1.5,0.67312,0.48168,88006
DRIVE,2.828,K_focal_aug,K_focal_aug_s0,0,04,oracle,0.0,0.25,0.48772,0.81025,31215
DRIVE,2.828,K_focal_aug,K_focal_aug_s0,0,04,oracle,0.0,0.5,0.55783,0.77093,37792
DRIVE,2.828,K_focal_aug,K_focal_aug_s0,0,04,oracle,0.0,1.0,0.58855,0.65776,54415
DRIVE,2.828,K_focal_aug,K_focal_aug_s0,0,04,oracle,0.5,0.0,0.53387,0.80798,32823
DRIVE,2.828,K_focal_aug,K_focal_aug_s0,0,04,oracle,0.5,0.25,0.54129,0.80109,34610
DRIVE,2.828,K_focal_aug,K_focal_aug_s0,0,04,oracle,0.5,0.5,0.59304,0.70699,48685
DRIVE,2.828,K_focal_aug,K_focal_aug_s0,0,04,oracle,0.5,1.0,0.62262,0.61216,61517
DRIVE,2.828,K_focal_aug,K_focal_aug_s0,0,04,oracle,1.0,0.0,0.57727,0.79286,36886
DRIVE,2.828,K_focal_aug,K_focal_aug_s0,0,04,oracle,1.0,0.25,0.58273,0.78337,38870
DRIVE,2.828,K_focal_aug,K_focal_aug_s0,0,04,oracle,1.0,0.5,0.62138,0.69831,50020
DRIVE,2.828,K_focal_aug,K_focal_aug_s0,0,04,oracle,1.0,1.0,0.64384,0.58465,66250
DRIVE,2.828,K_focal_aug,K_focal_aug_s0,0,04,oracle,1.5,0.0,0.59304,0.78219,39092
DRIVE,2.828,K_focal_aug,K_focal_aug_s0,0,04,oracle,1.5,0.25,0.61909,0.76306,42052
DRIVE,2.828,K_focal_aug,K_focal_aug_s0,0,04,oracle,1.5,0.5,0.63792,0.68763,51693
DRIVE,2.828,K_focal_aug,K_focal_aug_s0,0,04,oracle,1.5,1.0,0.65577,0.57443,68387
DRIVE,2.828,K_focal_aug,K_focal_aug_s0,0,04,oracle,2.0,0.0,0.61217,0.76203,42045
DRIVE,2.828,K_focal_aug,K_focal_aug_s0,0,04,oracle,2.0,0.25,0.63541,0.74572,44417
DRIVE,2.828,K_focal_aug,K_focal_aug_s0,0,04,oracle,2.0,0.5,0.6516,0.67077,54077
DRIVE,2.828,K_focal_aug,K_focal_aug_s0,0,04,oracle,2.0,1.0,0.66671,0.56334,70672
DRIVE,2.828,K_focal_aug,K_focal_aug_s0,0,05,raw,0.0,0.0,0.34318,0.8,30170
DRIVE,2.828,K_focal_aug,K_focal_aug_s0,0,05,isotropic,0.25,0.25,0.34318,0.8,30170
DRIVE,2.828,K_focal_aug,K_focal_aug_s0,0,05,isotropic,0.5,0.5,0.55939,0.7,49373
DRIVE,2.828,K_focal_aug,K_focal_aug_s0,0,05,isotropic,0.75,0.75,0.57874,0.64125,57315
DRIVE,2.828,K_focal_aug,K_focal_aug_s0,0,05,isotropic,1.0,1.0,0.5965,0.57679,67826
DRIVE,2.828,K_focal_aug,K_focal_aug_s0,0,05,isotropic,1.5,1.5,0.6398,0.47619,90173
DRIVE,2.828,K_focal_aug,K_focal_aug_s0,0,05,oracle,0.0,0.25,0.34318,0.8,30170
DRIVE,2.828,K_focal_aug,K_focal_aug_s0,0,05,oracle,0.0,0.5,0.43663,0.76912,37248
DRIVE,2.828,K_focal_aug,K_focal_aug_s0,0,05,oracle,0.0,1.0,0.55378,0.65704,54394
DRIVE,2.828,K_focal_aug,K_focal_aug_s0,0,05,oracle,0.5,0.0,0.3763,0.8005,31941
DRIVE,2.828,K_focal_aug,K_focal_aug_s0,0,05,oracle,0.5,0.25,0.42324,0.7956,33816
DRIVE,2.828,K_focal_aug,K_focal_aug_s0,0,05,oracle,0.5,0.5,0.55783,0.7076,48364
DRIVE,2.828,K_focal_aug,K_focal_aug_s0,0,05,oracle,0.5,1.0,0.58255,0.60924,62052
DRIVE,2.828,K_focal_aug,K_focal_aug_s0,0,05,oracle,1.0,0.0,0.50891,0.78997,36247
DRIVE,2.828,K_focal_aug,K_focal_aug_s0,0,05,oracle,1.0,0.25,0.54713,0.78164,38378
DRIVE,2.828,K_focal_aug,K_focal_aug_s0,0,05,oracle,1.0,0.5,0.56738,0.69677,50044
DRIVE,2.828,K_focal_aug,K_focal_aug_s0,0,05,oracle,1.0,1.0,0.59537,0.58233,66849
DRIVE,2.828,K_focal_aug,K_focal_aug_s0,0,05,oracle,1.5,0.0,0.55565,0.78128,38717
DRIVE,2.828,K_focal_aug,K_focal_aug_s0,0,05,oracle,1.5,0.25,0.56582,0.76066,41979
DRIVE,2.828,K_focal_aug,K_focal_aug_s0,0,05,oracle,1.5,0.5,0.58465,0.6849,51949
DRIVE,2.828,K_focal_aug,K_focal_aug_s0,0,05,oracle,1.5,1.0,0.61599,0.56978,69526
DRIVE,2.828,K_focal_aug,K_focal_aug_s0,0,05,oracle,2.0,0.0,0.57211,0.75855,42111
DRIVE,2.828,K_focal_aug,K_focal_aug_s0,0,05,oracle,2.0,0.25,0.58417,0.7403,44751
DRIVE,2.828,K_focal_aug,K_focal_aug_s0,0,05,oracle,2.0,0.5,0.60265,0.66551,54754
DRIVE,2.828,K_focal_aug,K_focal_aug_s0,0,05,oracle,2.0,1.0,0.62768,0.55722,72245
DRIVE,2.828,K_focal_aug,K_focal_aug_s0,0,06,raw,0.0,0.0,0.33916,0.79299,30513
DRIVE,2.828,K_focal_aug,K_focal_aug_s0,0,06,isotropic,0.25,0.25,0.33916,0.79299,30513
DRIVE,2.828,K_focal_aug,K_focal_aug_s0,0,06,isotropic,0.5,0.5,0.48734,0.69971,50109
DRIVE,2.828,K_focal_aug,K_focal_aug_s0,0,06,isotropic,0.75,0.75,0.50228,0.64476,57933
DRIVE,2.828,K_focal_aug,K_focal_aug_s0,0,06,isotropic,1.0,1.0,0.52194,0.58028,68856
DRIVE,2.828,K_focal_aug,K_focal_aug_s0,0,06,isotropic,1.5,1.5,0.56765,0.48441,90784
DRIVE,2.828,K_focal_aug,K_focal_aug_s0,0,06,oracle,0.0,0.25,0.33916,0.79299,30513
DRIVE,2.828,K_focal_aug,K_focal_aug_s0,0,06,oracle,0.0,0.5,0.39087,0.76481,37096
DRIVE,2.828,K_focal_aug,K_focal_aug_s0,0,06,oracle,0.0,1.0,0.46075,0.65752,54972
DRIVE,2.828,K_focal_aug,K_focal_aug_s0,0,06,oracle,0.5,0.0,0.37861,0.79248,32277
DRIVE,2.828,K_focal_aug,K_focal_aug_s0,0,06,oracle,0.5,0.25,0.38904,0.78845,34270
DRIVE,2.828,K_focal_aug,K_focal_aug_s0,0,06,oracle,0.5,0.5,0.48663,0.7059,49230
DRIVE,2.828,K_focal_aug,K_focal_aug_s0,0,06,oracle,0.5,1.0,0.5034,0.61197,62800
DRIVE,2.828,K_focal_aug,K_focal_aug_s0,0,06,oracle,1.0,0.0,0.43438,0.78317,36850
DRIVE,2.828,K_focal_aug,K_focal_aug_s0,0,06,oracle,1.0,0.25,0.46051,0.77516,39056
DRIVE,2.828,K_focal_aug,K_focal_aug_s0,0,06,oracle,1.0,0.5,0.50129,0.69694,50898
DRIVE,2.828,K_focal_aug,K_focal_aug_s0,0,06,oracle,1.0,1.0,0.5215,0.58471,68054
DRIVE,2.828,K_focal_aug,K_focal_aug_s0,0,06,oracle,1.5,0.0,0.47887,0.77374,39298
DRIVE,2.828,K_focal_aug,K_focal_aug_s0,0,06,oracle,1.5,0.25,0.49903,0.75561,42722
DRIVE,2.828,K_focal_aug,K_focal_aug_s0,0,06,oracle,1.5,0.5,0.52121,0.68616,52934
DRIVE,2.828,K_focal_aug,K_focal_aug_s0,0,06,oracle,1.5,1.0,0.5405,0.57355,70756
DRIVE,2.828,K_focal_aug,K_focal_aug_s0,0,06,oracle,2.0,0.0,0.5026,0.75428,42840
DRIVE,2.828,K_focal_aug,K_focal_aug_s0,0,06,oracle,2.0,0.25,0.51331,0.73852,45482
DRIVE,2.828,K_focal_aug,K_focal_aug_s0,0,06,oracle,2.0,0.5,0.53025,0.66881,55732
DRIVE,2.828,K_focal_aug,K_focal_aug_s0,0,06,oracle,2.0,1.0,0.55997,0.56231,73494
DRIVE,2.828,K_focal_aug,K_focal_aug_s0,0,07,raw,0.0,0.0,0.46516,0.81308,29242
DRIVE,2.828,K_focal_aug,K_focal_aug_s0,0,07,isotropic,0.25,0.25,0.46516,0.81308,29242
DRIVE,2.828,K_focal_aug,K_focal_aug_s0,0,07,isotropic,0.5,0.5,0.56631,0.7082,47546
DRIVE,2.828,K_focal_aug,K_focal_aug_s0,0,07,isotropic,0.75,0.75,0.5955,0.65284,54772
DRIVE,2.828,K_focal_aug,K_focal_aug_s0,0,07,isotropic,1.0,1.0,0.61214,0.58548,65083
DRIVE,2.828,K_focal_aug,K_focal_aug_s0,0,07,isotropic,1.5,1.5,0.64702,0.48615,85842
DRIVE,2.828,K_focal_aug,K_focal_aug_s0,0,07,oracle,0.0,0.25,0.46516,0.81308,29242
DRIVE,2.828,K_focal_aug,K_focal_aug_s0,0,07,oracle,0.0,0.5,0.49805,0.77656,35597
DRIVE,2.828,K_focal_aug,K_focal_aug_s0,0,07,oracle,0.0,1.0,0.53808,0.66552,52096
DRIVE,2.828,K_focal_aug,K_focal_aug_s0,0,07,oracle,0.5,0.0,0.48468,0.81268,30807
DRIVE,2.828,K_focal_aug,K_focal_aug_s0,0,07,oracle,0.5,0.25,0.48672,0.8075,32607
DRIVE,2.828,K_focal_aug,K_focal_aug_s0,0,07,oracle,0.5,0.5,0.56564,0.71566,46661
DRIVE,2.828,K_focal_aug,K_focal_aug_s0,0,07,oracle,0.5,1.0,0.57457,0.61858,59405
DRIVE,2.828,K_focal_aug,K_focal_aug_s0,0,07,oracle,1.0,0.0,0.55018,0.80213,34882
DRIVE,2.828,K_focal_aug,K_focal_aug_s0,0,07,oracle,1.0,0.25,0.56866,0.7921,37062
DRIVE,2.828,K_focal_aug,K_focal_aug_s0,0,07,oracle,1.0,0.5,0.58883,0.70552,48185
DRIVE,2.828,K_focal_aug,K_focal_aug_s0,0,07,oracle,1.0,1.0,0.61127,0.5904,64262
DRIVE,2.828,K_focal_aug,K_focal_aug_s0,0,07,oracle,1.5,0.0,0.59001,0.79251,37100
DRIVE,2.828,K_focal_aug,K_focal_aug_s0,0,07,oracle,1.5,0.25,0.59654,0.77185,40284
DRIVE,2.828,K_focal_aug,K_focal_aug_s0,0,07,oracle,1.5,0.5,0.61215,0.69575,49905
DRIVE,2.828,K_focal_aug,K_focal_aug_s0,0,07,oracle,1.5,1.0,0.63008,0.57929,66619
DRIVE,2.828,K_focal_aug,K_focal_aug_s0,0,07,oracle,2.0,0.0,0.60069,0.77171,40299
DRIVE,2.828,K_focal_aug,K_focal_aug_s0,0,07,oracle,2.0,0.25,0.60555,0.75436,42702
DRIVE,2.828,K_focal_aug,K_focal_aug_s0,0,07,oracle,2.0,0.5,0.62938,0.67817,52414
DRIVE,2.828,K_focal_aug,K_focal_aug_s0,0,07,oracle,2.0,1.0,0.65546,0.56817,69029
DRIVE,2.828,K_focal_aug,K_focal_aug_s0,0,08,raw,0.0,0.0,0.09522,0.78891,27554
DRIVE,2.828,K_focal_aug,K_focal_aug_s0,0,08,isotropic,0.25,0.25,0.09522,0.78891,27554
DRIVE,2.828,K_focal_aug,K_focal_aug_s0,0,08,isotropic,0.5,0.5,0.42829,0.69683,45141
DRIVE,2.828,K_focal_aug,K_focal_aug_s0,0,08,isotropic,0.75,0.75,0.45014,0.64062,52345
DRIVE,2.828,K_focal_aug,K_focal_aug_s0,0,08,isotropic,1.0,1.0,0.46476,0.57658,62117
DRIVE,2.828,K_focal_aug,K_focal_aug_s0,0,08,isotropic,1.5,1.5,0.56103,0.47661,82663
DRIVE,2.828,K_focal_aug,K_focal_aug_s0,0,08,oracle,0.0,0.25,0.09522,0.78891,27554
DRIVE,2.828,K_focal_aug,K_focal_aug_s0,0,08,oracle,0.0,0.5,0.15577,0.76001,33718
DRIVE,2.828,K_focal_aug,K_focal_aug_s0,0,08,oracle,0.0,1.0,0.42353,0.65336,49654
DRIVE,2.828,K_focal_aug,K_focal_aug_s0,0,08,oracle,0.5,0.0,0.1088,0.78936,29060
DRIVE,2.828,K_focal_aug,K_focal_aug_s0,0,08,oracle,0.5,0.25,0.11949,0.78446,30775
DRIVE,2.828,K_focal_aug,K_focal_aug_s0,0,08,oracle,0.5,0.5,0.42644,0.70366,44228
DRIVE,2.828,K_focal_aug,K_focal_aug_s0,0,08,oracle,0.5,1.0,0.45073,0.60764,56731
DRIVE,2.828,K_focal_aug,K_focal_aug_s0,0,08,oracle,1.0,0.0,0.14641,0.78177,33107
DRIVE,2.828,K_focal_aug,K_focal_aug_s0,0,08,oracle,1.0,0.25,0.21623,0.77327,35136
DRIVE,2.828,K_focal_aug,K_focal_aug_s0,0,08,oracle,1.0,0.5,0.43473,0.69467,45793
DRIVE,2.828,K_focal_aug,K_focal_aug_s0,0,08,oracle,1.0,1.0,0.46317,0.58155,61268
DRIVE,2.828,K_focal_aug,K_focal_aug_s0,0,08,oracle,1.5,0.0,0.21908,0.77467,35305
DRIVE,2.828,K_focal_aug,K_focal_aug_s0,0,08,oracle,1.5,0.25,0.44346,0.75514,38393
DRIVE,2.828,K_focal_aug,K_focal_aug_s0,0,08,oracle,1.5,0.5,0.46606,0.68479,47482
DRIVE,2.828,K_focal_aug,K_focal_aug_s0,0,08,oracle,1.5,1.0,0.52805,0.56995,63809
DRIVE,2.828,K_focal_aug,K_focal_aug_s0,0,08,oracle,2.0,0.0,0.44863,0.75353,38555
DRIVE,2.828,K_focal_aug,K_focal_aug_s0,0,08,oracle,2.0,0.25,0.46226,0.73787,40864
DRIVE,2.828,K_focal_aug,K_focal_aug_s0,0,08,oracle,2.0,0.5,0.52281,0.66665,50057
DRIVE,2.828,K_focal_aug,K_focal_aug_s0,0,08,oracle,2.0,1.0,0.55581,0.55831,66215
DRIVE,2.828,K_focal_aug,K_focal_aug_s0,0,09,raw,0.0,0.0,0.41873,0.79183,27763
DRIVE,2.828,K_focal_aug,K_focal_aug_s0,0,09,isotropic,0.25,0.25,0.41873,0.79183,27763
DRIVE,2.828,K_focal_aug,K_focal_aug_s0,0,09,isotropic,0.5,0.5,0.5862,0.67258,46407
DRIVE,2.828,K_focal_aug,K_focal_aug_s0,0,09,isotropic,0.75,0.75,0.59961,0.61391,53951
DRIVE,2.828,K_focal_aug,K_focal_aug_s0,0,09,isotropic,1.0,1.0,0.62488,0.54783,64254
DRIVE,2.828,K_focal_aug,K_focal_aug_s0,0,09,isotropic,1.5,1.5,0.67077,0.44863,85707
DRIVE,2.828,K_focal_aug,K_focal_aug_s0,0,09,oracle,0.0,0.25,0.41873,0.79183,27763
DRIVE,2.828,K_focal_aug,K_focal_aug_s0,0,09,oracle,0.0,0.5,0.47561,0.75271,34244
DRIVE,2.828,K_focal_aug,K_focal_aug_s0,0,09,oracle,0.0,1.0,0.56379,0.6292,51040
DRIVE,2.828,K_focal_aug,K_focal_aug_s0,0,09,oracle,0.5,0.0,0.44617,0.78983,29403
DRIVE,2.828,K_focal_aug,K_focal_aug_s0,0,09,oracle,0.5,0.25,0.48234,0.78203,31229
DRIVE,2.828,K_focal_aug,K_focal_aug_s0,0,09,oracle,0.5,0.5,0.58497,0.68093,45416
DRIVE,2.828,K_focal_aug,K_focal_aug_s0,0,09,oracle,0.5,1.0,0.60226,0.58019,58572
DRIVE,2.828,K_focal_aug,K_focal_aug_s0,0,09,oracle,1.0,0.0,0.53936,0.77289,33648
DRIVE,2.828,K_focal_aug,K_focal_aug_s0,0,09,oracle,1.0,0.25,0.55819,0.76019,35788
DRIVE,2.828,K_focal_aug,K_focal_aug_s0,0,09,oracle,1.0,0.5,0.6005,0.66919,47145
DRIVE,2.828,K_focal_aug,K_focal_aug_s0,0,09,oracle,1.0,1.0,0.62452,0.55328,63333
DRIVE,2.828,K_focal_aug,K_focal_aug_s0,0,09,oracle,1.5,0.0,0.57664,0.76075,36031
DRIVE,2.828,K_focal_aug,K_focal_aug_s0,0,09,oracle,1.5,0.25,0.60764,0.73586,39356
DRIVE,2.828,K_focal_aug,K_focal_aug_s0,0,09,oracle,1.5,0.5,0.62942,0.65802,48986
DRIVE,2.828,K_focal_aug,K_focal_aug_s0,0,09,oracle,1.5,1.0,0.64315,0.54054,66055
DRIVE,2.828,K_focal_aug,K_focal_aug_s0,0,09,oracle,2.0,0.0,0.6089,0.73336,39578
DRIVE,2.828,K_focal_aug,K_focal_aug_s0,0,09,oracle,2.0,0.25,0.63577,0.71456,42062
DRIVE,2.828,K_focal_aug,K_focal_aug_s0,0,09,oracle,2.0,0.5,0.6525,0.6376,51851
DRIVE,2.828,K_focal_aug,K_focal_aug_s0,0,09,oracle,2.0,1.0,0.66703,0.52844,68676
DRIVE,2.828,K_focal_aug,K_focal_aug_s0,0,10,raw,0.0,0.0,0.4429,0.78747,29928
DRIVE,2.828,K_focal_aug,K_focal_aug_s0,0,10,isotropic,0.25,0.25,0.4429,0.78747,29928
DRIVE,2.828,K_focal_aug,K_focal_aug_s0,0,10,isotropic,0.5,0.5,0.58903,0.66059,48940
DRIVE,2.828,K_focal_aug,K_focal_aug_s0,0,10,isotropic,0.75,0.75,0.60374,0.60205,56797
DRIVE,2.828,K_focal_aug,K_focal_aug_s0,0,10,isotropic,1.0,1.0,0.62174,0.53972,67101
DRIVE,2.828,K_focal_aug,K_focal_aug_s0,0,10,isotropic,1.5,1.5,0.68083,0.4436,88792
DRIVE,2.828,K_focal_aug,K_focal_aug_s0,0,10,oracle,0.0,0.25,0.4429,0.78747,29928
DRIVE,2.828,K_focal_aug,K_focal_aug_s0,0,10,oracle,0.0,0.5,0.50023,0.74245,36746
DRIVE,2.828,K_focal_aug,K_focal_aug_s0,0,10,oracle,0.0,1.0,0.56806,0.61757,53903
DRIVE,2.828,K_focal_aug,K_focal_aug_s0,0,10,oracle,0.5,0.0,0.47241,0.78275,31639
DRIVE,2.828,K_focal_aug,K_focal_aug_s0,0,10,oracle,0.5,0.25,0.48421,0.77311,33407
DRIVE,2.828,K_focal_aug,K_focal_aug_s0,0,10,oracle,0.5,0.5,0.58802,0.66699,48093
DRIVE,2.828,K_focal_aug,K_focal_aug_s0,0,10,oracle,0.5,1.0,0.60306,0.57105,61347
DRIVE,2.828,K_focal_aug,K_focal_aug_s0,0,10,oracle,1.0,0.0,0.56035,0.7601,35949
DRIVE,2.828,K_focal_aug,K_focal_aug_s0,0,10,oracle,1.0,0.25,0.57089,0.74731,38166
DRIVE,2.828,K_focal_aug,K_focal_aug_s0,0,10,oracle,1.0,0.5,0.60476,0.65716,49726
DRIVE,2.828,K_focal_aug,K_focal_aug_s0,0,10,oracle,1.0,1.0,0.6207,0.54404,66308
DRIVE,2.828,K_focal_aug,K_focal_aug_s0,0,10,oracle,1.5,0.0,0.5837,0.74571,38457
DRIVE,2.828,K_focal_aug,K_focal_aug_s0,0,10,oracle,1.5,0.25,0.60342,0.72222,41759
DRIVE,2.828,K_focal_aug,K_focal_aug_s0,0,10,oracle,1.5,0.5,0.6382,0.64559,51711
DRIVE,2.828,K_focal_aug,K_focal_aug_s0,0,10,oracle,1.5,1.0,0.65298,0.53287,68938
DRIVE,2.828,K_focal_aug,K_focal_aug_s0,0,10,oracle,2.0,0.0,0.60376,0.72134,41793
DRIVE,2.828,K_focal_aug,K_focal_aug_s0,0,10,oracle,2.0,0.25,0.62776,0.70257,44353
DRIVE,2.828,K_focal_aug,K_focal_aug_s0,0,10,oracle,2.0,0.5,0.64946,0.62648,54510
DRIVE,2.828,K_focal_aug,K_focal_aug_s0,0,10,oracle,2.0,1.0,0.67975,0.52115,71556
DRIVE,2.828,K_focal_aug,K_focal_aug_s0,0,11,raw,0.0,0.0,0.47888,0.78334,34073
DRIVE,2.828,K_focal_aug,K_focal_aug_s0,0,11,isotropic,0.25,0.25,0.47888,0.78334,34073
DRIVE,2.828,K_focal_aug,K_focal_aug_s0,0,11,isotropic,0.5,0.5,0.62962,0.6379,55600
DRIVE,2.828,K_focal_aug,K_focal_aug_s0,0,11,isotropic,0.75,0.75,0.64565,0.58116,64407
DRIVE,2.828,K_focal_aug,K_focal_aug_s0,0,11,isotropic,1.0,1.0,0.66657,0.52138,75778
DRIVE,2.828,K_focal_aug,K_focal_aug_s0,0,11,isotropic,1.5,1.5,0.71117,0.42875,100090
DRIVE,2.828,K_focal_aug,K_focal_aug_s0,0,11,oracle,0.0,0.25,0.47888,0.78334,34073
DRIVE,2.828,K_focal_aug,K_focal_aug_s0,0,11,oracle,0.0,0.5,0.54467,0.72485,41963
DRIVE,2.828,K_focal_aug,K_focal_aug_s0,0,11,oracle,0.0,1.0,0.58357,0.59836,60804
DRIVE,2.828,K_focal_aug,K_focal_aug_s0,0,11,oracle,0.5,0.0,0.51965,0.77399,36038
DRIVE,2.828,K_focal_aug,K_focal_aug_s0,0,11,oracle,0.5,0.25,0.52837,0.7625,37915
DRIVE,2.828,K_focal_aug,K_focal_aug_s0,0,11,oracle,0.5,0.5,0.62765,0.64491,54578
DRIVE,2.828,K_focal_aug,K_focal_aug_s0,0,11,oracle,0.5,1.0,0.64197,0.55181,69376
DRIVE,2.828,K_focal_aug,K_focal_aug_s0,0,11,oracle,1.0,0.0,0.54978,0.74638,40859
DRIVE,2.828,K_focal_aug,K_focal_aug_s0,0,11,oracle,1.0,0.25,0.59227,0.7295,43593
DRIVE,2.828,K_focal_aug,K_focal_aug_s0,0,11,oracle,1.0,0.5,0.64228,0.63348,56547
DRIVE,2.828,K_focal_aug,K_focal_aug_s0,0,11,oracle,1.0,1.0,0.66547,0.52589,74841
DRIVE,2.828,K_focal_aug,K_focal_aug_s0,0,11,oracle,1.5,0.0,0.582,0.72708,43947
DRIVE,2.828,K_focal_aug,K_focal_aug_s0,0,11,oracle,1.5,0.25,0.6251,0.70075,47730
DRIVE,2.828,K_focal_aug,K_focal_aug_s0,0,11,oracle,1.5,0.5,0.66986,0.6204,58943
DRIVE,2.828,K_focal_aug,K_focal_aug_s0,0,11,oracle,1.5,1.0,0.68845,0.51431,77832
DRIVE,2.828,K_focal_aug,K_focal_aug_s0,0,11,oracle,2.0,0.0,0.62829,0.69895,47997
DRIVE,2.828,K_focal_aug,K_focal_aug_s0,0,11,oracle,2.0,0.25,0.66082,0.67733,50998
DRIVE,2.828,K_focal_aug,K_focal_aug_s0,0,11,oracle,2.0,0.5,0.6883,0.6007,62334
DRIVE,2.828,K_focal_aug,K_focal_aug_s0,0,11,oracle,2.0,1.0,0.70973,0.50196,81083
DRIVE,2.828,K_focal_aug,K_focal_aug_s0,0,12,raw,0.0,0.0,0.28429,0.80492,32326
DRIVE,2.828,K_focal_aug,K_focal_aug_s0,0,12,isotropic,0.25,0.25,0.28429,0.80492,32326
DRIVE,2.828,K_focal_aug,K_focal_aug_s0,0,12,isotropic,0.5,0.5,0.75839,0.67106,52466
DRIVE,2.828,K_focal_aug,K_focal_aug_s0,0,12,isotropic,0.75,0.75,0.76722,0.61168,60749
DRIVE,2.828,K_focal_aug,K_focal_aug_s0,0,12,isotropic,1.0,1.0,0.77772,0.54824,71598
DRIVE,2.828,K_focal_aug,K_focal_aug_s0,0,12,isotropic,1.5,1.5,0.814,0.45062,94240
DRIVE,2.828,K_focal_aug,K_focal_aug_s0,0,12,oracle,0.0,0.25,0.28429,0.80492,32326
DRIVE,2.828,K_focal_aug,K_focal_aug_s0,0,12,oracle,0.0,0.5,0.30142,0.75386,39350
DRIVE,2.828,K_focal_aug,K_focal_aug_s0,0,12,oracle,0.0,1.0,0.67887,0.62789,57681
DRIVE,2.828,K_focal_aug,K_focal_aug_s0,0,12,oracle,0.5,0.0,0.29565,0.7984,34015
DRIVE,2.828,K_focal_aug,K_focal_aug_s0,0,12,oracle,0.5,0.25,0.31551,0.78852,36008
DRIVE,2.828,K_focal_aug,K_focal_aug_s0,0,12,oracle,0.5,0.5,0.75201,0.6779,51545
DRIVE,2.828,K_focal_aug,K_focal_aug_s0,0,12,oracle,0.5,1.0,0.7628,0.5796,65672
DRIVE,2.828,K_focal_aug,K_focal_aug_s0,0,12,oracle,1.0,0.0,0.66949,0.77819,38671
DRIVE,2.828,K_focal_aug,K_focal_aug_s0,0,12,oracle,1.0,0.25,0.70358,0.76259,41062
DRIVE,2.828,K_focal_aug,K_focal_aug_s0,0,12,oracle,1.0,0.5,0.76783,0.66748,53235
DRIVE,2.828,K_focal_aug,K_focal_aug_s0,0,12,oracle,1.0,1.0,0.77691,0.55268,70771
DRIVE,2.828,K_focal_aug,K_focal_aug_s0,0,12,oracle,1.5,0.0,0.73881,0.76348,41222
DRIVE,2.828,K_focal_aug,K_focal_aug_s0,0,12,oracle,1.5,0.25,0.77006,0.73701,44725
DRIVE,2.828,K_focal_aug,K_focal_aug_s0,0,12,oracle,1.5,0.5,0.782,0.65612,55099
DRIVE,2.828,K_focal_aug,K_focal_aug_s0,0,12,oracle,1.5,1.0,0.79607,0.54112,73392
DRIVE,2.828,K_focal_aug,K_focal_aug_s0,0,12,oracle,2.0,0.0,0.77592,0.73703,44766
DRIVE,2.828,K_focal_aug,K_focal_aug_s0,0,12,oracle,2.0,0.25,0.78667,0.7173,47409
DRIVE,2.828,K_focal_aug,K_focal_aug_s0,0,12,oracle,2.0,0.5,0.80181,0.63759,57913
DRIVE,2.828,K_focal_aug,K_focal_aug_s0,0,12,oracle,2.0,1.0,0.81628,0.52933,76073
DRIVE,2.828,K_focal_aug,K_focal_aug_s0,0,13,raw,0.0,0.0,0.19323,0.7949,34635
DRIVE,2.828,K_focal_aug,K_focal_aug_s0,0,13,isotropic,0.25,0.25,0.19323,0.7949,34635
DRIVE,2.828,K_focal_aug,K_focal_aug_s0,0,13,isotropic,0.5,0.5,0.64201,0.67275,56588
DRIVE,2.828,K_focal_aug,K_focal_aug_s0,0,13,isotropic,0.75,0.75,0.66485,0.61422,65728
DRIVE,2.828,K_focal_aug,K_focal_aug_s0,0,13,isotropic,1.0,1.0,0.67837,0.55093,77649
DRIVE,2.828,K_focal_aug,K_focal_aug_s0,0,13,isotropic,1.5,1.5,0.7191,0.45294,103225
DRIVE,2.828,K_focal_aug,K_focal_aug_s0,0,13,oracle,0.0,0.25,0.19323,0.7949,34635
DRIVE,2.828,K_focal_aug,K_focal_aug_s0,0,13,oracle,0.0,0.5,0.22154,0.74635,42591
DRIVE,2.828,K_focal_aug,K_focal_aug_s0,0,13,oracle,0.0,1.0,0.61326,0.62955,62260
DRIVE,2.828,K_focal_aug,K_focal_aug_s0,0,13,oracle,0.5,0.0,0.24004,0.7909,36630
DRIVE,2.828,K_focal_aug,K_focal_aug_s0,0,13,oracle,0.5,0.25,0.24743,0.78341,38733
DRIVE,2.828,K_focal_aug,K_focal_aug_s0,0,13,oracle,0.5,0.5,0.64091,0.68005,55520
DRIVE,2.828,K_focal_aug,K_focal_aug_s0,0,13,oracle,0.5,1.0,0.65656,0.58266,70982
DRIVE,2.828,K_focal_aug,K_focal_aug_s0,0,13,oracle,1.0,0.0,0.27028,0.77319,41531
DRIVE,2.828,K_focal_aug,K_focal_aug_s0,0,13,oracle,1.0,0.25,0.32272,0.76043,44085
DRIVE,2.828,K_focal_aug,K_focal_aug_s0,0,13,oracle,1.0,0.5,0.65498,0.66906,57521
DRIVE,2.828,K_focal_aug,K_focal_aug_s0,0,13,oracle,1.0,1.0,0.67724,0.5559,76620
DRIVE,2.828,K_focal_aug,K_focal_aug_s0,0,13,oracle,1.5,0.0,0.27687,0.75829,44469
DRIVE,2.828,K_focal_aug,K_focal_aug_s0,0,13,oracle,1.5,0.25,0.33824,0.73636,48101
DRIVE,2.828,K_focal_aug,K_focal_aug_s0,0,13,oracle,1.5,0.5,0.67887,0.65703,59774
DRIVE,2.828,K_focal_aug,K_focal_aug_s0,0,13,oracle,1.5,1.0,0.69204,0.54393,79715
DRIVE,2.828,K_focal_aug,K_focal_aug_s0,0,13,oracle,2.0,0.0,0.6625,0.73495,48198
DRIVE,2.828,K_focal_aug,K_focal_aug_s0,0,13,oracle,2.0,0.25,0.66827,0.71626,51147
DRIVE,2.828,K_focal_aug,K_focal_aug_s0,0,13,oracle,2.0,0.5,0.6927,0.63842,62979
DRIVE,2.828,K_focal_aug,K_focal_aug_s0,0,13,oracle,2.0,1.0,0.70865,0.53116,82986
DRIVE,2.828,K_focal_aug,K_focal_aug_s0,0,14,raw,0.0,0.0,0.65324,0.79802,32038
DRIVE,2.828,K_focal_aug,K_focal_aug_s0,0,14,isotropic,0.25,0.25,0.65324,0.79802,32038
DRIVE,2.828,K_focal_aug,K_focal_aug_s0,0,14,isotropic,0.5,0.5,0.80746,0.65273,52127
DRIVE,2.828,K_focal_aug,K_focal_aug_s0,0,14,isotropic,0.75,0.75,0.81652,0.59285,60373
DRIVE,2.828,K_focal_aug,K_focal_aug_s0,0,14,isotropic,1.0,1.0,0.8402,0.528,71413
DRIVE,2.828,K_focal_aug,K_focal_aug_s0,0,14,isotropic,1.5,1.5,0.87164,0.42996,94591
DRIVE,2.828,K_focal_aug,K_focal_aug_s0,0,14,oracle,0.0,0.25,0.65324,0.79802,32038
DRIVE,2.828,K_focal_aug,K_focal_aug_s0,0,14,oracle,0.0,0.5,0.68093,0.73821,39071
DRIVE,2.828,K_focal_aug,K_focal_aug_s0,0,14,oracle,0.0,1.0,0.74216,0.61005,57283
DRIVE,2.828,K_focal_aug,K_focal_aug_s0,0,14,oracle,0.5,0.0,0.67114,0.78825,33852
DRIVE,2.828,K_focal_aug,K_focal_aug_s0,0,14,oracle,0.5,0.25,0.68986,0.77839,35801
DRIVE,2.828,K_focal_aug,K_focal_aug_s0,0,14,oracle,0.5,0.5,0.79932,0.66011,51153
DRIVE,2.828,K_focal_aug,K_focal_aug_s0,0,14,oracle,0.5,1.0,0.81457,0.56092,65308
DRIVE,2.828,K_focal_aug,K_focal_aug_s0,0,14,oracle,1.0,0.0,0.77368,0.7616,38528
DRIVE,2.828,K_focal_aug,K_focal_aug_s0,0,14,oracle,1.0,0.25,0.78826,0.74635,40742
DRIVE,2.828,K_focal_aug,K_focal_aug_s0,0,14,oracle,1.0,0.5,0.82949,0.64785,52953
DRIVE,2.828,K_focal_aug,K_focal_aug_s0,0,14,oracle,1.0,1.0,0.8402,0.53302,70487
DRIVE,2.828,K_focal_aug,K_focal_aug_s0,0,14,oracle,1.5,0.0,0.81541,0.74216,41195
DRIVE,2.828,K_focal_aug,K_focal_aug_s0,0,14,oracle,1.5,0.25,0.82712,0.71456,44693
DRIVE,2.828,K_focal_aug,K_focal_aug_s0,0,14,oracle,1.5,0.5,0.84481,0.6332,55070
DRIVE,2.828,K_focal_aug,K_focal_aug_s0,0,14,oracle,1.5,1.0,0.85452,0.51938,73323
DRIVE,2.828,K_focal_aug,K_focal_aug_s0,0,14,oracle,2.0,0.0,0.82842,0.71077,45085
DRIVE,2.828,K_focal_aug,K_focal_aug_s0,0,14,oracle,2.0,0.25,0.84459,0.68938,47813
DRIVE,2.828,K_focal_aug,K_focal_aug_s0,0,14,oracle,2.0,0.5,0.85187,0.61101,58251
DRIVE,2.828,K_focal_aug,K_focal_aug_s0,0,14,oracle,2.0,1.0,0.86362,0.50583,76239
DRIVE,2.828,K_focal_aug,K_focal_aug_s0,0,15,raw,0.0,0.0,0.61298,0.79308,28893
DRIVE,2.828,K_focal_aug,K_focal_aug_s0,0,15,isotropic,0.25,0.25,0.61298,0.79308,28893
DRIVE,2.828,K_focal_aug,K_focal_aug_s0,0,15,isotropic,0.5,0.5,0.77527,0.63624,47953
DRIVE,2.828,K_focal_aug,K_focal_aug_s0,0,15,isotropic,0.75,0.75,0.78704,0.57536,55776
DRIVE,2.828,K_focal_aug,K_focal_aug_s0,0,15,isotropic,1.0,1.0,0.80102,0.50928,66375
DRIVE,2.828,K_focal_aug,K_focal_aug_s0,0,15,isotropic,1.5,1.5,0.84269,0.41169,88339
DRIVE,2.828,K_focal_aug,K_focal_aug_s0,0,15,oracle,0.0,0.25,0.61298,0.79308,28893
DRIVE,2.828,K_focal_aug,K_focal_aug_s0,0,15,oracle,0.0,0.5,0.68154,0.72957,35725
DRIVE,2.828,K_focal_aug,K_focal_aug_s0,0,15,oracle,0.0,1.0,0.74249,0.59445,52695
DRIVE,2.828,K_focal_aug,K_focal_aug_s0,0,15,oracle,0.5,0.0,0.65115,0.78475,30518
DRIVE,2.828,K_focal_aug,K_focal_aug_s0,0,15,oracle,0.5,0.25,0.65686,0.77278,32159
DRIVE,2.828,K_focal_aug,K_focal_aug_s0,0,15,oracle,0.5,0.5,0.77503,0.64373,47068
DRIVE,2.828,K_focal_aug,K_focal_aug_s0,0,15,oracle,0.5,1.0,0.78796,0.5421,60640
DRIVE,2.828,K_focal_aug,K_focal_aug_s0,0,15,oracle,1.0,0.0,0.71054,0.75787,34565
DRIVE,2.828,K_focal_aug,K_focal_aug_s0,0,15,oracle,1.0,0.25,0.72029,0.73909,37001
DRIVE,2.828,K_focal_aug,K_focal_aug_s0,0,15,oracle,1.0,0.5,0.78774,0.63199,48612
DRIVE,2.828,K_focal_aug,K_focal_aug_s0,0,15,oracle,1.0,1.0,0.80032,0.51375,65582
DRIVE,2.828,K_focal_aug,K_focal_aug_s0,0,15,oracle,1.5,0.0,0.77964,0.73945,36942
DRIVE,2.828,K_focal_aug,K_focal_aug_s0,0,15,oracle,1.5,0.25,0.79843,0.70834,40417
DRIVE,2.828,K_focal_aug,K_focal_aug_s0,0,15,oracle,1.5,0.5,0.80874,0.61881,50415
DRIVE,2.828,K_focal_aug,K_focal_aug_s0,0,15,oracle,1.5,1.0,0.83382,0.50204,67933
DRIVE,2.828,K_focal_aug,K_focal_aug_s0,0,15,oracle,2.0,0.0,0.79332,0.7094,40246
DRIVE,2.828,K_focal_aug,K_focal_aug_s0,0,15,oracle,2.0,0.25,0.80663,0.68693,42754
DRIVE,2.828,K_focal_aug,K_focal_aug_s0,0,15,oracle,2.0,0.5,0.82788,0.60101,52801
DRIVE,2.828,K_focal_aug,K_focal_aug_s0,0,15,oracle,2.0,1.0,0.84005,0.49015,70353
DRIVE,2.828,K_focal_aug,K_focal_aug_s0,0,16,raw,0.0,0.0,0.65695,0.83234,34130
DRIVE,2.828,K_focal_aug,K_focal_aug_s0,0,16,isotropic,0.25,0.25,0.65695,0.83234,34130
DRIVE,2.828,K_focal_aug,K_focal_aug_s0,0,16,isotropic,0.5,0.5,0.82465,0.66498,55829
DRIVE,2.828,K_focal_aug,K_focal_aug_s0,0,16,isotropic,0.75,0.75,0.83188,0.60402,64809
DRIVE,2.828,K_focal_aug,K_focal_aug_s0,0,16,isotropic,1.0,1.0,0.84978,0.54024,76450
DRIVE,2.828,K_focal_aug,K_focal_aug_s0,0,16,isotropic,1.5,1.5,0.87783,0.44166,101219
DRIVE,2.828,K_focal_aug,K_focal_aug_s0,0,16,oracle,0.0,0.25,0.65695,0.83234,34130
DRIVE,2.828,K_focal_aug,K_focal_aug_s0,0,16,oracle,0.0,0.5,0.74438,0.7661,41850
DRIVE,2.828,K_focal_aug,K_focal_aug_s0,0,16,oracle,0.0,1.0,0.79527,0.6208,61479
DRIVE,2.828,K_focal_aug,K_focal_aug_s0,0,16,oracle,0.5,0.0,0.72444,0.82075,36029
DRIVE,2.828,K_focal_aug,K_focal_aug_s0,0,16,oracle,0.5,0.25,0.74093,0.80571,38154
DRIVE,2.828,K_focal_aug,K_focal_aug_s0,0,16,oracle,0.5,0.5,0.82362,0.67171,54948
DRIVE,2.828,K_focal_aug,K_focal_aug_s0,0,16,oracle,0.5,1.0,0.83023,0.57247,69927
DRIVE,2.828,K_focal_aug,K_focal_aug_s0,0,16,oracle,1.0,0.0,0.7983,0.78768,40956
DRIVE,2.828,K_focal_aug,K_focal_aug_s0,0,16,oracle,1.0,0.25,0.81092,0.76753,43499
DRIVE,2.828,K_focal_aug,K_focal_aug_s0,0,16,oracle,1.0,0.5,0.83706,0.66076,56715
DRIVE,2.828,K_focal_aug,K_focal_aug_s0,0,16,oracle,1.0,1.0,0.84915,0.54432,75636
DRIVE,2.828,K_focal_aug,K_focal_aug_s0,0,16,oracle,1.5,0.0,0.83085,0.76668,43799
DRIVE,2.828,K_focal_aug,K_focal_aug_s0,0,16,oracle,1.5,0.25,0.84123,0.7372,47398
DRIVE,2.828,K_focal_aug,K_focal_aug_s0,0,16,oracle,1.5,0.5,0.85565,0.64737,58987
DRIVE,2.828,K_focal_aug,K_focal_aug_s0,0,16,oracle,1.5,1.0,0.86322,0.53235,78532
DRIVE,2.828,K_focal_aug,K_focal_aug_s0,0,16,oracle,2.0,0.0,0.85083,0.73812,47427
DRIVE,2.828,K_focal_aug,K_focal_aug_s0,0,16,oracle,2.0,0.25,0.85439,0.71377,50417
DRIVE,2.828,K_focal_aug,K_focal_aug_s0,0,16,oracle,2.0,0.5,0.86323,0.62716,62182
DRIVE,2.828,K_focal_aug,K_focal_aug_s0,0,16,oracle,2.0,1.0,0.87911,0.51947,81668
DRIVE,2.828,K_focal_aug,K_focal_aug_s0,0,17,raw,0.0,0.0,0.24199,0.81725,30196
DRIVE,2.828,K_focal_aug,K_focal_aug_s0,0,17,isotropic,0.25,0.25,0.24199,0.81725,30196
DRIVE,2.828,K_focal_aug,K_focal_aug_s0,0,17,isotropic,0.5,0.5,0.35309,0.6773,48731
DRIVE,2.828,K_focal_aug,K_focal_aug_s0,0,17,isotropic,0.75,0.75,0.36978,0.62072,56228
DRIVE,2.828,K_focal_aug,K_focal_aug_s0,0,17,isotropic,1.0,1.0,0.69005,0.55662,66554
DRIVE,2.828,K_focal_aug,K_focal_aug_s0,0,17,isotropic,1.5,1.5,0.79025,0.45823,88082
DRIVE,2.828,K_focal_aug,K_focal_aug_s0,0,17,oracle,0.0,0.25,0.24199,0.81725,30196
DRIVE,2.828,K_focal_aug,K_focal_aug_s0,0,17,oracle,0.0,0.5,0.28032,0.76374,36675
DRIVE,2.828,K_focal_aug,K_focal_aug_s0,0,17,oracle,0.0,1.0,0.61744,0.63651,53140
DRIVE,2.828,K_focal_aug,K_focal_aug_s0,0,17,oracle,0.5,0.0,0.26545,0.81102,31772
DRIVE,2.828,K_focal_aug,K_focal_aug_s0,0,17,oracle,0.5,0.25,0.28303,0.80025,33509
DRIVE,2.828,K_focal_aug,K_focal_aug_s0,0,17,oracle,0.5,0.5,0.35222,0.68552,47720
DRIVE,2.828,K_focal_aug,K_focal_aug_s0,0,17,oracle,0.5,1.0,0.67388,0.58748,60862
DRIVE,2.828,K_focal_aug,K_focal_aug_s0,0,17,oracle,1.0,0.0,0.33867,0.78874,35817
DRIVE,2.828,K_focal_aug,K_focal_aug_s0,0,17,oracle,1.0,0.25,0.34249,0.77057,38182
DRIVE,2.828,K_focal_aug,K_focal_aug_s0,0,17,oracle,1.0,0.5,0.3589,0.67539,49404
DRIVE,2.828,K_focal_aug,K_focal_aug_s0,0,17,oracle,1.0,1.0,0.68881,0.56224,65585
DRIVE,2.828,K_focal_aug,K_focal_aug_s0,0,17,oracle,1.5,0.0,0.35812,0.77329,38258
DRIVE,2.828,K_focal_aug,K_focal_aug_s0,0,17,oracle,1.5,0.25,0.36587,0.74621,41571
DRIVE,2.828,K_focal_aug,K_focal_aug_s0,0,17,oracle,1.5,0.5,0.38061,0.66603,51150
DRIVE,2.828,K_focal_aug,K_focal_aug_s0,0,17,oracle,1.5,1.0,0.73284,0.55093,68226
DRIVE,2.828,K_focal_aug,K_focal_aug_s0,0,17,oracle,2.0,0.0,0.36824,0.7477,41580
DRIVE,2.828,K_focal_aug,K_focal_aug_s0,0,17,oracle,2.0,0.25,0.38138,0.72681,44150
DRIVE,2.828,K_focal_aug,K_focal_aug_s0,0,17,oracle,2.0,0.5,0.71041,0.64763,53865
DRIVE,2.828,K_focal_aug,K_focal_aug_s0,0,17,oracle,2.0,1.0,0.8003,0.5388,70935
DRIVE,2.828,K_focal_aug,K_focal_aug_s0,0,18,raw,0.0,0.0,0.67023,0.81,33140
DRIVE,2.828,K_focal_aug,K_focal_aug_s0,0,18,isotropic,0.25,0.25,0.67023,0.81,33140
DRIVE,2.828,K_focal_aug,K_focal_aug_s0,0,18,isotropic,0.5,0.5,0.83301,0.64285,52366
DRIVE,2.828,K_focal_aug,K_focal_aug_s0,0,18,isotropic,0.75,0.75,0.85794,0.58881,59877
DRIVE,2.828,K_focal_aug,K_focal_aug_s0,0,18,isotropic,1.0,1.0,0.88055,0.52504,70645
DRIVE,2.828,K_focal_aug,K_focal_aug_s0,0,18,isotropic,1.5,1.5,0.90424,0.43226,92345
DRIVE,2.828,K_focal_aug,K_focal_aug_s0,0,18,oracle,0.0,0.25,0.67023,0.81,33140
DRIVE,2.828,K_focal_aug,K_focal_aug_s0,0,18,oracle,0.0,0.5,0.73609,0.7454,39858
DRIVE,2.828,K_focal_aug,K_focal_aug_s0,0,18,oracle,0.0,1.0,0.80119,0.60463,56962
DRIVE,2.828,K_focal_aug,K_focal_aug_s0,0,18,oracle,0.5,0.0,0.71495,0.79783,34834
DRIVE,2.828,K_focal_aug,K_focal_aug_s0,0,18,oracle,0.5,0.25,0.74076,0.78212,36552
DRIVE,2.828,K_focal_aug,K_focal_aug_s0,0,18,oracle,0.5,0.5,0.82186,0.65033,51410
DRIVE,2.828,K_focal_aug,K_focal_aug_s0,0,18,oracle,0.5,1.0,0.84113,0.55673,64718
DRIVE,2.828,K_focal_aug,K_focal_aug_s0,0,18,oracle,1.0,0.0,0.78538,0.76281,38994
DRIVE,2.828,K_focal_aug,K_focal_aug_s0,0,18,oracle,1.0,0.25,0.82562,0.74041,41459
DRIVE,2.828,K_focal_aug,K_focal_aug_s0,0,18,oracle,1.0,0.5,0.85722,0.63942,53062
DRIVE,2.828,K_focal_aug,K_focal_aug_s0,0,18,oracle,1.0,1.0,0.87982,0.52962,69789
DRIVE,2.828,K_focal_aug,K_focal_aug_s0,0,18,oracle,1.5,0.0,0.83204,0.74287,41469
DRIVE,2.828,K_focal_aug,K_focal_aug_s0,0,18,oracle,1.5,0.25,0.85239,0.71231,44803
DRIVE,2.828,K_focal_aug,K_focal_aug_s0,0,18,oracle,1.5,0.5,0.87496,0.62779,54947
DRIVE,2.828,K_focal_aug,K_focal_aug_s0,0,18,oracle,1.5,1.0,0.89384,0.51854,72279
DRIVE,2.828,K_focal_aug,K_focal_aug_s0,0,18,oracle,2.0,0.0,0.85288,0.71486,44631
DRIVE,2.828,K_focal_aug,K_focal_aug_s0,0,18,oracle,2.0,0.25,0.87275,0.69241,47183
DRIVE,2.828,K_focal_aug,K_focal_aug_s0,0,18,oracle,2.0,0.5,0.89557,0.61043,57545
DRIVE,2.828,K_focal_aug,K_focal_aug_s0,0,18,oracle,2.0,1.0,0.90399,0.50715,74847
DRIVE,2.828,K_focal_aug,K_focal_aug_s0,0,19,raw,0.0,0.0,0.69367,0.82557,35340
DRIVE,2.828,K_focal_aug,K_focal_aug_s0,0,19,isotropic,0.25,0.25,0.69367,0.82557,35340
DRIVE,2.828,K_focal_aug,K_focal_aug_s0,0,19,isotropic,0.5,0.5,0.81856,0.6288,57432
DRIVE,2.828,K_focal_aug,K_focal_aug_s0,0,19,isotropic,0.75,0.75,0.84499,0.57165,66136
DRIVE,2.828,K_focal_aug,K_focal_aug_s0,0,19,isotropic,1.0,1.0,0.87068,0.50743,78384
DRIVE,2.828,K_focal_aug,K_focal_aug_s0,0,19,isotropic,1.5,1.5,0.90467,0.41425,102799
DRIVE,2.828,K_focal_aug,K_focal_aug_s0,0,19,oracle,0.0,0.25,0.69367,0.82557,35340
DRIVE,2.828,K_focal_aug,K_focal_aug_s0,0,19,oracle,0.0,0.5,0.74059,0.74635,42800
DRIVE,2.828,K_focal_aug,K_focal_aug_s0,0,19,oracle,0.0,1.0,0.78193,0.59099,62620
DRIVE,2.828,K_focal_aug,K_focal_aug_s0,0,19,oracle,0.5,0.0,0.74363,0.80624,37355
DRIVE,2.828,K_focal_aug,K_focal_aug_s0,0,19,oracle,0.5,0.25,0.76327,0.78538,39410
DRIVE,2.828,K_focal_aug,K_focal_aug_s0,0,19,oracle,0.5,0.5,0.81749,0.63682,56316
DRIVE,2.828,K_focal_aug,K_focal_aug_s0,0,19,oracle,0.5,1.0,0.83958,0.5402,71584
DRIVE,2.828,K_focal_aug,K_focal_aug_s0,0,19,oracle,1.0,0.0,0.78756,0.75848,42306
DRIVE,2.828,K_focal_aug,K_focal_aug_s0,0,19,oracle,1.0,0.25,0.81174,0.73465,44860
DRIVE,2.828,K_focal_aug,K_focal_aug_s0,0,19,oracle,1.0,0.5,0.84326,0.62368,58336
DRIVE,2.828,K_focal_aug,K_focal_aug_s0,0,19,oracle,1.0,1.0,0.8698,0.51233,77335
DRIVE,2.828,K_focal_aug,K_focal_aug_s0,0,19,oracle,1.5,0.0,0.82646,0.73315,45114
DRIVE,2.828,K_focal_aug,K_focal_aug_s0,0,19,oracle,1.5,0.25,0.84802,0.69936,48905
DRIVE,2.828,K_focal_aug,K_focal_aug_s0,0,19,oracle,1.5,0.5,0.85871,0.60933,60630
DRIVE,2.828,K_focal_aug,K_focal_aug_s0,0,19,oracle,1.5,1.0,0.8966,0.49923,80387
DRIVE,2.828,K_focal_aug,K_focal_aug_s0,0,19,oracle,2.0,0.0,0.85477,0.70003,48923
DRIVE,2.828,K_focal_aug,K_focal_aug_s0,0,19,oracle,2.0,0.25,0.8574,0.67398,52023
DRIVE,2.828,K_focal_aug,K_focal_aug_s0,0,19,oracle,2.0,0.5,0.89415,0.58943,63801
DRIVE,2.828,K_focal_aug,K_focal_aug_s0,0,19,oracle,2.0,1.0,0.9022,0.4869,83329
DRIVE,2.828,K_focal_aug,K_focal_aug_s0,0,20,raw,0.0,0.0,0.26394,0.7978,31315
DRIVE,2.828,K_focal_aug,K_focal_aug_s0,0,20,isotropic,0.25,0.25,0.26394,0.7978,31315
DRIVE,2.828,K_focal_aug,K_focal_aug_s0,0,20,isotropic,0.5,0.5,0.4374,0.62825,51075
DRIVE,2.828,K_focal_aug,K_focal_aug_s0,0,20,isotropic,0.75,0.75,0.43979,0.56782,59370
DRIVE,2.828,K_focal_aug,K_focal_aug_s0,0,20,isotropic,1.0,1.0,0.44637,0.5061,69863
DRIVE,2.828,K_focal_aug,K_focal_aug_s0,0,20,isotropic,1.5,1.5,0.45257,0.40923,92755
DRIVE,2.828,K_focal_aug,K_focal_aug_s0,0,20,oracle,0.0,0.25,0.26394,0.7978,31315
DRIVE,2.828,K_focal_aug,K_focal_aug_s0,0,20,oracle,0.0,0.5,0.33136,0.72483,38754
DRIVE,2.828,K_focal_aug,K_focal_aug_s0,0,20,oracle,0.0,1.0,0.42176,0.5892,55732
DRIVE,2.828,K_focal_aug,K_focal_aug_s0,0,20,oracle,0.5,0.0,0.316,0.78125,33445
DRIVE,2.828,K_focal_aug,K_focal_aug_s0,0,20,oracle,0.5,0.25,0.33818,0.76711,35174
DRIVE,2.828,K_focal_aug,K_focal_aug_s0,0,20,oracle,0.5,0.5,0.43703,0.63583,50129
DRIVE,2.828,K_focal_aug,K_focal_aug_s0,0,20,oracle,0.5,1.0,0.43905,0.53957,63691
DRIVE,2.828,K_focal_aug,K_focal_aug_s0,0,20,oracle,1.0,0.0,0.3974,0.74336,38162
DRIVE,2.828,K_focal_aug,K_focal_aug_s0,0,20,oracle,1.0,0.25,0.40638,0.7227,40470
DRIVE,2.828,K_focal_aug,K_focal_aug_s0,0,20,oracle,1.0,0.5,0.44144,0.62076,52232
DRIVE,2.828,K_focal_aug,K_focal_aug_s0,0,20,oracle,1.0,1.0,0.44625,0.51068,69014
DRIVE,2.828,K_focal_aug,K_focal_aug_s0,0,20,oracle,1.5,0.0,0.41259,0.7158,41290
DRIVE,2.828,K_focal_aug,K_focal_aug_s0,0,20,oracle,1.5,0.25,0.44273,0.68684,44604
DRIVE,2.828,K_focal_aug,K_focal_aug_s0,0,20,oracle,1.5,0.5,0.44817,0.60067,55116
DRIVE,2.828,K_focal_aug,K_focal_aug_s0,0,20,oracle,1.5,1.0,0.45105,0.49487,72317
DRIVE,2.828,K_focal_aug,K_focal_aug_s0,0,20,oracle,2.0,0.0,0.44433,0.68425,44935
DRIVE,2.828,K_focal_aug,K_focal_aug_s0,0,20,oracle,2.0,0.25,0.44861,0.65987,47749
DRIVE,2.828,K_focal_aug,K_focal_aug_s0,0,20,oracle,2.0,0.5,0.45299,0.57749,58535
DRIVE,2.828,K_focal_aug,K_focal_aug_s0,0,20,oracle,2.0,1.0,0.45579,0.47895,75762
DRIVE,2.828,K_focal_aug,K_focal_aug_s1,1,01,raw,0.0,0.0,0.54747,0.81175,35447
DRIVE,2.828,K_focal_aug,K_focal_aug_s1,1,01,isotropic,0.25,0.25,0.54747,0.81175,35447
DRIVE,2.828,K_focal_aug,K_focal_aug_s1,1,01,isotropic,0.5,0.5,0.75071,0.64823,57584
DRIVE,2.828,K_focal_aug,K_focal_aug_s1,1,01,isotropic,0.75,0.75,0.76755,0.59013,66596
DRIVE,2.828,K_focal_aug,K_focal_aug_s1,1,01,isotropic,1.0,1.0,0.79657,0.52704,78559
DRIVE,2.828,K_focal_aug,K_focal_aug_s1,1,01,isotropic,1.5,1.5,0.83062,0.43306,103014
DRIVE,2.828,K_focal_aug,K_focal_aug_s1,1,01,oracle,0.0,0.25,0.54747,0.81175,35447
DRIVE,2.828,K_focal_aug,K_focal_aug_s1,1,01,oracle,0.0,0.5,0.60595,0.7416,43354
DRIVE,2.828,K_focal_aug,K_focal_aug_s1,1,01,oracle,0.0,1.0,0.70881,0.60617,63214
DRIVE,2.828,K_focal_aug,K_focal_aug_s1,1,01,oracle,0.5,0.0,0.61485,0.79967,37428
DRIVE,2.828,K_focal_aug,K_focal_aug_s1,1,01,oracle,0.5,0.25,0.63335,0.78674,39495
DRIVE,2.828,K_focal_aug,K_focal_aug_s1,1,01,oracle,0.5,0.5,0.74792,0.65636,56421
DRIVE,2.828,K_focal_aug,K_focal_aug_s1,1,01,oracle,0.5,1.0,0.76585,0.55862,71935
DRIVE,2.828,K_focal_aug,K_focal_aug_s1,1,01,oracle,1.0,0.0,0.699,0.76869,42498
DRIVE,2.828,K_focal_aug,K_focal_aug_s1,1,01,oracle,1.0,0.25,0.71054,0.7487,45004
DRIVE,2.828,K_focal_aug,K_focal_aug_s1,1,01,oracle,1.0,0.5,0.76642,0.64396,58516
DRIVE,2.828,K_focal_aug,K_focal_aug_s1,1,01,oracle,1.0,1.0,0.7958,0.53228,77466
DRIVE,2.828,K_focal_aug,K_focal_aug_s1,1,01,oracle,1.5,0.0,0.74365,0.7464,45514
DRIVE,2.828,K_focal_aug,K_focal_aug_s1,1,01,oracle,1.5,0.25,0.77073,0.71647,49369
DRIVE,2.828,K_focal_aug,K_focal_aug_s1,1,01,oracle,1.5,0.5,0.79848,0.63062,60842
DRIVE,2.828,K_focal_aug,K_focal_aug_s1,1,01,oracle,1.5,1.0,0.81274,0.51963,80530
DRIVE,2.828,K_focal_aug,K_focal_aug_s1,1,01,oracle,2.0,0.0,0.7766,0.7142,49723
DRIVE,2.828,K_focal_aug,K_focal_aug_s1,1,01,oracle,2.0,0.25,0.78153,0.69098,52730
DRIVE,2.828,K_focal_aug,K_focal_aug_s1,1,01,oracle,2.0,0.5,0.81081,0.60897,64410
DRIVE,2.828,K_focal_aug,K_focal_aug_s1,1,01,oracle,2.0,1.0,0.83239,0.50671,83800
DRIVE,2.828,K_focal_aug,K_focal_aug_s1,1,02,raw,0.0,0.0,0.4894,0.83789,36315
DRIVE,2.828,K_focal_aug,K_focal_aug_s1,1,02,isotropic,0.25,0.25,0.4894,0.83789,36315
DRIVE,2.828,K_focal_aug,K_focal_aug_s1,1,02,isotropic,0.5,0.5,0.76329,0.70722,58097
DRIVE,2.828,K_focal_aug,K_focal_aug_s1,1,02,isotropic,0.75,0.75,0.77878,0.64633,67221
DRIVE,2.828,K_focal_aug,K_focal_aug_s1,1,02,isotropic,1.0,1.0,0.80288,0.58223,78773
DRIVE,2.828,K_focal_aug,K_focal_aug_s1,1,02,isotropic,1.5,1.5,0.83502,0.48039,103498
DRIVE,2.828,K_focal_aug,K_focal_aug_s1,1,02,oracle,0.0,0.25,0.4894,0.83789,36315
DRIVE,2.828,K_focal_aug,K_focal_aug_s1,1,02,oracle,0.0,0.5,0.60028,0.78493,44151
DRIVE,2.828,K_focal_aug,K_focal_aug_s1,1,02,oracle,0.0,1.0,0.71054,0.66329,63856
DRIVE,2.828,K_focal_aug,K_focal_aug_s1,1,02,oracle,0.5,0.0,0.587,0.83005,38319
DRIVE,2.828,K_focal_aug,K_focal_aug_s1,1,02,oracle,0.5,0.25,0.60965,0.82274,40408
DRIVE,2.828,K_focal_aug,K_focal_aug_s1,1,02,oracle,0.5,0.5,0.75635,0.71404,57079
DRIVE,2.828,K_focal_aug,K_focal_aug_s1,1,02,oracle,0.5,1.0,0.78428,0.6153,72256
DRIVE,2.828,K_focal_aug,K_focal_aug_s1,1,02,oracle,1.0,0.0,0.66684,0.80915,43452
DRIVE,2.828,K_focal_aug,K_focal_aug_s1,1,02,oracle,1.0,0.25,0.70814,0.79652,45922
DRIVE,2.828,K_focal_aug,K_focal_aug_s1,1,02,oracle,1.0,0.5,0.78638,0.70183,59107
DRIVE,2.828,K_focal_aug,K_focal_aug_s1,1,02,oracle,1.0,1.0,0.80191,0.58698,77833
DRIVE,2.828,K_focal_aug,K_focal_aug_s1,1,02,oracle,1.5,0.0,0.72563,0.7915,46384
DRIVE,2.828,K_focal_aug,K_focal_aug_s1,1,02,oracle,1.5,0.25,0.75805,0.7679,50078
DRIVE,2.828,K_focal_aug,K_focal_aug_s1,1,02,oracle,1.5,0.5,0.79424,0.68514,61741
DRIVE,2.828,K_focal_aug,K_focal_aug_s1,1,02,oracle,1.5,1.0,0.81372,0.57251,81038
DRIVE,2.828,K_focal_aug,K_focal_aug_s1,1,02,oracle,2.0,0.0,0.75189,0.76574,50267
DRIVE,2.828,K_focal_aug,K_focal_aug_s1,1,02,oracle,2.0,0.25,0.7667,0.74444,53301
DRIVE,2.828,K_focal_aug,K_focal_aug_s1,1,02,oracle,2.0,0.5,0.81043,0.66424,65060
DRIVE,2.828,K_focal_aug,K_focal_aug_s1,1,02,oracle,2.0,1.0,0.83895,0.5584,84272
DRIVE,2.828,K_focal_aug,K_focal_aug_s1,1,03,raw,0.0,0.0,0.08215,0.78777,30516
DRIVE,2.828,K_focal_aug,K_focal_aug_s1,1,03,isotropic,0.25,0.25,0.08215,0.78777,30516
DRIVE,2.828,K_focal_aug,K_focal_aug_s1,1,03,isotropic,0.5,0.5,0.5035,0.71173,49703
DRIVE,2.828,K_focal_aug,K_focal_aug_s1,1,03,isotropic,0.75,0.75,0.57179,0.65733,57758
DRIVE,2.828,K_focal_aug,K_focal_aug_s1,1,03,isotropic,1.0,1.0,0.61701,0.59753,68106
DRIVE,2.828,K_focal_aug,K_focal_aug_s1,1,03,isotropic,1.5,1.5,0.6574,0.49917,90336
DRIVE,2.828,K_focal_aug,K_focal_aug_s1,1,03,oracle,0.0,0.25,0.08215,0.78777,30516
DRIVE,2.828,K_focal_aug,K_focal_aug_s1,1,03,oracle,0.0,0.5,0.14835,0.75947,37543
DRIVE,2.828,K_focal_aug,K_focal_aug_s1,1,03,oracle,0.0,1.0,0.46483,0.67101,54408
DRIVE,2.828,K_focal_aug,K_focal_aug_s1,1,03,oracle,0.5,0.0,0.14915,0.78879,32364
DRIVE,2.828,K_focal_aug,K_focal_aug_s1,1,03,oracle,0.5,0.25,0.17071,0.78796,34141
DRIVE,2.828,K_focal_aug,K_focal_aug_s1,1,03,oracle,0.5,0.5,0.49768,0.71719,48846
DRIVE,2.828,K_focal_aug,K_focal_aug_s1,1,03,oracle,0.5,1.0,0.54181,0.62783,62213
DRIVE,2.828,K_focal_aug,K_focal_aug_s1,1,03,oracle,1.0,0.0,0.21312,0.78565,36871
DRIVE,2.828,K_focal_aug,K_focal_aug_s1,1,03,oracle,1.0,0.25,0.22185,0.7786,39054
DRIVE,2.828,K_focal_aug,K_focal_aug_s1,1,03,oracle,1.0,0.5,0.54181,0.70918,50626
DRIVE,2.828,K_focal_aug,K_focal_aug_s1,1,03,oracle,1.0,1.0,0.61632,0.60178,67326
DRIVE,2.828,K_focal_aug,K_focal_aug_s1,1,03,oracle,1.5,0.0,0.23943,0.77665,39652
DRIVE,2.828,K_focal_aug,K_focal_aug_s1,1,03,oracle,1.5,0.25,0.5234,0.76174,43046
DRIVE,2.828,K_focal_aug,K_focal_aug_s1,1,03,oracle,1.5,0.5,0.6174,0.69791,52917
DRIVE,2.828,K_focal_aug,K_focal_aug_s1,1,03,oracle,1.5,1.0,0.63491,0.59035,70148
DRIVE,2.828,K_focal_aug,K_focal_aug_s1,1,03,oracle,2.0,0.0,0.58116,0.75936,43477
DRIVE,2.828,K_focal_aug,K_focal_aug_s1,1,03,oracle,2.0,0.25,0.60351,0.7444,46065
DRIVE,2.828,K_focal_aug,K_focal_aug_s1,1,03,oracle,2.0,0.5,0.63042,0.67853,56173
DRIVE,2.828,K_focal_aug,K_focal_aug_s1,1,03,oracle,2.0,1.0,0.6476,0.57778,73189
DRIVE,2.828,K_focal_aug,K_focal_aug_s1,1,04,raw,0.0,0.0,0.39362,0.8188,30613
DRIVE,2.828,K_focal_aug,K_focal_aug_s1,1,04,isotropic,0.25,0.25,0.39362,0.8188,30613
DRIVE,2.828,K_focal_aug,K_focal_aug_s1,1,04,isotropic,0.5,0.5,0.60735,0.70456,48887
DRIVE,2.828,K_focal_aug,K_focal_aug_s1,1,04,isotropic,0.75,0.75,0.61576,0.64559,56552
DRIVE,2.828,K_focal_aug,K_focal_aug_s1,1,04,isotropic,1.0,1.0,0.646,0.58289,66536
DRIVE,2.828,K_focal_aug,K_focal_aug_s1,1,04,isotropic,1.5,1.5,0.67662,0.48279,87755
DRIVE,2.828,K_focal_aug,K_focal_aug_s1,1,04,oracle,0.0,0.25,0.39362,0.8188,30613
DRIVE,2.828,K_focal_aug,K_focal_aug_s1,1,04,oracle,0.0,0.5,0.45456,0.77611,37276
DRIVE,2.828,K_focal_aug,K_focal_aug_s1,1,04,oracle,0.0,1.0,0.56783,0.65972,53954
DRIVE,2.828,K_focal_aug,K_focal_aug_s1,1,04,oracle,0.5,0.0,0.44375,0.81621,32208
DRIVE,2.828,K_focal_aug,K_focal_aug_s1,1,04,oracle,0.5,0.25,0.46921,0.80942,34006
DRIVE,2.828,K_focal_aug,K_focal_aug_s1,1,04,oracle,0.5,0.5,0.603,0.7103,48162
DRIVE,2.828,K_focal_aug,K_focal_aug_s1,1,04,oracle,0.5,1.0,0.62352,0.61406,61077
DRIVE,2.828,K_focal_aug,K_focal_aug_s1,1,04,oracle,1.0,0.0,0.52614,0.80122,36299
DRIVE,2.828,K_focal_aug,K_focal_aug_s1,1,04,oracle,1.0,0.25,0.55441,0.7903,38250
DRIVE,2.828,K_focal_aug,K_focal_aug_s1,1,04,oracle,1.0,0.5,0.62034,0.70184,49493
DRIVE,2.828,K_focal_aug,K_focal_aug_s1,1,04,oracle,1.0,1.0,0.6451,0.5868,65856
DRIVE,2.828,K_focal_aug,K_focal_aug_s1,1,04,oracle,1.5,0.0,0.58644,0.79057,38505
DRIVE,2.828,K_focal_aug,K_focal_aug_s1,1,04,oracle,1.5,0.25,0.60339,0.76905,41483
DRIVE,2.828,K_focal_aug,K_focal_aug_s1,1,04,oracle,1.5,0.5,0.63614,0.69106,51155
DRIVE,2.828,K_focal_aug,K_focal_aug_s1,1,04,oracle,1.5,1.0,0.65632,0.57644,68008
DRIVE,2.828,K_focal_aug,K_focal_aug_s1,1,04,oracle,2.0,0.0,0.62052,0.76966,41405
DRIVE,2.828,K_focal_aug,K_focal_aug_s1,1,04,oracle,2.0,0.25,0.63507,0.7516,43800
DRIVE,2.828,K_focal_aug,K_focal_aug_s1,1,04,oracle,2.0,0.5,0.65034,0.67429,53530
DRIVE,2.828,K_focal_aug,K_focal_aug_s1,1,04,oracle,2.0,1.0,0.66689,0.56511,70295
DRIVE,2.828,K_focal_aug,K_focal_aug_s1,1,05,raw,0.0,0.0,0.31737,0.80643,28877
DRIVE,2.828,K_focal_aug,K_focal_aug_s1,1,05,isotropic,0.25,0.25,0.31737,0.80643,28877
DRIVE,2.828,K_focal_aug,K_focal_aug_s1,1,05,isotropic,0.5,0.5,0.53112,0.70952,47941
DRIVE,2.828,K_focal_aug,K_focal_aug_s1,1,05,isotropic,0.75,0.75,0.55337,0.6496,55839
DRIVE,2.828,K_focal_aug,K_focal_aug_s1,1,05,isotropic,1.0,1.0,0.57326,0.58351,66339
DRIVE,2.828,K_focal_aug,K_focal_aug_s1,1,05,isotropic,1.5,1.5,0.61442,0.48084,88681
DRIVE,2.828,K_focal_aug,K_focal_aug_s1,1,05,oracle,0.0,0.25,0.31737,0.80643,28877
DRIVE,2.828,K_focal_aug,K_focal_aug_s1,1,05,oracle,0.0,0.5,0.40174,0.77688,35834
DRIVE,2.828,K_focal_aug,K_focal_aug_s1,1,05,oracle,0.0,1.0,0.4997,0.66498,52900
DRIVE,2.828,K_focal_aug,K_focal_aug_s1,1,05,oracle,0.5,0.0,0.34585,0.808,30580
DRIVE,2.828,K_focal_aug,K_focal_aug_s1,1,05,oracle,0.5,0.25,0.40285,0.80429,32450
DRIVE,2.828,K_focal_aug,K_focal_aug_s1,1,05,oracle,0.5,0.5,0.52808,0.71715,46923
DRIVE,2.828,K_focal_aug,K_focal_aug_s1,1,05,oracle,0.5,1.0,0.55616,0.61656,60543
DRIVE,2.828,K_focal_aug,K_focal_aug_s1,1,05,oracle,1.0,0.0,0.44317,0.79999,34871
DRIVE,2.828,K_focal_aug,K_focal_aug_s1,1,05,oracle,1.0,0.25,0.48621,0.79199,37018
DRIVE,2.828,K_focal_aug,K_focal_aug_s1,1,05,oracle,1.0,0.5,0.53769,0.70644,48618
DRIVE,2.828,K_focal_aug,K_focal_aug_s1,1,05,oracle,1.0,1.0,0.57231,0.58923,65358
DRIVE,2.828,K_focal_aug,K_focal_aug_s1,1,05,oracle,1.5,0.0,0.49763,0.79167,37315
DRIVE,2.828,K_focal_aug,K_focal_aug_s1,1,05,oracle,1.5,0.25,0.53263,0.77138,40585
DRIVE,2.828,K_focal_aug,K_focal_aug_s1,1,05,oracle,1.5,0.5,0.55619,0.69481,50450
DRIVE,2.828,K_focal_aug,K_focal_aug_s1,1,05,oracle,1.5,1.0,0.59142,0.57646,68046
DRIVE,2.828,K_focal_aug,K_focal_aug_s1,1,05,oracle,2.0,0.0,0.52524,0.76943,40704
DRIVE,2.828,K_focal_aug,K_focal_aug_s1,1,05,oracle,2.0,0.25,0.55322,0.75112,43286
DRIVE,2.828,K_focal_aug,K_focal_aug_s1,1,05,oracle,2.0,0.5,0.57786,0.67502,53239
DRIVE,2.828,K_focal_aug,K_focal_aug_s1,1,05,oracle,2.0,1.0,0.60045,0.56371,70763
DRIVE,2.828,K_focal_aug,K_focal_aug_s1,1,06,raw,0.0,0.0,0.28948,0.79918,29192
DRIVE,2.828,K_focal_aug,K_focal_aug_s1,1,06,isotropic,0.25,0.25,0.28948,0.79918,29192
DRIVE,2.828,K_focal_aug,K_focal_aug_s1,1,06,isotropic,0.5,0.5,0.44303,0.70691,48836
DRIVE,2.828,K_focal_aug,K_focal_aug_s1,1,06,isotropic,0.75,0.75,0.46937,0.65139,56648
DRIVE,2.828,K_focal_aug,K_focal_aug_s1,1,06,isotropic,1.0,1.0,0.50946,0.58541,67834
DRIVE,2.828,K_focal_aug,K_focal_aug_s1,1,06,isotropic,1.5,1.5,0.54964,0.48723,90081
DRIVE,2.828,K_focal_aug,K_focal_aug_s1,1,06,oracle,0.0,0.25,0.28948,0.79918,29192
DRIVE,2.828,K_focal_aug,K_focal_aug_s1,1,06,oracle,0.0,0.5,0.33592,0.77222,35707
DRIVE,2.828,K_focal_aug,K_focal_aug_s1,1,06,oracle,0.0,1.0,0.42442,0.6647,53522
DRIVE,2.828,K_focal_aug,K_focal_aug_s1,1,06,oracle,0.5,0.0,0.31697,0.79991,30981
DRIVE,2.828,K_focal_aug,K_focal_aug_s1,1,06,oracle,0.5,0.25,0.33874,0.79643,32954
DRIVE,2.828,K_focal_aug,K_focal_aug_s1,1,06,oracle,0.5,0.5,0.43574,0.71307,47963
DRIVE,2.828,K_focal_aug,K_focal_aug_s1,1,06,oracle,0.5,1.0,0.47624,0.61803,61553
DRIVE,2.828,K_focal_aug,K_focal_aug_s1,1,06,oracle,1.0,0.0,0.38958,0.79367,35547
DRIVE,2.828,K_focal_aug,K_focal_aug_s1,1,06,oracle,1.0,0.25,0.40751,0.78538,37794
DRIVE,2.828,K_focal_aug,K_focal_aug_s1,1,06,oracle,1.0,0.5,0.45627,0.70389,49686
DRIVE,2.828,K_focal_aug,K_focal_aug_s1,1,06,oracle,1.0,1.0,0.50817,0.5899,67019
DRIVE,2.828,K_focal_aug,K_focal_aug_s1,1,06,oracle,1.5,0.0,0.43449,0.78471,38009
DRIVE,2.828,K_focal_aug,K_focal_aug_s1,1,06,oracle,1.5,0.25,0.46467,0.76649,41477
DRIVE,2.828,K_focal_aug,K_focal_aug_s1,1,06,oracle,1.5,0.5,0.4924,0.69307,51821
DRIVE,2.828,K_focal_aug,K_focal_aug_s1,1,06,oracle,1.5,1.0,0.52808,0.5781,69798
DRIVE,2.828,K_focal_aug,K_focal_aug_s1,1,06,oracle,2.0,0.0,0.474,0.76615,41535
DRIVE,2.828,K_focal_aug,K_focal_aug_s1,1,06,oracle,2.0,0.25,0.48898,0.74919,44212
DRIVE,2.828,K_focal_aug,K_focal_aug_s1,1,06,oracle,2.0,0.5,0.51838,0.67532,54599
DRIVE,2.828,K_focal_aug,K_focal_aug_s1,1,06,oracle,2.0,1.0,0.53925,0.56628,72613
DRIVE,2.828,K_focal_aug,K_focal_aug_s1,1,07,raw,0.0,0.0,0.37085,0.81544,28256
DRIVE,2.828,K_focal_aug,K_focal_aug_s1,1,07,isotropic,0.25,0.25,0.37085,0.81544,28256
DRIVE,2.828,K_focal_aug,K_focal_aug_s1,1,07,isotropic,0.5,0.5,0.5421,0.71237,46384
DRIVE,2.828,K_focal_aug,K_focal_aug_s1,1,07,isotropic,0.75,0.75,0.55168,0.65624,53577
DRIVE,2.828,K_focal_aug,K_focal_aug_s1,1,07,isotropic,1.0,1.0,0.5868,0.58879,63950
DRIVE,2.828,K_focal_aug,K_focal_aug_s1,1,07,isotropic,1.5,1.5,0.6287,0.48826,84860
DRIVE,2.828,K_focal_aug,K_focal_aug_s1,1,07,oracle,0.0,0.25,0.37085,0.81544,28256
DRIVE,2.828,K_focal_aug,K_focal_aug_s1,1,07,oracle,0.0,0.5,0.42865,0.78017,34552
DRIVE,2.828,K_focal_aug,K_focal_aug_s1,1,07,oracle,0.0,1.0,0.49912,0.66892,50874
DRIVE,2.828,K_focal_aug,K_focal_aug_s1,1,07,oracle,0.5,0.0,0.4072,0.81552,29837
DRIVE,2.828,K_focal_aug,K_focal_aug_s1,1,07,oracle,0.5,0.25,0.42293,0.8115,31610
DRIVE,2.828,K_focal_aug,K_focal_aug_s1,1,07,oracle,0.5,0.5,0.54128,0.71985,45503
DRIVE,2.828,K_focal_aug,K_focal_aug_s1,1,07,oracle,0.5,1.0,0.55151,0.62195,58176
DRIVE,2.828,K_focal_aug,K_focal_aug_s1,1,07,oracle,1.0,0.0,0.47876,0.80668,33923
DRIVE,2.828,K_focal_aug,K_focal_aug_s1,1,07,oracle,1.0,0.25,0.50845,0.79727,36064
DRIVE,2.828,K_focal_aug,K_focal_aug_s1,1,07,oracle,1.0,0.5,0.55565,0.70999,47072
DRIVE,2.828,K_focal_aug,K_focal_aug_s1,1,07,oracle,1.0,1.0,0.58526,0.59376,63115
DRIVE,2.828,K_focal_aug,K_focal_aug_s1,1,07,oracle,1.5,0.0,0.52512,0.79815,36129
DRIVE,2.828,K_focal_aug,K_focal_aug_s1,1,07,oracle,1.5,0.25,0.55965,0.77773,39245
DRIVE,2.828,K_focal_aug,K_focal_aug_s1,1,07,oracle,1.5,0.5,0.59074,0.69975,48882
DRIVE,2.828,K_focal_aug,K_focal_aug_s1,1,07,oracle,1.5,1.0,0.6087,0.58205,65599
DRIVE,2.828,K_focal_aug,K_focal_aug_s1,1,07,oracle,2.0,0.0,0.56016,0.77823,39200
DRIVE,2.828,K_focal_aug,K_focal_aug_s1,1,07,oracle,2.0,0.25,0.58238,0.75993,41668
DRIVE,2.828,K_focal_aug,K_focal_aug_s1,1,07,oracle,2.0,0.5,0.60558,0.68219,51397
DRIVE,2.828,K_focal_aug,K_focal_aug_s1,1,07,oracle,2.0,1.0,0.62853,0.57077,68083
DRIVE,2.828,K_focal_aug,K_focal_aug_s1,1,08,raw,0.0,0.0,0.10528,0.79073,26335
DRIVE,2.828,K_focal_aug,K_focal_aug_s1,1,08,isotropic,0.25,0.25,0.10528,0.79073,26335
DRIVE,2.828,K_focal_aug,K_focal_aug_s1,1,08,isotropic,0.5,0.5,0.42418,0.70267,43927
DRIVE,2.828,K_focal_aug,K_focal_aug_s1,1,08,isotropic,0.75,0.75,0.4601,0.64721,51075
DRIVE,2.828,K_focal_aug,K_focal_aug_s1,1,08,isotropic,1.0,1.0,0.47828,0.582,60945
DRIVE,2.828,K_focal_aug,K_focal_aug_s1,1,08,isotropic,1.5,1.5,0.57497,0.48139,81415
DRIVE,2.828,K_focal_aug,K_focal_aug_s1,1,08,oracle,0.0,0.25,0.10528,0.79073,26335
DRIVE,2.828,K_focal_aug,K_focal_aug_s1,1,08,oracle,0.0,0.5,0.1499,0.7626,32340
DRIVE,2.828,K_focal_aug,K_focal_aug_s1,1,08,oracle,0.0,1.0,0.39732,0.65865,48408
DRIVE,2.828,K_focal_aug,K_focal_aug_s1,1,08,oracle,0.5,0.0,0.11557,0.79218,27798
DRIVE,2.828,K_focal_aug,K_focal_aug_s1,1,08,oracle,0.5,0.25,0.12696,0.78875,29513
DRIVE,2.828,K_focal_aug,K_focal_aug_s1,1,08,oracle,0.5,0.5,0.42326,0.70958,43005
DRIVE,2.828,K_focal_aug,K_focal_aug_s1,1,08,oracle,0.5,1.0,0.45699,0.61303,55499
DRIVE,2.828,K_focal_aug,K_focal_aug_s1,1,08,oracle,1.0,0.0,0.34734,0.78888,31871
DRIVE,2.828,K_focal_aug,K_focal_aug_s1,1,08,oracle,1.0,0.25,0.37184,0.78075,33918
DRIVE,2.828,K_focal_aug,K_focal_aug_s1,1,08,oracle,1.0,0.5,0.43229,0.70176,44599
DRIVE,2.828,K_focal_aug,K_focal_aug_s1,1,08,oracle,1.0,1.0,0.47714,0.58713,60075
DRIVE,2.828,K_focal_aug,K_focal_aug_s1,1,08,oracle,1.5,0.0,0.38907,0.78356,34075
DRIVE,2.828,K_focal_aug,K_focal_aug_s1,1,08,oracle,1.5,0.25,0.42488,0.76424,37211
DRIVE,2.828,K_focal_aug,K_focal_aug_s1,1,08,oracle,1.5,0.5,0.47798,0.69321,46307
DRIVE,2.828,K_focal_aug,K_focal_aug_s1,1,08,oracle,1.5,1.0,0.55066,0.57636,62596
DRIVE,2.828,K_focal_aug,K_focal_aug_s1,1,08,oracle,2.0,0.0,0.44115,0.76351,37310
DRIVE,2.828,K_focal_aug,K_focal_aug_s1,1,08,oracle,2.0,0.25,0.46524,0.74839,39621
DRIVE,2.828,K_focal_aug,K_focal_aug_s1,1,08,oracle,2.0,0.5,0.53764,0.67572,48823
DRIVE,2.828,K_focal_aug,K_focal_aug_s1,1,08,oracle,2.0,1.0,0.55991,0.56495,65032
DRIVE,2.828,K_focal_aug,K_focal_aug_s1,1,09,raw,0.0,0.0,0.19213,0.79924,26625
DRIVE,2.828,K_focal_aug,K_focal_aug_s1,1,09,isotropic,0.25,0.25,0.19213,0.79924,26625
DRIVE,2.828,K_focal_aug,K_focal_aug_s1,1,09,isotropic,0.5,0.5,0.55446,0.68105,45213
DRIVE,2.828,K_focal_aug,K_focal_aug_s1,1,09,isotropic,0.75,0.75,0.59274,0.62045,52859
DRIVE,2.828,K_focal_aug,K_focal_aug_s1,1,09,isotropic,1.0,1.0,0.61803,0.55315,63129
DRIVE,2.828,K_focal_aug,K_focal_aug_s1,1,09,isotropic,1.5,1.5,0.67434,0.45178,84684
DRIVE,2.828,K_focal_aug,K_focal_aug_s1,1,09,oracle,0.0,0.25,0.19213,0.79924,26625
DRIVE,2.828,K_focal_aug,K_focal_aug_s1,1,09,oracle,0.0,0.5,0.42034,0.75995,33110
DRIVE,2.828,K_focal_aug,K_focal_aug_s1,1,09,oracle,0.0,1.0,0.52835,0.63603,49947
DRIVE,2.828,K_focal_aug,K_focal_aug_s1,1,09,oracle,0.5,0.0,0.2054,0.79867,28190
DRIVE,2.828,K_focal_aug,K_focal_aug_s1,1,09,oracle,0.5,0.25,0.22052,0.79135,30005
DRIVE,2.828,K_focal_aug,K_focal_aug_s1,1,09,oracle,0.5,0.5,0.55088,0.68924,44218
DRIVE,2.828,K_focal_aug,K_focal_aug_s1,1,09,oracle,0.5,1.0,0.59413,0.58581,57515
DRIVE,2.828,K_focal_aug,K_focal_aug_s1,1,09,oracle,1.0,0.0,0.50793,0.7837,32353
DRIVE,2.828,K_focal_aug,K_focal_aug_s1,1,09,oracle,1.0,0.25,0.53338,0.77098,34545
DRIVE,2.828,K_focal_aug,K_focal_aug_s1,1,09,oracle,1.0,0.5,0.58626,0.67845,45875
DRIVE,2.828,K_focal_aug,K_focal_aug_s1,1,09,oracle,1.0,1.0,0.61731,0.55874,62205
DRIVE,2.828,K_focal_aug,K_focal_aug_s1,1,09,oracle,1.5,0.0,0.56575,0.77289,34706
DRIVE,2.828,K_focal_aug,K_focal_aug_s1,1,09,oracle,1.5,0.25,0.59117,0.74802,38030
DRIVE,2.828,K_focal_aug,K_focal_aug_s1,1,09,oracle,1.5,0.5,0.61859,0.66744,47642
DRIVE,2.828,K_focal_aug,K_focal_aug_s1,1,09,oracle,1.5,1.0,0.64699,0.54641,64849
DRIVE,2.828,K_focal_aug,K_focal_aug_s1,1,09,oracle,2.0,0.0,0.59488,0.7458,38183
DRIVE,2.828,K_focal_aug,K_focal_aug_s1,1,09,oracle,2.0,0.25,0.60821,0.72647,40653
DRIVE,2.828,K_focal_aug,K_focal_aug_s1,1,09,oracle,2.0,0.5,0.64368,0.64645,50521
DRIVE,2.828,K_focal_aug,K_focal_aug_s1,1,09,oracle,2.0,1.0,0.66853,0.53421,67458
DRIVE,2.828,K_focal_aug,K_focal_aug_s1,1,10,raw,0.0,0.0,0.36427,0.79709,28444
DRIVE,2.828,K_focal_aug,K_focal_aug_s1,1,10,isotropic,0.25,0.25,0.36427,0.79709,28444
DRIVE,2.828,K_focal_aug,K_focal_aug_s1,1,10,isotropic,0.5,0.5,0.54747,0.66987,47172
DRIVE,2.828,K_focal_aug,K_focal_aug_s1,1,10,isotropic,0.75,0.75,0.57914,0.61051,55041
DRIVE,2.828,K_focal_aug,K_focal_aug_s1,1,10,isotropic,1.0,1.0,0.60086,0.5468,65239
DRIVE,2.828,K_focal_aug,K_focal_aug_s1,1,10,isotropic,1.5,1.5,0.65194,0.44849,86982
DRIVE,2.828,K_focal_aug,K_focal_aug_s1,1,10,oracle,0.0,0.25,0.36427,0.79709,28444
DRIVE,2.828,K_focal_aug,K_focal_aug_s1,1,10,oracle,0.0,0.5,0.40714,0.75202,35183
DRIVE,2.828,K_focal_aug,K_focal_aug_s1,1,10,oracle,0.0,1.0,0.52851,0.62541,52155
DRIVE,2.828,K_focal_aug,K_focal_aug_s1,1,10,oracle,0.5,0.0,0.39146,0.79346,30082
DRIVE,2.828,K_focal_aug,K_focal_aug_s1,1,10,oracle,0.5,0.25,0.4068,0.78401,31805
DRIVE,2.828,K_focal_aug,K_focal_aug_s1,1,10,oracle,0.5,0.5,0.54246,0.67654,46347
DRIVE,2.828,K_focal_aug,K_focal_aug_s1,1,10,oracle,0.5,1.0,0.57267,0.57846,59536
DRIVE,2.828,K_focal_aug,K_focal_aug_s1,1,10,oracle,1.0,0.0,0.4741,0.77402,34297
DRIVE,2.828,K_focal_aug,K_focal_aug_s1,1,10,oracle,1.0,0.25,0.50435,0.75964,36540
DRIVE,2.828,K_focal_aug,K_focal_aug_s1,1,10,oracle,1.0,0.5,0.5694,0.66666,47947
DRIVE,2.828,K_focal_aug,K_focal_aug_s1,1,10,oracle,1.0,1.0,0.60052,0.55134,64454
DRIVE,2.828,K_focal_aug,K_focal_aug_s1,1,10,oracle,1.5,0.0,0.52747,0.76047,36781
DRIVE,2.828,K_focal_aug,K_focal_aug_s1,1,10,oracle,1.5,0.25,0.56185,0.73554,40003
DRIVE,2.828,K_focal_aug,K_focal_aug_s1,1,10,oracle,1.5,0.5,0.59731,0.65502,49935
DRIVE,2.828,K_focal_aug,K_focal_aug_s1,1,10,oracle,1.5,1.0,0.62399,0.53961,67120
DRIVE,2.828,K_focal_aug,K_focal_aug_s1,1,10,oracle,2.0,0.0,0.57122,0.73638,39964
DRIVE,2.828,K_focal_aug,K_focal_aug_s1,1,10,oracle,2.0,0.25,0.58487,0.71643,42478
DRIVE,2.828,K_focal_aug,K_focal_aug_s1,1,10,oracle,2.0,0.5,0.63178,0.63614,52732
DRIVE,2.828,K_focal_aug,K_focal_aug_s1,1,10,oracle,2.0,1.0,0.65904,0.52738,69799
DRIVE,2.828,K_focal_aug,K_focal_aug_s1,1,11,raw,0.0,0.0,0.39619,0.79538,32268
DRIVE,2.828,K_focal_aug,K_focal_aug_s1,1,11,isotropic,0.25,0.25,0.39619,0.79538,32268
DRIVE,2.828,K_focal_aug,K_focal_aug_s1,1,11,isotropic,0.5,0.5,0.61047,0.6498,53477
DRIVE,2.828,K_focal_aug,K_focal_aug_s1,1,11,isotropic,0.75,0.75,0.63065,0.5915,62194
DRIVE,2.828,K_focal_aug,K_focal_aug_s1,1,11,isotropic,1.0,1.0,0.65797,0.52975,73547
DRIVE,2.828,K_focal_aug,K_focal_aug_s1,1,11,isotropic,1.5,1.5,0.70181,0.43423,97777
DRIVE,2.828,K_focal_aug,K_focal_aug_s1,1,11,oracle,0.0,0.25,0.39619,0.79538,32268
DRIVE,2.828,K_focal_aug,K_focal_aug_s1,1,11,oracle,0.0,0.5,0.46293,0.73616,40055
DRIVE,2.828,K_focal_aug,K_focal_aug_s1,1,11,oracle,0.0,1.0,0.55144,0.60836,58668
DRIVE,2.828,K_focal_aug,K_focal_aug_s1,1,11,oracle,0.5,0.0,0.43316,0.78791,34189
DRIVE,2.828,K_focal_aug,K_focal_aug_s1,1,11,oracle,0.5,0.25,0.45911,0.77697,36013
DRIVE,2.828,K_focal_aug,K_focal_aug_s1,1,11,oracle,0.5,0.5,0.60868,0.65711,52472
DRIVE,2.828,K_focal_aug,K_focal_aug_s1,1,11,oracle,0.5,1.0,0.63095,0.56112,67135
DRIVE,2.828,K_focal_aug,K_focal_aug_s1,1,11,oracle,1.0,0.0,0.498,0.7621,38822
DRIVE,2.828,K_focal_aug,K_focal_aug_s1,1,11,oracle,1.0,0.25,0.55261,0.74528,41487
DRIVE,2.828,K_focal_aug,K_focal_aug_s1,1,11,oracle,1.0,0.5,0.62657,0.64564,54400
DRIVE,2.828,K_focal_aug,K_focal_aug_s1,1,11,oracle,1.0,1.0,0.6572,0.5344,72624
DRIVE,2.828,K_focal_aug,K_focal_aug_s1,1,11,oracle,1.5,0.0,0.52968,0.74287,41787
DRIVE,2.828,K_focal_aug,K_focal_aug_s1,1,11,oracle,1.5,0.25,0.60329,0.71611,45500
DRIVE,2.828,K_focal_aug,K_focal_aug_s1,1,11,oracle,1.5,0.5,0.65674,0.63214,56742
DRIVE,2.828,K_focal_aug,K_focal_aug_s1,1,11,oracle,1.5,1.0,0.68208,0.5224,75596
DRIVE,2.828,K_focal_aug,K_focal_aug_s1,1,11,oracle,2.0,0.0,0.5959,0.71511,45605
DRIVE,2.828,K_focal_aug,K_focal_aug_s1,1,11,oracle,2.0,0.25,0.6282,0.69347,48567
DRIVE,2.828,K_focal_aug,K_focal_aug_s1,1,11,oracle,2.0,0.5,0.67344,0.61246,59989
DRIVE,2.828,K_focal_aug,K_focal_aug_s1,1,11,oracle,2.0,1.0,0.6983,0.51004,78711
DRIVE,2.828,K_focal_aug,K_focal_aug_s1,1,12,raw,0.0,0.0,0.18849,0.80948,30355
DRIVE,2.828,K_focal_aug,K_focal_aug_s1,1,12,isotropic,0.25,0.25,0.18849,0.80948,30355
DRIVE,2.828,K_focal_aug,K_focal_aug_s1,1,12,isotropic,0.5,0.5,0.69926,0.6797,50309
DRIVE,2.828,K_focal_aug,K_focal_aug_s1,1,12,isotropic,0.75,0.75,0.71257,0.61945,58464
DRIVE,2.828,K_focal_aug,K_focal_aug_s1,1,12,isotropic,1.0,1.0,0.74685,0.55445,69402
DRIVE,2.828,K_focal_aug,K_focal_aug_s1,1,12,isotropic,1.5,1.5,0.78016,0.45501,91837
DRIVE,2.828,K_focal_aug,K_focal_aug_s1,1,12,oracle,0.0,0.25,0.18849,0.80948,30355
DRIVE,2.828,K_focal_aug,K_focal_aug_s1,1,12,oracle,0.0,0.5,0.22388,0.76182,37229
DRIVE,2.828,K_focal_aug,K_focal_aug_s1,1,12,oracle,0.0,1.0,0.30984,0.63533,55454
DRIVE,2.828,K_focal_aug,K_focal_aug_s1,1,12,oracle,0.5,0.0,0.21229,0.80537,32009
DRIVE,2.828,K_focal_aug,K_focal_aug_s1,1,12,oracle,0.5,0.25,0.24385,0.79652,33959
DRIVE,2.828,K_focal_aug,K_focal_aug_s1,1,12,oracle,0.5,0.5,0.68876,0.68643,49365
DRIVE,2.828,K_focal_aug,K_focal_aug_s1,1,12,oracle,0.5,1.0,0.71643,0.58665,63381
DRIVE,2.828,K_focal_aug,K_focal_aug_s1,1,12,oracle,1.0,0.0,0.27225,0.78714,36665
DRIVE,2.828,K_focal_aug,K_focal_aug_s1,1,12,oracle,1.0,0.25,0.28126,0.77177,38978
DRIVE,2.828,K_focal_aug,K_focal_aug_s1,1,12,oracle,1.0,0.5,0.71084,0.67631,51071
DRIVE,2.828,K_focal_aug,K_focal_aug_s1,1,12,oracle,1.0,1.0,0.74566,0.55893,68546
DRIVE,2.828,K_focal_aug,K_focal_aug_s1,1,12,oracle,1.5,0.0,0.2881,0.77289,39150
DRIVE,2.828,K_focal_aug,K_focal_aug_s1,1,12,oracle,1.5,0.25,0.70083,0.74641,42653
DRIVE,2.828,K_focal_aug,K_focal_aug_s1,1,12,oracle,1.5,0.5,0.73502,0.66435,53006
DRIVE,2.828,K_focal_aug,K_focal_aug_s1,1,12,oracle,1.5,1.0,0.76082,0.54709,71191
DRIVE,2.828,K_focal_aug,K_focal_aug_s1,1,12,oracle,2.0,0.0,0.34889,0.74702,42633
DRIVE,2.828,K_focal_aug,K_focal_aug_s1,1,12,oracle,2.0,0.25,0.71687,0.72657,45284
DRIVE,2.828,K_focal_aug,K_focal_aug_s1,1,12,oracle,2.0,0.5,0.75781,0.64588,55730
DRIVE,2.828,K_focal_aug,K_focal_aug_s1,1,12,oracle,2.0,1.0,0.78056,0.53557,73760
DRIVE,2.828,K_focal_aug,K_focal_aug_s1,1,13,raw,0.0,0.0,0.21169,0.80814,33257
DRIVE,2.828,K_focal_aug,K_focal_aug_s1,1,13,isotropic,0.25,0.25,0.21169,0.80814,33257
DRIVE,2.828,K_focal_aug,K_focal_aug_s1,1,13,isotropic,0.5,0.5,0.63588,0.68028,54793
DRIVE,2.828,K_focal_aug,K_focal_aug_s1,1,13,isotropic,0.75,0.75,0.64973,0.62145,63781
DRIVE,2.828,K_focal_aug,K_focal_aug_s1,1,13,isotropic,1.0,1.0,0.67078,0.558,75455
DRIVE,2.828,K_focal_aug,K_focal_aug_s1,1,13,isotropic,1.5,1.5,0.70994,0.45944,100350
DRIVE,2.828,K_focal_aug,K_focal_aug_s1,1,13,oracle,0.0,0.25,0.21169,0.80814,33257
DRIVE,2.828,K_focal_aug,K_focal_aug_s1,1,13,oracle,0.0,0.5,0.23509,0.75726,41042
DRIVE,2.828,K_focal_aug,K_focal_aug_s1,1,13,oracle,0.0,1.0,0.60105,0.63573,60482
DRIVE,2.828,K_focal_aug,K_focal_aug_s1,1,13,oracle,0.5,0.0,0.22886,0.80469,35178
DRIVE,2.828,K_focal_aug,K_focal_aug_s1,1,13,oracle,0.5,0.25,0.23426,0.79651,37242
DRIVE,2.828,K_focal_aug,K_focal_aug_s1,1,13,oracle,0.5,0.5,0.63042,0.68781,53733
DRIVE,2.828,K_focal_aug,K_focal_aug_s1,1,13,oracle,0.5,1.0,0.65558,0.58946,68963
DRIVE,2.828,K_focal_aug,K_focal_aug_s1,1,13,oracle,1.0,0.0,0.28433,0.78644,39996
DRIVE,2.828,K_focal_aug,K_focal_aug_s1,1,13,oracle,1.0,0.25,0.29543,0.77286,42438
DRIVE,2.828,K_focal_aug,K_focal_aug_s1,1,13,oracle,1.0,0.5,0.65005,0.67705,55669
DRIVE,2.828,K_focal_aug,K_focal_aug_s1,1,13,oracle,1.0,1.0,0.66982,0.56309,74435
DRIVE,2.828,K_focal_aug,K_focal_aug_s1,1,13,oracle,1.5,0.0,0.31909,0.77173,42801
DRIVE,2.828,K_focal_aug,K_focal_aug_s1,1,13,oracle,1.5,0.25,0.65401,0.74952,46311
DRIVE,2.828,K_focal_aug,K_focal_aug_s1,1,13,oracle,1.5,0.5,0.67803,0.66599,57833
DRIVE,2.828,K_focal_aug,K_focal_aug_s1,1,13,oracle,1.5,1.0,0.69282,0.55131,77451
DRIVE,2.828,K_focal_aug,K_focal_aug_s1,1,13,oracle,2.0,0.0,0.65306,0.74894,46300
DRIVE,2.828,K_focal_aug,K_focal_aug_s1,1,13,oracle,2.0,0.25,0.66309,0.72955,49169
DRIVE,2.828,K_focal_aug,K_focal_aug_s1,1,13,oracle,2.0,0.5,0.68825,0.64845,60803
DRIVE,2.828,K_focal_aug,K_focal_aug_s1,1,13,oracle,2.0,1.0,0.70448,0.53908,80508
DRIVE,2.828,K_focal_aug,K_focal_aug_s1,1,14,raw,0.0,0.0,0.53371,0.80901,30657
DRIVE,2.828,K_focal_aug,K_focal_aug_s1,1,14,isotropic,0.25,0.25,0.53371,0.80901,30657
DRIVE,2.828,K_focal_aug,K_focal_aug_s1,1,14,isotropic,0.5,0.5,0.76161,0.6607,50611
DRIVE,2.828,K_focal_aug,K_focal_aug_s1,1,14,isotropic,0.75,0.75,0.77272,0.5996,58817
DRIVE,2.828,K_focal_aug,K_focal_aug_s1,1,14,isotropic,1.0,1.0,0.80596,0.53357,69861
DRIVE,2.828,K_focal_aug,K_focal_aug_s1,1,14,isotropic,1.5,1.5,0.83567,0.43352,93097
DRIVE,2.828,K_focal_aug,K_focal_aug_s1,1,14,oracle,0.0,0.25,0.53371,0.80901,30657
DRIVE,2.828,K_focal_aug,K_focal_aug_s1,1,14,oracle,0.0,0.5,0.5984,0.74888,37600
DRIVE,2.828,K_focal_aug,K_focal_aug_s1,1,14,oracle,0.0,1.0,0.73061,0.61729,55560
DRIVE,2.828,K_focal_aug,K_focal_aug_s1,1,14,oracle,0.5,0.0,0.5651,0.79934,32532
DRIVE,2.828,K_focal_aug,K_focal_aug_s1,1,14,oracle,0.5,0.25,0.59708,0.78882,34493
DRIVE,2.828,K_focal_aug,K_focal_aug_s1,1,14,oracle,0.5,0.5,0.75598,0.66844,49641
DRIVE,2.828,K_focal_aug,K_focal_aug_s1,1,14,oracle,0.5,1.0,0.77019,0.56761,63575
DRIVE,2.828,K_focal_aug,K_focal_aug_s1,1,14,oracle,1.0,0.0,0.67014,0.7725,37297
DRIVE,2.828,K_focal_aug,K_focal_aug_s1,1,14,oracle,1.0,0.25,0.72249,0.75596,39464
DRIVE,2.828,K_focal_aug,K_focal_aug_s1,1,14,oracle,1.0,0.5,0.79184,0.65531,51542
DRIVE,2.828,K_focal_aug,K_focal_aug_s1,1,14,oracle,1.0,1.0,0.80574,0.53865,68936
DRIVE,2.828,K_focal_aug,K_focal_aug_s1,1,14,oracle,1.5,0.0,0.72124,0.75189,39990
DRIVE,2.828,K_focal_aug,K_focal_aug_s1,1,14,oracle,1.5,0.25,0.76947,0.72333,43432
DRIVE,2.828,K_focal_aug,K_focal_aug_s1,1,14,oracle,1.5,0.5,0.80661,0.6391,53889
DRIVE,2.828,K_focal_aug,K_focal_aug_s1,1,14,oracle,1.5,1.0,0.81761,0.52369,72046
DRIVE,2.828,K_focal_aug,K_focal_aug_s1,1,14,oracle,2.0,0.0,0.7653,0.72048,43721
DRIVE,2.828,K_focal_aug,K_focal_aug_s1,1,14,oracle,2.0,0.25,0.79399,0.69774,46525
DRIVE,2.828,K_focal_aug,K_focal_aug_s1,1,14,oracle,2.0,0.5,0.8161,0.61635,57119
DRIVE,2.828,K_focal_aug,K_focal_aug_s1,1,14,oracle,2.0,1.0,0.8289,0.50933,75136
DRIVE,2.828,K_focal_aug,K_focal_aug_s1,1,15,raw,0.0,0.0,0.51122,0.80111,28384
DRIVE,2.828,K_focal_aug,K_focal_aug_s1,1,15,isotropic,0.25,0.25,0.51122,0.80111,28384
DRIVE,2.828,K_focal_aug,K_focal_aug_s1,1,15,isotropic,0.5,0.5,0.75629,0.63891,47241
DRIVE,2.828,K_focal_aug,K_focal_aug_s1,1,15,isotropic,0.75,0.75,0.76382,0.57799,54979
DRIVE,2.828,K_focal_aug,K_focal_aug_s1,1,15,isotropic,1.0,1.0,0.78404,0.51166,65492
DRIVE,2.828,K_focal_aug,K_focal_aug_s1,1,15,isotropic,1.5,1.5,0.81558,0.41393,87290
DRIVE,2.828,K_focal_aug,K_focal_aug_s1,1,15,oracle,0.0,0.25,0.51122,0.80111,28384
DRIVE,2.828,K_focal_aug,K_focal_aug_s1,1,15,oracle,0.0,0.5,0.55365,0.7343,35098
DRIVE,2.828,K_focal_aug,K_focal_aug_s1,1,15,oracle,0.0,1.0,0.71214,0.5966,51937
DRIVE,2.828,K_focal_aug,K_focal_aug_s1,1,15,oracle,0.5,0.0,0.55381,0.79175,30009
DRIVE,2.828,K_focal_aug,K_focal_aug_s1,1,15,oracle,0.5,0.25,0.60081,0.77907,31644
DRIVE,2.828,K_focal_aug,K_focal_aug_s1,1,15,oracle,0.5,0.5,0.7547,0.64612,46348
DRIVE,2.828,K_focal_aug,K_focal_aug_s1,1,15,oracle,0.5,1.0,0.7597,0.54449,59767
DRIVE,2.828,K_focal_aug,K_focal_aug_s1,1,15,oracle,1.0,0.0,0.67157,0.76388,33987
DRIVE,2.828,K_focal_aug,K_focal_aug_s1,1,15,oracle,1.0,0.25,0.69205,0.74334,36388
DRIVE,2.828,K_focal_aug,K_focal_aug_s1,1,15,oracle,1.0,0.5,0.76405,0.63488,47877
DRIVE,2.828,K_focal_aug,K_focal_aug_s1,1,15,oracle,1.0,1.0,0.78311,0.51621,64687
DRIVE,2.828,K_focal_aug,K_focal_aug_s1,1,15,oracle,1.5,0.0,0.71875,0.74416,36298
DRIVE,2.828,K_focal_aug,K_focal_aug_s1,1,15,oracle,1.5,0.25,0.76679,0.71309,39657
DRIVE,2.828,K_focal_aug,K_focal_aug_s1,1,15,oracle,1.5,0.5,0.78961,0.62255,49601
DRIVE,2.828,K_focal_aug,K_focal_aug_s1,1,15,oracle,1.5,1.0,0.79613,0.50441,67055
DRIVE,2.828,K_focal_aug,K_focal_aug_s1,1,15,oracle,2.0,0.0,0.75529,0.71559,39386
DRIVE,2.828,K_focal_aug,K_focal_aug_s1,1,15,oracle,2.0,0.25,0.77668,0.69277,41880
DRIVE,2.828,K_focal_aug,K_focal_aug_s1,1,15,oracle,2.0,0.5,0.8057,0.6049,51946
DRIVE,2.828,K_focal_aug,K_focal_aug_s1,1,15,oracle,2.0,1.0,0.81276,0.49294,69432
DRIVE,2.828,K_focal_aug,K_focal_aug_s1,1,16,raw,0.0,0.0,0.55386,0.83449,32343
DRIVE,2.828,K_focal_aug,K_focal_aug_s1,1,16,isotropic,0.25,0.25,0.55386,0.83449,32343
DRIVE,2.828,K_focal_aug,K_focal_aug_s1,1,16,isotropic,0.5,0.5,0.80173,0.67815,53485
DRIVE,2.828,K_focal_aug,K_focal_aug_s1,1,16,isotropic,0.75,0.75,0.81458,0.61612,62288
DRIVE,2.828,K_focal_aug,K_focal_aug_s1,1,16,isotropic,1.0,1.0,0.83311,0.5512,73648
DRIVE,2.828,K_focal_aug,K_focal_aug_s1,1,16,isotropic,1.5,1.5,0.8609,0.45048,97883
DRIVE,2.828,K_focal_aug,K_focal_aug_s1,1,16,oracle,0.0,0.25,0.55386,0.83449,32343
DRIVE,2.828,K_focal_aug,K_focal_aug_s1,1,16,oracle,0.0,0.5,0.62717,0.77348,39747
DRIVE,2.828,K_focal_aug,K_focal_aug_s1,1,16,oracle,0.0,1.0,0.7591,0.63237,58990
DRIVE,2.828,K_focal_aug,K_focal_aug_s1,1,16,oracle,0.5,0.0,0.58907,0.82424,34212
DRIVE,2.828,K_focal_aug,K_focal_aug_s1,1,16,oracle,0.5,0.25,0.61298,0.81141,36284
DRIVE,2.828,K_focal_aug,K_focal_aug_s1,1,16,oracle,0.5,0.5,0.80112,0.68509,52595
DRIVE,2.828,K_focal_aug,K_focal_aug_s1,1,16,oracle,0.5,1.0,0.81498,0.58386,67290
DRIVE,2.828,K_focal_aug,K_focal_aug_s1,1,16,oracle,1.0,0.0,0.73654,0.79757,38983
DRIVE,2.828,K_focal_aug,K_focal_aug_s1,1,16,oracle,1.0,0.25,0.77514,0.77908,41378
DRIVE,2.828,K_focal_aug,K_focal_aug_s1,1,16,oracle,1.0,0.5,0.81868,0.67427,54332
DRIVE,2.828,K_focal_aug,K_focal_aug_s1,1,16,oracle,1.0,1.0,0.83187,0.55546,72813
DRIVE,2.828,K_focal_aug,K_focal_aug_s1,1,16,oracle,1.5,0.0,0.79565,0.7805,41630
DRIVE,2.828,K_focal_aug,K_focal_aug_s1,1,16,oracle,1.5,0.25,0.80275,0.75223,45027
DRIVE,2.828,K_focal_aug,K_focal_aug_s1,1,16,oracle,1.5,0.5,0.83519,0.66117,56465
DRIVE,2.828,K_focal_aug,K_focal_aug_s1,1,16,oracle,1.5,1.0,0.85103,0.54334,75675
DRIVE,2.828,K_focal_aug,K_focal_aug_s1,1,16,oracle,2.0,0.0,0.81009,0.75414,44869
DRIVE,2.828,K_focal_aug,K_focal_aug_s1,1,16,oracle,2.0,0.25,0.8189,0.73006,47838
DRIVE,2.828,K_focal_aug,K_focal_aug_s1,1,16,oracle,2.0,0.5,0.85207,0.6422,59399
DRIVE,2.828,K_focal_aug,K_focal_aug_s1,1,16,oracle,2.0,1.0,0.86132,0.53095,78558
DRIVE,2.828,K_focal_aug,K_focal_aug_s1,1,17,raw,0.0,0.0,0.20885,0.81333,28760
DRIVE,2.828,K_focal_aug,K_focal_aug_s1,1,17,isotropic,0.25,0.25,0.20885,0.81333,28760
DRIVE,2.828,K_focal_aug,K_focal_aug_s1,1,17,isotropic,0.5,0.5,0.34528,0.68363,47010
DRIVE,2.828,K_focal_aug,K_focal_aug_s1,1,17,isotropic,0.75,0.75,0.35652,0.6271,54399
DRIVE,2.828,K_focal_aug,K_focal_aug_s1,1,17,isotropic,1.0,1.0,0.712,0.56268,64606
DRIVE,2.828,K_focal_aug,K_focal_aug_s1,1,17,isotropic,1.5,1.5,0.7651,0.46273,85825
DRIVE,2.828,K_focal_aug,K_focal_aug_s1,1,17,oracle,0.0,0.25,0.20885,0.81333,28760
DRIVE,2.828,K_focal_aug,K_focal_aug_s1,1,17,oracle,0.0,0.5,0.2598,0.76214,35168
DRIVE,2.828,K_focal_aug,K_focal_aug_s1,1,17,oracle,0.0,1.0,0.32566,0.64202,51389
DRIVE,2.828,K_focal_aug,K_focal_aug_s1,1,17,oracle,0.5,0.0,0.23451,0.80862,30304
DRIVE,2.828,K_focal_aug,K_focal_aug_s1,1,17,oracle,0.5,0.25,0.24939,0.80083,31971
DRIVE,2.828,K_focal_aug,K_focal_aug_s1,1,17,oracle,0.5,0.5,0.3418,0.69146,45998
DRIVE,2.828,K_focal_aug,K_focal_aug_s1,1,17,oracle,0.5,1.0,0.6729,0.59374,58977
DRIVE,2.828,K_focal_aug,K_focal_aug_s1,1,17,oracle,1.0,0.0,0.27857,0.79302,34227
DRIVE,2.828,K_focal_aug,K_focal_aug_s1,1,17,oracle,1.0,0.25,0.30294,0.77646,36558
DRIVE,2.828,K_focal_aug,K_focal_aug_s1,1,17,oracle,1.0,0.5,0.35387,0.68217,47663
DRIVE,2.828,K_focal_aug,K_focal_aug_s1,1,17,oracle,1.0,1.0,0.71095,0.56838,63636
DRIVE,2.828,K_focal_aug,K_focal_aug_s1,1,17,oracle,1.5,0.0,0.33554,0.77995,36673
DRIVE,2.828,K_focal_aug,K_focal_aug_s1,1,17,oracle,1.5,0.25,0.35175,0.75379,39899
DRIVE,2.828,K_focal_aug,K_focal_aug_s1,1,17,oracle,1.5,0.5,0.6879,0.67301,49374
DRIVE,2.828,K_focal_aug,K_focal_aug_s1,1,17,oracle,1.5,1.0,0.75245,0.55694,66215
DRIVE,2.828,K_focal_aug,K_focal_aug_s1,1,17,oracle,2.0,0.0,0.66192,0.75636,39896
DRIVE,2.828,K_focal_aug,K_focal_aug_s1,1,17,oracle,2.0,0.25,0.69381,0.73517,42385
DRIVE,2.828,K_focal_aug,K_focal_aug_s1,1,17,oracle,2.0,0.5,0.73035,0.65524,52027
DRIVE,2.828,K_focal_aug,K_focal_aug_s1,1,17,oracle,2.0,1.0,0.77038,0.54509,68829
DRIVE,2.828,K_focal_aug,K_focal_aug_s1,1,18,raw,0.0,0.0,0.26258,0.8036,31693
DRIVE,2.828,K_focal_aug,K_focal_aug_s1,1,18,isotropic,0.25,0.25,0.26258,0.8036,31693
DRIVE,2.828,K_focal_aug,K_focal_aug_s1,1,18,isotropic,0.5,0.5,0.79039,0.64788,50772
DRIVE,2.828,K_focal_aug,K_focal_aug_s1,1,18,isotropic,0.75,0.75,0.79691,0.59357,58287
DRIVE,2.828,K_focal_aug,K_focal_aug_s1,1,18,isotropic,1.0,1.0,0.84905,0.53013,68983
DRIVE,2.828,K_focal_aug,K_focal_aug_s1,1,18,isotropic,1.5,1.5,0.88624,0.43669,90744
DRIVE,2.828,K_focal_aug,K_focal_aug_s1,1,18,oracle,0.0,0.25,0.26258,0.8036,31693
DRIVE,2.828,K_focal_aug,K_focal_aug_s1,1,18,oracle,0.0,0.5,0.63814,0.74433,38341
DRIVE,2.828,K_focal_aug,K_focal_aug_s1,1,18,oracle,0.0,1.0,0.74469,0.60796,55319
DRIVE,2.828,K_focal_aug,K_focal_aug_s1,1,18,oracle,0.5,0.0,0.31235,0.79461,33405
DRIVE,2.828,K_focal_aug,K_focal_aug_s1,1,18,oracle,0.5,0.25,0.32093,0.78087,35095
DRIVE,2.828,K_focal_aug,K_focal_aug_s1,1,18,oracle,0.5,0.5,0.78345,0.65531,49817
DRIVE,2.828,K_focal_aug,K_focal_aug_s1,1,18,oracle,0.5,1.0,0.81854,0.56092,63098
DRIVE,2.828,K_focal_aug,K_focal_aug_s1,1,18,oracle,1.0,0.0,0.6971,0.76496,37462
DRIVE,2.828,K_focal_aug,K_focal_aug_s1,1,18,oracle,1.0,0.25,0.75121,0.74368,39949
DRIVE,2.828,K_focal_aug,K_focal_aug_s1,1,18,oracle,1.0,0.5,0.80064,0.64564,51441
DRIVE,2.828,K_focal_aug,K_focal_aug_s1,1,18,oracle,1.0,1.0,0.84881,0.53479,68132
DRIVE,2.828,K_focal_aug,K_focal_aug_s1,1,18,oracle,1.5,0.0,0.75871,0.74792,39895
DRIVE,2.828,K_focal_aug,K_focal_aug_s1,1,18,oracle,1.5,0.25,0.78854,0.71938,43174
DRIVE,2.828,K_focal_aug,K_focal_aug_s1,1,18,oracle,1.5,0.5,0.8517,0.63516,53322
DRIVE,2.828,K_focal_aug,K_focal_aug_s1,1,18,oracle,1.5,1.0,0.87497,0.52415,70642
DRIVE,2.828,K_focal_aug,K_focal_aug_s1,1,18,oracle,2.0,0.0,0.78762,0.72327,42920
DRIVE,2.828,K_focal_aug,K_focal_aug_s1,1,18,oracle,2.0,0.25,0.81024,0.70105,45497
DRIVE,2.828,K_focal_aug,K_focal_aug_s1,1,18,oracle,2.0,0.5,0.87106,0.61862,55858
DRIVE,2.828,K_focal_aug,K_focal_aug_s1,1,18,oracle,2.0,1.0,0.88649,0.51313,73235
DRIVE,2.828,K_focal_aug,K_focal_aug_s1,1,19,raw,0.0,0.0,0.66318,0.83208,33787
DRIVE,2.828,K_focal_aug,K_focal_aug_s1,1,19,isotropic,0.25,0.25,0.66318,0.83208,33787
DRIVE,2.828,K_focal_aug,K_focal_aug_s1,1,19,isotropic,0.5,0.5,0.79265,0.63579,55537
DRIVE,2.828,K_focal_aug,K_focal_aug_s1,1,19,isotropic,0.75,0.75,0.80108,0.57766,64135
DRIVE,2.828,K_focal_aug,K_focal_aug_s1,1,19,isotropic,1.0,1.0,0.82403,0.51193,76299
DRIVE,2.828,K_focal_aug,K_focal_aug_s1,1,19,isotropic,1.5,1.5,0.85538,0.41799,100538
DRIVE,2.828,K_focal_aug,K_focal_aug_s1,1,19,oracle,0.0,0.25,0.66318,0.83208,33787
DRIVE,2.828,K_focal_aug,K_focal_aug_s1,1,19,oracle,0.0,0.5,0.69177,0.75407,41058
DRIVE,2.828,K_focal_aug,K_focal_aug_s1,1,19,oracle,0.0,1.0,0.78176,0.59738,60593
DRIVE,2.828,K_focal_aug,K_focal_aug_s1,1,19,oracle,0.5,0.0,0.69352,0.81304,35763
DRIVE,2.828,K_focal_aug,K_focal_aug_s1,1,19,oracle,0.5,0.25,0.70084,0.79138,37814
DRIVE,2.828,K_focal_aug,K_focal_aug_s1,1,19,oracle,0.5,0.5,0.78678,0.64406,54407
DRIVE,2.828,K_focal_aug,K_focal_aug_s1,1,19,oracle,0.5,1.0,0.79918,0.54598,69456
DRIVE,2.828,K_focal_aug,K_focal_aug_s1,1,19,oracle,1.0,0.0,0.75225,0.76521,40707
DRIVE,2.828,K_focal_aug,K_focal_aug_s1,1,19,oracle,1.0,0.25,0.76252,0.74233,43221
DRIVE,2.828,K_focal_aug,K_focal_aug_s1,1,19,oracle,1.0,0.5,0.80382,0.63013,56513
DRIVE,2.828,K_focal_aug,K_focal_aug_s1,1,19,oracle,1.0,1.0,0.8221,0.51712,75231
DRIVE,2.828,K_focal_aug,K_focal_aug_s1,1,19,oracle,1.5,0.0,0.78929,0.74174,43390
DRIVE,2.828,K_focal_aug,K_focal_aug_s1,1,19,oracle,1.5,0.25,0.81016,0.70779,47188
DRIVE,2.828,K_focal_aug,K_focal_aug_s1,1,19,oracle,1.5,0.5,0.83928,0.61554,58865
DRIVE,2.828,K_focal_aug,K_focal_aug_s1,1,19,oracle,1.5,1.0,0.84687,0.50346,78407
DRIVE,2.828,K_focal_aug,K_focal_aug_s1,1,19,oracle,2.0,0.0,0.81441,0.71015,47033
DRIVE,2.828,K_focal_aug,K_focal_aug_s1,1,19,oracle,2.0,0.25,0.83087,0.6829,50184
DRIVE,2.828,K_focal_aug,K_focal_aug_s1,1,19,oracle,2.0,0.5,0.84448,0.5963,61882
DRIVE,2.828,K_focal_aug,K_focal_aug_s1,1,19,oracle,2.0,1.0,0.85471,0.49143,81319
DRIVE,2.828,K_focal_aug,K_focal_aug_s1,1,20,raw,0.0,0.0,0.16185,0.79812,29647
DRIVE,2.828,K_focal_aug,K_focal_aug_s1,1,20,isotropic,0.25,0.25,0.16185,0.79812,29647
DRIVE,2.828,K_focal_aug,K_focal_aug_s1,1,20,isotropic,0.5,0.5,0.41804,0.63738,49277
DRIVE,2.828,K_focal_aug,K_focal_aug_s1,1,20,isotropic,0.75,0.75,0.42708,0.57622,57569
DRIVE,2.828,K_focal_aug,K_focal_aug_s1,1,20,isotropic,1.0,1.0,0.43607,0.5131,68013
DRIVE,2.828,K_focal_aug,K_focal_aug_s1,1,20,isotropic,1.5,1.5,0.44395,0.41452,90833
DRIVE,2.828,K_focal_aug,K_focal_aug_s1,1,20,oracle,0.0,0.25,0.16185,0.79812,29647
DRIVE,2.828,K_focal_aug,K_focal_aug_s1,1,20,oracle,0.0,0.5,0.21762,0.729,36961
DRIVE,2.828,K_focal_aug,K_focal_aug_s1,1,20,oracle,0.0,1.0,0.40551,0.59753,53820
DRIVE,2.828,K_focal_aug,K_focal_aug_s1,1,20,oracle,0.5,0.0,0.19516,0.78271,31794
DRIVE,2.828,K_focal_aug,K_focal_aug_s1,1,20,oracle,0.5,0.25,0.22206,0.77018,33459
DRIVE,2.828,K_focal_aug,K_focal_aug_s1,1,20,oracle,0.5,0.5,0.41789,0.64514,48318
DRIVE,2.828,K_focal_aug,K_focal_aug_s1,1,20,oracle,0.5,1.0,0.42513,0.5477,61750
DRIVE,2.828,K_focal_aug,K_focal_aug_s1,1,20,oracle,1.0,0.0,0.30481,0.74832,36439
DRIVE,2.828,K_focal_aug,K_focal_aug_s1,1,20,oracle,1.0,0.25,0.33868,0.73022,38798
DRIVE,2.828,K_focal_aug,K_focal_aug_s1,1,20,oracle,1.0,0.5,0.42758,0.62937,50556
DRIVE,2.828,K_focal_aug,K_focal_aug_s1,1,20,oracle,1.0,1.0,0.43596,0.51786,67157
DRIVE,2.828,K_focal_aug,K_focal_aug_s1,1,20,oracle,1.5,0.0,0.36202,0.72358,39617
DRIVE,2.828,K_focal_aug,K_focal_aug_s1,1,20,oracle,1.5,0.25,0.38958,0.69564,42934
DRIVE,2.828,K_focal_aug,K_focal_aug_s1,1,20,oracle,1.5,0.5,0.43675,0.6088,53471
DRIVE,2.828,K_focal_aug,K_focal_aug_s1,1,20,oracle,1.5,1.0,0.4406,0.50115,70613
DRIVE,2.828,K_focal_aug,K_focal_aug_s1,1,20,oracle,2.0,0.0,0.38964,0.6942,43119
DRIVE,2.828,K_focal_aug,K_focal_aug_s1,1,20,oracle,2.0,0.25,0.40228,0.66964,46035
DRIVE,2.828,K_focal_aug,K_focal_aug_s1,1,20,oracle,2.0,0.5,0.4404,0.58506,56927
DRIVE,2.828,K_focal_aug,K_focal_aug_s1,1,20,oracle,2.0,1.0,0.44892,0.48477,74053
DRIVE,2.828,K_focal_aug,K_focal_aug_s2,2,01,raw,0.0,0.0,0.61585,0.809,36424
DRIVE,2.828,K_focal_aug,K_focal_aug_s2,2,01,isotropic,0.25,0.25,0.61585,0.809,36424
DRIVE,2.828,K_focal_aug,K_focal_aug_s2,2,01,isotropic,0.5,0.5,0.76173,0.64093,59063
DRIVE,2.828,K_focal_aug,K_focal_aug_s2,2,01,isotropic,0.75,0.75,0.76925,0.58257,68293
DRIVE,2.828,K_focal_aug,K_focal_aug_s2,2,01,isotropic,1.0,1.0,0.79907,0.52004,80579
DRIVE,2.828,K_focal_aug,K_focal_aug_s2,2,01,isotropic,1.5,1.5,0.84654,0.4264,105719
DRIVE,2.828,K_focal_aug,K_focal_aug_s2,2,01,oracle,0.0,0.25,0.61585,0.809,36424
DRIVE,2.828,K_focal_aug,K_focal_aug_s2,2,01,oracle,0.0,0.5,0.66543,0.73692,44462
DRIVE,2.828,K_focal_aug,K_focal_aug_s2,2,01,oracle,0.0,1.0,0.74828,0.60035,64602
DRIVE,2.828,K_focal_aug,K_focal_aug_s2,2,01,oracle,0.5,0.0,0.66343,0.79575,38493
DRIVE,2.828,K_focal_aug,K_focal_aug_s2,2,01,oracle,0.5,0.25,0.68686,0.78148,40607
DRIVE,2.828,K_focal_aug,K_focal_aug_s2,2,01,oracle,0.5,0.5,0.76023,0.64892,57896
DRIVE,2.828,K_focal_aug,K_focal_aug_s2,2,01,oracle,0.5,1.0,0.76793,0.55252,73568
DRIVE,2.828,K_focal_aug,K_focal_aug_s2,2,01,oracle,1.0,0.0,0.72455,0.75979,43886
DRIVE,2.828,K_focal_aug,K_focal_aug_s2,2,01,oracle,1.0,0.25,0.74917,0.73912,46488
DRIVE,2.828,K_focal_aug,K_focal_aug_s2,2,01,oracle,1.0,0.5,0.77358,0.63509,60233
DRIVE,2.828,K_focal_aug,K_focal_aug_s2,2,01,oracle,1.0,1.0,0.7983,0.52503,79487
DRIVE,2.828,K_focal_aug,K_focal_aug_s2,2,01,oracle,1.5,0.0,0.76486,0.73519,47171
DRIVE,2.828,K_focal_aug,K_focal_aug_s2,2,01,oracle,1.5,0.25,0.77636,0.70322,51280
DRIVE,2.828,K_focal_aug,K_focal_aug_s2,2,01,oracle,1.5,0.5,0.79297,0.61913,62980
DRIVE,2.828,K_focal_aug,K_focal_aug_s2,2,01,oracle,1.5,1.0,0.83161,0.51121,82937
DRIVE,2.828,K_focal_aug,K_focal_aug_s2,2,01,oracle,2.0,0.0,0.77864,0.69993,51737
DRIVE,2.828,K_focal_aug,K_focal_aug_s2,2,01,oracle,2.0,0.25,0.79201,0.67664,54891
DRIVE,2.828,K_focal_aug,K_focal_aug_s2,2,01,oracle,2.0,0.5,0.83141,0.59641,66860
DRIVE,2.828,K_focal_aug,K_focal_aug_s2,2,01,oracle,2.0,1.0,0.84655,0.49652,86633
DRIVE,2.828,K_focal_aug,K_focal_aug_s2,2,02,raw,0.0,0.0,0.57834,0.83601,36700
DRIVE,2.828,K_focal_aug,K_focal_aug_s2,2,02,isotropic,0.25,0.25,0.57834,0.83601,36700
DRIVE,2.828,K_focal_aug,K_focal_aug_s2,2,02,isotropic,0.5,0.5,0.74508,0.70343,58776
DRIVE,2.828,K_focal_aug,K_focal_aug_s2,2,02,isotropic,0.75,0.75,0.75703,0.64258,67993
DRIVE,2.828,K_focal_aug,K_focal_aug_s2,2,02,isotropic,1.0,1.0,0.79485,0.57843,79765
DRIVE,2.828,K_focal_aug,K_focal_aug_s2,2,02,isotropic,1.5,1.5,0.85361,0.47727,104786
DRIVE,2.828,K_focal_aug,K_focal_aug_s2,2,02,oracle,0.0,0.25,0.57834,0.83601,36700
DRIVE,2.828,K_focal_aug,K_focal_aug_s2,2,02,oracle,0.0,0.5,0.64602,0.78149,44581
DRIVE,2.828,K_focal_aug,K_focal_aug_s2,2,02,oracle,0.0,1.0,0.72386,0.66004,64461
DRIVE,2.828,K_focal_aug,K_focal_aug_s2,2,02,oracle,0.5,0.0,0.62549,0.82664,38783
DRIVE,2.828,K_focal_aug,K_focal_aug_s2,2,02,oracle,0.5,0.25,0.63473,0.81962,40898
DRIVE,2.828,K_focal_aug,K_focal_aug_s2,2,02,oracle,0.5,0.5,0.74285,0.71078,57701
DRIVE,2.828,K_focal_aug,K_focal_aug_s2,2,02,oracle,0.5,1.0,0.7559,0.61187,73021
DRIVE,2.828,K_focal_aug,K_focal_aug_s2,2,02,oracle,1.0,0.0,0.70045,0.80511,44023
DRIVE,2.828,K_focal_aug,K_focal_aug_s2,2,02,oracle,1.0,0.25,0.72058,0.79258,46515
DRIVE,2.828,K_focal_aug,K_focal_aug_s2,2,02,oracle,1.0,0.5,0.77162,0.69775,59862
DRIVE,2.828,K_focal_aug,K_focal_aug_s2,2,02,oracle,1.0,1.0,0.7937,0.58329,78769
DRIVE,2.828,K_focal_aug,K_focal_aug_s2,2,02,oracle,1.5,0.0,0.75077,0.7872,47114
DRIVE,2.828,K_focal_aug,K_focal_aug_s2,2,02,oracle,1.5,0.25,0.75958,0.7638,50808
DRIVE,2.828,K_focal_aug,K_focal_aug_s2,2,02,oracle,1.5,0.5,0.7876,0.68066,62658
DRIVE,2.828,K_focal_aug,K_focal_aug_s2,2,02,oracle,1.5,1.0,0.83738,0.56851,82137
DRIVE,2.828,K_focal_aug,K_focal_aug_s2,2,02,oracle,2.0,0.0,0.76954,0.76113,51068
DRIVE,2.828,K_focal_aug,K_focal_aug_s2,2,02,oracle,2.0,0.25,0.77864,0.74027,54137
DRIVE,2.828,K_focal_aug,K_focal_aug_s2,2,02,oracle,2.0,0.5,0.83581,0.65907,66115
DRIVE,2.828,K_focal_aug,K_focal_aug_s2,2,02,oracle,2.0,1.0,0.84925,0.55388,85496
DRIVE,2.828,K_focal_aug,K_focal_aug_s2,2,03,raw,0.0,0.0,0.1275,0.78921,30796
DRIVE,2.828,K_focal_aug,K_focal_aug_s2,2,03,isotropic,0.25,0.25,0.1275,0.78921,30796
DRIVE,2.828,K_focal_aug,K_focal_aug_s2,2,03,isotropic,0.5,0.5,0.4623,0.71319,49825
DRIVE,2.828,K_focal_aug,K_focal_aug_s2,2,03,isotropic,0.75,0.75,0.50509,0.6592,57835
DRIVE,2.828,K_focal_aug,K_focal_aug_s2,2,03,isotropic,1.0,1.0,0.58319,0.59965,68050
DRIVE,2.828,K_focal_aug,K_focal_aug_s2,2,03,isotropic,1.5,1.5,0.66771,0.50175,90064
DRIVE,2.828,K_focal_aug,K_focal_aug_s2,2,03,oracle,0.0,0.25,0.1275,0.78921,30796
DRIVE,2.828,K_focal_aug,K_focal_aug_s2,2,03,oracle,0.0,0.5,0.14889,0.7628,37734
DRIVE,2.828,K_focal_aug,K_focal_aug_s2,2,03,oracle,0.0,1.0,0.44227,0.67167,54620
DRIVE,2.828,K_focal_aug,K_focal_aug_s2,2,03,oracle,0.5,0.0,0.13326,0.79042,32513
DRIVE,2.828,K_focal_aug,K_focal_aug_s2,2,03,oracle,0.5,0.25,0.17061,0.78911,34322
DRIVE,2.828,K_focal_aug,K_focal_aug_s2,2,03,oracle,0.5,0.5,0.45833,0.71883,48934
DRIVE,2.828,K_focal_aug,K_focal_aug_s2,2,03,oracle,0.5,1.0,0.56136,0.62924,62269
DRIVE,2.828,K_focal_aug,K_focal_aug_s2,2,03,oracle,1.0,0.0,0.18673,0.78785,37059
DRIVE,2.828,K_focal_aug,K_focal_aug_s2,2,03,oracle,1.0,0.25,0.21157,0.78004,39249
DRIVE,2.828,K_focal_aug,K_focal_aug_s2,2,03,oracle,1.0,0.5,0.49305,0.71105,50738
DRIVE,2.828,K_focal_aug,K_focal_aug_s2,2,03,oracle,1.0,1.0,0.58203,0.60404,67260
DRIVE,2.828,K_focal_aug,K_focal_aug_s2,2,03,oracle,1.5,0.0,0.23198,0.77885,39737
DRIVE,2.828,K_focal_aug,K_focal_aug_s2,2,03,oracle,1.5,0.25,0.25583,0.76393,43166
DRIVE,2.828,K_focal_aug,K_focal_aug_s2,2,03,oracle,1.5,0.5,0.56991,0.70054,52952
DRIVE,2.828,K_focal_aug,K_focal_aug_s2,2,03,oracle,1.5,1.0,0.5984,0.59309,70097
DRIVE,2.828,K_focal_aug,K_focal_aug_s2,2,03,oracle,2.0,0.0,0.26246,0.76081,43576
DRIVE,2.828,K_focal_aug,K_focal_aug_s2,2,03,oracle,2.0,0.25,0.57432,0.74658,46161
DRIVE,2.828,K_focal_aug,K_focal_aug_s2,2,03,oracle,2.0,0.5,0.59889,0.68185,56133
DRIVE,2.828,K_focal_aug,K_focal_aug_s2,2,03,oracle,2.0,1.0,0.64336,0.58065,73144
DRIVE,2.828,K_focal_aug,K_focal_aug_s2,2,04,raw,0.0,0.0,0.34117,0.81408,30424
DRIVE,2.828,K_focal_aug,K_focal_aug_s2,2,04,isotropic,0.25,0.25,0.34117,0.81408,30424
DRIVE,2.828,K_focal_aug,K_focal_aug_s2,2,04,isotropic,0.5,0.5,0.60091,0.70563,48523
DRIVE,2.828,K_focal_aug,K_focal_aug_s2,2,04,isotropic,0.75,0.75,0.61436,0.64775,56080
DRIVE,2.828,K_focal_aug,K_focal_aug_s2,2,04,isotropic,1.0,1.0,0.63382,0.58448,66012
DRIVE,2.828,K_focal_aug,K_focal_aug_s2,2,04,isotropic,1.5,1.5,0.67001,0.48501,87009
DRIVE,2.828,K_focal_aug,K_focal_aug_s2,2,04,oracle,0.0,0.25,0.34117,0.81408,30424
DRIVE,2.828,K_focal_aug,K_focal_aug_s2,2,04,oracle,0.0,0.5,0.45005,0.77656,36927
DRIVE,2.828,K_focal_aug,K_focal_aug_s2,2,04,oracle,0.0,1.0,0.58729,0.66106,53548
DRIVE,2.828,K_focal_aug,K_focal_aug_s2,2,04,oracle,0.5,0.0,0.41097,0.81278,31948
DRIVE,2.828,K_focal_aug,K_focal_aug_s2,2,04,oracle,0.5,0.25,0.41833,0.80582,33732
DRIVE,2.828,K_focal_aug,K_focal_aug_s2,2,04,oracle,0.5,0.5,0.59969,0.71133,47781
DRIVE,2.828,K_focal_aug,K_focal_aug_s2,2,04,oracle,0.5,1.0,0.61383,0.61535,60612
DRIVE,2.828,K_focal_aug,K_focal_aug_s2,2,04,oracle,1.0,0.0,0.54652,0.79925,35973
DRIVE,2.828,K_focal_aug,K_focal_aug_s2,2,04,oracle,1.0,0.25,0.57975,0.789,37950
DRIVE,2.828,K_focal_aug,K_focal_aug_s2,2,04,oracle,1.0,0.5,0.61086,0.70355,49097
DRIVE,2.828,K_focal_aug,K_focal_aug_s2,2,04,oracle,1.0,1.0,0.63365,0.58862,65320
DRIVE,2.828,K_focal_aug,K_focal_aug_s2,2,04,oracle,1.5,0.0,0.59125,0.78958,38171
DRIVE,2.828,K_focal_aug,K_focal_aug_s2,2,04,oracle,1.5,0.25,0.61068,0.76876,41153
DRIVE,2.828,K_focal_aug,K_focal_aug_s2,2,04,oracle,1.5,0.5,0.62743,0.69368,50712
DRIVE,2.828,K_focal_aug,K_focal_aug_s2,2,04,oracle,1.5,1.0,0.65107,0.57886,67456
DRIVE,2.828,K_focal_aug,K_focal_aug_s2,2,04,oracle,2.0,0.0,0.62211,0.76895,41094
DRIVE,2.828,K_focal_aug,K_focal_aug_s2,2,04,oracle,2.0,0.25,0.62885,0.75247,43459
DRIVE,2.828,K_focal_aug,K_focal_aug_s2,2,04,oracle,2.0,0.5,0.64584,0.67718,53071
DRIVE,2.828,K_focal_aug,K_focal_aug_s2,2,04,oracle,2.0,1.0,0.66233,0.5679,69720
DRIVE,2.828,K_focal_aug,K_focal_aug_s2,2,05,raw,0.0,0.0,0.3239,0.80717,29169
DRIVE,2.828,K_focal_aug,K_focal_aug_s2,2,05,isotropic,0.25,0.25,0.3239,0.80717,29169
DRIVE,2.828,K_focal_aug,K_focal_aug_s2,2,05,isotropic,0.5,0.5,0.54995,0.70884,48135
DRIVE,2.828,K_focal_aug,K_focal_aug_s2,2,05,isotropic,0.75,0.75,0.57778,0.64922,56040
DRIVE,2.828,K_focal_aug,K_focal_aug_s2,2,05,isotropic,1.0,1.0,0.60862,0.58424,66402
DRIVE,2.828,K_focal_aug,K_focal_aug_s2,2,05,isotropic,1.5,1.5,0.66078,0.48222,88437
DRIVE,2.828,K_focal_aug,K_focal_aug_s2,2,05,oracle,0.0,0.25,0.3239,0.80717,29169
DRIVE,2.828,K_focal_aug,K_focal_aug_s2,2,05,oracle,0.0,0.5,0.42078,0.77591,36147
DRIVE,2.828,K_focal_aug,K_focal_aug_s2,2,05,oracle,0.0,1.0,0.53172,0.66332,53239
DRIVE,2.828,K_focal_aug,K_focal_aug_s2,2,05,oracle,0.5,0.0,0.38254,0.80926,30848
DRIVE,2.828,K_focal_aug,K_focal_aug_s2,2,05,oracle,0.5,0.25,0.40506,0.80475,32705
DRIVE,2.828,K_focal_aug,K_focal_aug_s2,2,05,oracle,0.5,0.5,0.5484,0.71631,47129
DRIVE,2.828,K_focal_aug,K_focal_aug_s2,2,05,oracle,0.5,1.0,0.58573,0.61608,60754
DRIVE,2.828,K_focal_aug,K_focal_aug_s2,2,05,oracle,1.0,0.0,0.46525,0.80097,35135
DRIVE,2.828,K_focal_aug,K_focal_aug_s2,2,05,oracle,1.0,0.25,0.51139,0.79251,37218
DRIVE,2.828,K_focal_aug,K_focal_aug_s2,2,05,oracle,1.0,0.5,0.5713,0.70654,48752
DRIVE,2.828,K_focal_aug,K_focal_aug_s2,2,05,oracle,1.0,1.0,0.60392,0.58985,65429
DRIVE,2.828,K_focal_aug,K_focal_aug_s2,2,05,oracle,1.5,0.0,0.53032,0.79247,37484
DRIVE,2.828,K_focal_aug,K_focal_aug_s2,2,05,oracle,1.5,0.25,0.56501,0.7722,40737
DRIVE,2.828,K_focal_aug,K_focal_aug_s2,2,05,oracle,1.5,0.5,0.601,0.69556,50530
DRIVE,2.828,K_focal_aug,K_focal_aug_s2,2,05,oracle,1.5,1.0,0.62419,0.57749,68018
DRIVE,2.828,K_focal_aug,K_focal_aug_s2,2,05,oracle,2.0,0.0,0.55864,0.76993,40821
DRIVE,2.828,K_focal_aug,K_focal_aug_s2,2,05,oracle,2.0,0.25,0.58224,0.75242,43354
DRIVE,2.828,K_focal_aug,K_focal_aug_s2,2,05,oracle,2.0,0.5,0.6145,0.67679,53157
DRIVE,2.828,K_focal_aug,K_focal_aug_s2,2,05,oracle,2.0,1.0,0.6416,0.56525,70532
DRIVE,2.828,K_focal_aug,K_focal_aug_s2,2,06,raw,0.0,0.0,0.32163,0.80114,29631
DRIVE,2.828,K_focal_aug,K_focal_aug_s2,2,06,isotropic,0.25,0.25,0.32163,0.80114,29631
DRIVE,2.828,K_focal_aug,K_focal_aug_s2,2,06,isotropic,0.5,0.5,0.45712,0.70565,49122
DRIVE,2.828,K_focal_aug,K_focal_aug_s2,2,06,isotropic,0.75,0.75,0.47956,0.65016,56853
DRIVE,2.828,K_focal_aug,K_focal_aug_s2,2,06,isotropic,1.0,1.0,0.52129,0.5847,67833
DRIVE,2.828,K_focal_aug,K_focal_aug_s2,2,06,isotropic,1.5,1.5,0.57159,0.48794,89662
DRIVE,2.828,K_focal_aug,K_focal_aug_s2,2,06,oracle,0.0,0.25,0.32163,0.80114,29631
DRIVE,2.828,K_focal_aug,K_focal_aug_s2,2,06,oracle,0.0,0.5,0.37051,0.7717,36079
DRIVE,2.828,K_focal_aug,K_focal_aug_s2,2,06,oracle,0.0,1.0,0.44691,0.66226,53965
DRIVE,2.828,K_focal_aug,K_focal_aug_s2,2,06,oracle,0.5,0.0,0.36084,0.80154,31339
DRIVE,2.828,K_focal_aug,K_focal_aug_s2,2,06,oracle,0.5,0.25,0.37771,0.79694,33309
DRIVE,2.828,K_focal_aug,K_focal_aug_s2,2,06,oracle,0.5,0.5,0.45536,0.71242,48193
DRIVE,2.828,K_focal_aug,K_focal_aug_s2,2,06,oracle,0.5,1.0,0.49248,0.61649,61741
DRIVE,2.828,K_focal_aug,K_focal_aug_s2,2,06,oracle,1.0,0.0,0.43733,0.79231,35936
DRIVE,2.828,K_focal_aug,K_focal_aug_s2,2,06,oracle,1.0,0.25,0.44959,0.78422,38091
DRIVE,2.828,K_focal_aug,K_focal_aug_s2,2,06,oracle,1.0,0.5,0.4808,0.70339,49884
DRIVE,2.828,K_focal_aug,K_focal_aug_s2,2,06,oracle,1.0,1.0,0.52042,0.58949,66970
DRIVE,2.828,K_focal_aug,K_focal_aug_s2,2,06,oracle,1.5,0.0,0.46339,0.7845,38319
DRIVE,2.828,K_focal_aug,K_focal_aug_s2,2,06,oracle,1.5,0.25,0.48273,0.76607,41681
DRIVE,2.828,K_focal_aug,K_focal_aug_s2,2,06,oracle,1.5,0.5,0.51711,0.69319,51921
DRIVE,2.828,K_focal_aug,K_focal_aug_s2,2,06,oracle,1.5,1.0,0.54416,0.57833,69673
DRIVE,2.828,K_focal_aug,K_focal_aug_s2,2,06,oracle,2.0,0.0,0.50067,0.76512,41755
DRIVE,2.828,K_focal_aug,K_focal_aug_s2,2,06,oracle,2.0,0.25,0.5125,0.74859,44396
DRIVE,2.828,K_focal_aug,K_focal_aug_s2,2,06,oracle,2.0,0.5,0.53082,0.67611,54621
DRIVE,2.828,K_focal_aug,K_focal_aug_s2,2,06,oracle,2.0,1.0,0.5597,0.56713,72291
DRIVE,2.828,K_focal_aug,K_focal_aug_s2,2,07,raw,0.0,0.0,0.41125,0.81392,28726
DRIVE,2.828,K_focal_aug,K_focal_aug_s2,2,07,isotropic,0.25,0.25,0.41125,0.81392,28726
DRIVE,2.828,K_focal_aug,K_focal_aug_s2,2,07,isotropic,0.5,0.5,0.55383,0.70973,47193
DRIVE,2.828,K_focal_aug,K_focal_aug_s2,2,07,isotropic,0.75,0.75,0.57459,0.65324,54534
DRIVE,2.828,K_focal_aug,K_focal_aug_s2,2,07,isotropic,1.0,1.0,0.60437,0.5863,65000
DRIVE,2.828,K_focal_aug,K_focal_aug_s2,2,07,isotropic,1.5,1.5,0.66364,0.48598,86108
DRIVE,2.828,K_focal_aug,K_focal_aug_s2,2,07,oracle,0.0,0.25,0.41125,0.81392,28726
DRIVE,2.828,K_focal_aug,K_focal_aug_s2,2,07,oracle,0.0,0.5,0.45893,0.77637,35090
DRIVE,2.828,K_focal_aug,K_focal_aug_s2,2,07,oracle,0.0,1.0,0.53068,0.66666,51620
DRIVE,2.828,K_focal_aug,K_focal_aug_s2,2,07,oracle,0.5,0.0,0.44518,0.8124,30382
DRIVE,2.828,K_focal_aug,K_focal_aug_s2,2,07,oracle,0.5,0.25,0.45959,0.80763,32176
DRIVE,2.828,K_focal_aug,K_focal_aug_s2,2,07,oracle,0.5,0.5,0.54854,0.71742,46255
DRIVE,2.828,K_focal_aug,K_focal_aug_s2,2,07,oracle,0.5,1.0,0.56803,0.61927,59134
DRIVE,2.828,K_focal_aug,K_focal_aug_s2,2,07,oracle,1.0,0.0,0.5196,0.8022,34595
DRIVE,2.828,K_focal_aug,K_focal_aug_s2,2,07,oracle,1.0,0.25,0.54541,0.79332,36774
DRIVE,2.828,K_focal_aug,K_focal_aug_s2,2,07,oracle,1.0,0.5,0.58255,0.70718,47936
DRIVE,2.828,K_focal_aug,K_focal_aug_s2,2,07,oracle,1.0,1.0,0.60332,0.59135,64137
DRIVE,2.828,K_focal_aug,K_focal_aug_s2,2,07,oracle,1.5,0.0,0.55933,0.79264,36940
DRIVE,2.828,K_focal_aug,K_focal_aug_s2,2,07,oracle,1.5,0.25,0.58903,0.77264,40129
DRIVE,2.828,K_focal_aug,K_focal_aug_s2,2,07,oracle,1.5,0.5,0.61759,0.69628,49862
DRIVE,2.828,K_focal_aug,K_focal_aug_s2,2,07,oracle,1.5,1.0,0.64594,0.57942,66704
DRIVE,2.828,K_focal_aug,K_focal_aug_s2,2,07,oracle,2.0,0.0,0.58925,0.77275,40140
DRIVE,2.828,K_focal_aug,K_focal_aug_s2,2,07,oracle,2.0,0.25,0.60768,0.75413,42647
DRIVE,2.828,K_focal_aug,K_focal_aug_s2,2,07,oracle,2.0,0.5,0.63685,0.67758,52510
DRIVE,2.828,K_focal_aug,K_focal_aug_s2,2,07,oracle,2.0,1.0,0.66055,0.56736,69281
DRIVE,2.828,K_focal_aug,K_focal_aug_s2,2,08,raw,0.0,0.0,0.11977,0.79346,26633
DRIVE,2.828,K_focal_aug,K_focal_aug_s2,2,08,isotropic,0.25,0.25,0.11977,0.79346,26633
DRIVE,2.828,K_focal_aug,K_focal_aug_s2,2,08,isotropic,0.5,0.5,0.43898,0.70319,44129
DRIVE,2.828,K_focal_aug,K_focal_aug_s2,2,08,isotropic,0.75,0.75,0.45377,0.64696,51260
DRIVE,2.828,K_focal_aug,K_focal_aug_s2,2,08,isotropic,1.0,1.0,0.53055,0.58156,61057
DRIVE,2.828,K_focal_aug,K_focal_aug_s2,2,08,isotropic,1.5,1.5,0.5686,0.48074,81455
DRIVE,2.828,K_focal_aug,K_focal_aug_s2,2,08,oracle,0.0,0.25,0.11977,0.79346,26633
DRIVE,2.828,K_focal_aug,K_focal_aug_s2,2,08,oracle,0.0,0.5,0.14271,0.76457,32607
DRIVE,2.828,K_focal_aug,K_focal_aug_s2,2,08,oracle,0.0,1.0,0.40921,0.65929,48585
DRIVE,2.828,K_focal_aug,K_focal_aug_s2,2,08,oracle,0.5,0.0,0.1402,0.79427,28113
DRIVE,2.828,K_focal_aug,K_focal_aug_s2,2,08,oracle,0.5,0.25,0.17412,0.7902,29847
DRIVE,2.828,K_focal_aug,K_focal_aug_s2,2,08,oracle,0.5,0.5,0.43684,0.71033,43195
DRIVE,2.828,K_focal_aug,K_focal_aug_s2,2,08,oracle,0.5,1.0,0.45329,0.61325,55636
DRIVE,2.828,K_focal_aug,K_focal_aug_s2,2,08,oracle,1.0,0.0,0.19687,0.78827,32245
DRIVE,2.828,K_focal_aug,K_focal_aug_s2,2,08,oracle,1.0,0.25,0.20762,0.77984,34244
DRIVE,2.828,K_focal_aug,K_focal_aug_s2,2,08,oracle,1.0,0.5,0.45485,0.70106,44794
DRIVE,2.828,K_focal_aug,K_focal_aug_s2,2,08,oracle,1.0,1.0,0.47758,0.58689,60183
DRIVE,2.828,K_focal_aug,K_focal_aug_s2,2,08,oracle,1.5,0.0,0.42595,0.7822,34444
DRIVE,2.828,K_focal_aug,K_focal_aug_s2,2,08,oracle,1.5,0.25,0.50789,0.76231,37537
DRIVE,2.828,K_focal_aug,K_focal_aug_s2,2,08,oracle,1.5,0.5,0.52433,0.69159,46560
DRIVE,2.828,K_focal_aug,K_focal_aug_s2,2,08,oracle,1.5,1.0,0.5458,0.5749,62788
DRIVE,2.828,K_focal_aug,K_focal_aug_s2,2,08,oracle,2.0,0.0,0.5142,0.76122,37676
DRIVE,2.828,K_focal_aug,K_focal_aug_s2,2,08,oracle,2.0,0.25,0.52362,0.7452,39958
DRIVE,2.828,K_focal_aug,K_focal_aug_s2,2,08,oracle,2.0,0.5,0.53572,0.67276,49157
DRIVE,2.828,K_focal_aug,K_focal_aug_s2,2,08,oracle,2.0,1.0,0.55989,0.56295,65257
DRIVE,2.828,K_focal_aug,K_focal_aug_s2,2,09,raw,0.0,0.0,0.21685,0.80178,27578
DRIVE,2.828,K_focal_aug,K_focal_aug_s2,2,09,isotropic,0.25,0.25,0.21685,0.80178,27578
DRIVE,2.828,K_focal_aug,K_focal_aug_s2,2,09,isotropic,0.5,0.5,0.59293,0.6756,46418
DRIVE,2.828,K_focal_aug,K_focal_aug_s2,2,09,isotropic,0.75,0.75,0.61087,0.61542,54088
DRIVE,2.828,K_focal_aug,K_focal_aug_s2,2,09,isotropic,1.0,1.0,0.64351,0.54884,64517
DRIVE,2.828,K_focal_aug,K_focal_aug_s2,2,09,isotropic,1.5,1.5,0.70704,0.44856,86176
DRIVE,2.828,K_focal_aug,K_focal_aug_s2,2,09,oracle,0.0,0.25,0.21685,0.80178,27578
DRIVE,2.828,K_focal_aug,K_focal_aug_s2,2,09,oracle,0.0,0.5,0.46198,0.75928,34101
DRIVE,2.828,K_focal_aug,K_focal_aug_s2,2,09,oracle,0.0,1.0,0.56623,0.63091,51146
DRIVE,2.828,K_focal_aug,K_focal_aug_s2,2,09,oracle,0.5,0.0,0.23684,0.80017,29182
DRIVE,2.828,K_focal_aug,K_focal_aug_s2,2,09,oracle,0.5,0.25,0.25575,0.79114,31006
DRIVE,2.828,K_focal_aug,K_focal_aug_s2,2,09,oracle,0.5,0.5,0.59169,0.6845,45347
DRIVE,2.828,K_focal_aug,K_focal_aug_s2,2,09,oracle,0.5,1.0,0.60997,0.58083,58805
DRIVE,2.828,K_focal_aug,K_focal_aug_s2,2,09,oracle,1.0,0.0,0.54647,0.78142,33465
DRIVE,2.828,K_focal_aug,K_focal_aug_s2,2,09,oracle,1.0,0.25,0.56457,0.76765,35657
DRIVE,2.828,K_focal_aug,K_focal_aug_s2,2,09,oracle,1.0,0.5,0.61518,0.67305,47105
DRIVE,2.828,K_focal_aug,K_focal_aug_s2,2,09,oracle,1.0,1.0,0.64259,0.55466,63524
DRIVE,2.828,K_focal_aug,K_focal_aug_s2,2,09,oracle,1.5,0.0,0.59965,0.76921,35874
DRIVE,2.828,K_focal_aug,K_focal_aug_s2,2,09,oracle,1.5,0.25,0.61536,0.7424,39226
DRIVE,2.828,K_focal_aug,K_focal_aug_s2,2,09,oracle,1.5,0.5,0.65454,0.66129,48975
DRIVE,2.828,K_focal_aug,K_focal_aug_s2,2,09,oracle,1.5,1.0,0.68186,0.54175,66272
DRIVE,2.828,K_focal_aug,K_focal_aug_s2,2,09,oracle,2.0,0.0,0.63761,0.74083,39404
DRIVE,2.828,K_focal_aug,K_focal_aug_s2,2,09,oracle,2.0,0.25,0.64588,0.72065,41933
DRIVE,2.828,K_focal_aug,K_focal_aug_s2,2,09,oracle,2.0,0.5,0.68016,0.64047,51880
DRIVE,2.828,K_focal_aug,K_focal_aug_s2,2,09,oracle,2.0,1.0,0.69327,0.52885,68969
DRIVE,2.828,K_focal_aug,K_focal_aug_s2,2,10,raw,0.0,0.0,0.38313,0.79765,28558
DRIVE,2.828,K_focal_aug,K_focal_aug_s2,2,10,isotropic,0.25,0.25,0.38313,0.79765,28558
DRIVE,2.828,K_focal_aug,K_focal_aug_s2,2,10,isotropic,0.5,0.5,0.57512,0.67183,47023
DRIVE,2.828,K_focal_aug,K_focal_aug_s2,2,10,isotropic,0.75,0.75,0.59166,0.61297,54610
DRIVE,2.828,K_focal_aug,K_focal_aug_s2,2,10,isotropic,1.0,1.0,0.61546,0.54955,64661
DRIVE,2.828,K_focal_aug,K_focal_aug_s2,2,10,isotropic,1.5,1.5,0.6616,0.45233,85608
DRIVE,2.828,K_focal_aug,K_focal_aug_s2,2,10,oracle,0.0,0.25,0.38313,0.79765,28558
DRIVE,2.828,K_focal_aug,K_focal_aug_s2,2,10,oracle,0.0,0.5,0.44853,0.75424,35076
DRIVE,2.828,K_focal_aug,K_focal_aug_s2,2,10,oracle,0.0,1.0,0.54921,0.628,51882
DRIVE,2.828,K_focal_aug,K_focal_aug_s2,2,10,oracle,0.5,0.0,0.43355,0.79492,30115
DRIVE,2.828,K_focal_aug,K_focal_aug_s2,2,10,oracle,0.5,0.25,0.44561,0.78558,31863
DRIVE,2.828,K_focal_aug,K_focal_aug_s2,2,10,oracle,0.5,0.5,0.56768,0.6782,46176
DRIVE,2.828,K_focal_aug,K_focal_aug_s2,2,10,oracle,0.5,1.0,0.59385,0.58126,59081
DRIVE,2.828,K_focal_aug,K_focal_aug_s2,2,10,oracle,1.0,0.0,0.50274,0.7738,34377
DRIVE,2.828,K_focal_aug,K_focal_aug_s2,2,10,oracle,1.0,0.25,0.53746,0.76019,36515
DRIVE,2.828,K_focal_aug,K_focal_aug_s2,2,10,oracle,1.0,0.5,0.5952,0.66826,47767
DRIVE,2.828,K_focal_aug,K_focal_aug_s2,2,10,oracle,1.0,1.0,0.61443,0.55426,63856
DRIVE,2.828,K_focal_aug,K_focal_aug_s2,2,10,oracle,1.5,0.0,0.54193,0.75947,36789
DRIVE,2.828,K_focal_aug,K_focal_aug_s2,2,10,oracle,1.5,0.25,0.58983,0.73562,39955
DRIVE,2.828,K_focal_aug,K_focal_aug_s2,2,10,oracle,1.5,0.5,0.61529,0.65676,49630
DRIVE,2.828,K_focal_aug,K_focal_aug_s2,2,10,oracle,1.5,1.0,0.63694,0.54266,66373
DRIVE,2.828,K_focal_aug,K_focal_aug_s2,2,10,oracle,2.0,0.0,0.5858,0.73437,40004
DRIVE,2.828,K_focal_aug,K_focal_aug_s2,2,10,oracle,2.0,0.25,0.6122,0.71549,42458
DRIVE,2.828,K_focal_aug,K_focal_aug_s2,2,10,oracle,2.0,0.5,0.63119,0.63722,52367
DRIVE,2.828,K_focal_aug,K_focal_aug_s2,2,10,oracle,2.0,1.0,0.66444,0.53022,68943
DRIVE,2.828,K_focal_aug,K_focal_aug_s2,2,11,raw,0.0,0.0,0.44838,0.79113,32355
DRIVE,2.828,K_focal_aug,K_focal_aug_s2,2,11,isotropic,0.25,0.25,0.44838,0.79113,32355
DRIVE,2.828,K_focal_aug,K_focal_aug_s2,2,11,isotropic,0.5,0.5,0.6084,0.64866,53564
DRIVE,2.828,K_focal_aug,K_focal_aug_s2,2,11,isotropic,0.75,0.75,0.62946,0.59099,62303
DRIVE,2.828,K_focal_aug,K_focal_aug_s2,2,11,isotropic,1.0,1.0,0.65165,0.52974,73572
DRIVE,2.828,K_focal_aug,K_focal_aug_s2,2,11,isotropic,1.5,1.5,0.70247,0.43487,97700
DRIVE,2.828,K_focal_aug,K_focal_aug_s2,2,11,oracle,0.0,0.25,0.44838,0.79113,32355
DRIVE,2.828,K_focal_aug,K_focal_aug_s2,2,11,oracle,0.0,0.5,0.50242,0.73411,40039
DRIVE,2.828,K_focal_aug,K_focal_aug_s2,2,11,oracle,0.0,1.0,0.56467,0.60739,58783
DRIVE,2.828,K_focal_aug,K_focal_aug_s2,2,11,oracle,0.5,0.0,0.47433,0.7831,34218
DRIVE,2.828,K_focal_aug,K_focal_aug_s2,2,11,oracle,0.5,0.25,0.49281,0.77276,36044
DRIVE,2.828,K_focal_aug,K_focal_aug_s2,2,11,oracle,0.5,0.5,0.60661,0.65603,52521
DRIVE,2.828,K_focal_aug,K_focal_aug_s2,2,11,oracle,0.5,1.0,0.62779,0.56055,67244
DRIVE,2.828,K_focal_aug,K_focal_aug_s2,2,11,oracle,1.0,0.0,0.52653,0.75775,38914
DRIVE,2.828,K_focal_aug,K_focal_aug_s2,2,11,oracle,1.0,0.25,0.56302,0.74162,41562
DRIVE,2.828,K_focal_aug,K_focal_aug_s2,2,11,oracle,1.0,0.5,0.62145,0.64452,54468
DRIVE,2.828,K_focal_aug,K_focal_aug_s2,2,11,oracle,1.0,1.0,0.65057,0.53449,72618
DRIVE,2.828,K_focal_aug,K_focal_aug_s2,2,11,oracle,1.5,0.0,0.55184,0.73946,41870
DRIVE,2.828,K_focal_aug,K_focal_aug_s2,2,11,oracle,1.5,0.25,0.59478,0.71361,45645
DRIVE,2.828,K_focal_aug,K_focal_aug_s2,2,11,oracle,1.5,0.5,0.64904,0.63198,56765
DRIVE,2.828,K_focal_aug,K_focal_aug_s2,2,11,oracle,1.5,1.0,0.67973,0.52241,75597
DRIVE,2.828,K_focal_aug,K_focal_aug_s2,2,11,oracle,2.0,0.0,0.59641,0.7113,45841
DRIVE,2.828,K_focal_aug,K_focal_aug_s2,2,11,oracle,2.0,0.25,0.64488,0.69024,48790
DRIVE,2.828,K_focal_aug,K_focal_aug_s2,2,11,oracle,2.0,0.5,0.67753,0.61216,60029
DRIVE,2.828,K_focal_aug,K_focal_aug_s2,2,11,oracle,2.0,1.0,0.69847,0.51026,78692
DRIVE,2.828,K_focal_aug,K_focal_aug_s2,2,12,raw,0.0,0.0,0.19815,0.81143,31062
DRIVE,2.828,K_focal_aug,K_focal_aug_s2,2,12,isotropic,0.25,0.25,0.19815,0.81143,31062
DRIVE,2.828,K_focal_aug,K_focal_aug_s2,2,12,isotropic,0.5,0.5,0.65697,0.67717,50923
DRIVE,2.828,K_focal_aug,K_focal_aug_s2,2,12,isotropic,0.75,0.75,0.6755,0.61849,58946
DRIVE,2.828,K_focal_aug,K_focal_aug_s2,2,12,isotropic,1.0,1.0,0.75682,0.55381,69904
DRIVE,2.828,K_focal_aug,K_focal_aug_s2,2,12,isotropic,1.5,1.5,0.80884,0.45578,92208
DRIVE,2.828,K_focal_aug,K_focal_aug_s2,2,12,oracle,0.0,0.25,0.19815,0.81143,31062
DRIVE,2.828,K_focal_aug,K_focal_aug_s2,2,12,oracle,0.0,0.5,0.2143,0.75978,37927
DRIVE,2.828,K_focal_aug,K_focal_aug_s2,2,12,oracle,0.0,1.0,0.30892,0.63278,56042
DRIVE,2.828,K_focal_aug,K_focal_aug_s2,2,12,oracle,0.5,0.0,0.20904,0.8065,32693
DRIVE,2.828,K_focal_aug,K_focal_aug_s2,2,12,oracle,0.5,0.25,0.53981,0.79724,34600
DRIVE,2.828,K_focal_aug,K_focal_aug_s2,2,12,oracle,0.5,0.5,0.62978,0.68389,49985
DRIVE,2.828,K_focal_aug,K_focal_aug_s2,2,12,oracle,0.5,1.0,0.69107,0.58487,63954
DRIVE,2.828,K_focal_aug,K_focal_aug_s2,2,12,oracle,1.0,0.0,0.57585,0.78776,37134
DRIVE,2.828,K_focal_aug,K_focal_aug_s2,2,12,oracle,1.0,0.25,0.64514,0.77202,39498
DRIVE,2.828,K_focal_aug,K_focal_aug_s2,2,12,oracle,1.0,0.5,0.72835,0.67517,51591
DRIVE,2.828,K_focal_aug,K_focal_aug_s2,2,12,oracle,1.0,1.0,0.75602,0.55839,69062
DRIVE,2.828,K_focal_aug,K_focal_aug_s2,2,12,oracle,1.5,0.0,0.68212,0.77454,39584
DRIVE,2.828,K_focal_aug,K_focal_aug_s2,2,12,oracle,1.5,0.25,0.73032,0.74749,43051
DRIVE,2.828,K_focal_aug,K_focal_aug_s2,2,12,oracle,1.5,0.5,0.76022,0.66507,53363
DRIVE,2.828,K_focal_aug,K_focal_aug_s2,2,12,oracle,1.5,1.0,0.77129,0.54797,71516
DRIVE,2.828,K_focal_aug,K_focal_aug_s2,2,12,oracle,2.0,0.0,0.75787,0.74874,42982
DRIVE,2.828,K_focal_aug,K_focal_aug_s2,2,12,oracle,2.0,0.25,0.77958,0.72863,45589
DRIVE,2.828,K_focal_aug,K_focal_aug_s2,2,12,oracle,2.0,0.5,0.79425,0.64733,56023
DRIVE,2.828,K_focal_aug,K_focal_aug_s2,2,12,oracle,2.0,1.0,0.81401,0.53681,74078
DRIVE,2.828,K_focal_aug,K_focal_aug_s2,2,13,raw,0.0,0.0,0.23604,0.80378,33692
DRIVE,2.828,K_focal_aug,K_focal_aug_s2,2,13,isotropic,0.25,0.25,0.23604,0.80378,33692
DRIVE,2.828,K_focal_aug,K_focal_aug_s2,2,13,isotropic,0.5,0.5,0.6494,0.67862,55180
DRIVE,2.828,K_focal_aug,K_focal_aug_s2,2,13,isotropic,0.75,0.75,0.6618,0.62041,64174
DRIVE,2.828,K_focal_aug,K_focal_aug_s2,2,13,isotropic,1.0,1.0,0.67594,0.55708,75826
DRIVE,2.828,K_focal_aug,K_focal_aug_s2,2,13,isotropic,1.5,1.5,0.71805,0.45851,100785
DRIVE,2.828,K_focal_aug,K_focal_aug_s2,2,13,oracle,0.0,0.25,0.23604,0.80378,33692
DRIVE,2.828,K_focal_aug,K_focal_aug_s2,2,13,oracle,0.0,0.5,0.26243,0.75395,41481
DRIVE,2.828,K_focal_aug,K_focal_aug_s2,2,13,oracle,0.0,1.0,0.61786,0.63479,60903
DRIVE,2.828,K_focal_aug,K_focal_aug_s2,2,13,oracle,0.5,0.0,0.27575,0.79924,35628
DRIVE,2.828,K_focal_aug,K_focal_aug_s2,2,13,oracle,0.5,0.25,0.28338,0.79096,37691
DRIVE,2.828,K_focal_aug,K_focal_aug_s2,2,13,oracle,0.5,0.5,0.64624,0.68604,54098
DRIVE,2.828,K_focal_aug,K_focal_aug_s2,2,13,oracle,0.5,1.0,0.65845,0.58842,69349
DRIVE,2.828,K_focal_aug,K_focal_aug_s2,2,13,oracle,1.0,0.0,0.31318,0.78127,40499
DRIVE,2.828,K_focal_aug,K_focal_aug_s2,2,13,oracle,1.0,0.25,0.31855,0.76864,42892
DRIVE,2.828,K_focal_aug,K_focal_aug_s2,2,13,oracle,1.0,0.5,0.66276,0.67551,56053
DRIVE,2.828,K_focal_aug,K_focal_aug_s2,2,13,oracle,1.0,1.0,0.67513,0.56231,74782
DRIVE,2.828,K_focal_aug,K_focal_aug_s2,2,13,oracle,1.5,0.0,0.32495,0.76684,43303
DRIVE,2.828,K_focal_aug,K_focal_aug_s2,2,13,oracle,1.5,0.25,0.64898,0.74485,46812
DRIVE,2.828,K_focal_aug,K_focal_aug_s2,2,13,oracle,1.5,0.5,0.6774,0.66364,58308
DRIVE,2.828,K_focal_aug,K_focal_aug_s2,2,13,oracle,1.5,1.0,0.69969,0.54995,77835
DRIVE,2.828,K_focal_aug,K_focal_aug_s2,2,13,oracle,2.0,0.0,0.64725,0.74467,46823
DRIVE,2.828,K_focal_aug,K_focal_aug_s2,2,13,oracle,2.0,0.25,0.65788,0.72496,49743
DRIVE,2.828,K_focal_aug,K_focal_aug_s2,2,13,oracle,2.0,0.5,0.68795,0.64547,61363
DRIVE,2.828,K_focal_aug,K_focal_aug_s2,2,13,oracle,2.0,1.0,0.71141,0.53728,80967
DRIVE,2.828,K_focal_aug,K_focal_aug_s2,2,14,raw,0.0,0.0,0.5837,0.80599,31125
DRIVE,2.828,K_focal_aug,K_focal_aug_s2,2,14,isotropic,0.25,0.25,0.5837,0.80599,31125
DRIVE,2.828,K_focal_aug,K_focal_aug_s2,2,14,isotropic,0.5,0.5,0.78633,0.65807,51099
DRIVE,2.828,K_focal_aug,K_focal_aug_s2,2,14,isotropic,0.75,0.75,0.81432,0.59781,59341
DRIVE,2.828,K_focal_aug,K_focal_aug_s2,2,14,isotropic,1.0,1.0,0.82711,0.53249,70328
DRIVE,2.828,K_focal_aug,K_focal_aug_s2,2,14,isotropic,1.5,1.5,0.86806,0.43346,93458
DRIVE,2.828,K_focal_aug,K_focal_aug_s2,2,14,oracle,0.0,0.25,0.5837,0.80599,31125
DRIVE,2.828,K_focal_aug,K_focal_aug_s2,2,14,oracle,0.0,0.5,0.62251,0.74529,38106
DRIVE,2.828,K_focal_aug,K_focal_aug_s2,2,14,oracle,0.0,1.0,0.72926,0.61512,56068
DRIVE,2.828,K_focal_aug,K_focal_aug_s2,2,14,oracle,0.5,0.0,0.60383,0.79616,32954
DRIVE,2.828,K_focal_aug,K_focal_aug_s2,2,14,oracle,0.5,0.25,0.64935,0.78633,34900
DRIVE,2.828,K_focal_aug,K_focal_aug_s2,2,14,oracle,0.5,0.5,0.78548,0.6657,50126
DRIVE,2.828,K_focal_aug,K_focal_aug_s2,2,14,oracle,0.5,1.0,0.79356,0.56572,64114
DRIVE,2.828,K_focal_aug,K_focal_aug_s2,2,14,oracle,1.0,0.0,0.72498,0.76922,37726
DRIVE,2.828,K_focal_aug,K_focal_aug_s2,2,14,oracle,1.0,0.25,0.76214,0.75334,39922
DRIVE,2.828,K_focal_aug,K_focal_aug_s2,2,14,oracle,1.0,0.5,0.81605,0.65323,52036
DRIVE,2.828,K_focal_aug,K_focal_aug_s2,2,14,oracle,1.0,1.0,0.82689,0.53755,69399
DRIVE,2.828,K_focal_aug,K_focal_aug_s2,2,14,oracle,1.5,0.0,0.77521,0.7491,40457
DRIVE,2.828,K_focal_aug,K_focal_aug_s2,2,14,oracle,1.5,0.25,0.81108,0.72096,43979
DRIVE,2.828,K_focal_aug,K_focal_aug_s2,2,14,oracle,1.5,0.5,0.83125,0.63798,54326
DRIVE,2.828,K_focal_aug,K_focal_aug_s2,2,14,oracle,1.5,1.0,0.8523,0.52317,72495
DRIVE,2.828,K_focal_aug,K_focal_aug_s2,2,14,oracle,2.0,0.0,0.79727,0.71726,44340
DRIVE,2.828,K_focal_aug,K_focal_aug_s2,2,14,oracle,2.0,0.25,0.82516,0.69574,47078
DRIVE,2.828,K_focal_aug,K_focal_aug_s2,2,14,oracle,2.0,0.5,0.85032,0.61538,57576
DRIVE,2.828,K_focal_aug,K_focal_aug_s2,2,14,oracle,2.0,1.0,0.8625,0.50922,75502
DRIVE,2.828,K_focal_aug,K_focal_aug_s2,2,15,raw,0.0,0.0,0.52201,0.80072,27872
DRIVE,2.828,K_focal_aug,K_focal_aug_s2,2,15,isotropic,0.25,0.25,0.52201,0.80072,27872
DRIVE,2.828,K_focal_aug,K_focal_aug_s2,2,15,isotropic,0.5,0.5,0.75447,0.64495,46639
DRIVE,2.828,K_focal_aug,K_focal_aug_s2,2,15,isotropic,0.75,0.75,0.75903,0.58341,54293
DRIVE,2.828,K_focal_aug,K_focal_aug_s2,2,15,isotropic,1.0,1.0,0.79098,0.51602,64789
DRIVE,2.828,K_focal_aug,K_focal_aug_s2,2,15,isotropic,1.5,1.5,0.82029,0.41732,86393
DRIVE,2.828,K_focal_aug,K_focal_aug_s2,2,15,oracle,0.0,0.25,0.52201,0.80072,27872
DRIVE,2.828,K_focal_aug,K_focal_aug_s2,2,15,oracle,0.0,0.5,0.58098,0.73758,34557
DRIVE,2.828,K_focal_aug,K_focal_aug_s2,2,15,oracle,0.0,1.0,0.73527,0.6022,51261
DRIVE,2.828,K_focal_aug,K_focal_aug_s2,2,15,oracle,0.5,0.0,0.58913,0.7925,29494
DRIVE,2.828,K_focal_aug,K_focal_aug_s2,2,15,oracle,0.5,0.25,0.6233,0.7808,31117
DRIVE,2.828,K_focal_aug,K_focal_aug_s2,2,15,oracle,0.5,0.5,0.75311,0.65215,45760
DRIVE,2.828,K_focal_aug,K_focal_aug_s2,2,15,oracle,0.5,1.0,0.76585,0.54922,59100
DRIVE,2.828,K_focal_aug,K_focal_aug_s2,2,15,oracle,1.0,0.0,0.68938,0.76647,33440
DRIVE,2.828,K_focal_aug,K_focal_aug_s2,2,15,oracle,1.0,0.25,0.70793,0.74776,35857
DRIVE,2.828,K_focal_aug,K_focal_aug_s2,2,15,oracle,1.0,0.5,0.75995,0.64135,47255
DRIVE,2.828,K_focal_aug,K_focal_aug_s2,2,15,oracle,1.0,1.0,0.78219,0.52048,64001
DRIVE,2.828,K_focal_aug,K_focal_aug_s2,2,15,oracle,1.5,0.0,0.74343,0.7482,35734
DRIVE,2.828,K_focal_aug,K_focal_aug_s2,2,15,oracle,1.5,0.25,0.77756,0.71905,39066
DRIVE,2.828,K_focal_aug,K_focal_aug_s2,2,15,oracle,1.5,0.5,0.78868,0.62859,48968
DRIVE,2.828,K_focal_aug,K_focal_aug_s2,2,15,oracle,1.5,1.0,0.80173,0.50873,66331
DRIVE,2.828,K_focal_aug,K_focal_aug_s2,2,15,oracle,2.0,0.0,0.77184,0.72168,38785
DRIVE,2.828,K_focal_aug,K_focal_aug_s2,2,15,oracle,2.0,0.25,0.78938,0.69907,41272
DRIVE,2.828,K_focal_aug,K_focal_aug_s2,2,15,oracle,2.0,0.5,0.81039,0.61066,51282
DRIVE,2.828,K_focal_aug,K_focal_aug_s2,2,15,oracle,2.0,1.0,0.81794,0.49724,68660
DRIVE,2.828,K_focal_aug,K_focal_aug_s2,2,16,raw,0.0,0.0,0.60667,0.83674,32926
DRIVE,2.828,K_focal_aug,K_focal_aug_s2,2,16,isotropic,0.25,0.25,0.60667,0.83674,32926
DRIVE,2.828,K_focal_aug,K_focal_aug_s2,2,16,isotropic,0.5,0.5,0.80274,0.67328,54067
DRIVE,2.828,K_focal_aug,K_focal_aug_s2,2,16,isotropic,0.75,0.75,0.81171,0.61273,62795
DRIVE,2.828,K_focal_aug,K_focal_aug_s2,2,16,isotropic,1.0,1.0,0.83456,0.54807,74224
DRIVE,2.828,K_focal_aug,K_focal_aug_s2,2,16,isotropic,1.5,1.5,0.86068,0.44852,98364
DRIVE,2.828,K_focal_aug,K_focal_aug_s2,2,16,oracle,0.0,0.25,0.60667,0.83674,32926
DRIVE,2.828,K_focal_aug,K_focal_aug_s2,2,16,oracle,0.0,0.5,0.67468,0.77078,40405
DRIVE,2.828,K_focal_aug,K_focal_aug_s2,2,16,oracle,0.0,1.0,0.78997,0.62757,59649
DRIVE,2.828,K_focal_aug,K_focal_aug_s2,2,16,oracle,0.5,0.0,0.6629,0.82633,34694
DRIVE,2.828,K_focal_aug,K_focal_aug_s2,2,16,oracle,0.5,0.25,0.68678,0.81181,36776
DRIVE,2.828,K_focal_aug,K_focal_aug_s2,2,16,oracle,0.5,0.5,0.80274,0.68009,53183
DRIVE,2.828,K_focal_aug,K_focal_aug_s2,2,16,oracle,0.5,1.0,0.81171,0.58012,67833
DRIVE,2.828,K_focal_aug,K_focal_aug_s2,2,16,oracle,1.0,0.0,0.76936,0.79668,39449
DRIVE,2.828,K_focal_aug,K_focal_aug_s2,2,16,oracle,1.0,0.25,0.77994,0.7772,41884
DRIVE,2.828,K_focal_aug,K_focal_aug_s2,2,16,oracle,1.0,0.5,0.82196,0.67004,54896
DRIVE,2.828,K_focal_aug,K_focal_aug_s2,2,16,oracle,1.0,1.0,0.83352,0.55228,73400
DRIVE,2.828,K_focal_aug,K_focal_aug_s2,2,16,oracle,1.5,0.0,0.78779,0.7786,42079
DRIVE,2.828,K_focal_aug,K_focal_aug_s2,2,16,oracle,1.5,0.25,0.80174,0.74914,45554
DRIVE,2.828,K_focal_aug,K_focal_aug_s2,2,16,oracle,1.5,0.5,0.83788,0.65789,56914
DRIVE,2.828,K_focal_aug,K_focal_aug_s2,2,16,oracle,1.5,1.0,0.85248,0.54079,76146
DRIVE,2.828,K_focal_aug,K_focal_aug_s2,2,16,oracle,2.0,0.0,0.82033,0.75092,45474
DRIVE,2.828,K_focal_aug,K_focal_aug_s2,2,16,oracle,2.0,0.25,0.83146,0.72694,48375
DRIVE,2.828,K_focal_aug,K_focal_aug_s2,2,16,oracle,2.0,0.5,0.84893,0.63948,59832
DRIVE,2.828,K_focal_aug,K_focal_aug_s2,2,16,oracle,2.0,1.0,0.86321,0.52861,79031
DRIVE,2.828,K_focal_aug,K_focal_aug_s2,2,17,raw,0.0,0.0,0.22597,0.81375,29787
DRIVE,2.828,K_focal_aug,K_focal_aug_s2,2,17,isotropic,0.25,0.25,0.22597,0.81375,29787
DRIVE,2.828,K_focal_aug,K_focal_aug_s2,2,17,isotropic,0.5,0.5,0.64684,0.67607,48418
DRIVE,2.828,K_focal_aug,K_focal_aug_s2,2,17,isotropic,0.75,0.75,0.67019,0.62018,55878
DRIVE,2.828,K_focal_aug,K_focal_aug_s2,2,17,isotropic,1.0,1.0,0.70893,0.55505,66374
DRIVE,2.828,K_focal_aug,K_focal_aug_s2,2,17,isotropic,1.5,1.5,0.77081,0.45707,87833
DRIVE,2.828,K_focal_aug,K_focal_aug_s2,2,17,oracle,0.0,0.25,0.22597,0.81375,29787
DRIVE,2.828,K_focal_aug,K_focal_aug_s2,2,17,oracle,0.0,0.5,0.26518,0.75868,36225
DRIVE,2.828,K_focal_aug,K_focal_aug_s2,2,17,oracle,0.0,1.0,0.62447,0.63632,52683
DRIVE,2.828,K_focal_aug,K_focal_aug_s2,2,17,oracle,0.5,0.0,0.2574,0.80651,31468
DRIVE,2.828,K_focal_aug,K_focal_aug_s2,2,17,oracle,0.5,0.25,0.27802,0.79699,33190
DRIVE,2.828,K_focal_aug,K_focal_aug_s2,2,17,oracle,0.5,0.5,0.64342,0.68374,47384
DRIVE,2.828,K_focal_aug,K_focal_aug_s2,2,17,oracle,0.5,1.0,0.66262,0.5872,60499
DRIVE,2.828,K_focal_aug,K_focal_aug_s2,2,17,oracle,1.0,0.0,0.30301,0.78573,35615
DRIVE,2.828,K_focal_aug,K_focal_aug_s2,2,17,oracle,1.0,0.25,0.31591,0.76792,37941
DRIVE,2.828,K_focal_aug,K_focal_aug_s2,2,17,oracle,1.0,0.5,0.67164,0.67321,49200
DRIVE,2.828,K_focal_aug,K_focal_aug_s2,2,17,oracle,1.0,1.0,0.70809,0.56079,65378
DRIVE,2.828,K_focal_aug,K_focal_aug_s2,2,17,oracle,1.5,0.0,0.34317,0.76967,38161
DRIVE,2.828,K_focal_aug,K_focal_aug_s2,2,17,oracle,1.5,0.25,0.36067,0.74297,41502
DRIVE,2.828,K_focal_aug,K_focal_aug_s2,2,17,oracle,1.5,0.5,0.69546,0.66249,51126
DRIVE,2.828,K_focal_aug,K_focal_aug_s2,2,17,oracle,1.5,1.0,0.74539,0.54862,68159
DRIVE,2.828,K_focal_aug,K_focal_aug_s2,2,17,oracle,2.0,0.0,0.37443,0.74451,41579
DRIVE,2.828,K_focal_aug,K_focal_aug_s2,2,17,oracle,2.0,0.25,0.37928,0.72275,44170
DRIVE,2.828,K_focal_aug,K_focal_aug_s2,2,17,oracle,2.0,0.5,0.74626,0.64388,53937
DRIVE,2.828,K_focal_aug,K_focal_aug_s2,2,17,oracle,2.0,1.0,0.77611,0.53629,70923
DRIVE,2.828,K_focal_aug,K_focal_aug_s2,2,18,raw,0.0,0.0,0.61239,0.80505,32548
DRIVE,2.828,K_focal_aug,K_focal_aug_s2,2,18,isotropic,0.25,0.25,0.61239,0.80505,32548
DRIVE,2.828,K_focal_aug,K_focal_aug_s2,2,18,isotropic,0.5,0.5,0.82348,0.6427,51606
DRIVE,2.828,K_focal_aug,K_focal_aug_s2,2,18,isotropic,0.75,0.75,0.83418,0.5892,59110
DRIVE,2.828,K_focal_aug,K_focal_aug_s2,2,18,isotropic,1.0,1.0,0.84976,0.52664,69816
DRIVE,2.828,K_focal_aug,K_focal_aug_s2,2,18,isotropic,1.5,1.5,0.8936,0.43357,91430
DRIVE,2.828,K_focal_aug,K_focal_aug_s2,2,18,oracle,0.0,0.25,0.61239,0.80505,32548
DRIVE,2.828,K_focal_aug,K_focal_aug_s2,2,18,oracle,0.0,0.5,0.70719,0.74183,39181
DRIVE,2.828,K_focal_aug,K_focal_aug_s2,2,18,oracle,0.0,1.0,0.76652,0.60446,56108
DRIVE,2.828,K_focal_aug,K_focal_aug_s2,2,18,oracle,0.5,0.0,0.68306,0.79417,34231
DRIVE,2.828,K_focal_aug,K_focal_aug_s2,2,18,oracle,0.5,0.25,0.69977,0.77904,35899
DRIVE,2.828,K_focal_aug,K_focal_aug_s2,2,18,oracle,0.5,0.5,0.81098,0.65012,50645
DRIVE,2.828,K_focal_aug,K_focal_aug_s2,2,18,oracle,0.5,1.0,0.82871,0.55747,63849
DRIVE,2.828,K_focal_aug,K_focal_aug_s2,2,18,oracle,1.0,0.0,0.76241,0.76059,38403
DRIVE,2.828,K_focal_aug,K_focal_aug_s2,2,18,oracle,1.0,0.25,0.80323,0.73824,40883
DRIVE,2.828,K_focal_aug,K_focal_aug_s2,2,18,oracle,1.0,0.5,0.83728,0.6397,52336
DRIVE,2.828,K_focal_aug,K_focal_aug_s2,2,18,oracle,1.0,1.0,0.84904,0.5313,68948
DRIVE,2.828,K_focal_aug,K_focal_aug_s2,2,18,oracle,1.5,0.0,0.81333,0.74124,40898
DRIVE,2.828,K_focal_aug,K_focal_aug_s2,2,18,oracle,1.5,0.25,0.83943,0.71151,44188
DRIVE,2.828,K_focal_aug,K_focal_aug_s2,2,18,oracle,1.5,0.5,0.86231,0.62831,54259
DRIVE,2.828,K_focal_aug,K_focal_aug_s2,2,18,oracle,1.5,1.0,0.88228,0.51996,71505
DRIVE,2.828,K_focal_aug,K_focal_aug_s2,2,18,oracle,2.0,0.0,0.84254,0.71512,43956
DRIVE,2.828,K_focal_aug,K_focal_aug_s2,2,18,oracle,2.0,0.25,0.84856,0.6925,46566
DRIVE,2.828,K_focal_aug,K_focal_aug_s2,2,18,oracle,2.0,0.5,0.88252,0.6113,56882
DRIVE,2.828,K_focal_aug,K_focal_aug_s2,2,18,oracle,2.0,1.0,0.89286,0.50832,74132
DRIVE,2.828,K_focal_aug,K_focal_aug_s2,2,19,raw,0.0,0.0,0.67706,0.83725,33603
DRIVE,2.828,K_focal_aug,K_focal_aug_s2,2,19,isotropic,0.25,0.25,0.67706,0.83725,33603
DRIVE,2.828,K_focal_aug,K_focal_aug_s2,2,19,isotropic,0.5,0.5,0.78535,0.63939,55142
DRIVE,2.828,K_focal_aug,K_focal_aug_s2,2,19,isotropic,0.75,0.75,0.80193,0.58133,63655
DRIVE,2.828,K_focal_aug,K_focal_aug_s2,2,19,isotropic,1.0,1.0,0.82362,0.5154,75659
DRIVE,2.828,K_focal_aug,K_focal_aug_s2,2,19,isotropic,1.5,1.5,0.86497,0.42141,99450
DRIVE,2.828,K_focal_aug,K_focal_aug_s2,2,19,oracle,0.0,0.25,0.67706,0.83725,33603
DRIVE,2.828,K_focal_aug,K_focal_aug_s2,2,19,oracle,0.0,0.5,0.72956,0.7579,40900
DRIVE,2.828,K_focal_aug,K_focal_aug_s2,2,19,oracle,0.0,1.0,0.77221,0.59941,60262
DRIVE,2.828,K_focal_aug,K_focal_aug_s2,2,19,oracle,0.5,0.0,0.70776,0.81899,35514
DRIVE,2.828,K_focal_aug,K_focal_aug_s2,2,19,oracle,0.5,0.25,0.71294,0.79729,37529
DRIVE,2.828,K_focal_aug,K_focal_aug_s2,2,19,oracle,0.5,0.5,0.78013,0.64747,54051
DRIVE,2.828,K_focal_aug,K_focal_aug_s2,2,19,oracle,0.5,1.0,0.79101,0.5489,68971
DRIVE,2.828,K_focal_aug,K_focal_aug_s2,2,19,oracle,1.0,0.0,0.73565,0.7712,40355
DRIVE,2.828,K_focal_aug,K_focal_aug_s2,2,19,oracle,1.0,0.25,0.76376,0.74746,42843
DRIVE,2.828,K_focal_aug,K_focal_aug_s2,2,19,oracle,1.0,0.5,0.80027,0.63463,56025
DRIVE,2.828,K_focal_aug,K_focal_aug_s2,2,19,oracle,1.0,1.0,0.8234,0.52046,74634
DRIVE,2.828,K_focal_aug,K_focal_aug_s2,2,19,oracle,1.5,0.0,0.78593,0.74702,43040
DRIVE,2.828,K_focal_aug,K_focal_aug_s2,2,19,oracle,1.5,0.25,0.80359,0.71323,46712
DRIVE,2.828,K_focal_aug,K_focal_aug_s2,2,19,oracle,1.5,0.5,0.83523,0.62111,58172
DRIVE,2.828,K_focal_aug,K_focal_aug_s2,2,19,oracle,1.5,1.0,0.84215,0.50778,77543
DRIVE,2.828,K_focal_aug,K_focal_aug_s2,2,19,oracle,2.0,0.0,0.80491,0.71518,46594
DRIVE,2.828,K_focal_aug,K_focal_aug_s2,2,19,oracle,2.0,0.25,0.82088,0.68934,49564
DRIVE,2.828,K_focal_aug,K_focal_aug_s2,2,19,oracle,2.0,0.5,0.84107,0.60201,61095
DRIVE,2.828,K_focal_aug,K_focal_aug_s2,2,19,oracle,2.0,1.0,0.84866,0.49585,80362
DRIVE,2.828,K_focal_aug,K_focal_aug_s2,2,20,raw,0.0,0.0,0.16135,0.79946,30317
DRIVE,2.828,K_focal_aug,K_focal_aug_s2,2,20,isotropic,0.25,0.25,0.16135,0.79946,30317
DRIVE,2.828,K_focal_aug,K_focal_aug_s2,2,20,isotropic,0.5,0.5,0.42701,0.63353,49881
DRIVE,2.828,K_focal_aug,K_focal_aug_s2,2,20,isotropic,0.75,0.75,0.43075,0.57399,58043
DRIVE,2.828,K_focal_aug,K_focal_aug_s2,2,20,isotropic,1.0,1.0,0.43485,0.51146,68547
DRIVE,2.828,K_focal_aug,K_focal_aug_s2,2,20,isotropic,1.5,1.5,0.44736,0.41381,91183
DRIVE,2.828,K_focal_aug,K_focal_aug_s2,2,20,oracle,0.0,0.25,0.16135,0.79946,30317
DRIVE,2.828,K_focal_aug,K_focal_aug_s2,2,20,oracle,0.0,0.5,0.22473,0.72655,37592
DRIVE,2.828,K_focal_aug,K_focal_aug_s2,2,20,oracle,0.0,1.0,0.42238,0.59407,54480
DRIVE,2.828,K_focal_aug,K_focal_aug_s2,2,20,oracle,0.5,0.0,0.1985,0.78293,32417
DRIVE,2.828,K_focal_aug,K_focal_aug_s2,2,20,oracle,0.5,0.25,0.20851,0.77008,34103
DRIVE,2.828,K_focal_aug,K_focal_aug_s2,2,20,oracle,0.5,0.5,0.42665,0.64117,48923
DRIVE,2.828,K_focal_aug,K_focal_aug_s2,2,20,oracle,0.5,1.0,0.42983,0.54519,62310
DRIVE,2.828,K_focal_aug,K_focal_aug_s2,2,20,oracle,1.0,0.0,0.36031,0.74815,37084
DRIVE,2.828,K_focal_aug,K_focal_aug_s2,2,20,oracle,1.0,0.25,0.37929,0.72788,39471
DRIVE,2.828,K_focal_aug,K_focal_aug_s2,2,20,oracle,1.0,0.5,0.43147,0.62603,51115
DRIVE,2.828,K_focal_aug,K_focal_aug_s2,2,20,oracle,1.0,1.0,0.43484,0.51616,67691
DRIVE,2.828,K_focal_aug,K_focal_aug_s2,2,20,oracle,1.5,0.0,0.38437,0.72173,40236
DRIVE,2.828,K_focal_aug,K_focal_aug_s2,2,20,oracle,1.5,0.25,0.42558,0.69355,43525
DRIVE,2.828,K_focal_aug,K_focal_aug_s2,2,20,oracle,1.5,0.5,0.43933,0.60654,53966
DRIVE,2.828,K_focal_aug,K_focal_aug_s2,2,20,oracle,1.5,1.0,0.44291,0.50008,71047
DRIVE,2.828,K_focal_aug,K_focal_aug_s2,2,20,oracle,2.0,0.0,0.42978,0.69168,43810
DRIVE,2.828,K_focal_aug,K_focal_aug_s2,2,20,oracle,2.0,0.25,0.43339,0.66744,46630
DRIVE,2.828,K_focal_aug,K_focal_aug_s2,2,20,oracle,2.0,0.5,0.44376,0.5833,57394
DRIVE,2.828,K_focal_aug,K_focal_aug_s2,2,20,oracle,2.0,1.0,0.44863,0.48418,74467
DRIVE,2.828,A_dice,A_dice_s0,0,01,raw,0.0,0.0,0.52809,0.82447,34167
DRIVE,2.828,A_dice,A_dice_s0,0,01,isotropic,0.25,0.25,0.52809,0.82447,34167
DRIVE,2.828,A_dice,A_dice_s0,0,01,isotropic,0.5,0.5,0.7573,0.65737,57047
DRIVE,2.828,A_dice,A_dice_s0,0,01,isotropic,0.75,0.75,0.77194,0.59717,66155
DRIVE,2.828,A_dice,A_dice_s0,0,01,isotropic,1.0,1.0,0.82437,0.52994,78761
DRIVE,2.828,A_dice,A_dice_s0,0,01,isotropic,1.5,1.5,0.85604,0.43283,103907
DRIVE,2.828,A_dice,A_dice_s0,0,01,oracle,0.0,0.25,0.52809,0.82447,34167
DRIVE,2.828,A_dice,A_dice_s0,0,01,oracle,0.0,0.5,0.56903,0.75394,42184
DRIVE,2.828,A_dice,A_dice_s0,0,01,oracle,0.0,1.0,0.7356,0.61551,62506
DRIVE,2.828,A_dice,A_dice_s0,0,01,oracle,0.5,0.0,0.55089,0.81147,36315
DRIVE,2.828,A_dice,A_dice_s0,0,01,oracle,0.5,0.25,0.58762,0.79845,38507
DRIVE,2.828,A_dice,A_dice_s0,0,01,oracle,0.5,0.5,0.75581,0.66596,55857
DRIVE,2.828,A_dice,A_dice_s0,0,01,oracle,0.5,1.0,0.77437,0.56502,71587
DRIVE,2.828,A_dice,A_dice_s0,0,01,oracle,1.0,0.0,0.64997,0.77887,41673
DRIVE,2.828,A_dice,A_dice_s0,0,01,oracle,1.0,0.25,0.72187,0.75799,44360
DRIVE,2.828,A_dice,A_dice_s0,0,01,oracle,1.0,0.5,0.78061,0.65102,58201
DRIVE,2.828,A_dice,A_dice_s0,0,01,oracle,1.0,1.0,0.82378,0.53532,77648
DRIVE,2.828,A_dice,A_dice_s0,0,01,oracle,1.5,0.0,0.74443,0.75416,44990
DRIVE,2.828,A_dice,A_dice_s0,0,01,oracle,1.5,0.25,0.76157,0.72291,49021
DRIVE,2.828,A_dice,A_dice_s0,0,01,oracle,1.5,0.5,0.81177,0.63354,61049
DRIVE,2.828,A_dice,A_dice_s0,0,01,oracle,1.5,1.0,0.83807,0.52062,81060
DRIVE,2.828,A_dice,A_dice_s0,0,01,oracle,2.0,0.0,0.77739,0.71927,49423
DRIVE,2.828,A_dice,A_dice_s0,0,01,oracle,2.0,0.25,0.79013,0.69551,52595
DRIVE,2.828,A_dice,A_dice_s0,0,01,oracle,2.0,0.5,0.83259,0.60984,64844
DRIVE,2.828,A_dice,A_dice_s0,0,01,oracle,2.0,1.0,0.85902,0.50532,84714
DRIVE,2.828,A_dice,A_dice_s0,0,02,raw,0.0,0.0,0.3361,0.85077,35524
DRIVE,2.828,A_dice,A_dice_s0,0,02,isotropic,0.25,0.25,0.3361,0.85077,35524
DRIVE,2.828,A_dice,A_dice_s0,0,02,isotropic,0.5,0.5,0.78038,0.71213,58112
DRIVE,2.828,A_dice,A_dice_s0,0,02,isotropic,0.75,0.75,0.79758,0.64899,67450
DRIVE,2.828,A_dice,A_dice_s0,0,02,isotropic,1.0,1.0,0.81769,0.58096,79663
DRIVE,2.828,A_dice,A_dice_s0,0,02,isotropic,1.5,1.5,0.85111,0.47687,105230
DRIVE,2.828,A_dice,A_dice_s0,0,02,oracle,0.0,0.25,0.3361,0.85077,35524
DRIVE,2.828,A_dice,A_dice_s0,0,02,oracle,0.0,0.5,0.62996,0.79434,43550
DRIVE,2.828,A_dice,A_dice_s0,0,02,oracle,0.0,1.0,0.74841,0.66867,63774
DRIVE,2.828,A_dice,A_dice_s0,0,02,oracle,0.5,0.0,0.38301,0.84106,37708
DRIVE,2.828,A_dice,A_dice_s0,0,02,oracle,0.5,0.25,0.39916,0.83409,39924
DRIVE,2.828,A_dice,A_dice_s0,0,02,oracle,0.5,0.5,0.76039,0.71993,57002
DRIVE,2.828,A_dice,A_dice_s0,0,02,oracle,0.5,1.0,0.79259,0.6175,72568
DRIVE,2.828,A_dice,A_dice_s0,0,02,oracle,1.0,0.0,0.70061,0.81739,43170
DRIVE,2.828,A_dice,A_dice_s0,0,02,oracle,1.0,0.25,0.73394,0.80366,45764
DRIVE,2.828,A_dice,A_dice_s0,0,02,oracle,1.0,0.5,0.78858,0.70442,59342
DRIVE,2.828,A_dice,A_dice_s0,0,02,oracle,1.0,1.0,0.81749,0.58614,78648
DRIVE,2.828,A_dice,A_dice_s0,0,02,oracle,1.5,0.0,0.72791,0.79616,46435
DRIVE,2.828,A_dice,A_dice_s0,0,02,oracle,1.5,0.25,0.7544,0.77084,50318
DRIVE,2.828,A_dice,A_dice_s0,0,02,oracle,1.5,0.5,0.80607,0.68383,62482
DRIVE,2.828,A_dice,A_dice_s0,0,02,oracle,1.5,1.0,0.83903,0.56962,82232
DRIVE,2.828,A_dice,A_dice_s0,0,02,oracle,2.0,0.0,0.74975,0.7665,50667
DRIVE,2.828,A_dice,A_dice_s0,0,02,oracle,2.0,0.25,0.78135,0.74427,53899
DRIVE,2.828,A_dice,A_dice_s0,0,02,oracle,2.0,0.5,0.83569,0.6602,66195
DRIVE,2.828,A_dice,A_dice_s0,0,02,oracle,2.0,1.0,0.84774,0.55348,85917
DRIVE,2.828,A_dice,A_dice_s0,0,03,raw,0.0,0.0,0.13965,0.80867,31348
DRIVE,2.828,A_dice,A_dice_s0,0,03,isotropic,0.25,0.25,0.13965,0.80867,31348
DRIVE,2.828,A_dice,A_dice_s0,0,03,isotropic,0.5,0.5,0.61775,0.71771,51489
DRIVE,2.828,A_dice,A_dice_s0,0,03,isotropic,0.75,0.75,0.65868,0.66077,59829
DRIVE,2.828,A_dice,A_dice_s0,0,03,isotropic,1.0,1.0,0.67286,0.59664,70804
DRIVE,2.828,A_dice,A_dice_s0,0,03,isotropic,1.5,1.5,0.73444,0.49391,93971
DRIVE,2.828,A_dice,A_dice_s0,0,03,oracle,0.0,0.25,0.13965,0.80867,31348
DRIVE,2.828,A_dice,A_dice_s0,0,03,oracle,0.0,0.5,0.17933,0.77457,38682
DRIVE,2.828,A_dice,A_dice_s0,0,03,oracle,0.0,1.0,0.55455,0.6771,56237
DRIVE,2.828,A_dice,A_dice_s0,0,03,oracle,0.5,0.0,0.18702,0.8066,33378
DRIVE,2.828,A_dice,A_dice_s0,0,03,oracle,0.5,0.25,0.20604,0.80402,35277
DRIVE,2.828,A_dice,A_dice_s0,0,03,oracle,0.5,0.5,0.61215,0.72385,50572
DRIVE,2.828,A_dice,A_dice_s0,0,03,oracle,0.5,1.0,0.64854,0.63067,64384
DRIVE,2.828,A_dice,A_dice_s0,0,03,oracle,1.0,0.0,0.25119,0.79894,38276
DRIVE,2.828,A_dice,A_dice_s0,0,03,oracle,1.0,0.25,0.2716,0.78906,40594
DRIVE,2.828,A_dice,A_dice_s0,0,03,oracle,1.0,0.5,0.63663,0.71236,52657
DRIVE,2.828,A_dice,A_dice_s0,0,03,oracle,1.0,1.0,0.67179,0.60121,69970
DRIVE,2.828,A_dice,A_dice_s0,0,03,oracle,1.5,0.0,0.29444,0.78525,41341
DRIVE,2.828,A_dice,A_dice_s0,0,03,oracle,1.5,0.25,0.62777,0.76652,44952
DRIVE,2.828,A_dice,A_dice_s0,0,03,oracle,1.5,0.5,0.68075,0.69662,55428
DRIVE,2.828,A_dice,A_dice_s0,0,03,oracle,1.5,1.0,0.69949,0.58673,73244
DRIVE,2.828,A_dice,A_dice_s0,0,03,oracle,2.0,0.0,0.63688,0.7619,45443
DRIVE,2.828,A_dice,A_dice_s0,0,03,oracle,2.0,0.25,0.67253,0.74492,48259
DRIVE,2.828,A_dice,A_dice_s0,0,03,oracle,2.0,0.5,0.69009,0.67482,58891
DRIVE,2.828,A_dice,A_dice_s0,0,03,oracle,2.0,1.0,0.73184,0.57143,76635
DRIVE,2.828,A_dice,A_dice_s0,0,04,raw,0.0,0.0,0.34073,0.82772,29671
DRIVE,2.828,A_dice,A_dice_s0,0,04,isotropic,0.25,0.25,0.34073,0.82772,29671
DRIVE,2.828,A_dice,A_dice_s0,0,04,isotropic,0.5,0.5,0.57535,0.71296,48812
DRIVE,2.828,A_dice,A_dice_s0,0,04,isotropic,0.75,0.75,0.58613,0.65236,56671
DRIVE,2.828,A_dice,A_dice_s0,0,04,isotropic,1.0,1.0,0.67718,0.58476,67313
DRIVE,2.828,A_dice,A_dice_s0,0,04,isotropic,1.5,1.5,0.70683,0.48158,89328
DRIVE,2.828,A_dice,A_dice_s0,0,04,oracle,0.0,0.25,0.34073,0.82772,29671
DRIVE,2.828,A_dice,A_dice_s0,0,04,oracle,0.0,0.5,0.40507,0.78657,36468
DRIVE,2.828,A_dice,A_dice_s0,0,04,oracle,0.0,1.0,0.62689,0.66715,53936
DRIVE,2.828,A_dice,A_dice_s0,0,04,oracle,0.5,0.0,0.39334,0.82584,31348
DRIVE,2.828,A_dice,A_dice_s0,0,04,oracle,0.5,0.25,0.42761,0.81922,33282
DRIVE,2.828,A_dice,A_dice_s0,0,04,oracle,0.5,0.5,0.56238,0.71906,48034
DRIVE,2.828,A_dice,A_dice_s0,0,04,oracle,0.5,1.0,0.65941,0.61878,61456
DRIVE,2.828,A_dice,A_dice_s0,0,04,oracle,1.0,0.0,0.48326,0.81092,35682
DRIVE,2.828,A_dice,A_dice_s0,0,04,oracle,1.0,0.25,0.51502,0.80023,37761
DRIVE,2.828,A_dice,A_dice_s0,0,04,oracle,1.0,0.5,0.58237,0.7094,49499
DRIVE,2.828,A_dice,A_dice_s0,0,04,oracle,1.0,1.0,0.67589,0.58893,66588
DRIVE,2.828,A_dice,A_dice_s0,0,04,oracle,1.5,0.0,0.5283,0.8,38021
DRIVE,2.828,A_dice,A_dice_s0,0,04,oracle,1.5,0.25,0.6296,0.77823,41198
DRIVE,2.828,A_dice,A_dice_s0,0,04,oracle,1.5,0.5,0.67057,0.6969,51382
DRIVE,2.828,A_dice,A_dice_s0,0,04,oracle,1.5,1.0,0.68682,0.57765,68904
DRIVE,2.828,A_dice,A_dice_s0,0,04,oracle,2.0,0.0,0.636,0.77697,41191
DRIVE,2.828,A_dice,A_dice_s0,0,04,oracle,2.0,0.25,0.65581,0.75908,43723
DRIVE,2.828,A_dice,A_dice_s0,0,04,oracle,2.0,0.5,0.68089,0.67853,53966
DRIVE,2.828,A_dice,A_dice_s0,0,04,oracle,2.0,1.0,0.70514,0.56548,71415
DRIVE,2.828,A_dice,A_dice_s0,0,05,raw,0.0,0.0,0.31898,0.8141,28331
DRIVE,2.828,A_dice,A_dice_s0,0,05,isotropic,0.25,0.25,0.31898,0.8141,28331
DRIVE,2.828,A_dice,A_dice_s0,0,05,isotropic,0.5,0.5,0.58925,0.71555,48115
DRIVE,2.828,A_dice,A_dice_s0,0,05,isotropic,0.75,0.75,0.60327,0.65373,56190
DRIVE,2.828,A_dice,A_dice_s0,0,05,isotropic,1.0,1.0,0.62897,0.58479,67197
DRIVE,2.828,A_dice,A_dice_s0,0,05,isotropic,1.5,1.5,0.67052,0.47991,90138
DRIVE,2.828,A_dice,A_dice_s0,0,05,oracle,0.0,0.25,0.31898,0.8141,28331
DRIVE,2.828,A_dice,A_dice_s0,0,05,oracle,0.0,0.5,0.39734,0.78208,35541
DRIVE,2.828,A_dice,A_dice_s0,0,05,oracle,0.0,1.0,0.5515,0.66973,53190
DRIVE,2.828,A_dice,A_dice_s0,0,05,oracle,0.5,0.0,0.34557,0.8159,30154
DRIVE,2.828,A_dice,A_dice_s0,0,05,oracle,0.5,0.25,0.41551,0.81257,32115
DRIVE,2.828,A_dice,A_dice_s0,0,05,oracle,0.5,0.5,0.58669,0.72376,47061
DRIVE,2.828,A_dice,A_dice_s0,0,05,oracle,0.5,1.0,0.60392,0.61955,61086
DRIVE,2.828,A_dice,A_dice_s0,0,05,oracle,1.0,0.0,0.4711,0.80891,34640
DRIVE,2.828,A_dice,A_dice_s0,0,05,oracle,1.0,0.25,0.50532,0.80178,36864
DRIVE,2.828,A_dice,A_dice_s0,0,05,oracle,1.0,0.5,0.60407,0.71185,48874
DRIVE,2.828,A_dice,A_dice_s0,0,05,oracle,1.0,1.0,0.62831,0.59075,66180
DRIVE,2.828,A_dice,A_dice_s0,0,05,oracle,1.5,0.0,0.51605,0.79995,37189
DRIVE,2.828,A_dice,A_dice_s0,0,05,oracle,1.5,0.25,0.56774,0.78041,40547
DRIVE,2.828,A_dice,A_dice_s0,0,05,oracle,1.5,0.5,0.61664,0.69848,50931
DRIVE,2.828,A_dice,A_dice_s0,0,05,oracle,1.5,1.0,0.64732,0.57701,69033
DRIVE,2.828,A_dice,A_dice_s0,0,05,oracle,2.0,0.0,0.56272,0.77814,40671
DRIVE,2.828,A_dice,A_dice_s0,0,05,oracle,2.0,0.25,0.58708,0.75946,43393
DRIVE,2.828,A_dice,A_dice_s0,0,05,oracle,2.0,0.5,0.62685,0.67782,53820
DRIVE,2.828,A_dice,A_dice_s0,0,05,oracle,2.0,1.0,0.65811,0.5637,71840
DRIVE,2.828,A_dice,A_dice_s0,0,06,raw,0.0,0.0,0.29618,0.8034,27941
DRIVE,2.828,A_dice,A_dice_s0,0,06,isotropic,0.25,0.25,0.29618,0.8034,27941
DRIVE,2.828,A_dice,A_dice_s0,0,06,isotropic,0.5,0.5,0.47509,0.71887,48285
DRIVE,2.828,A_dice,A_dice_s0,0,06,isotropic,0.75,0.75,0.50963,0.66027,56269
DRIVE,2.828,A_dice,A_dice_s0,0,06,isotropic,1.0,1.0,0.54729,0.5894,67914
DRIVE,2.828,A_dice,A_dice_s0,0,06,isotropic,1.5,1.5,0.61715,0.48789,90818
DRIVE,2.828,A_dice,A_dice_s0,0,06,oracle,0.0,0.25,0.29618,0.8034,27941
DRIVE,2.828,A_dice,A_dice_s0,0,06,oracle,0.0,0.5,0.35111,0.77668,34614
DRIVE,2.828,A_dice,A_dice_s0,0,06,oracle,0.0,1.0,0.46377,0.67389,53171
DRIVE,2.828,A_dice,A_dice_s0,0,06,oracle,0.5,0.0,0.33137,0.80449,29764
DRIVE,2.828,A_dice,A_dice_s0,0,06,oracle,0.5,0.25,0.35128,0.8033,31825
DRIVE,2.828,A_dice,A_dice_s0,0,06,oracle,0.5,0.5,0.46945,0.72546,47354
DRIVE,2.828,A_dice,A_dice_s0,0,06,oracle,0.5,1.0,0.50771,0.62493,61353
DRIVE,2.828,A_dice,A_dice_s0,0,06,oracle,1.0,0.0,0.40661,0.80119,34517
DRIVE,2.828,A_dice,A_dice_s0,0,06,oracle,1.0,0.25,0.43103,0.79592,36876
DRIVE,2.828,A_dice,A_dice_s0,0,06,oracle,1.0,0.5,0.50449,0.71515,49148
DRIVE,2.828,A_dice,A_dice_s0,0,06,oracle,1.0,1.0,0.54625,0.59429,67044
DRIVE,2.828,A_dice,A_dice_s0,0,06,oracle,1.5,0.0,0.44116,0.79342,37098
DRIVE,2.828,A_dice,A_dice_s0,0,06,oracle,1.5,0.25,0.47943,0.77705,40569
DRIVE,2.828,A_dice,A_dice_s0,0,06,oracle,1.5,0.5,0.52361,0.70242,51358
DRIVE,2.828,A_dice,A_dice_s0,0,06,oracle,1.5,1.0,0.56513,0.58187,69927
DRIVE,2.828,A_dice,A_dice_s0,0,06,oracle,2.0,0.0,0.48706,0.77607,40682
DRIVE,2.828,A_dice,A_dice_s0,0,06,oracle,2.0,0.25,0.51769,0.75953,43436
DRIVE,2.828,A_dice,A_dice_s0,0,06,oracle,2.0,0.5,0.55355,0.68409,54241
DRIVE,2.828,A_dice,A_dice_s0,0,06,oracle,2.0,1.0,0.60962,0.56989,72778
DRIVE,2.828,A_dice,A_dice_s0,0,07,raw,0.0,0.0,0.33216,0.8176,28104
DRIVE,2.828,A_dice,A_dice_s0,0,07,isotropic,0.25,0.25,0.33216,0.8176,28104
DRIVE,2.828,A_dice,A_dice_s0,0,07,isotropic,0.5,0.5,0.59336,0.71402,47462
DRIVE,2.828,A_dice,A_dice_s0,0,07,isotropic,0.75,0.75,0.6013,0.65501,55089
DRIVE,2.828,A_dice,A_dice_s0,0,07,isotropic,1.0,1.0,0.6431,0.58434,66162
DRIVE,2.828,A_dice,A_dice_s0,0,07,isotropic,1.5,1.5,0.69782,0.48004,88412
DRIVE,2.828,A_dice,A_dice_s0,0,07,oracle,0.0,0.25,0.33216,0.8176,28104
DRIVE,2.828,A_dice,A_dice_s0,0,07,oracle,0.0,0.5,0.40868,0.78194,34830
DRIVE,2.828,A_dice,A_dice_s0,0,07,oracle,0.0,1.0,0.55435,0.67078,51902
DRIVE,2.828,A_dice,A_dice_s0,0,07,oracle,0.5,0.0,0.358,0.81649,29932
DRIVE,2.828,A_dice,A_dice_s0,0,07,oracle,0.5,0.25,0.38705,0.81293,31831
DRIVE,2.828,A_dice,A_dice_s0,0,07,oracle,0.5,0.5,0.59198,0.7214,46538
DRIVE,2.828,A_dice,A_dice_s0,0,07,oracle,0.5,1.0,0.6013,0.62056,59822
DRIVE,2.828,A_dice,A_dice_s0,0,07,oracle,1.0,0.0,0.49572,0.8055,34444
DRIVE,2.828,A_dice,A_dice_s0,0,07,oracle,1.0,0.25,0.52754,0.79629,36746
DRIVE,2.828,A_dice,A_dice_s0,0,07,oracle,1.0,0.5,0.60252,0.70879,48410
DRIVE,2.828,A_dice,A_dice_s0,0,07,oracle,1.0,1.0,0.63474,0.5893,65294
DRIVE,2.828,A_dice,A_dice_s0,0,07,oracle,1.5,0.0,0.56525,0.79395,37034
DRIVE,2.828,A_dice,A_dice_s0,0,07,oracle,1.5,0.25,0.6178,0.77355,40452
DRIVE,2.828,A_dice,A_dice_s0,0,07,oracle,1.5,0.5,0.65259,0.69479,50692
DRIVE,2.828,A_dice,A_dice_s0,0,07,oracle,1.5,1.0,0.67455,0.5756,68191
DRIVE,2.828,A_dice,A_dice_s0,0,07,oracle,2.0,0.0,0.60633,0.77245,40506
DRIVE,2.828,A_dice,A_dice_s0,0,07,oracle,2.0,0.25,0.64202,0.75339,43239
DRIVE,2.828,A_dice,A_dice_s0,0,07,oracle,2.0,0.5,0.67876,0.67467,53619
DRIVE,2.828,A_dice,A_dice_s0,0,07,oracle,2.0,1.0,0.70865,0.56141,71197
DRIVE,2.828,A_dice,A_dice_s0,0,08,raw,0.0,0.0,0.08762,0.80116,26459
DRIVE,2.828,A_dice,A_dice_s0,0,08,isotropic,0.25,0.25,0.08762,0.80116,26459
DRIVE,2.828,A_dice,A_dice_s0,0,08,isotropic,0.5,0.5,0.51326,0.70678,45085
DRIVE,2.828,A_dice,A_dice_s0,0,08,isotropic,0.75,0.75,0.55257,0.64921,52441
DRIVE,2.828,A_dice,A_dice_s0,0,08,isotropic,1.0,1.0,0.57354,0.57847,63118
DRIVE,2.828,A_dice,A_dice_s0,0,08,isotropic,1.5,1.5,0.6148,0.47359,84743
DRIVE,2.828,A_dice,A_dice_s0,0,08,oracle,0.0,0.25,0.08762,0.80116,26459
DRIVE,2.828,A_dice,A_dice_s0,0,08,oracle,0.0,0.5,0.12427,0.76892,32767
DRIVE,2.828,A_dice,A_dice_s0,0,08,oracle,0.0,1.0,0.45607,0.6639,49499
DRIVE,2.828,A_dice,A_dice_s0,0,08,oracle,0.5,0.0,0.10157,0.8004,28185
DRIVE,2.828,A_dice,A_dice_s0,0,08,oracle,0.5,0.25,0.17715,0.79796,30050
DRIVE,2.828,A_dice,A_dice_s0,0,08,oracle,0.5,0.5,0.48189,0.71382,44077
DRIVE,2.828,A_dice,A_dice_s0,0,08,oracle,0.5,1.0,0.55171,0.61444,57052
DRIVE,2.828,A_dice,A_dice_s0,0,08,oracle,1.0,0.0,0.43497,0.79453,32578
DRIVE,2.828,A_dice,A_dice_s0,0,08,oracle,1.0,0.25,0.45223,0.78441,34805
DRIVE,2.828,A_dice,A_dice_s0,0,08,oracle,1.0,0.5,0.53226,0.70255,45932
DRIVE,2.828,A_dice,A_dice_s0,0,08,oracle,1.0,1.0,0.57248,0.58409,62179
DRIVE,2.828,A_dice,A_dice_s0,0,08,oracle,1.5,0.0,0.47339,0.78286,35101
DRIVE,2.828,A_dice,A_dice_s0,0,08,oracle,1.5,0.25,0.55353,0.76356,38372
DRIVE,2.828,A_dice,A_dice_s0,0,08,oracle,1.5,0.5,0.57352,0.68783,48136
DRIVE,2.828,A_dice,A_dice_s0,0,08,oracle,1.5,1.0,0.59616,0.56929,65086
DRIVE,2.828,A_dice,A_dice_s0,0,08,oracle,2.0,0.0,0.52248,0.76195,38555
DRIVE,2.828,A_dice,A_dice_s0,0,08,oracle,2.0,0.25,0.56048,0.7437,41058
DRIVE,2.828,A_dice,A_dice_s0,0,08,oracle,2.0,0.5,0.57966,0.6667,50963
DRIVE,2.828,A_dice,A_dice_s0,0,08,oracle,2.0,1.0,0.60443,0.55536,67859
DRIVE,2.828,A_dice,A_dice_s0,0,09,raw,0.0,0.0,0.14669,0.80644,25032
DRIVE,2.828,A_dice,A_dice_s0,0,09,isotropic,0.25,0.25,0.14669,0.80644,25032
DRIVE,2.828,A_dice,A_dice_s0,0,09,isotropic,0.5,0.5,0.29994,0.69001,44035
DRIVE,2.828,A_dice,A_dice_s0,0,09,isotropic,0.75,0.75,0.31191,0.62851,51644
DRIVE,2.828,A_dice,A_dice_s0,0,09,isotropic,1.0,1.0,0.32198,0.55674,62364
DRIVE,2.828,A_dice,A_dice_s0,0,09,isotropic,1.5,1.5,0.33948,0.45274,84294
DRIVE,2.828,A_dice,A_dice_s0,0,09,oracle,0.0,0.25,0.14669,0.80644,25032
DRIVE,2.828,A_dice,A_dice_s0,0,09,oracle,0.0,0.5,0.17377,0.76941,31527
DRIVE,2.828,A_dice,A_dice_s0,0,09,oracle,0.0,1.0,0.28257,0.64451,48705
DRIVE,2.828,A_dice,A_dice_s0,0,09,oracle,0.5,0.0,0.17928,0.8066,26753
DRIVE,2.828,A_dice,A_dice_s0,0,09,oracle,0.5,0.25,0.20605,0.80035,28647
DRIVE,2.828,A_dice,A_dice_s0,0,09,oracle,0.5,0.5,0.29689,0.69891,43010
DRIVE,2.828,A_dice,A_dice_s0,0,09,oracle,0.5,1.0,0.30523,0.59212,56391
DRIVE,2.828,A_dice,A_dice_s0,0,09,oracle,1.0,0.0,0.2559,0.79343,31041
DRIVE,2.828,A_dice,A_dice_s0,0,09,oracle,1.0,0.25,0.26968,0.7813,33295
DRIVE,2.828,A_dice,A_dice_s0,0,09,oracle,1.0,0.5,0.30833,0.68607,44820
DRIVE,2.828,A_dice,A_dice_s0,0,09,oracle,1.0,1.0,0.32125,0.56261,61398
DRIVE,2.828,A_dice,A_dice_s0,0,09,oracle,1.5,0.0,0.28276,0.78149,33523
DRIVE,2.828,A_dice,A_dice_s0,0,09,oracle,1.5,0.25,0.30558,0.75721,36877
DRIVE,2.828,A_dice,A_dice_s0,0,09,oracle,1.5,0.5,0.32266,0.67288,46829
DRIVE,2.828,A_dice,A_dice_s0,0,09,oracle,1.5,1.0,0.33102,0.54921,64207
DRIVE,2.828,A_dice,A_dice_s0,0,09,oracle,2.0,0.0,0.30797,0.75462,37055
DRIVE,2.828,A_dice,A_dice_s0,0,09,oracle,2.0,0.25,0.31608,0.73421,39673
DRIVE,2.828,A_dice,A_dice_s0,0,09,oracle,2.0,0.5,0.32825,0.65201,49715
DRIVE,2.828,A_dice,A_dice_s0,0,09,oracle,2.0,1.0,0.34176,0.53619,66953
DRIVE,2.828,A_dice,A_dice_s0,0,10,raw,0.0,0.0,0.33949,0.81068,28269
DRIVE,2.828,A_dice,A_dice_s0,0,10,isotropic,0.25,0.25,0.33949,0.81068,28269
DRIVE,2.828,A_dice,A_dice_s0,0,10,isotropic,0.5,0.5,0.64255,0.67612,48118
DRIVE,2.828,A_dice,A_dice_s0,0,10,isotropic,0.75,0.75,0.65365,0.61403,56153
DRIVE,2.828,A_dice,A_dice_s0,0,10,isotropic,1.0,1.0,0.67685,0.54556,67162
DRIVE,2.828,A_dice,A_dice_s0,0,10,isotropic,1.5,1.5,0.73095,0.44392,89675
DRIVE,2.828,A_dice,A_dice_s0,0,10,oracle,0.0,0.25,0.33949,0.81068,28269
DRIVE,2.828,A_dice,A_dice_s0,0,10,oracle,0.0,0.5,0.399,0.76268,35250
DRIVE,2.828,A_dice,A_dice_s0,0,10,oracle,0.0,1.0,0.59411,0.63171,53086
DRIVE,2.828,A_dice,A_dice_s0,0,10,oracle,0.5,0.0,0.38394,0.80492,30107
DRIVE,2.828,A_dice,A_dice_s0,0,10,oracle,0.5,0.25,0.44652,0.79577,31977
DRIVE,2.828,A_dice,A_dice_s0,0,10,oracle,0.5,0.5,0.63852,0.68318,47217
DRIVE,2.828,A_dice,A_dice_s0,0,10,oracle,0.5,1.0,0.65453,0.58103,60926
DRIVE,2.828,A_dice,A_dice_s0,0,10,oracle,1.0,0.0,0.53033,0.78211,34702
DRIVE,2.828,A_dice,A_dice_s0,0,10,oracle,1.0,0.25,0.56774,0.76811,37035
DRIVE,2.828,A_dice,A_dice_s0,0,10,oracle,1.0,0.5,0.65154,0.6706,49015
DRIVE,2.828,A_dice,A_dice_s0,0,10,oracle,1.0,1.0,0.66951,0.55047,66299
DRIVE,2.828,A_dice,A_dice_s0,0,10,oracle,1.5,0.0,0.60422,0.76431,37483
DRIVE,2.828,A_dice,A_dice_s0,0,10,oracle,1.5,0.25,0.64152,0.73956,40852
DRIVE,2.828,A_dice,A_dice_s0,0,10,oracle,1.5,0.5,0.67489,0.65476,51313
DRIVE,2.828,A_dice,A_dice_s0,0,10,oracle,1.5,1.0,0.70668,0.5365,69150
DRIVE,2.828,A_dice,A_dice_s0,0,10,oracle,2.0,0.0,0.63837,0.73685,40964
DRIVE,2.828,A_dice,A_dice_s0,0,10,oracle,2.0,0.25,0.66342,0.71601,43701
DRIVE,2.828,A_dice,A_dice_s0,0,10,oracle,2.0,0.5,0.70283,0.63224,54430
DRIVE,2.828,A_dice,A_dice_s0,0,10,oracle,2.0,1.0,0.71963,0.52204,72123
DRIVE,2.828,A_dice,A_dice_s0,0,11,raw,0.0,0.0,0.29798,0.8106,30888
DRIVE,2.828,A_dice,A_dice_s0,0,11,isotropic,0.25,0.25,0.29798,0.8106,30888
DRIVE,2.828,A_dice,A_dice_s0,0,11,isotropic,0.5,0.5,0.62155,0.6612,52984
DRIVE,2.828,A_dice,A_dice_s0,0,11,isotropic,0.75,0.75,0.65004,0.60003,61960
DRIVE,2.828,A_dice,A_dice_s0,0,11,isotropic,1.0,1.0,0.67275,0.53406,73940
DRIVE,2.828,A_dice,A_dice_s0,0,11,isotropic,1.5,1.5,0.72178,0.43459,99143
DRIVE,2.828,A_dice,A_dice_s0,0,11,oracle,0.0,0.25,0.29798,0.8106,30888
DRIVE,2.828,A_dice,A_dice_s0,0,11,oracle,0.0,0.5,0.32789,0.74944,38885
DRIVE,2.828,A_dice,A_dice_s0,0,11,oracle,0.0,1.0,0.58385,0.61747,58371
DRIVE,2.828,A_dice,A_dice_s0,0,11,oracle,0.5,0.0,0.32183,0.80169,32929
DRIVE,2.828,A_dice,A_dice_s0,0,11,oracle,0.5,0.25,0.41995,0.792,34835
DRIVE,2.828,A_dice,A_dice_s0,0,11,oracle,0.5,0.5,0.62005,0.66887,51933
DRIVE,2.828,A_dice,A_dice_s0,0,11,oracle,0.5,1.0,0.6384,0.56741,67149
DRIVE,2.828,A_dice,A_dice_s0,0,11,oracle,1.0,0.0,0.51037,0.77783,37789
DRIVE,2.828,A_dice,A_dice_s0,0,11,oracle,1.0,0.25,0.56062,0.76085,40562
DRIVE,2.828,A_dice,A_dice_s0,0,11,oracle,1.0,0.5,0.6459,0.65681,53977
DRIVE,2.828,A_dice,A_dice_s0,0,11,oracle,1.0,1.0,0.6715,0.53885,72972
DRIVE,2.828,A_dice,A_dice_s0,0,11,oracle,1.5,0.0,0.56596,0.75734,40860
DRIVE,2.828,A_dice,A_dice_s0,0,11,oracle,1.5,0.25,0.61253,0.73061,44747
DRIVE,2.828,A_dice,A_dice_s0,0,11,oracle,1.5,0.5,0.66963,0.64094,56569
DRIVE,2.828,A_dice,A_dice_s0,0,11,oracle,1.5,1.0,0.6922,0.5258,76117
DRIVE,2.828,A_dice,A_dice_s0,0,11,oracle,2.0,0.0,0.62445,0.72888,44849
DRIVE,2.828,A_dice,A_dice_s0,0,11,oracle,2.0,0.25,0.64814,0.70528,48005
DRIVE,2.828,A_dice,A_dice_s0,0,11,oracle,2.0,0.5,0.70427,0.61971,59980
DRIVE,2.828,A_dice,A_dice_s0,0,11,oracle,2.0,1.0,0.73034,0.51251,79426
DRIVE,2.828,A_dice,A_dice_s0,0,12,raw,0.0,0.0,0.16277,0.82803,29228
DRIVE,2.828,A_dice,A_dice_s0,0,12,isotropic,0.25,0.25,0.16277,0.82803,29228
DRIVE,2.828,A_dice,A_dice_s0,0,12,isotropic,0.5,0.5,0.7711,0.69348,49845
DRIVE,2.828,A_dice,A_dice_s0,0,12,isotropic,0.75,0.75,0.78446,0.63053,58148
DRIVE,2.828,A_dice,A_dice_s0,0,12,isotropic,1.0,1.0,0.79979,0.5599,69592
DRIVE,2.828,A_dice,A_dice_s0,0,12,isotropic,1.5,1.5,0.83716,0.45654,92726
DRIVE,2.828,A_dice,A_dice_s0,0,12,oracle,0.0,0.25,0.16277,0.82803,29228
DRIVE,2.828,A_dice,A_dice_s0,0,12,oracle,0.0,0.5,0.24716,0.77745,36265
DRIVE,2.828,A_dice,A_dice_s0,0,12,oracle,0.0,1.0,0.36029,0.64793,54961
DRIVE,2.828,A_dice,A_dice_s0,0,12,oracle,0.5,0.0,0.19169,0.822,31050
DRIVE,2.828,A_dice,A_dice_s0,0,12,oracle,0.5,0.25,0.20948,0.81419,33024
DRIVE,2.828,A_dice,A_dice_s0,0,12,oracle,0.5,0.5,0.76808,0.70126,48888
DRIVE,2.828,A_dice,A_dice_s0,0,12,oracle,0.5,1.0,0.77716,0.59569,63149
DRIVE,2.828,A_dice,A_dice_s0,0,12,oracle,1.0,0.0,0.31332,0.80476,35778
DRIVE,2.828,A_dice,A_dice_s0,0,12,oracle,1.0,0.25,0.33288,0.79003,38282
DRIVE,2.828,A_dice,A_dice_s0,0,12,oracle,1.0,0.5,0.78507,0.68894,50724
DRIVE,2.828,A_dice,A_dice_s0,0,12,oracle,1.0,1.0,0.79897,0.56478,68720
DRIVE,2.828,A_dice,A_dice_s0,0,12,oracle,1.5,0.0,0.66236,0.78871,38493
DRIVE,2.828,A_dice,A_dice_s0,0,12,oracle,1.5,0.25,0.76651,0.76084,42150
DRIVE,2.828,A_dice,A_dice_s0,0,12,oracle,1.5,0.5,0.80678,0.67382,52912
DRIVE,2.828,A_dice,A_dice_s0,0,12,oracle,1.5,1.0,0.82564,0.55132,71565
DRIVE,2.828,A_dice,A_dice_s0,0,12,oracle,2.0,0.0,0.73966,0.76026,42128
DRIVE,2.828,A_dice,A_dice_s0,0,12,oracle,2.0,0.25,0.78186,0.73792,45011
DRIVE,2.828,A_dice,A_dice_s0,0,12,oracle,2.0,0.5,0.82397,0.65192,55944
DRIVE,2.828,A_dice,A_dice_s0,0,12,oracle,2.0,1.0,0.84283,0.53777,74450
DRIVE,2.828,A_dice,A_dice_s0,0,13,raw,0.0,0.0,0.20686,0.82041,31777
DRIVE,2.828,A_dice,A_dice_s0,0,13,isotropic,0.25,0.25,0.20686,0.82041,31777
DRIVE,2.828,A_dice,A_dice_s0,0,13,isotropic,0.5,0.5,0.6392,0.691,53987
DRIVE,2.828,A_dice,A_dice_s0,0,13,isotropic,0.75,0.75,0.66453,0.6293,63146
DRIVE,2.828,A_dice,A_dice_s0,0,13,isotropic,1.0,1.0,0.68419,0.56145,75380
DRIVE,2.828,A_dice,A_dice_s0,0,13,isotropic,1.5,1.5,0.71558,0.4583,101173
DRIVE,2.828,A_dice,A_dice_s0,0,13,oracle,0.0,0.25,0.20686,0.82041,31777
DRIVE,2.828,A_dice,A_dice_s0,0,13,oracle,0.0,0.5,0.23881,0.76841,39643
DRIVE,2.828,A_dice,A_dice_s0,0,13,oracle,0.0,1.0,0.31271,0.64594,59613
DRIVE,2.828,A_dice,A_dice_s0,0,13,oracle,0.5,0.0,0.23509,0.81568,33801
DRIVE,2.828,A_dice,A_dice_s0,0,13,oracle,0.5,0.25,0.25324,0.80871,35978
DRIVE,2.828,A_dice,A_dice_s0,0,13,oracle,0.5,0.5,0.63591,0.69904,52843
DRIVE,2.828,A_dice,A_dice_s0,0,13,oracle,0.5,1.0,0.66341,0.59638,68429
DRIVE,2.828,A_dice,A_dice_s0,0,13,oracle,1.0,0.0,0.28717,0.79715,38995
DRIVE,2.828,A_dice,A_dice_s0,0,13,oracle,1.0,0.25,0.5967,0.78359,41537
DRIVE,2.828,A_dice,A_dice_s0,0,13,oracle,1.0,0.5,0.66261,0.68557,55049
DRIVE,2.828,A_dice,A_dice_s0,0,13,oracle,1.0,1.0,0.68305,0.56705,74279
DRIVE,2.828,A_dice,A_dice_s0,0,13,oracle,1.5,0.0,0.62378,0.77972,41988
DRIVE,2.828,A_dice,A_dice_s0,0,13,oracle,1.5,0.25,0.64677,0.75566,45734
DRIVE,2.828,A_dice,A_dice_s0,0,13,oracle,1.5,0.5,0.68079,0.67003,57623
DRIVE,2.828,A_dice,A_dice_s0,0,13,oracle,1.5,1.0,0.69464,0.55231,77673
DRIVE,2.828,A_dice,A_dice_s0,0,13,oracle,2.0,0.0,0.66564,0.75443,45811
DRIVE,2.828,A_dice,A_dice_s0,0,13,oracle,2.0,0.25,0.67529,0.73352,48889
DRIVE,2.828,A_dice,A_dice_s0,0,13,oracle,2.0,0.5,0.68908,0.64917,60962
DRIVE,2.828,A_dice,A_dice_s0,0,13,oracle,2.0,1.0,0.70813,0.53798,81072
DRIVE,2.828,A_dice,A_dice_s0,0,14,raw,0.0,0.0,0.5228,0.81878,29939
DRIVE,2.828,A_dice,A_dice_s0,0,14,isotropic,0.25,0.25,0.5228,0.81878,29939
DRIVE,2.828,A_dice,A_dice_s0,0,14,isotropic,0.5,0.5,0.79665,0.66195,51314
DRIVE,2.828,A_dice,A_dice_s0,0,14,isotropic,0.75,0.75,0.81901,0.59793,60036
DRIVE,2.828,A_dice,A_dice_s0,0,14,isotropic,1.0,1.0,0.85654,0.52827,71901
DRIVE,2.828,A_dice,A_dice_s0,0,14,isotropic,1.5,1.5,0.89706,0.42556,96521
DRIVE,2.828,A_dice,A_dice_s0,0,14,oracle,0.0,0.25,0.5228,0.81878,29939
DRIVE,2.828,A_dice,A_dice_s0,0,14,oracle,0.0,0.5,0.58823,0.75543,37220
DRIVE,2.828,A_dice,A_dice_s0,0,14,oracle,0.0,1.0,0.77043,0.62026,56208
DRIVE,2.828,A_dice,A_dice_s0,0,14,oracle,0.5,0.0,0.56843,0.8065,32046
DRIVE,2.828,A_dice,A_dice_s0,0,14,oracle,0.5,0.25,0.59711,0.79638,34163
DRIVE,2.828,A_dice,A_dice_s0,0,14,oracle,0.5,0.5,0.79175,0.66991,50303
DRIVE,2.828,A_dice,A_dice_s0,0,14,oracle,0.5,1.0,0.81749,0.56621,64879
DRIVE,2.828,A_dice,A_dice_s0,0,14,oracle,1.0,0.0,0.68318,0.77378,37644
DRIVE,2.828,A_dice,A_dice_s0,0,14,oracle,1.0,0.25,0.7461,0.75816,39942
DRIVE,2.828,A_dice,A_dice_s0,0,14,oracle,1.0,0.5,0.81555,0.6527,52689
DRIVE,2.828,A_dice,A_dice_s0,0,14,oracle,1.0,1.0,0.85609,0.53341,70936
DRIVE,2.828,A_dice,A_dice_s0,0,14,oracle,1.5,0.0,0.74576,0.74941,40813
DRIVE,2.828,A_dice,A_dice_s0,0,14,oracle,1.5,0.25,0.8095,0.71899,44634
DRIVE,2.828,A_dice,A_dice_s0,0,14,oracle,1.5,0.5,0.85653,0.63062,55864
DRIVE,2.828,A_dice,A_dice_s0,0,14,oracle,1.5,1.0,0.88306,0.51542,74709
DRIVE,2.828,A_dice,A_dice_s0,0,14,oracle,2.0,0.0,0.78884,0.7129,45221
DRIVE,2.828,A_dice,A_dice_s0,0,14,oracle,2.0,0.25,0.82378,0.68792,48349
DRIVE,2.828,A_dice,A_dice_s0,0,14,oracle,2.0,0.5,0.87634,0.60428,59714
DRIVE,2.828,A_dice,A_dice_s0,0,14,oracle,2.0,1.0,0.89367,0.49861,78407
DRIVE,2.828,A_dice,A_dice_s0,0,15,raw,0.0,0.0,0.52114,0.79877,28038
DRIVE,2.828,A_dice,A_dice_s0,0,15,isotropic,0.25,0.25,0.52114,0.79877,28038
DRIVE,2.828,A_dice,A_dice_s0,0,15,isotropic,0.5,0.5,0.78181,0.6369,48068
DRIVE,2.828,A_dice,A_dice_s0,0,15,isotropic,0.75,0.75,0.80615,0.57409,56129
DRIVE,2.828,A_dice,A_dice_s0,0,15,isotropic,1.0,1.0,0.8262,0.50433,67426
DRIVE,2.828,A_dice,A_dice_s0,0,15,isotropic,1.5,1.5,0.84032,0.40504,90385
DRIVE,2.828,A_dice,A_dice_s0,0,15,oracle,0.0,0.25,0.52114,0.79877,28038
DRIVE,2.828,A_dice,A_dice_s0,0,15,oracle,0.0,0.5,0.53418,0.7335,34968
DRIVE,2.828,A_dice,A_dice_s0,0,15,oracle,0.0,1.0,0.74659,0.59566,52718
DRIVE,2.828,A_dice,A_dice_s0,0,15,oracle,0.5,0.0,0.56263,0.78766,29843
DRIVE,2.828,A_dice,A_dice_s0,0,15,oracle,0.5,0.25,0.60447,0.77575,31600
DRIVE,2.828,A_dice,A_dice_s0,0,15,oracle,0.5,0.5,0.77605,0.6444,47131
DRIVE,2.828,A_dice,A_dice_s0,0,15,oracle,0.5,1.0,0.80614,0.54007,61105
DRIVE,2.828,A_dice,A_dice_s0,0,15,oracle,1.0,0.0,0.66779,0.75537,34429
DRIVE,2.828,A_dice,A_dice_s0,0,15,oracle,1.0,0.25,0.69628,0.73819,36904
DRIVE,2.828,A_dice,A_dice_s0,0,15,oracle,1.0,0.5,0.799,0.63065,48987
DRIVE,2.828,A_dice,A_dice_s0,0,15,oracle,1.0,1.0,0.82525,0.50882,66595
DRIVE,2.828,A_dice,A_dice_s0,0,15,oracle,1.5,0.0,0.72622,0.73371,37140
DRIVE,2.828,A_dice,A_dice_s0,0,15,oracle,1.5,0.25,0.78875,0.70407,40769
DRIVE,2.828,A_dice,A_dice_s0,0,15,oracle,1.5,0.5,0.82646,0.61322,51266
DRIVE,2.828,A_dice,A_dice_s0,0,15,oracle,1.5,1.0,0.83194,0.49501,69349
DRIVE,2.828,A_dice,A_dice_s0,0,15,oracle,2.0,0.0,0.76161,0.70299,40737
DRIVE,2.828,A_dice,A_dice_s0,0,15,oracle,2.0,0.25,0.79877,0.67967,43474
DRIVE,2.828,A_dice,A_dice_s0,0,15,oracle,2.0,0.5,0.83123,0.59227,54053
DRIVE,2.828,A_dice,A_dice_s0,0,15,oracle,2.0,1.0,0.83817,0.48138,72199
DRIVE,2.828,A_dice,A_dice_s0,0,16,raw,0.0,0.0,0.5256,0.84343,31160
DRIVE,2.828,A_dice,A_dice_s0,0,16,isotropic,0.25,0.25,0.5256,0.84343,31160
DRIVE,2.828,A_dice,A_dice_s0,0,16,isotropic,0.5,0.5,0.84664,0.68859,53391
DRIVE,2.828,A_dice,A_dice_s0,0,16,isotropic,0.75,0.75,0.85544,0.62341,62511
DRIVE,2.828,A_dice,A_dice_s0,0,16,isotropic,1.0,1.0,0.86872,0.55326,74691
DRIVE,2.828,A_dice,A_dice_s0,0,16,isotropic,1.5,1.5,0.89922,0.4485,100090
DRIVE,2.828,A_dice,A_dice_s0,0,16,oracle,0.0,0.25,0.5256,0.84343,31160
DRIVE,2.828,A_dice,A_dice_s0,0,16,oracle,0.0,0.5,0.63002,0.78123,38947
DRIVE,2.828,A_dice,A_dice_s0,0,16,oracle,0.0,1.0,0.82321,0.64136,59005
DRIVE,2.828,A_dice,A_dice_s0,0,16,oracle,0.5,0.0,0.60079,0.83337,33211
DRIVE,2.828,A_dice,A_dice_s0,0,16,oracle,0.5,0.25,0.66665,0.82329,35411
DRIVE,2.828,A_dice,A_dice_s0,0,16,oracle,0.5,0.5,0.84497,0.69584,52441
DRIVE,2.828,A_dice,A_dice_s0,0,16,oracle,0.5,1.0,0.85481,0.58966,67676
DRIVE,2.828,A_dice,A_dice_s0,0,16,oracle,1.0,0.0,0.7329,0.8084,38334
DRIVE,2.828,A_dice,A_dice_s0,0,16,oracle,1.0,0.25,0.75737,0.79169,40901
DRIVE,2.828,A_dice,A_dice_s0,0,16,oracle,1.0,0.5,0.85733,0.6824,54482
DRIVE,2.828,A_dice,A_dice_s0,0,16,oracle,1.0,1.0,0.86745,0.55787,73807
DRIVE,2.828,A_dice,A_dice_s0,0,16,oracle,1.5,0.0,0.79733,0.78789,41402
DRIVE,2.828,A_dice,A_dice_s0,0,16,oracle,1.5,0.25,0.8319,0.7619,44906
DRIVE,2.828,A_dice,A_dice_s0,0,16,oracle,1.5,0.5,0.8738,0.66558,57039
DRIVE,2.828,A_dice,A_dice_s0,0,16,oracle,1.5,1.0,0.89106,0.54355,77074
DRIVE,2.828,A_dice,A_dice_s0,0,16,oracle,2.0,0.0,0.82511,0.76144,44923
DRIVE,2.828,A_dice,A_dice_s0,0,16,oracle,2.0,0.25,0.85796,0.73678,48110
DRIVE,2.828,A_dice,A_dice_s0,0,16,oracle,2.0,0.5,0.89106,0.64365,60385
DRIVE,2.828,A_dice,A_dice_s0,0,16,oracle,2.0,1.0,0.90073,0.52906,80379
DRIVE,2.828,A_dice,A_dice_s0,0,17,raw,0.0,0.0,0.30809,0.82114,27919
DRIVE,2.828,A_dice,A_dice_s0,0,17,isotropic,0.25,0.25,0.30809,0.82114,27919
DRIVE,2.828,A_dice,A_dice_s0,0,17,isotropic,0.5,0.5,0.66318,0.69425,46989
DRIVE,2.828,A_dice,A_dice_s0,0,17,isotropic,0.75,0.75,0.68495,0.63562,54565
DRIVE,2.828,A_dice,A_dice_s0,0,17,isotropic,1.0,1.0,0.74932,0.56598,65420
DRIVE,2.828,A_dice,A_dice_s0,0,17,isotropic,1.5,1.5,0.81039,0.46266,87464
DRIVE,2.828,A_dice,A_dice_s0,0,17,oracle,0.0,0.25,0.30809,0.82114,27919
DRIVE,2.828,A_dice,A_dice_s0,0,17,oracle,0.0,0.5,0.46147,0.77314,34553
DRIVE,2.828,A_dice,A_dice_s0,0,17,oracle,0.0,1.0,0.63577,0.65299,51276
DRIVE,2.828,A_dice,A_dice_s0,0,17,oracle,0.5,0.0,0.43398,0.81594,29677
DRIVE,2.828,A_dice,A_dice_s0,0,17,oracle,0.5,0.25,0.46385,0.80977,31434
DRIVE,2.828,A_dice,A_dice_s0,0,17,oracle,0.5,0.5,0.64721,0.70264,45910
DRIVE,2.828,A_dice,A_dice_s0,0,17,oracle,0.5,1.0,0.6726,0.6005,59286
DRIVE,2.828,A_dice,A_dice_s0,0,17,oracle,1.0,0.0,0.57064,0.80134,33860
DRIVE,2.828,A_dice,A_dice_s0,0,17,oracle,1.0,0.25,0.5913,0.78566,36313
DRIVE,2.828,A_dice,A_dice_s0,0,17,oracle,1.0,0.5,0.68269,0.69067,47822
DRIVE,2.828,A_dice,A_dice_s0,0,17,oracle,1.0,1.0,0.74802,0.57206,64390
DRIVE,2.828,A_dice,A_dice_s0,0,17,oracle,1.5,0.0,0.62485,0.78643,36538
DRIVE,2.828,A_dice,A_dice_s0,0,17,oracle,1.5,0.25,0.64852,0.76153,39906
DRIVE,2.828,A_dice,A_dice_s0,0,17,oracle,1.5,0.5,0.7176,0.67862,49832
DRIVE,2.828,A_dice,A_dice_s0,0,17,oracle,1.5,1.0,0.80274,0.55895,67223
DRIVE,2.828,A_dice,A_dice_s0,0,17,oracle,2.0,0.0,0.68989,0.76241,39980
DRIVE,2.828,A_dice,A_dice_s0,0,17,oracle,2.0,0.25,0.74877,0.74089,42620
DRIVE,2.828,A_dice,A_dice_s0,0,17,oracle,2.0,0.5,0.80342,0.65873,52715
DRIVE,2.828,A_dice,A_dice_s0,0,17,oracle,2.0,1.0,0.82034,0.5454,70132
DRIVE,2.828,A_dice,A_dice_s0,0,18,raw,0.0,0.0,0.45096,0.82084,30515
DRIVE,2.828,A_dice,A_dice_s0,0,18,isotropic,0.25,0.25,0.45096,0.82084,30515
DRIVE,2.828,A_dice,A_dice_s0,0,18,isotropic,0.5,0.5,0.82307,0.66304,49782
DRIVE,2.828,A_dice,A_dice_s0,0,18,isotropic,0.75,0.75,0.86619,0.60636,57312
DRIVE,2.828,A_dice,A_dice_s0,0,18,isotropic,1.0,1.0,0.88743,0.53915,68130
DRIVE,2.828,A_dice,A_dice_s0,0,18,isotropic,1.5,1.5,0.90747,0.44095,90002
DRIVE,2.828,A_dice,A_dice_s0,0,18,oracle,0.0,0.25,0.45096,0.82084,30515
DRIVE,2.828,A_dice,A_dice_s0,0,18,oracle,0.0,0.5,0.56086,0.76168,37242
DRIVE,2.828,A_dice,A_dice_s0,0,18,oracle,0.0,1.0,0.78633,0.62297,54277
DRIVE,2.828,A_dice,A_dice_s0,0,18,oracle,0.5,0.0,0.54693,0.81184,32210
DRIVE,2.828,A_dice,A_dice_s0,0,18,oracle,0.5,0.25,0.59114,0.7986,33936
DRIVE,2.828,A_dice,A_dice_s0,0,18,oracle,0.5,0.5,0.81575,0.67071,48824
DRIVE,2.828,A_dice,A_dice_s0,0,18,oracle,0.5,1.0,0.83781,0.57259,62128
DRIVE,2.828,A_dice,A_dice_s0,0,18,oracle,1.0,0.0,0.67786,0.78245,36301
DRIVE,2.828,A_dice,A_dice_s0,0,18,oracle,1.0,0.25,0.75769,0.76106,38815
DRIVE,2.828,A_dice,A_dice_s0,0,18,oracle,1.0,0.5,0.86498,0.6596,50509
DRIVE,2.828,A_dice,A_dice_s0,0,18,oracle,1.0,1.0,0.88719,0.54395,67272
DRIVE,2.828,A_dice,A_dice_s0,0,18,oracle,1.5,0.0,0.77357,0.76509,38737
DRIVE,2.828,A_dice,A_dice_s0,0,18,oracle,1.5,0.25,0.80922,0.73472,42160
DRIVE,2.828,A_dice,A_dice_s0,0,18,oracle,1.5,0.5,0.87595,0.64748,52357
DRIVE,2.828,A_dice,A_dice_s0,0,18,oracle,1.5,1.0,0.89953,0.5321,69807
DRIVE,2.828,A_dice,A_dice_s0,0,18,oracle,2.0,0.0,0.8179,0.73816,41871
DRIVE,2.828,A_dice,A_dice_s0,0,18,oracle,2.0,0.25,0.84664,0.7145,44557
DRIVE,2.828,A_dice,A_dice_s0,0,18,oracle,2.0,0.5,0.9025,0.62959,54905
DRIVE,2.828,A_dice,A_dice_s0,0,18,oracle,2.0,1.0,0.91944,0.5199,72372
DRIVE,2.828,A_dice,A_dice_s0,0,19,raw,0.0,0.0,0.53052,0.84894,32436
DRIVE,2.828,A_dice,A_dice_s0,0,19,isotropic,0.25,0.25,0.53052,0.84894,32436
DRIVE,2.828,A_dice,A_dice_s0,0,19,isotropic,0.5,0.5,0.82255,0.64702,55053
DRIVE,2.828,A_dice,A_dice_s0,0,19,isotropic,0.75,0.75,0.84038,0.58556,63974
DRIVE,2.828,A_dice,A_dice_s0,0,19,isotropic,1.0,1.0,0.85319,0.51603,76677
DRIVE,2.828,A_dice,A_dice_s0,0,19,isotropic,1.5,1.5,0.89549,0.41774,101819
DRIVE,2.828,A_dice,A_dice_s0,0,19,oracle,0.0,0.25,0.53052,0.84894,32436
DRIVE,2.828,A_dice,A_dice_s0,0,19,oracle,0.0,0.5,0.57673,0.76792,39972
DRIVE,2.828,A_dice,A_dice_s0,0,19,oracle,0.0,1.0,0.79226,0.60794,60059
DRIVE,2.828,A_dice,A_dice_s0,0,19,oracle,0.5,0.0,0.57736,0.82932,34548
DRIVE,2.828,A_dice,A_dice_s0,0,19,oracle,0.5,0.25,0.68456,0.8085,36694
DRIVE,2.828,A_dice,A_dice_s0,0,19,oracle,0.5,0.5,0.81615,0.65584,53886
DRIVE,2.828,A_dice,A_dice_s0,0,19,oracle,0.5,1.0,0.82769,0.55285,69345
DRIVE,2.828,A_dice,A_dice_s0,0,19,oracle,1.0,0.0,0.71695,0.78112,39828
DRIVE,2.828,A_dice,A_dice_s0,0,19,oracle,1.0,0.25,0.80067,0.75747,42499
DRIVE,2.828,A_dice,A_dice_s0,0,19,oracle,1.0,0.5,0.8406,0.63953,56253
DRIVE,2.828,A_dice,A_dice_s0,0,19,oracle,1.0,1.0,0.84776,0.5214,75577
DRIVE,2.828,A_dice,A_dice_s0,0,19,oracle,1.5,0.0,0.80344,0.75297,42948
DRIVE,2.828,A_dice,A_dice_s0,0,19,oracle,1.5,0.25,0.83885,0.71767,46911
DRIVE,2.828,A_dice,A_dice_s0,0,19,oracle,1.5,0.5,0.86326,0.62071,59068
DRIVE,2.828,A_dice,A_dice_s0,0,19,oracle,1.5,1.0,0.87095,0.50572,79067
DRIVE,2.828,A_dice,A_dice_s0,0,19,oracle,2.0,0.0,0.83544,0.71812,46893
DRIVE,2.828,A_dice,A_dice_s0,0,19,oracle,2.0,0.25,0.84561,0.68946,50232
DRIVE,2.828,A_dice,A_dice_s0,0,19,oracle,2.0,0.5,0.8837,0.59789,62551
DRIVE,2.828,A_dice,A_dice_s0,0,19,oracle,2.0,1.0,0.89193,0.49085,82531
DRIVE,2.828,A_dice,A_dice_s0,0,20,raw,0.0,0.0,0.17465,0.80525,30034
DRIVE,2.828,A_dice,A_dice_s0,0,20,isotropic,0.25,0.25,0.17465,0.80525,30034
DRIVE,2.828,A_dice,A_dice_s0,0,20,isotropic,0.5,0.5,0.4434,0.63256,50687
DRIVE,2.828,A_dice,A_dice_s0,0,20,isotropic,0.75,0.75,0.45691,0.57027,59264
DRIVE,2.828,A_dice,A_dice_s0,0,20,isotropic,1.0,1.0,0.91021,0.50513,70349
DRIVE,2.828,A_dice,A_dice_s0,0,20,isotropic,1.5,1.5,0.93285,0.40609,94000
DRIVE,2.828,A_dice,A_dice_s0,0,20,oracle,0.0,0.25,0.17465,0.80525,30034
DRIVE,2.828,A_dice,A_dice_s0,0,20,oracle,0.0,0.5,0.23706,0.73127,37718
DRIVE,2.828,A_dice,A_dice_s0,0,20,oracle,0.0,1.0,0.42535,0.5966,54940
DRIVE,2.828,A_dice,A_dice_s0,0,20,oracle,0.5,0.0,0.19882,0.78322,32590
DRIVE,2.828,A_dice,A_dice_s0,0,20,oracle,0.5,0.25,0.21035,0.77009,34362
DRIVE,2.828,A_dice,A_dice_s0,0,20,oracle,0.5,0.5,0.4431,0.64049,49697
DRIVE,2.828,A_dice,A_dice_s0,0,20,oracle,0.5,1.0,0.45487,0.54297,63398
DRIVE,2.828,A_dice,A_dice_s0,0,20,oracle,1.0,0.0,0.36742,0.74225,37889
DRIVE,2.828,A_dice,A_dice_s0,0,20,oracle,1.0,0.25,0.77214,0.72323,40279
DRIVE,2.828,A_dice,A_dice_s0,0,20,oracle,1.0,0.5,0.88639,0.6208,52352
DRIVE,2.828,A_dice,A_dice_s0,0,20,oracle,1.0,1.0,0.90995,0.50979,69475
DRIVE,2.828,A_dice,A_dice_s0,0,20,oracle,1.5,0.0,0.79036,0.71135,41562
DRIVE,2.828,A_dice,A_dice_s0,0,20,oracle,1.5,0.25,0.85956,0.6824,45014
DRIVE,2.828,A_dice,A_dice_s0,0,20,oracle,1.5,0.5,0.89459,0.59407,56153
DRIVE,2.828,A_dice,A_dice_s0,0,20,oracle,1.5,1.0,0.92736,0.49062,73449
DRIVE,2.828,A_dice,A_dice_s0,0,20,oracle,2.0,0.0,0.8585,0.67914,45391
DRIVE,2.828,A_dice,A_dice_s0,0,20,oracle,2.0,0.25,0.88844,0.65225,48698
DRIVE,2.828,A_dice,A_dice_s0,0,20,oracle,2.0,0.5,0.93076,0.56793,60136
DRIVE,2.828,A_dice,A_dice_s0,0,20,oracle,2.0,1.0,0.93967,0.47205,77466
DRIVE,2.828,A_dice,A_dice_s1,1,01,raw,0.0,0.0,0.46077,0.82744,34047
DRIVE,2.828,A_dice,A_dice_s1,1,01,isotropic,0.25,0.25,0.46077,0.82744,34047
DRIVE,2.828,A_dice,A_dice_s1,1,01,isotropic,0.5,0.5,0.79389,0.65941,56849
DRIVE,2.828,A_dice,A_dice_s1,1,01,isotropic,0.75,0.75,0.81004,0.59832,66048
DRIVE,2.828,A_dice,A_dice_s1,1,01,isotropic,1.0,1.0,0.84102,0.53196,78460
DRIVE,2.828,A_dice,A_dice_s1,1,01,isotropic,1.5,1.5,0.87039,0.43381,103596
DRIVE,2.828,A_dice,A_dice_s1,1,01,oracle,0.0,0.25,0.46077,0.82744,34047
DRIVE,2.828,A_dice,A_dice_s1,1,01,oracle,0.0,0.5,0.51318,0.75455,42131
DRIVE,2.828,A_dice,A_dice_s1,1,01,oracle,0.0,1.0,0.77093,0.61662,62467
DRIVE,2.828,A_dice,A_dice_s1,1,01,oracle,0.5,0.0,0.49977,0.81416,36154
DRIVE,2.828,A_dice,A_dice_s1,1,01,oracle,0.5,0.25,0.5661,0.80136,38327
DRIVE,2.828,A_dice,A_dice_s1,1,01,oracle,0.5,0.5,0.79217,0.66796,55637
DRIVE,2.828,A_dice,A_dice_s1,1,01,oracle,0.5,1.0,0.81197,0.56603,71456
DRIVE,2.828,A_dice,A_dice_s1,1,01,oracle,1.0,0.0,0.70587,0.78167,41516
DRIVE,2.828,A_dice,A_dice_s1,1,01,oracle,1.0,0.25,0.73246,0.76198,44129
DRIVE,2.828,A_dice,A_dice_s1,1,01,oracle,1.0,0.5,0.80118,0.65331,57967
DRIVE,2.828,A_dice,A_dice_s1,1,01,oracle,1.0,1.0,0.84082,0.53742,77330
DRIVE,2.828,A_dice,A_dice_s1,1,01,oracle,1.5,0.0,0.74389,0.75663,44831
DRIVE,2.828,A_dice,A_dice_s1,1,01,oracle,1.5,0.25,0.77793,0.72592,48822
DRIVE,2.828,A_dice,A_dice_s1,1,01,oracle,1.5,0.5,0.82186,0.63648,60696
DRIVE,2.828,A_dice,A_dice_s1,1,01,oracle,1.5,1.0,0.86359,0.52283,80695
DRIVE,2.828,A_dice,A_dice_s1,1,01,oracle,2.0,0.0,0.7631,0.72235,49267
DRIVE,2.828,A_dice,A_dice_s1,1,01,oracle,2.0,0.25,0.79221,0.69803,52410
DRIVE,2.828,A_dice,A_dice_s1,1,01,oracle,2.0,0.5,0.86259,0.61226,64549
DRIVE,2.828,A_dice,A_dice_s1,1,01,oracle,2.0,1.0,0.8744,0.50749,84276
DRIVE,2.828,A_dice,A_dice_s1,1,02,raw,0.0,0.0,0.52529,0.85086,35486
DRIVE,2.828,A_dice,A_dice_s1,1,02,isotropic,0.25,0.25,0.52529,0.85086,35486
DRIVE,2.828,A_dice,A_dice_s1,1,02,isotropic,0.5,0.5,0.77189,0.71122,58314
DRIVE,2.828,A_dice,A_dice_s1,1,02,isotropic,0.75,0.75,0.81508,0.64746,67749
DRIVE,2.828,A_dice,A_dice_s1,1,02,isotropic,1.0,1.0,0.82952,0.57901,80036
DRIVE,2.828,A_dice,A_dice_s1,1,02,isotropic,1.5,1.5,0.84945,0.47401,105885
DRIVE,2.828,A_dice,A_dice_s1,1,02,oracle,0.0,0.25,0.52529,0.85086,35486
DRIVE,2.828,A_dice,A_dice_s1,1,02,oracle,0.0,0.5,0.6075,0.79364,43535
DRIVE,2.828,A_dice,A_dice_s1,1,02,oracle,0.0,1.0,0.7475,0.66839,63914
DRIVE,2.828,A_dice,A_dice_s1,1,02,oracle,0.5,0.0,0.57459,0.83924,37794
DRIVE,2.828,A_dice,A_dice_s1,1,02,oracle,0.5,0.25,0.5904,0.83269,39985
DRIVE,2.828,A_dice,A_dice_s1,1,02,oracle,0.5,0.5,0.77038,0.71936,57174
DRIVE,2.828,A_dice,A_dice_s1,1,02,oracle,0.5,1.0,0.7972,0.61634,72846
DRIVE,2.828,A_dice,A_dice_s1,1,02,oracle,1.0,0.0,0.67792,0.8156,43299
DRIVE,2.828,A_dice,A_dice_s1,1,02,oracle,1.0,0.25,0.72019,0.80226,45960
DRIVE,2.828,A_dice,A_dice_s1,1,02,oracle,1.0,0.5,0.80599,0.70263,59642
DRIVE,2.828,A_dice,A_dice_s1,1,02,oracle,1.0,1.0,0.82874,0.58427,78993
DRIVE,2.828,A_dice,A_dice_s1,1,02,oracle,1.5,0.0,0.73065,0.79304,46718
DRIVE,2.828,A_dice,A_dice_s1,1,02,oracle,1.5,0.25,0.7933,0.76826,50614
DRIVE,2.828,A_dice,A_dice_s1,1,02,oracle,1.5,0.5,0.8188,0.68016,62996
DRIVE,2.828,A_dice,A_dice_s1,1,02,oracle,1.5,1.0,0.837,0.56643,82804
DRIVE,2.828,A_dice,A_dice_s1,1,02,oracle,2.0,0.0,0.79157,0.76437,50905
DRIVE,2.828,A_dice,A_dice_s1,1,02,oracle,2.0,0.25,0.80041,0.74089,54290
DRIVE,2.828,A_dice,A_dice_s1,1,02,oracle,2.0,0.5,0.83326,0.65614,66789
DRIVE,2.828,A_dice,A_dice_s1,1,02,oracle,2.0,1.0,0.84708,0.55019,86529
DRIVE,2.828,A_dice,A_dice_s1,1,03,raw,0.0,0.0,0.11403,0.80211,29729
DRIVE,2.828,A_dice,A_dice_s1,1,03,isotropic,0.25,0.25,0.11403,0.80211,29729
DRIVE,2.828,A_dice,A_dice_s1,1,03,isotropic,0.5,0.5,0.55241,0.72604,49257
DRIVE,2.828,A_dice,A_dice_s1,1,03,isotropic,0.75,0.75,0.58671,0.66886,57452
DRIVE,2.828,A_dice,A_dice_s1,1,03,isotropic,1.0,1.0,0.63353,0.6058,68100
DRIVE,2.828,A_dice,A_dice_s1,1,03,isotropic,1.5,1.5,0.67244,0.5024,90948
DRIVE,2.828,A_dice,A_dice_s1,1,03,oracle,0.0,0.25,0.11403,0.80211,29729
DRIVE,2.828,A_dice,A_dice_s1,1,03,oracle,0.0,0.5,0.16598,0.77345,36955
DRIVE,2.828,A_dice,A_dice_s1,1,03,oracle,0.0,1.0,0.52536,0.68307,54061
DRIVE,2.828,A_dice,A_dice_s1,1,03,oracle,0.5,0.0,0.12999,0.80455,31578
DRIVE,2.828,A_dice,A_dice_s1,1,03,oracle,0.5,0.25,0.13869,0.80454,33398
DRIVE,2.828,A_dice,A_dice_s1,1,03,oracle,0.5,0.5,0.54967,0.73208,48358
DRIVE,2.828,A_dice,A_dice_s1,1,03,oracle,0.5,1.0,0.61616,0.63786,62055
DRIVE,2.828,A_dice,A_dice_s1,1,03,oracle,1.0,0.0,0.23283,0.80305,36146
DRIVE,2.828,A_dice,A_dice_s1,1,03,oracle,1.0,0.25,0.2412,0.79502,38401
DRIVE,2.828,A_dice,A_dice_s1,1,03,oracle,1.0,0.5,0.57385,0.72278,50189
DRIVE,2.828,A_dice,A_dice_s1,1,03,oracle,1.0,1.0,0.62905,0.61057,67273
DRIVE,2.828,A_dice,A_dice_s1,1,03,oracle,1.5,0.0,0.27247,0.79384,38965
DRIVE,2.828,A_dice,A_dice_s1,1,03,oracle,1.5,0.25,0.3103,0.77783,42468
DRIVE,2.828,A_dice,A_dice_s1,1,03,oracle,1.5,0.5,0.6356,0.71066,52580
DRIVE,2.828,A_dice,A_dice_s1,1,03,oracle,1.5,1.0,0.65424,0.59771,70244
DRIVE,2.828,A_dice,A_dice_s1,1,03,oracle,2.0,0.0,0.31168,0.77474,42802
DRIVE,2.828,A_dice,A_dice_s1,1,03,oracle,2.0,0.25,0.33037,0.75945,45477
DRIVE,2.828,A_dice,A_dice_s1,1,03,oracle,2.0,0.5,0.6497,0.69019,55839
DRIVE,2.828,A_dice,A_dice_s1,1,03,oracle,2.0,1.0,0.66819,0.58347,73447
DRIVE,2.828,A_dice,A_dice_s1,1,04,raw,0.0,0.0,0.34957,0.82877,29233
DRIVE,2.828,A_dice,A_dice_s1,1,04,isotropic,0.25,0.25,0.34957,0.82877,29233
DRIVE,2.828,A_dice,A_dice_s1,1,04,isotropic,0.5,0.5,0.53708,0.71777,47730
DRIVE,2.828,A_dice,A_dice_s1,1,04,isotropic,0.75,0.75,0.55349,0.6569,55428
DRIVE,2.828,A_dice,A_dice_s1,1,04,isotropic,1.0,1.0,0.64962,0.59056,65646
DRIVE,2.828,A_dice,A_dice_s1,1,04,isotropic,1.5,1.5,0.68495,0.48691,87180
DRIVE,2.828,A_dice,A_dice_s1,1,04,oracle,0.0,0.25,0.34957,0.82877,29233
DRIVE,2.828,A_dice,A_dice_s1,1,04,oracle,0.0,0.5,0.38992,0.78783,35876
DRIVE,2.828,A_dice,A_dice_s1,1,04,oracle,0.0,1.0,0.52546,0.67139,52793
DRIVE,2.828,A_dice,A_dice_s1,1,04,oracle,0.5,0.0,0.36788,0.82735,30858
DRIVE,2.828,A_dice,A_dice_s1,1,04,oracle,0.5,0.25,0.41067,0.82147,32716
DRIVE,2.828,A_dice,A_dice_s1,1,04,oracle,0.5,0.5,0.5299,0.72394,46998
DRIVE,2.828,A_dice,A_dice_s1,1,04,oracle,0.5,1.0,0.62194,0.624,59983
DRIVE,2.828,A_dice,A_dice_s1,1,04,oracle,1.0,0.0,0.45547,0.81461,35022
DRIVE,2.828,A_dice,A_dice_s1,1,04,oracle,1.0,0.25,0.49894,0.80471,37057
DRIVE,2.828,A_dice,A_dice_s1,1,04,oracle,1.0,0.5,0.55182,0.71411,48399
DRIVE,2.828,A_dice,A_dice_s1,1,04,oracle,1.0,1.0,0.6489,0.59467,64960
DRIVE,2.828,A_dice,A_dice_s1,1,04,oracle,1.5,0.0,0.51664,0.80288,37300
DRIVE,2.828,A_dice,A_dice_s1,1,04,oracle,1.5,0.25,0.61315,0.78239,40375
DRIVE,2.828,A_dice,A_dice_s1,1,04,oracle,1.5,0.5,0.6392,0.70157,50254
DRIVE,2.828,A_dice,A_dice_s1,1,04,oracle,1.5,1.0,0.66324,0.58321,67272
DRIVE,2.828,A_dice,A_dice_s1,1,04,oracle,2.0,0.0,0.61982,0.78307,40281
DRIVE,2.828,A_dice,A_dice_s1,1,04,oracle,2.0,0.25,0.63064,0.76396,42762
DRIVE,2.828,A_dice,A_dice_s1,1,04,oracle,2.0,0.5,0.65669,0.6834,52757
DRIVE,2.828,A_dice,A_dice_s1,1,04,oracle,2.0,1.0,0.6794,0.57124,69688
DRIVE,2.828,A_dice,A_dice_s1,1,05,raw,0.0,0.0,0.22918,0.81182,27721
DRIVE,2.828,A_dice,A_dice_s1,1,05,isotropic,0.25,0.25,0.22918,0.81182,27721
DRIVE,2.828,A_dice,A_dice_s1,1,05,isotropic,0.5,0.5,0.54643,0.72094,47213
DRIVE,2.828,A_dice,A_dice_s1,1,05,isotropic,0.75,0.75,0.57404,0.65863,55217
DRIVE,2.828,A_dice,A_dice_s1,1,05,isotropic,1.0,1.0,0.59734,0.58891,66080
DRIVE,2.828,A_dice,A_dice_s1,1,05,isotropic,1.5,1.5,0.64853,0.48302,88804
DRIVE,2.828,A_dice,A_dice_s1,1,05,oracle,0.0,0.25,0.22918,0.81182,27721
DRIVE,2.828,A_dice,A_dice_s1,1,05,oracle,0.0,0.5,0.27902,0.78332,34818
DRIVE,2.828,A_dice,A_dice_s1,1,05,oracle,0.0,1.0,0.52131,0.67476,52255
DRIVE,2.828,A_dice,A_dice_s1,1,05,oracle,0.5,0.0,0.25362,0.81541,29501
DRIVE,2.828,A_dice,A_dice_s1,1,05,oracle,0.5,0.25,0.37352,0.81328,31420
DRIVE,2.828,A_dice,A_dice_s1,1,05,oracle,0.5,0.5,0.54566,0.72923,46169
DRIVE,2.828,A_dice,A_dice_s1,1,05,oracle,0.5,1.0,0.57799,0.62408,60062
DRIVE,2.828,A_dice,A_dice_s1,1,05,oracle,1.0,0.0,0.41038,0.80996,33849
DRIVE,2.828,A_dice,A_dice_s1,1,05,oracle,1.0,0.25,0.45444,0.80383,36077
DRIVE,2.828,A_dice,A_dice_s1,1,05,oracle,1.0,0.5,0.55604,0.71743,47916
DRIVE,2.828,A_dice,A_dice_s1,1,05,oracle,1.0,1.0,0.59702,0.59494,65076
DRIVE,2.828,A_dice,A_dice_s1,1,05,oracle,1.5,0.0,0.46433,0.80169,36413
DRIVE,2.828,A_dice,A_dice_s1,1,05,oracle,1.5,0.25,0.49659,0.78361,39707
DRIVE,2.828,A_dice,A_dice_s1,1,05,oracle,1.5,0.5,0.58547,0.70399,49895
DRIVE,2.828,A_dice,A_dice_s1,1,05,oracle,1.5,1.0,0.61179,0.581,67844
DRIVE,2.828,A_dice,A_dice_s1,1,05,oracle,2.0,0.0,0.53464,0.78044,39835
DRIVE,2.828,A_dice,A_dice_s1,1,05,oracle,2.0,0.25,0.55081,0.76344,42474
DRIVE,2.828,A_dice,A_dice_s1,1,05,oracle,2.0,0.5,0.60074,0.68373,52687
DRIVE,2.828,A_dice,A_dice_s1,1,05,oracle,2.0,1.0,0.63516,0.56785,70575
DRIVE,2.828,A_dice,A_dice_s1,1,06,raw,0.0,0.0,0.27907,0.80735,27667
DRIVE,2.828,A_dice,A_dice_s1,1,06,isotropic,0.25,0.25,0.27907,0.80735,27667
DRIVE,2.828,A_dice,A_dice_s1,1,06,isotropic,0.5,0.5,0.47322,0.72508,47718
DRIVE,2.828,A_dice,A_dice_s1,1,06,isotropic,0.75,0.75,0.50169,0.66546,55748
DRIVE,2.828,A_dice,A_dice_s1,1,06,isotropic,1.0,1.0,0.53934,0.59537,67035
DRIVE,2.828,A_dice,A_dice_s1,1,06,isotropic,1.5,1.5,0.58548,0.4917,89756
DRIVE,2.828,A_dice,A_dice_s1,1,06,oracle,0.0,0.25,0.27907,0.80735,27667
DRIVE,2.828,A_dice,A_dice_s1,1,06,oracle,0.0,0.5,0.33002,0.78117,34382
DRIVE,2.828,A_dice,A_dice_s1,1,06,oracle,0.0,1.0,0.45607,0.67935,52656
DRIVE,2.828,A_dice,A_dice_s1,1,06,oracle,0.5,0.0,0.31814,0.80865,29461
DRIVE,2.828,A_dice,A_dice_s1,1,06,oracle,0.5,0.25,0.34079,0.80875,31503
DRIVE,2.828,A_dice,A_dice_s1,1,06,oracle,0.5,0.5,0.46952,0.73168,46804
DRIVE,2.828,A_dice,A_dice_s1,1,06,oracle,0.5,1.0,0.5129,0.63028,60713
DRIVE,2.828,A_dice,A_dice_s1,1,06,oracle,1.0,0.0,0.41864,0.80776,34104
DRIVE,2.828,A_dice,A_dice_s1,1,06,oracle,1.0,0.25,0.44242,0.80242,36419
DRIVE,2.828,A_dice,A_dice_s1,1,06,oracle,1.0,0.5,0.49365,0.72163,48549
DRIVE,2.828,A_dice,A_dice_s1,1,06,oracle,1.0,1.0,0.5389,0.60036,66178
DRIVE,2.828,A_dice,A_dice_s1,1,06,oracle,1.5,0.0,0.46242,0.79965,36654
DRIVE,2.828,A_dice,A_dice_s1,1,06,oracle,1.5,0.25,0.49064,0.78415,40051
DRIVE,2.828,A_dice,A_dice_s1,1,06,oracle,1.5,0.5,0.53231,0.70864,50716
DRIVE,2.828,A_dice,A_dice_s1,1,06,oracle,1.5,1.0,0.56569,0.58737,69006
DRIVE,2.828,A_dice,A_dice_s1,1,06,oracle,2.0,0.0,0.49219,0.78107,40141
DRIVE,2.828,A_dice,A_dice_s1,1,06,oracle,2.0,0.25,0.50808,0.76534,42842
DRIVE,2.828,A_dice,A_dice_s1,1,06,oracle,2.0,0.5,0.54882,0.68926,53538
DRIVE,2.828,A_dice,A_dice_s1,1,06,oracle,2.0,1.0,0.57578,0.57422,71834
DRIVE,2.828,A_dice,A_dice_s1,1,07,raw,0.0,0.0,0.33596,0.81584,27683
DRIVE,2.828,A_dice,A_dice_s1,1,07,isotropic,0.25,0.25,0.33596,0.81584,27683
DRIVE,2.828,A_dice,A_dice_s1,1,07,isotropic,0.5,0.5,0.60483,0.71932,46698
DRIVE,2.828,A_dice,A_dice_s1,1,07,isotropic,0.75,0.75,0.61914,0.65963,54262
DRIVE,2.828,A_dice,A_dice_s1,1,07,isotropic,1.0,1.0,0.6402,0.58977,64953
DRIVE,2.828,A_dice,A_dice_s1,1,07,isotropic,1.5,1.5,0.67493,0.48514,86671
DRIVE,2.828,A_dice,A_dice_s1,1,07,oracle,0.0,0.25,0.33596,0.81584,27683
DRIVE,2.828,A_dice,A_dice_s1,1,07,oracle,0.0,0.5,0.42839,0.7841,34314
DRIVE,2.828,A_dice,A_dice_s1,1,07,oracle,0.0,1.0,0.56533,0.67619,51115
DRIVE,2.828,A_dice,A_dice_s1,1,07,oracle,0.5,0.0,0.42404,0.81508,29511
DRIVE,2.828,A_dice,A_dice_s1,1,07,oracle,0.5,0.25,0.45433,0.8131,31353
DRIVE,2.828,A_dice,A_dice_s1,1,07,oracle,0.5,0.5,0.60362,0.72668,45785
DRIVE,2.828,A_dice,A_dice_s1,1,07,oracle,0.5,1.0,0.61337,0.62586,58871
DRIVE,2.828,A_dice,A_dice_s1,1,07,oracle,1.0,0.0,0.5143,0.80694,33855
DRIVE,2.828,A_dice,A_dice_s1,1,07,oracle,1.0,0.25,0.54887,0.79949,36115
DRIVE,2.828,A_dice,A_dice_s1,1,07,oracle,1.0,0.5,0.61861,0.7143,47572
DRIVE,2.828,A_dice,A_dice_s1,1,07,oracle,1.0,1.0,0.63859,0.59474,64117
DRIVE,2.828,A_dice,A_dice_s1,1,07,oracle,1.5,0.0,0.59431,0.79559,36410
DRIVE,2.828,A_dice,A_dice_s1,1,07,oracle,1.5,0.25,0.61146,0.77672,39719
DRIVE,2.828,A_dice,A_dice_s1,1,07,oracle,1.5,0.5,0.6418,0.69946,49775
DRIVE,2.828,A_dice,A_dice_s1,1,07,oracle,1.5,1.0,0.66053,0.58097,66903
DRIVE,2.828,A_dice,A_dice_s1,1,07,oracle,2.0,0.0,0.61443,0.77563,39747
DRIVE,2.828,A_dice,A_dice_s1,1,07,oracle,2.0,0.25,0.63061,0.75725,42374
DRIVE,2.828,A_dice,A_dice_s1,1,07,oracle,2.0,0.5,0.65672,0.67941,52602
DRIVE,2.828,A_dice,A_dice_s1,1,07,oracle,2.0,1.0,0.67329,0.56705,69748
DRIVE,2.828,A_dice,A_dice_s1,1,08,raw,0.0,0.0,0.10249,0.79814,25569
DRIVE,2.828,A_dice,A_dice_s1,1,08,isotropic,0.25,0.25,0.10249,0.79814,25569
DRIVE,2.828,A_dice,A_dice_s1,1,08,isotropic,0.5,0.5,0.491,0.71608,43609
DRIVE,2.828,A_dice,A_dice_s1,1,08,isotropic,0.75,0.75,0.53743,0.65751,50959
DRIVE,2.828,A_dice,A_dice_s1,1,08,isotropic,1.0,1.0,0.55895,0.58936,61026
DRIVE,2.828,A_dice,A_dice_s1,1,08,isotropic,1.5,1.5,0.58871,0.48415,81987
DRIVE,2.828,A_dice,A_dice_s1,1,08,oracle,0.0,0.25,0.10249,0.79814,25569
DRIVE,2.828,A_dice,A_dice_s1,1,08,oracle,0.0,0.5,0.14702,0.771,31756
DRIVE,2.828,A_dice,A_dice_s1,1,08,oracle,0.0,1.0,0.43357,0.67091,48164
DRIVE,2.828,A_dice,A_dice_s1,1,08,oracle,0.5,0.0,0.11643,0.79935,27126
DRIVE,2.828,A_dice,A_dice_s1,1,08,oracle,0.5,0.25,0.15299,0.79842,28914
DRIVE,2.828,A_dice,A_dice_s1,1,08,oracle,0.5,0.5,0.48953,0.7227,42686
DRIVE,2.828,A_dice,A_dice_s1,1,08,oracle,0.5,1.0,0.53336,0.62325,55433
DRIVE,2.828,A_dice,A_dice_s1,1,08,oracle,1.0,0.0,0.18688,0.79726,31368
DRIVE,2.828,A_dice,A_dice_s1,1,08,oracle,1.0,0.25,0.2237,0.79142,33464
DRIVE,2.828,A_dice,A_dice_s1,1,08,oracle,1.0,0.5,0.51561,0.71346,44324
DRIVE,2.828,A_dice,A_dice_s1,1,08,oracle,1.0,1.0,0.55756,0.59462,60175
DRIVE,2.828,A_dice,A_dice_s1,1,08,oracle,1.5,0.0,0.22102,0.79082,33686
DRIVE,2.828,A_dice,A_dice_s1,1,08,oracle,1.5,0.25,0.50672,0.77351,36921
DRIVE,2.828,A_dice,A_dice_s1,1,08,oracle,1.5,0.5,0.54832,0.70128,46254
DRIVE,2.828,A_dice,A_dice_s1,1,08,oracle,1.5,1.0,0.56797,0.58172,62809
DRIVE,2.828,A_dice,A_dice_s1,1,08,oracle,2.0,0.0,0.49372,0.772,37036
DRIVE,2.828,A_dice,A_dice_s1,1,08,oracle,2.0,0.25,0.52572,0.75606,39434
DRIVE,2.828,A_dice,A_dice_s1,1,08,oracle,2.0,0.5,0.56077,0.68157,48944
DRIVE,2.828,A_dice,A_dice_s1,1,08,oracle,2.0,1.0,0.58372,0.5686,65361
DRIVE,2.828,A_dice,A_dice_s1,1,09,raw,0.0,0.0,0.14229,0.80805,24929
DRIVE,2.828,A_dice,A_dice_s1,1,09,isotropic,0.25,0.25,0.14229,0.80805,24929
DRIVE,2.828,A_dice,A_dice_s1,1,09,isotropic,0.5,0.5,0.60048,0.6948,43910
DRIVE,2.828,A_dice,A_dice_s1,1,09,isotropic,0.75,0.75,0.61978,0.6314,51618
DRIVE,2.828,A_dice,A_dice_s1,1,09,isotropic,1.0,1.0,0.67583,0.56003,62212
DRIVE,2.828,A_dice,A_dice_s1,1,09,isotropic,1.5,1.5,0.70901,0.45452,84102
DRIVE,2.828,A_dice,A_dice_s1,1,09,oracle,0.0,0.25,0.14229,0.80805,24929
DRIVE,2.828,A_dice,A_dice_s1,1,09,oracle,0.0,0.5,0.18672,0.77185,31449
DRIVE,2.828,A_dice,A_dice_s1,1,09,oracle,0.0,1.0,0.28252,0.64819,48706
DRIVE,2.828,A_dice,A_dice_s1,1,09,oracle,0.5,0.0,0.1942,0.80834,26608
DRIVE,2.828,A_dice,A_dice_s1,1,09,oracle,0.5,0.25,0.21295,0.80354,28487
DRIVE,2.828,A_dice,A_dice_s1,1,09,oracle,0.5,0.5,0.5987,0.70371,42847
DRIVE,2.828,A_dice,A_dice_s1,1,09,oracle,0.5,1.0,0.62963,0.59539,56357
DRIVE,2.828,A_dice,A_dice_s1,1,09,oracle,1.0,0.0,0.50496,0.79754,30879
DRIVE,2.828,A_dice,A_dice_s1,1,09,oracle,1.0,0.25,0.54881,0.78673,33114
DRIVE,2.828,A_dice,A_dice_s1,1,09,oracle,1.0,0.5,0.61477,0.69098,44642
DRIVE,2.828,A_dice,A_dice_s1,1,09,oracle,1.0,1.0,0.67451,0.56615,61211
DRIVE,2.828,A_dice,A_dice_s1,1,09,oracle,1.5,0.0,0.58567,0.78684,33335
DRIVE,2.828,A_dice,A_dice_s1,1,09,oracle,1.5,0.25,0.6103,0.76261,36694
DRIVE,2.828,A_dice,A_dice_s1,1,09,oracle,1.5,0.5,0.66683,0.67716,46574
DRIVE,2.828,A_dice,A_dice_s1,1,09,oracle,1.5,1.0,0.6929,0.55184,64002
DRIVE,2.828,A_dice,A_dice_s1,1,09,oracle,2.0,0.0,0.61729,0.76026,36785
DRIVE,2.828,A_dice,A_dice_s1,1,09,oracle,2.0,0.25,0.64895,0.73989,39374
DRIVE,2.828,A_dice,A_dice_s1,1,09,oracle,2.0,0.5,0.69175,0.6551,49489
DRIVE,2.828,A_dice,A_dice_s1,1,09,oracle,2.0,1.0,0.71481,0.53878,66667
DRIVE,2.828,A_dice,A_dice_s1,1,10,raw,0.0,0.0,0.32975,0.80977,27899
DRIVE,2.828,A_dice,A_dice_s1,1,10,isotropic,0.25,0.25,0.32975,0.80977,27899
DRIVE,2.828,A_dice,A_dice_s1,1,10,isotropic,0.5,0.5,0.62515,0.68195,47234
DRIVE,2.828,A_dice,A_dice_s1,1,10,isotropic,0.75,0.75,0.64361,0.61964,55172
DRIVE,2.828,A_dice,A_dice_s1,1,10,isotropic,1.0,1.0,0.66379,0.5518,65787
DRIVE,2.828,A_dice,A_dice_s1,1,10,isotropic,1.5,1.5,0.71886,0.44975,87842
DRIVE,2.828,A_dice,A_dice_s1,1,10,oracle,0.0,0.25,0.32975,0.80977,27899
DRIVE,2.828,A_dice,A_dice_s1,1,10,oracle,0.0,0.5,0.38304,0.76406,34745
DRIVE,2.828,A_dice,A_dice_s1,1,10,oracle,0.0,1.0,0.59118,0.63554,52307
DRIVE,2.828,A_dice,A_dice_s1,1,10,oracle,0.5,0.0,0.34075,0.80624,29584
DRIVE,2.828,A_dice,A_dice_s1,1,10,oracle,0.5,0.25,0.40441,0.79828,31382
DRIVE,2.828,A_dice,A_dice_s1,1,10,oracle,0.5,0.5,0.62238,0.68915,46340
DRIVE,2.828,A_dice,A_dice_s1,1,10,oracle,0.5,1.0,0.64396,0.58625,59896
DRIVE,2.828,A_dice,A_dice_s1,1,10,oracle,1.0,0.0,0.53241,0.78701,33918
DRIVE,2.828,A_dice,A_dice_s1,1,10,oracle,1.0,0.25,0.57189,0.77425,36229
DRIVE,2.828,A_dice,A_dice_s1,1,10,oracle,1.0,0.5,0.63349,0.67769,47979
DRIVE,2.828,A_dice,A_dice_s1,1,10,oracle,1.0,1.0,0.66343,0.55676,64945
DRIVE,2.828,A_dice,A_dice_s1,1,10,oracle,1.5,0.0,0.58804,0.77178,36494
DRIVE,2.828,A_dice,A_dice_s1,1,10,oracle,1.5,0.25,0.62671,0.74745,39853
DRIVE,2.828,A_dice,A_dice_s1,1,10,oracle,1.5,0.5,0.67037,0.66338,50000
DRIVE,2.828,A_dice,A_dice_s1,1,10,oracle,1.5,1.0,0.69387,0.54367,67545
DRIVE,2.828,A_dice,A_dice_s1,1,10,oracle,2.0,0.0,0.62965,0.74566,39853
DRIVE,2.828,A_dice,A_dice_s1,1,10,oracle,2.0,0.25,0.6424,0.72522,42508
DRIVE,2.828,A_dice,A_dice_s1,1,10,oracle,2.0,0.5,0.68479,0.64157,52919
DRIVE,2.828,A_dice,A_dice_s1,1,10,oracle,2.0,1.0,0.70597,0.53019,70277
DRIVE,2.828,A_dice,A_dice_s1,1,11,raw,0.0,0.0,0.34717,0.81043,31066
DRIVE,2.828,A_dice,A_dice_s1,1,11,isotropic,0.25,0.25,0.34717,0.81043,31066
DRIVE,2.828,A_dice,A_dice_s1,1,11,isotropic,0.5,0.5,0.6583,0.66073,53236
DRIVE,2.828,A_dice,A_dice_s1,1,11,isotropic,0.75,0.75,0.67438,0.59871,62332
DRIVE,2.828,A_dice,A_dice_s1,1,11,isotropic,1.0,1.0,0.69019,0.53295,74212
DRIVE,2.828,A_dice,A_dice_s1,1,11,isotropic,1.5,1.5,0.7418,0.43343,99539
DRIVE,2.828,A_dice,A_dice_s1,1,11,oracle,0.0,0.25,0.34717,0.81043,31066
DRIVE,2.828,A_dice,A_dice_s1,1,11,oracle,0.0,0.5,0.38329,0.74865,39169
DRIVE,2.828,A_dice,A_dice_s1,1,11,oracle,0.0,1.0,0.6186,0.61724,58693
DRIVE,2.828,A_dice,A_dice_s1,1,11,oracle,0.5,0.0,0.39207,0.80172,33116
DRIVE,2.828,A_dice,A_dice_s1,1,11,oracle,0.5,0.25,0.47122,0.79147,35060
DRIVE,2.828,A_dice,A_dice_s1,1,11,oracle,0.5,0.5,0.6552,0.66826,52175
DRIVE,2.828,A_dice,A_dice_s1,1,11,oracle,0.5,1.0,0.67375,0.56701,67440
DRIVE,2.828,A_dice,A_dice_s1,1,11,oracle,1.0,0.0,0.51979,0.77614,38080
DRIVE,2.828,A_dice,A_dice_s1,1,11,oracle,1.0,0.25,0.56951,0.75965,40854
DRIVE,2.828,A_dice,A_dice_s1,1,11,oracle,1.0,0.5,0.67078,0.65486,54293
DRIVE,2.828,A_dice,A_dice_s1,1,11,oracle,1.0,1.0,0.68939,0.53777,73248
DRIVE,2.828,A_dice,A_dice_s1,1,11,oracle,1.5,0.0,0.5795,0.75486,41245
DRIVE,2.828,A_dice,A_dice_s1,1,11,oracle,1.5,0.25,0.63096,0.7277,45148
DRIVE,2.828,A_dice,A_dice_s1,1,11,oracle,1.5,0.5,0.68449,0.63853,56925
DRIVE,2.828,A_dice,A_dice_s1,1,11,oracle,1.5,1.0,0.71891,0.52425,76471
DRIVE,2.828,A_dice,A_dice_s1,1,11,oracle,2.0,0.0,0.63141,0.72529,45336
DRIVE,2.828,A_dice,A_dice_s1,1,11,oracle,2.0,0.25,0.65256,0.70165,48486
DRIVE,2.828,A_dice,A_dice_s1,1,11,oracle,2.0,0.5,0.70441,0.61623,60506
DRIVE,2.828,A_dice,A_dice_s1,1,11,oracle,2.0,1.0,0.73523,0.5102,79858
DRIVE,2.828,A_dice,A_dice_s1,1,12,raw,0.0,0.0,0.22207,0.82495,29169
DRIVE,2.828,A_dice,A_dice_s1,1,12,isotropic,0.25,0.25,0.22207,0.82495,29169
DRIVE,2.828,A_dice,A_dice_s1,1,12,isotropic,0.5,0.5,0.70097,0.69234,49864
DRIVE,2.828,A_dice,A_dice_s1,1,12,isotropic,0.75,0.75,0.7373,0.62883,58265
DRIVE,2.828,A_dice,A_dice_s1,1,12,isotropic,1.0,1.0,0.76333,0.55858,69705
DRIVE,2.828,A_dice,A_dice_s1,1,12,isotropic,1.5,1.5,0.7925,0.45415,93222
DRIVE,2.828,A_dice,A_dice_s1,1,12,oracle,0.0,0.25,0.22207,0.82495,29169
DRIVE,2.828,A_dice,A_dice_s1,1,12,oracle,0.0,0.5,0.24146,0.77439,36250
DRIVE,2.828,A_dice,A_dice_s1,1,12,oracle,0.0,1.0,0.67659,0.64699,54976
DRIVE,2.828,A_dice,A_dice_s1,1,12,oracle,0.5,0.0,0.24148,0.81904,30992
DRIVE,2.828,A_dice,A_dice_s1,1,12,oracle,0.5,0.25,0.55038,0.81246,32990
DRIVE,2.828,A_dice,A_dice_s1,1,12,oracle,0.5,0.5,0.7002,0.69993,48878
DRIVE,2.828,A_dice,A_dice_s1,1,12,oracle,0.5,1.0,0.73414,0.59438,63239
DRIVE,2.828,A_dice,A_dice_s1,1,12,oracle,1.0,0.0,0.5968,0.80224,35877
DRIVE,2.828,A_dice,A_dice_s1,1,12,oracle,1.0,0.25,0.6421,0.78816,38408
DRIVE,2.828,A_dice,A_dice_s1,1,12,oracle,1.0,0.5,0.74598,0.68717,50812
DRIVE,2.828,A_dice,A_dice_s1,1,12,oracle,1.0,1.0,0.76253,0.5635,68813
DRIVE,2.828,A_dice,A_dice_s1,1,12,oracle,1.5,0.0,0.66024,0.78512,38707
DRIVE,2.828,A_dice,A_dice_s1,1,12,oracle,1.5,0.25,0.74224,0.75914,42330
DRIVE,2.828,A_dice,A_dice_s1,1,12,oracle,1.5,0.5,0.76615,0.67136,53147
DRIVE,2.828,A_dice,A_dice_s1,1,12,oracle,1.5,1.0,0.78209,0.54933,71811
DRIVE,2.828,A_dice,A_dice_s1,1,12,oracle,2.0,0.0,0.71623,0.75815,42412
DRIVE,2.828,A_dice,A_dice_s1,1,12,oracle,2.0,0.25,0.75396,0.73599,45258
DRIVE,2.828,A_dice,A_dice_s1,1,12,oracle,2.0,0.5,0.78108,0.64958,56195
DRIVE,2.828,A_dice,A_dice_s1,1,12,oracle,2.0,1.0,0.81274,0.53556,74812
DRIVE,2.828,A_dice,A_dice_s1,1,13,raw,0.0,0.0,0.15755,0.819,31553
DRIVE,2.828,A_dice,A_dice_s1,1,13,isotropic,0.25,0.25,0.15755,0.819,31553
DRIVE,2.828,A_dice,A_dice_s1,1,13,isotropic,0.5,0.5,0.63905,0.69387,53999
DRIVE,2.828,A_dice,A_dice_s1,1,13,isotropic,0.75,0.75,0.66262,0.63065,63302
DRIVE,2.828,A_dice,A_dice_s1,1,13,isotropic,1.0,1.0,0.68389,0.56274,75591
DRIVE,2.828,A_dice,A_dice_s1,1,13,isotropic,1.5,1.5,0.71577,0.45829,101664
DRIVE,2.828,A_dice,A_dice_s1,1,13,oracle,0.0,0.25,0.15755,0.819,31553
DRIVE,2.828,A_dice,A_dice_s1,1,13,oracle,0.0,0.5,0.18442,0.76843,39537
DRIVE,2.828,A_dice,A_dice_s1,1,13,oracle,0.0,1.0,0.61959,0.648,59695
DRIVE,2.828,A_dice,A_dice_s1,1,13,oracle,0.5,0.0,0.19377,0.81469,33567
DRIVE,2.828,A_dice,A_dice_s1,1,13,oracle,0.5,0.25,0.20971,0.80898,35790
DRIVE,2.828,A_dice,A_dice_s1,1,13,oracle,0.5,0.5,0.63748,0.70169,52864
DRIVE,2.828,A_dice,A_dice_s1,1,13,oracle,0.5,1.0,0.67143,0.59787,68602
DRIVE,2.828,A_dice,A_dice_s1,1,13,oracle,1.0,0.0,0.29222,0.79876,38779
DRIVE,2.828,A_dice,A_dice_s1,1,13,oracle,1.0,0.25,0.3109,0.78634,41371
DRIVE,2.828,A_dice,A_dice_s1,1,13,oracle,1.0,0.5,0.65515,0.68843,55055
DRIVE,2.828,A_dice,A_dice_s1,1,13,oracle,1.0,1.0,0.68307,0.56832,74501
DRIVE,2.828,A_dice,A_dice_s1,1,13,oracle,1.5,0.0,0.31993,0.78187,41856
DRIVE,2.828,A_dice,A_dice_s1,1,13,oracle,1.5,0.25,0.64347,0.75896,45648
DRIVE,2.828,A_dice,A_dice_s1,1,13,oracle,1.5,0.5,0.67919,0.67269,57646
DRIVE,2.828,A_dice,A_dice_s1,1,13,oracle,1.5,1.0,0.69776,0.55338,77900
DRIVE,2.828,A_dice,A_dice_s1,1,13,oracle,2.0,0.0,0.64773,0.75759,45738
DRIVE,2.828,A_dice,A_dice_s1,1,13,oracle,2.0,0.25,0.65852,0.73743,48782
DRIVE,2.828,A_dice,A_dice_s1,1,13,oracle,2.0,0.5,0.68748,0.65183,60993
DRIVE,2.828,A_dice,A_dice_s1,1,13,oracle,2.0,1.0,0.70864,0.5388,81367
DRIVE,2.828,A_dice,A_dice_s1,1,14,raw,0.0,0.0,0.45126,0.82086,29150
DRIVE,2.828,A_dice,A_dice_s1,1,14,isotropic,0.25,0.25,0.45126,0.82086,29150
DRIVE,2.828,A_dice,A_dice_s1,1,14,isotropic,0.5,0.5,0.78657,0.67173,49625
DRIVE,2.828,A_dice,A_dice_s1,1,14,isotropic,0.75,0.75,0.79807,0.60705,58126
DRIVE,2.828,A_dice,A_dice_s1,1,14,isotropic,1.0,1.0,0.81548,0.5374,69523
DRIVE,2.828,A_dice,A_dice_s1,1,14,isotropic,1.5,1.5,0.85814,0.43443,93379
DRIVE,2.828,A_dice,A_dice_s1,1,14,oracle,0.0,0.25,0.45126,0.82086,29150
DRIVE,2.828,A_dice,A_dice_s1,1,14,oracle,0.0,0.5,0.50582,0.75999,36184
DRIVE,2.828,A_dice,A_dice_s1,1,14,oracle,0.0,1.0,0.73416,0.6268,54717
DRIVE,2.828,A_dice,A_dice_s1,1,14,oracle,0.5,0.0,0.5005,0.81016,31065
DRIVE,2.828,A_dice,A_dice_s1,1,14,oracle,0.5,0.25,0.5313,0.80105,33112
DRIVE,2.828,A_dice,A_dice_s1,1,14,oracle,0.5,0.5,0.7853,0.6799,48625
DRIVE,2.828,A_dice,A_dice_s1,1,14,oracle,0.5,1.0,0.79316,0.57391,62958
DRIVE,2.828,A_dice,A_dice_s1,1,14,oracle,1.0,0.0,0.7083,0.78429,36121
DRIVE,2.828,A_dice,A_dice_s1,1,14,oracle,1.0,0.25,0.74639,0.76953,38360
DRIVE,2.828,A_dice,A_dice_s1,1,14,oracle,1.0,0.5,0.79893,0.66487,50710
DRIVE,2.828,A_dice,A_dice_s1,1,14,oracle,1.0,1.0,0.81526,0.54269,68574
DRIVE,2.828,A_dice,A_dice_s1,1,14,oracle,1.5,0.0,0.76238,0.76317,39017
DRIVE,2.828,A_dice,A_dice_s1,1,14,oracle,1.5,0.25,0.79253,0.73431,42536
DRIVE,2.828,A_dice,A_dice_s1,1,14,oracle,1.5,0.5,0.81355,0.6457,53400
DRIVE,2.828,A_dice,A_dice_s1,1,14,oracle,1.5,1.0,0.83591,0.52677,71917
DRIVE,2.828,A_dice,A_dice_s1,1,14,oracle,2.0,0.0,0.78596,0.73012,42972
DRIVE,2.828,A_dice,A_dice_s1,1,14,oracle,2.0,0.25,0.80216,0.70652,45836
DRIVE,2.828,A_dice,A_dice_s1,1,14,oracle,2.0,0.5,0.83394,0.62111,56851
DRIVE,2.828,A_dice,A_dice_s1,1,14,oracle,2.0,1.0,0.85768,0.51102,75217
DRIVE,2.828,A_dice,A_dice_s1,1,15,raw,0.0,0.0,0.47392,0.80418,27392
DRIVE,2.828,A_dice,A_dice_s1,1,15,isotropic,0.25,0.25,0.47392,0.80418,27392
DRIVE,2.828,A_dice,A_dice_s1,1,15,isotropic,0.5,0.5,0.79489,0.64578,46747
DRIVE,2.828,A_dice,A_dice_s1,1,15,isotropic,0.75,0.75,0.80823,0.58123,54778
DRIVE,2.828,A_dice,A_dice_s1,1,15,isotropic,1.0,1.0,0.82404,0.51311,65428
DRIVE,2.828,A_dice,A_dice_s1,1,15,isotropic,1.5,1.5,0.846,0.41222,87721
DRIVE,2.828,A_dice,A_dice_s1,1,15,oracle,0.0,0.25,0.47392,0.80418,27392
DRIVE,2.828,A_dice,A_dice_s1,1,15,oracle,0.0,0.5,0.50678,0.73791,34263
DRIVE,2.828,A_dice,A_dice_s1,1,15,oracle,0.0,1.0,0.7326,0.60377,51401
DRIVE,2.828,A_dice,A_dice_s1,1,15,oracle,0.5,0.0,0.50226,0.79293,29185
DRIVE,2.828,A_dice,A_dice_s1,1,15,oracle,0.5,0.25,0.59939,0.78293,30861
DRIVE,2.828,A_dice,A_dice_s1,1,15,oracle,0.5,0.5,0.78516,0.65362,45842
DRIVE,2.828,A_dice,A_dice_s1,1,15,oracle,0.5,1.0,0.80752,0.54818,59498
DRIVE,2.828,A_dice,A_dice_s1,1,15,oracle,1.0,0.0,0.66308,0.76419,33571
DRIVE,2.828,A_dice,A_dice_s1,1,15,oracle,1.0,0.25,0.69771,0.74738,36018
DRIVE,2.828,A_dice,A_dice_s1,1,15,oracle,1.0,0.5,0.8087,0.63907,47652
DRIVE,2.828,A_dice,A_dice_s1,1,15,oracle,1.0,1.0,0.82356,0.51773,64621
DRIVE,2.828,A_dice,A_dice_s1,1,15,oracle,1.5,0.0,0.72495,0.74235,36226
DRIVE,2.828,A_dice,A_dice_s1,1,15,oracle,1.5,0.25,0.77945,0.71326,39712
DRIVE,2.828,A_dice,A_dice_s1,1,15,oracle,1.5,0.5,0.82476,0.62206,49848
DRIVE,2.828,A_dice,A_dice_s1,1,15,oracle,1.5,1.0,0.83118,0.50339,67366
DRIVE,2.828,A_dice,A_dice_s1,1,15,oracle,2.0,0.0,0.79005,0.71326,39597
DRIVE,2.828,A_dice,A_dice_s1,1,15,oracle,2.0,0.25,0.80993,0.68927,42264
DRIVE,2.828,A_dice,A_dice_s1,1,15,oracle,2.0,0.5,0.83023,0.60127,52531
DRIVE,2.828,A_dice,A_dice_s1,1,15,oracle,2.0,1.0,0.83716,0.48986,70106
DRIVE,2.828,A_dice,A_dice_s1,1,16,raw,0.0,0.0,0.27638,0.84128,30893
DRIVE,2.828,A_dice,A_dice_s1,1,16,isotropic,0.25,0.25,0.27638,0.84128,30893
DRIVE,2.828,A_dice,A_dice_s1,1,16,isotropic,0.5,0.5,0.84268,0.69057,53002
DRIVE,2.828,A_dice,A_dice_s1,1,16,isotropic,0.75,0.75,0.85649,0.62498,62142
DRIVE,2.828,A_dice,A_dice_s1,1,16,isotropic,1.0,1.0,0.86766,0.55531,74205
DRIVE,2.828,A_dice,A_dice_s1,1,16,isotropic,1.5,1.5,0.8971,0.45022,99603
DRIVE,2.828,A_dice,A_dice_s1,1,16,oracle,0.0,0.25,0.27638,0.84128,30893
DRIVE,2.828,A_dice,A_dice_s1,1,16,oracle,0.0,0.5,0.62574,0.78225,38632
DRIVE,2.828,A_dice,A_dice_s1,1,16,oracle,0.0,1.0,0.83063,0.64256,58699
DRIVE,2.828,A_dice,A_dice_s1,1,16,oracle,0.5,0.0,0.58833,0.83309,32870
DRIVE,2.828,A_dice,A_dice_s1,1,16,oracle,0.5,0.25,0.63717,0.82345,35058
DRIVE,2.828,A_dice,A_dice_s1,1,16,oracle,0.5,0.5,0.8317,0.69777,52067
DRIVE,2.828,A_dice,A_dice_s1,1,16,oracle,0.5,1.0,0.85523,0.59115,67281
DRIVE,2.828,A_dice,A_dice_s1,1,16,oracle,1.0,0.0,0.75949,0.80922,37990
DRIVE,2.828,A_dice,A_dice_s1,1,16,oracle,1.0,0.25,0.7979,0.79398,40553
DRIVE,2.828,A_dice,A_dice_s1,1,16,oracle,1.0,0.5,0.85251,0.68488,54066
DRIVE,2.828,A_dice,A_dice_s1,1,16,oracle,1.0,1.0,0.86682,0.55988,73327
DRIVE,2.828,A_dice,A_dice_s1,1,16,oracle,1.5,0.0,0.80889,0.79022,40999
DRIVE,2.828,A_dice,A_dice_s1,1,16,oracle,1.5,0.25,0.83377,0.76441,44536
DRIVE,2.828,A_dice,A_dice_s1,1,16,oracle,1.5,0.5,0.86197,0.66869,56578
DRIVE,2.828,A_dice,A_dice_s1,1,16,oracle,1.5,1.0,0.88959,0.54583,76538
DRIVE,2.828,A_dice,A_dice_s1,1,16,oracle,2.0,0.0,0.83276,0.76385,44553
DRIVE,2.828,A_dice,A_dice_s1,1,16,oracle,2.0,0.25,0.85569,0.73945,47732
DRIVE,2.828,A_dice,A_dice_s1,1,16,oracle,2.0,0.5,0.88318,0.64669,59912
DRIVE,2.828,A_dice,A_dice_s1,1,16,oracle,2.0,1.0,0.8999,0.53189,79822
DRIVE,2.828,A_dice,A_dice_s1,1,17,raw,0.0,0.0,0.12369,0.82187,27422
DRIVE,2.828,A_dice,A_dice_s1,1,17,isotropic,0.25,0.25,0.12369,0.82187,27422
DRIVE,2.828,A_dice,A_dice_s1,1,17,isotropic,0.5,0.5,0.38739,0.70185,46494
DRIVE,2.828,A_dice,A_dice_s1,1,17,isotropic,0.75,0.75,0.71428,0.64184,54016
DRIVE,2.828,A_dice,A_dice_s1,1,17,isotropic,1.0,1.0,0.77653,0.57093,64849
DRIVE,2.828,A_dice,A_dice_s1,1,17,isotropic,1.5,1.5,0.81174,0.46583,86782
DRIVE,2.828,A_dice,A_dice_s1,1,17,oracle,0.0,0.25,0.12369,0.82187,27422
DRIVE,2.828,A_dice,A_dice_s1,1,17,oracle,0.0,0.5,0.17097,0.77592,34018
DRIVE,2.828,A_dice,A_dice_s1,1,17,oracle,0.0,1.0,0.63129,0.65892,50792
DRIVE,2.828,A_dice,A_dice_s1,1,17,oracle,0.5,0.0,0.1854,0.819,29125
DRIVE,2.828,A_dice,A_dice_s1,1,17,oracle,0.5,0.25,0.22316,0.8139,30875
DRIVE,2.828,A_dice,A_dice_s1,1,17,oracle,0.5,0.5,0.38037,0.71026,45406
DRIVE,2.828,A_dice,A_dice_s1,1,17,oracle,0.5,1.0,0.71449,0.60561,58860
DRIVE,2.828,A_dice,A_dice_s1,1,17,oracle,1.0,0.0,0.29162,0.80787,33165
DRIVE,2.828,A_dice,A_dice_s1,1,17,oracle,1.0,0.25,0.30818,0.79332,35714
DRIVE,2.828,A_dice,A_dice_s1,1,17,oracle,1.0,0.5,0.71177,0.6992,47174
DRIVE,2.828,A_dice,A_dice_s1,1,17,oracle,1.0,1.0,0.77564,0.57722,63804
DRIVE,2.828,A_dice,A_dice_s1,1,17,oracle,1.5,0.0,0.34235,0.79456,35811
DRIVE,2.828,A_dice,A_dice_s1,1,17,oracle,1.5,0.25,0.66082,0.77066,39187
DRIVE,2.828,A_dice,A_dice_s1,1,17,oracle,1.5,0.5,0.75479,0.68749,49074
DRIVE,2.828,A_dice,A_dice_s1,1,17,oracle,1.5,1.0,0.80498,0.56448,66447
DRIVE,2.828,A_dice,A_dice_s1,1,17,oracle,2.0,0.0,0.66959,0.77079,39191
DRIVE,2.828,A_dice,A_dice_s1,1,17,oracle,2.0,0.25,0.72276,0.74975,41814
DRIVE,2.828,A_dice,A_dice_s1,1,17,oracle,2.0,0.5,0.77997,0.66693,51841
DRIVE,2.828,A_dice,A_dice_s1,1,17,oracle,2.0,1.0,0.8174,0.55086,69232
DRIVE,2.828,A_dice,A_dice_s1,1,18,raw,0.0,0.0,0.4749,0.82244,31030
DRIVE,2.828,A_dice,A_dice_s1,1,18,isotropic,0.25,0.25,0.4749,0.82244,31030
DRIVE,2.828,A_dice,A_dice_s1,1,18,isotropic,0.5,0.5,0.85341,0.66026,50707
DRIVE,2.828,A_dice,A_dice_s1,1,18,isotropic,0.75,0.75,0.85801,0.602,58444
DRIVE,2.828,A_dice,A_dice_s1,1,18,isotropic,1.0,1.0,0.89485,0.53469,69406
DRIVE,2.828,A_dice,A_dice_s1,1,18,isotropic,1.5,1.5,0.91173,0.43583,91710
DRIVE,2.828,A_dice,A_dice_s1,1,18,oracle,0.0,0.25,0.4749,0.82244,31030
DRIVE,2.828,A_dice,A_dice_s1,1,18,oracle,0.0,0.5,0.56568,0.75917,37881
DRIVE,2.828,A_dice,A_dice_s1,1,18,oracle,0.0,1.0,0.79524,0.6213,55170
DRIVE,2.828,A_dice,A_dice_s1,1,18,oracle,0.5,0.0,0.50711,0.81016,32857
DRIVE,2.828,A_dice,A_dice_s1,1,18,oracle,0.5,0.25,0.54449,0.79725,34607
DRIVE,2.828,A_dice,A_dice_s1,1,18,oracle,0.5,0.5,0.85341,0.66811,49736
DRIVE,2.828,A_dice,A_dice_s1,1,18,oracle,0.5,1.0,0.85631,0.56944,63221
DRIVE,2.828,A_dice,A_dice_s1,1,18,oracle,1.0,0.0,0.71101,0.77904,37203
DRIVE,2.828,A_dice,A_dice_s1,1,18,oracle,1.0,0.25,0.7753,0.75823,39738
DRIVE,2.828,A_dice,A_dice_s1,1,18,oracle,1.0,0.5,0.87011,0.65493,51550
DRIVE,2.828,A_dice,A_dice_s1,1,18,oracle,1.0,1.0,0.89485,0.53964,68526
DRIVE,2.828,A_dice,A_dice_s1,1,18,oracle,1.5,0.0,0.80239,0.75794,39853
DRIVE,2.828,A_dice,A_dice_s1,1,18,oracle,1.5,0.25,0.82356,0.7288,43241
DRIVE,2.828,A_dice,A_dice_s1,1,18,oracle,1.5,0.5,0.88087,0.63987,53700
DRIVE,2.828,A_dice,A_dice_s1,1,18,oracle,1.5,1.0,0.90501,0.52609,71285
DRIVE,2.828,A_dice,A_dice_s1,1,18,oracle,2.0,0.0,0.82831,0.73088,42997
DRIVE,2.828,A_dice,A_dice_s1,1,18,oracle,2.0,0.25,0.85004,0.70637,45801
DRIVE,2.828,A_dice,A_dice_s1,1,18,oracle,2.0,0.5,0.90055,0.62047,56458
DRIVE,2.828,A_dice,A_dice_s1,1,18,oracle,2.0,1.0,0.91323,0.51277,74057
DRIVE,2.828,A_dice,A_dice_s1,1,19,raw,0.0,0.0,0.60232,0.85171,32162
DRIVE,2.828,A_dice,A_dice_s1,1,19,isotropic,0.25,0.25,0.60232,0.85171,32162
DRIVE,2.828,A_dice,A_dice_s1,1,19,isotropic,0.5,0.5,0.81641,0.64946,54636
DRIVE,2.828,A_dice,A_dice_s1,1,19,isotropic,0.75,0.75,0.8419,0.58754,63554
DRIVE,2.828,A_dice,A_dice_s1,1,19,isotropic,1.0,1.0,0.84842,0.51756,76175
DRIVE,2.828,A_dice,A_dice_s1,1,19,isotropic,1.5,1.5,0.88219,0.41873,101384
DRIVE,2.828,A_dice,A_dice_s1,1,19,oracle,0.0,0.25,0.60232,0.85171,32162
DRIVE,2.828,A_dice,A_dice_s1,1,19,oracle,0.0,0.5,0.68137,0.77045,39624
DRIVE,2.828,A_dice,A_dice_s1,1,19,oracle,0.0,1.0,0.80516,0.61045,59630
DRIVE,2.828,A_dice,A_dice_s1,1,19,oracle,0.5,0.0,0.61616,0.83103,34324
DRIVE,2.828,A_dice,A_dice_s1,1,19,oracle,0.5,0.25,0.64497,0.81058,36404
DRIVE,2.828,A_dice,A_dice_s1,1,19,oracle,0.5,0.5,0.81046,0.65808,53489
DRIVE,2.828,A_dice,A_dice_s1,1,19,oracle,0.5,1.0,0.8378,0.55488,68890
DRIVE,2.828,A_dice,A_dice_s1,1,19,oracle,1.0,0.0,0.74459,0.78295,39507
DRIVE,2.828,A_dice,A_dice_s1,1,19,oracle,1.0,0.25,0.76922,0.75956,42141
DRIVE,2.828,A_dice,A_dice_s1,1,19,oracle,1.0,0.5,0.84061,0.64187,55817
DRIVE,2.828,A_dice,A_dice_s1,1,19,oracle,1.0,1.0,0.8482,0.52295,75093
DRIVE,2.828,A_dice,A_dice_s1,1,19,oracle,1.5,0.0,0.79484,0.75447,42610
DRIVE,2.828,A_dice,A_dice_s1,1,19,oracle,1.5,0.25,0.83199,0.71999,46497
DRIVE,2.828,A_dice,A_dice_s1,1,19,oracle,1.5,0.5,0.85625,0.62314,58626
DRIVE,2.828,A_dice,A_dice_s1,1,19,oracle,1.5,1.0,0.86347,0.50692,78653
DRIVE,2.828,A_dice,A_dice_s1,1,19,oracle,2.0,0.0,0.8406,0.72119,46405
DRIVE,2.828,A_dice,A_dice_s1,1,19,oracle,2.0,0.25,0.85102,0.69208,49785
DRIVE,2.828,A_dice,A_dice_s1,1,19,oracle,2.0,0.5,0.86239,0.60068,62068
DRIVE,2.828,A_dice,A_dice_s1,1,19,oracle,2.0,1.0,0.89038,0.49256,82043
DRIVE,2.828,A_dice,A_dice_s1,1,20,raw,0.0,0.0,0.15906,0.81437,29138
DRIVE,2.828,A_dice,A_dice_s1,1,20,isotropic,0.25,0.25,0.15906,0.81437,29138
DRIVE,2.828,A_dice,A_dice_s1,1,20,isotropic,0.5,0.5,0.43182,0.64467,49221
DRIVE,2.828,A_dice,A_dice_s1,1,20,isotropic,0.75,0.75,0.44721,0.58118,57565
DRIVE,2.828,A_dice,A_dice_s1,1,20,isotropic,1.0,1.0,0.9004,0.51515,68349
DRIVE,2.828,A_dice,A_dice_s1,1,20,isotropic,1.5,1.5,0.92058,0.41418,91408
DRIVE,2.828,A_dice,A_dice_s1,1,20,oracle,0.0,0.25,0.15906,0.81437,29138
DRIVE,2.828,A_dice,A_dice_s1,1,20,oracle,0.0,0.5,0.26089,0.74179,36574
DRIVE,2.828,A_dice,A_dice_s1,1,20,oracle,0.0,1.0,0.41091,0.60606,53615
DRIVE,2.828,A_dice,A_dice_s1,1,20,oracle,0.5,0.0,0.26422,0.7959,31463
DRIVE,2.828,A_dice,A_dice_s1,1,20,oracle,0.5,0.25,0.2901,0.78296,33227
DRIVE,2.828,A_dice,A_dice_s1,1,20,oracle,0.5,0.5,0.4317,0.65256,48268
DRIVE,2.828,A_dice,A_dice_s1,1,20,oracle,0.5,1.0,0.44301,0.55239,61805
DRIVE,2.828,A_dice,A_dice_s1,1,20,oracle,1.0,0.0,0.3392,0.75787,36447
DRIVE,2.828,A_dice,A_dice_s1,1,20,oracle,1.0,0.25,0.37806,0.73838,38803
DRIVE,2.828,A_dice,A_dice_s1,1,20,oracle,1.0,0.5,0.87012,0.63432,50634
DRIVE,2.828,A_dice,A_dice_s1,1,20,oracle,1.0,1.0,0.90015,0.51999,67483
DRIVE,2.828,A_dice,A_dice_s1,1,20,oracle,1.5,0.0,0.75892,0.7285,39831
DRIVE,2.828,A_dice,A_dice_s1,1,20,oracle,1.5,0.25,0.83783,0.70012,43112
DRIVE,2.828,A_dice,A_dice_s1,1,20,oracle,1.5,0.5,0.90195,0.60955,53934
DRIVE,2.828,A_dice,A_dice_s1,1,20,oracle,1.5,1.0,0.91693,0.50167,71105
DRIVE,2.828,A_dice,A_dice_s1,1,20,oracle,2.0,0.0,0.81803,0.69708,43435
DRIVE,2.828,A_dice,A_dice_s1,1,20,oracle,2.0,0.25,0.86181,0.67069,46525
DRIVE,2.828,A_dice,A_dice_s1,1,20,oracle,2.0,0.5,0.91694,0.58369,57635
DRIVE,2.828,A_dice,A_dice_s1,1,20,oracle,2.0,1.0,0.92214,0.48399,74749
DRIVE,2.828,A_dice,A_dice_s2,2,01,raw,0.0,0.0,0.4725,0.82878,33107
DRIVE,2.828,A_dice,A_dice_s2,2,01,isotropic,0.25,0.25,0.4725,0.82878,33107
DRIVE,2.828,A_dice,A_dice_s2,2,01,isotropic,0.5,0.5,0.74745,0.66475,55876
DRIVE,2.828,A_dice,A_dice_s2,2,01,isotropic,0.75,0.75,0.76837,0.60358,64944
DRIVE,2.828,A_dice,A_dice_s2,2,01,isotropic,1.0,1.0,0.81738,0.5356,77542
DRIVE,2.828,A_dice,A_dice_s2,2,01,isotropic,1.5,1.5,0.85784,0.43652,102706
DRIVE,2.828,A_dice,A_dice_s2,2,01,oracle,0.0,0.25,0.4725,0.82878,33107
DRIVE,2.828,A_dice,A_dice_s2,2,01,oracle,0.0,0.5,0.54776,0.76039,41053
DRIVE,2.828,A_dice,A_dice_s2,2,01,oracle,0.0,1.0,0.72763,0.62164,61442
DRIVE,2.828,A_dice,A_dice_s2,2,01,oracle,0.5,0.0,0.51645,0.8182,35146
DRIVE,2.828,A_dice,A_dice_s2,2,01,oracle,0.5,0.25,0.5329,0.80579,37342
DRIVE,2.828,A_dice,A_dice_s2,2,01,oracle,0.5,0.5,0.743,0.67339,54657
DRIVE,2.828,A_dice,A_dice_s2,2,01,oracle,0.5,1.0,0.76856,0.57019,70484
DRIVE,2.828,A_dice,A_dice_s2,2,01,oracle,1.0,0.0,0.6252,0.78788,40505
DRIVE,2.828,A_dice,A_dice_s2,2,01,oracle,1.0,0.25,0.66499,0.76729,43184
DRIVE,2.828,A_dice,A_dice_s2,2,01,oracle,1.0,0.5,0.75342,0.65899,56962
DRIVE,2.828,A_dice,A_dice_s2,2,01,oracle,1.0,1.0,0.81661,0.5412,76399
DRIVE,2.828,A_dice,A_dice_s2,2,01,oracle,1.5,0.0,0.69524,0.76412,43724
DRIVE,2.828,A_dice,A_dice_s2,2,01,oracle,1.5,0.25,0.74836,0.73244,47781
DRIVE,2.828,A_dice,A_dice_s2,2,01,oracle,1.5,0.5,0.80657,0.64284,59627
DRIVE,2.828,A_dice,A_dice_s2,2,01,oracle,1.5,1.0,0.83436,0.52668,79761
DRIVE,2.828,A_dice,A_dice_s2,2,01,oracle,2.0,0.0,0.7298,0.72944,48178
DRIVE,2.828,A_dice,A_dice_s2,2,01,oracle,2.0,0.25,0.75735,0.70524,51344
DRIVE,2.828,A_dice,A_dice_s2,2,01,oracle,2.0,0.5,0.82188,0.61893,63408
DRIVE,2.828,A_dice,A_dice_s2,2,01,oracle,2.0,1.0,0.85387,0.51157,83342
DRIVE,2.828,A_dice,A_dice_s2,2,02,raw,0.0,0.0,0.54182,0.8507,34671
DRIVE,2.828,A_dice,A_dice_s2,2,02,isotropic,0.25,0.25,0.54182,0.8507,34671
DRIVE,2.828,A_dice,A_dice_s2,2,02,isotropic,0.5,0.5,0.77313,0.71811,57469
DRIVE,2.828,A_dice,A_dice_s2,2,02,isotropic,0.75,0.75,0.80311,0.65492,66723
DRIVE,2.828,A_dice,A_dice_s2,2,02,isotropic,1.0,1.0,0.83484,0.58458,79160
DRIVE,2.828,A_dice,A_dice_s2,2,02,isotropic,1.5,1.5,0.8706,0.47887,104811
DRIVE,2.828,A_dice,A_dice_s2,2,02,oracle,0.0,0.25,0.54182,0.8507,34671
DRIVE,2.828,A_dice,A_dice_s2,2,02,oracle,0.0,0.5,0.61546,0.79631,42751
DRIVE,2.828,A_dice,A_dice_s2,2,02,oracle,0.0,1.0,0.75561,0.67428,63095
DRIVE,2.828,A_dice,A_dice_s2,2,02,oracle,0.5,0.0,0.58201,0.84149,36939
DRIVE,2.828,A_dice,A_dice_s2,2,02,oracle,0.5,0.25,0.61263,0.83622,39155
DRIVE,2.828,A_dice,A_dice_s2,2,02,oracle,0.5,0.5,0.76954,0.72571,56353
DRIVE,2.828,A_dice,A_dice_s2,2,02,oracle,0.5,1.0,0.80137,0.62211,72015
DRIVE,2.828,A_dice,A_dice_s2,2,02,oracle,1.0,0.0,0.68037,0.82169,42317
DRIVE,2.828,A_dice,A_dice_s2,2,02,oracle,1.0,0.25,0.72035,0.80924,44978
DRIVE,2.828,A_dice,A_dice_s2,2,02,oracle,1.0,0.5,0.80176,0.71073,58647
DRIVE,2.828,A_dice,A_dice_s2,2,02,oracle,1.0,1.0,0.83425,0.58979,78149
DRIVE,2.828,A_dice,A_dice_s2,2,02,oracle,1.5,0.0,0.73243,0.80104,45597
DRIVE,2.828,A_dice,A_dice_s2,2,02,oracle,1.5,0.25,0.7707,0.77723,49508
DRIVE,2.828,A_dice,A_dice_s2,2,02,oracle,1.5,0.5,0.84192,0.69017,61743
DRIVE,2.828,A_dice,A_dice_s2,2,02,oracle,1.5,1.0,0.85163,0.57352,81600
DRIVE,2.828,A_dice,A_dice_s2,2,02,oracle,2.0,0.0,0.77108,0.77358,49764
DRIVE,2.828,A_dice,A_dice_s2,2,02,oracle,2.0,0.25,0.79201,0.75126,53067
DRIVE,2.828,A_dice,A_dice_s2,2,02,oracle,2.0,0.5,0.84845,0.66618,65423
DRIVE,2.828,A_dice,A_dice_s2,2,02,oracle,2.0,1.0,0.861,0.55714,85251
DRIVE,2.828,A_dice,A_dice_s2,2,03,raw,0.0,0.0,0.09408,0.79765,29405
DRIVE,2.828,A_dice,A_dice_s2,2,03,isotropic,0.25,0.25,0.09408,0.79765,29405
DRIVE,2.828,A_dice,A_dice_s2,2,03,isotropic,0.5,0.5,0.59906,0.72657,49599
DRIVE,2.828,A_dice,A_dice_s2,2,03,isotropic,0.75,0.75,0.63972,0.66844,58089
DRIVE,2.828,A_dice,A_dice_s2,2,03,isotropic,1.0,1.0,0.66389,0.60426,68914
DRIVE,2.828,A_dice,A_dice_s2,2,03,isotropic,1.5,1.5,0.72638,0.4992,92194
DRIVE,2.828,A_dice,A_dice_s2,2,03,oracle,0.0,0.25,0.09408,0.79765,29405
DRIVE,2.828,A_dice,A_dice_s2,2,03,oracle,0.0,0.5,0.12833,0.7737,36832
DRIVE,2.828,A_dice,A_dice_s2,2,03,oracle,0.0,1.0,0.52025,0.6827,54607
DRIVE,2.828,A_dice,A_dice_s2,2,03,oracle,0.5,0.0,0.1446,0.79983,31356
DRIVE,2.828,A_dice,A_dice_s2,2,03,oracle,0.5,0.25,0.16576,0.79977,33296
DRIVE,2.828,A_dice,A_dice_s2,2,03,oracle,0.5,0.5,0.59353,0.73203,48683
DRIVE,2.828,A_dice,A_dice_s2,2,03,oracle,0.5,1.0,0.63643,0.63781,62703
DRIVE,2.828,A_dice,A_dice_s2,2,03,oracle,1.0,0.0,0.22585,0.79909,36261
DRIVE,2.828,A_dice,A_dice_s2,2,03,oracle,1.0,0.25,0.2385,0.79316,38510
DRIVE,2.828,A_dice,A_dice_s2,2,03,oracle,1.0,0.5,0.61715,0.72243,50608
DRIVE,2.828,A_dice,A_dice_s2,2,03,oracle,1.0,1.0,0.663,0.60899,68067
DRIVE,2.828,A_dice,A_dice_s2,2,03,oracle,1.5,0.0,0.26967,0.79034,39203
DRIVE,2.828,A_dice,A_dice_s2,2,03,oracle,1.5,0.25,0.29865,0.77535,42701
DRIVE,2.828,A_dice,A_dice_s2,2,03,oracle,1.5,0.5,0.65146,0.70879,53180
DRIVE,2.828,A_dice,A_dice_s2,2,03,oracle,1.5,1.0,0.68297,0.59538,71171
DRIVE,2.828,A_dice,A_dice_s2,2,03,oracle,2.0,0.0,0.31072,0.77094,43134
DRIVE,2.828,A_dice,A_dice_s2,2,03,oracle,2.0,0.25,0.61448,0.75583,45900
DRIVE,2.828,A_dice,A_dice_s2,2,03,oracle,2.0,0.5,0.68886,0.68773,56596
DRIVE,2.828,A_dice,A_dice_s2,2,03,oracle,2.0,1.0,0.70427,0.58065,74442
DRIVE,2.828,A_dice,A_dice_s2,2,04,raw,0.0,0.0,0.3207,0.83189,28796
DRIVE,2.828,A_dice,A_dice_s2,2,04,isotropic,0.25,0.25,0.3207,0.83189,28796
DRIVE,2.828,A_dice,A_dice_s2,2,04,isotropic,0.5,0.5,0.61238,0.72016,47504
DRIVE,2.828,A_dice,A_dice_s2,2,04,isotropic,0.75,0.75,0.62259,0.65917,55229
DRIVE,2.828,A_dice,A_dice_s2,2,04,isotropic,1.0,1.0,0.65686,0.59114,65603
DRIVE,2.828,A_dice,A_dice_s2,2,04,isotropic,1.5,1.5,0.68681,0.48686,87315
DRIVE,2.828,A_dice,A_dice_s2,2,04,oracle,0.0,0.25,0.3207,0.83189,28796
DRIVE,2.828,A_dice,A_dice_s2,2,04,oracle,0.0,0.5,0.41348,0.79167,35509
DRIVE,2.828,A_dice,A_dice_s2,2,04,oracle,0.0,1.0,0.59669,0.67435,52538
DRIVE,2.828,A_dice,A_dice_s2,2,04,oracle,0.5,0.0,0.3822,0.83164,30475
DRIVE,2.828,A_dice,A_dice_s2,2,04,oracle,0.5,0.25,0.42469,0.8257,32325
DRIVE,2.828,A_dice,A_dice_s2,2,04,oracle,0.5,0.5,0.60661,0.72637,46747
DRIVE,2.828,A_dice,A_dice_s2,2,04,oracle,0.5,1.0,0.62471,0.62543,59894
DRIVE,2.828,A_dice,A_dice_s2,2,04,oracle,1.0,0.0,0.53442,0.81801,34687
DRIVE,2.828,A_dice,A_dice_s2,2,04,oracle,1.0,0.25,0.56396,0.80818,36710
DRIVE,2.828,A_dice,A_dice_s2,2,04,oracle,1.0,0.5,0.62118,0.71661,48168
DRIVE,2.828,A_dice,A_dice_s2,2,04,oracle,1.0,1.0,0.65668,0.59545,64895
DRIVE,2.828,A_dice,A_dice_s2,2,04,oracle,1.5,0.0,0.58314,0.80589,36985
DRIVE,2.828,A_dice,A_dice_s2,2,04,oracle,1.5,0.25,0.60541,0.78599,39962
DRIVE,2.828,A_dice,A_dice_s2,2,04,oracle,1.5,0.5,0.65125,0.70394,50000
DRIVE,2.828,A_dice,A_dice_s2,2,04,oracle,1.5,1.0,0.668,0.58425,67155
DRIVE,2.828,A_dice,A_dice_s2,2,04,oracle,2.0,0.0,0.61327,0.7856,39911
DRIVE,2.828,A_dice,A_dice_s2,2,04,oracle,2.0,0.25,0.6235,0.76673,42423
DRIVE,2.828,A_dice,A_dice_s2,2,04,oracle,2.0,0.5,0.66143,0.6858,52498
DRIVE,2.828,A_dice,A_dice_s2,2,04,oracle,2.0,1.0,0.67996,0.57236,69583
DRIVE,2.828,A_dice,A_dice_s2,2,05,raw,0.0,0.0,0.30482,0.80609,26895
DRIVE,2.828,A_dice,A_dice_s2,2,05,isotropic,0.25,0.25,0.30482,0.80609,26895
DRIVE,2.828,A_dice,A_dice_s2,2,05,isotropic,0.5,0.5,0.55928,0.72684,46312
DRIVE,2.828,A_dice,A_dice_s2,2,05,isotropic,0.75,0.75,0.58231,0.665,54260
DRIVE,2.828,A_dice,A_dice_s2,2,05,isotropic,1.0,1.0,0.61112,0.59438,65076
DRIVE,2.828,A_dice,A_dice_s2,2,05,isotropic,1.5,1.5,0.66519,0.48709,87627
DRIVE,2.828,A_dice,A_dice_s2,2,05,oracle,0.0,0.25,0.30482,0.80609,26895
DRIVE,2.828,A_dice,A_dice_s2,2,05,oracle,0.0,0.5,0.37748,0.78394,33962
DRIVE,2.828,A_dice,A_dice_s2,2,05,oracle,0.0,1.0,0.53797,0.68016,51388
DRIVE,2.828,A_dice,A_dice_s2,2,05,oracle,0.5,0.0,0.34447,0.81196,28669
DRIVE,2.828,A_dice,A_dice_s2,2,05,oracle,0.5,0.25,0.37529,0.8114,30655
DRIVE,2.828,A_dice,A_dice_s2,2,05,oracle,0.5,0.5,0.55834,0.73462,45284
DRIVE,2.828,A_dice,A_dice_s2,2,05,oracle,0.5,1.0,0.58643,0.62983,59124
DRIVE,2.828,A_dice,A_dice_s2,2,05,oracle,1.0,0.0,0.40425,0.8108,33061
DRIVE,2.828,A_dice,A_dice_s2,2,05,oracle,1.0,0.25,0.45057,0.80617,35200
DRIVE,2.828,A_dice,A_dice_s2,2,05,oracle,1.0,0.5,0.56527,0.72372,46974
DRIVE,2.828,A_dice,A_dice_s2,2,05,oracle,1.0,1.0,0.60982,0.6004,64086
DRIVE,2.828,A_dice,A_dice_s2,2,05,oracle,1.5,0.0,0.44663,0.80513,35487
DRIVE,2.828,A_dice,A_dice_s2,2,05,oracle,1.5,0.25,0.51374,0.7883,38741
DRIVE,2.828,A_dice,A_dice_s2,2,05,oracle,1.5,0.5,0.58061,0.71091,48892
DRIVE,2.828,A_dice,A_dice_s2,2,05,oracle,1.5,1.0,0.62656,0.587,66708
DRIVE,2.828,A_dice,A_dice_s2,2,05,oracle,2.0,0.0,0.50662,0.78498,38845
DRIVE,2.828,A_dice,A_dice_s2,2,05,oracle,2.0,0.25,0.55736,0.76892,41488
DRIVE,2.828,A_dice,A_dice_s2,2,05,oracle,2.0,0.5,0.59644,0.69068,51606
DRIVE,2.828,A_dice,A_dice_s2,2,05,oracle,2.0,1.0,0.63535,0.57333,69417
DRIVE,2.828,A_dice,A_dice_s2,2,06,raw,0.0,0.0,0.13624,0.80063,26930
DRIVE,2.828,A_dice,A_dice_s2,2,06,isotropic,0.25,0.25,0.13624,0.80063,26930
DRIVE,2.828,A_dice,A_dice_s2,2,06,isotropic,0.5,0.5,0.23097,0.72669,47062
DRIVE,2.828,A_dice,A_dice_s2,2,06,isotropic,0.75,0.75,0.49337,0.6686,54904
DRIVE,2.828,A_dice,A_dice_s2,2,06,isotropic,1.0,1.0,0.52981,0.59665,66445
DRIVE,2.828,A_dice,A_dice_s2,2,06,isotropic,1.5,1.5,0.58291,0.49336,88947
DRIVE,2.828,A_dice,A_dice_s2,2,06,oracle,0.0,0.25,0.13624,0.80063,26930
DRIVE,2.828,A_dice,A_dice_s2,2,06,oracle,0.0,0.5,0.16328,0.78113,33474
DRIVE,2.828,A_dice,A_dice_s2,2,06,oracle,0.0,1.0,0.2272,0.68123,51994
DRIVE,2.828,A_dice,A_dice_s2,2,06,oracle,0.5,0.0,0.14711,0.8046,28657
DRIVE,2.828,A_dice,A_dice_s2,2,06,oracle,0.5,0.25,0.1589,0.8047,30757
DRIVE,2.828,A_dice,A_dice_s2,2,06,oracle,0.5,0.5,0.22829,0.73307,46141
DRIVE,2.828,A_dice,A_dice_s2,2,06,oracle,0.5,1.0,0.50266,0.63219,60036
DRIVE,2.828,A_dice,A_dice_s2,2,06,oracle,1.0,0.0,0.1902,0.80543,33394
DRIVE,2.828,A_dice,A_dice_s2,2,06,oracle,1.0,0.25,0.20579,0.80188,35667
DRIVE,2.828,A_dice,A_dice_s2,2,06,oracle,1.0,0.5,0.47571,0.72387,47840
DRIVE,2.828,A_dice,A_dice_s2,2,06,oracle,1.0,1.0,0.52922,0.60148,65599
DRIVE,2.828,A_dice,A_dice_s2,2,06,oracle,1.5,0.0,0.20845,0.8005,35774
DRIVE,2.828,A_dice,A_dice_s2,2,06,oracle,1.5,0.25,0.46923,0.78519,39268
DRIVE,2.828,A_dice,A_dice_s2,2,06,oracle,1.5,0.5,0.51081,0.71155,49942
DRIVE,2.828,A_dice,A_dice_s2,2,06,oracle,1.5,1.0,0.55051,0.58936,68302
DRIVE,2.828,A_dice,A_dice_s2,2,06,oracle,2.0,0.0,0.22911,0.78342,39358
DRIVE,2.828,A_dice,A_dice_s2,2,06,oracle,2.0,0.25,0.49854,0.76816,42066
DRIVE,2.828,A_dice,A_dice_s2,2,06,oracle,2.0,0.5,0.53315,0.69307,52637
DRIVE,2.828,A_dice,A_dice_s2,2,06,oracle,2.0,1.0,0.5685,0.57685,71030
DRIVE,2.828,A_dice,A_dice_s2,2,07,raw,0.0,0.0,0.30364,0.81458,26832
DRIVE,2.828,A_dice,A_dice_s2,2,07,isotropic,0.25,0.25,0.30364,0.81458,26832
DRIVE,2.828,A_dice,A_dice_s2,2,07,isotropic,0.5,0.5,0.58494,0.72675,45640
DRIVE,2.828,A_dice,A_dice_s2,2,07,isotropic,0.75,0.75,0.6066,0.6678,52963
DRIVE,2.828,A_dice,A_dice_s2,2,07,isotropic,1.0,1.0,0.62199,0.59612,63681
DRIVE,2.828,A_dice,A_dice_s2,2,07,isotropic,1.5,1.5,0.65642,0.49101,85006
DRIVE,2.828,A_dice,A_dice_s2,2,07,oracle,0.0,0.25,0.30364,0.81458,26832
DRIVE,2.828,A_dice,A_dice_s2,2,07,oracle,0.0,0.5,0.39646,0.78768,33356
DRIVE,2.828,A_dice,A_dice_s2,2,07,oracle,0.0,1.0,0.52403,0.68185,50144
DRIVE,2.828,A_dice,A_dice_s2,2,07,oracle,0.5,0.0,0.39408,0.81692,28522
DRIVE,2.828,A_dice,A_dice_s2,2,07,oracle,0.5,0.25,0.42586,0.81568,30374
DRIVE,2.828,A_dice,A_dice_s2,2,07,oracle,0.5,0.5,0.58409,0.73449,44711
DRIVE,2.828,A_dice,A_dice_s2,2,07,oracle,0.5,1.0,0.59419,0.63224,57701
DRIVE,2.828,A_dice,A_dice_s2,2,07,oracle,1.0,0.0,0.4964,0.81203,32732
DRIVE,2.828,A_dice,A_dice_s2,2,07,oracle,1.0,0.25,0.52859,0.80574,34931
DRIVE,2.828,A_dice,A_dice_s2,2,07,oracle,1.0,0.5,0.59746,0.72283,46383
DRIVE,2.828,A_dice,A_dice_s2,2,07,oracle,1.0,1.0,0.62111,0.60138,62828
DRIVE,2.828,A_dice,A_dice_s2,2,07,oracle,1.5,0.0,0.55084,0.80446,35052
DRIVE,2.828,A_dice,A_dice_s2,2,07,oracle,1.5,0.25,0.58307,0.78693,38286
DRIVE,2.828,A_dice,A_dice_s2,2,07,oracle,1.5,0.5,0.61101,0.71089,48260
DRIVE,2.828,A_dice,A_dice_s2,2,07,oracle,1.5,1.0,0.64007,0.58891,65326
DRIVE,2.828,A_dice,A_dice_s2,2,07,oracle,2.0,0.0,0.58051,0.78647,38232
DRIVE,2.828,A_dice,A_dice_s2,2,07,oracle,2.0,0.25,0.60663,0.7697,40790
DRIVE,2.828,A_dice,A_dice_s2,2,07,oracle,2.0,0.5,0.63651,0.69155,50909
DRIVE,2.828,A_dice,A_dice_s2,2,07,oracle,2.0,1.0,0.6622,0.57598,67925
DRIVE,2.828,A_dice,A_dice_s2,2,08,raw,0.0,0.0,0.0584,0.7918,24945
DRIVE,2.828,A_dice,A_dice_s2,2,08,isotropic,0.25,0.25,0.0584,0.7918,24945
DRIVE,2.828,A_dice,A_dice_s2,2,08,isotropic,0.5,0.5,0.46344,0.71787,43201
DRIVE,2.828,A_dice,A_dice_s2,2,08,isotropic,0.75,0.75,0.52521,0.66059,50431
DRIVE,2.828,A_dice,A_dice_s2,2,08,isotropic,1.0,1.0,0.54725,0.58914,60863
DRIVE,2.828,A_dice,A_dice_s2,2,08,isotropic,1.5,1.5,0.58832,0.48228,82023
DRIVE,2.828,A_dice,A_dice_s2,2,08,oracle,0.0,0.25,0.0584,0.7918,24945
DRIVE,2.828,A_dice,A_dice_s2,2,08,oracle,0.0,0.5,0.11521,0.76967,31174
DRIVE,2.828,A_dice,A_dice_s2,2,08,oracle,0.0,1.0,0.44061,0.67331,47790
DRIVE,2.828,A_dice,A_dice_s2,2,08,oracle,0.5,0.0,0.08931,0.79492,26585
DRIVE,2.828,A_dice,A_dice_s2,2,08,oracle,0.5,0.25,0.13772,0.7949,28418
DRIVE,2.828,A_dice,A_dice_s2,2,08,oracle,0.5,0.5,0.45775,0.72458,42215
DRIVE,2.828,A_dice,A_dice_s2,2,08,oracle,0.5,1.0,0.53363,0.62512,55057
DRIVE,2.828,A_dice,A_dice_s2,2,08,oracle,1.0,0.0,0.19998,0.79532,30812
DRIVE,2.828,A_dice,A_dice_s2,2,08,oracle,1.0,0.25,0.21825,0.78969,32939
DRIVE,2.828,A_dice,A_dice_s2,2,08,oracle,1.0,0.5,0.50416,0.71525,43905
DRIVE,2.828,A_dice,A_dice_s2,2,08,oracle,1.0,1.0,0.54656,0.59493,59937
DRIVE,2.828,A_dice,A_dice_s2,2,08,oracle,1.5,0.0,0.45277,0.78952,33127
DRIVE,2.828,A_dice,A_dice_s2,2,08,oracle,1.5,0.25,0.50238,0.77447,36272
DRIVE,2.828,A_dice,A_dice_s2,2,08,oracle,1.5,0.5,0.53793,0.70297,45850
DRIVE,2.828,A_dice,A_dice_s2,2,08,oracle,1.5,1.0,0.55635,0.58144,62589
DRIVE,2.828,A_dice,A_dice_s2,2,08,oracle,2.0,0.0,0.49782,0.77185,36445
DRIVE,2.828,A_dice,A_dice_s2,2,08,oracle,2.0,0.25,0.50803,0.75778,38815
DRIVE,2.828,A_dice,A_dice_s2,2,08,oracle,2.0,0.5,0.54348,0.68318,48522
DRIVE,2.828,A_dice,A_dice_s2,2,08,oracle,2.0,1.0,0.57859,0.56804,65199
DRIVE,2.828,A_dice,A_dice_s2,2,09,raw,0.0,0.0,0.14637,0.80397,23736
DRIVE,2.828,A_dice,A_dice_s2,2,09,isotropic,0.25,0.25,0.14637,0.80397,23736
DRIVE,2.828,A_dice,A_dice_s2,2,09,isotropic,0.5,0.5,0.5846,0.7047,42415
DRIVE,2.828,A_dice,A_dice_s2,2,09,isotropic,0.75,0.75,0.59535,0.64199,49886
DRIVE,2.828,A_dice,A_dice_s2,2,09,isotropic,1.0,1.0,0.63066,0.56848,60449
DRIVE,2.828,A_dice,A_dice_s2,2,09,isotropic,1.5,1.5,0.66163,0.46179,81940
DRIVE,2.828,A_dice,A_dice_s2,2,09,oracle,0.0,0.25,0.14637,0.80397,23736
DRIVE,2.828,A_dice,A_dice_s2,2,09,oracle,0.0,0.5,0.19174,0.77562,30127
DRIVE,2.828,A_dice,A_dice_s2,2,09,oracle,0.0,1.0,0.27936,0.65651,47168
DRIVE,2.828,A_dice,A_dice_s2,2,09,oracle,0.5,0.0,0.17234,0.8074,25325
DRIVE,2.828,A_dice,A_dice_s2,2,09,oracle,0.5,0.25,0.20531,0.80455,27195
DRIVE,2.828,A_dice,A_dice_s2,2,09,oracle,0.5,0.5,0.5811,0.71346,41378
DRIVE,2.828,A_dice,A_dice_s2,2,09,oracle,0.5,1.0,0.6003,0.60429,54690
DRIVE,2.828,A_dice,A_dice_s2,2,09,oracle,1.0,0.0,0.49478,0.8021,29449
DRIVE,2.828,A_dice,A_dice_s2,2,09,oracle,1.0,0.25,0.51338,0.79185,31682
DRIVE,2.828,A_dice,A_dice_s2,2,09,oracle,1.0,0.5,0.59782,0.7018,43051
DRIVE,2.828,A_dice,A_dice_s2,2,09,oracle,1.0,1.0,0.62975,0.57473,59473
DRIVE,2.828,A_dice,A_dice_s2,2,09,oracle,1.5,0.0,0.55058,0.79336,31830
DRIVE,2.828,A_dice,A_dice_s2,2,09,oracle,1.5,0.25,0.59995,0.77159,35118
DRIVE,2.828,A_dice,A_dice_s2,2,09,oracle,1.5,0.5,0.61604,0.69044,44779
DRIVE,2.828,A_dice,A_dice_s2,2,09,oracle,1.5,1.0,0.64477,0.56161,62071
DRIVE,2.828,A_dice,A_dice_s2,2,09,oracle,2.0,0.0,0.59872,0.76997,35215
DRIVE,2.828,A_dice,A_dice_s2,2,09,oracle,2.0,0.25,0.61855,0.75165,37704
DRIVE,2.828,A_dice,A_dice_s2,2,09,oracle,2.0,0.5,0.64366,0.66898,47560
DRIVE,2.828,A_dice,A_dice_s2,2,09,oracle,2.0,1.0,0.6607,0.54874,64639
DRIVE,2.828,A_dice,A_dice_s2,2,10,raw,0.0,0.0,0.26538,0.80847,27134
DRIVE,2.828,A_dice,A_dice_s2,2,10,isotropic,0.25,0.25,0.26538,0.80847,27134
DRIVE,2.828,A_dice,A_dice_s2,2,10,isotropic,0.5,0.5,0.61008,0.68561,47035
DRIVE,2.828,A_dice,A_dice_s2,2,10,isotropic,0.75,0.75,0.6304,0.62289,55016
DRIVE,2.828,A_dice,A_dice_s2,2,10,isotropic,1.0,1.0,0.68048,0.55253,66062
DRIVE,2.828,A_dice,A_dice_s2,2,10,isotropic,1.5,1.5,0.7243,0.44911,88521
DRIVE,2.828,A_dice,A_dice_s2,2,10,oracle,0.0,0.25,0.26538,0.80847,27134
DRIVE,2.828,A_dice,A_dice_s2,2,10,oracle,0.0,0.5,0.36523,0.76857,34142
DRIVE,2.828,A_dice,A_dice_s2,2,10,oracle,0.0,1.0,0.5844,0.63949,52117
DRIVE,2.828,A_dice,A_dice_s2,2,10,oracle,0.5,0.0,0.34388,0.80565,28960
DRIVE,2.828,A_dice,A_dice_s2,2,10,oracle,0.5,0.25,0.39612,0.79779,30834
DRIVE,2.828,A_dice,A_dice_s2,2,10,oracle,0.5,0.5,0.59971,0.69274,46118
DRIVE,2.828,A_dice,A_dice_s2,2,10,oracle,0.5,1.0,0.65314,0.58845,59862
DRIVE,2.828,A_dice,A_dice_s2,2,10,oracle,1.0,0.0,0.4705,0.78768,33493
DRIVE,2.828,A_dice,A_dice_s2,2,10,oracle,1.0,0.25,0.51326,0.77621,35840
DRIVE,2.828,A_dice,A_dice_s2,2,10,oracle,1.0,0.5,0.64734,0.6808,47865
DRIVE,2.828,A_dice,A_dice_s2,2,10,oracle,1.0,1.0,0.6803,0.55763,65196
DRIVE,2.828,A_dice,A_dice_s2,2,10,oracle,1.5,0.0,0.57624,0.77344,36177
DRIVE,2.828,A_dice,A_dice_s2,2,10,oracle,1.5,0.25,0.6168,0.74999,39552
DRIVE,2.828,A_dice,A_dice_s2,2,10,oracle,1.5,0.5,0.68427,0.66566,50043
DRIVE,2.828,A_dice,A_dice_s2,2,10,oracle,1.5,1.0,0.70067,0.54384,67942
DRIVE,2.828,A_dice,A_dice_s2,2,10,oracle,2.0,0.0,0.63125,0.74785,39609
DRIVE,2.828,A_dice,A_dice_s2,2,10,oracle,2.0,0.25,0.65283,0.72759,42347
DRIVE,2.828,A_dice,A_dice_s2,2,10,oracle,2.0,0.5,0.69774,0.64415,52977
DRIVE,2.828,A_dice,A_dice_s2,2,10,oracle,2.0,1.0,0.72262,0.5303,70728
DRIVE,2.828,A_dice,A_dice_s2,2,11,raw,0.0,0.0,0.3136,0.81183,30136
DRIVE,2.828,A_dice,A_dice_s2,2,11,isotropic,0.25,0.25,0.3136,0.81183,30136
DRIVE,2.828,A_dice,A_dice_s2,2,11,isotropic,0.5,0.5,0.64225,0.6673,51951
DRIVE,2.828,A_dice,A_dice_s2,2,11,isotropic,0.75,0.75,0.66373,0.60642,60752
DRIVE,2.828,A_dice,A_dice_s2,2,11,isotropic,1.0,1.0,0.69334,0.53943,72573
DRIVE,2.828,A_dice,A_dice_s2,2,11,isotropic,1.5,1.5,0.73537,0.43935,97318
DRIVE,2.828,A_dice,A_dice_s2,2,11,oracle,0.0,0.25,0.3136,0.81183,30136
DRIVE,2.828,A_dice,A_dice_s2,2,11,oracle,0.0,0.5,0.3838,0.75492,38044
DRIVE,2.828,A_dice,A_dice_s2,2,11,oracle,0.0,1.0,0.61035,0.6231,57381
DRIVE,2.828,A_dice,A_dice_s2,2,11,oracle,0.5,0.0,0.38258,0.80536,32046
DRIVE,2.828,A_dice,A_dice_s2,2,11,oracle,0.5,0.25,0.44039,0.79516,33980
DRIVE,2.828,A_dice,A_dice_s2,2,11,oracle,0.5,0.5,0.64103,0.67481,50904
DRIVE,2.828,A_dice,A_dice_s2,2,11,oracle,0.5,1.0,0.66015,0.57318,65946
DRIVE,2.828,A_dice,A_dice_s2,2,11,oracle,1.0,0.0,0.5084,0.78306,36849
DRIVE,2.828,A_dice,A_dice_s2,2,11,oracle,1.0,0.25,0.56039,0.76571,39620
DRIVE,2.828,A_dice,A_dice_s2,2,11,oracle,1.0,0.5,0.66202,0.66309,52854
DRIVE,2.828,A_dice,A_dice_s2,2,11,oracle,1.0,1.0,0.68746,0.54439,71617
DRIVE,2.828,A_dice,A_dice_s2,2,11,oracle,1.5,0.0,0.57583,0.76397,39791
DRIVE,2.828,A_dice,A_dice_s2,2,11,oracle,1.5,0.25,0.63046,0.73639,43680
DRIVE,2.828,A_dice,A_dice_s2,2,11,oracle,1.5,0.5,0.69016,0.64854,55252
DRIVE,2.828,A_dice,A_dice_s2,2,11,oracle,1.5,1.0,0.71033,0.53174,74599
DRIVE,2.828,A_dice,A_dice_s2,2,11,oracle,2.0,0.0,0.62063,0.7342,43825
DRIVE,2.828,A_dice,A_dice_s2,2,11,oracle,2.0,0.25,0.64682,0.7115,46832
DRIVE,2.828,A_dice,A_dice_s2,2,11,oracle,2.0,0.5,0.70406,0.62753,58504
DRIVE,2.828,A_dice,A_dice_s2,2,11,oracle,2.0,1.0,0.72508,0.51864,77730
DRIVE,2.828,A_dice,A_dice_s2,2,12,raw,0.0,0.0,0.16473,0.82622,28011
DRIVE,2.828,A_dice,A_dice_s2,2,12,isotropic,0.25,0.25,0.16473,0.82622,28011
DRIVE,2.828,A_dice,A_dice_s2,2,12,isotropic,0.5,0.5,0.69255,0.69969,48427
DRIVE,2.828,A_dice,A_dice_s2,2,12,isotropic,0.75,0.75,0.72963,0.63639,56561
DRIVE,2.828,A_dice,A_dice_s2,2,12,isotropic,1.0,1.0,0.74147,0.56578,67940
DRIVE,2.828,A_dice,A_dice_s2,2,12,isotropic,1.5,1.5,0.80503,0.46211,90746
DRIVE,2.828,A_dice,A_dice_s2,2,12,oracle,0.0,0.25,0.16473,0.82622,28011
DRIVE,2.828,A_dice,A_dice_s2,2,12,oracle,0.0,0.5,0.18704,0.77964,34998
DRIVE,2.828,A_dice,A_dice_s2,2,12,oracle,0.0,1.0,0.66895,0.65309,53587
DRIVE,2.828,A_dice,A_dice_s2,2,12,oracle,0.5,0.0,0.19516,0.82284,29764
DRIVE,2.828,A_dice,A_dice_s2,2,12,oracle,0.5,0.25,0.25284,0.81704,31725
DRIVE,2.828,A_dice,A_dice_s2,2,12,oracle,0.5,0.5,0.69065,0.70728,47455
DRIVE,2.828,A_dice,A_dice_s2,2,12,oracle,0.5,1.0,0.7006,0.60076,61692
DRIVE,2.828,A_dice,A_dice_s2,2,12,oracle,1.0,0.0,0.27145,0.80984,34337
DRIVE,2.828,A_dice,A_dice_s2,2,12,oracle,1.0,0.25,0.28641,0.79602,36825
DRIVE,2.828,A_dice,A_dice_s2,2,12,oracle,1.0,0.5,0.70063,0.69618,49165
DRIVE,2.828,A_dice,A_dice_s2,2,12,oracle,1.0,1.0,0.74087,0.57079,67059
DRIVE,2.828,A_dice,A_dice_s2,2,12,oracle,1.5,0.0,0.63927,0.79523,36945
DRIVE,2.828,A_dice,A_dice_s2,2,12,oracle,1.5,0.25,0.70384,0.77005,40487
DRIVE,2.828,A_dice,A_dice_s2,2,12,oracle,1.5,0.5,0.74167,0.68302,51183
DRIVE,2.828,A_dice,A_dice_s2,2,12,oracle,1.5,1.0,0.7595,0.55882,69663
DRIVE,2.828,A_dice,A_dice_s2,2,12,oracle,2.0,0.0,0.66126,0.77009,40502
DRIVE,2.828,A_dice,A_dice_s2,2,12,oracle,2.0,0.25,0.73026,0.74925,43211
DRIVE,2.828,A_dice,A_dice_s2,2,12,oracle,2.0,0.5,0.75589,0.66341,53981
DRIVE,2.828,A_dice,A_dice_s2,2,12,oracle,2.0,1.0,0.8038,0.54619,72417
DRIVE,2.828,A_dice,A_dice_s2,2,13,raw,0.0,0.0,0.15221,0.82009,30629
DRIVE,2.828,A_dice,A_dice_s2,2,13,isotropic,0.25,0.25,0.15221,0.82009,30629
DRIVE,2.828,A_dice,A_dice_s2,2,13,isotropic,0.5,0.5,0.63777,0.70127,52416
DRIVE,2.828,A_dice,A_dice_s2,2,13,isotropic,0.75,0.75,0.66196,0.63895,61379
DRIVE,2.828,A_dice,A_dice_s2,2,13,isotropic,1.0,1.0,0.68126,0.56992,73398
DRIVE,2.828,A_dice,A_dice_s2,2,13,isotropic,1.5,1.5,0.70894,0.46493,98625
DRIVE,2.828,A_dice,A_dice_s2,2,13,oracle,0.0,0.25,0.15221,0.82009,30629
DRIVE,2.828,A_dice,A_dice_s2,2,13,oracle,0.0,0.5,0.17938,0.77481,38440
DRIVE,2.828,A_dice,A_dice_s2,2,13,oracle,0.0,1.0,0.61755,0.65513,58108
DRIVE,2.828,A_dice,A_dice_s2,2,13,oracle,0.5,0.0,0.1882,0.8175,32570
DRIVE,2.828,A_dice,A_dice_s2,2,13,oracle,0.5,0.25,0.20752,0.81256,34692
DRIVE,2.828,A_dice,A_dice_s2,2,13,oracle,0.5,0.5,0.63558,0.70922,51295
DRIVE,2.828,A_dice,A_dice_s2,2,13,oracle,0.5,1.0,0.66323,0.60515,66675
DRIVE,2.828,A_dice,A_dice_s2,2,13,oracle,1.0,0.0,0.29449,0.8043,37379
DRIVE,2.828,A_dice,A_dice_s2,2,13,oracle,1.0,0.25,0.30978,0.79216,39918
DRIVE,2.828,A_dice,A_dice_s2,2,13,oracle,1.0,0.5,0.65544,0.69662,53311
DRIVE,2.828,A_dice,A_dice_s2,2,13,oracle,1.0,1.0,0.67997,0.57567,72307
DRIVE,2.828,A_dice,A_dice_s2,2,13,oracle,1.5,0.0,0.31634,0.78917,40237
DRIVE,2.828,A_dice,A_dice_s2,2,13,oracle,1.5,0.25,0.65209,0.76768,43869
DRIVE,2.828,A_dice,A_dice_s2,2,13,oracle,1.5,0.5,0.67641,0.68278,55562
DRIVE,2.828,A_dice,A_dice_s2,2,13,oracle,1.5,1.0,0.69233,0.56182,75381
DRIVE,2.828,A_dice,A_dice_s2,2,13,oracle,2.0,0.0,0.33194,0.76681,43802
DRIVE,2.828,A_dice,A_dice_s2,2,13,oracle,2.0,0.25,0.669,0.7473,46794
DRIVE,2.828,A_dice,A_dice_s2,2,13,oracle,2.0,0.5,0.68419,0.66266,58659
DRIVE,2.828,A_dice,A_dice_s2,2,13,oracle,2.0,1.0,0.7007,0.54799,78463
DRIVE,2.828,A_dice,A_dice_s2,2,14,raw,0.0,0.0,0.4831,0.82613,28438
DRIVE,2.828,A_dice,A_dice_s2,2,14,isotropic,0.25,0.25,0.4831,0.82613,28438
DRIVE,2.828,A_dice,A_dice_s2,2,14,isotropic,0.5,0.5,0.8193,0.67988,49083
DRIVE,2.828,A_dice,A_dice_s2,2,14,isotropic,0.75,0.75,0.84129,0.61544,57370
DRIVE,2.828,A_dice,A_dice_s2,2,14,isotropic,1.0,1.0,0.85717,0.54305,68964
DRIVE,2.828,A_dice,A_dice_s2,2,14,isotropic,1.5,1.5,0.89252,0.43836,92618
DRIVE,2.828,A_dice,A_dice_s2,2,14,oracle,0.0,0.25,0.4831,0.82613,28438
DRIVE,2.828,A_dice,A_dice_s2,2,14,oracle,0.0,0.5,0.56192,0.7677,35506
DRIVE,2.828,A_dice,A_dice_s2,2,14,oracle,0.0,1.0,0.75148,0.63436,54094
DRIVE,2.828,A_dice,A_dice_s2,2,14,oracle,0.5,0.0,0.53663,0.81757,30375
DRIVE,2.828,A_dice,A_dice_s2,2,14,oracle,0.5,0.25,0.57249,0.80958,32403
DRIVE,2.828,A_dice,A_dice_s2,2,14,oracle,0.5,0.5,0.81303,0.68803,48076
DRIVE,2.828,A_dice,A_dice_s2,2,14,oracle,0.5,1.0,0.83888,0.58034,62402
DRIVE,2.828,A_dice,A_dice_s2,2,14,oracle,1.0,0.0,0.68891,0.79446,35310
DRIVE,2.828,A_dice,A_dice_s2,2,14,oracle,1.0,0.25,0.72796,0.77988,37584
DRIVE,2.828,A_dice,A_dice_s2,2,14,oracle,1.0,0.5,0.83256,0.67345,50086
DRIVE,2.828,A_dice,A_dice_s2,2,14,oracle,1.0,1.0,0.85695,0.54849,68008
DRIVE,2.828,A_dice,A_dice_s2,2,14,oracle,1.5,0.0,0.76677,0.77318,38159
DRIVE,2.828,A_dice,A_dice_s2,2,14,oracle,1.5,0.25,0.81477,0.74528,41716
DRIVE,2.828,A_dice,A_dice_s2,2,14,oracle,1.5,0.5,0.85961,0.65509,52585
DRIVE,2.828,A_dice,A_dice_s2,2,14,oracle,1.5,1.0,0.87341,0.53277,71144
DRIVE,2.828,A_dice,A_dice_s2,2,14,oracle,2.0,0.0,0.81137,0.74043,42107
DRIVE,2.828,A_dice,A_dice_s2,2,14,oracle,2.0,0.25,0.8413,0.71661,45011
DRIVE,2.828,A_dice,A_dice_s2,2,14,oracle,2.0,0.5,0.86605,0.62996,55970
DRIVE,2.828,A_dice,A_dice_s2,2,14,oracle,2.0,1.0,0.89094,0.51722,74317
DRIVE,2.828,A_dice,A_dice_s2,2,15,raw,0.0,0.0,0.49639,0.80756,27035
DRIVE,2.828,A_dice,A_dice_s2,2,15,isotropic,0.25,0.25,0.49639,0.80756,27035
DRIVE,2.828,A_dice,A_dice_s2,2,15,isotropic,0.5,0.5,0.81037,0.64603,46996
DRIVE,2.828,A_dice,A_dice_s2,2,15,isotropic,0.75,0.75,0.82193,0.5812,55110
DRIVE,2.828,A_dice,A_dice_s2,2,15,isotropic,1.0,1.0,0.83716,0.51008,66384
DRIVE,2.828,A_dice,A_dice_s2,2,15,isotropic,1.5,1.5,0.85762,0.40773,89558
DRIVE,2.828,A_dice,A_dice_s2,2,15,oracle,0.0,0.25,0.49639,0.80756,27035
DRIVE,2.828,A_dice,A_dice_s2,2,15,oracle,0.0,0.5,0.54442,0.74233,34110
DRIVE,2.828,A_dice,A_dice_s2,2,15,oracle,0.0,1.0,0.74725,0.60481,51577
DRIVE,2.828,A_dice,A_dice_s2,2,15,oracle,0.5,0.0,0.54998,0.79502,29021
DRIVE,2.828,A_dice,A_dice_s2,2,15,oracle,0.5,0.25,0.60842,0.78448,30707
DRIVE,2.828,A_dice,A_dice_s2,2,15,oracle,0.5,0.5,0.80591,0.65361,46070
DRIVE,2.828,A_dice,A_dice_s2,2,15,oracle,0.5,1.0,0.82098,0.54707,60036
DRIVE,2.828,A_dice,A_dice_s2,2,15,oracle,1.0,0.0,0.65994,0.76496,33453
DRIVE,2.828,A_dice,A_dice_s2,2,15,oracle,1.0,0.25,0.7133,0.74707,35955
DRIVE,2.828,A_dice,A_dice_s2,2,15,oracle,1.0,0.5,0.82123,0.63912,47928
DRIVE,2.828,A_dice,A_dice_s2,2,15,oracle,1.0,1.0,0.8362,0.51468,65552
DRIVE,2.828,A_dice,A_dice_s2,2,15,oracle,1.5,0.0,0.73213,0.7416,36265
DRIVE,2.828,A_dice,A_dice_s2,2,15,oracle,1.5,0.25,0.77609,0.71205,39803
DRIVE,2.828,A_dice,A_dice_s2,2,15,oracle,1.5,0.5,0.8374,0.62001,50365
DRIVE,2.828,A_dice,A_dice_s2,2,15,oracle,1.5,1.0,0.84892,0.4999,68424
DRIVE,2.828,A_dice,A_dice_s2,2,15,oracle,2.0,0.0,0.78486,0.71236,39638
DRIVE,2.828,A_dice,A_dice_s2,2,15,oracle,2.0,0.25,0.8077,0.68714,42524
DRIVE,2.828,A_dice,A_dice_s2,2,15,oracle,2.0,0.5,0.84772,0.59782,53292
DRIVE,2.828,A_dice,A_dice_s2,2,15,oracle,2.0,1.0,0.85497,0.48549,71382
DRIVE,2.828,A_dice,A_dice_s2,2,16,raw,0.0,0.0,0.25884,0.84447,29941
DRIVE,2.828,A_dice,A_dice_s2,2,16,isotropic,0.25,0.25,0.25884,0.84447,29941
DRIVE,2.828,A_dice,A_dice_s2,2,16,isotropic,0.5,0.5,0.83768,0.69708,51781
DRIVE,2.828,A_dice,A_dice_s2,2,16,isotropic,0.75,0.75,0.8458,0.63194,60619
DRIVE,2.828,A_dice,A_dice_s2,2,16,isotropic,1.0,1.0,0.85711,0.56023,72667
DRIVE,2.828,A_dice,A_dice_s2,2,16,isotropic,1.5,1.5,0.87786,0.45461,97469
DRIVE,2.828,A_dice,A_dice_s2,2,16,oracle,0.0,0.25,0.25884,0.84447,29941
DRIVE,2.828,A_dice,A_dice_s2,2,16,oracle,0.0,0.5,0.32863,0.78903,37537
DRIVE,2.828,A_dice,A_dice_s2,2,16,oracle,0.0,1.0,0.81171,0.64903,57361
DRIVE,2.828,A_dice,A_dice_s2,2,16,oracle,0.5,0.0,0.54681,0.83727,31902
DRIVE,2.828,A_dice,A_dice_s2,2,16,oracle,0.5,0.25,0.59458,0.82836,34082
DRIVE,2.828,A_dice,A_dice_s2,2,16,oracle,0.5,0.5,0.83685,0.70462,50840
DRIVE,2.828,A_dice,A_dice_s2,2,16,oracle,0.5,1.0,0.84371,0.59712,65814
DRIVE,2.828,A_dice,A_dice_s2,2,16,oracle,1.0,0.0,0.72185,0.81507,36868
DRIVE,2.828,A_dice,A_dice_s2,2,16,oracle,1.0,0.25,0.73523,0.79976,39385
DRIVE,2.828,A_dice,A_dice_s2,2,16,oracle,1.0,0.5,0.84705,0.69139,52764
DRIVE,2.828,A_dice,A_dice_s2,2,16,oracle,1.0,1.0,0.85669,0.56494,71792
DRIVE,2.828,A_dice,A_dice_s2,2,16,oracle,1.5,0.0,0.75597,0.79666,39774
DRIVE,2.828,A_dice,A_dice_s2,2,16,oracle,1.5,0.25,0.79916,0.77151,43250
DRIVE,2.828,A_dice,A_dice_s2,2,16,oracle,1.5,0.5,0.86006,0.6758,55127
DRIVE,2.828,A_dice,A_dice_s2,2,16,oracle,1.5,1.0,0.86916,0.55118,74820
DRIVE,2.828,A_dice,A_dice_s2,2,16,oracle,2.0,0.0,0.7867,0.77154,43193
DRIVE,2.828,A_dice,A_dice_s2,2,16,oracle,2.0,0.25,0.82493,0.74734,46290
DRIVE,2.828,A_dice,A_dice_s2,2,16,oracle,2.0,0.5,0.87106,0.65391,58319
DRIVE,2.828,A_dice,A_dice_s2,2,16,oracle,2.0,1.0,0.88062,0.5373,77963
DRIVE,2.828,A_dice,A_dice_s2,2,17,raw,0.0,0.0,0.15437,0.81827,26416
DRIVE,2.828,A_dice,A_dice_s2,2,17,isotropic,0.25,0.25,0.15437,0.81827,26416
DRIVE,2.828,A_dice,A_dice_s2,2,17,isotropic,0.5,0.5,0.68344,0.70485,45159
DRIVE,2.828,A_dice,A_dice_s2,2,17,isotropic,0.75,0.75,0.69927,0.64602,52523
DRIVE,2.828,A_dice,A_dice_s2,2,17,isotropic,1.0,1.0,0.75588,0.5748,63189
DRIVE,2.828,A_dice,A_dice_s2,2,17,isotropic,1.5,1.5,0.78732,0.46944,84733
DRIVE,2.828,A_dice,A_dice_s2,2,17,oracle,0.0,0.25,0.15437,0.81827,26416
DRIVE,2.828,A_dice,A_dice_s2,2,17,oracle,0.0,0.5,0.21816,0.77542,32915
DRIVE,2.828,A_dice,A_dice_s2,2,17,oracle,0.0,1.0,0.63734,0.66252,49377
DRIVE,2.828,A_dice,A_dice_s2,2,17,oracle,0.5,0.0,0.19967,0.81557,28114
DRIVE,2.828,A_dice,A_dice_s2,2,17,oracle,0.5,0.25,0.39253,0.81271,29834
DRIVE,2.828,A_dice,A_dice_s2,2,17,oracle,0.5,0.5,0.68033,0.71299,44090
DRIVE,2.828,A_dice,A_dice_s2,2,17,oracle,0.5,1.0,0.69238,0.61022,57226
DRIVE,2.828,A_dice,A_dice_s2,2,17,oracle,1.0,0.0,0.54929,0.80786,32168
DRIVE,2.828,A_dice,A_dice_s2,2,17,oracle,1.0,0.25,0.60593,0.7948,34629
DRIVE,2.828,A_dice,A_dice_s2,2,17,oracle,1.0,0.5,0.70158,0.70176,45914
DRIVE,2.828,A_dice,A_dice_s2,2,17,oracle,1.0,1.0,0.75479,0.58094,62164
DRIVE,2.828,A_dice,A_dice_s2,2,17,oracle,1.5,0.0,0.61106,0.79642,34670
DRIVE,2.828,A_dice,A_dice_s2,2,17,oracle,1.5,0.25,0.68364,0.77291,38047
DRIVE,2.828,A_dice,A_dice_s2,2,17,oracle,1.5,0.5,0.73079,0.68991,47790
DRIVE,2.828,A_dice,A_dice_s2,2,17,oracle,1.5,1.0,0.78,0.5677,64876
DRIVE,2.828,A_dice,A_dice_s2,2,17,oracle,2.0,0.0,0.66376,0.77525,37959
DRIVE,2.828,A_dice,A_dice_s2,2,17,oracle,2.0,0.25,0.7216,0.75371,40631
DRIVE,2.828,A_dice,A_dice_s2,2,17,oracle,2.0,0.5,0.7504,0.67016,50553
DRIVE,2.828,A_dice,A_dice_s2,2,17,oracle,2.0,1.0,0.79244,0.55446,67599
DRIVE,2.828,A_dice,A_dice_s2,2,18,raw,0.0,0.0,0.45615,0.82404,29926
DRIVE,2.828,A_dice,A_dice_s2,2,18,isotropic,0.25,0.25,0.45615,0.82404,29926
DRIVE,2.828,A_dice,A_dice_s2,2,18,isotropic,0.5,0.5,0.84999,0.66797,49320
DRIVE,2.828,A_dice,A_dice_s2,2,18,isotropic,0.75,0.75,0.85626,0.60998,56822
DRIVE,2.828,A_dice,A_dice_s2,2,18,isotropic,1.0,1.0,0.87689,0.54145,67707
DRIVE,2.828,A_dice,A_dice_s2,2,18,isotropic,1.5,1.5,0.89829,0.44172,89622
DRIVE,2.828,A_dice,A_dice_s2,2,18,oracle,0.0,0.25,0.45615,0.82404,29926
DRIVE,2.828,A_dice,A_dice_s2,2,18,oracle,0.0,0.5,0.57421,0.76565,36676
DRIVE,2.828,A_dice,A_dice_s2,2,18,oracle,0.0,1.0,0.80516,0.62731,53782
DRIVE,2.828,A_dice,A_dice_s2,2,18,oracle,0.5,0.0,0.5035,0.8153,31670
DRIVE,2.828,A_dice,A_dice_s2,2,18,oracle,0.5,0.25,0.58714,0.80234,33399
DRIVE,2.828,A_dice,A_dice_s2,2,18,oracle,0.5,0.5,0.83968,0.67566,48361
DRIVE,2.828,A_dice,A_dice_s2,2,18,oracle,0.5,1.0,0.8524,0.57608,61660
DRIVE,2.828,A_dice,A_dice_s2,2,18,oracle,1.0,0.0,0.68165,0.78666,35845
DRIVE,2.828,A_dice,A_dice_s2,2,18,oracle,1.0,0.25,0.73881,0.76611,38338
DRIVE,2.828,A_dice,A_dice_s2,2,18,oracle,1.0,0.5,0.85844,0.66367,50029
DRIVE,2.828,A_dice,A_dice_s2,2,18,oracle,1.0,1.0,0.87665,0.5463,66849
DRIVE,2.828,A_dice,A_dice_s2,2,18,oracle,1.5,0.0,0.79581,0.76869,38319
DRIVE,2.828,A_dice,A_dice_s2,2,18,oracle,1.5,0.25,0.81644,0.73942,41666
DRIVE,2.828,A_dice,A_dice_s2,2,18,oracle,1.5,0.5,0.87545,0.65095,51967
DRIVE,2.828,A_dice,A_dice_s2,2,18,oracle,1.5,1.0,0.89236,0.53381,69414
DRIVE,2.828,A_dice,A_dice_s2,2,18,oracle,2.0,0.0,0.82566,0.74235,41417
DRIVE,2.828,A_dice,A_dice_s2,2,18,oracle,2.0,0.25,0.84067,0.71914,44093
DRIVE,2.828,A_dice,A_dice_s2,2,18,oracle,2.0,0.5,0.89236,0.63226,54525
DRIVE,2.828,A_dice,A_dice_s2,2,18,oracle,2.0,1.0,0.90003,0.52131,71990
DRIVE,2.828,A_dice,A_dice_s2,2,19,raw,0.0,0.0,0.59578,0.85871,31043
DRIVE,2.828,A_dice,A_dice_s2,2,19,isotropic,0.25,0.25,0.59578,0.85871,31043
DRIVE,2.828,A_dice,A_dice_s2,2,19,isotropic,0.5,0.5,0.82318,0.65689,53288
DRIVE,2.828,A_dice,A_dice_s2,2,19,isotropic,0.75,0.75,0.82768,0.5943,61988
DRIVE,2.828,A_dice,A_dice_s2,2,19,isotropic,1.0,1.0,0.83372,0.5225,74591
DRIVE,2.828,A_dice,A_dice_s2,2,19,isotropic,1.5,1.5,0.86611,0.42323,99368
DRIVE,2.828,A_dice,A_dice_s2,2,19,oracle,0.0,0.25,0.59578,0.85871,31043
DRIVE,2.828,A_dice,A_dice_s2,2,19,oracle,0.0,0.5,0.66183,0.78026,38443
DRIVE,2.828,A_dice,A_dice_s2,2,19,oracle,0.0,1.0,0.80488,0.61549,58489
DRIVE,2.828,A_dice,A_dice_s2,2,19,oracle,0.5,0.0,0.64267,0.8413,33029
DRIVE,2.828,A_dice,A_dice_s2,2,19,oracle,0.5,0.25,0.67335,0.82063,35186
DRIVE,2.828,A_dice,A_dice_s2,2,19,oracle,0.5,0.5,0.82211,0.66604,52120
DRIVE,2.828,A_dice,A_dice_s2,2,19,oracle,0.5,1.0,0.82661,0.55994,67474
DRIVE,2.828,A_dice,A_dice_s2,2,19,oracle,1.0,0.0,0.69397,0.79429,38094
DRIVE,2.828,A_dice,A_dice_s2,2,19,oracle,1.0,0.25,0.76728,0.77015,40694
DRIVE,2.828,A_dice,A_dice_s2,2,19,oracle,1.0,0.5,0.82747,0.65009,54295
DRIVE,2.828,A_dice,A_dice_s2,2,19,oracle,1.0,1.0,0.83328,0.52806,73488
DRIVE,2.828,A_dice,A_dice_s2,2,19,oracle,1.5,0.0,0.76937,0.7684,40909
DRIVE,2.828,A_dice,A_dice_s2,2,19,oracle,1.5,0.25,0.79628,0.73238,44723
DRIVE,2.828,A_dice,A_dice_s2,2,19,oracle,1.5,0.5,0.83264,0.63257,56774
DRIVE,2.828,A_dice,A_dice_s2,2,19,oracle,1.5,1.0,0.84733,0.51341,76686
DRIVE,2.828,A_dice,A_dice_s2,2,19,oracle,2.0,0.0,0.78643,0.73384,44601
DRIVE,2.828,A_dice,A_dice_s2,2,19,oracle,2.0,0.25,0.82022,0.70521,47793
DRIVE,2.828,A_dice,A_dice_s2,2,19,oracle,2.0,0.5,0.85235,0.61158,59859
DRIVE,2.828,A_dice,A_dice_s2,2,19,oracle,2.0,1.0,0.87994,0.49944,79869
DRIVE,2.828,A_dice,A_dice_s2,2,20,raw,0.0,0.0,0.20143,0.81452,28355
DRIVE,2.828,A_dice,A_dice_s2,2,20,isotropic,0.25,0.25,0.20143,0.81452,28355
DRIVE,2.828,A_dice,A_dice_s2,2,20,isotropic,0.5,0.5,0.43267,0.64965,48611
DRIVE,2.828,A_dice,A_dice_s2,2,20,isotropic,0.75,0.75,0.44678,0.58579,56955
DRIVE,2.828,A_dice,A_dice_s2,2,20,isotropic,1.0,1.0,0.44957,0.51789,67855
DRIVE,2.828,A_dice,A_dice_s2,2,20,isotropic,1.5,1.5,0.9028,0.41521,91073
DRIVE,2.828,A_dice,A_dice_s2,2,20,oracle,0.0,0.25,0.20143,0.81452,28355
DRIVE,2.828,A_dice,A_dice_s2,2,20,oracle,0.0,0.5,0.25849,0.74445,35962
DRIVE,2.828,A_dice,A_dice_s2,2,20,oracle,0.0,1.0,0.41469,0.61006,53150
DRIVE,2.828,A_dice,A_dice_s2,2,20,oracle,0.5,0.0,0.22446,0.79673,30722
DRIVE,2.828,A_dice,A_dice_s2,2,20,oracle,0.5,0.25,0.23885,0.78531,32510
DRIVE,2.828,A_dice,A_dice_s2,2,20,oracle,0.5,0.5,0.43242,0.65745,47680
DRIVE,2.828,A_dice,A_dice_s2,2,20,oracle,0.5,1.0,0.4389,0.5562,61247
DRIVE,2.828,A_dice,A_dice_s2,2,20,oracle,1.0,0.0,0.33558,0.76131,35695
DRIVE,2.828,A_dice,A_dice_s2,2,20,oracle,1.0,0.25,0.35987,0.74278,38087
DRIVE,2.828,A_dice,A_dice_s2,2,20,oracle,1.0,0.5,0.44191,0.63911,50007
DRIVE,2.828,A_dice,A_dice_s2,2,20,oracle,1.0,1.0,0.44957,0.52262,67017
DRIVE,2.828,A_dice,A_dice_s2,2,20,oracle,1.5,0.0,0.37081,0.73293,39086
DRIVE,2.828,A_dice,A_dice_s2,2,20,oracle,1.5,0.25,0.39402,0.70413,42424
DRIVE,2.828,A_dice,A_dice_s2,2,20,oracle,1.5,0.5,0.89226,0.61405,53315
DRIVE,2.828,A_dice,A_dice_s2,2,20,oracle,1.5,1.0,0.89842,0.50437,70538
DRIVE,2.828,A_dice,A_dice_s2,2,20,oracle,2.0,0.0,0.80115,0.7008,42710
DRIVE,2.828,A_dice,A_dice_s2,2,20,oracle,2.0,0.25,0.86654,0.67495,45802
DRIVE,2.828,A_dice,A_dice_s2,2,20,oracle,2.0,0.5,0.89662,0.5882,56942
DRIVE,2.828,A_dice,A_dice_s2,2,20,oracle,2.0,1.0,0.91002,0.48632,74210
HRF,4.0,K_focal_aug,K_focal_aug_s0,0,11_dr,raw,0.0,0.0,0.17034,0.80915,199204
HRF,4.0,K_focal_aug,K_focal_aug_s0,0,11_dr,isotropic,0.25,0.25,0.27022,0.74187,264071
HRF,4.0,K_focal_aug,K_focal_aug_s0,0,11_dr,isotropic,0.5,0.5,0.33305,0.65828,328358
HRF,4.0,K_focal_aug,K_focal_aug_s0,0,11_dr,isotropic,0.75,0.75,0.36142,0.57693,402963
HRF,4.0,K_focal_aug,K_focal_aug_s0,0,11_dr,isotropic,1.0,1.0,0.37015,0.52202,465824
HRF,4.0,K_focal_aug,K_focal_aug_s0,0,11_dr,isotropic,1.5,1.5,0.39816,0.42978,607809
HRF,4.0,K_focal_aug,K_focal_aug_s0,0,11_dr,oracle,0.0,0.25,0.17034,0.80915,199204
HRF,4.0,K_focal_aug,K_focal_aug_s0,0,11_dr,oracle,0.0,0.5,0.23423,0.7389,258413
HRF,4.0,K_focal_aug,K_focal_aug_s0,0,11_dr,oracle,0.0,1.0,0.31288,0.58697,388353
HRF,4.0,K_focal_aug,K_focal_aug_s0,0,11_dr,oracle,0.5,0.0,0.20096,0.80199,211302
HRF,4.0,K_focal_aug,K_focal_aug_s0,0,11_dr,oracle,0.5,0.25,0.27504,0.74169,264603
HRF,4.0,K_focal_aug,K_focal_aug_s0,0,11_dr,oracle,0.5,0.5,0.33059,0.66333,324009
HRF,4.0,K_focal_aug,K_focal_aug_s0,0,11_dr,oracle,0.5,1.0,0.34819,0.54591,434702
HRF,4.0,K_focal_aug,K_focal_aug_s0,0,11_dr,oracle,1.0,0.0,0.25428,0.77914,236771
HRF,4.0,K_focal_aug,K_focal_aug_s0,0,11_dr,oracle,1.0,0.25,0.32199,0.73499,272563
HRF,4.0,K_focal_aug,K_focal_aug_s0,0,11_dr,oracle,1.0,0.5,0.34539,0.65158,335971
HRF,4.0,K_focal_aug,K_focal_aug_s0,0,11_dr,oracle,1.0,1.0,0.36991,0.52354,463842
HRF,4.0,K_focal_aug,K_focal_aug_s0,0,11_dr,oracle,1.5,0.0,0.30764,0.76539,249579
HRF,4.0,K_focal_aug,K_focal_aug_s0,0,11_dr,oracle,1.5,0.25,0.35915,0.71637,287860
HRF,4.0,K_focal_aug,K_focal_aug_s0,0,11_dr,oracle,1.5,0.5,0.38363,0.64129,346767
HRF,4.0,K_focal_aug,K_focal_aug_s0,0,11_dr,oracle,1.5,1.0,0.39094,0.51542,476377
HRF,4.0,K_focal_aug,K_focal_aug_s0,0,11_dr,oracle,2.0,0.0,0.34273,0.73099,275496
HRF,4.0,K_focal_aug,K_focal_aug_s0,0,11_dr,oracle,2.0,0.25,0.37299,0.69014,308530
HRF,4.0,K_focal_aug,K_focal_aug_s0,0,11_dr,oracle,2.0,0.5,0.39148,0.61938,367281
HRF,4.0,K_focal_aug,K_focal_aug_s0,0,11_dr,oracle,2.0,1.0,0.39801,0.50791,488220
HRF,4.0,K_focal_aug,K_focal_aug_s0,0,11_g,raw,0.0,0.0,0.14001,0.80648,179138
HRF,4.0,K_focal_aug,K_focal_aug_s0,0,11_g,isotropic,0.25,0.25,0.26339,0.73599,240788
HRF,4.0,K_focal_aug,K_focal_aug_s0,0,11_g,isotropic,0.5,0.5,0.33717,0.64936,301972
HRF,4.0,K_focal_aug,K_focal_aug_s0,0,11_g,isotropic,0.75,0.75,0.70116,0.56639,373040
HRF,4.0,K_focal_aug,K_focal_aug_s0,0,11_g,isotropic,1.0,1.0,0.71963,0.51096,433014
HRF,4.0,K_focal_aug,K_focal_aug_s0,0,11_g,isotropic,1.5,1.5,0.7685,0.4182,569226
HRF,4.0,K_focal_aug,K_focal_aug_s0,0,11_g,oracle,0.0,0.25,0.14001,0.80648,179138
HRF,4.0,K_focal_aug,K_focal_aug_s0,0,11_g,oracle,0.0,0.5,0.19688,0.73447,234362
HRF,4.0,K_focal_aug,K_focal_aug_s0,0,11_g,oracle,0.0,1.0,0.2765,0.5778,358123
HRF,4.0,K_focal_aug,K_focal_aug_s0,0,11_g,oracle,0.5,0.0,0.17289,0.79901,190639
HRF,4.0,K_focal_aug,K_focal_aug_s0,0,11_g,oracle,0.5,0.25,0.2659,0.73555,241340
HRF,4.0,K_focal_aug,K_focal_aug_s0,0,11_g,oracle,0.5,0.5,0.33289,0.65549,297328
HRF,4.0,K_focal_aug,K_focal_aug_s0,0,11_g,oracle,0.5,1.0,0.69642,0.53521,403358
HRF,4.0,K_focal_aug,K_focal_aug_s0,0,11_g,oracle,1.0,0.0,0.27651,0.77427,215507
HRF,4.0,K_focal_aug,K_focal_aug_s0,0,11_g,oracle,1.0,0.25,0.33294,0.72724,249584
HRF,4.0,K_focal_aug,K_focal_aug_s0,0,11_g,oracle,1.0,0.5,0.68879,0.64186,309648
HRF,4.0,K_focal_aug,K_focal_aug_s0,0,11_g,oracle,1.0,1.0,0.71836,0.51279,430841
HRF,4.0,K_focal_aug,K_focal_aug_s0,0,11_g,oracle,1.5,0.0,0.30171,0.75856,228254
HRF,4.0,K_focal_aug,K_focal_aug_s0,0,11_g,oracle,1.5,0.25,0.68308,0.70681,264763
HRF,4.0,K_focal_aug,K_focal_aug_s0,0,11_g,oracle,1.5,0.5,0.71741,0.62997,320775
HRF,4.0,K_focal_aug,K_focal_aug_s0,0,11_g,oracle,1.5,1.0,0.74362,0.50387,443514
HRF,4.0,K_focal_aug,K_focal_aug_s0,0,11_g,oracle,2.0,0.0,0.65973,0.72044,254441
HRF,4.0,K_focal_aug,K_focal_aug_s0,0,11_g,oracle,2.0,0.25,0.71421,0.67762,285930
HRF,4.0,K_focal_aug,K_focal_aug_s0,0,11_g,oracle,2.0,0.5,0.74342,0.60641,341365
HRF,4.0,K_focal_aug,K_focal_aug_s0,0,11_g,oracle,2.0,1.0,0.76443,0.49539,455681
HRF,4.0,K_focal_aug,K_focal_aug_s0,0,11_h,raw,0.0,0.0,0.23544,0.86572,185968
HRF,4.0,K_focal_aug,K_focal_aug_s0,0,11_h,isotropic,0.25,0.25,0.3303,0.82486,246312
HRF,4.0,K_focal_aug,K_focal_aug_s0,0,11_h,isotropic,0.5,0.5,0.36327,0.7419,306251
HRF,4.0,K_focal_aug,K_focal_aug_s0,0,11_h,isotropic,0.75,0.75,0.42114,0.65583,375651
HRF,4.0,K_focal_aug,K_focal_aug_s0,0,11_h,isotropic,1.0,1.0,0.42727,0.59563,434804
HRF,4.0,K_focal_aug,K_focal_aug_s0,0,11_h,isotropic,1.5,1.5,0.87046,0.4932,568133
HRF,4.0,K_focal_aug,K_focal_aug_s0,0,11_h,oracle,0.0,0.25,0.23544,0.86572,185968
HRF,4.0,K_focal_aug,K_focal_aug_s0,0,11_h,oracle,0.0,0.5,0.29354,0.81874,240090
HRF,4.0,K_focal_aug,K_focal_aug_s0,0,11_h,oracle,0.0,1.0,0.33534,0.67166,358030
HRF,4.0,K_focal_aug,K_focal_aug_s0,0,11_h,oracle,0.5,0.0,0.25807,0.86146,199356
HRF,4.0,K_focal_aug,K_focal_aug_s0,0,11_h,oracle,0.5,0.25,0.33069,0.82406,247093
HRF,4.0,K_focal_aug,K_focal_aug_s0,0,11_h,oracle,0.5,0.5,0.36288,0.74733,302012
HRF,4.0,K_focal_aug,K_focal_aug_s0,0,11_h,oracle,0.5,1.0,0.41326,0.62695,401052
HRF,4.0,K_focal_aug,K_focal_aug_s0,0,11_h,oracle,1.0,0.0,0.39113,0.84321,226926
HRF,4.0,K_focal_aug,K_focal_aug_s0,0,11_h,oracle,1.0,0.25,0.40721,0.80748,260328
HRF,4.0,K_focal_aug,K_focal_aug_s0,0,11_h,oracle,1.0,0.5,0.42097,0.72875,317451
HRF,4.0,K_focal_aug,K_focal_aug_s0,0,11_h,oracle,1.0,1.0,0.42706,0.5974,432892
HRF,4.0,K_focal_aug,K_focal_aug_s0,0,11_h,oracle,1.5,0.0,0.40022,0.83101,239721
HRF,4.0,K_focal_aug,K_focal_aug_s0,0,11_h,oracle,1.5,0.25,0.42647,0.78103,280046
HRF,4.0,K_focal_aug,K_focal_aug_s0,0,11_h,oracle,1.5,0.5,0.43076,0.71004,333137
HRF,4.0,K_focal_aug,K_focal_aug_s0,0,11_h,oracle,1.5,1.0,0.8666,0.5839,449072
HRF,4.0,K_focal_aug,K_focal_aug_s0,0,11_h,oracle,2.0,0.0,0.85224,0.79064,269571
HRF,4.0,K_focal_aug,K_focal_aug_s0,0,11_h,oracle,2.0,0.25,0.86458,0.74493,306430
HRF,4.0,K_focal_aug,K_focal_aug_s0,0,11_h,oracle,2.0,0.5,0.87111,0.67922,358725
HRF,4.0,K_focal_aug,K_focal_aug_s0,0,11_h,oracle,2.0,1.0,0.87605,0.56968,466602
HRF,4.0,K_focal_aug,K_focal_aug_s0,0,12_dr,raw,0.0,0.0,0.08979,0.7535,156499
HRF,4.0,K_focal_aug,K_focal_aug_s0,0,12_dr,isotropic,0.25,0.25,0.21817,0.69371,210651
HRF,4.0,K_focal_aug,K_focal_aug_s0,0,12_dr,isotropic,0.5,0.5,0.24637,0.61812,264757
HRF,4.0,K_focal_aug,K_focal_aug_s0,0,12_dr,isotropic,0.75,0.75,0.41809,0.54238,328285
HRF,4.0,K_focal_aug,K_focal_aug_s0,0,12_dr,isotropic,1.0,1.0,0.45357,0.49075,382510
HRF,4.0,K_focal_aug,K_focal_aug_s0,0,12_dr,isotropic,1.5,1.5,0.50986,0.40338,506482
HRF,4.0,K_focal_aug,K_focal_aug_s0,0,12_dr,oracle,0.0,0.25,0.08979,0.7535,156499
HRF,4.0,K_focal_aug,K_focal_aug_s0,0,12_dr,oracle,0.0,0.5,0.11586,0.69133,204823
HRF,4.0,K_focal_aug,K_focal_aug_s0,0,12_dr,oracle,0.0,1.0,0.23232,0.55158,312424
HRF,4.0,K_focal_aug,K_focal_aug_s0,0,12_dr,oracle,0.5,0.0,0.10282,0.74649,167475
HRF,4.0,K_focal_aug,K_focal_aug_s0,0,12_dr,oracle,0.5,0.25,0.22001,0.69369,211320
HRF,4.0,K_focal_aug,K_focal_aug_s0,0,12_dr,oracle,0.5,0.5,0.24216,0.62257,261222
HRF,4.0,K_focal_aug,K_focal_aug_s0,0,12_dr,oracle,0.5,1.0,0.39761,0.51319,353461
HRF,4.0,K_focal_aug,K_focal_aug_s0,0,12_dr,oracle,1.0,0.0,0.23548,0.72611,190872
HRF,4.0,K_focal_aug,K_focal_aug_s0,0,12_dr,oracle,1.0,0.25,0.28698,0.68697,220984
HRF,4.0,K_focal_aug,K_focal_aug_s0,0,12_dr,oracle,1.0,0.5,0.30843,0.61164,273608
HRF,4.0,K_focal_aug,K_focal_aug_s0,0,12_dr,oracle,1.0,1.0,0.4441,0.49209,380897
HRF,4.0,K_focal_aug,K_focal_aug_s0,0,12_dr,oracle,1.5,0.0,0.36019,0.7151,202856
HRF,4.0,K_focal_aug,K_focal_aug_s0,0,12_dr,oracle,1.5,0.25,0.3885,0.66874,236344
HRF,4.0,K_focal_aug,K_focal_aug_s0,0,12_dr,oracle,1.5,0.5,0.44254,0.60144,285716
HRF,4.0,K_focal_aug,K_focal_aug_s0,0,12_dr,oracle,1.5,1.0,0.4869,0.48423,394603
HRF,4.0,K_focal_aug,K_focal_aug_s0,0,12_dr,oracle,2.0,0.0,0.39069,0.68423,226954
HRF,4.0,K_focal_aug,K_focal_aug_s0,0,12_dr,oracle,2.0,0.25,0.44432,0.64465,256465
HRF,4.0,K_focal_aug,K_focal_aug_s0,0,12_dr,oracle,2.0,0.5,0.48405,0.58078,305693
HRF,4.0,K_focal_aug,K_focal_aug_s0,0,12_dr,oracle,2.0,1.0,0.52086,0.4767,408275
HRF,4.0,K_focal_aug,K_focal_aug_s0,0,12_g,raw,0.0,0.0,0.14279,0.80576,197579
HRF,4.0,K_focal_aug,K_focal_aug_s0,0,12_g,isotropic,0.25,0.25,0.29288,0.72809,264860
HRF,4.0,K_focal_aug,K_focal_aug_s0,0,12_g,isotropic,0.5,0.5,0.66463,0.64034,331610
HRF,4.0,K_focal_aug,K_focal_aug_s0,0,12_g,isotropic,0.75,0.75,0.7039,0.55904,408028
HRF,4.0,K_focal_aug,K_focal_aug_s0,0,12_g,isotropic,1.0,1.0,0.72336,0.5042,473383
HRF,4.0,K_focal_aug,K_focal_aug_s0,0,12_g,isotropic,1.5,1.5,0.76315,0.41391,619386
HRF,4.0,K_focal_aug,K_focal_aug_s0,0,12_g,oracle,0.0,0.25,0.14279,0.80576,197579
HRF,4.0,K_focal_aug,K_focal_aug_s0,0,12_g,oracle,0.0,0.5,0.21997,0.72805,257560
HRF,4.0,K_focal_aug,K_focal_aug_s0,0,12_g,oracle,0.0,1.0,0.61503,0.57008,392012
HRF,4.0,K_focal_aug,K_focal_aug_s0,0,12_g,oracle,0.5,0.0,0.19506,0.79662,210188
HRF,4.0,K_focal_aug,K_focal_aug_s0,0,12_g,oracle,0.5,0.25,0.29542,0.72764,265487
HRF,4.0,K_focal_aug,K_focal_aug_s0,0,12_g,oracle,0.5,0.5,0.65758,0.64588,326964
HRF,4.0,K_focal_aug,K_focal_aug_s0,0,12_g,oracle,0.5,1.0,0.69869,0.52982,439178
HRF,4.0,K_focal_aug,K_focal_aug_s0,0,12_g,oracle,1.0,0.0,0.56256,0.76883,237269
HRF,4.0,K_focal_aug,K_focal_aug_s0,0,12_g,oracle,1.0,0.25,0.65265,0.71863,274734
HRF,4.0,K_focal_aug,K_focal_aug_s0,0,12_g,oracle,1.0,0.5,0.697,0.6329,339851
HRF,4.0,K_focal_aug,K_focal_aug_s0,0,12_g,oracle,1.0,1.0,0.72287,0.50579,471259
HRF,4.0,K_focal_aug,K_focal_aug_s0,0,12_g,oracle,1.5,0.0,0.61778,0.7517,251542
HRF,4.0,K_focal_aug,K_focal_aug_s0,0,12_g,oracle,1.5,0.25,0.69038,0.69765,291293
HRF,4.0,K_focal_aug,K_focal_aug_s0,0,12_g,oracle,1.5,0.5,0.71992,0.62073,352222
HRF,4.0,K_focal_aug,K_focal_aug_s0,0,12_g,oracle,1.5,1.0,0.74475,0.49716,484796
HRF,4.0,K_focal_aug,K_focal_aug_s0,0,12_g,oracle,2.0,0.0,0.68134,0.71045,281297
HRF,4.0,K_focal_aug,K_focal_aug_s0,0,12_g,oracle,2.0,0.25,0.72119,0.66604,315970
HRF,4.0,K_focal_aug,K_focal_aug_s0,0,12_g,oracle,2.0,0.5,0.74109,0.59644,375442
HRF,4.0,K_focal_aug,K_focal_aug_s0,0,12_g,oracle,2.0,1.0,0.76468,0.48864,498544
HRF,4.0,K_focal_aug,K_focal_aug_s0,0,12_h,raw,0.0,0.0,0.30519,0.86642,207046
HRF,4.0,K_focal_aug,K_focal_aug_s0,0,12_h,isotropic,0.25,0.25,0.38291,0.83181,271793
HRF,4.0,K_focal_aug,K_focal_aug_s0,0,12_h,isotropic,0.5,0.5,0.39299,0.75433,335970
HRF,4.0,K_focal_aug,K_focal_aug_s0,0,12_h,isotropic,0.75,0.75,0.40392,0.67107,409660
HRF,4.0,K_focal_aug,K_focal_aug_s0,0,12_h,isotropic,1.0,1.0,0.41283,0.61148,472612
HRF,4.0,K_focal_aug,K_focal_aug_s0,0,12_h,isotropic,1.5,1.5,0.42643,0.50966,613784
HRF,4.0,K_focal_aug,K_focal_aug_s0,0,12_h,oracle,0.0,0.25,0.30519,0.86642,207046
HRF,4.0,K_focal_aug,K_focal_aug_s0,0,12_h,oracle,0.0,0.5,0.34638,0.82851,263965
HRF,4.0,K_focal_aug,K_focal_aug_s0,0,12_h,oracle,0.0,1.0,0.38027,0.68781,389707
HRF,4.0,K_focal_aug,K_focal_aug_s0,0,12_h,oracle,0.5,0.0,0.35038,0.86237,221526
HRF,4.0,K_focal_aug,K_focal_aug_s0,0,12_h,oracle,0.5,0.25,0.38483,0.83092,272733
HRF,4.0,K_focal_aug,K_focal_aug_s0,0,12_h,oracle,0.5,0.5,0.39283,0.75942,331596
HRF,4.0,K_focal_aug,K_focal_aug_s0,0,12_h,oracle,0.5,1.0,0.39901,0.64314,436028
HRF,4.0,K_focal_aug,K_focal_aug_s0,0,12_h,oracle,1.0,0.0,0.39324,0.84442,251638
HRF,4.0,K_focal_aug,K_focal_aug_s0,0,12_h,oracle,1.0,0.25,0.40114,0.8144,287408
HRF,4.0,K_focal_aug,K_focal_aug_s0,0,12_h,oracle,1.0,0.5,0.40761,0.74142,348300
HRF,4.0,K_focal_aug,K_focal_aug_s0,0,12_h,oracle,1.0,1.0,0.41278,0.61313,470737
HRF,4.0,K_focal_aug,K_focal_aug_s0,0,12_h,oracle,1.5,0.0,0.40443,0.83429,265421
HRF,4.0,K_focal_aug,K_focal_aug_s0,0,12_h,oracle,1.5,0.25,0.41014,0.78905,308789
HRF,4.0,K_focal_aug,K_focal_aug_s0,0,12_h,oracle,1.5,0.5,0.4149,0.72269,365571
HRF,4.0,K_focal_aug,K_focal_aug_s0,0,12_h,oracle,1.5,1.0,0.42098,0.59988,488089
HRF,4.0,K_focal_aug,K_focal_aug_s0,0,12_h,oracle,2.0,0.0,0.4135,0.79616,297699
HRF,4.0,K_focal_aug,K_focal_aug_s0,0,12_h,oracle,2.0,0.25,0.42043,0.75389,337532
HRF,4.0,K_focal_aug,K_focal_aug_s0,0,12_h,oracle,2.0,0.5,0.42461,0.69267,393155
HRF,4.0,K_focal_aug,K_focal_aug_s0,0,12_h,oracle,2.0,1.0,0.42788,0.58535,507321
HRF,4.0,K_focal_aug,K_focal_aug_s0,0,13_dr,raw,0.0,0.0,0.14976,0.79315,151390
HRF,4.0,K_focal_aug,K_focal_aug_s0,0,13_dr,isotropic,0.25,0.25,0.3135,0.73499,200943
HRF,4.0,K_focal_aug,K_focal_aug_s0,0,13_dr,isotropic,0.5,0.5,0.42888,0.6566,250347
HRF,4.0,K_focal_aug,K_focal_aug_s0,0,13_dr,isotropic,0.75,0.75,0.48546,0.57783,308089
HRF,4.0,K_focal_aug,K_focal_aug_s0,0,13_dr,isotropic,1.0,1.0,0.50546,0.52382,357272
HRF,4.0,K_focal_aug,K_focal_aug_s0,0,13_dr,isotropic,1.5,1.5,0.551,0.43157,469914
HRF,4.0,K_focal_aug,K_focal_aug_s0,0,13_dr,oracle,0.0,0.25,0.14976,0.79315,151390
HRF,4.0,K_focal_aug,K_focal_aug_s0,0,13_dr,oracle,0.0,0.5,0.19422,0.73141,196125
HRF,4.0,K_focal_aug,K_focal_aug_s0,0,13_dr,oracle,0.0,1.0,0.35192,0.58647,295691
HRF,4.0,K_focal_aug,K_focal_aug_s0,0,13_dr,oracle,0.5,0.0,0.18951,0.78825,160805
HRF,4.0,K_focal_aug,K_focal_aug_s0,0,13_dr,oracle,0.5,0.25,0.315,0.73485,201401
HRF,4.0,K_focal_aug,K_focal_aug_s0,0,13_dr,oracle,0.5,0.5,0.42518,0.66241,246417
HRF,4.0,K_focal_aug,K_focal_aug_s0,0,13_dr,oracle,0.5,1.0,0.46007,0.54683,332332
HRF,4.0,K_focal_aug,K_focal_aug_s0,0,13_dr,oracle,1.0,0.0,0.31051,0.77056,180481
HRF,4.0,K_focal_aug,K_focal_aug_s0,0,13_dr,oracle,1.0,0.25,0.38068,0.73013,208107
HRF,4.0,K_focal_aug,K_focal_aug_s0,0,13_dr,oracle,1.0,0.5,0.47921,0.65094,256741
HRF,4.0,K_focal_aug,K_focal_aug_s0,0,13_dr,oracle,1.0,1.0,0.5051,0.52558,355484
HRF,4.0,K_focal_aug,K_focal_aug_s0,0,13_dr,oracle,1.5,0.0,0.34644,0.75953,190769
HRF,4.0,K_focal_aug,K_focal_aug_s0,0,13_dr,oracle,1.5,0.25,0.42913,0.71408,220005
HRF,4.0,K_focal_aug,K_focal_aug_s0,0,13_dr,oracle,1.5,0.5,0.50138,0.64228,265395
HRF,4.0,K_focal_aug,K_focal_aug_s0,0,13_dr,oracle,1.5,1.0,0.52084,0.51749,366540
HRF,4.0,K_focal_aug,K_focal_aug_s0,0,13_dr,oracle,2.0,0.0,0.39233,0.73022,210580
HRF,4.0,K_focal_aug,K_focal_aug_s0,0,13_dr,oracle,2.0,0.25,0.5076,0.69157,235644
HRF,4.0,K_focal_aug,K_focal_aug_s0,0,13_dr,oracle,2.0,0.5,0.53324,0.62225,281364
HRF,4.0,K_focal_aug,K_focal_aug_s0,0,13_dr,oracle,2.0,1.0,0.55451,0.51102,376197
HRF,4.0,K_focal_aug,K_focal_aug_s0,0,13_g,raw,0.0,0.0,0.09915,0.77691,158904
HRF,4.0,K_focal_aug,K_focal_aug_s0,0,13_g,isotropic,0.25,0.25,0.22826,0.7102,216661
HRF,4.0,K_focal_aug,K_focal_aug_s0,0,13_g,isotropic,0.5,0.5,0.26965,0.62493,274010
HRF,4.0,K_focal_aug,K_focal_aug_s0,0,13_g,isotropic,0.75,0.75,0.28473,0.54467,339314
HRF,4.0,K_focal_aug,K_focal_aug_s0,0,13_g,isotropic,1.0,1.0,0.30176,0.49022,395488
HRF,4.0,K_focal_aug,K_focal_aug_s0,0,13_g,isotropic,1.5,1.5,0.32218,0.4016,520580
HRF,4.0,K_focal_aug,K_focal_aug_s0,0,13_g,oracle,0.0,0.25,0.09915,0.77691,158904
HRF,4.0,K_focal_aug,K_focal_aug_s0,0,13_g,oracle,0.0,0.5,0.16859,0.70695,210777
HRF,4.0,K_focal_aug,K_focal_aug_s0,0,13_g,oracle,0.0,1.0,0.26347,0.55328,326507
HRF,4.0,K_focal_aug,K_focal_aug_s0,0,13_g,oracle,0.5,0.0,0.13244,0.7699,169905
HRF,4.0,K_focal_aug,K_focal_aug_s0,0,13_g,oracle,0.5,0.25,0.2355,0.70995,217188
HRF,4.0,K_focal_aug,K_focal_aug_s0,0,13_g,oracle,0.5,0.5,0.26352,0.63045,269900
HRF,4.0,K_focal_aug,K_focal_aug_s0,0,13_g,oracle,0.5,1.0,0.28493,0.51561,365397
HRF,4.0,K_focal_aug,K_focal_aug_s0,0,13_g,oracle,1.0,0.0,0.20519,0.74863,192851
HRF,4.0,K_focal_aug,K_focal_aug_s0,0,13_g,oracle,1.0,0.25,0.24983,0.70275,224856
HRF,4.0,K_focal_aug,K_focal_aug_s0,0,13_g,oracle,1.0,0.5,0.28047,0.61862,280852
HRF,4.0,K_focal_aug,K_focal_aug_s0,0,13_g,oracle,1.0,1.0,0.30132,0.49195,393504
HRF,4.0,K_focal_aug,K_focal_aug_s0,0,13_g,oracle,1.5,0.0,0.21917,0.73488,204561
HRF,4.0,K_focal_aug,K_focal_aug_s0,0,13_g,oracle,1.5,0.25,0.26903,0.68393,238960
HRF,4.0,K_focal_aug,K_focal_aug_s0,0,13_g,oracle,1.5,0.5,0.30149,0.60788,291063
HRF,4.0,K_focal_aug,K_focal_aug_s0,0,13_g,oracle,1.5,1.0,0.30959,0.48422,404948
HRF,4.0,K_focal_aug,K_focal_aug_s0,0,13_g,oracle,2.0,0.0,0.25422,0.69862,229232
HRF,4.0,K_focal_aug,K_focal_aug_s0,0,13_g,oracle,2.0,0.25,0.2866,0.65527,259230
HRF,4.0,K_focal_aug,K_focal_aug_s0,0,13_g,oracle,2.0,0.5,0.30929,0.58555,310293
HRF,4.0,K_focal_aug,K_focal_aug_s0,0,13_g,oracle,2.0,1.0,0.32941,0.47698,416046
HRF,4.0,K_focal_aug,K_focal_aug_s0,0,13_h,raw,0.0,0.0,0.24305,0.85081,184392
HRF,4.0,K_focal_aug,K_focal_aug_s0,0,13_h,isotropic,0.25,0.25,0.34083,0.79787,244309
HRF,4.0,K_focal_aug,K_focal_aug_s0,0,13_h,isotropic,0.5,0.5,0.36291,0.71362,303850
HRF,4.0,K_focal_aug,K_focal_aug_s0,0,13_h,isotropic,0.75,0.75,0.72904,0.62887,372965
HRF,4.0,K_focal_aug,K_focal_aug_s0,0,13_h,isotropic,1.0,1.0,0.74085,0.57007,432090
HRF,4.0,K_focal_aug,K_focal_aug_s0,0,13_h,isotropic,1.5,1.5,0.80833,0.47037,565776
HRF,4.0,K_focal_aug,K_focal_aug_s0,0,13_h,oracle,0.0,0.25,0.24305,0.85081,184392
HRF,4.0,K_focal_aug,K_focal_aug_s0,0,13_h,oracle,0.0,0.5,0.30412,0.79632,237237
HRF,4.0,K_focal_aug,K_focal_aug_s0,0,13_h,oracle,0.0,1.0,0.34368,0.6471,352904
HRF,4.0,K_focal_aug,K_focal_aug_s0,0,13_h,oracle,0.5,0.0,0.28751,0.84131,198356
HRF,4.0,K_focal_aug,K_focal_aug_s0,0,13_h,oracle,0.5,0.25,0.34232,0.79668,245352
HRF,4.0,K_focal_aug,K_focal_aug_s0,0,13_h,oracle,0.5,0.5,0.36173,0.71895,299765
HRF,4.0,K_focal_aug,K_focal_aug_s0,0,13_h,oracle,0.5,1.0,0.72631,0.60211,396547
HRF,4.0,K_focal_aug,K_focal_aug_s0,0,13_h,oracle,1.0,0.0,0.35635,0.81315,227832
HRF,4.0,K_focal_aug,K_focal_aug_s0,0,13_h,oracle,1.0,0.25,0.36544,0.77557,261168
HRF,4.0,K_focal_aug,K_focal_aug_s0,0,13_h,oracle,1.0,0.5,0.72927,0.69833,316988
HRF,4.0,K_focal_aug,K_focal_aug_s0,0,13_h,oracle,1.0,1.0,0.74062,0.57178,430169
HRF,4.0,K_focal_aug,K_focal_aug_s0,0,13_h,oracle,1.5,0.0,0.37104,0.79844,241126
HRF,4.0,K_focal_aug,K_focal_aug_s0,0,13_h,oracle,1.5,0.25,0.37808,0.74604,282404
HRF,4.0,K_focal_aug,K_focal_aug_s0,0,13_h,oracle,1.5,0.5,0.77783,0.67768,334815
HRF,4.0,K_focal_aug,K_focal_aug_s0,0,13_h,oracle,1.5,1.0,0.80319,0.55732,448421
HRF,4.0,K_focal_aug,K_focal_aug_s0,0,13_h,oracle,2.0,0.0,0.39448,0.75742,270852
HRF,4.0,K_focal_aug,K_focal_aug_s0,0,13_h,oracle,2.0,0.25,0.79849,0.71018,309388
HRF,4.0,K_focal_aug,K_focal_aug_s0,0,13_h,oracle,2.0,0.5,0.80511,0.64676,361649
HRF,4.0,K_focal_aug,K_focal_aug_s0,0,13_h,oracle,2.0,1.0,0.82137,0.54211,468158
HRF,4.0,K_focal_aug,K_focal_aug_s0,0,14_dr,raw,0.0,0.0,0.15458,0.76317,170620
HRF,4.0,K_focal_aug,K_focal_aug_s0,0,14_dr,isotropic,0.25,0.25,0.32264,0.70678,226796
HRF,4.0,K_focal_aug,K_focal_aug_s0,0,14_dr,isotropic,0.5,0.5,0.39177,0.6339,282594
HRF,4.0,K_focal_aug,K_focal_aug_s0,0,14_dr,isotropic,0.75,0.75,0.42952,0.56178,346001
HRF,4.0,K_focal_aug,K_focal_aug_s0,0,14_dr,isotropic,1.0,1.0,0.44568,0.51049,401173
HRF,4.0,K_focal_aug,K_focal_aug_s0,0,14_dr,isotropic,1.5,1.5,0.48507,0.42539,523674
HRF,4.0,K_focal_aug,K_focal_aug_s0,0,14_dr,oracle,0.0,0.25,0.15458,0.76317,170620
HRF,4.0,K_focal_aug,K_focal_aug_s0,0,14_dr,oracle,0.0,0.5,0.27048,0.70477,220463
HRF,4.0,K_focal_aug,K_focal_aug_s0,0,14_dr,oracle,0.0,1.0,0.37171,0.56864,332115
HRF,4.0,K_focal_aug,K_focal_aug_s0,0,14_dr,oracle,0.5,0.0,0.21093,0.75792,181834
HRF,4.0,K_focal_aug,K_focal_aug_s0,0,14_dr,oracle,0.5,0.25,0.32749,0.70688,227449
HRF,4.0,K_focal_aug,K_focal_aug_s0,0,14_dr,oracle,0.5,0.5,0.39082,0.63929,278043
HRF,4.0,K_focal_aug,K_focal_aug_s0,0,14_dr,oracle,0.5,1.0,0.42003,0.53511,369504
HRF,4.0,K_focal_aug,K_focal_aug_s0,0,14_dr,oracle,1.0,0.0,0.30672,0.74059,205233
HRF,4.0,K_focal_aug,K_focal_aug_s0,0,14_dr,oracle,1.0,0.25,0.37383,0.702,236351
HRF,4.0,K_focal_aug,K_focal_aug_s0,0,14_dr,oracle,1.0,0.5,0.42202,0.62908,290469
HRF,4.0,K_focal_aug,K_focal_aug_s0,0,14_dr,oracle,1.0,1.0,0.44547,0.51235,399010
HRF,4.0,K_focal_aug,K_focal_aug_s0,0,14_dr,oracle,1.5,0.0,0.35802,0.7305,216590
HRF,4.0,K_focal_aug,K_focal_aug_s0,0,14_dr,oracle,1.5,0.25,0.40459,0.68689,250467
HRF,4.0,K_focal_aug,K_focal_aug_s0,0,14_dr,oracle,1.5,0.5,0.44233,0.62077,301501
HRF,4.0,K_focal_aug,K_focal_aug_s0,0,14_dr,oracle,1.5,1.0,0.45954,0.50509,412082
HRF,4.0,K_focal_aug,K_focal_aug_s0,0,14_dr,oracle,2.0,0.0,0.3858,0.70261,240153
HRF,4.0,K_focal_aug,K_focal_aug_s0,0,14_dr,oracle,2.0,0.25,0.44704,0.66471,270163
HRF,4.0,K_focal_aug,K_focal_aug_s0,0,14_dr,oracle,2.0,0.5,0.45864,0.60196,320440
HRF,4.0,K_focal_aug,K_focal_aug_s0,0,14_dr,oracle,2.0,1.0,0.49374,0.49841,424578
HRF,4.0,K_focal_aug,K_focal_aug_s0,0,14_g,raw,0.0,0.0,0.09378,0.76592,160463
HRF,4.0,K_focal_aug,K_focal_aug_s0,0,14_g,isotropic,0.25,0.25,0.22988,0.71384,218359
HRF,4.0,K_focal_aug,K_focal_aug_s0,0,14_g,isotropic,0.5,0.5,0.54959,0.63487,275897
HRF,4.0,K_focal_aug,K_focal_aug_s0,0,14_g,isotropic,0.75,0.75,0.6005,0.55566,341999
HRF,4.0,K_focal_aug,K_focal_aug_s0,0,14_g,isotropic,1.0,1.0,0.6316,0.50068,398710
HRF,4.0,K_focal_aug,K_focal_aug_s0,0,14_g,isotropic,1.5,1.5,0.70261,0.40989,526002
HRF,4.0,K_focal_aug,K_focal_aug_s0,0,14_g,oracle,0.0,0.25,0.09378,0.76592,160463
HRF,4.0,K_focal_aug,K_focal_aug_s0,0,14_g,oracle,0.0,0.5,0.16347,0.70935,213296
HRF,4.0,K_focal_aug,K_focal_aug_s0,0,14_g,oracle,0.0,1.0,0.26828,0.56422,329248
HRF,4.0,K_focal_aug,K_focal_aug_s0,0,14_g,oracle,0.5,0.0,0.12909,0.76159,171396
HRF,4.0,K_focal_aug,K_focal_aug_s0,0,14_g,oracle,0.5,0.25,0.23344,0.7135,218893
HRF,4.0,K_focal_aug,K_focal_aug_s0,0,14_g,oracle,0.5,0.5,0.5393,0.63955,271908
HRF,4.0,K_focal_aug,K_focal_aug_s0,0,14_g,oracle,0.5,1.0,0.60295,0.52658,368311
HRF,4.0,K_focal_aug,K_focal_aug_s0,0,14_g,oracle,1.0,0.0,0.20802,0.74526,194105
HRF,4.0,K_focal_aug,K_focal_aug_s0,0,14_g,oracle,1.0,0.25,0.25849,0.70698,226710
HRF,4.0,K_focal_aug,K_focal_aug_s0,0,14_g,oracle,1.0,0.5,0.592,0.62883,282797
HRF,4.0,K_focal_aug,K_focal_aug_s0,0,14_g,oracle,1.0,1.0,0.63047,0.50229,396820
HRF,4.0,K_focal_aug,K_focal_aug_s0,0,14_g,oracle,1.5,0.0,0.227,0.73441,205882
HRF,4.0,K_focal_aug,K_focal_aug_s0,0,14_g,oracle,1.5,0.25,0.27965,0.6902,240476
HRF,4.0,K_focal_aug,K_focal_aug_s0,0,14_g,oracle,1.5,0.5,0.63948,0.61864,292994
HRF,4.0,K_focal_aug,K_focal_aug_s0,0,14_g,oracle,1.5,1.0,0.67526,0.49446,408438
HRF,4.0,K_focal_aug,K_focal_aug_s0,0,14_g,oracle,2.0,0.0,0.26626,0.70413,229478
HRF,4.0,K_focal_aug,K_focal_aug_s0,0,14_g,oracle,2.0,0.25,0.61339,0.66491,259959
HRF,4.0,K_focal_aug,K_focal_aug_s0,0,14_g,oracle,2.0,0.5,0.66138,0.59702,312043
HRF,4.0,K_focal_aug,K_focal_aug_s0,0,14_g,oracle,2.0,1.0,0.69895,0.48718,419493
HRF,4.0,K_focal_aug,K_focal_aug_s0,0,14_h,raw,0.0,0.0,0.24604,0.85471,183109
HRF,4.0,K_focal_aug,K_focal_aug_s0,0,14_h,isotropic,0.25,0.25,0.30442,0.80121,242552
HRF,4.0,K_focal_aug,K_focal_aug_s0,0,14_h,isotropic,0.5,0.5,0.3681,0.71765,301698
HRF,4.0,K_focal_aug,K_focal_aug_s0,0,14_h,isotropic,0.75,0.75,0.37928,0.63343,369812
HRF,4.0,K_focal_aug,K_focal_aug_s0,0,14_h,isotropic,1.0,1.0,0.38488,0.57439,428414
HRF,4.0,K_focal_aug,K_focal_aug_s0,0,14_h,isotropic,1.5,1.5,0.40672,0.47449,560176
HRF,4.0,K_focal_aug,K_focal_aug_s0,0,14_h,oracle,0.0,0.25,0.24604,0.85471,183109
HRF,4.0,K_focal_aug,K_focal_aug_s0,0,14_h,oracle,0.0,0.5,0.2867,0.79858,235475
HRF,4.0,K_focal_aug,K_focal_aug_s0,0,14_h,oracle,0.0,1.0,0.30569,0.65025,350005
HRF,4.0,K_focal_aug,K_focal_aug_s0,0,14_h,oracle,0.5,0.0,0.26433,0.84731,196837
HRF,4.0,K_focal_aug,K_focal_aug_s0,0,14_h,oracle,0.5,0.25,0.30772,0.80038,243425
HRF,4.0,K_focal_aug,K_focal_aug_s0,0,14_h,oracle,0.5,0.5,0.3674,0.72307,297539
HRF,4.0,K_focal_aug,K_focal_aug_s0,0,14_h,oracle,0.5,1.0,0.37154,0.60606,393357
HRF,4.0,K_focal_aug,K_focal_aug_s0,0,14_h,oracle,1.0,0.0,0.34323,0.82223,225664
HRF,4.0,K_focal_aug,K_focal_aug_s0,0,14_h,oracle,1.0,0.25,0.37365,0.7823,258305
HRF,4.0,K_focal_aug,K_focal_aug_s0,0,14_h,oracle,1.0,0.5,0.37947,0.70417,313830
HRF,4.0,K_focal_aug,K_focal_aug_s0,0,14_h,oracle,1.0,1.0,0.38383,0.57605,426556
HRF,4.0,K_focal_aug,K_focal_aug_s0,0,14_h,oracle,1.5,0.0,0.35427,0.8083,238934
HRF,4.0,K_focal_aug,K_focal_aug_s0,0,14_h,oracle,1.5,0.25,0.38166,0.75305,280098
HRF,4.0,K_focal_aug,K_focal_aug_s0,0,14_h,oracle,1.5,0.5,0.39996,0.68395,331401
HRF,4.0,K_focal_aug,K_focal_aug_s0,0,14_h,oracle,1.5,1.0,0.4053,0.56218,443955
HRF,4.0,K_focal_aug,K_focal_aug_s0,0,14_h,oracle,2.0,0.0,0.38217,0.76353,270641
HRF,4.0,K_focal_aug,K_focal_aug_s0,0,14_h,oracle,2.0,0.25,0.38905,0.71425,308659
HRF,4.0,K_focal_aug,K_focal_aug_s0,0,14_h,oracle,2.0,0.5,0.40487,0.6512,359109
HRF,4.0,K_focal_aug,K_focal_aug_s0,0,14_h,oracle,2.0,1.0,0.42631,0.54682,463388
HRF,4.0,K_focal_aug,K_focal_aug_s0,0,15_dr,raw,0.0,0.0,0.09138,0.75654,162742
HRF,4.0,K_focal_aug,K_focal_aug_s0,0,15_dr,isotropic,0.25,0.25,0.29772,0.69087,213185
HRF,4.0,K_focal_aug,K_focal_aug_s0,0,15_dr,isotropic,0.5,0.5,0.34986,0.61752,263370
HRF,4.0,K_focal_aug,K_focal_aug_s0,0,15_dr,isotropic,0.75,0.75,0.36943,0.54642,320886
HRF,4.0,K_focal_aug,K_focal_aug_s0,0,15_dr,isotropic,1.0,1.0,0.37726,0.49583,371171
HRF,4.0,K_focal_aug,K_focal_aug_s0,0,15_dr,isotropic,1.5,1.5,0.42264,0.40998,484934
HRF,4.0,K_focal_aug,K_focal_aug_s0,0,15_dr,oracle,0.0,0.25,0.09138,0.75654,162742
HRF,4.0,K_focal_aug,K_focal_aug_s0,0,15_dr,oracle,0.0,0.5,0.12061,0.69481,205185
HRF,4.0,K_focal_aug,K_focal_aug_s0,0,15_dr,oracle,0.0,1.0,0.32722,0.55742,305532
HRF,4.0,K_focal_aug,K_focal_aug_s0,0,15_dr,oracle,0.5,0.0,0.1039,0.74581,173789
HRF,4.0,K_focal_aug,K_focal_aug_s0,0,15_dr,oracle,0.5,0.25,0.30122,0.69073,213700
HRF,4.0,K_focal_aug,K_focal_aug_s0,0,15_dr,oracle,0.5,0.5,0.34217,0.62272,259541
HRF,4.0,K_focal_aug,K_focal_aug_s0,0,15_dr,oracle,0.5,1.0,0.36321,0.52086,341934
HRF,4.0,K_focal_aug,K_focal_aug_s0,0,15_dr,oracle,1.0,0.0,0.25051,0.71946,197075
HRF,4.0,K_focal_aug,K_focal_aug_s0,0,15_dr,oracle,1.0,0.25,0.32704,0.68034,224029
HRF,4.0,K_focal_aug,K_focal_aug_s0,0,15_dr,oracle,1.0,0.5,0.36205,0.60869,272721
HRF,4.0,K_focal_aug,K_focal_aug_s0,0,15_dr,oracle,1.0,1.0,0.37709,0.49763,369240
HRF,4.0,K_focal_aug,K_focal_aug_s0,0,15_dr,oracle,1.5,0.0,0.27507,0.70971,206398
HRF,4.0,K_focal_aug,K_focal_aug_s0,0,15_dr,oracle,1.5,0.25,0.35696,0.65982,239867
HRF,4.0,K_focal_aug,K_focal_aug_s0,0,15_dr,oracle,1.5,0.5,0.39685,0.5975,284324
HRF,4.0,K_focal_aug,K_focal_aug_s0,0,15_dr,oracle,1.5,1.0,0.41308,0.48803,383190
HRF,4.0,K_focal_aug,K_focal_aug_s0,0,15_dr,oracle,2.0,0.0,0.31939,0.68148,227000
HRF,4.0,K_focal_aug,K_focal_aug_s0,0,15_dr,oracle,2.0,0.25,0.38935,0.63688,258095
HRF,4.0,K_focal_aug,K_focal_aug_s0,0,15_dr,oracle,2.0,0.5,0.41835,0.57722,302908
HRF,4.0,K_focal_aug,K_focal_aug_s0,0,15_dr,oracle,2.0,1.0,0.43106,0.47888,397072
HRF,4.0,K_focal_aug,K_focal_aug_s0,0,15_g,raw,0.0,0.0,0.23724,0.78058,168097
HRF,4.0,K_focal_aug,K_focal_aug_s0,0,15_g,isotropic,0.25,0.25,0.43665,0.72628,225392
HRF,4.0,K_focal_aug,K_focal_aug_s0,0,15_g,isotropic,0.5,0.5,0.55519,0.64772,282347
HRF,4.0,K_focal_aug,K_focal_aug_s0,0,15_g,isotropic,0.75,0.75,0.60909,0.5683,347766
HRF,4.0,K_focal_aug,K_focal_aug_s0,0,15_g,isotropic,1.0,1.0,0.62942,0.51292,403855
HRF,4.0,K_focal_aug,K_focal_aug_s0,0,15_g,isotropic,1.5,1.5,0.68214,0.42134,529456
HRF,4.0,K_focal_aug,K_focal_aug_s0,0,15_g,oracle,0.0,0.25,0.23724,0.78058,168097
HRF,4.0,K_focal_aug,K_focal_aug_s0,0,15_g,oracle,0.0,0.5,0.31023,0.72211,220488
HRF,4.0,K_focal_aug,K_focal_aug_s0,0,15_g,oracle,0.0,1.0,0.53059,0.57796,334540
HRF,4.0,K_focal_aug,K_focal_aug_s0,0,15_g,oracle,0.5,0.0,0.28299,0.7749,179143
HRF,4.0,K_focal_aug,K_focal_aug_s0,0,15_g,oracle,0.5,0.25,0.43906,0.72601,225890
HRF,4.0,K_focal_aug,K_focal_aug_s0,0,15_g,oracle,0.5,0.5,0.54513,0.65253,278515
HRF,4.0,K_focal_aug,K_focal_aug_s0,0,15_g,oracle,0.5,1.0,0.59355,0.53978,373121
HRF,4.0,K_focal_aug,K_focal_aug_s0,0,15_g,oracle,1.0,0.0,0.38231,0.75691,201844
HRF,4.0,K_focal_aug,K_focal_aug_s0,0,15_g,oracle,1.0,0.25,0.47309,0.71857,233785
HRF,4.0,K_focal_aug,K_focal_aug_s0,0,15_g,oracle,1.0,0.5,0.60531,0.64095,289541
HRF,4.0,K_focal_aug,K_focal_aug_s0,0,15_g,oracle,1.0,1.0,0.62888,0.5145,402063
HRF,4.0,K_focal_aug,K_focal_aug_s0,0,15_g,oracle,1.5,0.0,0.44822,0.74693,212390
HRF,4.0,K_focal_aug,K_focal_aug_s0,0,15_g,oracle,1.5,0.25,0.5617,0.70164,247425
HRF,4.0,K_focal_aug,K_focal_aug_s0,0,15_g,oracle,1.5,0.5,0.62643,0.6303,299618
HRF,4.0,K_focal_aug,K_focal_aug_s0,0,15_g,oracle,1.5,1.0,0.65235,0.50597,413803
HRF,4.0,K_focal_aug,K_focal_aug_s0,0,15_g,oracle,2.0,0.0,0.54593,0.71939,234186
HRF,4.0,K_focal_aug,K_focal_aug_s0,0,15_g,oracle,2.0,0.25,0.6131,0.67822,265344
HRF,4.0,K_focal_aug,K_focal_aug_s0,0,15_g,oracle,2.0,0.5,0.64773,0.60986,317265
HRF,4.0,K_focal_aug,K_focal_aug_s0,0,15_g,oracle,2.0,1.0,0.67655,0.49822,424854
HRF,4.0,K_focal_aug,K_focal_aug_s0,0,15_h,raw,0.0,0.0,0.51888,0.86335,160995
HRF,4.0,K_focal_aug,K_focal_aug_s0,0,15_h,isotropic,0.25,0.25,0.68532,0.81056,214907
HRF,4.0,K_focal_aug,K_focal_aug_s0,0,15_h,isotropic,0.5,0.5,0.71412,0.72443,268618
HRF,4.0,K_focal_aug,K_focal_aug_s0,0,15_h,isotropic,0.75,0.75,0.77486,0.63813,330366
HRF,4.0,K_focal_aug,K_focal_aug_s0,0,15_h,isotropic,1.0,1.0,0.80092,0.57731,383725
HRF,4.0,K_focal_aug,K_focal_aug_s0,0,15_h,isotropic,1.5,1.5,0.83462,0.4745,504245
HRF,4.0,K_focal_aug,K_focal_aug_s0,0,15_h,oracle,0.0,0.25,0.51888,0.86335,160995
HRF,4.0,K_focal_aug,K_focal_aug_s0,0,15_h,oracle,0.0,0.5,0.57223,0.80787,207941
HRF,4.0,K_focal_aug,K_focal_aug_s0,0,15_h,oracle,0.0,1.0,0.69303,0.65603,312656
HRF,4.0,K_focal_aug,K_focal_aug_s0,0,15_h,oracle,0.5,0.0,0.60898,0.85659,173604
HRF,4.0,K_focal_aug,K_focal_aug_s0,0,15_h,oracle,0.5,0.25,0.69116,0.80965,215670
HRF,4.0,K_focal_aug,K_focal_aug_s0,0,15_h,oracle,0.5,0.5,0.71313,0.72962,264958
HRF,4.0,K_focal_aug,K_focal_aug_s0,0,15_h,oracle,0.5,1.0,0.72718,0.61044,352004
HRF,4.0,K_focal_aug,K_focal_aug_s0,0,15_h,oracle,1.0,0.0,0.71479,0.83243,199491
HRF,4.0,K_focal_aug,K_focal_aug_s0,0,15_h,oracle,1.0,0.25,0.76144,0.791,229037
HRF,4.0,K_focal_aug,K_focal_aug_s0,0,15_h,oracle,1.0,0.5,0.77346,0.70998,279578
HRF,4.0,K_focal_aug,K_focal_aug_s0,0,15_h,oracle,1.0,1.0,0.80066,0.57895,382115
HRF,4.0,K_focal_aug,K_focal_aug_s0,0,15_h,oracle,1.5,0.0,0.75569,0.8188,211116
HRF,4.0,K_focal_aug,K_focal_aug_s0,0,15_h,oracle,1.5,0.25,0.80355,0.76082,248384
HRF,4.0,K_focal_aug,K_focal_aug_s0,0,15_h,oracle,1.5,0.5,0.82553,0.68902,295077
HRF,4.0,K_focal_aug,K_focal_aug_s0,0,15_h,oracle,1.5,1.0,0.83104,0.56456,397367
HRF,4.0,K_focal_aug,K_focal_aug_s0,0,15_h,oracle,2.0,0.0,0.8109,0.77239,239449
HRF,4.0,K_focal_aug,K_focal_aug_s0,0,15_h,oracle,2.0,0.25,0.82343,0.72113,273779
HRF,4.0,K_focal_aug,K_focal_aug_s0,0,15_h,oracle,2.0,0.5,0.83455,0.65579,319571
HRF,4.0,K_focal_aug,K_focal_aug_s0,0,15_h,oracle,2.0,1.0,0.83908,0.54885,414621
HRF,4.0,K_focal_aug,K_focal_aug_s1,1,11_dr,raw,0.0,0.0,0.13992,0.80837,200932
HRF,4.0,K_focal_aug,K_focal_aug_s1,1,11_dr,isotropic,0.25,0.25,0.27613,0.73898,266962
HRF,4.0,K_focal_aug,K_focal_aug_s1,1,11_dr,isotropic,0.5,0.5,0.33338,0.65476,332352
HRF,4.0,K_focal_aug,K_focal_aug_s1,1,11_dr,isotropic,0.75,0.75,0.35991,0.57383,407843
HRF,4.0,K_focal_aug,K_focal_aug_s1,1,11_dr,isotropic,1.0,1.0,0.39113,0.51901,471746
HRF,4.0,K_focal_aug,K_focal_aug_s1,1,11_dr,isotropic,1.5,1.5,0.40671,0.42721,615460
HRF,4.0,K_focal_aug,K_focal_aug_s1,1,11_dr,oracle,0.0,0.25,0.13992,0.80837,200932
HRF,4.0,K_focal_aug,K_focal_aug_s1,1,11_dr,oracle,0.0,0.5,0.20845,0.73663,260795
HRF,4.0,K_focal_aug,K_focal_aug_s1,1,11_dr,oracle,0.0,1.0,0.27777,0.58377,392785
HRF,4.0,K_focal_aug,K_focal_aug_s1,1,11_dr,oracle,0.5,0.0,0.17248,0.80059,213284
HRF,4.0,K_focal_aug,K_focal_aug_s1,1,11_dr,oracle,0.5,0.25,0.27872,0.73889,267463
HRF,4.0,K_focal_aug,K_focal_aug_s1,1,11_dr,oracle,0.5,0.5,0.33187,0.65993,327923
HRF,4.0,K_focal_aug,K_focal_aug_s1,1,11_dr,oracle,0.5,1.0,0.34729,0.54326,439416
HRF,4.0,K_focal_aug,K_focal_aug_s1,1,11_dr,oracle,1.0,0.0,0.26411,0.77718,239391
HRF,4.0,K_focal_aug,K_focal_aug_s1,1,11_dr,oracle,1.0,0.25,0.32803,0.73213,275759
HRF,4.0,K_focal_aug,K_focal_aug_s1,1,11_dr,oracle,1.0,0.5,0.35371,0.64839,340059
HRF,4.0,K_focal_aug,K_focal_aug_s1,1,11_dr,oracle,1.0,1.0,0.39088,0.52059,469664
HRF,4.0,K_focal_aug,K_focal_aug_s1,1,11_dr,oracle,1.5,0.0,0.29755,0.76318,252345
HRF,4.0,K_focal_aug,K_focal_aug_s1,1,11_dr,oracle,1.5,0.25,0.35196,0.71348,291407
HRF,4.0,K_focal_aug,K_focal_aug_s1,1,11_dr,oracle,1.5,0.5,0.37221,0.63787,351328
HRF,4.0,K_focal_aug,K_focal_aug_s1,1,11_dr,oracle,1.5,1.0,0.39984,0.5126,482401
HRF,4.0,K_focal_aug,K_focal_aug_s1,1,11_dr,oracle,2.0,0.0,0.32745,0.72864,279069
HRF,4.0,K_focal_aug,K_focal_aug_s1,1,11_dr,oracle,2.0,0.25,0.38824,0.68646,312991
HRF,4.0,K_focal_aug,K_focal_aug_s1,1,11_dr,oracle,2.0,0.5,0.39799,0.61593,372178
HRF,4.0,K_focal_aug,K_focal_aug_s1,1,11_dr,oracle,2.0,1.0,0.40859,0.50484,494626
HRF,4.0,K_focal_aug,K_focal_aug_s1,1,11_g,raw,0.0,0.0,0.1,0.80318,181399
HRF,4.0,K_focal_aug,K_focal_aug_s1,1,11_g,isotropic,0.25,0.25,0.26993,0.73102,243985
HRF,4.0,K_focal_aug,K_focal_aug_s1,1,11_g,isotropic,0.5,0.5,0.30557,0.64428,306172
HRF,4.0,K_focal_aug,K_focal_aug_s1,1,11_g,isotropic,0.75,0.75,0.36832,0.56235,377732
HRF,4.0,K_focal_aug,K_focal_aug_s1,1,11_g,isotropic,1.0,1.0,0.37641,0.50715,438486
HRF,4.0,K_focal_aug,K_focal_aug_s1,1,11_g,isotropic,1.5,1.5,0.39542,0.41514,575648
HRF,4.0,K_focal_aug,K_focal_aug_s1,1,11_g,oracle,0.0,0.25,0.1,0.80318,181399
HRF,4.0,K_focal_aug,K_focal_aug_s1,1,11_g,oracle,0.0,0.5,0.20441,0.73004,237238
HRF,4.0,K_focal_aug,K_focal_aug_s1,1,11_g,oracle,0.0,1.0,0.28595,0.57396,362340
HRF,4.0,K_focal_aug,K_focal_aug_s1,1,11_g,oracle,0.5,0.0,0.17925,0.79478,193157
HRF,4.0,K_focal_aug,K_focal_aug_s1,1,11_g,oracle,0.5,0.25,0.27408,0.73067,244550
HRF,4.0,K_focal_aug,K_focal_aug_s1,1,11_g,oracle,0.5,0.5,0.3023,0.65048,301406
HRF,4.0,K_focal_aug,K_focal_aug_s1,1,11_g,oracle,0.5,1.0,0.31689,0.53181,407873
HRF,4.0,K_focal_aug,K_focal_aug_s1,1,11_g,oracle,1.0,0.0,0.26284,0.76914,218853
HRF,4.0,K_focal_aug,K_focal_aug_s1,1,11_g,oracle,1.0,0.25,0.30054,0.72157,253331
HRF,4.0,K_focal_aug,K_focal_aug_s1,1,11_g,oracle,1.0,0.5,0.31896,0.63685,313961
HRF,4.0,K_focal_aug,K_focal_aug_s1,1,11_g,oracle,1.0,1.0,0.37627,0.50905,436212
HRF,4.0,K_focal_aug,K_focal_aug_s1,1,11_g,oracle,1.5,0.0,0.28466,0.75324,231855
HRF,4.0,K_focal_aug,K_focal_aug_s1,1,11_g,oracle,1.5,0.25,0.31516,0.70085,268948
HRF,4.0,K_focal_aug,K_focal_aug_s1,1,11_g,oracle,1.5,0.5,0.37459,0.62441,325753
HRF,4.0,K_focal_aug,K_focal_aug_s1,1,11_g,oracle,1.5,1.0,0.38841,0.5,449172
HRF,4.0,K_focal_aug,K_focal_aug_s1,1,11_g,oracle,2.0,0.0,0.3133,0.71439,258958
HRF,4.0,K_focal_aug,K_focal_aug_s1,1,11_g,oracle,2.0,0.25,0.37903,0.67104,291105
HRF,4.0,K_focal_aug,K_focal_aug_s1,1,11_g,oracle,2.0,0.5,0.38433,0.60075,346805
HRF,4.0,K_focal_aug,K_focal_aug_s1,1,11_g,oracle,2.0,1.0,0.40113,0.49129,461884
HRF,4.0,K_focal_aug,K_focal_aug_s1,1,11_h,raw,0.0,0.0,0.23671,0.86637,188493
HRF,4.0,K_focal_aug,K_focal_aug_s1,1,11_h,isotropic,0.25,0.25,0.33294,0.82072,250189
HRF,4.0,K_focal_aug,K_focal_aug_s1,1,11_h,isotropic,0.5,0.5,0.39901,0.73624,311448
HRF,4.0,K_focal_aug,K_focal_aug_s1,1,11_h,isotropic,0.75,0.75,0.4198,0.65003,381905
HRF,4.0,K_focal_aug,K_focal_aug_s1,1,11_h,isotropic,1.0,1.0,0.42747,0.58957,442376
HRF,4.0,K_focal_aug,K_focal_aug_s1,1,11_h,isotropic,1.5,1.5,0.87172,0.48737,578414
HRF,4.0,K_focal_aug,K_focal_aug_s1,1,11_h,oracle,0.0,0.25,0.23671,0.86637,188493
HRF,4.0,K_focal_aug,K_focal_aug_s1,1,11_h,oracle,0.0,0.5,0.30128,0.81613,243424
HRF,4.0,K_focal_aug,K_focal_aug_s1,1,11_h,oracle,0.0,1.0,0.34056,0.66689,363268
HRF,4.0,K_focal_aug,K_focal_aug_s1,1,11_h,oracle,0.5,0.0,0.26057,0.86093,202233
HRF,4.0,K_focal_aug,K_focal_aug_s1,1,11_h,oracle,0.5,0.25,0.33654,0.8199,250961
HRF,4.0,K_focal_aug,K_focal_aug_s1,1,11_h,oracle,0.5,0.5,0.39856,0.7418,307114
HRF,4.0,K_focal_aug,K_focal_aug_s1,1,11_h,oracle,0.5,1.0,0.41542,0.62191,407058
HRF,4.0,K_focal_aug,K_focal_aug_s1,1,11_h,oracle,1.0,0.0,0.38954,0.84009,230764
HRF,4.0,K_focal_aug,K_focal_aug_s1,1,11_h,oracle,1.0,0.25,0.4115,0.80228,264841
HRF,4.0,K_focal_aug,K_focal_aug_s1,1,11_h,oracle,1.0,0.5,0.41988,0.7227,322963
HRF,4.0,K_focal_aug,K_focal_aug_s1,1,11_h,oracle,1.0,1.0,0.42656,0.59138,440381
HRF,4.0,K_focal_aug,K_focal_aug_s1,1,11_h,oracle,1.5,0.0,0.40788,0.82758,243510
HRF,4.0,K_focal_aug,K_focal_aug_s1,1,11_h,oracle,1.5,0.25,0.42392,0.77431,285490
HRF,4.0,K_focal_aug,K_focal_aug_s1,1,11_h,oracle,1.5,0.5,0.43156,0.70314,339430
HRF,4.0,K_focal_aug,K_focal_aug_s1,1,11_h,oracle,1.5,1.0,0.86821,0.57761,457121
HRF,4.0,K_focal_aug,K_focal_aug_s1,1,11_h,oracle,2.0,0.0,0.42723,0.78602,273885
HRF,4.0,K_focal_aug,K_focal_aug_s1,1,11_h,oracle,2.0,0.25,0.43158,0.73739,312656
HRF,4.0,K_focal_aug,K_focal_aug_s1,1,11_h,oracle,2.0,0.5,0.86851,0.67189,365782
HRF,4.0,K_focal_aug,K_focal_aug_s1,1,11_h,oracle,2.0,1.0,0.87386,0.56288,475614
HRF,4.0,K_focal_aug,K_focal_aug_s1,1,12_dr,raw,0.0,0.0,0.1269,0.75261,157515
HRF,4.0,K_focal_aug,K_focal_aug_s1,1,12_dr,isotropic,0.25,0.25,0.23811,0.6912,212212
HRF,4.0,K_focal_aug,K_focal_aug_s1,1,12_dr,isotropic,0.5,0.5,0.36177,0.61484,266919
HRF,4.0,K_focal_aug,K_focal_aug_s1,1,12_dr,isotropic,0.75,0.75,0.395,0.53928,330547
HRF,4.0,K_focal_aug,K_focal_aug_s1,1,12_dr,isotropic,1.0,1.0,0.44942,0.48756,385159
HRF,4.0,K_focal_aug,K_focal_aug_s1,1,12_dr,isotropic,1.5,1.5,0.51052,0.40094,509076
HRF,4.0,K_focal_aug,K_focal_aug_s1,1,12_dr,oracle,0.0,0.25,0.1269,0.75261,157515
HRF,4.0,K_focal_aug,K_focal_aug_s1,1,12_dr,oracle,0.0,0.5,0.15352,0.68935,206121
HRF,4.0,K_focal_aug,K_focal_aug_s1,1,12_dr,oracle,0.0,1.0,0.25349,0.54878,314655
HRF,4.0,K_focal_aug,K_focal_aug_s1,1,12_dr,oracle,0.5,0.0,0.14331,0.74604,168467
HRF,4.0,K_focal_aug,K_focal_aug_s1,1,12_dr,oracle,0.5,0.25,0.24371,0.69123,212829
HRF,4.0,K_focal_aug,K_focal_aug_s1,1,12_dr,oracle,0.5,0.5,0.35369,0.61928,263364
HRF,4.0,K_focal_aug,K_focal_aug_s1,1,12_dr,oracle,0.5,1.0,0.39321,0.51058,355529
HRF,4.0,K_focal_aug,K_focal_aug_s1,1,12_dr,oracle,1.0,0.0,0.22321,0.72475,192116
HRF,4.0,K_focal_aug,K_focal_aug_s1,1,12_dr,oracle,1.0,0.25,0.3478,0.68452,222452
HRF,4.0,K_focal_aug,K_focal_aug_s1,1,12_dr,oracle,1.0,0.5,0.38905,0.60847,275484
HRF,4.0,K_focal_aug,K_focal_aug_s1,1,12_dr,oracle,1.0,1.0,0.44901,0.48895,383483
HRF,4.0,K_focal_aug,K_focal_aug_s1,1,12_dr,oracle,1.5,0.0,0.34158,0.7133,203908
HRF,4.0,K_focal_aug,K_focal_aug_s1,1,12_dr,oracle,1.5,0.25,0.40215,0.66571,237853
HRF,4.0,K_focal_aug,K_focal_aug_s1,1,12_dr,oracle,1.5,0.5,0.45211,0.59798,287444
HRF,4.0,K_focal_aug,K_focal_aug_s1,1,12_dr,oracle,1.5,1.0,0.48714,0.48108,396830
HRF,4.0,K_focal_aug,K_focal_aug_s1,1,12_dr,oracle,2.0,0.0,0.37593,0.68194,227966
HRF,4.0,K_focal_aug,K_focal_aug_s1,1,12_dr,oracle,2.0,0.25,0.43966,0.64091,257990
HRF,4.0,K_focal_aug,K_focal_aug_s1,1,12_dr,oracle,2.0,0.5,0.48788,0.57707,307233
HRF,4.0,K_focal_aug,K_focal_aug_s1,1,12_dr,oracle,2.0,1.0,0.5171,0.47339,410125
HRF,4.0,K_focal_aug,K_focal_aug_s1,1,12_g,raw,0.0,0.0,0.14891,0.8025,200508
HRF,4.0,K_focal_aug,K_focal_aug_s1,1,12_g,isotropic,0.25,0.25,0.31253,0.72267,268873
HRF,4.0,K_focal_aug,K_focal_aug_s1,1,12_g,isotropic,0.5,0.5,0.66653,0.63494,336815
HRF,4.0,K_focal_aug,K_focal_aug_s1,1,12_g,isotropic,0.75,0.75,0.71466,0.55431,414364
HRF,4.0,K_focal_aug,K_focal_aug_s1,1,12_g,isotropic,1.0,1.0,0.73811,0.4996,481013
HRF,4.0,K_focal_aug,K_focal_aug_s1,1,12_g,isotropic,1.5,1.5,0.77278,0.40981,629584
HRF,4.0,K_focal_aug,K_focal_aug_s1,1,12_g,oracle,0.0,0.25,0.14891,0.8025,200508
HRF,4.0,K_focal_aug,K_focal_aug_s1,1,12_g,oracle,0.0,0.5,0.2449,0.72349,261171
HRF,4.0,K_focal_aug,K_focal_aug_s1,1,12_g,oracle,0.0,1.0,0.64501,0.56563,397622
HRF,4.0,K_focal_aug,K_focal_aug_s1,1,12_g,oracle,0.5,0.0,0.20896,0.79268,213341
HRF,4.0,K_focal_aug,K_focal_aug_s1,1,12_g,oracle,0.5,0.25,0.31585,0.72233,269492
HRF,4.0,K_focal_aug,K_focal_aug_s1,1,12_g,oracle,0.5,0.5,0.66385,0.64059,332041
HRF,4.0,K_focal_aug,K_focal_aug_s1,1,12_g,oracle,0.5,1.0,0.70443,0.5257,445474
HRF,4.0,K_focal_aug,K_focal_aug_s1,1,12_g,oracle,1.0,0.0,0.56879,0.76361,241178
HRF,4.0,K_focal_aug,K_focal_aug_s1,1,12_g,oracle,1.0,0.25,0.65854,0.71289,279052
HRF,4.0,K_focal_aug,K_focal_aug_s1,1,12_g,oracle,1.0,0.5,0.70491,0.62757,345240
HRF,4.0,K_focal_aug,K_focal_aug_s1,1,12_g,oracle,1.0,1.0,0.73766,0.50123,478796
HRF,4.0,K_focal_aug,K_focal_aug_s1,1,12_g,oracle,1.5,0.0,0.61424,0.74645,255356
HRF,4.0,K_focal_aug,K_focal_aug_s1,1,12_g,oracle,1.5,0.25,0.70568,0.69154,296325
HRF,4.0,K_focal_aug,K_focal_aug_s1,1,12_g,oracle,1.5,0.5,0.72891,0.61505,358191
HRF,4.0,K_focal_aug,K_focal_aug_s1,1,12_g,oracle,1.5,1.0,0.75498,0.49241,492905
HRF,4.0,K_focal_aug,K_focal_aug_s1,1,12_g,oracle,2.0,0.0,0.67957,0.70478,285837
HRF,4.0,K_focal_aug,K_focal_aug_s1,1,12_g,oracle,2.0,0.25,0.73064,0.65969,321669
HRF,4.0,K_focal_aug,K_focal_aug_s1,1,12_g,oracle,2.0,0.5,0.75071,0.59078,381999
HRF,4.0,K_focal_aug,K_focal_aug_s1,1,12_g,oracle,2.0,1.0,0.77221,0.48363,507303
HRF,4.0,K_focal_aug,K_focal_aug_s1,1,12_h,raw,0.0,0.0,0.30498,0.86814,209224
HRF,4.0,K_focal_aug,K_focal_aug_s1,1,12_h,isotropic,0.25,0.25,0.37903,0.82909,274946
HRF,4.0,K_focal_aug,K_focal_aug_s1,1,12_h,isotropic,0.5,0.5,0.39164,0.75027,340236
HRF,4.0,K_focal_aug,K_focal_aug_s1,1,12_h,isotropic,0.75,0.75,0.40567,0.66705,414688
HRF,4.0,K_focal_aug,K_focal_aug_s1,1,12_h,isotropic,1.0,1.0,0.41591,0.60739,478520
HRF,4.0,K_focal_aug,K_focal_aug_s1,1,12_h,isotropic,1.5,1.5,0.42681,0.50592,621135
HRF,4.0,K_focal_aug,K_focal_aug_s1,1,12_h,oracle,0.0,0.25,0.30498,0.86814,209224
HRF,4.0,K_focal_aug,K_focal_aug_s1,1,12_h,oracle,0.0,0.5,0.34532,0.82661,266899
HRF,4.0,K_focal_aug,K_focal_aug_s1,1,12_h,oracle,0.0,1.0,0.37903,0.68414,394367
HRF,4.0,K_focal_aug,K_focal_aug_s1,1,12_h,oracle,0.5,0.0,0.34846,0.86348,223902
HRF,4.0,K_focal_aug,K_focal_aug_s1,1,12_h,oracle,0.5,0.25,0.38026,0.82822,275861
HRF,4.0,K_focal_aug,K_focal_aug_s1,1,12_h,oracle,0.5,0.5,0.39141,0.75546,335774
HRF,4.0,K_focal_aug,K_focal_aug_s1,1,12_h,oracle,0.5,1.0,0.39713,0.63954,441021
HRF,4.0,K_focal_aug,K_focal_aug_s1,1,12_h,oracle,1.0,0.0,0.38856,0.84392,254409
HRF,4.0,K_focal_aug,K_focal_aug_s1,1,12_h,oracle,1.0,0.25,0.39738,0.81142,290990
HRF,4.0,K_focal_aug,K_focal_aug_s1,1,12_h,oracle,1.0,0.5,0.41112,0.73754,352482
HRF,4.0,K_focal_aug,K_focal_aug_s1,1,12_h,oracle,1.0,1.0,0.41586,0.60904,476582
HRF,4.0,K_focal_aug,K_focal_aug_s1,1,12_h,oracle,1.5,0.0,0.39812,0.83324,268363
HRF,4.0,K_focal_aug,K_focal_aug_s1,1,12_h,oracle,1.5,0.25,0.41316,0.78577,312645
HRF,4.0,K_focal_aug,K_focal_aug_s1,1,12_h,oracle,1.5,0.5,0.41712,0.71853,370072
HRF,4.0,K_focal_aug,K_focal_aug_s1,1,12_h,oracle,1.5,1.0,0.41999,0.59571,494084
HRF,4.0,K_focal_aug,K_focal_aug_s1,1,12_h,oracle,2.0,0.0,0.41244,0.79413,301013
HRF,4.0,K_focal_aug,K_focal_aug_s1,1,12_h,oracle,2.0,0.25,0.42084,0.74992,341823
HRF,4.0,K_focal_aug,K_focal_aug_s1,1,12_h,oracle,2.0,0.5,0.42342,0.68825,398146
HRF,4.0,K_focal_aug,K_focal_aug_s1,1,12_h,oracle,2.0,1.0,0.42987,0.58112,513562
HRF,4.0,K_focal_aug,K_focal_aug_s1,1,13_dr,raw,0.0,0.0,0.06951,0.79188,152752
HRF,4.0,K_focal_aug,K_focal_aug_s1,1,13_dr,isotropic,0.25,0.25,0.28417,0.73144,202856
HRF,4.0,K_focal_aug,K_focal_aug_s1,1,13_dr,isotropic,0.5,0.5,0.43896,0.65265,252881
HRF,4.0,K_focal_aug,K_focal_aug_s1,1,13_dr,isotropic,0.75,0.75,0.5019,0.57473,310734
HRF,4.0,K_focal_aug,K_focal_aug_s1,1,13_dr,isotropic,1.0,1.0,0.51825,0.52074,360341
HRF,4.0,K_focal_aug,K_focal_aug_s1,1,13_dr,isotropic,1.5,1.5,0.56402,0.42948,472916
HRF,4.0,K_focal_aug,K_focal_aug_s1,1,13_dr,oracle,0.0,0.25,0.06951,0.79188,152752
HRF,4.0,K_focal_aug,K_focal_aug_s1,1,13_dr,oracle,0.0,0.5,0.16009,0.72828,197841
HRF,4.0,K_focal_aug,K_focal_aug_s1,1,13_dr,oracle,0.0,1.0,0.41335,0.58337,298647
HRF,4.0,K_focal_aug,K_focal_aug_s1,1,13_dr,oracle,0.5,0.0,0.19066,0.78671,162142
HRF,4.0,K_focal_aug,K_focal_aug_s1,1,13_dr,oracle,0.5,0.25,0.3123,0.73143,203298
HRF,4.0,K_focal_aug,K_focal_aug_s1,1,13_dr,oracle,0.5,0.5,0.43464,0.65855,248919
HRF,4.0,K_focal_aug,K_focal_aug_s1,1,13_dr,oracle,0.5,1.0,0.49265,0.54452,334601
HRF,4.0,K_focal_aug,K_focal_aug_s1,1,13_dr,oracle,1.0,0.0,0.30401,0.76865,182076
HRF,4.0,K_focal_aug,K_focal_aug_s1,1,13_dr,oracle,1.0,0.25,0.39658,0.72695,210019
HRF,4.0,K_focal_aug,K_focal_aug_s1,1,13_dr,oracle,1.0,0.5,0.49283,0.64753,258993
HRF,4.0,K_focal_aug,K_focal_aug_s1,1,13_dr,oracle,1.0,1.0,0.51798,0.52259,358476
HRF,4.0,K_focal_aug,K_focal_aug_s1,1,13_dr,oracle,1.5,0.0,0.35218,0.75719,192300
HRF,4.0,K_focal_aug,K_focal_aug_s1,1,13_dr,oracle,1.5,0.25,0.43915,0.71081,221821
HRF,4.0,K_focal_aug,K_focal_aug_s1,1,13_dr,oracle,1.5,0.5,0.52252,0.63885,267664
HRF,4.0,K_focal_aug,K_focal_aug_s1,1,13_dr,oracle,1.5,1.0,0.54683,0.51491,369233
HRF,4.0,K_focal_aug,K_focal_aug_s1,1,13_dr,oracle,2.0,0.0,0.41048,0.72773,212128
HRF,4.0,K_focal_aug,K_focal_aug_s1,1,13_dr,oracle,2.0,0.25,0.52657,0.68803,237740
HRF,4.0,K_focal_aug,K_focal_aug_s1,1,13_dr,oracle,2.0,0.5,0.55204,0.61916,283513
HRF,4.0,K_focal_aug,K_focal_aug_s1,1,13_dr,oracle,2.0,1.0,0.56557,0.50839,378707
HRF,4.0,K_focal_aug,K_focal_aug_s1,1,13_g,raw,0.0,0.0,0.09818,0.77518,160183
HRF,4.0,K_focal_aug,K_focal_aug_s1,1,13_g,isotropic,0.25,0.25,0.23022,0.70711,218352
HRF,4.0,K_focal_aug,K_focal_aug_s1,1,13_g,isotropic,0.5,0.5,0.27851,0.62185,276120
HRF,4.0,K_focal_aug,K_focal_aug_s1,1,13_g,isotropic,0.75,0.75,0.30193,0.54228,341356
HRF,4.0,K_focal_aug,K_focal_aug_s1,1,13_g,isotropic,1.0,1.0,0.30778,0.48798,397681
HRF,4.0,K_focal_aug,K_focal_aug_s1,1,13_g,isotropic,1.5,1.5,0.35197,0.4,522558
HRF,4.0,K_focal_aug,K_focal_aug_s1,1,13_g,oracle,0.0,0.25,0.09818,0.77518,160183
HRF,4.0,K_focal_aug,K_focal_aug_s1,1,13_g,oracle,0.0,0.5,0.18127,0.70453,212154
HRF,4.0,K_focal_aug,K_focal_aug_s1,1,13_g,oracle,0.0,1.0,0.26609,0.55144,328514
HRF,4.0,K_focal_aug,K_focal_aug_s1,1,13_g,oracle,0.5,0.0,0.12316,0.76768,171194
HRF,4.0,K_focal_aug,K_focal_aug_s1,1,13_g,oracle,0.5,0.25,0.23489,0.70688,218836
HRF,4.0,K_focal_aug,K_focal_aug_s1,1,13_g,oracle,0.5,0.5,0.27323,0.62743,271941
HRF,4.0,K_focal_aug,K_focal_aug_s1,1,13_g,oracle,0.5,1.0,0.30054,0.51384,367164
HRF,4.0,K_focal_aug,K_focal_aug_s1,1,13_g,oracle,1.0,0.0,0.21427,0.74544,194409
HRF,4.0,K_focal_aug,K_focal_aug_s1,1,13_g,oracle,1.0,0.25,0.25667,0.69936,226589
HRF,4.0,K_focal_aug,K_focal_aug_s1,1,13_g,oracle,1.0,0.5,0.29153,0.61549,282911
HRF,4.0,K_focal_aug,K_focal_aug_s1,1,13_g,oracle,1.0,1.0,0.3073,0.48975,395641
HRF,4.0,K_focal_aug,K_focal_aug_s1,1,13_g,oracle,1.5,0.0,0.23355,0.73161,205993
HRF,4.0,K_focal_aug,K_focal_aug_s1,1,13_g,oracle,1.5,0.25,0.27482,0.6803,240727
HRF,4.0,K_focal_aug,K_focal_aug_s1,1,13_g,oracle,1.5,0.5,0.29869,0.60474,293173
HRF,4.0,K_focal_aug,K_focal_aug_s1,1,13_g,oracle,1.5,1.0,0.31387,0.48207,407055
HRF,4.0,K_focal_aug,K_focal_aug_s1,1,13_g,oracle,2.0,0.0,0.26177,0.69477,230861
HRF,4.0,K_focal_aug,K_focal_aug_s1,1,13_g,oracle,2.0,0.25,0.28939,0.65153,261152
HRF,4.0,K_focal_aug,K_focal_aug_s1,1,13_g,oracle,2.0,0.5,0.30446,0.58258,312226
HRF,4.0,K_focal_aug,K_focal_aug_s1,1,13_g,oracle,2.0,1.0,0.35845,0.47476,418200
HRF,4.0,K_focal_aug,K_focal_aug_s1,1,13_h,raw,0.0,0.0,0.22733,0.85095,184484
HRF,4.0,K_focal_aug,K_focal_aug_s1,1,13_h,isotropic,0.25,0.25,0.29716,0.79598,244968
HRF,4.0,K_focal_aug,K_focal_aug_s1,1,13_h,isotropic,0.5,0.5,0.34756,0.71116,305172
HRF,4.0,K_focal_aug,K_focal_aug_s1,1,13_h,isotropic,0.75,0.75,0.35853,0.62653,374826
HRF,4.0,K_focal_aug,K_focal_aug_s1,1,13_h,isotropic,1.0,1.0,0.37932,0.56764,434644
HRF,4.0,K_focal_aug,K_focal_aug_s1,1,13_h,isotropic,1.5,1.5,0.39879,0.46813,569497
HRF,4.0,K_focal_aug,K_focal_aug_s1,1,13_h,oracle,0.0,0.25,0.22733,0.85095,184484
HRF,4.0,K_focal_aug,K_focal_aug_s1,1,13_h,oracle,0.0,0.5,0.26456,0.79498,237677
HRF,4.0,K_focal_aug,K_focal_aug_s1,1,13_h,oracle,0.0,1.0,0.33373,0.64471,354469
HRF,4.0,K_focal_aug,K_focal_aug_s1,1,13_h,oracle,0.5,0.0,0.25329,0.84096,198524
HRF,4.0,K_focal_aug,K_focal_aug_s1,1,13_h,oracle,0.5,0.25,0.30218,0.79492,245980
HRF,4.0,K_focal_aug,K_focal_aug_s1,1,13_h,oracle,0.5,0.5,0.34537,0.71653,300944
HRF,4.0,K_focal_aug,K_focal_aug_s1,1,13_h,oracle,0.5,1.0,0.35373,0.60001,398315
HRF,4.0,K_focal_aug,K_focal_aug_s1,1,13_h,oracle,1.0,0.0,0.34382,0.81258,228141
HRF,4.0,K_focal_aug,K_focal_aug_s1,1,13_h,oracle,1.0,0.25,0.35618,0.77397,261871
HRF,4.0,K_focal_aug,K_focal_aug_s1,1,13_h,oracle,1.0,0.5,0.36006,0.69637,318190
HRF,4.0,K_focal_aug,K_focal_aug_s1,1,13_h,oracle,1.0,1.0,0.37672,0.56945,432581
HRF,4.0,K_focal_aug,K_focal_aug_s1,1,13_h,oracle,1.5,0.0,0.35194,0.79762,241474
HRF,4.0,K_focal_aug,K_focal_aug_s1,1,13_h,oracle,1.5,0.25,0.3719,0.74444,283355
HRF,4.0,K_focal_aug,K_focal_aug_s1,1,13_h,oracle,1.5,0.5,0.3891,0.67551,336383
HRF,4.0,K_focal_aug,K_focal_aug_s1,1,13_h,oracle,1.5,1.0,0.39571,0.55505,450978
HRF,4.0,K_focal_aug,K_focal_aug_s1,1,13_h,oracle,2.0,0.0,0.38091,0.75646,271428
HRF,4.0,K_focal_aug,K_focal_aug_s1,1,13_h,oracle,2.0,0.25,0.39142,0.70785,310853
HRF,4.0,K_focal_aug,K_focal_aug_s1,1,13_h,oracle,2.0,0.5,0.39588,0.64431,363558
HRF,4.0,K_focal_aug,K_focal_aug_s1,1,13_h,oracle,2.0,1.0,0.39941,0.53964,471046
HRF,4.0,K_focal_aug,K_focal_aug_s1,1,14_dr,raw,0.0,0.0,0.07901,0.76164,173379
HRF,4.0,K_focal_aug,K_focal_aug_s1,1,14_dr,isotropic,0.25,0.25,0.15359,0.70329,230489
HRF,4.0,K_focal_aug,K_focal_aug_s1,1,14_dr,isotropic,0.5,0.5,0.18529,0.62929,287172
HRF,4.0,K_focal_aug,K_focal_aug_s1,1,14_dr,isotropic,0.75,0.75,0.37053,0.55737,351085
HRF,4.0,K_focal_aug,K_focal_aug_s1,1,14_dr,isotropic,1.0,1.0,0.38961,0.50635,407048
HRF,4.0,K_focal_aug,K_focal_aug_s1,1,14_dr,isotropic,1.5,1.5,0.48167,0.4222,530556
HRF,4.0,K_focal_aug,K_focal_aug_s1,1,14_dr,oracle,0.0,0.25,0.07901,0.76164,173379
HRF,4.0,K_focal_aug,K_focal_aug_s1,1,14_dr,oracle,0.0,0.5,0.11815,0.70132,224039
HRF,4.0,K_focal_aug,K_focal_aug_s1,1,14_dr,oracle,0.0,1.0,0.17259,0.56399,337037
HRF,4.0,K_focal_aug,K_focal_aug_s1,1,14_dr,oracle,0.5,0.0,0.10284,0.7561,184719
HRF,4.0,K_focal_aug,K_focal_aug_s1,1,14_dr,oracle,0.5,0.25,0.15652,0.70345,231107
HRF,4.0,K_focal_aug,K_focal_aug_s1,1,14_dr,oracle,0.5,0.5,0.18312,0.63457,282734
HRF,4.0,K_focal_aug,K_focal_aug_s1,1,14_dr,oracle,0.5,1.0,0.3692,0.5313,374375
HRF,4.0,K_focal_aug,K_focal_aug_s1,1,14_dr,oracle,1.0,0.0,0.27299,0.7383,208417
HRF,4.0,K_focal_aug,K_focal_aug_s1,1,14_dr,oracle,1.0,0.25,0.32844,0.69895,240051
HRF,4.0,K_focal_aug,K_focal_aug_s1,1,14_dr,oracle,1.0,0.5,0.36685,0.62481,294859
HRF,4.0,K_focal_aug,K_focal_aug_s1,1,14_dr,oracle,1.0,1.0,0.38918,0.50818,404842
HRF,4.0,K_focal_aug,K_focal_aug_s1,1,14_dr,oracle,1.5,0.0,0.30437,0.72833,219842
HRF,4.0,K_focal_aug,K_focal_aug_s1,1,14_dr,oracle,1.5,0.25,0.35841,0.68393,254270
HRF,4.0,K_focal_aug,K_focal_aug_s1,1,14_dr,oracle,1.5,0.5,0.38738,0.61665,306004
HRF,4.0,K_focal_aug,K_focal_aug_s1,1,14_dr,oracle,1.5,1.0,0.40448,0.50124,417858
HRF,4.0,K_focal_aug,K_focal_aug_s1,1,14_dr,oracle,2.0,0.0,0.33339,0.70076,243427
HRF,4.0,K_focal_aug,K_focal_aug_s1,1,14_dr,oracle,2.0,0.25,0.44823,0.66186,274067
HRF,4.0,K_focal_aug,K_focal_aug_s1,1,14_dr,oracle,2.0,0.5,0.46037,0.59824,324889
HRF,4.0,K_focal_aug,K_focal_aug_s1,1,14_dr,oracle,2.0,1.0,0.48363,0.4948,430418
HRF,4.0,K_focal_aug,K_focal_aug_s1,1,14_g,raw,0.0,0.0,0.09619,0.76489,160836
HRF,4.0,K_focal_aug,K_focal_aug_s1,1,14_g,isotropic,0.25,0.25,0.20314,0.71068,219220
HRF,4.0,K_focal_aug,K_focal_aug_s1,1,14_g,isotropic,0.5,0.5,0.27184,0.63206,277300
HRF,4.0,K_focal_aug,K_focal_aug_s1,1,14_g,isotropic,0.75,0.75,0.62015,0.55338,343790
HRF,4.0,K_focal_aug,K_focal_aug_s1,1,14_g,isotropic,1.0,1.0,0.66328,0.49863,400857
HRF,4.0,K_focal_aug,K_focal_aug_s1,1,14_g,isotropic,1.5,1.5,0.72121,0.40845,528196
HRF,4.0,K_focal_aug,K_focal_aug_s1,1,14_g,oracle,0.0,0.25,0.09619,0.76489,160836
HRF,4.0,K_focal_aug,K_focal_aug_s1,1,14_g,oracle,0.0,0.5,0.15067,0.70627,214204
HRF,4.0,K_focal_aug,K_focal_aug_s1,1,14_g,oracle,0.0,1.0,0.25788,0.56133,331223
HRF,4.0,K_focal_aug,K_focal_aug_s1,1,14_g,oracle,0.5,0.0,0.11799,0.76046,171637
HRF,4.0,K_focal_aug,K_focal_aug_s1,1,14_g,oracle,0.5,0.25,0.20412,0.71051,219707
HRF,4.0,K_focal_aug,K_focal_aug_s1,1,14_g,oracle,0.5,0.5,0.2553,0.63663,273297
HRF,4.0,K_focal_aug,K_focal_aug_s1,1,14_g,oracle,0.5,1.0,0.61635,0.52473,369864
HRF,4.0,K_focal_aug,K_focal_aug_s1,1,14_g,oracle,1.0,0.0,0.19558,0.74406,194470
HRF,4.0,K_focal_aug,K_focal_aug_s1,1,14_g,oracle,1.0,0.25,0.24787,0.70495,227323
HRF,4.0,K_focal_aug,K_focal_aug_s1,1,14_g,oracle,1.0,0.5,0.58362,0.62652,283978
HRF,4.0,K_focal_aug,K_focal_aug_s1,1,14_g,oracle,1.0,1.0,0.66185,0.50019,398913
HRF,4.0,K_focal_aug,K_focal_aug_s1,1,14_g,oracle,1.5,0.0,0.21827,0.73337,206161
HRF,4.0,K_focal_aug,K_focal_aug_s1,1,14_g,oracle,1.5,0.25,0.27975,0.68864,240970
HRF,4.0,K_focal_aug,K_focal_aug_s1,1,14_g,oracle,1.5,0.5,0.64478,0.61679,293916
HRF,4.0,K_focal_aug,K_focal_aug_s1,1,14_g,oracle,1.5,1.0,0.6981,0.4927,410217
HRF,4.0,K_focal_aug,K_focal_aug_s1,1,14_g,oracle,2.0,0.0,0.25386,0.70355,229414
HRF,4.0,K_focal_aug,K_focal_aug_s1,1,14_g,oracle,2.0,0.25,0.60917,0.66384,260182
HRF,4.0,K_focal_aug,K_focal_aug_s1,1,14_g,oracle,2.0,0.5,0.69244,0.59569,312651
HRF,4.0,K_focal_aug,K_focal_aug_s1,1,14_g,oracle,2.0,1.0,0.71899,0.48551,421011
HRF,4.0,K_focal_aug,K_focal_aug_s1,1,14_h,raw,0.0,0.0,0.24685,0.85628,182721
HRF,4.0,K_focal_aug,K_focal_aug_s1,1,14_h,isotropic,0.25,0.25,0.28209,0.80042,242782
HRF,4.0,K_focal_aug,K_focal_aug_s1,1,14_h,isotropic,0.5,0.5,0.33258,0.7157,302585
HRF,4.0,K_focal_aug,K_focal_aug_s1,1,14_h,isotropic,0.75,0.75,0.34417,0.63128,371226
HRF,4.0,K_focal_aug,K_focal_aug_s1,1,14_h,isotropic,1.0,1.0,0.34845,0.57201,430279
HRF,4.0,K_focal_aug,K_focal_aug_s1,1,14_h,isotropic,1.5,1.5,0.35934,0.47255,562752
HRF,4.0,K_focal_aug,K_focal_aug_s1,1,14_h,oracle,0.0,0.25,0.24685,0.85628,182721
HRF,4.0,K_focal_aug,K_focal_aug_s1,1,14_h,oracle,0.0,0.5,0.29442,0.79851,235609
HRF,4.0,K_focal_aug,K_focal_aug_s1,1,14_h,oracle,0.0,1.0,0.31486,0.64836,351204
HRF,4.0,K_focal_aug,K_focal_aug_s1,1,14_h,oracle,0.5,0.0,0.25597,0.84865,196519
HRF,4.0,K_focal_aug,K_focal_aug_s1,1,14_h,oracle,0.5,0.25,0.32042,0.79969,243632
HRF,4.0,K_focal_aug,K_focal_aug_s1,1,14_h,oracle,0.5,0.5,0.33086,0.72111,298366
HRF,4.0,K_focal_aug,K_focal_aug_s1,1,14_h,oracle,0.5,1.0,0.33709,0.6042,394751
HRF,4.0,K_focal_aug,K_focal_aug_s1,1,14_h,oracle,1.0,0.0,0.33482,0.82291,225617
HRF,4.0,K_focal_aug,K_focal_aug_s1,1,14_h,oracle,1.0,0.25,0.34017,0.78105,258810
HRF,4.0,K_focal_aug,K_focal_aug_s1,1,14_h,oracle,1.0,0.5,0.34447,0.70212,314739
HRF,4.0,K_focal_aug,K_focal_aug_s1,1,14_h,oracle,1.0,1.0,0.34826,0.5737,428343
HRF,4.0,K_focal_aug,K_focal_aug_s1,1,14_h,oracle,1.5,0.0,0.34015,0.8085,238921
HRF,4.0,K_focal_aug,K_focal_aug_s1,1,14_h,oracle,1.5,0.25,0.34486,0.75137,280646
HRF,4.0,K_focal_aug,K_focal_aug_s1,1,14_h,oracle,1.5,0.5,0.3493,0.68173,332419
HRF,4.0,K_focal_aug,K_focal_aug_s1,1,14_h,oracle,1.5,1.0,0.35273,0.56,445763
HRF,4.0,K_focal_aug,K_focal_aug_s1,1,14_h,oracle,2.0,0.0,0.39933,0.76365,270562
HRF,4.0,K_focal_aug,K_focal_aug_s1,1,14_h,oracle,2.0,0.25,0.4033,0.71256,309493
HRF,4.0,K_focal_aug,K_focal_aug_s1,1,14_h,oracle,2.0,0.5,0.41115,0.6492,360410
HRF,4.0,K_focal_aug,K_focal_aug_s1,1,14_h,oracle,2.0,1.0,0.41843,0.5448,465382
HRF,4.0,K_focal_aug,K_focal_aug_s1,1,15_dr,raw,0.0,0.0,0.08547,0.75217,165260
HRF,4.0,K_focal_aug,K_focal_aug_s1,1,15_dr,isotropic,0.25,0.25,0.28243,0.68484,217088
HRF,4.0,K_focal_aug,K_focal_aug_s1,1,15_dr,isotropic,0.5,0.5,0.33823,0.61091,268673
HRF,4.0,K_focal_aug,K_focal_aug_s1,1,15_dr,isotropic,0.75,0.75,0.38455,0.5406,327134
HRF,4.0,K_focal_aug,K_focal_aug_s1,1,15_dr,isotropic,1.0,1.0,0.39827,0.49013,378611
HRF,4.0,K_focal_aug,K_focal_aug_s1,1,15_dr,isotropic,1.5,1.5,0.4432,0.40495,493923
HRF,4.0,K_focal_aug,K_focal_aug_s1,1,15_dr,oracle,0.0,0.25,0.08547,0.75217,165260
HRF,4.0,K_focal_aug,K_focal_aug_s1,1,15_dr,oracle,0.0,0.5,0.1253,0.68966,208697
HRF,4.0,K_focal_aug,K_focal_aug_s1,1,15_dr,oracle,0.0,1.0,0.31251,0.55182,311271
HRF,4.0,K_focal_aug,K_focal_aug_s1,1,15_dr,oracle,0.5,0.0,0.11393,0.74111,176683
HRF,4.0,K_focal_aug,K_focal_aug_s1,1,15_dr,oracle,0.5,0.25,0.2856,0.68483,217678
HRF,4.0,K_focal_aug,K_focal_aug_s1,1,15_dr,oracle,0.5,0.5,0.33296,0.61601,264758
HRF,4.0,K_focal_aug,K_focal_aug_s1,1,15_dr,oracle,0.5,1.0,0.37517,0.51602,348009
HRF,4.0,K_focal_aug,K_focal_aug_s1,1,15_dr,oracle,1.0,0.0,0.28268,0.71366,200921
HRF,4.0,K_focal_aug,K_focal_aug_s1,1,15_dr,oracle,1.0,0.25,0.32062,0.67358,228636
HRF,4.0,K_focal_aug,K_focal_aug_s1,1,15_dr,oracle,1.0,0.5,0.35471,0.60219,278152
HRF,4.0,K_focal_aug,K_focal_aug_s1,1,15_dr,oracle,1.0,1.0,0.39814,0.49193,376620
HRF,4.0,K_focal_aug,K_focal_aug_s1,1,15_dr,oracle,1.5,0.0,0.30137,0.70324,210612
HRF,4.0,K_focal_aug,K_focal_aug_s1,1,15_dr,oracle,1.5,0.25,0.35254,0.65221,245051
HRF,4.0,K_focal_aug,K_focal_aug_s1,1,15_dr,oracle,1.5,0.5,0.39387,0.59045,290456
HRF,4.0,K_focal_aug,K_focal_aug_s1,1,15_dr,oracle,1.5,1.0,0.43365,0.4822,390863
HRF,4.0,K_focal_aug,K_focal_aug_s1,1,15_dr,oracle,2.0,0.0,0.33349,0.67399,232267
HRF,4.0,K_focal_aug,K_focal_aug_s1,1,15_dr,oracle,2.0,0.25,0.38777,0.62835,264185
HRF,4.0,K_focal_aug,K_focal_aug_s1,1,15_dr,oracle,2.0,0.5,0.41756,0.56989,309457
HRF,4.0,K_focal_aug,K_focal_aug_s1,1,15_dr,oracle,2.0,1.0,0.4459,0.47282,404981
HRF,4.0,K_focal_aug,K_focal_aug_s1,1,15_g,raw,0.0,0.0,0.24863,0.77948,168813
HRF,4.0,K_focal_aug,K_focal_aug_s1,1,15_g,isotropic,0.25,0.25,0.46387,0.72393,226631
HRF,4.0,K_focal_aug,K_focal_aug_s1,1,15_g,isotropic,0.5,0.5,0.57022,0.64501,284148
HRF,4.0,K_focal_aug,K_focal_aug_s1,1,15_g,isotropic,0.75,0.75,0.61561,0.56604,349916
HRF,4.0,K_focal_aug,K_focal_aug_s1,1,15_g,isotropic,1.0,1.0,0.6391,0.51084,406529
HRF,4.0,K_focal_aug,K_focal_aug_s1,1,15_g,isotropic,1.5,1.5,0.68831,0.41971,532809
HRF,4.0,K_focal_aug,K_focal_aug_s1,1,15_g,oracle,0.0,0.25,0.24863,0.77948,168813
HRF,4.0,K_focal_aug,K_focal_aug_s1,1,15_g,oracle,0.0,0.5,0.32914,0.7206,221401
HRF,4.0,K_focal_aug,K_focal_aug_s1,1,15_g,oracle,0.0,1.0,0.55592,0.5757,336704
HRF,4.0,K_focal_aug,K_focal_aug_s1,1,15_g,oracle,0.5,0.0,0.28901,0.77348,179764
HRF,4.0,K_focal_aug,K_focal_aug_s1,1,15_g,oracle,0.5,0.25,0.46548,0.72375,227120
HRF,4.0,K_focal_aug,K_focal_aug_s1,1,15_g,oracle,0.5,0.5,0.55831,0.6498,280295
HRF,4.0,K_focal_aug,K_focal_aug_s1,1,15_g,oracle,0.5,1.0,0.6145,0.53801,375246
HRF,4.0,K_focal_aug,K_focal_aug_s1,1,15_g,oracle,1.0,0.0,0.41928,0.755,202681
HRF,4.0,K_focal_aug,K_focal_aug_s1,1,15_g,oracle,1.0,0.25,0.51616,0.71645,234811
HRF,4.0,K_focal_aug,K_focal_aug_s1,1,15_g,oracle,1.0,0.5,0.60531,0.63848,291139
HRF,4.0,K_focal_aug,K_focal_aug_s1,1,15_g,oracle,1.0,1.0,0.63883,0.51248,404669
HRF,4.0,K_focal_aug,K_focal_aug_s1,1,15_g,oracle,1.5,0.0,0.46405,0.74461,213290
HRF,4.0,K_focal_aug,K_focal_aug_s1,1,15_g,oracle,1.5,0.25,0.57957,0.69956,248387
HRF,4.0,K_focal_aug,K_focal_aug_s1,1,15_g,oracle,1.5,0.5,0.63247,0.62785,301131
HRF,4.0,K_focal_aug,K_focal_aug_s1,1,15_g,oracle,1.5,1.0,0.66138,0.50411,416246
HRF,4.0,K_focal_aug,K_focal_aug_s1,1,15_g,oracle,2.0,0.0,0.52641,0.71667,235350
HRF,4.0,K_focal_aug,K_focal_aug_s1,1,15_g,oracle,2.0,0.25,0.61691,0.67562,266600
HRF,4.0,K_focal_aug,K_focal_aug_s1,1,15_g,oracle,2.0,0.5,0.65496,0.60751,318785
HRF,4.0,K_focal_aug,K_focal_aug_s1,1,15_g,oracle,2.0,1.0,0.68385,0.49639,427266
HRF,4.0,K_focal_aug,K_focal_aug_s1,1,15_h,raw,0.0,0.0,0.5322,0.86337,163711
HRF,4.0,K_focal_aug,K_focal_aug_s1,1,15_h,isotropic,0.25,0.25,0.67776,0.80642,218708
HRF,4.0,K_focal_aug,K_focal_aug_s1,1,15_h,isotropic,0.5,0.5,0.77331,0.71895,273536
HRF,4.0,K_focal_aug,K_focal_aug_s1,1,15_h,isotropic,0.75,0.75,0.80553,0.63259,336202
HRF,4.0,K_focal_aug,K_focal_aug_s1,1,15_h,isotropic,1.0,1.0,0.82838,0.57176,390655
HRF,4.0,K_focal_aug,K_focal_aug_s1,1,15_h,isotropic,1.5,1.5,0.84334,0.46961,513238
HRF,4.0,K_focal_aug,K_focal_aug_s1,1,15_h,oracle,0.0,0.25,0.5322,0.86337,163711
HRF,4.0,K_focal_aug,K_focal_aug_s1,1,15_h,oracle,0.0,0.5,0.57822,0.80532,211277
HRF,4.0,K_focal_aug,K_focal_aug_s1,1,15_h,oracle,0.0,1.0,0.73425,0.65198,317379
HRF,4.0,K_focal_aug,K_focal_aug_s1,1,15_h,oracle,0.5,0.0,0.63287,0.85475,176911
HRF,4.0,K_focal_aug,K_focal_aug_s1,1,15_h,oracle,0.5,0.25,0.68347,0.8054,219531
HRF,4.0,K_focal_aug,K_focal_aug_s1,1,15_h,oracle,0.5,0.5,0.76707,0.72417,269894
HRF,4.0,K_focal_aug,K_focal_aug_s1,1,15_h,oracle,0.5,1.0,0.78432,0.60563,357628
HRF,4.0,K_focal_aug,K_focal_aug_s1,1,15_h,oracle,1.0,0.0,0.7218,0.82737,203897
HRF,4.0,K_focal_aug,K_focal_aug_s1,1,15_h,oracle,1.0,0.25,0.7889,0.78465,233948
HRF,4.0,K_focal_aug,K_focal_aug_s1,1,15_h,oracle,1.0,0.5,0.80367,0.70359,285095
HRF,4.0,K_focal_aug,K_focal_aug_s1,1,15_h,oracle,1.0,1.0,0.8119,0.57339,389040
HRF,4.0,K_focal_aug,K_focal_aug_s1,1,15_h,oracle,1.5,0.0,0.78984,0.81268,215950
HRF,4.0,K_focal_aug,K_focal_aug_s1,1,15_h,oracle,1.5,0.25,0.80614,0.75293,254266
HRF,4.0,K_focal_aug,K_focal_aug_s1,1,15_h,oracle,1.5,0.5,0.8155,0.68137,301684
HRF,4.0,K_focal_aug,K_focal_aug_s1,1,15_h,oracle,1.5,1.0,0.83986,0.55854,405219
HRF,4.0,K_focal_aug,K_focal_aug_s1,1,15_h,oracle,2.0,0.0,0.80563,0.76468,245401
HRF,4.0,K_focal_aug,K_focal_aug_s1,1,15_h,oracle,2.0,0.25,0.82945,0.71194,280993
HRF,4.0,K_focal_aug,K_focal_aug_s1,1,15_h,oracle,2.0,0.5,0.85899,0.64759,327299
HRF,4.0,K_focal_aug,K_focal_aug_s1,1,15_h,oracle,2.0,1.0,0.8654,0.54215,423521
HRF,4.0,K_focal_aug,K_focal_aug_s2,2,11_dr,raw,0.0,0.0,0.14363,0.80889,201492
HRF,4.0,K_focal_aug,K_focal_aug_s2,2,11_dr,isotropic,0.25,0.25,0.2753,0.73919,267038
HRF,4.0,K_focal_aug,K_focal_aug_s2,2,11_dr,isotropic,0.5,0.5,0.34612,0.65501,331908
HRF,4.0,K_focal_aug,K_focal_aug_s2,2,11_dr,isotropic,0.75,0.75,0.36617,0.57393,406824
HRF,4.0,K_focal_aug,K_focal_aug_s2,2,11_dr,isotropic,1.0,1.0,0.37246,0.51925,469983
HRF,4.0,K_focal_aug,K_focal_aug_s2,2,11_dr,isotropic,1.5,1.5,0.39876,0.42772,612251
HRF,4.0,K_focal_aug,K_focal_aug_s2,2,11_dr,oracle,0.0,0.25,0.14363,0.80889,201492
HRF,4.0,K_focal_aug,K_focal_aug_s2,2,11_dr,oracle,0.0,0.5,0.20077,0.73679,261149
HRF,4.0,K_focal_aug,K_focal_aug_s2,2,11_dr,oracle,0.0,1.0,0.30244,0.58428,392203
HRF,4.0,K_focal_aug,K_focal_aug_s2,2,11_dr,oracle,0.5,0.0,0.18752,0.80079,213834
HRF,4.0,K_focal_aug,K_focal_aug_s2,2,11_dr,oracle,0.5,0.25,0.27634,0.73894,267576
HRF,4.0,K_focal_aug,K_focal_aug_s2,2,11_dr,oracle,0.5,0.5,0.3425,0.6602,327458
HRF,4.0,K_focal_aug,K_focal_aug_s2,2,11_dr,oracle,0.5,1.0,0.3629,0.54356,438410
HRF,4.0,K_focal_aug,K_focal_aug_s2,2,11_dr,oracle,1.0,0.0,0.26942,0.77679,239772
HRF,4.0,K_focal_aug,K_focal_aug_s2,2,11_dr,oracle,1.0,0.25,0.33246,0.73147,275927
HRF,4.0,K_focal_aug,K_focal_aug_s2,2,11_dr,oracle,1.0,0.5,0.35826,0.64798,339664
HRF,4.0,K_focal_aug,K_focal_aug_s2,2,11_dr,oracle,1.0,1.0,0.37227,0.52082,467946
HRF,4.0,K_focal_aug,K_focal_aug_s2,2,11_dr,oracle,1.5,0.0,0.31591,0.7623,252697
HRF,4.0,K_focal_aug,K_focal_aug_s2,2,11_dr,oracle,1.5,0.25,0.35012,0.7123,291405
HRF,4.0,K_focal_aug,K_focal_aug_s2,2,11_dr,oracle,1.5,0.5,0.37269,0.63715,350759
HRF,4.0,K_focal_aug,K_focal_aug_s2,2,11_dr,oracle,1.5,1.0,0.37882,0.51254,480630
HRF,4.0,K_focal_aug,K_focal_aug_s2,2,11_dr,oracle,2.0,0.0,0.34023,0.72695,279087
HRF,4.0,K_focal_aug,K_focal_aug_s2,2,11_dr,oracle,2.0,0.25,0.36661,0.68523,312588
HRF,4.0,K_focal_aug,K_focal_aug_s2,2,11_dr,oracle,2.0,0.5,0.37796,0.61508,371389
HRF,4.0,K_focal_aug,K_focal_aug_s2,2,11_dr,oracle,2.0,1.0,0.39811,0.5047,492722
HRF,4.0,K_focal_aug,K_focal_aug_s2,2,11_g,raw,0.0,0.0,0.10198,0.80246,180629
HRF,4.0,K_focal_aug,K_focal_aug_s2,2,11_g,isotropic,0.25,0.25,0.2688,0.73201,242472
HRF,4.0,K_focal_aug,K_focal_aug_s2,2,11_g,isotropic,0.5,0.5,0.30007,0.64641,303903
HRF,4.0,K_focal_aug,K_focal_aug_s2,2,11_g,isotropic,0.75,0.75,0.35716,0.56466,374786
HRF,4.0,K_focal_aug,K_focal_aug_s2,2,11_g,isotropic,1.0,1.0,0.72602,0.50949,434837
HRF,4.0,K_focal_aug,K_focal_aug_s2,2,11_g,isotropic,1.5,1.5,0.77628,0.4174,570399
HRF,4.0,K_focal_aug,K_focal_aug_s2,2,11_g,oracle,0.0,0.25,0.10198,0.80246,180629
HRF,4.0,K_focal_aug,K_focal_aug_s2,2,11_g,oracle,0.0,0.5,0.19914,0.73097,235869
HRF,4.0,K_focal_aug,K_focal_aug_s2,2,11_g,oracle,0.0,1.0,0.28156,0.57577,359820
HRF,4.0,K_focal_aug,K_focal_aug_s2,2,11_g,oracle,0.5,0.0,0.1805,0.79493,192165
HRF,4.0,K_focal_aug,K_focal_aug_s2,2,11_g,oracle,0.5,0.25,0.26941,0.73165,243023
HRF,4.0,K_focal_aug,K_focal_aug_s2,2,11_g,oracle,0.5,0.5,0.29806,0.65256,299253
HRF,4.0,K_focal_aug,K_focal_aug_s2,2,11_g,oracle,0.5,1.0,0.35591,0.53379,404850
HRF,4.0,K_focal_aug,K_focal_aug_s2,2,11_g,oracle,1.0,0.0,0.24939,0.77018,217167
HRF,4.0,K_focal_aug,K_focal_aug_s2,2,11_g,oracle,1.0,0.25,0.29146,0.72339,251438
HRF,4.0,K_focal_aug,K_focal_aug_s2,2,11_g,oracle,1.0,0.5,0.35234,0.63921,311509
HRF,4.0,K_focal_aug,K_focal_aug_s2,2,11_g,oracle,1.0,1.0,0.72584,0.51138,432611
HRF,4.0,K_focal_aug,K_focal_aug_s2,2,11_g,oracle,1.5,0.0,0.26844,0.75438,229962
HRF,4.0,K_focal_aug,K_focal_aug_s2,2,11_g,oracle,1.5,0.25,0.34824,0.70316,266585
HRF,4.0,K_focal_aug,K_focal_aug_s2,2,11_g,oracle,1.5,0.5,0.36872,0.62717,322782
HRF,4.0,K_focal_aug,K_focal_aug_s2,2,11_g,oracle,1.5,1.0,0.76194,0.50243,445251
HRF,4.0,K_focal_aug,K_focal_aug_s2,2,11_g,oracle,2.0,0.0,0.29334,0.71588,256461
HRF,4.0,K_focal_aug,K_focal_aug_s2,2,11_g,oracle,2.0,0.25,0.36896,0.6739,287970
HRF,4.0,K_focal_aug,K_focal_aug_s2,2,11_g,oracle,2.0,0.5,0.75437,0.60384,343274
HRF,4.0,K_focal_aug,K_focal_aug_s2,2,11_g,oracle,2.0,1.0,0.77548,0.49387,457429
HRF,4.0,K_focal_aug,K_focal_aug_s2,2,11_h,raw,0.0,0.0,0.23409,0.86318,190870
HRF,4.0,K_focal_aug,K_focal_aug_s2,2,11_h,isotropic,0.25,0.25,0.35166,0.81668,253262
HRF,4.0,K_focal_aug,K_focal_aug_s2,2,11_h,isotropic,0.5,0.5,0.36813,0.7321,315226
HRF,4.0,K_focal_aug,K_focal_aug_s2,2,11_h,isotropic,0.75,0.75,0.424,0.6458,386736
HRF,4.0,K_focal_aug,K_focal_aug_s2,2,11_h,isotropic,1.0,1.0,0.85928,0.58566,447832
HRF,4.0,K_focal_aug,K_focal_aug_s2,2,11_h,isotropic,1.5,1.5,0.87596,0.48373,585519
HRF,4.0,K_focal_aug,K_focal_aug_s2,2,11_h,oracle,0.0,0.25,0.23409,0.86318,190870
HRF,4.0,K_focal_aug,K_focal_aug_s2,2,11_h,oracle,0.0,0.5,0.3025,0.81205,246478
HRF,4.0,K_focal_aug,K_focal_aug_s2,2,11_h,oracle,0.0,1.0,0.35353,0.6633,367532
HRF,4.0,K_focal_aug,K_focal_aug_s2,2,11_h,oracle,0.5,0.0,0.26094,0.8565,205099
HRF,4.0,K_focal_aug,K_focal_aug_s2,2,11_h,oracle,0.5,0.25,0.35724,0.81577,254110
HRF,4.0,K_focal_aug,K_focal_aug_s2,2,11_h,oracle,0.5,0.5,0.36777,0.73763,310882
HRF,4.0,K_focal_aug,K_focal_aug_s2,2,11_h,oracle,0.5,1.0,0.41982,0.61787,412124
HRF,4.0,K_focal_aug,K_focal_aug_s2,2,11_h,oracle,1.0,0.0,0.40409,0.83394,234563
HRF,4.0,K_focal_aug,K_focal_aug_s2,2,11_h,oracle,1.0,0.25,0.41875,0.79663,268844
HRF,4.0,K_focal_aug,K_focal_aug_s2,2,11_h,oracle,1.0,0.5,0.42436,0.71766,327534
HRF,4.0,K_focal_aug,K_focal_aug_s2,2,11_h,oracle,1.0,1.0,0.85904,0.58744,445851
HRF,4.0,K_focal_aug,K_focal_aug_s2,2,11_h,oracle,1.5,0.0,0.41177,0.82022,247963
HRF,4.0,K_focal_aug,K_focal_aug_s2,2,11_h,oracle,1.5,0.25,0.85739,0.76798,290236
HRF,4.0,K_focal_aug,K_focal_aug_s2,2,11_h,oracle,1.5,0.5,0.86265,0.6974,344762
HRF,4.0,K_focal_aug,K_focal_aug_s2,2,11_h,oracle,1.5,1.0,0.87,0.57336,463155
HRF,4.0,K_focal_aug,K_focal_aug_s2,2,11_h,oracle,2.0,0.0,0.8518,0.77787,279522
HRF,4.0,K_focal_aug,K_focal_aug_s2,2,11_h,oracle,2.0,0.25,0.86798,0.73033,318459
HRF,4.0,K_focal_aug,K_focal_aug_s2,2,11_h,oracle,2.0,0.5,0.87262,0.66518,372358
HRF,4.0,K_focal_aug,K_focal_aug_s2,2,11_h,oracle,2.0,1.0,0.87662,0.55796,482588
HRF,4.0,K_focal_aug,K_focal_aug_s2,2,12_dr,raw,0.0,0.0,0.07432,0.75571,161786
HRF,4.0,K_focal_aug,K_focal_aug_s2,2,12_dr,isotropic,0.25,0.25,0.26017,0.69277,217852
HRF,4.0,K_focal_aug,K_focal_aug_s2,2,12_dr,isotropic,0.5,0.5,0.41473,0.61549,273770
HRF,4.0,K_focal_aug,K_focal_aug_s2,2,12_dr,isotropic,0.75,0.75,0.46639,0.5394,338665
HRF,4.0,K_focal_aug,K_focal_aug_s2,2,12_dr,isotropic,1.0,1.0,0.50411,0.48729,394159
HRF,4.0,K_focal_aug,K_focal_aug_s2,2,12_dr,isotropic,1.5,1.5,0.55327,0.40049,519554
HRF,4.0,K_focal_aug,K_focal_aug_s2,2,12_dr,oracle,0.0,0.25,0.07432,0.75571,161786
HRF,4.0,K_focal_aug,K_focal_aug_s2,2,12_dr,oracle,0.0,0.5,0.09497,0.6911,211556
HRF,4.0,K_focal_aug,K_focal_aug_s2,2,12_dr,oracle,0.0,1.0,0.38339,0.54997,322092
HRF,4.0,K_focal_aug,K_focal_aug_s2,2,12_dr,oracle,0.5,0.0,0.08792,0.74802,173337
HRF,4.0,K_focal_aug,K_focal_aug_s2,2,12_dr,oracle,0.5,0.25,0.26281,0.69266,218504
HRF,4.0,K_focal_aug,K_focal_aug_s2,2,12_dr,oracle,0.5,0.5,0.40025,0.62002,270079
HRF,4.0,K_focal_aug,K_focal_aug_s2,2,12_dr,oracle,0.5,1.0,0.45359,0.511,363922
HRF,4.0,K_focal_aug,K_focal_aug_s2,2,12_dr,oracle,1.0,0.0,0.26186,0.72487,198062
HRF,4.0,K_focal_aug,K_focal_aug_s2,2,12_dr,oracle,1.0,0.25,0.41234,0.68447,228757
HRF,4.0,K_focal_aug,K_focal_aug_s2,2,12_dr,oracle,1.0,0.5,0.45973,0.60813,282828
HRF,4.0,K_focal_aug,K_focal_aug_s2,2,12_dr,oracle,1.0,1.0,0.4984,0.48871,392404
HRF,4.0,K_focal_aug,K_focal_aug_s2,2,12_dr,oracle,1.5,0.0,0.39795,0.71213,210427
HRF,4.0,K_focal_aug,K_focal_aug_s2,2,12_dr,oracle,1.5,0.25,0.44875,0.66451,244972
HRF,4.0,K_focal_aug,K_focal_aug_s2,2,12_dr,oracle,1.5,0.5,0.48907,0.59655,295447
HRF,4.0,K_focal_aug,K_focal_aug_s2,2,12_dr,oracle,1.5,1.0,0.52488,0.48023,406209
HRF,4.0,K_focal_aug,K_focal_aug_s2,2,12_dr,oracle,2.0,0.0,0.44659,0.67872,235828
HRF,4.0,K_focal_aug,K_focal_aug_s2,2,12_dr,oracle,2.0,0.25,0.49458,0.63801,266363
HRF,4.0,K_focal_aug,K_focal_aug_s2,2,12_dr,oracle,2.0,0.5,0.53973,0.57447,316255
HRF,4.0,K_focal_aug,K_focal_aug_s2,2,12_dr,oracle,2.0,1.0,0.57961,0.4717,420130
HRF,4.0,K_focal_aug,K_focal_aug_s2,2,12_g,raw,0.0,0.0,0.14074,0.80186,200183
HRF,4.0,K_focal_aug,K_focal_aug_s2,2,12_g,isotropic,0.25,0.25,0.60511,0.72363,267837
HRF,4.0,K_focal_aug,K_focal_aug_s2,2,12_g,isotropic,0.5,0.5,0.66696,0.63648,335047
HRF,4.0,K_focal_aug,K_focal_aug_s2,2,12_g,isotropic,0.75,0.75,0.7114,0.55604,411682
HRF,4.0,K_focal_aug,K_focal_aug_s2,2,12_g,isotropic,1.0,1.0,0.7327,0.50141,477487
HRF,4.0,K_focal_aug,K_focal_aug_s2,2,12_g,isotropic,1.5,1.5,0.76829,0.41169,624072
HRF,4.0,K_focal_aug,K_focal_aug_s2,2,12_g,oracle,0.0,0.25,0.14074,0.80186,200183
HRF,4.0,K_focal_aug,K_focal_aug_s2,2,12_g,oracle,0.0,0.5,0.23034,0.72392,260371
HRF,4.0,K_focal_aug,K_focal_aug_s2,2,12_g,oracle,0.0,1.0,0.64785,0.56711,395426
HRF,4.0,K_focal_aug,K_focal_aug_s2,2,12_g,oracle,0.5,0.0,0.20212,0.79247,212842
HRF,4.0,K_focal_aug,K_focal_aug_s2,2,12_g,oracle,0.5,0.25,0.61007,0.72327,268433
HRF,4.0,K_focal_aug,K_focal_aug_s2,2,12_g,oracle,0.5,0.5,0.66244,0.64201,330328
HRF,4.0,K_focal_aug,K_focal_aug_s2,2,12_g,oracle,0.5,1.0,0.70451,0.52725,442677
HRF,4.0,K_focal_aug,K_focal_aug_s2,2,12_g,oracle,1.0,0.0,0.58347,0.76443,240195
HRF,4.0,K_focal_aug,K_focal_aug_s2,2,12_g,oracle,1.0,0.25,0.66841,0.71413,277849
HRF,4.0,K_focal_aug,K_focal_aug_s2,2,12_g,oracle,1.0,0.5,0.70184,0.62911,343249
HRF,4.0,K_focal_aug,K_focal_aug_s2,2,12_g,oracle,1.0,1.0,0.73237,0.50304,475335
HRF,4.0,K_focal_aug,K_focal_aug_s2,2,12_g,oracle,1.5,0.0,0.63756,0.7472,254332
HRF,4.0,K_focal_aug,K_focal_aug_s2,2,12_g,oracle,1.5,0.25,0.70611,0.69285,294761
HRF,4.0,K_focal_aug,K_focal_aug_s2,2,12_g,oracle,1.5,0.5,0.72705,0.6168,355852
HRF,4.0,K_focal_aug,K_focal_aug_s2,2,12_g,oracle,1.5,1.0,0.74979,0.49426,489068
HRF,4.0,K_focal_aug,K_focal_aug_s2,2,12_g,oracle,2.0,0.0,0.69317,0.70615,284232
HRF,4.0,K_focal_aug,K_focal_aug_s2,2,12_g,oracle,2.0,0.25,0.72557,0.66145,319538
HRF,4.0,K_focal_aug,K_focal_aug_s2,2,12_g,oracle,2.0,0.5,0.74899,0.59253,379321
HRF,4.0,K_focal_aug,K_focal_aug_s2,2,12_g,oracle,2.0,1.0,0.76768,0.48558,502987
HRF,4.0,K_focal_aug,K_focal_aug_s2,2,12_h,raw,0.0,0.0,0.32181,0.86915,212277
HRF,4.0,K_focal_aug,K_focal_aug_s2,2,12_h,isotropic,0.25,0.25,0.39086,0.82828,278852
HRF,4.0,K_focal_aug,K_focal_aug_s2,2,12_h,isotropic,0.5,0.5,0.40347,0.7483,344935
HRF,4.0,K_focal_aug,K_focal_aug_s2,2,12_h,isotropic,0.75,0.75,0.41651,0.66407,420753
HRF,4.0,K_focal_aug,K_focal_aug_s2,2,12_h,isotropic,1.0,1.0,0.42418,0.60432,485424
HRF,4.0,K_focal_aug,K_focal_aug_s2,2,12_h,isotropic,1.5,1.5,0.43918,0.50278,630019
HRF,4.0,K_focal_aug,K_focal_aug_s2,2,12_h,oracle,0.0,0.25,0.32181,0.86915,212277
HRF,4.0,K_focal_aug,K_focal_aug_s2,2,12_h,oracle,0.0,0.5,0.36006,0.82618,270667
HRF,4.0,K_focal_aug,K_focal_aug_s2,2,12_h,oracle,0.0,1.0,0.38791,0.6819,399817
HRF,4.0,K_focal_aug,K_focal_aug_s2,2,12_h,oracle,0.5,0.0,0.36435,0.86329,227394
HRF,4.0,K_focal_aug,K_focal_aug_s2,2,12_h,oracle,0.5,0.25,0.39301,0.82727,279840
HRF,4.0,K_focal_aug,K_focal_aug_s2,2,12_h,oracle,0.5,0.5,0.40111,0.75357,340424
HRF,4.0,K_focal_aug,K_focal_aug_s2,2,12_h,oracle,0.5,1.0,0.41197,0.63669,447344
HRF,4.0,K_focal_aug,K_focal_aug_s2,2,12_h,oracle,1.0,0.0,0.4009,0.84148,259057
HRF,4.0,K_focal_aug,K_focal_aug_s2,2,12_h,oracle,1.0,0.25,0.41092,0.80876,295755
HRF,4.0,K_focal_aug,K_focal_aug_s2,2,12_h,oracle,1.0,0.5,0.41394,0.73434,358090
HRF,4.0,K_focal_aug,K_focal_aug_s2,2,12_h,oracle,1.0,1.0,0.4241,0.60596,483455
HRF,4.0,K_focal_aug,K_focal_aug_s2,2,12_h,oracle,1.5,0.0,0.40909,0.82969,273346
HRF,4.0,K_focal_aug,K_focal_aug_s2,2,12_h,oracle,1.5,0.25,0.4205,0.78178,318373
HRF,4.0,K_focal_aug,K_focal_aug_s2,2,12_h,oracle,1.5,0.5,0.42586,0.71423,376684
HRF,4.0,K_focal_aug,K_focal_aug_s2,2,12_h,oracle,1.5,1.0,0.43425,0.59197,501848
HRF,4.0,K_focal_aug,K_focal_aug_s2,2,12_h,oracle,2.0,0.0,0.42303,0.78935,306920
HRF,4.0,K_focal_aug,K_focal_aug_s2,2,12_h,oracle,2.0,0.25,0.43239,0.74503,348491
HRF,4.0,K_focal_aug,K_focal_aug_s2,2,12_h,oracle,2.0,0.5,0.43533,0.68304,405608
HRF,4.0,K_focal_aug,K_focal_aug_s2,2,12_h,oracle,2.0,1.0,0.43961,0.57653,522395
HRF,4.0,K_focal_aug,K_focal_aug_s2,2,13_dr,raw,0.0,0.0,0.19376,0.79382,154307
HRF,4.0,K_focal_aug,K_focal_aug_s2,2,13_dr,isotropic,0.25,0.25,0.35815,0.73216,204561
HRF,4.0,K_focal_aug,K_focal_aug_s2,2,13_dr,isotropic,0.5,0.5,0.4717,0.65283,254649
HRF,4.0,K_focal_aug,K_focal_aug_s2,2,13_dr,isotropic,0.75,0.75,0.50976,0.57437,312620
HRF,4.0,K_focal_aug,K_focal_aug_s2,2,13_dr,isotropic,1.0,1.0,0.53455,0.52047,362061
HRF,4.0,K_focal_aug,K_focal_aug_s2,2,13_dr,isotropic,1.5,1.5,0.58132,0.42933,474164
HRF,4.0,K_focal_aug,K_focal_aug_s2,2,13_dr,oracle,0.0,0.25,0.19376,0.79382,154307
HRF,4.0,K_focal_aug,K_focal_aug_s2,2,13_dr,oracle,0.0,0.5,0.22445,0.72948,199582
HRF,4.0,K_focal_aug,K_focal_aug_s2,2,13_dr,oracle,0.0,1.0,0.38607,0.58368,300451
HRF,4.0,K_focal_aug,K_focal_aug_s2,2,13_dr,oracle,0.5,0.0,0.23157,0.78761,163810
HRF,4.0,K_focal_aug,K_focal_aug_s2,2,13_dr,oracle,0.5,0.25,0.35867,0.73205,205039
HRF,4.0,K_focal_aug,K_focal_aug_s2,2,13_dr,oracle,0.5,0.5,0.46325,0.65864,250745
HRF,4.0,K_focal_aug,K_focal_aug_s2,2,13_dr,oracle,0.5,1.0,0.49788,0.54415,336746
HRF,4.0,K_focal_aug,K_focal_aug_s2,2,13_dr,oracle,1.0,0.0,0.33957,0.76828,183913
HRF,4.0,K_focal_aug,K_focal_aug_s2,2,13_dr,oracle,1.0,0.25,0.40698,0.72661,211773
HRF,4.0,K_focal_aug,K_focal_aug_s2,2,13_dr,oracle,1.0,0.5,0.50511,0.64703,260816
HRF,4.0,K_focal_aug,K_focal_aug_s2,2,13_dr,oracle,1.0,1.0,0.53418,0.52224,360270
HRF,4.0,K_focal_aug,K_focal_aug_s2,2,13_dr,oracle,1.5,0.0,0.38774,0.75626,194256
HRF,4.0,K_focal_aug,K_focal_aug_s2,2,13_dr,oracle,1.5,0.25,0.44903,0.70984,223646
HRF,4.0,K_focal_aug,K_focal_aug_s2,2,13_dr,oracle,1.5,0.5,0.53629,0.63804,269434
HRF,4.0,K_focal_aug,K_focal_aug_s2,2,13_dr,oracle,1.5,1.0,0.55761,0.51442,370821
HRF,4.0,K_focal_aug,K_focal_aug_s2,2,13_dr,oracle,2.0,0.0,0.43218,0.72566,214374
HRF,4.0,K_focal_aug,K_focal_aug_s2,2,13_dr,oracle,2.0,0.25,0.52493,0.68642,239691
HRF,4.0,K_focal_aug,K_focal_aug_s2,2,13_dr,oracle,2.0,0.5,0.56272,0.61786,285388
HRF,4.0,K_focal_aug,K_focal_aug_s2,2,13_dr,oracle,2.0,1.0,0.58759,0.50783,380235
HRF,4.0,K_focal_aug,K_focal_aug_s2,2,13_g,raw,0.0,0.0,0.09591,0.7747,162701
HRF,4.0,K_focal_aug,K_focal_aug_s2,2,13_g,isotropic,0.25,0.25,0.23809,0.70525,221875
HRF,4.0,K_focal_aug,K_focal_aug_s2,2,13_g,isotropic,0.5,0.5,0.28194,0.6196,280606
HRF,4.0,K_focal_aug,K_focal_aug_s2,2,13_g,isotropic,0.75,0.75,0.33307,0.53978,347030
HRF,4.0,K_focal_aug,K_focal_aug_s2,2,13_g,isotropic,1.0,1.0,0.34658,0.4853,404395
HRF,4.0,K_focal_aug,K_focal_aug_s2,2,13_g,isotropic,1.5,1.5,0.36664,0.39711,531434
HRF,4.0,K_focal_aug,K_focal_aug_s2,2,13_g,oracle,0.0,0.25,0.09591,0.7747,162701
HRF,4.0,K_focal_aug,K_focal_aug_s2,2,13_g,oracle,0.0,0.5,0.17636,0.70335,215530
HRF,4.0,K_focal_aug,K_focal_aug_s2,2,13_g,oracle,0.0,1.0,0.27673,0.54916,333848
HRF,4.0,K_focal_aug,K_focal_aug_s2,2,13_g,oracle,0.5,0.0,0.12865,0.7668,174087
HRF,4.0,K_focal_aug,K_focal_aug_s2,2,13_g,oracle,0.5,0.25,0.23945,0.70494,222378
HRF,4.0,K_focal_aug,K_focal_aug_s2,2,13_g,oracle,0.5,0.5,0.2759,0.62515,276381
HRF,4.0,K_focal_aug,K_focal_aug_s2,2,13_g,oracle,0.5,1.0,0.30319,0.51143,373326
HRF,4.0,K_focal_aug,K_focal_aug_s2,2,13_g,oracle,1.0,0.0,0.217,0.74312,197956
HRF,4.0,K_focal_aug,K_focal_aug_s2,2,13_g,oracle,1.0,0.25,0.26401,0.6965,230580
HRF,4.0,K_focal_aug,K_focal_aug_s2,2,13_g,oracle,1.0,0.5,0.29261,0.61263,287780
HRF,4.0,K_focal_aug,K_focal_aug_s2,2,13_g,oracle,1.0,1.0,0.34535,0.48706,402315
HRF,4.0,K_focal_aug,K_focal_aug_s2,2,13_g,oracle,1.5,0.0,0.23624,0.72891,209782
HRF,4.0,K_focal_aug,K_focal_aug_s2,2,13_g,oracle,1.5,0.25,0.27821,0.67627,245440
HRF,4.0,K_focal_aug,K_focal_aug_s2,2,13_g,oracle,1.5,0.5,0.3127,0.60115,298572
HRF,4.0,K_focal_aug,K_focal_aug_s2,2,13_g,oracle,1.5,1.0,0.35147,0.47886,414173
HRF,4.0,K_focal_aug,K_focal_aug_s2,2,13_g,oracle,2.0,0.0,0.26957,0.69151,235209
HRF,4.0,K_focal_aug,K_focal_aug_s2,2,13_g,oracle,2.0,0.25,0.29809,0.64676,266592
HRF,4.0,K_focal_aug,K_focal_aug_s2,2,13_g,oracle,2.0,0.5,0.31986,0.5782,318451
HRF,4.0,K_focal_aug,K_focal_aug_s2,2,13_g,oracle,2.0,1.0,0.37297,0.47103,425971
HRF,4.0,K_focal_aug,K_focal_aug_s2,2,13_h,raw,0.0,0.0,0.24953,0.8474,189077
HRF,4.0,K_focal_aug,K_focal_aug_s2,2,13_h,isotropic,0.25,0.25,0.33858,0.7905,250658
HRF,4.0,K_focal_aug,K_focal_aug_s2,2,13_h,isotropic,0.5,0.5,0.36435,0.70514,311917
HRF,4.0,K_focal_aug,K_focal_aug_s2,2,13_h,isotropic,0.75,0.75,0.74723,0.62067,382693
HRF,4.0,K_focal_aug,K_focal_aug_s2,2,13_h,isotropic,1.0,1.0,0.78149,0.56198,443283
HRF,4.0,K_focal_aug,K_focal_aug_s2,2,13_h,isotropic,1.5,1.5,0.80527,0.46317,579780
HRF,4.0,K_focal_aug,K_focal_aug_s2,2,13_h,oracle,0.0,0.25,0.24953,0.8474,189077
HRF,4.0,K_focal_aug,K_focal_aug_s2,2,13_h,oracle,0.0,0.5,0.27227,0.79066,243021
HRF,4.0,K_focal_aug,K_focal_aug_s2,2,13_h,oracle,0.0,1.0,0.34124,0.64049,360885
HRF,4.0,K_focal_aug,K_focal_aug_s2,2,13_h,oracle,0.5,0.0,0.26184,0.83567,203957
HRF,4.0,K_focal_aug,K_focal_aug_s2,2,13_h,oracle,0.5,0.25,0.33894,0.7892,251751
HRF,4.0,K_focal_aug,K_focal_aug_s2,2,13_h,oracle,0.5,0.5,0.35461,0.71047,307692
HRF,4.0,K_focal_aug,K_focal_aug_s2,2,13_h,oracle,0.5,1.0,0.74318,0.59509,405848
HRF,4.0,K_focal_aug,K_focal_aug_s2,2,13_h,oracle,1.0,0.0,0.35202,0.80369,235422
HRF,4.0,K_focal_aug,K_focal_aug_s2,2,13_h,oracle,1.0,0.25,0.36294,0.76555,269298
HRF,4.0,K_focal_aug,K_focal_aug_s2,2,13_h,oracle,1.0,0.5,0.74391,0.68875,326140
HRF,4.0,K_focal_aug,K_focal_aug_s2,2,13_h,oracle,1.0,1.0,0.78126,0.56368,441301
HRF,4.0,K_focal_aug,K_focal_aug_s2,2,13_h,oracle,1.5,0.0,0.36206,0.7877,249326
HRF,4.0,K_focal_aug,K_focal_aug_s2,2,13_h,oracle,1.5,0.25,0.38814,0.73396,292321
HRF,4.0,K_focal_aug,K_focal_aug_s2,2,13_h,oracle,1.5,0.5,0.78934,0.66627,345666
HRF,4.0,K_focal_aug,K_focal_aug_s2,2,13_h,oracle,1.5,1.0,0.79568,0.54847,460712
HRF,4.0,K_focal_aug,K_focal_aug_s2,2,13_h,oracle,2.0,0.0,0.40457,0.74503,280607
HRF,4.0,K_focal_aug,K_focal_aug_s2,2,13_h,oracle,2.0,0.25,0.40807,0.69636,321163
HRF,4.0,K_focal_aug,K_focal_aug_s2,2,13_h,oracle,2.0,0.5,0.81919,0.63404,374340
HRF,4.0,K_focal_aug,K_focal_aug_s2,2,13_h,oracle,2.0,1.0,0.83098,0.53222,482075
HRF,4.0,K_focal_aug,K_focal_aug_s2,2,14_dr,raw,0.0,0.0,0.09736,0.76226,180110
HRF,4.0,K_focal_aug,K_focal_aug_s2,2,14_dr,isotropic,0.25,0.25,0.34045,0.70022,238964
HRF,4.0,K_focal_aug,K_focal_aug_s2,2,14_dr,isotropic,0.5,0.5,0.41449,0.62478,297348
HRF,4.0,K_focal_aug,K_focal_aug_s2,2,14_dr,isotropic,0.75,0.75,0.44389,0.55176,363491
HRF,4.0,K_focal_aug,K_focal_aug_s2,2,14_dr,isotropic,1.0,1.0,0.48056,0.50065,421014
HRF,4.0,K_focal_aug,K_focal_aug_s2,2,14_dr,isotropic,1.5,1.5,0.59969,0.41651,547881
HRF,4.0,K_focal_aug,K_focal_aug_s2,2,14_dr,oracle,0.0,0.25,0.09736,0.76226,180110
HRF,4.0,K_focal_aug,K_focal_aug_s2,2,14_dr,oracle,0.0,0.5,0.14779,0.69987,232050
HRF,4.0,K_focal_aug,K_focal_aug_s2,2,14_dr,oracle,0.0,1.0,0.39714,0.5608,347855
HRF,4.0,K_focal_aug,K_focal_aug_s2,2,14_dr,oracle,0.5,0.0,0.24476,0.75429,192378
HRF,4.0,K_focal_aug,K_focal_aug_s2,2,14_dr,oracle,0.5,0.25,0.34289,0.69988,239800
HRF,4.0,K_focal_aug,K_focal_aug_s2,2,14_dr,oracle,0.5,0.5,0.40377,0.6302,292731
HRF,4.0,K_focal_aug,K_focal_aug_s2,2,14_dr,oracle,0.5,1.0,0.43099,0.52624,387315
HRF,4.0,K_focal_aug,K_focal_aug_s2,2,14_dr,oracle,1.0,0.0,0.3331,0.7316,218143
HRF,4.0,K_focal_aug,K_focal_aug_s2,2,14_dr,oracle,1.0,0.25,0.37571,0.69155,250616
HRF,4.0,K_focal_aug,K_focal_aug_s2,2,14_dr,oracle,1.0,0.5,0.43849,0.61778,306648
HRF,4.0,K_focal_aug,K_focal_aug_s2,2,14_dr,oracle,1.0,1.0,0.48019,0.50245,418796
HRF,4.0,K_focal_aug,K_focal_aug_s2,2,14_dr,oracle,1.5,0.0,0.37404,0.71955,230737
HRF,4.0,K_focal_aug,K_focal_aug_s2,2,14_dr,oracle,1.5,0.25,0.4955,0.67323,266788
HRF,4.0,K_focal_aug,K_focal_aug_s2,2,14_dr,oracle,1.5,0.5,0.56283,0.6071,319526
HRF,4.0,K_focal_aug,K_focal_aug_s2,2,14_dr,oracle,1.5,1.0,0.58318,0.49414,433268
HRF,4.0,K_focal_aug,K_focal_aug_s2,2,14_dr,oracle,2.0,0.0,0.51665,0.68772,256560
HRF,4.0,K_focal_aug,K_focal_aug_s2,2,14_dr,oracle,2.0,0.25,0.58486,0.64792,288773
HRF,4.0,K_focal_aug,K_focal_aug_s2,2,14_dr,oracle,2.0,0.5,0.59958,0.58626,340594
HRF,4.0,K_focal_aug,K_focal_aug_s2,2,14_dr,oracle,2.0,1.0,0.62412,0.48597,447626
HRF,4.0,K_focal_aug,K_focal_aug_s2,2,14_g,raw,0.0,0.0,0.08404,0.76307,161841
HRF,4.0,K_focal_aug,K_focal_aug_s2,2,14_g,isotropic,0.25,0.25,0.22276,0.71022,220344
HRF,4.0,K_focal_aug,K_focal_aug_s2,2,14_g,isotropic,0.5,0.5,0.5526,0.63102,278466
HRF,4.0,K_focal_aug,K_focal_aug_s2,2,14_g,isotropic,0.75,0.75,0.59207,0.55199,345077
HRF,4.0,K_focal_aug,K_focal_aug_s2,2,14_g,isotropic,1.0,1.0,0.64085,0.4972,402428
HRF,4.0,K_focal_aug,K_focal_aug_s2,2,14_g,isotropic,1.5,1.5,0.66682,0.40718,530649
HRF,4.0,K_focal_aug,K_focal_aug_s2,2,14_g,oracle,0.0,0.25,0.08404,0.76307,161841
HRF,4.0,K_focal_aug,K_focal_aug_s2,2,14_g,oracle,0.0,0.5,0.13909,0.70599,214945
HRF,4.0,K_focal_aug,K_focal_aug_s2,2,14_g,oracle,0.0,1.0,0.26503,0.56129,331693
HRF,4.0,K_focal_aug,K_focal_aug_s2,2,14_g,oracle,0.5,0.0,0.11984,0.75854,172938
HRF,4.0,K_focal_aug,K_focal_aug_s2,2,14_g,oracle,0.5,0.25,0.22538,0.70986,220875
HRF,4.0,K_focal_aug,K_focal_aug_s2,2,14_g,oracle,0.5,0.5,0.26776,0.63572,274325
HRF,4.0,K_focal_aug,K_focal_aug_s2,2,14_g,oracle,0.5,1.0,0.58355,0.52369,370925
HRF,4.0,K_focal_aug,K_focal_aug_s2,2,14_g,oracle,1.0,0.0,0.19773,0.74087,196216
HRF,4.0,K_focal_aug,K_focal_aug_s2,2,14_g,oracle,1.0,0.25,0.24908,0.70258,229052
HRF,4.0,K_focal_aug,K_focal_aug_s2,2,14_g,oracle,1.0,0.5,0.58424,0.62462,285601
HRF,4.0,K_focal_aug,K_focal_aug_s2,2,14_g,oracle,1.0,1.0,0.64006,0.49889,400371
HRF,4.0,K_focal_aug,K_focal_aug_s2,2,14_g,oracle,1.5,0.0,0.2239,0.7298,208136
HRF,4.0,K_focal_aug,K_focal_aug_s2,2,14_g,oracle,1.5,0.25,0.28414,0.68524,243111
HRF,4.0,K_focal_aug,K_focal_aug_s2,2,14_g,oracle,1.5,0.5,0.62864,0.61418,296143
HRF,4.0,K_focal_aug,K_focal_aug_s2,2,14_g,oracle,1.5,1.0,0.65461,0.49085,412552
HRF,4.0,K_focal_aug,K_focal_aug_s2,2,14_g,oracle,2.0,0.0,0.25056,0.69917,232075
HRF,4.0,K_focal_aug,K_focal_aug_s2,2,14_g,oracle,2.0,0.25,0.60243,0.6598,262995
HRF,4.0,K_focal_aug,K_focal_aug_s2,2,14_g,oracle,2.0,0.5,0.64945,0.59247,315534
HRF,4.0,K_focal_aug,K_focal_aug_s2,2,14_g,oracle,2.0,1.0,0.66919,0.4833,424152
HRF,4.0,K_focal_aug,K_focal_aug_s2,2,14_h,raw,0.0,0.0,0.29317,0.85212,186009
HRF,4.0,K_focal_aug,K_focal_aug_s2,2,14_h,isotropic,0.25,0.25,0.3334,0.79493,246621
HRF,4.0,K_focal_aug,K_focal_aug_s2,2,14_h,isotropic,0.5,0.5,0.38002,0.71024,306984
HRF,4.0,K_focal_aug,K_focal_aug_s2,2,14_h,isotropic,0.75,0.75,0.39501,0.62622,376289
HRF,4.0,K_focal_aug,K_focal_aug_s2,2,14_h,isotropic,1.0,1.0,0.41172,0.56719,436037
HRF,4.0,K_focal_aug,K_focal_aug_s2,2,14_h,isotropic,1.5,1.5,0.43235,0.46807,569838
HRF,4.0,K_focal_aug,K_focal_aug_s2,2,14_h,oracle,0.0,0.25,0.29317,0.85212,186009
HRF,4.0,K_focal_aug,K_focal_aug_s2,2,14_h,oracle,0.0,0.5,0.31452,0.79358,239247
HRF,4.0,K_focal_aug,K_focal_aug_s2,2,14_h,oracle,0.0,1.0,0.36677,0.64441,355550
HRF,4.0,K_focal_aug,K_focal_aug_s2,2,14_h,oracle,0.5,0.0,0.31154,0.84309,200345
HRF,4.0,K_focal_aug,K_focal_aug_s2,2,14_h,oracle,0.5,0.25,0.33767,0.79397,247518
HRF,4.0,K_focal_aug,K_focal_aug_s2,2,14_h,oracle,0.5,0.5,0.37948,0.71574,302723
HRF,4.0,K_focal_aug,K_focal_aug_s2,2,14_h,oracle,0.5,1.0,0.38709,0.59981,399691
HRF,4.0,K_focal_aug,K_focal_aug_s2,2,14_h,oracle,1.0,0.0,0.3731,0.81465,230301
HRF,4.0,K_focal_aug,K_focal_aug_s2,2,14_h,oracle,1.0,0.25,0.38631,0.77378,263419
HRF,4.0,K_focal_aug,K_focal_aug_s2,2,14_h,oracle,1.0,0.5,0.39452,0.69562,319819
HRF,4.0,K_focal_aug,K_focal_aug_s2,2,14_h,oracle,1.0,1.0,0.41157,0.56885,434153
HRF,4.0,K_focal_aug,K_focal_aug_s2,2,14_h,oracle,1.5,0.0,0.39883,0.79942,243782
HRF,4.0,K_focal_aug,K_focal_aug_s2,2,14_h,oracle,1.5,0.25,0.40867,0.74296,286205
HRF,4.0,K_focal_aug,K_focal_aug_s2,2,14_h,oracle,1.5,0.5,0.42121,0.67416,338450
HRF,4.0,K_focal_aug,K_focal_aug_s2,2,14_h,oracle,1.5,1.0,0.42668,0.5545,452287
HRF,4.0,K_focal_aug,K_focal_aug_s2,2,14_h,oracle,2.0,0.0,0.40602,0.75369,276430
HRF,4.0,K_focal_aug,K_focal_aug_s2,2,14_h,oracle,2.0,0.25,0.4196,0.70325,315927
HRF,4.0,K_focal_aug,K_focal_aug_s2,2,14_h,oracle,2.0,0.5,0.4259,0.64112,367155
HRF,4.0,K_focal_aug,K_focal_aug_s2,2,14_h,oracle,2.0,1.0,0.43086,0.53864,472753
HRF,4.0,K_focal_aug,K_focal_aug_s2,2,15_dr,raw,0.0,0.0,0.06488,0.74485,177078
HRF,4.0,K_focal_aug,K_focal_aug_s2,2,15_dr,isotropic,0.25,0.25,0.38531,0.67362,232265
HRF,4.0,K_focal_aug,K_focal_aug_s2,2,15_dr,isotropic,0.5,0.5,0.47336,0.59796,286975
HRF,4.0,K_focal_aug,K_focal_aug_s2,2,15_dr,isotropic,0.75,0.75,0.52357,0.52648,349129
HRF,4.0,K_focal_aug,K_focal_aug_s2,2,15_dr,isotropic,1.0,1.0,0.56342,0.47631,403125
HRF,4.0,K_focal_aug,K_focal_aug_s2,2,15_dr,isotropic,1.5,1.5,0.68672,0.39212,523847
HRF,4.0,K_focal_aug,K_focal_aug_s2,2,15_dr,oracle,0.0,0.25,0.06488,0.74485,177078
HRF,4.0,K_focal_aug,K_focal_aug_s2,2,15_dr,oracle,0.0,0.5,0.31238,0.67961,223217
HRF,4.0,K_focal_aug,K_focal_aug_s2,2,15_dr,oracle,0.0,1.0,0.40515,0.54114,330921
HRF,4.0,K_focal_aug,K_focal_aug_s2,2,15_dr,oracle,0.5,0.0,0.25371,0.72948,190524
HRF,4.0,K_focal_aug,K_focal_aug_s2,2,15_dr,oracle,0.5,0.25,0.38729,0.67331,232903
HRF,4.0,K_focal_aug,K_focal_aug_s2,2,15_dr,oracle,0.5,0.5,0.46055,0.60297,283029
HRF,4.0,K_focal_aug,K_focal_aug_s2,2,15_dr,oracle,0.5,1.0,0.5316,0.50368,370227
HRF,4.0,K_focal_aug,K_focal_aug_s2,2,15_dr,oracle,1.0,0.0,0.36466,0.69501,218404
HRF,4.0,K_focal_aug,K_focal_aug_s2,2,15_dr,oracle,1.0,0.25,0.45102,0.65619,246900
HRF,4.0,K_focal_aug,K_focal_aug_s2,2,15_dr,oracle,1.0,0.5,0.49598,0.58533,298992
HRF,4.0,K_focal_aug,K_focal_aug_s2,2,15_dr,oracle,1.0,1.0,0.56327,0.478,401144
HRF,4.0,K_focal_aug,K_focal_aug_s2,2,15_dr,oracle,1.5,0.0,0.40075,0.68397,228363
HRF,4.0,K_focal_aug,K_focal_aug_s2,2,15_dr,oracle,1.5,0.25,0.50491,0.62985,266814
HRF,4.0,K_focal_aug,K_focal_aug_s2,2,15_dr,oracle,1.5,0.5,0.55853,0.56996,313655
HRF,4.0,K_focal_aug,K_focal_aug_s2,2,15_dr,oracle,1.5,1.0,0.6483,0.46616,417559
HRF,4.0,K_focal_aug,K_focal_aug_s2,2,15_dr,oracle,2.0,0.0,0.47353,0.652,251930
HRF,4.0,K_focal_aug,K_focal_aug_s2,2,15_dr,oracle,2.0,0.25,0.55468,0.60342,288140
HRF,4.0,K_focal_aug,K_focal_aug_s2,2,15_dr,oracle,2.0,0.5,0.66756,0.54667,335526
HRF,4.0,K_focal_aug,K_focal_aug_s2,2,15_dr,oracle,2.0,1.0,0.68966,0.4545,434205
HRF,4.0,K_focal_aug,K_focal_aug_s2,2,15_g,raw,0.0,0.0,0.25105,0.78151,168769
HRF,4.0,K_focal_aug,K_focal_aug_s2,2,15_g,isotropic,0.25,0.25,0.46039,0.72547,226000
HRF,4.0,K_focal_aug,K_focal_aug_s2,2,15_g,isotropic,0.5,0.5,0.58975,0.64656,282864
HRF,4.0,K_focal_aug,K_focal_aug_s2,2,15_g,isotropic,0.75,0.75,0.61948,0.56751,347944
HRF,4.0,K_focal_aug,K_focal_aug_s2,2,15_g,isotropic,1.0,1.0,0.63946,0.51232,403673
HRF,4.0,K_focal_aug,K_focal_aug_s2,2,15_g,isotropic,1.5,1.5,0.67942,0.42134,527703
HRF,4.0,K_focal_aug,K_focal_aug_s2,2,15_g,oracle,0.0,0.25,0.25105,0.78151,168769
HRF,4.0,K_focal_aug,K_focal_aug_s2,2,15_g,oracle,0.0,0.5,0.33367,0.72203,221055
HRF,4.0,K_focal_aug,K_focal_aug_s2,2,15_g,oracle,0.0,1.0,0.54992,0.57713,335228
HRF,4.0,K_focal_aug,K_focal_aug_s2,2,15_g,oracle,0.5,0.0,0.29864,0.77548,179640
HRF,4.0,K_focal_aug,K_focal_aug_s2,2,15_g,oracle,0.5,0.25,0.46324,0.72521,226488
HRF,4.0,K_focal_aug,K_focal_aug_s2,2,15_g,oracle,0.5,0.5,0.57717,0.65146,278964
HRF,4.0,K_focal_aug,K_focal_aug_s2,2,15_g,oracle,0.5,1.0,0.61974,0.53955,373147
HRF,4.0,K_focal_aug,K_focal_aug_s2,2,15_g,oracle,1.0,0.0,0.40351,0.75656,202260
HRF,4.0,K_focal_aug,K_focal_aug_s2,2,15_g,oracle,1.0,0.25,0.50625,0.71751,234166
HRF,4.0,K_focal_aug,K_focal_aug_s2,2,15_g,oracle,1.0,0.5,0.61143,0.63981,289745
HRF,4.0,K_focal_aug,K_focal_aug_s2,2,15_g,oracle,1.0,1.0,0.6391,0.51396,401813
HRF,4.0,K_focal_aug,K_focal_aug_s2,2,15_g,oracle,1.5,0.0,0.45085,0.74554,212766
HRF,4.0,K_focal_aug,K_focal_aug_s2,2,15_g,oracle,1.5,0.25,0.5724,0.70043,247488
HRF,4.0,K_focal_aug,K_focal_aug_s2,2,15_g,oracle,1.5,0.5,0.63025,0.62894,299649
HRF,4.0,K_focal_aug,K_focal_aug_s2,2,15_g,oracle,1.5,1.0,0.6652,0.50533,413175
HRF,4.0,K_focal_aug,K_focal_aug_s2,2,15_g,oracle,2.0,0.0,0.53353,0.717,234684
HRF,4.0,K_focal_aug,K_focal_aug_s2,2,15_g,oracle,2.0,0.25,0.62044,0.67628,265440
HRF,4.0,K_focal_aug,K_focal_aug_s2,2,15_g,oracle,2.0,0.5,0.65034,0.60841,316989
HRF,4.0,K_focal_aug,K_focal_aug_s2,2,15_g,oracle,2.0,1.0,0.6783,0.49759,423799
HRF,4.0,K_focal_aug,K_focal_aug_s2,2,15_h,raw,0.0,0.0,0.57029,0.86463,163255
HRF,4.0,K_focal_aug,K_focal_aug_s2,2,15_h,isotropic,0.25,0.25,0.72697,0.8087,217679
HRF,4.0,K_focal_aug,K_focal_aug_s2,2,15_h,isotropic,0.5,0.5,0.76684,0.72187,271881
HRF,4.0,K_focal_aug,K_focal_aug_s2,2,15_h,isotropic,0.75,0.75,0.79687,0.63571,333791
HRF,4.0,K_focal_aug,K_focal_aug_s2,2,15_h,isotropic,1.0,1.0,0.81536,0.57494,387436
HRF,4.0,K_focal_aug,K_focal_aug_s2,2,15_h,isotropic,1.5,1.5,0.85354,0.4728,508127
HRF,4.0,K_focal_aug,K_focal_aug_s2,2,15_h,oracle,0.0,0.25,0.57029,0.86463,163255
HRF,4.0,K_focal_aug,K_focal_aug_s2,2,15_h,oracle,0.0,0.5,0.63639,0.80714,210568
HRF,4.0,K_focal_aug,K_focal_aug_s2,2,15_h,oracle,0.0,1.0,0.71623,0.65407,316204
HRF,4.0,K_focal_aug,K_focal_aug_s2,2,15_h,oracle,0.5,0.0,0.67201,0.85679,175942
HRF,4.0,K_focal_aug,K_focal_aug_s2,2,15_h,oracle,0.5,0.25,0.74001,0.80765,218495
HRF,4.0,K_focal_aug,K_focal_aug_s2,2,15_h,oracle,0.5,0.5,0.76563,0.72716,268170
HRF,4.0,K_focal_aug,K_focal_aug_s2,2,15_h,oracle,0.5,1.0,0.78968,0.60827,355582
HRF,4.0,K_focal_aug,K_focal_aug_s2,2,15_h,oracle,1.0,0.0,0.76753,0.83106,202063
HRF,4.0,K_focal_aug,K_focal_aug_s2,2,15_h,oracle,1.0,0.25,0.80145,0.78873,231719
HRF,4.0,K_focal_aug,K_focal_aug_s2,2,15_h,oracle,1.0,0.5,0.80894,0.70744,282622
HRF,4.0,K_focal_aug,K_focal_aug_s2,2,15_h,oracle,1.0,1.0,0.81517,0.57663,385780
HRF,4.0,K_focal_aug,K_focal_aug_s2,2,15_h,oracle,1.5,0.0,0.8273,0.81608,213937
HRF,4.0,K_focal_aug,K_focal_aug_s2,2,15_h,oracle,1.5,0.25,0.83412,0.75887,250817
HRF,4.0,K_focal_aug,K_focal_aug_s2,2,15_h,oracle,1.5,0.5,0.84417,0.68645,298098
HRF,4.0,K_focal_aug,K_focal_aug_s2,2,15_h,oracle,1.5,1.0,0.84918,0.5625,400888
HRF,4.0,K_focal_aug,K_focal_aug_s2,2,15_h,oracle,2.0,0.0,0.83671,0.76908,242726
HRF,4.0,K_focal_aug,K_focal_aug_s2,2,15_h,oracle,2.0,0.25,0.84177,0.71886,276424
HRF,4.0,K_focal_aug,K_focal_aug_s2,2,15_h,oracle,2.0,0.5,0.8524,0.6537,322358
HRF,4.0,K_focal_aug,K_focal_aug_s2,2,15_h,oracle,2.0,1.0,0.85865,0.54704,417842
HRF,4.0,A_dice,A_dice_s0,0,11_dr,raw,0.0,0.0,0.11388,0.81548,189134
HRF,4.0,A_dice,A_dice_s0,0,11_dr,isotropic,0.25,0.25,0.26123,0.75434,254853
HRF,4.0,A_dice,A_dice_s0,0,11_dr,isotropic,0.5,0.5,0.3103,0.66908,320001
HRF,4.0,A_dice,A_dice_s0,0,11_dr,isotropic,0.75,0.75,0.36642,0.5849,395185
HRF,4.0,A_dice,A_dice_s0,0,11_dr,isotropic,1.0,1.0,0.37792,0.52774,458879
HRF,4.0,A_dice,A_dice_s0,0,11_dr,isotropic,1.5,1.5,0.39665,0.43247,602641
HRF,4.0,A_dice,A_dice_s0,0,11_dr,oracle,0.0,0.25,0.11388,0.81548,189134
HRF,4.0,A_dice,A_dice_s0,0,11_dr,oracle,0.0,0.5,0.16479,0.75033,249080
HRF,4.0,A_dice,A_dice_s0,0,11_dr,oracle,0.0,1.0,0.28997,0.59573,380501
HRF,4.0,A_dice,A_dice_s0,0,11_dr,oracle,0.5,0.0,0.1646,0.80986,201494
HRF,4.0,A_dice,A_dice_s0,0,11_dr,oracle,0.5,0.25,0.2616,0.75406,255405
HRF,4.0,A_dice,A_dice_s0,0,11_dr,oracle,0.5,0.5,0.3077,0.67421,315662
HRF,4.0,A_dice,A_dice_s0,0,11_dr,oracle,0.5,1.0,0.3666,0.5534,426967
HRF,4.0,A_dice,A_dice_s0,0,11_dr,oracle,1.0,0.0,0.24566,0.78892,227566
HRF,4.0,A_dice,A_dice_s0,0,11_dr,oracle,1.0,0.25,0.2949,0.74641,263634
HRF,4.0,A_dice,A_dice_s0,0,11_dr,oracle,1.0,0.5,0.34223,0.66163,327783
HRF,4.0,A_dice,A_dice_s0,0,11_dr,oracle,1.0,1.0,0.37777,0.52932,456916
HRF,4.0,A_dice,A_dice_s0,0,11_dr,oracle,1.5,0.0,0.26415,0.77635,240165
HRF,4.0,A_dice,A_dice_s0,0,11_dr,oracle,1.5,0.25,0.33423,0.727,279329
HRF,4.0,A_dice,A_dice_s0,0,11_dr,oracle,1.5,0.5,0.37202,0.64992,339038
HRF,4.0,A_dice,A_dice_s0,0,11_dr,oracle,1.5,1.0,0.38888,0.5204,469815
HRF,4.0,A_dice,A_dice_s0,0,11_dr,oracle,2.0,0.0,0.31002,0.74176,266245
HRF,4.0,A_dice,A_dice_s0,0,11_dr,oracle,2.0,0.25,0.3686,0.69917,300526
HRF,4.0,A_dice,A_dice_s0,0,11_dr,oracle,2.0,0.5,0.38687,0.62693,359821
HRF,4.0,A_dice,A_dice_s0,0,11_dr,oracle,2.0,1.0,0.39575,0.512,482155
HRF,4.0,A_dice,A_dice_s0,0,11_g,raw,0.0,0.0,0.11057,0.81609,167032
HRF,4.0,A_dice,A_dice_s0,0,11_g,isotropic,0.25,0.25,0.2455,0.75382,229217
HRF,4.0,A_dice,A_dice_s0,0,11_g,isotropic,0.5,0.5,0.32937,0.66431,291040
HRF,4.0,A_dice,A_dice_s0,0,11_g,isotropic,0.75,0.75,0.34946,0.57756,362627
HRF,4.0,A_dice,A_dice_s0,0,11_g,isotropic,1.0,1.0,0.35618,0.51945,423375
HRF,4.0,A_dice,A_dice_s0,0,11_g,isotropic,1.5,1.5,0.75903,0.42315,560908
HRF,4.0,A_dice,A_dice_s0,0,11_g,oracle,0.0,0.25,0.11057,0.81609,167032
HRF,4.0,A_dice,A_dice_s0,0,11_g,oracle,0.0,0.5,0.15456,0.74989,222700
HRF,4.0,A_dice,A_dice_s0,0,11_g,oracle,0.0,1.0,0.26551,0.58958,347648
HRF,4.0,A_dice,A_dice_s0,0,11_g,oracle,0.5,0.0,0.1362,0.81138,178589
HRF,4.0,A_dice,A_dice_s0,0,11_g,oracle,0.5,0.25,0.24787,0.75331,229808
HRF,4.0,A_dice,A_dice_s0,0,11_g,oracle,0.5,0.5,0.32309,0.67075,286329
HRF,4.0,A_dice,A_dice_s0,0,11_g,oracle,0.5,1.0,0.34776,0.54529,393046
HRF,4.0,A_dice,A_dice_s0,0,11_g,oracle,1.0,0.0,0.2106,0.7904,203649
HRF,4.0,A_dice,A_dice_s0,0,11_g,oracle,1.0,0.25,0.31558,0.74462,238132
HRF,4.0,A_dice,A_dice_s0,0,11_g,oracle,1.0,0.5,0.3442,0.65621,298855
HRF,4.0,A_dice,A_dice_s0,0,11_g,oracle,1.0,1.0,0.35607,0.52141,421142
HRF,4.0,A_dice,A_dice_s0,0,11_g,oracle,1.5,0.0,0.24238,0.77665,216293
HRF,4.0,A_dice,A_dice_s0,0,11_g,oracle,1.5,0.25,0.33337,0.7235,253463
HRF,4.0,A_dice,A_dice_s0,0,11_g,oracle,1.5,0.5,0.35478,0.64335,310239
HRF,4.0,A_dice,A_dice_s0,0,11_g,oracle,1.5,1.0,0.37595,0.51166,434277
HRF,4.0,A_dice,A_dice_s0,0,11_g,oracle,2.0,0.0,0.30681,0.73831,242404
HRF,4.0,A_dice,A_dice_s0,0,11_g,oracle,2.0,0.25,0.35544,0.69305,274842
HRF,4.0,A_dice,A_dice_s0,0,11_g,oracle,2.0,0.5,0.37081,0.61858,330937
HRF,4.0,A_dice,A_dice_s0,0,11_g,oracle,2.0,1.0,0.38144,0.5025,446788
HRF,4.0,A_dice,A_dice_s0,0,11_h,raw,0.0,0.0,0.20713,0.86521,183321
HRF,4.0,A_dice,A_dice_s0,0,11_h,isotropic,0.25,0.25,0.34142,0.8266,245768
HRF,4.0,A_dice,A_dice_s0,0,11_h,isotropic,0.5,0.5,0.4054,0.74288,307801
HRF,4.0,A_dice,A_dice_s0,0,11_h,isotropic,0.75,0.75,0.40994,0.65484,379257
HRF,4.0,A_dice,A_dice_s0,0,11_h,isotropic,1.0,1.0,0.41704,0.59305,440372
HRF,4.0,A_dice,A_dice_s0,0,11_h,isotropic,1.5,1.5,0.87408,0.48893,577940
HRF,4.0,A_dice,A_dice_s0,0,11_h,oracle,0.0,0.25,0.20713,0.86521,183321
HRF,4.0,A_dice,A_dice_s0,0,11_h,oracle,0.0,0.5,0.25749,0.82074,239153
HRF,4.0,A_dice,A_dice_s0,0,11_h,oracle,0.0,1.0,0.3825,0.67224,360563
HRF,4.0,A_dice,A_dice_s0,0,11_h,oracle,0.5,0.0,0.28393,0.86024,197502
HRF,4.0,A_dice,A_dice_s0,0,11_h,oracle,0.5,0.25,0.34369,0.82554,246677
HRF,4.0,A_dice,A_dice_s0,0,11_h,oracle,0.5,0.5,0.40275,0.7484,303509
HRF,4.0,A_dice,A_dice_s0,0,11_h,oracle,0.5,1.0,0.40822,0.62602,404974
HRF,4.0,A_dice,A_dice_s0,0,11_h,oracle,1.0,0.0,0.35056,0.84107,226625
HRF,4.0,A_dice,A_dice_s0,0,11_h,oracle,1.0,0.25,0.39969,0.80681,261142
HRF,4.0,A_dice,A_dice_s0,0,11_h,oracle,1.0,0.5,0.41364,0.72834,320024
HRF,4.0,A_dice,A_dice_s0,0,11_h,oracle,1.0,1.0,0.41696,0.59486,438408
HRF,4.0,A_dice,A_dice_s0,0,11_h,oracle,1.5,0.0,0.38963,0.82953,239774
HRF,4.0,A_dice,A_dice_s0,0,11_h,oracle,1.5,0.25,0.41126,0.77896,282304
HRF,4.0,A_dice,A_dice_s0,0,11_h,oracle,1.5,0.5,0.43282,0.7079,336949
HRF,4.0,A_dice,A_dice_s0,0,11_h,oracle,1.5,1.0,0.87074,0.58036,455757
HRF,4.0,A_dice,A_dice_s0,0,11_h,oracle,2.0,0.0,0.84947,0.78897,270664
HRF,4.0,A_dice,A_dice_s0,0,11_h,oracle,2.0,0.25,0.86593,0.74151,309952
HRF,4.0,A_dice,A_dice_s0,0,11_h,oracle,2.0,0.5,0.86973,0.67546,363957
HRF,4.0,A_dice,A_dice_s0,0,11_h,oracle,2.0,1.0,0.88046,0.56479,474745
HRF,4.0,A_dice,A_dice_s0,0,12_dr,raw,0.0,0.0,0.03266,0.7666,145815
HRF,4.0,A_dice,A_dice_s0,0,12_dr,isotropic,0.25,0.25,0.22147,0.71539,201334
HRF,4.0,A_dice,A_dice_s0,0,12_dr,isotropic,0.5,0.5,0.27872,0.63783,256758
HRF,4.0,A_dice,A_dice_s0,0,12_dr,isotropic,0.75,0.75,0.33634,0.55817,321387
HRF,4.0,A_dice,A_dice_s0,0,12_dr,isotropic,1.0,1.0,0.48334,0.50344,376505
HRF,4.0,A_dice,A_dice_s0,0,12_dr,isotropic,1.5,1.5,0.57744,0.41148,501724
HRF,4.0,A_dice,A_dice_s0,0,12_dr,oracle,0.0,0.25,0.03266,0.7666,145815
HRF,4.0,A_dice,A_dice_s0,0,12_dr,oracle,0.0,0.5,0.05562,0.71006,195485
HRF,4.0,A_dice,A_dice_s0,0,12_dr,oracle,0.0,1.0,0.25557,0.56723,306075
HRF,4.0,A_dice,A_dice_s0,0,12_dr,oracle,0.5,0.0,0.05766,0.76332,156855
HRF,4.0,A_dice,A_dice_s0,0,12_dr,oracle,0.5,0.25,0.22384,0.71534,201962
HRF,4.0,A_dice,A_dice_s0,0,12_dr,oracle,0.5,0.5,0.27555,0.64225,253226
HRF,4.0,A_dice,A_dice_s0,0,12_dr,oracle,0.5,1.0,0.3252,0.52712,347586
HRF,4.0,A_dice,A_dice_s0,0,12_dr,oracle,1.0,0.0,0.20458,0.74769,180440
HRF,4.0,A_dice,A_dice_s0,0,12_dr,oracle,1.0,0.25,0.26533,0.71012,211042
HRF,4.0,A_dice,A_dice_s0,0,12_dr,oracle,1.0,0.5,0.31517,0.63173,265106
HRF,4.0,A_dice,A_dice_s0,0,12_dr,oracle,1.0,1.0,0.48278,0.50472,374953
HRF,4.0,A_dice,A_dice_s0,0,12_dr,oracle,1.5,0.0,0.23856,0.73782,192390
HRF,4.0,A_dice,A_dice_s0,0,12_dr,oracle,1.5,0.25,0.3951,0.69243,226206
HRF,4.0,A_dice,A_dice_s0,0,12_dr,oracle,1.5,0.5,0.49473,0.6211,276588
HRF,4.0,A_dice,A_dice_s0,0,12_dr,oracle,1.5,1.0,0.53848,0.49657,387803
HRF,4.0,A_dice,A_dice_s0,0,12_dr,oracle,2.0,0.0,0.39296,0.70711,216397
HRF,4.0,A_dice,A_dice_s0,0,12_dr,oracle,2.0,0.25,0.46834,0.66688,246019
HRF,4.0,A_dice,A_dice_s0,0,12_dr,oracle,2.0,0.5,0.53981,0.59925,296035
HRF,4.0,A_dice,A_dice_s0,0,12_dr,oracle,2.0,1.0,0.57428,0.48852,400474
HRF,4.0,A_dice,A_dice_s0,0,12_g,raw,0.0,0.0,0.09183,0.81731,182957
HRF,4.0,A_dice,A_dice_s0,0,12_g,isotropic,0.25,0.25,0.52556,0.74753,250171
HRF,4.0,A_dice,A_dice_s0,0,12_g,isotropic,0.5,0.5,0.63176,0.65704,316991
HRF,4.0,A_dice,A_dice_s0,0,12_g,isotropic,0.75,0.75,0.67962,0.57215,393283
HRF,4.0,A_dice,A_dice_s0,0,12_g,isotropic,1.0,1.0,0.70574,0.51439,458927
HRF,4.0,A_dice,A_dice_s0,0,12_g,isotropic,1.5,1.5,0.75208,0.42014,605657
HRF,4.0,A_dice,A_dice_s0,0,12_g,oracle,0.0,0.25,0.09183,0.81731,182957
HRF,4.0,A_dice,A_dice_s0,0,12_g,oracle,0.0,0.5,0.18515,0.7455,242701
HRF,4.0,A_dice,A_dice_s0,0,12_g,oracle,0.0,1.0,0.58121,0.58382,377578
HRF,4.0,A_dice,A_dice_s0,0,12_g,oracle,0.5,0.0,0.15962,0.81099,195299
HRF,4.0,A_dice,A_dice_s0,0,12_g,oracle,0.5,0.25,0.5325,0.747,250774
HRF,4.0,A_dice,A_dice_s0,0,12_g,oracle,0.5,0.5,0.62302,0.66274,312356
HRF,4.0,A_dice,A_dice_s0,0,12_g,oracle,0.5,1.0,0.674,0.54158,424685
HRF,4.0,A_dice,A_dice_s0,0,12_g,oracle,1.0,0.0,0.47696,0.78727,221972
HRF,4.0,A_dice,A_dice_s0,0,12_g,oracle,1.0,0.25,0.60102,0.73792,259576
HRF,4.0,A_dice,A_dice_s0,0,12_g,oracle,1.0,0.5,0.6766,0.64937,324949
HRF,4.0,A_dice,A_dice_s0,0,12_g,oracle,1.0,1.0,0.70299,0.51605,456848
HRF,4.0,A_dice,A_dice_s0,0,12_g,oracle,1.5,0.0,0.52673,0.77228,235575
HRF,4.0,A_dice,A_dice_s0,0,12_g,oracle,1.5,0.25,0.65712,0.71669,275913
HRF,4.0,A_dice,A_dice_s0,0,12_g,oracle,1.5,0.5,0.69528,0.63634,337136
HRF,4.0,A_dice,A_dice_s0,0,12_g,oracle,1.5,1.0,0.72999,0.50685,470356
HRF,4.0,A_dice,A_dice_s0,0,12_g,oracle,2.0,0.0,0.58929,0.73167,264349
HRF,4.0,A_dice,A_dice_s0,0,12_g,oracle,2.0,0.25,0.6895,0.68483,299564
HRF,4.0,A_dice,A_dice_s0,0,12_g,oracle,2.0,0.5,0.71402,0.61141,359639
HRF,4.0,A_dice,A_dice_s0,0,12_g,oracle,2.0,1.0,0.75001,0.4978,483825
HRF,4.0,A_dice,A_dice_s0,0,12_h,raw,0.0,0.0,0.28771,0.8678,201503
HRF,4.0,A_dice,A_dice_s0,0,12_h,isotropic,0.25,0.25,0.372,0.83934,268085
HRF,4.0,A_dice,A_dice_s0,0,12_h,isotropic,0.5,0.5,0.40347,0.76038,334265
HRF,4.0,A_dice,A_dice_s0,0,12_h,isotropic,0.75,0.75,0.41561,0.67409,410075
HRF,4.0,A_dice,A_dice_s0,0,12_h,isotropic,1.0,1.0,0.42451,0.61231,474995
HRF,4.0,A_dice,A_dice_s0,0,12_h,isotropic,1.5,1.5,0.43984,0.50752,620595
HRF,4.0,A_dice,A_dice_s0,0,12_h,oracle,0.0,0.25,0.28771,0.8678,201503
HRF,4.0,A_dice,A_dice_s0,0,12_h,oracle,0.0,0.5,0.33821,0.8353,259912
HRF,4.0,A_dice,A_dice_s0,0,12_h,oracle,0.0,1.0,0.38077,0.69239,389086
HRF,4.0,A_dice,A_dice_s0,0,12_h,oracle,0.5,0.0,0.31889,0.86475,216672
HRF,4.0,A_dice,A_dice_s0,0,12_h,oracle,0.5,0.25,0.37469,0.83819,269157
HRF,4.0,A_dice,A_dice_s0,0,12_h,oracle,0.5,0.5,0.4016,0.76549,329869
HRF,4.0,A_dice,A_dice_s0,0,12_h,oracle,0.5,1.0,0.41057,0.64579,436938
HRF,4.0,A_dice,A_dice_s0,0,12_h,oracle,1.0,0.0,0.38214,0.84784,248167
HRF,4.0,A_dice,A_dice_s0,0,12_h,oracle,1.0,0.25,0.40349,0.81969,285036
HRF,4.0,A_dice,A_dice_s0,0,12_h,oracle,1.0,0.5,0.41581,0.74587,347596
HRF,4.0,A_dice,A_dice_s0,0,12_h,oracle,1.0,1.0,0.42438,0.61392,473113
HRF,4.0,A_dice,A_dice_s0,0,12_h,oracle,1.5,0.0,0.40079,0.83907,262277
HRF,4.0,A_dice,A_dice_s0,0,12_h,oracle,1.5,0.25,0.41856,0.79278,307657
HRF,4.0,A_dice,A_dice_s0,0,12_h,oracle,1.5,0.5,0.42525,0.72518,366034
HRF,4.0,A_dice,A_dice_s0,0,12_h,oracle,1.5,1.0,0.42744,0.59933,491679
HRF,4.0,A_dice,A_dice_s0,0,12_h,oracle,2.0,0.0,0.41539,0.80132,294939
HRF,4.0,A_dice,A_dice_s0,0,12_h,oracle,2.0,0.25,0.4253,0.75642,337260
HRF,4.0,A_dice,A_dice_s0,0,12_h,oracle,2.0,0.5,0.42702,0.69338,394864
HRF,4.0,A_dice,A_dice_s0,0,12_h,oracle,2.0,1.0,0.43894,0.58352,512255
HRF,4.0,A_dice,A_dice_s0,0,13_dr,raw,0.0,0.0,0.03657,0.79657,140051
HRF,4.0,A_dice,A_dice_s0,0,13_dr,isotropic,0.25,0.25,0.22236,0.74991,189317
HRF,4.0,A_dice,A_dice_s0,0,13_dr,isotropic,0.5,0.5,0.31226,0.67195,238400
HRF,4.0,A_dice,A_dice_s0,0,13_dr,isotropic,0.75,0.75,0.40421,0.59134,295397
HRF,4.0,A_dice,A_dice_s0,0,13_dr,isotropic,1.0,1.0,0.42886,0.53544,344164
HRF,4.0,A_dice,A_dice_s0,0,13_dr,isotropic,1.5,1.5,0.46942,0.44081,455072
HRF,4.0,A_dice,A_dice_s0,0,13_dr,oracle,0.0,0.25,0.03657,0.79657,140051
HRF,4.0,A_dice,A_dice_s0,0,13_dr,oracle,0.0,0.5,0.09163,0.74345,184721
HRF,4.0,A_dice,A_dice_s0,0,13_dr,oracle,0.0,1.0,0.27426,0.59931,284086
HRF,4.0,A_dice,A_dice_s0,0,13_dr,oracle,0.5,0.0,0.08602,0.79521,149314
HRF,4.0,A_dice,A_dice_s0,0,13_dr,oracle,0.5,0.25,0.22923,0.74997,189764
HRF,4.0,A_dice,A_dice_s0,0,13_dr,oracle,0.5,0.5,0.30218,0.67778,234551
HRF,4.0,A_dice,A_dice_s0,0,13_dr,oracle,0.5,1.0,0.34891,0.55933,319495
HRF,4.0,A_dice,A_dice_s0,0,13_dr,oracle,1.0,0.0,0.24821,0.78358,168446
HRF,4.0,A_dice,A_dice_s0,0,13_dr,oracle,1.0,0.25,0.33685,0.74661,195897
HRF,4.0,A_dice,A_dice_s0,0,13_dr,oracle,1.0,0.5,0.38364,0.66723,244157
HRF,4.0,A_dice,A_dice_s0,0,13_dr,oracle,1.0,1.0,0.42853,0.53726,342424
HRF,4.0,A_dice,A_dice_s0,0,13_dr,oracle,1.5,0.0,0.28364,0.77485,178232
HRF,4.0,A_dice,A_dice_s0,0,13_dr,oracle,1.5,0.25,0.37056,0.73209,207047
HRF,4.0,A_dice,A_dice_s0,0,13_dr,oracle,1.5,0.5,0.40449,0.65914,252147
HRF,4.0,A_dice,A_dice_s0,0,13_dr,oracle,1.5,1.0,0.45097,0.52979,352584
HRF,4.0,A_dice,A_dice_s0,0,13_dr,oracle,2.0,0.0,0.32403,0.74792,197182
HRF,4.0,A_dice,A_dice_s0,0,13_dr,oracle,2.0,0.25,0.46616,0.71016,222082
HRF,4.0,A_dice,A_dice_s0,0,13_dr,oracle,2.0,0.5,0.51521,0.6396,267197
HRF,4.0,A_dice,A_dice_s0,0,13_dr,oracle,2.0,1.0,0.54489,0.52372,361331
HRF,4.0,A_dice,A_dice_s0,0,13_g,raw,0.0,0.0,0.06716,0.78329,151589
HRF,4.0,A_dice,A_dice_s0,0,13_g,isotropic,0.25,0.25,0.21894,0.72147,210548
HRF,4.0,A_dice,A_dice_s0,0,13_g,isotropic,0.5,0.5,0.27792,0.63419,269165
HRF,4.0,A_dice,A_dice_s0,0,13_g,isotropic,0.75,0.75,0.30242,0.55068,335673
HRF,4.0,A_dice,A_dice_s0,0,13_g,isotropic,1.0,1.0,0.3093,0.4939,393009
HRF,4.0,A_dice,A_dice_s0,0,13_g,isotropic,1.5,1.5,0.35721,0.40237,520568
HRF,4.0,A_dice,A_dice_s0,0,13_g,oracle,0.0,0.25,0.06716,0.78329,151589
HRF,4.0,A_dice,A_dice_s0,0,13_g,oracle,0.0,0.5,0.1145,0.71767,204294
HRF,4.0,A_dice,A_dice_s0,0,13_g,oracle,0.0,1.0,0.26904,0.56078,322483
HRF,4.0,A_dice,A_dice_s0,0,13_g,oracle,0.5,0.0,0.09958,0.77763,162815
HRF,4.0,A_dice,A_dice_s0,0,13_g,oracle,0.5,0.25,0.22793,0.72101,211152
HRF,4.0,A_dice,A_dice_s0,0,13_g,oracle,0.5,0.5,0.26899,0.63977,265048
HRF,4.0,A_dice,A_dice_s0,0,13_g,oracle,0.5,1.0,0.30063,0.52119,362026
HRF,4.0,A_dice,A_dice_s0,0,13_g,oracle,1.0,0.0,0.19335,0.75791,186364
HRF,4.0,A_dice,A_dice_s0,0,13_g,oracle,1.0,0.25,0.25201,0.71256,219196
HRF,4.0,A_dice,A_dice_s0,0,13_g,oracle,1.0,0.5,0.2954,0.62675,276417
HRF,4.0,A_dice,A_dice_s0,0,13_g,oracle,1.0,1.0,0.30921,0.49568,391030
HRF,4.0,A_dice,A_dice_s0,0,13_g,oracle,1.5,0.0,0.21654,0.745,198115
HRF,4.0,A_dice,A_dice_s0,0,13_g,oracle,1.5,0.25,0.276,0.69267,233673
HRF,4.0,A_dice,A_dice_s0,0,13_g,oracle,1.5,0.5,0.30285,0.61466,286964
HRF,4.0,A_dice,A_dice_s0,0,13_g,oracle,1.5,1.0,0.31547,0.48701,402961
HRF,4.0,A_dice,A_dice_s0,0,13_g,oracle,2.0,0.0,0.26156,0.70819,223028
HRF,4.0,A_dice,A_dice_s0,0,13_g,oracle,2.0,0.25,0.29182,0.66252,254374
HRF,4.0,A_dice,A_dice_s0,0,13_g,oracle,2.0,0.5,0.31458,0.59073,306645
HRF,4.0,A_dice,A_dice_s0,0,13_g,oracle,2.0,1.0,0.3255,0.47879,414615
HRF,4.0,A_dice,A_dice_s0,0,13_h,raw,0.0,0.0,0.19481,0.84967,180031
HRF,4.0,A_dice,A_dice_s0,0,13_h,isotropic,0.25,0.25,0.30319,0.80035,242300
HRF,4.0,A_dice,A_dice_s0,0,13_h,isotropic,0.5,0.5,0.36032,0.7139,304162
HRF,4.0,A_dice,A_dice_s0,0,13_h,isotropic,0.75,0.75,0.37671,0.62679,375750
HRF,4.0,A_dice,A_dice_s0,0,13_h,isotropic,1.0,1.0,0.75674,0.56645,436956
HRF,4.0,A_dice,A_dice_s0,0,13_h,isotropic,1.5,1.5,0.7969,0.46509,575061
HRF,4.0,A_dice,A_dice_s0,0,13_h,oracle,0.0,0.25,0.19481,0.84967,180031
HRF,4.0,A_dice,A_dice_s0,0,13_h,oracle,0.0,0.5,0.22624,0.79835,234507
HRF,4.0,A_dice,A_dice_s0,0,13_h,oracle,0.0,1.0,0.34921,0.64772,353464
HRF,4.0,A_dice,A_dice_s0,0,13_h,oracle,0.5,0.0,0.23051,0.83931,195365
HRF,4.0,A_dice,A_dice_s0,0,13_h,oracle,0.5,0.25,0.30418,0.79887,243502
HRF,4.0,A_dice,A_dice_s0,0,13_h,oracle,0.5,0.5,0.35801,0.71914,300004
HRF,4.0,A_dice,A_dice_s0,0,13_h,oracle,0.5,1.0,0.36516,0.60066,399163
HRF,4.0,A_dice,A_dice_s0,0,13_h,oracle,1.0,0.0,0.31188,0.80918,227532
HRF,4.0,A_dice,A_dice_s0,0,13_h,oracle,1.0,0.25,0.33441,0.77337,261643
HRF,4.0,A_dice,A_dice_s0,0,13_h,oracle,1.0,0.5,0.37443,0.69598,319144
HRF,4.0,A_dice,A_dice_s0,0,13_h,oracle,1.0,1.0,0.75662,0.56815,435024
HRF,4.0,A_dice,A_dice_s0,0,13_h,oracle,1.5,0.0,0.33022,0.79547,241137
HRF,4.0,A_dice,A_dice_s0,0,13_h,oracle,1.5,0.25,0.75368,0.74053,285484
HRF,4.0,A_dice,A_dice_s0,0,13_h,oracle,1.5,0.5,0.77363,0.67237,339116
HRF,4.0,A_dice,A_dice_s0,0,13_h,oracle,1.5,1.0,0.78979,0.55201,455130
HRF,4.0,A_dice,A_dice_s0,0,13_h,oracle,2.0,0.0,0.38129,0.75365,272100
HRF,4.0,A_dice,A_dice_s0,0,13_h,oracle,2.0,0.25,0.78932,0.70252,314403
HRF,4.0,A_dice,A_dice_s0,0,13_h,oracle,2.0,0.5,0.79524,0.63909,368220
HRF,4.0,A_dice,A_dice_s0,0,13_h,oracle,2.0,1.0,0.8003,0.53501,477110
HRF,4.0,A_dice,A_dice_s0,0,14_dr,raw,0.0,0.0,0.05392,0.77448,161716
HRF,4.0,A_dice,A_dice_s0,0,14_dr,isotropic,0.25,0.25,0.14025,0.72443,219779
HRF,4.0,A_dice,A_dice_s0,0,14_dr,isotropic,0.5,0.5,0.41634,0.64854,277348
HRF,4.0,A_dice,A_dice_s0,0,14_dr,isotropic,0.75,0.75,0.45177,0.57216,342317
HRF,4.0,A_dice,A_dice_s0,0,14_dr,isotropic,1.0,1.0,0.4841,0.51802,398771
HRF,4.0,A_dice,A_dice_s0,0,14_dr,isotropic,1.5,1.5,0.52394,0.42941,523621
HRF,4.0,A_dice,A_dice_s0,0,14_dr,oracle,0.0,0.25,0.05392,0.77448,161716
HRF,4.0,A_dice,A_dice_s0,0,14_dr,oracle,0.0,0.5,0.10753,0.72038,213346
HRF,4.0,A_dice,A_dice_s0,0,14_dr,oracle,0.0,1.0,0.39107,0.57955,328521
HRF,4.0,A_dice,A_dice_s0,0,14_dr,oracle,0.5,0.0,0.06334,0.77132,173166
HRF,4.0,A_dice,A_dice_s0,0,14_dr,oracle,0.5,0.25,0.15986,0.72441,220463
HRF,4.0,A_dice,A_dice_s0,0,14_dr,oracle,0.5,0.5,0.41091,0.65401,272891
HRF,4.0,A_dice,A_dice_s0,0,14_dr,oracle,0.5,1.0,0.44684,0.54438,366627
HRF,4.0,A_dice,A_dice_s0,0,14_dr,oracle,1.0,0.0,0.26898,0.75662,197174
HRF,4.0,A_dice,A_dice_s0,0,14_dr,oracle,1.0,0.25,0.38754,0.71888,229242
HRF,4.0,A_dice,A_dice_s0,0,14_dr,oracle,1.0,0.5,0.45175,0.64331,285086
HRF,4.0,A_dice,A_dice_s0,0,14_dr,oracle,1.0,1.0,0.48196,0.51995,396608
HRF,4.0,A_dice,A_dice_s0,0,14_dr,oracle,1.5,0.0,0.35176,0.74696,208837
HRF,4.0,A_dice,A_dice_s0,0,14_dr,oracle,1.5,0.25,0.42136,0.70332,243409
HRF,4.0,A_dice,A_dice_s0,0,14_dr,oracle,1.5,0.5,0.47584,0.63396,295958
HRF,4.0,A_dice,A_dice_s0,0,14_dr,oracle,1.5,1.0,0.49748,0.51231,409466
HRF,4.0,A_dice,A_dice_s0,0,14_dr,oracle,2.0,0.0,0.40605,0.7184,232320
HRF,4.0,A_dice,A_dice_s0,0,14_dr,oracle,2.0,0.25,0.46564,0.67949,263063
HRF,4.0,A_dice,A_dice_s0,0,14_dr,oracle,2.0,0.5,0.502,0.61409,314639
HRF,4.0,A_dice,A_dice_s0,0,14_dr,oracle,2.0,1.0,0.52158,0.50538,421652
HRF,4.0,A_dice,A_dice_s0,0,14_g,raw,0.0,0.0,0.07005,0.7727,152679
HRF,4.0,A_dice,A_dice_s0,0,14_g,isotropic,0.25,0.25,0.21839,0.72503,212016
HRF,4.0,A_dice,A_dice_s0,0,14_g,isotropic,0.5,0.5,0.28544,0.64455,271079
HRF,4.0,A_dice,A_dice_s0,0,14_g,isotropic,0.75,0.75,0.31132,0.56238,338678
HRF,4.0,A_dice,A_dice_s0,0,14_g,isotropic,1.0,1.0,0.32801,0.50521,396828
HRF,4.0,A_dice,A_dice_s0,0,14_g,isotropic,1.5,1.5,0.71498,0.41154,527102
HRF,4.0,A_dice,A_dice_s0,0,14_g,oracle,0.0,0.25,0.07005,0.7727,152679
HRF,4.0,A_dice,A_dice_s0,0,14_g,oracle,0.0,0.5,0.13394,0.7191,206907
HRF,4.0,A_dice,A_dice_s0,0,14_g,oracle,0.0,1.0,0.27127,0.57118,325991
HRF,4.0,A_dice,A_dice_s0,0,14_g,oracle,0.5,0.0,0.11579,0.7706,163600
HRF,4.0,A_dice,A_dice_s0,0,14_g,oracle,0.5,0.25,0.21987,0.72473,212556
HRF,4.0,A_dice,A_dice_s0,0,14_g,oracle,0.5,0.5,0.27369,0.64912,267013
HRF,4.0,A_dice,A_dice_s0,0,14_g,oracle,0.5,1.0,0.30997,0.5323,365626
HRF,4.0,A_dice,A_dice_s0,0,14_g,oracle,1.0,0.0,0.18564,0.75698,186593
HRF,4.0,A_dice,A_dice_s0,0,14_g,oracle,1.0,0.25,0.24414,0.71865,220101
HRF,4.0,A_dice,A_dice_s0,0,14_g,oracle,1.0,0.5,0.304,0.6385,277851
HRF,4.0,A_dice,A_dice_s0,0,14_g,oracle,1.0,1.0,0.32787,0.50685,394879
HRF,4.0,A_dice,A_dice_s0,0,14_g,oracle,1.5,0.0,0.21882,0.74742,198327
HRF,4.0,A_dice,A_dice_s0,0,14_g,oracle,1.5,0.25,0.26946,0.70242,233749
HRF,4.0,A_dice,A_dice_s0,0,14_g,oracle,1.5,0.5,0.31921,0.6282,287924
HRF,4.0,A_dice,A_dice_s0,0,14_g,oracle,1.5,1.0,0.67812,0.49884,406594
HRF,4.0,A_dice,A_dice_s0,0,14_g,oracle,2.0,0.0,0.25357,0.71764,221693
HRF,4.0,A_dice,A_dice_s0,0,14_g,oracle,2.0,0.25,0.30192,0.67702,253001
HRF,4.0,A_dice,A_dice_s0,0,14_g,oracle,2.0,0.5,0.68122,0.60618,306676
HRF,4.0,A_dice,A_dice_s0,0,14_g,oracle,2.0,1.0,0.73056,0.4913,417575
HRF,4.0,A_dice,A_dice_s0,0,14_h,raw,0.0,0.0,0.21632,0.85195,176204
HRF,4.0,A_dice,A_dice_s0,0,14_h,isotropic,0.25,0.25,0.32979,0.80873,236892
HRF,4.0,A_dice,A_dice_s0,0,14_h,isotropic,0.5,0.5,0.38351,0.72473,297308
HRF,4.0,A_dice,A_dice_s0,0,14_h,isotropic,0.75,0.75,0.39412,0.6382,366695
HRF,4.0,A_dice,A_dice_s0,0,14_h,isotropic,1.0,1.0,0.40567,0.57719,426441
HRF,4.0,A_dice,A_dice_s0,0,14_h,isotropic,1.5,1.5,0.41744,0.47457,560896
HRF,4.0,A_dice,A_dice_s0,0,14_h,oracle,0.0,0.25,0.21632,0.85195,176204
HRF,4.0,A_dice,A_dice_s0,0,14_h,oracle,0.0,0.5,0.23009,0.80441,229838
HRF,4.0,A_dice,A_dice_s0,0,14_h,oracle,0.0,1.0,0.3373,0.65588,346609
HRF,4.0,A_dice,A_dice_s0,0,14_h,oracle,0.5,0.0,0.27544,0.84664,190356
HRF,4.0,A_dice,A_dice_s0,0,14_h,oracle,0.5,0.25,0.33311,0.80777,237836
HRF,4.0,A_dice,A_dice_s0,0,14_h,oracle,0.5,0.5,0.38157,0.73017,293121
HRF,4.0,A_dice,A_dice_s0,0,14_h,oracle,0.5,1.0,0.38894,0.61044,390601
HRF,4.0,A_dice,A_dice_s0,0,14_h,oracle,1.0,0.0,0.31539,0.8248,219983
HRF,4.0,A_dice,A_dice_s0,0,14_h,oracle,1.0,0.25,0.38868,0.78841,253191
HRF,4.0,A_dice,A_dice_s0,0,14_h,oracle,1.0,0.5,0.39508,0.70994,310011
HRF,4.0,A_dice,A_dice_s0,0,14_h,oracle,1.0,1.0,0.40558,0.57889,424598
HRF,4.0,A_dice,A_dice_s0,0,14_h,oracle,1.5,0.0,0.38995,0.81263,233140
HRF,4.0,A_dice,A_dice_s0,0,14_h,oracle,1.5,0.25,0.39627,0.75882,275498
HRF,4.0,A_dice,A_dice_s0,0,14_h,oracle,1.5,0.5,0.40477,0.68862,327996
HRF,4.0,A_dice,A_dice_s0,0,14_h,oracle,1.5,1.0,0.41392,0.56404,442500
HRF,4.0,A_dice,A_dice_s0,0,14_h,oracle,2.0,0.0,0.39696,0.76994,264661
HRF,4.0,A_dice,A_dice_s0,0,14_h,oracle,2.0,0.25,0.40886,0.71972,304152
HRF,4.0,A_dice,A_dice_s0,0,14_h,oracle,2.0,0.5,0.41602,0.65508,356031
HRF,4.0,A_dice,A_dice_s0,0,14_h,oracle,2.0,1.0,0.42121,0.54791,462508
HRF,4.0,A_dice,A_dice_s0,0,15_dr,raw,0.0,0.0,0.06147,0.75882,161447
HRF,4.0,A_dice,A_dice_s0,0,15_dr,isotropic,0.25,0.25,0.20516,0.69611,214907
HRF,4.0,A_dice,A_dice_s0,0,15_dr,isotropic,0.5,0.5,0.46037,0.6202,268019
HRF,4.0,A_dice,A_dice_s0,0,15_dr,isotropic,0.75,0.75,0.51796,0.54624,328313
HRF,4.0,A_dice,A_dice_s0,0,15_dr,isotropic,1.0,1.0,0.5857,0.49385,381047
HRF,4.0,A_dice,A_dice_s0,0,15_dr,isotropic,1.5,1.5,0.65939,0.40552,499215
HRF,4.0,A_dice,A_dice_s0,0,15_dr,oracle,0.0,0.25,0.06147,0.75882,161447
HRF,4.0,A_dice,A_dice_s0,0,15_dr,oracle,0.0,0.5,0.0779,0.69929,206322
HRF,4.0,A_dice,A_dice_s0,0,15_dr,oracle,0.0,1.0,0.29571,0.55908,311639
HRF,4.0,A_dice,A_dice_s0,0,15_dr,oracle,0.5,0.0,0.06908,0.74754,173714
HRF,4.0,A_dice,A_dice_s0,0,15_dr,oracle,0.5,0.25,0.21201,0.6959,215571
HRF,4.0,A_dice,A_dice_s0,0,15_dr,oracle,0.5,0.5,0.41863,0.62545,264169
HRF,4.0,A_dice,A_dice_s0,0,15_dr,oracle,0.5,1.0,0.50108,0.52135,349590
HRF,4.0,A_dice,A_dice_s0,0,15_dr,oracle,1.0,0.0,0.28874,0.7199,199570
HRF,4.0,A_dice,A_dice_s0,0,15_dr,oracle,1.0,0.25,0.39115,0.68155,227908
HRF,4.0,A_dice,A_dice_s0,0,15_dr,oracle,1.0,0.5,0.49696,0.60896,278759
HRF,4.0,A_dice,A_dice_s0,0,15_dr,oracle,1.0,1.0,0.5857,0.49568,379115
HRF,4.0,A_dice,A_dice_s0,0,15_dr,oracle,1.5,0.0,0.37388,0.71023,209256
HRF,4.0,A_dice,A_dice_s0,0,15_dr,oracle,1.5,0.25,0.50404,0.65716,245772
HRF,4.0,A_dice,A_dice_s0,0,15_dr,oracle,1.5,0.5,0.58294,0.59476,291895
HRF,4.0,A_dice,A_dice_s0,0,15_dr,oracle,1.5,1.0,0.62939,0.48414,394478
HRF,4.0,A_dice,A_dice_s0,0,15_dr,oracle,2.0,0.0,0.41554,0.68007,231368
HRF,4.0,A_dice,A_dice_s0,0,15_dr,oracle,2.0,0.25,0.56682,0.63127,265739
HRF,4.0,A_dice,A_dice_s0,0,15_dr,oracle,2.0,0.5,0.61711,0.57177,311987
HRF,4.0,A_dice,A_dice_s0,0,15_dr,oracle,2.0,1.0,0.65929,0.4731,409449
HRF,4.0,A_dice,A_dice_s0,0,15_g,raw,0.0,0.0,0.21262,0.78973,157427
HRF,4.0,A_dice,A_dice_s0,0,15_g,isotropic,0.25,0.25,0.41273,0.74164,215133
HRF,4.0,A_dice,A_dice_s0,0,15_g,isotropic,0.5,0.5,0.55478,0.66244,272526
HRF,4.0,A_dice,A_dice_s0,0,15_g,isotropic,0.75,0.75,0.6177,0.58046,338153
HRF,4.0,A_dice,A_dice_s0,0,15_g,isotropic,1.0,1.0,0.63698,0.52286,394426
HRF,4.0,A_dice,A_dice_s0,0,15_g,isotropic,1.5,1.5,0.68504,0.42788,520183
HRF,4.0,A_dice,A_dice_s0,0,15_g,oracle,0.0,0.25,0.21262,0.78973,157427
HRF,4.0,A_dice,A_dice_s0,0,15_g,oracle,0.0,0.5,0.28302,0.73585,210169
HRF,4.0,A_dice,A_dice_s0,0,15_g,oracle,0.0,1.0,0.51232,0.58987,325800
HRF,4.0,A_dice,A_dice_s0,0,15_g,oracle,0.5,0.0,0.24416,0.78625,168213
HRF,4.0,A_dice,A_dice_s0,0,15_g,oracle,0.5,0.25,0.42266,0.74132,215627
HRF,4.0,A_dice,A_dice_s0,0,15_g,oracle,0.5,0.5,0.5384,0.66734,268693
HRF,4.0,A_dice,A_dice_s0,0,15_g,oracle,0.5,1.0,0.61115,0.55058,364208
HRF,4.0,A_dice,A_dice_s0,0,15_g,oracle,1.0,0.0,0.34108,0.77174,190736
HRF,4.0,A_dice,A_dice_s0,0,15_g,oracle,1.0,0.25,0.47097,0.7346,222919
HRF,4.0,A_dice,A_dice_s0,0,15_g,oracle,1.0,0.5,0.58521,0.65602,279251
HRF,4.0,A_dice,A_dice_s0,0,15_g,oracle,1.0,1.0,0.63676,0.52449,392667
HRF,4.0,A_dice,A_dice_s0,0,15_g,oracle,1.5,0.0,0.39233,0.76267,201165
HRF,4.0,A_dice,A_dice_s0,0,15_g,oracle,1.5,0.25,0.53535,0.71843,235974
HRF,4.0,A_dice,A_dice_s0,0,15_g,oracle,1.5,0.5,0.61489,0.64531,288789
HRF,4.0,A_dice,A_dice_s0,0,15_g,oracle,1.5,1.0,0.65712,0.51595,403838
HRF,4.0,A_dice,A_dice_s0,0,15_g,oracle,2.0,0.0,0.47611,0.73561,222721
HRF,4.0,A_dice,A_dice_s0,0,15_g,oracle,2.0,0.25,0.57909,0.69491,253531
HRF,4.0,A_dice,A_dice_s0,0,15_g,oracle,2.0,0.5,0.64193,0.62455,305866
HRF,4.0,A_dice,A_dice_s0,0,15_g,oracle,2.0,1.0,0.67248,0.50796,414247
HRF,4.0,A_dice,A_dice_s0,0,15_h,raw,0.0,0.0,0.42765,0.85623,151276
HRF,4.0,A_dice,A_dice_s0,0,15_h,isotropic,0.25,0.25,0.66315,0.82237,206164
HRF,4.0,A_dice,A_dice_s0,0,15_h,isotropic,0.5,0.5,0.73702,0.7372,260874
HRF,4.0,A_dice,A_dice_s0,0,15_h,isotropic,0.75,0.75,0.79185,0.64825,323553
HRF,4.0,A_dice,A_dice_s0,0,15_h,isotropic,1.0,1.0,0.82122,0.5848,377870
HRF,4.0,A_dice,A_dice_s0,0,15_h,isotropic,1.5,1.5,0.86088,0.47841,500382
HRF,4.0,A_dice,A_dice_s0,0,15_h,oracle,0.0,0.25,0.42765,0.85623,151276
HRF,4.0,A_dice,A_dice_s0,0,15_h,oracle,0.0,0.5,0.53341,0.81706,198852
HRF,4.0,A_dice,A_dice_s0,0,15_h,oracle,0.0,1.0,0.67199,0.66774,305033
HRF,4.0,A_dice,A_dice_s0,0,15_h,oracle,0.5,0.0,0.56418,0.85288,164289
HRF,4.0,A_dice,A_dice_s0,0,15_h,oracle,0.5,0.25,0.6696,0.82118,207055
HRF,4.0,A_dice,A_dice_s0,0,15_h,oracle,0.5,0.5,0.73453,0.7424,257147
HRF,4.0,A_dice,A_dice_s0,0,15_h,oracle,0.5,1.0,0.7746,0.62,345265
HRF,4.0,A_dice,A_dice_s0,0,15_h,oracle,1.0,0.0,0.71378,0.83438,191360
HRF,4.0,A_dice,A_dice_s0,0,15_h,oracle,1.0,0.25,0.78364,0.80075,221113
HRF,4.0,A_dice,A_dice_s0,0,15_h,oracle,1.0,0.5,0.79876,0.72134,272459
HRF,4.0,A_dice,A_dice_s0,0,15_h,oracle,1.0,1.0,0.82109,0.58655,376217
HRF,4.0,A_dice,A_dice_s0,0,15_h,oracle,1.5,0.0,0.77812,0.82378,203216
HRF,4.0,A_dice,A_dice_s0,0,15_h,oracle,1.5,0.25,0.80382,0.77074,241049
HRF,4.0,A_dice,A_dice_s0,0,15_h,oracle,1.5,0.5,0.83169,0.6991,288624
HRF,4.0,A_dice,A_dice_s0,0,15_h,oracle,1.5,1.0,0.84232,0.57109,392212
HRF,4.0,A_dice,A_dice_s0,0,15_h,oracle,2.0,0.0,0.80798,0.78016,231986
HRF,4.0,A_dice,A_dice_s0,0,15_h,oracle,2.0,0.25,0.82674,0.73105,266891
HRF,4.0,A_dice,A_dice_s0,0,15_h,oracle,2.0,0.5,0.8386,0.66493,313628
HRF,4.0,A_dice,A_dice_s0,0,15_h,oracle,2.0,1.0,0.84586,0.55441,410122
HRF,4.0,A_dice,A_dice_s1,1,11_dr,raw,0.0,0.0,0.15244,0.81586,196083
HRF,4.0,A_dice,A_dice_s1,1,11_dr,isotropic,0.25,0.25,0.28898,0.74783,262666
HRF,4.0,A_dice,A_dice_s1,1,11_dr,isotropic,0.5,0.5,0.33463,0.66201,328586
HRF,4.0,A_dice,A_dice_s1,1,11_dr,isotropic,0.75,0.75,0.38,0.57855,404833
HRF,4.0,A_dice,A_dice_s1,1,11_dr,isotropic,1.0,1.0,0.38847,0.52219,469160
HRF,4.0,A_dice,A_dice_s1,1,11_dr,isotropic,1.5,1.5,0.40659,0.42814,614283
HRF,4.0,A_dice,A_dice_s1,1,11_dr,oracle,0.0,0.25,0.15244,0.81586,196083
HRF,4.0,A_dice,A_dice_s1,1,11_dr,oracle,0.0,0.5,0.23471,0.74454,256902
HRF,4.0,A_dice,A_dice_s1,1,11_dr,oracle,0.0,1.0,0.30919,0.58947,390050
HRF,4.0,A_dice,A_dice_s1,1,11_dr,oracle,0.5,0.0,0.20246,0.80821,208529
HRF,4.0,A_dice,A_dice_s1,1,11_dr,oracle,0.5,0.25,0.29074,0.7476,263190
HRF,4.0,A_dice,A_dice_s1,1,11_dr,oracle,0.5,0.5,0.33093,0.66716,324176
HRF,4.0,A_dice,A_dice_s1,1,11_dr,oracle,0.5,1.0,0.37114,0.54727,437330
HRF,4.0,A_dice,A_dice_s1,1,11_dr,oracle,1.0,0.0,0.26078,0.7846,234772
HRF,4.0,A_dice,A_dice_s1,1,11_dr,oracle,1.0,0.25,0.32076,0.7397,271330
HRF,4.0,A_dice,A_dice_s1,1,11_dr,oracle,1.0,0.5,0.372,0.65469,336375
HRF,4.0,A_dice,A_dice_s1,1,11_dr,oracle,1.0,1.0,0.38749,0.52381,467105
HRF,4.0,A_dice,A_dice_s1,1,11_dr,oracle,1.5,0.0,0.28085,0.77114,247516
HRF,4.0,A_dice,A_dice_s1,1,11_dr,oracle,1.5,0.25,0.35818,0.72008,287158
HRF,4.0,A_dice,A_dice_s1,1,11_dr,oracle,1.5,0.5,0.38582,0.64308,347535
HRF,4.0,A_dice,A_dice_s1,1,11_dr,oracle,1.5,1.0,0.39662,0.51495,480066
HRF,4.0,A_dice,A_dice_s1,1,11_dr,oracle,2.0,0.0,0.33156,0.73568,273958
HRF,4.0,A_dice,A_dice_s1,1,11_dr,oracle,2.0,0.25,0.37786,0.69235,308439
HRF,4.0,A_dice,A_dice_s1,1,11_dr,oracle,2.0,0.5,0.39373,0.62026,368520
HRF,4.0,A_dice,A_dice_s1,1,11_dr,oracle,2.0,1.0,0.40622,0.50659,492401
HRF,4.0,A_dice,A_dice_s1,1,11_g,raw,0.0,0.0,0.12188,0.81329,173150
HRF,4.0,A_dice,A_dice_s1,1,11_g,isotropic,0.25,0.25,0.2589,0.7446,235648
HRF,4.0,A_dice,A_dice_s1,1,11_g,isotropic,0.5,0.5,0.29479,0.65606,297727
HRF,4.0,A_dice,A_dice_s1,1,11_g,isotropic,0.75,0.75,0.31763,0.57135,369440
HRF,4.0,A_dice,A_dice_s1,1,11_g,isotropic,1.0,1.0,0.33109,0.51441,430234
HRF,4.0,A_dice,A_dice_s1,1,11_g,isotropic,1.5,1.5,0.39895,0.41966,567914
HRF,4.0,A_dice,A_dice_s1,1,11_g,oracle,0.0,0.25,0.12188,0.81329,173150
HRF,4.0,A_dice,A_dice_s1,1,11_g,oracle,0.0,0.5,0.17626,0.74215,229123
HRF,4.0,A_dice,A_dice_s1,1,11_g,oracle,0.0,1.0,0.26979,0.58297,354528
HRF,4.0,A_dice,A_dice_s1,1,11_g,oracle,0.5,0.0,0.15648,0.80688,184803
HRF,4.0,A_dice,A_dice_s1,1,11_g,oracle,0.5,0.25,0.25939,0.74412,236242
HRF,4.0,A_dice,A_dice_s1,1,11_g,oracle,0.5,0.5,0.29083,0.6624,292990
HRF,4.0,A_dice,A_dice_s1,1,11_g,oracle,0.5,1.0,0.3175,0.53949,400190
HRF,4.0,A_dice,A_dice_s1,1,11_g,oracle,1.0,0.0,0.22118,0.78294,209858
HRF,4.0,A_dice,A_dice_s1,1,11_g,oracle,1.0,0.25,0.29202,0.73563,244505
HRF,4.0,A_dice,A_dice_s1,1,11_g,oracle,1.0,0.5,0.31279,0.6483,305414
HRF,4.0,A_dice,A_dice_s1,1,11_g,oracle,1.0,1.0,0.33094,0.51635,427990
HRF,4.0,A_dice,A_dice_s1,1,11_g,oracle,1.5,0.0,0.24916,0.76776,222528
HRF,4.0,A_dice,A_dice_s1,1,11_g,oracle,1.5,0.25,0.30348,0.71468,259789
HRF,4.0,A_dice,A_dice_s1,1,11_g,oracle,1.5,0.5,0.32676,0.63579,316634
HRF,4.0,A_dice,A_dice_s1,1,11_g,oracle,1.5,1.0,0.38883,0.50679,441023
HRF,4.0,A_dice,A_dice_s1,1,11_g,oracle,2.0,0.0,0.29333,0.72927,248674
HRF,4.0,A_dice,A_dice_s1,1,11_g,oracle,2.0,0.25,0.31943,0.68479,281048
HRF,4.0,A_dice,A_dice_s1,1,11_g,oracle,2.0,0.5,0.38462,0.61161,337305
HRF,4.0,A_dice,A_dice_s1,1,11_g,oracle,2.0,1.0,0.39573,0.49802,453300
HRF,4.0,A_dice,A_dice_s1,1,11_h,raw,0.0,0.0,0.22848,0.86811,189911
HRF,4.0,A_dice,A_dice_s1,1,11_h,isotropic,0.25,0.25,0.39815,0.81868,252942
HRF,4.0,A_dice,A_dice_s1,1,11_h,isotropic,0.5,0.5,0.42565,0.73388,315581
HRF,4.0,A_dice,A_dice_s1,1,11_h,isotropic,0.75,0.75,0.86562,0.64641,387918
HRF,4.0,A_dice,A_dice_s1,1,11_h,isotropic,1.0,1.0,0.87483,0.58545,449732
HRF,4.0,A_dice,A_dice_s1,1,11_h,isotropic,1.5,1.5,0.8931,0.48257,588961
HRF,4.0,A_dice,A_dice_s1,1,11_h,oracle,0.0,0.25,0.22848,0.86811,189911
HRF,4.0,A_dice,A_dice_s1,1,11_h,oracle,0.0,0.5,0.34072,0.81498,246032
HRF,4.0,A_dice,A_dice_s1,1,11_h,oracle,0.0,1.0,0.40887,0.66528,367878
HRF,4.0,A_dice,A_dice_s1,1,11_h,oracle,0.5,0.0,0.30095,0.85909,204720
HRF,4.0,A_dice,A_dice_s1,1,11_h,oracle,0.5,0.25,0.40271,0.8175,253889
HRF,4.0,A_dice,A_dice_s1,1,11_h,oracle,0.5,0.5,0.42535,0.73941,311259
HRF,4.0,A_dice,A_dice_s1,1,11_h,oracle,0.5,1.0,0.86088,0.61873,413315
HRF,4.0,A_dice,A_dice_s1,1,11_h,oracle,1.0,0.0,0.39946,0.83356,234985
HRF,4.0,A_dice,A_dice_s1,1,11_h,oracle,1.0,0.25,0.42266,0.79651,269507
HRF,4.0,A_dice,A_dice_s1,1,11_h,oracle,1.0,0.5,0.86586,0.71808,328805
HRF,4.0,A_dice,A_dice_s1,1,11_h,oracle,1.0,1.0,0.87471,0.58723,447748
HRF,4.0,A_dice,A_dice_s1,1,11_h,oracle,1.5,0.0,0.41074,0.82087,248241
HRF,4.0,A_dice,A_dice_s1,1,11_h,oracle,1.5,0.25,0.8715,0.76653,292054
HRF,4.0,A_dice,A_dice_s1,1,11_h,oracle,1.5,0.5,0.87704,0.69652,346788
HRF,4.0,A_dice,A_dice_s1,1,11_h,oracle,1.5,1.0,0.89039,0.57202,466249
HRF,4.0,A_dice,A_dice_s1,1,11_h,oracle,2.0,0.0,0.85302,0.77878,279625
HRF,4.0,A_dice,A_dice_s1,1,11_h,oracle,2.0,0.25,0.87436,0.72842,320653
HRF,4.0,A_dice,A_dice_s1,1,11_h,oracle,2.0,0.5,0.88805,0.66373,374903
HRF,4.0,A_dice,A_dice_s1,1,11_h,oracle,2.0,1.0,0.89413,0.55581,486494
HRF,4.0,A_dice,A_dice_s1,1,12_dr,raw,0.0,0.0,0.06091,0.76829,153800
HRF,4.0,A_dice,A_dice_s1,1,12_dr,isotropic,0.25,0.25,0.29531,0.70881,210680
HRF,4.0,A_dice,A_dice_s1,1,12_dr,isotropic,0.5,0.5,0.37936,0.62926,267323
HRF,4.0,A_dice,A_dice_s1,1,12_dr,isotropic,0.75,0.75,0.46478,0.54992,333332
HRF,4.0,A_dice,A_dice_s1,1,12_dr,isotropic,1.0,1.0,0.50085,0.49557,389529
HRF,4.0,A_dice,A_dice_s1,1,12_dr,isotropic,1.5,1.5,0.57094,0.40492,516866
HRF,4.0,A_dice,A_dice_s1,1,12_dr,oracle,0.0,0.25,0.06091,0.76829,153800
HRF,4.0,A_dice,A_dice_s1,1,12_dr,oracle,0.0,0.5,0.08878,0.70522,204578
HRF,4.0,A_dice,A_dice_s1,1,12_dr,oracle,0.0,1.0,0.36388,0.56093,317192
HRF,4.0,A_dice,A_dice_s1,1,12_dr,oracle,0.5,0.0,0.07138,0.76204,165443
HRF,4.0,A_dice,A_dice_s1,1,12_dr,oracle,0.5,0.25,0.29838,0.70853,211419
HRF,4.0,A_dice,A_dice_s1,1,12_dr,oracle,0.5,0.5,0.36501,0.63388,263647
HRF,4.0,A_dice,A_dice_s1,1,12_dr,oracle,0.5,1.0,0.44722,0.51984,359948
HRF,4.0,A_dice,A_dice_s1,1,12_dr,oracle,1.0,0.0,0.31524,0.74045,190155
HRF,4.0,A_dice,A_dice_s1,1,12_dr,oracle,1.0,0.25,0.36361,0.69997,221417
HRF,4.0,A_dice,A_dice_s1,1,12_dr,oracle,1.0,0.5,0.45235,0.62137,276421
HRF,4.0,A_dice,A_dice_s1,1,12_dr,oracle,1.0,1.0,0.49426,0.49694,387837
HRF,4.0,A_dice,A_dice_s1,1,12_dr,oracle,1.5,0.0,0.35307,0.72822,202496
HRF,4.0,A_dice,A_dice_s1,1,12_dr,oracle,1.5,0.25,0.40638,0.67971,237593
HRF,4.0,A_dice,A_dice_s1,1,12_dr,oracle,1.5,0.5,0.48751,0.60892,288745
HRF,4.0,A_dice,A_dice_s1,1,12_dr,oracle,1.5,1.0,0.54804,0.48776,401663
HRF,4.0,A_dice,A_dice_s1,1,12_dr,oracle,2.0,0.0,0.40289,0.69483,227166
HRF,4.0,A_dice,A_dice_s1,1,12_dr,oracle,2.0,0.25,0.45451,0.65283,258134
HRF,4.0,A_dice,A_dice_s1,1,12_dr,oracle,2.0,0.5,0.5451,0.58605,309136
HRF,4.0,A_dice,A_dice_s1,1,12_dr,oracle,2.0,1.0,0.58769,0.47883,415137
HRF,4.0,A_dice,A_dice_s1,1,12_g,raw,0.0,0.0,0.13045,0.81365,191138
HRF,4.0,A_dice,A_dice_s1,1,12_g,isotropic,0.25,0.25,0.24756,0.73725,259582
HRF,4.0,A_dice,A_dice_s1,1,12_g,isotropic,0.5,0.5,0.34249,0.64703,327552
HRF,4.0,A_dice,A_dice_s1,1,12_g,isotropic,0.75,0.75,0.71809,0.56349,405216
HRF,4.0,A_dice,A_dice_s1,1,12_g,isotropic,1.0,1.0,0.73866,0.50688,471960
HRF,4.0,A_dice,A_dice_s1,1,12_g,isotropic,1.5,1.5,0.77495,0.4142,620986
HRF,4.0,A_dice,A_dice_s1,1,12_g,oracle,0.0,0.25,0.13045,0.81365,191138
HRF,4.0,A_dice,A_dice_s1,1,12_g,oracle,0.0,0.5,0.18235,0.73655,252102
HRF,4.0,A_dice,A_dice_s1,1,12_g,oracle,0.0,1.0,0.32102,0.57532,389015
HRF,4.0,A_dice,A_dice_s1,1,12_g,oracle,0.5,0.0,0.15026,0.80485,203914
HRF,4.0,A_dice,A_dice_s1,1,12_g,oracle,0.5,0.25,0.25011,0.73674,260221
HRF,4.0,A_dice,A_dice_s1,1,12_g,oracle,0.5,0.5,0.33875,0.6527,322836
HRF,4.0,A_dice,A_dice_s1,1,12_g,oracle,0.5,1.0,0.71528,0.53364,437021
HRF,4.0,A_dice,A_dice_s1,1,12_g,oracle,1.0,0.0,0.27235,0.77805,231403
HRF,4.0,A_dice,A_dice_s1,1,12_g,oracle,1.0,0.25,0.3306,0.72702,269528
HRF,4.0,A_dice,A_dice_s1,1,12_g,oracle,1.0,0.5,0.70524,0.63926,335895
HRF,4.0,A_dice,A_dice_s1,1,12_g,oracle,1.0,1.0,0.73816,0.50853,469814
HRF,4.0,A_dice,A_dice_s1,1,12_g,oracle,1.5,0.0,0.57502,0.7615,245397
HRF,4.0,A_dice,A_dice_s1,1,12_g,oracle,1.5,0.25,0.68726,0.70504,286545
HRF,4.0,A_dice,A_dice_s1,1,12_g,oracle,1.5,0.5,0.72998,0.62594,348714
HRF,4.0,A_dice,A_dice_s1,1,12_g,oracle,1.5,1.0,0.75767,0.49921,483905
HRF,4.0,A_dice,A_dice_s1,1,12_g,oracle,2.0,0.0,0.64466,0.71988,275129
HRF,4.0,A_dice,A_dice_s1,1,12_g,oracle,2.0,0.25,0.71895,0.673,311153
HRF,4.0,A_dice,A_dice_s1,1,12_g,oracle,2.0,0.5,0.74767,0.60101,372097
HRF,4.0,A_dice,A_dice_s1,1,12_g,oracle,2.0,1.0,0.77679,0.48997,498072
HRF,4.0,A_dice,A_dice_s1,1,12_h,raw,0.0,0.0,0.29542,0.87373,208059
HRF,4.0,A_dice,A_dice_s1,1,12_h,isotropic,0.25,0.25,0.38329,0.83403,274845
HRF,4.0,A_dice,A_dice_s1,1,12_h,isotropic,0.5,0.5,0.40332,0.75322,341056
HRF,4.0,A_dice,A_dice_s1,1,12_h,isotropic,0.75,0.75,0.41941,0.66797,416792
HRF,4.0,A_dice,A_dice_s1,1,12_h,isotropic,1.0,1.0,0.42929,0.60733,481579
HRF,4.0,A_dice,A_dice_s1,1,12_h,isotropic,1.5,1.5,0.4385,0.50443,626858
HRF,4.0,A_dice,A_dice_s1,1,12_h,oracle,0.0,0.25,0.29542,0.87373,208059
HRF,4.0,A_dice,A_dice_s1,1,12_h,oracle,0.0,0.5,0.34934,0.83194,266615
HRF,4.0,A_dice,A_dice_s1,1,12_h,oracle,0.0,1.0,0.38902,0.68651,395710
HRF,4.0,A_dice,A_dice_s1,1,12_h,oracle,0.5,0.0,0.34,0.86768,223321
HRF,4.0,A_dice,A_dice_s1,1,12_h,oracle,0.5,0.25,0.38433,0.83281,275923
HRF,4.0,A_dice,A_dice_s1,1,12_h,oracle,0.5,0.5,0.40083,0.75844,336602
HRF,4.0,A_dice,A_dice_s1,1,12_h,oracle,0.5,1.0,0.40878,0.64022,443610
HRF,4.0,A_dice,A_dice_s1,1,12_h,oracle,1.0,0.0,0.39374,0.84598,255029
HRF,4.0,A_dice,A_dice_s1,1,12_h,oracle,1.0,0.25,0.41201,0.81399,291868
HRF,4.0,A_dice,A_dice_s1,1,12_h,oracle,1.0,0.5,0.4179,0.7388,354355
HRF,4.0,A_dice,A_dice_s1,1,12_h,oracle,1.0,1.0,0.42912,0.60895,479662
HRF,4.0,A_dice,A_dice_s1,1,12_h,oracle,1.5,0.0,0.40517,0.83558,269204
HRF,4.0,A_dice,A_dice_s1,1,12_h,oracle,1.5,0.25,0.42574,0.78659,314529
HRF,4.0,A_dice,A_dice_s1,1,12_h,oracle,1.5,0.5,0.43024,0.71832,372797
HRF,4.0,A_dice,A_dice_s1,1,12_h,oracle,1.5,1.0,0.43538,0.59461,498250
HRF,4.0,A_dice,A_dice_s1,1,12_h,oracle,2.0,0.0,0.41604,0.79604,302086
HRF,4.0,A_dice,A_dice_s1,1,12_h,oracle,2.0,0.25,0.43303,0.75006,344190
HRF,4.0,A_dice,A_dice_s1,1,12_h,oracle,2.0,0.5,0.43531,0.68703,401566
HRF,4.0,A_dice,A_dice_s1,1,12_h,oracle,2.0,1.0,0.43779,0.57907,518755
HRF,4.0,A_dice,A_dice_s1,1,13_dr,raw,0.0,0.0,0.06556,0.79689,145284
HRF,4.0,A_dice,A_dice_s1,1,13_dr,isotropic,0.25,0.25,0.2725,0.74249,195162
HRF,4.0,A_dice,A_dice_s1,1,13_dr,isotropic,0.5,0.5,0.36113,0.6636,244851
HRF,4.0,A_dice,A_dice_s1,1,13_dr,isotropic,0.75,0.75,0.39783,0.58399,302707
HRF,4.0,A_dice,A_dice_s1,1,13_dr,isotropic,1.0,1.0,0.49122,0.52904,352069
HRF,4.0,A_dice,A_dice_s1,1,13_dr,isotropic,1.5,1.5,0.56098,0.43551,464325
HRF,4.0,A_dice,A_dice_s1,1,13_dr,oracle,0.0,0.25,0.06556,0.79689,145284
HRF,4.0,A_dice,A_dice_s1,1,13_dr,oracle,0.0,0.5,0.09551,0.73747,190363
HRF,4.0,A_dice,A_dice_s1,1,13_dr,oracle,0.0,1.0,0.31163,0.5921,290718
HRF,4.0,A_dice,A_dice_s1,1,13_dr,oracle,0.5,0.0,0.08977,0.79349,154707
HRF,4.0,A_dice,A_dice_s1,1,13_dr,oracle,0.5,0.25,0.29781,0.74248,195637
HRF,4.0,A_dice,A_dice_s1,1,13_dr,oracle,0.5,0.5,0.34964,0.66939,241008
HRF,4.0,A_dice,A_dice_s1,1,13_dr,oracle,0.5,1.0,0.39218,0.55239,326970
HRF,4.0,A_dice,A_dice_s1,1,13_dr,oracle,1.0,0.0,0.28183,0.77879,174339
HRF,4.0,A_dice,A_dice_s1,1,13_dr,oracle,1.0,0.25,0.40035,0.73861,202247
HRF,4.0,A_dice,A_dice_s1,1,13_dr,oracle,1.0,0.5,0.45253,0.6587,251102
HRF,4.0,A_dice,A_dice_s1,1,13_dr,oracle,1.0,1.0,0.49087,0.53079,350315
HRF,4.0,A_dice,A_dice_s1,1,13_dr,oracle,1.5,0.0,0.31021,0.76871,184378
HRF,4.0,A_dice,A_dice_s1,1,13_dr,oracle,1.5,0.25,0.45631,0.72337,213938
HRF,4.0,A_dice,A_dice_s1,1,13_dr,oracle,1.5,0.5,0.4861,0.65034,259510
HRF,4.0,A_dice,A_dice_s1,1,13_dr,oracle,1.5,1.0,0.54571,0.52309,360988
HRF,4.0,A_dice,A_dice_s1,1,13_dr,oracle,2.0,0.0,0.40629,0.74026,203829
HRF,4.0,A_dice,A_dice_s1,1,13_dr,oracle,2.0,0.25,0.47736,0.70105,229319
HRF,4.0,A_dice,A_dice_s1,1,13_dr,oracle,2.0,0.5,0.51583,0.63048,275036
HRF,4.0,A_dice,A_dice_s1,1,13_dr,oracle,2.0,1.0,0.56113,0.51653,370179
HRF,4.0,A_dice,A_dice_s1,1,13_g,raw,0.0,0.0,0.09631,0.78145,157415
HRF,4.0,A_dice,A_dice_s1,1,13_g,isotropic,0.25,0.25,0.23036,0.71348,216641
HRF,4.0,A_dice,A_dice_s1,1,13_g,isotropic,0.5,0.5,0.27925,0.62674,275401
HRF,4.0,A_dice,A_dice_s1,1,13_g,isotropic,0.75,0.75,0.30376,0.5452,342114
HRF,4.0,A_dice,A_dice_s1,1,13_g,isotropic,1.0,1.0,0.31318,0.48963,399575
HRF,4.0,A_dice,A_dice_s1,1,13_g,isotropic,1.5,1.5,0.33155,0.39956,527298
HRF,4.0,A_dice,A_dice_s1,1,13_g,oracle,0.0,0.25,0.09631,0.78145,157415
HRF,4.0,A_dice,A_dice_s1,1,13_g,oracle,0.0,0.5,0.16333,0.71102,210390
HRF,4.0,A_dice,A_dice_s1,1,13_g,oracle,0.0,1.0,0.27122,0.55498,328897
HRF,4.0,A_dice,A_dice_s1,1,13_g,oracle,0.5,0.0,0.13466,0.77386,168773
HRF,4.0,A_dice,A_dice_s1,1,13_g,oracle,0.5,0.25,0.23224,0.71298,217250
HRF,4.0,A_dice,A_dice_s1,1,13_g,oracle,0.5,0.5,0.27527,0.63234,271245
HRF,4.0,A_dice,A_dice_s1,1,13_g,oracle,0.5,1.0,0.30065,0.51602,368805
HRF,4.0,A_dice,A_dice_s1,1,13_g,oracle,1.0,0.0,0.20907,0.75154,192540
HRF,4.0,A_dice,A_dice_s1,1,13_g,oracle,1.0,0.25,0.2582,0.70463,225305
HRF,4.0,A_dice,A_dice_s1,1,13_g,oracle,1.0,0.5,0.29133,0.61962,282667
HRF,4.0,A_dice,A_dice_s1,1,13_g,oracle,1.0,1.0,0.31309,0.49139,397587
HRF,4.0,A_dice,A_dice_s1,1,13_g,oracle,1.5,0.0,0.22824,0.73764,204431
HRF,4.0,A_dice,A_dice_s1,1,13_g,oracle,1.5,0.25,0.27557,0.68473,239991
HRF,4.0,A_dice,A_dice_s1,1,13_g,oracle,1.5,0.5,0.30766,0.60779,293478
HRF,4.0,A_dice,A_dice_s1,1,13_g,oracle,1.5,1.0,0.31998,0.48282,409631
HRF,4.0,A_dice,A_dice_s1,1,13_g,oracle,2.0,0.0,0.25566,0.70007,229624
HRF,4.0,A_dice,A_dice_s1,1,13_g,oracle,2.0,0.25,0.2907,0.6549,260819
HRF,4.0,A_dice,A_dice_s1,1,13_g,oracle,2.0,0.5,0.31533,0.58432,313159
HRF,4.0,A_dice,A_dice_s1,1,13_g,oracle,2.0,1.0,0.32836,0.47469,421404
HRF,4.0,A_dice,A_dice_s1,1,13_h,raw,0.0,0.0,0.24565,0.85283,187277
HRF,4.0,A_dice,A_dice_s1,1,13_h,isotropic,0.25,0.25,0.32493,0.79342,250044
HRF,4.0,A_dice,A_dice_s1,1,13_h,isotropic,0.5,0.5,0.37803,0.70574,312444
HRF,4.0,A_dice,A_dice_s1,1,13_h,isotropic,0.75,0.75,0.38611,0.61957,384701
HRF,4.0,A_dice,A_dice_s1,1,13_h,isotropic,1.0,1.0,0.38882,0.56009,446497
HRF,4.0,A_dice,A_dice_s1,1,13_h,isotropic,1.5,1.5,0.83882,0.46008,585935
HRF,4.0,A_dice,A_dice_s1,1,13_h,oracle,0.0,0.25,0.24565,0.85283,187277
HRF,4.0,A_dice,A_dice_s1,1,13_h,oracle,0.0,0.5,0.29212,0.79279,242241
HRF,4.0,A_dice,A_dice_s1,1,13_h,oracle,0.0,1.0,0.36243,0.64045,361991
HRF,4.0,A_dice,A_dice_s1,1,13_h,oracle,0.5,0.0,0.27137,0.83942,202914
HRF,4.0,A_dice,A_dice_s1,1,13_h,oracle,0.5,0.25,0.32603,0.79192,251239
HRF,4.0,A_dice,A_dice_s1,1,13_h,oracle,0.5,0.5,0.36982,0.71113,308223
HRF,4.0,A_dice,A_dice_s1,1,13_h,oracle,0.5,1.0,0.38364,0.59399,408165
HRF,4.0,A_dice,A_dice_s1,1,13_h,oracle,1.0,0.0,0.34689,0.80482,235657
HRF,4.0,A_dice,A_dice_s1,1,13_h,oracle,1.0,0.25,0.38079,0.76571,269986
HRF,4.0,A_dice,A_dice_s1,1,13_h,oracle,1.0,0.5,0.38546,0.68769,327812
HRF,4.0,A_dice,A_dice_s1,1,13_h,oracle,1.0,1.0,0.3887,0.5618,444497
HRF,4.0,A_dice,A_dice_s1,1,13_h,oracle,1.5,0.0,0.35763,0.78965,249371
HRF,4.0,A_dice,A_dice_s1,1,13_h,oracle,1.5,0.25,0.38822,0.73157,294590
HRF,4.0,A_dice,A_dice_s1,1,13_h,oracle,1.5,0.5,0.39021,0.66356,348456
HRF,4.0,A_dice,A_dice_s1,1,13_h,oracle,1.5,1.0,0.82095,0.54541,465248
HRF,4.0,A_dice,A_dice_s1,1,13_h,oracle,2.0,0.0,0.39008,0.74621,280924
HRF,4.0,A_dice,A_dice_s1,1,13_h,oracle,2.0,0.25,0.41046,0.69281,324276
HRF,4.0,A_dice,A_dice_s1,1,13_h,oracle,2.0,0.5,0.82989,0.63026,378178
HRF,4.0,A_dice,A_dice_s1,1,13_h,oracle,2.0,1.0,0.84554,0.52813,487852
HRF,4.0,A_dice,A_dice_s1,1,14_dr,raw,0.0,0.0,0.09073,0.77427,168102
HRF,4.0,A_dice,A_dice_s1,1,14_dr,isotropic,0.25,0.25,0.35827,0.71882,226872
HRF,4.0,A_dice,A_dice_s1,1,14_dr,isotropic,0.5,0.5,0.44266,0.64186,285087
HRF,4.0,A_dice,A_dice_s1,1,14_dr,isotropic,0.75,0.75,0.48427,0.56597,350989
HRF,4.0,A_dice,A_dice_s1,1,14_dr,isotropic,1.0,1.0,0.51094,0.51269,408037
HRF,4.0,A_dice,A_dice_s1,1,14_dr,isotropic,1.5,1.5,0.55283,0.42496,534189
HRF,4.0,A_dice,A_dice_s1,1,14_dr,oracle,0.0,0.25,0.09073,0.77427,168102
HRF,4.0,A_dice,A_dice_s1,1,14_dr,oracle,0.0,0.5,0.13458,0.71624,220393
HRF,4.0,A_dice,A_dice_s1,1,14_dr,oracle,0.0,1.0,0.40174,0.57393,336928
HRF,4.0,A_dice,A_dice_s1,1,14_dr,oracle,0.5,0.0,0.2381,0.76949,179865
HRF,4.0,A_dice,A_dice_s1,1,14_dr,oracle,0.5,0.25,0.36825,0.71858,227604
HRF,4.0,A_dice,A_dice_s1,1,14_dr,oracle,0.5,0.5,0.43817,0.64742,280563
HRF,4.0,A_dice,A_dice_s1,1,14_dr,oracle,0.5,1.0,0.47443,0.53863,375742
HRF,4.0,A_dice,A_dice_s1,1,14_dr,oracle,1.0,0.0,0.32975,0.75146,204296
HRF,4.0,A_dice,A_dice_s1,1,14_dr,oracle,1.0,0.25,0.41286,0.71228,236804
HRF,4.0,A_dice,A_dice_s1,1,14_dr,oracle,1.0,0.5,0.4784,0.63594,293235
HRF,4.0,A_dice,A_dice_s1,1,14_dr,oracle,1.0,1.0,0.51064,0.51455,405882
HRF,4.0,A_dice,A_dice_s1,1,14_dr,oracle,1.5,0.0,0.38405,0.74076,216004
HRF,4.0,A_dice,A_dice_s1,1,14_dr,oracle,1.5,0.25,0.44603,0.69558,251482
HRF,4.0,A_dice,A_dice_s1,1,14_dr,oracle,1.5,0.5,0.50246,0.6261,304449
HRF,4.0,A_dice,A_dice_s1,1,14_dr,oracle,1.5,1.0,0.52866,0.50651,419188
HRF,4.0,A_dice,A_dice_s1,1,14_dr,oracle,2.0,0.0,0.43045,0.71043,240045
HRF,4.0,A_dice,A_dice_s1,1,14_dr,oracle,2.0,0.25,0.5005,0.67121,271525
HRF,4.0,A_dice,A_dice_s1,1,14_dr,oracle,2.0,0.5,0.53895,0.60589,323778
HRF,4.0,A_dice,A_dice_s1,1,14_dr,oracle,2.0,1.0,0.57003,0.49919,431724
HRF,4.0,A_dice,A_dice_s1,1,14_g,raw,0.0,0.0,0.10643,0.77149,159252
HRF,4.0,A_dice,A_dice_s1,1,14_g,isotropic,0.25,0.25,0.22711,0.71671,218356
HRF,4.0,A_dice,A_dice_s1,1,14_g,isotropic,0.5,0.5,0.28337,0.63651,277138
HRF,4.0,A_dice,A_dice_s1,1,14_g,isotropic,0.75,0.75,0.31153,0.55616,344443
HRF,4.0,A_dice,A_dice_s1,1,14_g,isotropic,1.0,1.0,0.65306,0.50036,402373
HRF,4.0,A_dice,A_dice_s1,1,14_g,isotropic,1.5,1.5,0.70971,0.40862,532054
HRF,4.0,A_dice,A_dice_s1,1,14_g,oracle,0.0,0.25,0.10643,0.77149,159252
HRF,4.0,A_dice,A_dice_s1,1,14_g,oracle,0.0,0.5,0.16028,0.7121,213384
HRF,4.0,A_dice,A_dice_s1,1,14_g,oracle,0.0,1.0,0.27789,0.56468,331881
HRF,4.0,A_dice,A_dice_s1,1,14_g,oracle,0.5,0.0,0.14123,0.76689,170270
HRF,4.0,A_dice,A_dice_s1,1,14_g,oracle,0.5,0.25,0.22741,0.71635,218880
HRF,4.0,A_dice,A_dice_s1,1,14_g,oracle,0.5,0.5,0.27593,0.64108,273142
HRF,4.0,A_dice,A_dice_s1,1,14_g,oracle,0.5,1.0,0.31106,0.52673,371354
HRF,4.0,A_dice,A_dice_s1,1,14_g,oracle,1.0,0.0,0.20285,0.7501,193289
HRF,4.0,A_dice,A_dice_s1,1,14_g,oracle,1.0,0.25,0.25671,0.70981,226514
HRF,4.0,A_dice,A_dice_s1,1,14_g,oracle,1.0,0.5,0.29992,0.63031,283971
HRF,4.0,A_dice,A_dice_s1,1,14_g,oracle,1.0,1.0,0.6527,0.50196,400462
HRF,4.0,A_dice,A_dice_s1,1,14_g,oracle,1.5,0.0,0.22778,0.73937,205042
HRF,4.0,A_dice,A_dice_s1,1,14_g,oracle,1.5,0.25,0.28574,0.69301,240467
HRF,4.0,A_dice,A_dice_s1,1,14_g,oracle,1.5,0.5,0.62511,0.62005,294325
HRF,4.0,A_dice,A_dice_s1,1,14_g,oracle,1.5,1.0,0.69434,0.49394,412331
HRF,4.0,A_dice,A_dice_s1,1,14_g,oracle,2.0,0.0,0.27199,0.70843,228748
HRF,4.0,A_dice,A_dice_s1,1,14_g,oracle,2.0,0.25,0.31722,0.66774,259923
HRF,4.0,A_dice,A_dice_s1,1,14_g,oracle,2.0,0.5,0.67441,0.59835,313375
HRF,4.0,A_dice,A_dice_s1,1,14_g,oracle,2.0,1.0,0.70911,0.48636,423626
HRF,4.0,A_dice,A_dice_s1,1,14_h,raw,0.0,0.0,0.26883,0.85351,183892
HRF,4.0,A_dice,A_dice_s1,1,14_h,isotropic,0.25,0.25,0.34506,0.79828,245995
HRF,4.0,A_dice,A_dice_s1,1,14_h,isotropic,0.5,0.5,0.39197,0.7125,307816
HRF,4.0,A_dice,A_dice_s1,1,14_h,isotropic,0.75,0.75,0.4075,0.62672,378847
HRF,4.0,A_dice,A_dice_s1,1,14_h,isotropic,1.0,1.0,0.41407,0.56665,439950
HRF,4.0,A_dice,A_dice_s1,1,14_h,isotropic,1.5,1.5,0.43896,0.46567,577205
HRF,4.0,A_dice,A_dice_s1,1,14_h,oracle,0.0,0.25,0.26883,0.85351,183892
HRF,4.0,A_dice,A_dice_s1,1,14_h,oracle,0.0,0.5,0.28931,0.79663,238406
HRF,4.0,A_dice,A_dice_s1,1,14_h,oracle,0.0,1.0,0.36115,0.64611,357101
HRF,4.0,A_dice,A_dice_s1,1,14_h,oracle,0.5,0.0,0.2922,0.84378,198914
HRF,4.0,A_dice,A_dice_s1,1,14_h,oracle,0.5,0.25,0.35099,0.7971,247035
HRF,4.0,A_dice,A_dice_s1,1,14_h,oracle,0.5,0.5,0.39142,0.71799,303558
HRF,4.0,A_dice,A_dice_s1,1,14_h,oracle,0.5,1.0,0.39855,0.60017,402692
HRF,4.0,A_dice,A_dice_s1,1,14_h,oracle,1.0,0.0,0.38068,0.81496,230445
HRF,4.0,A_dice,A_dice_s1,1,14_h,oracle,1.0,0.25,0.39687,0.77483,264138
HRF,4.0,A_dice,A_dice_s1,1,14_h,oracle,1.0,0.5,0.40417,0.6963,321803
HRF,4.0,A_dice,A_dice_s1,1,14_h,oracle,1.0,1.0,0.41287,0.5683,438094
HRF,4.0,A_dice,A_dice_s1,1,14_h,oracle,1.5,0.0,0.41106,0.80103,244050
HRF,4.0,A_dice,A_dice_s1,1,14_h,oracle,1.5,0.25,0.42401,0.74244,288302
HRF,4.0,A_dice,A_dice_s1,1,14_h,oracle,1.5,0.5,0.43282,0.6734,341400
HRF,4.0,A_dice,A_dice_s1,1,14_h,oracle,1.5,1.0,0.43563,0.55263,457390
HRF,4.0,A_dice,A_dice_s1,1,14_h,oracle,2.0,0.0,0.42473,0.75562,276725
HRF,4.0,A_dice,A_dice_s1,1,14_h,oracle,2.0,0.25,0.43101,0.70211,318520
HRF,4.0,A_dice,A_dice_s1,1,14_h,oracle,2.0,0.5,0.43652,0.63921,371042
HRF,4.0,A_dice,A_dice_s1,1,14_h,oracle,2.0,1.0,0.44078,0.53566,479000
HRF,4.0,A_dice,A_dice_s1,1,15_dr,raw,0.0,0.0,0.17958,0.75859,166726
HRF,4.0,A_dice,A_dice_s1,1,15_dr,isotropic,0.25,0.25,0.2781,0.6895,221352
HRF,4.0,A_dice,A_dice_s1,1,15_dr,isotropic,0.5,0.5,0.35761,0.61189,275612
HRF,4.0,A_dice,A_dice_s1,1,15_dr,isotropic,0.75,0.75,0.40224,0.53771,337556
HRF,4.0,A_dice,A_dice_s1,1,15_dr,isotropic,1.0,1.0,0.60138,0.4855,391520
HRF,4.0,A_dice,A_dice_s1,1,15_dr,isotropic,1.5,1.5,0.70598,0.39831,512558
HRF,4.0,A_dice,A_dice_s1,1,15_dr,oracle,0.0,0.25,0.17958,0.75859,166726
HRF,4.0,A_dice,A_dice_s1,1,15_dr,oracle,0.0,0.5,0.21941,0.69379,212664
HRF,4.0,A_dice,A_dice_s1,1,15_dr,oracle,0.0,1.0,0.3334,0.55177,320315
HRF,4.0,A_dice,A_dice_s1,1,15_dr,oracle,0.5,0.0,0.19269,0.74452,179670
HRF,4.0,A_dice,A_dice_s1,1,15_dr,oracle,0.5,0.25,0.27925,0.68902,222028
HRF,4.0,A_dice,A_dice_s1,1,15_dr,oracle,0.5,0.5,0.35229,0.61727,271675
HRF,4.0,A_dice,A_dice_s1,1,15_dr,oracle,0.5,1.0,0.39604,0.51315,359478
HRF,4.0,A_dice,A_dice_s1,1,15_dr,oracle,1.0,0.0,0.25996,0.71215,206534
HRF,4.0,A_dice,A_dice_s1,1,15_dr,oracle,1.0,0.25,0.32126,0.67249,235083
HRF,4.0,A_dice,A_dice_s1,1,15_dr,oracle,1.0,0.5,0.39081,0.59934,287184
HRF,4.0,A_dice,A_dice_s1,1,15_dr,oracle,1.0,1.0,0.60127,0.48725,389587
HRF,4.0,A_dice,A_dice_s1,1,15_dr,oracle,1.5,0.0,0.30153,0.70154,216312
HRF,4.0,A_dice,A_dice_s1,1,15_dr,oracle,1.5,0.25,0.36233,0.64614,254388
HRF,4.0,A_dice,A_dice_s1,1,15_dr,oracle,1.5,0.5,0.60049,0.58409,301208
HRF,4.0,A_dice,A_dice_s1,1,15_dr,oracle,1.5,1.0,0.66718,0.47502,405965
HRF,4.0,A_dice,A_dice_s1,1,15_dr,oracle,2.0,0.0,0.33938,0.66971,239180
HRF,4.0,A_dice,A_dice_s1,1,15_dr,oracle,2.0,0.25,0.58961,0.61925,275288
HRF,4.0,A_dice,A_dice_s1,1,15_dr,oracle,2.0,0.5,0.66569,0.56031,322601
HRF,4.0,A_dice,A_dice_s1,1,15_dr,oracle,2.0,1.0,0.71284,0.46329,422289
HRF,4.0,A_dice,A_dice_s1,1,15_g,raw,0.0,0.0,0.23291,0.7882,162232
HRF,4.0,A_dice,A_dice_s1,1,15_g,isotropic,0.25,0.25,0.44815,0.7342,220010
HRF,4.0,A_dice,A_dice_s1,1,15_g,isotropic,0.5,0.5,0.56585,0.65468,277452
HRF,4.0,A_dice,A_dice_s1,1,15_g,isotropic,0.75,0.75,0.62472,0.57402,343262
HRF,4.0,A_dice,A_dice_s1,1,15_g,isotropic,1.0,1.0,0.63952,0.51764,399578
HRF,4.0,A_dice,A_dice_s1,1,15_g,isotropic,1.5,1.5,0.67779,0.42417,525698
HRF,4.0,A_dice,A_dice_s1,1,15_g,oracle,0.0,0.25,0.23291,0.7882,162232
HRF,4.0,A_dice,A_dice_s1,1,15_g,oracle,0.0,0.5,0.30493,0.72951,215132
HRF,4.0,A_dice,A_dice_s1,1,15_g,oracle,0.0,1.0,0.52642,0.58309,330770
HRF,4.0,A_dice,A_dice_s1,1,15_g,oracle,0.5,0.0,0.2634,0.78323,172977
HRF,4.0,A_dice,A_dice_s1,1,15_g,oracle,0.5,0.25,0.45104,0.7339,220513
HRF,4.0,A_dice,A_dice_s1,1,15_g,oracle,0.5,0.5,0.55077,0.65952,273639
HRF,4.0,A_dice,A_dice_s1,1,15_g,oracle,0.5,1.0,0.61483,0.54473,369372
HRF,4.0,A_dice,A_dice_s1,1,15_g,oracle,1.0,0.0,0.35723,0.76607,195511
HRF,4.0,A_dice,A_dice_s1,1,15_g,oracle,1.0,0.25,0.49383,0.72705,227803
HRF,4.0,A_dice,A_dice_s1,1,15_g,oracle,1.0,0.5,0.60221,0.64819,284334
HRF,4.0,A_dice,A_dice_s1,1,15_g,oracle,1.0,1.0,0.63912,0.51923,397797
HRF,4.0,A_dice,A_dice_s1,1,15_g,oracle,1.5,0.0,0.4042,0.75661,205898
HRF,4.0,A_dice,A_dice_s1,1,15_g,oracle,1.5,0.25,0.55107,0.71073,240982
HRF,4.0,A_dice,A_dice_s1,1,15_g,oracle,1.5,0.5,0.62517,0.63772,293884
HRF,4.0,A_dice,A_dice_s1,1,15_g,oracle,1.5,1.0,0.65899,0.51066,409202
HRF,4.0,A_dice,A_dice_s1,1,15_g,oracle,2.0,0.0,0.51697,0.72887,227533
HRF,4.0,A_dice,A_dice_s1,1,15_g,oracle,2.0,0.25,0.59923,0.68749,258373
HRF,4.0,A_dice,A_dice_s1,1,15_g,oracle,2.0,0.5,0.64537,0.61737,310946
HRF,4.0,A_dice,A_dice_s1,1,15_g,oracle,2.0,1.0,0.68132,0.50301,419689
HRF,4.0,A_dice,A_dice_s1,1,15_h,raw,0.0,0.0,0.45152,0.85906,157055
HRF,4.0,A_dice,A_dice_s1,1,15_h,isotropic,0.25,0.25,0.66515,0.81289,212846
HRF,4.0,A_dice,A_dice_s1,1,15_h,isotropic,0.5,0.5,0.77438,0.72638,268340
HRF,4.0,A_dice,A_dice_s1,1,15_h,isotropic,0.75,0.75,0.81473,0.63821,331863
HRF,4.0,A_dice,A_dice_s1,1,15_h,isotropic,1.0,1.0,0.82802,0.57584,386826
HRF,4.0,A_dice,A_dice_s1,1,15_h,isotropic,1.5,1.5,0.83718,0.47126,510900
HRF,4.0,A_dice,A_dice_s1,1,15_h,oracle,0.0,0.25,0.45152,0.85906,157055
HRF,4.0,A_dice,A_dice_s1,1,15_h,oracle,0.0,0.5,0.51731,0.80999,205235
HRF,4.0,A_dice,A_dice_s1,1,15_h,oracle,0.0,1.0,0.70551,0.65873,312461
HRF,4.0,A_dice,A_dice_s1,1,15_h,oracle,0.5,0.0,0.55144,0.85207,170689
HRF,4.0,A_dice,A_dice_s1,1,15_h,oracle,0.5,0.25,0.66865,0.81154,213813
HRF,4.0,A_dice,A_dice_s1,1,15_h,oracle,0.5,0.5,0.77151,0.73163,264620
HRF,4.0,A_dice,A_dice_s1,1,15_h,oracle,0.5,1.0,0.79495,0.61113,353376
HRF,4.0,A_dice,A_dice_s1,1,15_h,oracle,1.0,0.0,0.72298,0.82703,198632
HRF,4.0,A_dice,A_dice_s1,1,15_h,oracle,1.0,0.25,0.80199,0.78943,228886
HRF,4.0,A_dice,A_dice_s1,1,15_h,oracle,1.0,0.5,0.81709,0.70949,280678
HRF,4.0,A_dice,A_dice_s1,1,15_h,oracle,1.0,1.0,0.82789,0.57754,385167
HRF,4.0,A_dice,A_dice_s1,1,15_h,oracle,1.5,0.0,0.79451,0.81424,210790
HRF,4.0,A_dice,A_dice_s1,1,15_h,oracle,1.5,0.25,0.81283,0.75746,249912
HRF,4.0,A_dice,A_dice_s1,1,15_h,oracle,1.5,0.5,0.82506,0.68615,297767
HRF,4.0,A_dice,A_dice_s1,1,15_h,oracle,1.5,1.0,0.83405,0.56146,402137
HRF,4.0,A_dice,A_dice_s1,1,15_h,oracle,2.0,0.0,0.81241,0.76842,240287
HRF,4.0,A_dice,A_dice_s1,1,15_h,oracle,2.0,0.25,0.82209,0.71636,276866
HRF,4.0,A_dice,A_dice_s1,1,15_h,oracle,2.0,0.5,0.83399,0.65155,323820
HRF,4.0,A_dice,A_dice_s1,1,15_h,oracle,2.0,1.0,0.8677,0.5443,421082
HRF,4.0,A_dice,A_dice_s2,2,11_dr,raw,0.0,0.0,0.13695,0.81734,192284
HRF,4.0,A_dice,A_dice_s2,2,11_dr,isotropic,0.25,0.25,0.26551,0.75214,258023
HRF,4.0,A_dice,A_dice_s2,2,11_dr,isotropic,0.5,0.5,0.34935,0.66665,323021
HRF,4.0,A_dice,A_dice_s2,2,11_dr,isotropic,0.75,0.75,0.37257,0.58316,397897
HRF,4.0,A_dice,A_dice_s2,2,11_dr,isotropic,1.0,1.0,0.38305,0.5266,461293
HRF,4.0,A_dice,A_dice_s2,2,11_dr,isotropic,1.5,1.5,0.3992,0.43221,604262
HRF,4.0,A_dice,A_dice_s2,2,11_dr,oracle,0.0,0.25,0.13695,0.81734,192284
HRF,4.0,A_dice,A_dice_s2,2,11_dr,oracle,0.0,0.5,0.20458,0.74883,252160
HRF,4.0,A_dice,A_dice_s2,2,11_dr,oracle,0.0,1.0,0.31378,0.59375,383581
HRF,4.0,A_dice,A_dice_s2,2,11_dr,oracle,0.5,0.0,0.16308,0.81087,204428
HRF,4.0,A_dice,A_dice_s2,2,11_dr,oracle,0.5,0.25,0.26702,0.75192,258543
HRF,4.0,A_dice,A_dice_s2,2,11_dr,oracle,0.5,0.5,0.34798,0.67191,318672
HRF,4.0,A_dice,A_dice_s2,2,11_dr,oracle,0.5,1.0,0.37035,0.55168,429778
HRF,4.0,A_dice,A_dice_s2,2,11_dr,oracle,1.0,0.0,0.24811,0.78926,230065
HRF,4.0,A_dice,A_dice_s2,2,11_dr,oracle,1.0,0.25,0.32382,0.74491,266272
HRF,4.0,A_dice,A_dice_s2,2,11_dr,oracle,1.0,0.5,0.36336,0.6597,330412
HRF,4.0,A_dice,A_dice_s2,2,11_dr,oracle,1.0,1.0,0.38276,0.52822,459262
HRF,4.0,A_dice,A_dice_s2,2,11_dr,oracle,1.5,0.0,0.27278,0.77612,242716
HRF,4.0,A_dice,A_dice_s2,2,11_dr,oracle,1.5,0.25,0.35039,0.72596,281411
HRF,4.0,A_dice,A_dice_s2,2,11_dr,oracle,1.5,0.5,0.37403,0.64861,341170
HRF,4.0,A_dice,A_dice_s2,2,11_dr,oracle,1.5,1.0,0.39112,0.51974,471741
HRF,4.0,A_dice,A_dice_s2,2,11_dr,oracle,2.0,0.0,0.2946,0.74151,268476
HRF,4.0,A_dice,A_dice_s2,2,11_dr,oracle,2.0,0.25,0.36969,0.69879,302207
HRF,4.0,A_dice,A_dice_s2,2,11_dr,oracle,2.0,0.5,0.39064,0.62614,361557
HRF,4.0,A_dice,A_dice_s2,2,11_dr,oracle,2.0,1.0,0.40034,0.51172,483632
HRF,4.0,A_dice,A_dice_s2,2,11_g,raw,0.0,0.0,0.12419,0.81606,169391
HRF,4.0,A_dice,A_dice_s2,2,11_g,isotropic,0.25,0.25,0.23513,0.75083,231152
HRF,4.0,A_dice,A_dice_s2,2,11_g,isotropic,0.5,0.5,0.33267,0.6618,292391
HRF,4.0,A_dice,A_dice_s2,2,11_g,isotropic,0.75,0.75,0.36717,0.57635,363022
HRF,4.0,A_dice,A_dice_s2,2,11_g,isotropic,1.0,1.0,0.37535,0.51885,422871
HRF,4.0,A_dice,A_dice_s2,2,11_g,isotropic,1.5,1.5,0.76949,0.4236,558065
HRF,4.0,A_dice,A_dice_s2,2,11_g,oracle,0.0,0.25,0.12419,0.81606,169391
HRF,4.0,A_dice,A_dice_s2,2,11_g,oracle,0.0,0.5,0.17076,0.74816,224758
HRF,4.0,A_dice,A_dice_s2,2,11_g,oracle,0.0,1.0,0.26807,0.58819,348523
HRF,4.0,A_dice,A_dice_s2,2,11_g,oracle,0.5,0.0,0.15058,0.81029,180855
HRF,4.0,A_dice,A_dice_s2,2,11_g,oracle,0.5,0.25,0.23691,0.75035,231716
HRF,4.0,A_dice,A_dice_s2,2,11_g,oracle,0.5,0.5,0.32614,0.66816,287767
HRF,4.0,A_dice,A_dice_s2,2,11_g,oracle,0.5,1.0,0.36594,0.54438,393235
HRF,4.0,A_dice,A_dice_s2,2,11_g,oracle,1.0,0.0,0.21164,0.78858,205509
HRF,4.0,A_dice,A_dice_s2,2,11_g,oracle,1.0,0.25,0.29849,0.74197,239601
HRF,4.0,A_dice,A_dice_s2,2,11_g,oracle,1.0,0.5,0.35668,0.65406,299783
HRF,4.0,A_dice,A_dice_s2,2,11_g,oracle,1.0,1.0,0.37521,0.52076,420705
HRF,4.0,A_dice,A_dice_s2,2,11_g,oracle,1.5,0.0,0.238,0.77425,217834
HRF,4.0,A_dice,A_dice_s2,2,11_g,oracle,1.5,0.25,0.33869,0.72145,254416
HRF,4.0,A_dice,A_dice_s2,2,11_g,oracle,1.5,0.5,0.37083,0.6418,310547
HRF,4.0,A_dice,A_dice_s2,2,11_g,oracle,1.5,1.0,0.38179,0.51146,433059
HRF,4.0,A_dice,A_dice_s2,2,11_g,oracle,2.0,0.0,0.30598,0.7369,243199
HRF,4.0,A_dice,A_dice_s2,2,11_g,oracle,2.0,0.25,0.35877,0.692,274960
HRF,4.0,A_dice,A_dice_s2,2,11_g,oracle,2.0,0.5,0.37584,0.61783,330451
HRF,4.0,A_dice,A_dice_s2,2,11_g,oracle,2.0,1.0,0.38983,0.50291,444830
HRF,4.0,A_dice,A_dice_s2,2,11_h,raw,0.0,0.0,0.22095,0.87026,186411
HRF,4.0,A_dice,A_dice_s2,2,11_h,isotropic,0.25,0.25,0.38345,0.82545,248275
HRF,4.0,A_dice,A_dice_s2,2,11_h,isotropic,0.5,0.5,0.42595,0.74133,309623
HRF,4.0,A_dice,A_dice_s2,2,11_h,isotropic,0.75,0.75,0.42904,0.65408,380163
HRF,4.0,A_dice,A_dice_s2,2,11_h,isotropic,1.0,1.0,0.4335,0.59304,440475
HRF,4.0,A_dice,A_dice_s2,2,11_h,isotropic,1.5,1.5,0.87721,0.48985,576425
HRF,4.0,A_dice,A_dice_s2,2,11_h,oracle,0.0,0.25,0.22095,0.87026,186411
HRF,4.0,A_dice,A_dice_s2,2,11_h,oracle,0.0,0.5,0.28796,0.82041,241718
HRF,4.0,A_dice,A_dice_s2,2,11_h,oracle,0.0,1.0,0.3939,0.67134,361808
HRF,4.0,A_dice,A_dice_s2,2,11_h,oracle,0.5,0.0,0.29866,0.86379,200367
HRF,4.0,A_dice,A_dice_s2,2,11_h,oracle,0.5,0.25,0.38411,0.82443,249126
HRF,4.0,A_dice,A_dice_s2,2,11_h,oracle,0.5,0.5,0.42069,0.74679,305355
HRF,4.0,A_dice,A_dice_s2,2,11_h,oracle,0.5,1.0,0.4279,0.62559,405616
HRF,4.0,A_dice,A_dice_s2,2,11_h,oracle,1.0,0.0,0.35923,0.84242,229051
HRF,4.0,A_dice,A_dice_s2,2,11_h,oracle,1.0,0.25,0.42327,0.80628,263138
HRF,4.0,A_dice,A_dice_s2,2,11_h,oracle,1.0,0.5,0.4291,0.72713,321425
HRF,4.0,A_dice,A_dice_s2,2,11_h,oracle,1.0,1.0,0.43347,0.59485,438521
HRF,4.0,A_dice,A_dice_s2,2,11_h,oracle,1.5,0.0,0.42014,0.83062,241818
HRF,4.0,A_dice,A_dice_s2,2,11_h,oracle,1.5,0.25,0.43097,0.77867,283745
HRF,4.0,A_dice,A_dice_s2,2,11_h,oracle,1.5,0.5,0.86543,0.70748,337700
HRF,4.0,A_dice,A_dice_s2,2,11_h,oracle,1.5,1.0,0.8725,0.58081,455364
HRF,4.0,A_dice,A_dice_s2,2,11_h,oracle,2.0,0.0,0.85115,0.79054,271699
HRF,4.0,A_dice,A_dice_s2,2,11_h,oracle,2.0,0.25,0.8649,0.74234,310460
HRF,4.0,A_dice,A_dice_s2,2,11_h,oracle,2.0,0.5,0.87304,0.67597,363900
HRF,4.0,A_dice,A_dice_s2,2,11_h,oracle,2.0,1.0,0.87829,0.56592,473714
HRF,4.0,A_dice,A_dice_s2,2,12_dr,raw,0.0,0.0,0.05879,0.76841,146216
HRF,4.0,A_dice,A_dice_s2,2,12_dr,isotropic,0.25,0.25,0.26611,0.71517,201111
HRF,4.0,A_dice,A_dice_s2,2,12_dr,isotropic,0.5,0.5,0.36166,0.63745,255789
HRF,4.0,A_dice,A_dice_s2,2,12_dr,isotropic,0.75,0.75,0.42375,0.55827,319292
HRF,4.0,A_dice,A_dice_s2,2,12_dr,isotropic,1.0,1.0,0.46903,0.5038,373586
HRF,4.0,A_dice,A_dice_s2,2,12_dr,isotropic,1.5,1.5,0.52403,0.41277,496743
HRF,4.0,A_dice,A_dice_s2,2,12_dr,oracle,0.0,0.25,0.05879,0.76841,146216
HRF,4.0,A_dice,A_dice_s2,2,12_dr,oracle,0.0,0.5,0.08946,0.71061,195108
HRF,4.0,A_dice,A_dice_s2,2,12_dr,oracle,0.0,1.0,0.17813,0.56752,304090
HRF,4.0,A_dice,A_dice_s2,2,12_dr,oracle,0.5,0.0,0.06991,0.76473,157141
HRF,4.0,A_dice,A_dice_s2,2,12_dr,oracle,0.5,0.25,0.29926,0.71516,201753
HRF,4.0,A_dice,A_dice_s2,2,12_dr,oracle,0.5,0.5,0.35632,0.64205,252219
HRF,4.0,A_dice,A_dice_s2,2,12_dr,oracle,0.5,1.0,0.40962,0.52758,344936
HRF,4.0,A_dice,A_dice_s2,2,12_dr,oracle,1.0,0.0,0.26071,0.74796,180438
HRF,4.0,A_dice,A_dice_s2,2,12_dr,oracle,1.0,0.25,0.3481,0.70963,210734
HRF,4.0,A_dice,A_dice_s2,2,12_dr,oracle,1.0,0.5,0.40341,0.63121,263991
HRF,4.0,A_dice,A_dice_s2,2,12_dr,oracle,1.0,1.0,0.45725,0.50526,371920
HRF,4.0,A_dice,A_dice_s2,2,12_dr,oracle,1.5,0.0,0.32043,0.73789,192142
HRF,4.0,A_dice,A_dice_s2,2,12_dr,oracle,1.5,0.25,0.37745,0.69239,225445
HRF,4.0,A_dice,A_dice_s2,2,12_dr,oracle,1.5,0.5,0.4345,0.62101,275183
HRF,4.0,A_dice,A_dice_s2,2,12_dr,oracle,1.5,1.0,0.50405,0.49717,384696
HRF,4.0,A_dice,A_dice_s2,2,12_dr,oracle,2.0,0.0,0.35559,0.70709,215505
HRF,4.0,A_dice,A_dice_s2,2,12_dr,oracle,2.0,0.25,0.43216,0.66701,244822
HRF,4.0,A_dice,A_dice_s2,2,12_dr,oracle,2.0,0.5,0.48462,0.59951,294178
HRF,4.0,A_dice,A_dice_s2,2,12_dr,oracle,2.0,1.0,0.52228,0.4893,397002
HRF,4.0,A_dice,A_dice_s2,2,12_g,raw,0.0,0.0,0.14052,0.81465,186957
HRF,4.0,A_dice,A_dice_s2,2,12_g,isotropic,0.25,0.25,0.26892,0.74219,254166
HRF,4.0,A_dice,A_dice_s2,2,12_g,isotropic,0.5,0.5,0.64094,0.65274,320935
HRF,4.0,A_dice,A_dice_s2,2,12_g,isotropic,0.75,0.75,0.69147,0.5691,397007
HRF,4.0,A_dice,A_dice_s2,2,12_g,isotropic,1.0,1.0,0.71724,0.51216,462455
HRF,4.0,A_dice,A_dice_s2,2,12_g,isotropic,1.5,1.5,0.76004,0.41912,608513
HRF,4.0,A_dice,A_dice_s2,2,12_g,oracle,0.0,0.25,0.14052,0.81465,186957
HRF,4.0,A_dice,A_dice_s2,2,12_g,oracle,0.0,0.5,0.19523,0.74116,246823
HRF,4.0,A_dice,A_dice_s2,2,12_g,oracle,0.0,1.0,0.60512,0.58047,381403
HRF,4.0,A_dice,A_dice_s2,2,12_g,oracle,0.5,0.0,0.16233,0.80751,199378
HRF,4.0,A_dice,A_dice_s2,2,12_g,oracle,0.5,0.25,0.27003,0.74174,254798
HRF,4.0,A_dice,A_dice_s2,2,12_g,oracle,0.5,0.5,0.63042,0.6584,316246
HRF,4.0,A_dice,A_dice_s2,2,12_g,oracle,0.5,1.0,0.68759,0.53903,428227
HRF,4.0,A_dice,A_dice_s2,2,12_g,oracle,1.0,0.0,0.49127,0.78267,226094
HRF,4.0,A_dice,A_dice_s2,2,12_g,oracle,1.0,0.25,0.59952,0.73289,263493
HRF,4.0,A_dice,A_dice_s2,2,12_g,oracle,1.0,0.5,0.68368,0.6454,328808
HRF,4.0,A_dice,A_dice_s2,2,12_g,oracle,1.0,1.0,0.71667,0.51384,460322
HRF,4.0,A_dice,A_dice_s2,2,12_g,oracle,1.5,0.0,0.54178,0.76707,239640
HRF,4.0,A_dice,A_dice_s2,2,12_g,oracle,1.5,0.25,0.64841,0.71195,279668
HRF,4.0,A_dice,A_dice_s2,2,12_g,oracle,1.5,0.5,0.70528,0.63281,340833
HRF,4.0,A_dice,A_dice_s2,2,12_g,oracle,1.5,1.0,0.73655,0.50492,473779
HRF,4.0,A_dice,A_dice_s2,2,12_g,oracle,2.0,0.0,0.61133,0.72659,268515
HRF,4.0,A_dice,A_dice_s2,2,12_g,oracle,2.0,0.25,0.69291,0.68074,303338
HRF,4.0,A_dice,A_dice_s2,2,12_g,oracle,2.0,0.5,0.72567,0.60844,363245
HRF,4.0,A_dice,A_dice_s2,2,12_g,oracle,2.0,1.0,0.75658,0.49625,487062
HRF,4.0,A_dice,A_dice_s2,2,12_h,raw,0.0,0.0,0.27808,0.87496,205457
HRF,4.0,A_dice,A_dice_s2,2,12_h,isotropic,0.25,0.25,0.37898,0.83883,271782
HRF,4.0,A_dice,A_dice_s2,2,12_h,isotropic,0.5,0.5,0.41016,0.7585,337487
HRF,4.0,A_dice,A_dice_s2,2,12_h,isotropic,0.75,0.75,0.4171,0.67284,412427
HRF,4.0,A_dice,A_dice_s2,2,12_h,isotropic,1.0,1.0,0.42704,0.61188,476625
HRF,4.0,A_dice,A_dice_s2,2,12_h,isotropic,1.5,1.5,0.43967,0.50865,619884
HRF,4.0,A_dice,A_dice_s2,2,12_h,oracle,0.0,0.25,0.27808,0.87496,205457
HRF,4.0,A_dice,A_dice_s2,2,12_h,oracle,0.0,0.5,0.33722,0.83564,263621
HRF,4.0,A_dice,A_dice_s2,2,12_h,oracle,0.0,1.0,0.39032,0.69071,391977
HRF,4.0,A_dice,A_dice_s2,2,12_h,oracle,0.5,0.0,0.32568,0.87068,220321
HRF,4.0,A_dice,A_dice_s2,2,12_h,oracle,0.5,0.25,0.37951,0.83777,272787
HRF,4.0,A_dice,A_dice_s2,2,12_h,oracle,0.5,0.5,0.40709,0.76372,333091
HRF,4.0,A_dice,A_dice_s2,2,12_h,oracle,0.5,1.0,0.41592,0.64471,439205
HRF,4.0,A_dice,A_dice_s2,2,12_h,oracle,1.0,0.0,0.39579,0.85188,251231
HRF,4.0,A_dice,A_dice_s2,2,12_h,oracle,1.0,0.25,0.41073,0.82028,287795
HRF,4.0,A_dice,A_dice_s2,2,12_h,oracle,1.0,0.5,0.41853,0.74486,350012
HRF,4.0,A_dice,A_dice_s2,2,12_h,oracle,1.0,1.0,0.42696,0.6135,474735
HRF,4.0,A_dice,A_dice_s2,2,12_h,oracle,1.5,0.0,0.40956,0.84215,264977
HRF,4.0,A_dice,A_dice_s2,2,12_h,oracle,1.5,0.25,0.42213,0.79393,309604
HRF,4.0,A_dice,A_dice_s2,2,12_h,oracle,1.5,0.5,0.43104,0.72497,367633
HRF,4.0,A_dice,A_dice_s2,2,12_h,oracle,1.5,1.0,0.43563,0.59959,492415
HRF,4.0,A_dice,A_dice_s2,2,12_h,oracle,2.0,0.0,0.41987,0.80377,296972
HRF,4.0,A_dice,A_dice_s2,2,12_h,oracle,2.0,0.25,0.43292,0.75816,338332
HRF,4.0,A_dice,A_dice_s2,2,12_h,oracle,2.0,0.5,0.43583,0.69409,395501
HRF,4.0,A_dice,A_dice_s2,2,12_h,oracle,2.0,1.0,0.44706,0.58459,511942
HRF,4.0,A_dice,A_dice_s2,2,13_dr,raw,0.0,0.0,0.06649,0.79874,140080
HRF,4.0,A_dice,A_dice_s2,2,13_dr,isotropic,0.25,0.25,0.28331,0.75189,189479
HRF,4.0,A_dice,A_dice_s2,2,13_dr,isotropic,0.5,0.5,0.34127,0.67334,238602
HRF,4.0,A_dice,A_dice_s2,2,13_dr,isotropic,0.75,0.75,0.37447,0.59212,295562
HRF,4.0,A_dice,A_dice_s2,2,13_dr,isotropic,1.0,1.0,0.46119,0.53584,344324
HRF,4.0,A_dice,A_dice_s2,2,13_dr,isotropic,1.5,1.5,0.59029,0.44059,455071
HRF,4.0,A_dice,A_dice_s2,2,13_dr,oracle,0.0,0.25,0.06649,0.79874,140080
HRF,4.0,A_dice,A_dice_s2,2,13_dr,oracle,0.0,0.5,0.08794,0.74603,184639
HRF,4.0,A_dice,A_dice_s2,2,13_dr,oracle,0.0,1.0,0.31131,0.60079,283846
HRF,4.0,A_dice,A_dice_s2,2,13_dr,oracle,0.5,0.0,0.10743,0.7969,149334
HRF,4.0,A_dice,A_dice_s2,2,13_dr,oracle,0.5,0.25,0.28915,0.75194,189927
HRF,4.0,A_dice,A_dice_s2,2,13_dr,oracle,0.5,0.5,0.3314,0.6793,234723
HRF,4.0,A_dice,A_dice_s2,2,13_dr,oracle,0.5,1.0,0.37173,0.55993,319563
HRF,4.0,A_dice,A_dice_s2,2,13_dr,oracle,1.0,0.0,0.23673,0.7853,168660
HRF,4.0,A_dice,A_dice_s2,2,13_dr,oracle,1.0,0.25,0.31766,0.74802,196252
HRF,4.0,A_dice,A_dice_s2,2,13_dr,oracle,1.0,0.5,0.39334,0.66828,244556
HRF,4.0,A_dice,A_dice_s2,2,13_dr,oracle,1.0,1.0,0.46088,0.53769,342564
HRF,4.0,A_dice,A_dice_s2,2,13_dr,oracle,1.5,0.0,0.30009,0.77652,178469
HRF,4.0,A_dice,A_dice_s2,2,13_dr,oracle,1.5,0.25,0.41121,0.73327,207498
HRF,4.0,A_dice,A_dice_s2,2,13_dr,oracle,1.5,0.5,0.53604,0.65959,252653
HRF,4.0,A_dice,A_dice_s2,2,13_dr,oracle,1.5,1.0,0.56674,0.52986,352802
HRF,4.0,A_dice,A_dice_s2,2,13_dr,oracle,2.0,0.0,0.38576,0.74931,197379
HRF,4.0,A_dice,A_dice_s2,2,13_dr,oracle,2.0,0.25,0.51955,0.71102,222477
HRF,4.0,A_dice,A_dice_s2,2,13_dr,oracle,2.0,0.5,0.56138,0.63973,267707
HRF,4.0,A_dice,A_dice_s2,2,13_dr,oracle,2.0,1.0,0.59859,0.52342,361614
HRF,4.0,A_dice,A_dice_s2,2,13_g,raw,0.0,0.0,0.08667,0.78226,152978
HRF,4.0,A_dice,A_dice_s2,2,13_g,isotropic,0.25,0.25,0.22639,0.71924,211707
HRF,4.0,A_dice,A_dice_s2,2,13_g,isotropic,0.5,0.5,0.27644,0.63278,269976
HRF,4.0,A_dice,A_dice_s2,2,13_g,isotropic,0.75,0.75,0.30039,0.55074,335867
HRF,4.0,A_dice,A_dice_s2,2,13_g,isotropic,1.0,1.0,0.31082,0.49452,392776
HRF,4.0,A_dice,A_dice_s2,2,13_g,isotropic,1.5,1.5,0.32711,0.40361,519176
HRF,4.0,A_dice,A_dice_s2,2,13_g,oracle,0.0,0.25,0.08667,0.78226,152978
HRF,4.0,A_dice,A_dice_s2,2,13_g,oracle,0.0,0.5,0.14634,0.7159,205504
HRF,4.0,A_dice,A_dice_s2,2,13_g,oracle,0.0,1.0,0.26213,0.56001,323211
HRF,4.0,A_dice,A_dice_s2,2,13_g,oracle,0.5,0.0,0.12322,0.77645,163949
HRF,4.0,A_dice,A_dice_s2,2,13_g,oracle,0.5,0.25,0.22861,0.71887,212248
HRF,4.0,A_dice,A_dice_s2,2,13_g,oracle,0.5,0.5,0.26979,0.63824,265930
HRF,4.0,A_dice,A_dice_s2,2,13_g,oracle,0.5,1.0,0.30073,0.52122,362310
HRF,4.0,A_dice,A_dice_s2,2,13_g,oracle,1.0,0.0,0.18976,0.75736,186993
HRF,4.0,A_dice,A_dice_s2,2,13_g,oracle,1.0,0.25,0.25362,0.71189,219640
HRF,4.0,A_dice,A_dice_s2,2,13_g,oracle,1.0,0.5,0.29252,0.62632,276691
HRF,4.0,A_dice,A_dice_s2,2,13_g,oracle,1.0,1.0,0.3107,0.49625,390838
HRF,4.0,A_dice,A_dice_s2,2,13_g,oracle,1.5,0.0,0.21757,0.74449,198528
HRF,4.0,A_dice,A_dice_s2,2,13_g,oracle,1.5,0.25,0.2705,0.69327,233460
HRF,4.0,A_dice,A_dice_s2,2,13_g,oracle,1.5,0.5,0.30259,0.61534,286706
HRF,4.0,A_dice,A_dice_s2,2,13_g,oracle,1.5,1.0,0.31858,0.48823,402123
HRF,4.0,A_dice,A_dice_s2,2,13_g,oracle,2.0,0.0,0.25512,0.70862,223068
HRF,4.0,A_dice,A_dice_s2,2,13_g,oracle,2.0,0.25,0.28364,0.66429,253631
HRF,4.0,A_dice,A_dice_s2,2,13_g,oracle,2.0,0.5,0.31088,0.5928,305526
HRF,4.0,A_dice,A_dice_s2,2,13_g,oracle,2.0,1.0,0.32568,0.48069,413089
HRF,4.0,A_dice,A_dice_s2,2,13_h,raw,0.0,0.0,0.23802,0.85182,185865
HRF,4.0,A_dice,A_dice_s2,2,13_h,isotropic,0.25,0.25,0.3222,0.79574,248296
HRF,4.0,A_dice,A_dice_s2,2,13_h,isotropic,0.5,0.5,0.37559,0.70911,310071
HRF,4.0,A_dice,A_dice_s2,2,13_h,isotropic,0.75,0.75,0.76219,0.62346,380971
HRF,4.0,A_dice,A_dice_s2,2,13_h,isotropic,1.0,1.0,0.77402,0.5642,441691
HRF,4.0,A_dice,A_dice_s2,2,13_h,isotropic,1.5,1.5,0.81706,0.46489,577890
HRF,4.0,A_dice,A_dice_s2,2,13_h,oracle,0.0,0.25,0.23802,0.85182,185865
HRF,4.0,A_dice,A_dice_s2,2,13_h,oracle,0.0,0.5,0.2809,0.79543,240313
HRF,4.0,A_dice,A_dice_s2,2,13_h,oracle,0.0,1.0,0.34739,0.64437,358737
HRF,4.0,A_dice,A_dice_s2,2,13_h,oracle,0.5,0.0,0.27787,0.84,201314
HRF,4.0,A_dice,A_dice_s2,2,13_h,oracle,0.5,0.25,0.32262,0.79439,249422
HRF,4.0,A_dice,A_dice_s2,2,13_h,oracle,0.5,0.5,0.37527,0.71446,305871
HRF,4.0,A_dice,A_dice_s2,2,13_h,oracle,0.5,1.0,0.75102,0.59782,404240
HRF,4.0,A_dice,A_dice_s2,2,13_h,oracle,1.0,0.0,0.32683,0.8078,233246
HRF,4.0,A_dice,A_dice_s2,2,13_h,oracle,1.0,0.25,0.33906,0.76942,267356
HRF,4.0,A_dice,A_dice_s2,2,13_h,oracle,1.0,0.5,0.38514,0.69201,324413
HRF,4.0,A_dice,A_dice_s2,2,13_h,oracle,1.0,1.0,0.77373,0.56591,439710
HRF,4.0,A_dice,A_dice_s2,2,13_h,oracle,1.5,0.0,0.37039,0.79336,246756
HRF,4.0,A_dice,A_dice_s2,2,13_h,oracle,1.5,0.25,0.38658,0.73766,290382
HRF,4.0,A_dice,A_dice_s2,2,13_h,oracle,1.5,0.5,0.77766,0.66925,343884
HRF,4.0,A_dice,A_dice_s2,2,13_h,oracle,1.5,1.0,0.79806,0.55055,459018
HRF,4.0,A_dice,A_dice_s2,2,13_h,oracle,2.0,0.0,0.3834,0.75154,277259
HRF,4.0,A_dice,A_dice_s2,2,13_h,oracle,2.0,0.25,0.39121,0.70045,318691
HRF,4.0,A_dice,A_dice_s2,2,13_h,oracle,2.0,0.5,0.79193,0.63716,372161
HRF,4.0,A_dice,A_dice_s2,2,13_h,oracle,2.0,1.0,0.82574,0.53441,480030
HRF,4.0,A_dice,A_dice_s2,2,14_dr,raw,0.0,0.0,0.07022,0.77335,163675
HRF,4.0,A_dice,A_dice_s2,2,14_dr,isotropic,0.25,0.25,0.28504,0.72215,221875
HRF,4.0,A_dice,A_dice_s2,2,14_dr,isotropic,0.5,0.5,0.39168,0.64615,279266
HRF,4.0,A_dice,A_dice_s2,2,14_dr,isotropic,0.75,0.75,0.48276,0.57036,343920
HRF,4.0,A_dice,A_dice_s2,2,14_dr,isotropic,1.0,1.0,0.50004,0.51668,400039
HRF,4.0,A_dice,A_dice_s2,2,14_dr,isotropic,1.5,1.5,0.56513,0.42907,523637
HRF,4.0,A_dice,A_dice_s2,2,14_dr,oracle,0.0,0.25,0.07022,0.77335,163675
HRF,4.0,A_dice,A_dice_s2,2,14_dr,oracle,0.0,0.5,0.23288,0.71917,215072
HRF,4.0,A_dice,A_dice_s2,2,14_dr,oracle,0.0,1.0,0.33523,0.5784,329809
HRF,4.0,A_dice,A_dice_s2,2,14_dr,oracle,0.5,0.0,0.1438,0.76966,175532
HRF,4.0,A_dice,A_dice_s2,2,14_dr,oracle,0.5,0.25,0.29609,0.72215,222610
HRF,4.0,A_dice,A_dice_s2,2,14_dr,oracle,0.5,0.5,0.38865,0.6518,274722
HRF,4.0,A_dice,A_dice_s2,2,14_dr,oracle,0.5,1.0,0.4261,0.54319,367835
HRF,4.0,A_dice,A_dice_s2,2,14_dr,oracle,1.0,0.0,0.27207,0.75367,200065
HRF,4.0,A_dice,A_dice_s2,2,14_dr,oracle,1.0,0.25,0.37946,0.7159,231958
HRF,4.0,A_dice,A_dice_s2,2,14_dr,oracle,1.0,0.5,0.47203,0.64041,287384
HRF,4.0,A_dice,A_dice_s2,2,14_dr,oracle,1.0,1.0,0.4953,0.5186,397822
HRF,4.0,A_dice,A_dice_s2,2,14_dr,oracle,1.5,0.0,0.3471,0.74404,211503
HRF,4.0,A_dice,A_dice_s2,2,14_dr,oracle,1.5,0.25,0.43748,0.69925,246410
HRF,4.0,A_dice,A_dice_s2,2,14_dr,oracle,1.5,0.5,0.5057,0.63053,298479
HRF,4.0,A_dice,A_dice_s2,2,14_dr,oracle,1.5,1.0,0.54111,0.5107,410867
HRF,4.0,A_dice,A_dice_s2,2,14_dr,oracle,2.0,0.0,0.41522,0.71525,234755
HRF,4.0,A_dice,A_dice_s2,2,14_dr,oracle,2.0,0.25,0.52749,0.67546,265943
HRF,4.0,A_dice,A_dice_s2,2,14_dr,oracle,2.0,0.5,0.58299,0.6104,317349
HRF,4.0,A_dice,A_dice_s2,2,14_dr,oracle,2.0,1.0,0.6207,0.50346,423258
HRF,4.0,A_dice,A_dice_s2,2,14_g,raw,0.0,0.0,0.08179,0.7715,154538
HRF,4.0,A_dice,A_dice_s2,2,14_g,isotropic,0.25,0.25,0.20624,0.72254,212964
HRF,4.0,A_dice,A_dice_s2,2,14_g,isotropic,0.5,0.5,0.56312,0.64333,271003
HRF,4.0,A_dice,A_dice_s2,2,14_g,isotropic,0.75,0.75,0.6221,0.56273,337244
HRF,4.0,A_dice,A_dice_s2,2,14_g,isotropic,1.0,1.0,0.64753,0.50649,394198
HRF,4.0,A_dice,A_dice_s2,2,14_g,isotropic,1.5,1.5,0.71502,0.41373,521334
HRF,4.0,A_dice,A_dice_s2,2,14_g,oracle,0.0,0.25,0.08179,0.7715,154538
HRF,4.0,A_dice,A_dice_s2,2,14_g,oracle,0.0,0.5,0.12606,0.71701,208083
HRF,4.0,A_dice,A_dice_s2,2,14_g,oracle,0.0,1.0,0.52679,0.57089,325394
HRF,4.0,A_dice,A_dice_s2,2,14_g,oracle,0.5,0.0,0.10029,0.76868,165357
HRF,4.0,A_dice,A_dice_s2,2,14_g,oracle,0.5,0.25,0.2083,0.72222,213468
HRF,4.0,A_dice,A_dice_s2,2,14_g,oracle,0.5,0.5,0.26797,0.64812,266893
HRF,4.0,A_dice,A_dice_s2,2,14_g,oracle,0.5,1.0,0.62205,0.5329,363888
HRF,4.0,A_dice,A_dice_s2,2,14_g,oracle,1.0,0.0,0.18385,0.75523,187777
HRF,4.0,A_dice,A_dice_s2,2,14_g,oracle,1.0,0.25,0.24029,0.71692,220659
HRF,4.0,A_dice,A_dice_s2,2,14_g,oracle,1.0,0.5,0.59153,0.63779,277394
HRF,4.0,A_dice,A_dice_s2,2,14_g,oracle,1.0,1.0,0.647,0.50811,392232
HRF,4.0,A_dice,A_dice_s2,2,14_g,oracle,1.5,0.0,0.20501,0.74556,199289
HRF,4.0,A_dice,A_dice_s2,2,14_g,oracle,1.5,0.25,0.57049,0.70151,233732
HRF,4.0,A_dice,A_dice_s2,2,14_g,oracle,1.5,0.5,0.6397,0.62817,286888
HRF,4.0,A_dice,A_dice_s2,2,14_g,oracle,1.5,1.0,0.69246,0.50044,403313
HRF,4.0,A_dice,A_dice_s2,2,14_g,oracle,2.0,0.0,0.24952,0.71646,222130
HRF,4.0,A_dice,A_dice_s2,2,14_g,oracle,2.0,0.25,0.61546,0.67693,252267
HRF,4.0,A_dice,A_dice_s2,2,14_g,oracle,2.0,0.5,0.67175,0.60699,304978
HRF,4.0,A_dice,A_dice_s2,2,14_g,oracle,2.0,1.0,0.70874,0.4933,413556
HRF,4.0,A_dice,A_dice_s2,2,14_h,raw,0.0,0.0,0.22253,0.85192,181048
HRF,4.0,A_dice,A_dice_s2,2,14_h,isotropic,0.25,0.25,0.31982,0.80234,241934
HRF,4.0,A_dice,A_dice_s2,2,14_h,isotropic,0.5,0.5,0.40186,0.71856,302388
HRF,4.0,A_dice,A_dice_s2,2,14_h,isotropic,0.75,0.75,0.41221,0.63305,371473
HRF,4.0,A_dice,A_dice_s2,2,14_h,isotropic,1.0,1.0,0.41972,0.57285,431077
HRF,4.0,A_dice,A_dice_s2,2,14_h,isotropic,1.5,1.5,0.4317,0.47197,564508
HRF,4.0,A_dice,A_dice_s2,2,14_h,oracle,0.0,0.25,0.22253,0.85192,181048
HRF,4.0,A_dice,A_dice_s2,2,14_h,oracle,0.0,0.5,0.28405,0.80001,234410
HRF,4.0,A_dice,A_dice_s2,2,14_h,oracle,0.0,1.0,0.38071,0.65198,350610
HRF,4.0,A_dice,A_dice_s2,2,14_h,oracle,0.5,0.0,0.2513,0.84422,195470
HRF,4.0,A_dice,A_dice_s2,2,14_h,oracle,0.5,0.25,0.32788,0.80114,242930
HRF,4.0,A_dice,A_dice_s2,2,14_h,oracle,0.5,0.5,0.40115,0.72404,298130
HRF,4.0,A_dice,A_dice_s2,2,14_h,oracle,0.5,1.0,0.40846,0.60638,394814
HRF,4.0,A_dice,A_dice_s2,2,14_h,oracle,1.0,0.0,0.38979,0.81851,225539
HRF,4.0,A_dice,A_dice_s2,2,14_h,oracle,1.0,0.25,0.4041,0.78043,258873
HRF,4.0,A_dice,A_dice_s2,2,14_h,oracle,1.0,0.5,0.41235,0.70325,315276
HRF,4.0,A_dice,A_dice_s2,2,14_h,oracle,1.0,1.0,0.41963,0.57458,429172
HRF,4.0,A_dice,A_dice_s2,2,14_h,oracle,1.5,0.0,0.40018,0.80575,238852
HRF,4.0,A_dice,A_dice_s2,2,14_h,oracle,1.5,0.25,0.41284,0.75015,281379
HRF,4.0,A_dice,A_dice_s2,2,14_h,oracle,1.5,0.5,0.42174,0.68123,333711
HRF,4.0,A_dice,A_dice_s2,2,14_h,oracle,1.5,1.0,0.42595,0.55954,447393
HRF,4.0,A_dice,A_dice_s2,2,14_h,oracle,2.0,0.0,0.41307,0.76206,270627
HRF,4.0,A_dice,A_dice_s2,2,14_h,oracle,2.0,0.25,0.41805,0.71107,310399
HRF,4.0,A_dice,A_dice_s2,2,14_h,oracle,2.0,0.5,0.43147,0.64799,361937
HRF,4.0,A_dice,A_dice_s2,2,14_h,oracle,2.0,1.0,0.43748,0.54331,467719
HRF,4.0,A_dice,A_dice_s2,2,15_dr,raw,0.0,0.0,0.15551,0.75645,165488
HRF,4.0,A_dice,A_dice_s2,2,15_dr,isotropic,0.25,0.25,0.29055,0.69172,219827
HRF,4.0,A_dice,A_dice_s2,2,15_dr,isotropic,0.5,0.5,0.46336,0.61594,273328
HRF,4.0,A_dice,A_dice_s2,2,15_dr,isotropic,0.75,0.75,0.56775,0.54284,333473
HRF,4.0,A_dice,A_dice_s2,2,15_dr,isotropic,1.0,1.0,0.64217,0.4911,385701
HRF,4.0,A_dice,A_dice_s2,2,15_dr,isotropic,1.5,1.5,0.71812,0.40491,501757
HRF,4.0,A_dice,A_dice_s2,2,15_dr,oracle,0.0,0.25,0.15551,0.75645,165488
HRF,4.0,A_dice,A_dice_s2,2,15_dr,oracle,0.0,0.5,0.20886,0.69591,210845
HRF,4.0,A_dice,A_dice_s2,2,15_dr,oracle,0.0,1.0,0.35126,0.5565,316610
HRF,4.0,A_dice,A_dice_s2,2,15_dr,oracle,0.5,0.0,0.17386,0.74368,178328
HRF,4.0,A_dice,A_dice_s2,2,15_dr,oracle,0.5,0.25,0.36426,0.69144,220494
HRF,4.0,A_dice,A_dice_s2,2,15_dr,oracle,0.5,0.5,0.4542,0.62123,269378
HRF,4.0,A_dice,A_dice_s2,2,15_dr,oracle,0.5,1.0,0.56463,0.51837,354792
HRF,4.0,A_dice,A_dice_s2,2,15_dr,oracle,1.0,0.0,0.35911,0.71456,204760
HRF,4.0,A_dice,A_dice_s2,2,15_dr,oracle,1.0,0.25,0.45099,0.67616,233078
HRF,4.0,A_dice,A_dice_s2,2,15_dr,oracle,1.0,0.5,0.52492,0.60441,284020
HRF,4.0,A_dice,A_dice_s2,2,15_dr,oracle,1.0,1.0,0.642,0.49287,383763
HRF,4.0,A_dice,A_dice_s2,2,15_dr,oracle,1.5,0.0,0.40073,0.70461,214459
HRF,4.0,A_dice,A_dice_s2,2,15_dr,oracle,1.5,0.25,0.54174,0.65206,251092
HRF,4.0,A_dice,A_dice_s2,2,15_dr,oracle,1.5,0.5,0.60045,0.59025,297072
HRF,4.0,A_dice,A_dice_s2,2,15_dr,oracle,1.5,1.0,0.6779,0.48183,398537
HRF,4.0,A_dice,A_dice_s2,2,15_dr,oracle,2.0,0.0,0.43274,0.67451,236522
HRF,4.0,A_dice,A_dice_s2,2,15_dr,oracle,2.0,0.25,0.57913,0.62675,270653
HRF,4.0,A_dice,A_dice_s2,2,15_dr,oracle,2.0,0.5,0.68583,0.56796,316820
HRF,4.0,A_dice,A_dice_s2,2,15_dr,oracle,2.0,1.0,0.72992,0.47131,413050
HRF,4.0,A_dice,A_dice_s2,2,15_g,raw,0.0,0.0,0.22052,0.79098,158425
HRF,4.0,A_dice,A_dice_s2,2,15_g,isotropic,0.25,0.25,0.41487,0.7404,215426
HRF,4.0,A_dice,A_dice_s2,2,15_g,isotropic,0.5,0.5,0.54157,0.66074,272105
HRF,4.0,A_dice,A_dice_s2,2,15_g,isotropic,0.75,0.75,0.59966,0.57983,336717
HRF,4.0,A_dice,A_dice_s2,2,15_g,isotropic,1.0,1.0,0.63823,0.52281,392181
HRF,4.0,A_dice,A_dice_s2,2,15_g,isotropic,1.5,1.5,0.6709,0.42889,515719
HRF,4.0,A_dice,A_dice_s2,2,15_g,oracle,0.0,0.25,0.22052,0.79098,158425
HRF,4.0,A_dice,A_dice_s2,2,15_g,oracle,0.0,0.5,0.29016,0.73503,210620
HRF,4.0,A_dice,A_dice_s2,2,15_g,oracle,0.0,1.0,0.51133,0.58851,324889
HRF,4.0,A_dice,A_dice_s2,2,15_g,oracle,0.5,0.0,0.25244,0.78735,168887
HRF,4.0,A_dice,A_dice_s2,2,15_g,oracle,0.5,0.25,0.41809,0.74017,215954
HRF,4.0,A_dice,A_dice_s2,2,15_g,oracle,0.5,0.5,0.5232,0.66564,268237
HRF,4.0,A_dice,A_dice_s2,2,15_g,oracle,0.5,1.0,0.59447,0.55034,362274
HRF,4.0,A_dice,A_dice_s2,2,15_g,oracle,1.0,0.0,0.34563,0.77242,190847
HRF,4.0,A_dice,A_dice_s2,2,15_g,oracle,1.0,0.25,0.4479,0.73412,222678
HRF,4.0,A_dice,A_dice_s2,2,15_g,oracle,1.0,0.5,0.55951,0.65475,278422
HRF,4.0,A_dice,A_dice_s2,2,15_g,oracle,1.0,1.0,0.63792,0.52453,390335
HRF,4.0,A_dice,A_dice_s2,2,15_g,oracle,1.5,0.0,0.38485,0.76317,200969
HRF,4.0,A_dice,A_dice_s2,2,15_g,oracle,1.5,0.25,0.50738,0.7188,234978
HRF,4.0,A_dice,A_dice_s2,2,15_g,oracle,1.5,0.5,0.61517,0.64501,287348
HRF,4.0,A_dice,A_dice_s2,2,15_g,oracle,1.5,1.0,0.65432,0.51627,401160
HRF,4.0,A_dice,A_dice_s2,2,15_g,oracle,2.0,0.0,0.47388,0.7367,221861
HRF,4.0,A_dice,A_dice_s2,2,15_g,oracle,2.0,0.25,0.56645,0.69626,251799
HRF,4.0,A_dice,A_dice_s2,2,15_g,oracle,2.0,0.5,0.64649,0.62527,303525
HRF,4.0,A_dice,A_dice_s2,2,15_g,oracle,2.0,1.0,0.67535,0.50901,410867
HRF,4.0,A_dice,A_dice_s2,2,15_h,raw,0.0,0.0,0.38998,0.85789,152958
HRF,4.0,A_dice,A_dice_s2,2,15_h,isotropic,0.25,0.25,0.65117,0.81958,207531
HRF,4.0,A_dice,A_dice_s2,2,15_h,isotropic,0.5,0.5,0.76035,0.73494,261848
HRF,4.0,A_dice,A_dice_s2,2,15_h,isotropic,0.75,0.75,0.79218,0.64658,323843
HRF,4.0,A_dice,A_dice_s2,2,15_h,isotropic,1.0,1.0,0.80534,0.58363,377565
HRF,4.0,A_dice,A_dice_s2,2,15_h,isotropic,1.5,1.5,0.83002,0.47807,498766
HRF,4.0,A_dice,A_dice_s2,2,15_h,oracle,0.0,0.25,0.38998,0.85789,152958
HRF,4.0,A_dice,A_dice_s2,2,15_h,oracle,0.0,0.5,0.57161,0.8152,200123
HRF,4.0,A_dice,A_dice_s2,2,15_h,oracle,0.0,1.0,0.68204,0.66655,305237
HRF,4.0,A_dice,A_dice_s2,2,15_h,oracle,0.5,0.0,0.59288,0.85313,165938
HRF,4.0,A_dice,A_dice_s2,2,15_h,oracle,0.5,0.25,0.69674,0.81849,208369
HRF,4.0,A_dice,A_dice_s2,2,15_h,oracle,0.5,0.5,0.75681,0.74005,258167
HRF,4.0,A_dice,A_dice_s2,2,15_h,oracle,0.5,1.0,0.78112,0.61882,345185
HRF,4.0,A_dice,A_dice_s2,2,15_h,oracle,1.0,0.0,0.73124,0.83301,192540
HRF,4.0,A_dice,A_dice_s2,2,15_h,oracle,1.0,0.25,0.76547,0.79832,222277
HRF,4.0,A_dice,A_dice_s2,2,15_h,oracle,1.0,0.5,0.78979,0.71911,273173
HRF,4.0,A_dice,A_dice_s2,2,15_h,oracle,1.0,1.0,0.80508,0.58532,375940
HRF,4.0,A_dice,A_dice_s2,2,15_h,oracle,1.5,0.0,0.75687,0.82229,204249
HRF,4.0,A_dice,A_dice_s2,2,15_h,oracle,1.5,0.25,0.78354,0.76879,241799
HRF,4.0,A_dice,A_dice_s2,2,15_h,oracle,1.5,0.5,0.80208,0.69709,288987
HRF,4.0,A_dice,A_dice_s2,2,15_h,oracle,1.5,1.0,0.82645,0.57003,391696
HRF,4.0,A_dice,A_dice_s2,2,15_h,oracle,2.0,0.0,0.77988,0.77895,232438
HRF,4.0,A_dice,A_dice_s2,2,15_h,oracle,2.0,0.25,0.79276,0.729,267418
HRF,4.0,A_dice,A_dice_s2,2,15_h,oracle,2.0,0.5,0.82343,0.66304,313730
HRF,4.0,A_dice,A_dice_s2,2,15_h,oracle,2.0,1.0,0.83493,0.55351,409306
VessMAP,5.657,K_focal_aug,K_focal_aug_s0,0,7577,raw,0.0,0.0,0.82607,0.94592,26940
VessMAP,5.657,K_focal_aug,K_focal_aug_s0,0,7577,isotropic,0.25,0.25,0.96629,0.84448,35623
VessMAP,5.657,K_focal_aug,K_focal_aug_s0,0,7577,isotropic,0.5,0.5,0.97717,0.76538,42345
VessMAP,5.657,K_focal_aug,K_focal_aug_s0,0,7577,isotropic,0.75,0.75,0.98505,0.70197,48863
VessMAP,5.657,K_focal_aug,K_focal_aug_s0,0,7577,isotropic,1.0,1.0,0.99163,0.66797,52857
VessMAP,5.657,K_focal_aug,K_focal_aug_s0,0,7577,isotropic,1.5,1.5,0.99471,0.62004,59160
VessMAP,5.657,K_focal_aug,K_focal_aug_s0,0,7577,oracle,0.0,0.25,0.9546,0.90263,30436
VessMAP,5.657,K_focal_aug,K_focal_aug_s0,0,7577,oracle,0.0,0.5,0.96325,0.81922,37463
VessMAP,5.657,K_focal_aug,K_focal_aug_s0,0,7577,oracle,0.0,1.0,0.97238,0.71138,47516
VessMAP,5.657,K_focal_aug,K_focal_aug_s0,0,7577,oracle,0.5,0.0,0.96195,0.9204,30000
VessMAP,5.657,K_focal_aug,K_focal_aug_s0,0,7577,oracle,0.5,0.25,0.9702,0.84113,35982
VessMAP,5.657,K_focal_aug,K_focal_aug_s0,0,7577,oracle,0.5,0.5,0.97717,0.76914,42003
VessMAP,5.657,K_focal_aug,K_focal_aug_s0,0,7577,oracle,0.5,1.0,0.98417,0.67601,51767
VessMAP,5.657,K_focal_aug,K_focal_aug_s0,0,7577,oracle,1.0,0.0,0.97194,0.88943,32483
VessMAP,5.657,K_focal_aug,K_focal_aug_s0,0,7577,oracle,1.0,0.25,0.97892,0.82079,37769
VessMAP,5.657,K_focal_aug,K_focal_aug_s0,0,7577,oracle,1.0,0.5,0.98505,0.75283,43726
VessMAP,5.657,K_focal_aug,K_focal_aug_s0,0,7577,oracle,1.0,1.0,0.99163,0.66895,52740
VessMAP,5.657,K_focal_aug,K_focal_aug_s0,0,7577,oracle,1.5,0.0,0.97456,0.84626,35681
VessMAP,5.657,K_focal_aug,K_focal_aug_s0,0,7577,oracle,1.5,0.25,0.98373,0.78685,40731
VessMAP,5.657,K_focal_aug,K_focal_aug_s0,0,7577,oracle,1.5,0.5,0.989,0.73633,45432
VessMAP,5.657,K_focal_aug,K_focal_aug_s0,0,7577,oracle,1.5,1.0,0.99471,0.66291,53566
VessMAP,5.657,K_focal_aug,K_focal_aug_s0,0,7577,oracle,2.0,0.0,0.97587,0.775,41673
VessMAP,5.657,K_focal_aug,K_focal_aug_s0,0,7577,oracle,2.0,0.25,0.98812,0.74023,45101
VessMAP,5.657,K_focal_aug,K_focal_aug_s0,0,7577,oracle,2.0,0.5,0.99251,0.70457,48818
VessMAP,5.657,K_focal_aug,K_focal_aug_s0,0,7577,oracle,2.0,1.0,0.99559,0.65266,54892
VessMAP,5.657,K_focal_aug,K_focal_aug_s0,0,7783,raw,0.0,0.0,0.87386,0.92324,24821
VessMAP,5.657,K_focal_aug,K_focal_aug_s0,0,7783,isotropic,0.25,0.25,0.91181,0.81421,34281
VessMAP,5.657,K_focal_aug,K_focal_aug_s0,0,7783,isotropic,0.5,0.5,0.92219,0.72446,42114
VessMAP,5.657,K_focal_aug,K_focal_aug_s0,0,7783,isotropic,0.75,0.75,0.93612,0.65336,49763
VessMAP,5.657,K_focal_aug,K_focal_aug_s0,0,7783,isotropic,1.0,1.0,0.94225,0.61889,54139
VessMAP,5.657,K_focal_aug,K_focal_aug_s0,0,7783,isotropic,1.5,1.5,0.955,0.57593,60426
VessMAP,5.657,K_focal_aug,K_focal_aug_s0,0,7783,oracle,0.0,0.25,0.88656,0.87882,28345
VessMAP,5.657,K_focal_aug,K_focal_aug_s0,0,7783,oracle,0.0,0.5,0.90492,0.78513,36370
VessMAP,5.657,K_focal_aug,K_focal_aug_s0,0,7783,oracle,0.0,1.0,0.91181,0.66355,48155
VessMAP,5.657,K_focal_aug,K_focal_aug_s0,0,7783,oracle,0.5,0.0,0.90879,0.89679,28087
VessMAP,5.657,K_focal_aug,K_focal_aug_s0,0,7783,oracle,0.5,0.25,0.91829,0.81176,34656
VessMAP,5.657,K_focal_aug,K_focal_aug_s0,0,7783,oracle,0.5,0.5,0.92089,0.7272,41844
VessMAP,5.657,K_focal_aug,K_focal_aug_s0,0,7783,oracle,0.5,1.0,0.92437,0.62498,53062
VessMAP,5.657,K_focal_aug,K_focal_aug_s0,0,7783,oracle,1.0,0.0,0.92739,0.8596,31130
VessMAP,5.657,K_focal_aug,K_focal_aug_s0,0,7783,oracle,1.0,0.25,0.93437,0.78708,36958
VessMAP,5.657,K_focal_aug,K_focal_aug_s0,0,7783,oracle,1.0,0.5,0.93874,0.70997,43820
VessMAP,5.657,K_focal_aug,K_focal_aug_s0,0,7783,oracle,1.0,1.0,0.94225,0.6195,54058
VessMAP,5.657,K_focal_aug,K_focal_aug_s0,0,7783,oracle,1.5,0.0,0.93306,0.80691,35175
VessMAP,5.657,K_focal_aug,K_focal_aug_s0,0,7783,oracle,1.5,0.25,0.94005,0.74126,40995
VessMAP,5.657,K_focal_aug,K_focal_aug_s0,0,7783,oracle,1.5,0.5,0.94312,0.68793,46196
VessMAP,5.657,K_focal_aug,K_focal_aug_s0,0,7783,oracle,1.5,1.0,0.94752,0.6138,54996
VessMAP,5.657,K_focal_aug,K_focal_aug_s0,0,7783,oracle,2.0,0.0,0.93699,0.72126,42726
VessMAP,5.657,K_focal_aug,K_focal_aug_s0,0,7783,oracle,2.0,0.25,0.944,0.6856,46454
VessMAP,5.657,K_focal_aug,K_focal_aug_s0,0,7783,oracle,2.0,0.5,0.94795,0.64915,50580
VessMAP,5.657,K_focal_aug,K_focal_aug_s0,0,7783,oracle,2.0,1.0,0.95456,0.60212,56701
VessMAP,5.657,K_focal_aug,K_focal_aug_s0,0,7865,raw,0.0,0.0,0.88396,0.88076,22101
VessMAP,5.657,K_focal_aug,K_focal_aug_s0,0,7865,isotropic,0.25,0.25,0.95111,0.74395,30870
VessMAP,5.657,K_focal_aug,K_focal_aug_s0,0,7865,isotropic,0.5,0.5,0.96089,0.65165,38106
VessMAP,5.657,K_focal_aug,K_focal_aug_s0,0,7865,isotropic,0.75,0.75,0.9722,0.57863,45461
VessMAP,5.657,K_focal_aug,K_focal_aug_s0,0,7865,isotropic,1.0,1.0,0.97813,0.54139,49992
VessMAP,5.657,K_focal_aug,K_focal_aug_s0,0,7865,isotropic,1.5,1.5,0.98308,0.49175,57075
VessMAP,5.657,K_focal_aug,K_focal_aug_s0,0,7865,oracle,0.0,0.25,0.88867,0.82277,25502
VessMAP,5.657,K_focal_aug,K_focal_aug_s0,0,7865,oracle,0.0,0.5,0.91514,0.71676,32653
VessMAP,5.657,K_focal_aug,K_focal_aug_s0,0,7865,oracle,0.0,1.0,0.95648,0.59044,43941
VessMAP,5.657,K_focal_aug,K_focal_aug_s0,0,7865,oracle,0.5,0.0,0.9477,0.82845,25470
VessMAP,5.657,K_focal_aug,K_focal_aug_s0,0,7865,oracle,0.5,0.25,0.9555,0.73769,31371
VessMAP,5.657,K_focal_aug,K_focal_aug_s0,0,7865,oracle,0.5,0.5,0.9604,0.65485,37823
VessMAP,5.657,K_focal_aug,K_focal_aug_s0,0,7865,oracle,0.5,1.0,0.97565,0.54996,48868
VessMAP,5.657,K_focal_aug,K_focal_aug_s0,0,7865,oracle,1.0,0.0,0.95502,0.77739,28681
VessMAP,5.657,K_focal_aug,K_focal_aug_s0,0,7865,oracle,1.0,0.25,0.96089,0.70414,33893
VessMAP,5.657,K_focal_aug,K_focal_aug_s0,0,7865,oracle,1.0,0.5,0.96875,0.63264,39935
VessMAP,5.657,K_focal_aug,K_focal_aug_s0,0,7865,oracle,1.0,1.0,0.97813,0.54203,49911
VessMAP,5.657,K_focal_aug,K_focal_aug_s0,0,7865,oracle,1.5,0.0,0.95893,0.71738,32798
VessMAP,5.657,K_focal_aug,K_focal_aug_s0,0,7865,oracle,1.5,0.25,0.96678,0.65336,38062
VessMAP,5.657,K_focal_aug,K_focal_aug_s0,0,7865,oracle,1.5,0.5,0.97516,0.60669,42522
VessMAP,5.657,K_focal_aug,K_focal_aug_s0,0,7865,oracle,1.5,1.0,0.98209,0.53492,50896
VessMAP,5.657,K_focal_aug,K_focal_aug_s0,0,7865,oracle,2.0,0.0,0.96334,0.63145,39969
VessMAP,5.657,K_focal_aug,K_focal_aug_s0,0,7865,oracle,2.0,0.25,0.96875,0.59761,43411
VessMAP,5.657,K_focal_aug,K_focal_aug_s0,0,7865,oracle,2.0,0.5,0.97812,0.56568,47016
VessMAP,5.657,K_focal_aug,K_focal_aug_s0,0,7865,oracle,2.0,1.0,0.98258,0.52066,52816
VessMAP,5.657,K_focal_aug,K_focal_aug_s0,0,8065,raw,0.0,0.0,0.23463,0.94964,9528
VessMAP,5.657,K_focal_aug,K_focal_aug_s0,0,8065,isotropic,0.25,0.25,0.41216,0.83205,12669
VessMAP,5.657,K_focal_aug,K_focal_aug_s0,0,8065,isotropic,0.5,0.5,0.41249,0.73378,15606
VessMAP,5.657,K_focal_aug,K_focal_aug_s0,0,8065,isotropic,0.75,0.75,0.4135,0.64421,19057
VessMAP,5.657,K_focal_aug,K_focal_aug_s0,0,8065,isotropic,1.0,1.0,0.4135,0.5887,21715
VessMAP,5.657,K_focal_aug,K_focal_aug_s0,0,8065,isotropic,1.5,1.5,0.4135,0.49694,27397
VessMAP,5.657,K_focal_aug,K_focal_aug_s0,0,8065,oracle,0.0,0.25,0.40196,0.90229,10714
VessMAP,5.657,K_focal_aug,K_focal_aug_s0,0,8065,oracle,0.0,0.5,0.4115,0.80406,13408
VessMAP,5.657,K_focal_aug,K_focal_aug_s0,0,8065,oracle,0.0,1.0,0.41151,0.6547,18585
VessMAP,5.657,K_focal_aug,K_focal_aug_s0,0,8065,oracle,0.5,0.0,0.41183,0.92153,10453
VessMAP,5.657,K_focal_aug,K_focal_aug_s0,0,8065,oracle,0.5,0.25,0.41249,0.82945,12754
VessMAP,5.657,K_focal_aug,K_focal_aug_s0,0,8065,oracle,0.5,0.5,0.41249,0.73881,15438
VessMAP,5.657,K_focal_aug,K_focal_aug_s0,0,8065,oracle,0.5,1.0,0.4135,0.60021,21125
VessMAP,5.657,K_focal_aug,K_focal_aug_s0,0,8065,oracle,1.0,0.0,0.41183,0.8822,11409
VessMAP,5.657,K_focal_aug,K_focal_aug_s0,0,8065,oracle,1.0,0.25,0.4135,0.80464,13449
VessMAP,5.657,K_focal_aug,K_focal_aug_s0,0,8065,oracle,1.0,0.5,0.4135,0.71748,16186
VessMAP,5.657,K_focal_aug,K_focal_aug_s0,0,8065,oracle,1.0,1.0,0.4135,0.59029,21632
VessMAP,5.657,K_focal_aug,K_focal_aug_s0,0,8065,oracle,1.5,0.0,0.41216,0.83085,12698
VessMAP,5.657,K_focal_aug,K_focal_aug_s0,0,8065,oracle,1.5,0.25,0.4135,0.75802,14841
VessMAP,5.657,K_focal_aug,K_focal_aug_s0,0,8065,oracle,1.5,0.5,0.4135,0.69153,17139
VessMAP,5.657,K_focal_aug,K_focal_aug_s0,0,8065,oracle,1.5,1.0,0.4135,0.58032,22159
VessMAP,5.657,K_focal_aug,K_focal_aug_s0,0,8065,oracle,2.0,0.0,0.41316,0.74163,15345
VessMAP,5.657,K_focal_aug,K_focal_aug_s0,0,8065,oracle,2.0,0.25,0.4135,0.69739,16919
VessMAP,5.657,K_focal_aug,K_focal_aug_s0,0,8065,oracle,2.0,0.5,0.4135,0.64486,19035
VessMAP,5.657,K_focal_aug,K_focal_aug_s0,0,8065,oracle,2.0,1.0,0.4135,0.56045,23266
VessMAP,5.657,K_focal_aug,K_focal_aug_s0,0,8196,raw,0.0,0.0,0.70881,0.92361,22894
VessMAP,5.657,K_focal_aug,K_focal_aug_s0,0,8196,isotropic,0.25,0.25,0.89477,0.78952,32229
VessMAP,5.657,K_focal_aug,K_focal_aug_s0,0,8196,isotropic,0.5,0.5,0.91367,0.69258,40066
VessMAP,5.657,K_focal_aug,K_focal_aug_s0,0,8196,isotropic,0.75,0.75,0.92233,0.61537,48105
VessMAP,5.657,K_focal_aug,K_focal_aug_s0,0,8196,isotropic,1.0,1.0,0.92929,0.57669,52966
VessMAP,5.657,K_focal_aug,K_focal_aug_s0,0,8196,isotropic,1.5,1.5,0.93147,0.52865,59948
VessMAP,5.657,K_focal_aug,K_focal_aug_s0,0,8196,oracle,0.0,0.25,0.7492,0.87184,26227
VessMAP,5.657,K_focal_aug,K_focal_aug_s0,0,8196,oracle,0.0,0.5,0.75709,0.75728,34417
VessMAP,5.657,K_focal_aug,K_focal_aug_s0,0,8196,oracle,0.0,1.0,0.76538,0.62523,46677
VessMAP,5.657,K_focal_aug,K_focal_aug_s0,0,8196,oracle,0.5,0.0,0.8969,0.88135,26156
VessMAP,5.657,K_focal_aug,K_focal_aug_s0,0,8196,oracle,0.5,0.25,0.90763,0.78584,32583
VessMAP,5.657,K_focal_aug,K_focal_aug_s0,0,8196,oracle,0.5,0.5,0.91367,0.69658,39709
VessMAP,5.657,K_focal_aug,K_focal_aug_s0,0,8196,oracle,0.5,1.0,0.92624,0.58402,51884
VessMAP,5.657,K_focal_aug,K_focal_aug_s0,0,8196,oracle,1.0,0.0,0.90935,0.83424,29319
VessMAP,5.657,K_focal_aug,K_focal_aug_s0,0,8196,oracle,1.0,0.25,0.91886,0.75355,35132
VessMAP,5.657,K_focal_aug,K_focal_aug_s0,0,8196,oracle,1.0,0.5,0.92276,0.67441,41917
VessMAP,5.657,K_focal_aug,K_focal_aug_s0,0,8196,oracle,1.0,1.0,0.92929,0.57745,52864
VessMAP,5.657,K_focal_aug,K_focal_aug_s0,0,8196,oracle,1.5,0.0,0.91497,0.76946,33853
VessMAP,5.657,K_focal_aug,K_focal_aug_s0,0,8196,oracle,1.5,0.25,0.9219,0.69839,39768
VessMAP,5.657,K_focal_aug,K_focal_aug_s0,0,8196,oracle,1.5,0.5,0.92494,0.64594,44863
VessMAP,5.657,K_focal_aug,K_focal_aug_s0,0,8196,oracle,1.5,1.0,0.9306,0.5701,53936
VessMAP,5.657,K_focal_aug,K_focal_aug_s0,0,8196,oracle,2.0,0.0,0.92103,0.675,41888
VessMAP,5.657,K_focal_aug,K_focal_aug_s0,0,8196,oracle,2.0,0.25,0.92624,0.63597,45946
VessMAP,5.657,K_focal_aug,K_focal_aug_s0,0,8196,oracle,2.0,0.5,0.92929,0.60183,49879
VessMAP,5.657,K_focal_aug,K_focal_aug_s0,0,8196,oracle,2.0,1.0,0.93235,0.55608,55937
VessMAP,5.657,K_focal_aug,K_focal_aug_s0,0,8256,raw,0.0,0.0,0.37679,0.91469,9594
VessMAP,5.657,K_focal_aug,K_focal_aug_s0,0,8256,isotropic,0.25,0.25,0.38244,0.80819,12609
VessMAP,5.657,K_focal_aug,K_focal_aug_s0,0,8256,isotropic,0.5,0.5,0.38622,0.71493,15563
VessMAP,5.657,K_focal_aug,K_focal_aug_s0,0,8256,isotropic,0.75,0.75,0.38979,0.62504,19253
VessMAP,5.657,K_focal_aug,K_focal_aug_s0,0,8256,isotropic,1.0,1.0,0.39326,0.57027,22116
VessMAP,5.657,K_focal_aug,K_focal_aug_s0,0,8256,isotropic,1.5,1.5,0.40054,0.48069,28278
VessMAP,5.657,K_focal_aug,K_focal_aug_s0,0,8256,oracle,0.0,0.25,0.37723,0.87245,10670
VessMAP,5.657,K_focal_aug,K_focal_aug_s0,0,8256,oracle,0.0,0.5,0.38051,0.7819,13289
VessMAP,5.657,K_focal_aug,K_focal_aug_s0,0,8256,oracle,0.0,1.0,0.38051,0.63735,18397
VessMAP,5.657,K_focal_aug,K_focal_aug_s0,0,8256,oracle,0.5,0.0,0.38221,0.88118,10684
VessMAP,5.657,K_focal_aug,K_focal_aug_s0,0,8256,oracle,0.5,0.25,0.38483,0.80465,12776
VessMAP,5.657,K_focal_aug,K_focal_aug_s0,0,8256,oracle,0.5,0.5,0.38622,0.71584,15526
VessMAP,5.657,K_focal_aug,K_focal_aug_s0,0,8256,oracle,0.5,1.0,0.38622,0.58188,21224
VessMAP,5.657,K_focal_aug,K_focal_aug_s0,0,8256,oracle,1.0,0.0,0.3904,0.84991,11716
VessMAP,5.657,K_focal_aug,K_focal_aug_s0,0,8256,oracle,1.0,0.25,0.39125,0.77831,13700
VessMAP,5.657,K_focal_aug,K_focal_aug_s0,0,8256,oracle,1.0,0.5,0.39221,0.69683,16407
VessMAP,5.657,K_focal_aug,K_focal_aug_s0,0,8256,oracle,1.0,1.0,0.39326,0.57048,22101
VessMAP,5.657,K_focal_aug,K_focal_aug_s0,0,8256,oracle,1.5,0.0,0.39742,0.81077,12925
VessMAP,5.657,K_focal_aug,K_focal_aug_s0,0,8256,oracle,1.5,0.25,0.39829,0.73981,15105
VessMAP,5.657,K_focal_aug,K_focal_aug_s0,0,8256,oracle,1.5,0.5,0.39829,0.67461,17460
VessMAP,5.657,K_focal_aug,K_focal_aug_s0,0,8256,oracle,1.5,1.0,0.40054,0.56117,22877
VessMAP,5.657,K_focal_aug,K_focal_aug_s0,0,8256,oracle,2.0,0.0,0.40143,0.7368,15274
VessMAP,5.657,K_focal_aug,K_focal_aug_s0,0,8256,oracle,2.0,0.25,0.40293,0.69179,16939
VessMAP,5.657,K_focal_aug,K_focal_aug_s0,0,8256,oracle,2.0,0.5,0.46173,0.63504,19284
VessMAP,5.657,K_focal_aug,K_focal_aug_s0,0,8256,oracle,2.0,1.0,0.46195,0.54301,24097
VessMAP,5.657,K_focal_aug,K_focal_aug_s0,0,8284,raw,0.0,0.0,0.47746,0.95338,12193
VessMAP,5.657,K_focal_aug,K_focal_aug_s0,0,8284,isotropic,0.25,0.25,0.9362,0.86294,15166
VessMAP,5.657,K_focal_aug,K_focal_aug_s0,0,8284,isotropic,0.5,0.5,0.93776,0.78062,18022
VessMAP,5.657,K_focal_aug,K_focal_aug_s0,0,8284,isotropic,0.75,0.75,0.94086,0.69697,21583
VessMAP,5.657,K_focal_aug,K_focal_aug_s0,0,8284,isotropic,1.0,1.0,0.94242,0.64475,24279
VessMAP,5.657,K_focal_aug,K_focal_aug_s0,0,8284,isotropic,1.5,1.5,0.94242,0.55476,30095
VessMAP,5.657,K_focal_aug,K_focal_aug_s0,0,8284,oracle,0.0,0.25,0.47746,0.91982,13292
VessMAP,5.657,K_focal_aug,K_focal_aug_s0,0,8284,oracle,0.0,0.5,0.93465,0.83634,16011
VessMAP,5.657,K_focal_aug,K_focal_aug_s0,0,8284,oracle,0.0,1.0,0.93931,0.70986,20970
VessMAP,5.657,K_focal_aug,K_focal_aug_s0,0,8284,oracle,0.5,0.0,0.9362,0.92866,13148
VessMAP,5.657,K_focal_aug,K_focal_aug_s0,0,8284,oracle,0.5,0.25,0.93776,0.86033,15261
VessMAP,5.657,K_focal_aug,K_focal_aug_s0,0,8284,oracle,0.5,0.5,0.93776,0.78268,17944
VessMAP,5.657,K_focal_aug,K_focal_aug_s0,0,8284,oracle,0.5,1.0,0.93931,0.65572,23664
VessMAP,5.657,K_focal_aug,K_focal_aug_s0,0,8284,oracle,1.0,0.0,0.93776,0.89793,14107
VessMAP,5.657,K_focal_aug,K_focal_aug_s0,0,8284,oracle,1.0,0.25,0.94086,0.8365,16056
VessMAP,5.657,K_focal_aug,K_focal_aug_s0,0,8284,oracle,1.0,0.5,0.94086,0.7643,18664
VessMAP,5.657,K_focal_aug,K_focal_aug_s0,0,8284,oracle,1.0,1.0,0.94242,0.64549,24238
VessMAP,5.657,K_focal_aug,K_focal_aug_s0,0,8284,oracle,1.5,0.0,0.93776,0.85633,15391
VessMAP,5.657,K_focal_aug,K_focal_aug_s0,0,8284,oracle,1.5,0.25,0.94242,0.79622,17465
VessMAP,5.657,K_focal_aug,K_focal_aug_s0,0,8284,oracle,1.5,0.5,0.94242,0.73971,19682
VessMAP,5.657,K_focal_aug,K_focal_aug_s0,0,8284,oracle,1.5,1.0,0.94242,0.63593,24779
VessMAP,5.657,K_focal_aug,K_focal_aug_s0,0,8284,oracle,2.0,0.0,0.93776,0.78266,17945
VessMAP,5.657,K_focal_aug,K_focal_aug_s0,0,8284,oracle,2.0,0.25,0.94242,0.74785,19342
VessMAP,5.657,K_focal_aug,K_focal_aug_s0,0,8284,oracle,2.0,0.5,0.94242,0.69894,21504
VessMAP,5.657,K_focal_aug,K_focal_aug_s0,0,8284,oracle,2.0,1.0,0.94242,0.61616,25945
VessMAP,5.657,K_focal_aug,K_focal_aug_s0,0,8353,raw,0.0,0.0,0.26288,0.93739,13963
VessMAP,5.657,K_focal_aug,K_focal_aug_s0,0,8353,isotropic,0.25,0.25,0.60157,0.77876,20601
VessMAP,5.657,K_focal_aug,K_focal_aug_s0,0,8353,isotropic,0.5,0.5,0.60607,0.664,26624
VessMAP,5.657,K_focal_aug,K_focal_aug_s0,0,8353,isotropic,0.75,0.75,0.61002,0.56722,33585
VessMAP,5.657,K_focal_aug,K_focal_aug_s0,0,8353,isotropic,1.0,1.0,0.61172,0.51555,38387
VessMAP,5.657,K_focal_aug,K_focal_aug_s0,0,8353,isotropic,1.5,1.5,0.6174,0.44099,47301
VessMAP,5.657,K_focal_aug,K_focal_aug_s0,0,8353,oracle,0.0,0.25,0.47743,0.86804,16527
VessMAP,5.657,K_focal_aug,K_focal_aug_s0,0,8353,oracle,0.0,0.5,0.58158,0.73754,22438
VessMAP,5.657,K_focal_aug,K_focal_aug_s0,0,8353,oracle,0.0,1.0,0.60438,0.58083,32315
VessMAP,5.657,K_focal_aug,K_focal_aug_s0,0,8353,oracle,0.5,0.0,0.59597,0.89496,15997
VessMAP,5.657,K_focal_aug,K_focal_aug_s0,0,8353,oracle,0.5,0.25,0.60494,0.77674,20736
VessMAP,5.657,K_focal_aug,K_focal_aug_s0,0,8353,oracle,0.5,0.5,0.60607,0.66739,26418
VessMAP,5.657,K_focal_aug,K_focal_aug_s0,0,8353,oracle,0.5,1.0,0.61115,0.52492,37385
VessMAP,5.657,K_focal_aug,K_focal_aug_s0,0,8353,oracle,1.0,0.0,0.60102,0.84004,18166
VessMAP,5.657,K_focal_aug,K_focal_aug_s0,0,8353,oracle,1.0,0.25,0.61002,0.74251,22443
VessMAP,5.657,K_focal_aug,K_focal_aug_s0,0,8353,oracle,1.0,0.5,0.61116,0.64494,27941
VessMAP,5.657,K_focal_aug,K_focal_aug_s0,0,8353,oracle,1.0,1.0,0.61172,0.51639,38298
VessMAP,5.657,K_focal_aug,K_focal_aug_s0,0,8353,oracle,1.5,0.0,0.60439,0.76561,21358
VessMAP,5.657,K_focal_aug,K_focal_aug_s0,0,8353,oracle,1.5,0.25,0.61456,0.67543,26145
VessMAP,5.657,K_focal_aug,K_focal_aug_s0,0,8353,oracle,1.5,0.5,0.61627,0.60883,30507
VessMAP,5.657,K_focal_aug,K_focal_aug_s0,0,8353,oracle,1.5,1.0,0.61627,0.50755,39302
VessMAP,5.657,K_focal_aug,K_focal_aug_s0,0,8353,oracle,2.0,0.0,0.6123,0.65247,27562
VessMAP,5.657,K_focal_aug,K_focal_aug_s0,0,8353,oracle,2.0,0.25,0.61797,0.60005,31193
VessMAP,5.657,K_focal_aug,K_focal_aug_s0,0,8353,oracle,2.0,0.5,0.61911,0.55007,35287
VessMAP,5.657,K_focal_aug,K_focal_aug_s0,0,8353,oracle,2.0,1.0,0.61968,0.48471,41886
VessMAP,5.657,K_focal_aug,K_focal_aug_s0,0,8429,raw,0.0,0.0,0.97837,0.94546,24322
VessMAP,5.657,K_focal_aug,K_focal_aug_s0,0,8429,isotropic,0.25,0.25,0.98376,0.81926,33603
VessMAP,5.657,K_focal_aug,K_focal_aug_s0,0,8429,isotropic,0.5,0.5,0.98601,0.72333,41330
VessMAP,5.657,K_focal_aug,K_focal_aug_s0,0,8429,isotropic,0.75,0.75,0.98781,0.64707,49025
VessMAP,5.657,K_focal_aug,K_focal_aug_s0,0,8429,isotropic,1.0,1.0,0.98826,0.60688,53849
VessMAP,5.657,K_focal_aug,K_focal_aug_s0,0,8429,isotropic,1.5,1.5,0.98871,0.555,61113
VessMAP,5.657,K_focal_aug,K_focal_aug_s0,0,8429,oracle,0.0,0.25,0.97927,0.8945,27924
VessMAP,5.657,K_focal_aug,K_focal_aug_s0,0,8429,oracle,0.0,0.5,0.98106,0.78584,35984
VessMAP,5.657,K_focal_aug,K_focal_aug_s0,0,8429,oracle,0.0,1.0,0.98241,0.65433,48083
VessMAP,5.657,K_focal_aug,K_focal_aug_s0,0,8429,oracle,0.5,0.0,0.98241,0.91434,27123
VessMAP,5.657,K_focal_aug,K_focal_aug_s0,0,8429,oracle,0.5,0.25,0.98511,0.81764,33772
VessMAP,5.657,K_focal_aug,K_focal_aug_s0,0,8429,oracle,0.5,0.5,0.98601,0.72697,41006
VessMAP,5.657,K_focal_aug,K_focal_aug_s0,0,8429,oracle,0.5,1.0,0.98691,0.61346,52990
VessMAP,5.657,K_focal_aug,K_focal_aug_s0,0,8429,oracle,1.0,0.0,0.98646,0.87977,29533
VessMAP,5.657,K_focal_aug,K_focal_aug_s0,0,8429,oracle,1.0,0.25,0.98736,0.79669,35379
VessMAP,5.657,K_focal_aug,K_focal_aug_s0,0,8429,oracle,1.0,0.5,0.98826,0.71107,42505
VessMAP,5.657,K_focal_aug,K_focal_aug_s0,0,8429,oracle,1.0,1.0,0.98826,0.60764,53752
VessMAP,5.657,K_focal_aug,K_focal_aug_s0,0,8429,oracle,1.5,0.0,0.98736,0.82159,33441
VessMAP,5.657,K_focal_aug,K_focal_aug_s0,0,8429,oracle,1.5,0.25,0.98871,0.7478,39267
VessMAP,5.657,K_focal_aug,K_focal_aug_s0,0,8429,oracle,1.5,0.5,0.98871,0.68994,44544
VessMAP,5.657,K_focal_aug,K_focal_aug_s0,0,8429,oracle,1.5,1.0,0.98871,0.60235,54447
VessMAP,5.657,K_focal_aug,K_focal_aug_s0,0,8429,oracle,2.0,0.0,0.98736,0.72418,41254
VessMAP,5.657,K_focal_aug,K_focal_aug_s0,0,8429,oracle,2.0,0.25,0.98871,0.68336,45193
VessMAP,5.657,K_focal_aug,K_focal_aug_s0,0,8429,oracle,2.0,0.5,0.98871,0.64446,49347
VessMAP,5.657,K_focal_aug,K_focal_aug_s0,0,8429,oracle,2.0,1.0,0.98871,0.59062,55996
VessMAP,5.657,K_focal_aug,K_focal_aug_s0,0,8493,raw,0.0,0.0,0.31593,0.90735,15935
VessMAP,5.657,K_focal_aug,K_focal_aug_s0,0,8493,isotropic,0.25,0.25,0.34337,0.82921,20404
VessMAP,5.657,K_focal_aug,K_focal_aug_s0,0,8493,isotropic,0.5,0.5,0.37425,0.75025,24629
VessMAP,5.657,K_focal_aug,K_focal_aug_s0,0,8493,isotropic,0.75,0.75,0.37767,0.67341,29357
VessMAP,5.657,K_focal_aug,K_focal_aug_s0,0,8493,isotropic,1.0,1.0,0.54307,0.6239,32953
VessMAP,5.657,K_focal_aug,K_focal_aug_s0,0,8493,isotropic,1.5,1.5,0.54315,0.54332,40095
VessMAP,5.657,K_focal_aug,K_focal_aug_s0,0,8493,oracle,0.0,0.25,0.31593,0.88362,17197
VessMAP,5.657,K_focal_aug,K_focal_aug_s0,0,8493,oracle,0.0,0.5,0.33996,0.81026,21184
VessMAP,5.657,K_focal_aug,K_focal_aug_s0,0,8493,oracle,0.0,1.0,0.3434,0.68217,28354
VessMAP,5.657,K_focal_aug,K_focal_aug_s0,0,8493,oracle,0.5,0.0,0.36678,0.88802,17623
VessMAP,5.657,K_focal_aug,K_focal_aug_s0,0,8493,oracle,0.5,0.25,0.37127,0.82667,20670
VessMAP,5.657,K_focal_aug,K_focal_aug_s0,0,8493,oracle,0.5,0.5,0.37359,0.75177,24536
VessMAP,5.657,K_focal_aug,K_focal_aug_s0,0,8493,oracle,0.5,1.0,0.37658,0.6401,31603
VessMAP,5.657,K_focal_aug,K_focal_aug_s0,0,8493,oracle,1.0,0.0,0.37483,0.86138,19262
VessMAP,5.657,K_focal_aug,K_focal_aug_s0,0,8493,oracle,1.0,0.25,0.37793,0.80157,22177
VessMAP,5.657,K_focal_aug,K_focal_aug_s0,0,8493,oracle,1.0,0.5,0.543,0.73184,25838
VessMAP,5.657,K_focal_aug,K_focal_aug_s0,0,8493,oracle,1.0,1.0,0.543,0.6243,32916
VessMAP,5.657,K_focal_aug,K_focal_aug_s0,0,8493,oracle,1.5,0.0,0.54228,0.82784,20924
VessMAP,5.657,K_focal_aug,K_focal_aug_s0,0,8493,oracle,1.5,0.25,0.54275,0.76521,24072
VessMAP,5.657,K_focal_aug,K_focal_aug_s0,0,8493,oracle,1.5,0.5,0.54315,0.70855,27241
VessMAP,5.657,K_focal_aug,K_focal_aug_s0,0,8493,oracle,1.5,1.0,0.54315,0.61191,33925
VessMAP,5.657,K_focal_aug,K_focal_aug_s0,0,8493,oracle,2.0,0.0,0.54236,0.75758,24423
VessMAP,5.657,K_focal_aug,K_focal_aug_s0,0,8493,oracle,2.0,0.25,0.54275,0.72074,26530
VessMAP,5.657,K_focal_aug,K_focal_aug_s0,0,8493,oracle,2.0,0.5,0.54315,0.67366,29444
VessMAP,5.657,K_focal_aug,K_focal_aug_s0,0,8493,oracle,2.0,1.0,0.54315,0.59556,35267
VessMAP,5.657,K_focal_aug,K_focal_aug_s0,0,8506,raw,0.0,0.0,0.34516,0.90862,13734
VessMAP,5.657,K_focal_aug,K_focal_aug_s0,0,8506,isotropic,0.25,0.25,0.39116,0.76596,20011
VessMAP,5.657,K_focal_aug,K_focal_aug_s0,0,8506,isotropic,0.5,0.5,0.39446,0.65514,25778
VessMAP,5.657,K_focal_aug,K_focal_aug_s0,0,8506,isotropic,0.75,0.75,0.39625,0.56121,32438
VessMAP,5.657,K_focal_aug,K_focal_aug_s0,0,8506,isotropic,1.0,1.0,0.39636,0.50845,37176
VessMAP,5.657,K_focal_aug,K_focal_aug_s0,0,8506,isotropic,1.5,1.5,0.39638,0.43151,46137
VessMAP,5.657,K_focal_aug,K_focal_aug_s0,0,8506,oracle,0.0,0.25,0.36168,0.85524,15830
VessMAP,5.657,K_focal_aug,K_focal_aug_s0,0,8506,oracle,0.0,0.5,0.38017,0.73617,21291
VessMAP,5.657,K_focal_aug,K_focal_aug_s0,0,8506,oracle,0.0,1.0,0.38125,0.57891,30744
VessMAP,5.657,K_focal_aug,K_focal_aug_s0,0,8506,oracle,0.5,0.0,0.38922,0.86068,16133
VessMAP,5.657,K_focal_aug,K_focal_aug_s0,0,8506,oracle,0.5,0.25,0.39279,0.75859,20384
VessMAP,5.657,K_focal_aug,K_focal_aug_s0,0,8506,oracle,0.5,0.5,0.39446,0.65936,25526
VessMAP,5.657,K_focal_aug,K_focal_aug_s0,0,8506,oracle,0.5,1.0,0.39562,0.52308,35667
VessMAP,5.657,K_focal_aug,K_focal_aug_s0,0,8506,oracle,1.0,0.0,0.38996,0.79782,18695
VessMAP,5.657,K_focal_aug,K_focal_aug_s0,0,8506,oracle,1.0,0.25,0.39409,0.71081,22765
VessMAP,5.657,K_focal_aug,K_focal_aug_s0,0,8506,oracle,1.0,0.5,0.39575,0.62654,27665
VessMAP,5.657,K_focal_aug,K_focal_aug_s0,0,8506,oracle,1.0,1.0,0.39636,0.50943,37080
VessMAP,5.657,K_focal_aug,K_focal_aug_s0,0,8506,oracle,1.5,0.0,0.39116,0.72702,21895
VessMAP,5.657,K_focal_aug,K_focal_aug_s0,0,8506,oracle,1.5,0.25,0.39429,0.64314,26602
VessMAP,5.657,K_focal_aug,K_focal_aug_s0,0,8506,oracle,1.5,0.5,0.39586,0.58507,30577
VessMAP,5.657,K_focal_aug,K_focal_aug_s0,0,8506,oracle,1.5,1.0,0.39638,0.49474,38591
VessMAP,5.657,K_focal_aug,K_focal_aug_s0,0,8506,oracle,2.0,0.0,0.39276,0.62378,27786
VessMAP,5.657,K_focal_aug,K_focal_aug_s0,0,8506,oracle,2.0,0.25,0.3948,0.57795,31110
VessMAP,5.657,K_focal_aug,K_focal_aug_s0,0,8506,oracle,2.0,0.5,0.39637,0.53382,34780
VessMAP,5.657,K_focal_aug,K_focal_aug_s0,0,8506,oracle,2.0,1.0,0.39638,0.47109,41174
VessMAP,5.657,K_focal_aug,K_focal_aug_s0,0,8686,raw,0.0,0.0,0.22176,0.91853,17879
VessMAP,5.657,K_focal_aug,K_focal_aug_s0,0,8686,isotropic,0.25,0.25,0.24587,0.80839,25474
VessMAP,5.657,K_focal_aug,K_focal_aug_s0,0,8686,isotropic,0.5,0.5,0.25936,0.70608,32201
VessMAP,5.657,K_focal_aug,K_focal_aug_s0,0,8686,isotropic,0.75,0.75,0.26132,0.61576,39699
VessMAP,5.657,K_focal_aug,K_focal_aug_s0,0,8686,isotropic,1.0,1.0,0.2633,0.5646,44974
VessMAP,5.657,K_focal_aug,K_focal_aug_s0,0,8686,isotropic,1.5,1.5,0.26478,0.49233,54281
VessMAP,5.657,K_focal_aug,K_focal_aug_s0,0,8686,oracle,0.0,0.25,0.22948,0.87405,20600
VessMAP,5.657,K_focal_aug,K_focal_aug_s0,0,8686,oracle,0.0,0.5,0.2432,0.77533,27264
VessMAP,5.657,K_focal_aug,K_focal_aug_s0,0,8686,oracle,0.0,1.0,0.24419,0.62944,38144
VessMAP,5.657,K_focal_aug,K_focal_aug_s0,0,8686,oracle,0.5,0.0,0.25673,0.89185,20593
VessMAP,5.657,K_focal_aug,K_focal_aug_s0,0,8686,oracle,0.5,0.25,0.25887,0.80462,25809
VessMAP,5.657,K_focal_aug,K_focal_aug_s0,0,8686,oracle,0.5,0.5,0.25936,0.71053,31870
VessMAP,5.657,K_focal_aug,K_focal_aug_s0,0,8686,oracle,0.5,1.0,0.26034,0.57671,43614
VessMAP,5.657,K_focal_aug,K_focal_aug_s0,0,8686,oracle,1.0,0.0,0.259,0.84594,23404
VessMAP,5.657,K_focal_aug,K_focal_aug_s0,0,8686,oracle,1.0,0.25,0.26034,0.76869,28092
VessMAP,5.657,K_focal_aug,K_focal_aug_s0,0,8686,oracle,1.0,0.5,0.26157,0.68323,33996
VessMAP,5.657,K_focal_aug,K_focal_aug_s0,0,8686,oracle,1.0,1.0,0.2633,0.56589,44830
VessMAP,5.657,K_focal_aug,K_focal_aug_s0,0,8686,oracle,1.5,0.0,0.26047,0.77619,27371
VessMAP,5.657,K_focal_aug,K_focal_aug_s0,0,8686,oracle,1.5,0.25,0.26157,0.70242,32537
VessMAP,5.657,K_focal_aug,K_focal_aug_s0,0,8686,oracle,1.5,0.5,0.26305,0.646,37028
VessMAP,5.657,K_focal_aug,K_focal_aug_s0,0,8686,oracle,1.5,1.0,0.26354,0.55331,46261
VessMAP,5.657,K_focal_aug,K_focal_aug_s0,0,8686,oracle,2.0,0.0,0.26156,0.67213,34670
VessMAP,5.657,K_focal_aug,K_focal_aug_s0,0,8686,oracle,2.0,0.25,0.26305,0.63151,38283
VessMAP,5.657,K_focal_aug,K_focal_aug_s0,0,8686,oracle,2.0,0.5,0.2633,0.59014,42267
VessMAP,5.657,K_focal_aug,K_focal_aug_s0,0,8686,oracle,2.0,1.0,0.26478,0.53062,49053
VessMAP,5.657,K_focal_aug,K_focal_aug_s0,0,8990,raw,0.0,0.0,0.90486,0.97678,21061
VessMAP,5.657,K_focal_aug,K_focal_aug_s0,0,8990,isotropic,0.25,0.25,0.91869,0.91145,25085
VessMAP,5.657,K_focal_aug,K_focal_aug_s0,0,8990,isotropic,0.5,0.5,0.92082,0.84491,28735
VessMAP,5.657,K_focal_aug,K_focal_aug_s0,0,8990,isotropic,0.75,0.75,0.92082,0.7789,32957
VessMAP,5.657,K_focal_aug,K_focal_aug_s0,0,8990,isotropic,1.0,1.0,0.92082,0.73574,36123
VessMAP,5.657,K_focal_aug,K_focal_aug_s0,0,8990,isotropic,1.5,1.5,0.92082,0.66137,42549
VessMAP,5.657,K_focal_aug,K_focal_aug_s0,0,8990,oracle,0.0,0.25,0.91548,0.95223,22541
VessMAP,5.657,K_focal_aug,K_focal_aug_s0,0,8990,oracle,0.0,0.5,0.91762,0.89182,26077
VessMAP,5.657,K_focal_aug,K_focal_aug_s0,0,8990,oracle,0.0,1.0,0.92082,0.78433,32578
VessMAP,5.657,K_focal_aug,K_focal_aug_s0,0,8990,oracle,0.5,0.0,0.91654,0.96401,22299
VessMAP,5.657,K_focal_aug,K_focal_aug_s0,0,8990,oracle,0.5,0.25,0.91869,0.90989,25168
VessMAP,5.657,K_focal_aug,K_focal_aug_s0,0,8990,oracle,0.5,0.5,0.92082,0.84744,28586
VessMAP,5.657,K_focal_aug,K_focal_aug_s0,0,8990,oracle,0.5,1.0,0.92082,0.74375,35508
VessMAP,5.657,K_focal_aug,K_focal_aug_s0,0,8990,oracle,1.0,0.0,0.91868,0.94556,23322
VessMAP,5.657,K_focal_aug,K_focal_aug_s0,0,8990,oracle,1.0,0.25,0.91869,0.89676,25851
VessMAP,5.657,K_focal_aug,K_focal_aug_s0,0,8990,oracle,1.0,0.5,0.92082,0.83614,29259
VessMAP,5.657,K_focal_aug,K_focal_aug_s0,0,8990,oracle,1.0,1.0,0.92082,0.73685,36037
VessMAP,5.657,K_focal_aug,K_focal_aug_s0,0,8990,oracle,1.5,0.0,0.91869,0.92089,24558
VessMAP,5.657,K_focal_aug,K_focal_aug_s0,0,8990,oracle,1.5,0.25,0.91976,0.8736,27096
VessMAP,5.657,K_focal_aug,K_focal_aug_s0,0,8990,oracle,1.5,0.5,0.92082,0.82365,30024
VessMAP,5.657,K_focal_aug,K_focal_aug_s0,0,8990,oracle,1.5,1.0,0.92082,0.73162,36445
VessMAP,5.657,K_focal_aug,K_focal_aug_s0,0,8990,oracle,2.0,0.0,0.91976,0.8763,26934
VessMAP,5.657,K_focal_aug,K_focal_aug_s0,0,8990,oracle,2.0,0.25,0.91976,0.84334,28825
VessMAP,5.657,K_focal_aug,K_focal_aug_s0,0,8990,oracle,2.0,0.5,0.92082,0.79813,31656
VessMAP,5.657,K_focal_aug,K_focal_aug_s0,0,8990,oracle,2.0,1.0,0.92082,0.72087,37302
VessMAP,5.657,K_focal_aug,K_focal_aug_s0,0,9000,raw,0.0,0.0,0.81748,0.93453,18165
VessMAP,5.657,K_focal_aug,K_focal_aug_s0,0,9000,isotropic,0.25,0.25,0.89136,0.86607,23313
VessMAP,5.657,K_focal_aug,K_focal_aug_s0,0,9000,isotropic,0.5,0.5,0.89819,0.78384,28194
VessMAP,5.657,K_focal_aug,K_focal_aug_s0,0,9000,isotropic,0.75,0.75,0.90249,0.7026,33917
VessMAP,5.657,K_focal_aug,K_focal_aug_s0,0,9000,isotropic,1.0,1.0,0.90595,0.65306,38088
VessMAP,5.657,K_focal_aug,K_focal_aug_s0,0,9000,isotropic,1.5,1.5,0.94893,0.57515,45989
VessMAP,5.657,K_focal_aug,K_focal_aug_s0,0,9000,oracle,0.0,0.25,0.87944,0.91123,19934
VessMAP,5.657,K_focal_aug,K_focal_aug_s0,0,9000,oracle,0.0,0.5,0.88624,0.83887,24614
VessMAP,5.657,K_focal_aug,K_focal_aug_s0,0,9000,oracle,0.0,1.0,0.88878,0.70791,33001
VessMAP,5.657,K_focal_aug,K_focal_aug_s0,0,9000,oracle,0.5,0.0,0.83149,0.92448,19927
VessMAP,5.657,K_focal_aug,K_focal_aug_s0,0,9000,oracle,0.5,0.25,0.89223,0.86505,23508
VessMAP,5.657,K_focal_aug,K_focal_aug_s0,0,9000,oracle,0.5,0.5,0.89819,0.78535,28099
VessMAP,5.657,K_focal_aug,K_focal_aug_s0,0,9000,oracle,0.5,1.0,0.89906,0.66161,37054
VessMAP,5.657,K_focal_aug,K_focal_aug_s0,0,9000,oracle,1.0,0.0,0.89652,0.90615,21441
VessMAP,5.657,K_focal_aug,K_focal_aug_s0,0,9000,oracle,1.0,0.25,0.89995,0.84868,24692
VessMAP,5.657,K_focal_aug,K_focal_aug_s0,0,9000,oracle,1.0,0.5,0.90423,0.77112,29269
VessMAP,5.657,K_focal_aug,K_focal_aug_s0,0,9000,oracle,1.0,1.0,0.90595,0.65344,38052
VessMAP,5.657,K_focal_aug,K_focal_aug_s0,0,9000,oracle,1.5,0.0,0.90084,0.87561,23261
VessMAP,5.657,K_focal_aug,K_focal_aug_s0,0,9000,oracle,1.5,0.25,0.94281,0.81757,26639
VessMAP,5.657,K_focal_aug,K_focal_aug_s0,0,9000,oracle,1.5,0.5,0.94543,0.75432,30557
VessMAP,5.657,K_focal_aug,K_focal_aug_s0,0,9000,oracle,1.5,1.0,0.94805,0.64656,38825
VessMAP,5.657,K_focal_aug,K_focal_aug_s0,0,9000,oracle,2.0,0.0,0.94281,0.81438,26809
VessMAP,5.657,K_focal_aug,K_focal_aug_s0,0,9000,oracle,2.0,0.25,0.9463,0.77403,29319
VessMAP,5.657,K_focal_aug,K_focal_aug_s0,0,9000,oracle,2.0,0.5,0.94805,0.71991,32977
VessMAP,5.657,K_focal_aug,K_focal_aug_s0,0,9000,oracle,2.0,1.0,0.94893,0.63206,40180
VessMAP,5.657,K_focal_aug,K_focal_aug_s0,0,9284,raw,0.0,0.0,0.98778,0.96933,31580
VessMAP,5.657,K_focal_aug,K_focal_aug_s0,0,9284,isotropic,0.25,0.25,0.99481,0.85179,41362
VessMAP,5.657,K_focal_aug,K_focal_aug_s0,0,9284,isotropic,0.5,0.5,0.9974,0.77437,48622
VessMAP,5.657,K_focal_aug,K_focal_aug_s0,0,9284,isotropic,0.75,0.75,0.9974,0.71801,54859
VessMAP,5.657,K_focal_aug,K_focal_aug_s0,0,9284,isotropic,1.0,1.0,0.9974,0.69162,58127
VessMAP,5.657,K_focal_aug,K_focal_aug_s0,0,9284,isotropic,1.5,1.5,0.9974,0.65863,62579
VessMAP,5.657,K_focal_aug,K_focal_aug_s0,0,9284,oracle,0.0,0.25,0.99037,0.91956,35498
VessMAP,5.657,K_focal_aug,K_focal_aug_s0,0,9284,oracle,0.0,0.5,0.99296,0.82498,43658
VessMAP,5.657,K_focal_aug,K_focal_aug_s0,0,9284,oracle,0.0,1.0,0.99592,0.7225,54275
VessMAP,5.657,K_focal_aug,K_focal_aug_s0,0,9284,oracle,0.5,0.0,0.99481,0.93731,34525
VessMAP,5.657,K_focal_aug,K_focal_aug_s0,0,9284,oracle,0.5,0.25,0.99592,0.85017,41514
VessMAP,5.657,K_focal_aug,K_focal_aug_s0,0,9284,oracle,0.5,0.5,0.99703,0.77895,48153
VessMAP,5.657,K_focal_aug,K_focal_aug_s0,0,9284,oracle,0.5,1.0,0.9974,0.69603,57563
VessMAP,5.657,K_focal_aug,K_focal_aug_s0,0,9284,oracle,1.0,0.0,0.99629,0.91052,36600
VessMAP,5.657,K_focal_aug,K_focal_aug_s0,0,9284,oracle,1.0,0.25,0.99703,0.83648,42718
VessMAP,5.657,K_focal_aug,K_focal_aug_s0,0,9284,oracle,1.0,0.5,0.9974,0.76637,49456
VessMAP,5.657,K_focal_aug,K_focal_aug_s0,0,9284,oracle,1.0,1.0,0.9974,0.69253,58010
VessMAP,5.657,K_focal_aug,K_focal_aug_s0,0,9284,oracle,1.5,0.0,0.99629,0.86793,39979
VessMAP,5.657,K_focal_aug,K_focal_aug_s0,0,9284,oracle,1.5,0.25,0.9974,0.8053,45576
VessMAP,5.657,K_focal_aug,K_focal_aug_s0,0,9284,oracle,1.5,0.5,0.9974,0.75565,50594
VessMAP,5.657,K_focal_aug,K_focal_aug_s0,0,9284,oracle,1.5,1.0,0.9974,0.6896,58387
VessMAP,5.657,K_focal_aug,K_focal_aug_s0,0,9284,oracle,2.0,0.0,0.99666,0.78431,47591
VessMAP,5.657,K_focal_aug,K_focal_aug_s0,0,9284,oracle,2.0,0.25,0.9974,0.75388,50785
VessMAP,5.657,K_focal_aug,K_focal_aug_s0,0,9284,oracle,2.0,0.5,0.9974,0.72498,54036
VessMAP,5.657,K_focal_aug,K_focal_aug_s0,0,9284,oracle,2.0,1.0,0.9974,0.68487,59003
VessMAP,5.657,K_focal_aug,K_focal_aug_s0,0,9452,raw,0.0,0.0,0.76717,0.95049,20956
VessMAP,5.657,K_focal_aug,K_focal_aug_s0,0,9452,isotropic,0.25,0.25,0.88645,0.81598,30478
VessMAP,5.657,K_focal_aug,K_focal_aug_s0,0,9452,isotropic,0.5,0.5,0.91374,0.71288,38323
VessMAP,5.657,K_focal_aug,K_focal_aug_s0,0,9452,isotropic,0.75,0.75,0.92193,0.62988,46348
VessMAP,5.657,K_focal_aug,K_focal_aug_s0,0,9452,isotropic,1.0,1.0,0.92322,0.58856,51120
VessMAP,5.657,K_focal_aug,K_focal_aug_s0,0,9452,isotropic,1.5,1.5,0.92582,0.53523,58399
VessMAP,5.657,K_focal_aug,K_focal_aug_s0,0,9452,oracle,0.0,0.25,0.80447,0.88924,24906
VessMAP,5.657,K_focal_aug,K_focal_aug_s0,0,9452,oracle,0.0,0.5,0.88263,0.77693,32974
VessMAP,5.657,K_focal_aug,K_focal_aug_s0,0,9452,oracle,0.0,1.0,0.89581,0.64341,44650
VessMAP,5.657,K_focal_aug,K_focal_aug_s0,0,9452,oracle,0.5,0.0,0.85845,0.91994,24125
VessMAP,5.657,K_focal_aug,K_focal_aug_s0,0,9452,oracle,0.5,0.25,0.90344,0.81368,30750
VessMAP,5.657,K_focal_aug,K_focal_aug_s0,0,9452,oracle,0.5,0.5,0.91374,0.71702,37978
VessMAP,5.657,K_focal_aug,K_focal_aug_s0,0,9452,oracle,0.5,1.0,0.92107,0.59624,50159
VessMAP,5.657,K_focal_aug,K_focal_aug_s0,0,9452,oracle,1.0,0.0,0.90472,0.8757,26933
VessMAP,5.657,K_focal_aug,K_focal_aug_s0,0,9452,oracle,1.0,0.25,0.91202,0.78347,32959
VessMAP,5.657,K_focal_aug,K_focal_aug_s0,0,9452,oracle,1.0,0.5,0.9202,0.69613,39877
VessMAP,5.657,K_focal_aug,K_focal_aug_s0,0,9452,oracle,1.0,1.0,0.92322,0.58954,50999
VessMAP,5.657,K_focal_aug,K_focal_aug_s0,0,9452,oracle,1.5,0.0,0.91029,0.80969,31076
VessMAP,5.657,K_focal_aug,K_focal_aug_s0,0,9452,oracle,1.5,0.25,0.91762,0.72785,37188
VessMAP,5.657,K_focal_aug,K_focal_aug_s0,0,9452,oracle,1.5,0.5,0.92193,0.6687,42422
VessMAP,5.657,K_focal_aug,K_focal_aug_s0,0,9452,oracle,1.5,1.0,0.92409,0.58282,51857
VessMAP,5.657,K_focal_aug,K_focal_aug_s0,0,9452,oracle,2.0,0.0,0.91803,0.71038,38595
VessMAP,5.657,K_focal_aug,K_focal_aug_s0,0,9452,oracle,2.0,0.25,0.91977,0.6671,42563
VessMAP,5.657,K_focal_aug,K_focal_aug_s0,0,9452,oracle,2.0,0.5,0.92279,0.62432,46980
VessMAP,5.657,K_focal_aug,K_focal_aug_s0,0,9452,oracle,2.0,1.0,0.92539,0.56909,53659
VessMAP,5.657,K_focal_aug,K_focal_aug_s0,0,9523,raw,0.0,0.0,0.61317,0.92976,14507
VessMAP,5.657,K_focal_aug,K_focal_aug_s0,0,9523,isotropic,0.25,0.25,0.8119,0.88016,17869
VessMAP,5.657,K_focal_aug,K_focal_aug_s0,0,9523,isotropic,0.5,0.5,0.82673,0.81293,21092
VessMAP,5.657,K_focal_aug,K_focal_aug_s0,0,9523,isotropic,0.75,0.75,0.84044,0.74034,24958
VessMAP,5.657,K_focal_aug,K_focal_aug_s0,0,9523,isotropic,1.0,1.0,0.84922,0.69232,27948
VessMAP,5.657,K_focal_aug,K_focal_aug_s0,0,9523,isotropic,1.5,1.5,0.86819,0.61006,34166
VessMAP,5.657,K_focal_aug,K_focal_aug_s0,0,9523,oracle,0.0,0.25,0.79475,0.91361,15596
VessMAP,5.657,K_focal_aug,K_focal_aug_s0,0,9523,oracle,0.0,0.5,0.80576,0.85997,18661
VessMAP,5.657,K_focal_aug,K_focal_aug_s0,0,9523,oracle,0.0,1.0,0.80698,0.74432,24302
VessMAP,5.657,K_focal_aug,K_focal_aug_s0,0,9523,oracle,0.5,0.0,0.81313,0.92404,15689
VessMAP,5.657,K_focal_aug,K_focal_aug_s0,0,9523,oracle,0.5,0.25,0.82053,0.87874,18043
VessMAP,5.657,K_focal_aug,K_focal_aug_s0,0,9523,oracle,0.5,0.5,0.82549,0.81672,20911
VessMAP,5.657,K_focal_aug,K_focal_aug_s0,0,9523,oracle,0.5,1.0,0.82921,0.70201,27058
VessMAP,5.657,K_focal_aug,K_focal_aug_s0,0,9523,oracle,1.0,0.0,0.83544,0.91063,16806
VessMAP,5.657,K_focal_aug,K_focal_aug_s0,0,9523,oracle,1.0,0.25,0.84294,0.86609,18943
VessMAP,5.657,K_focal_aug,K_focal_aug_s0,0,9523,oracle,1.0,0.5,0.8467,0.80146,21897
VessMAP,5.657,K_focal_aug,K_focal_aug_s0,0,9523,oracle,1.0,1.0,0.84922,0.69356,27865
VessMAP,5.657,K_focal_aug,K_focal_aug_s0,0,9523,oracle,1.5,0.0,0.84922,0.88928,18008
VessMAP,5.657,K_focal_aug,K_focal_aug_s0,0,9523,oracle,1.5,0.25,0.86184,0.84368,20222
VessMAP,5.657,K_focal_aug,K_focal_aug_s0,0,9523,oracle,1.5,0.5,0.86311,0.78822,22821
VessMAP,5.657,K_focal_aug,K_focal_aug_s0,0,9523,oracle,1.5,1.0,0.86311,0.68636,28568
VessMAP,5.657,K_focal_aug,K_focal_aug_s0,0,9523,oracle,2.0,0.0,0.85553,0.84246,20309
VessMAP,5.657,K_focal_aug,K_focal_aug_s0,0,9523,oracle,2.0,0.25,0.87074,0.80853,21995
VessMAP,5.657,K_focal_aug,K_focal_aug_s0,0,9523,oracle,2.0,0.5,0.87201,0.75953,24460
VessMAP,5.657,K_focal_aug,K_focal_aug_s0,0,9523,oracle,2.0,1.0,0.87329,0.674,29550
VessMAP,5.657,K_focal_aug,K_focal_aug_s0,0,9593,raw,0.0,0.0,0.69789,0.93422,10856
VessMAP,5.657,K_focal_aug,K_focal_aug_s0,0,9593,isotropic,0.25,0.25,0.75758,0.77203,16641
VessMAP,5.657,K_focal_aug,K_focal_aug_s0,0,9593,isotropic,0.5,0.5,0.77483,0.65765,21806
VessMAP,5.657,K_focal_aug,K_focal_aug_s0,0,9593,isotropic,0.75,0.75,0.82808,0.56623,27421
VessMAP,5.657,K_focal_aug,K_focal_aug_s0,0,9593,isotropic,1.0,1.0,0.84215,0.51156,31683
VessMAP,5.657,K_focal_aug,K_focal_aug_s0,0,9593,isotropic,1.5,1.5,0.85475,0.43286,39630
VessMAP,5.657,K_focal_aug,K_focal_aug_s0,0,9593,oracle,0.0,0.25,0.72445,0.88933,12335
VessMAP,5.657,K_focal_aug,K_focal_aug_s0,0,9593,oracle,0.0,0.5,0.74642,0.7382,17803
VessMAP,5.657,K_focal_aug,K_focal_aug_s0,0,9593,oracle,0.0,1.0,0.76651,0.56759,26889
VessMAP,5.657,K_focal_aug,K_focal_aug_s0,0,9593,oracle,0.5,0.0,0.75606,0.88831,12776
VessMAP,5.657,K_focal_aug,K_focal_aug_s0,0,9593,oracle,0.5,0.25,0.76654,0.76976,16855
VessMAP,5.657,K_focal_aug,K_focal_aug_s0,0,9593,oracle,0.5,0.5,0.77483,0.661,21640
VessMAP,5.657,K_focal_aug,K_focal_aug_s0,0,9593,oracle,0.5,1.0,0.7915,0.5251,30431
VessMAP,5.657,K_focal_aug,K_focal_aug_s0,0,9593,oracle,1.0,0.0,0.77854,0.83162,14781
VessMAP,5.657,K_focal_aug,K_focal_aug_s0,0,9593,oracle,1.0,0.25,0.82342,0.73842,18317
VessMAP,5.657,K_focal_aug,K_focal_aug_s0,0,9593,oracle,1.0,0.5,0.8312,0.63966,22987
VessMAP,5.657,K_focal_aug,K_focal_aug_s0,0,9593,oracle,1.0,1.0,0.84215,0.51244,31610
VessMAP,5.657,K_focal_aug,K_focal_aug_s0,0,9593,oracle,1.5,0.0,0.82032,0.75832,17488
VessMAP,5.657,K_focal_aug,K_focal_aug_s0,0,9593,oracle,1.5,0.25,0.83432,0.67415,21274
VessMAP,5.657,K_focal_aug,K_focal_aug_s0,0,9593,oracle,1.5,0.5,0.8445,0.60515,25072
VessMAP,5.657,K_focal_aug,K_focal_aug_s0,0,9593,oracle,1.5,1.0,0.85001,0.50222,32580
VessMAP,5.657,K_focal_aug,K_focal_aug_s0,0,9593,oracle,2.0,0.0,0.83042,0.65187,22388
VessMAP,5.657,K_focal_aug,K_focal_aug_s0,0,9593,oracle,2.0,0.25,0.84529,0.6005,25401
VessMAP,5.657,K_focal_aug,K_focal_aug_s0,0,9593,oracle,2.0,0.5,0.85238,0.55053,28777
VessMAP,5.657,K_focal_aug,K_focal_aug_s0,0,9593,oracle,2.0,1.0,0.85475,0.48103,34581
VessMAP,5.657,K_focal_aug,K_focal_aug_s0,0,9710,raw,0.0,0.0,0.76002,0.89558,31367
VessMAP,5.657,K_focal_aug,K_focal_aug_s0,0,9710,isotropic,0.25,0.25,0.85205,0.81212,40743
VessMAP,5.657,K_focal_aug,K_focal_aug_s0,0,9710,isotropic,0.5,0.5,0.9105,0.75909,46944
VessMAP,5.657,K_focal_aug,K_focal_aug_s0,0,9710,isotropic,0.75,0.75,0.93807,0.71821,52773
VessMAP,5.657,K_focal_aug,K_focal_aug_s0,0,9710,isotropic,1.0,1.0,0.95146,0.69829,55990
VessMAP,5.657,K_focal_aug,K_focal_aug_s0,0,9710,isotropic,1.5,1.5,0.9778,0.67071,60630
VessMAP,5.657,K_focal_aug,K_focal_aug_s0,0,9710,oracle,0.0,0.25,0.7793,0.86169,34796
VessMAP,5.657,K_focal_aug,K_focal_aug_s0,0,9710,oracle,0.0,0.5,0.83799,0.79633,41712
VessMAP,5.657,K_focal_aug,K_focal_aug_s0,0,9710,oracle,0.0,1.0,0.89317,0.72574,50172
VessMAP,5.657,K_focal_aug,K_focal_aug_s0,0,9710,oracle,0.5,0.0,0.84757,0.86322,36058
VessMAP,5.657,K_focal_aug,K_focal_aug_s0,0,9710,oracle,0.5,0.25,0.8974,0.80826,41624
VessMAP,5.657,K_focal_aug,K_focal_aug_s0,0,9710,oracle,0.5,0.5,0.91014,0.76057,46767
VessMAP,5.657,K_focal_aug,K_focal_aug_s0,0,9710,oracle,0.5,1.0,0.93231,0.70238,54559
VessMAP,5.657,K_focal_aug,K_focal_aug_s0,0,9710,oracle,1.0,0.0,0.90837,0.83252,39922
VessMAP,5.657,K_focal_aug,K_focal_aug_s0,0,9710,oracle,1.0,0.25,0.92369,0.78654,44885
VessMAP,5.657,K_focal_aug,K_focal_aug_s0,0,9710,oracle,1.0,0.5,0.93807,0.74736,49471
VessMAP,5.657,K_focal_aug,K_focal_aug_s0,0,9710,oracle,1.0,1.0,0.95146,0.69848,55944
VessMAP,5.657,K_focal_aug,K_focal_aug_s0,0,9710,oracle,1.5,0.0,0.92119,0.79543,44089
VessMAP,5.657,K_focal_aug,K_focal_aug_s0,0,9710,oracle,1.5,0.25,0.94276,0.75523,48976
VessMAP,5.657,K_focal_aug,K_focal_aug_s0,0,9710,oracle,1.5,0.5,0.95728,0.7303,52219
VessMAP,5.657,K_focal_aug,K_focal_aug_s0,0,9710,oracle,1.5,1.0,0.96935,0.69357,57258
VessMAP,5.657,K_focal_aug,K_focal_aug_s0,0,9710,oracle,2.0,0.0,0.93879,0.7428,50459
VessMAP,5.657,K_focal_aug,K_focal_aug_s0,0,9710,oracle,2.0,0.25,0.95292,0.7243,53067
VessMAP,5.657,K_focal_aug,K_focal_aug_s0,0,9710,oracle,2.0,0.5,0.96568,0.7077,55472
VessMAP,5.657,K_focal_aug,K_focal_aug_s0,0,9710,oracle,2.0,1.0,0.98001,0.68335,58918
VessMAP,5.657,K_focal_aug,K_focal_aug_s0,0,9860,raw,0.0,0.0,0.58874,0.93401,16888
VessMAP,5.657,K_focal_aug,K_focal_aug_s0,0,9860,isotropic,0.25,0.25,0.59756,0.79605,23574
VessMAP,5.657,K_focal_aug,K_focal_aug_s0,0,9860,isotropic,0.5,0.5,0.60235,0.69264,29663
VessMAP,5.657,K_focal_aug,K_focal_aug_s0,0,9860,isotropic,0.75,0.75,0.60787,0.60336,36585
VessMAP,5.657,K_focal_aug,K_focal_aug_s0,0,9860,isotropic,1.0,1.0,0.6096,0.55387,41366
VessMAP,5.657,K_focal_aug,K_focal_aug_s0,0,9860,isotropic,1.5,1.5,0.86301,0.48228,50026
VessMAP,5.657,K_focal_aug,K_focal_aug_s0,0,9860,oracle,0.0,0.25,0.59003,0.87903,19313
VessMAP,5.657,K_focal_aug,K_focal_aug_s0,0,9860,oracle,0.0,0.5,0.59441,0.76191,25297
VessMAP,5.657,K_focal_aug,K_focal_aug_s0,0,9860,oracle,0.0,1.0,0.5973,0.61499,35291
VessMAP,5.657,K_focal_aug,K_focal_aug_s0,0,9860,oracle,0.5,0.0,0.59694,0.89094,19169
VessMAP,5.657,K_focal_aug,K_focal_aug_s0,0,9860,oracle,0.5,0.25,0.60052,0.79283,23795
VessMAP,5.657,K_focal_aug,K_focal_aug_s0,0,9860,oracle,0.5,0.5,0.60224,0.69837,29277
VessMAP,5.657,K_focal_aug,K_focal_aug_s0,0,9860,oracle,0.5,1.0,0.60584,0.56316,40288
VessMAP,5.657,K_focal_aug,K_focal_aug_s0,0,9860,oracle,1.0,0.0,0.6009,0.83943,21598
VessMAP,5.657,K_focal_aug,K_focal_aug_s0,0,9860,oracle,1.0,0.25,0.60566,0.75865,25754
VessMAP,5.657,K_focal_aug,K_focal_aug_s0,0,9860,oracle,1.0,0.5,0.60772,0.67286,31181
VessMAP,5.657,K_focal_aug,K_focal_aug_s0,0,9860,oracle,1.0,1.0,0.6096,0.55523,41222
VessMAP,5.657,K_focal_aug,K_focal_aug_s0,0,9860,oracle,1.5,0.0,0.60444,0.77453,24877
VessMAP,5.657,K_focal_aug,K_focal_aug_s0,0,9860,oracle,1.5,0.25,0.85661,0.70004,29378
VessMAP,5.657,K_focal_aug,K_focal_aug_s0,0,9860,oracle,1.5,0.5,0.85981,0.64066,33658
VessMAP,5.657,K_focal_aug,K_focal_aug_s0,0,9860,oracle,1.5,1.0,0.86173,0.54516,42389
VessMAP,5.657,K_focal_aug,K_focal_aug_s0,0,9860,oracle,2.0,0.0,0.84892,0.67889,30738
VessMAP,5.657,K_focal_aug,K_focal_aug_s0,0,9860,oracle,2.0,0.25,0.86238,0.63603,34032
VessMAP,5.657,K_focal_aug,K_focal_aug_s0,0,9860,oracle,2.0,0.5,0.86366,0.5912,37893
VessMAP,5.657,K_focal_aug,K_focal_aug_s0,0,9860,oracle,2.0,1.0,0.86431,0.52535,44682
VessMAP,5.657,K_focal_aug,K_focal_aug_s1,1,7577,raw,0.0,0.0,0.82689,0.94643,26903
VessMAP,5.657,K_focal_aug,K_focal_aug_s1,1,7577,isotropic,0.25,0.25,0.96759,0.84312,35728
VessMAP,5.657,K_focal_aug,K_focal_aug_s1,1,7577,isotropic,0.5,0.5,0.9763,0.76388,42504
VessMAP,5.657,K_focal_aug,K_focal_aug_s1,1,7577,isotropic,0.75,0.75,0.98724,0.70042,49036
VessMAP,5.657,K_focal_aug,K_focal_aug_s1,1,7577,isotropic,1.0,1.0,0.98987,0.66614,53030
VessMAP,5.657,K_focal_aug,K_focal_aug_s1,1,7577,isotropic,1.5,1.5,0.99295,0.61916,59211
VessMAP,5.657,K_focal_aug,K_focal_aug_s1,1,7577,oracle,0.0,0.25,0.95763,0.90297,30430
VessMAP,5.657,K_focal_aug,K_focal_aug_s1,1,7577,oracle,0.0,0.5,0.96499,0.81804,37553
VessMAP,5.657,K_focal_aug,K_focal_aug_s1,1,7577,oracle,0.0,1.0,0.97761,0.71067,47667
VessMAP,5.657,K_focal_aug,K_focal_aug_s1,1,7577,oracle,0.5,0.0,0.96282,0.92014,30059
VessMAP,5.657,K_focal_aug,K_focal_aug_s1,1,7577,oracle,0.5,0.25,0.97238,0.84016,36064
VessMAP,5.657,K_focal_aug,K_focal_aug_s1,1,7577,oracle,0.5,0.5,0.9763,0.76765,42157
VessMAP,5.657,K_focal_aug,K_focal_aug_s1,1,7577,oracle,0.5,1.0,0.9868,0.67435,51960
VessMAP,5.657,K_focal_aug,K_focal_aug_s1,1,7577,oracle,1.0,0.0,0.97456,0.88942,32551
VessMAP,5.657,K_focal_aug,K_focal_aug_s1,1,7577,oracle,1.0,0.25,0.98286,0.81924,37923
VessMAP,5.657,K_focal_aug,K_focal_aug_s1,1,7577,oracle,1.0,0.5,0.98592,0.75116,43890
VessMAP,5.657,K_focal_aug,K_focal_aug_s1,1,7577,oracle,1.0,1.0,0.98987,0.66712,52913
VessMAP,5.657,K_focal_aug,K_focal_aug_s1,1,7577,oracle,1.5,0.0,0.97979,0.84631,35786
VessMAP,5.657,K_focal_aug,K_focal_aug_s1,1,7577,oracle,1.5,0.25,0.98856,0.78593,40835
VessMAP,5.657,K_focal_aug,K_focal_aug_s1,1,7577,oracle,1.5,0.5,0.99031,0.73489,45576
VessMAP,5.657,K_focal_aug,K_focal_aug_s1,1,7577,oracle,1.5,1.0,0.99295,0.66083,53742
VessMAP,5.657,K_focal_aug,K_focal_aug_s1,1,7577,oracle,2.0,0.0,0.98023,0.7736,41843
VessMAP,5.657,K_focal_aug,K_focal_aug_s1,1,7577,oracle,2.0,0.25,0.99031,0.73919,45194
VessMAP,5.657,K_focal_aug,K_focal_aug_s1,1,7577,oracle,2.0,0.5,0.99251,0.7037,48894
VessMAP,5.657,K_focal_aug,K_focal_aug_s1,1,7577,oracle,2.0,1.0,0.99515,0.65145,54994
VessMAP,5.657,K_focal_aug,K_focal_aug_s1,1,7783,raw,0.0,0.0,0.88739,0.92369,25076
VessMAP,5.657,K_focal_aug,K_focal_aug_s1,1,7783,isotropic,0.25,0.25,0.91697,0.81275,34409
VessMAP,5.657,K_focal_aug,K_focal_aug_s1,1,7783,isotropic,0.5,0.5,0.92651,0.72325,42181
VessMAP,5.657,K_focal_aug,K_focal_aug_s1,1,7783,isotropic,0.75,0.75,0.93306,0.65285,49781
VessMAP,5.657,K_focal_aug,K_focal_aug_s1,1,7783,isotropic,1.0,1.0,0.94093,0.61865,54149
VessMAP,5.657,K_focal_aug,K_focal_aug_s1,1,7783,isotropic,1.5,1.5,0.95545,0.57612,60429
VessMAP,5.657,K_focal_aug,K_focal_aug_s1,1,7783,oracle,0.0,0.25,0.89166,0.87734,28587
VessMAP,5.657,K_focal_aug,K_focal_aug_s1,1,7783,oracle,0.0,0.5,0.91308,0.78388,36520
VessMAP,5.657,K_focal_aug,K_focal_aug_s1,1,7783,oracle,0.0,1.0,0.92,0.66308,48227
VessMAP,5.657,K_focal_aug,K_focal_aug_s1,1,7783,oracle,0.5,0.0,0.91568,0.89553,28250
VessMAP,5.657,K_focal_aug,K_focal_aug_s1,1,7783,oracle,0.5,0.25,0.92174,0.81,34755
VessMAP,5.657,K_focal_aug,K_focal_aug_s1,1,7783,oracle,0.5,0.5,0.92565,0.72597,41915
VessMAP,5.657,K_focal_aug,K_focal_aug_s1,1,7783,oracle,0.5,1.0,0.93045,0.62476,53064
VessMAP,5.657,K_focal_aug,K_focal_aug_s1,1,7783,oracle,1.0,0.0,0.92348,0.85819,31268
VessMAP,5.657,K_focal_aug,K_focal_aug_s1,1,7783,oracle,1.0,0.25,0.93087,0.78517,37029
VessMAP,5.657,K_focal_aug,K_focal_aug_s1,1,7783,oracle,1.0,0.5,0.9348,0.70872,43859
VessMAP,5.657,K_focal_aug,K_focal_aug_s1,1,7783,oracle,1.0,1.0,0.94093,0.61926,54066
VessMAP,5.657,K_focal_aug,K_focal_aug_s1,1,7783,oracle,1.5,0.0,0.92739,0.80498,35293
VessMAP,5.657,K_focal_aug,K_focal_aug_s1,1,7783,oracle,1.5,0.25,0.93568,0.74024,41032
VessMAP,5.657,K_focal_aug,K_focal_aug_s1,1,7783,oracle,1.5,0.5,0.94137,0.68733,46234
VessMAP,5.657,K_focal_aug,K_focal_aug_s1,1,7783,oracle,1.5,1.0,0.94752,0.61431,54959
VessMAP,5.657,K_focal_aug,K_focal_aug_s1,1,7783,oracle,2.0,0.0,0.93349,0.7206,42776
VessMAP,5.657,K_focal_aug,K_focal_aug_s1,1,7783,oracle,2.0,0.25,0.9418,0.68568,46431
VessMAP,5.657,K_focal_aug,K_focal_aug_s1,1,7783,oracle,2.0,0.5,0.94795,0.64967,50523
VessMAP,5.657,K_focal_aug,K_focal_aug_s1,1,7783,oracle,2.0,1.0,0.95412,0.60271,56662
VessMAP,5.657,K_focal_aug,K_focal_aug_s1,1,7865,raw,0.0,0.0,0.91652,0.88098,22263
VessMAP,5.657,K_focal_aug,K_focal_aug_s1,1,7865,isotropic,0.25,0.25,0.96334,0.74132,31153
VessMAP,5.657,K_focal_aug,K_focal_aug_s1,1,7865,isotropic,0.5,0.5,0.97072,0.64969,38404
VessMAP,5.657,K_focal_aug,K_focal_aug_s1,1,7865,isotropic,0.75,0.75,0.97911,0.57683,45768
VessMAP,5.657,K_focal_aug,K_focal_aug_s1,1,7865,isotropic,1.0,1.0,0.98258,0.54018,50234
VessMAP,5.657,K_focal_aug,K_focal_aug_s1,1,7865,isotropic,1.5,1.5,0.98457,0.49089,57211
VessMAP,5.657,K_focal_aug,K_focal_aug_s1,1,7865,oracle,0.0,0.25,0.92132,0.82151,25682
VessMAP,5.657,K_focal_aug,K_focal_aug_s1,1,7865,oracle,0.0,0.5,0.92709,0.71421,32889
VessMAP,5.657,K_focal_aug,K_focal_aug_s1,1,7865,oracle,0.0,1.0,0.93384,0.58938,44102
VessMAP,5.657,K_focal_aug,K_focal_aug_s1,1,7865,oracle,0.5,0.0,0.95991,0.82601,25765
VessMAP,5.657,K_focal_aug,K_focal_aug_s1,1,7865,oracle,0.5,0.25,0.96678,0.73494,31686
VessMAP,5.657,K_focal_aug,K_focal_aug_s1,1,7865,oracle,0.5,0.5,0.97072,0.65271,38140
VessMAP,5.657,K_focal_aug,K_focal_aug_s1,1,7865,oracle,0.5,1.0,0.97912,0.54887,49056
VessMAP,5.657,K_focal_aug,K_focal_aug_s1,1,7865,oracle,1.0,0.0,0.9658,0.77264,29135
VessMAP,5.657,K_focal_aug,K_focal_aug_s1,1,7865,oracle,1.0,0.25,0.9722,0.69994,34334
VessMAP,5.657,K_focal_aug,K_focal_aug_s1,1,7865,oracle,1.0,0.5,0.97812,0.62964,40344
VessMAP,5.657,K_focal_aug,K_focal_aug_s1,1,7865,oracle,1.0,1.0,0.98258,0.54081,50150
VessMAP,5.657,K_focal_aug,K_focal_aug_s1,1,7865,oracle,1.5,0.0,0.96777,0.71324,33234
VessMAP,5.657,K_focal_aug,K_focal_aug_s1,1,7865,oracle,1.5,0.25,0.97565,0.65011,38468
VessMAP,5.657,K_focal_aug,K_focal_aug_s1,1,7865,oracle,1.5,0.5,0.98109,0.60393,42905
VessMAP,5.657,K_focal_aug,K_focal_aug_s1,1,7865,oracle,1.5,1.0,0.98457,0.53339,51137
VessMAP,5.657,K_focal_aug,K_focal_aug_s1,1,7865,oracle,2.0,0.0,0.97269,0.62932,40298
VessMAP,5.657,K_focal_aug,K_focal_aug_s1,1,7865,oracle,2.0,0.25,0.97812,0.59572,43729
VessMAP,5.657,K_focal_aug,K_focal_aug_s1,1,7865,oracle,2.0,0.5,0.98258,0.56381,47312
VessMAP,5.657,K_focal_aug,K_focal_aug_s1,1,7865,oracle,2.0,1.0,0.98457,0.51945,53018
VessMAP,5.657,K_focal_aug,K_focal_aug_s1,1,8065,raw,0.0,0.0,0.21113,0.95312,9479
VessMAP,5.657,K_focal_aug,K_focal_aug_s1,1,8065,isotropic,0.25,0.25,0.41216,0.83431,12615
VessMAP,5.657,K_focal_aug,K_focal_aug_s1,1,8065,isotropic,0.5,0.5,0.41249,0.73584,15537
VessMAP,5.657,K_focal_aug,K_focal_aug_s1,1,8065,isotropic,0.75,0.75,0.4135,0.64593,18982
VessMAP,5.657,K_focal_aug,K_focal_aug_s1,1,8065,isotropic,1.0,1.0,0.4135,0.58977,21659
VessMAP,5.657,K_focal_aug,K_focal_aug_s1,1,8065,isotropic,1.5,1.5,0.4135,0.49751,27355
VessMAP,5.657,K_focal_aug,K_focal_aug_s1,1,8065,oracle,0.0,0.25,0.24375,0.90516,10660
VessMAP,5.657,K_focal_aug,K_focal_aug_s1,1,8065,oracle,0.0,0.5,0.41183,0.80637,13356
VessMAP,5.657,K_focal_aug,K_focal_aug_s1,1,8065,oracle,0.0,1.0,0.41184,0.65611,18535
VessMAP,5.657,K_focal_aug,K_focal_aug_s1,1,8065,oracle,0.5,0.0,0.41216,0.92422,10407
VessMAP,5.657,K_focal_aug,K_focal_aug_s1,1,8065,oracle,0.5,0.25,0.41249,0.83168,12698
VessMAP,5.657,K_focal_aug,K_focal_aug_s1,1,8065,oracle,0.5,0.5,0.41249,0.74084,15371
VessMAP,5.657,K_focal_aug,K_focal_aug_s1,1,8065,oracle,0.5,1.0,0.4135,0.60138,21066
VessMAP,5.657,K_focal_aug,K_focal_aug_s1,1,8065,oracle,1.0,0.0,0.41216,0.88444,11373
VessMAP,5.657,K_focal_aug,K_focal_aug_s1,1,8065,oracle,1.0,0.25,0.4135,0.80718,13378
VessMAP,5.657,K_focal_aug,K_focal_aug_s1,1,8065,oracle,1.0,0.5,0.4135,0.71896,16134
VessMAP,5.657,K_focal_aug,K_focal_aug_s1,1,8065,oracle,1.0,1.0,0.4135,0.59129,21580
VessMAP,5.657,K_focal_aug,K_focal_aug_s1,1,8065,oracle,1.5,0.0,0.41249,0.83415,12624
VessMAP,5.657,K_focal_aug,K_focal_aug_s1,1,8065,oracle,1.5,0.25,0.4135,0.76127,14739
VessMAP,5.657,K_focal_aug,K_focal_aug_s1,1,8065,oracle,1.5,0.5,0.4135,0.69407,17043
VessMAP,5.657,K_focal_aug,K_focal_aug_s1,1,8065,oracle,1.5,1.0,0.4135,0.58101,22122
VessMAP,5.657,K_focal_aug,K_focal_aug_s1,1,8065,oracle,2.0,0.0,0.4135,0.74623,15208
VessMAP,5.657,K_focal_aug,K_focal_aug_s1,1,8065,oracle,2.0,0.25,0.4135,0.70043,16806
VessMAP,5.657,K_focal_aug,K_focal_aug_s1,1,8065,oracle,2.0,0.5,0.4135,0.64684,18949
VessMAP,5.657,K_focal_aug,K_focal_aug_s1,1,8065,oracle,2.0,1.0,0.4135,0.56156,23202
VessMAP,5.657,K_focal_aug,K_focal_aug_s1,1,8196,raw,0.0,0.0,0.7388,0.92028,23470
VessMAP,5.657,K_focal_aug,K_focal_aug_s1,1,8196,isotropic,0.25,0.25,0.89733,0.78417,32752
VessMAP,5.657,K_focal_aug,K_focal_aug_s1,1,8196,isotropic,0.5,0.5,0.90806,0.68875,40519
VessMAP,5.657,K_focal_aug,K_focal_aug_s1,1,8196,isotropic,0.75,0.75,0.9193,0.61307,48435
VessMAP,5.657,K_focal_aug,K_focal_aug_s1,1,8196,isotropic,1.0,1.0,0.92799,0.57532,53172
VessMAP,5.657,K_focal_aug,K_focal_aug_s1,1,8196,isotropic,1.5,1.5,0.93191,0.52853,59963
VessMAP,5.657,K_focal_aug,K_focal_aug_s1,1,8196,oracle,0.0,0.25,0.75241,0.86624,26836
VessMAP,5.657,K_focal_aug,K_focal_aug_s1,1,8196,oracle,0.0,0.5,0.75989,0.75244,34950
VessMAP,5.657,K_focal_aug,K_focal_aug_s1,1,8196,oracle,0.0,1.0,0.90205,0.62266,47055
VessMAP,5.657,K_focal_aug,K_focal_aug_s1,1,8196,oracle,0.5,0.0,0.89391,0.87637,26642
VessMAP,5.657,K_focal_aug,K_focal_aug_s1,1,8196,oracle,0.5,0.25,0.90247,0.78033,33099
VessMAP,5.657,K_focal_aug,K_focal_aug_s1,1,8196,oracle,0.5,0.5,0.90806,0.69275,40158
VessMAP,5.657,K_focal_aug,K_focal_aug_s1,1,8196,oracle,0.5,1.0,0.92016,0.58254,52111
VessMAP,5.657,K_focal_aug,K_focal_aug_s1,1,8196,oracle,1.0,0.0,0.90376,0.82808,29828
VessMAP,5.657,K_focal_aug,K_focal_aug_s1,1,8196,oracle,1.0,0.25,0.9141,0.74871,35605
VessMAP,5.657,K_focal_aug,K_focal_aug_s1,1,8196,oracle,1.0,0.5,0.9193,0.67103,42323
VessMAP,5.657,K_focal_aug,K_focal_aug_s1,1,8196,oracle,1.0,1.0,0.92799,0.57612,53068
VessMAP,5.657,K_focal_aug,K_focal_aug_s1,1,8196,oracle,1.5,0.0,0.91022,0.76421,34333
VessMAP,5.657,K_focal_aug,K_focal_aug_s1,1,8196,oracle,1.5,0.25,0.9193,0.69523,40104
VessMAP,5.657,K_focal_aug,K_focal_aug_s1,1,8196,oracle,1.5,0.5,0.92364,0.6438,45153
VessMAP,5.657,K_focal_aug,K_focal_aug_s1,1,8196,oracle,1.5,1.0,0.93147,0.5693,54057
VessMAP,5.657,K_focal_aug,K_focal_aug_s1,1,8196,oracle,2.0,0.0,0.918,0.67198,42262
VessMAP,5.657,K_focal_aug,K_focal_aug_s1,1,8196,oracle,2.0,0.25,0.92712,0.63507,46111
VessMAP,5.657,K_focal_aug,K_focal_aug_s1,1,8196,oracle,2.0,0.5,0.9306,0.6016,49986
VessMAP,5.657,K_focal_aug,K_focal_aug_s1,1,8196,oracle,2.0,1.0,0.93366,0.55606,55944
VessMAP,5.657,K_focal_aug,K_focal_aug_s1,1,8256,raw,0.0,0.0,0.39718,0.92733,9716
VessMAP,5.657,K_focal_aug,K_focal_aug_s1,1,8256,isotropic,0.25,0.25,0.39986,0.81712,12767
VessMAP,5.657,K_focal_aug,K_focal_aug_s1,1,8256,isotropic,0.5,0.5,0.40091,0.72242,15721
VessMAP,5.657,K_focal_aug,K_focal_aug_s1,1,8256,isotropic,0.75,0.75,0.40196,0.63064,19367
VessMAP,5.657,K_focal_aug,K_focal_aug_s1,1,8256,isotropic,1.0,1.0,0.40301,0.57447,22181
VessMAP,5.657,K_focal_aug,K_focal_aug_s1,1,8256,isotropic,1.5,1.5,0.4071,0.48371,28132
VessMAP,5.657,K_focal_aug,K_focal_aug_s1,1,8256,oracle,0.0,0.25,0.39718,0.88476,10783
VessMAP,5.657,K_focal_aug,K_focal_aug_s1,1,8256,oracle,0.0,0.5,0.39956,0.79178,13458
VessMAP,5.657,K_focal_aug,K_focal_aug_s1,1,8256,oracle,0.0,1.0,0.39956,0.6438,18679
VessMAP,5.657,K_focal_aug,K_focal_aug_s1,1,8256,oracle,0.5,0.0,0.39845,0.8933,10800
VessMAP,5.657,K_focal_aug,K_focal_aug_s1,1,8256,oracle,0.5,0.25,0.40091,0.81308,12912
VessMAP,5.657,K_focal_aug,K_focal_aug_s1,1,8256,oracle,0.5,0.5,0.40091,0.72354,15680
VessMAP,5.657,K_focal_aug,K_focal_aug_s1,1,8256,oracle,0.5,1.0,0.40188,0.58768,21409
VessMAP,5.657,K_focal_aug,K_focal_aug_s1,1,8256,oracle,1.0,0.0,0.40055,0.85749,11792
VessMAP,5.657,K_focal_aug,K_focal_aug_s1,1,8256,oracle,1.0,0.25,0.40196,0.78649,13731
VessMAP,5.657,K_focal_aug,K_focal_aug_s1,1,8256,oracle,1.0,0.5,0.40301,0.7035,16445
VessMAP,5.657,K_focal_aug,K_focal_aug_s1,1,8256,oracle,1.0,1.0,0.40301,0.57488,22159
VessMAP,5.657,K_focal_aug,K_focal_aug_s1,1,8256,oracle,1.5,0.0,0.40266,0.81513,12965
VessMAP,5.657,K_focal_aug,K_focal_aug_s1,1,8256,oracle,1.5,0.25,0.40309,0.74596,15035
VessMAP,5.657,K_focal_aug,K_focal_aug_s1,1,8256,oracle,1.5,0.5,0.40603,0.68056,17355
VessMAP,5.657,K_focal_aug,K_focal_aug_s1,1,8256,oracle,1.5,1.0,0.40611,0.56508,22770
VessMAP,5.657,K_focal_aug,K_focal_aug_s1,1,8256,oracle,2.0,0.0,0.40808,0.74279,15143
VessMAP,5.657,K_focal_aug,K_focal_aug_s1,1,8256,oracle,2.0,0.25,0.4624,0.69632,16805
VessMAP,5.657,K_focal_aug,K_focal_aug_s1,1,8256,oracle,2.0,0.5,0.4624,0.64025,19079
VessMAP,5.657,K_focal_aug,K_focal_aug_s1,1,8256,oracle,2.0,1.0,0.4624,0.54823,23793
VessMAP,5.657,K_focal_aug,K_focal_aug_s1,1,8284,raw,0.0,0.0,0.4764,0.9523,12178
VessMAP,5.657,K_focal_aug,K_focal_aug_s1,1,8284,isotropic,0.25,0.25,0.9331,0.86172,15162
VessMAP,5.657,K_focal_aug,K_focal_aug_s1,1,8284,isotropic,0.5,0.5,0.93776,0.78057,18024
VessMAP,5.657,K_focal_aug,K_focal_aug_s1,1,8284,isotropic,0.75,0.75,0.94086,0.69749,21558
VessMAP,5.657,K_focal_aug,K_focal_aug_s1,1,8284,isotropic,1.0,1.0,0.94242,0.64556,24234
VessMAP,5.657,K_focal_aug,K_focal_aug_s1,1,8284,isotropic,1.5,1.5,0.94242,0.55589,30010
VessMAP,5.657,K_focal_aug,K_focal_aug_s1,1,8284,oracle,0.0,0.25,0.4764,0.91794,13284
VessMAP,5.657,K_focal_aug,K_focal_aug_s1,1,8284,oracle,0.0,0.5,0.93156,0.83595,16007
VessMAP,5.657,K_focal_aug,K_focal_aug_s1,1,8284,oracle,0.0,1.0,0.93931,0.71015,20954
VessMAP,5.657,K_focal_aug,K_focal_aug_s1,1,8284,oracle,0.5,0.0,0.9331,0.92829,13117
VessMAP,5.657,K_focal_aug,K_focal_aug_s1,1,8284,oracle,0.5,0.25,0.93776,0.85947,15253
VessMAP,5.657,K_focal_aug,K_focal_aug_s1,1,8284,oracle,0.5,0.5,0.93776,0.78283,17936
VessMAP,5.657,K_focal_aug,K_focal_aug_s1,1,8284,oracle,0.5,1.0,0.93931,0.65613,23642
VessMAP,5.657,K_focal_aug,K_focal_aug_s1,1,8284,oracle,1.0,0.0,0.9362,0.89871,14067
VessMAP,5.657,K_focal_aug,K_focal_aug_s1,1,8284,oracle,1.0,0.25,0.94086,0.83713,16035
VessMAP,5.657,K_focal_aug,K_focal_aug_s1,1,8284,oracle,1.0,0.5,0.94086,0.76511,18632
VessMAP,5.657,K_focal_aug,K_focal_aug_s1,1,8284,oracle,1.0,1.0,0.94242,0.64648,24183
VessMAP,5.657,K_focal_aug,K_focal_aug_s1,1,8284,oracle,1.5,0.0,0.9362,0.85676,15361
VessMAP,5.657,K_focal_aug,K_focal_aug_s1,1,8284,oracle,1.5,0.25,0.94242,0.79793,17403
VessMAP,5.657,K_focal_aug,K_focal_aug_s1,1,8284,oracle,1.5,0.5,0.94242,0.7418,19594
VessMAP,5.657,K_focal_aug,K_focal_aug_s1,1,8284,oracle,1.5,1.0,0.94242,0.63774,24676
VessMAP,5.657,K_focal_aug,K_focal_aug_s1,1,8284,oracle,2.0,0.0,0.93776,0.78493,17857
VessMAP,5.657,K_focal_aug,K_focal_aug_s1,1,8284,oracle,2.0,0.25,0.94242,0.75018,19246
VessMAP,5.657,K_focal_aug,K_focal_aug_s1,1,8284,oracle,2.0,0.5,0.94242,0.70174,21372
VessMAP,5.657,K_focal_aug,K_focal_aug_s1,1,8284,oracle,2.0,1.0,0.94242,0.61868,25792
VessMAP,5.657,K_focal_aug,K_focal_aug_s1,1,8353,raw,0.0,0.0,0.25371,0.93636,13991
VessMAP,5.657,K_focal_aug,K_focal_aug_s1,1,8353,isotropic,0.25,0.25,0.5943,0.77698,20612
VessMAP,5.657,K_focal_aug,K_focal_aug_s1,1,8353,isotropic,0.5,0.5,0.59765,0.66265,26615
VessMAP,5.657,K_focal_aug,K_focal_aug_s1,1,8353,isotropic,0.75,0.75,0.60833,0.56717,33551
VessMAP,5.657,K_focal_aug,K_focal_aug_s1,1,8353,isotropic,1.0,1.0,0.61229,0.51583,38362
VessMAP,5.657,K_focal_aug,K_focal_aug_s1,1,8353,isotropic,1.5,1.5,0.61797,0.44108,47307
VessMAP,5.657,K_focal_aug,K_focal_aug_s1,1,8353,oracle,0.0,0.25,0.56243,0.86697,16548
VessMAP,5.657,K_focal_aug,K_focal_aug_s1,1,8353,oracle,0.0,0.5,0.59206,0.73641,22452
VessMAP,5.657,K_focal_aug,K_focal_aug_s1,1,8353,oracle,0.0,1.0,0.59653,0.57987,32294
VessMAP,5.657,K_focal_aug,K_focal_aug_s1,1,8353,oracle,0.5,0.0,0.59318,0.89318,16031
VessMAP,5.657,K_focal_aug,K_focal_aug_s1,1,8353,oracle,0.5,0.25,0.59653,0.77491,20757
VessMAP,5.657,K_focal_aug,K_focal_aug_s1,1,8353,oracle,0.5,0.5,0.59765,0.66586,26416
VessMAP,5.657,K_focal_aug,K_focal_aug_s1,1,8353,oracle,0.5,1.0,0.61002,0.52445,37370
VessMAP,5.657,K_focal_aug,K_focal_aug_s1,1,8353,oracle,1.0,0.0,0.59933,0.83825,18186
VessMAP,5.657,K_focal_aug,K_focal_aug_s1,1,8353,oracle,1.0,0.25,0.60664,0.74113,22453
VessMAP,5.657,K_focal_aug,K_focal_aug_s1,1,8353,oracle,1.0,0.5,0.60889,0.64435,27942
VessMAP,5.657,K_focal_aug,K_focal_aug_s1,1,8353,oracle,1.0,1.0,0.61229,0.51667,38274
VessMAP,5.657,K_focal_aug,K_focal_aug_s1,1,8353,oracle,1.5,0.0,0.60101,0.76673,21242
VessMAP,5.657,K_focal_aug,K_focal_aug_s1,1,8353,oracle,1.5,0.25,0.61116,0.67665,26020
VessMAP,5.657,K_focal_aug,K_focal_aug_s1,1,8353,oracle,1.5,0.5,0.61456,0.60977,30416
VessMAP,5.657,K_focal_aug,K_focal_aug_s1,1,8353,oracle,1.5,1.0,0.61684,0.5079,39285
VessMAP,5.657,K_focal_aug,K_focal_aug_s1,1,8353,oracle,2.0,0.0,0.6089,0.65463,27347
VessMAP,5.657,K_focal_aug,K_focal_aug_s1,1,8353,oracle,2.0,0.25,0.61627,0.6025,30985
VessMAP,5.657,K_focal_aug,K_focal_aug_s1,1,8353,oracle,2.0,0.5,0.61968,0.55216,35110
VessMAP,5.657,K_focal_aug,K_focal_aug_s1,1,8353,oracle,2.0,1.0,0.61968,0.48532,41820
VessMAP,5.657,K_focal_aug,K_focal_aug_s1,1,8429,raw,0.0,0.0,0.97479,0.94532,24395
VessMAP,5.657,K_focal_aug,K_focal_aug_s1,1,8429,isotropic,0.25,0.25,0.98062,0.81873,33623
VessMAP,5.657,K_focal_aug,K_focal_aug_s1,1,8429,isotropic,0.5,0.5,0.98376,0.72359,41271
VessMAP,5.657,K_focal_aug,K_focal_aug_s1,1,8429,isotropic,0.75,0.75,0.98646,0.64777,48922
VessMAP,5.657,K_focal_aug,K_focal_aug_s1,1,8429,isotropic,1.0,1.0,0.98826,0.60751,53766
VessMAP,5.657,K_focal_aug,K_focal_aug_s1,1,8429,isotropic,1.5,1.5,0.98871,0.55526,61071
VessMAP,5.657,K_focal_aug,K_focal_aug_s1,1,8429,oracle,0.0,0.25,0.97658,0.89293,27972
VessMAP,5.657,K_focal_aug,K_focal_aug_s1,1,8429,oracle,0.0,0.5,0.97793,0.78555,35978
VessMAP,5.657,K_focal_aug,K_focal_aug_s1,1,8429,oracle,0.0,1.0,0.97882,0.65442,48006
VessMAP,5.657,K_focal_aug,K_focal_aug_s1,1,8429,oracle,0.5,0.0,0.98017,0.91286,27207
VessMAP,5.657,K_focal_aug,K_focal_aug_s1,1,8429,oracle,0.5,0.25,0.98331,0.81722,33792
VessMAP,5.657,K_focal_aug,K_focal_aug_s1,1,8429,oracle,0.5,0.5,0.98376,0.72732,40939
VessMAP,5.657,K_focal_aug,K_focal_aug_s1,1,8429,oracle,0.5,1.0,0.98511,0.61391,52888
VessMAP,5.657,K_focal_aug,K_focal_aug_s1,1,8429,oracle,1.0,0.0,0.98556,0.88009,29550
VessMAP,5.657,K_focal_aug,K_focal_aug_s1,1,8429,oracle,1.0,0.25,0.98601,0.79716,35342
VessMAP,5.657,K_focal_aug,K_focal_aug_s1,1,8429,oracle,1.0,0.5,0.98736,0.71181,42422
VessMAP,5.657,K_focal_aug,K_focal_aug_s1,1,8429,oracle,1.0,1.0,0.98826,0.60831,53664
VessMAP,5.657,K_focal_aug,K_focal_aug_s1,1,8429,oracle,1.5,0.0,0.98646,0.82212,33409
VessMAP,5.657,K_focal_aug,K_focal_aug_s1,1,8429,oracle,1.5,0.25,0.98826,0.74974,39105
VessMAP,5.657,K_focal_aug,K_focal_aug_s1,1,8429,oracle,1.5,0.5,0.98871,0.69152,44388
VessMAP,5.657,K_focal_aug,K_focal_aug_s1,1,8429,oracle,1.5,1.0,0.98871,0.60295,54370
VessMAP,5.657,K_focal_aug,K_focal_aug_s1,1,8429,oracle,2.0,0.0,0.98781,0.72534,41148
VessMAP,5.657,K_focal_aug,K_focal_aug_s1,1,8429,oracle,2.0,0.25,0.98871,0.68516,45013
VessMAP,5.657,K_focal_aug,K_focal_aug_s1,1,8429,oracle,2.0,0.5,0.98871,0.64611,49161
VessMAP,5.657,K_focal_aug,K_focal_aug_s1,1,8429,oracle,2.0,1.0,0.98871,0.59158,55867
VessMAP,5.657,K_focal_aug,K_focal_aug_s1,1,8493,raw,0.0,0.0,0.35238,0.91969,15751
VessMAP,5.657,K_focal_aug,K_focal_aug_s1,1,8493,isotropic,0.25,0.25,0.35842,0.83414,20152
VessMAP,5.657,K_focal_aug,K_focal_aug_s1,1,8493,isotropic,0.5,0.5,0.52554,0.75465,24287
VessMAP,5.657,K_focal_aug,K_focal_aug_s1,1,8493,isotropic,0.75,0.75,0.54193,0.67919,28968
VessMAP,5.657,K_focal_aug,K_focal_aug_s1,1,8493,isotropic,1.0,1.0,0.54295,0.63096,32427
VessMAP,5.657,K_focal_aug,K_focal_aug_s1,1,8493,isotropic,1.5,1.5,0.54315,0.55153,39276
VessMAP,5.657,K_focal_aug,K_focal_aug_s1,1,8493,oracle,0.0,0.25,0.35239,0.89348,17001
VessMAP,5.657,K_focal_aug,K_focal_aug_s1,1,8493,oracle,0.0,0.5,0.35628,0.8126,21011
VessMAP,5.657,K_focal_aug,K_focal_aug_s1,1,8493,oracle,0.0,1.0,0.52118,0.68328,28225
VessMAP,5.657,K_focal_aug,K_focal_aug_s1,1,8493,oracle,0.5,0.0,0.35887,0.89979,17328
VessMAP,5.657,K_focal_aug,K_focal_aug_s1,1,8493,oracle,0.5,0.25,0.52286,0.83193,20394
VessMAP,5.657,K_focal_aug,K_focal_aug_s1,1,8493,oracle,0.5,0.5,0.52459,0.75612,24203
VessMAP,5.657,K_focal_aug,K_focal_aug_s1,1,8493,oracle,0.5,1.0,0.52956,0.64374,31328
VessMAP,5.657,K_focal_aug,K_focal_aug_s1,1,8493,oracle,1.0,0.0,0.52734,0.86943,18943
VessMAP,5.657,K_focal_aug,K_focal_aug_s1,1,8493,oracle,1.0,0.25,0.53748,0.81138,21669
VessMAP,5.657,K_focal_aug,K_focal_aug_s1,1,8493,oracle,1.0,0.5,0.54255,0.73992,25352
VessMAP,5.657,K_focal_aug,K_focal_aug_s1,1,8493,oracle,1.0,1.0,0.54295,0.63138,32395
VessMAP,5.657,K_focal_aug,K_focal_aug_s1,1,8493,oracle,1.5,0.0,0.5292,0.83483,20573
VessMAP,5.657,K_focal_aug,K_focal_aug_s1,1,8493,oracle,1.5,0.25,0.54216,0.77717,23446
VessMAP,5.657,K_focal_aug,K_focal_aug_s1,1,8493,oracle,1.5,0.5,0.54275,0.71968,26572
VessMAP,5.657,K_focal_aug,K_focal_aug_s1,1,8493,oracle,1.5,1.0,0.54315,0.6216,33163
VessMAP,5.657,K_focal_aug,K_focal_aug_s1,1,8493,oracle,2.0,0.0,0.54196,0.7745,23560
VessMAP,5.657,K_focal_aug,K_focal_aug_s1,1,8493,oracle,2.0,0.25,0.54216,0.73397,25758
VessMAP,5.657,K_focal_aug,K_focal_aug_s1,1,8493,oracle,2.0,0.5,0.54275,0.68518,28683
VessMAP,5.657,K_focal_aug,K_focal_aug_s1,1,8493,oracle,2.0,1.0,0.54315,0.60653,34358
VessMAP,5.657,K_focal_aug,K_focal_aug_s1,1,8506,raw,0.0,0.0,0.34412,0.91496,13271
VessMAP,5.657,K_focal_aug,K_focal_aug_s1,1,8506,isotropic,0.25,0.25,0.38065,0.77424,19328
VessMAP,5.657,K_focal_aug,K_focal_aug_s1,1,8506,isotropic,0.5,0.5,0.39492,0.66474,24931
VessMAP,5.657,K_focal_aug,K_focal_aug_s1,1,8506,isotropic,0.75,0.75,0.39605,0.5709,31392
VessMAP,5.657,K_focal_aug,K_focal_aug_s1,1,8506,isotropic,1.0,1.0,0.39617,0.5183,35985
VessMAP,5.657,K_focal_aug,K_focal_aug_s1,1,8506,isotropic,1.5,1.5,0.39624,0.44076,44703
VessMAP,5.657,K_focal_aug,K_focal_aug_s1,1,8506,oracle,0.0,0.25,0.34609,0.86114,15293
VessMAP,5.657,K_focal_aug,K_focal_aug_s1,1,8506,oracle,0.0,0.5,0.36423,0.74202,20635
VessMAP,5.657,K_focal_aug,K_focal_aug_s1,1,8506,oracle,0.0,1.0,0.36575,0.58442,29900
VessMAP,5.657,K_focal_aug,K_focal_aug_s1,1,8506,oracle,0.5,0.0,0.38689,0.87215,15458
VessMAP,5.657,K_focal_aug,K_focal_aug_s1,1,8506,oracle,0.5,0.25,0.39326,0.76964,19647
VessMAP,5.657,K_focal_aug,K_focal_aug_s1,1,8506,oracle,0.5,0.5,0.39492,0.66888,24689
VessMAP,5.657,K_focal_aug,K_focal_aug_s1,1,8506,oracle,0.5,1.0,0.39571,0.53099,34622
VessMAP,5.657,K_focal_aug,K_focal_aug_s1,1,8506,oracle,1.0,0.0,0.39079,0.81366,17875
VessMAP,5.657,K_focal_aug,K_focal_aug_s1,1,8506,oracle,1.0,0.25,0.39441,0.7264,21792
VessMAP,5.657,K_focal_aug,K_focal_aug_s1,1,8506,oracle,1.0,0.5,0.39607,0.63905,26656
VessMAP,5.657,K_focal_aug,K_focal_aug_s1,1,8506,oracle,1.0,1.0,0.39617,0.51942,35877
VessMAP,5.657,K_focal_aug,K_focal_aug_s1,1,8506,oracle,1.5,0.0,0.39254,0.74417,20915
VessMAP,5.657,K_focal_aug,K_focal_aug_s1,1,8506,oracle,1.5,0.25,0.39514,0.66094,25353
VessMAP,5.657,K_focal_aug,K_focal_aug_s1,1,8506,oracle,1.5,0.5,0.39622,0.59974,29332
VessMAP,5.657,K_focal_aug,K_focal_aug_s1,1,8506,oracle,1.5,1.0,0.39623,0.5062,37248
VessMAP,5.657,K_focal_aug,K_focal_aug_s1,1,8506,oracle,2.0,0.0,0.39364,0.64192,26508
VessMAP,5.657,K_focal_aug,K_focal_aug_s1,1,8506,oracle,2.0,0.25,0.39521,0.59507,29722
VessMAP,5.657,K_focal_aug,K_focal_aug_s1,1,8506,oracle,2.0,0.5,0.39627,0.54875,33364
VessMAP,5.657,K_focal_aug,K_focal_aug_s1,1,8506,oracle,2.0,1.0,0.39628,0.48295,39747
VessMAP,5.657,K_focal_aug,K_focal_aug_s1,1,8686,raw,0.0,0.0,0.21146,0.91775,17415
VessMAP,5.657,K_focal_aug,K_focal_aug_s1,1,8686,isotropic,0.25,0.25,0.24982,0.80971,24850
VessMAP,5.657,K_focal_aug,K_focal_aug_s1,1,8686,isotropic,0.5,0.5,0.25204,0.70811,31442
VessMAP,5.657,K_focal_aug,K_focal_aug_s1,1,8686,isotropic,0.75,0.75,0.25413,0.61931,38807
VessMAP,5.657,K_focal_aug,K_focal_aug_s1,1,8686,isotropic,1.0,1.0,0.25599,0.56842,44135
VessMAP,5.657,K_focal_aug,K_focal_aug_s1,1,8686,isotropic,1.5,1.5,0.26391,0.49562,53653
VessMAP,5.657,K_focal_aug,K_focal_aug_s1,1,8686,oracle,0.0,0.25,0.21592,0.87396,20064
VessMAP,5.657,K_focal_aug,K_focal_aug_s1,1,8686,oracle,0.0,0.5,0.24803,0.77595,26643
VessMAP,5.657,K_focal_aug,K_focal_aug_s1,1,8686,oracle,0.0,1.0,0.24865,0.63005,37369
VessMAP,5.657,K_focal_aug,K_focal_aug_s1,1,8686,oracle,0.5,0.0,0.23759,0.89324,20027
VessMAP,5.657,K_focal_aug,K_focal_aug_s1,1,8686,oracle,0.5,0.25,0.25122,0.80703,25136
VessMAP,5.657,K_focal_aug,K_focal_aug_s1,1,8686,oracle,0.5,0.5,0.25204,0.71274,31107
VessMAP,5.657,K_focal_aug,K_focal_aug_s1,1,8686,oracle,0.5,1.0,0.25324,0.57876,42698
VessMAP,5.657,K_focal_aug,K_focal_aug_s1,1,8686,oracle,1.0,0.0,0.25017,0.85186,22640
VessMAP,5.657,K_focal_aug,K_focal_aug_s1,1,8686,oracle,1.0,0.25,0.25399,0.77517,27232
VessMAP,5.657,K_focal_aug,K_focal_aug_s1,1,8686,oracle,1.0,0.5,0.25492,0.68935,33079
VessMAP,5.657,K_focal_aug,K_focal_aug_s1,1,8686,oracle,1.0,1.0,0.25599,0.56968,43991
VessMAP,5.657,K_focal_aug,K_focal_aug_s1,1,8686,oracle,1.5,0.0,0.25509,0.78453,26502
VessMAP,5.657,K_focal_aug,K_focal_aug_s1,1,8686,oracle,1.5,0.25,0.25936,0.71151,31546
VessMAP,5.657,K_focal_aug,K_focal_aug_s1,1,8686,oracle,1.5,0.5,0.26015,0.65478,36009
VessMAP,5.657,K_focal_aug,K_focal_aug_s1,1,8686,oracle,1.5,1.0,0.26157,0.55877,45423
VessMAP,5.657,K_focal_aug,K_focal_aug_s1,1,8686,oracle,2.0,0.0,0.25584,0.68139,33684
VessMAP,5.657,K_focal_aug,K_focal_aug_s1,1,8686,oracle,2.0,0.25,0.26045,0.64044,37252
VessMAP,5.657,K_focal_aug,K_focal_aug_s1,1,8686,oracle,2.0,0.5,0.26105,0.59818,41250
VessMAP,5.657,K_focal_aug,K_focal_aug_s1,1,8686,oracle,2.0,1.0,0.26339,0.53666,48150
VessMAP,5.657,K_focal_aug,K_focal_aug_s1,1,8990,raw,0.0,0.0,0.77917,0.97471,21124
VessMAP,5.657,K_focal_aug,K_focal_aug_s1,1,8990,isotropic,0.25,0.25,0.91864,0.90817,25117
VessMAP,5.657,K_focal_aug,K_focal_aug_s1,1,8990,isotropic,0.5,0.5,0.92079,0.84335,28718
VessMAP,5.657,K_focal_aug,K_focal_aug_s1,1,8990,isotropic,0.75,0.75,0.92079,0.77748,32937
VessMAP,5.657,K_focal_aug,K_focal_aug_s1,1,8990,isotropic,1.0,1.0,0.92079,0.73464,36100
VessMAP,5.657,K_focal_aug,K_focal_aug_s1,1,8990,isotropic,1.5,1.5,0.9208,0.66118,42498
VessMAP,5.657,K_focal_aug,K_focal_aug_s1,1,8990,oracle,0.0,0.25,0.78899,0.94918,22586
VessMAP,5.657,K_focal_aug,K_focal_aug_s1,1,8990,oracle,0.0,0.5,0.91756,0.88849,26121
VessMAP,5.657,K_focal_aug,K_focal_aug_s1,1,8990,oracle,0.0,1.0,0.92079,0.78281,32554
VessMAP,5.657,K_focal_aug,K_focal_aug_s1,1,8990,oracle,0.5,0.0,0.91651,0.96177,22350
VessMAP,5.657,K_focal_aug,K_focal_aug_s1,1,8990,oracle,0.5,0.25,0.91866,0.90715,25184
VessMAP,5.657,K_focal_aug,K_focal_aug_s1,1,8990,oracle,0.5,0.5,0.92079,0.8459,28568
VessMAP,5.657,K_focal_aug,K_focal_aug_s1,1,8990,oracle,0.5,1.0,0.92079,0.74262,35478
VessMAP,5.657,K_focal_aug,K_focal_aug_s1,1,8990,oracle,1.0,0.0,0.91866,0.94315,23359
VessMAP,5.657,K_focal_aug,K_focal_aug_s1,1,8990,oracle,1.0,0.25,0.91866,0.89474,25845
VessMAP,5.657,K_focal_aug,K_focal_aug_s1,1,8990,oracle,1.0,0.5,0.92079,0.83456,29244
VessMAP,5.657,K_focal_aug,K_focal_aug_s1,1,8990,oracle,1.0,1.0,0.92079,0.73572,36013
VessMAP,5.657,K_focal_aug,K_focal_aug_s1,1,8990,oracle,1.5,0.0,0.91866,0.91883,24586
VessMAP,5.657,K_focal_aug,K_focal_aug_s1,1,8990,oracle,1.5,0.25,0.91866,0.87212,27070
VessMAP,5.657,K_focal_aug,K_focal_aug_s1,1,8990,oracle,1.5,0.5,0.92079,0.82228,29997
VessMAP,5.657,K_focal_aug,K_focal_aug_s1,1,8990,oracle,1.5,1.0,0.92079,0.73068,36418
VessMAP,5.657,K_focal_aug,K_focal_aug_s1,1,8990,oracle,2.0,0.0,0.91972,0.87578,26860
VessMAP,5.657,K_focal_aug,K_focal_aug_s1,1,8990,oracle,2.0,0.25,0.91972,0.84312,28729
VessMAP,5.657,K_focal_aug,K_focal_aug_s1,1,8990,oracle,2.0,0.5,0.92079,0.79785,31562
VessMAP,5.657,K_focal_aug,K_focal_aug_s1,1,8990,oracle,2.0,1.0,0.92079,0.72037,37254
VessMAP,5.657,K_focal_aug,K_focal_aug_s1,1,9000,raw,0.0,0.0,0.88883,0.93799,18571
VessMAP,5.657,K_focal_aug,K_focal_aug_s1,1,9000,isotropic,0.25,0.25,0.9059,0.86302,23767
VessMAP,5.657,K_focal_aug,K_focal_aug_s1,1,9000,isotropic,0.5,0.5,0.94456,0.78072,28696
VessMAP,5.657,K_focal_aug,K_focal_aug_s1,1,9000,isotropic,0.75,0.75,0.94805,0.6991,34457
VessMAP,5.657,K_focal_aug,K_focal_aug_s1,1,9000,isotropic,1.0,1.0,0.94893,0.64926,38599
VessMAP,5.657,K_focal_aug,K_focal_aug_s1,1,9000,isotropic,1.5,1.5,0.94893,0.57162,46398
VessMAP,5.657,K_focal_aug,K_focal_aug_s1,1,9000,oracle,0.0,0.25,0.89307,0.91238,20363
VessMAP,5.657,K_focal_aug,K_focal_aug_s1,1,9000,oracle,0.0,0.5,0.89902,0.83618,25040
VessMAP,5.657,K_focal_aug,K_focal_aug_s1,1,9000,oracle,0.0,1.0,0.90158,0.70609,33428
VessMAP,5.657,K_focal_aug,K_focal_aug_s1,1,9000,oracle,0.5,0.0,0.90163,0.92229,20361
VessMAP,5.657,K_focal_aug,K_focal_aug_s1,1,9000,oracle,0.5,0.25,0.9402,0.86134,23998
VessMAP,5.657,K_focal_aug,K_focal_aug_s1,1,9000,oracle,0.5,0.5,0.94456,0.78218,28603
VessMAP,5.657,K_focal_aug,K_focal_aug_s1,1,9000,oracle,0.5,1.0,0.94543,0.65967,37545
VessMAP,5.657,K_focal_aug,K_focal_aug_s1,1,9000,oracle,1.0,0.0,0.94368,0.8999,21961
VessMAP,5.657,K_focal_aug,K_focal_aug_s1,1,9000,oracle,1.0,0.25,0.9463,0.8421,25258
VessMAP,5.657,K_focal_aug,K_focal_aug_s1,1,9000,oracle,1.0,0.5,0.94805,0.76544,29830
VessMAP,5.657,K_focal_aug,K_focal_aug_s1,1,9000,oracle,1.0,1.0,0.94893,0.64966,38563
VessMAP,5.657,K_focal_aug,K_focal_aug_s1,1,9000,oracle,1.5,0.0,0.94805,0.86767,23856
VessMAP,5.657,K_focal_aug,K_focal_aug_s1,1,9000,oracle,1.5,0.25,0.94893,0.80862,27246
VessMAP,5.657,K_focal_aug,K_focal_aug_s1,1,9000,oracle,1.5,0.5,0.94893,0.74619,31143
VessMAP,5.657,K_focal_aug,K_focal_aug_s1,1,9000,oracle,1.5,1.0,0.94893,0.64152,39307
VessMAP,5.657,K_focal_aug,K_focal_aug_s1,1,9000,oracle,2.0,0.0,0.94893,0.80472,27500
VessMAP,5.657,K_focal_aug,K_focal_aug_s1,1,9000,oracle,2.0,0.25,0.94893,0.7645,29984
VessMAP,5.657,K_focal_aug,K_focal_aug_s1,1,9000,oracle,2.0,0.5,0.94893,0.71174,33594
VessMAP,5.657,K_focal_aug,K_focal_aug_s1,1,9000,oracle,2.0,1.0,0.94893,0.62661,40694
VessMAP,5.657,K_focal_aug,K_focal_aug_s1,1,9284,raw,0.0,0.0,0.98815,0.97024,31569
VessMAP,5.657,K_focal_aug,K_focal_aug_s1,1,9284,isotropic,0.25,0.25,0.99555,0.85163,41378
VessMAP,5.657,K_focal_aug,K_focal_aug_s1,1,9284,isotropic,0.5,0.5,0.9974,0.77384,48682
VessMAP,5.657,K_focal_aug,K_focal_aug_s1,1,9284,isotropic,0.75,0.75,0.9974,0.71752,54918
VessMAP,5.657,K_focal_aug,K_focal_aug_s1,1,9284,isotropic,1.0,1.0,0.9974,0.69115,58187
VessMAP,5.657,K_focal_aug,K_focal_aug_s1,1,9284,isotropic,1.5,1.5,0.9974,0.65846,62603
VessMAP,5.657,K_focal_aug,K_focal_aug_s1,1,9284,oracle,0.0,0.25,0.99148,0.91997,35499
VessMAP,5.657,K_focal_aug,K_focal_aug_s1,1,9284,oracle,0.0,0.5,0.99444,0.82453,43708
VessMAP,5.657,K_focal_aug,K_focal_aug_s1,1,9284,oracle,0.0,1.0,0.99555,0.72196,54350
VessMAP,5.657,K_focal_aug,K_focal_aug_s1,1,9284,oracle,0.5,0.0,0.99444,0.93799,34495
VessMAP,5.657,K_focal_aug,K_focal_aug_s1,1,9284,oracle,0.5,0.25,0.99703,0.85034,41509
VessMAP,5.657,K_focal_aug,K_focal_aug_s1,1,9284,oracle,0.5,0.5,0.99703,0.77843,48211
VessMAP,5.657,K_focal_aug,K_focal_aug_s1,1,9284,oracle,0.5,1.0,0.9974,0.69539,57645
VessMAP,5.657,K_focal_aug,K_focal_aug_s1,1,9284,oracle,1.0,0.0,0.99629,0.91128,36557
VessMAP,5.657,K_focal_aug,K_focal_aug_s1,1,9284,oracle,1.0,0.25,0.99703,0.83706,42670
VessMAP,5.657,K_focal_aug,K_focal_aug_s1,1,9284,oracle,1.0,0.5,0.9974,0.7662,49474
VessMAP,5.657,K_focal_aug,K_focal_aug_s1,1,9284,oracle,1.0,1.0,0.9974,0.69204,58073
VessMAP,5.657,K_focal_aug,K_focal_aug_s1,1,9284,oracle,1.5,0.0,0.99629,0.86873,39921
VessMAP,5.657,K_focal_aug,K_focal_aug_s1,1,9284,oracle,1.5,0.25,0.9974,0.80637,45474
VessMAP,5.657,K_focal_aug,K_focal_aug_s1,1,9284,oracle,1.5,0.5,0.9974,0.75588,50570
VessMAP,5.657,K_focal_aug,K_focal_aug_s1,1,9284,oracle,1.5,1.0,0.9974,0.68927,58430
VessMAP,5.657,K_focal_aug,K_focal_aug_s1,1,9284,oracle,2.0,0.0,0.99666,0.78545,47480
VessMAP,5.657,K_focal_aug,K_focal_aug_s1,1,9284,oracle,2.0,0.25,0.9974,0.75499,50666
VessMAP,5.657,K_focal_aug,K_focal_aug_s1,1,9284,oracle,2.0,0.5,0.9974,0.72559,53965
VessMAP,5.657,K_focal_aug,K_focal_aug_s1,1,9284,oracle,2.0,1.0,0.9974,0.68478,59015
VessMAP,5.657,K_focal_aug,K_focal_aug_s1,1,9452,raw,0.0,0.0,0.75736,0.95202,20955
VessMAP,5.657,K_focal_aug,K_focal_aug_s1,1,9452,isotropic,0.25,0.25,0.8899,0.81707,30617
VessMAP,5.657,K_focal_aug,K_focal_aug_s1,1,9452,isotropic,0.5,0.5,0.92539,0.71298,38511
VessMAP,5.657,K_focal_aug,K_focal_aug_s1,1,9452,isotropic,0.75,0.75,0.93059,0.62963,46524
VessMAP,5.657,K_focal_aug,K_focal_aug_s1,1,9452,isotropic,1.0,1.0,0.93059,0.58827,51298
VessMAP,5.657,K_focal_aug,K_focal_aug_s1,1,9452,isotropic,1.5,1.5,0.93059,0.5352,58505
VessMAP,5.657,K_focal_aug,K_focal_aug_s1,1,9452,oracle,0.0,0.25,0.77705,0.89121,24934
VessMAP,5.657,K_focal_aug,K_focal_aug_s1,1,9452,oracle,0.0,0.5,0.88608,0.77758,33134
VessMAP,5.657,K_focal_aug,K_focal_aug_s1,1,9452,oracle,0.0,1.0,0.92017,0.64361,44857
VessMAP,5.657,K_focal_aug,K_focal_aug_s1,1,9452,oracle,0.5,0.0,0.83788,0.92157,24194
VessMAP,5.657,K_focal_aug,K_focal_aug_s1,1,9452,oracle,0.5,0.25,0.91757,0.81456,30893
VessMAP,5.657,K_focal_aug,K_focal_aug_s1,1,9452,oracle,0.5,0.5,0.92539,0.7171,38164
VessMAP,5.657,K_focal_aug,K_focal_aug_s1,1,9452,oracle,0.5,1.0,0.92885,0.59613,50326
VessMAP,5.657,K_focal_aug,K_focal_aug_s1,1,9452,oracle,1.0,0.0,0.91717,0.87656,27038
VessMAP,5.657,K_focal_aug,K_focal_aug_s1,1,9452,oracle,1.0,0.25,0.92409,0.78449,33057
VessMAP,5.657,K_focal_aug,K_focal_aug_s1,1,9452,oracle,1.0,0.5,0.92972,0.69608,40031
VessMAP,5.657,K_focal_aug,K_focal_aug_s1,1,9452,oracle,1.0,1.0,0.93059,0.5893,51171
VessMAP,5.657,K_focal_aug,K_focal_aug_s1,1,9452,oracle,1.5,0.0,0.92234,0.81017,31191
VessMAP,5.657,K_focal_aug,K_focal_aug_s1,1,9452,oracle,1.5,0.25,0.92885,0.72793,37341
VessMAP,5.657,K_focal_aug,K_focal_aug_s1,1,9452,oracle,1.5,0.5,0.93015,0.66816,42606
VessMAP,5.657,K_focal_aug,K_focal_aug_s1,1,9452,oracle,1.5,1.0,0.93059,0.58206,52074
VessMAP,5.657,K_focal_aug,K_focal_aug_s1,1,9452,oracle,2.0,0.0,0.9284,0.71023,38765
VessMAP,5.657,K_focal_aug,K_focal_aug_s1,1,9452,oracle,2.0,0.25,0.93059,0.66642,42776
VessMAP,5.657,K_focal_aug,K_focal_aug_s1,1,9452,oracle,2.0,0.5,0.93059,0.62359,47182
VessMAP,5.657,K_focal_aug,K_focal_aug_s1,1,9452,oracle,2.0,1.0,0.93059,0.56857,53816
VessMAP,5.657,K_focal_aug,K_focal_aug_s1,1,9523,raw,0.0,0.0,0.54878,0.93317,14576
VessMAP,5.657,K_focal_aug,K_focal_aug_s1,1,9523,isotropic,0.25,0.25,0.81578,0.88059,18073
VessMAP,5.657,K_focal_aug,K_focal_aug_s1,1,9523,isotropic,0.5,0.5,0.85805,0.81178,21405
VessMAP,5.657,K_focal_aug,K_focal_aug_s1,1,9523,isotropic,0.75,0.75,0.86692,0.73712,25432
VessMAP,5.657,K_focal_aug,K_focal_aug_s1,1,9523,isotropic,1.0,1.0,0.87201,0.68756,28529
VessMAP,5.657,K_focal_aug,K_focal_aug_s1,1,9523,isotropic,1.5,1.5,0.8848,0.60275,34968
VessMAP,5.657,K_focal_aug,K_focal_aug_s1,1,9523,oracle,0.0,0.25,0.58792,0.91698,15718
VessMAP,5.657,K_focal_aug,K_focal_aug_s1,1,9523,oracle,0.0,0.5,0.81084,0.8595,18875
VessMAP,5.657,K_focal_aug,K_focal_aug_s1,1,9523,oracle,0.0,1.0,0.81576,0.7433,24639
VessMAP,5.657,K_focal_aug,K_focal_aug_s1,1,9523,oracle,0.5,0.0,0.60272,0.9254,15864
VessMAP,5.657,K_focal_aug,K_focal_aug_s1,1,9523,oracle,0.5,0.25,0.82445,0.87952,18266
VessMAP,5.657,K_focal_aug,K_focal_aug_s1,1,9523,oracle,0.5,0.5,0.85552,0.81583,21208
VessMAP,5.657,K_focal_aug,K_focal_aug_s1,1,9523,oracle,0.5,1.0,0.86058,0.69912,27582
VessMAP,5.657,K_focal_aug,K_focal_aug_s1,1,9523,oracle,1.0,0.0,0.86438,0.91133,17034
VessMAP,5.657,K_focal_aug,K_focal_aug_s1,1,9523,oracle,1.0,0.25,0.86692,0.86395,19257
VessMAP,5.657,K_focal_aug,K_focal_aug_s1,1,9523,oracle,1.0,0.5,0.86946,0.79852,22277
VessMAP,5.657,K_focal_aug,K_focal_aug_s1,1,9523,oracle,1.0,1.0,0.87201,0.68898,28430
VessMAP,5.657,K_focal_aug,K_focal_aug_s1,1,9523,oracle,1.5,0.0,0.87712,0.88799,18302
VessMAP,5.657,K_focal_aug,K_focal_aug_s1,1,9523,oracle,1.5,0.25,0.88096,0.83643,20721
VessMAP,5.657,K_focal_aug,K_focal_aug_s1,1,9523,oracle,1.5,0.5,0.88096,0.78085,23370
VessMAP,5.657,K_focal_aug,K_focal_aug_s1,1,9523,oracle,1.5,1.0,0.88352,0.67929,29233
VessMAP,5.657,K_focal_aug,K_focal_aug_s1,1,9523,oracle,2.0,0.0,0.88609,0.8331,20915
VessMAP,5.657,K_focal_aug,K_focal_aug_s1,1,9523,oracle,2.0,0.25,0.88737,0.79805,22660
VessMAP,5.657,K_focal_aug,K_focal_aug_s1,1,9523,oracle,2.0,0.5,0.88737,0.74908,25180
VessMAP,5.657,K_focal_aug,K_focal_aug_s1,1,9523,oracle,2.0,1.0,0.88866,0.66434,30367
VessMAP,5.657,K_focal_aug,K_focal_aug_s1,1,9593,raw,0.0,0.0,0.70164,0.93171,11005
VessMAP,5.657,K_focal_aug,K_focal_aug_s1,1,9593,isotropic,0.25,0.25,0.76872,0.7691,16793
VessMAP,5.657,K_focal_aug,K_focal_aug_s1,1,9593,isotropic,0.5,0.5,0.82029,0.6567,21942
VessMAP,5.657,K_focal_aug,K_focal_aug_s1,1,9593,isotropic,0.75,0.75,0.83901,0.56638,27496
VessMAP,5.657,K_focal_aug,K_focal_aug_s1,1,9593,isotropic,1.0,1.0,0.84922,0.51211,31719
VessMAP,5.657,K_focal_aug,K_focal_aug_s1,1,9593,isotropic,1.5,1.5,0.85633,0.43396,39529
VessMAP,5.657,K_focal_aug,K_focal_aug_s1,1,9593,oracle,0.0,0.25,0.70737,0.88501,12503
VessMAP,5.657,K_focal_aug,K_focal_aug_s1,1,9593,oracle,0.0,0.5,0.75897,0.73581,17926
VessMAP,5.657,K_focal_aug,K_focal_aug_s1,1,9593,oracle,0.0,1.0,0.77546,0.56592,26972
VessMAP,5.657,K_focal_aug,K_focal_aug_s1,1,9593,oracle,0.5,0.0,0.77022,0.88446,12911
VessMAP,5.657,K_focal_aug,K_focal_aug_s1,1,9593,oracle,0.5,0.25,0.78079,0.76745,16983
VessMAP,5.657,K_focal_aug,K_focal_aug_s1,1,9593,oracle,0.5,0.5,0.7884,0.66007,21771
VessMAP,5.657,K_focal_aug,K_focal_aug_s1,1,9593,oracle,0.5,1.0,0.83663,0.52491,30477
VessMAP,5.657,K_focal_aug,K_focal_aug_s1,1,9593,oracle,1.0,0.0,0.82106,0.83116,14870
VessMAP,5.657,K_focal_aug,K_focal_aug_s1,1,9593,oracle,1.0,0.25,0.8312,0.73836,18390
VessMAP,5.657,K_focal_aug,K_focal_aug_s1,1,9593,oracle,1.0,0.5,0.8398,0.63964,23057
VessMAP,5.657,K_focal_aug,K_focal_aug_s1,1,9593,oracle,1.0,1.0,0.84922,0.51303,31643
VessMAP,5.657,K_focal_aug,K_focal_aug_s1,1,9593,oracle,1.5,0.0,0.82886,0.76021,17499
VessMAP,5.657,K_focal_aug,K_focal_aug_s1,1,9593,oracle,1.5,0.25,0.83823,0.67591,21214
VessMAP,5.657,K_focal_aug,K_focal_aug_s1,1,9593,oracle,1.5,0.5,0.84765,0.6073,24964
VessMAP,5.657,K_focal_aug,K_focal_aug_s1,1,9593,oracle,1.5,1.0,0.85238,0.50328,32516
VessMAP,5.657,K_focal_aug,K_focal_aug_s1,1,9593,oracle,2.0,0.0,0.8351,0.65292,22362
VessMAP,5.657,K_focal_aug,K_focal_aug_s1,1,9593,oracle,2.0,0.25,0.84686,0.60359,25208
VessMAP,5.657,K_focal_aug,K_focal_aug_s1,1,9593,oracle,2.0,0.5,0.85238,0.55415,28507
VessMAP,5.657,K_focal_aug,K_focal_aug_s1,1,9593,oracle,2.0,1.0,0.85396,0.48357,34333
VessMAP,5.657,K_focal_aug,K_focal_aug_s1,1,9710,raw,0.0,0.0,0.38847,0.90082,30273
VessMAP,5.657,K_focal_aug,K_focal_aug_s1,1,9710,isotropic,0.25,0.25,0.86317,0.81742,40313
VessMAP,5.657,K_focal_aug,K_focal_aug_s1,1,9710,isotropic,0.5,0.5,0.90376,0.76274,46772
VessMAP,5.657,K_focal_aug,K_focal_aug_s1,1,9710,isotropic,0.75,0.75,0.93626,0.72132,52598
VessMAP,5.657,K_focal_aug,K_focal_aug_s1,1,9710,isotropic,1.0,1.0,0.95001,0.69991,55832
VessMAP,5.657,K_focal_aug,K_focal_aug_s1,1,9710,isotropic,1.5,1.5,0.96788,0.67046,60467
VessMAP,5.657,K_focal_aug,K_focal_aug_s1,1,9710,oracle,0.0,0.25,0.42957,0.86753,33889
VessMAP,5.657,K_focal_aug,K_focal_aug_s1,1,9710,oracle,0.0,0.5,0.84732,0.79997,41352
VessMAP,5.657,K_focal_aug,K_focal_aug_s1,1,9710,oracle,0.0,1.0,0.88579,0.72806,50096
VessMAP,5.657,K_focal_aug,K_focal_aug_s1,1,9710,oracle,0.5,0.0,0.84973,0.87233,35250
VessMAP,5.657,K_focal_aug,K_focal_aug_s1,1,9710,oracle,0.5,0.25,0.89,0.81416,41170
VessMAP,5.657,K_focal_aug,K_focal_aug_s1,1,9710,oracle,0.5,0.5,0.9034,0.76453,46561
VessMAP,5.657,K_focal_aug,K_focal_aug_s1,1,9710,oracle,0.5,1.0,0.93195,0.70558,54439
VessMAP,5.657,K_focal_aug,K_focal_aug_s1,1,9710,oracle,1.0,0.0,0.90022,0.84086,39173
VessMAP,5.657,K_focal_aug,K_focal_aug_s1,1,9710,oracle,1.0,0.25,0.92226,0.79329,44349
VessMAP,5.657,K_focal_aug,K_focal_aug_s1,1,9710,oracle,1.0,0.5,0.9341,0.75098,49169
VessMAP,5.657,K_focal_aug,K_focal_aug_s1,1,9710,oracle,1.0,1.0,0.95001,0.70027,55779
VessMAP,5.657,K_focal_aug,K_focal_aug_s1,1,9710,oracle,1.5,0.0,0.91512,0.80191,43477
VessMAP,5.657,K_focal_aug,K_focal_aug_s1,1,9710,oracle,1.5,0.25,0.93879,0.76024,48476
VessMAP,5.657,K_focal_aug,K_focal_aug_s1,1,9710,oracle,1.5,0.5,0.94711,0.73363,51812
VessMAP,5.657,K_focal_aug,K_focal_aug_s1,1,9710,oracle,1.5,1.0,0.96093,0.69433,57006
VessMAP,5.657,K_focal_aug,K_focal_aug_s1,1,9710,oracle,2.0,0.0,0.93088,0.7472,49999
VessMAP,5.657,K_focal_aug,K_focal_aug_s1,1,9710,oracle,2.0,0.25,0.95183,0.72778,52639
VessMAP,5.657,K_focal_aug,K_focal_aug_s1,1,9710,oracle,2.0,0.5,0.96276,0.70971,55101
VessMAP,5.657,K_focal_aug,K_focal_aug_s1,1,9710,oracle,2.0,1.0,0.97191,0.68387,58677
VessMAP,5.657,K_focal_aug,K_focal_aug_s1,1,9860,raw,0.0,0.0,0.57967,0.93496,16786
VessMAP,5.657,K_focal_aug,K_focal_aug_s1,1,9860,isotropic,0.25,0.25,0.59295,0.79731,23461
VessMAP,5.657,K_focal_aug,K_focal_aug_s1,1,9860,isotropic,0.5,0.5,0.59825,0.6936,29551
VessMAP,5.657,K_focal_aug,K_focal_aug_s1,1,9860,isotropic,0.75,0.75,0.605,0.60434,36486
VessMAP,5.657,K_focal_aug,K_focal_aug_s1,1,9860,isotropic,1.0,1.0,0.60807,0.55445,41324
VessMAP,5.657,K_focal_aug,K_focal_aug_s1,1,9860,isotropic,1.5,1.5,0.62856,0.48238,50066
VessMAP,5.657,K_focal_aug,K_focal_aug_s1,1,9860,oracle,0.0,0.25,0.58704,0.88053,19203
VessMAP,5.657,K_focal_aug,K_focal_aug_s1,1,9860,oracle,0.0,0.5,0.59086,0.76336,25153
VessMAP,5.657,K_focal_aug,K_focal_aug_s1,1,9860,oracle,0.0,1.0,0.59374,0.61595,35169
VessMAP,5.657,K_focal_aug,K_focal_aug_s1,1,9860,oracle,0.5,0.0,0.59132,0.89169,19092
VessMAP,5.657,K_focal_aug,K_focal_aug_s1,1,9860,oracle,0.5,0.25,0.59602,0.79441,23691
VessMAP,5.657,K_focal_aug,K_focal_aug_s1,1,9860,oracle,0.5,0.5,0.59825,0.69938,29169
VessMAP,5.657,K_focal_aug,K_focal_aug_s1,1,9860,oracle,0.5,1.0,0.60403,0.56368,40229
VessMAP,5.657,K_focal_aug,K_focal_aug_s1,1,9860,oracle,1.0,0.0,0.59671,0.84125,21498
VessMAP,5.657,K_focal_aug,K_focal_aug_s1,1,9860,oracle,1.0,0.25,0.60092,0.76065,25631
VessMAP,5.657,K_focal_aug,K_focal_aug_s1,1,9860,oracle,1.0,0.5,0.60448,0.67435,31053
VessMAP,5.657,K_focal_aug,K_focal_aug_s1,1,9860,oracle,1.0,1.0,0.60754,0.55573,41181
VessMAP,5.657,K_focal_aug,K_focal_aug_s1,1,9860,oracle,1.5,0.0,0.59994,0.77657,24757
VessMAP,5.657,K_focal_aug,K_focal_aug_s1,1,9860,oracle,1.5,0.25,0.61848,0.70071,29306
VessMAP,5.657,K_focal_aug,K_focal_aug_s1,1,9860,oracle,1.5,0.5,0.62094,0.6404,33631
VessMAP,5.657,K_focal_aug,K_focal_aug_s1,1,9860,oracle,1.5,1.0,0.62448,0.54577,42309
VessMAP,5.657,K_focal_aug,K_focal_aug_s1,1,9860,oracle,2.0,0.0,0.61761,0.67958,30685
VessMAP,5.657,K_focal_aug,K_focal_aug_s1,1,9860,oracle,2.0,0.25,0.62192,0.63632,33981
VessMAP,5.657,K_focal_aug,K_focal_aug_s1,1,9860,oracle,2.0,0.5,0.62374,0.59112,37846
VessMAP,5.657,K_focal_aug,K_focal_aug_s1,1,9860,oracle,2.0,1.0,0.62728,0.52545,44643
VessMAP,5.657,K_focal_aug,K_focal_aug_s2,2,7577,raw,0.0,0.0,0.7842,0.94667,26228
VessMAP,5.657,K_focal_aug,K_focal_aug_s2,2,7577,isotropic,0.25,0.25,0.95633,0.84865,35020
VessMAP,5.657,K_focal_aug,K_focal_aug_s2,2,7577,isotropic,0.5,0.5,0.96673,0.76892,41781
VessMAP,5.657,K_focal_aug,K_focal_aug_s2,2,7577,isotropic,0.75,0.75,0.97892,0.70469,48368
VessMAP,5.657,K_focal_aug,K_focal_aug_s2,2,7577,isotropic,1.0,1.0,0.98724,0.67025,52473
VessMAP,5.657,K_focal_aug,K_focal_aug_s2,2,7577,isotropic,1.5,1.5,0.99515,0.62147,58966
VessMAP,5.657,K_focal_aug,K_focal_aug_s2,2,7577,oracle,0.0,0.25,0.8439,0.90488,29755
VessMAP,5.657,K_focal_aug,K_focal_aug_s2,2,7577,oracle,0.0,0.5,0.94858,0.82198,36905
VessMAP,5.657,K_focal_aug,K_focal_aug_s2,2,7577,oracle,0.0,1.0,0.96109,0.71281,47098
VessMAP,5.657,K_focal_aug,K_focal_aug_s2,2,7577,oracle,0.5,0.0,0.94901,0.92726,29279
VessMAP,5.657,K_focal_aug,K_focal_aug_s2,2,7577,oracle,0.5,0.25,0.96066,0.8464,35297
VessMAP,5.657,K_focal_aug,K_focal_aug_s2,2,7577,oracle,0.5,0.5,0.96586,0.77276,41423
VessMAP,5.657,K_focal_aug,K_focal_aug_s2,2,7577,oracle,0.5,1.0,0.9763,0.67712,51402
VessMAP,5.657,K_focal_aug,K_focal_aug_s2,2,7577,oracle,1.0,0.0,0.96066,0.89845,31623
VessMAP,5.657,K_focal_aug,K_focal_aug_s2,2,7577,oracle,1.0,0.25,0.97238,0.82836,36971
VessMAP,5.657,K_focal_aug,K_focal_aug_s2,2,7577,oracle,1.0,0.5,0.97761,0.75773,43057
VessMAP,5.657,K_focal_aug,K_focal_aug_s2,2,7577,oracle,1.0,1.0,0.98724,0.67126,52348
VessMAP,5.657,K_focal_aug,K_focal_aug_s2,2,7577,oracle,1.5,0.0,0.96629,0.85645,34753
VessMAP,5.657,K_focal_aug,K_focal_aug_s2,2,7577,oracle,1.5,0.25,0.97848,0.79559,39823
VessMAP,5.657,K_focal_aug,K_focal_aug_s2,2,7577,oracle,1.5,0.5,0.98417,0.74242,44706
VessMAP,5.657,K_focal_aug,K_focal_aug_s2,2,7577,oracle,1.5,1.0,0.99251,0.66613,53139
VessMAP,5.657,K_focal_aug,K_focal_aug_s2,2,7577,oracle,2.0,0.0,0.96846,0.78223,40891
VessMAP,5.657,K_focal_aug,K_focal_aug_s2,2,7577,oracle,2.0,0.25,0.98505,0.74695,44314
VessMAP,5.657,K_focal_aug,K_focal_aug_s2,2,7577,oracle,2.0,0.5,0.98768,0.71013,48131
VessMAP,5.657,K_focal_aug,K_focal_aug_s2,2,7577,oracle,2.0,1.0,0.99559,0.65601,54451
VessMAP,5.657,K_focal_aug,K_focal_aug_s2,2,7783,raw,0.0,0.0,0.85333,0.92627,23910
VessMAP,5.657,K_focal_aug,K_focal_aug_s2,2,7783,isotropic,0.25,0.25,0.90707,0.82171,33552
VessMAP,5.657,K_focal_aug,K_focal_aug_s2,2,7783,isotropic,0.5,0.5,0.91829,0.72913,41564
VessMAP,5.657,K_focal_aug,K_focal_aug_s2,2,7783,isotropic,0.75,0.75,0.93306,0.65574,49420
VessMAP,5.657,K_focal_aug,K_focal_aug_s2,2,7783,isotropic,1.0,1.0,0.93874,0.62045,53893
VessMAP,5.657,K_focal_aug,K_focal_aug_s2,2,7783,isotropic,1.5,1.5,0.95456,0.57687,60280
VessMAP,5.657,K_focal_aug,K_focal_aug_s2,2,7783,oracle,0.0,0.25,0.85752,0.88355,27517
VessMAP,5.657,K_focal_aug,K_focal_aug_s2,2,7783,oracle,0.0,0.5,0.89933,0.79091,35654
VessMAP,5.657,K_focal_aug,K_focal_aug_s2,2,7783,oracle,0.0,1.0,0.90835,0.66614,47734
VessMAP,5.657,K_focal_aug,K_focal_aug_s2,2,7783,oracle,0.5,0.0,0.89169,0.90432,27215
VessMAP,5.657,K_focal_aug,K_focal_aug_s2,2,7783,oracle,0.5,0.25,0.91396,0.81929,33934
VessMAP,5.657,K_focal_aug,K_focal_aug_s2,2,7783,oracle,0.5,0.5,0.91742,0.73188,41288
VessMAP,5.657,K_focal_aug,K_focal_aug_s2,2,7783,oracle,0.5,1.0,0.9235,0.6268,52769
VessMAP,5.657,K_focal_aug,K_focal_aug_s2,2,7783,oracle,1.0,0.0,0.92131,0.86848,30299
VessMAP,5.657,K_focal_aug,K_focal_aug_s2,2,7783,oracle,1.0,0.25,0.93044,0.79409,36267
VessMAP,5.657,K_focal_aug,K_focal_aug_s2,2,7783,oracle,1.0,0.5,0.93524,0.71443,43304
VessMAP,5.657,K_focal_aug,K_focal_aug_s2,2,7783,oracle,1.0,1.0,0.93874,0.62112,53805
VessMAP,5.657,K_focal_aug,K_focal_aug_s2,2,7783,oracle,1.5,0.0,0.92957,0.81535,34398
VessMAP,5.657,K_focal_aug,K_focal_aug_s2,2,7783,oracle,1.5,0.25,0.93786,0.74833,40315
VessMAP,5.657,K_focal_aug,K_focal_aug_s2,2,7783,oracle,1.5,0.5,0.94268,0.69241,45727
VessMAP,5.657,K_focal_aug,K_focal_aug_s2,2,7783,oracle,1.5,1.0,0.9484,0.61565,54760
VessMAP,5.657,K_focal_aug,K_focal_aug_s2,2,7783,oracle,2.0,0.0,0.93567,0.72747,42061
VessMAP,5.657,K_focal_aug,K_focal_aug_s2,2,7783,oracle,2.0,0.25,0.94312,0.69076,45900
VessMAP,5.657,K_focal_aug,K_focal_aug_s2,2,7783,oracle,2.0,0.5,0.94795,0.65259,50181
VessMAP,5.657,K_focal_aug,K_focal_aug_s2,2,7783,oracle,2.0,1.0,0.95942,0.60367,56499
VessMAP,5.657,K_focal_aug,K_focal_aug_s2,2,7865,raw,0.0,0.0,0.83083,0.89428,20975
VessMAP,5.657,K_focal_aug,K_focal_aug_s2,2,7865,isotropic,0.25,0.25,0.85181,0.7553,29882
VessMAP,5.657,K_focal_aug,K_focal_aug_s2,2,7865,isotropic,0.5,0.5,0.95844,0.66123,37124
VessMAP,5.657,K_focal_aug,K_focal_aug_s2,2,7865,isotropic,0.75,0.75,0.96875,0.58474,44616
VessMAP,5.657,K_focal_aug,K_focal_aug_s2,2,7865,isotropic,1.0,1.0,0.97417,0.54639,49210
VessMAP,5.657,K_focal_aug,K_focal_aug_s2,2,7865,isotropic,1.5,1.5,0.98308,0.49499,56562
VessMAP,5.657,K_focal_aug,K_focal_aug_s2,2,7865,oracle,0.0,0.25,0.8336,0.8361,24399
VessMAP,5.657,K_focal_aug,K_focal_aug_s2,2,7865,oracle,0.0,0.5,0.8478,0.72614,31679
VessMAP,5.657,K_focal_aug,K_focal_aug_s2,2,7865,oracle,0.0,1.0,0.85984,0.59655,43076
VessMAP,5.657,K_focal_aug,K_focal_aug_s2,2,7865,oracle,0.5,0.0,0.84951,0.84272,24386
VessMAP,5.657,K_focal_aug,K_focal_aug_s2,2,7865,oracle,0.5,0.25,0.95355,0.75075,30323
VessMAP,5.657,K_focal_aug,K_focal_aug_s2,2,7865,oracle,0.5,0.5,0.95795,0.66432,36852
VessMAP,5.657,K_focal_aug,K_focal_aug_s2,2,7865,oracle,0.5,1.0,0.97023,0.55452,48078
VessMAP,5.657,K_focal_aug,K_focal_aug_s2,2,7865,oracle,1.0,0.0,0.95306,0.79332,27562
VessMAP,5.657,K_focal_aug,K_focal_aug_s2,2,7865,oracle,1.0,0.25,0.9604,0.71804,32773
VessMAP,5.657,K_focal_aug,K_focal_aug_s2,2,7865,oracle,1.0,0.5,0.96727,0.64201,38958
VessMAP,5.657,K_focal_aug,K_focal_aug_s2,2,7865,oracle,1.0,1.0,0.97417,0.54702,49125
VessMAP,5.657,K_focal_aug,K_focal_aug_s2,2,7865,oracle,1.5,0.0,0.95697,0.7326,31612
VessMAP,5.657,K_focal_aug,K_focal_aug_s2,2,7865,oracle,1.5,0.25,0.96629,0.66614,36923
VessMAP,5.657,K_focal_aug,K_focal_aug_s2,2,7865,oracle,1.5,0.5,0.97318,0.61652,41495
VessMAP,5.657,K_focal_aug,K_focal_aug_s2,2,7865,oracle,1.5,1.0,0.9806,0.54066,50095
VessMAP,5.657,K_focal_aug,K_focal_aug_s2,2,7865,oracle,2.0,0.0,0.96531,0.64503,38720
VessMAP,5.657,K_focal_aug,K_focal_aug_s2,2,7865,oracle,2.0,0.25,0.9722,0.60865,42306
VessMAP,5.657,K_focal_aug,K_focal_aug_s2,2,7865,oracle,2.0,0.5,0.97812,0.57434,46040
VessMAP,5.657,K_focal_aug,K_focal_aug_s2,2,7865,oracle,2.0,1.0,0.98258,0.52657,52018
VessMAP,5.657,K_focal_aug,K_focal_aug_s2,2,8065,raw,0.0,0.0,0.21945,0.95446,9411
VessMAP,5.657,K_focal_aug,K_focal_aug_s2,2,8065,isotropic,0.25,0.25,0.41249,0.83908,12499
VessMAP,5.657,K_focal_aug,K_focal_aug_s2,2,8065,isotropic,0.5,0.5,0.41283,0.74091,15374
VessMAP,5.657,K_focal_aug,K_focal_aug_s2,2,8065,isotropic,0.75,0.75,0.4135,0.65037,18794
VessMAP,5.657,K_focal_aug,K_focal_aug_s2,2,8065,isotropic,1.0,1.0,0.4135,0.59385,21448
VessMAP,5.657,K_focal_aug,K_focal_aug_s2,2,8065,isotropic,1.5,1.5,0.4135,0.50011,27166
VessMAP,5.657,K_focal_aug,K_focal_aug_s2,2,8065,oracle,0.0,0.25,0.22208,0.90724,10595
VessMAP,5.657,K_focal_aug,K_focal_aug_s2,2,8065,oracle,0.0,0.5,0.41216,0.80971,13261
VessMAP,5.657,K_focal_aug,K_focal_aug_s2,2,8065,oracle,0.0,1.0,0.4135,0.65931,18398
VessMAP,5.657,K_focal_aug,K_focal_aug_s2,2,8065,oracle,0.5,0.0,0.24094,0.92907,10299
VessMAP,5.657,K_focal_aug,K_focal_aug_s2,2,8065,oracle,0.5,0.25,0.41283,0.83713,12561
VessMAP,5.657,K_focal_aug,K_focal_aug_s2,2,8065,oracle,0.5,0.5,0.41283,0.74601,15207
VessMAP,5.657,K_focal_aug,K_focal_aug_s2,2,8065,oracle,0.5,1.0,0.4135,0.60479,20896
VessMAP,5.657,K_focal_aug,K_focal_aug_s2,2,8065,oracle,1.0,0.0,0.4135,0.89337,11189
VessMAP,5.657,K_focal_aug,K_focal_aug_s2,2,8065,oracle,1.0,0.25,0.4135,0.81503,13167
VessMAP,5.657,K_focal_aug,K_focal_aug_s2,2,8065,oracle,1.0,0.5,0.4135,0.72563,15908
VessMAP,5.657,K_focal_aug,K_focal_aug_s2,2,8065,oracle,1.0,1.0,0.4135,0.59555,21361
VessMAP,5.657,K_focal_aug,K_focal_aug_s2,2,8065,oracle,1.5,0.0,0.4135,0.84363,12404
VessMAP,5.657,K_focal_aug,K_focal_aug_s2,2,8065,oracle,1.5,0.25,0.4135,0.76939,14488
VessMAP,5.657,K_focal_aug,K_focal_aug_s2,2,8065,oracle,1.5,0.5,0.4135,0.7007,16796
VessMAP,5.657,K_focal_aug,K_focal_aug_s2,2,8065,oracle,1.5,1.0,0.4135,0.58605,21854
VessMAP,5.657,K_focal_aug,K_focal_aug_s2,2,8065,oracle,2.0,0.0,0.4135,0.75336,14981
VessMAP,5.657,K_focal_aug,K_focal_aug_s2,2,8065,oracle,2.0,0.25,0.4135,0.70746,16549
VessMAP,5.657,K_focal_aug,K_focal_aug_s2,2,8065,oracle,2.0,0.5,0.4135,0.65337,18669
VessMAP,5.657,K_focal_aug,K_focal_aug_s2,2,8065,oracle,2.0,1.0,0.4135,0.56614,22941
VessMAP,5.657,K_focal_aug,K_focal_aug_s2,2,8196,raw,0.0,0.0,0.83233,0.92429,22266
VessMAP,5.657,K_focal_aug,K_focal_aug_s2,2,8196,isotropic,0.25,0.25,0.89177,0.79278,31766
VessMAP,5.657,K_focal_aug,K_focal_aug_s2,2,8196,isotropic,0.5,0.5,0.90462,0.6955,39646
VessMAP,5.657,K_focal_aug,K_focal_aug_s2,2,8196,isotropic,0.75,0.75,0.918,0.6174,47756
VessMAP,5.657,K_focal_aug,K_focal_aug_s2,2,8196,isotropic,1.0,1.0,0.92537,0.57835,52666
VessMAP,5.657,K_focal_aug,K_focal_aug_s2,2,8196,isotropic,1.5,1.5,0.9306,0.52991,59735
VessMAP,5.657,K_focal_aug,K_focal_aug_s2,2,8196,oracle,0.0,0.25,0.86171,0.8742,25677
VessMAP,5.657,K_focal_aug,K_focal_aug_s2,2,8196,oracle,0.0,0.5,0.87771,0.75984,33923
VessMAP,5.657,K_focal_aug,K_focal_aug_s2,2,8196,oracle,0.0,1.0,0.89901,0.62693,46275
VessMAP,5.657,K_focal_aug,K_focal_aug_s2,2,8196,oracle,0.5,0.0,0.8875,0.88567,25607
VessMAP,5.657,K_focal_aug,K_focal_aug_s2,2,8196,oracle,0.5,0.25,0.89818,0.78948,32131
VessMAP,5.657,K_focal_aug,K_focal_aug_s2,2,8196,oracle,0.5,0.5,0.90376,0.69947,39293
VessMAP,5.657,K_focal_aug,K_focal_aug_s2,2,8196,oracle,0.5,1.0,0.92103,0.586,51481
VessMAP,5.657,K_focal_aug,K_focal_aug_s2,2,8196,oracle,1.0,0.0,0.89861,0.84072,28741
VessMAP,5.657,K_focal_aug,K_focal_aug_s2,2,8196,oracle,1.0,0.25,0.90892,0.75874,34612
VessMAP,5.657,K_focal_aug,K_focal_aug_s2,2,8196,oracle,1.0,0.5,0.91626,0.67781,41524
VessMAP,5.657,K_focal_aug,K_focal_aug_s2,2,8196,oracle,1.0,1.0,0.92537,0.57916,52562
VessMAP,5.657,K_focal_aug,K_focal_aug_s2,2,8196,oracle,1.5,0.0,0.90548,0.77541,33268
VessMAP,5.657,K_focal_aug,K_focal_aug_s2,2,8196,oracle,1.5,0.25,0.91626,0.70362,39235
VessMAP,5.657,K_focal_aug,K_focal_aug_s2,2,8196,oracle,1.5,0.5,0.92407,0.64993,44437
VessMAP,5.657,K_focal_aug,K_focal_aug_s2,2,8196,oracle,1.5,1.0,0.92929,0.57211,53643
VessMAP,5.657,K_focal_aug,K_focal_aug_s2,2,8196,oracle,2.0,0.0,0.9141,0.67987,41330
VessMAP,5.657,K_focal_aug,K_focal_aug_s2,2,8196,oracle,2.0,0.25,0.9206,0.64063,45395
VessMAP,5.657,K_focal_aug,K_focal_aug_s2,2,8196,oracle,2.0,0.5,0.92842,0.60559,49442
VessMAP,5.657,K_focal_aug,K_focal_aug_s2,2,8196,oracle,2.0,1.0,0.93191,0.5583,55618
VessMAP,5.657,K_focal_aug,K_focal_aug_s2,2,8256,raw,0.0,0.0,0.44942,0.92102,9818
VessMAP,5.657,K_focal_aug,K_focal_aug_s2,2,8256,isotropic,0.25,0.25,0.4524,0.80892,12948
VessMAP,5.657,K_focal_aug,K_focal_aug_s2,2,8256,isotropic,0.5,0.5,0.45473,0.71245,15985
VessMAP,5.657,K_focal_aug,K_focal_aug_s2,2,8256,isotropic,0.75,0.75,0.45814,0.62171,19723
VessMAP,5.657,K_focal_aug,K_focal_aug_s2,2,8256,isotropic,1.0,1.0,0.46026,0.56618,22627
VessMAP,5.657,K_focal_aug,K_focal_aug_s2,2,8256,isotropic,1.5,1.5,0.4624,0.47681,28703
VessMAP,5.657,K_focal_aug,K_focal_aug_s2,2,8256,oracle,0.0,0.25,0.44985,0.87689,10924
VessMAP,5.657,K_focal_aug,K_focal_aug_s2,2,8256,oracle,0.0,0.5,0.44985,0.7821,13654
VessMAP,5.657,K_focal_aug,K_focal_aug_s2,2,8256,oracle,0.0,1.0,0.44985,0.63466,18945
VessMAP,5.657,K_focal_aug,K_focal_aug_s2,2,8256,oracle,0.5,0.0,0.45196,0.88579,10925
VessMAP,5.657,K_focal_aug,K_focal_aug_s2,2,8256,oracle,0.5,0.25,0.45368,0.80475,13099
VessMAP,5.657,K_focal_aug,K_focal_aug_s2,2,8256,oracle,0.5,0.5,0.45473,0.71346,15947
VessMAP,5.657,K_focal_aug,K_focal_aug_s2,2,8256,oracle,0.5,1.0,0.45496,0.57865,21790
VessMAP,5.657,K_focal_aug,K_focal_aug_s2,2,8256,oracle,1.0,0.0,0.45791,0.84945,11965
VessMAP,5.657,K_focal_aug,K_focal_aug_s2,2,8256,oracle,1.0,0.25,0.4592,0.77694,13982
VessMAP,5.657,K_focal_aug,K_focal_aug_s2,2,8256,oracle,1.0,0.5,0.4592,0.69428,16754
VessMAP,5.657,K_focal_aug,K_focal_aug_s2,2,8256,oracle,1.0,1.0,0.46026,0.56646,22611
VessMAP,5.657,K_focal_aug,K_focal_aug_s2,2,8256,oracle,1.5,0.0,0.4624,0.80729,13183
VessMAP,5.657,K_focal_aug,K_focal_aug_s2,2,8256,oracle,1.5,0.25,0.4624,0.737,15346
VessMAP,5.657,K_focal_aug,K_focal_aug_s2,2,8256,oracle,1.5,0.5,0.4624,0.67125,17750
VessMAP,5.657,K_focal_aug,K_focal_aug_s2,2,8256,oracle,1.5,1.0,0.4624,0.55741,23246
VessMAP,5.657,K_focal_aug,K_focal_aug_s2,2,8256,oracle,2.0,0.0,0.4624,0.73295,15516
VessMAP,5.657,K_focal_aug,K_focal_aug_s2,2,8256,oracle,2.0,0.25,0.4624,0.68662,17178
VessMAP,5.657,K_focal_aug,K_focal_aug_s2,2,8256,oracle,2.0,0.5,0.4624,0.63028,19526
VessMAP,5.657,K_focal_aug,K_focal_aug_s2,2,8256,oracle,2.0,1.0,0.4624,0.53917,24344
VessMAP,5.657,K_focal_aug,K_focal_aug_s2,2,8284,raw,0.0,0.0,0.47676,0.95545,12037
VessMAP,5.657,K_focal_aug,K_focal_aug_s2,2,8284,isotropic,0.25,0.25,0.9362,0.86757,15005
VessMAP,5.657,K_focal_aug,K_focal_aug_s2,2,8284,isotropic,0.5,0.5,0.93776,0.78492,17860
VessMAP,5.657,K_focal_aug,K_focal_aug_s2,2,8284,isotropic,0.75,0.75,0.94086,0.70082,21401
VessMAP,5.657,K_focal_aug,K_focal_aug_s2,2,8284,isotropic,1.0,1.0,0.94242,0.64831,24082
VessMAP,5.657,K_focal_aug,K_focal_aug_s2,2,8284,isotropic,1.5,1.5,0.94242,0.55791,29860
VessMAP,5.657,K_focal_aug,K_focal_aug_s2,2,8284,oracle,0.0,0.25,0.47681,0.92272,13138
VessMAP,5.657,K_focal_aug,K_focal_aug_s2,2,8284,oracle,0.0,0.5,0.93465,0.84119,15833
VessMAP,5.657,K_focal_aug,K_focal_aug_s2,2,8284,oracle,0.0,1.0,0.93931,0.71387,20779
VessMAP,5.657,K_focal_aug,K_focal_aug_s2,2,8284,oracle,0.5,0.0,0.9362,0.93262,12979
VessMAP,5.657,K_focal_aug,K_focal_aug_s2,2,8284,oracle,0.5,0.25,0.93776,0.8654,15090
VessMAP,5.657,K_focal_aug,K_focal_aug_s2,2,8284,oracle,0.5,0.5,0.93776,0.78714,17777
VessMAP,5.657,K_focal_aug,K_focal_aug_s2,2,8284,oracle,0.5,1.0,0.93931,0.65926,23475
VessMAP,5.657,K_focal_aug,K_focal_aug_s2,2,8284,oracle,1.0,0.0,0.93776,0.90413,13920
VessMAP,5.657,K_focal_aug,K_focal_aug_s2,2,8284,oracle,1.0,0.25,0.93931,0.8421,15870
VessMAP,5.657,K_focal_aug,K_focal_aug_s2,2,8284,oracle,1.0,0.5,0.94086,0.7688,18487
VessMAP,5.657,K_focal_aug,K_focal_aug_s2,2,8284,oracle,1.0,1.0,0.94242,0.6491,24039
VessMAP,5.657,K_focal_aug,K_focal_aug_s2,2,8284,oracle,1.5,0.0,0.93776,0.86237,15200
VessMAP,5.657,K_focal_aug,K_focal_aug_s2,2,8284,oracle,1.5,0.25,0.94242,0.80288,17222
VessMAP,5.657,K_focal_aug,K_focal_aug_s2,2,8284,oracle,1.5,0.5,0.94242,0.74546,19441
VessMAP,5.657,K_focal_aug,K_focal_aug_s2,2,8284,oracle,1.5,1.0,0.94242,0.64007,24544
VessMAP,5.657,K_focal_aug,K_focal_aug_s2,2,8284,oracle,2.0,0.0,0.93776,0.78988,17670
VessMAP,5.657,K_focal_aug,K_focal_aug_s2,2,8284,oracle,2.0,0.25,0.94242,0.75516,19043
VessMAP,5.657,K_focal_aug,K_focal_aug_s2,2,8284,oracle,2.0,0.5,0.94242,0.70527,21207
VessMAP,5.657,K_focal_aug,K_focal_aug_s2,2,8284,oracle,2.0,1.0,0.94242,0.62106,25649
VessMAP,5.657,K_focal_aug,K_focal_aug_s2,2,8353,raw,0.0,0.0,0.47879,0.93732,13867
VessMAP,5.657,K_focal_aug,K_focal_aug_s2,2,8353,isotropic,0.25,0.25,0.53967,0.78006,20588
VessMAP,5.657,K_focal_aug,K_focal_aug_s2,2,8353,isotropic,0.5,0.5,0.6072,0.66434,26631
VessMAP,5.657,K_focal_aug,K_focal_aug_s2,2,8353,isotropic,0.75,0.75,0.61002,0.56739,33568
VessMAP,5.657,K_focal_aug,K_focal_aug_s2,2,8353,isotropic,1.0,1.0,0.61172,0.51598,38343
VessMAP,5.657,K_focal_aug,K_focal_aug_s2,2,8353,isotropic,1.5,1.5,0.6174,0.44144,47239
VessMAP,5.657,K_focal_aug,K_focal_aug_s2,2,8353,oracle,0.0,0.25,0.4913,0.86961,16443
VessMAP,5.657,K_focal_aug,K_focal_aug_s2,2,8353,oracle,0.0,0.5,0.53854,0.7392,22395
VessMAP,5.657,K_focal_aug,K_focal_aug_s2,2,8353,oracle,0.0,1.0,0.54172,0.58148,32264
VessMAP,5.657,K_focal_aug,K_focal_aug_s2,2,8353,oracle,0.5,0.0,0.51024,0.89468,15975
VessMAP,5.657,K_focal_aug,K_focal_aug_s2,2,8353,oracle,0.5,0.25,0.6072,0.77748,20755
VessMAP,5.657,K_focal_aug,K_focal_aug_s2,2,8353,oracle,0.5,0.5,0.6072,0.66772,26422
VessMAP,5.657,K_focal_aug,K_focal_aug_s2,2,8353,oracle,0.5,1.0,0.61115,0.52527,37344
VessMAP,5.657,K_focal_aug,K_focal_aug_s2,2,8353,oracle,1.0,0.0,0.60776,0.84005,18168
VessMAP,5.657,K_focal_aug,K_focal_aug_s2,2,8353,oracle,1.0,0.25,0.61059,0.74285,22448
VessMAP,5.657,K_focal_aug,K_focal_aug_s2,2,8353,oracle,1.0,0.5,0.61116,0.64475,27960
VessMAP,5.657,K_focal_aug,K_focal_aug_s2,2,8353,oracle,1.0,1.0,0.61172,0.51684,38253
VessMAP,5.657,K_focal_aug,K_focal_aug_s2,2,8353,oracle,1.5,0.0,0.60946,0.76735,21266
VessMAP,5.657,K_focal_aug,K_focal_aug_s2,2,8353,oracle,1.5,0.25,0.61399,0.67743,26022
VessMAP,5.657,K_focal_aug,K_focal_aug_s2,2,8353,oracle,1.5,0.5,0.61627,0.60987,30432
VessMAP,5.657,K_focal_aug,K_focal_aug_s2,2,8353,oracle,1.5,1.0,0.61627,0.50805,39250
VessMAP,5.657,K_focal_aug,K_focal_aug_s2,2,8353,oracle,2.0,0.0,0.61684,0.65542,27365
VessMAP,5.657,K_focal_aug,K_focal_aug_s2,2,8353,oracle,2.0,0.25,0.6174,0.60291,30975
VessMAP,5.657,K_focal_aug,K_focal_aug_s2,2,8353,oracle,2.0,0.5,0.61854,0.55226,35087
VessMAP,5.657,K_focal_aug,K_focal_aug_s2,2,8353,oracle,2.0,1.0,0.61968,0.48567,41776
VessMAP,5.657,K_focal_aug,K_focal_aug_s2,2,8429,raw,0.0,0.0,0.97479,0.94645,24160
VessMAP,5.657,K_focal_aug,K_focal_aug_s2,2,8429,isotropic,0.25,0.25,0.98286,0.82113,33470
VessMAP,5.657,K_focal_aug,K_focal_aug_s2,2,8429,isotropic,0.5,0.5,0.98601,0.72505,41165
VessMAP,5.657,K_focal_aug,K_focal_aug_s2,2,8429,isotropic,0.75,0.75,0.98781,0.64866,48848
VessMAP,5.657,K_focal_aug,K_focal_aug_s2,2,8429,isotropic,1.0,1.0,0.98826,0.60804,53702
VessMAP,5.657,K_focal_aug,K_focal_aug_s2,2,8429,isotropic,1.5,1.5,0.98871,0.55537,61058
VessMAP,5.657,K_focal_aug,K_focal_aug_s2,2,8429,oracle,0.0,0.25,0.97569,0.89621,27761
VessMAP,5.657,K_focal_aug,K_focal_aug_s2,2,8429,oracle,0.0,0.5,0.97972,0.78742,35844
VessMAP,5.657,K_focal_aug,K_focal_aug_s2,2,8429,oracle,0.0,1.0,0.98106,0.65557,47926
VessMAP,5.657,K_focal_aug,K_focal_aug_s2,2,8429,oracle,0.5,0.0,0.98241,0.9152,27016
VessMAP,5.657,K_focal_aug,K_focal_aug_s2,2,8429,oracle,0.5,0.25,0.98511,0.81959,33643
VessMAP,5.657,K_focal_aug,K_focal_aug_s2,2,8429,oracle,0.5,0.5,0.98601,0.72882,40831
VessMAP,5.657,K_focal_aug,K_focal_aug_s2,2,8429,oracle,0.5,1.0,0.98691,0.61474,52827
VessMAP,5.657,K_focal_aug,K_focal_aug_s2,2,8429,oracle,1.0,0.0,0.98646,0.88192,29388
VessMAP,5.657,K_focal_aug,K_focal_aug_s2,2,8429,oracle,1.0,0.25,0.98736,0.79839,35256
VessMAP,5.657,K_focal_aug,K_focal_aug_s2,2,8429,oracle,1.0,0.5,0.98826,0.7129,42335
VessMAP,5.657,K_focal_aug,K_focal_aug_s2,2,8429,oracle,1.0,1.0,0.98826,0.60888,53595
VessMAP,5.657,K_focal_aug,K_focal_aug_s2,2,8429,oracle,1.5,0.0,0.98691,0.82421,33233
VessMAP,5.657,K_focal_aug,K_focal_aug_s2,2,8429,oracle,1.5,0.25,0.98871,0.75018,39071
VessMAP,5.657,K_focal_aug,K_focal_aug_s2,2,8429,oracle,1.5,0.5,0.98871,0.69165,44376
VessMAP,5.657,K_focal_aug,K_focal_aug_s2,2,8429,oracle,1.5,1.0,0.98871,0.60362,54283
VessMAP,5.657,K_focal_aug,K_focal_aug_s2,2,8429,oracle,2.0,0.0,0.98736,0.72696,41004
VessMAP,5.657,K_focal_aug,K_focal_aug_s2,2,8429,oracle,2.0,0.25,0.98871,0.68565,44964
VessMAP,5.657,K_focal_aug,K_focal_aug_s2,2,8429,oracle,2.0,0.5,0.98871,0.64607,49165
VessMAP,5.657,K_focal_aug,K_focal_aug_s2,2,8429,oracle,2.0,1.0,0.98871,0.59159,55866
VessMAP,5.657,K_focal_aug,K_focal_aug_s2,2,8493,raw,0.0,0.0,0.34067,0.90574,15820
VessMAP,5.657,K_focal_aug,K_focal_aug_s2,2,8493,isotropic,0.25,0.25,0.3543,0.82706,20370
VessMAP,5.657,K_focal_aug,K_focal_aug_s2,2,8493,isotropic,0.5,0.5,0.36669,0.74639,24684
VessMAP,5.657,K_focal_aug,K_focal_aug_s2,2,8493,isotropic,0.75,0.75,0.37087,0.66888,29531
VessMAP,5.657,K_focal_aug,K_focal_aug_s2,2,8493,isotropic,1.0,1.0,0.37177,0.61986,33204
VessMAP,5.657,K_focal_aug,K_focal_aug_s2,2,8493,isotropic,1.5,1.5,0.54315,0.54076,40356
VessMAP,5.657,K_focal_aug,K_focal_aug_s2,2,8493,oracle,0.0,0.25,0.34067,0.88163,17131
VessMAP,5.657,K_focal_aug,K_focal_aug_s2,2,8493,oracle,0.0,0.5,0.34997,0.80782,21152
VessMAP,5.657,K_focal_aug,K_focal_aug_s2,2,8493,oracle,0.0,1.0,0.35333,0.67988,28441
VessMAP,5.657,K_focal_aug,K_focal_aug_s2,2,8493,oracle,0.5,0.0,0.35691,0.88544,17605
VessMAP,5.657,K_focal_aug,K_focal_aug_s2,2,8493,oracle,0.5,0.25,0.35925,0.82399,20662
VessMAP,5.657,K_focal_aug,K_focal_aug_s2,2,8493,oracle,0.5,0.5,0.36597,0.74791,24590
VessMAP,5.657,K_focal_aug,K_focal_aug_s2,2,8493,oracle,0.5,1.0,0.36885,0.63639,31796
VessMAP,5.657,K_focal_aug,K_focal_aug_s2,2,8493,oracle,1.0,0.0,0.36788,0.85873,19235
VessMAP,5.657,K_focal_aug,K_focal_aug_s2,2,8493,oracle,1.0,0.25,0.37087,0.79696,22254
VessMAP,5.657,K_focal_aug,K_focal_aug_s2,2,8493,oracle,1.0,0.5,0.37127,0.72731,25927
VessMAP,5.657,K_focal_aug,K_focal_aug_s2,2,8493,oracle,1.0,1.0,0.37177,0.62038,33161
VessMAP,5.657,K_focal_aug,K_focal_aug_s2,2,8493,oracle,1.5,0.0,0.37081,0.82415,20939
VessMAP,5.657,K_focal_aug,K_focal_aug_s2,2,8493,oracle,1.5,0.25,0.37185,0.75923,24261
VessMAP,5.657,K_focal_aug,K_focal_aug_s2,2,8493,oracle,1.5,0.5,0.37291,0.7024,27474
VessMAP,5.657,K_focal_aug,K_focal_aug_s2,2,8493,oracle,1.5,1.0,0.37326,0.60773,34218
VessMAP,5.657,K_focal_aug,K_focal_aug_s2,2,8493,oracle,2.0,0.0,0.37097,0.75071,24650
VessMAP,5.657,K_focal_aug,K_focal_aug_s2,2,8493,oracle,2.0,0.25,0.37284,0.71312,26850
VessMAP,5.657,K_focal_aug,K_focal_aug_s2,2,8493,oracle,2.0,0.5,0.37324,0.66603,29842
VessMAP,5.657,K_focal_aug,K_focal_aug_s2,2,8493,oracle,2.0,1.0,0.37848,0.59074,35646
VessMAP,5.657,K_focal_aug,K_focal_aug_s2,2,8506,raw,0.0,0.0,0.32377,0.91466,13144
VessMAP,5.657,K_focal_aug,K_focal_aug_s2,2,8506,isotropic,0.25,0.25,0.37083,0.77765,19306
VessMAP,5.657,K_focal_aug,K_focal_aug_s2,2,8506,isotropic,0.5,0.5,0.39441,0.66606,24970
VessMAP,5.657,K_focal_aug,K_focal_aug_s2,2,8506,isotropic,0.75,0.75,0.39588,0.57037,31524
VessMAP,5.657,K_focal_aug,K_focal_aug_s2,2,8506,isotropic,1.0,1.0,0.39613,0.51702,36195
VessMAP,5.657,K_focal_aug,K_focal_aug_s2,2,8506,isotropic,1.5,1.5,0.39626,0.43919,44977
VessMAP,5.657,K_focal_aug,K_focal_aug_s2,2,8506,oracle,0.0,0.25,0.32476,0.8635,15198
VessMAP,5.657,K_focal_aug,K_focal_aug_s2,2,8506,oracle,0.0,0.5,0.35281,0.74589,20553
VessMAP,5.657,K_focal_aug,K_focal_aug_s2,2,8506,oracle,0.0,1.0,0.35385,0.58585,29922
VessMAP,5.657,K_focal_aug,K_focal_aug_s2,2,8506,oracle,0.5,0.0,0.38809,0.87411,15418
VessMAP,5.657,K_focal_aug,K_focal_aug_s2,2,8506,oracle,0.5,0.25,0.39285,0.77161,19655
VessMAP,5.657,K_focal_aug,K_focal_aug_s2,2,8506,oracle,0.5,0.5,0.3944,0.67021,24722
VessMAP,5.657,K_focal_aug,K_focal_aug_s2,2,8506,oracle,0.5,1.0,0.39518,0.53073,34770
VessMAP,5.657,K_focal_aug,K_focal_aug_s2,2,8506,oracle,1.0,0.0,0.39186,0.81359,17922
VessMAP,5.657,K_focal_aug,K_focal_aug_s2,2,8506,oracle,1.0,0.25,0.39445,0.72543,21885
VessMAP,5.657,K_focal_aug,K_focal_aug_s2,2,8506,oracle,1.0,0.5,0.39561,0.63808,26772
VessMAP,5.657,K_focal_aug,K_focal_aug_s2,2,8506,oracle,1.0,1.0,0.39613,0.51818,36085
VessMAP,5.657,K_focal_aug,K_focal_aug_s2,2,8506,oracle,1.5,0.0,0.39359,0.7423,21075
VessMAP,5.657,K_focal_aug,K_focal_aug_s2,2,8506,oracle,1.5,0.25,0.39465,0.65908,25515
VessMAP,5.657,K_focal_aug,K_focal_aug_s2,2,8506,oracle,1.5,0.5,0.39573,0.59775,29515
VessMAP,5.657,K_focal_aug,K_focal_aug_s2,2,8506,oracle,1.5,1.0,0.39625,0.50438,37479
VessMAP,5.657,K_focal_aug,K_focal_aug_s2,2,8506,oracle,2.0,0.0,0.39517,0.64134,26584
VessMAP,5.657,K_focal_aug,K_focal_aug_s2,2,8506,oracle,2.0,0.25,0.39521,0.59259,29927
VessMAP,5.657,K_focal_aug,K_focal_aug_s2,2,8506,oracle,2.0,0.5,0.39627,0.54641,33584
VessMAP,5.657,K_focal_aug,K_focal_aug_s2,2,8506,oracle,2.0,1.0,0.39629,0.48079,40004
VessMAP,5.657,K_focal_aug,K_focal_aug_s2,2,8686,raw,0.0,0.0,0.21806,0.91719,17297
VessMAP,5.657,K_focal_aug,K_focal_aug_s2,2,8686,isotropic,0.25,0.25,0.23981,0.81103,25017
VessMAP,5.657,K_focal_aug,K_focal_aug_s2,2,8686,isotropic,0.5,0.5,0.25596,0.70795,31806
VessMAP,5.657,K_focal_aug,K_focal_aug_s2,2,8686,isotropic,0.75,0.75,0.25815,0.61739,39369
VessMAP,5.657,K_focal_aug,K_focal_aug_s2,2,8686,isotropic,1.0,1.0,0.26206,0.56581,44751
VessMAP,5.657,K_focal_aug,K_focal_aug_s2,2,8686,isotropic,1.5,1.5,0.26503,0.49289,54220
VessMAP,5.657,K_focal_aug,K_focal_aug_s2,2,8686,oracle,0.0,0.25,0.22084,0.87511,20055
VessMAP,5.657,K_focal_aug,K_focal_aug_s2,2,8686,oracle,0.0,0.5,0.23775,0.77672,26815
VessMAP,5.657,K_focal_aug,K_focal_aug_s2,2,8686,oracle,0.0,1.0,0.24108,0.63087,37760
VessMAP,5.657,K_focal_aug,K_focal_aug_s2,2,8686,oracle,0.5,0.0,0.24207,0.89309,20116
VessMAP,5.657,K_focal_aug,K_focal_aug_s2,2,8686,oracle,0.5,0.25,0.25572,0.80782,25386
VessMAP,5.657,K_focal_aug,K_focal_aug_s2,2,8686,oracle,0.5,0.5,0.25596,0.71256,31473
VessMAP,5.657,K_focal_aug,K_focal_aug_s2,2,8686,oracle,0.5,1.0,0.25742,0.57737,43294
VessMAP,5.657,K_focal_aug,K_focal_aug_s2,2,8686,oracle,1.0,0.0,0.25619,0.85043,22894
VessMAP,5.657,K_focal_aug,K_focal_aug_s2,2,8686,oracle,1.0,0.25,0.25839,0.77308,27665
VessMAP,5.657,K_focal_aug,K_focal_aug_s2,2,8686,oracle,1.0,0.5,0.25936,0.68634,33624
VessMAP,5.657,K_focal_aug,K_focal_aug_s2,2,8686,oracle,1.0,1.0,0.26206,0.56703,44612
VessMAP,5.657,K_focal_aug,K_focal_aug_s2,2,8686,oracle,1.5,0.0,0.25862,0.78168,26871
VessMAP,5.657,K_focal_aug,K_focal_aug_s2,2,8686,oracle,1.5,0.25,0.26083,0.70762,32064
VessMAP,5.657,K_focal_aug,K_focal_aug_s2,2,8686,oracle,1.5,0.5,0.26231,0.65035,36589
VessMAP,5.657,K_focal_aug,K_focal_aug_s2,2,8686,oracle,1.5,1.0,0.2633,0.55492,46050
VessMAP,5.657,K_focal_aug,K_focal_aug_s2,2,8686,oracle,2.0,0.0,0.2602,0.67769,34120
VessMAP,5.657,K_focal_aug,K_focal_aug_s2,2,8686,oracle,2.0,0.25,0.26206,0.63656,37755
VessMAP,5.657,K_focal_aug,K_focal_aug_s2,2,8686,oracle,2.0,0.5,0.2628,0.59418,41813
VessMAP,5.657,K_focal_aug,K_focal_aug_s2,2,8686,oracle,2.0,1.0,0.26429,0.53288,48757
VessMAP,5.657,K_focal_aug,K_focal_aug_s2,2,8990,raw,0.0,0.0,0.90057,0.97615,20828
VessMAP,5.657,K_focal_aug,K_focal_aug_s2,2,8990,isotropic,0.25,0.25,0.91864,0.91204,24862
VessMAP,5.657,K_focal_aug,K_focal_aug_s2,2,8990,isotropic,0.5,0.5,0.91972,0.84642,28497
VessMAP,5.657,K_focal_aug,K_focal_aug_s2,2,8990,isotropic,0.75,0.75,0.92079,0.77993,32760
VessMAP,5.657,K_focal_aug,K_focal_aug_s2,2,8990,isotropic,1.0,1.0,0.92079,0.73653,35967
VessMAP,5.657,K_focal_aug,K_focal_aug_s2,2,8990,isotropic,1.5,1.5,0.9208,0.66228,42407
VessMAP,5.657,K_focal_aug,K_focal_aug_s2,2,8990,oracle,0.0,0.25,0.91541,0.9519,22304
VessMAP,5.657,K_focal_aug,K_focal_aug_s2,2,8990,oracle,0.0,0.5,0.91756,0.89175,25859
VessMAP,5.657,K_focal_aug,K_focal_aug_s2,2,8990,oracle,0.0,1.0,0.91972,0.78527,32343
VessMAP,5.657,K_focal_aug,K_focal_aug_s2,2,8990,oracle,0.5,0.0,0.91651,0.9647,22121
VessMAP,5.657,K_focal_aug,K_focal_aug_s2,2,8990,oracle,0.5,0.25,0.91866,0.9108,24944
VessMAP,5.657,K_focal_aug,K_focal_aug_s2,2,8990,oracle,0.5,0.5,0.91972,0.84899,28347
VessMAP,5.657,K_focal_aug,K_focal_aug_s2,2,8990,oracle,0.5,1.0,0.92079,0.74466,35326
VessMAP,5.657,K_focal_aug,K_focal_aug_s2,2,8990,oracle,1.0,0.0,0.91866,0.9471,23119
VessMAP,5.657,K_focal_aug,K_focal_aug_s2,2,8990,oracle,1.0,0.25,0.91866,0.89868,25611
VessMAP,5.657,K_focal_aug,K_focal_aug_s2,2,8990,oracle,1.0,0.5,0.92079,0.83799,29024
VessMAP,5.657,K_focal_aug,K_focal_aug_s2,2,8990,oracle,1.0,1.0,0.92079,0.73754,35886
VessMAP,5.657,K_focal_aug,K_focal_aug_s2,2,8990,oracle,1.5,0.0,0.91866,0.92317,24313
VessMAP,5.657,K_focal_aug,K_focal_aug_s2,2,8990,oracle,1.5,0.25,0.91972,0.87592,26834
VessMAP,5.657,K_focal_aug,K_focal_aug_s2,2,8990,oracle,1.5,0.5,0.92079,0.82543,29800
VessMAP,5.657,K_focal_aug,K_focal_aug_s2,2,8990,oracle,1.5,1.0,0.92079,0.73258,36285
VessMAP,5.657,K_focal_aug,K_focal_aug_s2,2,8990,oracle,2.0,0.0,0.91973,0.87943,26609
VessMAP,5.657,K_focal_aug,K_focal_aug_s2,2,8990,oracle,2.0,0.25,0.91973,0.84666,28509
VessMAP,5.657,K_focal_aug,K_focal_aug_s2,2,8990,oracle,2.0,0.5,0.92079,0.80088,31383
VessMAP,5.657,K_focal_aug,K_focal_aug_s2,2,8990,oracle,2.0,1.0,0.9208,0.72207,37133
VessMAP,5.657,K_focal_aug,K_focal_aug_s2,2,9000,raw,0.0,0.0,0.80792,0.93395,18376
VessMAP,5.657,K_focal_aug,K_focal_aug_s2,2,9000,isotropic,0.25,0.25,0.89737,0.86379,23586
VessMAP,5.657,K_focal_aug,K_focal_aug_s2,2,9000,isotropic,0.5,0.5,0.90933,0.78275,28517
VessMAP,5.657,K_focal_aug,K_focal_aug_s2,2,9000,isotropic,0.75,0.75,0.91623,0.70122,34314
VessMAP,5.657,K_focal_aug,K_focal_aug_s2,2,9000,isotropic,1.0,1.0,0.94893,0.65052,38516
VessMAP,5.657,K_focal_aug,K_focal_aug_s2,2,9000,isotropic,1.5,1.5,0.94893,0.57095,46474
VessMAP,5.657,K_focal_aug,K_focal_aug_s2,2,9000,oracle,0.0,0.25,0.81196,0.91041,20175
VessMAP,5.657,K_focal_aug,K_focal_aug_s2,2,9000,oracle,0.0,0.5,0.83878,0.83819,24852
VessMAP,5.657,K_focal_aug,K_focal_aug_s2,2,9000,oracle,0.0,1.0,0.84125,0.70843,33242
VessMAP,5.657,K_focal_aug,K_focal_aug_s2,2,9000,oracle,0.5,0.0,0.8397,0.92178,20205
VessMAP,5.657,K_focal_aug,K_focal_aug_s2,2,9000,oracle,0.5,0.25,0.90677,0.86258,23812
VessMAP,5.657,K_focal_aug,K_focal_aug_s2,2,9000,oracle,0.5,0.5,0.90933,0.78449,28410
VessMAP,5.657,K_focal_aug,K_focal_aug_s2,2,9000,oracle,0.5,1.0,0.91192,0.66139,37402
VessMAP,5.657,K_focal_aug,K_focal_aug_s2,2,9000,oracle,1.0,0.0,0.90935,0.90168,21812
VessMAP,5.657,K_focal_aug,K_focal_aug_s2,2,9000,oracle,1.0,0.25,0.91538,0.84439,25111
VessMAP,5.657,K_focal_aug,K_focal_aug_s2,2,9000,oracle,1.0,0.5,0.91624,0.76827,29691
VessMAP,5.657,K_focal_aug,K_focal_aug_s2,2,9000,oracle,1.0,1.0,0.94893,0.65101,38473
VessMAP,5.657,K_focal_aug,K_focal_aug_s2,2,9000,oracle,1.5,0.0,0.94542,0.86982,23698
VessMAP,5.657,K_focal_aug,K_focal_aug_s2,2,9000,oracle,1.5,0.25,0.94893,0.81061,27153
VessMAP,5.657,K_focal_aug,K_focal_aug_s2,2,9000,oracle,1.5,0.5,0.94893,0.74785,31084
VessMAP,5.657,K_focal_aug,K_focal_aug_s2,2,9000,oracle,1.5,1.0,0.94893,0.64209,39268
VessMAP,5.657,K_focal_aug,K_focal_aug_s2,2,9000,oracle,2.0,0.0,0.94543,0.80544,27357
VessMAP,5.657,K_focal_aug,K_focal_aug_s2,2,9000,oracle,2.0,0.25,0.94893,0.76567,29907
VessMAP,5.657,K_focal_aug,K_focal_aug_s2,2,9000,oracle,2.0,0.5,0.94893,0.71214,33579
VessMAP,5.657,K_focal_aug,K_focal_aug_s2,2,9000,oracle,2.0,1.0,0.94893,0.62633,40723
VessMAP,5.657,K_focal_aug,K_focal_aug_s2,2,9284,raw,0.0,0.0,0.9841,0.97074,31230
VessMAP,5.657,K_focal_aug,K_focal_aug_s2,2,9284,isotropic,0.25,0.25,0.9937,0.85352,41174
VessMAP,5.657,K_focal_aug,K_focal_aug_s2,2,9284,isotropic,0.5,0.5,0.99703,0.77546,48508
VessMAP,5.657,K_focal_aug,K_focal_aug_s2,2,9284,isotropic,0.75,0.75,0.9974,0.71852,54799
VessMAP,5.657,K_focal_aug,K_focal_aug_s2,2,9284,isotropic,1.0,1.0,0.9974,0.6918,58103
VessMAP,5.657,K_focal_aug,K_focal_aug_s2,2,9284,isotropic,1.5,1.5,0.9974,0.65879,62557
VessMAP,5.657,K_focal_aug,K_focal_aug_s2,2,9284,oracle,0.0,0.25,0.98705,0.92164,35223
VessMAP,5.657,K_focal_aug,K_focal_aug_s2,2,9284,oracle,0.0,0.5,0.99185,0.82624,43486
VessMAP,5.657,K_focal_aug,K_focal_aug_s2,2,9284,oracle,0.0,1.0,0.99444,0.72268,54223
VessMAP,5.657,K_focal_aug,K_focal_aug_s2,2,9284,oracle,0.5,0.0,0.9937,0.94029,34252
VessMAP,5.657,K_focal_aug,K_focal_aug_s2,2,9284,oracle,0.5,0.25,0.99555,0.85225,41321
VessMAP,5.657,K_focal_aug,K_focal_aug_s2,2,9284,oracle,0.5,0.5,0.99666,0.78011,48033
VessMAP,5.657,K_focal_aug,K_focal_aug_s2,2,9284,oracle,0.5,1.0,0.99703,0.69619,57540
VessMAP,5.657,K_focal_aug,K_focal_aug_s2,2,9284,oracle,1.0,0.0,0.99629,0.91393,36311
VessMAP,5.657,K_focal_aug,K_focal_aug_s2,2,9284,oracle,1.0,0.25,0.99703,0.83871,42518
VessMAP,5.657,K_focal_aug,K_focal_aug_s2,2,9284,oracle,1.0,0.5,0.9974,0.76771,49314
VessMAP,5.657,K_focal_aug,K_focal_aug_s2,2,9284,oracle,1.0,1.0,0.9974,0.69276,57981
VessMAP,5.657,K_focal_aug,K_focal_aug_s2,2,9284,oracle,1.5,0.0,0.99629,0.87039,39745
VessMAP,5.657,K_focal_aug,K_focal_aug_s2,2,9284,oracle,1.5,0.25,0.9974,0.80722,45394
VessMAP,5.657,K_focal_aug,K_focal_aug_s2,2,9284,oracle,1.5,0.5,0.9974,0.75684,50466
VessMAP,5.657,K_focal_aug,K_focal_aug_s2,2,9284,oracle,1.5,1.0,0.9974,0.6898,58361
VessMAP,5.657,K_focal_aug,K_focal_aug_s2,2,9284,oracle,2.0,0.0,0.99666,0.78672,47343
VessMAP,5.657,K_focal_aug,K_focal_aug_s2,2,9284,oracle,2.0,0.25,0.9974,0.75526,50636
VessMAP,5.657,K_focal_aug,K_focal_aug_s2,2,9284,oracle,2.0,0.5,0.9974,0.72552,53973
VessMAP,5.657,K_focal_aug,K_focal_aug_s2,2,9284,oracle,2.0,1.0,0.9974,0.68516,58965
VessMAP,5.657,K_focal_aug,K_focal_aug_s2,2,9452,raw,0.0,0.0,0.74242,0.94752,20485
VessMAP,5.657,K_focal_aug,K_focal_aug_s2,2,9452,isotropic,0.25,0.25,0.88174,0.81666,30063
VessMAP,5.657,K_focal_aug,K_focal_aug_s2,2,9452,isotropic,0.5,0.5,0.89789,0.71407,37856
VessMAP,5.657,K_focal_aug,K_focal_aug_s2,2,9452,isotropic,0.75,0.75,0.90688,0.63198,45781
VessMAP,5.657,K_focal_aug,K_focal_aug_s2,2,9452,isotropic,1.0,1.0,0.91202,0.59078,50570
VessMAP,5.657,K_focal_aug,K_focal_aug_s2,2,9452,isotropic,1.5,1.5,0.91891,0.53656,58022
VessMAP,5.657,K_focal_aug,K_focal_aug_s2,2,9452,oracle,0.0,0.25,0.7584,0.88922,24437
VessMAP,5.657,K_focal_aug,K_focal_aug_s2,2,9452,oracle,0.0,0.5,0.87626,0.77737,32547
VessMAP,5.657,K_focal_aug,K_focal_aug_s2,2,9452,oracle,0.0,1.0,0.88936,0.64425,44179
VessMAP,5.657,K_focal_aug,K_focal_aug_s2,2,9452,oracle,0.5,0.0,0.81095,0.92019,23671
VessMAP,5.657,K_focal_aug,K_focal_aug_s2,2,9452,oracle,0.5,0.25,0.88812,0.81493,30302
VessMAP,5.657,K_focal_aug,K_focal_aug_s2,2,9452,oracle,0.5,0.5,0.89789,0.7183,37505
VessMAP,5.657,K_focal_aug,K_focal_aug_s2,2,9452,oracle,0.5,1.0,0.90558,0.59796,49569
VessMAP,5.657,K_focal_aug,K_focal_aug_s2,2,9452,oracle,1.0,0.0,0.88981,0.8787,26399
VessMAP,5.657,K_focal_aug,K_focal_aug_s2,2,9452,oracle,1.0,0.25,0.89791,0.78807,32302
VessMAP,5.657,K_focal_aug,K_focal_aug_s2,2,9452,oracle,1.0,0.5,0.90688,0.69931,39287
VessMAP,5.657,K_focal_aug,K_focal_aug_s2,2,9452,oracle,1.0,1.0,0.91202,0.59184,50441
VessMAP,5.657,K_focal_aug,K_focal_aug_s2,2,9452,oracle,1.5,0.0,0.89746,0.81494,30417
VessMAP,5.657,K_focal_aug,K_focal_aug_s2,2,9452,oracle,1.5,0.25,0.90645,0.73491,36381
VessMAP,5.657,K_focal_aug,K_focal_aug_s2,2,9452,oracle,1.5,0.5,0.91159,0.67397,41689
VessMAP,5.657,K_focal_aug,K_focal_aug_s2,2,9452,oracle,1.5,1.0,0.91762,0.58585,51305
VessMAP,5.657,K_focal_aug,K_focal_aug_s2,2,9452,oracle,2.0,0.0,0.90772,0.71789,37733
VessMAP,5.657,K_focal_aug,K_focal_aug_s2,2,9452,oracle,2.0,0.25,0.91159,0.67462,41649
VessMAP,5.657,K_focal_aug,K_focal_aug_s2,2,9452,oracle,2.0,0.5,0.9146,0.63057,46119
VessMAP,5.657,K_focal_aug,K_focal_aug_s2,2,9452,oracle,2.0,1.0,0.91934,0.57278,53036
VessMAP,5.657,K_focal_aug,K_focal_aug_s2,2,9523,raw,0.0,0.0,0.47466,0.92072,14984
VessMAP,5.657,K_focal_aug,K_focal_aug_s2,2,9523,isotropic,0.25,0.25,0.5158,0.87129,18622
VessMAP,5.657,K_focal_aug,K_focal_aug_s2,2,9523,isotropic,0.5,0.5,0.85557,0.80427,22088
VessMAP,5.657,K_focal_aug,K_focal_aug_s2,2,9523,isotropic,0.75,0.75,0.88352,0.72955,26312
VessMAP,5.657,K_focal_aug,K_focal_aug_s2,2,9523,isotropic,1.0,1.0,0.88737,0.67983,29495
VessMAP,5.657,K_focal_aug,K_focal_aug_s2,2,9523,isotropic,1.5,1.5,0.89769,0.59524,36042
VessMAP,5.657,K_focal_aug,K_focal_aug_s2,2,9523,oracle,0.0,0.25,0.49789,0.90437,16139
VessMAP,5.657,K_focal_aug,K_focal_aug_s2,2,9523,oracle,0.0,0.5,0.70684,0.85266,19332
VessMAP,5.657,K_focal_aug,K_focal_aug_s2,2,9523,oracle,0.0,1.0,0.70803,0.74012,25132
VessMAP,5.657,K_focal_aug,K_focal_aug_s2,2,9523,oracle,0.5,0.0,0.49886,0.91078,16456
VessMAP,5.657,K_focal_aug,K_focal_aug_s2,2,9523,oracle,0.5,0.25,0.52165,0.86783,18909
VessMAP,5.657,K_focal_aug,K_focal_aug_s2,2,9523,oracle,0.5,0.5,0.85303,0.80768,21893
VessMAP,5.657,K_focal_aug,K_focal_aug_s2,2,9523,oracle,0.5,1.0,0.87329,0.69478,28290
VessMAP,5.657,K_focal_aug,K_focal_aug_s2,2,9523,oracle,1.0,0.0,0.63594,0.89571,17767
VessMAP,5.657,K_focal_aug,K_focal_aug_s2,2,9523,oracle,1.0,0.25,0.86823,0.84944,20172
VessMAP,5.657,K_focal_aug,K_focal_aug_s2,2,9523,oracle,1.0,0.5,0.87078,0.78766,23219
VessMAP,5.657,K_focal_aug,K_focal_aug_s2,2,9523,oracle,1.0,1.0,0.88737,0.68108,29413
VessMAP,5.657,K_focal_aug,K_focal_aug_s2,2,9523,oracle,1.5,0.0,0.88737,0.87215,19100
VessMAP,5.657,K_focal_aug,K_focal_aug_s2,2,9523,oracle,1.5,0.25,0.89381,0.82018,21812
VessMAP,5.657,K_focal_aug,K_focal_aug_s2,2,9523,oracle,1.5,0.5,0.89511,0.76634,24501
VessMAP,5.657,K_focal_aug,K_focal_aug_s2,2,9523,oracle,1.5,1.0,0.8964,0.66794,30424
VessMAP,5.657,K_focal_aug,K_focal_aug_s2,2,9523,oracle,2.0,0.0,0.89769,0.81266,22116
VessMAP,5.657,K_focal_aug,K_focal_aug_s2,2,9523,oracle,2.0,0.25,0.89769,0.77994,23856
VessMAP,5.657,K_focal_aug,K_focal_aug_s2,2,9523,oracle,2.0,0.5,0.89769,0.73252,26425
VessMAP,5.657,K_focal_aug,K_focal_aug_s2,2,9523,oracle,2.0,1.0,0.89769,0.6509,31660
VessMAP,5.657,K_focal_aug,K_focal_aug_s2,2,9593,raw,0.0,0.0,0.31298,0.925,10494
VessMAP,5.657,K_focal_aug,K_focal_aug_s2,2,9593,isotropic,0.25,0.25,0.39235,0.7701,16279
VessMAP,5.657,K_focal_aug,K_focal_aug_s2,2,9593,isotropic,0.5,0.5,0.40856,0.65817,21437
VessMAP,5.657,K_focal_aug,K_focal_aug_s2,2,9593,isotropic,0.75,0.75,0.82731,0.56786,27054
VessMAP,5.657,K_focal_aug,K_focal_aug_s2,2,9593,isotropic,1.0,1.0,0.83979,0.51242,31393
VessMAP,5.657,K_focal_aug,K_focal_aug_s2,2,9593,isotropic,1.5,1.5,0.84686,0.43385,39399
VessMAP,5.657,K_focal_aug,K_focal_aug_s2,2,9593,oracle,0.0,0.25,0.37532,0.88292,11965
VessMAP,5.657,K_focal_aug,K_focal_aug_s2,2,9593,oracle,0.0,0.5,0.38384,0.73557,17351
VessMAP,5.657,K_focal_aug,K_focal_aug_s2,2,9593,oracle,0.0,1.0,0.39468,0.56607,26365
VessMAP,5.657,K_focal_aug,K_focal_aug_s2,2,9593,oracle,0.5,0.0,0.39489,0.88668,12461
VessMAP,5.657,K_focal_aug,K_focal_aug_s2,2,9593,oracle,0.5,0.25,0.40094,0.76904,16509
VessMAP,5.657,K_focal_aug,K_focal_aug_s2,2,9593,oracle,0.5,0.5,0.40813,0.66158,21264
VessMAP,5.657,K_focal_aug,K_focal_aug_s2,2,9593,oracle,0.5,1.0,0.41708,0.52528,29987
VessMAP,5.657,K_focal_aug,K_focal_aug_s2,2,9593,oracle,1.0,0.0,0.41158,0.83568,14419
VessMAP,5.657,K_focal_aug,K_focal_aug_s2,2,9593,oracle,1.0,0.25,0.82032,0.74172,17998
VessMAP,5.657,K_focal_aug,K_focal_aug_s2,2,9593,oracle,1.0,0.5,0.8242,0.64237,22648
VessMAP,5.657,K_focal_aug,K_focal_aug_s2,2,9593,oracle,1.0,1.0,0.83901,0.51332,31315
VessMAP,5.657,K_focal_aug,K_focal_aug_s2,2,9593,oracle,1.5,0.0,0.818,0.76385,17099
VessMAP,5.657,K_focal_aug,K_focal_aug_s2,2,9593,oracle,1.5,0.25,0.82964,0.67958,20855
VessMAP,5.657,K_focal_aug,K_focal_aug_s2,2,9593,oracle,1.5,0.5,0.83979,0.60947,24672
VessMAP,5.657,K_focal_aug,K_focal_aug_s2,2,9593,oracle,1.5,1.0,0.84293,0.50325,32304
VessMAP,5.657,K_focal_aug,K_focal_aug_s2,2,9593,oracle,2.0,0.0,0.82808,0.65725,21954
VessMAP,5.657,K_focal_aug,K_focal_aug_s2,2,9593,oracle,2.0,0.25,0.83979,0.6054,24938
VessMAP,5.657,K_focal_aug,K_focal_aug_s2,2,9593,oracle,2.0,0.5,0.84529,0.55487,28308
VessMAP,5.657,K_focal_aug,K_focal_aug_s2,2,9593,oracle,2.0,1.0,0.84686,0.48252,34270
VessMAP,5.657,K_focal_aug,K_focal_aug_s2,2,9710,raw,0.0,0.0,0.27577,0.87833,27533
VessMAP,5.657,K_focal_aug,K_focal_aug_s2,2,9710,isotropic,0.25,0.25,0.47133,0.81276,37042
VessMAP,5.657,K_focal_aug,K_focal_aug_s2,2,9710,isotropic,0.5,0.5,0.8272,0.76256,43561
VessMAP,5.657,K_focal_aug,K_focal_aug_s2,2,9710,isotropic,0.75,0.75,0.87775,0.72335,49807
VessMAP,5.657,K_focal_aug,K_focal_aug_s2,2,9710,isotropic,1.0,1.0,0.90411,0.70231,53492
VessMAP,5.657,K_focal_aug,K_focal_aug_s2,2,9710,isotropic,1.5,1.5,0.95219,0.67405,59179
VessMAP,5.657,K_focal_aug,K_focal_aug_s2,2,9710,oracle,0.0,0.25,0.31316,0.85222,30951
VessMAP,5.657,K_focal_aug,K_focal_aug_s2,2,9710,oracle,0.0,0.5,0.45776,0.79222,38071
VessMAP,5.657,K_focal_aug,K_focal_aug_s2,2,9710,oracle,0.0,1.0,0.77475,0.72323,46997
VessMAP,5.657,K_focal_aug,K_focal_aug_s2,2,9710,oracle,0.5,0.0,0.46329,0.86544,32069
VessMAP,5.657,K_focal_aug,K_focal_aug_s2,2,9710,oracle,0.5,0.25,0.48552,0.81323,37883
VessMAP,5.657,K_focal_aug,K_focal_aug_s2,2,9710,oracle,0.5,0.5,0.8272,0.76432,43348
VessMAP,5.657,K_focal_aug,K_focal_aug_s2,2,9710,oracle,0.5,1.0,0.86143,0.70432,51735
VessMAP,5.657,K_focal_aug,K_focal_aug_s2,2,9710,oracle,1.0,0.0,0.82146,0.84536,35739
VessMAP,5.657,K_focal_aug,K_focal_aug_s2,2,9710,oracle,1.0,0.25,0.8597,0.80037,40893
VessMAP,5.657,K_focal_aug,K_focal_aug_s2,2,9710,oracle,1.0,0.5,0.88019,0.7571,46010
VessMAP,5.657,K_focal_aug,K_focal_aug_s2,2,9710,oracle,1.0,1.0,0.90411,0.70262,53432
VessMAP,5.657,K_focal_aug,K_focal_aug_s2,2,9710,oracle,1.5,0.0,0.8504,0.81241,39875
VessMAP,5.657,K_focal_aug,K_focal_aug_s2,2,9710,oracle,1.5,0.25,0.8893,0.7723,44985
VessMAP,5.657,K_focal_aug,K_focal_aug_s2,2,9710,oracle,1.5,0.5,0.90908,0.74311,48770
VessMAP,5.657,K_focal_aug,K_focal_aug_s2,2,9710,oracle,1.5,1.0,0.93267,0.6996,54904
VessMAP,5.657,K_focal_aug,K_focal_aug_s2,2,9710,oracle,2.0,0.0,0.88125,0.75898,46784
VessMAP,5.657,K_focal_aug,K_focal_aug_s2,2,9710,oracle,2.0,0.25,0.92012,0.73934,49660
VessMAP,5.657,K_focal_aug,K_focal_aug_s2,2,9710,oracle,2.0,0.5,0.93518,0.71948,52553
VessMAP,5.657,K_focal_aug,K_focal_aug_s2,2,9710,oracle,2.0,1.0,0.95328,0.69127,56840
VessMAP,5.657,K_focal_aug,K_focal_aug_s2,2,9860,raw,0.0,0.0,0.58388,0.93543,16810
VessMAP,5.657,K_focal_aug,K_focal_aug_s2,2,9860,isotropic,0.25,0.25,0.59665,0.79764,23560
VessMAP,5.657,K_focal_aug,K_focal_aug_s2,2,9860,isotropic,0.5,0.5,0.60186,0.69356,29669
VessMAP,5.657,K_focal_aug,K_focal_aug_s2,2,9860,isotropic,0.75,0.75,0.60831,0.60378,36628
VessMAP,5.657,K_focal_aug,K_focal_aug_s2,2,9860,isotropic,1.0,1.0,0.61099,0.55367,41488
VessMAP,5.657,K_focal_aug,K_focal_aug_s2,2,9860,isotropic,1.5,1.5,0.86687,0.48216,50158
VessMAP,5.657,K_focal_aug,K_focal_aug_s2,2,9860,oracle,0.0,0.25,0.5862,0.88268,19244
VessMAP,5.657,K_focal_aug,K_focal_aug_s2,2,9860,oracle,0.0,0.5,0.59358,0.76405,25252
VessMAP,5.657,K_focal_aug,K_focal_aug_s2,2,9860,oracle,0.0,1.0,0.59595,0.616,35282
VessMAP,5.657,K_focal_aug,K_focal_aug_s2,2,9860,oracle,0.5,0.0,0.5903,0.89218,19120
VessMAP,5.657,K_focal_aug,K_focal_aug_s2,2,9860,oracle,0.5,0.25,0.59963,0.7948,23772
VessMAP,5.657,K_focal_aug,K_focal_aug_s2,2,9860,oracle,0.5,0.5,0.60133,0.6992,29292
VessMAP,5.657,K_focal_aug,K_focal_aug_s2,2,9860,oracle,0.5,1.0,0.60639,0.56343,40357
VessMAP,5.657,K_focal_aug,K_focal_aug_s2,2,9860,oracle,1.0,0.0,0.60181,0.84242,21505
VessMAP,5.657,K_focal_aug,K_focal_aug_s2,2,9860,oracle,1.0,0.25,0.60734,0.76129,25709
VessMAP,5.657,K_focal_aug,K_focal_aug_s2,2,9860,oracle,1.0,0.5,0.60918,0.67423,31165
VessMAP,5.657,K_focal_aug,K_focal_aug_s2,2,9860,oracle,1.0,1.0,0.61099,0.55499,41348
VessMAP,5.657,K_focal_aug,K_focal_aug_s2,2,9860,oracle,1.5,0.0,0.84509,0.77726,24803
VessMAP,5.657,K_focal_aug,K_focal_aug_s2,2,9860,oracle,1.5,0.25,0.85917,0.70138,29391
VessMAP,5.657,K_focal_aug,K_focal_aug_s2,2,9860,oracle,1.5,0.5,0.8643,0.64113,33706
VessMAP,5.657,K_focal_aug,K_focal_aug_s2,2,9860,oracle,1.5,1.0,0.86558,0.5449,42519
VessMAP,5.657,K_focal_aug,K_focal_aug_s2,2,9860,oracle,2.0,0.0,0.8521,0.67955,30790
VessMAP,5.657,K_focal_aug,K_focal_aug_s2,2,9860,oracle,2.0,0.25,0.88489,0.63631,34123
VessMAP,5.657,K_focal_aug,K_focal_aug_s2,2,9860,oracle,2.0,0.5,0.88554,0.59126,37972
VessMAP,5.657,K_focal_aug,K_focal_aug_s2,2,9860,oracle,2.0,1.0,0.88684,0.52532,44769
VessMAP,5.657,A_dice,A_dice_s0,0,7577,raw,0.0,0.0,0.8843,0.94245,27118
VessMAP,5.657,A_dice,A_dice_s0,0,7577,isotropic,0.25,0.25,0.96586,0.83891,35948
VessMAP,5.657,A_dice,A_dice_s0,0,7577,isotropic,0.5,0.5,0.97194,0.76052,42636
VessMAP,5.657,A_dice,A_dice_s0,0,7577,isotropic,0.75,0.75,0.97543,0.69756,49031
VessMAP,5.657,A_dice,A_dice_s0,0,7577,isotropic,1.0,1.0,0.97979,0.66384,52984
VessMAP,5.657,A_dice,A_dice_s0,0,7577,isotropic,1.5,1.5,0.98505,0.61747,59241
VessMAP,5.657,A_dice,A_dice_s0,0,7577,oracle,0.0,0.25,0.94987,0.8988,30592
VessMAP,5.657,A_dice,A_dice_s0,0,7577,oracle,0.0,0.5,0.96109,0.81561,37580
VessMAP,5.657,A_dice,A_dice_s0,0,7577,oracle,0.0,1.0,0.96542,0.70851,47582
VessMAP,5.657,A_dice,A_dice_s0,0,7577,oracle,0.5,0.0,0.96066,0.91308,30445
VessMAP,5.657,A_dice,A_dice_s0,0,7577,oracle,0.5,0.25,0.96759,0.83493,36375
VessMAP,5.657,A_dice,A_dice_s0,0,7577,oracle,0.5,0.5,0.97194,0.76421,42302
VessMAP,5.657,A_dice,A_dice_s0,0,7577,oracle,0.5,1.0,0.97456,0.67245,51846
VessMAP,5.657,A_dice,A_dice_s0,0,7577,oracle,1.0,0.0,0.96803,0.87985,33047
VessMAP,5.657,A_dice,A_dice_s0,0,7577,oracle,1.0,0.25,0.97325,0.81173,38335
VessMAP,5.657,A_dice,A_dice_s0,0,7577,oracle,1.0,0.5,0.97543,0.74636,44083
VessMAP,5.657,A_dice,A_dice_s0,0,7577,oracle,1.0,1.0,0.97979,0.6648,52869
VessMAP,5.657,A_dice,A_dice_s0,0,7577,oracle,1.5,0.0,0.97107,0.83718,36254
VessMAP,5.657,A_dice,A_dice_s0,0,7577,oracle,1.5,0.25,0.97717,0.77782,41274
VessMAP,5.657,A_dice,A_dice_s0,0,7577,oracle,1.5,0.5,0.97892,0.72892,45887
VessMAP,5.657,A_dice,A_dice_s0,0,7577,oracle,1.5,1.0,0.98417,0.65838,53786
VessMAP,5.657,A_dice,A_dice_s0,0,7577,oracle,2.0,0.0,0.97281,0.76581,42330
VessMAP,5.657,A_dice,A_dice_s0,0,7577,oracle,2.0,0.25,0.97805,0.73233,45626
VessMAP,5.657,A_dice,A_dice_s0,0,7577,oracle,2.0,0.5,0.98242,0.69834,49233
VessMAP,5.657,A_dice,A_dice_s0,0,7577,oracle,2.0,1.0,0.989,0.64875,55170
VessMAP,5.657,A_dice,A_dice_s0,0,7783,raw,0.0,0.0,0.79341,0.91678,24394
VessMAP,5.657,A_dice,A_dice_s0,0,7783,isotropic,0.25,0.25,0.86402,0.80997,34043
VessMAP,5.657,A_dice,A_dice_s0,0,7783,isotropic,0.5,0.5,0.8826,0.72094,41982
VessMAP,5.657,A_dice,A_dice_s0,0,7783,isotropic,0.75,0.75,0.8941,0.65125,49674
VessMAP,5.657,A_dice,A_dice_s0,0,7783,isotropic,1.0,1.0,0.93437,0.61745,54131
VessMAP,5.657,A_dice,A_dice_s0,0,7783,isotropic,1.5,1.5,0.95192,0.57481,60567
VessMAP,5.657,A_dice,A_dice_s0,0,7783,oracle,0.0,0.25,0.81605,0.87376,27937
VessMAP,5.657,A_dice,A_dice_s0,0,7783,oracle,0.0,0.5,0.85355,0.7818,35938
VessMAP,5.657,A_dice,A_dice_s0,0,7783,oracle,0.0,1.0,0.86109,0.66144,47661
VessMAP,5.657,A_dice,A_dice_s0,0,7783,oracle,0.5,0.0,0.86192,0.89152,27922
VessMAP,5.657,A_dice,A_dice_s0,0,7783,oracle,0.5,0.25,0.8775,0.80755,34476
VessMAP,5.657,A_dice,A_dice_s0,0,7783,oracle,0.5,0.5,0.88175,0.72375,41715
VessMAP,5.657,A_dice,A_dice_s0,0,7783,oracle,0.5,1.0,0.88644,0.62361,52806
VessMAP,5.657,A_dice,A_dice_s0,0,7783,oracle,1.0,0.0,0.88175,0.8553,31008
VessMAP,5.657,A_dice,A_dice_s0,0,7783,oracle,1.0,0.25,0.92566,0.78264,36952
VessMAP,5.657,A_dice,A_dice_s0,0,7783,oracle,1.0,0.5,0.93088,0.70654,43869
VessMAP,5.657,A_dice,A_dice_s0,0,7783,oracle,1.0,1.0,0.93437,0.61798,54047
VessMAP,5.657,A_dice,A_dice_s0,0,7783,oracle,1.5,0.0,0.92044,0.80493,35051
VessMAP,5.657,A_dice,A_dice_s0,0,7783,oracle,1.5,0.25,0.93437,0.7387,41046
VessMAP,5.657,A_dice,A_dice_s0,0,7783,oracle,1.5,0.5,0.93918,0.6848,46370
VessMAP,5.657,A_dice,A_dice_s0,0,7783,oracle,1.5,1.0,0.94488,0.61232,55132
VessMAP,5.657,A_dice,A_dice_s0,0,7783,oracle,2.0,0.0,0.93131,0.7202,42678
VessMAP,5.657,A_dice,A_dice_s0,0,7783,oracle,2.0,0.25,0.94005,0.68484,46491
VessMAP,5.657,A_dice,A_dice_s0,0,7783,oracle,2.0,0.5,0.94707,0.64736,50769
VessMAP,5.657,A_dice,A_dice_s0,0,7783,oracle,2.0,1.0,0.95324,0.60029,56972
VessMAP,5.657,A_dice,A_dice_s0,0,7865,raw,0.0,0.0,0.86475,0.8716,22288
VessMAP,5.657,A_dice,A_dice_s0,0,7865,isotropic,0.25,0.25,0.94575,0.73512,31233
VessMAP,5.657,A_dice,A_dice_s0,0,7865,isotropic,0.5,0.5,0.95355,0.64631,38414
VessMAP,5.657,A_dice,A_dice_s0,0,7865,isotropic,0.75,0.75,0.96482,0.57477,45728
VessMAP,5.657,A_dice,A_dice_s0,0,7865,isotropic,1.0,1.0,0.97072,0.53856,50219
VessMAP,5.657,A_dice,A_dice_s0,0,7865,isotropic,1.5,1.5,0.97615,0.49121,57047
VessMAP,5.657,A_dice,A_dice_s0,0,7865,oracle,0.0,0.25,0.8881,0.81513,25658
VessMAP,5.657,A_dice,A_dice_s0,0,7865,oracle,0.0,0.5,0.90798,0.71149,32752
VessMAP,5.657,A_dice,A_dice_s0,0,7865,oracle,0.0,1.0,0.9185,0.58818,43906
VessMAP,5.657,A_dice,A_dice_s0,0,7865,oracle,0.5,0.0,0.94186,0.81712,25903
VessMAP,5.657,A_dice,A_dice_s0,0,7865,oracle,0.5,0.25,0.94867,0.72912,31759
VessMAP,5.657,A_dice,A_dice_s0,0,7865,oracle,0.5,0.5,0.95355,0.64923,38148
VessMAP,5.657,A_dice,A_dice_s0,0,7865,oracle,0.5,1.0,0.96285,0.54728,48965
VessMAP,5.657,A_dice,A_dice_s0,0,7865,oracle,1.0,0.0,0.95111,0.76719,29245
VessMAP,5.657,A_dice,A_dice_s0,0,7865,oracle,1.0,0.25,0.95599,0.69578,34395
VessMAP,5.657,A_dice,A_dice_s0,0,7865,oracle,1.0,0.5,0.96285,0.62611,40424
VessMAP,5.657,A_dice,A_dice_s0,0,7865,oracle,1.0,1.0,0.97072,0.53926,50126
VessMAP,5.657,A_dice,A_dice_s0,0,7865,oracle,1.5,0.0,0.95795,0.71108,33209
VessMAP,5.657,A_dice,A_dice_s0,0,7865,oracle,1.5,0.25,0.96432,0.64882,38369
VessMAP,5.657,A_dice,A_dice_s0,0,7865,oracle,1.5,0.5,0.97072,0.60221,42871
VessMAP,5.657,A_dice,A_dice_s0,0,7865,oracle,1.5,1.0,0.97615,0.53214,51140
VessMAP,5.657,A_dice,A_dice_s0,0,7865,oracle,2.0,0.0,0.96285,0.62993,40072
VessMAP,5.657,A_dice,A_dice_s0,0,7865,oracle,2.0,0.25,0.96875,0.59616,43499
VessMAP,5.657,A_dice,A_dice_s0,0,7865,oracle,2.0,0.5,0.97467,0.56318,47212
VessMAP,5.657,A_dice,A_dice_s0,0,7865,oracle,2.0,1.0,0.97714,0.51903,52949
VessMAP,5.657,A_dice,A_dice_s0,0,8065,raw,0.0,0.0,0.19932,0.94614,9582
VessMAP,5.657,A_dice,A_dice_s0,0,8065,isotropic,0.25,0.25,0.41052,0.82684,12777
VessMAP,5.657,A_dice,A_dice_s0,0,8065,isotropic,0.5,0.5,0.41117,0.72958,15718
VessMAP,5.657,A_dice,A_dice_s0,0,8065,isotropic,0.75,0.75,0.41283,0.64078,19189
VessMAP,5.657,A_dice,A_dice_s0,0,8065,isotropic,1.0,1.0,0.4135,0.58567,21874
VessMAP,5.657,A_dice,A_dice_s0,0,8065,isotropic,1.5,1.5,0.4135,0.49469,27563
VessMAP,5.657,A_dice,A_dice_s0,0,8065,oracle,0.0,0.25,0.40987,0.89889,10762
VessMAP,5.657,A_dice,A_dice_s0,0,8065,oracle,0.0,0.5,0.41052,0.80133,13462
VessMAP,5.657,A_dice,A_dice_s0,0,8065,oracle,0.0,1.0,0.41086,0.65345,18626
VessMAP,5.657,A_dice,A_dice_s0,0,8065,oracle,0.5,0.0,0.23967,0.91353,10602
VessMAP,5.657,A_dice,A_dice_s0,0,8065,oracle,0.5,0.25,0.41052,0.82273,12891
VessMAP,5.657,A_dice,A_dice_s0,0,8065,oracle,0.5,0.5,0.41085,0.73433,15555
VessMAP,5.657,A_dice,A_dice_s0,0,8065,oracle,0.5,1.0,0.4135,0.5983,21211
VessMAP,5.657,A_dice,A_dice_s0,0,8065,oracle,1.0,0.0,0.41085,0.87217,11633
VessMAP,5.657,A_dice,A_dice_s0,0,8065,oracle,1.0,0.25,0.41085,0.79588,13644
VessMAP,5.657,A_dice,A_dice_s0,0,8065,oracle,1.0,0.5,0.4115,0.71088,16378
VessMAP,5.657,A_dice,A_dice_s0,0,8065,oracle,1.0,1.0,0.4135,0.58708,21800
VessMAP,5.657,A_dice,A_dice_s0,0,8065,oracle,1.5,0.0,0.41085,0.82096,12931
VessMAP,5.657,A_dice,A_dice_s0,0,8065,oracle,1.5,0.25,0.41117,0.75046,15026
VessMAP,5.657,A_dice,A_dice_s0,0,8065,oracle,1.5,0.5,0.41183,0.68471,17353
VessMAP,5.657,A_dice,A_dice_s0,0,8065,oracle,1.5,1.0,0.4135,0.57652,22365
VessMAP,5.657,A_dice,A_dice_s0,0,8065,oracle,2.0,0.0,0.41085,0.73675,15455
VessMAP,5.657,A_dice,A_dice_s0,0,8065,oracle,2.0,0.25,0.41117,0.6923,17055
VessMAP,5.657,A_dice,A_dice_s0,0,8065,oracle,2.0,0.5,0.41283,0.64023,19207
VessMAP,5.657,A_dice,A_dice_s0,0,8065,oracle,2.0,1.0,0.4135,0.55671,23483
VessMAP,5.657,A_dice,A_dice_s0,0,8196,raw,0.0,0.0,0.83152,0.91823,23246
VessMAP,5.657,A_dice,A_dice_s0,0,8196,isotropic,0.25,0.25,0.9123,0.78259,32913
VessMAP,5.657,A_dice,A_dice_s0,0,8196,isotropic,0.5,0.5,0.92053,0.68673,40815
VessMAP,5.657,A_dice,A_dice_s0,0,8196,isotropic,0.75,0.75,0.92792,0.61116,48739
VessMAP,5.657,A_dice,A_dice_s0,0,8196,isotropic,1.0,1.0,0.93011,0.57305,53523
VessMAP,5.657,A_dice,A_dice_s0,0,8196,isotropic,1.5,1.5,0.93274,0.52557,60426
VessMAP,5.657,A_dice,A_dice_s0,0,8196,oracle,0.0,0.25,0.86426,0.86584,26683
VessMAP,5.657,A_dice,A_dice_s0,0,8196,oracle,0.0,0.5,0.89044,0.75292,34924
VessMAP,5.657,A_dice,A_dice_s0,0,8196,oracle,0.0,1.0,0.91835,0.62348,47080
VessMAP,5.657,A_dice,A_dice_s0,0,8196,oracle,0.5,0.0,0.90799,0.87291,26842
VessMAP,5.657,A_dice,A_dice_s0,0,8196,oracle,0.5,0.25,0.9162,0.77766,33371
VessMAP,5.657,A_dice,A_dice_s0,0,8196,oracle,0.5,0.5,0.92053,0.69078,40444
VessMAP,5.657,A_dice,A_dice_s0,0,8196,oracle,0.5,1.0,0.92879,0.58162,52331
VessMAP,5.657,A_dice,A_dice_s0,0,8196,oracle,1.0,0.0,0.91794,0.82423,30175
VessMAP,5.657,A_dice,A_dice_s0,0,8196,oracle,1.0,0.25,0.92314,0.74408,36055
VessMAP,5.657,A_dice,A_dice_s0,0,8196,oracle,1.0,0.5,0.92619,0.66773,42752
VessMAP,5.657,A_dice,A_dice_s0,0,8196,oracle,1.0,1.0,0.93011,0.57385,53419
VessMAP,5.657,A_dice,A_dice_s0,0,8196,oracle,1.5,0.0,0.92097,0.76015,34721
VessMAP,5.657,A_dice,A_dice_s0,0,8196,oracle,1.5,0.25,0.92576,0.68958,40700
VessMAP,5.657,A_dice,A_dice_s0,0,8196,oracle,1.5,0.5,0.92968,0.63935,45695
VessMAP,5.657,A_dice,A_dice_s0,0,8196,oracle,1.5,1.0,0.9323,0.56574,54564
VessMAP,5.657,A_dice,A_dice_s0,0,8196,oracle,2.0,0.0,0.9249,0.66749,42770
VessMAP,5.657,A_dice,A_dice_s0,0,8196,oracle,2.0,0.25,0.92926,0.62984,46711
VessMAP,5.657,A_dice,A_dice_s0,0,8196,oracle,2.0,0.5,0.93187,0.59688,50562
VessMAP,5.657,A_dice,A_dice_s0,0,8196,oracle,2.0,1.0,0.93362,0.55164,56557
VessMAP,5.657,A_dice,A_dice_s0,0,8256,raw,0.0,0.0,0.37362,0.91101,9827
VessMAP,5.657,A_dice,A_dice_s0,0,8256,isotropic,0.25,0.25,0.39071,0.80009,12995
VessMAP,5.657,A_dice,A_dice_s0,0,8256,isotropic,0.5,0.5,0.39257,0.70835,16011
VessMAP,5.657,A_dice,A_dice_s0,0,8256,isotropic,0.75,0.75,0.39439,0.61797,19764
VessMAP,5.657,A_dice,A_dice_s0,0,8256,isotropic,1.0,1.0,0.39584,0.56255,22664
VessMAP,5.657,A_dice,A_dice_s0,0,8256,isotropic,1.5,1.5,0.39918,0.47304,28817
VessMAP,5.657,A_dice,A_dice_s0,0,8256,oracle,0.0,0.25,0.37442,0.86953,10920
VessMAP,5.657,A_dice,A_dice_s0,0,8256,oracle,0.0,0.5,0.38929,0.77864,13585
VessMAP,5.657,A_dice,A_dice_s0,0,8256,oracle,0.0,1.0,0.38973,0.63677,18736
VessMAP,5.657,A_dice,A_dice_s0,0,8256,oracle,0.5,0.0,0.37759,0.87156,11071
VessMAP,5.657,A_dice,A_dice_s0,0,8256,oracle,0.5,0.25,0.39152,0.79513,13200
VessMAP,5.657,A_dice,A_dice_s0,0,8256,oracle,0.5,0.5,0.39257,0.70933,15971
VessMAP,5.657,A_dice,A_dice_s0,0,8256,oracle,0.5,1.0,0.39257,0.57866,21648
VessMAP,5.657,A_dice,A_dice_s0,0,8256,oracle,1.0,0.0,0.39337,0.83725,12139
VessMAP,5.657,A_dice,A_dice_s0,0,8256,oracle,1.0,0.25,0.39439,0.7668,14163
VessMAP,5.657,A_dice,A_dice_s0,0,8256,oracle,1.0,0.5,0.39459,0.68682,16911
VessMAP,5.657,A_dice,A_dice_s0,0,8256,oracle,1.0,1.0,0.39584,0.5629,22644
VessMAP,5.657,A_dice,A_dice_s0,0,8256,oracle,1.5,0.0,0.39635,0.79752,13314
VessMAP,5.657,A_dice,A_dice_s0,0,8256,oracle,1.5,0.25,0.39759,0.72689,15547
VessMAP,5.657,A_dice,A_dice_s0,0,8256,oracle,1.5,0.5,0.39779,0.66254,17963
VessMAP,5.657,A_dice,A_dice_s0,0,8256,oracle,1.5,1.0,0.398,0.5511,23441
VessMAP,5.657,A_dice,A_dice_s0,0,8256,oracle,2.0,0.0,0.39918,0.72476,15655
VessMAP,5.657,A_dice,A_dice_s0,0,8256,oracle,2.0,0.25,0.40024,0.67937,17360
VessMAP,5.657,A_dice,A_dice_s0,0,8256,oracle,2.0,0.5,0.40033,0.62247,19794
VessMAP,5.657,A_dice,A_dice_s0,0,8256,oracle,2.0,1.0,0.46023,0.53255,24676
VessMAP,5.657,A_dice,A_dice_s0,0,8284,raw,0.0,0.0,0.45541,0.9534,11926
VessMAP,5.657,A_dice,A_dice_s0,0,8284,isotropic,0.25,0.25,0.93142,0.86617,14990
VessMAP,5.657,A_dice,A_dice_s0,0,8284,isotropic,0.5,0.5,0.93611,0.78411,17870
VessMAP,5.657,A_dice,A_dice_s0,0,8284,isotropic,0.75,0.75,0.94086,0.70152,21368
VessMAP,5.657,A_dice,A_dice_s0,0,8284,isotropic,1.0,1.0,0.94242,0.64875,24055
VessMAP,5.657,A_dice,A_dice_s0,0,8284,isotropic,1.5,1.5,0.94242,0.55888,29788
VessMAP,5.657,A_dice,A_dice_s0,0,8284,oracle,0.0,0.25,0.45545,0.92135,13038
VessMAP,5.657,A_dice,A_dice_s0,0,8284,oracle,0.0,0.5,0.89933,0.84074,15743
VessMAP,5.657,A_dice,A_dice_s0,0,8284,oracle,0.0,1.0,0.93301,0.71571,20640
VessMAP,5.657,A_dice,A_dice_s0,0,8284,oracle,0.5,0.0,0.9054,0.92981,13025
VessMAP,5.657,A_dice,A_dice_s0,0,8284,oracle,0.5,0.25,0.93456,0.86389,15111
VessMAP,5.657,A_dice,A_dice_s0,0,8284,oracle,0.5,0.5,0.93611,0.78622,17791
VessMAP,5.657,A_dice,A_dice_s0,0,8284,oracle,0.5,1.0,0.93771,0.66102,23376
VessMAP,5.657,A_dice,A_dice_s0,0,8284,oracle,1.0,0.0,0.93616,0.90158,13972
VessMAP,5.657,A_dice,A_dice_s0,0,8284,oracle,1.0,0.25,0.93771,0.84012,15918
VessMAP,5.657,A_dice,A_dice_s0,0,8284,oracle,1.0,0.5,0.94086,0.76817,18509
VessMAP,5.657,A_dice,A_dice_s0,0,8284,oracle,1.0,1.0,0.94242,0.64951,24013
VessMAP,5.657,A_dice,A_dice_s0,0,8284,oracle,1.5,0.0,0.93616,0.86121,15215
VessMAP,5.657,A_dice,A_dice_s0,0,8284,oracle,1.5,0.25,0.93776,0.80101,17269
VessMAP,5.657,A_dice,A_dice_s0,0,8284,oracle,1.5,0.5,0.94242,0.74493,19455
VessMAP,5.657,A_dice,A_dice_s0,0,8284,oracle,1.5,1.0,0.94242,0.63945,24579
VessMAP,5.657,A_dice,A_dice_s0,0,8284,oracle,2.0,0.0,0.93616,0.79118,17602
VessMAP,5.657,A_dice,A_dice_s0,0,8284,oracle,2.0,0.25,0.93776,0.75593,18988
VessMAP,5.657,A_dice,A_dice_s0,0,8284,oracle,2.0,0.5,0.94242,0.70676,21135
VessMAP,5.657,A_dice,A_dice_s0,0,8284,oracle,2.0,1.0,0.94242,0.62138,25630
VessMAP,5.657,A_dice,A_dice_s0,0,8353,raw,0.0,0.0,0.25719,0.93481,13827
VessMAP,5.657,A_dice,A_dice_s0,0,8353,isotropic,0.25,0.25,0.49582,0.77591,20597
VessMAP,5.657,A_dice,A_dice_s0,0,8353,isotropic,0.5,0.5,0.50913,0.66095,26676
VessMAP,5.657,A_dice,A_dice_s0,0,8353,isotropic,0.75,0.75,0.53974,0.56599,33610
VessMAP,5.657,A_dice,A_dice_s0,0,8353,isotropic,1.0,1.0,0.54616,0.51471,38456
VessMAP,5.657,A_dice,A_dice_s0,0,8353,isotropic,1.5,1.5,0.61854,0.44051,47409
VessMAP,5.657,A_dice,A_dice_s0,0,8353,oracle,0.0,0.25,0.2675,0.86764,16391
VessMAP,5.657,A_dice,A_dice_s0,0,8353,oracle,0.0,0.5,0.27197,0.73735,22290
VessMAP,5.657,A_dice,A_dice_s0,0,8353,oracle,0.0,1.0,0.53269,0.58038,32161
VessMAP,5.657,A_dice,A_dice_s0,0,8353,oracle,0.5,0.0,0.48827,0.88966,16015
VessMAP,5.657,A_dice,A_dice_s0,0,8353,oracle,0.5,0.25,0.50809,0.77367,20776
VessMAP,5.657,A_dice,A_dice_s0,0,8353,oracle,0.5,0.5,0.50913,0.66433,26469
VessMAP,5.657,A_dice,A_dice_s0,0,8353,oracle,0.5,1.0,0.54073,0.52464,37298
VessMAP,5.657,A_dice,A_dice_s0,0,8353,oracle,1.0,0.0,0.50974,0.83648,18181
VessMAP,5.657,A_dice,A_dice_s0,0,8353,oracle,1.0,0.25,0.53871,0.74032,22479
VessMAP,5.657,A_dice,A_dice_s0,0,8353,oracle,1.0,0.5,0.54083,0.64322,27990
VessMAP,5.657,A_dice,A_dice_s0,0,8353,oracle,1.0,1.0,0.54615,0.51556,38366
VessMAP,5.657,A_dice,A_dice_s0,0,8353,oracle,1.5,0.0,0.54299,0.76633,21268
VessMAP,5.657,A_dice,A_dice_s0,0,8353,oracle,1.5,0.25,0.61399,0.6773,26024
VessMAP,5.657,A_dice,A_dice_s0,0,8353,oracle,1.5,0.5,0.61627,0.60992,30435
VessMAP,5.657,A_dice,A_dice_s0,0,8353,oracle,1.5,1.0,0.61684,0.50707,39395
VessMAP,5.657,A_dice,A_dice_s0,0,8353,oracle,2.0,0.0,0.61627,0.65532,27347
VessMAP,5.657,A_dice,A_dice_s0,0,8353,oracle,2.0,0.25,0.61797,0.60379,30923
VessMAP,5.657,A_dice,A_dice_s0,0,8353,oracle,2.0,0.5,0.61968,0.55294,35049
VessMAP,5.657,A_dice,A_dice_s0,0,8353,oracle,2.0,1.0,0.62025,0.48513,41846
VessMAP,5.657,A_dice,A_dice_s0,0,8429,raw,0.0,0.0,0.95081,0.94591,23604
VessMAP,5.657,A_dice,A_dice_s0,0,8429,isotropic,0.25,0.25,0.98062,0.82486,33096
VessMAP,5.657,A_dice,A_dice_s0,0,8429,isotropic,0.5,0.5,0.98421,0.7271,40873
VessMAP,5.657,A_dice,A_dice_s0,0,8429,isotropic,0.75,0.75,0.98781,0.65024,48622
VessMAP,5.657,A_dice,A_dice_s0,0,8429,isotropic,1.0,1.0,0.98871,0.609,53570
VessMAP,5.657,A_dice,A_dice_s0,0,8429,isotropic,1.5,1.5,0.98871,0.55599,60960
VessMAP,5.657,A_dice,A_dice_s0,0,8429,oracle,0.0,0.25,0.96765,0.89736,27223
VessMAP,5.657,A_dice,A_dice_s0,0,8429,oracle,0.0,0.5,0.97703,0.79134,35398
VessMAP,5.657,A_dice,A_dice_s0,0,8429,oracle,0.0,1.0,0.97793,0.65749,47556
VessMAP,5.657,A_dice,A_dice_s0,0,8429,oracle,0.5,0.0,0.98017,0.91909,26626
VessMAP,5.657,A_dice,A_dice_s0,0,8429,oracle,0.5,0.25,0.98376,0.82326,33277
VessMAP,5.657,A_dice,A_dice_s0,0,8429,oracle,0.5,0.5,0.98421,0.7308,40539
VessMAP,5.657,A_dice,A_dice_s0,0,8429,oracle,0.5,1.0,0.98601,0.6161,52545
VessMAP,5.657,A_dice,A_dice_s0,0,8429,oracle,1.0,0.0,0.98556,0.88677,29013
VessMAP,5.657,A_dice,A_dice_s0,0,8429,oracle,1.0,0.25,0.98736,0.8023,34910
VessMAP,5.657,A_dice,A_dice_s0,0,8429,oracle,1.0,0.5,0.98871,0.71517,42090
VessMAP,5.657,A_dice,A_dice_s0,0,8429,oracle,1.0,1.0,0.98871,0.60981,53468
VessMAP,5.657,A_dice,A_dice_s0,0,8429,oracle,1.5,0.0,0.98736,0.82935,32860
VessMAP,5.657,A_dice,A_dice_s0,0,8429,oracle,1.5,0.25,0.98871,0.75459,38678
VessMAP,5.657,A_dice,A_dice_s0,0,8429,oracle,1.5,0.5,0.98871,0.69492,44042
VessMAP,5.657,A_dice,A_dice_s0,0,8429,oracle,1.5,1.0,0.98871,0.60438,54186
VessMAP,5.657,A_dice,A_dice_s0,0,8429,oracle,2.0,0.0,0.98826,0.73152,40580
VessMAP,5.657,A_dice,A_dice_s0,0,8429,oracle,2.0,0.25,0.98871,0.69046,44478
VessMAP,5.657,A_dice,A_dice_s0,0,8429,oracle,2.0,0.5,0.98871,0.64984,48744
VessMAP,5.657,A_dice,A_dice_s0,0,8429,oracle,2.0,1.0,0.98871,0.59313,55660
VessMAP,5.657,A_dice,A_dice_s0,0,8493,raw,0.0,0.0,0.30477,0.89684,14968
VessMAP,5.657,A_dice,A_dice_s0,0,8493,isotropic,0.25,0.25,0.31585,0.82312,19419
VessMAP,5.657,A_dice,A_dice_s0,0,8493,isotropic,0.5,0.5,0.32937,0.74898,23583
VessMAP,5.657,A_dice,A_dice_s0,0,8493,isotropic,0.75,0.75,0.35963,0.67496,28464
VessMAP,5.657,A_dice,A_dice_s0,0,8493,isotropic,1.0,1.0,0.36082,0.62658,32148
VessMAP,5.657,A_dice,A_dice_s0,0,8493,isotropic,1.5,1.5,0.36759,0.54641,39469
VessMAP,5.657,A_dice,A_dice_s0,0,8493,oracle,0.0,0.25,0.30658,0.87648,16206
VessMAP,5.657,A_dice,A_dice_s0,0,8493,oracle,0.0,0.5,0.31257,0.80612,20015
VessMAP,5.657,A_dice,A_dice_s0,0,8493,oracle,0.0,1.0,0.3157,0.68139,27074
VessMAP,5.657,A_dice,A_dice_s0,0,8493,oracle,0.5,0.0,0.31552,0.87912,16804
VessMAP,5.657,A_dice,A_dice_s0,0,8493,oracle,0.5,0.25,0.31951,0.82088,19764
VessMAP,5.657,A_dice,A_dice_s0,0,8493,oracle,0.5,0.5,0.32937,0.75056,23499
VessMAP,5.657,A_dice,A_dice_s0,0,8493,oracle,0.5,1.0,0.33312,0.64186,30600
VessMAP,5.657,A_dice,A_dice_s0,0,8493,oracle,1.0,0.0,0.32485,0.85622,18492
VessMAP,5.657,A_dice,A_dice_s0,0,8493,oracle,1.0,0.25,0.3402,0.80043,21288
VessMAP,5.657,A_dice,A_dice_s0,0,8493,oracle,1.0,0.5,0.36041,0.73225,24966
VessMAP,5.657,A_dice,A_dice_s0,0,8493,oracle,1.0,1.0,0.36082,0.62698,32115
VessMAP,5.657,A_dice,A_dice_s0,0,8493,oracle,1.5,0.0,0.33618,0.82652,20161
VessMAP,5.657,A_dice,A_dice_s0,0,8493,oracle,1.5,0.25,0.36165,0.76841,23199
VessMAP,5.657,A_dice,A_dice_s0,0,8493,oracle,1.5,0.5,0.36232,0.71153,26412
VessMAP,5.657,A_dice,A_dice_s0,0,8493,oracle,1.5,1.0,0.36334,0.61474,33257
VessMAP,5.657,A_dice,A_dice_s0,0,8493,oracle,2.0,0.0,0.35941,0.76498,23433
VessMAP,5.657,A_dice,A_dice_s0,0,8493,oracle,2.0,0.25,0.36339,0.72661,25639
VessMAP,5.657,A_dice,A_dice_s0,0,8493,oracle,2.0,0.5,0.36425,0.67733,28731
VessMAP,5.657,A_dice,A_dice_s0,0,8493,oracle,2.0,1.0,0.36521,0.5986,34721
VessMAP,5.657,A_dice,A_dice_s0,0,8506,raw,0.0,0.0,0.32409,0.91659,13096
VessMAP,5.657,A_dice,A_dice_s0,0,8506,isotropic,0.25,0.25,0.37932,0.77386,19256
VessMAP,5.657,A_dice,A_dice_s0,0,8506,isotropic,0.5,0.5,0.38278,0.66468,24811
VessMAP,5.657,A_dice,A_dice_s0,0,8506,isotropic,0.75,0.75,0.38545,0.57312,31141
VessMAP,5.657,A_dice,A_dice_s0,0,8506,isotropic,1.0,1.0,0.38576,0.52067,35660
VessMAP,5.657,A_dice,A_dice_s0,0,8506,isotropic,1.5,1.5,0.39622,0.44376,44149
VessMAP,5.657,A_dice,A_dice_s0,0,8506,oracle,0.0,0.25,0.32738,0.86465,15094
VessMAP,5.657,A_dice,A_dice_s0,0,8506,oracle,0.0,0.5,0.34507,0.74399,20415
VessMAP,5.657,A_dice,A_dice_s0,0,8506,oracle,0.0,1.0,0.36851,0.58711,29510
VessMAP,5.657,A_dice,A_dice_s0,0,8506,oracle,0.5,0.0,0.37963,0.87109,15481
VessMAP,5.657,A_dice,A_dice_s0,0,8506,oracle,0.5,0.25,0.38121,0.76806,19617
VessMAP,5.657,A_dice,A_dice_s0,0,8506,oracle,0.5,0.5,0.38278,0.6691,24557
VessMAP,5.657,A_dice,A_dice_s0,0,8506,oracle,0.5,1.0,0.3844,0.53428,34189
VessMAP,5.657,A_dice,A_dice_s0,0,8506,oracle,1.0,0.0,0.38067,0.81128,17955
VessMAP,5.657,A_dice,A_dice_s0,0,8506,oracle,1.0,0.25,0.38391,0.72529,21812
VessMAP,5.657,A_dice,A_dice_s0,0,8506,oracle,1.0,0.5,0.38516,0.63966,26553
VessMAP,5.657,A_dice,A_dice_s0,0,8506,oracle,1.0,1.0,0.38576,0.52185,35551
VessMAP,5.657,A_dice,A_dice_s0,0,8506,oracle,1.5,0.0,0.3817,0.7425,20988
VessMAP,5.657,A_dice,A_dice_s0,0,8506,oracle,1.5,0.25,0.39516,0.65956,25390
VessMAP,5.657,A_dice,A_dice_s0,0,8506,oracle,1.5,0.5,0.39621,0.59945,29272
VessMAP,5.657,A_dice,A_dice_s0,0,8506,oracle,1.5,1.0,0.39622,0.50826,36908
VessMAP,5.657,A_dice,A_dice_s0,0,8506,oracle,2.0,0.0,0.3931,0.64218,26433
VessMAP,5.657,A_dice,A_dice_s0,0,8506,oracle,2.0,0.25,0.3952,0.59557,29586
VessMAP,5.657,A_dice,A_dice_s0,0,8506,oracle,2.0,0.5,0.39624,0.55005,33121
VessMAP,5.657,A_dice,A_dice_s0,0,8506,oracle,2.0,1.0,0.39626,0.48544,39301
VessMAP,5.657,A_dice,A_dice_s0,0,8686,raw,0.0,0.0,0.20173,0.91711,17627
VessMAP,5.657,A_dice,A_dice_s0,0,8686,isotropic,0.25,0.25,0.23923,0.80629,25364
VessMAP,5.657,A_dice,A_dice_s0,0,8686,isotropic,0.5,0.5,0.24167,0.70541,32104
VessMAP,5.657,A_dice,A_dice_s0,0,8686,isotropic,0.75,0.75,0.2555,0.61629,39581
VessMAP,5.657,A_dice,A_dice_s0,0,8686,isotropic,1.0,1.0,0.25684,0.56502,44987
VessMAP,5.657,A_dice,A_dice_s0,0,8686,isotropic,1.5,1.5,0.26486,0.49378,54523
VessMAP,5.657,A_dice,A_dice_s0,0,8686,oracle,0.0,0.25,0.20841,0.87296,20355
VessMAP,5.657,A_dice,A_dice_s0,0,8686,oracle,0.0,0.5,0.2273,0.77435,27022
VessMAP,5.657,A_dice,A_dice_s0,0,8686,oracle,0.0,1.0,0.23863,0.63036,37827
VessMAP,5.657,A_dice,A_dice_s0,0,8686,oracle,0.5,0.0,0.22804,0.88992,20456
VessMAP,5.657,A_dice,A_dice_s0,0,8686,oracle,0.5,0.25,0.24076,0.80323,25703
VessMAP,5.657,A_dice,A_dice_s0,0,8686,oracle,0.5,0.5,0.24143,0.7097,31779
VessMAP,5.657,A_dice,A_dice_s0,0,8686,oracle,0.5,1.0,0.25464,0.57712,43449
VessMAP,5.657,A_dice,A_dice_s0,0,8686,oracle,1.0,0.0,0.25359,0.84838,23160
VessMAP,5.657,A_dice,A_dice_s0,0,8686,oracle,1.0,0.25,0.25549,0.77016,27908
VessMAP,5.657,A_dice,A_dice_s0,0,8686,oracle,1.0,0.5,0.25635,0.68512,33818
VessMAP,5.657,A_dice,A_dice_s0,0,8686,oracle,1.0,1.0,0.25684,0.56625,44847
VessMAP,5.657,A_dice,A_dice_s0,0,8686,oracle,1.5,0.0,0.25576,0.78269,27015
VessMAP,5.657,A_dice,A_dice_s0,0,8686,oracle,1.5,0.25,0.25795,0.708,32181
VessMAP,5.657,A_dice,A_dice_s0,0,8686,oracle,1.5,0.5,0.25844,0.65018,36791
VessMAP,5.657,A_dice,A_dice_s0,0,8686,oracle,1.5,1.0,0.25992,0.55552,46290
VessMAP,5.657,A_dice,A_dice_s0,0,8686,oracle,2.0,0.0,0.25686,0.68029,34212
VessMAP,5.657,A_dice,A_dice_s0,0,8686,oracle,2.0,0.25,0.25919,0.63868,37855
VessMAP,5.657,A_dice,A_dice_s0,0,8686,oracle,2.0,0.5,0.26091,0.5959,41967
VessMAP,5.657,A_dice,A_dice_s0,0,8686,oracle,2.0,1.0,0.26412,0.53363,49057
VessMAP,5.657,A_dice,A_dice_s0,0,8990,raw,0.0,0.0,0.91545,0.97492,21121
VessMAP,5.657,A_dice,A_dice_s0,0,8990,isotropic,0.25,0.25,0.91866,0.90668,25215
VessMAP,5.657,A_dice,A_dice_s0,0,8990,isotropic,0.5,0.5,0.92079,0.84009,28911
VessMAP,5.657,A_dice,A_dice_s0,0,8990,isotropic,0.75,0.75,0.92079,0.77356,33218
VessMAP,5.657,A_dice,A_dice_s0,0,8990,isotropic,1.0,1.0,0.92079,0.73042,36449
VessMAP,5.657,A_dice,A_dice_s0,0,8990,isotropic,1.5,1.5,0.9208,0.65769,42859
VessMAP,5.657,A_dice,A_dice_s0,0,8990,oracle,0.0,0.25,0.91545,0.9492,22581
VessMAP,5.657,A_dice,A_dice_s0,0,8990,oracle,0.0,0.5,0.91759,0.88885,26122
VessMAP,5.657,A_dice,A_dice_s0,0,8990,oracle,0.0,1.0,0.92079,0.7821,32618
VessMAP,5.657,A_dice,A_dice_s0,0,8990,oracle,0.5,0.0,0.91652,0.95992,22494
VessMAP,5.657,A_dice,A_dice_s0,0,8990,oracle,0.5,0.25,0.91866,0.90404,25363
VessMAP,5.657,A_dice,A_dice_s0,0,8990,oracle,0.5,0.5,0.92079,0.84257,28764
VessMAP,5.657,A_dice,A_dice_s0,0,8990,oracle,0.5,1.0,0.92079,0.74024,35673
VessMAP,5.657,A_dice,A_dice_s0,0,8990,oracle,1.0,0.0,0.91866,0.93801,23632
VessMAP,5.657,A_dice,A_dice_s0,0,8990,oracle,1.0,0.25,0.91866,0.88826,26196
VessMAP,5.657,A_dice,A_dice_s0,0,8990,oracle,1.0,0.5,0.92079,0.82873,29605
VessMAP,5.657,A_dice,A_dice_s0,0,8990,oracle,1.0,1.0,0.92079,0.7315,36364
VessMAP,5.657,A_dice,A_dice_s0,0,8990,oracle,1.5,0.0,0.91866,0.9123,24919
VessMAP,5.657,A_dice,A_dice_s0,0,8990,oracle,1.5,0.25,0.91866,0.8647,27499
VessMAP,5.657,A_dice,A_dice_s0,0,8990,oracle,1.5,0.5,0.92079,0.81525,30469
VessMAP,5.657,A_dice,A_dice_s0,0,8990,oracle,1.5,1.0,0.9208,0.72536,36875
VessMAP,5.657,A_dice,A_dice_s0,0,8990,oracle,2.0,0.0,0.91973,0.86844,27276
VessMAP,5.657,A_dice,A_dice_s0,0,8990,oracle,2.0,0.25,0.91973,0.83588,29191
VessMAP,5.657,A_dice,A_dice_s0,0,8990,oracle,2.0,0.5,0.9208,0.79114,32053
VessMAP,5.657,A_dice,A_dice_s0,0,8990,oracle,2.0,1.0,0.92081,0.71428,37798
VessMAP,5.657,A_dice,A_dice_s0,0,9000,raw,0.0,0.0,0.4884,0.92762,18212
VessMAP,5.657,A_dice,A_dice_s0,0,9000,isotropic,0.25,0.25,0.87113,0.85683,23543
VessMAP,5.657,A_dice,A_dice_s0,0,9000,isotropic,0.5,0.5,0.88213,0.77676,28440
VessMAP,5.657,A_dice,A_dice_s0,0,9000,isotropic,0.75,0.75,0.92199,0.6974,34105
VessMAP,5.657,A_dice,A_dice_s0,0,9000,isotropic,1.0,1.0,0.92545,0.64772,38237
VessMAP,5.657,A_dice,A_dice_s0,0,9000,isotropic,1.5,1.5,0.92977,0.57033,46051
VessMAP,5.657,A_dice,A_dice_s0,0,9000,oracle,0.0,0.25,0.50892,0.90462,19972
VessMAP,5.657,A_dice,A_dice_s0,0,9000,oracle,0.0,0.5,0.86526,0.83323,24647
VessMAP,5.657,A_dice,A_dice_s0,0,9000,oracle,0.0,1.0,0.86944,0.70571,32960
VessMAP,5.657,A_dice,A_dice_s0,0,9000,oracle,0.5,0.0,0.87366,0.91501,20262
VessMAP,5.657,A_dice,A_dice_s0,0,9000,oracle,0.5,0.25,0.87791,0.85496,23827
VessMAP,5.657,A_dice,A_dice_s0,0,9000,oracle,0.5,0.5,0.88129,0.77819,28338
VessMAP,5.657,A_dice,A_dice_s0,0,9000,oracle,0.5,1.0,0.88383,0.65919,37055
VessMAP,5.657,A_dice,A_dice_s0,0,9000,oracle,1.0,0.0,0.88551,0.89305,21907
VessMAP,5.657,A_dice,A_dice_s0,0,9000,oracle,1.0,0.25,0.88976,0.83635,25179
VessMAP,5.657,A_dice,A_dice_s0,0,9000,oracle,1.0,0.5,0.92458,0.76179,29671
VessMAP,5.657,A_dice,A_dice_s0,0,9000,oracle,1.0,1.0,0.92545,0.64809,38202
VessMAP,5.657,A_dice,A_dice_s0,0,9000,oracle,1.5,0.0,0.92113,0.86103,23786
VessMAP,5.657,A_dice,A_dice_s0,0,9000,oracle,1.5,0.25,0.92718,0.80386,27174
VessMAP,5.657,A_dice,A_dice_s0,0,9000,oracle,1.5,0.5,0.92804,0.74243,31037
VessMAP,5.657,A_dice,A_dice_s0,0,9000,oracle,1.5,1.0,0.92891,0.63886,39107
VessMAP,5.657,A_dice,A_dice_s0,0,9000,oracle,2.0,0.0,0.92891,0.79845,27431
VessMAP,5.657,A_dice,A_dice_s0,0,9000,oracle,2.0,0.25,0.93237,0.76033,29906
VessMAP,5.657,A_dice,A_dice_s0,0,9000,oracle,2.0,0.5,0.93498,0.70858,33491
VessMAP,5.657,A_dice,A_dice_s0,0,9000,oracle,2.0,1.0,0.93498,0.6246,40529
VessMAP,5.657,A_dice,A_dice_s0,0,9284,raw,0.0,0.0,0.97711,0.96831,31553
VessMAP,5.657,A_dice,A_dice_s0,0,9284,isotropic,0.25,0.25,0.99259,0.85037,41403
VessMAP,5.657,A_dice,A_dice_s0,0,9284,isotropic,0.5,0.5,0.99666,0.77322,48717
VessMAP,5.657,A_dice,A_dice_s0,0,9284,isotropic,0.75,0.75,0.9974,0.7169,54992
VessMAP,5.657,A_dice,A_dice_s0,0,9284,isotropic,1.0,1.0,0.9974,0.69052,58268
VessMAP,5.657,A_dice,A_dice_s0,0,9284,isotropic,1.5,1.5,0.9974,0.65821,62639
VessMAP,5.657,A_dice,A_dice_s0,0,9284,oracle,0.0,0.25,0.98778,0.91873,35484
VessMAP,5.657,A_dice,A_dice_s0,0,9284,oracle,0.0,0.5,0.99074,0.82394,43686
VessMAP,5.657,A_dice,A_dice_s0,0,9284,oracle,0.0,1.0,0.99518,0.7219,54340
VessMAP,5.657,A_dice,A_dice_s0,0,9284,oracle,0.5,0.0,0.99148,0.93585,34616
VessMAP,5.657,A_dice,A_dice_s0,0,9284,oracle,0.5,0.25,0.9937,0.84881,41568
VessMAP,5.657,A_dice,A_dice_s0,0,9284,oracle,0.5,0.5,0.99592,0.77781,48243
VessMAP,5.657,A_dice,A_dice_s0,0,9284,oracle,0.5,1.0,0.9974,0.69512,57679
VessMAP,5.657,A_dice,A_dice_s0,0,9284,oracle,1.0,0.0,0.99444,0.91,36634
VessMAP,5.657,A_dice,A_dice_s0,0,9284,oracle,1.0,0.25,0.99592,0.8357,42763
VessMAP,5.657,A_dice,A_dice_s0,0,9284,oracle,1.0,0.5,0.9974,0.7654,49553
VessMAP,5.657,A_dice,A_dice_s0,0,9284,oracle,1.0,1.0,0.9974,0.69145,58148
VessMAP,5.657,A_dice,A_dice_s0,0,9284,oracle,1.5,0.0,0.99518,0.86787,39966
VessMAP,5.657,A_dice,A_dice_s0,0,9284,oracle,1.5,0.25,0.99703,0.80517,45576
VessMAP,5.657,A_dice,A_dice_s0,0,9284,oracle,1.5,0.5,0.9974,0.75493,50672
VessMAP,5.657,A_dice,A_dice_s0,0,9284,oracle,1.5,1.0,0.9974,0.6886,58516
VessMAP,5.657,A_dice,A_dice_s0,0,9284,oracle,2.0,0.0,0.99629,0.78485,47539
VessMAP,5.657,A_dice,A_dice_s0,0,9284,oracle,2.0,0.25,0.9974,0.75439,50730
VessMAP,5.657,A_dice,A_dice_s0,0,9284,oracle,2.0,0.5,0.9974,0.72495,54040
VessMAP,5.657,A_dice,A_dice_s0,0,9284,oracle,2.0,1.0,0.9974,0.6842,59091
VessMAP,5.657,A_dice,A_dice_s0,0,9452,raw,0.0,0.0,0.78183,0.94418,20777
VessMAP,5.657,A_dice,A_dice_s0,0,9452,isotropic,0.25,0.25,0.886,0.81118,30452
VessMAP,5.657,A_dice,A_dice_s0,0,9452,isotropic,0.5,0.5,0.90004,0.70936,38283
VessMAP,5.657,A_dice,A_dice_s0,0,9452,isotropic,0.75,0.75,0.91245,0.62867,46163
VessMAP,5.657,A_dice,A_dice_s0,0,9452,isotropic,1.0,1.0,0.91546,0.58784,50929
VessMAP,5.657,A_dice,A_dice_s0,0,9452,isotropic,1.5,1.5,0.92279,0.5348,58344
VessMAP,5.657,A_dice,A_dice_s0,0,9452,oracle,0.0,0.25,0.82601,0.88564,24742
VessMAP,5.657,A_dice,A_dice_s0,0,9452,oracle,0.0,0.5,0.87128,0.77414,32764
VessMAP,5.657,A_dice,A_dice_s0,0,9452,oracle,0.0,1.0,0.89195,0.64197,44281
VessMAP,5.657,A_dice,A_dice_s0,0,9452,oracle,0.5,0.0,0.88257,0.91273,24184
VessMAP,5.657,A_dice,A_dice_s0,0,9452,oracle,0.5,0.25,0.8945,0.80879,30761
VessMAP,5.657,A_dice,A_dice_s0,0,9452,oracle,0.5,0.5,0.90004,0.7135,37932
VessMAP,5.657,A_dice,A_dice_s0,0,9452,oracle,0.5,1.0,0.90731,0.5956,49809
VessMAP,5.657,A_dice,A_dice_s0,0,9452,oracle,1.0,0.0,0.89576,0.86986,27002
VessMAP,5.657,A_dice,A_dice_s0,0,9452,oracle,1.0,0.25,0.90645,0.77981,33001
VessMAP,5.657,A_dice,A_dice_s0,0,9452,oracle,1.0,0.5,0.91245,0.6935,39858
VessMAP,5.657,A_dice,A_dice_s0,0,9452,oracle,1.0,1.0,0.91546,0.58888,50802
VessMAP,5.657,A_dice,A_dice_s0,0,9452,oracle,1.5,0.0,0.90045,0.80622,31071
VessMAP,5.657,A_dice,A_dice_s0,0,9452,oracle,1.5,0.25,0.91374,0.72599,37181
VessMAP,5.657,A_dice,A_dice_s0,0,9452,oracle,1.5,0.5,0.91848,0.66756,42370
VessMAP,5.657,A_dice,A_dice_s0,0,9452,oracle,1.5,1.0,0.91977,0.58231,51750
VessMAP,5.657,A_dice,A_dice_s0,0,9452,oracle,2.0,0.0,0.91545,0.70972,38569
VessMAP,5.657,A_dice,A_dice_s0,0,9452,oracle,2.0,0.25,0.91762,0.66786,42389
VessMAP,5.657,A_dice,A_dice_s0,0,9452,oracle,2.0,0.5,0.9202,0.62512,46803
VessMAP,5.657,A_dice,A_dice_s0,0,9452,oracle,2.0,1.0,0.92236,0.5688,53621
VessMAP,5.657,A_dice,A_dice_s0,0,9523,raw,0.0,0.0,0.5323,0.92768,14662
VessMAP,5.657,A_dice,A_dice_s0,0,9523,isotropic,0.25,0.25,0.76271,0.87124,18261
VessMAP,5.657,A_dice,A_dice_s0,0,9523,isotropic,0.5,0.5,0.82053,0.80204,21611
VessMAP,5.657,A_dice,A_dice_s0,0,9523,isotropic,0.75,0.75,0.83544,0.72821,25628
VessMAP,5.657,A_dice,A_dice_s0,0,9523,isotropic,1.0,1.0,0.84419,0.67974,28730
VessMAP,5.657,A_dice,A_dice_s0,0,9523,isotropic,1.5,1.5,0.86692,0.59896,35069
VessMAP,5.657,A_dice,A_dice_s0,0,9523,oracle,0.0,0.25,0.57289,0.90946,15816
VessMAP,5.657,A_dice,A_dice_s0,0,9523,oracle,0.0,0.5,0.75555,0.85254,18938
VessMAP,5.657,A_dice,A_dice_s0,0,9523,oracle,0.0,1.0,0.75911,0.73785,24595
VessMAP,5.657,A_dice,A_dice_s0,0,9523,oracle,0.5,0.0,0.59116,0.91799,16100
VessMAP,5.657,A_dice,A_dice_s0,0,9523,oracle,0.5,0.25,0.77227,0.86849,18524
VessMAP,5.657,A_dice,A_dice_s0,0,9523,oracle,0.5,0.5,0.81806,0.80585,21429
VessMAP,5.657,A_dice,A_dice_s0,0,9523,oracle,0.5,1.0,0.82301,0.69252,27600
VessMAP,5.657,A_dice,A_dice_s0,0,9523,oracle,1.0,0.0,0.82673,0.89969,17323
VessMAP,5.657,A_dice,A_dice_s0,0,9523,oracle,1.0,0.25,0.83419,0.84952,19634
VessMAP,5.657,A_dice,A_dice_s0,0,9523,oracle,1.0,0.5,0.83669,0.78651,22624
VessMAP,5.657,A_dice,A_dice_s0,0,9523,oracle,1.0,1.0,0.84419,0.68104,28646
VessMAP,5.657,A_dice,A_dice_s0,0,9523,oracle,1.5,0.0,0.84044,0.87424,18599
VessMAP,5.657,A_dice,A_dice_s0,0,9523,oracle,1.5,0.25,0.85678,0.82344,21087
VessMAP,5.657,A_dice,A_dice_s0,0,9523,oracle,1.5,0.5,0.85678,0.76868,23771
VessMAP,5.657,A_dice,A_dice_s0,0,9523,oracle,1.5,1.0,0.86184,0.6718,29518
VessMAP,5.657,A_dice,A_dice_s0,0,9523,oracle,2.0,0.0,0.85174,0.82094,21166
VessMAP,5.657,A_dice,A_dice_s0,0,9523,oracle,2.0,0.25,0.86565,0.78792,22952
VessMAP,5.657,A_dice,A_dice_s0,0,9523,oracle,2.0,0.5,0.86946,0.73997,25497
VessMAP,5.657,A_dice,A_dice_s0,0,9523,oracle,2.0,1.0,0.87201,0.65785,30638
VessMAP,5.657,A_dice,A_dice_s0,0,9593,raw,0.0,0.0,0.363,0.92974,10944
VessMAP,5.657,A_dice,A_dice_s0,0,9593,isotropic,0.25,0.25,0.73919,0.76747,16667
VessMAP,5.657,A_dice,A_dice_s0,0,9593,isotropic,0.5,0.5,0.79502,0.65626,21723
VessMAP,5.657,A_dice,A_dice_s0,0,9593,isotropic,0.75,0.75,0.81343,0.56627,27291
VessMAP,5.657,A_dice,A_dice_s0,0,9593,isotropic,1.0,1.0,0.84215,0.51279,31534
VessMAP,5.657,A_dice,A_dice_s0,0,9593,isotropic,1.5,1.5,0.85317,0.43431,39434
VessMAP,5.657,A_dice,A_dice_s0,0,9593,oracle,0.0,0.25,0.36466,0.88277,12413
VessMAP,5.657,A_dice,A_dice_s0,0,9593,oracle,0.0,0.5,0.37028,0.73574,17698
VessMAP,5.657,A_dice,A_dice_s0,0,9593,oracle,0.0,1.0,0.37798,0.56609,26558
VessMAP,5.657,A_dice,A_dice_s0,0,9593,oracle,0.5,0.0,0.37763,0.88322,12897
VessMAP,5.657,A_dice,A_dice_s0,0,9593,oracle,0.5,0.25,0.74881,0.76545,16881
VessMAP,5.657,A_dice,A_dice_s0,0,9593,oracle,0.5,0.5,0.75922,0.65912,21566
VessMAP,5.657,A_dice,A_dice_s0,0,9593,oracle,0.5,1.0,0.80572,0.52485,30150
VessMAP,5.657,A_dice,A_dice_s0,0,9593,oracle,1.0,0.0,0.79422,0.82661,14913
VessMAP,5.657,A_dice,A_dice_s0,0,9593,oracle,1.0,0.25,0.80574,0.7351,18414
VessMAP,5.657,A_dice,A_dice_s0,0,9593,oracle,1.0,0.5,0.83588,0.63963,22976
VessMAP,5.657,A_dice,A_dice_s0,0,9593,oracle,1.0,1.0,0.84136,0.51367,31457
VessMAP,5.657,A_dice,A_dice_s0,0,9593,oracle,1.5,0.0,0.80419,0.75629,17591
VessMAP,5.657,A_dice,A_dice_s0,0,9593,oracle,1.5,0.25,0.83588,0.67294,21335
VessMAP,5.657,A_dice,A_dice_s0,0,9593,oracle,1.5,0.5,0.84293,0.60545,25057
VessMAP,5.657,A_dice,A_dice_s0,0,9593,oracle,1.5,1.0,0.84765,0.50263,32516
VessMAP,5.657,A_dice,A_dice_s0,0,9593,oracle,2.0,0.0,0.81727,0.6515,22404
VessMAP,5.657,A_dice,A_dice_s0,0,9593,oracle,2.0,0.25,0.84372,0.60148,25345
VessMAP,5.657,A_dice,A_dice_s0,0,9593,oracle,2.0,0.5,0.85238,0.55229,28654
VessMAP,5.657,A_dice,A_dice_s0,0,9593,oracle,2.0,1.0,0.85396,0.48181,34503
VessMAP,5.657,A_dice,A_dice_s0,0,9710,raw,0.0,0.0,0.28313,0.90011,30119
VessMAP,5.657,A_dice,A_dice_s0,0,9710,isotropic,0.25,0.25,0.8642,0.81505,41111
VessMAP,5.657,A_dice,A_dice_s0,0,9710,isotropic,0.5,0.5,0.91156,0.75817,47896
VessMAP,5.657,A_dice,A_dice_s0,0,9710,isotropic,0.75,0.75,0.95182,0.71592,53912
VessMAP,5.657,A_dice,A_dice_s0,0,9710,isotropic,1.0,1.0,0.97081,0.69486,57202
VessMAP,5.657,A_dice,A_dice_s0,0,9710,isotropic,1.5,1.5,0.98925,0.66707,61503
VessMAP,5.657,A_dice,A_dice_s0,0,9710,oracle,0.0,0.25,0.42147,0.8672,33971
VessMAP,5.657,A_dice,A_dice_s0,0,9710,oracle,0.0,0.5,0.84322,0.79883,41843
VessMAP,5.657,A_dice,A_dice_s0,0,9710,oracle,0.0,1.0,0.89352,0.72659,50873
VessMAP,5.657,A_dice,A_dice_s0,0,9710,oracle,0.5,0.0,0.86177,0.86891,35883
VessMAP,5.657,A_dice,A_dice_s0,0,9710,oracle,0.5,0.25,0.89106,0.8101,42151
VessMAP,5.657,A_dice,A_dice_s0,0,9710,oracle,0.5,0.5,0.9105,0.75993,47674
VessMAP,5.657,A_dice,A_dice_s0,0,9710,oracle,0.5,1.0,0.94313,0.7006,55573
VessMAP,5.657,A_dice,A_dice_s0,0,9710,oracle,1.0,0.0,0.9073,0.83455,40373
VessMAP,5.657,A_dice,A_dice_s0,0,9710,oracle,1.0,0.25,0.93879,0.78594,45800
VessMAP,5.657,A_dice,A_dice_s0,0,9710,oracle,1.0,0.5,0.95073,0.74496,50591
VessMAP,5.657,A_dice,A_dice_s0,0,9710,oracle,1.0,1.0,0.97045,0.69515,57151
VessMAP,5.657,A_dice,A_dice_s0,0,9710,oracle,1.5,0.0,0.93446,0.79538,44949
VessMAP,5.657,A_dice,A_dice_s0,0,9710,oracle,1.5,0.25,0.95838,0.75125,50277
VessMAP,5.657,A_dice,A_dice_s0,0,9710,oracle,1.5,0.5,0.96971,0.72522,53556
VessMAP,5.657,A_dice,A_dice_s0,0,9710,oracle,1.5,1.0,0.98518,0.6888,58504
VessMAP,5.657,A_dice,A_dice_s0,0,9710,oracle,2.0,0.0,0.95365,0.7384,51701
VessMAP,5.657,A_dice,A_dice_s0,0,9710,oracle,2.0,0.25,0.96971,0.71875,54380
VessMAP,5.657,A_dice,A_dice_s0,0,9710,oracle,2.0,0.5,0.98148,0.70088,56817
VessMAP,5.657,A_dice,A_dice_s0,0,9710,oracle,2.0,1.0,0.99073,0.67783,60058
VessMAP,5.657,A_dice,A_dice_s0,0,9860,raw,0.0,0.0,0.5155,0.9314,16222
VessMAP,5.657,A_dice,A_dice_s0,0,9860,isotropic,0.25,0.25,0.54866,0.79923,22866
VessMAP,5.657,A_dice,A_dice_s0,0,9860,isotropic,0.5,0.5,0.5875,0.69752,28865
VessMAP,5.657,A_dice,A_dice_s0,0,9860,isotropic,0.75,0.75,0.59614,0.60921,35663
VessMAP,5.657,A_dice,A_dice_s0,0,9860,isotropic,1.0,1.0,0.60048,0.55903,40482
VessMAP,5.657,A_dice,A_dice_s0,0,9860,isotropic,1.5,1.5,0.60959,0.48621,49307
VessMAP,5.657,A_dice,A_dice_s0,0,9860,oracle,0.0,0.25,0.53,0.88021,18575
VessMAP,5.657,A_dice,A_dice_s0,0,9860,oracle,0.0,0.5,0.54336,0.7662,24416
VessMAP,5.657,A_dice,A_dice_s0,0,9860,oracle,0.0,1.0,0.54785,0.61937,34228
VessMAP,5.657,A_dice,A_dice_s0,0,9860,oracle,0.5,0.0,0.54717,0.89225,18606
VessMAP,5.657,A_dice,A_dice_s0,0,9860,oracle,0.5,0.25,0.58425,0.79673,23136
VessMAP,5.657,A_dice,A_dice_s0,0,9860,oracle,0.5,0.5,0.58646,0.70307,28505
VessMAP,5.657,A_dice,A_dice_s0,0,9860,oracle,0.5,1.0,0.59432,0.56842,39268
VessMAP,5.657,A_dice,A_dice_s0,0,9860,oracle,1.0,0.0,0.58612,0.84495,20922
VessMAP,5.657,A_dice,A_dice_s0,0,9860,oracle,1.0,0.25,0.59258,0.76499,25047
VessMAP,5.657,A_dice,A_dice_s0,0,9860,oracle,1.0,0.5,0.59691,0.67988,30329
VessMAP,5.657,A_dice,A_dice_s0,0,9860,oracle,1.0,1.0,0.60048,0.5603,40347
VessMAP,5.657,A_dice,A_dice_s0,0,9860,oracle,1.5,0.0,0.58856,0.78262,24079
VessMAP,5.657,A_dice,A_dice_s0,0,9860,oracle,1.5,0.25,0.59775,0.70784,28570
VessMAP,5.657,A_dice,A_dice_s0,0,9860,oracle,1.5,0.5,0.60143,0.64792,32799
VessMAP,5.657,A_dice,A_dice_s0,0,9860,oracle,1.5,1.0,0.60535,0.55087,41522
VessMAP,5.657,A_dice,A_dice_s0,0,9860,oracle,2.0,0.0,0.59328,0.68772,29798
VessMAP,5.657,A_dice,A_dice_s0,0,9860,oracle,2.0,0.25,0.61765,0.64472,33072
VessMAP,5.657,A_dice,A_dice_s0,0,9860,oracle,2.0,0.5,0.62021,0.59899,36895
VessMAP,5.657,A_dice,A_dice_s0,0,9860,oracle,2.0,1.0,0.62357,0.53122,43785
VessMAP,5.657,A_dice,A_dice_s1,1,7577,raw,0.0,0.0,0.86984,0.94562,26035
VessMAP,5.657,A_dice,A_dice_s1,1,7577,isotropic,0.25,0.25,0.95677,0.84924,35048
VessMAP,5.657,A_dice,A_dice_s1,1,7577,isotropic,0.5,0.5,0.97107,0.76816,41976
VessMAP,5.657,A_dice,A_dice_s1,1,7577,isotropic,0.75,0.75,0.98242,0.70308,48642
VessMAP,5.657,A_dice,A_dice_s1,1,7577,isotropic,1.0,1.0,0.98812,0.66817,52728
VessMAP,5.657,A_dice,A_dice_s1,1,7577,isotropic,1.5,1.5,0.99251,0.62016,59056
VessMAP,5.657,A_dice,A_dice_s1,1,7577,oracle,0.0,0.25,0.93146,0.90539,29604
VessMAP,5.657,A_dice,A_dice_s1,1,7577,oracle,0.0,0.5,0.95073,0.82385,36809
VessMAP,5.657,A_dice,A_dice_s1,1,7577,oracle,0.0,1.0,0.96499,0.71328,47190
VessMAP,5.657,A_dice,A_dice_s1,1,7577,oracle,0.5,0.0,0.94901,0.92522,29344
VessMAP,5.657,A_dice,A_dice_s1,1,7577,oracle,0.5,0.25,0.96282,0.84612,35429
VessMAP,5.657,A_dice,A_dice_s1,1,7577,oracle,0.5,0.5,0.97064,0.77196,41636
VessMAP,5.657,A_dice,A_dice_s1,1,7577,oracle,0.5,1.0,0.98198,0.67643,51615
VessMAP,5.657,A_dice,A_dice_s1,1,7577,oracle,1.0,0.0,0.96369,0.89576,31838
VessMAP,5.657,A_dice,A_dice_s1,1,7577,oracle,1.0,0.25,0.97281,0.82549,37282
VessMAP,5.657,A_dice,A_dice_s1,1,7577,oracle,1.0,0.5,0.97936,0.75558,43369
VessMAP,5.657,A_dice,A_dice_s1,1,7577,oracle,1.0,1.0,0.98812,0.66918,52609
VessMAP,5.657,A_dice,A_dice_s1,1,7577,oracle,1.5,0.0,0.96673,0.85361,34976
VessMAP,5.657,A_dice,A_dice_s1,1,7577,oracle,1.5,0.25,0.97805,0.79155,40172
VessMAP,5.657,A_dice,A_dice_s1,1,7577,oracle,1.5,0.5,0.98417,0.73923,45041
VessMAP,5.657,A_dice,A_dice_s1,1,7577,oracle,1.5,1.0,0.99163,0.66315,53425
VessMAP,5.657,A_dice,A_dice_s1,1,7577,oracle,2.0,0.0,0.97194,0.77893,41138
VessMAP,5.657,A_dice,A_dice_s1,1,7577,oracle,2.0,0.25,0.98111,0.74367,44576
VessMAP,5.657,A_dice,A_dice_s1,1,7577,oracle,2.0,0.5,0.98768,0.70697,48395
VessMAP,5.657,A_dice,A_dice_s1,1,7577,oracle,2.0,1.0,0.99559,0.65393,54673
VessMAP,5.657,A_dice,A_dice_s1,1,7783,raw,0.0,0.0,0.79582,0.91387,24125
VessMAP,5.657,A_dice,A_dice_s1,1,7783,isotropic,0.25,0.25,0.85693,0.80976,33945
VessMAP,5.657,A_dice,A_dice_s1,1,7783,isotropic,0.5,0.5,0.88007,0.72179,41937
VessMAP,5.657,A_dice,A_dice_s1,1,7783,isotropic,0.75,0.75,0.93088,0.65315,49627
VessMAP,5.657,A_dice,A_dice_s1,1,7783,isotropic,1.0,1.0,0.93874,0.61897,54093
VessMAP,5.657,A_dice,A_dice_s1,1,7783,isotropic,1.5,1.5,0.95545,0.57557,60507
VessMAP,5.657,A_dice,A_dice_s1,1,7783,oracle,0.0,0.25,0.8027,0.87207,27713
VessMAP,5.657,A_dice,A_dice_s1,1,7783,oracle,0.0,0.5,0.84774,0.78278,35768
VessMAP,5.657,A_dice,A_dice_s1,1,7783,oracle,0.0,1.0,0.8657,0.6631,47734
VessMAP,5.657,A_dice,A_dice_s1,1,7783,oracle,0.5,0.0,0.85192,0.88899,27790
VessMAP,5.657,A_dice,A_dice_s1,1,7783,oracle,0.5,0.25,0.87246,0.80683,34440
VessMAP,5.657,A_dice,A_dice_s1,1,7783,oracle,0.5,0.5,0.87965,0.72449,41670
VessMAP,5.657,A_dice,A_dice_s1,1,7783,oracle,0.5,1.0,0.92263,0.62559,52817
VessMAP,5.657,A_dice,A_dice_s1,1,7783,oracle,1.0,0.0,0.88051,0.85258,31098
VessMAP,5.657,A_dice,A_dice_s1,1,7783,oracle,1.0,0.25,0.92348,0.78131,37003
VessMAP,5.657,A_dice,A_dice_s1,1,7783,oracle,1.0,0.5,0.93044,0.70714,43834
VessMAP,5.657,A_dice,A_dice_s1,1,7783,oracle,1.0,1.0,0.93874,0.61956,54002
VessMAP,5.657,A_dice,A_dice_s1,1,7783,oracle,1.5,0.0,0.92088,0.80147,35243
VessMAP,5.657,A_dice,A_dice_s1,1,7783,oracle,1.5,0.25,0.93088,0.73587,41220
VessMAP,5.657,A_dice,A_dice_s1,1,7783,oracle,1.5,0.5,0.9383,0.68431,46415
VessMAP,5.657,A_dice,A_dice_s1,1,7783,oracle,1.5,1.0,0.94401,0.61297,55084
VessMAP,5.657,A_dice,A_dice_s1,1,7783,oracle,2.0,0.0,0.93044,0.71677,42952
VessMAP,5.657,A_dice,A_dice_s1,1,7783,oracle,2.0,0.25,0.93699,0.68143,46750
VessMAP,5.657,A_dice,A_dice_s1,1,7783,oracle,2.0,0.5,0.94444,0.64578,50904
VessMAP,5.657,A_dice,A_dice_s1,1,7783,oracle,2.0,1.0,0.95148,0.60049,56931
VessMAP,5.657,A_dice,A_dice_s1,1,7865,raw,0.0,0.0,0.79919,0.88315,21225
VessMAP,5.657,A_dice,A_dice_s1,1,7865,isotropic,0.25,0.25,0.9264,0.74449,30170
VessMAP,5.657,A_dice,A_dice_s1,1,7865,isotropic,0.5,0.5,0.93896,0.65241,37412
VessMAP,5.657,A_dice,A_dice_s1,1,7865,isotropic,0.75,0.75,0.95111,0.57896,44875
VessMAP,5.657,A_dice,A_dice_s1,1,7865,isotropic,1.0,1.0,0.95893,0.54195,49497
VessMAP,5.657,A_dice,A_dice_s1,1,7865,isotropic,1.5,1.5,0.96875,0.49204,56802
VessMAP,5.657,A_dice,A_dice_s1,1,7865,oracle,0.0,0.25,0.8507,0.82525,24599
VessMAP,5.657,A_dice,A_dice_s1,1,7865,oracle,0.0,0.5,0.92447,0.71932,31820
VessMAP,5.657,A_dice,A_dice_s1,1,7865,oracle,0.0,1.0,0.9375,0.59277,43078
VessMAP,5.657,A_dice,A_dice_s1,1,7865,oracle,0.5,0.0,0.87344,0.828,24868
VessMAP,5.657,A_dice,A_dice_s1,1,7865,oracle,0.5,0.25,0.93363,0.73816,30724
VessMAP,5.657,A_dice,A_dice_s1,1,7865,oracle,0.5,0.5,0.93847,0.65529,37153
VessMAP,5.657,A_dice,A_dice_s1,1,7865,oracle,0.5,1.0,0.95257,0.55061,48203
VessMAP,5.657,A_dice,A_dice_s1,1,7865,oracle,1.0,0.0,0.93267,0.77717,28164
VessMAP,5.657,A_dice,A_dice_s1,1,7865,oracle,1.0,0.25,0.94186,0.70406,33385
VessMAP,5.657,A_dice,A_dice_s1,1,7865,oracle,1.0,0.5,0.94867,0.63253,39442
VessMAP,5.657,A_dice,A_dice_s1,1,7865,oracle,1.0,1.0,0.95795,0.54244,49416
VessMAP,5.657,A_dice,A_dice_s1,1,7865,oracle,1.5,0.0,0.93653,0.71884,32193
VessMAP,5.657,A_dice,A_dice_s1,1,7865,oracle,1.5,0.25,0.94624,0.65479,37489
VessMAP,5.657,A_dice,A_dice_s1,1,7865,oracle,1.5,0.5,0.95306,0.60786,41957
VessMAP,5.657,A_dice,A_dice_s1,1,7865,oracle,1.5,1.0,0.96383,0.53517,50535
VessMAP,5.657,A_dice,A_dice_s1,1,7865,oracle,2.0,0.0,0.94478,0.63508,39240
VessMAP,5.657,A_dice,A_dice_s1,1,7865,oracle,2.0,0.25,0.94867,0.60099,42677
VessMAP,5.657,A_dice,A_dice_s1,1,7865,oracle,2.0,0.5,0.9604,0.56781,46418
VessMAP,5.657,A_dice,A_dice_s1,1,7865,oracle,2.0,1.0,0.96924,0.52132,52476
VessMAP,5.657,A_dice,A_dice_s1,1,8065,raw,0.0,0.0,0.20568,0.9491,9330
VessMAP,5.657,A_dice,A_dice_s1,1,8065,isotropic,0.25,0.25,0.41052,0.83681,12512
VessMAP,5.657,A_dice,A_dice_s1,1,8065,isotropic,0.5,0.5,0.41117,0.73722,15461
VessMAP,5.657,A_dice,A_dice_s1,1,8065,isotropic,0.75,0.75,0.41283,0.64708,18914
VessMAP,5.657,A_dice,A_dice_s1,1,8065,isotropic,1.0,1.0,0.4135,0.59152,21568
VessMAP,5.657,A_dice,A_dice_s1,1,8065,isotropic,1.5,1.5,0.4135,0.49897,27249
VessMAP,5.657,A_dice,A_dice_s1,1,8065,oracle,0.0,0.25,0.40926,0.90522,10504
VessMAP,5.657,A_dice,A_dice_s1,1,8065,oracle,0.0,0.5,0.41085,0.80977,13215
VessMAP,5.657,A_dice,A_dice_s1,1,8065,oracle,0.0,1.0,0.41118,0.6587,18405
VessMAP,5.657,A_dice,A_dice_s1,1,8065,oracle,0.5,0.0,0.41052,0.92471,10321
VessMAP,5.657,A_dice,A_dice_s1,1,8065,oracle,0.5,0.25,0.41052,0.83351,12607
VessMAP,5.657,A_dice,A_dice_s1,1,8065,oracle,0.5,0.5,0.41085,0.74208,15298
VessMAP,5.657,A_dice,A_dice_s1,1,8065,oracle,0.5,1.0,0.4135,0.60355,20948
VessMAP,5.657,A_dice,A_dice_s1,1,8065,oracle,1.0,0.0,0.41085,0.88568,11297
VessMAP,5.657,A_dice,A_dice_s1,1,8065,oracle,1.0,0.25,0.41085,0.80785,13310
VessMAP,5.657,A_dice,A_dice_s1,1,8065,oracle,1.0,0.5,0.4115,0.71957,16071
VessMAP,5.657,A_dice,A_dice_s1,1,8065,oracle,1.0,1.0,0.4135,0.59305,21489
VessMAP,5.657,A_dice,A_dice_s1,1,8065,oracle,1.5,0.0,0.41085,0.83488,12557
VessMAP,5.657,A_dice,A_dice_s1,1,8065,oracle,1.5,0.25,0.41117,0.76193,14666
VessMAP,5.657,A_dice,A_dice_s1,1,8065,oracle,1.5,0.5,0.41183,0.69412,16995
VessMAP,5.657,A_dice,A_dice_s1,1,8065,oracle,1.5,1.0,0.4135,0.58294,22019
VessMAP,5.657,A_dice,A_dice_s1,1,8065,oracle,2.0,0.0,0.41085,0.74823,15079
VessMAP,5.657,A_dice,A_dice_s1,1,8065,oracle,2.0,0.25,0.41117,0.7023,16683
VessMAP,5.657,A_dice,A_dice_s1,1,8065,oracle,2.0,0.5,0.41283,0.64879,18834
VessMAP,5.657,A_dice,A_dice_s1,1,8065,oracle,2.0,1.0,0.4135,0.56362,23084
VessMAP,5.657,A_dice,A_dice_s1,1,8196,raw,0.0,0.0,0.78188,0.92516,22242
VessMAP,5.657,A_dice,A_dice_s1,1,8196,isotropic,0.25,0.25,0.89682,0.79229,31968
VessMAP,5.657,A_dice,A_dice_s1,1,8196,isotropic,0.5,0.5,0.90928,0.69406,39917
VessMAP,5.657,A_dice,A_dice_s1,1,8196,isotropic,0.75,0.75,0.91664,0.61617,47973
VessMAP,5.657,A_dice,A_dice_s1,1,8196,isotropic,1.0,1.0,0.92444,0.57705,52844
VessMAP,5.657,A_dice,A_dice_s1,1,8196,isotropic,1.5,1.5,0.93099,0.52893,59860
VessMAP,5.657,A_dice,A_dice_s1,1,8196,oracle,0.0,0.25,0.87344,0.87432,25705
VessMAP,5.657,A_dice,A_dice_s1,1,8196,oracle,0.0,0.5,0.88107,0.76071,34059
VessMAP,5.657,A_dice,A_dice_s1,1,8196,oracle,0.0,1.0,0.89214,0.62746,46393
VessMAP,5.657,A_dice,A_dice_s1,1,8196,oracle,0.5,0.0,0.89426,0.88461,25858
VessMAP,5.657,A_dice,A_dice_s1,1,8196,oracle,0.5,0.25,0.90283,0.78798,32388
VessMAP,5.657,A_dice,A_dice_s1,1,8196,oracle,0.5,0.5,0.90928,0.69811,39558
VessMAP,5.657,A_dice,A_dice_s1,1,8196,oracle,0.5,1.0,0.92009,0.58523,51667
VessMAP,5.657,A_dice,A_dice_s1,1,8196,oracle,1.0,0.0,0.90326,0.83644,29149
VessMAP,5.657,A_dice,A_dice_s1,1,8196,oracle,1.0,0.25,0.91318,0.75487,35033
VessMAP,5.657,A_dice,A_dice_s1,1,8196,oracle,1.0,0.5,0.9175,0.67545,41837
VessMAP,5.657,A_dice,A_dice_s1,1,8196,oracle,1.0,1.0,0.92444,0.57782,52744
VessMAP,5.657,A_dice,A_dice_s1,1,8196,oracle,1.5,0.0,0.90714,0.77091,33694
VessMAP,5.657,A_dice,A_dice_s1,1,8196,oracle,1.5,0.25,0.91794,0.69929,39715
VessMAP,5.657,A_dice,A_dice_s1,1,8196,oracle,1.5,0.5,0.92445,0.64691,44807
VessMAP,5.657,A_dice,A_dice_s1,1,8196,oracle,1.5,1.0,0.92924,0.57028,53877
VessMAP,5.657,A_dice,A_dice_s1,1,8196,oracle,2.0,0.0,0.91233,0.67667,41696
VessMAP,5.657,A_dice,A_dice_s1,1,8196,oracle,2.0,0.25,0.91968,0.63808,45704
VessMAP,5.657,A_dice,A_dice_s1,1,8196,oracle,2.0,0.5,0.92707,0.60396,49634
VessMAP,5.657,A_dice,A_dice_s1,1,8196,oracle,2.0,1.0,0.93231,0.55639,55847
VessMAP,5.657,A_dice,A_dice_s1,1,8256,raw,0.0,0.0,0.38338,0.91867,9398
VessMAP,5.657,A_dice,A_dice_s1,1,8256,isotropic,0.25,0.25,0.38817,0.81487,12476
VessMAP,5.657,A_dice,A_dice_s1,1,8256,isotropic,0.5,0.5,0.39172,0.72189,15415
VessMAP,5.657,A_dice,A_dice_s1,1,8256,isotropic,0.75,0.75,0.39509,0.63198,19054
VessMAP,5.657,A_dice,A_dice_s1,1,8256,isotropic,1.0,1.0,0.39634,0.5755,21875
VessMAP,5.657,A_dice,A_dice_s1,1,8256,isotropic,1.5,1.5,0.39904,0.48279,27938
VessMAP,5.657,A_dice,A_dice_s1,1,8256,oracle,0.0,0.25,0.38338,0.87876,10481
VessMAP,5.657,A_dice,A_dice_s1,1,8256,oracle,0.0,0.5,0.38695,0.79108,13081
VessMAP,5.657,A_dice,A_dice_s1,1,8256,oracle,0.0,1.0,0.38695,0.64612,18140
VessMAP,5.657,A_dice,A_dice_s1,1,8256,oracle,0.5,0.0,0.38652,0.88758,10576
VessMAP,5.657,A_dice,A_dice_s1,1,8256,oracle,0.5,0.25,0.39017,0.81033,12668
VessMAP,5.657,A_dice,A_dice_s1,1,8256,oracle,0.5,0.5,0.39075,0.72254,15379
VessMAP,5.657,A_dice,A_dice_s1,1,8256,oracle,0.5,1.0,0.39366,0.58949,20990
VessMAP,5.657,A_dice,A_dice_s1,1,8256,oracle,1.0,0.0,0.39473,0.85655,11593
VessMAP,5.657,A_dice,A_dice_s1,1,8256,oracle,1.0,0.25,0.39536,0.78507,13543
VessMAP,5.657,A_dice,A_dice_s1,1,8256,oracle,1.0,0.5,0.39536,0.70352,16234
VessMAP,5.657,A_dice,A_dice_s1,1,8256,oracle,1.0,1.0,0.39634,0.5758,21859
VessMAP,5.657,A_dice,A_dice_s1,1,8256,oracle,1.5,0.0,0.39683,0.81708,12719
VessMAP,5.657,A_dice,A_dice_s1,1,8256,oracle,1.5,0.25,0.39787,0.74528,14880
VessMAP,5.657,A_dice,A_dice_s1,1,8256,oracle,1.5,0.5,0.39807,0.67983,17201
VessMAP,5.657,A_dice,A_dice_s1,1,8256,oracle,1.5,1.0,0.39807,0.56468,22569
VessMAP,5.657,A_dice,A_dice_s1,1,8256,oracle,2.0,0.0,0.39892,0.74386,14920
VessMAP,5.657,A_dice,A_dice_s1,1,8256,oracle,2.0,0.25,0.40038,0.69708,16616
VessMAP,5.657,A_dice,A_dice_s1,1,8256,oracle,2.0,0.5,0.40059,0.63997,18929
VessMAP,5.657,A_dice,A_dice_s1,1,8256,oracle,2.0,1.0,0.4008,0.54659,23723
VessMAP,5.657,A_dice,A_dice_s1,1,8284,raw,0.0,0.0,0.45783,0.95578,11901
VessMAP,5.657,A_dice,A_dice_s1,1,8284,isotropic,0.25,0.25,0.93001,0.86743,14963
VessMAP,5.657,A_dice,A_dice_s1,1,8284,isotropic,0.5,0.5,0.93776,0.78458,17865
VessMAP,5.657,A_dice,A_dice_s1,1,8284,isotropic,0.75,0.75,0.93931,0.70069,21404
VessMAP,5.657,A_dice,A_dice_s1,1,8284,isotropic,1.0,1.0,0.94242,0.64795,24099
VessMAP,5.657,A_dice,A_dice_s1,1,8284,isotropic,1.5,1.5,0.94242,0.55789,29861
VessMAP,5.657,A_dice,A_dice_s1,1,8284,oracle,0.0,0.25,0.47357,0.924,13013
VessMAP,5.657,A_dice,A_dice_s1,1,8284,oracle,0.0,0.5,0.92846,0.84204,15758
VessMAP,5.657,A_dice,A_dice_s1,1,8284,oracle,0.0,1.0,0.93776,0.71531,20711
VessMAP,5.657,A_dice,A_dice_s1,1,8284,oracle,0.5,0.0,0.93001,0.93188,12962
VessMAP,5.657,A_dice,A_dice_s1,1,8284,oracle,0.5,0.25,0.93465,0.86468,15082
VessMAP,5.657,A_dice,A_dice_s1,1,8284,oracle,0.5,0.5,0.93776,0.78661,17784
VessMAP,5.657,A_dice,A_dice_s1,1,8284,oracle,0.5,1.0,0.93931,0.65945,23465
VessMAP,5.657,A_dice,A_dice_s1,1,8284,oracle,1.0,0.0,0.93465,0.90216,13938
VessMAP,5.657,A_dice,A_dice_s1,1,8284,oracle,1.0,0.25,0.93776,0.84125,15874
VessMAP,5.657,A_dice,A_dice_s1,1,8284,oracle,1.0,0.5,0.94086,0.76826,18508
VessMAP,5.657,A_dice,A_dice_s1,1,8284,oracle,1.0,1.0,0.94242,0.64868,24059
VessMAP,5.657,A_dice,A_dice_s1,1,8284,oracle,1.5,0.0,0.93465,0.86113,15215
VessMAP,5.657,A_dice,A_dice_s1,1,8284,oracle,1.5,0.25,0.94086,0.80125,17263
VessMAP,5.657,A_dice,A_dice_s1,1,8284,oracle,1.5,0.5,0.94242,0.74467,19474
VessMAP,5.657,A_dice,A_dice_s1,1,8284,oracle,1.5,1.0,0.94242,0.63949,24577
VessMAP,5.657,A_dice,A_dice_s1,1,8284,oracle,2.0,0.0,0.93776,0.78849,17719
VessMAP,5.657,A_dice,A_dice_s1,1,8284,oracle,2.0,0.25,0.94242,0.75323,19116
VessMAP,5.657,A_dice,A_dice_s1,1,8284,oracle,2.0,0.5,0.94242,0.70433,21251
VessMAP,5.657,A_dice,A_dice_s1,1,8284,oracle,2.0,1.0,0.94242,0.62074,25668
VessMAP,5.657,A_dice,A_dice_s1,1,8353,raw,0.0,0.0,0.21765,0.9349,13189
VessMAP,5.657,A_dice,A_dice_s1,1,8353,isotropic,0.25,0.25,0.46936,0.78338,19854
VessMAP,5.657,A_dice,A_dice_s1,1,8353,isotropic,0.5,0.5,0.50987,0.66716,25847
VessMAP,5.657,A_dice,A_dice_s1,1,8353,isotropic,0.75,0.75,0.51718,0.56995,32788
VessMAP,5.657,A_dice,A_dice_s1,1,8353,isotropic,1.0,1.0,0.52242,0.51805,37654
VessMAP,5.657,A_dice,A_dice_s1,1,8353,isotropic,1.5,1.5,0.5988,0.44267,46773
VessMAP,5.657,A_dice,A_dice_s1,1,8353,oracle,0.0,0.25,0.23957,0.8715,15722
VessMAP,5.657,A_dice,A_dice_s1,1,8353,oracle,0.0,0.5,0.46629,0.74373,21526
VessMAP,5.657,A_dice,A_dice_s1,1,8353,oracle,0.0,1.0,0.49598,0.58377,31334
VessMAP,5.657,A_dice,A_dice_s1,1,8353,oracle,0.5,0.0,0.46885,0.89773,15347
VessMAP,5.657,A_dice,A_dice_s1,1,8353,oracle,0.5,0.25,0.50781,0.78102,20039
VessMAP,5.657,A_dice,A_dice_s1,1,8353,oracle,0.5,0.5,0.50987,0.67061,25642
VessMAP,5.657,A_dice,A_dice_s1,1,8353,oracle,0.5,1.0,0.51659,0.52736,36483
VessMAP,5.657,A_dice,A_dice_s1,1,8353,oracle,1.0,0.0,0.51406,0.84468,17531
VessMAP,5.657,A_dice,A_dice_s1,1,8353,oracle,1.0,0.25,0.51617,0.74729,21756
VessMAP,5.657,A_dice,A_dice_s1,1,8353,oracle,1.0,0.5,0.51825,0.64863,27234
VessMAP,5.657,A_dice,A_dice_s1,1,8353,oracle,1.0,1.0,0.52241,0.51901,37556
VessMAP,5.657,A_dice,A_dice_s1,1,8353,oracle,1.5,0.0,0.58485,0.77349,20590
VessMAP,5.657,A_dice,A_dice_s1,1,8353,oracle,1.5,0.25,0.59095,0.68319,25306
VessMAP,5.657,A_dice,A_dice_s1,1,8353,oracle,1.5,0.5,0.59374,0.61421,29731
VessMAP,5.657,A_dice,A_dice_s1,1,8353,oracle,1.5,1.0,0.59654,0.5105,38613
VessMAP,5.657,A_dice,A_dice_s1,1,8353,oracle,2.0,0.0,0.59653,0.66266,26539
VessMAP,5.657,A_dice,A_dice_s1,1,8353,oracle,2.0,0.25,0.59765,0.60899,30173
VessMAP,5.657,A_dice,A_dice_s1,1,8353,oracle,2.0,0.5,0.5999,0.55701,34314
VessMAP,5.657,A_dice,A_dice_s1,1,8353,oracle,2.0,1.0,0.60271,0.48802,41203
VessMAP,5.657,A_dice,A_dice_s1,1,8429,raw,0.0,0.0,0.91463,0.94399,22939
VessMAP,5.657,A_dice,A_dice_s1,1,8429,isotropic,0.25,0.25,0.97793,0.83076,32576
VessMAP,5.657,A_dice,A_dice_s1,1,8429,isotropic,0.5,0.5,0.98241,0.73177,40429
VessMAP,5.657,A_dice,A_dice_s1,1,8429,isotropic,0.75,0.75,0.98601,0.6525,48339
VessMAP,5.657,A_dice,A_dice_s1,1,8429,isotropic,1.0,1.0,0.98871,0.61075,53343
VessMAP,5.657,A_dice,A_dice_s1,1,8429,isotropic,1.5,1.5,0.98871,0.55657,60872
VessMAP,5.657,A_dice,A_dice_s1,1,8429,oracle,0.0,0.25,0.92072,0.89988,26614
VessMAP,5.657,A_dice,A_dice_s1,1,8429,oracle,0.0,0.5,0.97211,0.79663,34869
VessMAP,5.657,A_dice,A_dice_s1,1,8429,oracle,0.0,1.0,0.97345,0.66031,47144
VessMAP,5.657,A_dice,A_dice_s1,1,8429,oracle,0.5,0.0,0.97569,0.92281,26060
VessMAP,5.657,A_dice,A_dice_s1,1,8429,oracle,0.5,0.25,0.98106,0.82886,32806
VessMAP,5.657,A_dice,A_dice_s1,1,8429,oracle,0.5,0.5,0.98241,0.73552,40101
VessMAP,5.657,A_dice,A_dice_s1,1,8429,oracle,0.5,1.0,0.98241,0.61769,52288
VessMAP,5.657,A_dice,A_dice_s1,1,8429,oracle,1.0,0.0,0.98601,0.89127,28573
VessMAP,5.657,A_dice,A_dice_s1,1,8429,oracle,1.0,0.25,0.98736,0.80771,34504
VessMAP,5.657,A_dice,A_dice_s1,1,8429,oracle,1.0,0.5,0.98826,0.71896,41744
VessMAP,5.657,A_dice,A_dice_s1,1,8429,oracle,1.0,1.0,0.98871,0.61147,53252
VessMAP,5.657,A_dice,A_dice_s1,1,8429,oracle,1.5,0.0,0.98781,0.83193,32601
VessMAP,5.657,A_dice,A_dice_s1,1,8429,oracle,1.5,0.25,0.98871,0.75669,38516
VessMAP,5.657,A_dice,A_dice_s1,1,8429,oracle,1.5,0.5,0.98871,0.69663,43879
VessMAP,5.657,A_dice,A_dice_s1,1,8429,oracle,1.5,1.0,0.98871,0.60584,53998
VessMAP,5.657,A_dice,A_dice_s1,1,8429,oracle,2.0,0.0,0.98826,0.73391,40338
VessMAP,5.657,A_dice,A_dice_s1,1,8429,oracle,2.0,0.25,0.98871,0.69115,44416
VessMAP,5.657,A_dice,A_dice_s1,1,8429,oracle,2.0,0.5,0.98871,0.6501,48715
VessMAP,5.657,A_dice,A_dice_s1,1,8429,oracle,2.0,1.0,0.98871,0.59361,55596
VessMAP,5.657,A_dice,A_dice_s1,1,8493,raw,0.0,0.0,0.32663,0.908,14981
VessMAP,5.657,A_dice,A_dice_s1,1,8493,isotropic,0.25,0.25,0.33905,0.83762,19464
VessMAP,5.657,A_dice,A_dice_s1,1,8493,isotropic,0.5,0.5,0.36296,0.76018,23649
VessMAP,5.657,A_dice,A_dice_s1,1,8493,isotropic,0.75,0.75,0.36541,0.68211,28381
VessMAP,5.657,A_dice,A_dice_s1,1,8493,isotropic,1.0,1.0,0.36714,0.63239,31940
VessMAP,5.657,A_dice,A_dice_s1,1,8493,isotropic,1.5,1.5,0.36923,0.55127,39066
VessMAP,5.657,A_dice,A_dice_s1,1,8493,oracle,0.0,0.25,0.32993,0.88835,16242
VessMAP,5.657,A_dice,A_dice_s1,1,8493,oracle,0.0,0.5,0.33371,0.81706,20149
VessMAP,5.657,A_dice,A_dice_s1,1,8493,oracle,0.0,1.0,0.33991,0.69035,27235
VessMAP,5.657,A_dice,A_dice_s1,1,8493,oracle,0.5,0.0,0.34199,0.89626,16730
VessMAP,5.657,A_dice,A_dice_s1,1,8493,oracle,0.5,0.25,0.34703,0.83587,19785
VessMAP,5.657,A_dice,A_dice_s1,1,8493,oracle,0.5,0.5,0.36223,0.76176,23561
VessMAP,5.657,A_dice,A_dice_s1,1,8493,oracle,0.5,1.0,0.36426,0.64805,30557
VessMAP,5.657,A_dice,A_dice_s1,1,8493,oracle,1.0,0.0,0.35315,0.87447,18391
VessMAP,5.657,A_dice,A_dice_s1,1,8493,oracle,1.0,0.25,0.36702,0.81486,21240
VessMAP,5.657,A_dice,A_dice_s1,1,8493,oracle,1.0,0.5,0.36702,0.74346,24864
VessMAP,5.657,A_dice,A_dice_s1,1,8493,oracle,1.0,1.0,0.36714,0.63289,31900
VessMAP,5.657,A_dice,A_dice_s1,1,8493,oracle,1.5,0.0,0.36829,0.84189,20064
VessMAP,5.657,A_dice,A_dice_s1,1,8493,oracle,1.5,0.25,0.36907,0.7805,23090
VessMAP,5.657,A_dice,A_dice_s1,1,8493,oracle,1.5,0.5,0.36919,0.7217,26248
VessMAP,5.657,A_dice,A_dice_s1,1,8493,oracle,1.5,1.0,0.36919,0.62164,32918
VessMAP,5.657,A_dice,A_dice_s1,1,8493,oracle,2.0,0.0,0.37005,0.77814,23208
VessMAP,5.657,A_dice,A_dice_s1,1,8493,oracle,2.0,0.25,0.37106,0.73756,25451
VessMAP,5.657,A_dice,A_dice_s1,1,8493,oracle,2.0,0.5,0.37106,0.6861,28502
VessMAP,5.657,A_dice,A_dice_s1,1,8493,oracle,2.0,1.0,0.37172,0.6053,34326
VessMAP,5.657,A_dice,A_dice_s1,1,8506,raw,0.0,0.0,0.31247,0.91368,12828
VessMAP,5.657,A_dice,A_dice_s1,1,8506,isotropic,0.25,0.25,0.3583,0.77594,19031
VessMAP,5.657,A_dice,A_dice_s1,1,8506,isotropic,0.5,0.5,0.38406,0.66683,24603
VessMAP,5.657,A_dice,A_dice_s1,1,8506,isotropic,0.75,0.75,0.38527,0.57435,30974
VessMAP,5.657,A_dice,A_dice_s1,1,8506,isotropic,1.0,1.0,0.39595,0.52166,35507
VessMAP,5.657,A_dice,A_dice_s1,1,8506,isotropic,1.5,1.5,0.39618,0.44418,44041
VessMAP,5.657,A_dice,A_dice_s1,1,8506,oracle,0.0,0.25,0.31661,0.86385,14842
VessMAP,5.657,A_dice,A_dice_s1,1,8506,oracle,0.0,0.5,0.34292,0.74691,20157
VessMAP,5.657,A_dice,A_dice_s1,1,8506,oracle,0.0,1.0,0.34499,0.5885,29336
VessMAP,5.657,A_dice,A_dice_s1,1,8506,oracle,0.5,0.0,0.35753,0.87004,15253
VessMAP,5.657,A_dice,A_dice_s1,1,8506,oracle,0.5,0.25,0.3814,0.76952,19436
VessMAP,5.657,A_dice,A_dice_s1,1,8506,oracle,0.5,0.5,0.38397,0.67113,24349
VessMAP,5.657,A_dice,A_dice_s1,1,8506,oracle,0.5,1.0,0.38473,0.53574,34009
VessMAP,5.657,A_dice,A_dice_s1,1,8506,oracle,1.0,0.0,0.38046,0.81014,17803
VessMAP,5.657,A_dice,A_dice_s1,1,8506,oracle,1.0,0.25,0.39314,0.72599,21660
VessMAP,5.657,A_dice,A_dice_s1,1,8506,oracle,1.0,0.5,0.39544,0.63987,26446
VessMAP,5.657,A_dice,A_dice_s1,1,8506,oracle,1.0,1.0,0.39595,0.52282,35392
VessMAP,5.657,A_dice,A_dice_s1,1,8506,oracle,1.5,0.0,0.38157,0.7416,20864
VessMAP,5.657,A_dice,A_dice_s1,1,8506,oracle,1.5,0.25,0.39404,0.66048,25234
VessMAP,5.657,A_dice,A_dice_s1,1,8506,oracle,1.5,0.5,0.39564,0.60032,29125
VessMAP,5.657,A_dice,A_dice_s1,1,8506,oracle,1.5,1.0,0.39617,0.50853,36814
VessMAP,5.657,A_dice,A_dice_s1,1,8506,oracle,2.0,0.0,0.39354,0.64405,26180
VessMAP,5.657,A_dice,A_dice_s1,1,8506,oracle,2.0,0.25,0.39506,0.59671,29391
VessMAP,5.657,A_dice,A_dice_s1,1,8506,oracle,2.0,0.5,0.39619,0.55139,32919
VessMAP,5.657,A_dice,A_dice_s1,1,8506,oracle,2.0,1.0,0.39622,0.48586,39182
VessMAP,5.657,A_dice,A_dice_s1,1,8686,raw,0.0,0.0,0.20442,0.917,17448
VessMAP,5.657,A_dice,A_dice_s1,1,8686,isotropic,0.25,0.25,0.25353,0.80848,25155
VessMAP,5.657,A_dice,A_dice_s1,1,8686,isotropic,0.5,0.5,0.25602,0.70605,31861
VessMAP,5.657,A_dice,A_dice_s1,1,8686,isotropic,0.75,0.75,0.25844,0.61683,39301
VessMAP,5.657,A_dice,A_dice_s1,1,8686,isotropic,1.0,1.0,0.2598,0.56519,44653
VessMAP,5.657,A_dice,A_dice_s1,1,8686,isotropic,1.5,1.5,0.26438,0.49383,54022
VessMAP,5.657,A_dice,A_dice_s1,1,8686,oracle,0.0,0.25,0.20912,0.87476,20157
VessMAP,5.657,A_dice,A_dice_s1,1,8686,oracle,0.0,0.5,0.24126,0.77618,26836
VessMAP,5.657,A_dice,A_dice_s1,1,8686,oracle,0.0,1.0,0.2508,0.63116,37617
VessMAP,5.657,A_dice,A_dice_s1,1,8686,oracle,0.5,0.0,0.22472,0.89111,20342
VessMAP,5.657,A_dice,A_dice_s1,1,8686,oracle,0.5,0.25,0.2552,0.80435,25518
VessMAP,5.657,A_dice,A_dice_s1,1,8686,oracle,0.5,0.5,0.25602,0.71046,31543
VessMAP,5.657,A_dice,A_dice_s1,1,8686,oracle,0.5,1.0,0.25773,0.57757,43114
VessMAP,5.657,A_dice,A_dice_s1,1,8686,oracle,1.0,0.0,0.25514,0.8476,23101
VessMAP,5.657,A_dice,A_dice_s1,1,8686,oracle,1.0,0.25,0.25795,0.76931,27831
VessMAP,5.657,A_dice,A_dice_s1,1,8686,oracle,1.0,0.5,0.25906,0.68454,33648
VessMAP,5.657,A_dice,A_dice_s1,1,8686,oracle,1.0,1.0,0.2598,0.56639,44517
VessMAP,5.657,A_dice,A_dice_s1,1,8686,oracle,1.5,0.0,0.2582,0.78061,27002
VessMAP,5.657,A_dice,A_dice_s1,1,8686,oracle,1.5,0.25,0.26067,0.70445,32252
VessMAP,5.657,A_dice,A_dice_s1,1,8686,oracle,1.5,0.5,0.26092,0.64743,36755
VessMAP,5.657,A_dice,A_dice_s1,1,8686,oracle,1.5,1.0,0.26215,0.55369,46095
VessMAP,5.657,A_dice,A_dice_s1,1,8686,oracle,2.0,0.0,0.25957,0.67655,34302
VessMAP,5.657,A_dice,A_dice_s1,1,8686,oracle,2.0,0.25,0.26117,0.63408,37964
VessMAP,5.657,A_dice,A_dice_s1,1,8686,oracle,2.0,0.5,0.2618,0.59212,41978
VessMAP,5.657,A_dice,A_dice_s1,1,8686,oracle,2.0,1.0,0.26403,0.53156,48897
VessMAP,5.657,A_dice,A_dice_s1,1,8990,raw,0.0,0.0,0.91432,0.97394,20847
VessMAP,5.657,A_dice,A_dice_s1,1,8990,isotropic,0.25,0.25,0.91863,0.91023,24942
VessMAP,5.657,A_dice,A_dice_s1,1,8990,isotropic,0.5,0.5,0.91972,0.84471,28614
VessMAP,5.657,A_dice,A_dice_s1,1,8990,isotropic,0.75,0.75,0.92079,0.77838,32882
VessMAP,5.657,A_dice,A_dice_s1,1,8990,isotropic,1.0,1.0,0.92079,0.73526,36068
VessMAP,5.657,A_dice,A_dice_s1,1,8990,isotropic,1.5,1.5,0.9208,0.66157,42475
VessMAP,5.657,A_dice,A_dice_s1,1,8990,oracle,0.0,0.25,0.91433,0.95023,22338
VessMAP,5.657,A_dice,A_dice_s1,1,8990,oracle,0.0,0.5,0.91754,0.89131,25882
VessMAP,5.657,A_dice,A_dice_s1,1,8990,oracle,0.0,1.0,0.91968,0.78512,32379
VessMAP,5.657,A_dice,A_dice_s1,1,8990,oracle,0.5,0.0,0.91649,0.96261,22200
VessMAP,5.657,A_dice,A_dice_s1,1,8990,oracle,0.5,0.25,0.91864,0.9089,25058
VessMAP,5.657,A_dice,A_dice_s1,1,8990,oracle,0.5,0.5,0.91972,0.84718,28469
VessMAP,5.657,A_dice,A_dice_s1,1,8990,oracle,0.5,1.0,0.92079,0.74425,35365
VessMAP,5.657,A_dice,A_dice_s1,1,8990,oracle,1.0,0.0,0.91866,0.94406,23293
VessMAP,5.657,A_dice,A_dice_s1,1,8990,oracle,1.0,0.25,0.91866,0.89556,25782
VessMAP,5.657,A_dice,A_dice_s1,1,8990,oracle,1.0,0.5,0.91972,0.83501,29210
VessMAP,5.657,A_dice,A_dice_s1,1,8990,oracle,1.0,1.0,0.92079,0.73626,35988
VessMAP,5.657,A_dice,A_dice_s1,1,8990,oracle,1.5,0.0,0.91866,0.91918,24558
VessMAP,5.657,A_dice,A_dice_s1,1,8990,oracle,1.5,0.25,0.91866,0.87225,27063
VessMAP,5.657,A_dice,A_dice_s1,1,8990,oracle,1.5,0.5,0.91972,0.82215,30003
VessMAP,5.657,A_dice,A_dice_s1,1,8990,oracle,1.5,1.0,0.92079,0.73077,36427
VessMAP,5.657,A_dice,A_dice_s1,1,8990,oracle,2.0,0.0,0.91972,0.87674,26810
VessMAP,5.657,A_dice,A_dice_s1,1,8990,oracle,2.0,0.25,0.91972,0.84298,28737
VessMAP,5.657,A_dice,A_dice_s1,1,8990,oracle,2.0,0.5,0.92079,0.7977,31574
VessMAP,5.657,A_dice,A_dice_s1,1,8990,oracle,2.0,1.0,0.9208,0.71988,37304
VessMAP,5.657,A_dice,A_dice_s1,1,9000,raw,0.0,0.0,0.40006,0.92613,17537
VessMAP,5.657,A_dice,A_dice_s1,1,9000,isotropic,0.25,0.25,0.88803,0.86645,22930
VessMAP,5.657,A_dice,A_dice_s1,1,9000,isotropic,0.5,0.5,0.90248,0.78643,27941
VessMAP,5.657,A_dice,A_dice_s1,1,9000,isotropic,0.75,0.75,0.90935,0.70448,33831
VessMAP,5.657,A_dice,A_dice_s1,1,9000,isotropic,1.0,1.0,0.94543,0.65382,38117
VessMAP,5.657,A_dice,A_dice_s1,1,9000,isotropic,1.5,1.5,0.94893,0.57518,45996
VessMAP,5.657,A_dice,A_dice_s1,1,9000,oracle,0.0,0.25,0.42205,0.90736,19344
VessMAP,5.657,A_dice,A_dice_s1,1,9000,oracle,0.0,0.5,0.46226,0.83989,24064
VessMAP,5.657,A_dice,A_dice_s1,1,9000,oracle,0.0,1.0,0.85881,0.70936,32537
VessMAP,5.657,A_dice,A_dice_s1,1,9000,oracle,0.5,0.0,0.80961,0.92164,19588
VessMAP,5.657,A_dice,A_dice_s1,1,9000,oracle,0.5,0.25,0.89228,0.86592,23228
VessMAP,5.657,A_dice,A_dice_s1,1,9000,oracle,0.5,0.5,0.90163,0.78773,27854
VessMAP,5.657,A_dice,A_dice_s1,1,9000,oracle,0.5,1.0,0.9042,0.66257,36925
VessMAP,5.657,A_dice,A_dice_s1,1,9000,oracle,1.0,0.0,0.89484,0.90475,21306
VessMAP,5.657,A_dice,A_dice_s1,1,9000,oracle,1.0,0.25,0.90678,0.85002,24631
VessMAP,5.657,A_dice,A_dice_s1,1,9000,oracle,1.0,0.5,0.94368,0.77274,29228
VessMAP,5.657,A_dice,A_dice_s1,1,9000,oracle,1.0,1.0,0.94543,0.65412,38088
VessMAP,5.657,A_dice,A_dice_s1,1,9000,oracle,1.5,0.0,0.93759,0.87494,23211
VessMAP,5.657,A_dice,A_dice_s1,1,9000,oracle,1.5,0.25,0.9463,0.81801,26659
VessMAP,5.657,A_dice,A_dice_s1,1,9000,oracle,1.5,0.5,0.94893,0.75401,30633
VessMAP,5.657,A_dice,A_dice_s1,1,9000,oracle,1.5,1.0,0.94893,0.64634,38888
VessMAP,5.657,A_dice,A_dice_s1,1,9000,oracle,2.0,0.0,0.94543,0.81334,26830
VessMAP,5.657,A_dice,A_dice_s1,1,9000,oracle,2.0,0.25,0.94893,0.77384,29362
VessMAP,5.657,A_dice,A_dice_s1,1,9000,oracle,2.0,0.5,0.94893,0.71884,33082
VessMAP,5.657,A_dice,A_dice_s1,1,9000,oracle,2.0,1.0,0.94893,0.63122,40264
VessMAP,5.657,A_dice,A_dice_s1,1,9284,raw,0.0,0.0,0.97895,0.96971,31032
VessMAP,5.657,A_dice,A_dice_s1,1,9284,isotropic,0.25,0.25,0.99074,0.85455,41012
VessMAP,5.657,A_dice,A_dice_s1,1,9284,isotropic,0.5,0.5,0.99481,0.77635,48374
VessMAP,5.657,A_dice,A_dice_s1,1,9284,isotropic,0.75,0.75,0.9974,0.71877,54758
VessMAP,5.657,A_dice,A_dice_s1,1,9284,isotropic,1.0,1.0,0.9974,0.69204,58073
VessMAP,5.657,A_dice,A_dice_s1,1,9284,isotropic,1.5,1.5,0.9974,0.65886,62546
VessMAP,5.657,A_dice,A_dice_s1,1,9284,oracle,0.0,0.25,0.98336,0.92082,34999
VessMAP,5.657,A_dice,A_dice_s1,1,9284,oracle,0.0,0.5,0.98778,0.82762,43287
VessMAP,5.657,A_dice,A_dice_s1,1,9284,oracle,0.0,1.0,0.99111,0.72334,54124
VessMAP,5.657,A_dice,A_dice_s1,1,9284,oracle,0.5,0.0,0.99111,0.94061,34130
VessMAP,5.657,A_dice,A_dice_s1,1,9284,oracle,0.5,0.25,0.99407,0.85324,41181
VessMAP,5.657,A_dice,A_dice_s1,1,9284,oracle,0.5,0.5,0.99481,0.78087,47915
VessMAP,5.657,A_dice,A_dice_s1,1,9284,oracle,0.5,1.0,0.9974,0.69653,57491
VessMAP,5.657,A_dice,A_dice_s1,1,9284,oracle,1.0,0.0,0.99444,0.91551,36163
VessMAP,5.657,A_dice,A_dice_s1,1,9284,oracle,1.0,0.25,0.99703,0.84001,42376
VessMAP,5.657,A_dice,A_dice_s1,1,9284,oracle,1.0,0.5,0.9974,0.76862,49208
VessMAP,5.657,A_dice,A_dice_s1,1,9284,oracle,1.0,1.0,0.9974,0.69288,57965
VessMAP,5.657,A_dice,A_dice_s1,1,9284,oracle,1.5,0.0,0.99481,0.87193,39593
VessMAP,5.657,A_dice,A_dice_s1,1,9284,oracle,1.5,0.25,0.9974,0.80876,45249
VessMAP,5.657,A_dice,A_dice_s1,1,9284,oracle,1.5,0.5,0.9974,0.75753,50393
VessMAP,5.657,A_dice,A_dice_s1,1,9284,oracle,1.5,1.0,0.9974,0.68996,58340
VessMAP,5.657,A_dice,A_dice_s1,1,9284,oracle,2.0,0.0,0.99518,0.78787,47209
VessMAP,5.657,A_dice,A_dice_s1,1,9284,oracle,2.0,0.25,0.9974,0.7563,50522
VessMAP,5.657,A_dice,A_dice_s1,1,9284,oracle,2.0,0.5,0.9974,0.72644,53866
VessMAP,5.657,A_dice,A_dice_s1,1,9284,oracle,2.0,1.0,0.9974,0.6854,58934
VessMAP,5.657,A_dice,A_dice_s1,1,9452,raw,0.0,0.0,0.74354,0.94565,20151
VessMAP,5.657,A_dice,A_dice_s1,1,9452,isotropic,0.25,0.25,0.86589,0.82025,29857
VessMAP,5.657,A_dice,A_dice_s1,1,9452,isotropic,0.5,0.5,0.90045,0.71687,37709
VessMAP,5.657,A_dice,A_dice_s1,1,9452,isotropic,0.75,0.75,0.91417,0.63452,45657
VessMAP,5.657,A_dice,A_dice_s1,1,9452,isotropic,1.0,1.0,0.91718,0.5923,50520
VessMAP,5.657,A_dice,A_dice_s1,1,9452,isotropic,1.5,1.5,0.92236,0.53741,58008
VessMAP,5.657,A_dice,A_dice_s1,1,9452,oracle,0.0,0.25,0.76112,0.89027,24134
VessMAP,5.657,A_dice,A_dice_s1,1,9452,oracle,0.0,0.5,0.86167,0.78154,32264
VessMAP,5.657,A_dice,A_dice_s1,1,9452,oracle,0.0,1.0,0.87343,0.64656,43945
VessMAP,5.657,A_dice,A_dice_s1,1,9452,oracle,0.5,0.0,0.81336,0.92331,23452
VessMAP,5.657,A_dice,A_dice_s1,1,9452,oracle,0.5,0.25,0.87178,0.81817,30151
VessMAP,5.657,A_dice,A_dice_s1,1,9452,oracle,0.5,0.5,0.90002,0.72108,37361
VessMAP,5.657,A_dice,A_dice_s1,1,9452,oracle,0.5,1.0,0.90858,0.59954,49462
VessMAP,5.657,A_dice,A_dice_s1,1,9452,oracle,1.0,0.0,0.87224,0.88197,26272
VessMAP,5.657,A_dice,A_dice_s1,1,9452,oracle,1.0,0.25,0.90516,0.7905,32266
VessMAP,5.657,A_dice,A_dice_s1,1,9452,oracle,1.0,0.5,0.91331,0.70196,39217
VessMAP,5.657,A_dice,A_dice_s1,1,9452,oracle,1.0,1.0,0.91718,0.5934,50387
VessMAP,5.657,A_dice,A_dice_s1,1,9452,oracle,1.5,0.0,0.90216,0.81788,30333
VessMAP,5.657,A_dice,A_dice_s1,1,9452,oracle,1.5,0.25,0.91159,0.73651,36394
VessMAP,5.657,A_dice,A_dice_s1,1,9452,oracle,1.5,0.5,0.91848,0.67577,41675
VessMAP,5.657,A_dice,A_dice_s1,1,9452,oracle,1.5,1.0,0.9202,0.58692,51274
VessMAP,5.657,A_dice,A_dice_s1,1,9452,oracle,2.0,0.0,0.91115,0.72028,37657
VessMAP,5.657,A_dice,A_dice_s1,1,9452,oracle,2.0,0.25,0.91546,0.67594,41671
VessMAP,5.657,A_dice,A_dice_s1,1,9452,oracle,2.0,0.5,0.92063,0.63152,46172
VessMAP,5.657,A_dice,A_dice_s1,1,9452,oracle,2.0,1.0,0.92279,0.57338,53060
VessMAP,5.657,A_dice,A_dice_s1,1,9523,raw,0.0,0.0,0.3898,0.91292,14202
VessMAP,5.657,A_dice,A_dice_s1,1,9523,isotropic,0.25,0.25,0.55743,0.86919,17864
VessMAP,5.657,A_dice,A_dice_s1,1,9523,isotropic,0.5,0.5,0.82052,0.80446,21254
VessMAP,5.657,A_dice,A_dice_s1,1,9523,isotropic,0.75,0.75,0.83168,0.72981,25330
VessMAP,5.657,A_dice,A_dice_s1,1,9523,isotropic,1.0,1.0,0.84042,0.68039,28456
VessMAP,5.657,A_dice,A_dice_s1,1,9523,isotropic,1.5,1.5,0.8669,0.59771,34970
VessMAP,5.657,A_dice,A_dice_s1,1,9523,oracle,0.0,0.25,0.39729,0.89843,15345
VessMAP,5.657,A_dice,A_dice_s1,1,9523,oracle,0.0,0.5,0.75672,0.85172,18471
VessMAP,5.657,A_dice,A_dice_s1,1,9523,oracle,0.0,1.0,0.76147,0.74132,24160
VessMAP,5.657,A_dice,A_dice_s1,1,9523,oracle,0.5,0.0,0.5446,0.90885,15773
VessMAP,5.657,A_dice,A_dice_s1,1,9523,oracle,0.5,0.25,0.56566,0.8668,18163
VessMAP,5.657,A_dice,A_dice_s1,1,9523,oracle,0.5,0.5,0.82052,0.8083,21073
VessMAP,5.657,A_dice,A_dice_s1,1,9523,oracle,0.5,1.0,0.82299,0.69481,27246
VessMAP,5.657,A_dice,A_dice_s1,1,9523,oracle,1.0,0.0,0.56751,0.89704,16971
VessMAP,5.657,A_dice,A_dice_s1,1,9523,oracle,1.0,0.25,0.83667,0.85054,19336
VessMAP,5.657,A_dice,A_dice_s1,1,9523,oracle,1.0,0.5,0.83792,0.78861,22315
VessMAP,5.657,A_dice,A_dice_s1,1,9523,oracle,1.0,1.0,0.84042,0.68167,28374
VessMAP,5.657,A_dice,A_dice_s1,1,9523,oracle,1.5,0.0,0.61668,0.87673,18188
VessMAP,5.657,A_dice,A_dice_s1,1,9523,oracle,1.5,0.25,0.8492,0.82503,20799
VessMAP,5.657,A_dice,A_dice_s1,1,9523,oracle,1.5,0.5,0.85424,0.77003,23495
VessMAP,5.657,A_dice,A_dice_s1,1,9523,oracle,1.5,1.0,0.85929,0.67118,29339
VessMAP,5.657,A_dice,A_dice_s1,1,9523,oracle,2.0,0.0,0.8492,0.81968,20978
VessMAP,5.657,A_dice,A_dice_s1,1,9523,oracle,2.0,0.25,0.86183,0.78757,22743
VessMAP,5.657,A_dice,A_dice_s1,1,9523,oracle,2.0,0.5,0.86563,0.73965,25312
VessMAP,5.657,A_dice,A_dice_s1,1,9523,oracle,2.0,1.0,0.86945,0.65605,30563
VessMAP,5.657,A_dice,A_dice_s1,1,9593,raw,0.0,0.0,0.63692,0.92414,10527
VessMAP,5.657,A_dice,A_dice_s1,1,9593,isotropic,0.25,0.25,0.77295,0.77073,16384
VessMAP,5.657,A_dice,A_dice_s1,1,9593,isotropic,0.5,0.5,0.79799,0.65759,21523
VessMAP,5.657,A_dice,A_dice_s1,1,9593,isotropic,0.75,0.75,0.82187,0.56663,27112
VessMAP,5.657,A_dice,A_dice_s1,1,9593,isotropic,1.0,1.0,0.83432,0.51176,31424
VessMAP,5.657,A_dice,A_dice_s1,1,9593,isotropic,1.5,1.5,0.84686,0.43355,39430
VessMAP,5.657,A_dice,A_dice_s1,1,9593,oracle,0.0,0.25,0.69708,0.88167,12002
VessMAP,5.657,A_dice,A_dice_s1,1,9593,oracle,0.0,0.5,0.73239,0.73703,17425
VessMAP,5.657,A_dice,A_dice_s1,1,9593,oracle,0.0,1.0,0.7523,0.56647,26462
VessMAP,5.657,A_dice,A_dice_s1,1,9593,oracle,0.5,0.0,0.7752,0.88513,12581
VessMAP,5.657,A_dice,A_dice_s1,1,9593,oracle,0.5,0.25,0.78429,0.7683,16637
VessMAP,5.657,A_dice,A_dice_s1,1,9593,oracle,0.5,0.5,0.79799,0.66095,21355
VessMAP,5.657,A_dice,A_dice_s1,1,9593,oracle,0.5,1.0,0.81797,0.52555,30034
VessMAP,5.657,A_dice,A_dice_s1,1,9593,oracle,1.0,0.0,0.79643,0.83036,14618
VessMAP,5.657,A_dice,A_dice_s1,1,9593,oracle,1.0,0.25,0.80874,0.7381,18113
VessMAP,5.657,A_dice,A_dice_s1,1,9593,oracle,1.0,0.5,0.82187,0.63958,22763
VessMAP,5.657,A_dice,A_dice_s1,1,9593,oracle,1.0,1.0,0.83432,0.51262,31349
VessMAP,5.657,A_dice,A_dice_s1,1,9593,oracle,1.5,0.0,0.80794,0.75823,17275
VessMAP,5.657,A_dice,A_dice_s1,1,9593,oracle,1.5,0.25,0.8273,0.67679,20974
VessMAP,5.657,A_dice,A_dice_s1,1,9593,oracle,1.5,0.5,0.83354,0.6079,24718
VessMAP,5.657,A_dice,A_dice_s1,1,9593,oracle,1.5,1.0,0.84215,0.50253,32354
VessMAP,5.657,A_dice,A_dice_s1,1,9593,oracle,2.0,0.0,0.82494,0.65534,22047
VessMAP,5.657,A_dice,A_dice_s1,1,9593,oracle,2.0,0.25,0.8351,0.60551,24935
VessMAP,5.657,A_dice,A_dice_s1,1,9593,oracle,2.0,0.5,0.8445,0.5555,28249
VessMAP,5.657,A_dice,A_dice_s1,1,9593,oracle,2.0,1.0,0.84607,0.4829,34214
VessMAP,5.657,A_dice,A_dice_s1,1,9710,raw,0.0,0.0,0.10744,0.87532,27690
VessMAP,5.657,A_dice,A_dice_s1,1,9710,isotropic,0.25,0.25,0.76949,0.80904,38187
VessMAP,5.657,A_dice,A_dice_s1,1,9710,isotropic,0.5,0.5,0.84662,0.75692,44921
VessMAP,5.657,A_dice,A_dice_s1,1,9710,isotropic,0.75,0.75,0.8893,0.71831,51040
VessMAP,5.657,A_dice,A_dice_s1,1,9710,isotropic,1.0,1.0,0.9105,0.69896,54611
VessMAP,5.657,A_dice,A_dice_s1,1,9710,isotropic,1.5,1.5,0.9613,0.67203,59869
VessMAP,5.657,A_dice,A_dice_s1,1,9710,oracle,0.0,0.25,0.289,0.8499,31355
VessMAP,5.657,A_dice,A_dice_s1,1,9710,oracle,0.0,0.5,0.74293,0.79143,38845
VessMAP,5.657,A_dice,A_dice_s1,1,9710,oracle,0.0,1.0,0.78233,0.72127,47846
VessMAP,5.657,A_dice,A_dice_s1,1,9710,oracle,0.5,0.0,0.7552,0.86108,33177
VessMAP,5.657,A_dice,A_dice_s1,1,9710,oracle,0.5,0.25,0.79618,0.80645,39257
VessMAP,5.657,A_dice,A_dice_s1,1,9710,oracle,0.5,0.5,0.8456,0.75848,44721
VessMAP,5.657,A_dice,A_dice_s1,1,9710,oracle,0.5,1.0,0.86801,0.70086,52693
VessMAP,5.657,A_dice,A_dice_s1,1,9710,oracle,1.0,0.0,0.81861,0.83272,37510
VessMAP,5.657,A_dice,A_dice_s1,1,9710,oracle,1.0,0.25,0.84823,0.78753,42829
VessMAP,5.657,A_dice,A_dice_s1,1,9710,oracle,1.0,0.5,0.89458,0.74798,47695
VessMAP,5.657,A_dice,A_dice_s1,1,9710,oracle,1.0,1.0,0.9105,0.69924,54557
VessMAP,5.657,A_dice,A_dice_s1,1,9710,oracle,1.5,0.0,0.8687,0.79771,41955
VessMAP,5.657,A_dice,A_dice_s1,1,9710,oracle,1.5,0.25,0.90553,0.7582,47181
VessMAP,5.657,A_dice,A_dice_s1,1,9710,oracle,1.5,0.5,0.92298,0.73301,50646
VessMAP,5.657,A_dice,A_dice_s1,1,9710,oracle,1.5,1.0,0.95001,0.69606,56139
VessMAP,5.657,A_dice,A_dice_s1,1,9710,oracle,2.0,0.0,0.9027,0.74847,48681
VessMAP,5.657,A_dice,A_dice_s1,1,9710,oracle,2.0,0.25,0.93231,0.72948,51564
VessMAP,5.657,A_dice,A_dice_s1,1,9710,oracle,2.0,0.5,0.94421,0.71201,54245
VessMAP,5.657,A_dice,A_dice_s1,1,9710,oracle,2.0,1.0,0.96568,0.68639,58037
VessMAP,5.657,A_dice,A_dice_s1,1,9860,raw,0.0,0.0,0.44689,0.93557,15871
VessMAP,5.657,A_dice,A_dice_s1,1,9860,isotropic,0.25,0.25,0.54887,0.8054,22623
VessMAP,5.657,A_dice,A_dice_s1,1,9860,isotropic,0.5,0.5,0.554,0.70064,28648
VessMAP,5.657,A_dice,A_dice_s1,1,9860,isotropic,0.75,0.75,0.56041,0.61081,35498
VessMAP,5.657,A_dice,A_dice_s1,1,9860,isotropic,1.0,1.0,0.59602,0.56011,40331
VessMAP,5.657,A_dice,A_dice_s1,1,9860,isotropic,1.5,1.5,0.60468,0.48664,49155
VessMAP,5.657,A_dice,A_dice_s1,1,9860,oracle,0.0,0.25,0.46361,0.88473,18274
VessMAP,5.657,A_dice,A_dice_s1,1,9860,oracle,0.0,0.5,0.54045,0.77168,24186
VessMAP,5.657,A_dice,A_dice_s1,1,9860,oracle,0.0,1.0,0.55197,0.62178,34107
VessMAP,5.657,A_dice,A_dice_s1,1,9860,oracle,0.5,0.0,0.54709,0.89917,18300
VessMAP,5.657,A_dice,A_dice_s1,1,9860,oracle,0.5,0.25,0.55243,0.8026,22867
VessMAP,5.657,A_dice,A_dice_s1,1,9860,oracle,0.5,0.5,0.55398,0.706,28298
VessMAP,5.657,A_dice,A_dice_s1,1,9860,oracle,0.5,1.0,0.55928,0.56919,39144
VessMAP,5.657,A_dice,A_dice_s1,1,9860,oracle,1.0,0.0,0.55203,0.85121,20634
VessMAP,5.657,A_dice,A_dice_s1,1,9860,oracle,1.0,0.25,0.5888,0.7699,24780
VessMAP,5.657,A_dice,A_dice_s1,1,9860,oracle,1.0,0.5,0.59228,0.68247,30150
VessMAP,5.657,A_dice,A_dice_s1,1,9860,oracle,1.0,1.0,0.5955,0.56145,40189
VessMAP,5.657,A_dice,A_dice_s1,1,9860,oracle,1.5,0.0,0.58718,0.78752,23830
VessMAP,5.657,A_dice,A_dice_s1,1,9860,oracle,1.5,0.25,0.59343,0.71169,28292
VessMAP,5.657,A_dice,A_dice_s1,1,9860,oracle,1.5,0.5,0.59609,0.65078,32554
VessMAP,5.657,A_dice,A_dice_s1,1,9860,oracle,1.5,1.0,0.6,0.55187,41338
VessMAP,5.657,A_dice,A_dice_s1,1,9860,oracle,2.0,0.0,0.59362,0.69124,29582
VessMAP,5.657,A_dice,A_dice_s1,1,9860,oracle,2.0,0.25,0.59811,0.64732,32841
VessMAP,5.657,A_dice,A_dice_s1,1,9860,oracle,2.0,0.5,0.59979,0.6015,36631
VessMAP,5.657,A_dice,A_dice_s1,1,9860,oracle,2.0,1.0,0.60337,0.5325,43567
VessMAP,5.657,A_dice,A_dice_s2,2,7577,raw,0.0,0.0,0.87643,0.94428,26351
VessMAP,5.657,A_dice,A_dice_s2,2,7577,isotropic,0.25,0.25,0.96325,0.84489,35486
VessMAP,5.657,A_dice,A_dice_s2,2,7577,isotropic,0.5,0.5,0.97412,0.76427,42383
VessMAP,5.657,A_dice,A_dice_s2,2,7577,isotropic,0.75,0.75,0.98329,0.70016,48964
VessMAP,5.657,A_dice,A_dice_s2,2,7577,isotropic,1.0,1.0,0.989,0.66588,53001
VessMAP,5.657,A_dice,A_dice_s2,2,7577,isotropic,1.5,1.5,0.99295,0.61889,59254
VessMAP,5.657,A_dice,A_dice_s2,2,7577,oracle,0.0,0.25,0.94643,0.90374,29954
VessMAP,5.657,A_dice,A_dice_s2,2,7577,oracle,0.0,0.5,0.95763,0.82065,37188
VessMAP,5.657,A_dice,A_dice_s2,2,7577,oracle,0.0,1.0,0.97064,0.71149,47471
VessMAP,5.657,A_dice,A_dice_s2,2,7577,oracle,0.5,0.0,0.95677,0.92118,29830
VessMAP,5.657,A_dice,A_dice_s2,2,7577,oracle,0.5,0.25,0.9689,0.84117,35908
VessMAP,5.657,A_dice,A_dice_s2,2,7577,oracle,0.5,0.5,0.97412,0.76794,42048
VessMAP,5.657,A_dice,A_dice_s2,2,7577,oracle,0.5,1.0,0.98154,0.67434,51857
VessMAP,5.657,A_dice,A_dice_s2,2,7577,oracle,1.0,0.0,0.97281,0.88866,32471
VessMAP,5.657,A_dice,A_dice_s2,2,7577,oracle,1.0,0.25,0.97892,0.81915,37876
VessMAP,5.657,A_dice,A_dice_s2,2,7577,oracle,1.0,0.5,0.98329,0.75066,43854
VessMAP,5.657,A_dice,A_dice_s2,2,7577,oracle,1.0,1.0,0.989,0.66685,52885
VessMAP,5.657,A_dice,A_dice_s2,2,7577,oracle,1.5,0.0,0.97499,0.84553,35723
VessMAP,5.657,A_dice,A_dice_s2,2,7577,oracle,1.5,0.25,0.98724,0.78541,40819
VessMAP,5.657,A_dice,A_dice_s2,2,7577,oracle,1.5,0.5,0.98987,0.73458,45573
VessMAP,5.657,A_dice,A_dice_s2,2,7577,oracle,1.5,1.0,0.99251,0.66074,53741
VessMAP,5.657,A_dice,A_dice_s2,2,7577,oracle,2.0,0.0,0.97848,0.77399,41767
VessMAP,5.657,A_dice,A_dice_s2,2,7577,oracle,2.0,0.25,0.98943,0.73938,45140
VessMAP,5.657,A_dice,A_dice_s2,2,7577,oracle,2.0,0.5,0.99251,0.7037,48860
VessMAP,5.657,A_dice,A_dice_s2,2,7577,oracle,2.0,1.0,0.99515,0.65123,55016
VessMAP,5.657,A_dice,A_dice_s2,2,7783,raw,0.0,0.0,0.73836,0.91788,23819
VessMAP,5.657,A_dice,A_dice_s2,2,7783,isotropic,0.25,0.25,0.8611,0.81559,33495
VessMAP,5.657,A_dice,A_dice_s2,2,7783,isotropic,0.5,0.5,0.87542,0.72455,41496
VessMAP,5.657,A_dice,A_dice_s2,2,7783,isotropic,0.75,0.75,0.88815,0.65442,49242
VessMAP,5.657,A_dice,A_dice_s2,2,7783,isotropic,1.0,1.0,0.93437,0.61991,53774
VessMAP,5.657,A_dice,A_dice_s2,2,7783,isotropic,1.5,1.5,0.95456,0.5761,60216
VessMAP,5.657,A_dice,A_dice_s2,2,7783,oracle,0.0,0.25,0.82833,0.87737,27366
VessMAP,5.657,A_dice,A_dice_s2,2,7783,oracle,0.0,0.5,0.85273,0.78675,35390
VessMAP,5.657,A_dice,A_dice_s2,2,7783,oracle,0.0,1.0,0.86236,0.66406,47331
VessMAP,5.657,A_dice,A_dice_s2,2,7783,oracle,0.5,0.0,0.85399,0.89665,27339
VessMAP,5.657,A_dice,A_dice_s2,2,7783,oracle,0.5,0.25,0.86656,0.81329,33917
VessMAP,5.657,A_dice,A_dice_s2,2,7783,oracle,0.5,0.5,0.87499,0.72729,41217
VessMAP,5.657,A_dice,A_dice_s2,2,7783,oracle,0.5,1.0,0.88262,0.62569,52456
VessMAP,5.657,A_dice,A_dice_s2,2,7783,oracle,1.0,0.0,0.87078,0.86113,30483
VessMAP,5.657,A_dice,A_dice_s2,2,7783,oracle,1.0,0.25,0.88094,0.78759,36418
VessMAP,5.657,A_dice,A_dice_s2,2,7783,oracle,1.0,0.5,0.92392,0.71064,43373
VessMAP,5.657,A_dice,A_dice_s2,2,7783,oracle,1.0,1.0,0.93437,0.62056,53685
VessMAP,5.657,A_dice,A_dice_s2,2,7783,oracle,1.5,0.0,0.91396,0.81001,34549
VessMAP,5.657,A_dice,A_dice_s2,2,7783,oracle,1.5,0.25,0.92566,0.74223,40581
VessMAP,5.657,A_dice,A_dice_s2,2,7783,oracle,1.5,0.5,0.93219,0.68802,45939
VessMAP,5.657,A_dice,A_dice_s2,2,7783,oracle,1.5,1.0,0.94093,0.6142,54752
VessMAP,5.657,A_dice,A_dice_s2,2,7783,oracle,2.0,0.0,0.92131,0.72241,42278
VessMAP,5.657,A_dice,A_dice_s2,2,7783,oracle,2.0,0.25,0.93044,0.68612,46164
VessMAP,5.657,A_dice,A_dice_s2,2,7783,oracle,2.0,0.5,0.93918,0.64889,50419
VessMAP,5.657,A_dice,A_dice_s2,2,7783,oracle,2.0,1.0,0.94576,0.60166,56571
VessMAP,5.657,A_dice,A_dice_s2,2,7865,raw,0.0,0.0,0.79491,0.8809,21320
VessMAP,5.657,A_dice,A_dice_s2,2,7865,isotropic,0.25,0.25,0.93122,0.74293,30402
VessMAP,5.657,A_dice,A_dice_s2,2,7865,isotropic,0.5,0.5,0.94527,0.65034,37784
VessMAP,5.657,A_dice,A_dice_s2,2,7865,isotropic,0.75,0.75,0.95893,0.57671,45359
VessMAP,5.657,A_dice,A_dice_s2,2,7865,isotropic,1.0,1.0,0.96875,0.53887,50071
VessMAP,5.657,A_dice,A_dice_s2,2,7865,isotropic,1.5,1.5,0.97467,0.48872,57417
VessMAP,5.657,A_dice,A_dice_s2,2,7865,oracle,0.0,0.25,0.8698,0.82307,24735
VessMAP,5.657,A_dice,A_dice_s2,2,7865,oracle,0.0,0.5,0.88855,0.71812,31943
VessMAP,5.657,A_dice,A_dice_s2,2,7865,oracle,0.0,1.0,0.90702,0.59114,43346
VessMAP,5.657,A_dice,A_dice_s2,2,7865,oracle,0.5,0.0,0.92159,0.82743,24985
VessMAP,5.657,A_dice,A_dice_s2,2,7865,oracle,0.5,0.25,0.9375,0.73632,31005
VessMAP,5.657,A_dice,A_dice_s2,2,7865,oracle,0.5,0.5,0.94478,0.65327,37515
VessMAP,5.657,A_dice,A_dice_s2,2,7865,oracle,0.5,1.0,0.96187,0.54911,48594
VessMAP,5.657,A_dice,A_dice_s2,2,7865,oracle,1.0,0.0,0.93896,0.77352,28483
VessMAP,5.657,A_dice,A_dice_s2,2,7865,oracle,1.0,0.25,0.95013,0.7007,33797
VessMAP,5.657,A_dice,A_dice_s2,2,7865,oracle,1.0,0.5,0.95697,0.62965,39914
VessMAP,5.657,A_dice,A_dice_s2,2,7865,oracle,1.0,1.0,0.96777,0.53955,49977
VessMAP,5.657,A_dice,A_dice_s2,2,7865,oracle,1.5,0.0,0.94381,0.71429,32615
VessMAP,5.657,A_dice,A_dice_s2,2,7865,oracle,1.5,0.25,0.95453,0.64956,38067
VessMAP,5.657,A_dice,A_dice_s2,2,7865,oracle,1.5,0.5,0.95844,0.60292,42610
VessMAP,5.657,A_dice,A_dice_s2,2,7865,oracle,1.5,1.0,0.97269,0.5315,51160
VessMAP,5.657,A_dice,A_dice_s2,2,7865,oracle,2.0,0.0,0.95355,0.63051,39774
VessMAP,5.657,A_dice,A_dice_s2,2,7865,oracle,2.0,0.25,0.95942,0.59586,43319
VessMAP,5.657,A_dice,A_dice_s2,2,7865,oracle,2.0,0.5,0.96285,0.56228,47129
VessMAP,5.657,A_dice,A_dice_s2,2,7865,oracle,2.0,1.0,0.97417,0.51742,53109
VessMAP,5.657,A_dice,A_dice_s2,2,8065,raw,0.0,0.0,0.19822,0.95218,9323
VessMAP,5.657,A_dice,A_dice_s2,2,8065,isotropic,0.25,0.25,0.41052,0.83739,12497
VessMAP,5.657,A_dice,A_dice_s2,2,8065,isotropic,0.5,0.5,0.41117,0.73812,15434
VessMAP,5.657,A_dice,A_dice_s2,2,8065,isotropic,0.75,0.75,0.41283,0.6488,18846
VessMAP,5.657,A_dice,A_dice_s2,2,8065,isotropic,1.0,1.0,0.4135,0.59255,21515
VessMAP,5.657,A_dice,A_dice_s2,2,8065,isotropic,1.5,1.5,0.4135,0.5001,27167
VessMAP,5.657,A_dice,A_dice_s2,2,8065,oracle,0.0,0.25,0.2387,0.90691,10503
VessMAP,5.657,A_dice,A_dice_s2,2,8065,oracle,0.0,0.5,0.41052,0.81159,13170
VessMAP,5.657,A_dice,A_dice_s2,2,8065,oracle,0.0,1.0,0.41086,0.66029,18333
VessMAP,5.657,A_dice,A_dice_s2,2,8065,oracle,0.5,0.0,0.4102,0.92673,10309
VessMAP,5.657,A_dice,A_dice_s2,2,8065,oracle,0.5,0.25,0.41052,0.83422,12591
VessMAP,5.657,A_dice,A_dice_s2,2,8065,oracle,0.5,0.5,0.41085,0.74292,15273
VessMAP,5.657,A_dice,A_dice_s2,2,8065,oracle,0.5,1.0,0.4135,0.60431,20910
VessMAP,5.657,A_dice,A_dice_s2,2,8065,oracle,1.0,0.0,0.41052,0.88761,11273
VessMAP,5.657,A_dice,A_dice_s2,2,8065,oracle,1.0,0.25,0.41117,0.80955,13268
VessMAP,5.657,A_dice,A_dice_s2,2,8065,oracle,1.0,0.5,0.41183,0.72133,16015
VessMAP,5.657,A_dice,A_dice_s2,2,8065,oracle,1.0,1.0,0.4135,0.59399,21441
VessMAP,5.657,A_dice,A_dice_s2,2,8065,oracle,1.5,0.0,0.41052,0.8367,12522
VessMAP,5.657,A_dice,A_dice_s2,2,8065,oracle,1.5,0.25,0.41117,0.76375,14612
VessMAP,5.657,A_dice,A_dice_s2,2,8065,oracle,1.5,0.5,0.41183,0.69658,16906
VessMAP,5.657,A_dice,A_dice_s2,2,8065,oracle,1.5,1.0,0.4135,0.58473,21924
VessMAP,5.657,A_dice,A_dice_s2,2,8065,oracle,2.0,0.0,0.41052,0.74995,15029
VessMAP,5.657,A_dice,A_dice_s2,2,8065,oracle,2.0,0.25,0.4115,0.70421,16619
VessMAP,5.657,A_dice,A_dice_s2,2,8065,oracle,2.0,0.5,0.41283,0.65094,18742
VessMAP,5.657,A_dice,A_dice_s2,2,8065,oracle,2.0,1.0,0.4135,0.5654,22983
VessMAP,5.657,A_dice,A_dice_s2,2,8196,raw,0.0,0.0,0.70319,0.91925,22291
VessMAP,5.657,A_dice,A_dice_s2,2,8196,isotropic,0.25,0.25,0.89255,0.79073,31861
VessMAP,5.657,A_dice,A_dice_s2,2,8196,isotropic,0.5,0.5,0.90456,0.69343,39789
VessMAP,5.657,A_dice,A_dice_s2,2,8196,isotropic,0.75,0.75,0.92011,0.6166,47895
VessMAP,5.657,A_dice,A_dice_s2,2,8196,isotropic,1.0,1.0,0.9288,0.57706,52908
VessMAP,5.657,A_dice,A_dice_s2,2,8196,isotropic,1.5,1.5,0.93537,0.52793,60108
VessMAP,5.657,A_dice,A_dice_s2,2,8196,oracle,0.0,0.25,0.71042,0.86972,25693
VessMAP,5.657,A_dice,A_dice_s2,2,8196,oracle,0.0,0.5,0.73261,0.75926,33894
VessMAP,5.657,A_dice,A_dice_s2,2,8196,oracle,0.0,1.0,0.75787,0.62704,46257
VessMAP,5.657,A_dice,A_dice_s2,2,8196,oracle,0.5,0.0,0.87094,0.88108,25760
VessMAP,5.657,A_dice,A_dice_s2,2,8196,oracle,0.5,0.25,0.89941,0.78657,32296
VessMAP,5.657,A_dice,A_dice_s2,2,8196,oracle,0.5,0.5,0.90456,0.6975,39428
VessMAP,5.657,A_dice,A_dice_s2,2,8196,oracle,0.5,1.0,0.92357,0.58576,51600
VessMAP,5.657,A_dice,A_dice_s2,2,8196,oracle,1.0,0.0,0.8977,0.83366,29129
VessMAP,5.657,A_dice,A_dice_s2,2,8196,oracle,1.0,0.25,0.90844,0.75406,34921
VessMAP,5.657,A_dice,A_dice_s2,2,8196,oracle,1.0,0.5,0.91621,0.67506,41752
VessMAP,5.657,A_dice,A_dice_s2,2,8196,oracle,1.0,1.0,0.9288,0.57788,52802
VessMAP,5.657,A_dice,A_dice_s2,2,8196,oracle,1.5,0.0,0.90157,0.76882,33678
VessMAP,5.657,A_dice,A_dice_s2,2,8196,oracle,1.5,0.25,0.91449,0.69913,39583
VessMAP,5.657,A_dice,A_dice_s2,2,8196,oracle,1.5,0.5,0.92099,0.64719,44714
VessMAP,5.657,A_dice,A_dice_s2,2,8196,oracle,1.5,1.0,0.93318,0.57016,53971
VessMAP,5.657,A_dice,A_dice_s2,2,8196,oracle,2.0,0.0,0.90847,0.67483,41815
VessMAP,5.657,A_dice,A_dice_s2,2,8196,oracle,2.0,0.25,0.9223,0.6369,45813
VessMAP,5.657,A_dice,A_dice_s2,2,8196,oracle,2.0,0.5,0.92666,0.60259,49796
VessMAP,5.657,A_dice,A_dice_s2,2,8196,oracle,2.0,1.0,0.93494,0.55551,56050
VessMAP,5.657,A_dice,A_dice_s2,2,8256,raw,0.0,0.0,0.36158,0.91719,9587
VessMAP,5.657,A_dice,A_dice_s2,2,8256,isotropic,0.25,0.25,0.39195,0.80983,12780
VessMAP,5.657,A_dice,A_dice_s2,2,8256,isotropic,0.5,0.5,0.39611,0.71484,15840
VessMAP,5.657,A_dice,A_dice_s2,2,8256,isotropic,0.75,0.75,0.39834,0.62218,19653
VessMAP,5.657,A_dice,A_dice_s2,2,8256,isotropic,1.0,1.0,0.39961,0.56571,22579
VessMAP,5.657,A_dice,A_dice_s2,2,8256,isotropic,1.5,1.5,0.40237,0.47427,28778
VessMAP,5.657,A_dice,A_dice_s2,2,8256,oracle,0.0,0.25,0.36238,0.87634,10706
VessMAP,5.657,A_dice,A_dice_s2,2,8256,oracle,0.0,0.5,0.38391,0.78443,13411
VessMAP,5.657,A_dice,A_dice_s2,2,8256,oracle,0.0,1.0,0.38487,0.63982,18629
VessMAP,5.657,A_dice,A_dice_s2,2,8256,oracle,0.5,0.0,0.38477,0.88264,10826
VessMAP,5.657,A_dice,A_dice_s2,2,8256,oracle,0.5,0.25,0.39506,0.80495,12979
VessMAP,5.657,A_dice,A_dice_s2,2,8256,oracle,0.5,0.5,0.39611,0.71588,15804
VessMAP,5.657,A_dice,A_dice_s2,2,8256,oracle,0.5,1.0,0.39708,0.58125,21611
VessMAP,5.657,A_dice,A_dice_s2,2,8256,oracle,1.0,0.0,0.39714,0.84887,11885
VessMAP,5.657,A_dice,A_dice_s2,2,8256,oracle,1.0,0.25,0.39855,0.77694,13915
VessMAP,5.657,A_dice,A_dice_s2,2,8256,oracle,1.0,0.5,0.39953,0.69383,16713
VessMAP,5.657,A_dice,A_dice_s2,2,8256,oracle,1.0,1.0,0.39961,0.56592,22567
VessMAP,5.657,A_dice,A_dice_s2,2,8256,oracle,1.5,0.0,0.39968,0.80796,13063
VessMAP,5.657,A_dice,A_dice_s2,2,8256,oracle,1.5,0.25,0.40109,0.73495,15335
VessMAP,5.657,A_dice,A_dice_s2,2,8256,oracle,1.5,0.5,0.40109,0.66883,17766
VessMAP,5.657,A_dice,A_dice_s2,2,8256,oracle,1.5,1.0,0.40229,0.55435,23312
VessMAP,5.657,A_dice,A_dice_s2,2,8256,oracle,2.0,0.0,0.40139,0.72971,15507
VessMAP,5.657,A_dice,A_dice_s2,2,8256,oracle,2.0,0.25,0.40293,0.68428,17212
VessMAP,5.657,A_dice,A_dice_s2,2,8256,oracle,2.0,0.5,0.46173,0.62772,19598
VessMAP,5.657,A_dice,A_dice_s2,2,8256,oracle,2.0,1.0,0.46195,0.53639,24498
VessMAP,5.657,A_dice,A_dice_s2,2,8284,raw,0.0,0.0,0.86832,0.95195,12027
VessMAP,5.657,A_dice,A_dice_s2,2,8284,isotropic,0.25,0.25,0.9362,0.86281,15126
VessMAP,5.657,A_dice,A_dice_s2,2,8284,isotropic,0.5,0.5,0.93776,0.78052,18023
VessMAP,5.657,A_dice,A_dice_s2,2,8284,isotropic,0.75,0.75,0.94086,0.69724,21570
VessMAP,5.657,A_dice,A_dice_s2,2,8284,isotropic,1.0,1.0,0.94242,0.64468,24283
VessMAP,5.657,A_dice,A_dice_s2,2,8284,isotropic,1.5,1.5,0.94242,0.55474,30096
VessMAP,5.657,A_dice,A_dice_s2,2,8284,oracle,0.0,0.25,0.8758,0.92011,13143
VessMAP,5.657,A_dice,A_dice_s2,2,8284,oracle,0.0,0.5,0.87898,0.83908,15866
VessMAP,5.657,A_dice,A_dice_s2,2,8284,oracle,0.0,1.0,0.88349,0.71322,20797
VessMAP,5.657,A_dice,A_dice_s2,2,8284,oracle,0.5,0.0,0.88491,0.92571,13162
VessMAP,5.657,A_dice,A_dice_s2,2,8284,oracle,0.5,0.25,0.93776,0.8594,15262
VessMAP,5.657,A_dice,A_dice_s2,2,8284,oracle,0.5,0.5,0.93776,0.78254,17947
VessMAP,5.657,A_dice,A_dice_s2,2,8284,oracle,0.5,1.0,0.93931,0.65684,23604
VessMAP,5.657,A_dice,A_dice_s2,2,8284,oracle,1.0,0.0,0.93776,0.89483,14178
VessMAP,5.657,A_dice,A_dice_s2,2,8284,oracle,1.0,0.25,0.93931,0.83468,16104
VessMAP,5.657,A_dice,A_dice_s2,2,8284,oracle,1.0,0.5,0.94086,0.76334,18702
VessMAP,5.657,A_dice,A_dice_s2,2,8284,oracle,1.0,1.0,0.94242,0.64542,24242
VessMAP,5.657,A_dice,A_dice_s2,2,8284,oracle,1.5,0.0,0.93776,0.85412,15449
VessMAP,5.657,A_dice,A_dice_s2,2,8284,oracle,1.5,0.25,0.94242,0.79582,17472
VessMAP,5.657,A_dice,A_dice_s2,2,8284,oracle,1.5,0.5,0.94242,0.73945,19693
VessMAP,5.657,A_dice,A_dice_s2,2,8284,oracle,1.5,1.0,0.94242,0.6356,24798
VessMAP,5.657,A_dice,A_dice_s2,2,8284,oracle,2.0,0.0,0.93776,0.78358,17900
VessMAP,5.657,A_dice,A_dice_s2,2,8284,oracle,2.0,0.25,0.94242,0.74888,19294
VessMAP,5.657,A_dice,A_dice_s2,2,8284,oracle,2.0,0.5,0.94242,0.70048,21431
VessMAP,5.657,A_dice,A_dice_s2,2,8284,oracle,2.0,1.0,0.94242,0.61673,25910
VessMAP,5.657,A_dice,A_dice_s2,2,8353,raw,0.0,0.0,0.25481,0.93703,13662
VessMAP,5.657,A_dice,A_dice_s2,2,8353,isotropic,0.25,0.25,0.52437,0.7778,20414
VessMAP,5.657,A_dice,A_dice_s2,2,8353,isotropic,0.5,0.5,0.52754,0.66234,26465
VessMAP,5.657,A_dice,A_dice_s2,2,8353,isotropic,0.75,0.75,0.53339,0.56658,33398
VessMAP,5.657,A_dice,A_dice_s2,2,8353,isotropic,1.0,1.0,0.53818,0.5152,38224
VessMAP,5.657,A_dice,A_dice_s2,2,8353,isotropic,1.5,1.5,0.61343,0.44056,47234
VessMAP,5.657,A_dice,A_dice_s2,2,8353,oracle,0.0,0.25,0.25714,0.86852,16255
VessMAP,5.657,A_dice,A_dice_s2,2,8353,oracle,0.0,0.5,0.52169,0.73975,22101
VessMAP,5.657,A_dice,A_dice_s2,2,8353,oracle,0.0,1.0,0.52377,0.58103,31931
VessMAP,5.657,A_dice,A_dice_s2,2,8353,oracle,0.5,0.0,0.49633,0.89199,15855
VessMAP,5.657,A_dice,A_dice_s2,2,8353,oracle,0.5,0.25,0.52649,0.77501,20598
VessMAP,5.657,A_dice,A_dice_s2,2,8353,oracle,0.5,0.5,0.52754,0.66581,26251
VessMAP,5.657,A_dice,A_dice_s2,2,8353,oracle,0.5,1.0,0.53174,0.5245,37075
VessMAP,5.657,A_dice,A_dice_s2,2,8353,oracle,1.0,0.0,0.52708,0.83724,18071
VessMAP,5.657,A_dice,A_dice_s2,2,8353,oracle,1.0,0.25,0.53237,0.74028,22389
VessMAP,5.657,A_dice,A_dice_s2,2,8353,oracle,1.0,0.5,0.53448,0.6433,27857
VessMAP,5.657,A_dice,A_dice_s2,2,8353,oracle,1.0,1.0,0.53818,0.51611,38129
VessMAP,5.657,A_dice,A_dice_s2,2,8353,oracle,1.5,0.0,0.59933,0.7653,21176
VessMAP,5.657,A_dice,A_dice_s2,2,8353,oracle,1.5,0.25,0.60551,0.67567,25971
VessMAP,5.657,A_dice,A_dice_s2,2,8353,oracle,1.5,0.5,0.60664,0.6087,30342
VessMAP,5.657,A_dice,A_dice_s2,2,8353,oracle,1.5,1.0,0.60947,0.5072,39176
VessMAP,5.657,A_dice,A_dice_s2,2,8353,oracle,2.0,0.0,0.60608,0.65359,27299
VessMAP,5.657,A_dice,A_dice_s2,2,8353,oracle,2.0,0.25,0.60834,0.601,30946
VessMAP,5.657,A_dice,A_dice_s2,2,8353,oracle,2.0,0.5,0.60947,0.55058,35039
VessMAP,5.657,A_dice,A_dice_s2,2,8353,oracle,2.0,1.0,0.61286,0.48463,41692
VessMAP,5.657,A_dice,A_dice_s2,2,8429,raw,0.0,0.0,0.94684,0.94547,23169
VessMAP,5.657,A_dice,A_dice_s2,2,8429,isotropic,0.25,0.25,0.97793,0.82933,32704
VessMAP,5.657,A_dice,A_dice_s2,2,8429,isotropic,0.5,0.5,0.98241,0.73046,40530
VessMAP,5.657,A_dice,A_dice_s2,2,8429,isotropic,0.75,0.75,0.98511,0.65218,48337
VessMAP,5.657,A_dice,A_dice_s2,2,8429,isotropic,1.0,1.0,0.98781,0.61058,53334
VessMAP,5.657,A_dice,A_dice_s2,2,8429,isotropic,1.5,1.5,0.98871,0.55656,60869
VessMAP,5.657,A_dice,A_dice_s2,2,8429,oracle,0.0,0.25,0.96098,0.89934,26811
VessMAP,5.657,A_dice,A_dice_s2,2,8429,oracle,0.0,0.5,0.97211,0.7947,34996
VessMAP,5.657,A_dice,A_dice_s2,2,8429,oracle,0.0,1.0,0.97435,0.65927,47240
VessMAP,5.657,A_dice,A_dice_s2,2,8429,oracle,0.5,0.0,0.97614,0.9235,26157
VessMAP,5.657,A_dice,A_dice_s2,2,8429,oracle,0.5,0.25,0.98151,0.82796,32918
VessMAP,5.657,A_dice,A_dice_s2,2,8429,oracle,0.5,0.5,0.98241,0.73424,40201
VessMAP,5.657,A_dice,A_dice_s2,2,8429,oracle,0.5,1.0,0.98331,0.61712,52339
VessMAP,5.657,A_dice,A_dice_s2,2,8429,oracle,1.0,0.0,0.98331,0.89209,28610
VessMAP,5.657,A_dice,A_dice_s2,2,8429,oracle,1.0,0.25,0.98466,0.80664,34566
VessMAP,5.657,A_dice,A_dice_s2,2,8429,oracle,1.0,0.5,0.98691,0.71849,41739
VessMAP,5.657,A_dice,A_dice_s2,2,8429,oracle,1.0,1.0,0.98781,0.6114,53232
VessMAP,5.657,A_dice,A_dice_s2,2,8429,oracle,1.5,0.0,0.98466,0.83229,32567
VessMAP,5.657,A_dice,A_dice_s2,2,8429,oracle,1.5,0.25,0.98646,0.7566,38471
VessMAP,5.657,A_dice,A_dice_s2,2,8429,oracle,1.5,0.5,0.98781,0.69688,43835
VessMAP,5.657,A_dice,A_dice_s2,2,8429,oracle,1.5,1.0,0.98871,0.60626,53945
VessMAP,5.657,A_dice,A_dice_s2,2,8429,oracle,2.0,0.0,0.98466,0.73202,40465
VessMAP,5.657,A_dice,A_dice_s2,2,8429,oracle,2.0,0.25,0.98736,0.68968,44529
VessMAP,5.657,A_dice,A_dice_s2,2,8429,oracle,2.0,0.5,0.98826,0.64951,48778
VessMAP,5.657,A_dice,A_dice_s2,2,8429,oracle,2.0,1.0,0.98871,0.59382,55568
VessMAP,5.657,A_dice,A_dice_s2,2,8493,raw,0.0,0.0,0.3013,0.90833,15776
VessMAP,5.657,A_dice,A_dice_s2,2,8493,isotropic,0.25,0.25,0.35859,0.82867,20463
VessMAP,5.657,A_dice,A_dice_s2,2,8493,isotropic,0.5,0.5,0.5395,0.74899,24776
VessMAP,5.657,A_dice,A_dice_s2,2,8493,isotropic,0.75,0.75,0.54315,0.67121,29550
VessMAP,5.657,A_dice,A_dice_s2,2,8493,isotropic,1.0,1.0,0.54315,0.62134,33167
VessMAP,5.657,A_dice,A_dice_s2,2,8493,isotropic,1.5,1.5,0.54315,0.54181,40249
VessMAP,5.657,A_dice,A_dice_s2,2,8493,oracle,0.0,0.25,0.31226,0.88598,17075
VessMAP,5.657,A_dice,A_dice_s2,2,8493,oracle,0.0,0.5,0.32524,0.80988,21117
VessMAP,5.657,A_dice,A_dice_s2,2,8493,oracle,0.0,1.0,0.50152,0.68254,28354
VessMAP,5.657,A_dice,A_dice_s2,2,8493,oracle,0.5,0.0,0.35354,0.88756,17694
VessMAP,5.657,A_dice,A_dice_s2,2,8493,oracle,0.5,0.25,0.524,0.82526,20789
VessMAP,5.657,A_dice,A_dice_s2,2,8493,oracle,0.5,0.5,0.53868,0.75062,24684
VessMAP,5.657,A_dice,A_dice_s2,2,8493,oracle,0.5,1.0,0.54217,0.63865,31784
VessMAP,5.657,A_dice,A_dice_s2,2,8493,oracle,1.0,0.0,0.52806,0.85958,19357
VessMAP,5.657,A_dice,A_dice_s2,2,8493,oracle,1.0,0.25,0.54275,0.79936,22305
VessMAP,5.657,A_dice,A_dice_s2,2,8493,oracle,1.0,0.5,0.54315,0.72996,25968
VessMAP,5.657,A_dice,A_dice_s2,2,8493,oracle,1.0,1.0,0.54315,0.62187,33126
VessMAP,5.657,A_dice,A_dice_s2,2,8493,oracle,1.5,0.0,0.54268,0.82471,21036
VessMAP,5.657,A_dice,A_dice_s2,2,8493,oracle,1.5,0.25,0.54275,0.76307,24187
VessMAP,5.657,A_dice,A_dice_s2,2,8493,oracle,1.5,0.5,0.54315,0.70647,27365
VessMAP,5.657,A_dice,A_dice_s2,2,8493,oracle,1.5,1.0,0.54315,0.61016,34065
VessMAP,5.657,A_dice,A_dice_s2,2,8493,oracle,2.0,0.0,0.54275,0.75747,24455
VessMAP,5.657,A_dice,A_dice_s2,2,8493,oracle,2.0,0.25,0.54295,0.71894,26631
VessMAP,5.657,A_dice,A_dice_s2,2,8493,oracle,2.0,0.5,0.54315,0.67099,29621
VessMAP,5.657,A_dice,A_dice_s2,2,8493,oracle,2.0,1.0,0.54315,0.59416,35385
VessMAP,5.657,A_dice,A_dice_s2,2,8506,raw,0.0,0.0,0.33583,0.91258,12975
VessMAP,5.657,A_dice,A_dice_s2,2,8506,isotropic,0.25,0.25,0.39113,0.7762,19219
VessMAP,5.657,A_dice,A_dice_s2,2,8506,isotropic,0.5,0.5,0.39505,0.66551,24818
VessMAP,5.657,A_dice,A_dice_s2,2,8506,isotropic,0.75,0.75,0.39585,0.57158,31234
VessMAP,5.657,A_dice,A_dice_s2,2,8506,isotropic,1.0,1.0,0.39608,0.51955,35737
VessMAP,5.657,A_dice,A_dice_s2,2,8506,isotropic,1.5,1.5,0.39622,0.44311,44227
VessMAP,5.657,A_dice,A_dice_s2,2,8506,oracle,0.0,0.25,0.33847,0.86376,15009
VessMAP,5.657,A_dice,A_dice_s2,2,8506,oracle,0.0,0.5,0.36992,0.74652,20383
VessMAP,5.657,A_dice,A_dice_s2,2,8506,oracle,0.0,1.0,0.37151,0.58868,29571
VessMAP,5.657,A_dice,A_dice_s2,2,8506,oracle,0.5,0.0,0.38828,0.87018,15439
VessMAP,5.657,A_dice,A_dice_s2,2,8506,oracle,0.5,0.25,0.39341,0.76948,19604
VessMAP,5.657,A_dice,A_dice_s2,2,8506,oracle,0.5,0.5,0.39497,0.66969,24572
VessMAP,5.657,A_dice,A_dice_s2,2,8506,oracle,0.5,1.0,0.3957,0.53361,34311
VessMAP,5.657,A_dice,A_dice_s2,2,8506,oracle,1.0,0.0,0.39173,0.81056,17945
VessMAP,5.657,A_dice,A_dice_s2,2,8506,oracle,1.0,0.25,0.39429,0.72411,21810
VessMAP,5.657,A_dice,A_dice_s2,2,8506,oracle,1.0,0.5,0.39557,0.63749,26633
VessMAP,5.657,A_dice,A_dice_s2,2,8506,oracle,1.0,1.0,0.39608,0.52059,35637
VessMAP,5.657,A_dice,A_dice_s2,2,8506,oracle,1.5,0.0,0.39411,0.74153,21002
VessMAP,5.657,A_dice,A_dice_s2,2,8506,oracle,1.5,0.25,0.39515,0.65884,25368
VessMAP,5.657,A_dice,A_dice_s2,2,8506,oracle,1.5,0.5,0.3957,0.59841,29278
VessMAP,5.657,A_dice,A_dice_s2,2,8506,oracle,1.5,1.0,0.39621,0.50726,36990
VessMAP,5.657,A_dice,A_dice_s2,2,8506,oracle,2.0,0.0,0.39513,0.64247,26381
VessMAP,5.657,A_dice,A_dice_s2,2,8506,oracle,2.0,0.25,0.39519,0.59448,29623
VessMAP,5.657,A_dice,A_dice_s2,2,8506,oracle,2.0,0.5,0.39624,0.54866,33193
VessMAP,5.657,A_dice,A_dice_s2,2,8506,oracle,2.0,1.0,0.39624,0.48382,39442
VessMAP,5.657,A_dice,A_dice_s2,2,8686,raw,0.0,0.0,0.2047,0.91071,16843
VessMAP,5.657,A_dice,A_dice_s2,2,8686,isotropic,0.25,0.25,0.22834,0.81583,24497
VessMAP,5.657,A_dice,A_dice_s2,2,8686,isotropic,0.5,0.5,0.23398,0.71447,31265
VessMAP,5.657,A_dice,A_dice_s2,2,8686,isotropic,0.75,0.75,0.2592,0.62329,38771
VessMAP,5.657,A_dice,A_dice_s2,2,8686,isotropic,1.0,1.0,0.2608,0.57121,44091
VessMAP,5.657,A_dice,A_dice_s2,2,8686,isotropic,1.5,1.5,0.26465,0.49635,53692
VessMAP,5.657,A_dice,A_dice_s2,2,8686,oracle,0.0,0.25,0.20682,0.87311,19565
VessMAP,5.657,A_dice,A_dice_s2,2,8686,oracle,0.0,0.5,0.22455,0.7816,26226
VessMAP,5.657,A_dice,A_dice_s2,2,8686,oracle,0.0,1.0,0.2309,0.63539,37118
VessMAP,5.657,A_dice,A_dice_s2,2,8686,oracle,0.5,0.0,0.21728,0.89466,19629
VessMAP,5.657,A_dice,A_dice_s2,2,8686,oracle,0.5,0.25,0.23037,0.81365,24844
VessMAP,5.657,A_dice,A_dice_s2,2,8686,oracle,0.5,0.5,0.23157,0.71866,30942
VessMAP,5.657,A_dice,A_dice_s2,2,8686,oracle,0.5,1.0,0.23553,0.58287,42651
VessMAP,5.657,A_dice,A_dice_s2,2,8686,oracle,1.0,0.0,0.24494,0.85735,22408
VessMAP,5.657,A_dice,A_dice_s2,2,8686,oracle,1.0,0.25,0.25822,0.78115,27137
VessMAP,5.657,A_dice,A_dice_s2,2,8686,oracle,1.0,0.5,0.25982,0.69355,33024
VessMAP,5.657,A_dice,A_dice_s2,2,8686,oracle,1.0,1.0,0.2608,0.57246,43952
VessMAP,5.657,A_dice,A_dice_s2,2,8686,oracle,1.5,0.0,0.25885,0.79072,26326
VessMAP,5.657,A_dice,A_dice_s2,2,8686,oracle,1.5,0.25,0.26068,0.71616,31431
VessMAP,5.657,A_dice,A_dice_s2,2,8686,oracle,1.5,0.5,0.26131,0.65753,35957
VessMAP,5.657,A_dice,A_dice_s2,2,8686,oracle,1.5,1.0,0.26229,0.56065,45364
VessMAP,5.657,A_dice,A_dice_s2,2,8686,oracle,2.0,0.0,0.25934,0.68561,33527
VessMAP,5.657,A_dice,A_dice_s2,2,8686,oracle,2.0,0.25,0.2613,0.64338,37146
VessMAP,5.657,A_dice,A_dice_s2,2,8686,oracle,2.0,0.5,0.26193,0.60036,41162
VessMAP,5.657,A_dice,A_dice_s2,2,8686,oracle,2.0,1.0,0.26429,0.53771,48139
VessMAP,5.657,A_dice,A_dice_s2,2,8990,raw,0.0,0.0,0.8798,0.97576,20730
VessMAP,5.657,A_dice,A_dice_s2,2,8990,isotropic,0.25,0.25,0.88828,0.91414,24842
VessMAP,5.657,A_dice,A_dice_s2,2,8990,isotropic,0.5,0.5,0.92082,0.84799,28533
VessMAP,5.657,A_dice,A_dice_s2,2,8990,isotropic,0.75,0.75,0.92082,0.78004,32875
VessMAP,5.657,A_dice,A_dice_s2,2,8990,isotropic,1.0,1.0,0.92082,0.73586,36114
VessMAP,5.657,A_dice,A_dice_s2,2,8990,isotropic,1.5,1.5,0.92082,0.66083,42601
VessMAP,5.657,A_dice,A_dice_s2,2,8990,oracle,0.0,0.25,0.88399,0.95302,22207
VessMAP,5.657,A_dice,A_dice_s2,2,8990,oracle,0.0,0.5,0.88827,0.89508,25787
VessMAP,5.657,A_dice,A_dice_s2,2,8990,oracle,0.0,1.0,0.92082,0.78743,32364
VessMAP,5.657,A_dice,A_dice_s2,2,8990,oracle,0.5,0.0,0.91974,0.96593,22066
VessMAP,5.657,A_dice,A_dice_s2,2,8990,oracle,0.5,0.25,0.92082,0.91292,24938
VessMAP,5.657,A_dice,A_dice_s2,2,8990,oracle,0.5,0.5,0.92082,0.8505,28384
VessMAP,5.657,A_dice,A_dice_s2,2,8990,oracle,0.5,1.0,0.92082,0.74464,35440
VessMAP,5.657,A_dice,A_dice_s2,2,8990,oracle,1.0,0.0,0.92082,0.94768,23164
VessMAP,5.657,A_dice,A_dice_s2,2,8990,oracle,1.0,0.25,0.92082,0.89952,25676
VessMAP,5.657,A_dice,A_dice_s2,2,8990,oracle,1.0,0.5,0.92082,0.83828,29119
VessMAP,5.657,A_dice,A_dice_s2,2,8990,oracle,1.0,1.0,0.92082,0.73694,36030
VessMAP,5.657,A_dice,A_dice_s2,2,8990,oracle,1.5,0.0,0.92082,0.92319,24416
VessMAP,5.657,A_dice,A_dice_s2,2,8990,oracle,1.5,0.25,0.92082,0.87608,26944
VessMAP,5.657,A_dice,A_dice_s2,2,8990,oracle,1.5,0.5,0.92082,0.82489,29935
VessMAP,5.657,A_dice,A_dice_s2,2,8990,oracle,1.5,1.0,0.92082,0.73112,36484
VessMAP,5.657,A_dice,A_dice_s2,2,8990,oracle,2.0,0.0,0.92082,0.88027,26704
VessMAP,5.657,A_dice,A_dice_s2,2,8990,oracle,2.0,0.25,0.92082,0.84579,28683
VessMAP,5.657,A_dice,A_dice_s2,2,8990,oracle,2.0,0.5,0.92082,0.79942,31566
VessMAP,5.657,A_dice,A_dice_s2,2,8990,oracle,2.0,1.0,0.92082,0.72012,37363
VessMAP,5.657,A_dice,A_dice_s2,2,9000,raw,0.0,0.0,0.41943,0.92563,17896
VessMAP,5.657,A_dice,A_dice_s2,2,9000,isotropic,0.25,0.25,0.81189,0.85729,23215
VessMAP,5.657,A_dice,A_dice_s2,2,9000,isotropic,0.5,0.5,0.87707,0.77755,28140
VessMAP,5.657,A_dice,A_dice_s2,2,9000,isotropic,0.75,0.75,0.88722,0.69795,33917
VessMAP,5.657,A_dice,A_dice_s2,2,9000,isotropic,1.0,1.0,0.89233,0.64897,38125
VessMAP,5.657,A_dice,A_dice_s2,2,9000,isotropic,1.5,1.5,0.93237,0.57124,46021
VessMAP,5.657,A_dice,A_dice_s2,2,9000,oracle,0.0,0.25,0.42227,0.90411,19686
VessMAP,5.657,A_dice,A_dice_s2,2,9000,oracle,0.0,0.5,0.80698,0.83354,24336
VessMAP,5.657,A_dice,A_dice_s2,2,9000,oracle,0.0,1.0,0.8086,0.70467,32656
VessMAP,5.657,A_dice,A_dice_s2,2,9000,oracle,0.5,0.0,0.8103,0.91502,19936
VessMAP,5.657,A_dice,A_dice_s2,2,9000,oracle,0.5,0.25,0.87203,0.85617,23482
VessMAP,5.657,A_dice,A_dice_s2,2,9000,oracle,0.5,0.5,0.87622,0.77898,28044
VessMAP,5.657,A_dice,A_dice_s2,2,9000,oracle,0.5,1.0,0.88298,0.65866,36869
VessMAP,5.657,A_dice,A_dice_s2,2,9000,oracle,1.0,0.0,0.8796,0.89451,21655
VessMAP,5.657,A_dice,A_dice_s2,2,9000,oracle,1.0,0.25,0.88468,0.83873,24907
VessMAP,5.657,A_dice,A_dice_s2,2,9000,oracle,1.0,0.5,0.89062,0.76391,29448
VessMAP,5.657,A_dice,A_dice_s2,2,9000,oracle,1.0,1.0,0.89233,0.64935,38092
VessMAP,5.657,A_dice,A_dice_s2,2,9000,oracle,1.5,0.0,0.89064,0.86467,23589
VessMAP,5.657,A_dice,A_dice_s2,2,9000,oracle,1.5,0.25,0.92977,0.80676,26987
VessMAP,5.657,A_dice,A_dice_s2,2,9000,oracle,1.5,0.5,0.93064,0.74528,30874
VessMAP,5.657,A_dice,A_dice_s2,2,9000,oracle,1.5,1.0,0.93151,0.64115,38957
VessMAP,5.657,A_dice,A_dice_s2,2,9000,oracle,2.0,0.0,0.92977,0.80393,27180
VessMAP,5.657,A_dice,A_dice_s2,2,9000,oracle,2.0,0.25,0.93411,0.76396,29707
VessMAP,5.657,A_dice,A_dice_s2,2,9000,oracle,2.0,0.5,0.93411,0.71103,33348
VessMAP,5.657,A_dice,A_dice_s2,2,9000,oracle,2.0,1.0,0.93498,0.62655,40377
VessMAP,5.657,A_dice,A_dice_s2,2,9284,raw,0.0,0.0,0.97015,0.96891,30951
VessMAP,5.657,A_dice,A_dice_s2,2,9284,isotropic,0.25,0.25,0.99148,0.85489,40951
VessMAP,5.657,A_dice,A_dice_s2,2,9284,isotropic,0.5,0.5,0.99666,0.77692,48321
VessMAP,5.657,A_dice,A_dice_s2,2,9284,isotropic,0.75,0.75,0.9974,0.71927,54704
VessMAP,5.657,A_dice,A_dice_s2,2,9284,isotropic,1.0,1.0,0.9974,0.69202,58075
VessMAP,5.657,A_dice,A_dice_s2,2,9284,isotropic,1.5,1.5,0.9974,0.65878,62558
VessMAP,5.657,A_dice,A_dice_s2,2,9284,oracle,0.0,0.25,0.98336,0.92104,34927
VessMAP,5.657,A_dice,A_dice_s2,2,9284,oracle,0.0,0.5,0.98852,0.82788,43235
VessMAP,5.657,A_dice,A_dice_s2,2,9284,oracle,0.0,1.0,0.99148,0.72387,54031
VessMAP,5.657,A_dice,A_dice_s2,2,9284,oracle,0.5,0.0,0.98963,0.94219,34038
VessMAP,5.657,A_dice,A_dice_s2,2,9284,oracle,0.5,0.25,0.9937,0.85383,41115
VessMAP,5.657,A_dice,A_dice_s2,2,9284,oracle,0.5,0.5,0.99629,0.78154,47845
VessMAP,5.657,A_dice,A_dice_s2,2,9284,oracle,0.5,1.0,0.99703,0.69657,57464
VessMAP,5.657,A_dice,A_dice_s2,2,9284,oracle,1.0,0.0,0.99407,0.91684,36070
VessMAP,5.657,A_dice,A_dice_s2,2,9284,oracle,1.0,0.25,0.99666,0.84118,42286
VessMAP,5.657,A_dice,A_dice_s2,2,9284,oracle,1.0,0.5,0.9974,0.7694,49140
VessMAP,5.657,A_dice,A_dice_s2,2,9284,oracle,1.0,1.0,0.9974,0.6929,57963
VessMAP,5.657,A_dice,A_dice_s2,2,9284,oracle,1.5,0.0,0.99444,0.87329,39511
VessMAP,5.657,A_dice,A_dice_s2,2,9284,oracle,1.5,0.25,0.99703,0.80976,45143
VessMAP,5.657,A_dice,A_dice_s2,2,9284,oracle,1.5,0.5,0.9974,0.7585,50289
VessMAP,5.657,A_dice,A_dice_s2,2,9284,oracle,1.5,1.0,0.9974,0.69013,58319
VessMAP,5.657,A_dice,A_dice_s2,2,9284,oracle,2.0,0.0,0.99481,0.78811,47208
VessMAP,5.657,A_dice,A_dice_s2,2,9284,oracle,2.0,0.25,0.9974,0.75687,50461
VessMAP,5.657,A_dice,A_dice_s2,2,9284,oracle,2.0,0.5,0.9974,0.72677,53828
VessMAP,5.657,A_dice,A_dice_s2,2,9284,oracle,2.0,1.0,0.9974,0.68545,58927
VessMAP,5.657,A_dice,A_dice_s2,2,9452,raw,0.0,0.0,0.77053,0.94138,20620
VessMAP,5.657,A_dice,A_dice_s2,2,9452,isotropic,0.25,0.25,0.89104,0.81324,30402
VessMAP,5.657,A_dice,A_dice_s2,2,9452,isotropic,0.5,0.5,0.90474,0.71075,38293
VessMAP,5.657,A_dice,A_dice_s2,2,9452,isotropic,0.75,0.75,0.91503,0.6295,46230
VessMAP,5.657,A_dice,A_dice_s2,2,9452,isotropic,1.0,1.0,0.91977,0.588,51090
VessMAP,5.657,A_dice,A_dice_s2,2,9452,isotropic,1.5,1.5,0.92409,0.53474,58454
VessMAP,5.657,A_dice,A_dice_s2,2,9452,oracle,0.0,0.25,0.81401,0.88509,24624
VessMAP,5.657,A_dice,A_dice_s2,2,9452,oracle,0.0,0.5,0.88169,0.77545,32719
VessMAP,5.657,A_dice,A_dice_s2,2,9452,oracle,0.0,1.0,0.89493,0.64245,44369
VessMAP,5.657,A_dice,A_dice_s2,2,9452,oracle,0.5,0.0,0.813,0.9144,24044
VessMAP,5.657,A_dice,A_dice_s2,2,9452,oracle,0.5,0.25,0.8983,0.81042,30740
VessMAP,5.657,A_dice,A_dice_s2,2,9452,oracle,0.5,0.5,0.90474,0.71488,37943
VessMAP,5.657,A_dice,A_dice_s2,2,9452,oracle,0.5,1.0,0.90945,0.59622,49923
VessMAP,5.657,A_dice,A_dice_s2,2,9452,oracle,1.0,0.0,0.89746,0.87259,26887
VessMAP,5.657,A_dice,A_dice_s2,2,9452,oracle,1.0,0.25,0.91031,0.78166,32970
VessMAP,5.657,A_dice,A_dice_s2,2,9452,oracle,1.0,0.5,0.91632,0.69453,39903
VessMAP,5.657,A_dice,A_dice_s2,2,9452,oracle,1.0,1.0,0.91977,0.58902,50964
VessMAP,5.657,A_dice,A_dice_s2,2,9452,oracle,1.5,0.0,0.90216,0.80837,30981
VessMAP,5.657,A_dice,A_dice_s2,2,9452,oracle,1.5,0.25,0.91503,0.72717,37169
VessMAP,5.657,A_dice,A_dice_s2,2,9452,oracle,1.5,0.5,0.91891,0.66778,42444
VessMAP,5.657,A_dice,A_dice_s2,2,9452,oracle,1.5,1.0,0.92236,0.58169,51972
VessMAP,5.657,A_dice,A_dice_s2,2,9452,oracle,2.0,0.0,0.91459,0.70968,38572
VessMAP,5.657,A_dice,A_dice_s2,2,9452,oracle,2.0,0.25,0.91891,0.66816,42411
VessMAP,5.657,A_dice,A_dice_s2,2,9452,oracle,2.0,0.5,0.92279,0.62482,46893
VessMAP,5.657,A_dice,A_dice_s2,2,9452,oracle,2.0,1.0,0.92495,0.56835,53750
VessMAP,5.657,A_dice,A_dice_s2,2,9523,raw,0.0,0.0,0.57501,0.91997,14439
VessMAP,5.657,A_dice,A_dice_s2,2,9523,isotropic,0.25,0.25,0.60333,0.87238,18050
VessMAP,5.657,A_dice,A_dice_s2,2,9523,isotropic,0.5,0.5,0.83542,0.80549,21396
VessMAP,5.657,A_dice,A_dice_s2,2,9523,isotropic,0.75,0.75,0.84292,0.7309,25431
VessMAP,5.657,A_dice,A_dice_s2,2,9523,isotropic,1.0,1.0,0.84794,0.68156,28513
VessMAP,5.657,A_dice,A_dice_s2,2,9523,isotropic,1.5,1.5,0.87072,0.59873,34925
VessMAP,5.657,A_dice,A_dice_s2,2,9523,oracle,0.0,0.25,0.58026,0.9062,15577
VessMAP,5.657,A_dice,A_dice_s2,2,9523,oracle,0.0,0.5,0.81311,0.8537,18716
VessMAP,5.657,A_dice,A_dice_s2,2,9523,oracle,0.0,1.0,0.81435,0.74076,24403
VessMAP,5.657,A_dice,A_dice_s2,2,9523,oracle,0.5,0.0,0.60011,0.9135,15952
VessMAP,5.657,A_dice,A_dice_s2,2,9523,oracle,0.5,0.25,0.61065,0.86977,18327
VessMAP,5.657,A_dice,A_dice_s2,2,9523,oracle,0.5,0.5,0.83293,0.80923,21214
VessMAP,5.657,A_dice,A_dice_s2,2,9523,oracle,0.5,1.0,0.83667,0.69594,27381
VessMAP,5.657,A_dice,A_dice_s2,2,9523,oracle,1.0,0.0,0.61323,0.89867,17135
VessMAP,5.657,A_dice,A_dice_s2,2,9523,oracle,1.0,0.25,0.62157,0.85117,19463
VessMAP,5.657,A_dice,A_dice_s2,2,9523,oracle,1.0,0.5,0.84543,0.7892,22414
VessMAP,5.657,A_dice,A_dice_s2,2,9523,oracle,1.0,1.0,0.84794,0.68299,28418
VessMAP,5.657,A_dice,A_dice_s2,2,9523,oracle,1.5,0.0,0.62388,0.87678,18332
VessMAP,5.657,A_dice,A_dice_s2,2,9523,oracle,1.5,0.25,0.85298,0.82453,20891
VessMAP,5.657,A_dice,A_dice_s2,2,9523,oracle,1.5,0.5,0.85424,0.77056,23520
VessMAP,5.657,A_dice,A_dice_s2,2,9523,oracle,1.5,1.0,0.86056,0.6719,29330
VessMAP,5.657,A_dice,A_dice_s2,2,9523,oracle,2.0,0.0,0.85172,0.82014,21048
VessMAP,5.657,A_dice,A_dice_s2,2,9523,oracle,2.0,0.25,0.85929,0.78726,22776
VessMAP,5.657,A_dice,A_dice_s2,2,9523,oracle,2.0,0.5,0.86309,0.74028,25272
VessMAP,5.657,A_dice,A_dice_s2,2,9523,oracle,2.0,1.0,0.86563,0.65724,30462
VessMAP,5.657,A_dice,A_dice_s2,2,9593,raw,0.0,0.0,0.35181,0.92721,10952
VessMAP,5.657,A_dice,A_dice_s2,2,9593,isotropic,0.25,0.25,0.75382,0.76648,16825
VessMAP,5.657,A_dice,A_dice_s2,2,9593,isotropic,0.5,0.5,0.77404,0.65238,21997
VessMAP,5.657,A_dice,A_dice_s2,2,9593,isotropic,0.75,0.75,0.79074,0.56221,27607
VessMAP,5.657,A_dice,A_dice_s2,2,9593,isotropic,1.0,1.0,0.8398,0.50855,31873
VessMAP,5.657,A_dice,A_dice_s2,2,9593,isotropic,1.5,1.5,0.85238,0.43068,39826
VessMAP,5.657,A_dice,A_dice_s2,2,9593,oracle,0.0,0.25,0.35481,0.88254,12428
VessMAP,5.657,A_dice,A_dice_s2,2,9593,oracle,0.0,0.5,0.37938,0.73474,17843
VessMAP,5.657,A_dice,A_dice_s2,2,9593,oracle,0.0,1.0,0.38355,0.56489,26818
VessMAP,5.657,A_dice,A_dice_s2,2,9593,oracle,0.5,0.0,0.74647,0.8791,13020
VessMAP,5.657,A_dice,A_dice_s2,2,9593,oracle,0.5,0.25,0.76504,0.76311,17084
VessMAP,5.657,A_dice,A_dice_s2,2,9593,oracle,0.5,0.5,0.77404,0.65562,21825
VessMAP,5.657,A_dice,A_dice_s2,2,9593,oracle,0.5,1.0,0.78165,0.52235,30465
VessMAP,5.657,A_dice,A_dice_s2,2,9593,oracle,1.0,0.0,0.77931,0.82072,15140
VessMAP,5.657,A_dice,A_dice_s2,2,9593,oracle,1.0,0.25,0.78466,0.72892,18693
VessMAP,5.657,A_dice,A_dice_s2,2,9593,oracle,1.0,0.5,0.79378,0.63288,23297
VessMAP,5.657,A_dice,A_dice_s2,2,9593,oracle,1.0,1.0,0.80526,0.50938,31799
VessMAP,5.657,A_dice,A_dice_s2,2,9593,oracle,1.5,0.0,0.78616,0.74789,17893
VessMAP,5.657,A_dice,A_dice_s2,2,9593,oracle,1.5,0.25,0.83198,0.66597,21652
VessMAP,5.657,A_dice,A_dice_s2,2,9593,oracle,1.5,0.5,0.83823,0.59915,25386
VessMAP,5.657,A_dice,A_dice_s2,2,9593,oracle,1.5,1.0,0.85001,0.49867,32862
VessMAP,5.657,A_dice,A_dice_s2,2,9593,oracle,2.0,0.0,0.82575,0.64325,22832
VessMAP,5.657,A_dice,A_dice_s2,2,9593,oracle,2.0,0.25,0.83745,0.59331,25784
VessMAP,5.657,A_dice,A_dice_s2,2,9593,oracle,2.0,0.5,0.85001,0.54637,29036
VessMAP,5.657,A_dice,A_dice_s2,2,9593,oracle,2.0,1.0,0.85554,0.47823,34839
VessMAP,5.657,A_dice,A_dice_s2,2,9710,raw,0.0,0.0,0.11459,0.86593,26696
VessMAP,5.657,A_dice,A_dice_s2,2,9710,isotropic,0.25,0.25,0.68475,0.80477,37273
VessMAP,5.657,A_dice,A_dice_s2,2,9710,isotropic,0.5,0.5,0.82181,0.75656,44048
VessMAP,5.657,A_dice,A_dice_s2,2,9710,isotropic,0.75,0.75,0.88089,0.72117,50184
VessMAP,5.657,A_dice,A_dice_s2,2,9710,isotropic,1.0,1.0,0.91441,0.7025,53810
VessMAP,5.657,A_dice,A_dice_s2,2,9710,isotropic,1.5,1.5,0.95474,0.67445,59274
VessMAP,5.657,A_dice,A_dice_s2,2,9710,oracle,0.0,0.25,0.1685,0.8415,30366
VessMAP,5.657,A_dice,A_dice_s2,2,9710,oracle,0.0,0.5,0.42658,0.78634,38006
VessMAP,5.657,A_dice,A_dice_s2,2,9710,oracle,0.0,1.0,0.7728,0.72065,46948
VessMAP,5.657,A_dice,A_dice_s2,2,9710,oracle,0.5,0.0,0.43244,0.85554,32233
VessMAP,5.657,A_dice,A_dice_s2,2,9710,oracle,0.5,0.25,0.7634,0.80426,38284
VessMAP,5.657,A_dice,A_dice_s2,2,9710,oracle,0.5,0.5,0.8208,0.75796,43833
VessMAP,5.657,A_dice,A_dice_s2,2,9710,oracle,0.5,1.0,0.87252,0.70402,51864
VessMAP,5.657,A_dice,A_dice_s2,2,9710,oracle,1.0,0.0,0.81876,0.8346,36364
VessMAP,5.657,A_dice,A_dice_s2,2,9710,oracle,1.0,0.25,0.86142,0.79088,41824
VessMAP,5.657,A_dice,A_dice_s2,2,9710,oracle,1.0,0.5,0.87984,0.75129,46783
VessMAP,5.657,A_dice,A_dice_s2,2,9710,oracle,1.0,1.0,0.91441,0.70273,53748
VessMAP,5.657,A_dice,A_dice_s2,2,9710,oracle,1.5,0.0,0.85418,0.8015,40820
VessMAP,5.657,A_dice,A_dice_s2,2,9710,oracle,1.5,0.25,0.8886,0.76269,46195
VessMAP,5.657,A_dice,A_dice_s2,2,9710,oracle,1.5,0.5,0.91228,0.73801,49715
VessMAP,5.657,A_dice,A_dice_s2,2,9710,oracle,1.5,1.0,0.93915,0.70025,55313
VessMAP,5.657,A_dice,A_dice_s2,2,9710,oracle,2.0,0.0,0.88755,0.75125,47854
VessMAP,5.657,A_dice,A_dice_s2,2,9710,oracle,2.0,0.25,0.92477,0.7334,50704
VessMAP,5.657,A_dice,A_dice_s2,2,9710,oracle,2.0,0.5,0.94168,0.71667,53379
VessMAP,5.657,A_dice,A_dice_s2,2,9710,oracle,2.0,1.0,0.95838,0.69043,57309
VessMAP,5.657,A_dice,A_dice_s2,2,9860,raw,0.0,0.0,0.537,0.93429,15906
VessMAP,5.657,A_dice,A_dice_s2,2,9860,isotropic,0.25,0.25,0.58006,0.80722,22605
VessMAP,5.657,A_dice,A_dice_s2,2,9860,isotropic,0.5,0.5,0.58614,0.70284,28622
VessMAP,5.657,A_dice,A_dice_s2,2,9860,isotropic,0.75,0.75,0.5924,0.61248,35462
VessMAP,5.657,A_dice,A_dice_s2,2,9860,isotropic,1.0,1.0,0.59674,0.56087,40333
VessMAP,5.657,A_dice,A_dice_s2,2,9860,isotropic,1.5,1.5,0.60478,0.4867,49208
VessMAP,5.657,A_dice,A_dice_s2,2,9860,oracle,0.0,0.25,0.5701,0.88697,18314
VessMAP,5.657,A_dice,A_dice_s2,2,9860,oracle,0.0,0.5,0.57569,0.77314,24211
VessMAP,5.657,A_dice,A_dice_s2,2,9860,oracle,0.0,1.0,0.58029,0.62382,34104
VessMAP,5.657,A_dice,A_dice_s2,2,9860,oracle,0.5,0.0,0.57803,0.9007,18257
VessMAP,5.657,A_dice,A_dice_s2,2,9860,oracle,0.5,0.25,0.58258,0.80472,22832
VessMAP,5.657,A_dice,A_dice_s2,2,9860,oracle,0.5,0.5,0.58541,0.70824,28268
VessMAP,5.657,A_dice,A_dice_s2,2,9860,oracle,0.5,1.0,0.59345,0.5712,39129
VessMAP,5.657,A_dice,A_dice_s2,2,9860,oracle,1.0,0.0,0.58537,0.85372,20599
VessMAP,5.657,A_dice,A_dice_s2,2,9860,oracle,1.0,0.25,0.58934,0.77196,24736
VessMAP,5.657,A_dice,A_dice_s2,2,9860,oracle,1.0,0.5,0.59244,0.68423,30087
VessMAP,5.657,A_dice,A_dice_s2,2,9860,oracle,1.0,1.0,0.59674,0.56219,40193
VessMAP,5.657,A_dice,A_dice_s2,2,9860,oracle,1.5,0.0,0.58757,0.78893,23784
VessMAP,5.657,A_dice,A_dice_s2,2,9860,oracle,1.5,0.25,0.59412,0.71242,28283
VessMAP,5.657,A_dice,A_dice_s2,2,9860,oracle,1.5,0.5,0.59698,0.65122,32561
VessMAP,5.657,A_dice,A_dice_s2,2,9860,oracle,1.5,1.0,0.60096,0.55243,41360
VessMAP,5.657,A_dice,A_dice_s2,2,9860,oracle,2.0,0.0,0.59425,0.69205,29552
VessMAP,5.657,A_dice,A_dice_s2,2,9860,oracle,2.0,0.25,0.59845,0.64718,32858
VessMAP,5.657,A_dice,A_dice_s2,2,9860,oracle,2.0,0.5,0.60061,0.60123,36705
VessMAP,5.657,A_dice,A_dice_s2,2,9860,oracle,2.0,1.0,0.60434,0.53242,43666
STARE,4.0,K_focal_aug,K_focal_aug_s0,0,im0001,raw,0.0,0.0,0.14647,0.83501,33757
STARE,4.0,K_focal_aug,K_focal_aug_s0,0,im0001,isotropic,0.25,0.25,0.17925,0.75871,46527
STARE,4.0,K_focal_aug,K_focal_aug_s0,0,im0001,isotropic,0.5,0.5,0.18539,0.66815,59159
STARE,4.0,K_focal_aug,K_focal_aug_s0,0,im0001,isotropic,0.75,0.75,0.26076,0.58626,73492
STARE,4.0,K_focal_aug,K_focal_aug_s0,0,im0001,isotropic,1.0,1.0,0.28451,0.53041,85784
STARE,4.0,K_focal_aug,K_focal_aug_s0,0,im0001,isotropic,1.5,1.5,0.30702,0.43845,112900
STARE,4.0,K_focal_aug,K_focal_aug_s0,0,im0001,oracle,0.0,0.25,0.14647,0.83501,33757
STARE,4.0,K_focal_aug,K_focal_aug_s0,0,im0001,oracle,0.0,0.5,0.16464,0.75455,45242
STARE,4.0,K_focal_aug,K_focal_aug_s0,0,im0001,oracle,0.0,1.0,0.17764,0.59398,70087
STARE,4.0,K_focal_aug,K_focal_aug_s0,0,im0001,oracle,0.5,0.0,0.16406,0.82898,36299
STARE,4.0,K_focal_aug,K_focal_aug_s0,0,im0001,oracle,0.5,0.25,0.18,0.75871,46696
STARE,4.0,K_focal_aug,K_focal_aug_s0,0,im0001,oracle,0.5,0.5,0.18517,0.67301,58404
STARE,4.0,K_focal_aug,K_focal_aug_s0,0,im0001,oracle,0.5,1.0,0.19433,0.55654,78742
STARE,4.0,K_focal_aug,K_focal_aug_s0,0,im0001,oracle,1.0,0.0,0.18431,0.80505,41635
STARE,4.0,K_focal_aug,K_focal_aug_s0,0,im0001,oracle,1.0,0.25,0.1887,0.75129,48806
STARE,4.0,K_focal_aug,K_focal_aug_s0,0,im0001,oracle,1.0,0.5,0.25826,0.662,61059
STARE,4.0,K_focal_aug,K_focal_aug_s0,0,im0001,oracle,1.0,1.0,0.28451,0.53206,85399
STARE,4.0,K_focal_aug,K_focal_aug_s0,0,im0001,oracle,1.5,0.0,0.18773,0.78564,44547
STARE,4.0,K_focal_aug,K_focal_aug_s0,0,im0001,oracle,1.5,0.25,0.26452,0.72894,52496
STARE,4.0,K_focal_aug,K_focal_aug_s0,0,im0001,oracle,1.5,0.5,0.26896,0.64976,63929
STARE,4.0,K_focal_aug,K_focal_aug_s0,0,im0001,oracle,1.5,1.0,0.29311,0.52341,88418
STARE,4.0,K_focal_aug,K_focal_aug_s0,0,im0001,oracle,2.0,0.0,0.26622,0.73576,51531
STARE,4.0,K_focal_aug,K_focal_aug_s0,0,im0001,oracle,2.0,0.25,0.27165,0.69047,58405
STARE,4.0,K_focal_aug,K_focal_aug_s0,0,im0001,oracle,2.0,0.5,0.27563,0.62188,69266
STARE,4.0,K_focal_aug,K_focal_aug_s0,0,im0001,oracle,2.0,1.0,0.30958,0.51409,91712
STARE,4.0,K_focal_aug,K_focal_aug_s0,0,im0002,raw,0.0,0.0,0.39467,0.827,25633
STARE,4.0,K_focal_aug,K_focal_aug_s0,0,im0002,isotropic,0.25,0.25,0.49318,0.77087,36501
STARE,4.0,K_focal_aug,K_focal_aug_s0,0,im0002,isotropic,0.5,0.5,0.50609,0.67465,47218
STARE,4.0,K_focal_aug,K_focal_aug_s0,0,im0002,isotropic,0.75,0.75,0.52322,0.58605,59463
STARE,4.0,K_focal_aug,K_focal_aug_s0,0,im0002,isotropic,1.0,1.0,0.5501,0.52698,70011
STARE,4.0,K_focal_aug,K_focal_aug_s0,0,im0002,isotropic,1.5,1.5,0.59163,0.43152,93440
STARE,4.0,K_focal_aug,K_focal_aug_s0,0,im0002,oracle,0.0,0.25,0.39467,0.827,25633
STARE,4.0,K_focal_aug,K_focal_aug_s0,0,im0002,oracle,0.0,0.5,0.44741,0.75996,35443
STARE,4.0,K_focal_aug,K_focal_aug_s0,0,im0002,oracle,0.0,1.0,0.49355,0.59251,56951
STARE,4.0,K_focal_aug,K_focal_aug_s0,0,im0002,oracle,0.5,0.0,0.42095,0.82905,27572
STARE,4.0,K_focal_aug,K_focal_aug_s0,0,im0002,oracle,0.5,0.25,0.49516,0.77145,36590
STARE,4.0,K_focal_aug,K_focal_aug_s0,0,im0002,oracle,0.5,0.5,0.50609,0.68215,46301
STARE,4.0,K_focal_aug,K_focal_aug_s0,0,im0002,oracle,0.5,1.0,0.51873,0.55229,64380
STARE,4.0,K_focal_aug,K_focal_aug_s0,0,im0002,oracle,1.0,0.0,0.49741,0.81816,31629
STARE,4.0,K_focal_aug,K_focal_aug_s0,0,im0002,oracle,1.0,0.25,0.51657,0.76813,37831
STARE,4.0,K_focal_aug,K_focal_aug_s0,0,im0002,oracle,1.0,0.5,0.52326,0.6709,48429
STARE,4.0,K_focal_aug,K_focal_aug_s0,0,im0002,oracle,1.0,1.0,0.5501,0.5292,69588
STARE,4.0,K_focal_aug,K_focal_aug_s0,0,im0002,oracle,1.5,0.0,0.50602,0.80591,33688
STARE,4.0,K_focal_aug,K_focal_aug_s0,0,im0002,oracle,1.5,0.25,0.53671,0.74956,40302
STARE,4.0,K_focal_aug,K_focal_aug_s0,0,im0002,oracle,1.5,0.5,0.551,0.6617,50272
STARE,4.0,K_focal_aug,K_focal_aug_s0,0,im0002,oracle,1.5,1.0,0.56085,0.52195,71885
STARE,4.0,K_focal_aug,K_focal_aug_s0,0,im0002,oracle,2.0,0.0,0.54209,0.76647,38188
STARE,4.0,K_focal_aug,K_focal_aug_s0,0,im0002,oracle,2.0,0.25,0.55124,0.71856,44037
STARE,4.0,K_focal_aug,K_focal_aug_s0,0,im0002,oracle,2.0,0.5,0.55859,0.63738,53893
STARE,4.0,K_focal_aug,K_focal_aug_s0,0,im0002,oracle,2.0,1.0,0.6279,0.51489,74109
STARE,4.0,K_focal_aug,K_focal_aug_s0,0,im0003,raw,0.0,0.0,0.50064,0.84285,29165
STARE,4.0,K_focal_aug,K_focal_aug_s0,0,im0003,isotropic,0.25,0.25,0.58041,0.74019,39476
STARE,4.0,K_focal_aug,K_focal_aug_s0,0,im0003,isotropic,0.5,0.5,0.59347,0.64421,49696
STARE,4.0,K_focal_aug,K_focal_aug_s0,0,im0003,isotropic,0.75,0.75,0.60484,0.55708,61920
STARE,4.0,K_focal_aug,K_focal_aug_s0,0,im0003,isotropic,1.0,1.0,0.62884,0.501,72093
STARE,4.0,K_focal_aug,K_focal_aug_s0,0,im0003,isotropic,1.5,1.5,0.64778,0.40665,95595
STARE,4.0,K_focal_aug,K_focal_aug_s0,0,im0003,oracle,0.0,0.25,0.50064,0.84285,29165
STARE,4.0,K_focal_aug,K_focal_aug_s0,0,im0003,oracle,0.0,0.5,0.54795,0.73908,38770
STARE,4.0,K_focal_aug,K_focal_aug_s0,0,im0003,oracle,0.0,1.0,0.58064,0.57256,58706
STARE,4.0,K_focal_aug,K_focal_aug_s0,0,im0003,oracle,0.5,0.0,0.54719,0.8266,31154
STARE,4.0,K_focal_aug,K_focal_aug_s0,0,im0003,oracle,0.5,0.25,0.58348,0.73963,39612
STARE,4.0,K_focal_aug,K_focal_aug_s0,0,im0003,oracle,0.5,0.5,0.59296,0.65057,48928
STARE,4.0,K_focal_aug,K_focal_aug_s0,0,im0003,oracle,0.5,1.0,0.59887,0.52551,66905
STARE,4.0,K_focal_aug,K_focal_aug_s0,0,im0003,oracle,1.0,0.0,0.59194,0.78555,35588
STARE,4.0,K_focal_aug,K_focal_aug_s0,0,im0003,oracle,1.0,0.25,0.60306,0.72405,41587
STARE,4.0,K_focal_aug,K_focal_aug_s0,0,im0003,oracle,1.0,0.5,0.61135,0.63413,51381
STARE,4.0,K_focal_aug,K_focal_aug_s0,0,im0003,oracle,1.0,1.0,0.62884,0.50273,71733
STARE,4.0,K_focal_aug,K_focal_aug_s0,0,im0003,oracle,1.5,0.0,0.61059,0.75902,38429
STARE,4.0,K_focal_aug,K_focal_aug_s0,0,im0003,oracle,1.5,0.25,0.62651,0.69632,44637
STARE,4.0,K_focal_aug,K_focal_aug_s0,0,im0003,oracle,1.5,0.5,0.63418,0.61634,54102
STARE,4.0,K_focal_aug,K_focal_aug_s0,0,im0003,oracle,1.5,1.0,0.6419,0.49168,74476
STARE,4.0,K_focal_aug,K_focal_aug_s0,0,im0003,oracle,2.0,0.0,0.6331,0.70567,43840
STARE,4.0,K_focal_aug,K_focal_aug_s0,0,im0003,oracle,2.0,0.25,0.6379,0.65595,49408
STARE,4.0,K_focal_aug,K_focal_aug_s0,0,im0003,oracle,2.0,0.5,0.64434,0.58491,58730
STARE,4.0,K_focal_aug,K_focal_aug_s0,0,im0003,oracle,2.0,1.0,0.66661,0.47936,77492
STARE,4.0,K_focal_aug,K_focal_aug_s0,0,im0004,raw,0.0,0.0,0.06583,0.79919,27049
STARE,4.0,K_focal_aug,K_focal_aug_s0,0,im0004,isotropic,0.25,0.25,0.11493,0.79143,37624
STARE,4.0,K_focal_aug,K_focal_aug_s0,0,im0004,isotropic,0.5,0.5,0.16474,0.71559,48207
STARE,4.0,K_focal_aug,K_focal_aug_s0,0,im0004,isotropic,0.75,0.75,0.17477,0.63112,60382
STARE,4.0,K_focal_aug,K_focal_aug_s0,0,im0004,isotropic,1.0,1.0,0.17736,0.57098,71012
STARE,4.0,K_focal_aug,K_focal_aug_s0,0,im0004,isotropic,1.5,1.5,0.19135,0.4698,95045
STARE,4.0,K_focal_aug,K_focal_aug_s0,0,im0004,oracle,0.0,0.25,0.06583,0.79919,27049
STARE,4.0,K_focal_aug,K_focal_aug_s0,0,im0004,oracle,0.0,0.5,0.10032,0.77981,36575
STARE,4.0,K_focal_aug,K_focal_aug_s0,0,im0004,oracle,0.0,1.0,0.11749,0.6405,56948
STARE,4.0,K_focal_aug,K_focal_aug_s0,0,im0004,oracle,0.5,0.0,0.07053,0.80386,29526
STARE,4.0,K_focal_aug,K_focal_aug_s0,0,im0004,oracle,0.5,0.25,0.11568,0.79163,37781
STARE,4.0,K_focal_aug,K_focal_aug_s0,0,im0004,oracle,0.5,0.5,0.11899,0.71986,47579
STARE,4.0,K_focal_aug,K_focal_aug_s0,0,im0004,oracle,0.5,1.0,0.17298,0.60254,64193
STARE,4.0,K_focal_aug,K_focal_aug_s0,0,im0004,oracle,1.0,0.0,0.11985,0.80074,34589
STARE,4.0,K_focal_aug,K_focal_aug_s0,0,im0004,oracle,1.0,0.25,0.16736,0.77932,40429
STARE,4.0,K_focal_aug,K_focal_aug_s0,0,im0004,oracle,1.0,0.5,0.17549,0.70556,50475
STARE,4.0,K_focal_aug,K_focal_aug_s0,0,im0004,oracle,1.0,1.0,0.17736,0.57255,70716
STARE,4.0,K_focal_aug,K_focal_aug_s0,0,im0004,oracle,1.5,0.0,0.17469,0.79725,36747
STARE,4.0,K_focal_aug,K_focal_aug_s0,0,im0004,oracle,1.5,0.25,0.17681,0.7575,44093
STARE,4.0,K_focal_aug,K_focal_aug_s0,0,im0004,oracle,1.5,0.5,0.18614,0.6898,53520
STARE,4.0,K_focal_aug,K_focal_aug_s0,0,im0004,oracle,1.5,1.0,0.18794,0.56138,73914
STARE,4.0,K_focal_aug,K_focal_aug_s0,0,im0004,oracle,2.0,0.0,0.17612,0.76485,42018
STARE,4.0,K_focal_aug,K_focal_aug_s0,0,im0004,oracle,2.0,0.25,0.18676,0.72441,48921
STARE,4.0,K_focal_aug,K_focal_aug_s0,0,im0004,oracle,2.0,0.5,0.19013,0.66009,58256
STARE,4.0,K_focal_aug,K_focal_aug_s0,0,im0004,oracle,2.0,1.0,0.19293,0.5478,77564
STARE,4.0,K_focal_aug,K_focal_aug_s0,0,im0005,raw,0.0,0.0,0.21011,0.86096,38058
STARE,4.0,K_focal_aug,K_focal_aug_s0,0,im0005,isotropic,0.25,0.25,0.24899,0.80546,52551
STARE,4.0,K_focal_aug,K_focal_aug_s0,0,im0005,isotropic,0.5,0.5,0.34856,0.70798,66845
STARE,4.0,K_focal_aug,K_focal_aug_s0,0,im0005,isotropic,0.75,0.75,0.352,0.61638,83366
STARE,4.0,K_focal_aug,K_focal_aug_s0,0,im0005,isotropic,1.0,1.0,0.35507,0.55618,97076
STARE,4.0,K_focal_aug,K_focal_aug_s0,0,im0005,isotropic,1.5,1.5,0.361,0.45657,127692
STARE,4.0,K_focal_aug,K_focal_aug_s0,0,im0005,oracle,0.0,0.25,0.21011,0.86096,38058
STARE,4.0,K_focal_aug,K_focal_aug_s0,0,im0005,oracle,0.0,0.5,0.23702,0.79724,51330
STARE,4.0,K_focal_aug,K_focal_aug_s0,0,im0005,oracle,0.0,1.0,0.24466,0.63392,78414
STARE,4.0,K_focal_aug,K_focal_aug_s0,0,im0005,oracle,0.5,0.0,0.23683,0.85444,41346
STARE,4.0,K_focal_aug,K_focal_aug_s0,0,im0005,oracle,0.5,0.25,0.24984,0.80415,52818
STARE,4.0,K_focal_aug,K_focal_aug_s0,0,im0005,oracle,0.5,0.5,0.34164,0.7144,65817
STARE,4.0,K_focal_aug,K_focal_aug_s0,0,im0005,oracle,0.5,1.0,0.34959,0.58591,89309
STARE,4.0,K_focal_aug,K_focal_aug_s0,0,im0005,oracle,1.0,0.0,0.34783,0.82736,48344
STARE,4.0,K_focal_aug,K_focal_aug_s0,0,im0005,oracle,1.0,0.25,0.35291,0.78197,56563
STARE,4.0,K_focal_aug,K_focal_aug_s0,0,im0005,oracle,1.0,0.5,0.35358,0.69304,69893
STARE,4.0,K_focal_aug,K_focal_aug_s0,0,im0005,oracle,1.0,1.0,0.35507,0.5579,96648
STARE,4.0,K_focal_aug,K_focal_aug_s0,0,im0005,oracle,1.5,0.0,0.35208,0.8047,52333
STARE,4.0,K_focal_aug,K_focal_aug_s0,0,im0005,oracle,1.5,0.25,0.35636,0.74625,62026
STARE,4.0,K_focal_aug,K_focal_aug_s0,0,im0005,oracle,1.5,0.5,0.35858,0.66834,74665
STARE,4.0,K_focal_aug,K_focal_aug_s0,0,im0005,oracle,1.5,1.0,0.35943,0.54314,101038
STARE,4.0,K_focal_aug,K_focal_aug_s0,0,im0005,oracle,2.0,0.0,0.35619,0.74444,61362
STARE,4.0,K_focal_aug,K_focal_aug_s0,0,im0005,oracle,2.0,0.25,0.35964,0.69456,70266
STARE,4.0,K_focal_aug,K_focal_aug_s0,0,im0005,oracle,2.0,0.5,0.37008,0.62816,82385
STARE,4.0,K_focal_aug,K_focal_aug_s0,0,im0005,oracle,2.0,1.0,0.37597,0.52501,106366
STARE,4.0,K_focal_aug,K_focal_aug_s0,0,im0044,raw,0.0,0.0,0.13433,0.8589,31014
STARE,4.0,K_focal_aug,K_focal_aug_s0,0,im0044,isotropic,0.25,0.25,0.16795,0.77725,43119
STARE,4.0,K_focal_aug,K_focal_aug_s0,0,im0044,isotropic,0.5,0.5,0.17374,0.67367,55171
STARE,4.0,K_focal_aug,K_focal_aug_s0,0,im0044,isotropic,0.75,0.75,0.18189,0.58147,69085
STARE,4.0,K_focal_aug,K_focal_aug_s0,0,im0044,isotropic,1.0,1.0,0.1836,0.5211,80883
STARE,4.0,K_focal_aug,K_focal_aug_s0,0,im0044,isotropic,1.5,1.5,0.18668,0.42393,107026
STARE,4.0,K_focal_aug,K_focal_aug_s0,0,im0044,oracle,0.0,0.25,0.13433,0.8589,31014
STARE,4.0,K_focal_aug,K_focal_aug_s0,0,im0044,oracle,0.0,0.5,0.14654,0.77191,42064
STARE,4.0,K_focal_aug,K_focal_aug_s0,0,im0044,oracle,0.0,1.0,0.16946,0.59505,65858
STARE,4.0,K_focal_aug,K_focal_aug_s0,0,im0044,oracle,0.5,0.0,0.1474,0.85216,33239
STARE,4.0,K_focal_aug,K_focal_aug_s0,0,im0044,oracle,0.5,0.25,0.16948,0.77722,43220
STARE,4.0,K_focal_aug,K_focal_aug_s0,0,im0044,oracle,0.5,0.5,0.17361,0.68075,54229
STARE,4.0,K_focal_aug,K_focal_aug_s0,0,im0044,oracle,0.5,1.0,0.17449,0.54895,74638
STARE,4.0,K_focal_aug,K_focal_aug_s0,0,im0044,oracle,1.0,0.0,0.16541,0.82314,38186
STARE,4.0,K_focal_aug,K_focal_aug_s0,0,im0044,oracle,1.0,0.25,0.17859,0.76409,45092
STARE,4.0,K_focal_aug,K_focal_aug_s0,0,im0044,oracle,1.0,0.5,0.1824,0.66422,56807
STARE,4.0,K_focal_aug,K_focal_aug_s0,0,im0044,oracle,1.0,1.0,0.18357,0.5232,80401
STARE,4.0,K_focal_aug,K_focal_aug_s0,0,im0044,oracle,1.5,0.0,0.17892,0.79745,41282
STARE,4.0,K_focal_aug,K_focal_aug_s0,0,im0044,oracle,1.5,0.25,0.18289,0.73296,48735
STARE,4.0,K_focal_aug,K_focal_aug_s0,0,im0044,oracle,1.5,0.5,0.18443,0.64685,59635
STARE,4.0,K_focal_aug,K_focal_aug_s0,0,im0044,oracle,1.5,1.0,0.18519,0.51253,83236
STARE,4.0,K_focal_aug,K_focal_aug_s0,0,im0044,oracle,2.0,0.0,0.18164,0.73332,48369
STARE,4.0,K_focal_aug,K_focal_aug_s0,0,im0044,oracle,2.0,0.25,0.18431,0.68317,54890
STARE,4.0,K_focal_aug,K_focal_aug_s0,0,im0044,oracle,2.0,0.5,0.18582,0.61007,65329
STARE,4.0,K_focal_aug,K_focal_aug_s0,0,im0044,oracle,2.0,1.0,0.1869,0.4995,86599
STARE,4.0,K_focal_aug,K_focal_aug_s0,0,im0077,raw,0.0,0.0,0.52652,0.8742,37592
STARE,4.0,K_focal_aug,K_focal_aug_s0,0,im0077,isotropic,0.25,0.25,0.78834,0.75777,54139
STARE,4.0,K_focal_aug,K_focal_aug_s0,0,im0077,isotropic,0.5,0.5,0.80661,0.64294,70449
STARE,4.0,K_focal_aug,K_focal_aug_s0,0,im0077,isotropic,0.75,0.75,0.80996,0.54668,89166
STARE,4.0,K_focal_aug,K_focal_aug_s0,0,im0077,isotropic,1.0,1.0,0.81418,0.48532,104989
STARE,4.0,K_focal_aug,K_focal_aug_s0,0,im0077,isotropic,1.5,1.5,0.82073,0.38799,140234
STARE,4.0,K_focal_aug,K_focal_aug_s0,0,im0077,oracle,0.0,0.25,0.52652,0.8742,37592
STARE,4.0,K_focal_aug,K_focal_aug_s0,0,im0077,oracle,0.0,0.5,0.68441,0.75785,52422
STARE,4.0,K_focal_aug,K_focal_aug_s0,0,im0077,oracle,0.0,1.0,0.78953,0.56579,84489
STARE,4.0,K_focal_aug,K_focal_aug_s0,0,im0077,oracle,0.5,0.0,0.61974,0.85627,40804
STARE,4.0,K_focal_aug,K_focal_aug_s0,0,im0077,oracle,0.5,0.25,0.78958,0.75584,54400
STARE,4.0,K_focal_aug,K_focal_aug_s0,0,im0077,oracle,0.5,0.5,0.80599,0.65012,69246
STARE,4.0,K_focal_aug,K_focal_aug_s0,0,im0077,oracle,0.5,1.0,0.80767,0.51584,96484
STARE,4.0,K_focal_aug,K_focal_aug_s0,0,im0077,oracle,1.0,0.0,0.7522,0.80716,47882
STARE,4.0,K_focal_aug,K_focal_aug_s0,0,im0077,oracle,1.0,0.25,0.79602,0.7348,57240
STARE,4.0,K_focal_aug,K_focal_aug_s0,0,im0077,oracle,1.0,0.5,0.81165,0.62905,72979
STARE,4.0,K_focal_aug,K_focal_aug_s0,0,im0077,oracle,1.0,1.0,0.81418,0.48731,104419
STARE,4.0,K_focal_aug,K_focal_aug_s0,0,im0077,oracle,1.5,0.0,0.77601,0.78044,51354
STARE,4.0,K_focal_aug,K_focal_aug_s0,0,im0077,oracle,1.5,0.25,0.81373,0.69993,62075
STARE,4.0,K_focal_aug,K_focal_aug_s0,0,im0077,oracle,1.5,0.5,0.81585,0.60655,77117
STARE,4.0,K_focal_aug,K_focal_aug_s0,0,im0077,oracle,1.5,1.0,0.81818,0.47368,108576
STARE,4.0,K_focal_aug,K_focal_aug_s0,0,im0077,oracle,2.0,0.0,0.78465,0.72073,59009
STARE,4.0,K_focal_aug,K_focal_aug_s0,0,im0077,oracle,2.0,0.25,0.81605,0.65496,68869
STARE,4.0,K_focal_aug,K_focal_aug_s0,0,im0077,oracle,2.0,0.5,0.81922,0.57335,83729
STARE,4.0,K_focal_aug,K_focal_aug_s0,0,im0077,oracle,2.0,1.0,0.82197,0.45923,113205
STARE,4.0,K_focal_aug,K_focal_aug_s0,0,im0081,raw,0.0,0.0,0.35719,0.88295,32522
STARE,4.0,K_focal_aug,K_focal_aug_s0,0,im0081,isotropic,0.25,0.25,0.52355,0.77917,46938
STARE,4.0,K_focal_aug,K_focal_aug_s0,0,im0081,isotropic,0.5,0.5,0.53085,0.66406,61115
STARE,4.0,K_focal_aug,K_focal_aug_s0,0,im0081,isotropic,0.75,0.75,0.53873,0.5675,77209
STARE,4.0,K_focal_aug,K_focal_aug_s0,0,im0081,isotropic,1.0,1.0,0.54655,0.50513,90908
STARE,4.0,K_focal_aug,K_focal_aug_s0,0,im0081,isotropic,1.5,1.5,0.5552,0.40746,120929
STARE,4.0,K_focal_aug,K_focal_aug_s0,0,im0081,oracle,0.0,0.25,0.35719,0.88295,32522
STARE,4.0,K_focal_aug,K_focal_aug_s0,0,im0081,oracle,0.0,0.5,0.40004,0.77445,45800
STARE,4.0,K_focal_aug,K_focal_aug_s0,0,im0081,oracle,0.0,1.0,0.51256,0.58114,73998
STARE,4.0,K_focal_aug,K_focal_aug_s0,0,im0081,oracle,0.5,0.0,0.41977,0.8727,35201
STARE,4.0,K_focal_aug,K_focal_aug_s0,0,im0081,oracle,0.5,0.25,0.5252,0.77794,47106
STARE,4.0,K_focal_aug,K_focal_aug_s0,0,im0081,oracle,0.5,0.5,0.53051,0.67034,60216
STARE,4.0,K_focal_aug,K_focal_aug_s0,0,im0081,oracle,0.5,1.0,0.53579,0.53555,83523
STARE,4.0,K_focal_aug,K_focal_aug_s0,0,im0081,oracle,1.0,0.0,0.49312,0.83548,40753
STARE,4.0,K_focal_aug,K_focal_aug_s0,0,im0081,oracle,1.0,0.25,0.53677,0.76273,49050
STARE,4.0,K_focal_aug,K_focal_aug_s0,0,im0081,oracle,1.0,0.5,0.54277,0.65406,62813
STARE,4.0,K_focal_aug,K_focal_aug_s0,0,im0081,oracle,1.0,1.0,0.54637,0.50699,90447
STARE,4.0,K_focal_aug,K_focal_aug_s0,0,im0081,oracle,1.5,0.0,0.52779,0.80888,43716
STARE,4.0,K_focal_aug,K_focal_aug_s0,0,im0081,oracle,1.5,0.25,0.54388,0.73275,52638
STARE,4.0,K_focal_aug,K_focal_aug_s0,0,im0081,oracle,1.5,0.5,0.54766,0.63675,65635
STARE,4.0,K_focal_aug,K_focal_aug_s0,0,im0081,oracle,1.5,1.0,0.55134,0.49651,93313
STARE,4.0,K_focal_aug,K_focal_aug_s0,0,im0081,oracle,2.0,0.0,0.54165,0.74865,50402
STARE,4.0,K_focal_aug,K_focal_aug_s0,0,im0081,oracle,2.0,0.25,0.54721,0.68844,58304
STARE,4.0,K_focal_aug,K_focal_aug_s0,0,im0081,oracle,2.0,0.5,0.55187,0.60525,70902
STARE,4.0,K_focal_aug,K_focal_aug_s0,0,im0081,oracle,2.0,1.0,0.55615,0.48578,96374
STARE,4.0,K_focal_aug,K_focal_aug_s0,0,im0082,raw,0.0,0.0,0.21602,0.88541,34071
STARE,4.0,K_focal_aug,K_focal_aug_s0,0,im0082,isotropic,0.25,0.25,0.54607,0.77566,48906
STARE,4.0,K_focal_aug,K_focal_aug_s0,0,im0082,isotropic,0.5,0.5,0.56119,0.66298,63496
STARE,4.0,K_focal_aug,K_focal_aug_s0,0,im0082,isotropic,0.75,0.75,0.57144,0.56701,80452
STARE,4.0,K_focal_aug,K_focal_aug_s0,0,im0082,isotropic,1.0,1.0,0.58039,0.50741,94310
STARE,4.0,K_focal_aug,K_focal_aug_s0,0,im0082,isotropic,1.5,1.5,0.61289,0.411,125212
STARE,4.0,K_focal_aug,K_focal_aug_s0,0,im0082,oracle,0.0,0.25,0.21602,0.88541,34071
STARE,4.0,K_focal_aug,K_focal_aug_s0,0,im0082,oracle,0.0,0.5,0.47816,0.77015,47942
STARE,4.0,K_focal_aug,K_focal_aug_s0,0,im0082,oracle,0.0,1.0,0.53488,0.58,76918
STARE,4.0,K_focal_aug,K_focal_aug_s0,0,im0082,oracle,0.5,0.0,0.47608,0.87439,36718
STARE,4.0,K_focal_aug,K_focal_aug_s0,0,im0082,oracle,0.5,0.25,0.54906,0.77504,49091
STARE,4.0,K_focal_aug,K_focal_aug_s0,0,im0082,oracle,0.5,0.5,0.56099,0.66975,62502
STARE,4.0,K_focal_aug,K_focal_aug_s0,0,im0082,oracle,0.5,1.0,0.56938,0.53205,87762
STARE,4.0,K_focal_aug,K_focal_aug_s0,0,im0082,oracle,1.0,0.0,0.5441,0.83552,42346
STARE,4.0,K_focal_aug,K_focal_aug_s0,0,im0082,oracle,1.0,0.25,0.56449,0.76324,50910
STARE,4.0,K_focal_aug,K_focal_aug_s0,0,im0082,oracle,1.0,0.5,0.56982,0.65437,65219
STARE,4.0,K_focal_aug,K_focal_aug_s0,0,im0082,oracle,1.0,1.0,0.58018,0.50897,93908
STARE,4.0,K_focal_aug,K_focal_aug_s0,0,im0082,oracle,1.5,0.0,0.55809,0.81069,45448
STARE,4.0,K_focal_aug,K_focal_aug_s0,0,im0082,oracle,1.5,0.25,0.57131,0.73497,54484
STARE,4.0,K_focal_aug,K_focal_aug_s0,0,im0082,oracle,1.5,0.5,0.57855,0.63853,68041
STARE,4.0,K_focal_aug,K_focal_aug_s0,0,im0082,oracle,1.5,1.0,0.59174,0.4987,96900
STARE,4.0,K_focal_aug,K_focal_aug_s0,0,im0082,oracle,2.0,0.0,0.56357,0.7542,51874
STARE,4.0,K_focal_aug,K_focal_aug_s0,0,im0082,oracle,2.0,0.25,0.57515,0.69471,59771
STARE,4.0,K_focal_aug,K_focal_aug_s0,0,im0082,oracle,2.0,0.5,0.5835,0.60839,73266
STARE,4.0,K_focal_aug,K_focal_aug_s0,0,im0082,oracle,2.0,1.0,0.59731,0.48851,99884
STARE,4.0,K_focal_aug,K_focal_aug_s0,0,im0139,raw,0.0,0.0,0.3952,0.85316,36385
STARE,4.0,K_focal_aug,K_focal_aug_s0,0,im0139,isotropic,0.25,0.25,0.6017,0.75958,50900
STARE,4.0,K_focal_aug,K_focal_aug_s0,0,im0139,isotropic,0.5,0.5,0.61144,0.65612,65160
STARE,4.0,K_focal_aug,K_focal_aug_s0,0,im0139,isotropic,0.75,0.75,0.64611,0.56686,81407
STARE,4.0,K_focal_aug,K_focal_aug_s0,0,im0139,isotropic,1.0,1.0,0.65396,0.50885,95002
STARE,4.0,K_focal_aug,K_focal_aug_s0,0,im0139,isotropic,1.5,1.5,0.70984,0.41641,124576
STARE,4.0,K_focal_aug,K_focal_aug_s0,0,im0139,oracle,0.0,0.25,0.3952,0.85316,36385
STARE,4.0,K_focal_aug,K_focal_aug_s0,0,im0139,oracle,0.0,0.5,0.50289,0.75349,50005
STARE,4.0,K_focal_aug,K_focal_aug_s0,0,im0139,oracle,0.0,1.0,0.60152,0.57821,77916
STARE,4.0,K_focal_aug,K_focal_aug_s0,0,im0139,oracle,0.5,0.0,0.51222,0.84367,39166
STARE,4.0,K_focal_aug,K_focal_aug_s0,0,im0139,oracle,0.5,0.25,0.60482,0.7595,51036
STARE,4.0,K_focal_aug,K_focal_aug_s0,0,im0139,oracle,0.5,0.5,0.61107,0.66184,64275
STARE,4.0,K_focal_aug,K_focal_aug_s0,0,im0139,oracle,0.5,1.0,0.62027,0.53578,87728
STARE,4.0,K_focal_aug,K_focal_aug_s0,0,im0139,oracle,1.0,0.0,0.5593,0.80991,44858
STARE,4.0,K_focal_aug,K_focal_aug_s0,0,im0139,oracle,1.0,0.25,0.63992,0.74747,53179
STARE,4.0,K_focal_aug,K_focal_aug_s0,0,im0139,oracle,1.0,0.5,0.64302,0.64841,66962
STARE,4.0,K_focal_aug,K_focal_aug_s0,0,im0139,oracle,1.0,1.0,0.65358,0.51042,94587
STARE,4.0,K_focal_aug,K_focal_aug_s0,0,im0139,oracle,1.5,0.0,0.66365,0.78889,47944
STARE,4.0,K_focal_aug,K_focal_aug_s0,0,im0139,oracle,1.5,0.25,0.67848,0.7195,57126
STARE,4.0,K_focal_aug,K_focal_aug_s0,0,im0139,oracle,1.5,0.5,0.68392,0.63164,70136
STARE,4.0,K_focal_aug,K_focal_aug_s0,0,im0139,oracle,1.5,1.0,0.68922,0.50022,97793
STARE,4.0,K_focal_aug,K_focal_aug_s0,0,im0139,oracle,2.0,0.0,0.67248,0.73247,55052
STARE,4.0,K_focal_aug,K_focal_aug_s0,0,im0139,oracle,2.0,0.25,0.68705,0.67771,63159
STARE,4.0,K_focal_aug,K_focal_aug_s0,0,im0139,oracle,2.0,0.5,0.69238,0.60085,75860
STARE,4.0,K_focal_aug,K_focal_aug_s0,0,im0139,oracle,2.0,1.0,0.69791,0.48914,101282
STARE,4.0,K_focal_aug,K_focal_aug_s0,0,im0162,raw,0.0,0.0,0.29967,0.85675,28514
STARE,4.0,K_focal_aug,K_focal_aug_s0,0,im0162,isotropic,0.25,0.25,0.69258,0.74251,46331
STARE,4.0,K_focal_aug,K_focal_aug_s0,0,im0162,isotropic,0.5,0.5,0.72329,0.60933,63710
STARE,4.0,K_focal_aug,K_focal_aug_s0,0,im0162,isotropic,0.75,0.75,0.7497,0.50732,83145
STARE,4.0,K_focal_aug,K_focal_aug_s0,0,im0162,isotropic,1.0,1.0,0.76773,0.44459,99647
STARE,4.0,K_focal_aug,K_focal_aug_s0,0,im0162,isotropic,1.5,1.5,0.82236,0.35168,135152
STARE,4.0,K_focal_aug,K_focal_aug_s0,0,im0162,oracle,0.0,0.25,0.29967,0.85675,28514
STARE,4.0,K_focal_aug,K_focal_aug_s0,0,im0162,oracle,0.0,0.5,0.47958,0.73822,44058
STARE,4.0,K_focal_aug,K_focal_aug_s0,0,im0162,oracle,0.0,1.0,0.68699,0.52093,79102
STARE,4.0,K_focal_aug,K_focal_aug_s0,0,im0162,oracle,0.5,0.0,0.45625,0.85214,31664
STARE,4.0,K_focal_aug,K_focal_aug_s0,0,im0162,oracle,0.5,0.25,0.69631,0.74179,46510
STARE,4.0,K_focal_aug,K_focal_aug_s0,0,im0162,oracle,0.5,0.5,0.72234,0.61763,62423
STARE,4.0,K_focal_aug,K_focal_aug_s0,0,im0162,oracle,0.5,1.0,0.73748,0.47276,91255
STARE,4.0,K_focal_aug,K_focal_aug_s0,0,im0162,oracle,1.0,0.0,0.63051,0.81174,38423
STARE,4.0,K_focal_aug,K_focal_aug_s0,0,im0162,oracle,1.0,0.25,0.72568,0.72822,48373
STARE,4.0,K_focal_aug,K_focal_aug_s0,0,im0162,oracle,1.0,0.5,0.74326,0.60051,65522
STARE,4.0,K_focal_aug,K_focal_aug_s0,0,im0162,oracle,1.0,1.0,0.76757,0.44646,99095
STARE,4.0,K_focal_aug,K_focal_aug_s0,0,im0162,oracle,1.5,0.0,0.69181,0.78424,41734
STARE,4.0,K_focal_aug,K_focal_aug_s0,0,im0162,oracle,1.5,0.25,0.74381,0.69659,52308
STARE,4.0,K_focal_aug,K_focal_aug_s0,0,im0162,oracle,1.5,0.5,0.77883,0.58435,68524
STARE,4.0,K_focal_aug,K_focal_aug_s0,0,im0162,oracle,1.5,1.0,0.79622,0.43686,102388
STARE,4.0,K_focal_aug,K_focal_aug_s0,0,im0162,oracle,2.0,0.0,0.71557,0.7178,49137
STARE,4.0,K_focal_aug,K_focal_aug_s0,0,im0162,oracle,2.0,0.25,0.76916,0.65009,58466
STARE,4.0,K_focal_aug,K_focal_aug_s0,0,im0162,oracle,2.0,0.5,0.79735,0.55451,74095
STARE,4.0,K_focal_aug,K_focal_aug_s0,0,im0162,oracle,2.0,1.0,0.81763,0.42759,105646
STARE,4.0,K_focal_aug,K_focal_aug_s0,0,im0163,raw,0.0,0.0,0.58459,0.87766,36795
STARE,4.0,K_focal_aug,K_focal_aug_s0,0,im0163,isotropic,0.25,0.25,0.82515,0.75734,52281
STARE,4.0,K_focal_aug,K_focal_aug_s0,0,im0163,isotropic,0.5,0.5,0.86651,0.64536,67490
STARE,4.0,K_focal_aug,K_focal_aug_s0,0,im0163,isotropic,0.75,0.75,0.87371,0.55292,84510
STARE,4.0,K_focal_aug,K_focal_aug_s0,0,im0163,isotropic,1.0,1.0,0.87981,0.49235,99102
STARE,4.0,K_focal_aug,K_focal_aug_s0,0,im0163,isotropic,1.5,1.5,0.89071,0.39766,130861
STARE,4.0,K_focal_aug,K_focal_aug_s0,0,im0163,oracle,0.0,0.25,0.58459,0.87766,36795
STARE,4.0,K_focal_aug,K_focal_aug_s0,0,im0163,oracle,0.0,0.5,0.7328,0.7586,50750
STARE,4.0,K_focal_aug,K_focal_aug_s0,0,im0163,oracle,0.0,1.0,0.8162,0.56582,81193
STARE,4.0,K_focal_aug,K_focal_aug_s0,0,im0163,oracle,0.5,0.0,0.63476,0.86035,39743
STARE,4.0,K_focal_aug,K_focal_aug_s0,0,im0163,oracle,0.5,0.25,0.82736,0.7564,52461
STARE,4.0,K_focal_aug,K_focal_aug_s0,0,im0163,oracle,0.5,0.5,0.85847,0.65144,66536
STARE,4.0,K_focal_aug,K_focal_aug_s0,0,im0163,oracle,0.5,1.0,0.86965,0.52204,91308
STARE,4.0,K_focal_aug,K_focal_aug_s0,0,im0163,oracle,1.0,0.0,0.7537,0.81551,45661
STARE,4.0,K_focal_aug,K_focal_aug_s0,0,im0163,oracle,1.0,0.25,0.86252,0.74236,54369
STARE,4.0,K_focal_aug,K_focal_aug_s0,0,im0163,oracle,1.0,0.5,0.87485,0.63612,69195
STARE,4.0,K_focal_aug,K_focal_aug_s0,0,im0163,oracle,1.0,1.0,0.87981,0.4939,98688
STARE,4.0,K_focal_aug,K_focal_aug_s0,0,im0163,oracle,1.5,0.0,0.80491,0.79105,48551
STARE,4.0,K_focal_aug,K_focal_aug_s0,0,im0163,oracle,1.5,0.25,0.87846,0.71548,57888
STARE,4.0,K_focal_aug,K_focal_aug_s0,0,im0163,oracle,1.5,0.5,0.88141,0.62014,71983
STARE,4.0,K_focal_aug,K_focal_aug_s0,0,im0163,oracle,1.5,1.0,0.88617,0.48398,101577
STARE,4.0,K_focal_aug,K_focal_aug_s0,0,im0163,oracle,2.0,0.0,0.84923,0.73519,55194
STARE,4.0,K_focal_aug,K_focal_aug_s0,0,im0163,oracle,2.0,0.25,0.88345,0.67602,63302
STARE,4.0,K_focal_aug,K_focal_aug_s0,0,im0163,oracle,2.0,0.5,0.88731,0.59329,76861
STARE,4.0,K_focal_aug,K_focal_aug_s0,0,im0163,oracle,2.0,1.0,0.89277,0.4741,104548
STARE,4.0,K_focal_aug,K_focal_aug_s0,0,im0235,raw,0.0,0.0,0.42477,0.86934,37045
STARE,4.0,K_focal_aug,K_focal_aug_s0,0,im0235,isotropic,0.25,0.25,0.66581,0.79865,52100
STARE,4.0,K_focal_aug,K_focal_aug_s0,0,im0235,isotropic,0.5,0.5,0.68484,0.69408,66892
STARE,4.0,K_focal_aug,K_focal_aug_s0,0,im0235,isotropic,0.75,0.75,0.70544,0.60324,83256
STARE,4.0,K_focal_aug,K_focal_aug_s0,0,im0235,isotropic,1.0,1.0,0.71149,0.54127,97545
STARE,4.0,K_focal_aug,K_focal_aug_s0,0,im0235,isotropic,1.5,1.5,0.78034,0.44323,128479
STARE,4.0,K_focal_aug,K_focal_aug_s0,0,im0235,oracle,0.0,0.25,0.42477,0.86934,37045
STARE,4.0,K_focal_aug,K_focal_aug_s0,0,im0235,oracle,0.0,0.5,0.51631,0.79196,50382
STARE,4.0,K_focal_aug,K_focal_aug_s0,0,im0235,oracle,0.0,1.0,0.67335,0.61577,79853
STARE,4.0,K_focal_aug,K_focal_aug_s0,0,im0235,oracle,0.5,0.0,0.52017,0.86631,39770
STARE,4.0,K_focal_aug,K_focal_aug_s0,0,im0235,oracle,0.5,0.25,0.66751,0.79796,52243
STARE,4.0,K_focal_aug,K_focal_aug_s0,0,im0235,oracle,0.5,0.5,0.68444,0.70289,65553
STARE,4.0,K_focal_aug,K_focal_aug_s0,0,im0235,oracle,0.5,1.0,0.69193,0.57388,89215
STARE,4.0,K_focal_aug,K_focal_aug_s0,0,im0235,oracle,1.0,0.0,0.63627,0.84384,45694
STARE,4.0,K_focal_aug,K_focal_aug_s0,0,im0235,oracle,1.0,0.25,0.69578,0.78608,54282
STARE,4.0,K_focal_aug,K_focal_aug_s0,0,im0235,oracle,1.0,0.5,0.70158,0.68545,68662
STARE,4.0,K_focal_aug,K_focal_aug_s0,0,im0235,oracle,1.0,1.0,0.71149,0.54361,96951
STARE,4.0,K_focal_aug,K_focal_aug_s0,0,im0235,oracle,1.5,0.0,0.72457,0.82606,48574
STARE,4.0,K_focal_aug,K_focal_aug_s0,0,im0235,oracle,1.5,0.25,0.75883,0.7603,58059
STARE,4.0,K_focal_aug,K_focal_aug_s0,0,im0235,oracle,1.5,0.5,0.76368,0.66975,71617
STARE,4.0,K_focal_aug,K_focal_aug_s0,0,im0235,oracle,1.5,1.0,0.77381,0.53271,100107
STARE,4.0,K_focal_aug,K_focal_aug_s0,0,im0235,oracle,2.0,0.0,0.7498,0.77616,55313
STARE,4.0,K_focal_aug,K_focal_aug_s0,0,im0235,oracle,2.0,0.25,0.76328,0.71932,63992
STARE,4.0,K_focal_aug,K_focal_aug_s0,0,im0235,oracle,2.0,0.5,0.77261,0.64,77008
STARE,4.0,K_focal_aug,K_focal_aug_s0,0,im0235,oracle,2.0,1.0,0.77954,0.52125,103479
STARE,4.0,K_focal_aug,K_focal_aug_s0,0,im0236,raw,0.0,0.0,0.54015,0.87527,36497
STARE,4.0,K_focal_aug,K_focal_aug_s0,0,im0236,isotropic,0.25,0.25,0.7198,0.81041,50837
STARE,4.0,K_focal_aug,K_focal_aug_s0,0,im0236,isotropic,0.5,0.5,0.73105,0.71037,64828
STARE,4.0,K_focal_aug,K_focal_aug_s0,0,im0236,isotropic,0.75,0.75,0.74174,0.62103,80362
STARE,4.0,K_focal_aug,K_focal_aug_s0,0,im0236,isotropic,1.0,1.0,0.75801,0.56003,93750
STARE,4.0,K_focal_aug,K_focal_aug_s0,0,im0236,isotropic,1.5,1.5,0.77407,0.46325,122371
STARE,4.0,K_focal_aug,K_focal_aug_s0,0,im0236,oracle,0.0,0.25,0.54015,0.87527,36497
STARE,4.0,K_focal_aug,K_focal_aug_s0,0,im0236,oracle,0.0,0.5,0.63026,0.80378,49186
STARE,4.0,K_focal_aug,K_focal_aug_s0,0,im0236,oracle,0.0,1.0,0.718,0.63361,76995
STARE,4.0,K_focal_aug,K_focal_aug_s0,0,im0236,oracle,0.5,0.0,0.61528,0.87339,39106
STARE,4.0,K_focal_aug,K_focal_aug_s0,0,im0236,oracle,0.5,0.25,0.72299,0.81015,50952
STARE,4.0,K_focal_aug,K_focal_aug_s0,0,im0236,oracle,0.5,0.5,0.73064,0.71876,63546
STARE,4.0,K_focal_aug,K_focal_aug_s0,0,im0236,oracle,0.5,1.0,0.7385,0.59163,86082
STARE,4.0,K_focal_aug,K_focal_aug_s0,0,im0236,oracle,1.0,0.0,0.71799,0.85333,44677
STARE,4.0,K_focal_aug,K_focal_aug_s0,0,im0236,oracle,1.0,0.25,0.73264,0.80046,52805
STARE,4.0,K_focal_aug,K_focal_aug_s0,0,im0236,oracle,1.0,0.5,0.74053,0.70251,66436
STARE,4.0,K_focal_aug,K_focal_aug_s0,0,im0236,oracle,1.0,1.0,0.75781,0.56229,93209
STARE,4.0,K_focal_aug,K_focal_aug_s0,0,im0236,oracle,1.5,0.0,0.73083,0.83913,47269
STARE,4.0,K_focal_aug,K_focal_aug_s0,0,im0236,oracle,1.5,0.25,0.73913,0.77585,56300
STARE,4.0,K_focal_aug,K_focal_aug_s0,0,im0236,oracle,1.5,0.5,0.7572,0.68815,69047
STARE,4.0,K_focal_aug,K_focal_aug_s0,0,im0236,oracle,1.5,1.0,0.765,0.55193,96059
STARE,4.0,K_focal_aug,K_focal_aug_s0,0,im0236,oracle,2.0,0.0,0.73728,0.79042,53703
STARE,4.0,K_focal_aug,K_focal_aug_s0,0,im0236,oracle,2.0,0.25,0.74561,0.73615,61837
STARE,4.0,K_focal_aug,K_focal_aug_s0,0,im0236,oracle,2.0,0.5,0.76337,0.65901,74105
STARE,4.0,K_focal_aug,K_focal_aug_s0,0,im0236,oracle,2.0,1.0,0.77223,0.54094,99137
STARE,4.0,K_focal_aug,K_focal_aug_s0,0,im0239,raw,0.0,0.0,0.25045,0.84749,32928
STARE,4.0,K_focal_aug,K_focal_aug_s0,0,im0239,isotropic,0.25,0.25,0.64917,0.80356,46922
STARE,4.0,K_focal_aug,K_focal_aug_s0,0,im0239,isotropic,0.5,0.5,0.67255,0.70395,60635
STARE,4.0,K_focal_aug,K_focal_aug_s0,0,im0239,isotropic,0.75,0.75,0.69145,0.61022,76486
STARE,4.0,K_focal_aug,K_focal_aug_s0,0,im0239,isotropic,1.0,1.0,0.72888,0.54969,89588
STARE,4.0,K_focal_aug,K_focal_aug_s0,0,im0239,isotropic,1.5,1.5,0.77672,0.4499,118978
STARE,4.0,K_focal_aug,K_focal_aug_s0,0,im0239,oracle,0.0,0.25,0.25045,0.84749,32928
STARE,4.0,K_focal_aug,K_focal_aug_s0,0,im0239,oracle,0.0,0.5,0.33424,0.78549,45650
STARE,4.0,K_focal_aug,K_focal_aug_s0,0,im0239,oracle,0.0,1.0,0.64627,0.62037,73237
STARE,4.0,K_focal_aug,K_focal_aug_s0,0,im0239,oracle,0.5,0.0,0.28093,0.85108,35361
STARE,4.0,K_focal_aug,K_focal_aug_s0,0,im0239,oracle,0.5,0.25,0.65155,0.8036,47030
STARE,4.0,K_focal_aug,K_focal_aug_s0,0,im0239,oracle,0.5,0.5,0.67198,0.7103,59659
STARE,4.0,K_focal_aug,K_focal_aug_s0,0,im0239,oracle,0.5,1.0,0.67965,0.57333,83482
STARE,4.0,K_focal_aug,K_focal_aug_s0,0,im0239,oracle,1.0,0.0,0.48955,0.84331,40720
STARE,4.0,K_focal_aug,K_focal_aug_s0,0,im0239,oracle,1.0,0.25,0.67888,0.79649,48668
STARE,4.0,K_focal_aug,K_focal_aug_s0,0,im0239,oracle,1.0,0.5,0.69786,0.69767,62201
STARE,4.0,K_focal_aug,K_focal_aug_s0,0,im0239,oracle,1.0,1.0,0.72888,0.55131,89206
STARE,4.0,K_focal_aug,K_focal_aug_s0,0,im0239,oracle,1.5,0.0,0.51594,0.82872,43569
STARE,4.0,K_focal_aug,K_focal_aug_s0,0,im0239,oracle,1.5,0.25,0.69691,0.7754,51887
STARE,4.0,K_focal_aug,K_focal_aug_s0,0,im0239,oracle,1.5,0.5,0.73011,0.6857,64599
STARE,4.0,K_focal_aug,K_focal_aug_s0,0,im0239,oracle,1.5,1.0,0.76796,0.54294,91849
STARE,4.0,K_focal_aug,K_focal_aug_s0,0,im0239,oracle,2.0,0.0,0.67699,0.78642,49452
STARE,4.0,K_focal_aug,K_focal_aug_s0,0,im0239,oracle,2.0,0.25,0.73843,0.74108,56663
STARE,4.0,K_focal_aug,K_focal_aug_s0,0,im0239,oracle,2.0,0.5,0.76994,0.65834,69286
STARE,4.0,K_focal_aug,K_focal_aug_s0,0,im0239,oracle,2.0,1.0,0.78132,0.53446,94435
STARE,4.0,K_focal_aug,K_focal_aug_s0,0,im0240,raw,0.0,0.0,0.15722,0.79619,32885
STARE,4.0,K_focal_aug,K_focal_aug_s0,0,im0240,isotropic,0.25,0.25,0.21459,0.80153,45323
STARE,4.0,K_focal_aug,K_focal_aug_s0,0,im0240,isotropic,0.5,0.5,0.27082,0.73446,57702
STARE,4.0,K_focal_aug,K_focal_aug_s0,0,im0240,isotropic,0.75,0.75,0.27719,0.65501,72016
STARE,4.0,K_focal_aug,K_focal_aug_s0,0,im0240,isotropic,1.0,1.0,0.28479,0.59804,84247
STARE,4.0,K_focal_aug,K_focal_aug_s0,0,im0240,isotropic,1.5,1.5,0.29792,0.50183,111731
STARE,4.0,K_focal_aug,K_focal_aug_s0,0,im0240,oracle,0.0,0.25,0.15722,0.79619,32885
STARE,4.0,K_focal_aug,K_focal_aug_s0,0,im0240,oracle,0.0,0.5,0.17883,0.78549,44063
STARE,4.0,K_focal_aug,K_focal_aug_s0,0,im0240,oracle,0.0,1.0,0.25609,0.65926,68804
STARE,4.0,K_focal_aug,K_focal_aug_s0,0,im0240,oracle,0.5,0.0,0.166,0.80853,35287
STARE,4.0,K_focal_aug,K_focal_aug_s0,0,im0240,oracle,0.5,0.25,0.22762,0.80251,45456
STARE,4.0,K_focal_aug,K_focal_aug_s0,0,im0240,oracle,0.5,0.5,0.27033,0.73724,56979
STARE,4.0,K_focal_aug,K_focal_aug_s0,0,im0240,oracle,0.5,1.0,0.27479,0.62124,77745
STARE,4.0,K_focal_aug,K_focal_aug_s0,0,im0240,oracle,1.0,0.0,0.22624,0.82122,40342
STARE,4.0,K_focal_aug,K_focal_aug_s0,0,im0240,oracle,1.0,0.25,0.27237,0.80335,47285
STARE,4.0,K_focal_aug,K_focal_aug_s0,0,im0240,oracle,1.0,0.5,0.27733,0.7319,59416
STARE,4.0,K_focal_aug,K_focal_aug_s0,0,im0240,oracle,1.0,1.0,0.28466,0.59932,83911
STARE,4.0,K_focal_aug,K_focal_aug_s0,0,im0240,oracle,1.5,0.0,0.25684,0.82287,42797
STARE,4.0,K_focal_aug,K_focal_aug_s0,0,im0240,oracle,1.5,0.25,0.27619,0.79222,50547
STARE,4.0,K_focal_aug,K_focal_aug_s0,0,im0240,oracle,1.5,0.5,0.28816,0.72504,61918
STARE,4.0,K_focal_aug,K_focal_aug_s0,0,im0240,oracle,1.5,1.0,0.29278,0.5932,86810
STARE,4.0,K_focal_aug,K_focal_aug_s0,0,im0240,oracle,2.0,0.0,0.27252,0.80342,48117
STARE,4.0,K_focal_aug,K_focal_aug_s0,0,im0240,oracle,2.0,0.25,0.28342,0.77187,54921
STARE,4.0,K_focal_aug,K_focal_aug_s0,0,im0240,oracle,2.0,0.5,0.30307,0.70446,66273
STARE,4.0,K_focal_aug,K_focal_aug_s0,0,im0240,oracle,2.0,1.0,0.30986,0.5867,89710
STARE,4.0,K_focal_aug,K_focal_aug_s0,0,im0255,raw,0.0,0.0,0.41099,0.84025,30710
STARE,4.0,K_focal_aug,K_focal_aug_s0,0,im0255,isotropic,0.25,0.25,0.70419,0.81482,47468
STARE,4.0,K_focal_aug,K_focal_aug_s0,0,im0255,isotropic,0.5,0.5,0.72137,0.69607,63889
STARE,4.0,K_focal_aug,K_focal_aug_s0,0,im0255,isotropic,0.75,0.75,0.73974,0.5926,82518
STARE,4.0,K_focal_aug,K_focal_aug_s0,0,im0255,isotropic,1.0,1.0,0.75637,0.52666,98326
STARE,4.0,K_focal_aug,K_focal_aug_s0,0,im0255,isotropic,1.5,1.5,0.787,0.42399,133097
STARE,4.0,K_focal_aug,K_focal_aug_s0,0,im0255,oracle,0.0,0.25,0.41099,0.84025,30710
STARE,4.0,K_focal_aug,K_focal_aug_s0,0,im0255,oracle,0.0,0.5,0.54988,0.7927,46316
STARE,4.0,K_focal_aug,K_focal_aug_s0,0,im0255,oracle,0.0,1.0,0.68352,0.6018,79049
STARE,4.0,K_focal_aug,K_focal_aug_s0,0,im0255,oracle,0.5,0.0,0.50774,0.85464,33704
STARE,4.0,K_focal_aug,K_focal_aug_s0,0,im0255,oracle,0.5,0.25,0.71005,0.81493,47614
STARE,4.0,K_focal_aug,K_focal_aug_s0,0,im0255,oracle,0.5,0.5,0.72041,0.70466,62562
STARE,4.0,K_focal_aug,K_focal_aug_s0,0,im0255,oracle,0.5,1.0,0.73279,0.55577,90225
STARE,4.0,K_focal_aug,K_focal_aug_s0,0,im0255,oracle,1.0,0.0,0.66886,0.85691,39685
STARE,4.0,K_focal_aug,K_focal_aug_s0,0,im0255,oracle,1.0,0.25,0.73165,0.80629,49388
STARE,4.0,K_focal_aug,K_focal_aug_s0,0,im0255,oracle,1.0,0.5,0.74103,0.68944,65561
STARE,4.0,K_focal_aug,K_focal_aug_s0,0,im0255,oracle,1.0,1.0,0.7562,0.52912,97677
STARE,4.0,K_focal_aug,K_focal_aug_s0,0,im0255,oracle,1.5,0.0,0.7066,0.84362,42849
STARE,4.0,K_focal_aug,K_focal_aug_s0,0,im0255,oracle,1.5,0.25,0.74623,0.78009,53209
STARE,4.0,K_focal_aug,K_focal_aug_s0,0,im0255,oracle,1.5,0.5,0.75881,0.67401,68540
STARE,4.0,K_focal_aug,K_focal_aug_s0,0,im0255,oracle,1.5,1.0,0.77483,0.51928,101079
STARE,4.0,K_focal_aug,K_focal_aug_s0,0,im0255,oracle,2.0,0.0,0.73488,0.79347,49899
STARE,4.0,K_focal_aug,K_focal_aug_s0,0,im0255,oracle,2.0,0.25,0.75899,0.73722,59135
STARE,4.0,K_focal_aug,K_focal_aug_s0,0,im0255,oracle,2.0,0.5,0.7725,0.64218,74333
STARE,4.0,K_focal_aug,K_focal_aug_s0,0,im0255,oracle,2.0,1.0,0.79017,0.50942,104454
STARE,4.0,K_focal_aug,K_focal_aug_s0,0,im0291,raw,0.0,0.0,0.18344,0.82028,18276
STARE,4.0,K_focal_aug,K_focal_aug_s0,0,im0291,isotropic,0.25,0.25,0.24046,0.78809,26031
STARE,4.0,K_focal_aug,K_focal_aug_s0,0,im0291,isotropic,0.5,0.5,0.56024,0.69566,33715
STARE,4.0,K_focal_aug,K_focal_aug_s0,0,im0291,isotropic,0.75,0.75,0.59187,0.60358,42776
STARE,4.0,K_focal_aug,K_focal_aug_s0,0,im0291,isotropic,1.0,1.0,0.60108,0.54415,50297
STARE,4.0,K_focal_aug,K_focal_aug_s0,0,im0291,isotropic,1.5,1.5,0.66828,0.44497,67450
STARE,4.0,K_focal_aug,K_focal_aug_s0,0,im0291,oracle,0.0,0.25,0.18344,0.82028,18276
STARE,4.0,K_focal_aug,K_focal_aug_s0,0,im0291,oracle,0.0,0.5,0.2073,0.7758,25994
STARE,4.0,K_focal_aug,K_focal_aug_s0,0,im0291,oracle,0.0,1.0,0.55163,0.60719,41429
STARE,4.0,K_focal_aug,K_focal_aug_s0,0,im0291,oracle,0.5,0.0,0.2153,0.82771,19664
STARE,4.0,K_focal_aug,K_focal_aug_s0,0,im0291,oracle,0.5,0.25,0.24863,0.78846,26072
STARE,4.0,K_focal_aug,K_focal_aug_s0,0,im0291,oracle,0.5,0.5,0.48295,0.6989,33425
STARE,4.0,K_focal_aug,K_focal_aug_s0,0,im0291,oracle,0.5,1.0,0.58909,0.56629,46759
STARE,4.0,K_focal_aug,K_focal_aug_s0,0,im0291,oracle,1.0,0.0,0.29763,0.82529,22322
STARE,4.0,K_focal_aug,K_focal_aug_s0,0,im0291,oracle,1.0,0.25,0.31105,0.78917,26782
STARE,4.0,K_focal_aug,K_focal_aug_s0,0,im0291,oracle,1.0,0.5,0.5931,0.6934,34408
STARE,4.0,K_focal_aug,K_focal_aug_s0,0,im0291,oracle,1.0,1.0,0.60077,0.54504,50173
STARE,4.0,K_focal_aug,K_focal_aug_s0,0,im0291,oracle,1.5,0.0,0.31057,0.82343,23715
STARE,4.0,K_focal_aug,K_focal_aug_s0,0,im0291,oracle,1.5,0.25,0.59835,0.77692,28211
STARE,4.0,K_focal_aug,K_focal_aug_s0,0,im0291,oracle,1.5,0.5,0.64049,0.68833,35459
STARE,4.0,K_focal_aug,K_focal_aug_s0,0,im0291,oracle,1.5,1.0,0.64812,0.54048,51414
STARE,4.0,K_focal_aug,K_focal_aug_s0,0,im0291,oracle,2.0,0.0,0.63636,0.80023,26156
STARE,4.0,K_focal_aug,K_focal_aug_s0,0,im0291,oracle,2.0,0.25,0.65765,0.75746,30099
STARE,4.0,K_focal_aug,K_focal_aug_s0,0,im0291,oracle,2.0,0.5,0.66344,0.66935,37547
STARE,4.0,K_focal_aug,K_focal_aug_s0,0,im0291,oracle,2.0,1.0,0.67088,0.53695,52417
STARE,4.0,K_focal_aug,K_focal_aug_s0,0,im0319,raw,0.0,0.0,0.06578,0.77939,18173
STARE,4.0,K_focal_aug,K_focal_aug_s0,0,im0319,isotropic,0.25,0.25,0.15161,0.71024,26323
STARE,4.0,K_focal_aug,K_focal_aug_s0,0,im0319,isotropic,0.5,0.5,0.17079,0.61892,34563
STARE,4.0,K_focal_aug,K_focal_aug_s0,0,im0319,isotropic,0.75,0.75,0.18619,0.53545,44241
STARE,4.0,K_focal_aug,K_focal_aug_s0,0,im0319,isotropic,1.0,1.0,0.20714,0.47798,52712
STARE,4.0,K_focal_aug,K_focal_aug_s0,0,im0319,isotropic,1.5,1.5,0.24856,0.38232,72265
STARE,4.0,K_focal_aug,K_focal_aug_s0,0,im0319,oracle,0.0,0.25,0.06578,0.77939,18173
STARE,4.0,K_focal_aug,K_focal_aug_s0,0,im0319,oracle,0.0,0.5,0.07489,0.70239,25611
STARE,4.0,K_focal_aug,K_focal_aug_s0,0,im0319,oracle,0.0,1.0,0.13304,0.53796,41960
STARE,4.0,K_focal_aug,K_focal_aug_s0,0,im0319,oracle,0.5,0.0,0.09909,0.77389,19799
STARE,4.0,K_focal_aug,K_focal_aug_s0,0,im0319,oracle,0.5,0.25,0.15236,0.71133,26426
STARE,4.0,K_focal_aug,K_focal_aug_s0,0,im0319,oracle,0.5,0.5,0.17077,0.62269,34131
STARE,4.0,K_focal_aug,K_focal_aug_s0,0,im0319,oracle,0.5,1.0,0.17232,0.50355,47703
STARE,4.0,K_focal_aug,K_focal_aug_s0,0,im0319,oracle,1.0,0.0,0.1454,0.75566,23205
STARE,4.0,K_focal_aug,K_focal_aug_s0,0,im0319,oracle,1.0,0.25,0.1563,0.70761,27823
STARE,4.0,K_focal_aug,K_focal_aug_s0,0,im0319,oracle,1.0,0.5,0.18706,0.61505,35939
STARE,4.0,K_focal_aug,K_focal_aug_s0,0,im0319,oracle,1.0,1.0,0.20705,0.47926,52493
STARE,4.0,K_focal_aug,K_focal_aug_s0,0,im0319,oracle,1.5,0.0,0.16326,0.74627,24919
STARE,4.0,K_focal_aug,K_focal_aug_s0,0,im0319,oracle,1.5,0.25,0.20846,0.68687,30160
STARE,4.0,K_focal_aug,K_focal_aug_s0,0,im0319,oracle,1.5,0.5,0.22968,0.60548,37787
STARE,4.0,K_focal_aug,K_focal_aug_s0,0,im0319,oracle,1.5,1.0,0.2451,0.47165,54742
STARE,4.0,K_focal_aug,K_focal_aug_s0,0,im0319,oracle,2.0,0.0,0.19444,0.708,28532
STARE,4.0,K_focal_aug,K_focal_aug_s0,0,im0319,oracle,2.0,0.25,0.22333,0.65614,33409
STARE,4.0,K_focal_aug,K_focal_aug_s0,0,im0319,oracle,2.0,0.5,0.24654,0.58083,41022
STARE,4.0,K_focal_aug,K_focal_aug_s0,0,im0319,oracle,2.0,1.0,0.27896,0.46302,57073
STARE,4.0,K_focal_aug,K_focal_aug_s0,0,im0324,raw,0.0,0.0,0.06171,0.76905,28596
STARE,4.0,K_focal_aug,K_focal_aug_s0,0,im0324,isotropic,0.25,0.25,0.07115,0.7267,37813
STARE,4.0,K_focal_aug,K_focal_aug_s0,0,im0324,isotropic,0.5,0.5,0.11842,0.66063,47043
STARE,4.0,K_focal_aug,K_focal_aug_s0,0,im0324,isotropic,0.75,0.75,0.45856,0.59374,57514
STARE,4.0,K_focal_aug,K_focal_aug_s0,0,im0324,isotropic,1.0,1.0,0.46629,0.54286,66821
STARE,4.0,K_focal_aug,K_focal_aug_s0,0,im0324,isotropic,1.5,1.5,0.51924,0.45439,87768
STARE,4.0,K_focal_aug,K_focal_aug_s0,0,im0324,oracle,0.0,0.25,0.06171,0.76905,28596
STARE,4.0,K_focal_aug,K_focal_aug_s0,0,im0324,oracle,0.0,0.5,0.06852,0.72319,36433
STARE,4.0,K_focal_aug,K_focal_aug_s0,0,im0324,oracle,0.0,1.0,0.07142,0.60009,54373
STARE,4.0,K_focal_aug,K_focal_aug_s0,0,im0324,oracle,0.5,0.0,0.06783,0.76437,30805
STARE,4.0,K_focal_aug,K_focal_aug_s0,0,im0324,oracle,0.5,0.25,0.07192,0.7271,37947
STARE,4.0,K_focal_aug,K_focal_aug_s0,0,im0324,oracle,0.5,0.5,0.118,0.66471,46394
STARE,4.0,K_focal_aug,K_focal_aug_s0,0,im0324,oracle,0.5,1.0,0.18205,0.56887,60803
STARE,4.0,K_focal_aug,K_focal_aug_s0,0,im0324,oracle,1.0,0.0,0.11526,0.74891,35295
STARE,4.0,K_focal_aug,K_focal_aug_s0,0,im0324,oracle,1.0,0.25,0.23176,0.71911,40268
STARE,4.0,K_focal_aug,K_focal_aug_s0,0,im0324,oracle,1.0,0.5,0.28723,0.65449,48947
STARE,4.0,K_focal_aug,K_focal_aug_s0,0,im0324,oracle,1.0,1.0,0.46575,0.54453,66459
STARE,4.0,K_focal_aug,K_focal_aug_s0,0,im0324,oracle,1.5,0.0,0.21548,0.74366,37113
STARE,4.0,K_focal_aug,K_focal_aug_s0,0,im0324,oracle,1.5,0.25,0.29048,0.70185,43327
STARE,4.0,K_focal_aug,K_focal_aug_s0,0,im0324,oracle,1.5,0.5,0.29494,0.64386,51411
STARE,4.0,K_focal_aug,K_focal_aug_s0,0,im0324,oracle,1.5,1.0,0.47559,0.53543,69250
STARE,4.0,K_focal_aug,K_focal_aug_s0,0,im0324,oracle,2.0,0.0,0.26978,0.72043,41125
STARE,4.0,K_focal_aug,K_focal_aug_s0,0,im0324,oracle,2.0,0.25,0.46935,0.67997,46983
STARE,4.0,K_focal_aug,K_focal_aug_s0,0,im0324,oracle,2.0,0.5,0.47813,0.62302,55101
STARE,4.0,K_focal_aug,K_focal_aug_s0,0,im0324,oracle,2.0,1.0,0.51095,0.5256,72166
STARE,4.0,K_focal_aug,K_focal_aug_s1,1,im0001,raw,0.0,0.0,0.21106,0.84613,35190
STARE,4.0,K_focal_aug,K_focal_aug_s1,1,im0001,isotropic,0.25,0.25,0.28022,0.76358,48990
STARE,4.0,K_focal_aug,K_focal_aug_s1,1,im0001,isotropic,0.5,0.5,0.29223,0.66582,62548
STARE,4.0,K_focal_aug,K_focal_aug_s1,1,im0001,isotropic,0.75,0.75,0.2995,0.58007,77804
STARE,4.0,K_focal_aug,K_focal_aug_s1,1,im0001,isotropic,1.0,1.0,0.31889,0.52253,90818
STARE,4.0,K_focal_aug,K_focal_aug_s1,1,im0001,isotropic,1.5,1.5,0.47019,0.42891,119454
STARE,4.0,K_focal_aug,K_focal_aug_s1,1,im0001,oracle,0.0,0.25,0.21106,0.84613,35190
STARE,4.0,K_focal_aug,K_focal_aug_s1,1,im0001,oracle,0.0,0.5,0.25315,0.76083,47452
STARE,4.0,K_focal_aug,K_focal_aug_s1,1,im0001,oracle,0.0,1.0,0.28783,0.59387,73844
STARE,4.0,K_focal_aug,K_focal_aug_s1,1,im0001,oracle,0.5,0.0,0.23445,0.8368,38087
STARE,4.0,K_focal_aug,K_focal_aug_s1,1,im0001,oracle,0.5,0.25,0.28178,0.76275,49227
STARE,4.0,K_focal_aug,K_focal_aug_s1,1,im0001,oracle,0.5,0.5,0.29142,0.6709,61709
STARE,4.0,K_focal_aug,K_focal_aug_s1,1,im0001,oracle,0.5,1.0,0.29763,0.55187,83177
STARE,4.0,K_focal_aug,K_focal_aug_s1,1,im0001,oracle,1.0,0.0,0.2762,0.80441,44216
STARE,4.0,K_focal_aug,K_focal_aug_s1,1,im0001,oracle,1.0,0.25,0.29309,0.7471,51981
STARE,4.0,K_focal_aug,K_focal_aug_s1,1,im0001,oracle,1.0,0.5,0.29947,0.65563,64814
STARE,4.0,K_focal_aug,K_focal_aug_s1,1,im0001,oracle,1.0,1.0,0.31881,0.52413,90396
STARE,4.0,K_focal_aug,K_focal_aug_s1,1,im0001,oracle,1.5,0.0,0.28402,0.78024,47679
STARE,4.0,K_focal_aug,K_focal_aug_s1,1,im0001,oracle,1.5,0.25,0.29665,0.71775,56297
STARE,4.0,K_focal_aug,K_focal_aug_s1,1,im0001,oracle,1.5,0.5,0.30366,0.63758,68415
STARE,4.0,K_focal_aug,K_focal_aug_s1,1,im0001,oracle,1.5,1.0,0.46662,0.51313,93922
STARE,4.0,K_focal_aug,K_focal_aug_s1,1,im0001,oracle,2.0,0.0,0.29402,0.72237,55421
STARE,4.0,K_focal_aug,K_focal_aug_s1,1,im0001,oracle,2.0,0.25,0.45722,0.6725,63051
STARE,4.0,K_focal_aug,K_focal_aug_s1,1,im0001,oracle,2.0,0.5,0.46671,0.60456,74550
STARE,4.0,K_focal_aug,K_focal_aug_s1,1,im0001,oracle,2.0,1.0,0.47101,0.50013,97786
STARE,4.0,K_focal_aug,K_focal_aug_s1,1,im0002,raw,0.0,0.0,0.3596,0.83319,26577
STARE,4.0,K_focal_aug,K_focal_aug_s1,1,im0002,isotropic,0.25,0.25,0.56927,0.7731,37931
STARE,4.0,K_focal_aug,K_focal_aug_s1,1,im0002,isotropic,0.5,0.5,0.60308,0.67397,49059
STARE,4.0,K_focal_aug,K_focal_aug_s1,1,im0002,isotropic,0.75,0.75,0.63123,0.58412,61705
STARE,4.0,K_focal_aug,K_focal_aug_s1,1,im0002,isotropic,1.0,1.0,0.642,0.52404,72634
STARE,4.0,K_focal_aug,K_focal_aug_s1,1,im0002,isotropic,1.5,1.5,0.68374,0.42772,96826
STARE,4.0,K_focal_aug,K_focal_aug_s1,1,im0002,oracle,0.0,0.25,0.3596,0.83319,26577
STARE,4.0,K_focal_aug,K_focal_aug_s1,1,im0002,oracle,0.0,0.5,0.42305,0.76455,36832
STARE,4.0,K_focal_aug,K_focal_aug_s1,1,im0002,oracle,0.0,1.0,0.57094,0.59181,59114
STARE,4.0,K_focal_aug,K_focal_aug_s1,1,im0002,oracle,0.5,0.0,0.41758,0.83519,28659
STARE,4.0,K_focal_aug,K_focal_aug_s1,1,im0002,oracle,0.5,0.25,0.58474,0.77352,38025
STARE,4.0,K_focal_aug,K_focal_aug_s1,1,im0002,oracle,0.5,0.5,0.6022,0.68111,48135
STARE,4.0,K_focal_aug,K_focal_aug_s1,1,im0002,oracle,0.5,1.0,0.61074,0.55126,66719
STARE,4.0,K_focal_aug,K_focal_aug_s1,1,im0002,oracle,1.0,0.0,0.56975,0.81992,32928
STARE,4.0,K_focal_aug,K_focal_aug_s1,1,im0002,oracle,1.0,0.25,0.62589,0.76839,39305
STARE,4.0,K_focal_aug,K_focal_aug_s1,1,im0002,oracle,1.0,0.5,0.63146,0.66923,50297
STARE,4.0,K_focal_aug,K_focal_aug_s1,1,im0002,oracle,1.0,1.0,0.64155,0.52613,72199
STARE,4.0,K_focal_aug,K_focal_aug_s1,1,im0002,oracle,1.5,0.0,0.60355,0.80638,35038
STARE,4.0,K_focal_aug,K_focal_aug_s1,1,im0002,oracle,1.5,0.25,0.63684,0.74807,41898
STARE,4.0,K_focal_aug,K_focal_aug_s1,1,im0002,oracle,1.5,0.5,0.64538,0.6582,52245
STARE,4.0,K_focal_aug,K_focal_aug_s1,1,im0002,oracle,1.5,1.0,0.65627,0.51812,74570
STARE,4.0,K_focal_aug,K_focal_aug_s1,1,im0002,oracle,2.0,0.0,0.62795,0.76381,39765
STARE,4.0,K_focal_aug,K_focal_aug_s1,1,im0002,oracle,2.0,0.25,0.64405,0.71517,45777
STARE,4.0,K_focal_aug,K_focal_aug_s1,1,im0002,oracle,2.0,0.5,0.65355,0.63276,55972
STARE,4.0,K_focal_aug,K_focal_aug_s1,1,im0002,oracle,2.0,1.0,0.68212,0.50981,76866
STARE,4.0,K_focal_aug,K_focal_aug_s1,1,im0003,raw,0.0,0.0,0.5098,0.84452,28982
STARE,4.0,K_focal_aug,K_focal_aug_s1,1,im0003,isotropic,0.25,0.25,0.62545,0.74499,39762
STARE,4.0,K_focal_aug,K_focal_aug_s1,1,im0003,isotropic,0.5,0.5,0.63503,0.64472,50393
STARE,4.0,K_focal_aug,K_focal_aug_s1,1,im0003,isotropic,0.75,0.75,0.65987,0.55522,62977
STARE,4.0,K_focal_aug,K_focal_aug_s1,1,im0003,isotropic,1.0,1.0,0.66938,0.49787,73448
STARE,4.0,K_focal_aug,K_focal_aug_s1,1,im0003,isotropic,1.5,1.5,0.68613,0.40244,97445
STARE,4.0,K_focal_aug,K_focal_aug_s1,1,im0003,oracle,0.0,0.25,0.5098,0.84452,28982
STARE,4.0,K_focal_aug,K_focal_aug_s1,1,im0003,oracle,0.0,0.5,0.55392,0.74243,38930
STARE,4.0,K_focal_aug,K_focal_aug_s1,1,im0003,oracle,0.0,1.0,0.60876,0.57229,59644
STARE,4.0,K_focal_aug,K_focal_aug_s1,1,im0003,oracle,0.5,0.0,0.55583,0.82799,31153
STARE,4.0,K_focal_aug,K_focal_aug_s1,1,im0003,oracle,0.5,0.25,0.62759,0.74415,39905
STARE,4.0,K_focal_aug,K_focal_aug_s1,1,im0003,oracle,0.5,0.5,0.63424,0.65136,49588
STARE,4.0,K_focal_aug,K_focal_aug_s1,1,im0003,oracle,0.5,1.0,0.64113,0.52415,68029
STARE,4.0,K_focal_aug,K_focal_aug_s1,1,im0003,oracle,1.0,0.0,0.63056,0.78541,35912
STARE,4.0,K_focal_aug,K_focal_aug_s1,1,im0003,oracle,1.0,0.25,0.65505,0.72433,42108
STARE,4.0,K_focal_aug,K_focal_aug_s1,1,im0003,oracle,1.0,0.5,0.6599,0.6322,52229
STARE,4.0,K_focal_aug,K_focal_aug_s1,1,im0003,oracle,1.0,1.0,0.66884,0.49974,73071
STARE,4.0,K_focal_aug,K_focal_aug_s1,1,im0003,oracle,1.5,0.0,0.6524,0.75854,38741
STARE,4.0,K_focal_aug,K_focal_aug_s1,1,im0003,oracle,1.5,0.25,0.66238,0.69245,45476
STARE,4.0,K_focal_aug,K_focal_aug_s1,1,im0003,oracle,1.5,0.5,0.66945,0.612,55064
STARE,4.0,K_focal_aug,K_focal_aug_s1,1,im0003,oracle,1.5,1.0,0.67817,0.48706,75920
STARE,4.0,K_focal_aug,K_focal_aug_s1,1,im0003,oracle,2.0,0.0,0.66511,0.70212,44390
STARE,4.0,K_focal_aug,K_focal_aug_s1,1,im0003,oracle,2.0,0.25,0.67029,0.64906,50463
STARE,4.0,K_focal_aug,K_focal_aug_s1,1,im0003,oracle,2.0,0.5,0.67796,0.5786,59902
STARE,4.0,K_focal_aug,K_focal_aug_s1,1,im0003,oracle,2.0,1.0,0.68703,0.47399,78995
STARE,4.0,K_focal_aug,K_focal_aug_s1,1,im0004,raw,0.0,0.0,0.11433,0.82043,29510
STARE,4.0,K_focal_aug,K_focal_aug_s1,1,im0004,isotropic,0.25,0.25,0.14107,0.79562,41072
STARE,4.0,K_focal_aug,K_focal_aug_s1,1,im0004,isotropic,0.5,0.5,0.14509,0.7107,52581
STARE,4.0,K_focal_aug,K_focal_aug_s1,1,im0004,isotropic,0.75,0.75,0.202,0.62261,65683
STARE,4.0,K_focal_aug,K_focal_aug_s1,1,im0004,isotropic,1.0,1.0,0.20845,0.55938,77254
STARE,4.0,K_focal_aug,K_focal_aug_s1,1,im0004,isotropic,1.5,1.5,0.22065,0.45524,103198
STARE,4.0,K_focal_aug,K_focal_aug_s1,1,im0004,oracle,0.0,0.25,0.11433,0.82043,29510
STARE,4.0,K_focal_aug,K_focal_aug_s1,1,im0004,oracle,0.0,0.5,0.12168,0.78791,39786
STARE,4.0,K_focal_aug,K_focal_aug_s1,1,im0004,oracle,0.0,1.0,0.14013,0.63836,61753
STARE,4.0,K_focal_aug,K_focal_aug_s1,1,im0004,oracle,0.5,0.0,0.12678,0.81892,32262
STARE,4.0,K_focal_aug,K_focal_aug_s1,1,im0004,oracle,0.5,0.25,0.14167,0.79519,41237
STARE,4.0,K_focal_aug,K_focal_aug_s1,1,im0004,oracle,0.5,0.5,0.14492,0.71514,51884
STARE,4.0,K_focal_aug,K_focal_aug_s1,1,im0004,oracle,0.5,1.0,0.14608,0.59643,69563
STARE,4.0,K_focal_aug,K_focal_aug_s1,1,im0004,oracle,1.0,0.0,0.14349,0.80459,37989
STARE,4.0,K_focal_aug,K_focal_aug_s1,1,im0004,oracle,1.0,0.25,0.20144,0.77441,44389
STARE,4.0,K_focal_aug,K_focal_aug_s1,1,im0004,oracle,1.0,0.5,0.2018,0.69624,55064
STARE,4.0,K_focal_aug,K_focal_aug_s1,1,im0004,oracle,1.0,1.0,0.2084,0.56108,76900
STARE,4.0,K_focal_aug,K_focal_aug_s1,1,im0004,oracle,1.5,0.0,0.20557,0.79636,40439
STARE,4.0,K_focal_aug,K_focal_aug_s1,1,im0004,oracle,1.5,0.25,0.20824,0.74524,48550
STARE,4.0,K_focal_aug,K_focal_aug_s1,1,im0004,oracle,1.5,0.5,0.20913,0.67421,58684
STARE,4.0,K_focal_aug,K_focal_aug_s1,1,im0004,oracle,1.5,1.0,0.21326,0.54615,80494
STARE,4.0,K_focal_aug,K_focal_aug_s1,1,im0004,oracle,2.0,0.0,0.20751,0.75603,46406
STARE,4.0,K_focal_aug,K_focal_aug_s1,1,im0004,oracle,2.0,0.25,0.21838,0.70552,54181
STARE,4.0,K_focal_aug,K_focal_aug_s1,1,im0004,oracle,2.0,0.5,0.2196,0.63943,64128
STARE,4.0,K_focal_aug,K_focal_aug_s1,1,im0004,oracle,2.0,1.0,0.2209,0.52872,84682
STARE,4.0,K_focal_aug,K_focal_aug_s1,1,im0005,raw,0.0,0.0,0.29428,0.84716,39490
STARE,4.0,K_focal_aug,K_focal_aug_s1,1,im0005,isotropic,0.25,0.25,0.36486,0.79353,55196
STARE,4.0,K_focal_aug,K_focal_aug_s1,1,im0005,isotropic,0.5,0.5,0.37011,0.69242,70614
STARE,4.0,K_focal_aug,K_focal_aug_s1,1,im0005,isotropic,0.75,0.75,0.37247,0.59764,88350
STARE,4.0,K_focal_aug,K_focal_aug_s1,1,im0005,isotropic,1.0,1.0,0.37486,0.53636,103108
STARE,4.0,K_focal_aug,K_focal_aug_s1,1,im0005,isotropic,1.5,1.5,0.37916,0.43691,135943
STARE,4.0,K_focal_aug,K_focal_aug_s1,1,im0005,oracle,0.0,0.25,0.29428,0.84716,39490
STARE,4.0,K_focal_aug,K_focal_aug_s1,1,im0005,oracle,0.0,0.5,0.33646,0.78884,53571
STARE,4.0,K_focal_aug,K_focal_aug_s1,1,im0005,oracle,0.0,1.0,0.35882,0.62421,82087
STARE,4.0,K_focal_aug,K_focal_aug_s1,1,im0005,oracle,0.5,0.0,0.32525,0.8354,43507
STARE,4.0,K_focal_aug,K_focal_aug_s1,1,im0005,oracle,0.5,0.25,0.36546,0.79156,55515
STARE,4.0,K_focal_aug,K_focal_aug_s1,1,im0005,oracle,0.5,0.5,0.37011,0.69906,69542
STARE,4.0,K_focal_aug,K_focal_aug_s1,1,im0005,oracle,0.5,1.0,0.37071,0.57174,93923
STARE,4.0,K_focal_aug,K_focal_aug_s1,1,im0005,oracle,1.0,0.0,0.3599,0.79925,51907
STARE,4.0,K_focal_aug,K_focal_aug_s1,1,im0005,oracle,1.0,0.25,0.37267,0.75681,60584
STARE,4.0,K_focal_aug,K_focal_aug_s1,1,im0005,oracle,1.0,0.5,0.37343,0.67009,74617
STARE,4.0,K_focal_aug,K_focal_aug_s1,1,im0005,oracle,1.0,1.0,0.37486,0.53813,102643
STARE,4.0,K_focal_aug,K_focal_aug_s1,1,im0005,oracle,1.5,0.0,0.37208,0.7759,56260
STARE,4.0,K_focal_aug,K_focal_aug_s1,1,im0005,oracle,1.5,0.25,0.37496,0.71271,67464
STARE,4.0,K_focal_aug,K_focal_aug_s1,1,im0005,oracle,1.5,0.5,0.37737,0.63812,80664
STARE,4.0,K_focal_aug,K_focal_aug_s1,1,im0005,oracle,1.5,1.0,0.37803,0.51949,108089
STARE,4.0,K_focal_aug,K_focal_aug_s1,1,im0005,oracle,2.0,0.0,0.37407,0.71291,66222
STARE,4.0,K_focal_aug,K_focal_aug_s1,1,im0005,oracle,2.0,0.25,0.37698,0.65735,76921
STARE,4.0,K_focal_aug,K_focal_aug_s1,1,im0005,oracle,2.0,0.5,0.37928,0.59484,89640
STARE,4.0,K_focal_aug,K_focal_aug_s1,1,im0005,oracle,2.0,1.0,0.38048,0.49807,114733
STARE,4.0,K_focal_aug,K_focal_aug_s1,1,im0044,raw,0.0,0.0,0.12416,0.85774,30814
STARE,4.0,K_focal_aug,K_focal_aug_s1,1,im0044,isotropic,0.25,0.25,0.17152,0.78103,43244
STARE,4.0,K_focal_aug,K_focal_aug_s1,1,im0044,isotropic,0.5,0.5,0.17773,0.67586,55602
STARE,4.0,K_focal_aug,K_focal_aug_s1,1,im0044,isotropic,0.75,0.75,0.18378,0.58159,69853
STARE,4.0,K_focal_aug,K_focal_aug_s1,1,im0044,isotropic,1.0,1.0,0.18555,0.5202,81911
STARE,4.0,K_focal_aug,K_focal_aug_s1,1,im0044,isotropic,1.5,1.5,0.19534,0.42183,108492
STARE,4.0,K_focal_aug,K_focal_aug_s1,1,im0044,oracle,0.0,0.25,0.12416,0.85774,30814
STARE,4.0,K_focal_aug,K_focal_aug_s1,1,im0044,oracle,0.0,0.5,0.14005,0.77519,42148
STARE,4.0,K_focal_aug,K_focal_aug_s1,1,im0044,oracle,0.0,1.0,0.17479,0.59588,66553
STARE,4.0,K_focal_aug,K_focal_aug_s1,1,im0044,oracle,0.5,0.0,0.13314,0.85213,33147
STARE,4.0,K_focal_aug,K_focal_aug_s1,1,im0044,oracle,0.5,0.25,0.17218,0.78069,43352
STARE,4.0,K_focal_aug,K_focal_aug_s1,1,im0044,oracle,0.5,0.5,0.17773,0.68337,54643
STARE,4.0,K_focal_aug,K_focal_aug_s1,1,im0044,oracle,0.5,1.0,0.18204,0.54904,75490
STARE,4.0,K_focal_aug,K_focal_aug_s1,1,im0044,oracle,1.0,0.0,0.16919,0.82333,38217
STARE,4.0,K_focal_aug,K_focal_aug_s1,1,im0044,oracle,1.0,0.25,0.17743,0.76647,45286
STARE,4.0,K_focal_aug,K_focal_aug_s1,1,im0044,oracle,1.0,0.5,0.18402,0.66624,57245
STARE,4.0,K_focal_aug,K_focal_aug_s1,1,im0044,oracle,1.0,1.0,0.18555,0.52252,81409
STARE,4.0,K_focal_aug,K_focal_aug_s1,1,im0044,oracle,1.5,0.0,0.17726,0.79646,41400
STARE,4.0,K_focal_aug,K_focal_aug_s1,1,im0044,oracle,1.5,0.25,0.18287,0.73517,48973
STARE,4.0,K_focal_aug,K_focal_aug_s1,1,im0044,oracle,1.5,0.5,0.18558,0.64723,60147
STARE,4.0,K_focal_aug,K_focal_aug_s1,1,im0044,oracle,1.5,1.0,0.19441,0.51123,84253
STARE,4.0,K_focal_aug,K_focal_aug_s1,1,im0044,oracle,2.0,0.0,0.17979,0.73204,48628
STARE,4.0,K_focal_aug,K_focal_aug_s1,1,im0044,oracle,2.0,0.25,0.18464,0.6835,55282
STARE,4.0,K_focal_aug,K_focal_aug_s1,1,im0044,oracle,2.0,0.5,0.19446,0.61014,65837
STARE,4.0,K_focal_aug,K_focal_aug_s1,1,im0044,oracle,2.0,1.0,0.19612,0.49806,87530
STARE,4.0,K_focal_aug,K_focal_aug_s1,1,im0077,raw,0.0,0.0,0.26658,0.87291,37134
STARE,4.0,K_focal_aug,K_focal_aug_s1,1,im0077,isotropic,0.25,0.25,0.79166,0.75829,54133
STARE,4.0,K_focal_aug,K_focal_aug_s1,1,im0077,isotropic,0.5,0.5,0.81498,0.6415,70857
STARE,4.0,K_focal_aug,K_focal_aug_s1,1,im0077,isotropic,0.75,0.75,0.81879,0.54383,89988
STARE,4.0,K_focal_aug,K_focal_aug_s1,1,im0077,isotropic,1.0,1.0,0.82218,0.48185,106173
STARE,4.0,K_focal_aug,K_focal_aug_s1,1,im0077,isotropic,1.5,1.5,0.82707,0.38466,142029
STARE,4.0,K_focal_aug,K_focal_aug_s1,1,im0077,oracle,0.0,0.25,0.26658,0.87291,37134
STARE,4.0,K_focal_aug,K_focal_aug_s1,1,im0077,oracle,0.0,0.5,0.6675,0.75939,52228
STARE,4.0,K_focal_aug,K_focal_aug_s1,1,im0077,oracle,0.0,1.0,0.78856,0.56468,84941
STARE,4.0,K_focal_aug,K_focal_aug_s1,1,im0077,oracle,0.5,0.0,0.63708,0.85393,40564
STARE,4.0,K_focal_aug,K_focal_aug_s1,1,im0077,oracle,0.5,0.25,0.79311,0.75619,54431
STARE,4.0,K_focal_aug,K_focal_aug_s1,1,im0077,oracle,0.5,0.5,0.81477,0.64901,69610
STARE,4.0,K_focal_aug,K_focal_aug_s1,1,im0077,oracle,0.5,1.0,0.81626,0.5136,97273
STARE,4.0,K_focal_aug,K_focal_aug_s1,1,im0077,oracle,1.0,0.0,0.75587,0.803,48079
STARE,4.0,K_focal_aug,K_focal_aug_s1,1,im0077,oracle,1.0,0.25,0.80558,0.73197,57683
STARE,4.0,K_focal_aug,K_focal_aug_s1,1,im0077,oracle,1.0,0.5,0.82026,0.62591,73672
STARE,4.0,K_focal_aug,K_focal_aug_s1,1,im0077,oracle,1.0,1.0,0.82218,0.48385,105591
STARE,4.0,K_focal_aug,K_focal_aug_s1,1,im0077,oracle,1.5,0.0,0.77583,0.77504,51799
STARE,4.0,K_focal_aug,K_focal_aug_s1,1,im0077,oracle,1.5,0.25,0.82298,0.69527,62891
STARE,4.0,K_focal_aug,K_focal_aug_s1,1,im0077,oracle,1.5,0.5,0.8249,0.60161,78234
STARE,4.0,K_focal_aug,K_focal_aug_s1,1,im0077,oracle,1.5,1.0,0.82577,0.46952,110054
STARE,4.0,K_focal_aug,K_focal_aug_s1,1,im0077,oracle,2.0,0.0,0.79894,0.7138,59878
STARE,4.0,K_focal_aug,K_focal_aug_s1,1,im0077,oracle,2.0,0.25,0.82511,0.64747,70265
STARE,4.0,K_focal_aug,K_focal_aug_s1,1,im0077,oracle,2.0,0.5,0.8266,0.56648,85365
STARE,4.0,K_focal_aug,K_focal_aug_s1,1,im0077,oracle,2.0,1.0,0.82748,0.45403,115088
STARE,4.0,K_focal_aug,K_focal_aug_s1,1,im0081,raw,0.0,0.0,0.29636,0.87902,31951
STARE,4.0,K_focal_aug,K_focal_aug_s1,1,im0081,isotropic,0.25,0.25,0.53023,0.78391,46639
STARE,4.0,K_focal_aug,K_focal_aug_s1,1,im0081,isotropic,0.5,0.5,0.54773,0.6671,61055
STARE,4.0,K_focal_aug,K_focal_aug_s1,1,im0081,isotropic,0.75,0.75,0.55151,0.56854,77398
STARE,4.0,K_focal_aug,K_focal_aug_s1,1,im0081,isotropic,1.0,1.0,0.55811,0.50535,91219
STARE,4.0,K_focal_aug,K_focal_aug_s1,1,im0081,isotropic,1.5,1.5,0.56639,0.40644,121567
STARE,4.0,K_focal_aug,K_focal_aug_s1,1,im0081,oracle,0.0,0.25,0.29636,0.87902,31951
STARE,4.0,K_focal_aug,K_focal_aug_s1,1,im0081,oracle,0.0,0.5,0.40946,0.77724,45471
STARE,4.0,K_focal_aug,K_focal_aug_s1,1,im0081,oracle,0.0,1.0,0.53006,0.58296,74052
STARE,4.0,K_focal_aug,K_focal_aug_s1,1,im0081,oracle,0.5,0.0,0.40346,0.87047,34761
STARE,4.0,K_focal_aug,K_focal_aug_s1,1,im0081,oracle,0.5,0.25,0.5316,0.78266,46825
STARE,4.0,K_focal_aug,K_focal_aug_s1,1,im0081,oracle,0.5,0.5,0.5472,0.67367,60124
STARE,4.0,K_focal_aug,K_focal_aug_s1,1,im0081,oracle,0.5,1.0,0.54959,0.53647,83772
STARE,4.0,K_focal_aug,K_focal_aug_s1,1,im0081,oracle,1.0,0.0,0.49696,0.83574,40496
STARE,4.0,K_focal_aug,K_focal_aug_s1,1,im0081,oracle,1.0,0.25,0.54547,0.76559,48945
STARE,4.0,K_focal_aug,K_focal_aug_s1,1,im0081,oracle,1.0,0.5,0.55552,0.65603,62871
STARE,4.0,K_focal_aug,K_focal_aug_s1,1,im0081,oracle,1.0,1.0,0.55776,0.50717,90771
STARE,4.0,K_focal_aug,K_focal_aug_s1,1,im0081,oracle,1.5,0.0,0.53334,0.81005,43457
STARE,4.0,K_focal_aug,K_focal_aug_s1,1,im0081,oracle,1.5,0.25,0.55559,0.73407,52699
STARE,4.0,K_focal_aug,K_focal_aug_s1,1,im0081,oracle,1.5,0.5,0.55911,0.637,65877
STARE,4.0,K_focal_aug,K_focal_aug_s1,1,im0081,oracle,1.5,1.0,0.5617,0.49606,93754
STARE,4.0,K_focal_aug,K_focal_aug_s1,1,im0081,oracle,2.0,0.0,0.54136,0.74966,50230
STARE,4.0,K_focal_aug,K_focal_aug_s1,1,im0081,oracle,2.0,0.25,0.55847,0.68906,58453
STARE,4.0,K_focal_aug,K_focal_aug_s1,1,im0081,oracle,2.0,0.5,0.56153,0.60471,71234
STARE,4.0,K_focal_aug,K_focal_aug_s1,1,im0081,oracle,2.0,1.0,0.56836,0.48469,96950
STARE,4.0,K_focal_aug,K_focal_aug_s1,1,im0082,raw,0.0,0.0,0.37141,0.88281,33873
STARE,4.0,K_focal_aug,K_focal_aug_s1,1,im0082,isotropic,0.25,0.25,0.55905,0.77624,49273
STARE,4.0,K_focal_aug,K_focal_aug_s1,1,im0082,isotropic,0.5,0.5,0.57554,0.66061,64379
STARE,4.0,K_focal_aug,K_focal_aug_s1,1,im0082,isotropic,0.75,0.75,0.58613,0.5628,81853
STARE,4.0,K_focal_aug,K_focal_aug_s1,1,im0082,isotropic,1.0,1.0,0.59409,0.50224,96194
STARE,4.0,K_focal_aug,K_focal_aug_s1,1,im0082,isotropic,1.5,1.5,0.6366,0.40522,128088
STARE,4.0,K_focal_aug,K_focal_aug_s1,1,im0082,oracle,0.0,0.25,0.37141,0.88281,33873
STARE,4.0,K_focal_aug,K_focal_aug_s1,1,im0082,oracle,0.0,0.5,0.45674,0.77001,48143
STARE,4.0,K_focal_aug,K_focal_aug_s1,1,im0082,oracle,0.0,1.0,0.56014,0.578,78060
STARE,4.0,K_focal_aug,K_focal_aug_s1,1,im0082,oracle,0.5,0.0,0.4444,0.87219,36714
STARE,4.0,K_focal_aug,K_focal_aug_s1,1,im0082,oracle,0.5,0.25,0.56005,0.77508,49479
STARE,4.0,K_focal_aug,K_focal_aug_s1,1,im0082,oracle,0.5,0.5,0.575,0.66762,63329
STARE,4.0,K_focal_aug,K_focal_aug_s1,1,im0082,oracle,0.5,1.0,0.58516,0.5282,89332
STARE,4.0,K_focal_aug,K_focal_aug_s1,1,im0082,oracle,1.0,0.0,0.55805,0.83357,42643
STARE,4.0,K_focal_aug,K_focal_aug_s1,1,im0082,oracle,1.0,0.25,0.57635,0.76053,51491
STARE,4.0,K_focal_aug,K_focal_aug_s1,1,im0082,oracle,1.0,0.5,0.58336,0.65021,66277
STARE,4.0,K_focal_aug,K_focal_aug_s1,1,im0082,oracle,1.0,1.0,0.59371,0.5038,95764
STARE,4.0,K_focal_aug,K_focal_aug_s1,1,im0082,oracle,1.5,0.0,0.56895,0.80634,45922
STARE,4.0,K_focal_aug,K_focal_aug_s1,1,im0082,oracle,1.5,0.25,0.59804,0.72958,55344
STARE,4.0,K_focal_aug,K_focal_aug_s1,1,im0082,oracle,1.5,0.5,0.60577,0.63206,69364
STARE,4.0,K_focal_aug,K_focal_aug_s1,1,im0082,oracle,1.5,1.0,0.6153,0.4926,98976
STARE,4.0,K_focal_aug,K_focal_aug_s1,1,im0082,oracle,2.0,0.0,0.59008,0.74826,52647
STARE,4.0,K_focal_aug,K_focal_aug_s1,1,im0082,oracle,2.0,0.25,0.60421,0.68773,60963
STARE,4.0,K_focal_aug,K_focal_aug_s1,1,im0082,oracle,2.0,0.5,0.61043,0.60038,74984
STARE,4.0,K_focal_aug,K_focal_aug_s1,1,im0082,oracle,2.0,1.0,0.6195,0.48139,102290
STARE,4.0,K_focal_aug,K_focal_aug_s1,1,im0139,raw,0.0,0.0,0.53433,0.84679,37179
STARE,4.0,K_focal_aug,K_focal_aug_s1,1,im0139,isotropic,0.25,0.25,0.64773,0.75449,52449
STARE,4.0,K_focal_aug,K_focal_aug_s1,1,im0139,isotropic,0.5,0.5,0.65595,0.64939,67413
STARE,4.0,K_focal_aug,K_focal_aug_s1,1,im0139,isotropic,0.75,0.75,0.79309,0.55833,84503
STARE,4.0,K_focal_aug,K_focal_aug_s1,1,im0139,isotropic,1.0,1.0,0.81467,0.50009,98700
STARE,4.0,K_focal_aug,K_focal_aug_s1,1,im0139,isotropic,1.5,1.5,0.8453,0.408,129393
STARE,4.0,K_focal_aug,K_focal_aug_s1,1,im0139,oracle,0.0,0.25,0.53433,0.84679,37179
STARE,4.0,K_focal_aug,K_focal_aug_s1,1,im0139,oracle,0.0,0.5,0.57496,0.74851,51438
STARE,4.0,K_focal_aug,K_focal_aug_s1,1,im0139,oracle,0.0,1.0,0.61899,0.57088,80595
STARE,4.0,K_focal_aug,K_focal_aug_s1,1,im0139,oracle,0.5,0.0,0.57723,0.83596,40183
STARE,4.0,K_focal_aug,K_focal_aug_s1,1,im0139,oracle,0.5,0.25,0.65021,0.75399,52613
STARE,4.0,K_focal_aug,K_focal_aug_s1,1,im0139,oracle,0.5,0.5,0.65556,0.6552,66471
STARE,4.0,K_focal_aug,K_focal_aug_s1,1,im0139,oracle,0.5,1.0,0.68454,0.5281,90939
STARE,4.0,K_focal_aug,K_focal_aug_s1,1,im0139,oracle,1.0,0.0,0.7402,0.80016,46409
STARE,4.0,K_focal_aug,K_focal_aug_s1,1,im0139,oracle,1.0,0.25,0.76166,0.73873,55093
STARE,4.0,K_focal_aug,K_focal_aug_s1,1,im0139,oracle,1.0,0.5,0.79164,0.6392,69519
STARE,4.0,K_focal_aug,K_focal_aug_s1,1,im0139,oracle,1.0,1.0,0.81382,0.50162,98265
STARE,4.0,K_focal_aug,K_focal_aug_s1,1,im0139,oracle,1.5,0.0,0.74566,0.77771,49702
STARE,4.0,K_focal_aug,K_focal_aug_s1,1,im0139,oracle,1.5,0.25,0.81357,0.70852,59402
STARE,4.0,K_focal_aug,K_focal_aug_s1,1,im0139,oracle,1.5,0.5,0.81866,0.62067,73050
STARE,4.0,K_focal_aug,K_focal_aug_s1,1,im0139,oracle,1.5,1.0,0.84014,0.49017,101798
STARE,4.0,K_focal_aug,K_focal_aug_s1,1,im0139,oracle,2.0,0.0,0.80916,0.72004,57258
STARE,4.0,K_focal_aug,K_focal_aug_s1,1,im0139,oracle,2.0,0.25,0.82862,0.66491,65912
STARE,4.0,K_focal_aug,K_focal_aug_s1,1,im0139,oracle,2.0,0.5,0.83332,0.58862,79156
STARE,4.0,K_focal_aug,K_focal_aug_s1,1,im0139,oracle,2.0,1.0,0.84875,0.47802,105632
STARE,4.0,K_focal_aug,K_focal_aug_s1,1,im0162,raw,0.0,0.0,0.13544,0.85939,28366
STARE,4.0,K_focal_aug,K_focal_aug_s1,1,im0162,isotropic,0.25,0.25,0.41343,0.74623,47013
STARE,4.0,K_focal_aug,K_focal_aug_s1,1,im0162,isotropic,0.5,0.5,0.77415,0.60913,65173
STARE,4.0,K_focal_aug,K_focal_aug_s1,1,im0162,isotropic,0.75,0.75,0.80801,0.50489,85377
STARE,4.0,K_focal_aug,K_focal_aug_s1,1,im0162,isotropic,1.0,1.0,0.82791,0.44116,102552
STARE,4.0,K_focal_aug,K_focal_aug_s1,1,im0162,isotropic,1.5,1.5,0.8455,0.34707,139456
STARE,4.0,K_focal_aug,K_focal_aug_s1,1,im0162,oracle,0.0,0.25,0.13544,0.85939,28366
STARE,4.0,K_focal_aug,K_focal_aug_s1,1,im0162,oracle,0.0,0.5,0.48581,0.74182,44552
STARE,4.0,K_focal_aug,K_focal_aug_s1,1,im0162,oracle,0.0,1.0,0.71374,0.51952,81000
STARE,4.0,K_focal_aug,K_focal_aug_s1,1,im0162,oracle,0.5,0.0,0.2219,0.85675,31693
STARE,4.0,K_focal_aug,K_focal_aug_s1,1,im0162,oracle,0.5,0.25,0.42797,0.74513,47216
STARE,4.0,K_focal_aug,K_focal_aug_s1,1,im0162,oracle,0.5,0.5,0.77317,0.61769,63825
STARE,4.0,K_focal_aug,K_focal_aug_s1,1,im0162,oracle,0.5,1.0,0.7938,0.47,93804
STARE,4.0,K_focal_aug,K_focal_aug_s1,1,im0162,oracle,1.0,0.0,0.38597,0.81669,38764
STARE,4.0,K_focal_aug,K_focal_aug_s1,1,im0162,oracle,1.0,0.25,0.46636,0.7315,49153
STARE,4.0,K_focal_aug,K_focal_aug_s1,1,im0162,oracle,1.0,0.5,0.80566,0.59965,67063
STARE,4.0,K_focal_aug,K_focal_aug_s1,1,im0162,oracle,1.0,1.0,0.82774,0.44317,101946
STARE,4.0,K_focal_aug,K_focal_aug_s1,1,im0162,oracle,1.5,0.0,0.44206,0.78925,42137
STARE,4.0,K_focal_aug,K_focal_aug_s1,1,im0162,oracle,1.5,0.25,0.80834,0.69871,53194
STARE,4.0,K_focal_aug,K_focal_aug_s1,1,im0162,oracle,1.5,0.5,0.81777,0.58319,70079
STARE,4.0,K_focal_aug,K_focal_aug_s1,1,im0162,oracle,1.5,1.0,0.83439,0.43295,105369
STARE,4.0,K_focal_aug,K_focal_aug_s1,1,im0162,oracle,2.0,0.0,0.77538,0.72226,49636
STARE,4.0,K_focal_aug,K_focal_aug_s1,1,im0162,oracle,2.0,0.25,0.81323,0.65195,59400
STARE,4.0,K_focal_aug,K_focal_aug_s1,1,im0162,oracle,2.0,0.5,0.82251,0.55328,75719
STARE,4.0,K_focal_aug,K_focal_aug_s1,1,im0162,oracle,2.0,1.0,0.83952,0.42365,108624
STARE,4.0,K_focal_aug,K_focal_aug_s1,1,im0163,raw,0.0,0.0,0.54528,0.87891,36132
STARE,4.0,K_focal_aug,K_focal_aug_s1,1,im0163,isotropic,0.25,0.25,0.82784,0.76111,52054
STARE,4.0,K_focal_aug,K_focal_aug_s1,1,im0163,isotropic,0.5,0.5,0.87844,0.64617,67637
STARE,4.0,K_focal_aug,K_focal_aug_s1,1,im0163,isotropic,0.75,0.75,0.8832,0.5515,85027
STARE,4.0,K_focal_aug,K_focal_aug_s1,1,im0163,isotropic,1.0,1.0,0.88797,0.49007,99903
STARE,4.0,K_focal_aug,K_focal_aug_s1,1,im0163,isotropic,1.5,1.5,0.9201,0.39453,132287
STARE,4.0,K_focal_aug,K_focal_aug_s1,1,im0163,oracle,0.0,0.25,0.54528,0.87891,36132
STARE,4.0,K_focal_aug,K_focal_aug_s1,1,im0163,oracle,0.0,0.5,0.6781,0.76149,50415
STARE,4.0,K_focal_aug,K_focal_aug_s1,1,im0163,oracle,0.0,1.0,0.83646,0.5667,81450
STARE,4.0,K_focal_aug,K_focal_aug_s1,1,im0163,oracle,0.5,0.0,0.64579,0.86154,39315
STARE,4.0,K_focal_aug,K_focal_aug_s1,1,im0163,oracle,0.5,0.25,0.82851,0.75976,52263
STARE,4.0,K_focal_aug,K_focal_aug_s1,1,im0163,oracle,0.5,0.5,0.87058,0.65245,66659
STARE,4.0,K_focal_aug,K_focal_aug_s1,1,im0163,oracle,0.5,1.0,0.8807,0.5213,91784
STARE,4.0,K_focal_aug,K_focal_aug_s1,1,im0163,oracle,1.0,0.0,0.74044,0.81645,45569
STARE,4.0,K_focal_aug,K_focal_aug_s1,1,im0163,oracle,1.0,0.25,0.87914,0.74248,54457
STARE,4.0,K_focal_aug,K_focal_aug_s1,1,im0163,oracle,1.0,0.5,0.88343,0.63501,69543
STARE,4.0,K_focal_aug,K_focal_aug_s1,1,im0163,oracle,1.0,1.0,0.88797,0.49165,99477
STARE,4.0,K_focal_aug,K_focal_aug_s1,1,im0163,oracle,1.5,0.0,0.81704,0.79086,48533
STARE,4.0,K_focal_aug,K_focal_aug_s1,1,im0163,oracle,1.5,0.25,0.88322,0.71312,58235
STARE,4.0,K_focal_aug,K_focal_aug_s1,1,im0163,oracle,1.5,0.5,0.88707,0.61727,72571
STARE,4.0,K_focal_aug,K_focal_aug_s1,1,im0163,oracle,1.5,1.0,0.8914,0.48063,102630
STARE,4.0,K_focal_aug,K_focal_aug_s1,1,im0163,oracle,2.0,0.0,0.87152,0.73276,55461
STARE,4.0,K_focal_aug,K_focal_aug_s1,1,im0163,oracle,2.0,0.25,0.8864,0.67116,64040
STARE,4.0,K_focal_aug,K_focal_aug_s1,1,im0163,oracle,2.0,0.5,0.89049,0.58861,77780
STARE,4.0,K_focal_aug,K_focal_aug_s1,1,im0163,oracle,2.0,1.0,0.89528,0.46995,105813
STARE,4.0,K_focal_aug,K_focal_aug_s1,1,im0235,raw,0.0,0.0,0.18301,0.86741,37101
STARE,4.0,K_focal_aug,K_focal_aug_s1,1,im0235,isotropic,0.25,0.25,0.68029,0.79912,52806
STARE,4.0,K_focal_aug,K_focal_aug_s1,1,im0235,isotropic,0.5,0.5,0.77103,0.69198,68186
STARE,4.0,K_focal_aug,K_focal_aug_s1,1,im0235,isotropic,0.75,0.75,0.77775,0.59936,85101
STARE,4.0,K_focal_aug,K_focal_aug_s1,1,im0235,isotropic,1.0,1.0,0.78287,0.53697,99785
STARE,4.0,K_focal_aug,K_focal_aug_s1,1,im0235,isotropic,1.5,1.5,0.80655,0.43862,131431
STARE,4.0,K_focal_aug,K_focal_aug_s1,1,im0235,oracle,0.0,0.25,0.18301,0.86741,37101
STARE,4.0,K_focal_aug,K_focal_aug_s1,1,im0235,oracle,0.0,0.5,0.49582,0.79207,50965
STARE,4.0,K_focal_aug,K_focal_aug_s1,1,im0235,oracle,0.0,1.0,0.75544,0.61349,81433
STARE,4.0,K_focal_aug,K_focal_aug_s1,1,im0235,oracle,0.5,0.0,0.48197,0.86404,40129
STARE,4.0,K_focal_aug,K_focal_aug_s1,1,im0235,oracle,0.5,0.25,0.68258,0.7983,52974
STARE,4.0,K_focal_aug,K_focal_aug_s1,1,im0235,oracle,0.5,0.5,0.77042,0.70105,66782
STARE,4.0,K_focal_aug,K_focal_aug_s1,1,im0235,oracle,0.5,1.0,0.77509,0.57096,91071
STARE,4.0,K_focal_aug,K_focal_aug_s1,1,im0235,oracle,1.0,0.0,0.65372,0.83996,46443
STARE,4.0,K_focal_aug,K_focal_aug_s1,1,im0235,oracle,1.0,0.25,0.75891,0.78358,55331
STARE,4.0,K_focal_aug,K_focal_aug_s1,1,im0235,oracle,1.0,0.5,0.77694,0.68128,70199
STARE,4.0,K_focal_aug,K_focal_aug_s1,1,im0235,oracle,1.0,1.0,0.78225,0.53927,99161
STARE,4.0,K_focal_aug,K_focal_aug_s1,1,im0235,oracle,1.5,0.0,0.7296,0.82159,49498
STARE,4.0,K_focal_aug,K_focal_aug_s1,1,im0235,oracle,1.5,0.25,0.77491,0.75513,59464
STARE,4.0,K_focal_aug,K_focal_aug_s1,1,im0235,oracle,1.5,0.5,0.78369,0.66373,73446
STARE,4.0,K_focal_aug,K_focal_aug_s1,1,im0235,oracle,1.5,1.0,0.78923,0.52708,102688
STARE,4.0,K_focal_aug,K_focal_aug_s1,1,im0235,oracle,2.0,0.0,0.7571,0.77064,56569
STARE,4.0,K_focal_aug,K_focal_aug_s1,1,im0235,oracle,2.0,0.25,0.77859,0.71188,65803
STARE,4.0,K_focal_aug,K_focal_aug_s1,1,im0235,oracle,2.0,0.5,0.80013,0.63231,79298
STARE,4.0,K_focal_aug,K_focal_aug_s1,1,im0235,oracle,2.0,1.0,0.80718,0.51435,106486
STARE,4.0,K_focal_aug,K_focal_aug_s1,1,im0236,raw,0.0,0.0,0.27072,0.87059,36573
STARE,4.0,K_focal_aug,K_focal_aug_s1,1,im0236,isotropic,0.25,0.25,0.71332,0.80761,51822
STARE,4.0,K_focal_aug,K_focal_aug_s1,1,im0236,isotropic,0.5,0.5,0.76868,0.7041,66662
STARE,4.0,K_focal_aug,K_focal_aug_s1,1,im0236,isotropic,0.75,0.75,0.78543,0.61232,83035
STARE,4.0,K_focal_aug,K_focal_aug_s1,1,im0236,isotropic,1.0,1.0,0.79317,0.5505,97092
STARE,4.0,K_focal_aug,K_focal_aug_s1,1,im0236,isotropic,1.5,1.5,0.80791,0.45365,126916
STARE,4.0,K_focal_aug,K_focal_aug_s1,1,im0236,oracle,0.0,0.25,0.27072,0.87059,36573
STARE,4.0,K_focal_aug,K_focal_aug_s1,1,im0236,oracle,0.0,0.5,0.65263,0.80191,49902
STARE,4.0,K_focal_aug,K_focal_aug_s1,1,im0236,oracle,0.0,1.0,0.76105,0.62866,79033
STARE,4.0,K_focal_aug,K_focal_aug_s1,1,im0236,oracle,0.5,0.0,0.60672,0.8682,39636
STARE,4.0,K_focal_aug,K_focal_aug_s1,1,im0236,oracle,0.5,0.25,0.72601,0.8072,51962
STARE,4.0,K_focal_aug,K_focal_aug_s1,1,im0236,oracle,0.5,0.5,0.76786,0.71243,65355
STARE,4.0,K_focal_aug,K_focal_aug_s1,1,im0236,oracle,0.5,1.0,0.78335,0.58432,88707
STARE,4.0,K_focal_aug,K_focal_aug_s1,1,im0236,oracle,1.0,0.0,0.73584,0.84411,45958
STARE,4.0,K_focal_aug,K_focal_aug_s1,1,im0236,oracle,1.0,0.25,0.77651,0.79208,54441
STARE,4.0,K_focal_aug,K_focal_aug_s1,1,im0236,oracle,1.0,0.5,0.78481,0.69338,68686
STARE,4.0,K_focal_aug,K_focal_aug_s1,1,im0236,oracle,1.0,1.0,0.79317,0.55259,96568
STARE,4.0,K_focal_aug,K_focal_aug_s1,1,im0236,oracle,1.5,0.0,0.76284,0.82863,48673
STARE,4.0,K_focal_aug,K_focal_aug_s1,1,im0236,oracle,1.5,0.25,0.78483,0.76235,58658
STARE,4.0,K_focal_aug,K_focal_aug_s1,1,im0236,oracle,1.5,0.5,0.7934,0.67559,71929
STARE,4.0,K_focal_aug,K_focal_aug_s1,1,im0236,oracle,1.5,1.0,0.80074,0.54091,99889
STARE,4.0,K_focal_aug,K_focal_aug_s1,1,im0236,oracle,2.0,0.0,0.77813,0.77858,55627
STARE,4.0,K_focal_aug,K_focal_aug_s1,1,im0236,oracle,2.0,0.25,0.79319,0.72019,64821
STARE,4.0,K_focal_aug,K_focal_aug_s1,1,im0236,oracle,2.0,0.5,0.7997,0.64381,77714
STARE,4.0,K_focal_aug,K_focal_aug_s1,1,im0236,oracle,2.0,1.0,0.8073,0.52795,103646
STARE,4.0,K_focal_aug,K_focal_aug_s1,1,im0239,raw,0.0,0.0,0.14563,0.84416,32082
STARE,4.0,K_focal_aug,K_focal_aug_s1,1,im0239,isotropic,0.25,0.25,0.51944,0.80494,46536
STARE,4.0,K_focal_aug,K_focal_aug_s1,1,im0239,isotropic,0.5,0.5,0.70102,0.70397,60666
STARE,4.0,K_focal_aug,K_focal_aug_s1,1,im0239,isotropic,0.75,0.75,0.73524,0.60812,76943
STARE,4.0,K_focal_aug,K_focal_aug_s1,1,im0239,isotropic,1.0,1.0,0.7536,0.54666,90448
STARE,4.0,K_focal_aug,K_focal_aug_s1,1,im0239,isotropic,1.5,1.5,0.79743,0.44574,120596
STARE,4.0,K_focal_aug,K_focal_aug_s1,1,im0239,oracle,0.0,0.25,0.14563,0.84416,32082
STARE,4.0,K_focal_aug,K_focal_aug_s1,1,im0239,oracle,0.0,0.5,0.37667,0.78663,45145
STARE,4.0,K_focal_aug,K_focal_aug_s1,1,im0239,oracle,0.0,1.0,0.67911,0.62048,73485
STARE,4.0,K_focal_aug,K_focal_aug_s1,1,im0239,oracle,0.5,0.0,0.2542,0.84975,34662
STARE,4.0,K_focal_aug,K_focal_aug_s1,1,im0239,oracle,0.5,0.25,0.52221,0.8047,46677
STARE,4.0,K_focal_aug,K_focal_aug_s1,1,im0239,oracle,0.5,0.5,0.69628,0.71042,59634
STARE,4.0,K_focal_aug,K_focal_aug_s1,1,im0239,oracle,0.5,1.0,0.72923,0.57123,84119
STARE,4.0,K_focal_aug,K_focal_aug_s1,1,im0239,oracle,1.0,0.0,0.48326,0.84423,40136
STARE,4.0,K_focal_aug,K_focal_aug_s1,1,im0239,oracle,1.0,0.25,0.68801,0.79668,48339
STARE,4.0,K_focal_aug,K_focal_aug_s1,1,im0239,oracle,1.0,0.5,0.73505,0.69682,62252
STARE,4.0,K_focal_aug,K_focal_aug_s1,1,im0239,oracle,1.0,1.0,0.75321,0.54829,90040
STARE,4.0,K_focal_aug,K_focal_aug_s1,1,im0239,oracle,1.5,0.0,0.50583,0.82964,43042
STARE,4.0,K_focal_aug,K_focal_aug_s1,1,im0239,oracle,1.5,0.25,0.72883,0.77502,51553
STARE,4.0,K_focal_aug,K_focal_aug_s1,1,im0239,oracle,1.5,0.5,0.75361,0.68349,64715
STARE,4.0,K_focal_aug,K_focal_aug_s1,1,im0239,oracle,1.5,1.0,0.77517,0.53907,92803
STARE,4.0,K_focal_aug,K_focal_aug_s1,1,im0239,oracle,2.0,0.0,0.5447,0.78642,49004
STARE,4.0,K_focal_aug,K_focal_aug_s1,1,im0239,oracle,2.0,0.25,0.74282,0.73924,56422
STARE,4.0,K_focal_aug,K_focal_aug_s1,1,im0239,oracle,2.0,0.5,0.77557,0.65563,69443
STARE,4.0,K_focal_aug,K_focal_aug_s1,1,im0239,oracle,2.0,1.0,0.79864,0.53032,95418
STARE,4.0,K_focal_aug,K_focal_aug_s1,1,im0240,raw,0.0,0.0,0.15858,0.8048,34068
STARE,4.0,K_focal_aug,K_focal_aug_s1,1,im0240,isotropic,0.25,0.25,0.22462,0.80256,47076
STARE,4.0,K_focal_aug,K_focal_aug_s1,1,im0240,isotropic,0.5,0.5,0.26649,0.72934,59965
STARE,4.0,K_focal_aug,K_focal_aug_s1,1,im0240,isotropic,0.75,0.75,0.29209,0.64687,74839
STARE,4.0,K_focal_aug,K_focal_aug_s1,1,im0240,isotropic,1.0,1.0,0.29974,0.58889,87521
STARE,4.0,K_focal_aug,K_focal_aug_s1,1,im0240,isotropic,1.5,1.5,0.317,0.4914,115895
STARE,4.0,K_focal_aug,K_focal_aug_s1,1,im0240,oracle,0.0,0.25,0.15858,0.8048,34068
STARE,4.0,K_focal_aug,K_focal_aug_s1,1,im0240,oracle,0.0,0.5,0.1918,0.78693,45731
STARE,4.0,K_focal_aug,K_focal_aug_s1,1,im0240,oracle,0.0,1.0,0.26165,0.65405,71452
STARE,4.0,K_focal_aug,K_focal_aug_s1,1,im0240,oracle,0.5,0.0,0.18394,0.81537,36657
STARE,4.0,K_focal_aug,K_focal_aug_s1,1,im0240,oracle,0.5,0.25,0.22656,0.80283,47224
STARE,4.0,K_focal_aug,K_focal_aug_s1,1,im0240,oracle,0.5,0.5,0.26571,0.73246,59184
STARE,4.0,K_focal_aug,K_focal_aug_s1,1,im0240,oracle,0.5,1.0,0.28972,0.61407,80695
STARE,4.0,K_focal_aug,K_focal_aug_s1,1,im0240,oracle,1.0,0.0,0.24281,0.82132,42051
STARE,4.0,K_focal_aug,K_focal_aug_s1,1,im0240,oracle,1.0,0.25,0.27137,0.79948,49322
STARE,4.0,K_focal_aug,K_focal_aug_s1,1,im0240,oracle,1.0,0.5,0.29312,0.72388,61868
STARE,4.0,K_focal_aug,K_focal_aug_s1,1,im0240,oracle,1.0,1.0,0.29949,0.5902,87147
STARE,4.0,K_focal_aug,K_focal_aug_s1,1,im0240,oracle,1.5,0.0,0.25869,0.81853,44729
STARE,4.0,K_focal_aug,K_focal_aug_s1,1,im0240,oracle,1.5,0.25,0.27449,0.78369,52816
STARE,4.0,K_focal_aug,K_focal_aug_s1,1,im0240,oracle,1.5,0.5,0.31049,0.71356,64627
STARE,4.0,K_focal_aug,K_focal_aug_s1,1,im0240,oracle,1.5,1.0,0.3143,0.58206,90265
STARE,4.0,K_focal_aug,K_focal_aug_s1,1,im0240,oracle,2.0,0.0,0.28305,0.79283,50495
STARE,4.0,K_focal_aug,K_focal_aug_s1,1,im0240,oracle,2.0,0.25,0.30686,0.75802,57701
STARE,4.0,K_focal_aug,K_focal_aug_s1,1,im0240,oracle,2.0,0.5,0.31732,0.69,69453
STARE,4.0,K_focal_aug,K_focal_aug_s1,1,im0240,oracle,2.0,1.0,0.32148,0.57344,93501
STARE,4.0,K_focal_aug,K_focal_aug_s1,1,im0255,raw,0.0,0.0,0.37967,0.83499,30222
STARE,4.0,K_focal_aug,K_focal_aug_s1,1,im0255,isotropic,0.25,0.25,0.69749,0.81962,47378
STARE,4.0,K_focal_aug,K_focal_aug_s1,1,im0255,isotropic,0.5,0.5,0.73518,0.6988,64169
STARE,4.0,K_focal_aug,K_focal_aug_s1,1,im0255,isotropic,0.75,0.75,0.7596,0.59368,83168
STARE,4.0,K_focal_aug,K_focal_aug_s1,1,im0255,isotropic,1.0,1.0,0.77992,0.5265,99260
STARE,4.0,K_focal_aug,K_focal_aug_s1,1,im0255,isotropic,1.5,1.5,0.8205,0.42287,134463
STARE,4.0,K_focal_aug,K_focal_aug_s1,1,im0255,oracle,0.0,0.25,0.37967,0.83499,30222
STARE,4.0,K_focal_aug,K_focal_aug_s1,1,im0255,oracle,0.0,0.5,0.53089,0.79538,46167
STARE,4.0,K_focal_aug,K_focal_aug_s1,1,im0255,oracle,0.0,1.0,0.69138,0.60381,79561
STARE,4.0,K_focal_aug,K_focal_aug_s1,1,im0255,oracle,0.5,0.0,0.48521,0.85265,33369
STARE,4.0,K_focal_aug,K_focal_aug_s1,1,im0255,oracle,0.5,0.25,0.70175,0.81971,47535
STARE,4.0,K_focal_aug,K_focal_aug_s1,1,im0255,oracle,0.5,0.5,0.73389,0.70741,62845
STARE,4.0,K_focal_aug,K_focal_aug_s1,1,im0255,oracle,0.5,1.0,0.74833,0.55685,90910
STARE,4.0,K_focal_aug,K_focal_aug_s1,1,im0255,oracle,1.0,0.0,0.66473,0.8582,39529
STARE,4.0,K_focal_aug,K_focal_aug_s1,1,im0255,oracle,1.0,0.25,0.74312,0.81124,49368
STARE,4.0,K_focal_aug,K_focal_aug_s1,1,im0255,oracle,1.0,0.5,0.75813,0.69182,65875
STARE,4.0,K_focal_aug,K_focal_aug_s1,1,im0255,oracle,1.0,1.0,0.77976,0.52888,98626
STARE,4.0,K_focal_aug,K_focal_aug_s1,1,im0255,oracle,1.5,0.0,0.72089,0.84628,42704
STARE,4.0,K_focal_aug,K_focal_aug_s1,1,im0255,oracle,1.5,0.25,0.7693,0.78349,53289
STARE,4.0,K_focal_aug,K_focal_aug_s1,1,im0255,oracle,1.5,0.5,0.78924,0.67591,68895
STARE,4.0,K_focal_aug,K_focal_aug_s1,1,im0255,oracle,1.5,1.0,0.80556,0.51844,102052
STARE,4.0,K_focal_aug,K_focal_aug_s1,1,im0255,oracle,2.0,0.0,0.75076,0.79608,49847
STARE,4.0,K_focal_aug,K_focal_aug_s1,1,im0255,oracle,2.0,0.25,0.78224,0.73942,59398
STARE,4.0,K_focal_aug,K_focal_aug_s1,1,im0255,oracle,2.0,0.5,0.80117,0.64282,74823
STARE,4.0,K_focal_aug,K_focal_aug_s1,1,im0255,oracle,2.0,1.0,0.81846,0.50823,105387
STARE,4.0,K_focal_aug,K_focal_aug_s1,1,im0291,raw,0.0,0.0,0.14199,0.82156,18557
STARE,4.0,K_focal_aug,K_focal_aug_s1,1,im0291,isotropic,0.25,0.25,0.31744,0.78037,26521
STARE,4.0,K_focal_aug,K_focal_aug_s1,1,im0291,isotropic,0.5,0.5,0.60148,0.68537,34365
STARE,4.0,K_focal_aug,K_focal_aug_s1,1,im0291,isotropic,0.75,0.75,0.61106,0.59439,43549
STARE,4.0,K_focal_aug,K_focal_aug_s1,1,im0291,isotropic,1.0,1.0,0.6201,0.53561,51198
STARE,4.0,K_focal_aug,K_focal_aug_s1,1,im0291,isotropic,1.5,1.5,0.63837,0.43789,68609
STARE,4.0,K_focal_aug,K_focal_aug_s1,1,im0291,oracle,0.0,0.25,0.14199,0.82156,18557
STARE,4.0,K_focal_aug,K_focal_aug_s1,1,im0291,oracle,0.0,0.5,0.26731,0.76876,26467
STARE,4.0,K_focal_aug,K_focal_aug_s1,1,im0291,oracle,0.0,1.0,0.59583,0.5981,42230
STARE,4.0,K_focal_aug,K_focal_aug_s1,1,im0291,oracle,0.5,0.0,0.23648,0.8291,19991
STARE,4.0,K_focal_aug,K_focal_aug_s1,1,im0291,oracle,0.5,0.25,0.31838,0.78063,26564
STARE,4.0,K_focal_aug,K_focal_aug_s1,1,im0291,oracle,0.5,0.5,0.60117,0.68866,34081
STARE,4.0,K_focal_aug,K_focal_aug_s1,1,im0291,oracle,0.5,1.0,0.60733,0.5585,47484
STARE,4.0,K_focal_aug,K_focal_aug_s1,1,im0291,oracle,1.0,0.0,0.31593,0.82262,22702
STARE,4.0,K_focal_aug,K_focal_aug_s1,1,im0291,oracle,1.0,0.25,0.60489,0.77959,27259
STARE,4.0,K_focal_aug,K_focal_aug_s1,1,im0291,oracle,1.0,0.5,0.61169,0.6827,35037
STARE,4.0,K_focal_aug,K_focal_aug_s1,1,im0291,oracle,1.0,1.0,0.62009,0.53647,51074
STARE,4.0,K_focal_aug,K_focal_aug_s1,1,im0291,oracle,1.5,0.0,0.59721,0.81692,24070
STARE,4.0,K_focal_aug,K_focal_aug_s1,1,im0291,oracle,1.5,0.25,0.61575,0.76614,28735
STARE,4.0,K_focal_aug,K_focal_aug_s1,1,im0291,oracle,1.5,0.5,0.62261,0.67675,36098
STARE,4.0,K_focal_aug,K_focal_aug_s1,1,im0291,oracle,1.5,1.0,0.6311,0.53177,52336
STARE,4.0,K_focal_aug,K_focal_aug_s1,1,im0291,oracle,2.0,0.0,0.62466,0.79073,26631
STARE,4.0,K_focal_aug,K_focal_aug_s1,1,im0291,oracle,2.0,0.25,0.64329,0.74641,30669
STARE,4.0,K_focal_aug,K_focal_aug_s1,1,im0291,oracle,2.0,0.5,0.64907,0.65881,38235
STARE,4.0,K_focal_aug,K_focal_aug_s1,1,im0291,oracle,2.0,1.0,0.65675,0.52797,53431
STARE,4.0,K_focal_aug,K_focal_aug_s1,1,im0319,raw,0.0,0.0,0.08043,0.78033,18642
STARE,4.0,K_focal_aug,K_focal_aug_s1,1,im0319,isotropic,0.25,0.25,0.15101,0.71388,27281
STARE,4.0,K_focal_aug,K_focal_aug_s1,1,im0319,isotropic,0.5,0.5,0.21979,0.61848,35943
STARE,4.0,K_focal_aug,K_focal_aug_s1,1,im0319,isotropic,0.75,0.75,0.25764,0.5314,46016
STARE,4.0,K_focal_aug,K_focal_aug_s1,1,im0319,isotropic,1.0,1.0,0.27435,0.4718,54849
STARE,4.0,K_focal_aug,K_focal_aug_s1,1,im0319,isotropic,1.5,1.5,0.2955,0.37551,74946
STARE,4.0,K_focal_aug,K_focal_aug_s1,1,im0319,oracle,0.0,0.25,0.08043,0.78033,18642
STARE,4.0,K_focal_aug,K_focal_aug_s1,1,im0319,oracle,0.0,0.5,0.09071,0.70684,26444
STARE,4.0,K_focal_aug,K_focal_aug_s1,1,im0319,oracle,0.0,1.0,0.20254,0.53904,43658
STARE,4.0,K_focal_aug,K_focal_aug_s1,1,im0319,oracle,0.5,0.0,0.08366,0.77465,20402
STARE,4.0,K_focal_aug,K_focal_aug_s1,1,im0319,oracle,0.5,0.25,0.15139,0.71399,27361
STARE,4.0,K_focal_aug,K_focal_aug_s1,1,im0319,oracle,0.5,0.5,0.21967,0.62206,35493
STARE,4.0,K_focal_aug,K_focal_aug_s1,1,im0319,oracle,0.5,1.0,0.22195,0.50052,49661
STARE,4.0,K_focal_aug,K_focal_aug_s1,1,im0319,oracle,1.0,0.0,0.13464,0.75467,24025
STARE,4.0,K_focal_aug,K_focal_aug_s1,1,im0319,oracle,1.0,0.25,0.19065,0.70437,28889
STARE,4.0,K_focal_aug,K_focal_aug_s1,1,im0319,oracle,1.0,0.5,0.25401,0.61084,37282
STARE,4.0,K_focal_aug,K_focal_aug_s1,1,im0319,oracle,1.0,1.0,0.27404,0.47314,54604
STARE,4.0,K_focal_aug,K_focal_aug_s1,1,im0319,oracle,1.5,0.0,0.1707,0.74127,25820
STARE,4.0,K_focal_aug,K_focal_aug_s1,1,im0319,oracle,1.5,0.25,0.24488,0.67942,31380
STARE,4.0,K_focal_aug,K_focal_aug_s1,1,im0319,oracle,1.5,0.5,0.27528,0.59752,39243
STARE,4.0,K_focal_aug,K_focal_aug_s1,1,im0319,oracle,1.5,1.0,0.29103,0.46424,56768
STARE,4.0,K_focal_aug,K_focal_aug_s1,1,im0319,oracle,2.0,0.0,0.18885,0.69948,29608
STARE,4.0,K_focal_aug,K_focal_aug_s1,1,im0319,oracle,2.0,0.25,0.29447,0.64585,34770
STARE,4.0,K_focal_aug,K_focal_aug_s1,1,im0319,oracle,2.0,0.5,0.29972,0.57092,42622
STARE,4.0,K_focal_aug,K_focal_aug_s1,1,im0319,oracle,2.0,1.0,0.3035,0.4542,59099
STARE,4.0,K_focal_aug,K_focal_aug_s1,1,im0324,raw,0.0,0.0,0.04622,0.77338,27228
STARE,4.0,K_focal_aug,K_focal_aug_s1,1,im0324,isotropic,0.25,0.25,0.11323,0.73725,36244
STARE,4.0,K_focal_aug,K_focal_aug_s1,1,im0324,isotropic,0.5,0.5,0.22038,0.67006,45183
STARE,4.0,K_focal_aug,K_focal_aug_s1,1,im0324,isotropic,0.75,0.75,0.37037,0.60133,55311
STARE,4.0,K_focal_aug,K_focal_aug_s1,1,im0324,isotropic,1.0,1.0,0.47447,0.5502,64280
STARE,4.0,K_focal_aug,K_focal_aug_s1,1,im0324,isotropic,1.5,1.5,0.51369,0.46187,84359
STARE,4.0,K_focal_aug,K_focal_aug_s1,1,im0324,oracle,0.0,0.25,0.04622,0.77338,27228
STARE,4.0,K_focal_aug,K_focal_aug_s1,1,im0324,oracle,0.0,0.5,0.07635,0.73038,34887
STARE,4.0,K_focal_aug,K_focal_aug_s1,1,im0324,oracle,0.0,1.0,0.17842,0.60757,52444
STARE,4.0,K_focal_aug,K_focal_aug_s1,1,im0324,oracle,0.5,0.0,0.05434,0.77067,29273
STARE,4.0,K_focal_aug,K_focal_aug_s1,1,im0324,oracle,0.5,0.25,0.12312,0.73798,36378
STARE,4.0,K_focal_aug,K_focal_aug_s1,1,im0324,oracle,0.5,0.5,0.22027,0.67374,44568
STARE,4.0,K_focal_aug,K_focal_aug_s1,1,im0324,oracle,0.5,1.0,0.36696,0.57567,58626
STARE,4.0,K_focal_aug,K_focal_aug_s1,1,im0324,oracle,1.0,0.0,0.18275,0.76205,33457
STARE,4.0,K_focal_aug,K_focal_aug_s1,1,im0324,oracle,1.0,0.25,0.20986,0.73322,38426
STARE,4.0,K_focal_aug,K_focal_aug_s1,1,im0324,oracle,1.0,0.5,0.22761,0.66488,46904
STARE,4.0,K_focal_aug,K_focal_aug_s1,1,im0324,oracle,1.0,1.0,0.47394,0.55162,63965
STARE,4.0,K_focal_aug,K_focal_aug_s1,1,im0324,oracle,1.5,0.0,0.20917,0.75728,35303
STARE,4.0,K_focal_aug,K_focal_aug_s1,1,im0324,oracle,1.5,0.25,0.297,0.71813,41169
STARE,4.0,K_focal_aug,K_focal_aug_s1,1,im0324,oracle,1.5,0.5,0.30207,0.65724,49141
STARE,4.0,K_focal_aug,K_focal_aug_s1,1,im0324,oracle,1.5,1.0,0.48454,0.54438,66518
STARE,4.0,K_focal_aug,K_focal_aug_s1,1,im0324,oracle,2.0,0.0,0.28914,0.73612,39160
STARE,4.0,K_focal_aug,K_focal_aug_s1,1,im0324,oracle,2.0,0.25,0.31193,0.69878,44612
STARE,4.0,K_focal_aug,K_focal_aug_s1,1,im0324,oracle,2.0,0.5,0.31667,0.63828,52635
STARE,4.0,K_focal_aug,K_focal_aug_s1,1,im0324,oracle,2.0,1.0,0.50655,0.53672,69197
STARE,4.0,K_focal_aug,K_focal_aug_s2,2,im0001,raw,0.0,0.0,0.23564,0.84495,36028
STARE,4.0,K_focal_aug,K_focal_aug_s2,2,im0001,isotropic,0.25,0.25,0.26212,0.75714,49364
STARE,4.0,K_focal_aug,K_focal_aug_s2,2,im0001,isotropic,0.5,0.5,0.27835,0.66231,62519
STARE,4.0,K_focal_aug,K_focal_aug_s2,2,im0001,isotropic,0.75,0.75,0.28495,0.57874,77404
STARE,4.0,K_focal_aug,K_focal_aug_s2,2,im0001,isotropic,1.0,1.0,0.4325,0.52254,90068
STARE,4.0,K_focal_aug,K_focal_aug_s2,2,im0001,isotropic,1.5,1.5,0.45912,0.43121,117924
STARE,4.0,K_focal_aug,K_focal_aug_s2,2,im0001,oracle,0.0,0.25,0.23564,0.84495,36028
STARE,4.0,K_focal_aug,K_focal_aug_s2,2,im0001,oracle,0.0,0.5,0.24947,0.75595,47987
STARE,4.0,K_focal_aug,K_focal_aug_s2,2,im0001,oracle,0.0,1.0,0.26719,0.59046,73700
STARE,4.0,K_focal_aug,K_focal_aug_s2,2,im0001,oracle,0.5,0.0,0.24542,0.83406,38774
STARE,4.0,K_focal_aug,K_focal_aug_s2,2,im0001,oracle,0.5,0.25,0.26337,0.75639,49600
STARE,4.0,K_focal_aug,K_focal_aug_s2,2,im0001,oracle,0.5,0.5,0.27665,0.66727,61727
STARE,4.0,K_focal_aug,K_focal_aug_s2,2,im0001,oracle,0.5,1.0,0.28219,0.5505,82691
STARE,4.0,K_focal_aug,K_focal_aug_s2,2,im0001,oracle,1.0,0.0,0.26853,0.80206,44567
STARE,4.0,K_focal_aug,K_focal_aug_s2,2,im0001,oracle,1.0,0.25,0.27531,0.74368,52131
STARE,4.0,K_focal_aug,K_focal_aug_s2,2,im0001,oracle,1.0,0.5,0.28512,0.65315,64736
STARE,4.0,K_focal_aug,K_focal_aug_s2,2,im0001,oracle,1.0,1.0,0.4325,0.52408,89679
STARE,4.0,K_focal_aug,K_focal_aug_s2,2,im0001,oracle,1.5,0.0,0.27649,0.77822,47800
STARE,4.0,K_focal_aug,K_focal_aug_s2,2,im0001,oracle,1.5,0.25,0.40966,0.71705,56133
STARE,4.0,K_focal_aug,K_focal_aug_s2,2,im0001,oracle,1.5,0.5,0.42272,0.63744,68036
STARE,4.0,K_focal_aug,K_focal_aug_s2,2,im0001,oracle,1.5,1.0,0.45487,0.51418,92990
STARE,4.0,K_focal_aug,K_focal_aug_s2,2,im0001,oracle,2.0,0.0,0.4135,0.72239,55358
STARE,4.0,K_focal_aug,K_focal_aug_s2,2,im0001,oracle,2.0,0.25,0.42386,0.67411,62645
STARE,4.0,K_focal_aug,K_focal_aug_s2,2,im0001,oracle,2.0,0.5,0.43368,0.60668,73849
STARE,4.0,K_focal_aug,K_focal_aug_s2,2,im0001,oracle,2.0,1.0,0.46164,0.50276,96681
STARE,4.0,K_focal_aug,K_focal_aug_s2,2,im0002,raw,0.0,0.0,0.41689,0.83578,28322
STARE,4.0,K_focal_aug,K_focal_aug_s2,2,im0002,isotropic,0.25,0.25,0.59081,0.7632,39788
STARE,4.0,K_focal_aug,K_focal_aug_s2,2,im0002,isotropic,0.5,0.5,0.62858,0.66295,51095
STARE,4.0,K_focal_aug,K_focal_aug_s2,2,im0002,isotropic,0.75,0.75,0.6418,0.57418,64038
STARE,4.0,K_focal_aug,K_focal_aug_s2,2,im0002,isotropic,1.0,1.0,0.67996,0.51518,75138
STARE,4.0,K_focal_aug,K_focal_aug_s2,2,im0002,isotropic,1.5,1.5,0.70308,0.41964,99757
STARE,4.0,K_focal_aug,K_focal_aug_s2,2,im0002,oracle,0.0,0.25,0.41689,0.83578,28322
STARE,4.0,K_focal_aug,K_focal_aug_s2,2,im0002,oracle,0.0,0.5,0.47174,0.75763,38714
STARE,4.0,K_focal_aug,K_focal_aug_s2,2,im0002,oracle,0.0,1.0,0.60438,0.58342,61364
STARE,4.0,K_focal_aug,K_focal_aug_s2,2,im0002,oracle,0.5,0.0,0.46843,0.83261,30423
STARE,4.0,K_focal_aug,K_focal_aug_s2,2,im0002,oracle,0.5,0.25,0.59232,0.76325,39883
STARE,4.0,K_focal_aug,K_focal_aug_s2,2,im0002,oracle,0.5,0.5,0.62791,0.67073,50110
STARE,4.0,K_focal_aug,K_focal_aug_s2,2,im0002,oracle,0.5,1.0,0.63595,0.54197,69213
STARE,4.0,K_focal_aug,K_focal_aug_s2,2,im0002,oracle,1.0,0.0,0.61094,0.8084,34949
STARE,4.0,K_focal_aug,K_focal_aug_s2,2,im0002,oracle,1.0,0.25,0.63418,0.75511,41348
STARE,4.0,K_focal_aug,K_focal_aug_s2,2,im0002,oracle,1.0,0.5,0.64113,0.65697,52447
STARE,4.0,K_focal_aug,K_focal_aug_s2,2,im0002,oracle,1.0,1.0,0.67927,0.5174,74675
STARE,4.0,K_focal_aug,K_focal_aug_s2,2,im0002,oracle,1.5,0.0,0.62135,0.79215,37174
STARE,4.0,K_focal_aug,K_focal_aug_s2,2,im0002,oracle,1.5,0.25,0.64205,0.73024,44316
STARE,4.0,K_focal_aug,K_focal_aug_s2,2,im0002,oracle,1.5,0.5,0.66443,0.64304,54720
STARE,4.0,K_focal_aug,K_focal_aug_s2,2,im0002,oracle,1.5,1.0,0.68857,0.50784,77182
STARE,4.0,K_focal_aug,K_focal_aug_s2,2,im0002,oracle,2.0,0.0,0.6519,0.74492,42302
STARE,4.0,K_focal_aug,K_focal_aug_s2,2,im0002,oracle,2.0,0.25,0.66259,0.69298,48680
STARE,4.0,K_focal_aug,K_focal_aug_s2,2,im0002,oracle,2.0,0.5,0.68602,0.61426,58940
STARE,4.0,K_focal_aug,K_focal_aug_s2,2,im0002,oracle,2.0,1.0,0.70333,0.49764,79853
STARE,4.0,K_focal_aug,K_focal_aug_s2,2,im0003,raw,0.0,0.0,0.52543,0.84073,29605
STARE,4.0,K_focal_aug,K_focal_aug_s2,2,im0003,isotropic,0.25,0.25,0.57747,0.73681,40105
STARE,4.0,K_focal_aug,K_focal_aug_s2,2,im0003,isotropic,0.5,0.5,0.5905,0.63941,50506
STARE,4.0,K_focal_aug,K_focal_aug_s2,2,im0003,isotropic,0.75,0.75,0.60081,0.55164,62948
STARE,4.0,K_focal_aug,K_focal_aug_s2,2,im0003,isotropic,1.0,1.0,0.63516,0.4958,73219
STARE,4.0,K_focal_aug,K_focal_aug_s2,2,im0003,isotropic,1.5,1.5,0.66328,0.40175,96981
STARE,4.0,K_focal_aug,K_focal_aug_s2,2,im0003,oracle,0.0,0.25,0.52543,0.84073,29605
STARE,4.0,K_focal_aug,K_focal_aug_s2,2,im0003,oracle,0.0,0.5,0.56112,0.73636,39341
STARE,4.0,K_focal_aug,K_focal_aug_s2,2,im0003,oracle,0.0,1.0,0.58348,0.5685,59616
STARE,4.0,K_focal_aug,K_focal_aug_s2,2,im0003,oracle,0.5,0.0,0.54447,0.82223,31734
STARE,4.0,K_focal_aug,K_focal_aug_s2,2,im0003,oracle,0.5,0.25,0.58001,0.73583,40271
STARE,4.0,K_focal_aug,K_focal_aug_s2,2,im0003,oracle,0.5,0.5,0.59025,0.6459,49722
STARE,4.0,K_focal_aug,K_focal_aug_s2,2,im0003,oracle,0.5,1.0,0.59614,0.52135,67878
STARE,4.0,K_focal_aug,K_focal_aug_s2,2,im0003,oracle,1.0,0.0,0.5825,0.77791,36359
STARE,4.0,K_focal_aug,K_focal_aug_s2,2,im0003,oracle,1.0,0.25,0.59799,0.7169,42413
STARE,4.0,K_focal_aug,K_focal_aug_s2,2,im0003,oracle,1.0,0.5,0.61525,0.62717,52353
STARE,4.0,K_focal_aug,K_focal_aug_s2,2,im0003,oracle,1.0,1.0,0.63489,0.49757,72853
STARE,4.0,K_focal_aug,K_focal_aug_s2,2,im0003,oracle,1.5,0.0,0.5917,0.75094,39137
STARE,4.0,K_focal_aug,K_focal_aug_s2,2,im0003,oracle,1.5,0.25,0.61922,0.68669,45680
STARE,4.0,K_focal_aug,K_focal_aug_s2,2,im0003,oracle,1.5,0.5,0.62632,0.60793,55164
STARE,4.0,K_focal_aug,K_focal_aug_s2,2,im0003,oracle,1.5,1.0,0.65653,0.48532,75726
STARE,4.0,K_focal_aug,K_focal_aug_s2,2,im0003,oracle,2.0,0.0,0.62635,0.69548,44733
STARE,4.0,K_focal_aug,K_focal_aug_s2,2,im0003,oracle,2.0,0.25,0.64029,0.64443,50639
STARE,4.0,K_focal_aug,K_focal_aug_s2,2,im0003,oracle,2.0,0.5,0.65924,0.5758,59917
STARE,4.0,K_focal_aug,K_focal_aug_s2,2,im0003,oracle,2.0,1.0,0.66577,0.47247,78792
STARE,4.0,K_focal_aug,K_focal_aug_s2,2,im0004,raw,0.0,0.0,0.08009,0.82182,30317
STARE,4.0,K_focal_aug,K_focal_aug_s2,2,im0004,isotropic,0.25,0.25,0.12924,0.78932,41478
STARE,4.0,K_focal_aug,K_focal_aug_s2,2,im0004,isotropic,0.5,0.5,0.17797,0.70623,52617
STARE,4.0,K_focal_aug,K_focal_aug_s2,2,im0004,isotropic,0.75,0.75,0.18184,0.62014,65418
STARE,4.0,K_focal_aug,K_focal_aug_s2,2,im0004,isotropic,1.0,1.0,0.18684,0.55881,76635
STARE,4.0,K_focal_aug,K_focal_aug_s2,2,im0004,isotropic,1.5,1.5,0.19471,0.45758,101889
STARE,4.0,K_focal_aug,K_focal_aug_s2,2,im0004,oracle,0.0,0.25,0.08009,0.82182,30317
STARE,4.0,K_focal_aug,K_focal_aug_s2,2,im0004,oracle,0.0,0.5,0.12286,0.78265,40341
STARE,4.0,K_focal_aug,K_focal_aug_s2,2,im0004,oracle,0.0,1.0,0.12914,0.63303,61843
STARE,4.0,K_focal_aug,K_focal_aug_s2,2,im0004,oracle,0.5,0.0,0.12379,0.81917,32936
STARE,4.0,K_focal_aug,K_focal_aug_s2,2,im0004,oracle,0.5,0.25,0.12973,0.78897,41629
STARE,4.0,K_focal_aug,K_focal_aug_s2,2,im0004,oracle,0.5,0.5,0.1315,0.71044,51965
STARE,4.0,K_focal_aug,K_focal_aug_s2,2,im0004,oracle,0.5,1.0,0.17913,0.59369,69291
STARE,4.0,K_focal_aug,K_focal_aug_s2,2,im0004,oracle,1.0,0.0,0.1318,0.80155,38430
STARE,4.0,K_focal_aug,K_focal_aug_s2,2,im0004,oracle,1.0,0.25,0.18052,0.77039,44621
STARE,4.0,K_focal_aug,K_focal_aug_s2,2,im0004,oracle,1.0,0.5,0.18157,0.69254,55058
STARE,4.0,K_focal_aug,K_focal_aug_s2,2,im0004,oracle,1.0,1.0,0.18679,0.56039,76315
STARE,4.0,K_focal_aug,K_focal_aug_s2,2,im0004,oracle,1.5,0.0,0.17929,0.79229,40836
STARE,4.0,K_focal_aug,K_focal_aug_s2,2,im0004,oracle,1.5,0.25,0.18257,0.7417,48678
STARE,4.0,K_focal_aug,K_focal_aug_s2,2,im0004,oracle,1.5,0.5,0.18754,0.67226,58493
STARE,4.0,K_focal_aug,K_focal_aug_s2,2,im0004,oracle,1.5,1.0,0.18881,0.54694,79754
STARE,4.0,K_focal_aug,K_focal_aug_s2,2,im0004,oracle,2.0,0.0,0.18586,0.75135,46771
STARE,4.0,K_focal_aug,K_focal_aug_s2,2,im0004,oracle,2.0,0.25,0.19683,0.70402,54102
STARE,4.0,K_focal_aug,K_focal_aug_s2,2,im0004,oracle,2.0,0.5,0.19828,0.63975,63783
STARE,4.0,K_focal_aug,K_focal_aug_s2,2,im0004,oracle,2.0,1.0,0.19964,0.53091,83826
STARE,4.0,K_focal_aug,K_focal_aug_s2,2,im0005,raw,0.0,0.0,0.28873,0.85095,38366
STARE,4.0,K_focal_aug,K_focal_aug_s2,2,im0005,isotropic,0.25,0.25,0.30833,0.79528,52856
STARE,4.0,K_focal_aug,K_focal_aug_s2,2,im0005,isotropic,0.5,0.5,0.31556,0.69919,67156
STARE,4.0,K_focal_aug,K_focal_aug_s2,2,im0005,isotropic,0.75,0.75,0.33628,0.60812,83811
STARE,4.0,K_focal_aug,K_focal_aug_s2,2,im0005,isotropic,1.0,1.0,0.33942,0.54878,97589
STARE,4.0,K_focal_aug,K_focal_aug_s2,2,im0005,isotropic,1.5,1.5,0.34676,0.45078,128447
STARE,4.0,K_focal_aug,K_focal_aug_s2,2,im0005,oracle,0.0,0.25,0.28873,0.85095,38366
STARE,4.0,K_focal_aug,K_focal_aug_s2,2,im0005,oracle,0.0,0.5,0.29845,0.78791,51682
STARE,4.0,K_focal_aug,K_focal_aug_s2,2,im0005,oracle,0.0,1.0,0.30277,0.62589,78767
STARE,4.0,K_focal_aug,K_focal_aug_s2,2,im0005,oracle,0.5,0.0,0.29698,0.84391,41721
STARE,4.0,K_focal_aug,K_focal_aug_s2,2,im0005,oracle,0.5,0.25,0.31246,0.79377,53152
STARE,4.0,K_focal_aug,K_focal_aug_s2,2,im0005,oracle,0.5,0.5,0.31535,0.70544,66160
STARE,4.0,K_focal_aug,K_focal_aug_s2,2,im0005,oracle,0.5,1.0,0.31633,0.5786,89658
STARE,4.0,K_focal_aug,K_focal_aug_s2,2,im0005,oracle,1.0,0.0,0.31643,0.81521,48876
STARE,4.0,K_focal_aug,K_focal_aug_s2,2,im0005,oracle,1.0,0.25,0.32045,0.77029,57078
STARE,4.0,K_focal_aug,K_focal_aug_s2,2,im0005,oracle,1.0,0.5,0.33792,0.68292,70447
STARE,4.0,K_focal_aug,K_focal_aug_s2,2,im0005,oracle,1.0,1.0,0.33942,0.55045,97164
STARE,4.0,K_focal_aug,K_focal_aug_s2,2,im0005,oracle,1.5,0.0,0.33747,0.79304,52956
STARE,4.0,K_focal_aug,K_focal_aug_s2,2,im0005,oracle,1.5,0.25,0.34042,0.7339,62757
STARE,4.0,K_focal_aug,K_focal_aug_s2,2,im0005,oracle,1.5,0.5,0.34276,0.65762,75408
STARE,4.0,K_focal_aug,K_focal_aug_s2,2,im0005,oracle,1.5,1.0,0.34405,0.53537,101777
STARE,4.0,K_focal_aug,K_focal_aug_s2,2,im0005,oracle,2.0,0.0,0.34854,0.73393,62102
STARE,4.0,K_focal_aug,K_focal_aug_s2,2,im0005,oracle,2.0,0.25,0.35116,0.68291,71195
STARE,4.0,K_focal_aug,K_focal_aug_s2,2,im0005,oracle,2.0,0.5,0.35236,0.61815,83286
STARE,4.0,K_focal_aug,K_focal_aug_s2,2,im0005,oracle,2.0,1.0,0.36166,0.5174,107316
STARE,4.0,K_focal_aug,K_focal_aug_s2,2,im0044,raw,0.0,0.0,0.12696,0.85619,30409
STARE,4.0,K_focal_aug,K_focal_aug_s2,2,im0044,isotropic,0.25,0.25,0.1561,0.77912,42257
STARE,4.0,K_focal_aug,K_focal_aug_s2,2,im0044,isotropic,0.5,0.5,0.16363,0.67701,54060
STARE,4.0,K_focal_aug,K_focal_aug_s2,2,im0044,isotropic,0.75,0.75,0.16707,0.58507,67774
STARE,4.0,K_focal_aug,K_focal_aug_s2,2,im0044,isotropic,1.0,1.0,0.16975,0.52487,79338
STARE,4.0,K_focal_aug,K_focal_aug_s2,2,im0044,isotropic,1.5,1.5,0.18007,0.42695,105029
STARE,4.0,K_focal_aug,K_focal_aug_s2,2,im0044,oracle,0.0,0.25,0.12696,0.85619,30409
STARE,4.0,K_focal_aug,K_focal_aug_s2,2,im0044,oracle,0.0,0.5,0.13762,0.77271,41224
STARE,4.0,K_focal_aug,K_focal_aug_s2,2,im0044,oracle,0.0,1.0,0.14875,0.59748,64519
STARE,4.0,K_focal_aug,K_focal_aug_s2,2,im0044,oracle,0.5,0.0,0.13939,0.85108,32592
STARE,4.0,K_focal_aug,K_focal_aug_s2,2,im0044,oracle,0.5,0.25,0.15644,0.77901,42372
STARE,4.0,K_focal_aug,K_focal_aug_s2,2,im0044,oracle,0.5,0.5,0.16344,0.68405,53159
STARE,4.0,K_focal_aug,K_focal_aug_s2,2,im0044,oracle,0.5,1.0,0.16485,0.55226,73239
STARE,4.0,K_focal_aug,K_focal_aug_s2,2,im0044,oracle,1.0,0.0,0.16389,0.82389,37486
STARE,4.0,K_focal_aug,K_focal_aug_s2,2,im0044,oracle,1.0,0.25,0.1659,0.76662,44256
STARE,4.0,K_focal_aug,K_focal_aug_s2,2,im0044,oracle,1.0,0.5,0.16791,0.66787,55694
STARE,4.0,K_focal_aug,K_focal_aug_s2,2,im0044,oracle,1.0,1.0,0.16975,0.52712,78862
STARE,4.0,K_focal_aug,K_focal_aug_s2,2,im0044,oracle,1.5,0.0,0.16676,0.79825,40580
STARE,4.0,K_focal_aug,K_focal_aug_s2,2,im0044,oracle,1.5,0.25,0.16894,0.73738,47699
STARE,4.0,K_focal_aug,K_focal_aug_s2,2,im0044,oracle,1.5,0.5,0.17011,0.65069,58460
STARE,4.0,K_focal_aug,K_focal_aug_s2,2,im0044,oracle,1.5,1.0,0.17853,0.51611,81596
STARE,4.0,K_focal_aug,K_focal_aug_s2,2,im0044,oracle,2.0,0.0,0.16928,0.73533,47490
STARE,4.0,K_focal_aug,K_focal_aug_s2,2,im0044,oracle,2.0,0.25,0.17766,0.68788,53690
STARE,4.0,K_focal_aug,K_focal_aug_s2,2,im0044,oracle,2.0,0.5,0.17881,0.61426,63973
STARE,4.0,K_focal_aug,K_focal_aug_s2,2,im0044,oracle,2.0,1.0,0.18011,0.50293,84878
STARE,4.0,K_focal_aug,K_focal_aug_s2,2,im0077,raw,0.0,0.0,0.30444,0.86974,38037
STARE,4.0,K_focal_aug,K_focal_aug_s2,2,im0077,isotropic,0.25,0.25,0.78172,0.75229,54761
STARE,4.0,K_focal_aug,K_focal_aug_s2,2,im0077,isotropic,0.5,0.5,0.79148,0.63775,71254
STARE,4.0,K_focal_aug,K_focal_aug_s2,2,im0077,isotropic,0.75,0.75,0.80727,0.54192,90200
STARE,4.0,K_focal_aug,K_focal_aug_s2,2,im0077,isotropic,1.0,1.0,0.81125,0.48102,106185
STARE,4.0,K_focal_aug,K_focal_aug_s2,2,im0077,isotropic,1.5,1.5,0.81674,0.38474,141709
STARE,4.0,K_focal_aug,K_focal_aug_s2,2,im0077,oracle,0.0,0.25,0.30444,0.86974,38037
STARE,4.0,K_focal_aug,K_focal_aug_s2,2,im0077,oracle,0.0,0.5,0.34423,0.75428,52968
STARE,4.0,K_focal_aug,K_focal_aug_s2,2,im0077,oracle,0.0,1.0,0.77457,0.56229,85233
STARE,4.0,K_focal_aug,K_focal_aug_s2,2,im0077,oracle,0.5,0.0,0.33695,0.84983,41392
STARE,4.0,K_focal_aug,K_focal_aug_s2,2,im0077,oracle,0.5,0.25,0.78401,0.75013,55065
STARE,4.0,K_focal_aug,K_focal_aug_s2,2,im0077,oracle,0.5,0.5,0.79148,0.6448,70070
STARE,4.0,K_focal_aug,K_focal_aug_s2,2,im0077,oracle,0.5,1.0,0.80476,0.51198,97434
STARE,4.0,K_focal_aug,K_focal_aug_s2,2,im0077,oracle,1.0,0.0,0.37952,0.79782,48804
STARE,4.0,K_focal_aug,K_focal_aug_s2,2,im0077,oracle,1.0,0.25,0.79498,0.72659,58292
STARE,4.0,K_focal_aug,K_focal_aug_s2,2,im0077,oracle,1.0,0.5,0.80914,0.62243,74078
STARE,4.0,K_focal_aug,K_focal_aug_s2,2,im0077,oracle,1.0,1.0,0.81125,0.48289,105635
STARE,4.0,K_focal_aug,K_focal_aug_s2,2,im0077,oracle,1.5,0.0,0.77503,0.77006,52437
STARE,4.0,K_focal_aug,K_focal_aug_s2,2,im0077,oracle,1.5,0.25,0.81165,0.69029,63436
STARE,4.0,K_focal_aug,K_focal_aug_s2,2,im0077,oracle,1.5,0.5,0.81334,0.59865,78585
STARE,4.0,K_focal_aug,K_focal_aug_s2,2,im0077,oracle,1.5,1.0,0.81525,0.46872,110065
STARE,4.0,K_focal_aug,K_focal_aug_s2,2,im0077,oracle,2.0,0.0,0.78161,0.70915,60502
STARE,4.0,K_focal_aug,K_focal_aug_s2,2,im0077,oracle,2.0,0.25,0.81459,0.64315,70796
STARE,4.0,K_focal_aug,K_focal_aug_s2,2,im0077,oracle,2.0,0.5,0.81629,0.56408,85651
STARE,4.0,K_focal_aug,K_focal_aug_s2,2,im0077,oracle,2.0,1.0,0.82704,0.45346,115048
STARE,4.0,K_focal_aug,K_focal_aug_s2,2,im0081,raw,0.0,0.0,0.32964,0.88235,32745
STARE,4.0,K_focal_aug,K_focal_aug_s2,2,im0081,isotropic,0.25,0.25,0.51688,0.77731,47311
STARE,4.0,K_focal_aug,K_focal_aug_s2,2,im0081,isotropic,0.5,0.5,0.53331,0.66198,61645
STARE,4.0,K_focal_aug,K_focal_aug_s2,2,im0081,isotropic,0.75,0.75,0.53769,0.56492,77950
STARE,4.0,K_focal_aug,K_focal_aug_s2,2,im0081,isotropic,1.0,1.0,0.54069,0.50274,91730
STARE,4.0,K_focal_aug,K_focal_aug_s2,2,im0081,isotropic,1.5,1.5,0.5505,0.40481,122093
STARE,4.0,K_focal_aug,K_focal_aug_s2,2,im0081,oracle,0.0,0.25,0.32964,0.88235,32745
STARE,4.0,K_focal_aug,K_focal_aug_s2,2,im0081,oracle,0.0,0.5,0.38646,0.7719,46219
STARE,4.0,K_focal_aug,K_focal_aug_s2,2,im0081,oracle,0.0,1.0,0.51637,0.57952,74546
STARE,4.0,K_focal_aug,K_focal_aug_s2,2,im0081,oracle,0.5,0.0,0.38377,0.87108,35520
STARE,4.0,K_focal_aug,K_focal_aug_s2,2,im0081,oracle,0.5,0.25,0.51846,0.77585,47529
STARE,4.0,K_focal_aug,K_focal_aug_s2,2,im0081,oracle,0.5,0.5,0.53314,0.66846,60719
STARE,4.0,K_focal_aug,K_focal_aug_s2,2,im0081,oracle,0.5,1.0,0.53469,0.5334,84284
STARE,4.0,K_focal_aug,K_focal_aug_s2,2,im0081,oracle,1.0,0.0,0.48356,0.83212,41206
STARE,4.0,K_focal_aug,K_focal_aug_s2,2,im0081,oracle,1.0,0.25,0.5359,0.75897,49658
STARE,4.0,K_focal_aug,K_focal_aug_s2,2,im0081,oracle,1.0,0.5,0.53878,0.65073,63537
STARE,4.0,K_focal_aug,K_focal_aug_s2,2,im0081,oracle,1.0,1.0,0.54069,0.50453,91287
STARE,4.0,K_focal_aug,K_focal_aug_s2,2,im0081,oracle,1.5,0.0,0.52618,0.80484,44276
STARE,4.0,K_focal_aug,K_focal_aug_s2,2,im0081,oracle,1.5,0.25,0.53966,0.72784,53417
STARE,4.0,K_focal_aug,K_focal_aug_s2,2,im0081,oracle,1.5,0.5,0.54704,0.63211,66606
STARE,4.0,K_focal_aug,K_focal_aug_s2,2,im0081,oracle,1.5,1.0,0.54868,0.49332,94400
STARE,4.0,K_focal_aug,K_focal_aug_s2,2,im0081,oracle,2.0,0.0,0.53264,0.74306,51170
STARE,4.0,K_focal_aug,K_focal_aug_s2,2,im0081,oracle,2.0,0.25,0.5512,0.6827,59301
STARE,4.0,K_focal_aug,K_focal_aug_s2,2,im0081,oracle,2.0,0.5,0.55506,0.60006,72052
STARE,4.0,K_focal_aug,K_focal_aug_s2,2,im0081,oracle,2.0,1.0,0.55789,0.48168,97715
STARE,4.0,K_focal_aug,K_focal_aug_s2,2,im0082,raw,0.0,0.0,0.19894,0.88555,34722
STARE,4.0,K_focal_aug,K_focal_aug_s2,2,im0082,isotropic,0.25,0.25,0.57942,0.77424,50065
STARE,4.0,K_focal_aug,K_focal_aug_s2,2,im0082,isotropic,0.5,0.5,0.59628,0.65979,65091
STARE,4.0,K_focal_aug,K_focal_aug_s2,2,im0082,isotropic,0.75,0.75,0.60906,0.56184,82642
STARE,4.0,K_focal_aug,K_focal_aug_s2,2,im0082,isotropic,1.0,1.0,0.61791,0.50166,96899
STARE,4.0,K_focal_aug,K_focal_aug_s2,2,im0082,isotropic,1.5,1.5,0.64244,0.40475,128791
STARE,4.0,K_focal_aug,K_focal_aug_s2,2,im0082,oracle,0.0,0.25,0.19894,0.88555,34722
STARE,4.0,K_focal_aug,K_focal_aug_s2,2,im0082,oracle,0.0,0.5,0.47776,0.76905,49054
STARE,4.0,K_focal_aug,K_focal_aug_s2,2,im0082,oracle,0.0,1.0,0.56186,0.57642,78986
STARE,4.0,K_focal_aug,K_focal_aug_s2,2,im0082,oracle,0.5,0.0,0.41789,0.8746,37488
STARE,4.0,K_focal_aug,K_focal_aug_s2,2,im0082,oracle,0.5,0.25,0.58089,0.77338,50243
STARE,4.0,K_focal_aug,K_focal_aug_s2,2,im0082,oracle,0.5,0.5,0.59594,0.66632,64111
STARE,4.0,K_focal_aug,K_focal_aug_s2,2,im0082,oracle,0.5,1.0,0.60853,0.52689,90248
STARE,4.0,K_focal_aug,K_focal_aug_s2,2,im0082,oracle,1.0,0.0,0.5587,0.83349,43298
STARE,4.0,K_focal_aug,K_focal_aug_s2,2,im0082,oracle,1.0,0.25,0.59754,0.75966,52134
STARE,4.0,K_focal_aug,K_focal_aug_s2,2,im0082,oracle,1.0,0.5,0.60627,0.64963,66895
STARE,4.0,K_focal_aug,K_focal_aug_s2,2,im0082,oracle,1.0,1.0,0.61791,0.5031,96525
STARE,4.0,K_focal_aug,K_focal_aug_s2,2,im0082,oracle,1.5,0.0,0.57001,0.80667,46534
STARE,4.0,K_focal_aug,K_focal_aug_s2,2,im0082,oracle,1.5,0.25,0.60554,0.72914,55896
STARE,4.0,K_focal_aug,K_focal_aug_s2,2,im0082,oracle,1.5,0.5,0.61131,0.63219,69836
STARE,4.0,K_focal_aug,K_focal_aug_s2,2,im0082,oracle,1.5,1.0,0.62173,0.4923,99561
STARE,4.0,K_focal_aug,K_focal_aug_s2,2,im0082,oracle,2.0,0.0,0.59162,0.74855,53193
STARE,4.0,K_focal_aug,K_focal_aug_s2,2,im0082,oracle,2.0,0.25,0.60869,0.68769,61436
STARE,4.0,K_focal_aug,K_focal_aug_s2,2,im0082,oracle,2.0,0.5,0.61472,0.60038,75438
STARE,4.0,K_focal_aug,K_focal_aug_s2,2,im0082,oracle,2.0,1.0,0.63018,0.48149,102739
STARE,4.0,K_focal_aug,K_focal_aug_s2,2,im0139,raw,0.0,0.0,0.5111,0.84721,38027
STARE,4.0,K_focal_aug,K_focal_aug_s2,2,im0139,isotropic,0.25,0.25,0.69526,0.74788,53117
STARE,4.0,K_focal_aug,K_focal_aug_s2,2,im0139,isotropic,0.5,0.5,0.72915,0.644,67955
STARE,4.0,K_focal_aug,K_focal_aug_s2,2,im0139,isotropic,0.75,0.75,0.7698,0.55414,84999
STARE,4.0,K_focal_aug,K_focal_aug_s2,2,im0139,isotropic,1.0,1.0,0.79475,0.49658,99227
STARE,4.0,K_focal_aug,K_focal_aug_s2,2,im0139,isotropic,1.5,1.5,0.81596,0.40503,130218
STARE,4.0,K_focal_aug,K_focal_aug_s2,2,im0139,oracle,0.0,0.25,0.5111,0.84721,38027
STARE,4.0,K_focal_aug,K_focal_aug_s2,2,im0139,oracle,0.0,0.5,0.54509,0.74384,52136
STARE,4.0,K_focal_aug,K_focal_aug_s2,2,im0139,oracle,0.0,1.0,0.60484,0.56741,81037
STARE,4.0,K_focal_aug,K_focal_aug_s2,2,im0139,oracle,0.5,0.0,0.58707,0.83342,41012
STARE,4.0,K_focal_aug,K_focal_aug_s2,2,im0139,oracle,0.5,0.25,0.69742,0.74746,53284
STARE,4.0,K_focal_aug,K_focal_aug_s2,2,im0139,oracle,0.5,0.5,0.72815,0.64952,67045
STARE,4.0,K_focal_aug,K_focal_aug_s2,2,im0139,oracle,0.5,1.0,0.75003,0.52457,91406
STARE,4.0,K_focal_aug,K_focal_aug_s2,2,im0139,oracle,1.0,0.0,0.72143,0.79495,47206
STARE,4.0,K_focal_aug,K_focal_aug_s2,2,im0139,oracle,1.0,0.25,0.74845,0.73208,55761
STARE,4.0,K_focal_aug,K_focal_aug_s2,2,im0139,oracle,1.0,0.5,0.75352,0.63364,70115
STARE,4.0,K_focal_aug,K_focal_aug_s2,2,im0139,oracle,1.0,1.0,0.79392,0.49804,98809
STARE,4.0,K_focal_aug,K_focal_aug_s2,2,im0139,oracle,1.5,0.0,0.7412,0.77231,50401
STARE,4.0,K_focal_aug,K_focal_aug_s2,2,im0139,oracle,1.5,0.25,0.75802,0.70118,60215
STARE,4.0,K_focal_aug,K_focal_aug_s2,2,im0139,oracle,1.5,0.5,0.78897,0.61539,73689
STARE,4.0,K_focal_aug,K_focal_aug_s2,2,im0139,oracle,1.5,1.0,0.8046,0.48678,102440
STARE,4.0,K_focal_aug,K_focal_aug_s2,2,im0139,oracle,2.0,0.0,0.76473,0.71441,58022
STARE,4.0,K_focal_aug,K_focal_aug_s2,2,im0139,oracle,2.0,0.25,0.78981,0.65748,66835
STARE,4.0,K_focal_aug,K_focal_aug_s2,2,im0139,oracle,2.0,0.5,0.80671,0.5831,79999
STARE,4.0,K_focal_aug,K_focal_aug_s2,2,im0139,oracle,2.0,1.0,0.8202,0.47436,106461
STARE,4.0,K_focal_aug,K_focal_aug_s2,2,im0162,raw,0.0,0.0,0.17487,0.85046,28955
STARE,4.0,K_focal_aug,K_focal_aug_s2,2,im0162,isotropic,0.25,0.25,0.65921,0.73377,46863
STARE,4.0,K_focal_aug,K_focal_aug_s2,2,im0162,isotropic,0.5,0.5,0.71163,0.6031,64412
STARE,4.0,K_focal_aug,K_focal_aug_s2,2,im0162,isotropic,0.75,0.75,0.75331,0.50227,84148
STARE,4.0,K_focal_aug,K_focal_aug_s2,2,im0162,isotropic,1.0,1.0,0.77172,0.44045,100836
STARE,4.0,K_focal_aug,K_focal_aug_s2,2,im0162,isotropic,1.5,1.5,0.81387,0.34822,136977
STARE,4.0,K_focal_aug,K_focal_aug_s2,2,im0162,oracle,0.0,0.25,0.17487,0.85046,28955
STARE,4.0,K_focal_aug,K_focal_aug_s2,2,im0162,oracle,0.0,0.5,0.26332,0.73209,44508
STARE,4.0,K_focal_aug,K_focal_aug_s2,2,im0162,oracle,0.0,1.0,0.6698,0.51637,79718
STARE,4.0,K_focal_aug,K_focal_aug_s2,2,im0162,oracle,0.5,0.0,0.38493,0.84357,32200
STARE,4.0,K_focal_aug,K_focal_aug_s2,2,im0162,oracle,0.5,0.25,0.66225,0.7326,47087
STARE,4.0,K_focal_aug,K_focal_aug_s2,2,im0162,oracle,0.5,0.5,0.70645,0.61121,63124
STARE,4.0,K_focal_aug,K_focal_aug_s2,2,im0162,oracle,0.5,1.0,0.73861,0.46789,92320
STARE,4.0,K_focal_aug,K_focal_aug_s2,2,im0162,oracle,1.0,0.0,0.6294,0.80117,39241
STARE,4.0,K_focal_aug,K_focal_aug_s2,2,im0162,oracle,1.0,0.25,0.7248,0.7188,49247
STARE,4.0,K_focal_aug,K_focal_aug_s2,2,im0162,oracle,1.0,0.5,0.74429,0.59356,66508
STARE,4.0,K_focal_aug,K_focal_aug_s2,2,im0162,oracle,1.0,1.0,0.77139,0.44235,100259
STARE,4.0,K_focal_aug,K_focal_aug_s2,2,im0162,oracle,1.5,0.0,0.69622,0.773,42661
STARE,4.0,K_focal_aug,K_focal_aug_s2,2,im0162,oracle,1.5,0.25,0.74736,0.68699,53425
STARE,4.0,K_focal_aug,K_focal_aug_s2,2,im0162,oracle,1.5,0.5,0.77941,0.57646,69848
STARE,4.0,K_focal_aug,K_focal_aug_s2,2,im0162,oracle,1.5,1.0,0.79846,0.43218,103875
STARE,4.0,K_focal_aug,K_focal_aug_s2,2,im0162,oracle,2.0,0.0,0.72244,0.70735,50250
STARE,4.0,K_focal_aug,K_focal_aug_s2,2,im0162,oracle,2.0,0.25,0.76748,0.64077,59821
STARE,4.0,K_focal_aug,K_focal_aug_s2,2,im0162,oracle,2.0,0.5,0.7885,0.54645,75732
STARE,4.0,K_focal_aug,K_focal_aug_s2,2,im0162,oracle,2.0,1.0,0.80851,0.42237,107535
STARE,4.0,K_focal_aug,K_focal_aug_s2,2,im0163,raw,0.0,0.0,0.53686,0.87275,36811
STARE,4.0,K_focal_aug,K_focal_aug_s2,2,im0163,isotropic,0.25,0.25,0.82058,0.75347,52508
STARE,4.0,K_focal_aug,K_focal_aug_s2,2,im0163,isotropic,0.5,0.5,0.85601,0.64079,67928
STARE,4.0,K_focal_aug,K_focal_aug_s2,2,im0163,isotropic,0.75,0.75,0.87145,0.54817,85253
STARE,4.0,K_focal_aug,K_focal_aug_s2,2,im0163,isotropic,1.0,1.0,0.87866,0.48788,100072
STARE,4.0,K_focal_aug,K_focal_aug_s2,2,im0163,isotropic,1.5,1.5,0.89023,0.39341,132447
STARE,4.0,K_focal_aug,K_focal_aug_s2,2,im0163,oracle,0.0,0.25,0.53686,0.87275,36811
STARE,4.0,K_focal_aug,K_focal_aug_s2,2,im0163,oracle,0.0,0.5,0.64641,0.75495,50929
STARE,4.0,K_focal_aug,K_focal_aug_s2,2,im0163,oracle,0.0,1.0,0.78507,0.56228,81740
STARE,4.0,K_focal_aug,K_focal_aug_s2,2,im0163,oracle,0.5,0.0,0.63762,0.8547,39904
STARE,4.0,K_focal_aug,K_focal_aug_s2,2,im0163,oracle,0.5,0.25,0.82212,0.75221,52706
STARE,4.0,K_focal_aug,K_focal_aug_s2,2,im0163,oracle,0.5,0.5,0.84428,0.64694,66959
STARE,4.0,K_focal_aug,K_focal_aug_s2,2,im0163,oracle,0.5,1.0,0.86919,0.51817,91999
STARE,4.0,K_focal_aug,K_focal_aug_s2,2,im0163,oracle,1.0,0.0,0.7427,0.80759,46163
STARE,4.0,K_focal_aug,K_focal_aug_s2,2,im0163,oracle,1.0,0.25,0.85824,0.7353,54952
STARE,4.0,K_focal_aug,K_focal_aug_s2,2,im0163,oracle,1.0,0.5,0.87122,0.62976,69935
STARE,4.0,K_focal_aug,K_focal_aug_s2,2,im0163,oracle,1.0,1.0,0.87866,0.4894,99656
STARE,4.0,K_focal_aug,K_focal_aug_s2,2,im0163,oracle,1.5,0.0,0.83772,0.78325,49075
STARE,4.0,K_focal_aug,K_focal_aug_s2,2,im0163,oracle,1.5,0.25,0.87258,0.7065,58785
STARE,4.0,K_focal_aug,K_focal_aug_s2,2,im0163,oracle,1.5,0.5,0.8762,0.61254,73006
STARE,4.0,K_focal_aug,K_focal_aug_s2,2,im0163,oracle,1.5,1.0,0.8832,0.47869,102801
STARE,4.0,K_focal_aug,K_focal_aug_s2,2,im0163,oracle,2.0,0.0,0.84349,0.72673,55975
STARE,4.0,K_focal_aug,K_focal_aug_s2,2,im0163,oracle,2.0,0.25,0.87553,0.66572,64548
STARE,4.0,K_focal_aug,K_focal_aug_s2,2,im0163,oracle,2.0,0.5,0.88095,0.58435,78264
STARE,4.0,K_focal_aug,K_focal_aug_s2,2,im0163,oracle,2.0,1.0,0.88843,0.46762,106195
STARE,4.0,K_focal_aug,K_focal_aug_s2,2,im0235,raw,0.0,0.0,0.18299,0.8706,38357
STARE,4.0,K_focal_aug,K_focal_aug_s2,2,im0235,isotropic,0.25,0.25,0.37563,0.79055,53704
STARE,4.0,K_focal_aug,K_focal_aug_s2,2,im0235,isotropic,0.5,0.5,0.75,0.68579,68758
STARE,4.0,K_focal_aug,K_focal_aug_s2,2,im0235,isotropic,0.75,0.75,0.76167,0.59509,85476
STARE,4.0,K_focal_aug,K_focal_aug_s2,2,im0235,isotropic,1.0,1.0,0.76714,0.53399,99932
STARE,4.0,K_focal_aug,K_focal_aug_s2,2,im0235,isotropic,1.5,1.5,0.78836,0.43734,131193
STARE,4.0,K_focal_aug,K_focal_aug_s2,2,im0235,oracle,0.0,0.25,0.18299,0.8706,38357
STARE,4.0,K_focal_aug,K_focal_aug_s2,2,im0235,oracle,0.0,0.5,0.29449,0.78678,51984
STARE,4.0,K_focal_aug,K_focal_aug_s2,2,im0235,oracle,0.0,1.0,0.73521,0.60919,81729
STARE,4.0,K_focal_aug,K_focal_aug_s2,2,im0235,oracle,0.5,0.0,0.2696,0.86349,41334
STARE,4.0,K_focal_aug,K_focal_aug_s2,2,im0235,oracle,0.5,0.25,0.3766,0.78976,53869
STARE,4.0,K_focal_aug,K_focal_aug_s2,2,im0235,oracle,0.5,0.5,0.7496,0.6944,67420
STARE,4.0,K_focal_aug,K_focal_aug_s2,2,im0235,oracle,0.5,1.0,0.75823,0.56719,91371
STARE,4.0,K_focal_aug,K_focal_aug_s2,2,im0235,oracle,1.0,0.0,0.69681,0.8338,47634
STARE,4.0,K_focal_aug,K_focal_aug_s2,2,im0235,oracle,1.0,0.25,0.75946,0.77482,56285
STARE,4.0,K_focal_aug,K_focal_aug_s2,2,im0235,oracle,1.0,0.5,0.76208,0.67539,70811
STARE,4.0,K_focal_aug,K_focal_aug_s2,2,im0235,oracle,1.0,1.0,0.76653,0.53624,99328
STARE,4.0,K_focal_aug,K_focal_aug_s2,2,im0235,oracle,1.5,0.0,0.72189,0.81468,50559
STARE,4.0,K_focal_aug,K_focal_aug_s2,2,im0235,oracle,1.5,0.25,0.76533,0.74598,60406
STARE,4.0,K_focal_aug,K_focal_aug_s2,2,im0235,oracle,1.5,0.5,0.76857,0.65731,74131
STARE,4.0,K_focal_aug,K_focal_aug_s2,2,im0235,oracle,1.5,1.0,0.77365,0.52407,102845
STARE,4.0,K_focal_aug,K_focal_aug_s2,2,im0235,oracle,2.0,0.0,0.74662,0.76201,57644
STARE,4.0,K_focal_aug,K_focal_aug_s2,2,im0235,oracle,2.0,0.25,0.77,0.70312,66753
STARE,4.0,K_focal_aug,K_focal_aug_s2,2,im0235,oracle,2.0,0.5,0.77386,0.62581,80005
STARE,4.0,K_focal_aug,K_focal_aug_s2,2,im0235,oracle,2.0,1.0,0.78917,0.51124,106633
STARE,4.0,K_focal_aug,K_focal_aug_s2,2,im0236,raw,0.0,0.0,0.29932,0.87127,37722
STARE,4.0,K_focal_aug,K_focal_aug_s2,2,im0236,isotropic,0.25,0.25,0.38472,0.79944,52319
STARE,4.0,K_focal_aug,K_focal_aug_s2,2,im0236,isotropic,0.5,0.5,0.7371,0.69943,66531
STARE,4.0,K_focal_aug,K_focal_aug_s2,2,im0236,isotropic,0.75,0.75,0.74661,0.61075,82399
STARE,4.0,K_focal_aug,K_focal_aug_s2,2,im0236,isotropic,1.0,1.0,0.76374,0.55092,95990
STARE,4.0,K_focal_aug,K_focal_aug_s2,2,im0236,isotropic,1.5,1.5,0.77986,0.45524,125217
STARE,4.0,K_focal_aug,K_focal_aug_s2,2,im0236,oracle,0.0,0.25,0.29932,0.87127,37722
STARE,4.0,K_focal_aug,K_focal_aug_s2,2,im0236,oracle,0.0,0.5,0.35716,0.7967,50562
STARE,4.0,K_focal_aug,K_focal_aug_s2,2,im0236,oracle,0.0,1.0,0.71054,0.62475,78688
STARE,4.0,K_focal_aug,K_focal_aug_s2,2,im0236,oracle,0.5,0.0,0.32939,0.8652,40514
STARE,4.0,K_focal_aug,K_focal_aug_s2,2,im0236,oracle,0.5,0.25,0.39217,0.79899,52465
STARE,4.0,K_focal_aug,K_focal_aug_s2,2,im0236,oracle,0.5,0.5,0.7367,0.70763,65253
STARE,4.0,K_focal_aug,K_focal_aug_s2,2,im0236,oracle,0.5,1.0,0.74498,0.5826,88112
STARE,4.0,K_focal_aug,K_focal_aug_s2,2,im0236,oracle,1.0,0.0,0.72312,0.83859,46537
STARE,4.0,K_focal_aug,K_focal_aug_s2,2,im0236,oracle,1.0,0.25,0.73933,0.78572,54673
STARE,4.0,K_focal_aug,K_focal_aug_s2,2,im0236,oracle,1.0,0.5,0.74601,0.68963,68448
STARE,4.0,K_focal_aug,K_focal_aug_s2,2,im0236,oracle,1.0,1.0,0.76354,0.55309,95451
STARE,4.0,K_focal_aug,K_focal_aug_s2,2,im0236,oracle,1.5,0.0,0.73255,0.82305,49180
STARE,4.0,K_focal_aug,K_focal_aug_s2,2,im0236,oracle,1.5,0.25,0.74784,0.75837,58582
STARE,4.0,K_focal_aug,K_focal_aug_s2,2,im0236,oracle,1.5,0.5,0.76294,0.67345,71441
STARE,4.0,K_focal_aug,K_focal_aug_s2,2,im0236,oracle,1.5,1.0,0.77055,0.5417,98649
STARE,4.0,K_focal_aug,K_focal_aug_s2,2,im0236,oracle,2.0,0.0,0.7449,0.77308,55928
STARE,4.0,K_focal_aug,K_focal_aug_s2,2,im0236,oracle,2.0,0.25,0.75395,0.71688,64572
STARE,4.0,K_focal_aug,K_focal_aug_s2,2,im0236,oracle,2.0,0.5,0.76993,0.64309,76936
STARE,4.0,K_focal_aug,K_focal_aug_s2,2,im0236,oracle,2.0,1.0,0.77718,0.52944,102150
STARE,4.0,K_focal_aug,K_focal_aug_s2,2,im0239,raw,0.0,0.0,0.24025,0.84763,33094
STARE,4.0,K_focal_aug,K_focal_aug_s2,2,im0239,isotropic,0.25,0.25,0.67328,0.80219,47092
STARE,4.0,K_focal_aug,K_focal_aug_s2,2,im0239,isotropic,0.5,0.5,0.72356,0.70171,60837
STARE,4.0,K_focal_aug,K_focal_aug_s2,2,im0239,isotropic,0.75,0.75,0.7381,0.60772,76701
STARE,4.0,K_focal_aug,K_focal_aug_s2,2,im0239,isotropic,1.0,1.0,0.76023,0.54754,89794
STARE,4.0,K_focal_aug,K_focal_aug_s2,2,im0239,isotropic,1.5,1.5,0.78372,0.44856,119111
STARE,4.0,K_focal_aug,K_focal_aug_s2,2,im0239,oracle,0.0,0.25,0.24025,0.84763,33094
STARE,4.0,K_focal_aug,K_focal_aug_s2,2,im0239,oracle,0.0,0.5,0.32051,0.78386,45857
STARE,4.0,K_focal_aug,K_focal_aug_s2,2,im0239,oracle,0.0,1.0,0.6899,0.61753,73562
STARE,4.0,K_focal_aug,K_focal_aug_s2,2,im0239,oracle,0.5,0.0,0.26987,0.85093,35524
STARE,4.0,K_focal_aug,K_focal_aug_s2,2,im0239,oracle,0.5,0.25,0.6884,0.80222,47219
STARE,4.0,K_focal_aug,K_focal_aug_s2,2,im0239,oracle,0.5,0.5,0.72299,0.70808,59850
STARE,4.0,K_focal_aug,K_focal_aug_s2,2,im0239,oracle,0.5,1.0,0.73188,0.57066,83792
STARE,4.0,K_focal_aug,K_focal_aug_s2,2,im0239,oracle,1.0,0.0,0.50817,0.84343,40730
STARE,4.0,K_focal_aug,K_focal_aug_s2,2,im0239,oracle,1.0,0.25,0.714,0.79667,48689
STARE,4.0,K_focal_aug,K_focal_aug_s2,2,im0239,oracle,1.0,0.5,0.73966,0.69605,62250
STARE,4.0,K_focal_aug,K_focal_aug_s2,2,im0239,oracle,1.0,1.0,0.75983,0.54911,89419
STARE,4.0,K_focal_aug,K_focal_aug_s2,2,im0239,oracle,1.5,0.0,0.53269,0.82946,43590
STARE,4.0,K_focal_aug,K_focal_aug_s2,2,im0239,oracle,1.5,0.25,0.7381,0.77564,51779
STARE,4.0,K_focal_aug,K_focal_aug_s2,2,im0239,oracle,1.5,0.5,0.75297,0.6848,64481
STARE,4.0,K_focal_aug,K_focal_aug_s2,2,im0239,oracle,1.5,1.0,0.77272,0.54118,91919
STARE,4.0,K_focal_aug,K_focal_aug_s2,2,im0239,oracle,2.0,0.0,0.5664,0.78763,49409
STARE,4.0,K_focal_aug,K_focal_aug_s2,2,im0239,oracle,2.0,0.25,0.75355,0.74231,56436
STARE,4.0,K_focal_aug,K_focal_aug_s2,2,im0239,oracle,2.0,0.5,0.77551,0.65844,69049
STARE,4.0,K_focal_aug,K_focal_aug_s2,2,im0239,oracle,2.0,1.0,0.78572,0.53372,94287
STARE,4.0,K_focal_aug,K_focal_aug_s2,2,im0240,raw,0.0,0.0,0.17573,0.8144,35586
STARE,4.0,K_focal_aug,K_focal_aug_s2,2,im0240,isotropic,0.25,0.25,0.23912,0.80495,48842
STARE,4.0,K_focal_aug,K_focal_aug_s2,2,im0240,isotropic,0.5,0.5,0.27958,0.72995,62036
STARE,4.0,K_focal_aug,K_focal_aug_s2,2,im0240,isotropic,0.75,0.75,0.29299,0.64602,77361
STARE,4.0,K_focal_aug,K_focal_aug_s2,2,im0240,isotropic,1.0,1.0,0.31021,0.58762,90319
STARE,4.0,K_focal_aug,K_focal_aug_s2,2,im0240,isotropic,1.5,1.5,0.35521,0.48959,119439
STARE,4.0,K_focal_aug,K_focal_aug_s2,2,im0240,oracle,0.0,0.25,0.17573,0.8144,35586
STARE,4.0,K_focal_aug,K_focal_aug_s2,2,im0240,oracle,0.0,0.5,0.20422,0.79073,47546
STARE,4.0,K_focal_aug,K_focal_aug_s2,2,im0240,oracle,0.0,1.0,0.27115,0.65455,73747
STARE,4.0,K_focal_aug,K_focal_aug_s2,2,im0240,oracle,0.5,0.0,0.19091,0.82204,38259
STARE,4.0,K_focal_aug,K_focal_aug_s2,2,im0240,oracle,0.5,0.25,0.23996,0.80527,49014
STARE,4.0,K_focal_aug,K_focal_aug_s2,2,im0240,oracle,0.5,0.5,0.26951,0.73298,61289
STARE,4.0,K_focal_aug,K_focal_aug_s2,2,im0240,oracle,0.5,1.0,0.2913,0.61281,83344
STARE,4.0,K_focal_aug,K_focal_aug_s2,2,im0240,oracle,1.0,0.0,0.2513,0.82276,43917
STARE,4.0,K_focal_aug,K_focal_aug_s2,2,im0240,oracle,1.0,0.25,0.27927,0.79913,51332
STARE,4.0,K_focal_aug,K_focal_aug_s2,2,im0240,oracle,1.0,0.5,0.29285,0.7229,64164
STARE,4.0,K_focal_aug,K_focal_aug_s2,2,im0240,oracle,1.0,1.0,0.30989,0.58877,89974
STARE,4.0,K_focal_aug,K_focal_aug_s2,2,im0240,oracle,1.5,0.0,0.2737,0.81855,46709
STARE,4.0,K_focal_aug,K_focal_aug_s2,2,im0240,oracle,1.5,0.25,0.28539,0.78128,55101
STARE,4.0,K_focal_aug,K_focal_aug_s2,2,im0240,oracle,1.5,0.5,0.31239,0.7114,67125
STARE,4.0,K_focal_aug,K_focal_aug_s2,2,im0240,oracle,1.5,1.0,0.31528,0.5803,93263
STARE,4.0,K_focal_aug,K_focal_aug_s2,2,im0240,oracle,2.0,0.0,0.2967,0.79024,52811
STARE,4.0,K_focal_aug,K_focal_aug_s2,2,im0240,oracle,2.0,0.25,0.3193,0.75425,60232
STARE,4.0,K_focal_aug,K_focal_aug_s2,2,im0240,oracle,2.0,0.5,0.35931,0.68685,72162
STARE,4.0,K_focal_aug,K_focal_aug_s2,2,im0240,oracle,2.0,1.0,0.36687,0.57117,96620
STARE,4.0,K_focal_aug,K_focal_aug_s2,2,im0255,raw,0.0,0.0,0.42292,0.843,31475
STARE,4.0,K_focal_aug,K_focal_aug_s2,2,im0255,isotropic,0.25,0.25,0.69153,0.81028,48376
STARE,4.0,K_focal_aug,K_focal_aug_s2,2,im0255,isotropic,0.5,0.5,0.73232,0.69073,64956
STARE,4.0,K_focal_aug,K_focal_aug_s2,2,im0255,isotropic,0.75,0.75,0.74886,0.58719,83833
STARE,4.0,K_focal_aug,K_focal_aug_s2,2,im0255,isotropic,1.0,1.0,0.76411,0.52165,99761
STARE,4.0,K_focal_aug,K_focal_aug_s2,2,im0255,isotropic,1.5,1.5,0.7944,0.41958,134847
STARE,4.0,K_focal_aug,K_focal_aug_s2,2,im0255,oracle,0.0,0.25,0.42292,0.843,31475
STARE,4.0,K_focal_aug,K_focal_aug_s2,2,im0255,oracle,0.0,0.5,0.54162,0.78839,47134
STARE,4.0,K_focal_aug,K_focal_aug_s2,2,im0255,oracle,0.0,1.0,0.68279,0.59839,80016
STARE,4.0,K_focal_aug,K_focal_aug_s2,2,im0255,oracle,0.5,0.0,0.5256,0.85461,34579
STARE,4.0,K_focal_aug,K_focal_aug_s2,2,im0255,oracle,0.5,0.25,0.69514,0.80994,48570
STARE,4.0,K_focal_aug,K_focal_aug_s2,2,im0255,oracle,0.5,0.5,0.73119,0.69924,63642
STARE,4.0,K_focal_aug,K_focal_aug_s2,2,im0255,oracle,0.5,1.0,0.74236,0.55127,91514
STARE,4.0,K_focal_aug,K_focal_aug_s2,2,im0255,oracle,1.0,0.0,0.67887,0.85161,40783
STARE,4.0,K_focal_aug,K_focal_aug_s2,2,im0255,oracle,1.0,0.25,0.73652,0.7985,50548
STARE,4.0,K_focal_aug,K_focal_aug_s2,2,im0255,oracle,1.0,0.5,0.75049,0.68224,66846
STARE,4.0,K_focal_aug,K_focal_aug_s2,2,im0255,oracle,1.0,1.0,0.76394,0.52395,99141
STARE,4.0,K_focal_aug,K_focal_aug_s2,2,im0255,oracle,1.5,0.0,0.71278,0.83528,44105
STARE,4.0,K_focal_aug,K_focal_aug_s2,2,im0255,oracle,1.5,0.25,0.75654,0.76945,54667
STARE,4.0,K_focal_aug,K_focal_aug_s2,2,im0255,oracle,1.5,0.5,0.76772,0.66506,70114
STARE,4.0,K_focal_aug,K_focal_aug_s2,2,im0255,oracle,1.5,1.0,0.78217,0.51312,102765
STARE,4.0,K_focal_aug,K_focal_aug_s2,2,im0255,oracle,2.0,0.0,0.73976,0.78148,51461
STARE,4.0,K_focal_aug,K_focal_aug_s2,2,im0255,oracle,2.0,0.25,0.76905,0.72436,61001
STARE,4.0,K_focal_aug,K_focal_aug_s2,2,im0255,oracle,2.0,0.5,0.77982,0.63135,76274
STARE,4.0,K_focal_aug,K_focal_aug_s2,2,im0255,oracle,2.0,1.0,0.79673,0.50211,106413
STARE,4.0,K_focal_aug,K_focal_aug_s2,2,im0291,raw,0.0,0.0,0.17595,0.83258,19186
STARE,4.0,K_focal_aug,K_focal_aug_s2,2,im0291,isotropic,0.25,0.25,0.30568,0.78939,27222
STARE,4.0,K_focal_aug,K_focal_aug_s2,2,im0291,isotropic,0.5,0.5,0.60702,0.6925,35174
STARE,4.0,K_focal_aug,K_focal_aug_s2,2,im0291,isotropic,0.75,0.75,0.61728,0.59982,44542
STARE,4.0,K_focal_aug,K_focal_aug_s2,2,im0291,isotropic,1.0,1.0,0.62669,0.54015,52321
STARE,4.0,K_focal_aug,K_focal_aug_s2,2,im0291,isotropic,1.5,1.5,0.68669,0.44091,70133
STARE,4.0,K_focal_aug,K_focal_aug_s2,2,im0291,oracle,0.0,0.25,0.17595,0.83258,19186
STARE,4.0,K_focal_aug,K_focal_aug_s2,2,im0291,oracle,0.0,0.5,0.27322,0.77646,27146
STARE,4.0,K_focal_aug,K_focal_aug_s2,2,im0291,oracle,0.0,1.0,0.58503,0.60428,43105
STARE,4.0,K_focal_aug,K_focal_aug_s2,2,im0291,oracle,0.5,0.0,0.27398,0.83894,20592
STARE,4.0,K_focal_aug,K_focal_aug_s2,2,im0291,oracle,0.5,0.25,0.31141,0.78971,27271
STARE,4.0,K_focal_aug,K_focal_aug_s2,2,im0291,oracle,0.5,0.5,0.60702,0.69554,34898
STARE,4.0,K_focal_aug,K_focal_aug_s2,2,im0291,oracle,0.5,1.0,0.61382,0.56266,48600
STARE,4.0,K_focal_aug,K_focal_aug_s2,2,im0291,oracle,1.0,0.0,0.31229,0.83269,23319
STARE,4.0,K_focal_aug,K_focal_aug_s2,2,im0291,oracle,1.0,0.25,0.61326,0.78866,28020
STARE,4.0,K_focal_aug,K_focal_aug_s2,2,im0291,oracle,1.0,0.5,0.61824,0.69,35886
STARE,4.0,K_focal_aug,K_focal_aug_s2,2,im0291,oracle,1.0,1.0,0.62668,0.54093,52199
STARE,4.0,K_focal_aug,K_focal_aug_s2,2,im0291,oracle,1.5,0.0,0.63332,0.82615,24801
STARE,4.0,K_focal_aug,K_focal_aug_s2,2,im0291,oracle,1.5,0.25,0.66327,0.77546,29491
STARE,4.0,K_focal_aug,K_focal_aug_s2,2,im0291,oracle,1.5,0.5,0.66974,0.68328,37009
STARE,4.0,K_focal_aug,K_focal_aug_s2,2,im0291,oracle,1.5,1.0,0.67916,0.53621,53508
STARE,4.0,K_focal_aug,K_focal_aug_s2,2,im0291,oracle,2.0,0.0,0.65939,0.79851,27423
STARE,4.0,K_focal_aug,K_focal_aug_s2,2,im0291,oracle,2.0,0.25,0.67982,0.75528,31442
STARE,4.0,K_focal_aug,K_focal_aug_s2,2,im0291,oracle,2.0,0.5,0.6854,0.66495,39200
STARE,4.0,K_focal_aug,K_focal_aug_s2,2,im0291,oracle,2.0,1.0,0.69362,0.53243,54641
STARE,4.0,K_focal_aug,K_focal_aug_s2,2,im0319,raw,0.0,0.0,0.07208,0.78221,19507
STARE,4.0,K_focal_aug,K_focal_aug_s2,2,im0319,isotropic,0.25,0.25,0.18741,0.70635,28134
STARE,4.0,K_focal_aug,K_focal_aug_s2,2,im0319,isotropic,0.5,0.5,0.21083,0.61269,36788
STARE,4.0,K_focal_aug,K_focal_aug_s2,2,im0319,isotropic,0.75,0.75,0.2389,0.5264,46903
STARE,4.0,K_focal_aug,K_focal_aug_s2,2,im0319,isotropic,1.0,1.0,0.28614,0.46776,55755
STARE,4.0,K_focal_aug,K_focal_aug_s2,2,im0319,isotropic,1.5,1.5,0.34419,0.3721,75988
STARE,4.0,K_focal_aug,K_focal_aug_s2,2,im0319,oracle,0.0,0.25,0.07208,0.78221,19507
STARE,4.0,K_focal_aug,K_focal_aug_s2,2,im0319,oracle,0.0,0.5,0.09664,0.70115,27326
STARE,4.0,K_focal_aug,K_focal_aug_s2,2,im0319,oracle,0.0,1.0,0.2062,0.53409,44542
STARE,4.0,K_focal_aug,K_focal_aug_s2,2,im0319,oracle,0.5,0.0,0.12807,0.77322,21304
STARE,4.0,K_focal_aug,K_focal_aug_s2,2,im0319,oracle,0.5,0.25,0.18839,0.70665,28225
STARE,4.0,K_focal_aug,K_focal_aug_s2,2,im0319,oracle,0.5,0.5,0.21061,0.61702,36317
STARE,4.0,K_focal_aug,K_focal_aug_s2,2,im0319,oracle,0.5,1.0,0.23639,0.49613,50576
STARE,4.0,K_focal_aug,K_focal_aug_s2,2,im0319,oracle,1.0,0.0,0.17791,0.74937,25002
STARE,4.0,K_focal_aug,K_focal_aug_s2,2,im0319,oracle,1.0,0.25,0.25724,0.6973,29780
STARE,4.0,K_focal_aug,K_focal_aug_s2,2,im0319,oracle,1.0,0.5,0.28045,0.60481,38252
STARE,4.0,K_focal_aug,K_focal_aug_s2,2,im0319,oracle,1.0,1.0,0.28517,0.46918,55527
STARE,4.0,K_focal_aug,K_focal_aug_s2,2,im0319,oracle,1.5,0.0,0.23806,0.73695,26735
STARE,4.0,K_focal_aug,K_focal_aug_s2,2,im0319,oracle,1.5,0.25,0.29445,0.67299,32356
STARE,4.0,K_focal_aug,K_focal_aug_s2,2,im0319,oracle,1.5,0.5,0.30787,0.59191,40220
STARE,4.0,K_focal_aug,K_focal_aug_s2,2,im0319,oracle,1.5,1.0,0.34162,0.45952,57821
STARE,4.0,K_focal_aug,K_focal_aug_s2,2,im0319,oracle,2.0,0.0,0.28558,0.69422,30624
STARE,4.0,K_focal_aug,K_focal_aug_s2,2,im0319,oracle,2.0,0.25,0.32424,0.63928,35794
STARE,4.0,K_focal_aug,K_focal_aug_s2,2,im0319,oracle,2.0,0.5,0.35853,0.56494,43631
STARE,4.0,K_focal_aug,K_focal_aug_s2,2,im0319,oracle,2.0,1.0,0.36636,0.4492,60130
STARE,4.0,K_focal_aug,K_focal_aug_s2,2,im0324,raw,0.0,0.0,0.07057,0.77602,30106
STARE,4.0,K_focal_aug,K_focal_aug_s2,2,im0324,isotropic,0.25,0.25,0.12081,0.72773,39888
STARE,4.0,K_focal_aug,K_focal_aug_s2,2,im0324,isotropic,0.5,0.5,0.22649,0.65895,49629
STARE,4.0,K_focal_aug,K_focal_aug_s2,2,im0324,isotropic,0.75,0.75,0.38389,0.58849,60699
STARE,4.0,K_focal_aug,K_focal_aug_s2,2,im0324,isotropic,1.0,1.0,0.41612,0.53667,70462
STARE,4.0,K_focal_aug,K_focal_aug_s2,2,im0324,isotropic,1.5,1.5,0.56332,0.44777,92264
STARE,4.0,K_focal_aug,K_focal_aug_s2,2,im0324,oracle,0.0,0.25,0.07057,0.77602,30106
STARE,4.0,K_focal_aug,K_focal_aug_s2,2,im0324,oracle,0.0,0.5,0.11094,0.7252,38399
STARE,4.0,K_focal_aug,K_focal_aug_s2,2,im0324,oracle,0.0,1.0,0.12111,0.59861,57290
STARE,4.0,K_focal_aug,K_focal_aug_s2,2,im0324,oracle,0.5,0.0,0.10268,0.76889,32489
STARE,4.0,K_focal_aug,K_focal_aug_s2,2,im0324,oracle,0.5,0.25,0.12211,0.72743,40089
STARE,4.0,K_focal_aug,K_focal_aug_s2,2,im0324,oracle,0.5,0.5,0.22269,0.66316,48975
STARE,4.0,K_focal_aug,K_focal_aug_s2,2,im0324,oracle,0.5,1.0,0.38474,0.56462,64187
STARE,4.0,K_focal_aug,K_focal_aug_s2,2,im0324,oracle,1.0,0.0,0.12994,0.74904,37436
STARE,4.0,K_focal_aug,K_focal_aug_s2,2,im0324,oracle,1.0,0.25,0.37502,0.71571,42737
STARE,4.0,K_focal_aug,K_focal_aug_s2,2,im0324,oracle,1.0,0.5,0.3811,0.64981,51799
STARE,4.0,K_focal_aug,K_focal_aug_s2,2,im0324,oracle,1.0,1.0,0.41587,0.53825,70121
STARE,4.0,K_focal_aug,K_focal_aug_s2,2,im0324,oracle,1.5,0.0,0.18224,0.73925,39662
STARE,4.0,K_focal_aug,K_focal_aug_s2,2,im0324,oracle,1.5,0.25,0.40839,0.69586,46125
STARE,4.0,K_focal_aug,K_focal_aug_s2,2,im0324,oracle,1.5,0.5,0.41607,0.63638,54692
STARE,4.0,K_focal_aug,K_focal_aug_s2,2,im0324,oracle,1.5,1.0,0.54482,0.52768,73225
STARE,4.0,K_focal_aug,K_focal_aug_s2,2,im0324,oracle,2.0,0.0,0.46026,0.71093,44233
STARE,4.0,K_focal_aug,K_focal_aug_s2,2,im0324,oracle,2.0,0.25,0.53669,0.6698,50344
STARE,4.0,K_focal_aug,K_focal_aug_s2,2,im0324,oracle,2.0,0.5,0.56953,0.61273,58886
STARE,4.0,K_focal_aug,K_focal_aug_s2,2,im0324,oracle,2.0,1.0,0.57745,0.51605,76501
STARE,4.0,A_dice,A_dice_s0,0,im0001,raw,0.0,0.0,0.17174,0.85852,35504
STARE,4.0,A_dice,A_dice_s0,0,im0001,isotropic,0.25,0.25,0.39586,0.77557,49812
STARE,4.0,A_dice,A_dice_s0,0,im0001,isotropic,0.5,0.5,0.43469,0.67345,63877
STARE,4.0,A_dice,A_dice_s0,0,im0001,isotropic,0.75,0.75,0.84407,0.5827,79769
STARE,4.0,A_dice,A_dice_s0,0,im0001,isotropic,1.0,1.0,0.85582,0.52245,93301
STARE,4.0,A_dice,A_dice_s0,0,im0001,isotropic,1.5,1.5,0.8718,0.42585,122978
STARE,4.0,A_dice,A_dice_s0,0,im0001,oracle,0.0,0.25,0.17174,0.85852,35504
STARE,4.0,A_dice,A_dice_s0,0,im0001,oracle,0.0,0.5,0.31644,0.77302,48276
STARE,4.0,A_dice,A_dice_s0,0,im0001,oracle,0.0,1.0,0.41856,0.59946,75617
STARE,4.0,A_dice,A_dice_s0,0,im0001,oracle,0.5,0.0,0.30796,0.84775,38642
STARE,4.0,A_dice,A_dice_s0,0,im0001,oracle,0.5,0.25,0.40174,0.77416,50080
STARE,4.0,A_dice,A_dice_s0,0,im0001,oracle,0.5,0.5,0.42459,0.67904,62996
STARE,4.0,A_dice,A_dice_s0,0,im0001,oracle,0.5,1.0,0.83762,0.55433,85386
STARE,4.0,A_dice,A_dice_s0,0,im0001,oracle,1.0,0.0,0.75559,0.81309,45132
STARE,4.0,A_dice,A_dice_s0,0,im0001,oracle,1.0,0.25,0.80004,0.75481,53116
STARE,4.0,A_dice,A_dice_s0,0,im0001,oracle,1.0,0.5,0.8054,0.65958,66465
STARE,4.0,A_dice,A_dice_s0,0,im0001,oracle,1.0,1.0,0.85582,0.52415,92883
STARE,4.0,A_dice,A_dice_s0,0,im0001,oracle,1.5,0.0,0.80252,0.78869,48624
STARE,4.0,A_dice,A_dice_s0,0,im0001,oracle,1.5,0.25,0.81759,0.72177,57798
STARE,4.0,A_dice,A_dice_s0,0,im0001,oracle,1.5,0.5,0.82916,0.63863,70265
STARE,4.0,A_dice,A_dice_s0,0,im0001,oracle,1.5,1.0,0.8667,0.51082,96662
STARE,4.0,A_dice,A_dice_s0,0,im0001,oracle,2.0,0.0,0.81823,0.72661,56596
STARE,4.0,A_dice,A_dice_s0,0,im0001,oracle,2.0,0.25,0.83012,0.67391,64757
STARE,4.0,A_dice,A_dice_s0,0,im0001,oracle,2.0,0.5,0.83488,0.60351,76725
STARE,4.0,A_dice,A_dice_s0,0,im0001,oracle,2.0,1.0,0.87425,0.49629,100904
STARE,4.0,A_dice,A_dice_s0,0,im0002,raw,0.0,0.0,0.40935,0.8435,27745
STARE,4.0,A_dice,A_dice_s0,0,im0002,isotropic,0.25,0.25,0.52698,0.76826,39361
STARE,4.0,A_dice,A_dice_s0,0,im0002,isotropic,0.5,0.5,0.56259,0.66618,50750
STARE,4.0,A_dice,A_dice_s0,0,im0002,isotropic,0.75,0.75,0.62761,0.57602,63684
STARE,4.0,A_dice,A_dice_s0,0,im0002,isotropic,1.0,1.0,0.67905,0.51582,74842
STARE,4.0,A_dice,A_dice_s0,0,im0002,isotropic,1.5,1.5,0.6956,0.41943,99548
STARE,4.0,A_dice,A_dice_s0,0,im0002,oracle,0.0,0.25,0.40935,0.8435,27745
STARE,4.0,A_dice,A_dice_s0,0,im0002,oracle,0.0,0.5,0.48049,0.76464,38093
STARE,4.0,A_dice,A_dice_s0,0,im0002,oracle,0.0,1.0,0.52553,0.58743,60817
STARE,4.0,A_dice,A_dice_s0,0,im0002,oracle,0.5,0.0,0.43858,0.83897,30038
STARE,4.0,A_dice,A_dice_s0,0,im0002,oracle,0.5,0.25,0.54349,0.76797,39480
STARE,4.0,A_dice,A_dice_s0,0,im0002,oracle,0.5,0.5,0.56154,0.67359,49810
STARE,4.0,A_dice,A_dice_s0,0,im0002,oracle,0.5,1.0,0.56808,0.54408,68802
STARE,4.0,A_dice,A_dice_s0,0,im0002,oracle,1.0,0.0,0.59595,0.81184,34859
STARE,4.0,A_dice,A_dice_s0,0,im0002,oracle,1.0,0.25,0.62164,0.75577,41271
STARE,4.0,A_dice,A_dice_s0,0,im0002,oracle,1.0,0.5,0.63804,0.65753,52309
STARE,4.0,A_dice,A_dice_s0,0,im0002,oracle,1.0,1.0,0.67905,0.51795,74411
STARE,4.0,A_dice,A_dice_s0,0,im0002,oracle,1.5,0.0,0.6014,0.79385,37160
STARE,4.0,A_dice,A_dice_s0,0,im0002,oracle,1.5,0.25,0.67099,0.72808,44413
STARE,4.0,A_dice,A_dice_s0,0,im0002,oracle,1.5,0.5,0.67722,0.64128,54754
STARE,4.0,A_dice,A_dice_s0,0,im0002,oracle,1.5,1.0,0.68557,0.50694,77130
STARE,4.0,A_dice,A_dice_s0,0,im0002,oracle,2.0,0.0,0.64882,0.74365,42417
STARE,4.0,A_dice,A_dice_s0,0,im0002,oracle,2.0,0.25,0.67584,0.6893,48867
STARE,4.0,A_dice,A_dice_s0,0,im0002,oracle,2.0,0.5,0.68233,0.61182,59046
STARE,4.0,A_dice,A_dice_s0,0,im0002,oracle,2.0,1.0,0.69211,0.49593,79911
STARE,4.0,A_dice,A_dice_s0,0,im0003,raw,0.0,0.0,0.26166,0.84273,29788
STARE,4.0,A_dice,A_dice_s0,0,im0003,isotropic,0.25,0.25,0.60364,0.73603,41027
STARE,4.0,A_dice,A_dice_s0,0,im0003,isotropic,0.5,0.5,0.62394,0.63461,52155
STARE,4.0,A_dice,A_dice_s0,0,im0003,isotropic,0.75,0.75,0.65443,0.54372,65459
STARE,4.0,A_dice,A_dice_s0,0,im0003,isotropic,1.0,1.0,0.68948,0.48603,76476
STARE,4.0,A_dice,A_dice_s0,0,im0003,isotropic,1.5,1.5,0.7031,0.39094,101758
STARE,4.0,A_dice,A_dice_s0,0,im0003,oracle,0.0,0.25,0.26166,0.84273,29788
STARE,4.0,A_dice,A_dice_s0,0,im0003,oracle,0.0,0.5,0.28075,0.73719,40006
STARE,4.0,A_dice,A_dice_s0,0,im0003,oracle,0.0,1.0,0.60257,0.56586,61213
STARE,4.0,A_dice,A_dice_s0,0,im0003,oracle,0.5,0.0,0.27486,0.82051,32331
STARE,4.0,A_dice,A_dice_s0,0,im0003,oracle,0.5,0.25,0.60548,0.73447,41236
STARE,4.0,A_dice,A_dice_s0,0,im0003,oracle,0.5,0.5,0.62394,0.64116,51354
STARE,4.0,A_dice,A_dice_s0,0,im0003,oracle,0.5,1.0,0.62658,0.51444,70402
STARE,4.0,A_dice,A_dice_s0,0,im0003,oracle,1.0,0.0,0.58788,0.76777,37898
STARE,4.0,A_dice,A_dice_s0,0,im0003,oracle,1.0,0.25,0.64192,0.7067,44297
STARE,4.0,A_dice,A_dice_s0,0,im0003,oracle,1.0,0.5,0.669,0.61726,54677
STARE,4.0,A_dice,A_dice_s0,0,im0003,oracle,1.0,1.0,0.68948,0.48777,76113
STARE,4.0,A_dice,A_dice_s0,0,im0003,oracle,1.5,0.0,0.65681,0.73846,41053
STARE,4.0,A_dice,A_dice_s0,0,im0003,oracle,1.5,0.25,0.69086,0.66888,48546
STARE,4.0,A_dice,A_dice_s0,0,im0003,oracle,1.5,0.5,0.69671,0.59195,58425
STARE,4.0,A_dice,A_dice_s0,0,im0003,oracle,1.5,1.0,0.69976,0.47243,79715
STARE,4.0,A_dice,A_dice_s0,0,im0003,oracle,2.0,0.0,0.66493,0.67758,47452
STARE,4.0,A_dice,A_dice_s0,0,im0003,oracle,2.0,0.25,0.70084,0.62231,54323
STARE,4.0,A_dice,A_dice_s0,0,im0003,oracle,2.0,0.5,0.70424,0.55482,64198
STARE,4.0,A_dice,A_dice_s0,0,im0003,oracle,2.0,1.0,0.70844,0.45593,83733
STARE,4.0,A_dice,A_dice_s0,0,im0004,raw,0.0,0.0,0.0523,0.81882,28440
STARE,4.0,A_dice,A_dice_s0,0,im0004,isotropic,0.25,0.25,0.11502,0.80592,39756
STARE,4.0,A_dice,A_dice_s0,0,im0004,isotropic,0.5,0.5,0.13643,0.72185,51032
STARE,4.0,A_dice,A_dice_s0,0,im0004,isotropic,0.75,0.75,0.15302,0.6311,63981
STARE,4.0,A_dice,A_dice_s0,0,im0004,isotropic,1.0,1.0,0.20439,0.56748,75302
STARE,4.0,A_dice,A_dice_s0,0,im0004,isotropic,1.5,1.5,0.21881,0.46319,100597
STARE,4.0,A_dice,A_dice_s0,0,im0004,oracle,0.0,0.25,0.0523,0.81882,28440
STARE,4.0,A_dice,A_dice_s0,0,im0004,oracle,0.0,0.5,0.10649,0.79607,38599
STARE,4.0,A_dice,A_dice_s0,0,im0004,oracle,0.0,1.0,0.12487,0.64504,60261
STARE,4.0,A_dice,A_dice_s0,0,im0004,oracle,0.5,0.0,0.11263,0.82209,31228
STARE,4.0,A_dice,A_dice_s0,0,im0004,oracle,0.5,0.25,0.12805,0.80534,39976
STARE,4.0,A_dice,A_dice_s0,0,im0004,oracle,0.5,0.5,0.13642,0.72642,50373
STARE,4.0,A_dice,A_dice_s0,0,im0004,oracle,0.5,1.0,0.14291,0.60307,67987
STARE,4.0,A_dice,A_dice_s0,0,im0004,oracle,1.0,0.0,0.14017,0.81164,36943
STARE,4.0,A_dice,A_dice_s0,0,im0004,oracle,1.0,0.25,0.20054,0.78554,43155
STARE,4.0,A_dice,A_dice_s0,0,im0004,oracle,1.0,0.5,0.20207,0.70681,53649
STARE,4.0,A_dice,A_dice_s0,0,im0004,oracle,1.0,1.0,0.20439,0.56916,74986
STARE,4.0,A_dice,A_dice_s0,0,im0004,oracle,1.5,0.0,0.2005,0.80308,39425
STARE,4.0,A_dice,A_dice_s0,0,im0004,oracle,1.5,0.25,0.20968,0.75653,47328
STARE,4.0,A_dice,A_dice_s0,0,im0004,oracle,1.5,0.5,0.2144,0.68401,57191
STARE,4.0,A_dice,A_dice_s0,0,im0004,oracle,1.5,1.0,0.21693,0.55402,78591
STARE,4.0,A_dice,A_dice_s0,0,im0004,oracle,2.0,0.0,0.21279,0.76369,45238
STARE,4.0,A_dice,A_dice_s0,0,im0004,oracle,2.0,0.25,0.2153,0.7173,52651
STARE,4.0,A_dice,A_dice_s0,0,im0004,oracle,2.0,0.5,0.21714,0.64933,62529
STARE,4.0,A_dice,A_dice_s0,0,im0004,oracle,2.0,1.0,0.22037,0.53729,82693
STARE,4.0,A_dice,A_dice_s0,0,im0005,raw,0.0,0.0,0.18128,0.83126,38523
STARE,4.0,A_dice,A_dice_s0,0,im0005,isotropic,0.25,0.25,0.34682,0.79427,54810
STARE,4.0,A_dice,A_dice_s0,0,im0005,isotropic,0.5,0.5,0.36317,0.69412,70808
STARE,4.0,A_dice,A_dice_s0,0,im0005,isotropic,0.75,0.75,0.36691,0.59663,89255
STARE,4.0,A_dice,A_dice_s0,0,im0005,isotropic,1.0,1.0,0.36903,0.53369,104553
STARE,4.0,A_dice,A_dice_s0,0,im0005,isotropic,1.5,1.5,0.38,0.43201,138562
STARE,4.0,A_dice,A_dice_s0,0,im0005,oracle,0.0,0.25,0.18128,0.83126,38523
STARE,4.0,A_dice,A_dice_s0,0,im0005,oracle,0.0,0.5,0.25943,0.78802,52974
STARE,4.0,A_dice,A_dice_s0,0,im0005,oracle,0.0,1.0,0.34095,0.6257,82299
STARE,4.0,A_dice,A_dice_s0,0,im0005,oracle,0.5,0.0,0.28432,0.8219,43047
STARE,4.0,A_dice,A_dice_s0,0,im0005,oracle,0.5,0.25,0.34776,0.79217,55190
STARE,4.0,A_dice,A_dice_s0,0,im0005,oracle,0.5,0.5,0.36284,0.70053,69712
STARE,4.0,A_dice,A_dice_s0,0,im0005,oracle,0.5,1.0,0.36456,0.57043,94892
STARE,4.0,A_dice,A_dice_s0,0,im0005,oracle,1.0,0.0,0.3494,0.78683,52367
STARE,4.0,A_dice,A_dice_s0,0,im0005,oracle,1.0,0.25,0.36544,0.75202,61115
STARE,4.0,A_dice,A_dice_s0,0,im0005,oracle,1.0,0.5,0.36712,0.66785,75538
STARE,4.0,A_dice,A_dice_s0,0,im0005,oracle,1.0,1.0,0.36903,0.53538,104098
STARE,4.0,A_dice,A_dice_s0,0,im0005,oracle,1.5,0.0,0.36473,0.76686,56793
STARE,4.0,A_dice,A_dice_s0,0,im0005,oracle,1.5,0.25,0.368,0.70432,68833
STARE,4.0,A_dice,A_dice_s0,0,im0005,oracle,1.5,0.5,0.37701,0.63275,82153
STARE,4.0,A_dice,A_dice_s0,0,im0005,oracle,1.5,1.0,0.37817,0.5143,110163
STARE,4.0,A_dice,A_dice_s0,0,im0005,oracle,2.0,0.0,0.3744,0.70498,67136
STARE,4.0,A_dice,A_dice_s0,0,im0005,oracle,2.0,0.25,0.37688,0.64826,78693
STARE,4.0,A_dice,A_dice_s0,0,im0005,oracle,2.0,0.5,0.37802,0.58641,91857
STARE,4.0,A_dice,A_dice_s0,0,im0005,oracle,2.0,1.0,0.37918,0.49065,117444
STARE,4.0,A_dice,A_dice_s0,0,im0044,raw,0.0,0.0,0.12065,0.87232,30693
STARE,4.0,A_dice,A_dice_s0,0,im0044,isotropic,0.25,0.25,0.1708,0.78341,43334
STARE,4.0,A_dice,A_dice_s0,0,im0044,isotropic,0.5,0.5,0.18973,0.67474,55870
STARE,4.0,A_dice,A_dice_s0,0,im0044,isotropic,0.75,0.75,0.19128,0.57863,70430
STARE,4.0,A_dice,A_dice_s0,0,im0044,isotropic,1.0,1.0,0.19219,0.51678,82672
STARE,4.0,A_dice,A_dice_s0,0,im0044,isotropic,1.5,1.5,0.19464,0.41798,109687
STARE,4.0,A_dice,A_dice_s0,0,im0044,oracle,0.0,0.25,0.12065,0.87232,30693
STARE,4.0,A_dice,A_dice_s0,0,im0044,oracle,0.0,0.5,0.14078,0.77883,42183
STARE,4.0,A_dice,A_dice_s0,0,im0044,oracle,0.0,1.0,0.17563,0.59522,66744
STARE,4.0,A_dice,A_dice_s0,0,im0044,oracle,0.5,0.0,0.14273,0.86351,33241
STARE,4.0,A_dice,A_dice_s0,0,im0044,oracle,0.5,0.25,0.17115,0.7824,43528
STARE,4.0,A_dice,A_dice_s0,0,im0044,oracle,0.5,0.5,0.18973,0.68201,54940
STARE,4.0,A_dice,A_dice_s0,0,im0044,oracle,0.5,1.0,0.19009,0.54657,76065
STARE,4.0,A_dice,A_dice_s0,0,im0044,oracle,1.0,0.0,0.17148,0.82653,38857
STARE,4.0,A_dice,A_dice_s0,0,im0044,oracle,1.0,0.25,0.19087,0.76273,45996
STARE,4.0,A_dice,A_dice_s0,0,im0044,oracle,1.0,0.5,0.19165,0.66096,58031
STARE,4.0,A_dice,A_dice_s0,0,im0044,oracle,1.0,1.0,0.19219,0.5189,82214
STARE,4.0,A_dice,A_dice_s0,0,im0044,oracle,1.5,0.0,0.17506,0.7949,42277
STARE,4.0,A_dice,A_dice_s0,0,im0044,oracle,1.5,0.25,0.19229,0.72661,50109
STARE,4.0,A_dice,A_dice_s0,0,im0044,oracle,1.5,0.5,0.19303,0.63877,61353
STARE,4.0,A_dice,A_dice_s0,0,im0044,oracle,1.5,1.0,0.19396,0.50531,85551
STARE,4.0,A_dice,A_dice_s0,0,im0044,oracle,2.0,0.0,0.18917,0.72611,49748
STARE,4.0,A_dice,A_dice_s0,0,im0044,oracle,2.0,0.25,0.1931,0.6732,56665
STARE,4.0,A_dice,A_dice_s0,0,im0044,oracle,2.0,0.5,0.19387,0.59995,67425
STARE,4.0,A_dice,A_dice_s0,0,im0044,oracle,2.0,1.0,0.20301,0.49008,89329
STARE,4.0,A_dice,A_dice_s0,0,im0077,raw,0.0,0.0,0.31361,0.8788,37552
STARE,4.0,A_dice,A_dice_s0,0,im0077,isotropic,0.25,0.25,0.7388,0.75656,54182
STARE,4.0,A_dice,A_dice_s0,0,im0077,isotropic,0.5,0.5,0.7787,0.64123,70648
STARE,4.0,A_dice,A_dice_s0,0,im0077,isotropic,0.75,0.75,0.79748,0.54426,89607
STARE,4.0,A_dice,A_dice_s0,0,im0077,isotropic,1.0,1.0,0.79978,0.48269,105549
STARE,4.0,A_dice,A_dice_s0,0,im0077,isotropic,1.5,1.5,0.80585,0.38601,140922
STARE,4.0,A_dice,A_dice_s0,0,im0077,oracle,0.0,0.25,0.31361,0.8788,37552
STARE,4.0,A_dice,A_dice_s0,0,im0077,oracle,0.0,0.5,0.3485,0.75872,52391
STARE,4.0,A_dice,A_dice_s0,0,im0077,oracle,0.0,1.0,0.7498,0.56494,84493
STARE,4.0,A_dice,A_dice_s0,0,im0077,oracle,0.5,0.0,0.63909,0.85768,40949
STARE,4.0,A_dice,A_dice_s0,0,im0077,oracle,0.5,0.25,0.74721,0.75464,54462
STARE,4.0,A_dice,A_dice_s0,0,im0077,oracle,0.5,0.5,0.77787,0.6484,69474
STARE,4.0,A_dice,A_dice_s0,0,im0077,oracle,0.5,1.0,0.79436,0.51419,96758
STARE,4.0,A_dice,A_dice_s0,0,im0077,oracle,1.0,0.0,0.75527,0.80383,48340
STARE,4.0,A_dice,A_dice_s0,0,im0077,oracle,1.0,0.25,0.79145,0.73031,57785
STARE,4.0,A_dice,A_dice_s0,0,im0077,oracle,1.0,0.5,0.79809,0.62519,73581
STARE,4.0,A_dice,A_dice_s0,0,im0077,oracle,1.0,1.0,0.79957,0.48451,105015
STARE,4.0,A_dice,A_dice_s0,0,im0077,oracle,1.5,0.0,0.76968,0.77639,51905
STARE,4.0,A_dice,A_dice_s0,0,im0077,oracle,1.5,0.25,0.79851,0.69375,62932
STARE,4.0,A_dice,A_dice_s0,0,im0077,oracle,1.5,0.5,0.80205,0.60177,77973
STARE,4.0,A_dice,A_dice_s0,0,im0077,oracle,1.5,1.0,0.80396,0.47014,109488
STARE,4.0,A_dice,A_dice_s0,0,im0077,oracle,2.0,0.0,0.79002,0.71517,59813
STARE,4.0,A_dice,A_dice_s0,0,im0077,oracle,2.0,0.25,0.80268,0.64763,70047
STARE,4.0,A_dice,A_dice_s0,0,im0077,oracle,2.0,0.5,0.80519,0.56701,85003
STARE,4.0,A_dice,A_dice_s0,0,im0077,oracle,2.0,1.0,0.80731,0.45497,114442
STARE,4.0,A_dice,A_dice_s0,0,im0081,raw,0.0,0.0,0.43356,0.8892,33531
STARE,4.0,A_dice,A_dice_s0,0,im0081,isotropic,0.25,0.25,0.52915,0.77198,48146
STARE,4.0,A_dice,A_dice_s0,0,im0081,isotropic,0.5,0.5,0.54223,0.65776,62523
STARE,4.0,A_dice,A_dice_s0,0,im0081,isotropic,0.75,0.75,0.54988,0.56185,78870
STARE,4.0,A_dice,A_dice_s0,0,im0081,isotropic,1.0,1.0,0.55822,0.50001,92731
STARE,4.0,A_dice,A_dice_s0,0,im0081,isotropic,1.5,1.5,0.5649,0.40299,123079
STARE,4.0,A_dice,A_dice_s0,0,im0081,oracle,0.0,0.25,0.43356,0.8892,33531
STARE,4.0,A_dice,A_dice_s0,0,im0081,oracle,0.0,0.5,0.47153,0.77024,47010
STARE,4.0,A_dice,A_dice_s0,0,im0081,oracle,0.0,1.0,0.52429,0.57587,75455
STARE,4.0,A_dice,A_dice_s0,0,im0081,oracle,0.5,0.0,0.50041,0.87403,36410
STARE,4.0,A_dice,A_dice_s0,0,im0081,oracle,0.5,0.25,0.53007,0.77089,48326
STARE,4.0,A_dice,A_dice_s0,0,im0081,oracle,0.5,0.5,0.54206,0.66438,61570
STARE,4.0,A_dice,A_dice_s0,0,im0081,oracle,0.5,1.0,0.5476,0.5304,85262
STARE,4.0,A_dice,A_dice_s0,0,im0081,oracle,1.0,0.0,0.53239,0.82978,42188
STARE,4.0,A_dice,A_dice_s0,0,im0081,oracle,1.0,0.25,0.54906,0.75379,50572
STARE,4.0,A_dice,A_dice_s0,0,im0081,oracle,1.0,0.5,0.55052,0.64617,64455
STARE,4.0,A_dice,A_dice_s0,0,im0081,oracle,1.0,1.0,0.55804,0.50196,92243
STARE,4.0,A_dice,A_dice_s0,0,im0081,oracle,1.5,0.0,0.53575,0.80137,45206
STARE,4.0,A_dice,A_dice_s0,0,im0081,oracle,1.5,0.25,0.55158,0.72203,54379
STARE,4.0,A_dice,A_dice_s0,0,im0081,oracle,1.5,0.5,0.55648,0.62744,67534
STARE,4.0,A_dice,A_dice_s0,0,im0081,oracle,1.5,1.0,0.56158,0.49013,95413
STARE,4.0,A_dice,A_dice_s0,0,im0081,oracle,2.0,0.0,0.53853,0.73878,52147
STARE,4.0,A_dice,A_dice_s0,0,im0081,oracle,2.0,0.25,0.55474,0.6769,60254
STARE,4.0,A_dice,A_dice_s0,0,im0081,oracle,2.0,0.5,0.56267,0.5953,73008
STARE,4.0,A_dice,A_dice_s0,0,im0081,oracle,2.0,1.0,0.56574,0.47825,98772
STARE,4.0,A_dice,A_dice_s0,0,im0082,raw,0.0,0.0,0.23165,0.89287,34082
STARE,4.0,A_dice,A_dice_s0,0,im0082,isotropic,0.25,0.25,0.52785,0.77608,49171
STARE,4.0,A_dice,A_dice_s0,0,im0082,isotropic,0.5,0.5,0.55495,0.66221,64025
STARE,4.0,A_dice,A_dice_s0,0,im0082,isotropic,0.75,0.75,0.56961,0.5649,81336
STARE,4.0,A_dice,A_dice_s0,0,im0082,isotropic,1.0,1.0,0.57917,0.50456,95492
STARE,4.0,A_dice,A_dice_s0,0,im0082,isotropic,1.5,1.5,0.60782,0.40714,127339
STARE,4.0,A_dice,A_dice_s0,0,im0082,oracle,0.0,0.25,0.23165,0.89287,34082
STARE,4.0,A_dice,A_dice_s0,0,im0082,oracle,0.0,0.5,0.44972,0.77233,48179
STARE,4.0,A_dice,A_dice_s0,0,im0082,oracle,0.0,1.0,0.53276,0.57853,77664
STARE,4.0,A_dice,A_dice_s0,0,im0082,oracle,0.5,0.0,0.25671,0.88112,36828
STARE,4.0,A_dice,A_dice_s0,0,im0082,oracle,0.5,0.25,0.54041,0.77538,49372
STARE,4.0,A_dice,A_dice_s0,0,im0082,oracle,0.5,0.5,0.55459,0.66905,63009
STARE,4.0,A_dice,A_dice_s0,0,im0082,oracle,0.5,1.0,0.56869,0.52938,88851
STARE,4.0,A_dice,A_dice_s0,0,im0082,oracle,1.0,0.0,0.5423,0.83795,42659
STARE,4.0,A_dice,A_dice_s0,0,im0082,oracle,1.0,0.25,0.5556,0.76249,51286
STARE,4.0,A_dice,A_dice_s0,0,im0082,oracle,1.0,0.5,0.56617,0.65232,65915
STARE,4.0,A_dice,A_dice_s0,0,im0082,oracle,1.0,1.0,0.57882,0.50609,95083
STARE,4.0,A_dice,A_dice_s0,0,im0082,oracle,1.5,0.0,0.55148,0.81066,45845
STARE,4.0,A_dice,A_dice_s0,0,im0082,oracle,1.5,0.25,0.56585,0.73279,55026
STARE,4.0,A_dice,A_dice_s0,0,im0082,oracle,1.5,0.5,0.5735,0.63549,68857
STARE,4.0,A_dice,A_dice_s0,0,im0082,oracle,1.5,1.0,0.58532,0.49503,98298
STARE,4.0,A_dice,A_dice_s0,0,im0082,oracle,2.0,0.0,0.56027,0.75207,52485
STARE,4.0,A_dice,A_dice_s0,0,im0082,oracle,2.0,0.25,0.57066,0.69184,60492
STARE,4.0,A_dice,A_dice_s0,0,im0082,oracle,2.0,0.5,0.57972,0.60468,74294
STARE,4.0,A_dice,A_dice_s0,0,im0082,oracle,2.0,1.0,0.59063,0.48426,101535
STARE,4.0,A_dice,A_dice_s0,0,im0139,raw,0.0,0.0,0.55896,0.85908,37897
STARE,4.0,A_dice,A_dice_s0,0,im0139,isotropic,0.25,0.25,0.72996,0.75088,53233
STARE,4.0,A_dice,A_dice_s0,0,im0139,isotropic,0.5,0.5,0.75919,0.64456,68251
STARE,4.0,A_dice,A_dice_s0,0,im0139,isotropic,0.75,0.75,0.78445,0.55427,85394
STARE,4.0,A_dice,A_dice_s0,0,im0139,isotropic,1.0,1.0,0.8352,0.49668,99618
STARE,4.0,A_dice,A_dice_s0,0,im0139,isotropic,1.5,1.5,0.84765,0.40506,130458
STARE,4.0,A_dice,A_dice_s0,0,im0139,oracle,0.0,0.25,0.55896,0.85908,37897
STARE,4.0,A_dice,A_dice_s0,0,im0139,oracle,0.0,0.5,0.65343,0.74776,52230
STARE,4.0,A_dice,A_dice_s0,0,im0139,oracle,0.0,1.0,0.71941,0.56872,81410
STARE,4.0,A_dice,A_dice_s0,0,im0139,oracle,0.5,0.0,0.60791,0.84194,41060
STARE,4.0,A_dice,A_dice_s0,0,im0139,oracle,0.5,0.25,0.74641,0.75024,53419
STARE,4.0,A_dice,A_dice_s0,0,im0139,oracle,0.5,0.5,0.75229,0.65004,67346
STARE,4.0,A_dice,A_dice_s0,0,im0139,oracle,0.5,1.0,0.7631,0.52494,91821
STARE,4.0,A_dice,A_dice_s0,0,im0139,oracle,1.0,0.0,0.67622,0.79766,47514
STARE,4.0,A_dice,A_dice_s0,0,im0139,oracle,1.0,0.25,0.7682,0.73182,56145
STARE,4.0,A_dice,A_dice_s0,0,im0139,oracle,1.0,0.5,0.77334,0.63274,70589
STARE,4.0,A_dice,A_dice_s0,0,im0139,oracle,1.0,1.0,0.83456,0.49821,99187
STARE,4.0,A_dice,A_dice_s0,0,im0139,oracle,1.5,0.0,0.76372,0.77421,50798
STARE,4.0,A_dice,A_dice_s0,0,im0139,oracle,1.5,0.25,0.79128,0.69917,60676
STARE,4.0,A_dice,A_dice_s0,0,im0139,oracle,1.5,0.5,0.825,0.6133,74236
STARE,4.0,A_dice,A_dice_s0,0,im0139,oracle,1.5,1.0,0.84399,0.48616,102878
STARE,4.0,A_dice,A_dice_s0,0,im0139,oracle,2.0,0.0,0.80414,0.71459,58429
STARE,4.0,A_dice,A_dice_s0,0,im0139,oracle,2.0,0.25,0.82607,0.65521,67328
STARE,4.0,A_dice,A_dice_s0,0,im0139,oracle,2.0,0.5,0.83119,0.58063,80546
STARE,4.0,A_dice,A_dice_s0,0,im0139,oracle,2.0,1.0,0.85003,0.47323,106890
STARE,4.0,A_dice,A_dice_s0,0,im0162,raw,0.0,0.0,0.23965,0.84601,27845
STARE,4.0,A_dice,A_dice_s0,0,im0162,isotropic,0.25,0.25,0.53726,0.73262,43774
STARE,4.0,A_dice,A_dice_s0,0,im0162,isotropic,0.5,0.5,0.5851,0.61083,59315
STARE,4.0,A_dice,A_dice_s0,0,im0162,isotropic,0.75,0.75,0.61148,0.51473,76801
STARE,4.0,A_dice,A_dice_s0,0,im0162,isotropic,1.0,1.0,0.64786,0.45485,91605
STARE,4.0,A_dice,A_dice_s0,0,im0162,isotropic,1.5,1.5,0.68533,0.36419,123647
STARE,4.0,A_dice,A_dice_s0,0,im0162,oracle,0.0,0.25,0.23965,0.84601,27845
STARE,4.0,A_dice,A_dice_s0,0,im0162,oracle,0.0,0.5,0.27474,0.73088,41750
STARE,4.0,A_dice,A_dice_s0,0,im0162,oracle,0.0,1.0,0.56556,0.52617,72953
STARE,4.0,A_dice,A_dice_s0,0,im0162,oracle,0.5,0.0,0.45404,0.8401,30741
STARE,4.0,A_dice,A_dice_s0,0,im0162,oracle,0.5,0.25,0.54946,0.73196,43972
STARE,4.0,A_dice,A_dice_s0,0,im0162,oracle,0.5,0.5,0.58481,0.61885,58148
STARE,4.0,A_dice,A_dice_s0,0,im0162,oracle,0.5,1.0,0.5957,0.48065,84081
STARE,4.0,A_dice,A_dice_s0,0,im0162,oracle,1.0,0.0,0.53988,0.8009,36917
STARE,4.0,A_dice,A_dice_s0,0,im0162,oracle,1.0,0.25,0.58711,0.72108,45814
STARE,4.0,A_dice,A_dice_s0,0,im0162,oracle,1.0,0.5,0.5963,0.60272,61172
STARE,4.0,A_dice,A_dice_s0,0,im0162,oracle,1.0,1.0,0.64771,0.45671,91106
STARE,4.0,A_dice,A_dice_s0,0,im0162,oracle,1.5,0.0,0.56076,0.77582,39942
STARE,4.0,A_dice,A_dice_s0,0,im0162,oracle,1.5,0.25,0.61779,0.69291,49446
STARE,4.0,A_dice,A_dice_s0,0,im0162,oracle,1.5,0.5,0.63268,0.58863,63985
STARE,4.0,A_dice,A_dice_s0,0,im0162,oracle,1.5,1.0,0.66071,0.44739,94357
STARE,4.0,A_dice,A_dice_s0,0,im0162,oracle,2.0,0.0,0.60511,0.71584,46508
STARE,4.0,A_dice,A_dice_s0,0,im0162,oracle,2.0,0.25,0.63135,0.65168,54880
STARE,4.0,A_dice,A_dice_s0,0,im0162,oracle,2.0,0.5,0.64821,0.56127,69034
STARE,4.0,A_dice,A_dice_s0,0,im0162,oracle,2.0,1.0,0.67417,0.43869,97481
STARE,4.0,A_dice,A_dice_s0,0,im0163,raw,0.0,0.0,0.61159,0.882,36460
STARE,4.0,A_dice,A_dice_s0,0,im0163,isotropic,0.25,0.25,0.75313,0.75609,51678
STARE,4.0,A_dice,A_dice_s0,0,im0163,isotropic,0.5,0.5,0.78667,0.64566,66605
STARE,4.0,A_dice,A_dice_s0,0,im0163,isotropic,0.75,0.75,0.83172,0.55423,83252
STARE,4.0,A_dice,A_dice_s0,0,im0163,isotropic,1.0,1.0,0.83767,0.49417,97521
STARE,4.0,A_dice,A_dice_s0,0,im0163,isotropic,1.5,1.5,0.85675,0.40017,128530
STARE,4.0,A_dice,A_dice_s0,0,im0163,oracle,0.0,0.25,0.61159,0.882,36460
STARE,4.0,A_dice,A_dice_s0,0,im0163,oracle,0.0,0.5,0.67698,0.75807,50099
STARE,4.0,A_dice,A_dice_s0,0,im0163,oracle,0.0,1.0,0.72005,0.56739,79941
STARE,4.0,A_dice,A_dice_s0,0,im0163,oracle,0.5,0.0,0.67155,0.86286,39509
STARE,4.0,A_dice,A_dice_s0,0,im0163,oracle,0.5,0.25,0.75524,0.75555,51842
STARE,4.0,A_dice,A_dice_s0,0,im0163,oracle,0.5,0.5,0.78646,0.6518,65662
STARE,4.0,A_dice,A_dice_s0,0,im0163,oracle,0.5,1.0,0.82929,0.52404,89838
STARE,4.0,A_dice,A_dice_s0,0,im0163,oracle,1.0,0.0,0.75298,0.81536,45470
STARE,4.0,A_dice,A_dice_s0,0,im0163,oracle,1.0,0.25,0.81515,0.74139,53832
STARE,4.0,A_dice,A_dice_s0,0,im0163,oracle,1.0,0.5,0.83129,0.63602,68350
STARE,4.0,A_dice,A_dice_s0,0,im0163,oracle,1.0,1.0,0.83767,0.49573,97111
STARE,4.0,A_dice,A_dice_s0,0,im0163,oracle,1.5,0.0,0.79221,0.79132,48154
STARE,4.0,A_dice,A_dice_s0,0,im0163,oracle,1.5,0.25,0.83306,0.7134,57397
STARE,4.0,A_dice,A_dice_s0,0,im0163,oracle,1.5,0.5,0.83681,0.62027,71072
STARE,4.0,A_dice,A_dice_s0,0,im0163,oracle,1.5,1.0,0.84278,0.48551,100024
STARE,4.0,A_dice,A_dice_s0,0,im0163,oracle,2.0,0.0,0.80317,0.73595,54549
STARE,4.0,A_dice,A_dice_s0,0,im0163,oracle,2.0,0.25,0.83793,0.675,62666
STARE,4.0,A_dice,A_dice_s0,0,im0163,oracle,2.0,0.5,0.84213,0.59355,75867
STARE,4.0,A_dice,A_dice_s0,0,im0163,oracle,2.0,1.0,0.85676,0.47539,103004
STARE,4.0,A_dice,A_dice_s0,0,im0235,raw,0.0,0.0,0.45038,0.87396,37170
STARE,4.0,A_dice,A_dice_s0,0,im0235,isotropic,0.25,0.25,0.67457,0.79825,52506
STARE,4.0,A_dice,A_dice_s0,0,im0235,isotropic,0.5,0.5,0.69525,0.69277,67505
STARE,4.0,A_dice,A_dice_s0,0,im0235,isotropic,0.75,0.75,0.73207,0.60103,84200
STARE,4.0,A_dice,A_dice_s0,0,im0235,isotropic,1.0,1.0,0.772,0.53925,98618
STARE,4.0,A_dice,A_dice_s0,0,im0235,isotropic,1.5,1.5,0.8001,0.44146,129798
STARE,4.0,A_dice,A_dice_s0,0,im0235,oracle,0.0,0.25,0.45038,0.87396,37170
STARE,4.0,A_dice,A_dice_s0,0,im0235,oracle,0.0,0.5,0.5241,0.79338,50759
STARE,4.0,A_dice,A_dice_s0,0,im0235,oracle,0.0,1.0,0.61847,0.61407,80477
STARE,4.0,A_dice,A_dice_s0,0,im0235,oracle,0.5,0.0,0.53944,0.86918,40156
STARE,4.0,A_dice,A_dice_s0,0,im0235,oracle,0.5,0.25,0.67515,0.79749,52695
STARE,4.0,A_dice,A_dice_s0,0,im0235,oracle,0.5,0.5,0.69428,0.70143,66172
STARE,4.0,A_dice,A_dice_s0,0,im0235,oracle,0.5,1.0,0.69989,0.57223,90118
STARE,4.0,A_dice,A_dice_s0,0,im0235,oracle,1.0,0.0,0.69323,0.84277,46391
STARE,4.0,A_dice,A_dice_s0,0,im0235,oracle,1.0,0.25,0.71577,0.78428,55021
STARE,4.0,A_dice,A_dice_s0,0,im0235,oracle,1.0,0.5,0.73208,0.68273,69568
STARE,4.0,A_dice,A_dice_s0,0,im0235,oracle,1.0,1.0,0.7718,0.54163,98004
STARE,4.0,A_dice,A_dice_s0,0,im0235,oracle,1.5,0.0,0.71341,0.82527,49252
STARE,4.0,A_dice,A_dice_s0,0,im0235,oracle,1.5,0.25,0.72581,0.75612,59075
STARE,4.0,A_dice,A_dice_s0,0,im0235,oracle,1.5,0.5,0.77365,0.66591,72704
STARE,4.0,A_dice,A_dice_s0,0,im0235,oracle,1.5,1.0,0.79471,0.52973,101491
STARE,4.0,A_dice,A_dice_s0,0,im0235,oracle,2.0,0.0,0.76209,0.77411,56074
STARE,4.0,A_dice,A_dice_s0,0,im0235,oracle,2.0,0.25,0.77507,0.71452,65132
STARE,4.0,A_dice,A_dice_s0,0,im0235,oracle,2.0,0.5,0.79595,0.63525,78355
STARE,4.0,A_dice,A_dice_s0,0,im0235,oracle,2.0,1.0,0.80217,0.51759,105126
STARE,4.0,A_dice,A_dice_s0,0,im0236,raw,0.0,0.0,0.25144,0.86957,36712
STARE,4.0,A_dice,A_dice_s0,0,im0236,isotropic,0.25,0.25,0.71709,0.80474,51336
STARE,4.0,A_dice,A_dice_s0,0,im0236,isotropic,0.5,0.5,0.7269,0.7041,65600
STARE,4.0,A_dice,A_dice_s0,0,im0236,isotropic,0.75,0.75,0.73634,0.61424,81450
STARE,4.0,A_dice,A_dice_s0,0,im0236,isotropic,1.0,1.0,0.75192,0.55338,95070
STARE,4.0,A_dice,A_dice_s0,0,im0236,isotropic,1.5,1.5,0.76812,0.45635,124437
STARE,4.0,A_dice,A_dice_s0,0,im0236,oracle,0.0,0.25,0.25144,0.86957,36712
STARE,4.0,A_dice,A_dice_s0,0,im0236,oracle,0.0,0.5,0.60101,0.80003,49524
STARE,4.0,A_dice,A_dice_s0,0,im0236,oracle,0.0,1.0,0.65886,0.62945,77523
STARE,4.0,A_dice,A_dice_s0,0,im0236,oracle,0.5,0.0,0.30524,0.86598,39702
STARE,4.0,A_dice,A_dice_s0,0,im0236,oracle,0.5,0.25,0.71988,0.80434,51503
STARE,4.0,A_dice,A_dice_s0,0,im0236,oracle,0.5,0.5,0.7265,0.71217,64354
STARE,4.0,A_dice,A_dice_s0,0,im0236,oracle,0.5,1.0,0.73271,0.58637,86967
STARE,4.0,A_dice,A_dice_s0,0,im0236,oracle,1.0,0.0,0.71665,0.84142,45909
STARE,4.0,A_dice,A_dice_s0,0,im0236,oracle,1.0,0.25,0.73073,0.78912,54027
STARE,4.0,A_dice,A_dice_s0,0,im0236,oracle,1.0,0.5,0.73716,0.69292,67748
STARE,4.0,A_dice,A_dice_s0,0,im0236,oracle,1.0,1.0,0.75172,0.55541,94570
STARE,4.0,A_dice,A_dice_s0,0,im0236,oracle,1.5,0.0,0.72272,0.82672,48562
STARE,4.0,A_dice,A_dice_s0,0,im0236,oracle,1.5,0.25,0.73718,0.76002,58177
STARE,4.0,A_dice,A_dice_s0,0,im0236,oracle,1.5,0.5,0.75236,0.67549,70920
STARE,4.0,A_dice,A_dice_s0,0,im0236,oracle,1.5,1.0,0.75971,0.54336,97950
STARE,4.0,A_dice,A_dice_s0,0,im0236,oracle,2.0,0.0,0.73314,0.7775,55202
STARE,4.0,A_dice,A_dice_s0,0,im0236,oracle,2.0,0.25,0.74306,0.71908,64129
STARE,4.0,A_dice,A_dice_s0,0,im0236,oracle,2.0,0.5,0.75953,0.64465,76534
STARE,4.0,A_dice,A_dice_s0,0,im0236,oracle,2.0,1.0,0.76793,0.5305,101677
STARE,4.0,A_dice,A_dice_s0,0,im0239,raw,0.0,0.0,0.12363,0.80901,28481
STARE,4.0,A_dice,A_dice_s0,0,im0239,isotropic,0.25,0.25,0.20833,0.78738,41181
STARE,4.0,A_dice,A_dice_s0,0,im0239,isotropic,0.5,0.5,0.45822,0.69773,53665
STARE,4.0,A_dice,A_dice_s0,0,im0239,isotropic,0.75,0.75,0.48497,0.61141,68111
STARE,4.0,A_dice,A_dice_s0,0,im0239,isotropic,1.0,1.0,0.51659,0.55464,80052
STARE,4.0,A_dice,A_dice_s0,0,im0239,isotropic,1.5,1.5,0.54003,0.46002,106853
STARE,4.0,A_dice,A_dice_s0,0,im0239,oracle,0.0,0.25,0.12363,0.80901,28481
STARE,4.0,A_dice,A_dice_s0,0,im0239,oracle,0.0,0.5,0.14333,0.76674,39893
STARE,4.0,A_dice,A_dice_s0,0,im0239,oracle,0.0,1.0,0.41425,0.61741,65031
STARE,4.0,A_dice,A_dice_s0,0,im0239,oracle,0.5,0.0,0.14388,0.82083,30812
STARE,4.0,A_dice,A_dice_s0,0,im0239,oracle,0.5,0.25,0.36612,0.78813,41315
STARE,4.0,A_dice,A_dice_s0,0,im0239,oracle,0.5,0.5,0.45744,0.70334,52771
STARE,4.0,A_dice,A_dice_s0,0,im0239,oracle,0.5,1.0,0.47368,0.57486,74472
STARE,4.0,A_dice,A_dice_s0,0,im0239,oracle,1.0,0.0,0.39775,0.82569,35730
STARE,4.0,A_dice,A_dice_s0,0,im0239,oracle,1.0,0.25,0.45788,0.78713,42844
STARE,4.0,A_dice,A_dice_s0,0,im0239,oracle,1.0,0.5,0.48321,0.69496,55172
STARE,4.0,A_dice,A_dice_s0,0,im0239,oracle,1.0,1.0,0.51593,0.55615,79689
STARE,4.0,A_dice,A_dice_s0,0,im0239,oracle,1.5,0.0,0.44786,0.8175,38357
STARE,4.0,A_dice,A_dice_s0,0,im0239,oracle,1.5,0.25,0.48472,0.77085,45787
STARE,4.0,A_dice,A_dice_s0,0,im0239,oracle,1.5,0.5,0.49562,0.68794,57298
STARE,4.0,A_dice,A_dice_s0,0,im0239,oracle,1.5,1.0,0.52889,0.55059,82145
STARE,4.0,A_dice,A_dice_s0,0,im0239,oracle,2.0,0.0,0.46138,0.78336,43635
STARE,4.0,A_dice,A_dice_s0,0,im0239,oracle,2.0,0.25,0.49422,0.74288,50086
STARE,4.0,A_dice,A_dice_s0,0,im0239,oracle,2.0,0.5,0.50625,0.66613,61443
STARE,4.0,A_dice,A_dice_s0,0,im0239,oracle,2.0,1.0,0.54015,0.54522,84434
STARE,4.0,A_dice,A_dice_s0,0,im0240,raw,0.0,0.0,0.13714,0.77749,32303
STARE,4.0,A_dice,A_dice_s0,0,im0240,isotropic,0.25,0.25,0.19057,0.79867,45167
STARE,4.0,A_dice,A_dice_s0,0,im0240,isotropic,0.5,0.5,0.23664,0.73315,57937
STARE,4.0,A_dice,A_dice_s0,0,im0240,isotropic,0.75,0.75,0.26202,0.65275,72844
STARE,4.0,A_dice,A_dice_s0,0,im0240,isotropic,1.0,1.0,0.27061,0.59549,85482
STARE,4.0,A_dice,A_dice_s0,0,im0240,isotropic,1.5,1.5,0.29596,0.4987,113730
STARE,4.0,A_dice,A_dice_s0,0,im0240,oracle,0.0,0.25,0.13714,0.77749,32303
STARE,4.0,A_dice,A_dice_s0,0,im0240,oracle,0.0,0.5,0.17165,0.77702,43759
STARE,4.0,A_dice,A_dice_s0,0,im0240,oracle,0.0,1.0,0.22857,0.65816,69128
STARE,4.0,A_dice,A_dice_s0,0,im0240,oracle,0.5,0.0,0.15012,0.79178,35062
STARE,4.0,A_dice,A_dice_s0,0,im0240,oracle,0.5,0.25,0.19176,0.79942,45354
STARE,4.0,A_dice,A_dice_s0,0,im0240,oracle,0.5,0.5,0.23602,0.73589,57245
STARE,4.0,A_dice,A_dice_s0,0,im0240,oracle,0.5,1.0,0.25034,0.61884,78623
STARE,4.0,A_dice,A_dice_s0,0,im0240,oracle,1.0,0.0,0.21612,0.8084,40750
STARE,4.0,A_dice,A_dice_s0,0,im0240,oracle,1.0,0.25,0.24696,0.79731,47780
STARE,4.0,A_dice,A_dice_s0,0,im0240,oracle,1.0,0.5,0.26359,0.72842,60197
STARE,4.0,A_dice,A_dice_s0,0,im0240,oracle,1.0,1.0,0.27044,0.59667,85173
STARE,4.0,A_dice,A_dice_s0,0,im0240,oracle,1.5,0.0,0.24011,0.81003,43341
STARE,4.0,A_dice,A_dice_s0,0,im0240,oracle,1.5,0.25,0.26781,0.78448,51582
STARE,4.0,A_dice,A_dice_s0,0,im0240,oracle,1.5,0.5,0.28137,0.72057,63109
STARE,4.0,A_dice,A_dice_s0,0,im0240,oracle,1.5,1.0,0.29281,0.58975,88487
STARE,4.0,A_dice,A_dice_s0,0,im0240,oracle,2.0,0.0,0.25686,0.79251,48965
STARE,4.0,A_dice,A_dice_s0,0,im0240,oracle,2.0,0.25,0.29181,0.76403,56306
STARE,4.0,A_dice,A_dice_s0,0,im0240,oracle,2.0,0.5,0.29541,0.69898,67930
STARE,4.0,A_dice,A_dice_s0,0,im0240,oracle,2.0,1.0,0.30811,0.5823,91767
STARE,4.0,A_dice,A_dice_s0,0,im0255,raw,0.0,0.0,0.43813,0.8403,31541
STARE,4.0,A_dice,A_dice_s0,0,im0255,isotropic,0.25,0.25,0.67268,0.80573,48203
STARE,4.0,A_dice,A_dice_s0,0,im0255,isotropic,0.5,0.5,0.71212,0.68973,64540
STARE,4.0,A_dice,A_dice_s0,0,im0255,isotropic,0.75,0.75,0.73423,0.58797,83225
STARE,4.0,A_dice,A_dice_s0,0,im0255,isotropic,1.0,1.0,0.75015,0.52314,98975
STARE,4.0,A_dice,A_dice_s0,0,im0255,isotropic,1.5,1.5,0.80234,0.42147,133701
STARE,4.0,A_dice,A_dice_s0,0,im0255,oracle,0.0,0.25,0.43813,0.8403,31541
STARE,4.0,A_dice,A_dice_s0,0,im0255,oracle,0.0,0.5,0.58113,0.78504,47153
STARE,4.0,A_dice,A_dice_s0,0,im0255,oracle,0.0,1.0,0.66038,0.59676,79582
STARE,4.0,A_dice,A_dice_s0,0,im0255,oracle,0.5,0.0,0.54876,0.85098,34710
STARE,4.0,A_dice,A_dice_s0,0,im0255,oracle,0.5,0.25,0.67949,0.80573,48382
STARE,4.0,A_dice,A_dice_s0,0,im0255,oracle,0.5,0.5,0.71069,0.69774,63263
STARE,4.0,A_dice,A_dice_s0,0,im0255,oracle,0.5,1.0,0.72346,0.55119,90909
STARE,4.0,A_dice,A_dice_s0,0,im0255,oracle,1.0,0.0,0.66519,0.8469,40869
STARE,4.0,A_dice,A_dice_s0,0,im0255,oracle,1.0,0.25,0.71994,0.79603,50428
STARE,4.0,A_dice,A_dice_s0,0,im0255,oracle,1.0,0.5,0.73472,0.68226,66459
STARE,4.0,A_dice,A_dice_s0,0,im0255,oracle,1.0,1.0,0.75015,0.52547,98356
STARE,4.0,A_dice,A_dice_s0,0,im0255,oracle,1.5,0.0,0.70423,0.83222,44193
STARE,4.0,A_dice,A_dice_s0,0,im0255,oracle,1.5,0.25,0.74411,0.76766,54612
STARE,4.0,A_dice,A_dice_s0,0,im0255,oracle,1.5,0.5,0.75717,0.66542,69761
STARE,4.0,A_dice,A_dice_s0,0,im0255,oracle,1.5,1.0,0.77184,0.5147,102026
STARE,4.0,A_dice,A_dice_s0,0,im0255,oracle,2.0,0.0,0.73312,0.77886,51595
STARE,4.0,A_dice,A_dice_s0,0,im0255,oracle,2.0,0.25,0.77209,0.7228,60988
STARE,4.0,A_dice,A_dice_s0,0,im0255,oracle,2.0,0.5,0.78556,0.63173,76029
STARE,4.0,A_dice,A_dice_s0,0,im0255,oracle,2.0,1.0,0.80437,0.50409,105668
STARE,4.0,A_dice,A_dice_s0,0,im0291,raw,0.0,0.0,0.07446,0.80272,16214
STARE,4.0,A_dice,A_dice_s0,0,im0291,isotropic,0.25,0.25,0.19713,0.79346,23600
STARE,4.0,A_dice,A_dice_s0,0,im0291,isotropic,0.5,0.5,0.52454,0.70708,30890
STARE,4.0,A_dice,A_dice_s0,0,im0291,isotropic,0.75,0.75,0.53348,0.61519,39510
STARE,4.0,A_dice,A_dice_s0,0,im0291,isotropic,1.0,1.0,0.54164,0.55569,46631
STARE,4.0,A_dice,A_dice_s0,0,im0291,isotropic,1.5,1.5,0.56969,0.45553,62814
STARE,4.0,A_dice,A_dice_s0,0,im0291,oracle,0.0,0.25,0.07446,0.80272,16214
STARE,4.0,A_dice,A_dice_s0,0,im0291,oracle,0.0,0.5,0.11041,0.77495,23620
STARE,4.0,A_dice,A_dice_s0,0,im0291,oracle,0.0,1.0,0.30407,0.61706,38226
STARE,4.0,A_dice,A_dice_s0,0,im0291,oracle,0.5,0.0,0.1092,0.81789,17585
STARE,4.0,A_dice,A_dice_s0,0,im0291,oracle,0.5,0.25,0.19807,0.79416,23661
STARE,4.0,A_dice,A_dice_s0,0,im0291,oracle,0.5,0.5,0.52425,0.70973,30627
STARE,4.0,A_dice,A_dice_s0,0,im0291,oracle,0.5,1.0,0.53086,0.57767,43235
STARE,4.0,A_dice,A_dice_s0,0,im0291,oracle,1.0,0.0,0.19901,0.82729,20149
STARE,4.0,A_dice,A_dice_s0,0,im0291,oracle,1.0,0.25,0.43361,0.79774,24379
STARE,4.0,A_dice,A_dice_s0,0,im0291,oracle,1.0,0.5,0.53465,0.70602,31595
STARE,4.0,A_dice,A_dice_s0,0,im0291,oracle,1.0,1.0,0.54164,0.55661,46511
STARE,4.0,A_dice,A_dice_s0,0,im0291,oracle,1.5,0.0,0.45499,0.82968,21502
STARE,4.0,A_dice,A_dice_s0,0,im0291,oracle,1.5,0.25,0.54572,0.78732,25737
STARE,4.0,A_dice,A_dice_s0,0,im0291,oracle,1.5,0.5,0.55218,0.70059,32585
STARE,4.0,A_dice,A_dice_s0,0,im0291,oracle,1.5,1.0,0.56134,0.55207,47715
STARE,4.0,A_dice,A_dice_s0,0,im0291,oracle,2.0,0.0,0.54455,0.80893,23812
STARE,4.0,A_dice,A_dice_s0,0,im0291,oracle,2.0,0.25,0.55426,0.76965,27469
STARE,4.0,A_dice,A_dice_s0,0,im0291,oracle,2.0,0.5,0.56226,0.68267,34539
STARE,4.0,A_dice,A_dice_s0,0,im0291,oracle,2.0,1.0,0.57031,0.5493,48664
STARE,4.0,A_dice,A_dice_s0,0,im0319,raw,0.0,0.0,0.06251,0.77883,16882
STARE,4.0,A_dice,A_dice_s0,0,im0319,isotropic,0.25,0.25,0.15299,0.72009,24919
STARE,4.0,A_dice,A_dice_s0,0,im0319,isotropic,0.5,0.5,0.17331,0.62801,32990
STARE,4.0,A_dice,A_dice_s0,0,im0319,isotropic,0.75,0.75,0.19447,0.54246,42423
STARE,4.0,A_dice,A_dice_s0,0,im0319,isotropic,1.0,1.0,0.21868,0.48304,50735
STARE,4.0,A_dice,A_dice_s0,0,im0319,isotropic,1.5,1.5,0.257,0.38524,69851
STARE,4.0,A_dice,A_dice_s0,0,im0319,oracle,0.0,0.25,0.06251,0.77883,16882
STARE,4.0,A_dice,A_dice_s0,0,im0319,oracle,0.0,0.5,0.06967,0.70938,24161
STARE,4.0,A_dice,A_dice_s0,0,im0319,oracle,0.0,1.0,0.15919,0.54692,40242
STARE,4.0,A_dice,A_dice_s0,0,im0319,oracle,0.5,0.0,0.06722,0.77759,18507
STARE,4.0,A_dice,A_dice_s0,0,im0319,oracle,0.5,0.25,0.15378,0.72071,25007
STARE,4.0,A_dice,A_dice_s0,0,im0319,oracle,0.5,0.5,0.17298,0.63094,32647
STARE,4.0,A_dice,A_dice_s0,0,im0319,oracle,0.5,1.0,0.19188,0.50947,45939
STARE,4.0,A_dice,A_dice_s0,0,im0319,oracle,1.0,0.0,0.14425,0.76515,21849
STARE,4.0,A_dice,A_dice_s0,0,im0319,oracle,1.0,0.25,0.17254,0.71729,26345
STARE,4.0,A_dice,A_dice_s0,0,im0319,oracle,1.0,0.5,0.1928,0.62334,34253
STARE,4.0,A_dice,A_dice_s0,0,im0319,oracle,1.0,1.0,0.21852,0.48405,50570
STARE,4.0,A_dice,A_dice_s0,0,im0319,oracle,1.5,0.0,0.16632,0.75521,23521
STARE,4.0,A_dice,A_dice_s0,0,im0319,oracle,1.5,0.25,0.18488,0.69768,28559
STARE,4.0,A_dice,A_dice_s0,0,im0319,oracle,1.5,0.5,0.23482,0.6141,36020
STARE,4.0,A_dice,A_dice_s0,0,im0319,oracle,1.5,1.0,0.25407,0.47698,52613
STARE,4.0,A_dice,A_dice_s0,0,im0319,oracle,2.0,0.0,0.19623,0.71671,26970
STARE,4.0,A_dice,A_dice_s0,0,im0319,oracle,2.0,0.25,0.21797,0.66716,31629
STARE,4.0,A_dice,A_dice_s0,0,im0319,oracle,2.0,0.5,0.26997,0.58943,39156
STARE,4.0,A_dice,A_dice_s0,0,im0319,oracle,2.0,1.0,0.27854,0.46821,54812
STARE,4.0,A_dice,A_dice_s0,0,im0324,raw,0.0,0.0,0.03186,0.69876,21141
STARE,4.0,A_dice,A_dice_s0,0,im0324,isotropic,0.25,0.25,0.04697,0.68689,28846
STARE,4.0,A_dice,A_dice_s0,0,im0324,isotropic,0.5,0.5,0.04953,0.63945,36579
STARE,4.0,A_dice,A_dice_s0,0,im0324,isotropic,0.75,0.75,0.0522,0.58409,45532
STARE,4.0,A_dice,A_dice_s0,0,im0324,isotropic,1.0,1.0,0.05645,0.53973,53532
STARE,4.0,A_dice,A_dice_s0,0,im0324,isotropic,1.5,1.5,0.16667,0.46107,71767
STARE,4.0,A_dice,A_dice_s0,0,im0324,oracle,0.0,0.25,0.03186,0.69876,21141
STARE,4.0,A_dice,A_dice_s0,0,im0324,oracle,0.0,0.5,0.03466,0.67319,27753
STARE,4.0,A_dice,A_dice_s0,0,im0324,oracle,0.0,1.0,0.0479,0.58119,43041
STARE,4.0,A_dice,A_dice_s0,0,im0324,oracle,0.5,0.0,0.0328,0.70469,22885
STARE,4.0,A_dice,A_dice_s0,0,im0324,oracle,0.5,0.25,0.04709,0.68834,28996
STARE,4.0,A_dice,A_dice_s0,0,im0324,oracle,0.5,0.5,0.04946,0.64145,36103
STARE,4.0,A_dice,A_dice_s0,0,im0324,oracle,0.5,1.0,0.05143,0.55821,48449
STARE,4.0,A_dice,A_dice_s0,0,im0324,oracle,1.0,0.0,0.04831,0.71175,26466
STARE,4.0,A_dice,A_dice_s0,0,im0324,oracle,1.0,0.25,0.05007,0.69219,30763
STARE,4.0,A_dice,A_dice_s0,0,im0324,oracle,1.0,0.5,0.052,0.64039,38192
STARE,4.0,A_dice,A_dice_s0,0,im0324,oracle,1.0,1.0,0.05637,0.54073,53277
STARE,4.0,A_dice,A_dice_s0,0,im0324,oracle,1.5,0.0,0.04969,0.71319,28150
STARE,4.0,A_dice,A_dice_s0,0,im0324,oracle,1.5,0.25,0.05249,0.68685,33167
STARE,4.0,A_dice,A_dice_s0,0,im0324,oracle,1.5,0.5,0.05463,0.63958,40156
STARE,4.0,A_dice,A_dice_s0,0,im0324,oracle,1.5,1.0,0.14798,0.53878,55729
STARE,4.0,A_dice,A_dice_s0,0,im0324,oracle,2.0,0.0,0.0748,0.70542,31556
STARE,4.0,A_dice,A_dice_s0,0,im0324,oracle,2.0,0.25,0.08262,0.67938,36148
STARE,4.0,A_dice,A_dice_s0,0,im0324,oracle,2.0,0.5,0.141,0.62854,43222
STARE,4.0,A_dice,A_dice_s0,0,im0324,oracle,2.0,1.0,0.16898,0.53596,58122
STARE,4.0,A_dice,A_dice_s1,1,im0001,raw,0.0,0.0,0.12914,0.86214,34603
STARE,4.0,A_dice,A_dice_s1,1,im0001,isotropic,0.25,0.25,0.25613,0.7836,48769
STARE,4.0,A_dice,A_dice_s1,1,im0001,isotropic,0.5,0.5,0.78898,0.68109,62696
STARE,4.0,A_dice,A_dice_s1,1,im0001,isotropic,0.75,0.75,0.84482,0.58959,78378
STARE,4.0,A_dice,A_dice_s1,1,im0001,isotropic,1.0,1.0,0.85298,0.52871,91692
STARE,4.0,A_dice,A_dice_s1,1,im0001,isotropic,1.5,1.5,0.86917,0.4305,121006
STARE,4.0,A_dice,A_dice_s1,1,im0001,oracle,0.0,0.25,0.12914,0.86214,34603
STARE,4.0,A_dice,A_dice_s1,1,im0001,oracle,0.0,0.5,0.21066,0.77853,47339
STARE,4.0,A_dice,A_dice_s1,1,im0001,oracle,0.0,1.0,0.42191,0.60383,74692
STARE,4.0,A_dice,A_dice_s1,1,im0001,oracle,0.5,0.0,0.16027,0.857,37517
STARE,4.0,A_dice,A_dice_s1,1,im0001,oracle,0.5,0.25,0.25689,0.78264,48990
STARE,4.0,A_dice,A_dice_s1,1,im0001,oracle,0.5,0.5,0.26322,0.68661,61848
STARE,4.0,A_dice,A_dice_s1,1,im0001,oracle,0.5,1.0,0.83173,0.55952,84216
STARE,4.0,A_dice,A_dice_s1,1,im0001,oracle,1.0,0.0,0.7758,0.828,43433
STARE,4.0,A_dice,A_dice_s1,1,im0001,oracle,1.0,0.25,0.78992,0.7685,51455
STARE,4.0,A_dice,A_dice_s1,1,im0001,oracle,1.0,0.5,0.80385,0.66968,64893
STARE,4.0,A_dice,A_dice_s1,1,im0001,oracle,1.0,1.0,0.85298,0.53039,91286
STARE,4.0,A_dice,A_dice_s1,1,im0001,oracle,1.5,0.0,0.78292,0.80416,46650
STARE,4.0,A_dice,A_dice_s1,1,im0001,oracle,1.5,0.25,0.81743,0.73826,55720
STARE,4.0,A_dice,A_dice_s1,1,im0001,oracle,1.5,0.5,0.8566,0.65089,68200
STARE,4.0,A_dice,A_dice_s1,1,im0001,oracle,1.5,1.0,0.86287,0.51787,94688
STARE,4.0,A_dice,A_dice_s1,1,im0001,oracle,2.0,0.0,0.80028,0.74424,54157
STARE,4.0,A_dice,A_dice_s1,1,im0001,oracle,2.0,0.25,0.85588,0.69078,62226
STARE,4.0,A_dice,A_dice_s1,1,im0001,oracle,2.0,0.5,0.8636,0.61665,74142
STARE,4.0,A_dice,A_dice_s1,1,im0001,oracle,2.0,1.0,0.8716,0.50449,98429
STARE,4.0,A_dice,A_dice_s1,1,im0002,raw,0.0,0.0,0.45224,0.85056,26206
STARE,4.0,A_dice,A_dice_s1,1,im0002,isotropic,0.25,0.25,0.60488,0.78773,37823
STARE,4.0,A_dice,A_dice_s1,1,im0002,isotropic,0.5,0.5,0.66957,0.68165,49181
STARE,4.0,A_dice,A_dice_s1,1,im0002,isotropic,0.75,0.75,0.68135,0.58785,62097
STARE,4.0,A_dice,A_dice_s1,1,im0002,isotropic,1.0,1.0,0.69183,0.5262,73179
STARE,4.0,A_dice,A_dice_s1,1,im0002,isotropic,1.5,1.5,0.7313,0.42741,97748
STARE,4.0,A_dice,A_dice_s1,1,im0002,oracle,0.0,0.25,0.45224,0.85056,26206
STARE,4.0,A_dice,A_dice_s1,1,im0002,oracle,0.0,0.5,0.49714,0.77821,36680
STARE,4.0,A_dice,A_dice_s1,1,im0002,oracle,0.0,1.0,0.56925,0.59721,59580
STARE,4.0,A_dice,A_dice_s1,1,im0002,oracle,0.5,0.0,0.50816,0.85332,28292
STARE,4.0,A_dice,A_dice_s1,1,im0002,oracle,0.5,0.25,0.608,0.78788,37909
STARE,4.0,A_dice,A_dice_s1,1,im0002,oracle,0.5,0.5,0.66888,0.68904,48287
STARE,4.0,A_dice,A_dice_s1,1,im0002,oracle,0.5,1.0,0.67603,0.55318,67479
STARE,4.0,A_dice,A_dice_s1,1,im0002,oracle,1.0,0.0,0.58886,0.83672,32659
STARE,4.0,A_dice,A_dice_s1,1,im0002,oracle,1.0,0.25,0.67489,0.78092,39139
STARE,4.0,A_dice,A_dice_s1,1,im0002,oracle,1.0,0.5,0.68066,0.67558,50376
STARE,4.0,A_dice,A_dice_s1,1,im0002,oracle,1.0,1.0,0.69113,0.52821,72763
STARE,4.0,A_dice,A_dice_s1,1,im0002,oracle,1.5,0.0,0.6655,0.82055,34853
STARE,4.0,A_dice,A_dice_s1,1,im0002,oracle,1.5,0.25,0.68578,0.75782,41830
STARE,4.0,A_dice,A_dice_s1,1,im0002,oracle,1.5,0.5,0.69184,0.66321,52346
STARE,4.0,A_dice,A_dice_s1,1,im0002,oracle,1.5,1.0,0.7139,0.51933,75075
STARE,4.0,A_dice,A_dice_s1,1,im0002,oracle,2.0,0.0,0.67677,0.77338,39754
STARE,4.0,A_dice,A_dice_s1,1,im0002,oracle,2.0,0.25,0.69348,0.72078,45876
STARE,4.0,A_dice,A_dice_s1,1,im0002,oracle,2.0,0.5,0.72147,0.63574,56200
STARE,4.0,A_dice,A_dice_s1,1,im0002,oracle,2.0,1.0,0.7656,0.51059,77327
STARE,4.0,A_dice,A_dice_s1,1,im0003,raw,0.0,0.0,0.23935,0.85914,28069
STARE,4.0,A_dice,A_dice_s1,1,im0003,isotropic,0.25,0.25,0.30738,0.7592,38825
STARE,4.0,A_dice,A_dice_s1,1,im0003,isotropic,0.5,0.5,0.31857,0.65615,49510
STARE,4.0,A_dice,A_dice_s1,1,im0003,isotropic,0.75,0.75,0.64043,0.56336,62204
STARE,4.0,A_dice,A_dice_s1,1,im0003,isotropic,1.0,1.0,0.65784,0.50466,72658
STARE,4.0,A_dice,A_dice_s1,1,im0003,isotropic,1.5,1.5,0.67718,0.40696,96781
STARE,4.0,A_dice,A_dice_s1,1,im0003,oracle,0.0,0.25,0.23935,0.85914,28069
STARE,4.0,A_dice,A_dice_s1,1,im0003,oracle,0.0,0.5,0.27784,0.75444,38122
STARE,4.0,A_dice,A_dice_s1,1,im0003,oracle,0.0,1.0,0.30441,0.57926,59073
STARE,4.0,A_dice,A_dice_s1,1,im0003,oracle,0.5,0.0,0.2627,0.84512,30155
STARE,4.0,A_dice,A_dice_s1,1,im0003,oracle,0.5,0.25,0.31404,0.75866,38974
STARE,4.0,A_dice,A_dice_s1,1,im0003,oracle,0.5,0.5,0.31557,0.66308,48688
STARE,4.0,A_dice,A_dice_s1,1,im0003,oracle,0.5,1.0,0.32107,0.53008,67478
STARE,4.0,A_dice,A_dice_s1,1,im0003,oracle,1.0,0.0,0.32536,0.80575,34721
STARE,4.0,A_dice,A_dice_s1,1,im0003,oracle,1.0,0.25,0.64924,0.7415,40956
STARE,4.0,A_dice,A_dice_s1,1,im0003,oracle,1.0,0.5,0.65165,0.64422,51272
STARE,4.0,A_dice,A_dice_s1,1,im0003,oracle,1.0,1.0,0.65784,0.50657,72288
STARE,4.0,A_dice,A_dice_s1,1,im0003,oracle,1.5,0.0,0.65065,0.77815,37532
STARE,4.0,A_dice,A_dice_s1,1,im0003,oracle,1.5,0.25,0.65655,0.70975,44226
STARE,4.0,A_dice,A_dice_s1,1,im0003,oracle,1.5,0.5,0.66602,0.62479,53968
STARE,4.0,A_dice,A_dice_s1,1,im0003,oracle,1.5,1.0,0.67036,0.49414,75089
STARE,4.0,A_dice,A_dice_s1,1,im0003,oracle,2.0,0.0,0.66177,0.71972,43143
STARE,4.0,A_dice,A_dice_s1,1,im0003,oracle,2.0,0.25,0.66825,0.66579,49111
STARE,4.0,A_dice,A_dice_s1,1,im0003,oracle,2.0,0.5,0.69032,0.59085,58747
STARE,4.0,A_dice,A_dice_s1,1,im0003,oracle,2.0,1.0,0.69585,0.48124,78058
STARE,4.0,A_dice,A_dice_s1,1,im0004,raw,0.0,0.0,0.06089,0.83406,28881
STARE,4.0,A_dice,A_dice_s1,1,im0004,isotropic,0.25,0.25,0.12286,0.80794,40063
STARE,4.0,A_dice,A_dice_s1,1,im0004,isotropic,0.5,0.5,0.12638,0.7223,51208
STARE,4.0,A_dice,A_dice_s1,1,im0004,isotropic,0.75,0.75,0.18694,0.63324,64048
STARE,4.0,A_dice,A_dice_s1,1,im0004,isotropic,1.0,1.0,0.19244,0.57058,75208
STARE,4.0,A_dice,A_dice_s1,1,im0004,isotropic,1.5,1.5,0.2888,0.46652,100247
STARE,4.0,A_dice,A_dice_s1,1,im0004,oracle,0.0,0.25,0.06089,0.83406,28881
STARE,4.0,A_dice,A_dice_s1,1,im0004,oracle,0.0,0.5,0.11972,0.79747,39025
STARE,4.0,A_dice,A_dice_s1,1,im0004,oracle,0.0,1.0,0.12417,0.64402,60773
STARE,4.0,A_dice,A_dice_s1,1,im0004,oracle,0.5,0.0,0.0786,0.83595,31386
STARE,4.0,A_dice,A_dice_s1,1,im0004,oracle,0.5,0.25,0.12324,0.80727,40284
STARE,4.0,A_dice,A_dice_s1,1,im0004,oracle,0.5,0.5,0.12629,0.7269,50545
STARE,4.0,A_dice,A_dice_s1,1,im0004,oracle,0.5,1.0,0.17978,0.60473,68194
STARE,4.0,A_dice,A_dice_s1,1,im0004,oracle,1.0,0.0,0.12056,0.82601,36551
STARE,4.0,A_dice,A_dice_s1,1,im0004,oracle,1.0,0.25,0.17376,0.79243,42926
STARE,4.0,A_dice,A_dice_s1,1,im0004,oracle,1.0,0.5,0.18028,0.71086,53429
STARE,4.0,A_dice,A_dice_s1,1,im0004,oracle,1.0,1.0,0.19244,0.57233,74865
STARE,4.0,A_dice,A_dice_s1,1,im0004,oracle,1.5,0.0,0.17907,0.81527,39117
STARE,4.0,A_dice,A_dice_s1,1,im0004,oracle,1.5,0.25,0.18882,0.76717,46543
STARE,4.0,A_dice,A_dice_s1,1,im0004,oracle,1.5,0.5,0.20365,0.69104,56577
STARE,4.0,A_dice,A_dice_s1,1,im0004,oracle,1.5,1.0,0.28775,0.55868,78134
STARE,4.0,A_dice,A_dice_s1,1,im0004,oracle,2.0,0.0,0.19228,0.77381,44887
STARE,4.0,A_dice,A_dice_s1,1,im0004,oracle,2.0,0.25,0.21977,0.72814,51762
STARE,4.0,A_dice,A_dice_s1,1,im0004,oracle,2.0,0.5,0.22081,0.65863,61528
STARE,4.0,A_dice,A_dice_s1,1,im0004,oracle,2.0,1.0,0.29039,0.54389,81756
STARE,4.0,A_dice,A_dice_s1,1,im0005,raw,0.0,0.0,0.29516,0.86476,40861
STARE,4.0,A_dice,A_dice_s1,1,im0005,isotropic,0.25,0.25,0.36997,0.79426,56531
STARE,4.0,A_dice,A_dice_s1,1,im0005,isotropic,0.5,0.5,0.38057,0.69102,71939
STARE,4.0,A_dice,A_dice_s1,1,im0005,isotropic,0.75,0.75,0.38238,0.59578,89821
STARE,4.0,A_dice,A_dice_s1,1,im0005,isotropic,1.0,1.0,0.38359,0.53475,104560
STARE,4.0,A_dice,A_dice_s1,1,im0005,isotropic,1.5,1.5,0.38467,0.43492,137481
STARE,4.0,A_dice,A_dice_s1,1,im0005,oracle,0.0,0.25,0.29516,0.86476,40861
STARE,4.0,A_dice,A_dice_s1,1,im0005,oracle,0.0,0.5,0.35948,0.79111,54999
STARE,4.0,A_dice,A_dice_s1,1,im0005,oracle,0.0,1.0,0.36946,0.62211,83846
STARE,4.0,A_dice,A_dice_s1,1,im0005,oracle,0.5,0.0,0.30689,0.85044,44860
STARE,4.0,A_dice,A_dice_s1,1,im0005,oracle,0.5,0.25,0.37063,0.79224,56841
STARE,4.0,A_dice,A_dice_s1,1,im0005,oracle,0.5,0.5,0.37269,0.69761,70879
STARE,4.0,A_dice,A_dice_s1,1,im0005,oracle,0.5,1.0,0.38097,0.569,95730
STARE,4.0,A_dice,A_dice_s1,1,im0005,oracle,1.0,0.0,0.37974,0.8051,53376
STARE,4.0,A_dice,A_dice_s1,1,im0005,oracle,1.0,0.25,0.38164,0.75547,62009
STARE,4.0,A_dice,A_dice_s1,1,im0005,oracle,1.0,0.5,0.38251,0.66725,76084
STARE,4.0,A_dice,A_dice_s1,1,im0005,oracle,1.0,1.0,0.38359,0.53644,104112
STARE,4.0,A_dice,A_dice_s1,1,im0005,oracle,1.5,0.0,0.38181,0.77933,57697
STARE,4.0,A_dice,A_dice_s1,1,im0005,oracle,1.5,0.25,0.38369,0.70833,69185
STARE,4.0,A_dice,A_dice_s1,1,im0005,oracle,1.5,0.5,0.38403,0.6338,82258
STARE,4.0,A_dice,A_dice_s1,1,im0005,oracle,1.5,1.0,0.38443,0.51668,109648
STARE,4.0,A_dice,A_dice_s1,1,im0005,oracle,2.0,0.0,0.38309,0.71192,67845
STARE,4.0,A_dice,A_dice_s1,1,im0005,oracle,2.0,0.25,0.38403,0.65074,78948
STARE,4.0,A_dice,A_dice_s1,1,im0005,oracle,2.0,0.5,0.3845,0.58848,91606
STARE,4.0,A_dice,A_dice_s1,1,im0005,oracle,2.0,1.0,0.38477,0.4939,116518
STARE,4.0,A_dice,A_dice_s1,1,im0044,raw,0.0,0.0,0.13836,0.86698,31433
STARE,4.0,A_dice,A_dice_s1,1,im0044,isotropic,0.25,0.25,0.17763,0.77698,44256
STARE,4.0,A_dice,A_dice_s1,1,im0044,isotropic,0.5,0.5,0.18165,0.66803,57000
STARE,4.0,A_dice,A_dice_s1,1,im0044,isotropic,0.75,0.75,0.18691,0.57286,71772
STARE,4.0,A_dice,A_dice_s1,1,im0044,isotropic,1.0,1.0,0.18941,0.51131,84227
STARE,4.0,A_dice,A_dice_s1,1,im0044,isotropic,1.5,1.5,0.20006,0.41297,111753
STARE,4.0,A_dice,A_dice_s1,1,im0044,oracle,0.0,0.25,0.13836,0.86698,31433
STARE,4.0,A_dice,A_dice_s1,1,im0044,oracle,0.0,0.5,0.1542,0.77256,43179
STARE,4.0,A_dice,A_dice_s1,1,im0044,oracle,0.0,1.0,0.18054,0.58906,68314
STARE,4.0,A_dice,A_dice_s1,1,im0044,oracle,0.5,0.0,0.15376,0.85878,33850
STARE,4.0,A_dice,A_dice_s1,1,im0044,oracle,0.5,0.25,0.17799,0.77622,44395
STARE,4.0,A_dice,A_dice_s1,1,im0044,oracle,0.5,0.5,0.18151,0.67508,56067
STARE,4.0,A_dice,A_dice_s1,1,im0044,oracle,0.5,1.0,0.18623,0.541,77579
STARE,4.0,A_dice,A_dice_s1,1,im0044,oracle,1.0,0.0,0.17252,0.82247,39299
STARE,4.0,A_dice,A_dice_s1,1,im0044,oracle,1.0,0.25,0.18193,0.75835,46601
STARE,4.0,A_dice,A_dice_s1,1,im0044,oracle,1.0,0.5,0.18335,0.6559,58902
STARE,4.0,A_dice,A_dice_s1,1,im0044,oracle,1.0,1.0,0.1894,0.51334,83762
STARE,4.0,A_dice,A_dice_s1,1,im0044,oracle,1.5,0.0,0.1767,0.79146,42654
STARE,4.0,A_dice,A_dice_s1,1,im0044,oracle,1.5,0.25,0.1863,0.72342,50574
STARE,4.0,A_dice,A_dice_s1,1,im0044,oracle,1.5,0.5,0.18826,0.63528,62017
STARE,4.0,A_dice,A_dice_s1,1,im0044,oracle,1.5,1.0,0.1908,0.50113,86790
STARE,4.0,A_dice,A_dice_s1,1,im0044,oracle,2.0,0.0,0.17793,0.72441,50023
STARE,4.0,A_dice,A_dice_s1,1,im0044,oracle,2.0,0.25,0.1958,0.67131,57027
STARE,4.0,A_dice,A_dice_s1,1,im0044,oracle,2.0,0.5,0.19838,0.59758,67974
STARE,4.0,A_dice,A_dice_s1,1,im0044,oracle,2.0,1.0,0.19973,0.48666,90416
STARE,4.0,A_dice,A_dice_s1,1,im0077,raw,0.0,0.0,0.27123,0.89067,36444
STARE,4.0,A_dice,A_dice_s1,1,im0077,isotropic,0.25,0.25,0.74617,0.7684,52915
STARE,4.0,A_dice,A_dice_s1,1,im0077,isotropic,0.5,0.5,0.76967,0.65081,69180
STARE,4.0,A_dice,A_dice_s1,1,im0077,isotropic,0.75,0.75,0.79351,0.55253,87866
STARE,4.0,A_dice,A_dice_s1,1,im0077,isotropic,1.0,1.0,0.8033,0.48991,103631
STARE,4.0,A_dice,A_dice_s1,1,im0077,isotropic,1.5,1.5,0.81467,0.39153,138609
STARE,4.0,A_dice,A_dice_s1,1,im0077,oracle,0.0,0.25,0.27123,0.89067,36444
STARE,4.0,A_dice,A_dice_s1,1,im0077,oracle,0.0,0.5,0.31299,0.76886,51248
STARE,4.0,A_dice,A_dice_s1,1,im0077,oracle,0.0,1.0,0.74257,0.57128,83230
STARE,4.0,A_dice,A_dice_s1,1,im0077,oracle,0.5,0.0,0.2943,0.87481,39538
STARE,4.0,A_dice,A_dice_s1,1,im0077,oracle,0.5,0.25,0.74839,0.76714,53128
STARE,4.0,A_dice,A_dice_s1,1,im0077,oracle,0.5,0.5,0.76926,0.6581,68025
STARE,4.0,A_dice,A_dice_s1,1,im0077,oracle,0.5,1.0,0.77827,0.52048,95236
STARE,4.0,A_dice,A_dice_s1,1,im0077,oracle,1.0,0.0,0.73778,0.8265,46313
STARE,4.0,A_dice,A_dice_s1,1,im0077,oracle,1.0,0.25,0.77868,0.74838,55711
STARE,4.0,A_dice,A_dice_s1,1,im0077,oracle,1.0,0.5,0.789,0.6379,71549
STARE,4.0,A_dice,A_dice_s1,1,im0077,oracle,1.0,1.0,0.80309,0.49171,103124
STARE,4.0,A_dice,A_dice_s1,1,im0077,oracle,1.5,0.0,0.75226,0.79922,49645
STARE,4.0,A_dice,A_dice_s1,1,im0077,oracle,1.5,0.25,0.79564,0.7146,60246
STARE,4.0,A_dice,A_dice_s1,1,im0077,oracle,1.5,0.5,0.80501,0.6169,75345
STARE,4.0,A_dice,A_dice_s1,1,im0077,oracle,1.5,1.0,0.81276,0.4787,107042
STARE,4.0,A_dice,A_dice_s1,1,im0077,oracle,2.0,0.0,0.77693,0.73862,56996
STARE,4.0,A_dice,A_dice_s1,1,im0077,oracle,2.0,0.25,0.81088,0.66987,66726
STARE,4.0,A_dice,A_dice_s1,1,im0077,oracle,2.0,0.5,0.81361,0.58387,81670
STARE,4.0,A_dice,A_dice_s1,1,im0077,oracle,2.0,1.0,0.81552,0.46509,111326
STARE,4.0,A_dice,A_dice_s1,1,im0081,raw,0.0,0.0,0.27872,0.89716,32050
STARE,4.0,A_dice,A_dice_s1,1,im0081,isotropic,0.25,0.25,0.52731,0.78608,46815
STARE,4.0,A_dice,A_dice_s1,1,im0081,isotropic,0.5,0.5,0.54749,0.66766,61327
STARE,4.0,A_dice,A_dice_s1,1,im0081,isotropic,0.75,0.75,0.55986,0.56895,77765
STARE,4.0,A_dice,A_dice_s1,1,im0081,isotropic,1.0,1.0,0.56212,0.50527,91726
STARE,4.0,A_dice,A_dice_s1,1,im0081,isotropic,1.5,1.5,0.57029,0.40588,122317
STARE,4.0,A_dice,A_dice_s1,1,im0081,oracle,0.0,0.25,0.27872,0.89716,32050
STARE,4.0,A_dice,A_dice_s1,1,im0081,oracle,0.0,0.5,0.41666,0.78095,45596
STARE,4.0,A_dice,A_dice_s1,1,im0081,oracle,0.0,1.0,0.51516,0.58369,74389
STARE,4.0,A_dice,A_dice_s1,1,im0081,oracle,0.5,0.0,0.34672,0.88798,34862
STARE,4.0,A_dice,A_dice_s1,1,im0081,oracle,0.5,0.25,0.53008,0.78494,47010
STARE,4.0,A_dice,A_dice_s1,1,im0081,oracle,0.5,0.5,0.54714,0.67432,60383
STARE,4.0,A_dice,A_dice_s1,1,im0081,oracle,0.5,1.0,0.55202,0.53652,84251
STARE,4.0,A_dice,A_dice_s1,1,im0081,oracle,1.0,0.0,0.5403,0.84755,40565
STARE,4.0,A_dice,A_dice_s1,1,im0081,oracle,1.0,0.25,0.55459,0.76817,49109
STARE,4.0,A_dice,A_dice_s1,1,im0081,oracle,1.0,0.5,0.56044,0.65665,63135
STARE,4.0,A_dice,A_dice_s1,1,im0081,oracle,1.0,1.0,0.56177,0.50716,91258
STARE,4.0,A_dice,A_dice_s1,1,im0081,oracle,1.5,0.0,0.54278,0.8189,43615
STARE,4.0,A_dice,A_dice_s1,1,im0081,oracle,1.5,0.25,0.56166,0.73653,52805
STARE,4.0,A_dice,A_dice_s1,1,im0081,oracle,1.5,0.5,0.56327,0.63776,66102
STARE,4.0,A_dice,A_dice_s1,1,im0081,oracle,1.5,1.0,0.56549,0.49572,94271
STARE,4.0,A_dice,A_dice_s1,1,im0081,oracle,2.0,0.0,0.54817,0.75574,50360
STARE,4.0,A_dice,A_dice_s1,1,im0081,oracle,2.0,0.25,0.56355,0.69089,58521
STARE,4.0,A_dice,A_dice_s1,1,im0081,oracle,2.0,0.5,0.566,0.60482,71560
STARE,4.0,A_dice,A_dice_s1,1,im0081,oracle,2.0,1.0,0.57146,0.48409,97465
STARE,4.0,A_dice,A_dice_s1,1,im0082,raw,0.0,0.0,0.23602,0.89802,33873
STARE,4.0,A_dice,A_dice_s1,1,im0082,isotropic,0.25,0.25,0.30063,0.78138,49170
STARE,4.0,A_dice,A_dice_s1,1,im0082,isotropic,0.5,0.5,0.56576,0.66409,64219
STARE,4.0,A_dice,A_dice_s1,1,im0082,isotropic,0.75,0.75,0.58506,0.56444,81806
STARE,4.0,A_dice,A_dice_s1,1,im0082,isotropic,1.0,1.0,0.59763,0.50337,96137
STARE,4.0,A_dice,A_dice_s1,1,im0082,isotropic,1.5,1.5,0.63623,0.40507,128348
STARE,4.0,A_dice,A_dice_s1,1,im0082,oracle,0.0,0.25,0.23602,0.89802,33873
STARE,4.0,A_dice,A_dice_s1,1,im0082,oracle,0.0,0.5,0.26036,0.77579,48088
STARE,4.0,A_dice,A_dice_s1,1,im0082,oracle,0.0,1.0,0.54984,0.5798,77945
STARE,4.0,A_dice,A_dice_s1,1,im0082,oracle,0.5,0.0,0.25464,0.88547,36639
STARE,4.0,A_dice,A_dice_s1,1,im0082,oracle,0.5,0.25,0.30532,0.7804,49366
STARE,4.0,A_dice,A_dice_s1,1,im0082,oracle,0.5,0.5,0.56559,0.67059,63268
STARE,4.0,A_dice,A_dice_s1,1,im0082,oracle,0.5,1.0,0.58361,0.52893,89417
STARE,4.0,A_dice,A_dice_s1,1,im0082,oracle,1.0,0.0,0.54713,0.84248,42483
STARE,4.0,A_dice,A_dice_s1,1,im0082,oracle,1.0,0.25,0.5732,0.76573,51323
STARE,4.0,A_dice,A_dice_s1,1,im0082,oracle,1.0,0.5,0.58291,0.65345,66094
STARE,4.0,A_dice,A_dice_s1,1,im0082,oracle,1.0,1.0,0.59763,0.50476,95773
STARE,4.0,A_dice,A_dice_s1,1,im0082,oracle,1.5,0.0,0.55113,0.81453,45700
STARE,4.0,A_dice,A_dice_s1,1,im0082,oracle,1.5,0.25,0.58141,0.73428,55138
STARE,4.0,A_dice,A_dice_s1,1,im0082,oracle,1.5,0.5,0.59318,0.63498,69175
STARE,4.0,A_dice,A_dice_s1,1,im0082,oracle,1.5,1.0,0.60947,0.49349,98980
STARE,4.0,A_dice,A_dice_s1,1,im0082,oracle,2.0,0.0,0.56331,0.75534,52339
STARE,4.0,A_dice,A_dice_s1,1,im0082,oracle,2.0,0.25,0.59472,0.69212,60677
STARE,4.0,A_dice,A_dice_s1,1,im0082,oracle,2.0,0.5,0.60413,0.60296,74800
STARE,4.0,A_dice,A_dice_s1,1,im0082,oracle,2.0,1.0,0.63329,0.48199,102358
STARE,4.0,A_dice,A_dice_s1,1,im0139,raw,0.0,0.0,0.57857,0.87411,35676
STARE,4.0,A_dice,A_dice_s1,1,im0139,isotropic,0.25,0.25,0.71081,0.77132,50896
STARE,4.0,A_dice,A_dice_s1,1,im0139,isotropic,0.5,0.5,0.72886,0.66118,65870
STARE,4.0,A_dice,A_dice_s1,1,im0139,isotropic,0.75,0.75,0.77517,0.56784,82937
STARE,4.0,A_dice,A_dice_s1,1,im0139,isotropic,1.0,1.0,0.78883,0.50809,97214
STARE,4.0,A_dice,A_dice_s1,1,im0139,isotropic,1.5,1.5,0.85523,0.4132,128232
STARE,4.0,A_dice,A_dice_s1,1,im0139,oracle,0.0,0.25,0.57857,0.87411,35676
STARE,4.0,A_dice,A_dice_s1,1,im0139,oracle,0.0,0.5,0.62533,0.76525,49991
STARE,4.0,A_dice,A_dice_s1,1,im0139,oracle,0.0,1.0,0.71508,0.57932,79435
STARE,4.0,A_dice,A_dice_s1,1,im0139,oracle,0.5,0.0,0.63025,0.86358,38520
STARE,4.0,A_dice,A_dice_s1,1,im0139,oracle,0.5,0.25,0.71279,0.77117,51047
STARE,4.0,A_dice,A_dice_s1,1,im0139,oracle,0.5,0.5,0.72786,0.66694,64971
STARE,4.0,A_dice,A_dice_s1,1,im0139,oracle,0.5,1.0,0.75251,0.53557,89646
STARE,4.0,A_dice,A_dice_s1,1,im0139,oracle,1.0,0.0,0.70183,0.8273,44403
STARE,4.0,A_dice,A_dice_s1,1,im0139,oracle,1.0,0.25,0.73811,0.75908,53088
STARE,4.0,A_dice,A_dice_s1,1,im0139,oracle,1.0,0.5,0.77291,0.65257,67746
STARE,4.0,A_dice,A_dice_s1,1,im0139,oracle,1.0,1.0,0.78862,0.50964,96793
STARE,4.0,A_dice,A_dice_s1,1,im0139,oracle,1.5,0.0,0.71563,0.80482,47502
STARE,4.0,A_dice,A_dice_s1,1,im0139,oracle,1.5,0.25,0.77378,0.73029,57058
STARE,4.0,A_dice,A_dice_s1,1,im0139,oracle,1.5,0.5,0.78947,0.63616,70897
STARE,4.0,A_dice,A_dice_s1,1,im0139,oracle,1.5,1.0,0.81458,0.49894,100120
STARE,4.0,A_dice,A_dice_s1,1,im0139,oracle,2.0,0.0,0.75745,0.74549,54695
STARE,4.0,A_dice,A_dice_s1,1,im0139,oracle,2.0,0.25,0.7934,0.68633,63231
STARE,4.0,A_dice,A_dice_s1,1,im0139,oracle,2.0,0.5,0.81856,0.60445,76705
STARE,4.0,A_dice,A_dice_s1,1,im0139,oracle,2.0,1.0,0.84456,0.48734,103666
STARE,4.0,A_dice,A_dice_s1,1,im0162,raw,0.0,0.0,0.17437,0.8531,27274
STARE,4.0,A_dice,A_dice_s1,1,im0162,isotropic,0.25,0.25,0.622,0.74695,44350
STARE,4.0,A_dice,A_dice_s1,1,im0162,isotropic,0.5,0.5,0.688,0.6164,60949
STARE,4.0,A_dice,A_dice_s1,1,im0162,isotropic,0.75,0.75,0.71484,0.51515,79486
STARE,4.0,A_dice,A_dice_s1,1,im0162,isotropic,1.0,1.0,0.73341,0.45253,95199
STARE,4.0,A_dice,A_dice_s1,1,im0162,isotropic,1.5,1.5,0.77499,0.35917,129117
STARE,4.0,A_dice,A_dice_s1,1,im0162,oracle,0.0,0.25,0.17437,0.8531,27274
STARE,4.0,A_dice,A_dice_s1,1,im0162,oracle,0.0,0.5,0.20679,0.73966,42059
STARE,4.0,A_dice,A_dice_s1,1,im0162,oracle,0.0,1.0,0.56169,0.52782,75329
STARE,4.0,A_dice,A_dice_s1,1,im0162,oracle,0.5,0.0,0.21317,0.85303,30357
STARE,4.0,A_dice,A_dice_s1,1,im0162,oracle,0.5,0.25,0.65504,0.74644,44511
STARE,4.0,A_dice,A_dice_s1,1,im0162,oracle,0.5,0.5,0.68739,0.62403,59816
STARE,4.0,A_dice,A_dice_s1,1,im0162,oracle,0.5,1.0,0.71121,0.48007,87311
STARE,4.0,A_dice,A_dice_s1,1,im0162,oracle,1.0,0.0,0.61991,0.81878,36727
STARE,4.0,A_dice,A_dice_s1,1,im0162,oracle,1.0,0.25,0.70274,0.73493,46274
STARE,4.0,A_dice,A_dice_s1,1,im0162,oracle,1.0,0.5,0.71326,0.60835,62619
STARE,4.0,A_dice,A_dice_s1,1,im0162,oracle,1.0,1.0,0.73293,0.4543,94698
STARE,4.0,A_dice,A_dice_s1,1,im0162,oracle,1.5,0.0,0.6686,0.79287,39824
STARE,4.0,A_dice,A_dice_s1,1,im0162,oracle,1.5,0.25,0.73224,0.70494,49926
STARE,4.0,A_dice,A_dice_s1,1,im0162,oracle,1.5,0.5,0.74233,0.59333,65345
STARE,4.0,A_dice,A_dice_s1,1,im0162,oracle,1.5,1.0,0.758,0.44517,97731
STARE,4.0,A_dice,A_dice_s1,1,im0162,oracle,2.0,0.0,0.69887,0.72963,46585
STARE,4.0,A_dice,A_dice_s1,1,im0162,oracle,2.0,0.25,0.74329,0.66151,55439
STARE,4.0,A_dice,A_dice_s1,1,im0162,oracle,2.0,0.5,0.75476,0.56492,70451
STARE,4.0,A_dice,A_dice_s1,1,im0162,oracle,2.0,1.0,0.77122,0.43671,100607
STARE,4.0,A_dice,A_dice_s1,1,im0163,raw,0.0,0.0,0.37416,0.88078,36249
STARE,4.0,A_dice,A_dice_s1,1,im0163,isotropic,0.25,0.25,0.48707,0.75839,51728
STARE,4.0,A_dice,A_dice_s1,1,im0163,isotropic,0.5,0.5,0.81467,0.64644,66909
STARE,4.0,A_dice,A_dice_s1,1,im0163,isotropic,0.75,0.75,0.86441,0.55399,83844
STARE,4.0,A_dice,A_dice_s1,1,im0163,isotropic,1.0,1.0,0.87002,0.49342,98314
STARE,4.0,A_dice,A_dice_s1,1,im0163,isotropic,1.5,1.5,0.88199,0.39865,129856
STARE,4.0,A_dice,A_dice_s1,1,im0163,oracle,0.0,0.25,0.37416,0.88078,36249
STARE,4.0,A_dice,A_dice_s1,1,im0163,oracle,0.0,0.5,0.40381,0.7589,50182
STARE,4.0,A_dice,A_dice_s1,1,im0163,oracle,0.0,1.0,0.76699,0.56676,80619
STARE,4.0,A_dice,A_dice_s1,1,im0163,oracle,0.5,0.0,0.41709,0.864,39219
STARE,4.0,A_dice,A_dice_s1,1,im0163,oracle,0.5,0.25,0.52042,0.75751,51924
STARE,4.0,A_dice,A_dice_s1,1,im0163,oracle,0.5,0.5,0.52443,0.65249,65969
STARE,4.0,A_dice,A_dice_s1,1,im0163,oracle,0.5,1.0,0.84419,0.523,90668
STARE,4.0,A_dice,A_dice_s1,1,im0163,oracle,1.0,0.0,0.4925,0.81966,45091
STARE,4.0,A_dice,A_dice_s1,1,im0163,oracle,1.0,0.25,0.53348,0.74498,53729
STARE,4.0,A_dice,A_dice_s1,1,im0163,oracle,1.0,0.5,0.86307,0.63719,68597
STARE,4.0,A_dice,A_dice_s1,1,im0163,oracle,1.0,1.0,0.87002,0.49494,97911
STARE,4.0,A_dice,A_dice_s1,1,im0163,oracle,1.5,0.0,0.53373,0.79479,47939
STARE,4.0,A_dice,A_dice_s1,1,im0163,oracle,1.5,0.25,0.86554,0.71865,57118
STARE,4.0,A_dice,A_dice_s1,1,im0163,oracle,1.5,0.5,0.86869,0.62218,71180
STARE,4.0,A_dice,A_dice_s1,1,im0163,oracle,1.5,1.0,0.87566,0.48498,100752
STARE,4.0,A_dice,A_dice_s1,1,im0163,oracle,2.0,0.0,0.54782,0.73854,54473
STARE,4.0,A_dice,A_dice_s1,1,im0163,oracle,2.0,0.25,0.86801,0.67993,62327
STARE,4.0,A_dice,A_dice_s1,1,im0163,oracle,2.0,0.5,0.87387,0.59597,75865
STARE,4.0,A_dice,A_dice_s1,1,im0163,oracle,2.0,1.0,0.88109,0.47571,103509
STARE,4.0,A_dice,A_dice_s1,1,im0235,raw,0.0,0.0,0.1499,0.86677,35716
STARE,4.0,A_dice,A_dice_s1,1,im0235,isotropic,0.25,0.25,0.6283,0.80084,50863
STARE,4.0,A_dice,A_dice_s1,1,im0235,isotropic,0.5,0.5,0.65628,0.6981,65714
STARE,4.0,A_dice,A_dice_s1,1,im0235,isotropic,0.75,0.75,0.69884,0.60673,82188
STARE,4.0,A_dice,A_dice_s1,1,im0235,isotropic,1.0,1.0,0.70661,0.54477,96377
STARE,4.0,A_dice,A_dice_s1,1,im0235,isotropic,1.5,1.5,0.78589,0.44662,127075
STARE,4.0,A_dice,A_dice_s1,1,im0235,oracle,0.0,0.25,0.1499,0.86677,35716
STARE,4.0,A_dice,A_dice_s1,1,im0235,oracle,0.0,0.5,0.41603,0.79313,49253
STARE,4.0,A_dice,A_dice_s1,1,im0235,oracle,0.0,1.0,0.58712,0.61764,78658
STARE,4.0,A_dice,A_dice_s1,1,im0235,oracle,0.5,0.0,0.21162,0.86621,38576
STARE,4.0,A_dice,A_dice_s1,1,im0235,oracle,0.5,0.25,0.63013,0.80031,51082
STARE,4.0,A_dice,A_dice_s1,1,im0235,oracle,0.5,0.5,0.65516,0.70662,64424
STARE,4.0,A_dice,A_dice_s1,1,im0235,oracle,0.5,1.0,0.67757,0.57703,88077
STARE,4.0,A_dice,A_dice_s1,1,im0235,oracle,1.0,0.0,0.62997,0.84749,44530
STARE,4.0,A_dice,A_dice_s1,1,im0235,oracle,1.0,0.25,0.68349,0.79026,53267
STARE,4.0,A_dice,A_dice_s1,1,im0235,oracle,1.0,0.5,0.68829,0.68982,67669
STARE,4.0,A_dice,A_dice_s1,1,im0235,oracle,1.0,1.0,0.70622,0.54699,95818
STARE,4.0,A_dice,A_dice_s1,1,im0235,oracle,1.5,0.0,0.67171,0.83208,47464
STARE,4.0,A_dice,A_dice_s1,1,im0235,oracle,1.5,0.25,0.69849,0.76506,57029
STARE,4.0,A_dice,A_dice_s1,1,im0235,oracle,1.5,0.5,0.76269,0.6742,70655
STARE,4.0,A_dice,A_dice_s1,1,im0235,oracle,1.5,1.0,0.77019,0.53591,99155
STARE,4.0,A_dice,A_dice_s1,1,im0235,oracle,2.0,0.0,0.74044,0.7829,54134
STARE,4.0,A_dice,A_dice_s1,1,im0235,oracle,2.0,0.25,0.76553,0.72621,62768
STARE,4.0,A_dice,A_dice_s1,1,im0235,oracle,2.0,0.5,0.77121,0.645,76011
STARE,4.0,A_dice,A_dice_s1,1,im0235,oracle,2.0,1.0,0.78916,0.5244,102586
STARE,4.0,A_dice,A_dice_s1,1,im0236,raw,0.0,0.0,0.20723,0.86701,35413
STARE,4.0,A_dice,A_dice_s1,1,im0236,isotropic,0.25,0.25,0.6913,0.81358,50005
STARE,4.0,A_dice,A_dice_s1,1,im0236,isotropic,0.5,0.5,0.738,0.71444,64199
STARE,4.0,A_dice,A_dice_s1,1,im0236,isotropic,0.75,0.75,0.75219,0.62372,79891
STARE,4.0,A_dice,A_dice_s1,1,im0236,isotropic,1.0,1.0,0.76733,0.56232,93280
STARE,4.0,A_dice,A_dice_s1,1,im0236,isotropic,1.5,1.5,0.78286,0.46447,121935
STARE,4.0,A_dice,A_dice_s1,1,im0236,oracle,0.0,0.25,0.20723,0.86701,35413
STARE,4.0,A_dice,A_dice_s1,1,im0236,oracle,0.0,0.5,0.30561,0.80407,48371
STARE,4.0,A_dice,A_dice_s1,1,im0236,oracle,0.0,1.0,0.72772,0.63471,76650
STARE,4.0,A_dice,A_dice_s1,1,im0236,oracle,0.5,0.0,0.25374,0.86944,38087
STARE,4.0,A_dice,A_dice_s1,1,im0236,oracle,0.5,0.25,0.69443,0.8134,50170
STARE,4.0,A_dice,A_dice_s1,1,im0236,oracle,0.5,0.5,0.73719,0.72275,62948
STARE,4.0,A_dice,A_dice_s1,1,im0236,oracle,0.5,1.0,0.75036,0.59345,85729
STARE,4.0,A_dice,A_dice_s1,1,im0236,oracle,1.0,0.0,0.71054,0.85593,43817
STARE,4.0,A_dice,A_dice_s1,1,im0236,oracle,1.0,0.25,0.74377,0.80477,52098
STARE,4.0,A_dice,A_dice_s1,1,im0236,oracle,1.0,0.5,0.75179,0.70659,65893
STARE,4.0,A_dice,A_dice_s1,1,im0236,oracle,1.0,1.0,0.76733,0.56449,92763
STARE,4.0,A_dice,A_dice_s1,1,im0236,oracle,1.5,0.0,0.73107,0.8424,46460
STARE,4.0,A_dice,A_dice_s1,1,im0236,oracle,1.5,0.25,0.7526,0.78153,55563
STARE,4.0,A_dice,A_dice_s1,1,im0236,oracle,1.5,0.5,0.76694,0.69249,68454
STARE,4.0,A_dice,A_dice_s1,1,im0236,oracle,1.5,1.0,0.77457,0.55415,95621
STARE,4.0,A_dice,A_dice_s1,1,im0236,oracle,2.0,0.0,0.7517,0.79502,52855
STARE,4.0,A_dice,A_dice_s1,1,im0236,oracle,2.0,0.25,0.76403,0.74252,60959
STARE,4.0,A_dice,A_dice_s1,1,im0236,oracle,2.0,0.5,0.77148,0.66418,73299
STARE,4.0,A_dice,A_dice_s1,1,im0236,oracle,2.0,1.0,0.77977,0.54373,98491
STARE,4.0,A_dice,A_dice_s1,1,im0239,raw,0.0,0.0,0.09348,0.80232,28518
STARE,4.0,A_dice,A_dice_s1,1,im0239,isotropic,0.25,0.25,0.38681,0.78696,41748
STARE,4.0,A_dice,A_dice_s1,1,im0239,isotropic,0.5,0.5,0.44668,0.6962,54748
STARE,4.0,A_dice,A_dice_s1,1,im0239,isotropic,0.75,0.75,0.48922,0.60729,69817
STARE,4.0,A_dice,A_dice_s1,1,im0239,isotropic,1.0,1.0,0.51988,0.54862,82332
STARE,4.0,A_dice,A_dice_s1,1,im0239,isotropic,1.5,1.5,0.54184,0.4519,110378
STARE,4.0,A_dice,A_dice_s1,1,im0239,oracle,0.0,0.25,0.09348,0.80232,28518
STARE,4.0,A_dice,A_dice_s1,1,im0239,oracle,0.0,0.5,0.11846,0.76412,40469
STARE,4.0,A_dice,A_dice_s1,1,im0239,oracle,0.0,1.0,0.22641,0.61358,66568
STARE,4.0,A_dice,A_dice_s1,1,im0239,oracle,0.5,0.0,0.11094,0.81449,30939
STARE,4.0,A_dice,A_dice_s1,1,im0239,oracle,0.5,0.25,0.39394,0.78783,41893
STARE,4.0,A_dice,A_dice_s1,1,im0239,oracle,0.5,0.5,0.41174,0.7016,53857
STARE,4.0,A_dice,A_dice_s1,1,im0239,oracle,0.5,1.0,0.48511,0.57026,76315
STARE,4.0,A_dice,A_dice_s1,1,im0239,oracle,1.0,0.0,0.2116,0.82328,36007
STARE,4.0,A_dice,A_dice_s1,1,im0239,oracle,1.0,0.25,0.46039,0.78573,43518
STARE,4.0,A_dice,A_dice_s1,1,im0239,oracle,1.0,0.5,0.46964,0.69285,56349
STARE,4.0,A_dice,A_dice_s1,1,im0239,oracle,1.0,1.0,0.5197,0.55006,81994
STARE,4.0,A_dice,A_dice_s1,1,im0239,oracle,1.5,0.0,0.41681,0.81733,38608
STARE,4.0,A_dice,A_dice_s1,1,im0239,oracle,1.5,0.25,0.47022,0.76891,46648
STARE,4.0,A_dice,A_dice_s1,1,im0239,oracle,1.5,0.5,0.50122,0.68482,58681
STARE,4.0,A_dice,A_dice_s1,1,im0239,oracle,1.5,1.0,0.53121,0.5438,84606
STARE,4.0,A_dice,A_dice_s1,1,im0239,oracle,2.0,0.0,0.46118,0.78454,44021
STARE,4.0,A_dice,A_dice_s1,1,im0239,oracle,2.0,0.25,0.50928,0.74104,51095
STARE,4.0,A_dice,A_dice_s1,1,im0239,oracle,2.0,0.5,0.51811,0.66123,63064
STARE,4.0,A_dice,A_dice_s1,1,im0239,oracle,2.0,1.0,0.55076,0.53742,87158
STARE,4.0,A_dice,A_dice_s1,1,im0240,raw,0.0,0.0,0.06012,0.7556,30023
STARE,4.0,A_dice,A_dice_s1,1,im0240,isotropic,0.25,0.25,0.15571,0.79203,42632
STARE,4.0,A_dice,A_dice_s1,1,im0240,isotropic,0.5,0.5,0.2395,0.73356,55165
STARE,4.0,A_dice,A_dice_s1,1,im0240,isotropic,0.75,0.75,0.25428,0.65451,69764
STARE,4.0,A_dice,A_dice_s1,1,im0240,isotropic,1.0,1.0,0.26895,0.59726,82117
STARE,4.0,A_dice,A_dice_s1,1,im0240,isotropic,1.5,1.5,0.29528,0.50031,109738
STARE,4.0,A_dice,A_dice_s1,1,im0240,oracle,0.0,0.25,0.06012,0.7556,30023
STARE,4.0,A_dice,A_dice_s1,1,im0240,oracle,0.0,0.5,0.12794,0.76974,41362
STARE,4.0,A_dice,A_dice_s1,1,im0240,oracle,0.0,1.0,0.21791,0.65802,66277
STARE,4.0,A_dice,A_dice_s1,1,im0240,oracle,0.5,0.0,0.10816,0.77343,32616
STARE,4.0,A_dice,A_dice_s1,1,im0240,oracle,0.5,0.25,0.15642,0.79304,42813
STARE,4.0,A_dice,A_dice_s1,1,im0240,oracle,0.5,0.5,0.23278,0.73585,54500
STARE,4.0,A_dice,A_dice_s1,1,im0240,oracle,0.5,1.0,0.25227,0.62019,75485
STARE,4.0,A_dice,A_dice_s1,1,im0240,oracle,1.0,0.0,0.15316,0.79791,38105
STARE,4.0,A_dice,A_dice_s1,1,im0240,oracle,1.0,0.25,0.22038,0.79463,45075
STARE,4.0,A_dice,A_dice_s1,1,im0240,oracle,1.0,0.5,0.25628,0.73066,57239
STARE,4.0,A_dice,A_dice_s1,1,im0240,oracle,1.0,1.0,0.2689,0.59845,81810
STARE,4.0,A_dice,A_dice_s1,1,im0240,oracle,1.5,0.0,0.16967,0.8038,40743
STARE,4.0,A_dice,A_dice_s1,1,im0240,oracle,1.5,0.25,0.24203,0.78504,48533
STARE,4.0,A_dice,A_dice_s1,1,im0240,oracle,1.5,0.5,0.27343,0.7239,59932
STARE,4.0,A_dice,A_dice_s1,1,im0240,oracle,1.5,1.0,0.28859,0.59211,84864
STARE,4.0,A_dice,A_dice_s1,1,im0240,oracle,2.0,0.0,0.24657,0.79002,46185
STARE,4.0,A_dice,A_dice_s1,1,im0240,oracle,2.0,0.25,0.27401,0.76569,53122
STARE,4.0,A_dice,A_dice_s1,1,im0240,oracle,2.0,0.5,0.28243,0.70271,64488
STARE,4.0,A_dice,A_dice_s1,1,im0240,oracle,2.0,1.0,0.29915,0.58473,87878
STARE,4.0,A_dice,A_dice_s1,1,im0255,raw,0.0,0.0,0.37822,0.83738,30503
STARE,4.0,A_dice,A_dice_s1,1,im0255,isotropic,0.25,0.25,0.67676,0.81616,47458
STARE,4.0,A_dice,A_dice_s1,1,im0255,isotropic,0.5,0.5,0.72046,0.69659,64091
STARE,4.0,A_dice,A_dice_s1,1,im0255,isotropic,0.75,0.75,0.74416,0.59161,83012
STARE,4.0,A_dice,A_dice_s1,1,im0255,isotropic,1.0,1.0,0.76526,0.52535,98993
STARE,4.0,A_dice,A_dice_s1,1,im0255,isotropic,1.5,1.5,0.81555,0.42216,134133
STARE,4.0,A_dice,A_dice_s1,1,im0255,oracle,0.0,0.25,0.37822,0.83738,30503
STARE,4.0,A_dice,A_dice_s1,1,im0255,oracle,0.0,0.5,0.4935,0.79142,46270
STARE,4.0,A_dice,A_dice_s1,1,im0255,oracle,0.0,1.0,0.63228,0.60166,79253
STARE,4.0,A_dice,A_dice_s1,1,im0255,oracle,0.5,0.0,0.47651,0.85263,33631
STARE,4.0,A_dice,A_dice_s1,1,im0255,oracle,0.5,0.25,0.68842,0.81606,47627
STARE,4.0,A_dice,A_dice_s1,1,im0255,oracle,0.5,0.5,0.71871,0.70492,62798
STARE,4.0,A_dice,A_dice_s1,1,im0255,oracle,0.5,1.0,0.73719,0.55472,90767
STARE,4.0,A_dice,A_dice_s1,1,im0255,oracle,1.0,0.0,0.63972,0.85527,39801
STARE,4.0,A_dice,A_dice_s1,1,im0255,oracle,1.0,0.25,0.73089,0.80639,49648
STARE,4.0,A_dice,A_dice_s1,1,im0255,oracle,1.0,0.5,0.74594,0.68869,65964
STARE,4.0,A_dice,A_dice_s1,1,im0255,oracle,1.0,1.0,0.76493,0.52773,98353
STARE,4.0,A_dice,A_dice_s1,1,im0255,oracle,1.5,0.0,0.6961,0.84211,43151
STARE,4.0,A_dice,A_dice_s1,1,im0255,oracle,1.5,0.25,0.74838,0.77753,53785
STARE,4.0,A_dice,A_dice_s1,1,im0255,oracle,1.5,0.5,0.76165,0.67163,69245
STARE,4.0,A_dice,A_dice_s1,1,im0255,oracle,1.5,1.0,0.78217,0.51677,102013
STARE,4.0,A_dice,A_dice_s1,1,im0255,oracle,2.0,0.0,0.71954,0.7902,50381
STARE,4.0,A_dice,A_dice_s1,1,im0255,oracle,2.0,0.25,0.75984,0.7325,60036
STARE,4.0,A_dice,A_dice_s1,1,im0255,oracle,2.0,0.5,0.79981,0.63743,75446
STARE,4.0,A_dice,A_dice_s1,1,im0255,oracle,2.0,1.0,0.81657,0.50556,105725
STARE,4.0,A_dice,A_dice_s1,1,im0291,raw,0.0,0.0,0.06259,0.78712,16523
STARE,4.0,A_dice,A_dice_s1,1,im0291,isotropic,0.25,0.25,0.17288,0.77777,24516
STARE,4.0,A_dice,A_dice_s1,1,im0291,isotropic,0.5,0.5,0.22558,0.69027,32454
STARE,4.0,A_dice,A_dice_s1,1,im0291,isotropic,0.75,0.75,0.25733,0.59887,41774
STARE,4.0,A_dice,A_dice_s1,1,im0291,isotropic,1.0,1.0,0.49913,0.53856,49553
STARE,4.0,A_dice,A_dice_s1,1,im0291,isotropic,1.5,1.5,0.62452,0.43901,67227
STARE,4.0,A_dice,A_dice_s1,1,im0291,oracle,0.0,0.25,0.06259,0.78712,16523
STARE,4.0,A_dice,A_dice_s1,1,im0291,oracle,0.0,0.5,0.07535,0.76273,24373
STARE,4.0,A_dice,A_dice_s1,1,im0291,oracle,0.0,1.0,0.19183,0.60191,40272
STARE,4.0,A_dice,A_dice_s1,1,im0291,oracle,0.5,0.0,0.11742,0.80229,17989
STARE,4.0,A_dice,A_dice_s1,1,im0291,oracle,0.5,0.25,0.17697,0.77839,24569
STARE,4.0,A_dice,A_dice_s1,1,im0291,oracle,0.5,0.5,0.22537,0.6924,32187
STARE,4.0,A_dice,A_dice_s1,1,im0291,oracle,0.5,1.0,0.25982,0.56269,45656
STARE,4.0,A_dice,A_dice_s1,1,im0291,oracle,1.0,0.0,0.17384,0.81028,20829
STARE,4.0,A_dice,A_dice_s1,1,im0291,oracle,1.0,0.25,0.24061,0.7808,25447
STARE,4.0,A_dice,A_dice_s1,1,im0291,oracle,1.0,0.5,0.24416,0.68887,33280
STARE,4.0,A_dice,A_dice_s1,1,im0291,oracle,1.0,1.0,0.49885,0.53934,49435
STARE,4.0,A_dice,A_dice_s1,1,im0291,oracle,1.5,0.0,0.23767,0.81212,22226
STARE,4.0,A_dice,A_dice_s1,1,im0291,oracle,1.5,0.25,0.25826,0.77048,27027
STARE,4.0,A_dice,A_dice_s1,1,im0291,oracle,1.5,0.5,0.48893,0.68374,34425
STARE,4.0,A_dice,A_dice_s1,1,im0291,oracle,1.5,1.0,0.59564,0.53459,50779
STARE,4.0,A_dice,A_dice_s1,1,im0291,oracle,2.0,0.0,0.4891,0.79298,24760
STARE,4.0,A_dice,A_dice_s1,1,im0291,oracle,2.0,0.25,0.5018,0.75311,28984
STARE,4.0,A_dice,A_dice_s1,1,im0291,oracle,2.0,0.5,0.5097,0.66605,36605
STARE,4.0,A_dice,A_dice_s1,1,im0291,oracle,2.0,1.0,0.62864,0.53137,52004
STARE,4.0,A_dice,A_dice_s1,1,im0319,raw,0.0,0.0,0.05492,0.76413,18068
STARE,4.0,A_dice,A_dice_s1,1,im0319,isotropic,0.25,0.25,0.13277,0.69081,26358
STARE,4.0,A_dice,A_dice_s1,1,im0319,isotropic,0.5,0.5,0.19186,0.601,34723
STARE,4.0,A_dice,A_dice_s1,1,im0319,isotropic,0.75,0.75,0.21538,0.51844,44563
STARE,4.0,A_dice,A_dice_s1,1,im0319,isotropic,1.0,1.0,0.22228,0.4616,53207
STARE,4.0,A_dice,A_dice_s1,1,im0319,isotropic,1.5,1.5,0.25056,0.36838,73215
STARE,4.0,A_dice,A_dice_s1,1,im0319,oracle,0.0,0.25,0.05492,0.76413,18068
STARE,4.0,A_dice,A_dice_s1,1,im0319,oracle,0.0,0.5,0.06991,0.68393,25546
STARE,4.0,A_dice,A_dice_s1,1,im0319,oracle,0.0,1.0,0.1429,0.52405,42009
STARE,4.0,A_dice,A_dice_s1,1,im0319,oracle,0.5,0.0,0.06132,0.75566,19825
STARE,4.0,A_dice,A_dice_s1,1,im0319,oracle,0.5,0.25,0.13364,0.69121,26468
STARE,4.0,A_dice,A_dice_s1,1,im0319,oracle,0.5,0.5,0.19175,0.60354,34381
STARE,4.0,A_dice,A_dice_s1,1,im0319,oracle,0.5,1.0,0.21256,0.48804,48004
STARE,4.0,A_dice,A_dice_s1,1,im0319,oracle,1.0,0.0,0.13661,0.7334,23503
STARE,4.0,A_dice,A_dice_s1,1,im0319,oracle,1.0,0.25,0.17218,0.68457,28146
STARE,4.0,A_dice,A_dice_s1,1,im0319,oracle,1.0,0.5,0.19853,0.59456,36286
STARE,4.0,A_dice,A_dice_s1,1,im0319,oracle,1.0,1.0,0.222,0.46241,53043
STARE,4.0,A_dice,A_dice_s1,1,im0319,oracle,1.5,0.0,0.14156,0.72336,25263
STARE,4.0,A_dice,A_dice_s1,1,im0319,oracle,1.5,0.25,0.17907,0.66135,30740
STARE,4.0,A_dice,A_dice_s1,1,im0319,oracle,1.5,0.5,0.22317,0.58369,38395
STARE,4.0,A_dice,A_dice_s1,1,im0319,oracle,1.5,1.0,0.24396,0.45425,55481
STARE,4.0,A_dice,A_dice_s1,1,im0319,oracle,2.0,0.0,0.20328,0.68475,28946
STARE,4.0,A_dice,A_dice_s1,1,im0319,oracle,2.0,0.25,0.21114,0.6304,34188
STARE,4.0,A_dice,A_dice_s1,1,im0319,oracle,2.0,0.5,0.26268,0.55883,41838
STARE,4.0,A_dice,A_dice_s1,1,im0319,oracle,2.0,1.0,0.26752,0.4449,58096
STARE,4.0,A_dice,A_dice_s1,1,im0324,raw,0.0,0.0,0.02766,0.7006,22998
STARE,4.0,A_dice,A_dice_s1,1,im0324,isotropic,0.25,0.25,0.04463,0.68357,31344
STARE,4.0,A_dice,A_dice_s1,1,im0324,isotropic,0.5,0.5,0.06652,0.63484,39725
STARE,4.0,A_dice,A_dice_s1,1,im0324,isotropic,0.75,0.75,0.07017,0.5796,49437
STARE,4.0,A_dice,A_dice_s1,1,im0324,isotropic,1.0,1.0,0.10228,0.53477,58075
STARE,4.0,A_dice,A_dice_s1,1,im0324,isotropic,1.5,1.5,0.18918,0.45142,77716
STARE,4.0,A_dice,A_dice_s1,1,im0324,oracle,0.0,0.25,0.02766,0.7006,22998
STARE,4.0,A_dice,A_dice_s1,1,im0324,oracle,0.0,0.5,0.03309,0.67416,30069
STARE,4.0,A_dice,A_dice_s1,1,im0324,oracle,0.0,1.0,0.04751,0.58093,46457
STARE,4.0,A_dice,A_dice_s1,1,im0324,oracle,0.5,0.0,0.02984,0.70412,24937
STARE,4.0,A_dice,A_dice_s1,1,im0324,oracle,0.5,0.25,0.04772,0.68444,31508
STARE,4.0,A_dice,A_dice_s1,1,im0324,oracle,0.5,0.5,0.06636,0.63638,39274
STARE,4.0,A_dice,A_dice_s1,1,im0324,oracle,0.5,1.0,0.06903,0.55539,52641
STARE,4.0,A_dice,A_dice_s1,1,im0324,oracle,1.0,0.0,0.05801,0.70507,29044
STARE,4.0,A_dice,A_dice_s1,1,im0324,oracle,1.0,0.25,0.08515,0.68435,33678
STARE,4.0,A_dice,A_dice_s1,1,im0324,oracle,1.0,0.5,0.09591,0.63266,41631
STARE,4.0,A_dice,A_dice_s1,1,im0324,oracle,1.0,1.0,0.10221,0.53569,57834
STARE,4.0,A_dice,A_dice_s1,1,im0324,oracle,1.5,0.0,0.08465,0.70455,31028
STARE,4.0,A_dice,A_dice_s1,1,im0324,oracle,1.5,0.25,0.09355,0.67489,36550
STARE,4.0,A_dice,A_dice_s1,1,im0324,oracle,1.5,0.5,0.10437,0.6279,44040
STARE,4.0,A_dice,A_dice_s1,1,im0324,oracle,1.5,1.0,0.18564,0.52933,60560
STARE,4.0,A_dice,A_dice_s1,1,im0324,oracle,2.0,0.0,0.09575,0.69187,34875
STARE,4.0,A_dice,A_dice_s1,1,im0324,oracle,2.0,0.25,0.10981,0.66173,40036
STARE,4.0,A_dice,A_dice_s1,1,im0324,oracle,2.0,0.5,0.11314,0.61177,47682
STARE,4.0,A_dice,A_dice_s1,1,im0324,oracle,2.0,1.0,0.19219,0.52179,63458
STARE,4.0,A_dice,A_dice_s2,2,im0001,raw,0.0,0.0,0.18517,0.87214,34862
STARE,4.0,A_dice,A_dice_s2,2,im0001,isotropic,0.25,0.25,0.76617,0.78957,48795
STARE,4.0,A_dice,A_dice_s2,2,im0001,isotropic,0.5,0.5,0.82457,0.68486,62513
STARE,4.0,A_dice,A_dice_s2,2,im0001,isotropic,0.75,0.75,0.83833,0.59235,77935
STARE,4.0,A_dice,A_dice_s2,2,im0001,isotropic,1.0,1.0,0.84478,0.53125,91032
STARE,4.0,A_dice,A_dice_s2,2,im0001,isotropic,1.5,1.5,0.85777,0.43327,119790
STARE,4.0,A_dice,A_dice_s2,2,im0001,oracle,0.0,0.25,0.18517,0.87214,34862
STARE,4.0,A_dice,A_dice_s2,2,im0001,oracle,0.0,0.5,0.34797,0.78512,47427
STARE,4.0,A_dice,A_dice_s2,2,im0001,oracle,0.0,1.0,0.81256,0.60736,74489
STARE,4.0,A_dice,A_dice_s2,2,im0001,oracle,0.5,0.0,0.31707,0.86513,37596
STARE,4.0,A_dice,A_dice_s2,2,im0001,oracle,0.5,0.25,0.77233,0.78848,48998
STARE,4.0,A_dice,A_dice_s2,2,im0001,oracle,0.5,0.5,0.82315,0.69051,61640
STARE,4.0,A_dice,A_dice_s2,2,im0001,oracle,0.5,1.0,0.8293,0.5628,83650
STARE,4.0,A_dice,A_dice_s2,2,im0001,oracle,1.0,0.0,0.7741,0.8336,43382
STARE,4.0,A_dice,A_dice_s2,2,im0001,oracle,1.0,0.25,0.82743,0.77273,51302
STARE,4.0,A_dice,A_dice_s2,2,im0001,oracle,1.0,0.5,0.83763,0.67309,64517
STARE,4.0,A_dice,A_dice_s2,2,im0001,oracle,1.0,1.0,0.84478,0.53299,90617
STARE,4.0,A_dice,A_dice_s2,2,im0001,oracle,1.5,0.0,0.81722,0.80882,46637
STARE,4.0,A_dice,A_dice_s2,2,im0001,oracle,1.5,0.25,0.84002,0.74196,55257
STARE,4.0,A_dice,A_dice_s2,2,im0001,oracle,1.5,0.5,0.84576,0.6544,67586
STARE,4.0,A_dice,A_dice_s2,2,im0001,oracle,1.5,1.0,0.852,0.52096,93755
STARE,4.0,A_dice,A_dice_s2,2,im0001,oracle,2.0,0.0,0.83543,0.74821,53973
STARE,4.0,A_dice,A_dice_s2,2,im0001,oracle,2.0,0.25,0.84553,0.69535,61517
STARE,4.0,A_dice,A_dice_s2,2,im0001,oracle,2.0,0.5,0.85129,0.62071,73284
STARE,4.0,A_dice,A_dice_s2,2,im0001,oracle,2.0,1.0,0.85971,0.50803,97284
STARE,4.0,A_dice,A_dice_s2,2,im0002,raw,0.0,0.0,0.45494,0.85404,27003
STARE,4.0,A_dice,A_dice_s2,2,im0002,isotropic,0.25,0.25,0.53599,0.78472,38884
STARE,4.0,A_dice,A_dice_s2,2,im0002,isotropic,0.5,0.5,0.62344,0.6768,50580
STARE,4.0,A_dice,A_dice_s2,2,im0002,isotropic,0.75,0.75,0.66195,0.58283,63802
STARE,4.0,A_dice,A_dice_s2,2,im0002,isotropic,1.0,1.0,0.71845,0.52049,75209
STARE,4.0,A_dice,A_dice_s2,2,im0002,isotropic,1.5,1.5,0.73523,0.42191,100334
STARE,4.0,A_dice,A_dice_s2,2,im0002,oracle,0.0,0.25,0.45494,0.85404,27003
STARE,4.0,A_dice,A_dice_s2,2,im0002,oracle,0.0,0.5,0.48495,0.77736,37659
STARE,4.0,A_dice,A_dice_s2,2,im0002,oracle,0.0,1.0,0.56179,0.59246,61185
STARE,4.0,A_dice,A_dice_s2,2,im0002,oracle,0.5,0.0,0.47933,0.85509,29122
STARE,4.0,A_dice,A_dice_s2,2,im0002,oracle,0.5,0.25,0.57008,0.78507,38976
STARE,4.0,A_dice,A_dice_s2,2,im0002,oracle,0.5,0.5,0.62277,0.68476,49630
STARE,4.0,A_dice,A_dice_s2,2,im0002,oracle,0.5,1.0,0.64967,0.54912,69194
STARE,4.0,A_dice,A_dice_s2,2,im0002,oracle,1.0,0.0,0.62061,0.83422,33623
STARE,4.0,A_dice,A_dice_s2,2,im0002,oracle,1.0,0.25,0.64637,0.77701,40270
STARE,4.0,A_dice,A_dice_s2,2,im0002,oracle,1.0,0.5,0.69888,0.67019,51826
STARE,4.0,A_dice,A_dice_s2,2,im0002,oracle,1.0,1.0,0.71845,0.52264,74772
STARE,4.0,A_dice,A_dice_s2,2,im0002,oracle,1.5,0.0,0.6342,0.81672,35817
STARE,4.0,A_dice,A_dice_s2,2,im0002,oracle,1.5,0.25,0.66134,0.75232,43020
STARE,4.0,A_dice,A_dice_s2,2,im0002,oracle,1.5,0.5,0.71844,0.65682,53827
STARE,4.0,A_dice,A_dice_s2,2,im0002,oracle,1.5,1.0,0.72587,0.51339,77111
STARE,4.0,A_dice,A_dice_s2,2,im0002,oracle,2.0,0.0,0.68967,0.76738,40887
STARE,4.0,A_dice,A_dice_s2,2,im0002,oracle,2.0,0.25,0.71987,0.7139,47201
STARE,4.0,A_dice,A_dice_s2,2,im0002,oracle,2.0,0.5,0.7311,0.62888,57770
STARE,4.0,A_dice,A_dice_s2,2,im0002,oracle,2.0,1.0,0.73859,0.50356,79512
STARE,4.0,A_dice,A_dice_s2,2,im0003,raw,0.0,0.0,0.24124,0.86502,27435
STARE,4.0,A_dice,A_dice_s2,2,im0003,isotropic,0.25,0.25,0.59866,0.76731,37993
STARE,4.0,A_dice,A_dice_s2,2,im0003,isotropic,0.5,0.5,0.61501,0.66342,48484
STARE,4.0,A_dice,A_dice_s2,2,im0003,isotropic,0.75,0.75,0.63999,0.56901,61026
STARE,4.0,A_dice,A_dice_s2,2,im0003,isotropic,1.0,1.0,0.64696,0.50949,71375
STARE,4.0,A_dice,A_dice_s2,2,im0003,isotropic,1.5,1.5,0.68378,0.41047,95336
STARE,4.0,A_dice,A_dice_s2,2,im0003,oracle,0.0,0.25,0.24124,0.86502,27435
STARE,4.0,A_dice,A_dice_s2,2,im0003,oracle,0.0,0.5,0.26915,0.76261,37300
STARE,4.0,A_dice,A_dice_s2,2,im0003,oracle,0.0,1.0,0.59143,0.58544,57987
STARE,4.0,A_dice,A_dice_s2,2,im0003,oracle,0.5,0.0,0.26166,0.85334,29372
STARE,4.0,A_dice,A_dice_s2,2,im0003,oracle,0.5,0.25,0.60099,0.76662,38113
STARE,4.0,A_dice,A_dice_s2,2,im0003,oracle,0.5,0.5,0.60544,0.6703,47688
STARE,4.0,A_dice,A_dice_s2,2,im0003,oracle,0.5,1.0,0.6357,0.53518,66348
STARE,4.0,A_dice,A_dice_s2,2,im0003,oracle,1.0,0.0,0.59369,0.81614,33721
STARE,4.0,A_dice,A_dice_s2,2,im0003,oracle,1.0,0.25,0.62973,0.75076,39861
STARE,4.0,A_dice,A_dice_s2,2,im0003,oracle,1.0,0.5,0.64162,0.65193,50083
STARE,4.0,A_dice,A_dice_s2,2,im0003,oracle,1.0,1.0,0.64696,0.51142,71010
STARE,4.0,A_dice,A_dice_s2,2,im0003,oracle,1.5,0.0,0.619,0.78877,36402
STARE,4.0,A_dice,A_dice_s2,2,im0003,oracle,1.5,0.25,0.63534,0.72102,42800
STARE,4.0,A_dice,A_dice_s2,2,im0003,oracle,1.5,0.5,0.6596,0.63319,52594
STARE,4.0,A_dice,A_dice_s2,2,im0003,oracle,1.5,1.0,0.66664,0.49962,73646
STARE,4.0,A_dice,A_dice_s2,2,im0003,oracle,2.0,0.0,0.64484,0.73123,41758
STARE,4.0,A_dice,A_dice_s2,2,im0003,oracle,2.0,0.25,0.65185,0.6785,47362
STARE,4.0,A_dice,A_dice_s2,2,im0003,oracle,2.0,0.5,0.66696,0.60005,57105
STARE,4.0,A_dice,A_dice_s2,2,im0003,oracle,2.0,1.0,0.68659,0.4868,76504
STARE,4.0,A_dice,A_dice_s2,2,im0004,raw,0.0,0.0,0.06063,0.84262,28767
STARE,4.0,A_dice,A_dice_s2,2,im0004,isotropic,0.25,0.25,0.18435,0.82095,39737
STARE,4.0,A_dice,A_dice_s2,2,im0004,isotropic,0.5,0.5,0.19431,0.73336,50663
STARE,4.0,A_dice,A_dice_s2,2,im0004,isotropic,0.75,0.75,0.19744,0.64272,63131
STARE,4.0,A_dice,A_dice_s2,2,im0004,isotropic,1.0,1.0,0.20106,0.57911,74057
STARE,4.0,A_dice,A_dice_s2,2,im0004,isotropic,1.5,1.5,0.21354,0.47415,98415
STARE,4.0,A_dice,A_dice_s2,2,im0004,oracle,0.0,0.25,0.06063,0.84262,28767
STARE,4.0,A_dice,A_dice_s2,2,im0004,oracle,0.0,0.5,0.12072,0.80896,38841
STARE,4.0,A_dice,A_dice_s2,2,im0004,oracle,0.0,1.0,0.18213,0.65231,60341
STARE,4.0,A_dice,A_dice_s2,2,im0004,oracle,0.5,0.0,0.10345,0.84755,31119
STARE,4.0,A_dice,A_dice_s2,2,im0004,oracle,0.5,0.25,0.18497,0.82066,39904
STARE,4.0,A_dice,A_dice_s2,2,im0004,oracle,0.5,0.5,0.19431,0.73826,49996
STARE,4.0,A_dice,A_dice_s2,2,im0004,oracle,0.5,1.0,0.19551,0.61274,67372
STARE,4.0,A_dice,A_dice_s2,2,im0004,oracle,1.0,0.0,0.19489,0.84008,35887
STARE,4.0,A_dice,A_dice_s2,2,im0004,oracle,1.0,0.25,0.19675,0.80765,42162
STARE,4.0,A_dice,A_dice_s2,2,im0004,oracle,1.0,0.5,0.19925,0.72299,52551
STARE,4.0,A_dice,A_dice_s2,2,im0004,oracle,1.0,1.0,0.20106,0.58082,73733
STARE,4.0,A_dice,A_dice_s2,2,im0004,oracle,1.5,0.0,0.19821,0.83025,38285
STARE,4.0,A_dice,A_dice_s2,2,im0004,oracle,1.5,0.25,0.20474,0.78432,45400
STARE,4.0,A_dice,A_dice_s2,2,im0004,oracle,1.5,0.5,0.20631,0.70526,55316
STARE,4.0,A_dice,A_dice_s2,2,im0004,oracle,1.5,1.0,0.21203,0.56872,76580
STARE,4.0,A_dice,A_dice_s2,2,im0004,oracle,2.0,0.0,0.20896,0.78991,43705
STARE,4.0,A_dice,A_dice_s2,2,im0004,oracle,2.0,0.25,0.20987,0.74601,50159
STARE,4.0,A_dice,A_dice_s2,2,im0004,oracle,2.0,0.5,0.28001,0.67277,59893
STARE,4.0,A_dice,A_dice_s2,2,im0004,oracle,2.0,1.0,0.28211,0.5545,79780
STARE,4.0,A_dice,A_dice_s2,2,im0005,raw,0.0,0.0,0.28695,0.86875,36738
STARE,4.0,A_dice,A_dice_s2,2,im0005,isotropic,0.25,0.25,0.35953,0.82835,51867
STARE,4.0,A_dice,A_dice_s2,2,im0005,isotropic,0.5,0.5,0.37884,0.72341,66771
STARE,4.0,A_dice,A_dice_s2,2,im0005,isotropic,0.75,0.75,0.3814,0.62335,84050
STARE,4.0,A_dice,A_dice_s2,2,im0005,isotropic,1.0,1.0,0.38274,0.55893,98326
STARE,4.0,A_dice,A_dice_s2,2,im0005,isotropic,1.5,1.5,0.38486,0.45388,130214
STARE,4.0,A_dice,A_dice_s2,2,im0005,oracle,0.0,0.25,0.28695,0.86875,36738
STARE,4.0,A_dice,A_dice_s2,2,im0005,oracle,0.0,0.5,0.31589,0.81775,50621
STARE,4.0,A_dice,A_dice_s2,2,im0005,oracle,0.0,1.0,0.35702,0.64565,79055
STARE,4.0,A_dice,A_dice_s2,2,im0005,oracle,0.5,0.0,0.30902,0.86554,40214
STARE,4.0,A_dice,A_dice_s2,2,im0005,oracle,0.5,0.25,0.36214,0.82656,52134
STARE,4.0,A_dice,A_dice_s2,2,im0005,oracle,0.5,0.5,0.37141,0.73026,65745
STARE,4.0,A_dice,A_dice_s2,2,im0005,oracle,0.5,1.0,0.37977,0.59243,90289
STARE,4.0,A_dice,A_dice_s2,2,im0005,oracle,1.0,0.0,0.37838,0.84045,47607
STARE,4.0,A_dice,A_dice_s2,2,im0005,oracle,1.0,0.25,0.38056,0.79822,56080
STARE,4.0,A_dice,A_dice_s2,2,im0005,oracle,1.0,0.5,0.38153,0.70332,70078
STARE,4.0,A_dice,A_dice_s2,2,im0005,oracle,1.0,1.0,0.38274,0.56055,97927
STARE,4.0,A_dice,A_dice_s2,2,im0005,oracle,1.5,0.0,0.37916,0.81829,51638
STARE,4.0,A_dice,A_dice_s2,2,im0005,oracle,1.5,0.25,0.38251,0.75654,61989
STARE,4.0,A_dice,A_dice_s2,2,im0005,oracle,1.5,0.5,0.38312,0.67365,75081
STARE,4.0,A_dice,A_dice_s2,2,im0005,oracle,1.5,1.0,0.38386,0.54297,102516
STARE,4.0,A_dice,A_dice_s2,2,im0005,oracle,2.0,0.0,0.38124,0.75414,60921
STARE,4.0,A_dice,A_dice_s2,2,im0005,oracle,2.0,0.25,0.38349,0.70008,70450
STARE,4.0,A_dice,A_dice_s2,2,im0005,oracle,2.0,0.5,0.38406,0.62922,83201
STARE,4.0,A_dice,A_dice_s2,2,im0005,oracle,2.0,1.0,0.38471,0.52211,108230
STARE,4.0,A_dice,A_dice_s2,2,im0044,raw,0.0,0.0,0.1446,0.88116,29497
STARE,4.0,A_dice,A_dice_s2,2,im0044,isotropic,0.25,0.25,0.17439,0.80019,41917
STARE,4.0,A_dice,A_dice_s2,2,im0044,isotropic,0.5,0.5,0.18654,0.68867,54266
STARE,4.0,A_dice,A_dice_s2,2,im0044,isotropic,0.75,0.75,0.1949,0.59015,68625
STARE,4.0,A_dice,A_dice_s2,2,im0044,isotropic,1.0,1.0,0.19635,0.52661,80738
STARE,4.0,A_dice,A_dice_s2,2,im0044,isotropic,1.5,1.5,0.19884,0.42531,107476
STARE,4.0,A_dice,A_dice_s2,2,im0044,oracle,0.0,0.25,0.1446,0.88116,29497
STARE,4.0,A_dice,A_dice_s2,2,im0044,oracle,0.0,0.5,0.15772,0.7927,40924
STARE,4.0,A_dice,A_dice_s2,2,im0044,oracle,0.0,1.0,0.17766,0.6053,65336
STARE,4.0,A_dice,A_dice_s2,2,im0044,oracle,0.5,0.0,0.15602,0.87743,31808
STARE,4.0,A_dice,A_dice_s2,2,im0044,oracle,0.5,0.25,0.1751,0.79963,42065
STARE,4.0,A_dice,A_dice_s2,2,im0044,oracle,0.5,0.5,0.18653,0.69615,53342
STARE,4.0,A_dice,A_dice_s2,2,im0044,oracle,0.5,1.0,0.18727,0.55611,74369
STARE,4.0,A_dice,A_dice_s2,2,im0044,oracle,1.0,0.0,0.18083,0.84845,36936
STARE,4.0,A_dice,A_dice_s2,2,im0044,oracle,1.0,0.25,0.19142,0.78406,44052
STARE,4.0,A_dice,A_dice_s2,2,im0044,oracle,1.0,0.5,0.1953,0.67751,56017
STARE,4.0,A_dice,A_dice_s2,2,im0044,oracle,1.0,1.0,0.19635,0.5287,80283
STARE,4.0,A_dice,A_dice_s2,2,im0044,oracle,1.5,0.0,0.1895,0.8177,40234
STARE,4.0,A_dice,A_dice_s2,2,im0044,oracle,1.5,0.25,0.19356,0.75042,47730
STARE,4.0,A_dice,A_dice_s2,2,im0044,oracle,1.5,0.5,0.19681,0.65724,58931
STARE,4.0,A_dice,A_dice_s2,2,im0044,oracle,1.5,1.0,0.19762,0.5162,83250
STARE,4.0,A_dice,A_dice_s2,2,im0044,oracle,2.0,0.0,0.19126,0.74762,47479
STARE,4.0,A_dice,A_dice_s2,2,im0044,oracle,2.0,0.25,0.19438,0.69559,54050
STARE,4.0,A_dice,A_dice_s2,2,im0044,oracle,2.0,0.5,0.19756,0.61769,64761
STARE,4.0,A_dice,A_dice_s2,2,im0044,oracle,2.0,1.0,0.1986,0.50217,86617
STARE,4.0,A_dice,A_dice_s2,2,im0077,raw,0.0,0.0,0.5427,0.89262,35522
STARE,4.0,A_dice,A_dice_s2,2,im0077,isotropic,0.25,0.25,0.74655,0.77758,51661
STARE,4.0,A_dice,A_dice_s2,2,im0077,isotropic,0.5,0.5,0.78107,0.65912,67583
STARE,4.0,A_dice,A_dice_s2,2,im0077,isotropic,0.75,0.75,0.78667,0.55978,85903
STARE,4.0,A_dice,A_dice_s2,2,im0077,isotropic,1.0,1.0,0.79085,0.49668,101332
STARE,4.0,A_dice,A_dice_s2,2,im0077,isotropic,1.5,1.5,0.79794,0.39728,135551
STARE,4.0,A_dice,A_dice_s2,2,im0077,oracle,0.0,0.25,0.5427,0.89262,35522
STARE,4.0,A_dice,A_dice_s2,2,im0077,oracle,0.0,0.5,0.65143,0.77533,50157
STARE,4.0,A_dice,A_dice_s2,2,im0077,oracle,0.0,1.0,0.76083,0.57688,81761
STARE,4.0,A_dice,A_dice_s2,2,im0077,oracle,0.5,0.0,0.59872,0.87914,38398
STARE,4.0,A_dice,A_dice_s2,2,im0077,oracle,0.5,0.25,0.75885,0.7765,51852
STARE,4.0,A_dice,A_dice_s2,2,im0077,oracle,0.5,0.5,0.78086,0.66663,66426
STARE,4.0,A_dice,A_dice_s2,2,im0077,oracle,0.5,1.0,0.78355,0.52664,93322
STARE,4.0,A_dice,A_dice_s2,2,im0077,oracle,1.0,0.0,0.75296,0.83594,44859
STARE,4.0,A_dice,A_dice_s2,2,im0077,oracle,1.0,0.25,0.77821,0.76017,54032
STARE,4.0,A_dice,A_dice_s2,2,im0077,oracle,1.0,0.5,0.78667,0.64763,69624
STARE,4.0,A_dice,A_dice_s2,2,im0077,oracle,1.0,1.0,0.79085,0.49868,100791
STARE,4.0,A_dice,A_dice_s2,2,im0077,oracle,1.5,0.0,0.76274,0.80973,48096
STARE,4.0,A_dice,A_dice_s2,2,im0077,oracle,1.5,0.25,0.78815,0.7277,58207
STARE,4.0,A_dice,A_dice_s2,2,im0077,oracle,1.5,0.5,0.79127,0.62803,73054
STARE,4.0,A_dice,A_dice_s2,2,im0077,oracle,1.5,1.0,0.7946,0.48661,104309
STARE,4.0,A_dice,A_dice_s2,2,im0077,oracle,2.0,0.0,0.77559,0.75009,55147
STARE,4.0,A_dice,A_dice_s2,2,im0077,oracle,2.0,0.25,0.79252,0.68335,64381
STARE,4.0,A_dice,A_dice_s2,2,im0077,oracle,2.0,0.5,0.79523,0.59572,78995
STARE,4.0,A_dice,A_dice_s2,2,im0077,oracle,2.0,1.0,0.79794,0.47403,108118
STARE,4.0,A_dice,A_dice_s2,2,im0081,raw,0.0,0.0,0.37653,0.89768,31325
STARE,4.0,A_dice,A_dice_s2,2,im0081,isotropic,0.25,0.25,0.51954,0.79305,45629
STARE,4.0,A_dice,A_dice_s2,2,im0081,isotropic,0.5,0.5,0.53055,0.67494,59720
STARE,4.0,A_dice,A_dice_s2,2,im0081,isotropic,0.75,0.75,0.53525,0.57609,75694
STARE,4.0,A_dice,A_dice_s2,2,im0081,isotropic,1.0,1.0,0.54273,0.51232,89294
STARE,4.0,A_dice,A_dice_s2,2,im0081,isotropic,1.5,1.5,0.55368,0.41256,119118
STARE,4.0,A_dice,A_dice_s2,2,im0081,oracle,0.0,0.25,0.37653,0.89768,31325
STARE,4.0,A_dice,A_dice_s2,2,im0081,oracle,0.0,0.5,0.42991,0.78718,44632
STARE,4.0,A_dice,A_dice_s2,2,im0081,oracle,0.0,1.0,0.52368,0.58859,72780
STARE,4.0,A_dice,A_dice_s2,2,im0081,oracle,0.5,0.0,0.46252,0.8908,33915
STARE,4.0,A_dice,A_dice_s2,2,im0081,oracle,0.5,0.25,0.52113,0.79221,45776
STARE,4.0,A_dice,A_dice_s2,2,im0081,oracle,0.5,0.5,0.5302,0.68166,58800
STARE,4.0,A_dice,A_dice_s2,2,im0081,oracle,0.5,1.0,0.5326,0.54281,82131
STARE,4.0,A_dice,A_dice_s2,2,im0081,oracle,1.0,0.0,0.51161,0.85492,39217
STARE,4.0,A_dice,A_dice_s2,2,im0081,oracle,1.0,0.25,0.52942,0.77911,47470
STARE,4.0,A_dice,A_dice_s2,2,im0081,oracle,1.0,0.5,0.54001,0.66589,61235
STARE,4.0,A_dice,A_dice_s2,2,im0081,oracle,1.0,1.0,0.54256,0.51424,88834
STARE,4.0,A_dice,A_dice_s2,2,im0081,oracle,1.5,0.0,0.51511,0.8277,42110
STARE,4.0,A_dice,A_dice_s2,2,im0081,oracle,1.5,0.25,0.54076,0.74979,50819
STARE,4.0,A_dice,A_dice_s2,2,im0081,oracle,1.5,0.5,0.54395,0.64917,63843
STARE,4.0,A_dice,A_dice_s2,2,im0081,oracle,1.5,1.0,0.54976,0.50399,91522
STARE,4.0,A_dice,A_dice_s2,2,im0081,oracle,2.0,0.0,0.5237,0.76624,48577
STARE,4.0,A_dice,A_dice_s2,2,im0081,oracle,2.0,0.25,0.54601,0.70448,56265
STARE,4.0,A_dice,A_dice_s2,2,im0081,oracle,2.0,0.5,0.54905,0.61765,68824
STARE,4.0,A_dice,A_dice_s2,2,im0081,oracle,2.0,1.0,0.55351,0.49344,94341
STARE,4.0,A_dice,A_dice_s2,2,im0082,raw,0.0,0.0,0.17439,0.89358,32596
STARE,4.0,A_dice,A_dice_s2,2,im0082,isotropic,0.25,0.25,0.54672,0.78818,47469
STARE,4.0,A_dice,A_dice_s2,2,im0082,isotropic,0.5,0.5,0.56283,0.67172,62099
STARE,4.0,A_dice,A_dice_s2,2,im0082,isotropic,0.75,0.75,0.58153,0.57236,79109
STARE,4.0,A_dice,A_dice_s2,2,im0082,isotropic,1.0,1.0,0.59031,0.51136,92945
STARE,4.0,A_dice,A_dice_s2,2,im0082,isotropic,1.5,1.5,0.6222,0.41318,123804
STARE,4.0,A_dice,A_dice_s2,2,im0082,oracle,0.0,0.25,0.17439,0.89358,32596
STARE,4.0,A_dice,A_dice_s2,2,im0082,oracle,0.0,0.5,0.25833,0.77935,46600
STARE,4.0,A_dice,A_dice_s2,2,im0082,oracle,0.0,1.0,0.54222,0.58577,75746
STARE,4.0,A_dice,A_dice_s2,2,im0082,oracle,0.5,0.0,0.20579,0.8867,35180
STARE,4.0,A_dice,A_dice_s2,2,im0082,oracle,0.5,0.25,0.54857,0.78773,47609
STARE,4.0,A_dice,A_dice_s2,2,im0082,oracle,0.5,0.5,0.56246,0.67835,61154
STARE,4.0,A_dice,A_dice_s2,2,im0082,oracle,0.5,1.0,0.57711,0.53633,86582
STARE,4.0,A_dice,A_dice_s2,2,im0082,oracle,1.0,0.0,0.54914,0.85105,40714
STARE,4.0,A_dice,A_dice_s2,2,im0082,oracle,1.0,0.25,0.56357,0.77631,49237
STARE,4.0,A_dice,A_dice_s2,2,im0082,oracle,1.0,0.5,0.57801,0.66274,63691
STARE,4.0,A_dice,A_dice_s2,2,im0082,oracle,1.0,1.0,0.59028,0.51278,92589
STARE,4.0,A_dice,A_dice_s2,2,im0082,oracle,1.5,0.0,0.55944,0.82544,43764
STARE,4.0,A_dice,A_dice_s2,2,im0082,oracle,1.5,0.25,0.57805,0.74684,52759
STARE,4.0,A_dice,A_dice_s2,2,im0082,oracle,1.5,0.5,0.58426,0.64627,66392
STARE,4.0,A_dice,A_dice_s2,2,im0082,oracle,1.5,1.0,0.59438,0.50256,95379
STARE,4.0,A_dice,A_dice_s2,2,im0082,oracle,2.0,0.0,0.57031,0.76718,50079
STARE,4.0,A_dice,A_dice_s2,2,im0082,oracle,2.0,0.25,0.58211,0.70515,58009
STARE,4.0,A_dice,A_dice_s2,2,im0082,oracle,2.0,0.5,0.59472,0.61507,71641
STARE,4.0,A_dice,A_dice_s2,2,im0082,oracle,2.0,1.0,0.60485,0.49222,98318
STARE,4.0,A_dice,A_dice_s2,2,im0139,raw,0.0,0.0,0.44968,0.87267,35406
STARE,4.0,A_dice,A_dice_s2,2,im0139,isotropic,0.25,0.25,0.68873,0.77454,50419
STARE,4.0,A_dice,A_dice_s2,2,im0139,isotropic,0.5,0.5,0.72406,0.6642,65199
STARE,4.0,A_dice,A_dice_s2,2,im0139,isotropic,0.75,0.75,0.77434,0.57037,82053
STARE,4.0,A_dice,A_dice_s2,2,im0139,isotropic,1.0,1.0,0.79192,0.51025,96151
STARE,4.0,A_dice,A_dice_s2,2,im0139,isotropic,1.5,1.5,0.85043,0.41548,126623
STARE,4.0,A_dice,A_dice_s2,2,im0139,oracle,0.0,0.25,0.44968,0.87267,35406
STARE,4.0,A_dice,A_dice_s2,2,im0139,oracle,0.0,0.5,0.5998,0.76811,49530
STARE,4.0,A_dice,A_dice_s2,2,im0139,oracle,0.0,1.0,0.65094,0.58222,78667
STARE,4.0,A_dice,A_dice_s2,2,im0139,oracle,0.5,0.0,0.58487,0.86367,38158
STARE,4.0,A_dice,A_dice_s2,2,im0139,oracle,0.5,0.25,0.6971,0.77424,50571
STARE,4.0,A_dice,A_dice_s2,2,im0139,oracle,0.5,0.5,0.72366,0.66997,64315
STARE,4.0,A_dice,A_dice_s2,2,im0139,oracle,0.5,1.0,0.7696,0.53817,88747
STARE,4.0,A_dice,A_dice_s2,2,im0139,oracle,1.0,0.0,0.6472,0.82941,43878
STARE,4.0,A_dice,A_dice_s2,2,im0139,oracle,1.0,0.25,0.73163,0.76138,52509
STARE,4.0,A_dice,A_dice_s2,2,im0139,oracle,1.0,0.5,0.75658,0.65534,66972
STARE,4.0,A_dice,A_dice_s2,2,im0139,oracle,1.0,1.0,0.7915,0.51181,95740
STARE,4.0,A_dice,A_dice_s2,2,im0139,oracle,1.5,0.0,0.73202,0.80632,46955
STARE,4.0,A_dice,A_dice_s2,2,im0139,oracle,1.5,0.25,0.78132,0.73284,56312
STARE,4.0,A_dice,A_dice_s2,2,im0139,oracle,1.5,0.5,0.80565,0.63912,69902
STARE,4.0,A_dice,A_dice_s2,2,im0139,oracle,1.5,1.0,0.82401,0.50144,98851
STARE,4.0,A_dice,A_dice_s2,2,im0139,oracle,2.0,0.0,0.74913,0.74732,54069
STARE,4.0,A_dice,A_dice_s2,2,im0139,oracle,2.0,0.25,0.79648,0.68977,62248
STARE,4.0,A_dice,A_dice_s2,2,im0139,oracle,2.0,0.5,0.81261,0.60769,75539
STARE,4.0,A_dice,A_dice_s2,2,im0139,oracle,2.0,1.0,0.85713,0.49073,102094
STARE,4.0,A_dice,A_dice_s2,2,im0162,raw,0.0,0.0,0.19026,0.85019,26913
STARE,4.0,A_dice,A_dice_s2,2,im0162,isotropic,0.25,0.25,0.56989,0.74647,44047
STARE,4.0,A_dice,A_dice_s2,2,im0162,isotropic,0.5,0.5,0.66672,0.61501,60837
STARE,4.0,A_dice,A_dice_s2,2,im0162,isotropic,0.75,0.75,0.70327,0.51372,79474
STARE,4.0,A_dice,A_dice_s2,2,im0162,isotropic,1.0,1.0,0.72486,0.4509,95297
STARE,4.0,A_dice,A_dice_s2,2,im0162,isotropic,1.5,1.5,0.75196,0.35795,129248
STARE,4.0,A_dice,A_dice_s2,2,im0162,oracle,0.0,0.25,0.19026,0.85019,26913
STARE,4.0,A_dice,A_dice_s2,2,im0162,oracle,0.0,0.5,0.23775,0.74031,41768
STARE,4.0,A_dice,A_dice_s2,2,im0162,oracle,0.0,1.0,0.61583,0.5268,75318
STARE,4.0,A_dice,A_dice_s2,2,im0162,oracle,0.5,0.0,0.23757,0.84969,29974
STARE,4.0,A_dice,A_dice_s2,2,im0162,oracle,0.5,0.25,0.59275,0.74615,44210
STARE,4.0,A_dice,A_dice_s2,2,im0162,oracle,0.5,0.5,0.66565,0.6234,59580
STARE,4.0,A_dice,A_dice_s2,2,im0162,oracle,0.5,1.0,0.704,0.47933,87133
STARE,4.0,A_dice,A_dice_s2,2,im0162,oracle,1.0,0.0,0.34957,0.8162,36475
STARE,4.0,A_dice,A_dice_s2,2,im0162,oracle,1.0,0.25,0.66479,0.73422,46072
STARE,4.0,A_dice,A_dice_s2,2,im0162,oracle,1.0,0.5,0.69969,0.60696,62548
STARE,4.0,A_dice,A_dice_s2,2,im0162,oracle,1.0,1.0,0.72454,0.45295,94718
STARE,4.0,A_dice,A_dice_s2,2,im0162,oracle,1.5,0.0,0.64699,0.79182,39571
STARE,4.0,A_dice,A_dice_s2,2,im0162,oracle,1.5,0.25,0.70453,0.70339,49830
STARE,4.0,A_dice,A_dice_s2,2,im0162,oracle,1.5,0.5,0.71901,0.59111,65410
STARE,4.0,A_dice,A_dice_s2,2,im0162,oracle,1.5,1.0,0.73459,0.44347,97847
STARE,4.0,A_dice,A_dice_s2,2,im0162,oracle,2.0,0.0,0.66406,0.72881,46402
STARE,4.0,A_dice,A_dice_s2,2,im0162,oracle,2.0,0.25,0.71774,0.65885,55515
STARE,4.0,A_dice,A_dice_s2,2,im0162,oracle,2.0,0.5,0.72679,0.56213,70604
STARE,4.0,A_dice,A_dice_s2,2,im0162,oracle,2.0,1.0,0.74375,0.43444,100923
STARE,4.0,A_dice,A_dice_s2,2,im0163,raw,0.0,0.0,0.43694,0.88711,34844
STARE,4.0,A_dice,A_dice_s2,2,im0163,isotropic,0.25,0.25,0.71592,0.76755,49930
STARE,4.0,A_dice,A_dice_s2,2,im0163,isotropic,0.5,0.5,0.79342,0.65531,64784
STARE,4.0,A_dice,A_dice_s2,2,im0163,isotropic,0.75,0.75,0.82466,0.56192,81332
STARE,4.0,A_dice,A_dice_s2,2,im0163,isotropic,1.0,1.0,0.84288,0.50078,95465
STARE,4.0,A_dice,A_dice_s2,2,im0163,isotropic,1.5,1.5,0.85734,0.40506,126279
STARE,4.0,A_dice,A_dice_s2,2,im0163,oracle,0.0,0.25,0.43694,0.88711,34844
STARE,4.0,A_dice,A_dice_s2,2,im0163,oracle,0.0,0.5,0.56972,0.76685,48454
STARE,4.0,A_dice,A_dice_s2,2,im0163,oracle,0.0,1.0,0.71404,0.57383,78264
STARE,4.0,A_dice,A_dice_s2,2,im0163,oracle,0.5,0.0,0.60432,0.87292,37753
STARE,4.0,A_dice,A_dice_s2,2,im0163,oracle,0.5,0.25,0.71777,0.76687,50095
STARE,4.0,A_dice,A_dice_s2,2,im0163,oracle,0.5,0.5,0.77956,0.66137,63858
STARE,4.0,A_dice,A_dice_s2,2,im0163,oracle,0.5,1.0,0.82333,0.53112,87878
STARE,4.0,A_dice,A_dice_s2,2,im0163,oracle,1.0,0.0,0.70583,0.83105,43370
STARE,4.0,A_dice,A_dice_s2,2,im0163,oracle,1.0,0.25,0.81031,0.75556,51827
STARE,4.0,A_dice,A_dice_s2,2,im0163,oracle,1.0,0.5,0.8238,0.64647,66418
STARE,4.0,A_dice,A_dice_s2,2,im0163,oracle,1.0,1.0,0.84288,0.50237,95059
STARE,4.0,A_dice,A_dice_s2,2,im0163,oracle,1.5,0.0,0.76395,0.80781,45948
STARE,4.0,A_dice,A_dice_s2,2,im0163,oracle,1.5,0.25,0.83737,0.72987,55098
STARE,4.0,A_dice,A_dice_s2,2,im0163,oracle,1.5,0.5,0.84134,0.6323,68796
STARE,4.0,A_dice,A_dice_s2,2,im0163,oracle,1.5,1.0,0.84866,0.49263,97782
STARE,4.0,A_dice,A_dice_s2,2,im0163,oracle,2.0,0.0,0.81637,0.75347,52080
STARE,4.0,A_dice,A_dice_s2,2,im0163,oracle,2.0,0.25,0.84157,0.69247,59969
STARE,4.0,A_dice,A_dice_s2,2,im0163,oracle,2.0,0.5,0.8469,0.60675,73204
STARE,4.0,A_dice,A_dice_s2,2,im0163,oracle,2.0,1.0,0.85402,0.48351,100420
STARE,4.0,A_dice,A_dice_s2,2,im0235,raw,0.0,0.0,0.14229,0.86699,35174
STARE,4.0,A_dice,A_dice_s2,2,im0235,isotropic,0.25,0.25,0.28405,0.81027,50275
STARE,4.0,A_dice,A_dice_s2,2,im0235,isotropic,0.5,0.5,0.63151,0.70424,65127
STARE,4.0,A_dice,A_dice_s2,2,im0235,isotropic,0.75,0.75,0.70468,0.6122,81433
STARE,4.0,A_dice,A_dice_s2,2,im0235,isotropic,1.0,1.0,0.72831,0.5496,95567
STARE,4.0,A_dice,A_dice_s2,2,im0235,isotropic,1.5,1.5,0.77873,0.45011,125994
STARE,4.0,A_dice,A_dice_s2,2,im0235,oracle,0.0,0.25,0.14229,0.86699,35174
STARE,4.0,A_dice,A_dice_s2,2,im0235,oracle,0.0,0.5,0.22325,0.80275,48483
STARE,4.0,A_dice,A_dice_s2,2,im0235,oracle,0.0,1.0,0.56063,0.62345,78010
STARE,4.0,A_dice,A_dice_s2,2,im0235,oracle,0.5,0.0,0.21255,0.86875,38015
STARE,4.0,A_dice,A_dice_s2,2,im0235,oracle,0.5,0.25,0.31046,0.80991,50440
STARE,4.0,A_dice,A_dice_s2,2,im0235,oracle,0.5,0.5,0.63004,0.71332,63760
STARE,4.0,A_dice,A_dice_s2,2,im0235,oracle,0.5,1.0,0.64183,0.58212,87297
STARE,4.0,A_dice,A_dice_s2,2,im0235,oracle,1.0,0.0,0.66526,0.85259,44116
STARE,4.0,A_dice,A_dice_s2,2,im0235,oracle,1.0,0.25,0.70499,0.79965,52551
STARE,4.0,A_dice,A_dice_s2,2,im0235,oracle,1.0,0.5,0.71573,0.69633,66959
STARE,4.0,A_dice,A_dice_s2,2,im0235,oracle,1.0,1.0,0.72792,0.55206,94951
STARE,4.0,A_dice,A_dice_s2,2,im0235,oracle,1.5,0.0,0.69728,0.83767,46886
STARE,4.0,A_dice,A_dice_s2,2,im0235,oracle,1.5,0.25,0.72024,0.7737,56335
STARE,4.0,A_dice,A_dice_s2,2,im0235,oracle,1.5,0.5,0.72616,0.68107,69841
STARE,4.0,A_dice,A_dice_s2,2,im0235,oracle,1.5,1.0,0.77242,0.54072,98178
STARE,4.0,A_dice,A_dice_s2,2,im0235,oracle,2.0,0.0,0.70952,0.79019,53419
STARE,4.0,A_dice,A_dice_s2,2,im0235,oracle,2.0,0.25,0.72617,0.73325,62050
STARE,4.0,A_dice,A_dice_s2,2,im0235,oracle,2.0,0.5,0.73724,0.65141,75073
STARE,4.0,A_dice,A_dice_s2,2,im0235,oracle,2.0,1.0,0.77997,0.52914,101539
STARE,4.0,A_dice,A_dice_s2,2,im0236,raw,0.0,0.0,0.2134,0.85976,34644
STARE,4.0,A_dice,A_dice_s2,2,im0236,isotropic,0.25,0.25,0.33849,0.81425,49151
STARE,4.0,A_dice,A_dice_s2,2,im0236,isotropic,0.5,0.5,0.67772,0.71317,63371
STARE,4.0,A_dice,A_dice_s2,2,im0236,isotropic,0.75,0.75,0.7271,0.62226,79083
STARE,4.0,A_dice,A_dice_s2,2,im0236,isotropic,1.0,1.0,0.73917,0.56073,92622
STARE,4.0,A_dice,A_dice_s2,2,im0236,isotropic,1.5,1.5,0.76195,0.4628,121723
STARE,4.0,A_dice,A_dice_s2,2,im0236,oracle,0.0,0.25,0.2134,0.85976,34644
STARE,4.0,A_dice,A_dice_s2,2,im0236,oracle,0.0,0.5,0.28604,0.80587,47249
STARE,4.0,A_dice,A_dice_s2,2,im0236,oracle,0.0,1.0,0.60887,0.6368,75199
STARE,4.0,A_dice,A_dice_s2,2,im0236,oracle,0.5,0.0,0.2612,0.8616,37506
STARE,4.0,A_dice,A_dice_s2,2,im0236,oracle,0.5,0.25,0.66071,0.81411,49282
STARE,4.0,A_dice,A_dice_s2,2,im0236,oracle,0.5,0.5,0.67675,0.72152,62125
STARE,4.0,A_dice,A_dice_s2,2,im0236,oracle,0.5,1.0,0.72328,0.59351,84576
STARE,4.0,A_dice,A_dice_s2,2,im0236,oracle,1.0,0.0,0.67188,0.84726,43662
STARE,4.0,A_dice,A_dice_s2,2,im0236,oracle,1.0,0.25,0.69644,0.80122,51758
STARE,4.0,A_dice,A_dice_s2,2,im0236,oracle,1.0,0.5,0.72871,0.70341,65437
STARE,4.0,A_dice,A_dice_s2,2,im0236,oracle,1.0,1.0,0.73896,0.56288,92116
STARE,4.0,A_dice,A_dice_s2,2,im0236,oracle,1.5,0.0,0.68406,0.83521,46309
STARE,4.0,A_dice,A_dice_s2,2,im0236,oracle,1.5,0.25,0.73494,0.7728,55869
STARE,4.0,A_dice,A_dice_s2,2,im0236,oracle,1.5,0.5,0.74424,0.6868,68559
STARE,4.0,A_dice,A_dice_s2,2,im0236,oracle,1.5,1.0,0.75297,0.55169,95353
STARE,4.0,A_dice,A_dice_s2,2,im0236,oracle,2.0,0.0,0.73022,0.78787,52934
STARE,4.0,A_dice,A_dice_s2,2,im0236,oracle,2.0,0.25,0.74244,0.73199,61761
STARE,4.0,A_dice,A_dice_s2,2,im0236,oracle,2.0,0.5,0.75197,0.65552,74076
STARE,4.0,A_dice,A_dice_s2,2,im0236,oracle,2.0,1.0,0.76075,0.53885,99003
STARE,4.0,A_dice,A_dice_s2,2,im0239,raw,0.0,0.0,0.11729,0.80415,27626
STARE,4.0,A_dice,A_dice_s2,2,im0239,isotropic,0.25,0.25,0.41529,0.80234,40277
STARE,4.0,A_dice,A_dice_s2,2,im0239,isotropic,0.5,0.5,0.47109,0.71297,52659
STARE,4.0,A_dice,A_dice_s2,2,im0239,isotropic,0.75,0.75,0.57931,0.62368,66873
STARE,4.0,A_dice,A_dice_s2,2,im0239,isotropic,1.0,1.0,0.61591,0.56487,78589
STARE,4.0,A_dice,A_dice_s2,2,im0239,isotropic,1.5,1.5,0.64214,0.46616,104639
STARE,4.0,A_dice,A_dice_s2,2,im0239,oracle,0.0,0.25,0.11729,0.80415,27626
STARE,4.0,A_dice,A_dice_s2,2,im0239,oracle,0.0,0.5,0.16409,0.77738,39021
STARE,4.0,A_dice,A_dice_s2,2,im0239,oracle,0.0,1.0,0.45045,0.63062,64013
STARE,4.0,A_dice,A_dice_s2,2,im0239,oracle,0.5,0.0,0.13077,0.81942,29864
STARE,4.0,A_dice,A_dice_s2,2,im0239,oracle,0.5,0.25,0.41705,0.80296,40382
STARE,4.0,A_dice,A_dice_s2,2,im0239,oracle,0.5,0.5,0.43046,0.71825,51797
STARE,4.0,A_dice,A_dice_s2,2,im0239,oracle,0.5,1.0,0.48658,0.58689,73173
STARE,4.0,A_dice,A_dice_s2,2,im0239,oracle,1.0,0.0,0.35074,0.83249,34685
STARE,4.0,A_dice,A_dice_s2,2,im0239,oracle,1.0,0.25,0.52695,0.80099,41800
STARE,4.0,A_dice,A_dice_s2,2,im0239,oracle,1.0,0.5,0.57998,0.70934,54003
STARE,4.0,A_dice,A_dice_s2,2,im0239,oracle,1.0,1.0,0.61556,0.56627,78243
STARE,4.0,A_dice,A_dice_s2,2,im0239,oracle,1.5,0.0,0.41228,0.82637,37166
STARE,4.0,A_dice,A_dice_s2,2,im0239,oracle,1.5,0.25,0.57981,0.78452,44577
STARE,4.0,A_dice,A_dice_s2,2,im0239,oracle,1.5,0.5,0.5951,0.70025,55953
STARE,4.0,A_dice,A_dice_s2,2,im0239,oracle,1.5,1.0,0.63076,0.55932,80432
STARE,4.0,A_dice,A_dice_s2,2,im0239,oracle,2.0,0.0,0.56355,0.7919,42212
STARE,4.0,A_dice,A_dice_s2,2,im0239,oracle,2.0,0.25,0.5909,0.75354,48699
STARE,4.0,A_dice,A_dice_s2,2,im0239,oracle,2.0,0.5,0.60475,0.67587,59888
STARE,4.0,A_dice,A_dice_s2,2,im0239,oracle,2.0,1.0,0.64414,0.5526,82474
STARE,4.0,A_dice,A_dice_s2,2,im0240,raw,0.0,0.0,0.11944,0.77457,31152
STARE,4.0,A_dice,A_dice_s2,2,im0240,isotropic,0.25,0.25,0.20991,0.80276,43739
STARE,4.0,A_dice,A_dice_s2,2,im0240,isotropic,0.5,0.5,0.25335,0.73955,56301
STARE,4.0,A_dice,A_dice_s2,2,im0240,isotropic,0.75,0.75,0.28234,0.65881,70966
STARE,4.0,A_dice,A_dice_s2,2,im0240,isotropic,1.0,1.0,0.29315,0.6014,83388
STARE,4.0,A_dice,A_dice_s2,2,im0240,isotropic,1.5,1.5,0.30686,0.50382,111273
STARE,4.0,A_dice,A_dice_s2,2,im0240,oracle,0.0,0.25,0.11944,0.77457,31152
STARE,4.0,A_dice,A_dice_s2,2,im0240,oracle,0.0,0.5,0.15188,0.78084,42511
STARE,4.0,A_dice,A_dice_s2,2,im0240,oracle,0.0,1.0,0.23819,0.66449,67564
STARE,4.0,A_dice,A_dice_s2,2,im0240,oracle,0.5,0.0,0.12987,0.78988,33688
STARE,4.0,A_dice,A_dice_s2,2,im0240,oracle,0.5,0.25,0.21482,0.80343,43896
STARE,4.0,A_dice,A_dice_s2,2,im0240,oracle,0.5,0.5,0.25271,0.74211,55608
STARE,4.0,A_dice,A_dice_s2,2,im0240,oracle,0.5,1.0,0.27965,0.62518,76693
STARE,4.0,A_dice,A_dice_s2,2,im0240,oracle,1.0,0.0,0.23255,0.81044,39060
STARE,4.0,A_dice,A_dice_s2,2,im0240,oracle,1.0,0.25,0.25674,0.80353,46045
STARE,4.0,A_dice,A_dice_s2,2,im0240,oracle,1.0,0.5,0.26017,0.73604,58298
STARE,4.0,A_dice,A_dice_s2,2,im0240,oracle,1.0,1.0,0.29279,0.60262,83053
STARE,4.0,A_dice,A_dice_s2,2,im0240,oracle,1.5,0.0,0.24635,0.81456,41664
STARE,4.0,A_dice,A_dice_s2,2,im0240,oracle,1.5,0.25,0.26353,0.79187,49590
STARE,4.0,A_dice,A_dice_s2,2,im0240,oracle,1.5,0.5,0.29665,0.72769,61046
STARE,4.0,A_dice,A_dice_s2,2,im0240,oracle,1.5,1.0,0.3003,0.59587,86188
STARE,4.0,A_dice,A_dice_s2,2,im0240,oracle,2.0,0.0,0.25546,0.79798,47198
STARE,4.0,A_dice,A_dice_s2,2,im0240,oracle,2.0,0.25,0.27587,0.77081,54273
STARE,4.0,A_dice,A_dice_s2,2,im0240,oracle,2.0,0.5,0.30215,0.70624,65715
STARE,4.0,A_dice,A_dice_s2,2,im0240,oracle,2.0,1.0,0.31568,0.58858,89319
STARE,4.0,A_dice,A_dice_s2,2,im0255,raw,0.0,0.0,0.35866,0.83097,29933
STARE,4.0,A_dice,A_dice_s2,2,im0255,isotropic,0.25,0.25,0.67029,0.8183,46914
STARE,4.0,A_dice,A_dice_s2,2,im0255,isotropic,0.5,0.5,0.716,0.69818,63564
STARE,4.0,A_dice,A_dice_s2,2,im0255,isotropic,0.75,0.75,0.73576,0.59342,82481
STARE,4.0,A_dice,A_dice_s2,2,im0255,isotropic,1.0,1.0,0.77873,0.52682,98470
STARE,4.0,A_dice,A_dice_s2,2,im0255,isotropic,1.5,1.5,0.81165,0.42323,133613
STARE,4.0,A_dice,A_dice_s2,2,im0255,oracle,0.0,0.25,0.35866,0.83097,29933
STARE,4.0,A_dice,A_dice_s2,2,im0255,oracle,0.0,0.5,0.51612,0.79419,45818
STARE,4.0,A_dice,A_dice_s2,2,im0255,oracle,0.0,1.0,0.66457,0.6029,78766
STARE,4.0,A_dice,A_dice_s2,2,im0255,oracle,0.5,0.0,0.47892,0.84779,33072
STARE,4.0,A_dice,A_dice_s2,2,im0255,oracle,0.5,0.25,0.68034,0.81824,47079
STARE,4.0,A_dice,A_dice_s2,2,im0255,oracle,0.5,0.5,0.71473,0.70639,62285
STARE,4.0,A_dice,A_dice_s2,2,im0255,oracle,0.5,1.0,0.72963,0.55659,90144
STARE,4.0,A_dice,A_dice_s2,2,im0255,oracle,1.0,0.0,0.62334,0.85313,39276
STARE,4.0,A_dice,A_dice_s2,2,im0255,oracle,1.0,0.25,0.71209,0.80896,49083
STARE,4.0,A_dice,A_dice_s2,2,im0255,oracle,1.0,0.5,0.75547,0.69102,65393
STARE,4.0,A_dice,A_dice_s2,2,im0255,oracle,1.0,1.0,0.77839,0.52916,97843
STARE,4.0,A_dice,A_dice_s2,2,im0255,oracle,1.5,0.0,0.66606,0.84203,42633
STARE,4.0,A_dice,A_dice_s2,2,im0255,oracle,1.5,0.25,0.74412,0.78069,53124
STARE,4.0,A_dice,A_dice_s2,2,im0255,oracle,1.5,0.5,0.77856,0.67443,68599
STARE,4.0,A_dice,A_dice_s2,2,im0255,oracle,1.5,1.0,0.79628,0.51861,101426
STARE,4.0,A_dice,A_dice_s2,2,im0255,oracle,2.0,0.0,0.72764,0.7915,49986
STARE,4.0,A_dice,A_dice_s2,2,im0255,oracle,2.0,0.25,0.77194,0.73544,59438
STARE,4.0,A_dice,A_dice_s2,2,im0255,oracle,2.0,0.5,0.79208,0.64046,74759
STARE,4.0,A_dice,A_dice_s2,2,im0255,oracle,2.0,1.0,0.81131,0.50788,105001
STARE,4.0,A_dice,A_dice_s2,2,im0291,raw,0.0,0.0,0.0811,0.80975,16999
STARE,4.0,A_dice,A_dice_s2,2,im0291,isotropic,0.25,0.25,0.2255,0.79222,24925
STARE,4.0,A_dice,A_dice_s2,2,im0291,isotropic,0.5,0.5,0.55187,0.69764,32782
STARE,4.0,A_dice,A_dice_s2,2,im0291,isotropic,0.75,0.75,0.58299,0.60403,41953
STARE,4.0,A_dice,A_dice_s2,2,im0291,isotropic,1.0,1.0,0.61416,0.54312,49653
STARE,4.0,A_dice,A_dice_s2,2,im0291,isotropic,1.5,1.5,0.63487,0.44273,67070
STARE,4.0,A_dice,A_dice_s2,2,im0291,oracle,0.0,0.25,0.0811,0.80975,16999
STARE,4.0,A_dice,A_dice_s2,2,im0291,oracle,0.0,0.5,0.17895,0.77533,24787
STARE,4.0,A_dice,A_dice_s2,2,im0291,oracle,0.0,1.0,0.47045,0.60794,40526
STARE,4.0,A_dice,A_dice_s2,2,im0291,oracle,0.5,0.0,0.20013,0.82427,18438
STARE,4.0,A_dice,A_dice_s2,2,im0291,oracle,0.5,0.25,0.23296,0.79294,24984
STARE,4.0,A_dice,A_dice_s2,2,im0291,oracle,0.5,0.5,0.55157,0.70021,32523
STARE,4.0,A_dice,A_dice_s2,2,im0291,oracle,0.5,1.0,0.55926,0.56814,45728
STARE,4.0,A_dice,A_dice_s2,2,im0291,oracle,1.0,0.0,0.23819,0.82924,21192
STARE,4.0,A_dice,A_dice_s2,2,im0291,oracle,1.0,0.25,0.29762,0.79466,25792
STARE,4.0,A_dice,A_dice_s2,2,im0291,oracle,1.0,0.5,0.56227,0.69561,33541
STARE,4.0,A_dice,A_dice_s2,2,im0291,oracle,1.0,1.0,0.61385,0.54399,49536
STARE,4.0,A_dice,A_dice_s2,2,im0291,oracle,1.5,0.0,0.28044,0.8289,22621
STARE,4.0,A_dice,A_dice_s2,2,im0291,oracle,1.5,0.25,0.31065,0.78249,27206
STARE,4.0,A_dice,A_dice_s2,2,im0291,oracle,1.5,0.5,0.6053,0.69005,34584
STARE,4.0,A_dice,A_dice_s2,2,im0291,oracle,1.5,1.0,0.62637,0.539,50846
STARE,4.0,A_dice,A_dice_s2,2,im0291,oracle,2.0,0.0,0.53786,0.80531,25091
STARE,4.0,A_dice,A_dice_s2,2,im0291,oracle,2.0,0.25,0.61798,0.76189,29143
STARE,4.0,A_dice,A_dice_s2,2,im0291,oracle,2.0,0.5,0.62579,0.67077,36706
STARE,4.0,A_dice,A_dice_s2,2,im0291,oracle,2.0,1.0,0.63648,0.53544,51957
STARE,4.0,A_dice,A_dice_s2,2,im0319,raw,0.0,0.0,0.05109,0.76131,16172
STARE,4.0,A_dice,A_dice_s2,2,im0319,isotropic,0.25,0.25,0.12699,0.70787,23873
STARE,4.0,A_dice,A_dice_s2,2,im0319,isotropic,0.5,0.5,0.13887,0.62038,31637
STARE,4.0,A_dice,A_dice_s2,2,im0319,isotropic,0.75,0.75,0.17086,0.53811,40732
STARE,4.0,A_dice,A_dice_s2,2,im0319,isotropic,1.0,1.0,0.17439,0.48131,48726
STARE,4.0,A_dice,A_dice_s2,2,im0319,isotropic,1.5,1.5,0.21359,0.38629,67239
STARE,4.0,A_dice,A_dice_s2,2,im0319,oracle,0.0,0.25,0.05109,0.76131,16172
STARE,4.0,A_dice,A_dice_s2,2,im0319,oracle,0.0,0.5,0.06426,0.69769,23180
STARE,4.0,A_dice,A_dice_s2,2,im0319,oracle,0.0,1.0,0.11543,0.54159,38588
STARE,4.0,A_dice,A_dice_s2,2,im0319,oracle,0.5,0.0,0.05741,0.76207,17736
STARE,4.0,A_dice,A_dice_s2,2,im0319,oracle,0.5,0.25,0.12798,0.70852,23964
STARE,4.0,A_dice,A_dice_s2,2,im0319,oracle,0.5,0.5,0.13886,0.62331,31329
STARE,4.0,A_dice,A_dice_s2,2,im0319,oracle,0.5,1.0,0.16931,0.50616,44079
STARE,4.0,A_dice,A_dice_s2,2,im0319,oracle,1.0,0.0,0.09039,0.75089,20887
STARE,4.0,A_dice,A_dice_s2,2,im0319,oracle,1.0,0.25,0.14527,0.70533,25281
STARE,4.0,A_dice,A_dice_s2,2,im0319,oracle,1.0,0.5,0.15583,0.61656,32884
STARE,4.0,A_dice,A_dice_s2,2,im0319,oracle,1.0,1.0,0.17424,0.48224,48568
STARE,4.0,A_dice,A_dice_s2,2,im0319,oracle,1.5,0.0,0.14591,0.74232,22500
STARE,4.0,A_dice,A_dice_s2,2,im0319,oracle,1.5,0.25,0.14987,0.68709,27385
STARE,4.0,A_dice,A_dice_s2,2,im0319,oracle,1.5,0.5,0.15949,0.60766,34607
STARE,4.0,A_dice,A_dice_s2,2,im0319,oracle,1.5,1.0,0.19508,0.47613,50589
STARE,4.0,A_dice,A_dice_s2,2,im0319,oracle,2.0,0.0,0.15121,0.70663,25798
STARE,4.0,A_dice,A_dice_s2,2,im0319,oracle,2.0,0.25,0.15987,0.65837,30290
STARE,4.0,A_dice,A_dice_s2,2,im0319,oracle,2.0,0.5,0.18497,0.58461,37645
STARE,4.0,A_dice,A_dice_s2,2,im0319,oracle,2.0,1.0,0.21396,0.46788,52825
STARE,4.0,A_dice,A_dice_s2,2,im0324,raw,0.0,0.0,0.02992,0.69999,20920
STARE,4.0,A_dice,A_dice_s2,2,im0324,isotropic,0.25,0.25,0.06318,0.69357,28489
STARE,4.0,A_dice,A_dice_s2,2,im0324,isotropic,0.5,0.5,0.12254,0.64578,36055
STARE,4.0,A_dice,A_dice_s2,2,im0324,isotropic,0.75,0.75,0.1299,0.59009,44768
STARE,4.0,A_dice,A_dice_s2,2,im0324,isotropic,1.0,1.0,0.14222,0.54543,52523
STARE,4.0,A_dice,A_dice_s2,2,im0324,isotropic,1.5,1.5,0.24996,0.46504,70174
STARE,4.0,A_dice,A_dice_s2,2,im0324,oracle,0.0,0.25,0.02992,0.69999,20920
STARE,4.0,A_dice,A_dice_s2,2,im0324,oracle,0.0,0.5,0.04775,0.68099,27461
STARE,4.0,A_dice,A_dice_s2,2,im0324,oracle,0.0,1.0,0.12315,0.58937,42493
STARE,4.0,A_dice,A_dice_s2,2,im0324,oracle,0.5,0.0,0.03151,0.707,22551
STARE,4.0,A_dice,A_dice_s2,2,im0324,oracle,0.5,0.25,0.06348,0.69445,28624
STARE,4.0,A_dice,A_dice_s2,2,im0324,oracle,0.5,0.5,0.12253,0.64837,35625
STARE,4.0,A_dice,A_dice_s2,2,im0324,oracle,0.5,1.0,0.1295,0.56544,47662
STARE,4.0,A_dice,A_dice_s2,2,im0324,oracle,1.0,0.0,0.11595,0.71426,25960
STARE,4.0,A_dice,A_dice_s2,2,im0324,oracle,1.0,0.25,0.12306,0.698,30195
STARE,4.0,A_dice,A_dice_s2,2,im0324,oracle,1.0,0.5,0.12643,0.64638,37499
STARE,4.0,A_dice,A_dice_s2,2,im0324,oracle,1.0,1.0,0.14222,0.54674,52286
STARE,4.0,A_dice,A_dice_s2,2,im0324,oracle,1.5,0.0,0.11988,0.71569,27509
STARE,4.0,A_dice,A_dice_s2,2,im0324,oracle,1.5,0.25,0.12558,0.69323,32426
STARE,4.0,A_dice,A_dice_s2,2,im0324,oracle,1.5,0.5,0.13946,0.6456,39292
STARE,4.0,A_dice,A_dice_s2,2,im0324,oracle,1.5,1.0,0.14584,0.54315,54497
STARE,4.0,A_dice,A_dice_s2,2,im0324,oracle,2.0,0.0,0.142,0.70635,30585
STARE,4.0,A_dice,A_dice_s2,2,im0324,oracle,2.0,0.25,0.14622,0.68352,35161
STARE,4.0,A_dice,A_dice_s2,2,im0324,oracle,2.0,0.5,0.14904,0.63393,42109
STARE,4.0,A_dice,A_dice_s2,2,im0324,oracle,2.0,1.0,0.15663,0.53977,56698
